DF-ISE text

Info {
  version = 1.0
  type    = dataset
  dimension   = 2
  nb_vertices = 7995
  nb_edges    = 23610
  nb_faces    = 0
  nb_elements = 16002
  nb_regions  = 7
  datasets    = [ "DopingConcentration" "NitrogenActiveConcentration" "PMIUserField0" "AluminumActiveConcentration" "DopingConcentration" "NitrogenActiveConcentration" "PMIUserField0" "AluminumActiveConcentration" "DopingConcentration" "NitrogenActiveConcentration" "PMIUserField0" "AluminumActiveConcentration" "OpticalGeneration" ]
  functions   = [ DopingConcentration NitrogenActiveConcentration PMIUserField0 AluminumActiveConcentration DopingConcentration NitrogenActiveConcentration PMIUserField0 AluminumActiveConcentration DopingConcentration NitrogenActiveConcentration PMIUserField0 AluminumActiveConcentration OpticalGeneration ]
}

Data {

  Dataset ("DopingConcentration") {
    function  = DopingConcentration
    type      = scalar
    dimension = 1
    location  = vertex
    validity  = [ "n_plus" ]
    Values (2405) {
 1.000000560000002e+19 1.000000000000005e+19 1.000000000000005e+19 1.000000560000002e+19 1.000000000000005e+19 1.000000560000002e+19 1.000000000000005e+19 1.000000560000002e+19 1.000000000000005e+19 1.000000000000005e+19
 1.000000000000005e+19 1.000000000000005e+19 1.000000000000005e+19 1.000000000000005e+19 1.000000000000005e+19 1.000000000000005e+19 1.000000000000005e+19 1.000000000000005e+19 1.000000000000005e+19 1.000000560000002e+19
 1.000000000000005e+19 1.000000560000002e+19 1.000000000000005e+19 1.000000560000002e+19 1.000000000000005e+19 1.000000560000002e+19 1.000000000000005e+19 1.000000000000005e+19 1.000000000000005e+19 1.000000000000005e+19
 1.000000000000005e+19 1.000000000000005e+19 1.000000000000005e+19 1.000000000000005e+19 1.000000000000005e+19 1.000000000000005e+19 1.000000000000005e+19 1.000000000000005e+19 1.000000000000005e+19 1.000000000000005e+19
 1.000000000000005e+19 1.000000000000005e+19 1.000000000000005e+19 1.000000000000005e+19 1.000000000000005e+19 1.000000000000005e+19 1.000000000000005e+19 1.000000000000005e+19 1.000000000000005e+19 1.000000000000005e+19
 1.000000000000005e+19 1.000000000000005e+19 1.000000000000005e+19 1.000000000000005e+19 1.000000000000005e+19 1.000000000000005e+19 1.000000000000005e+19 1.000000000000005e+19 1.000000000000005e+19 1.000000000000005e+19
 1.000000000000005e+19 1.000000000000005e+19 1.000000000000005e+19 1.000000000000005e+19 1.000000000000005e+19 1.000000000000005e+19 1.000000000000005e+19 1.000000000000005e+19 1.000000000000005e+19 1.000000000000005e+19
 1.000000000000005e+19 1.000000000000005e+19 1.000000000000005e+19 1.000000000000005e+19 1.000000000000005e+19 1.000000000000005e+19 1.000000000000005e+19 1.000000000000005e+19 1.000000000000005e+19 1.000000000000005e+19
 1.000000000000005e+19 1.000000000000005e+19 1.000000000000005e+19 1.000000000000005e+19 1.000000000000005e+19 1.000000000000005e+19 1.000000000000005e+19 1.000000000000005e+19 1.000000000000005e+19 1.000000000000005e+19
 1.000000000000005e+19 1.000000000000005e+19 1.000000000000005e+19 1.000000000000005e+19 1.000000000000005e+19 1.000000000000005e+19 1.000000000000005e+19 1.000000000000005e+19 1.000000000000005e+19 1.000000000000005e+19
 1.000000000000005e+19 1.000000000000005e+19 1.000000000000005e+19 1.000000000000005e+19 1.000000000000005e+19 1.000000000000005e+19 1.000000000000005e+19 1.000000560000002e+19 1.000000000000005e+19 1.000000560000002e+19
 1.000000000000005e+19 1.000000560000002e+19 1.000000000000005e+19 1.000000560000002e+19 1.000000000000005e+19 1.000000000000005e+19 1.000000000000005e+19 1.000000000000005e+19 1.000000000000005e+19 1.000000000000005e+19
 1.000000000000005e+19 1.000000000000005e+19 1.000000000000005e+19 1.000000000000005e+19 1.000000000000005e+19 1.000000000000005e+19 1.000000000000005e+19 1.000000000000005e+19 1.000000000000005e+19 1.000000000000005e+19
 1.000000000000005e+19 1.000000000000005e+19 1.000000000000005e+19 1.000000000000005e+19 1.000000000000005e+19 1.000000000000005e+19 1.000000000000005e+19 1.000000000000005e+19 1.000000000000005e+19 1.000000000000005e+19
 1.000000000000005e+19 1.000000000000005e+19 1.000000000000005e+19 1.000000000000005e+19 1.000000000000005e+19 1.000000000000005e+19 1.000000000000005e+19 1.000000000000005e+19 1.000000000000005e+19 1.000000000000005e+19
 1.000000000000005e+19 1.000000000000005e+19 1.000000000000005e+19 1.000000000000005e+19 1.000000000000005e+19 1.000000560000002e+19 1.000000000000005e+19 1.000000560000002e+19 1.000000000000005e+19 1.000000560000002e+19
 1.000000000000005e+19 1.000000560000002e+19 1.000000000000005e+19 1.000000000000005e+19 1.000000000000005e+19 1.000000000000005e+19 1.000000000000005e+19 1.000000000000005e+19 1.000000000000005e+19 1.000000000000005e+19
 1.000000000000005e+19 1.000000000000005e+19 1.000000000000005e+19 1.000000000000005e+19 1.000000000000005e+19 1.000000000000005e+19 1.000000000000005e+19 1.000000000000005e+19 1.000000000000005e+19 1.000000000000005e+19
 1.000000000000005e+19 1.000000000000005e+19 1.000000000000005e+19 1.000000000000005e+19 1.000000000000005e+19 1.000000000000005e+19 1.000000000000005e+19 1.000000000000005e+19 1.000000000000005e+19 1.000000000000005e+19
 1.000000000000005e+19 1.000000000000005e+19 1.000000000000005e+19 1.000000000000005e+19 1.000000000000005e+19 1.000000000000005e+19 1.000000000000005e+19 1.000000000000005e+19 1.000000000000005e+19 1.000000000000005e+19
 1.000000000000005e+19 1.000000000000005e+19 1.000000000000005e+19 1.000000000000005e+19 1.000000000000005e+19 1.000000000000005e+19 1.000000000000005e+19 1.000000000000005e+19 1.000000000000005e+19 1.000000000000005e+19
 1.000000000000005e+19 1.000000000000005e+19 1.000000000000005e+19 1.000000000000005e+19 1.000000000000005e+19 1.000000000000005e+19 1.000000000000005e+19 1.000000000000005e+19 1.000000000000005e+19 1.000000000000005e+19
 1.000000000000005e+19 1.000000000000005e+19 1.000000000000005e+19 1.000000000000005e+19 1.000000000000005e+19 1.000000000000005e+19 1.000000000000005e+19 1.000000000000005e+19 1.000000000000005e+19 1.000000000000005e+19
 1.000000000000005e+19 1.000000000000005e+19 1.000000000000005e+19 1.000000000000005e+19 1.000000000000005e+19 1.000000000000005e+19 1.000000000000005e+19 1.000000000000005e+19 1.000000000000005e+19 1.000000000000005e+19
 1.000000000000005e+19 1.000000000000005e+19 1.000000000000005e+19 1.000000000000005e+19 1.000000000000005e+19 1.000000000000005e+19 1.000000000000005e+19 1.000000000000005e+19 1.000000000000005e+19 1.000000000000005e+19
 1.000000000000005e+19 1.000000000000005e+19 1.000000000000005e+19 1.000000000000005e+19 1.000000000000005e+19 1.000000000000005e+19 1.000000000000005e+19 1.000000000000005e+19 1.000000000000005e+19 1.000000000000005e+19
 1.000000000000005e+19 1.000000000000005e+19 1.000000000000005e+19 1.000000000000005e+19 1.000000000000005e+19 1.000000000000005e+19 1.000000000000005e+19 1.000000000000005e+19 1.000000000000005e+19 1.000000000000005e+19
 1.000000000000005e+19 1.000000000000005e+19 1.000000000000005e+19 1.000000000000005e+19 1.000000000000005e+19 1.000000000000005e+19 1.000000000000005e+19 1.000000000000005e+19 1.000000000000005e+19 1.000000000000005e+19
 1.000000000000005e+19 1.000000000000005e+19 1.000000000000005e+19 1.000000000000005e+19 1.000000000000005e+19 1.000000000000005e+19 1.000000000000005e+19 1.000000000000005e+19 1.000000000000005e+19 1.000000000000005e+19
 1.000000000000005e+19 1.000000000000005e+19 1.000000000000005e+19 1.000000000000005e+19 1.000000000000005e+19 1.000000000000005e+19 1.000000000000005e+19 1.000000000000005e+19 1.000000000000005e+19 1.000000000000005e+19
 1.000000000000005e+19 1.000000000000005e+19 1.000000000000005e+19 1.000000000000005e+19 1.000000000000005e+19 1.000000000000005e+19 1.000000000000005e+19 1.000000000000005e+19 1.000000000000005e+19 1.000000000000005e+19
 1.000000000000005e+19 1.000000000000005e+19 1.000000000000005e+19 1.000000000000005e+19 1.000000000000005e+19 1.000000000000005e+19 1.000000000000005e+19 1.000000000000005e+19 1.000000000000005e+19 1.000000000000005e+19
 1.000000000000005e+19 1.000000000000005e+19 1.000000000000005e+19 1.000000000000005e+19 1.000000000000005e+19 1.000000000000005e+19 1.000000000000005e+19 1.000000000000005e+19 1.000000000000005e+19 1.000000000000005e+19
 1.000000000000005e+19 1.000000000000005e+19 1.000000000000005e+19 1.000000000000005e+19 1.000000000000005e+19 1.000000000000005e+19 1.000000000000005e+19 1.000000000000005e+19 1.000000000000005e+19 1.000000000000005e+19
 1.000000000000005e+19 1.000000000000005e+19 1.000000000000005e+19 1.000000000000005e+19 1.000000000000005e+19 1.000000000000005e+19 1.000000000000005e+19 1.000000000000005e+19 1.000000000000005e+19 1.000000000000005e+19
 1.000000000000005e+19 1.000000000000005e+19 1.000000000000005e+19 1.000000000000005e+19 1.000000000000005e+19 1.000000000000005e+19 1.000000560000002e+19 1.000000000000005e+19 1.000000560000002e+19 1.000000000000005e+19
 1.000000560000002e+19 1.000000000000005e+19 1.000000560000002e+19 1.000000000000005e+19 1.000000000000005e+19 1.000000000000005e+19 1.000000000000005e+19 1.000000000000005e+19 1.000000000000005e+19 1.000000000000005e+19
 1.000000000000005e+19 1.000000000000005e+19 1.000000000000005e+19 1.000000000000005e+19 1.000000000000005e+19 1.000000000000005e+19 1.000000000000005e+19 1.000000000000005e+19 1.000000000000005e+19 1.000000000000005e+19
 1.000000000000005e+19 1.000000000000005e+19 1.000000000000005e+19 1.000000000000005e+19 1.000000000000005e+19 1.000000000000005e+19 1.000000000000005e+19 1.000000000000005e+19 1.000000000000005e+19 1.000000000000005e+19
 1.000000000000005e+19 1.000000000000005e+19 1.000000000000005e+19 1.000000000000005e+19 1.000000000000005e+19 1.000000000000005e+19 1.000000000000005e+19 1.000000000000005e+19 1.000000000000005e+19 1.000000000000005e+19
 1.000000000000005e+19 1.000000000000005e+19 1.000000000000005e+19 1.000000000000005e+19 1.000000560000002e+19 1.000000000000005e+19 1.000000560000002e+19 1.000000000000005e+19 1.000000560000002e+19 1.000000000000005e+19
 1.000000560000002e+19 1.000000000000005e+19 1.000000000000005e+19 1.000000000000005e+19 1.000000000000005e+19 1.000000000000005e+19 1.000000000000005e+19 1.000000000000005e+19 1.000000000000005e+19 1.000000000000005e+19
 1.000000000000005e+19 1.000000000000005e+19 1.000000000000005e+19 1.000000000000005e+19 1.000000000000005e+19 1.000000000000005e+19 1.000000000000005e+19 1.000000000000005e+19 1.000000000000005e+19 1.000000000000005e+19
 1.000000000000005e+19 1.000000000000005e+19 1.000000000000005e+19 1.000000000000005e+19 1.000000000000005e+19 1.000000000000005e+19 1.000000000000005e+19 1.000000000000005e+19 1.000000000000005e+19 1.000000000000005e+19
 1.000000000000005e+19 1.000000000000005e+19 1.000000000000005e+19 1.000000000000005e+19 1.000000000000005e+19 1.000000000000005e+19 1.000000000000005e+19 1.000000000000005e+19 1.000000000000005e+19 1.000000000000005e+19
 1.000000000000005e+19 1.000000000000005e+19 1.000000000000005e+19 1.000000000000005e+19 1.000000000000005e+19 1.000000000000005e+19 1.000000000000005e+19 1.000000000000005e+19 1.000000000000005e+19 1.000000000000005e+19
 1.000000000000005e+19 1.000000000000005e+19 1.000000000000005e+19 1.000000000000005e+19 1.000000000000005e+19 1.000000000000005e+19 1.000000000000005e+19 1.000000000000005e+19 1.000000000000005e+19 1.000000000000005e+19
 1.000000000000005e+19 1.000000000000005e+19 1.000000000000005e+19 1.000000000000005e+19 1.000000000000005e+19 1.000000000000005e+19 1.000000000000005e+19 1.000000000000005e+19 1.000000000000005e+19 1.000000000000005e+19
 1.000000000000005e+19 1.000000000000005e+19 1.000000000000005e+19 1.000000000000005e+19 1.000000000000005e+19 1.000000000000005e+19 1.000000000000005e+19 1.000000000000005e+19 1.000000000000005e+19 1.000000000000005e+19
 1.000000000000005e+19 1.000000000000005e+19 1.000000000000005e+19 1.000000000000005e+19 1.000000000000005e+19 1.000000000000005e+19 1.000000000000005e+19 1.000000000000005e+19 1.000000000000005e+19 1.000000000000005e+19
 1.000000000000005e+19 1.000000000000005e+19 1.000000000000005e+19 1.000000000000005e+19 1.000000000000005e+19 1.000000000000005e+19 1.000000000000005e+19 1.000000000000005e+19 1.000000000000005e+19 1.000000000000005e+19
 1.000000000000005e+19 1.000000000000005e+19 1.000000000000005e+19 1.000000000000005e+19 1.000000000000005e+19 1.000000000000005e+19 1.000000000000005e+19 1.000000000000005e+19 1.000000000000005e+19 1.000000000000005e+19
 1.000000000000005e+19 1.000000000000005e+19 1.000000000000005e+19 1.000000000000005e+19 1.000000560000002e+19 1.000000000000005e+19 1.000000560000002e+19 1.000000000000005e+19 1.000000560000002e+19 1.000000000000005e+19
 1.000000560000002e+19 1.000000000000005e+19 1.000000000000005e+19 1.000000000000005e+19 1.000000000000005e+19 1.000000000000005e+19 1.000000000000005e+19 1.000000000000005e+19 1.000000000000005e+19 1.000000000000005e+19
 1.000000000000005e+19 1.000000000000005e+19 1.000000000000005e+19 1.000000000000005e+19 1.000000000000005e+19 1.000000000000005e+19 1.000000000000005e+19 1.000000000000005e+19 1.000000000000005e+19 1.000000000000005e+19
 1.000000000000005e+19 1.000000000000005e+19 1.000000000000005e+19 1.000000000000005e+19 1.000000000000005e+19 1.000000000000005e+19 1.000000000000005e+19 1.000000000000005e+19 1.000000000000005e+19 1.000000000000005e+19
 1.000000000000005e+19 1.000000000000005e+19 1.000000000000005e+19 1.000000000000005e+19 1.000000000000005e+19 1.000000000000005e+19 1.000000000000005e+19 1.000000000000005e+19 1.000000000000005e+19 1.000000000000005e+19
 1.000000000000005e+19 1.000000000000005e+19 1.000000000000005e+19 1.000000000000005e+19 1.000000000000005e+19 1.000000000000005e+19 1.000000000000005e+19 1.000000000000005e+19 1.000000000000005e+19 1.000000000000005e+19
 1.000000000000005e+19 1.000000000000005e+19 1.000000000000005e+19 1.000000000000005e+19 1.000000000000005e+19 1.000000000000005e+19 1.000000000000005e+19 1.000000000000005e+19 1.000000000000005e+19 1.000000000000005e+19
 1.000000000000005e+19 1.000000000000005e+19 1.000000000000005e+19 1.000000000000005e+19 1.000000000000005e+19 1.000000000000005e+19 1.000000000000005e+19 1.000000000000005e+19 1.000000000000005e+19 1.000000000000005e+19
 1.000000000000005e+19 1.000000000000005e+19 1.000000000000005e+19 1.000000000000005e+19 1.000000000000005e+19 1.000000000000005e+19 1.000000000000005e+19 1.000000000000005e+19 1.000000560000002e+19 1.000000000000005e+19
 1.000000560000002e+19 1.000000000000005e+19 1.000000560000002e+19 1.000000000000005e+19 1.000000560000002e+19 1.000000000000005e+19 1.000000000000005e+19 1.000000000000005e+19 1.000000000000005e+19 1.000000000000005e+19
 1.000000000000005e+19 1.000000000000005e+19 1.000000000000005e+19 1.000000000000005e+19 1.000000000000005e+19 1.000000000000005e+19 1.000000000000005e+19 1.000000000000005e+19 1.000000000000005e+19 1.000000000000005e+19
 1.000000000000005e+19 1.000000000000005e+19 1.000000000000005e+19 1.000000000000005e+19 1.000000000000005e+19 1.000000000000005e+19 1.000000000000005e+19 1.000000000000005e+19 1.000000000000005e+19 1.000000000000005e+19
 1.000000000000005e+19 1.000000000000005e+19 1.000000000000005e+19 1.000000000000005e+19 1.000000000000005e+19 1.000000000000005e+19 1.000000000000005e+19 1.000000000000005e+19 1.000000000000005e+19 1.000000000000005e+19
 1.000000000000005e+19 1.000000000000005e+19 1.000000000000005e+19 1.000000000000005e+19 1.000000000000005e+19 1.000000000000005e+19 1.000000000000005e+19 1.000000000000005e+19 1.000000000000005e+19 1.000000000000005e+19
 1.000000000000005e+19 1.000000000000005e+19 1.000000000000005e+19 1.000000000000005e+19 1.000000000000005e+19 1.000000000000005e+19 1.000000000000005e+19 1.000000000000005e+19 1.000000000000005e+19 1.000000000000005e+19
 1.000000000000005e+19 1.000000000000005e+19 1.000000000000005e+19 1.000000000000005e+19 1.000000000000005e+19 1.000000000000005e+19 1.000000000000005e+19 1.000000000000005e+19 1.000000000000005e+19 1.000000000000005e+19
 1.000000000000005e+19 1.000000000000005e+19 1.000000000000005e+19 1.000000000000005e+19 1.000000000000005e+19 1.000000000000005e+19 1.000000000000005e+19 1.000000000000005e+19 1.000000000000005e+19 1.000000000000005e+19
 1.000000000000005e+19 1.000000000000005e+19 1.000000000000005e+19 1.000000000000005e+19 1.000000000000005e+19 1.000000000000005e+19 1.000000000000005e+19 1.000000000000005e+19 1.000000000000005e+19 1.000000000000005e+19
 1.000000000000005e+19 1.000000000000005e+19 1.000000000000005e+19 1.000000000000005e+19 1.000000000000005e+19 1.000000000000005e+19 1.000000000000005e+19 1.000000000000005e+19 1.000000000000005e+19 1.000000000000005e+19
 1.000000000000005e+19 1.000000000000005e+19 1.000000000000005e+19 1.000000000000005e+19 1.000000000000005e+19 1.000000000000005e+19 1.000000000000005e+19 1.000000000000005e+19 1.000000000000005e+19 1.000000000000005e+19
 1.000000000000005e+19 1.000000000000005e+19 1.000000000000005e+19 1.000000000000005e+19 1.000000000000005e+19 1.000000000000005e+19 1.000000000000005e+19 1.000000000000005e+19 1.000000000000005e+19 1.000000000000005e+19
 1.000000000000005e+19 1.000000000000005e+19 1.000000000000005e+19 1.000000000000005e+19 1.000000000000005e+19 1.000000000000005e+19 1.000000000000005e+19 1.000000000000005e+19 1.000000000000005e+19 1.000000000000005e+19
 1.000000000000005e+19 1.000000000000005e+19 1.000000000000005e+19 1.000000000000005e+19 1.000000000000005e+19 1.000000000000005e+19 1.000000000000005e+19 1.000000000000005e+19 1.000000000000005e+19 1.000000000000005e+19
 1.000000000000005e+19 1.000000000000005e+19 1.000000000000005e+19 1.000000000000005e+19 1.000000000000005e+19 1.000000000000005e+19 1.000000000000005e+19 1.000000000000005e+19 1.000000000000005e+19 1.000000000000005e+19
 1.000000000000005e+19 1.000000000000005e+19 1.000000000000005e+19 1.000000000000005e+19 1.000000000000005e+19 1.000000000000005e+19 1.000000000000005e+19 1.000000000000005e+19 1.000000000000005e+19 1.000000000000005e+19
 1.000000000000005e+19 1.000000000000005e+19 1.000000000000005e+19 1.000000000000005e+19 1.000000000000005e+19 1.000000000000005e+19 1.000000000000005e+19 1.000000000000005e+19 1.000000000000005e+19 1.000000000000005e+19
 1.000000000000005e+19 1.000000000000005e+19 1.000000000000005e+19 1.000000000000005e+19 1.000000000000005e+19 1.000000000000005e+19 1.000000000000005e+19 1.000000000000005e+19 1.000000000000005e+19 1.000000000000005e+19
 1.000000000000005e+19 1.000000000000005e+19 1.000000000000005e+19 1.000000000000005e+19 1.000000000000005e+19 1.000000000000005e+19 1.000000000000005e+19 1.000000000000005e+19 1.000000000000005e+19 1.000000000000005e+19
 1.000000000000005e+19 1.000000000000005e+19 1.000000000000005e+19 1.000000000000005e+19 1.000000000000005e+19 1.000000000000005e+19 1.000000000000005e+19 1.000000000000005e+19 1.000000000000005e+19 1.000000000000005e+19
 1.000000000000005e+19 1.000000000000005e+19 1.000000000000005e+19 1.000000000000005e+19 1.000000000000005e+19 1.000000000000005e+19 1.000000000000005e+19 1.000000000000005e+19 1.000000000000005e+19 1.000000000000005e+19
 1.000000000000005e+19 1.000000000000005e+19 1.000000000000005e+19 1.000000000000005e+19 1.000000000000005e+19 1.000000000000005e+19 1.000000000000005e+19 1.000000000000005e+19 1.000000000000005e+19 1.000000000000005e+19
 1.000000000000005e+19 1.000000000000005e+19 1.000000000000005e+19 1.000000000000005e+19 1.000000000000005e+19 1.000000000000005e+19 1.000000000000005e+19 1.000000000000005e+19 1.000000000000005e+19 1.000000000000005e+19
 1.000000000000005e+19 1.000000000000005e+19 1.000000000000005e+19 1.000000000000005e+19 1.000000000000005e+19 1.000000000000005e+19 1.000000000000005e+19 1.000000000000005e+19 1.000000000000005e+19 1.000000000000005e+19
 1.000000000000005e+19 1.000000000000005e+19 1.000000000000005e+19 1.000000000000005e+19 1.000000000000005e+19 1.000000000000005e+19 1.000000000000005e+19 1.000000000000005e+19 1.000000000000005e+19 1.000000000000005e+19
 1.000000000000005e+19 1.000000000000005e+19 1.000000000000005e+19 1.000000000000005e+19 1.000000000000005e+19 1.000000000000005e+19 1.000000000000005e+19 1.000000000000005e+19 1.000000000000005e+19 1.000000000000005e+19
 1.000000000000005e+19 1.000000000000005e+19 1.000000000000005e+19 1.000000000000005e+19 1.000000000000005e+19 1.000000000000005e+19 1.000000000000005e+19 1.000000000000005e+19 1.000000000000005e+19 1.000000000000005e+19
 1.000000000000005e+19 1.000000000000005e+19 1.000000000000005e+19 1.000000000000005e+19 1.000000000000005e+19 1.000000000000005e+19 1.000000000000005e+19 1.000000000000005e+19 1.000000000000005e+19 1.000000000000005e+19
 1.000000000000005e+19 1.000000000000005e+19 1.000000000000005e+19 1.000000000000005e+19 1.000000000000005e+19 1.000000000000005e+19 1.000000000000005e+19 1.000000000000005e+19 1.000000000000005e+19 1.000000000000005e+19
 1.000000000000005e+19 1.000000000000005e+19 1.000000000000005e+19 1.000000000000005e+19 1.000000000000005e+19 1.000000000000005e+19 1.000000000000005e+19 1.000000000000005e+19 1.000000000000005e+19 1.000000000000005e+19
 1.000000000000005e+19 1.000000000000005e+19 1.000000000000005e+19 1.000000000000005e+19 1.000000000000005e+19 1.000000000000005e+19 1.000000000000005e+19 1.000000000000005e+19 1.000000000000005e+19 1.000000000000005e+19
 1.000000000000005e+19 1.000000000000005e+19 1.000000000000005e+19 1.000000000000005e+19 1.000000000000005e+19 1.000000000000005e+19 1.000000000000005e+19 1.000000000000005e+19 1.000000000000005e+19 1.000000000000005e+19
 1.000000000000005e+19 1.000000000000005e+19 1.000000000000005e+19 1.000000000000005e+19 1.000000000000005e+19 1.000000000000005e+19 1.000000000000005e+19 1.000000000000005e+19 1.000000000000005e+19 1.000000000000005e+19
 1.000000000000005e+19 1.000000000000005e+19 1.000000000000005e+19 1.000000000000005e+19 1.000000000000005e+19 1.000000000000005e+19 1.000000000000005e+19 1.000000000000005e+19 1.000000000000005e+19 1.000000000000005e+19
 1.000000000000005e+19 1.000000000000005e+19 1.000000000000005e+19 1.000000000000005e+19 1.000000000000005e+19 1.000000000000005e+19 1.000000000000005e+19 1.000000000000005e+19 1.000000000000005e+19 1.000000000000005e+19
 1.000000000000005e+19 1.000000000000005e+19 1.000000000000005e+19 1.000000000000005e+19 1.000000000000005e+19 1.000000000000005e+19 1.000000000000005e+19 1.000000000000005e+19 1.000000000000005e+19 1.000000000000005e+19
 1.000000000000005e+19 1.000000000000005e+19 1.000000000000005e+19 1.000000000000005e+19 1.000000000000005e+19 1.000000000000005e+19 1.000000000000005e+19 1.000000000000005e+19 1.000000000000005e+19 1.000000000000005e+19
 1.000000000000005e+19 1.000000000000005e+19 1.000000000000005e+19 1.000000000000005e+19 1.000000000000005e+19 1.000000000000005e+19 1.000000000000005e+19 1.000000000000005e+19 1.000000000000005e+19 1.000000000000005e+19
 1.000000000000005e+19 1.000000000000005e+19 1.000000000000005e+19 1.000000000000005e+19 1.000000000000005e+19 1.000000000000005e+19 1.000000000000005e+19 1.000000000000005e+19 1.000000000000005e+19 1.000000000000005e+19
 1.000000000000005e+19 1.000000000000005e+19 1.000000000000005e+19 1.000000000000005e+19 1.000000000000005e+19 1.000000000000005e+19 1.000000000000005e+19 1.000000000000005e+19 1.000000000000005e+19 1.000000000000005e+19
 1.000000000000005e+19 1.000000000000005e+19 1.000000000000005e+19 1.000000000000005e+19 1.000000000000005e+19 1.000000000000005e+19 1.000000000000005e+19 1.000000000000005e+19 1.000000000000005e+19 1.000000000000005e+19
 1.000000000000005e+19 1.000000000000005e+19 1.000000000000005e+19 1.000000000000005e+19 1.000000000000005e+19 1.000000000000005e+19 1.000000000000005e+19 1.000000000000005e+19 1.000000000000005e+19 1.000000000000005e+19
 1.000000000000005e+19 1.000000000000005e+19 1.000000000000005e+19 1.000000000000005e+19 1.000000000000005e+19 1.000000000000005e+19 1.000000000000005e+19 1.000000000000005e+19 1.000000000000005e+19 1.000000000000005e+19
 1.000000000000005e+19 1.000000000000005e+19 1.000000000000005e+19 1.000000000000005e+19 1.000000000000005e+19 1.000000000000005e+19 1.000000000000005e+19 1.000000000000005e+19 1.000000000000005e+19 1.000000000000005e+19
 1.000000000000005e+19 1.000000000000005e+19 1.000000000000005e+19 1.000000000000005e+19 1.000000000000005e+19 1.000000000000005e+19 1.000000000000005e+19 1.000000000000005e+19 1.000000000000005e+19 1.000000000000005e+19
 1.000000000000005e+19 1.000000000000005e+19 1.000000000000005e+19 1.000000000000005e+19 1.000000000000005e+19 1.000000000000005e+19 1.000000000000005e+19 1.000000000000005e+19 1.000000000000005e+19 1.000000000000005e+19
 1.000000000000005e+19 1.000000000000005e+19 1.000000000000005e+19 1.000000000000005e+19 1.000000000000005e+19 1.000000000000005e+19 1.000000000000005e+19 1.000000000000005e+19 1.000000000000005e+19 1.000000000000005e+19
 1.000000000000005e+19 1.000000000000005e+19 1.000000000000005e+19 1.000000000000005e+19 1.000000000000005e+19 1.000000000000005e+19 1.000000000000005e+19 1.000000000000005e+19 1.000000000000005e+19 1.000000000000005e+19
 1.000000000000005e+19 1.000000000000005e+19 1.000000000000005e+19 1.000000000000005e+19 1.000000000000005e+19 1.000000000000005e+19 1.000000000000005e+19 1.000000000000005e+19 1.000000000000005e+19 1.000000000000005e+19
 1.000000000000005e+19 1.000000000000005e+19 1.000000000000005e+19 1.000000000000005e+19 1.000000000000005e+19 1.000000000000005e+19 1.000000000000005e+19 1.000000000000005e+19 1.000000000000005e+19 1.000000000000005e+19
 1.000000000000005e+19 1.000000000000005e+19 1.000000000000005e+19 1.000000000000005e+19 1.000000000000005e+19 1.000000000000005e+19 1.000000000000005e+19 1.000000000000005e+19 1.000000000000005e+19 1.000000000000005e+19
 1.000000000000005e+19 1.000000000000005e+19 1.000000000000005e+19 1.000000000000005e+19 1.000000000000005e+19 1.000000000000005e+19 1.000000000000005e+19 1.000000000000005e+19 1.000000000000005e+19 1.000000000000005e+19
 1.000000000000005e+19 1.000000000000005e+19 1.000000000000005e+19 1.000000000000005e+19 1.000000000000005e+19 1.000000000000005e+19 1.000000000000005e+19 1.000000000000005e+19 1.000000000000005e+19 1.000000000000005e+19
 1.000000000000005e+19 1.000000000000005e+19 1.000000000000005e+19 1.000000000000005e+19 1.000000000000005e+19 1.000000000000005e+19 1.000000000000005e+19 1.000000000000005e+19 1.000000000000005e+19 1.000000000000005e+19
 1.000000000000005e+19 1.000000000000005e+19 1.000000000000005e+19 1.000000000000005e+19 1.000000000000005e+19 1.000000000000005e+19 1.000000000000005e+19 1.000000000000005e+19 1.000000000000005e+19 1.000000000000005e+19
 1.000000000000005e+19 1.000000000000005e+19 1.000000000000005e+19 1.000000000000005e+19 1.000000000000005e+19 1.000000000000005e+19 1.000000000000005e+19 1.000000000000005e+19 1.000000000000005e+19 1.000000000000005e+19
 1.000000000000005e+19 1.000000000000005e+19 1.000000000000005e+19 1.000000000000005e+19 1.000000000000005e+19 1.000000000000005e+19 1.000000000000005e+19 1.000000000000005e+19 1.000000000000005e+19 1.000000000000005e+19
 1.000000000000005e+19 1.000000000000005e+19 1.000000000000005e+19 1.000000000000005e+19 1.000000000000005e+19 1.000000000000005e+19 1.000000000000005e+19 1.000000000000005e+19 1.000000000000005e+19 1.000000000000005e+19
 1.000000000000005e+19 1.000000000000005e+19 1.000000000000005e+19 1.000000000000005e+19 1.000000000000005e+19 1.000000000000005e+19 1.000000000000005e+19 1.000000000000005e+19 1.000000000000005e+19 1.000000000000005e+19
 1.000000000000005e+19 1.000000000000005e+19 1.000000000000005e+19 1.000000000000005e+19 1.000000000000005e+19 1.000000000000005e+19 1.000000000000005e+19 1.000000000000005e+19 1.000000000000005e+19 1.000000000000005e+19
 1.000000000000005e+19 1.000000000000005e+19 1.000000000000005e+19 1.000000000000005e+19 1.000000000000005e+19 1.000000000000005e+19 1.000000000000005e+19 1.000000000000005e+19 1.000000000000005e+19 1.000000560000002e+19
 1.000000000000005e+19 1.000000560000002e+19 1.000000000000005e+19 1.000000560000002e+19 1.000000000000005e+19 1.000000560000002e+19 1.000000000000005e+19 1.000000000000005e+19 1.000000000000005e+19 1.000000000000005e+19
 1.000000000000005e+19 1.000000000000005e+19 1.000000000000005e+19 1.000000000000005e+19 1.000000000000005e+19 1.000000000000005e+19 1.000000000000005e+19 1.000000000000005e+19 1.000000000000005e+19 1.000000000000005e+19
 1.000000000000005e+19 1.000000000000005e+19 1.000000000000005e+19 1.000000000000005e+19 1.000000000000005e+19 1.000000000000005e+19 1.000000000000005e+19 1.000000000000005e+19 1.000000000000005e+19 1.000000000000005e+19
 1.000000000000005e+19 1.000000000000005e+19 1.000000000000005e+19 1.000000000000005e+19 1.000000000000005e+19 1.000000000000005e+19 1.000000000000005e+19 1.000000000000005e+19 1.000000000000005e+19 1.000000000000005e+19
 1.000000000000005e+19 1.000000000000005e+19 1.000000000000005e+19 1.000000000000005e+19 1.000000000000005e+19 1.000000000000005e+19 1.000000000000005e+19 1.000000560000002e+19 1.000000000000005e+19 1.000000560000002e+19
 1.000000000000005e+19 1.000000560000002e+19 1.000000000000005e+19 1.000000560000002e+19 1.000000000000005e+19 1.000000000000005e+19 1.000000000000005e+19 1.000000000000005e+19 1.000000000000005e+19 1.000000000000005e+19
 1.000000000000005e+19 1.000000000000005e+19 1.000000000000005e+19 1.000000000000005e+19 1.000000000000005e+19 1.000000000000005e+19 1.000000000000005e+19 1.000000000000005e+19 1.000000000000005e+19 1.000000000000005e+19
 1.000000000000005e+19 1.000000000000005e+19 1.000000000000005e+19 1.000000000000005e+19 1.000000000000005e+19 1.000000000000005e+19 1.000000000000005e+19 1.000000000000005e+19 1.000000000000005e+19 1.000000000000005e+19
 1.000000000000005e+19 1.000000000000005e+19 1.000000000000005e+19 1.000000000000005e+19 1.000000000000005e+19 1.000000000000005e+19 1.000000000000005e+19 1.000000000000005e+19 1.000000000000005e+19 1.000000000000005e+19
 1.000000000000005e+19 1.000000000000005e+19 1.000000000000005e+19 1.000000000000005e+19 1.000000000000005e+19 1.000000000000005e+19 1.000000000000005e+19 1.000000000000005e+19 1.000000000000005e+19 1.000000000000005e+19
 1.000000000000005e+19 1.000000000000005e+19 1.000000000000005e+19 1.000000000000005e+19 1.000000000000005e+19 1.000000000000005e+19 1.000000000000005e+19 1.000000000000005e+19 1.000000000000005e+19 1.000000000000005e+19
 1.000000000000005e+19 1.000000000000005e+19 1.000000000000005e+19 1.000000000000005e+19 1.000000000000005e+19 1.000000000000005e+19 1.000000000000005e+19 1.000000000000005e+19 1.000000000000005e+19 1.000000000000005e+19
 1.000000000000005e+19 1.000000000000005e+19 1.000000000000005e+19 1.000000000000005e+19 1.000000000000005e+19 1.000000000000005e+19 1.000000000000005e+19 1.000000000000005e+19 1.000000000000005e+19 1.000000000000005e+19
 1.000000000000005e+19 1.000000000000005e+19 1.000000000000005e+19 1.000000000000005e+19 1.000000000000005e+19 1.000000000000005e+19 1.000000000000005e+19 1.000000000000005e+19 1.000000000000005e+19 1.000000000000005e+19
 1.000000000000005e+19 1.000000000000005e+19 1.000000000000005e+19 1.000000000000005e+19 1.000000000000005e+19 1.000000000000005e+19 1.000000000000005e+19 1.000000000000005e+19 1.000000000000005e+19 1.000000000000005e+19
 1.000000000000005e+19 1.000000000000005e+19 1.000000000000005e+19 1.000000000000005e+19 1.000000000000005e+19 1.000000000000005e+19 1.000000000000005e+19 1.000000000000005e+19 1.000000000000005e+19 1.000000000000005e+19
 1.000000000000005e+19 1.000000000000005e+19 1.000000000000005e+19 1.000000000000005e+19 1.000000000000005e+19 1.000000000000005e+19 1.000000000000005e+19 1.000000560000002e+19 1.000000000000005e+19 1.000000560000002e+19
 1.000000000000005e+19 1.000000560000002e+19 1.000000000000005e+19 1.000000560000002e+19 1.000000000000005e+19 1.000000000000005e+19 1.000000000000005e+19 1.000000000000005e+19 1.000000000000005e+19 1.000000000000005e+19
 1.000000000000005e+19 1.000000000000005e+19 1.000000000000005e+19 1.000000000000005e+19 1.000000000000005e+19 1.000000000000005e+19 1.000000000000005e+19 1.000000000000005e+19 1.000000000000005e+19 1.000000000000005e+19
 1.000000000000005e+19 1.000000000000005e+19 1.000000000000005e+19 1.000000000000005e+19 1.000000000000005e+19 1.000000000000005e+19 1.000000000000005e+19 1.000000000000005e+19 1.000000000000005e+19 1.000000000000005e+19
 1.000000000000005e+19 1.000000000000005e+19 1.000000000000005e+19 1.000000000000005e+19 1.000000000000005e+19 1.000000000000005e+19 1.000000000000005e+19 1.000000000000005e+19 1.000000000000005e+19 1.000000000000005e+19
 1.000000000000005e+19 1.000000000000005e+19 1.000000000000005e+19 1.000000000000005e+19 1.000000000000005e+19 1.000000000000005e+19 1.000000000000005e+19 1.000000000000005e+19 1.000000000000005e+19 1.000000000000005e+19
 1.000000000000005e+19 1.000000000000005e+19 1.000000000000005e+19 1.000000000000005e+19 1.000000000000005e+19 1.000000000000005e+19 1.000000000000005e+19 1.000000000000005e+19 1.000000000000005e+19 1.000000000000005e+19
 1.000000000000005e+19 1.000000000000005e+19 1.000000000000005e+19 1.000000000000005e+19 1.000000000000005e+19 1.000000000000005e+19 1.000000000000005e+19 1.000000000000005e+19 1.000000000000005e+19 1.000000000000005e+19
 1.000000000000005e+19 1.000000000000005e+19 1.000000000000005e+19 1.000000000000005e+19 1.000000000000005e+19 1.000000000000005e+19 1.000000000000005e+19 1.000000000000005e+19 1.000000000000005e+19 1.000000000000005e+19
 1.000000000000005e+19 1.000000560000002e+19 1.000000000000005e+19 1.000000560000002e+19 1.000000000000005e+19 1.000000560000002e+19 1.000000000000005e+19 1.000000560000002e+19 1.000000000000005e+19 1.000000000000005e+19
 1.000000000000005e+19 1.000000000000005e+19 1.000000000000005e+19 1.000000000000005e+19 1.000000000000005e+19 1.000000000000005e+19 1.000000000000005e+19 1.000000000000005e+19 1.000000000000005e+19 1.000000000000005e+19
 1.000000000000005e+19 1.000000000000005e+19 1.000000000000005e+19 1.000000000000005e+19 1.000000000000005e+19 1.000000000000005e+19 1.000000000000005e+19 1.000000000000005e+19 1.000000000000005e+19 1.000000000000005e+19
 1.000000000000005e+19 1.000000000000005e+19 1.000000000000005e+19 1.000000000000005e+19 1.000000000000005e+19 1.000000000000005e+19 1.000000000000005e+19 1.000000000000005e+19 1.000000000000005e+19 1.000000000000005e+19
 1.000000000000005e+19 1.000000000000005e+19 1.000000000000005e+19 1.000000000000005e+19 1.000000000000005e+19 1.000000000000005e+19 1.000000000000005e+19 1.000000000000005e+19 1.000000000000005e+19 1.000000000000005e+19
 1.000000000000005e+19 1.000000000000005e+19 1.000000000000005e+19 1.000000000000005e+19 1.000000000000005e+19 1.000000000000005e+19 1.000000000000005e+19 1.000000000000005e+19 1.000000000000005e+19 1.000000000000005e+19
 1.000000000000005e+19 1.000000000000005e+19 1.000000000000005e+19 1.000000000000005e+19 1.000000000000005e+19 1.000000000000005e+19 1.000000000000005e+19 1.000000000000005e+19 1.000000000000005e+19 1.000000000000005e+19
 1.000000000000005e+19 1.000000000000005e+19 1.000000000000005e+19 1.000000000000005e+19 1.000000000000005e+19 1.000000000000005e+19 1.000000000000005e+19 1.000000000000005e+19 1.000000000000005e+19 1.000000000000005e+19
 1.000000000000005e+19 1.000000000000005e+19 1.000000000000005e+19 1.000000000000005e+19 1.000000000000005e+19 1.000000000000005e+19 1.000000000000005e+19 1.000000000000005e+19 1.000000000000005e+19 1.000000000000005e+19
 1.000000000000005e+19 1.000000000000005e+19 1.000000000000005e+19 1.000000000000005e+19 1.000000000000005e+19 1.000000000000005e+19 1.000000000000005e+19 1.000000000000005e+19 1.000000000000005e+19 1.000000000000005e+19
 1.000000000000005e+19 1.000000000000005e+19 1.000000000000005e+19 1.000000000000005e+19 1.000000000000005e+19 1.000000000000005e+19 1.000000000000005e+19 1.000000000000005e+19 1.000000000000005e+19 1.000000000000005e+19
 1.000000000000005e+19 1.000000000000005e+19 1.000000000000005e+19 1.000000000000005e+19 1.000000000000005e+19 1.000000000000005e+19 1.000000000000005e+19 1.000000000000005e+19 1.000000000000005e+19 1.000000000000005e+19
 1.000000000000005e+19 1.000000000000005e+19 1.000000000000005e+19 1.000000000000005e+19 1.000000000000005e+19 1.000000000000005e+19 1.000000000000005e+19 1.000000000000005e+19 1.000000000000005e+19 1.000000000000005e+19
 1.000000000000005e+19 1.000000000000005e+19 1.000000000000005e+19 1.000000000000005e+19 1.000000000000005e+19 1.000000000000005e+19 1.000000000000005e+19 1.000000000000005e+19 1.000000000000005e+19 1.000000000000005e+19
 1.000000000000005e+19 1.000000000000005e+19 1.000000000000005e+19 1.000000000000005e+19 1.000000000000005e+19 1.000000000000005e+19 1.000000000000005e+19 1.000000000000005e+19 1.000000000000005e+19 1.000000000000005e+19
 1.000000000000005e+19 1.000000000000005e+19 1.000000000000005e+19 1.000000000000005e+19 1.000000000000005e+19 1.000000000000005e+19 1.000000000000005e+19 1.000000000000005e+19 1.000000000000005e+19 1.000000000000005e+19
 1.000000000000005e+19 1.000000000000005e+19 1.000000000000005e+19 1.000000000000005e+19 1.000000000000005e+19 1.000000000000005e+19 1.000000000000005e+19 1.000000000000005e+19 1.000000000000005e+19 1.000000000000005e+19
 1.000000000000005e+19 1.000000000000005e+19 1.000000000000005e+19 1.000000000000005e+19 1.000000000000005e+19 1.000000000000005e+19 1.000000000000005e+19 1.000000000000005e+19 1.000000000000005e+19 1.000000000000005e+19
 1.000000000000005e+19 1.000000000000005e+19 1.000000000000005e+19 1.000000000000005e+19 1.000000000000005e+19 1.000000000000005e+19 1.000000000000005e+19 1.000000000000005e+19 1.000000000000005e+19 1.000000000000005e+19
 1.000000000000005e+19 1.000000000000005e+19 1.000000000000005e+19 1.000000000000005e+19 1.000000000000005e+19 1.000000000000005e+19 1.000000000000005e+19 1.000000000000005e+19 1.000000000000005e+19 1.000000000000005e+19
 1.000000000000005e+19 1.000000000000005e+19 1.000000000000005e+19 1.000000000000005e+19 1.000000000000005e+19 1.000000000000005e+19 1.000000000000005e+19 1.000000000000005e+19 1.000000000000005e+19 1.000000000000005e+19
 1.000000000000005e+19 1.000000000000005e+19 1.000000000000005e+19 1.000000000000005e+19 1.000000000000005e+19 1.000000000000005e+19 1.000000000000005e+19 1.000000000000005e+19 1.000000000000005e+19 1.000000000000005e+19
 1.000000000000005e+19 1.000000000000005e+19 1.000000000000005e+19 1.000000000000005e+19 1.000000000000005e+19 1.000000000000005e+19 1.000000000000005e+19 1.000000000000005e+19 1.000000000000005e+19 1.000000000000005e+19
 1.000000000000005e+19 1.000000000000005e+19 1.000000000000005e+19 1.000000000000005e+19 1.000000000000005e+19 1.000000000000005e+19 1.000000000000005e+19 1.000000000000005e+19 1.000000000000005e+19 1.000000000000005e+19
 1.000000000000005e+19 1.000000000000005e+19 1.000000000000005e+19 1.000000000000005e+19 1.000000000000005e+19 1.000000000000005e+19 1.000000000000005e+19 1.000000000000005e+19 1.000000000000005e+19 1.000000000000005e+19
 1.000000000000005e+19 1.000000000000005e+19 1.000000000000005e+19 1.000000000000005e+19 1.000000000000005e+19 1.000000000000005e+19 1.000000000000005e+19 1.000000000000005e+19 1.000000000000005e+19 1.000000000000005e+19
 1.000000000000005e+19 1.000000000000005e+19 1.000000000000005e+19 1.000000000000005e+19 1.000000000000005e+19 1.000000000000005e+19 1.000000000000005e+19 1.000000000000005e+19 1.000000000000005e+19 1.000000000000005e+19
 1.000000000000005e+19 1.000000000000005e+19 1.000000000000005e+19 1.000000000000005e+19 1.000000000000005e+19 1.000000000000005e+19 1.000000000000005e+19 1.000000000000005e+19 1.000000000000005e+19 1.000000000000005e+19
 1.000000000000005e+19 1.000000000000005e+19 1.000000000000005e+19 1.000000000000005e+19 1.000000000000005e+19 1.000000000000005e+19 1.000000000000005e+19 1.000000000000005e+19 1.000000000000005e+19 1.000000000000005e+19
 1.000000000000005e+19 1.000000000000005e+19 1.000000000000005e+19 1.000000000000005e+19 1.000000000000005e+19 1.000000000000005e+19 1.000000000000005e+19 1.000000000000005e+19 1.000000000000005e+19 1.000000000000005e+19
 1.000000000000005e+19 1.000000000000005e+19 1.000000000000005e+19 1.000000000000005e+19 1.000000000000005e+19 1.000000000000005e+19 1.000000000000005e+19 1.000000000000005e+19 1.000000000000005e+19 1.000000000000005e+19
 1.000000000000005e+19 1.000000000000005e+19 1.000000000000005e+19 1.000000000000005e+19 1.000000000000005e+19 1.000000000000005e+19 1.000000000000005e+19 1.000000000000005e+19 1.000000000000005e+19 1.000000000000005e+19
 1.000000000000005e+19 1.000000000000005e+19 1.000000000000005e+19 1.000000000000005e+19 1.000000000000005e+19 1.000000000000005e+19 1.000000000000005e+19 1.000000000000005e+19 1.000000000000005e+19 1.000000000000005e+19
 1.000000000000005e+19 1.000000000000005e+19 1.000000000000005e+19 1.000000000000005e+19 1.000000000000005e+19 1.000000000000005e+19 1.000000000000005e+19 1.000000000000005e+19 1.000000000000005e+19 1.000000000000005e+19
 1.000000000000005e+19 1.000000560000002e+19 1.000000000000005e+19 1.000000560000002e+19 1.000000000000005e+19 1.000000560000002e+19 1.000000000000005e+19 1.000000560000002e+19 1.000000000000005e+19 1.000000000000005e+19
 1.000000000000005e+19 1.000000000000005e+19 1.000000000000005e+19 1.000000000000005e+19 1.000000000000005e+19 1.000000000000005e+19 1.000000000000005e+19 1.000000000000005e+19 1.000000000000005e+19 1.000000000000005e+19
 1.000000000000005e+19 1.000000000000005e+19 1.000000000000005e+19 1.000000000000005e+19 1.000000000000005e+19 1.000000000000005e+19 1.000000000000005e+19 1.000000000000005e+19 1.000000000000005e+19 1.000000000000005e+19
 1.000000000000005e+19 1.000000000000005e+19 1.000000000000005e+19 1.000000000000005e+19 1.000000000000005e+19 1.000000000000005e+19 1.000000000000005e+19 1.000000000000005e+19 1.000000000000005e+19 1.000000000000005e+19
 1.000000000000005e+19 1.000000000000005e+19 1.000000000000005e+19 1.000000000000005e+19 1.000000000000005e+19 1.000000000000005e+19 1.000000000000005e+19 1.000000000000005e+19 1.000000000000005e+19 1.000000000000005e+19
 1.000000000000005e+19 1.000000000000005e+19 1.000000000000005e+19 1.000000000000005e+19 1.000000000000005e+19 1.000000000000005e+19 1.000000000000005e+19 1.000000000000005e+19 1.000000000000005e+19 1.000000000000005e+19
 1.000000000000005e+19 1.000000000000005e+19 1.000000000000005e+19 1.000000000000005e+19 1.000000000000005e+19 1.000000000000005e+19 1.000000000000005e+19 1.000000000000005e+19 1.000000000000005e+19 1.000000000000005e+19
 1.000000000000005e+19 1.000000000000005e+19 1.000000000000005e+19 1.000000000000005e+19 1.000000000000005e+19 1.000000000000005e+19 1.000000000000005e+19 1.000000000000005e+19 1.000000000000005e+19 1.000000000000005e+19
 1.000000000000005e+19 1.000000000000005e+19 1.000000000000005e+19 1.000000000000005e+19 1.000000000000005e+19 1.000000560000002e+19 1.000000000000005e+19 1.000000560000002e+19 1.000000000000005e+19 1.000000560000002e+19
 1.000000000000005e+19 1.000000560000002e+19 1.000000000000005e+19 1.000000000000005e+19 1.000000000000005e+19 1.000000000000005e+19 1.000000000000005e+19 1.000000000000005e+19 1.000000000000005e+19 1.000000000000005e+19
 1.000000000000005e+19 1.000000000000005e+19 1.000000000000005e+19 1.000000000000005e+19 1.000000000000005e+19 1.000000000000005e+19 1.000000000000005e+19 1.000000000000005e+19 1.000000000000005e+19 1.000000000000005e+19
 1.000000000000005e+19 1.000000000000005e+19 1.000000000000005e+19 1.000000000000005e+19 1.000000000000005e+19 1.000000000000005e+19 1.000000000000005e+19 1.000000000000005e+19 1.000000000000005e+19 1.000000000000005e+19
 1.000000000000005e+19 1.000000000000005e+19 1.000000000000005e+19 1.000000000000005e+19 1.000000000000005e+19 1.000000000000005e+19 1.000000000000005e+19 1.000000000000005e+19 1.000000000000005e+19 1.000000000000005e+19
 1.000000000000005e+19 1.000000000000005e+19 1.000000000000005e+19 1.000000000000005e+19 1.000000000000005e+19 1.000000000000005e+19 1.000000000000005e+19 1.000000000000005e+19 1.000000000000005e+19 1.000000000000005e+19
 1.000000000000005e+19 1.000000000000005e+19 1.000000000000005e+19 1.000000000000005e+19 1.000000000000005e+19 1.000000000000005e+19 1.000000000000005e+19 1.000000000000005e+19 1.000000000000005e+19 1.000000000000005e+19
 1.000000000000005e+19 1.000000000000005e+19 1.000000000000005e+19 1.000000000000005e+19 1.000000000000005e+19 1.000000000000005e+19 1.000000000000005e+19 1.000000000000005e+19 1.000000000000005e+19 1.000000000000005e+19
 1.000000000000005e+19 1.000000000000005e+19 1.000000000000005e+19 1.000000000000005e+19 1.000000000000005e+19 1.000000000000005e+19 1.000000000000005e+19 1.000000000000005e+19 1.000000000000005e+19 1.000000000000005e+19
 1.000000000000005e+19 1.000000000000005e+19 1.000000000000005e+19 1.000000000000005e+19 1.000000000000005e+19 1.000000000000005e+19 1.000000000000005e+19 1.000000000000005e+19 1.000000000000005e+19 1.000000000000005e+19
 1.000000000000005e+19 1.000000000000005e+19 1.000000000000005e+19 1.000000000000005e+19 1.000000000000005e+19 1.000000000000005e+19 1.000000000000005e+19 1.000000000000005e+19 1.000000000000005e+19 1.000000000000005e+19
 1.000000000000005e+19 1.000000000000005e+19 1.000000000000005e+19 1.000000000000005e+19 1.000000000000005e+19 1.000000000000005e+19 1.000000000000005e+19 1.000000000000005e+19 1.000000000000005e+19 1.000000000000005e+19
 1.000000000000005e+19 1.000000000000005e+19 1.000000000000005e+19 1.000000000000005e+19 1.000000000000005e+19 1.000000000000005e+19 1.000000000000005e+19 1.000000000000005e+19 1.000000000000005e+19 1.000000000000005e+19
 1.000000000000005e+19 1.000000000000005e+19 1.000000000000005e+19 1.000000000000005e+19 1.000000000000005e+19 1.000000000000005e+19 1.000000000000005e+19 1.000000000000005e+19 1.000000000000005e+19 1.000000000000005e+19
 1.000000000000005e+19 1.000000000000005e+19 1.000000000000005e+19 1.000000000000005e+19 1.000000000000005e+19 1.000000000000005e+19 1.000000000000005e+19 1.000000000000005e+19 1.000000000000005e+19 1.000000000000005e+19
 1.000000000000005e+19 1.000000000000005e+19 1.000000000000005e+19 1.000000000000005e+19 1.000000000000005e+19 1.000000000000005e+19 1.000000000000005e+19 1.000000000000005e+19 1.000000000000005e+19 1.000000000000005e+19
 1.000000000000005e+19 1.000000000000005e+19 1.000000000000005e+19 1.000000000000005e+19 1.000000000000005e+19 1.000000000000005e+19 1.000000000000005e+19 1.000000000000005e+19 1.000000000000005e+19 1.000000000000005e+19
 1.000000000000005e+19 1.000000000000005e+19 1.000000000000005e+19 1.000000000000005e+19 1.000000000000005e+19 1.000000000000005e+19 1.000000000000005e+19 1.000000000000005e+19 1.000000000000005e+19 1.000000000000005e+19
 1.000000000000005e+19 1.000000000000005e+19 1.000000000000005e+19 1.000000000000005e+19 1.000000000000005e+19 1.000000000000005e+19 1.000000000000005e+19 1.000000000000005e+19 1.000000000000005e+19 1.000000000000005e+19
 1.000000000000005e+19 1.000000000000005e+19 1.000000000000005e+19 1.000000000000005e+19 1.000000000000005e+19 1.000000000000005e+19 1.000000000000005e+19 1.000000000000005e+19 1.000000000000005e+19 1.000000000000005e+19
 1.000000000000005e+19 1.000000000000005e+19 1.000000000000005e+19 1.000000000000005e+19 1.000000000000005e+19 1.000000000000005e+19 1.000000000000005e+19 1.000000000000005e+19 1.000000000000005e+19 1.000000000000005e+19
 1.000000000000005e+19 1.000000000000005e+19 1.000000000000005e+19 1.000000000000005e+19 1.000000000000005e+19 1.000000000000005e+19 1.000000000000005e+19 1.000000560000002e+19 1.000000000000005e+19 1.000000560000002e+19
 1.000000000000005e+19 1.000000560000002e+19 1.000000000000005e+19 1.000000560000002e+19 1.000000000000005e+19 1.000000000000005e+19 1.000000000000005e+19 1.000000000000005e+19 1.000000000000005e+19 1.000000000000005e+19
 1.000000000000005e+19 1.000000000000005e+19 1.000000000000005e+19 1.000000000000005e+19 1.000000000000005e+19 1.000000000000005e+19 1.000000000000005e+19 1.000000000000005e+19 1.000000000000005e+19 1.000000000000005e+19
 1.000000000000005e+19 1.000000000000005e+19 1.000000000000005e+19 1.000000000000005e+19 1.000000000000005e+19 1.000000000000005e+19 1.000000000000005e+19 1.000000000000005e+19 1.000000000000005e+19 1.000000000000005e+19
 1.000000000000005e+19 1.000000000000005e+19 1.000000000000005e+19 1.000000000000005e+19 1.000000000000005e+19 1.000000000000005e+19 1.000000000000005e+19 1.000000000000005e+19 1.000000000000005e+19 1.000000000000005e+19
 1.000000000000005e+19 1.000000000000005e+19 1.000000000000005e+19 1.000000000000005e+19 1.000000000000005e+19 1.000000000000005e+19 1.000000000000005e+19 1.000000000000005e+19 1.000000000000005e+19 1.000000000000005e+19
 1.000000000000005e+19 1.000000000000005e+19 1.000000000000005e+19 1.000000000000005e+19 1.000000000000005e+19 1.000000000000005e+19 1.000000000000005e+19 1.000000000000005e+19 1.000000000000005e+19 1.000000000000005e+19
 1.000000000000005e+19 1.000000000000005e+19 1.000000000000005e+19 1.000000000000005e+19 1.000000000000005e+19 1.000000000000005e+19 1.000000000000005e+19 1.000000000000005e+19 1.000000000000005e+19 1.000000000000005e+19
 1.000000000000005e+19 1.000000000000005e+19 1.000000000000005e+19 1.000000000000005e+19 1.000000000000005e+19 1.000000000000005e+19 1.000000000000005e+19 1.000000000000005e+19 1.000000000000005e+19 1.000000000000005e+19
 1.000000000000005e+19 1.000000000000005e+19 1.000000000000005e+19 1.000000000000005e+19 1.000000000000005e+19 1.000000000000005e+19 1.000000000000005e+19 1.000000000000005e+19 1.000000000000005e+19 1.000000000000005e+19
 1.000000000000005e+19 1.000000000000005e+19 1.000000000000005e+19 1.000000000000005e+19 1.000000000000005e+19 1.000000000000005e+19 1.000000000000005e+19 1.000000000000005e+19 1.000000000000005e+19 1.000000000000005e+19
 1.000000000000005e+19 1.000000000000005e+19 1.000000000000005e+19 1.000000000000005e+19 1.000000000000005e+19 1.000000000000005e+19 1.000000000000005e+19 1.000000000000005e+19 1.000000000000005e+19 1.000000000000005e+19
 1.000000000000005e+19 1.000000000000005e+19 1.000000000000005e+19 1.000000000000005e+19 1.000000000000005e+19 1.000000000000005e+19 1.000000000000005e+19 1.000000000000005e+19 1.000000000000005e+19 1.000000000000005e+19
 1.000000000000005e+19 1.000000000000005e+19 1.000000000000005e+19 1.000000000000005e+19 1.000000000000005e+19 1.000000000000005e+19 1.000000000000005e+19 1.000000000000005e+19 1.000000000000005e+19 1.000000000000005e+19
 1.000000000000005e+19 1.000000000000005e+19 1.000000000000005e+19 1.000000000000005e+19 1.000000000000005e+19 1.000000000000005e+19 1.000000000000005e+19 1.000000000000005e+19 1.000000000000005e+19 1.000000000000005e+19
 1.000000000000005e+19 1.000000000000005e+19 1.000000000000005e+19 1.000000000000005e+19 1.000000000000005e+19 1.000000560000002e+19 1.000000000000005e+19 1.000000560000002e+19 1.000000000000005e+19 1.000000000000005e+19
 1.000000000000005e+19 1.000000000000005e+19 1.000000000000005e+19 1.000000000000005e+19 1.000000000000005e+19 1.000000000000005e+19 1.000000000000005e+19 1.000000000000005e+19 1.000000000000005e+19 1.000000000000005e+19
 1.000000000000005e+19 1.000000000000005e+19 1.000000000000005e+19 1.000000000000005e+19 1.000000000000005e+19 1.000000000000005e+19 1.000000000000005e+19 1.000000000000005e+19 1.000000000000005e+19 1.000000000000005e+19
 1.000000000000005e+19 1.000000000000005e+19 1.000000000000005e+19 1.000000000000005e+19 1.000000000000005e+19 1.000000000000005e+19 1.000000000000005e+19 1.000000000000005e+19 1.000000000000005e+19 1.000000000000005e+19
 1.000000000000005e+19 1.000000000000005e+19 1.000000000000005e+19 1.000000000000005e+19 1.000000000000005e+19 1.000000000000005e+19 1.000000000000005e+19 1.000000000000005e+19 1.000000000000005e+19 1.000000000000005e+19
 1.000000000000005e+19 1.000000000000005e+19 1.000000000000005e+19 1.000000000000005e+19 1.000000000000005e+19 1.000000000000005e+19 1.000000000000005e+19 1.000000000000005e+19 1.000000000000005e+19 1.000000000000005e+19
 1.000000000000005e+19 1.000000000000005e+19 1.000000000000005e+19 1.000000000000005e+19 1.000000000000005e+19 1.000000000000005e+19 1.000000000000005e+19 1.000000000000005e+19 1.000000000000005e+19 1.000000000000005e+19
 1.000000000000005e+19 1.000000000000005e+19 1.000000000000005e+19 1.000000000000005e+19 1.000000000000005e+19 1.000000000000005e+19 1.000000000000005e+19 1.000000000000005e+19 1.000000000000005e+19 1.000000560000002e+19
 1.000000000000005e+19 1.000000000000005e+19 1.000000000000005e+19 1.000000000000005e+19 1.000000000000005e+19 1.000000000000005e+19 1.000000000000005e+19 1.000000000000005e+19 1.000000000000005e+19 1.000000000000005e+19
 1.000000000000005e+19 1.000000000000005e+19 1.000000000000005e+19 1.000000000000005e+19 1.000000000000005e+19 1.000000000000005e+19 1.000000000000005e+19 1.000000000000005e+19 1.000000000000005e+19 1.000000000000005e+19
 1.000000000000005e+19 1.000000000000005e+19 1.000000000000005e+19 1.000000000000005e+19 1.000000000000005e+19 1.000000000000005e+19 1.000000000000005e+19 1.000000000000005e+19 1.000000000000005e+19 1.000000000000005e+19
 1.000000000000005e+19 1.000000000000005e+19 1.000000000000005e+19 1.000000000000005e+19 1.000000000000005e+19 1.000000000000005e+19 1.000000000000005e+19 1.000000000000005e+19 1.000000000000005e+19 1.000000000000005e+19
 1.000000000000005e+19 1.000000000000005e+19 1.000000000000005e+19 1.000000000000005e+19 1.000000000000005e+19 1.000000000000005e+19 1.000000000000005e+19 1.000000000000005e+19 1.000000000000005e+19 1.000000000000005e+19
 1.000000000000005e+19 1.000000000000005e+19 1.000000000000005e+19 1.000000000000005e+19 1.000000000000005e+19 1.000000000000005e+19 1.000000000000005e+19 1.000000000000005e+19 1.000000000000005e+19 1.000000000000005e+19
 1.000000000000005e+19 1.000000000000005e+19 1.000000000000005e+19 1.000000000000005e+19 1.000000000000005e+19 1.000000000000005e+19 1.000000000000005e+19 1.000000000000005e+19 1.000000000000005e+19 1.000000000000005e+19
 1.000000000000005e+19 1.000000560000002e+19 1.000000560000002e+19 1.000000000000005e+19 1.000000000000005e+19
    }
  }

  Dataset ("NitrogenActiveConcentration") {
    function  = NitrogenActiveConcentration
    type      = scalar
    dimension = 1
    location  = vertex
    validity  = [ "n_plus" ]
    Values (2405) {
 1.000000560000000e+19 1.000000000000003e+19 1.000000000000003e+19 1.000000560000000e+19 1.000000000000003e+19 1.000000560000000e+19 1.000000000000003e+19 1.000000560000000e+19 1.000000000000003e+19 1.000000000000003e+19
 1.000000000000003e+19 1.000000000000003e+19 1.000000000000003e+19 1.000000000000003e+19 1.000000000000003e+19 1.000000000000003e+19 1.000000000000003e+19 1.000000000000003e+19 1.000000000000003e+19 1.000000560000000e+19
 1.000000000000003e+19 1.000000560000000e+19 1.000000000000003e+19 1.000000560000000e+19 1.000000000000003e+19 1.000000560000000e+19 1.000000000000003e+19 1.000000000000003e+19 1.000000000000003e+19 1.000000000000003e+19
 1.000000000000003e+19 1.000000000000003e+19 1.000000000000003e+19 1.000000000000003e+19 1.000000000000003e+19 1.000000000000003e+19 1.000000000000003e+19 1.000000000000003e+19 1.000000000000003e+19 1.000000000000003e+19
 1.000000000000003e+19 1.000000000000003e+19 1.000000000000003e+19 1.000000000000003e+19 1.000000000000003e+19 1.000000000000003e+19 1.000000000000003e+19 1.000000000000003e+19 1.000000000000003e+19 1.000000000000003e+19
 1.000000000000003e+19 1.000000000000003e+19 1.000000000000003e+19 1.000000000000003e+19 1.000000000000003e+19 1.000000000000003e+19 1.000000000000003e+19 1.000000000000003e+19 1.000000000000003e+19 1.000000000000003e+19
 1.000000000000003e+19 1.000000000000003e+19 1.000000000000003e+19 1.000000000000003e+19 1.000000000000003e+19 1.000000000000003e+19 1.000000000000003e+19 1.000000000000003e+19 1.000000000000003e+19 1.000000000000003e+19
 1.000000000000003e+19 1.000000000000003e+19 1.000000000000003e+19 1.000000000000003e+19 1.000000000000003e+19 1.000000000000003e+19 1.000000000000003e+19 1.000000000000003e+19 1.000000000000003e+19 1.000000000000003e+19
 1.000000000000003e+19 1.000000000000003e+19 1.000000000000003e+19 1.000000000000003e+19 1.000000000000003e+19 1.000000000000003e+19 1.000000000000003e+19 1.000000000000003e+19 1.000000000000003e+19 1.000000000000003e+19
 1.000000000000003e+19 1.000000000000003e+19 1.000000000000003e+19 1.000000000000003e+19 1.000000000000003e+19 1.000000000000003e+19 1.000000000000003e+19 1.000000000000003e+19 1.000000000000003e+19 1.000000000000003e+19
 1.000000000000003e+19 1.000000000000003e+19 1.000000000000003e+19 1.000000000000003e+19 1.000000000000003e+19 1.000000000000003e+19 1.000000000000003e+19 1.000000560000000e+19 1.000000000000003e+19 1.000000560000000e+19
 1.000000000000003e+19 1.000000560000000e+19 1.000000000000003e+19 1.000000560000000e+19 1.000000000000003e+19 1.000000000000003e+19 1.000000000000003e+19 1.000000000000003e+19 1.000000000000003e+19 1.000000000000003e+19
 1.000000000000003e+19 1.000000000000003e+19 1.000000000000003e+19 1.000000000000003e+19 1.000000000000003e+19 1.000000000000003e+19 1.000000000000003e+19 1.000000000000003e+19 1.000000000000003e+19 1.000000000000003e+19
 1.000000000000003e+19 1.000000000000003e+19 1.000000000000003e+19 1.000000000000003e+19 1.000000000000003e+19 1.000000000000003e+19 1.000000000000003e+19 1.000000000000003e+19 1.000000000000003e+19 1.000000000000003e+19
 1.000000000000003e+19 1.000000000000003e+19 1.000000000000003e+19 1.000000000000003e+19 1.000000000000003e+19 1.000000000000003e+19 1.000000000000003e+19 1.000000000000003e+19 1.000000000000003e+19 1.000000000000003e+19
 1.000000000000003e+19 1.000000000000003e+19 1.000000000000003e+19 1.000000000000003e+19 1.000000000000003e+19 1.000000560000000e+19 1.000000000000003e+19 1.000000560000000e+19 1.000000000000003e+19 1.000000560000000e+19
 1.000000000000003e+19 1.000000560000000e+19 1.000000000000003e+19 1.000000000000003e+19 1.000000000000003e+19 1.000000000000003e+19 1.000000000000003e+19 1.000000000000003e+19 1.000000000000003e+19 1.000000000000003e+19
 1.000000000000003e+19 1.000000000000003e+19 1.000000000000003e+19 1.000000000000003e+19 1.000000000000003e+19 1.000000000000003e+19 1.000000000000003e+19 1.000000000000003e+19 1.000000000000003e+19 1.000000000000003e+19
 1.000000000000003e+19 1.000000000000003e+19 1.000000000000003e+19 1.000000000000003e+19 1.000000000000003e+19 1.000000000000003e+19 1.000000000000003e+19 1.000000000000003e+19 1.000000000000003e+19 1.000000000000003e+19
 1.000000000000003e+19 1.000000000000003e+19 1.000000000000003e+19 1.000000000000003e+19 1.000000000000003e+19 1.000000000000003e+19 1.000000000000003e+19 1.000000000000003e+19 1.000000000000003e+19 1.000000000000003e+19
 1.000000000000003e+19 1.000000000000003e+19 1.000000000000003e+19 1.000000000000003e+19 1.000000000000003e+19 1.000000000000003e+19 1.000000000000003e+19 1.000000000000003e+19 1.000000000000003e+19 1.000000000000003e+19
 1.000000000000003e+19 1.000000000000003e+19 1.000000000000003e+19 1.000000000000003e+19 1.000000000000003e+19 1.000000000000003e+19 1.000000000000003e+19 1.000000000000003e+19 1.000000000000003e+19 1.000000000000003e+19
 1.000000000000003e+19 1.000000000000003e+19 1.000000000000003e+19 1.000000000000003e+19 1.000000000000003e+19 1.000000000000003e+19 1.000000000000003e+19 1.000000000000003e+19 1.000000000000003e+19 1.000000000000003e+19
 1.000000000000003e+19 1.000000000000003e+19 1.000000000000003e+19 1.000000000000003e+19 1.000000000000003e+19 1.000000000000003e+19 1.000000000000003e+19 1.000000000000003e+19 1.000000000000003e+19 1.000000000000003e+19
 1.000000000000003e+19 1.000000000000003e+19 1.000000000000003e+19 1.000000000000003e+19 1.000000000000003e+19 1.000000000000003e+19 1.000000000000003e+19 1.000000000000003e+19 1.000000000000003e+19 1.000000000000003e+19
 1.000000000000003e+19 1.000000000000003e+19 1.000000000000003e+19 1.000000000000003e+19 1.000000000000003e+19 1.000000000000003e+19 1.000000000000003e+19 1.000000000000003e+19 1.000000000000003e+19 1.000000000000003e+19
 1.000000000000003e+19 1.000000000000003e+19 1.000000000000003e+19 1.000000000000003e+19 1.000000000000003e+19 1.000000000000003e+19 1.000000000000003e+19 1.000000000000003e+19 1.000000000000003e+19 1.000000000000003e+19
 1.000000000000003e+19 1.000000000000003e+19 1.000000000000003e+19 1.000000000000003e+19 1.000000000000003e+19 1.000000000000003e+19 1.000000000000003e+19 1.000000000000003e+19 1.000000000000003e+19 1.000000000000003e+19
 1.000000000000003e+19 1.000000000000003e+19 1.000000000000003e+19 1.000000000000003e+19 1.000000000000003e+19 1.000000000000003e+19 1.000000000000003e+19 1.000000000000003e+19 1.000000000000003e+19 1.000000000000003e+19
 1.000000000000003e+19 1.000000000000003e+19 1.000000000000003e+19 1.000000000000003e+19 1.000000000000003e+19 1.000000000000003e+19 1.000000000000003e+19 1.000000000000003e+19 1.000000000000003e+19 1.000000000000003e+19
 1.000000000000003e+19 1.000000000000003e+19 1.000000000000003e+19 1.000000000000003e+19 1.000000000000003e+19 1.000000000000003e+19 1.000000000000003e+19 1.000000000000003e+19 1.000000000000003e+19 1.000000000000003e+19
 1.000000000000003e+19 1.000000000000003e+19 1.000000000000003e+19 1.000000000000003e+19 1.000000000000003e+19 1.000000000000003e+19 1.000000000000003e+19 1.000000000000003e+19 1.000000000000003e+19 1.000000000000003e+19
 1.000000000000003e+19 1.000000000000003e+19 1.000000000000003e+19 1.000000000000003e+19 1.000000000000003e+19 1.000000000000003e+19 1.000000000000003e+19 1.000000000000003e+19 1.000000000000003e+19 1.000000000000003e+19
 1.000000000000003e+19 1.000000000000003e+19 1.000000000000003e+19 1.000000000000003e+19 1.000000000000003e+19 1.000000000000003e+19 1.000000000000003e+19 1.000000000000003e+19 1.000000000000003e+19 1.000000000000003e+19
 1.000000000000003e+19 1.000000000000003e+19 1.000000000000003e+19 1.000000000000003e+19 1.000000000000003e+19 1.000000000000003e+19 1.000000000000003e+19 1.000000000000003e+19 1.000000000000003e+19 1.000000000000003e+19
 1.000000000000003e+19 1.000000000000003e+19 1.000000000000003e+19 1.000000000000003e+19 1.000000000000003e+19 1.000000000000003e+19 1.000000560000000e+19 1.000000000000003e+19 1.000000560000000e+19 1.000000000000003e+19
 1.000000560000000e+19 1.000000000000003e+19 1.000000560000000e+19 1.000000000000003e+19 1.000000000000003e+19 1.000000000000003e+19 1.000000000000003e+19 1.000000000000003e+19 1.000000000000003e+19 1.000000000000003e+19
 1.000000000000003e+19 1.000000000000003e+19 1.000000000000003e+19 1.000000000000003e+19 1.000000000000003e+19 1.000000000000003e+19 1.000000000000003e+19 1.000000000000003e+19 1.000000000000003e+19 1.000000000000003e+19
 1.000000000000003e+19 1.000000000000003e+19 1.000000000000003e+19 1.000000000000003e+19 1.000000000000003e+19 1.000000000000003e+19 1.000000000000003e+19 1.000000000000003e+19 1.000000000000003e+19 1.000000000000003e+19
 1.000000000000003e+19 1.000000000000003e+19 1.000000000000003e+19 1.000000000000003e+19 1.000000000000003e+19 1.000000000000003e+19 1.000000000000003e+19 1.000000000000003e+19 1.000000000000003e+19 1.000000000000003e+19
 1.000000000000003e+19 1.000000000000003e+19 1.000000000000003e+19 1.000000000000003e+19 1.000000560000000e+19 1.000000000000003e+19 1.000000560000000e+19 1.000000000000003e+19 1.000000560000000e+19 1.000000000000003e+19
 1.000000560000000e+19 1.000000000000003e+19 1.000000000000003e+19 1.000000000000003e+19 1.000000000000003e+19 1.000000000000003e+19 1.000000000000003e+19 1.000000000000003e+19 1.000000000000003e+19 1.000000000000003e+19
 1.000000000000003e+19 1.000000000000003e+19 1.000000000000003e+19 1.000000000000003e+19 1.000000000000003e+19 1.000000000000003e+19 1.000000000000003e+19 1.000000000000003e+19 1.000000000000003e+19 1.000000000000003e+19
 1.000000000000003e+19 1.000000000000003e+19 1.000000000000003e+19 1.000000000000003e+19 1.000000000000003e+19 1.000000000000003e+19 1.000000000000003e+19 1.000000000000003e+19 1.000000000000003e+19 1.000000000000003e+19
 1.000000000000003e+19 1.000000000000003e+19 1.000000000000003e+19 1.000000000000003e+19 1.000000000000003e+19 1.000000000000003e+19 1.000000000000003e+19 1.000000000000003e+19 1.000000000000003e+19 1.000000000000003e+19
 1.000000000000003e+19 1.000000000000003e+19 1.000000000000003e+19 1.000000000000003e+19 1.000000000000003e+19 1.000000000000003e+19 1.000000000000003e+19 1.000000000000003e+19 1.000000000000003e+19 1.000000000000003e+19
 1.000000000000003e+19 1.000000000000003e+19 1.000000000000003e+19 1.000000000000003e+19 1.000000000000003e+19 1.000000000000003e+19 1.000000000000003e+19 1.000000000000003e+19 1.000000000000003e+19 1.000000000000003e+19
 1.000000000000003e+19 1.000000000000003e+19 1.000000000000003e+19 1.000000000000003e+19 1.000000000000003e+19 1.000000000000003e+19 1.000000000000003e+19 1.000000000000003e+19 1.000000000000003e+19 1.000000000000003e+19
 1.000000000000003e+19 1.000000000000003e+19 1.000000000000003e+19 1.000000000000003e+19 1.000000000000003e+19 1.000000000000003e+19 1.000000000000003e+19 1.000000000000003e+19 1.000000000000003e+19 1.000000000000003e+19
 1.000000000000003e+19 1.000000000000003e+19 1.000000000000003e+19 1.000000000000003e+19 1.000000000000003e+19 1.000000000000003e+19 1.000000000000003e+19 1.000000000000003e+19 1.000000000000003e+19 1.000000000000003e+19
 1.000000000000003e+19 1.000000000000003e+19 1.000000000000003e+19 1.000000000000003e+19 1.000000000000003e+19 1.000000000000003e+19 1.000000000000003e+19 1.000000000000003e+19 1.000000000000003e+19 1.000000000000003e+19
 1.000000000000003e+19 1.000000000000003e+19 1.000000000000003e+19 1.000000000000003e+19 1.000000000000003e+19 1.000000000000003e+19 1.000000000000003e+19 1.000000000000003e+19 1.000000000000003e+19 1.000000000000003e+19
 1.000000000000003e+19 1.000000000000003e+19 1.000000000000003e+19 1.000000000000003e+19 1.000000560000000e+19 1.000000000000003e+19 1.000000560000000e+19 1.000000000000003e+19 1.000000560000000e+19 1.000000000000003e+19
 1.000000560000000e+19 1.000000000000003e+19 1.000000000000003e+19 1.000000000000003e+19 1.000000000000003e+19 1.000000000000003e+19 1.000000000000003e+19 1.000000000000003e+19 1.000000000000003e+19 1.000000000000003e+19
 1.000000000000003e+19 1.000000000000003e+19 1.000000000000003e+19 1.000000000000003e+19 1.000000000000003e+19 1.000000000000003e+19 1.000000000000003e+19 1.000000000000003e+19 1.000000000000003e+19 1.000000000000003e+19
 1.000000000000003e+19 1.000000000000003e+19 1.000000000000003e+19 1.000000000000003e+19 1.000000000000003e+19 1.000000000000003e+19 1.000000000000003e+19 1.000000000000003e+19 1.000000000000003e+19 1.000000000000003e+19
 1.000000000000003e+19 1.000000000000003e+19 1.000000000000003e+19 1.000000000000003e+19 1.000000000000003e+19 1.000000000000003e+19 1.000000000000003e+19 1.000000000000003e+19 1.000000000000003e+19 1.000000000000003e+19
 1.000000000000003e+19 1.000000000000003e+19 1.000000000000003e+19 1.000000000000003e+19 1.000000000000003e+19 1.000000000000003e+19 1.000000000000003e+19 1.000000000000003e+19 1.000000000000003e+19 1.000000000000003e+19
 1.000000000000003e+19 1.000000000000003e+19 1.000000000000003e+19 1.000000000000003e+19 1.000000000000003e+19 1.000000000000003e+19 1.000000000000003e+19 1.000000000000003e+19 1.000000000000003e+19 1.000000000000003e+19
 1.000000000000003e+19 1.000000000000003e+19 1.000000000000003e+19 1.000000000000003e+19 1.000000000000003e+19 1.000000000000003e+19 1.000000000000003e+19 1.000000000000003e+19 1.000000000000003e+19 1.000000000000003e+19
 1.000000000000003e+19 1.000000000000003e+19 1.000000000000003e+19 1.000000000000003e+19 1.000000000000003e+19 1.000000000000003e+19 1.000000000000003e+19 1.000000000000003e+19 1.000000560000000e+19 1.000000000000003e+19
 1.000000560000000e+19 1.000000000000003e+19 1.000000560000000e+19 1.000000000000003e+19 1.000000560000000e+19 1.000000000000003e+19 1.000000000000003e+19 1.000000000000003e+19 1.000000000000003e+19 1.000000000000003e+19
 1.000000000000003e+19 1.000000000000003e+19 1.000000000000003e+19 1.000000000000003e+19 1.000000000000003e+19 1.000000000000003e+19 1.000000000000003e+19 1.000000000000003e+19 1.000000000000003e+19 1.000000000000003e+19
 1.000000000000003e+19 1.000000000000003e+19 1.000000000000003e+19 1.000000000000003e+19 1.000000000000003e+19 1.000000000000003e+19 1.000000000000003e+19 1.000000000000003e+19 1.000000000000003e+19 1.000000000000003e+19
 1.000000000000003e+19 1.000000000000003e+19 1.000000000000003e+19 1.000000000000003e+19 1.000000000000003e+19 1.000000000000003e+19 1.000000000000003e+19 1.000000000000003e+19 1.000000000000003e+19 1.000000000000003e+19
 1.000000000000003e+19 1.000000000000003e+19 1.000000000000003e+19 1.000000000000003e+19 1.000000000000003e+19 1.000000000000003e+19 1.000000000000003e+19 1.000000000000003e+19 1.000000000000003e+19 1.000000000000003e+19
 1.000000000000003e+19 1.000000000000003e+19 1.000000000000003e+19 1.000000000000003e+19 1.000000000000003e+19 1.000000000000003e+19 1.000000000000003e+19 1.000000000000003e+19 1.000000000000003e+19 1.000000000000003e+19
 1.000000000000003e+19 1.000000000000003e+19 1.000000000000003e+19 1.000000000000003e+19 1.000000000000003e+19 1.000000000000003e+19 1.000000000000003e+19 1.000000000000003e+19 1.000000000000003e+19 1.000000000000003e+19
 1.000000000000003e+19 1.000000000000003e+19 1.000000000000003e+19 1.000000000000003e+19 1.000000000000003e+19 1.000000000000003e+19 1.000000000000003e+19 1.000000000000003e+19 1.000000000000003e+19 1.000000000000003e+19
 1.000000000000003e+19 1.000000000000003e+19 1.000000000000003e+19 1.000000000000003e+19 1.000000000000003e+19 1.000000000000003e+19 1.000000000000003e+19 1.000000000000003e+19 1.000000000000003e+19 1.000000000000003e+19
 1.000000000000003e+19 1.000000000000003e+19 1.000000000000003e+19 1.000000000000003e+19 1.000000000000003e+19 1.000000000000003e+19 1.000000000000003e+19 1.000000000000003e+19 1.000000000000003e+19 1.000000000000003e+19
 1.000000000000003e+19 1.000000000000003e+19 1.000000000000003e+19 1.000000000000003e+19 1.000000000000003e+19 1.000000000000003e+19 1.000000000000003e+19 1.000000000000003e+19 1.000000000000003e+19 1.000000000000003e+19
 1.000000000000003e+19 1.000000000000003e+19 1.000000000000003e+19 1.000000000000003e+19 1.000000000000003e+19 1.000000000000003e+19 1.000000000000003e+19 1.000000000000003e+19 1.000000000000003e+19 1.000000000000003e+19
 1.000000000000003e+19 1.000000000000003e+19 1.000000000000003e+19 1.000000000000003e+19 1.000000000000003e+19 1.000000000000003e+19 1.000000000000003e+19 1.000000000000003e+19 1.000000000000003e+19 1.000000000000003e+19
 1.000000000000003e+19 1.000000000000003e+19 1.000000000000003e+19 1.000000000000003e+19 1.000000000000003e+19 1.000000000000003e+19 1.000000000000003e+19 1.000000000000003e+19 1.000000000000003e+19 1.000000000000003e+19
 1.000000000000003e+19 1.000000000000003e+19 1.000000000000003e+19 1.000000000000003e+19 1.000000000000003e+19 1.000000000000003e+19 1.000000000000003e+19 1.000000000000003e+19 1.000000000000003e+19 1.000000000000003e+19
 1.000000000000003e+19 1.000000000000003e+19 1.000000000000003e+19 1.000000000000003e+19 1.000000000000003e+19 1.000000000000003e+19 1.000000000000003e+19 1.000000000000003e+19 1.000000000000003e+19 1.000000000000003e+19
 1.000000000000003e+19 1.000000000000003e+19 1.000000000000003e+19 1.000000000000003e+19 1.000000000000003e+19 1.000000000000003e+19 1.000000000000003e+19 1.000000000000003e+19 1.000000000000003e+19 1.000000000000003e+19
 1.000000000000003e+19 1.000000000000003e+19 1.000000000000003e+19 1.000000000000003e+19 1.000000000000003e+19 1.000000000000003e+19 1.000000000000003e+19 1.000000000000003e+19 1.000000000000003e+19 1.000000000000003e+19
 1.000000000000003e+19 1.000000000000003e+19 1.000000000000003e+19 1.000000000000003e+19 1.000000000000003e+19 1.000000000000003e+19 1.000000000000003e+19 1.000000000000003e+19 1.000000000000003e+19 1.000000000000003e+19
 1.000000000000003e+19 1.000000000000003e+19 1.000000000000003e+19 1.000000000000003e+19 1.000000000000003e+19 1.000000000000003e+19 1.000000000000003e+19 1.000000000000003e+19 1.000000000000003e+19 1.000000000000003e+19
 1.000000000000003e+19 1.000000000000003e+19 1.000000000000003e+19 1.000000000000003e+19 1.000000000000003e+19 1.000000000000003e+19 1.000000000000003e+19 1.000000000000003e+19 1.000000000000003e+19 1.000000000000003e+19
 1.000000000000003e+19 1.000000000000003e+19 1.000000000000003e+19 1.000000000000003e+19 1.000000000000003e+19 1.000000000000003e+19 1.000000000000003e+19 1.000000000000003e+19 1.000000000000003e+19 1.000000000000003e+19
 1.000000000000003e+19 1.000000000000003e+19 1.000000000000003e+19 1.000000000000003e+19 1.000000000000003e+19 1.000000000000003e+19 1.000000000000003e+19 1.000000000000003e+19 1.000000000000003e+19 1.000000000000003e+19
 1.000000000000003e+19 1.000000000000003e+19 1.000000000000003e+19 1.000000000000003e+19 1.000000000000003e+19 1.000000000000003e+19 1.000000000000003e+19 1.000000000000003e+19 1.000000000000003e+19 1.000000000000003e+19
 1.000000000000003e+19 1.000000000000003e+19 1.000000000000003e+19 1.000000000000003e+19 1.000000000000003e+19 1.000000000000003e+19 1.000000000000003e+19 1.000000000000003e+19 1.000000000000003e+19 1.000000000000003e+19
 1.000000000000003e+19 1.000000000000003e+19 1.000000000000003e+19 1.000000000000003e+19 1.000000000000003e+19 1.000000000000003e+19 1.000000000000003e+19 1.000000000000003e+19 1.000000000000003e+19 1.000000000000003e+19
 1.000000000000003e+19 1.000000000000003e+19 1.000000000000003e+19 1.000000000000003e+19 1.000000000000003e+19 1.000000000000003e+19 1.000000000000003e+19 1.000000000000003e+19 1.000000000000003e+19 1.000000000000003e+19
 1.000000000000003e+19 1.000000000000003e+19 1.000000000000003e+19 1.000000000000003e+19 1.000000000000003e+19 1.000000000000003e+19 1.000000000000003e+19 1.000000000000003e+19 1.000000000000003e+19 1.000000000000003e+19
 1.000000000000003e+19 1.000000000000003e+19 1.000000000000003e+19 1.000000000000003e+19 1.000000000000003e+19 1.000000000000003e+19 1.000000000000003e+19 1.000000000000003e+19 1.000000000000003e+19 1.000000000000003e+19
 1.000000000000003e+19 1.000000000000003e+19 1.000000000000003e+19 1.000000000000003e+19 1.000000000000003e+19 1.000000000000003e+19 1.000000000000003e+19 1.000000000000003e+19 1.000000000000003e+19 1.000000000000003e+19
 1.000000000000003e+19 1.000000000000003e+19 1.000000000000003e+19 1.000000000000003e+19 1.000000000000003e+19 1.000000000000003e+19 1.000000000000003e+19 1.000000000000003e+19 1.000000000000003e+19 1.000000000000003e+19
 1.000000000000003e+19 1.000000000000003e+19 1.000000000000003e+19 1.000000000000003e+19 1.000000000000003e+19 1.000000000000003e+19 1.000000000000003e+19 1.000000000000003e+19 1.000000000000003e+19 1.000000000000003e+19
 1.000000000000003e+19 1.000000000000003e+19 1.000000000000003e+19 1.000000000000003e+19 1.000000000000003e+19 1.000000000000003e+19 1.000000000000003e+19 1.000000000000003e+19 1.000000000000003e+19 1.000000000000003e+19
 1.000000000000003e+19 1.000000000000003e+19 1.000000000000003e+19 1.000000000000003e+19 1.000000000000003e+19 1.000000000000003e+19 1.000000000000003e+19 1.000000000000003e+19 1.000000000000003e+19 1.000000000000003e+19
 1.000000000000003e+19 1.000000000000003e+19 1.000000000000003e+19 1.000000000000003e+19 1.000000000000003e+19 1.000000000000003e+19 1.000000000000003e+19 1.000000000000003e+19 1.000000000000003e+19 1.000000000000003e+19
 1.000000000000003e+19 1.000000000000003e+19 1.000000000000003e+19 1.000000000000003e+19 1.000000000000003e+19 1.000000000000003e+19 1.000000000000003e+19 1.000000000000003e+19 1.000000000000003e+19 1.000000000000003e+19
 1.000000000000003e+19 1.000000000000003e+19 1.000000000000003e+19 1.000000000000003e+19 1.000000000000003e+19 1.000000000000003e+19 1.000000000000003e+19 1.000000000000003e+19 1.000000000000003e+19 1.000000000000003e+19
 1.000000000000003e+19 1.000000000000003e+19 1.000000000000003e+19 1.000000000000003e+19 1.000000000000003e+19 1.000000000000003e+19 1.000000000000003e+19 1.000000000000003e+19 1.000000000000003e+19 1.000000000000003e+19
 1.000000000000003e+19 1.000000000000003e+19 1.000000000000003e+19 1.000000000000003e+19 1.000000000000003e+19 1.000000000000003e+19 1.000000000000003e+19 1.000000000000003e+19 1.000000000000003e+19 1.000000000000003e+19
 1.000000000000003e+19 1.000000000000003e+19 1.000000000000003e+19 1.000000000000003e+19 1.000000000000003e+19 1.000000000000003e+19 1.000000000000003e+19 1.000000000000003e+19 1.000000000000003e+19 1.000000000000003e+19
 1.000000000000003e+19 1.000000000000003e+19 1.000000000000003e+19 1.000000000000003e+19 1.000000000000003e+19 1.000000000000003e+19 1.000000000000003e+19 1.000000000000003e+19 1.000000000000003e+19 1.000000000000003e+19
 1.000000000000003e+19 1.000000000000003e+19 1.000000000000003e+19 1.000000000000003e+19 1.000000000000003e+19 1.000000000000003e+19 1.000000000000003e+19 1.000000000000003e+19 1.000000000000003e+19 1.000000000000003e+19
 1.000000000000003e+19 1.000000000000003e+19 1.000000000000003e+19 1.000000000000003e+19 1.000000000000003e+19 1.000000000000003e+19 1.000000000000003e+19 1.000000000000003e+19 1.000000000000003e+19 1.000000000000003e+19
 1.000000000000003e+19 1.000000000000003e+19 1.000000000000003e+19 1.000000000000003e+19 1.000000000000003e+19 1.000000000000003e+19 1.000000000000003e+19 1.000000000000003e+19 1.000000000000003e+19 1.000000000000003e+19
 1.000000000000003e+19 1.000000000000003e+19 1.000000000000003e+19 1.000000000000003e+19 1.000000000000003e+19 1.000000000000003e+19 1.000000000000003e+19 1.000000000000003e+19 1.000000000000003e+19 1.000000000000003e+19
 1.000000000000003e+19 1.000000000000003e+19 1.000000000000003e+19 1.000000000000003e+19 1.000000000000003e+19 1.000000000000003e+19 1.000000000000003e+19 1.000000000000003e+19 1.000000000000003e+19 1.000000000000003e+19
 1.000000000000003e+19 1.000000000000003e+19 1.000000000000003e+19 1.000000000000003e+19 1.000000000000003e+19 1.000000000000003e+19 1.000000000000003e+19 1.000000000000003e+19 1.000000000000003e+19 1.000000000000003e+19
 1.000000000000003e+19 1.000000000000003e+19 1.000000000000003e+19 1.000000000000003e+19 1.000000000000003e+19 1.000000000000003e+19 1.000000000000003e+19 1.000000000000003e+19 1.000000000000003e+19 1.000000000000003e+19
 1.000000000000003e+19 1.000000000000003e+19 1.000000000000003e+19 1.000000000000003e+19 1.000000000000003e+19 1.000000000000003e+19 1.000000000000003e+19 1.000000000000003e+19 1.000000000000003e+19 1.000000000000003e+19
 1.000000000000003e+19 1.000000000000003e+19 1.000000000000003e+19 1.000000000000003e+19 1.000000000000003e+19 1.000000000000003e+19 1.000000000000003e+19 1.000000000000003e+19 1.000000000000003e+19 1.000000000000003e+19
 1.000000000000003e+19 1.000000000000003e+19 1.000000000000003e+19 1.000000000000003e+19 1.000000000000003e+19 1.000000000000003e+19 1.000000000000003e+19 1.000000000000003e+19 1.000000000000003e+19 1.000000000000003e+19
 1.000000000000003e+19 1.000000000000003e+19 1.000000000000003e+19 1.000000000000003e+19 1.000000000000003e+19 1.000000000000003e+19 1.000000000000003e+19 1.000000000000003e+19 1.000000000000003e+19 1.000000000000003e+19
 1.000000000000003e+19 1.000000000000003e+19 1.000000000000003e+19 1.000000000000003e+19 1.000000000000003e+19 1.000000000000003e+19 1.000000000000003e+19 1.000000000000003e+19 1.000000000000003e+19 1.000000000000003e+19
 1.000000000000003e+19 1.000000000000003e+19 1.000000000000003e+19 1.000000000000003e+19 1.000000000000003e+19 1.000000000000003e+19 1.000000000000003e+19 1.000000000000003e+19 1.000000000000003e+19 1.000000000000003e+19
 1.000000000000003e+19 1.000000000000003e+19 1.000000000000003e+19 1.000000000000003e+19 1.000000000000003e+19 1.000000000000003e+19 1.000000000000003e+19 1.000000000000003e+19 1.000000000000003e+19 1.000000000000003e+19
 1.000000000000003e+19 1.000000000000003e+19 1.000000000000003e+19 1.000000000000003e+19 1.000000000000003e+19 1.000000000000003e+19 1.000000000000003e+19 1.000000000000003e+19 1.000000000000003e+19 1.000000000000003e+19
 1.000000000000003e+19 1.000000000000003e+19 1.000000000000003e+19 1.000000000000003e+19 1.000000000000003e+19 1.000000000000003e+19 1.000000000000003e+19 1.000000000000003e+19 1.000000000000003e+19 1.000000000000003e+19
 1.000000000000003e+19 1.000000000000003e+19 1.000000000000003e+19 1.000000000000003e+19 1.000000000000003e+19 1.000000000000003e+19 1.000000000000003e+19 1.000000000000003e+19 1.000000000000003e+19 1.000000000000003e+19
 1.000000000000003e+19 1.000000000000003e+19 1.000000000000003e+19 1.000000000000003e+19 1.000000000000003e+19 1.000000000000003e+19 1.000000000000003e+19 1.000000000000003e+19 1.000000000000003e+19 1.000000000000003e+19
 1.000000000000003e+19 1.000000000000003e+19 1.000000000000003e+19 1.000000000000003e+19 1.000000000000003e+19 1.000000000000003e+19 1.000000000000003e+19 1.000000000000003e+19 1.000000000000003e+19 1.000000000000003e+19
 1.000000000000003e+19 1.000000000000003e+19 1.000000000000003e+19 1.000000000000003e+19 1.000000000000003e+19 1.000000000000003e+19 1.000000000000003e+19 1.000000000000003e+19 1.000000000000003e+19 1.000000560000000e+19
 1.000000000000003e+19 1.000000560000000e+19 1.000000000000003e+19 1.000000560000000e+19 1.000000000000003e+19 1.000000560000000e+19 1.000000000000003e+19 1.000000000000003e+19 1.000000000000003e+19 1.000000000000003e+19
 1.000000000000003e+19 1.000000000000003e+19 1.000000000000003e+19 1.000000000000003e+19 1.000000000000003e+19 1.000000000000003e+19 1.000000000000003e+19 1.000000000000003e+19 1.000000000000003e+19 1.000000000000003e+19
 1.000000000000003e+19 1.000000000000003e+19 1.000000000000003e+19 1.000000000000003e+19 1.000000000000003e+19 1.000000000000003e+19 1.000000000000003e+19 1.000000000000003e+19 1.000000000000003e+19 1.000000000000003e+19
 1.000000000000003e+19 1.000000000000003e+19 1.000000000000003e+19 1.000000000000003e+19 1.000000000000003e+19 1.000000000000003e+19 1.000000000000003e+19 1.000000000000003e+19 1.000000000000003e+19 1.000000000000003e+19
 1.000000000000003e+19 1.000000000000003e+19 1.000000000000003e+19 1.000000000000003e+19 1.000000000000003e+19 1.000000000000003e+19 1.000000000000003e+19 1.000000560000000e+19 1.000000000000003e+19 1.000000560000000e+19
 1.000000000000003e+19 1.000000560000000e+19 1.000000000000003e+19 1.000000560000000e+19 1.000000000000003e+19 1.000000000000003e+19 1.000000000000003e+19 1.000000000000003e+19 1.000000000000003e+19 1.000000000000003e+19
 1.000000000000003e+19 1.000000000000003e+19 1.000000000000003e+19 1.000000000000003e+19 1.000000000000003e+19 1.000000000000003e+19 1.000000000000003e+19 1.000000000000003e+19 1.000000000000003e+19 1.000000000000003e+19
 1.000000000000003e+19 1.000000000000003e+19 1.000000000000003e+19 1.000000000000003e+19 1.000000000000003e+19 1.000000000000003e+19 1.000000000000003e+19 1.000000000000003e+19 1.000000000000003e+19 1.000000000000003e+19
 1.000000000000003e+19 1.000000000000003e+19 1.000000000000003e+19 1.000000000000003e+19 1.000000000000003e+19 1.000000000000003e+19 1.000000000000003e+19 1.000000000000003e+19 1.000000000000003e+19 1.000000000000003e+19
 1.000000000000003e+19 1.000000000000003e+19 1.000000000000003e+19 1.000000000000003e+19 1.000000000000003e+19 1.000000000000003e+19 1.000000000000003e+19 1.000000000000003e+19 1.000000000000003e+19 1.000000000000003e+19
 1.000000000000003e+19 1.000000000000003e+19 1.000000000000003e+19 1.000000000000003e+19 1.000000000000003e+19 1.000000000000003e+19 1.000000000000003e+19 1.000000000000003e+19 1.000000000000003e+19 1.000000000000003e+19
 1.000000000000003e+19 1.000000000000003e+19 1.000000000000003e+19 1.000000000000003e+19 1.000000000000003e+19 1.000000000000003e+19 1.000000000000003e+19 1.000000000000003e+19 1.000000000000003e+19 1.000000000000003e+19
 1.000000000000003e+19 1.000000000000003e+19 1.000000000000003e+19 1.000000000000003e+19 1.000000000000003e+19 1.000000000000003e+19 1.000000000000003e+19 1.000000000000003e+19 1.000000000000003e+19 1.000000000000003e+19
 1.000000000000003e+19 1.000000000000003e+19 1.000000000000003e+19 1.000000000000003e+19 1.000000000000003e+19 1.000000000000003e+19 1.000000000000003e+19 1.000000000000003e+19 1.000000000000003e+19 1.000000000000003e+19
 1.000000000000003e+19 1.000000000000003e+19 1.000000000000003e+19 1.000000000000003e+19 1.000000000000003e+19 1.000000000000003e+19 1.000000000000003e+19 1.000000000000003e+19 1.000000000000003e+19 1.000000000000003e+19
 1.000000000000003e+19 1.000000000000003e+19 1.000000000000003e+19 1.000000000000003e+19 1.000000000000003e+19 1.000000000000003e+19 1.000000000000003e+19 1.000000000000003e+19 1.000000000000003e+19 1.000000000000003e+19
 1.000000000000003e+19 1.000000000000003e+19 1.000000000000003e+19 1.000000000000003e+19 1.000000000000003e+19 1.000000000000003e+19 1.000000000000003e+19 1.000000560000000e+19 1.000000000000003e+19 1.000000560000000e+19
 1.000000000000003e+19 1.000000560000000e+19 1.000000000000003e+19 1.000000560000000e+19 1.000000000000003e+19 1.000000000000003e+19 1.000000000000003e+19 1.000000000000003e+19 1.000000000000003e+19 1.000000000000003e+19
 1.000000000000003e+19 1.000000000000003e+19 1.000000000000003e+19 1.000000000000003e+19 1.000000000000003e+19 1.000000000000003e+19 1.000000000000003e+19 1.000000000000003e+19 1.000000000000003e+19 1.000000000000003e+19
 1.000000000000003e+19 1.000000000000003e+19 1.000000000000003e+19 1.000000000000003e+19 1.000000000000003e+19 1.000000000000003e+19 1.000000000000003e+19 1.000000000000003e+19 1.000000000000003e+19 1.000000000000003e+19
 1.000000000000003e+19 1.000000000000003e+19 1.000000000000003e+19 1.000000000000003e+19 1.000000000000003e+19 1.000000000000003e+19 1.000000000000003e+19 1.000000000000003e+19 1.000000000000003e+19 1.000000000000003e+19
 1.000000000000003e+19 1.000000000000003e+19 1.000000000000003e+19 1.000000000000003e+19 1.000000000000003e+19 1.000000000000003e+19 1.000000000000003e+19 1.000000000000003e+19 1.000000000000003e+19 1.000000000000003e+19
 1.000000000000003e+19 1.000000000000003e+19 1.000000000000003e+19 1.000000000000003e+19 1.000000000000003e+19 1.000000000000003e+19 1.000000000000003e+19 1.000000000000003e+19 1.000000000000003e+19 1.000000000000003e+19
 1.000000000000003e+19 1.000000000000003e+19 1.000000000000003e+19 1.000000000000003e+19 1.000000000000003e+19 1.000000000000003e+19 1.000000000000003e+19 1.000000000000003e+19 1.000000000000003e+19 1.000000000000003e+19
 1.000000000000003e+19 1.000000000000003e+19 1.000000000000003e+19 1.000000000000003e+19 1.000000000000003e+19 1.000000000000003e+19 1.000000000000003e+19 1.000000000000003e+19 1.000000000000003e+19 1.000000000000003e+19
 1.000000000000003e+19 1.000000560000000e+19 1.000000000000003e+19 1.000000560000000e+19 1.000000000000003e+19 1.000000560000000e+19 1.000000000000003e+19 1.000000560000000e+19 1.000000000000003e+19 1.000000000000003e+19
 1.000000000000003e+19 1.000000000000003e+19 1.000000000000003e+19 1.000000000000003e+19 1.000000000000003e+19 1.000000000000003e+19 1.000000000000003e+19 1.000000000000003e+19 1.000000000000003e+19 1.000000000000003e+19
 1.000000000000003e+19 1.000000000000003e+19 1.000000000000003e+19 1.000000000000003e+19 1.000000000000003e+19 1.000000000000003e+19 1.000000000000003e+19 1.000000000000003e+19 1.000000000000003e+19 1.000000000000003e+19
 1.000000000000003e+19 1.000000000000003e+19 1.000000000000003e+19 1.000000000000003e+19 1.000000000000003e+19 1.000000000000003e+19 1.000000000000003e+19 1.000000000000003e+19 1.000000000000003e+19 1.000000000000003e+19
 1.000000000000003e+19 1.000000000000003e+19 1.000000000000003e+19 1.000000000000003e+19 1.000000000000003e+19 1.000000000000003e+19 1.000000000000003e+19 1.000000000000003e+19 1.000000000000003e+19 1.000000000000003e+19
 1.000000000000003e+19 1.000000000000003e+19 1.000000000000003e+19 1.000000000000003e+19 1.000000000000003e+19 1.000000000000003e+19 1.000000000000003e+19 1.000000000000003e+19 1.000000000000003e+19 1.000000000000003e+19
 1.000000000000003e+19 1.000000000000003e+19 1.000000000000003e+19 1.000000000000003e+19 1.000000000000003e+19 1.000000000000003e+19 1.000000000000003e+19 1.000000000000003e+19 1.000000000000003e+19 1.000000000000003e+19
 1.000000000000003e+19 1.000000000000003e+19 1.000000000000003e+19 1.000000000000003e+19 1.000000000000003e+19 1.000000000000003e+19 1.000000000000003e+19 1.000000000000003e+19 1.000000000000003e+19 1.000000000000003e+19
 1.000000000000003e+19 1.000000000000003e+19 1.000000000000003e+19 1.000000000000003e+19 1.000000000000003e+19 1.000000000000003e+19 1.000000000000003e+19 1.000000000000003e+19 1.000000000000003e+19 1.000000000000003e+19
 1.000000000000003e+19 1.000000000000003e+19 1.000000000000003e+19 1.000000000000003e+19 1.000000000000003e+19 1.000000000000003e+19 1.000000000000003e+19 1.000000000000003e+19 1.000000000000003e+19 1.000000000000003e+19
 1.000000000000003e+19 1.000000000000003e+19 1.000000000000003e+19 1.000000000000003e+19 1.000000000000003e+19 1.000000000000003e+19 1.000000000000003e+19 1.000000000000003e+19 1.000000000000003e+19 1.000000000000003e+19
 1.000000000000003e+19 1.000000000000003e+19 1.000000000000003e+19 1.000000000000003e+19 1.000000000000003e+19 1.000000000000003e+19 1.000000000000003e+19 1.000000000000003e+19 1.000000000000003e+19 1.000000000000003e+19
 1.000000000000003e+19 1.000000000000003e+19 1.000000000000003e+19 1.000000000000003e+19 1.000000000000003e+19 1.000000000000003e+19 1.000000000000003e+19 1.000000000000003e+19 1.000000000000003e+19 1.000000000000003e+19
 1.000000000000003e+19 1.000000000000003e+19 1.000000000000003e+19 1.000000000000003e+19 1.000000000000003e+19 1.000000000000003e+19 1.000000000000003e+19 1.000000000000003e+19 1.000000000000003e+19 1.000000000000003e+19
 1.000000000000003e+19 1.000000000000003e+19 1.000000000000003e+19 1.000000000000003e+19 1.000000000000003e+19 1.000000000000003e+19 1.000000000000003e+19 1.000000000000003e+19 1.000000000000003e+19 1.000000000000003e+19
 1.000000000000003e+19 1.000000000000003e+19 1.000000000000003e+19 1.000000000000003e+19 1.000000000000003e+19 1.000000000000003e+19 1.000000000000003e+19 1.000000000000003e+19 1.000000000000003e+19 1.000000000000003e+19
 1.000000000000003e+19 1.000000000000003e+19 1.000000000000003e+19 1.000000000000003e+19 1.000000000000003e+19 1.000000000000003e+19 1.000000000000003e+19 1.000000000000003e+19 1.000000000000003e+19 1.000000000000003e+19
 1.000000000000003e+19 1.000000000000003e+19 1.000000000000003e+19 1.000000000000003e+19 1.000000000000003e+19 1.000000000000003e+19 1.000000000000003e+19 1.000000000000003e+19 1.000000000000003e+19 1.000000000000003e+19
 1.000000000000003e+19 1.000000000000003e+19 1.000000000000003e+19 1.000000000000003e+19 1.000000000000003e+19 1.000000000000003e+19 1.000000000000003e+19 1.000000000000003e+19 1.000000000000003e+19 1.000000000000003e+19
 1.000000000000003e+19 1.000000000000003e+19 1.000000000000003e+19 1.000000000000003e+19 1.000000000000003e+19 1.000000000000003e+19 1.000000000000003e+19 1.000000000000003e+19 1.000000000000003e+19 1.000000000000003e+19
 1.000000000000003e+19 1.000000000000003e+19 1.000000000000003e+19 1.000000000000003e+19 1.000000000000003e+19 1.000000000000003e+19 1.000000000000003e+19 1.000000000000003e+19 1.000000000000003e+19 1.000000000000003e+19
 1.000000000000003e+19 1.000000000000003e+19 1.000000000000003e+19 1.000000000000003e+19 1.000000000000003e+19 1.000000000000003e+19 1.000000000000003e+19 1.000000000000003e+19 1.000000000000003e+19 1.000000000000003e+19
 1.000000000000003e+19 1.000000000000003e+19 1.000000000000003e+19 1.000000000000003e+19 1.000000000000003e+19 1.000000000000003e+19 1.000000000000003e+19 1.000000000000003e+19 1.000000000000003e+19 1.000000000000003e+19
 1.000000000000003e+19 1.000000000000003e+19 1.000000000000003e+19 1.000000000000003e+19 1.000000000000003e+19 1.000000000000003e+19 1.000000000000003e+19 1.000000000000003e+19 1.000000000000003e+19 1.000000000000003e+19
 1.000000000000003e+19 1.000000000000003e+19 1.000000000000003e+19 1.000000000000003e+19 1.000000000000003e+19 1.000000000000003e+19 1.000000000000003e+19 1.000000000000003e+19 1.000000000000003e+19 1.000000000000003e+19
 1.000000000000003e+19 1.000000000000003e+19 1.000000000000003e+19 1.000000000000003e+19 1.000000000000003e+19 1.000000000000003e+19 1.000000000000003e+19 1.000000000000003e+19 1.000000000000003e+19 1.000000000000003e+19
 1.000000000000003e+19 1.000000000000003e+19 1.000000000000003e+19 1.000000000000003e+19 1.000000000000003e+19 1.000000000000003e+19 1.000000000000003e+19 1.000000000000003e+19 1.000000000000003e+19 1.000000000000003e+19
 1.000000000000003e+19 1.000000000000003e+19 1.000000000000003e+19 1.000000000000003e+19 1.000000000000003e+19 1.000000000000003e+19 1.000000000000003e+19 1.000000000000003e+19 1.000000000000003e+19 1.000000000000003e+19
 1.000000000000003e+19 1.000000000000003e+19 1.000000000000003e+19 1.000000000000003e+19 1.000000000000003e+19 1.000000000000003e+19 1.000000000000003e+19 1.000000000000003e+19 1.000000000000003e+19 1.000000000000003e+19
 1.000000000000003e+19 1.000000000000003e+19 1.000000000000003e+19 1.000000000000003e+19 1.000000000000003e+19 1.000000000000003e+19 1.000000000000003e+19 1.000000000000003e+19 1.000000000000003e+19 1.000000000000003e+19
 1.000000000000003e+19 1.000000000000003e+19 1.000000000000003e+19 1.000000000000003e+19 1.000000000000003e+19 1.000000000000003e+19 1.000000000000003e+19 1.000000000000003e+19 1.000000000000003e+19 1.000000000000003e+19
 1.000000000000003e+19 1.000000000000003e+19 1.000000000000003e+19 1.000000000000003e+19 1.000000000000003e+19 1.000000000000003e+19 1.000000000000003e+19 1.000000000000003e+19 1.000000000000003e+19 1.000000000000003e+19
 1.000000000000003e+19 1.000000000000003e+19 1.000000000000003e+19 1.000000000000003e+19 1.000000000000003e+19 1.000000000000003e+19 1.000000000000003e+19 1.000000000000003e+19 1.000000000000003e+19 1.000000000000003e+19
 1.000000000000003e+19 1.000000000000003e+19 1.000000000000003e+19 1.000000000000003e+19 1.000000000000003e+19 1.000000000000003e+19 1.000000000000003e+19 1.000000000000003e+19 1.000000000000003e+19 1.000000000000003e+19
 1.000000000000003e+19 1.000000560000000e+19 1.000000000000003e+19 1.000000560000000e+19 1.000000000000003e+19 1.000000560000000e+19 1.000000000000003e+19 1.000000560000000e+19 1.000000000000003e+19 1.000000000000003e+19
 1.000000000000003e+19 1.000000000000003e+19 1.000000000000003e+19 1.000000000000003e+19 1.000000000000003e+19 1.000000000000003e+19 1.000000000000003e+19 1.000000000000003e+19 1.000000000000003e+19 1.000000000000003e+19
 1.000000000000003e+19 1.000000000000003e+19 1.000000000000003e+19 1.000000000000003e+19 1.000000000000003e+19 1.000000000000003e+19 1.000000000000003e+19 1.000000000000003e+19 1.000000000000003e+19 1.000000000000003e+19
 1.000000000000003e+19 1.000000000000003e+19 1.000000000000003e+19 1.000000000000003e+19 1.000000000000003e+19 1.000000000000003e+19 1.000000000000003e+19 1.000000000000003e+19 1.000000000000003e+19 1.000000000000003e+19
 1.000000000000003e+19 1.000000000000003e+19 1.000000000000003e+19 1.000000000000003e+19 1.000000000000003e+19 1.000000000000003e+19 1.000000000000003e+19 1.000000000000003e+19 1.000000000000003e+19 1.000000000000003e+19
 1.000000000000003e+19 1.000000000000003e+19 1.000000000000003e+19 1.000000000000003e+19 1.000000000000003e+19 1.000000000000003e+19 1.000000000000003e+19 1.000000000000003e+19 1.000000000000003e+19 1.000000000000003e+19
 1.000000000000003e+19 1.000000000000003e+19 1.000000000000003e+19 1.000000000000003e+19 1.000000000000003e+19 1.000000000000003e+19 1.000000000000003e+19 1.000000000000003e+19 1.000000000000003e+19 1.000000000000003e+19
 1.000000000000003e+19 1.000000000000003e+19 1.000000000000003e+19 1.000000000000003e+19 1.000000000000003e+19 1.000000000000003e+19 1.000000000000003e+19 1.000000000000003e+19 1.000000000000003e+19 1.000000000000003e+19
 1.000000000000003e+19 1.000000000000003e+19 1.000000000000003e+19 1.000000000000003e+19 1.000000000000003e+19 1.000000560000000e+19 1.000000000000003e+19 1.000000560000000e+19 1.000000000000003e+19 1.000000560000000e+19
 1.000000000000003e+19 1.000000560000000e+19 1.000000000000003e+19 1.000000000000003e+19 1.000000000000003e+19 1.000000000000003e+19 1.000000000000003e+19 1.000000000000003e+19 1.000000000000003e+19 1.000000000000003e+19
 1.000000000000003e+19 1.000000000000003e+19 1.000000000000003e+19 1.000000000000003e+19 1.000000000000003e+19 1.000000000000003e+19 1.000000000000003e+19 1.000000000000003e+19 1.000000000000003e+19 1.000000000000003e+19
 1.000000000000003e+19 1.000000000000003e+19 1.000000000000003e+19 1.000000000000003e+19 1.000000000000003e+19 1.000000000000003e+19 1.000000000000003e+19 1.000000000000003e+19 1.000000000000003e+19 1.000000000000003e+19
 1.000000000000003e+19 1.000000000000003e+19 1.000000000000003e+19 1.000000000000003e+19 1.000000000000003e+19 1.000000000000003e+19 1.000000000000003e+19 1.000000000000003e+19 1.000000000000003e+19 1.000000000000003e+19
 1.000000000000003e+19 1.000000000000003e+19 1.000000000000003e+19 1.000000000000003e+19 1.000000000000003e+19 1.000000000000003e+19 1.000000000000003e+19 1.000000000000003e+19 1.000000000000003e+19 1.000000000000003e+19
 1.000000000000003e+19 1.000000000000003e+19 1.000000000000003e+19 1.000000000000003e+19 1.000000000000003e+19 1.000000000000003e+19 1.000000000000003e+19 1.000000000000003e+19 1.000000000000003e+19 1.000000000000003e+19
 1.000000000000003e+19 1.000000000000003e+19 1.000000000000003e+19 1.000000000000003e+19 1.000000000000003e+19 1.000000000000003e+19 1.000000000000003e+19 1.000000000000003e+19 1.000000000000003e+19 1.000000000000003e+19
 1.000000000000003e+19 1.000000000000003e+19 1.000000000000003e+19 1.000000000000003e+19 1.000000000000003e+19 1.000000000000003e+19 1.000000000000003e+19 1.000000000000003e+19 1.000000000000003e+19 1.000000000000003e+19
 1.000000000000003e+19 1.000000000000003e+19 1.000000000000003e+19 1.000000000000003e+19 1.000000000000003e+19 1.000000000000003e+19 1.000000000000003e+19 1.000000000000003e+19 1.000000000000003e+19 1.000000000000003e+19
 1.000000000000003e+19 1.000000000000003e+19 1.000000000000003e+19 1.000000000000003e+19 1.000000000000003e+19 1.000000000000003e+19 1.000000000000003e+19 1.000000000000003e+19 1.000000000000003e+19 1.000000000000003e+19
 1.000000000000003e+19 1.000000000000003e+19 1.000000000000003e+19 1.000000000000003e+19 1.000000000000003e+19 1.000000000000003e+19 1.000000000000003e+19 1.000000000000003e+19 1.000000000000003e+19 1.000000000000003e+19
 1.000000000000003e+19 1.000000000000003e+19 1.000000000000003e+19 1.000000000000003e+19 1.000000000000003e+19 1.000000000000003e+19 1.000000000000003e+19 1.000000000000003e+19 1.000000000000003e+19 1.000000000000003e+19
 1.000000000000003e+19 1.000000000000003e+19 1.000000000000003e+19 1.000000000000003e+19 1.000000000000003e+19 1.000000000000003e+19 1.000000000000003e+19 1.000000000000003e+19 1.000000000000003e+19 1.000000000000003e+19
 1.000000000000003e+19 1.000000000000003e+19 1.000000000000003e+19 1.000000000000003e+19 1.000000000000003e+19 1.000000000000003e+19 1.000000000000003e+19 1.000000000000003e+19 1.000000000000003e+19 1.000000000000003e+19
 1.000000000000003e+19 1.000000000000003e+19 1.000000000000003e+19 1.000000000000003e+19 1.000000000000003e+19 1.000000000000003e+19 1.000000000000003e+19 1.000000000000003e+19 1.000000000000003e+19 1.000000000000003e+19
 1.000000000000003e+19 1.000000000000003e+19 1.000000000000003e+19 1.000000000000003e+19 1.000000000000003e+19 1.000000000000003e+19 1.000000000000003e+19 1.000000000000003e+19 1.000000000000003e+19 1.000000000000003e+19
 1.000000000000003e+19 1.000000000000003e+19 1.000000000000003e+19 1.000000000000003e+19 1.000000000000003e+19 1.000000000000003e+19 1.000000000000003e+19 1.000000000000003e+19 1.000000000000003e+19 1.000000000000003e+19
 1.000000000000003e+19 1.000000000000003e+19 1.000000000000003e+19 1.000000000000003e+19 1.000000000000003e+19 1.000000000000003e+19 1.000000000000003e+19 1.000000000000003e+19 1.000000000000003e+19 1.000000000000003e+19
 1.000000000000003e+19 1.000000000000003e+19 1.000000000000003e+19 1.000000000000003e+19 1.000000000000003e+19 1.000000000000003e+19 1.000000000000003e+19 1.000000000000003e+19 1.000000000000003e+19 1.000000000000003e+19
 1.000000000000003e+19 1.000000000000003e+19 1.000000000000003e+19 1.000000000000003e+19 1.000000000000003e+19 1.000000000000003e+19 1.000000000000003e+19 1.000000000000003e+19 1.000000000000003e+19 1.000000000000003e+19
 1.000000000000003e+19 1.000000000000003e+19 1.000000000000003e+19 1.000000000000003e+19 1.000000000000003e+19 1.000000000000003e+19 1.000000000000003e+19 1.000000560000000e+19 1.000000000000003e+19 1.000000560000000e+19
 1.000000000000003e+19 1.000000560000000e+19 1.000000000000003e+19 1.000000560000000e+19 1.000000000000003e+19 1.000000000000003e+19 1.000000000000003e+19 1.000000000000003e+19 1.000000000000003e+19 1.000000000000003e+19
 1.000000000000003e+19 1.000000000000003e+19 1.000000000000003e+19 1.000000000000003e+19 1.000000000000003e+19 1.000000000000003e+19 1.000000000000003e+19 1.000000000000003e+19 1.000000000000003e+19 1.000000000000003e+19
 1.000000000000003e+19 1.000000000000003e+19 1.000000000000003e+19 1.000000000000003e+19 1.000000000000003e+19 1.000000000000003e+19 1.000000000000003e+19 1.000000000000003e+19 1.000000000000003e+19 1.000000000000003e+19
 1.000000000000003e+19 1.000000000000003e+19 1.000000000000003e+19 1.000000000000003e+19 1.000000000000003e+19 1.000000000000003e+19 1.000000000000003e+19 1.000000000000003e+19 1.000000000000003e+19 1.000000000000003e+19
 1.000000000000003e+19 1.000000000000003e+19 1.000000000000003e+19 1.000000000000003e+19 1.000000000000003e+19 1.000000000000003e+19 1.000000000000003e+19 1.000000000000003e+19 1.000000000000003e+19 1.000000000000003e+19
 1.000000000000003e+19 1.000000000000003e+19 1.000000000000003e+19 1.000000000000003e+19 1.000000000000003e+19 1.000000000000003e+19 1.000000000000003e+19 1.000000000000003e+19 1.000000000000003e+19 1.000000000000003e+19
 1.000000000000003e+19 1.000000000000003e+19 1.000000000000003e+19 1.000000000000003e+19 1.000000000000003e+19 1.000000000000003e+19 1.000000000000003e+19 1.000000000000003e+19 1.000000000000003e+19 1.000000000000003e+19
 1.000000000000003e+19 1.000000000000003e+19 1.000000000000003e+19 1.000000000000003e+19 1.000000000000003e+19 1.000000000000003e+19 1.000000000000003e+19 1.000000000000003e+19 1.000000000000003e+19 1.000000000000003e+19
 1.000000000000003e+19 1.000000000000003e+19 1.000000000000003e+19 1.000000000000003e+19 1.000000000000003e+19 1.000000000000003e+19 1.000000000000003e+19 1.000000000000003e+19 1.000000000000003e+19 1.000000000000003e+19
 1.000000000000003e+19 1.000000000000003e+19 1.000000000000003e+19 1.000000000000003e+19 1.000000000000003e+19 1.000000000000003e+19 1.000000000000003e+19 1.000000000000003e+19 1.000000000000003e+19 1.000000000000003e+19
 1.000000000000003e+19 1.000000000000003e+19 1.000000000000003e+19 1.000000000000003e+19 1.000000000000003e+19 1.000000000000003e+19 1.000000000000003e+19 1.000000000000003e+19 1.000000000000003e+19 1.000000000000003e+19
 1.000000000000003e+19 1.000000000000003e+19 1.000000000000003e+19 1.000000000000003e+19 1.000000000000003e+19 1.000000000000003e+19 1.000000000000003e+19 1.000000000000003e+19 1.000000000000003e+19 1.000000000000003e+19
 1.000000000000003e+19 1.000000000000003e+19 1.000000000000003e+19 1.000000000000003e+19 1.000000000000003e+19 1.000000000000003e+19 1.000000000000003e+19 1.000000000000003e+19 1.000000000000003e+19 1.000000000000003e+19
 1.000000000000003e+19 1.000000000000003e+19 1.000000000000003e+19 1.000000000000003e+19 1.000000000000003e+19 1.000000000000003e+19 1.000000000000003e+19 1.000000000000003e+19 1.000000000000003e+19 1.000000000000003e+19
 1.000000000000003e+19 1.000000000000003e+19 1.000000000000003e+19 1.000000000000003e+19 1.000000000000003e+19 1.000000560000000e+19 1.000000000000003e+19 1.000000560000000e+19 1.000000000000003e+19 1.000000000000003e+19
 1.000000000000003e+19 1.000000000000003e+19 1.000000000000003e+19 1.000000000000003e+19 1.000000000000003e+19 1.000000000000003e+19 1.000000000000003e+19 1.000000000000003e+19 1.000000000000003e+19 1.000000000000003e+19
 1.000000000000003e+19 1.000000000000003e+19 1.000000000000003e+19 1.000000000000003e+19 1.000000000000003e+19 1.000000000000003e+19 1.000000000000003e+19 1.000000000000003e+19 1.000000000000003e+19 1.000000000000003e+19
 1.000000000000003e+19 1.000000000000003e+19 1.000000000000003e+19 1.000000000000003e+19 1.000000000000003e+19 1.000000000000003e+19 1.000000000000003e+19 1.000000000000003e+19 1.000000000000003e+19 1.000000000000003e+19
 1.000000000000003e+19 1.000000000000003e+19 1.000000000000003e+19 1.000000000000003e+19 1.000000000000003e+19 1.000000000000003e+19 1.000000000000003e+19 1.000000000000003e+19 1.000000000000003e+19 1.000000000000003e+19
 1.000000000000003e+19 1.000000000000003e+19 1.000000000000003e+19 1.000000000000003e+19 1.000000000000003e+19 1.000000000000003e+19 1.000000000000003e+19 1.000000000000003e+19 1.000000000000003e+19 1.000000000000003e+19
 1.000000000000003e+19 1.000000000000003e+19 1.000000000000003e+19 1.000000000000003e+19 1.000000000000003e+19 1.000000000000003e+19 1.000000000000003e+19 1.000000000000003e+19 1.000000000000003e+19 1.000000000000003e+19
 1.000000000000003e+19 1.000000000000003e+19 1.000000000000003e+19 1.000000000000003e+19 1.000000000000003e+19 1.000000000000003e+19 1.000000000000003e+19 1.000000000000003e+19 1.000000000000003e+19 1.000000560000000e+19
 1.000000000000003e+19 1.000000000000003e+19 1.000000000000003e+19 1.000000000000003e+19 1.000000000000003e+19 1.000000000000003e+19 1.000000000000003e+19 1.000000000000003e+19 1.000000000000003e+19 1.000000000000003e+19
 1.000000000000003e+19 1.000000000000003e+19 1.000000000000003e+19 1.000000000000003e+19 1.000000000000003e+19 1.000000000000003e+19 1.000000000000003e+19 1.000000000000003e+19 1.000000000000003e+19 1.000000000000003e+19
 1.000000000000003e+19 1.000000000000003e+19 1.000000000000003e+19 1.000000000000003e+19 1.000000000000003e+19 1.000000000000003e+19 1.000000000000003e+19 1.000000000000003e+19 1.000000000000003e+19 1.000000000000003e+19
 1.000000000000003e+19 1.000000000000003e+19 1.000000000000003e+19 1.000000000000003e+19 1.000000000000003e+19 1.000000000000003e+19 1.000000000000003e+19 1.000000000000003e+19 1.000000000000003e+19 1.000000000000003e+19
 1.000000000000003e+19 1.000000000000003e+19 1.000000000000003e+19 1.000000000000003e+19 1.000000000000003e+19 1.000000000000003e+19 1.000000000000003e+19 1.000000000000003e+19 1.000000000000003e+19 1.000000000000003e+19
 1.000000000000003e+19 1.000000000000003e+19 1.000000000000003e+19 1.000000000000003e+19 1.000000000000003e+19 1.000000000000003e+19 1.000000000000003e+19 1.000000000000003e+19 1.000000000000003e+19 1.000000000000003e+19
 1.000000000000003e+19 1.000000000000003e+19 1.000000000000003e+19 1.000000000000003e+19 1.000000000000003e+19 1.000000000000003e+19 1.000000000000003e+19 1.000000000000003e+19 1.000000000000003e+19 1.000000000000003e+19
 1.000000000000003e+19 1.000000560000000e+19 1.000000560000000e+19 1.000000000000003e+19 1.000000000000003e+19
    }
  }

  Dataset ("PMIUserField0") {
    function  = PMIUserField0
    type      = scalar
    dimension = 1
    location  = vertex
    validity  = [ "n_plus" ]
    Values (2405) {
 0.000000000000000e+00 0.000000000000000e+00 0.000000000000000e+00 0.000000000000000e+00 0.000000000000000e+00 0.000000000000000e+00 0.000000000000000e+00 0.000000000000000e+00 0.000000000000000e+00 0.000000000000000e+00
 0.000000000000000e+00 0.000000000000000e+00 0.000000000000000e+00 0.000000000000000e+00 0.000000000000000e+00 0.000000000000000e+00 0.000000000000000e+00 0.000000000000000e+00 0.000000000000000e+00 0.000000000000000e+00
 0.000000000000000e+00 0.000000000000000e+00 0.000000000000000e+00 0.000000000000000e+00 0.000000000000000e+00 0.000000000000000e+00 0.000000000000000e+00 0.000000000000000e+00 0.000000000000000e+00 0.000000000000000e+00
 0.000000000000000e+00 0.000000000000000e+00 0.000000000000000e+00 0.000000000000000e+00 0.000000000000000e+00 0.000000000000000e+00 0.000000000000000e+00 0.000000000000000e+00 0.000000000000000e+00 0.000000000000000e+00
 0.000000000000000e+00 0.000000000000000e+00 0.000000000000000e+00 0.000000000000000e+00 0.000000000000000e+00 0.000000000000000e+00 0.000000000000000e+00 0.000000000000000e+00 0.000000000000000e+00 0.000000000000000e+00
 0.000000000000000e+00 0.000000000000000e+00 0.000000000000000e+00 0.000000000000000e+00 0.000000000000000e+00 0.000000000000000e+00 0.000000000000000e+00 0.000000000000000e+00 0.000000000000000e+00 0.000000000000000e+00
 0.000000000000000e+00 0.000000000000000e+00 0.000000000000000e+00 0.000000000000000e+00 0.000000000000000e+00 0.000000000000000e+00 0.000000000000000e+00 0.000000000000000e+00 0.000000000000000e+00 0.000000000000000e+00
 0.000000000000000e+00 0.000000000000000e+00 0.000000000000000e+00 0.000000000000000e+00 0.000000000000000e+00 0.000000000000000e+00 0.000000000000000e+00 0.000000000000000e+00 0.000000000000000e+00 0.000000000000000e+00
 0.000000000000000e+00 0.000000000000000e+00 0.000000000000000e+00 0.000000000000000e+00 0.000000000000000e+00 0.000000000000000e+00 0.000000000000000e+00 0.000000000000000e+00 0.000000000000000e+00 0.000000000000000e+00
 0.000000000000000e+00 0.000000000000000e+00 0.000000000000000e+00 0.000000000000000e+00 0.000000000000000e+00 0.000000000000000e+00 0.000000000000000e+00 0.000000000000000e+00 0.000000000000000e+00 0.000000000000000e+00
 0.000000000000000e+00 0.000000000000000e+00 0.000000000000000e+00 0.000000000000000e+00 0.000000000000000e+00 0.000000000000000e+00 0.000000000000000e+00 0.000000000000000e+00 0.000000000000000e+00 0.000000000000000e+00
 0.000000000000000e+00 0.000000000000000e+00 0.000000000000000e+00 0.000000000000000e+00 0.000000000000000e+00 0.000000000000000e+00 0.000000000000000e+00 0.000000000000000e+00 0.000000000000000e+00 0.000000000000000e+00
 0.000000000000000e+00 0.000000000000000e+00 0.000000000000000e+00 0.000000000000000e+00 0.000000000000000e+00 0.000000000000000e+00 0.000000000000000e+00 0.000000000000000e+00 0.000000000000000e+00 0.000000000000000e+00
 0.000000000000000e+00 0.000000000000000e+00 0.000000000000000e+00 0.000000000000000e+00 0.000000000000000e+00 0.000000000000000e+00 0.000000000000000e+00 0.000000000000000e+00 0.000000000000000e+00 0.000000000000000e+00
 0.000000000000000e+00 0.000000000000000e+00 0.000000000000000e+00 0.000000000000000e+00 0.000000000000000e+00 0.000000000000000e+00 0.000000000000000e+00 0.000000000000000e+00 0.000000000000000e+00 0.000000000000000e+00
 0.000000000000000e+00 0.000000000000000e+00 0.000000000000000e+00 0.000000000000000e+00 0.000000000000000e+00 0.000000000000000e+00 0.000000000000000e+00 0.000000000000000e+00 0.000000000000000e+00 0.000000000000000e+00
 0.000000000000000e+00 0.000000000000000e+00 0.000000000000000e+00 0.000000000000000e+00 0.000000000000000e+00 0.000000000000000e+00 0.000000000000000e+00 0.000000000000000e+00 0.000000000000000e+00 0.000000000000000e+00
 0.000000000000000e+00 0.000000000000000e+00 0.000000000000000e+00 0.000000000000000e+00 0.000000000000000e+00 0.000000000000000e+00 0.000000000000000e+00 0.000000000000000e+00 0.000000000000000e+00 0.000000000000000e+00
 0.000000000000000e+00 0.000000000000000e+00 0.000000000000000e+00 0.000000000000000e+00 0.000000000000000e+00 0.000000000000000e+00 0.000000000000000e+00 0.000000000000000e+00 0.000000000000000e+00 0.000000000000000e+00
 0.000000000000000e+00 0.000000000000000e+00 0.000000000000000e+00 0.000000000000000e+00 0.000000000000000e+00 0.000000000000000e+00 0.000000000000000e+00 0.000000000000000e+00 0.000000000000000e+00 0.000000000000000e+00
 0.000000000000000e+00 0.000000000000000e+00 0.000000000000000e+00 0.000000000000000e+00 0.000000000000000e+00 0.000000000000000e+00 0.000000000000000e+00 0.000000000000000e+00 0.000000000000000e+00 0.000000000000000e+00
 0.000000000000000e+00 0.000000000000000e+00 0.000000000000000e+00 0.000000000000000e+00 0.000000000000000e+00 0.000000000000000e+00 0.000000000000000e+00 0.000000000000000e+00 0.000000000000000e+00 0.000000000000000e+00
 0.000000000000000e+00 0.000000000000000e+00 0.000000000000000e+00 0.000000000000000e+00 0.000000000000000e+00 0.000000000000000e+00 0.000000000000000e+00 0.000000000000000e+00 0.000000000000000e+00 0.000000000000000e+00
 0.000000000000000e+00 0.000000000000000e+00 0.000000000000000e+00 0.000000000000000e+00 0.000000000000000e+00 0.000000000000000e+00 0.000000000000000e+00 0.000000000000000e+00 0.000000000000000e+00 0.000000000000000e+00
 0.000000000000000e+00 0.000000000000000e+00 0.000000000000000e+00 0.000000000000000e+00 0.000000000000000e+00 0.000000000000000e+00 0.000000000000000e+00 0.000000000000000e+00 0.000000000000000e+00 0.000000000000000e+00
 0.000000000000000e+00 0.000000000000000e+00 0.000000000000000e+00 0.000000000000000e+00 0.000000000000000e+00 0.000000000000000e+00 0.000000000000000e+00 0.000000000000000e+00 0.000000000000000e+00 0.000000000000000e+00
 0.000000000000000e+00 0.000000000000000e+00 0.000000000000000e+00 0.000000000000000e+00 0.000000000000000e+00 0.000000000000000e+00 0.000000000000000e+00 0.000000000000000e+00 0.000000000000000e+00 0.000000000000000e+00
 0.000000000000000e+00 0.000000000000000e+00 0.000000000000000e+00 0.000000000000000e+00 0.000000000000000e+00 0.000000000000000e+00 0.000000000000000e+00 0.000000000000000e+00 0.000000000000000e+00 0.000000000000000e+00
 0.000000000000000e+00 0.000000000000000e+00 0.000000000000000e+00 0.000000000000000e+00 0.000000000000000e+00 0.000000000000000e+00 0.000000000000000e+00 0.000000000000000e+00 0.000000000000000e+00 0.000000000000000e+00
 0.000000000000000e+00 0.000000000000000e+00 0.000000000000000e+00 0.000000000000000e+00 0.000000000000000e+00 0.000000000000000e+00 0.000000000000000e+00 0.000000000000000e+00 0.000000000000000e+00 0.000000000000000e+00
 0.000000000000000e+00 0.000000000000000e+00 0.000000000000000e+00 0.000000000000000e+00 0.000000000000000e+00 0.000000000000000e+00 0.000000000000000e+00 0.000000000000000e+00 0.000000000000000e+00 0.000000000000000e+00
 0.000000000000000e+00 0.000000000000000e+00 0.000000000000000e+00 0.000000000000000e+00 0.000000000000000e+00 0.000000000000000e+00 0.000000000000000e+00 0.000000000000000e+00 0.000000000000000e+00 0.000000000000000e+00
 0.000000000000000e+00 0.000000000000000e+00 0.000000000000000e+00 0.000000000000000e+00 0.000000000000000e+00 0.000000000000000e+00 0.000000000000000e+00 0.000000000000000e+00 0.000000000000000e+00 0.000000000000000e+00
 0.000000000000000e+00 0.000000000000000e+00 0.000000000000000e+00 0.000000000000000e+00 0.000000000000000e+00 0.000000000000000e+00 0.000000000000000e+00 0.000000000000000e+00 0.000000000000000e+00 0.000000000000000e+00
 0.000000000000000e+00 0.000000000000000e+00 0.000000000000000e+00 0.000000000000000e+00 0.000000000000000e+00 0.000000000000000e+00 0.000000000000000e+00 0.000000000000000e+00 0.000000000000000e+00 0.000000000000000e+00
 0.000000000000000e+00 0.000000000000000e+00 0.000000000000000e+00 0.000000000000000e+00 0.000000000000000e+00 0.000000000000000e+00 0.000000000000000e+00 0.000000000000000e+00 0.000000000000000e+00 0.000000000000000e+00
 0.000000000000000e+00 0.000000000000000e+00 0.000000000000000e+00 0.000000000000000e+00 0.000000000000000e+00 0.000000000000000e+00 0.000000000000000e+00 0.000000000000000e+00 0.000000000000000e+00 0.000000000000000e+00
 0.000000000000000e+00 0.000000000000000e+00 0.000000000000000e+00 0.000000000000000e+00 0.000000000000000e+00 0.000000000000000e+00 0.000000000000000e+00 0.000000000000000e+00 0.000000000000000e+00 0.000000000000000e+00
 0.000000000000000e+00 0.000000000000000e+00 0.000000000000000e+00 0.000000000000000e+00 0.000000000000000e+00 0.000000000000000e+00 0.000000000000000e+00 0.000000000000000e+00 0.000000000000000e+00 0.000000000000000e+00
 0.000000000000000e+00 0.000000000000000e+00 0.000000000000000e+00 0.000000000000000e+00 0.000000000000000e+00 0.000000000000000e+00 0.000000000000000e+00 0.000000000000000e+00 0.000000000000000e+00 0.000000000000000e+00
 0.000000000000000e+00 0.000000000000000e+00 0.000000000000000e+00 0.000000000000000e+00 0.000000000000000e+00 0.000000000000000e+00 0.000000000000000e+00 0.000000000000000e+00 0.000000000000000e+00 0.000000000000000e+00
 0.000000000000000e+00 0.000000000000000e+00 0.000000000000000e+00 0.000000000000000e+00 0.000000000000000e+00 0.000000000000000e+00 0.000000000000000e+00 0.000000000000000e+00 0.000000000000000e+00 0.000000000000000e+00
 0.000000000000000e+00 0.000000000000000e+00 0.000000000000000e+00 0.000000000000000e+00 0.000000000000000e+00 0.000000000000000e+00 0.000000000000000e+00 0.000000000000000e+00 0.000000000000000e+00 0.000000000000000e+00
 0.000000000000000e+00 0.000000000000000e+00 0.000000000000000e+00 0.000000000000000e+00 0.000000000000000e+00 0.000000000000000e+00 0.000000000000000e+00 0.000000000000000e+00 0.000000000000000e+00 0.000000000000000e+00
 0.000000000000000e+00 0.000000000000000e+00 0.000000000000000e+00 0.000000000000000e+00 0.000000000000000e+00 0.000000000000000e+00 0.000000000000000e+00 0.000000000000000e+00 0.000000000000000e+00 0.000000000000000e+00
 0.000000000000000e+00 0.000000000000000e+00 0.000000000000000e+00 0.000000000000000e+00 0.000000000000000e+00 0.000000000000000e+00 0.000000000000000e+00 0.000000000000000e+00 0.000000000000000e+00 0.000000000000000e+00
 0.000000000000000e+00 0.000000000000000e+00 0.000000000000000e+00 0.000000000000000e+00 0.000000000000000e+00 0.000000000000000e+00 0.000000000000000e+00 0.000000000000000e+00 0.000000000000000e+00 0.000000000000000e+00
 0.000000000000000e+00 0.000000000000000e+00 0.000000000000000e+00 0.000000000000000e+00 0.000000000000000e+00 0.000000000000000e+00 0.000000000000000e+00 0.000000000000000e+00 0.000000000000000e+00 0.000000000000000e+00
 0.000000000000000e+00 0.000000000000000e+00 0.000000000000000e+00 0.000000000000000e+00 0.000000000000000e+00 0.000000000000000e+00 0.000000000000000e+00 0.000000000000000e+00 0.000000000000000e+00 0.000000000000000e+00
 0.000000000000000e+00 0.000000000000000e+00 0.000000000000000e+00 0.000000000000000e+00 0.000000000000000e+00 0.000000000000000e+00 0.000000000000000e+00 0.000000000000000e+00 0.000000000000000e+00 0.000000000000000e+00
 0.000000000000000e+00 0.000000000000000e+00 0.000000000000000e+00 0.000000000000000e+00 0.000000000000000e+00 0.000000000000000e+00 0.000000000000000e+00 0.000000000000000e+00 0.000000000000000e+00 0.000000000000000e+00
 0.000000000000000e+00 0.000000000000000e+00 0.000000000000000e+00 0.000000000000000e+00 0.000000000000000e+00 0.000000000000000e+00 0.000000000000000e+00 0.000000000000000e+00 0.000000000000000e+00 0.000000000000000e+00
 0.000000000000000e+00 0.000000000000000e+00 0.000000000000000e+00 0.000000000000000e+00 0.000000000000000e+00 0.000000000000000e+00 0.000000000000000e+00 0.000000000000000e+00 0.000000000000000e+00 0.000000000000000e+00
 0.000000000000000e+00 0.000000000000000e+00 0.000000000000000e+00 0.000000000000000e+00 0.000000000000000e+00 0.000000000000000e+00 0.000000000000000e+00 0.000000000000000e+00 0.000000000000000e+00 0.000000000000000e+00
 0.000000000000000e+00 0.000000000000000e+00 0.000000000000000e+00 0.000000000000000e+00 0.000000000000000e+00 0.000000000000000e+00 0.000000000000000e+00 0.000000000000000e+00 0.000000000000000e+00 0.000000000000000e+00
 0.000000000000000e+00 0.000000000000000e+00 0.000000000000000e+00 0.000000000000000e+00 0.000000000000000e+00 0.000000000000000e+00 0.000000000000000e+00 0.000000000000000e+00 0.000000000000000e+00 0.000000000000000e+00
 0.000000000000000e+00 0.000000000000000e+00 0.000000000000000e+00 0.000000000000000e+00 0.000000000000000e+00 0.000000000000000e+00 0.000000000000000e+00 0.000000000000000e+00 0.000000000000000e+00 0.000000000000000e+00
 0.000000000000000e+00 0.000000000000000e+00 0.000000000000000e+00 0.000000000000000e+00 0.000000000000000e+00 0.000000000000000e+00 0.000000000000000e+00 0.000000000000000e+00 0.000000000000000e+00 0.000000000000000e+00
 0.000000000000000e+00 0.000000000000000e+00 0.000000000000000e+00 0.000000000000000e+00 0.000000000000000e+00 0.000000000000000e+00 0.000000000000000e+00 0.000000000000000e+00 0.000000000000000e+00 0.000000000000000e+00
 0.000000000000000e+00 0.000000000000000e+00 0.000000000000000e+00 0.000000000000000e+00 0.000000000000000e+00 0.000000000000000e+00 0.000000000000000e+00 0.000000000000000e+00 0.000000000000000e+00 0.000000000000000e+00
 0.000000000000000e+00 0.000000000000000e+00 0.000000000000000e+00 0.000000000000000e+00 0.000000000000000e+00 0.000000000000000e+00 0.000000000000000e+00 0.000000000000000e+00 0.000000000000000e+00 0.000000000000000e+00
 0.000000000000000e+00 0.000000000000000e+00 0.000000000000000e+00 0.000000000000000e+00 0.000000000000000e+00 0.000000000000000e+00 0.000000000000000e+00 0.000000000000000e+00 0.000000000000000e+00 0.000000000000000e+00
 0.000000000000000e+00 0.000000000000000e+00 0.000000000000000e+00 0.000000000000000e+00 0.000000000000000e+00 0.000000000000000e+00 0.000000000000000e+00 0.000000000000000e+00 0.000000000000000e+00 0.000000000000000e+00
 0.000000000000000e+00 0.000000000000000e+00 0.000000000000000e+00 0.000000000000000e+00 0.000000000000000e+00 0.000000000000000e+00 0.000000000000000e+00 0.000000000000000e+00 0.000000000000000e+00 0.000000000000000e+00
 0.000000000000000e+00 0.000000000000000e+00 0.000000000000000e+00 0.000000000000000e+00 0.000000000000000e+00 0.000000000000000e+00 0.000000000000000e+00 0.000000000000000e+00 0.000000000000000e+00 0.000000000000000e+00
 0.000000000000000e+00 0.000000000000000e+00 0.000000000000000e+00 0.000000000000000e+00 0.000000000000000e+00 0.000000000000000e+00 0.000000000000000e+00 0.000000000000000e+00 0.000000000000000e+00 0.000000000000000e+00
 0.000000000000000e+00 0.000000000000000e+00 0.000000000000000e+00 0.000000000000000e+00 0.000000000000000e+00 0.000000000000000e+00 0.000000000000000e+00 0.000000000000000e+00 0.000000000000000e+00 0.000000000000000e+00
 0.000000000000000e+00 0.000000000000000e+00 0.000000000000000e+00 0.000000000000000e+00 0.000000000000000e+00 0.000000000000000e+00 0.000000000000000e+00 0.000000000000000e+00 0.000000000000000e+00 0.000000000000000e+00
 0.000000000000000e+00 0.000000000000000e+00 0.000000000000000e+00 0.000000000000000e+00 0.000000000000000e+00 0.000000000000000e+00 0.000000000000000e+00 0.000000000000000e+00 0.000000000000000e+00 0.000000000000000e+00
 0.000000000000000e+00 0.000000000000000e+00 0.000000000000000e+00 0.000000000000000e+00 0.000000000000000e+00 0.000000000000000e+00 0.000000000000000e+00 0.000000000000000e+00 0.000000000000000e+00 0.000000000000000e+00
 0.000000000000000e+00 0.000000000000000e+00 0.000000000000000e+00 0.000000000000000e+00 0.000000000000000e+00 0.000000000000000e+00 0.000000000000000e+00 0.000000000000000e+00 0.000000000000000e+00 0.000000000000000e+00
 0.000000000000000e+00 0.000000000000000e+00 0.000000000000000e+00 0.000000000000000e+00 0.000000000000000e+00 0.000000000000000e+00 0.000000000000000e+00 0.000000000000000e+00 0.000000000000000e+00 0.000000000000000e+00
 0.000000000000000e+00 0.000000000000000e+00 0.000000000000000e+00 0.000000000000000e+00 0.000000000000000e+00 0.000000000000000e+00 0.000000000000000e+00 0.000000000000000e+00 0.000000000000000e+00 0.000000000000000e+00
 0.000000000000000e+00 0.000000000000000e+00 0.000000000000000e+00 0.000000000000000e+00 0.000000000000000e+00 0.000000000000000e+00 0.000000000000000e+00 0.000000000000000e+00 0.000000000000000e+00 0.000000000000000e+00
 0.000000000000000e+00 0.000000000000000e+00 0.000000000000000e+00 0.000000000000000e+00 0.000000000000000e+00 0.000000000000000e+00 0.000000000000000e+00 0.000000000000000e+00 0.000000000000000e+00 0.000000000000000e+00
 0.000000000000000e+00 0.000000000000000e+00 0.000000000000000e+00 0.000000000000000e+00 0.000000000000000e+00 0.000000000000000e+00 0.000000000000000e+00 0.000000000000000e+00 0.000000000000000e+00 0.000000000000000e+00
 0.000000000000000e+00 0.000000000000000e+00 0.000000000000000e+00 0.000000000000000e+00 0.000000000000000e+00 0.000000000000000e+00 0.000000000000000e+00 0.000000000000000e+00 0.000000000000000e+00 0.000000000000000e+00
 0.000000000000000e+00 0.000000000000000e+00 0.000000000000000e+00 0.000000000000000e+00 0.000000000000000e+00 0.000000000000000e+00 0.000000000000000e+00 0.000000000000000e+00 0.000000000000000e+00 0.000000000000000e+00
 0.000000000000000e+00 0.000000000000000e+00 0.000000000000000e+00 0.000000000000000e+00 0.000000000000000e+00 0.000000000000000e+00 0.000000000000000e+00 0.000000000000000e+00 0.000000000000000e+00 0.000000000000000e+00
 0.000000000000000e+00 0.000000000000000e+00 0.000000000000000e+00 0.000000000000000e+00 0.000000000000000e+00 0.000000000000000e+00 0.000000000000000e+00 0.000000000000000e+00 0.000000000000000e+00 0.000000000000000e+00
 0.000000000000000e+00 0.000000000000000e+00 0.000000000000000e+00 0.000000000000000e+00 0.000000000000000e+00 0.000000000000000e+00 0.000000000000000e+00 0.000000000000000e+00 0.000000000000000e+00 0.000000000000000e+00
 0.000000000000000e+00 0.000000000000000e+00 0.000000000000000e+00 0.000000000000000e+00 0.000000000000000e+00 0.000000000000000e+00 0.000000000000000e+00 0.000000000000000e+00 0.000000000000000e+00 0.000000000000000e+00
 0.000000000000000e+00 0.000000000000000e+00 0.000000000000000e+00 0.000000000000000e+00 0.000000000000000e+00 0.000000000000000e+00 0.000000000000000e+00 0.000000000000000e+00 0.000000000000000e+00 0.000000000000000e+00
 0.000000000000000e+00 0.000000000000000e+00 0.000000000000000e+00 0.000000000000000e+00 0.000000000000000e+00 0.000000000000000e+00 0.000000000000000e+00 0.000000000000000e+00 0.000000000000000e+00 0.000000000000000e+00
 0.000000000000000e+00 0.000000000000000e+00 0.000000000000000e+00 0.000000000000000e+00 0.000000000000000e+00 0.000000000000000e+00 0.000000000000000e+00 0.000000000000000e+00 0.000000000000000e+00 0.000000000000000e+00
 0.000000000000000e+00 0.000000000000000e+00 0.000000000000000e+00 0.000000000000000e+00 0.000000000000000e+00 0.000000000000000e+00 0.000000000000000e+00 0.000000000000000e+00 0.000000000000000e+00 0.000000000000000e+00
 0.000000000000000e+00 0.000000000000000e+00 0.000000000000000e+00 0.000000000000000e+00 0.000000000000000e+00 0.000000000000000e+00 0.000000000000000e+00 0.000000000000000e+00 0.000000000000000e+00 0.000000000000000e+00
 0.000000000000000e+00 0.000000000000000e+00 0.000000000000000e+00 0.000000000000000e+00 0.000000000000000e+00 0.000000000000000e+00 0.000000000000000e+00 0.000000000000000e+00 0.000000000000000e+00 0.000000000000000e+00
 0.000000000000000e+00 0.000000000000000e+00 0.000000000000000e+00 0.000000000000000e+00 0.000000000000000e+00 0.000000000000000e+00 0.000000000000000e+00 0.000000000000000e+00 0.000000000000000e+00 0.000000000000000e+00
 0.000000000000000e+00 0.000000000000000e+00 0.000000000000000e+00 0.000000000000000e+00 0.000000000000000e+00 0.000000000000000e+00 0.000000000000000e+00 0.000000000000000e+00 0.000000000000000e+00 0.000000000000000e+00
 0.000000000000000e+00 0.000000000000000e+00 0.000000000000000e+00 0.000000000000000e+00 0.000000000000000e+00 0.000000000000000e+00 0.000000000000000e+00 0.000000000000000e+00 0.000000000000000e+00 0.000000000000000e+00
 0.000000000000000e+00 0.000000000000000e+00 0.000000000000000e+00 0.000000000000000e+00 0.000000000000000e+00 0.000000000000000e+00 0.000000000000000e+00 0.000000000000000e+00 0.000000000000000e+00 0.000000000000000e+00
 0.000000000000000e+00 0.000000000000000e+00 0.000000000000000e+00 0.000000000000000e+00 0.000000000000000e+00 0.000000000000000e+00 0.000000000000000e+00 0.000000000000000e+00 0.000000000000000e+00 0.000000000000000e+00
 0.000000000000000e+00 0.000000000000000e+00 0.000000000000000e+00 0.000000000000000e+00 0.000000000000000e+00 0.000000000000000e+00 0.000000000000000e+00 0.000000000000000e+00 0.000000000000000e+00 0.000000000000000e+00
 0.000000000000000e+00 0.000000000000000e+00 0.000000000000000e+00 0.000000000000000e+00 0.000000000000000e+00 0.000000000000000e+00 0.000000000000000e+00 0.000000000000000e+00 0.000000000000000e+00 0.000000000000000e+00
 0.000000000000000e+00 0.000000000000000e+00 0.000000000000000e+00 0.000000000000000e+00 0.000000000000000e+00 0.000000000000000e+00 0.000000000000000e+00 0.000000000000000e+00 0.000000000000000e+00 0.000000000000000e+00
 0.000000000000000e+00 0.000000000000000e+00 0.000000000000000e+00 0.000000000000000e+00 0.000000000000000e+00 0.000000000000000e+00 0.000000000000000e+00 0.000000000000000e+00 0.000000000000000e+00 0.000000000000000e+00
 0.000000000000000e+00 0.000000000000000e+00 0.000000000000000e+00 0.000000000000000e+00 0.000000000000000e+00 0.000000000000000e+00 0.000000000000000e+00 0.000000000000000e+00 0.000000000000000e+00 0.000000000000000e+00
 0.000000000000000e+00 0.000000000000000e+00 0.000000000000000e+00 0.000000000000000e+00 0.000000000000000e+00 0.000000000000000e+00 0.000000000000000e+00 0.000000000000000e+00 0.000000000000000e+00 0.000000000000000e+00
 0.000000000000000e+00 0.000000000000000e+00 0.000000000000000e+00 0.000000000000000e+00 0.000000000000000e+00 0.000000000000000e+00 0.000000000000000e+00 0.000000000000000e+00 0.000000000000000e+00 0.000000000000000e+00
 0.000000000000000e+00 0.000000000000000e+00 0.000000000000000e+00 0.000000000000000e+00 0.000000000000000e+00 0.000000000000000e+00 0.000000000000000e+00 0.000000000000000e+00 0.000000000000000e+00 0.000000000000000e+00
 0.000000000000000e+00 0.000000000000000e+00 0.000000000000000e+00 0.000000000000000e+00 0.000000000000000e+00 0.000000000000000e+00 0.000000000000000e+00 0.000000000000000e+00 0.000000000000000e+00 0.000000000000000e+00
 0.000000000000000e+00 0.000000000000000e+00 0.000000000000000e+00 0.000000000000000e+00 0.000000000000000e+00 0.000000000000000e+00 0.000000000000000e+00 0.000000000000000e+00 0.000000000000000e+00 0.000000000000000e+00
 0.000000000000000e+00 0.000000000000000e+00 0.000000000000000e+00 0.000000000000000e+00 0.000000000000000e+00 0.000000000000000e+00 0.000000000000000e+00 0.000000000000000e+00 0.000000000000000e+00 0.000000000000000e+00
 0.000000000000000e+00 0.000000000000000e+00 0.000000000000000e+00 0.000000000000000e+00 0.000000000000000e+00 0.000000000000000e+00 0.000000000000000e+00 0.000000000000000e+00 0.000000000000000e+00 0.000000000000000e+00
 0.000000000000000e+00 0.000000000000000e+00 0.000000000000000e+00 0.000000000000000e+00 0.000000000000000e+00 0.000000000000000e+00 0.000000000000000e+00 0.000000000000000e+00 0.000000000000000e+00 0.000000000000000e+00
 0.000000000000000e+00 0.000000000000000e+00 0.000000000000000e+00 0.000000000000000e+00 0.000000000000000e+00 0.000000000000000e+00 0.000000000000000e+00 0.000000000000000e+00 0.000000000000000e+00 0.000000000000000e+00
 0.000000000000000e+00 0.000000000000000e+00 0.000000000000000e+00 0.000000000000000e+00 0.000000000000000e+00 0.000000000000000e+00 0.000000000000000e+00 0.000000000000000e+00 0.000000000000000e+00 0.000000000000000e+00
 0.000000000000000e+00 0.000000000000000e+00 0.000000000000000e+00 0.000000000000000e+00 0.000000000000000e+00 0.000000000000000e+00 0.000000000000000e+00 0.000000000000000e+00 0.000000000000000e+00 0.000000000000000e+00
 0.000000000000000e+00 0.000000000000000e+00 0.000000000000000e+00 0.000000000000000e+00 0.000000000000000e+00 0.000000000000000e+00 0.000000000000000e+00 0.000000000000000e+00 0.000000000000000e+00 0.000000000000000e+00
 0.000000000000000e+00 0.000000000000000e+00 0.000000000000000e+00 0.000000000000000e+00 0.000000000000000e+00 0.000000000000000e+00 0.000000000000000e+00 0.000000000000000e+00 0.000000000000000e+00 0.000000000000000e+00
 0.000000000000000e+00 0.000000000000000e+00 0.000000000000000e+00 0.000000000000000e+00 0.000000000000000e+00 0.000000000000000e+00 0.000000000000000e+00 0.000000000000000e+00 0.000000000000000e+00 0.000000000000000e+00
 0.000000000000000e+00 0.000000000000000e+00 0.000000000000000e+00 0.000000000000000e+00 0.000000000000000e+00 0.000000000000000e+00 0.000000000000000e+00 0.000000000000000e+00 0.000000000000000e+00 0.000000000000000e+00
 0.000000000000000e+00 0.000000000000000e+00 0.000000000000000e+00 0.000000000000000e+00 0.000000000000000e+00 0.000000000000000e+00 0.000000000000000e+00 0.000000000000000e+00 0.000000000000000e+00 0.000000000000000e+00
 0.000000000000000e+00 0.000000000000000e+00 0.000000000000000e+00 0.000000000000000e+00 0.000000000000000e+00 0.000000000000000e+00 0.000000000000000e+00 0.000000000000000e+00 0.000000000000000e+00 0.000000000000000e+00
 0.000000000000000e+00 0.000000000000000e+00 0.000000000000000e+00 0.000000000000000e+00 0.000000000000000e+00 0.000000000000000e+00 0.000000000000000e+00 0.000000000000000e+00 0.000000000000000e+00 0.000000000000000e+00
 0.000000000000000e+00 0.000000000000000e+00 0.000000000000000e+00 0.000000000000000e+00 0.000000000000000e+00 0.000000000000000e+00 0.000000000000000e+00 0.000000000000000e+00 0.000000000000000e+00 0.000000000000000e+00
 0.000000000000000e+00 0.000000000000000e+00 0.000000000000000e+00 0.000000000000000e+00 0.000000000000000e+00 0.000000000000000e+00 0.000000000000000e+00 0.000000000000000e+00 0.000000000000000e+00 0.000000000000000e+00
 0.000000000000000e+00 0.000000000000000e+00 0.000000000000000e+00 0.000000000000000e+00 0.000000000000000e+00 0.000000000000000e+00 0.000000000000000e+00 0.000000000000000e+00 0.000000000000000e+00 0.000000000000000e+00
 0.000000000000000e+00 0.000000000000000e+00 0.000000000000000e+00 0.000000000000000e+00 0.000000000000000e+00 0.000000000000000e+00 0.000000000000000e+00 0.000000000000000e+00 0.000000000000000e+00 0.000000000000000e+00
 0.000000000000000e+00 0.000000000000000e+00 0.000000000000000e+00 0.000000000000000e+00 0.000000000000000e+00 0.000000000000000e+00 0.000000000000000e+00 0.000000000000000e+00 0.000000000000000e+00 0.000000000000000e+00
 0.000000000000000e+00 0.000000000000000e+00 0.000000000000000e+00 0.000000000000000e+00 0.000000000000000e+00 0.000000000000000e+00 0.000000000000000e+00 0.000000000000000e+00 0.000000000000000e+00 0.000000000000000e+00
 0.000000000000000e+00 0.000000000000000e+00 0.000000000000000e+00 0.000000000000000e+00 0.000000000000000e+00 0.000000000000000e+00 0.000000000000000e+00 0.000000000000000e+00 0.000000000000000e+00 0.000000000000000e+00
 0.000000000000000e+00 0.000000000000000e+00 0.000000000000000e+00 0.000000000000000e+00 0.000000000000000e+00 0.000000000000000e+00 0.000000000000000e+00 0.000000000000000e+00 0.000000000000000e+00 0.000000000000000e+00
 0.000000000000000e+00 0.000000000000000e+00 0.000000000000000e+00 0.000000000000000e+00 0.000000000000000e+00 0.000000000000000e+00 0.000000000000000e+00 0.000000000000000e+00 0.000000000000000e+00 0.000000000000000e+00
 0.000000000000000e+00 0.000000000000000e+00 0.000000000000000e+00 0.000000000000000e+00 0.000000000000000e+00 0.000000000000000e+00 0.000000000000000e+00 0.000000000000000e+00 0.000000000000000e+00 0.000000000000000e+00
 0.000000000000000e+00 0.000000000000000e+00 0.000000000000000e+00 0.000000000000000e+00 0.000000000000000e+00 0.000000000000000e+00 0.000000000000000e+00 0.000000000000000e+00 0.000000000000000e+00 0.000000000000000e+00
 0.000000000000000e+00 0.000000000000000e+00 0.000000000000000e+00 0.000000000000000e+00 0.000000000000000e+00 0.000000000000000e+00 0.000000000000000e+00 0.000000000000000e+00 0.000000000000000e+00 0.000000000000000e+00
 0.000000000000000e+00 0.000000000000000e+00 0.000000000000000e+00 0.000000000000000e+00 0.000000000000000e+00 0.000000000000000e+00 0.000000000000000e+00 0.000000000000000e+00 0.000000000000000e+00 0.000000000000000e+00
 0.000000000000000e+00 0.000000000000000e+00 0.000000000000000e+00 0.000000000000000e+00 0.000000000000000e+00 0.000000000000000e+00 0.000000000000000e+00 0.000000000000000e+00 0.000000000000000e+00 0.000000000000000e+00
 0.000000000000000e+00 0.000000000000000e+00 0.000000000000000e+00 0.000000000000000e+00 0.000000000000000e+00 0.000000000000000e+00 0.000000000000000e+00 0.000000000000000e+00 0.000000000000000e+00 0.000000000000000e+00
 0.000000000000000e+00 0.000000000000000e+00 0.000000000000000e+00 0.000000000000000e+00 0.000000000000000e+00 0.000000000000000e+00 0.000000000000000e+00 0.000000000000000e+00 0.000000000000000e+00 0.000000000000000e+00
 0.000000000000000e+00 0.000000000000000e+00 0.000000000000000e+00 0.000000000000000e+00 0.000000000000000e+00 0.000000000000000e+00 0.000000000000000e+00 0.000000000000000e+00 0.000000000000000e+00 0.000000000000000e+00
 0.000000000000000e+00 0.000000000000000e+00 0.000000000000000e+00 0.000000000000000e+00 0.000000000000000e+00 0.000000000000000e+00 0.000000000000000e+00 0.000000000000000e+00 0.000000000000000e+00 0.000000000000000e+00
 0.000000000000000e+00 0.000000000000000e+00 0.000000000000000e+00 0.000000000000000e+00 0.000000000000000e+00 0.000000000000000e+00 0.000000000000000e+00 0.000000000000000e+00 0.000000000000000e+00 0.000000000000000e+00
 0.000000000000000e+00 0.000000000000000e+00 0.000000000000000e+00 0.000000000000000e+00 0.000000000000000e+00 0.000000000000000e+00 0.000000000000000e+00 0.000000000000000e+00 0.000000000000000e+00 0.000000000000000e+00
 0.000000000000000e+00 0.000000000000000e+00 0.000000000000000e+00 0.000000000000000e+00 0.000000000000000e+00 0.000000000000000e+00 0.000000000000000e+00 0.000000000000000e+00 0.000000000000000e+00 0.000000000000000e+00
 0.000000000000000e+00 0.000000000000000e+00 0.000000000000000e+00 0.000000000000000e+00 0.000000000000000e+00 0.000000000000000e+00 0.000000000000000e+00 0.000000000000000e+00 0.000000000000000e+00 0.000000000000000e+00
 0.000000000000000e+00 0.000000000000000e+00 0.000000000000000e+00 0.000000000000000e+00 0.000000000000000e+00 0.000000000000000e+00 0.000000000000000e+00 0.000000000000000e+00 0.000000000000000e+00 0.000000000000000e+00
 0.000000000000000e+00 0.000000000000000e+00 0.000000000000000e+00 0.000000000000000e+00 0.000000000000000e+00 0.000000000000000e+00 0.000000000000000e+00 0.000000000000000e+00 0.000000000000000e+00 0.000000000000000e+00
 0.000000000000000e+00 0.000000000000000e+00 0.000000000000000e+00 0.000000000000000e+00 0.000000000000000e+00 0.000000000000000e+00 0.000000000000000e+00 0.000000000000000e+00 0.000000000000000e+00 0.000000000000000e+00
 0.000000000000000e+00 0.000000000000000e+00 0.000000000000000e+00 0.000000000000000e+00 0.000000000000000e+00 0.000000000000000e+00 0.000000000000000e+00 0.000000000000000e+00 0.000000000000000e+00 0.000000000000000e+00
 0.000000000000000e+00 0.000000000000000e+00 0.000000000000000e+00 0.000000000000000e+00 0.000000000000000e+00 0.000000000000000e+00 0.000000000000000e+00 0.000000000000000e+00 0.000000000000000e+00 0.000000000000000e+00
 0.000000000000000e+00 0.000000000000000e+00 0.000000000000000e+00 0.000000000000000e+00 0.000000000000000e+00 0.000000000000000e+00 0.000000000000000e+00 0.000000000000000e+00 0.000000000000000e+00 0.000000000000000e+00
 0.000000000000000e+00 0.000000000000000e+00 0.000000000000000e+00 0.000000000000000e+00 0.000000000000000e+00 0.000000000000000e+00 0.000000000000000e+00 0.000000000000000e+00 0.000000000000000e+00 0.000000000000000e+00
 0.000000000000000e+00 0.000000000000000e+00 0.000000000000000e+00 0.000000000000000e+00 0.000000000000000e+00 0.000000000000000e+00 0.000000000000000e+00 0.000000000000000e+00 0.000000000000000e+00 0.000000000000000e+00
 0.000000000000000e+00 0.000000000000000e+00 0.000000000000000e+00 0.000000000000000e+00 0.000000000000000e+00 0.000000000000000e+00 0.000000000000000e+00 0.000000000000000e+00 0.000000000000000e+00 0.000000000000000e+00
 0.000000000000000e+00 0.000000000000000e+00 0.000000000000000e+00 0.000000000000000e+00 0.000000000000000e+00 0.000000000000000e+00 0.000000000000000e+00 0.000000000000000e+00 0.000000000000000e+00 0.000000000000000e+00
 0.000000000000000e+00 0.000000000000000e+00 0.000000000000000e+00 0.000000000000000e+00 0.000000000000000e+00 0.000000000000000e+00 0.000000000000000e+00 0.000000000000000e+00 0.000000000000000e+00 0.000000000000000e+00
 0.000000000000000e+00 0.000000000000000e+00 0.000000000000000e+00 0.000000000000000e+00 0.000000000000000e+00 0.000000000000000e+00 0.000000000000000e+00 0.000000000000000e+00 0.000000000000000e+00 0.000000000000000e+00
 0.000000000000000e+00 0.000000000000000e+00 0.000000000000000e+00 0.000000000000000e+00 0.000000000000000e+00 0.000000000000000e+00 0.000000000000000e+00 0.000000000000000e+00 0.000000000000000e+00 0.000000000000000e+00
 0.000000000000000e+00 0.000000000000000e+00 0.000000000000000e+00 0.000000000000000e+00 0.000000000000000e+00 0.000000000000000e+00 0.000000000000000e+00 0.000000000000000e+00 0.000000000000000e+00 0.000000000000000e+00
 0.000000000000000e+00 0.000000000000000e+00 0.000000000000000e+00 0.000000000000000e+00 0.000000000000000e+00 0.000000000000000e+00 0.000000000000000e+00 0.000000000000000e+00 0.000000000000000e+00 0.000000000000000e+00
 0.000000000000000e+00 0.000000000000000e+00 0.000000000000000e+00 0.000000000000000e+00 0.000000000000000e+00 0.000000000000000e+00 0.000000000000000e+00 0.000000000000000e+00 0.000000000000000e+00 0.000000000000000e+00
 0.000000000000000e+00 0.000000000000000e+00 0.000000000000000e+00 0.000000000000000e+00 0.000000000000000e+00 0.000000000000000e+00 0.000000000000000e+00 0.000000000000000e+00 0.000000000000000e+00 0.000000000000000e+00
 0.000000000000000e+00 0.000000000000000e+00 0.000000000000000e+00 0.000000000000000e+00 0.000000000000000e+00 0.000000000000000e+00 0.000000000000000e+00 0.000000000000000e+00 0.000000000000000e+00 0.000000000000000e+00
 0.000000000000000e+00 0.000000000000000e+00 0.000000000000000e+00 0.000000000000000e+00 0.000000000000000e+00 0.000000000000000e+00 0.000000000000000e+00 0.000000000000000e+00 0.000000000000000e+00 0.000000000000000e+00
 0.000000000000000e+00 0.000000000000000e+00 0.000000000000000e+00 0.000000000000000e+00 0.000000000000000e+00 0.000000000000000e+00 0.000000000000000e+00 0.000000000000000e+00 0.000000000000000e+00 0.000000000000000e+00
 0.000000000000000e+00 0.000000000000000e+00 0.000000000000000e+00 0.000000000000000e+00 0.000000000000000e+00 0.000000000000000e+00 0.000000000000000e+00 0.000000000000000e+00 0.000000000000000e+00 0.000000000000000e+00
 0.000000000000000e+00 0.000000000000000e+00 0.000000000000000e+00 0.000000000000000e+00 0.000000000000000e+00 0.000000000000000e+00 0.000000000000000e+00 0.000000000000000e+00 0.000000000000000e+00 0.000000000000000e+00
 0.000000000000000e+00 0.000000000000000e+00 0.000000000000000e+00 0.000000000000000e+00 0.000000000000000e+00 0.000000000000000e+00 0.000000000000000e+00 0.000000000000000e+00 0.000000000000000e+00 0.000000000000000e+00
 0.000000000000000e+00 0.000000000000000e+00 0.000000000000000e+00 0.000000000000000e+00 0.000000000000000e+00 0.000000000000000e+00 0.000000000000000e+00 0.000000000000000e+00 0.000000000000000e+00 0.000000000000000e+00
 0.000000000000000e+00 0.000000000000000e+00 0.000000000000000e+00 0.000000000000000e+00 0.000000000000000e+00 0.000000000000000e+00 0.000000000000000e+00 0.000000000000000e+00 0.000000000000000e+00 0.000000000000000e+00
 0.000000000000000e+00 0.000000000000000e+00 0.000000000000000e+00 0.000000000000000e+00 0.000000000000000e+00 0.000000000000000e+00 0.000000000000000e+00 0.000000000000000e+00 0.000000000000000e+00 0.000000000000000e+00
 0.000000000000000e+00 0.000000000000000e+00 0.000000000000000e+00 0.000000000000000e+00 0.000000000000000e+00 0.000000000000000e+00 0.000000000000000e+00 0.000000000000000e+00 0.000000000000000e+00 0.000000000000000e+00
 0.000000000000000e+00 0.000000000000000e+00 0.000000000000000e+00 0.000000000000000e+00 0.000000000000000e+00 0.000000000000000e+00 0.000000000000000e+00 0.000000000000000e+00 0.000000000000000e+00 0.000000000000000e+00
 0.000000000000000e+00 0.000000000000000e+00 0.000000000000000e+00 0.000000000000000e+00 0.000000000000000e+00 0.000000000000000e+00 0.000000000000000e+00 0.000000000000000e+00 0.000000000000000e+00 0.000000000000000e+00
 0.000000000000000e+00 0.000000000000000e+00 0.000000000000000e+00 0.000000000000000e+00 0.000000000000000e+00 0.000000000000000e+00 0.000000000000000e+00 0.000000000000000e+00 0.000000000000000e+00 0.000000000000000e+00
 0.000000000000000e+00 0.000000000000000e+00 0.000000000000000e+00 0.000000000000000e+00 0.000000000000000e+00 0.000000000000000e+00 0.000000000000000e+00 0.000000000000000e+00 0.000000000000000e+00 0.000000000000000e+00
 0.000000000000000e+00 0.000000000000000e+00 0.000000000000000e+00 0.000000000000000e+00 0.000000000000000e+00 0.000000000000000e+00 0.000000000000000e+00 0.000000000000000e+00 0.000000000000000e+00 0.000000000000000e+00
 0.000000000000000e+00 0.000000000000000e+00 0.000000000000000e+00 0.000000000000000e+00 0.000000000000000e+00 0.000000000000000e+00 0.000000000000000e+00 0.000000000000000e+00 0.000000000000000e+00 0.000000000000000e+00
 0.000000000000000e+00 0.000000000000000e+00 0.000000000000000e+00 0.000000000000000e+00 0.000000000000000e+00 0.000000000000000e+00 0.000000000000000e+00 0.000000000000000e+00 0.000000000000000e+00 0.000000000000000e+00
 0.000000000000000e+00 0.000000000000000e+00 0.000000000000000e+00 0.000000000000000e+00 0.000000000000000e+00 0.000000000000000e+00 0.000000000000000e+00 0.000000000000000e+00 0.000000000000000e+00 0.000000000000000e+00
 0.000000000000000e+00 0.000000000000000e+00 0.000000000000000e+00 0.000000000000000e+00 0.000000000000000e+00 0.000000000000000e+00 0.000000000000000e+00 0.000000000000000e+00 0.000000000000000e+00 0.000000000000000e+00
 0.000000000000000e+00 0.000000000000000e+00 0.000000000000000e+00 0.000000000000000e+00 0.000000000000000e+00 0.000000000000000e+00 0.000000000000000e+00 0.000000000000000e+00 0.000000000000000e+00 0.000000000000000e+00
 0.000000000000000e+00 0.000000000000000e+00 0.000000000000000e+00 0.000000000000000e+00 0.000000000000000e+00 0.000000000000000e+00 0.000000000000000e+00 0.000000000000000e+00 0.000000000000000e+00 0.000000000000000e+00
 0.000000000000000e+00 0.000000000000000e+00 0.000000000000000e+00 0.000000000000000e+00 0.000000000000000e+00 0.000000000000000e+00 0.000000000000000e+00 0.000000000000000e+00 0.000000000000000e+00 0.000000000000000e+00
 0.000000000000000e+00 0.000000000000000e+00 0.000000000000000e+00 0.000000000000000e+00 0.000000000000000e+00 0.000000000000000e+00 0.000000000000000e+00 0.000000000000000e+00 0.000000000000000e+00 0.000000000000000e+00
 0.000000000000000e+00 0.000000000000000e+00 0.000000000000000e+00 0.000000000000000e+00 0.000000000000000e+00 0.000000000000000e+00 0.000000000000000e+00 0.000000000000000e+00 0.000000000000000e+00 0.000000000000000e+00
 0.000000000000000e+00 0.000000000000000e+00 0.000000000000000e+00 0.000000000000000e+00 0.000000000000000e+00 0.000000000000000e+00 0.000000000000000e+00 0.000000000000000e+00 0.000000000000000e+00 0.000000000000000e+00
 0.000000000000000e+00 0.000000000000000e+00 0.000000000000000e+00 0.000000000000000e+00 0.000000000000000e+00 0.000000000000000e+00 0.000000000000000e+00 0.000000000000000e+00 0.000000000000000e+00 0.000000000000000e+00
 0.000000000000000e+00 0.000000000000000e+00 0.000000000000000e+00 0.000000000000000e+00 0.000000000000000e+00 0.000000000000000e+00 0.000000000000000e+00 0.000000000000000e+00 0.000000000000000e+00 0.000000000000000e+00
 0.000000000000000e+00 0.000000000000000e+00 0.000000000000000e+00 0.000000000000000e+00 0.000000000000000e+00 0.000000000000000e+00 0.000000000000000e+00 0.000000000000000e+00 0.000000000000000e+00 0.000000000000000e+00
 0.000000000000000e+00 0.000000000000000e+00 0.000000000000000e+00 0.000000000000000e+00 0.000000000000000e+00 0.000000000000000e+00 0.000000000000000e+00 0.000000000000000e+00 0.000000000000000e+00 0.000000000000000e+00
 0.000000000000000e+00 0.000000000000000e+00 0.000000000000000e+00 0.000000000000000e+00 0.000000000000000e+00 0.000000000000000e+00 0.000000000000000e+00 0.000000000000000e+00 0.000000000000000e+00 0.000000000000000e+00
 0.000000000000000e+00 0.000000000000000e+00 0.000000000000000e+00 0.000000000000000e+00 0.000000000000000e+00 0.000000000000000e+00 0.000000000000000e+00 0.000000000000000e+00 0.000000000000000e+00 0.000000000000000e+00
 0.000000000000000e+00 0.000000000000000e+00 0.000000000000000e+00 0.000000000000000e+00 0.000000000000000e+00 0.000000000000000e+00 0.000000000000000e+00 0.000000000000000e+00 0.000000000000000e+00 0.000000000000000e+00
 0.000000000000000e+00 0.000000000000000e+00 0.000000000000000e+00 0.000000000000000e+00 0.000000000000000e+00 0.000000000000000e+00 0.000000000000000e+00 0.000000000000000e+00 0.000000000000000e+00 0.000000000000000e+00
 0.000000000000000e+00 0.000000000000000e+00 0.000000000000000e+00 0.000000000000000e+00 0.000000000000000e+00 0.000000000000000e+00 0.000000000000000e+00 0.000000000000000e+00 0.000000000000000e+00 0.000000000000000e+00
 0.000000000000000e+00 0.000000000000000e+00 0.000000000000000e+00 0.000000000000000e+00 0.000000000000000e+00 0.000000000000000e+00 0.000000000000000e+00 0.000000000000000e+00 0.000000000000000e+00 0.000000000000000e+00
 0.000000000000000e+00 0.000000000000000e+00 0.000000000000000e+00 0.000000000000000e+00 0.000000000000000e+00 0.000000000000000e+00 0.000000000000000e+00 0.000000000000000e+00 0.000000000000000e+00 0.000000000000000e+00
 0.000000000000000e+00 0.000000000000000e+00 0.000000000000000e+00 0.000000000000000e+00 0.000000000000000e+00 0.000000000000000e+00 0.000000000000000e+00 0.000000000000000e+00 0.000000000000000e+00 0.000000000000000e+00
 0.000000000000000e+00 0.000000000000000e+00 0.000000000000000e+00 0.000000000000000e+00 0.000000000000000e+00 0.000000000000000e+00 0.000000000000000e+00 0.000000000000000e+00 0.000000000000000e+00 0.000000000000000e+00
 0.000000000000000e+00 0.000000000000000e+00 0.000000000000000e+00 0.000000000000000e+00 0.000000000000000e+00 0.000000000000000e+00 0.000000000000000e+00 0.000000000000000e+00 0.000000000000000e+00 0.000000000000000e+00
 0.000000000000000e+00 0.000000000000000e+00 0.000000000000000e+00 0.000000000000000e+00 0.000000000000000e+00 0.000000000000000e+00 0.000000000000000e+00 0.000000000000000e+00 0.000000000000000e+00 0.000000000000000e+00
 0.000000000000000e+00 0.000000000000000e+00 0.000000000000000e+00 0.000000000000000e+00 0.000000000000000e+00 0.000000000000000e+00 0.000000000000000e+00 0.000000000000000e+00 0.000000000000000e+00 0.000000000000000e+00
 0.000000000000000e+00 0.000000000000000e+00 0.000000000000000e+00 0.000000000000000e+00 0.000000000000000e+00 0.000000000000000e+00 0.000000000000000e+00 0.000000000000000e+00 0.000000000000000e+00 0.000000000000000e+00
 0.000000000000000e+00 0.000000000000000e+00 0.000000000000000e+00 0.000000000000000e+00 0.000000000000000e+00 0.000000000000000e+00 0.000000000000000e+00 0.000000000000000e+00 0.000000000000000e+00 0.000000000000000e+00
 0.000000000000000e+00 0.000000000000000e+00 0.000000000000000e+00 0.000000000000000e+00 0.000000000000000e+00 0.000000000000000e+00 0.000000000000000e+00 0.000000000000000e+00 0.000000000000000e+00 0.000000000000000e+00
 0.000000000000000e+00 0.000000000000000e+00 0.000000000000000e+00 0.000000000000000e+00 0.000000000000000e+00 0.000000000000000e+00 0.000000000000000e+00 0.000000000000000e+00 0.000000000000000e+00 0.000000000000000e+00
 0.000000000000000e+00 0.000000000000000e+00 0.000000000000000e+00 0.000000000000000e+00 0.000000000000000e+00 0.000000000000000e+00 0.000000000000000e+00 0.000000000000000e+00 0.000000000000000e+00 0.000000000000000e+00
 0.000000000000000e+00 0.000000000000000e+00 0.000000000000000e+00 0.000000000000000e+00 0.000000000000000e+00 0.000000000000000e+00 0.000000000000000e+00 0.000000000000000e+00 0.000000000000000e+00 0.000000000000000e+00
 0.000000000000000e+00 0.000000000000000e+00 0.000000000000000e+00 0.000000000000000e+00 0.000000000000000e+00 0.000000000000000e+00 0.000000000000000e+00 0.000000000000000e+00 0.000000000000000e+00 0.000000000000000e+00
 0.000000000000000e+00 0.000000000000000e+00 0.000000000000000e+00 0.000000000000000e+00 0.000000000000000e+00 0.000000000000000e+00 0.000000000000000e+00 0.000000000000000e+00 0.000000000000000e+00 0.000000000000000e+00
 0.000000000000000e+00 0.000000000000000e+00 0.000000000000000e+00 0.000000000000000e+00 0.000000000000000e+00 0.000000000000000e+00 0.000000000000000e+00 0.000000000000000e+00 0.000000000000000e+00 0.000000000000000e+00
 0.000000000000000e+00 0.000000000000000e+00 0.000000000000000e+00 0.000000000000000e+00 0.000000000000000e+00 0.000000000000000e+00 0.000000000000000e+00 0.000000000000000e+00 0.000000000000000e+00 0.000000000000000e+00
 0.000000000000000e+00 0.000000000000000e+00 0.000000000000000e+00 0.000000000000000e+00 0.000000000000000e+00 0.000000000000000e+00 0.000000000000000e+00 0.000000000000000e+00 0.000000000000000e+00 0.000000000000000e+00
 0.000000000000000e+00 0.000000000000000e+00 0.000000000000000e+00 0.000000000000000e+00 0.000000000000000e+00 0.000000000000000e+00 0.000000000000000e+00 0.000000000000000e+00 0.000000000000000e+00 0.000000000000000e+00
 0.000000000000000e+00 0.000000000000000e+00 0.000000000000000e+00 0.000000000000000e+00 0.000000000000000e+00 0.000000000000000e+00 0.000000000000000e+00 0.000000000000000e+00 0.000000000000000e+00 0.000000000000000e+00
 0.000000000000000e+00 0.000000000000000e+00 0.000000000000000e+00 0.000000000000000e+00 0.000000000000000e+00 0.000000000000000e+00 0.000000000000000e+00 0.000000000000000e+00 0.000000000000000e+00 0.000000000000000e+00
 0.000000000000000e+00 0.000000000000000e+00 0.000000000000000e+00 0.000000000000000e+00 0.000000000000000e+00 0.000000000000000e+00 0.000000000000000e+00 0.000000000000000e+00 0.000000000000000e+00 0.000000000000000e+00
 0.000000000000000e+00 0.000000000000000e+00 0.000000000000000e+00 0.000000000000000e+00 0.000000000000000e+00 0.000000000000000e+00 0.000000000000000e+00 0.000000000000000e+00 0.000000000000000e+00 0.000000000000000e+00
 0.000000000000000e+00 0.000000000000000e+00 0.000000000000000e+00 0.000000000000000e+00 0.000000000000000e+00 0.000000000000000e+00 0.000000000000000e+00 0.000000000000000e+00 0.000000000000000e+00 0.000000000000000e+00
 0.000000000000000e+00 0.000000000000000e+00 0.000000000000000e+00 0.000000000000000e+00 0.000000000000000e+00 0.000000000000000e+00 0.000000000000000e+00 0.000000000000000e+00 0.000000000000000e+00 0.000000000000000e+00
 0.000000000000000e+00 0.000000000000000e+00 0.000000000000000e+00 0.000000000000000e+00 0.000000000000000e+00 0.000000000000000e+00 0.000000000000000e+00 0.000000000000000e+00 0.000000000000000e+00 0.000000000000000e+00
 0.000000000000000e+00 0.000000000000000e+00 0.000000000000000e+00 0.000000000000000e+00 0.000000000000000e+00 0.000000000000000e+00 0.000000000000000e+00 0.000000000000000e+00 0.000000000000000e+00 0.000000000000000e+00
 0.000000000000000e+00 0.000000000000000e+00 0.000000000000000e+00 0.000000000000000e+00 0.000000000000000e+00 0.000000000000000e+00 0.000000000000000e+00 0.000000000000000e+00 0.000000000000000e+00 0.000000000000000e+00
 0.000000000000000e+00 0.000000000000000e+00 0.000000000000000e+00 0.000000000000000e+00 0.000000000000000e+00 0.000000000000000e+00 0.000000000000000e+00 0.000000000000000e+00 0.000000000000000e+00 0.000000000000000e+00
 0.000000000000000e+00 0.000000000000000e+00 0.000000000000000e+00 0.000000000000000e+00 0.000000000000000e+00 0.000000000000000e+00 0.000000000000000e+00 0.000000000000000e+00 0.000000000000000e+00 0.000000000000000e+00
 0.000000000000000e+00 0.000000000000000e+00 0.000000000000000e+00 0.000000000000000e+00 0.000000000000000e+00 0.000000000000000e+00 0.000000000000000e+00 0.000000000000000e+00 0.000000000000000e+00 0.000000000000000e+00
 0.000000000000000e+00 0.000000000000000e+00 0.000000000000000e+00 0.000000000000000e+00 0.000000000000000e+00 0.000000000000000e+00 0.000000000000000e+00 0.000000000000000e+00 0.000000000000000e+00 0.000000000000000e+00
 0.000000000000000e+00 0.000000000000000e+00 0.000000000000000e+00 0.000000000000000e+00 0.000000000000000e+00 0.000000000000000e+00 0.000000000000000e+00 0.000000000000000e+00 0.000000000000000e+00 0.000000000000000e+00
 0.000000000000000e+00 0.000000000000000e+00 0.000000000000000e+00 0.000000000000000e+00 0.000000000000000e+00 0.000000000000000e+00 0.000000000000000e+00 0.000000000000000e+00 0.000000000000000e+00 0.000000000000000e+00
 0.000000000000000e+00 0.000000000000000e+00 0.000000000000000e+00 0.000000000000000e+00 0.000000000000000e+00 0.000000000000000e+00 0.000000000000000e+00 0.000000000000000e+00 0.000000000000000e+00 0.000000000000000e+00
 0.000000000000000e+00 0.000000000000000e+00 0.000000000000000e+00 0.000000000000000e+00 0.000000000000000e+00 0.000000000000000e+00 0.000000000000000e+00 0.000000000000000e+00 0.000000000000000e+00 0.000000000000000e+00
 0.000000000000000e+00 0.000000000000000e+00 0.000000000000000e+00 0.000000000000000e+00 0.000000000000000e+00 0.000000000000000e+00 0.000000000000000e+00 0.000000000000000e+00 0.000000000000000e+00 0.000000000000000e+00
 0.000000000000000e+00 0.000000000000000e+00 0.000000000000000e+00 0.000000000000000e+00 0.000000000000000e+00 0.000000000000000e+00 0.000000000000000e+00 0.000000000000000e+00 0.000000000000000e+00 0.000000000000000e+00
 0.000000000000000e+00 0.000000000000000e+00 0.000000000000000e+00 0.000000000000000e+00 0.000000000000000e+00 0.000000000000000e+00 0.000000000000000e+00 0.000000000000000e+00 0.000000000000000e+00 0.000000000000000e+00
 0.000000000000000e+00 0.000000000000000e+00 0.000000000000000e+00 0.000000000000000e+00 0.000000000000000e+00 0.000000000000000e+00 0.000000000000000e+00 0.000000000000000e+00 0.000000000000000e+00 0.000000000000000e+00
 0.000000000000000e+00 0.000000000000000e+00 0.000000000000000e+00 0.000000000000000e+00 0.000000000000000e+00 0.000000000000000e+00 0.000000000000000e+00 0.000000000000000e+00 0.000000000000000e+00 0.000000000000000e+00
 0.000000000000000e+00 0.000000000000000e+00 0.000000000000000e+00 0.000000000000000e+00 0.000000000000000e+00 0.000000000000000e+00 0.000000000000000e+00 0.000000000000000e+00 0.000000000000000e+00 0.000000000000000e+00
 0.000000000000000e+00 0.000000000000000e+00 0.000000000000000e+00 0.000000000000000e+00 0.000000000000000e+00 0.000000000000000e+00 0.000000000000000e+00 0.000000000000000e+00 0.000000000000000e+00 0.000000000000000e+00
 0.000000000000000e+00 0.000000000000000e+00 0.000000000000000e+00 0.000000000000000e+00 0.000000000000000e+00 0.000000000000000e+00 0.000000000000000e+00 0.000000000000000e+00 0.000000000000000e+00 0.000000000000000e+00
 0.000000000000000e+00 0.000000000000000e+00 0.000000000000000e+00 0.000000000000000e+00 0.000000000000000e+00 0.000000000000000e+00 0.000000000000000e+00 0.000000000000000e+00 0.000000000000000e+00 0.000000000000000e+00
 0.000000000000000e+00 0.000000000000000e+00 0.000000000000000e+00 0.000000000000000e+00 0.000000000000000e+00 0.000000000000000e+00 0.000000000000000e+00 0.000000000000000e+00 0.000000000000000e+00 0.000000000000000e+00
 0.000000000000000e+00 0.000000000000000e+00 0.000000000000000e+00 0.000000000000000e+00 0.000000000000000e+00 0.000000000000000e+00 0.000000000000000e+00 0.000000000000000e+00 0.000000000000000e+00 0.000000000000000e+00
 0.000000000000000e+00 0.000000000000000e+00 0.000000000000000e+00 0.000000000000000e+00 0.000000000000000e+00 0.000000000000000e+00 0.000000000000000e+00 0.000000000000000e+00 0.000000000000000e+00 0.000000000000000e+00
 0.000000000000000e+00 0.000000000000000e+00 0.000000000000000e+00 0.000000000000000e+00 0.000000000000000e+00 0.000000000000000e+00 0.000000000000000e+00 0.000000000000000e+00 0.000000000000000e+00 0.000000000000000e+00
 0.000000000000000e+00 0.000000000000000e+00 0.000000000000000e+00 0.000000000000000e+00 0.000000000000000e+00 0.000000000000000e+00 0.000000000000000e+00 0.000000000000000e+00 0.000000000000000e+00 0.000000000000000e+00
 0.000000000000000e+00 0.000000000000000e+00 0.000000000000000e+00 0.000000000000000e+00 0.000000000000000e+00 0.000000000000000e+00 0.000000000000000e+00 0.000000000000000e+00 0.000000000000000e+00 0.000000000000000e+00
 0.000000000000000e+00 0.000000000000000e+00 0.000000000000000e+00 0.000000000000000e+00 0.000000000000000e+00
    }
  }

  Dataset ("AluminumActiveConcentration") {
    function  = AluminumActiveConcentration
    type      = scalar
    dimension = 1
    location  = vertex
    validity  = [ "n_plus" ]
    Values (2405) {
 0.000000000000000e+00 0.000000000000000e+00 0.000000000000000e+00 0.000000000000000e+00 0.000000000000000e+00 0.000000000000000e+00 0.000000000000000e+00 0.000000000000000e+00 0.000000000000000e+00 0.000000000000000e+00
 0.000000000000000e+00 0.000000000000000e+00 0.000000000000000e+00 0.000000000000000e+00 0.000000000000000e+00 0.000000000000000e+00 0.000000000000000e+00 0.000000000000000e+00 0.000000000000000e+00 0.000000000000000e+00
 0.000000000000000e+00 0.000000000000000e+00 0.000000000000000e+00 0.000000000000000e+00 0.000000000000000e+00 0.000000000000000e+00 0.000000000000000e+00 0.000000000000000e+00 0.000000000000000e+00 0.000000000000000e+00
 0.000000000000000e+00 0.000000000000000e+00 0.000000000000000e+00 0.000000000000000e+00 0.000000000000000e+00 0.000000000000000e+00 0.000000000000000e+00 0.000000000000000e+00 0.000000000000000e+00 0.000000000000000e+00
 0.000000000000000e+00 0.000000000000000e+00 0.000000000000000e+00 0.000000000000000e+00 0.000000000000000e+00 0.000000000000000e+00 0.000000000000000e+00 0.000000000000000e+00 0.000000000000000e+00 0.000000000000000e+00
 0.000000000000000e+00 0.000000000000000e+00 0.000000000000000e+00 0.000000000000000e+00 0.000000000000000e+00 0.000000000000000e+00 0.000000000000000e+00 0.000000000000000e+00 0.000000000000000e+00 0.000000000000000e+00
 0.000000000000000e+00 0.000000000000000e+00 0.000000000000000e+00 0.000000000000000e+00 0.000000000000000e+00 0.000000000000000e+00 0.000000000000000e+00 0.000000000000000e+00 0.000000000000000e+00 0.000000000000000e+00
 0.000000000000000e+00 0.000000000000000e+00 0.000000000000000e+00 0.000000000000000e+00 0.000000000000000e+00 0.000000000000000e+00 0.000000000000000e+00 0.000000000000000e+00 0.000000000000000e+00 0.000000000000000e+00
 0.000000000000000e+00 0.000000000000000e+00 0.000000000000000e+00 0.000000000000000e+00 0.000000000000000e+00 0.000000000000000e+00 0.000000000000000e+00 0.000000000000000e+00 0.000000000000000e+00 0.000000000000000e+00
 0.000000000000000e+00 0.000000000000000e+00 0.000000000000000e+00 0.000000000000000e+00 0.000000000000000e+00 0.000000000000000e+00 0.000000000000000e+00 0.000000000000000e+00 0.000000000000000e+00 0.000000000000000e+00
 0.000000000000000e+00 0.000000000000000e+00 0.000000000000000e+00 0.000000000000000e+00 0.000000000000000e+00 0.000000000000000e+00 0.000000000000000e+00 0.000000000000000e+00 0.000000000000000e+00 0.000000000000000e+00
 0.000000000000000e+00 0.000000000000000e+00 0.000000000000000e+00 0.000000000000000e+00 0.000000000000000e+00 0.000000000000000e+00 0.000000000000000e+00 0.000000000000000e+00 0.000000000000000e+00 0.000000000000000e+00
 0.000000000000000e+00 0.000000000000000e+00 0.000000000000000e+00 0.000000000000000e+00 0.000000000000000e+00 0.000000000000000e+00 0.000000000000000e+00 0.000000000000000e+00 0.000000000000000e+00 0.000000000000000e+00
 0.000000000000000e+00 0.000000000000000e+00 0.000000000000000e+00 0.000000000000000e+00 0.000000000000000e+00 0.000000000000000e+00 0.000000000000000e+00 0.000000000000000e+00 0.000000000000000e+00 0.000000000000000e+00
 0.000000000000000e+00 0.000000000000000e+00 0.000000000000000e+00 0.000000000000000e+00 0.000000000000000e+00 0.000000000000000e+00 0.000000000000000e+00 0.000000000000000e+00 0.000000000000000e+00 0.000000000000000e+00
 0.000000000000000e+00 0.000000000000000e+00 0.000000000000000e+00 0.000000000000000e+00 0.000000000000000e+00 0.000000000000000e+00 0.000000000000000e+00 0.000000000000000e+00 0.000000000000000e+00 0.000000000000000e+00
 0.000000000000000e+00 0.000000000000000e+00 0.000000000000000e+00 0.000000000000000e+00 0.000000000000000e+00 0.000000000000000e+00 0.000000000000000e+00 0.000000000000000e+00 0.000000000000000e+00 0.000000000000000e+00
 0.000000000000000e+00 0.000000000000000e+00 0.000000000000000e+00 0.000000000000000e+00 0.000000000000000e+00 0.000000000000000e+00 0.000000000000000e+00 0.000000000000000e+00 0.000000000000000e+00 0.000000000000000e+00
 0.000000000000000e+00 0.000000000000000e+00 0.000000000000000e+00 0.000000000000000e+00 0.000000000000000e+00 0.000000000000000e+00 0.000000000000000e+00 0.000000000000000e+00 0.000000000000000e+00 0.000000000000000e+00
 0.000000000000000e+00 0.000000000000000e+00 0.000000000000000e+00 0.000000000000000e+00 0.000000000000000e+00 0.000000000000000e+00 0.000000000000000e+00 0.000000000000000e+00 0.000000000000000e+00 0.000000000000000e+00
 0.000000000000000e+00 0.000000000000000e+00 0.000000000000000e+00 0.000000000000000e+00 0.000000000000000e+00 0.000000000000000e+00 0.000000000000000e+00 0.000000000000000e+00 0.000000000000000e+00 0.000000000000000e+00
 0.000000000000000e+00 0.000000000000000e+00 0.000000000000000e+00 0.000000000000000e+00 0.000000000000000e+00 0.000000000000000e+00 0.000000000000000e+00 0.000000000000000e+00 0.000000000000000e+00 0.000000000000000e+00
 0.000000000000000e+00 0.000000000000000e+00 0.000000000000000e+00 0.000000000000000e+00 0.000000000000000e+00 0.000000000000000e+00 0.000000000000000e+00 0.000000000000000e+00 0.000000000000000e+00 0.000000000000000e+00
 0.000000000000000e+00 0.000000000000000e+00 0.000000000000000e+00 0.000000000000000e+00 0.000000000000000e+00 0.000000000000000e+00 0.000000000000000e+00 0.000000000000000e+00 0.000000000000000e+00 0.000000000000000e+00
 0.000000000000000e+00 0.000000000000000e+00 0.000000000000000e+00 0.000000000000000e+00 0.000000000000000e+00 0.000000000000000e+00 0.000000000000000e+00 0.000000000000000e+00 0.000000000000000e+00 0.000000000000000e+00
 0.000000000000000e+00 0.000000000000000e+00 0.000000000000000e+00 0.000000000000000e+00 0.000000000000000e+00 0.000000000000000e+00 0.000000000000000e+00 0.000000000000000e+00 0.000000000000000e+00 0.000000000000000e+00
 0.000000000000000e+00 0.000000000000000e+00 0.000000000000000e+00 0.000000000000000e+00 0.000000000000000e+00 0.000000000000000e+00 0.000000000000000e+00 0.000000000000000e+00 0.000000000000000e+00 0.000000000000000e+00
 0.000000000000000e+00 0.000000000000000e+00 0.000000000000000e+00 0.000000000000000e+00 0.000000000000000e+00 0.000000000000000e+00 0.000000000000000e+00 0.000000000000000e+00 0.000000000000000e+00 0.000000000000000e+00
 0.000000000000000e+00 0.000000000000000e+00 0.000000000000000e+00 0.000000000000000e+00 0.000000000000000e+00 0.000000000000000e+00 0.000000000000000e+00 0.000000000000000e+00 0.000000000000000e+00 0.000000000000000e+00
 0.000000000000000e+00 0.000000000000000e+00 0.000000000000000e+00 0.000000000000000e+00 0.000000000000000e+00 0.000000000000000e+00 0.000000000000000e+00 0.000000000000000e+00 0.000000000000000e+00 0.000000000000000e+00
 0.000000000000000e+00 0.000000000000000e+00 0.000000000000000e+00 0.000000000000000e+00 0.000000000000000e+00 0.000000000000000e+00 0.000000000000000e+00 0.000000000000000e+00 0.000000000000000e+00 0.000000000000000e+00
 0.000000000000000e+00 0.000000000000000e+00 0.000000000000000e+00 0.000000000000000e+00 0.000000000000000e+00 0.000000000000000e+00 0.000000000000000e+00 0.000000000000000e+00 0.000000000000000e+00 0.000000000000000e+00
 0.000000000000000e+00 0.000000000000000e+00 0.000000000000000e+00 0.000000000000000e+00 0.000000000000000e+00 0.000000000000000e+00 0.000000000000000e+00 0.000000000000000e+00 0.000000000000000e+00 0.000000000000000e+00
 0.000000000000000e+00 0.000000000000000e+00 0.000000000000000e+00 0.000000000000000e+00 0.000000000000000e+00 0.000000000000000e+00 0.000000000000000e+00 0.000000000000000e+00 0.000000000000000e+00 0.000000000000000e+00
 0.000000000000000e+00 0.000000000000000e+00 0.000000000000000e+00 0.000000000000000e+00 0.000000000000000e+00 0.000000000000000e+00 0.000000000000000e+00 0.000000000000000e+00 0.000000000000000e+00 0.000000000000000e+00
 0.000000000000000e+00 0.000000000000000e+00 0.000000000000000e+00 0.000000000000000e+00 0.000000000000000e+00 0.000000000000000e+00 0.000000000000000e+00 0.000000000000000e+00 0.000000000000000e+00 0.000000000000000e+00
 0.000000000000000e+00 0.000000000000000e+00 0.000000000000000e+00 0.000000000000000e+00 0.000000000000000e+00 0.000000000000000e+00 0.000000000000000e+00 0.000000000000000e+00 0.000000000000000e+00 0.000000000000000e+00
 0.000000000000000e+00 0.000000000000000e+00 0.000000000000000e+00 0.000000000000000e+00 0.000000000000000e+00 0.000000000000000e+00 0.000000000000000e+00 0.000000000000000e+00 0.000000000000000e+00 0.000000000000000e+00
 0.000000000000000e+00 0.000000000000000e+00 0.000000000000000e+00 0.000000000000000e+00 0.000000000000000e+00 0.000000000000000e+00 0.000000000000000e+00 0.000000000000000e+00 0.000000000000000e+00 0.000000000000000e+00
 0.000000000000000e+00 0.000000000000000e+00 0.000000000000000e+00 0.000000000000000e+00 0.000000000000000e+00 0.000000000000000e+00 0.000000000000000e+00 0.000000000000000e+00 0.000000000000000e+00 0.000000000000000e+00
 0.000000000000000e+00 0.000000000000000e+00 0.000000000000000e+00 0.000000000000000e+00 0.000000000000000e+00 0.000000000000000e+00 0.000000000000000e+00 0.000000000000000e+00 0.000000000000000e+00 0.000000000000000e+00
 0.000000000000000e+00 0.000000000000000e+00 0.000000000000000e+00 0.000000000000000e+00 0.000000000000000e+00 0.000000000000000e+00 0.000000000000000e+00 0.000000000000000e+00 0.000000000000000e+00 0.000000000000000e+00
 0.000000000000000e+00 0.000000000000000e+00 0.000000000000000e+00 0.000000000000000e+00 0.000000000000000e+00 0.000000000000000e+00 0.000000000000000e+00 0.000000000000000e+00 0.000000000000000e+00 0.000000000000000e+00
 0.000000000000000e+00 0.000000000000000e+00 0.000000000000000e+00 0.000000000000000e+00 0.000000000000000e+00 0.000000000000000e+00 0.000000000000000e+00 0.000000000000000e+00 0.000000000000000e+00 0.000000000000000e+00
 0.000000000000000e+00 0.000000000000000e+00 0.000000000000000e+00 0.000000000000000e+00 0.000000000000000e+00 0.000000000000000e+00 0.000000000000000e+00 0.000000000000000e+00 0.000000000000000e+00 0.000000000000000e+00
 0.000000000000000e+00 0.000000000000000e+00 0.000000000000000e+00 0.000000000000000e+00 0.000000000000000e+00 0.000000000000000e+00 0.000000000000000e+00 0.000000000000000e+00 0.000000000000000e+00 0.000000000000000e+00
 0.000000000000000e+00 0.000000000000000e+00 0.000000000000000e+00 0.000000000000000e+00 0.000000000000000e+00 0.000000000000000e+00 0.000000000000000e+00 0.000000000000000e+00 0.000000000000000e+00 0.000000000000000e+00
 0.000000000000000e+00 0.000000000000000e+00 0.000000000000000e+00 0.000000000000000e+00 0.000000000000000e+00 0.000000000000000e+00 0.000000000000000e+00 0.000000000000000e+00 0.000000000000000e+00 0.000000000000000e+00
 0.000000000000000e+00 0.000000000000000e+00 0.000000000000000e+00 0.000000000000000e+00 0.000000000000000e+00 0.000000000000000e+00 0.000000000000000e+00 0.000000000000000e+00 0.000000000000000e+00 0.000000000000000e+00
 0.000000000000000e+00 0.000000000000000e+00 0.000000000000000e+00 0.000000000000000e+00 0.000000000000000e+00 0.000000000000000e+00 0.000000000000000e+00 0.000000000000000e+00 0.000000000000000e+00 0.000000000000000e+00
 0.000000000000000e+00 0.000000000000000e+00 0.000000000000000e+00 0.000000000000000e+00 0.000000000000000e+00 0.000000000000000e+00 0.000000000000000e+00 0.000000000000000e+00 0.000000000000000e+00 0.000000000000000e+00
 0.000000000000000e+00 0.000000000000000e+00 0.000000000000000e+00 0.000000000000000e+00 0.000000000000000e+00 0.000000000000000e+00 0.000000000000000e+00 0.000000000000000e+00 0.000000000000000e+00 0.000000000000000e+00
 0.000000000000000e+00 0.000000000000000e+00 0.000000000000000e+00 0.000000000000000e+00 0.000000000000000e+00 0.000000000000000e+00 0.000000000000000e+00 0.000000000000000e+00 0.000000000000000e+00 0.000000000000000e+00
 0.000000000000000e+00 0.000000000000000e+00 0.000000000000000e+00 0.000000000000000e+00 0.000000000000000e+00 0.000000000000000e+00 0.000000000000000e+00 0.000000000000000e+00 0.000000000000000e+00 0.000000000000000e+00
 0.000000000000000e+00 0.000000000000000e+00 0.000000000000000e+00 0.000000000000000e+00 0.000000000000000e+00 0.000000000000000e+00 0.000000000000000e+00 0.000000000000000e+00 0.000000000000000e+00 0.000000000000000e+00
 0.000000000000000e+00 0.000000000000000e+00 0.000000000000000e+00 0.000000000000000e+00 0.000000000000000e+00 0.000000000000000e+00 0.000000000000000e+00 0.000000000000000e+00 0.000000000000000e+00 0.000000000000000e+00
 0.000000000000000e+00 0.000000000000000e+00 0.000000000000000e+00 0.000000000000000e+00 0.000000000000000e+00 0.000000000000000e+00 0.000000000000000e+00 0.000000000000000e+00 0.000000000000000e+00 0.000000000000000e+00
 0.000000000000000e+00 0.000000000000000e+00 0.000000000000000e+00 0.000000000000000e+00 0.000000000000000e+00 0.000000000000000e+00 0.000000000000000e+00 0.000000000000000e+00 0.000000000000000e+00 0.000000000000000e+00
 0.000000000000000e+00 0.000000000000000e+00 0.000000000000000e+00 0.000000000000000e+00 0.000000000000000e+00 0.000000000000000e+00 0.000000000000000e+00 0.000000000000000e+00 0.000000000000000e+00 0.000000000000000e+00
 0.000000000000000e+00 0.000000000000000e+00 0.000000000000000e+00 0.000000000000000e+00 0.000000000000000e+00 0.000000000000000e+00 0.000000000000000e+00 0.000000000000000e+00 0.000000000000000e+00 0.000000000000000e+00
 0.000000000000000e+00 0.000000000000000e+00 0.000000000000000e+00 0.000000000000000e+00 0.000000000000000e+00 0.000000000000000e+00 0.000000000000000e+00 0.000000000000000e+00 0.000000000000000e+00 0.000000000000000e+00
 0.000000000000000e+00 0.000000000000000e+00 0.000000000000000e+00 0.000000000000000e+00 0.000000000000000e+00 0.000000000000000e+00 0.000000000000000e+00 0.000000000000000e+00 0.000000000000000e+00 0.000000000000000e+00
 0.000000000000000e+00 0.000000000000000e+00 0.000000000000000e+00 0.000000000000000e+00 0.000000000000000e+00 0.000000000000000e+00 0.000000000000000e+00 0.000000000000000e+00 0.000000000000000e+00 0.000000000000000e+00
 0.000000000000000e+00 0.000000000000000e+00 0.000000000000000e+00 0.000000000000000e+00 0.000000000000000e+00 0.000000000000000e+00 0.000000000000000e+00 0.000000000000000e+00 0.000000000000000e+00 0.000000000000000e+00
 0.000000000000000e+00 0.000000000000000e+00 0.000000000000000e+00 0.000000000000000e+00 0.000000000000000e+00 0.000000000000000e+00 0.000000000000000e+00 0.000000000000000e+00 0.000000000000000e+00 0.000000000000000e+00
 0.000000000000000e+00 0.000000000000000e+00 0.000000000000000e+00 0.000000000000000e+00 0.000000000000000e+00 0.000000000000000e+00 0.000000000000000e+00 0.000000000000000e+00 0.000000000000000e+00 0.000000000000000e+00
 0.000000000000000e+00 0.000000000000000e+00 0.000000000000000e+00 0.000000000000000e+00 0.000000000000000e+00 0.000000000000000e+00 0.000000000000000e+00 0.000000000000000e+00 0.000000000000000e+00 0.000000000000000e+00
 0.000000000000000e+00 0.000000000000000e+00 0.000000000000000e+00 0.000000000000000e+00 0.000000000000000e+00 0.000000000000000e+00 0.000000000000000e+00 0.000000000000000e+00 0.000000000000000e+00 0.000000000000000e+00
 0.000000000000000e+00 0.000000000000000e+00 0.000000000000000e+00 0.000000000000000e+00 0.000000000000000e+00 0.000000000000000e+00 0.000000000000000e+00 0.000000000000000e+00 0.000000000000000e+00 0.000000000000000e+00
 0.000000000000000e+00 0.000000000000000e+00 0.000000000000000e+00 0.000000000000000e+00 0.000000000000000e+00 0.000000000000000e+00 0.000000000000000e+00 0.000000000000000e+00 0.000000000000000e+00 0.000000000000000e+00
 0.000000000000000e+00 0.000000000000000e+00 0.000000000000000e+00 0.000000000000000e+00 0.000000000000000e+00 0.000000000000000e+00 0.000000000000000e+00 0.000000000000000e+00 0.000000000000000e+00 0.000000000000000e+00
 0.000000000000000e+00 0.000000000000000e+00 0.000000000000000e+00 0.000000000000000e+00 0.000000000000000e+00 0.000000000000000e+00 0.000000000000000e+00 0.000000000000000e+00 0.000000000000000e+00 0.000000000000000e+00
 0.000000000000000e+00 0.000000000000000e+00 0.000000000000000e+00 0.000000000000000e+00 0.000000000000000e+00 0.000000000000000e+00 0.000000000000000e+00 0.000000000000000e+00 0.000000000000000e+00 0.000000000000000e+00
 0.000000000000000e+00 0.000000000000000e+00 0.000000000000000e+00 0.000000000000000e+00 0.000000000000000e+00 0.000000000000000e+00 0.000000000000000e+00 0.000000000000000e+00 0.000000000000000e+00 0.000000000000000e+00
 0.000000000000000e+00 0.000000000000000e+00 0.000000000000000e+00 0.000000000000000e+00 0.000000000000000e+00 0.000000000000000e+00 0.000000000000000e+00 0.000000000000000e+00 0.000000000000000e+00 0.000000000000000e+00
 0.000000000000000e+00 0.000000000000000e+00 0.000000000000000e+00 0.000000000000000e+00 0.000000000000000e+00 0.000000000000000e+00 0.000000000000000e+00 0.000000000000000e+00 0.000000000000000e+00 0.000000000000000e+00
 0.000000000000000e+00 0.000000000000000e+00 0.000000000000000e+00 0.000000000000000e+00 0.000000000000000e+00 0.000000000000000e+00 0.000000000000000e+00 0.000000000000000e+00 0.000000000000000e+00 0.000000000000000e+00
 0.000000000000000e+00 0.000000000000000e+00 0.000000000000000e+00 0.000000000000000e+00 0.000000000000000e+00 0.000000000000000e+00 0.000000000000000e+00 0.000000000000000e+00 0.000000000000000e+00 0.000000000000000e+00
 0.000000000000000e+00 0.000000000000000e+00 0.000000000000000e+00 0.000000000000000e+00 0.000000000000000e+00 0.000000000000000e+00 0.000000000000000e+00 0.000000000000000e+00 0.000000000000000e+00 0.000000000000000e+00
 0.000000000000000e+00 0.000000000000000e+00 0.000000000000000e+00 0.000000000000000e+00 0.000000000000000e+00 0.000000000000000e+00 0.000000000000000e+00 0.000000000000000e+00 0.000000000000000e+00 0.000000000000000e+00
 0.000000000000000e+00 0.000000000000000e+00 0.000000000000000e+00 0.000000000000000e+00 0.000000000000000e+00 0.000000000000000e+00 0.000000000000000e+00 0.000000000000000e+00 0.000000000000000e+00 0.000000000000000e+00
 0.000000000000000e+00 0.000000000000000e+00 0.000000000000000e+00 0.000000000000000e+00 0.000000000000000e+00 0.000000000000000e+00 0.000000000000000e+00 0.000000000000000e+00 0.000000000000000e+00 0.000000000000000e+00
 0.000000000000000e+00 0.000000000000000e+00 0.000000000000000e+00 0.000000000000000e+00 0.000000000000000e+00 0.000000000000000e+00 0.000000000000000e+00 0.000000000000000e+00 0.000000000000000e+00 0.000000000000000e+00
 0.000000000000000e+00 0.000000000000000e+00 0.000000000000000e+00 0.000000000000000e+00 0.000000000000000e+00 0.000000000000000e+00 0.000000000000000e+00 0.000000000000000e+00 0.000000000000000e+00 0.000000000000000e+00
 0.000000000000000e+00 0.000000000000000e+00 0.000000000000000e+00 0.000000000000000e+00 0.000000000000000e+00 0.000000000000000e+00 0.000000000000000e+00 0.000000000000000e+00 0.000000000000000e+00 0.000000000000000e+00
 0.000000000000000e+00 0.000000000000000e+00 0.000000000000000e+00 0.000000000000000e+00 0.000000000000000e+00 0.000000000000000e+00 0.000000000000000e+00 0.000000000000000e+00 0.000000000000000e+00 0.000000000000000e+00
 0.000000000000000e+00 0.000000000000000e+00 0.000000000000000e+00 0.000000000000000e+00 0.000000000000000e+00 0.000000000000000e+00 0.000000000000000e+00 0.000000000000000e+00 0.000000000000000e+00 0.000000000000000e+00
 0.000000000000000e+00 0.000000000000000e+00 0.000000000000000e+00 0.000000000000000e+00 0.000000000000000e+00 0.000000000000000e+00 0.000000000000000e+00 0.000000000000000e+00 0.000000000000000e+00 0.000000000000000e+00
 0.000000000000000e+00 0.000000000000000e+00 0.000000000000000e+00 0.000000000000000e+00 0.000000000000000e+00 0.000000000000000e+00 0.000000000000000e+00 0.000000000000000e+00 0.000000000000000e+00 0.000000000000000e+00
 0.000000000000000e+00 0.000000000000000e+00 0.000000000000000e+00 0.000000000000000e+00 0.000000000000000e+00 0.000000000000000e+00 0.000000000000000e+00 0.000000000000000e+00 0.000000000000000e+00 0.000000000000000e+00
 0.000000000000000e+00 0.000000000000000e+00 0.000000000000000e+00 0.000000000000000e+00 0.000000000000000e+00 0.000000000000000e+00 0.000000000000000e+00 0.000000000000000e+00 0.000000000000000e+00 0.000000000000000e+00
 0.000000000000000e+00 0.000000000000000e+00 0.000000000000000e+00 0.000000000000000e+00 0.000000000000000e+00 0.000000000000000e+00 0.000000000000000e+00 0.000000000000000e+00 0.000000000000000e+00 0.000000000000000e+00
 0.000000000000000e+00 0.000000000000000e+00 0.000000000000000e+00 0.000000000000000e+00 0.000000000000000e+00 0.000000000000000e+00 0.000000000000000e+00 0.000000000000000e+00 0.000000000000000e+00 0.000000000000000e+00
 0.000000000000000e+00 0.000000000000000e+00 0.000000000000000e+00 0.000000000000000e+00 0.000000000000000e+00 0.000000000000000e+00 0.000000000000000e+00 0.000000000000000e+00 0.000000000000000e+00 0.000000000000000e+00
 0.000000000000000e+00 0.000000000000000e+00 0.000000000000000e+00 0.000000000000000e+00 0.000000000000000e+00 0.000000000000000e+00 0.000000000000000e+00 0.000000000000000e+00 0.000000000000000e+00 0.000000000000000e+00
 0.000000000000000e+00 0.000000000000000e+00 0.000000000000000e+00 0.000000000000000e+00 0.000000000000000e+00 0.000000000000000e+00 0.000000000000000e+00 0.000000000000000e+00 0.000000000000000e+00 0.000000000000000e+00
 0.000000000000000e+00 0.000000000000000e+00 0.000000000000000e+00 0.000000000000000e+00 0.000000000000000e+00 0.000000000000000e+00 0.000000000000000e+00 0.000000000000000e+00 0.000000000000000e+00 0.000000000000000e+00
 0.000000000000000e+00 0.000000000000000e+00 0.000000000000000e+00 0.000000000000000e+00 0.000000000000000e+00 0.000000000000000e+00 0.000000000000000e+00 0.000000000000000e+00 0.000000000000000e+00 0.000000000000000e+00
 0.000000000000000e+00 0.000000000000000e+00 0.000000000000000e+00 0.000000000000000e+00 0.000000000000000e+00 0.000000000000000e+00 0.000000000000000e+00 0.000000000000000e+00 0.000000000000000e+00 0.000000000000000e+00
 0.000000000000000e+00 0.000000000000000e+00 0.000000000000000e+00 0.000000000000000e+00 0.000000000000000e+00 0.000000000000000e+00 0.000000000000000e+00 0.000000000000000e+00 0.000000000000000e+00 0.000000000000000e+00
 0.000000000000000e+00 0.000000000000000e+00 0.000000000000000e+00 0.000000000000000e+00 0.000000000000000e+00 0.000000000000000e+00 0.000000000000000e+00 0.000000000000000e+00 0.000000000000000e+00 0.000000000000000e+00
 0.000000000000000e+00 0.000000000000000e+00 0.000000000000000e+00 0.000000000000000e+00 0.000000000000000e+00 0.000000000000000e+00 0.000000000000000e+00 0.000000000000000e+00 0.000000000000000e+00 0.000000000000000e+00
 0.000000000000000e+00 0.000000000000000e+00 0.000000000000000e+00 0.000000000000000e+00 0.000000000000000e+00 0.000000000000000e+00 0.000000000000000e+00 0.000000000000000e+00 0.000000000000000e+00 0.000000000000000e+00
 0.000000000000000e+00 0.000000000000000e+00 0.000000000000000e+00 0.000000000000000e+00 0.000000000000000e+00 0.000000000000000e+00 0.000000000000000e+00 0.000000000000000e+00 0.000000000000000e+00 0.000000000000000e+00
 0.000000000000000e+00 0.000000000000000e+00 0.000000000000000e+00 0.000000000000000e+00 0.000000000000000e+00 0.000000000000000e+00 0.000000000000000e+00 0.000000000000000e+00 0.000000000000000e+00 0.000000000000000e+00
 0.000000000000000e+00 0.000000000000000e+00 0.000000000000000e+00 0.000000000000000e+00 0.000000000000000e+00 0.000000000000000e+00 0.000000000000000e+00 0.000000000000000e+00 0.000000000000000e+00 0.000000000000000e+00
 0.000000000000000e+00 0.000000000000000e+00 0.000000000000000e+00 0.000000000000000e+00 0.000000000000000e+00 0.000000000000000e+00 0.000000000000000e+00 0.000000000000000e+00 0.000000000000000e+00 0.000000000000000e+00
 0.000000000000000e+00 0.000000000000000e+00 0.000000000000000e+00 0.000000000000000e+00 0.000000000000000e+00 0.000000000000000e+00 0.000000000000000e+00 0.000000000000000e+00 0.000000000000000e+00 0.000000000000000e+00
 0.000000000000000e+00 0.000000000000000e+00 0.000000000000000e+00 0.000000000000000e+00 0.000000000000000e+00 0.000000000000000e+00 0.000000000000000e+00 0.000000000000000e+00 0.000000000000000e+00 0.000000000000000e+00
 0.000000000000000e+00 0.000000000000000e+00 0.000000000000000e+00 0.000000000000000e+00 0.000000000000000e+00 0.000000000000000e+00 0.000000000000000e+00 0.000000000000000e+00 0.000000000000000e+00 0.000000000000000e+00
 0.000000000000000e+00 0.000000000000000e+00 0.000000000000000e+00 0.000000000000000e+00 0.000000000000000e+00 0.000000000000000e+00 0.000000000000000e+00 0.000000000000000e+00 0.000000000000000e+00 0.000000000000000e+00
 0.000000000000000e+00 0.000000000000000e+00 0.000000000000000e+00 0.000000000000000e+00 0.000000000000000e+00 0.000000000000000e+00 0.000000000000000e+00 0.000000000000000e+00 0.000000000000000e+00 0.000000000000000e+00
 0.000000000000000e+00 0.000000000000000e+00 0.000000000000000e+00 0.000000000000000e+00 0.000000000000000e+00 0.000000000000000e+00 0.000000000000000e+00 0.000000000000000e+00 0.000000000000000e+00 0.000000000000000e+00
 0.000000000000000e+00 0.000000000000000e+00 0.000000000000000e+00 0.000000000000000e+00 0.000000000000000e+00 0.000000000000000e+00 0.000000000000000e+00 0.000000000000000e+00 0.000000000000000e+00 0.000000000000000e+00
 0.000000000000000e+00 0.000000000000000e+00 0.000000000000000e+00 0.000000000000000e+00 0.000000000000000e+00 0.000000000000000e+00 0.000000000000000e+00 0.000000000000000e+00 0.000000000000000e+00 0.000000000000000e+00
 0.000000000000000e+00 0.000000000000000e+00 0.000000000000000e+00 0.000000000000000e+00 0.000000000000000e+00 0.000000000000000e+00 0.000000000000000e+00 0.000000000000000e+00 0.000000000000000e+00 0.000000000000000e+00
 0.000000000000000e+00 0.000000000000000e+00 0.000000000000000e+00 0.000000000000000e+00 0.000000000000000e+00 0.000000000000000e+00 0.000000000000000e+00 0.000000000000000e+00 0.000000000000000e+00 0.000000000000000e+00
 0.000000000000000e+00 0.000000000000000e+00 0.000000000000000e+00 0.000000000000000e+00 0.000000000000000e+00 0.000000000000000e+00 0.000000000000000e+00 0.000000000000000e+00 0.000000000000000e+00 0.000000000000000e+00
 0.000000000000000e+00 0.000000000000000e+00 0.000000000000000e+00 0.000000000000000e+00 0.000000000000000e+00 0.000000000000000e+00 0.000000000000000e+00 0.000000000000000e+00 0.000000000000000e+00 0.000000000000000e+00
 0.000000000000000e+00 0.000000000000000e+00 0.000000000000000e+00 0.000000000000000e+00 0.000000000000000e+00 0.000000000000000e+00 0.000000000000000e+00 0.000000000000000e+00 0.000000000000000e+00 0.000000000000000e+00
 0.000000000000000e+00 0.000000000000000e+00 0.000000000000000e+00 0.000000000000000e+00 0.000000000000000e+00 0.000000000000000e+00 0.000000000000000e+00 0.000000000000000e+00 0.000000000000000e+00 0.000000000000000e+00
 0.000000000000000e+00 0.000000000000000e+00 0.000000000000000e+00 0.000000000000000e+00 0.000000000000000e+00 0.000000000000000e+00 0.000000000000000e+00 0.000000000000000e+00 0.000000000000000e+00 0.000000000000000e+00
 0.000000000000000e+00 0.000000000000000e+00 0.000000000000000e+00 0.000000000000000e+00 0.000000000000000e+00 0.000000000000000e+00 0.000000000000000e+00 0.000000000000000e+00 0.000000000000000e+00 0.000000000000000e+00
 0.000000000000000e+00 0.000000000000000e+00 0.000000000000000e+00 0.000000000000000e+00 0.000000000000000e+00 0.000000000000000e+00 0.000000000000000e+00 0.000000000000000e+00 0.000000000000000e+00 0.000000000000000e+00
 0.000000000000000e+00 0.000000000000000e+00 0.000000000000000e+00 0.000000000000000e+00 0.000000000000000e+00 0.000000000000000e+00 0.000000000000000e+00 0.000000000000000e+00 0.000000000000000e+00 0.000000000000000e+00
 0.000000000000000e+00 0.000000000000000e+00 0.000000000000000e+00 0.000000000000000e+00 0.000000000000000e+00 0.000000000000000e+00 0.000000000000000e+00 0.000000000000000e+00 0.000000000000000e+00 0.000000000000000e+00
 0.000000000000000e+00 0.000000000000000e+00 0.000000000000000e+00 0.000000000000000e+00 0.000000000000000e+00 0.000000000000000e+00 0.000000000000000e+00 0.000000000000000e+00 0.000000000000000e+00 0.000000000000000e+00
 0.000000000000000e+00 0.000000000000000e+00 0.000000000000000e+00 0.000000000000000e+00 0.000000000000000e+00 0.000000000000000e+00 0.000000000000000e+00 0.000000000000000e+00 0.000000000000000e+00 0.000000000000000e+00
 0.000000000000000e+00 0.000000000000000e+00 0.000000000000000e+00 0.000000000000000e+00 0.000000000000000e+00 0.000000000000000e+00 0.000000000000000e+00 0.000000000000000e+00 0.000000000000000e+00 0.000000000000000e+00
 0.000000000000000e+00 0.000000000000000e+00 0.000000000000000e+00 0.000000000000000e+00 0.000000000000000e+00 0.000000000000000e+00 0.000000000000000e+00 0.000000000000000e+00 0.000000000000000e+00 0.000000000000000e+00
 0.000000000000000e+00 0.000000000000000e+00 0.000000000000000e+00 0.000000000000000e+00 0.000000000000000e+00 0.000000000000000e+00 0.000000000000000e+00 0.000000000000000e+00 0.000000000000000e+00 0.000000000000000e+00
 0.000000000000000e+00 0.000000000000000e+00 0.000000000000000e+00 0.000000000000000e+00 0.000000000000000e+00 0.000000000000000e+00 0.000000000000000e+00 0.000000000000000e+00 0.000000000000000e+00 0.000000000000000e+00
 0.000000000000000e+00 0.000000000000000e+00 0.000000000000000e+00 0.000000000000000e+00 0.000000000000000e+00 0.000000000000000e+00 0.000000000000000e+00 0.000000000000000e+00 0.000000000000000e+00 0.000000000000000e+00
 0.000000000000000e+00 0.000000000000000e+00 0.000000000000000e+00 0.000000000000000e+00 0.000000000000000e+00 0.000000000000000e+00 0.000000000000000e+00 0.000000000000000e+00 0.000000000000000e+00 0.000000000000000e+00
 0.000000000000000e+00 0.000000000000000e+00 0.000000000000000e+00 0.000000000000000e+00 0.000000000000000e+00 0.000000000000000e+00 0.000000000000000e+00 0.000000000000000e+00 0.000000000000000e+00 0.000000000000000e+00
 0.000000000000000e+00 0.000000000000000e+00 0.000000000000000e+00 0.000000000000000e+00 0.000000000000000e+00 0.000000000000000e+00 0.000000000000000e+00 0.000000000000000e+00 0.000000000000000e+00 0.000000000000000e+00
 0.000000000000000e+00 0.000000000000000e+00 0.000000000000000e+00 0.000000000000000e+00 0.000000000000000e+00 0.000000000000000e+00 0.000000000000000e+00 0.000000000000000e+00 0.000000000000000e+00 0.000000000000000e+00
 0.000000000000000e+00 0.000000000000000e+00 0.000000000000000e+00 0.000000000000000e+00 0.000000000000000e+00 0.000000000000000e+00 0.000000000000000e+00 0.000000000000000e+00 0.000000000000000e+00 0.000000000000000e+00
 0.000000000000000e+00 0.000000000000000e+00 0.000000000000000e+00 0.000000000000000e+00 0.000000000000000e+00 0.000000000000000e+00 0.000000000000000e+00 0.000000000000000e+00 0.000000000000000e+00 0.000000000000000e+00
 0.000000000000000e+00 0.000000000000000e+00 0.000000000000000e+00 0.000000000000000e+00 0.000000000000000e+00 0.000000000000000e+00 0.000000000000000e+00 0.000000000000000e+00 0.000000000000000e+00 0.000000000000000e+00
 0.000000000000000e+00 0.000000000000000e+00 0.000000000000000e+00 0.000000000000000e+00 0.000000000000000e+00 0.000000000000000e+00 0.000000000000000e+00 0.000000000000000e+00 0.000000000000000e+00 0.000000000000000e+00
 0.000000000000000e+00 0.000000000000000e+00 0.000000000000000e+00 0.000000000000000e+00 0.000000000000000e+00 0.000000000000000e+00 0.000000000000000e+00 0.000000000000000e+00 0.000000000000000e+00 0.000000000000000e+00
 0.000000000000000e+00 0.000000000000000e+00 0.000000000000000e+00 0.000000000000000e+00 0.000000000000000e+00 0.000000000000000e+00 0.000000000000000e+00 0.000000000000000e+00 0.000000000000000e+00 0.000000000000000e+00
 0.000000000000000e+00 0.000000000000000e+00 0.000000000000000e+00 0.000000000000000e+00 0.000000000000000e+00 0.000000000000000e+00 0.000000000000000e+00 0.000000000000000e+00 0.000000000000000e+00 0.000000000000000e+00
 0.000000000000000e+00 0.000000000000000e+00 0.000000000000000e+00 0.000000000000000e+00 0.000000000000000e+00 0.000000000000000e+00 0.000000000000000e+00 0.000000000000000e+00 0.000000000000000e+00 0.000000000000000e+00
 0.000000000000000e+00 0.000000000000000e+00 0.000000000000000e+00 0.000000000000000e+00 0.000000000000000e+00 0.000000000000000e+00 0.000000000000000e+00 0.000000000000000e+00 0.000000000000000e+00 0.000000000000000e+00
 0.000000000000000e+00 0.000000000000000e+00 0.000000000000000e+00 0.000000000000000e+00 0.000000000000000e+00 0.000000000000000e+00 0.000000000000000e+00 0.000000000000000e+00 0.000000000000000e+00 0.000000000000000e+00
 0.000000000000000e+00 0.000000000000000e+00 0.000000000000000e+00 0.000000000000000e+00 0.000000000000000e+00 0.000000000000000e+00 0.000000000000000e+00 0.000000000000000e+00 0.000000000000000e+00 0.000000000000000e+00
 0.000000000000000e+00 0.000000000000000e+00 0.000000000000000e+00 0.000000000000000e+00 0.000000000000000e+00 0.000000000000000e+00 0.000000000000000e+00 0.000000000000000e+00 0.000000000000000e+00 0.000000000000000e+00
 0.000000000000000e+00 0.000000000000000e+00 0.000000000000000e+00 0.000000000000000e+00 0.000000000000000e+00 0.000000000000000e+00 0.000000000000000e+00 0.000000000000000e+00 0.000000000000000e+00 0.000000000000000e+00
 0.000000000000000e+00 0.000000000000000e+00 0.000000000000000e+00 0.000000000000000e+00 0.000000000000000e+00 0.000000000000000e+00 0.000000000000000e+00 0.000000000000000e+00 0.000000000000000e+00 0.000000000000000e+00
 0.000000000000000e+00 0.000000000000000e+00 0.000000000000000e+00 0.000000000000000e+00 0.000000000000000e+00 0.000000000000000e+00 0.000000000000000e+00 0.000000000000000e+00 0.000000000000000e+00 0.000000000000000e+00
 0.000000000000000e+00 0.000000000000000e+00 0.000000000000000e+00 0.000000000000000e+00 0.000000000000000e+00 0.000000000000000e+00 0.000000000000000e+00 0.000000000000000e+00 0.000000000000000e+00 0.000000000000000e+00
 0.000000000000000e+00 0.000000000000000e+00 0.000000000000000e+00 0.000000000000000e+00 0.000000000000000e+00 0.000000000000000e+00 0.000000000000000e+00 0.000000000000000e+00 0.000000000000000e+00 0.000000000000000e+00
 0.000000000000000e+00 0.000000000000000e+00 0.000000000000000e+00 0.000000000000000e+00 0.000000000000000e+00 0.000000000000000e+00 0.000000000000000e+00 0.000000000000000e+00 0.000000000000000e+00 0.000000000000000e+00
 0.000000000000000e+00 0.000000000000000e+00 0.000000000000000e+00 0.000000000000000e+00 0.000000000000000e+00 0.000000000000000e+00 0.000000000000000e+00 0.000000000000000e+00 0.000000000000000e+00 0.000000000000000e+00
 0.000000000000000e+00 0.000000000000000e+00 0.000000000000000e+00 0.000000000000000e+00 0.000000000000000e+00 0.000000000000000e+00 0.000000000000000e+00 0.000000000000000e+00 0.000000000000000e+00 0.000000000000000e+00
 0.000000000000000e+00 0.000000000000000e+00 0.000000000000000e+00 0.000000000000000e+00 0.000000000000000e+00 0.000000000000000e+00 0.000000000000000e+00 0.000000000000000e+00 0.000000000000000e+00 0.000000000000000e+00
 0.000000000000000e+00 0.000000000000000e+00 0.000000000000000e+00 0.000000000000000e+00 0.000000000000000e+00 0.000000000000000e+00 0.000000000000000e+00 0.000000000000000e+00 0.000000000000000e+00 0.000000000000000e+00
 0.000000000000000e+00 0.000000000000000e+00 0.000000000000000e+00 0.000000000000000e+00 0.000000000000000e+00 0.000000000000000e+00 0.000000000000000e+00 0.000000000000000e+00 0.000000000000000e+00 0.000000000000000e+00
 0.000000000000000e+00 0.000000000000000e+00 0.000000000000000e+00 0.000000000000000e+00 0.000000000000000e+00 0.000000000000000e+00 0.000000000000000e+00 0.000000000000000e+00 0.000000000000000e+00 0.000000000000000e+00
 0.000000000000000e+00 0.000000000000000e+00 0.000000000000000e+00 0.000000000000000e+00 0.000000000000000e+00 0.000000000000000e+00 0.000000000000000e+00 0.000000000000000e+00 0.000000000000000e+00 0.000000000000000e+00
 0.000000000000000e+00 0.000000000000000e+00 0.000000000000000e+00 0.000000000000000e+00 0.000000000000000e+00 0.000000000000000e+00 0.000000000000000e+00 0.000000000000000e+00 0.000000000000000e+00 0.000000000000000e+00
 0.000000000000000e+00 0.000000000000000e+00 0.000000000000000e+00 0.000000000000000e+00 0.000000000000000e+00 0.000000000000000e+00 0.000000000000000e+00 0.000000000000000e+00 0.000000000000000e+00 0.000000000000000e+00
 0.000000000000000e+00 0.000000000000000e+00 0.000000000000000e+00 0.000000000000000e+00 0.000000000000000e+00 0.000000000000000e+00 0.000000000000000e+00 0.000000000000000e+00 0.000000000000000e+00 0.000000000000000e+00
 0.000000000000000e+00 0.000000000000000e+00 0.000000000000000e+00 0.000000000000000e+00 0.000000000000000e+00 0.000000000000000e+00 0.000000000000000e+00 0.000000000000000e+00 0.000000000000000e+00 0.000000000000000e+00
 0.000000000000000e+00 0.000000000000000e+00 0.000000000000000e+00 0.000000000000000e+00 0.000000000000000e+00 0.000000000000000e+00 0.000000000000000e+00 0.000000000000000e+00 0.000000000000000e+00 0.000000000000000e+00
 0.000000000000000e+00 0.000000000000000e+00 0.000000000000000e+00 0.000000000000000e+00 0.000000000000000e+00 0.000000000000000e+00 0.000000000000000e+00 0.000000000000000e+00 0.000000000000000e+00 0.000000000000000e+00
 0.000000000000000e+00 0.000000000000000e+00 0.000000000000000e+00 0.000000000000000e+00 0.000000000000000e+00 0.000000000000000e+00 0.000000000000000e+00 0.000000000000000e+00 0.000000000000000e+00 0.000000000000000e+00
 0.000000000000000e+00 0.000000000000000e+00 0.000000000000000e+00 0.000000000000000e+00 0.000000000000000e+00 0.000000000000000e+00 0.000000000000000e+00 0.000000000000000e+00 0.000000000000000e+00 0.000000000000000e+00
 0.000000000000000e+00 0.000000000000000e+00 0.000000000000000e+00 0.000000000000000e+00 0.000000000000000e+00 0.000000000000000e+00 0.000000000000000e+00 0.000000000000000e+00 0.000000000000000e+00 0.000000000000000e+00
 0.000000000000000e+00 0.000000000000000e+00 0.000000000000000e+00 0.000000000000000e+00 0.000000000000000e+00 0.000000000000000e+00 0.000000000000000e+00 0.000000000000000e+00 0.000000000000000e+00 0.000000000000000e+00
 0.000000000000000e+00 0.000000000000000e+00 0.000000000000000e+00 0.000000000000000e+00 0.000000000000000e+00 0.000000000000000e+00 0.000000000000000e+00 0.000000000000000e+00 0.000000000000000e+00 0.000000000000000e+00
 0.000000000000000e+00 0.000000000000000e+00 0.000000000000000e+00 0.000000000000000e+00 0.000000000000000e+00 0.000000000000000e+00 0.000000000000000e+00 0.000000000000000e+00 0.000000000000000e+00 0.000000000000000e+00
 0.000000000000000e+00 0.000000000000000e+00 0.000000000000000e+00 0.000000000000000e+00 0.000000000000000e+00 0.000000000000000e+00 0.000000000000000e+00 0.000000000000000e+00 0.000000000000000e+00 0.000000000000000e+00
 0.000000000000000e+00 0.000000000000000e+00 0.000000000000000e+00 0.000000000000000e+00 0.000000000000000e+00 0.000000000000000e+00 0.000000000000000e+00 0.000000000000000e+00 0.000000000000000e+00 0.000000000000000e+00
 0.000000000000000e+00 0.000000000000000e+00 0.000000000000000e+00 0.000000000000000e+00 0.000000000000000e+00 0.000000000000000e+00 0.000000000000000e+00 0.000000000000000e+00 0.000000000000000e+00 0.000000000000000e+00
 0.000000000000000e+00 0.000000000000000e+00 0.000000000000000e+00 0.000000000000000e+00 0.000000000000000e+00 0.000000000000000e+00 0.000000000000000e+00 0.000000000000000e+00 0.000000000000000e+00 0.000000000000000e+00
 0.000000000000000e+00 0.000000000000000e+00 0.000000000000000e+00 0.000000000000000e+00 0.000000000000000e+00 0.000000000000000e+00 0.000000000000000e+00 0.000000000000000e+00 0.000000000000000e+00 0.000000000000000e+00
 0.000000000000000e+00 0.000000000000000e+00 0.000000000000000e+00 0.000000000000000e+00 0.000000000000000e+00 0.000000000000000e+00 0.000000000000000e+00 0.000000000000000e+00 0.000000000000000e+00 0.000000000000000e+00
 0.000000000000000e+00 0.000000000000000e+00 0.000000000000000e+00 0.000000000000000e+00 0.000000000000000e+00 0.000000000000000e+00 0.000000000000000e+00 0.000000000000000e+00 0.000000000000000e+00 0.000000000000000e+00
 0.000000000000000e+00 0.000000000000000e+00 0.000000000000000e+00 0.000000000000000e+00 0.000000000000000e+00 0.000000000000000e+00 0.000000000000000e+00 0.000000000000000e+00 0.000000000000000e+00 0.000000000000000e+00
 0.000000000000000e+00 0.000000000000000e+00 0.000000000000000e+00 0.000000000000000e+00 0.000000000000000e+00 0.000000000000000e+00 0.000000000000000e+00 0.000000000000000e+00 0.000000000000000e+00 0.000000000000000e+00
 0.000000000000000e+00 0.000000000000000e+00 0.000000000000000e+00 0.000000000000000e+00 0.000000000000000e+00 0.000000000000000e+00 0.000000000000000e+00 0.000000000000000e+00 0.000000000000000e+00 0.000000000000000e+00
 0.000000000000000e+00 0.000000000000000e+00 0.000000000000000e+00 0.000000000000000e+00 0.000000000000000e+00 0.000000000000000e+00 0.000000000000000e+00 0.000000000000000e+00 0.000000000000000e+00 0.000000000000000e+00
 0.000000000000000e+00 0.000000000000000e+00 0.000000000000000e+00 0.000000000000000e+00 0.000000000000000e+00 0.000000000000000e+00 0.000000000000000e+00 0.000000000000000e+00 0.000000000000000e+00 0.000000000000000e+00
 0.000000000000000e+00 0.000000000000000e+00 0.000000000000000e+00 0.000000000000000e+00 0.000000000000000e+00 0.000000000000000e+00 0.000000000000000e+00 0.000000000000000e+00 0.000000000000000e+00 0.000000000000000e+00
 0.000000000000000e+00 0.000000000000000e+00 0.000000000000000e+00 0.000000000000000e+00 0.000000000000000e+00 0.000000000000000e+00 0.000000000000000e+00 0.000000000000000e+00 0.000000000000000e+00 0.000000000000000e+00
 0.000000000000000e+00 0.000000000000000e+00 0.000000000000000e+00 0.000000000000000e+00 0.000000000000000e+00 0.000000000000000e+00 0.000000000000000e+00 0.000000000000000e+00 0.000000000000000e+00 0.000000000000000e+00
 0.000000000000000e+00 0.000000000000000e+00 0.000000000000000e+00 0.000000000000000e+00 0.000000000000000e+00 0.000000000000000e+00 0.000000000000000e+00 0.000000000000000e+00 0.000000000000000e+00 0.000000000000000e+00
 0.000000000000000e+00 0.000000000000000e+00 0.000000000000000e+00 0.000000000000000e+00 0.000000000000000e+00 0.000000000000000e+00 0.000000000000000e+00 0.000000000000000e+00 0.000000000000000e+00 0.000000000000000e+00
 0.000000000000000e+00 0.000000000000000e+00 0.000000000000000e+00 0.000000000000000e+00 0.000000000000000e+00 0.000000000000000e+00 0.000000000000000e+00 0.000000000000000e+00 0.000000000000000e+00 0.000000000000000e+00
 0.000000000000000e+00 0.000000000000000e+00 0.000000000000000e+00 0.000000000000000e+00 0.000000000000000e+00 0.000000000000000e+00 0.000000000000000e+00 0.000000000000000e+00 0.000000000000000e+00 0.000000000000000e+00
 0.000000000000000e+00 0.000000000000000e+00 0.000000000000000e+00 0.000000000000000e+00 0.000000000000000e+00 0.000000000000000e+00 0.000000000000000e+00 0.000000000000000e+00 0.000000000000000e+00 0.000000000000000e+00
 0.000000000000000e+00 0.000000000000000e+00 0.000000000000000e+00 0.000000000000000e+00 0.000000000000000e+00 0.000000000000000e+00 0.000000000000000e+00 0.000000000000000e+00 0.000000000000000e+00 0.000000000000000e+00
 0.000000000000000e+00 0.000000000000000e+00 0.000000000000000e+00 0.000000000000000e+00 0.000000000000000e+00 0.000000000000000e+00 0.000000000000000e+00 0.000000000000000e+00 0.000000000000000e+00 0.000000000000000e+00
 0.000000000000000e+00 0.000000000000000e+00 0.000000000000000e+00 0.000000000000000e+00 0.000000000000000e+00 0.000000000000000e+00 0.000000000000000e+00 0.000000000000000e+00 0.000000000000000e+00 0.000000000000000e+00
 0.000000000000000e+00 0.000000000000000e+00 0.000000000000000e+00 0.000000000000000e+00 0.000000000000000e+00 0.000000000000000e+00 0.000000000000000e+00 0.000000000000000e+00 0.000000000000000e+00 0.000000000000000e+00
 0.000000000000000e+00 0.000000000000000e+00 0.000000000000000e+00 0.000000000000000e+00 0.000000000000000e+00 0.000000000000000e+00 0.000000000000000e+00 0.000000000000000e+00 0.000000000000000e+00 0.000000000000000e+00
 0.000000000000000e+00 0.000000000000000e+00 0.000000000000000e+00 0.000000000000000e+00 0.000000000000000e+00 0.000000000000000e+00 0.000000000000000e+00 0.000000000000000e+00 0.000000000000000e+00 0.000000000000000e+00
 0.000000000000000e+00 0.000000000000000e+00 0.000000000000000e+00 0.000000000000000e+00 0.000000000000000e+00 0.000000000000000e+00 0.000000000000000e+00 0.000000000000000e+00 0.000000000000000e+00 0.000000000000000e+00
 0.000000000000000e+00 0.000000000000000e+00 0.000000000000000e+00 0.000000000000000e+00 0.000000000000000e+00 0.000000000000000e+00 0.000000000000000e+00 0.000000000000000e+00 0.000000000000000e+00 0.000000000000000e+00
 0.000000000000000e+00 0.000000000000000e+00 0.000000000000000e+00 0.000000000000000e+00 0.000000000000000e+00 0.000000000000000e+00 0.000000000000000e+00 0.000000000000000e+00 0.000000000000000e+00 0.000000000000000e+00
 0.000000000000000e+00 0.000000000000000e+00 0.000000000000000e+00 0.000000000000000e+00 0.000000000000000e+00 0.000000000000000e+00 0.000000000000000e+00 0.000000000000000e+00 0.000000000000000e+00 0.000000000000000e+00
 0.000000000000000e+00 0.000000000000000e+00 0.000000000000000e+00 0.000000000000000e+00 0.000000000000000e+00 0.000000000000000e+00 0.000000000000000e+00 0.000000000000000e+00 0.000000000000000e+00 0.000000000000000e+00
 0.000000000000000e+00 0.000000000000000e+00 0.000000000000000e+00 0.000000000000000e+00 0.000000000000000e+00 0.000000000000000e+00 0.000000000000000e+00 0.000000000000000e+00 0.000000000000000e+00 0.000000000000000e+00
 0.000000000000000e+00 0.000000000000000e+00 0.000000000000000e+00 0.000000000000000e+00 0.000000000000000e+00 0.000000000000000e+00 0.000000000000000e+00 0.000000000000000e+00 0.000000000000000e+00 0.000000000000000e+00
 0.000000000000000e+00 0.000000000000000e+00 0.000000000000000e+00 0.000000000000000e+00 0.000000000000000e+00 0.000000000000000e+00 0.000000000000000e+00 0.000000000000000e+00 0.000000000000000e+00 0.000000000000000e+00
 0.000000000000000e+00 0.000000000000000e+00 0.000000000000000e+00 0.000000000000000e+00 0.000000000000000e+00 0.000000000000000e+00 0.000000000000000e+00 0.000000000000000e+00 0.000000000000000e+00 0.000000000000000e+00
 0.000000000000000e+00 0.000000000000000e+00 0.000000000000000e+00 0.000000000000000e+00 0.000000000000000e+00 0.000000000000000e+00 0.000000000000000e+00 0.000000000000000e+00 0.000000000000000e+00 0.000000000000000e+00
 0.000000000000000e+00 0.000000000000000e+00 0.000000000000000e+00 0.000000000000000e+00 0.000000000000000e+00 0.000000000000000e+00 0.000000000000000e+00 0.000000000000000e+00 0.000000000000000e+00 0.000000000000000e+00
 0.000000000000000e+00 0.000000000000000e+00 0.000000000000000e+00 0.000000000000000e+00 0.000000000000000e+00 0.000000000000000e+00 0.000000000000000e+00 0.000000000000000e+00 0.000000000000000e+00 0.000000000000000e+00
 0.000000000000000e+00 0.000000000000000e+00 0.000000000000000e+00 0.000000000000000e+00 0.000000000000000e+00 0.000000000000000e+00 0.000000000000000e+00 0.000000000000000e+00 0.000000000000000e+00 0.000000000000000e+00
 0.000000000000000e+00 0.000000000000000e+00 0.000000000000000e+00 0.000000000000000e+00 0.000000000000000e+00 0.000000000000000e+00 0.000000000000000e+00 0.000000000000000e+00 0.000000000000000e+00 0.000000000000000e+00
 0.000000000000000e+00 0.000000000000000e+00 0.000000000000000e+00 0.000000000000000e+00 0.000000000000000e+00 0.000000000000000e+00 0.000000000000000e+00 0.000000000000000e+00 0.000000000000000e+00 0.000000000000000e+00
 0.000000000000000e+00 0.000000000000000e+00 0.000000000000000e+00 0.000000000000000e+00 0.000000000000000e+00 0.000000000000000e+00 0.000000000000000e+00 0.000000000000000e+00 0.000000000000000e+00 0.000000000000000e+00
 0.000000000000000e+00 0.000000000000000e+00 0.000000000000000e+00 0.000000000000000e+00 0.000000000000000e+00 0.000000000000000e+00 0.000000000000000e+00 0.000000000000000e+00 0.000000000000000e+00 0.000000000000000e+00
 0.000000000000000e+00 0.000000000000000e+00 0.000000000000000e+00 0.000000000000000e+00 0.000000000000000e+00 0.000000000000000e+00 0.000000000000000e+00 0.000000000000000e+00 0.000000000000000e+00 0.000000000000000e+00
 0.000000000000000e+00 0.000000000000000e+00 0.000000000000000e+00 0.000000000000000e+00 0.000000000000000e+00 0.000000000000000e+00 0.000000000000000e+00 0.000000000000000e+00 0.000000000000000e+00 0.000000000000000e+00
 0.000000000000000e+00 0.000000000000000e+00 0.000000000000000e+00 0.000000000000000e+00 0.000000000000000e+00 0.000000000000000e+00 0.000000000000000e+00 0.000000000000000e+00 0.000000000000000e+00 0.000000000000000e+00
 0.000000000000000e+00 0.000000000000000e+00 0.000000000000000e+00 0.000000000000000e+00 0.000000000000000e+00 0.000000000000000e+00 0.000000000000000e+00 0.000000000000000e+00 0.000000000000000e+00 0.000000000000000e+00
 0.000000000000000e+00 0.000000000000000e+00 0.000000000000000e+00 0.000000000000000e+00 0.000000000000000e+00 0.000000000000000e+00 0.000000000000000e+00 0.000000000000000e+00 0.000000000000000e+00 0.000000000000000e+00
 0.000000000000000e+00 0.000000000000000e+00 0.000000000000000e+00 0.000000000000000e+00 0.000000000000000e+00 0.000000000000000e+00 0.000000000000000e+00 0.000000000000000e+00 0.000000000000000e+00 0.000000000000000e+00
 0.000000000000000e+00 0.000000000000000e+00 0.000000000000000e+00 0.000000000000000e+00 0.000000000000000e+00 0.000000000000000e+00 0.000000000000000e+00 0.000000000000000e+00 0.000000000000000e+00 0.000000000000000e+00
 0.000000000000000e+00 0.000000000000000e+00 0.000000000000000e+00 0.000000000000000e+00 0.000000000000000e+00 0.000000000000000e+00 0.000000000000000e+00 0.000000000000000e+00 0.000000000000000e+00 0.000000000000000e+00
 0.000000000000000e+00 0.000000000000000e+00 0.000000000000000e+00 0.000000000000000e+00 0.000000000000000e+00 0.000000000000000e+00 0.000000000000000e+00 0.000000000000000e+00 0.000000000000000e+00 0.000000000000000e+00
 0.000000000000000e+00 0.000000000000000e+00 0.000000000000000e+00 0.000000000000000e+00 0.000000000000000e+00 0.000000000000000e+00 0.000000000000000e+00 0.000000000000000e+00 0.000000000000000e+00 0.000000000000000e+00
 0.000000000000000e+00 0.000000000000000e+00 0.000000000000000e+00 0.000000000000000e+00 0.000000000000000e+00 0.000000000000000e+00 0.000000000000000e+00 0.000000000000000e+00 0.000000000000000e+00 0.000000000000000e+00
 0.000000000000000e+00 0.000000000000000e+00 0.000000000000000e+00 0.000000000000000e+00 0.000000000000000e+00 0.000000000000000e+00 0.000000000000000e+00 0.000000000000000e+00 0.000000000000000e+00 0.000000000000000e+00
 0.000000000000000e+00 0.000000000000000e+00 0.000000000000000e+00 0.000000000000000e+00 0.000000000000000e+00 0.000000000000000e+00 0.000000000000000e+00 0.000000000000000e+00 0.000000000000000e+00 0.000000000000000e+00
 0.000000000000000e+00 0.000000000000000e+00 0.000000000000000e+00 0.000000000000000e+00 0.000000000000000e+00 0.000000000000000e+00 0.000000000000000e+00 0.000000000000000e+00 0.000000000000000e+00 0.000000000000000e+00
 0.000000000000000e+00 0.000000000000000e+00 0.000000000000000e+00 0.000000000000000e+00 0.000000000000000e+00 0.000000000000000e+00 0.000000000000000e+00 0.000000000000000e+00 0.000000000000000e+00 0.000000000000000e+00
 0.000000000000000e+00 0.000000000000000e+00 0.000000000000000e+00 0.000000000000000e+00 0.000000000000000e+00 0.000000000000000e+00 0.000000000000000e+00 0.000000000000000e+00 0.000000000000000e+00 0.000000000000000e+00
 0.000000000000000e+00 0.000000000000000e+00 0.000000000000000e+00 0.000000000000000e+00 0.000000000000000e+00 0.000000000000000e+00 0.000000000000000e+00 0.000000000000000e+00 0.000000000000000e+00 0.000000000000000e+00
 0.000000000000000e+00 0.000000000000000e+00 0.000000000000000e+00 0.000000000000000e+00 0.000000000000000e+00 0.000000000000000e+00 0.000000000000000e+00 0.000000000000000e+00 0.000000000000000e+00 0.000000000000000e+00
 0.000000000000000e+00 0.000000000000000e+00 0.000000000000000e+00 0.000000000000000e+00 0.000000000000000e+00 0.000000000000000e+00 0.000000000000000e+00 0.000000000000000e+00 0.000000000000000e+00 0.000000000000000e+00
 0.000000000000000e+00 0.000000000000000e+00 0.000000000000000e+00 0.000000000000000e+00 0.000000000000000e+00 0.000000000000000e+00 0.000000000000000e+00 0.000000000000000e+00 0.000000000000000e+00 0.000000000000000e+00
 0.000000000000000e+00 0.000000000000000e+00 0.000000000000000e+00 0.000000000000000e+00 0.000000000000000e+00 0.000000000000000e+00 0.000000000000000e+00 0.000000000000000e+00 0.000000000000000e+00 0.000000000000000e+00
 0.000000000000000e+00 0.000000000000000e+00 0.000000000000000e+00 0.000000000000000e+00 0.000000000000000e+00 0.000000000000000e+00 0.000000000000000e+00 0.000000000000000e+00 0.000000000000000e+00 0.000000000000000e+00
 0.000000000000000e+00 0.000000000000000e+00 0.000000000000000e+00 0.000000000000000e+00 0.000000000000000e+00 0.000000000000000e+00 0.000000000000000e+00 0.000000000000000e+00 0.000000000000000e+00 0.000000000000000e+00
 0.000000000000000e+00 0.000000000000000e+00 0.000000000000000e+00 0.000000000000000e+00 0.000000000000000e+00
    }
  }

  Dataset ("DopingConcentration") {
    function  = DopingConcentration
    type      = scalar
    dimension = 1
    location  = vertex
    validity  = [ "p_plus" ]
    Values (1300) {
 -1.000000000000005e+19 -1.000000000000005e+19 -1.000000000000005e+19 -1.000000000000005e+19 -1.000000000000005e+19 -1.000000000000005e+19 -1.000000000000005e+19 -1.000000000000005e+19 -1.000000000000005e+19 -1.000000000000005e+19
 -1.000000000000005e+19 -1.000000000000005e+19 -1.000000000000005e+19 -1.000000000000005e+19 -1.000000000000005e+19 -1.000000000000005e+19 -1.000000000000005e+19 -1.000000000000005e+19 -1.000000000000005e+19 -1.000000000000005e+19
 -1.000000000000005e+19 -1.000000000000005e+19 -1.000000000000005e+19 -1.000000000000005e+19 -1.000000000000005e+19 -1.000000000000005e+19 -1.000000000000005e+19 -1.000000000000005e+19 -1.000000000000005e+19 -1.000000000000005e+19
 -1.000000000000005e+19 -1.000000000000005e+19 -1.000000000000005e+19 -1.000000000000005e+19 -1.000000000000005e+19 -1.000000000000005e+19 -1.000000000000005e+19 -1.000000000000005e+19 -1.000000000000005e+19 -1.000000000000005e+19
 -1.000000000000005e+19 -1.000000000000005e+19 -1.000000000000005e+19 -1.000000000000005e+19 -1.000000000000005e+19 -1.000000000000005e+19 -1.000000000000005e+19 -1.000000000000005e+19 -1.000000000000005e+19 -1.000000000000005e+19
 -1.000000000000005e+19 -1.000000000000005e+19 -1.000000000000005e+19 -1.000000000000005e+19 -1.000000000000005e+19 -9.999994400000018e+18 -1.000000000000005e+19 -9.999994400000018e+18 -1.000000000000005e+19 -1.000000000000005e+19
 -1.000000000000005e+19 -1.000000000000005e+19 -1.000000000000005e+19 -1.000000000000005e+19 -1.000000000000005e+19 -1.000000000000005e+19 -1.000000000000005e+19 -1.000000000000005e+19 -1.000000000000005e+19 -1.000000000000005e+19
 -1.000000000000005e+19 -1.000000000000005e+19 -1.000000000000005e+19 -1.000000000000005e+19 -1.000000000000005e+19 -1.000000000000005e+19 -1.000000000000005e+19 -1.000000000000005e+19 -1.000000000000005e+19 -1.000000000000005e+19
 -1.000000000000005e+19 -1.000000000000005e+19 -1.000000000000005e+19 -1.000000000000005e+19 -1.000000000000005e+19 -1.000000000000005e+19 -1.000000000000005e+19 -1.000000000000005e+19 -1.000000000000005e+19 -1.000000000000005e+19
 -1.000000000000005e+19 -1.000000000000005e+19 -1.000000000000005e+19 -1.000000000000005e+19 -1.000000000000005e+19 -9.999994400000018e+18 -1.000000000000005e+19 -9.999994400000018e+18 -1.000000000000005e+19 -1.000000000000005e+19
 -1.000000000000005e+19 -1.000000000000005e+19 -1.000000000000005e+19 -1.000000000000005e+19 -1.000000000000005e+19 -1.000000000000005e+19 -1.000000000000005e+19 -1.000000000000005e+19 -1.000000000000005e+19 -1.000000000000005e+19
 -1.000000000000005e+19 -1.000000000000005e+19 -1.000000000000005e+19 -1.000000000000005e+19 -1.000000000000005e+19 -1.000000000000005e+19 -1.000000000000005e+19 -1.000000000000005e+19 -1.000000000000005e+19 -1.000000000000005e+19
 -1.000000000000005e+19 -1.000000000000005e+19 -1.000000000000005e+19 -1.000000000000005e+19 -1.000000000000005e+19 -1.000000000000005e+19 -1.000000000000005e+19 -1.000000000000005e+19 -1.000000000000005e+19 -1.000000000000005e+19
 -1.000000000000005e+19 -1.000000000000005e+19 -1.000000000000005e+19 -1.000000000000005e+19 -1.000000000000005e+19 -9.999994400000018e+18 -1.000000000000005e+19 -9.999994400000018e+18 -1.000000000000005e+19 -1.000000000000005e+19
 -1.000000000000005e+19 -1.000000000000005e+19 -1.000000000000005e+19 -1.000000000000005e+19 -1.000000000000005e+19 -1.000000000000005e+19 -1.000000000000005e+19 -1.000000000000005e+19 -1.000000000000005e+19 -1.000000000000005e+19
 -1.000000000000005e+19 -1.000000000000005e+19 -1.000000000000005e+19 -1.000000000000005e+19 -1.000000000000005e+19 -1.000000000000005e+19 -1.000000000000005e+19 -1.000000000000005e+19 -1.000000000000005e+19 -1.000000000000005e+19
 -1.000000000000005e+19 -1.000000000000005e+19 -1.000000000000005e+19 -1.000000000000005e+19 -1.000000000000005e+19 -1.000000000000005e+19 -1.000000000000005e+19 -1.000000000000005e+19 -1.000000000000005e+19 -1.000000000000005e+19
 -1.000000000000005e+19 -1.000000000000005e+19 -1.000000000000005e+19 -1.000000000000005e+19 -1.000000000000005e+19 -9.999994400000018e+18 -1.000000000000005e+19 -9.999994400000018e+18 -1.000000000000005e+19 -1.000000000000005e+19
 -1.000000000000005e+19 -1.000000000000005e+19 -1.000000000000005e+19 -1.000000000000005e+19 -1.000000000000005e+19 -1.000000000000005e+19 -1.000000000000005e+19 -1.000000000000005e+19 -1.000000000000005e+19 -1.000000000000005e+19
 -1.000000000000005e+19 -1.000000000000005e+19 -1.000000000000005e+19 -1.000000000000005e+19 -1.000000000000005e+19 -1.000000000000005e+19 -1.000000000000005e+19 -1.000000000000005e+19 -1.000000000000005e+19 -1.000000000000005e+19
 -1.000000000000005e+19 -1.000000000000005e+19 -1.000000000000005e+19 -1.000000000000005e+19 -1.000000000000005e+19 -1.000000000000005e+19 -1.000000000000005e+19 -1.000000000000005e+19 -1.000000000000005e+19 -1.000000000000005e+19
 -1.000000000000005e+19 -1.000000000000005e+19 -1.000000000000005e+19 -1.000000000000005e+19 -1.000000000000005e+19 -9.999994400000018e+18 -1.000000000000005e+19 -9.999994400000018e+18 -1.000000000000005e+19 -1.000000000000005e+19
 -1.000000000000005e+19 -1.000000000000005e+19 -1.000000000000005e+19 -1.000000000000005e+19 -1.000000000000005e+19 -1.000000000000005e+19 -1.000000000000005e+19 -1.000000000000005e+19 -1.000000000000005e+19 -1.000000000000005e+19
 -1.000000000000005e+19 -1.000000000000005e+19 -1.000000000000005e+19 -1.000000000000005e+19 -1.000000000000005e+19 -1.000000000000005e+19 -1.000000000000005e+19 -1.000000000000005e+19 -1.000000000000005e+19 -1.000000000000005e+19
 -1.000000000000005e+19 -1.000000000000005e+19 -1.000000000000005e+19 -1.000000000000005e+19 -1.000000000000005e+19 -1.000000000000005e+19 -1.000000000000005e+19 -1.000000000000005e+19 -1.000000000000005e+19 -1.000000000000005e+19
 -1.000000000000005e+19 -1.000000000000005e+19 -1.000000000000005e+19 -1.000000000000005e+19 -1.000000000000005e+19 -9.999994400000018e+18 -1.000000000000005e+19 -9.999994400000018e+18 -1.000000000000005e+19 -1.000000000000005e+19
 -1.000000000000005e+19 -1.000000000000005e+19 -1.000000000000005e+19 -1.000000000000005e+19 -1.000000000000005e+19 -1.000000000000005e+19 -1.000000000000005e+19 -1.000000000000005e+19 -1.000000000000005e+19 -1.000000000000005e+19
 -1.000000000000005e+19 -1.000000000000005e+19 -1.000000000000005e+19 -1.000000000000005e+19 -1.000000000000005e+19 -1.000000000000005e+19 -1.000000000000005e+19 -1.000000000000005e+19 -1.000000000000005e+19 -1.000000000000005e+19
 -1.000000000000005e+19 -1.000000000000005e+19 -1.000000000000005e+19 -1.000000000000005e+19 -1.000000000000005e+19 -1.000000000000005e+19 -1.000000000000005e+19 -1.000000000000005e+19 -1.000000000000005e+19 -1.000000000000005e+19
 -1.000000000000005e+19 -1.000000000000005e+19 -1.000000000000005e+19 -1.000000000000005e+19 -1.000000000000005e+19 -9.999994400000018e+18 -1.000000000000005e+19 -9.999994400000018e+18 -1.000000000000005e+19 -1.000000000000005e+19
 -1.000000000000005e+19 -1.000000000000005e+19 -1.000000000000005e+19 -1.000000000000005e+19 -1.000000000000005e+19 -1.000000000000005e+19 -1.000000000000005e+19 -1.000000000000005e+19 -1.000000000000005e+19 -1.000000000000005e+19
 -1.000000000000005e+19 -1.000000000000005e+19 -1.000000000000005e+19 -1.000000000000005e+19 -1.000000000000005e+19 -1.000000000000005e+19 -1.000000000000005e+19 -1.000000000000005e+19 -1.000000000000005e+19 -1.000000000000005e+19
 -1.000000000000005e+19 -1.000000000000005e+19 -1.000000000000005e+19 -1.000000000000005e+19 -1.000000000000005e+19 -1.000000000000005e+19 -1.000000000000005e+19 -1.000000000000005e+19 -1.000000000000005e+19 -1.000000000000005e+19
 -1.000000000000005e+19 -1.000000000000005e+19 -1.000000000000005e+19 -1.000000000000005e+19 -1.000000000000005e+19 -9.999994400000018e+18 -1.000000000000005e+19 -9.999994400000018e+18 -1.000000000000005e+19 -1.000000000000005e+19
 -1.000000000000005e+19 -1.000000000000005e+19 -1.000000000000005e+19 -1.000000000000005e+19 -1.000000000000005e+19 -1.000000000000005e+19 -1.000000000000005e+19 -1.000000000000005e+19 -1.000000000000005e+19 -1.000000000000005e+19
 -1.000000000000005e+19 -1.000000000000005e+19 -1.000000000000005e+19 -1.000000000000005e+19 -1.000000000000005e+19 -1.000000000000005e+19 -1.000000000000005e+19 -1.000000000000005e+19 -1.000000000000005e+19 -1.000000000000005e+19
 -1.000000000000005e+19 -1.000000000000005e+19 -1.000000000000005e+19 -1.000000000000005e+19 -1.000000000000005e+19 -1.000000000000005e+19 -1.000000000000005e+19 -1.000000000000005e+19 -1.000000000000005e+19 -1.000000000000005e+19
 -1.000000000000005e+19 -1.000000000000005e+19 -1.000000000000005e+19 -1.000000000000005e+19 -1.000000000000005e+19 -9.999994400000018e+18 -1.000000000000005e+19 -9.999994400000018e+18 -1.000000000000005e+19 -1.000000000000005e+19
 -1.000000000000005e+19 -1.000000000000005e+19 -1.000000000000005e+19 -1.000000000000005e+19 -1.000000000000005e+19 -1.000000000000005e+19 -1.000000000000005e+19 -1.000000000000005e+19 -1.000000000000005e+19 -1.000000000000005e+19
 -1.000000000000005e+19 -1.000000000000005e+19 -1.000000000000005e+19 -1.000000000000005e+19 -1.000000000000005e+19 -1.000000000000005e+19 -1.000000000000005e+19 -1.000000000000005e+19 -1.000000000000005e+19 -1.000000000000005e+19
 -1.000000000000005e+19 -1.000000000000005e+19 -1.000000000000005e+19 -1.000000000000005e+19 -1.000000000000005e+19 -1.000000000000005e+19 -1.000000000000005e+19 -1.000000000000005e+19 -1.000000000000005e+19 -1.000000000000005e+19
 -1.000000000000005e+19 -1.000000000000005e+19 -1.000000000000005e+19 -1.000000000000005e+19 -1.000000000000005e+19 -9.999994400000018e+18 -1.000000000000005e+19 -9.999994400000018e+18 -1.000000000000005e+19 -1.000000000000005e+19
 -1.000000000000005e+19 -1.000000000000005e+19 -1.000000000000005e+19 -1.000000000000005e+19 -1.000000000000005e+19 -1.000000000000005e+19 -1.000000000000005e+19 -1.000000000000005e+19 -1.000000000000005e+19 -1.000000000000005e+19
 -1.000000000000005e+19 -1.000000000000005e+19 -1.000000000000005e+19 -1.000000000000005e+19 -1.000000000000005e+19 -1.000000000000005e+19 -1.000000000000005e+19 -1.000000000000005e+19 -1.000000000000005e+19 -1.000000000000005e+19
 -1.000000000000005e+19 -1.000000000000005e+19 -1.000000000000005e+19 -1.000000000000005e+19 -1.000000000000005e+19 -1.000000000000005e+19 -1.000000000000005e+19 -1.000000000000005e+19 -1.000000000000005e+19 -1.000000000000005e+19
 -1.000000000000005e+19 -1.000000000000005e+19 -1.000000000000005e+19 -1.000000000000005e+19 -1.000000000000005e+19 -9.999994400000018e+18 -1.000000000000005e+19 -9.999994400000018e+18 -1.000000000000005e+19 -1.000000000000005e+19
 -1.000000000000005e+19 -1.000000000000005e+19 -1.000000000000005e+19 -1.000000000000005e+19 -1.000000000000005e+19 -1.000000000000005e+19 -1.000000000000005e+19 -1.000000000000005e+19 -1.000000000000005e+19 -1.000000000000005e+19
 -1.000000000000005e+19 -1.000000000000005e+19 -1.000000000000005e+19 -1.000000000000005e+19 -1.000000000000005e+19 -1.000000000000005e+19 -1.000000000000005e+19 -1.000000000000005e+19 -1.000000000000005e+19 -1.000000000000005e+19
 -1.000000000000005e+19 -1.000000000000005e+19 -1.000000000000005e+19 -1.000000000000005e+19 -1.000000000000005e+19 -1.000000000000005e+19 -1.000000000000005e+19 -1.000000000000005e+19 -1.000000000000005e+19 -1.000000000000005e+19
 -1.000000000000005e+19 -1.000000000000005e+19 -1.000000000000005e+19 -1.000000000000005e+19 -1.000000000000005e+19 -9.999994400000018e+18 -1.000000000000005e+19 -9.999994400000018e+18 -1.000000000000005e+19 -1.000000000000005e+19
 -1.000000000000005e+19 -1.000000000000005e+19 -1.000000000000005e+19 -1.000000000000005e+19 -1.000000000000005e+19 -1.000000000000005e+19 -1.000000000000005e+19 -1.000000000000005e+19 -1.000000000000005e+19 -1.000000000000005e+19
 -1.000000000000005e+19 -1.000000000000005e+19 -1.000000000000005e+19 -1.000000000000005e+19 -1.000000000000005e+19 -1.000000000000005e+19 -1.000000000000005e+19 -1.000000000000005e+19 -1.000000000000005e+19 -1.000000000000005e+19
 -1.000000000000005e+19 -1.000000000000005e+19 -1.000000000000005e+19 -1.000000000000005e+19 -1.000000000000005e+19 -1.000000000000005e+19 -1.000000000000005e+19 -1.000000000000005e+19 -1.000000000000005e+19 -1.000000000000005e+19
 -1.000000000000005e+19 -1.000000000000005e+19 -1.000000000000005e+19 -1.000000000000005e+19 -1.000000000000005e+19 -9.999994400000018e+18 -1.000000000000005e+19 -9.999994400000018e+18 -1.000000000000005e+19 -1.000000000000005e+19
 -1.000000000000005e+19 -1.000000000000005e+19 -1.000000000000005e+19 -1.000000000000005e+19 -1.000000000000005e+19 -1.000000000000005e+19 -1.000000000000005e+19 -1.000000000000005e+19 -1.000000000000005e+19 -1.000000000000005e+19
 -1.000000000000005e+19 -1.000000000000005e+19 -1.000000000000005e+19 -1.000000000000005e+19 -1.000000000000005e+19 -1.000000000000005e+19 -1.000000000000005e+19 -1.000000000000005e+19 -1.000000000000005e+19 -1.000000000000005e+19
 -1.000000000000005e+19 -1.000000000000005e+19 -1.000000000000005e+19 -1.000000000000005e+19 -1.000000000000005e+19 -1.000000000000005e+19 -1.000000000000005e+19 -1.000000000000005e+19 -1.000000000000005e+19 -1.000000000000005e+19
 -1.000000000000005e+19 -1.000000000000005e+19 -1.000000000000005e+19 -1.000000000000005e+19 -1.000000000000005e+19 -9.999994400000018e+18 -1.000000000000005e+19 -9.999994400000018e+18 -1.000000000000005e+19 -1.000000000000005e+19
 -1.000000000000005e+19 -1.000000000000005e+19 -1.000000000000005e+19 -1.000000000000005e+19 -1.000000000000005e+19 -1.000000000000005e+19 -1.000000000000005e+19 -1.000000000000005e+19 -1.000000000000005e+19 -1.000000000000005e+19
 -1.000000000000005e+19 -1.000000000000005e+19 -1.000000000000005e+19 -1.000000000000005e+19 -1.000000000000005e+19 -1.000000000000005e+19 -1.000000000000005e+19 -1.000000000000005e+19 -1.000000000000005e+19 -1.000000000000005e+19
 -1.000000000000005e+19 -1.000000000000005e+19 -1.000000000000005e+19 -1.000000000000005e+19 -1.000000000000005e+19 -1.000000000000005e+19 -1.000000000000005e+19 -1.000000000000005e+19 -1.000000000000005e+19 -1.000000000000005e+19
 -1.000000000000005e+19 -1.000000000000005e+19 -1.000000000000005e+19 -1.000000000000005e+19 -1.000000000000005e+19 -9.999994400000018e+18 -1.000000000000005e+19 -9.999994400000018e+18 -1.000000000000005e+19 -1.000000000000005e+19
 -1.000000000000005e+19 -1.000000000000005e+19 -1.000000000000005e+19 -1.000000000000005e+19 -1.000000000000005e+19 -1.000000000000005e+19 -1.000000000000005e+19 -1.000000000000005e+19 -1.000000000000005e+19 -1.000000000000005e+19
 -1.000000000000005e+19 -1.000000000000005e+19 -1.000000000000005e+19 -1.000000000000005e+19 -1.000000000000005e+19 -1.000000000000005e+19 -1.000000000000005e+19 -1.000000000000005e+19 -1.000000000000005e+19 -1.000000000000005e+19
 -1.000000000000005e+19 -1.000000000000005e+19 -1.000000000000005e+19 -1.000000000000005e+19 -1.000000000000005e+19 -1.000000000000005e+19 -1.000000000000005e+19 -1.000000000000005e+19 -1.000000000000005e+19 -1.000000000000005e+19
 -1.000000000000005e+19 -1.000000000000005e+19 -1.000000000000005e+19 -1.000000000000005e+19 -1.000000000000005e+19 -9.999994400000018e+18 -1.000000000000005e+19 -9.999994400000018e+18 -1.000000000000005e+19 -1.000000000000005e+19
 -1.000000000000005e+19 -1.000000000000005e+19 -1.000000000000005e+19 -1.000000000000005e+19 -1.000000000000005e+19 -1.000000000000005e+19 -1.000000000000005e+19 -1.000000000000005e+19 -1.000000000000005e+19 -1.000000000000005e+19
 -1.000000000000005e+19 -1.000000000000005e+19 -1.000000000000005e+19 -1.000000000000005e+19 -1.000000000000005e+19 -1.000000000000005e+19 -1.000000000000005e+19 -1.000000000000005e+19 -1.000000000000005e+19 -1.000000000000005e+19
 -1.000000000000005e+19 -1.000000000000005e+19 -1.000000000000005e+19 -1.000000000000005e+19 -1.000000000000005e+19 -1.000000000000005e+19 -1.000000000000005e+19 -1.000000000000005e+19 -1.000000000000005e+19 -1.000000000000005e+19
 -1.000000000000005e+19 -1.000000000000005e+19 -1.000000000000005e+19 -1.000000000000005e+19 -1.000000000000005e+19 -9.999994400000018e+18 -1.000000000000005e+19 -9.999994400000018e+18 -1.000000000000005e+19 -1.000000000000005e+19
 -1.000000000000005e+19 -1.000000000000005e+19 -1.000000000000005e+19 -1.000000000000005e+19 -1.000000000000005e+19 -1.000000000000005e+19 -1.000000000000005e+19 -1.000000000000005e+19 -1.000000000000005e+19 -1.000000000000005e+19
 -1.000000000000005e+19 -1.000000000000005e+19 -1.000000000000005e+19 -1.000000000000005e+19 -1.000000000000005e+19 -1.000000000000005e+19 -1.000000000000005e+19 -1.000000000000005e+19 -1.000000000000005e+19 -1.000000000000005e+19
 -1.000000000000005e+19 -1.000000000000005e+19 -1.000000000000005e+19 -1.000000000000005e+19 -1.000000000000005e+19 -1.000000000000005e+19 -1.000000000000005e+19 -1.000000000000005e+19 -1.000000000000005e+19 -1.000000000000005e+19
 -1.000000000000005e+19 -1.000000000000005e+19 -1.000000000000005e+19 -1.000000000000005e+19 -1.000000000000005e+19 -9.999994400000018e+18 -1.000000000000005e+19 -9.999994400000018e+18 -1.000000000000005e+19 -1.000000000000005e+19
 -1.000000000000005e+19 -1.000000000000005e+19 -1.000000000000005e+19 -1.000000000000005e+19 -1.000000000000005e+19 -1.000000000000005e+19 -1.000000000000005e+19 -1.000000000000005e+19 -1.000000000000005e+19 -1.000000000000005e+19
 -1.000000000000005e+19 -1.000000000000005e+19 -1.000000000000005e+19 -1.000000000000005e+19 -1.000000000000005e+19 -1.000000000000005e+19 -1.000000000000005e+19 -1.000000000000005e+19 -1.000000000000005e+19 -1.000000000000005e+19
 -1.000000000000005e+19 -1.000000000000005e+19 -1.000000000000005e+19 -1.000000000000005e+19 -1.000000000000005e+19 -1.000000000000005e+19 -1.000000000000005e+19 -1.000000000000005e+19 -1.000000000000005e+19 -1.000000000000005e+19
 -1.000000000000005e+19 -1.000000000000005e+19 -1.000000000000005e+19 -1.000000000000005e+19 -1.000000000000005e+19 -9.999994400000018e+18 -1.000000000000005e+19 -9.999994400000018e+18 -1.000000000000005e+19 -1.000000000000005e+19
 -1.000000000000005e+19 -1.000000000000005e+19 -1.000000000000005e+19 -1.000000000000005e+19 -1.000000000000005e+19 -1.000000000000005e+19 -1.000000000000005e+19 -1.000000000000005e+19 -1.000000000000005e+19 -1.000000000000005e+19
 -1.000000000000005e+19 -1.000000000000005e+19 -1.000000000000005e+19 -1.000000000000005e+19 -1.000000000000005e+19 -1.000000000000005e+19 -1.000000000000005e+19 -1.000000000000005e+19 -1.000000000000005e+19 -1.000000000000005e+19
 -1.000000000000005e+19 -1.000000000000005e+19 -1.000000000000005e+19 -1.000000000000005e+19 -1.000000000000005e+19 -1.000000000000005e+19 -1.000000000000005e+19 -1.000000000000005e+19 -1.000000000000005e+19 -1.000000000000005e+19
 -1.000000000000005e+19 -1.000000000000005e+19 -1.000000000000005e+19 -1.000000000000005e+19 -1.000000000000005e+19 -9.999994400000018e+18 -1.000000000000005e+19 -9.999994400000018e+18 -1.000000000000005e+19 -1.000000000000005e+19
 -1.000000000000005e+19 -1.000000000000005e+19 -1.000000000000005e+19 -1.000000000000005e+19 -1.000000000000005e+19 -1.000000000000005e+19 -1.000000000000005e+19 -1.000000000000005e+19 -1.000000000000005e+19 -1.000000000000005e+19
 -1.000000000000005e+19 -1.000000000000005e+19 -1.000000000000005e+19 -1.000000000000005e+19 -1.000000000000005e+19 -1.000000000000005e+19 -1.000000000000005e+19 -1.000000000000005e+19 -1.000000000000005e+19 -1.000000000000005e+19
 -1.000000000000005e+19 -1.000000000000005e+19 -1.000000000000005e+19 -1.000000000000005e+19 -1.000000000000005e+19 -1.000000000000005e+19 -1.000000000000005e+19 -1.000000000000005e+19 -1.000000000000005e+19 -1.000000000000005e+19
 -1.000000000000005e+19 -1.000000000000005e+19 -1.000000000000005e+19 -1.000000000000005e+19 -1.000000000000005e+19 -9.999994400000018e+18 -1.000000000000005e+19 -9.999994400000018e+18 -1.000000000000005e+19 -1.000000000000005e+19
 -1.000000000000005e+19 -1.000000000000005e+19 -1.000000000000005e+19 -1.000000000000005e+19 -1.000000000000005e+19 -1.000000000000005e+19 -1.000000000000005e+19 -1.000000000000005e+19 -1.000000000000005e+19 -1.000000000000005e+19
 -1.000000000000005e+19 -1.000000000000005e+19 -1.000000000000005e+19 -1.000000000000005e+19 -1.000000000000005e+19 -1.000000000000005e+19 -1.000000000000005e+19 -1.000000000000005e+19 -1.000000000000005e+19 -1.000000000000005e+19
 -1.000000000000005e+19 -1.000000000000005e+19 -1.000000000000005e+19 -1.000000000000005e+19 -1.000000000000005e+19 -1.000000000000005e+19 -1.000000000000005e+19 -1.000000000000005e+19 -1.000000000000005e+19 -1.000000000000005e+19
 -1.000000000000005e+19 -1.000000000000005e+19 -1.000000000000005e+19 -1.000000000000005e+19 -1.000000000000005e+19 -9.999994400000018e+18 -1.000000000000005e+19 -9.999994400000018e+18 -1.000000000000005e+19 -1.000000000000005e+19
 -1.000000000000005e+19 -1.000000000000005e+19 -1.000000000000005e+19 -1.000000000000005e+19 -1.000000000000005e+19 -1.000000000000005e+19 -1.000000000000005e+19 -1.000000000000005e+19 -1.000000000000005e+19 -1.000000000000005e+19
 -1.000000000000005e+19 -1.000000000000005e+19 -1.000000000000005e+19 -1.000000000000005e+19 -1.000000000000005e+19 -1.000000000000005e+19 -1.000000000000005e+19 -1.000000000000005e+19 -1.000000000000005e+19 -1.000000000000005e+19
 -1.000000000000005e+19 -1.000000000000005e+19 -1.000000000000005e+19 -1.000000000000005e+19 -1.000000000000005e+19 -1.000000000000005e+19 -1.000000000000005e+19 -1.000000000000005e+19 -1.000000000000005e+19 -1.000000000000005e+19
 -1.000000000000005e+19 -1.000000000000005e+19 -1.000000000000005e+19 -1.000000000000005e+19 -1.000000000000005e+19 -9.999994400000018e+18 -1.000000000000005e+19 -9.999994400000018e+18 -1.000000000000005e+19 -1.000000000000005e+19
 -1.000000000000005e+19 -1.000000000000005e+19 -1.000000000000005e+19 -1.000000000000005e+19 -1.000000000000005e+19 -1.000000000000005e+19 -1.000000000000005e+19 -1.000000000000005e+19 -1.000000000000005e+19 -1.000000000000005e+19
 -1.000000000000005e+19 -1.000000000000005e+19 -1.000000000000005e+19 -1.000000000000005e+19 -1.000000000000005e+19 -1.000000000000005e+19 -1.000000000000005e+19 -1.000000000000005e+19 -1.000000000000005e+19 -1.000000000000005e+19
 -1.000000000000005e+19 -1.000000000000005e+19 -1.000000000000005e+19 -1.000000000000005e+19 -1.000000000000005e+19 -1.000000000000005e+19 -1.000000000000005e+19 -1.000000000000005e+19 -1.000000000000005e+19 -1.000000000000005e+19
 -1.000000000000005e+19 -1.000000000000005e+19 -1.000000000000005e+19 -1.000000000000005e+19 -1.000000000000005e+19 -9.999994400000018e+18 -1.000000000000005e+19 -9.999994400000018e+18 -1.000000000000005e+19 -1.000000000000005e+19
 -1.000000000000005e+19 -1.000000000000005e+19 -1.000000000000005e+19 -1.000000000000005e+19 -1.000000000000005e+19 -1.000000000000005e+19 -1.000000000000005e+19 -1.000000000000005e+19 -1.000000000000005e+19 -1.000000000000005e+19
 -1.000000000000005e+19 -1.000000000000005e+19 -1.000000000000005e+19 -1.000000000000005e+19 -1.000000000000005e+19 -1.000000000000005e+19 -1.000000000000005e+19 -1.000000000000005e+19 -1.000000000000005e+19 -1.000000000000005e+19
 -1.000000000000005e+19 -1.000000000000005e+19 -1.000000000000005e+19 -1.000000000000005e+19 -1.000000000000005e+19 -1.000000000000005e+19 -1.000000000000005e+19 -1.000000000000005e+19 -1.000000000000005e+19 -1.000000000000005e+19
 -1.000000000000005e+19 -1.000000000000005e+19 -1.000000000000005e+19 -1.000000000000005e+19 -1.000000000000005e+19 -9.999994400000018e+18 -1.000000000000005e+19 -9.999994400000018e+18 -1.000000000000005e+19 -1.000000000000005e+19
 -1.000000000000005e+19 -1.000000000000005e+19 -1.000000000000005e+19 -1.000000000000005e+19 -1.000000000000005e+19 -1.000000000000005e+19 -1.000000000000005e+19 -1.000000000000005e+19 -1.000000000000005e+19 -1.000000000000005e+19
 -1.000000000000005e+19 -1.000000000000005e+19 -1.000000000000005e+19 -1.000000000000005e+19 -1.000000000000005e+19 -1.000000000000005e+19 -1.000000000000005e+19 -1.000000000000005e+19 -1.000000000000005e+19 -1.000000000000005e+19
 -1.000000000000005e+19 -1.000000000000005e+19 -1.000000000000005e+19 -1.000000000000005e+19 -1.000000000000005e+19 -1.000000000000005e+19 -1.000000000000005e+19 -1.000000000000005e+19 -1.000000000000005e+19 -1.000000000000005e+19
 -1.000000000000005e+19 -1.000000000000005e+19 -1.000000000000005e+19 -1.000000000000005e+19 -1.000000000000005e+19 -9.999994400000018e+18 -1.000000000000005e+19 -9.999994400000018e+18 -1.000000000000005e+19 -1.000000000000005e+19
 -1.000000000000005e+19 -1.000000000000005e+19 -1.000000000000005e+19 -1.000000000000005e+19 -1.000000000000005e+19 -1.000000000000005e+19 -1.000000000000005e+19 -1.000000000000005e+19 -1.000000000000005e+19 -1.000000000000005e+19
 -1.000000000000005e+19 -1.000000000000005e+19 -1.000000000000005e+19 -1.000000000000005e+19 -1.000000000000005e+19 -1.000000000000005e+19 -1.000000000000005e+19 -1.000000000000005e+19 -1.000000000000005e+19 -1.000000000000005e+19
 -1.000000000000005e+19 -1.000000000000005e+19 -1.000000000000005e+19 -1.000000000000005e+19 -1.000000000000005e+19 -1.000000000000005e+19 -1.000000000000005e+19 -1.000000000000005e+19 -1.000000000000005e+19 -1.000000000000005e+19
 -1.000000000000005e+19 -1.000000000000005e+19 -1.000000000000005e+19 -1.000000000000005e+19 -1.000000000000005e+19 -9.999994400000018e+18 -1.000000000000005e+19 -9.999994400000018e+18 -1.000000000000005e+19 -1.000000000000005e+19
 -1.000000000000005e+19 -1.000000000000005e+19 -1.000000000000005e+19 -1.000000000000005e+19 -1.000000000000005e+19 -1.000000000000005e+19 -1.000000000000005e+19 -1.000000000000005e+19 -1.000000000000005e+19 -1.000000000000005e+19
 -1.000000000000005e+19 -1.000000000000005e+19 -1.000000000000005e+19 -1.000000000000005e+19 -1.000000000000005e+19 -1.000000000000005e+19 -1.000000000000005e+19 -1.000000000000005e+19 -1.000000000000005e+19 -1.000000000000005e+19
 -1.000000000000005e+19 -1.000000000000005e+19 -1.000000000000005e+19 -1.000000000000005e+19 -1.000000000000005e+19 -1.000000000000005e+19 -1.000000000000005e+19 -1.000000000000005e+19 -1.000000000000005e+19 -1.000000000000005e+19
 -1.000000000000005e+19 -1.000000000000005e+19 -1.000000000000005e+19 -1.000000000000005e+19 -1.000000000000005e+19 -9.999994400000018e+18 -1.000000000000005e+19 -9.999994400000018e+18 -1.000000000000005e+19 -1.000000000000005e+19
 -1.000000000000005e+19 -1.000000000000005e+19 -1.000000000000005e+19 -1.000000000000005e+19 -1.000000000000005e+19 -1.000000000000005e+19 -1.000000000000005e+19 -1.000000000000005e+19 -1.000000000000005e+19 -1.000000000000005e+19
 -1.000000000000005e+19 -1.000000000000005e+19 -1.000000000000005e+19 -1.000000000000005e+19 -1.000000000000005e+19 -1.000000000000005e+19 -1.000000000000005e+19 -1.000000000000005e+19 -1.000000000000005e+19 -1.000000000000005e+19
 -1.000000000000005e+19 -1.000000000000005e+19 -1.000000000000005e+19 -1.000000000000005e+19 -1.000000000000005e+19 -1.000000000000005e+19 -1.000000000000005e+19 -1.000000000000005e+19 -1.000000000000005e+19 -1.000000000000005e+19
 -1.000000000000005e+19 -1.000000000000005e+19 -1.000000000000005e+19 -1.000000000000005e+19 -1.000000000000005e+19 -9.999994400000018e+18 -1.000000000000005e+19 -9.999994400000018e+18 -1.000000000000005e+19 -1.000000000000005e+19
 -1.000000000000005e+19 -1.000000000000005e+19 -1.000000000000005e+19 -1.000000000000005e+19 -1.000000000000005e+19 -1.000000000000005e+19 -1.000000000000005e+19 -1.000000000000005e+19 -1.000000000000005e+19 -1.000000000000005e+19
 -1.000000000000005e+19 -1.000000000000005e+19 -1.000000000000005e+19 -1.000000000000005e+19 -1.000000000000005e+19 -1.000000000000005e+19 -1.000000000000005e+19 -1.000000000000005e+19 -1.000000000000005e+19 -1.000000000000005e+19
 -1.000000000000005e+19 -1.000000000000005e+19 -1.000000000000005e+19 -1.000000000000005e+19 -1.000000000000005e+19 -1.000000000000005e+19 -1.000000000000005e+19 -1.000000000000005e+19 -1.000000000000005e+19 -1.000000000000005e+19
 -1.000000000000005e+19 -1.000000000000005e+19 -1.000000000000005e+19 -1.000000000000005e+19 -1.000000000000005e+19 -9.999994400000018e+18 -1.000000000000005e+19 -9.999994400000018e+18 -1.000000000000005e+19 -1.000000000000005e+19
 -1.000000000000005e+19 -1.000000000000005e+19 -1.000000000000005e+19 -1.000000000000005e+19 -1.000000000000005e+19 -1.000000000000005e+19 -1.000000000000005e+19 -1.000000000000005e+19 -1.000000000000005e+19 -1.000000000000005e+19
 -1.000000000000005e+19 -1.000000000000005e+19 -1.000000000000005e+19 -1.000000000000005e+19 -1.000000000000005e+19 -1.000000000000005e+19 -1.000000000000005e+19 -1.000000000000005e+19 -1.000000000000005e+19 -1.000000000000005e+19
 -1.000000000000005e+19 -1.000000000000005e+19 -1.000000000000005e+19 -1.000000000000005e+19 -1.000000000000005e+19 -1.000000000000005e+19 -1.000000000000005e+19 -1.000000000000005e+19 -1.000000000000005e+19 -1.000000000000005e+19
 -1.000000000000005e+19 -1.000000000000005e+19 -1.000000000000005e+19 -1.000000000000005e+19 -1.000000000000005e+19 -9.999994400000018e+18 -1.000000000000005e+19 -9.999994400000018e+18 -1.000000000000005e+19 -1.000000000000005e+19
 -1.000000000000005e+19 -1.000000000000005e+19 -1.000000000000005e+19 -1.000000000000005e+19 -1.000000000000005e+19 -1.000000000000005e+19 -1.000000000000005e+19 -1.000000000000005e+19 -1.000000000000005e+19 -1.000000000000005e+19
 -1.000000000000005e+19 -1.000000000000005e+19 -1.000000000000005e+19 -1.000000000000005e+19 -1.000000000000005e+19 -1.000000000000005e+19 -1.000000000000005e+19 -9.999994400000018e+18 -1.000000000000005e+19 -1.000000000000005e+19
 -1.000000000000005e+19 -1.000000000000005e+19 -1.000000000000005e+19 -1.000000000000005e+19 -1.000000000000005e+19 -1.000000000000005e+19 -1.000000000000005e+19 -1.000000000000005e+19 -1.000000000000005e+19 -1.000000000000005e+19
 -1.000000000000005e+19 -1.000000000000005e+19 -1.000000000000005e+19 -1.000000000000005e+19 -1.000000000000005e+19 -1.000000000000005e+19 -1.000000000000005e+19 -1.000000000000005e+19 -9.999994400000018e+18 -9.999994400000018e+18

    }
  }

  Dataset ("NitrogenActiveConcentration") {
    function  = NitrogenActiveConcentration
    type      = scalar
    dimension = 1
    location  = vertex
    validity  = [ "p_plus" ]
    Values (1300) {
 0.000000000000000e+00 0.000000000000000e+00 0.000000000000000e+00 0.000000000000000e+00 0.000000000000000e+00 0.000000000000000e+00 0.000000000000000e+00 0.000000000000000e+00 0.000000000000000e+00 0.000000000000000e+00
 0.000000000000000e+00 0.000000000000000e+00 0.000000000000000e+00 0.000000000000000e+00 0.000000000000000e+00 0.000000000000000e+00 0.000000000000000e+00 0.000000000000000e+00 0.000000000000000e+00 0.000000000000000e+00
 0.000000000000000e+00 0.000000000000000e+00 0.000000000000000e+00 0.000000000000000e+00 0.000000000000000e+00 0.000000000000000e+00 0.000000000000000e+00 0.000000000000000e+00 0.000000000000000e+00 0.000000000000000e+00
 0.000000000000000e+00 0.000000000000000e+00 0.000000000000000e+00 0.000000000000000e+00 0.000000000000000e+00 0.000000000000000e+00 0.000000000000000e+00 0.000000000000000e+00 0.000000000000000e+00 0.000000000000000e+00
 0.000000000000000e+00 0.000000000000000e+00 0.000000000000000e+00 0.000000000000000e+00 0.000000000000000e+00 0.000000000000000e+00 0.000000000000000e+00 0.000000000000000e+00 0.000000000000000e+00 0.000000000000000e+00
 0.000000000000000e+00 0.000000000000000e+00 0.000000000000000e+00 0.000000000000000e+00 0.000000000000000e+00 5.599999999999991e+12 0.000000000000000e+00 5.599999999999991e+12 0.000000000000000e+00 0.000000000000000e+00
 0.000000000000000e+00 0.000000000000000e+00 0.000000000000000e+00 0.000000000000000e+00 0.000000000000000e+00 0.000000000000000e+00 0.000000000000000e+00 0.000000000000000e+00 0.000000000000000e+00 0.000000000000000e+00
 0.000000000000000e+00 0.000000000000000e+00 0.000000000000000e+00 0.000000000000000e+00 0.000000000000000e+00 0.000000000000000e+00 0.000000000000000e+00 0.000000000000000e+00 0.000000000000000e+00 0.000000000000000e+00
 0.000000000000000e+00 0.000000000000000e+00 0.000000000000000e+00 0.000000000000000e+00 0.000000000000000e+00 0.000000000000000e+00 0.000000000000000e+00 0.000000000000000e+00 0.000000000000000e+00 0.000000000000000e+00
 0.000000000000000e+00 0.000000000000000e+00 0.000000000000000e+00 0.000000000000000e+00 0.000000000000000e+00 5.599999999999991e+12 0.000000000000000e+00 5.599999999999991e+12 0.000000000000000e+00 0.000000000000000e+00
 0.000000000000000e+00 0.000000000000000e+00 0.000000000000000e+00 0.000000000000000e+00 0.000000000000000e+00 0.000000000000000e+00 0.000000000000000e+00 0.000000000000000e+00 0.000000000000000e+00 0.000000000000000e+00
 0.000000000000000e+00 0.000000000000000e+00 0.000000000000000e+00 0.000000000000000e+00 0.000000000000000e+00 0.000000000000000e+00 0.000000000000000e+00 0.000000000000000e+00 0.000000000000000e+00 0.000000000000000e+00
 0.000000000000000e+00 0.000000000000000e+00 0.000000000000000e+00 0.000000000000000e+00 0.000000000000000e+00 0.000000000000000e+00 0.000000000000000e+00 0.000000000000000e+00 0.000000000000000e+00 0.000000000000000e+00
 0.000000000000000e+00 0.000000000000000e+00 0.000000000000000e+00 0.000000000000000e+00 0.000000000000000e+00 5.599999999999991e+12 0.000000000000000e+00 5.599999999999991e+12 0.000000000000000e+00 0.000000000000000e+00
 0.000000000000000e+00 0.000000000000000e+00 0.000000000000000e+00 0.000000000000000e+00 0.000000000000000e+00 0.000000000000000e+00 0.000000000000000e+00 0.000000000000000e+00 0.000000000000000e+00 0.000000000000000e+00
 0.000000000000000e+00 0.000000000000000e+00 0.000000000000000e+00 0.000000000000000e+00 0.000000000000000e+00 0.000000000000000e+00 0.000000000000000e+00 0.000000000000000e+00 0.000000000000000e+00 0.000000000000000e+00
 0.000000000000000e+00 0.000000000000000e+00 0.000000000000000e+00 0.000000000000000e+00 0.000000000000000e+00 0.000000000000000e+00 0.000000000000000e+00 0.000000000000000e+00 0.000000000000000e+00 0.000000000000000e+00
 0.000000000000000e+00 0.000000000000000e+00 0.000000000000000e+00 0.000000000000000e+00 0.000000000000000e+00 5.599999999999991e+12 0.000000000000000e+00 5.599999999999991e+12 0.000000000000000e+00 0.000000000000000e+00
 0.000000000000000e+00 0.000000000000000e+00 0.000000000000000e+00 0.000000000000000e+00 0.000000000000000e+00 0.000000000000000e+00 0.000000000000000e+00 0.000000000000000e+00 0.000000000000000e+00 0.000000000000000e+00
 0.000000000000000e+00 0.000000000000000e+00 0.000000000000000e+00 0.000000000000000e+00 0.000000000000000e+00 0.000000000000000e+00 0.000000000000000e+00 0.000000000000000e+00 0.000000000000000e+00 0.000000000000000e+00
 0.000000000000000e+00 0.000000000000000e+00 0.000000000000000e+00 0.000000000000000e+00 0.000000000000000e+00 0.000000000000000e+00 0.000000000000000e+00 0.000000000000000e+00 0.000000000000000e+00 0.000000000000000e+00
 0.000000000000000e+00 0.000000000000000e+00 0.000000000000000e+00 0.000000000000000e+00 0.000000000000000e+00 5.599999999999991e+12 0.000000000000000e+00 5.599999999999991e+12 0.000000000000000e+00 0.000000000000000e+00
 0.000000000000000e+00 0.000000000000000e+00 0.000000000000000e+00 0.000000000000000e+00 0.000000000000000e+00 0.000000000000000e+00 0.000000000000000e+00 0.000000000000000e+00 0.000000000000000e+00 0.000000000000000e+00
 0.000000000000000e+00 0.000000000000000e+00 0.000000000000000e+00 0.000000000000000e+00 0.000000000000000e+00 0.000000000000000e+00 0.000000000000000e+00 0.000000000000000e+00 0.000000000000000e+00 0.000000000000000e+00
 0.000000000000000e+00 0.000000000000000e+00 0.000000000000000e+00 0.000000000000000e+00 0.000000000000000e+00 0.000000000000000e+00 0.000000000000000e+00 0.000000000000000e+00 0.000000000000000e+00 0.000000000000000e+00
 0.000000000000000e+00 0.000000000000000e+00 0.000000000000000e+00 0.000000000000000e+00 0.000000000000000e+00 5.599999999999991e+12 0.000000000000000e+00 5.599999999999991e+12 0.000000000000000e+00 0.000000000000000e+00
 0.000000000000000e+00 0.000000000000000e+00 0.000000000000000e+00 0.000000000000000e+00 0.000000000000000e+00 0.000000000000000e+00 0.000000000000000e+00 0.000000000000000e+00 0.000000000000000e+00 0.000000000000000e+00
 0.000000000000000e+00 0.000000000000000e+00 0.000000000000000e+00 0.000000000000000e+00 0.000000000000000e+00 0.000000000000000e+00 0.000000000000000e+00 0.000000000000000e+00 0.000000000000000e+00 0.000000000000000e+00
 0.000000000000000e+00 0.000000000000000e+00 0.000000000000000e+00 0.000000000000000e+00 0.000000000000000e+00 0.000000000000000e+00 0.000000000000000e+00 0.000000000000000e+00 0.000000000000000e+00 0.000000000000000e+00
 0.000000000000000e+00 0.000000000000000e+00 0.000000000000000e+00 0.000000000000000e+00 0.000000000000000e+00 5.599999999999991e+12 0.000000000000000e+00 5.599999999999991e+12 0.000000000000000e+00 0.000000000000000e+00
 0.000000000000000e+00 0.000000000000000e+00 0.000000000000000e+00 0.000000000000000e+00 0.000000000000000e+00 0.000000000000000e+00 0.000000000000000e+00 0.000000000000000e+00 0.000000000000000e+00 0.000000000000000e+00
 0.000000000000000e+00 0.000000000000000e+00 0.000000000000000e+00 0.000000000000000e+00 0.000000000000000e+00 0.000000000000000e+00 0.000000000000000e+00 0.000000000000000e+00 0.000000000000000e+00 0.000000000000000e+00
 0.000000000000000e+00 0.000000000000000e+00 0.000000000000000e+00 0.000000000000000e+00 0.000000000000000e+00 0.000000000000000e+00 0.000000000000000e+00 0.000000000000000e+00 0.000000000000000e+00 0.000000000000000e+00
 0.000000000000000e+00 0.000000000000000e+00 0.000000000000000e+00 0.000000000000000e+00 0.000000000000000e+00 5.599999999999991e+12 0.000000000000000e+00 5.599999999999991e+12 0.000000000000000e+00 0.000000000000000e+00
 0.000000000000000e+00 0.000000000000000e+00 0.000000000000000e+00 0.000000000000000e+00 0.000000000000000e+00 0.000000000000000e+00 0.000000000000000e+00 0.000000000000000e+00 0.000000000000000e+00 0.000000000000000e+00
 0.000000000000000e+00 0.000000000000000e+00 0.000000000000000e+00 0.000000000000000e+00 0.000000000000000e+00 0.000000000000000e+00 0.000000000000000e+00 0.000000000000000e+00 0.000000000000000e+00 0.000000000000000e+00
 0.000000000000000e+00 0.000000000000000e+00 0.000000000000000e+00 0.000000000000000e+00 0.000000000000000e+00 0.000000000000000e+00 0.000000000000000e+00 0.000000000000000e+00 0.000000000000000e+00 0.000000000000000e+00
 0.000000000000000e+00 0.000000000000000e+00 0.000000000000000e+00 0.000000000000000e+00 0.000000000000000e+00 5.599999999999991e+12 0.000000000000000e+00 5.599999999999991e+12 0.000000000000000e+00 0.000000000000000e+00
 0.000000000000000e+00 0.000000000000000e+00 0.000000000000000e+00 0.000000000000000e+00 0.000000000000000e+00 0.000000000000000e+00 0.000000000000000e+00 0.000000000000000e+00 0.000000000000000e+00 0.000000000000000e+00
 0.000000000000000e+00 0.000000000000000e+00 0.000000000000000e+00 0.000000000000000e+00 0.000000000000000e+00 0.000000000000000e+00 0.000000000000000e+00 0.000000000000000e+00 0.000000000000000e+00 0.000000000000000e+00
 0.000000000000000e+00 0.000000000000000e+00 0.000000000000000e+00 0.000000000000000e+00 0.000000000000000e+00 0.000000000000000e+00 0.000000000000000e+00 0.000000000000000e+00 0.000000000000000e+00 0.000000000000000e+00
 0.000000000000000e+00 0.000000000000000e+00 0.000000000000000e+00 0.000000000000000e+00 0.000000000000000e+00 5.599999999999991e+12 0.000000000000000e+00 5.599999999999991e+12 0.000000000000000e+00 0.000000000000000e+00
 0.000000000000000e+00 0.000000000000000e+00 0.000000000000000e+00 0.000000000000000e+00 0.000000000000000e+00 0.000000000000000e+00 0.000000000000000e+00 0.000000000000000e+00 0.000000000000000e+00 0.000000000000000e+00
 0.000000000000000e+00 0.000000000000000e+00 0.000000000000000e+00 0.000000000000000e+00 0.000000000000000e+00 0.000000000000000e+00 0.000000000000000e+00 0.000000000000000e+00 0.000000000000000e+00 0.000000000000000e+00
 0.000000000000000e+00 0.000000000000000e+00 0.000000000000000e+00 0.000000000000000e+00 0.000000000000000e+00 0.000000000000000e+00 0.000000000000000e+00 0.000000000000000e+00 0.000000000000000e+00 0.000000000000000e+00
 0.000000000000000e+00 0.000000000000000e+00 0.000000000000000e+00 0.000000000000000e+00 0.000000000000000e+00 5.599999999999991e+12 0.000000000000000e+00 5.599999999999991e+12 0.000000000000000e+00 0.000000000000000e+00
 0.000000000000000e+00 0.000000000000000e+00 0.000000000000000e+00 0.000000000000000e+00 0.000000000000000e+00 0.000000000000000e+00 0.000000000000000e+00 0.000000000000000e+00 0.000000000000000e+00 0.000000000000000e+00
 0.000000000000000e+00 0.000000000000000e+00 0.000000000000000e+00 0.000000000000000e+00 0.000000000000000e+00 0.000000000000000e+00 0.000000000000000e+00 0.000000000000000e+00 0.000000000000000e+00 0.000000000000000e+00
 0.000000000000000e+00 0.000000000000000e+00 0.000000000000000e+00 0.000000000000000e+00 0.000000000000000e+00 0.000000000000000e+00 0.000000000000000e+00 0.000000000000000e+00 0.000000000000000e+00 0.000000000000000e+00
 0.000000000000000e+00 0.000000000000000e+00 0.000000000000000e+00 0.000000000000000e+00 0.000000000000000e+00 5.599999999999991e+12 0.000000000000000e+00 5.599999999999991e+12 0.000000000000000e+00 0.000000000000000e+00
 0.000000000000000e+00 0.000000000000000e+00 0.000000000000000e+00 0.000000000000000e+00 0.000000000000000e+00 0.000000000000000e+00 0.000000000000000e+00 0.000000000000000e+00 0.000000000000000e+00 0.000000000000000e+00
 0.000000000000000e+00 0.000000000000000e+00 0.000000000000000e+00 0.000000000000000e+00 0.000000000000000e+00 0.000000000000000e+00 0.000000000000000e+00 0.000000000000000e+00 0.000000000000000e+00 0.000000000000000e+00
 0.000000000000000e+00 0.000000000000000e+00 0.000000000000000e+00 0.000000000000000e+00 0.000000000000000e+00 0.000000000000000e+00 0.000000000000000e+00 0.000000000000000e+00 0.000000000000000e+00 0.000000000000000e+00
 0.000000000000000e+00 0.000000000000000e+00 0.000000000000000e+00 0.000000000000000e+00 0.000000000000000e+00 5.599999999999991e+12 0.000000000000000e+00 5.599999999999991e+12 0.000000000000000e+00 0.000000000000000e+00
 0.000000000000000e+00 0.000000000000000e+00 0.000000000000000e+00 0.000000000000000e+00 0.000000000000000e+00 0.000000000000000e+00 0.000000000000000e+00 0.000000000000000e+00 0.000000000000000e+00 0.000000000000000e+00
 0.000000000000000e+00 0.000000000000000e+00 0.000000000000000e+00 0.000000000000000e+00 0.000000000000000e+00 0.000000000000000e+00 0.000000000000000e+00 0.000000000000000e+00 0.000000000000000e+00 0.000000000000000e+00
 0.000000000000000e+00 0.000000000000000e+00 0.000000000000000e+00 0.000000000000000e+00 0.000000000000000e+00 0.000000000000000e+00 0.000000000000000e+00 0.000000000000000e+00 0.000000000000000e+00 0.000000000000000e+00
 0.000000000000000e+00 0.000000000000000e+00 0.000000000000000e+00 0.000000000000000e+00 0.000000000000000e+00 5.599999999999991e+12 0.000000000000000e+00 5.599999999999991e+12 0.000000000000000e+00 0.000000000000000e+00
 0.000000000000000e+00 0.000000000000000e+00 0.000000000000000e+00 0.000000000000000e+00 0.000000000000000e+00 0.000000000000000e+00 0.000000000000000e+00 0.000000000000000e+00 0.000000000000000e+00 0.000000000000000e+00
 0.000000000000000e+00 0.000000000000000e+00 0.000000000000000e+00 0.000000000000000e+00 0.000000000000000e+00 0.000000000000000e+00 0.000000000000000e+00 0.000000000000000e+00 0.000000000000000e+00 0.000000000000000e+00
 0.000000000000000e+00 0.000000000000000e+00 0.000000000000000e+00 0.000000000000000e+00 0.000000000000000e+00 0.000000000000000e+00 0.000000000000000e+00 0.000000000000000e+00 0.000000000000000e+00 0.000000000000000e+00
 0.000000000000000e+00 0.000000000000000e+00 0.000000000000000e+00 0.000000000000000e+00 0.000000000000000e+00 5.599999999999991e+12 0.000000000000000e+00 5.599999999999991e+12 0.000000000000000e+00 0.000000000000000e+00
 0.000000000000000e+00 0.000000000000000e+00 0.000000000000000e+00 0.000000000000000e+00 0.000000000000000e+00 0.000000000000000e+00 0.000000000000000e+00 0.000000000000000e+00 0.000000000000000e+00 0.000000000000000e+00
 0.000000000000000e+00 0.000000000000000e+00 0.000000000000000e+00 0.000000000000000e+00 0.000000000000000e+00 0.000000000000000e+00 0.000000000000000e+00 0.000000000000000e+00 0.000000000000000e+00 0.000000000000000e+00
 0.000000000000000e+00 0.000000000000000e+00 0.000000000000000e+00 0.000000000000000e+00 0.000000000000000e+00 0.000000000000000e+00 0.000000000000000e+00 0.000000000000000e+00 0.000000000000000e+00 0.000000000000000e+00
 0.000000000000000e+00 0.000000000000000e+00 0.000000000000000e+00 0.000000000000000e+00 0.000000000000000e+00 5.599999999999991e+12 0.000000000000000e+00 5.599999999999991e+12 0.000000000000000e+00 0.000000000000000e+00
 0.000000000000000e+00 0.000000000000000e+00 0.000000000000000e+00 0.000000000000000e+00 0.000000000000000e+00 0.000000000000000e+00 0.000000000000000e+00 0.000000000000000e+00 0.000000000000000e+00 0.000000000000000e+00
 0.000000000000000e+00 0.000000000000000e+00 0.000000000000000e+00 0.000000000000000e+00 0.000000000000000e+00 0.000000000000000e+00 0.000000000000000e+00 0.000000000000000e+00 0.000000000000000e+00 0.000000000000000e+00
 0.000000000000000e+00 0.000000000000000e+00 0.000000000000000e+00 0.000000000000000e+00 0.000000000000000e+00 0.000000000000000e+00 0.000000000000000e+00 0.000000000000000e+00 0.000000000000000e+00 0.000000000000000e+00
 0.000000000000000e+00 0.000000000000000e+00 0.000000000000000e+00 0.000000000000000e+00 0.000000000000000e+00 5.599999999999991e+12 0.000000000000000e+00 5.599999999999991e+12 0.000000000000000e+00 0.000000000000000e+00
 0.000000000000000e+00 0.000000000000000e+00 0.000000000000000e+00 0.000000000000000e+00 0.000000000000000e+00 0.000000000000000e+00 0.000000000000000e+00 0.000000000000000e+00 0.000000000000000e+00 0.000000000000000e+00
 0.000000000000000e+00 0.000000000000000e+00 0.000000000000000e+00 0.000000000000000e+00 0.000000000000000e+00 0.000000000000000e+00 0.000000000000000e+00 0.000000000000000e+00 0.000000000000000e+00 0.000000000000000e+00
 0.000000000000000e+00 0.000000000000000e+00 0.000000000000000e+00 0.000000000000000e+00 0.000000000000000e+00 0.000000000000000e+00 0.000000000000000e+00 0.000000000000000e+00 0.000000000000000e+00 0.000000000000000e+00
 0.000000000000000e+00 0.000000000000000e+00 0.000000000000000e+00 0.000000000000000e+00 0.000000000000000e+00 5.599999999999991e+12 0.000000000000000e+00 5.599999999999991e+12 0.000000000000000e+00 0.000000000000000e+00
 0.000000000000000e+00 0.000000000000000e+00 0.000000000000000e+00 0.000000000000000e+00 0.000000000000000e+00 0.000000000000000e+00 0.000000000000000e+00 0.000000000000000e+00 0.000000000000000e+00 0.000000000000000e+00
 0.000000000000000e+00 0.000000000000000e+00 0.000000000000000e+00 0.000000000000000e+00 0.000000000000000e+00 0.000000000000000e+00 0.000000000000000e+00 0.000000000000000e+00 0.000000000000000e+00 0.000000000000000e+00
 0.000000000000000e+00 0.000000000000000e+00 0.000000000000000e+00 0.000000000000000e+00 0.000000000000000e+00 0.000000000000000e+00 0.000000000000000e+00 0.000000000000000e+00 0.000000000000000e+00 0.000000000000000e+00
 0.000000000000000e+00 0.000000000000000e+00 0.000000000000000e+00 0.000000000000000e+00 0.000000000000000e+00 5.599999999999991e+12 0.000000000000000e+00 5.599999999999991e+12 0.000000000000000e+00 0.000000000000000e+00
 0.000000000000000e+00 0.000000000000000e+00 0.000000000000000e+00 0.000000000000000e+00 0.000000000000000e+00 0.000000000000000e+00 0.000000000000000e+00 0.000000000000000e+00 0.000000000000000e+00 0.000000000000000e+00
 0.000000000000000e+00 0.000000000000000e+00 0.000000000000000e+00 0.000000000000000e+00 0.000000000000000e+00 0.000000000000000e+00 0.000000000000000e+00 0.000000000000000e+00 0.000000000000000e+00 0.000000000000000e+00
 0.000000000000000e+00 0.000000000000000e+00 0.000000000000000e+00 0.000000000000000e+00 0.000000000000000e+00 0.000000000000000e+00 0.000000000000000e+00 0.000000000000000e+00 0.000000000000000e+00 0.000000000000000e+00
 0.000000000000000e+00 0.000000000000000e+00 0.000000000000000e+00 0.000000000000000e+00 0.000000000000000e+00 5.599999999999991e+12 0.000000000000000e+00 5.599999999999991e+12 0.000000000000000e+00 0.000000000000000e+00
 0.000000000000000e+00 0.000000000000000e+00 0.000000000000000e+00 0.000000000000000e+00 0.000000000000000e+00 0.000000000000000e+00 0.000000000000000e+00 0.000000000000000e+00 0.000000000000000e+00 0.000000000000000e+00
 0.000000000000000e+00 0.000000000000000e+00 0.000000000000000e+00 0.000000000000000e+00 0.000000000000000e+00 0.000000000000000e+00 0.000000000000000e+00 0.000000000000000e+00 0.000000000000000e+00 0.000000000000000e+00
 0.000000000000000e+00 0.000000000000000e+00 0.000000000000000e+00 0.000000000000000e+00 0.000000000000000e+00 0.000000000000000e+00 0.000000000000000e+00 0.000000000000000e+00 0.000000000000000e+00 0.000000000000000e+00
 0.000000000000000e+00 0.000000000000000e+00 0.000000000000000e+00 0.000000000000000e+00 0.000000000000000e+00 5.599999999999991e+12 0.000000000000000e+00 5.599999999999991e+12 0.000000000000000e+00 0.000000000000000e+00
 0.000000000000000e+00 0.000000000000000e+00 0.000000000000000e+00 0.000000000000000e+00 0.000000000000000e+00 0.000000000000000e+00 0.000000000000000e+00 0.000000000000000e+00 0.000000000000000e+00 0.000000000000000e+00
 0.000000000000000e+00 0.000000000000000e+00 0.000000000000000e+00 0.000000000000000e+00 0.000000000000000e+00 0.000000000000000e+00 0.000000000000000e+00 0.000000000000000e+00 0.000000000000000e+00 0.000000000000000e+00
 0.000000000000000e+00 0.000000000000000e+00 0.000000000000000e+00 0.000000000000000e+00 0.000000000000000e+00 0.000000000000000e+00 0.000000000000000e+00 0.000000000000000e+00 0.000000000000000e+00 0.000000000000000e+00
 0.000000000000000e+00 0.000000000000000e+00 0.000000000000000e+00 0.000000000000000e+00 0.000000000000000e+00 5.599999999999991e+12 0.000000000000000e+00 5.599999999999991e+12 0.000000000000000e+00 0.000000000000000e+00
 0.000000000000000e+00 0.000000000000000e+00 0.000000000000000e+00 0.000000000000000e+00 0.000000000000000e+00 0.000000000000000e+00 0.000000000000000e+00 0.000000000000000e+00 0.000000000000000e+00 0.000000000000000e+00
 0.000000000000000e+00 0.000000000000000e+00 0.000000000000000e+00 0.000000000000000e+00 0.000000000000000e+00 0.000000000000000e+00 0.000000000000000e+00 0.000000000000000e+00 0.000000000000000e+00 0.000000000000000e+00
 0.000000000000000e+00 0.000000000000000e+00 0.000000000000000e+00 0.000000000000000e+00 0.000000000000000e+00 0.000000000000000e+00 0.000000000000000e+00 0.000000000000000e+00 0.000000000000000e+00 0.000000000000000e+00
 0.000000000000000e+00 0.000000000000000e+00 0.000000000000000e+00 0.000000000000000e+00 0.000000000000000e+00 5.599999999999991e+12 0.000000000000000e+00 5.599999999999991e+12 0.000000000000000e+00 0.000000000000000e+00
 0.000000000000000e+00 0.000000000000000e+00 0.000000000000000e+00 0.000000000000000e+00 0.000000000000000e+00 0.000000000000000e+00 0.000000000000000e+00 0.000000000000000e+00 0.000000000000000e+00 0.000000000000000e+00
 0.000000000000000e+00 0.000000000000000e+00 0.000000000000000e+00 0.000000000000000e+00 0.000000000000000e+00 0.000000000000000e+00 0.000000000000000e+00 0.000000000000000e+00 0.000000000000000e+00 0.000000000000000e+00
 0.000000000000000e+00 0.000000000000000e+00 0.000000000000000e+00 0.000000000000000e+00 0.000000000000000e+00 0.000000000000000e+00 0.000000000000000e+00 0.000000000000000e+00 0.000000000000000e+00 0.000000000000000e+00
 0.000000000000000e+00 0.000000000000000e+00 0.000000000000000e+00 0.000000000000000e+00 0.000000000000000e+00 5.599999999999991e+12 0.000000000000000e+00 5.599999999999991e+12 0.000000000000000e+00 0.000000000000000e+00
 0.000000000000000e+00 0.000000000000000e+00 0.000000000000000e+00 0.000000000000000e+00 0.000000000000000e+00 0.000000000000000e+00 0.000000000000000e+00 0.000000000000000e+00 0.000000000000000e+00 0.000000000000000e+00
 0.000000000000000e+00 0.000000000000000e+00 0.000000000000000e+00 0.000000000000000e+00 0.000000000000000e+00 0.000000000000000e+00 0.000000000000000e+00 0.000000000000000e+00 0.000000000000000e+00 0.000000000000000e+00
 0.000000000000000e+00 0.000000000000000e+00 0.000000000000000e+00 0.000000000000000e+00 0.000000000000000e+00 0.000000000000000e+00 0.000000000000000e+00 0.000000000000000e+00 0.000000000000000e+00 0.000000000000000e+00
 0.000000000000000e+00 0.000000000000000e+00 0.000000000000000e+00 0.000000000000000e+00 0.000000000000000e+00 5.599999999999991e+12 0.000000000000000e+00 5.599999999999991e+12 0.000000000000000e+00 0.000000000000000e+00
 0.000000000000000e+00 0.000000000000000e+00 0.000000000000000e+00 0.000000000000000e+00 0.000000000000000e+00 0.000000000000000e+00 0.000000000000000e+00 0.000000000000000e+00 0.000000000000000e+00 0.000000000000000e+00
 0.000000000000000e+00 0.000000000000000e+00 0.000000000000000e+00 0.000000000000000e+00 0.000000000000000e+00 0.000000000000000e+00 0.000000000000000e+00 0.000000000000000e+00 0.000000000000000e+00 0.000000000000000e+00
 0.000000000000000e+00 0.000000000000000e+00 0.000000000000000e+00 0.000000000000000e+00 0.000000000000000e+00 0.000000000000000e+00 0.000000000000000e+00 0.000000000000000e+00 0.000000000000000e+00 0.000000000000000e+00
 0.000000000000000e+00 0.000000000000000e+00 0.000000000000000e+00 0.000000000000000e+00 0.000000000000000e+00 5.599999999999991e+12 0.000000000000000e+00 5.599999999999991e+12 0.000000000000000e+00 0.000000000000000e+00
 0.000000000000000e+00 0.000000000000000e+00 0.000000000000000e+00 0.000000000000000e+00 0.000000000000000e+00 0.000000000000000e+00 0.000000000000000e+00 0.000000000000000e+00 0.000000000000000e+00 0.000000000000000e+00
 0.000000000000000e+00 0.000000000000000e+00 0.000000000000000e+00 0.000000000000000e+00 0.000000000000000e+00 0.000000000000000e+00 0.000000000000000e+00 0.000000000000000e+00 0.000000000000000e+00 0.000000000000000e+00
 0.000000000000000e+00 0.000000000000000e+00 0.000000000000000e+00 0.000000000000000e+00 0.000000000000000e+00 0.000000000000000e+00 0.000000000000000e+00 0.000000000000000e+00 0.000000000000000e+00 0.000000000000000e+00
 0.000000000000000e+00 0.000000000000000e+00 0.000000000000000e+00 0.000000000000000e+00 0.000000000000000e+00 5.599999999999991e+12 0.000000000000000e+00 5.599999999999991e+12 0.000000000000000e+00 0.000000000000000e+00
 0.000000000000000e+00 0.000000000000000e+00 0.000000000000000e+00 0.000000000000000e+00 0.000000000000000e+00 0.000000000000000e+00 0.000000000000000e+00 0.000000000000000e+00 0.000000000000000e+00 0.000000000000000e+00
 0.000000000000000e+00 0.000000000000000e+00 0.000000000000000e+00 0.000000000000000e+00 0.000000000000000e+00 0.000000000000000e+00 0.000000000000000e+00 0.000000000000000e+00 0.000000000000000e+00 0.000000000000000e+00
 0.000000000000000e+00 0.000000000000000e+00 0.000000000000000e+00 0.000000000000000e+00 0.000000000000000e+00 0.000000000000000e+00 0.000000000000000e+00 0.000000000000000e+00 0.000000000000000e+00 0.000000000000000e+00
 0.000000000000000e+00 0.000000000000000e+00 0.000000000000000e+00 0.000000000000000e+00 0.000000000000000e+00 5.599999999999991e+12 0.000000000000000e+00 5.599999999999991e+12 0.000000000000000e+00 0.000000000000000e+00
 0.000000000000000e+00 0.000000000000000e+00 0.000000000000000e+00 0.000000000000000e+00 0.000000000000000e+00 0.000000000000000e+00 0.000000000000000e+00 0.000000000000000e+00 0.000000000000000e+00 0.000000000000000e+00
 0.000000000000000e+00 0.000000000000000e+00 0.000000000000000e+00 0.000000000000000e+00 0.000000000000000e+00 0.000000000000000e+00 0.000000000000000e+00 0.000000000000000e+00 0.000000000000000e+00 0.000000000000000e+00
 0.000000000000000e+00 0.000000000000000e+00 0.000000000000000e+00 0.000000000000000e+00 0.000000000000000e+00 0.000000000000000e+00 0.000000000000000e+00 0.000000000000000e+00 0.000000000000000e+00 0.000000000000000e+00
 0.000000000000000e+00 0.000000000000000e+00 0.000000000000000e+00 0.000000000000000e+00 0.000000000000000e+00 5.599999999999991e+12 0.000000000000000e+00 5.599999999999991e+12 0.000000000000000e+00 0.000000000000000e+00
 0.000000000000000e+00 0.000000000000000e+00 0.000000000000000e+00 0.000000000000000e+00 0.000000000000000e+00 0.000000000000000e+00 0.000000000000000e+00 0.000000000000000e+00 0.000000000000000e+00 0.000000000000000e+00
 0.000000000000000e+00 0.000000000000000e+00 0.000000000000000e+00 0.000000000000000e+00 0.000000000000000e+00 0.000000000000000e+00 0.000000000000000e+00 0.000000000000000e+00 0.000000000000000e+00 0.000000000000000e+00
 0.000000000000000e+00 0.000000000000000e+00 0.000000000000000e+00 0.000000000000000e+00 0.000000000000000e+00 0.000000000000000e+00 0.000000000000000e+00 0.000000000000000e+00 0.000000000000000e+00 0.000000000000000e+00
 0.000000000000000e+00 0.000000000000000e+00 0.000000000000000e+00 0.000000000000000e+00 0.000000000000000e+00 5.599999999999991e+12 0.000000000000000e+00 5.599999999999991e+12 0.000000000000000e+00 0.000000000000000e+00
 0.000000000000000e+00 0.000000000000000e+00 0.000000000000000e+00 0.000000000000000e+00 0.000000000000000e+00 0.000000000000000e+00 0.000000000000000e+00 0.000000000000000e+00 0.000000000000000e+00 0.000000000000000e+00
 0.000000000000000e+00 0.000000000000000e+00 0.000000000000000e+00 0.000000000000000e+00 0.000000000000000e+00 0.000000000000000e+00 0.000000000000000e+00 0.000000000000000e+00 0.000000000000000e+00 0.000000000000000e+00
 0.000000000000000e+00 0.000000000000000e+00 0.000000000000000e+00 0.000000000000000e+00 0.000000000000000e+00 0.000000000000000e+00 0.000000000000000e+00 0.000000000000000e+00 0.000000000000000e+00 0.000000000000000e+00
 0.000000000000000e+00 0.000000000000000e+00 0.000000000000000e+00 0.000000000000000e+00 0.000000000000000e+00 5.599999999999991e+12 0.000000000000000e+00 5.599999999999991e+12 0.000000000000000e+00 0.000000000000000e+00
 0.000000000000000e+00 0.000000000000000e+00 0.000000000000000e+00 0.000000000000000e+00 0.000000000000000e+00 0.000000000000000e+00 0.000000000000000e+00 0.000000000000000e+00 0.000000000000000e+00 0.000000000000000e+00
 0.000000000000000e+00 0.000000000000000e+00 0.000000000000000e+00 0.000000000000000e+00 0.000000000000000e+00 0.000000000000000e+00 0.000000000000000e+00 5.599999999999991e+12 0.000000000000000e+00 0.000000000000000e+00
 0.000000000000000e+00 0.000000000000000e+00 0.000000000000000e+00 0.000000000000000e+00 0.000000000000000e+00 0.000000000000000e+00 0.000000000000000e+00 0.000000000000000e+00 0.000000000000000e+00 0.000000000000000e+00
 0.000000000000000e+00 0.000000000000000e+00 0.000000000000000e+00 0.000000000000000e+00 0.000000000000000e+00 0.000000000000000e+00 0.000000000000000e+00 0.000000000000000e+00 5.599999999999991e+12 5.599999999999991e+12

    }
  }

  Dataset ("PMIUserField0") {
    function  = PMIUserField0
    type      = scalar
    dimension = 1
    location  = vertex
    validity  = [ "p_plus" ]
    Values (1300) {
 0.000000000000000e+00 0.000000000000000e+00 0.000000000000000e+00 0.000000000000000e+00 0.000000000000000e+00 0.000000000000000e+00 0.000000000000000e+00 0.000000000000000e+00 0.000000000000000e+00 0.000000000000000e+00
 0.000000000000000e+00 0.000000000000000e+00 0.000000000000000e+00 0.000000000000000e+00 0.000000000000000e+00 0.000000000000000e+00 0.000000000000000e+00 0.000000000000000e+00 0.000000000000000e+00 0.000000000000000e+00
 0.000000000000000e+00 0.000000000000000e+00 0.000000000000000e+00 0.000000000000000e+00 0.000000000000000e+00 0.000000000000000e+00 0.000000000000000e+00 0.000000000000000e+00 0.000000000000000e+00 0.000000000000000e+00
 0.000000000000000e+00 0.000000000000000e+00 0.000000000000000e+00 0.000000000000000e+00 0.000000000000000e+00 0.000000000000000e+00 0.000000000000000e+00 0.000000000000000e+00 0.000000000000000e+00 0.000000000000000e+00
 0.000000000000000e+00 0.000000000000000e+00 0.000000000000000e+00 0.000000000000000e+00 0.000000000000000e+00 0.000000000000000e+00 0.000000000000000e+00 0.000000000000000e+00 0.000000000000000e+00 0.000000000000000e+00
 0.000000000000000e+00 0.000000000000000e+00 0.000000000000000e+00 0.000000000000000e+00 0.000000000000000e+00 0.000000000000000e+00 0.000000000000000e+00 0.000000000000000e+00 0.000000000000000e+00 0.000000000000000e+00
 0.000000000000000e+00 0.000000000000000e+00 0.000000000000000e+00 0.000000000000000e+00 0.000000000000000e+00 0.000000000000000e+00 0.000000000000000e+00 0.000000000000000e+00 0.000000000000000e+00 0.000000000000000e+00
 0.000000000000000e+00 0.000000000000000e+00 0.000000000000000e+00 0.000000000000000e+00 0.000000000000000e+00 0.000000000000000e+00 0.000000000000000e+00 0.000000000000000e+00 0.000000000000000e+00 0.000000000000000e+00
 0.000000000000000e+00 0.000000000000000e+00 0.000000000000000e+00 0.000000000000000e+00 0.000000000000000e+00 0.000000000000000e+00 0.000000000000000e+00 0.000000000000000e+00 0.000000000000000e+00 0.000000000000000e+00
 0.000000000000000e+00 0.000000000000000e+00 0.000000000000000e+00 0.000000000000000e+00 0.000000000000000e+00 0.000000000000000e+00 0.000000000000000e+00 0.000000000000000e+00 0.000000000000000e+00 0.000000000000000e+00
 0.000000000000000e+00 0.000000000000000e+00 0.000000000000000e+00 0.000000000000000e+00 0.000000000000000e+00 0.000000000000000e+00 0.000000000000000e+00 0.000000000000000e+00 0.000000000000000e+00 0.000000000000000e+00
 0.000000000000000e+00 0.000000000000000e+00 0.000000000000000e+00 0.000000000000000e+00 0.000000000000000e+00 0.000000000000000e+00 0.000000000000000e+00 0.000000000000000e+00 0.000000000000000e+00 0.000000000000000e+00
 0.000000000000000e+00 0.000000000000000e+00 0.000000000000000e+00 0.000000000000000e+00 0.000000000000000e+00 0.000000000000000e+00 0.000000000000000e+00 0.000000000000000e+00 0.000000000000000e+00 0.000000000000000e+00
 0.000000000000000e+00 0.000000000000000e+00 0.000000000000000e+00 0.000000000000000e+00 0.000000000000000e+00 0.000000000000000e+00 0.000000000000000e+00 0.000000000000000e+00 0.000000000000000e+00 0.000000000000000e+00
 0.000000000000000e+00 0.000000000000000e+00 0.000000000000000e+00 0.000000000000000e+00 0.000000000000000e+00 0.000000000000000e+00 0.000000000000000e+00 0.000000000000000e+00 0.000000000000000e+00 0.000000000000000e+00
 0.000000000000000e+00 0.000000000000000e+00 0.000000000000000e+00 0.000000000000000e+00 0.000000000000000e+00 0.000000000000000e+00 0.000000000000000e+00 0.000000000000000e+00 0.000000000000000e+00 0.000000000000000e+00
 0.000000000000000e+00 0.000000000000000e+00 0.000000000000000e+00 0.000000000000000e+00 0.000000000000000e+00 0.000000000000000e+00 0.000000000000000e+00 0.000000000000000e+00 0.000000000000000e+00 0.000000000000000e+00
 0.000000000000000e+00 0.000000000000000e+00 0.000000000000000e+00 0.000000000000000e+00 0.000000000000000e+00 0.000000000000000e+00 0.000000000000000e+00 0.000000000000000e+00 0.000000000000000e+00 0.000000000000000e+00
 0.000000000000000e+00 0.000000000000000e+00 0.000000000000000e+00 0.000000000000000e+00 0.000000000000000e+00 0.000000000000000e+00 0.000000000000000e+00 0.000000000000000e+00 0.000000000000000e+00 0.000000000000000e+00
 0.000000000000000e+00 0.000000000000000e+00 0.000000000000000e+00 0.000000000000000e+00 0.000000000000000e+00 0.000000000000000e+00 0.000000000000000e+00 0.000000000000000e+00 0.000000000000000e+00 0.000000000000000e+00
 0.000000000000000e+00 0.000000000000000e+00 0.000000000000000e+00 0.000000000000000e+00 0.000000000000000e+00 0.000000000000000e+00 0.000000000000000e+00 0.000000000000000e+00 0.000000000000000e+00 0.000000000000000e+00
 0.000000000000000e+00 0.000000000000000e+00 0.000000000000000e+00 0.000000000000000e+00 0.000000000000000e+00 0.000000000000000e+00 0.000000000000000e+00 0.000000000000000e+00 0.000000000000000e+00 0.000000000000000e+00
 0.000000000000000e+00 0.000000000000000e+00 0.000000000000000e+00 0.000000000000000e+00 0.000000000000000e+00 0.000000000000000e+00 0.000000000000000e+00 0.000000000000000e+00 0.000000000000000e+00 0.000000000000000e+00
 0.000000000000000e+00 0.000000000000000e+00 0.000000000000000e+00 0.000000000000000e+00 0.000000000000000e+00 0.000000000000000e+00 0.000000000000000e+00 0.000000000000000e+00 0.000000000000000e+00 0.000000000000000e+00
 0.000000000000000e+00 0.000000000000000e+00 0.000000000000000e+00 0.000000000000000e+00 0.000000000000000e+00 0.000000000000000e+00 0.000000000000000e+00 0.000000000000000e+00 0.000000000000000e+00 0.000000000000000e+00
 0.000000000000000e+00 0.000000000000000e+00 0.000000000000000e+00 0.000000000000000e+00 0.000000000000000e+00 0.000000000000000e+00 0.000000000000000e+00 0.000000000000000e+00 0.000000000000000e+00 0.000000000000000e+00
 0.000000000000000e+00 0.000000000000000e+00 0.000000000000000e+00 0.000000000000000e+00 0.000000000000000e+00 0.000000000000000e+00 0.000000000000000e+00 0.000000000000000e+00 0.000000000000000e+00 0.000000000000000e+00
 0.000000000000000e+00 0.000000000000000e+00 0.000000000000000e+00 0.000000000000000e+00 0.000000000000000e+00 0.000000000000000e+00 0.000000000000000e+00 0.000000000000000e+00 0.000000000000000e+00 0.000000000000000e+00
 0.000000000000000e+00 0.000000000000000e+00 0.000000000000000e+00 0.000000000000000e+00 0.000000000000000e+00 0.000000000000000e+00 0.000000000000000e+00 0.000000000000000e+00 0.000000000000000e+00 0.000000000000000e+00
 0.000000000000000e+00 0.000000000000000e+00 0.000000000000000e+00 0.000000000000000e+00 0.000000000000000e+00 0.000000000000000e+00 0.000000000000000e+00 0.000000000000000e+00 0.000000000000000e+00 0.000000000000000e+00
 0.000000000000000e+00 0.000000000000000e+00 0.000000000000000e+00 0.000000000000000e+00 0.000000000000000e+00 0.000000000000000e+00 0.000000000000000e+00 0.000000000000000e+00 0.000000000000000e+00 0.000000000000000e+00
 0.000000000000000e+00 0.000000000000000e+00 0.000000000000000e+00 0.000000000000000e+00 0.000000000000000e+00 0.000000000000000e+00 0.000000000000000e+00 0.000000000000000e+00 0.000000000000000e+00 0.000000000000000e+00
 0.000000000000000e+00 0.000000000000000e+00 0.000000000000000e+00 0.000000000000000e+00 0.000000000000000e+00 0.000000000000000e+00 0.000000000000000e+00 0.000000000000000e+00 0.000000000000000e+00 0.000000000000000e+00
 0.000000000000000e+00 0.000000000000000e+00 0.000000000000000e+00 0.000000000000000e+00 0.000000000000000e+00 0.000000000000000e+00 0.000000000000000e+00 0.000000000000000e+00 0.000000000000000e+00 0.000000000000000e+00
 0.000000000000000e+00 0.000000000000000e+00 0.000000000000000e+00 0.000000000000000e+00 0.000000000000000e+00 0.000000000000000e+00 0.000000000000000e+00 0.000000000000000e+00 0.000000000000000e+00 0.000000000000000e+00
 0.000000000000000e+00 0.000000000000000e+00 0.000000000000000e+00 0.000000000000000e+00 0.000000000000000e+00 0.000000000000000e+00 0.000000000000000e+00 0.000000000000000e+00 0.000000000000000e+00 0.000000000000000e+00
 0.000000000000000e+00 0.000000000000000e+00 0.000000000000000e+00 0.000000000000000e+00 0.000000000000000e+00 0.000000000000000e+00 0.000000000000000e+00 0.000000000000000e+00 0.000000000000000e+00 0.000000000000000e+00
 0.000000000000000e+00 0.000000000000000e+00 0.000000000000000e+00 0.000000000000000e+00 0.000000000000000e+00 0.000000000000000e+00 0.000000000000000e+00 0.000000000000000e+00 0.000000000000000e+00 0.000000000000000e+00
 0.000000000000000e+00 0.000000000000000e+00 0.000000000000000e+00 0.000000000000000e+00 0.000000000000000e+00 0.000000000000000e+00 0.000000000000000e+00 0.000000000000000e+00 0.000000000000000e+00 0.000000000000000e+00
 0.000000000000000e+00 0.000000000000000e+00 0.000000000000000e+00 0.000000000000000e+00 0.000000000000000e+00 0.000000000000000e+00 0.000000000000000e+00 0.000000000000000e+00 0.000000000000000e+00 0.000000000000000e+00
 0.000000000000000e+00 0.000000000000000e+00 0.000000000000000e+00 0.000000000000000e+00 0.000000000000000e+00 0.000000000000000e+00 0.000000000000000e+00 0.000000000000000e+00 0.000000000000000e+00 0.000000000000000e+00
 0.000000000000000e+00 0.000000000000000e+00 0.000000000000000e+00 0.000000000000000e+00 0.000000000000000e+00 0.000000000000000e+00 0.000000000000000e+00 0.000000000000000e+00 0.000000000000000e+00 0.000000000000000e+00
 0.000000000000000e+00 0.000000000000000e+00 0.000000000000000e+00 0.000000000000000e+00 0.000000000000000e+00 0.000000000000000e+00 0.000000000000000e+00 0.000000000000000e+00 0.000000000000000e+00 0.000000000000000e+00
 0.000000000000000e+00 0.000000000000000e+00 0.000000000000000e+00 0.000000000000000e+00 0.000000000000000e+00 0.000000000000000e+00 0.000000000000000e+00 0.000000000000000e+00 0.000000000000000e+00 0.000000000000000e+00
 0.000000000000000e+00 0.000000000000000e+00 0.000000000000000e+00 0.000000000000000e+00 0.000000000000000e+00 0.000000000000000e+00 0.000000000000000e+00 0.000000000000000e+00 0.000000000000000e+00 0.000000000000000e+00
 0.000000000000000e+00 0.000000000000000e+00 0.000000000000000e+00 0.000000000000000e+00 0.000000000000000e+00 0.000000000000000e+00 0.000000000000000e+00 0.000000000000000e+00 0.000000000000000e+00 0.000000000000000e+00
 0.000000000000000e+00 0.000000000000000e+00 0.000000000000000e+00 0.000000000000000e+00 0.000000000000000e+00 0.000000000000000e+00 0.000000000000000e+00 0.000000000000000e+00 0.000000000000000e+00 0.000000000000000e+00
 0.000000000000000e+00 0.000000000000000e+00 0.000000000000000e+00 0.000000000000000e+00 0.000000000000000e+00 0.000000000000000e+00 0.000000000000000e+00 0.000000000000000e+00 0.000000000000000e+00 0.000000000000000e+00
 0.000000000000000e+00 0.000000000000000e+00 0.000000000000000e+00 0.000000000000000e+00 0.000000000000000e+00 0.000000000000000e+00 0.000000000000000e+00 0.000000000000000e+00 0.000000000000000e+00 0.000000000000000e+00
 0.000000000000000e+00 0.000000000000000e+00 0.000000000000000e+00 0.000000000000000e+00 0.000000000000000e+00 0.000000000000000e+00 0.000000000000000e+00 0.000000000000000e+00 0.000000000000000e+00 0.000000000000000e+00
 0.000000000000000e+00 0.000000000000000e+00 0.000000000000000e+00 0.000000000000000e+00 0.000000000000000e+00 0.000000000000000e+00 0.000000000000000e+00 0.000000000000000e+00 0.000000000000000e+00 0.000000000000000e+00
 0.000000000000000e+00 0.000000000000000e+00 0.000000000000000e+00 0.000000000000000e+00 0.000000000000000e+00 0.000000000000000e+00 0.000000000000000e+00 0.000000000000000e+00 0.000000000000000e+00 0.000000000000000e+00
 0.000000000000000e+00 0.000000000000000e+00 0.000000000000000e+00 0.000000000000000e+00 0.000000000000000e+00 0.000000000000000e+00 0.000000000000000e+00 0.000000000000000e+00 0.000000000000000e+00 0.000000000000000e+00
 0.000000000000000e+00 0.000000000000000e+00 0.000000000000000e+00 0.000000000000000e+00 0.000000000000000e+00 0.000000000000000e+00 0.000000000000000e+00 0.000000000000000e+00 0.000000000000000e+00 0.000000000000000e+00
 0.000000000000000e+00 0.000000000000000e+00 0.000000000000000e+00 0.000000000000000e+00 0.000000000000000e+00 0.000000000000000e+00 0.000000000000000e+00 0.000000000000000e+00 0.000000000000000e+00 0.000000000000000e+00
 0.000000000000000e+00 0.000000000000000e+00 0.000000000000000e+00 0.000000000000000e+00 0.000000000000000e+00 0.000000000000000e+00 0.000000000000000e+00 0.000000000000000e+00 0.000000000000000e+00 0.000000000000000e+00
 0.000000000000000e+00 0.000000000000000e+00 0.000000000000000e+00 0.000000000000000e+00 0.000000000000000e+00 0.000000000000000e+00 0.000000000000000e+00 0.000000000000000e+00 0.000000000000000e+00 0.000000000000000e+00
 0.000000000000000e+00 0.000000000000000e+00 0.000000000000000e+00 0.000000000000000e+00 0.000000000000000e+00 0.000000000000000e+00 0.000000000000000e+00 0.000000000000000e+00 0.000000000000000e+00 0.000000000000000e+00
 0.000000000000000e+00 0.000000000000000e+00 0.000000000000000e+00 0.000000000000000e+00 0.000000000000000e+00 0.000000000000000e+00 0.000000000000000e+00 0.000000000000000e+00 0.000000000000000e+00 0.000000000000000e+00
 0.000000000000000e+00 0.000000000000000e+00 0.000000000000000e+00 0.000000000000000e+00 0.000000000000000e+00 0.000000000000000e+00 0.000000000000000e+00 0.000000000000000e+00 0.000000000000000e+00 0.000000000000000e+00
 0.000000000000000e+00 0.000000000000000e+00 0.000000000000000e+00 0.000000000000000e+00 0.000000000000000e+00 0.000000000000000e+00 0.000000000000000e+00 0.000000000000000e+00 0.000000000000000e+00 0.000000000000000e+00
 0.000000000000000e+00 0.000000000000000e+00 0.000000000000000e+00 0.000000000000000e+00 0.000000000000000e+00 0.000000000000000e+00 0.000000000000000e+00 0.000000000000000e+00 0.000000000000000e+00 0.000000000000000e+00
 0.000000000000000e+00 0.000000000000000e+00 0.000000000000000e+00 0.000000000000000e+00 0.000000000000000e+00 0.000000000000000e+00 0.000000000000000e+00 0.000000000000000e+00 0.000000000000000e+00 0.000000000000000e+00
 0.000000000000000e+00 0.000000000000000e+00 0.000000000000000e+00 0.000000000000000e+00 0.000000000000000e+00 0.000000000000000e+00 0.000000000000000e+00 0.000000000000000e+00 0.000000000000000e+00 0.000000000000000e+00
 0.000000000000000e+00 0.000000000000000e+00 0.000000000000000e+00 0.000000000000000e+00 0.000000000000000e+00 0.000000000000000e+00 0.000000000000000e+00 0.000000000000000e+00 0.000000000000000e+00 0.000000000000000e+00
 0.000000000000000e+00 0.000000000000000e+00 0.000000000000000e+00 0.000000000000000e+00 0.000000000000000e+00 0.000000000000000e+00 0.000000000000000e+00 0.000000000000000e+00 0.000000000000000e+00 0.000000000000000e+00
 0.000000000000000e+00 0.000000000000000e+00 0.000000000000000e+00 0.000000000000000e+00 0.000000000000000e+00 0.000000000000000e+00 0.000000000000000e+00 0.000000000000000e+00 0.000000000000000e+00 0.000000000000000e+00
 0.000000000000000e+00 0.000000000000000e+00 0.000000000000000e+00 0.000000000000000e+00 0.000000000000000e+00 0.000000000000000e+00 0.000000000000000e+00 0.000000000000000e+00 0.000000000000000e+00 0.000000000000000e+00
 0.000000000000000e+00 0.000000000000000e+00 0.000000000000000e+00 0.000000000000000e+00 0.000000000000000e+00 0.000000000000000e+00 0.000000000000000e+00 0.000000000000000e+00 0.000000000000000e+00 0.000000000000000e+00
 0.000000000000000e+00 0.000000000000000e+00 0.000000000000000e+00 0.000000000000000e+00 0.000000000000000e+00 0.000000000000000e+00 0.000000000000000e+00 0.000000000000000e+00 0.000000000000000e+00 0.000000000000000e+00
 0.000000000000000e+00 0.000000000000000e+00 0.000000000000000e+00 0.000000000000000e+00 0.000000000000000e+00 0.000000000000000e+00 0.000000000000000e+00 0.000000000000000e+00 0.000000000000000e+00 0.000000000000000e+00
 0.000000000000000e+00 0.000000000000000e+00 0.000000000000000e+00 0.000000000000000e+00 0.000000000000000e+00 0.000000000000000e+00 0.000000000000000e+00 0.000000000000000e+00 0.000000000000000e+00 0.000000000000000e+00
 0.000000000000000e+00 0.000000000000000e+00 0.000000000000000e+00 0.000000000000000e+00 0.000000000000000e+00 0.000000000000000e+00 0.000000000000000e+00 0.000000000000000e+00 0.000000000000000e+00 0.000000000000000e+00
 0.000000000000000e+00 0.000000000000000e+00 0.000000000000000e+00 0.000000000000000e+00 0.000000000000000e+00 0.000000000000000e+00 0.000000000000000e+00 0.000000000000000e+00 0.000000000000000e+00 0.000000000000000e+00
 0.000000000000000e+00 0.000000000000000e+00 0.000000000000000e+00 0.000000000000000e+00 0.000000000000000e+00 0.000000000000000e+00 0.000000000000000e+00 0.000000000000000e+00 0.000000000000000e+00 0.000000000000000e+00
 0.000000000000000e+00 0.000000000000000e+00 0.000000000000000e+00 0.000000000000000e+00 0.000000000000000e+00 0.000000000000000e+00 0.000000000000000e+00 0.000000000000000e+00 0.000000000000000e+00 0.000000000000000e+00
 0.000000000000000e+00 0.000000000000000e+00 0.000000000000000e+00 0.000000000000000e+00 0.000000000000000e+00 0.000000000000000e+00 0.000000000000000e+00 0.000000000000000e+00 0.000000000000000e+00 0.000000000000000e+00
 0.000000000000000e+00 0.000000000000000e+00 0.000000000000000e+00 0.000000000000000e+00 0.000000000000000e+00 0.000000000000000e+00 0.000000000000000e+00 0.000000000000000e+00 0.000000000000000e+00 0.000000000000000e+00
 0.000000000000000e+00 0.000000000000000e+00 0.000000000000000e+00 0.000000000000000e+00 0.000000000000000e+00 0.000000000000000e+00 0.000000000000000e+00 0.000000000000000e+00 0.000000000000000e+00 0.000000000000000e+00
 0.000000000000000e+00 0.000000000000000e+00 0.000000000000000e+00 0.000000000000000e+00 0.000000000000000e+00 0.000000000000000e+00 0.000000000000000e+00 0.000000000000000e+00 0.000000000000000e+00 0.000000000000000e+00
 0.000000000000000e+00 0.000000000000000e+00 0.000000000000000e+00 0.000000000000000e+00 0.000000000000000e+00 0.000000000000000e+00 0.000000000000000e+00 0.000000000000000e+00 0.000000000000000e+00 0.000000000000000e+00
 0.000000000000000e+00 0.000000000000000e+00 0.000000000000000e+00 0.000000000000000e+00 0.000000000000000e+00 0.000000000000000e+00 0.000000000000000e+00 0.000000000000000e+00 0.000000000000000e+00 0.000000000000000e+00
 0.000000000000000e+00 0.000000000000000e+00 0.000000000000000e+00 0.000000000000000e+00 0.000000000000000e+00 0.000000000000000e+00 0.000000000000000e+00 0.000000000000000e+00 0.000000000000000e+00 0.000000000000000e+00
 0.000000000000000e+00 0.000000000000000e+00 0.000000000000000e+00 0.000000000000000e+00 0.000000000000000e+00 0.000000000000000e+00 0.000000000000000e+00 0.000000000000000e+00 0.000000000000000e+00 0.000000000000000e+00
 0.000000000000000e+00 0.000000000000000e+00 0.000000000000000e+00 0.000000000000000e+00 0.000000000000000e+00 0.000000000000000e+00 0.000000000000000e+00 0.000000000000000e+00 0.000000000000000e+00 0.000000000000000e+00
 0.000000000000000e+00 0.000000000000000e+00 0.000000000000000e+00 0.000000000000000e+00 0.000000000000000e+00 0.000000000000000e+00 0.000000000000000e+00 0.000000000000000e+00 0.000000000000000e+00 0.000000000000000e+00
 0.000000000000000e+00 0.000000000000000e+00 0.000000000000000e+00 0.000000000000000e+00 0.000000000000000e+00 0.000000000000000e+00 0.000000000000000e+00 0.000000000000000e+00 0.000000000000000e+00 0.000000000000000e+00
 0.000000000000000e+00 0.000000000000000e+00 0.000000000000000e+00 0.000000000000000e+00 0.000000000000000e+00 0.000000000000000e+00 0.000000000000000e+00 0.000000000000000e+00 0.000000000000000e+00 0.000000000000000e+00
 0.000000000000000e+00 0.000000000000000e+00 0.000000000000000e+00 0.000000000000000e+00 0.000000000000000e+00 0.000000000000000e+00 0.000000000000000e+00 0.000000000000000e+00 0.000000000000000e+00 0.000000000000000e+00
 0.000000000000000e+00 0.000000000000000e+00 0.000000000000000e+00 0.000000000000000e+00 0.000000000000000e+00 0.000000000000000e+00 0.000000000000000e+00 0.000000000000000e+00 0.000000000000000e+00 0.000000000000000e+00
 0.000000000000000e+00 0.000000000000000e+00 0.000000000000000e+00 0.000000000000000e+00 0.000000000000000e+00 0.000000000000000e+00 0.000000000000000e+00 0.000000000000000e+00 0.000000000000000e+00 0.000000000000000e+00
 0.000000000000000e+00 0.000000000000000e+00 0.000000000000000e+00 0.000000000000000e+00 0.000000000000000e+00 0.000000000000000e+00 0.000000000000000e+00 0.000000000000000e+00 0.000000000000000e+00 0.000000000000000e+00
 0.000000000000000e+00 0.000000000000000e+00 0.000000000000000e+00 0.000000000000000e+00 0.000000000000000e+00 0.000000000000000e+00 0.000000000000000e+00 0.000000000000000e+00 0.000000000000000e+00 0.000000000000000e+00
 0.000000000000000e+00 0.000000000000000e+00 0.000000000000000e+00 0.000000000000000e+00 0.000000000000000e+00 0.000000000000000e+00 0.000000000000000e+00 0.000000000000000e+00 0.000000000000000e+00 0.000000000000000e+00
 0.000000000000000e+00 0.000000000000000e+00 0.000000000000000e+00 0.000000000000000e+00 0.000000000000000e+00 0.000000000000000e+00 0.000000000000000e+00 0.000000000000000e+00 0.000000000000000e+00 0.000000000000000e+00
 0.000000000000000e+00 0.000000000000000e+00 0.000000000000000e+00 0.000000000000000e+00 0.000000000000000e+00 0.000000000000000e+00 0.000000000000000e+00 0.000000000000000e+00 0.000000000000000e+00 0.000000000000000e+00
 0.000000000000000e+00 0.000000000000000e+00 0.000000000000000e+00 0.000000000000000e+00 0.000000000000000e+00 0.000000000000000e+00 0.000000000000000e+00 0.000000000000000e+00 0.000000000000000e+00 0.000000000000000e+00
 0.000000000000000e+00 0.000000000000000e+00 0.000000000000000e+00 0.000000000000000e+00 0.000000000000000e+00 0.000000000000000e+00 0.000000000000000e+00 0.000000000000000e+00 0.000000000000000e+00 0.000000000000000e+00
 0.000000000000000e+00 0.000000000000000e+00 0.000000000000000e+00 0.000000000000000e+00 0.000000000000000e+00 0.000000000000000e+00 0.000000000000000e+00 0.000000000000000e+00 0.000000000000000e+00 0.000000000000000e+00
 0.000000000000000e+00 0.000000000000000e+00 0.000000000000000e+00 0.000000000000000e+00 0.000000000000000e+00 0.000000000000000e+00 0.000000000000000e+00 0.000000000000000e+00 0.000000000000000e+00 0.000000000000000e+00
 0.000000000000000e+00 0.000000000000000e+00 0.000000000000000e+00 0.000000000000000e+00 0.000000000000000e+00 0.000000000000000e+00 0.000000000000000e+00 0.000000000000000e+00 0.000000000000000e+00 0.000000000000000e+00
 0.000000000000000e+00 0.000000000000000e+00 0.000000000000000e+00 0.000000000000000e+00 0.000000000000000e+00 0.000000000000000e+00 0.000000000000000e+00 0.000000000000000e+00 0.000000000000000e+00 0.000000000000000e+00
 0.000000000000000e+00 0.000000000000000e+00 0.000000000000000e+00 0.000000000000000e+00 0.000000000000000e+00 0.000000000000000e+00 0.000000000000000e+00 0.000000000000000e+00 0.000000000000000e+00 0.000000000000000e+00
 0.000000000000000e+00 0.000000000000000e+00 0.000000000000000e+00 0.000000000000000e+00 0.000000000000000e+00 0.000000000000000e+00 0.000000000000000e+00 0.000000000000000e+00 0.000000000000000e+00 0.000000000000000e+00
 0.000000000000000e+00 0.000000000000000e+00 0.000000000000000e+00 0.000000000000000e+00 0.000000000000000e+00 0.000000000000000e+00 0.000000000000000e+00 0.000000000000000e+00 0.000000000000000e+00 0.000000000000000e+00
 0.000000000000000e+00 0.000000000000000e+00 0.000000000000000e+00 0.000000000000000e+00 0.000000000000000e+00 0.000000000000000e+00 0.000000000000000e+00 0.000000000000000e+00 0.000000000000000e+00 0.000000000000000e+00
 0.000000000000000e+00 0.000000000000000e+00 0.000000000000000e+00 0.000000000000000e+00 0.000000000000000e+00 0.000000000000000e+00 0.000000000000000e+00 0.000000000000000e+00 0.000000000000000e+00 0.000000000000000e+00
 0.000000000000000e+00 0.000000000000000e+00 0.000000000000000e+00 0.000000000000000e+00 0.000000000000000e+00 0.000000000000000e+00 0.000000000000000e+00 0.000000000000000e+00 0.000000000000000e+00 0.000000000000000e+00
 0.000000000000000e+00 0.000000000000000e+00 0.000000000000000e+00 0.000000000000000e+00 0.000000000000000e+00 0.000000000000000e+00 0.000000000000000e+00 0.000000000000000e+00 0.000000000000000e+00 0.000000000000000e+00
 0.000000000000000e+00 0.000000000000000e+00 0.000000000000000e+00 0.000000000000000e+00 0.000000000000000e+00 0.000000000000000e+00 0.000000000000000e+00 0.000000000000000e+00 0.000000000000000e+00 0.000000000000000e+00
 0.000000000000000e+00 0.000000000000000e+00 0.000000000000000e+00 0.000000000000000e+00 0.000000000000000e+00 0.000000000000000e+00 0.000000000000000e+00 0.000000000000000e+00 0.000000000000000e+00 0.000000000000000e+00
 0.000000000000000e+00 0.000000000000000e+00 0.000000000000000e+00 0.000000000000000e+00 0.000000000000000e+00 0.000000000000000e+00 0.000000000000000e+00 0.000000000000000e+00 0.000000000000000e+00 0.000000000000000e+00
 0.000000000000000e+00 0.000000000000000e+00 0.000000000000000e+00 0.000000000000000e+00 0.000000000000000e+00 0.000000000000000e+00 0.000000000000000e+00 0.000000000000000e+00 0.000000000000000e+00 0.000000000000000e+00
 0.000000000000000e+00 0.000000000000000e+00 0.000000000000000e+00 0.000000000000000e+00 0.000000000000000e+00 0.000000000000000e+00 0.000000000000000e+00 0.000000000000000e+00 0.000000000000000e+00 0.000000000000000e+00
 0.000000000000000e+00 0.000000000000000e+00 0.000000000000000e+00 0.000000000000000e+00 0.000000000000000e+00 0.000000000000000e+00 0.000000000000000e+00 0.000000000000000e+00 0.000000000000000e+00 0.000000000000000e+00
 0.000000000000000e+00 0.000000000000000e+00 0.000000000000000e+00 0.000000000000000e+00 0.000000000000000e+00 0.000000000000000e+00 0.000000000000000e+00 0.000000000000000e+00 0.000000000000000e+00 0.000000000000000e+00
 0.000000000000000e+00 0.000000000000000e+00 0.000000000000000e+00 0.000000000000000e+00 0.000000000000000e+00 0.000000000000000e+00 0.000000000000000e+00 0.000000000000000e+00 0.000000000000000e+00 0.000000000000000e+00
 0.000000000000000e+00 0.000000000000000e+00 0.000000000000000e+00 0.000000000000000e+00 0.000000000000000e+00 0.000000000000000e+00 0.000000000000000e+00 0.000000000000000e+00 0.000000000000000e+00 0.000000000000000e+00
 0.000000000000000e+00 0.000000000000000e+00 0.000000000000000e+00 0.000000000000000e+00 0.000000000000000e+00 0.000000000000000e+00 0.000000000000000e+00 0.000000000000000e+00 0.000000000000000e+00 0.000000000000000e+00
 0.000000000000000e+00 0.000000000000000e+00 0.000000000000000e+00 0.000000000000000e+00 0.000000000000000e+00 0.000000000000000e+00 0.000000000000000e+00 0.000000000000000e+00 0.000000000000000e+00 0.000000000000000e+00
 0.000000000000000e+00 0.000000000000000e+00 0.000000000000000e+00 0.000000000000000e+00 0.000000000000000e+00 0.000000000000000e+00 0.000000000000000e+00 0.000000000000000e+00 0.000000000000000e+00 0.000000000000000e+00
 0.000000000000000e+00 0.000000000000000e+00 0.000000000000000e+00 0.000000000000000e+00 0.000000000000000e+00 0.000000000000000e+00 0.000000000000000e+00 0.000000000000000e+00 0.000000000000000e+00 0.000000000000000e+00
 0.000000000000000e+00 0.000000000000000e+00 0.000000000000000e+00 0.000000000000000e+00 0.000000000000000e+00 0.000000000000000e+00 0.000000000000000e+00 0.000000000000000e+00 0.000000000000000e+00 0.000000000000000e+00
 0.000000000000000e+00 0.000000000000000e+00 0.000000000000000e+00 0.000000000000000e+00 0.000000000000000e+00 0.000000000000000e+00 0.000000000000000e+00 0.000000000000000e+00 0.000000000000000e+00 0.000000000000000e+00
 0.000000000000000e+00 0.000000000000000e+00 0.000000000000000e+00 0.000000000000000e+00 0.000000000000000e+00 0.000000000000000e+00 0.000000000000000e+00 0.000000000000000e+00 0.000000000000000e+00 0.000000000000000e+00
 0.000000000000000e+00 0.000000000000000e+00 0.000000000000000e+00 0.000000000000000e+00 0.000000000000000e+00 0.000000000000000e+00 0.000000000000000e+00 0.000000000000000e+00 0.000000000000000e+00 0.000000000000000e+00
 0.000000000000000e+00 0.000000000000000e+00 0.000000000000000e+00 0.000000000000000e+00 0.000000000000000e+00 0.000000000000000e+00 0.000000000000000e+00 0.000000000000000e+00 0.000000000000000e+00 0.000000000000000e+00
 0.000000000000000e+00 0.000000000000000e+00 0.000000000000000e+00 0.000000000000000e+00 0.000000000000000e+00 0.000000000000000e+00 0.000000000000000e+00 0.000000000000000e+00 0.000000000000000e+00 0.000000000000000e+00
 0.000000000000000e+00 0.000000000000000e+00 0.000000000000000e+00 0.000000000000000e+00 0.000000000000000e+00 0.000000000000000e+00 0.000000000000000e+00 0.000000000000000e+00 0.000000000000000e+00 0.000000000000000e+00
 0.000000000000000e+00 0.000000000000000e+00 0.000000000000000e+00 0.000000000000000e+00 0.000000000000000e+00 0.000000000000000e+00 0.000000000000000e+00 0.000000000000000e+00 0.000000000000000e+00 0.000000000000000e+00

    }
  }

  Dataset ("AluminumActiveConcentration") {
    function  = AluminumActiveConcentration
    type      = scalar
    dimension = 1
    location  = vertex
    validity  = [ "p_plus" ]
    Values (1300) {
 1.000000000000005e+19 1.000000000000005e+19 1.000000000000005e+19 1.000000000000005e+19 1.000000000000005e+19 1.000000000000005e+19 1.000000000000005e+19 1.000000000000005e+19 1.000000000000005e+19 1.000000000000005e+19
 1.000000000000005e+19 1.000000000000005e+19 1.000000000000005e+19 1.000000000000005e+19 1.000000000000005e+19 1.000000000000005e+19 1.000000000000005e+19 1.000000000000005e+19 1.000000000000005e+19 1.000000000000005e+19
 1.000000000000005e+19 1.000000000000005e+19 1.000000000000005e+19 1.000000000000005e+19 1.000000000000005e+19 1.000000000000005e+19 1.000000000000005e+19 1.000000000000005e+19 1.000000000000005e+19 1.000000000000005e+19
 1.000000000000005e+19 1.000000000000005e+19 1.000000000000005e+19 1.000000000000005e+19 1.000000000000005e+19 1.000000000000005e+19 1.000000000000005e+19 1.000000000000005e+19 1.000000000000005e+19 1.000000000000005e+19
 1.000000000000005e+19 1.000000000000005e+19 1.000000000000005e+19 1.000000000000005e+19 1.000000000000005e+19 1.000000000000005e+19 1.000000000000005e+19 1.000000000000005e+19 1.000000000000005e+19 1.000000000000005e+19
 1.000000000000005e+19 1.000000000000005e+19 1.000000000000005e+19 1.000000000000005e+19 1.000000000000005e+19 1.000000000000005e+19 1.000000000000005e+19 1.000000000000005e+19 1.000000000000005e+19 1.000000000000005e+19
 1.000000000000005e+19 1.000000000000005e+19 1.000000000000005e+19 1.000000000000005e+19 1.000000000000005e+19 1.000000000000005e+19 1.000000000000005e+19 1.000000000000005e+19 1.000000000000005e+19 1.000000000000005e+19
 1.000000000000005e+19 1.000000000000005e+19 1.000000000000005e+19 1.000000000000005e+19 1.000000000000005e+19 1.000000000000005e+19 1.000000000000005e+19 1.000000000000005e+19 1.000000000000005e+19 1.000000000000005e+19
 1.000000000000005e+19 1.000000000000005e+19 1.000000000000005e+19 1.000000000000005e+19 1.000000000000005e+19 1.000000000000005e+19 1.000000000000005e+19 1.000000000000005e+19 1.000000000000005e+19 1.000000000000005e+19
 1.000000000000005e+19 1.000000000000005e+19 1.000000000000005e+19 1.000000000000005e+19 1.000000000000005e+19 1.000000000000005e+19 1.000000000000005e+19 1.000000000000005e+19 1.000000000000005e+19 1.000000000000005e+19
 1.000000000000005e+19 1.000000000000005e+19 1.000000000000005e+19 1.000000000000005e+19 1.000000000000005e+19 1.000000000000005e+19 1.000000000000005e+19 1.000000000000005e+19 1.000000000000005e+19 1.000000000000005e+19
 1.000000000000005e+19 1.000000000000005e+19 1.000000000000005e+19 1.000000000000005e+19 1.000000000000005e+19 1.000000000000005e+19 1.000000000000005e+19 1.000000000000005e+19 1.000000000000005e+19 1.000000000000005e+19
 1.000000000000005e+19 1.000000000000005e+19 1.000000000000005e+19 1.000000000000005e+19 1.000000000000005e+19 1.000000000000005e+19 1.000000000000005e+19 1.000000000000005e+19 1.000000000000005e+19 1.000000000000005e+19
 1.000000000000005e+19 1.000000000000005e+19 1.000000000000005e+19 1.000000000000005e+19 1.000000000000005e+19 1.000000000000005e+19 1.000000000000005e+19 1.000000000000005e+19 1.000000000000005e+19 1.000000000000005e+19
 1.000000000000005e+19 1.000000000000005e+19 1.000000000000005e+19 1.000000000000005e+19 1.000000000000005e+19 1.000000000000005e+19 1.000000000000005e+19 1.000000000000005e+19 1.000000000000005e+19 1.000000000000005e+19
 1.000000000000005e+19 1.000000000000005e+19 1.000000000000005e+19 1.000000000000005e+19 1.000000000000005e+19 1.000000000000005e+19 1.000000000000005e+19 1.000000000000005e+19 1.000000000000005e+19 1.000000000000005e+19
 1.000000000000005e+19 1.000000000000005e+19 1.000000000000005e+19 1.000000000000005e+19 1.000000000000005e+19 1.000000000000005e+19 1.000000000000005e+19 1.000000000000005e+19 1.000000000000005e+19 1.000000000000005e+19
 1.000000000000005e+19 1.000000000000005e+19 1.000000000000005e+19 1.000000000000005e+19 1.000000000000005e+19 1.000000000000005e+19 1.000000000000005e+19 1.000000000000005e+19 1.000000000000005e+19 1.000000000000005e+19
 1.000000000000005e+19 1.000000000000005e+19 1.000000000000005e+19 1.000000000000005e+19 1.000000000000005e+19 1.000000000000005e+19 1.000000000000005e+19 1.000000000000005e+19 1.000000000000005e+19 1.000000000000005e+19
 1.000000000000005e+19 1.000000000000005e+19 1.000000000000005e+19 1.000000000000005e+19 1.000000000000005e+19 1.000000000000005e+19 1.000000000000005e+19 1.000000000000005e+19 1.000000000000005e+19 1.000000000000005e+19
 1.000000000000005e+19 1.000000000000005e+19 1.000000000000005e+19 1.000000000000005e+19 1.000000000000005e+19 1.000000000000005e+19 1.000000000000005e+19 1.000000000000005e+19 1.000000000000005e+19 1.000000000000005e+19
 1.000000000000005e+19 1.000000000000005e+19 1.000000000000005e+19 1.000000000000005e+19 1.000000000000005e+19 1.000000000000005e+19 1.000000000000005e+19 1.000000000000005e+19 1.000000000000005e+19 1.000000000000005e+19
 1.000000000000005e+19 1.000000000000005e+19 1.000000000000005e+19 1.000000000000005e+19 1.000000000000005e+19 1.000000000000005e+19 1.000000000000005e+19 1.000000000000005e+19 1.000000000000005e+19 1.000000000000005e+19
 1.000000000000005e+19 1.000000000000005e+19 1.000000000000005e+19 1.000000000000005e+19 1.000000000000005e+19 1.000000000000005e+19 1.000000000000005e+19 1.000000000000005e+19 1.000000000000005e+19 1.000000000000005e+19
 1.000000000000005e+19 1.000000000000005e+19 1.000000000000005e+19 1.000000000000005e+19 1.000000000000005e+19 1.000000000000005e+19 1.000000000000005e+19 1.000000000000005e+19 1.000000000000005e+19 1.000000000000005e+19
 1.000000000000005e+19 1.000000000000005e+19 1.000000000000005e+19 1.000000000000005e+19 1.000000000000005e+19 1.000000000000005e+19 1.000000000000005e+19 1.000000000000005e+19 1.000000000000005e+19 1.000000000000005e+19
 1.000000000000005e+19 1.000000000000005e+19 1.000000000000005e+19 1.000000000000005e+19 1.000000000000005e+19 1.000000000000005e+19 1.000000000000005e+19 1.000000000000005e+19 1.000000000000005e+19 1.000000000000005e+19
 1.000000000000005e+19 1.000000000000005e+19 1.000000000000005e+19 1.000000000000005e+19 1.000000000000005e+19 1.000000000000005e+19 1.000000000000005e+19 1.000000000000005e+19 1.000000000000005e+19 1.000000000000005e+19
 1.000000000000005e+19 1.000000000000005e+19 1.000000000000005e+19 1.000000000000005e+19 1.000000000000005e+19 1.000000000000005e+19 1.000000000000005e+19 1.000000000000005e+19 1.000000000000005e+19 1.000000000000005e+19
 1.000000000000005e+19 1.000000000000005e+19 1.000000000000005e+19 1.000000000000005e+19 1.000000000000005e+19 1.000000000000005e+19 1.000000000000005e+19 1.000000000000005e+19 1.000000000000005e+19 1.000000000000005e+19
 1.000000000000005e+19 1.000000000000005e+19 1.000000000000005e+19 1.000000000000005e+19 1.000000000000005e+19 1.000000000000005e+19 1.000000000000005e+19 1.000000000000005e+19 1.000000000000005e+19 1.000000000000005e+19
 1.000000000000005e+19 1.000000000000005e+19 1.000000000000005e+19 1.000000000000005e+19 1.000000000000005e+19 1.000000000000005e+19 1.000000000000005e+19 1.000000000000005e+19 1.000000000000005e+19 1.000000000000005e+19
 1.000000000000005e+19 1.000000000000005e+19 1.000000000000005e+19 1.000000000000005e+19 1.000000000000005e+19 1.000000000000005e+19 1.000000000000005e+19 1.000000000000005e+19 1.000000000000005e+19 1.000000000000005e+19
 1.000000000000005e+19 1.000000000000005e+19 1.000000000000005e+19 1.000000000000005e+19 1.000000000000005e+19 1.000000000000005e+19 1.000000000000005e+19 1.000000000000005e+19 1.000000000000005e+19 1.000000000000005e+19
 1.000000000000005e+19 1.000000000000005e+19 1.000000000000005e+19 1.000000000000005e+19 1.000000000000005e+19 1.000000000000005e+19 1.000000000000005e+19 1.000000000000005e+19 1.000000000000005e+19 1.000000000000005e+19
 1.000000000000005e+19 1.000000000000005e+19 1.000000000000005e+19 1.000000000000005e+19 1.000000000000005e+19 1.000000000000005e+19 1.000000000000005e+19 1.000000000000005e+19 1.000000000000005e+19 1.000000000000005e+19
 1.000000000000005e+19 1.000000000000005e+19 1.000000000000005e+19 1.000000000000005e+19 1.000000000000005e+19 1.000000000000005e+19 1.000000000000005e+19 1.000000000000005e+19 1.000000000000005e+19 1.000000000000005e+19
 1.000000000000005e+19 1.000000000000005e+19 1.000000000000005e+19 1.000000000000005e+19 1.000000000000005e+19 1.000000000000005e+19 1.000000000000005e+19 1.000000000000005e+19 1.000000000000005e+19 1.000000000000005e+19
 1.000000000000005e+19 1.000000000000005e+19 1.000000000000005e+19 1.000000000000005e+19 1.000000000000005e+19 1.000000000000005e+19 1.000000000000005e+19 1.000000000000005e+19 1.000000000000005e+19 1.000000000000005e+19
 1.000000000000005e+19 1.000000000000005e+19 1.000000000000005e+19 1.000000000000005e+19 1.000000000000005e+19 1.000000000000005e+19 1.000000000000005e+19 1.000000000000005e+19 1.000000000000005e+19 1.000000000000005e+19
 1.000000000000005e+19 1.000000000000005e+19 1.000000000000005e+19 1.000000000000005e+19 1.000000000000005e+19 1.000000000000005e+19 1.000000000000005e+19 1.000000000000005e+19 1.000000000000005e+19 1.000000000000005e+19
 1.000000000000005e+19 1.000000000000005e+19 1.000000000000005e+19 1.000000000000005e+19 1.000000000000005e+19 1.000000000000005e+19 1.000000000000005e+19 1.000000000000005e+19 1.000000000000005e+19 1.000000000000005e+19
 1.000000000000005e+19 1.000000000000005e+19 1.000000000000005e+19 1.000000000000005e+19 1.000000000000005e+19 1.000000000000005e+19 1.000000000000005e+19 1.000000000000005e+19 1.000000000000005e+19 1.000000000000005e+19
 1.000000000000005e+19 1.000000000000005e+19 1.000000000000005e+19 1.000000000000005e+19 1.000000000000005e+19 1.000000000000005e+19 1.000000000000005e+19 1.000000000000005e+19 1.000000000000005e+19 1.000000000000005e+19
 1.000000000000005e+19 1.000000000000005e+19 1.000000000000005e+19 1.000000000000005e+19 1.000000000000005e+19 1.000000000000005e+19 1.000000000000005e+19 1.000000000000005e+19 1.000000000000005e+19 1.000000000000005e+19
 1.000000000000005e+19 1.000000000000005e+19 1.000000000000005e+19 1.000000000000005e+19 1.000000000000005e+19 1.000000000000005e+19 1.000000000000005e+19 1.000000000000005e+19 1.000000000000005e+19 1.000000000000005e+19
 1.000000000000005e+19 1.000000000000005e+19 1.000000000000005e+19 1.000000000000005e+19 1.000000000000005e+19 1.000000000000005e+19 1.000000000000005e+19 1.000000000000005e+19 1.000000000000005e+19 1.000000000000005e+19
 1.000000000000005e+19 1.000000000000005e+19 1.000000000000005e+19 1.000000000000005e+19 1.000000000000005e+19 1.000000000000005e+19 1.000000000000005e+19 1.000000000000005e+19 1.000000000000005e+19 1.000000000000005e+19
 1.000000000000005e+19 1.000000000000005e+19 1.000000000000005e+19 1.000000000000005e+19 1.000000000000005e+19 1.000000000000005e+19 1.000000000000005e+19 1.000000000000005e+19 1.000000000000005e+19 1.000000000000005e+19
 1.000000000000005e+19 1.000000000000005e+19 1.000000000000005e+19 1.000000000000005e+19 1.000000000000005e+19 1.000000000000005e+19 1.000000000000005e+19 1.000000000000005e+19 1.000000000000005e+19 1.000000000000005e+19
 1.000000000000005e+19 1.000000000000005e+19 1.000000000000005e+19 1.000000000000005e+19 1.000000000000005e+19 1.000000000000005e+19 1.000000000000005e+19 1.000000000000005e+19 1.000000000000005e+19 1.000000000000005e+19
 1.000000000000005e+19 1.000000000000005e+19 1.000000000000005e+19 1.000000000000005e+19 1.000000000000005e+19 1.000000000000005e+19 1.000000000000005e+19 1.000000000000005e+19 1.000000000000005e+19 1.000000000000005e+19
 1.000000000000005e+19 1.000000000000005e+19 1.000000000000005e+19 1.000000000000005e+19 1.000000000000005e+19 1.000000000000005e+19 1.000000000000005e+19 1.000000000000005e+19 1.000000000000005e+19 1.000000000000005e+19
 1.000000000000005e+19 1.000000000000005e+19 1.000000000000005e+19 1.000000000000005e+19 1.000000000000005e+19 1.000000000000005e+19 1.000000000000005e+19 1.000000000000005e+19 1.000000000000005e+19 1.000000000000005e+19
 1.000000000000005e+19 1.000000000000005e+19 1.000000000000005e+19 1.000000000000005e+19 1.000000000000005e+19 1.000000000000005e+19 1.000000000000005e+19 1.000000000000005e+19 1.000000000000005e+19 1.000000000000005e+19
 1.000000000000005e+19 1.000000000000005e+19 1.000000000000005e+19 1.000000000000005e+19 1.000000000000005e+19 1.000000000000005e+19 1.000000000000005e+19 1.000000000000005e+19 1.000000000000005e+19 1.000000000000005e+19
 1.000000000000005e+19 1.000000000000005e+19 1.000000000000005e+19 1.000000000000005e+19 1.000000000000005e+19 1.000000000000005e+19 1.000000000000005e+19 1.000000000000005e+19 1.000000000000005e+19 1.000000000000005e+19
 1.000000000000005e+19 1.000000000000005e+19 1.000000000000005e+19 1.000000000000005e+19 1.000000000000005e+19 1.000000000000005e+19 1.000000000000005e+19 1.000000000000005e+19 1.000000000000005e+19 1.000000000000005e+19
 1.000000000000005e+19 1.000000000000005e+19 1.000000000000005e+19 1.000000000000005e+19 1.000000000000005e+19 1.000000000000005e+19 1.000000000000005e+19 1.000000000000005e+19 1.000000000000005e+19 1.000000000000005e+19
 1.000000000000005e+19 1.000000000000005e+19 1.000000000000005e+19 1.000000000000005e+19 1.000000000000005e+19 1.000000000000005e+19 1.000000000000005e+19 1.000000000000005e+19 1.000000000000005e+19 1.000000000000005e+19
 1.000000000000005e+19 1.000000000000005e+19 1.000000000000005e+19 1.000000000000005e+19 1.000000000000005e+19 1.000000000000005e+19 1.000000000000005e+19 1.000000000000005e+19 1.000000000000005e+19 1.000000000000005e+19
 1.000000000000005e+19 1.000000000000005e+19 1.000000000000005e+19 1.000000000000005e+19 1.000000000000005e+19 1.000000000000005e+19 1.000000000000005e+19 1.000000000000005e+19 1.000000000000005e+19 1.000000000000005e+19
 1.000000000000005e+19 1.000000000000005e+19 1.000000000000005e+19 1.000000000000005e+19 1.000000000000005e+19 1.000000000000005e+19 1.000000000000005e+19 1.000000000000005e+19 1.000000000000005e+19 1.000000000000005e+19
 1.000000000000005e+19 1.000000000000005e+19 1.000000000000005e+19 1.000000000000005e+19 1.000000000000005e+19 1.000000000000005e+19 1.000000000000005e+19 1.000000000000005e+19 1.000000000000005e+19 1.000000000000005e+19
 1.000000000000005e+19 1.000000000000005e+19 1.000000000000005e+19 1.000000000000005e+19 1.000000000000005e+19 1.000000000000005e+19 1.000000000000005e+19 1.000000000000005e+19 1.000000000000005e+19 1.000000000000005e+19
 1.000000000000005e+19 1.000000000000005e+19 1.000000000000005e+19 1.000000000000005e+19 1.000000000000005e+19 1.000000000000005e+19 1.000000000000005e+19 1.000000000000005e+19 1.000000000000005e+19 1.000000000000005e+19
 1.000000000000005e+19 1.000000000000005e+19 1.000000000000005e+19 1.000000000000005e+19 1.000000000000005e+19 1.000000000000005e+19 1.000000000000005e+19 1.000000000000005e+19 1.000000000000005e+19 1.000000000000005e+19
 1.000000000000005e+19 1.000000000000005e+19 1.000000000000005e+19 1.000000000000005e+19 1.000000000000005e+19 1.000000000000005e+19 1.000000000000005e+19 1.000000000000005e+19 1.000000000000005e+19 1.000000000000005e+19
 1.000000000000005e+19 1.000000000000005e+19 1.000000000000005e+19 1.000000000000005e+19 1.000000000000005e+19 1.000000000000005e+19 1.000000000000005e+19 1.000000000000005e+19 1.000000000000005e+19 1.000000000000005e+19
 1.000000000000005e+19 1.000000000000005e+19 1.000000000000005e+19 1.000000000000005e+19 1.000000000000005e+19 1.000000000000005e+19 1.000000000000005e+19 1.000000000000005e+19 1.000000000000005e+19 1.000000000000005e+19
 1.000000000000005e+19 1.000000000000005e+19 1.000000000000005e+19 1.000000000000005e+19 1.000000000000005e+19 1.000000000000005e+19 1.000000000000005e+19 1.000000000000005e+19 1.000000000000005e+19 1.000000000000005e+19
 1.000000000000005e+19 1.000000000000005e+19 1.000000000000005e+19 1.000000000000005e+19 1.000000000000005e+19 1.000000000000005e+19 1.000000000000005e+19 1.000000000000005e+19 1.000000000000005e+19 1.000000000000005e+19
 1.000000000000005e+19 1.000000000000005e+19 1.000000000000005e+19 1.000000000000005e+19 1.000000000000005e+19 1.000000000000005e+19 1.000000000000005e+19 1.000000000000005e+19 1.000000000000005e+19 1.000000000000005e+19
 1.000000000000005e+19 1.000000000000005e+19 1.000000000000005e+19 1.000000000000005e+19 1.000000000000005e+19 1.000000000000005e+19 1.000000000000005e+19 1.000000000000005e+19 1.000000000000005e+19 1.000000000000005e+19
 1.000000000000005e+19 1.000000000000005e+19 1.000000000000005e+19 1.000000000000005e+19 1.000000000000005e+19 1.000000000000005e+19 1.000000000000005e+19 1.000000000000005e+19 1.000000000000005e+19 1.000000000000005e+19
 1.000000000000005e+19 1.000000000000005e+19 1.000000000000005e+19 1.000000000000005e+19 1.000000000000005e+19 1.000000000000005e+19 1.000000000000005e+19 1.000000000000005e+19 1.000000000000005e+19 1.000000000000005e+19
 1.000000000000005e+19 1.000000000000005e+19 1.000000000000005e+19 1.000000000000005e+19 1.000000000000005e+19 1.000000000000005e+19 1.000000000000005e+19 1.000000000000005e+19 1.000000000000005e+19 1.000000000000005e+19
 1.000000000000005e+19 1.000000000000005e+19 1.000000000000005e+19 1.000000000000005e+19 1.000000000000005e+19 1.000000000000005e+19 1.000000000000005e+19 1.000000000000005e+19 1.000000000000005e+19 1.000000000000005e+19
 1.000000000000005e+19 1.000000000000005e+19 1.000000000000005e+19 1.000000000000005e+19 1.000000000000005e+19 1.000000000000005e+19 1.000000000000005e+19 1.000000000000005e+19 1.000000000000005e+19 1.000000000000005e+19
 1.000000000000005e+19 1.000000000000005e+19 1.000000000000005e+19 1.000000000000005e+19 1.000000000000005e+19 1.000000000000005e+19 1.000000000000005e+19 1.000000000000005e+19 1.000000000000005e+19 1.000000000000005e+19
 1.000000000000005e+19 1.000000000000005e+19 1.000000000000005e+19 1.000000000000005e+19 1.000000000000005e+19 1.000000000000005e+19 1.000000000000005e+19 1.000000000000005e+19 1.000000000000005e+19 1.000000000000005e+19
 1.000000000000005e+19 1.000000000000005e+19 1.000000000000005e+19 1.000000000000005e+19 1.000000000000005e+19 1.000000000000005e+19 1.000000000000005e+19 1.000000000000005e+19 1.000000000000005e+19 1.000000000000005e+19
 1.000000000000005e+19 1.000000000000005e+19 1.000000000000005e+19 1.000000000000005e+19 1.000000000000005e+19 1.000000000000005e+19 1.000000000000005e+19 1.000000000000005e+19 1.000000000000005e+19 1.000000000000005e+19
 1.000000000000005e+19 1.000000000000005e+19 1.000000000000005e+19 1.000000000000005e+19 1.000000000000005e+19 1.000000000000005e+19 1.000000000000005e+19 1.000000000000005e+19 1.000000000000005e+19 1.000000000000005e+19
 1.000000000000005e+19 1.000000000000005e+19 1.000000000000005e+19 1.000000000000005e+19 1.000000000000005e+19 1.000000000000005e+19 1.000000000000005e+19 1.000000000000005e+19 1.000000000000005e+19 1.000000000000005e+19
 1.000000000000005e+19 1.000000000000005e+19 1.000000000000005e+19 1.000000000000005e+19 1.000000000000005e+19 1.000000000000005e+19 1.000000000000005e+19 1.000000000000005e+19 1.000000000000005e+19 1.000000000000005e+19
 1.000000000000005e+19 1.000000000000005e+19 1.000000000000005e+19 1.000000000000005e+19 1.000000000000005e+19 1.000000000000005e+19 1.000000000000005e+19 1.000000000000005e+19 1.000000000000005e+19 1.000000000000005e+19
 1.000000000000005e+19 1.000000000000005e+19 1.000000000000005e+19 1.000000000000005e+19 1.000000000000005e+19 1.000000000000005e+19 1.000000000000005e+19 1.000000000000005e+19 1.000000000000005e+19 1.000000000000005e+19
 1.000000000000005e+19 1.000000000000005e+19 1.000000000000005e+19 1.000000000000005e+19 1.000000000000005e+19 1.000000000000005e+19 1.000000000000005e+19 1.000000000000005e+19 1.000000000000005e+19 1.000000000000005e+19
 1.000000000000005e+19 1.000000000000005e+19 1.000000000000005e+19 1.000000000000005e+19 1.000000000000005e+19 1.000000000000005e+19 1.000000000000005e+19 1.000000000000005e+19 1.000000000000005e+19 1.000000000000005e+19
 1.000000000000005e+19 1.000000000000005e+19 1.000000000000005e+19 1.000000000000005e+19 1.000000000000005e+19 1.000000000000005e+19 1.000000000000005e+19 1.000000000000005e+19 1.000000000000005e+19 1.000000000000005e+19
 1.000000000000005e+19 1.000000000000005e+19 1.000000000000005e+19 1.000000000000005e+19 1.000000000000005e+19 1.000000000000005e+19 1.000000000000005e+19 1.000000000000005e+19 1.000000000000005e+19 1.000000000000005e+19
 1.000000000000005e+19 1.000000000000005e+19 1.000000000000005e+19 1.000000000000005e+19 1.000000000000005e+19 1.000000000000005e+19 1.000000000000005e+19 1.000000000000005e+19 1.000000000000005e+19 1.000000000000005e+19
 1.000000000000005e+19 1.000000000000005e+19 1.000000000000005e+19 1.000000000000005e+19 1.000000000000005e+19 1.000000000000005e+19 1.000000000000005e+19 1.000000000000005e+19 1.000000000000005e+19 1.000000000000005e+19
 1.000000000000005e+19 1.000000000000005e+19 1.000000000000005e+19 1.000000000000005e+19 1.000000000000005e+19 1.000000000000005e+19 1.000000000000005e+19 1.000000000000005e+19 1.000000000000005e+19 1.000000000000005e+19
 1.000000000000005e+19 1.000000000000005e+19 1.000000000000005e+19 1.000000000000005e+19 1.000000000000005e+19 1.000000000000005e+19 1.000000000000005e+19 1.000000000000005e+19 1.000000000000005e+19 1.000000000000005e+19
 1.000000000000005e+19 1.000000000000005e+19 1.000000000000005e+19 1.000000000000005e+19 1.000000000000005e+19 1.000000000000005e+19 1.000000000000005e+19 1.000000000000005e+19 1.000000000000005e+19 1.000000000000005e+19
 1.000000000000005e+19 1.000000000000005e+19 1.000000000000005e+19 1.000000000000005e+19 1.000000000000005e+19 1.000000000000005e+19 1.000000000000005e+19 1.000000000000005e+19 1.000000000000005e+19 1.000000000000005e+19
 1.000000000000005e+19 1.000000000000005e+19 1.000000000000005e+19 1.000000000000005e+19 1.000000000000005e+19 1.000000000000005e+19 1.000000000000005e+19 1.000000000000005e+19 1.000000000000005e+19 1.000000000000005e+19
 1.000000000000005e+19 1.000000000000005e+19 1.000000000000005e+19 1.000000000000005e+19 1.000000000000005e+19 1.000000000000005e+19 1.000000000000005e+19 1.000000000000005e+19 1.000000000000005e+19 1.000000000000005e+19
 1.000000000000005e+19 1.000000000000005e+19 1.000000000000005e+19 1.000000000000005e+19 1.000000000000005e+19 1.000000000000005e+19 1.000000000000005e+19 1.000000000000005e+19 1.000000000000005e+19 1.000000000000005e+19
 1.000000000000005e+19 1.000000000000005e+19 1.000000000000005e+19 1.000000000000005e+19 1.000000000000005e+19 1.000000000000005e+19 1.000000000000005e+19 1.000000000000005e+19 1.000000000000005e+19 1.000000000000005e+19
 1.000000000000005e+19 1.000000000000005e+19 1.000000000000005e+19 1.000000000000005e+19 1.000000000000005e+19 1.000000000000005e+19 1.000000000000005e+19 1.000000000000005e+19 1.000000000000005e+19 1.000000000000005e+19
 1.000000000000005e+19 1.000000000000005e+19 1.000000000000005e+19 1.000000000000005e+19 1.000000000000005e+19 1.000000000000005e+19 1.000000000000005e+19 1.000000000000005e+19 1.000000000000005e+19 1.000000000000005e+19
 1.000000000000005e+19 1.000000000000005e+19 1.000000000000005e+19 1.000000000000005e+19 1.000000000000005e+19 1.000000000000005e+19 1.000000000000005e+19 1.000000000000005e+19 1.000000000000005e+19 1.000000000000005e+19
 1.000000000000005e+19 1.000000000000005e+19 1.000000000000005e+19 1.000000000000005e+19 1.000000000000005e+19 1.000000000000005e+19 1.000000000000005e+19 1.000000000000005e+19 1.000000000000005e+19 1.000000000000005e+19
 1.000000000000005e+19 1.000000000000005e+19 1.000000000000005e+19 1.000000000000005e+19 1.000000000000005e+19 1.000000000000005e+19 1.000000000000005e+19 1.000000000000005e+19 1.000000000000005e+19 1.000000000000005e+19
 1.000000000000005e+19 1.000000000000005e+19 1.000000000000005e+19 1.000000000000005e+19 1.000000000000005e+19 1.000000000000005e+19 1.000000000000005e+19 1.000000000000005e+19 1.000000000000005e+19 1.000000000000005e+19
 1.000000000000005e+19 1.000000000000005e+19 1.000000000000005e+19 1.000000000000005e+19 1.000000000000005e+19 1.000000000000005e+19 1.000000000000005e+19 1.000000000000005e+19 1.000000000000005e+19 1.000000000000005e+19
 1.000000000000005e+19 1.000000000000005e+19 1.000000000000005e+19 1.000000000000005e+19 1.000000000000005e+19 1.000000000000005e+19 1.000000000000005e+19 1.000000000000005e+19 1.000000000000005e+19 1.000000000000005e+19
 1.000000000000005e+19 1.000000000000005e+19 1.000000000000005e+19 1.000000000000005e+19 1.000000000000005e+19 1.000000000000005e+19 1.000000000000005e+19 1.000000000000005e+19 1.000000000000005e+19 1.000000000000005e+19
 1.000000000000005e+19 1.000000000000005e+19 1.000000000000005e+19 1.000000000000005e+19 1.000000000000005e+19 1.000000000000005e+19 1.000000000000005e+19 1.000000000000005e+19 1.000000000000005e+19 1.000000000000005e+19
 1.000000000000005e+19 1.000000000000005e+19 1.000000000000005e+19 1.000000000000005e+19 1.000000000000005e+19 1.000000000000005e+19 1.000000000000005e+19 1.000000000000005e+19 1.000000000000005e+19 1.000000000000005e+19
 1.000000000000005e+19 1.000000000000005e+19 1.000000000000005e+19 1.000000000000005e+19 1.000000000000005e+19 1.000000000000005e+19 1.000000000000005e+19 1.000000000000005e+19 1.000000000000005e+19 1.000000000000005e+19
 1.000000000000005e+19 1.000000000000005e+19 1.000000000000005e+19 1.000000000000005e+19 1.000000000000005e+19 1.000000000000005e+19 1.000000000000005e+19 1.000000000000005e+19 1.000000000000005e+19 1.000000000000005e+19
 1.000000000000005e+19 1.000000000000005e+19 1.000000000000005e+19 1.000000000000005e+19 1.000000000000005e+19 1.000000000000005e+19 1.000000000000005e+19 1.000000000000005e+19 1.000000000000005e+19 1.000000000000005e+19
 1.000000000000005e+19 1.000000000000005e+19 1.000000000000005e+19 1.000000000000005e+19 1.000000000000005e+19 1.000000000000005e+19 1.000000000000005e+19 1.000000000000005e+19 1.000000000000005e+19 1.000000000000005e+19
 1.000000000000005e+19 1.000000000000005e+19 1.000000000000005e+19 1.000000000000005e+19 1.000000000000005e+19 1.000000000000005e+19 1.000000000000005e+19 1.000000000000005e+19 1.000000000000005e+19 1.000000000000005e+19
 1.000000000000005e+19 1.000000000000005e+19 1.000000000000005e+19 1.000000000000005e+19 1.000000000000005e+19 1.000000000000005e+19 1.000000000000005e+19 1.000000000000005e+19 1.000000000000005e+19 1.000000000000005e+19
 1.000000000000005e+19 1.000000000000005e+19 1.000000000000005e+19 1.000000000000005e+19 1.000000000000005e+19 1.000000000000005e+19 1.000000000000005e+19 1.000000000000005e+19 1.000000000000005e+19 1.000000000000005e+19
 1.000000000000005e+19 1.000000000000005e+19 1.000000000000005e+19 1.000000000000005e+19 1.000000000000005e+19 1.000000000000005e+19 1.000000000000005e+19 1.000000000000005e+19 1.000000000000005e+19 1.000000000000005e+19
 1.000000000000005e+19 1.000000000000005e+19 1.000000000000005e+19 1.000000000000005e+19 1.000000000000005e+19 1.000000000000005e+19 1.000000000000005e+19 1.000000000000005e+19 1.000000000000005e+19 1.000000000000005e+19
 1.000000000000005e+19 1.000000000000005e+19 1.000000000000005e+19 1.000000000000005e+19 1.000000000000005e+19 1.000000000000005e+19 1.000000000000005e+19 1.000000000000005e+19 1.000000000000005e+19 1.000000000000005e+19
 1.000000000000005e+19 1.000000000000005e+19 1.000000000000005e+19 1.000000000000005e+19 1.000000000000005e+19 1.000000000000005e+19 1.000000000000005e+19 1.000000000000005e+19 1.000000000000005e+19 1.000000000000005e+19
 1.000000000000005e+19 1.000000000000005e+19 1.000000000000005e+19 1.000000000000005e+19 1.000000000000005e+19 1.000000000000005e+19 1.000000000000005e+19 1.000000000000005e+19 1.000000000000005e+19 1.000000000000005e+19
 1.000000000000005e+19 1.000000000000005e+19 1.000000000000005e+19 1.000000000000005e+19 1.000000000000005e+19 1.000000000000005e+19 1.000000000000005e+19 1.000000000000005e+19 1.000000000000005e+19 1.000000000000005e+19
 1.000000000000005e+19 1.000000000000005e+19 1.000000000000005e+19 1.000000000000005e+19 1.000000000000005e+19 1.000000000000005e+19 1.000000000000005e+19 1.000000000000005e+19 1.000000000000005e+19 1.000000000000005e+19
 1.000000000000005e+19 1.000000000000005e+19 1.000000000000005e+19 1.000000000000005e+19 1.000000000000005e+19 1.000000000000005e+19 1.000000000000005e+19 1.000000000000005e+19 1.000000000000005e+19 1.000000000000005e+19
 1.000000000000005e+19 1.000000000000005e+19 1.000000000000005e+19 1.000000000000005e+19 1.000000000000005e+19 1.000000000000005e+19 1.000000000000005e+19 1.000000000000005e+19 1.000000000000005e+19 1.000000000000005e+19
 1.000000000000005e+19 1.000000000000005e+19 1.000000000000005e+19 1.000000000000005e+19 1.000000000000005e+19 1.000000000000005e+19 1.000000000000005e+19 1.000000000000005e+19 1.000000000000005e+19 1.000000000000005e+19

    }
  }

  Dataset ("DopingConcentration") {
    function  = DopingConcentration
    type      = scalar
    dimension = 1
    location  = vertex
    validity  = [ "i_layer" ]
    Values (4420) {
 -9.999994400000018e+18 5.599999999999981e+12 5.599999999999981e+12 -9.999994400000018e+18 5.599999999999981e+12 5.599999999999981e+12 5.599999999999981e+12 5.599999999999981e+12 5.599999999999981e+12 5.599999999999981e+12
 5.599999999999981e+12 5.599999999999981e+12 5.599999999999981e+12 5.599999999999981e+12 5.599999999999981e+12 5.599999999999981e+12 5.599999999999981e+12 5.599999999999981e+12 5.599999999999981e+12 5.599999999999981e+12
 5.599999999999981e+12 5.599999999999981e+12 5.599999999999981e+12 5.599999999999981e+12 5.599999999999981e+12 5.599999999999981e+12 5.599999999999981e+12 5.599999999999981e+12 5.599999999999981e+12 5.599999999999981e+12
 5.599999999999981e+12 5.599999999999981e+12 5.599999999999981e+12 5.599999999999981e+12 5.599999999999981e+12 5.599999999999981e+12 5.599999999999981e+12 5.599999999999981e+12 5.599999999999981e+12 5.599999999999981e+12
 5.599999999999981e+12 5.599999999999981e+12 5.599999999999981e+12 5.599999999999981e+12 5.599999999999981e+12 5.599999999999981e+12 5.599999999999981e+12 5.599999999999981e+12 5.599999999999981e+12 5.599999999999981e+12
 5.599999999999981e+12 5.599999999999981e+12 5.599999999999981e+12 5.599999999999981e+12 5.599999999999981e+12 5.599999999999981e+12 5.599999999999981e+12 5.599999999999981e+12 5.599999999999981e+12 5.599999999999981e+12
 5.599999999999981e+12 5.599999999999981e+12 5.599999999999981e+12 5.599999999999981e+12 5.599999999999981e+12 5.599999999999981e+12 5.599999999999981e+12 5.599999999999981e+12 5.599999999999981e+12 5.599999999999981e+12
 5.599999999999981e+12 5.599999999999981e+12 5.599999999999981e+12 5.599999999999981e+12 5.599999999999981e+12 5.599999999999981e+12 5.599999999999981e+12 5.599999999999981e+12 5.599999999999981e+12 5.599999999999981e+12
 5.599999999999981e+12 5.599999999999981e+12 5.599999999999981e+12 5.599999999999981e+12 5.599999999999981e+12 5.599999999999981e+12 5.599999999999981e+12 5.599999999999981e+12 5.599999999999981e+12 5.599999999999981e+12
 5.599999999999981e+12 5.599999999999981e+12 5.599999999999981e+12 5.599999999999981e+12 5.599999999999981e+12 5.599999999999981e+12 5.599999999999981e+12 5.599999999999981e+12 5.599999999999981e+12 5.599999999999981e+12
 5.599999999999981e+12 5.599999999999981e+12 5.599999999999981e+12 5.599999999999981e+12 -9.999994400000018e+18 5.599999999999981e+12 -9.999994400000018e+18 5.599999999999981e+12 5.599999999999981e+12 5.599999999999981e+12
 5.599999999999981e+12 5.599999999999981e+12 5.599999999999981e+12 5.599999999999981e+12 5.599999999999981e+12 5.599999999999981e+12 5.599999999999981e+12 5.599999999999981e+12 5.599999999999981e+12 5.599999999999981e+12
 5.599999999999981e+12 5.599999999999981e+12 5.599999999999981e+12 5.599999999999981e+12 5.599999999999981e+12 5.599999999999981e+12 5.599999999999981e+12 5.599999999999981e+12 5.599999999999981e+12 5.599999999999981e+12
 5.599999999999981e+12 5.599999999999981e+12 5.599999999999981e+12 5.599999999999981e+12 5.599999999999981e+12 5.599999999999981e+12 5.599999999999981e+12 5.599999999999981e+12 5.599999999999981e+12 5.599999999999981e+12
 5.599999999999981e+12 5.599999999999981e+12 5.599999999999981e+12 5.599999999999981e+12 5.599999999999981e+12 5.599999999999981e+12 5.599999999999981e+12 5.599999999999981e+12 5.599999999999981e+12 5.599999999999981e+12
 5.599999999999981e+12 5.599999999999981e+12 5.599999999999981e+12 5.599999999999981e+12 5.599999999999981e+12 5.599999999999981e+12 5.599999999999981e+12 5.599999999999981e+12 5.599999999999981e+12 5.599999999999981e+12
 5.599999999999981e+12 5.599999999999981e+12 5.599999999999981e+12 5.599999999999981e+12 5.599999999999981e+12 5.599999999999981e+12 5.599999999999981e+12 5.599999999999981e+12 5.599999999999981e+12 5.599999999999981e+12
 5.599999999999981e+12 5.599999999999981e+12 5.599999999999981e+12 5.599999999999981e+12 -9.999994400000018e+18 5.599999999999981e+12 -9.999994400000018e+18 5.599999999999981e+12 5.599999999999981e+12 5.599999999999981e+12
 5.599999999999981e+12 5.599999999999981e+12 5.599999999999981e+12 5.599999999999981e+12 5.599999999999981e+12 5.599999999999981e+12 5.599999999999981e+12 5.599999999999981e+12 5.599999999999981e+12 5.599999999999981e+12
 5.599999999999981e+12 5.599999999999981e+12 5.599999999999981e+12 5.599999999999981e+12 5.599999999999981e+12 5.599999999999981e+12 5.599999999999981e+12 5.599999999999981e+12 5.599999999999981e+12 5.599999999999981e+12
 5.599999999999981e+12 5.599999999999981e+12 5.599999999999981e+12 5.599999999999981e+12 5.599999999999981e+12 5.599999999999981e+12 5.599999999999981e+12 5.599999999999981e+12 5.599999999999981e+12 5.599999999999981e+12
 5.599999999999981e+12 5.599999999999981e+12 5.599999999999981e+12 5.599999999999981e+12 5.599999999999981e+12 5.599999999999981e+12 5.599999999999981e+12 5.599999999999981e+12 5.599999999999981e+12 5.599999999999981e+12
 5.599999999999981e+12 5.599999999999981e+12 5.599999999999981e+12 5.599999999999981e+12 5.599999999999981e+12 5.599999999999981e+12 5.599999999999981e+12 5.599999999999981e+12 5.599999999999981e+12 5.599999999999981e+12
 5.599999999999981e+12 5.599999999999981e+12 5.599999999999981e+12 5.599999999999981e+12 5.599999999999981e+12 5.599999999999981e+12 5.599999999999981e+12 5.599999999999981e+12 5.599999999999981e+12 5.599999999999981e+12
 5.599999999999981e+12 5.599999999999981e+12 5.599999999999981e+12 5.599999999999981e+12 -9.999994400000018e+18 5.599999999999981e+12 -9.999994400000018e+18 5.599999999999981e+12 5.599999999999981e+12 5.599999999999981e+12
 5.599999999999981e+12 5.599999999999981e+12 5.599999999999981e+12 5.599999999999981e+12 5.599999999999981e+12 5.599999999999981e+12 5.599999999999981e+12 5.599999999999981e+12 5.599999999999981e+12 5.599999999999981e+12
 5.599999999999981e+12 5.599999999999981e+12 5.599999999999981e+12 5.599999999999981e+12 5.599999999999981e+12 5.599999999999981e+12 5.599999999999981e+12 5.599999999999981e+12 5.599999999999981e+12 5.599999999999981e+12
 5.599999999999981e+12 5.599999999999981e+12 5.599999999999981e+12 5.599999999999981e+12 5.599999999999981e+12 5.599999999999981e+12 5.599999999999981e+12 5.599999999999981e+12 5.599999999999981e+12 5.599999999999981e+12
 5.599999999999981e+12 5.599999999999981e+12 5.599999999999981e+12 5.599999999999981e+12 5.599999999999981e+12 5.599999999999981e+12 5.599999999999981e+12 5.599999999999981e+12 5.599999999999981e+12 5.599999999999981e+12
 5.599999999999981e+12 5.599999999999981e+12 5.599999999999981e+12 5.599999999999981e+12 5.599999999999981e+12 5.599999999999981e+12 5.599999999999981e+12 5.599999999999981e+12 5.599999999999981e+12 5.599999999999981e+12
 5.599999999999981e+12 5.599999999999981e+12 5.599999999999981e+12 5.599999999999981e+12 5.599999999999981e+12 5.599999999999981e+12 5.599999999999981e+12 5.599999999999981e+12 5.599999999999981e+12 5.599999999999981e+12
 5.599999999999981e+12 5.599999999999981e+12 5.599999999999981e+12 5.599999999999981e+12 -9.999994400000018e+18 5.599999999999981e+12 -9.999994400000018e+18 5.599999999999981e+12 5.599999999999981e+12 5.599999999999981e+12
 5.599999999999981e+12 5.599999999999981e+12 5.599999999999981e+12 5.599999999999981e+12 5.599999999999981e+12 5.599999999999981e+12 5.599999999999981e+12 5.599999999999981e+12 5.599999999999981e+12 5.599999999999981e+12
 5.599999999999981e+12 5.599999999999981e+12 5.599999999999981e+12 5.599999999999981e+12 5.599999999999981e+12 5.599999999999981e+12 5.599999999999981e+12 5.599999999999981e+12 5.599999999999981e+12 5.599999999999981e+12
 5.599999999999981e+12 5.599999999999981e+12 5.599999999999981e+12 5.599999999999981e+12 5.599999999999981e+12 5.599999999999981e+12 5.599999999999981e+12 5.599999999999981e+12 5.599999999999981e+12 5.599999999999981e+12
 5.599999999999981e+12 5.599999999999981e+12 5.599999999999981e+12 5.599999999999981e+12 5.599999999999981e+12 5.599999999999981e+12 5.599999999999981e+12 5.599999999999981e+12 5.599999999999981e+12 5.599999999999981e+12
 5.599999999999981e+12 5.599999999999981e+12 5.599999999999981e+12 5.599999999999981e+12 5.599999999999981e+12 5.599999999999981e+12 5.599999999999981e+12 5.599999999999981e+12 5.599999999999981e+12 5.599999999999981e+12
 5.599999999999981e+12 5.599999999999981e+12 5.599999999999981e+12 5.599999999999981e+12 5.599999999999981e+12 5.599999999999981e+12 5.599999999999981e+12 5.599999999999981e+12 5.599999999999981e+12 5.599999999999981e+12
 5.599999999999981e+12 5.599999999999981e+12 5.599999999999981e+12 5.599999999999981e+12 -9.999994400000018e+18 5.599999999999981e+12 -9.999994400000018e+18 5.599999999999981e+12 5.599999999999981e+12 5.599999999999981e+12
 5.599999999999981e+12 5.599999999999981e+12 5.599999999999981e+12 5.599999999999981e+12 5.599999999999981e+12 5.599999999999981e+12 5.599999999999981e+12 5.599999999999981e+12 5.599999999999981e+12 5.599999999999981e+12
 5.599999999999981e+12 5.599999999999981e+12 5.599999999999981e+12 5.599999999999981e+12 5.599999999999981e+12 5.599999999999981e+12 5.599999999999981e+12 5.599999999999981e+12 5.599999999999981e+12 5.599999999999981e+12
 5.599999999999981e+12 5.599999999999981e+12 5.599999999999981e+12 5.599999999999981e+12 5.599999999999981e+12 5.599999999999981e+12 5.599999999999981e+12 5.599999999999981e+12 5.599999999999981e+12 5.599999999999981e+12
 5.599999999999981e+12 5.599999999999981e+12 5.599999999999981e+12 5.599999999999981e+12 5.599999999999981e+12 5.599999999999981e+12 5.599999999999981e+12 5.599999999999981e+12 5.599999999999981e+12 5.599999999999981e+12
 5.599999999999981e+12 5.599999999999981e+12 5.599999999999981e+12 5.599999999999981e+12 5.599999999999981e+12 5.599999999999981e+12 5.599999999999981e+12 5.599999999999981e+12 5.599999999999981e+12 5.599999999999981e+12
 5.599999999999981e+12 5.599999999999981e+12 5.599999999999981e+12 5.599999999999981e+12 5.599999999999981e+12 5.599999999999981e+12 5.599999999999981e+12 5.599999999999981e+12 5.599999999999981e+12 5.599999999999981e+12
 5.599999999999981e+12 5.599999999999981e+12 5.599999999999981e+12 5.599999999999981e+12 -9.999994400000018e+18 5.599999999999981e+12 -9.999994400000018e+18 5.599999999999981e+12 5.599999999999981e+12 5.599999999999981e+12
 5.599999999999981e+12 5.599999999999981e+12 5.599999999999981e+12 5.599999999999981e+12 5.599999999999981e+12 5.599999999999981e+12 5.599999999999981e+12 5.599999999999981e+12 5.599999999999981e+12 5.599999999999981e+12
 5.599999999999981e+12 5.599999999999981e+12 5.599999999999981e+12 5.599999999999981e+12 5.599999999999981e+12 5.599999999999981e+12 5.599999999999981e+12 5.599999999999981e+12 5.599999999999981e+12 5.599999999999981e+12
 5.599999999999981e+12 5.599999999999981e+12 5.599999999999981e+12 5.599999999999981e+12 5.599999999999981e+12 5.599999999999981e+12 5.599999999999981e+12 5.599999999999981e+12 5.599999999999981e+12 5.599999999999981e+12
 5.599999999999981e+12 5.599999999999981e+12 5.599999999999981e+12 5.599999999999981e+12 5.599999999999981e+12 5.599999999999981e+12 5.599999999999981e+12 5.599999999999981e+12 5.599999999999981e+12 5.599999999999981e+12
 5.599999999999981e+12 5.599999999999981e+12 5.599999999999981e+12 5.599999999999981e+12 5.599999999999981e+12 5.599999999999981e+12 5.599999999999981e+12 5.599999999999981e+12 5.599999999999981e+12 5.599999999999981e+12
 5.599999999999981e+12 5.599999999999981e+12 5.599999999999981e+12 5.599999999999981e+12 5.599999999999981e+12 5.599999999999981e+12 5.599999999999981e+12 5.599999999999981e+12 5.599999999999981e+12 5.599999999999981e+12
 5.599999999999981e+12 5.599999999999981e+12 5.599999999999981e+12 5.599999999999981e+12 -9.999994400000018e+18 5.599999999999981e+12 -9.999994400000018e+18 5.599999999999981e+12 5.599999999999981e+12 5.599999999999981e+12
 5.599999999999981e+12 5.599999999999981e+12 5.599999999999981e+12 5.599999999999981e+12 5.599999999999981e+12 5.599999999999981e+12 5.599999999999981e+12 5.599999999999981e+12 5.599999999999981e+12 5.599999999999981e+12
 5.599999999999981e+12 5.599999999999981e+12 5.599999999999981e+12 5.599999999999981e+12 5.599999999999981e+12 5.599999999999981e+12 5.599999999999981e+12 5.599999999999981e+12 5.599999999999981e+12 5.599999999999981e+12
 5.599999999999981e+12 5.599999999999981e+12 5.599999999999981e+12 5.599999999999981e+12 5.599999999999981e+12 5.599999999999981e+12 5.599999999999981e+12 5.599999999999981e+12 5.599999999999981e+12 5.599999999999981e+12
 5.599999999999981e+12 5.599999999999981e+12 5.599999999999981e+12 5.599999999999981e+12 5.599999999999981e+12 5.599999999999981e+12 5.599999999999981e+12 5.599999999999981e+12 5.599999999999981e+12 5.599999999999981e+12
 5.599999999999981e+12 5.599999999999981e+12 5.599999999999981e+12 5.599999999999981e+12 5.599999999999981e+12 5.599999999999981e+12 5.599999999999981e+12 5.599999999999981e+12 5.599999999999981e+12 5.599999999999981e+12
 5.599999999999981e+12 5.599999999999981e+12 5.599999999999981e+12 5.599999999999981e+12 5.599999999999981e+12 5.599999999999981e+12 5.599999999999981e+12 5.599999999999981e+12 5.599999999999981e+12 5.599999999999981e+12
 5.599999999999981e+12 5.599999999999981e+12 5.599999999999981e+12 5.599999999999981e+12 -9.999994400000018e+18 5.599999999999981e+12 -9.999994400000018e+18 5.599999999999981e+12 5.599999999999981e+12 5.599999999999981e+12
 5.599999999999981e+12 5.599999999999981e+12 5.599999999999981e+12 5.599999999999981e+12 5.599999999999981e+12 5.599999999999981e+12 5.599999999999981e+12 5.599999999999981e+12 5.599999999999981e+12 5.599999999999981e+12
 5.599999999999981e+12 5.599999999999981e+12 5.599999999999981e+12 5.599999999999981e+12 5.599999999999981e+12 5.599999999999981e+12 5.599999999999981e+12 5.599999999999981e+12 5.599999999999981e+12 5.599999999999981e+12
 5.599999999999981e+12 5.599999999999981e+12 5.599999999999981e+12 5.599999999999981e+12 5.599999999999981e+12 5.599999999999981e+12 5.599999999999981e+12 5.599999999999981e+12 5.599999999999981e+12 5.599999999999981e+12
 5.599999999999981e+12 5.599999999999981e+12 5.599999999999981e+12 5.599999999999981e+12 5.599999999999981e+12 5.599999999999981e+12 5.599999999999981e+12 5.599999999999981e+12 5.599999999999981e+12 5.599999999999981e+12
 5.599999999999981e+12 5.599999999999981e+12 5.599999999999981e+12 5.599999999999981e+12 5.599999999999981e+12 5.599999999999981e+12 5.599999999999981e+12 5.599999999999981e+12 5.599999999999981e+12 5.599999999999981e+12
 5.599999999999981e+12 5.599999999999981e+12 5.599999999999981e+12 5.599999999999981e+12 5.599999999999981e+12 5.599999999999981e+12 5.599999999999981e+12 5.599999999999981e+12 5.599999999999981e+12 5.599999999999981e+12
 5.599999999999981e+12 5.599999999999981e+12 5.599999999999981e+12 5.599999999999981e+12 -9.999994400000018e+18 5.599999999999981e+12 -9.999994400000018e+18 5.599999999999981e+12 5.599999999999981e+12 5.599999999999981e+12
 5.599999999999981e+12 5.599999999999981e+12 5.599999999999981e+12 5.599999999999981e+12 5.599999999999981e+12 5.599999999999981e+12 5.599999999999981e+12 5.599999999999981e+12 5.599999999999981e+12 5.599999999999981e+12
 5.599999999999981e+12 5.599999999999981e+12 5.599999999999981e+12 5.599999999999981e+12 5.599999999999981e+12 5.599999999999981e+12 5.599999999999981e+12 5.599999999999981e+12 5.599999999999981e+12 5.599999999999981e+12
 5.599999999999981e+12 5.599999999999981e+12 5.599999999999981e+12 5.599999999999981e+12 5.599999999999981e+12 5.599999999999981e+12 5.599999999999981e+12 5.599999999999981e+12 5.599999999999981e+12 5.599999999999981e+12
 5.599999999999981e+12 5.599999999999981e+12 5.599999999999981e+12 5.599999999999981e+12 5.599999999999981e+12 5.599999999999981e+12 5.599999999999981e+12 5.599999999999981e+12 5.599999999999981e+12 5.599999999999981e+12
 5.599999999999981e+12 5.599999999999981e+12 5.599999999999981e+12 5.599999999999981e+12 5.599999999999981e+12 5.599999999999981e+12 5.599999999999981e+12 5.599999999999981e+12 5.599999999999981e+12 5.599999999999981e+12
 5.599999999999981e+12 5.599999999999981e+12 5.599999999999981e+12 5.599999999999981e+12 5.599999999999981e+12 5.599999999999981e+12 5.599999999999981e+12 5.599999999999981e+12 5.599999999999981e+12 5.599999999999981e+12
 5.599999999999981e+12 5.599999999999981e+12 5.599999999999981e+12 5.599999999999981e+12 -9.999994400000018e+18 5.599999999999981e+12 -9.999994400000018e+18 5.599999999999981e+12 5.599999999999981e+12 5.599999999999981e+12
 5.599999999999981e+12 5.599999999999981e+12 5.599999999999981e+12 5.599999999999981e+12 5.599999999999981e+12 5.599999999999981e+12 5.599999999999981e+12 5.599999999999981e+12 5.599999999999981e+12 5.599999999999981e+12
 5.599999999999981e+12 5.599999999999981e+12 5.599999999999981e+12 5.599999999999981e+12 5.599999999999981e+12 5.599999999999981e+12 5.599999999999981e+12 5.599999999999981e+12 5.599999999999981e+12 5.599999999999981e+12
 5.599999999999981e+12 5.599999999999981e+12 5.599999999999981e+12 5.599999999999981e+12 5.599999999999981e+12 5.599999999999981e+12 5.599999999999981e+12 5.599999999999981e+12 5.599999999999981e+12 5.599999999999981e+12
 5.599999999999981e+12 5.599999999999981e+12 5.599999999999981e+12 5.599999999999981e+12 5.599999999999981e+12 5.599999999999981e+12 5.599999999999981e+12 5.599999999999981e+12 5.599999999999981e+12 5.599999999999981e+12
 5.599999999999981e+12 5.599999999999981e+12 5.599999999999981e+12 5.599999999999981e+12 5.599999999999981e+12 5.599999999999981e+12 5.599999999999981e+12 5.599999999999981e+12 5.599999999999981e+12 5.599999999999981e+12
 5.599999999999981e+12 5.599999999999981e+12 5.599999999999981e+12 5.599999999999981e+12 5.599999999999981e+12 5.599999999999981e+12 5.599999999999981e+12 5.599999999999981e+12 5.599999999999981e+12 5.599999999999981e+12
 5.599999999999981e+12 5.599999999999981e+12 5.599999999999981e+12 5.599999999999981e+12 -9.999994400000018e+18 5.599999999999981e+12 -9.999994400000018e+18 5.599999999999981e+12 5.599999999999981e+12 5.599999999999981e+12
 5.599999999999981e+12 5.599999999999981e+12 5.599999999999981e+12 5.599999999999981e+12 5.599999999999981e+12 5.599999999999981e+12 5.599999999999981e+12 5.599999999999981e+12 5.599999999999981e+12 5.599999999999981e+12
 5.599999999999981e+12 5.599999999999981e+12 5.599999999999981e+12 5.599999999999981e+12 5.599999999999981e+12 5.599999999999981e+12 5.599999999999981e+12 5.599999999999981e+12 5.599999999999981e+12 5.599999999999981e+12
 5.599999999999981e+12 5.599999999999981e+12 5.599999999999981e+12 5.599999999999981e+12 5.599999999999981e+12 5.599999999999981e+12 5.599999999999981e+12 5.599999999999981e+12 5.599999999999981e+12 5.599999999999981e+12
 5.599999999999981e+12 5.599999999999981e+12 5.599999999999981e+12 5.599999999999981e+12 5.599999999999981e+12 5.599999999999981e+12 5.599999999999981e+12 5.599999999999981e+12 5.599999999999981e+12 5.599999999999981e+12
 5.599999999999981e+12 5.599999999999981e+12 5.599999999999981e+12 5.599999999999981e+12 5.599999999999981e+12 5.599999999999981e+12 5.599999999999981e+12 5.599999999999981e+12 5.599999999999981e+12 5.599999999999981e+12
 5.599999999999981e+12 5.599999999999981e+12 5.599999999999981e+12 5.599999999999981e+12 5.599999999999981e+12 5.599999999999981e+12 5.599999999999981e+12 5.599999999999981e+12 5.599999999999981e+12 5.599999999999981e+12
 5.599999999999981e+12 5.599999999999981e+12 5.599999999999981e+12 5.599999999999981e+12 -9.999994400000018e+18 5.599999999999981e+12 -9.999994400000018e+18 5.599999999999981e+12 5.599999999999981e+12 5.599999999999981e+12
 5.599999999999981e+12 5.599999999999981e+12 5.599999999999981e+12 5.599999999999981e+12 5.599999999999981e+12 5.599999999999981e+12 5.599999999999981e+12 5.599999999999981e+12 5.599999999999981e+12 5.599999999999981e+12
 5.599999999999981e+12 5.599999999999981e+12 5.599999999999981e+12 5.599999999999981e+12 5.599999999999981e+12 5.599999999999981e+12 5.599999999999981e+12 5.599999999999981e+12 5.599999999999981e+12 5.599999999999981e+12
 5.599999999999981e+12 5.599999999999981e+12 5.599999999999981e+12 5.599999999999981e+12 5.599999999999981e+12 5.599999999999981e+12 5.599999999999981e+12 5.599999999999981e+12 5.599999999999981e+12 5.599999999999981e+12
 5.599999999999981e+12 5.599999999999981e+12 5.599999999999981e+12 5.599999999999981e+12 5.599999999999981e+12 5.599999999999981e+12 5.599999999999981e+12 5.599999999999981e+12 5.599999999999981e+12 5.599999999999981e+12
 5.599999999999981e+12 5.599999999999981e+12 5.599999999999981e+12 5.599999999999981e+12 5.599999999999981e+12 5.599999999999981e+12 5.599999999999981e+12 5.599999999999981e+12 5.599999999999981e+12 5.599999999999981e+12
 5.599999999999981e+12 5.599999999999981e+12 5.599999999999981e+12 5.599999999999981e+12 5.599999999999981e+12 5.599999999999981e+12 5.599999999999981e+12 5.599999999999981e+12 5.599999999999981e+12 5.599999999999981e+12
 5.599999999999981e+12 5.599999999999981e+12 5.599999999999981e+12 5.599999999999981e+12 -9.999994400000018e+18 5.599999999999981e+12 -9.999994400000018e+18 5.599999999999981e+12 5.599999999999981e+12 5.599999999999981e+12
 5.599999999999981e+12 5.599999999999981e+12 5.599999999999981e+12 5.599999999999981e+12 5.599999999999981e+12 5.599999999999981e+12 5.599999999999981e+12 5.599999999999981e+12 5.599999999999981e+12 5.599999999999981e+12
 5.599999999999981e+12 5.599999999999981e+12 5.599999999999981e+12 5.599999999999981e+12 5.599999999999981e+12 5.599999999999981e+12 5.599999999999981e+12 5.599999999999981e+12 5.599999999999981e+12 5.599999999999981e+12
 5.599999999999981e+12 5.599999999999981e+12 5.599999999999981e+12 5.599999999999981e+12 5.599999999999981e+12 5.599999999999981e+12 5.599999999999981e+12 5.599999999999981e+12 5.599999999999981e+12 5.599999999999981e+12
 5.599999999999981e+12 5.599999999999981e+12 5.599999999999981e+12 5.599999999999981e+12 5.599999999999981e+12 5.599999999999981e+12 5.599999999999981e+12 5.599999999999981e+12 5.599999999999981e+12 5.599999999999981e+12
 5.599999999999981e+12 5.599999999999981e+12 5.599999999999981e+12 5.599999999999981e+12 5.599999999999981e+12 5.599999999999981e+12 5.599999999999981e+12 5.599999999999981e+12 5.599999999999981e+12 5.599999999999981e+12
 5.599999999999981e+12 5.599999999999981e+12 5.599999999999981e+12 5.599999999999981e+12 5.599999999999981e+12 5.599999999999981e+12 5.599999999999981e+12 5.599999999999981e+12 5.599999999999981e+12 5.599999999999981e+12
 5.599999999999981e+12 5.599999999999981e+12 5.599999999999981e+12 5.599999999999981e+12 -9.999994400000018e+18 5.599999999999981e+12 -9.999994400000018e+18 5.599999999999981e+12 5.599999999999981e+12 5.599999999999981e+12
 5.599999999999981e+12 5.599999999999981e+12 5.599999999999981e+12 5.599999999999981e+12 5.599999999999981e+12 5.599999999999981e+12 5.599999999999981e+12 5.599999999999981e+12 5.599999999999981e+12 5.599999999999981e+12
 5.599999999999981e+12 5.599999999999981e+12 5.599999999999981e+12 5.599999999999981e+12 5.599999999999981e+12 5.599999999999981e+12 5.599999999999981e+12 5.599999999999981e+12 5.599999999999981e+12 5.599999999999981e+12
 5.599999999999981e+12 5.599999999999981e+12 5.599999999999981e+12 5.599999999999981e+12 5.599999999999981e+12 5.599999999999981e+12 5.599999999999981e+12 5.599999999999981e+12 5.599999999999981e+12 5.599999999999981e+12
 5.599999999999981e+12 5.599999999999981e+12 5.599999999999981e+12 5.599999999999981e+12 5.599999999999981e+12 5.599999999999981e+12 5.599999999999981e+12 5.599999999999981e+12 5.599999999999981e+12 5.599999999999981e+12
 5.599999999999981e+12 5.599999999999981e+12 5.599999999999981e+12 5.599999999999981e+12 5.599999999999981e+12 5.599999999999981e+12 5.599999999999981e+12 5.599999999999981e+12 5.599999999999981e+12 5.599999999999981e+12
 5.599999999999981e+12 5.599999999999981e+12 5.599999999999981e+12 5.599999999999981e+12 5.599999999999981e+12 5.599999999999981e+12 5.599999999999981e+12 5.599999999999981e+12 5.599999999999981e+12 5.599999999999981e+12
 5.599999999999981e+12 5.599999999999981e+12 5.599999999999981e+12 5.599999999999981e+12 -9.999994400000018e+18 5.599999999999981e+12 -9.999994400000018e+18 5.599999999999981e+12 5.599999999999981e+12 5.599999999999981e+12
 5.599999999999981e+12 5.599999999999981e+12 5.599999999999981e+12 5.599999999999981e+12 5.599999999999981e+12 5.599999999999981e+12 5.599999999999981e+12 5.599999999999981e+12 5.599999999999981e+12 5.599999999999981e+12
 5.599999999999981e+12 5.599999999999981e+12 5.599999999999981e+12 5.599999999999981e+12 5.599999999999981e+12 5.599999999999981e+12 5.599999999999981e+12 5.599999999999981e+12 5.599999999999981e+12 5.599999999999981e+12
 5.599999999999981e+12 5.599999999999981e+12 5.599999999999981e+12 5.599999999999981e+12 5.599999999999981e+12 5.599999999999981e+12 5.599999999999981e+12 5.599999999999981e+12 5.599999999999981e+12 5.599999999999981e+12
 5.599999999999981e+12 5.599999999999981e+12 5.599999999999981e+12 5.599999999999981e+12 5.599999999999981e+12 5.599999999999981e+12 5.599999999999981e+12 5.599999999999981e+12 5.599999999999981e+12 5.599999999999981e+12
 5.599999999999981e+12 5.599999999999981e+12 5.599999999999981e+12 5.599999999999981e+12 5.599999999999981e+12 5.599999999999981e+12 5.599999999999981e+12 5.599999999999981e+12 5.599999999999981e+12 5.599999999999981e+12
 5.599999999999981e+12 5.599999999999981e+12 5.599999999999981e+12 5.599999999999981e+12 5.599999999999981e+12 5.599999999999981e+12 5.599999999999981e+12 5.599999999999981e+12 5.599999999999981e+12 5.599999999999981e+12
 5.599999999999981e+12 5.599999999999981e+12 5.599999999999981e+12 5.599999999999981e+12 5.599999999999981e+12 5.599999999999981e+12 5.599999999999981e+12 5.599999999999981e+12 5.599999999999981e+12 5.599999999999981e+12
 5.599999999999981e+12 5.599999999999981e+12 5.599999999999981e+12 5.599999999999981e+12 5.599999999999981e+12 5.599999999999981e+12 5.599999999999981e+12 5.599999999999981e+12 5.599999999999981e+12 5.599999999999981e+12
 5.599999999999981e+12 5.599999999999981e+12 5.599999999999981e+12 5.599999999999981e+12 5.599999999999981e+12 5.599999999999981e+12 5.599999999999981e+12 5.599999999999981e+12 5.599999999999981e+12 5.599999999999981e+12
 5.599999999999981e+12 5.599999999999981e+12 5.599999999999981e+12 5.599999999999981e+12 5.599999999999981e+12 5.599999999999981e+12 5.599999999999981e+12 5.599999999999981e+12 5.599999999999981e+12 5.599999999999981e+12
 5.599999999999981e+12 5.599999999999981e+12 5.599999999999981e+12 5.599999999999981e+12 5.599999999999981e+12 5.599999999999981e+12 5.599999999999981e+12 5.599999999999981e+12 5.599999999999981e+12 5.599999999999981e+12
 5.599999999999981e+12 5.599999999999981e+12 5.599999999999981e+12 5.599999999999981e+12 5.599999999999981e+12 5.599999999999981e+12 5.599999999999981e+12 5.599999999999981e+12 5.599999999999981e+12 5.599999999999981e+12
 5.599999999999981e+12 5.599999999999981e+12 5.599999999999981e+12 5.599999999999981e+12 5.599999999999981e+12 5.599999999999981e+12 5.599999999999981e+12 5.599999999999981e+12 5.599999999999981e+12 5.599999999999981e+12
 5.599999999999981e+12 5.599999999999981e+12 5.599999999999981e+12 5.599999999999981e+12 5.599999999999981e+12 5.599999999999981e+12 5.599999999999981e+12 5.599999999999981e+12 5.599999999999981e+12 5.599999999999981e+12
 5.599999999999981e+12 5.599999999999981e+12 5.599999999999981e+12 5.599999999999981e+12 5.599999999999981e+12 5.599999999999981e+12 5.599999999999981e+12 5.599999999999981e+12 5.599999999999981e+12 5.599999999999981e+12
 5.599999999999981e+12 5.599999999999981e+12 5.599999999999981e+12 5.599999999999981e+12 5.599999999999981e+12 5.599999999999981e+12 5.599999999999981e+12 5.599999999999981e+12 5.599999999999981e+12 5.599999999999981e+12
 5.599999999999981e+12 5.599999999999981e+12 5.599999999999981e+12 5.599999999999981e+12 5.599999999999981e+12 5.599999999999981e+12 5.599999999999981e+12 5.599999999999981e+12 5.599999999999981e+12 5.599999999999981e+12
 5.599999999999981e+12 5.599999999999981e+12 5.599999999999981e+12 5.599999999999981e+12 5.599999999999981e+12 5.599999999999981e+12 5.599999999999981e+12 5.599999999999981e+12 5.599999999999981e+12 5.599999999999981e+12
 5.599999999999981e+12 5.599999999999981e+12 5.599999999999981e+12 5.599999999999981e+12 5.599999999999981e+12 5.599999999999981e+12 5.599999999999981e+12 5.599999999999981e+12 5.599999999999981e+12 5.599999999999981e+12
 5.599999999999981e+12 5.599999999999981e+12 5.599999999999981e+12 5.599999999999981e+12 5.599999999999981e+12 5.599999999999981e+12 5.599999999999981e+12 5.599999999999981e+12 5.599999999999981e+12 5.599999999999981e+12
 5.599999999999981e+12 5.599999999999981e+12 5.599999999999981e+12 5.599999999999981e+12 5.599999999999981e+12 5.599999999999981e+12 5.599999999999981e+12 5.599999999999981e+12 5.599999999999981e+12 5.599999999999981e+12
 5.599999999999981e+12 5.599999999999981e+12 5.599999999999981e+12 5.599999999999981e+12 5.599999999999981e+12 5.599999999999981e+12 5.599999999999981e+12 5.599999999999981e+12 5.599999999999981e+12 5.599999999999981e+12
 5.599999999999981e+12 5.599999999999981e+12 5.599999999999981e+12 5.599999999999981e+12 5.599999999999981e+12 5.599999999999981e+12 5.599999999999981e+12 5.599999999999981e+12 5.599999999999981e+12 5.599999999999981e+12
 5.599999999999981e+12 5.599999999999981e+12 5.599999999999981e+12 5.599999999999981e+12 5.599999999999981e+12 5.599999999999981e+12 5.599999999999981e+12 5.599999999999981e+12 5.599999999999981e+12 5.599999999999981e+12
 5.599999999999981e+12 5.599999999999981e+12 5.599999999999981e+12 5.599999999999981e+12 5.599999999999981e+12 5.599999999999981e+12 5.599999999999981e+12 5.599999999999981e+12 5.599999999999981e+12 5.599999999999981e+12
 5.599999999999981e+12 5.599999999999981e+12 5.599999999999981e+12 5.599999999999981e+12 5.599999999999981e+12 5.599999999999981e+12 5.599999999999981e+12 5.599999999999981e+12 5.599999999999981e+12 5.599999999999981e+12
 5.599999999999981e+12 5.599999999999981e+12 5.599999999999981e+12 5.599999999999981e+12 5.599999999999981e+12 5.599999999999981e+12 5.599999999999981e+12 5.599999999999981e+12 5.599999999999981e+12 5.599999999999981e+12
 5.599999999999981e+12 5.599999999999981e+12 5.599999999999981e+12 5.599999999999981e+12 5.599999999999981e+12 5.599999999999981e+12 5.599999999999981e+12 5.599999999999981e+12 5.599999999999981e+12 5.599999999999981e+12
 5.599999999999981e+12 5.599999999999981e+12 5.599999999999981e+12 5.599999999999981e+12 5.599999999999981e+12 5.599999999999981e+12 5.599999999999981e+12 5.599999999999981e+12 5.599999999999981e+12 5.599999999999981e+12
 5.599999999999981e+12 5.599999999999981e+12 5.599999999999981e+12 5.599999999999981e+12 5.599999999999981e+12 5.599999999999981e+12 5.599999999999981e+12 5.599999999999981e+12 5.599999999999981e+12 5.599999999999981e+12
 5.599999999999981e+12 5.599999999999981e+12 5.599999999999981e+12 5.599999999999981e+12 5.599999999999981e+12 5.599999999999981e+12 5.599999999999981e+12 5.599999999999981e+12 5.599999999999981e+12 5.599999999999981e+12
 5.599999999999981e+12 5.599999999999981e+12 5.599999999999981e+12 5.599999999999981e+12 5.599999999999981e+12 5.599999999999981e+12 5.599999999999981e+12 5.599999999999981e+12 5.599999999999981e+12 5.599999999999981e+12
 5.599999999999981e+12 5.599999999999981e+12 5.599999999999981e+12 5.599999999999981e+12 5.599999999999981e+12 5.599999999999981e+12 5.599999999999981e+12 5.599999999999981e+12 5.599999999999981e+12 5.599999999999981e+12
 5.599999999999981e+12 5.599999999999981e+12 5.599999999999981e+12 5.599999999999981e+12 5.599999999999981e+12 5.599999999999981e+12 5.599999999999981e+12 5.599999999999981e+12 5.599999999999981e+12 5.599999999999981e+12
 5.599999999999981e+12 5.599999999999981e+12 5.599999999999981e+12 5.599999999999981e+12 5.599999999999981e+12 5.599999999999981e+12 5.599999999999981e+12 5.599999999999981e+12 5.599999999999981e+12 5.599999999999981e+12
 5.599999999999981e+12 5.599999999999981e+12 5.599999999999981e+12 5.599999999999981e+12 5.599999999999981e+12 5.599999999999981e+12 5.599999999999981e+12 5.599999999999981e+12 5.599999999999981e+12 5.599999999999981e+12
 5.599999999999981e+12 5.599999999999981e+12 5.599999999999981e+12 5.599999999999981e+12 5.599999999999981e+12 5.599999999999981e+12 5.599999999999981e+12 5.599999999999981e+12 5.599999999999981e+12 5.599999999999981e+12
 5.599999999999981e+12 5.599999999999981e+12 5.599999999999981e+12 5.599999999999981e+12 5.599999999999981e+12 5.599999999999981e+12 5.599999999999981e+12 5.599999999999981e+12 5.599999999999981e+12 5.599999999999981e+12
 5.599999999999981e+12 5.599999999999981e+12 5.599999999999981e+12 5.599999999999981e+12 5.599999999999981e+12 5.599999999999981e+12 5.599999999999981e+12 5.599999999999981e+12 5.599999999999981e+12 5.599999999999981e+12
 5.599999999999981e+12 5.599999999999981e+12 5.599999999999981e+12 5.599999999999981e+12 5.599999999999981e+12 5.599999999999981e+12 5.599999999999981e+12 5.599999999999981e+12 5.599999999999981e+12 5.599999999999981e+12
 5.599999999999981e+12 5.599999999999981e+12 5.599999999999981e+12 5.599999999999981e+12 5.599999999999981e+12 5.599999999999981e+12 5.599999999999981e+12 5.599999999999981e+12 5.599999999999981e+12 5.599999999999981e+12
 5.599999999999981e+12 5.599999999999981e+12 5.599999999999981e+12 5.599999999999981e+12 5.599999999999981e+12 5.599999999999981e+12 5.599999999999981e+12 5.599999999999981e+12 5.599999999999981e+12 5.599999999999981e+12
 5.599999999999981e+12 5.599999999999981e+12 5.599999999999981e+12 5.599999999999981e+12 5.599999999999981e+12 5.599999999999981e+12 5.599999999999981e+12 5.599999999999981e+12 5.599999999999981e+12 5.599999999999981e+12
 5.599999999999981e+12 5.599999999999981e+12 5.599999999999981e+12 5.599999999999981e+12 5.599999999999981e+12 5.599999999999981e+12 5.599999999999981e+12 5.599999999999981e+12 5.599999999999981e+12 5.599999999999981e+12
 5.599999999999981e+12 5.599999999999981e+12 5.599999999999981e+12 5.599999999999981e+12 5.599999999999981e+12 5.599999999999981e+12 5.599999999999981e+12 5.599999999999981e+12 5.599999999999981e+12 5.599999999999981e+12
 5.599999999999981e+12 5.599999999999981e+12 5.599999999999981e+12 5.599999999999981e+12 5.599999999999981e+12 5.599999999999981e+12 5.599999999999981e+12 5.599999999999981e+12 5.599999999999981e+12 5.599999999999981e+12
 5.599999999999981e+12 5.599999999999981e+12 5.599999999999981e+12 5.599999999999981e+12 5.599999999999981e+12 5.599999999999981e+12 5.599999999999981e+12 5.599999999999981e+12 5.599999999999981e+12 5.599999999999981e+12
 5.599999999999981e+12 5.599999999999981e+12 5.599999999999981e+12 5.599999999999981e+12 5.599999999999981e+12 5.599999999999981e+12 5.599999999999981e+12 5.599999999999981e+12 5.599999999999981e+12 5.599999999999981e+12
 5.599999999999981e+12 5.599999999999981e+12 5.599999999999981e+12 5.599999999999981e+12 5.599999999999981e+12 5.599999999999981e+12 5.599999999999981e+12 5.599999999999981e+12 5.599999999999981e+12 5.599999999999981e+12
 5.599999999999981e+12 5.599999999999981e+12 5.599999999999981e+12 5.599999999999981e+12 5.599999999999981e+12 5.599999999999981e+12 5.599999999999981e+12 5.599999999999981e+12 5.599999999999981e+12 5.599999999999981e+12
 5.599999999999981e+12 5.599999999999981e+12 5.599999999999981e+12 5.599999999999981e+12 5.599999999999981e+12 5.599999999999981e+12 5.599999999999981e+12 5.599999999999981e+12 5.599999999999981e+12 5.599999999999981e+12
 5.599999999999981e+12 5.599999999999981e+12 5.599999999999981e+12 5.599999999999981e+12 5.599999999999981e+12 5.599999999999981e+12 5.599999999999981e+12 5.599999999999981e+12 5.599999999999981e+12 5.599999999999981e+12
 5.599999999999981e+12 5.599999999999981e+12 5.599999999999981e+12 5.599999999999981e+12 5.599999999999981e+12 5.599999999999981e+12 5.599999999999981e+12 5.599999999999981e+12 5.599999999999981e+12 5.599999999999981e+12
 5.599999999999981e+12 5.599999999999981e+12 5.599999999999981e+12 5.599999999999981e+12 5.599999999999981e+12 5.599999999999981e+12 5.599999999999981e+12 5.599999999999981e+12 5.599999999999981e+12 5.599999999999981e+12
 5.599999999999981e+12 5.599999999999981e+12 5.599999999999981e+12 5.599999999999981e+12 5.599999999999981e+12 5.599999999999981e+12 5.599999999999981e+12 5.599999999999981e+12 5.599999999999981e+12 5.599999999999981e+12
 5.599999999999981e+12 5.599999999999981e+12 5.599999999999981e+12 5.599999999999981e+12 5.599999999999981e+12 5.599999999999981e+12 5.599999999999981e+12 5.599999999999981e+12 5.599999999999981e+12 5.599999999999981e+12
 5.599999999999981e+12 5.599999999999981e+12 5.599999999999981e+12 5.599999999999981e+12 5.599999999999981e+12 5.599999999999981e+12 5.599999999999981e+12 5.599999999999981e+12 5.599999999999981e+12 5.599999999999981e+12
 5.599999999999981e+12 5.599999999999981e+12 5.599999999999981e+12 5.599999999999981e+12 5.599999999999981e+12 5.599999999999981e+12 5.599999999999981e+12 5.599999999999981e+12 5.599999999999981e+12 5.599999999999981e+12
 5.599999999999981e+12 5.599999999999981e+12 5.599999999999981e+12 5.599999999999981e+12 5.599999999999981e+12 5.599999999999981e+12 5.599999999999981e+12 5.599999999999981e+12 5.599999999999981e+12 5.599999999999981e+12
 5.599999999999981e+12 5.599999999999981e+12 5.599999999999981e+12 5.599999999999981e+12 5.599999999999981e+12 5.599999999999981e+12 5.599999999999981e+12 5.599999999999981e+12 5.599999999999981e+12 5.599999999999981e+12
 5.599999999999981e+12 5.599999999999981e+12 5.599999999999981e+12 5.599999999999981e+12 5.599999999999981e+12 5.599999999999981e+12 5.599999999999981e+12 5.599999999999981e+12 5.599999999999981e+12 5.599999999999981e+12
 5.599999999999981e+12 5.599999999999981e+12 5.599999999999981e+12 5.599999999999981e+12 5.599999999999981e+12 5.599999999999981e+12 5.599999999999981e+12 5.599999999999981e+12 5.599999999999981e+12 5.599999999999981e+12
 5.599999999999981e+12 5.599999999999981e+12 5.599999999999981e+12 5.599999999999981e+12 5.599999999999981e+12 5.599999999999981e+12 5.599999999999981e+12 5.599999999999981e+12 5.599999999999981e+12 5.599999999999981e+12
 5.599999999999981e+12 5.599999999999981e+12 5.599999999999981e+12 5.599999999999981e+12 5.599999999999981e+12 5.599999999999981e+12 5.599999999999981e+12 5.599999999999981e+12 5.599999999999981e+12 5.599999999999981e+12
 5.599999999999981e+12 5.599999999999981e+12 5.599999999999981e+12 5.599999999999981e+12 5.599999999999981e+12 5.599999999999981e+12 5.599999999999981e+12 5.599999999999981e+12 5.599999999999981e+12 5.599999999999981e+12
 5.599999999999981e+12 5.599999999999981e+12 5.599999999999981e+12 5.599999999999981e+12 5.599999999999981e+12 5.599999999999981e+12 5.599999999999981e+12 5.599999999999981e+12 5.599999999999981e+12 5.599999999999981e+12
 5.599999999999981e+12 5.599999999999981e+12 5.599999999999981e+12 5.599999999999981e+12 5.599999999999981e+12 5.599999999999981e+12 5.599999999999981e+12 5.599999999999981e+12 5.599999999999981e+12 5.599999999999981e+12
 5.599999999999981e+12 5.599999999999981e+12 5.599999999999981e+12 5.599999999999981e+12 5.599999999999981e+12 5.599999999999981e+12 5.599999999999981e+12 5.599999999999981e+12 5.599999999999981e+12 5.599999999999981e+12
 5.599999999999981e+12 5.599999999999981e+12 5.599999999999981e+12 5.599999999999981e+12 5.599999999999981e+12 5.599999999999981e+12 5.599999999999981e+12 5.599999999999981e+12 5.599999999999981e+12 5.599999999999981e+12
 5.599999999999981e+12 5.599999999999981e+12 5.599999999999981e+12 5.599999999999981e+12 5.599999999999981e+12 5.599999999999981e+12 5.599999999999981e+12 5.599999999999981e+12 5.599999999999981e+12 5.599999999999981e+12
 5.599999999999981e+12 5.599999999999981e+12 5.599999999999981e+12 5.599999999999981e+12 5.599999999999981e+12 5.599999999999981e+12 5.599999999999981e+12 5.599999999999981e+12 5.599999999999981e+12 5.599999999999981e+12
 5.599999999999981e+12 5.599999999999981e+12 5.599999999999981e+12 5.599999999999981e+12 5.599999999999981e+12 5.599999999999981e+12 5.599999999999981e+12 5.599999999999981e+12 5.599999999999981e+12 5.599999999999981e+12
 5.599999999999981e+12 5.599999999999981e+12 5.599999999999981e+12 5.599999999999981e+12 5.599999999999981e+12 5.599999999999981e+12 5.599999999999981e+12 5.599999999999981e+12 5.599999999999981e+12 5.599999999999981e+12
 5.599999999999981e+12 5.599999999999981e+12 5.599999999999981e+12 5.599999999999981e+12 5.599999999999981e+12 5.599999999999981e+12 5.599999999999981e+12 5.599999999999981e+12 5.599999999999981e+12 5.599999999999981e+12
 5.599999999999981e+12 5.599999999999981e+12 5.599999999999981e+12 5.599999999999981e+12 5.599999999999981e+12 5.599999999999981e+12 5.599999999999981e+12 5.599999999999981e+12 5.599999999999981e+12 5.599999999999981e+12
 5.599999999999981e+12 5.599999999999981e+12 5.599999999999981e+12 5.599999999999981e+12 5.599999999999981e+12 5.599999999999981e+12 5.599999999999981e+12 5.599999999999981e+12 5.599999999999981e+12 5.599999999999981e+12
 5.599999999999981e+12 5.599999999999981e+12 5.599999999999981e+12 5.599999999999981e+12 5.599999999999981e+12 5.599999999999981e+12 5.599999999999981e+12 5.599999999999981e+12 5.599999999999981e+12 5.599999999999981e+12
 5.599999999999981e+12 5.599999999999981e+12 5.599999999999981e+12 5.599999999999981e+12 5.599999999999981e+12 5.599999999999981e+12 5.599999999999981e+12 5.599999999999981e+12 5.599999999999981e+12 5.599999999999981e+12
 5.599999999999981e+12 5.599999999999981e+12 5.599999999999981e+12 5.599999999999981e+12 5.599999999999981e+12 5.599999999999981e+12 5.599999999999981e+12 5.599999999999981e+12 5.599999999999981e+12 5.599999999999981e+12
 5.599999999999981e+12 5.599999999999981e+12 5.599999999999981e+12 5.599999999999981e+12 5.599999999999981e+12 5.599999999999981e+12 5.599999999999981e+12 5.599999999999981e+12 5.599999999999981e+12 5.599999999999981e+12
 5.599999999999981e+12 5.599999999999981e+12 5.599999999999981e+12 5.599999999999981e+12 5.599999999999981e+12 5.599999999999981e+12 5.599999999999981e+12 5.599999999999981e+12 5.599999999999981e+12 5.599999999999981e+12
 5.599999999999981e+12 5.599999999999981e+12 5.599999999999981e+12 5.599999999999981e+12 5.599999999999981e+12 5.599999999999981e+12 5.599999999999981e+12 5.599999999999981e+12 5.599999999999981e+12 5.599999999999981e+12
 5.599999999999981e+12 5.599999999999981e+12 5.599999999999981e+12 5.599999999999981e+12 5.599999999999981e+12 5.599999999999981e+12 5.599999999999981e+12 5.599999999999981e+12 5.599999999999981e+12 5.599999999999981e+12
 5.599999999999981e+12 5.599999999999981e+12 5.599999999999981e+12 5.599999999999981e+12 5.599999999999981e+12 5.599999999999981e+12 5.599999999999981e+12 5.599999999999981e+12 5.599999999999981e+12 5.599999999999981e+12
 5.599999999999981e+12 5.599999999999981e+12 5.599999999999981e+12 5.599999999999981e+12 5.599999999999981e+12 5.599999999999981e+12 5.599999999999981e+12 5.599999999999981e+12 5.599999999999981e+12 5.599999999999981e+12
 5.599999999999981e+12 5.599999999999981e+12 5.599999999999981e+12 5.599999999999981e+12 5.599999999999981e+12 5.599999999999981e+12 5.599999999999981e+12 5.599999999999981e+12 5.599999999999981e+12 5.599999999999981e+12
 5.599999999999981e+12 5.599999999999981e+12 5.599999999999981e+12 5.599999999999981e+12 5.599999999999981e+12 5.599999999999981e+12 5.599999999999981e+12 5.599999999999981e+12 5.599999999999981e+12 5.599999999999981e+12
 5.599999999999981e+12 5.599999999999981e+12 5.599999999999981e+12 5.599999999999981e+12 5.599999999999981e+12 5.599999999999981e+12 5.599999999999981e+12 5.599999999999981e+12 5.599999999999981e+12 5.599999999999981e+12
 5.599999999999981e+12 5.599999999999981e+12 5.599999999999981e+12 5.599999999999981e+12 5.599999999999981e+12 5.599999999999981e+12 5.599999999999981e+12 5.599999999999981e+12 5.599999999999981e+12 5.599999999999981e+12
 5.599999999999981e+12 5.599999999999981e+12 5.599999999999981e+12 5.599999999999981e+12 5.599999999999981e+12 5.599999999999981e+12 5.599999999999981e+12 5.599999999999981e+12 5.599999999999981e+12 5.599999999999981e+12
 5.599999999999981e+12 5.599999999999981e+12 5.599999999999981e+12 5.599999999999981e+12 5.599999999999981e+12 5.599999999999981e+12 5.599999999999981e+12 5.599999999999981e+12 5.599999999999981e+12 5.599999999999981e+12
 5.599999999999981e+12 5.599999999999981e+12 5.599999999999981e+12 5.599999999999981e+12 5.599999999999981e+12 5.599999999999981e+12 5.599999999999981e+12 5.599999999999981e+12 5.599999999999981e+12 5.599999999999981e+12
 5.599999999999981e+12 5.599999999999981e+12 5.599999999999981e+12 5.599999999999981e+12 5.599999999999981e+12 5.599999999999981e+12 5.599999999999981e+12 5.599999999999981e+12 5.599999999999981e+12 5.599999999999981e+12
 5.599999999999981e+12 5.599999999999981e+12 5.599999999999981e+12 5.599999999999981e+12 5.599999999999981e+12 5.599999999999981e+12 5.599999999999981e+12 5.599999999999981e+12 5.599999999999981e+12 5.599999999999981e+12
 5.599999999999981e+12 5.599999999999981e+12 5.599999999999981e+12 5.599999999999981e+12 5.599999999999981e+12 5.599999999999981e+12 5.599999999999981e+12 5.599999999999981e+12 5.599999999999981e+12 5.599999999999981e+12
 5.599999999999981e+12 5.599999999999981e+12 5.599999999999981e+12 5.599999999999981e+12 5.599999999999981e+12 5.599999999999981e+12 5.599999999999981e+12 5.599999999999981e+12 5.599999999999981e+12 5.599999999999981e+12
 5.599999999999981e+12 5.599999999999981e+12 5.599999999999981e+12 5.599999999999981e+12 5.599999999999981e+12 5.599999999999981e+12 5.599999999999981e+12 5.599999999999981e+12 5.599999999999981e+12 5.599999999999981e+12
 5.599999999999981e+12 5.599999999999981e+12 5.599999999999981e+12 5.599999999999981e+12 5.599999999999981e+12 5.599999999999981e+12 5.599999999999981e+12 1.000000560000002e+19 5.599999999999981e+12 1.000000560000002e+19
 5.599999999999981e+12 1.000000560000002e+19 5.599999999999981e+12 1.000000560000002e+19 5.599999999999981e+12 5.599999999999981e+12 5.599999999999981e+12 5.599999999999981e+12 5.599999999999981e+12 5.599999999999981e+12
 5.599999999999981e+12 5.599999999999981e+12 5.599999999999981e+12 5.599999999999981e+12 5.599999999999981e+12 5.599999999999981e+12 5.599999999999981e+12 5.599999999999981e+12 5.599999999999981e+12 5.599999999999981e+12
 5.599999999999981e+12 1.000000560000002e+19 5.599999999999981e+12 1.000000560000002e+19 5.599999999999981e+12 1.000000560000002e+19 5.599999999999981e+12 1.000000560000002e+19 5.599999999999981e+12 5.599999999999981e+12
 5.599999999999981e+12 5.599999999999981e+12 5.599999999999981e+12 5.599999999999981e+12 5.599999999999981e+12 5.599999999999981e+12 5.599999999999981e+12 5.599999999999981e+12 5.599999999999981e+12 5.599999999999981e+12
 5.599999999999981e+12 5.599999999999981e+12 5.599999999999981e+12 5.599999999999981e+12 5.599999999999981e+12 1.000000560000002e+19 5.599999999999981e+12 1.000000560000002e+19 5.599999999999981e+12 1.000000560000002e+19
 5.599999999999981e+12 1.000000560000002e+19 5.599999999999981e+12 5.599999999999981e+12 5.599999999999981e+12 5.599999999999981e+12 5.599999999999981e+12 5.599999999999981e+12 5.599999999999981e+12 5.599999999999981e+12
 5.599999999999981e+12 5.599999999999981e+12 5.599999999999981e+12 5.599999999999981e+12 5.599999999999981e+12 5.599999999999981e+12 5.599999999999981e+12 5.599999999999981e+12 5.599999999999981e+12 1.000000560000002e+19
 5.599999999999981e+12 1.000000560000002e+19 5.599999999999981e+12 1.000000560000002e+19 5.599999999999981e+12 1.000000560000002e+19 5.599999999999981e+12 5.599999999999981e+12 5.599999999999981e+12 5.599999999999981e+12
 5.599999999999981e+12 5.599999999999981e+12 5.599999999999981e+12 5.599999999999981e+12 5.599999999999981e+12 5.599999999999981e+12 5.599999999999981e+12 5.599999999999981e+12 5.599999999999981e+12 5.599999999999981e+12
 5.599999999999981e+12 5.599999999999981e+12 5.599999999999981e+12 1.000000560000002e+19 5.599999999999981e+12 1.000000560000002e+19 5.599999999999981e+12 1.000000560000002e+19 5.599999999999981e+12 1.000000560000002e+19
 5.599999999999981e+12 5.599999999999981e+12 5.599999999999981e+12 5.599999999999981e+12 5.599999999999981e+12 5.599999999999981e+12 5.599999999999981e+12 5.599999999999981e+12 5.599999999999981e+12 5.599999999999981e+12
 5.599999999999981e+12 5.599999999999981e+12 5.599999999999981e+12 5.599999999999981e+12 5.599999999999981e+12 5.599999999999981e+12 5.599999999999981e+12 1.000000560000002e+19 5.599999999999981e+12 1.000000560000002e+19
 5.599999999999981e+12 1.000000560000002e+19 5.599999999999981e+12 1.000000560000002e+19 5.599999999999981e+12 5.599999999999981e+12 5.599999999999981e+12 5.599999999999981e+12 5.599999999999981e+12 5.599999999999981e+12
 5.599999999999981e+12 5.599999999999981e+12 5.599999999999981e+12 5.599999999999981e+12 5.599999999999981e+12 5.599999999999981e+12 5.599999999999981e+12 5.599999999999981e+12 5.599999999999981e+12 5.599999999999981e+12
 5.599999999999981e+12 1.000000560000002e+19 5.599999999999981e+12 1.000000560000002e+19 5.599999999999981e+12 1.000000560000002e+19 5.599999999999981e+12 1.000000560000002e+19 5.599999999999981e+12 5.599999999999981e+12
 5.599999999999981e+12 5.599999999999981e+12 5.599999999999981e+12 5.599999999999981e+12 5.599999999999981e+12 5.599999999999981e+12 5.599999999999981e+12 5.599999999999981e+12 5.599999999999981e+12 5.599999999999981e+12
 5.599999999999981e+12 5.599999999999981e+12 5.599999999999981e+12 5.599999999999981e+12 5.599999999999981e+12 1.000000560000002e+19 5.599999999999981e+12 1.000000560000002e+19 5.599999999999981e+12 1.000000560000002e+19
 5.599999999999981e+12 1.000000560000002e+19 -9.999994400000018e+18 5.599999999999981e+12 -9.999994400000018e+18 5.599999999999981e+12 5.599999999999981e+12 5.599999999999981e+12 5.599999999999981e+12 5.599999999999981e+12
 5.599999999999981e+12 5.599999999999981e+12 5.599999999999981e+12 5.599999999999981e+12 5.599999999999981e+12 5.599999999999981e+12 5.599999999999981e+12 5.599999999999981e+12 5.599999999999981e+12 5.599999999999981e+12
 5.599999999999981e+12 5.599999999999981e+12 5.599999999999981e+12 5.599999999999981e+12 5.599999999999981e+12 5.599999999999981e+12 5.599999999999981e+12 5.599999999999981e+12 5.599999999999981e+12 5.599999999999981e+12
 5.599999999999981e+12 5.599999999999981e+12 5.599999999999981e+12 5.599999999999981e+12 5.599999999999981e+12 5.599999999999981e+12 5.599999999999981e+12 5.599999999999981e+12 5.599999999999981e+12 5.599999999999981e+12
 5.599999999999981e+12 5.599999999999981e+12 5.599999999999981e+12 5.599999999999981e+12 5.599999999999981e+12 5.599999999999981e+12 5.599999999999981e+12 5.599999999999981e+12 5.599999999999981e+12 5.599999999999981e+12
 5.599999999999981e+12 5.599999999999981e+12 5.599999999999981e+12 5.599999999999981e+12 5.599999999999981e+12 5.599999999999981e+12 5.599999999999981e+12 5.599999999999981e+12 5.599999999999981e+12 5.599999999999981e+12
 5.599999999999981e+12 5.599999999999981e+12 5.599999999999981e+12 5.599999999999981e+12 5.599999999999981e+12 5.599999999999981e+12 5.599999999999981e+12 5.599999999999981e+12 5.599999999999981e+12 5.599999999999981e+12
 5.599999999999981e+12 5.599999999999981e+12 -9.999994400000018e+18 5.599999999999981e+12 -9.999994400000018e+18 5.599999999999981e+12 5.599999999999981e+12 5.599999999999981e+12 5.599999999999981e+12 5.599999999999981e+12
 5.599999999999981e+12 5.599999999999981e+12 5.599999999999981e+12 5.599999999999981e+12 5.599999999999981e+12 5.599999999999981e+12 5.599999999999981e+12 5.599999999999981e+12 5.599999999999981e+12 5.599999999999981e+12
 5.599999999999981e+12 5.599999999999981e+12 5.599999999999981e+12 5.599999999999981e+12 5.599999999999981e+12 5.599999999999981e+12 5.599999999999981e+12 5.599999999999981e+12 5.599999999999981e+12 5.599999999999981e+12
 5.599999999999981e+12 5.599999999999981e+12 5.599999999999981e+12 5.599999999999981e+12 5.599999999999981e+12 5.599999999999981e+12 5.599999999999981e+12 5.599999999999981e+12 5.599999999999981e+12 5.599999999999981e+12
 5.599999999999981e+12 5.599999999999981e+12 5.599999999999981e+12 5.599999999999981e+12 5.599999999999981e+12 5.599999999999981e+12 5.599999999999981e+12 5.599999999999981e+12 5.599999999999981e+12 5.599999999999981e+12
 5.599999999999981e+12 5.599999999999981e+12 5.599999999999981e+12 5.599999999999981e+12 5.599999999999981e+12 5.599999999999981e+12 5.599999999999981e+12 5.599999999999981e+12 5.599999999999981e+12 5.599999999999981e+12
 5.599999999999981e+12 5.599999999999981e+12 5.599999999999981e+12 5.599999999999981e+12 5.599999999999981e+12 5.599999999999981e+12 5.599999999999981e+12 5.599999999999981e+12 5.599999999999981e+12 5.599999999999981e+12
 5.599999999999981e+12 5.599999999999981e+12 -9.999994400000018e+18 5.599999999999981e+12 -9.999994400000018e+18 5.599999999999981e+12 5.599999999999981e+12 5.599999999999981e+12 5.599999999999981e+12 5.599999999999981e+12
 5.599999999999981e+12 5.599999999999981e+12 5.599999999999981e+12 5.599999999999981e+12 5.599999999999981e+12 5.599999999999981e+12 5.599999999999981e+12 5.599999999999981e+12 5.599999999999981e+12 5.599999999999981e+12
 5.599999999999981e+12 5.599999999999981e+12 5.599999999999981e+12 5.599999999999981e+12 5.599999999999981e+12 5.599999999999981e+12 5.599999999999981e+12 5.599999999999981e+12 5.599999999999981e+12 5.599999999999981e+12
 5.599999999999981e+12 5.599999999999981e+12 5.599999999999981e+12 5.599999999999981e+12 5.599999999999981e+12 5.599999999999981e+12 5.599999999999981e+12 5.599999999999981e+12 5.599999999999981e+12 5.599999999999981e+12
 5.599999999999981e+12 5.599999999999981e+12 5.599999999999981e+12 5.599999999999981e+12 5.599999999999981e+12 5.599999999999981e+12 5.599999999999981e+12 5.599999999999981e+12 5.599999999999981e+12 5.599999999999981e+12
 5.599999999999981e+12 5.599999999999981e+12 5.599999999999981e+12 5.599999999999981e+12 5.599999999999981e+12 5.599999999999981e+12 5.599999999999981e+12 5.599999999999981e+12 5.599999999999981e+12 5.599999999999981e+12
 5.599999999999981e+12 5.599999999999981e+12 5.599999999999981e+12 5.599999999999981e+12 5.599999999999981e+12 5.599999999999981e+12 5.599999999999981e+12 5.599999999999981e+12 5.599999999999981e+12 5.599999999999981e+12
 5.599999999999981e+12 5.599999999999981e+12 -9.999994400000018e+18 5.599999999999981e+12 -9.999994400000018e+18 5.599999999999981e+12 5.599999999999981e+12 5.599999999999981e+12 5.599999999999981e+12 5.599999999999981e+12
 5.599999999999981e+12 5.599999999999981e+12 5.599999999999981e+12 5.599999999999981e+12 5.599999999999981e+12 5.599999999999981e+12 5.599999999999981e+12 5.599999999999981e+12 5.599999999999981e+12 5.599999999999981e+12
 5.599999999999981e+12 5.599999999999981e+12 5.599999999999981e+12 5.599999999999981e+12 5.599999999999981e+12 5.599999999999981e+12 5.599999999999981e+12 5.599999999999981e+12 5.599999999999981e+12 5.599999999999981e+12
 5.599999999999981e+12 5.599999999999981e+12 5.599999999999981e+12 5.599999999999981e+12 5.599999999999981e+12 5.599999999999981e+12 5.599999999999981e+12 5.599999999999981e+12 5.599999999999981e+12 5.599999999999981e+12
 5.599999999999981e+12 5.599999999999981e+12 5.599999999999981e+12 5.599999999999981e+12 5.599999999999981e+12 5.599999999999981e+12 5.599999999999981e+12 5.599999999999981e+12 5.599999999999981e+12 5.599999999999981e+12
 5.599999999999981e+12 5.599999999999981e+12 5.599999999999981e+12 5.599999999999981e+12 5.599999999999981e+12 5.599999999999981e+12 5.599999999999981e+12 5.599999999999981e+12 5.599999999999981e+12 5.599999999999981e+12
 5.599999999999981e+12 5.599999999999981e+12 5.599999999999981e+12 5.599999999999981e+12 5.599999999999981e+12 5.599999999999981e+12 5.599999999999981e+12 5.599999999999981e+12 5.599999999999981e+12 5.599999999999981e+12
 5.599999999999981e+12 5.599999999999981e+12 -9.999994400000018e+18 5.599999999999981e+12 -9.999994400000018e+18 5.599999999999981e+12 5.599999999999981e+12 5.599999999999981e+12 5.599999999999981e+12 5.599999999999981e+12
 5.599999999999981e+12 5.599999999999981e+12 5.599999999999981e+12 5.599999999999981e+12 5.599999999999981e+12 5.599999999999981e+12 5.599999999999981e+12 5.599999999999981e+12 5.599999999999981e+12 5.599999999999981e+12
 5.599999999999981e+12 5.599999999999981e+12 5.599999999999981e+12 5.599999999999981e+12 5.599999999999981e+12 5.599999999999981e+12 5.599999999999981e+12 5.599999999999981e+12 5.599999999999981e+12 5.599999999999981e+12
 5.599999999999981e+12 5.599999999999981e+12 5.599999999999981e+12 5.599999999999981e+12 5.599999999999981e+12 5.599999999999981e+12 5.599999999999981e+12 5.599999999999981e+12 5.599999999999981e+12 5.599999999999981e+12
 5.599999999999981e+12 5.599999999999981e+12 5.599999999999981e+12 5.599999999999981e+12 5.599999999999981e+12 5.599999999999981e+12 5.599999999999981e+12 5.599999999999981e+12 5.599999999999981e+12 5.599999999999981e+12
 5.599999999999981e+12 5.599999999999981e+12 5.599999999999981e+12 5.599999999999981e+12 5.599999999999981e+12 5.599999999999981e+12 5.599999999999981e+12 5.599999999999981e+12 5.599999999999981e+12 5.599999999999981e+12
 5.599999999999981e+12 5.599999999999981e+12 5.599999999999981e+12 5.599999999999981e+12 5.599999999999981e+12 5.599999999999981e+12 5.599999999999981e+12 5.599999999999981e+12 5.599999999999981e+12 5.599999999999981e+12
 5.599999999999981e+12 5.599999999999981e+12 -9.999994400000018e+18 5.599999999999981e+12 -9.999994400000018e+18 5.599999999999981e+12 5.599999999999981e+12 5.599999999999981e+12 5.599999999999981e+12 5.599999999999981e+12
 5.599999999999981e+12 5.599999999999981e+12 5.599999999999981e+12 5.599999999999981e+12 5.599999999999981e+12 5.599999999999981e+12 5.599999999999981e+12 5.599999999999981e+12 5.599999999999981e+12 5.599999999999981e+12
 5.599999999999981e+12 5.599999999999981e+12 5.599999999999981e+12 5.599999999999981e+12 5.599999999999981e+12 5.599999999999981e+12 5.599999999999981e+12 5.599999999999981e+12 5.599999999999981e+12 5.599999999999981e+12
 5.599999999999981e+12 5.599999999999981e+12 5.599999999999981e+12 5.599999999999981e+12 5.599999999999981e+12 5.599999999999981e+12 5.599999999999981e+12 5.599999999999981e+12 5.599999999999981e+12 5.599999999999981e+12
 5.599999999999981e+12 5.599999999999981e+12 5.599999999999981e+12 5.599999999999981e+12 5.599999999999981e+12 5.599999999999981e+12 5.599999999999981e+12 5.599999999999981e+12 5.599999999999981e+12 5.599999999999981e+12
 5.599999999999981e+12 5.599999999999981e+12 5.599999999999981e+12 5.599999999999981e+12 5.599999999999981e+12 5.599999999999981e+12 5.599999999999981e+12 5.599999999999981e+12 5.599999999999981e+12 5.599999999999981e+12
 5.599999999999981e+12 5.599999999999981e+12 5.599999999999981e+12 5.599999999999981e+12 5.599999999999981e+12 5.599999999999981e+12 5.599999999999981e+12 5.599999999999981e+12 5.599999999999981e+12 5.599999999999981e+12
 5.599999999999981e+12 5.599999999999981e+12 -9.999994400000018e+18 5.599999999999981e+12 -9.999994400000018e+18 5.599999999999981e+12 5.599999999999981e+12 5.599999999999981e+12 5.599999999999981e+12 5.599999999999981e+12
 5.599999999999981e+12 5.599999999999981e+12 5.599999999999981e+12 5.599999999999981e+12 5.599999999999981e+12 5.599999999999981e+12 5.599999999999981e+12 5.599999999999981e+12 5.599999999999981e+12 5.599999999999981e+12
 5.599999999999981e+12 5.599999999999981e+12 5.599999999999981e+12 5.599999999999981e+12 5.599999999999981e+12 5.599999999999981e+12 5.599999999999981e+12 5.599999999999981e+12 5.599999999999981e+12 5.599999999999981e+12
 5.599999999999981e+12 5.599999999999981e+12 5.599999999999981e+12 5.599999999999981e+12 5.599999999999981e+12 5.599999999999981e+12 5.599999999999981e+12 5.599999999999981e+12 5.599999999999981e+12 5.599999999999981e+12
 5.599999999999981e+12 5.599999999999981e+12 5.599999999999981e+12 5.599999999999981e+12 5.599999999999981e+12 5.599999999999981e+12 5.599999999999981e+12 5.599999999999981e+12 5.599999999999981e+12 5.599999999999981e+12
 5.599999999999981e+12 5.599999999999981e+12 5.599999999999981e+12 5.599999999999981e+12 5.599999999999981e+12 5.599999999999981e+12 5.599999999999981e+12 5.599999999999981e+12 5.599999999999981e+12 5.599999999999981e+12
 5.599999999999981e+12 5.599999999999981e+12 5.599999999999981e+12 5.599999999999981e+12 5.599999999999981e+12 5.599999999999981e+12 5.599999999999981e+12 5.599999999999981e+12 5.599999999999981e+12 5.599999999999981e+12
 5.599999999999981e+12 5.599999999999981e+12 -9.999994400000018e+18 5.599999999999981e+12 -9.999994400000018e+18 5.599999999999981e+12 5.599999999999981e+12 5.599999999999981e+12 5.599999999999981e+12 5.599999999999981e+12
 5.599999999999981e+12 5.599999999999981e+12 5.599999999999981e+12 5.599999999999981e+12 5.599999999999981e+12 5.599999999999981e+12 5.599999999999981e+12 5.599999999999981e+12 5.599999999999981e+12 5.599999999999981e+12
 5.599999999999981e+12 5.599999999999981e+12 5.599999999999981e+12 5.599999999999981e+12 5.599999999999981e+12 5.599999999999981e+12 5.599999999999981e+12 5.599999999999981e+12 5.599999999999981e+12 5.599999999999981e+12
 5.599999999999981e+12 5.599999999999981e+12 5.599999999999981e+12 5.599999999999981e+12 5.599999999999981e+12 5.599999999999981e+12 5.599999999999981e+12 5.599999999999981e+12 5.599999999999981e+12 5.599999999999981e+12
 5.599999999999981e+12 5.599999999999981e+12 5.599999999999981e+12 5.599999999999981e+12 5.599999999999981e+12 5.599999999999981e+12 5.599999999999981e+12 5.599999999999981e+12 5.599999999999981e+12 5.599999999999981e+12
 5.599999999999981e+12 5.599999999999981e+12 5.599999999999981e+12 5.599999999999981e+12 5.599999999999981e+12 5.599999999999981e+12 5.599999999999981e+12 5.599999999999981e+12 5.599999999999981e+12 5.599999999999981e+12
 5.599999999999981e+12 5.599999999999981e+12 5.599999999999981e+12 5.599999999999981e+12 5.599999999999981e+12 5.599999999999981e+12 5.599999999999981e+12 5.599999999999981e+12 5.599999999999981e+12 5.599999999999981e+12
 5.599999999999981e+12 5.599999999999981e+12 5.599999999999981e+12 5.599999999999981e+12 5.599999999999981e+12 5.599999999999981e+12 5.599999999999981e+12 5.599999999999981e+12 5.599999999999981e+12 5.599999999999981e+12
 5.599999999999981e+12 5.599999999999981e+12 5.599999999999981e+12 5.599999999999981e+12 5.599999999999981e+12 5.599999999999981e+12 5.599999999999981e+12 5.599999999999981e+12 5.599999999999981e+12 5.599999999999981e+12
 5.599999999999981e+12 5.599999999999981e+12 5.599999999999981e+12 5.599999999999981e+12 5.599999999999981e+12 5.599999999999981e+12 5.599999999999981e+12 5.599999999999981e+12 5.599999999999981e+12 5.599999999999981e+12
 5.599999999999981e+12 5.599999999999981e+12 5.599999999999981e+12 5.599999999999981e+12 5.599999999999981e+12 5.599999999999981e+12 5.599999999999981e+12 5.599999999999981e+12 5.599999999999981e+12 5.599999999999981e+12
 5.599999999999981e+12 5.599999999999981e+12 5.599999999999981e+12 5.599999999999981e+12 5.599999999999981e+12 5.599999999999981e+12 5.599999999999981e+12 5.599999999999981e+12 5.599999999999981e+12 5.599999999999981e+12
 5.599999999999981e+12 5.599999999999981e+12 5.599999999999981e+12 5.599999999999981e+12 5.599999999999981e+12 5.599999999999981e+12 5.599999999999981e+12 5.599999999999981e+12 5.599999999999981e+12 5.599999999999981e+12
 5.599999999999981e+12 5.599999999999981e+12 5.599999999999981e+12 5.599999999999981e+12 5.599999999999981e+12 5.599999999999981e+12 5.599999999999981e+12 5.599999999999981e+12 5.599999999999981e+12 5.599999999999981e+12
 5.599999999999981e+12 5.599999999999981e+12 5.599999999999981e+12 5.599999999999981e+12 5.599999999999981e+12 5.599999999999981e+12 5.599999999999981e+12 5.599999999999981e+12 5.599999999999981e+12 5.599999999999981e+12
 5.599999999999981e+12 5.599999999999981e+12 5.599999999999981e+12 5.599999999999981e+12 5.599999999999981e+12 5.599999999999981e+12 5.599999999999981e+12 5.599999999999981e+12 5.599999999999981e+12 5.599999999999981e+12
 5.599999999999981e+12 5.599999999999981e+12 5.599999999999981e+12 5.599999999999981e+12 5.599999999999981e+12 5.599999999999981e+12 5.599999999999981e+12 5.599999999999981e+12 5.599999999999981e+12 5.599999999999981e+12
 5.599999999999981e+12 5.599999999999981e+12 5.599999999999981e+12 5.599999999999981e+12 5.599999999999981e+12 5.599999999999981e+12 5.599999999999981e+12 5.599999999999981e+12 5.599999999999981e+12 5.599999999999981e+12
 5.599999999999981e+12 5.599999999999981e+12 5.599999999999981e+12 5.599999999999981e+12 5.599999999999981e+12 5.599999999999981e+12 5.599999999999981e+12 5.599999999999981e+12 5.599999999999981e+12 5.599999999999981e+12
 5.599999999999981e+12 5.599999999999981e+12 5.599999999999981e+12 5.599999999999981e+12 5.599999999999981e+12 5.599999999999981e+12 5.599999999999981e+12 5.599999999999981e+12 5.599999999999981e+12 5.599999999999981e+12
 5.599999999999981e+12 5.599999999999981e+12 5.599999999999981e+12 5.599999999999981e+12 5.599999999999981e+12 5.599999999999981e+12 5.599999999999981e+12 5.599999999999981e+12 5.599999999999981e+12 5.599999999999981e+12
 5.599999999999981e+12 5.599999999999981e+12 5.599999999999981e+12 5.599999999999981e+12 5.599999999999981e+12 5.599999999999981e+12 5.599999999999981e+12 5.599999999999981e+12 5.599999999999981e+12 5.599999999999981e+12
 5.599999999999981e+12 5.599999999999981e+12 5.599999999999981e+12 5.599999999999981e+12 5.599999999999981e+12 5.599999999999981e+12 5.599999999999981e+12 5.599999999999981e+12 5.599999999999981e+12 5.599999999999981e+12
 5.599999999999981e+12 5.599999999999981e+12 5.599999999999981e+12 5.599999999999981e+12 5.599999999999981e+12 5.599999999999981e+12 5.599999999999981e+12 5.599999999999981e+12 5.599999999999981e+12 5.599999999999981e+12
 5.599999999999981e+12 5.599999999999981e+12 5.599999999999981e+12 5.599999999999981e+12 5.599999999999981e+12 5.599999999999981e+12 5.599999999999981e+12 5.599999999999981e+12 5.599999999999981e+12 5.599999999999981e+12
 5.599999999999981e+12 5.599999999999981e+12 5.599999999999981e+12 5.599999999999981e+12 5.599999999999981e+12 5.599999999999981e+12 5.599999999999981e+12 5.599999999999981e+12 5.599999999999981e+12 5.599999999999981e+12
 5.599999999999981e+12 5.599999999999981e+12 5.599999999999981e+12 5.599999999999981e+12 5.599999999999981e+12 5.599999999999981e+12 5.599999999999981e+12 5.599999999999981e+12 5.599999999999981e+12 5.599999999999981e+12
 5.599999999999981e+12 5.599999999999981e+12 5.599999999999981e+12 5.599999999999981e+12 5.599999999999981e+12 5.599999999999981e+12 5.599999999999981e+12 5.599999999999981e+12 5.599999999999981e+12 5.599999999999981e+12
 5.599999999999981e+12 5.599999999999981e+12 5.599999999999981e+12 5.599999999999981e+12 5.599999999999981e+12 5.599999999999981e+12 5.599999999999981e+12 5.599999999999981e+12 5.599999999999981e+12 5.599999999999981e+12
 5.599999999999981e+12 5.599999999999981e+12 5.599999999999981e+12 5.599999999999981e+12 5.599999999999981e+12 5.599999999999981e+12 5.599999999999981e+12 5.599999999999981e+12 5.599999999999981e+12 5.599999999999981e+12
 5.599999999999981e+12 5.599999999999981e+12 5.599999999999981e+12 5.599999999999981e+12 5.599999999999981e+12 5.599999999999981e+12 5.599999999999981e+12 5.599999999999981e+12 5.599999999999981e+12 5.599999999999981e+12
 5.599999999999981e+12 5.599999999999981e+12 5.599999999999981e+12 5.599999999999981e+12 5.599999999999981e+12 5.599999999999981e+12 5.599999999999981e+12 5.599999999999981e+12 5.599999999999981e+12 5.599999999999981e+12
 5.599999999999981e+12 5.599999999999981e+12 5.599999999999981e+12 5.599999999999981e+12 5.599999999999981e+12 5.599999999999981e+12 5.599999999999981e+12 5.599999999999981e+12 5.599999999999981e+12 5.599999999999981e+12
 5.599999999999981e+12 5.599999999999981e+12 5.599999999999981e+12 5.599999999999981e+12 5.599999999999981e+12 5.599999999999981e+12 5.599999999999981e+12 5.599999999999981e+12 5.599999999999981e+12 5.599999999999981e+12
 5.599999999999981e+12 5.599999999999981e+12 5.599999999999981e+12 5.599999999999981e+12 5.599999999999981e+12 5.599999999999981e+12 5.599999999999981e+12 5.599999999999981e+12 5.599999999999981e+12 5.599999999999981e+12
 5.599999999999981e+12 5.599999999999981e+12 5.599999999999981e+12 5.599999999999981e+12 5.599999999999981e+12 5.599999999999981e+12 5.599999999999981e+12 5.599999999999981e+12 5.599999999999981e+12 5.599999999999981e+12
 5.599999999999981e+12 5.599999999999981e+12 5.599999999999981e+12 5.599999999999981e+12 5.599999999999981e+12 5.599999999999981e+12 5.599999999999981e+12 5.599999999999981e+12 5.599999999999981e+12 5.599999999999981e+12
 5.599999999999981e+12 5.599999999999981e+12 5.599999999999981e+12 5.599999999999981e+12 5.599999999999981e+12 5.599999999999981e+12 5.599999999999981e+12 5.599999999999981e+12 5.599999999999981e+12 5.599999999999981e+12
 5.599999999999981e+12 5.599999999999981e+12 5.599999999999981e+12 5.599999999999981e+12 5.599999999999981e+12 5.599999999999981e+12 5.599999999999981e+12 5.599999999999981e+12 5.599999999999981e+12 5.599999999999981e+12
 5.599999999999981e+12 5.599999999999981e+12 5.599999999999981e+12 5.599999999999981e+12 5.599999999999981e+12 5.599999999999981e+12 5.599999999999981e+12 5.599999999999981e+12 5.599999999999981e+12 5.599999999999981e+12
 5.599999999999981e+12 5.599999999999981e+12 5.599999999999981e+12 5.599999999999981e+12 5.599999999999981e+12 5.599999999999981e+12 5.599999999999981e+12 5.599999999999981e+12 5.599999999999981e+12 5.599999999999981e+12
 5.599999999999981e+12 5.599999999999981e+12 5.599999999999981e+12 5.599999999999981e+12 5.599999999999981e+12 5.599999999999981e+12 5.599999999999981e+12 5.599999999999981e+12 5.599999999999981e+12 5.599999999999981e+12
 5.599999999999981e+12 5.599999999999981e+12 5.599999999999981e+12 5.599999999999981e+12 5.599999999999981e+12 5.599999999999981e+12 5.599999999999981e+12 5.599999999999981e+12 5.599999999999981e+12 5.599999999999981e+12
 5.599999999999981e+12 5.599999999999981e+12 5.599999999999981e+12 5.599999999999981e+12 5.599999999999981e+12 5.599999999999981e+12 5.599999999999981e+12 5.599999999999981e+12 5.599999999999981e+12 5.599999999999981e+12
 5.599999999999981e+12 5.599999999999981e+12 5.599999999999981e+12 5.599999999999981e+12 5.599999999999981e+12 5.599999999999981e+12 5.599999999999981e+12 5.599999999999981e+12 5.599999999999981e+12 5.599999999999981e+12
 5.599999999999981e+12 5.599999999999981e+12 5.599999999999981e+12 5.599999999999981e+12 5.599999999999981e+12 5.599999999999981e+12 5.599999999999981e+12 5.599999999999981e+12 5.599999999999981e+12 5.599999999999981e+12
 5.599999999999981e+12 5.599999999999981e+12 5.599999999999981e+12 5.599999999999981e+12 5.599999999999981e+12 5.599999999999981e+12 5.599999999999981e+12 5.599999999999981e+12 5.599999999999981e+12 5.599999999999981e+12
 5.599999999999981e+12 5.599999999999981e+12 5.599999999999981e+12 5.599999999999981e+12 5.599999999999981e+12 5.599999999999981e+12 5.599999999999981e+12 5.599999999999981e+12 5.599999999999981e+12 5.599999999999981e+12
 5.599999999999981e+12 5.599999999999981e+12 5.599999999999981e+12 5.599999999999981e+12 5.599999999999981e+12 5.599999999999981e+12 5.599999999999981e+12 5.599999999999981e+12 5.599999999999981e+12 5.599999999999981e+12
 5.599999999999981e+12 5.599999999999981e+12 5.599999999999981e+12 5.599999999999981e+12 5.599999999999981e+12 5.599999999999981e+12 5.599999999999981e+12 5.599999999999981e+12 5.599999999999981e+12 5.599999999999981e+12
 5.599999999999981e+12 5.599999999999981e+12 5.599999999999981e+12 5.599999999999981e+12 5.599999999999981e+12 5.599999999999981e+12 5.599999999999981e+12 5.599999999999981e+12 5.599999999999981e+12 5.599999999999981e+12
 5.599999999999981e+12 5.599999999999981e+12 5.599999999999981e+12 5.599999999999981e+12 5.599999999999981e+12 5.599999999999981e+12 5.599999999999981e+12 5.599999999999981e+12 5.599999999999981e+12 5.599999999999981e+12
 5.599999999999981e+12 1.000000560000002e+19 5.599999999999981e+12 1.000000560000002e+19 5.599999999999981e+12 1.000000560000002e+19 5.599999999999981e+12 1.000000560000002e+19 5.599999999999981e+12 5.599999999999981e+12
 5.599999999999981e+12 5.599999999999981e+12 5.599999999999981e+12 5.599999999999981e+12 5.599999999999981e+12 5.599999999999981e+12 5.599999999999981e+12 5.599999999999981e+12 5.599999999999981e+12 5.599999999999981e+12
 5.599999999999981e+12 5.599999999999981e+12 5.599999999999981e+12 5.599999999999981e+12 5.599999999999981e+12 1.000000560000002e+19 5.599999999999981e+12 1.000000560000002e+19 5.599999999999981e+12 1.000000560000002e+19
 5.599999999999981e+12 1.000000560000002e+19 5.599999999999981e+12 5.599999999999981e+12 5.599999999999981e+12 5.599999999999981e+12 5.599999999999981e+12 5.599999999999981e+12 5.599999999999981e+12 5.599999999999981e+12
 5.599999999999981e+12 5.599999999999981e+12 5.599999999999981e+12 5.599999999999981e+12 5.599999999999981e+12 5.599999999999981e+12 5.599999999999981e+12 5.599999999999981e+12 5.599999999999981e+12 1.000000560000002e+19
 5.599999999999981e+12 1.000000560000002e+19 5.599999999999981e+12 1.000000560000002e+19 5.599999999999981e+12 1.000000560000002e+19 5.599999999999981e+12 5.599999999999981e+12 5.599999999999981e+12 5.599999999999981e+12
 5.599999999999981e+12 5.599999999999981e+12 5.599999999999981e+12 5.599999999999981e+12 5.599999999999981e+12 5.599999999999981e+12 5.599999999999981e+12 5.599999999999981e+12 5.599999999999981e+12 5.599999999999981e+12
 5.599999999999981e+12 5.599999999999981e+12 5.599999999999981e+12 1.000000560000002e+19 5.599999999999981e+12 1.000000560000002e+19 5.599999999999981e+12 1.000000560000002e+19 5.599999999999981e+12 1.000000560000002e+19
 -9.999994400000018e+18 5.599999999999981e+12 -9.999994400000018e+18 5.599999999999981e+12 5.599999999999981e+12 5.599999999999981e+12 5.599999999999981e+12 5.599999999999981e+12 5.599999999999981e+12 5.599999999999981e+12
 5.599999999999981e+12 5.599999999999981e+12 5.599999999999981e+12 5.599999999999981e+12 5.599999999999981e+12 5.599999999999981e+12 5.599999999999981e+12 5.599999999999981e+12 5.599999999999981e+12 5.599999999999981e+12
 5.599999999999981e+12 5.599999999999981e+12 5.599999999999981e+12 5.599999999999981e+12 5.599999999999981e+12 5.599999999999981e+12 5.599999999999981e+12 5.599999999999981e+12 5.599999999999981e+12 5.599999999999981e+12
 5.599999999999981e+12 5.599999999999981e+12 5.599999999999981e+12 5.599999999999981e+12 5.599999999999981e+12 5.599999999999981e+12 5.599999999999981e+12 5.599999999999981e+12 5.599999999999981e+12 5.599999999999981e+12
 5.599999999999981e+12 5.599999999999981e+12 5.599999999999981e+12 5.599999999999981e+12 5.599999999999981e+12 5.599999999999981e+12 5.599999999999981e+12 5.599999999999981e+12 5.599999999999981e+12 5.599999999999981e+12
 5.599999999999981e+12 5.599999999999981e+12 5.599999999999981e+12 5.599999999999981e+12 5.599999999999981e+12 5.599999999999981e+12 5.599999999999981e+12 5.599999999999981e+12 5.599999999999981e+12 5.599999999999981e+12
 5.599999999999981e+12 5.599999999999981e+12 5.599999999999981e+12 5.599999999999981e+12 5.599999999999981e+12 5.599999999999981e+12 5.599999999999981e+12 5.599999999999981e+12 5.599999999999981e+12 5.599999999999981e+12
 -9.999994400000018e+18 5.599999999999981e+12 -9.999994400000018e+18 5.599999999999981e+12 5.599999999999981e+12 5.599999999999981e+12 5.599999999999981e+12 5.599999999999981e+12 5.599999999999981e+12 5.599999999999981e+12
 5.599999999999981e+12 5.599999999999981e+12 5.599999999999981e+12 5.599999999999981e+12 5.599999999999981e+12 5.599999999999981e+12 5.599999999999981e+12 5.599999999999981e+12 5.599999999999981e+12 5.599999999999981e+12
 5.599999999999981e+12 5.599999999999981e+12 5.599999999999981e+12 5.599999999999981e+12 5.599999999999981e+12 5.599999999999981e+12 5.599999999999981e+12 5.599999999999981e+12 5.599999999999981e+12 5.599999999999981e+12
 5.599999999999981e+12 5.599999999999981e+12 5.599999999999981e+12 5.599999999999981e+12 5.599999999999981e+12 5.599999999999981e+12 5.599999999999981e+12 5.599999999999981e+12 5.599999999999981e+12 5.599999999999981e+12
 5.599999999999981e+12 5.599999999999981e+12 5.599999999999981e+12 5.599999999999981e+12 5.599999999999981e+12 5.599999999999981e+12 5.599999999999981e+12 5.599999999999981e+12 5.599999999999981e+12 5.599999999999981e+12
 5.599999999999981e+12 5.599999999999981e+12 5.599999999999981e+12 5.599999999999981e+12 5.599999999999981e+12 5.599999999999981e+12 5.599999999999981e+12 5.599999999999981e+12 5.599999999999981e+12 5.599999999999981e+12
 5.599999999999981e+12 5.599999999999981e+12 5.599999999999981e+12 5.599999999999981e+12 5.599999999999981e+12 5.599999999999981e+12 5.599999999999981e+12 5.599999999999981e+12 5.599999999999981e+12 5.599999999999981e+12
 -9.999994400000018e+18 5.599999999999981e+12 -9.999994400000018e+18 5.599999999999981e+12 5.599999999999981e+12 5.599999999999981e+12 5.599999999999981e+12 5.599999999999981e+12 5.599999999999981e+12 5.599999999999981e+12
 5.599999999999981e+12 5.599999999999981e+12 5.599999999999981e+12 5.599999999999981e+12 5.599999999999981e+12 5.599999999999981e+12 5.599999999999981e+12 5.599999999999981e+12 5.599999999999981e+12 5.599999999999981e+12
 5.599999999999981e+12 5.599999999999981e+12 5.599999999999981e+12 5.599999999999981e+12 5.599999999999981e+12 5.599999999999981e+12 5.599999999999981e+12 5.599999999999981e+12 5.599999999999981e+12 5.599999999999981e+12
 5.599999999999981e+12 5.599999999999981e+12 5.599999999999981e+12 5.599999999999981e+12 5.599999999999981e+12 5.599999999999981e+12 5.599999999999981e+12 5.599999999999981e+12 5.599999999999981e+12 5.599999999999981e+12
 5.599999999999981e+12 5.599999999999981e+12 5.599999999999981e+12 5.599999999999981e+12 5.599999999999981e+12 5.599999999999981e+12 5.599999999999981e+12 5.599999999999981e+12 5.599999999999981e+12 5.599999999999981e+12
 5.599999999999981e+12 5.599999999999981e+12 5.599999999999981e+12 5.599999999999981e+12 5.599999999999981e+12 5.599999999999981e+12 5.599999999999981e+12 5.599999999999981e+12 5.599999999999981e+12 5.599999999999981e+12
 5.599999999999981e+12 5.599999999999981e+12 5.599999999999981e+12 5.599999999999981e+12 5.599999999999981e+12 5.599999999999981e+12 5.599999999999981e+12 5.599999999999981e+12 5.599999999999981e+12 5.599999999999981e+12
 -9.999994400000018e+18 5.599999999999981e+12 -9.999994400000018e+18 5.599999999999981e+12 5.599999999999981e+12 5.599999999999981e+12 5.599999999999981e+12 5.599999999999981e+12 5.599999999999981e+12 5.599999999999981e+12
 5.599999999999981e+12 5.599999999999981e+12 5.599999999999981e+12 5.599999999999981e+12 5.599999999999981e+12 5.599999999999981e+12 5.599999999999981e+12 5.599999999999981e+12 5.599999999999981e+12 5.599999999999981e+12
 5.599999999999981e+12 5.599999999999981e+12 5.599999999999981e+12 5.599999999999981e+12 5.599999999999981e+12 5.599999999999981e+12 5.599999999999981e+12 5.599999999999981e+12 5.599999999999981e+12 5.599999999999981e+12
 5.599999999999981e+12 5.599999999999981e+12 5.599999999999981e+12 5.599999999999981e+12 5.599999999999981e+12 5.599999999999981e+12 5.599999999999981e+12 5.599999999999981e+12 5.599999999999981e+12 5.599999999999981e+12
 5.599999999999981e+12 5.599999999999981e+12 5.599999999999981e+12 5.599999999999981e+12 5.599999999999981e+12 5.599999999999981e+12 5.599999999999981e+12 5.599999999999981e+12 5.599999999999981e+12 5.599999999999981e+12
 5.599999999999981e+12 5.599999999999981e+12 5.599999999999981e+12 5.599999999999981e+12 5.599999999999981e+12 5.599999999999981e+12 5.599999999999981e+12 5.599999999999981e+12 5.599999999999981e+12 5.599999999999981e+12
 5.599999999999981e+12 5.599999999999981e+12 5.599999999999981e+12 5.599999999999981e+12 5.599999999999981e+12 5.599999999999981e+12 5.599999999999981e+12 5.599999999999981e+12 5.599999999999981e+12 5.599999999999981e+12
 5.599999999999981e+12 5.599999999999981e+12 5.599999999999981e+12 5.599999999999981e+12 5.599999999999981e+12 5.599999999999981e+12 5.599999999999981e+12 5.599999999999981e+12 5.599999999999981e+12 5.599999999999981e+12
 5.599999999999981e+12 5.599999999999981e+12 5.599999999999981e+12 5.599999999999981e+12 5.599999999999981e+12 5.599999999999981e+12 5.599999999999981e+12 5.599999999999981e+12 5.599999999999981e+12 5.599999999999981e+12
 5.599999999999981e+12 5.599999999999981e+12 5.599999999999981e+12 5.599999999999981e+12 5.599999999999981e+12 5.599999999999981e+12 5.599999999999981e+12 5.599999999999981e+12 5.599999999999981e+12 5.599999999999981e+12
 5.599999999999981e+12 5.599999999999981e+12 5.599999999999981e+12 5.599999999999981e+12 5.599999999999981e+12 5.599999999999981e+12 5.599999999999981e+12 5.599999999999981e+12 5.599999999999981e+12 5.599999999999981e+12
 5.599999999999981e+12 5.599999999999981e+12 5.599999999999981e+12 5.599999999999981e+12 5.599999999999981e+12 5.599999999999981e+12 5.599999999999981e+12 5.599999999999981e+12 5.599999999999981e+12 5.599999999999981e+12
 5.599999999999981e+12 5.599999999999981e+12 5.599999999999981e+12 5.599999999999981e+12 5.599999999999981e+12 5.599999999999981e+12 5.599999999999981e+12 5.599999999999981e+12 5.599999999999981e+12 5.599999999999981e+12
 5.599999999999981e+12 5.599999999999981e+12 5.599999999999981e+12 5.599999999999981e+12 5.599999999999981e+12 5.599999999999981e+12 5.599999999999981e+12 5.599999999999981e+12 5.599999999999981e+12 5.599999999999981e+12
 5.599999999999981e+12 5.599999999999981e+12 5.599999999999981e+12 5.599999999999981e+12 5.599999999999981e+12 5.599999999999981e+12 5.599999999999981e+12 5.599999999999981e+12 5.599999999999981e+12 5.599999999999981e+12
 5.599999999999981e+12 5.599999999999981e+12 5.599999999999981e+12 5.599999999999981e+12 5.599999999999981e+12 5.599999999999981e+12 5.599999999999981e+12 5.599999999999981e+12 5.599999999999981e+12 5.599999999999981e+12
 5.599999999999981e+12 5.599999999999981e+12 5.599999999999981e+12 5.599999999999981e+12 5.599999999999981e+12 5.599999999999981e+12 5.599999999999981e+12 5.599999999999981e+12 5.599999999999981e+12 5.599999999999981e+12
 5.599999999999981e+12 5.599999999999981e+12 5.599999999999981e+12 5.599999999999981e+12 5.599999999999981e+12 5.599999999999981e+12 5.599999999999981e+12 5.599999999999981e+12 5.599999999999981e+12 5.599999999999981e+12
 5.599999999999981e+12 5.599999999999981e+12 5.599999999999981e+12 5.599999999999981e+12 5.599999999999981e+12 5.599999999999981e+12 5.599999999999981e+12 5.599999999999981e+12 5.599999999999981e+12 5.599999999999981e+12
 5.599999999999981e+12 5.599999999999981e+12 5.599999999999981e+12 5.599999999999981e+12 5.599999999999981e+12 5.599999999999981e+12 5.599999999999981e+12 5.599999999999981e+12 5.599999999999981e+12 5.599999999999981e+12
 5.599999999999981e+12 5.599999999999981e+12 5.599999999999981e+12 5.599999999999981e+12 5.599999999999981e+12 5.599999999999981e+12 5.599999999999981e+12 5.599999999999981e+12 5.599999999999981e+12 5.599999999999981e+12
 5.599999999999981e+12 5.599999999999981e+12 5.599999999999981e+12 5.599999999999981e+12 5.599999999999981e+12 5.599999999999981e+12 5.599999999999981e+12 5.599999999999981e+12 5.599999999999981e+12 5.599999999999981e+12
 5.599999999999981e+12 5.599999999999981e+12 5.599999999999981e+12 5.599999999999981e+12 5.599999999999981e+12 5.599999999999981e+12 5.599999999999981e+12 5.599999999999981e+12 5.599999999999981e+12 5.599999999999981e+12
 5.599999999999981e+12 5.599999999999981e+12 5.599999999999981e+12 5.599999999999981e+12 5.599999999999981e+12 5.599999999999981e+12 5.599999999999981e+12 5.599999999999981e+12 5.599999999999981e+12 5.599999999999981e+12
 5.599999999999981e+12 5.599999999999981e+12 5.599999999999981e+12 5.599999999999981e+12 5.599999999999981e+12 5.599999999999981e+12 5.599999999999981e+12 5.599999999999981e+12 5.599999999999981e+12 5.599999999999981e+12
 5.599999999999981e+12 5.599999999999981e+12 5.599999999999981e+12 5.599999999999981e+12 5.599999999999981e+12 5.599999999999981e+12 5.599999999999981e+12 5.599999999999981e+12 5.599999999999981e+12 5.599999999999981e+12
 5.599999999999981e+12 5.599999999999981e+12 5.599999999999981e+12 5.599999999999981e+12 5.599999999999981e+12 5.599999999999981e+12 5.599999999999981e+12 5.599999999999981e+12 5.599999999999981e+12 5.599999999999981e+12
 5.599999999999981e+12 5.599999999999981e+12 5.599999999999981e+12 5.599999999999981e+12 5.599999999999981e+12 5.599999999999981e+12 5.599999999999981e+12 5.599999999999981e+12 5.599999999999981e+12 5.599999999999981e+12
 5.599999999999981e+12 5.599999999999981e+12 5.599999999999981e+12 5.599999999999981e+12 5.599999999999981e+12 5.599999999999981e+12 5.599999999999981e+12 5.599999999999981e+12 5.599999999999981e+12 5.599999999999981e+12
 5.599999999999981e+12 5.599999999999981e+12 5.599999999999981e+12 5.599999999999981e+12 5.599999999999981e+12 5.599999999999981e+12 5.599999999999981e+12 5.599999999999981e+12 5.599999999999981e+12 5.599999999999981e+12
 5.599999999999981e+12 5.599999999999981e+12 5.599999999999981e+12 1.000000560000002e+19 5.599999999999981e+12 1.000000560000002e+19 5.599999999999981e+12 1.000000560000002e+19 5.599999999999981e+12 1.000000560000002e+19
 5.599999999999981e+12 5.599999999999981e+12 5.599999999999981e+12 5.599999999999981e+12 5.599999999999981e+12 5.599999999999981e+12 5.599999999999981e+12 5.599999999999981e+12 5.599999999999981e+12 5.599999999999981e+12
 5.599999999999981e+12 5.599999999999981e+12 5.599999999999981e+12 5.599999999999981e+12 5.599999999999981e+12 5.599999999999981e+12 5.599999999999981e+12 1.000000560000002e+19 5.599999999999981e+12 1.000000560000002e+19
 5.599999999999981e+12 1.000000560000002e+19 5.599999999999981e+12 1.000000560000002e+19 -9.999994400000018e+18 5.599999999999981e+12 -9.999994400000018e+18 5.599999999999981e+12 5.599999999999981e+12 5.599999999999981e+12
 5.599999999999981e+12 5.599999999999981e+12 5.599999999999981e+12 5.599999999999981e+12 5.599999999999981e+12 5.599999999999981e+12 5.599999999999981e+12 5.599999999999981e+12 5.599999999999981e+12 5.599999999999981e+12
 5.599999999999981e+12 5.599999999999981e+12 5.599999999999981e+12 5.599999999999981e+12 5.599999999999981e+12 5.599999999999981e+12 5.599999999999981e+12 5.599999999999981e+12 5.599999999999981e+12 5.599999999999981e+12
 5.599999999999981e+12 5.599999999999981e+12 5.599999999999981e+12 5.599999999999981e+12 5.599999999999981e+12 5.599999999999981e+12 5.599999999999981e+12 5.599999999999981e+12 5.599999999999981e+12 5.599999999999981e+12
 5.599999999999981e+12 5.599999999999981e+12 5.599999999999981e+12 5.599999999999981e+12 5.599999999999981e+12 5.599999999999981e+12 5.599999999999981e+12 5.599999999999981e+12 5.599999999999981e+12 5.599999999999981e+12
 5.599999999999981e+12 5.599999999999981e+12 5.599999999999981e+12 5.599999999999981e+12 5.599999999999981e+12 5.599999999999981e+12 5.599999999999981e+12 5.599999999999981e+12 5.599999999999981e+12 5.599999999999981e+12
 5.599999999999981e+12 5.599999999999981e+12 5.599999999999981e+12 5.599999999999981e+12 5.599999999999981e+12 5.599999999999981e+12 5.599999999999981e+12 5.599999999999981e+12 5.599999999999981e+12 5.599999999999981e+12
 5.599999999999981e+12 5.599999999999981e+12 5.599999999999981e+12 5.599999999999981e+12 -9.999994400000018e+18 5.599999999999981e+12 -9.999994400000018e+18 5.599999999999981e+12 5.599999999999981e+12 5.599999999999981e+12
 5.599999999999981e+12 5.599999999999981e+12 5.599999999999981e+12 5.599999999999981e+12 5.599999999999981e+12 5.599999999999981e+12 5.599999999999981e+12 5.599999999999981e+12 5.599999999999981e+12 5.599999999999981e+12
 5.599999999999981e+12 5.599999999999981e+12 5.599999999999981e+12 5.599999999999981e+12 5.599999999999981e+12 5.599999999999981e+12 5.599999999999981e+12 5.599999999999981e+12 5.599999999999981e+12 5.599999999999981e+12
 5.599999999999981e+12 5.599999999999981e+12 5.599999999999981e+12 5.599999999999981e+12 5.599999999999981e+12 5.599999999999981e+12 5.599999999999981e+12 5.599999999999981e+12 5.599999999999981e+12 5.599999999999981e+12
 5.599999999999981e+12 5.599999999999981e+12 5.599999999999981e+12 5.599999999999981e+12 5.599999999999981e+12 5.599999999999981e+12 5.599999999999981e+12 5.599999999999981e+12 5.599999999999981e+12 5.599999999999981e+12
 5.599999999999981e+12 5.599999999999981e+12 5.599999999999981e+12 5.599999999999981e+12 5.599999999999981e+12 5.599999999999981e+12 5.599999999999981e+12 5.599999999999981e+12 5.599999999999981e+12 5.599999999999981e+12
 5.599999999999981e+12 5.599999999999981e+12 5.599999999999981e+12 5.599999999999981e+12 5.599999999999981e+12 5.599999999999981e+12 5.599999999999981e+12 5.599999999999981e+12 5.599999999999981e+12 5.599999999999981e+12
 5.599999999999981e+12 5.599999999999981e+12 5.599999999999981e+12 5.599999999999981e+12 5.599999999999981e+12 5.599999999999981e+12 5.599999999999981e+12 5.599999999999981e+12 5.599999999999981e+12 5.599999999999981e+12
 5.599999999999981e+12 5.599999999999981e+12 5.599999999999981e+12 5.599999999999981e+12 5.599999999999981e+12 5.599999999999981e+12 5.599999999999981e+12 5.599999999999981e+12 5.599999999999981e+12 5.599999999999981e+12
 5.599999999999981e+12 5.599999999999981e+12 5.599999999999981e+12 5.599999999999981e+12 5.599999999999981e+12 5.599999999999981e+12 5.599999999999981e+12 5.599999999999981e+12 5.599999999999981e+12 5.599999999999981e+12
 5.599999999999981e+12 5.599999999999981e+12 5.599999999999981e+12 5.599999999999981e+12 5.599999999999981e+12 5.599999999999981e+12 5.599999999999981e+12 5.599999999999981e+12 5.599999999999981e+12 5.599999999999981e+12
 5.599999999999981e+12 5.599999999999981e+12 5.599999999999981e+12 5.599999999999981e+12 5.599999999999981e+12 5.599999999999981e+12 5.599999999999981e+12 5.599999999999981e+12 5.599999999999981e+12 5.599999999999981e+12
 5.599999999999981e+12 5.599999999999981e+12 5.599999999999981e+12 5.599999999999981e+12 5.599999999999981e+12 5.599999999999981e+12 5.599999999999981e+12 5.599999999999981e+12 5.599999999999981e+12 5.599999999999981e+12
 5.599999999999981e+12 5.599999999999981e+12 5.599999999999981e+12 5.599999999999981e+12 5.599999999999981e+12 5.599999999999981e+12 5.599999999999981e+12 5.599999999999981e+12 5.599999999999981e+12 5.599999999999981e+12
 5.599999999999981e+12 5.599999999999981e+12 5.599999999999981e+12 5.599999999999981e+12 5.599999999999981e+12 5.599999999999981e+12 5.599999999999981e+12 5.599999999999981e+12 5.599999999999981e+12 5.599999999999981e+12
 5.599999999999981e+12 5.599999999999981e+12 5.599999999999981e+12 5.599999999999981e+12 5.599999999999981e+12 5.599999999999981e+12 5.599999999999981e+12 5.599999999999981e+12 5.599999999999981e+12 5.599999999999981e+12
 5.599999999999981e+12 5.599999999999981e+12 5.599999999999981e+12 5.599999999999981e+12 5.599999999999981e+12 5.599999999999981e+12 5.599999999999981e+12 5.599999999999981e+12 5.599999999999981e+12 5.599999999999981e+12
 5.599999999999981e+12 5.599999999999981e+12 5.599999999999981e+12 5.599999999999981e+12 5.599999999999981e+12 5.599999999999981e+12 5.599999999999981e+12 5.599999999999981e+12 5.599999999999981e+12 5.599999999999981e+12
 5.599999999999981e+12 5.599999999999981e+12 5.599999999999981e+12 5.599999999999981e+12 5.599999999999981e+12 5.599999999999981e+12 5.599999999999981e+12 5.599999999999981e+12 5.599999999999981e+12 5.599999999999981e+12
 5.599999999999981e+12 5.599999999999981e+12 5.599999999999981e+12 5.599999999999981e+12 5.599999999999981e+12 5.599999999999981e+12 5.599999999999981e+12 5.599999999999981e+12 5.599999999999981e+12 1.000000560000002e+19
 5.599999999999981e+12 1.000000560000002e+19 5.599999999999981e+12 1.000000560000002e+19 5.599999999999981e+12 1.000000560000002e+19 -9.999994400000018e+18 5.599999999999981e+12 -9.999994400000018e+18 5.599999999999981e+12
 5.599999999999981e+12 5.599999999999981e+12 5.599999999999981e+12 5.599999999999981e+12 5.599999999999981e+12 5.599999999999981e+12 5.599999999999981e+12 5.599999999999981e+12 5.599999999999981e+12 5.599999999999981e+12
 5.599999999999981e+12 5.599999999999981e+12 5.599999999999981e+12 5.599999999999981e+12 5.599999999999981e+12 5.599999999999981e+12 5.599999999999981e+12 5.599999999999981e+12 5.599999999999981e+12 5.599999999999981e+12
 5.599999999999981e+12 5.599999999999981e+12 5.599999999999981e+12 5.599999999999981e+12 5.599999999999981e+12 5.599999999999981e+12 5.599999999999981e+12 5.599999999999981e+12 5.599999999999981e+12 5.599999999999981e+12
 5.599999999999981e+12 5.599999999999981e+12 5.599999999999981e+12 5.599999999999981e+12 5.599999999999981e+12 5.599999999999981e+12 5.599999999999981e+12 5.599999999999981e+12 5.599999999999981e+12 5.599999999999981e+12
 5.599999999999981e+12 5.599999999999981e+12 5.599999999999981e+12 5.599999999999981e+12 5.599999999999981e+12 5.599999999999981e+12 5.599999999999981e+12 5.599999999999981e+12 5.599999999999981e+12 5.599999999999981e+12
 5.599999999999981e+12 5.599999999999981e+12 5.599999999999981e+12 5.599999999999981e+12 5.599999999999981e+12 5.599999999999981e+12 5.599999999999981e+12 5.599999999999981e+12 5.599999999999981e+12 5.599999999999981e+12
 5.599999999999981e+12 5.599999999999981e+12 5.599999999999981e+12 5.599999999999981e+12 5.599999999999981e+12 5.599999999999981e+12 5.599999999999981e+12 5.599999999999981e+12 5.599999999999981e+12 5.599999999999981e+12
 5.599999999999981e+12 5.599999999999981e+12 5.599999999999981e+12 5.599999999999981e+12 5.599999999999981e+12 5.599999999999981e+12 5.599999999999981e+12 5.599999999999981e+12 5.599999999999981e+12 5.599999999999981e+12
 5.599999999999981e+12 5.599999999999981e+12 5.599999999999981e+12 5.599999999999981e+12 5.599999999999981e+12 5.599999999999981e+12 5.599999999999981e+12 5.599999999999981e+12 5.599999999999981e+12 5.599999999999981e+12
 5.599999999999981e+12 5.599999999999981e+12 5.599999999999981e+12 5.599999999999981e+12 5.599999999999981e+12 5.599999999999981e+12 5.599999999999981e+12 5.599999999999981e+12 5.599999999999981e+12 5.599999999999981e+12
 5.599999999999981e+12 5.599999999999981e+12 5.599999999999981e+12 5.599999999999981e+12 5.599999999999981e+12 5.599999999999981e+12 5.599999999999981e+12 5.599999999999981e+12 5.599999999999981e+12 5.599999999999981e+12
 5.599999999999981e+12 5.599999999999981e+12 5.599999999999981e+12 5.599999999999981e+12 5.599999999999981e+12 5.599999999999981e+12 5.599999999999981e+12 5.599999999999981e+12 5.599999999999981e+12 5.599999999999981e+12
 5.599999999999981e+12 5.599999999999981e+12 5.599999999999981e+12 5.599999999999981e+12 5.599999999999981e+12 5.599999999999981e+12 5.599999999999981e+12 5.599999999999981e+12 5.599999999999981e+12 1.000000560000002e+19
 5.599999999999981e+12 1.000000560000002e+19 -9.999994400000018e+18 5.599999999999981e+12 5.599999999999981e+12 5.599999999999981e+12 5.599999999999981e+12 5.599999999999981e+12 5.599999999999981e+12 5.599999999999981e+12
 5.599999999999981e+12 5.599999999999981e+12 5.599999999999981e+12 5.599999999999981e+12 5.599999999999981e+12 5.599999999999981e+12 5.599999999999981e+12 5.599999999999981e+12 5.599999999999981e+12 5.599999999999981e+12
 5.599999999999981e+12 5.599999999999981e+12 5.599999999999981e+12 5.599999999999981e+12 5.599999999999981e+12 5.599999999999981e+12 5.599999999999981e+12 5.599999999999981e+12 5.599999999999981e+12 5.599999999999981e+12
 5.599999999999981e+12 5.599999999999981e+12 5.599999999999981e+12 5.599999999999981e+12 5.599999999999981e+12 5.599999999999981e+12 5.599999999999981e+12 5.599999999999981e+12 5.599999999999981e+12 5.599999999999981e+12
 5.599999999999981e+12 5.599999999999981e+12 5.599999999999981e+12 5.599999999999981e+12 5.599999999999981e+12 5.599999999999981e+12 5.599999999999981e+12 5.599999999999981e+12 5.599999999999981e+12 5.599999999999981e+12
 5.599999999999981e+12 5.599999999999981e+12 5.599999999999981e+12 5.599999999999981e+12 5.599999999999981e+12 5.599999999999981e+12 5.599999999999981e+12 5.599999999999981e+12 5.599999999999981e+12 5.599999999999981e+12
 5.599999999999981e+12 5.599999999999981e+12 5.599999999999981e+12 5.599999999999981e+12 5.599999999999981e+12 5.599999999999981e+12 5.599999999999981e+12 5.599999999999981e+12 5.599999999999981e+12 5.599999999999981e+12
 5.599999999999981e+12 5.599999999999981e+12 5.599999999999981e+12 5.599999999999981e+12 5.599999999999981e+12 5.599999999999981e+12 5.599999999999981e+12 5.599999999999981e+12 5.599999999999981e+12 5.599999999999981e+12
 5.599999999999981e+12 5.599999999999981e+12 5.599999999999981e+12 5.599999999999981e+12 5.599999999999981e+12 5.599999999999981e+12 5.599999999999981e+12 5.599999999999981e+12 5.599999999999981e+12 5.599999999999981e+12
 5.599999999999981e+12 5.599999999999981e+12 5.599999999999981e+12 5.599999999999981e+12 5.599999999999981e+12 5.599999999999981e+12 5.599999999999981e+12 5.599999999999981e+12 5.599999999999981e+12 5.599999999999981e+12
 5.599999999999981e+12 5.599999999999981e+12 5.599999999999981e+12 1.000000560000002e+19 5.599999999999981e+12 5.599999999999981e+12 5.599999999999981e+12 5.599999999999981e+12 5.599999999999981e+12 5.599999999999981e+12
 5.599999999999981e+12 5.599999999999981e+12 5.599999999999981e+12 5.599999999999981e+12 5.599999999999981e+12 5.599999999999981e+12 5.599999999999981e+12 5.599999999999981e+12 5.599999999999981e+12 5.599999999999981e+12
 5.599999999999981e+12 5.599999999999981e+12 5.599999999999981e+12 5.599999999999981e+12 5.599999999999981e+12 5.599999999999981e+12 5.599999999999981e+12 5.599999999999981e+12 5.599999999999981e+12 5.599999999999981e+12
 5.599999999999981e+12 5.599999999999981e+12 5.599999999999981e+12 5.599999999999981e+12 5.599999999999981e+12 5.599999999999981e+12 1.000000560000002e+19 1.000000560000002e+19 -9.999994400000018e+18 -9.999994400000018e+18

    }
  }

  Dataset ("NitrogenActiveConcentration") {
    function  = NitrogenActiveConcentration
    type      = scalar
    dimension = 1
    location  = vertex
    validity  = [ "i_layer" ]
    Values (4420) {
 5.599999999999991e+12 5.599999999999991e+12 5.599999999999991e+12 5.599999999999991e+12 5.599999999999991e+12 5.599999999999991e+12 5.599999999999991e+12 5.599999999999991e+12 5.599999999999991e+12 5.599999999999991e+12
 5.599999999999991e+12 5.599999999999991e+12 5.599999999999991e+12 5.599999999999991e+12 5.599999999999991e+12 5.599999999999991e+12 5.599999999999991e+12 5.599999999999991e+12 5.599999999999991e+12 5.599999999999991e+12
 5.599999999999991e+12 5.599999999999991e+12 5.599999999999991e+12 5.599999999999991e+12 5.599999999999991e+12 5.599999999999991e+12 5.599999999999991e+12 5.599999999999991e+12 5.599999999999991e+12 5.599999999999991e+12
 5.599999999999991e+12 5.599999999999991e+12 5.599999999999991e+12 5.599999999999991e+12 5.599999999999991e+12 5.599999999999991e+12 5.599999999999991e+12 5.599999999999991e+12 5.599999999999991e+12 5.599999999999991e+12
 5.599999999999991e+12 5.599999999999991e+12 5.599999999999991e+12 5.599999999999991e+12 5.599999999999991e+12 5.599999999999991e+12 5.599999999999991e+12 5.599999999999991e+12 5.599999999999991e+12 5.599999999999991e+12
 5.599999999999991e+12 5.599999999999991e+12 5.599999999999991e+12 5.599999999999991e+12 5.599999999999991e+12 5.599999999999991e+12 5.599999999999991e+12 5.599999999999991e+12 5.599999999999991e+12 5.599999999999991e+12
 5.599999999999991e+12 5.599999999999991e+12 5.599999999999991e+12 5.599999999999991e+12 5.599999999999991e+12 5.599999999999991e+12 5.599999999999991e+12 5.599999999999991e+12 5.599999999999991e+12 5.599999999999991e+12
 5.599999999999991e+12 5.599999999999991e+12 5.599999999999991e+12 5.599999999999991e+12 5.599999999999991e+12 5.599999999999991e+12 5.599999999999991e+12 5.599999999999991e+12 5.599999999999991e+12 5.599999999999991e+12
 5.599999999999991e+12 5.599999999999991e+12 5.599999999999991e+12 5.599999999999991e+12 5.599999999999991e+12 5.599999999999991e+12 5.599999999999991e+12 5.599999999999991e+12 5.599999999999991e+12 5.599999999999991e+12
 5.599999999999991e+12 5.599999999999991e+12 5.599999999999991e+12 5.599999999999991e+12 5.599999999999991e+12 5.599999999999991e+12 5.599999999999991e+12 5.599999999999991e+12 5.599999999999991e+12 5.599999999999991e+12
 5.599999999999991e+12 5.599999999999991e+12 5.599999999999991e+12 5.599999999999991e+12 5.599999999999991e+12 5.599999999999991e+12 5.599999999999991e+12 5.599999999999991e+12 5.599999999999991e+12 5.599999999999991e+12
 5.599999999999991e+12 5.599999999999991e+12 5.599999999999991e+12 5.599999999999991e+12 5.599999999999991e+12 5.599999999999991e+12 5.599999999999991e+12 5.599999999999991e+12 5.599999999999991e+12 5.599999999999991e+12
 5.599999999999991e+12 5.599999999999991e+12 5.599999999999991e+12 5.599999999999991e+12 5.599999999999991e+12 5.599999999999991e+12 5.599999999999991e+12 5.599999999999991e+12 5.599999999999991e+12 5.599999999999991e+12
 5.599999999999991e+12 5.599999999999991e+12 5.599999999999991e+12 5.599999999999991e+12 5.599999999999991e+12 5.599999999999991e+12 5.599999999999991e+12 5.599999999999991e+12 5.599999999999991e+12 5.599999999999991e+12
 5.599999999999991e+12 5.599999999999991e+12 5.599999999999991e+12 5.599999999999991e+12 5.599999999999991e+12 5.599999999999991e+12 5.599999999999991e+12 5.599999999999991e+12 5.599999999999991e+12 5.599999999999991e+12
 5.599999999999991e+12 5.599999999999991e+12 5.599999999999991e+12 5.599999999999991e+12 5.599999999999991e+12 5.599999999999991e+12 5.599999999999991e+12 5.599999999999991e+12 5.599999999999991e+12 5.599999999999991e+12
 5.599999999999991e+12 5.599999999999991e+12 5.599999999999991e+12 5.599999999999991e+12 5.599999999999991e+12 5.599999999999991e+12 5.599999999999991e+12 5.599999999999991e+12 5.599999999999991e+12 5.599999999999991e+12
 5.599999999999991e+12 5.599999999999991e+12 5.599999999999991e+12 5.599999999999991e+12 5.599999999999991e+12 5.599999999999991e+12 5.599999999999991e+12 5.599999999999991e+12 5.599999999999991e+12 5.599999999999991e+12
 5.599999999999991e+12 5.599999999999991e+12 5.599999999999991e+12 5.599999999999991e+12 5.599999999999991e+12 5.599999999999991e+12 5.599999999999991e+12 5.599999999999991e+12 5.599999999999991e+12 5.599999999999991e+12
 5.599999999999991e+12 5.599999999999991e+12 5.599999999999991e+12 5.599999999999991e+12 5.599999999999991e+12 5.599999999999991e+12 5.599999999999991e+12 5.599999999999991e+12 5.599999999999991e+12 5.599999999999991e+12
 5.599999999999991e+12 5.599999999999991e+12 5.599999999999991e+12 5.599999999999991e+12 5.599999999999991e+12 5.599999999999991e+12 5.599999999999991e+12 5.599999999999991e+12 5.599999999999991e+12 5.599999999999991e+12
 5.599999999999991e+12 5.599999999999991e+12 5.599999999999991e+12 5.599999999999991e+12 5.599999999999991e+12 5.599999999999991e+12 5.599999999999991e+12 5.599999999999991e+12 5.599999999999991e+12 5.599999999999991e+12
 5.599999999999991e+12 5.599999999999991e+12 5.599999999999991e+12 5.599999999999991e+12 5.599999999999991e+12 5.599999999999991e+12 5.599999999999991e+12 5.599999999999991e+12 5.599999999999991e+12 5.599999999999991e+12
 5.599999999999991e+12 5.599999999999991e+12 5.599999999999991e+12 5.599999999999991e+12 5.599999999999991e+12 5.599999999999991e+12 5.599999999999991e+12 5.599999999999991e+12 5.599999999999991e+12 5.599999999999991e+12
 5.599999999999991e+12 5.599999999999991e+12 5.599999999999991e+12 5.599999999999991e+12 5.599999999999991e+12 5.599999999999991e+12 5.599999999999991e+12 5.599999999999991e+12 5.599999999999991e+12 5.599999999999991e+12
 5.599999999999991e+12 5.599999999999991e+12 5.599999999999991e+12 5.599999999999991e+12 5.599999999999991e+12 5.599999999999991e+12 5.599999999999991e+12 5.599999999999991e+12 5.599999999999991e+12 5.599999999999991e+12
 5.599999999999991e+12 5.599999999999991e+12 5.599999999999991e+12 5.599999999999991e+12 5.599999999999991e+12 5.599999999999991e+12 5.599999999999991e+12 5.599999999999991e+12 5.599999999999991e+12 5.599999999999991e+12
 5.599999999999991e+12 5.599999999999991e+12 5.599999999999991e+12 5.599999999999991e+12 5.599999999999991e+12 5.599999999999991e+12 5.599999999999991e+12 5.599999999999991e+12 5.599999999999991e+12 5.599999999999991e+12
 5.599999999999991e+12 5.599999999999991e+12 5.599999999999991e+12 5.599999999999991e+12 5.599999999999991e+12 5.599999999999991e+12 5.599999999999991e+12 5.599999999999991e+12 5.599999999999991e+12 5.599999999999991e+12
 5.599999999999991e+12 5.599999999999991e+12 5.599999999999991e+12 5.599999999999991e+12 5.599999999999991e+12 5.599999999999991e+12 5.599999999999991e+12 5.599999999999991e+12 5.599999999999991e+12 5.599999999999991e+12
 5.599999999999991e+12 5.599999999999991e+12 5.599999999999991e+12 5.599999999999991e+12 5.599999999999991e+12 5.599999999999991e+12 5.599999999999991e+12 5.599999999999991e+12 5.599999999999991e+12 5.599999999999991e+12
 5.599999999999991e+12 5.599999999999991e+12 5.599999999999991e+12 5.599999999999991e+12 5.599999999999991e+12 5.599999999999991e+12 5.599999999999991e+12 5.599999999999991e+12 5.599999999999991e+12 5.599999999999991e+12
 5.599999999999991e+12 5.599999999999991e+12 5.599999999999991e+12 5.599999999999991e+12 5.599999999999991e+12 5.599999999999991e+12 5.599999999999991e+12 5.599999999999991e+12 5.599999999999991e+12 5.599999999999991e+12
 5.599999999999991e+12 5.599999999999991e+12 5.599999999999991e+12 5.599999999999991e+12 5.599999999999991e+12 5.599999999999991e+12 5.599999999999991e+12 5.599999999999991e+12 5.599999999999991e+12 5.599999999999991e+12
 5.599999999999991e+12 5.599999999999991e+12 5.599999999999991e+12 5.599999999999991e+12 5.599999999999991e+12 5.599999999999991e+12 5.599999999999991e+12 5.599999999999991e+12 5.599999999999991e+12 5.599999999999991e+12
 5.599999999999991e+12 5.599999999999991e+12 5.599999999999991e+12 5.599999999999991e+12 5.599999999999991e+12 5.599999999999991e+12 5.599999999999991e+12 5.599999999999991e+12 5.599999999999991e+12 5.599999999999991e+12
 5.599999999999991e+12 5.599999999999991e+12 5.599999999999991e+12 5.599999999999991e+12 5.599999999999991e+12 5.599999999999991e+12 5.599999999999991e+12 5.599999999999991e+12 5.599999999999991e+12 5.599999999999991e+12
 5.599999999999991e+12 5.599999999999991e+12 5.599999999999991e+12 5.599999999999991e+12 5.599999999999991e+12 5.599999999999991e+12 5.599999999999991e+12 5.599999999999991e+12 5.599999999999991e+12 5.599999999999991e+12
 5.599999999999991e+12 5.599999999999991e+12 5.599999999999991e+12 5.599999999999991e+12 5.599999999999991e+12 5.599999999999991e+12 5.599999999999991e+12 5.599999999999991e+12 5.599999999999991e+12 5.599999999999991e+12
 5.599999999999991e+12 5.599999999999991e+12 5.599999999999991e+12 5.599999999999991e+12 5.599999999999991e+12 5.599999999999991e+12 5.599999999999991e+12 5.599999999999991e+12 5.599999999999991e+12 5.599999999999991e+12
 5.599999999999991e+12 5.599999999999991e+12 5.599999999999991e+12 5.599999999999991e+12 5.599999999999991e+12 5.599999999999991e+12 5.599999999999991e+12 5.599999999999991e+12 5.599999999999991e+12 5.599999999999991e+12
 5.599999999999991e+12 5.599999999999991e+12 5.599999999999991e+12 5.599999999999991e+12 5.599999999999991e+12 5.599999999999991e+12 5.599999999999991e+12 5.599999999999991e+12 5.599999999999991e+12 5.599999999999991e+12
 5.599999999999991e+12 5.599999999999991e+12 5.599999999999991e+12 5.599999999999991e+12 5.599999999999991e+12 5.599999999999991e+12 5.599999999999991e+12 5.599999999999991e+12 5.599999999999991e+12 5.599999999999991e+12
 5.599999999999991e+12 5.599999999999991e+12 5.599999999999991e+12 5.599999999999991e+12 5.599999999999991e+12 5.599999999999991e+12 5.599999999999991e+12 5.599999999999991e+12 5.599999999999991e+12 5.599999999999991e+12
 5.599999999999991e+12 5.599999999999991e+12 5.599999999999991e+12 5.599999999999991e+12 5.599999999999991e+12 5.599999999999991e+12 5.599999999999991e+12 5.599999999999991e+12 5.599999999999991e+12 5.599999999999991e+12
 5.599999999999991e+12 5.599999999999991e+12 5.599999999999991e+12 5.599999999999991e+12 5.599999999999991e+12 5.599999999999991e+12 5.599999999999991e+12 5.599999999999991e+12 5.599999999999991e+12 5.599999999999991e+12
 5.599999999999991e+12 5.599999999999991e+12 5.599999999999991e+12 5.599999999999991e+12 5.599999999999991e+12 5.599999999999991e+12 5.599999999999991e+12 5.599999999999991e+12 5.599999999999991e+12 5.599999999999991e+12
 5.599999999999991e+12 5.599999999999991e+12 5.599999999999991e+12 5.599999999999991e+12 5.599999999999991e+12 5.599999999999991e+12 5.599999999999991e+12 5.599999999999991e+12 5.599999999999991e+12 5.599999999999991e+12
 5.599999999999991e+12 5.599999999999991e+12 5.599999999999991e+12 5.599999999999991e+12 5.599999999999991e+12 5.599999999999991e+12 5.599999999999991e+12 5.599999999999991e+12 5.599999999999991e+12 5.599999999999991e+12
 5.599999999999991e+12 5.599999999999991e+12 5.599999999999991e+12 5.599999999999991e+12 5.599999999999991e+12 5.599999999999991e+12 5.599999999999991e+12 5.599999999999991e+12 5.599999999999991e+12 5.599999999999991e+12
 5.599999999999991e+12 5.599999999999991e+12 5.599999999999991e+12 5.599999999999991e+12 5.599999999999991e+12 5.599999999999991e+12 5.599999999999991e+12 5.599999999999991e+12 5.599999999999991e+12 5.599999999999991e+12
 5.599999999999991e+12 5.599999999999991e+12 5.599999999999991e+12 5.599999999999991e+12 5.599999999999991e+12 5.599999999999991e+12 5.599999999999991e+12 5.599999999999991e+12 5.599999999999991e+12 5.599999999999991e+12
 5.599999999999991e+12 5.599999999999991e+12 5.599999999999991e+12 5.599999999999991e+12 5.599999999999991e+12 5.599999999999991e+12 5.599999999999991e+12 5.599999999999991e+12 5.599999999999991e+12 5.599999999999991e+12
 5.599999999999991e+12 5.599999999999991e+12 5.599999999999991e+12 5.599999999999991e+12 5.599999999999991e+12 5.599999999999991e+12 5.599999999999991e+12 5.599999999999991e+12 5.599999999999991e+12 5.599999999999991e+12
 5.599999999999991e+12 5.599999999999991e+12 5.599999999999991e+12 5.599999999999991e+12 5.599999999999991e+12 5.599999999999991e+12 5.599999999999991e+12 5.599999999999991e+12 5.599999999999991e+12 5.599999999999991e+12
 5.599999999999991e+12 5.599999999999991e+12 5.599999999999991e+12 5.599999999999991e+12 5.599999999999991e+12 5.599999999999991e+12 5.599999999999991e+12 5.599999999999991e+12 5.599999999999991e+12 5.599999999999991e+12
 5.599999999999991e+12 5.599999999999991e+12 5.599999999999991e+12 5.599999999999991e+12 5.599999999999991e+12 5.599999999999991e+12 5.599999999999991e+12 5.599999999999991e+12 5.599999999999991e+12 5.599999999999991e+12
 5.599999999999991e+12 5.599999999999991e+12 5.599999999999991e+12 5.599999999999991e+12 5.599999999999991e+12 5.599999999999991e+12 5.599999999999991e+12 5.599999999999991e+12 5.599999999999991e+12 5.599999999999991e+12
 5.599999999999991e+12 5.599999999999991e+12 5.599999999999991e+12 5.599999999999991e+12 5.599999999999991e+12 5.599999999999991e+12 5.599999999999991e+12 5.599999999999991e+12 5.599999999999991e+12 5.599999999999991e+12
 5.599999999999991e+12 5.599999999999991e+12 5.599999999999991e+12 5.599999999999991e+12 5.599999999999991e+12 5.599999999999991e+12 5.599999999999991e+12 5.599999999999991e+12 5.599999999999991e+12 5.599999999999991e+12
 5.599999999999991e+12 5.599999999999991e+12 5.599999999999991e+12 5.599999999999991e+12 5.599999999999991e+12 5.599999999999991e+12 5.599999999999991e+12 5.599999999999991e+12 5.599999999999991e+12 5.599999999999991e+12
 5.599999999999991e+12 5.599999999999991e+12 5.599999999999991e+12 5.599999999999991e+12 5.599999999999991e+12 5.599999999999991e+12 5.599999999999991e+12 5.599999999999991e+12 5.599999999999991e+12 5.599999999999991e+12
 5.599999999999991e+12 5.599999999999991e+12 5.599999999999991e+12 5.599999999999991e+12 5.599999999999991e+12 5.599999999999991e+12 5.599999999999991e+12 5.599999999999991e+12 5.599999999999991e+12 5.599999999999991e+12
 5.599999999999991e+12 5.599999999999991e+12 5.599999999999991e+12 5.599999999999991e+12 5.599999999999991e+12 5.599999999999991e+12 5.599999999999991e+12 5.599999999999991e+12 5.599999999999991e+12 5.599999999999991e+12
 5.599999999999991e+12 5.599999999999991e+12 5.599999999999991e+12 5.599999999999991e+12 5.599999999999991e+12 5.599999999999991e+12 5.599999999999991e+12 5.599999999999991e+12 5.599999999999991e+12 5.599999999999991e+12
 5.599999999999991e+12 5.599999999999991e+12 5.599999999999991e+12 5.599999999999991e+12 5.599999999999991e+12 5.599999999999991e+12 5.599999999999991e+12 5.599999999999991e+12 5.599999999999991e+12 5.599999999999991e+12
 5.599999999999991e+12 5.599999999999991e+12 5.599999999999991e+12 5.599999999999991e+12 5.599999999999991e+12 5.599999999999991e+12 5.599999999999991e+12 5.599999999999991e+12 5.599999999999991e+12 5.599999999999991e+12
 5.599999999999991e+12 5.599999999999991e+12 5.599999999999991e+12 5.599999999999991e+12 5.599999999999991e+12 5.599999999999991e+12 5.599999999999991e+12 5.599999999999991e+12 5.599999999999991e+12 5.599999999999991e+12
 5.599999999999991e+12 5.599999999999991e+12 5.599999999999991e+12 5.599999999999991e+12 5.599999999999991e+12 5.599999999999991e+12 5.599999999999991e+12 5.599999999999991e+12 5.599999999999991e+12 5.599999999999991e+12
 5.599999999999991e+12 5.599999999999991e+12 5.599999999999991e+12 5.599999999999991e+12 5.599999999999991e+12 5.599999999999991e+12 5.599999999999991e+12 5.599999999999991e+12 5.599999999999991e+12 5.599999999999991e+12
 5.599999999999991e+12 5.599999999999991e+12 5.599999999999991e+12 5.599999999999991e+12 5.599999999999991e+12 5.599999999999991e+12 5.599999999999991e+12 5.599999999999991e+12 5.599999999999991e+12 5.599999999999991e+12
 5.599999999999991e+12 5.599999999999991e+12 5.599999999999991e+12 5.599999999999991e+12 5.599999999999991e+12 5.599999999999991e+12 5.599999999999991e+12 5.599999999999991e+12 5.599999999999991e+12 5.599999999999991e+12
 5.599999999999991e+12 5.599999999999991e+12 5.599999999999991e+12 5.599999999999991e+12 5.599999999999991e+12 5.599999999999991e+12 5.599999999999991e+12 5.599999999999991e+12 5.599999999999991e+12 5.599999999999991e+12
 5.599999999999991e+12 5.599999999999991e+12 5.599999999999991e+12 5.599999999999991e+12 5.599999999999991e+12 5.599999999999991e+12 5.599999999999991e+12 5.599999999999991e+12 5.599999999999991e+12 5.599999999999991e+12
 5.599999999999991e+12 5.599999999999991e+12 5.599999999999991e+12 5.599999999999991e+12 5.599999999999991e+12 5.599999999999991e+12 5.599999999999991e+12 5.599999999999991e+12 5.599999999999991e+12 5.599999999999991e+12
 5.599999999999991e+12 5.599999999999991e+12 5.599999999999991e+12 5.599999999999991e+12 5.599999999999991e+12 5.599999999999991e+12 5.599999999999991e+12 5.599999999999991e+12 5.599999999999991e+12 5.599999999999991e+12
 5.599999999999991e+12 5.599999999999991e+12 5.599999999999991e+12 5.599999999999991e+12 5.599999999999991e+12 5.599999999999991e+12 5.599999999999991e+12 5.599999999999991e+12 5.599999999999991e+12 5.599999999999991e+12
 5.599999999999991e+12 5.599999999999991e+12 5.599999999999991e+12 5.599999999999991e+12 5.599999999999991e+12 5.599999999999991e+12 5.599999999999991e+12 5.599999999999991e+12 5.599999999999991e+12 5.599999999999991e+12
 5.599999999999991e+12 5.599999999999991e+12 5.599999999999991e+12 5.599999999999991e+12 5.599999999999991e+12 5.599999999999991e+12 5.599999999999991e+12 5.599999999999991e+12 5.599999999999991e+12 5.599999999999991e+12
 5.599999999999991e+12 5.599999999999991e+12 5.599999999999991e+12 5.599999999999991e+12 5.599999999999991e+12 5.599999999999991e+12 5.599999999999991e+12 5.599999999999991e+12 5.599999999999991e+12 5.599999999999991e+12
 5.599999999999991e+12 5.599999999999991e+12 5.599999999999991e+12 5.599999999999991e+12 5.599999999999991e+12 5.599999999999991e+12 5.599999999999991e+12 5.599999999999991e+12 5.599999999999991e+12 5.599999999999991e+12
 5.599999999999991e+12 5.599999999999991e+12 5.599999999999991e+12 5.599999999999991e+12 5.599999999999991e+12 5.599999999999991e+12 5.599999999999991e+12 5.599999999999991e+12 5.599999999999991e+12 5.599999999999991e+12
 5.599999999999991e+12 5.599999999999991e+12 5.599999999999991e+12 5.599999999999991e+12 5.599999999999991e+12 5.599999999999991e+12 5.599999999999991e+12 5.599999999999991e+12 5.599999999999991e+12 5.599999999999991e+12
 5.599999999999991e+12 5.599999999999991e+12 5.599999999999991e+12 5.599999999999991e+12 5.599999999999991e+12 5.599999999999991e+12 5.599999999999991e+12 5.599999999999991e+12 5.599999999999991e+12 5.599999999999991e+12
 5.599999999999991e+12 5.599999999999991e+12 5.599999999999991e+12 5.599999999999991e+12 5.599999999999991e+12 5.599999999999991e+12 5.599999999999991e+12 5.599999999999991e+12 5.599999999999991e+12 5.599999999999991e+12
 5.599999999999991e+12 5.599999999999991e+12 5.599999999999991e+12 5.599999999999991e+12 5.599999999999991e+12 5.599999999999991e+12 5.599999999999991e+12 5.599999999999991e+12 5.599999999999991e+12 5.599999999999991e+12
 5.599999999999991e+12 5.599999999999991e+12 5.599999999999991e+12 5.599999999999991e+12 5.599999999999991e+12 5.599999999999991e+12 5.599999999999991e+12 5.599999999999991e+12 5.599999999999991e+12 5.599999999999991e+12
 5.599999999999991e+12 5.599999999999991e+12 5.599999999999991e+12 5.599999999999991e+12 5.599999999999991e+12 5.599999999999991e+12 5.599999999999991e+12 5.599999999999991e+12 5.599999999999991e+12 5.599999999999991e+12
 5.599999999999991e+12 5.599999999999991e+12 5.599999999999991e+12 5.599999999999991e+12 5.599999999999991e+12 5.599999999999991e+12 5.599999999999991e+12 5.599999999999991e+12 5.599999999999991e+12 5.599999999999991e+12
 5.599999999999991e+12 5.599999999999991e+12 5.599999999999991e+12 5.599999999999991e+12 5.599999999999991e+12 5.599999999999991e+12 5.599999999999991e+12 5.599999999999991e+12 5.599999999999991e+12 5.599999999999991e+12
 5.599999999999991e+12 5.599999999999991e+12 5.599999999999991e+12 5.599999999999991e+12 5.599999999999991e+12 5.599999999999991e+12 5.599999999999991e+12 5.599999999999991e+12 5.599999999999991e+12 5.599999999999991e+12
 5.599999999999991e+12 5.599999999999991e+12 5.599999999999991e+12 5.599999999999991e+12 5.599999999999991e+12 5.599999999999991e+12 5.599999999999991e+12 5.599999999999991e+12 5.599999999999991e+12 5.599999999999991e+12
 5.599999999999991e+12 5.599999999999991e+12 5.599999999999991e+12 5.599999999999991e+12 5.599999999999991e+12 5.599999999999991e+12 5.599999999999991e+12 5.599999999999991e+12 5.599999999999991e+12 5.599999999999991e+12
 5.599999999999991e+12 5.599999999999991e+12 5.599999999999991e+12 5.599999999999991e+12 5.599999999999991e+12 5.599999999999991e+12 5.599999999999991e+12 5.599999999999991e+12 5.599999999999991e+12 5.599999999999991e+12
 5.599999999999991e+12 5.599999999999991e+12 5.599999999999991e+12 5.599999999999991e+12 5.599999999999991e+12 5.599999999999991e+12 5.599999999999991e+12 5.599999999999991e+12 5.599999999999991e+12 5.599999999999991e+12
 5.599999999999991e+12 5.599999999999991e+12 5.599999999999991e+12 5.599999999999991e+12 5.599999999999991e+12 5.599999999999991e+12 5.599999999999991e+12 5.599999999999991e+12 5.599999999999991e+12 5.599999999999991e+12
 5.599999999999991e+12 5.599999999999991e+12 5.599999999999991e+12 5.599999999999991e+12 5.599999999999991e+12 5.599999999999991e+12 5.599999999999991e+12 5.599999999999991e+12 5.599999999999991e+12 5.599999999999991e+12
 5.599999999999991e+12 5.599999999999991e+12 5.599999999999991e+12 5.599999999999991e+12 5.599999999999991e+12 5.599999999999991e+12 5.599999999999991e+12 5.599999999999991e+12 5.599999999999991e+12 5.599999999999991e+12
 5.599999999999991e+12 5.599999999999991e+12 5.599999999999991e+12 5.599999999999991e+12 5.599999999999991e+12 5.599999999999991e+12 5.599999999999991e+12 5.599999999999991e+12 5.599999999999991e+12 5.599999999999991e+12
 5.599999999999991e+12 5.599999999999991e+12 5.599999999999991e+12 5.599999999999991e+12 5.599999999999991e+12 5.599999999999991e+12 5.599999999999991e+12 5.599999999999991e+12 5.599999999999991e+12 5.599999999999991e+12
 5.599999999999991e+12 5.599999999999991e+12 5.599999999999991e+12 5.599999999999991e+12 5.599999999999991e+12 5.599999999999991e+12 5.599999999999991e+12 5.599999999999991e+12 5.599999999999991e+12 5.599999999999991e+12
 5.599999999999991e+12 5.599999999999991e+12 5.599999999999991e+12 5.599999999999991e+12 5.599999999999991e+12 5.599999999999991e+12 5.599999999999991e+12 5.599999999999991e+12 5.599999999999991e+12 5.599999999999991e+12
 5.599999999999991e+12 5.599999999999991e+12 5.599999999999991e+12 5.599999999999991e+12 5.599999999999991e+12 5.599999999999991e+12 5.599999999999991e+12 5.599999999999991e+12 5.599999999999991e+12 5.599999999999991e+12
 5.599999999999991e+12 5.599999999999991e+12 5.599999999999991e+12 5.599999999999991e+12 5.599999999999991e+12 5.599999999999991e+12 5.599999999999991e+12 5.599999999999991e+12 5.599999999999991e+12 5.599999999999991e+12
 5.599999999999991e+12 5.599999999999991e+12 5.599999999999991e+12 5.599999999999991e+12 5.599999999999991e+12 5.599999999999991e+12 5.599999999999991e+12 5.599999999999991e+12 5.599999999999991e+12 5.599999999999991e+12
 5.599999999999991e+12 5.599999999999991e+12 5.599999999999991e+12 5.599999999999991e+12 5.599999999999991e+12 5.599999999999991e+12 5.599999999999991e+12 5.599999999999991e+12 5.599999999999991e+12 5.599999999999991e+12
 5.599999999999991e+12 5.599999999999991e+12 5.599999999999991e+12 5.599999999999991e+12 5.599999999999991e+12 5.599999999999991e+12 5.599999999999991e+12 5.599999999999991e+12 5.599999999999991e+12 5.599999999999991e+12
 5.599999999999991e+12 5.599999999999991e+12 5.599999999999991e+12 5.599999999999991e+12 5.599999999999991e+12 5.599999999999991e+12 5.599999999999991e+12 5.599999999999991e+12 5.599999999999991e+12 5.599999999999991e+12
 5.599999999999991e+12 5.599999999999991e+12 5.599999999999991e+12 5.599999999999991e+12 5.599999999999991e+12 5.599999999999991e+12 5.599999999999991e+12 5.599999999999991e+12 5.599999999999991e+12 5.599999999999991e+12
 5.599999999999991e+12 5.599999999999991e+12 5.599999999999991e+12 5.599999999999991e+12 5.599999999999991e+12 5.599999999999991e+12 5.599999999999991e+12 5.599999999999991e+12 5.599999999999991e+12 5.599999999999991e+12
 5.599999999999991e+12 5.599999999999991e+12 5.599999999999991e+12 5.599999999999991e+12 5.599999999999991e+12 5.599999999999991e+12 5.599999999999991e+12 5.599999999999991e+12 5.599999999999991e+12 5.599999999999991e+12
 5.599999999999991e+12 5.599999999999991e+12 5.599999999999991e+12 5.599999999999991e+12 5.599999999999991e+12 5.599999999999991e+12 5.599999999999991e+12 5.599999999999991e+12 5.599999999999991e+12 5.599999999999991e+12
 5.599999999999991e+12 5.599999999999991e+12 5.599999999999991e+12 5.599999999999991e+12 5.599999999999991e+12 5.599999999999991e+12 5.599999999999991e+12 5.599999999999991e+12 5.599999999999991e+12 5.599999999999991e+12
 5.599999999999991e+12 5.599999999999991e+12 5.599999999999991e+12 5.599999999999991e+12 5.599999999999991e+12 5.599999999999991e+12 5.599999999999991e+12 5.599999999999991e+12 5.599999999999991e+12 5.599999999999991e+12
 5.599999999999991e+12 5.599999999999991e+12 5.599999999999991e+12 5.599999999999991e+12 5.599999999999991e+12 5.599999999999991e+12 5.599999999999991e+12 5.599999999999991e+12 5.599999999999991e+12 5.599999999999991e+12
 5.599999999999991e+12 5.599999999999991e+12 5.599999999999991e+12 5.599999999999991e+12 5.599999999999991e+12 5.599999999999991e+12 5.599999999999991e+12 5.599999999999991e+12 5.599999999999991e+12 5.599999999999991e+12
 5.599999999999991e+12 5.599999999999991e+12 5.599999999999991e+12 5.599999999999991e+12 5.599999999999991e+12 5.599999999999991e+12 5.599999999999991e+12 5.599999999999991e+12 5.599999999999991e+12 5.599999999999991e+12
 5.599999999999991e+12 5.599999999999991e+12 5.599999999999991e+12 5.599999999999991e+12 5.599999999999991e+12 5.599999999999991e+12 5.599999999999991e+12 5.599999999999991e+12 5.599999999999991e+12 5.599999999999991e+12
 5.599999999999991e+12 5.599999999999991e+12 5.599999999999991e+12 5.599999999999991e+12 5.599999999999991e+12 5.599999999999991e+12 5.599999999999991e+12 5.599999999999991e+12 5.599999999999991e+12 5.599999999999991e+12
 5.599999999999991e+12 5.599999999999991e+12 5.599999999999991e+12 5.599999999999991e+12 5.599999999999991e+12 5.599999999999991e+12 5.599999999999991e+12 5.599999999999991e+12 5.599999999999991e+12 5.599999999999991e+12
 5.599999999999991e+12 5.599999999999991e+12 5.599999999999991e+12 5.599999999999991e+12 5.599999999999991e+12 5.599999999999991e+12 5.599999999999991e+12 5.599999999999991e+12 5.599999999999991e+12 5.599999999999991e+12
 5.599999999999991e+12 5.599999999999991e+12 5.599999999999991e+12 5.599999999999991e+12 5.599999999999991e+12 5.599999999999991e+12 5.599999999999991e+12 5.599999999999991e+12 5.599999999999991e+12 5.599999999999991e+12
 5.599999999999991e+12 5.599999999999991e+12 5.599999999999991e+12 5.599999999999991e+12 5.599999999999991e+12 5.599999999999991e+12 5.599999999999991e+12 5.599999999999991e+12 5.599999999999991e+12 5.599999999999991e+12
 5.599999999999991e+12 5.599999999999991e+12 5.599999999999991e+12 5.599999999999991e+12 5.599999999999991e+12 5.599999999999991e+12 5.599999999999991e+12 5.599999999999991e+12 5.599999999999991e+12 5.599999999999991e+12
 5.599999999999991e+12 5.599999999999991e+12 5.599999999999991e+12 5.599999999999991e+12 5.599999999999991e+12 5.599999999999991e+12 5.599999999999991e+12 5.599999999999991e+12 5.599999999999991e+12 5.599999999999991e+12
 5.599999999999991e+12 5.599999999999991e+12 5.599999999999991e+12 5.599999999999991e+12 5.599999999999991e+12 5.599999999999991e+12 5.599999999999991e+12 5.599999999999991e+12 5.599999999999991e+12 5.599999999999991e+12
 5.599999999999991e+12 5.599999999999991e+12 5.599999999999991e+12 5.599999999999991e+12 5.599999999999991e+12 5.599999999999991e+12 5.599999999999991e+12 5.599999999999991e+12 5.599999999999991e+12 5.599999999999991e+12
 5.599999999999991e+12 5.599999999999991e+12 5.599999999999991e+12 5.599999999999991e+12 5.599999999999991e+12 5.599999999999991e+12 5.599999999999991e+12 5.599999999999991e+12 5.599999999999991e+12 5.599999999999991e+12
 5.599999999999991e+12 5.599999999999991e+12 5.599999999999991e+12 5.599999999999991e+12 5.599999999999991e+12 5.599999999999991e+12 5.599999999999991e+12 5.599999999999991e+12 5.599999999999991e+12 5.599999999999991e+12
 5.599999999999991e+12 5.599999999999991e+12 5.599999999999991e+12 5.599999999999991e+12 5.599999999999991e+12 5.599999999999991e+12 5.599999999999991e+12 5.599999999999991e+12 5.599999999999991e+12 5.599999999999991e+12
 5.599999999999991e+12 5.599999999999991e+12 5.599999999999991e+12 5.599999999999991e+12 5.599999999999991e+12 5.599999999999991e+12 5.599999999999991e+12 5.599999999999991e+12 5.599999999999991e+12 5.599999999999991e+12
 5.599999999999991e+12 5.599999999999991e+12 5.599999999999991e+12 5.599999999999991e+12 5.599999999999991e+12 5.599999999999991e+12 5.599999999999991e+12 5.599999999999991e+12 5.599999999999991e+12 5.599999999999991e+12
 5.599999999999991e+12 5.599999999999991e+12 5.599999999999991e+12 5.599999999999991e+12 5.599999999999991e+12 5.599999999999991e+12 5.599999999999991e+12 5.599999999999991e+12 5.599999999999991e+12 5.599999999999991e+12
 5.599999999999991e+12 5.599999999999991e+12 5.599999999999991e+12 5.599999999999991e+12 5.599999999999991e+12 5.599999999999991e+12 5.599999999999991e+12 5.599999999999991e+12 5.599999999999991e+12 5.599999999999991e+12
 5.599999999999991e+12 5.599999999999991e+12 5.599999999999991e+12 5.599999999999991e+12 5.599999999999991e+12 5.599999999999991e+12 5.599999999999991e+12 5.599999999999991e+12 5.599999999999991e+12 5.599999999999991e+12
 5.599999999999991e+12 5.599999999999991e+12 5.599999999999991e+12 5.599999999999991e+12 5.599999999999991e+12 5.599999999999991e+12 5.599999999999991e+12 5.599999999999991e+12 5.599999999999991e+12 5.599999999999991e+12
 5.599999999999991e+12 5.599999999999991e+12 5.599999999999991e+12 5.599999999999991e+12 5.599999999999991e+12 5.599999999999991e+12 5.599999999999991e+12 5.599999999999991e+12 5.599999999999991e+12 5.599999999999991e+12
 5.599999999999991e+12 5.599999999999991e+12 5.599999999999991e+12 5.599999999999991e+12 5.599999999999991e+12 5.599999999999991e+12 5.599999999999991e+12 5.599999999999991e+12 5.599999999999991e+12 5.599999999999991e+12
 5.599999999999991e+12 5.599999999999991e+12 5.599999999999991e+12 5.599999999999991e+12 5.599999999999991e+12 5.599999999999991e+12 5.599999999999991e+12 5.599999999999991e+12 5.599999999999991e+12 5.599999999999991e+12
 5.599999999999991e+12 5.599999999999991e+12 5.599999999999991e+12 5.599999999999991e+12 5.599999999999991e+12 5.599999999999991e+12 5.599999999999991e+12 5.599999999999991e+12 5.599999999999991e+12 5.599999999999991e+12
 5.599999999999991e+12 5.599999999999991e+12 5.599999999999991e+12 5.599999999999991e+12 5.599999999999991e+12 5.599999999999991e+12 5.599999999999991e+12 5.599999999999991e+12 5.599999999999991e+12 5.599999999999991e+12
 5.599999999999991e+12 5.599999999999991e+12 5.599999999999991e+12 5.599999999999991e+12 5.599999999999991e+12 5.599999999999991e+12 5.599999999999991e+12 5.599999999999991e+12 5.599999999999991e+12 5.599999999999991e+12
 5.599999999999991e+12 5.599999999999991e+12 5.599999999999991e+12 5.599999999999991e+12 5.599999999999991e+12 5.599999999999991e+12 5.599999999999991e+12 5.599999999999991e+12 5.599999999999991e+12 5.599999999999991e+12
 5.599999999999991e+12 5.599999999999991e+12 5.599999999999991e+12 5.599999999999991e+12 5.599999999999991e+12 5.599999999999991e+12 5.599999999999991e+12 5.599999999999991e+12 5.599999999999991e+12 5.599999999999991e+12
 5.599999999999991e+12 5.599999999999991e+12 5.599999999999991e+12 5.599999999999991e+12 5.599999999999991e+12 5.599999999999991e+12 5.599999999999991e+12 5.599999999999991e+12 5.599999999999991e+12 5.599999999999991e+12
 5.599999999999991e+12 5.599999999999991e+12 5.599999999999991e+12 5.599999999999991e+12 5.599999999999991e+12 5.599999999999991e+12 5.599999999999991e+12 5.599999999999991e+12 5.599999999999991e+12 5.599999999999991e+12
 5.599999999999991e+12 5.599999999999991e+12 5.599999999999991e+12 5.599999999999991e+12 5.599999999999991e+12 5.599999999999991e+12 5.599999999999991e+12 5.599999999999991e+12 5.599999999999991e+12 5.599999999999991e+12
 5.599999999999991e+12 5.599999999999991e+12 5.599999999999991e+12 5.599999999999991e+12 5.599999999999991e+12 5.599999999999991e+12 5.599999999999991e+12 5.599999999999991e+12 5.599999999999991e+12 5.599999999999991e+12
 5.599999999999991e+12 5.599999999999991e+12 5.599999999999991e+12 5.599999999999991e+12 5.599999999999991e+12 5.599999999999991e+12 5.599999999999991e+12 5.599999999999991e+12 5.599999999999991e+12 5.599999999999991e+12
 5.599999999999991e+12 5.599999999999991e+12 5.599999999999991e+12 5.599999999999991e+12 5.599999999999991e+12 5.599999999999991e+12 5.599999999999991e+12 5.599999999999991e+12 5.599999999999991e+12 5.599999999999991e+12
 5.599999999999991e+12 5.599999999999991e+12 5.599999999999991e+12 5.599999999999991e+12 5.599999999999991e+12 5.599999999999991e+12 5.599999999999991e+12 5.599999999999991e+12 5.599999999999991e+12 5.599999999999991e+12
 5.599999999999991e+12 5.599999999999991e+12 5.599999999999991e+12 5.599999999999991e+12 5.599999999999991e+12 5.599999999999991e+12 5.599999999999991e+12 5.599999999999991e+12 5.599999999999991e+12 5.599999999999991e+12
 5.599999999999991e+12 5.599999999999991e+12 5.599999999999991e+12 5.599999999999991e+12 5.599999999999991e+12 5.599999999999991e+12 5.599999999999991e+12 5.599999999999991e+12 5.599999999999991e+12 5.599999999999991e+12
 5.599999999999991e+12 5.599999999999991e+12 5.599999999999991e+12 5.599999999999991e+12 5.599999999999991e+12 5.599999999999991e+12 5.599999999999991e+12 5.599999999999991e+12 5.599999999999991e+12 5.599999999999991e+12
 5.599999999999991e+12 5.599999999999991e+12 5.599999999999991e+12 5.599999999999991e+12 5.599999999999991e+12 5.599999999999991e+12 5.599999999999991e+12 5.599999999999991e+12 5.599999999999991e+12 5.599999999999991e+12
 5.599999999999991e+12 5.599999999999991e+12 5.599999999999991e+12 5.599999999999991e+12 5.599999999999991e+12 5.599999999999991e+12 5.599999999999991e+12 5.599999999999991e+12 5.599999999999991e+12 5.599999999999991e+12
 5.599999999999991e+12 5.599999999999991e+12 5.599999999999991e+12 5.599999999999991e+12 5.599999999999991e+12 5.599999999999991e+12 5.599999999999991e+12 5.599999999999991e+12 5.599999999999991e+12 5.599999999999991e+12
 5.599999999999991e+12 5.599999999999991e+12 5.599999999999991e+12 5.599999999999991e+12 5.599999999999991e+12 5.599999999999991e+12 5.599999999999991e+12 5.599999999999991e+12 5.599999999999991e+12 5.599999999999991e+12
 5.599999999999991e+12 5.599999999999991e+12 5.599999999999991e+12 5.599999999999991e+12 5.599999999999991e+12 5.599999999999991e+12 5.599999999999991e+12 5.599999999999991e+12 5.599999999999991e+12 5.599999999999991e+12
 5.599999999999991e+12 5.599999999999991e+12 5.599999999999991e+12 5.599999999999991e+12 5.599999999999991e+12 5.599999999999991e+12 5.599999999999991e+12 5.599999999999991e+12 5.599999999999991e+12 5.599999999999991e+12
 5.599999999999991e+12 5.599999999999991e+12 5.599999999999991e+12 5.599999999999991e+12 5.599999999999991e+12 5.599999999999991e+12 5.599999999999991e+12 5.599999999999991e+12 5.599999999999991e+12 5.599999999999991e+12
 5.599999999999991e+12 5.599999999999991e+12 5.599999999999991e+12 5.599999999999991e+12 5.599999999999991e+12 5.599999999999991e+12 5.599999999999991e+12 5.599999999999991e+12 5.599999999999991e+12 5.599999999999991e+12
 5.599999999999991e+12 5.599999999999991e+12 5.599999999999991e+12 5.599999999999991e+12 5.599999999999991e+12 5.599999999999991e+12 5.599999999999991e+12 5.599999999999991e+12 5.599999999999991e+12 5.599999999999991e+12
 5.599999999999991e+12 5.599999999999991e+12 5.599999999999991e+12 5.599999999999991e+12 5.599999999999991e+12 5.599999999999991e+12 5.599999999999991e+12 5.599999999999991e+12 5.599999999999991e+12 5.599999999999991e+12
 5.599999999999991e+12 5.599999999999991e+12 5.599999999999991e+12 5.599999999999991e+12 5.599999999999991e+12 5.599999999999991e+12 5.599999999999991e+12 5.599999999999991e+12 5.599999999999991e+12 5.599999999999991e+12
 5.599999999999991e+12 5.599999999999991e+12 5.599999999999991e+12 5.599999999999991e+12 5.599999999999991e+12 5.599999999999991e+12 5.599999999999991e+12 5.599999999999991e+12 5.599999999999991e+12 5.599999999999991e+12
 5.599999999999991e+12 5.599999999999991e+12 5.599999999999991e+12 5.599999999999991e+12 5.599999999999991e+12 5.599999999999991e+12 5.599999999999991e+12 5.599999999999991e+12 5.599999999999991e+12 5.599999999999991e+12
 5.599999999999991e+12 5.599999999999991e+12 5.599999999999991e+12 5.599999999999991e+12 5.599999999999991e+12 5.599999999999991e+12 5.599999999999991e+12 5.599999999999991e+12 5.599999999999991e+12 5.599999999999991e+12
 5.599999999999991e+12 5.599999999999991e+12 5.599999999999991e+12 5.599999999999991e+12 5.599999999999991e+12 5.599999999999991e+12 5.599999999999991e+12 5.599999999999991e+12 5.599999999999991e+12 5.599999999999991e+12
 5.599999999999991e+12 5.599999999999991e+12 5.599999999999991e+12 5.599999999999991e+12 5.599999999999991e+12 5.599999999999991e+12 5.599999999999991e+12 5.599999999999991e+12 5.599999999999991e+12 5.599999999999991e+12
 5.599999999999991e+12 5.599999999999991e+12 5.599999999999991e+12 5.599999999999991e+12 5.599999999999991e+12 5.599999999999991e+12 5.599999999999991e+12 5.599999999999991e+12 5.599999999999991e+12 5.599999999999991e+12
 5.599999999999991e+12 5.599999999999991e+12 5.599999999999991e+12 5.599999999999991e+12 5.599999999999991e+12 5.599999999999991e+12 5.599999999999991e+12 5.599999999999991e+12 5.599999999999991e+12 5.599999999999991e+12
 5.599999999999991e+12 5.599999999999991e+12 5.599999999999991e+12 5.599999999999991e+12 5.599999999999991e+12 5.599999999999991e+12 5.599999999999991e+12 5.599999999999991e+12 5.599999999999991e+12 5.599999999999991e+12
 5.599999999999991e+12 5.599999999999991e+12 5.599999999999991e+12 5.599999999999991e+12 5.599999999999991e+12 5.599999999999991e+12 5.599999999999991e+12 5.599999999999991e+12 5.599999999999991e+12 5.599999999999991e+12
 5.599999999999991e+12 5.599999999999991e+12 5.599999999999991e+12 5.599999999999991e+12 5.599999999999991e+12 5.599999999999991e+12 5.599999999999991e+12 5.599999999999991e+12 5.599999999999991e+12 5.599999999999991e+12
 5.599999999999991e+12 5.599999999999991e+12 5.599999999999991e+12 5.599999999999991e+12 5.599999999999991e+12 5.599999999999991e+12 5.599999999999991e+12 5.599999999999991e+12 5.599999999999991e+12 5.599999999999991e+12
 5.599999999999991e+12 5.599999999999991e+12 5.599999999999991e+12 5.599999999999991e+12 5.599999999999991e+12 5.599999999999991e+12 5.599999999999991e+12 5.599999999999991e+12 5.599999999999991e+12 5.599999999999991e+12
 5.599999999999991e+12 5.599999999999991e+12 5.599999999999991e+12 5.599999999999991e+12 5.599999999999991e+12 5.599999999999991e+12 5.599999999999991e+12 5.599999999999991e+12 5.599999999999991e+12 5.599999999999991e+12
 5.599999999999991e+12 5.599999999999991e+12 5.599999999999991e+12 5.599999999999991e+12 5.599999999999991e+12 5.599999999999991e+12 5.599999999999991e+12 5.599999999999991e+12 5.599999999999991e+12 5.599999999999991e+12
 5.599999999999991e+12 5.599999999999991e+12 5.599999999999991e+12 5.599999999999991e+12 5.599999999999991e+12 5.599999999999991e+12 5.599999999999991e+12 5.599999999999991e+12 5.599999999999991e+12 5.599999999999991e+12
 5.599999999999991e+12 5.599999999999991e+12 5.599999999999991e+12 5.599999999999991e+12 5.599999999999991e+12 5.599999999999991e+12 5.599999999999991e+12 5.599999999999991e+12 5.599999999999991e+12 5.599999999999991e+12
 5.599999999999991e+12 5.599999999999991e+12 5.599999999999991e+12 5.599999999999991e+12 5.599999999999991e+12 5.599999999999991e+12 5.599999999999991e+12 5.599999999999991e+12 5.599999999999991e+12 5.599999999999991e+12
 5.599999999999991e+12 5.599999999999991e+12 5.599999999999991e+12 5.599999999999991e+12 5.599999999999991e+12 5.599999999999991e+12 5.599999999999991e+12 5.599999999999991e+12 5.599999999999991e+12 5.599999999999991e+12
 5.599999999999991e+12 5.599999999999991e+12 5.599999999999991e+12 5.599999999999991e+12 5.599999999999991e+12 5.599999999999991e+12 5.599999999999991e+12 5.599999999999991e+12 5.599999999999991e+12 5.599999999999991e+12
 5.599999999999991e+12 5.599999999999991e+12 5.599999999999991e+12 5.599999999999991e+12 5.599999999999991e+12 5.599999999999991e+12 5.599999999999991e+12 5.599999999999991e+12 5.599999999999991e+12 5.599999999999991e+12
 5.599999999999991e+12 5.599999999999991e+12 5.599999999999991e+12 5.599999999999991e+12 5.599999999999991e+12 5.599999999999991e+12 5.599999999999991e+12 5.599999999999991e+12 5.599999999999991e+12 5.599999999999991e+12
 5.599999999999991e+12 5.599999999999991e+12 5.599999999999991e+12 5.599999999999991e+12 5.599999999999991e+12 5.599999999999991e+12 5.599999999999991e+12 5.599999999999991e+12 5.599999999999991e+12 5.599999999999991e+12
 5.599999999999991e+12 5.599999999999991e+12 5.599999999999991e+12 5.599999999999991e+12 5.599999999999991e+12 5.599999999999991e+12 5.599999999999991e+12 5.599999999999991e+12 5.599999999999991e+12 5.599999999999991e+12
 5.599999999999991e+12 5.599999999999991e+12 5.599999999999991e+12 5.599999999999991e+12 5.599999999999991e+12 5.599999999999991e+12 5.599999999999991e+12 5.599999999999991e+12 5.599999999999991e+12 5.599999999999991e+12
 5.599999999999991e+12 5.599999999999991e+12 5.599999999999991e+12 5.599999999999991e+12 5.599999999999991e+12 5.599999999999991e+12 5.599999999999991e+12 5.599999999999991e+12 5.599999999999991e+12 5.599999999999991e+12
 5.599999999999991e+12 5.599999999999991e+12 5.599999999999991e+12 5.599999999999991e+12 5.599999999999991e+12 5.599999999999991e+12 5.599999999999991e+12 5.599999999999991e+12 5.599999999999991e+12 5.599999999999991e+12
 5.599999999999991e+12 5.599999999999991e+12 5.599999999999991e+12 5.599999999999991e+12 5.599999999999991e+12 5.599999999999991e+12 5.599999999999991e+12 5.599999999999991e+12 5.599999999999991e+12 5.599999999999991e+12
 5.599999999999991e+12 5.599999999999991e+12 5.599999999999991e+12 5.599999999999991e+12 5.599999999999991e+12 5.599999999999991e+12 5.599999999999991e+12 5.599999999999991e+12 5.599999999999991e+12 5.599999999999991e+12
 5.599999999999991e+12 5.599999999999991e+12 5.599999999999991e+12 5.599999999999991e+12 5.599999999999991e+12 5.599999999999991e+12 5.599999999999991e+12 5.599999999999991e+12 5.599999999999991e+12 5.599999999999991e+12
 5.599999999999991e+12 5.599999999999991e+12 5.599999999999991e+12 5.599999999999991e+12 5.599999999999991e+12 5.599999999999991e+12 5.599999999999991e+12 5.599999999999991e+12 5.599999999999991e+12 5.599999999999991e+12
 5.599999999999991e+12 5.599999999999991e+12 5.599999999999991e+12 5.599999999999991e+12 5.599999999999991e+12 5.599999999999991e+12 5.599999999999991e+12 5.599999999999991e+12 5.599999999999991e+12 5.599999999999991e+12
 5.599999999999991e+12 5.599999999999991e+12 5.599999999999991e+12 5.599999999999991e+12 5.599999999999991e+12 5.599999999999991e+12 5.599999999999991e+12 5.599999999999991e+12 5.599999999999991e+12 5.599999999999991e+12
 5.599999999999991e+12 5.599999999999991e+12 5.599999999999991e+12 5.599999999999991e+12 5.599999999999991e+12 5.599999999999991e+12 5.599999999999991e+12 5.599999999999991e+12 5.599999999999991e+12 5.599999999999991e+12
 5.599999999999991e+12 5.599999999999991e+12 5.599999999999991e+12 5.599999999999991e+12 5.599999999999991e+12 5.599999999999991e+12 5.599999999999991e+12 5.599999999999991e+12 5.599999999999991e+12 5.599999999999991e+12
 5.599999999999991e+12 5.599999999999991e+12 5.599999999999991e+12 5.599999999999991e+12 5.599999999999991e+12 5.599999999999991e+12 5.599999999999991e+12 5.599999999999991e+12 5.599999999999991e+12 5.599999999999991e+12
 5.599999999999991e+12 5.599999999999991e+12 5.599999999999991e+12 5.599999999999991e+12 5.599999999999991e+12 5.599999999999991e+12 5.599999999999991e+12 5.599999999999991e+12 5.599999999999991e+12 5.599999999999991e+12
 5.599999999999991e+12 5.599999999999991e+12 5.599999999999991e+12 5.599999999999991e+12 5.599999999999991e+12 5.599999999999991e+12 5.599999999999991e+12 5.599999999999991e+12 5.599999999999991e+12 5.599999999999991e+12
 5.599999999999991e+12 5.599999999999991e+12 5.599999999999991e+12 5.599999999999991e+12 5.599999999999991e+12 5.599999999999991e+12 5.599999999999991e+12 5.599999999999991e+12 5.599999999999991e+12 5.599999999999991e+12
 5.599999999999991e+12 5.599999999999991e+12 5.599999999999991e+12 5.599999999999991e+12 5.599999999999991e+12 5.599999999999991e+12 5.599999999999991e+12 5.599999999999991e+12 5.599999999999991e+12 5.599999999999991e+12
 5.599999999999991e+12 5.599999999999991e+12 5.599999999999991e+12 5.599999999999991e+12 5.599999999999991e+12 5.599999999999991e+12 5.599999999999991e+12 5.599999999999991e+12 5.599999999999991e+12 5.599999999999991e+12
 5.599999999999991e+12 5.599999999999991e+12 5.599999999999991e+12 5.599999999999991e+12 5.599999999999991e+12 5.599999999999991e+12 5.599999999999991e+12 5.599999999999991e+12 5.599999999999991e+12 5.599999999999991e+12
 5.599999999999991e+12 5.599999999999991e+12 5.599999999999991e+12 5.599999999999991e+12 5.599999999999991e+12 5.599999999999991e+12 5.599999999999991e+12 1.000000560000000e+19 5.599999999999991e+12 1.000000560000000e+19
 5.599999999999991e+12 1.000000560000000e+19 5.599999999999991e+12 1.000000560000000e+19 5.599999999999991e+12 5.599999999999991e+12 5.599999999999991e+12 5.599999999999991e+12 5.599999999999991e+12 5.599999999999991e+12
 5.599999999999991e+12 5.599999999999991e+12 5.599999999999991e+12 5.599999999999991e+12 5.599999999999991e+12 5.599999999999991e+12 5.599999999999991e+12 5.599999999999991e+12 5.599999999999991e+12 5.599999999999991e+12
 5.599999999999991e+12 1.000000560000000e+19 5.599999999999991e+12 1.000000560000000e+19 5.599999999999991e+12 1.000000560000000e+19 5.599999999999991e+12 1.000000560000000e+19 5.599999999999991e+12 5.599999999999991e+12
 5.599999999999991e+12 5.599999999999991e+12 5.599999999999991e+12 5.599999999999991e+12 5.599999999999991e+12 5.599999999999991e+12 5.599999999999991e+12 5.599999999999991e+12 5.599999999999991e+12 5.599999999999991e+12
 5.599999999999991e+12 5.599999999999991e+12 5.599999999999991e+12 5.599999999999991e+12 5.599999999999991e+12 1.000000560000000e+19 5.599999999999991e+12 1.000000560000000e+19 5.599999999999991e+12 1.000000560000000e+19
 5.599999999999991e+12 1.000000560000000e+19 5.599999999999991e+12 5.599999999999991e+12 5.599999999999991e+12 5.599999999999991e+12 5.599999999999991e+12 5.599999999999991e+12 5.599999999999991e+12 5.599999999999991e+12
 5.599999999999991e+12 5.599999999999991e+12 5.599999999999991e+12 5.599999999999991e+12 5.599999999999991e+12 5.599999999999991e+12 5.599999999999991e+12 5.599999999999991e+12 5.599999999999991e+12 1.000000560000000e+19
 5.599999999999991e+12 1.000000560000000e+19 5.599999999999991e+12 1.000000560000000e+19 5.599999999999991e+12 1.000000560000000e+19 5.599999999999991e+12 5.599999999999991e+12 5.599999999999991e+12 5.599999999999991e+12
 5.599999999999991e+12 5.599999999999991e+12 5.599999999999991e+12 5.599999999999991e+12 5.599999999999991e+12 5.599999999999991e+12 5.599999999999991e+12 5.599999999999991e+12 5.599999999999991e+12 5.599999999999991e+12
 5.599999999999991e+12 5.599999999999991e+12 5.599999999999991e+12 1.000000560000000e+19 5.599999999999991e+12 1.000000560000000e+19 5.599999999999991e+12 1.000000560000000e+19 5.599999999999991e+12 1.000000560000000e+19
 5.599999999999991e+12 5.599999999999991e+12 5.599999999999991e+12 5.599999999999991e+12 5.599999999999991e+12 5.599999999999991e+12 5.599999999999991e+12 5.599999999999991e+12 5.599999999999991e+12 5.599999999999991e+12
 5.599999999999991e+12 5.599999999999991e+12 5.599999999999991e+12 5.599999999999991e+12 5.599999999999991e+12 5.599999999999991e+12 5.599999999999991e+12 1.000000560000000e+19 5.599999999999991e+12 1.000000560000000e+19
 5.599999999999991e+12 1.000000560000000e+19 5.599999999999991e+12 1.000000560000000e+19 5.599999999999991e+12 5.599999999999991e+12 5.599999999999991e+12 5.599999999999991e+12 5.599999999999991e+12 5.599999999999991e+12
 5.599999999999991e+12 5.599999999999991e+12 5.599999999999991e+12 5.599999999999991e+12 5.599999999999991e+12 5.599999999999991e+12 5.599999999999991e+12 5.599999999999991e+12 5.599999999999991e+12 5.599999999999991e+12
 5.599999999999991e+12 1.000000560000000e+19 5.599999999999991e+12 1.000000560000000e+19 5.599999999999991e+12 1.000000560000000e+19 5.599999999999991e+12 1.000000560000000e+19 5.599999999999991e+12 5.599999999999991e+12
 5.599999999999991e+12 5.599999999999991e+12 5.599999999999991e+12 5.599999999999991e+12 5.599999999999991e+12 5.599999999999991e+12 5.599999999999991e+12 5.599999999999991e+12 5.599999999999991e+12 5.599999999999991e+12
 5.599999999999991e+12 5.599999999999991e+12 5.599999999999991e+12 5.599999999999991e+12 5.599999999999991e+12 1.000000560000000e+19 5.599999999999991e+12 1.000000560000000e+19 5.599999999999991e+12 1.000000560000000e+19
 5.599999999999991e+12 1.000000560000000e+19 5.599999999999991e+12 5.599999999999991e+12 5.599999999999991e+12 5.599999999999991e+12 5.599999999999991e+12 5.599999999999991e+12 5.599999999999991e+12 5.599999999999991e+12
 5.599999999999991e+12 5.599999999999991e+12 5.599999999999991e+12 5.599999999999991e+12 5.599999999999991e+12 5.599999999999991e+12 5.599999999999991e+12 5.599999999999991e+12 5.599999999999991e+12 5.599999999999991e+12
 5.599999999999991e+12 5.599999999999991e+12 5.599999999999991e+12 5.599999999999991e+12 5.599999999999991e+12 5.599999999999991e+12 5.599999999999991e+12 5.599999999999991e+12 5.599999999999991e+12 5.599999999999991e+12
 5.599999999999991e+12 5.599999999999991e+12 5.599999999999991e+12 5.599999999999991e+12 5.599999999999991e+12 5.599999999999991e+12 5.599999999999991e+12 5.599999999999991e+12 5.599999999999991e+12 5.599999999999991e+12
 5.599999999999991e+12 5.599999999999991e+12 5.599999999999991e+12 5.599999999999991e+12 5.599999999999991e+12 5.599999999999991e+12 5.599999999999991e+12 5.599999999999991e+12 5.599999999999991e+12 5.599999999999991e+12
 5.599999999999991e+12 5.599999999999991e+12 5.599999999999991e+12 5.599999999999991e+12 5.599999999999991e+12 5.599999999999991e+12 5.599999999999991e+12 5.599999999999991e+12 5.599999999999991e+12 5.599999999999991e+12
 5.599999999999991e+12 5.599999999999991e+12 5.599999999999991e+12 5.599999999999991e+12 5.599999999999991e+12 5.599999999999991e+12 5.599999999999991e+12 5.599999999999991e+12 5.599999999999991e+12 5.599999999999991e+12
 5.599999999999991e+12 5.599999999999991e+12 5.599999999999991e+12 5.599999999999991e+12 5.599999999999991e+12 5.599999999999991e+12 5.599999999999991e+12 5.599999999999991e+12 5.599999999999991e+12 5.599999999999991e+12
 5.599999999999991e+12 5.599999999999991e+12 5.599999999999991e+12 5.599999999999991e+12 5.599999999999991e+12 5.599999999999991e+12 5.599999999999991e+12 5.599999999999991e+12 5.599999999999991e+12 5.599999999999991e+12
 5.599999999999991e+12 5.599999999999991e+12 5.599999999999991e+12 5.599999999999991e+12 5.599999999999991e+12 5.599999999999991e+12 5.599999999999991e+12 5.599999999999991e+12 5.599999999999991e+12 5.599999999999991e+12
 5.599999999999991e+12 5.599999999999991e+12 5.599999999999991e+12 5.599999999999991e+12 5.599999999999991e+12 5.599999999999991e+12 5.599999999999991e+12 5.599999999999991e+12 5.599999999999991e+12 5.599999999999991e+12
 5.599999999999991e+12 5.599999999999991e+12 5.599999999999991e+12 5.599999999999991e+12 5.599999999999991e+12 5.599999999999991e+12 5.599999999999991e+12 5.599999999999991e+12 5.599999999999991e+12 5.599999999999991e+12
 5.599999999999991e+12 5.599999999999991e+12 5.599999999999991e+12 5.599999999999991e+12 5.599999999999991e+12 5.599999999999991e+12 5.599999999999991e+12 5.599999999999991e+12 5.599999999999991e+12 5.599999999999991e+12
 5.599999999999991e+12 5.599999999999991e+12 5.599999999999991e+12 5.599999999999991e+12 5.599999999999991e+12 5.599999999999991e+12 5.599999999999991e+12 5.599999999999991e+12 5.599999999999991e+12 5.599999999999991e+12
 5.599999999999991e+12 5.599999999999991e+12 5.599999999999991e+12 5.599999999999991e+12 5.599999999999991e+12 5.599999999999991e+12 5.599999999999991e+12 5.599999999999991e+12 5.599999999999991e+12 5.599999999999991e+12
 5.599999999999991e+12 5.599999999999991e+12 5.599999999999991e+12 5.599999999999991e+12 5.599999999999991e+12 5.599999999999991e+12 5.599999999999991e+12 5.599999999999991e+12 5.599999999999991e+12 5.599999999999991e+12
 5.599999999999991e+12 5.599999999999991e+12 5.599999999999991e+12 5.599999999999991e+12 5.599999999999991e+12 5.599999999999991e+12 5.599999999999991e+12 5.599999999999991e+12 5.599999999999991e+12 5.599999999999991e+12
 5.599999999999991e+12 5.599999999999991e+12 5.599999999999991e+12 5.599999999999991e+12 5.599999999999991e+12 5.599999999999991e+12 5.599999999999991e+12 5.599999999999991e+12 5.599999999999991e+12 5.599999999999991e+12
 5.599999999999991e+12 5.599999999999991e+12 5.599999999999991e+12 5.599999999999991e+12 5.599999999999991e+12 5.599999999999991e+12 5.599999999999991e+12 5.599999999999991e+12 5.599999999999991e+12 5.599999999999991e+12
 5.599999999999991e+12 5.599999999999991e+12 5.599999999999991e+12 5.599999999999991e+12 5.599999999999991e+12 5.599999999999991e+12 5.599999999999991e+12 5.599999999999991e+12 5.599999999999991e+12 5.599999999999991e+12
 5.599999999999991e+12 5.599999999999991e+12 5.599999999999991e+12 5.599999999999991e+12 5.599999999999991e+12 5.599999999999991e+12 5.599999999999991e+12 5.599999999999991e+12 5.599999999999991e+12 5.599999999999991e+12
 5.599999999999991e+12 5.599999999999991e+12 5.599999999999991e+12 5.599999999999991e+12 5.599999999999991e+12 5.599999999999991e+12 5.599999999999991e+12 5.599999999999991e+12 5.599999999999991e+12 5.599999999999991e+12
 5.599999999999991e+12 5.599999999999991e+12 5.599999999999991e+12 5.599999999999991e+12 5.599999999999991e+12 5.599999999999991e+12 5.599999999999991e+12 5.599999999999991e+12 5.599999999999991e+12 5.599999999999991e+12
 5.599999999999991e+12 5.599999999999991e+12 5.599999999999991e+12 5.599999999999991e+12 5.599999999999991e+12 5.599999999999991e+12 5.599999999999991e+12 5.599999999999991e+12 5.599999999999991e+12 5.599999999999991e+12
 5.599999999999991e+12 5.599999999999991e+12 5.599999999999991e+12 5.599999999999991e+12 5.599999999999991e+12 5.599999999999991e+12 5.599999999999991e+12 5.599999999999991e+12 5.599999999999991e+12 5.599999999999991e+12
 5.599999999999991e+12 5.599999999999991e+12 5.599999999999991e+12 5.599999999999991e+12 5.599999999999991e+12 5.599999999999991e+12 5.599999999999991e+12 5.599999999999991e+12 5.599999999999991e+12 5.599999999999991e+12
 5.599999999999991e+12 5.599999999999991e+12 5.599999999999991e+12 5.599999999999991e+12 5.599999999999991e+12 5.599999999999991e+12 5.599999999999991e+12 5.599999999999991e+12 5.599999999999991e+12 5.599999999999991e+12
 5.599999999999991e+12 5.599999999999991e+12 5.599999999999991e+12 5.599999999999991e+12 5.599999999999991e+12 5.599999999999991e+12 5.599999999999991e+12 5.599999999999991e+12 5.599999999999991e+12 5.599999999999991e+12
 5.599999999999991e+12 5.599999999999991e+12 5.599999999999991e+12 5.599999999999991e+12 5.599999999999991e+12 5.599999999999991e+12 5.599999999999991e+12 5.599999999999991e+12 5.599999999999991e+12 5.599999999999991e+12
 5.599999999999991e+12 5.599999999999991e+12 5.599999999999991e+12 5.599999999999991e+12 5.599999999999991e+12 5.599999999999991e+12 5.599999999999991e+12 5.599999999999991e+12 5.599999999999991e+12 5.599999999999991e+12
 5.599999999999991e+12 5.599999999999991e+12 5.599999999999991e+12 5.599999999999991e+12 5.599999999999991e+12 5.599999999999991e+12 5.599999999999991e+12 5.599999999999991e+12 5.599999999999991e+12 5.599999999999991e+12
 5.599999999999991e+12 5.599999999999991e+12 5.599999999999991e+12 5.599999999999991e+12 5.599999999999991e+12 5.599999999999991e+12 5.599999999999991e+12 5.599999999999991e+12 5.599999999999991e+12 5.599999999999991e+12
 5.599999999999991e+12 5.599999999999991e+12 5.599999999999991e+12 5.599999999999991e+12 5.599999999999991e+12 5.599999999999991e+12 5.599999999999991e+12 5.599999999999991e+12 5.599999999999991e+12 5.599999999999991e+12
 5.599999999999991e+12 5.599999999999991e+12 5.599999999999991e+12 5.599999999999991e+12 5.599999999999991e+12 5.599999999999991e+12 5.599999999999991e+12 5.599999999999991e+12 5.599999999999991e+12 5.599999999999991e+12
 5.599999999999991e+12 5.599999999999991e+12 5.599999999999991e+12 5.599999999999991e+12 5.599999999999991e+12 5.599999999999991e+12 5.599999999999991e+12 5.599999999999991e+12 5.599999999999991e+12 5.599999999999991e+12
 5.599999999999991e+12 5.599999999999991e+12 5.599999999999991e+12 5.599999999999991e+12 5.599999999999991e+12 5.599999999999991e+12 5.599999999999991e+12 5.599999999999991e+12 5.599999999999991e+12 5.599999999999991e+12
 5.599999999999991e+12 5.599999999999991e+12 5.599999999999991e+12 5.599999999999991e+12 5.599999999999991e+12 5.599999999999991e+12 5.599999999999991e+12 5.599999999999991e+12 5.599999999999991e+12 5.599999999999991e+12
 5.599999999999991e+12 5.599999999999991e+12 5.599999999999991e+12 5.599999999999991e+12 5.599999999999991e+12 5.599999999999991e+12 5.599999999999991e+12 5.599999999999991e+12 5.599999999999991e+12 5.599999999999991e+12
 5.599999999999991e+12 5.599999999999991e+12 5.599999999999991e+12 5.599999999999991e+12 5.599999999999991e+12 5.599999999999991e+12 5.599999999999991e+12 5.599999999999991e+12 5.599999999999991e+12 5.599999999999991e+12
 5.599999999999991e+12 5.599999999999991e+12 5.599999999999991e+12 5.599999999999991e+12 5.599999999999991e+12 5.599999999999991e+12 5.599999999999991e+12 5.599999999999991e+12 5.599999999999991e+12 5.599999999999991e+12
 5.599999999999991e+12 5.599999999999991e+12 5.599999999999991e+12 5.599999999999991e+12 5.599999999999991e+12 5.599999999999991e+12 5.599999999999991e+12 5.599999999999991e+12 5.599999999999991e+12 5.599999999999991e+12
 5.599999999999991e+12 5.599999999999991e+12 5.599999999999991e+12 5.599999999999991e+12 5.599999999999991e+12 5.599999999999991e+12 5.599999999999991e+12 5.599999999999991e+12 5.599999999999991e+12 5.599999999999991e+12
 5.599999999999991e+12 5.599999999999991e+12 5.599999999999991e+12 5.599999999999991e+12 5.599999999999991e+12 5.599999999999991e+12 5.599999999999991e+12 5.599999999999991e+12 5.599999999999991e+12 5.599999999999991e+12
 5.599999999999991e+12 5.599999999999991e+12 5.599999999999991e+12 5.599999999999991e+12 5.599999999999991e+12 5.599999999999991e+12 5.599999999999991e+12 5.599999999999991e+12 5.599999999999991e+12 5.599999999999991e+12
 5.599999999999991e+12 5.599999999999991e+12 5.599999999999991e+12 5.599999999999991e+12 5.599999999999991e+12 5.599999999999991e+12 5.599999999999991e+12 5.599999999999991e+12 5.599999999999991e+12 5.599999999999991e+12
 5.599999999999991e+12 5.599999999999991e+12 5.599999999999991e+12 5.599999999999991e+12 5.599999999999991e+12 5.599999999999991e+12 5.599999999999991e+12 5.599999999999991e+12 5.599999999999991e+12 5.599999999999991e+12
 5.599999999999991e+12 5.599999999999991e+12 5.599999999999991e+12 5.599999999999991e+12 5.599999999999991e+12 5.599999999999991e+12 5.599999999999991e+12 5.599999999999991e+12 5.599999999999991e+12 5.599999999999991e+12
 5.599999999999991e+12 5.599999999999991e+12 5.599999999999991e+12 5.599999999999991e+12 5.599999999999991e+12 5.599999999999991e+12 5.599999999999991e+12 5.599999999999991e+12 5.599999999999991e+12 5.599999999999991e+12
 5.599999999999991e+12 5.599999999999991e+12 5.599999999999991e+12 5.599999999999991e+12 5.599999999999991e+12 5.599999999999991e+12 5.599999999999991e+12 5.599999999999991e+12 5.599999999999991e+12 5.599999999999991e+12
 5.599999999999991e+12 5.599999999999991e+12 5.599999999999991e+12 5.599999999999991e+12 5.599999999999991e+12 5.599999999999991e+12 5.599999999999991e+12 5.599999999999991e+12 5.599999999999991e+12 5.599999999999991e+12
 5.599999999999991e+12 5.599999999999991e+12 5.599999999999991e+12 5.599999999999991e+12 5.599999999999991e+12 5.599999999999991e+12 5.599999999999991e+12 5.599999999999991e+12 5.599999999999991e+12 5.599999999999991e+12
 5.599999999999991e+12 5.599999999999991e+12 5.599999999999991e+12 5.599999999999991e+12 5.599999999999991e+12 5.599999999999991e+12 5.599999999999991e+12 5.599999999999991e+12 5.599999999999991e+12 5.599999999999991e+12
 5.599999999999991e+12 5.599999999999991e+12 5.599999999999991e+12 5.599999999999991e+12 5.599999999999991e+12 5.599999999999991e+12 5.599999999999991e+12 5.599999999999991e+12 5.599999999999991e+12 5.599999999999991e+12
 5.599999999999991e+12 5.599999999999991e+12 5.599999999999991e+12 5.599999999999991e+12 5.599999999999991e+12 5.599999999999991e+12 5.599999999999991e+12 5.599999999999991e+12 5.599999999999991e+12 5.599999999999991e+12
 5.599999999999991e+12 5.599999999999991e+12 5.599999999999991e+12 5.599999999999991e+12 5.599999999999991e+12 5.599999999999991e+12 5.599999999999991e+12 5.599999999999991e+12 5.599999999999991e+12 5.599999999999991e+12
 5.599999999999991e+12 5.599999999999991e+12 5.599999999999991e+12 5.599999999999991e+12 5.599999999999991e+12 5.599999999999991e+12 5.599999999999991e+12 5.599999999999991e+12 5.599999999999991e+12 5.599999999999991e+12
 5.599999999999991e+12 5.599999999999991e+12 5.599999999999991e+12 5.599999999999991e+12 5.599999999999991e+12 5.599999999999991e+12 5.599999999999991e+12 5.599999999999991e+12 5.599999999999991e+12 5.599999999999991e+12
 5.599999999999991e+12 5.599999999999991e+12 5.599999999999991e+12 5.599999999999991e+12 5.599999999999991e+12 5.599999999999991e+12 5.599999999999991e+12 5.599999999999991e+12 5.599999999999991e+12 5.599999999999991e+12
 5.599999999999991e+12 5.599999999999991e+12 5.599999999999991e+12 5.599999999999991e+12 5.599999999999991e+12 5.599999999999991e+12 5.599999999999991e+12 5.599999999999991e+12 5.599999999999991e+12 5.599999999999991e+12
 5.599999999999991e+12 5.599999999999991e+12 5.599999999999991e+12 5.599999999999991e+12 5.599999999999991e+12 5.599999999999991e+12 5.599999999999991e+12 5.599999999999991e+12 5.599999999999991e+12 5.599999999999991e+12
 5.599999999999991e+12 5.599999999999991e+12 5.599999999999991e+12 5.599999999999991e+12 5.599999999999991e+12 5.599999999999991e+12 5.599999999999991e+12 5.599999999999991e+12 5.599999999999991e+12 5.599999999999991e+12
 5.599999999999991e+12 5.599999999999991e+12 5.599999999999991e+12 5.599999999999991e+12 5.599999999999991e+12 5.599999999999991e+12 5.599999999999991e+12 5.599999999999991e+12 5.599999999999991e+12 5.599999999999991e+12
 5.599999999999991e+12 5.599999999999991e+12 5.599999999999991e+12 5.599999999999991e+12 5.599999999999991e+12 5.599999999999991e+12 5.599999999999991e+12 5.599999999999991e+12 5.599999999999991e+12 5.599999999999991e+12
 5.599999999999991e+12 5.599999999999991e+12 5.599999999999991e+12 5.599999999999991e+12 5.599999999999991e+12 5.599999999999991e+12 5.599999999999991e+12 5.599999999999991e+12 5.599999999999991e+12 5.599999999999991e+12
 5.599999999999991e+12 5.599999999999991e+12 5.599999999999991e+12 5.599999999999991e+12 5.599999999999991e+12 5.599999999999991e+12 5.599999999999991e+12 5.599999999999991e+12 5.599999999999991e+12 5.599999999999991e+12
 5.599999999999991e+12 5.599999999999991e+12 5.599999999999991e+12 5.599999999999991e+12 5.599999999999991e+12 5.599999999999991e+12 5.599999999999991e+12 5.599999999999991e+12 5.599999999999991e+12 5.599999999999991e+12
 5.599999999999991e+12 5.599999999999991e+12 5.599999999999991e+12 5.599999999999991e+12 5.599999999999991e+12 5.599999999999991e+12 5.599999999999991e+12 5.599999999999991e+12 5.599999999999991e+12 5.599999999999991e+12
 5.599999999999991e+12 5.599999999999991e+12 5.599999999999991e+12 5.599999999999991e+12 5.599999999999991e+12 5.599999999999991e+12 5.599999999999991e+12 5.599999999999991e+12 5.599999999999991e+12 5.599999999999991e+12
 5.599999999999991e+12 5.599999999999991e+12 5.599999999999991e+12 5.599999999999991e+12 5.599999999999991e+12 5.599999999999991e+12 5.599999999999991e+12 5.599999999999991e+12 5.599999999999991e+12 5.599999999999991e+12
 5.599999999999991e+12 5.599999999999991e+12 5.599999999999991e+12 5.599999999999991e+12 5.599999999999991e+12 5.599999999999991e+12 5.599999999999991e+12 5.599999999999991e+12 5.599999999999991e+12 5.599999999999991e+12
 5.599999999999991e+12 5.599999999999991e+12 5.599999999999991e+12 5.599999999999991e+12 5.599999999999991e+12 5.599999999999991e+12 5.599999999999991e+12 5.599999999999991e+12 5.599999999999991e+12 5.599999999999991e+12
 5.599999999999991e+12 5.599999999999991e+12 5.599999999999991e+12 5.599999999999991e+12 5.599999999999991e+12 5.599999999999991e+12 5.599999999999991e+12 5.599999999999991e+12 5.599999999999991e+12 5.599999999999991e+12
 5.599999999999991e+12 5.599999999999991e+12 5.599999999999991e+12 5.599999999999991e+12 5.599999999999991e+12 5.599999999999991e+12 5.599999999999991e+12 5.599999999999991e+12 5.599999999999991e+12 5.599999999999991e+12
 5.599999999999991e+12 5.599999999999991e+12 5.599999999999991e+12 5.599999999999991e+12 5.599999999999991e+12 5.599999999999991e+12 5.599999999999991e+12 5.599999999999991e+12 5.599999999999991e+12 5.599999999999991e+12
 5.599999999999991e+12 5.599999999999991e+12 5.599999999999991e+12 5.599999999999991e+12 5.599999999999991e+12 5.599999999999991e+12 5.599999999999991e+12 5.599999999999991e+12 5.599999999999991e+12 5.599999999999991e+12
 5.599999999999991e+12 5.599999999999991e+12 5.599999999999991e+12 5.599999999999991e+12 5.599999999999991e+12 5.599999999999991e+12 5.599999999999991e+12 5.599999999999991e+12 5.599999999999991e+12 5.599999999999991e+12
 5.599999999999991e+12 5.599999999999991e+12 5.599999999999991e+12 5.599999999999991e+12 5.599999999999991e+12 5.599999999999991e+12 5.599999999999991e+12 5.599999999999991e+12 5.599999999999991e+12 5.599999999999991e+12
 5.599999999999991e+12 5.599999999999991e+12 5.599999999999991e+12 5.599999999999991e+12 5.599999999999991e+12 5.599999999999991e+12 5.599999999999991e+12 5.599999999999991e+12 5.599999999999991e+12 5.599999999999991e+12
 5.599999999999991e+12 5.599999999999991e+12 5.599999999999991e+12 5.599999999999991e+12 5.599999999999991e+12 5.599999999999991e+12 5.599999999999991e+12 5.599999999999991e+12 5.599999999999991e+12 5.599999999999991e+12
 5.599999999999991e+12 5.599999999999991e+12 5.599999999999991e+12 5.599999999999991e+12 5.599999999999991e+12 5.599999999999991e+12 5.599999999999991e+12 5.599999999999991e+12 5.599999999999991e+12 5.599999999999991e+12
 5.599999999999991e+12 5.599999999999991e+12 5.599999999999991e+12 5.599999999999991e+12 5.599999999999991e+12 5.599999999999991e+12 5.599999999999991e+12 5.599999999999991e+12 5.599999999999991e+12 5.599999999999991e+12
 5.599999999999991e+12 5.599999999999991e+12 5.599999999999991e+12 5.599999999999991e+12 5.599999999999991e+12 5.599999999999991e+12 5.599999999999991e+12 5.599999999999991e+12 5.599999999999991e+12 5.599999999999991e+12
 5.599999999999991e+12 5.599999999999991e+12 5.599999999999991e+12 5.599999999999991e+12 5.599999999999991e+12 5.599999999999991e+12 5.599999999999991e+12 5.599999999999991e+12 5.599999999999991e+12 5.599999999999991e+12
 5.599999999999991e+12 5.599999999999991e+12 5.599999999999991e+12 5.599999999999991e+12 5.599999999999991e+12 5.599999999999991e+12 5.599999999999991e+12 5.599999999999991e+12 5.599999999999991e+12 5.599999999999991e+12
 5.599999999999991e+12 5.599999999999991e+12 5.599999999999991e+12 5.599999999999991e+12 5.599999999999991e+12 5.599999999999991e+12 5.599999999999991e+12 5.599999999999991e+12 5.599999999999991e+12 5.599999999999991e+12
 5.599999999999991e+12 5.599999999999991e+12 5.599999999999991e+12 5.599999999999991e+12 5.599999999999991e+12 5.599999999999991e+12 5.599999999999991e+12 5.599999999999991e+12 5.599999999999991e+12 5.599999999999991e+12
 5.599999999999991e+12 5.599999999999991e+12 5.599999999999991e+12 5.599999999999991e+12 5.599999999999991e+12 5.599999999999991e+12 5.599999999999991e+12 5.599999999999991e+12 5.599999999999991e+12 5.599999999999991e+12
 5.599999999999991e+12 5.599999999999991e+12 5.599999999999991e+12 5.599999999999991e+12 5.599999999999991e+12 5.599999999999991e+12 5.599999999999991e+12 5.599999999999991e+12 5.599999999999991e+12 5.599999999999991e+12
 5.599999999999991e+12 5.599999999999991e+12 5.599999999999991e+12 5.599999999999991e+12 5.599999999999991e+12 5.599999999999991e+12 5.599999999999991e+12 5.599999999999991e+12 5.599999999999991e+12 5.599999999999991e+12
 5.599999999999991e+12 5.599999999999991e+12 5.599999999999991e+12 5.599999999999991e+12 5.599999999999991e+12 5.599999999999991e+12 5.599999999999991e+12 5.599999999999991e+12 5.599999999999991e+12 5.599999999999991e+12
 5.599999999999991e+12 5.599999999999991e+12 5.599999999999991e+12 5.599999999999991e+12 5.599999999999991e+12 5.599999999999991e+12 5.599999999999991e+12 5.599999999999991e+12 5.599999999999991e+12 5.599999999999991e+12
 5.599999999999991e+12 5.599999999999991e+12 5.599999999999991e+12 5.599999999999991e+12 5.599999999999991e+12 5.599999999999991e+12 5.599999999999991e+12 5.599999999999991e+12 5.599999999999991e+12 5.599999999999991e+12
 5.599999999999991e+12 5.599999999999991e+12 5.599999999999991e+12 5.599999999999991e+12 5.599999999999991e+12 5.599999999999991e+12 5.599999999999991e+12 5.599999999999991e+12 5.599999999999991e+12 5.599999999999991e+12
 5.599999999999991e+12 5.599999999999991e+12 5.599999999999991e+12 5.599999999999991e+12 5.599999999999991e+12 5.599999999999991e+12 5.599999999999991e+12 5.599999999999991e+12 5.599999999999991e+12 5.599999999999991e+12
 5.599999999999991e+12 5.599999999999991e+12 5.599999999999991e+12 5.599999999999991e+12 5.599999999999991e+12 5.599999999999991e+12 5.599999999999991e+12 5.599999999999991e+12 5.599999999999991e+12 5.599999999999991e+12
 5.599999999999991e+12 5.599999999999991e+12 5.599999999999991e+12 5.599999999999991e+12 5.599999999999991e+12 5.599999999999991e+12 5.599999999999991e+12 5.599999999999991e+12 5.599999999999991e+12 5.599999999999991e+12
 5.599999999999991e+12 5.599999999999991e+12 5.599999999999991e+12 5.599999999999991e+12 5.599999999999991e+12 5.599999999999991e+12 5.599999999999991e+12 5.599999999999991e+12 5.599999999999991e+12 5.599999999999991e+12
 5.599999999999991e+12 5.599999999999991e+12 5.599999999999991e+12 5.599999999999991e+12 5.599999999999991e+12 5.599999999999991e+12 5.599999999999991e+12 5.599999999999991e+12 5.599999999999991e+12 5.599999999999991e+12
 5.599999999999991e+12 5.599999999999991e+12 5.599999999999991e+12 5.599999999999991e+12 5.599999999999991e+12 5.599999999999991e+12 5.599999999999991e+12 5.599999999999991e+12 5.599999999999991e+12 5.599999999999991e+12
 5.599999999999991e+12 5.599999999999991e+12 5.599999999999991e+12 5.599999999999991e+12 5.599999999999991e+12 5.599999999999991e+12 5.599999999999991e+12 5.599999999999991e+12 5.599999999999991e+12 5.599999999999991e+12
 5.599999999999991e+12 5.599999999999991e+12 5.599999999999991e+12 5.599999999999991e+12 5.599999999999991e+12 5.599999999999991e+12 5.599999999999991e+12 5.599999999999991e+12 5.599999999999991e+12 5.599999999999991e+12
 5.599999999999991e+12 1.000000560000000e+19 5.599999999999991e+12 1.000000560000000e+19 5.599999999999991e+12 1.000000560000000e+19 5.599999999999991e+12 1.000000560000000e+19 5.599999999999991e+12 5.599999999999991e+12
 5.599999999999991e+12 5.599999999999991e+12 5.599999999999991e+12 5.599999999999991e+12 5.599999999999991e+12 5.599999999999991e+12 5.599999999999991e+12 5.599999999999991e+12 5.599999999999991e+12 5.599999999999991e+12
 5.599999999999991e+12 5.599999999999991e+12 5.599999999999991e+12 5.599999999999991e+12 5.599999999999991e+12 1.000000560000000e+19 5.599999999999991e+12 1.000000560000000e+19 5.599999999999991e+12 1.000000560000000e+19
 5.599999999999991e+12 1.000000560000000e+19 5.599999999999991e+12 5.599999999999991e+12 5.599999999999991e+12 5.599999999999991e+12 5.599999999999991e+12 5.599999999999991e+12 5.599999999999991e+12 5.599999999999991e+12
 5.599999999999991e+12 5.599999999999991e+12 5.599999999999991e+12 5.599999999999991e+12 5.599999999999991e+12 5.599999999999991e+12 5.599999999999991e+12 5.599999999999991e+12 5.599999999999991e+12 1.000000560000000e+19
 5.599999999999991e+12 1.000000560000000e+19 5.599999999999991e+12 1.000000560000000e+19 5.599999999999991e+12 1.000000560000000e+19 5.599999999999991e+12 5.599999999999991e+12 5.599999999999991e+12 5.599999999999991e+12
 5.599999999999991e+12 5.599999999999991e+12 5.599999999999991e+12 5.599999999999991e+12 5.599999999999991e+12 5.599999999999991e+12 5.599999999999991e+12 5.599999999999991e+12 5.599999999999991e+12 5.599999999999991e+12
 5.599999999999991e+12 5.599999999999991e+12 5.599999999999991e+12 1.000000560000000e+19 5.599999999999991e+12 1.000000560000000e+19 5.599999999999991e+12 1.000000560000000e+19 5.599999999999991e+12 1.000000560000000e+19
 5.599999999999991e+12 5.599999999999991e+12 5.599999999999991e+12 5.599999999999991e+12 5.599999999999991e+12 5.599999999999991e+12 5.599999999999991e+12 5.599999999999991e+12 5.599999999999991e+12 5.599999999999991e+12
 5.599999999999991e+12 5.599999999999991e+12 5.599999999999991e+12 5.599999999999991e+12 5.599999999999991e+12 5.599999999999991e+12 5.599999999999991e+12 5.599999999999991e+12 5.599999999999991e+12 5.599999999999991e+12
 5.599999999999991e+12 5.599999999999991e+12 5.599999999999991e+12 5.599999999999991e+12 5.599999999999991e+12 5.599999999999991e+12 5.599999999999991e+12 5.599999999999991e+12 5.599999999999991e+12 5.599999999999991e+12
 5.599999999999991e+12 5.599999999999991e+12 5.599999999999991e+12 5.599999999999991e+12 5.599999999999991e+12 5.599999999999991e+12 5.599999999999991e+12 5.599999999999991e+12 5.599999999999991e+12 5.599999999999991e+12
 5.599999999999991e+12 5.599999999999991e+12 5.599999999999991e+12 5.599999999999991e+12 5.599999999999991e+12 5.599999999999991e+12 5.599999999999991e+12 5.599999999999991e+12 5.599999999999991e+12 5.599999999999991e+12
 5.599999999999991e+12 5.599999999999991e+12 5.599999999999991e+12 5.599999999999991e+12 5.599999999999991e+12 5.599999999999991e+12 5.599999999999991e+12 5.599999999999991e+12 5.599999999999991e+12 5.599999999999991e+12
 5.599999999999991e+12 5.599999999999991e+12 5.599999999999991e+12 5.599999999999991e+12 5.599999999999991e+12 5.599999999999991e+12 5.599999999999991e+12 5.599999999999991e+12 5.599999999999991e+12 5.599999999999991e+12
 5.599999999999991e+12 5.599999999999991e+12 5.599999999999991e+12 5.599999999999991e+12 5.599999999999991e+12 5.599999999999991e+12 5.599999999999991e+12 5.599999999999991e+12 5.599999999999991e+12 5.599999999999991e+12
 5.599999999999991e+12 5.599999999999991e+12 5.599999999999991e+12 5.599999999999991e+12 5.599999999999991e+12 5.599999999999991e+12 5.599999999999991e+12 5.599999999999991e+12 5.599999999999991e+12 5.599999999999991e+12
 5.599999999999991e+12 5.599999999999991e+12 5.599999999999991e+12 5.599999999999991e+12 5.599999999999991e+12 5.599999999999991e+12 5.599999999999991e+12 5.599999999999991e+12 5.599999999999991e+12 5.599999999999991e+12
 5.599999999999991e+12 5.599999999999991e+12 5.599999999999991e+12 5.599999999999991e+12 5.599999999999991e+12 5.599999999999991e+12 5.599999999999991e+12 5.599999999999991e+12 5.599999999999991e+12 5.599999999999991e+12
 5.599999999999991e+12 5.599999999999991e+12 5.599999999999991e+12 5.599999999999991e+12 5.599999999999991e+12 5.599999999999991e+12 5.599999999999991e+12 5.599999999999991e+12 5.599999999999991e+12 5.599999999999991e+12
 5.599999999999991e+12 5.599999999999991e+12 5.599999999999991e+12 5.599999999999991e+12 5.599999999999991e+12 5.599999999999991e+12 5.599999999999991e+12 5.599999999999991e+12 5.599999999999991e+12 5.599999999999991e+12
 5.599999999999991e+12 5.599999999999991e+12 5.599999999999991e+12 5.599999999999991e+12 5.599999999999991e+12 5.599999999999991e+12 5.599999999999991e+12 5.599999999999991e+12 5.599999999999991e+12 5.599999999999991e+12
 5.599999999999991e+12 5.599999999999991e+12 5.599999999999991e+12 5.599999999999991e+12 5.599999999999991e+12 5.599999999999991e+12 5.599999999999991e+12 5.599999999999991e+12 5.599999999999991e+12 5.599999999999991e+12
 5.599999999999991e+12 5.599999999999991e+12 5.599999999999991e+12 5.599999999999991e+12 5.599999999999991e+12 5.599999999999991e+12 5.599999999999991e+12 5.599999999999991e+12 5.599999999999991e+12 5.599999999999991e+12
 5.599999999999991e+12 5.599999999999991e+12 5.599999999999991e+12 5.599999999999991e+12 5.599999999999991e+12 5.599999999999991e+12 5.599999999999991e+12 5.599999999999991e+12 5.599999999999991e+12 5.599999999999991e+12
 5.599999999999991e+12 5.599999999999991e+12 5.599999999999991e+12 5.599999999999991e+12 5.599999999999991e+12 5.599999999999991e+12 5.599999999999991e+12 5.599999999999991e+12 5.599999999999991e+12 5.599999999999991e+12
 5.599999999999991e+12 5.599999999999991e+12 5.599999999999991e+12 5.599999999999991e+12 5.599999999999991e+12 5.599999999999991e+12 5.599999999999991e+12 5.599999999999991e+12 5.599999999999991e+12 5.599999999999991e+12
 5.599999999999991e+12 5.599999999999991e+12 5.599999999999991e+12 5.599999999999991e+12 5.599999999999991e+12 5.599999999999991e+12 5.599999999999991e+12 5.599999999999991e+12 5.599999999999991e+12 5.599999999999991e+12
 5.599999999999991e+12 5.599999999999991e+12 5.599999999999991e+12 5.599999999999991e+12 5.599999999999991e+12 5.599999999999991e+12 5.599999999999991e+12 5.599999999999991e+12 5.599999999999991e+12 5.599999999999991e+12
 5.599999999999991e+12 5.599999999999991e+12 5.599999999999991e+12 5.599999999999991e+12 5.599999999999991e+12 5.599999999999991e+12 5.599999999999991e+12 5.599999999999991e+12 5.599999999999991e+12 5.599999999999991e+12
 5.599999999999991e+12 5.599999999999991e+12 5.599999999999991e+12 5.599999999999991e+12 5.599999999999991e+12 5.599999999999991e+12 5.599999999999991e+12 5.599999999999991e+12 5.599999999999991e+12 5.599999999999991e+12
 5.599999999999991e+12 5.599999999999991e+12 5.599999999999991e+12 5.599999999999991e+12 5.599999999999991e+12 5.599999999999991e+12 5.599999999999991e+12 5.599999999999991e+12 5.599999999999991e+12 5.599999999999991e+12
 5.599999999999991e+12 5.599999999999991e+12 5.599999999999991e+12 5.599999999999991e+12 5.599999999999991e+12 5.599999999999991e+12 5.599999999999991e+12 5.599999999999991e+12 5.599999999999991e+12 5.599999999999991e+12
 5.599999999999991e+12 5.599999999999991e+12 5.599999999999991e+12 5.599999999999991e+12 5.599999999999991e+12 5.599999999999991e+12 5.599999999999991e+12 5.599999999999991e+12 5.599999999999991e+12 5.599999999999991e+12
 5.599999999999991e+12 5.599999999999991e+12 5.599999999999991e+12 5.599999999999991e+12 5.599999999999991e+12 5.599999999999991e+12 5.599999999999991e+12 5.599999999999991e+12 5.599999999999991e+12 5.599999999999991e+12
 5.599999999999991e+12 5.599999999999991e+12 5.599999999999991e+12 5.599999999999991e+12 5.599999999999991e+12 5.599999999999991e+12 5.599999999999991e+12 5.599999999999991e+12 5.599999999999991e+12 5.599999999999991e+12
 5.599999999999991e+12 5.599999999999991e+12 5.599999999999991e+12 5.599999999999991e+12 5.599999999999991e+12 5.599999999999991e+12 5.599999999999991e+12 5.599999999999991e+12 5.599999999999991e+12 5.599999999999991e+12
 5.599999999999991e+12 5.599999999999991e+12 5.599999999999991e+12 5.599999999999991e+12 5.599999999999991e+12 5.599999999999991e+12 5.599999999999991e+12 5.599999999999991e+12 5.599999999999991e+12 5.599999999999991e+12
 5.599999999999991e+12 5.599999999999991e+12 5.599999999999991e+12 5.599999999999991e+12 5.599999999999991e+12 5.599999999999991e+12 5.599999999999991e+12 5.599999999999991e+12 5.599999999999991e+12 5.599999999999991e+12
 5.599999999999991e+12 5.599999999999991e+12 5.599999999999991e+12 5.599999999999991e+12 5.599999999999991e+12 5.599999999999991e+12 5.599999999999991e+12 5.599999999999991e+12 5.599999999999991e+12 5.599999999999991e+12
 5.599999999999991e+12 5.599999999999991e+12 5.599999999999991e+12 5.599999999999991e+12 5.599999999999991e+12 5.599999999999991e+12 5.599999999999991e+12 5.599999999999991e+12 5.599999999999991e+12 5.599999999999991e+12
 5.599999999999991e+12 5.599999999999991e+12 5.599999999999991e+12 5.599999999999991e+12 5.599999999999991e+12 5.599999999999991e+12 5.599999999999991e+12 5.599999999999991e+12 5.599999999999991e+12 5.599999999999991e+12
 5.599999999999991e+12 5.599999999999991e+12 5.599999999999991e+12 5.599999999999991e+12 5.599999999999991e+12 5.599999999999991e+12 5.599999999999991e+12 5.599999999999991e+12 5.599999999999991e+12 5.599999999999991e+12
 5.599999999999991e+12 5.599999999999991e+12 5.599999999999991e+12 5.599999999999991e+12 5.599999999999991e+12 5.599999999999991e+12 5.599999999999991e+12 5.599999999999991e+12 5.599999999999991e+12 5.599999999999991e+12
 5.599999999999991e+12 5.599999999999991e+12 5.599999999999991e+12 5.599999999999991e+12 5.599999999999991e+12 5.599999999999991e+12 5.599999999999991e+12 5.599999999999991e+12 5.599999999999991e+12 5.599999999999991e+12
 5.599999999999991e+12 5.599999999999991e+12 5.599999999999991e+12 5.599999999999991e+12 5.599999999999991e+12 5.599999999999991e+12 5.599999999999991e+12 5.599999999999991e+12 5.599999999999991e+12 5.599999999999991e+12
 5.599999999999991e+12 5.599999999999991e+12 5.599999999999991e+12 5.599999999999991e+12 5.599999999999991e+12 5.599999999999991e+12 5.599999999999991e+12 5.599999999999991e+12 5.599999999999991e+12 5.599999999999991e+12
 5.599999999999991e+12 5.599999999999991e+12 5.599999999999991e+12 5.599999999999991e+12 5.599999999999991e+12 5.599999999999991e+12 5.599999999999991e+12 5.599999999999991e+12 5.599999999999991e+12 5.599999999999991e+12
 5.599999999999991e+12 5.599999999999991e+12 5.599999999999991e+12 5.599999999999991e+12 5.599999999999991e+12 5.599999999999991e+12 5.599999999999991e+12 5.599999999999991e+12 5.599999999999991e+12 5.599999999999991e+12
 5.599999999999991e+12 5.599999999999991e+12 5.599999999999991e+12 5.599999999999991e+12 5.599999999999991e+12 5.599999999999991e+12 5.599999999999991e+12 5.599999999999991e+12 5.599999999999991e+12 5.599999999999991e+12
 5.599999999999991e+12 5.599999999999991e+12 5.599999999999991e+12 5.599999999999991e+12 5.599999999999991e+12 5.599999999999991e+12 5.599999999999991e+12 5.599999999999991e+12 5.599999999999991e+12 5.599999999999991e+12
 5.599999999999991e+12 5.599999999999991e+12 5.599999999999991e+12 5.599999999999991e+12 5.599999999999991e+12 5.599999999999991e+12 5.599999999999991e+12 5.599999999999991e+12 5.599999999999991e+12 5.599999999999991e+12
 5.599999999999991e+12 5.599999999999991e+12 5.599999999999991e+12 5.599999999999991e+12 5.599999999999991e+12 5.599999999999991e+12 5.599999999999991e+12 5.599999999999991e+12 5.599999999999991e+12 5.599999999999991e+12
 5.599999999999991e+12 5.599999999999991e+12 5.599999999999991e+12 5.599999999999991e+12 5.599999999999991e+12 5.599999999999991e+12 5.599999999999991e+12 5.599999999999991e+12 5.599999999999991e+12 5.599999999999991e+12
 5.599999999999991e+12 5.599999999999991e+12 5.599999999999991e+12 5.599999999999991e+12 5.599999999999991e+12 5.599999999999991e+12 5.599999999999991e+12 5.599999999999991e+12 5.599999999999991e+12 5.599999999999991e+12
 5.599999999999991e+12 5.599999999999991e+12 5.599999999999991e+12 5.599999999999991e+12 5.599999999999991e+12 5.599999999999991e+12 5.599999999999991e+12 5.599999999999991e+12 5.599999999999991e+12 5.599999999999991e+12
 5.599999999999991e+12 5.599999999999991e+12 5.599999999999991e+12 5.599999999999991e+12 5.599999999999991e+12 5.599999999999991e+12 5.599999999999991e+12 5.599999999999991e+12 5.599999999999991e+12 5.599999999999991e+12
 5.599999999999991e+12 5.599999999999991e+12 5.599999999999991e+12 5.599999999999991e+12 5.599999999999991e+12 5.599999999999991e+12 5.599999999999991e+12 5.599999999999991e+12 5.599999999999991e+12 5.599999999999991e+12
 5.599999999999991e+12 5.599999999999991e+12 5.599999999999991e+12 5.599999999999991e+12 5.599999999999991e+12 5.599999999999991e+12 5.599999999999991e+12 5.599999999999991e+12 5.599999999999991e+12 5.599999999999991e+12
 5.599999999999991e+12 5.599999999999991e+12 5.599999999999991e+12 1.000000560000000e+19 5.599999999999991e+12 1.000000560000000e+19 5.599999999999991e+12 1.000000560000000e+19 5.599999999999991e+12 1.000000560000000e+19
 5.599999999999991e+12 5.599999999999991e+12 5.599999999999991e+12 5.599999999999991e+12 5.599999999999991e+12 5.599999999999991e+12 5.599999999999991e+12 5.599999999999991e+12 5.599999999999991e+12 5.599999999999991e+12
 5.599999999999991e+12 5.599999999999991e+12 5.599999999999991e+12 5.599999999999991e+12 5.599999999999991e+12 5.599999999999991e+12 5.599999999999991e+12 1.000000560000000e+19 5.599999999999991e+12 1.000000560000000e+19
 5.599999999999991e+12 1.000000560000000e+19 5.599999999999991e+12 1.000000560000000e+19 5.599999999999991e+12 5.599999999999991e+12 5.599999999999991e+12 5.599999999999991e+12 5.599999999999991e+12 5.599999999999991e+12
 5.599999999999991e+12 5.599999999999991e+12 5.599999999999991e+12 5.599999999999991e+12 5.599999999999991e+12 5.599999999999991e+12 5.599999999999991e+12 5.599999999999991e+12 5.599999999999991e+12 5.599999999999991e+12
 5.599999999999991e+12 5.599999999999991e+12 5.599999999999991e+12 5.599999999999991e+12 5.599999999999991e+12 5.599999999999991e+12 5.599999999999991e+12 5.599999999999991e+12 5.599999999999991e+12 5.599999999999991e+12
 5.599999999999991e+12 5.599999999999991e+12 5.599999999999991e+12 5.599999999999991e+12 5.599999999999991e+12 5.599999999999991e+12 5.599999999999991e+12 5.599999999999991e+12 5.599999999999991e+12 5.599999999999991e+12
 5.599999999999991e+12 5.599999999999991e+12 5.599999999999991e+12 5.599999999999991e+12 5.599999999999991e+12 5.599999999999991e+12 5.599999999999991e+12 5.599999999999991e+12 5.599999999999991e+12 5.599999999999991e+12
 5.599999999999991e+12 5.599999999999991e+12 5.599999999999991e+12 5.599999999999991e+12 5.599999999999991e+12 5.599999999999991e+12 5.599999999999991e+12 5.599999999999991e+12 5.599999999999991e+12 5.599999999999991e+12
 5.599999999999991e+12 5.599999999999991e+12 5.599999999999991e+12 5.599999999999991e+12 5.599999999999991e+12 5.599999999999991e+12 5.599999999999991e+12 5.599999999999991e+12 5.599999999999991e+12 5.599999999999991e+12
 5.599999999999991e+12 5.599999999999991e+12 5.599999999999991e+12 5.599999999999991e+12 5.599999999999991e+12 5.599999999999991e+12 5.599999999999991e+12 5.599999999999991e+12 5.599999999999991e+12 5.599999999999991e+12
 5.599999999999991e+12 5.599999999999991e+12 5.599999999999991e+12 5.599999999999991e+12 5.599999999999991e+12 5.599999999999991e+12 5.599999999999991e+12 5.599999999999991e+12 5.599999999999991e+12 5.599999999999991e+12
 5.599999999999991e+12 5.599999999999991e+12 5.599999999999991e+12 5.599999999999991e+12 5.599999999999991e+12 5.599999999999991e+12 5.599999999999991e+12 5.599999999999991e+12 5.599999999999991e+12 5.599999999999991e+12
 5.599999999999991e+12 5.599999999999991e+12 5.599999999999991e+12 5.599999999999991e+12 5.599999999999991e+12 5.599999999999991e+12 5.599999999999991e+12 5.599999999999991e+12 5.599999999999991e+12 5.599999999999991e+12
 5.599999999999991e+12 5.599999999999991e+12 5.599999999999991e+12 5.599999999999991e+12 5.599999999999991e+12 5.599999999999991e+12 5.599999999999991e+12 5.599999999999991e+12 5.599999999999991e+12 5.599999999999991e+12
 5.599999999999991e+12 5.599999999999991e+12 5.599999999999991e+12 5.599999999999991e+12 5.599999999999991e+12 5.599999999999991e+12 5.599999999999991e+12 5.599999999999991e+12 5.599999999999991e+12 5.599999999999991e+12
 5.599999999999991e+12 5.599999999999991e+12 5.599999999999991e+12 5.599999999999991e+12 5.599999999999991e+12 5.599999999999991e+12 5.599999999999991e+12 5.599999999999991e+12 5.599999999999991e+12 5.599999999999991e+12
 5.599999999999991e+12 5.599999999999991e+12 5.599999999999991e+12 5.599999999999991e+12 5.599999999999991e+12 5.599999999999991e+12 5.599999999999991e+12 5.599999999999991e+12 5.599999999999991e+12 5.599999999999991e+12
 5.599999999999991e+12 5.599999999999991e+12 5.599999999999991e+12 5.599999999999991e+12 5.599999999999991e+12 5.599999999999991e+12 5.599999999999991e+12 5.599999999999991e+12 5.599999999999991e+12 5.599999999999991e+12
 5.599999999999991e+12 5.599999999999991e+12 5.599999999999991e+12 5.599999999999991e+12 5.599999999999991e+12 5.599999999999991e+12 5.599999999999991e+12 5.599999999999991e+12 5.599999999999991e+12 5.599999999999991e+12
 5.599999999999991e+12 5.599999999999991e+12 5.599999999999991e+12 5.599999999999991e+12 5.599999999999991e+12 5.599999999999991e+12 5.599999999999991e+12 5.599999999999991e+12 5.599999999999991e+12 5.599999999999991e+12
 5.599999999999991e+12 5.599999999999991e+12 5.599999999999991e+12 5.599999999999991e+12 5.599999999999991e+12 5.599999999999991e+12 5.599999999999991e+12 5.599999999999991e+12 5.599999999999991e+12 5.599999999999991e+12
 5.599999999999991e+12 5.599999999999991e+12 5.599999999999991e+12 5.599999999999991e+12 5.599999999999991e+12 5.599999999999991e+12 5.599999999999991e+12 5.599999999999991e+12 5.599999999999991e+12 5.599999999999991e+12
 5.599999999999991e+12 5.599999999999991e+12 5.599999999999991e+12 5.599999999999991e+12 5.599999999999991e+12 5.599999999999991e+12 5.599999999999991e+12 5.599999999999991e+12 5.599999999999991e+12 5.599999999999991e+12
 5.599999999999991e+12 5.599999999999991e+12 5.599999999999991e+12 5.599999999999991e+12 5.599999999999991e+12 5.599999999999991e+12 5.599999999999991e+12 5.599999999999991e+12 5.599999999999991e+12 5.599999999999991e+12
 5.599999999999991e+12 5.599999999999991e+12 5.599999999999991e+12 5.599999999999991e+12 5.599999999999991e+12 5.599999999999991e+12 5.599999999999991e+12 5.599999999999991e+12 5.599999999999991e+12 5.599999999999991e+12
 5.599999999999991e+12 5.599999999999991e+12 5.599999999999991e+12 5.599999999999991e+12 5.599999999999991e+12 5.599999999999991e+12 5.599999999999991e+12 5.599999999999991e+12 5.599999999999991e+12 5.599999999999991e+12
 5.599999999999991e+12 5.599999999999991e+12 5.599999999999991e+12 5.599999999999991e+12 5.599999999999991e+12 5.599999999999991e+12 5.599999999999991e+12 5.599999999999991e+12 5.599999999999991e+12 5.599999999999991e+12
 5.599999999999991e+12 5.599999999999991e+12 5.599999999999991e+12 5.599999999999991e+12 5.599999999999991e+12 5.599999999999991e+12 5.599999999999991e+12 5.599999999999991e+12 5.599999999999991e+12 5.599999999999991e+12
 5.599999999999991e+12 5.599999999999991e+12 5.599999999999991e+12 5.599999999999991e+12 5.599999999999991e+12 5.599999999999991e+12 5.599999999999991e+12 5.599999999999991e+12 5.599999999999991e+12 1.000000560000000e+19
 5.599999999999991e+12 1.000000560000000e+19 5.599999999999991e+12 1.000000560000000e+19 5.599999999999991e+12 1.000000560000000e+19 5.599999999999991e+12 5.599999999999991e+12 5.599999999999991e+12 5.599999999999991e+12
 5.599999999999991e+12 5.599999999999991e+12 5.599999999999991e+12 5.599999999999991e+12 5.599999999999991e+12 5.599999999999991e+12 5.599999999999991e+12 5.599999999999991e+12 5.599999999999991e+12 5.599999999999991e+12
 5.599999999999991e+12 5.599999999999991e+12 5.599999999999991e+12 5.599999999999991e+12 5.599999999999991e+12 5.599999999999991e+12 5.599999999999991e+12 5.599999999999991e+12 5.599999999999991e+12 5.599999999999991e+12
 5.599999999999991e+12 5.599999999999991e+12 5.599999999999991e+12 5.599999999999991e+12 5.599999999999991e+12 5.599999999999991e+12 5.599999999999991e+12 5.599999999999991e+12 5.599999999999991e+12 5.599999999999991e+12
 5.599999999999991e+12 5.599999999999991e+12 5.599999999999991e+12 5.599999999999991e+12 5.599999999999991e+12 5.599999999999991e+12 5.599999999999991e+12 5.599999999999991e+12 5.599999999999991e+12 5.599999999999991e+12
 5.599999999999991e+12 5.599999999999991e+12 5.599999999999991e+12 5.599999999999991e+12 5.599999999999991e+12 5.599999999999991e+12 5.599999999999991e+12 5.599999999999991e+12 5.599999999999991e+12 5.599999999999991e+12
 5.599999999999991e+12 5.599999999999991e+12 5.599999999999991e+12 5.599999999999991e+12 5.599999999999991e+12 5.599999999999991e+12 5.599999999999991e+12 5.599999999999991e+12 5.599999999999991e+12 5.599999999999991e+12
 5.599999999999991e+12 5.599999999999991e+12 5.599999999999991e+12 5.599999999999991e+12 5.599999999999991e+12 5.599999999999991e+12 5.599999999999991e+12 5.599999999999991e+12 5.599999999999991e+12 5.599999999999991e+12
 5.599999999999991e+12 5.599999999999991e+12 5.599999999999991e+12 5.599999999999991e+12 5.599999999999991e+12 5.599999999999991e+12 5.599999999999991e+12 5.599999999999991e+12 5.599999999999991e+12 5.599999999999991e+12
 5.599999999999991e+12 5.599999999999991e+12 5.599999999999991e+12 5.599999999999991e+12 5.599999999999991e+12 5.599999999999991e+12 5.599999999999991e+12 5.599999999999991e+12 5.599999999999991e+12 5.599999999999991e+12
 5.599999999999991e+12 5.599999999999991e+12 5.599999999999991e+12 5.599999999999991e+12 5.599999999999991e+12 5.599999999999991e+12 5.599999999999991e+12 5.599999999999991e+12 5.599999999999991e+12 5.599999999999991e+12
 5.599999999999991e+12 5.599999999999991e+12 5.599999999999991e+12 5.599999999999991e+12 5.599999999999991e+12 5.599999999999991e+12 5.599999999999991e+12 5.599999999999991e+12 5.599999999999991e+12 5.599999999999991e+12
 5.599999999999991e+12 5.599999999999991e+12 5.599999999999991e+12 5.599999999999991e+12 5.599999999999991e+12 5.599999999999991e+12 5.599999999999991e+12 5.599999999999991e+12 5.599999999999991e+12 5.599999999999991e+12
 5.599999999999991e+12 5.599999999999991e+12 5.599999999999991e+12 5.599999999999991e+12 5.599999999999991e+12 5.599999999999991e+12 5.599999999999991e+12 5.599999999999991e+12 5.599999999999991e+12 1.000000560000000e+19
 5.599999999999991e+12 1.000000560000000e+19 5.599999999999991e+12 5.599999999999991e+12 5.599999999999991e+12 5.599999999999991e+12 5.599999999999991e+12 5.599999999999991e+12 5.599999999999991e+12 5.599999999999991e+12
 5.599999999999991e+12 5.599999999999991e+12 5.599999999999991e+12 5.599999999999991e+12 5.599999999999991e+12 5.599999999999991e+12 5.599999999999991e+12 5.599999999999991e+12 5.599999999999991e+12 5.599999999999991e+12
 5.599999999999991e+12 5.599999999999991e+12 5.599999999999991e+12 5.599999999999991e+12 5.599999999999991e+12 5.599999999999991e+12 5.599999999999991e+12 5.599999999999991e+12 5.599999999999991e+12 5.599999999999991e+12
 5.599999999999991e+12 5.599999999999991e+12 5.599999999999991e+12 5.599999999999991e+12 5.599999999999991e+12 5.599999999999991e+12 5.599999999999991e+12 5.599999999999991e+12 5.599999999999991e+12 5.599999999999991e+12
 5.599999999999991e+12 5.599999999999991e+12 5.599999999999991e+12 5.599999999999991e+12 5.599999999999991e+12 5.599999999999991e+12 5.599999999999991e+12 5.599999999999991e+12 5.599999999999991e+12 5.599999999999991e+12
 5.599999999999991e+12 5.599999999999991e+12 5.599999999999991e+12 5.599999999999991e+12 5.599999999999991e+12 5.599999999999991e+12 5.599999999999991e+12 5.599999999999991e+12 5.599999999999991e+12 5.599999999999991e+12
 5.599999999999991e+12 5.599999999999991e+12 5.599999999999991e+12 5.599999999999991e+12 5.599999999999991e+12 5.599999999999991e+12 5.599999999999991e+12 5.599999999999991e+12 5.599999999999991e+12 5.599999999999991e+12
 5.599999999999991e+12 5.599999999999991e+12 5.599999999999991e+12 5.599999999999991e+12 5.599999999999991e+12 5.599999999999991e+12 5.599999999999991e+12 5.599999999999991e+12 5.599999999999991e+12 5.599999999999991e+12
 5.599999999999991e+12 5.599999999999991e+12 5.599999999999991e+12 5.599999999999991e+12 5.599999999999991e+12 5.599999999999991e+12 5.599999999999991e+12 5.599999999999991e+12 5.599999999999991e+12 5.599999999999991e+12
 5.599999999999991e+12 5.599999999999991e+12 5.599999999999991e+12 5.599999999999991e+12 5.599999999999991e+12 5.599999999999991e+12 5.599999999999991e+12 5.599999999999991e+12 5.599999999999991e+12 5.599999999999991e+12
 5.599999999999991e+12 5.599999999999991e+12 5.599999999999991e+12 1.000000560000000e+19 5.599999999999991e+12 5.599999999999991e+12 5.599999999999991e+12 5.599999999999991e+12 5.599999999999991e+12 5.599999999999991e+12
 5.599999999999991e+12 5.599999999999991e+12 5.599999999999991e+12 5.599999999999991e+12 5.599999999999991e+12 5.599999999999991e+12 5.599999999999991e+12 5.599999999999991e+12 5.599999999999991e+12 5.599999999999991e+12
 5.599999999999991e+12 5.599999999999991e+12 5.599999999999991e+12 5.599999999999991e+12 5.599999999999991e+12 5.599999999999991e+12 5.599999999999991e+12 5.599999999999991e+12 5.599999999999991e+12 5.599999999999991e+12
 5.599999999999991e+12 5.599999999999991e+12 5.599999999999991e+12 5.599999999999991e+12 5.599999999999991e+12 5.599999999999991e+12 1.000000560000000e+19 1.000000560000000e+19 5.599999999999991e+12 5.599999999999991e+12

    }
  }

  Dataset ("PMIUserField0") {
    function  = PMIUserField0
    type      = scalar
    dimension = 1
    location  = vertex
    validity  = [ "i_layer" ]
    Values (4420) {
 0.000000000000000e+00 0.000000000000000e+00 0.000000000000000e+00 0.000000000000000e+00 0.000000000000000e+00 0.000000000000000e+00 0.000000000000000e+00 0.000000000000000e+00 0.000000000000000e+00 0.000000000000000e+00
 0.000000000000000e+00 0.000000000000000e+00 0.000000000000000e+00 0.000000000000000e+00 0.000000000000000e+00 0.000000000000000e+00 0.000000000000000e+00 0.000000000000000e+00 0.000000000000000e+00 0.000000000000000e+00
 0.000000000000000e+00 0.000000000000000e+00 0.000000000000000e+00 0.000000000000000e+00 0.000000000000000e+00 0.000000000000000e+00 0.000000000000000e+00 0.000000000000000e+00 0.000000000000000e+00 0.000000000000000e+00
 0.000000000000000e+00 0.000000000000000e+00 0.000000000000000e+00 0.000000000000000e+00 0.000000000000000e+00 0.000000000000000e+00 0.000000000000000e+00 0.000000000000000e+00 0.000000000000000e+00 0.000000000000000e+00
 0.000000000000000e+00 0.000000000000000e+00 0.000000000000000e+00 0.000000000000000e+00 0.000000000000000e+00 0.000000000000000e+00 0.000000000000000e+00 0.000000000000000e+00 0.000000000000000e+00 0.000000000000000e+00
 0.000000000000000e+00 0.000000000000000e+00 0.000000000000000e+00 0.000000000000000e+00 0.000000000000000e+00 0.000000000000000e+00 0.000000000000000e+00 0.000000000000000e+00 0.000000000000000e+00 0.000000000000000e+00
 0.000000000000000e+00 0.000000000000000e+00 0.000000000000000e+00 0.000000000000000e+00 0.000000000000000e+00 0.000000000000000e+00 0.000000000000000e+00 0.000000000000000e+00 0.000000000000000e+00 0.000000000000000e+00
 0.000000000000000e+00 0.000000000000000e+00 0.000000000000000e+00 0.000000000000000e+00 0.000000000000000e+00 0.000000000000000e+00 0.000000000000000e+00 0.000000000000000e+00 0.000000000000000e+00 0.000000000000000e+00
 0.000000000000000e+00 0.000000000000000e+00 0.000000000000000e+00 0.000000000000000e+00 0.000000000000000e+00 0.000000000000000e+00 0.000000000000000e+00 0.000000000000000e+00 0.000000000000000e+00 0.000000000000000e+00
 0.000000000000000e+00 0.000000000000000e+00 0.000000000000000e+00 0.000000000000000e+00 0.000000000000000e+00 0.000000000000000e+00 0.000000000000000e+00 0.000000000000000e+00 0.000000000000000e+00 0.000000000000000e+00
 0.000000000000000e+00 0.000000000000000e+00 0.000000000000000e+00 0.000000000000000e+00 0.000000000000000e+00 0.000000000000000e+00 0.000000000000000e+00 0.000000000000000e+00 0.000000000000000e+00 0.000000000000000e+00
 0.000000000000000e+00 0.000000000000000e+00 0.000000000000000e+00 0.000000000000000e+00 0.000000000000000e+00 0.000000000000000e+00 0.000000000000000e+00 0.000000000000000e+00 0.000000000000000e+00 0.000000000000000e+00
 0.000000000000000e+00 0.000000000000000e+00 0.000000000000000e+00 0.000000000000000e+00 0.000000000000000e+00 0.000000000000000e+00 0.000000000000000e+00 0.000000000000000e+00 0.000000000000000e+00 0.000000000000000e+00
 0.000000000000000e+00 0.000000000000000e+00 0.000000000000000e+00 0.000000000000000e+00 0.000000000000000e+00 0.000000000000000e+00 0.000000000000000e+00 0.000000000000000e+00 0.000000000000000e+00 0.000000000000000e+00
 0.000000000000000e+00 0.000000000000000e+00 0.000000000000000e+00 0.000000000000000e+00 0.000000000000000e+00 0.000000000000000e+00 0.000000000000000e+00 0.000000000000000e+00 0.000000000000000e+00 0.000000000000000e+00
 0.000000000000000e+00 0.000000000000000e+00 0.000000000000000e+00 0.000000000000000e+00 0.000000000000000e+00 0.000000000000000e+00 0.000000000000000e+00 0.000000000000000e+00 0.000000000000000e+00 0.000000000000000e+00
 0.000000000000000e+00 0.000000000000000e+00 0.000000000000000e+00 0.000000000000000e+00 0.000000000000000e+00 0.000000000000000e+00 0.000000000000000e+00 0.000000000000000e+00 0.000000000000000e+00 0.000000000000000e+00
 0.000000000000000e+00 0.000000000000000e+00 0.000000000000000e+00 0.000000000000000e+00 0.000000000000000e+00 0.000000000000000e+00 0.000000000000000e+00 0.000000000000000e+00 0.000000000000000e+00 0.000000000000000e+00
 0.000000000000000e+00 0.000000000000000e+00 0.000000000000000e+00 0.000000000000000e+00 0.000000000000000e+00 0.000000000000000e+00 0.000000000000000e+00 0.000000000000000e+00 0.000000000000000e+00 0.000000000000000e+00
 0.000000000000000e+00 0.000000000000000e+00 0.000000000000000e+00 0.000000000000000e+00 0.000000000000000e+00 0.000000000000000e+00 0.000000000000000e+00 0.000000000000000e+00 0.000000000000000e+00 0.000000000000000e+00
 0.000000000000000e+00 0.000000000000000e+00 0.000000000000000e+00 0.000000000000000e+00 0.000000000000000e+00 0.000000000000000e+00 0.000000000000000e+00 0.000000000000000e+00 0.000000000000000e+00 0.000000000000000e+00
 0.000000000000000e+00 0.000000000000000e+00 0.000000000000000e+00 0.000000000000000e+00 0.000000000000000e+00 0.000000000000000e+00 0.000000000000000e+00 0.000000000000000e+00 0.000000000000000e+00 0.000000000000000e+00
 0.000000000000000e+00 0.000000000000000e+00 0.000000000000000e+00 0.000000000000000e+00 0.000000000000000e+00 0.000000000000000e+00 0.000000000000000e+00 0.000000000000000e+00 0.000000000000000e+00 0.000000000000000e+00
 0.000000000000000e+00 0.000000000000000e+00 0.000000000000000e+00 0.000000000000000e+00 0.000000000000000e+00 0.000000000000000e+00 0.000000000000000e+00 0.000000000000000e+00 0.000000000000000e+00 0.000000000000000e+00
 0.000000000000000e+00 0.000000000000000e+00 0.000000000000000e+00 0.000000000000000e+00 0.000000000000000e+00 0.000000000000000e+00 0.000000000000000e+00 0.000000000000000e+00 0.000000000000000e+00 0.000000000000000e+00
 0.000000000000000e+00 0.000000000000000e+00 0.000000000000000e+00 0.000000000000000e+00 0.000000000000000e+00 0.000000000000000e+00 0.000000000000000e+00 0.000000000000000e+00 0.000000000000000e+00 0.000000000000000e+00
 0.000000000000000e+00 0.000000000000000e+00 0.000000000000000e+00 0.000000000000000e+00 0.000000000000000e+00 0.000000000000000e+00 0.000000000000000e+00 0.000000000000000e+00 0.000000000000000e+00 0.000000000000000e+00
 0.000000000000000e+00 0.000000000000000e+00 0.000000000000000e+00 0.000000000000000e+00 0.000000000000000e+00 0.000000000000000e+00 0.000000000000000e+00 0.000000000000000e+00 0.000000000000000e+00 0.000000000000000e+00
 0.000000000000000e+00 0.000000000000000e+00 0.000000000000000e+00 0.000000000000000e+00 0.000000000000000e+00 0.000000000000000e+00 0.000000000000000e+00 0.000000000000000e+00 0.000000000000000e+00 0.000000000000000e+00
 0.000000000000000e+00 0.000000000000000e+00 0.000000000000000e+00 0.000000000000000e+00 0.000000000000000e+00 0.000000000000000e+00 0.000000000000000e+00 0.000000000000000e+00 0.000000000000000e+00 0.000000000000000e+00
 0.000000000000000e+00 0.000000000000000e+00 0.000000000000000e+00 0.000000000000000e+00 0.000000000000000e+00 0.000000000000000e+00 0.000000000000000e+00 0.000000000000000e+00 0.000000000000000e+00 0.000000000000000e+00
 0.000000000000000e+00 0.000000000000000e+00 0.000000000000000e+00 0.000000000000000e+00 0.000000000000000e+00 0.000000000000000e+00 0.000000000000000e+00 0.000000000000000e+00 0.000000000000000e+00 0.000000000000000e+00
 0.000000000000000e+00 0.000000000000000e+00 0.000000000000000e+00 0.000000000000000e+00 0.000000000000000e+00 0.000000000000000e+00 0.000000000000000e+00 0.000000000000000e+00 0.000000000000000e+00 0.000000000000000e+00
 0.000000000000000e+00 0.000000000000000e+00 0.000000000000000e+00 0.000000000000000e+00 0.000000000000000e+00 0.000000000000000e+00 0.000000000000000e+00 0.000000000000000e+00 0.000000000000000e+00 0.000000000000000e+00
 0.000000000000000e+00 0.000000000000000e+00 0.000000000000000e+00 0.000000000000000e+00 0.000000000000000e+00 0.000000000000000e+00 0.000000000000000e+00 0.000000000000000e+00 0.000000000000000e+00 0.000000000000000e+00
 0.000000000000000e+00 0.000000000000000e+00 0.000000000000000e+00 0.000000000000000e+00 0.000000000000000e+00 0.000000000000000e+00 0.000000000000000e+00 0.000000000000000e+00 0.000000000000000e+00 0.000000000000000e+00
 0.000000000000000e+00 0.000000000000000e+00 0.000000000000000e+00 0.000000000000000e+00 0.000000000000000e+00 0.000000000000000e+00 0.000000000000000e+00 0.000000000000000e+00 0.000000000000000e+00 0.000000000000000e+00
 0.000000000000000e+00 0.000000000000000e+00 0.000000000000000e+00 0.000000000000000e+00 0.000000000000000e+00 0.000000000000000e+00 0.000000000000000e+00 0.000000000000000e+00 0.000000000000000e+00 0.000000000000000e+00
 0.000000000000000e+00 0.000000000000000e+00 0.000000000000000e+00 0.000000000000000e+00 0.000000000000000e+00 0.000000000000000e+00 0.000000000000000e+00 0.000000000000000e+00 0.000000000000000e+00 0.000000000000000e+00
 0.000000000000000e+00 0.000000000000000e+00 0.000000000000000e+00 0.000000000000000e+00 0.000000000000000e+00 0.000000000000000e+00 0.000000000000000e+00 0.000000000000000e+00 0.000000000000000e+00 0.000000000000000e+00
 0.000000000000000e+00 0.000000000000000e+00 0.000000000000000e+00 0.000000000000000e+00 0.000000000000000e+00 0.000000000000000e+00 0.000000000000000e+00 0.000000000000000e+00 0.000000000000000e+00 0.000000000000000e+00
 0.000000000000000e+00 0.000000000000000e+00 0.000000000000000e+00 0.000000000000000e+00 0.000000000000000e+00 0.000000000000000e+00 0.000000000000000e+00 0.000000000000000e+00 0.000000000000000e+00 0.000000000000000e+00
 0.000000000000000e+00 0.000000000000000e+00 0.000000000000000e+00 0.000000000000000e+00 0.000000000000000e+00 0.000000000000000e+00 0.000000000000000e+00 0.000000000000000e+00 0.000000000000000e+00 0.000000000000000e+00
 0.000000000000000e+00 0.000000000000000e+00 0.000000000000000e+00 0.000000000000000e+00 0.000000000000000e+00 0.000000000000000e+00 0.000000000000000e+00 0.000000000000000e+00 0.000000000000000e+00 0.000000000000000e+00
 0.000000000000000e+00 0.000000000000000e+00 0.000000000000000e+00 0.000000000000000e+00 0.000000000000000e+00 0.000000000000000e+00 0.000000000000000e+00 0.000000000000000e+00 0.000000000000000e+00 0.000000000000000e+00
 0.000000000000000e+00 0.000000000000000e+00 0.000000000000000e+00 0.000000000000000e+00 0.000000000000000e+00 0.000000000000000e+00 0.000000000000000e+00 0.000000000000000e+00 0.000000000000000e+00 0.000000000000000e+00
 0.000000000000000e+00 0.000000000000000e+00 0.000000000000000e+00 0.000000000000000e+00 0.000000000000000e+00 0.000000000000000e+00 0.000000000000000e+00 0.000000000000000e+00 0.000000000000000e+00 0.000000000000000e+00
 0.000000000000000e+00 0.000000000000000e+00 0.000000000000000e+00 0.000000000000000e+00 0.000000000000000e+00 0.000000000000000e+00 0.000000000000000e+00 0.000000000000000e+00 0.000000000000000e+00 0.000000000000000e+00
 0.000000000000000e+00 0.000000000000000e+00 0.000000000000000e+00 0.000000000000000e+00 0.000000000000000e+00 0.000000000000000e+00 0.000000000000000e+00 0.000000000000000e+00 0.000000000000000e+00 0.000000000000000e+00
 0.000000000000000e+00 0.000000000000000e+00 0.000000000000000e+00 0.000000000000000e+00 0.000000000000000e+00 0.000000000000000e+00 0.000000000000000e+00 0.000000000000000e+00 0.000000000000000e+00 0.000000000000000e+00
 0.000000000000000e+00 0.000000000000000e+00 0.000000000000000e+00 0.000000000000000e+00 0.000000000000000e+00 0.000000000000000e+00 0.000000000000000e+00 0.000000000000000e+00 0.000000000000000e+00 0.000000000000000e+00
 0.000000000000000e+00 0.000000000000000e+00 0.000000000000000e+00 0.000000000000000e+00 0.000000000000000e+00 0.000000000000000e+00 0.000000000000000e+00 0.000000000000000e+00 0.000000000000000e+00 0.000000000000000e+00
 0.000000000000000e+00 0.000000000000000e+00 0.000000000000000e+00 0.000000000000000e+00 0.000000000000000e+00 0.000000000000000e+00 0.000000000000000e+00 0.000000000000000e+00 0.000000000000000e+00 0.000000000000000e+00
 0.000000000000000e+00 0.000000000000000e+00 0.000000000000000e+00 0.000000000000000e+00 0.000000000000000e+00 0.000000000000000e+00 0.000000000000000e+00 0.000000000000000e+00 0.000000000000000e+00 0.000000000000000e+00
 0.000000000000000e+00 0.000000000000000e+00 0.000000000000000e+00 0.000000000000000e+00 0.000000000000000e+00 0.000000000000000e+00 0.000000000000000e+00 0.000000000000000e+00 0.000000000000000e+00 0.000000000000000e+00
 0.000000000000000e+00 0.000000000000000e+00 0.000000000000000e+00 0.000000000000000e+00 0.000000000000000e+00 0.000000000000000e+00 0.000000000000000e+00 0.000000000000000e+00 0.000000000000000e+00 0.000000000000000e+00
 0.000000000000000e+00 0.000000000000000e+00 0.000000000000000e+00 0.000000000000000e+00 0.000000000000000e+00 0.000000000000000e+00 0.000000000000000e+00 0.000000000000000e+00 0.000000000000000e+00 0.000000000000000e+00
 0.000000000000000e+00 0.000000000000000e+00 0.000000000000000e+00 0.000000000000000e+00 0.000000000000000e+00 0.000000000000000e+00 0.000000000000000e+00 0.000000000000000e+00 0.000000000000000e+00 0.000000000000000e+00
 0.000000000000000e+00 0.000000000000000e+00 0.000000000000000e+00 0.000000000000000e+00 0.000000000000000e+00 0.000000000000000e+00 0.000000000000000e+00 0.000000000000000e+00 0.000000000000000e+00 0.000000000000000e+00
 0.000000000000000e+00 0.000000000000000e+00 0.000000000000000e+00 0.000000000000000e+00 0.000000000000000e+00 0.000000000000000e+00 0.000000000000000e+00 0.000000000000000e+00 0.000000000000000e+00 0.000000000000000e+00
 0.000000000000000e+00 0.000000000000000e+00 0.000000000000000e+00 0.000000000000000e+00 0.000000000000000e+00 0.000000000000000e+00 0.000000000000000e+00 0.000000000000000e+00 0.000000000000000e+00 0.000000000000000e+00
 0.000000000000000e+00 0.000000000000000e+00 0.000000000000000e+00 0.000000000000000e+00 0.000000000000000e+00 0.000000000000000e+00 0.000000000000000e+00 0.000000000000000e+00 0.000000000000000e+00 0.000000000000000e+00
 0.000000000000000e+00 0.000000000000000e+00 0.000000000000000e+00 0.000000000000000e+00 0.000000000000000e+00 0.000000000000000e+00 0.000000000000000e+00 0.000000000000000e+00 0.000000000000000e+00 0.000000000000000e+00
 0.000000000000000e+00 0.000000000000000e+00 0.000000000000000e+00 0.000000000000000e+00 0.000000000000000e+00 0.000000000000000e+00 0.000000000000000e+00 0.000000000000000e+00 0.000000000000000e+00 0.000000000000000e+00
 0.000000000000000e+00 0.000000000000000e+00 0.000000000000000e+00 0.000000000000000e+00 0.000000000000000e+00 0.000000000000000e+00 0.000000000000000e+00 0.000000000000000e+00 0.000000000000000e+00 0.000000000000000e+00
 0.000000000000000e+00 0.000000000000000e+00 0.000000000000000e+00 0.000000000000000e+00 0.000000000000000e+00 0.000000000000000e+00 0.000000000000000e+00 0.000000000000000e+00 0.000000000000000e+00 0.000000000000000e+00
 0.000000000000000e+00 0.000000000000000e+00 0.000000000000000e+00 0.000000000000000e+00 0.000000000000000e+00 0.000000000000000e+00 0.000000000000000e+00 0.000000000000000e+00 0.000000000000000e+00 0.000000000000000e+00
 0.000000000000000e+00 0.000000000000000e+00 0.000000000000000e+00 0.000000000000000e+00 0.000000000000000e+00 0.000000000000000e+00 0.000000000000000e+00 0.000000000000000e+00 0.000000000000000e+00 0.000000000000000e+00
 0.000000000000000e+00 0.000000000000000e+00 0.000000000000000e+00 0.000000000000000e+00 0.000000000000000e+00 0.000000000000000e+00 0.000000000000000e+00 0.000000000000000e+00 0.000000000000000e+00 0.000000000000000e+00
 0.000000000000000e+00 0.000000000000000e+00 0.000000000000000e+00 0.000000000000000e+00 0.000000000000000e+00 0.000000000000000e+00 0.000000000000000e+00 0.000000000000000e+00 0.000000000000000e+00 0.000000000000000e+00
 0.000000000000000e+00 0.000000000000000e+00 0.000000000000000e+00 0.000000000000000e+00 0.000000000000000e+00 0.000000000000000e+00 0.000000000000000e+00 0.000000000000000e+00 0.000000000000000e+00 0.000000000000000e+00
 0.000000000000000e+00 0.000000000000000e+00 0.000000000000000e+00 0.000000000000000e+00 0.000000000000000e+00 0.000000000000000e+00 0.000000000000000e+00 0.000000000000000e+00 0.000000000000000e+00 0.000000000000000e+00
 0.000000000000000e+00 0.000000000000000e+00 0.000000000000000e+00 0.000000000000000e+00 0.000000000000000e+00 0.000000000000000e+00 0.000000000000000e+00 0.000000000000000e+00 0.000000000000000e+00 0.000000000000000e+00
 0.000000000000000e+00 0.000000000000000e+00 0.000000000000000e+00 0.000000000000000e+00 0.000000000000000e+00 0.000000000000000e+00 0.000000000000000e+00 0.000000000000000e+00 0.000000000000000e+00 0.000000000000000e+00
 0.000000000000000e+00 0.000000000000000e+00 0.000000000000000e+00 0.000000000000000e+00 0.000000000000000e+00 0.000000000000000e+00 0.000000000000000e+00 0.000000000000000e+00 0.000000000000000e+00 0.000000000000000e+00
 0.000000000000000e+00 0.000000000000000e+00 0.000000000000000e+00 0.000000000000000e+00 0.000000000000000e+00 0.000000000000000e+00 0.000000000000000e+00 0.000000000000000e+00 0.000000000000000e+00 0.000000000000000e+00
 0.000000000000000e+00 0.000000000000000e+00 0.000000000000000e+00 0.000000000000000e+00 0.000000000000000e+00 0.000000000000000e+00 0.000000000000000e+00 0.000000000000000e+00 0.000000000000000e+00 0.000000000000000e+00
 0.000000000000000e+00 0.000000000000000e+00 0.000000000000000e+00 0.000000000000000e+00 0.000000000000000e+00 0.000000000000000e+00 0.000000000000000e+00 0.000000000000000e+00 0.000000000000000e+00 0.000000000000000e+00
 0.000000000000000e+00 0.000000000000000e+00 0.000000000000000e+00 0.000000000000000e+00 0.000000000000000e+00 0.000000000000000e+00 0.000000000000000e+00 0.000000000000000e+00 0.000000000000000e+00 0.000000000000000e+00
 0.000000000000000e+00 0.000000000000000e+00 0.000000000000000e+00 0.000000000000000e+00 0.000000000000000e+00 0.000000000000000e+00 0.000000000000000e+00 0.000000000000000e+00 0.000000000000000e+00 0.000000000000000e+00
 0.000000000000000e+00 0.000000000000000e+00 0.000000000000000e+00 0.000000000000000e+00 0.000000000000000e+00 0.000000000000000e+00 0.000000000000000e+00 0.000000000000000e+00 0.000000000000000e+00 0.000000000000000e+00
 0.000000000000000e+00 0.000000000000000e+00 0.000000000000000e+00 0.000000000000000e+00 0.000000000000000e+00 0.000000000000000e+00 0.000000000000000e+00 0.000000000000000e+00 0.000000000000000e+00 0.000000000000000e+00
 0.000000000000000e+00 0.000000000000000e+00 0.000000000000000e+00 0.000000000000000e+00 0.000000000000000e+00 0.000000000000000e+00 0.000000000000000e+00 0.000000000000000e+00 0.000000000000000e+00 0.000000000000000e+00
 0.000000000000000e+00 0.000000000000000e+00 0.000000000000000e+00 0.000000000000000e+00 0.000000000000000e+00 0.000000000000000e+00 0.000000000000000e+00 0.000000000000000e+00 0.000000000000000e+00 0.000000000000000e+00
 0.000000000000000e+00 0.000000000000000e+00 0.000000000000000e+00 0.000000000000000e+00 0.000000000000000e+00 0.000000000000000e+00 0.000000000000000e+00 0.000000000000000e+00 0.000000000000000e+00 0.000000000000000e+00
 0.000000000000000e+00 0.000000000000000e+00 0.000000000000000e+00 0.000000000000000e+00 0.000000000000000e+00 0.000000000000000e+00 0.000000000000000e+00 0.000000000000000e+00 0.000000000000000e+00 0.000000000000000e+00
 0.000000000000000e+00 0.000000000000000e+00 0.000000000000000e+00 0.000000000000000e+00 0.000000000000000e+00 0.000000000000000e+00 0.000000000000000e+00 0.000000000000000e+00 0.000000000000000e+00 0.000000000000000e+00
 0.000000000000000e+00 0.000000000000000e+00 0.000000000000000e+00 0.000000000000000e+00 0.000000000000000e+00 0.000000000000000e+00 0.000000000000000e+00 0.000000000000000e+00 0.000000000000000e+00 0.000000000000000e+00
 0.000000000000000e+00 0.000000000000000e+00 0.000000000000000e+00 0.000000000000000e+00 0.000000000000000e+00 0.000000000000000e+00 0.000000000000000e+00 0.000000000000000e+00 0.000000000000000e+00 0.000000000000000e+00
 0.000000000000000e+00 0.000000000000000e+00 0.000000000000000e+00 0.000000000000000e+00 0.000000000000000e+00 0.000000000000000e+00 0.000000000000000e+00 0.000000000000000e+00 0.000000000000000e+00 0.000000000000000e+00
 0.000000000000000e+00 0.000000000000000e+00 0.000000000000000e+00 0.000000000000000e+00 0.000000000000000e+00 0.000000000000000e+00 0.000000000000000e+00 0.000000000000000e+00 0.000000000000000e+00 0.000000000000000e+00
 0.000000000000000e+00 0.000000000000000e+00 0.000000000000000e+00 0.000000000000000e+00 0.000000000000000e+00 0.000000000000000e+00 0.000000000000000e+00 0.000000000000000e+00 0.000000000000000e+00 0.000000000000000e+00
 0.000000000000000e+00 0.000000000000000e+00 0.000000000000000e+00 0.000000000000000e+00 0.000000000000000e+00 0.000000000000000e+00 0.000000000000000e+00 0.000000000000000e+00 0.000000000000000e+00 0.000000000000000e+00
 0.000000000000000e+00 0.000000000000000e+00 0.000000000000000e+00 0.000000000000000e+00 0.000000000000000e+00 0.000000000000000e+00 0.000000000000000e+00 0.000000000000000e+00 0.000000000000000e+00 0.000000000000000e+00
 0.000000000000000e+00 0.000000000000000e+00 0.000000000000000e+00 0.000000000000000e+00 0.000000000000000e+00 0.000000000000000e+00 0.000000000000000e+00 0.000000000000000e+00 0.000000000000000e+00 0.000000000000000e+00
 0.000000000000000e+00 0.000000000000000e+00 0.000000000000000e+00 0.000000000000000e+00 0.000000000000000e+00 0.000000000000000e+00 0.000000000000000e+00 0.000000000000000e+00 0.000000000000000e+00 0.000000000000000e+00
 0.000000000000000e+00 0.000000000000000e+00 0.000000000000000e+00 0.000000000000000e+00 0.000000000000000e+00 0.000000000000000e+00 0.000000000000000e+00 0.000000000000000e+00 0.000000000000000e+00 0.000000000000000e+00
 0.000000000000000e+00 0.000000000000000e+00 0.000000000000000e+00 0.000000000000000e+00 0.000000000000000e+00 0.000000000000000e+00 0.000000000000000e+00 0.000000000000000e+00 0.000000000000000e+00 0.000000000000000e+00
 0.000000000000000e+00 0.000000000000000e+00 0.000000000000000e+00 0.000000000000000e+00 0.000000000000000e+00 0.000000000000000e+00 0.000000000000000e+00 0.000000000000000e+00 0.000000000000000e+00 0.000000000000000e+00
 0.000000000000000e+00 0.000000000000000e+00 0.000000000000000e+00 0.000000000000000e+00 0.000000000000000e+00 0.000000000000000e+00 0.000000000000000e+00 0.000000000000000e+00 0.000000000000000e+00 0.000000000000000e+00
 0.000000000000000e+00 0.000000000000000e+00 0.000000000000000e+00 0.000000000000000e+00 0.000000000000000e+00 0.000000000000000e+00 0.000000000000000e+00 0.000000000000000e+00 0.000000000000000e+00 0.000000000000000e+00
 0.000000000000000e+00 0.000000000000000e+00 0.000000000000000e+00 0.000000000000000e+00 0.000000000000000e+00 0.000000000000000e+00 0.000000000000000e+00 0.000000000000000e+00 0.000000000000000e+00 0.000000000000000e+00
 0.000000000000000e+00 0.000000000000000e+00 0.000000000000000e+00 0.000000000000000e+00 0.000000000000000e+00 0.000000000000000e+00 0.000000000000000e+00 0.000000000000000e+00 0.000000000000000e+00 0.000000000000000e+00
 0.000000000000000e+00 0.000000000000000e+00 0.000000000000000e+00 0.000000000000000e+00 0.000000000000000e+00 0.000000000000000e+00 0.000000000000000e+00 0.000000000000000e+00 0.000000000000000e+00 0.000000000000000e+00
 0.000000000000000e+00 0.000000000000000e+00 0.000000000000000e+00 0.000000000000000e+00 0.000000000000000e+00 0.000000000000000e+00 0.000000000000000e+00 0.000000000000000e+00 0.000000000000000e+00 0.000000000000000e+00
 0.000000000000000e+00 0.000000000000000e+00 0.000000000000000e+00 0.000000000000000e+00 0.000000000000000e+00 0.000000000000000e+00 0.000000000000000e+00 0.000000000000000e+00 0.000000000000000e+00 0.000000000000000e+00
 0.000000000000000e+00 0.000000000000000e+00 0.000000000000000e+00 0.000000000000000e+00 0.000000000000000e+00 0.000000000000000e+00 0.000000000000000e+00 0.000000000000000e+00 0.000000000000000e+00 0.000000000000000e+00
 0.000000000000000e+00 0.000000000000000e+00 0.000000000000000e+00 0.000000000000000e+00 0.000000000000000e+00 0.000000000000000e+00 0.000000000000000e+00 0.000000000000000e+00 0.000000000000000e+00 0.000000000000000e+00
 0.000000000000000e+00 0.000000000000000e+00 0.000000000000000e+00 0.000000000000000e+00 0.000000000000000e+00 0.000000000000000e+00 0.000000000000000e+00 0.000000000000000e+00 0.000000000000000e+00 0.000000000000000e+00
 0.000000000000000e+00 0.000000000000000e+00 0.000000000000000e+00 0.000000000000000e+00 0.000000000000000e+00 0.000000000000000e+00 0.000000000000000e+00 0.000000000000000e+00 0.000000000000000e+00 0.000000000000000e+00
 0.000000000000000e+00 0.000000000000000e+00 0.000000000000000e+00 0.000000000000000e+00 0.000000000000000e+00 0.000000000000000e+00 0.000000000000000e+00 0.000000000000000e+00 0.000000000000000e+00 0.000000000000000e+00
 0.000000000000000e+00 0.000000000000000e+00 0.000000000000000e+00 0.000000000000000e+00 0.000000000000000e+00 0.000000000000000e+00 0.000000000000000e+00 0.000000000000000e+00 0.000000000000000e+00 0.000000000000000e+00
 0.000000000000000e+00 0.000000000000000e+00 0.000000000000000e+00 0.000000000000000e+00 0.000000000000000e+00 0.000000000000000e+00 0.000000000000000e+00 0.000000000000000e+00 0.000000000000000e+00 0.000000000000000e+00
 0.000000000000000e+00 0.000000000000000e+00 0.000000000000000e+00 0.000000000000000e+00 0.000000000000000e+00 0.000000000000000e+00 0.000000000000000e+00 0.000000000000000e+00 0.000000000000000e+00 0.000000000000000e+00
 0.000000000000000e+00 0.000000000000000e+00 0.000000000000000e+00 0.000000000000000e+00 0.000000000000000e+00 0.000000000000000e+00 0.000000000000000e+00 0.000000000000000e+00 0.000000000000000e+00 0.000000000000000e+00
 0.000000000000000e+00 0.000000000000000e+00 0.000000000000000e+00 0.000000000000000e+00 0.000000000000000e+00 0.000000000000000e+00 0.000000000000000e+00 0.000000000000000e+00 0.000000000000000e+00 0.000000000000000e+00
 0.000000000000000e+00 0.000000000000000e+00 0.000000000000000e+00 0.000000000000000e+00 0.000000000000000e+00 0.000000000000000e+00 0.000000000000000e+00 0.000000000000000e+00 0.000000000000000e+00 0.000000000000000e+00
 0.000000000000000e+00 0.000000000000000e+00 0.000000000000000e+00 0.000000000000000e+00 0.000000000000000e+00 0.000000000000000e+00 0.000000000000000e+00 0.000000000000000e+00 0.000000000000000e+00 0.000000000000000e+00
 0.000000000000000e+00 0.000000000000000e+00 0.000000000000000e+00 0.000000000000000e+00 0.000000000000000e+00 0.000000000000000e+00 0.000000000000000e+00 0.000000000000000e+00 0.000000000000000e+00 0.000000000000000e+00
 0.000000000000000e+00 0.000000000000000e+00 0.000000000000000e+00 0.000000000000000e+00 0.000000000000000e+00 0.000000000000000e+00 0.000000000000000e+00 0.000000000000000e+00 0.000000000000000e+00 0.000000000000000e+00
 0.000000000000000e+00 0.000000000000000e+00 0.000000000000000e+00 0.000000000000000e+00 0.000000000000000e+00 0.000000000000000e+00 0.000000000000000e+00 0.000000000000000e+00 0.000000000000000e+00 0.000000000000000e+00
 0.000000000000000e+00 0.000000000000000e+00 0.000000000000000e+00 0.000000000000000e+00 0.000000000000000e+00 0.000000000000000e+00 0.000000000000000e+00 0.000000000000000e+00 0.000000000000000e+00 0.000000000000000e+00
 0.000000000000000e+00 0.000000000000000e+00 0.000000000000000e+00 0.000000000000000e+00 0.000000000000000e+00 0.000000000000000e+00 0.000000000000000e+00 0.000000000000000e+00 0.000000000000000e+00 0.000000000000000e+00
 0.000000000000000e+00 0.000000000000000e+00 0.000000000000000e+00 0.000000000000000e+00 0.000000000000000e+00 0.000000000000000e+00 0.000000000000000e+00 0.000000000000000e+00 0.000000000000000e+00 0.000000000000000e+00
 0.000000000000000e+00 0.000000000000000e+00 0.000000000000000e+00 0.000000000000000e+00 0.000000000000000e+00 0.000000000000000e+00 0.000000000000000e+00 0.000000000000000e+00 0.000000000000000e+00 0.000000000000000e+00
 0.000000000000000e+00 0.000000000000000e+00 0.000000000000000e+00 0.000000000000000e+00 0.000000000000000e+00 0.000000000000000e+00 0.000000000000000e+00 0.000000000000000e+00 0.000000000000000e+00 0.000000000000000e+00
 0.000000000000000e+00 0.000000000000000e+00 0.000000000000000e+00 0.000000000000000e+00 0.000000000000000e+00 0.000000000000000e+00 0.000000000000000e+00 0.000000000000000e+00 0.000000000000000e+00 0.000000000000000e+00
 0.000000000000000e+00 0.000000000000000e+00 0.000000000000000e+00 0.000000000000000e+00 0.000000000000000e+00 0.000000000000000e+00 0.000000000000000e+00 0.000000000000000e+00 0.000000000000000e+00 0.000000000000000e+00
 0.000000000000000e+00 0.000000000000000e+00 0.000000000000000e+00 0.000000000000000e+00 0.000000000000000e+00 0.000000000000000e+00 0.000000000000000e+00 0.000000000000000e+00 0.000000000000000e+00 0.000000000000000e+00
 0.000000000000000e+00 0.000000000000000e+00 0.000000000000000e+00 0.000000000000000e+00 0.000000000000000e+00 0.000000000000000e+00 0.000000000000000e+00 0.000000000000000e+00 0.000000000000000e+00 0.000000000000000e+00
 0.000000000000000e+00 0.000000000000000e+00 0.000000000000000e+00 0.000000000000000e+00 0.000000000000000e+00 0.000000000000000e+00 0.000000000000000e+00 0.000000000000000e+00 0.000000000000000e+00 0.000000000000000e+00
 0.000000000000000e+00 0.000000000000000e+00 0.000000000000000e+00 0.000000000000000e+00 0.000000000000000e+00 0.000000000000000e+00 0.000000000000000e+00 0.000000000000000e+00 0.000000000000000e+00 0.000000000000000e+00
 0.000000000000000e+00 0.000000000000000e+00 0.000000000000000e+00 0.000000000000000e+00 0.000000000000000e+00 0.000000000000000e+00 0.000000000000000e+00 0.000000000000000e+00 0.000000000000000e+00 0.000000000000000e+00
 0.000000000000000e+00 0.000000000000000e+00 0.000000000000000e+00 0.000000000000000e+00 0.000000000000000e+00 0.000000000000000e+00 0.000000000000000e+00 0.000000000000000e+00 0.000000000000000e+00 0.000000000000000e+00
 0.000000000000000e+00 0.000000000000000e+00 0.000000000000000e+00 0.000000000000000e+00 0.000000000000000e+00 0.000000000000000e+00 0.000000000000000e+00 0.000000000000000e+00 0.000000000000000e+00 0.000000000000000e+00
 0.000000000000000e+00 0.000000000000000e+00 0.000000000000000e+00 0.000000000000000e+00 0.000000000000000e+00 0.000000000000000e+00 0.000000000000000e+00 0.000000000000000e+00 0.000000000000000e+00 0.000000000000000e+00
 0.000000000000000e+00 0.000000000000000e+00 0.000000000000000e+00 0.000000000000000e+00 0.000000000000000e+00 0.000000000000000e+00 0.000000000000000e+00 0.000000000000000e+00 0.000000000000000e+00 0.000000000000000e+00
 0.000000000000000e+00 0.000000000000000e+00 0.000000000000000e+00 0.000000000000000e+00 0.000000000000000e+00 0.000000000000000e+00 0.000000000000000e+00 0.000000000000000e+00 0.000000000000000e+00 0.000000000000000e+00
 0.000000000000000e+00 0.000000000000000e+00 0.000000000000000e+00 0.000000000000000e+00 0.000000000000000e+00 0.000000000000000e+00 0.000000000000000e+00 0.000000000000000e+00 0.000000000000000e+00 0.000000000000000e+00
 0.000000000000000e+00 0.000000000000000e+00 0.000000000000000e+00 0.000000000000000e+00 0.000000000000000e+00 0.000000000000000e+00 0.000000000000000e+00 0.000000000000000e+00 0.000000000000000e+00 0.000000000000000e+00
 0.000000000000000e+00 0.000000000000000e+00 0.000000000000000e+00 0.000000000000000e+00 0.000000000000000e+00 0.000000000000000e+00 0.000000000000000e+00 0.000000000000000e+00 0.000000000000000e+00 0.000000000000000e+00
 0.000000000000000e+00 0.000000000000000e+00 0.000000000000000e+00 0.000000000000000e+00 0.000000000000000e+00 0.000000000000000e+00 0.000000000000000e+00 0.000000000000000e+00 0.000000000000000e+00 0.000000000000000e+00
 0.000000000000000e+00 0.000000000000000e+00 0.000000000000000e+00 0.000000000000000e+00 0.000000000000000e+00 0.000000000000000e+00 0.000000000000000e+00 0.000000000000000e+00 0.000000000000000e+00 0.000000000000000e+00
 0.000000000000000e+00 0.000000000000000e+00 0.000000000000000e+00 0.000000000000000e+00 0.000000000000000e+00 0.000000000000000e+00 0.000000000000000e+00 0.000000000000000e+00 0.000000000000000e+00 0.000000000000000e+00
 0.000000000000000e+00 0.000000000000000e+00 0.000000000000000e+00 0.000000000000000e+00 0.000000000000000e+00 0.000000000000000e+00 0.000000000000000e+00 0.000000000000000e+00 0.000000000000000e+00 0.000000000000000e+00
 0.000000000000000e+00 0.000000000000000e+00 0.000000000000000e+00 0.000000000000000e+00 0.000000000000000e+00 0.000000000000000e+00 0.000000000000000e+00 0.000000000000000e+00 0.000000000000000e+00 0.000000000000000e+00
 0.000000000000000e+00 0.000000000000000e+00 0.000000000000000e+00 0.000000000000000e+00 0.000000000000000e+00 0.000000000000000e+00 0.000000000000000e+00 0.000000000000000e+00 0.000000000000000e+00 0.000000000000000e+00
 0.000000000000000e+00 0.000000000000000e+00 0.000000000000000e+00 0.000000000000000e+00 0.000000000000000e+00 0.000000000000000e+00 0.000000000000000e+00 0.000000000000000e+00 0.000000000000000e+00 0.000000000000000e+00
 0.000000000000000e+00 0.000000000000000e+00 0.000000000000000e+00 0.000000000000000e+00 0.000000000000000e+00 0.000000000000000e+00 0.000000000000000e+00 0.000000000000000e+00 0.000000000000000e+00 0.000000000000000e+00
 0.000000000000000e+00 0.000000000000000e+00 0.000000000000000e+00 0.000000000000000e+00 0.000000000000000e+00 0.000000000000000e+00 0.000000000000000e+00 0.000000000000000e+00 0.000000000000000e+00 0.000000000000000e+00
 0.000000000000000e+00 0.000000000000000e+00 0.000000000000000e+00 0.000000000000000e+00 0.000000000000000e+00 0.000000000000000e+00 0.000000000000000e+00 0.000000000000000e+00 0.000000000000000e+00 0.000000000000000e+00
 0.000000000000000e+00 0.000000000000000e+00 0.000000000000000e+00 0.000000000000000e+00 0.000000000000000e+00 0.000000000000000e+00 0.000000000000000e+00 0.000000000000000e+00 0.000000000000000e+00 0.000000000000000e+00
 0.000000000000000e+00 0.000000000000000e+00 0.000000000000000e+00 0.000000000000000e+00 0.000000000000000e+00 0.000000000000000e+00 0.000000000000000e+00 0.000000000000000e+00 0.000000000000000e+00 0.000000000000000e+00
 0.000000000000000e+00 0.000000000000000e+00 0.000000000000000e+00 0.000000000000000e+00 0.000000000000000e+00 0.000000000000000e+00 0.000000000000000e+00 0.000000000000000e+00 0.000000000000000e+00 0.000000000000000e+00
 0.000000000000000e+00 0.000000000000000e+00 0.000000000000000e+00 0.000000000000000e+00 0.000000000000000e+00 0.000000000000000e+00 0.000000000000000e+00 0.000000000000000e+00 0.000000000000000e+00 0.000000000000000e+00
 0.000000000000000e+00 0.000000000000000e+00 0.000000000000000e+00 0.000000000000000e+00 0.000000000000000e+00 0.000000000000000e+00 0.000000000000000e+00 0.000000000000000e+00 0.000000000000000e+00 0.000000000000000e+00
 0.000000000000000e+00 0.000000000000000e+00 0.000000000000000e+00 0.000000000000000e+00 0.000000000000000e+00 0.000000000000000e+00 0.000000000000000e+00 0.000000000000000e+00 0.000000000000000e+00 0.000000000000000e+00
 0.000000000000000e+00 0.000000000000000e+00 0.000000000000000e+00 0.000000000000000e+00 0.000000000000000e+00 0.000000000000000e+00 0.000000000000000e+00 0.000000000000000e+00 0.000000000000000e+00 0.000000000000000e+00
 0.000000000000000e+00 0.000000000000000e+00 0.000000000000000e+00 0.000000000000000e+00 0.000000000000000e+00 0.000000000000000e+00 0.000000000000000e+00 0.000000000000000e+00 0.000000000000000e+00 0.000000000000000e+00
 0.000000000000000e+00 0.000000000000000e+00 0.000000000000000e+00 0.000000000000000e+00 0.000000000000000e+00 0.000000000000000e+00 0.000000000000000e+00 0.000000000000000e+00 0.000000000000000e+00 0.000000000000000e+00
 0.000000000000000e+00 0.000000000000000e+00 0.000000000000000e+00 0.000000000000000e+00 0.000000000000000e+00 0.000000000000000e+00 0.000000000000000e+00 0.000000000000000e+00 0.000000000000000e+00 0.000000000000000e+00
 0.000000000000000e+00 0.000000000000000e+00 0.000000000000000e+00 0.000000000000000e+00 0.000000000000000e+00 0.000000000000000e+00 0.000000000000000e+00 0.000000000000000e+00 0.000000000000000e+00 0.000000000000000e+00
 0.000000000000000e+00 0.000000000000000e+00 0.000000000000000e+00 0.000000000000000e+00 0.000000000000000e+00 0.000000000000000e+00 0.000000000000000e+00 0.000000000000000e+00 0.000000000000000e+00 0.000000000000000e+00
 0.000000000000000e+00 0.000000000000000e+00 0.000000000000000e+00 0.000000000000000e+00 0.000000000000000e+00 0.000000000000000e+00 0.000000000000000e+00 0.000000000000000e+00 0.000000000000000e+00 0.000000000000000e+00
 0.000000000000000e+00 0.000000000000000e+00 0.000000000000000e+00 0.000000000000000e+00 0.000000000000000e+00 0.000000000000000e+00 0.000000000000000e+00 0.000000000000000e+00 0.000000000000000e+00 0.000000000000000e+00
 0.000000000000000e+00 0.000000000000000e+00 0.000000000000000e+00 0.000000000000000e+00 0.000000000000000e+00 0.000000000000000e+00 0.000000000000000e+00 0.000000000000000e+00 0.000000000000000e+00 0.000000000000000e+00
 0.000000000000000e+00 0.000000000000000e+00 0.000000000000000e+00 0.000000000000000e+00 0.000000000000000e+00 0.000000000000000e+00 0.000000000000000e+00 0.000000000000000e+00 0.000000000000000e+00 0.000000000000000e+00
 0.000000000000000e+00 0.000000000000000e+00 0.000000000000000e+00 0.000000000000000e+00 0.000000000000000e+00 0.000000000000000e+00 0.000000000000000e+00 0.000000000000000e+00 0.000000000000000e+00 0.000000000000000e+00
 0.000000000000000e+00 0.000000000000000e+00 0.000000000000000e+00 0.000000000000000e+00 0.000000000000000e+00 0.000000000000000e+00 0.000000000000000e+00 0.000000000000000e+00 0.000000000000000e+00 0.000000000000000e+00
 0.000000000000000e+00 0.000000000000000e+00 0.000000000000000e+00 0.000000000000000e+00 0.000000000000000e+00 0.000000000000000e+00 0.000000000000000e+00 0.000000000000000e+00 0.000000000000000e+00 0.000000000000000e+00
 0.000000000000000e+00 0.000000000000000e+00 0.000000000000000e+00 0.000000000000000e+00 0.000000000000000e+00 0.000000000000000e+00 0.000000000000000e+00 0.000000000000000e+00 0.000000000000000e+00 0.000000000000000e+00
 0.000000000000000e+00 0.000000000000000e+00 0.000000000000000e+00 0.000000000000000e+00 0.000000000000000e+00 0.000000000000000e+00 0.000000000000000e+00 0.000000000000000e+00 0.000000000000000e+00 0.000000000000000e+00
 0.000000000000000e+00 0.000000000000000e+00 0.000000000000000e+00 0.000000000000000e+00 0.000000000000000e+00 0.000000000000000e+00 0.000000000000000e+00 0.000000000000000e+00 0.000000000000000e+00 0.000000000000000e+00
 0.000000000000000e+00 0.000000000000000e+00 0.000000000000000e+00 0.000000000000000e+00 0.000000000000000e+00 0.000000000000000e+00 0.000000000000000e+00 0.000000000000000e+00 0.000000000000000e+00 0.000000000000000e+00
 0.000000000000000e+00 0.000000000000000e+00 0.000000000000000e+00 0.000000000000000e+00 0.000000000000000e+00 0.000000000000000e+00 0.000000000000000e+00 0.000000000000000e+00 0.000000000000000e+00 0.000000000000000e+00
 0.000000000000000e+00 0.000000000000000e+00 0.000000000000000e+00 0.000000000000000e+00 0.000000000000000e+00 0.000000000000000e+00 0.000000000000000e+00 0.000000000000000e+00 0.000000000000000e+00 0.000000000000000e+00
 0.000000000000000e+00 0.000000000000000e+00 0.000000000000000e+00 0.000000000000000e+00 0.000000000000000e+00 0.000000000000000e+00 0.000000000000000e+00 0.000000000000000e+00 0.000000000000000e+00 0.000000000000000e+00
 0.000000000000000e+00 0.000000000000000e+00 0.000000000000000e+00 0.000000000000000e+00 0.000000000000000e+00 0.000000000000000e+00 0.000000000000000e+00 0.000000000000000e+00 0.000000000000000e+00 0.000000000000000e+00
 0.000000000000000e+00 0.000000000000000e+00 0.000000000000000e+00 0.000000000000000e+00 0.000000000000000e+00 0.000000000000000e+00 0.000000000000000e+00 0.000000000000000e+00 0.000000000000000e+00 0.000000000000000e+00
 0.000000000000000e+00 0.000000000000000e+00 0.000000000000000e+00 0.000000000000000e+00 0.000000000000000e+00 0.000000000000000e+00 0.000000000000000e+00 0.000000000000000e+00 0.000000000000000e+00 0.000000000000000e+00
 0.000000000000000e+00 0.000000000000000e+00 0.000000000000000e+00 0.000000000000000e+00 0.000000000000000e+00 0.000000000000000e+00 0.000000000000000e+00 0.000000000000000e+00 0.000000000000000e+00 0.000000000000000e+00
 0.000000000000000e+00 0.000000000000000e+00 0.000000000000000e+00 0.000000000000000e+00 0.000000000000000e+00 0.000000000000000e+00 0.000000000000000e+00 0.000000000000000e+00 0.000000000000000e+00 0.000000000000000e+00
 0.000000000000000e+00 0.000000000000000e+00 0.000000000000000e+00 0.000000000000000e+00 0.000000000000000e+00 0.000000000000000e+00 0.000000000000000e+00 0.000000000000000e+00 0.000000000000000e+00 0.000000000000000e+00
 0.000000000000000e+00 0.000000000000000e+00 0.000000000000000e+00 0.000000000000000e+00 0.000000000000000e+00 0.000000000000000e+00 0.000000000000000e+00 0.000000000000000e+00 0.000000000000000e+00 0.000000000000000e+00
 0.000000000000000e+00 0.000000000000000e+00 0.000000000000000e+00 0.000000000000000e+00 0.000000000000000e+00 0.000000000000000e+00 0.000000000000000e+00 0.000000000000000e+00 0.000000000000000e+00 0.000000000000000e+00
 0.000000000000000e+00 0.000000000000000e+00 0.000000000000000e+00 0.000000000000000e+00 0.000000000000000e+00 0.000000000000000e+00 0.000000000000000e+00 0.000000000000000e+00 0.000000000000000e+00 0.000000000000000e+00
 0.000000000000000e+00 0.000000000000000e+00 0.000000000000000e+00 0.000000000000000e+00 0.000000000000000e+00 0.000000000000000e+00 0.000000000000000e+00 0.000000000000000e+00 0.000000000000000e+00 0.000000000000000e+00
 0.000000000000000e+00 0.000000000000000e+00 0.000000000000000e+00 0.000000000000000e+00 0.000000000000000e+00 0.000000000000000e+00 0.000000000000000e+00 0.000000000000000e+00 0.000000000000000e+00 0.000000000000000e+00
 0.000000000000000e+00 0.000000000000000e+00 0.000000000000000e+00 0.000000000000000e+00 0.000000000000000e+00 0.000000000000000e+00 0.000000000000000e+00 0.000000000000000e+00 0.000000000000000e+00 0.000000000000000e+00
 0.000000000000000e+00 0.000000000000000e+00 0.000000000000000e+00 0.000000000000000e+00 0.000000000000000e+00 0.000000000000000e+00 0.000000000000000e+00 0.000000000000000e+00 0.000000000000000e+00 0.000000000000000e+00
 0.000000000000000e+00 0.000000000000000e+00 0.000000000000000e+00 0.000000000000000e+00 0.000000000000000e+00 0.000000000000000e+00 0.000000000000000e+00 0.000000000000000e+00 0.000000000000000e+00 0.000000000000000e+00
 0.000000000000000e+00 0.000000000000000e+00 0.000000000000000e+00 0.000000000000000e+00 0.000000000000000e+00 0.000000000000000e+00 0.000000000000000e+00 0.000000000000000e+00 0.000000000000000e+00 0.000000000000000e+00
 0.000000000000000e+00 0.000000000000000e+00 0.000000000000000e+00 0.000000000000000e+00 0.000000000000000e+00 0.000000000000000e+00 0.000000000000000e+00 0.000000000000000e+00 0.000000000000000e+00 0.000000000000000e+00
 0.000000000000000e+00 0.000000000000000e+00 0.000000000000000e+00 0.000000000000000e+00 0.000000000000000e+00 0.000000000000000e+00 0.000000000000000e+00 0.000000000000000e+00 0.000000000000000e+00 0.000000000000000e+00
 0.000000000000000e+00 0.000000000000000e+00 0.000000000000000e+00 0.000000000000000e+00 0.000000000000000e+00 0.000000000000000e+00 0.000000000000000e+00 0.000000000000000e+00 0.000000000000000e+00 0.000000000000000e+00
 0.000000000000000e+00 0.000000000000000e+00 0.000000000000000e+00 0.000000000000000e+00 0.000000000000000e+00 0.000000000000000e+00 0.000000000000000e+00 0.000000000000000e+00 0.000000000000000e+00 0.000000000000000e+00
 0.000000000000000e+00 0.000000000000000e+00 0.000000000000000e+00 0.000000000000000e+00 0.000000000000000e+00 0.000000000000000e+00 0.000000000000000e+00 0.000000000000000e+00 0.000000000000000e+00 0.000000000000000e+00
 0.000000000000000e+00 0.000000000000000e+00 0.000000000000000e+00 0.000000000000000e+00 0.000000000000000e+00 0.000000000000000e+00 0.000000000000000e+00 0.000000000000000e+00 0.000000000000000e+00 0.000000000000000e+00
 0.000000000000000e+00 0.000000000000000e+00 0.000000000000000e+00 0.000000000000000e+00 0.000000000000000e+00 0.000000000000000e+00 0.000000000000000e+00 0.000000000000000e+00 0.000000000000000e+00 0.000000000000000e+00
 0.000000000000000e+00 0.000000000000000e+00 0.000000000000000e+00 0.000000000000000e+00 0.000000000000000e+00 0.000000000000000e+00 0.000000000000000e+00 0.000000000000000e+00 0.000000000000000e+00 0.000000000000000e+00
 0.000000000000000e+00 0.000000000000000e+00 0.000000000000000e+00 0.000000000000000e+00 0.000000000000000e+00 0.000000000000000e+00 0.000000000000000e+00 0.000000000000000e+00 0.000000000000000e+00 0.000000000000000e+00
 0.000000000000000e+00 0.000000000000000e+00 0.000000000000000e+00 0.000000000000000e+00 0.000000000000000e+00 0.000000000000000e+00 0.000000000000000e+00 0.000000000000000e+00 0.000000000000000e+00 0.000000000000000e+00
 0.000000000000000e+00 0.000000000000000e+00 0.000000000000000e+00 0.000000000000000e+00 0.000000000000000e+00 0.000000000000000e+00 0.000000000000000e+00 0.000000000000000e+00 0.000000000000000e+00 0.000000000000000e+00
 0.000000000000000e+00 0.000000000000000e+00 0.000000000000000e+00 0.000000000000000e+00 0.000000000000000e+00 0.000000000000000e+00 0.000000000000000e+00 0.000000000000000e+00 0.000000000000000e+00 0.000000000000000e+00
 0.000000000000000e+00 0.000000000000000e+00 0.000000000000000e+00 0.000000000000000e+00 0.000000000000000e+00 0.000000000000000e+00 0.000000000000000e+00 0.000000000000000e+00 0.000000000000000e+00 0.000000000000000e+00
 0.000000000000000e+00 0.000000000000000e+00 0.000000000000000e+00 0.000000000000000e+00 0.000000000000000e+00 0.000000000000000e+00 0.000000000000000e+00 0.000000000000000e+00 0.000000000000000e+00 0.000000000000000e+00
 0.000000000000000e+00 0.000000000000000e+00 0.000000000000000e+00 0.000000000000000e+00 0.000000000000000e+00 0.000000000000000e+00 0.000000000000000e+00 0.000000000000000e+00 0.000000000000000e+00 0.000000000000000e+00
 0.000000000000000e+00 0.000000000000000e+00 0.000000000000000e+00 0.000000000000000e+00 0.000000000000000e+00 0.000000000000000e+00 0.000000000000000e+00 0.000000000000000e+00 0.000000000000000e+00 0.000000000000000e+00
 0.000000000000000e+00 0.000000000000000e+00 0.000000000000000e+00 0.000000000000000e+00 0.000000000000000e+00 0.000000000000000e+00 0.000000000000000e+00 0.000000000000000e+00 0.000000000000000e+00 0.000000000000000e+00
 0.000000000000000e+00 0.000000000000000e+00 0.000000000000000e+00 0.000000000000000e+00 0.000000000000000e+00 0.000000000000000e+00 0.000000000000000e+00 0.000000000000000e+00 0.000000000000000e+00 0.000000000000000e+00
 0.000000000000000e+00 0.000000000000000e+00 0.000000000000000e+00 0.000000000000000e+00 0.000000000000000e+00 0.000000000000000e+00 0.000000000000000e+00 0.000000000000000e+00 0.000000000000000e+00 0.000000000000000e+00
 0.000000000000000e+00 0.000000000000000e+00 0.000000000000000e+00 0.000000000000000e+00 0.000000000000000e+00 0.000000000000000e+00 0.000000000000000e+00 0.000000000000000e+00 0.000000000000000e+00 0.000000000000000e+00
 0.000000000000000e+00 0.000000000000000e+00 0.000000000000000e+00 0.000000000000000e+00 0.000000000000000e+00 0.000000000000000e+00 0.000000000000000e+00 0.000000000000000e+00 0.000000000000000e+00 0.000000000000000e+00
 0.000000000000000e+00 0.000000000000000e+00 0.000000000000000e+00 0.000000000000000e+00 0.000000000000000e+00 0.000000000000000e+00 0.000000000000000e+00 0.000000000000000e+00 0.000000000000000e+00 0.000000000000000e+00
 0.000000000000000e+00 0.000000000000000e+00 0.000000000000000e+00 0.000000000000000e+00 0.000000000000000e+00 0.000000000000000e+00 0.000000000000000e+00 0.000000000000000e+00 0.000000000000000e+00 0.000000000000000e+00
 0.000000000000000e+00 0.000000000000000e+00 0.000000000000000e+00 0.000000000000000e+00 0.000000000000000e+00 0.000000000000000e+00 0.000000000000000e+00 0.000000000000000e+00 0.000000000000000e+00 0.000000000000000e+00
 0.000000000000000e+00 0.000000000000000e+00 0.000000000000000e+00 0.000000000000000e+00 0.000000000000000e+00 0.000000000000000e+00 0.000000000000000e+00 0.000000000000000e+00 0.000000000000000e+00 0.000000000000000e+00
 0.000000000000000e+00 0.000000000000000e+00 0.000000000000000e+00 0.000000000000000e+00 0.000000000000000e+00 0.000000000000000e+00 0.000000000000000e+00 0.000000000000000e+00 0.000000000000000e+00 0.000000000000000e+00
 0.000000000000000e+00 0.000000000000000e+00 0.000000000000000e+00 0.000000000000000e+00 0.000000000000000e+00 0.000000000000000e+00 0.000000000000000e+00 0.000000000000000e+00 0.000000000000000e+00 0.000000000000000e+00
 0.000000000000000e+00 0.000000000000000e+00 0.000000000000000e+00 0.000000000000000e+00 0.000000000000000e+00 0.000000000000000e+00 0.000000000000000e+00 0.000000000000000e+00 0.000000000000000e+00 0.000000000000000e+00
 0.000000000000000e+00 0.000000000000000e+00 0.000000000000000e+00 0.000000000000000e+00 0.000000000000000e+00 0.000000000000000e+00 0.000000000000000e+00 0.000000000000000e+00 0.000000000000000e+00 0.000000000000000e+00
 0.000000000000000e+00 0.000000000000000e+00 0.000000000000000e+00 0.000000000000000e+00 0.000000000000000e+00 0.000000000000000e+00 0.000000000000000e+00 0.000000000000000e+00 0.000000000000000e+00 0.000000000000000e+00
 0.000000000000000e+00 0.000000000000000e+00 0.000000000000000e+00 0.000000000000000e+00 0.000000000000000e+00 0.000000000000000e+00 0.000000000000000e+00 0.000000000000000e+00 0.000000000000000e+00 0.000000000000000e+00
 0.000000000000000e+00 0.000000000000000e+00 0.000000000000000e+00 0.000000000000000e+00 0.000000000000000e+00 0.000000000000000e+00 0.000000000000000e+00 0.000000000000000e+00 0.000000000000000e+00 0.000000000000000e+00
 0.000000000000000e+00 0.000000000000000e+00 0.000000000000000e+00 0.000000000000000e+00 0.000000000000000e+00 0.000000000000000e+00 0.000000000000000e+00 0.000000000000000e+00 0.000000000000000e+00 0.000000000000000e+00
 0.000000000000000e+00 0.000000000000000e+00 0.000000000000000e+00 0.000000000000000e+00 0.000000000000000e+00 0.000000000000000e+00 0.000000000000000e+00 0.000000000000000e+00 0.000000000000000e+00 0.000000000000000e+00
 0.000000000000000e+00 0.000000000000000e+00 0.000000000000000e+00 0.000000000000000e+00 0.000000000000000e+00 0.000000000000000e+00 0.000000000000000e+00 0.000000000000000e+00 0.000000000000000e+00 0.000000000000000e+00
 0.000000000000000e+00 0.000000000000000e+00 0.000000000000000e+00 0.000000000000000e+00 0.000000000000000e+00 0.000000000000000e+00 0.000000000000000e+00 0.000000000000000e+00 0.000000000000000e+00 0.000000000000000e+00
 0.000000000000000e+00 0.000000000000000e+00 0.000000000000000e+00 0.000000000000000e+00 0.000000000000000e+00 0.000000000000000e+00 0.000000000000000e+00 0.000000000000000e+00 0.000000000000000e+00 0.000000000000000e+00
 0.000000000000000e+00 0.000000000000000e+00 0.000000000000000e+00 0.000000000000000e+00 0.000000000000000e+00 0.000000000000000e+00 0.000000000000000e+00 0.000000000000000e+00 0.000000000000000e+00 0.000000000000000e+00
 0.000000000000000e+00 0.000000000000000e+00 0.000000000000000e+00 0.000000000000000e+00 0.000000000000000e+00 0.000000000000000e+00 0.000000000000000e+00 0.000000000000000e+00 0.000000000000000e+00 0.000000000000000e+00
 0.000000000000000e+00 0.000000000000000e+00 0.000000000000000e+00 0.000000000000000e+00 0.000000000000000e+00 0.000000000000000e+00 0.000000000000000e+00 0.000000000000000e+00 0.000000000000000e+00 0.000000000000000e+00
 0.000000000000000e+00 0.000000000000000e+00 0.000000000000000e+00 0.000000000000000e+00 0.000000000000000e+00 0.000000000000000e+00 0.000000000000000e+00 0.000000000000000e+00 0.000000000000000e+00 0.000000000000000e+00
 0.000000000000000e+00 0.000000000000000e+00 0.000000000000000e+00 0.000000000000000e+00 0.000000000000000e+00 0.000000000000000e+00 0.000000000000000e+00 0.000000000000000e+00 0.000000000000000e+00 0.000000000000000e+00
 0.000000000000000e+00 0.000000000000000e+00 0.000000000000000e+00 0.000000000000000e+00 0.000000000000000e+00 0.000000000000000e+00 0.000000000000000e+00 0.000000000000000e+00 0.000000000000000e+00 0.000000000000000e+00
 0.000000000000000e+00 0.000000000000000e+00 0.000000000000000e+00 0.000000000000000e+00 0.000000000000000e+00 0.000000000000000e+00 0.000000000000000e+00 0.000000000000000e+00 0.000000000000000e+00 0.000000000000000e+00
 0.000000000000000e+00 0.000000000000000e+00 0.000000000000000e+00 0.000000000000000e+00 0.000000000000000e+00 0.000000000000000e+00 0.000000000000000e+00 0.000000000000000e+00 0.000000000000000e+00 0.000000000000000e+00
 0.000000000000000e+00 0.000000000000000e+00 0.000000000000000e+00 0.000000000000000e+00 0.000000000000000e+00 0.000000000000000e+00 0.000000000000000e+00 0.000000000000000e+00 0.000000000000000e+00 0.000000000000000e+00
 0.000000000000000e+00 0.000000000000000e+00 0.000000000000000e+00 0.000000000000000e+00 0.000000000000000e+00 0.000000000000000e+00 0.000000000000000e+00 0.000000000000000e+00 0.000000000000000e+00 0.000000000000000e+00
 0.000000000000000e+00 0.000000000000000e+00 0.000000000000000e+00 0.000000000000000e+00 0.000000000000000e+00 0.000000000000000e+00 0.000000000000000e+00 0.000000000000000e+00 0.000000000000000e+00 0.000000000000000e+00
 0.000000000000000e+00 0.000000000000000e+00 0.000000000000000e+00 0.000000000000000e+00 0.000000000000000e+00 0.000000000000000e+00 0.000000000000000e+00 0.000000000000000e+00 0.000000000000000e+00 0.000000000000000e+00
 0.000000000000000e+00 0.000000000000000e+00 0.000000000000000e+00 0.000000000000000e+00 0.000000000000000e+00 0.000000000000000e+00 0.000000000000000e+00 0.000000000000000e+00 0.000000000000000e+00 0.000000000000000e+00
 0.000000000000000e+00 0.000000000000000e+00 0.000000000000000e+00 0.000000000000000e+00 0.000000000000000e+00 0.000000000000000e+00 0.000000000000000e+00 0.000000000000000e+00 0.000000000000000e+00 0.000000000000000e+00
 0.000000000000000e+00 0.000000000000000e+00 0.000000000000000e+00 0.000000000000000e+00 0.000000000000000e+00 0.000000000000000e+00 0.000000000000000e+00 0.000000000000000e+00 0.000000000000000e+00 0.000000000000000e+00
 0.000000000000000e+00 0.000000000000000e+00 0.000000000000000e+00 0.000000000000000e+00 0.000000000000000e+00 0.000000000000000e+00 0.000000000000000e+00 0.000000000000000e+00 0.000000000000000e+00 0.000000000000000e+00
 0.000000000000000e+00 0.000000000000000e+00 0.000000000000000e+00 0.000000000000000e+00 0.000000000000000e+00 0.000000000000000e+00 0.000000000000000e+00 0.000000000000000e+00 0.000000000000000e+00 0.000000000000000e+00
 0.000000000000000e+00 0.000000000000000e+00 0.000000000000000e+00 0.000000000000000e+00 0.000000000000000e+00 0.000000000000000e+00 0.000000000000000e+00 0.000000000000000e+00 0.000000000000000e+00 0.000000000000000e+00
 0.000000000000000e+00 0.000000000000000e+00 0.000000000000000e+00 0.000000000000000e+00 0.000000000000000e+00 0.000000000000000e+00 0.000000000000000e+00 0.000000000000000e+00 0.000000000000000e+00 0.000000000000000e+00
 0.000000000000000e+00 0.000000000000000e+00 0.000000000000000e+00 0.000000000000000e+00 0.000000000000000e+00 0.000000000000000e+00 0.000000000000000e+00 0.000000000000000e+00 0.000000000000000e+00 0.000000000000000e+00
 0.000000000000000e+00 0.000000000000000e+00 0.000000000000000e+00 0.000000000000000e+00 0.000000000000000e+00 0.000000000000000e+00 0.000000000000000e+00 0.000000000000000e+00 0.000000000000000e+00 0.000000000000000e+00
 0.000000000000000e+00 0.000000000000000e+00 0.000000000000000e+00 0.000000000000000e+00 0.000000000000000e+00 0.000000000000000e+00 0.000000000000000e+00 0.000000000000000e+00 0.000000000000000e+00 0.000000000000000e+00
 0.000000000000000e+00 0.000000000000000e+00 0.000000000000000e+00 0.000000000000000e+00 0.000000000000000e+00 0.000000000000000e+00 0.000000000000000e+00 0.000000000000000e+00 0.000000000000000e+00 0.000000000000000e+00
 0.000000000000000e+00 0.000000000000000e+00 0.000000000000000e+00 0.000000000000000e+00 0.000000000000000e+00 0.000000000000000e+00 0.000000000000000e+00 0.000000000000000e+00 0.000000000000000e+00 0.000000000000000e+00
 0.000000000000000e+00 0.000000000000000e+00 0.000000000000000e+00 0.000000000000000e+00 0.000000000000000e+00 0.000000000000000e+00 0.000000000000000e+00 0.000000000000000e+00 0.000000000000000e+00 0.000000000000000e+00
 0.000000000000000e+00 0.000000000000000e+00 0.000000000000000e+00 0.000000000000000e+00 0.000000000000000e+00 0.000000000000000e+00 0.000000000000000e+00 0.000000000000000e+00 0.000000000000000e+00 0.000000000000000e+00
 0.000000000000000e+00 0.000000000000000e+00 0.000000000000000e+00 0.000000000000000e+00 0.000000000000000e+00 0.000000000000000e+00 0.000000000000000e+00 0.000000000000000e+00 0.000000000000000e+00 0.000000000000000e+00
 0.000000000000000e+00 0.000000000000000e+00 0.000000000000000e+00 0.000000000000000e+00 0.000000000000000e+00 0.000000000000000e+00 0.000000000000000e+00 0.000000000000000e+00 0.000000000000000e+00 0.000000000000000e+00
 0.000000000000000e+00 0.000000000000000e+00 0.000000000000000e+00 0.000000000000000e+00 0.000000000000000e+00 0.000000000000000e+00 0.000000000000000e+00 0.000000000000000e+00 0.000000000000000e+00 0.000000000000000e+00
 0.000000000000000e+00 0.000000000000000e+00 0.000000000000000e+00 0.000000000000000e+00 0.000000000000000e+00 0.000000000000000e+00 0.000000000000000e+00 0.000000000000000e+00 0.000000000000000e+00 0.000000000000000e+00
 0.000000000000000e+00 0.000000000000000e+00 0.000000000000000e+00 0.000000000000000e+00 0.000000000000000e+00 0.000000000000000e+00 0.000000000000000e+00 0.000000000000000e+00 0.000000000000000e+00 0.000000000000000e+00
 0.000000000000000e+00 0.000000000000000e+00 0.000000000000000e+00 0.000000000000000e+00 0.000000000000000e+00 0.000000000000000e+00 0.000000000000000e+00 0.000000000000000e+00 0.000000000000000e+00 0.000000000000000e+00
 0.000000000000000e+00 0.000000000000000e+00 0.000000000000000e+00 0.000000000000000e+00 0.000000000000000e+00 0.000000000000000e+00 0.000000000000000e+00 0.000000000000000e+00 0.000000000000000e+00 0.000000000000000e+00
 0.000000000000000e+00 0.000000000000000e+00 0.000000000000000e+00 0.000000000000000e+00 0.000000000000000e+00 0.000000000000000e+00 0.000000000000000e+00 0.000000000000000e+00 0.000000000000000e+00 0.000000000000000e+00
 0.000000000000000e+00 0.000000000000000e+00 0.000000000000000e+00 0.000000000000000e+00 0.000000000000000e+00 0.000000000000000e+00 0.000000000000000e+00 0.000000000000000e+00 0.000000000000000e+00 0.000000000000000e+00
 0.000000000000000e+00 0.000000000000000e+00 0.000000000000000e+00 0.000000000000000e+00 0.000000000000000e+00 0.000000000000000e+00 0.000000000000000e+00 0.000000000000000e+00 0.000000000000000e+00 0.000000000000000e+00
 0.000000000000000e+00 0.000000000000000e+00 0.000000000000000e+00 0.000000000000000e+00 0.000000000000000e+00 0.000000000000000e+00 0.000000000000000e+00 0.000000000000000e+00 0.000000000000000e+00 0.000000000000000e+00
 0.000000000000000e+00 0.000000000000000e+00 0.000000000000000e+00 0.000000000000000e+00 0.000000000000000e+00 0.000000000000000e+00 0.000000000000000e+00 0.000000000000000e+00 0.000000000000000e+00 0.000000000000000e+00
 0.000000000000000e+00 0.000000000000000e+00 0.000000000000000e+00 0.000000000000000e+00 0.000000000000000e+00 0.000000000000000e+00 0.000000000000000e+00 0.000000000000000e+00 0.000000000000000e+00 0.000000000000000e+00
 0.000000000000000e+00 0.000000000000000e+00 0.000000000000000e+00 0.000000000000000e+00 0.000000000000000e+00 0.000000000000000e+00 0.000000000000000e+00 0.000000000000000e+00 0.000000000000000e+00 0.000000000000000e+00
 0.000000000000000e+00 0.000000000000000e+00 0.000000000000000e+00 0.000000000000000e+00 0.000000000000000e+00 0.000000000000000e+00 0.000000000000000e+00 0.000000000000000e+00 0.000000000000000e+00 0.000000000000000e+00
 0.000000000000000e+00 0.000000000000000e+00 0.000000000000000e+00 0.000000000000000e+00 0.000000000000000e+00 0.000000000000000e+00 0.000000000000000e+00 0.000000000000000e+00 0.000000000000000e+00 0.000000000000000e+00
 0.000000000000000e+00 0.000000000000000e+00 0.000000000000000e+00 0.000000000000000e+00 0.000000000000000e+00 0.000000000000000e+00 0.000000000000000e+00 0.000000000000000e+00 0.000000000000000e+00 0.000000000000000e+00
 0.000000000000000e+00 0.000000000000000e+00 0.000000000000000e+00 0.000000000000000e+00 0.000000000000000e+00 0.000000000000000e+00 0.000000000000000e+00 0.000000000000000e+00 0.000000000000000e+00 0.000000000000000e+00
 0.000000000000000e+00 0.000000000000000e+00 0.000000000000000e+00 0.000000000000000e+00 0.000000000000000e+00 0.000000000000000e+00 0.000000000000000e+00 0.000000000000000e+00 0.000000000000000e+00 0.000000000000000e+00
 0.000000000000000e+00 0.000000000000000e+00 0.000000000000000e+00 0.000000000000000e+00 0.000000000000000e+00 0.000000000000000e+00 0.000000000000000e+00 0.000000000000000e+00 0.000000000000000e+00 0.000000000000000e+00
 0.000000000000000e+00 0.000000000000000e+00 0.000000000000000e+00 0.000000000000000e+00 0.000000000000000e+00 0.000000000000000e+00 0.000000000000000e+00 0.000000000000000e+00 0.000000000000000e+00 0.000000000000000e+00
 0.000000000000000e+00 0.000000000000000e+00 0.000000000000000e+00 0.000000000000000e+00 0.000000000000000e+00 0.000000000000000e+00 0.000000000000000e+00 0.000000000000000e+00 0.000000000000000e+00 0.000000000000000e+00
 0.000000000000000e+00 0.000000000000000e+00 0.000000000000000e+00 0.000000000000000e+00 0.000000000000000e+00 0.000000000000000e+00 0.000000000000000e+00 0.000000000000000e+00 0.000000000000000e+00 0.000000000000000e+00
 0.000000000000000e+00 0.000000000000000e+00 0.000000000000000e+00 0.000000000000000e+00 0.000000000000000e+00 0.000000000000000e+00 0.000000000000000e+00 0.000000000000000e+00 0.000000000000000e+00 0.000000000000000e+00
 0.000000000000000e+00 0.000000000000000e+00 0.000000000000000e+00 0.000000000000000e+00 0.000000000000000e+00 0.000000000000000e+00 0.000000000000000e+00 0.000000000000000e+00 0.000000000000000e+00 0.000000000000000e+00
 0.000000000000000e+00 0.000000000000000e+00 0.000000000000000e+00 0.000000000000000e+00 0.000000000000000e+00 0.000000000000000e+00 0.000000000000000e+00 0.000000000000000e+00 0.000000000000000e+00 0.000000000000000e+00
 0.000000000000000e+00 0.000000000000000e+00 0.000000000000000e+00 0.000000000000000e+00 0.000000000000000e+00 0.000000000000000e+00 0.000000000000000e+00 0.000000000000000e+00 0.000000000000000e+00 0.000000000000000e+00
 0.000000000000000e+00 0.000000000000000e+00 0.000000000000000e+00 0.000000000000000e+00 0.000000000000000e+00 0.000000000000000e+00 0.000000000000000e+00 0.000000000000000e+00 0.000000000000000e+00 0.000000000000000e+00
 0.000000000000000e+00 0.000000000000000e+00 0.000000000000000e+00 0.000000000000000e+00 0.000000000000000e+00 0.000000000000000e+00 0.000000000000000e+00 0.000000000000000e+00 0.000000000000000e+00 0.000000000000000e+00
 0.000000000000000e+00 0.000000000000000e+00 0.000000000000000e+00 0.000000000000000e+00 0.000000000000000e+00 0.000000000000000e+00 0.000000000000000e+00 0.000000000000000e+00 0.000000000000000e+00 0.000000000000000e+00
 0.000000000000000e+00 0.000000000000000e+00 0.000000000000000e+00 0.000000000000000e+00 0.000000000000000e+00 0.000000000000000e+00 0.000000000000000e+00 0.000000000000000e+00 0.000000000000000e+00 0.000000000000000e+00
 0.000000000000000e+00 0.000000000000000e+00 0.000000000000000e+00 0.000000000000000e+00 0.000000000000000e+00 0.000000000000000e+00 0.000000000000000e+00 0.000000000000000e+00 0.000000000000000e+00 0.000000000000000e+00
 0.000000000000000e+00 0.000000000000000e+00 0.000000000000000e+00 0.000000000000000e+00 0.000000000000000e+00 0.000000000000000e+00 0.000000000000000e+00 0.000000000000000e+00 0.000000000000000e+00 0.000000000000000e+00
 0.000000000000000e+00 0.000000000000000e+00 0.000000000000000e+00 0.000000000000000e+00 0.000000000000000e+00 0.000000000000000e+00 0.000000000000000e+00 0.000000000000000e+00 0.000000000000000e+00 0.000000000000000e+00
 0.000000000000000e+00 0.000000000000000e+00 0.000000000000000e+00 0.000000000000000e+00 0.000000000000000e+00 0.000000000000000e+00 0.000000000000000e+00 0.000000000000000e+00 0.000000000000000e+00 0.000000000000000e+00
 0.000000000000000e+00 0.000000000000000e+00 0.000000000000000e+00 0.000000000000000e+00 0.000000000000000e+00 0.000000000000000e+00 0.000000000000000e+00 0.000000000000000e+00 0.000000000000000e+00 0.000000000000000e+00
 0.000000000000000e+00 0.000000000000000e+00 0.000000000000000e+00 0.000000000000000e+00 0.000000000000000e+00 0.000000000000000e+00 0.000000000000000e+00 0.000000000000000e+00 0.000000000000000e+00 0.000000000000000e+00
 0.000000000000000e+00 0.000000000000000e+00 0.000000000000000e+00 0.000000000000000e+00 0.000000000000000e+00 0.000000000000000e+00 0.000000000000000e+00 0.000000000000000e+00 0.000000000000000e+00 0.000000000000000e+00
 0.000000000000000e+00 0.000000000000000e+00 0.000000000000000e+00 0.000000000000000e+00 0.000000000000000e+00 0.000000000000000e+00 0.000000000000000e+00 0.000000000000000e+00 0.000000000000000e+00 0.000000000000000e+00
 0.000000000000000e+00 0.000000000000000e+00 0.000000000000000e+00 0.000000000000000e+00 0.000000000000000e+00 0.000000000000000e+00 0.000000000000000e+00 0.000000000000000e+00 0.000000000000000e+00 0.000000000000000e+00
 0.000000000000000e+00 0.000000000000000e+00 0.000000000000000e+00 0.000000000000000e+00 0.000000000000000e+00 0.000000000000000e+00 0.000000000000000e+00 0.000000000000000e+00 0.000000000000000e+00 0.000000000000000e+00
 0.000000000000000e+00 0.000000000000000e+00 0.000000000000000e+00 0.000000000000000e+00 0.000000000000000e+00 0.000000000000000e+00 0.000000000000000e+00 0.000000000000000e+00 0.000000000000000e+00 0.000000000000000e+00
 0.000000000000000e+00 0.000000000000000e+00 0.000000000000000e+00 0.000000000000000e+00 0.000000000000000e+00 0.000000000000000e+00 0.000000000000000e+00 0.000000000000000e+00 0.000000000000000e+00 0.000000000000000e+00
 0.000000000000000e+00 0.000000000000000e+00 0.000000000000000e+00 0.000000000000000e+00 0.000000000000000e+00 0.000000000000000e+00 0.000000000000000e+00 0.000000000000000e+00 0.000000000000000e+00 0.000000000000000e+00
 0.000000000000000e+00 0.000000000000000e+00 0.000000000000000e+00 0.000000000000000e+00 0.000000000000000e+00 0.000000000000000e+00 0.000000000000000e+00 0.000000000000000e+00 0.000000000000000e+00 0.000000000000000e+00
 0.000000000000000e+00 0.000000000000000e+00 0.000000000000000e+00 0.000000000000000e+00 0.000000000000000e+00 0.000000000000000e+00 0.000000000000000e+00 0.000000000000000e+00 0.000000000000000e+00 0.000000000000000e+00
 0.000000000000000e+00 0.000000000000000e+00 0.000000000000000e+00 0.000000000000000e+00 0.000000000000000e+00 0.000000000000000e+00 0.000000000000000e+00 0.000000000000000e+00 0.000000000000000e+00 0.000000000000000e+00
 0.000000000000000e+00 0.000000000000000e+00 0.000000000000000e+00 0.000000000000000e+00 0.000000000000000e+00 0.000000000000000e+00 0.000000000000000e+00 0.000000000000000e+00 0.000000000000000e+00 0.000000000000000e+00
 0.000000000000000e+00 0.000000000000000e+00 0.000000000000000e+00 0.000000000000000e+00 0.000000000000000e+00 0.000000000000000e+00 0.000000000000000e+00 0.000000000000000e+00 0.000000000000000e+00 0.000000000000000e+00
 0.000000000000000e+00 0.000000000000000e+00 0.000000000000000e+00 0.000000000000000e+00 0.000000000000000e+00 0.000000000000000e+00 0.000000000000000e+00 0.000000000000000e+00 0.000000000000000e+00 0.000000000000000e+00
 0.000000000000000e+00 0.000000000000000e+00 0.000000000000000e+00 0.000000000000000e+00 0.000000000000000e+00 0.000000000000000e+00 0.000000000000000e+00 0.000000000000000e+00 0.000000000000000e+00 0.000000000000000e+00
 0.000000000000000e+00 0.000000000000000e+00 0.000000000000000e+00 0.000000000000000e+00 0.000000000000000e+00 0.000000000000000e+00 0.000000000000000e+00 0.000000000000000e+00 0.000000000000000e+00 0.000000000000000e+00
 0.000000000000000e+00 0.000000000000000e+00 0.000000000000000e+00 0.000000000000000e+00 0.000000000000000e+00 0.000000000000000e+00 0.000000000000000e+00 0.000000000000000e+00 0.000000000000000e+00 0.000000000000000e+00
 0.000000000000000e+00 0.000000000000000e+00 0.000000000000000e+00 0.000000000000000e+00 0.000000000000000e+00 0.000000000000000e+00 0.000000000000000e+00 0.000000000000000e+00 0.000000000000000e+00 0.000000000000000e+00
 0.000000000000000e+00 0.000000000000000e+00 0.000000000000000e+00 0.000000000000000e+00 0.000000000000000e+00 0.000000000000000e+00 0.000000000000000e+00 0.000000000000000e+00 0.000000000000000e+00 0.000000000000000e+00
 0.000000000000000e+00 0.000000000000000e+00 0.000000000000000e+00 0.000000000000000e+00 0.000000000000000e+00 0.000000000000000e+00 0.000000000000000e+00 0.000000000000000e+00 0.000000000000000e+00 0.000000000000000e+00
 0.000000000000000e+00 0.000000000000000e+00 0.000000000000000e+00 0.000000000000000e+00 0.000000000000000e+00 0.000000000000000e+00 0.000000000000000e+00 0.000000000000000e+00 0.000000000000000e+00 0.000000000000000e+00
 0.000000000000000e+00 0.000000000000000e+00 0.000000000000000e+00 0.000000000000000e+00 0.000000000000000e+00 0.000000000000000e+00 0.000000000000000e+00 0.000000000000000e+00 0.000000000000000e+00 0.000000000000000e+00
 0.000000000000000e+00 0.000000000000000e+00 0.000000000000000e+00 0.000000000000000e+00 0.000000000000000e+00 0.000000000000000e+00 0.000000000000000e+00 0.000000000000000e+00 0.000000000000000e+00 0.000000000000000e+00
 0.000000000000000e+00 0.000000000000000e+00 0.000000000000000e+00 0.000000000000000e+00 0.000000000000000e+00 0.000000000000000e+00 0.000000000000000e+00 0.000000000000000e+00 0.000000000000000e+00 0.000000000000000e+00
 0.000000000000000e+00 0.000000000000000e+00 0.000000000000000e+00 0.000000000000000e+00 0.000000000000000e+00 0.000000000000000e+00 0.000000000000000e+00 0.000000000000000e+00 0.000000000000000e+00 0.000000000000000e+00
 0.000000000000000e+00 0.000000000000000e+00 0.000000000000000e+00 0.000000000000000e+00 0.000000000000000e+00 0.000000000000000e+00 0.000000000000000e+00 0.000000000000000e+00 0.000000000000000e+00 0.000000000000000e+00
 0.000000000000000e+00 0.000000000000000e+00 0.000000000000000e+00 0.000000000000000e+00 0.000000000000000e+00 0.000000000000000e+00 0.000000000000000e+00 0.000000000000000e+00 0.000000000000000e+00 0.000000000000000e+00
 0.000000000000000e+00 0.000000000000000e+00 0.000000000000000e+00 0.000000000000000e+00 0.000000000000000e+00 0.000000000000000e+00 0.000000000000000e+00 0.000000000000000e+00 0.000000000000000e+00 0.000000000000000e+00
 0.000000000000000e+00 0.000000000000000e+00 0.000000000000000e+00 0.000000000000000e+00 0.000000000000000e+00 0.000000000000000e+00 0.000000000000000e+00 0.000000000000000e+00 0.000000000000000e+00 0.000000000000000e+00
 0.000000000000000e+00 0.000000000000000e+00 0.000000000000000e+00 0.000000000000000e+00 0.000000000000000e+00 0.000000000000000e+00 0.000000000000000e+00 0.000000000000000e+00 0.000000000000000e+00 0.000000000000000e+00
 0.000000000000000e+00 0.000000000000000e+00 0.000000000000000e+00 0.000000000000000e+00 0.000000000000000e+00 0.000000000000000e+00 0.000000000000000e+00 0.000000000000000e+00 0.000000000000000e+00 0.000000000000000e+00
 0.000000000000000e+00 0.000000000000000e+00 0.000000000000000e+00 0.000000000000000e+00 0.000000000000000e+00 0.000000000000000e+00 0.000000000000000e+00 0.000000000000000e+00 0.000000000000000e+00 0.000000000000000e+00
 0.000000000000000e+00 0.000000000000000e+00 0.000000000000000e+00 0.000000000000000e+00 0.000000000000000e+00 0.000000000000000e+00 0.000000000000000e+00 0.000000000000000e+00 0.000000000000000e+00 0.000000000000000e+00
 0.000000000000000e+00 0.000000000000000e+00 0.000000000000000e+00 0.000000000000000e+00 0.000000000000000e+00 0.000000000000000e+00 0.000000000000000e+00 0.000000000000000e+00 0.000000000000000e+00 0.000000000000000e+00
 0.000000000000000e+00 0.000000000000000e+00 0.000000000000000e+00 0.000000000000000e+00 0.000000000000000e+00 0.000000000000000e+00 0.000000000000000e+00 0.000000000000000e+00 0.000000000000000e+00 0.000000000000000e+00
 0.000000000000000e+00 0.000000000000000e+00 0.000000000000000e+00 0.000000000000000e+00 0.000000000000000e+00 0.000000000000000e+00 0.000000000000000e+00 0.000000000000000e+00 0.000000000000000e+00 0.000000000000000e+00
 0.000000000000000e+00 0.000000000000000e+00 0.000000000000000e+00 0.000000000000000e+00 0.000000000000000e+00 0.000000000000000e+00 0.000000000000000e+00 0.000000000000000e+00 0.000000000000000e+00 0.000000000000000e+00
 0.000000000000000e+00 0.000000000000000e+00 0.000000000000000e+00 0.000000000000000e+00 0.000000000000000e+00 0.000000000000000e+00 0.000000000000000e+00 0.000000000000000e+00 0.000000000000000e+00 0.000000000000000e+00
 0.000000000000000e+00 0.000000000000000e+00 0.000000000000000e+00 0.000000000000000e+00 0.000000000000000e+00 0.000000000000000e+00 0.000000000000000e+00 0.000000000000000e+00 0.000000000000000e+00 0.000000000000000e+00
 0.000000000000000e+00 0.000000000000000e+00 0.000000000000000e+00 0.000000000000000e+00 0.000000000000000e+00 0.000000000000000e+00 0.000000000000000e+00 0.000000000000000e+00 0.000000000000000e+00 0.000000000000000e+00
 0.000000000000000e+00 0.000000000000000e+00 0.000000000000000e+00 0.000000000000000e+00 0.000000000000000e+00 0.000000000000000e+00 0.000000000000000e+00 0.000000000000000e+00 0.000000000000000e+00 0.000000000000000e+00
 0.000000000000000e+00 0.000000000000000e+00 0.000000000000000e+00 0.000000000000000e+00 0.000000000000000e+00 0.000000000000000e+00 0.000000000000000e+00 0.000000000000000e+00 0.000000000000000e+00 0.000000000000000e+00
 0.000000000000000e+00 0.000000000000000e+00 0.000000000000000e+00 0.000000000000000e+00 0.000000000000000e+00 0.000000000000000e+00 0.000000000000000e+00 0.000000000000000e+00 0.000000000000000e+00 0.000000000000000e+00
 0.000000000000000e+00 0.000000000000000e+00 0.000000000000000e+00 0.000000000000000e+00 0.000000000000000e+00 0.000000000000000e+00 0.000000000000000e+00 0.000000000000000e+00 0.000000000000000e+00 0.000000000000000e+00
 0.000000000000000e+00 0.000000000000000e+00 0.000000000000000e+00 0.000000000000000e+00 0.000000000000000e+00 0.000000000000000e+00 0.000000000000000e+00 0.000000000000000e+00 0.000000000000000e+00 0.000000000000000e+00
 0.000000000000000e+00 0.000000000000000e+00 0.000000000000000e+00 0.000000000000000e+00 0.000000000000000e+00 0.000000000000000e+00 0.000000000000000e+00 0.000000000000000e+00 0.000000000000000e+00 0.000000000000000e+00
 0.000000000000000e+00 0.000000000000000e+00 0.000000000000000e+00 0.000000000000000e+00 0.000000000000000e+00 0.000000000000000e+00 0.000000000000000e+00 0.000000000000000e+00 0.000000000000000e+00 0.000000000000000e+00
 0.000000000000000e+00 0.000000000000000e+00 0.000000000000000e+00 0.000000000000000e+00 0.000000000000000e+00 0.000000000000000e+00 0.000000000000000e+00 0.000000000000000e+00 0.000000000000000e+00 0.000000000000000e+00
 0.000000000000000e+00 0.000000000000000e+00 0.000000000000000e+00 0.000000000000000e+00 0.000000000000000e+00 0.000000000000000e+00 0.000000000000000e+00 0.000000000000000e+00 0.000000000000000e+00 0.000000000000000e+00
 0.000000000000000e+00 0.000000000000000e+00 0.000000000000000e+00 0.000000000000000e+00 0.000000000000000e+00 0.000000000000000e+00 0.000000000000000e+00 0.000000000000000e+00 0.000000000000000e+00 0.000000000000000e+00
 0.000000000000000e+00 0.000000000000000e+00 0.000000000000000e+00 0.000000000000000e+00 0.000000000000000e+00 0.000000000000000e+00 0.000000000000000e+00 0.000000000000000e+00 0.000000000000000e+00 0.000000000000000e+00
 0.000000000000000e+00 0.000000000000000e+00 0.000000000000000e+00 0.000000000000000e+00 0.000000000000000e+00 0.000000000000000e+00 0.000000000000000e+00 0.000000000000000e+00 0.000000000000000e+00 0.000000000000000e+00
 0.000000000000000e+00 0.000000000000000e+00 0.000000000000000e+00 0.000000000000000e+00 0.000000000000000e+00 0.000000000000000e+00 0.000000000000000e+00 0.000000000000000e+00 0.000000000000000e+00 0.000000000000000e+00
 0.000000000000000e+00 0.000000000000000e+00 0.000000000000000e+00 0.000000000000000e+00 0.000000000000000e+00 0.000000000000000e+00 0.000000000000000e+00 0.000000000000000e+00 0.000000000000000e+00 0.000000000000000e+00
 0.000000000000000e+00 0.000000000000000e+00 0.000000000000000e+00 0.000000000000000e+00 0.000000000000000e+00 0.000000000000000e+00 0.000000000000000e+00 0.000000000000000e+00 0.000000000000000e+00 0.000000000000000e+00
 0.000000000000000e+00 0.000000000000000e+00 0.000000000000000e+00 0.000000000000000e+00 0.000000000000000e+00 0.000000000000000e+00 0.000000000000000e+00 0.000000000000000e+00 0.000000000000000e+00 0.000000000000000e+00
 0.000000000000000e+00 0.000000000000000e+00 0.000000000000000e+00 0.000000000000000e+00 0.000000000000000e+00 0.000000000000000e+00 0.000000000000000e+00 0.000000000000000e+00 0.000000000000000e+00 0.000000000000000e+00
 0.000000000000000e+00 0.000000000000000e+00 0.000000000000000e+00 0.000000000000000e+00 0.000000000000000e+00 0.000000000000000e+00 0.000000000000000e+00 0.000000000000000e+00 0.000000000000000e+00 0.000000000000000e+00
 0.000000000000000e+00 0.000000000000000e+00 0.000000000000000e+00 0.000000000000000e+00 0.000000000000000e+00 0.000000000000000e+00 0.000000000000000e+00 0.000000000000000e+00 0.000000000000000e+00 0.000000000000000e+00
 0.000000000000000e+00 0.000000000000000e+00 0.000000000000000e+00 0.000000000000000e+00 0.000000000000000e+00 0.000000000000000e+00 0.000000000000000e+00 0.000000000000000e+00 0.000000000000000e+00 0.000000000000000e+00
 0.000000000000000e+00 0.000000000000000e+00 0.000000000000000e+00 0.000000000000000e+00 0.000000000000000e+00 0.000000000000000e+00 0.000000000000000e+00 0.000000000000000e+00 0.000000000000000e+00 0.000000000000000e+00
 0.000000000000000e+00 0.000000000000000e+00 0.000000000000000e+00 0.000000000000000e+00 0.000000000000000e+00 0.000000000000000e+00 0.000000000000000e+00 0.000000000000000e+00 0.000000000000000e+00 0.000000000000000e+00
 0.000000000000000e+00 0.000000000000000e+00 0.000000000000000e+00 0.000000000000000e+00 0.000000000000000e+00 0.000000000000000e+00 0.000000000000000e+00 0.000000000000000e+00 0.000000000000000e+00 0.000000000000000e+00
 0.000000000000000e+00 0.000000000000000e+00 0.000000000000000e+00 0.000000000000000e+00 0.000000000000000e+00 0.000000000000000e+00 0.000000000000000e+00 0.000000000000000e+00 0.000000000000000e+00 0.000000000000000e+00
 0.000000000000000e+00 0.000000000000000e+00 0.000000000000000e+00 0.000000000000000e+00 0.000000000000000e+00 0.000000000000000e+00 0.000000000000000e+00 0.000000000000000e+00 0.000000000000000e+00 0.000000000000000e+00
 0.000000000000000e+00 0.000000000000000e+00 0.000000000000000e+00 0.000000000000000e+00 0.000000000000000e+00 0.000000000000000e+00 0.000000000000000e+00 0.000000000000000e+00 0.000000000000000e+00 0.000000000000000e+00
 0.000000000000000e+00 0.000000000000000e+00 0.000000000000000e+00 0.000000000000000e+00 0.000000000000000e+00 0.000000000000000e+00 0.000000000000000e+00 0.000000000000000e+00 0.000000000000000e+00 0.000000000000000e+00
 0.000000000000000e+00 0.000000000000000e+00 0.000000000000000e+00 0.000000000000000e+00 0.000000000000000e+00 0.000000000000000e+00 0.000000000000000e+00 0.000000000000000e+00 0.000000000000000e+00 0.000000000000000e+00
 0.000000000000000e+00 0.000000000000000e+00 0.000000000000000e+00 0.000000000000000e+00 0.000000000000000e+00 0.000000000000000e+00 0.000000000000000e+00 0.000000000000000e+00 0.000000000000000e+00 0.000000000000000e+00
 0.000000000000000e+00 0.000000000000000e+00 0.000000000000000e+00 0.000000000000000e+00 0.000000000000000e+00 0.000000000000000e+00 0.000000000000000e+00 0.000000000000000e+00 0.000000000000000e+00 0.000000000000000e+00
 0.000000000000000e+00 0.000000000000000e+00 0.000000000000000e+00 0.000000000000000e+00 0.000000000000000e+00 0.000000000000000e+00 0.000000000000000e+00 0.000000000000000e+00 0.000000000000000e+00 0.000000000000000e+00
 0.000000000000000e+00 0.000000000000000e+00 0.000000000000000e+00 0.000000000000000e+00 0.000000000000000e+00 0.000000000000000e+00 0.000000000000000e+00 0.000000000000000e+00 0.000000000000000e+00 0.000000000000000e+00
 0.000000000000000e+00 0.000000000000000e+00 0.000000000000000e+00 0.000000000000000e+00 0.000000000000000e+00 0.000000000000000e+00 0.000000000000000e+00 0.000000000000000e+00 0.000000000000000e+00 0.000000000000000e+00
 0.000000000000000e+00 0.000000000000000e+00 0.000000000000000e+00 0.000000000000000e+00 0.000000000000000e+00 0.000000000000000e+00 0.000000000000000e+00 0.000000000000000e+00 0.000000000000000e+00 0.000000000000000e+00
 0.000000000000000e+00 0.000000000000000e+00 0.000000000000000e+00 0.000000000000000e+00 0.000000000000000e+00 0.000000000000000e+00 0.000000000000000e+00 0.000000000000000e+00 0.000000000000000e+00 0.000000000000000e+00
 0.000000000000000e+00 0.000000000000000e+00 0.000000000000000e+00 0.000000000000000e+00 0.000000000000000e+00 0.000000000000000e+00 0.000000000000000e+00 0.000000000000000e+00 0.000000000000000e+00 0.000000000000000e+00
 0.000000000000000e+00 0.000000000000000e+00 0.000000000000000e+00 0.000000000000000e+00 0.000000000000000e+00 0.000000000000000e+00 0.000000000000000e+00 0.000000000000000e+00 0.000000000000000e+00 0.000000000000000e+00
 0.000000000000000e+00 0.000000000000000e+00 0.000000000000000e+00 0.000000000000000e+00 0.000000000000000e+00 0.000000000000000e+00 0.000000000000000e+00 0.000000000000000e+00 0.000000000000000e+00 0.000000000000000e+00
 0.000000000000000e+00 0.000000000000000e+00 0.000000000000000e+00 0.000000000000000e+00 0.000000000000000e+00 0.000000000000000e+00 0.000000000000000e+00 0.000000000000000e+00 0.000000000000000e+00 0.000000000000000e+00
 0.000000000000000e+00 0.000000000000000e+00 0.000000000000000e+00 0.000000000000000e+00 0.000000000000000e+00 0.000000000000000e+00 0.000000000000000e+00 0.000000000000000e+00 0.000000000000000e+00 0.000000000000000e+00
 0.000000000000000e+00 0.000000000000000e+00 0.000000000000000e+00 0.000000000000000e+00 0.000000000000000e+00 0.000000000000000e+00 0.000000000000000e+00 0.000000000000000e+00 0.000000000000000e+00 0.000000000000000e+00
 0.000000000000000e+00 0.000000000000000e+00 0.000000000000000e+00 0.000000000000000e+00 0.000000000000000e+00 0.000000000000000e+00 0.000000000000000e+00 0.000000000000000e+00 0.000000000000000e+00 0.000000000000000e+00
 0.000000000000000e+00 0.000000000000000e+00 0.000000000000000e+00 0.000000000000000e+00 0.000000000000000e+00 0.000000000000000e+00 0.000000000000000e+00 0.000000000000000e+00 0.000000000000000e+00 0.000000000000000e+00
 0.000000000000000e+00 0.000000000000000e+00 0.000000000000000e+00 0.000000000000000e+00 0.000000000000000e+00 0.000000000000000e+00 0.000000000000000e+00 0.000000000000000e+00 0.000000000000000e+00 0.000000000000000e+00
 0.000000000000000e+00 0.000000000000000e+00 0.000000000000000e+00 0.000000000000000e+00 0.000000000000000e+00 0.000000000000000e+00 0.000000000000000e+00 0.000000000000000e+00 0.000000000000000e+00 0.000000000000000e+00
 0.000000000000000e+00 0.000000000000000e+00 0.000000000000000e+00 0.000000000000000e+00 0.000000000000000e+00 0.000000000000000e+00 0.000000000000000e+00 0.000000000000000e+00 0.000000000000000e+00 0.000000000000000e+00
 0.000000000000000e+00 0.000000000000000e+00 0.000000000000000e+00 0.000000000000000e+00 0.000000000000000e+00 0.000000000000000e+00 0.000000000000000e+00 0.000000000000000e+00 0.000000000000000e+00 0.000000000000000e+00
 0.000000000000000e+00 0.000000000000000e+00 0.000000000000000e+00 0.000000000000000e+00 0.000000000000000e+00 0.000000000000000e+00 0.000000000000000e+00 0.000000000000000e+00 0.000000000000000e+00 0.000000000000000e+00
 0.000000000000000e+00 0.000000000000000e+00 0.000000000000000e+00 0.000000000000000e+00 0.000000000000000e+00 0.000000000000000e+00 0.000000000000000e+00 0.000000000000000e+00 0.000000000000000e+00 0.000000000000000e+00
 0.000000000000000e+00 0.000000000000000e+00 0.000000000000000e+00 0.000000000000000e+00 0.000000000000000e+00 0.000000000000000e+00 0.000000000000000e+00 0.000000000000000e+00 0.000000000000000e+00 0.000000000000000e+00
 0.000000000000000e+00 0.000000000000000e+00 0.000000000000000e+00 0.000000000000000e+00 0.000000000000000e+00 0.000000000000000e+00 0.000000000000000e+00 0.000000000000000e+00 0.000000000000000e+00 0.000000000000000e+00
 0.000000000000000e+00 0.000000000000000e+00 0.000000000000000e+00 0.000000000000000e+00 0.000000000000000e+00 0.000000000000000e+00 0.000000000000000e+00 0.000000000000000e+00 0.000000000000000e+00 0.000000000000000e+00
 0.000000000000000e+00 0.000000000000000e+00 0.000000000000000e+00 0.000000000000000e+00 0.000000000000000e+00 0.000000000000000e+00 0.000000000000000e+00 0.000000000000000e+00 0.000000000000000e+00 0.000000000000000e+00
 0.000000000000000e+00 0.000000000000000e+00 0.000000000000000e+00 0.000000000000000e+00 0.000000000000000e+00 0.000000000000000e+00 0.000000000000000e+00 0.000000000000000e+00 0.000000000000000e+00 0.000000000000000e+00
 0.000000000000000e+00 0.000000000000000e+00 0.000000000000000e+00 0.000000000000000e+00 0.000000000000000e+00 0.000000000000000e+00 0.000000000000000e+00 0.000000000000000e+00 0.000000000000000e+00 0.000000000000000e+00
 0.000000000000000e+00 0.000000000000000e+00 0.000000000000000e+00 0.000000000000000e+00 0.000000000000000e+00 0.000000000000000e+00 0.000000000000000e+00 0.000000000000000e+00 0.000000000000000e+00 0.000000000000000e+00
 0.000000000000000e+00 0.000000000000000e+00 0.000000000000000e+00 0.000000000000000e+00 0.000000000000000e+00 0.000000000000000e+00 0.000000000000000e+00 0.000000000000000e+00 0.000000000000000e+00 0.000000000000000e+00
 0.000000000000000e+00 0.000000000000000e+00 0.000000000000000e+00 0.000000000000000e+00 0.000000000000000e+00 0.000000000000000e+00 0.000000000000000e+00 0.000000000000000e+00 0.000000000000000e+00 0.000000000000000e+00
 0.000000000000000e+00 0.000000000000000e+00 0.000000000000000e+00 0.000000000000000e+00 0.000000000000000e+00 0.000000000000000e+00 0.000000000000000e+00 0.000000000000000e+00 0.000000000000000e+00 0.000000000000000e+00
 0.000000000000000e+00 0.000000000000000e+00 0.000000000000000e+00 0.000000000000000e+00 0.000000000000000e+00 0.000000000000000e+00 0.000000000000000e+00 0.000000000000000e+00 0.000000000000000e+00 0.000000000000000e+00
 0.000000000000000e+00 0.000000000000000e+00 0.000000000000000e+00 0.000000000000000e+00 0.000000000000000e+00 0.000000000000000e+00 0.000000000000000e+00 0.000000000000000e+00 0.000000000000000e+00 0.000000000000000e+00
 0.000000000000000e+00 0.000000000000000e+00 0.000000000000000e+00 0.000000000000000e+00 0.000000000000000e+00 0.000000000000000e+00 0.000000000000000e+00 0.000000000000000e+00 0.000000000000000e+00 0.000000000000000e+00
 0.000000000000000e+00 0.000000000000000e+00 0.000000000000000e+00 0.000000000000000e+00 0.000000000000000e+00 0.000000000000000e+00 0.000000000000000e+00 0.000000000000000e+00 0.000000000000000e+00 0.000000000000000e+00
 0.000000000000000e+00 0.000000000000000e+00 0.000000000000000e+00 0.000000000000000e+00 0.000000000000000e+00 0.000000000000000e+00 0.000000000000000e+00 0.000000000000000e+00 0.000000000000000e+00 0.000000000000000e+00
 0.000000000000000e+00 0.000000000000000e+00 0.000000000000000e+00 0.000000000000000e+00 0.000000000000000e+00 0.000000000000000e+00 0.000000000000000e+00 0.000000000000000e+00 0.000000000000000e+00 0.000000000000000e+00
 0.000000000000000e+00 0.000000000000000e+00 0.000000000000000e+00 0.000000000000000e+00 0.000000000000000e+00 0.000000000000000e+00 0.000000000000000e+00 0.000000000000000e+00 0.000000000000000e+00 0.000000000000000e+00
 0.000000000000000e+00 0.000000000000000e+00 0.000000000000000e+00 0.000000000000000e+00 0.000000000000000e+00 0.000000000000000e+00 0.000000000000000e+00 0.000000000000000e+00 0.000000000000000e+00 0.000000000000000e+00
 0.000000000000000e+00 0.000000000000000e+00 0.000000000000000e+00 0.000000000000000e+00 0.000000000000000e+00 0.000000000000000e+00 0.000000000000000e+00 0.000000000000000e+00 0.000000000000000e+00 0.000000000000000e+00
 0.000000000000000e+00 0.000000000000000e+00 0.000000000000000e+00 0.000000000000000e+00 0.000000000000000e+00 0.000000000000000e+00 0.000000000000000e+00 0.000000000000000e+00 0.000000000000000e+00 0.000000000000000e+00
 0.000000000000000e+00 0.000000000000000e+00 0.000000000000000e+00 0.000000000000000e+00 0.000000000000000e+00 0.000000000000000e+00 0.000000000000000e+00 0.000000000000000e+00 0.000000000000000e+00 0.000000000000000e+00
 0.000000000000000e+00 0.000000000000000e+00 0.000000000000000e+00 0.000000000000000e+00 0.000000000000000e+00 0.000000000000000e+00 0.000000000000000e+00 0.000000000000000e+00 0.000000000000000e+00 0.000000000000000e+00
 0.000000000000000e+00 0.000000000000000e+00 0.000000000000000e+00 0.000000000000000e+00 0.000000000000000e+00 0.000000000000000e+00 0.000000000000000e+00 0.000000000000000e+00 0.000000000000000e+00 0.000000000000000e+00
 0.000000000000000e+00 0.000000000000000e+00 0.000000000000000e+00 0.000000000000000e+00 0.000000000000000e+00 0.000000000000000e+00 0.000000000000000e+00 0.000000000000000e+00 0.000000000000000e+00 0.000000000000000e+00
 0.000000000000000e+00 0.000000000000000e+00 0.000000000000000e+00 0.000000000000000e+00 0.000000000000000e+00 0.000000000000000e+00 0.000000000000000e+00 0.000000000000000e+00 0.000000000000000e+00 0.000000000000000e+00
 0.000000000000000e+00 0.000000000000000e+00 0.000000000000000e+00 0.000000000000000e+00 0.000000000000000e+00 0.000000000000000e+00 0.000000000000000e+00 0.000000000000000e+00 0.000000000000000e+00 0.000000000000000e+00
 0.000000000000000e+00 0.000000000000000e+00 0.000000000000000e+00 0.000000000000000e+00 0.000000000000000e+00 0.000000000000000e+00 0.000000000000000e+00 0.000000000000000e+00 0.000000000000000e+00 0.000000000000000e+00
 0.000000000000000e+00 0.000000000000000e+00 0.000000000000000e+00 0.000000000000000e+00 0.000000000000000e+00 0.000000000000000e+00 0.000000000000000e+00 0.000000000000000e+00 0.000000000000000e+00 0.000000000000000e+00
 0.000000000000000e+00 0.000000000000000e+00 0.000000000000000e+00 0.000000000000000e+00 0.000000000000000e+00 0.000000000000000e+00 0.000000000000000e+00 0.000000000000000e+00 0.000000000000000e+00 0.000000000000000e+00
 0.000000000000000e+00 0.000000000000000e+00 0.000000000000000e+00 0.000000000000000e+00 0.000000000000000e+00 0.000000000000000e+00 0.000000000000000e+00 0.000000000000000e+00 0.000000000000000e+00 0.000000000000000e+00
 0.000000000000000e+00 0.000000000000000e+00 0.000000000000000e+00 0.000000000000000e+00 0.000000000000000e+00 0.000000000000000e+00 0.000000000000000e+00 0.000000000000000e+00 0.000000000000000e+00 0.000000000000000e+00
 0.000000000000000e+00 0.000000000000000e+00 0.000000000000000e+00 0.000000000000000e+00 0.000000000000000e+00 0.000000000000000e+00 0.000000000000000e+00 0.000000000000000e+00 0.000000000000000e+00 0.000000000000000e+00
 0.000000000000000e+00 0.000000000000000e+00 0.000000000000000e+00 0.000000000000000e+00 0.000000000000000e+00 0.000000000000000e+00 0.000000000000000e+00 0.000000000000000e+00 0.000000000000000e+00 0.000000000000000e+00
 0.000000000000000e+00 0.000000000000000e+00 0.000000000000000e+00 0.000000000000000e+00 0.000000000000000e+00 0.000000000000000e+00 0.000000000000000e+00 0.000000000000000e+00 0.000000000000000e+00 0.000000000000000e+00
 0.000000000000000e+00 0.000000000000000e+00 0.000000000000000e+00 0.000000000000000e+00 0.000000000000000e+00 0.000000000000000e+00 0.000000000000000e+00 0.000000000000000e+00 0.000000000000000e+00 0.000000000000000e+00
 0.000000000000000e+00 0.000000000000000e+00 0.000000000000000e+00 0.000000000000000e+00 0.000000000000000e+00 0.000000000000000e+00 0.000000000000000e+00 0.000000000000000e+00 0.000000000000000e+00 0.000000000000000e+00
 0.000000000000000e+00 0.000000000000000e+00 0.000000000000000e+00 0.000000000000000e+00 0.000000000000000e+00 0.000000000000000e+00 0.000000000000000e+00 0.000000000000000e+00 0.000000000000000e+00 0.000000000000000e+00
 0.000000000000000e+00 0.000000000000000e+00 0.000000000000000e+00 0.000000000000000e+00 0.000000000000000e+00 0.000000000000000e+00 0.000000000000000e+00 0.000000000000000e+00 0.000000000000000e+00 0.000000000000000e+00
 0.000000000000000e+00 0.000000000000000e+00 0.000000000000000e+00 0.000000000000000e+00 0.000000000000000e+00 0.000000000000000e+00 0.000000000000000e+00 0.000000000000000e+00 0.000000000000000e+00 0.000000000000000e+00
 0.000000000000000e+00 0.000000000000000e+00 0.000000000000000e+00 0.000000000000000e+00 0.000000000000000e+00 0.000000000000000e+00 0.000000000000000e+00 0.000000000000000e+00 0.000000000000000e+00 0.000000000000000e+00
 0.000000000000000e+00 0.000000000000000e+00 0.000000000000000e+00 0.000000000000000e+00 0.000000000000000e+00 0.000000000000000e+00 0.000000000000000e+00 0.000000000000000e+00 0.000000000000000e+00 0.000000000000000e+00
 0.000000000000000e+00 0.000000000000000e+00 0.000000000000000e+00 0.000000000000000e+00 0.000000000000000e+00 0.000000000000000e+00 0.000000000000000e+00 0.000000000000000e+00 0.000000000000000e+00 0.000000000000000e+00
 0.000000000000000e+00 0.000000000000000e+00 0.000000000000000e+00 0.000000000000000e+00 0.000000000000000e+00 0.000000000000000e+00 0.000000000000000e+00 0.000000000000000e+00 0.000000000000000e+00 0.000000000000000e+00
 0.000000000000000e+00 0.000000000000000e+00 0.000000000000000e+00 0.000000000000000e+00 0.000000000000000e+00 0.000000000000000e+00 0.000000000000000e+00 0.000000000000000e+00 0.000000000000000e+00 0.000000000000000e+00
 0.000000000000000e+00 0.000000000000000e+00 0.000000000000000e+00 0.000000000000000e+00 0.000000000000000e+00 0.000000000000000e+00 0.000000000000000e+00 0.000000000000000e+00 0.000000000000000e+00 0.000000000000000e+00
 0.000000000000000e+00 0.000000000000000e+00 0.000000000000000e+00 0.000000000000000e+00 0.000000000000000e+00 0.000000000000000e+00 0.000000000000000e+00 0.000000000000000e+00 0.000000000000000e+00 0.000000000000000e+00
 0.000000000000000e+00 0.000000000000000e+00 0.000000000000000e+00 0.000000000000000e+00 0.000000000000000e+00 0.000000000000000e+00 0.000000000000000e+00 0.000000000000000e+00 0.000000000000000e+00 0.000000000000000e+00
 0.000000000000000e+00 0.000000000000000e+00 0.000000000000000e+00 0.000000000000000e+00 0.000000000000000e+00 0.000000000000000e+00 0.000000000000000e+00 0.000000000000000e+00 0.000000000000000e+00 0.000000000000000e+00
 0.000000000000000e+00 0.000000000000000e+00 0.000000000000000e+00 0.000000000000000e+00 0.000000000000000e+00 0.000000000000000e+00 0.000000000000000e+00 0.000000000000000e+00 0.000000000000000e+00 0.000000000000000e+00
 0.000000000000000e+00 0.000000000000000e+00 0.000000000000000e+00 0.000000000000000e+00 0.000000000000000e+00 0.000000000000000e+00 0.000000000000000e+00 0.000000000000000e+00 0.000000000000000e+00 0.000000000000000e+00
 0.000000000000000e+00 0.000000000000000e+00 0.000000000000000e+00 0.000000000000000e+00 0.000000000000000e+00 0.000000000000000e+00 0.000000000000000e+00 0.000000000000000e+00 0.000000000000000e+00 0.000000000000000e+00
 0.000000000000000e+00 0.000000000000000e+00 0.000000000000000e+00 0.000000000000000e+00 0.000000000000000e+00 0.000000000000000e+00 0.000000000000000e+00 0.000000000000000e+00 0.000000000000000e+00 0.000000000000000e+00
 0.000000000000000e+00 0.000000000000000e+00 0.000000000000000e+00 0.000000000000000e+00 0.000000000000000e+00 0.000000000000000e+00 0.000000000000000e+00 0.000000000000000e+00 0.000000000000000e+00 0.000000000000000e+00
 0.000000000000000e+00 0.000000000000000e+00 0.000000000000000e+00 0.000000000000000e+00 0.000000000000000e+00 0.000000000000000e+00 0.000000000000000e+00 0.000000000000000e+00 0.000000000000000e+00 0.000000000000000e+00
 0.000000000000000e+00 0.000000000000000e+00 0.000000000000000e+00 0.000000000000000e+00 0.000000000000000e+00 0.000000000000000e+00 0.000000000000000e+00 0.000000000000000e+00 0.000000000000000e+00 0.000000000000000e+00
 0.000000000000000e+00 0.000000000000000e+00 0.000000000000000e+00 0.000000000000000e+00 0.000000000000000e+00 0.000000000000000e+00 0.000000000000000e+00 0.000000000000000e+00 0.000000000000000e+00 0.000000000000000e+00
 0.000000000000000e+00 0.000000000000000e+00 0.000000000000000e+00 0.000000000000000e+00 0.000000000000000e+00 0.000000000000000e+00 0.000000000000000e+00 0.000000000000000e+00 0.000000000000000e+00 0.000000000000000e+00
 0.000000000000000e+00 0.000000000000000e+00 0.000000000000000e+00 0.000000000000000e+00 0.000000000000000e+00 0.000000000000000e+00 0.000000000000000e+00 0.000000000000000e+00 0.000000000000000e+00 0.000000000000000e+00
 0.000000000000000e+00 0.000000000000000e+00 0.000000000000000e+00 0.000000000000000e+00 0.000000000000000e+00 0.000000000000000e+00 0.000000000000000e+00 0.000000000000000e+00 0.000000000000000e+00 0.000000000000000e+00
 0.000000000000000e+00 0.000000000000000e+00 0.000000000000000e+00 0.000000000000000e+00 0.000000000000000e+00 0.000000000000000e+00 0.000000000000000e+00 0.000000000000000e+00 0.000000000000000e+00 0.000000000000000e+00
 0.000000000000000e+00 0.000000000000000e+00 0.000000000000000e+00 0.000000000000000e+00 0.000000000000000e+00 0.000000000000000e+00 0.000000000000000e+00 0.000000000000000e+00 0.000000000000000e+00 0.000000000000000e+00
 0.000000000000000e+00 0.000000000000000e+00 0.000000000000000e+00 0.000000000000000e+00 0.000000000000000e+00 0.000000000000000e+00 0.000000000000000e+00 0.000000000000000e+00 0.000000000000000e+00 0.000000000000000e+00

    }
  }

  Dataset ("AluminumActiveConcentration") {
    function  = AluminumActiveConcentration
    type      = scalar
    dimension = 1
    location  = vertex
    validity  = [ "i_layer" ]
    Values (4420) {
 1.000000000000005e+19 0.000000000000000e+00 0.000000000000000e+00 1.000000000000005e+19 0.000000000000000e+00 0.000000000000000e+00 0.000000000000000e+00 0.000000000000000e+00 0.000000000000000e+00 0.000000000000000e+00
 0.000000000000000e+00 0.000000000000000e+00 0.000000000000000e+00 0.000000000000000e+00 0.000000000000000e+00 0.000000000000000e+00 0.000000000000000e+00 0.000000000000000e+00 0.000000000000000e+00 0.000000000000000e+00
 0.000000000000000e+00 0.000000000000000e+00 0.000000000000000e+00 0.000000000000000e+00 0.000000000000000e+00 0.000000000000000e+00 0.000000000000000e+00 0.000000000000000e+00 0.000000000000000e+00 0.000000000000000e+00
 0.000000000000000e+00 0.000000000000000e+00 0.000000000000000e+00 0.000000000000000e+00 0.000000000000000e+00 0.000000000000000e+00 0.000000000000000e+00 0.000000000000000e+00 0.000000000000000e+00 0.000000000000000e+00
 0.000000000000000e+00 0.000000000000000e+00 0.000000000000000e+00 0.000000000000000e+00 0.000000000000000e+00 0.000000000000000e+00 0.000000000000000e+00 0.000000000000000e+00 0.000000000000000e+00 0.000000000000000e+00
 0.000000000000000e+00 0.000000000000000e+00 0.000000000000000e+00 0.000000000000000e+00 0.000000000000000e+00 0.000000000000000e+00 0.000000000000000e+00 0.000000000000000e+00 0.000000000000000e+00 0.000000000000000e+00
 0.000000000000000e+00 0.000000000000000e+00 0.000000000000000e+00 0.000000000000000e+00 0.000000000000000e+00 0.000000000000000e+00 0.000000000000000e+00 0.000000000000000e+00 0.000000000000000e+00 0.000000000000000e+00
 0.000000000000000e+00 0.000000000000000e+00 0.000000000000000e+00 0.000000000000000e+00 0.000000000000000e+00 0.000000000000000e+00 0.000000000000000e+00 0.000000000000000e+00 0.000000000000000e+00 0.000000000000000e+00
 0.000000000000000e+00 0.000000000000000e+00 0.000000000000000e+00 0.000000000000000e+00 0.000000000000000e+00 0.000000000000000e+00 0.000000000000000e+00 0.000000000000000e+00 0.000000000000000e+00 0.000000000000000e+00
 0.000000000000000e+00 0.000000000000000e+00 0.000000000000000e+00 0.000000000000000e+00 0.000000000000000e+00 0.000000000000000e+00 0.000000000000000e+00 0.000000000000000e+00 0.000000000000000e+00 0.000000000000000e+00
 0.000000000000000e+00 0.000000000000000e+00 0.000000000000000e+00 0.000000000000000e+00 1.000000000000005e+19 0.000000000000000e+00 1.000000000000005e+19 0.000000000000000e+00 0.000000000000000e+00 0.000000000000000e+00
 0.000000000000000e+00 0.000000000000000e+00 0.000000000000000e+00 0.000000000000000e+00 0.000000000000000e+00 0.000000000000000e+00 0.000000000000000e+00 0.000000000000000e+00 0.000000000000000e+00 0.000000000000000e+00
 0.000000000000000e+00 0.000000000000000e+00 0.000000000000000e+00 0.000000000000000e+00 0.000000000000000e+00 0.000000000000000e+00 0.000000000000000e+00 0.000000000000000e+00 0.000000000000000e+00 0.000000000000000e+00
 0.000000000000000e+00 0.000000000000000e+00 0.000000000000000e+00 0.000000000000000e+00 0.000000000000000e+00 0.000000000000000e+00 0.000000000000000e+00 0.000000000000000e+00 0.000000000000000e+00 0.000000000000000e+00
 0.000000000000000e+00 0.000000000000000e+00 0.000000000000000e+00 0.000000000000000e+00 0.000000000000000e+00 0.000000000000000e+00 0.000000000000000e+00 0.000000000000000e+00 0.000000000000000e+00 0.000000000000000e+00
 0.000000000000000e+00 0.000000000000000e+00 0.000000000000000e+00 0.000000000000000e+00 0.000000000000000e+00 0.000000000000000e+00 0.000000000000000e+00 0.000000000000000e+00 0.000000000000000e+00 0.000000000000000e+00
 0.000000000000000e+00 0.000000000000000e+00 0.000000000000000e+00 0.000000000000000e+00 0.000000000000000e+00 0.000000000000000e+00 0.000000000000000e+00 0.000000000000000e+00 0.000000000000000e+00 0.000000000000000e+00
 0.000000000000000e+00 0.000000000000000e+00 0.000000000000000e+00 0.000000000000000e+00 1.000000000000005e+19 0.000000000000000e+00 1.000000000000005e+19 0.000000000000000e+00 0.000000000000000e+00 0.000000000000000e+00
 0.000000000000000e+00 0.000000000000000e+00 0.000000000000000e+00 0.000000000000000e+00 0.000000000000000e+00 0.000000000000000e+00 0.000000000000000e+00 0.000000000000000e+00 0.000000000000000e+00 0.000000000000000e+00
 0.000000000000000e+00 0.000000000000000e+00 0.000000000000000e+00 0.000000000000000e+00 0.000000000000000e+00 0.000000000000000e+00 0.000000000000000e+00 0.000000000000000e+00 0.000000000000000e+00 0.000000000000000e+00
 0.000000000000000e+00 0.000000000000000e+00 0.000000000000000e+00 0.000000000000000e+00 0.000000000000000e+00 0.000000000000000e+00 0.000000000000000e+00 0.000000000000000e+00 0.000000000000000e+00 0.000000000000000e+00
 0.000000000000000e+00 0.000000000000000e+00 0.000000000000000e+00 0.000000000000000e+00 0.000000000000000e+00 0.000000000000000e+00 0.000000000000000e+00 0.000000000000000e+00 0.000000000000000e+00 0.000000000000000e+00
 0.000000000000000e+00 0.000000000000000e+00 0.000000000000000e+00 0.000000000000000e+00 0.000000000000000e+00 0.000000000000000e+00 0.000000000000000e+00 0.000000000000000e+00 0.000000000000000e+00 0.000000000000000e+00
 0.000000000000000e+00 0.000000000000000e+00 0.000000000000000e+00 0.000000000000000e+00 0.000000000000000e+00 0.000000000000000e+00 0.000000000000000e+00 0.000000000000000e+00 0.000000000000000e+00 0.000000000000000e+00
 0.000000000000000e+00 0.000000000000000e+00 0.000000000000000e+00 0.000000000000000e+00 1.000000000000005e+19 0.000000000000000e+00 1.000000000000005e+19 0.000000000000000e+00 0.000000000000000e+00 0.000000000000000e+00
 0.000000000000000e+00 0.000000000000000e+00 0.000000000000000e+00 0.000000000000000e+00 0.000000000000000e+00 0.000000000000000e+00 0.000000000000000e+00 0.000000000000000e+00 0.000000000000000e+00 0.000000000000000e+00
 0.000000000000000e+00 0.000000000000000e+00 0.000000000000000e+00 0.000000000000000e+00 0.000000000000000e+00 0.000000000000000e+00 0.000000000000000e+00 0.000000000000000e+00 0.000000000000000e+00 0.000000000000000e+00
 0.000000000000000e+00 0.000000000000000e+00 0.000000000000000e+00 0.000000000000000e+00 0.000000000000000e+00 0.000000000000000e+00 0.000000000000000e+00 0.000000000000000e+00 0.000000000000000e+00 0.000000000000000e+00
 0.000000000000000e+00 0.000000000000000e+00 0.000000000000000e+00 0.000000000000000e+00 0.000000000000000e+00 0.000000000000000e+00 0.000000000000000e+00 0.000000000000000e+00 0.000000000000000e+00 0.000000000000000e+00
 0.000000000000000e+00 0.000000000000000e+00 0.000000000000000e+00 0.000000000000000e+00 0.000000000000000e+00 0.000000000000000e+00 0.000000000000000e+00 0.000000000000000e+00 0.000000000000000e+00 0.000000000000000e+00
 0.000000000000000e+00 0.000000000000000e+00 0.000000000000000e+00 0.000000000000000e+00 0.000000000000000e+00 0.000000000000000e+00 0.000000000000000e+00 0.000000000000000e+00 0.000000000000000e+00 0.000000000000000e+00
 0.000000000000000e+00 0.000000000000000e+00 0.000000000000000e+00 0.000000000000000e+00 1.000000000000005e+19 0.000000000000000e+00 1.000000000000005e+19 0.000000000000000e+00 0.000000000000000e+00 0.000000000000000e+00
 0.000000000000000e+00 0.000000000000000e+00 0.000000000000000e+00 0.000000000000000e+00 0.000000000000000e+00 0.000000000000000e+00 0.000000000000000e+00 0.000000000000000e+00 0.000000000000000e+00 0.000000000000000e+00
 0.000000000000000e+00 0.000000000000000e+00 0.000000000000000e+00 0.000000000000000e+00 0.000000000000000e+00 0.000000000000000e+00 0.000000000000000e+00 0.000000000000000e+00 0.000000000000000e+00 0.000000000000000e+00
 0.000000000000000e+00 0.000000000000000e+00 0.000000000000000e+00 0.000000000000000e+00 0.000000000000000e+00 0.000000000000000e+00 0.000000000000000e+00 0.000000000000000e+00 0.000000000000000e+00 0.000000000000000e+00
 0.000000000000000e+00 0.000000000000000e+00 0.000000000000000e+00 0.000000000000000e+00 0.000000000000000e+00 0.000000000000000e+00 0.000000000000000e+00 0.000000000000000e+00 0.000000000000000e+00 0.000000000000000e+00
 0.000000000000000e+00 0.000000000000000e+00 0.000000000000000e+00 0.000000000000000e+00 0.000000000000000e+00 0.000000000000000e+00 0.000000000000000e+00 0.000000000000000e+00 0.000000000000000e+00 0.000000000000000e+00
 0.000000000000000e+00 0.000000000000000e+00 0.000000000000000e+00 0.000000000000000e+00 0.000000000000000e+00 0.000000000000000e+00 0.000000000000000e+00 0.000000000000000e+00 0.000000000000000e+00 0.000000000000000e+00
 0.000000000000000e+00 0.000000000000000e+00 0.000000000000000e+00 0.000000000000000e+00 1.000000000000005e+19 0.000000000000000e+00 1.000000000000005e+19 0.000000000000000e+00 0.000000000000000e+00 0.000000000000000e+00
 0.000000000000000e+00 0.000000000000000e+00 0.000000000000000e+00 0.000000000000000e+00 0.000000000000000e+00 0.000000000000000e+00 0.000000000000000e+00 0.000000000000000e+00 0.000000000000000e+00 0.000000000000000e+00
 0.000000000000000e+00 0.000000000000000e+00 0.000000000000000e+00 0.000000000000000e+00 0.000000000000000e+00 0.000000000000000e+00 0.000000000000000e+00 0.000000000000000e+00 0.000000000000000e+00 0.000000000000000e+00
 0.000000000000000e+00 0.000000000000000e+00 0.000000000000000e+00 0.000000000000000e+00 0.000000000000000e+00 0.000000000000000e+00 0.000000000000000e+00 0.000000000000000e+00 0.000000000000000e+00 0.000000000000000e+00
 0.000000000000000e+00 0.000000000000000e+00 0.000000000000000e+00 0.000000000000000e+00 0.000000000000000e+00 0.000000000000000e+00 0.000000000000000e+00 0.000000000000000e+00 0.000000000000000e+00 0.000000000000000e+00
 0.000000000000000e+00 0.000000000000000e+00 0.000000000000000e+00 0.000000000000000e+00 0.000000000000000e+00 0.000000000000000e+00 0.000000000000000e+00 0.000000000000000e+00 0.000000000000000e+00 0.000000000000000e+00
 0.000000000000000e+00 0.000000000000000e+00 0.000000000000000e+00 0.000000000000000e+00 0.000000000000000e+00 0.000000000000000e+00 0.000000000000000e+00 0.000000000000000e+00 0.000000000000000e+00 0.000000000000000e+00
 0.000000000000000e+00 0.000000000000000e+00 0.000000000000000e+00 0.000000000000000e+00 1.000000000000005e+19 0.000000000000000e+00 1.000000000000005e+19 0.000000000000000e+00 0.000000000000000e+00 0.000000000000000e+00
 0.000000000000000e+00 0.000000000000000e+00 0.000000000000000e+00 0.000000000000000e+00 0.000000000000000e+00 0.000000000000000e+00 0.000000000000000e+00 0.000000000000000e+00 0.000000000000000e+00 0.000000000000000e+00
 0.000000000000000e+00 0.000000000000000e+00 0.000000000000000e+00 0.000000000000000e+00 0.000000000000000e+00 0.000000000000000e+00 0.000000000000000e+00 0.000000000000000e+00 0.000000000000000e+00 0.000000000000000e+00
 0.000000000000000e+00 0.000000000000000e+00 0.000000000000000e+00 0.000000000000000e+00 0.000000000000000e+00 0.000000000000000e+00 0.000000000000000e+00 0.000000000000000e+00 0.000000000000000e+00 0.000000000000000e+00
 0.000000000000000e+00 0.000000000000000e+00 0.000000000000000e+00 0.000000000000000e+00 0.000000000000000e+00 0.000000000000000e+00 0.000000000000000e+00 0.000000000000000e+00 0.000000000000000e+00 0.000000000000000e+00
 0.000000000000000e+00 0.000000000000000e+00 0.000000000000000e+00 0.000000000000000e+00 0.000000000000000e+00 0.000000000000000e+00 0.000000000000000e+00 0.000000000000000e+00 0.000000000000000e+00 0.000000000000000e+00
 0.000000000000000e+00 0.000000000000000e+00 0.000000000000000e+00 0.000000000000000e+00 0.000000000000000e+00 0.000000000000000e+00 0.000000000000000e+00 0.000000000000000e+00 0.000000000000000e+00 0.000000000000000e+00
 0.000000000000000e+00 0.000000000000000e+00 0.000000000000000e+00 0.000000000000000e+00 1.000000000000005e+19 0.000000000000000e+00 1.000000000000005e+19 0.000000000000000e+00 0.000000000000000e+00 0.000000000000000e+00
 0.000000000000000e+00 0.000000000000000e+00 0.000000000000000e+00 0.000000000000000e+00 0.000000000000000e+00 0.000000000000000e+00 0.000000000000000e+00 0.000000000000000e+00 0.000000000000000e+00 0.000000000000000e+00
 0.000000000000000e+00 0.000000000000000e+00 0.000000000000000e+00 0.000000000000000e+00 0.000000000000000e+00 0.000000000000000e+00 0.000000000000000e+00 0.000000000000000e+00 0.000000000000000e+00 0.000000000000000e+00
 0.000000000000000e+00 0.000000000000000e+00 0.000000000000000e+00 0.000000000000000e+00 0.000000000000000e+00 0.000000000000000e+00 0.000000000000000e+00 0.000000000000000e+00 0.000000000000000e+00 0.000000000000000e+00
 0.000000000000000e+00 0.000000000000000e+00 0.000000000000000e+00 0.000000000000000e+00 0.000000000000000e+00 0.000000000000000e+00 0.000000000000000e+00 0.000000000000000e+00 0.000000000000000e+00 0.000000000000000e+00
 0.000000000000000e+00 0.000000000000000e+00 0.000000000000000e+00 0.000000000000000e+00 0.000000000000000e+00 0.000000000000000e+00 0.000000000000000e+00 0.000000000000000e+00 0.000000000000000e+00 0.000000000000000e+00
 0.000000000000000e+00 0.000000000000000e+00 0.000000000000000e+00 0.000000000000000e+00 0.000000000000000e+00 0.000000000000000e+00 0.000000000000000e+00 0.000000000000000e+00 0.000000000000000e+00 0.000000000000000e+00
 0.000000000000000e+00 0.000000000000000e+00 0.000000000000000e+00 0.000000000000000e+00 1.000000000000005e+19 0.000000000000000e+00 1.000000000000005e+19 0.000000000000000e+00 0.000000000000000e+00 0.000000000000000e+00
 0.000000000000000e+00 0.000000000000000e+00 0.000000000000000e+00 0.000000000000000e+00 0.000000000000000e+00 0.000000000000000e+00 0.000000000000000e+00 0.000000000000000e+00 0.000000000000000e+00 0.000000000000000e+00
 0.000000000000000e+00 0.000000000000000e+00 0.000000000000000e+00 0.000000000000000e+00 0.000000000000000e+00 0.000000000000000e+00 0.000000000000000e+00 0.000000000000000e+00 0.000000000000000e+00 0.000000000000000e+00
 0.000000000000000e+00 0.000000000000000e+00 0.000000000000000e+00 0.000000000000000e+00 0.000000000000000e+00 0.000000000000000e+00 0.000000000000000e+00 0.000000000000000e+00 0.000000000000000e+00 0.000000000000000e+00
 0.000000000000000e+00 0.000000000000000e+00 0.000000000000000e+00 0.000000000000000e+00 0.000000000000000e+00 0.000000000000000e+00 0.000000000000000e+00 0.000000000000000e+00 0.000000000000000e+00 0.000000000000000e+00
 0.000000000000000e+00 0.000000000000000e+00 0.000000000000000e+00 0.000000000000000e+00 0.000000000000000e+00 0.000000000000000e+00 0.000000000000000e+00 0.000000000000000e+00 0.000000000000000e+00 0.000000000000000e+00
 0.000000000000000e+00 0.000000000000000e+00 0.000000000000000e+00 0.000000000000000e+00 0.000000000000000e+00 0.000000000000000e+00 0.000000000000000e+00 0.000000000000000e+00 0.000000000000000e+00 0.000000000000000e+00
 0.000000000000000e+00 0.000000000000000e+00 0.000000000000000e+00 0.000000000000000e+00 1.000000000000005e+19 0.000000000000000e+00 1.000000000000005e+19 0.000000000000000e+00 0.000000000000000e+00 0.000000000000000e+00
 0.000000000000000e+00 0.000000000000000e+00 0.000000000000000e+00 0.000000000000000e+00 0.000000000000000e+00 0.000000000000000e+00 0.000000000000000e+00 0.000000000000000e+00 0.000000000000000e+00 0.000000000000000e+00
 0.000000000000000e+00 0.000000000000000e+00 0.000000000000000e+00 0.000000000000000e+00 0.000000000000000e+00 0.000000000000000e+00 0.000000000000000e+00 0.000000000000000e+00 0.000000000000000e+00 0.000000000000000e+00
 0.000000000000000e+00 0.000000000000000e+00 0.000000000000000e+00 0.000000000000000e+00 0.000000000000000e+00 0.000000000000000e+00 0.000000000000000e+00 0.000000000000000e+00 0.000000000000000e+00 0.000000000000000e+00
 0.000000000000000e+00 0.000000000000000e+00 0.000000000000000e+00 0.000000000000000e+00 0.000000000000000e+00 0.000000000000000e+00 0.000000000000000e+00 0.000000000000000e+00 0.000000000000000e+00 0.000000000000000e+00
 0.000000000000000e+00 0.000000000000000e+00 0.000000000000000e+00 0.000000000000000e+00 0.000000000000000e+00 0.000000000000000e+00 0.000000000000000e+00 0.000000000000000e+00 0.000000000000000e+00 0.000000000000000e+00
 0.000000000000000e+00 0.000000000000000e+00 0.000000000000000e+00 0.000000000000000e+00 0.000000000000000e+00 0.000000000000000e+00 0.000000000000000e+00 0.000000000000000e+00 0.000000000000000e+00 0.000000000000000e+00
 0.000000000000000e+00 0.000000000000000e+00 0.000000000000000e+00 0.000000000000000e+00 1.000000000000005e+19 0.000000000000000e+00 1.000000000000005e+19 0.000000000000000e+00 0.000000000000000e+00 0.000000000000000e+00
 0.000000000000000e+00 0.000000000000000e+00 0.000000000000000e+00 0.000000000000000e+00 0.000000000000000e+00 0.000000000000000e+00 0.000000000000000e+00 0.000000000000000e+00 0.000000000000000e+00 0.000000000000000e+00
 0.000000000000000e+00 0.000000000000000e+00 0.000000000000000e+00 0.000000000000000e+00 0.000000000000000e+00 0.000000000000000e+00 0.000000000000000e+00 0.000000000000000e+00 0.000000000000000e+00 0.000000000000000e+00
 0.000000000000000e+00 0.000000000000000e+00 0.000000000000000e+00 0.000000000000000e+00 0.000000000000000e+00 0.000000000000000e+00 0.000000000000000e+00 0.000000000000000e+00 0.000000000000000e+00 0.000000000000000e+00
 0.000000000000000e+00 0.000000000000000e+00 0.000000000000000e+00 0.000000000000000e+00 0.000000000000000e+00 0.000000000000000e+00 0.000000000000000e+00 0.000000000000000e+00 0.000000000000000e+00 0.000000000000000e+00
 0.000000000000000e+00 0.000000000000000e+00 0.000000000000000e+00 0.000000000000000e+00 0.000000000000000e+00 0.000000000000000e+00 0.000000000000000e+00 0.000000000000000e+00 0.000000000000000e+00 0.000000000000000e+00
 0.000000000000000e+00 0.000000000000000e+00 0.000000000000000e+00 0.000000000000000e+00 0.000000000000000e+00 0.000000000000000e+00 0.000000000000000e+00 0.000000000000000e+00 0.000000000000000e+00 0.000000000000000e+00
 0.000000000000000e+00 0.000000000000000e+00 0.000000000000000e+00 0.000000000000000e+00 1.000000000000005e+19 0.000000000000000e+00 1.000000000000005e+19 0.000000000000000e+00 0.000000000000000e+00 0.000000000000000e+00
 0.000000000000000e+00 0.000000000000000e+00 0.000000000000000e+00 0.000000000000000e+00 0.000000000000000e+00 0.000000000000000e+00 0.000000000000000e+00 0.000000000000000e+00 0.000000000000000e+00 0.000000000000000e+00
 0.000000000000000e+00 0.000000000000000e+00 0.000000000000000e+00 0.000000000000000e+00 0.000000000000000e+00 0.000000000000000e+00 0.000000000000000e+00 0.000000000000000e+00 0.000000000000000e+00 0.000000000000000e+00
 0.000000000000000e+00 0.000000000000000e+00 0.000000000000000e+00 0.000000000000000e+00 0.000000000000000e+00 0.000000000000000e+00 0.000000000000000e+00 0.000000000000000e+00 0.000000000000000e+00 0.000000000000000e+00
 0.000000000000000e+00 0.000000000000000e+00 0.000000000000000e+00 0.000000000000000e+00 0.000000000000000e+00 0.000000000000000e+00 0.000000000000000e+00 0.000000000000000e+00 0.000000000000000e+00 0.000000000000000e+00
 0.000000000000000e+00 0.000000000000000e+00 0.000000000000000e+00 0.000000000000000e+00 0.000000000000000e+00 0.000000000000000e+00 0.000000000000000e+00 0.000000000000000e+00 0.000000000000000e+00 0.000000000000000e+00
 0.000000000000000e+00 0.000000000000000e+00 0.000000000000000e+00 0.000000000000000e+00 0.000000000000000e+00 0.000000000000000e+00 0.000000000000000e+00 0.000000000000000e+00 0.000000000000000e+00 0.000000000000000e+00
 0.000000000000000e+00 0.000000000000000e+00 0.000000000000000e+00 0.000000000000000e+00 1.000000000000005e+19 0.000000000000000e+00 1.000000000000005e+19 0.000000000000000e+00 0.000000000000000e+00 0.000000000000000e+00
 0.000000000000000e+00 0.000000000000000e+00 0.000000000000000e+00 0.000000000000000e+00 0.000000000000000e+00 0.000000000000000e+00 0.000000000000000e+00 0.000000000000000e+00 0.000000000000000e+00 0.000000000000000e+00
 0.000000000000000e+00 0.000000000000000e+00 0.000000000000000e+00 0.000000000000000e+00 0.000000000000000e+00 0.000000000000000e+00 0.000000000000000e+00 0.000000000000000e+00 0.000000000000000e+00 0.000000000000000e+00
 0.000000000000000e+00 0.000000000000000e+00 0.000000000000000e+00 0.000000000000000e+00 0.000000000000000e+00 0.000000000000000e+00 0.000000000000000e+00 0.000000000000000e+00 0.000000000000000e+00 0.000000000000000e+00
 0.000000000000000e+00 0.000000000000000e+00 0.000000000000000e+00 0.000000000000000e+00 0.000000000000000e+00 0.000000000000000e+00 0.000000000000000e+00 0.000000000000000e+00 0.000000000000000e+00 0.000000000000000e+00
 0.000000000000000e+00 0.000000000000000e+00 0.000000000000000e+00 0.000000000000000e+00 0.000000000000000e+00 0.000000000000000e+00 0.000000000000000e+00 0.000000000000000e+00 0.000000000000000e+00 0.000000000000000e+00
 0.000000000000000e+00 0.000000000000000e+00 0.000000000000000e+00 0.000000000000000e+00 0.000000000000000e+00 0.000000000000000e+00 0.000000000000000e+00 0.000000000000000e+00 0.000000000000000e+00 0.000000000000000e+00
 0.000000000000000e+00 0.000000000000000e+00 0.000000000000000e+00 0.000000000000000e+00 1.000000000000005e+19 0.000000000000000e+00 1.000000000000005e+19 0.000000000000000e+00 0.000000000000000e+00 0.000000000000000e+00
 0.000000000000000e+00 0.000000000000000e+00 0.000000000000000e+00 0.000000000000000e+00 0.000000000000000e+00 0.000000000000000e+00 0.000000000000000e+00 0.000000000000000e+00 0.000000000000000e+00 0.000000000000000e+00
 0.000000000000000e+00 0.000000000000000e+00 0.000000000000000e+00 0.000000000000000e+00 0.000000000000000e+00 0.000000000000000e+00 0.000000000000000e+00 0.000000000000000e+00 0.000000000000000e+00 0.000000000000000e+00
 0.000000000000000e+00 0.000000000000000e+00 0.000000000000000e+00 0.000000000000000e+00 0.000000000000000e+00 0.000000000000000e+00 0.000000000000000e+00 0.000000000000000e+00 0.000000000000000e+00 0.000000000000000e+00
 0.000000000000000e+00 0.000000000000000e+00 0.000000000000000e+00 0.000000000000000e+00 0.000000000000000e+00 0.000000000000000e+00 0.000000000000000e+00 0.000000000000000e+00 0.000000000000000e+00 0.000000000000000e+00
 0.000000000000000e+00 0.000000000000000e+00 0.000000000000000e+00 0.000000000000000e+00 0.000000000000000e+00 0.000000000000000e+00 0.000000000000000e+00 0.000000000000000e+00 0.000000000000000e+00 0.000000000000000e+00
 0.000000000000000e+00 0.000000000000000e+00 0.000000000000000e+00 0.000000000000000e+00 0.000000000000000e+00 0.000000000000000e+00 0.000000000000000e+00 0.000000000000000e+00 0.000000000000000e+00 0.000000000000000e+00
 0.000000000000000e+00 0.000000000000000e+00 0.000000000000000e+00 0.000000000000000e+00 1.000000000000005e+19 0.000000000000000e+00 1.000000000000005e+19 0.000000000000000e+00 0.000000000000000e+00 0.000000000000000e+00
 0.000000000000000e+00 0.000000000000000e+00 0.000000000000000e+00 0.000000000000000e+00 0.000000000000000e+00 0.000000000000000e+00 0.000000000000000e+00 0.000000000000000e+00 0.000000000000000e+00 0.000000000000000e+00
 0.000000000000000e+00 0.000000000000000e+00 0.000000000000000e+00 0.000000000000000e+00 0.000000000000000e+00 0.000000000000000e+00 0.000000000000000e+00 0.000000000000000e+00 0.000000000000000e+00 0.000000000000000e+00
 0.000000000000000e+00 0.000000000000000e+00 0.000000000000000e+00 0.000000000000000e+00 0.000000000000000e+00 0.000000000000000e+00 0.000000000000000e+00 0.000000000000000e+00 0.000000000000000e+00 0.000000000000000e+00
 0.000000000000000e+00 0.000000000000000e+00 0.000000000000000e+00 0.000000000000000e+00 0.000000000000000e+00 0.000000000000000e+00 0.000000000000000e+00 0.000000000000000e+00 0.000000000000000e+00 0.000000000000000e+00
 0.000000000000000e+00 0.000000000000000e+00 0.000000000000000e+00 0.000000000000000e+00 0.000000000000000e+00 0.000000000000000e+00 0.000000000000000e+00 0.000000000000000e+00 0.000000000000000e+00 0.000000000000000e+00
 0.000000000000000e+00 0.000000000000000e+00 0.000000000000000e+00 0.000000000000000e+00 0.000000000000000e+00 0.000000000000000e+00 0.000000000000000e+00 0.000000000000000e+00 0.000000000000000e+00 0.000000000000000e+00
 0.000000000000000e+00 0.000000000000000e+00 0.000000000000000e+00 0.000000000000000e+00 1.000000000000005e+19 0.000000000000000e+00 1.000000000000005e+19 0.000000000000000e+00 0.000000000000000e+00 0.000000000000000e+00
 0.000000000000000e+00 0.000000000000000e+00 0.000000000000000e+00 0.000000000000000e+00 0.000000000000000e+00 0.000000000000000e+00 0.000000000000000e+00 0.000000000000000e+00 0.000000000000000e+00 0.000000000000000e+00
 0.000000000000000e+00 0.000000000000000e+00 0.000000000000000e+00 0.000000000000000e+00 0.000000000000000e+00 0.000000000000000e+00 0.000000000000000e+00 0.000000000000000e+00 0.000000000000000e+00 0.000000000000000e+00
 0.000000000000000e+00 0.000000000000000e+00 0.000000000000000e+00 0.000000000000000e+00 0.000000000000000e+00 0.000000000000000e+00 0.000000000000000e+00 0.000000000000000e+00 0.000000000000000e+00 0.000000000000000e+00
 0.000000000000000e+00 0.000000000000000e+00 0.000000000000000e+00 0.000000000000000e+00 0.000000000000000e+00 0.000000000000000e+00 0.000000000000000e+00 0.000000000000000e+00 0.000000000000000e+00 0.000000000000000e+00
 0.000000000000000e+00 0.000000000000000e+00 0.000000000000000e+00 0.000000000000000e+00 0.000000000000000e+00 0.000000000000000e+00 0.000000000000000e+00 0.000000000000000e+00 0.000000000000000e+00 0.000000000000000e+00
 0.000000000000000e+00 0.000000000000000e+00 0.000000000000000e+00 0.000000000000000e+00 0.000000000000000e+00 0.000000000000000e+00 0.000000000000000e+00 0.000000000000000e+00 0.000000000000000e+00 0.000000000000000e+00
 0.000000000000000e+00 0.000000000000000e+00 0.000000000000000e+00 0.000000000000000e+00 0.000000000000000e+00 0.000000000000000e+00 0.000000000000000e+00 0.000000000000000e+00 0.000000000000000e+00 0.000000000000000e+00
 0.000000000000000e+00 0.000000000000000e+00 0.000000000000000e+00 0.000000000000000e+00 0.000000000000000e+00 0.000000000000000e+00 0.000000000000000e+00 0.000000000000000e+00 0.000000000000000e+00 0.000000000000000e+00
 0.000000000000000e+00 0.000000000000000e+00 0.000000000000000e+00 0.000000000000000e+00 0.000000000000000e+00 0.000000000000000e+00 0.000000000000000e+00 0.000000000000000e+00 0.000000000000000e+00 0.000000000000000e+00
 0.000000000000000e+00 0.000000000000000e+00 0.000000000000000e+00 0.000000000000000e+00 0.000000000000000e+00 0.000000000000000e+00 0.000000000000000e+00 0.000000000000000e+00 0.000000000000000e+00 0.000000000000000e+00
 0.000000000000000e+00 0.000000000000000e+00 0.000000000000000e+00 0.000000000000000e+00 0.000000000000000e+00 0.000000000000000e+00 0.000000000000000e+00 0.000000000000000e+00 0.000000000000000e+00 0.000000000000000e+00
 0.000000000000000e+00 0.000000000000000e+00 0.000000000000000e+00 0.000000000000000e+00 0.000000000000000e+00 0.000000000000000e+00 0.000000000000000e+00 0.000000000000000e+00 0.000000000000000e+00 0.000000000000000e+00
 0.000000000000000e+00 0.000000000000000e+00 0.000000000000000e+00 0.000000000000000e+00 0.000000000000000e+00 0.000000000000000e+00 0.000000000000000e+00 0.000000000000000e+00 0.000000000000000e+00 0.000000000000000e+00
 0.000000000000000e+00 0.000000000000000e+00 0.000000000000000e+00 0.000000000000000e+00 0.000000000000000e+00 0.000000000000000e+00 0.000000000000000e+00 0.000000000000000e+00 0.000000000000000e+00 0.000000000000000e+00
 0.000000000000000e+00 0.000000000000000e+00 0.000000000000000e+00 0.000000000000000e+00 0.000000000000000e+00 0.000000000000000e+00 0.000000000000000e+00 0.000000000000000e+00 0.000000000000000e+00 0.000000000000000e+00
 0.000000000000000e+00 0.000000000000000e+00 0.000000000000000e+00 0.000000000000000e+00 0.000000000000000e+00 0.000000000000000e+00 0.000000000000000e+00 0.000000000000000e+00 0.000000000000000e+00 0.000000000000000e+00
 0.000000000000000e+00 0.000000000000000e+00 0.000000000000000e+00 0.000000000000000e+00 0.000000000000000e+00 0.000000000000000e+00 0.000000000000000e+00 0.000000000000000e+00 0.000000000000000e+00 0.000000000000000e+00
 0.000000000000000e+00 0.000000000000000e+00 0.000000000000000e+00 0.000000000000000e+00 0.000000000000000e+00 0.000000000000000e+00 0.000000000000000e+00 0.000000000000000e+00 0.000000000000000e+00 0.000000000000000e+00
 0.000000000000000e+00 0.000000000000000e+00 0.000000000000000e+00 0.000000000000000e+00 0.000000000000000e+00 0.000000000000000e+00 0.000000000000000e+00 0.000000000000000e+00 0.000000000000000e+00 0.000000000000000e+00
 0.000000000000000e+00 0.000000000000000e+00 0.000000000000000e+00 0.000000000000000e+00 0.000000000000000e+00 0.000000000000000e+00 0.000000000000000e+00 0.000000000000000e+00 0.000000000000000e+00 0.000000000000000e+00
 0.000000000000000e+00 0.000000000000000e+00 0.000000000000000e+00 0.000000000000000e+00 0.000000000000000e+00 0.000000000000000e+00 0.000000000000000e+00 0.000000000000000e+00 0.000000000000000e+00 0.000000000000000e+00
 0.000000000000000e+00 0.000000000000000e+00 0.000000000000000e+00 0.000000000000000e+00 0.000000000000000e+00 0.000000000000000e+00 0.000000000000000e+00 0.000000000000000e+00 0.000000000000000e+00 0.000000000000000e+00
 0.000000000000000e+00 0.000000000000000e+00 0.000000000000000e+00 0.000000000000000e+00 0.000000000000000e+00 0.000000000000000e+00 0.000000000000000e+00 0.000000000000000e+00 0.000000000000000e+00 0.000000000000000e+00
 0.000000000000000e+00 0.000000000000000e+00 0.000000000000000e+00 0.000000000000000e+00 0.000000000000000e+00 0.000000000000000e+00 0.000000000000000e+00 0.000000000000000e+00 0.000000000000000e+00 0.000000000000000e+00
 0.000000000000000e+00 0.000000000000000e+00 0.000000000000000e+00 0.000000000000000e+00 0.000000000000000e+00 0.000000000000000e+00 0.000000000000000e+00 0.000000000000000e+00 0.000000000000000e+00 0.000000000000000e+00
 0.000000000000000e+00 0.000000000000000e+00 0.000000000000000e+00 0.000000000000000e+00 0.000000000000000e+00 0.000000000000000e+00 0.000000000000000e+00 0.000000000000000e+00 0.000000000000000e+00 0.000000000000000e+00
 0.000000000000000e+00 0.000000000000000e+00 0.000000000000000e+00 0.000000000000000e+00 0.000000000000000e+00 0.000000000000000e+00 0.000000000000000e+00 0.000000000000000e+00 0.000000000000000e+00 0.000000000000000e+00
 0.000000000000000e+00 0.000000000000000e+00 0.000000000000000e+00 0.000000000000000e+00 0.000000000000000e+00 0.000000000000000e+00 0.000000000000000e+00 0.000000000000000e+00 0.000000000000000e+00 0.000000000000000e+00
 0.000000000000000e+00 0.000000000000000e+00 0.000000000000000e+00 0.000000000000000e+00 0.000000000000000e+00 0.000000000000000e+00 0.000000000000000e+00 0.000000000000000e+00 0.000000000000000e+00 0.000000000000000e+00
 0.000000000000000e+00 0.000000000000000e+00 0.000000000000000e+00 0.000000000000000e+00 0.000000000000000e+00 0.000000000000000e+00 0.000000000000000e+00 0.000000000000000e+00 0.000000000000000e+00 0.000000000000000e+00
 0.000000000000000e+00 0.000000000000000e+00 0.000000000000000e+00 0.000000000000000e+00 0.000000000000000e+00 0.000000000000000e+00 0.000000000000000e+00 0.000000000000000e+00 0.000000000000000e+00 0.000000000000000e+00
 0.000000000000000e+00 0.000000000000000e+00 0.000000000000000e+00 0.000000000000000e+00 0.000000000000000e+00 0.000000000000000e+00 0.000000000000000e+00 0.000000000000000e+00 0.000000000000000e+00 0.000000000000000e+00
 0.000000000000000e+00 0.000000000000000e+00 0.000000000000000e+00 0.000000000000000e+00 0.000000000000000e+00 0.000000000000000e+00 0.000000000000000e+00 0.000000000000000e+00 0.000000000000000e+00 0.000000000000000e+00
 0.000000000000000e+00 0.000000000000000e+00 0.000000000000000e+00 0.000000000000000e+00 0.000000000000000e+00 0.000000000000000e+00 0.000000000000000e+00 0.000000000000000e+00 0.000000000000000e+00 0.000000000000000e+00
 0.000000000000000e+00 0.000000000000000e+00 0.000000000000000e+00 0.000000000000000e+00 0.000000000000000e+00 0.000000000000000e+00 0.000000000000000e+00 0.000000000000000e+00 0.000000000000000e+00 0.000000000000000e+00
 0.000000000000000e+00 0.000000000000000e+00 0.000000000000000e+00 0.000000000000000e+00 0.000000000000000e+00 0.000000000000000e+00 0.000000000000000e+00 0.000000000000000e+00 0.000000000000000e+00 0.000000000000000e+00
 0.000000000000000e+00 0.000000000000000e+00 0.000000000000000e+00 0.000000000000000e+00 0.000000000000000e+00 0.000000000000000e+00 0.000000000000000e+00 0.000000000000000e+00 0.000000000000000e+00 0.000000000000000e+00
 0.000000000000000e+00 0.000000000000000e+00 0.000000000000000e+00 0.000000000000000e+00 0.000000000000000e+00 0.000000000000000e+00 0.000000000000000e+00 0.000000000000000e+00 0.000000000000000e+00 0.000000000000000e+00
 0.000000000000000e+00 0.000000000000000e+00 0.000000000000000e+00 0.000000000000000e+00 0.000000000000000e+00 0.000000000000000e+00 0.000000000000000e+00 0.000000000000000e+00 0.000000000000000e+00 0.000000000000000e+00
 0.000000000000000e+00 0.000000000000000e+00 0.000000000000000e+00 0.000000000000000e+00 0.000000000000000e+00 0.000000000000000e+00 0.000000000000000e+00 0.000000000000000e+00 0.000000000000000e+00 0.000000000000000e+00
 0.000000000000000e+00 0.000000000000000e+00 0.000000000000000e+00 0.000000000000000e+00 0.000000000000000e+00 0.000000000000000e+00 0.000000000000000e+00 0.000000000000000e+00 0.000000000000000e+00 0.000000000000000e+00
 0.000000000000000e+00 0.000000000000000e+00 0.000000000000000e+00 0.000000000000000e+00 0.000000000000000e+00 0.000000000000000e+00 0.000000000000000e+00 0.000000000000000e+00 0.000000000000000e+00 0.000000000000000e+00
 0.000000000000000e+00 0.000000000000000e+00 0.000000000000000e+00 0.000000000000000e+00 0.000000000000000e+00 0.000000000000000e+00 0.000000000000000e+00 0.000000000000000e+00 0.000000000000000e+00 0.000000000000000e+00
 0.000000000000000e+00 0.000000000000000e+00 0.000000000000000e+00 0.000000000000000e+00 0.000000000000000e+00 0.000000000000000e+00 0.000000000000000e+00 0.000000000000000e+00 0.000000000000000e+00 0.000000000000000e+00
 0.000000000000000e+00 0.000000000000000e+00 0.000000000000000e+00 0.000000000000000e+00 0.000000000000000e+00 0.000000000000000e+00 0.000000000000000e+00 0.000000000000000e+00 0.000000000000000e+00 0.000000000000000e+00
 0.000000000000000e+00 0.000000000000000e+00 0.000000000000000e+00 0.000000000000000e+00 0.000000000000000e+00 0.000000000000000e+00 0.000000000000000e+00 0.000000000000000e+00 0.000000000000000e+00 0.000000000000000e+00
 0.000000000000000e+00 0.000000000000000e+00 0.000000000000000e+00 0.000000000000000e+00 0.000000000000000e+00 0.000000000000000e+00 0.000000000000000e+00 0.000000000000000e+00 0.000000000000000e+00 0.000000000000000e+00
 0.000000000000000e+00 0.000000000000000e+00 0.000000000000000e+00 0.000000000000000e+00 0.000000000000000e+00 0.000000000000000e+00 0.000000000000000e+00 0.000000000000000e+00 0.000000000000000e+00 0.000000000000000e+00
 0.000000000000000e+00 0.000000000000000e+00 0.000000000000000e+00 0.000000000000000e+00 0.000000000000000e+00 0.000000000000000e+00 0.000000000000000e+00 0.000000000000000e+00 0.000000000000000e+00 0.000000000000000e+00
 0.000000000000000e+00 0.000000000000000e+00 0.000000000000000e+00 0.000000000000000e+00 0.000000000000000e+00 0.000000000000000e+00 0.000000000000000e+00 0.000000000000000e+00 0.000000000000000e+00 0.000000000000000e+00
 0.000000000000000e+00 0.000000000000000e+00 0.000000000000000e+00 0.000000000000000e+00 0.000000000000000e+00 0.000000000000000e+00 0.000000000000000e+00 0.000000000000000e+00 0.000000000000000e+00 0.000000000000000e+00
 0.000000000000000e+00 0.000000000000000e+00 0.000000000000000e+00 0.000000000000000e+00 0.000000000000000e+00 0.000000000000000e+00 0.000000000000000e+00 0.000000000000000e+00 0.000000000000000e+00 0.000000000000000e+00
 0.000000000000000e+00 0.000000000000000e+00 0.000000000000000e+00 0.000000000000000e+00 0.000000000000000e+00 0.000000000000000e+00 0.000000000000000e+00 0.000000000000000e+00 0.000000000000000e+00 0.000000000000000e+00
 0.000000000000000e+00 0.000000000000000e+00 0.000000000000000e+00 0.000000000000000e+00 0.000000000000000e+00 0.000000000000000e+00 0.000000000000000e+00 0.000000000000000e+00 0.000000000000000e+00 0.000000000000000e+00
 0.000000000000000e+00 0.000000000000000e+00 0.000000000000000e+00 0.000000000000000e+00 0.000000000000000e+00 0.000000000000000e+00 0.000000000000000e+00 0.000000000000000e+00 0.000000000000000e+00 0.000000000000000e+00
 0.000000000000000e+00 0.000000000000000e+00 0.000000000000000e+00 0.000000000000000e+00 0.000000000000000e+00 0.000000000000000e+00 0.000000000000000e+00 0.000000000000000e+00 0.000000000000000e+00 0.000000000000000e+00
 0.000000000000000e+00 0.000000000000000e+00 0.000000000000000e+00 0.000000000000000e+00 0.000000000000000e+00 0.000000000000000e+00 0.000000000000000e+00 0.000000000000000e+00 0.000000000000000e+00 0.000000000000000e+00
 0.000000000000000e+00 0.000000000000000e+00 0.000000000000000e+00 0.000000000000000e+00 0.000000000000000e+00 0.000000000000000e+00 0.000000000000000e+00 0.000000000000000e+00 0.000000000000000e+00 0.000000000000000e+00
 0.000000000000000e+00 0.000000000000000e+00 0.000000000000000e+00 0.000000000000000e+00 0.000000000000000e+00 0.000000000000000e+00 0.000000000000000e+00 0.000000000000000e+00 0.000000000000000e+00 0.000000000000000e+00
 0.000000000000000e+00 0.000000000000000e+00 0.000000000000000e+00 0.000000000000000e+00 0.000000000000000e+00 0.000000000000000e+00 0.000000000000000e+00 0.000000000000000e+00 0.000000000000000e+00 0.000000000000000e+00
 0.000000000000000e+00 0.000000000000000e+00 0.000000000000000e+00 0.000000000000000e+00 0.000000000000000e+00 0.000000000000000e+00 0.000000000000000e+00 0.000000000000000e+00 0.000000000000000e+00 0.000000000000000e+00
 0.000000000000000e+00 0.000000000000000e+00 0.000000000000000e+00 0.000000000000000e+00 0.000000000000000e+00 0.000000000000000e+00 0.000000000000000e+00 0.000000000000000e+00 0.000000000000000e+00 0.000000000000000e+00
 0.000000000000000e+00 0.000000000000000e+00 0.000000000000000e+00 0.000000000000000e+00 0.000000000000000e+00 0.000000000000000e+00 0.000000000000000e+00 0.000000000000000e+00 0.000000000000000e+00 0.000000000000000e+00
 0.000000000000000e+00 0.000000000000000e+00 0.000000000000000e+00 0.000000000000000e+00 0.000000000000000e+00 0.000000000000000e+00 0.000000000000000e+00 0.000000000000000e+00 0.000000000000000e+00 0.000000000000000e+00
 0.000000000000000e+00 0.000000000000000e+00 0.000000000000000e+00 0.000000000000000e+00 0.000000000000000e+00 0.000000000000000e+00 0.000000000000000e+00 0.000000000000000e+00 0.000000000000000e+00 0.000000000000000e+00
 0.000000000000000e+00 0.000000000000000e+00 0.000000000000000e+00 0.000000000000000e+00 0.000000000000000e+00 0.000000000000000e+00 0.000000000000000e+00 0.000000000000000e+00 0.000000000000000e+00 0.000000000000000e+00
 0.000000000000000e+00 0.000000000000000e+00 0.000000000000000e+00 0.000000000000000e+00 0.000000000000000e+00 0.000000000000000e+00 0.000000000000000e+00 0.000000000000000e+00 0.000000000000000e+00 0.000000000000000e+00
 0.000000000000000e+00 0.000000000000000e+00 0.000000000000000e+00 0.000000000000000e+00 0.000000000000000e+00 0.000000000000000e+00 0.000000000000000e+00 0.000000000000000e+00 0.000000000000000e+00 0.000000000000000e+00
 0.000000000000000e+00 0.000000000000000e+00 0.000000000000000e+00 0.000000000000000e+00 0.000000000000000e+00 0.000000000000000e+00 0.000000000000000e+00 0.000000000000000e+00 0.000000000000000e+00 0.000000000000000e+00
 0.000000000000000e+00 0.000000000000000e+00 0.000000000000000e+00 0.000000000000000e+00 0.000000000000000e+00 0.000000000000000e+00 0.000000000000000e+00 0.000000000000000e+00 0.000000000000000e+00 0.000000000000000e+00
 0.000000000000000e+00 0.000000000000000e+00 0.000000000000000e+00 0.000000000000000e+00 0.000000000000000e+00 0.000000000000000e+00 0.000000000000000e+00 0.000000000000000e+00 0.000000000000000e+00 0.000000000000000e+00
 0.000000000000000e+00 0.000000000000000e+00 0.000000000000000e+00 0.000000000000000e+00 0.000000000000000e+00 0.000000000000000e+00 0.000000000000000e+00 0.000000000000000e+00 0.000000000000000e+00 0.000000000000000e+00
 0.000000000000000e+00 0.000000000000000e+00 0.000000000000000e+00 0.000000000000000e+00 0.000000000000000e+00 0.000000000000000e+00 0.000000000000000e+00 0.000000000000000e+00 0.000000000000000e+00 0.000000000000000e+00
 0.000000000000000e+00 0.000000000000000e+00 0.000000000000000e+00 0.000000000000000e+00 0.000000000000000e+00 0.000000000000000e+00 0.000000000000000e+00 0.000000000000000e+00 0.000000000000000e+00 0.000000000000000e+00
 0.000000000000000e+00 0.000000000000000e+00 0.000000000000000e+00 0.000000000000000e+00 0.000000000000000e+00 0.000000000000000e+00 0.000000000000000e+00 0.000000000000000e+00 0.000000000000000e+00 0.000000000000000e+00
 0.000000000000000e+00 0.000000000000000e+00 0.000000000000000e+00 0.000000000000000e+00 0.000000000000000e+00 0.000000000000000e+00 0.000000000000000e+00 0.000000000000000e+00 0.000000000000000e+00 0.000000000000000e+00
 0.000000000000000e+00 0.000000000000000e+00 0.000000000000000e+00 0.000000000000000e+00 0.000000000000000e+00 0.000000000000000e+00 0.000000000000000e+00 0.000000000000000e+00 0.000000000000000e+00 0.000000000000000e+00
 0.000000000000000e+00 0.000000000000000e+00 0.000000000000000e+00 0.000000000000000e+00 0.000000000000000e+00 0.000000000000000e+00 0.000000000000000e+00 0.000000000000000e+00 0.000000000000000e+00 0.000000000000000e+00
 0.000000000000000e+00 0.000000000000000e+00 0.000000000000000e+00 0.000000000000000e+00 0.000000000000000e+00 0.000000000000000e+00 0.000000000000000e+00 0.000000000000000e+00 0.000000000000000e+00 0.000000000000000e+00
 0.000000000000000e+00 0.000000000000000e+00 0.000000000000000e+00 0.000000000000000e+00 0.000000000000000e+00 0.000000000000000e+00 0.000000000000000e+00 0.000000000000000e+00 0.000000000000000e+00 0.000000000000000e+00
 0.000000000000000e+00 0.000000000000000e+00 0.000000000000000e+00 0.000000000000000e+00 0.000000000000000e+00 0.000000000000000e+00 0.000000000000000e+00 0.000000000000000e+00 0.000000000000000e+00 0.000000000000000e+00
 0.000000000000000e+00 0.000000000000000e+00 0.000000000000000e+00 0.000000000000000e+00 0.000000000000000e+00 0.000000000000000e+00 0.000000000000000e+00 0.000000000000000e+00 0.000000000000000e+00 0.000000000000000e+00
 0.000000000000000e+00 0.000000000000000e+00 0.000000000000000e+00 0.000000000000000e+00 0.000000000000000e+00 0.000000000000000e+00 0.000000000000000e+00 0.000000000000000e+00 0.000000000000000e+00 0.000000000000000e+00
 0.000000000000000e+00 0.000000000000000e+00 0.000000000000000e+00 0.000000000000000e+00 0.000000000000000e+00 0.000000000000000e+00 0.000000000000000e+00 0.000000000000000e+00 0.000000000000000e+00 0.000000000000000e+00
 0.000000000000000e+00 0.000000000000000e+00 0.000000000000000e+00 0.000000000000000e+00 0.000000000000000e+00 0.000000000000000e+00 0.000000000000000e+00 0.000000000000000e+00 0.000000000000000e+00 0.000000000000000e+00
 0.000000000000000e+00 0.000000000000000e+00 0.000000000000000e+00 0.000000000000000e+00 0.000000000000000e+00 0.000000000000000e+00 0.000000000000000e+00 0.000000000000000e+00 0.000000000000000e+00 0.000000000000000e+00
 0.000000000000000e+00 0.000000000000000e+00 0.000000000000000e+00 0.000000000000000e+00 0.000000000000000e+00 0.000000000000000e+00 0.000000000000000e+00 0.000000000000000e+00 0.000000000000000e+00 0.000000000000000e+00
 0.000000000000000e+00 0.000000000000000e+00 0.000000000000000e+00 0.000000000000000e+00 0.000000000000000e+00 0.000000000000000e+00 0.000000000000000e+00 0.000000000000000e+00 0.000000000000000e+00 0.000000000000000e+00
 0.000000000000000e+00 0.000000000000000e+00 0.000000000000000e+00 0.000000000000000e+00 0.000000000000000e+00 0.000000000000000e+00 0.000000000000000e+00 0.000000000000000e+00 0.000000000000000e+00 0.000000000000000e+00
 0.000000000000000e+00 0.000000000000000e+00 0.000000000000000e+00 0.000000000000000e+00 0.000000000000000e+00 0.000000000000000e+00 0.000000000000000e+00 0.000000000000000e+00 0.000000000000000e+00 0.000000000000000e+00
 0.000000000000000e+00 0.000000000000000e+00 0.000000000000000e+00 0.000000000000000e+00 0.000000000000000e+00 0.000000000000000e+00 0.000000000000000e+00 0.000000000000000e+00 0.000000000000000e+00 0.000000000000000e+00
 0.000000000000000e+00 0.000000000000000e+00 0.000000000000000e+00 0.000000000000000e+00 0.000000000000000e+00 0.000000000000000e+00 0.000000000000000e+00 0.000000000000000e+00 0.000000000000000e+00 0.000000000000000e+00
 0.000000000000000e+00 0.000000000000000e+00 0.000000000000000e+00 0.000000000000000e+00 0.000000000000000e+00 0.000000000000000e+00 0.000000000000000e+00 0.000000000000000e+00 0.000000000000000e+00 0.000000000000000e+00
 0.000000000000000e+00 0.000000000000000e+00 0.000000000000000e+00 0.000000000000000e+00 0.000000000000000e+00 0.000000000000000e+00 0.000000000000000e+00 0.000000000000000e+00 0.000000000000000e+00 0.000000000000000e+00
 0.000000000000000e+00 0.000000000000000e+00 0.000000000000000e+00 0.000000000000000e+00 0.000000000000000e+00 0.000000000000000e+00 0.000000000000000e+00 0.000000000000000e+00 0.000000000000000e+00 0.000000000000000e+00
 0.000000000000000e+00 0.000000000000000e+00 0.000000000000000e+00 0.000000000000000e+00 0.000000000000000e+00 0.000000000000000e+00 0.000000000000000e+00 0.000000000000000e+00 0.000000000000000e+00 0.000000000000000e+00
 0.000000000000000e+00 0.000000000000000e+00 0.000000000000000e+00 0.000000000000000e+00 0.000000000000000e+00 0.000000000000000e+00 0.000000000000000e+00 0.000000000000000e+00 0.000000000000000e+00 0.000000000000000e+00
 0.000000000000000e+00 0.000000000000000e+00 0.000000000000000e+00 0.000000000000000e+00 0.000000000000000e+00 0.000000000000000e+00 0.000000000000000e+00 0.000000000000000e+00 0.000000000000000e+00 0.000000000000000e+00
 0.000000000000000e+00 0.000000000000000e+00 0.000000000000000e+00 0.000000000000000e+00 0.000000000000000e+00 0.000000000000000e+00 0.000000000000000e+00 0.000000000000000e+00 0.000000000000000e+00 0.000000000000000e+00
 0.000000000000000e+00 0.000000000000000e+00 0.000000000000000e+00 0.000000000000000e+00 0.000000000000000e+00 0.000000000000000e+00 0.000000000000000e+00 0.000000000000000e+00 0.000000000000000e+00 0.000000000000000e+00
 0.000000000000000e+00 0.000000000000000e+00 0.000000000000000e+00 0.000000000000000e+00 0.000000000000000e+00 0.000000000000000e+00 0.000000000000000e+00 0.000000000000000e+00 0.000000000000000e+00 0.000000000000000e+00
 0.000000000000000e+00 0.000000000000000e+00 0.000000000000000e+00 0.000000000000000e+00 0.000000000000000e+00 0.000000000000000e+00 0.000000000000000e+00 0.000000000000000e+00 0.000000000000000e+00 0.000000000000000e+00
 0.000000000000000e+00 0.000000000000000e+00 0.000000000000000e+00 0.000000000000000e+00 0.000000000000000e+00 0.000000000000000e+00 0.000000000000000e+00 0.000000000000000e+00 0.000000000000000e+00 0.000000000000000e+00
 0.000000000000000e+00 0.000000000000000e+00 0.000000000000000e+00 0.000000000000000e+00 0.000000000000000e+00 0.000000000000000e+00 0.000000000000000e+00 0.000000000000000e+00 0.000000000000000e+00 0.000000000000000e+00
 0.000000000000000e+00 0.000000000000000e+00 0.000000000000000e+00 0.000000000000000e+00 0.000000000000000e+00 0.000000000000000e+00 0.000000000000000e+00 0.000000000000000e+00 0.000000000000000e+00 0.000000000000000e+00
 0.000000000000000e+00 0.000000000000000e+00 0.000000000000000e+00 0.000000000000000e+00 0.000000000000000e+00 0.000000000000000e+00 0.000000000000000e+00 0.000000000000000e+00 0.000000000000000e+00 0.000000000000000e+00
 0.000000000000000e+00 0.000000000000000e+00 0.000000000000000e+00 0.000000000000000e+00 0.000000000000000e+00 0.000000000000000e+00 0.000000000000000e+00 0.000000000000000e+00 0.000000000000000e+00 0.000000000000000e+00
 0.000000000000000e+00 0.000000000000000e+00 0.000000000000000e+00 0.000000000000000e+00 0.000000000000000e+00 0.000000000000000e+00 0.000000000000000e+00 0.000000000000000e+00 0.000000000000000e+00 0.000000000000000e+00
 0.000000000000000e+00 0.000000000000000e+00 0.000000000000000e+00 0.000000000000000e+00 0.000000000000000e+00 0.000000000000000e+00 0.000000000000000e+00 0.000000000000000e+00 0.000000000000000e+00 0.000000000000000e+00
 0.000000000000000e+00 0.000000000000000e+00 0.000000000000000e+00 0.000000000000000e+00 0.000000000000000e+00 0.000000000000000e+00 0.000000000000000e+00 0.000000000000000e+00 0.000000000000000e+00 0.000000000000000e+00
 0.000000000000000e+00 0.000000000000000e+00 0.000000000000000e+00 0.000000000000000e+00 0.000000000000000e+00 0.000000000000000e+00 0.000000000000000e+00 0.000000000000000e+00 0.000000000000000e+00 0.000000000000000e+00
 0.000000000000000e+00 0.000000000000000e+00 0.000000000000000e+00 0.000000000000000e+00 0.000000000000000e+00 0.000000000000000e+00 0.000000000000000e+00 0.000000000000000e+00 0.000000000000000e+00 0.000000000000000e+00
 0.000000000000000e+00 0.000000000000000e+00 0.000000000000000e+00 0.000000000000000e+00 0.000000000000000e+00 0.000000000000000e+00 0.000000000000000e+00 0.000000000000000e+00 0.000000000000000e+00 0.000000000000000e+00
 0.000000000000000e+00 0.000000000000000e+00 0.000000000000000e+00 0.000000000000000e+00 0.000000000000000e+00 0.000000000000000e+00 0.000000000000000e+00 0.000000000000000e+00 0.000000000000000e+00 0.000000000000000e+00
 0.000000000000000e+00 0.000000000000000e+00 0.000000000000000e+00 0.000000000000000e+00 0.000000000000000e+00 0.000000000000000e+00 0.000000000000000e+00 0.000000000000000e+00 0.000000000000000e+00 0.000000000000000e+00
 0.000000000000000e+00 0.000000000000000e+00 1.000000000000005e+19 0.000000000000000e+00 1.000000000000005e+19 0.000000000000000e+00 0.000000000000000e+00 0.000000000000000e+00 0.000000000000000e+00 0.000000000000000e+00
 0.000000000000000e+00 0.000000000000000e+00 0.000000000000000e+00 0.000000000000000e+00 0.000000000000000e+00 0.000000000000000e+00 0.000000000000000e+00 0.000000000000000e+00 0.000000000000000e+00 0.000000000000000e+00
 0.000000000000000e+00 0.000000000000000e+00 0.000000000000000e+00 0.000000000000000e+00 0.000000000000000e+00 0.000000000000000e+00 0.000000000000000e+00 0.000000000000000e+00 0.000000000000000e+00 0.000000000000000e+00
 0.000000000000000e+00 0.000000000000000e+00 0.000000000000000e+00 0.000000000000000e+00 0.000000000000000e+00 0.000000000000000e+00 0.000000000000000e+00 0.000000000000000e+00 0.000000000000000e+00 0.000000000000000e+00
 0.000000000000000e+00 0.000000000000000e+00 0.000000000000000e+00 0.000000000000000e+00 0.000000000000000e+00 0.000000000000000e+00 0.000000000000000e+00 0.000000000000000e+00 0.000000000000000e+00 0.000000000000000e+00
 0.000000000000000e+00 0.000000000000000e+00 0.000000000000000e+00 0.000000000000000e+00 0.000000000000000e+00 0.000000000000000e+00 0.000000000000000e+00 0.000000000000000e+00 0.000000000000000e+00 0.000000000000000e+00
 0.000000000000000e+00 0.000000000000000e+00 0.000000000000000e+00 0.000000000000000e+00 0.000000000000000e+00 0.000000000000000e+00 0.000000000000000e+00 0.000000000000000e+00 0.000000000000000e+00 0.000000000000000e+00
 0.000000000000000e+00 0.000000000000000e+00 1.000000000000005e+19 0.000000000000000e+00 1.000000000000005e+19 0.000000000000000e+00 0.000000000000000e+00 0.000000000000000e+00 0.000000000000000e+00 0.000000000000000e+00
 0.000000000000000e+00 0.000000000000000e+00 0.000000000000000e+00 0.000000000000000e+00 0.000000000000000e+00 0.000000000000000e+00 0.000000000000000e+00 0.000000000000000e+00 0.000000000000000e+00 0.000000000000000e+00
 0.000000000000000e+00 0.000000000000000e+00 0.000000000000000e+00 0.000000000000000e+00 0.000000000000000e+00 0.000000000000000e+00 0.000000000000000e+00 0.000000000000000e+00 0.000000000000000e+00 0.000000000000000e+00
 0.000000000000000e+00 0.000000000000000e+00 0.000000000000000e+00 0.000000000000000e+00 0.000000000000000e+00 0.000000000000000e+00 0.000000000000000e+00 0.000000000000000e+00 0.000000000000000e+00 0.000000000000000e+00
 0.000000000000000e+00 0.000000000000000e+00 0.000000000000000e+00 0.000000000000000e+00 0.000000000000000e+00 0.000000000000000e+00 0.000000000000000e+00 0.000000000000000e+00 0.000000000000000e+00 0.000000000000000e+00
 0.000000000000000e+00 0.000000000000000e+00 0.000000000000000e+00 0.000000000000000e+00 0.000000000000000e+00 0.000000000000000e+00 0.000000000000000e+00 0.000000000000000e+00 0.000000000000000e+00 0.000000000000000e+00
 0.000000000000000e+00 0.000000000000000e+00 0.000000000000000e+00 0.000000000000000e+00 0.000000000000000e+00 0.000000000000000e+00 0.000000000000000e+00 0.000000000000000e+00 0.000000000000000e+00 0.000000000000000e+00
 0.000000000000000e+00 0.000000000000000e+00 1.000000000000005e+19 0.000000000000000e+00 1.000000000000005e+19 0.000000000000000e+00 0.000000000000000e+00 0.000000000000000e+00 0.000000000000000e+00 0.000000000000000e+00
 0.000000000000000e+00 0.000000000000000e+00 0.000000000000000e+00 0.000000000000000e+00 0.000000000000000e+00 0.000000000000000e+00 0.000000000000000e+00 0.000000000000000e+00 0.000000000000000e+00 0.000000000000000e+00
 0.000000000000000e+00 0.000000000000000e+00 0.000000000000000e+00 0.000000000000000e+00 0.000000000000000e+00 0.000000000000000e+00 0.000000000000000e+00 0.000000000000000e+00 0.000000000000000e+00 0.000000000000000e+00
 0.000000000000000e+00 0.000000000000000e+00 0.000000000000000e+00 0.000000000000000e+00 0.000000000000000e+00 0.000000000000000e+00 0.000000000000000e+00 0.000000000000000e+00 0.000000000000000e+00 0.000000000000000e+00
 0.000000000000000e+00 0.000000000000000e+00 0.000000000000000e+00 0.000000000000000e+00 0.000000000000000e+00 0.000000000000000e+00 0.000000000000000e+00 0.000000000000000e+00 0.000000000000000e+00 0.000000000000000e+00
 0.000000000000000e+00 0.000000000000000e+00 0.000000000000000e+00 0.000000000000000e+00 0.000000000000000e+00 0.000000000000000e+00 0.000000000000000e+00 0.000000000000000e+00 0.000000000000000e+00 0.000000000000000e+00
 0.000000000000000e+00 0.000000000000000e+00 0.000000000000000e+00 0.000000000000000e+00 0.000000000000000e+00 0.000000000000000e+00 0.000000000000000e+00 0.000000000000000e+00 0.000000000000000e+00 0.000000000000000e+00
 0.000000000000000e+00 0.000000000000000e+00 1.000000000000005e+19 0.000000000000000e+00 1.000000000000005e+19 0.000000000000000e+00 0.000000000000000e+00 0.000000000000000e+00 0.000000000000000e+00 0.000000000000000e+00
 0.000000000000000e+00 0.000000000000000e+00 0.000000000000000e+00 0.000000000000000e+00 0.000000000000000e+00 0.000000000000000e+00 0.000000000000000e+00 0.000000000000000e+00 0.000000000000000e+00 0.000000000000000e+00
 0.000000000000000e+00 0.000000000000000e+00 0.000000000000000e+00 0.000000000000000e+00 0.000000000000000e+00 0.000000000000000e+00 0.000000000000000e+00 0.000000000000000e+00 0.000000000000000e+00 0.000000000000000e+00
 0.000000000000000e+00 0.000000000000000e+00 0.000000000000000e+00 0.000000000000000e+00 0.000000000000000e+00 0.000000000000000e+00 0.000000000000000e+00 0.000000000000000e+00 0.000000000000000e+00 0.000000000000000e+00
 0.000000000000000e+00 0.000000000000000e+00 0.000000000000000e+00 0.000000000000000e+00 0.000000000000000e+00 0.000000000000000e+00 0.000000000000000e+00 0.000000000000000e+00 0.000000000000000e+00 0.000000000000000e+00
 0.000000000000000e+00 0.000000000000000e+00 0.000000000000000e+00 0.000000000000000e+00 0.000000000000000e+00 0.000000000000000e+00 0.000000000000000e+00 0.000000000000000e+00 0.000000000000000e+00 0.000000000000000e+00
 0.000000000000000e+00 0.000000000000000e+00 0.000000000000000e+00 0.000000000000000e+00 0.000000000000000e+00 0.000000000000000e+00 0.000000000000000e+00 0.000000000000000e+00 0.000000000000000e+00 0.000000000000000e+00
 0.000000000000000e+00 0.000000000000000e+00 1.000000000000005e+19 0.000000000000000e+00 1.000000000000005e+19 0.000000000000000e+00 0.000000000000000e+00 0.000000000000000e+00 0.000000000000000e+00 0.000000000000000e+00
 0.000000000000000e+00 0.000000000000000e+00 0.000000000000000e+00 0.000000000000000e+00 0.000000000000000e+00 0.000000000000000e+00 0.000000000000000e+00 0.000000000000000e+00 0.000000000000000e+00 0.000000000000000e+00
 0.000000000000000e+00 0.000000000000000e+00 0.000000000000000e+00 0.000000000000000e+00 0.000000000000000e+00 0.000000000000000e+00 0.000000000000000e+00 0.000000000000000e+00 0.000000000000000e+00 0.000000000000000e+00
 0.000000000000000e+00 0.000000000000000e+00 0.000000000000000e+00 0.000000000000000e+00 0.000000000000000e+00 0.000000000000000e+00 0.000000000000000e+00 0.000000000000000e+00 0.000000000000000e+00 0.000000000000000e+00
 0.000000000000000e+00 0.000000000000000e+00 0.000000000000000e+00 0.000000000000000e+00 0.000000000000000e+00 0.000000000000000e+00 0.000000000000000e+00 0.000000000000000e+00 0.000000000000000e+00 0.000000000000000e+00
 0.000000000000000e+00 0.000000000000000e+00 0.000000000000000e+00 0.000000000000000e+00 0.000000000000000e+00 0.000000000000000e+00 0.000000000000000e+00 0.000000000000000e+00 0.000000000000000e+00 0.000000000000000e+00
 0.000000000000000e+00 0.000000000000000e+00 0.000000000000000e+00 0.000000000000000e+00 0.000000000000000e+00 0.000000000000000e+00 0.000000000000000e+00 0.000000000000000e+00 0.000000000000000e+00 0.000000000000000e+00
 0.000000000000000e+00 0.000000000000000e+00 1.000000000000005e+19 0.000000000000000e+00 1.000000000000005e+19 0.000000000000000e+00 0.000000000000000e+00 0.000000000000000e+00 0.000000000000000e+00 0.000000000000000e+00
 0.000000000000000e+00 0.000000000000000e+00 0.000000000000000e+00 0.000000000000000e+00 0.000000000000000e+00 0.000000000000000e+00 0.000000000000000e+00 0.000000000000000e+00 0.000000000000000e+00 0.000000000000000e+00
 0.000000000000000e+00 0.000000000000000e+00 0.000000000000000e+00 0.000000000000000e+00 0.000000000000000e+00 0.000000000000000e+00 0.000000000000000e+00 0.000000000000000e+00 0.000000000000000e+00 0.000000000000000e+00
 0.000000000000000e+00 0.000000000000000e+00 0.000000000000000e+00 0.000000000000000e+00 0.000000000000000e+00 0.000000000000000e+00 0.000000000000000e+00 0.000000000000000e+00 0.000000000000000e+00 0.000000000000000e+00
 0.000000000000000e+00 0.000000000000000e+00 0.000000000000000e+00 0.000000000000000e+00 0.000000000000000e+00 0.000000000000000e+00 0.000000000000000e+00 0.000000000000000e+00 0.000000000000000e+00 0.000000000000000e+00
 0.000000000000000e+00 0.000000000000000e+00 0.000000000000000e+00 0.000000000000000e+00 0.000000000000000e+00 0.000000000000000e+00 0.000000000000000e+00 0.000000000000000e+00 0.000000000000000e+00 0.000000000000000e+00
 0.000000000000000e+00 0.000000000000000e+00 0.000000000000000e+00 0.000000000000000e+00 0.000000000000000e+00 0.000000000000000e+00 0.000000000000000e+00 0.000000000000000e+00 0.000000000000000e+00 0.000000000000000e+00
 0.000000000000000e+00 0.000000000000000e+00 1.000000000000005e+19 0.000000000000000e+00 1.000000000000005e+19 0.000000000000000e+00 0.000000000000000e+00 0.000000000000000e+00 0.000000000000000e+00 0.000000000000000e+00
 0.000000000000000e+00 0.000000000000000e+00 0.000000000000000e+00 0.000000000000000e+00 0.000000000000000e+00 0.000000000000000e+00 0.000000000000000e+00 0.000000000000000e+00 0.000000000000000e+00 0.000000000000000e+00
 0.000000000000000e+00 0.000000000000000e+00 0.000000000000000e+00 0.000000000000000e+00 0.000000000000000e+00 0.000000000000000e+00 0.000000000000000e+00 0.000000000000000e+00 0.000000000000000e+00 0.000000000000000e+00
 0.000000000000000e+00 0.000000000000000e+00 0.000000000000000e+00 0.000000000000000e+00 0.000000000000000e+00 0.000000000000000e+00 0.000000000000000e+00 0.000000000000000e+00 0.000000000000000e+00 0.000000000000000e+00
 0.000000000000000e+00 0.000000000000000e+00 0.000000000000000e+00 0.000000000000000e+00 0.000000000000000e+00 0.000000000000000e+00 0.000000000000000e+00 0.000000000000000e+00 0.000000000000000e+00 0.000000000000000e+00
 0.000000000000000e+00 0.000000000000000e+00 0.000000000000000e+00 0.000000000000000e+00 0.000000000000000e+00 0.000000000000000e+00 0.000000000000000e+00 0.000000000000000e+00 0.000000000000000e+00 0.000000000000000e+00
 0.000000000000000e+00 0.000000000000000e+00 0.000000000000000e+00 0.000000000000000e+00 0.000000000000000e+00 0.000000000000000e+00 0.000000000000000e+00 0.000000000000000e+00 0.000000000000000e+00 0.000000000000000e+00
 0.000000000000000e+00 0.000000000000000e+00 1.000000000000005e+19 0.000000000000000e+00 1.000000000000005e+19 0.000000000000000e+00 0.000000000000000e+00 0.000000000000000e+00 0.000000000000000e+00 0.000000000000000e+00
 0.000000000000000e+00 0.000000000000000e+00 0.000000000000000e+00 0.000000000000000e+00 0.000000000000000e+00 0.000000000000000e+00 0.000000000000000e+00 0.000000000000000e+00 0.000000000000000e+00 0.000000000000000e+00
 0.000000000000000e+00 0.000000000000000e+00 0.000000000000000e+00 0.000000000000000e+00 0.000000000000000e+00 0.000000000000000e+00 0.000000000000000e+00 0.000000000000000e+00 0.000000000000000e+00 0.000000000000000e+00
 0.000000000000000e+00 0.000000000000000e+00 0.000000000000000e+00 0.000000000000000e+00 0.000000000000000e+00 0.000000000000000e+00 0.000000000000000e+00 0.000000000000000e+00 0.000000000000000e+00 0.000000000000000e+00
 0.000000000000000e+00 0.000000000000000e+00 0.000000000000000e+00 0.000000000000000e+00 0.000000000000000e+00 0.000000000000000e+00 0.000000000000000e+00 0.000000000000000e+00 0.000000000000000e+00 0.000000000000000e+00
 0.000000000000000e+00 0.000000000000000e+00 0.000000000000000e+00 0.000000000000000e+00 0.000000000000000e+00 0.000000000000000e+00 0.000000000000000e+00 0.000000000000000e+00 0.000000000000000e+00 0.000000000000000e+00
 0.000000000000000e+00 0.000000000000000e+00 0.000000000000000e+00 0.000000000000000e+00 0.000000000000000e+00 0.000000000000000e+00 0.000000000000000e+00 0.000000000000000e+00 0.000000000000000e+00 0.000000000000000e+00
 0.000000000000000e+00 0.000000000000000e+00 0.000000000000000e+00 0.000000000000000e+00 0.000000000000000e+00 0.000000000000000e+00 0.000000000000000e+00 0.000000000000000e+00 0.000000000000000e+00 0.000000000000000e+00
 0.000000000000000e+00 0.000000000000000e+00 0.000000000000000e+00 0.000000000000000e+00 0.000000000000000e+00 0.000000000000000e+00 0.000000000000000e+00 0.000000000000000e+00 0.000000000000000e+00 0.000000000000000e+00
 0.000000000000000e+00 0.000000000000000e+00 0.000000000000000e+00 0.000000000000000e+00 0.000000000000000e+00 0.000000000000000e+00 0.000000000000000e+00 0.000000000000000e+00 0.000000000000000e+00 0.000000000000000e+00
 0.000000000000000e+00 0.000000000000000e+00 0.000000000000000e+00 0.000000000000000e+00 0.000000000000000e+00 0.000000000000000e+00 0.000000000000000e+00 0.000000000000000e+00 0.000000000000000e+00 0.000000000000000e+00
 0.000000000000000e+00 0.000000000000000e+00 0.000000000000000e+00 0.000000000000000e+00 0.000000000000000e+00 0.000000000000000e+00 0.000000000000000e+00 0.000000000000000e+00 0.000000000000000e+00 0.000000000000000e+00
 0.000000000000000e+00 0.000000000000000e+00 0.000000000000000e+00 0.000000000000000e+00 0.000000000000000e+00 0.000000000000000e+00 0.000000000000000e+00 0.000000000000000e+00 0.000000000000000e+00 0.000000000000000e+00
 0.000000000000000e+00 0.000000000000000e+00 0.000000000000000e+00 0.000000000000000e+00 0.000000000000000e+00 0.000000000000000e+00 0.000000000000000e+00 0.000000000000000e+00 0.000000000000000e+00 0.000000000000000e+00
 0.000000000000000e+00 0.000000000000000e+00 0.000000000000000e+00 0.000000000000000e+00 0.000000000000000e+00 0.000000000000000e+00 0.000000000000000e+00 0.000000000000000e+00 0.000000000000000e+00 0.000000000000000e+00
 0.000000000000000e+00 0.000000000000000e+00 0.000000000000000e+00 0.000000000000000e+00 0.000000000000000e+00 0.000000000000000e+00 0.000000000000000e+00 0.000000000000000e+00 0.000000000000000e+00 0.000000000000000e+00
 0.000000000000000e+00 0.000000000000000e+00 0.000000000000000e+00 0.000000000000000e+00 0.000000000000000e+00 0.000000000000000e+00 0.000000000000000e+00 0.000000000000000e+00 0.000000000000000e+00 0.000000000000000e+00
 0.000000000000000e+00 0.000000000000000e+00 0.000000000000000e+00 0.000000000000000e+00 0.000000000000000e+00 0.000000000000000e+00 0.000000000000000e+00 0.000000000000000e+00 0.000000000000000e+00 0.000000000000000e+00
 0.000000000000000e+00 0.000000000000000e+00 0.000000000000000e+00 0.000000000000000e+00 0.000000000000000e+00 0.000000000000000e+00 0.000000000000000e+00 0.000000000000000e+00 0.000000000000000e+00 0.000000000000000e+00
 0.000000000000000e+00 0.000000000000000e+00 0.000000000000000e+00 0.000000000000000e+00 0.000000000000000e+00 0.000000000000000e+00 0.000000000000000e+00 0.000000000000000e+00 0.000000000000000e+00 0.000000000000000e+00
 0.000000000000000e+00 0.000000000000000e+00 0.000000000000000e+00 0.000000000000000e+00 0.000000000000000e+00 0.000000000000000e+00 0.000000000000000e+00 0.000000000000000e+00 0.000000000000000e+00 0.000000000000000e+00
 0.000000000000000e+00 0.000000000000000e+00 0.000000000000000e+00 0.000000000000000e+00 0.000000000000000e+00 0.000000000000000e+00 0.000000000000000e+00 0.000000000000000e+00 0.000000000000000e+00 0.000000000000000e+00
 0.000000000000000e+00 0.000000000000000e+00 0.000000000000000e+00 0.000000000000000e+00 0.000000000000000e+00 0.000000000000000e+00 0.000000000000000e+00 0.000000000000000e+00 0.000000000000000e+00 0.000000000000000e+00
 0.000000000000000e+00 0.000000000000000e+00 0.000000000000000e+00 0.000000000000000e+00 0.000000000000000e+00 0.000000000000000e+00 0.000000000000000e+00 0.000000000000000e+00 0.000000000000000e+00 0.000000000000000e+00
 0.000000000000000e+00 0.000000000000000e+00 0.000000000000000e+00 0.000000000000000e+00 0.000000000000000e+00 0.000000000000000e+00 0.000000000000000e+00 0.000000000000000e+00 0.000000000000000e+00 0.000000000000000e+00
 0.000000000000000e+00 0.000000000000000e+00 0.000000000000000e+00 0.000000000000000e+00 0.000000000000000e+00 0.000000000000000e+00 0.000000000000000e+00 0.000000000000000e+00 0.000000000000000e+00 0.000000000000000e+00
 0.000000000000000e+00 0.000000000000000e+00 0.000000000000000e+00 0.000000000000000e+00 0.000000000000000e+00 0.000000000000000e+00 0.000000000000000e+00 0.000000000000000e+00 0.000000000000000e+00 0.000000000000000e+00
 0.000000000000000e+00 0.000000000000000e+00 0.000000000000000e+00 0.000000000000000e+00 0.000000000000000e+00 0.000000000000000e+00 0.000000000000000e+00 0.000000000000000e+00 0.000000000000000e+00 0.000000000000000e+00
 0.000000000000000e+00 0.000000000000000e+00 0.000000000000000e+00 0.000000000000000e+00 0.000000000000000e+00 0.000000000000000e+00 0.000000000000000e+00 0.000000000000000e+00 0.000000000000000e+00 0.000000000000000e+00
 0.000000000000000e+00 0.000000000000000e+00 0.000000000000000e+00 0.000000000000000e+00 0.000000000000000e+00 0.000000000000000e+00 0.000000000000000e+00 0.000000000000000e+00 0.000000000000000e+00 0.000000000000000e+00
 0.000000000000000e+00 0.000000000000000e+00 0.000000000000000e+00 0.000000000000000e+00 0.000000000000000e+00 0.000000000000000e+00 0.000000000000000e+00 0.000000000000000e+00 0.000000000000000e+00 0.000000000000000e+00
 0.000000000000000e+00 0.000000000000000e+00 0.000000000000000e+00 0.000000000000000e+00 0.000000000000000e+00 0.000000000000000e+00 0.000000000000000e+00 0.000000000000000e+00 0.000000000000000e+00 0.000000000000000e+00
 0.000000000000000e+00 0.000000000000000e+00 0.000000000000000e+00 0.000000000000000e+00 0.000000000000000e+00 0.000000000000000e+00 0.000000000000000e+00 0.000000000000000e+00 0.000000000000000e+00 0.000000000000000e+00
 0.000000000000000e+00 0.000000000000000e+00 0.000000000000000e+00 0.000000000000000e+00 0.000000000000000e+00 0.000000000000000e+00 0.000000000000000e+00 0.000000000000000e+00 0.000000000000000e+00 0.000000000000000e+00
 0.000000000000000e+00 0.000000000000000e+00 0.000000000000000e+00 0.000000000000000e+00 0.000000000000000e+00 0.000000000000000e+00 0.000000000000000e+00 0.000000000000000e+00 0.000000000000000e+00 0.000000000000000e+00
 0.000000000000000e+00 0.000000000000000e+00 0.000000000000000e+00 0.000000000000000e+00 0.000000000000000e+00 0.000000000000000e+00 0.000000000000000e+00 0.000000000000000e+00 0.000000000000000e+00 0.000000000000000e+00
 0.000000000000000e+00 0.000000000000000e+00 0.000000000000000e+00 0.000000000000000e+00 0.000000000000000e+00 0.000000000000000e+00 0.000000000000000e+00 0.000000000000000e+00 0.000000000000000e+00 0.000000000000000e+00
 0.000000000000000e+00 0.000000000000000e+00 0.000000000000000e+00 0.000000000000000e+00 0.000000000000000e+00 0.000000000000000e+00 0.000000000000000e+00 0.000000000000000e+00 0.000000000000000e+00 0.000000000000000e+00
 0.000000000000000e+00 0.000000000000000e+00 0.000000000000000e+00 0.000000000000000e+00 0.000000000000000e+00 0.000000000000000e+00 0.000000000000000e+00 0.000000000000000e+00 0.000000000000000e+00 0.000000000000000e+00
 0.000000000000000e+00 0.000000000000000e+00 0.000000000000000e+00 0.000000000000000e+00 0.000000000000000e+00 0.000000000000000e+00 0.000000000000000e+00 0.000000000000000e+00 0.000000000000000e+00 0.000000000000000e+00
 0.000000000000000e+00 0.000000000000000e+00 0.000000000000000e+00 0.000000000000000e+00 0.000000000000000e+00 0.000000000000000e+00 0.000000000000000e+00 0.000000000000000e+00 0.000000000000000e+00 0.000000000000000e+00
 0.000000000000000e+00 0.000000000000000e+00 0.000000000000000e+00 0.000000000000000e+00 0.000000000000000e+00 0.000000000000000e+00 0.000000000000000e+00 0.000000000000000e+00 0.000000000000000e+00 0.000000000000000e+00
 0.000000000000000e+00 0.000000000000000e+00 0.000000000000000e+00 0.000000000000000e+00 0.000000000000000e+00 0.000000000000000e+00 0.000000000000000e+00 0.000000000000000e+00 0.000000000000000e+00 0.000000000000000e+00
 0.000000000000000e+00 0.000000000000000e+00 0.000000000000000e+00 0.000000000000000e+00 0.000000000000000e+00 0.000000000000000e+00 0.000000000000000e+00 0.000000000000000e+00 0.000000000000000e+00 0.000000000000000e+00
 0.000000000000000e+00 0.000000000000000e+00 0.000000000000000e+00 0.000000000000000e+00 0.000000000000000e+00 0.000000000000000e+00 0.000000000000000e+00 0.000000000000000e+00 0.000000000000000e+00 0.000000000000000e+00
 0.000000000000000e+00 0.000000000000000e+00 0.000000000000000e+00 0.000000000000000e+00 0.000000000000000e+00 0.000000000000000e+00 0.000000000000000e+00 0.000000000000000e+00 0.000000000000000e+00 0.000000000000000e+00
 0.000000000000000e+00 0.000000000000000e+00 0.000000000000000e+00 0.000000000000000e+00 0.000000000000000e+00 0.000000000000000e+00 0.000000000000000e+00 0.000000000000000e+00 0.000000000000000e+00 0.000000000000000e+00
 0.000000000000000e+00 0.000000000000000e+00 0.000000000000000e+00 0.000000000000000e+00 0.000000000000000e+00 0.000000000000000e+00 0.000000000000000e+00 0.000000000000000e+00 0.000000000000000e+00 0.000000000000000e+00
 0.000000000000000e+00 0.000000000000000e+00 0.000000000000000e+00 0.000000000000000e+00 0.000000000000000e+00 0.000000000000000e+00 0.000000000000000e+00 0.000000000000000e+00 0.000000000000000e+00 0.000000000000000e+00
 0.000000000000000e+00 0.000000000000000e+00 0.000000000000000e+00 0.000000000000000e+00 0.000000000000000e+00 0.000000000000000e+00 0.000000000000000e+00 0.000000000000000e+00 0.000000000000000e+00 0.000000000000000e+00
 0.000000000000000e+00 0.000000000000000e+00 0.000000000000000e+00 0.000000000000000e+00 0.000000000000000e+00 0.000000000000000e+00 0.000000000000000e+00 0.000000000000000e+00 0.000000000000000e+00 0.000000000000000e+00
 0.000000000000000e+00 0.000000000000000e+00 0.000000000000000e+00 0.000000000000000e+00 0.000000000000000e+00 0.000000000000000e+00 0.000000000000000e+00 0.000000000000000e+00 0.000000000000000e+00 0.000000000000000e+00
 0.000000000000000e+00 0.000000000000000e+00 0.000000000000000e+00 0.000000000000000e+00 0.000000000000000e+00 0.000000000000000e+00 0.000000000000000e+00 0.000000000000000e+00 0.000000000000000e+00 0.000000000000000e+00
 0.000000000000000e+00 0.000000000000000e+00 0.000000000000000e+00 0.000000000000000e+00 0.000000000000000e+00 0.000000000000000e+00 0.000000000000000e+00 0.000000000000000e+00 0.000000000000000e+00 0.000000000000000e+00
 0.000000000000000e+00 0.000000000000000e+00 0.000000000000000e+00 0.000000000000000e+00 0.000000000000000e+00 0.000000000000000e+00 0.000000000000000e+00 0.000000000000000e+00 0.000000000000000e+00 0.000000000000000e+00
 0.000000000000000e+00 0.000000000000000e+00 0.000000000000000e+00 0.000000000000000e+00 0.000000000000000e+00 0.000000000000000e+00 0.000000000000000e+00 0.000000000000000e+00 0.000000000000000e+00 0.000000000000000e+00
 0.000000000000000e+00 0.000000000000000e+00 0.000000000000000e+00 0.000000000000000e+00 0.000000000000000e+00 0.000000000000000e+00 0.000000000000000e+00 0.000000000000000e+00 0.000000000000000e+00 0.000000000000000e+00
 0.000000000000000e+00 0.000000000000000e+00 0.000000000000000e+00 0.000000000000000e+00 0.000000000000000e+00 0.000000000000000e+00 0.000000000000000e+00 0.000000000000000e+00 0.000000000000000e+00 0.000000000000000e+00
 0.000000000000000e+00 0.000000000000000e+00 0.000000000000000e+00 0.000000000000000e+00 0.000000000000000e+00 0.000000000000000e+00 0.000000000000000e+00 0.000000000000000e+00 0.000000000000000e+00 0.000000000000000e+00
 0.000000000000000e+00 0.000000000000000e+00 0.000000000000000e+00 0.000000000000000e+00 0.000000000000000e+00 0.000000000000000e+00 0.000000000000000e+00 0.000000000000000e+00 0.000000000000000e+00 0.000000000000000e+00
 1.000000000000005e+19 0.000000000000000e+00 1.000000000000005e+19 0.000000000000000e+00 0.000000000000000e+00 0.000000000000000e+00 0.000000000000000e+00 0.000000000000000e+00 0.000000000000000e+00 0.000000000000000e+00
 0.000000000000000e+00 0.000000000000000e+00 0.000000000000000e+00 0.000000000000000e+00 0.000000000000000e+00 0.000000000000000e+00 0.000000000000000e+00 0.000000000000000e+00 0.000000000000000e+00 0.000000000000000e+00
 0.000000000000000e+00 0.000000000000000e+00 0.000000000000000e+00 0.000000000000000e+00 0.000000000000000e+00 0.000000000000000e+00 0.000000000000000e+00 0.000000000000000e+00 0.000000000000000e+00 0.000000000000000e+00
 0.000000000000000e+00 0.000000000000000e+00 0.000000000000000e+00 0.000000000000000e+00 0.000000000000000e+00 0.000000000000000e+00 0.000000000000000e+00 0.000000000000000e+00 0.000000000000000e+00 0.000000000000000e+00
 0.000000000000000e+00 0.000000000000000e+00 0.000000000000000e+00 0.000000000000000e+00 0.000000000000000e+00 0.000000000000000e+00 0.000000000000000e+00 0.000000000000000e+00 0.000000000000000e+00 0.000000000000000e+00
 0.000000000000000e+00 0.000000000000000e+00 0.000000000000000e+00 0.000000000000000e+00 0.000000000000000e+00 0.000000000000000e+00 0.000000000000000e+00 0.000000000000000e+00 0.000000000000000e+00 0.000000000000000e+00
 0.000000000000000e+00 0.000000000000000e+00 0.000000000000000e+00 0.000000000000000e+00 0.000000000000000e+00 0.000000000000000e+00 0.000000000000000e+00 0.000000000000000e+00 0.000000000000000e+00 0.000000000000000e+00
 1.000000000000005e+19 0.000000000000000e+00 1.000000000000005e+19 0.000000000000000e+00 0.000000000000000e+00 0.000000000000000e+00 0.000000000000000e+00 0.000000000000000e+00 0.000000000000000e+00 0.000000000000000e+00
 0.000000000000000e+00 0.000000000000000e+00 0.000000000000000e+00 0.000000000000000e+00 0.000000000000000e+00 0.000000000000000e+00 0.000000000000000e+00 0.000000000000000e+00 0.000000000000000e+00 0.000000000000000e+00
 0.000000000000000e+00 0.000000000000000e+00 0.000000000000000e+00 0.000000000000000e+00 0.000000000000000e+00 0.000000000000000e+00 0.000000000000000e+00 0.000000000000000e+00 0.000000000000000e+00 0.000000000000000e+00
 0.000000000000000e+00 0.000000000000000e+00 0.000000000000000e+00 0.000000000000000e+00 0.000000000000000e+00 0.000000000000000e+00 0.000000000000000e+00 0.000000000000000e+00 0.000000000000000e+00 0.000000000000000e+00
 0.000000000000000e+00 0.000000000000000e+00 0.000000000000000e+00 0.000000000000000e+00 0.000000000000000e+00 0.000000000000000e+00 0.000000000000000e+00 0.000000000000000e+00 0.000000000000000e+00 0.000000000000000e+00
 0.000000000000000e+00 0.000000000000000e+00 0.000000000000000e+00 0.000000000000000e+00 0.000000000000000e+00 0.000000000000000e+00 0.000000000000000e+00 0.000000000000000e+00 0.000000000000000e+00 0.000000000000000e+00
 0.000000000000000e+00 0.000000000000000e+00 0.000000000000000e+00 0.000000000000000e+00 0.000000000000000e+00 0.000000000000000e+00 0.000000000000000e+00 0.000000000000000e+00 0.000000000000000e+00 0.000000000000000e+00
 1.000000000000005e+19 0.000000000000000e+00 1.000000000000005e+19 0.000000000000000e+00 0.000000000000000e+00 0.000000000000000e+00 0.000000000000000e+00 0.000000000000000e+00 0.000000000000000e+00 0.000000000000000e+00
 0.000000000000000e+00 0.000000000000000e+00 0.000000000000000e+00 0.000000000000000e+00 0.000000000000000e+00 0.000000000000000e+00 0.000000000000000e+00 0.000000000000000e+00 0.000000000000000e+00 0.000000000000000e+00
 0.000000000000000e+00 0.000000000000000e+00 0.000000000000000e+00 0.000000000000000e+00 0.000000000000000e+00 0.000000000000000e+00 0.000000000000000e+00 0.000000000000000e+00 0.000000000000000e+00 0.000000000000000e+00
 0.000000000000000e+00 0.000000000000000e+00 0.000000000000000e+00 0.000000000000000e+00 0.000000000000000e+00 0.000000000000000e+00 0.000000000000000e+00 0.000000000000000e+00 0.000000000000000e+00 0.000000000000000e+00
 0.000000000000000e+00 0.000000000000000e+00 0.000000000000000e+00 0.000000000000000e+00 0.000000000000000e+00 0.000000000000000e+00 0.000000000000000e+00 0.000000000000000e+00 0.000000000000000e+00 0.000000000000000e+00
 0.000000000000000e+00 0.000000000000000e+00 0.000000000000000e+00 0.000000000000000e+00 0.000000000000000e+00 0.000000000000000e+00 0.000000000000000e+00 0.000000000000000e+00 0.000000000000000e+00 0.000000000000000e+00
 0.000000000000000e+00 0.000000000000000e+00 0.000000000000000e+00 0.000000000000000e+00 0.000000000000000e+00 0.000000000000000e+00 0.000000000000000e+00 0.000000000000000e+00 0.000000000000000e+00 0.000000000000000e+00
 1.000000000000005e+19 0.000000000000000e+00 1.000000000000005e+19 0.000000000000000e+00 0.000000000000000e+00 0.000000000000000e+00 0.000000000000000e+00 0.000000000000000e+00 0.000000000000000e+00 0.000000000000000e+00
 0.000000000000000e+00 0.000000000000000e+00 0.000000000000000e+00 0.000000000000000e+00 0.000000000000000e+00 0.000000000000000e+00 0.000000000000000e+00 0.000000000000000e+00 0.000000000000000e+00 0.000000000000000e+00
 0.000000000000000e+00 0.000000000000000e+00 0.000000000000000e+00 0.000000000000000e+00 0.000000000000000e+00 0.000000000000000e+00 0.000000000000000e+00 0.000000000000000e+00 0.000000000000000e+00 0.000000000000000e+00
 0.000000000000000e+00 0.000000000000000e+00 0.000000000000000e+00 0.000000000000000e+00 0.000000000000000e+00 0.000000000000000e+00 0.000000000000000e+00 0.000000000000000e+00 0.000000000000000e+00 0.000000000000000e+00
 0.000000000000000e+00 0.000000000000000e+00 0.000000000000000e+00 0.000000000000000e+00 0.000000000000000e+00 0.000000000000000e+00 0.000000000000000e+00 0.000000000000000e+00 0.000000000000000e+00 0.000000000000000e+00
 0.000000000000000e+00 0.000000000000000e+00 0.000000000000000e+00 0.000000000000000e+00 0.000000000000000e+00 0.000000000000000e+00 0.000000000000000e+00 0.000000000000000e+00 0.000000000000000e+00 0.000000000000000e+00
 0.000000000000000e+00 0.000000000000000e+00 0.000000000000000e+00 0.000000000000000e+00 0.000000000000000e+00 0.000000000000000e+00 0.000000000000000e+00 0.000000000000000e+00 0.000000000000000e+00 0.000000000000000e+00
 0.000000000000000e+00 0.000000000000000e+00 0.000000000000000e+00 0.000000000000000e+00 0.000000000000000e+00 0.000000000000000e+00 0.000000000000000e+00 0.000000000000000e+00 0.000000000000000e+00 0.000000000000000e+00
 0.000000000000000e+00 0.000000000000000e+00 0.000000000000000e+00 0.000000000000000e+00 0.000000000000000e+00 0.000000000000000e+00 0.000000000000000e+00 0.000000000000000e+00 0.000000000000000e+00 0.000000000000000e+00
 0.000000000000000e+00 0.000000000000000e+00 0.000000000000000e+00 0.000000000000000e+00 0.000000000000000e+00 0.000000000000000e+00 0.000000000000000e+00 0.000000000000000e+00 0.000000000000000e+00 0.000000000000000e+00
 0.000000000000000e+00 0.000000000000000e+00 0.000000000000000e+00 0.000000000000000e+00 0.000000000000000e+00 0.000000000000000e+00 0.000000000000000e+00 0.000000000000000e+00 0.000000000000000e+00 0.000000000000000e+00
 0.000000000000000e+00 0.000000000000000e+00 0.000000000000000e+00 0.000000000000000e+00 0.000000000000000e+00 0.000000000000000e+00 0.000000000000000e+00 0.000000000000000e+00 0.000000000000000e+00 0.000000000000000e+00
 0.000000000000000e+00 0.000000000000000e+00 0.000000000000000e+00 0.000000000000000e+00 0.000000000000000e+00 0.000000000000000e+00 0.000000000000000e+00 0.000000000000000e+00 0.000000000000000e+00 0.000000000000000e+00
 0.000000000000000e+00 0.000000000000000e+00 0.000000000000000e+00 0.000000000000000e+00 0.000000000000000e+00 0.000000000000000e+00 0.000000000000000e+00 0.000000000000000e+00 0.000000000000000e+00 0.000000000000000e+00
 0.000000000000000e+00 0.000000000000000e+00 0.000000000000000e+00 0.000000000000000e+00 0.000000000000000e+00 0.000000000000000e+00 0.000000000000000e+00 0.000000000000000e+00 0.000000000000000e+00 0.000000000000000e+00
 0.000000000000000e+00 0.000000000000000e+00 0.000000000000000e+00 0.000000000000000e+00 0.000000000000000e+00 0.000000000000000e+00 0.000000000000000e+00 0.000000000000000e+00 0.000000000000000e+00 0.000000000000000e+00
 0.000000000000000e+00 0.000000000000000e+00 0.000000000000000e+00 0.000000000000000e+00 0.000000000000000e+00 0.000000000000000e+00 0.000000000000000e+00 0.000000000000000e+00 0.000000000000000e+00 0.000000000000000e+00
 0.000000000000000e+00 0.000000000000000e+00 0.000000000000000e+00 0.000000000000000e+00 0.000000000000000e+00 0.000000000000000e+00 0.000000000000000e+00 0.000000000000000e+00 0.000000000000000e+00 0.000000000000000e+00
 0.000000000000000e+00 0.000000000000000e+00 0.000000000000000e+00 0.000000000000000e+00 0.000000000000000e+00 0.000000000000000e+00 0.000000000000000e+00 0.000000000000000e+00 0.000000000000000e+00 0.000000000000000e+00
 0.000000000000000e+00 0.000000000000000e+00 0.000000000000000e+00 0.000000000000000e+00 0.000000000000000e+00 0.000000000000000e+00 0.000000000000000e+00 0.000000000000000e+00 0.000000000000000e+00 0.000000000000000e+00
 0.000000000000000e+00 0.000000000000000e+00 0.000000000000000e+00 0.000000000000000e+00 0.000000000000000e+00 0.000000000000000e+00 0.000000000000000e+00 0.000000000000000e+00 0.000000000000000e+00 0.000000000000000e+00
 0.000000000000000e+00 0.000000000000000e+00 0.000000000000000e+00 0.000000000000000e+00 0.000000000000000e+00 0.000000000000000e+00 0.000000000000000e+00 0.000000000000000e+00 0.000000000000000e+00 0.000000000000000e+00
 0.000000000000000e+00 0.000000000000000e+00 0.000000000000000e+00 0.000000000000000e+00 0.000000000000000e+00 0.000000000000000e+00 0.000000000000000e+00 0.000000000000000e+00 0.000000000000000e+00 0.000000000000000e+00
 0.000000000000000e+00 0.000000000000000e+00 0.000000000000000e+00 0.000000000000000e+00 0.000000000000000e+00 0.000000000000000e+00 0.000000000000000e+00 0.000000000000000e+00 0.000000000000000e+00 0.000000000000000e+00
 0.000000000000000e+00 0.000000000000000e+00 0.000000000000000e+00 0.000000000000000e+00 0.000000000000000e+00 0.000000000000000e+00 0.000000000000000e+00 0.000000000000000e+00 0.000000000000000e+00 0.000000000000000e+00
 0.000000000000000e+00 0.000000000000000e+00 0.000000000000000e+00 0.000000000000000e+00 0.000000000000000e+00 0.000000000000000e+00 0.000000000000000e+00 0.000000000000000e+00 0.000000000000000e+00 0.000000000000000e+00
 0.000000000000000e+00 0.000000000000000e+00 0.000000000000000e+00 0.000000000000000e+00 0.000000000000000e+00 0.000000000000000e+00 0.000000000000000e+00 0.000000000000000e+00 0.000000000000000e+00 0.000000000000000e+00
 0.000000000000000e+00 0.000000000000000e+00 0.000000000000000e+00 0.000000000000000e+00 0.000000000000000e+00 0.000000000000000e+00 0.000000000000000e+00 0.000000000000000e+00 0.000000000000000e+00 0.000000000000000e+00
 0.000000000000000e+00 0.000000000000000e+00 0.000000000000000e+00 0.000000000000000e+00 0.000000000000000e+00 0.000000000000000e+00 0.000000000000000e+00 0.000000000000000e+00 0.000000000000000e+00 0.000000000000000e+00
 0.000000000000000e+00 0.000000000000000e+00 0.000000000000000e+00 0.000000000000000e+00 0.000000000000000e+00 0.000000000000000e+00 0.000000000000000e+00 0.000000000000000e+00 0.000000000000000e+00 0.000000000000000e+00
 0.000000000000000e+00 0.000000000000000e+00 0.000000000000000e+00 0.000000000000000e+00 0.000000000000000e+00 0.000000000000000e+00 0.000000000000000e+00 0.000000000000000e+00 0.000000000000000e+00 0.000000000000000e+00
 0.000000000000000e+00 0.000000000000000e+00 0.000000000000000e+00 0.000000000000000e+00 0.000000000000000e+00 0.000000000000000e+00 0.000000000000000e+00 0.000000000000000e+00 0.000000000000000e+00 0.000000000000000e+00
 0.000000000000000e+00 0.000000000000000e+00 0.000000000000000e+00 0.000000000000000e+00 0.000000000000000e+00 0.000000000000000e+00 0.000000000000000e+00 0.000000000000000e+00 0.000000000000000e+00 0.000000000000000e+00
 0.000000000000000e+00 0.000000000000000e+00 0.000000000000000e+00 0.000000000000000e+00 1.000000000000005e+19 0.000000000000000e+00 1.000000000000005e+19 0.000000000000000e+00 0.000000000000000e+00 0.000000000000000e+00
 0.000000000000000e+00 0.000000000000000e+00 0.000000000000000e+00 0.000000000000000e+00 0.000000000000000e+00 0.000000000000000e+00 0.000000000000000e+00 0.000000000000000e+00 0.000000000000000e+00 0.000000000000000e+00
 0.000000000000000e+00 0.000000000000000e+00 0.000000000000000e+00 0.000000000000000e+00 0.000000000000000e+00 0.000000000000000e+00 0.000000000000000e+00 0.000000000000000e+00 0.000000000000000e+00 0.000000000000000e+00
 0.000000000000000e+00 0.000000000000000e+00 0.000000000000000e+00 0.000000000000000e+00 0.000000000000000e+00 0.000000000000000e+00 0.000000000000000e+00 0.000000000000000e+00 0.000000000000000e+00 0.000000000000000e+00
 0.000000000000000e+00 0.000000000000000e+00 0.000000000000000e+00 0.000000000000000e+00 0.000000000000000e+00 0.000000000000000e+00 0.000000000000000e+00 0.000000000000000e+00 0.000000000000000e+00 0.000000000000000e+00
 0.000000000000000e+00 0.000000000000000e+00 0.000000000000000e+00 0.000000000000000e+00 0.000000000000000e+00 0.000000000000000e+00 0.000000000000000e+00 0.000000000000000e+00 0.000000000000000e+00 0.000000000000000e+00
 0.000000000000000e+00 0.000000000000000e+00 0.000000000000000e+00 0.000000000000000e+00 0.000000000000000e+00 0.000000000000000e+00 0.000000000000000e+00 0.000000000000000e+00 0.000000000000000e+00 0.000000000000000e+00
 0.000000000000000e+00 0.000000000000000e+00 0.000000000000000e+00 0.000000000000000e+00 1.000000000000005e+19 0.000000000000000e+00 1.000000000000005e+19 0.000000000000000e+00 0.000000000000000e+00 0.000000000000000e+00
 0.000000000000000e+00 0.000000000000000e+00 0.000000000000000e+00 0.000000000000000e+00 0.000000000000000e+00 0.000000000000000e+00 0.000000000000000e+00 0.000000000000000e+00 0.000000000000000e+00 0.000000000000000e+00
 0.000000000000000e+00 0.000000000000000e+00 0.000000000000000e+00 0.000000000000000e+00 0.000000000000000e+00 0.000000000000000e+00 0.000000000000000e+00 0.000000000000000e+00 0.000000000000000e+00 0.000000000000000e+00
 0.000000000000000e+00 0.000000000000000e+00 0.000000000000000e+00 0.000000000000000e+00 0.000000000000000e+00 0.000000000000000e+00 0.000000000000000e+00 0.000000000000000e+00 0.000000000000000e+00 0.000000000000000e+00
 0.000000000000000e+00 0.000000000000000e+00 0.000000000000000e+00 0.000000000000000e+00 0.000000000000000e+00 0.000000000000000e+00 0.000000000000000e+00 0.000000000000000e+00 0.000000000000000e+00 0.000000000000000e+00
 0.000000000000000e+00 0.000000000000000e+00 0.000000000000000e+00 0.000000000000000e+00 0.000000000000000e+00 0.000000000000000e+00 0.000000000000000e+00 0.000000000000000e+00 0.000000000000000e+00 0.000000000000000e+00
 0.000000000000000e+00 0.000000000000000e+00 0.000000000000000e+00 0.000000000000000e+00 0.000000000000000e+00 0.000000000000000e+00 0.000000000000000e+00 0.000000000000000e+00 0.000000000000000e+00 0.000000000000000e+00
 0.000000000000000e+00 0.000000000000000e+00 0.000000000000000e+00 0.000000000000000e+00 0.000000000000000e+00 0.000000000000000e+00 0.000000000000000e+00 0.000000000000000e+00 0.000000000000000e+00 0.000000000000000e+00
 0.000000000000000e+00 0.000000000000000e+00 0.000000000000000e+00 0.000000000000000e+00 0.000000000000000e+00 0.000000000000000e+00 0.000000000000000e+00 0.000000000000000e+00 0.000000000000000e+00 0.000000000000000e+00
 0.000000000000000e+00 0.000000000000000e+00 0.000000000000000e+00 0.000000000000000e+00 0.000000000000000e+00 0.000000000000000e+00 0.000000000000000e+00 0.000000000000000e+00 0.000000000000000e+00 0.000000000000000e+00
 0.000000000000000e+00 0.000000000000000e+00 0.000000000000000e+00 0.000000000000000e+00 0.000000000000000e+00 0.000000000000000e+00 0.000000000000000e+00 0.000000000000000e+00 0.000000000000000e+00 0.000000000000000e+00
 0.000000000000000e+00 0.000000000000000e+00 0.000000000000000e+00 0.000000000000000e+00 0.000000000000000e+00 0.000000000000000e+00 0.000000000000000e+00 0.000000000000000e+00 0.000000000000000e+00 0.000000000000000e+00
 0.000000000000000e+00 0.000000000000000e+00 0.000000000000000e+00 0.000000000000000e+00 0.000000000000000e+00 0.000000000000000e+00 0.000000000000000e+00 0.000000000000000e+00 0.000000000000000e+00 0.000000000000000e+00
 0.000000000000000e+00 0.000000000000000e+00 0.000000000000000e+00 0.000000000000000e+00 0.000000000000000e+00 0.000000000000000e+00 0.000000000000000e+00 0.000000000000000e+00 0.000000000000000e+00 0.000000000000000e+00
 0.000000000000000e+00 0.000000000000000e+00 0.000000000000000e+00 0.000000000000000e+00 0.000000000000000e+00 0.000000000000000e+00 0.000000000000000e+00 0.000000000000000e+00 0.000000000000000e+00 0.000000000000000e+00
 0.000000000000000e+00 0.000000000000000e+00 0.000000000000000e+00 0.000000000000000e+00 0.000000000000000e+00 0.000000000000000e+00 0.000000000000000e+00 0.000000000000000e+00 0.000000000000000e+00 0.000000000000000e+00
 0.000000000000000e+00 0.000000000000000e+00 0.000000000000000e+00 0.000000000000000e+00 0.000000000000000e+00 0.000000000000000e+00 0.000000000000000e+00 0.000000000000000e+00 0.000000000000000e+00 0.000000000000000e+00
 0.000000000000000e+00 0.000000000000000e+00 0.000000000000000e+00 0.000000000000000e+00 0.000000000000000e+00 0.000000000000000e+00 0.000000000000000e+00 0.000000000000000e+00 0.000000000000000e+00 0.000000000000000e+00
 0.000000000000000e+00 0.000000000000000e+00 0.000000000000000e+00 0.000000000000000e+00 0.000000000000000e+00 0.000000000000000e+00 0.000000000000000e+00 0.000000000000000e+00 0.000000000000000e+00 0.000000000000000e+00
 0.000000000000000e+00 0.000000000000000e+00 0.000000000000000e+00 0.000000000000000e+00 0.000000000000000e+00 0.000000000000000e+00 0.000000000000000e+00 0.000000000000000e+00 0.000000000000000e+00 0.000000000000000e+00
 0.000000000000000e+00 0.000000000000000e+00 0.000000000000000e+00 0.000000000000000e+00 0.000000000000000e+00 0.000000000000000e+00 1.000000000000005e+19 0.000000000000000e+00 1.000000000000005e+19 0.000000000000000e+00
 0.000000000000000e+00 0.000000000000000e+00 0.000000000000000e+00 0.000000000000000e+00 0.000000000000000e+00 0.000000000000000e+00 0.000000000000000e+00 0.000000000000000e+00 0.000000000000000e+00 0.000000000000000e+00
 0.000000000000000e+00 0.000000000000000e+00 0.000000000000000e+00 0.000000000000000e+00 0.000000000000000e+00 0.000000000000000e+00 0.000000000000000e+00 0.000000000000000e+00 0.000000000000000e+00 0.000000000000000e+00
 0.000000000000000e+00 0.000000000000000e+00 0.000000000000000e+00 0.000000000000000e+00 0.000000000000000e+00 0.000000000000000e+00 0.000000000000000e+00 0.000000000000000e+00 0.000000000000000e+00 0.000000000000000e+00
 0.000000000000000e+00 0.000000000000000e+00 0.000000000000000e+00 0.000000000000000e+00 0.000000000000000e+00 0.000000000000000e+00 0.000000000000000e+00 0.000000000000000e+00 0.000000000000000e+00 0.000000000000000e+00
 0.000000000000000e+00 0.000000000000000e+00 0.000000000000000e+00 0.000000000000000e+00 0.000000000000000e+00 0.000000000000000e+00 0.000000000000000e+00 0.000000000000000e+00 0.000000000000000e+00 0.000000000000000e+00
 0.000000000000000e+00 0.000000000000000e+00 0.000000000000000e+00 0.000000000000000e+00 0.000000000000000e+00 0.000000000000000e+00 0.000000000000000e+00 0.000000000000000e+00 0.000000000000000e+00 0.000000000000000e+00
 0.000000000000000e+00 0.000000000000000e+00 0.000000000000000e+00 0.000000000000000e+00 0.000000000000000e+00 0.000000000000000e+00 0.000000000000000e+00 0.000000000000000e+00 0.000000000000000e+00 0.000000000000000e+00
 0.000000000000000e+00 0.000000000000000e+00 0.000000000000000e+00 0.000000000000000e+00 0.000000000000000e+00 0.000000000000000e+00 0.000000000000000e+00 0.000000000000000e+00 0.000000000000000e+00 0.000000000000000e+00
 0.000000000000000e+00 0.000000000000000e+00 0.000000000000000e+00 0.000000000000000e+00 0.000000000000000e+00 0.000000000000000e+00 0.000000000000000e+00 0.000000000000000e+00 0.000000000000000e+00 0.000000000000000e+00
 0.000000000000000e+00 0.000000000000000e+00 0.000000000000000e+00 0.000000000000000e+00 0.000000000000000e+00 0.000000000000000e+00 0.000000000000000e+00 0.000000000000000e+00 0.000000000000000e+00 0.000000000000000e+00
 0.000000000000000e+00 0.000000000000000e+00 0.000000000000000e+00 0.000000000000000e+00 0.000000000000000e+00 0.000000000000000e+00 0.000000000000000e+00 0.000000000000000e+00 0.000000000000000e+00 0.000000000000000e+00
 0.000000000000000e+00 0.000000000000000e+00 0.000000000000000e+00 0.000000000000000e+00 0.000000000000000e+00 0.000000000000000e+00 0.000000000000000e+00 0.000000000000000e+00 0.000000000000000e+00 0.000000000000000e+00
 0.000000000000000e+00 0.000000000000000e+00 0.000000000000000e+00 0.000000000000000e+00 0.000000000000000e+00 0.000000000000000e+00 0.000000000000000e+00 0.000000000000000e+00 0.000000000000000e+00 0.000000000000000e+00
 0.000000000000000e+00 0.000000000000000e+00 1.000000000000005e+19 0.000000000000000e+00 0.000000000000000e+00 0.000000000000000e+00 0.000000000000000e+00 0.000000000000000e+00 0.000000000000000e+00 0.000000000000000e+00
 0.000000000000000e+00 0.000000000000000e+00 0.000000000000000e+00 0.000000000000000e+00 0.000000000000000e+00 0.000000000000000e+00 0.000000000000000e+00 0.000000000000000e+00 0.000000000000000e+00 0.000000000000000e+00
 0.000000000000000e+00 0.000000000000000e+00 0.000000000000000e+00 0.000000000000000e+00 0.000000000000000e+00 0.000000000000000e+00 0.000000000000000e+00 0.000000000000000e+00 0.000000000000000e+00 0.000000000000000e+00
 0.000000000000000e+00 0.000000000000000e+00 0.000000000000000e+00 0.000000000000000e+00 0.000000000000000e+00 0.000000000000000e+00 0.000000000000000e+00 0.000000000000000e+00 0.000000000000000e+00 0.000000000000000e+00
 0.000000000000000e+00 0.000000000000000e+00 0.000000000000000e+00 0.000000000000000e+00 0.000000000000000e+00 0.000000000000000e+00 0.000000000000000e+00 0.000000000000000e+00 0.000000000000000e+00 0.000000000000000e+00
 0.000000000000000e+00 0.000000000000000e+00 0.000000000000000e+00 0.000000000000000e+00 0.000000000000000e+00 0.000000000000000e+00 0.000000000000000e+00 0.000000000000000e+00 0.000000000000000e+00 0.000000000000000e+00
 0.000000000000000e+00 0.000000000000000e+00 0.000000000000000e+00 0.000000000000000e+00 0.000000000000000e+00 0.000000000000000e+00 0.000000000000000e+00 0.000000000000000e+00 0.000000000000000e+00 0.000000000000000e+00
 0.000000000000000e+00 0.000000000000000e+00 0.000000000000000e+00 0.000000000000000e+00 0.000000000000000e+00 0.000000000000000e+00 0.000000000000000e+00 0.000000000000000e+00 0.000000000000000e+00 0.000000000000000e+00
 0.000000000000000e+00 0.000000000000000e+00 0.000000000000000e+00 0.000000000000000e+00 0.000000000000000e+00 0.000000000000000e+00 0.000000000000000e+00 0.000000000000000e+00 0.000000000000000e+00 0.000000000000000e+00
 0.000000000000000e+00 0.000000000000000e+00 0.000000000000000e+00 0.000000000000000e+00 0.000000000000000e+00 0.000000000000000e+00 0.000000000000000e+00 0.000000000000000e+00 0.000000000000000e+00 0.000000000000000e+00
 0.000000000000000e+00 0.000000000000000e+00 0.000000000000000e+00 0.000000000000000e+00 0.000000000000000e+00 0.000000000000000e+00 0.000000000000000e+00 0.000000000000000e+00 0.000000000000000e+00 0.000000000000000e+00
 0.000000000000000e+00 0.000000000000000e+00 0.000000000000000e+00 0.000000000000000e+00 0.000000000000000e+00 0.000000000000000e+00 0.000000000000000e+00 0.000000000000000e+00 0.000000000000000e+00 0.000000000000000e+00
 0.000000000000000e+00 0.000000000000000e+00 0.000000000000000e+00 0.000000000000000e+00 0.000000000000000e+00 0.000000000000000e+00 0.000000000000000e+00 0.000000000000000e+00 0.000000000000000e+00 0.000000000000000e+00
 0.000000000000000e+00 0.000000000000000e+00 0.000000000000000e+00 0.000000000000000e+00 0.000000000000000e+00 0.000000000000000e+00 0.000000000000000e+00 0.000000000000000e+00 1.000000000000005e+19 1.000000000000005e+19

    }
  }

  Dataset ("OpticalGeneration") {
    function  = OpticalGeneration
    type      = scalar
    dimension = 1
    location  = vertex
    validity  = [ "p_plus" "i_layer" "n_plus" ]
    Values (7995) {
 0.000000000000000e+00 0.000000000000000e+00 0.000000000000000e+00 0.000000000000000e+00 0.000000000000000e+00 0.000000000000000e+00 0.000000000000000e+00 0.000000000000000e+00 0.000000000000000e+00 0.000000000000000e+00
 0.000000000000000e+00 0.000000000000000e+00 0.000000000000000e+00 0.000000000000000e+00 0.000000000000000e+00 0.000000000000000e+00 0.000000000000000e+00 0.000000000000000e+00 0.000000000000000e+00 0.000000000000000e+00
 0.000000000000000e+00 0.000000000000000e+00 0.000000000000000e+00 0.000000000000000e+00 0.000000000000000e+00 0.000000000000000e+00 0.000000000000000e+00 0.000000000000000e+00 0.000000000000000e+00 0.000000000000000e+00
 0.000000000000000e+00 0.000000000000000e+00 0.000000000000000e+00 0.000000000000000e+00 0.000000000000000e+00 0.000000000000000e+00 0.000000000000000e+00 0.000000000000000e+00 0.000000000000000e+00 0.000000000000000e+00
 0.000000000000000e+00 0.000000000000000e+00 0.000000000000000e+00 0.000000000000000e+00 0.000000000000000e+00 0.000000000000000e+00 0.000000000000000e+00 0.000000000000000e+00 0.000000000000000e+00 0.000000000000000e+00
 0.000000000000000e+00 0.000000000000000e+00 0.000000000000000e+00 0.000000000000000e+00 0.000000000000000e+00 0.000000000000000e+00 0.000000000000000e+00 0.000000000000000e+00 0.000000000000000e+00 0.000000000000000e+00
 0.000000000000000e+00 0.000000000000000e+00 0.000000000000000e+00 0.000000000000000e+00 0.000000000000000e+00 0.000000000000000e+00 0.000000000000000e+00 0.000000000000000e+00 0.000000000000000e+00 0.000000000000000e+00
 0.000000000000000e+00 0.000000000000000e+00 0.000000000000000e+00 0.000000000000000e+00 0.000000000000000e+00 0.000000000000000e+00 0.000000000000000e+00 0.000000000000000e+00 0.000000000000000e+00 0.000000000000000e+00
 0.000000000000000e+00 0.000000000000000e+00 0.000000000000000e+00 0.000000000000000e+00 0.000000000000000e+00 0.000000000000000e+00 0.000000000000000e+00 0.000000000000000e+00 0.000000000000000e+00 0.000000000000000e+00
 0.000000000000000e+00 0.000000000000000e+00 0.000000000000000e+00 0.000000000000000e+00 0.000000000000000e+00 0.000000000000000e+00 0.000000000000000e+00 0.000000000000000e+00 0.000000000000000e+00 0.000000000000000e+00
 0.000000000000000e+00 0.000000000000000e+00 0.000000000000000e+00 0.000000000000000e+00 0.000000000000000e+00 0.000000000000000e+00 0.000000000000000e+00 0.000000000000000e+00 0.000000000000000e+00 0.000000000000000e+00
 0.000000000000000e+00 0.000000000000000e+00 0.000000000000000e+00 0.000000000000000e+00 0.000000000000000e+00 0.000000000000000e+00 0.000000000000000e+00 0.000000000000000e+00 0.000000000000000e+00 0.000000000000000e+00
 0.000000000000000e+00 0.000000000000000e+00 0.000000000000000e+00 0.000000000000000e+00 0.000000000000000e+00 0.000000000000000e+00 0.000000000000000e+00 0.000000000000000e+00 0.000000000000000e+00 0.000000000000000e+00
 0.000000000000000e+00 0.000000000000000e+00 0.000000000000000e+00 0.000000000000000e+00 0.000000000000000e+00 0.000000000000000e+00 0.000000000000000e+00 0.000000000000000e+00 0.000000000000000e+00 0.000000000000000e+00
 0.000000000000000e+00 0.000000000000000e+00 0.000000000000000e+00 0.000000000000000e+00 0.000000000000000e+00 0.000000000000000e+00 0.000000000000000e+00 0.000000000000000e+00 0.000000000000000e+00 0.000000000000000e+00
 0.000000000000000e+00 0.000000000000000e+00 0.000000000000000e+00 0.000000000000000e+00 0.000000000000000e+00 0.000000000000000e+00 0.000000000000000e+00 0.000000000000000e+00 0.000000000000000e+00 0.000000000000000e+00
 0.000000000000000e+00 0.000000000000000e+00 0.000000000000000e+00 0.000000000000000e+00 0.000000000000000e+00 0.000000000000000e+00 0.000000000000000e+00 0.000000000000000e+00 0.000000000000000e+00 0.000000000000000e+00
 0.000000000000000e+00 0.000000000000000e+00 0.000000000000000e+00 0.000000000000000e+00 0.000000000000000e+00 0.000000000000000e+00 0.000000000000000e+00 0.000000000000000e+00 0.000000000000000e+00 0.000000000000000e+00
 0.000000000000000e+00 0.000000000000000e+00 0.000000000000000e+00 0.000000000000000e+00 0.000000000000000e+00 0.000000000000000e+00 0.000000000000000e+00 0.000000000000000e+00 0.000000000000000e+00 0.000000000000000e+00
 0.000000000000000e+00 0.000000000000000e+00 0.000000000000000e+00 0.000000000000000e+00 0.000000000000000e+00 0.000000000000000e+00 0.000000000000000e+00 0.000000000000000e+00 0.000000000000000e+00 0.000000000000000e+00
 0.000000000000000e+00 0.000000000000000e+00 0.000000000000000e+00 0.000000000000000e+00 0.000000000000000e+00 0.000000000000000e+00 0.000000000000000e+00 0.000000000000000e+00 0.000000000000000e+00 0.000000000000000e+00
 0.000000000000000e+00 0.000000000000000e+00 0.000000000000000e+00 0.000000000000000e+00 0.000000000000000e+00 0.000000000000000e+00 0.000000000000000e+00 0.000000000000000e+00 0.000000000000000e+00 0.000000000000000e+00
 0.000000000000000e+00 0.000000000000000e+00 0.000000000000000e+00 0.000000000000000e+00 0.000000000000000e+00 0.000000000000000e+00 0.000000000000000e+00 0.000000000000000e+00 0.000000000000000e+00 0.000000000000000e+00
 0.000000000000000e+00 0.000000000000000e+00 0.000000000000000e+00 0.000000000000000e+00 0.000000000000000e+00 0.000000000000000e+00 0.000000000000000e+00 0.000000000000000e+00 0.000000000000000e+00 0.000000000000000e+00
 0.000000000000000e+00 0.000000000000000e+00 0.000000000000000e+00 0.000000000000000e+00 0.000000000000000e+00 0.000000000000000e+00 0.000000000000000e+00 0.000000000000000e+00 0.000000000000000e+00 0.000000000000000e+00
 0.000000000000000e+00 0.000000000000000e+00 0.000000000000000e+00 0.000000000000000e+00 0.000000000000000e+00 0.000000000000000e+00 0.000000000000000e+00 0.000000000000000e+00 0.000000000000000e+00 0.000000000000000e+00
 0.000000000000000e+00 0.000000000000000e+00 0.000000000000000e+00 0.000000000000000e+00 0.000000000000000e+00 0.000000000000000e+00 0.000000000000000e+00 0.000000000000000e+00 0.000000000000000e+00 0.000000000000000e+00
 0.000000000000000e+00 0.000000000000000e+00 0.000000000000000e+00 0.000000000000000e+00 0.000000000000000e+00 0.000000000000000e+00 0.000000000000000e+00 0.000000000000000e+00 0.000000000000000e+00 0.000000000000000e+00
 0.000000000000000e+00 0.000000000000000e+00 0.000000000000000e+00 0.000000000000000e+00 0.000000000000000e+00 0.000000000000000e+00 0.000000000000000e+00 0.000000000000000e+00 0.000000000000000e+00 0.000000000000000e+00
 0.000000000000000e+00 0.000000000000000e+00 0.000000000000000e+00 0.000000000000000e+00 0.000000000000000e+00 0.000000000000000e+00 0.000000000000000e+00 0.000000000000000e+00 0.000000000000000e+00 0.000000000000000e+00
 0.000000000000000e+00 0.000000000000000e+00 0.000000000000000e+00 0.000000000000000e+00 0.000000000000000e+00 0.000000000000000e+00 0.000000000000000e+00 0.000000000000000e+00 0.000000000000000e+00 0.000000000000000e+00
 0.000000000000000e+00 0.000000000000000e+00 0.000000000000000e+00 0.000000000000000e+00 0.000000000000000e+00 0.000000000000000e+00 0.000000000000000e+00 0.000000000000000e+00 0.000000000000000e+00 0.000000000000000e+00
 0.000000000000000e+00 0.000000000000000e+00 0.000000000000000e+00 0.000000000000000e+00 0.000000000000000e+00 0.000000000000000e+00 0.000000000000000e+00 0.000000000000000e+00 0.000000000000000e+00 0.000000000000000e+00
 0.000000000000000e+00 0.000000000000000e+00 0.000000000000000e+00 0.000000000000000e+00 0.000000000000000e+00 0.000000000000000e+00 0.000000000000000e+00 0.000000000000000e+00 0.000000000000000e+00 0.000000000000000e+00
 0.000000000000000e+00 0.000000000000000e+00 0.000000000000000e+00 0.000000000000000e+00 0.000000000000000e+00 0.000000000000000e+00 0.000000000000000e+00 0.000000000000000e+00 0.000000000000000e+00 0.000000000000000e+00
 0.000000000000000e+00 0.000000000000000e+00 0.000000000000000e+00 0.000000000000000e+00 0.000000000000000e+00 0.000000000000000e+00 0.000000000000000e+00 0.000000000000000e+00 0.000000000000000e+00 0.000000000000000e+00
 0.000000000000000e+00 0.000000000000000e+00 0.000000000000000e+00 0.000000000000000e+00 0.000000000000000e+00 0.000000000000000e+00 0.000000000000000e+00 0.000000000000000e+00 0.000000000000000e+00 0.000000000000000e+00
 0.000000000000000e+00 0.000000000000000e+00 0.000000000000000e+00 0.000000000000000e+00 0.000000000000000e+00 0.000000000000000e+00 0.000000000000000e+00 0.000000000000000e+00 0.000000000000000e+00 0.000000000000000e+00
 0.000000000000000e+00 0.000000000000000e+00 0.000000000000000e+00 0.000000000000000e+00 0.000000000000000e+00 0.000000000000000e+00 0.000000000000000e+00 0.000000000000000e+00 0.000000000000000e+00 0.000000000000000e+00
 0.000000000000000e+00 0.000000000000000e+00 0.000000000000000e+00 0.000000000000000e+00 0.000000000000000e+00 0.000000000000000e+00 0.000000000000000e+00 0.000000000000000e+00 0.000000000000000e+00 0.000000000000000e+00
 0.000000000000000e+00 0.000000000000000e+00 0.000000000000000e+00 0.000000000000000e+00 0.000000000000000e+00 0.000000000000000e+00 0.000000000000000e+00 0.000000000000000e+00 0.000000000000000e+00 0.000000000000000e+00
 0.000000000000000e+00 0.000000000000000e+00 0.000000000000000e+00 0.000000000000000e+00 0.000000000000000e+00 0.000000000000000e+00 0.000000000000000e+00 0.000000000000000e+00 0.000000000000000e+00 0.000000000000000e+00
 0.000000000000000e+00 0.000000000000000e+00 0.000000000000000e+00 0.000000000000000e+00 0.000000000000000e+00 0.000000000000000e+00 0.000000000000000e+00 0.000000000000000e+00 0.000000000000000e+00 0.000000000000000e+00
 0.000000000000000e+00 0.000000000000000e+00 0.000000000000000e+00 0.000000000000000e+00 0.000000000000000e+00 0.000000000000000e+00 0.000000000000000e+00 0.000000000000000e+00 0.000000000000000e+00 0.000000000000000e+00
 0.000000000000000e+00 0.000000000000000e+00 0.000000000000000e+00 0.000000000000000e+00 0.000000000000000e+00 0.000000000000000e+00 0.000000000000000e+00 0.000000000000000e+00 0.000000000000000e+00 0.000000000000000e+00
 0.000000000000000e+00 0.000000000000000e+00 0.000000000000000e+00 0.000000000000000e+00 0.000000000000000e+00 0.000000000000000e+00 0.000000000000000e+00 0.000000000000000e+00 0.000000000000000e+00 0.000000000000000e+00
 0.000000000000000e+00 0.000000000000000e+00 0.000000000000000e+00 0.000000000000000e+00 0.000000000000000e+00 0.000000000000000e+00 0.000000000000000e+00 0.000000000000000e+00 0.000000000000000e+00 0.000000000000000e+00
 0.000000000000000e+00 0.000000000000000e+00 0.000000000000000e+00 0.000000000000000e+00 0.000000000000000e+00 0.000000000000000e+00 0.000000000000000e+00 0.000000000000000e+00 0.000000000000000e+00 0.000000000000000e+00
 0.000000000000000e+00 0.000000000000000e+00 0.000000000000000e+00 0.000000000000000e+00 0.000000000000000e+00 0.000000000000000e+00 0.000000000000000e+00 0.000000000000000e+00 0.000000000000000e+00 0.000000000000000e+00
 0.000000000000000e+00 0.000000000000000e+00 0.000000000000000e+00 0.000000000000000e+00 0.000000000000000e+00 0.000000000000000e+00 0.000000000000000e+00 0.000000000000000e+00 0.000000000000000e+00 0.000000000000000e+00
 0.000000000000000e+00 0.000000000000000e+00 0.000000000000000e+00 0.000000000000000e+00 0.000000000000000e+00 0.000000000000000e+00 0.000000000000000e+00 0.000000000000000e+00 0.000000000000000e+00 0.000000000000000e+00
 0.000000000000000e+00 0.000000000000000e+00 0.000000000000000e+00 0.000000000000000e+00 0.000000000000000e+00 0.000000000000000e+00 0.000000000000000e+00 0.000000000000000e+00 0.000000000000000e+00 0.000000000000000e+00
 0.000000000000000e+00 0.000000000000000e+00 0.000000000000000e+00 0.000000000000000e+00 0.000000000000000e+00 0.000000000000000e+00 0.000000000000000e+00 0.000000000000000e+00 0.000000000000000e+00 0.000000000000000e+00
 0.000000000000000e+00 0.000000000000000e+00 0.000000000000000e+00 0.000000000000000e+00 0.000000000000000e+00 0.000000000000000e+00 0.000000000000000e+00 0.000000000000000e+00 0.000000000000000e+00 0.000000000000000e+00
 0.000000000000000e+00 0.000000000000000e+00 0.000000000000000e+00 0.000000000000000e+00 0.000000000000000e+00 0.000000000000000e+00 0.000000000000000e+00 0.000000000000000e+00 0.000000000000000e+00 0.000000000000000e+00
 0.000000000000000e+00 0.000000000000000e+00 0.000000000000000e+00 0.000000000000000e+00 0.000000000000000e+00 0.000000000000000e+00 0.000000000000000e+00 0.000000000000000e+00 0.000000000000000e+00 0.000000000000000e+00
 0.000000000000000e+00 0.000000000000000e+00 0.000000000000000e+00 0.000000000000000e+00 0.000000000000000e+00 0.000000000000000e+00 0.000000000000000e+00 0.000000000000000e+00 0.000000000000000e+00 0.000000000000000e+00
 0.000000000000000e+00 0.000000000000000e+00 0.000000000000000e+00 0.000000000000000e+00 0.000000000000000e+00 0.000000000000000e+00 0.000000000000000e+00 0.000000000000000e+00 0.000000000000000e+00 0.000000000000000e+00
 0.000000000000000e+00 0.000000000000000e+00 0.000000000000000e+00 0.000000000000000e+00 0.000000000000000e+00 0.000000000000000e+00 0.000000000000000e+00 0.000000000000000e+00 0.000000000000000e+00 0.000000000000000e+00
 0.000000000000000e+00 0.000000000000000e+00 0.000000000000000e+00 0.000000000000000e+00 0.000000000000000e+00 0.000000000000000e+00 0.000000000000000e+00 0.000000000000000e+00 0.000000000000000e+00 0.000000000000000e+00
 0.000000000000000e+00 0.000000000000000e+00 0.000000000000000e+00 0.000000000000000e+00 0.000000000000000e+00 0.000000000000000e+00 0.000000000000000e+00 0.000000000000000e+00 0.000000000000000e+00 0.000000000000000e+00
 0.000000000000000e+00 0.000000000000000e+00 0.000000000000000e+00 0.000000000000000e+00 0.000000000000000e+00 0.000000000000000e+00 0.000000000000000e+00 0.000000000000000e+00 0.000000000000000e+00 0.000000000000000e+00
 0.000000000000000e+00 0.000000000000000e+00 0.000000000000000e+00 0.000000000000000e+00 0.000000000000000e+00 0.000000000000000e+00 0.000000000000000e+00 0.000000000000000e+00 0.000000000000000e+00 0.000000000000000e+00
 0.000000000000000e+00 0.000000000000000e+00 0.000000000000000e+00 0.000000000000000e+00 0.000000000000000e+00 0.000000000000000e+00 0.000000000000000e+00 0.000000000000000e+00 0.000000000000000e+00 0.000000000000000e+00
 0.000000000000000e+00 0.000000000000000e+00 0.000000000000000e+00 0.000000000000000e+00 0.000000000000000e+00 0.000000000000000e+00 0.000000000000000e+00 0.000000000000000e+00 0.000000000000000e+00 0.000000000000000e+00
 0.000000000000000e+00 0.000000000000000e+00 0.000000000000000e+00 0.000000000000000e+00 0.000000000000000e+00 0.000000000000000e+00 0.000000000000000e+00 0.000000000000000e+00 0.000000000000000e+00 0.000000000000000e+00
 0.000000000000000e+00 0.000000000000000e+00 0.000000000000000e+00 0.000000000000000e+00 0.000000000000000e+00 0.000000000000000e+00 0.000000000000000e+00 0.000000000000000e+00 0.000000000000000e+00 0.000000000000000e+00
 0.000000000000000e+00 0.000000000000000e+00 0.000000000000000e+00 0.000000000000000e+00 0.000000000000000e+00 0.000000000000000e+00 0.000000000000000e+00 0.000000000000000e+00 0.000000000000000e+00 0.000000000000000e+00
 0.000000000000000e+00 0.000000000000000e+00 0.000000000000000e+00 0.000000000000000e+00 0.000000000000000e+00 0.000000000000000e+00 0.000000000000000e+00 0.000000000000000e+00 0.000000000000000e+00 0.000000000000000e+00
 0.000000000000000e+00 0.000000000000000e+00 0.000000000000000e+00 0.000000000000000e+00 0.000000000000000e+00 0.000000000000000e+00 0.000000000000000e+00 0.000000000000000e+00 0.000000000000000e+00 0.000000000000000e+00
 0.000000000000000e+00 0.000000000000000e+00 0.000000000000000e+00 0.000000000000000e+00 0.000000000000000e+00 0.000000000000000e+00 0.000000000000000e+00 0.000000000000000e+00 0.000000000000000e+00 0.000000000000000e+00
 0.000000000000000e+00 0.000000000000000e+00 0.000000000000000e+00 0.000000000000000e+00 0.000000000000000e+00 0.000000000000000e+00 0.000000000000000e+00 0.000000000000000e+00 0.000000000000000e+00 0.000000000000000e+00
 0.000000000000000e+00 0.000000000000000e+00 0.000000000000000e+00 0.000000000000000e+00 0.000000000000000e+00 0.000000000000000e+00 0.000000000000000e+00 0.000000000000000e+00 0.000000000000000e+00 0.000000000000000e+00
 0.000000000000000e+00 0.000000000000000e+00 0.000000000000000e+00 0.000000000000000e+00 0.000000000000000e+00 0.000000000000000e+00 0.000000000000000e+00 0.000000000000000e+00 0.000000000000000e+00 0.000000000000000e+00
 0.000000000000000e+00 0.000000000000000e+00 0.000000000000000e+00 0.000000000000000e+00 0.000000000000000e+00 0.000000000000000e+00 0.000000000000000e+00 0.000000000000000e+00 0.000000000000000e+00 0.000000000000000e+00
 0.000000000000000e+00 0.000000000000000e+00 0.000000000000000e+00 0.000000000000000e+00 0.000000000000000e+00 0.000000000000000e+00 0.000000000000000e+00 0.000000000000000e+00 0.000000000000000e+00 0.000000000000000e+00
 0.000000000000000e+00 0.000000000000000e+00 0.000000000000000e+00 0.000000000000000e+00 0.000000000000000e+00 0.000000000000000e+00 0.000000000000000e+00 0.000000000000000e+00 0.000000000000000e+00 0.000000000000000e+00
 0.000000000000000e+00 0.000000000000000e+00 0.000000000000000e+00 0.000000000000000e+00 0.000000000000000e+00 0.000000000000000e+00 0.000000000000000e+00 0.000000000000000e+00 0.000000000000000e+00 0.000000000000000e+00
 0.000000000000000e+00 0.000000000000000e+00 0.000000000000000e+00 0.000000000000000e+00 0.000000000000000e+00 0.000000000000000e+00 0.000000000000000e+00 0.000000000000000e+00 0.000000000000000e+00 0.000000000000000e+00
 0.000000000000000e+00 0.000000000000000e+00 0.000000000000000e+00 0.000000000000000e+00 0.000000000000000e+00 0.000000000000000e+00 0.000000000000000e+00 0.000000000000000e+00 0.000000000000000e+00 0.000000000000000e+00
 0.000000000000000e+00 0.000000000000000e+00 0.000000000000000e+00 0.000000000000000e+00 0.000000000000000e+00 0.000000000000000e+00 0.000000000000000e+00 0.000000000000000e+00 0.000000000000000e+00 0.000000000000000e+00
 0.000000000000000e+00 0.000000000000000e+00 0.000000000000000e+00 0.000000000000000e+00 0.000000000000000e+00 0.000000000000000e+00 0.000000000000000e+00 0.000000000000000e+00 0.000000000000000e+00 0.000000000000000e+00
 0.000000000000000e+00 0.000000000000000e+00 0.000000000000000e+00 0.000000000000000e+00 0.000000000000000e+00 0.000000000000000e+00 0.000000000000000e+00 0.000000000000000e+00 0.000000000000000e+00 0.000000000000000e+00
 0.000000000000000e+00 0.000000000000000e+00 0.000000000000000e+00 0.000000000000000e+00 0.000000000000000e+00 0.000000000000000e+00 0.000000000000000e+00 0.000000000000000e+00 0.000000000000000e+00 0.000000000000000e+00
 0.000000000000000e+00 0.000000000000000e+00 0.000000000000000e+00 0.000000000000000e+00 0.000000000000000e+00 0.000000000000000e+00 0.000000000000000e+00 0.000000000000000e+00 0.000000000000000e+00 0.000000000000000e+00
 0.000000000000000e+00 0.000000000000000e+00 0.000000000000000e+00 0.000000000000000e+00 0.000000000000000e+00 0.000000000000000e+00 0.000000000000000e+00 0.000000000000000e+00 0.000000000000000e+00 0.000000000000000e+00
 0.000000000000000e+00 0.000000000000000e+00 0.000000000000000e+00 0.000000000000000e+00 0.000000000000000e+00 0.000000000000000e+00 0.000000000000000e+00 0.000000000000000e+00 0.000000000000000e+00 0.000000000000000e+00
 0.000000000000000e+00 0.000000000000000e+00 0.000000000000000e+00 0.000000000000000e+00 0.000000000000000e+00 0.000000000000000e+00 0.000000000000000e+00 0.000000000000000e+00 0.000000000000000e+00 0.000000000000000e+00
 0.000000000000000e+00 0.000000000000000e+00 0.000000000000000e+00 0.000000000000000e+00 0.000000000000000e+00 0.000000000000000e+00 0.000000000000000e+00 0.000000000000000e+00 0.000000000000000e+00 0.000000000000000e+00
 0.000000000000000e+00 0.000000000000000e+00 0.000000000000000e+00 9.393060146233983e+05 0.000000000000000e+00 3.757224058493593e+06 3.609637555505475e+05 2.160680004674146e+05 1.443855022202190e+06 8.642720018696582e+05
 4.147961217114048e+05 7.790344759949257e+05 1.659184486845619e+06 3.116137903979703e+06 1.716787484975962e+05 2.236563918936965e+05 6.867149939903849e+05 8.946255675747861e+05 4.060491056523762e+05 9.207457974425768e+05
 1.624196422609505e+06 3.682983189770307e+06 6.254696055355233e+05 1.825245392628205e+05 2.501878422142093e+06 7.300981570512821e+05 0.000000000000000e+00 0.000000000000000e+00 0.000000000000000e+00 0.000000000000000e+00
 0.000000000000000e+00 0.000000000000000e+00 0.000000000000000e+00 0.000000000000000e+00 0.000000000000000e+00 0.000000000000000e+00 0.000000000000000e+00 0.000000000000000e+00 0.000000000000000e+00 0.000000000000000e+00
 0.000000000000000e+00 6.964619954427083e+06 0.000000000000000e+00 0.000000000000000e+00 7.064582942082331e+06 7.164545929737579e+06 0.000000000000000e+00 0.000000000000000e+00 7.264508917392828e+06 7.364471905048076e+06
 0.000000000000000e+00 0.000000000000000e+00 7.464434892703325e+06 7.564397880358573e+06 0.000000000000000e+00 0.000000000000000e+00 7.664360868013822e+06 7.764323855669070e+06 0.000000000000000e+00 0.000000000000000e+00
 7.864286843324319e+06 7.964249830979567e+06 0.000000000000000e+00 0.000000000000000e+00 0.000000000000000e+00 8.064212818634816e+06 8.118215811965812e+06 8.164175806290064e+06 0.000000000000000e+00 0.000000000000000e+00
 8.264138793945312e+06 8.364101781600560e+06 0.000000000000000e+00 0.000000000000000e+00 8.464064769255809e+06 8.564027756911058e+06 0.000000000000000e+00 0.000000000000000e+00 8.663990744566306e+06 8.763953732221553e+06
 0.000000000000000e+00 0.000000000000000e+00 8.863916719876802e+06 8.963879707532050e+06 0.000000000000000e+00 0.000000000000000e+00 9.063842695187299e+06 9.163805682842549e+06 0.000000000000000e+00 0.000000000000000e+00
 9.263768670497796e+06 9.342702699318910e+06 0.000000000000000e+00 9.481644694010416e+06 0.000000000000000e+00 9.620586688701924e+06 0.000000000000000e+00 9.898470678084936e+06 0.000000000000000e+00 1.017635466746795e+07
 0.000000000000000e+00 1.073212264623397e+07 0.000000000000000e+00 1.212987655248397e+07 0.000000000000000e+00 1.585758307041266e+07 0.000000000000000e+00 1.637154228014824e+07 0.000000000000000e+00 1.970373722956730e+07
 0.000000000000000e+00 6.575142102363788e+06 1.214485760550214e+07 3.089746239817042e+07 2.526746288853833e+06 1.512476003271902e+06 2.806094521025307e+07 3.492893671541134e+07 2.903572851979834e+06 5.453241331964481e+06
 3.548361221704727e+07 3.487050322182157e+07 1.201751239483173e+06 1.565594743255876e+06 3.830147882445245e+07 2.432896092080662e+07 2.842343739566634e+06 6.445220582098039e+06 1.706511741703391e+07 2.109876448150376e+07
 4.378287238748663e+06 1.277671774839744e+06 4.291103536491724e+07 2.508543169070512e+07 0.000000000000000e+00 0.000000000000000e+00 0.000000000000000e+00 0.000000000000000e+00 0.000000000000000e+00 0.000000000000000e+00
 0.000000000000000e+00 0.000000000000000e+00 0.000000000000000e+00 0.000000000000000e+00 0.000000000000000e+00 0.000000000000000e+00 0.000000000000000e+00 1.741154988606771e+07 0.000000000000000e+00 2.785847981770833e+07
 1.766145735520583e+07 1.791136482434395e+07 2.825833176832932e+07 2.865818371895032e+07 1.816127229348207e+07 1.841117976262019e+07 2.905803566957131e+07 2.945788762019230e+07 1.866108723175831e+07 1.891099470089643e+07
 2.985773957081330e+07 3.025759152143429e+07 1.916090217003455e+07 1.941080963917267e+07 3.065744347205529e+07 3.105729542267628e+07 1.966071710831080e+07 1.991062457744892e+07 3.145714737329727e+07 3.185699932391827e+07
 2.016053204658704e+07 2.029553952991453e+07 2.041043951572516e+07 3.225685127453926e+07 3.247286324786325e+07 3.265670322516026e+07 2.066034698486328e+07 2.091025445400140e+07 3.305655517578125e+07 3.345640712640224e+07
 2.116016192313952e+07 2.141006939227764e+07 3.385625907702324e+07 3.425611102764423e+07 2.165997686141577e+07 2.190988433055388e+07 3.465596297826523e+07 3.505581492888621e+07 2.215979179969200e+07 2.240969926883012e+07
 3.545566687950721e+07 3.585551883012820e+07 2.265960673796825e+07 2.290951420710637e+07 3.625537078074919e+07 3.665522273137020e+07 2.315942167624449e+07 2.335675674829727e+07 3.705507468199118e+07 3.737081079727564e+07
 2.370411173502604e+07 3.792657877604166e+07 2.405146672175480e+07 3.848234675480770e+07 2.474617669521234e+07 3.959388271233974e+07 2.544088666866987e+07 4.070541866987179e+07 2.683030661558493e+07 4.292849058493589e+07
 3.032469138120993e+07 4.851950620993590e+07 3.964395767603165e+07 6.343033228165065e+07 4.092885570037059e+07 6.548616912059295e+07 4.925934307391825e+07 7.881494891826922e+07 3.036214401375534e+07 6.597198381994526e+07
 4.857943042200854e+07 1.010465052417201e+08 6.582079795902611e+07 8.472952578291938e+07 1.035806507077991e+08 1.345301148504274e+08 8.373147708208132e+07 7.782784434261480e+07 1.319793419471154e+08 1.207851854634081e+08
 9.369355207915998e+07 5.813852559929219e+07 1.490856253338675e+08 9.194809027777776e+07 3.779020427475628e+07 4.169796163444848e+07 5.851529113247862e+07 6.229715878739319e+07 9.977195314586681e+07 6.052328475560895e+07
 1.566328709268164e+08 9.596113782051279e+07 0.000000000000000e+00 0.000000000000000e+00 0.000000000000000e+00 0.000000000000000e+00 0.000000000000000e+00 0.000000000000000e+00 0.000000000000000e+00 0.000000000000000e+00
 0.000000000000000e+00 0.000000000000000e+00 0.000000000000000e+00 0.000000000000000e+00 0.000000000000000e+00 1.551245910448906e+08 0.000000000000000e+00 2.823907022720729e+08 1.554734030356773e+08 1.558222150264642e+08
 2.826884743030254e+08 2.829862463339781e+08 1.561710270172510e+08 1.565198390080378e+08 2.832840183649307e+08 2.835817903958834e+08 1.568686509988247e+08 1.572174629896115e+08 2.838795624268361e+08 2.841773344577887e+08
 1.575662749803983e+08 1.579150869711851e+08 2.844751064887413e+08 2.847728785196940e+08 1.582638989619719e+08 1.586127109527588e+08 2.850706505506466e+08 2.853684225815994e+08 1.589615229435456e+08 1.591499616052350e+08
 1.593103349343324e+08 2.856661946125519e+08 2.858270599626068e+08 2.859639666435046e+08 1.596591469251193e+08 1.600079589159061e+08 2.862617386744573e+08 2.865595107054099e+08 1.603567709066929e+08 1.607055828974797e+08
 2.868572827363626e+08 2.871550547673152e+08 1.610543948882666e+08 1.614032068790534e+08 2.874528267982678e+08 2.877505988292205e+08 1.617520188698402e+08 1.621008308606270e+08 2.880483708601732e+08 2.883461428911258e+08
 1.624496428514138e+08 1.627984548422007e+08 2.886439149220785e+08 2.889416869530311e+08 1.631472668329875e+08 1.639840082413111e+08 2.892394589839838e+08 2.905972056853466e+08 1.660966275337415e+08 2.942666762914413e+08
 1.682092468261719e+08 2.979361468975361e+08 1.724344854110327e+08 3.052750881097256e+08 1.766597239958934e+08 3.126140293219151e+08 1.851102011656150e+08 3.272919117462941e+08 1.966981107271635e+08 3.448767152443911e+08
 2.233475157126402e+08 3.832646991436298e+08 2.404816166804387e+08 4.154770642402844e+08 2.759229392027243e+08 4.730309294871795e+08 2.833065162593483e+08 3.413080646743122e+08 5.180336020966881e+08 5.815696241069045e+08
 3.642210969843415e+08 4.389822883279915e+08 6.248615432608840e+08 7.434344618055556e+08 4.261428684332432e+08 3.936381464509882e+08 7.203063949193709e+08 6.664911074385684e+08 4.085836664183527e+08 3.889789627988114e+08
 6.680817075028379e+08 6.860098353198452e+08 4.440382426987345e+08 4.641351902627540e+08 8.295611942649906e+08 8.659732217381147e+08 5.643273655557227e+08 4.950305313501602e+08 9.720218601846290e+08 8.940999248798077e+08
 0.000000000000000e+00 0.000000000000000e+00 0.000000000000000e+00 0.000000000000000e+00 0.000000000000000e+00 0.000000000000000e+00 0.000000000000000e+00 0.000000000000000e+00 0.000000000000000e+00 0.000000000000000e+00
 0.000000000000000e+00 0.000000000000000e+00 0.000000000000000e+00 5.457072769230247e+08 0.000000000000000e+00 1.081124778421516e+09 5.489648910734389e+08 5.522225052238529e+08 1.093363998849983e+09 1.105603219278450e+09
 5.554801193742670e+08 5.587377335246811e+08 1.117842439706917e+09 1.130081660135383e+09 5.619953476750952e+08 5.652529618255093e+08 1.142320880563850e+09 1.154560100992317e+09 5.685105759759235e+08 5.717681901263375e+08
 1.166799321420784e+09 1.179038541849250e+09 5.750258042767516e+08 5.782834184271657e+08 1.191277762277717e+09 1.203516982706184e+09 5.815410325775800e+08 5.833008930956197e+08 5.847986467279940e+08 1.215756203134651e+09
 1.222368195779914e+09 1.227995423563118e+09 5.880562608784080e+08 5.913138750288222e+08 1.240234643991584e+09 1.252473864420051e+09 5.945714891792363e+08 5.978291033296504e+08 1.264713084848518e+09 1.276952305276985e+09
 6.010867174800645e+08 6.043443316304785e+08 1.289191525705452e+09 1.301430746133918e+09 6.076019457808927e+08 6.108595599313067e+08 1.313669966562385e+09 1.325909186990852e+09 6.141171740817208e+08 6.173747882321349e+08
 1.338148407419319e+09 1.350387627847785e+09 6.206324023825490e+08 6.219273721026559e+08 1.362626848276253e+09 1.362691476466513e+09 6.227509315555930e+08 1.351863599832649e+09 6.235744910085304e+08 1.341035723198785e+09
 6.252216099144047e+08 1.319379969931056e+09 6.268687288202791e+08 1.297724216663328e+09 6.301629666320279e+08 1.254412710127872e+09 6.544216590294472e+08 1.286699281350160e+09 7.261496899727063e+08 1.434970295597957e+09
 7.934455566406250e+08 1.577360138721955e+09 8.881709829477164e+08 1.739375162760417e+09 9.671832600911459e+08 1.061184883939303e+09 1.845178062399840e+09 2.019507544571314e+09 1.105495090582432e+09 1.270530999599359e+09
 2.026114839993990e+09 2.242916266025641e+09 1.310533235729250e+09 1.212800978544838e+09 2.492886705186632e+09 2.306024669888488e+09 1.238072692610260e+09 1.268850695905115e+09 2.429049565763556e+09 2.423311532618857e+09
 1.463298116830679e+09 1.509767625701122e+09 2.593462981395232e+09 2.637474774639422e+09 1.623468657351763e+09 1.562785982572115e+09 2.762420059595353e+09 2.770705368589744e+09 0.000000000000000e+00 0.000000000000000e+00
 0.000000000000000e+00 0.000000000000000e+00 0.000000000000000e+00 0.000000000000000e+00 0.000000000000000e+00 0.000000000000000e+00 0.000000000000000e+00 0.000000000000000e+00 0.000000000000000e+00 0.000000000000000e+00
 0.000000000000000e+00 1.616542279920008e+09 0.000000000000000e+00 2.296979250003130e+09 1.637763106626527e+09 1.658983933333046e+09 2.318310762356489e+09 2.339642274709848e+09 1.680204760039566e+09 1.701425586746085e+09
 2.360973787063207e+09 2.382305299416566e+09 1.722646413452605e+09 1.743867240159124e+09 2.403636811769926e+09 2.424968324123284e+09 1.765088066865644e+09 1.786308893572163e+09 2.446299836476644e+09 2.467631348830003e+09
 1.807529720278683e+09 1.828750546985203e+09 2.488962861183362e+09 2.510294373536722e+09 1.849971373691722e+09 1.861435498464209e+09 1.871192200398241e+09 2.531625885890080e+09 2.543149806356838e+09 2.552957398243439e+09
 1.892413027104761e+09 1.913633853811280e+09 2.574288910596798e+09 2.595620422950158e+09 1.934854680517800e+09 1.956075507224319e+09 2.616951935303517e+09 2.638283447656876e+09 1.977296333930839e+09 1.998517160637358e+09
 2.659614960010235e+09 2.680946472363594e+09 2.019737987343878e+09 2.040958814050397e+09 2.702277984716953e+09 2.723609497070312e+09 2.062179640756917e+09 2.083400467463436e+09 2.744941009423672e+09 2.766272521777031e+09
 2.104621294169956e+09 2.103455580830370e+09 2.787604034130390e+09 2.793119033617851e+09 2.080976268109704e+09 2.789914171013465e+09 2.058496955389039e+09 2.786709308409080e+09 2.013538329947708e+09 2.780299583200308e+09
 1.968579704506377e+09 2.773889857991537e+09 1.878662453623715e+09 2.761070407573993e+09 1.918976903670874e+09 2.801973434578660e+09 2.143790901223207e+09 2.943257945734008e+09 2.361274720803285e+09 3.184864531375200e+09
 2.590579342573117e+09 3.566329135366587e+09 2.723172864708534e+09 2.977830205203325e+09 3.632792175814637e+09 4.027403366219285e+09 2.946734589405549e+09 3.215301532451923e+09 4.079591177133413e+09 4.292723833133013e+09
 3.675240174644013e+09 3.399248361232138e+09 4.701102243798410e+09 4.555071533203125e+09 3.620026438916851e+09 3.577772369332599e+09 4.893506305296808e+09 4.981259877470619e+09 3.723627845959786e+09 3.765181923577724e+09
 5.221227889623397e+09 5.376998879039796e+09 3.901371461838942e+09 3.978624754607372e+09 5.470797921257345e+09 5.562573763020834e+09 0.000000000000000e+00 0.000000000000000e+00 0.000000000000000e+00 0.000000000000000e+00
 0.000000000000000e+00 0.000000000000000e+00 0.000000000000000e+00 0.000000000000000e+00 0.000000000000000e+00 0.000000000000000e+00 0.000000000000000e+00 0.000000000000000e+00 0.000000000000000e+00 3.049925954378568e+09
 0.000000000000000e+00 3.802872658754006e+09 3.066932692063160e+09 3.083939429747752e+09 3.815554621769831e+09 3.828236584785657e+09 3.100946167432345e+09 3.117952905116937e+09 3.840918547801482e+09 3.853600510817307e+09
 3.134959642801529e+09 3.151966380486121e+09 3.866282473833133e+09 3.878964436848958e+09 3.168973118170714e+09 3.185979855855306e+09 3.891646399864784e+09 3.904328362880609e+09 3.202986593539898e+09 3.219993331224491e+09
 3.917010325896434e+09 3.929692288912260e+09 3.237000068909082e+09 3.246187616853632e+09 3.254006806593675e+09 3.942374251928085e+09 3.949225427350428e+09 3.955056214943911e+09 3.271013544278267e+09 3.288020281962859e+09
 3.967738177959736e+09 3.980420140975561e+09 3.305027019647451e+09 3.322033757332044e+09 3.993102103991386e+09 4.005784067007212e+09 3.339040495016636e+09 3.356047232701228e+09 4.018466030023037e+09 4.031147993038862e+09
 3.373053970385820e+09 3.390060708070413e+09 4.043829956054688e+09 4.056511919070513e+09 3.407067445755005e+09 3.424074183439598e+09 4.069193882086338e+09 4.081875845102163e+09 3.441080921124189e+09 3.457232160617143e+09
 4.094557808117989e+09 4.121345287616436e+09 3.488764691230578e+09 4.187615211447691e+09 3.520297221844013e+09 4.253885135278947e+09 3.583362283070882e+09 4.386424982941456e+09 3.646427344297751e+09 4.518964830603967e+09
 3.772557466751490e+09 4.784044525928986e+09 3.810329419779981e+09 4.818685404981304e+09 3.788048209687583e+09 4.632838473641160e+09 4.028291956192408e+09 4.871719381009616e+09 4.604351734650440e+09 5.642374333934295e+09
 4.558223741319445e+09 5.122601777427217e+09 5.483655306824252e+09 6.217800188635151e+09 5.318566184019431e+09 5.422664650941507e+09 6.557541190905448e+09 6.552605468750000e+09 5.648718612801315e+09 5.742194445487780e+09
 6.596334981804220e+09 6.929317357772435e+09 6.208237668290098e+09 6.509260721320780e+09 7.522969031283386e+09 8.037261565170940e+09 6.902545522836538e+09 7.230870737763754e+09 8.583863156049679e+09 9.084742596487713e+09
 7.255461909263154e+09 7.334537582632212e+09 9.040125897268963e+09 9.106501402243591e+09 0.000000000000000e+00 0.000000000000000e+00 0.000000000000000e+00 0.000000000000000e+00 0.000000000000000e+00 0.000000000000000e+00
 0.000000000000000e+00 0.000000000000000e+00 0.000000000000000e+00 0.000000000000000e+00 0.000000000000000e+00 0.000000000000000e+00 0.000000000000000e+00 1.015616542777037e+10 0.000000000000000e+00 1.650945819678673e+10
 1.035839132362757e+10 1.056061721948477e+10 1.690122802548531e+10 1.729299785418388e+10 1.076284311534197e+10 1.096506901119917e+10 1.768476768288245e+10 1.807653751158102e+10 1.116729490705637e+10 1.136952080291357e+10
 1.846830734027960e+10 1.886007716897818e+10 1.157174669877077e+10 1.177397259462797e+10 1.925184699767675e+10 1.964361682637532e+10 1.197619849048516e+10 1.217842438634237e+10 2.003538665507390e+10 2.042715648377248e+10
 1.238065028219957e+10 1.248989875467415e+10 1.258287617805677e+10 2.081892631247105e+10 2.103057208199786e+10 2.121069614116962e+10 1.278510207391397e+10 1.298732796977116e+10 2.160246596986819e+10 2.199423579856677e+10
 1.318955386562836e+10 1.339177976148557e+10 2.238600562726534e+10 2.277777545596392e+10 1.359400565734277e+10 1.379623155319996e+10 2.316954528466249e+10 2.356131511336106e+10 1.399845744905716e+10 1.420068334491436e+10
 2.395308494205964e+10 2.434485477075821e+10 1.440290924077156e+10 1.460513513662877e+10 2.473662459945679e+10 2.512839442815536e+10 1.480736103248596e+10 1.492327124561408e+10 2.552016425685394e+10 2.572519720361172e+10
 1.507740755741413e+10 2.596719990338056e+10 1.523154386921418e+10 2.620920260314941e+10 1.553981649281428e+10 2.669320800268711e+10 1.584808911641439e+10 2.717721340222481e+10 1.646463436361459e+10 2.814522420130020e+10
 1.658197765382946e+10 2.834526990267762e+10 1.626397635331113e+10 2.789511423298111e+10 1.701864740616236e+10 2.916557543131511e+10 1.858033877641727e+10 3.151830321890025e+10 1.776734991037744e+10 1.889356419855101e+10
 3.005104451393062e+10 3.156932820846688e+10 1.977959374843499e+10 1.998509809445113e+10 3.300164630596454e+10 3.341759072015224e+10 2.000345914139707e+10 2.047806916065705e+10 3.341058330098991e+10 3.402682096354166e+10
 2.124849274829310e+10 2.194645738598424e+10 3.497401646530282e+10 3.585565320679755e+10 2.280548054966071e+10 2.348304964557876e+10 3.702709794327173e+10 3.788135669466981e+10 2.347741831951957e+10 2.380498538411458e+10
 3.791471074177016e+10 3.850346936598557e+10 0.000000000000000e+00 0.000000000000000e+00 0.000000000000000e+00 0.000000000000000e+00 0.000000000000000e+00 0.000000000000000e+00 0.000000000000000e+00 0.000000000000000e+00
 0.000000000000000e+00 0.000000000000000e+00 0.000000000000000e+00 0.000000000000000e+00 0.000000000000000e+00 2.429065978071424e+10 0.000000000000000e+00 3.492767899446406e+10 2.468455404557122e+10 2.507844831042820e+10
 3.494885870211348e+10 3.497003840976292e+10 2.547234257528517e+10 2.586623684014214e+10 3.499121811741234e+10 3.501239782506177e+10 2.626013110499912e+10 2.665402536985609e+10 3.503357753271119e+10 3.505475724036062e+10
 2.704791963471307e+10 2.744181389957004e+10 3.507593694801004e+10 3.509711665565947e+10 2.783570816442701e+10 2.822960242928399e+10 3.511829636330890e+10 3.513947607095833e+10 2.862349669414096e+10 2.883629014756944e+10
 2.901739095899794e+10 3.516065577860775e+10 3.517209768963675e+10 3.518183548625718e+10 2.941128522385491e+10 2.980517948871188e+10 3.520301519390660e+10 3.522419490155603e+10 3.019907375356886e+10 3.059296801842583e+10
 3.524537460920546e+10 3.526655431685489e+10 3.098686228328281e+10 3.138075654813979e+10 3.528773402450431e+10 3.530891373215373e+10 3.177465081299676e+10 3.216854507785373e+10 3.533009343980316e+10 3.535127314745259e+10
 3.256243934271071e+10 3.295633360756768e+10 3.537245285510202e+10 3.539363256275145e+10 3.335022787242465e+10 3.356029766363160e+10 3.541481227040087e+10 3.546174712769598e+10 3.381499521976046e+10 3.557879647696732e+10
 3.406969277588934e+10 3.569584582623865e+10 3.457908788814707e+10 3.592994452478132e+10 3.508848300040482e+10 3.616404322332398e+10 3.610727322492029e+10 3.663224062040932e+10 3.631173034250635e+10 3.668452716429621e+10
 3.581906149500660e+10 3.632862752174313e+10 3.733257508889223e+10 3.753971801131811e+10 3.983988433994391e+10 3.892869881810898e+10 3.854029586974576e+10 4.005916853006477e+10 3.944066073008480e+10 4.017716147502670e+10
 4.155212888799162e+10 4.220262448250535e+10 4.075947151901376e+10 4.169274051816239e+10 4.229917935571915e+10 4.312305764431424e+10 4.215071920072115e+10 4.331426408086271e+10 4.418816975650624e+10 4.511441861353165e+10
 4.437958219609709e+10 4.507232319210738e+10 4.659526149229391e+10 4.749988282762837e+10 4.685651735213842e+10 4.755884712832199e+10 4.760286670214009e+10 4.836136360760548e+10 4.779274973874866e+10 4.853807836872328e+10
 0.000000000000000e+00 0.000000000000000e+00 0.000000000000000e+00 0.000000000000000e+00 0.000000000000000e+00 0.000000000000000e+00 0.000000000000000e+00 0.000000000000000e+00 0.000000000000000e+00 0.000000000000000e+00
 0.000000000000000e+00 0.000000000000000e+00 0.000000000000000e+00 0.000000000000000e+00 0.000000000000000e+00 0.000000000000000e+00 0.000000000000000e+00 0.000000000000000e+00 0.000000000000000e+00 0.000000000000000e+00
 0.000000000000000e+00 0.000000000000000e+00 0.000000000000000e+00 0.000000000000000e+00 0.000000000000000e+00 0.000000000000000e+00 0.000000000000000e+00 0.000000000000000e+00 0.000000000000000e+00 0.000000000000000e+00
 0.000000000000000e+00 0.000000000000000e+00 0.000000000000000e+00 0.000000000000000e+00 0.000000000000000e+00 0.000000000000000e+00 0.000000000000000e+00 0.000000000000000e+00 0.000000000000000e+00 0.000000000000000e+00
 0.000000000000000e+00 0.000000000000000e+00 0.000000000000000e+00 0.000000000000000e+00 0.000000000000000e+00 0.000000000000000e+00 0.000000000000000e+00 0.000000000000000e+00 0.000000000000000e+00 0.000000000000000e+00
 0.000000000000000e+00 0.000000000000000e+00 0.000000000000000e+00 0.000000000000000e+00 0.000000000000000e+00 0.000000000000000e+00 0.000000000000000e+00 0.000000000000000e+00 0.000000000000000e+00 0.000000000000000e+00
 0.000000000000000e+00 0.000000000000000e+00 0.000000000000000e+00 0.000000000000000e+00 4.076444185696880e+04 8.364315195980238e+05 1.630577674278752e+05 3.345726078392095e+06 1.846626477363815e+05 0.000000000000000e+00
 7.386505909455261e+05 0.000000000000000e+00 0.000000000000000e+00 0.000000000000000e+00 0.000000000000000e+00 0.000000000000000e+00 0.000000000000000e+00 0.000000000000000e+00 0.000000000000000e+00 0.000000000000000e+00
 2.853510929987816e+05 5.855020637186167e+06 4.076444185696880e+05 8.364315195980239e+06 1.292638534154671e+06 0.000000000000000e+00 1.846626477363816e+06 0.000000000000000e+00 0.000000000000000e+00 0.000000000000000e+00
 0.000000000000000e+00 0.000000000000000e+00 0.000000000000000e+00 0.000000000000000e+00 0.000000000000000e+00 0.000000000000000e+00 5.299377441405944e+05 1.087360975477431e+07 6.522310697115008e+05 1.338290431356838e+07
 2.400614420572960e+06 0.000000000000000e+00 2.954602363782105e+06 0.000000000000000e+00 0.000000000000000e+00 0.000000000000000e+00 0.000000000000000e+00 0.000000000000000e+00 0.000000000000000e+00 0.000000000000000e+00
 0.000000000000000e+00 0.000000000000000e+00 4.076444185696880e+05 8.364315195980239e+06 1.630577674278752e+05 3.345726078392095e+06 1.846626477363816e+06 0.000000000000000e+00 7.386505909455261e+05 0.000000000000000e+00
 2.655592698317302e+05 1.241323617788467e+05 1.062237079326921e+06 4.965294471153868e+05 2.906242174979972e+05 5.342235076121795e+05 1.162496869991989e+06 2.136894030448718e+06 4.775892469618066e+06 7.651993189102577e+05
 1.910356987847226e+07 3.060797275641031e+06 3.396887102697662e+05 2.933585403311980e+05 1.358754841079065e+06 1.173434161324792e+06 1.858914888822111e+06 8.689265324519268e+05 3.216953375400642e+07 3.298540205996260e+07
 2.034369522485981e+06 3.739564553285256e+06 2.630400213257881e+07 3.567081914396367e+07 3.343124728732647e+07 5.356395232371803e+06 4.648849242120729e+07 4.008785953358703e+07 2.377820971888364e+06 2.053509782318386e+06
 3.460140652126742e+07 2.531638120993584e+07 7.723712314703530e+07 8.097391680856033e+07 1.223047125400642e+08 1.289624315571581e+08 6.227251472147106e+07 8.276636576856302e+07 9.824102731036332e+07 1.298619123931624e+08
 5.891052141760144e+07 9.103725700704448e+07 7.133255041399556e+07 1.419866544805019e+08 8.242725177993137e+07 5.977065054086523e+07 1.302530970385953e+08 9.422491987179460e+07 4.851105699744592e+08 6.083033969142292e+08
 8.479164274088544e+08 1.087644362271300e+09 5.751774981637285e+08 6.280485435029380e+08 1.052113969017094e+09 1.126235174612714e+09 6.247976619361811e+08 6.325420693943644e+08 1.178262773458367e+09 1.123097484308227e+09
 6.640416623368220e+08 6.500234875801278e+08 1.197830227635049e+09 1.205822055288461e+09 1.475615790170523e+09 1.796161833496093e+09 2.633102163586739e+09 2.963032316456329e+09 1.816073107910156e+09 1.927061588959001e+09
 3.154077582882611e+09 3.333167569778312e+09 2.034703762530465e+09 1.944186511230469e+09 3.497096506702390e+09 3.426342762169472e+09 2.012194812742053e+09 2.063771812399839e+09 3.387711437466613e+09 3.526023948317305e+09
 3.790588537002955e+09 4.129902799416565e+09 5.487506455641526e+09 5.753756926916399e+09 4.492082057855068e+09 4.739273550597624e+09 6.167033138438169e+09 6.502014414730236e+09 4.959489250874313e+09 4.908499013108475e+09
 6.872001302918002e+09 6.765023121160523e+09 4.763228062191174e+09 4.988276084234771e+09 6.747706370400976e+09 6.939864792000528e+09 7.454140146891275e+09 7.606102876686030e+09 9.420773838141024e+09 9.458448826455662e+09
 8.010457521826591e+09 8.443072720519498e+09 9.853881905215014e+09 1.038413102630876e+10 9.009573008897570e+09 8.808731157769096e+09 1.114714471487714e+10 1.085243919437767e+10 9.036665520353397e+09 9.136121785690430e+09
 1.132562467030582e+10 1.133237877938033e+10 2.458795233952448e+10 2.441037953246027e+10 3.975513084090794e+10 3.936231023846488e+10 2.533214762004624e+10 2.554552973298945e+10 4.081041333487747e+10 4.070692843967014e+10
 2.662003435705462e+10 2.643764682345921e+10 4.209292399923210e+10 4.202285445254073e+10 2.680805249858106e+10 2.753250635600293e+10 4.229048032685631e+10 4.373263393262553e+10 4.974143618263179e+10 4.957890174362314e+10
 4.936599520503638e+10 5.032481484708867e+10 5.099944269170255e+10 5.078664559127938e+10 5.060999933251536e+10 5.070299963274573e+10 5.241382695385533e+10 5.257425022953393e+10 5.243075653337005e+10 5.305802230235043e+10
 5.276032544466980e+10 5.432045515741853e+10 5.320500514155983e+10 5.368366367855234e+10 0.000000000000000e+00 0.000000000000000e+00 0.000000000000000e+00 0.000000000000000e+00 0.000000000000000e+00 0.000000000000000e+00
 0.000000000000000e+00 0.000000000000000e+00 0.000000000000000e+00 0.000000000000000e+00 0.000000000000000e+00 0.000000000000000e+00 0.000000000000000e+00 0.000000000000000e+00 0.000000000000000e+00 0.000000000000000e+00
 0.000000000000000e+00 0.000000000000000e+00 0.000000000000000e+00 0.000000000000000e+00 0.000000000000000e+00 0.000000000000000e+00 0.000000000000000e+00 0.000000000000000e+00 0.000000000000000e+00 0.000000000000000e+00
 0.000000000000000e+00 0.000000000000000e+00 0.000000000000000e+00 0.000000000000000e+00 0.000000000000000e+00 0.000000000000000e+00 0.000000000000000e+00 0.000000000000000e+00 0.000000000000000e+00 0.000000000000000e+00
 0.000000000000000e+00 0.000000000000000e+00 0.000000000000000e+00 0.000000000000000e+00 0.000000000000000e+00 0.000000000000000e+00 0.000000000000000e+00 0.000000000000000e+00 0.000000000000000e+00 0.000000000000000e+00
 0.000000000000000e+00 0.000000000000000e+00 0.000000000000000e+00 0.000000000000000e+00 0.000000000000000e+00 0.000000000000000e+00 0.000000000000000e+00 0.000000000000000e+00 0.000000000000000e+00 0.000000000000000e+00
 0.000000000000000e+00 0.000000000000000e+00 0.000000000000000e+00 0.000000000000000e+00 1.539379152477296e+05 1.998718783386752e+05 6.157516609909185e+05 7.994875133547008e+05 1.684712727864586e+05 6.738850911458345e+05
 1.876565004006400e+05 7.506260016025600e+05 1.077565406734107e+06 1.399103148370726e+06 4.096968023838139e+07 4.908178397936699e+07 1.179298909505211e+06 3.488642651158521e+07 1.313595502804480e+06 3.468294813368054e+07
 1.005769456129807e+08 1.203059974083534e+08 1.601842109875800e+08 1.915302108373398e+08 8.519441100552550e+07 1.355023954994658e+08 8.445549232939368e+07 1.342280365251068e+08 7.109711248935797e+08 6.640409890199318e+08
 1.261758038799579e+09 1.136551767202524e+09 6.351956515842013e+08 1.134888907668937e+09 6.933631758730636e+08 1.252498315221020e+09 2.179174965465579e+09 2.019161425989917e+09 3.829851917651576e+09 3.721968845986912e+09
 1.975459548871945e+09 3.497784960311498e+09 2.123730447465945e+09 3.619156565504807e+09 5.480528869837574e+09 5.424776265983908e+09 7.748269787388988e+09 7.692714183735643e+09 5.020110371751052e+09 7.451675263859676e+09
 5.114582683543669e+09 7.554177617938702e+09 1.032454268762311e+10 1.024321735036475e+10 1.290081558785723e+10 1.279372051699386e+10 1.033785989630284e+10 1.322404452874599e+10 1.046585696051182e+10 1.337753630308494e+10
 2.861042225086179e+10 2.839913388870109e+10 4.432002891386635e+10 4.400454726040832e+10 2.883689518072666e+10 4.444974583270734e+10 2.909888861240485e+10 4.482024092172476e+10 5.467938082442324e+10 5.455606093916935e+10
 5.433822323008481e+10 5.499977523203793e+10 5.500811475287544e+10 5.545752020941840e+10 5.550036310805622e+10 5.609802504841079e+10 0.000000000000000e+00 0.000000000000000e+00 0.000000000000000e+00 0.000000000000000e+00
 0.000000000000000e+00 0.000000000000000e+00 0.000000000000000e+00 0.000000000000000e+00 0.000000000000000e+00 0.000000000000000e+00 0.000000000000000e+00 0.000000000000000e+00 0.000000000000000e+00 0.000000000000000e+00
 0.000000000000000e+00 0.000000000000000e+00 0.000000000000000e+00 0.000000000000000e+00 0.000000000000000e+00 0.000000000000000e+00 0.000000000000000e+00 0.000000000000000e+00 0.000000000000000e+00 0.000000000000000e+00
 0.000000000000000e+00 0.000000000000000e+00 0.000000000000000e+00 0.000000000000000e+00 0.000000000000000e+00 0.000000000000000e+00 0.000000000000000e+00 0.000000000000000e+00 0.000000000000000e+00 0.000000000000000e+00
 0.000000000000000e+00 0.000000000000000e+00 0.000000000000000e+00 0.000000000000000e+00 0.000000000000000e+00 0.000000000000000e+00 0.000000000000000e+00 0.000000000000000e+00 0.000000000000000e+00 0.000000000000000e+00
 0.000000000000000e+00 0.000000000000000e+00 0.000000000000000e+00 0.000000000000000e+00 0.000000000000000e+00 0.000000000000000e+00 0.000000000000000e+00 0.000000000000000e+00 0.000000000000000e+00 0.000000000000000e+00
 0.000000000000000e+00 0.000000000000000e+00 0.000000000000000e+00 0.000000000000000e+00 0.000000000000000e+00 0.000000000000000e+00 0.000000000000000e+00 0.000000000000000e+00 0.000000000000000e+00 0.000000000000000e+00
 0.000000000000000e+00 0.000000000000000e+00 0.000000000000000e+00 0.000000000000000e+00 0.000000000000000e+00 0.000000000000000e+00 0.000000000000000e+00 0.000000000000000e+00 0.000000000000000e+00 0.000000000000000e+00
 0.000000000000000e+00 0.000000000000000e+00 0.000000000000000e+00 0.000000000000000e+00 0.000000000000000e+00 0.000000000000000e+00 0.000000000000000e+00 0.000000000000000e+00 0.000000000000000e+00 0.000000000000000e+00
 0.000000000000000e+00 0.000000000000000e+00 0.000000000000000e+00 0.000000000000000e+00 0.000000000000000e+00 0.000000000000000e+00 0.000000000000000e+00 0.000000000000000e+00 0.000000000000000e+00 0.000000000000000e+00
 0.000000000000000e+00 0.000000000000000e+00 0.000000000000000e+00 0.000000000000000e+00 0.000000000000000e+00 0.000000000000000e+00 0.000000000000000e+00 0.000000000000000e+00 0.000000000000000e+00 0.000000000000000e+00
 0.000000000000000e+00 0.000000000000000e+00 0.000000000000000e+00 0.000000000000000e+00 0.000000000000000e+00 0.000000000000000e+00 0.000000000000000e+00 0.000000000000000e+00 0.000000000000000e+00 0.000000000000000e+00
 0.000000000000000e+00 0.000000000000000e+00 0.000000000000000e+00 0.000000000000000e+00 0.000000000000000e+00 0.000000000000000e+00 0.000000000000000e+00 0.000000000000000e+00 0.000000000000000e+00 0.000000000000000e+00
 0.000000000000000e+00 0.000000000000000e+00 0.000000000000000e+00 0.000000000000000e+00 0.000000000000000e+00 0.000000000000000e+00 0.000000000000000e+00 0.000000000000000e+00 0.000000000000000e+00 0.000000000000000e+00
 0.000000000000000e+00 0.000000000000000e+00 0.000000000000000e+00 0.000000000000000e+00 0.000000000000000e+00 0.000000000000000e+00 0.000000000000000e+00 0.000000000000000e+00 0.000000000000000e+00 0.000000000000000e+00
 0.000000000000000e+00 0.000000000000000e+00 0.000000000000000e+00 0.000000000000000e+00 0.000000000000000e+00 0.000000000000000e+00 0.000000000000000e+00 0.000000000000000e+00 0.000000000000000e+00 0.000000000000000e+00
 0.000000000000000e+00 0.000000000000000e+00 0.000000000000000e+00 0.000000000000000e+00 0.000000000000000e+00 0.000000000000000e+00 0.000000000000000e+00 0.000000000000000e+00 0.000000000000000e+00 0.000000000000000e+00
 0.000000000000000e+00 0.000000000000000e+00 0.000000000000000e+00 0.000000000000000e+00 0.000000000000000e+00 0.000000000000000e+00 0.000000000000000e+00 0.000000000000000e+00 0.000000000000000e+00 0.000000000000000e+00
 0.000000000000000e+00 0.000000000000000e+00 0.000000000000000e+00 0.000000000000000e+00 0.000000000000000e+00 0.000000000000000e+00 0.000000000000000e+00 0.000000000000000e+00 0.000000000000000e+00 0.000000000000000e+00
 0.000000000000000e+00 0.000000000000000e+00 0.000000000000000e+00 0.000000000000000e+00 0.000000000000000e+00 0.000000000000000e+00 0.000000000000000e+00 0.000000000000000e+00 0.000000000000000e+00 0.000000000000000e+00
 0.000000000000000e+00 0.000000000000000e+00 0.000000000000000e+00 0.000000000000000e+00 0.000000000000000e+00 0.000000000000000e+00 0.000000000000000e+00 0.000000000000000e+00 0.000000000000000e+00 0.000000000000000e+00
 0.000000000000000e+00 0.000000000000000e+00 0.000000000000000e+00 0.000000000000000e+00 0.000000000000000e+00 0.000000000000000e+00 0.000000000000000e+00 0.000000000000000e+00 0.000000000000000e+00 0.000000000000000e+00
 0.000000000000000e+00 0.000000000000000e+00 0.000000000000000e+00 0.000000000000000e+00 0.000000000000000e+00 0.000000000000000e+00 0.000000000000000e+00 0.000000000000000e+00 0.000000000000000e+00 0.000000000000000e+00
 0.000000000000000e+00 2.212826720669744e+05 8.851306882678975e+05 9.744711329794498e+04 3.897884531917799e+05 1.026681622888283e+05 4.106726491553134e+05 1.279306525858037e+05 5.117226103432148e+05 1.405618977342911e+05
 5.622475909371644e+05 1.468775203085354e+05 5.875100812341416e+05 1.531931428827791e+05 6.127725715311164e+05 1.563509541699006e+05 1.606572240845768e+05 6.254038166796025e+05 6.426288963383071e+05 1.656653298272028e+05
 1.706734355698290e+05 6.626613193088113e+05 6.826937422793158e+05 1.756815413124551e+05 1.806896470550801e+05 7.027261652498202e+05 7.227585882203204e+05 1.856977527977052e+05 1.907058585403312e+05 7.427910111908206e+05
 7.628234341613250e+05 1.548978704468820e+06 3.828134916908717e+07 6.821297930856148e+05 4.591121805305145e+07 7.186771360217985e+05 4.253281020466089e+07 8.955145681006261e+05 3.700713600093488e+07 9.839332841400376e+05
 3.424429889907195e+07 1.028142642159748e+06 3.286288034814034e+07 1.072352000179454e+06 3.148146179720888e+07 1.094456679189304e+06 1.124600568592037e+06 3.079075252174322e+07 3.101190302270087e+07 1.159657308790420e+06
 1.194714048988802e+06 3.179030116480643e+07 3.256869930691198e+07 1.229770789187185e+06 1.264827529385561e+06 3.334709744901754e+07 3.412549559112293e+07 1.299884269583936e+06 1.334941009782318e+06 3.490389373322833e+07
 3.568229187533388e+07 9.304798085791422e+07 1.478146125467413e+08 1.136086797730533e+08 1.813061414930551e+08 1.051000075641863e+08 1.676672049237117e+08 9.098267217130756e+07 1.449582083416802e+08 8.392400447486839e+07
 1.336037100506648e+08 8.039467062664843e+07 1.279264609051565e+08 7.686533677842885e+07 1.222492117596488e+08 7.510066985431923e+07 7.560187086773726e+07 1.194105871868952e+08 1.201918387127737e+08 7.748776895408963e+07
 7.937366704044199e+07 1.231852367433728e+08 1.261786347739720e+08 8.125956512679438e+07 8.314546321314636e+07 1.291720328045712e+08 1.321654308351698e+08 8.503136129949833e+07 8.691725938585073e+07 1.351588288657684e+08
 1.381522268963675e+08 6.886637505425347e+08 1.229512888538328e+09 6.909637774606036e+08 1.200621413428152e+09 6.709507253923992e+08 1.174234245861087e+09 6.446203403309882e+08 1.144282472320296e+09 6.314551478002830e+08
 1.129306585549901e+09 6.248725515349298e+08 1.121818642164703e+09 6.182899552695771e+08 1.114330698779505e+09 6.149986571369013e+08 6.149952390947912e+08 1.110586727086907e+09 1.109798639476809e+09 6.170010811080281e+08
 6.190069231212652e+08 1.110816925472683e+09 1.111835211468558e+09 6.210127651345022e+08 6.230186071477387e+08 1.112853497464433e+09 1.113871783460308e+09 6.250244491609752e+08 6.270302911742121e+08 1.114890069456182e+09
 1.115908355452057e+09 2.098830991487422e+09 3.625087024343115e+09 2.061791560507229e+09 3.625986729809361e+09 2.055293567077115e+09 3.691904489787826e+09 2.052384147396251e+09 3.777364908645498e+09 2.050929437555819e+09
 3.820095118074334e+09 2.050202082635602e+09 3.841460222788754e+09 2.049474727715386e+09 3.862825327503171e+09 2.049111050255278e+09 2.051247370741102e+09 3.873507879860379e+09 3.885986763769948e+09 2.054911467749441e+09
 2.058575564757779e+09 3.899563405850402e+09 3.913140047930857e+09 2.062239661766118e+09 2.065903758774456e+09 3.926716690011312e+09 3.940293332091764e+09 2.069567855782794e+09 2.073231952791133e+09 3.953869974172216e+09
 3.967446616252671e+09 5.151343057198810e+09 7.614676794485760e+09 5.190181899111494e+09 7.789741352309526e+09 5.328515412498537e+09 7.941764848340674e+09 5.502345669894747e+09 8.113039453959667e+09 5.589260798592850e+09
 8.198676756769161e+09 5.632718362941906e+09 8.241495408173912e+09 5.676175927290956e+09 8.284314059578659e+09 5.697904709465481e+09 5.720726156798793e+09 8.305723385281030e+09 8.329022664009809e+09 5.744215343951365e+09
 5.767704531103935e+09 8.353476914032503e+09 8.377931164055199e+09 5.791193718256507e+09 5.814682905409073e+09 8.402385414077894e+09 8.426839664100584e+09 5.838172092561638e+09 5.861661279714210e+09 8.451293914123273e+09
 8.475748164145967e+09 1.054654938398834e+10 1.347842197349091e+10 1.090698294745551e+10 1.402422454260149e+10 1.104333354074853e+10 1.414490223315638e+10 1.116658974943242e+10 1.422014004490518e+10 1.122821785377437e+10
 1.425775895077958e+10 1.125903190594535e+10 1.427656840371678e+10 1.128984595811632e+10 1.429537785665398e+10 1.130525298420180e+10 1.132409772831191e+10 1.430478258312258e+10 1.431917279261401e+10 1.134504330010373e+10
 1.136598887189556e+10 1.433660968617496e+10 1.435404657973591e+10 1.138693444368738e+10 1.140788001547920e+10 1.437148347329686e+10 1.438892036685781e+10 1.142882558727101e+10 1.144977115906284e+10 1.440635726041875e+10
 1.442379415397970e+10 2.925865995332115e+10 4.503889793315138e+10 2.972764310292300e+10 4.543106166324452e+10 2.996076644754002e+10 4.577663066192365e+10 3.019348136523646e+10 4.616682268556773e+10 3.030983882408468e+10
 4.636191869738978e+10 3.036801755350880e+10 4.645946670330081e+10 3.042619628293290e+10 4.655701470921182e+10 3.045528564764495e+10 3.047505862283299e+10 4.660578871216733e+10 4.663094445305196e+10 3.048913824886746e+10
 3.050321787490193e+10 4.664166681155995e+10 4.665238917006795e+10 3.051729750093640e+10 3.053137712697087e+10 4.666311152857593e+10 4.667383388708393e+10 3.054545675300533e+10 3.055953637903980e+10 4.668455624559191e+10
 4.669527860409989e+10 5.580934516726764e+10 5.656021090995593e+10 5.609700968549679e+10 5.668801663161058e+10 5.642279420567700e+10 5.672955640816974e+10 5.680289283363799e+10 5.676442063718616e+10 5.699294214761848e+10
 5.678185275169438e+10 5.708796680460873e+10 5.679056880894849e+10 5.718299146159897e+10 5.679928486620259e+10 5.723050379009410e+10 5.724922895164163e+10 5.680364289482964e+10 5.679231078697270e+10 5.725036195561010e+10
 5.725149495957855e+10 5.677139026237553e+10 5.675046973777836e+10 5.725262796354701e+10 5.725376096751548e+10 5.672954921318120e+10 5.670862868858404e+10 5.725489397148393e+10 5.725602697545240e+10 5.668770816398686e+10
 5.666678763938969e+10 0.000000000000000e+00 0.000000000000000e+00 0.000000000000000e+00 0.000000000000000e+00 0.000000000000000e+00 0.000000000000000e+00 0.000000000000000e+00 0.000000000000000e+00 0.000000000000000e+00
 0.000000000000000e+00 0.000000000000000e+00 0.000000000000000e+00 0.000000000000000e+00 0.000000000000000e+00 0.000000000000000e+00 0.000000000000000e+00 0.000000000000000e+00 0.000000000000000e+00 0.000000000000000e+00
 0.000000000000000e+00 0.000000000000000e+00 0.000000000000000e+00 0.000000000000000e+00 0.000000000000000e+00 0.000000000000000e+00 0.000000000000000e+00 0.000000000000000e+00 0.000000000000000e+00 0.000000000000000e+00
 0.000000000000000e+00 0.000000000000000e+00 0.000000000000000e+00 0.000000000000000e+00 0.000000000000000e+00 0.000000000000000e+00 0.000000000000000e+00 0.000000000000000e+00 0.000000000000000e+00 0.000000000000000e+00
 0.000000000000000e+00 0.000000000000000e+00 0.000000000000000e+00 0.000000000000000e+00 0.000000000000000e+00 0.000000000000000e+00 0.000000000000000e+00 0.000000000000000e+00 0.000000000000000e+00 0.000000000000000e+00
 0.000000000000000e+00 0.000000000000000e+00 0.000000000000000e+00 0.000000000000000e+00 0.000000000000000e+00 0.000000000000000e+00 0.000000000000000e+00 0.000000000000000e+00 0.000000000000000e+00 0.000000000000000e+00
 0.000000000000000e+00 0.000000000000000e+00 0.000000000000000e+00 0.000000000000000e+00 0.000000000000000e+00 0.000000000000000e+00 0.000000000000000e+00 0.000000000000000e+00 0.000000000000000e+00 0.000000000000000e+00
 0.000000000000000e+00 0.000000000000000e+00 0.000000000000000e+00 0.000000000000000e+00 0.000000000000000e+00 0.000000000000000e+00 0.000000000000000e+00 0.000000000000000e+00 0.000000000000000e+00 0.000000000000000e+00
 0.000000000000000e+00 0.000000000000000e+00 0.000000000000000e+00 0.000000000000000e+00 0.000000000000000e+00 0.000000000000000e+00 0.000000000000000e+00 0.000000000000000e+00 0.000000000000000e+00 0.000000000000000e+00
 0.000000000000000e+00 0.000000000000000e+00 0.000000000000000e+00 0.000000000000000e+00 0.000000000000000e+00 0.000000000000000e+00 0.000000000000000e+00 0.000000000000000e+00 0.000000000000000e+00 0.000000000000000e+00
 0.000000000000000e+00 0.000000000000000e+00 0.000000000000000e+00 0.000000000000000e+00 0.000000000000000e+00 0.000000000000000e+00 0.000000000000000e+00 0.000000000000000e+00 0.000000000000000e+00 0.000000000000000e+00
 0.000000000000000e+00 0.000000000000000e+00 0.000000000000000e+00 0.000000000000000e+00 0.000000000000000e+00 0.000000000000000e+00 0.000000000000000e+00 0.000000000000000e+00 0.000000000000000e+00 0.000000000000000e+00
 0.000000000000000e+00 0.000000000000000e+00 0.000000000000000e+00 0.000000000000000e+00 0.000000000000000e+00 0.000000000000000e+00 0.000000000000000e+00 0.000000000000000e+00 0.000000000000000e+00 0.000000000000000e+00
 0.000000000000000e+00 0.000000000000000e+00 0.000000000000000e+00 0.000000000000000e+00 0.000000000000000e+00 0.000000000000000e+00 0.000000000000000e+00 0.000000000000000e+00 0.000000000000000e+00 0.000000000000000e+00
 0.000000000000000e+00 0.000000000000000e+00 0.000000000000000e+00 0.000000000000000e+00 0.000000000000000e+00 0.000000000000000e+00 0.000000000000000e+00 0.000000000000000e+00 0.000000000000000e+00 0.000000000000000e+00
 0.000000000000000e+00 0.000000000000000e+00 0.000000000000000e+00 0.000000000000000e+00 0.000000000000000e+00 0.000000000000000e+00 0.000000000000000e+00 0.000000000000000e+00 0.000000000000000e+00 0.000000000000000e+00
 0.000000000000000e+00 0.000000000000000e+00 0.000000000000000e+00 0.000000000000000e+00 0.000000000000000e+00 0.000000000000000e+00 0.000000000000000e+00 0.000000000000000e+00 0.000000000000000e+00 0.000000000000000e+00
 0.000000000000000e+00 0.000000000000000e+00 0.000000000000000e+00 0.000000000000000e+00 0.000000000000000e+00 0.000000000000000e+00 0.000000000000000e+00 0.000000000000000e+00 0.000000000000000e+00 0.000000000000000e+00
 0.000000000000000e+00 0.000000000000000e+00 0.000000000000000e+00 0.000000000000000e+00 0.000000000000000e+00 0.000000000000000e+00 0.000000000000000e+00 0.000000000000000e+00 0.000000000000000e+00 0.000000000000000e+00
 0.000000000000000e+00 0.000000000000000e+00 0.000000000000000e+00 0.000000000000000e+00 0.000000000000000e+00 0.000000000000000e+00 0.000000000000000e+00 0.000000000000000e+00 0.000000000000000e+00 0.000000000000000e+00
 0.000000000000000e+00 0.000000000000000e+00 0.000000000000000e+00 0.000000000000000e+00 0.000000000000000e+00 0.000000000000000e+00 0.000000000000000e+00 0.000000000000000e+00 0.000000000000000e+00 0.000000000000000e+00
 0.000000000000000e+00 0.000000000000000e+00 0.000000000000000e+00 0.000000000000000e+00 0.000000000000000e+00 0.000000000000000e+00 0.000000000000000e+00 0.000000000000000e+00 0.000000000000000e+00 0.000000000000000e+00
 0.000000000000000e+00 0.000000000000000e+00 0.000000000000000e+00 0.000000000000000e+00 0.000000000000000e+00 0.000000000000000e+00 0.000000000000000e+00 0.000000000000000e+00 0.000000000000000e+00 1.957139642829573e+05
 2.007220700255824e+05 7.828558571318293e+05 8.028882801023296e+05 2.057301757682074e+05 2.107382815108335e+05 8.229207030728296e+05 8.429531260433341e+05 0.000000000000000e+00 0.000000000000000e+00 0.000000000000000e+00
 0.000000000000000e+00 0.000000000000000e+00 0.000000000000000e+00 2.157463872534596e+05 2.164947248931619e+05 2.207544929960857e+05 8.629855490138384e+05 8.659788995726474e+05 8.830179719843427e+05 0.000000000000000e+00
 0.000000000000000e+00 0.000000000000000e+00 0.000000000000000e+00 2.257625987387118e+05 9.030503949548472e+05 2.307707044813368e+05 9.230828179253474e+05 0.000000000000000e+00 0.000000000000000e+00 0.000000000000000e+00
 0.000000000000000e+00 2.357788102239619e+05 9.431152408958474e+05 2.407869159665880e+05 9.631476638663519e+05 0.000000000000000e+00 0.000000000000000e+00 0.000000000000000e+00 0.000000000000000e+00 2.457950217092141e+05
 9.831800868368563e+05 2.508031274518401e+05 1.003212509807361e+06 0.000000000000000e+00 0.000000000000000e+00 0.000000000000000e+00 0.000000000000000e+00 2.558112331944663e+05 1.023244932777865e+06 2.608193389370913e+05
 1.043277355748365e+06 0.000000000000000e+00 0.000000000000000e+00 0.000000000000000e+00 0.000000000000000e+00 2.658274446797163e+05 1.063309778718865e+06 2.708355504223424e+05 1.083342201689370e+06 0.000000000000000e+00
 0.000000000000000e+00 0.000000000000000e+00 0.000000000000000e+00 0.000000000000000e+00 0.000000000000000e+00 0.000000000000000e+00 0.000000000000000e+00 0.000000000000000e+00 0.000000000000000e+00 0.000000000000000e+00
 0.000000000000000e+00 0.000000000000000e+00 0.000000000000000e+00 0.000000000000000e+00 0.000000000000000e+00 0.000000000000000e+00 0.000000000000000e+00 0.000000000000000e+00 0.000000000000000e+00 0.000000000000000e+00
 0.000000000000000e+00 0.000000000000000e+00 0.000000000000000e+00 0.000000000000000e+00 0.000000000000000e+00 0.000000000000000e+00 0.000000000000000e+00 0.000000000000000e+00 0.000000000000000e+00 0.000000000000000e+00
 0.000000000000000e+00 0.000000000000000e+00 0.000000000000000e+00 0.000000000000000e+00 0.000000000000000e+00 0.000000000000000e+00 0.000000000000000e+00 0.000000000000000e+00 0.000000000000000e+00 0.000000000000000e+00
 0.000000000000000e+00 0.000000000000000e+00 0.000000000000000e+00 0.000000000000000e+00 0.000000000000000e+00 0.000000000000000e+00 0.000000000000000e+00 0.000000000000000e+00 0.000000000000000e+00 0.000000000000000e+00
 0.000000000000000e+00 0.000000000000000e+00 0.000000000000000e+00 0.000000000000000e+00 0.000000000000000e+00 0.000000000000000e+00 0.000000000000000e+00 0.000000000000000e+00 0.000000000000000e+00 0.000000000000000e+00
 0.000000000000000e+00 0.000000000000000e+00 0.000000000000000e+00 0.000000000000000e+00 0.000000000000000e+00 0.000000000000000e+00 0.000000000000000e+00 0.000000000000000e+00 2.757076198219237e+05 1.102830479287695e+06
 2.790249881581362e+05 1.116099952632545e+06 0.000000000000000e+00 0.000000000000000e+00 2.856597248305620e+05 1.142638899322248e+06 0.000000000000000e+00 0.000000000000000e+00 0.000000000000000e+00 0.000000000000000e+00
 2.922944615029878e+05 1.169177846011951e+06 2.989291981754135e+05 1.195716792701654e+06 0.000000000000000e+00 0.000000000000000e+00 0.000000000000000e+00 0.000000000000000e+00 0.000000000000000e+00 0.000000000000000e+00
 0.000000000000000e+00 0.000000000000000e+00 0.000000000000000e+00 0.000000000000000e+00 0.000000000000000e+00 0.000000000000000e+00 0.000000000000000e+00 0.000000000000000e+00 0.000000000000000e+00 0.000000000000000e+00
 0.000000000000000e+00 0.000000000000000e+00 0.000000000000000e+00 0.000000000000000e+00 0.000000000000000e+00 0.000000000000000e+00 0.000000000000000e+00 0.000000000000000e+00 0.000000000000000e+00 0.000000000000000e+00
 0.000000000000000e+00 0.000000000000000e+00 0.000000000000000e+00 0.000000000000000e+00 3.055639348478393e+05 1.222255739391357e+06 3.121986715202651e+05 1.248794686081060e+06 0.000000000000000e+00 0.000000000000000e+00
 0.000000000000000e+00 0.000000000000000e+00 0.000000000000000e+00 0.000000000000000e+00 0.000000000000000e+00 0.000000000000000e+00 0.000000000000000e+00 0.000000000000000e+00 0.000000000000000e+00 0.000000000000000e+00
 0.000000000000000e+00 0.000000000000000e+00 0.000000000000000e+00 0.000000000000000e+00 0.000000000000000e+00 0.000000000000000e+00 0.000000000000000e+00 0.000000000000000e+00 0.000000000000000e+00 0.000000000000000e+00
 0.000000000000000e+00 0.000000000000000e+00 0.000000000000000e+00 0.000000000000000e+00 0.000000000000000e+00 0.000000000000000e+00 0.000000000000000e+00 0.000000000000000e+00 3.188334081926915e+05 1.275333632770766e+06
 3.254681448651173e+05 1.301872579460469e+06 1.369997749980701e+06 1.405054490179077e+06 3.646069001743943e+07 3.723908815954483e+07 1.440111230377452e+06 1.475167970575835e+06 3.801748630165022e+07 3.879588444375578e+07
 8.880315747220309e+07 9.068905555855507e+07 1.411456249269668e+08 1.441390229575653e+08 9.257495364490706e+07 9.446085173125942e+07 1.471324209881639e+08 1.501258190187631e+08 1.510224710774217e+06 1.515463074252133e+06
 1.545281450972600e+06 3.957428258586133e+07 3.969059495192300e+07 4.035268072796687e+07 9.634674981761180e+07 9.662855068108955e+07 9.823264790396416e+07 1.531192170493623e+08 1.535665064102561e+08 1.561126150799614e+08
 1.580338191170983e+06 4.113107887007244e+07 1.615394931369358e+06 4.190947701217782e+07 1.001185459903165e+08 1.591060131105607e+08 1.020044440766685e+08 1.620994111411592e+08 1.650451671567733e+06 4.268787515428322e+07
 1.685508411766116e+06 4.346627329638878e+07 1.038903421630205e+08 1.650928091717578e+08 1.057762402493729e+08 1.680862072023570e+08 1.720565151964498e+06 4.424467143849432e+07 1.755621892162881e+06 4.502306958059988e+07
 1.076621383357252e+08 1.710796052329562e+08 1.095480364220776e+08 1.740730032635553e+08 1.790678632361264e+06 4.580146772270544e+07 1.825735372559639e+06 4.657986586481082e+07 1.114339345084300e+08 1.770664012941546e+08
 1.133198325947820e+08 1.800597993247531e+08 1.860792112758014e+06 4.735826400691622e+07 1.895848852956397e+06 4.813666214902177e+07 1.152057306811340e+08 1.830531973553517e+08 1.170916287674863e+08 1.860465953859509e+08
 6.290361331874491e+08 6.310419752006856e+08 1.116926641447931e+09 1.117944927443806e+09 6.330478172139223e+08 6.350536592271591e+08 1.118963213439681e+09 1.119981499435555e+09 2.076896049799471e+09 2.080560146807809e+09
 3.981023258333126e+09 3.994599900413578e+09 2.084224243816147e+09 2.087888340824486e+09 4.008176542494030e+09 4.021753184574485e+09 6.370595012403961e+08 6.373592247596152e+08 6.390653432536330e+08 1.120999785431430e+09
 1.121151943108974e+09 1.122018071427305e+09 2.091552437832824e+09 2.092099946581196e+09 2.095216534841163e+09 4.035329826654940e+09 4.037358520299144e+09 4.048906468735394e+09 6.410711852668700e+08 1.123036357423179e+09
 6.430770272801065e+08 1.124054643419054e+09 2.098880631849501e+09 4.062483110815849e+09 2.102544728857839e+09 4.076059752896301e+09 6.450828692933431e+08 1.125072929414928e+09 6.470887113065801e+08 1.126091215410803e+09
 2.106208825866177e+09 4.089636394976753e+09 2.109872922874516e+09 4.103213037057208e+09 6.490945533198171e+08 1.127109501406678e+09 6.511003953330541e+08 1.128127787402553e+09 2.113537019882854e+09 4.116789679137662e+09
 2.117201116891193e+09 4.130366321218118e+09 6.531062373462909e+08 1.129146073398427e+09 6.551120793595275e+08 1.130164359394302e+09 2.120865213899531e+09 4.143942963298572e+09 2.124529310907869e+09 4.157519605379024e+09
 6.571179213727640e+08 1.131182645390176e+09 6.591237633860010e+08 1.132200931386051e+09 2.128193407916207e+09 4.171096247459476e+09 2.131857504924546e+09 4.184672889539931e+09 1.929953338753466e+06 4.880031292255103e+07
 1.186922908685145e+08 1.885842688144780e+08 1.953174917106953e+06 4.815256519806693e+07 1.170331131372697e+08 1.859136610764725e+08 1.999618073813934e+06 4.685706974909861e+07 1.137147576747798e+08 1.805724456004609e+08
 2.046061230520914e+06 4.556157430013028e+07 1.103964022122898e+08 1.752312301244494e+08 2.092504387227895e+06 4.426607885116196e+07 1.070780467497999e+08 1.698900146484379e+08 6.609618884502313e+08 1.133339508085985e+09
 6.608832483829597e+08 1.135852835689447e+09 2.135425737791795e+09 4.196929187637721e+09 2.137898380475167e+09 4.194095840219352e+09 6.607259682484163e+08 1.140879490896372e+09 2.142843665841909e+09 4.188429145382613e+09
 6.605686881138729e+08 1.145906146103296e+09 6.604114079793293e+08 1.150932801310221e+09 2.147788951208652e+09 4.182762450545874e+09 2.152734236575395e+09 4.177095755709135e+09 2.138947543934875e+06 4.297058340219363e+07
 1.037596912873100e+08 1.645487991724264e+08 2.185390700641856e+06 4.167508795322530e+07 1.004413358248201e+08 1.592075836964148e+08 6.602541278447862e+08 1.155959456517146e+09 6.600968477102427e+08 1.160986111724071e+09
 2.157679521942139e+09 4.171429060872396e+09 2.162624807308881e+09 4.165762366035658e+09 2.231833857348841e+06 4.037959250425684e+07 9.712298036232978e+07 1.538663682204027e+08 2.278277014055821e+06 3.908409705528851e+07
 9.380462489983986e+07 1.485251527443912e+08 6.599395675756993e+08 1.166012766930996e+09 6.597822874411558e+08 1.171039422137920e+09 2.167570092675624e+09 4.160095671198918e+09 2.172515378042368e+09 4.154428976362180e+09
 5.885150466866780e+09 5.908639654019346e+09 8.500202414168661e+09 8.524656664191351e+09 5.932128841171913e+09 5.955618028324484e+09 8.549110914214041e+09 8.573565164236735e+09 1.147071673085466e+10 1.149166230264647e+10
 1.444123104754065e+10 1.445866794110159e+10 1.151260787443829e+10 1.153355344623011e+10 1.447610483466254e+10 1.449354172822349e+10 5.979107215477055e+09 5.982617094017092e+09 6.002596402629625e+09 8.598019414259430e+09
 8.601673497596151e+09 8.622473664282124e+09 1.155449901802193e+10 1.155762881610577e+10 1.157544458981376e+10 1.451097862178444e+10 1.451358413461538e+10 1.452841551534539e+10 6.026085589782196e+09 8.646927914304817e+09
 6.049574776934763e+09 8.671382164327507e+09 1.159639016160558e+10 1.454585240890633e+10 1.161733573339739e+10 1.456328930246728e+10 6.073063964087328e+09 8.695836414350197e+09 6.096553151239900e+09 8.720290664372890e+09
 1.163828130518921e+10 1.458072619602822e+10 1.165922687698103e+10 1.459816308958917e+10 6.120042338392470e+09 8.744744914395586e+09 6.143531525545042e+09 8.769199164418282e+09 1.168017244877285e+10 1.461559998315012e+10
 1.170111802056468e+10 1.463303687671107e+10 6.167020712697613e+09 8.793653414440975e+09 6.190509899850179e+09 8.818107664463663e+09 1.172206359235650e+10 1.465047377027202e+10 1.174300916414832e+10 1.466791066383297e+10
 6.213999087002745e+09 8.842561914486353e+09 6.237488274155315e+09 8.867016164509048e+09 1.176395473594013e+10 1.468534755739391e+10 1.178490030773195e+10 1.470278445095486e+10 6.258432637483645e+09 8.889086991409561e+09
 6.250293299963536e+09 8.883918696913759e+09 1.180431679737547e+10 1.471954660334139e+10 1.180625806246700e+10 1.472859742802025e+10 6.234014624923315e+09 8.873582107922157e+09 1.181014059265006e+10 1.474669907737797e+10
 6.217735949883096e+09 8.863245518930550e+09 6.201457274842875e+09 8.852908929938944e+09 1.181402312283312e+10 1.476480072673569e+10 1.181790565301618e+10 1.478290237609341e+10 6.185178599802655e+09 8.842572340947340e+09
 6.168899924762434e+09 8.832235751955734e+09 1.182178818319924e+10 1.480100402545114e+10 1.182567071338230e+10 1.481910567480886e+10 6.152621249722212e+09 8.821899162964128e+09 6.136342574681993e+09 8.811562573972523e+09
 1.182955324356536e+10 1.483720732416658e+10 1.183343577374841e+10 1.485530897352430e+10 3.057361600507427e+10 3.058769563110874e+10 4.670600096260789e+10 4.671672332111588e+10 3.060177525714320e+10 3.061585488317767e+10
 4.672744567962386e+10 4.673816803813185e+10 5.725715997942085e+10 5.725829298338931e+10 5.664586711479253e+10 5.662494659019537e+10 5.725942598735778e+10 5.726055899132623e+10 5.660402606559819e+10 5.658310554100102e+10
 3.062993450921214e+10 3.063203836137820e+10 3.064401413524660e+10 4.674889039663983e+10 4.675049258814102e+10 4.675961275514782e+10 5.726169199529469e+10 5.726186129473824e+10 5.726282499926315e+10 5.656218501640385e+10
 5.655905896100428e+10 5.654126449180669e+10 3.065809376128107e+10 4.677033511365581e+10 3.067217338731554e+10 4.678105747216380e+10 5.726395800323161e+10 5.652034396720952e+10 5.726509100720007e+10 5.649942344261235e+10
 3.068625301335001e+10 4.679177983067178e+10 3.070033263938448e+10 4.680250218917977e+10 5.726622401116853e+10 5.647850291801518e+10 5.726735701513698e+10 5.645758239341801e+10 3.071441226541894e+10 4.681322454768776e+10
 3.072849189145341e+10 4.682394690619576e+10 5.726849001910544e+10 5.643666186882085e+10 5.726962302307391e+10 5.641574134422368e+10 3.074257151748788e+10 4.683466926470374e+10 3.075665114352235e+10 4.684539162321172e+10
 5.727075602704236e+10 5.639482081962650e+10 5.727188903101082e+10 5.637390029502934e+10 3.077073076955681e+10 4.685611398171971e+10 3.078481039559128e+10 4.686683634022770e+10 5.727302203497929e+10 5.635297977043217e+10
 5.727415503894774e+10 5.633205924583501e+10 3.079725626497187e+10 4.687496592660235e+10 3.079103062973674e+10 4.685346383145324e+10 5.727401798337953e+10 5.631575483045008e+10 5.725936596167802e+10 5.635220594891932e+10
 3.077857935926650e+10 4.681045964115503e+10 5.723006191827497e+10 5.642510818585779e+10 3.076612808879624e+10 4.676745545085680e+10 3.075367681832598e+10 4.672445126055856e+10 5.720075787487193e+10 5.649801042279626e+10
 5.717145383146889e+10 5.657091265973474e+10 3.074122554785574e+10 4.668144707026035e+10 3.072877427738548e+10 4.663844287996211e+10 5.714214978806586e+10 5.664381489667322e+10 5.711284574466281e+10 5.671671713361169e+10
 3.071632300691523e+10 4.659543868966388e+10 3.070387173644498e+10 4.655243449936565e+10 5.708354170125977e+10 5.678961937055017e+10 5.705423765785674e+10 5.686252160748864e+10 0.000000000000000e+00 0.000000000000000e+00
 0.000000000000000e+00 0.000000000000000e+00 0.000000000000000e+00 0.000000000000000e+00 0.000000000000000e+00 0.000000000000000e+00 0.000000000000000e+00 0.000000000000000e+00 0.000000000000000e+00 0.000000000000000e+00
 0.000000000000000e+00 0.000000000000000e+00 0.000000000000000e+00 0.000000000000000e+00 0.000000000000000e+00 0.000000000000000e+00 0.000000000000000e+00 0.000000000000000e+00 0.000000000000000e+00 0.000000000000000e+00
 0.000000000000000e+00 0.000000000000000e+00 3.321028815375430e+05 1.328411526150172e+06 0.000000000000000e+00 0.000000000000000e+00 0.000000000000000e+00 0.000000000000000e+00 0.000000000000000e+00 0.000000000000000e+00
 3.387376182099695e+05 1.354950472839878e+06 0.000000000000000e+00 0.000000000000000e+00 0.000000000000000e+00 0.000000000000000e+00 0.000000000000000e+00 0.000000000000000e+00 0.000000000000000e+00 0.000000000000000e+00
 0.000000000000000e+00 0.000000000000000e+00 0.000000000000000e+00 0.000000000000000e+00 0.000000000000000e+00 0.000000000000000e+00 0.000000000000000e+00 0.000000000000000e+00 0.000000000000000e+00 0.000000000000000e+00
 0.000000000000000e+00 0.000000000000000e+00 0.000000000000000e+00 0.000000000000000e+00 0.000000000000000e+00 0.000000000000000e+00 3.453723548823952e+05 1.381489419529581e+06 0.000000000000000e+00 0.000000000000000e+00
 0.000000000000000e+00 0.000000000000000e+00 0.000000000000000e+00 0.000000000000000e+00 3.520070915548211e+05 1.408028366219284e+06 0.000000000000000e+00 0.000000000000000e+00 0.000000000000000e+00 0.000000000000000e+00
 0.000000000000000e+00 0.000000000000000e+00 0.000000000000000e+00 0.000000000000000e+00 0.000000000000000e+00 0.000000000000000e+00 0.000000000000000e+00 0.000000000000000e+00 0.000000000000000e+00 0.000000000000000e+00
 0.000000000000000e+00 0.000000000000000e+00 0.000000000000000e+00 0.000000000000000e+00 0.000000000000000e+00 0.000000000000000e+00 0.000000000000000e+00 0.000000000000000e+00 0.000000000000000e+00 0.000000000000000e+00
 3.948846148629464e+05 1.579538459451786e+06 0.000000000000000e+00 0.000000000000000e+00 0.000000000000000e+00 0.000000000000000e+00 0.000000000000000e+00 0.000000000000000e+00 4.485808804503854e+05 1.794323521801542e+06
 0.000000000000000e+00 0.000000000000000e+00 0.000000000000000e+00 0.000000000000000e+00 0.000000000000000e+00 0.000000000000000e+00 0.000000000000000e+00 0.000000000000000e+00 0.000000000000000e+00 0.000000000000000e+00
 0.000000000000000e+00 0.000000000000000e+00 0.000000000000000e+00 0.000000000000000e+00 0.000000000000000e+00 0.000000000000000e+00 0.000000000000000e+00 0.000000000000000e+00 0.000000000000000e+00 0.000000000000000e+00
 0.000000000000000e+00 0.000000000000000e+00 0.000000000000000e+00 0.000000000000000e+00 5.022771460378243e+05 2.009108584151297e+06 0.000000000000000e+00 0.000000000000000e+00 0.000000000000000e+00 0.000000000000000e+00
 0.000000000000000e+00 0.000000000000000e+00 5.559734116252633e+05 2.223893646501053e+06 2.324720170762801e+06 3.778860160632018e+07 9.048626943734993e+07 1.431839372683797e+08 6.596250073066124e+08 1.176066077344845e+09
 2.177460663409111e+09 4.148762281525441e+09 2.371163327469787e+06 3.649310615735172e+07 8.716791397485965e+07 1.378427217923676e+08 6.594677271720691e+08 1.181092732551770e+09 2.182405948775854e+09 4.143095586688702e+09
 2.417606484176767e+06 3.519761070838339e+07 8.384955851236972e+07 1.325015063163561e+08 6.593104470375257e+08 1.186119387758695e+09 2.187351234142597e+09 4.137428891851963e+09 2.464049640883747e+06 3.390211525941506e+07
 8.053120304987980e+07 1.271602908403445e+08 6.591531669029821e+08 1.191146042965620e+09 2.192296519509340e+09 4.131762197015224e+09 2.764192304040625e+06 3.473147687341410e+07 8.209007680517991e+07 1.294486767369457e+08
 6.581834771050346e+08 1.186918277473124e+09 2.180803082376464e+09 4.104987896350307e+09 3.140066163152697e+06 3.619512417785117e+07 8.510483987922332e+07 1.340145555805954e+08 6.569712769598023e+08 1.179927998339009e+09
 2.164402563900418e+09 4.071912817826231e+09 3.515940022264770e+06 3.765877148228825e+07 8.811960295326672e+07 1.385804344242452e+08 6.557590768145700e+08 1.172937719204895e+09 2.148002045424373e+09 4.038837739302156e+09
 3.891813881376844e+06 3.912241878672533e+07 9.113436602731015e+07 1.431463132678950e+08 6.545468766693376e+08 1.165947440070780e+09 2.131601526948327e+09 4.005762660778080e+09 6.120063899641771e+09 8.801225984980917e+09
 1.183731830393147e+10 1.487341062288202e+10 6.103785224601550e+09 8.790889395989311e+09 1.184120083411453e+10 1.489151227223975e+10 6.087506549561329e+09 8.780552806997707e+09 1.184508336429759e+10 1.490961392159747e+10
 6.071227874521109e+09 8.770216218006102e+09 1.184896589448065e+10 1.492771557095519e+10 6.029172710324150e+09 8.733117258948954e+09 1.182694167489924e+10 1.492076609084953e+10 5.979423071752045e+09 8.688029532708063e+09
 1.179718409717919e+10 1.490633866165031e+10 5.929673433179939e+09 8.642941806467173e+09 1.176742651945913e+10 1.489191123245109e+10 5.879923794607835e+09 8.597854080226280e+09 1.173766894173908e+10 1.487748380325187e+10
 3.069142046597472e+10 4.650943030906742e+10 3.067896919550447e+10 4.646642611876920e+10 5.702493361445369e+10 5.693542384442712e+10 5.699562957105066e+10 5.700832608136560e+10 3.066651792503422e+10 4.642342192847097e+10
 3.065406665456396e+10 4.638041773817274e+10 5.696632552764761e+10 5.708122831830408e+10 5.693702148424458e+10 5.715413055524255e+10 3.065332674766605e+10 4.638588740448258e+10 3.065608277019272e+10 4.640582687873514e+10
 5.693173346530881e+10 5.710415033415443e+10 5.693361440890059e+10 5.701748878231212e+10 3.065883879271939e+10 4.642576635298769e+10 3.066159481524606e+10 4.644570582724024e+10 5.693549535249237e+10 5.693082723046980e+10
 5.693737629608414e+10 5.684416567862747e+10 0.000000000000000e+00 0.000000000000000e+00 0.000000000000000e+00 0.000000000000000e+00 0.000000000000000e+00 0.000000000000000e+00 0.000000000000000e+00 0.000000000000000e+00
 0.000000000000000e+00 0.000000000000000e+00 0.000000000000000e+00 0.000000000000000e+00 0.000000000000000e+00 0.000000000000000e+00 0.000000000000000e+00 0.000000000000000e+00 0.000000000000000e+00 0.000000000000000e+00
 0.000000000000000e+00 0.000000000000000e+00 0.000000000000000e+00 0.000000000000000e+00 0.000000000000000e+00 0.000000000000000e+00 6.096696772127023e+05 2.438678708850809e+06 0.000000000000000e+00 0.000000000000000e+00
 0.000000000000000e+00 0.000000000000000e+00 0.000000000000000e+00 0.000000000000000e+00 6.633659428001413e+05 2.653463771200565e+06 0.000000000000000e+00 0.000000000000000e+00 0.000000000000000e+00 0.000000000000000e+00
 0.000000000000000e+00 0.000000000000000e+00 0.000000000000000e+00 0.000000000000000e+00 0.000000000000000e+00 0.000000000000000e+00 0.000000000000000e+00 0.000000000000000e+00 0.000000000000000e+00 0.000000000000000e+00
 0.000000000000000e+00 0.000000000000000e+00 0.000000000000000e+00 0.000000000000000e+00 0.000000000000000e+00 0.000000000000000e+00 0.000000000000000e+00 0.000000000000000e+00 0.000000000000000e+00 0.000000000000000e+00
 7.170622083875858e+05 2.868248833550343e+06 0.000000000000000e+00 0.000000000000000e+00 0.000000000000000e+00 0.000000000000000e+00 0.000000000000000e+00 0.000000000000000e+00 7.707584739750249e+05 3.083033895900100e+06
 4.267687740488917e+06 4.058606609116240e+07 9.414912910135357e+07 1.477121921115447e+08 6.533346765241053e+08 1.158957160936666e+09 2.115201008472281e+09 3.972687582254005e+09 4.643561599600988e+06 4.204971339559947e+07
 9.716389217539698e+07 1.522780709551945e+08 6.521224763788730e+08 1.151966881802551e+09 2.098800489996235e+09 3.939612503729930e+09 5.019435458713101e+06 4.351336070003670e+07 1.001786552494407e+08 1.568439497988448e+08
 6.509102762336404e+08 1.144976602668436e+09 2.082399971520188e+09 3.906537425205851e+09 5.395309317825173e+06 4.497700800447378e+07 1.031934183234842e+08 1.614098286424945e+08 6.496980760884082e+08 1.137986323534322e+09
 2.065999453044142e+09 3.873462346681776e+09 5.830174156035730e+09 8.552766353985391e+09 1.170791136401902e+10 1.486305637405265e+10 5.780424517463625e+09 8.507678627744499e+09 1.167815378629897e+10 1.484862894485343e+10
 5.730674878891514e+09 8.462590901503605e+09 1.164839620857891e+10 1.483420151565421e+10 5.680925240319408e+09 8.417503175262713e+09 1.161863863085885e+10 1.481977408645499e+10 3.066435083777272e+10 4.646564530149280e+10
 3.066710686029939e+10 4.648558477574535e+10 5.693925723967593e+10 5.675750412678515e+10 5.694113818326770e+10 5.667084257494283e+10 3.066986288282607e+10 4.650552424999791e+10 3.067261890535273e+10 4.652546372425047e+10
 5.694301912685948e+10 5.658418102310050e+10 5.694490007045125e+10 5.649751947125818e+10 0.000000000000000e+00 0.000000000000000e+00 0.000000000000000e+00 0.000000000000000e+00 0.000000000000000e+00 0.000000000000000e+00
 0.000000000000000e+00 0.000000000000000e+00 0.000000000000000e+00 0.000000000000000e+00 0.000000000000000e+00 0.000000000000000e+00 0.000000000000000e+00 0.000000000000000e+00 0.000000000000000e+00 0.000000000000000e+00
 0.000000000000000e+00 0.000000000000000e+00 0.000000000000000e+00 0.000000000000000e+00 0.000000000000000e+00 0.000000000000000e+00 0.000000000000000e+00 0.000000000000000e+00 8.244547395624638e+05 3.297818958249855e+06
 0.000000000000000e+00 0.000000000000000e+00 0.000000000000000e+00 0.000000000000000e+00 0.000000000000000e+00 0.000000000000000e+00 8.781510051499085e+05 3.512604020599634e+06 5.771183176937247e+06 4.644065530891085e+07
 1.062081813975276e+08 1.659757074861443e+08 6.484858759431758e+08 1.130996044400207e+09 2.049598934568096e+09 3.840387268157700e+09 6.147057036049359e+06 4.790430261334808e+07 1.092229444715713e+08 1.705415863297945e+08
 6.472736757979434e+08 1.124005765266092e+09 2.033198416092049e+09 3.807312189633621e+09 5.631175601747304e+09 8.372415449021824e+09 1.158888105313880e+10 1.480534665725578e+10 5.581425963175194e+09 8.327327722780929e+09
 1.155912347541874e+10 1.479091922805656e+10 3.067537492787939e+10 4.654540319850302e+10 3.067813095040607e+10 4.656534267275557e+10 5.694678101404304e+10 5.641085791941586e+10 5.694866195763481e+10 5.632419636757352e+10
 0.000000000000000e+00 0.000000000000000e+00 0.000000000000000e+00 0.000000000000000e+00 0.000000000000000e+00 0.000000000000000e+00 0.000000000000000e+00 0.000000000000000e+00 0.000000000000000e+00 0.000000000000000e+00
 0.000000000000000e+00 0.000000000000000e+00 0.000000000000000e+00 0.000000000000000e+00 0.000000000000000e+00 0.000000000000000e+00 0.000000000000000e+00 0.000000000000000e+00 0.000000000000000e+00 0.000000000000000e+00
 0.000000000000000e+00 0.000000000000000e+00 0.000000000000000e+00 9.318472707373474e+05 3.727389082949390e+06 0.000000000000000e+00 0.000000000000000e+00 0.000000000000000e+00 0.000000000000000e+00 0.000000000000000e+00
 0.000000000000000e+00 9.855435363247864e+05 3.942174145299145e+06 6.522930895161431e+06 4.936794991778515e+07 1.122377075456147e+08 1.751074651734443e+08 6.460614756527110e+08 1.117015486131978e+09 2.016797897616003e+09
 3.774237111109546e+09 6.898804754273505e+06 5.083159722222223e+07 1.152524706196581e+08 1.796733440170940e+08 6.448492755074787e+08 1.110025206997863e+09 2.000397379139957e+09 3.741162032585470e+09 5.531676324603088e+09
 8.282239996540037e+09 1.152936589769869e+10 1.477649179885734e+10 5.481926686030984e+09 8.237152270299147e+09 1.149960831997863e+10 1.476206436965812e+10 3.068088697293273e+10 4.658528214700813e+10 3.068364299545940e+10
 4.660522162126068e+10 5.695054290122659e+10 5.623753481573121e+10 5.695242384481837e+10 5.615087326388889e+10 0.000000000000000e+00 0.000000000000000e+00 0.000000000000000e+00 0.000000000000000e+00 0.000000000000000e+00
 0.000000000000000e+00 0.000000000000000e+00 0.000000000000000e+00 0.000000000000000e+00 0.000000000000000e+00 0.000000000000000e+00 0.000000000000000e+00 0.000000000000000e+00 4.556469820821387e+10 0.000000000000000e+00
 3.779304688530294e+10 4.521316335865575e+10 4.486162850909762e+10 3.744114831233228e+10 3.708924973936163e+10 4.451009365953951e+10 4.415855880998138e+10 3.673735116639096e+10 3.638545259342031e+10 4.380702396042327e+10
 4.345548911086514e+10 3.603355402044965e+10 3.568165544747898e+10 4.310395426130702e+10 4.275241941174890e+10 3.532975687450833e+10 3.497785830153767e+10 4.240088456219078e+10 4.204934971263266e+10 3.462595972856701e+10
 3.427406115559636e+10 4.169781486307454e+10 4.150790523170406e+10 4.134628001351642e+10 3.392216258262569e+10 3.373205645699786e+10 3.357026400965503e+10 4.099474516395830e+10 4.064321031440018e+10 3.321836543668437e+10
 3.286646686371371e+10 4.029167546484206e+10 3.994014061528394e+10 3.251456829074305e+10 3.216266971777239e+10 3.958860576572581e+10 3.923707091616769e+10 3.181077114480173e+10 3.145887257183108e+10 3.888553606660957e+10
 3.853400121705145e+10 3.110697399886042e+10 3.075507542588976e+10 3.818246636749333e+10 3.783093151793520e+10 3.040317685291909e+10 3.005127827994844e+10 3.747939666837708e+10 3.736319659176035e+10 2.969937970697778e+10
 2.957434728390947e+10 3.734259773417416e+10 2.952846197268494e+10 3.732199887658796e+10 2.948257666146042e+10 3.728080116141556e+10 2.939080603901137e+10 3.723960344624315e+10 2.929903541656233e+10 3.715720801589835e+10
 2.911549417166425e+10 3.705732398608607e+10 2.902969063418135e+10 3.683819354847965e+10 2.896629316385383e+10 3.774686093374399e+10 2.966710884707198e+10 3.801751329627404e+10 2.962576027685964e+10 4.034102559042385e+10
 4.029515441998865e+10 3.189201749152812e+10 3.171591382441072e+10 3.996681415003589e+10 4.118285655381944e+10 3.149648814039964e+10 3.250091324368991e+10 4.200225904572315e+10 4.350547051741120e+10 3.328125674579327e+10
 3.465518255771735e+10 4.457099463568793e+10 4.503022777068309e+10 3.542631028937968e+10 3.570636691706731e+10 4.711777321198291e+10 4.761781142901559e+10 3.746380593219985e+10 3.780502970794938e+10 4.798263277535724e+10
 4.871479312984107e+10 3.812789872337405e+10 3.892607497662927e+10 0.000000000000000e+00 0.000000000000000e+00 0.000000000000000e+00 0.000000000000000e+00 0.000000000000000e+00 0.000000000000000e+00 0.000000000000000e+00
 0.000000000000000e+00 0.000000000000000e+00 0.000000000000000e+00 0.000000000000000e+00 0.000000000000000e+00 0.000000000000000e+00 2.081706029406164e+10 0.000000000000000e+00 3.841073702820346e+09 2.065097341457595e+10
 2.048488653509026e+10 3.860798516819619e+09 3.880523330818893e+09 2.031879965560457e+10 2.015271277611888e+10 3.900248144818167e+09 3.919972958817441e+09 1.998662589663318e+10 1.982053901714749e+10 3.939697772816715e+09
 3.959422586815989e+09 1.965445213766180e+10 1.948836525817611e+10 3.979147400815263e+09 3.998872214814536e+09 1.932227837869041e+10 1.915619149920472e+10 4.018597028813810e+09 4.038321842813084e+09 1.899010461971902e+10
 1.890037952390491e+10 1.882401774023333e+10 4.058046656812358e+09 4.068702590811965e+09 4.077771470811632e+09 1.865793086074764e+10 1.849184398126195e+10 4.097496284810905e+09 4.117221098810179e+09 1.832575710177625e+10
 1.815967022229056e+10 4.136945912809453e+09 4.156670726808727e+09 1.799358334280487e+10 1.782749646331918e+10 4.176395540808001e+09 4.196120354807275e+09 1.766140958383348e+10 1.749532270434779e+10 4.215845168806548e+09
 4.235569982805822e+09 1.732923582486209e+10 1.716314894537641e+10 4.255294796805096e+09 4.275019610804370e+09 1.699706206589071e+10 1.694034859010093e+10 4.294744424803644e+09 4.306349896292400e+09 1.692535770184769e+10
 4.322253431010449e+09 1.691036681359446e+10 4.338156965728498e+09 1.688038503708798e+10 4.369964035164597e+09 1.685040326058151e+10 4.401771104600695e+09 1.679043970756857e+10 4.465385243472889e+09 1.680184219542935e+10
 4.573993756677350e+09 1.690365957354684e+10 4.841025983239850e+09 1.744390925585103e+10 5.220709664630075e+09 1.749372350865551e+10 5.361686740451388e+09 1.876832291301499e+10 1.878805645856287e+10 5.644628334501870e+09
 5.860199092715011e+09 1.918732781043420e+10 1.973294026066706e+10 6.878167480468750e+09 6.964967277644231e+09 2.027398337339743e+10 2.128414739990234e+10 7.266710001001603e+09 7.913112242087340e+09 2.161357755012186e+10
 2.174162334735577e+10 7.800844810864050e+09 7.776879777644231e+09 2.285222708260299e+10 2.305637497600327e+10 8.240648233006143e+09 8.307720244057159e+09 2.325085612709502e+10 2.415464036625267e+10 8.373813530815971e+09
 9.383205755876068e+09 0.000000000000000e+00 0.000000000000000e+00 0.000000000000000e+00 0.000000000000000e+00 0.000000000000000e+00 0.000000000000000e+00 0.000000000000000e+00 0.000000000000000e+00 0.000000000000000e+00
 0.000000000000000e+00 0.000000000000000e+00 0.000000000000000e+00 0.000000000000000e+00 3.074954817486625e+09 0.000000000000000e+00 2.308835932152903e+09 3.097025881726518e+09 3.119096945966411e+09 2.333253246633416e+09
 2.357670561113928e+09 3.141168010206304e+09 3.163239074446198e+09 2.382087875594440e+09 2.406505190074954e+09 3.185310138686090e+09 3.207381202925984e+09 2.430922504555466e+09 2.455339819035978e+09 3.229452267165877e+09
 3.251523331405770e+09 2.479757133516491e+09 2.504174447997004e+09 3.273594395645663e+09 3.295665459885557e+09 2.528591762477516e+09 2.553009076958029e+09 3.317736524125449e+09 3.329659972622863e+09 3.339807588365342e+09
 2.577426391438541e+09 2.590617354433761e+09 2.601843705919054e+09 3.361878652605236e+09 3.383949716845129e+09 2.626261020399566e+09 2.650678334880079e+09 3.406020781085022e+09 3.428091845324915e+09 2.675095649360592e+09
 2.699512963841105e+09 3.450162909564809e+09 3.472233973804701e+09 2.723930278321617e+09 2.748347592802129e+09 3.494305038044595e+09 3.516376102284488e+09 2.772764907282641e+09 2.797182221763154e+09 3.538447166524382e+09
 3.560518230764275e+09 2.821599536243667e+09 2.846016850724179e+09 3.582589295004168e+09 3.590876572763818e+09 2.870434165204692e+09 2.875403249235234e+09 3.595045720450898e+09 2.867838009891346e+09 3.599214868137979e+09
 2.860272770547459e+09 3.607553163512140e+09 2.845142291859684e+09 3.615891458886302e+09 2.830011813171908e+09 3.632568049634624e+09 2.799750855796357e+09 3.726957893045539e+09 2.879922029413729e+09 4.001777252458100e+09
 3.162528521676349e+09 4.340403221195580e+09 3.460096777761084e+09 4.365514198759682e+09 3.369341657067976e+09 4.560829692612347e+09 4.851960060576089e+09 3.477031050722824e+09 3.843721028437166e+09 5.566968776605068e+09
 5.653082513271235e+09 4.255770072741386e+09 4.341197748898237e+09 6.045250101725261e+09 6.297839886005109e+09 4.823790202448917e+09 4.682567529922876e+09 6.267741272702991e+09 6.378993095202324e+09 4.734637734541934e+09
 4.981106412760416e+09 6.691660428456364e+09 6.711087108227331e+09 5.142672623906583e+09 5.114453972397503e+09 6.927868104383680e+09 7.535249190371261e+09 5.481922677951389e+09 5.687292624866452e+09 0.000000000000000e+00
 0.000000000000000e+00 0.000000000000000e+00 0.000000000000000e+00 0.000000000000000e+00 0.000000000000000e+00 0.000000000000000e+00 0.000000000000000e+00 0.000000000000000e+00 0.000000000000000e+00 0.000000000000000e+00
 0.000000000000000e+00 0.000000000000000e+00 1.633898909022665e+09 0.000000000000000e+00 1.141325610299396e+09 1.656809478776068e+09 1.679720048529470e+09 1.155023445390229e+09 1.168721280481061e+09 1.702630618282872e+09
 1.725541188036275e+09 1.182419115571894e+09 1.196116950662727e+09 1.748451757789677e+09 1.771362327543079e+09 1.209814785753560e+09 1.223512620844393e+09 1.794272897296482e+09 1.817183467049884e+09 1.237210455935225e+09
 1.250908291026058e+09 1.840094036803286e+09 1.863004606556689e+09 1.264606126116891e+09 1.278303961207724e+09 1.885915176310091e+09 1.898292150774573e+09 1.908825746063493e+09 1.292001796298557e+09 1.299401776175214e+09
 1.305699631389390e+09 1.931736315816895e+09 1.954646885570298e+09 1.319397466480223e+09 1.333095301571055e+09 1.977557455323700e+09 2.000468025077102e+09 1.346793136661888e+09 1.360490971752721e+09 2.023378594830505e+09
 2.046289164583907e+09 1.374188806843554e+09 1.387886641934387e+09 2.069199734337310e+09 2.092110304090712e+09 1.401584477025219e+09 1.415282312116052e+09 2.115020873844114e+09 2.137931443597517e+09 1.428980147206885e+09
 1.442677982297718e+09 2.160842013350918e+09 2.164144521729558e+09 1.456375817388551e+09 1.461314986269698e+09 2.153102283249553e+09 1.463310524443276e+09 2.142060044769548e+09 1.465306062616853e+09 2.119975567809537e+09
 1.469297138964009e+09 2.097891090849526e+09 1.473288215311165e+09 2.053722136929504e+09 1.481270368005476e+09 2.118232867379474e+09 1.527237108540331e+09 2.367578264546191e+09 1.661224954719217e+09 2.605095570099659e+09
 1.800704833984375e+09 2.473883372771435e+09 1.779853603265224e+09 2.515023852799897e+09 2.883568953867856e+09 1.796599542810163e+09 2.019590794437767e+09 3.068446426626352e+09 3.147569746594551e+09 2.128872896008614e+09
 2.190455268429487e+09 3.631609885347806e+09 3.273905060596955e+09 2.497988732597155e+09 2.278462364783654e+09 3.384211579464643e+09 3.681561926165198e+09 2.399140190554888e+09 2.578701831263355e+09 3.726946513275407e+09
 3.702901736424111e+09 2.577743790481437e+09 2.661511300163594e+09 4.130760466955463e+09 4.064157354266827e+09 2.969164686832266e+09 2.890664673477564e+09 0.000000000000000e+00 0.000000000000000e+00 0.000000000000000e+00
 0.000000000000000e+00 0.000000000000000e+00 0.000000000000000e+00 0.000000000000000e+00 0.000000000000000e+00 0.000000000000000e+00 0.000000000000000e+00 0.000000000000000e+00 0.000000000000000e+00 0.000000000000000e+00
 6.487523115761260e+08 0.000000000000000e+00 3.703318069718841e+08 6.532374120043893e+08 6.577225124326527e+08 3.714238792386829e+08 3.725159515054816e+08 6.622076128609160e+08 6.666927132891793e+08 3.736080237722804e+08
 3.747000960390792e+08 6.711778137174428e+08 6.756629141457061e+08 3.757921683058779e+08 3.768842405726767e+08 6.801480145739695e+08 6.846331150022328e+08 3.779763128394755e+08 3.790683851062742e+08 6.891182154304960e+08
 6.936033158587595e+08 3.801604573730729e+08 3.812525296398717e+08 6.980884162870228e+08 7.005114015758547e+08 7.025735167152861e+08 3.823446019066705e+08 3.829345719818376e+08 3.834366741734692e+08 7.070586171435494e+08
 7.115437175718127e+08 3.845287464402680e+08 3.856208187070667e+08 7.160288180000762e+08 7.205139184283395e+08 3.867128909738654e+08 3.878049632406642e+08 7.249990188566029e+08 7.294841192848662e+08 3.888970355074630e+08
 3.899891077742618e+08 7.339692197131295e+08 7.384543201413928e+08 3.910811800410604e+08 3.921732523078592e+08 7.429394205696561e+08 7.474245209979196e+08 3.932653245746580e+08 3.943573968414567e+08 7.519096214261830e+08
 7.584854508098373e+08 3.954494691082555e+08 4.008622971624390e+08 7.735187656369983e+08 4.155766334794525e+08 7.885520804641594e+08 4.302909697964660e+08 8.186187101184812e+08 4.597196424304929e+08 8.486853397728031e+08
 4.891483150645199e+08 9.088185990814469e+08 5.480056603325737e+08 9.362413497011887e+08 5.657806703225161e+08 9.548716448922442e+08 5.558466762444912e+08 9.963140978690906e+08 5.592801358214811e+08 1.085823833759014e+09
 6.623407481136483e+08 1.078175232820429e+09 1.155612635007679e+09 6.506471043252538e+08 6.732463931874331e+08 1.189299365390875e+09 1.233340790264423e+09 6.716598108014489e+08 7.100192324385682e+08 1.364367579846504e+09
 1.283019668970352e+09 7.631733480861043e+08 7.287171176254923e+08 1.414068801645132e+09 1.475841736361512e+09 8.342116423731095e+08 8.461553272736378e+08 1.428541067687467e+09 1.620120863903078e+09 7.965038075504138e+08
 9.727332571698043e+08 1.807568906709068e+09 1.717171992688301e+09 1.088699062771267e+09 1.021524270499466e+09 0.000000000000000e+00 0.000000000000000e+00 0.000000000000000e+00 0.000000000000000e+00 0.000000000000000e+00
 0.000000000000000e+00 0.000000000000000e+00 0.000000000000000e+00 0.000000000000000e+00 0.000000000000000e+00 0.000000000000000e+00 0.000000000000000e+00 0.000000000000000e+00 1.989876994271564e+08 0.000000000000000e+00
 2.764359188242855e+07 1.995965967830430e+08 2.002054941389295e+08 2.776931432740301e+07 2.789503677237747e+07 2.008143914948162e+08 2.014232888507028e+08 2.802075921735193e+07 2.814648166232639e+07 2.020321862065894e+08
 2.026410835624760e+08 2.827220410730085e+07 2.839792655227530e+07 2.032499809183626e+08 2.038588782742492e+08 2.852364899724977e+07 2.864937144222422e+07 2.044677756301358e+08 2.050766729860224e+08 2.877509388719868e+07
 2.890081633217314e+07 2.056855703419090e+08 2.060145148904914e+08 2.062944676977957e+08 2.902653877714760e+07 2.909445779914530e+07 2.915226122212206e+07 2.069033650536822e+08 2.075122624095688e+08 2.927798366709652e+07
 2.940370611207098e+07 2.081211597654554e+08 2.087300571213420e+08 2.952942855704543e+07 2.965515100201989e+07 2.093389544772287e+08 2.099478518331153e+08 2.978087344699435e+07 2.990659589196881e+07 2.105567491890019e+08
 2.111656465448885e+08 3.003231833694327e+07 3.015804078191773e+07 2.117745439007751e+08 2.123834412566617e+08 3.028376322689219e+07 3.040948567186665e+07 2.129923386125483e+08 2.158423344212719e+08 3.053520811684111e+07
 3.082237168010483e+07 2.235593146462725e+08 3.154199581309261e+07 2.312762948712732e+08 3.226161994608039e+07 2.467102553212745e+08 3.370086821205595e+07 2.621442157712757e+08 3.514011647803152e+07 2.930121366712781e+08
 3.801861300998264e+07 3.055875306740785e+08 4.539439102564102e+07 3.104858781863481e+08 6.512508012820514e+07 3.059245608077090e+08 5.256898579393698e+07 3.741310043987045e+08 8.592126068376064e+07 3.685670665773571e+08
 3.816861101721087e+08 8.648702882946046e+07 9.012582715678418e+07 3.649872442261786e+08 4.035941347823184e+08 5.831467765090813e+07 9.716903712606835e+07 4.281925768208300e+08 3.949846385148529e+08 9.321180555555558e+07
 6.125215940421336e+07 4.569615979199532e+08 4.530557610927484e+08 7.971155346679685e+07 5.995619491185902e+07 4.230492787418202e+08 5.223470652001531e+08 4.959474993322650e+07 7.196087323050195e+07 5.911921869261652e+08
 5.647990276108439e+08 9.368531108106303e+07 1.080737847222222e+08 0.000000000000000e+00 0.000000000000000e+00 0.000000000000000e+00 0.000000000000000e+00 0.000000000000000e+00 0.000000000000000e+00 0.000000000000000e+00
 0.000000000000000e+00 0.000000000000000e+00 0.000000000000000e+00 0.000000000000000e+00 0.000000000000000e+00 0.000000000000000e+00 1.727724492651784e+07 0.000000000000000e+00 6.910897970607138e+06 1.735582145462688e+07
 1.743439798273592e+07 6.942328581850753e+06 6.973759193094368e+06 1.751297451084495e+07 1.759155103895399e+07 7.005189804337982e+06 7.036620415581597e+06 1.767012756706303e+07 1.774870409517207e+07 7.068051026825212e+06
 7.099481638068826e+06 1.782728062328111e+07 1.790585715139014e+07 7.130912249312442e+06 7.162342860556056e+06 1.798443367949918e+07 1.806301020760822e+07 7.193773471799670e+06 7.225204083043286e+06 1.814158673571725e+07
 1.818403612446581e+07 1.822016326382629e+07 7.256634694286900e+06 7.273614449786324e+06 7.288065305530515e+06 1.829873979193532e+07 1.837731632004436e+07 7.319495916774129e+06 7.350926528017744e+06 1.845589284815340e+07
 1.853446937626243e+07 7.382357139261358e+06 7.413787750504973e+06 1.861304590437147e+07 1.869162243248051e+07 7.445218361748588e+06 7.476648972992202e+06 1.877019896058954e+07 1.884877548869858e+07 7.508079584235817e+06
 7.539510195479432e+06 1.892735201680762e+07 1.900592854491666e+07 7.570940806723047e+06 7.602371417966662e+06 1.908450507302569e+07 1.926398230006552e+07 7.633802029210277e+06 7.705592920026207e+06 1.971374738318288e+07
 7.885498953273152e+06 2.016351246630025e+07 8.065404986520099e+06 2.106304263253497e+07 8.425217053013988e+06 2.196257279876970e+07 8.785029119507879e+06 2.376163313123915e+07 9.504653252495660e+06 2.837149439102564e+07
 1.134859775641026e+07 4.070317508012820e+07 1.628127003205128e+07 3.285561612121060e+07 1.314224644848424e+07 5.370078792735039e+07 2.148031517094016e+07 5.405439301841278e+07 5.632864197299011e+07 2.162175720736511e+07
 2.253145678919604e+07 3.644667353181759e+07 6.073064820379272e+07 1.457866941272703e+07 2.429225928151709e+07 5.825737847222224e+07 3.828259962763335e+07 2.330295138888890e+07 1.531303985105334e+07 4.981972091674802e+07
 3.747262181991189e+07 1.992788836669921e+07 1.498904872796476e+07 3.099671870826656e+07 4.497554576906372e+07 1.239868748330662e+07 1.799021830762549e+07 5.855331942566440e+07 6.754611545138888e+07 2.342132777026576e+07
 2.701844618055555e+07 0.000000000000000e+00 0.000000000000000e+00 0.000000000000000e+00 0.000000000000000e+00 0.000000000000000e+00 0.000000000000000e+00 0.000000000000000e+00 0.000000000000000e+00 0.000000000000000e+00
 0.000000000000000e+00 0.000000000000000e+00 0.000000000000000e+00 0.000000000000000e+00 2.662821712656918e+04 0.000000000000000e+00 1.065128685062767e+05 1.424609616271450e+05 2.582937061277210e+05 5.698438465085799e+05
 1.033174824510884e+06 3.741264506282969e+05 4.899591951288728e+05 1.496505802513188e+06 1.959836780515491e+06 6.057919396294489e+05 7.216246841300246e+05 2.423167758517796e+06 2.886498736520099e+06 8.374574286306008e+05
 9.532901731311766e+05 3.349829714522403e+06 3.813160692524706e+06 1.069122917631752e+06 1.184955662132329e+06 4.276491670527009e+06 4.739822648529314e+06 1.300788406632904e+06 1.363364716880342e+06 1.416621151133481e+06
 5.203153626531618e+06 5.453458867521369e+06 5.666484604533923e+06 1.532453895634056e+06 1.648286640134632e+06 6.129815582536225e+06 6.593146560538528e+06 1.764119384635208e+06 1.879952129135784e+06 7.056477538540833e+06
 7.519808516543136e+06 1.995784873636360e+06 2.111617618136936e+06 7.983139494545441e+06 8.446470472547743e+06 2.227450362637512e+06 2.343283107138088e+06 8.909801450550048e+06 9.373132428552350e+06 2.459115851638664e+06
 2.574948596139240e+06 9.836463406554656e+06 1.029979438455696e+07 2.690781340639816e+06 2.646844782380976e+06 1.076312536255926e+07 1.058737912952390e+07 2.415179293379824e+06 9.660717173519297e+06 2.183513804378673e+06
 8.734055217514690e+06 1.720182826376369e+06 6.880731305505475e+06 1.256851848374065e+06 5.027407393496260e+06 3.301898923694593e+05 1.320759569477837e+06 0.000000000000000e+00 0.000000000000000e+00 0.000000000000000e+00
 0.000000000000000e+00 0.000000000000000e+00 0.000000000000000e+00 0.000000000000000e+00 0.000000000000000e+00 0.000000000000000e+00 0.000000000000000e+00 0.000000000000000e+00 0.000000000000000e+00 0.000000000000000e+00
 0.000000000000000e+00 0.000000000000000e+00 0.000000000000000e+00 0.000000000000000e+00 0.000000000000000e+00 0.000000000000000e+00 0.000000000000000e+00 0.000000000000000e+00 0.000000000000000e+00 0.000000000000000e+00
 0.000000000000000e+00 0.000000000000000e+00 0.000000000000000e+00 0.000000000000000e+00 0.000000000000000e+00 0.000000000000000e+00 0.000000000000000e+00 0.000000000000000e+00 0.000000000000000e+00 4.899055422744099e+10
 5.107072795055421e+10 3.915449519961104e+10 4.100480434111244e+10 5.022055597332816e+10 5.061935367421207e+10 4.024553487200354e+10 4.050414700312167e+10 5.244768611288478e+10 5.354179437516693e+10 4.202012291437132e+10
 4.303525696739783e+10 5.364968483844985e+10 5.304687219968616e+10 4.316311125091814e+10 4.269543751669336e+10 2.458812714666383e+10 2.553296237521701e+10 1.002175909371661e+10 1.006112040932158e+10 2.547772489961021e+10
 2.537315997575287e+10 1.070991492721688e+10 1.024217294838408e+10 2.637031332684378e+10 2.703356481933593e+10 1.072050373931624e+10 1.103187267127404e+10 2.721091102117554e+10 2.748668123163728e+10 1.125871079143296e+10
 1.227792494658119e+10 8.000563444584249e+09 8.308083365989750e+09 5.979367795451889e+09 6.555046322657919e+09 8.640934674124432e+09 8.427248104258480e+09 6.571954421031985e+09 6.612323260132879e+09 8.591231387929018e+09
 8.930357759915865e+09 6.461959036541799e+09 6.828842848557692e+09 9.191452654977129e+09 9.816532794137283e+09 7.124194518521299e+09 7.355140641693376e+09 4.237932673684144e+09 4.900759671933425e+09 3.056018606645632e+09
 3.443973806423610e+09 4.724519698705429e+09 4.915749307224893e+09 3.320176037910657e+09 3.455877136752137e+09 4.610490237087671e+09 4.942080644656449e+09 3.314628541499732e+09 3.484823855669070e+09 5.229067282704409e+09
 5.183466179220086e+09 3.678201848165397e+09 3.591227096688034e+09 1.874104539607121e+09 1.987187940913795e+09 1.126677692537226e+09 1.145488572758080e+09 1.915832377115885e+09 1.996004966279380e+09 1.100672846658820e+09
 1.146949261735444e+09 2.018766845911792e+09 2.027567066681691e+09 1.217565744399372e+09 1.179841284430088e+09 2.127336413626385e+09 1.998988014155983e+09 1.228617030790932e+09 1.126527569945246e+09 5.964944554516393e+08
 6.113324532794137e+08 6.631121836605269e+07 7.717633380074775e+07 5.801053813706094e+08 6.033017901559162e+08 5.953791608239837e+07 5.965431857638890e+07 6.636949399247129e+08 6.368810055463742e+08 1.098241354500535e+08
 9.392072666266027e+07 6.559706738072581e+08 6.139564448951654e+08 8.332431682358444e+07 1.013853198450854e+08 4.144451147878292e+07 4.823520862546735e+07 1.657780459151317e+07 1.929408345018694e+07 3.721119755149898e+07
 3.728394911024306e+07 1.488447902059959e+07 1.491357964409722e+07 6.864008465628341e+07 5.870045416416268e+07 2.745603386251336e+07 2.348018166566507e+07 5.207769801474027e+07 6.336582490317838e+07 2.083107920589611e+07
 2.534632996127135e+07 0.000000000000000e+00 0.000000000000000e+00 0.000000000000000e+00 0.000000000000000e+00 0.000000000000000e+00 0.000000000000000e+00 0.000000000000000e+00 0.000000000000000e+00 0.000000000000000e+00
 0.000000000000000e+00 0.000000000000000e+00 0.000000000000000e+00 0.000000000000000e+00 0.000000000000000e+00 0.000000000000000e+00 0.000000000000000e+00 5.399706563574637e+10 5.544348952490652e+10 4.369594501619257e+10
 4.494657397940871e+10 5.590692566596139e+10 4.527695995613816e+10 5.669568698876535e+10 4.595503688735310e+10 2.841484288403112e+10 2.897934351472773e+10 1.313374075186966e+10 1.301211305004674e+10 2.910730866313185e+10
 1.293765737012554e+10 2.954523076505742e+10 1.313542464276175e+10 1.035691597284822e+10 1.024560201895950e+10 7.580091193826789e+09 7.479090987872262e+09 1.026355663019164e+10 7.589455890257747e+09 1.058474881268362e+10
 8.034072982605499e+09 5.212667419955261e+09 5.123781389807025e+09 3.664045656383547e+09 3.590874657785790e+09 5.297260137574286e+09 3.768874359391694e+09 5.749242085253070e+09 3.996101053352029e+09 2.115423892811832e+09
 2.057967925764557e+09 1.226858130404480e+09 1.200210219684829e+09 2.240488581209102e+09 1.347663854876136e+09 2.242960021450988e+09 1.288691026475695e+09 6.683203685793102e+08 6.800270265758547e+08 1.097826067541399e+08
 1.598438334668803e+08 7.726196544679823e+08 1.975754540598289e+08 7.338580499632752e+08 1.790250734508554e+08 6.861412922133747e+07 9.990239591680019e+07 2.744565168853499e+07 3.996095836672007e+07 1.234846587873930e+08
 4.939386351495722e+07 1.118906709067846e+08 4.475626836271384e+07 0.000000000000000e+00 0.000000000000000e+00 0.000000000000000e+00 0.000000000000000e+00 0.000000000000000e+00 0.000000000000000e+00 0.000000000000000e+00
 0.000000000000000e+00 5.731107665264424e+10 4.658184700040899e+10 5.727902357772437e+10 4.649562557300014e+10 5.703631861066249e+10 4.627059862999551e+10 5.672594844073434e+10 4.599126833496094e+10 5.657076335577028e+10
 4.585160318744366e+10 5.649317081328825e+10 4.578177061368501e+10 5.641557827080621e+10 4.571193803992638e+10 5.637678199956519e+10 5.633539262230376e+10 4.567702175304706e+10 4.564327709960938e+10 5.629241856914096e+10
 5.624944451597816e+10 4.561024844438602e+10 4.557721978916266e+10 5.620647046281537e+10 5.616349640965258e+10 4.554419113393930e+10 4.551116247871595e+10 5.612052235648978e+10 5.607754830332699e+10 4.547813382349259e+10
 4.544510516826923e+10 3.011256965071198e+10 1.364329230101496e+10 3.002502509285691e+10 1.355442461271368e+10 2.996863755774865e+10 1.366667648550180e+10 2.990848427452674e+10 1.382570021409254e+10 2.987840763291579e+10
 1.390521207838792e+10 2.986336931211031e+10 1.394496801053561e+10 2.984833099130484e+10 1.398472394268329e+10 2.984081183090210e+10 2.983356289790227e+10 1.400460190875713e+10 1.402384869619516e+10 2.982647910387088e+10
 2.981939530983949e+10 1.404270976335574e+10 1.406157083051633e+10 2.981231151580811e+10 2.980522772177672e+10 1.408043189767691e+10 1.409929296483749e+10 2.979814392774533e+10 2.979106013371394e+10 1.411815403199807e+10
 1.413701509915865e+10 1.092277812395667e+10 8.202263946898371e+09 1.075801325078459e+10 7.961601888855505e+09 1.086088593757825e+10 8.055095389654696e+09 1.101905866120167e+10 8.212417108310795e+09 1.109814502301338e+10
 8.291077967638844e+09 1.113768820391924e+10 8.330408397302872e+09 1.117723138482509e+10 8.369738826966896e+09 1.119700297527802e+10 1.121420970513759e+10 8.389404041798906e+09 8.404570714080027e+09 1.122984902019011e+10
 1.124548833524264e+10 8.416988277024488e+09 8.429405839968950e+09 1.126112765029516e+10 1.127676696534768e+10 8.441823402913413e+09 8.454240965857874e+09 1.129240628040020e+10 1.130804559545272e+10 8.466658528802332e+09
 8.479076091746794e+09 5.802434697808161e+09 4.043975304654114e+09 5.570234658370062e+09 3.988955690771903e+09 5.650874433755465e+09 4.049792661904880e+09 5.790242506186980e+09 4.137001805597288e+09 5.859926542402738e+09
 4.180606377443491e+09 5.894768560510619e+09 4.202408663366595e+09 5.929610578618498e+09 4.224210949289697e+09 5.947031587672435e+09 5.959240199195012e+09 4.235112092251246e+09 4.242526636655106e+09 5.968263456670646e+09
 5.977286714146279e+09 4.247810481940375e+09 4.253094327225645e+09 5.986309971621914e+09 5.995333229097547e+09 4.258378172510914e+09 4.263662017796183e+09 6.004356486573177e+09 6.013379744048812e+09 4.268945863081451e+09
 4.274229708366720e+09 2.285515911500066e+09 1.307518122589894e+09 2.407676723173743e+09 1.446617453863680e+09 2.448710890054295e+09 1.471442733503814e+09 2.483761105007595e+09 1.482917450159839e+09 2.501286212484245e+09
 1.488654808487851e+09 2.510048766222571e+09 1.491523487651858e+09 2.518811319960896e+09 1.494392166815863e+09 2.523192596830058e+09 2.525813074115199e+09 1.495826506397866e+09 1.496492751110109e+09 2.527357507210104e+09
 2.528901940305008e+09 1.496689604513054e+09 1.496886457915999e+09 2.530446373399914e+09 2.531990806494819e+09 1.497083311318944e+09 1.497280164721889e+09 2.533535239589724e+09 2.535079672684629e+09 1.497477018124833e+09
 1.497673871527778e+09 7.197511358016574e+08 1.319841490134214e+08 7.956680336976653e+08 1.447186135316505e+08 8.060813846033864e+08 1.407200357029582e+08 8.082723181830511e+08 1.336271862062634e+08 8.093677849728837e+08
 1.300807614579161e+08 8.099155183677998e+08 1.283075490837423e+08 8.104632517627161e+08 1.265343367095686e+08 8.107371184601741e+08 8.108690478724293e+08 1.256477305224819e+08 1.252453446347489e+08 8.109142378326154e+08
 8.109594277928017e+08 1.251388711521768e+08 1.250323976696047e+08 8.110046177529881e+08 8.110498077131745e+08 1.249259241870326e+08 1.248194507044605e+08 8.110949976733607e+08 8.111401876335469e+08 1.247129772218884e+08
 1.246065037393162e+08 8.249009313338839e+07 3.299603725335535e+07 9.044913345728154e+07 3.617965338291261e+07 8.795002231434888e+07 3.518000892573955e+07 8.351699137891462e+07 3.340679655156586e+07 8.130047591119757e+07
 3.252019036447903e+07 8.019221817733893e+07 3.207688727093557e+07 7.908396044348040e+07 3.163358417739216e+07 7.852983157655118e+07 7.827834039671808e+07 3.141193263062048e+07 3.131133615868723e+07 7.821179447011049e+07
 7.814524854350291e+07 3.128471778804420e+07 3.125809941740117e+07 7.807870261689535e+07 7.801215669028778e+07 3.123148104675815e+07 3.120486267611512e+07 7.794561076368022e+07 7.787906483707266e+07 3.117824430547209e+07
 3.115162593482906e+07 0.000000000000000e+00 0.000000000000000e+00 0.000000000000000e+00 0.000000000000000e+00 0.000000000000000e+00 0.000000000000000e+00 0.000000000000000e+00 0.000000000000000e+00 0.000000000000000e+00
 0.000000000000000e+00 0.000000000000000e+00 0.000000000000000e+00 0.000000000000000e+00 0.000000000000000e+00 0.000000000000000e+00 0.000000000000000e+00 0.000000000000000e+00 0.000000000000000e+00 0.000000000000000e+00
 0.000000000000000e+00 0.000000000000000e+00 0.000000000000000e+00 0.000000000000000e+00 0.000000000000000e+00 0.000000000000000e+00 0.000000000000000e+00 0.000000000000000e+00 0.000000000000000e+00 0.000000000000000e+00
 0.000000000000000e+00 5.603457425016420e+10 5.599160019700140e+10 4.541207651304587e+10 4.537904785782252e+10 5.594862614383862e+10 5.590565209067581e+10 4.534601920259917e+10 4.531299054737581e+10 2.978397633968255e+10
 2.977689254565117e+10 1.415587616631924e+10 1.417473723347982e+10 2.976980875161978e+10 2.976272495758839e+10 1.419359830064040e+10 1.421245936780098e+10 5.586267803751302e+10 5.585625662727030e+10 5.581970398435022e+10
 4.527996189215244e+10 4.527502657585470e+10 4.524693323692908e+10 2.975564116355700e+10 2.975458266559829e+10 2.974855736952561e+10 1.423132043496156e+10 1.423413875534188e+10 1.425018150212215e+10 5.577672993118742e+10
 4.521390458170572e+10 5.573375587802463e+10 4.518087592648238e+10 2.974147357549422e+10 1.426904256928273e+10 2.973438978146284e+10 1.428790363644331e+10 5.569078182486185e+10 4.514784727125902e+10 5.564780777169904e+10
 4.511481861603565e+10 2.972730598743145e+10 1.430676470360389e+10 2.972022219340006e+10 1.432562577076447e+10 5.560483371853624e+10 4.508178996081230e+10 5.556185966537344e+10 4.504876130558894e+10 2.971313839936868e+10
 1.434448683792506e+10 2.970605460533729e+10 1.436334790508564e+10 5.551888561221065e+10 4.501573265036558e+10 5.547591155904785e+10 4.498270399514223e+10 2.969897081130590e+10 1.438220897224622e+10 2.969188701727451e+10
 1.440107003940680e+10 5.543293750588508e+10 4.494967533991887e+10 5.538996345272227e+10 4.491664668469552e+10 2.968480322324313e+10 1.441993110656738e+10 2.967771942921174e+10 1.443879217372797e+10 1.132368491050525e+10
 1.133932422555777e+10 8.491493654691257e+09 8.503911217635715e+09 1.135496354061029e+10 1.137060285566281e+10 8.516328780580175e+09 8.528746343524638e+09 6.022403001524446e+09 6.031426259000076e+09 4.279513553651990e+09
 4.284797398937257e+09 6.040449516475710e+09 6.049472773951342e+09 4.290081244222526e+09 4.295365089507795e+09 1.138624217071533e+10 1.138857907986111e+10 1.140188148576785e+10 8.541163906469100e+09 8.543019404380341e+09
 8.553581469413562e+09 6.058496031426976e+09 6.059844334268160e+09 6.067519288902609e+09 4.300648934793064e+09 4.301438474893162e+09 4.305932780078334e+09 1.141752080082038e+10 8.565999032358025e+09 1.143316011587290e+10
 8.578416595302485e+09 6.076542546378242e+09 4.311216625363604e+09 6.085565803853874e+09 4.316500470648871e+09 1.144879943092542e+10 8.590834158246943e+09 1.146443874597794e+10 8.603251721191404e+09 6.094589061329506e+09
 4.321784315934139e+09 6.103612318805140e+09 4.327068161219409e+09 1.148007806103046e+10 8.615669284135868e+09 1.149571737608298e+10 8.628086847080330e+09 6.112635576280773e+09 4.332352006504679e+09 6.121658833756407e+09
 4.337635851789948e+09 1.151135669113551e+10 8.640504410024792e+09 1.152699600618803e+10 8.652921972969252e+09 6.130682091232040e+09 4.342919697075217e+09 6.139705348707672e+09 4.348203542360485e+09 1.154263532124055e+10
 8.665339535913712e+09 1.155827463629307e+10 8.677757098858173e+09 6.148728606183304e+09 4.353487387645754e+09 6.157751863658938e+09 4.358771232931023e+09 5.535749167752063e+10 4.489185331090292e+10 2.967252733744108e+10
 1.445320136397924e+10 5.544504593616061e+10 4.496117743917612e+10 2.968895470007872e+10 1.441673196098132e+10 5.562015445344060e+10 4.509982569572252e+10 2.972180942535400e+10 1.434379315498548e+10 5.579526297072058e+10
 4.523847395226894e+10 2.975466415062929e+10 1.427085434898964e+10 5.597037148800058e+10 4.537712220881534e+10 2.978751887590456e+10 1.419791554299379e+10 1.157070075035095e+10 8.688200136722662e+09 1.154640456732726e+10
 8.676077173673191e+09 6.165641723632812e+09 4.362967711619842e+09 6.160578469300882e+09 4.354737143492088e+09 1.149781220127986e+10 8.651831247574245e+09 6.150451960637020e+09 4.338276007236579e+09 1.144921983523247e+10
 8.627585321475300e+09 1.140062746918507e+10 8.603339395376352e+09 6.140325451973157e+09 4.321814870981071e+09 6.130198943309296e+09 4.305353734725561e+09 5.614548000528058e+10 4.551577046536176e+10 2.982037360117986e+10
 1.412497673699796e+10 5.632058852256055e+10 4.565441872190816e+10 2.985322832645514e+10 1.405203793100211e+10 1.135203510313768e+10 8.579093469277409e+09 1.130344273709029e+10 8.554847543178463e+09 6.120072434645433e+09
 4.288892598470054e+09 6.109945925981571e+09 4.272431462214545e+09 5.649569703984056e+10 4.579306697845459e+10 2.988608305173042e+10 1.397909912500626e+10 5.667080555712056e+10 4.593171523500099e+10 2.991893777700571e+10
 1.390616031901042e+10 1.125485037104289e+10 8.530601617079515e+09 1.120625800499549e+10 8.506355690980570e+09 6.099819417317708e+09 4.255970325959035e+09 6.089692908653846e+09 4.239509189703526e+09 2.536624105779534e+09
 2.538168538874438e+09 1.497870724930723e+09 1.498067578333667e+09 2.539712971969344e+09 2.541257405064248e+09 1.498264431736612e+09 1.498461285139557e+09 8.111853775937333e+08 8.112305675539197e+08 1.245000302567441e+08
 1.243935567741720e+08 8.112757575141059e+08 8.113209474742922e+08 1.242870832915999e+08 1.241806098090278e+08 2.542801838159153e+09 2.543032615518162e+09 2.544346271254058e+09 1.498658138542501e+09 1.498687553418803e+09
 1.498854991945446e+09 8.113661374344785e+08 8.113728899572649e+08 8.114113273946648e+08 1.240741363264557e+08 1.240582264957265e+08 1.239676628438835e+08 2.545890704348964e+09 1.499051845348391e+09 2.547435137443869e+09
 1.499248698751335e+09 8.114565173548510e+08 1.238611893613114e+08 8.115017073150374e+08 1.237547158787393e+08 2.548979570538773e+09 1.499445552154280e+09 2.550524003633678e+09 1.499642405557225e+09 8.115468972752237e+08
 1.236482423961672e+08 8.115920872354100e+08 1.235417689135951e+08 2.552068436728583e+09 1.499839258960170e+09 2.553612869823489e+09 1.500036112363115e+09 8.116372771955963e+08 1.234352954310230e+08 8.116824671557827e+08
 1.233288219484508e+08 2.555157302918394e+09 1.500232965766059e+09 2.556701736013299e+09 1.500429819169004e+09 8.117276571159688e+08 1.232223484658787e+08 8.117728470761552e+08 1.231158749833066e+08 2.558246169108203e+09
 1.500626672571948e+09 2.559790602203108e+09 1.500823525974893e+09 8.118180370363415e+08 1.230094015007345e+08 8.118632269965278e+08 1.229029280181624e+08 2.560293699606870e+09 1.500311208284817e+09 2.548895817683294e+09
 1.491694078103090e+09 8.116744773082242e+08 1.230377463316308e+08 8.088121316371821e+08 1.259301851712739e+08 2.526100053836139e+09 1.474459817739634e+09 8.030874402950972e+08 1.317150628505607e+08 2.503304289988984e+09
 1.457225557376178e+09 2.480508526141828e+09 1.439991297012722e+09 7.973627489530127e+08 1.374999405298474e+08 7.916380576109278e+08 1.432848182091342e+08 2.457712762294674e+09 1.422757036649266e+09 2.434916998447518e+09
 1.405522776285809e+09 7.859133662688432e+08 1.490696958884209e+08 7.801886749267584e+08 1.548545735677077e+08 2.412121234600361e+09 1.388288515922351e+09 2.389325470753206e+09 1.371054255558895e+09 7.744639835846730e+08
 1.606394512469951e+08 7.687392922425883e+08 1.664243289262818e+08 7.781251891046508e+07 7.774597298385751e+07 3.112500756418603e+07 3.109838919354300e+07 7.767942705724995e+07 7.761288113064237e+07 3.107177082289998e+07
 3.104515245225695e+07 0.000000000000000e+00 0.000000000000000e+00 0.000000000000000e+00 0.000000000000000e+00 0.000000000000000e+00 0.000000000000000e+00 0.000000000000000e+00 0.000000000000000e+00 7.754633520403479e+07
 7.753639155982906e+07 7.747978927742721e+07 3.101853408161392e+07 3.101455662393162e+07 3.099191571097088e+07 0.000000000000000e+00 0.000000000000000e+00 0.000000000000000e+00 0.000000000000000e+00 0.000000000000000e+00
 0.000000000000000e+00 7.741324335081963e+07 3.096529734032785e+07 7.734669742421207e+07 3.093867896968482e+07 0.000000000000000e+00 0.000000000000000e+00 0.000000000000000e+00 0.000000000000000e+00 7.728015149760450e+07
 3.091206059904180e+07 7.721360557099694e+07 3.088544222839877e+07 0.000000000000000e+00 0.000000000000000e+00 0.000000000000000e+00 0.000000000000000e+00 7.714705964438935e+07 3.085882385775574e+07 7.708051371778177e+07
 3.083220548711271e+07 0.000000000000000e+00 0.000000000000000e+00 0.000000000000000e+00 0.000000000000000e+00 7.701396779117419e+07 3.080558711646968e+07 7.694742186456662e+07 3.077896874582665e+07 0.000000000000000e+00
 0.000000000000000e+00 0.000000000000000e+00 0.000000000000000e+00 7.688087593795906e+07 3.075235037518363e+07 7.681433001135148e+07 3.072573200454060e+07 0.000000000000000e+00 0.000000000000000e+00 0.000000000000000e+00
 0.000000000000000e+00 7.689859145726928e+07 3.075943658290771e+07 7.870636573204620e+07 3.148254629281848e+07 0.000000000000000e+00 0.000000000000000e+00 0.000000000000000e+00 0.000000000000000e+00 8.232191428160043e+07
 3.292876571264017e+07 0.000000000000000e+00 0.000000000000000e+00 8.593746283115464e+07 3.437498513246186e+07 8.955301138070887e+07 3.582120455228354e+07 0.000000000000000e+00 0.000000000000000e+00 0.000000000000000e+00
 0.000000000000000e+00 9.316855993026310e+07 3.726742397210523e+07 9.678410847981732e+07 3.871364339192693e+07 0.000000000000000e+00 0.000000000000000e+00 0.000000000000000e+00 0.000000000000000e+00 1.003996570293719e+08
 4.015986281174877e+07 1.040152055789261e+08 4.160608223157045e+07 0.000000000000000e+00 0.000000000000000e+00 0.000000000000000e+00 0.000000000000000e+00 5.684591407440054e+10 4.607036349154740e+10 2.995179250228099e+10
 1.383322151301458e+10 1.115766563894810e+10 8.482109764881624e+09 6.079566399989985e+09 4.223048053448017e+09 5.702102259168055e+10 4.620901174809383e+10 2.998464722755628e+10 1.376028270701873e+10 1.110907327290070e+10
 8.457863838782678e+09 6.069439891326121e+09 4.206586917192507e+09 5.719613110896053e+10 4.634766000464024e+10 3.001750195283157e+10 1.368734390102289e+10 1.106048090685331e+10 8.433617912683731e+09 6.059313382662258e+09
 4.190125780936998e+09 5.737123962624052e+10 4.648630826118665e+10 3.005035667810684e+10 1.361440509502704e+10 1.101188854080591e+10 8.409371986584785e+09 6.049186873998397e+09 4.173664644681490e+09 5.727656720300006e+10
 4.641126299670618e+10 3.002709825284257e+10 1.364293350897895e+10 1.103681341683151e+10 8.430693324684076e+09 6.065838231042714e+09 4.183513134413499e+09 5.710136315572365e+10 4.627242862147144e+10 2.998708963338737e+10
 1.370175064530332e+10 1.108368373825204e+10 8.465616831200753e+09 6.090482980835742e+09 4.201215243843274e+09 5.692615910844722e+10 4.613359424623669e+10 2.994708101393219e+10 1.376056778162769e+10 1.113055405967256e+10
 8.500540337717429e+09 6.115127730628768e+09 4.218917353273048e+09 5.675095506117080e+10 4.599475987100195e+10 2.990707239447700e+10 1.381938491795205e+10 1.117742438109308e+10 8.535463844234105e+09 6.139772480421797e+09
 4.236619462702823e+09 2.366529706906051e+09 1.353819995195439e+09 7.630146009005035e+08 1.722092066055686e+08 2.343733943058893e+09 1.336585734831980e+09 7.572899095584183e+08 1.779940842848560e+08 2.320938179211739e+09
 1.319351474468524e+09 7.515652182163334e+08 1.837789619641427e+08 2.298142415364583e+09 1.302117214105068e+09 7.458405268742487e+08 1.895638396434294e+08 2.301188037784283e+09 1.303020486469758e+09 7.469317078125782e+08
 1.908429291553986e+08 2.311947506850804e+09 1.309337947708521e+09 7.500574774913297e+08 1.907770072741386e+08 2.322706975917326e+09 1.315655408947284e+09 7.531832471700813e+08 1.907110853928786e+08 2.333466444983848e+09
 1.321972870186047e+09 7.563090168488327e+08 1.906451635116186e+08 1.076307541284804e+08 4.305230165139215e+07 1.112463026780350e+08 4.449852107121399e+07 0.000000000000000e+00 0.000000000000000e+00 0.000000000000000e+00
 0.000000000000000e+00 1.148618512275892e+08 4.594474049103568e+07 1.184773997771434e+08 4.739095991085736e+07 0.000000000000000e+00 0.000000000000000e+00 0.000000000000000e+00 0.000000000000000e+00 1.192768307221241e+08
 4.771073228884965e+07 1.192356295463366e+08 4.769425181853464e+07 0.000000000000000e+00 0.000000000000000e+00 0.000000000000000e+00 0.000000000000000e+00 1.191944283705491e+08 4.767777134821964e+07 1.191532271947616e+08
 4.766129087790464e+07 0.000000000000000e+00 0.000000000000000e+00 0.000000000000000e+00 0.000000000000000e+00 5.657575101389438e+10 4.585592549576720e+10 2.986706377502181e+10 1.387820205427642e+10 1.122429470251360e+10
 8.570387350750781e+09 6.164417230214827e+09 4.254321572132598e+09 5.640054696661795e+10 4.571709112053245e+10 2.982705515556662e+10 1.393701919060079e+10 1.127116502393412e+10 8.605310857267456e+09 6.189061980007853e+09
 4.272023681562372e+09 5.622534291934152e+10 4.557825674529768e+10 2.978704653611143e+10 1.399583632692516e+10 1.131803534535465e+10 8.640234363784136e+09 6.213706729800883e+09 4.289725790992149e+09 5.605013887206509e+10
 4.543942237006294e+10 2.974703791665623e+10 1.405465346324953e+10 1.136490566677517e+10 8.675157870300812e+09 6.238351479593910e+09 4.307427900421925e+09 2.344225914050370e+09 1.328290331424810e+09 7.594347865275844e+08
 1.905792416303585e+08 2.354985383116892e+09 1.334607792663574e+09 7.625605562063360e+08 1.905133197490985e+08 2.365744852183415e+09 1.340925253902338e+09 7.656863258850881e+08 1.904473978678385e+08 2.376504321249937e+09
 1.347242715141101e+09 7.688120955638396e+08 1.903814759865785e+08 1.191120260189741e+08 4.764481040758964e+07 1.190708248431866e+08 4.762832993727463e+07 0.000000000000000e+00 0.000000000000000e+00 0.000000000000000e+00
 0.000000000000000e+00 1.190296236673991e+08 4.761184946695963e+07 1.189884224916116e+08 4.759536899664462e+07 0.000000000000000e+00 0.000000000000000e+00 0.000000000000000e+00 0.000000000000000e+00 5.587493482478868e+10
 4.530058799482819e+10 2.970702929720105e+10 1.411347059957390e+10 1.141177598819569e+10 8.710081376817490e+09 6.262996229386939e+09 4.325130009851700e+09 5.569973077751225e+10 4.516175361959342e+10 2.966702067774585e+10
 1.417228773589827e+10 1.145864630961622e+10 8.745004883334167e+09 6.287640979179970e+09 4.342832119281476e+09 2.387263790316459e+09 1.353560176379864e+09 7.719378652425910e+08 1.903155541053185e+08 2.398023259382982e+09
 1.359877637618628e+09 7.750636349213430e+08 1.902496322240585e+08 1.189472213158240e+08 4.757888852632962e+07 1.189060201400365e+08 4.756240805601462e+07 0.000000000000000e+00 0.000000000000000e+00 0.000000000000000e+00
 0.000000000000000e+00 5.552452673023582e+10 4.502291924435867e+10 2.962701205829066e+10 1.423110487222264e+10 1.150551663103675e+10 8.779928389850845e+09 6.312285728972996e+09 4.360534228711250e+09 5.534932268295940e+10
 4.488408486912392e+10 2.958700343883547e+10 1.428992200854701e+10 1.155238695245726e+10 8.814851896367521e+09 6.336930478766026e+09 4.378236338141026e+09 2.408782728449504e+09 1.366195098857391e+09 7.781894046000946e+08
 1.901837103427984e+08 2.419542197516026e+09 1.372512560096154e+09 7.813151742788463e+08 1.901177884615384e+08 1.188648189642490e+08 4.754592758569961e+07 1.188236177884615e+08 4.752944711538461e+07 0.000000000000000e+00
 0.000000000000000e+00 0.000000000000000e+00 0.000000000000000e+00 0.000000000000000e+00 0.000000000000000e+00 0.000000000000000e+00 0.000000000000000e+00 0.000000000000000e+00 0.000000000000000e+00 0.000000000000000e+00
 0.000000000000000e+00 0.000000000000000e+00 0.000000000000000e+00 0.000000000000000e+00 0.000000000000000e+00 0.000000000000000e+00 1.863975198859842e+05 0.000000000000000e+00 1.597693027594151e+05 9.972267313900149e+05
 1.808055942894047e+06 8.547657697628699e+05 1.549762236766326e+06 2.618885154398078e+06 3.429714365902109e+06 2.244758703769781e+06 2.939755170773236e+06 4.240543577406143e+06 5.051372788910172e+06 3.634751637776694e+06
 4.329748104780148e+06 5.862202000414206e+06 6.673031211918237e+06 5.024744571783605e+06 5.719741038787059e+06 7.483860423422267e+06 8.294689634926300e+06 6.414737505790514e+06 7.109733972793972e+06 9.105518846430331e+06
 9.543553018162396e+06 9.916348057934364e+06 7.804730439797427e+06 8.180188301282055e+06 8.499726906800885e+06 1.072717726943839e+07 1.153800648094243e+07 9.194723373804338e+06 9.889719840807794e+06 1.234883569244646e+07
 1.315966490395049e+07 1.058471630781125e+07 1.127971277481470e+07 1.397049411545452e+07 1.478132332695855e+07 1.197470924181816e+07 1.266970570882162e+07 1.559215253846258e+07 1.640298174996661e+07 1.336470217582507e+07
 1.405969864282852e+07 1.721381096147065e+07 1.802464017297468e+07 1.475469510983199e+07 1.544969157683544e+07 1.883546938447871e+07 1.852791347666683e+07 1.614468804383889e+07 1.588106869428586e+07 1.690625505365877e+07
 1.449107576027894e+07 1.528459663065071e+07 1.310108282627204e+07 1.204127978463458e+07 1.032109695825821e+07 8.797962938618455e+06 7.541111090244389e+06 2.311329246586215e+06 1.981139354216756e+06 0.000000000000000e+00
 0.000000000000000e+00 0.000000000000000e+00 0.000000000000000e+00 0.000000000000000e+00 0.000000000000000e+00 0.000000000000000e+00 0.000000000000000e+00 0.000000000000000e+00 0.000000000000000e+00 0.000000000000000e+00
 0.000000000000000e+00 0.000000000000000e+00 0.000000000000000e+00 0.000000000000000e+00 0.000000000000000e+00 0.000000000000000e+00 0.000000000000000e+00 0.000000000000000e+00 0.000000000000000e+00 0.000000000000000e+00
 0.000000000000000e+00 0.000000000000000e+00 0.000000000000000e+00 0.000000000000000e+00 0.000000000000000e+00 0.000000000000000e+00 0.000000000000000e+00 0.000000000000000e+00 0.000000000000000e+00 0.000000000000000e+00
 0.000000000000000e+00 0.000000000000000e+00 0.000000000000000e+00 0.000000000000000e+00 0.000000000000000e+00 0.000000000000000e+00 0.000000000000000e+00 0.000000000000000e+00 0.000000000000000e+00 0.000000000000000e+00
 0.000000000000000e+00 0.000000000000000e+00 0.000000000000000e+00 0.000000000000000e+00 7.988465137970753e+04 0.000000000000000e+00 0.000000000000000e+00 4.273828848814350e+05 7.748811183831628e+05 0.000000000000000e+00
 0.000000000000000e+00 1.122379351884891e+06 1.469877585386618e+06 0.000000000000000e+00 0.000000000000000e+00 1.817375818888347e+06 2.164874052390074e+06 0.000000000000000e+00 0.000000000000000e+00 2.512372285891803e+06
 2.859870519393530e+06 0.000000000000000e+00 0.000000000000000e+00 3.207368752895257e+06 3.554866986396986e+06 0.000000000000000e+00 0.000000000000000e+00 3.902365219898713e+06 4.090094150641027e+06 4.249863453400442e+06
 0.000000000000000e+00 0.000000000000000e+00 0.000000000000000e+00 4.597361686902169e+06 4.944859920403897e+06 0.000000000000000e+00 0.000000000000000e+00 5.292358153905625e+06 5.639856387407352e+06 0.000000000000000e+00
 0.000000000000000e+00 5.987354620909081e+06 6.334852854410808e+06 0.000000000000000e+00 0.000000000000000e+00 6.682351087912535e+06 7.029849321414262e+06 0.000000000000000e+00 0.000000000000000e+00 7.377347554915993e+06
 7.724845788417720e+06 0.000000000000000e+00 0.000000000000000e+00 8.072344021919447e+06 7.940534347142929e+06 0.000000000000000e+00 0.000000000000000e+00 7.245537880139471e+06 0.000000000000000e+00 6.550541413136018e+06
 0.000000000000000e+00 5.160548479129106e+06 0.000000000000000e+00 3.770555545122195e+06 0.000000000000000e+00 9.905696771083780e+05 0.000000000000000e+00 0.000000000000000e+00 0.000000000000000e+00 0.000000000000000e+00
 0.000000000000000e+00 0.000000000000000e+00 0.000000000000000e+00 0.000000000000000e+00 0.000000000000000e+00 0.000000000000000e+00 0.000000000000000e+00 0.000000000000000e+00 0.000000000000000e+00 0.000000000000000e+00
 0.000000000000000e+00 0.000000000000000e+00 0.000000000000000e+00 0.000000000000000e+00 0.000000000000000e+00 0.000000000000000e+00 0.000000000000000e+00 0.000000000000000e+00 0.000000000000000e+00 0.000000000000000e+00
 0.000000000000000e+00 0.000000000000000e+00 0.000000000000000e+00 0.000000000000000e+00 0.000000000000000e+00 0.000000000000000e+00 0.000000000000000e+00 0.000000000000000e+00 0.000000000000000e+00 0.000000000000000e+00
 0.000000000000000e+00 0.000000000000000e+00 0.000000000000000e+00 0.000000000000000e+00 0.000000000000000e+00 0.000000000000000e+00 0.000000000000000e+00 0.000000000000000e+00 0.000000000000000e+00 0.000000000000000e+00
 0.000000000000000e+00 0.000000000000000e+00 0.000000000000000e+00 0.000000000000000e+00 0.000000000000000e+00 0.000000000000000e+00 0.000000000000000e+00 0.000000000000000e+00 0.000000000000000e+00 0.000000000000000e+00
 0.000000000000000e+00 0.000000000000000e+00 0.000000000000000e+00 0.000000000000000e+00 0.000000000000000e+00 0.000000000000000e+00 0.000000000000000e+00 0.000000000000000e+00 0.000000000000000e+00 0.000000000000000e+00
 0.000000000000000e+00 0.000000000000000e+00 0.000000000000000e+00 0.000000000000000e+00 0.000000000000000e+00 0.000000000000000e+00 0.000000000000000e+00 0.000000000000000e+00 0.000000000000000e+00 0.000000000000000e+00
 0.000000000000000e+00 0.000000000000000e+00 0.000000000000000e+00 0.000000000000000e+00 0.000000000000000e+00 0.000000000000000e+00 0.000000000000000e+00 0.000000000000000e+00 0.000000000000000e+00 0.000000000000000e+00
 0.000000000000000e+00 0.000000000000000e+00 0.000000000000000e+00 0.000000000000000e+00 0.000000000000000e+00 0.000000000000000e+00 0.000000000000000e+00 0.000000000000000e+00 0.000000000000000e+00 0.000000000000000e+00
 0.000000000000000e+00 0.000000000000000e+00 0.000000000000000e+00 0.000000000000000e+00 0.000000000000000e+00 0.000000000000000e+00 0.000000000000000e+00 0.000000000000000e+00 0.000000000000000e+00 0.000000000000000e+00
 0.000000000000000e+00 0.000000000000000e+00 0.000000000000000e+00 0.000000000000000e+00 0.000000000000000e+00 0.000000000000000e+00 0.000000000000000e+00 0.000000000000000e+00 0.000000000000000e+00 0.000000000000000e+00
 0.000000000000000e+00 0.000000000000000e+00 0.000000000000000e+00 0.000000000000000e+00 0.000000000000000e+00 0.000000000000000e+00 0.000000000000000e+00 0.000000000000000e+00 0.000000000000000e+00 0.000000000000000e+00
 0.000000000000000e+00 0.000000000000000e+00 0.000000000000000e+00 0.000000000000000e+00 0.000000000000000e+00 0.000000000000000e+00 0.000000000000000e+00 0.000000000000000e+00 0.000000000000000e+00 0.000000000000000e+00
 0.000000000000000e+00 0.000000000000000e+00 0.000000000000000e+00 0.000000000000000e+00 0.000000000000000e+00 0.000000000000000e+00 0.000000000000000e+00 0.000000000000000e+00 0.000000000000000e+00 0.000000000000000e+00
 0.000000000000000e+00 0.000000000000000e+00 0.000000000000000e+00 0.000000000000000e+00 0.000000000000000e+00 0.000000000000000e+00 0.000000000000000e+00 0.000000000000000e+00 0.000000000000000e+00 0.000000000000000e+00
 0.000000000000000e+00 0.000000000000000e+00 0.000000000000000e+00 0.000000000000000e+00 0.000000000000000e+00 0.000000000000000e+00 0.000000000000000e+00 0.000000000000000e+00 0.000000000000000e+00 0.000000000000000e+00
 0.000000000000000e+00 0.000000000000000e+00 0.000000000000000e+00 0.000000000000000e+00 0.000000000000000e+00 0.000000000000000e+00 0.000000000000000e+00 0.000000000000000e+00 0.000000000000000e+00 0.000000000000000e+00
 0.000000000000000e+00 0.000000000000000e+00 0.000000000000000e+00 0.000000000000000e+00 0.000000000000000e+00 0.000000000000000e+00 0.000000000000000e+00 0.000000000000000e+00 0.000000000000000e+00 0.000000000000000e+00
 0.000000000000000e+00 0.000000000000000e+00 0.000000000000000e+00 0.000000000000000e+00 0.000000000000000e+00 0.000000000000000e+00 0.000000000000000e+00 0.000000000000000e+00 0.000000000000000e+00 0.000000000000000e+00
 0.000000000000000e+00 0.000000000000000e+00 0.000000000000000e+00 0.000000000000000e+00 0.000000000000000e+00 0.000000000000000e+00 0.000000000000000e+00 0.000000000000000e+00 0.000000000000000e+00 0.000000000000000e+00
 0.000000000000000e+00 0.000000000000000e+00 0.000000000000000e+00 0.000000000000000e+00 0.000000000000000e+00 0.000000000000000e+00 0.000000000000000e+00 0.000000000000000e+00 0.000000000000000e+00 0.000000000000000e+00
 0.000000000000000e+00 0.000000000000000e+00 0.000000000000000e+00 0.000000000000000e+00 0.000000000000000e+00 0.000000000000000e+00 0.000000000000000e+00 0.000000000000000e+00 0.000000000000000e+00 0.000000000000000e+00
 0.000000000000000e+00 0.000000000000000e+00 0.000000000000000e+00 0.000000000000000e+00 0.000000000000000e+00 0.000000000000000e+00 0.000000000000000e+00 0.000000000000000e+00 0.000000000000000e+00 0.000000000000000e+00
 0.000000000000000e+00 0.000000000000000e+00 0.000000000000000e+00 0.000000000000000e+00 0.000000000000000e+00 0.000000000000000e+00 0.000000000000000e+00 0.000000000000000e+00 0.000000000000000e+00 0.000000000000000e+00
 0.000000000000000e+00 0.000000000000000e+00 0.000000000000000e+00 0.000000000000000e+00 0.000000000000000e+00 0.000000000000000e+00 0.000000000000000e+00 0.000000000000000e+00 0.000000000000000e+00 0.000000000000000e+00
 0.000000000000000e+00 0.000000000000000e+00 0.000000000000000e+00 0.000000000000000e+00 0.000000000000000e+00 0.000000000000000e+00 0.000000000000000e+00 0.000000000000000e+00 0.000000000000000e+00 0.000000000000000e+00
 0.000000000000000e+00 0.000000000000000e+00 0.000000000000000e+00 0.000000000000000e+00 0.000000000000000e+00 0.000000000000000e+00 0.000000000000000e+00 0.000000000000000e+00 0.000000000000000e+00 0.000000000000000e+00
 0.000000000000000e+00 0.000000000000000e+00 0.000000000000000e+00 0.000000000000000e+00 0.000000000000000e+00 0.000000000000000e+00 0.000000000000000e+00 0.000000000000000e+00 0.000000000000000e+00 0.000000000000000e+00
 0.000000000000000e+00 0.000000000000000e+00 0.000000000000000e+00 0.000000000000000e+00 0.000000000000000e+00 0.000000000000000e+00 0.000000000000000e+00 0.000000000000000e+00 0.000000000000000e+00 0.000000000000000e+00
 0.000000000000000e+00 0.000000000000000e+00 0.000000000000000e+00 0.000000000000000e+00 0.000000000000000e+00 0.000000000000000e+00 0.000000000000000e+00 0.000000000000000e+00 0.000000000000000e+00 0.000000000000000e+00
 0.000000000000000e+00 0.000000000000000e+00 0.000000000000000e+00 0.000000000000000e+00 0.000000000000000e+00 0.000000000000000e+00 0.000000000000000e+00 0.000000000000000e+00 0.000000000000000e+00 0.000000000000000e+00
 0.000000000000000e+00 0.000000000000000e+00 0.000000000000000e+00 0.000000000000000e+00 0.000000000000000e+00 0.000000000000000e+00 0.000000000000000e+00 0.000000000000000e+00 0.000000000000000e+00 0.000000000000000e+00
 0.000000000000000e+00 0.000000000000000e+00 0.000000000000000e+00 0.000000000000000e+00 0.000000000000000e+00 0.000000000000000e+00 0.000000000000000e+00 0.000000000000000e+00 0.000000000000000e+00 0.000000000000000e+00
 0.000000000000000e+00 0.000000000000000e+00 0.000000000000000e+00 0.000000000000000e+00 0.000000000000000e+00 0.000000000000000e+00 0.000000000000000e+00 0.000000000000000e+00 0.000000000000000e+00 0.000000000000000e+00
 0.000000000000000e+00 0.000000000000000e+00 0.000000000000000e+00 0.000000000000000e+00 0.000000000000000e+00 0.000000000000000e+00 0.000000000000000e+00 0.000000000000000e+00 0.000000000000000e+00 0.000000000000000e+00
 0.000000000000000e+00 0.000000000000000e+00 0.000000000000000e+00 0.000000000000000e+00 0.000000000000000e+00 0.000000000000000e+00 0.000000000000000e+00 0.000000000000000e+00 0.000000000000000e+00 0.000000000000000e+00
 0.000000000000000e+00 0.000000000000000e+00 0.000000000000000e+00 0.000000000000000e+00 0.000000000000000e+00 0.000000000000000e+00 0.000000000000000e+00 0.000000000000000e+00 0.000000000000000e+00 0.000000000000000e+00
 0.000000000000000e+00 0.000000000000000e+00 0.000000000000000e+00 0.000000000000000e+00 0.000000000000000e+00 0.000000000000000e+00 0.000000000000000e+00 0.000000000000000e+00 0.000000000000000e+00 0.000000000000000e+00
 0.000000000000000e+00 0.000000000000000e+00 0.000000000000000e+00 0.000000000000000e+00 0.000000000000000e+00 0.000000000000000e+00 0.000000000000000e+00 0.000000000000000e+00 0.000000000000000e+00 0.000000000000000e+00
 0.000000000000000e+00 0.000000000000000e+00 0.000000000000000e+00 0.000000000000000e+00 0.000000000000000e+00 0.000000000000000e+00 0.000000000000000e+00 0.000000000000000e+00 0.000000000000000e+00 0.000000000000000e+00
 0.000000000000000e+00 0.000000000000000e+00 0.000000000000000e+00 0.000000000000000e+00 0.000000000000000e+00 0.000000000000000e+00 0.000000000000000e+00 0.000000000000000e+00 0.000000000000000e+00 0.000000000000000e+00
 0.000000000000000e+00 0.000000000000000e+00 0.000000000000000e+00 0.000000000000000e+00 0.000000000000000e+00 0.000000000000000e+00 0.000000000000000e+00 0.000000000000000e+00 0.000000000000000e+00 0.000000000000000e+00
 0.000000000000000e+00 0.000000000000000e+00 0.000000000000000e+00 0.000000000000000e+00 0.000000000000000e+00 0.000000000000000e+00 0.000000000000000e+00 0.000000000000000e+00 0.000000000000000e+00 0.000000000000000e+00
 0.000000000000000e+00 0.000000000000000e+00 0.000000000000000e+00 0.000000000000000e+00 0.000000000000000e+00 0.000000000000000e+00 0.000000000000000e+00 0.000000000000000e+00 0.000000000000000e+00 0.000000000000000e+00
 0.000000000000000e+00 0.000000000000000e+00 0.000000000000000e+00 0.000000000000000e+00 0.000000000000000e+00 0.000000000000000e+00 0.000000000000000e+00 0.000000000000000e+00 0.000000000000000e+00 0.000000000000000e+00
 0.000000000000000e+00 0.000000000000000e+00 0.000000000000000e+00 0.000000000000000e+00 0.000000000000000e+00 0.000000000000000e+00 0.000000000000000e+00 0.000000000000000e+00 0.000000000000000e+00 0.000000000000000e+00
 0.000000000000000e+00 0.000000000000000e+00 0.000000000000000e+00 0.000000000000000e+00 0.000000000000000e+00 0.000000000000000e+00 0.000000000000000e+00 0.000000000000000e+00 0.000000000000000e+00 0.000000000000000e+00
 0.000000000000000e+00 0.000000000000000e+00 0.000000000000000e+00 0.000000000000000e+00 0.000000000000000e+00 0.000000000000000e+00 0.000000000000000e+00 0.000000000000000e+00 0.000000000000000e+00 0.000000000000000e+00
 0.000000000000000e+00 0.000000000000000e+00 0.000000000000000e+00 0.000000000000000e+00 0.000000000000000e+00 0.000000000000000e+00 0.000000000000000e+00 0.000000000000000e+00 0.000000000000000e+00 0.000000000000000e+00
 0.000000000000000e+00 0.000000000000000e+00 0.000000000000000e+00 0.000000000000000e+00 0.000000000000000e+00 0.000000000000000e+00 0.000000000000000e+00 0.000000000000000e+00 0.000000000000000e+00 0.000000000000000e+00
 0.000000000000000e+00 0.000000000000000e+00 0.000000000000000e+00 0.000000000000000e+00 0.000000000000000e+00 0.000000000000000e+00 0.000000000000000e+00 0.000000000000000e+00 0.000000000000000e+00 0.000000000000000e+00
 0.000000000000000e+00 0.000000000000000e+00 0.000000000000000e+00 0.000000000000000e+00 0.000000000000000e+00 0.000000000000000e+00 0.000000000000000e+00 0.000000000000000e+00 0.000000000000000e+00 0.000000000000000e+00
 0.000000000000000e+00 0.000000000000000e+00 0.000000000000000e+00 0.000000000000000e+00 0.000000000000000e+00 0.000000000000000e+00 0.000000000000000e+00 0.000000000000000e+00 0.000000000000000e+00 0.000000000000000e+00
 0.000000000000000e+00 0.000000000000000e+00 0.000000000000000e+00 0.000000000000000e+00 0.000000000000000e+00 0.000000000000000e+00 0.000000000000000e+00 0.000000000000000e+00 0.000000000000000e+00 0.000000000000000e+00
 0.000000000000000e+00 0.000000000000000e+00 0.000000000000000e+00 0.000000000000000e+00 0.000000000000000e+00 0.000000000000000e+00 0.000000000000000e+00 0.000000000000000e+00 0.000000000000000e+00 0.000000000000000e+00
 0.000000000000000e+00 0.000000000000000e+00 0.000000000000000e+00 0.000000000000000e+00 0.000000000000000e+00 0.000000000000000e+00 0.000000000000000e+00 0.000000000000000e+00 0.000000000000000e+00 0.000000000000000e+00
 0.000000000000000e+00 0.000000000000000e+00 0.000000000000000e+00 0.000000000000000e+00 0.000000000000000e+00 0.000000000000000e+00 0.000000000000000e+00 0.000000000000000e+00 0.000000000000000e+00 0.000000000000000e+00
 0.000000000000000e+00 0.000000000000000e+00 0.000000000000000e+00 0.000000000000000e+00 0.000000000000000e+00 0.000000000000000e+00 0.000000000000000e+00 0.000000000000000e+00 0.000000000000000e+00 0.000000000000000e+00
 0.000000000000000e+00 0.000000000000000e+00 0.000000000000000e+00 0.000000000000000e+00 0.000000000000000e+00 0.000000000000000e+00 0.000000000000000e+00 0.000000000000000e+00 0.000000000000000e+00 0.000000000000000e+00
 0.000000000000000e+00 0.000000000000000e+00 0.000000000000000e+00 0.000000000000000e+00 0.000000000000000e+00 0.000000000000000e+00 0.000000000000000e+00 0.000000000000000e+00 0.000000000000000e+00 0.000000000000000e+00
 0.000000000000000e+00 0.000000000000000e+00 0.000000000000000e+00 0.000000000000000e+00 0.000000000000000e+00 0.000000000000000e+00 0.000000000000000e+00 0.000000000000000e+00 0.000000000000000e+00 0.000000000000000e+00
 0.000000000000000e+00 0.000000000000000e+00 0.000000000000000e+00 0.000000000000000e+00 0.000000000000000e+00 0.000000000000000e+00 0.000000000000000e+00 0.000000000000000e+00 0.000000000000000e+00 0.000000000000000e+00
 0.000000000000000e+00 0.000000000000000e+00 0.000000000000000e+00 0.000000000000000e+00 0.000000000000000e+00 0.000000000000000e+00 0.000000000000000e+00 0.000000000000000e+00 0.000000000000000e+00 0.000000000000000e+00
 0.000000000000000e+00 0.000000000000000e+00 0.000000000000000e+00 0.000000000000000e+00 0.000000000000000e+00 0.000000000000000e+00 0.000000000000000e+00 0.000000000000000e+00 0.000000000000000e+00 0.000000000000000e+00
 0.000000000000000e+00 0.000000000000000e+00 0.000000000000000e+00 0.000000000000000e+00 0.000000000000000e+00 0.000000000000000e+00 0.000000000000000e+00 0.000000000000000e+00 0.000000000000000e+00 0.000000000000000e+00
 0.000000000000000e+00 0.000000000000000e+00 0.000000000000000e+00 0.000000000000000e+00 0.000000000000000e+00 0.000000000000000e+00 0.000000000000000e+00 0.000000000000000e+00 0.000000000000000e+00 0.000000000000000e+00
 0.000000000000000e+00 0.000000000000000e+00 0.000000000000000e+00 0.000000000000000e+00 0.000000000000000e+00 0.000000000000000e+00 0.000000000000000e+00 0.000000000000000e+00 0.000000000000000e+00 0.000000000000000e+00
 0.000000000000000e+00 0.000000000000000e+00 0.000000000000000e+00 0.000000000000000e+00 0.000000000000000e+00 0.000000000000000e+00 0.000000000000000e+00 0.000000000000000e+00 0.000000000000000e+00 0.000000000000000e+00
 0.000000000000000e+00 0.000000000000000e+00 0.000000000000000e+00 0.000000000000000e+00 0.000000000000000e+00 0.000000000000000e+00 0.000000000000000e+00 0.000000000000000e+00 0.000000000000000e+00 0.000000000000000e+00
 0.000000000000000e+00 0.000000000000000e+00 0.000000000000000e+00 0.000000000000000e+00 0.000000000000000e+00 0.000000000000000e+00 0.000000000000000e+00 0.000000000000000e+00 0.000000000000000e+00 0.000000000000000e+00
 0.000000000000000e+00 0.000000000000000e+00 0.000000000000000e+00 0.000000000000000e+00 0.000000000000000e+00 0.000000000000000e+00 0.000000000000000e+00 0.000000000000000e+00 0.000000000000000e+00 0.000000000000000e+00
 0.000000000000000e+00 0.000000000000000e+00 0.000000000000000e+00 0.000000000000000e+00 0.000000000000000e+00 0.000000000000000e+00 0.000000000000000e+00 0.000000000000000e+00 0.000000000000000e+00 0.000000000000000e+00
 0.000000000000000e+00 0.000000000000000e+00 0.000000000000000e+00 0.000000000000000e+00 0.000000000000000e+00 0.000000000000000e+00 0.000000000000000e+00 0.000000000000000e+00 0.000000000000000e+00 0.000000000000000e+00
 0.000000000000000e+00 0.000000000000000e+00 0.000000000000000e+00 0.000000000000000e+00 0.000000000000000e+00 0.000000000000000e+00 0.000000000000000e+00 0.000000000000000e+00 0.000000000000000e+00 0.000000000000000e+00
 0.000000000000000e+00 0.000000000000000e+00 0.000000000000000e+00 0.000000000000000e+00 0.000000000000000e+00 0.000000000000000e+00 0.000000000000000e+00 0.000000000000000e+00 0.000000000000000e+00 0.000000000000000e+00
 0.000000000000000e+00 0.000000000000000e+00 0.000000000000000e+00 0.000000000000000e+00 0.000000000000000e+00 0.000000000000000e+00 0.000000000000000e+00 0.000000000000000e+00 0.000000000000000e+00 0.000000000000000e+00
 0.000000000000000e+00 0.000000000000000e+00 0.000000000000000e+00 0.000000000000000e+00 0.000000000000000e+00 0.000000000000000e+00 0.000000000000000e+00 0.000000000000000e+00 0.000000000000000e+00 0.000000000000000e+00
 0.000000000000000e+00 0.000000000000000e+00 0.000000000000000e+00 0.000000000000000e+00 0.000000000000000e+00 0.000000000000000e+00 0.000000000000000e+00 0.000000000000000e+00 0.000000000000000e+00 0.000000000000000e+00
 0.000000000000000e+00 0.000000000000000e+00 0.000000000000000e+00 0.000000000000000e+00 0.000000000000000e+00 0.000000000000000e+00 0.000000000000000e+00 0.000000000000000e+00 0.000000000000000e+00 0.000000000000000e+00
 0.000000000000000e+00 0.000000000000000e+00 0.000000000000000e+00 0.000000000000000e+00 0.000000000000000e+00 0.000000000000000e+00 0.000000000000000e+00 0.000000000000000e+00 0.000000000000000e+00 0.000000000000000e+00
 0.000000000000000e+00 0.000000000000000e+00 0.000000000000000e+00 0.000000000000000e+00 0.000000000000000e+00 0.000000000000000e+00 0.000000000000000e+00 0.000000000000000e+00 0.000000000000000e+00 0.000000000000000e+00
 0.000000000000000e+00 0.000000000000000e+00 0.000000000000000e+00 0.000000000000000e+00 0.000000000000000e+00 0.000000000000000e+00 0.000000000000000e+00 0.000000000000000e+00 0.000000000000000e+00 0.000000000000000e+00
 0.000000000000000e+00 0.000000000000000e+00 0.000000000000000e+00 0.000000000000000e+00 0.000000000000000e+00 0.000000000000000e+00 0.000000000000000e+00 0.000000000000000e+00 0.000000000000000e+00 0.000000000000000e+00
 0.000000000000000e+00 0.000000000000000e+00 0.000000000000000e+00 0.000000000000000e+00 0.000000000000000e+00 0.000000000000000e+00 0.000000000000000e+00 0.000000000000000e+00 0.000000000000000e+00 0.000000000000000e+00
 0.000000000000000e+00 0.000000000000000e+00 0.000000000000000e+00 0.000000000000000e+00 0.000000000000000e+00 0.000000000000000e+00 0.000000000000000e+00 0.000000000000000e+00 0.000000000000000e+00 0.000000000000000e+00
 0.000000000000000e+00 0.000000000000000e+00 0.000000000000000e+00 0.000000000000000e+00 0.000000000000000e+00 0.000000000000000e+00 0.000000000000000e+00 0.000000000000000e+00 0.000000000000000e+00 0.000000000000000e+00
 0.000000000000000e+00 0.000000000000000e+00 0.000000000000000e+00 0.000000000000000e+00 0.000000000000000e+00 0.000000000000000e+00 0.000000000000000e+00 0.000000000000000e+00 0.000000000000000e+00 0.000000000000000e+00
 0.000000000000000e+00 0.000000000000000e+00 0.000000000000000e+00 0.000000000000000e+00 0.000000000000000e+00 0.000000000000000e+00 0.000000000000000e+00 0.000000000000000e+00 0.000000000000000e+00 0.000000000000000e+00
 0.000000000000000e+00 0.000000000000000e+00 0.000000000000000e+00 0.000000000000000e+00 0.000000000000000e+00 0.000000000000000e+00 0.000000000000000e+00 0.000000000000000e+00 0.000000000000000e+00 0.000000000000000e+00
 0.000000000000000e+00 0.000000000000000e+00 0.000000000000000e+00 0.000000000000000e+00 0.000000000000000e+00 0.000000000000000e+00 0.000000000000000e+00 0.000000000000000e+00 0.000000000000000e+00 0.000000000000000e+00
 0.000000000000000e+00 0.000000000000000e+00 0.000000000000000e+00 0.000000000000000e+00 0.000000000000000e+00 0.000000000000000e+00 0.000000000000000e+00 0.000000000000000e+00 0.000000000000000e+00 0.000000000000000e+00
 0.000000000000000e+00 0.000000000000000e+00 0.000000000000000e+00 0.000000000000000e+00 0.000000000000000e+00 0.000000000000000e+00 0.000000000000000e+00 0.000000000000000e+00 0.000000000000000e+00 0.000000000000000e+00
 0.000000000000000e+00 0.000000000000000e+00 0.000000000000000e+00 0.000000000000000e+00 0.000000000000000e+00 0.000000000000000e+00 0.000000000000000e+00 0.000000000000000e+00 0.000000000000000e+00 0.000000000000000e+00
 0.000000000000000e+00 0.000000000000000e+00 0.000000000000000e+00 0.000000000000000e+00 0.000000000000000e+00 0.000000000000000e+00 0.000000000000000e+00 0.000000000000000e+00 0.000000000000000e+00 0.000000000000000e+00
 0.000000000000000e+00 0.000000000000000e+00 0.000000000000000e+00 0.000000000000000e+00 0.000000000000000e+00 0.000000000000000e+00 0.000000000000000e+00 0.000000000000000e+00 0.000000000000000e+00 0.000000000000000e+00
 0.000000000000000e+00 0.000000000000000e+00 0.000000000000000e+00 0.000000000000000e+00 0.000000000000000e+00 0.000000000000000e+00 0.000000000000000e+00 0.000000000000000e+00 0.000000000000000e+00 0.000000000000000e+00
 0.000000000000000e+00 0.000000000000000e+00 0.000000000000000e+00 0.000000000000000e+00 0.000000000000000e+00 0.000000000000000e+00 0.000000000000000e+00 0.000000000000000e+00 0.000000000000000e+00 0.000000000000000e+00
 0.000000000000000e+00 0.000000000000000e+00 0.000000000000000e+00 0.000000000000000e+00 0.000000000000000e+00 0.000000000000000e+00 0.000000000000000e+00 0.000000000000000e+00 0.000000000000000e+00 0.000000000000000e+00
 0.000000000000000e+00 0.000000000000000e+00 0.000000000000000e+00 0.000000000000000e+00 0.000000000000000e+00 0.000000000000000e+00 0.000000000000000e+00 0.000000000000000e+00 0.000000000000000e+00 0.000000000000000e+00
 0.000000000000000e+00 0.000000000000000e+00 0.000000000000000e+00 0.000000000000000e+00 0.000000000000000e+00 0.000000000000000e+00 0.000000000000000e+00 0.000000000000000e+00 0.000000000000000e+00 0.000000000000000e+00
 0.000000000000000e+00 0.000000000000000e+00 0.000000000000000e+00 0.000000000000000e+00 0.000000000000000e+00 0.000000000000000e+00 0.000000000000000e+00 0.000000000000000e+00 0.000000000000000e+00 0.000000000000000e+00
 0.000000000000000e+00 0.000000000000000e+00 0.000000000000000e+00 0.000000000000000e+00 0.000000000000000e+00 0.000000000000000e+00 0.000000000000000e+00 0.000000000000000e+00 0.000000000000000e+00 0.000000000000000e+00
 0.000000000000000e+00 0.000000000000000e+00 0.000000000000000e+00 0.000000000000000e+00 0.000000000000000e+00 0.000000000000000e+00 0.000000000000000e+00 0.000000000000000e+00 0.000000000000000e+00 0.000000000000000e+00
 0.000000000000000e+00 0.000000000000000e+00 0.000000000000000e+00 0.000000000000000e+00 0.000000000000000e+00 0.000000000000000e+00 0.000000000000000e+00 0.000000000000000e+00 0.000000000000000e+00 0.000000000000000e+00
 0.000000000000000e+00 0.000000000000000e+00 0.000000000000000e+00 0.000000000000000e+00 0.000000000000000e+00 0.000000000000000e+00 0.000000000000000e+00 0.000000000000000e+00 0.000000000000000e+00 0.000000000000000e+00
 0.000000000000000e+00 0.000000000000000e+00 0.000000000000000e+00 0.000000000000000e+00 0.000000000000000e+00 0.000000000000000e+00 0.000000000000000e+00 0.000000000000000e+00 0.000000000000000e+00 0.000000000000000e+00
 0.000000000000000e+00 0.000000000000000e+00 0.000000000000000e+00 0.000000000000000e+00 0.000000000000000e+00 0.000000000000000e+00 0.000000000000000e+00 0.000000000000000e+00 0.000000000000000e+00 0.000000000000000e+00
 0.000000000000000e+00 0.000000000000000e+00 0.000000000000000e+00 0.000000000000000e+00 0.000000000000000e+00 0.000000000000000e+00 0.000000000000000e+00 0.000000000000000e+00 0.000000000000000e+00 0.000000000000000e+00
 0.000000000000000e+00 0.000000000000000e+00 0.000000000000000e+00 0.000000000000000e+00 0.000000000000000e+00 0.000000000000000e+00 0.000000000000000e+00 0.000000000000000e+00 0.000000000000000e+00 0.000000000000000e+00
 0.000000000000000e+00 0.000000000000000e+00 0.000000000000000e+00 0.000000000000000e+00 0.000000000000000e+00 0.000000000000000e+00 0.000000000000000e+00 0.000000000000000e+00 0.000000000000000e+00 0.000000000000000e+00
 0.000000000000000e+00 0.000000000000000e+00 0.000000000000000e+00 0.000000000000000e+00 0.000000000000000e+00 0.000000000000000e+00 0.000000000000000e+00 0.000000000000000e+00 0.000000000000000e+00 0.000000000000000e+00
 0.000000000000000e+00 0.000000000000000e+00 0.000000000000000e+00 0.000000000000000e+00 0.000000000000000e+00 0.000000000000000e+00 0.000000000000000e+00 0.000000000000000e+00 0.000000000000000e+00 0.000000000000000e+00
 0.000000000000000e+00 0.000000000000000e+00 0.000000000000000e+00 0.000000000000000e+00 0.000000000000000e+00 0.000000000000000e+00 0.000000000000000e+00 0.000000000000000e+00 0.000000000000000e+00 0.000000000000000e+00
 0.000000000000000e+00 0.000000000000000e+00 0.000000000000000e+00 0.000000000000000e+00 0.000000000000000e+00 0.000000000000000e+00 0.000000000000000e+00 0.000000000000000e+00 0.000000000000000e+00 0.000000000000000e+00
 0.000000000000000e+00 0.000000000000000e+00 0.000000000000000e+00 0.000000000000000e+00 0.000000000000000e+00 0.000000000000000e+00 0.000000000000000e+00 0.000000000000000e+00 0.000000000000000e+00 0.000000000000000e+00
 0.000000000000000e+00 0.000000000000000e+00 0.000000000000000e+00 0.000000000000000e+00 0.000000000000000e+00 0.000000000000000e+00 0.000000000000000e+00 0.000000000000000e+00 0.000000000000000e+00 0.000000000000000e+00
 0.000000000000000e+00 0.000000000000000e+00 0.000000000000000e+00 0.000000000000000e+00 0.000000000000000e+00 0.000000000000000e+00 0.000000000000000e+00 0.000000000000000e+00 0.000000000000000e+00 0.000000000000000e+00
 0.000000000000000e+00 0.000000000000000e+00 0.000000000000000e+00 0.000000000000000e+00 0.000000000000000e+00 0.000000000000000e+00 0.000000000000000e+00 0.000000000000000e+00 0.000000000000000e+00 0.000000000000000e+00
 0.000000000000000e+00 0.000000000000000e+00 0.000000000000000e+00 0.000000000000000e+00 0.000000000000000e+00 0.000000000000000e+00 0.000000000000000e+00 0.000000000000000e+00 0.000000000000000e+00 0.000000000000000e+00
 0.000000000000000e+00 0.000000000000000e+00 0.000000000000000e+00 0.000000000000000e+00 0.000000000000000e+00 0.000000000000000e+00 0.000000000000000e+00 0.000000000000000e+00 0.000000000000000e+00 0.000000000000000e+00
 0.000000000000000e+00 0.000000000000000e+00 0.000000000000000e+00 0.000000000000000e+00 0.000000000000000e+00 0.000000000000000e+00 0.000000000000000e+00 0.000000000000000e+00 0.000000000000000e+00 0.000000000000000e+00
 0.000000000000000e+00 0.000000000000000e+00 0.000000000000000e+00 0.000000000000000e+00 0.000000000000000e+00 0.000000000000000e+00 0.000000000000000e+00 0.000000000000000e+00 0.000000000000000e+00 0.000000000000000e+00
 0.000000000000000e+00 0.000000000000000e+00 0.000000000000000e+00 0.000000000000000e+00 0.000000000000000e+00 0.000000000000000e+00 0.000000000000000e+00 0.000000000000000e+00 0.000000000000000e+00 0.000000000000000e+00
 0.000000000000000e+00 0.000000000000000e+00 0.000000000000000e+00 0.000000000000000e+00 0.000000000000000e+00 0.000000000000000e+00 0.000000000000000e+00 0.000000000000000e+00 0.000000000000000e+00 0.000000000000000e+00
 0.000000000000000e+00 0.000000000000000e+00 0.000000000000000e+00 0.000000000000000e+00 0.000000000000000e+00 0.000000000000000e+00 0.000000000000000e+00 0.000000000000000e+00 0.000000000000000e+00 0.000000000000000e+00
 0.000000000000000e+00 0.000000000000000e+00 0.000000000000000e+00 0.000000000000000e+00 0.000000000000000e+00 0.000000000000000e+00 0.000000000000000e+00 0.000000000000000e+00 0.000000000000000e+00 0.000000000000000e+00
 0.000000000000000e+00 0.000000000000000e+00 0.000000000000000e+00 0.000000000000000e+00 0.000000000000000e+00 0.000000000000000e+00 0.000000000000000e+00 0.000000000000000e+00 0.000000000000000e+00 0.000000000000000e+00
 0.000000000000000e+00 0.000000000000000e+00 0.000000000000000e+00 0.000000000000000e+00 0.000000000000000e+00 0.000000000000000e+00 0.000000000000000e+00 0.000000000000000e+00 0.000000000000000e+00 0.000000000000000e+00
 0.000000000000000e+00 0.000000000000000e+00 0.000000000000000e+00 0.000000000000000e+00 0.000000000000000e+00 0.000000000000000e+00 0.000000000000000e+00 0.000000000000000e+00 0.000000000000000e+00 0.000000000000000e+00
 0.000000000000000e+00 0.000000000000000e+00 0.000000000000000e+00 0.000000000000000e+00 0.000000000000000e+00 0.000000000000000e+00 0.000000000000000e+00 0.000000000000000e+00 0.000000000000000e+00 0.000000000000000e+00
 0.000000000000000e+00 0.000000000000000e+00 0.000000000000000e+00 0.000000000000000e+00 0.000000000000000e+00 0.000000000000000e+00 0.000000000000000e+00 0.000000000000000e+00 0.000000000000000e+00 0.000000000000000e+00
 0.000000000000000e+00 0.000000000000000e+00 0.000000000000000e+00 0.000000000000000e+00 0.000000000000000e+00 0.000000000000000e+00 0.000000000000000e+00 0.000000000000000e+00 0.000000000000000e+00 0.000000000000000e+00
 0.000000000000000e+00 0.000000000000000e+00 0.000000000000000e+00 0.000000000000000e+00 0.000000000000000e+00 0.000000000000000e+00 0.000000000000000e+00 0.000000000000000e+00 0.000000000000000e+00 0.000000000000000e+00
 0.000000000000000e+00 0.000000000000000e+00 0.000000000000000e+00 0.000000000000000e+00 0.000000000000000e+00 0.000000000000000e+00 0.000000000000000e+00 0.000000000000000e+00 0.000000000000000e+00 0.000000000000000e+00
 0.000000000000000e+00 0.000000000000000e+00 0.000000000000000e+00 0.000000000000000e+00 0.000000000000000e+00 0.000000000000000e+00 0.000000000000000e+00 0.000000000000000e+00 0.000000000000000e+00 0.000000000000000e+00
 0.000000000000000e+00 0.000000000000000e+00 0.000000000000000e+00 0.000000000000000e+00 0.000000000000000e+00 0.000000000000000e+00 0.000000000000000e+00 0.000000000000000e+00 0.000000000000000e+00 0.000000000000000e+00
 0.000000000000000e+00 0.000000000000000e+00 0.000000000000000e+00 0.000000000000000e+00 0.000000000000000e+00 0.000000000000000e+00 0.000000000000000e+00 0.000000000000000e+00 0.000000000000000e+00 0.000000000000000e+00
 0.000000000000000e+00 0.000000000000000e+00 0.000000000000000e+00 0.000000000000000e+00 0.000000000000000e+00 0.000000000000000e+00 0.000000000000000e+00 0.000000000000000e+00 0.000000000000000e+00 0.000000000000000e+00
 0.000000000000000e+00 0.000000000000000e+00 0.000000000000000e+00 0.000000000000000e+00 0.000000000000000e+00 0.000000000000000e+00 0.000000000000000e+00 0.000000000000000e+00 0.000000000000000e+00 0.000000000000000e+00
 0.000000000000000e+00 0.000000000000000e+00 0.000000000000000e+00 0.000000000000000e+00 0.000000000000000e+00 0.000000000000000e+00 0.000000000000000e+00 0.000000000000000e+00 0.000000000000000e+00 0.000000000000000e+00
 0.000000000000000e+00 0.000000000000000e+00 0.000000000000000e+00 0.000000000000000e+00 0.000000000000000e+00 0.000000000000000e+00 0.000000000000000e+00 0.000000000000000e+00 0.000000000000000e+00 0.000000000000000e+00
 0.000000000000000e+00 0.000000000000000e+00 0.000000000000000e+00 0.000000000000000e+00 0.000000000000000e+00 0.000000000000000e+00 0.000000000000000e+00 0.000000000000000e+00 0.000000000000000e+00 0.000000000000000e+00
 0.000000000000000e+00 0.000000000000000e+00 0.000000000000000e+00 0.000000000000000e+00 0.000000000000000e+00 0.000000000000000e+00 0.000000000000000e+00 0.000000000000000e+00 0.000000000000000e+00 0.000000000000000e+00
 0.000000000000000e+00 0.000000000000000e+00 0.000000000000000e+00 0.000000000000000e+00 0.000000000000000e+00 0.000000000000000e+00 0.000000000000000e+00 0.000000000000000e+00 0.000000000000000e+00 0.000000000000000e+00
 0.000000000000000e+00 0.000000000000000e+00 0.000000000000000e+00 0.000000000000000e+00 0.000000000000000e+00 0.000000000000000e+00 0.000000000000000e+00 0.000000000000000e+00 0.000000000000000e+00 0.000000000000000e+00
 0.000000000000000e+00 0.000000000000000e+00 0.000000000000000e+00 0.000000000000000e+00 0.000000000000000e+00 0.000000000000000e+00 0.000000000000000e+00 0.000000000000000e+00 0.000000000000000e+00 0.000000000000000e+00
 0.000000000000000e+00 0.000000000000000e+00 0.000000000000000e+00 0.000000000000000e+00 0.000000000000000e+00 0.000000000000000e+00 0.000000000000000e+00 0.000000000000000e+00 0.000000000000000e+00 0.000000000000000e+00
 0.000000000000000e+00 0.000000000000000e+00 0.000000000000000e+00 0.000000000000000e+00 0.000000000000000e+00 0.000000000000000e+00 0.000000000000000e+00 0.000000000000000e+00 0.000000000000000e+00 0.000000000000000e+00
 0.000000000000000e+00 0.000000000000000e+00 0.000000000000000e+00 0.000000000000000e+00 0.000000000000000e+00 0.000000000000000e+00 0.000000000000000e+00 0.000000000000000e+00 0.000000000000000e+00 0.000000000000000e+00
 0.000000000000000e+00 0.000000000000000e+00 0.000000000000000e+00 0.000000000000000e+00 0.000000000000000e+00 0.000000000000000e+00 0.000000000000000e+00 0.000000000000000e+00 0.000000000000000e+00 0.000000000000000e+00
 0.000000000000000e+00 0.000000000000000e+00 0.000000000000000e+00 0.000000000000000e+00 0.000000000000000e+00 0.000000000000000e+00 0.000000000000000e+00 0.000000000000000e+00 0.000000000000000e+00 0.000000000000000e+00
 0.000000000000000e+00 0.000000000000000e+00 0.000000000000000e+00 0.000000000000000e+00 0.000000000000000e+00 0.000000000000000e+00 0.000000000000000e+00 0.000000000000000e+00 0.000000000000000e+00 0.000000000000000e+00
 0.000000000000000e+00 0.000000000000000e+00 0.000000000000000e+00 0.000000000000000e+00 0.000000000000000e+00 0.000000000000000e+00 0.000000000000000e+00 0.000000000000000e+00 0.000000000000000e+00 0.000000000000000e+00
 0.000000000000000e+00 0.000000000000000e+00 0.000000000000000e+00 0.000000000000000e+00 0.000000000000000e+00 0.000000000000000e+00 0.000000000000000e+00 0.000000000000000e+00 0.000000000000000e+00 0.000000000000000e+00
 0.000000000000000e+00 0.000000000000000e+00 0.000000000000000e+00 0.000000000000000e+00 0.000000000000000e+00 0.000000000000000e+00 0.000000000000000e+00 0.000000000000000e+00 0.000000000000000e+00 0.000000000000000e+00
 0.000000000000000e+00 0.000000000000000e+00 0.000000000000000e+00 0.000000000000000e+00 0.000000000000000e+00 0.000000000000000e+00 0.000000000000000e+00 0.000000000000000e+00 0.000000000000000e+00 0.000000000000000e+00
 0.000000000000000e+00 0.000000000000000e+00 0.000000000000000e+00 0.000000000000000e+00 0.000000000000000e+00 0.000000000000000e+00 0.000000000000000e+00 0.000000000000000e+00 0.000000000000000e+00 0.000000000000000e+00
 0.000000000000000e+00 0.000000000000000e+00 0.000000000000000e+00 0.000000000000000e+00 0.000000000000000e+00 0.000000000000000e+00 0.000000000000000e+00 0.000000000000000e+00 0.000000000000000e+00 0.000000000000000e+00
 0.000000000000000e+00 0.000000000000000e+00 0.000000000000000e+00 0.000000000000000e+00 0.000000000000000e+00 0.000000000000000e+00 0.000000000000000e+00 0.000000000000000e+00 0.000000000000000e+00 0.000000000000000e+00
 0.000000000000000e+00 0.000000000000000e+00 0.000000000000000e+00 0.000000000000000e+00 0.000000000000000e+00 0.000000000000000e+00 0.000000000000000e+00 0.000000000000000e+00 0.000000000000000e+00 0.000000000000000e+00
 0.000000000000000e+00 0.000000000000000e+00 0.000000000000000e+00 0.000000000000000e+00 0.000000000000000e+00 0.000000000000000e+00 0.000000000000000e+00 0.000000000000000e+00 0.000000000000000e+00 0.000000000000000e+00
 0.000000000000000e+00 0.000000000000000e+00 0.000000000000000e+00 0.000000000000000e+00 0.000000000000000e+00 0.000000000000000e+00 0.000000000000000e+00 0.000000000000000e+00 0.000000000000000e+00 0.000000000000000e+00
 0.000000000000000e+00 0.000000000000000e+00 0.000000000000000e+00 0.000000000000000e+00 0.000000000000000e+00 0.000000000000000e+00 0.000000000000000e+00 0.000000000000000e+00 0.000000000000000e+00 0.000000000000000e+00
 0.000000000000000e+00 0.000000000000000e+00 0.000000000000000e+00 0.000000000000000e+00 0.000000000000000e+00 0.000000000000000e+00 0.000000000000000e+00 0.000000000000000e+00 0.000000000000000e+00 0.000000000000000e+00
 0.000000000000000e+00 0.000000000000000e+00 0.000000000000000e+00 0.000000000000000e+00 0.000000000000000e+00 0.000000000000000e+00 0.000000000000000e+00 0.000000000000000e+00 0.000000000000000e+00 0.000000000000000e+00
 0.000000000000000e+00 0.000000000000000e+00 0.000000000000000e+00 0.000000000000000e+00 0.000000000000000e+00 0.000000000000000e+00 0.000000000000000e+00 0.000000000000000e+00 0.000000000000000e+00 0.000000000000000e+00
 0.000000000000000e+00 0.000000000000000e+00 0.000000000000000e+00 0.000000000000000e+00 0.000000000000000e+00 0.000000000000000e+00 0.000000000000000e+00 0.000000000000000e+00 0.000000000000000e+00 0.000000000000000e+00
 0.000000000000000e+00 0.000000000000000e+00 0.000000000000000e+00 0.000000000000000e+00 0.000000000000000e+00 0.000000000000000e+00 0.000000000000000e+00 0.000000000000000e+00 0.000000000000000e+00 0.000000000000000e+00
 0.000000000000000e+00 0.000000000000000e+00 0.000000000000000e+00 0.000000000000000e+00 0.000000000000000e+00 0.000000000000000e+00 0.000000000000000e+00 0.000000000000000e+00 0.000000000000000e+00 0.000000000000000e+00
 0.000000000000000e+00 0.000000000000000e+00 0.000000000000000e+00 0.000000000000000e+00 0.000000000000000e+00 0.000000000000000e+00 0.000000000000000e+00 0.000000000000000e+00 0.000000000000000e+00 0.000000000000000e+00
 0.000000000000000e+00 0.000000000000000e+00 0.000000000000000e+00 0.000000000000000e+00 0.000000000000000e+00 0.000000000000000e+00 0.000000000000000e+00 0.000000000000000e+00 0.000000000000000e+00 0.000000000000000e+00
 0.000000000000000e+00 0.000000000000000e+00 0.000000000000000e+00 0.000000000000000e+00 0.000000000000000e+00 0.000000000000000e+00 0.000000000000000e+00 0.000000000000000e+00 0.000000000000000e+00 0.000000000000000e+00
 0.000000000000000e+00 0.000000000000000e+00 0.000000000000000e+00 0.000000000000000e+00 0.000000000000000e+00 0.000000000000000e+00 0.000000000000000e+00 0.000000000000000e+00 0.000000000000000e+00 0.000000000000000e+00
 0.000000000000000e+00 0.000000000000000e+00 0.000000000000000e+00 0.000000000000000e+00 0.000000000000000e+00 0.000000000000000e+00 0.000000000000000e+00 0.000000000000000e+00 0.000000000000000e+00 0.000000000000000e+00
 0.000000000000000e+00 0.000000000000000e+00 0.000000000000000e+00 0.000000000000000e+00 0.000000000000000e+00 0.000000000000000e+00 0.000000000000000e+00 0.000000000000000e+00 0.000000000000000e+00 0.000000000000000e+00
 0.000000000000000e+00 0.000000000000000e+00 0.000000000000000e+00 0.000000000000000e+00 0.000000000000000e+00 0.000000000000000e+00 0.000000000000000e+00 0.000000000000000e+00 0.000000000000000e+00 0.000000000000000e+00
 0.000000000000000e+00 0.000000000000000e+00 0.000000000000000e+00 0.000000000000000e+00 0.000000000000000e+00 0.000000000000000e+00 0.000000000000000e+00 0.000000000000000e+00 0.000000000000000e+00 0.000000000000000e+00
 0.000000000000000e+00 0.000000000000000e+00 0.000000000000000e+00 0.000000000000000e+00 0.000000000000000e+00 0.000000000000000e+00 0.000000000000000e+00 0.000000000000000e+00 0.000000000000000e+00 0.000000000000000e+00
 0.000000000000000e+00 0.000000000000000e+00 0.000000000000000e+00 0.000000000000000e+00 0.000000000000000e+00
    }
  }

}
