DF-ISE text

Info {
  version = 1.0
  type    = dataset
  dimension   = 2
  nb_vertices = 7995
  nb_edges    = 23610
  nb_faces    = 0
  nb_elements = 16002
  nb_regions  = 7
  datasets    = [ "DopingConcentration" "NitrogenActiveConcentration" "PMIUserField0" "AluminumActiveConcentration" "DopingConcentration" "NitrogenActiveConcentration" "PMIUserField0" "AluminumActiveConcentration" "DopingConcentration" "NitrogenActiveConcentration" "PMIUserField0" "AluminumActiveConcentration" "OpticalGeneration" ]
  functions   = [ DopingConcentration NitrogenActiveConcentration PMIUserField0 AluminumActiveConcentration DopingConcentration NitrogenActiveConcentration PMIUserField0 AluminumActiveConcentration DopingConcentration NitrogenActiveConcentration PMIUserField0 AluminumActiveConcentration OpticalGeneration ]
}

Data {

  Dataset ("DopingConcentration") {
    function  = DopingConcentration
    type      = scalar
    dimension = 1
    location  = vertex
    validity  = [ "n_plus" ]
    Values (2405) {
 1.000000560000002e+19 1.000000000000005e+19 1.000000000000005e+19 1.000000560000002e+19 1.000000000000005e+19 1.000000560000002e+19 1.000000000000005e+19 1.000000560000002e+19 1.000000000000005e+19 1.000000000000005e+19
 1.000000000000005e+19 1.000000000000005e+19 1.000000000000005e+19 1.000000000000005e+19 1.000000000000005e+19 1.000000000000005e+19 1.000000000000005e+19 1.000000000000005e+19 1.000000000000005e+19 1.000000560000002e+19
 1.000000000000005e+19 1.000000560000002e+19 1.000000000000005e+19 1.000000560000002e+19 1.000000000000005e+19 1.000000560000002e+19 1.000000000000005e+19 1.000000000000005e+19 1.000000000000005e+19 1.000000000000005e+19
 1.000000000000005e+19 1.000000000000005e+19 1.000000000000005e+19 1.000000000000005e+19 1.000000000000005e+19 1.000000000000005e+19 1.000000000000005e+19 1.000000000000005e+19 1.000000000000005e+19 1.000000000000005e+19
 1.000000000000005e+19 1.000000000000005e+19 1.000000000000005e+19 1.000000000000005e+19 1.000000000000005e+19 1.000000000000005e+19 1.000000000000005e+19 1.000000000000005e+19 1.000000000000005e+19 1.000000000000005e+19
 1.000000000000005e+19 1.000000000000005e+19 1.000000000000005e+19 1.000000000000005e+19 1.000000000000005e+19 1.000000000000005e+19 1.000000000000005e+19 1.000000000000005e+19 1.000000000000005e+19 1.000000000000005e+19
 1.000000000000005e+19 1.000000000000005e+19 1.000000000000005e+19 1.000000000000005e+19 1.000000000000005e+19 1.000000000000005e+19 1.000000000000005e+19 1.000000000000005e+19 1.000000000000005e+19 1.000000000000005e+19
 1.000000000000005e+19 1.000000000000005e+19 1.000000000000005e+19 1.000000000000005e+19 1.000000000000005e+19 1.000000000000005e+19 1.000000000000005e+19 1.000000000000005e+19 1.000000000000005e+19 1.000000000000005e+19
 1.000000000000005e+19 1.000000000000005e+19 1.000000000000005e+19 1.000000000000005e+19 1.000000000000005e+19 1.000000000000005e+19 1.000000000000005e+19 1.000000000000005e+19 1.000000000000005e+19 1.000000000000005e+19
 1.000000000000005e+19 1.000000000000005e+19 1.000000000000005e+19 1.000000000000005e+19 1.000000000000005e+19 1.000000000000005e+19 1.000000000000005e+19 1.000000000000005e+19 1.000000000000005e+19 1.000000000000005e+19
 1.000000000000005e+19 1.000000000000005e+19 1.000000000000005e+19 1.000000000000005e+19 1.000000000000005e+19 1.000000000000005e+19 1.000000000000005e+19 1.000000560000002e+19 1.000000000000005e+19 1.000000560000002e+19
 1.000000000000005e+19 1.000000560000002e+19 1.000000000000005e+19 1.000000560000002e+19 1.000000000000005e+19 1.000000000000005e+19 1.000000000000005e+19 1.000000000000005e+19 1.000000000000005e+19 1.000000000000005e+19
 1.000000000000005e+19 1.000000000000005e+19 1.000000000000005e+19 1.000000000000005e+19 1.000000000000005e+19 1.000000000000005e+19 1.000000000000005e+19 1.000000000000005e+19 1.000000000000005e+19 1.000000000000005e+19
 1.000000000000005e+19 1.000000000000005e+19 1.000000000000005e+19 1.000000000000005e+19 1.000000000000005e+19 1.000000000000005e+19 1.000000000000005e+19 1.000000000000005e+19 1.000000000000005e+19 1.000000000000005e+19
 1.000000000000005e+19 1.000000000000005e+19 1.000000000000005e+19 1.000000000000005e+19 1.000000000000005e+19 1.000000000000005e+19 1.000000000000005e+19 1.000000000000005e+19 1.000000000000005e+19 1.000000000000005e+19
 1.000000000000005e+19 1.000000000000005e+19 1.000000000000005e+19 1.000000000000005e+19 1.000000000000005e+19 1.000000560000002e+19 1.000000000000005e+19 1.000000560000002e+19 1.000000000000005e+19 1.000000560000002e+19
 1.000000000000005e+19 1.000000560000002e+19 1.000000000000005e+19 1.000000000000005e+19 1.000000000000005e+19 1.000000000000005e+19 1.000000000000005e+19 1.000000000000005e+19 1.000000000000005e+19 1.000000000000005e+19
 1.000000000000005e+19 1.000000000000005e+19 1.000000000000005e+19 1.000000000000005e+19 1.000000000000005e+19 1.000000000000005e+19 1.000000000000005e+19 1.000000000000005e+19 1.000000000000005e+19 1.000000000000005e+19
 1.000000000000005e+19 1.000000000000005e+19 1.000000000000005e+19 1.000000000000005e+19 1.000000000000005e+19 1.000000000000005e+19 1.000000000000005e+19 1.000000000000005e+19 1.000000000000005e+19 1.000000000000005e+19
 1.000000000000005e+19 1.000000000000005e+19 1.000000000000005e+19 1.000000000000005e+19 1.000000000000005e+19 1.000000000000005e+19 1.000000000000005e+19 1.000000000000005e+19 1.000000000000005e+19 1.000000000000005e+19
 1.000000000000005e+19 1.000000000000005e+19 1.000000000000005e+19 1.000000000000005e+19 1.000000000000005e+19 1.000000000000005e+19 1.000000000000005e+19 1.000000000000005e+19 1.000000000000005e+19 1.000000000000005e+19
 1.000000000000005e+19 1.000000000000005e+19 1.000000000000005e+19 1.000000000000005e+19 1.000000000000005e+19 1.000000000000005e+19 1.000000000000005e+19 1.000000000000005e+19 1.000000000000005e+19 1.000000000000005e+19
 1.000000000000005e+19 1.000000000000005e+19 1.000000000000005e+19 1.000000000000005e+19 1.000000000000005e+19 1.000000000000005e+19 1.000000000000005e+19 1.000000000000005e+19 1.000000000000005e+19 1.000000000000005e+19
 1.000000000000005e+19 1.000000000000005e+19 1.000000000000005e+19 1.000000000000005e+19 1.000000000000005e+19 1.000000000000005e+19 1.000000000000005e+19 1.000000000000005e+19 1.000000000000005e+19 1.000000000000005e+19
 1.000000000000005e+19 1.000000000000005e+19 1.000000000000005e+19 1.000000000000005e+19 1.000000000000005e+19 1.000000000000005e+19 1.000000000000005e+19 1.000000000000005e+19 1.000000000000005e+19 1.000000000000005e+19
 1.000000000000005e+19 1.000000000000005e+19 1.000000000000005e+19 1.000000000000005e+19 1.000000000000005e+19 1.000000000000005e+19 1.000000000000005e+19 1.000000000000005e+19 1.000000000000005e+19 1.000000000000005e+19
 1.000000000000005e+19 1.000000000000005e+19 1.000000000000005e+19 1.000000000000005e+19 1.000000000000005e+19 1.000000000000005e+19 1.000000000000005e+19 1.000000000000005e+19 1.000000000000005e+19 1.000000000000005e+19
 1.000000000000005e+19 1.000000000000005e+19 1.000000000000005e+19 1.000000000000005e+19 1.000000000000005e+19 1.000000000000005e+19 1.000000000000005e+19 1.000000000000005e+19 1.000000000000005e+19 1.000000000000005e+19
 1.000000000000005e+19 1.000000000000005e+19 1.000000000000005e+19 1.000000000000005e+19 1.000000000000005e+19 1.000000000000005e+19 1.000000000000005e+19 1.000000000000005e+19 1.000000000000005e+19 1.000000000000005e+19
 1.000000000000005e+19 1.000000000000005e+19 1.000000000000005e+19 1.000000000000005e+19 1.000000000000005e+19 1.000000000000005e+19 1.000000000000005e+19 1.000000000000005e+19 1.000000000000005e+19 1.000000000000005e+19
 1.000000000000005e+19 1.000000000000005e+19 1.000000000000005e+19 1.000000000000005e+19 1.000000000000005e+19 1.000000000000005e+19 1.000000000000005e+19 1.000000000000005e+19 1.000000000000005e+19 1.000000000000005e+19
 1.000000000000005e+19 1.000000000000005e+19 1.000000000000005e+19 1.000000000000005e+19 1.000000000000005e+19 1.000000000000005e+19 1.000000000000005e+19 1.000000000000005e+19 1.000000000000005e+19 1.000000000000005e+19
 1.000000000000005e+19 1.000000000000005e+19 1.000000000000005e+19 1.000000000000005e+19 1.000000000000005e+19 1.000000000000005e+19 1.000000000000005e+19 1.000000000000005e+19 1.000000000000005e+19 1.000000000000005e+19
 1.000000000000005e+19 1.000000000000005e+19 1.000000000000005e+19 1.000000000000005e+19 1.000000000000005e+19 1.000000000000005e+19 1.000000000000005e+19 1.000000000000005e+19 1.000000000000005e+19 1.000000000000005e+19
 1.000000000000005e+19 1.000000000000005e+19 1.000000000000005e+19 1.000000000000005e+19 1.000000000000005e+19 1.000000000000005e+19 1.000000000000005e+19 1.000000000000005e+19 1.000000000000005e+19 1.000000000000005e+19
 1.000000000000005e+19 1.000000000000005e+19 1.000000000000005e+19 1.000000000000005e+19 1.000000000000005e+19 1.000000000000005e+19 1.000000560000002e+19 1.000000000000005e+19 1.000000560000002e+19 1.000000000000005e+19
 1.000000560000002e+19 1.000000000000005e+19 1.000000560000002e+19 1.000000000000005e+19 1.000000000000005e+19 1.000000000000005e+19 1.000000000000005e+19 1.000000000000005e+19 1.000000000000005e+19 1.000000000000005e+19
 1.000000000000005e+19 1.000000000000005e+19 1.000000000000005e+19 1.000000000000005e+19 1.000000000000005e+19 1.000000000000005e+19 1.000000000000005e+19 1.000000000000005e+19 1.000000000000005e+19 1.000000000000005e+19
 1.000000000000005e+19 1.000000000000005e+19 1.000000000000005e+19 1.000000000000005e+19 1.000000000000005e+19 1.000000000000005e+19 1.000000000000005e+19 1.000000000000005e+19 1.000000000000005e+19 1.000000000000005e+19
 1.000000000000005e+19 1.000000000000005e+19 1.000000000000005e+19 1.000000000000005e+19 1.000000000000005e+19 1.000000000000005e+19 1.000000000000005e+19 1.000000000000005e+19 1.000000000000005e+19 1.000000000000005e+19
 1.000000000000005e+19 1.000000000000005e+19 1.000000000000005e+19 1.000000000000005e+19 1.000000560000002e+19 1.000000000000005e+19 1.000000560000002e+19 1.000000000000005e+19 1.000000560000002e+19 1.000000000000005e+19
 1.000000560000002e+19 1.000000000000005e+19 1.000000000000005e+19 1.000000000000005e+19 1.000000000000005e+19 1.000000000000005e+19 1.000000000000005e+19 1.000000000000005e+19 1.000000000000005e+19 1.000000000000005e+19
 1.000000000000005e+19 1.000000000000005e+19 1.000000000000005e+19 1.000000000000005e+19 1.000000000000005e+19 1.000000000000005e+19 1.000000000000005e+19 1.000000000000005e+19 1.000000000000005e+19 1.000000000000005e+19
 1.000000000000005e+19 1.000000000000005e+19 1.000000000000005e+19 1.000000000000005e+19 1.000000000000005e+19 1.000000000000005e+19 1.000000000000005e+19 1.000000000000005e+19 1.000000000000005e+19 1.000000000000005e+19
 1.000000000000005e+19 1.000000000000005e+19 1.000000000000005e+19 1.000000000000005e+19 1.000000000000005e+19 1.000000000000005e+19 1.000000000000005e+19 1.000000000000005e+19 1.000000000000005e+19 1.000000000000005e+19
 1.000000000000005e+19 1.000000000000005e+19 1.000000000000005e+19 1.000000000000005e+19 1.000000000000005e+19 1.000000000000005e+19 1.000000000000005e+19 1.000000000000005e+19 1.000000000000005e+19 1.000000000000005e+19
 1.000000000000005e+19 1.000000000000005e+19 1.000000000000005e+19 1.000000000000005e+19 1.000000000000005e+19 1.000000000000005e+19 1.000000000000005e+19 1.000000000000005e+19 1.000000000000005e+19 1.000000000000005e+19
 1.000000000000005e+19 1.000000000000005e+19 1.000000000000005e+19 1.000000000000005e+19 1.000000000000005e+19 1.000000000000005e+19 1.000000000000005e+19 1.000000000000005e+19 1.000000000000005e+19 1.000000000000005e+19
 1.000000000000005e+19 1.000000000000005e+19 1.000000000000005e+19 1.000000000000005e+19 1.000000000000005e+19 1.000000000000005e+19 1.000000000000005e+19 1.000000000000005e+19 1.000000000000005e+19 1.000000000000005e+19
 1.000000000000005e+19 1.000000000000005e+19 1.000000000000005e+19 1.000000000000005e+19 1.000000000000005e+19 1.000000000000005e+19 1.000000000000005e+19 1.000000000000005e+19 1.000000000000005e+19 1.000000000000005e+19
 1.000000000000005e+19 1.000000000000005e+19 1.000000000000005e+19 1.000000000000005e+19 1.000000000000005e+19 1.000000000000005e+19 1.000000000000005e+19 1.000000000000005e+19 1.000000000000005e+19 1.000000000000005e+19
 1.000000000000005e+19 1.000000000000005e+19 1.000000000000005e+19 1.000000000000005e+19 1.000000000000005e+19 1.000000000000005e+19 1.000000000000005e+19 1.000000000000005e+19 1.000000000000005e+19 1.000000000000005e+19
 1.000000000000005e+19 1.000000000000005e+19 1.000000000000005e+19 1.000000000000005e+19 1.000000560000002e+19 1.000000000000005e+19 1.000000560000002e+19 1.000000000000005e+19 1.000000560000002e+19 1.000000000000005e+19
 1.000000560000002e+19 1.000000000000005e+19 1.000000000000005e+19 1.000000000000005e+19 1.000000000000005e+19 1.000000000000005e+19 1.000000000000005e+19 1.000000000000005e+19 1.000000000000005e+19 1.000000000000005e+19
 1.000000000000005e+19 1.000000000000005e+19 1.000000000000005e+19 1.000000000000005e+19 1.000000000000005e+19 1.000000000000005e+19 1.000000000000005e+19 1.000000000000005e+19 1.000000000000005e+19 1.000000000000005e+19
 1.000000000000005e+19 1.000000000000005e+19 1.000000000000005e+19 1.000000000000005e+19 1.000000000000005e+19 1.000000000000005e+19 1.000000000000005e+19 1.000000000000005e+19 1.000000000000005e+19 1.000000000000005e+19
 1.000000000000005e+19 1.000000000000005e+19 1.000000000000005e+19 1.000000000000005e+19 1.000000000000005e+19 1.000000000000005e+19 1.000000000000005e+19 1.000000000000005e+19 1.000000000000005e+19 1.000000000000005e+19
 1.000000000000005e+19 1.000000000000005e+19 1.000000000000005e+19 1.000000000000005e+19 1.000000000000005e+19 1.000000000000005e+19 1.000000000000005e+19 1.000000000000005e+19 1.000000000000005e+19 1.000000000000005e+19
 1.000000000000005e+19 1.000000000000005e+19 1.000000000000005e+19 1.000000000000005e+19 1.000000000000005e+19 1.000000000000005e+19 1.000000000000005e+19 1.000000000000005e+19 1.000000000000005e+19 1.000000000000005e+19
 1.000000000000005e+19 1.000000000000005e+19 1.000000000000005e+19 1.000000000000005e+19 1.000000000000005e+19 1.000000000000005e+19 1.000000000000005e+19 1.000000000000005e+19 1.000000000000005e+19 1.000000000000005e+19
 1.000000000000005e+19 1.000000000000005e+19 1.000000000000005e+19 1.000000000000005e+19 1.000000000000005e+19 1.000000000000005e+19 1.000000000000005e+19 1.000000000000005e+19 1.000000560000002e+19 1.000000000000005e+19
 1.000000560000002e+19 1.000000000000005e+19 1.000000560000002e+19 1.000000000000005e+19 1.000000560000002e+19 1.000000000000005e+19 1.000000000000005e+19 1.000000000000005e+19 1.000000000000005e+19 1.000000000000005e+19
 1.000000000000005e+19 1.000000000000005e+19 1.000000000000005e+19 1.000000000000005e+19 1.000000000000005e+19 1.000000000000005e+19 1.000000000000005e+19 1.000000000000005e+19 1.000000000000005e+19 1.000000000000005e+19
 1.000000000000005e+19 1.000000000000005e+19 1.000000000000005e+19 1.000000000000005e+19 1.000000000000005e+19 1.000000000000005e+19 1.000000000000005e+19 1.000000000000005e+19 1.000000000000005e+19 1.000000000000005e+19
 1.000000000000005e+19 1.000000000000005e+19 1.000000000000005e+19 1.000000000000005e+19 1.000000000000005e+19 1.000000000000005e+19 1.000000000000005e+19 1.000000000000005e+19 1.000000000000005e+19 1.000000000000005e+19
 1.000000000000005e+19 1.000000000000005e+19 1.000000000000005e+19 1.000000000000005e+19 1.000000000000005e+19 1.000000000000005e+19 1.000000000000005e+19 1.000000000000005e+19 1.000000000000005e+19 1.000000000000005e+19
 1.000000000000005e+19 1.000000000000005e+19 1.000000000000005e+19 1.000000000000005e+19 1.000000000000005e+19 1.000000000000005e+19 1.000000000000005e+19 1.000000000000005e+19 1.000000000000005e+19 1.000000000000005e+19
 1.000000000000005e+19 1.000000000000005e+19 1.000000000000005e+19 1.000000000000005e+19 1.000000000000005e+19 1.000000000000005e+19 1.000000000000005e+19 1.000000000000005e+19 1.000000000000005e+19 1.000000000000005e+19
 1.000000000000005e+19 1.000000000000005e+19 1.000000000000005e+19 1.000000000000005e+19 1.000000000000005e+19 1.000000000000005e+19 1.000000000000005e+19 1.000000000000005e+19 1.000000000000005e+19 1.000000000000005e+19
 1.000000000000005e+19 1.000000000000005e+19 1.000000000000005e+19 1.000000000000005e+19 1.000000000000005e+19 1.000000000000005e+19 1.000000000000005e+19 1.000000000000005e+19 1.000000000000005e+19 1.000000000000005e+19
 1.000000000000005e+19 1.000000000000005e+19 1.000000000000005e+19 1.000000000000005e+19 1.000000000000005e+19 1.000000000000005e+19 1.000000000000005e+19 1.000000000000005e+19 1.000000000000005e+19 1.000000000000005e+19
 1.000000000000005e+19 1.000000000000005e+19 1.000000000000005e+19 1.000000000000005e+19 1.000000000000005e+19 1.000000000000005e+19 1.000000000000005e+19 1.000000000000005e+19 1.000000000000005e+19 1.000000000000005e+19
 1.000000000000005e+19 1.000000000000005e+19 1.000000000000005e+19 1.000000000000005e+19 1.000000000000005e+19 1.000000000000005e+19 1.000000000000005e+19 1.000000000000005e+19 1.000000000000005e+19 1.000000000000005e+19
 1.000000000000005e+19 1.000000000000005e+19 1.000000000000005e+19 1.000000000000005e+19 1.000000000000005e+19 1.000000000000005e+19 1.000000000000005e+19 1.000000000000005e+19 1.000000000000005e+19 1.000000000000005e+19
 1.000000000000005e+19 1.000000000000005e+19 1.000000000000005e+19 1.000000000000005e+19 1.000000000000005e+19 1.000000000000005e+19 1.000000000000005e+19 1.000000000000005e+19 1.000000000000005e+19 1.000000000000005e+19
 1.000000000000005e+19 1.000000000000005e+19 1.000000000000005e+19 1.000000000000005e+19 1.000000000000005e+19 1.000000000000005e+19 1.000000000000005e+19 1.000000000000005e+19 1.000000000000005e+19 1.000000000000005e+19
 1.000000000000005e+19 1.000000000000005e+19 1.000000000000005e+19 1.000000000000005e+19 1.000000000000005e+19 1.000000000000005e+19 1.000000000000005e+19 1.000000000000005e+19 1.000000000000005e+19 1.000000000000005e+19
 1.000000000000005e+19 1.000000000000005e+19 1.000000000000005e+19 1.000000000000005e+19 1.000000000000005e+19 1.000000000000005e+19 1.000000000000005e+19 1.000000000000005e+19 1.000000000000005e+19 1.000000000000005e+19
 1.000000000000005e+19 1.000000000000005e+19 1.000000000000005e+19 1.000000000000005e+19 1.000000000000005e+19 1.000000000000005e+19 1.000000000000005e+19 1.000000000000005e+19 1.000000000000005e+19 1.000000000000005e+19
 1.000000000000005e+19 1.000000000000005e+19 1.000000000000005e+19 1.000000000000005e+19 1.000000000000005e+19 1.000000000000005e+19 1.000000000000005e+19 1.000000000000005e+19 1.000000000000005e+19 1.000000000000005e+19
 1.000000000000005e+19 1.000000000000005e+19 1.000000000000005e+19 1.000000000000005e+19 1.000000000000005e+19 1.000000000000005e+19 1.000000000000005e+19 1.000000000000005e+19 1.000000000000005e+19 1.000000000000005e+19
 1.000000000000005e+19 1.000000000000005e+19 1.000000000000005e+19 1.000000000000005e+19 1.000000000000005e+19 1.000000000000005e+19 1.000000000000005e+19 1.000000000000005e+19 1.000000000000005e+19 1.000000000000005e+19
 1.000000000000005e+19 1.000000000000005e+19 1.000000000000005e+19 1.000000000000005e+19 1.000000000000005e+19 1.000000000000005e+19 1.000000000000005e+19 1.000000000000005e+19 1.000000000000005e+19 1.000000000000005e+19
 1.000000000000005e+19 1.000000000000005e+19 1.000000000000005e+19 1.000000000000005e+19 1.000000000000005e+19 1.000000000000005e+19 1.000000000000005e+19 1.000000000000005e+19 1.000000000000005e+19 1.000000000000005e+19
 1.000000000000005e+19 1.000000000000005e+19 1.000000000000005e+19 1.000000000000005e+19 1.000000000000005e+19 1.000000000000005e+19 1.000000000000005e+19 1.000000000000005e+19 1.000000000000005e+19 1.000000000000005e+19
 1.000000000000005e+19 1.000000000000005e+19 1.000000000000005e+19 1.000000000000005e+19 1.000000000000005e+19 1.000000000000005e+19 1.000000000000005e+19 1.000000000000005e+19 1.000000000000005e+19 1.000000000000005e+19
 1.000000000000005e+19 1.000000000000005e+19 1.000000000000005e+19 1.000000000000005e+19 1.000000000000005e+19 1.000000000000005e+19 1.000000000000005e+19 1.000000000000005e+19 1.000000000000005e+19 1.000000000000005e+19
 1.000000000000005e+19 1.000000000000005e+19 1.000000000000005e+19 1.000000000000005e+19 1.000000000000005e+19 1.000000000000005e+19 1.000000000000005e+19 1.000000000000005e+19 1.000000000000005e+19 1.000000000000005e+19
 1.000000000000005e+19 1.000000000000005e+19 1.000000000000005e+19 1.000000000000005e+19 1.000000000000005e+19 1.000000000000005e+19 1.000000000000005e+19 1.000000000000005e+19 1.000000000000005e+19 1.000000000000005e+19
 1.000000000000005e+19 1.000000000000005e+19 1.000000000000005e+19 1.000000000000005e+19 1.000000000000005e+19 1.000000000000005e+19 1.000000000000005e+19 1.000000000000005e+19 1.000000000000005e+19 1.000000000000005e+19
 1.000000000000005e+19 1.000000000000005e+19 1.000000000000005e+19 1.000000000000005e+19 1.000000000000005e+19 1.000000000000005e+19 1.000000000000005e+19 1.000000000000005e+19 1.000000000000005e+19 1.000000000000005e+19
 1.000000000000005e+19 1.000000000000005e+19 1.000000000000005e+19 1.000000000000005e+19 1.000000000000005e+19 1.000000000000005e+19 1.000000000000005e+19 1.000000000000005e+19 1.000000000000005e+19 1.000000000000005e+19
 1.000000000000005e+19 1.000000000000005e+19 1.000000000000005e+19 1.000000000000005e+19 1.000000000000005e+19 1.000000000000005e+19 1.000000000000005e+19 1.000000000000005e+19 1.000000000000005e+19 1.000000000000005e+19
 1.000000000000005e+19 1.000000000000005e+19 1.000000000000005e+19 1.000000000000005e+19 1.000000000000005e+19 1.000000000000005e+19 1.000000000000005e+19 1.000000000000005e+19 1.000000000000005e+19 1.000000000000005e+19
 1.000000000000005e+19 1.000000000000005e+19 1.000000000000005e+19 1.000000000000005e+19 1.000000000000005e+19 1.000000000000005e+19 1.000000000000005e+19 1.000000000000005e+19 1.000000000000005e+19 1.000000000000005e+19
 1.000000000000005e+19 1.000000000000005e+19 1.000000000000005e+19 1.000000000000005e+19 1.000000000000005e+19 1.000000000000005e+19 1.000000000000005e+19 1.000000000000005e+19 1.000000000000005e+19 1.000000000000005e+19
 1.000000000000005e+19 1.000000000000005e+19 1.000000000000005e+19 1.000000000000005e+19 1.000000000000005e+19 1.000000000000005e+19 1.000000000000005e+19 1.000000000000005e+19 1.000000000000005e+19 1.000000000000005e+19
 1.000000000000005e+19 1.000000000000005e+19 1.000000000000005e+19 1.000000000000005e+19 1.000000000000005e+19 1.000000000000005e+19 1.000000000000005e+19 1.000000000000005e+19 1.000000000000005e+19 1.000000000000005e+19
 1.000000000000005e+19 1.000000000000005e+19 1.000000000000005e+19 1.000000000000005e+19 1.000000000000005e+19 1.000000000000005e+19 1.000000000000005e+19 1.000000000000005e+19 1.000000000000005e+19 1.000000000000005e+19
 1.000000000000005e+19 1.000000000000005e+19 1.000000000000005e+19 1.000000000000005e+19 1.000000000000005e+19 1.000000000000005e+19 1.000000000000005e+19 1.000000000000005e+19 1.000000000000005e+19 1.000000000000005e+19
 1.000000000000005e+19 1.000000000000005e+19 1.000000000000005e+19 1.000000000000005e+19 1.000000000000005e+19 1.000000000000005e+19 1.000000000000005e+19 1.000000000000005e+19 1.000000000000005e+19 1.000000000000005e+19
 1.000000000000005e+19 1.000000000000005e+19 1.000000000000005e+19 1.000000000000005e+19 1.000000000000005e+19 1.000000000000005e+19 1.000000000000005e+19 1.000000000000005e+19 1.000000000000005e+19 1.000000000000005e+19
 1.000000000000005e+19 1.000000000000005e+19 1.000000000000005e+19 1.000000000000005e+19 1.000000000000005e+19 1.000000000000005e+19 1.000000000000005e+19 1.000000000000005e+19 1.000000000000005e+19 1.000000000000005e+19
 1.000000000000005e+19 1.000000000000005e+19 1.000000000000005e+19 1.000000000000005e+19 1.000000000000005e+19 1.000000000000005e+19 1.000000000000005e+19 1.000000000000005e+19 1.000000000000005e+19 1.000000000000005e+19
 1.000000000000005e+19 1.000000000000005e+19 1.000000000000005e+19 1.000000000000005e+19 1.000000000000005e+19 1.000000000000005e+19 1.000000000000005e+19 1.000000000000005e+19 1.000000000000005e+19 1.000000000000005e+19
 1.000000000000005e+19 1.000000000000005e+19 1.000000000000005e+19 1.000000000000005e+19 1.000000000000005e+19 1.000000000000005e+19 1.000000000000005e+19 1.000000000000005e+19 1.000000000000005e+19 1.000000000000005e+19
 1.000000000000005e+19 1.000000000000005e+19 1.000000000000005e+19 1.000000000000005e+19 1.000000000000005e+19 1.000000000000005e+19 1.000000000000005e+19 1.000000000000005e+19 1.000000000000005e+19 1.000000000000005e+19
 1.000000000000005e+19 1.000000000000005e+19 1.000000000000005e+19 1.000000000000005e+19 1.000000000000005e+19 1.000000000000005e+19 1.000000000000005e+19 1.000000000000005e+19 1.000000000000005e+19 1.000000000000005e+19
 1.000000000000005e+19 1.000000000000005e+19 1.000000000000005e+19 1.000000000000005e+19 1.000000000000005e+19 1.000000000000005e+19 1.000000000000005e+19 1.000000000000005e+19 1.000000000000005e+19 1.000000000000005e+19
 1.000000000000005e+19 1.000000000000005e+19 1.000000000000005e+19 1.000000000000005e+19 1.000000000000005e+19 1.000000000000005e+19 1.000000000000005e+19 1.000000000000005e+19 1.000000000000005e+19 1.000000000000005e+19
 1.000000000000005e+19 1.000000000000005e+19 1.000000000000005e+19 1.000000000000005e+19 1.000000000000005e+19 1.000000000000005e+19 1.000000000000005e+19 1.000000000000005e+19 1.000000000000005e+19 1.000000000000005e+19
 1.000000000000005e+19 1.000000000000005e+19 1.000000000000005e+19 1.000000000000005e+19 1.000000000000005e+19 1.000000000000005e+19 1.000000000000005e+19 1.000000000000005e+19 1.000000000000005e+19 1.000000000000005e+19
 1.000000000000005e+19 1.000000000000005e+19 1.000000000000005e+19 1.000000000000005e+19 1.000000000000005e+19 1.000000000000005e+19 1.000000000000005e+19 1.000000000000005e+19 1.000000000000005e+19 1.000000000000005e+19
 1.000000000000005e+19 1.000000000000005e+19 1.000000000000005e+19 1.000000000000005e+19 1.000000000000005e+19 1.000000000000005e+19 1.000000000000005e+19 1.000000000000005e+19 1.000000000000005e+19 1.000000000000005e+19
 1.000000000000005e+19 1.000000000000005e+19 1.000000000000005e+19 1.000000000000005e+19 1.000000000000005e+19 1.000000000000005e+19 1.000000000000005e+19 1.000000000000005e+19 1.000000000000005e+19 1.000000000000005e+19
 1.000000000000005e+19 1.000000000000005e+19 1.000000000000005e+19 1.000000000000005e+19 1.000000000000005e+19 1.000000000000005e+19 1.000000000000005e+19 1.000000000000005e+19 1.000000000000005e+19 1.000000000000005e+19
 1.000000000000005e+19 1.000000000000005e+19 1.000000000000005e+19 1.000000000000005e+19 1.000000000000005e+19 1.000000000000005e+19 1.000000000000005e+19 1.000000000000005e+19 1.000000000000005e+19 1.000000000000005e+19
 1.000000000000005e+19 1.000000000000005e+19 1.000000000000005e+19 1.000000000000005e+19 1.000000000000005e+19 1.000000000000005e+19 1.000000000000005e+19 1.000000000000005e+19 1.000000000000005e+19 1.000000000000005e+19
 1.000000000000005e+19 1.000000000000005e+19 1.000000000000005e+19 1.000000000000005e+19 1.000000000000005e+19 1.000000000000005e+19 1.000000000000005e+19 1.000000000000005e+19 1.000000000000005e+19 1.000000000000005e+19
 1.000000000000005e+19 1.000000000000005e+19 1.000000000000005e+19 1.000000000000005e+19 1.000000000000005e+19 1.000000000000005e+19 1.000000000000005e+19 1.000000000000005e+19 1.000000000000005e+19 1.000000000000005e+19
 1.000000000000005e+19 1.000000000000005e+19 1.000000000000005e+19 1.000000000000005e+19 1.000000000000005e+19 1.000000000000005e+19 1.000000000000005e+19 1.000000000000005e+19 1.000000000000005e+19 1.000000000000005e+19
 1.000000000000005e+19 1.000000000000005e+19 1.000000000000005e+19 1.000000000000005e+19 1.000000000000005e+19 1.000000000000005e+19 1.000000000000005e+19 1.000000000000005e+19 1.000000000000005e+19 1.000000560000002e+19
 1.000000000000005e+19 1.000000560000002e+19 1.000000000000005e+19 1.000000560000002e+19 1.000000000000005e+19 1.000000560000002e+19 1.000000000000005e+19 1.000000000000005e+19 1.000000000000005e+19 1.000000000000005e+19
 1.000000000000005e+19 1.000000000000005e+19 1.000000000000005e+19 1.000000000000005e+19 1.000000000000005e+19 1.000000000000005e+19 1.000000000000005e+19 1.000000000000005e+19 1.000000000000005e+19 1.000000000000005e+19
 1.000000000000005e+19 1.000000000000005e+19 1.000000000000005e+19 1.000000000000005e+19 1.000000000000005e+19 1.000000000000005e+19 1.000000000000005e+19 1.000000000000005e+19 1.000000000000005e+19 1.000000000000005e+19
 1.000000000000005e+19 1.000000000000005e+19 1.000000000000005e+19 1.000000000000005e+19 1.000000000000005e+19 1.000000000000005e+19 1.000000000000005e+19 1.000000000000005e+19 1.000000000000005e+19 1.000000000000005e+19
 1.000000000000005e+19 1.000000000000005e+19 1.000000000000005e+19 1.000000000000005e+19 1.000000000000005e+19 1.000000000000005e+19 1.000000000000005e+19 1.000000560000002e+19 1.000000000000005e+19 1.000000560000002e+19
 1.000000000000005e+19 1.000000560000002e+19 1.000000000000005e+19 1.000000560000002e+19 1.000000000000005e+19 1.000000000000005e+19 1.000000000000005e+19 1.000000000000005e+19 1.000000000000005e+19 1.000000000000005e+19
 1.000000000000005e+19 1.000000000000005e+19 1.000000000000005e+19 1.000000000000005e+19 1.000000000000005e+19 1.000000000000005e+19 1.000000000000005e+19 1.000000000000005e+19 1.000000000000005e+19 1.000000000000005e+19
 1.000000000000005e+19 1.000000000000005e+19 1.000000000000005e+19 1.000000000000005e+19 1.000000000000005e+19 1.000000000000005e+19 1.000000000000005e+19 1.000000000000005e+19 1.000000000000005e+19 1.000000000000005e+19
 1.000000000000005e+19 1.000000000000005e+19 1.000000000000005e+19 1.000000000000005e+19 1.000000000000005e+19 1.000000000000005e+19 1.000000000000005e+19 1.000000000000005e+19 1.000000000000005e+19 1.000000000000005e+19
 1.000000000000005e+19 1.000000000000005e+19 1.000000000000005e+19 1.000000000000005e+19 1.000000000000005e+19 1.000000000000005e+19 1.000000000000005e+19 1.000000000000005e+19 1.000000000000005e+19 1.000000000000005e+19
 1.000000000000005e+19 1.000000000000005e+19 1.000000000000005e+19 1.000000000000005e+19 1.000000000000005e+19 1.000000000000005e+19 1.000000000000005e+19 1.000000000000005e+19 1.000000000000005e+19 1.000000000000005e+19
 1.000000000000005e+19 1.000000000000005e+19 1.000000000000005e+19 1.000000000000005e+19 1.000000000000005e+19 1.000000000000005e+19 1.000000000000005e+19 1.000000000000005e+19 1.000000000000005e+19 1.000000000000005e+19
 1.000000000000005e+19 1.000000000000005e+19 1.000000000000005e+19 1.000000000000005e+19 1.000000000000005e+19 1.000000000000005e+19 1.000000000000005e+19 1.000000000000005e+19 1.000000000000005e+19 1.000000000000005e+19
 1.000000000000005e+19 1.000000000000005e+19 1.000000000000005e+19 1.000000000000005e+19 1.000000000000005e+19 1.000000000000005e+19 1.000000000000005e+19 1.000000000000005e+19 1.000000000000005e+19 1.000000000000005e+19
 1.000000000000005e+19 1.000000000000005e+19 1.000000000000005e+19 1.000000000000005e+19 1.000000000000005e+19 1.000000000000005e+19 1.000000000000005e+19 1.000000000000005e+19 1.000000000000005e+19 1.000000000000005e+19
 1.000000000000005e+19 1.000000000000005e+19 1.000000000000005e+19 1.000000000000005e+19 1.000000000000005e+19 1.000000000000005e+19 1.000000000000005e+19 1.000000000000005e+19 1.000000000000005e+19 1.000000000000005e+19
 1.000000000000005e+19 1.000000000000005e+19 1.000000000000005e+19 1.000000000000005e+19 1.000000000000005e+19 1.000000000000005e+19 1.000000000000005e+19 1.000000560000002e+19 1.000000000000005e+19 1.000000560000002e+19
 1.000000000000005e+19 1.000000560000002e+19 1.000000000000005e+19 1.000000560000002e+19 1.000000000000005e+19 1.000000000000005e+19 1.000000000000005e+19 1.000000000000005e+19 1.000000000000005e+19 1.000000000000005e+19
 1.000000000000005e+19 1.000000000000005e+19 1.000000000000005e+19 1.000000000000005e+19 1.000000000000005e+19 1.000000000000005e+19 1.000000000000005e+19 1.000000000000005e+19 1.000000000000005e+19 1.000000000000005e+19
 1.000000000000005e+19 1.000000000000005e+19 1.000000000000005e+19 1.000000000000005e+19 1.000000000000005e+19 1.000000000000005e+19 1.000000000000005e+19 1.000000000000005e+19 1.000000000000005e+19 1.000000000000005e+19
 1.000000000000005e+19 1.000000000000005e+19 1.000000000000005e+19 1.000000000000005e+19 1.000000000000005e+19 1.000000000000005e+19 1.000000000000005e+19 1.000000000000005e+19 1.000000000000005e+19 1.000000000000005e+19
 1.000000000000005e+19 1.000000000000005e+19 1.000000000000005e+19 1.000000000000005e+19 1.000000000000005e+19 1.000000000000005e+19 1.000000000000005e+19 1.000000000000005e+19 1.000000000000005e+19 1.000000000000005e+19
 1.000000000000005e+19 1.000000000000005e+19 1.000000000000005e+19 1.000000000000005e+19 1.000000000000005e+19 1.000000000000005e+19 1.000000000000005e+19 1.000000000000005e+19 1.000000000000005e+19 1.000000000000005e+19
 1.000000000000005e+19 1.000000000000005e+19 1.000000000000005e+19 1.000000000000005e+19 1.000000000000005e+19 1.000000000000005e+19 1.000000000000005e+19 1.000000000000005e+19 1.000000000000005e+19 1.000000000000005e+19
 1.000000000000005e+19 1.000000000000005e+19 1.000000000000005e+19 1.000000000000005e+19 1.000000000000005e+19 1.000000000000005e+19 1.000000000000005e+19 1.000000000000005e+19 1.000000000000005e+19 1.000000000000005e+19
 1.000000000000005e+19 1.000000560000002e+19 1.000000000000005e+19 1.000000560000002e+19 1.000000000000005e+19 1.000000560000002e+19 1.000000000000005e+19 1.000000560000002e+19 1.000000000000005e+19 1.000000000000005e+19
 1.000000000000005e+19 1.000000000000005e+19 1.000000000000005e+19 1.000000000000005e+19 1.000000000000005e+19 1.000000000000005e+19 1.000000000000005e+19 1.000000000000005e+19 1.000000000000005e+19 1.000000000000005e+19
 1.000000000000005e+19 1.000000000000005e+19 1.000000000000005e+19 1.000000000000005e+19 1.000000000000005e+19 1.000000000000005e+19 1.000000000000005e+19 1.000000000000005e+19 1.000000000000005e+19 1.000000000000005e+19
 1.000000000000005e+19 1.000000000000005e+19 1.000000000000005e+19 1.000000000000005e+19 1.000000000000005e+19 1.000000000000005e+19 1.000000000000005e+19 1.000000000000005e+19 1.000000000000005e+19 1.000000000000005e+19
 1.000000000000005e+19 1.000000000000005e+19 1.000000000000005e+19 1.000000000000005e+19 1.000000000000005e+19 1.000000000000005e+19 1.000000000000005e+19 1.000000000000005e+19 1.000000000000005e+19 1.000000000000005e+19
 1.000000000000005e+19 1.000000000000005e+19 1.000000000000005e+19 1.000000000000005e+19 1.000000000000005e+19 1.000000000000005e+19 1.000000000000005e+19 1.000000000000005e+19 1.000000000000005e+19 1.000000000000005e+19
 1.000000000000005e+19 1.000000000000005e+19 1.000000000000005e+19 1.000000000000005e+19 1.000000000000005e+19 1.000000000000005e+19 1.000000000000005e+19 1.000000000000005e+19 1.000000000000005e+19 1.000000000000005e+19
 1.000000000000005e+19 1.000000000000005e+19 1.000000000000005e+19 1.000000000000005e+19 1.000000000000005e+19 1.000000000000005e+19 1.000000000000005e+19 1.000000000000005e+19 1.000000000000005e+19 1.000000000000005e+19
 1.000000000000005e+19 1.000000000000005e+19 1.000000000000005e+19 1.000000000000005e+19 1.000000000000005e+19 1.000000000000005e+19 1.000000000000005e+19 1.000000000000005e+19 1.000000000000005e+19 1.000000000000005e+19
 1.000000000000005e+19 1.000000000000005e+19 1.000000000000005e+19 1.000000000000005e+19 1.000000000000005e+19 1.000000000000005e+19 1.000000000000005e+19 1.000000000000005e+19 1.000000000000005e+19 1.000000000000005e+19
 1.000000000000005e+19 1.000000000000005e+19 1.000000000000005e+19 1.000000000000005e+19 1.000000000000005e+19 1.000000000000005e+19 1.000000000000005e+19 1.000000000000005e+19 1.000000000000005e+19 1.000000000000005e+19
 1.000000000000005e+19 1.000000000000005e+19 1.000000000000005e+19 1.000000000000005e+19 1.000000000000005e+19 1.000000000000005e+19 1.000000000000005e+19 1.000000000000005e+19 1.000000000000005e+19 1.000000000000005e+19
 1.000000000000005e+19 1.000000000000005e+19 1.000000000000005e+19 1.000000000000005e+19 1.000000000000005e+19 1.000000000000005e+19 1.000000000000005e+19 1.000000000000005e+19 1.000000000000005e+19 1.000000000000005e+19
 1.000000000000005e+19 1.000000000000005e+19 1.000000000000005e+19 1.000000000000005e+19 1.000000000000005e+19 1.000000000000005e+19 1.000000000000005e+19 1.000000000000005e+19 1.000000000000005e+19 1.000000000000005e+19
 1.000000000000005e+19 1.000000000000005e+19 1.000000000000005e+19 1.000000000000005e+19 1.000000000000005e+19 1.000000000000005e+19 1.000000000000005e+19 1.000000000000005e+19 1.000000000000005e+19 1.000000000000005e+19
 1.000000000000005e+19 1.000000000000005e+19 1.000000000000005e+19 1.000000000000005e+19 1.000000000000005e+19 1.000000000000005e+19 1.000000000000005e+19 1.000000000000005e+19 1.000000000000005e+19 1.000000000000005e+19
 1.000000000000005e+19 1.000000000000005e+19 1.000000000000005e+19 1.000000000000005e+19 1.000000000000005e+19 1.000000000000005e+19 1.000000000000005e+19 1.000000000000005e+19 1.000000000000005e+19 1.000000000000005e+19
 1.000000000000005e+19 1.000000000000005e+19 1.000000000000005e+19 1.000000000000005e+19 1.000000000000005e+19 1.000000000000005e+19 1.000000000000005e+19 1.000000000000005e+19 1.000000000000005e+19 1.000000000000005e+19
 1.000000000000005e+19 1.000000000000005e+19 1.000000000000005e+19 1.000000000000005e+19 1.000000000000005e+19 1.000000000000005e+19 1.000000000000005e+19 1.000000000000005e+19 1.000000000000005e+19 1.000000000000005e+19
 1.000000000000005e+19 1.000000000000005e+19 1.000000000000005e+19 1.000000000000005e+19 1.000000000000005e+19 1.000000000000005e+19 1.000000000000005e+19 1.000000000000005e+19 1.000000000000005e+19 1.000000000000005e+19
 1.000000000000005e+19 1.000000000000005e+19 1.000000000000005e+19 1.000000000000005e+19 1.000000000000005e+19 1.000000000000005e+19 1.000000000000005e+19 1.000000000000005e+19 1.000000000000005e+19 1.000000000000005e+19
 1.000000000000005e+19 1.000000000000005e+19 1.000000000000005e+19 1.000000000000005e+19 1.000000000000005e+19 1.000000000000005e+19 1.000000000000005e+19 1.000000000000005e+19 1.000000000000005e+19 1.000000000000005e+19
 1.000000000000005e+19 1.000000000000005e+19 1.000000000000005e+19 1.000000000000005e+19 1.000000000000005e+19 1.000000000000005e+19 1.000000000000005e+19 1.000000000000005e+19 1.000000000000005e+19 1.000000000000005e+19
 1.000000000000005e+19 1.000000000000005e+19 1.000000000000005e+19 1.000000000000005e+19 1.000000000000005e+19 1.000000000000005e+19 1.000000000000005e+19 1.000000000000005e+19 1.000000000000005e+19 1.000000000000005e+19
 1.000000000000005e+19 1.000000000000005e+19 1.000000000000005e+19 1.000000000000005e+19 1.000000000000005e+19 1.000000000000005e+19 1.000000000000005e+19 1.000000000000005e+19 1.000000000000005e+19 1.000000000000005e+19
 1.000000000000005e+19 1.000000000000005e+19 1.000000000000005e+19 1.000000000000005e+19 1.000000000000005e+19 1.000000000000005e+19 1.000000000000005e+19 1.000000000000005e+19 1.000000000000005e+19 1.000000000000005e+19
 1.000000000000005e+19 1.000000000000005e+19 1.000000000000005e+19 1.000000000000005e+19 1.000000000000005e+19 1.000000000000005e+19 1.000000000000005e+19 1.000000000000005e+19 1.000000000000005e+19 1.000000000000005e+19
 1.000000000000005e+19 1.000000000000005e+19 1.000000000000005e+19 1.000000000000005e+19 1.000000000000005e+19 1.000000000000005e+19 1.000000000000005e+19 1.000000000000005e+19 1.000000000000005e+19 1.000000000000005e+19
 1.000000000000005e+19 1.000000000000005e+19 1.000000000000005e+19 1.000000000000005e+19 1.000000000000005e+19 1.000000000000005e+19 1.000000000000005e+19 1.000000000000005e+19 1.000000000000005e+19 1.000000000000005e+19
 1.000000000000005e+19 1.000000000000005e+19 1.000000000000005e+19 1.000000000000005e+19 1.000000000000005e+19 1.000000000000005e+19 1.000000000000005e+19 1.000000000000005e+19 1.000000000000005e+19 1.000000000000005e+19
 1.000000000000005e+19 1.000000000000005e+19 1.000000000000005e+19 1.000000000000005e+19 1.000000000000005e+19 1.000000000000005e+19 1.000000000000005e+19 1.000000000000005e+19 1.000000000000005e+19 1.000000000000005e+19
 1.000000000000005e+19 1.000000000000005e+19 1.000000000000005e+19 1.000000000000005e+19 1.000000000000005e+19 1.000000000000005e+19 1.000000000000005e+19 1.000000000000005e+19 1.000000000000005e+19 1.000000000000005e+19
 1.000000000000005e+19 1.000000000000005e+19 1.000000000000005e+19 1.000000000000005e+19 1.000000000000005e+19 1.000000000000005e+19 1.000000000000005e+19 1.000000000000005e+19 1.000000000000005e+19 1.000000000000005e+19
 1.000000000000005e+19 1.000000000000005e+19 1.000000000000005e+19 1.000000000000005e+19 1.000000000000005e+19 1.000000000000005e+19 1.000000000000005e+19 1.000000000000005e+19 1.000000000000005e+19 1.000000000000005e+19
 1.000000000000005e+19 1.000000560000002e+19 1.000000000000005e+19 1.000000560000002e+19 1.000000000000005e+19 1.000000560000002e+19 1.000000000000005e+19 1.000000560000002e+19 1.000000000000005e+19 1.000000000000005e+19
 1.000000000000005e+19 1.000000000000005e+19 1.000000000000005e+19 1.000000000000005e+19 1.000000000000005e+19 1.000000000000005e+19 1.000000000000005e+19 1.000000000000005e+19 1.000000000000005e+19 1.000000000000005e+19
 1.000000000000005e+19 1.000000000000005e+19 1.000000000000005e+19 1.000000000000005e+19 1.000000000000005e+19 1.000000000000005e+19 1.000000000000005e+19 1.000000000000005e+19 1.000000000000005e+19 1.000000000000005e+19
 1.000000000000005e+19 1.000000000000005e+19 1.000000000000005e+19 1.000000000000005e+19 1.000000000000005e+19 1.000000000000005e+19 1.000000000000005e+19 1.000000000000005e+19 1.000000000000005e+19 1.000000000000005e+19
 1.000000000000005e+19 1.000000000000005e+19 1.000000000000005e+19 1.000000000000005e+19 1.000000000000005e+19 1.000000000000005e+19 1.000000000000005e+19 1.000000000000005e+19 1.000000000000005e+19 1.000000000000005e+19
 1.000000000000005e+19 1.000000000000005e+19 1.000000000000005e+19 1.000000000000005e+19 1.000000000000005e+19 1.000000000000005e+19 1.000000000000005e+19 1.000000000000005e+19 1.000000000000005e+19 1.000000000000005e+19
 1.000000000000005e+19 1.000000000000005e+19 1.000000000000005e+19 1.000000000000005e+19 1.000000000000005e+19 1.000000000000005e+19 1.000000000000005e+19 1.000000000000005e+19 1.000000000000005e+19 1.000000000000005e+19
 1.000000000000005e+19 1.000000000000005e+19 1.000000000000005e+19 1.000000000000005e+19 1.000000000000005e+19 1.000000000000005e+19 1.000000000000005e+19 1.000000000000005e+19 1.000000000000005e+19 1.000000000000005e+19
 1.000000000000005e+19 1.000000000000005e+19 1.000000000000005e+19 1.000000000000005e+19 1.000000000000005e+19 1.000000560000002e+19 1.000000000000005e+19 1.000000560000002e+19 1.000000000000005e+19 1.000000560000002e+19
 1.000000000000005e+19 1.000000560000002e+19 1.000000000000005e+19 1.000000000000005e+19 1.000000000000005e+19 1.000000000000005e+19 1.000000000000005e+19 1.000000000000005e+19 1.000000000000005e+19 1.000000000000005e+19
 1.000000000000005e+19 1.000000000000005e+19 1.000000000000005e+19 1.000000000000005e+19 1.000000000000005e+19 1.000000000000005e+19 1.000000000000005e+19 1.000000000000005e+19 1.000000000000005e+19 1.000000000000005e+19
 1.000000000000005e+19 1.000000000000005e+19 1.000000000000005e+19 1.000000000000005e+19 1.000000000000005e+19 1.000000000000005e+19 1.000000000000005e+19 1.000000000000005e+19 1.000000000000005e+19 1.000000000000005e+19
 1.000000000000005e+19 1.000000000000005e+19 1.000000000000005e+19 1.000000000000005e+19 1.000000000000005e+19 1.000000000000005e+19 1.000000000000005e+19 1.000000000000005e+19 1.000000000000005e+19 1.000000000000005e+19
 1.000000000000005e+19 1.000000000000005e+19 1.000000000000005e+19 1.000000000000005e+19 1.000000000000005e+19 1.000000000000005e+19 1.000000000000005e+19 1.000000000000005e+19 1.000000000000005e+19 1.000000000000005e+19
 1.000000000000005e+19 1.000000000000005e+19 1.000000000000005e+19 1.000000000000005e+19 1.000000000000005e+19 1.000000000000005e+19 1.000000000000005e+19 1.000000000000005e+19 1.000000000000005e+19 1.000000000000005e+19
 1.000000000000005e+19 1.000000000000005e+19 1.000000000000005e+19 1.000000000000005e+19 1.000000000000005e+19 1.000000000000005e+19 1.000000000000005e+19 1.000000000000005e+19 1.000000000000005e+19 1.000000000000005e+19
 1.000000000000005e+19 1.000000000000005e+19 1.000000000000005e+19 1.000000000000005e+19 1.000000000000005e+19 1.000000000000005e+19 1.000000000000005e+19 1.000000000000005e+19 1.000000000000005e+19 1.000000000000005e+19
 1.000000000000005e+19 1.000000000000005e+19 1.000000000000005e+19 1.000000000000005e+19 1.000000000000005e+19 1.000000000000005e+19 1.000000000000005e+19 1.000000000000005e+19 1.000000000000005e+19 1.000000000000005e+19
 1.000000000000005e+19 1.000000000000005e+19 1.000000000000005e+19 1.000000000000005e+19 1.000000000000005e+19 1.000000000000005e+19 1.000000000000005e+19 1.000000000000005e+19 1.000000000000005e+19 1.000000000000005e+19
 1.000000000000005e+19 1.000000000000005e+19 1.000000000000005e+19 1.000000000000005e+19 1.000000000000005e+19 1.000000000000005e+19 1.000000000000005e+19 1.000000000000005e+19 1.000000000000005e+19 1.000000000000005e+19
 1.000000000000005e+19 1.000000000000005e+19 1.000000000000005e+19 1.000000000000005e+19 1.000000000000005e+19 1.000000000000005e+19 1.000000000000005e+19 1.000000000000005e+19 1.000000000000005e+19 1.000000000000005e+19
 1.000000000000005e+19 1.000000000000005e+19 1.000000000000005e+19 1.000000000000005e+19 1.000000000000005e+19 1.000000000000005e+19 1.000000000000005e+19 1.000000000000005e+19 1.000000000000005e+19 1.000000000000005e+19
 1.000000000000005e+19 1.000000000000005e+19 1.000000000000005e+19 1.000000000000005e+19 1.000000000000005e+19 1.000000000000005e+19 1.000000000000005e+19 1.000000000000005e+19 1.000000000000005e+19 1.000000000000005e+19
 1.000000000000005e+19 1.000000000000005e+19 1.000000000000005e+19 1.000000000000005e+19 1.000000000000005e+19 1.000000000000005e+19 1.000000000000005e+19 1.000000000000005e+19 1.000000000000005e+19 1.000000000000005e+19
 1.000000000000005e+19 1.000000000000005e+19 1.000000000000005e+19 1.000000000000005e+19 1.000000000000005e+19 1.000000000000005e+19 1.000000000000005e+19 1.000000000000005e+19 1.000000000000005e+19 1.000000000000005e+19
 1.000000000000005e+19 1.000000000000005e+19 1.000000000000005e+19 1.000000000000005e+19 1.000000000000005e+19 1.000000000000005e+19 1.000000000000005e+19 1.000000000000005e+19 1.000000000000005e+19 1.000000000000005e+19
 1.000000000000005e+19 1.000000000000005e+19 1.000000000000005e+19 1.000000000000005e+19 1.000000000000005e+19 1.000000000000005e+19 1.000000000000005e+19 1.000000000000005e+19 1.000000000000005e+19 1.000000000000005e+19
 1.000000000000005e+19 1.000000000000005e+19 1.000000000000005e+19 1.000000000000005e+19 1.000000000000005e+19 1.000000000000005e+19 1.000000000000005e+19 1.000000000000005e+19 1.000000000000005e+19 1.000000000000005e+19
 1.000000000000005e+19 1.000000000000005e+19 1.000000000000005e+19 1.000000000000005e+19 1.000000000000005e+19 1.000000000000005e+19 1.000000000000005e+19 1.000000000000005e+19 1.000000000000005e+19 1.000000000000005e+19
 1.000000000000005e+19 1.000000000000005e+19 1.000000000000005e+19 1.000000000000005e+19 1.000000000000005e+19 1.000000000000005e+19 1.000000000000005e+19 1.000000560000002e+19 1.000000000000005e+19 1.000000560000002e+19
 1.000000000000005e+19 1.000000560000002e+19 1.000000000000005e+19 1.000000560000002e+19 1.000000000000005e+19 1.000000000000005e+19 1.000000000000005e+19 1.000000000000005e+19 1.000000000000005e+19 1.000000000000005e+19
 1.000000000000005e+19 1.000000000000005e+19 1.000000000000005e+19 1.000000000000005e+19 1.000000000000005e+19 1.000000000000005e+19 1.000000000000005e+19 1.000000000000005e+19 1.000000000000005e+19 1.000000000000005e+19
 1.000000000000005e+19 1.000000000000005e+19 1.000000000000005e+19 1.000000000000005e+19 1.000000000000005e+19 1.000000000000005e+19 1.000000000000005e+19 1.000000000000005e+19 1.000000000000005e+19 1.000000000000005e+19
 1.000000000000005e+19 1.000000000000005e+19 1.000000000000005e+19 1.000000000000005e+19 1.000000000000005e+19 1.000000000000005e+19 1.000000000000005e+19 1.000000000000005e+19 1.000000000000005e+19 1.000000000000005e+19
 1.000000000000005e+19 1.000000000000005e+19 1.000000000000005e+19 1.000000000000005e+19 1.000000000000005e+19 1.000000000000005e+19 1.000000000000005e+19 1.000000000000005e+19 1.000000000000005e+19 1.000000000000005e+19
 1.000000000000005e+19 1.000000000000005e+19 1.000000000000005e+19 1.000000000000005e+19 1.000000000000005e+19 1.000000000000005e+19 1.000000000000005e+19 1.000000000000005e+19 1.000000000000005e+19 1.000000000000005e+19
 1.000000000000005e+19 1.000000000000005e+19 1.000000000000005e+19 1.000000000000005e+19 1.000000000000005e+19 1.000000000000005e+19 1.000000000000005e+19 1.000000000000005e+19 1.000000000000005e+19 1.000000000000005e+19
 1.000000000000005e+19 1.000000000000005e+19 1.000000000000005e+19 1.000000000000005e+19 1.000000000000005e+19 1.000000000000005e+19 1.000000000000005e+19 1.000000000000005e+19 1.000000000000005e+19 1.000000000000005e+19
 1.000000000000005e+19 1.000000000000005e+19 1.000000000000005e+19 1.000000000000005e+19 1.000000000000005e+19 1.000000000000005e+19 1.000000000000005e+19 1.000000000000005e+19 1.000000000000005e+19 1.000000000000005e+19
 1.000000000000005e+19 1.000000000000005e+19 1.000000000000005e+19 1.000000000000005e+19 1.000000000000005e+19 1.000000000000005e+19 1.000000000000005e+19 1.000000000000005e+19 1.000000000000005e+19 1.000000000000005e+19
 1.000000000000005e+19 1.000000000000005e+19 1.000000000000005e+19 1.000000000000005e+19 1.000000000000005e+19 1.000000000000005e+19 1.000000000000005e+19 1.000000000000005e+19 1.000000000000005e+19 1.000000000000005e+19
 1.000000000000005e+19 1.000000000000005e+19 1.000000000000005e+19 1.000000000000005e+19 1.000000000000005e+19 1.000000000000005e+19 1.000000000000005e+19 1.000000000000005e+19 1.000000000000005e+19 1.000000000000005e+19
 1.000000000000005e+19 1.000000000000005e+19 1.000000000000005e+19 1.000000000000005e+19 1.000000000000005e+19 1.000000000000005e+19 1.000000000000005e+19 1.000000000000005e+19 1.000000000000005e+19 1.000000000000005e+19
 1.000000000000005e+19 1.000000000000005e+19 1.000000000000005e+19 1.000000000000005e+19 1.000000000000005e+19 1.000000000000005e+19 1.000000000000005e+19 1.000000000000005e+19 1.000000000000005e+19 1.000000000000005e+19
 1.000000000000005e+19 1.000000000000005e+19 1.000000000000005e+19 1.000000000000005e+19 1.000000000000005e+19 1.000000560000002e+19 1.000000000000005e+19 1.000000560000002e+19 1.000000000000005e+19 1.000000000000005e+19
 1.000000000000005e+19 1.000000000000005e+19 1.000000000000005e+19 1.000000000000005e+19 1.000000000000005e+19 1.000000000000005e+19 1.000000000000005e+19 1.000000000000005e+19 1.000000000000005e+19 1.000000000000005e+19
 1.000000000000005e+19 1.000000000000005e+19 1.000000000000005e+19 1.000000000000005e+19 1.000000000000005e+19 1.000000000000005e+19 1.000000000000005e+19 1.000000000000005e+19 1.000000000000005e+19 1.000000000000005e+19
 1.000000000000005e+19 1.000000000000005e+19 1.000000000000005e+19 1.000000000000005e+19 1.000000000000005e+19 1.000000000000005e+19 1.000000000000005e+19 1.000000000000005e+19 1.000000000000005e+19 1.000000000000005e+19
 1.000000000000005e+19 1.000000000000005e+19 1.000000000000005e+19 1.000000000000005e+19 1.000000000000005e+19 1.000000000000005e+19 1.000000000000005e+19 1.000000000000005e+19 1.000000000000005e+19 1.000000000000005e+19
 1.000000000000005e+19 1.000000000000005e+19 1.000000000000005e+19 1.000000000000005e+19 1.000000000000005e+19 1.000000000000005e+19 1.000000000000005e+19 1.000000000000005e+19 1.000000000000005e+19 1.000000000000005e+19
 1.000000000000005e+19 1.000000000000005e+19 1.000000000000005e+19 1.000000000000005e+19 1.000000000000005e+19 1.000000000000005e+19 1.000000000000005e+19 1.000000000000005e+19 1.000000000000005e+19 1.000000000000005e+19
 1.000000000000005e+19 1.000000000000005e+19 1.000000000000005e+19 1.000000000000005e+19 1.000000000000005e+19 1.000000000000005e+19 1.000000000000005e+19 1.000000000000005e+19 1.000000000000005e+19 1.000000560000002e+19
 1.000000000000005e+19 1.000000000000005e+19 1.000000000000005e+19 1.000000000000005e+19 1.000000000000005e+19 1.000000000000005e+19 1.000000000000005e+19 1.000000000000005e+19 1.000000000000005e+19 1.000000000000005e+19
 1.000000000000005e+19 1.000000000000005e+19 1.000000000000005e+19 1.000000000000005e+19 1.000000000000005e+19 1.000000000000005e+19 1.000000000000005e+19 1.000000000000005e+19 1.000000000000005e+19 1.000000000000005e+19
 1.000000000000005e+19 1.000000000000005e+19 1.000000000000005e+19 1.000000000000005e+19 1.000000000000005e+19 1.000000000000005e+19 1.000000000000005e+19 1.000000000000005e+19 1.000000000000005e+19 1.000000000000005e+19
 1.000000000000005e+19 1.000000000000005e+19 1.000000000000005e+19 1.000000000000005e+19 1.000000000000005e+19 1.000000000000005e+19 1.000000000000005e+19 1.000000000000005e+19 1.000000000000005e+19 1.000000000000005e+19
 1.000000000000005e+19 1.000000000000005e+19 1.000000000000005e+19 1.000000000000005e+19 1.000000000000005e+19 1.000000000000005e+19 1.000000000000005e+19 1.000000000000005e+19 1.000000000000005e+19 1.000000000000005e+19
 1.000000000000005e+19 1.000000000000005e+19 1.000000000000005e+19 1.000000000000005e+19 1.000000000000005e+19 1.000000000000005e+19 1.000000000000005e+19 1.000000000000005e+19 1.000000000000005e+19 1.000000000000005e+19
 1.000000000000005e+19 1.000000000000005e+19 1.000000000000005e+19 1.000000000000005e+19 1.000000000000005e+19 1.000000000000005e+19 1.000000000000005e+19 1.000000000000005e+19 1.000000000000005e+19 1.000000000000005e+19
 1.000000000000005e+19 1.000000560000002e+19 1.000000560000002e+19 1.000000000000005e+19 1.000000000000005e+19
    }
  }

  Dataset ("NitrogenActiveConcentration") {
    function  = NitrogenActiveConcentration
    type      = scalar
    dimension = 1
    location  = vertex
    validity  = [ "n_plus" ]
    Values (2405) {
 1.000000560000000e+19 1.000000000000003e+19 1.000000000000003e+19 1.000000560000000e+19 1.000000000000003e+19 1.000000560000000e+19 1.000000000000003e+19 1.000000560000000e+19 1.000000000000003e+19 1.000000000000003e+19
 1.000000000000003e+19 1.000000000000003e+19 1.000000000000003e+19 1.000000000000003e+19 1.000000000000003e+19 1.000000000000003e+19 1.000000000000003e+19 1.000000000000003e+19 1.000000000000003e+19 1.000000560000000e+19
 1.000000000000003e+19 1.000000560000000e+19 1.000000000000003e+19 1.000000560000000e+19 1.000000000000003e+19 1.000000560000000e+19 1.000000000000003e+19 1.000000000000003e+19 1.000000000000003e+19 1.000000000000003e+19
 1.000000000000003e+19 1.000000000000003e+19 1.000000000000003e+19 1.000000000000003e+19 1.000000000000003e+19 1.000000000000003e+19 1.000000000000003e+19 1.000000000000003e+19 1.000000000000003e+19 1.000000000000003e+19
 1.000000000000003e+19 1.000000000000003e+19 1.000000000000003e+19 1.000000000000003e+19 1.000000000000003e+19 1.000000000000003e+19 1.000000000000003e+19 1.000000000000003e+19 1.000000000000003e+19 1.000000000000003e+19
 1.000000000000003e+19 1.000000000000003e+19 1.000000000000003e+19 1.000000000000003e+19 1.000000000000003e+19 1.000000000000003e+19 1.000000000000003e+19 1.000000000000003e+19 1.000000000000003e+19 1.000000000000003e+19
 1.000000000000003e+19 1.000000000000003e+19 1.000000000000003e+19 1.000000000000003e+19 1.000000000000003e+19 1.000000000000003e+19 1.000000000000003e+19 1.000000000000003e+19 1.000000000000003e+19 1.000000000000003e+19
 1.000000000000003e+19 1.000000000000003e+19 1.000000000000003e+19 1.000000000000003e+19 1.000000000000003e+19 1.000000000000003e+19 1.000000000000003e+19 1.000000000000003e+19 1.000000000000003e+19 1.000000000000003e+19
 1.000000000000003e+19 1.000000000000003e+19 1.000000000000003e+19 1.000000000000003e+19 1.000000000000003e+19 1.000000000000003e+19 1.000000000000003e+19 1.000000000000003e+19 1.000000000000003e+19 1.000000000000003e+19
 1.000000000000003e+19 1.000000000000003e+19 1.000000000000003e+19 1.000000000000003e+19 1.000000000000003e+19 1.000000000000003e+19 1.000000000000003e+19 1.000000000000003e+19 1.000000000000003e+19 1.000000000000003e+19
 1.000000000000003e+19 1.000000000000003e+19 1.000000000000003e+19 1.000000000000003e+19 1.000000000000003e+19 1.000000000000003e+19 1.000000000000003e+19 1.000000560000000e+19 1.000000000000003e+19 1.000000560000000e+19
 1.000000000000003e+19 1.000000560000000e+19 1.000000000000003e+19 1.000000560000000e+19 1.000000000000003e+19 1.000000000000003e+19 1.000000000000003e+19 1.000000000000003e+19 1.000000000000003e+19 1.000000000000003e+19
 1.000000000000003e+19 1.000000000000003e+19 1.000000000000003e+19 1.000000000000003e+19 1.000000000000003e+19 1.000000000000003e+19 1.000000000000003e+19 1.000000000000003e+19 1.000000000000003e+19 1.000000000000003e+19
 1.000000000000003e+19 1.000000000000003e+19 1.000000000000003e+19 1.000000000000003e+19 1.000000000000003e+19 1.000000000000003e+19 1.000000000000003e+19 1.000000000000003e+19 1.000000000000003e+19 1.000000000000003e+19
 1.000000000000003e+19 1.000000000000003e+19 1.000000000000003e+19 1.000000000000003e+19 1.000000000000003e+19 1.000000000000003e+19 1.000000000000003e+19 1.000000000000003e+19 1.000000000000003e+19 1.000000000000003e+19
 1.000000000000003e+19 1.000000000000003e+19 1.000000000000003e+19 1.000000000000003e+19 1.000000000000003e+19 1.000000560000000e+19 1.000000000000003e+19 1.000000560000000e+19 1.000000000000003e+19 1.000000560000000e+19
 1.000000000000003e+19 1.000000560000000e+19 1.000000000000003e+19 1.000000000000003e+19 1.000000000000003e+19 1.000000000000003e+19 1.000000000000003e+19 1.000000000000003e+19 1.000000000000003e+19 1.000000000000003e+19
 1.000000000000003e+19 1.000000000000003e+19 1.000000000000003e+19 1.000000000000003e+19 1.000000000000003e+19 1.000000000000003e+19 1.000000000000003e+19 1.000000000000003e+19 1.000000000000003e+19 1.000000000000003e+19
 1.000000000000003e+19 1.000000000000003e+19 1.000000000000003e+19 1.000000000000003e+19 1.000000000000003e+19 1.000000000000003e+19 1.000000000000003e+19 1.000000000000003e+19 1.000000000000003e+19 1.000000000000003e+19
 1.000000000000003e+19 1.000000000000003e+19 1.000000000000003e+19 1.000000000000003e+19 1.000000000000003e+19 1.000000000000003e+19 1.000000000000003e+19 1.000000000000003e+19 1.000000000000003e+19 1.000000000000003e+19
 1.000000000000003e+19 1.000000000000003e+19 1.000000000000003e+19 1.000000000000003e+19 1.000000000000003e+19 1.000000000000003e+19 1.000000000000003e+19 1.000000000000003e+19 1.000000000000003e+19 1.000000000000003e+19
 1.000000000000003e+19 1.000000000000003e+19 1.000000000000003e+19 1.000000000000003e+19 1.000000000000003e+19 1.000000000000003e+19 1.000000000000003e+19 1.000000000000003e+19 1.000000000000003e+19 1.000000000000003e+19
 1.000000000000003e+19 1.000000000000003e+19 1.000000000000003e+19 1.000000000000003e+19 1.000000000000003e+19 1.000000000000003e+19 1.000000000000003e+19 1.000000000000003e+19 1.000000000000003e+19 1.000000000000003e+19
 1.000000000000003e+19 1.000000000000003e+19 1.000000000000003e+19 1.000000000000003e+19 1.000000000000003e+19 1.000000000000003e+19 1.000000000000003e+19 1.000000000000003e+19 1.000000000000003e+19 1.000000000000003e+19
 1.000000000000003e+19 1.000000000000003e+19 1.000000000000003e+19 1.000000000000003e+19 1.000000000000003e+19 1.000000000000003e+19 1.000000000000003e+19 1.000000000000003e+19 1.000000000000003e+19 1.000000000000003e+19
 1.000000000000003e+19 1.000000000000003e+19 1.000000000000003e+19 1.000000000000003e+19 1.000000000000003e+19 1.000000000000003e+19 1.000000000000003e+19 1.000000000000003e+19 1.000000000000003e+19 1.000000000000003e+19
 1.000000000000003e+19 1.000000000000003e+19 1.000000000000003e+19 1.000000000000003e+19 1.000000000000003e+19 1.000000000000003e+19 1.000000000000003e+19 1.000000000000003e+19 1.000000000000003e+19 1.000000000000003e+19
 1.000000000000003e+19 1.000000000000003e+19 1.000000000000003e+19 1.000000000000003e+19 1.000000000000003e+19 1.000000000000003e+19 1.000000000000003e+19 1.000000000000003e+19 1.000000000000003e+19 1.000000000000003e+19
 1.000000000000003e+19 1.000000000000003e+19 1.000000000000003e+19 1.000000000000003e+19 1.000000000000003e+19 1.000000000000003e+19 1.000000000000003e+19 1.000000000000003e+19 1.000000000000003e+19 1.000000000000003e+19
 1.000000000000003e+19 1.000000000000003e+19 1.000000000000003e+19 1.000000000000003e+19 1.000000000000003e+19 1.000000000000003e+19 1.000000000000003e+19 1.000000000000003e+19 1.000000000000003e+19 1.000000000000003e+19
 1.000000000000003e+19 1.000000000000003e+19 1.000000000000003e+19 1.000000000000003e+19 1.000000000000003e+19 1.000000000000003e+19 1.000000000000003e+19 1.000000000000003e+19 1.000000000000003e+19 1.000000000000003e+19
 1.000000000000003e+19 1.000000000000003e+19 1.000000000000003e+19 1.000000000000003e+19 1.000000000000003e+19 1.000000000000003e+19 1.000000000000003e+19 1.000000000000003e+19 1.000000000000003e+19 1.000000000000003e+19
 1.000000000000003e+19 1.000000000000003e+19 1.000000000000003e+19 1.000000000000003e+19 1.000000000000003e+19 1.000000000000003e+19 1.000000000000003e+19 1.000000000000003e+19 1.000000000000003e+19 1.000000000000003e+19
 1.000000000000003e+19 1.000000000000003e+19 1.000000000000003e+19 1.000000000000003e+19 1.000000000000003e+19 1.000000000000003e+19 1.000000000000003e+19 1.000000000000003e+19 1.000000000000003e+19 1.000000000000003e+19
 1.000000000000003e+19 1.000000000000003e+19 1.000000000000003e+19 1.000000000000003e+19 1.000000000000003e+19 1.000000000000003e+19 1.000000000000003e+19 1.000000000000003e+19 1.000000000000003e+19 1.000000000000003e+19
 1.000000000000003e+19 1.000000000000003e+19 1.000000000000003e+19 1.000000000000003e+19 1.000000000000003e+19 1.000000000000003e+19 1.000000560000000e+19 1.000000000000003e+19 1.000000560000000e+19 1.000000000000003e+19
 1.000000560000000e+19 1.000000000000003e+19 1.000000560000000e+19 1.000000000000003e+19 1.000000000000003e+19 1.000000000000003e+19 1.000000000000003e+19 1.000000000000003e+19 1.000000000000003e+19 1.000000000000003e+19
 1.000000000000003e+19 1.000000000000003e+19 1.000000000000003e+19 1.000000000000003e+19 1.000000000000003e+19 1.000000000000003e+19 1.000000000000003e+19 1.000000000000003e+19 1.000000000000003e+19 1.000000000000003e+19
 1.000000000000003e+19 1.000000000000003e+19 1.000000000000003e+19 1.000000000000003e+19 1.000000000000003e+19 1.000000000000003e+19 1.000000000000003e+19 1.000000000000003e+19 1.000000000000003e+19 1.000000000000003e+19
 1.000000000000003e+19 1.000000000000003e+19 1.000000000000003e+19 1.000000000000003e+19 1.000000000000003e+19 1.000000000000003e+19 1.000000000000003e+19 1.000000000000003e+19 1.000000000000003e+19 1.000000000000003e+19
 1.000000000000003e+19 1.000000000000003e+19 1.000000000000003e+19 1.000000000000003e+19 1.000000560000000e+19 1.000000000000003e+19 1.000000560000000e+19 1.000000000000003e+19 1.000000560000000e+19 1.000000000000003e+19
 1.000000560000000e+19 1.000000000000003e+19 1.000000000000003e+19 1.000000000000003e+19 1.000000000000003e+19 1.000000000000003e+19 1.000000000000003e+19 1.000000000000003e+19 1.000000000000003e+19 1.000000000000003e+19
 1.000000000000003e+19 1.000000000000003e+19 1.000000000000003e+19 1.000000000000003e+19 1.000000000000003e+19 1.000000000000003e+19 1.000000000000003e+19 1.000000000000003e+19 1.000000000000003e+19 1.000000000000003e+19
 1.000000000000003e+19 1.000000000000003e+19 1.000000000000003e+19 1.000000000000003e+19 1.000000000000003e+19 1.000000000000003e+19 1.000000000000003e+19 1.000000000000003e+19 1.000000000000003e+19 1.000000000000003e+19
 1.000000000000003e+19 1.000000000000003e+19 1.000000000000003e+19 1.000000000000003e+19 1.000000000000003e+19 1.000000000000003e+19 1.000000000000003e+19 1.000000000000003e+19 1.000000000000003e+19 1.000000000000003e+19
 1.000000000000003e+19 1.000000000000003e+19 1.000000000000003e+19 1.000000000000003e+19 1.000000000000003e+19 1.000000000000003e+19 1.000000000000003e+19 1.000000000000003e+19 1.000000000000003e+19 1.000000000000003e+19
 1.000000000000003e+19 1.000000000000003e+19 1.000000000000003e+19 1.000000000000003e+19 1.000000000000003e+19 1.000000000000003e+19 1.000000000000003e+19 1.000000000000003e+19 1.000000000000003e+19 1.000000000000003e+19
 1.000000000000003e+19 1.000000000000003e+19 1.000000000000003e+19 1.000000000000003e+19 1.000000000000003e+19 1.000000000000003e+19 1.000000000000003e+19 1.000000000000003e+19 1.000000000000003e+19 1.000000000000003e+19
 1.000000000000003e+19 1.000000000000003e+19 1.000000000000003e+19 1.000000000000003e+19 1.000000000000003e+19 1.000000000000003e+19 1.000000000000003e+19 1.000000000000003e+19 1.000000000000003e+19 1.000000000000003e+19
 1.000000000000003e+19 1.000000000000003e+19 1.000000000000003e+19 1.000000000000003e+19 1.000000000000003e+19 1.000000000000003e+19 1.000000000000003e+19 1.000000000000003e+19 1.000000000000003e+19 1.000000000000003e+19
 1.000000000000003e+19 1.000000000000003e+19 1.000000000000003e+19 1.000000000000003e+19 1.000000000000003e+19 1.000000000000003e+19 1.000000000000003e+19 1.000000000000003e+19 1.000000000000003e+19 1.000000000000003e+19
 1.000000000000003e+19 1.000000000000003e+19 1.000000000000003e+19 1.000000000000003e+19 1.000000000000003e+19 1.000000000000003e+19 1.000000000000003e+19 1.000000000000003e+19 1.000000000000003e+19 1.000000000000003e+19
 1.000000000000003e+19 1.000000000000003e+19 1.000000000000003e+19 1.000000000000003e+19 1.000000560000000e+19 1.000000000000003e+19 1.000000560000000e+19 1.000000000000003e+19 1.000000560000000e+19 1.000000000000003e+19
 1.000000560000000e+19 1.000000000000003e+19 1.000000000000003e+19 1.000000000000003e+19 1.000000000000003e+19 1.000000000000003e+19 1.000000000000003e+19 1.000000000000003e+19 1.000000000000003e+19 1.000000000000003e+19
 1.000000000000003e+19 1.000000000000003e+19 1.000000000000003e+19 1.000000000000003e+19 1.000000000000003e+19 1.000000000000003e+19 1.000000000000003e+19 1.000000000000003e+19 1.000000000000003e+19 1.000000000000003e+19
 1.000000000000003e+19 1.000000000000003e+19 1.000000000000003e+19 1.000000000000003e+19 1.000000000000003e+19 1.000000000000003e+19 1.000000000000003e+19 1.000000000000003e+19 1.000000000000003e+19 1.000000000000003e+19
 1.000000000000003e+19 1.000000000000003e+19 1.000000000000003e+19 1.000000000000003e+19 1.000000000000003e+19 1.000000000000003e+19 1.000000000000003e+19 1.000000000000003e+19 1.000000000000003e+19 1.000000000000003e+19
 1.000000000000003e+19 1.000000000000003e+19 1.000000000000003e+19 1.000000000000003e+19 1.000000000000003e+19 1.000000000000003e+19 1.000000000000003e+19 1.000000000000003e+19 1.000000000000003e+19 1.000000000000003e+19
 1.000000000000003e+19 1.000000000000003e+19 1.000000000000003e+19 1.000000000000003e+19 1.000000000000003e+19 1.000000000000003e+19 1.000000000000003e+19 1.000000000000003e+19 1.000000000000003e+19 1.000000000000003e+19
 1.000000000000003e+19 1.000000000000003e+19 1.000000000000003e+19 1.000000000000003e+19 1.000000000000003e+19 1.000000000000003e+19 1.000000000000003e+19 1.000000000000003e+19 1.000000000000003e+19 1.000000000000003e+19
 1.000000000000003e+19 1.000000000000003e+19 1.000000000000003e+19 1.000000000000003e+19 1.000000000000003e+19 1.000000000000003e+19 1.000000000000003e+19 1.000000000000003e+19 1.000000560000000e+19 1.000000000000003e+19
 1.000000560000000e+19 1.000000000000003e+19 1.000000560000000e+19 1.000000000000003e+19 1.000000560000000e+19 1.000000000000003e+19 1.000000000000003e+19 1.000000000000003e+19 1.000000000000003e+19 1.000000000000003e+19
 1.000000000000003e+19 1.000000000000003e+19 1.000000000000003e+19 1.000000000000003e+19 1.000000000000003e+19 1.000000000000003e+19 1.000000000000003e+19 1.000000000000003e+19 1.000000000000003e+19 1.000000000000003e+19
 1.000000000000003e+19 1.000000000000003e+19 1.000000000000003e+19 1.000000000000003e+19 1.000000000000003e+19 1.000000000000003e+19 1.000000000000003e+19 1.000000000000003e+19 1.000000000000003e+19 1.000000000000003e+19
 1.000000000000003e+19 1.000000000000003e+19 1.000000000000003e+19 1.000000000000003e+19 1.000000000000003e+19 1.000000000000003e+19 1.000000000000003e+19 1.000000000000003e+19 1.000000000000003e+19 1.000000000000003e+19
 1.000000000000003e+19 1.000000000000003e+19 1.000000000000003e+19 1.000000000000003e+19 1.000000000000003e+19 1.000000000000003e+19 1.000000000000003e+19 1.000000000000003e+19 1.000000000000003e+19 1.000000000000003e+19
 1.000000000000003e+19 1.000000000000003e+19 1.000000000000003e+19 1.000000000000003e+19 1.000000000000003e+19 1.000000000000003e+19 1.000000000000003e+19 1.000000000000003e+19 1.000000000000003e+19 1.000000000000003e+19
 1.000000000000003e+19 1.000000000000003e+19 1.000000000000003e+19 1.000000000000003e+19 1.000000000000003e+19 1.000000000000003e+19 1.000000000000003e+19 1.000000000000003e+19 1.000000000000003e+19 1.000000000000003e+19
 1.000000000000003e+19 1.000000000000003e+19 1.000000000000003e+19 1.000000000000003e+19 1.000000000000003e+19 1.000000000000003e+19 1.000000000000003e+19 1.000000000000003e+19 1.000000000000003e+19 1.000000000000003e+19
 1.000000000000003e+19 1.000000000000003e+19 1.000000000000003e+19 1.000000000000003e+19 1.000000000000003e+19 1.000000000000003e+19 1.000000000000003e+19 1.000000000000003e+19 1.000000000000003e+19 1.000000000000003e+19
 1.000000000000003e+19 1.000000000000003e+19 1.000000000000003e+19 1.000000000000003e+19 1.000000000000003e+19 1.000000000000003e+19 1.000000000000003e+19 1.000000000000003e+19 1.000000000000003e+19 1.000000000000003e+19
 1.000000000000003e+19 1.000000000000003e+19 1.000000000000003e+19 1.000000000000003e+19 1.000000000000003e+19 1.000000000000003e+19 1.000000000000003e+19 1.000000000000003e+19 1.000000000000003e+19 1.000000000000003e+19
 1.000000000000003e+19 1.000000000000003e+19 1.000000000000003e+19 1.000000000000003e+19 1.000000000000003e+19 1.000000000000003e+19 1.000000000000003e+19 1.000000000000003e+19 1.000000000000003e+19 1.000000000000003e+19
 1.000000000000003e+19 1.000000000000003e+19 1.000000000000003e+19 1.000000000000003e+19 1.000000000000003e+19 1.000000000000003e+19 1.000000000000003e+19 1.000000000000003e+19 1.000000000000003e+19 1.000000000000003e+19
 1.000000000000003e+19 1.000000000000003e+19 1.000000000000003e+19 1.000000000000003e+19 1.000000000000003e+19 1.000000000000003e+19 1.000000000000003e+19 1.000000000000003e+19 1.000000000000003e+19 1.000000000000003e+19
 1.000000000000003e+19 1.000000000000003e+19 1.000000000000003e+19 1.000000000000003e+19 1.000000000000003e+19 1.000000000000003e+19 1.000000000000003e+19 1.000000000000003e+19 1.000000000000003e+19 1.000000000000003e+19
 1.000000000000003e+19 1.000000000000003e+19 1.000000000000003e+19 1.000000000000003e+19 1.000000000000003e+19 1.000000000000003e+19 1.000000000000003e+19 1.000000000000003e+19 1.000000000000003e+19 1.000000000000003e+19
 1.000000000000003e+19 1.000000000000003e+19 1.000000000000003e+19 1.000000000000003e+19 1.000000000000003e+19 1.000000000000003e+19 1.000000000000003e+19 1.000000000000003e+19 1.000000000000003e+19 1.000000000000003e+19
 1.000000000000003e+19 1.000000000000003e+19 1.000000000000003e+19 1.000000000000003e+19 1.000000000000003e+19 1.000000000000003e+19 1.000000000000003e+19 1.000000000000003e+19 1.000000000000003e+19 1.000000000000003e+19
 1.000000000000003e+19 1.000000000000003e+19 1.000000000000003e+19 1.000000000000003e+19 1.000000000000003e+19 1.000000000000003e+19 1.000000000000003e+19 1.000000000000003e+19 1.000000000000003e+19 1.000000000000003e+19
 1.000000000000003e+19 1.000000000000003e+19 1.000000000000003e+19 1.000000000000003e+19 1.000000000000003e+19 1.000000000000003e+19 1.000000000000003e+19 1.000000000000003e+19 1.000000000000003e+19 1.000000000000003e+19
 1.000000000000003e+19 1.000000000000003e+19 1.000000000000003e+19 1.000000000000003e+19 1.000000000000003e+19 1.000000000000003e+19 1.000000000000003e+19 1.000000000000003e+19 1.000000000000003e+19 1.000000000000003e+19
 1.000000000000003e+19 1.000000000000003e+19 1.000000000000003e+19 1.000000000000003e+19 1.000000000000003e+19 1.000000000000003e+19 1.000000000000003e+19 1.000000000000003e+19 1.000000000000003e+19 1.000000000000003e+19
 1.000000000000003e+19 1.000000000000003e+19 1.000000000000003e+19 1.000000000000003e+19 1.000000000000003e+19 1.000000000000003e+19 1.000000000000003e+19 1.000000000000003e+19 1.000000000000003e+19 1.000000000000003e+19
 1.000000000000003e+19 1.000000000000003e+19 1.000000000000003e+19 1.000000000000003e+19 1.000000000000003e+19 1.000000000000003e+19 1.000000000000003e+19 1.000000000000003e+19 1.000000000000003e+19 1.000000000000003e+19
 1.000000000000003e+19 1.000000000000003e+19 1.000000000000003e+19 1.000000000000003e+19 1.000000000000003e+19 1.000000000000003e+19 1.000000000000003e+19 1.000000000000003e+19 1.000000000000003e+19 1.000000000000003e+19
 1.000000000000003e+19 1.000000000000003e+19 1.000000000000003e+19 1.000000000000003e+19 1.000000000000003e+19 1.000000000000003e+19 1.000000000000003e+19 1.000000000000003e+19 1.000000000000003e+19 1.000000000000003e+19
 1.000000000000003e+19 1.000000000000003e+19 1.000000000000003e+19 1.000000000000003e+19 1.000000000000003e+19 1.000000000000003e+19 1.000000000000003e+19 1.000000000000003e+19 1.000000000000003e+19 1.000000000000003e+19
 1.000000000000003e+19 1.000000000000003e+19 1.000000000000003e+19 1.000000000000003e+19 1.000000000000003e+19 1.000000000000003e+19 1.000000000000003e+19 1.000000000000003e+19 1.000000000000003e+19 1.000000000000003e+19
 1.000000000000003e+19 1.000000000000003e+19 1.000000000000003e+19 1.000000000000003e+19 1.000000000000003e+19 1.000000000000003e+19 1.000000000000003e+19 1.000000000000003e+19 1.000000000000003e+19 1.000000000000003e+19
 1.000000000000003e+19 1.000000000000003e+19 1.000000000000003e+19 1.000000000000003e+19 1.000000000000003e+19 1.000000000000003e+19 1.000000000000003e+19 1.000000000000003e+19 1.000000000000003e+19 1.000000000000003e+19
 1.000000000000003e+19 1.000000000000003e+19 1.000000000000003e+19 1.000000000000003e+19 1.000000000000003e+19 1.000000000000003e+19 1.000000000000003e+19 1.000000000000003e+19 1.000000000000003e+19 1.000000000000003e+19
 1.000000000000003e+19 1.000000000000003e+19 1.000000000000003e+19 1.000000000000003e+19 1.000000000000003e+19 1.000000000000003e+19 1.000000000000003e+19 1.000000000000003e+19 1.000000000000003e+19 1.000000000000003e+19
 1.000000000000003e+19 1.000000000000003e+19 1.000000000000003e+19 1.000000000000003e+19 1.000000000000003e+19 1.000000000000003e+19 1.000000000000003e+19 1.000000000000003e+19 1.000000000000003e+19 1.000000000000003e+19
 1.000000000000003e+19 1.000000000000003e+19 1.000000000000003e+19 1.000000000000003e+19 1.000000000000003e+19 1.000000000000003e+19 1.000000000000003e+19 1.000000000000003e+19 1.000000000000003e+19 1.000000000000003e+19
 1.000000000000003e+19 1.000000000000003e+19 1.000000000000003e+19 1.000000000000003e+19 1.000000000000003e+19 1.000000000000003e+19 1.000000000000003e+19 1.000000000000003e+19 1.000000000000003e+19 1.000000000000003e+19
 1.000000000000003e+19 1.000000000000003e+19 1.000000000000003e+19 1.000000000000003e+19 1.000000000000003e+19 1.000000000000003e+19 1.000000000000003e+19 1.000000000000003e+19 1.000000000000003e+19 1.000000000000003e+19
 1.000000000000003e+19 1.000000000000003e+19 1.000000000000003e+19 1.000000000000003e+19 1.000000000000003e+19 1.000000000000003e+19 1.000000000000003e+19 1.000000000000003e+19 1.000000000000003e+19 1.000000000000003e+19
 1.000000000000003e+19 1.000000000000003e+19 1.000000000000003e+19 1.000000000000003e+19 1.000000000000003e+19 1.000000000000003e+19 1.000000000000003e+19 1.000000000000003e+19 1.000000000000003e+19 1.000000000000003e+19
 1.000000000000003e+19 1.000000000000003e+19 1.000000000000003e+19 1.000000000000003e+19 1.000000000000003e+19 1.000000000000003e+19 1.000000000000003e+19 1.000000000000003e+19 1.000000000000003e+19 1.000000000000003e+19
 1.000000000000003e+19 1.000000000000003e+19 1.000000000000003e+19 1.000000000000003e+19 1.000000000000003e+19 1.000000000000003e+19 1.000000000000003e+19 1.000000000000003e+19 1.000000000000003e+19 1.000000000000003e+19
 1.000000000000003e+19 1.000000000000003e+19 1.000000000000003e+19 1.000000000000003e+19 1.000000000000003e+19 1.000000000000003e+19 1.000000000000003e+19 1.000000000000003e+19 1.000000000000003e+19 1.000000000000003e+19
 1.000000000000003e+19 1.000000000000003e+19 1.000000000000003e+19 1.000000000000003e+19 1.000000000000003e+19 1.000000000000003e+19 1.000000000000003e+19 1.000000000000003e+19 1.000000000000003e+19 1.000000000000003e+19
 1.000000000000003e+19 1.000000000000003e+19 1.000000000000003e+19 1.000000000000003e+19 1.000000000000003e+19 1.000000000000003e+19 1.000000000000003e+19 1.000000000000003e+19 1.000000000000003e+19 1.000000000000003e+19
 1.000000000000003e+19 1.000000000000003e+19 1.000000000000003e+19 1.000000000000003e+19 1.000000000000003e+19 1.000000000000003e+19 1.000000000000003e+19 1.000000000000003e+19 1.000000000000003e+19 1.000000000000003e+19
 1.000000000000003e+19 1.000000000000003e+19 1.000000000000003e+19 1.000000000000003e+19 1.000000000000003e+19 1.000000000000003e+19 1.000000000000003e+19 1.000000000000003e+19 1.000000000000003e+19 1.000000000000003e+19
 1.000000000000003e+19 1.000000000000003e+19 1.000000000000003e+19 1.000000000000003e+19 1.000000000000003e+19 1.000000000000003e+19 1.000000000000003e+19 1.000000000000003e+19 1.000000000000003e+19 1.000000000000003e+19
 1.000000000000003e+19 1.000000000000003e+19 1.000000000000003e+19 1.000000000000003e+19 1.000000000000003e+19 1.000000000000003e+19 1.000000000000003e+19 1.000000000000003e+19 1.000000000000003e+19 1.000000000000003e+19
 1.000000000000003e+19 1.000000000000003e+19 1.000000000000003e+19 1.000000000000003e+19 1.000000000000003e+19 1.000000000000003e+19 1.000000000000003e+19 1.000000000000003e+19 1.000000000000003e+19 1.000000000000003e+19
 1.000000000000003e+19 1.000000000000003e+19 1.000000000000003e+19 1.000000000000003e+19 1.000000000000003e+19 1.000000000000003e+19 1.000000000000003e+19 1.000000000000003e+19 1.000000000000003e+19 1.000000000000003e+19
 1.000000000000003e+19 1.000000000000003e+19 1.000000000000003e+19 1.000000000000003e+19 1.000000000000003e+19 1.000000000000003e+19 1.000000000000003e+19 1.000000000000003e+19 1.000000000000003e+19 1.000000000000003e+19
 1.000000000000003e+19 1.000000000000003e+19 1.000000000000003e+19 1.000000000000003e+19 1.000000000000003e+19 1.000000000000003e+19 1.000000000000003e+19 1.000000000000003e+19 1.000000000000003e+19 1.000000000000003e+19
 1.000000000000003e+19 1.000000000000003e+19 1.000000000000003e+19 1.000000000000003e+19 1.000000000000003e+19 1.000000000000003e+19 1.000000000000003e+19 1.000000000000003e+19 1.000000000000003e+19 1.000000000000003e+19
 1.000000000000003e+19 1.000000000000003e+19 1.000000000000003e+19 1.000000000000003e+19 1.000000000000003e+19 1.000000000000003e+19 1.000000000000003e+19 1.000000000000003e+19 1.000000000000003e+19 1.000000000000003e+19
 1.000000000000003e+19 1.000000000000003e+19 1.000000000000003e+19 1.000000000000003e+19 1.000000000000003e+19 1.000000000000003e+19 1.000000000000003e+19 1.000000000000003e+19 1.000000000000003e+19 1.000000000000003e+19
 1.000000000000003e+19 1.000000000000003e+19 1.000000000000003e+19 1.000000000000003e+19 1.000000000000003e+19 1.000000000000003e+19 1.000000000000003e+19 1.000000000000003e+19 1.000000000000003e+19 1.000000000000003e+19
 1.000000000000003e+19 1.000000000000003e+19 1.000000000000003e+19 1.000000000000003e+19 1.000000000000003e+19 1.000000000000003e+19 1.000000000000003e+19 1.000000000000003e+19 1.000000000000003e+19 1.000000000000003e+19
 1.000000000000003e+19 1.000000000000003e+19 1.000000000000003e+19 1.000000000000003e+19 1.000000000000003e+19 1.000000000000003e+19 1.000000000000003e+19 1.000000000000003e+19 1.000000000000003e+19 1.000000000000003e+19
 1.000000000000003e+19 1.000000000000003e+19 1.000000000000003e+19 1.000000000000003e+19 1.000000000000003e+19 1.000000000000003e+19 1.000000000000003e+19 1.000000000000003e+19 1.000000000000003e+19 1.000000000000003e+19
 1.000000000000003e+19 1.000000000000003e+19 1.000000000000003e+19 1.000000000000003e+19 1.000000000000003e+19 1.000000000000003e+19 1.000000000000003e+19 1.000000000000003e+19 1.000000000000003e+19 1.000000000000003e+19
 1.000000000000003e+19 1.000000000000003e+19 1.000000000000003e+19 1.000000000000003e+19 1.000000000000003e+19 1.000000000000003e+19 1.000000000000003e+19 1.000000000000003e+19 1.000000000000003e+19 1.000000000000003e+19
 1.000000000000003e+19 1.000000000000003e+19 1.000000000000003e+19 1.000000000000003e+19 1.000000000000003e+19 1.000000000000003e+19 1.000000000000003e+19 1.000000000000003e+19 1.000000000000003e+19 1.000000560000000e+19
 1.000000000000003e+19 1.000000560000000e+19 1.000000000000003e+19 1.000000560000000e+19 1.000000000000003e+19 1.000000560000000e+19 1.000000000000003e+19 1.000000000000003e+19 1.000000000000003e+19 1.000000000000003e+19
 1.000000000000003e+19 1.000000000000003e+19 1.000000000000003e+19 1.000000000000003e+19 1.000000000000003e+19 1.000000000000003e+19 1.000000000000003e+19 1.000000000000003e+19 1.000000000000003e+19 1.000000000000003e+19
 1.000000000000003e+19 1.000000000000003e+19 1.000000000000003e+19 1.000000000000003e+19 1.000000000000003e+19 1.000000000000003e+19 1.000000000000003e+19 1.000000000000003e+19 1.000000000000003e+19 1.000000000000003e+19
 1.000000000000003e+19 1.000000000000003e+19 1.000000000000003e+19 1.000000000000003e+19 1.000000000000003e+19 1.000000000000003e+19 1.000000000000003e+19 1.000000000000003e+19 1.000000000000003e+19 1.000000000000003e+19
 1.000000000000003e+19 1.000000000000003e+19 1.000000000000003e+19 1.000000000000003e+19 1.000000000000003e+19 1.000000000000003e+19 1.000000000000003e+19 1.000000560000000e+19 1.000000000000003e+19 1.000000560000000e+19
 1.000000000000003e+19 1.000000560000000e+19 1.000000000000003e+19 1.000000560000000e+19 1.000000000000003e+19 1.000000000000003e+19 1.000000000000003e+19 1.000000000000003e+19 1.000000000000003e+19 1.000000000000003e+19
 1.000000000000003e+19 1.000000000000003e+19 1.000000000000003e+19 1.000000000000003e+19 1.000000000000003e+19 1.000000000000003e+19 1.000000000000003e+19 1.000000000000003e+19 1.000000000000003e+19 1.000000000000003e+19
 1.000000000000003e+19 1.000000000000003e+19 1.000000000000003e+19 1.000000000000003e+19 1.000000000000003e+19 1.000000000000003e+19 1.000000000000003e+19 1.000000000000003e+19 1.000000000000003e+19 1.000000000000003e+19
 1.000000000000003e+19 1.000000000000003e+19 1.000000000000003e+19 1.000000000000003e+19 1.000000000000003e+19 1.000000000000003e+19 1.000000000000003e+19 1.000000000000003e+19 1.000000000000003e+19 1.000000000000003e+19
 1.000000000000003e+19 1.000000000000003e+19 1.000000000000003e+19 1.000000000000003e+19 1.000000000000003e+19 1.000000000000003e+19 1.000000000000003e+19 1.000000000000003e+19 1.000000000000003e+19 1.000000000000003e+19
 1.000000000000003e+19 1.000000000000003e+19 1.000000000000003e+19 1.000000000000003e+19 1.000000000000003e+19 1.000000000000003e+19 1.000000000000003e+19 1.000000000000003e+19 1.000000000000003e+19 1.000000000000003e+19
 1.000000000000003e+19 1.000000000000003e+19 1.000000000000003e+19 1.000000000000003e+19 1.000000000000003e+19 1.000000000000003e+19 1.000000000000003e+19 1.000000000000003e+19 1.000000000000003e+19 1.000000000000003e+19
 1.000000000000003e+19 1.000000000000003e+19 1.000000000000003e+19 1.000000000000003e+19 1.000000000000003e+19 1.000000000000003e+19 1.000000000000003e+19 1.000000000000003e+19 1.000000000000003e+19 1.000000000000003e+19
 1.000000000000003e+19 1.000000000000003e+19 1.000000000000003e+19 1.000000000000003e+19 1.000000000000003e+19 1.000000000000003e+19 1.000000000000003e+19 1.000000000000003e+19 1.000000000000003e+19 1.000000000000003e+19
 1.000000000000003e+19 1.000000000000003e+19 1.000000000000003e+19 1.000000000000003e+19 1.000000000000003e+19 1.000000000000003e+19 1.000000000000003e+19 1.000000000000003e+19 1.000000000000003e+19 1.000000000000003e+19
 1.000000000000003e+19 1.000000000000003e+19 1.000000000000003e+19 1.000000000000003e+19 1.000000000000003e+19 1.000000000000003e+19 1.000000000000003e+19 1.000000000000003e+19 1.000000000000003e+19 1.000000000000003e+19
 1.000000000000003e+19 1.000000000000003e+19 1.000000000000003e+19 1.000000000000003e+19 1.000000000000003e+19 1.000000000000003e+19 1.000000000000003e+19 1.000000560000000e+19 1.000000000000003e+19 1.000000560000000e+19
 1.000000000000003e+19 1.000000560000000e+19 1.000000000000003e+19 1.000000560000000e+19 1.000000000000003e+19 1.000000000000003e+19 1.000000000000003e+19 1.000000000000003e+19 1.000000000000003e+19 1.000000000000003e+19
 1.000000000000003e+19 1.000000000000003e+19 1.000000000000003e+19 1.000000000000003e+19 1.000000000000003e+19 1.000000000000003e+19 1.000000000000003e+19 1.000000000000003e+19 1.000000000000003e+19 1.000000000000003e+19
 1.000000000000003e+19 1.000000000000003e+19 1.000000000000003e+19 1.000000000000003e+19 1.000000000000003e+19 1.000000000000003e+19 1.000000000000003e+19 1.000000000000003e+19 1.000000000000003e+19 1.000000000000003e+19
 1.000000000000003e+19 1.000000000000003e+19 1.000000000000003e+19 1.000000000000003e+19 1.000000000000003e+19 1.000000000000003e+19 1.000000000000003e+19 1.000000000000003e+19 1.000000000000003e+19 1.000000000000003e+19
 1.000000000000003e+19 1.000000000000003e+19 1.000000000000003e+19 1.000000000000003e+19 1.000000000000003e+19 1.000000000000003e+19 1.000000000000003e+19 1.000000000000003e+19 1.000000000000003e+19 1.000000000000003e+19
 1.000000000000003e+19 1.000000000000003e+19 1.000000000000003e+19 1.000000000000003e+19 1.000000000000003e+19 1.000000000000003e+19 1.000000000000003e+19 1.000000000000003e+19 1.000000000000003e+19 1.000000000000003e+19
 1.000000000000003e+19 1.000000000000003e+19 1.000000000000003e+19 1.000000000000003e+19 1.000000000000003e+19 1.000000000000003e+19 1.000000000000003e+19 1.000000000000003e+19 1.000000000000003e+19 1.000000000000003e+19
 1.000000000000003e+19 1.000000000000003e+19 1.000000000000003e+19 1.000000000000003e+19 1.000000000000003e+19 1.000000000000003e+19 1.000000000000003e+19 1.000000000000003e+19 1.000000000000003e+19 1.000000000000003e+19
 1.000000000000003e+19 1.000000560000000e+19 1.000000000000003e+19 1.000000560000000e+19 1.000000000000003e+19 1.000000560000000e+19 1.000000000000003e+19 1.000000560000000e+19 1.000000000000003e+19 1.000000000000003e+19
 1.000000000000003e+19 1.000000000000003e+19 1.000000000000003e+19 1.000000000000003e+19 1.000000000000003e+19 1.000000000000003e+19 1.000000000000003e+19 1.000000000000003e+19 1.000000000000003e+19 1.000000000000003e+19
 1.000000000000003e+19 1.000000000000003e+19 1.000000000000003e+19 1.000000000000003e+19 1.000000000000003e+19 1.000000000000003e+19 1.000000000000003e+19 1.000000000000003e+19 1.000000000000003e+19 1.000000000000003e+19
 1.000000000000003e+19 1.000000000000003e+19 1.000000000000003e+19 1.000000000000003e+19 1.000000000000003e+19 1.000000000000003e+19 1.000000000000003e+19 1.000000000000003e+19 1.000000000000003e+19 1.000000000000003e+19
 1.000000000000003e+19 1.000000000000003e+19 1.000000000000003e+19 1.000000000000003e+19 1.000000000000003e+19 1.000000000000003e+19 1.000000000000003e+19 1.000000000000003e+19 1.000000000000003e+19 1.000000000000003e+19
 1.000000000000003e+19 1.000000000000003e+19 1.000000000000003e+19 1.000000000000003e+19 1.000000000000003e+19 1.000000000000003e+19 1.000000000000003e+19 1.000000000000003e+19 1.000000000000003e+19 1.000000000000003e+19
 1.000000000000003e+19 1.000000000000003e+19 1.000000000000003e+19 1.000000000000003e+19 1.000000000000003e+19 1.000000000000003e+19 1.000000000000003e+19 1.000000000000003e+19 1.000000000000003e+19 1.000000000000003e+19
 1.000000000000003e+19 1.000000000000003e+19 1.000000000000003e+19 1.000000000000003e+19 1.000000000000003e+19 1.000000000000003e+19 1.000000000000003e+19 1.000000000000003e+19 1.000000000000003e+19 1.000000000000003e+19
 1.000000000000003e+19 1.000000000000003e+19 1.000000000000003e+19 1.000000000000003e+19 1.000000000000003e+19 1.000000000000003e+19 1.000000000000003e+19 1.000000000000003e+19 1.000000000000003e+19 1.000000000000003e+19
 1.000000000000003e+19 1.000000000000003e+19 1.000000000000003e+19 1.000000000000003e+19 1.000000000000003e+19 1.000000000000003e+19 1.000000000000003e+19 1.000000000000003e+19 1.000000000000003e+19 1.000000000000003e+19
 1.000000000000003e+19 1.000000000000003e+19 1.000000000000003e+19 1.000000000000003e+19 1.000000000000003e+19 1.000000000000003e+19 1.000000000000003e+19 1.000000000000003e+19 1.000000000000003e+19 1.000000000000003e+19
 1.000000000000003e+19 1.000000000000003e+19 1.000000000000003e+19 1.000000000000003e+19 1.000000000000003e+19 1.000000000000003e+19 1.000000000000003e+19 1.000000000000003e+19 1.000000000000003e+19 1.000000000000003e+19
 1.000000000000003e+19 1.000000000000003e+19 1.000000000000003e+19 1.000000000000003e+19 1.000000000000003e+19 1.000000000000003e+19 1.000000000000003e+19 1.000000000000003e+19 1.000000000000003e+19 1.000000000000003e+19
 1.000000000000003e+19 1.000000000000003e+19 1.000000000000003e+19 1.000000000000003e+19 1.000000000000003e+19 1.000000000000003e+19 1.000000000000003e+19 1.000000000000003e+19 1.000000000000003e+19 1.000000000000003e+19
 1.000000000000003e+19 1.000000000000003e+19 1.000000000000003e+19 1.000000000000003e+19 1.000000000000003e+19 1.000000000000003e+19 1.000000000000003e+19 1.000000000000003e+19 1.000000000000003e+19 1.000000000000003e+19
 1.000000000000003e+19 1.000000000000003e+19 1.000000000000003e+19 1.000000000000003e+19 1.000000000000003e+19 1.000000000000003e+19 1.000000000000003e+19 1.000000000000003e+19 1.000000000000003e+19 1.000000000000003e+19
 1.000000000000003e+19 1.000000000000003e+19 1.000000000000003e+19 1.000000000000003e+19 1.000000000000003e+19 1.000000000000003e+19 1.000000000000003e+19 1.000000000000003e+19 1.000000000000003e+19 1.000000000000003e+19
 1.000000000000003e+19 1.000000000000003e+19 1.000000000000003e+19 1.000000000000003e+19 1.000000000000003e+19 1.000000000000003e+19 1.000000000000003e+19 1.000000000000003e+19 1.000000000000003e+19 1.000000000000003e+19
 1.000000000000003e+19 1.000000000000003e+19 1.000000000000003e+19 1.000000000000003e+19 1.000000000000003e+19 1.000000000000003e+19 1.000000000000003e+19 1.000000000000003e+19 1.000000000000003e+19 1.000000000000003e+19
 1.000000000000003e+19 1.000000000000003e+19 1.000000000000003e+19 1.000000000000003e+19 1.000000000000003e+19 1.000000000000003e+19 1.000000000000003e+19 1.000000000000003e+19 1.000000000000003e+19 1.000000000000003e+19
 1.000000000000003e+19 1.000000000000003e+19 1.000000000000003e+19 1.000000000000003e+19 1.000000000000003e+19 1.000000000000003e+19 1.000000000000003e+19 1.000000000000003e+19 1.000000000000003e+19 1.000000000000003e+19
 1.000000000000003e+19 1.000000000000003e+19 1.000000000000003e+19 1.000000000000003e+19 1.000000000000003e+19 1.000000000000003e+19 1.000000000000003e+19 1.000000000000003e+19 1.000000000000003e+19 1.000000000000003e+19
 1.000000000000003e+19 1.000000000000003e+19 1.000000000000003e+19 1.000000000000003e+19 1.000000000000003e+19 1.000000000000003e+19 1.000000000000003e+19 1.000000000000003e+19 1.000000000000003e+19 1.000000000000003e+19
 1.000000000000003e+19 1.000000000000003e+19 1.000000000000003e+19 1.000000000000003e+19 1.000000000000003e+19 1.000000000000003e+19 1.000000000000003e+19 1.000000000000003e+19 1.000000000000003e+19 1.000000000000003e+19
 1.000000000000003e+19 1.000000000000003e+19 1.000000000000003e+19 1.000000000000003e+19 1.000000000000003e+19 1.000000000000003e+19 1.000000000000003e+19 1.000000000000003e+19 1.000000000000003e+19 1.000000000000003e+19
 1.000000000000003e+19 1.000000000000003e+19 1.000000000000003e+19 1.000000000000003e+19 1.000000000000003e+19 1.000000000000003e+19 1.000000000000003e+19 1.000000000000003e+19 1.000000000000003e+19 1.000000000000003e+19
 1.000000000000003e+19 1.000000000000003e+19 1.000000000000003e+19 1.000000000000003e+19 1.000000000000003e+19 1.000000000000003e+19 1.000000000000003e+19 1.000000000000003e+19 1.000000000000003e+19 1.000000000000003e+19
 1.000000000000003e+19 1.000000000000003e+19 1.000000000000003e+19 1.000000000000003e+19 1.000000000000003e+19 1.000000000000003e+19 1.000000000000003e+19 1.000000000000003e+19 1.000000000000003e+19 1.000000000000003e+19
 1.000000000000003e+19 1.000000000000003e+19 1.000000000000003e+19 1.000000000000003e+19 1.000000000000003e+19 1.000000000000003e+19 1.000000000000003e+19 1.000000000000003e+19 1.000000000000003e+19 1.000000000000003e+19
 1.000000000000003e+19 1.000000000000003e+19 1.000000000000003e+19 1.000000000000003e+19 1.000000000000003e+19 1.000000000000003e+19 1.000000000000003e+19 1.000000000000003e+19 1.000000000000003e+19 1.000000000000003e+19
 1.000000000000003e+19 1.000000000000003e+19 1.000000000000003e+19 1.000000000000003e+19 1.000000000000003e+19 1.000000000000003e+19 1.000000000000003e+19 1.000000000000003e+19 1.000000000000003e+19 1.000000000000003e+19
 1.000000000000003e+19 1.000000000000003e+19 1.000000000000003e+19 1.000000000000003e+19 1.000000000000003e+19 1.000000000000003e+19 1.000000000000003e+19 1.000000000000003e+19 1.000000000000003e+19 1.000000000000003e+19
 1.000000000000003e+19 1.000000000000003e+19 1.000000000000003e+19 1.000000000000003e+19 1.000000000000003e+19 1.000000000000003e+19 1.000000000000003e+19 1.000000000000003e+19 1.000000000000003e+19 1.000000000000003e+19
 1.000000000000003e+19 1.000000000000003e+19 1.000000000000003e+19 1.000000000000003e+19 1.000000000000003e+19 1.000000000000003e+19 1.000000000000003e+19 1.000000000000003e+19 1.000000000000003e+19 1.000000000000003e+19
 1.000000000000003e+19 1.000000560000000e+19 1.000000000000003e+19 1.000000560000000e+19 1.000000000000003e+19 1.000000560000000e+19 1.000000000000003e+19 1.000000560000000e+19 1.000000000000003e+19 1.000000000000003e+19
 1.000000000000003e+19 1.000000000000003e+19 1.000000000000003e+19 1.000000000000003e+19 1.000000000000003e+19 1.000000000000003e+19 1.000000000000003e+19 1.000000000000003e+19 1.000000000000003e+19 1.000000000000003e+19
 1.000000000000003e+19 1.000000000000003e+19 1.000000000000003e+19 1.000000000000003e+19 1.000000000000003e+19 1.000000000000003e+19 1.000000000000003e+19 1.000000000000003e+19 1.000000000000003e+19 1.000000000000003e+19
 1.000000000000003e+19 1.000000000000003e+19 1.000000000000003e+19 1.000000000000003e+19 1.000000000000003e+19 1.000000000000003e+19 1.000000000000003e+19 1.000000000000003e+19 1.000000000000003e+19 1.000000000000003e+19
 1.000000000000003e+19 1.000000000000003e+19 1.000000000000003e+19 1.000000000000003e+19 1.000000000000003e+19 1.000000000000003e+19 1.000000000000003e+19 1.000000000000003e+19 1.000000000000003e+19 1.000000000000003e+19
 1.000000000000003e+19 1.000000000000003e+19 1.000000000000003e+19 1.000000000000003e+19 1.000000000000003e+19 1.000000000000003e+19 1.000000000000003e+19 1.000000000000003e+19 1.000000000000003e+19 1.000000000000003e+19
 1.000000000000003e+19 1.000000000000003e+19 1.000000000000003e+19 1.000000000000003e+19 1.000000000000003e+19 1.000000000000003e+19 1.000000000000003e+19 1.000000000000003e+19 1.000000000000003e+19 1.000000000000003e+19
 1.000000000000003e+19 1.000000000000003e+19 1.000000000000003e+19 1.000000000000003e+19 1.000000000000003e+19 1.000000000000003e+19 1.000000000000003e+19 1.000000000000003e+19 1.000000000000003e+19 1.000000000000003e+19
 1.000000000000003e+19 1.000000000000003e+19 1.000000000000003e+19 1.000000000000003e+19 1.000000000000003e+19 1.000000560000000e+19 1.000000000000003e+19 1.000000560000000e+19 1.000000000000003e+19 1.000000560000000e+19
 1.000000000000003e+19 1.000000560000000e+19 1.000000000000003e+19 1.000000000000003e+19 1.000000000000003e+19 1.000000000000003e+19 1.000000000000003e+19 1.000000000000003e+19 1.000000000000003e+19 1.000000000000003e+19
 1.000000000000003e+19 1.000000000000003e+19 1.000000000000003e+19 1.000000000000003e+19 1.000000000000003e+19 1.000000000000003e+19 1.000000000000003e+19 1.000000000000003e+19 1.000000000000003e+19 1.000000000000003e+19
 1.000000000000003e+19 1.000000000000003e+19 1.000000000000003e+19 1.000000000000003e+19 1.000000000000003e+19 1.000000000000003e+19 1.000000000000003e+19 1.000000000000003e+19 1.000000000000003e+19 1.000000000000003e+19
 1.000000000000003e+19 1.000000000000003e+19 1.000000000000003e+19 1.000000000000003e+19 1.000000000000003e+19 1.000000000000003e+19 1.000000000000003e+19 1.000000000000003e+19 1.000000000000003e+19 1.000000000000003e+19
 1.000000000000003e+19 1.000000000000003e+19 1.000000000000003e+19 1.000000000000003e+19 1.000000000000003e+19 1.000000000000003e+19 1.000000000000003e+19 1.000000000000003e+19 1.000000000000003e+19 1.000000000000003e+19
 1.000000000000003e+19 1.000000000000003e+19 1.000000000000003e+19 1.000000000000003e+19 1.000000000000003e+19 1.000000000000003e+19 1.000000000000003e+19 1.000000000000003e+19 1.000000000000003e+19 1.000000000000003e+19
 1.000000000000003e+19 1.000000000000003e+19 1.000000000000003e+19 1.000000000000003e+19 1.000000000000003e+19 1.000000000000003e+19 1.000000000000003e+19 1.000000000000003e+19 1.000000000000003e+19 1.000000000000003e+19
 1.000000000000003e+19 1.000000000000003e+19 1.000000000000003e+19 1.000000000000003e+19 1.000000000000003e+19 1.000000000000003e+19 1.000000000000003e+19 1.000000000000003e+19 1.000000000000003e+19 1.000000000000003e+19
 1.000000000000003e+19 1.000000000000003e+19 1.000000000000003e+19 1.000000000000003e+19 1.000000000000003e+19 1.000000000000003e+19 1.000000000000003e+19 1.000000000000003e+19 1.000000000000003e+19 1.000000000000003e+19
 1.000000000000003e+19 1.000000000000003e+19 1.000000000000003e+19 1.000000000000003e+19 1.000000000000003e+19 1.000000000000003e+19 1.000000000000003e+19 1.000000000000003e+19 1.000000000000003e+19 1.000000000000003e+19
 1.000000000000003e+19 1.000000000000003e+19 1.000000000000003e+19 1.000000000000003e+19 1.000000000000003e+19 1.000000000000003e+19 1.000000000000003e+19 1.000000000000003e+19 1.000000000000003e+19 1.000000000000003e+19
 1.000000000000003e+19 1.000000000000003e+19 1.000000000000003e+19 1.000000000000003e+19 1.000000000000003e+19 1.000000000000003e+19 1.000000000000003e+19 1.000000000000003e+19 1.000000000000003e+19 1.000000000000003e+19
 1.000000000000003e+19 1.000000000000003e+19 1.000000000000003e+19 1.000000000000003e+19 1.000000000000003e+19 1.000000000000003e+19 1.000000000000003e+19 1.000000000000003e+19 1.000000000000003e+19 1.000000000000003e+19
 1.000000000000003e+19 1.000000000000003e+19 1.000000000000003e+19 1.000000000000003e+19 1.000000000000003e+19 1.000000000000003e+19 1.000000000000003e+19 1.000000000000003e+19 1.000000000000003e+19 1.000000000000003e+19
 1.000000000000003e+19 1.000000000000003e+19 1.000000000000003e+19 1.000000000000003e+19 1.000000000000003e+19 1.000000000000003e+19 1.000000000000003e+19 1.000000000000003e+19 1.000000000000003e+19 1.000000000000003e+19
 1.000000000000003e+19 1.000000000000003e+19 1.000000000000003e+19 1.000000000000003e+19 1.000000000000003e+19 1.000000000000003e+19 1.000000000000003e+19 1.000000000000003e+19 1.000000000000003e+19 1.000000000000003e+19
 1.000000000000003e+19 1.000000000000003e+19 1.000000000000003e+19 1.000000000000003e+19 1.000000000000003e+19 1.000000000000003e+19 1.000000000000003e+19 1.000000000000003e+19 1.000000000000003e+19 1.000000000000003e+19
 1.000000000000003e+19 1.000000000000003e+19 1.000000000000003e+19 1.000000000000003e+19 1.000000000000003e+19 1.000000000000003e+19 1.000000000000003e+19 1.000000000000003e+19 1.000000000000003e+19 1.000000000000003e+19
 1.000000000000003e+19 1.000000000000003e+19 1.000000000000003e+19 1.000000000000003e+19 1.000000000000003e+19 1.000000000000003e+19 1.000000000000003e+19 1.000000000000003e+19 1.000000000000003e+19 1.000000000000003e+19
 1.000000000000003e+19 1.000000000000003e+19 1.000000000000003e+19 1.000000000000003e+19 1.000000000000003e+19 1.000000000000003e+19 1.000000000000003e+19 1.000000000000003e+19 1.000000000000003e+19 1.000000000000003e+19
 1.000000000000003e+19 1.000000000000003e+19 1.000000000000003e+19 1.000000000000003e+19 1.000000000000003e+19 1.000000000000003e+19 1.000000000000003e+19 1.000000560000000e+19 1.000000000000003e+19 1.000000560000000e+19
 1.000000000000003e+19 1.000000560000000e+19 1.000000000000003e+19 1.000000560000000e+19 1.000000000000003e+19 1.000000000000003e+19 1.000000000000003e+19 1.000000000000003e+19 1.000000000000003e+19 1.000000000000003e+19
 1.000000000000003e+19 1.000000000000003e+19 1.000000000000003e+19 1.000000000000003e+19 1.000000000000003e+19 1.000000000000003e+19 1.000000000000003e+19 1.000000000000003e+19 1.000000000000003e+19 1.000000000000003e+19
 1.000000000000003e+19 1.000000000000003e+19 1.000000000000003e+19 1.000000000000003e+19 1.000000000000003e+19 1.000000000000003e+19 1.000000000000003e+19 1.000000000000003e+19 1.000000000000003e+19 1.000000000000003e+19
 1.000000000000003e+19 1.000000000000003e+19 1.000000000000003e+19 1.000000000000003e+19 1.000000000000003e+19 1.000000000000003e+19 1.000000000000003e+19 1.000000000000003e+19 1.000000000000003e+19 1.000000000000003e+19
 1.000000000000003e+19 1.000000000000003e+19 1.000000000000003e+19 1.000000000000003e+19 1.000000000000003e+19 1.000000000000003e+19 1.000000000000003e+19 1.000000000000003e+19 1.000000000000003e+19 1.000000000000003e+19
 1.000000000000003e+19 1.000000000000003e+19 1.000000000000003e+19 1.000000000000003e+19 1.000000000000003e+19 1.000000000000003e+19 1.000000000000003e+19 1.000000000000003e+19 1.000000000000003e+19 1.000000000000003e+19
 1.000000000000003e+19 1.000000000000003e+19 1.000000000000003e+19 1.000000000000003e+19 1.000000000000003e+19 1.000000000000003e+19 1.000000000000003e+19 1.000000000000003e+19 1.000000000000003e+19 1.000000000000003e+19
 1.000000000000003e+19 1.000000000000003e+19 1.000000000000003e+19 1.000000000000003e+19 1.000000000000003e+19 1.000000000000003e+19 1.000000000000003e+19 1.000000000000003e+19 1.000000000000003e+19 1.000000000000003e+19
 1.000000000000003e+19 1.000000000000003e+19 1.000000000000003e+19 1.000000000000003e+19 1.000000000000003e+19 1.000000000000003e+19 1.000000000000003e+19 1.000000000000003e+19 1.000000000000003e+19 1.000000000000003e+19
 1.000000000000003e+19 1.000000000000003e+19 1.000000000000003e+19 1.000000000000003e+19 1.000000000000003e+19 1.000000000000003e+19 1.000000000000003e+19 1.000000000000003e+19 1.000000000000003e+19 1.000000000000003e+19
 1.000000000000003e+19 1.000000000000003e+19 1.000000000000003e+19 1.000000000000003e+19 1.000000000000003e+19 1.000000000000003e+19 1.000000000000003e+19 1.000000000000003e+19 1.000000000000003e+19 1.000000000000003e+19
 1.000000000000003e+19 1.000000000000003e+19 1.000000000000003e+19 1.000000000000003e+19 1.000000000000003e+19 1.000000000000003e+19 1.000000000000003e+19 1.000000000000003e+19 1.000000000000003e+19 1.000000000000003e+19
 1.000000000000003e+19 1.000000000000003e+19 1.000000000000003e+19 1.000000000000003e+19 1.000000000000003e+19 1.000000000000003e+19 1.000000000000003e+19 1.000000000000003e+19 1.000000000000003e+19 1.000000000000003e+19
 1.000000000000003e+19 1.000000000000003e+19 1.000000000000003e+19 1.000000000000003e+19 1.000000000000003e+19 1.000000000000003e+19 1.000000000000003e+19 1.000000000000003e+19 1.000000000000003e+19 1.000000000000003e+19
 1.000000000000003e+19 1.000000000000003e+19 1.000000000000003e+19 1.000000000000003e+19 1.000000000000003e+19 1.000000560000000e+19 1.000000000000003e+19 1.000000560000000e+19 1.000000000000003e+19 1.000000000000003e+19
 1.000000000000003e+19 1.000000000000003e+19 1.000000000000003e+19 1.000000000000003e+19 1.000000000000003e+19 1.000000000000003e+19 1.000000000000003e+19 1.000000000000003e+19 1.000000000000003e+19 1.000000000000003e+19
 1.000000000000003e+19 1.000000000000003e+19 1.000000000000003e+19 1.000000000000003e+19 1.000000000000003e+19 1.000000000000003e+19 1.000000000000003e+19 1.000000000000003e+19 1.000000000000003e+19 1.000000000000003e+19
 1.000000000000003e+19 1.000000000000003e+19 1.000000000000003e+19 1.000000000000003e+19 1.000000000000003e+19 1.000000000000003e+19 1.000000000000003e+19 1.000000000000003e+19 1.000000000000003e+19 1.000000000000003e+19
 1.000000000000003e+19 1.000000000000003e+19 1.000000000000003e+19 1.000000000000003e+19 1.000000000000003e+19 1.000000000000003e+19 1.000000000000003e+19 1.000000000000003e+19 1.000000000000003e+19 1.000000000000003e+19
 1.000000000000003e+19 1.000000000000003e+19 1.000000000000003e+19 1.000000000000003e+19 1.000000000000003e+19 1.000000000000003e+19 1.000000000000003e+19 1.000000000000003e+19 1.000000000000003e+19 1.000000000000003e+19
 1.000000000000003e+19 1.000000000000003e+19 1.000000000000003e+19 1.000000000000003e+19 1.000000000000003e+19 1.000000000000003e+19 1.000000000000003e+19 1.000000000000003e+19 1.000000000000003e+19 1.000000000000003e+19
 1.000000000000003e+19 1.000000000000003e+19 1.000000000000003e+19 1.000000000000003e+19 1.000000000000003e+19 1.000000000000003e+19 1.000000000000003e+19 1.000000000000003e+19 1.000000000000003e+19 1.000000560000000e+19
 1.000000000000003e+19 1.000000000000003e+19 1.000000000000003e+19 1.000000000000003e+19 1.000000000000003e+19 1.000000000000003e+19 1.000000000000003e+19 1.000000000000003e+19 1.000000000000003e+19 1.000000000000003e+19
 1.000000000000003e+19 1.000000000000003e+19 1.000000000000003e+19 1.000000000000003e+19 1.000000000000003e+19 1.000000000000003e+19 1.000000000000003e+19 1.000000000000003e+19 1.000000000000003e+19 1.000000000000003e+19
 1.000000000000003e+19 1.000000000000003e+19 1.000000000000003e+19 1.000000000000003e+19 1.000000000000003e+19 1.000000000000003e+19 1.000000000000003e+19 1.000000000000003e+19 1.000000000000003e+19 1.000000000000003e+19
 1.000000000000003e+19 1.000000000000003e+19 1.000000000000003e+19 1.000000000000003e+19 1.000000000000003e+19 1.000000000000003e+19 1.000000000000003e+19 1.000000000000003e+19 1.000000000000003e+19 1.000000000000003e+19
 1.000000000000003e+19 1.000000000000003e+19 1.000000000000003e+19 1.000000000000003e+19 1.000000000000003e+19 1.000000000000003e+19 1.000000000000003e+19 1.000000000000003e+19 1.000000000000003e+19 1.000000000000003e+19
 1.000000000000003e+19 1.000000000000003e+19 1.000000000000003e+19 1.000000000000003e+19 1.000000000000003e+19 1.000000000000003e+19 1.000000000000003e+19 1.000000000000003e+19 1.000000000000003e+19 1.000000000000003e+19
 1.000000000000003e+19 1.000000000000003e+19 1.000000000000003e+19 1.000000000000003e+19 1.000000000000003e+19 1.000000000000003e+19 1.000000000000003e+19 1.000000000000003e+19 1.000000000000003e+19 1.000000000000003e+19
 1.000000000000003e+19 1.000000560000000e+19 1.000000560000000e+19 1.000000000000003e+19 1.000000000000003e+19
    }
  }

  Dataset ("PMIUserField0") {
    function  = PMIUserField0
    type      = scalar
    dimension = 1
    location  = vertex
    validity  = [ "n_plus" ]
    Values (2405) {
 0.000000000000000e+00 0.000000000000000e+00 0.000000000000000e+00 0.000000000000000e+00 0.000000000000000e+00 0.000000000000000e+00 0.000000000000000e+00 0.000000000000000e+00 0.000000000000000e+00 0.000000000000000e+00
 0.000000000000000e+00 0.000000000000000e+00 0.000000000000000e+00 0.000000000000000e+00 0.000000000000000e+00 0.000000000000000e+00 0.000000000000000e+00 0.000000000000000e+00 0.000000000000000e+00 0.000000000000000e+00
 0.000000000000000e+00 0.000000000000000e+00 0.000000000000000e+00 0.000000000000000e+00 0.000000000000000e+00 0.000000000000000e+00 0.000000000000000e+00 0.000000000000000e+00 0.000000000000000e+00 0.000000000000000e+00
 0.000000000000000e+00 0.000000000000000e+00 0.000000000000000e+00 0.000000000000000e+00 0.000000000000000e+00 0.000000000000000e+00 0.000000000000000e+00 0.000000000000000e+00 0.000000000000000e+00 0.000000000000000e+00
 0.000000000000000e+00 0.000000000000000e+00 0.000000000000000e+00 0.000000000000000e+00 0.000000000000000e+00 0.000000000000000e+00 0.000000000000000e+00 0.000000000000000e+00 0.000000000000000e+00 0.000000000000000e+00
 0.000000000000000e+00 0.000000000000000e+00 0.000000000000000e+00 0.000000000000000e+00 0.000000000000000e+00 0.000000000000000e+00 0.000000000000000e+00 0.000000000000000e+00 0.000000000000000e+00 0.000000000000000e+00
 0.000000000000000e+00 0.000000000000000e+00 0.000000000000000e+00 0.000000000000000e+00 0.000000000000000e+00 0.000000000000000e+00 0.000000000000000e+00 0.000000000000000e+00 0.000000000000000e+00 0.000000000000000e+00
 0.000000000000000e+00 0.000000000000000e+00 0.000000000000000e+00 0.000000000000000e+00 0.000000000000000e+00 0.000000000000000e+00 0.000000000000000e+00 0.000000000000000e+00 0.000000000000000e+00 0.000000000000000e+00
 0.000000000000000e+00 0.000000000000000e+00 0.000000000000000e+00 0.000000000000000e+00 0.000000000000000e+00 0.000000000000000e+00 0.000000000000000e+00 0.000000000000000e+00 0.000000000000000e+00 0.000000000000000e+00
 0.000000000000000e+00 0.000000000000000e+00 0.000000000000000e+00 0.000000000000000e+00 0.000000000000000e+00 0.000000000000000e+00 0.000000000000000e+00 0.000000000000000e+00 0.000000000000000e+00 0.000000000000000e+00
 0.000000000000000e+00 0.000000000000000e+00 0.000000000000000e+00 0.000000000000000e+00 0.000000000000000e+00 0.000000000000000e+00 0.000000000000000e+00 0.000000000000000e+00 0.000000000000000e+00 0.000000000000000e+00
 0.000000000000000e+00 0.000000000000000e+00 0.000000000000000e+00 0.000000000000000e+00 0.000000000000000e+00 0.000000000000000e+00 0.000000000000000e+00 0.000000000000000e+00 0.000000000000000e+00 0.000000000000000e+00
 0.000000000000000e+00 0.000000000000000e+00 0.000000000000000e+00 0.000000000000000e+00 0.000000000000000e+00 0.000000000000000e+00 0.000000000000000e+00 0.000000000000000e+00 0.000000000000000e+00 0.000000000000000e+00
 0.000000000000000e+00 0.000000000000000e+00 0.000000000000000e+00 0.000000000000000e+00 0.000000000000000e+00 0.000000000000000e+00 0.000000000000000e+00 0.000000000000000e+00 0.000000000000000e+00 0.000000000000000e+00
 0.000000000000000e+00 0.000000000000000e+00 0.000000000000000e+00 0.000000000000000e+00 0.000000000000000e+00 0.000000000000000e+00 0.000000000000000e+00 0.000000000000000e+00 0.000000000000000e+00 0.000000000000000e+00
 0.000000000000000e+00 0.000000000000000e+00 0.000000000000000e+00 0.000000000000000e+00 0.000000000000000e+00 0.000000000000000e+00 0.000000000000000e+00 0.000000000000000e+00 0.000000000000000e+00 0.000000000000000e+00
 0.000000000000000e+00 0.000000000000000e+00 0.000000000000000e+00 0.000000000000000e+00 0.000000000000000e+00 0.000000000000000e+00 0.000000000000000e+00 0.000000000000000e+00 0.000000000000000e+00 0.000000000000000e+00
 0.000000000000000e+00 0.000000000000000e+00 0.000000000000000e+00 0.000000000000000e+00 0.000000000000000e+00 0.000000000000000e+00 0.000000000000000e+00 0.000000000000000e+00 0.000000000000000e+00 0.000000000000000e+00
 0.000000000000000e+00 0.000000000000000e+00 0.000000000000000e+00 0.000000000000000e+00 0.000000000000000e+00 0.000000000000000e+00 0.000000000000000e+00 0.000000000000000e+00 0.000000000000000e+00 0.000000000000000e+00
 0.000000000000000e+00 0.000000000000000e+00 0.000000000000000e+00 0.000000000000000e+00 0.000000000000000e+00 0.000000000000000e+00 0.000000000000000e+00 0.000000000000000e+00 0.000000000000000e+00 0.000000000000000e+00
 0.000000000000000e+00 0.000000000000000e+00 0.000000000000000e+00 0.000000000000000e+00 0.000000000000000e+00 0.000000000000000e+00 0.000000000000000e+00 0.000000000000000e+00 0.000000000000000e+00 0.000000000000000e+00
 0.000000000000000e+00 0.000000000000000e+00 0.000000000000000e+00 0.000000000000000e+00 0.000000000000000e+00 0.000000000000000e+00 0.000000000000000e+00 0.000000000000000e+00 0.000000000000000e+00 0.000000000000000e+00
 0.000000000000000e+00 0.000000000000000e+00 0.000000000000000e+00 0.000000000000000e+00 0.000000000000000e+00 0.000000000000000e+00 0.000000000000000e+00 0.000000000000000e+00 0.000000000000000e+00 0.000000000000000e+00
 0.000000000000000e+00 0.000000000000000e+00 0.000000000000000e+00 0.000000000000000e+00 0.000000000000000e+00 0.000000000000000e+00 0.000000000000000e+00 0.000000000000000e+00 0.000000000000000e+00 0.000000000000000e+00
 0.000000000000000e+00 0.000000000000000e+00 0.000000000000000e+00 0.000000000000000e+00 0.000000000000000e+00 0.000000000000000e+00 0.000000000000000e+00 0.000000000000000e+00 0.000000000000000e+00 0.000000000000000e+00
 0.000000000000000e+00 0.000000000000000e+00 0.000000000000000e+00 0.000000000000000e+00 0.000000000000000e+00 0.000000000000000e+00 0.000000000000000e+00 0.000000000000000e+00 0.000000000000000e+00 0.000000000000000e+00
 0.000000000000000e+00 0.000000000000000e+00 0.000000000000000e+00 0.000000000000000e+00 0.000000000000000e+00 0.000000000000000e+00 0.000000000000000e+00 0.000000000000000e+00 0.000000000000000e+00 0.000000000000000e+00
 0.000000000000000e+00 0.000000000000000e+00 0.000000000000000e+00 0.000000000000000e+00 0.000000000000000e+00 0.000000000000000e+00 0.000000000000000e+00 0.000000000000000e+00 0.000000000000000e+00 0.000000000000000e+00
 0.000000000000000e+00 0.000000000000000e+00 0.000000000000000e+00 0.000000000000000e+00 0.000000000000000e+00 0.000000000000000e+00 0.000000000000000e+00 0.000000000000000e+00 0.000000000000000e+00 0.000000000000000e+00
 0.000000000000000e+00 0.000000000000000e+00 0.000000000000000e+00 0.000000000000000e+00 0.000000000000000e+00 0.000000000000000e+00 0.000000000000000e+00 0.000000000000000e+00 0.000000000000000e+00 0.000000000000000e+00
 0.000000000000000e+00 0.000000000000000e+00 0.000000000000000e+00 0.000000000000000e+00 0.000000000000000e+00 0.000000000000000e+00 0.000000000000000e+00 0.000000000000000e+00 0.000000000000000e+00 0.000000000000000e+00
 0.000000000000000e+00 0.000000000000000e+00 0.000000000000000e+00 0.000000000000000e+00 0.000000000000000e+00 0.000000000000000e+00 0.000000000000000e+00 0.000000000000000e+00 0.000000000000000e+00 0.000000000000000e+00
 0.000000000000000e+00 0.000000000000000e+00 0.000000000000000e+00 0.000000000000000e+00 0.000000000000000e+00 0.000000000000000e+00 0.000000000000000e+00 0.000000000000000e+00 0.000000000000000e+00 0.000000000000000e+00
 0.000000000000000e+00 0.000000000000000e+00 0.000000000000000e+00 0.000000000000000e+00 0.000000000000000e+00 0.000000000000000e+00 0.000000000000000e+00 0.000000000000000e+00 0.000000000000000e+00 0.000000000000000e+00
 0.000000000000000e+00 0.000000000000000e+00 0.000000000000000e+00 0.000000000000000e+00 0.000000000000000e+00 0.000000000000000e+00 0.000000000000000e+00 0.000000000000000e+00 0.000000000000000e+00 0.000000000000000e+00
 0.000000000000000e+00 0.000000000000000e+00 0.000000000000000e+00 0.000000000000000e+00 0.000000000000000e+00 0.000000000000000e+00 0.000000000000000e+00 0.000000000000000e+00 0.000000000000000e+00 0.000000000000000e+00
 0.000000000000000e+00 0.000000000000000e+00 0.000000000000000e+00 0.000000000000000e+00 0.000000000000000e+00 0.000000000000000e+00 0.000000000000000e+00 0.000000000000000e+00 0.000000000000000e+00 0.000000000000000e+00
 0.000000000000000e+00 0.000000000000000e+00 0.000000000000000e+00 0.000000000000000e+00 0.000000000000000e+00 0.000000000000000e+00 0.000000000000000e+00 0.000000000000000e+00 0.000000000000000e+00 0.000000000000000e+00
 0.000000000000000e+00 0.000000000000000e+00 0.000000000000000e+00 0.000000000000000e+00 0.000000000000000e+00 0.000000000000000e+00 0.000000000000000e+00 0.000000000000000e+00 0.000000000000000e+00 0.000000000000000e+00
 0.000000000000000e+00 0.000000000000000e+00 0.000000000000000e+00 0.000000000000000e+00 0.000000000000000e+00 0.000000000000000e+00 0.000000000000000e+00 0.000000000000000e+00 0.000000000000000e+00 0.000000000000000e+00
 0.000000000000000e+00 0.000000000000000e+00 0.000000000000000e+00 0.000000000000000e+00 0.000000000000000e+00 0.000000000000000e+00 0.000000000000000e+00 0.000000000000000e+00 0.000000000000000e+00 0.000000000000000e+00
 0.000000000000000e+00 0.000000000000000e+00 0.000000000000000e+00 0.000000000000000e+00 0.000000000000000e+00 0.000000000000000e+00 0.000000000000000e+00 0.000000000000000e+00 0.000000000000000e+00 0.000000000000000e+00
 0.000000000000000e+00 0.000000000000000e+00 0.000000000000000e+00 0.000000000000000e+00 0.000000000000000e+00 0.000000000000000e+00 0.000000000000000e+00 0.000000000000000e+00 0.000000000000000e+00 0.000000000000000e+00
 0.000000000000000e+00 0.000000000000000e+00 0.000000000000000e+00 0.000000000000000e+00 0.000000000000000e+00 0.000000000000000e+00 0.000000000000000e+00 0.000000000000000e+00 0.000000000000000e+00 0.000000000000000e+00
 0.000000000000000e+00 0.000000000000000e+00 0.000000000000000e+00 0.000000000000000e+00 0.000000000000000e+00 0.000000000000000e+00 0.000000000000000e+00 0.000000000000000e+00 0.000000000000000e+00 0.000000000000000e+00
 0.000000000000000e+00 0.000000000000000e+00 0.000000000000000e+00 0.000000000000000e+00 0.000000000000000e+00 0.000000000000000e+00 0.000000000000000e+00 0.000000000000000e+00 0.000000000000000e+00 0.000000000000000e+00
 0.000000000000000e+00 0.000000000000000e+00 0.000000000000000e+00 0.000000000000000e+00 0.000000000000000e+00 0.000000000000000e+00 0.000000000000000e+00 0.000000000000000e+00 0.000000000000000e+00 0.000000000000000e+00
 0.000000000000000e+00 0.000000000000000e+00 0.000000000000000e+00 0.000000000000000e+00 0.000000000000000e+00 0.000000000000000e+00 0.000000000000000e+00 0.000000000000000e+00 0.000000000000000e+00 0.000000000000000e+00
 0.000000000000000e+00 0.000000000000000e+00 0.000000000000000e+00 0.000000000000000e+00 0.000000000000000e+00 0.000000000000000e+00 0.000000000000000e+00 0.000000000000000e+00 0.000000000000000e+00 0.000000000000000e+00
 0.000000000000000e+00 0.000000000000000e+00 0.000000000000000e+00 0.000000000000000e+00 0.000000000000000e+00 0.000000000000000e+00 0.000000000000000e+00 0.000000000000000e+00 0.000000000000000e+00 0.000000000000000e+00
 0.000000000000000e+00 0.000000000000000e+00 0.000000000000000e+00 0.000000000000000e+00 0.000000000000000e+00 0.000000000000000e+00 0.000000000000000e+00 0.000000000000000e+00 0.000000000000000e+00 0.000000000000000e+00
 0.000000000000000e+00 0.000000000000000e+00 0.000000000000000e+00 0.000000000000000e+00 0.000000000000000e+00 0.000000000000000e+00 0.000000000000000e+00 0.000000000000000e+00 0.000000000000000e+00 0.000000000000000e+00
 0.000000000000000e+00 0.000000000000000e+00 0.000000000000000e+00 0.000000000000000e+00 0.000000000000000e+00 0.000000000000000e+00 0.000000000000000e+00 0.000000000000000e+00 0.000000000000000e+00 0.000000000000000e+00
 0.000000000000000e+00 0.000000000000000e+00 0.000000000000000e+00 0.000000000000000e+00 0.000000000000000e+00 0.000000000000000e+00 0.000000000000000e+00 0.000000000000000e+00 0.000000000000000e+00 0.000000000000000e+00
 0.000000000000000e+00 0.000000000000000e+00 0.000000000000000e+00 0.000000000000000e+00 0.000000000000000e+00 0.000000000000000e+00 0.000000000000000e+00 0.000000000000000e+00 0.000000000000000e+00 0.000000000000000e+00
 0.000000000000000e+00 0.000000000000000e+00 0.000000000000000e+00 0.000000000000000e+00 0.000000000000000e+00 0.000000000000000e+00 0.000000000000000e+00 0.000000000000000e+00 0.000000000000000e+00 0.000000000000000e+00
 0.000000000000000e+00 0.000000000000000e+00 0.000000000000000e+00 0.000000000000000e+00 0.000000000000000e+00 0.000000000000000e+00 0.000000000000000e+00 0.000000000000000e+00 0.000000000000000e+00 0.000000000000000e+00
 0.000000000000000e+00 0.000000000000000e+00 0.000000000000000e+00 0.000000000000000e+00 0.000000000000000e+00 0.000000000000000e+00 0.000000000000000e+00 0.000000000000000e+00 0.000000000000000e+00 0.000000000000000e+00
 0.000000000000000e+00 0.000000000000000e+00 0.000000000000000e+00 0.000000000000000e+00 0.000000000000000e+00 0.000000000000000e+00 0.000000000000000e+00 0.000000000000000e+00 0.000000000000000e+00 0.000000000000000e+00
 0.000000000000000e+00 0.000000000000000e+00 0.000000000000000e+00 0.000000000000000e+00 0.000000000000000e+00 0.000000000000000e+00 0.000000000000000e+00 0.000000000000000e+00 0.000000000000000e+00 0.000000000000000e+00
 0.000000000000000e+00 0.000000000000000e+00 0.000000000000000e+00 0.000000000000000e+00 0.000000000000000e+00 0.000000000000000e+00 0.000000000000000e+00 0.000000000000000e+00 0.000000000000000e+00 0.000000000000000e+00
 0.000000000000000e+00 0.000000000000000e+00 0.000000000000000e+00 0.000000000000000e+00 0.000000000000000e+00 0.000000000000000e+00 0.000000000000000e+00 0.000000000000000e+00 0.000000000000000e+00 0.000000000000000e+00
 0.000000000000000e+00 0.000000000000000e+00 0.000000000000000e+00 0.000000000000000e+00 0.000000000000000e+00 0.000000000000000e+00 0.000000000000000e+00 0.000000000000000e+00 0.000000000000000e+00 0.000000000000000e+00
 0.000000000000000e+00 0.000000000000000e+00 0.000000000000000e+00 0.000000000000000e+00 0.000000000000000e+00 0.000000000000000e+00 0.000000000000000e+00 0.000000000000000e+00 0.000000000000000e+00 0.000000000000000e+00
 0.000000000000000e+00 0.000000000000000e+00 0.000000000000000e+00 0.000000000000000e+00 0.000000000000000e+00 0.000000000000000e+00 0.000000000000000e+00 0.000000000000000e+00 0.000000000000000e+00 0.000000000000000e+00
 0.000000000000000e+00 0.000000000000000e+00 0.000000000000000e+00 0.000000000000000e+00 0.000000000000000e+00 0.000000000000000e+00 0.000000000000000e+00 0.000000000000000e+00 0.000000000000000e+00 0.000000000000000e+00
 0.000000000000000e+00 0.000000000000000e+00 0.000000000000000e+00 0.000000000000000e+00 0.000000000000000e+00 0.000000000000000e+00 0.000000000000000e+00 0.000000000000000e+00 0.000000000000000e+00 0.000000000000000e+00
 0.000000000000000e+00 0.000000000000000e+00 0.000000000000000e+00 0.000000000000000e+00 0.000000000000000e+00 0.000000000000000e+00 0.000000000000000e+00 0.000000000000000e+00 0.000000000000000e+00 0.000000000000000e+00
 0.000000000000000e+00 0.000000000000000e+00 0.000000000000000e+00 0.000000000000000e+00 0.000000000000000e+00 0.000000000000000e+00 0.000000000000000e+00 0.000000000000000e+00 0.000000000000000e+00 0.000000000000000e+00
 0.000000000000000e+00 0.000000000000000e+00 0.000000000000000e+00 0.000000000000000e+00 0.000000000000000e+00 0.000000000000000e+00 0.000000000000000e+00 0.000000000000000e+00 0.000000000000000e+00 0.000000000000000e+00
 0.000000000000000e+00 0.000000000000000e+00 0.000000000000000e+00 0.000000000000000e+00 0.000000000000000e+00 0.000000000000000e+00 0.000000000000000e+00 0.000000000000000e+00 0.000000000000000e+00 0.000000000000000e+00
 0.000000000000000e+00 0.000000000000000e+00 0.000000000000000e+00 0.000000000000000e+00 0.000000000000000e+00 0.000000000000000e+00 0.000000000000000e+00 0.000000000000000e+00 0.000000000000000e+00 0.000000000000000e+00
 0.000000000000000e+00 0.000000000000000e+00 0.000000000000000e+00 0.000000000000000e+00 0.000000000000000e+00 0.000000000000000e+00 0.000000000000000e+00 0.000000000000000e+00 0.000000000000000e+00 0.000000000000000e+00
 0.000000000000000e+00 0.000000000000000e+00 0.000000000000000e+00 0.000000000000000e+00 0.000000000000000e+00 0.000000000000000e+00 0.000000000000000e+00 0.000000000000000e+00 0.000000000000000e+00 0.000000000000000e+00
 0.000000000000000e+00 0.000000000000000e+00 0.000000000000000e+00 0.000000000000000e+00 0.000000000000000e+00 0.000000000000000e+00 0.000000000000000e+00 0.000000000000000e+00 0.000000000000000e+00 0.000000000000000e+00
 0.000000000000000e+00 0.000000000000000e+00 0.000000000000000e+00 0.000000000000000e+00 0.000000000000000e+00 0.000000000000000e+00 0.000000000000000e+00 0.000000000000000e+00 0.000000000000000e+00 0.000000000000000e+00
 0.000000000000000e+00 0.000000000000000e+00 0.000000000000000e+00 0.000000000000000e+00 0.000000000000000e+00 0.000000000000000e+00 0.000000000000000e+00 0.000000000000000e+00 0.000000000000000e+00 0.000000000000000e+00
 0.000000000000000e+00 0.000000000000000e+00 0.000000000000000e+00 0.000000000000000e+00 0.000000000000000e+00 0.000000000000000e+00 0.000000000000000e+00 0.000000000000000e+00 0.000000000000000e+00 0.000000000000000e+00
 0.000000000000000e+00 0.000000000000000e+00 0.000000000000000e+00 0.000000000000000e+00 0.000000000000000e+00 0.000000000000000e+00 0.000000000000000e+00 0.000000000000000e+00 0.000000000000000e+00 0.000000000000000e+00
 0.000000000000000e+00 0.000000000000000e+00 0.000000000000000e+00 0.000000000000000e+00 0.000000000000000e+00 0.000000000000000e+00 0.000000000000000e+00 0.000000000000000e+00 0.000000000000000e+00 0.000000000000000e+00
 0.000000000000000e+00 0.000000000000000e+00 0.000000000000000e+00 0.000000000000000e+00 0.000000000000000e+00 0.000000000000000e+00 0.000000000000000e+00 0.000000000000000e+00 0.000000000000000e+00 0.000000000000000e+00
 0.000000000000000e+00 0.000000000000000e+00 0.000000000000000e+00 0.000000000000000e+00 0.000000000000000e+00 0.000000000000000e+00 0.000000000000000e+00 0.000000000000000e+00 0.000000000000000e+00 0.000000000000000e+00
 0.000000000000000e+00 0.000000000000000e+00 0.000000000000000e+00 0.000000000000000e+00 0.000000000000000e+00 0.000000000000000e+00 0.000000000000000e+00 0.000000000000000e+00 0.000000000000000e+00 0.000000000000000e+00
 0.000000000000000e+00 0.000000000000000e+00 0.000000000000000e+00 0.000000000000000e+00 0.000000000000000e+00 0.000000000000000e+00 0.000000000000000e+00 0.000000000000000e+00 0.000000000000000e+00 0.000000000000000e+00
 0.000000000000000e+00 0.000000000000000e+00 0.000000000000000e+00 0.000000000000000e+00 0.000000000000000e+00 0.000000000000000e+00 0.000000000000000e+00 0.000000000000000e+00 0.000000000000000e+00 0.000000000000000e+00
 0.000000000000000e+00 0.000000000000000e+00 0.000000000000000e+00 0.000000000000000e+00 0.000000000000000e+00 0.000000000000000e+00 0.000000000000000e+00 0.000000000000000e+00 0.000000000000000e+00 0.000000000000000e+00
 0.000000000000000e+00 0.000000000000000e+00 0.000000000000000e+00 0.000000000000000e+00 0.000000000000000e+00 0.000000000000000e+00 0.000000000000000e+00 0.000000000000000e+00 0.000000000000000e+00 0.000000000000000e+00
 0.000000000000000e+00 0.000000000000000e+00 0.000000000000000e+00 0.000000000000000e+00 0.000000000000000e+00 0.000000000000000e+00 0.000000000000000e+00 0.000000000000000e+00 0.000000000000000e+00 0.000000000000000e+00
 0.000000000000000e+00 0.000000000000000e+00 0.000000000000000e+00 0.000000000000000e+00 0.000000000000000e+00 0.000000000000000e+00 0.000000000000000e+00 0.000000000000000e+00 0.000000000000000e+00 0.000000000000000e+00
 0.000000000000000e+00 0.000000000000000e+00 0.000000000000000e+00 0.000000000000000e+00 0.000000000000000e+00 0.000000000000000e+00 0.000000000000000e+00 0.000000000000000e+00 0.000000000000000e+00 0.000000000000000e+00
 0.000000000000000e+00 0.000000000000000e+00 0.000000000000000e+00 0.000000000000000e+00 0.000000000000000e+00 0.000000000000000e+00 0.000000000000000e+00 0.000000000000000e+00 0.000000000000000e+00 0.000000000000000e+00
 0.000000000000000e+00 0.000000000000000e+00 0.000000000000000e+00 0.000000000000000e+00 0.000000000000000e+00 0.000000000000000e+00 0.000000000000000e+00 0.000000000000000e+00 0.000000000000000e+00 0.000000000000000e+00
 0.000000000000000e+00 0.000000000000000e+00 0.000000000000000e+00 0.000000000000000e+00 0.000000000000000e+00 0.000000000000000e+00 0.000000000000000e+00 0.000000000000000e+00 0.000000000000000e+00 0.000000000000000e+00
 0.000000000000000e+00 0.000000000000000e+00 0.000000000000000e+00 0.000000000000000e+00 0.000000000000000e+00 0.000000000000000e+00 0.000000000000000e+00 0.000000000000000e+00 0.000000000000000e+00 0.000000000000000e+00
 0.000000000000000e+00 0.000000000000000e+00 0.000000000000000e+00 0.000000000000000e+00 0.000000000000000e+00 0.000000000000000e+00 0.000000000000000e+00 0.000000000000000e+00 0.000000000000000e+00 0.000000000000000e+00
 0.000000000000000e+00 0.000000000000000e+00 0.000000000000000e+00 0.000000000000000e+00 0.000000000000000e+00 0.000000000000000e+00 0.000000000000000e+00 0.000000000000000e+00 0.000000000000000e+00 0.000000000000000e+00
 0.000000000000000e+00 0.000000000000000e+00 0.000000000000000e+00 0.000000000000000e+00 0.000000000000000e+00 0.000000000000000e+00 0.000000000000000e+00 0.000000000000000e+00 0.000000000000000e+00 0.000000000000000e+00
 0.000000000000000e+00 0.000000000000000e+00 0.000000000000000e+00 0.000000000000000e+00 0.000000000000000e+00 0.000000000000000e+00 0.000000000000000e+00 0.000000000000000e+00 0.000000000000000e+00 0.000000000000000e+00
 0.000000000000000e+00 0.000000000000000e+00 0.000000000000000e+00 0.000000000000000e+00 0.000000000000000e+00 0.000000000000000e+00 0.000000000000000e+00 0.000000000000000e+00 0.000000000000000e+00 0.000000000000000e+00
 0.000000000000000e+00 0.000000000000000e+00 0.000000000000000e+00 0.000000000000000e+00 0.000000000000000e+00 0.000000000000000e+00 0.000000000000000e+00 0.000000000000000e+00 0.000000000000000e+00 0.000000000000000e+00
 0.000000000000000e+00 0.000000000000000e+00 0.000000000000000e+00 0.000000000000000e+00 0.000000000000000e+00 0.000000000000000e+00 0.000000000000000e+00 0.000000000000000e+00 0.000000000000000e+00 0.000000000000000e+00
 0.000000000000000e+00 0.000000000000000e+00 0.000000000000000e+00 0.000000000000000e+00 0.000000000000000e+00 0.000000000000000e+00 0.000000000000000e+00 0.000000000000000e+00 0.000000000000000e+00 0.000000000000000e+00
 0.000000000000000e+00 0.000000000000000e+00 0.000000000000000e+00 0.000000000000000e+00 0.000000000000000e+00 0.000000000000000e+00 0.000000000000000e+00 0.000000000000000e+00 0.000000000000000e+00 0.000000000000000e+00
 0.000000000000000e+00 0.000000000000000e+00 0.000000000000000e+00 0.000000000000000e+00 0.000000000000000e+00 0.000000000000000e+00 0.000000000000000e+00 0.000000000000000e+00 0.000000000000000e+00 0.000000000000000e+00
 0.000000000000000e+00 0.000000000000000e+00 0.000000000000000e+00 0.000000000000000e+00 0.000000000000000e+00 0.000000000000000e+00 0.000000000000000e+00 0.000000000000000e+00 0.000000000000000e+00 0.000000000000000e+00
 0.000000000000000e+00 0.000000000000000e+00 0.000000000000000e+00 0.000000000000000e+00 0.000000000000000e+00 0.000000000000000e+00 0.000000000000000e+00 0.000000000000000e+00 0.000000000000000e+00 0.000000000000000e+00
 0.000000000000000e+00 0.000000000000000e+00 0.000000000000000e+00 0.000000000000000e+00 0.000000000000000e+00 0.000000000000000e+00 0.000000000000000e+00 0.000000000000000e+00 0.000000000000000e+00 0.000000000000000e+00
 0.000000000000000e+00 0.000000000000000e+00 0.000000000000000e+00 0.000000000000000e+00 0.000000000000000e+00 0.000000000000000e+00 0.000000000000000e+00 0.000000000000000e+00 0.000000000000000e+00 0.000000000000000e+00
 0.000000000000000e+00 0.000000000000000e+00 0.000000000000000e+00 0.000000000000000e+00 0.000000000000000e+00 0.000000000000000e+00 0.000000000000000e+00 0.000000000000000e+00 0.000000000000000e+00 0.000000000000000e+00
 0.000000000000000e+00 0.000000000000000e+00 0.000000000000000e+00 0.000000000000000e+00 0.000000000000000e+00 0.000000000000000e+00 0.000000000000000e+00 0.000000000000000e+00 0.000000000000000e+00 0.000000000000000e+00
 0.000000000000000e+00 0.000000000000000e+00 0.000000000000000e+00 0.000000000000000e+00 0.000000000000000e+00 0.000000000000000e+00 0.000000000000000e+00 0.000000000000000e+00 0.000000000000000e+00 0.000000000000000e+00
 0.000000000000000e+00 0.000000000000000e+00 0.000000000000000e+00 0.000000000000000e+00 0.000000000000000e+00 0.000000000000000e+00 0.000000000000000e+00 0.000000000000000e+00 0.000000000000000e+00 0.000000000000000e+00
 0.000000000000000e+00 0.000000000000000e+00 0.000000000000000e+00 0.000000000000000e+00 0.000000000000000e+00 0.000000000000000e+00 0.000000000000000e+00 0.000000000000000e+00 0.000000000000000e+00 0.000000000000000e+00
 0.000000000000000e+00 0.000000000000000e+00 0.000000000000000e+00 0.000000000000000e+00 0.000000000000000e+00 0.000000000000000e+00 0.000000000000000e+00 0.000000000000000e+00 0.000000000000000e+00 0.000000000000000e+00
 0.000000000000000e+00 0.000000000000000e+00 0.000000000000000e+00 0.000000000000000e+00 0.000000000000000e+00 0.000000000000000e+00 0.000000000000000e+00 0.000000000000000e+00 0.000000000000000e+00 0.000000000000000e+00
 0.000000000000000e+00 0.000000000000000e+00 0.000000000000000e+00 0.000000000000000e+00 0.000000000000000e+00 0.000000000000000e+00 0.000000000000000e+00 0.000000000000000e+00 0.000000000000000e+00 0.000000000000000e+00
 0.000000000000000e+00 0.000000000000000e+00 0.000000000000000e+00 0.000000000000000e+00 0.000000000000000e+00 0.000000000000000e+00 0.000000000000000e+00 0.000000000000000e+00 0.000000000000000e+00 0.000000000000000e+00
 0.000000000000000e+00 0.000000000000000e+00 0.000000000000000e+00 0.000000000000000e+00 0.000000000000000e+00 0.000000000000000e+00 0.000000000000000e+00 0.000000000000000e+00 0.000000000000000e+00 0.000000000000000e+00
 0.000000000000000e+00 0.000000000000000e+00 0.000000000000000e+00 0.000000000000000e+00 0.000000000000000e+00 0.000000000000000e+00 0.000000000000000e+00 0.000000000000000e+00 0.000000000000000e+00 0.000000000000000e+00
 0.000000000000000e+00 0.000000000000000e+00 0.000000000000000e+00 0.000000000000000e+00 0.000000000000000e+00 0.000000000000000e+00 0.000000000000000e+00 0.000000000000000e+00 0.000000000000000e+00 0.000000000000000e+00
 0.000000000000000e+00 0.000000000000000e+00 0.000000000000000e+00 0.000000000000000e+00 0.000000000000000e+00 0.000000000000000e+00 0.000000000000000e+00 0.000000000000000e+00 0.000000000000000e+00 0.000000000000000e+00
 0.000000000000000e+00 0.000000000000000e+00 0.000000000000000e+00 0.000000000000000e+00 0.000000000000000e+00 0.000000000000000e+00 0.000000000000000e+00 0.000000000000000e+00 0.000000000000000e+00 0.000000000000000e+00
 0.000000000000000e+00 0.000000000000000e+00 0.000000000000000e+00 0.000000000000000e+00 0.000000000000000e+00 0.000000000000000e+00 0.000000000000000e+00 0.000000000000000e+00 0.000000000000000e+00 0.000000000000000e+00
 0.000000000000000e+00 0.000000000000000e+00 0.000000000000000e+00 0.000000000000000e+00 0.000000000000000e+00 0.000000000000000e+00 0.000000000000000e+00 0.000000000000000e+00 0.000000000000000e+00 0.000000000000000e+00
 0.000000000000000e+00 0.000000000000000e+00 0.000000000000000e+00 0.000000000000000e+00 0.000000000000000e+00 0.000000000000000e+00 0.000000000000000e+00 0.000000000000000e+00 0.000000000000000e+00 0.000000000000000e+00
 0.000000000000000e+00 0.000000000000000e+00 0.000000000000000e+00 0.000000000000000e+00 0.000000000000000e+00 0.000000000000000e+00 0.000000000000000e+00 0.000000000000000e+00 0.000000000000000e+00 0.000000000000000e+00
 0.000000000000000e+00 0.000000000000000e+00 0.000000000000000e+00 0.000000000000000e+00 0.000000000000000e+00 0.000000000000000e+00 0.000000000000000e+00 0.000000000000000e+00 0.000000000000000e+00 0.000000000000000e+00
 0.000000000000000e+00 0.000000000000000e+00 0.000000000000000e+00 0.000000000000000e+00 0.000000000000000e+00 0.000000000000000e+00 0.000000000000000e+00 0.000000000000000e+00 0.000000000000000e+00 0.000000000000000e+00
 0.000000000000000e+00 0.000000000000000e+00 0.000000000000000e+00 0.000000000000000e+00 0.000000000000000e+00 0.000000000000000e+00 0.000000000000000e+00 0.000000000000000e+00 0.000000000000000e+00 0.000000000000000e+00
 0.000000000000000e+00 0.000000000000000e+00 0.000000000000000e+00 0.000000000000000e+00 0.000000000000000e+00 0.000000000000000e+00 0.000000000000000e+00 0.000000000000000e+00 0.000000000000000e+00 0.000000000000000e+00
 0.000000000000000e+00 0.000000000000000e+00 0.000000000000000e+00 0.000000000000000e+00 0.000000000000000e+00 0.000000000000000e+00 0.000000000000000e+00 0.000000000000000e+00 0.000000000000000e+00 0.000000000000000e+00
 0.000000000000000e+00 0.000000000000000e+00 0.000000000000000e+00 0.000000000000000e+00 0.000000000000000e+00 0.000000000000000e+00 0.000000000000000e+00 0.000000000000000e+00 0.000000000000000e+00 0.000000000000000e+00
 0.000000000000000e+00 0.000000000000000e+00 0.000000000000000e+00 0.000000000000000e+00 0.000000000000000e+00 0.000000000000000e+00 0.000000000000000e+00 0.000000000000000e+00 0.000000000000000e+00 0.000000000000000e+00
 0.000000000000000e+00 0.000000000000000e+00 0.000000000000000e+00 0.000000000000000e+00 0.000000000000000e+00 0.000000000000000e+00 0.000000000000000e+00 0.000000000000000e+00 0.000000000000000e+00 0.000000000000000e+00
 0.000000000000000e+00 0.000000000000000e+00 0.000000000000000e+00 0.000000000000000e+00 0.000000000000000e+00 0.000000000000000e+00 0.000000000000000e+00 0.000000000000000e+00 0.000000000000000e+00 0.000000000000000e+00
 0.000000000000000e+00 0.000000000000000e+00 0.000000000000000e+00 0.000000000000000e+00 0.000000000000000e+00 0.000000000000000e+00 0.000000000000000e+00 0.000000000000000e+00 0.000000000000000e+00 0.000000000000000e+00
 0.000000000000000e+00 0.000000000000000e+00 0.000000000000000e+00 0.000000000000000e+00 0.000000000000000e+00 0.000000000000000e+00 0.000000000000000e+00 0.000000000000000e+00 0.000000000000000e+00 0.000000000000000e+00
 0.000000000000000e+00 0.000000000000000e+00 0.000000000000000e+00 0.000000000000000e+00 0.000000000000000e+00 0.000000000000000e+00 0.000000000000000e+00 0.000000000000000e+00 0.000000000000000e+00 0.000000000000000e+00
 0.000000000000000e+00 0.000000000000000e+00 0.000000000000000e+00 0.000000000000000e+00 0.000000000000000e+00 0.000000000000000e+00 0.000000000000000e+00 0.000000000000000e+00 0.000000000000000e+00 0.000000000000000e+00
 0.000000000000000e+00 0.000000000000000e+00 0.000000000000000e+00 0.000000000000000e+00 0.000000000000000e+00 0.000000000000000e+00 0.000000000000000e+00 0.000000000000000e+00 0.000000000000000e+00 0.000000000000000e+00
 0.000000000000000e+00 0.000000000000000e+00 0.000000000000000e+00 0.000000000000000e+00 0.000000000000000e+00 0.000000000000000e+00 0.000000000000000e+00 0.000000000000000e+00 0.000000000000000e+00 0.000000000000000e+00
 0.000000000000000e+00 0.000000000000000e+00 0.000000000000000e+00 0.000000000000000e+00 0.000000000000000e+00 0.000000000000000e+00 0.000000000000000e+00 0.000000000000000e+00 0.000000000000000e+00 0.000000000000000e+00
 0.000000000000000e+00 0.000000000000000e+00 0.000000000000000e+00 0.000000000000000e+00 0.000000000000000e+00 0.000000000000000e+00 0.000000000000000e+00 0.000000000000000e+00 0.000000000000000e+00 0.000000000000000e+00
 0.000000000000000e+00 0.000000000000000e+00 0.000000000000000e+00 0.000000000000000e+00 0.000000000000000e+00 0.000000000000000e+00 0.000000000000000e+00 0.000000000000000e+00 0.000000000000000e+00 0.000000000000000e+00
 0.000000000000000e+00 0.000000000000000e+00 0.000000000000000e+00 0.000000000000000e+00 0.000000000000000e+00 0.000000000000000e+00 0.000000000000000e+00 0.000000000000000e+00 0.000000000000000e+00 0.000000000000000e+00
 0.000000000000000e+00 0.000000000000000e+00 0.000000000000000e+00 0.000000000000000e+00 0.000000000000000e+00 0.000000000000000e+00 0.000000000000000e+00 0.000000000000000e+00 0.000000000000000e+00 0.000000000000000e+00
 0.000000000000000e+00 0.000000000000000e+00 0.000000000000000e+00 0.000000000000000e+00 0.000000000000000e+00 0.000000000000000e+00 0.000000000000000e+00 0.000000000000000e+00 0.000000000000000e+00 0.000000000000000e+00
 0.000000000000000e+00 0.000000000000000e+00 0.000000000000000e+00 0.000000000000000e+00 0.000000000000000e+00 0.000000000000000e+00 0.000000000000000e+00 0.000000000000000e+00 0.000000000000000e+00 0.000000000000000e+00
 0.000000000000000e+00 0.000000000000000e+00 0.000000000000000e+00 0.000000000000000e+00 0.000000000000000e+00 0.000000000000000e+00 0.000000000000000e+00 0.000000000000000e+00 0.000000000000000e+00 0.000000000000000e+00
 0.000000000000000e+00 0.000000000000000e+00 0.000000000000000e+00 0.000000000000000e+00 0.000000000000000e+00 0.000000000000000e+00 0.000000000000000e+00 0.000000000000000e+00 0.000000000000000e+00 0.000000000000000e+00
 0.000000000000000e+00 0.000000000000000e+00 0.000000000000000e+00 0.000000000000000e+00 0.000000000000000e+00 0.000000000000000e+00 0.000000000000000e+00 0.000000000000000e+00 0.000000000000000e+00 0.000000000000000e+00
 0.000000000000000e+00 0.000000000000000e+00 0.000000000000000e+00 0.000000000000000e+00 0.000000000000000e+00 0.000000000000000e+00 0.000000000000000e+00 0.000000000000000e+00 0.000000000000000e+00 0.000000000000000e+00
 0.000000000000000e+00 0.000000000000000e+00 0.000000000000000e+00 0.000000000000000e+00 0.000000000000000e+00 0.000000000000000e+00 0.000000000000000e+00 0.000000000000000e+00 0.000000000000000e+00 0.000000000000000e+00
 0.000000000000000e+00 0.000000000000000e+00 0.000000000000000e+00 0.000000000000000e+00 0.000000000000000e+00 0.000000000000000e+00 0.000000000000000e+00 0.000000000000000e+00 0.000000000000000e+00 0.000000000000000e+00
 0.000000000000000e+00 0.000000000000000e+00 0.000000000000000e+00 0.000000000000000e+00 0.000000000000000e+00 0.000000000000000e+00 0.000000000000000e+00 0.000000000000000e+00 0.000000000000000e+00 0.000000000000000e+00
 0.000000000000000e+00 0.000000000000000e+00 0.000000000000000e+00 0.000000000000000e+00 0.000000000000000e+00 0.000000000000000e+00 0.000000000000000e+00 0.000000000000000e+00 0.000000000000000e+00 0.000000000000000e+00
 0.000000000000000e+00 0.000000000000000e+00 0.000000000000000e+00 0.000000000000000e+00 0.000000000000000e+00 0.000000000000000e+00 0.000000000000000e+00 0.000000000000000e+00 0.000000000000000e+00 0.000000000000000e+00
 0.000000000000000e+00 0.000000000000000e+00 0.000000000000000e+00 0.000000000000000e+00 0.000000000000000e+00 0.000000000000000e+00 0.000000000000000e+00 0.000000000000000e+00 0.000000000000000e+00 0.000000000000000e+00
 0.000000000000000e+00 0.000000000000000e+00 0.000000000000000e+00 0.000000000000000e+00 0.000000000000000e+00 0.000000000000000e+00 0.000000000000000e+00 0.000000000000000e+00 0.000000000000000e+00 0.000000000000000e+00
 0.000000000000000e+00 0.000000000000000e+00 0.000000000000000e+00 0.000000000000000e+00 0.000000000000000e+00 0.000000000000000e+00 0.000000000000000e+00 0.000000000000000e+00 0.000000000000000e+00 0.000000000000000e+00
 0.000000000000000e+00 0.000000000000000e+00 0.000000000000000e+00 0.000000000000000e+00 0.000000000000000e+00 0.000000000000000e+00 0.000000000000000e+00 0.000000000000000e+00 0.000000000000000e+00 0.000000000000000e+00
 0.000000000000000e+00 0.000000000000000e+00 0.000000000000000e+00 0.000000000000000e+00 0.000000000000000e+00 0.000000000000000e+00 0.000000000000000e+00 0.000000000000000e+00 0.000000000000000e+00 0.000000000000000e+00
 0.000000000000000e+00 0.000000000000000e+00 0.000000000000000e+00 0.000000000000000e+00 0.000000000000000e+00 0.000000000000000e+00 0.000000000000000e+00 0.000000000000000e+00 0.000000000000000e+00 0.000000000000000e+00
 0.000000000000000e+00 0.000000000000000e+00 0.000000000000000e+00 0.000000000000000e+00 0.000000000000000e+00 0.000000000000000e+00 0.000000000000000e+00 0.000000000000000e+00 0.000000000000000e+00 0.000000000000000e+00
 0.000000000000000e+00 0.000000000000000e+00 0.000000000000000e+00 0.000000000000000e+00 0.000000000000000e+00 0.000000000000000e+00 0.000000000000000e+00 0.000000000000000e+00 0.000000000000000e+00 0.000000000000000e+00
 0.000000000000000e+00 0.000000000000000e+00 0.000000000000000e+00 0.000000000000000e+00 0.000000000000000e+00 0.000000000000000e+00 0.000000000000000e+00 0.000000000000000e+00 0.000000000000000e+00 0.000000000000000e+00
 0.000000000000000e+00 0.000000000000000e+00 0.000000000000000e+00 0.000000000000000e+00 0.000000000000000e+00 0.000000000000000e+00 0.000000000000000e+00 0.000000000000000e+00 0.000000000000000e+00 0.000000000000000e+00
 0.000000000000000e+00 0.000000000000000e+00 0.000000000000000e+00 0.000000000000000e+00 0.000000000000000e+00 0.000000000000000e+00 0.000000000000000e+00 0.000000000000000e+00 0.000000000000000e+00 0.000000000000000e+00
 0.000000000000000e+00 0.000000000000000e+00 0.000000000000000e+00 0.000000000000000e+00 0.000000000000000e+00 0.000000000000000e+00 0.000000000000000e+00 0.000000000000000e+00 0.000000000000000e+00 0.000000000000000e+00
 0.000000000000000e+00 0.000000000000000e+00 0.000000000000000e+00 0.000000000000000e+00 0.000000000000000e+00 0.000000000000000e+00 0.000000000000000e+00 0.000000000000000e+00 0.000000000000000e+00 0.000000000000000e+00
 0.000000000000000e+00 0.000000000000000e+00 0.000000000000000e+00 0.000000000000000e+00 0.000000000000000e+00 0.000000000000000e+00 0.000000000000000e+00 0.000000000000000e+00 0.000000000000000e+00 0.000000000000000e+00
 0.000000000000000e+00 0.000000000000000e+00 0.000000000000000e+00 0.000000000000000e+00 0.000000000000000e+00 0.000000000000000e+00 0.000000000000000e+00 0.000000000000000e+00 0.000000000000000e+00 0.000000000000000e+00
 0.000000000000000e+00 0.000000000000000e+00 0.000000000000000e+00 0.000000000000000e+00 0.000000000000000e+00 0.000000000000000e+00 0.000000000000000e+00 0.000000000000000e+00 0.000000000000000e+00 0.000000000000000e+00
 0.000000000000000e+00 0.000000000000000e+00 0.000000000000000e+00 0.000000000000000e+00 0.000000000000000e+00 0.000000000000000e+00 0.000000000000000e+00 0.000000000000000e+00 0.000000000000000e+00 0.000000000000000e+00
 0.000000000000000e+00 0.000000000000000e+00 0.000000000000000e+00 0.000000000000000e+00 0.000000000000000e+00 0.000000000000000e+00 0.000000000000000e+00 0.000000000000000e+00 0.000000000000000e+00 0.000000000000000e+00
 0.000000000000000e+00 0.000000000000000e+00 0.000000000000000e+00 0.000000000000000e+00 0.000000000000000e+00 0.000000000000000e+00 0.000000000000000e+00 0.000000000000000e+00 0.000000000000000e+00 0.000000000000000e+00
 0.000000000000000e+00 0.000000000000000e+00 0.000000000000000e+00 0.000000000000000e+00 0.000000000000000e+00 0.000000000000000e+00 0.000000000000000e+00 0.000000000000000e+00 0.000000000000000e+00 0.000000000000000e+00
 0.000000000000000e+00 0.000000000000000e+00 0.000000000000000e+00 0.000000000000000e+00 0.000000000000000e+00 0.000000000000000e+00 0.000000000000000e+00 0.000000000000000e+00 0.000000000000000e+00 0.000000000000000e+00
 0.000000000000000e+00 0.000000000000000e+00 0.000000000000000e+00 0.000000000000000e+00 0.000000000000000e+00 0.000000000000000e+00 0.000000000000000e+00 0.000000000000000e+00 0.000000000000000e+00 0.000000000000000e+00
 0.000000000000000e+00 0.000000000000000e+00 0.000000000000000e+00 0.000000000000000e+00 0.000000000000000e+00 0.000000000000000e+00 0.000000000000000e+00 0.000000000000000e+00 0.000000000000000e+00 0.000000000000000e+00
 0.000000000000000e+00 0.000000000000000e+00 0.000000000000000e+00 0.000000000000000e+00 0.000000000000000e+00 0.000000000000000e+00 0.000000000000000e+00 0.000000000000000e+00 0.000000000000000e+00 0.000000000000000e+00
 0.000000000000000e+00 0.000000000000000e+00 0.000000000000000e+00 0.000000000000000e+00 0.000000000000000e+00 0.000000000000000e+00 0.000000000000000e+00 0.000000000000000e+00 0.000000000000000e+00 0.000000000000000e+00
 0.000000000000000e+00 0.000000000000000e+00 0.000000000000000e+00 0.000000000000000e+00 0.000000000000000e+00 0.000000000000000e+00 0.000000000000000e+00 0.000000000000000e+00 0.000000000000000e+00 0.000000000000000e+00
 0.000000000000000e+00 0.000000000000000e+00 0.000000000000000e+00 0.000000000000000e+00 0.000000000000000e+00 0.000000000000000e+00 0.000000000000000e+00 0.000000000000000e+00 0.000000000000000e+00 0.000000000000000e+00
 0.000000000000000e+00 0.000000000000000e+00 0.000000000000000e+00 0.000000000000000e+00 0.000000000000000e+00 0.000000000000000e+00 0.000000000000000e+00 0.000000000000000e+00 0.000000000000000e+00 0.000000000000000e+00
 0.000000000000000e+00 0.000000000000000e+00 0.000000000000000e+00 0.000000000000000e+00 0.000000000000000e+00 0.000000000000000e+00 0.000000000000000e+00 0.000000000000000e+00 0.000000000000000e+00 0.000000000000000e+00
 0.000000000000000e+00 0.000000000000000e+00 0.000000000000000e+00 0.000000000000000e+00 0.000000000000000e+00 0.000000000000000e+00 0.000000000000000e+00 0.000000000000000e+00 0.000000000000000e+00 0.000000000000000e+00
 0.000000000000000e+00 0.000000000000000e+00 0.000000000000000e+00 0.000000000000000e+00 0.000000000000000e+00 0.000000000000000e+00 0.000000000000000e+00 0.000000000000000e+00 0.000000000000000e+00 0.000000000000000e+00
 0.000000000000000e+00 0.000000000000000e+00 0.000000000000000e+00 0.000000000000000e+00 0.000000000000000e+00 0.000000000000000e+00 0.000000000000000e+00 0.000000000000000e+00 0.000000000000000e+00 0.000000000000000e+00
 0.000000000000000e+00 0.000000000000000e+00 0.000000000000000e+00 0.000000000000000e+00 0.000000000000000e+00 0.000000000000000e+00 0.000000000000000e+00 0.000000000000000e+00 0.000000000000000e+00 0.000000000000000e+00
 0.000000000000000e+00 0.000000000000000e+00 0.000000000000000e+00 0.000000000000000e+00 0.000000000000000e+00 0.000000000000000e+00 0.000000000000000e+00 0.000000000000000e+00 0.000000000000000e+00 0.000000000000000e+00
 0.000000000000000e+00 0.000000000000000e+00 0.000000000000000e+00 0.000000000000000e+00 0.000000000000000e+00 0.000000000000000e+00 0.000000000000000e+00 0.000000000000000e+00 0.000000000000000e+00 0.000000000000000e+00
 0.000000000000000e+00 0.000000000000000e+00 0.000000000000000e+00 0.000000000000000e+00 0.000000000000000e+00 0.000000000000000e+00 0.000000000000000e+00 0.000000000000000e+00 0.000000000000000e+00 0.000000000000000e+00
 0.000000000000000e+00 0.000000000000000e+00 0.000000000000000e+00 0.000000000000000e+00 0.000000000000000e+00 0.000000000000000e+00 0.000000000000000e+00 0.000000000000000e+00 0.000000000000000e+00 0.000000000000000e+00
 0.000000000000000e+00 0.000000000000000e+00 0.000000000000000e+00 0.000000000000000e+00 0.000000000000000e+00 0.000000000000000e+00 0.000000000000000e+00 0.000000000000000e+00 0.000000000000000e+00 0.000000000000000e+00
 0.000000000000000e+00 0.000000000000000e+00 0.000000000000000e+00 0.000000000000000e+00 0.000000000000000e+00 0.000000000000000e+00 0.000000000000000e+00 0.000000000000000e+00 0.000000000000000e+00 0.000000000000000e+00
 0.000000000000000e+00 0.000000000000000e+00 0.000000000000000e+00 0.000000000000000e+00 0.000000000000000e+00 0.000000000000000e+00 0.000000000000000e+00 0.000000000000000e+00 0.000000000000000e+00 0.000000000000000e+00
 0.000000000000000e+00 0.000000000000000e+00 0.000000000000000e+00 0.000000000000000e+00 0.000000000000000e+00 0.000000000000000e+00 0.000000000000000e+00 0.000000000000000e+00 0.000000000000000e+00 0.000000000000000e+00
 0.000000000000000e+00 0.000000000000000e+00 0.000000000000000e+00 0.000000000000000e+00 0.000000000000000e+00 0.000000000000000e+00 0.000000000000000e+00 0.000000000000000e+00 0.000000000000000e+00 0.000000000000000e+00
 0.000000000000000e+00 0.000000000000000e+00 0.000000000000000e+00 0.000000000000000e+00 0.000000000000000e+00 0.000000000000000e+00 0.000000000000000e+00 0.000000000000000e+00 0.000000000000000e+00 0.000000000000000e+00
 0.000000000000000e+00 0.000000000000000e+00 0.000000000000000e+00 0.000000000000000e+00 0.000000000000000e+00 0.000000000000000e+00 0.000000000000000e+00 0.000000000000000e+00 0.000000000000000e+00 0.000000000000000e+00
 0.000000000000000e+00 0.000000000000000e+00 0.000000000000000e+00 0.000000000000000e+00 0.000000000000000e+00 0.000000000000000e+00 0.000000000000000e+00 0.000000000000000e+00 0.000000000000000e+00 0.000000000000000e+00
 0.000000000000000e+00 0.000000000000000e+00 0.000000000000000e+00 0.000000000000000e+00 0.000000000000000e+00 0.000000000000000e+00 0.000000000000000e+00 0.000000000000000e+00 0.000000000000000e+00 0.000000000000000e+00
 0.000000000000000e+00 0.000000000000000e+00 0.000000000000000e+00 0.000000000000000e+00 0.000000000000000e+00 0.000000000000000e+00 0.000000000000000e+00 0.000000000000000e+00 0.000000000000000e+00 0.000000000000000e+00
 0.000000000000000e+00 0.000000000000000e+00 0.000000000000000e+00 0.000000000000000e+00 0.000000000000000e+00 0.000000000000000e+00 0.000000000000000e+00 0.000000000000000e+00 0.000000000000000e+00 0.000000000000000e+00
 0.000000000000000e+00 0.000000000000000e+00 0.000000000000000e+00 0.000000000000000e+00 0.000000000000000e+00 0.000000000000000e+00 0.000000000000000e+00 0.000000000000000e+00 0.000000000000000e+00 0.000000000000000e+00
 0.000000000000000e+00 0.000000000000000e+00 0.000000000000000e+00 0.000000000000000e+00 0.000000000000000e+00 0.000000000000000e+00 0.000000000000000e+00 0.000000000000000e+00 0.000000000000000e+00 0.000000000000000e+00
 0.000000000000000e+00 0.000000000000000e+00 0.000000000000000e+00 0.000000000000000e+00 0.000000000000000e+00 0.000000000000000e+00 0.000000000000000e+00 0.000000000000000e+00 0.000000000000000e+00 0.000000000000000e+00
 0.000000000000000e+00 0.000000000000000e+00 0.000000000000000e+00 0.000000000000000e+00 0.000000000000000e+00 0.000000000000000e+00 0.000000000000000e+00 0.000000000000000e+00 0.000000000000000e+00 0.000000000000000e+00
 0.000000000000000e+00 0.000000000000000e+00 0.000000000000000e+00 0.000000000000000e+00 0.000000000000000e+00 0.000000000000000e+00 0.000000000000000e+00 0.000000000000000e+00 0.000000000000000e+00 0.000000000000000e+00
 0.000000000000000e+00 0.000000000000000e+00 0.000000000000000e+00 0.000000000000000e+00 0.000000000000000e+00 0.000000000000000e+00 0.000000000000000e+00 0.000000000000000e+00 0.000000000000000e+00 0.000000000000000e+00
 0.000000000000000e+00 0.000000000000000e+00 0.000000000000000e+00 0.000000000000000e+00 0.000000000000000e+00 0.000000000000000e+00 0.000000000000000e+00 0.000000000000000e+00 0.000000000000000e+00 0.000000000000000e+00
 0.000000000000000e+00 0.000000000000000e+00 0.000000000000000e+00 0.000000000000000e+00 0.000000000000000e+00 0.000000000000000e+00 0.000000000000000e+00 0.000000000000000e+00 0.000000000000000e+00 0.000000000000000e+00
 0.000000000000000e+00 0.000000000000000e+00 0.000000000000000e+00 0.000000000000000e+00 0.000000000000000e+00 0.000000000000000e+00 0.000000000000000e+00 0.000000000000000e+00 0.000000000000000e+00 0.000000000000000e+00
 0.000000000000000e+00 0.000000000000000e+00 0.000000000000000e+00 0.000000000000000e+00 0.000000000000000e+00 0.000000000000000e+00 0.000000000000000e+00 0.000000000000000e+00 0.000000000000000e+00 0.000000000000000e+00
 0.000000000000000e+00 0.000000000000000e+00 0.000000000000000e+00 0.000000000000000e+00 0.000000000000000e+00 0.000000000000000e+00 0.000000000000000e+00 0.000000000000000e+00 0.000000000000000e+00 0.000000000000000e+00
 0.000000000000000e+00 0.000000000000000e+00 0.000000000000000e+00 0.000000000000000e+00 0.000000000000000e+00 0.000000000000000e+00 0.000000000000000e+00 0.000000000000000e+00 0.000000000000000e+00 0.000000000000000e+00
 0.000000000000000e+00 0.000000000000000e+00 0.000000000000000e+00 0.000000000000000e+00 0.000000000000000e+00 0.000000000000000e+00 0.000000000000000e+00 0.000000000000000e+00 0.000000000000000e+00 0.000000000000000e+00
 0.000000000000000e+00 0.000000000000000e+00 0.000000000000000e+00 0.000000000000000e+00 0.000000000000000e+00 0.000000000000000e+00 0.000000000000000e+00 0.000000000000000e+00 0.000000000000000e+00 0.000000000000000e+00
 0.000000000000000e+00 0.000000000000000e+00 0.000000000000000e+00 0.000000000000000e+00 0.000000000000000e+00 0.000000000000000e+00 0.000000000000000e+00 0.000000000000000e+00 0.000000000000000e+00 0.000000000000000e+00
 0.000000000000000e+00 0.000000000000000e+00 0.000000000000000e+00 0.000000000000000e+00 0.000000000000000e+00 0.000000000000000e+00 0.000000000000000e+00 0.000000000000000e+00 0.000000000000000e+00 0.000000000000000e+00
 0.000000000000000e+00 0.000000000000000e+00 0.000000000000000e+00 0.000000000000000e+00 0.000000000000000e+00 0.000000000000000e+00 0.000000000000000e+00 0.000000000000000e+00 0.000000000000000e+00 0.000000000000000e+00
 0.000000000000000e+00 0.000000000000000e+00 0.000000000000000e+00 0.000000000000000e+00 0.000000000000000e+00 0.000000000000000e+00 0.000000000000000e+00 0.000000000000000e+00 0.000000000000000e+00 0.000000000000000e+00
 0.000000000000000e+00 0.000000000000000e+00 0.000000000000000e+00 0.000000000000000e+00 0.000000000000000e+00 0.000000000000000e+00 0.000000000000000e+00 0.000000000000000e+00 0.000000000000000e+00 0.000000000000000e+00
 0.000000000000000e+00 0.000000000000000e+00 0.000000000000000e+00 0.000000000000000e+00 0.000000000000000e+00 0.000000000000000e+00 0.000000000000000e+00 0.000000000000000e+00 0.000000000000000e+00 0.000000000000000e+00
 0.000000000000000e+00 0.000000000000000e+00 0.000000000000000e+00 0.000000000000000e+00 0.000000000000000e+00 0.000000000000000e+00 0.000000000000000e+00 0.000000000000000e+00 0.000000000000000e+00 0.000000000000000e+00
 0.000000000000000e+00 0.000000000000000e+00 0.000000000000000e+00 0.000000000000000e+00 0.000000000000000e+00 0.000000000000000e+00 0.000000000000000e+00 0.000000000000000e+00 0.000000000000000e+00 0.000000000000000e+00
 0.000000000000000e+00 0.000000000000000e+00 0.000000000000000e+00 0.000000000000000e+00 0.000000000000000e+00 0.000000000000000e+00 0.000000000000000e+00 0.000000000000000e+00 0.000000000000000e+00 0.000000000000000e+00
 0.000000000000000e+00 0.000000000000000e+00 0.000000000000000e+00 0.000000000000000e+00 0.000000000000000e+00 0.000000000000000e+00 0.000000000000000e+00 0.000000000000000e+00 0.000000000000000e+00 0.000000000000000e+00
 0.000000000000000e+00 0.000000000000000e+00 0.000000000000000e+00 0.000000000000000e+00 0.000000000000000e+00 0.000000000000000e+00 0.000000000000000e+00 0.000000000000000e+00 0.000000000000000e+00 0.000000000000000e+00
 0.000000000000000e+00 0.000000000000000e+00 0.000000000000000e+00 0.000000000000000e+00 0.000000000000000e+00 0.000000000000000e+00 0.000000000000000e+00 0.000000000000000e+00 0.000000000000000e+00 0.000000000000000e+00
 0.000000000000000e+00 0.000000000000000e+00 0.000000000000000e+00 0.000000000000000e+00 0.000000000000000e+00 0.000000000000000e+00 0.000000000000000e+00 0.000000000000000e+00 0.000000000000000e+00 0.000000000000000e+00
 0.000000000000000e+00 0.000000000000000e+00 0.000000000000000e+00 0.000000000000000e+00 0.000000000000000e+00 0.000000000000000e+00 0.000000000000000e+00 0.000000000000000e+00 0.000000000000000e+00 0.000000000000000e+00
 0.000000000000000e+00 0.000000000000000e+00 0.000000000000000e+00 0.000000000000000e+00 0.000000000000000e+00 0.000000000000000e+00 0.000000000000000e+00 0.000000000000000e+00 0.000000000000000e+00 0.000000000000000e+00
 0.000000000000000e+00 0.000000000000000e+00 0.000000000000000e+00 0.000000000000000e+00 0.000000000000000e+00 0.000000000000000e+00 0.000000000000000e+00 0.000000000000000e+00 0.000000000000000e+00 0.000000000000000e+00
 0.000000000000000e+00 0.000000000000000e+00 0.000000000000000e+00 0.000000000000000e+00 0.000000000000000e+00 0.000000000000000e+00 0.000000000000000e+00 0.000000000000000e+00 0.000000000000000e+00 0.000000000000000e+00
 0.000000000000000e+00 0.000000000000000e+00 0.000000000000000e+00 0.000000000000000e+00 0.000000000000000e+00 0.000000000000000e+00 0.000000000000000e+00 0.000000000000000e+00 0.000000000000000e+00 0.000000000000000e+00
 0.000000000000000e+00 0.000000000000000e+00 0.000000000000000e+00 0.000000000000000e+00 0.000000000000000e+00 0.000000000000000e+00 0.000000000000000e+00 0.000000000000000e+00 0.000000000000000e+00 0.000000000000000e+00
 0.000000000000000e+00 0.000000000000000e+00 0.000000000000000e+00 0.000000000000000e+00 0.000000000000000e+00 0.000000000000000e+00 0.000000000000000e+00 0.000000000000000e+00 0.000000000000000e+00 0.000000000000000e+00
 0.000000000000000e+00 0.000000000000000e+00 0.000000000000000e+00 0.000000000000000e+00 0.000000000000000e+00 0.000000000000000e+00 0.000000000000000e+00 0.000000000000000e+00 0.000000000000000e+00 0.000000000000000e+00
 0.000000000000000e+00 0.000000000000000e+00 0.000000000000000e+00 0.000000000000000e+00 0.000000000000000e+00
    }
  }

  Dataset ("AluminumActiveConcentration") {
    function  = AluminumActiveConcentration
    type      = scalar
    dimension = 1
    location  = vertex
    validity  = [ "n_plus" ]
    Values (2405) {
 0.000000000000000e+00 0.000000000000000e+00 0.000000000000000e+00 0.000000000000000e+00 0.000000000000000e+00 0.000000000000000e+00 0.000000000000000e+00 0.000000000000000e+00 0.000000000000000e+00 0.000000000000000e+00
 0.000000000000000e+00 0.000000000000000e+00 0.000000000000000e+00 0.000000000000000e+00 0.000000000000000e+00 0.000000000000000e+00 0.000000000000000e+00 0.000000000000000e+00 0.000000000000000e+00 0.000000000000000e+00
 0.000000000000000e+00 0.000000000000000e+00 0.000000000000000e+00 0.000000000000000e+00 0.000000000000000e+00 0.000000000000000e+00 0.000000000000000e+00 0.000000000000000e+00 0.000000000000000e+00 0.000000000000000e+00
 0.000000000000000e+00 0.000000000000000e+00 0.000000000000000e+00 0.000000000000000e+00 0.000000000000000e+00 0.000000000000000e+00 0.000000000000000e+00 0.000000000000000e+00 0.000000000000000e+00 0.000000000000000e+00
 0.000000000000000e+00 0.000000000000000e+00 0.000000000000000e+00 0.000000000000000e+00 0.000000000000000e+00 0.000000000000000e+00 0.000000000000000e+00 0.000000000000000e+00 0.000000000000000e+00 0.000000000000000e+00
 0.000000000000000e+00 0.000000000000000e+00 0.000000000000000e+00 0.000000000000000e+00 0.000000000000000e+00 0.000000000000000e+00 0.000000000000000e+00 0.000000000000000e+00 0.000000000000000e+00 0.000000000000000e+00
 0.000000000000000e+00 0.000000000000000e+00 0.000000000000000e+00 0.000000000000000e+00 0.000000000000000e+00 0.000000000000000e+00 0.000000000000000e+00 0.000000000000000e+00 0.000000000000000e+00 0.000000000000000e+00
 0.000000000000000e+00 0.000000000000000e+00 0.000000000000000e+00 0.000000000000000e+00 0.000000000000000e+00 0.000000000000000e+00 0.000000000000000e+00 0.000000000000000e+00 0.000000000000000e+00 0.000000000000000e+00
 0.000000000000000e+00 0.000000000000000e+00 0.000000000000000e+00 0.000000000000000e+00 0.000000000000000e+00 0.000000000000000e+00 0.000000000000000e+00 0.000000000000000e+00 0.000000000000000e+00 0.000000000000000e+00
 0.000000000000000e+00 0.000000000000000e+00 0.000000000000000e+00 0.000000000000000e+00 0.000000000000000e+00 0.000000000000000e+00 0.000000000000000e+00 0.000000000000000e+00 0.000000000000000e+00 0.000000000000000e+00
 0.000000000000000e+00 0.000000000000000e+00 0.000000000000000e+00 0.000000000000000e+00 0.000000000000000e+00 0.000000000000000e+00 0.000000000000000e+00 0.000000000000000e+00 0.000000000000000e+00 0.000000000000000e+00
 0.000000000000000e+00 0.000000000000000e+00 0.000000000000000e+00 0.000000000000000e+00 0.000000000000000e+00 0.000000000000000e+00 0.000000000000000e+00 0.000000000000000e+00 0.000000000000000e+00 0.000000000000000e+00
 0.000000000000000e+00 0.000000000000000e+00 0.000000000000000e+00 0.000000000000000e+00 0.000000000000000e+00 0.000000000000000e+00 0.000000000000000e+00 0.000000000000000e+00 0.000000000000000e+00 0.000000000000000e+00
 0.000000000000000e+00 0.000000000000000e+00 0.000000000000000e+00 0.000000000000000e+00 0.000000000000000e+00 0.000000000000000e+00 0.000000000000000e+00 0.000000000000000e+00 0.000000000000000e+00 0.000000000000000e+00
 0.000000000000000e+00 0.000000000000000e+00 0.000000000000000e+00 0.000000000000000e+00 0.000000000000000e+00 0.000000000000000e+00 0.000000000000000e+00 0.000000000000000e+00 0.000000000000000e+00 0.000000000000000e+00
 0.000000000000000e+00 0.000000000000000e+00 0.000000000000000e+00 0.000000000000000e+00 0.000000000000000e+00 0.000000000000000e+00 0.000000000000000e+00 0.000000000000000e+00 0.000000000000000e+00 0.000000000000000e+00
 0.000000000000000e+00 0.000000000000000e+00 0.000000000000000e+00 0.000000000000000e+00 0.000000000000000e+00 0.000000000000000e+00 0.000000000000000e+00 0.000000000000000e+00 0.000000000000000e+00 0.000000000000000e+00
 0.000000000000000e+00 0.000000000000000e+00 0.000000000000000e+00 0.000000000000000e+00 0.000000000000000e+00 0.000000000000000e+00 0.000000000000000e+00 0.000000000000000e+00 0.000000000000000e+00 0.000000000000000e+00
 0.000000000000000e+00 0.000000000000000e+00 0.000000000000000e+00 0.000000000000000e+00 0.000000000000000e+00 0.000000000000000e+00 0.000000000000000e+00 0.000000000000000e+00 0.000000000000000e+00 0.000000000000000e+00
 0.000000000000000e+00 0.000000000000000e+00 0.000000000000000e+00 0.000000000000000e+00 0.000000000000000e+00 0.000000000000000e+00 0.000000000000000e+00 0.000000000000000e+00 0.000000000000000e+00 0.000000000000000e+00
 0.000000000000000e+00 0.000000000000000e+00 0.000000000000000e+00 0.000000000000000e+00 0.000000000000000e+00 0.000000000000000e+00 0.000000000000000e+00 0.000000000000000e+00 0.000000000000000e+00 0.000000000000000e+00
 0.000000000000000e+00 0.000000000000000e+00 0.000000000000000e+00 0.000000000000000e+00 0.000000000000000e+00 0.000000000000000e+00 0.000000000000000e+00 0.000000000000000e+00 0.000000000000000e+00 0.000000000000000e+00
 0.000000000000000e+00 0.000000000000000e+00 0.000000000000000e+00 0.000000000000000e+00 0.000000000000000e+00 0.000000000000000e+00 0.000000000000000e+00 0.000000000000000e+00 0.000000000000000e+00 0.000000000000000e+00
 0.000000000000000e+00 0.000000000000000e+00 0.000000000000000e+00 0.000000000000000e+00 0.000000000000000e+00 0.000000000000000e+00 0.000000000000000e+00 0.000000000000000e+00 0.000000000000000e+00 0.000000000000000e+00
 0.000000000000000e+00 0.000000000000000e+00 0.000000000000000e+00 0.000000000000000e+00 0.000000000000000e+00 0.000000000000000e+00 0.000000000000000e+00 0.000000000000000e+00 0.000000000000000e+00 0.000000000000000e+00
 0.000000000000000e+00 0.000000000000000e+00 0.000000000000000e+00 0.000000000000000e+00 0.000000000000000e+00 0.000000000000000e+00 0.000000000000000e+00 0.000000000000000e+00 0.000000000000000e+00 0.000000000000000e+00
 0.000000000000000e+00 0.000000000000000e+00 0.000000000000000e+00 0.000000000000000e+00 0.000000000000000e+00 0.000000000000000e+00 0.000000000000000e+00 0.000000000000000e+00 0.000000000000000e+00 0.000000000000000e+00
 0.000000000000000e+00 0.000000000000000e+00 0.000000000000000e+00 0.000000000000000e+00 0.000000000000000e+00 0.000000000000000e+00 0.000000000000000e+00 0.000000000000000e+00 0.000000000000000e+00 0.000000000000000e+00
 0.000000000000000e+00 0.000000000000000e+00 0.000000000000000e+00 0.000000000000000e+00 0.000000000000000e+00 0.000000000000000e+00 0.000000000000000e+00 0.000000000000000e+00 0.000000000000000e+00 0.000000000000000e+00
 0.000000000000000e+00 0.000000000000000e+00 0.000000000000000e+00 0.000000000000000e+00 0.000000000000000e+00 0.000000000000000e+00 0.000000000000000e+00 0.000000000000000e+00 0.000000000000000e+00 0.000000000000000e+00
 0.000000000000000e+00 0.000000000000000e+00 0.000000000000000e+00 0.000000000000000e+00 0.000000000000000e+00 0.000000000000000e+00 0.000000000000000e+00 0.000000000000000e+00 0.000000000000000e+00 0.000000000000000e+00
 0.000000000000000e+00 0.000000000000000e+00 0.000000000000000e+00 0.000000000000000e+00 0.000000000000000e+00 0.000000000000000e+00 0.000000000000000e+00 0.000000000000000e+00 0.000000000000000e+00 0.000000000000000e+00
 0.000000000000000e+00 0.000000000000000e+00 0.000000000000000e+00 0.000000000000000e+00 0.000000000000000e+00 0.000000000000000e+00 0.000000000000000e+00 0.000000000000000e+00 0.000000000000000e+00 0.000000000000000e+00
 0.000000000000000e+00 0.000000000000000e+00 0.000000000000000e+00 0.000000000000000e+00 0.000000000000000e+00 0.000000000000000e+00 0.000000000000000e+00 0.000000000000000e+00 0.000000000000000e+00 0.000000000000000e+00
 0.000000000000000e+00 0.000000000000000e+00 0.000000000000000e+00 0.000000000000000e+00 0.000000000000000e+00 0.000000000000000e+00 0.000000000000000e+00 0.000000000000000e+00 0.000000000000000e+00 0.000000000000000e+00
 0.000000000000000e+00 0.000000000000000e+00 0.000000000000000e+00 0.000000000000000e+00 0.000000000000000e+00 0.000000000000000e+00 0.000000000000000e+00 0.000000000000000e+00 0.000000000000000e+00 0.000000000000000e+00
 0.000000000000000e+00 0.000000000000000e+00 0.000000000000000e+00 0.000000000000000e+00 0.000000000000000e+00 0.000000000000000e+00 0.000000000000000e+00 0.000000000000000e+00 0.000000000000000e+00 0.000000000000000e+00
 0.000000000000000e+00 0.000000000000000e+00 0.000000000000000e+00 0.000000000000000e+00 0.000000000000000e+00 0.000000000000000e+00 0.000000000000000e+00 0.000000000000000e+00 0.000000000000000e+00 0.000000000000000e+00
 0.000000000000000e+00 0.000000000000000e+00 0.000000000000000e+00 0.000000000000000e+00 0.000000000000000e+00 0.000000000000000e+00 0.000000000000000e+00 0.000000000000000e+00 0.000000000000000e+00 0.000000000000000e+00
 0.000000000000000e+00 0.000000000000000e+00 0.000000000000000e+00 0.000000000000000e+00 0.000000000000000e+00 0.000000000000000e+00 0.000000000000000e+00 0.000000000000000e+00 0.000000000000000e+00 0.000000000000000e+00
 0.000000000000000e+00 0.000000000000000e+00 0.000000000000000e+00 0.000000000000000e+00 0.000000000000000e+00 0.000000000000000e+00 0.000000000000000e+00 0.000000000000000e+00 0.000000000000000e+00 0.000000000000000e+00
 0.000000000000000e+00 0.000000000000000e+00 0.000000000000000e+00 0.000000000000000e+00 0.000000000000000e+00 0.000000000000000e+00 0.000000000000000e+00 0.000000000000000e+00 0.000000000000000e+00 0.000000000000000e+00
 0.000000000000000e+00 0.000000000000000e+00 0.000000000000000e+00 0.000000000000000e+00 0.000000000000000e+00 0.000000000000000e+00 0.000000000000000e+00 0.000000000000000e+00 0.000000000000000e+00 0.000000000000000e+00
 0.000000000000000e+00 0.000000000000000e+00 0.000000000000000e+00 0.000000000000000e+00 0.000000000000000e+00 0.000000000000000e+00 0.000000000000000e+00 0.000000000000000e+00 0.000000000000000e+00 0.000000000000000e+00
 0.000000000000000e+00 0.000000000000000e+00 0.000000000000000e+00 0.000000000000000e+00 0.000000000000000e+00 0.000000000000000e+00 0.000000000000000e+00 0.000000000000000e+00 0.000000000000000e+00 0.000000000000000e+00
 0.000000000000000e+00 0.000000000000000e+00 0.000000000000000e+00 0.000000000000000e+00 0.000000000000000e+00 0.000000000000000e+00 0.000000000000000e+00 0.000000000000000e+00 0.000000000000000e+00 0.000000000000000e+00
 0.000000000000000e+00 0.000000000000000e+00 0.000000000000000e+00 0.000000000000000e+00 0.000000000000000e+00 0.000000000000000e+00 0.000000000000000e+00 0.000000000000000e+00 0.000000000000000e+00 0.000000000000000e+00
 0.000000000000000e+00 0.000000000000000e+00 0.000000000000000e+00 0.000000000000000e+00 0.000000000000000e+00 0.000000000000000e+00 0.000000000000000e+00 0.000000000000000e+00 0.000000000000000e+00 0.000000000000000e+00
 0.000000000000000e+00 0.000000000000000e+00 0.000000000000000e+00 0.000000000000000e+00 0.000000000000000e+00 0.000000000000000e+00 0.000000000000000e+00 0.000000000000000e+00 0.000000000000000e+00 0.000000000000000e+00
 0.000000000000000e+00 0.000000000000000e+00 0.000000000000000e+00 0.000000000000000e+00 0.000000000000000e+00 0.000000000000000e+00 0.000000000000000e+00 0.000000000000000e+00 0.000000000000000e+00 0.000000000000000e+00
 0.000000000000000e+00 0.000000000000000e+00 0.000000000000000e+00 0.000000000000000e+00 0.000000000000000e+00 0.000000000000000e+00 0.000000000000000e+00 0.000000000000000e+00 0.000000000000000e+00 0.000000000000000e+00
 0.000000000000000e+00 0.000000000000000e+00 0.000000000000000e+00 0.000000000000000e+00 0.000000000000000e+00 0.000000000000000e+00 0.000000000000000e+00 0.000000000000000e+00 0.000000000000000e+00 0.000000000000000e+00
 0.000000000000000e+00 0.000000000000000e+00 0.000000000000000e+00 0.000000000000000e+00 0.000000000000000e+00 0.000000000000000e+00 0.000000000000000e+00 0.000000000000000e+00 0.000000000000000e+00 0.000000000000000e+00
 0.000000000000000e+00 0.000000000000000e+00 0.000000000000000e+00 0.000000000000000e+00 0.000000000000000e+00 0.000000000000000e+00 0.000000000000000e+00 0.000000000000000e+00 0.000000000000000e+00 0.000000000000000e+00
 0.000000000000000e+00 0.000000000000000e+00 0.000000000000000e+00 0.000000000000000e+00 0.000000000000000e+00 0.000000000000000e+00 0.000000000000000e+00 0.000000000000000e+00 0.000000000000000e+00 0.000000000000000e+00
 0.000000000000000e+00 0.000000000000000e+00 0.000000000000000e+00 0.000000000000000e+00 0.000000000000000e+00 0.000000000000000e+00 0.000000000000000e+00 0.000000000000000e+00 0.000000000000000e+00 0.000000000000000e+00
 0.000000000000000e+00 0.000000000000000e+00 0.000000000000000e+00 0.000000000000000e+00 0.000000000000000e+00 0.000000000000000e+00 0.000000000000000e+00 0.000000000000000e+00 0.000000000000000e+00 0.000000000000000e+00
 0.000000000000000e+00 0.000000000000000e+00 0.000000000000000e+00 0.000000000000000e+00 0.000000000000000e+00 0.000000000000000e+00 0.000000000000000e+00 0.000000000000000e+00 0.000000000000000e+00 0.000000000000000e+00
 0.000000000000000e+00 0.000000000000000e+00 0.000000000000000e+00 0.000000000000000e+00 0.000000000000000e+00 0.000000000000000e+00 0.000000000000000e+00 0.000000000000000e+00 0.000000000000000e+00 0.000000000000000e+00
 0.000000000000000e+00 0.000000000000000e+00 0.000000000000000e+00 0.000000000000000e+00 0.000000000000000e+00 0.000000000000000e+00 0.000000000000000e+00 0.000000000000000e+00 0.000000000000000e+00 0.000000000000000e+00
 0.000000000000000e+00 0.000000000000000e+00 0.000000000000000e+00 0.000000000000000e+00 0.000000000000000e+00 0.000000000000000e+00 0.000000000000000e+00 0.000000000000000e+00 0.000000000000000e+00 0.000000000000000e+00
 0.000000000000000e+00 0.000000000000000e+00 0.000000000000000e+00 0.000000000000000e+00 0.000000000000000e+00 0.000000000000000e+00 0.000000000000000e+00 0.000000000000000e+00 0.000000000000000e+00 0.000000000000000e+00
 0.000000000000000e+00 0.000000000000000e+00 0.000000000000000e+00 0.000000000000000e+00 0.000000000000000e+00 0.000000000000000e+00 0.000000000000000e+00 0.000000000000000e+00 0.000000000000000e+00 0.000000000000000e+00
 0.000000000000000e+00 0.000000000000000e+00 0.000000000000000e+00 0.000000000000000e+00 0.000000000000000e+00 0.000000000000000e+00 0.000000000000000e+00 0.000000000000000e+00 0.000000000000000e+00 0.000000000000000e+00
 0.000000000000000e+00 0.000000000000000e+00 0.000000000000000e+00 0.000000000000000e+00 0.000000000000000e+00 0.000000000000000e+00 0.000000000000000e+00 0.000000000000000e+00 0.000000000000000e+00 0.000000000000000e+00
 0.000000000000000e+00 0.000000000000000e+00 0.000000000000000e+00 0.000000000000000e+00 0.000000000000000e+00 0.000000000000000e+00 0.000000000000000e+00 0.000000000000000e+00 0.000000000000000e+00 0.000000000000000e+00
 0.000000000000000e+00 0.000000000000000e+00 0.000000000000000e+00 0.000000000000000e+00 0.000000000000000e+00 0.000000000000000e+00 0.000000000000000e+00 0.000000000000000e+00 0.000000000000000e+00 0.000000000000000e+00
 0.000000000000000e+00 0.000000000000000e+00 0.000000000000000e+00 0.000000000000000e+00 0.000000000000000e+00 0.000000000000000e+00 0.000000000000000e+00 0.000000000000000e+00 0.000000000000000e+00 0.000000000000000e+00
 0.000000000000000e+00 0.000000000000000e+00 0.000000000000000e+00 0.000000000000000e+00 0.000000000000000e+00 0.000000000000000e+00 0.000000000000000e+00 0.000000000000000e+00 0.000000000000000e+00 0.000000000000000e+00
 0.000000000000000e+00 0.000000000000000e+00 0.000000000000000e+00 0.000000000000000e+00 0.000000000000000e+00 0.000000000000000e+00 0.000000000000000e+00 0.000000000000000e+00 0.000000000000000e+00 0.000000000000000e+00
 0.000000000000000e+00 0.000000000000000e+00 0.000000000000000e+00 0.000000000000000e+00 0.000000000000000e+00 0.000000000000000e+00 0.000000000000000e+00 0.000000000000000e+00 0.000000000000000e+00 0.000000000000000e+00
 0.000000000000000e+00 0.000000000000000e+00 0.000000000000000e+00 0.000000000000000e+00 0.000000000000000e+00 0.000000000000000e+00 0.000000000000000e+00 0.000000000000000e+00 0.000000000000000e+00 0.000000000000000e+00
 0.000000000000000e+00 0.000000000000000e+00 0.000000000000000e+00 0.000000000000000e+00 0.000000000000000e+00 0.000000000000000e+00 0.000000000000000e+00 0.000000000000000e+00 0.000000000000000e+00 0.000000000000000e+00
 0.000000000000000e+00 0.000000000000000e+00 0.000000000000000e+00 0.000000000000000e+00 0.000000000000000e+00 0.000000000000000e+00 0.000000000000000e+00 0.000000000000000e+00 0.000000000000000e+00 0.000000000000000e+00
 0.000000000000000e+00 0.000000000000000e+00 0.000000000000000e+00 0.000000000000000e+00 0.000000000000000e+00 0.000000000000000e+00 0.000000000000000e+00 0.000000000000000e+00 0.000000000000000e+00 0.000000000000000e+00
 0.000000000000000e+00 0.000000000000000e+00 0.000000000000000e+00 0.000000000000000e+00 0.000000000000000e+00 0.000000000000000e+00 0.000000000000000e+00 0.000000000000000e+00 0.000000000000000e+00 0.000000000000000e+00
 0.000000000000000e+00 0.000000000000000e+00 0.000000000000000e+00 0.000000000000000e+00 0.000000000000000e+00 0.000000000000000e+00 0.000000000000000e+00 0.000000000000000e+00 0.000000000000000e+00 0.000000000000000e+00
 0.000000000000000e+00 0.000000000000000e+00 0.000000000000000e+00 0.000000000000000e+00 0.000000000000000e+00 0.000000000000000e+00 0.000000000000000e+00 0.000000000000000e+00 0.000000000000000e+00 0.000000000000000e+00
 0.000000000000000e+00 0.000000000000000e+00 0.000000000000000e+00 0.000000000000000e+00 0.000000000000000e+00 0.000000000000000e+00 0.000000000000000e+00 0.000000000000000e+00 0.000000000000000e+00 0.000000000000000e+00
 0.000000000000000e+00 0.000000000000000e+00 0.000000000000000e+00 0.000000000000000e+00 0.000000000000000e+00 0.000000000000000e+00 0.000000000000000e+00 0.000000000000000e+00 0.000000000000000e+00 0.000000000000000e+00
 0.000000000000000e+00 0.000000000000000e+00 0.000000000000000e+00 0.000000000000000e+00 0.000000000000000e+00 0.000000000000000e+00 0.000000000000000e+00 0.000000000000000e+00 0.000000000000000e+00 0.000000000000000e+00
 0.000000000000000e+00 0.000000000000000e+00 0.000000000000000e+00 0.000000000000000e+00 0.000000000000000e+00 0.000000000000000e+00 0.000000000000000e+00 0.000000000000000e+00 0.000000000000000e+00 0.000000000000000e+00
 0.000000000000000e+00 0.000000000000000e+00 0.000000000000000e+00 0.000000000000000e+00 0.000000000000000e+00 0.000000000000000e+00 0.000000000000000e+00 0.000000000000000e+00 0.000000000000000e+00 0.000000000000000e+00
 0.000000000000000e+00 0.000000000000000e+00 0.000000000000000e+00 0.000000000000000e+00 0.000000000000000e+00 0.000000000000000e+00 0.000000000000000e+00 0.000000000000000e+00 0.000000000000000e+00 0.000000000000000e+00
 0.000000000000000e+00 0.000000000000000e+00 0.000000000000000e+00 0.000000000000000e+00 0.000000000000000e+00 0.000000000000000e+00 0.000000000000000e+00 0.000000000000000e+00 0.000000000000000e+00 0.000000000000000e+00
 0.000000000000000e+00 0.000000000000000e+00 0.000000000000000e+00 0.000000000000000e+00 0.000000000000000e+00 0.000000000000000e+00 0.000000000000000e+00 0.000000000000000e+00 0.000000000000000e+00 0.000000000000000e+00
 0.000000000000000e+00 0.000000000000000e+00 0.000000000000000e+00 0.000000000000000e+00 0.000000000000000e+00 0.000000000000000e+00 0.000000000000000e+00 0.000000000000000e+00 0.000000000000000e+00 0.000000000000000e+00
 0.000000000000000e+00 0.000000000000000e+00 0.000000000000000e+00 0.000000000000000e+00 0.000000000000000e+00 0.000000000000000e+00 0.000000000000000e+00 0.000000000000000e+00 0.000000000000000e+00 0.000000000000000e+00
 0.000000000000000e+00 0.000000000000000e+00 0.000000000000000e+00 0.000000000000000e+00 0.000000000000000e+00 0.000000000000000e+00 0.000000000000000e+00 0.000000000000000e+00 0.000000000000000e+00 0.000000000000000e+00
 0.000000000000000e+00 0.000000000000000e+00 0.000000000000000e+00 0.000000000000000e+00 0.000000000000000e+00 0.000000000000000e+00 0.000000000000000e+00 0.000000000000000e+00 0.000000000000000e+00 0.000000000000000e+00
 0.000000000000000e+00 0.000000000000000e+00 0.000000000000000e+00 0.000000000000000e+00 0.000000000000000e+00 0.000000000000000e+00 0.000000000000000e+00 0.000000000000000e+00 0.000000000000000e+00 0.000000000000000e+00
 0.000000000000000e+00 0.000000000000000e+00 0.000000000000000e+00 0.000000000000000e+00 0.000000000000000e+00 0.000000000000000e+00 0.000000000000000e+00 0.000000000000000e+00 0.000000000000000e+00 0.000000000000000e+00
 0.000000000000000e+00 0.000000000000000e+00 0.000000000000000e+00 0.000000000000000e+00 0.000000000000000e+00 0.000000000000000e+00 0.000000000000000e+00 0.000000000000000e+00 0.000000000000000e+00 0.000000000000000e+00
 0.000000000000000e+00 0.000000000000000e+00 0.000000000000000e+00 0.000000000000000e+00 0.000000000000000e+00 0.000000000000000e+00 0.000000000000000e+00 0.000000000000000e+00 0.000000000000000e+00 0.000000000000000e+00
 0.000000000000000e+00 0.000000000000000e+00 0.000000000000000e+00 0.000000000000000e+00 0.000000000000000e+00 0.000000000000000e+00 0.000000000000000e+00 0.000000000000000e+00 0.000000000000000e+00 0.000000000000000e+00
 0.000000000000000e+00 0.000000000000000e+00 0.000000000000000e+00 0.000000000000000e+00 0.000000000000000e+00 0.000000000000000e+00 0.000000000000000e+00 0.000000000000000e+00 0.000000000000000e+00 0.000000000000000e+00
 0.000000000000000e+00 0.000000000000000e+00 0.000000000000000e+00 0.000000000000000e+00 0.000000000000000e+00 0.000000000000000e+00 0.000000000000000e+00 0.000000000000000e+00 0.000000000000000e+00 0.000000000000000e+00
 0.000000000000000e+00 0.000000000000000e+00 0.000000000000000e+00 0.000000000000000e+00 0.000000000000000e+00 0.000000000000000e+00 0.000000000000000e+00 0.000000000000000e+00 0.000000000000000e+00 0.000000000000000e+00
 0.000000000000000e+00 0.000000000000000e+00 0.000000000000000e+00 0.000000000000000e+00 0.000000000000000e+00 0.000000000000000e+00 0.000000000000000e+00 0.000000000000000e+00 0.000000000000000e+00 0.000000000000000e+00
 0.000000000000000e+00 0.000000000000000e+00 0.000000000000000e+00 0.000000000000000e+00 0.000000000000000e+00 0.000000000000000e+00 0.000000000000000e+00 0.000000000000000e+00 0.000000000000000e+00 0.000000000000000e+00
 0.000000000000000e+00 0.000000000000000e+00 0.000000000000000e+00 0.000000000000000e+00 0.000000000000000e+00 0.000000000000000e+00 0.000000000000000e+00 0.000000000000000e+00 0.000000000000000e+00 0.000000000000000e+00
 0.000000000000000e+00 0.000000000000000e+00 0.000000000000000e+00 0.000000000000000e+00 0.000000000000000e+00 0.000000000000000e+00 0.000000000000000e+00 0.000000000000000e+00 0.000000000000000e+00 0.000000000000000e+00
 0.000000000000000e+00 0.000000000000000e+00 0.000000000000000e+00 0.000000000000000e+00 0.000000000000000e+00 0.000000000000000e+00 0.000000000000000e+00 0.000000000000000e+00 0.000000000000000e+00 0.000000000000000e+00
 0.000000000000000e+00 0.000000000000000e+00 0.000000000000000e+00 0.000000000000000e+00 0.000000000000000e+00 0.000000000000000e+00 0.000000000000000e+00 0.000000000000000e+00 0.000000000000000e+00 0.000000000000000e+00
 0.000000000000000e+00 0.000000000000000e+00 0.000000000000000e+00 0.000000000000000e+00 0.000000000000000e+00 0.000000000000000e+00 0.000000000000000e+00 0.000000000000000e+00 0.000000000000000e+00 0.000000000000000e+00
 0.000000000000000e+00 0.000000000000000e+00 0.000000000000000e+00 0.000000000000000e+00 0.000000000000000e+00 0.000000000000000e+00 0.000000000000000e+00 0.000000000000000e+00 0.000000000000000e+00 0.000000000000000e+00
 0.000000000000000e+00 0.000000000000000e+00 0.000000000000000e+00 0.000000000000000e+00 0.000000000000000e+00 0.000000000000000e+00 0.000000000000000e+00 0.000000000000000e+00 0.000000000000000e+00 0.000000000000000e+00
 0.000000000000000e+00 0.000000000000000e+00 0.000000000000000e+00 0.000000000000000e+00 0.000000000000000e+00 0.000000000000000e+00 0.000000000000000e+00 0.000000000000000e+00 0.000000000000000e+00 0.000000000000000e+00
 0.000000000000000e+00 0.000000000000000e+00 0.000000000000000e+00 0.000000000000000e+00 0.000000000000000e+00 0.000000000000000e+00 0.000000000000000e+00 0.000000000000000e+00 0.000000000000000e+00 0.000000000000000e+00
 0.000000000000000e+00 0.000000000000000e+00 0.000000000000000e+00 0.000000000000000e+00 0.000000000000000e+00 0.000000000000000e+00 0.000000000000000e+00 0.000000000000000e+00 0.000000000000000e+00 0.000000000000000e+00
 0.000000000000000e+00 0.000000000000000e+00 0.000000000000000e+00 0.000000000000000e+00 0.000000000000000e+00 0.000000000000000e+00 0.000000000000000e+00 0.000000000000000e+00 0.000000000000000e+00 0.000000000000000e+00
 0.000000000000000e+00 0.000000000000000e+00 0.000000000000000e+00 0.000000000000000e+00 0.000000000000000e+00 0.000000000000000e+00 0.000000000000000e+00 0.000000000000000e+00 0.000000000000000e+00 0.000000000000000e+00
 0.000000000000000e+00 0.000000000000000e+00 0.000000000000000e+00 0.000000000000000e+00 0.000000000000000e+00 0.000000000000000e+00 0.000000000000000e+00 0.000000000000000e+00 0.000000000000000e+00 0.000000000000000e+00
 0.000000000000000e+00 0.000000000000000e+00 0.000000000000000e+00 0.000000000000000e+00 0.000000000000000e+00 0.000000000000000e+00 0.000000000000000e+00 0.000000000000000e+00 0.000000000000000e+00 0.000000000000000e+00
 0.000000000000000e+00 0.000000000000000e+00 0.000000000000000e+00 0.000000000000000e+00 0.000000000000000e+00 0.000000000000000e+00 0.000000000000000e+00 0.000000000000000e+00 0.000000000000000e+00 0.000000000000000e+00
 0.000000000000000e+00 0.000000000000000e+00 0.000000000000000e+00 0.000000000000000e+00 0.000000000000000e+00 0.000000000000000e+00 0.000000000000000e+00 0.000000000000000e+00 0.000000000000000e+00 0.000000000000000e+00
 0.000000000000000e+00 0.000000000000000e+00 0.000000000000000e+00 0.000000000000000e+00 0.000000000000000e+00 0.000000000000000e+00 0.000000000000000e+00 0.000000000000000e+00 0.000000000000000e+00 0.000000000000000e+00
 0.000000000000000e+00 0.000000000000000e+00 0.000000000000000e+00 0.000000000000000e+00 0.000000000000000e+00 0.000000000000000e+00 0.000000000000000e+00 0.000000000000000e+00 0.000000000000000e+00 0.000000000000000e+00
 0.000000000000000e+00 0.000000000000000e+00 0.000000000000000e+00 0.000000000000000e+00 0.000000000000000e+00 0.000000000000000e+00 0.000000000000000e+00 0.000000000000000e+00 0.000000000000000e+00 0.000000000000000e+00
 0.000000000000000e+00 0.000000000000000e+00 0.000000000000000e+00 0.000000000000000e+00 0.000000000000000e+00 0.000000000000000e+00 0.000000000000000e+00 0.000000000000000e+00 0.000000000000000e+00 0.000000000000000e+00
 0.000000000000000e+00 0.000000000000000e+00 0.000000000000000e+00 0.000000000000000e+00 0.000000000000000e+00 0.000000000000000e+00 0.000000000000000e+00 0.000000000000000e+00 0.000000000000000e+00 0.000000000000000e+00
 0.000000000000000e+00 0.000000000000000e+00 0.000000000000000e+00 0.000000000000000e+00 0.000000000000000e+00 0.000000000000000e+00 0.000000000000000e+00 0.000000000000000e+00 0.000000000000000e+00 0.000000000000000e+00
 0.000000000000000e+00 0.000000000000000e+00 0.000000000000000e+00 0.000000000000000e+00 0.000000000000000e+00 0.000000000000000e+00 0.000000000000000e+00 0.000000000000000e+00 0.000000000000000e+00 0.000000000000000e+00
 0.000000000000000e+00 0.000000000000000e+00 0.000000000000000e+00 0.000000000000000e+00 0.000000000000000e+00 0.000000000000000e+00 0.000000000000000e+00 0.000000000000000e+00 0.000000000000000e+00 0.000000000000000e+00
 0.000000000000000e+00 0.000000000000000e+00 0.000000000000000e+00 0.000000000000000e+00 0.000000000000000e+00 0.000000000000000e+00 0.000000000000000e+00 0.000000000000000e+00 0.000000000000000e+00 0.000000000000000e+00
 0.000000000000000e+00 0.000000000000000e+00 0.000000000000000e+00 0.000000000000000e+00 0.000000000000000e+00 0.000000000000000e+00 0.000000000000000e+00 0.000000000000000e+00 0.000000000000000e+00 0.000000000000000e+00
 0.000000000000000e+00 0.000000000000000e+00 0.000000000000000e+00 0.000000000000000e+00 0.000000000000000e+00 0.000000000000000e+00 0.000000000000000e+00 0.000000000000000e+00 0.000000000000000e+00 0.000000000000000e+00
 0.000000000000000e+00 0.000000000000000e+00 0.000000000000000e+00 0.000000000000000e+00 0.000000000000000e+00 0.000000000000000e+00 0.000000000000000e+00 0.000000000000000e+00 0.000000000000000e+00 0.000000000000000e+00
 0.000000000000000e+00 0.000000000000000e+00 0.000000000000000e+00 0.000000000000000e+00 0.000000000000000e+00 0.000000000000000e+00 0.000000000000000e+00 0.000000000000000e+00 0.000000000000000e+00 0.000000000000000e+00
 0.000000000000000e+00 0.000000000000000e+00 0.000000000000000e+00 0.000000000000000e+00 0.000000000000000e+00 0.000000000000000e+00 0.000000000000000e+00 0.000000000000000e+00 0.000000000000000e+00 0.000000000000000e+00
 0.000000000000000e+00 0.000000000000000e+00 0.000000000000000e+00 0.000000000000000e+00 0.000000000000000e+00 0.000000000000000e+00 0.000000000000000e+00 0.000000000000000e+00 0.000000000000000e+00 0.000000000000000e+00
 0.000000000000000e+00 0.000000000000000e+00 0.000000000000000e+00 0.000000000000000e+00 0.000000000000000e+00 0.000000000000000e+00 0.000000000000000e+00 0.000000000000000e+00 0.000000000000000e+00 0.000000000000000e+00
 0.000000000000000e+00 0.000000000000000e+00 0.000000000000000e+00 0.000000000000000e+00 0.000000000000000e+00 0.000000000000000e+00 0.000000000000000e+00 0.000000000000000e+00 0.000000000000000e+00 0.000000000000000e+00
 0.000000000000000e+00 0.000000000000000e+00 0.000000000000000e+00 0.000000000000000e+00 0.000000000000000e+00 0.000000000000000e+00 0.000000000000000e+00 0.000000000000000e+00 0.000000000000000e+00 0.000000000000000e+00
 0.000000000000000e+00 0.000000000000000e+00 0.000000000000000e+00 0.000000000000000e+00 0.000000000000000e+00 0.000000000000000e+00 0.000000000000000e+00 0.000000000000000e+00 0.000000000000000e+00 0.000000000000000e+00
 0.000000000000000e+00 0.000000000000000e+00 0.000000000000000e+00 0.000000000000000e+00 0.000000000000000e+00 0.000000000000000e+00 0.000000000000000e+00 0.000000000000000e+00 0.000000000000000e+00 0.000000000000000e+00
 0.000000000000000e+00 0.000000000000000e+00 0.000000000000000e+00 0.000000000000000e+00 0.000000000000000e+00 0.000000000000000e+00 0.000000000000000e+00 0.000000000000000e+00 0.000000000000000e+00 0.000000000000000e+00
 0.000000000000000e+00 0.000000000000000e+00 0.000000000000000e+00 0.000000000000000e+00 0.000000000000000e+00 0.000000000000000e+00 0.000000000000000e+00 0.000000000000000e+00 0.000000000000000e+00 0.000000000000000e+00
 0.000000000000000e+00 0.000000000000000e+00 0.000000000000000e+00 0.000000000000000e+00 0.000000000000000e+00 0.000000000000000e+00 0.000000000000000e+00 0.000000000000000e+00 0.000000000000000e+00 0.000000000000000e+00
 0.000000000000000e+00 0.000000000000000e+00 0.000000000000000e+00 0.000000000000000e+00 0.000000000000000e+00 0.000000000000000e+00 0.000000000000000e+00 0.000000000000000e+00 0.000000000000000e+00 0.000000000000000e+00
 0.000000000000000e+00 0.000000000000000e+00 0.000000000000000e+00 0.000000000000000e+00 0.000000000000000e+00 0.000000000000000e+00 0.000000000000000e+00 0.000000000000000e+00 0.000000000000000e+00 0.000000000000000e+00
 0.000000000000000e+00 0.000000000000000e+00 0.000000000000000e+00 0.000000000000000e+00 0.000000000000000e+00 0.000000000000000e+00 0.000000000000000e+00 0.000000000000000e+00 0.000000000000000e+00 0.000000000000000e+00
 0.000000000000000e+00 0.000000000000000e+00 0.000000000000000e+00 0.000000000000000e+00 0.000000000000000e+00 0.000000000000000e+00 0.000000000000000e+00 0.000000000000000e+00 0.000000000000000e+00 0.000000000000000e+00
 0.000000000000000e+00 0.000000000000000e+00 0.000000000000000e+00 0.000000000000000e+00 0.000000000000000e+00 0.000000000000000e+00 0.000000000000000e+00 0.000000000000000e+00 0.000000000000000e+00 0.000000000000000e+00
 0.000000000000000e+00 0.000000000000000e+00 0.000000000000000e+00 0.000000000000000e+00 0.000000000000000e+00 0.000000000000000e+00 0.000000000000000e+00 0.000000000000000e+00 0.000000000000000e+00 0.000000000000000e+00
 0.000000000000000e+00 0.000000000000000e+00 0.000000000000000e+00 0.000000000000000e+00 0.000000000000000e+00 0.000000000000000e+00 0.000000000000000e+00 0.000000000000000e+00 0.000000000000000e+00 0.000000000000000e+00
 0.000000000000000e+00 0.000000000000000e+00 0.000000000000000e+00 0.000000000000000e+00 0.000000000000000e+00 0.000000000000000e+00 0.000000000000000e+00 0.000000000000000e+00 0.000000000000000e+00 0.000000000000000e+00
 0.000000000000000e+00 0.000000000000000e+00 0.000000000000000e+00 0.000000000000000e+00 0.000000000000000e+00 0.000000000000000e+00 0.000000000000000e+00 0.000000000000000e+00 0.000000000000000e+00 0.000000000000000e+00
 0.000000000000000e+00 0.000000000000000e+00 0.000000000000000e+00 0.000000000000000e+00 0.000000000000000e+00 0.000000000000000e+00 0.000000000000000e+00 0.000000000000000e+00 0.000000000000000e+00 0.000000000000000e+00
 0.000000000000000e+00 0.000000000000000e+00 0.000000000000000e+00 0.000000000000000e+00 0.000000000000000e+00 0.000000000000000e+00 0.000000000000000e+00 0.000000000000000e+00 0.000000000000000e+00 0.000000000000000e+00
 0.000000000000000e+00 0.000000000000000e+00 0.000000000000000e+00 0.000000000000000e+00 0.000000000000000e+00 0.000000000000000e+00 0.000000000000000e+00 0.000000000000000e+00 0.000000000000000e+00 0.000000000000000e+00
 0.000000000000000e+00 0.000000000000000e+00 0.000000000000000e+00 0.000000000000000e+00 0.000000000000000e+00 0.000000000000000e+00 0.000000000000000e+00 0.000000000000000e+00 0.000000000000000e+00 0.000000000000000e+00
 0.000000000000000e+00 0.000000000000000e+00 0.000000000000000e+00 0.000000000000000e+00 0.000000000000000e+00 0.000000000000000e+00 0.000000000000000e+00 0.000000000000000e+00 0.000000000000000e+00 0.000000000000000e+00
 0.000000000000000e+00 0.000000000000000e+00 0.000000000000000e+00 0.000000000000000e+00 0.000000000000000e+00 0.000000000000000e+00 0.000000000000000e+00 0.000000000000000e+00 0.000000000000000e+00 0.000000000000000e+00
 0.000000000000000e+00 0.000000000000000e+00 0.000000000000000e+00 0.000000000000000e+00 0.000000000000000e+00 0.000000000000000e+00 0.000000000000000e+00 0.000000000000000e+00 0.000000000000000e+00 0.000000000000000e+00
 0.000000000000000e+00 0.000000000000000e+00 0.000000000000000e+00 0.000000000000000e+00 0.000000000000000e+00 0.000000000000000e+00 0.000000000000000e+00 0.000000000000000e+00 0.000000000000000e+00 0.000000000000000e+00
 0.000000000000000e+00 0.000000000000000e+00 0.000000000000000e+00 0.000000000000000e+00 0.000000000000000e+00 0.000000000000000e+00 0.000000000000000e+00 0.000000000000000e+00 0.000000000000000e+00 0.000000000000000e+00
 0.000000000000000e+00 0.000000000000000e+00 0.000000000000000e+00 0.000000000000000e+00 0.000000000000000e+00 0.000000000000000e+00 0.000000000000000e+00 0.000000000000000e+00 0.000000000000000e+00 0.000000000000000e+00
 0.000000000000000e+00 0.000000000000000e+00 0.000000000000000e+00 0.000000000000000e+00 0.000000000000000e+00 0.000000000000000e+00 0.000000000000000e+00 0.000000000000000e+00 0.000000000000000e+00 0.000000000000000e+00
 0.000000000000000e+00 0.000000000000000e+00 0.000000000000000e+00 0.000000000000000e+00 0.000000000000000e+00 0.000000000000000e+00 0.000000000000000e+00 0.000000000000000e+00 0.000000000000000e+00 0.000000000000000e+00
 0.000000000000000e+00 0.000000000000000e+00 0.000000000000000e+00 0.000000000000000e+00 0.000000000000000e+00 0.000000000000000e+00 0.000000000000000e+00 0.000000000000000e+00 0.000000000000000e+00 0.000000000000000e+00
 0.000000000000000e+00 0.000000000000000e+00 0.000000000000000e+00 0.000000000000000e+00 0.000000000000000e+00 0.000000000000000e+00 0.000000000000000e+00 0.000000000000000e+00 0.000000000000000e+00 0.000000000000000e+00
 0.000000000000000e+00 0.000000000000000e+00 0.000000000000000e+00 0.000000000000000e+00 0.000000000000000e+00 0.000000000000000e+00 0.000000000000000e+00 0.000000000000000e+00 0.000000000000000e+00 0.000000000000000e+00
 0.000000000000000e+00 0.000000000000000e+00 0.000000000000000e+00 0.000000000000000e+00 0.000000000000000e+00 0.000000000000000e+00 0.000000000000000e+00 0.000000000000000e+00 0.000000000000000e+00 0.000000000000000e+00
 0.000000000000000e+00 0.000000000000000e+00 0.000000000000000e+00 0.000000000000000e+00 0.000000000000000e+00 0.000000000000000e+00 0.000000000000000e+00 0.000000000000000e+00 0.000000000000000e+00 0.000000000000000e+00
 0.000000000000000e+00 0.000000000000000e+00 0.000000000000000e+00 0.000000000000000e+00 0.000000000000000e+00 0.000000000000000e+00 0.000000000000000e+00 0.000000000000000e+00 0.000000000000000e+00 0.000000000000000e+00
 0.000000000000000e+00 0.000000000000000e+00 0.000000000000000e+00 0.000000000000000e+00 0.000000000000000e+00 0.000000000000000e+00 0.000000000000000e+00 0.000000000000000e+00 0.000000000000000e+00 0.000000000000000e+00
 0.000000000000000e+00 0.000000000000000e+00 0.000000000000000e+00 0.000000000000000e+00 0.000000000000000e+00 0.000000000000000e+00 0.000000000000000e+00 0.000000000000000e+00 0.000000000000000e+00 0.000000000000000e+00
 0.000000000000000e+00 0.000000000000000e+00 0.000000000000000e+00 0.000000000000000e+00 0.000000000000000e+00 0.000000000000000e+00 0.000000000000000e+00 0.000000000000000e+00 0.000000000000000e+00 0.000000000000000e+00
 0.000000000000000e+00 0.000000000000000e+00 0.000000000000000e+00 0.000000000000000e+00 0.000000000000000e+00 0.000000000000000e+00 0.000000000000000e+00 0.000000000000000e+00 0.000000000000000e+00 0.000000000000000e+00
 0.000000000000000e+00 0.000000000000000e+00 0.000000000000000e+00 0.000000000000000e+00 0.000000000000000e+00 0.000000000000000e+00 0.000000000000000e+00 0.000000000000000e+00 0.000000000000000e+00 0.000000000000000e+00
 0.000000000000000e+00 0.000000000000000e+00 0.000000000000000e+00 0.000000000000000e+00 0.000000000000000e+00 0.000000000000000e+00 0.000000000000000e+00 0.000000000000000e+00 0.000000000000000e+00 0.000000000000000e+00
 0.000000000000000e+00 0.000000000000000e+00 0.000000000000000e+00 0.000000000000000e+00 0.000000000000000e+00 0.000000000000000e+00 0.000000000000000e+00 0.000000000000000e+00 0.000000000000000e+00 0.000000000000000e+00
 0.000000000000000e+00 0.000000000000000e+00 0.000000000000000e+00 0.000000000000000e+00 0.000000000000000e+00 0.000000000000000e+00 0.000000000000000e+00 0.000000000000000e+00 0.000000000000000e+00 0.000000000000000e+00
 0.000000000000000e+00 0.000000000000000e+00 0.000000000000000e+00 0.000000000000000e+00 0.000000000000000e+00 0.000000000000000e+00 0.000000000000000e+00 0.000000000000000e+00 0.000000000000000e+00 0.000000000000000e+00
 0.000000000000000e+00 0.000000000000000e+00 0.000000000000000e+00 0.000000000000000e+00 0.000000000000000e+00 0.000000000000000e+00 0.000000000000000e+00 0.000000000000000e+00 0.000000000000000e+00 0.000000000000000e+00
 0.000000000000000e+00 0.000000000000000e+00 0.000000000000000e+00 0.000000000000000e+00 0.000000000000000e+00 0.000000000000000e+00 0.000000000000000e+00 0.000000000000000e+00 0.000000000000000e+00 0.000000000000000e+00
 0.000000000000000e+00 0.000000000000000e+00 0.000000000000000e+00 0.000000000000000e+00 0.000000000000000e+00 0.000000000000000e+00 0.000000000000000e+00 0.000000000000000e+00 0.000000000000000e+00 0.000000000000000e+00
 0.000000000000000e+00 0.000000000000000e+00 0.000000000000000e+00 0.000000000000000e+00 0.000000000000000e+00 0.000000000000000e+00 0.000000000000000e+00 0.000000000000000e+00 0.000000000000000e+00 0.000000000000000e+00
 0.000000000000000e+00 0.000000000000000e+00 0.000000000000000e+00 0.000000000000000e+00 0.000000000000000e+00 0.000000000000000e+00 0.000000000000000e+00 0.000000000000000e+00 0.000000000000000e+00 0.000000000000000e+00
 0.000000000000000e+00 0.000000000000000e+00 0.000000000000000e+00 0.000000000000000e+00 0.000000000000000e+00 0.000000000000000e+00 0.000000000000000e+00 0.000000000000000e+00 0.000000000000000e+00 0.000000000000000e+00
 0.000000000000000e+00 0.000000000000000e+00 0.000000000000000e+00 0.000000000000000e+00 0.000000000000000e+00 0.000000000000000e+00 0.000000000000000e+00 0.000000000000000e+00 0.000000000000000e+00 0.000000000000000e+00
 0.000000000000000e+00 0.000000000000000e+00 0.000000000000000e+00 0.000000000000000e+00 0.000000000000000e+00 0.000000000000000e+00 0.000000000000000e+00 0.000000000000000e+00 0.000000000000000e+00 0.000000000000000e+00
 0.000000000000000e+00 0.000000000000000e+00 0.000000000000000e+00 0.000000000000000e+00 0.000000000000000e+00 0.000000000000000e+00 0.000000000000000e+00 0.000000000000000e+00 0.000000000000000e+00 0.000000000000000e+00
 0.000000000000000e+00 0.000000000000000e+00 0.000000000000000e+00 0.000000000000000e+00 0.000000000000000e+00 0.000000000000000e+00 0.000000000000000e+00 0.000000000000000e+00 0.000000000000000e+00 0.000000000000000e+00
 0.000000000000000e+00 0.000000000000000e+00 0.000000000000000e+00 0.000000000000000e+00 0.000000000000000e+00 0.000000000000000e+00 0.000000000000000e+00 0.000000000000000e+00 0.000000000000000e+00 0.000000000000000e+00
 0.000000000000000e+00 0.000000000000000e+00 0.000000000000000e+00 0.000000000000000e+00 0.000000000000000e+00 0.000000000000000e+00 0.000000000000000e+00 0.000000000000000e+00 0.000000000000000e+00 0.000000000000000e+00
 0.000000000000000e+00 0.000000000000000e+00 0.000000000000000e+00 0.000000000000000e+00 0.000000000000000e+00 0.000000000000000e+00 0.000000000000000e+00 0.000000000000000e+00 0.000000000000000e+00 0.000000000000000e+00
 0.000000000000000e+00 0.000000000000000e+00 0.000000000000000e+00 0.000000000000000e+00 0.000000000000000e+00 0.000000000000000e+00 0.000000000000000e+00 0.000000000000000e+00 0.000000000000000e+00 0.000000000000000e+00
 0.000000000000000e+00 0.000000000000000e+00 0.000000000000000e+00 0.000000000000000e+00 0.000000000000000e+00 0.000000000000000e+00 0.000000000000000e+00 0.000000000000000e+00 0.000000000000000e+00 0.000000000000000e+00
 0.000000000000000e+00 0.000000000000000e+00 0.000000000000000e+00 0.000000000000000e+00 0.000000000000000e+00 0.000000000000000e+00 0.000000000000000e+00 0.000000000000000e+00 0.000000000000000e+00 0.000000000000000e+00
 0.000000000000000e+00 0.000000000000000e+00 0.000000000000000e+00 0.000000000000000e+00 0.000000000000000e+00 0.000000000000000e+00 0.000000000000000e+00 0.000000000000000e+00 0.000000000000000e+00 0.000000000000000e+00
 0.000000000000000e+00 0.000000000000000e+00 0.000000000000000e+00 0.000000000000000e+00 0.000000000000000e+00 0.000000000000000e+00 0.000000000000000e+00 0.000000000000000e+00 0.000000000000000e+00 0.000000000000000e+00
 0.000000000000000e+00 0.000000000000000e+00 0.000000000000000e+00 0.000000000000000e+00 0.000000000000000e+00 0.000000000000000e+00 0.000000000000000e+00 0.000000000000000e+00 0.000000000000000e+00 0.000000000000000e+00
 0.000000000000000e+00 0.000000000000000e+00 0.000000000000000e+00 0.000000000000000e+00 0.000000000000000e+00 0.000000000000000e+00 0.000000000000000e+00 0.000000000000000e+00 0.000000000000000e+00 0.000000000000000e+00
 0.000000000000000e+00 0.000000000000000e+00 0.000000000000000e+00 0.000000000000000e+00 0.000000000000000e+00 0.000000000000000e+00 0.000000000000000e+00 0.000000000000000e+00 0.000000000000000e+00 0.000000000000000e+00
 0.000000000000000e+00 0.000000000000000e+00 0.000000000000000e+00 0.000000000000000e+00 0.000000000000000e+00 0.000000000000000e+00 0.000000000000000e+00 0.000000000000000e+00 0.000000000000000e+00 0.000000000000000e+00
 0.000000000000000e+00 0.000000000000000e+00 0.000000000000000e+00 0.000000000000000e+00 0.000000000000000e+00 0.000000000000000e+00 0.000000000000000e+00 0.000000000000000e+00 0.000000000000000e+00 0.000000000000000e+00
 0.000000000000000e+00 0.000000000000000e+00 0.000000000000000e+00 0.000000000000000e+00 0.000000000000000e+00 0.000000000000000e+00 0.000000000000000e+00 0.000000000000000e+00 0.000000000000000e+00 0.000000000000000e+00
 0.000000000000000e+00 0.000000000000000e+00 0.000000000000000e+00 0.000000000000000e+00 0.000000000000000e+00 0.000000000000000e+00 0.000000000000000e+00 0.000000000000000e+00 0.000000000000000e+00 0.000000000000000e+00
 0.000000000000000e+00 0.000000000000000e+00 0.000000000000000e+00 0.000000000000000e+00 0.000000000000000e+00 0.000000000000000e+00 0.000000000000000e+00 0.000000000000000e+00 0.000000000000000e+00 0.000000000000000e+00
 0.000000000000000e+00 0.000000000000000e+00 0.000000000000000e+00 0.000000000000000e+00 0.000000000000000e+00 0.000000000000000e+00 0.000000000000000e+00 0.000000000000000e+00 0.000000000000000e+00 0.000000000000000e+00
 0.000000000000000e+00 0.000000000000000e+00 0.000000000000000e+00 0.000000000000000e+00 0.000000000000000e+00 0.000000000000000e+00 0.000000000000000e+00 0.000000000000000e+00 0.000000000000000e+00 0.000000000000000e+00
 0.000000000000000e+00 0.000000000000000e+00 0.000000000000000e+00 0.000000000000000e+00 0.000000000000000e+00 0.000000000000000e+00 0.000000000000000e+00 0.000000000000000e+00 0.000000000000000e+00 0.000000000000000e+00
 0.000000000000000e+00 0.000000000000000e+00 0.000000000000000e+00 0.000000000000000e+00 0.000000000000000e+00 0.000000000000000e+00 0.000000000000000e+00 0.000000000000000e+00 0.000000000000000e+00 0.000000000000000e+00
 0.000000000000000e+00 0.000000000000000e+00 0.000000000000000e+00 0.000000000000000e+00 0.000000000000000e+00 0.000000000000000e+00 0.000000000000000e+00 0.000000000000000e+00 0.000000000000000e+00 0.000000000000000e+00
 0.000000000000000e+00 0.000000000000000e+00 0.000000000000000e+00 0.000000000000000e+00 0.000000000000000e+00 0.000000000000000e+00 0.000000000000000e+00 0.000000000000000e+00 0.000000000000000e+00 0.000000000000000e+00
 0.000000000000000e+00 0.000000000000000e+00 0.000000000000000e+00 0.000000000000000e+00 0.000000000000000e+00 0.000000000000000e+00 0.000000000000000e+00 0.000000000000000e+00 0.000000000000000e+00 0.000000000000000e+00
 0.000000000000000e+00 0.000000000000000e+00 0.000000000000000e+00 0.000000000000000e+00 0.000000000000000e+00 0.000000000000000e+00 0.000000000000000e+00 0.000000000000000e+00 0.000000000000000e+00 0.000000000000000e+00
 0.000000000000000e+00 0.000000000000000e+00 0.000000000000000e+00 0.000000000000000e+00 0.000000000000000e+00 0.000000000000000e+00 0.000000000000000e+00 0.000000000000000e+00 0.000000000000000e+00 0.000000000000000e+00
 0.000000000000000e+00 0.000000000000000e+00 0.000000000000000e+00 0.000000000000000e+00 0.000000000000000e+00 0.000000000000000e+00 0.000000000000000e+00 0.000000000000000e+00 0.000000000000000e+00 0.000000000000000e+00
 0.000000000000000e+00 0.000000000000000e+00 0.000000000000000e+00 0.000000000000000e+00 0.000000000000000e+00 0.000000000000000e+00 0.000000000000000e+00 0.000000000000000e+00 0.000000000000000e+00 0.000000000000000e+00
 0.000000000000000e+00 0.000000000000000e+00 0.000000000000000e+00 0.000000000000000e+00 0.000000000000000e+00 0.000000000000000e+00 0.000000000000000e+00 0.000000000000000e+00 0.000000000000000e+00 0.000000000000000e+00
 0.000000000000000e+00 0.000000000000000e+00 0.000000000000000e+00 0.000000000000000e+00 0.000000000000000e+00 0.000000000000000e+00 0.000000000000000e+00 0.000000000000000e+00 0.000000000000000e+00 0.000000000000000e+00
 0.000000000000000e+00 0.000000000000000e+00 0.000000000000000e+00 0.000000000000000e+00 0.000000000000000e+00 0.000000000000000e+00 0.000000000000000e+00 0.000000000000000e+00 0.000000000000000e+00 0.000000000000000e+00
 0.000000000000000e+00 0.000000000000000e+00 0.000000000000000e+00 0.000000000000000e+00 0.000000000000000e+00 0.000000000000000e+00 0.000000000000000e+00 0.000000000000000e+00 0.000000000000000e+00 0.000000000000000e+00
 0.000000000000000e+00 0.000000000000000e+00 0.000000000000000e+00 0.000000000000000e+00 0.000000000000000e+00 0.000000000000000e+00 0.000000000000000e+00 0.000000000000000e+00 0.000000000000000e+00 0.000000000000000e+00
 0.000000000000000e+00 0.000000000000000e+00 0.000000000000000e+00 0.000000000000000e+00 0.000000000000000e+00 0.000000000000000e+00 0.000000000000000e+00 0.000000000000000e+00 0.000000000000000e+00 0.000000000000000e+00
 0.000000000000000e+00 0.000000000000000e+00 0.000000000000000e+00 0.000000000000000e+00 0.000000000000000e+00 0.000000000000000e+00 0.000000000000000e+00 0.000000000000000e+00 0.000000000000000e+00 0.000000000000000e+00
 0.000000000000000e+00 0.000000000000000e+00 0.000000000000000e+00 0.000000000000000e+00 0.000000000000000e+00 0.000000000000000e+00 0.000000000000000e+00 0.000000000000000e+00 0.000000000000000e+00 0.000000000000000e+00
 0.000000000000000e+00 0.000000000000000e+00 0.000000000000000e+00 0.000000000000000e+00 0.000000000000000e+00 0.000000000000000e+00 0.000000000000000e+00 0.000000000000000e+00 0.000000000000000e+00 0.000000000000000e+00
 0.000000000000000e+00 0.000000000000000e+00 0.000000000000000e+00 0.000000000000000e+00 0.000000000000000e+00 0.000000000000000e+00 0.000000000000000e+00 0.000000000000000e+00 0.000000000000000e+00 0.000000000000000e+00
 0.000000000000000e+00 0.000000000000000e+00 0.000000000000000e+00 0.000000000000000e+00 0.000000000000000e+00 0.000000000000000e+00 0.000000000000000e+00 0.000000000000000e+00 0.000000000000000e+00 0.000000000000000e+00
 0.000000000000000e+00 0.000000000000000e+00 0.000000000000000e+00 0.000000000000000e+00 0.000000000000000e+00 0.000000000000000e+00 0.000000000000000e+00 0.000000000000000e+00 0.000000000000000e+00 0.000000000000000e+00
 0.000000000000000e+00 0.000000000000000e+00 0.000000000000000e+00 0.000000000000000e+00 0.000000000000000e+00 0.000000000000000e+00 0.000000000000000e+00 0.000000000000000e+00 0.000000000000000e+00 0.000000000000000e+00
 0.000000000000000e+00 0.000000000000000e+00 0.000000000000000e+00 0.000000000000000e+00 0.000000000000000e+00 0.000000000000000e+00 0.000000000000000e+00 0.000000000000000e+00 0.000000000000000e+00 0.000000000000000e+00
 0.000000000000000e+00 0.000000000000000e+00 0.000000000000000e+00 0.000000000000000e+00 0.000000000000000e+00 0.000000000000000e+00 0.000000000000000e+00 0.000000000000000e+00 0.000000000000000e+00 0.000000000000000e+00
 0.000000000000000e+00 0.000000000000000e+00 0.000000000000000e+00 0.000000000000000e+00 0.000000000000000e+00 0.000000000000000e+00 0.000000000000000e+00 0.000000000000000e+00 0.000000000000000e+00 0.000000000000000e+00
 0.000000000000000e+00 0.000000000000000e+00 0.000000000000000e+00 0.000000000000000e+00 0.000000000000000e+00 0.000000000000000e+00 0.000000000000000e+00 0.000000000000000e+00 0.000000000000000e+00 0.000000000000000e+00
 0.000000000000000e+00 0.000000000000000e+00 0.000000000000000e+00 0.000000000000000e+00 0.000000000000000e+00 0.000000000000000e+00 0.000000000000000e+00 0.000000000000000e+00 0.000000000000000e+00 0.000000000000000e+00
 0.000000000000000e+00 0.000000000000000e+00 0.000000000000000e+00 0.000000000000000e+00 0.000000000000000e+00 0.000000000000000e+00 0.000000000000000e+00 0.000000000000000e+00 0.000000000000000e+00 0.000000000000000e+00
 0.000000000000000e+00 0.000000000000000e+00 0.000000000000000e+00 0.000000000000000e+00 0.000000000000000e+00 0.000000000000000e+00 0.000000000000000e+00 0.000000000000000e+00 0.000000000000000e+00 0.000000000000000e+00
 0.000000000000000e+00 0.000000000000000e+00 0.000000000000000e+00 0.000000000000000e+00 0.000000000000000e+00 0.000000000000000e+00 0.000000000000000e+00 0.000000000000000e+00 0.000000000000000e+00 0.000000000000000e+00
 0.000000000000000e+00 0.000000000000000e+00 0.000000000000000e+00 0.000000000000000e+00 0.000000000000000e+00 0.000000000000000e+00 0.000000000000000e+00 0.000000000000000e+00 0.000000000000000e+00 0.000000000000000e+00
 0.000000000000000e+00 0.000000000000000e+00 0.000000000000000e+00 0.000000000000000e+00 0.000000000000000e+00 0.000000000000000e+00 0.000000000000000e+00 0.000000000000000e+00 0.000000000000000e+00 0.000000000000000e+00
 0.000000000000000e+00 0.000000000000000e+00 0.000000000000000e+00 0.000000000000000e+00 0.000000000000000e+00 0.000000000000000e+00 0.000000000000000e+00 0.000000000000000e+00 0.000000000000000e+00 0.000000000000000e+00
 0.000000000000000e+00 0.000000000000000e+00 0.000000000000000e+00 0.000000000000000e+00 0.000000000000000e+00 0.000000000000000e+00 0.000000000000000e+00 0.000000000000000e+00 0.000000000000000e+00 0.000000000000000e+00
 0.000000000000000e+00 0.000000000000000e+00 0.000000000000000e+00 0.000000000000000e+00 0.000000000000000e+00 0.000000000000000e+00 0.000000000000000e+00 0.000000000000000e+00 0.000000000000000e+00 0.000000000000000e+00
 0.000000000000000e+00 0.000000000000000e+00 0.000000000000000e+00 0.000000000000000e+00 0.000000000000000e+00 0.000000000000000e+00 0.000000000000000e+00 0.000000000000000e+00 0.000000000000000e+00 0.000000000000000e+00
 0.000000000000000e+00 0.000000000000000e+00 0.000000000000000e+00 0.000000000000000e+00 0.000000000000000e+00 0.000000000000000e+00 0.000000000000000e+00 0.000000000000000e+00 0.000000000000000e+00 0.000000000000000e+00
 0.000000000000000e+00 0.000000000000000e+00 0.000000000000000e+00 0.000000000000000e+00 0.000000000000000e+00
    }
  }

  Dataset ("DopingConcentration") {
    function  = DopingConcentration
    type      = scalar
    dimension = 1
    location  = vertex
    validity  = [ "p_plus" ]
    Values (1300) {
 -1.000000000000005e+19 -1.000000000000005e+19 -1.000000000000005e+19 -1.000000000000005e+19 -1.000000000000005e+19 -1.000000000000005e+19 -1.000000000000005e+19 -1.000000000000005e+19 -1.000000000000005e+19 -1.000000000000005e+19
 -1.000000000000005e+19 -1.000000000000005e+19 -1.000000000000005e+19 -1.000000000000005e+19 -1.000000000000005e+19 -1.000000000000005e+19 -1.000000000000005e+19 -1.000000000000005e+19 -1.000000000000005e+19 -1.000000000000005e+19
 -1.000000000000005e+19 -1.000000000000005e+19 -1.000000000000005e+19 -1.000000000000005e+19 -1.000000000000005e+19 -1.000000000000005e+19 -1.000000000000005e+19 -1.000000000000005e+19 -1.000000000000005e+19 -1.000000000000005e+19
 -1.000000000000005e+19 -1.000000000000005e+19 -1.000000000000005e+19 -1.000000000000005e+19 -1.000000000000005e+19 -1.000000000000005e+19 -1.000000000000005e+19 -1.000000000000005e+19 -1.000000000000005e+19 -1.000000000000005e+19
 -1.000000000000005e+19 -1.000000000000005e+19 -1.000000000000005e+19 -1.000000000000005e+19 -1.000000000000005e+19 -1.000000000000005e+19 -1.000000000000005e+19 -1.000000000000005e+19 -1.000000000000005e+19 -1.000000000000005e+19
 -1.000000000000005e+19 -1.000000000000005e+19 -1.000000000000005e+19 -1.000000000000005e+19 -1.000000000000005e+19 -9.999994400000018e+18 -1.000000000000005e+19 -9.999994400000018e+18 -1.000000000000005e+19 -1.000000000000005e+19
 -1.000000000000005e+19 -1.000000000000005e+19 -1.000000000000005e+19 -1.000000000000005e+19 -1.000000000000005e+19 -1.000000000000005e+19 -1.000000000000005e+19 -1.000000000000005e+19 -1.000000000000005e+19 -1.000000000000005e+19
 -1.000000000000005e+19 -1.000000000000005e+19 -1.000000000000005e+19 -1.000000000000005e+19 -1.000000000000005e+19 -1.000000000000005e+19 -1.000000000000005e+19 -1.000000000000005e+19 -1.000000000000005e+19 -1.000000000000005e+19
 -1.000000000000005e+19 -1.000000000000005e+19 -1.000000000000005e+19 -1.000000000000005e+19 -1.000000000000005e+19 -1.000000000000005e+19 -1.000000000000005e+19 -1.000000000000005e+19 -1.000000000000005e+19 -1.000000000000005e+19
 -1.000000000000005e+19 -1.000000000000005e+19 -1.000000000000005e+19 -1.000000000000005e+19 -1.000000000000005e+19 -9.999994400000018e+18 -1.000000000000005e+19 -9.999994400000018e+18 -1.000000000000005e+19 -1.000000000000005e+19
 -1.000000000000005e+19 -1.000000000000005e+19 -1.000000000000005e+19 -1.000000000000005e+19 -1.000000000000005e+19 -1.000000000000005e+19 -1.000000000000005e+19 -1.000000000000005e+19 -1.000000000000005e+19 -1.000000000000005e+19
 -1.000000000000005e+19 -1.000000000000005e+19 -1.000000000000005e+19 -1.000000000000005e+19 -1.000000000000005e+19 -1.000000000000005e+19 -1.000000000000005e+19 -1.000000000000005e+19 -1.000000000000005e+19 -1.000000000000005e+19
 -1.000000000000005e+19 -1.000000000000005e+19 -1.000000000000005e+19 -1.000000000000005e+19 -1.000000000000005e+19 -1.000000000000005e+19 -1.000000000000005e+19 -1.000000000000005e+19 -1.000000000000005e+19 -1.000000000000005e+19
 -1.000000000000005e+19 -1.000000000000005e+19 -1.000000000000005e+19 -1.000000000000005e+19 -1.000000000000005e+19 -9.999994400000018e+18 -1.000000000000005e+19 -9.999994400000018e+18 -1.000000000000005e+19 -1.000000000000005e+19
 -1.000000000000005e+19 -1.000000000000005e+19 -1.000000000000005e+19 -1.000000000000005e+19 -1.000000000000005e+19 -1.000000000000005e+19 -1.000000000000005e+19 -1.000000000000005e+19 -1.000000000000005e+19 -1.000000000000005e+19
 -1.000000000000005e+19 -1.000000000000005e+19 -1.000000000000005e+19 -1.000000000000005e+19 -1.000000000000005e+19 -1.000000000000005e+19 -1.000000000000005e+19 -1.000000000000005e+19 -1.000000000000005e+19 -1.000000000000005e+19
 -1.000000000000005e+19 -1.000000000000005e+19 -1.000000000000005e+19 -1.000000000000005e+19 -1.000000000000005e+19 -1.000000000000005e+19 -1.000000000000005e+19 -1.000000000000005e+19 -1.000000000000005e+19 -1.000000000000005e+19
 -1.000000000000005e+19 -1.000000000000005e+19 -1.000000000000005e+19 -1.000000000000005e+19 -1.000000000000005e+19 -9.999994400000018e+18 -1.000000000000005e+19 -9.999994400000018e+18 -1.000000000000005e+19 -1.000000000000005e+19
 -1.000000000000005e+19 -1.000000000000005e+19 -1.000000000000005e+19 -1.000000000000005e+19 -1.000000000000005e+19 -1.000000000000005e+19 -1.000000000000005e+19 -1.000000000000005e+19 -1.000000000000005e+19 -1.000000000000005e+19
 -1.000000000000005e+19 -1.000000000000005e+19 -1.000000000000005e+19 -1.000000000000005e+19 -1.000000000000005e+19 -1.000000000000005e+19 -1.000000000000005e+19 -1.000000000000005e+19 -1.000000000000005e+19 -1.000000000000005e+19
 -1.000000000000005e+19 -1.000000000000005e+19 -1.000000000000005e+19 -1.000000000000005e+19 -1.000000000000005e+19 -1.000000000000005e+19 -1.000000000000005e+19 -1.000000000000005e+19 -1.000000000000005e+19 -1.000000000000005e+19
 -1.000000000000005e+19 -1.000000000000005e+19 -1.000000000000005e+19 -1.000000000000005e+19 -1.000000000000005e+19 -9.999994400000018e+18 -1.000000000000005e+19 -9.999994400000018e+18 -1.000000000000005e+19 -1.000000000000005e+19
 -1.000000000000005e+19 -1.000000000000005e+19 -1.000000000000005e+19 -1.000000000000005e+19 -1.000000000000005e+19 -1.000000000000005e+19 -1.000000000000005e+19 -1.000000000000005e+19 -1.000000000000005e+19 -1.000000000000005e+19
 -1.000000000000005e+19 -1.000000000000005e+19 -1.000000000000005e+19 -1.000000000000005e+19 -1.000000000000005e+19 -1.000000000000005e+19 -1.000000000000005e+19 -1.000000000000005e+19 -1.000000000000005e+19 -1.000000000000005e+19
 -1.000000000000005e+19 -1.000000000000005e+19 -1.000000000000005e+19 -1.000000000000005e+19 -1.000000000000005e+19 -1.000000000000005e+19 -1.000000000000005e+19 -1.000000000000005e+19 -1.000000000000005e+19 -1.000000000000005e+19
 -1.000000000000005e+19 -1.000000000000005e+19 -1.000000000000005e+19 -1.000000000000005e+19 -1.000000000000005e+19 -9.999994400000018e+18 -1.000000000000005e+19 -9.999994400000018e+18 -1.000000000000005e+19 -1.000000000000005e+19
 -1.000000000000005e+19 -1.000000000000005e+19 -1.000000000000005e+19 -1.000000000000005e+19 -1.000000000000005e+19 -1.000000000000005e+19 -1.000000000000005e+19 -1.000000000000005e+19 -1.000000000000005e+19 -1.000000000000005e+19
 -1.000000000000005e+19 -1.000000000000005e+19 -1.000000000000005e+19 -1.000000000000005e+19 -1.000000000000005e+19 -1.000000000000005e+19 -1.000000000000005e+19 -1.000000000000005e+19 -1.000000000000005e+19 -1.000000000000005e+19
 -1.000000000000005e+19 -1.000000000000005e+19 -1.000000000000005e+19 -1.000000000000005e+19 -1.000000000000005e+19 -1.000000000000005e+19 -1.000000000000005e+19 -1.000000000000005e+19 -1.000000000000005e+19 -1.000000000000005e+19
 -1.000000000000005e+19 -1.000000000000005e+19 -1.000000000000005e+19 -1.000000000000005e+19 -1.000000000000005e+19 -9.999994400000018e+18 -1.000000000000005e+19 -9.999994400000018e+18 -1.000000000000005e+19 -1.000000000000005e+19
 -1.000000000000005e+19 -1.000000000000005e+19 -1.000000000000005e+19 -1.000000000000005e+19 -1.000000000000005e+19 -1.000000000000005e+19 -1.000000000000005e+19 -1.000000000000005e+19 -1.000000000000005e+19 -1.000000000000005e+19
 -1.000000000000005e+19 -1.000000000000005e+19 -1.000000000000005e+19 -1.000000000000005e+19 -1.000000000000005e+19 -1.000000000000005e+19 -1.000000000000005e+19 -1.000000000000005e+19 -1.000000000000005e+19 -1.000000000000005e+19
 -1.000000000000005e+19 -1.000000000000005e+19 -1.000000000000005e+19 -1.000000000000005e+19 -1.000000000000005e+19 -1.000000000000005e+19 -1.000000000000005e+19 -1.000000000000005e+19 -1.000000000000005e+19 -1.000000000000005e+19
 -1.000000000000005e+19 -1.000000000000005e+19 -1.000000000000005e+19 -1.000000000000005e+19 -1.000000000000005e+19 -9.999994400000018e+18 -1.000000000000005e+19 -9.999994400000018e+18 -1.000000000000005e+19 -1.000000000000005e+19
 -1.000000000000005e+19 -1.000000000000005e+19 -1.000000000000005e+19 -1.000000000000005e+19 -1.000000000000005e+19 -1.000000000000005e+19 -1.000000000000005e+19 -1.000000000000005e+19 -1.000000000000005e+19 -1.000000000000005e+19
 -1.000000000000005e+19 -1.000000000000005e+19 -1.000000000000005e+19 -1.000000000000005e+19 -1.000000000000005e+19 -1.000000000000005e+19 -1.000000000000005e+19 -1.000000000000005e+19 -1.000000000000005e+19 -1.000000000000005e+19
 -1.000000000000005e+19 -1.000000000000005e+19 -1.000000000000005e+19 -1.000000000000005e+19 -1.000000000000005e+19 -1.000000000000005e+19 -1.000000000000005e+19 -1.000000000000005e+19 -1.000000000000005e+19 -1.000000000000005e+19
 -1.000000000000005e+19 -1.000000000000005e+19 -1.000000000000005e+19 -1.000000000000005e+19 -1.000000000000005e+19 -9.999994400000018e+18 -1.000000000000005e+19 -9.999994400000018e+18 -1.000000000000005e+19 -1.000000000000005e+19
 -1.000000000000005e+19 -1.000000000000005e+19 -1.000000000000005e+19 -1.000000000000005e+19 -1.000000000000005e+19 -1.000000000000005e+19 -1.000000000000005e+19 -1.000000000000005e+19 -1.000000000000005e+19 -1.000000000000005e+19
 -1.000000000000005e+19 -1.000000000000005e+19 -1.000000000000005e+19 -1.000000000000005e+19 -1.000000000000005e+19 -1.000000000000005e+19 -1.000000000000005e+19 -1.000000000000005e+19 -1.000000000000005e+19 -1.000000000000005e+19
 -1.000000000000005e+19 -1.000000000000005e+19 -1.000000000000005e+19 -1.000000000000005e+19 -1.000000000000005e+19 -1.000000000000005e+19 -1.000000000000005e+19 -1.000000000000005e+19 -1.000000000000005e+19 -1.000000000000005e+19
 -1.000000000000005e+19 -1.000000000000005e+19 -1.000000000000005e+19 -1.000000000000005e+19 -1.000000000000005e+19 -9.999994400000018e+18 -1.000000000000005e+19 -9.999994400000018e+18 -1.000000000000005e+19 -1.000000000000005e+19
 -1.000000000000005e+19 -1.000000000000005e+19 -1.000000000000005e+19 -1.000000000000005e+19 -1.000000000000005e+19 -1.000000000000005e+19 -1.000000000000005e+19 -1.000000000000005e+19 -1.000000000000005e+19 -1.000000000000005e+19
 -1.000000000000005e+19 -1.000000000000005e+19 -1.000000000000005e+19 -1.000000000000005e+19 -1.000000000000005e+19 -1.000000000000005e+19 -1.000000000000005e+19 -1.000000000000005e+19 -1.000000000000005e+19 -1.000000000000005e+19
 -1.000000000000005e+19 -1.000000000000005e+19 -1.000000000000005e+19 -1.000000000000005e+19 -1.000000000000005e+19 -1.000000000000005e+19 -1.000000000000005e+19 -1.000000000000005e+19 -1.000000000000005e+19 -1.000000000000005e+19
 -1.000000000000005e+19 -1.000000000000005e+19 -1.000000000000005e+19 -1.000000000000005e+19 -1.000000000000005e+19 -9.999994400000018e+18 -1.000000000000005e+19 -9.999994400000018e+18 -1.000000000000005e+19 -1.000000000000005e+19
 -1.000000000000005e+19 -1.000000000000005e+19 -1.000000000000005e+19 -1.000000000000005e+19 -1.000000000000005e+19 -1.000000000000005e+19 -1.000000000000005e+19 -1.000000000000005e+19 -1.000000000000005e+19 -1.000000000000005e+19
 -1.000000000000005e+19 -1.000000000000005e+19 -1.000000000000005e+19 -1.000000000000005e+19 -1.000000000000005e+19 -1.000000000000005e+19 -1.000000000000005e+19 -1.000000000000005e+19 -1.000000000000005e+19 -1.000000000000005e+19
 -1.000000000000005e+19 -1.000000000000005e+19 -1.000000000000005e+19 -1.000000000000005e+19 -1.000000000000005e+19 -1.000000000000005e+19 -1.000000000000005e+19 -1.000000000000005e+19 -1.000000000000005e+19 -1.000000000000005e+19
 -1.000000000000005e+19 -1.000000000000005e+19 -1.000000000000005e+19 -1.000000000000005e+19 -1.000000000000005e+19 -9.999994400000018e+18 -1.000000000000005e+19 -9.999994400000018e+18 -1.000000000000005e+19 -1.000000000000005e+19
 -1.000000000000005e+19 -1.000000000000005e+19 -1.000000000000005e+19 -1.000000000000005e+19 -1.000000000000005e+19 -1.000000000000005e+19 -1.000000000000005e+19 -1.000000000000005e+19 -1.000000000000005e+19 -1.000000000000005e+19
 -1.000000000000005e+19 -1.000000000000005e+19 -1.000000000000005e+19 -1.000000000000005e+19 -1.000000000000005e+19 -1.000000000000005e+19 -1.000000000000005e+19 -1.000000000000005e+19 -1.000000000000005e+19 -1.000000000000005e+19
 -1.000000000000005e+19 -1.000000000000005e+19 -1.000000000000005e+19 -1.000000000000005e+19 -1.000000000000005e+19 -1.000000000000005e+19 -1.000000000000005e+19 -1.000000000000005e+19 -1.000000000000005e+19 -1.000000000000005e+19
 -1.000000000000005e+19 -1.000000000000005e+19 -1.000000000000005e+19 -1.000000000000005e+19 -1.000000000000005e+19 -9.999994400000018e+18 -1.000000000000005e+19 -9.999994400000018e+18 -1.000000000000005e+19 -1.000000000000005e+19
 -1.000000000000005e+19 -1.000000000000005e+19 -1.000000000000005e+19 -1.000000000000005e+19 -1.000000000000005e+19 -1.000000000000005e+19 -1.000000000000005e+19 -1.000000000000005e+19 -1.000000000000005e+19 -1.000000000000005e+19
 -1.000000000000005e+19 -1.000000000000005e+19 -1.000000000000005e+19 -1.000000000000005e+19 -1.000000000000005e+19 -1.000000000000005e+19 -1.000000000000005e+19 -1.000000000000005e+19 -1.000000000000005e+19 -1.000000000000005e+19
 -1.000000000000005e+19 -1.000000000000005e+19 -1.000000000000005e+19 -1.000000000000005e+19 -1.000000000000005e+19 -1.000000000000005e+19 -1.000000000000005e+19 -1.000000000000005e+19 -1.000000000000005e+19 -1.000000000000005e+19
 -1.000000000000005e+19 -1.000000000000005e+19 -1.000000000000005e+19 -1.000000000000005e+19 -1.000000000000005e+19 -9.999994400000018e+18 -1.000000000000005e+19 -9.999994400000018e+18 -1.000000000000005e+19 -1.000000000000005e+19
 -1.000000000000005e+19 -1.000000000000005e+19 -1.000000000000005e+19 -1.000000000000005e+19 -1.000000000000005e+19 -1.000000000000005e+19 -1.000000000000005e+19 -1.000000000000005e+19 -1.000000000000005e+19 -1.000000000000005e+19
 -1.000000000000005e+19 -1.000000000000005e+19 -1.000000000000005e+19 -1.000000000000005e+19 -1.000000000000005e+19 -1.000000000000005e+19 -1.000000000000005e+19 -1.000000000000005e+19 -1.000000000000005e+19 -1.000000000000005e+19
 -1.000000000000005e+19 -1.000000000000005e+19 -1.000000000000005e+19 -1.000000000000005e+19 -1.000000000000005e+19 -1.000000000000005e+19 -1.000000000000005e+19 -1.000000000000005e+19 -1.000000000000005e+19 -1.000000000000005e+19
 -1.000000000000005e+19 -1.000000000000005e+19 -1.000000000000005e+19 -1.000000000000005e+19 -1.000000000000005e+19 -9.999994400000018e+18 -1.000000000000005e+19 -9.999994400000018e+18 -1.000000000000005e+19 -1.000000000000005e+19
 -1.000000000000005e+19 -1.000000000000005e+19 -1.000000000000005e+19 -1.000000000000005e+19 -1.000000000000005e+19 -1.000000000000005e+19 -1.000000000000005e+19 -1.000000000000005e+19 -1.000000000000005e+19 -1.000000000000005e+19
 -1.000000000000005e+19 -1.000000000000005e+19 -1.000000000000005e+19 -1.000000000000005e+19 -1.000000000000005e+19 -1.000000000000005e+19 -1.000000000000005e+19 -1.000000000000005e+19 -1.000000000000005e+19 -1.000000000000005e+19
 -1.000000000000005e+19 -1.000000000000005e+19 -1.000000000000005e+19 -1.000000000000005e+19 -1.000000000000005e+19 -1.000000000000005e+19 -1.000000000000005e+19 -1.000000000000005e+19 -1.000000000000005e+19 -1.000000000000005e+19
 -1.000000000000005e+19 -1.000000000000005e+19 -1.000000000000005e+19 -1.000000000000005e+19 -1.000000000000005e+19 -9.999994400000018e+18 -1.000000000000005e+19 -9.999994400000018e+18 -1.000000000000005e+19 -1.000000000000005e+19
 -1.000000000000005e+19 -1.000000000000005e+19 -1.000000000000005e+19 -1.000000000000005e+19 -1.000000000000005e+19 -1.000000000000005e+19 -1.000000000000005e+19 -1.000000000000005e+19 -1.000000000000005e+19 -1.000000000000005e+19
 -1.000000000000005e+19 -1.000000000000005e+19 -1.000000000000005e+19 -1.000000000000005e+19 -1.000000000000005e+19 -1.000000000000005e+19 -1.000000000000005e+19 -1.000000000000005e+19 -1.000000000000005e+19 -1.000000000000005e+19
 -1.000000000000005e+19 -1.000000000000005e+19 -1.000000000000005e+19 -1.000000000000005e+19 -1.000000000000005e+19 -1.000000000000005e+19 -1.000000000000005e+19 -1.000000000000005e+19 -1.000000000000005e+19 -1.000000000000005e+19
 -1.000000000000005e+19 -1.000000000000005e+19 -1.000000000000005e+19 -1.000000000000005e+19 -1.000000000000005e+19 -9.999994400000018e+18 -1.000000000000005e+19 -9.999994400000018e+18 -1.000000000000005e+19 -1.000000000000005e+19
 -1.000000000000005e+19 -1.000000000000005e+19 -1.000000000000005e+19 -1.000000000000005e+19 -1.000000000000005e+19 -1.000000000000005e+19 -1.000000000000005e+19 -1.000000000000005e+19 -1.000000000000005e+19 -1.000000000000005e+19
 -1.000000000000005e+19 -1.000000000000005e+19 -1.000000000000005e+19 -1.000000000000005e+19 -1.000000000000005e+19 -1.000000000000005e+19 -1.000000000000005e+19 -1.000000000000005e+19 -1.000000000000005e+19 -1.000000000000005e+19
 -1.000000000000005e+19 -1.000000000000005e+19 -1.000000000000005e+19 -1.000000000000005e+19 -1.000000000000005e+19 -1.000000000000005e+19 -1.000000000000005e+19 -1.000000000000005e+19 -1.000000000000005e+19 -1.000000000000005e+19
 -1.000000000000005e+19 -1.000000000000005e+19 -1.000000000000005e+19 -1.000000000000005e+19 -1.000000000000005e+19 -9.999994400000018e+18 -1.000000000000005e+19 -9.999994400000018e+18 -1.000000000000005e+19 -1.000000000000005e+19
 -1.000000000000005e+19 -1.000000000000005e+19 -1.000000000000005e+19 -1.000000000000005e+19 -1.000000000000005e+19 -1.000000000000005e+19 -1.000000000000005e+19 -1.000000000000005e+19 -1.000000000000005e+19 -1.000000000000005e+19
 -1.000000000000005e+19 -1.000000000000005e+19 -1.000000000000005e+19 -1.000000000000005e+19 -1.000000000000005e+19 -1.000000000000005e+19 -1.000000000000005e+19 -1.000000000000005e+19 -1.000000000000005e+19 -1.000000000000005e+19
 -1.000000000000005e+19 -1.000000000000005e+19 -1.000000000000005e+19 -1.000000000000005e+19 -1.000000000000005e+19 -1.000000000000005e+19 -1.000000000000005e+19 -1.000000000000005e+19 -1.000000000000005e+19 -1.000000000000005e+19
 -1.000000000000005e+19 -1.000000000000005e+19 -1.000000000000005e+19 -1.000000000000005e+19 -1.000000000000005e+19 -9.999994400000018e+18 -1.000000000000005e+19 -9.999994400000018e+18 -1.000000000000005e+19 -1.000000000000005e+19
 -1.000000000000005e+19 -1.000000000000005e+19 -1.000000000000005e+19 -1.000000000000005e+19 -1.000000000000005e+19 -1.000000000000005e+19 -1.000000000000005e+19 -1.000000000000005e+19 -1.000000000000005e+19 -1.000000000000005e+19
 -1.000000000000005e+19 -1.000000000000005e+19 -1.000000000000005e+19 -1.000000000000005e+19 -1.000000000000005e+19 -1.000000000000005e+19 -1.000000000000005e+19 -1.000000000000005e+19 -1.000000000000005e+19 -1.000000000000005e+19
 -1.000000000000005e+19 -1.000000000000005e+19 -1.000000000000005e+19 -1.000000000000005e+19 -1.000000000000005e+19 -1.000000000000005e+19 -1.000000000000005e+19 -1.000000000000005e+19 -1.000000000000005e+19 -1.000000000000005e+19
 -1.000000000000005e+19 -1.000000000000005e+19 -1.000000000000005e+19 -1.000000000000005e+19 -1.000000000000005e+19 -9.999994400000018e+18 -1.000000000000005e+19 -9.999994400000018e+18 -1.000000000000005e+19 -1.000000000000005e+19
 -1.000000000000005e+19 -1.000000000000005e+19 -1.000000000000005e+19 -1.000000000000005e+19 -1.000000000000005e+19 -1.000000000000005e+19 -1.000000000000005e+19 -1.000000000000005e+19 -1.000000000000005e+19 -1.000000000000005e+19
 -1.000000000000005e+19 -1.000000000000005e+19 -1.000000000000005e+19 -1.000000000000005e+19 -1.000000000000005e+19 -1.000000000000005e+19 -1.000000000000005e+19 -1.000000000000005e+19 -1.000000000000005e+19 -1.000000000000005e+19
 -1.000000000000005e+19 -1.000000000000005e+19 -1.000000000000005e+19 -1.000000000000005e+19 -1.000000000000005e+19 -1.000000000000005e+19 -1.000000000000005e+19 -1.000000000000005e+19 -1.000000000000005e+19 -1.000000000000005e+19
 -1.000000000000005e+19 -1.000000000000005e+19 -1.000000000000005e+19 -1.000000000000005e+19 -1.000000000000005e+19 -9.999994400000018e+18 -1.000000000000005e+19 -9.999994400000018e+18 -1.000000000000005e+19 -1.000000000000005e+19
 -1.000000000000005e+19 -1.000000000000005e+19 -1.000000000000005e+19 -1.000000000000005e+19 -1.000000000000005e+19 -1.000000000000005e+19 -1.000000000000005e+19 -1.000000000000005e+19 -1.000000000000005e+19 -1.000000000000005e+19
 -1.000000000000005e+19 -1.000000000000005e+19 -1.000000000000005e+19 -1.000000000000005e+19 -1.000000000000005e+19 -1.000000000000005e+19 -1.000000000000005e+19 -1.000000000000005e+19 -1.000000000000005e+19 -1.000000000000005e+19
 -1.000000000000005e+19 -1.000000000000005e+19 -1.000000000000005e+19 -1.000000000000005e+19 -1.000000000000005e+19 -1.000000000000005e+19 -1.000000000000005e+19 -1.000000000000005e+19 -1.000000000000005e+19 -1.000000000000005e+19
 -1.000000000000005e+19 -1.000000000000005e+19 -1.000000000000005e+19 -1.000000000000005e+19 -1.000000000000005e+19 -9.999994400000018e+18 -1.000000000000005e+19 -9.999994400000018e+18 -1.000000000000005e+19 -1.000000000000005e+19
 -1.000000000000005e+19 -1.000000000000005e+19 -1.000000000000005e+19 -1.000000000000005e+19 -1.000000000000005e+19 -1.000000000000005e+19 -1.000000000000005e+19 -1.000000000000005e+19 -1.000000000000005e+19 -1.000000000000005e+19
 -1.000000000000005e+19 -1.000000000000005e+19 -1.000000000000005e+19 -1.000000000000005e+19 -1.000000000000005e+19 -1.000000000000005e+19 -1.000000000000005e+19 -1.000000000000005e+19 -1.000000000000005e+19 -1.000000000000005e+19
 -1.000000000000005e+19 -1.000000000000005e+19 -1.000000000000005e+19 -1.000000000000005e+19 -1.000000000000005e+19 -1.000000000000005e+19 -1.000000000000005e+19 -1.000000000000005e+19 -1.000000000000005e+19 -1.000000000000005e+19
 -1.000000000000005e+19 -1.000000000000005e+19 -1.000000000000005e+19 -1.000000000000005e+19 -1.000000000000005e+19 -9.999994400000018e+18 -1.000000000000005e+19 -9.999994400000018e+18 -1.000000000000005e+19 -1.000000000000005e+19
 -1.000000000000005e+19 -1.000000000000005e+19 -1.000000000000005e+19 -1.000000000000005e+19 -1.000000000000005e+19 -1.000000000000005e+19 -1.000000000000005e+19 -1.000000000000005e+19 -1.000000000000005e+19 -1.000000000000005e+19
 -1.000000000000005e+19 -1.000000000000005e+19 -1.000000000000005e+19 -1.000000000000005e+19 -1.000000000000005e+19 -1.000000000000005e+19 -1.000000000000005e+19 -1.000000000000005e+19 -1.000000000000005e+19 -1.000000000000005e+19
 -1.000000000000005e+19 -1.000000000000005e+19 -1.000000000000005e+19 -1.000000000000005e+19 -1.000000000000005e+19 -1.000000000000005e+19 -1.000000000000005e+19 -1.000000000000005e+19 -1.000000000000005e+19 -1.000000000000005e+19
 -1.000000000000005e+19 -1.000000000000005e+19 -1.000000000000005e+19 -1.000000000000005e+19 -1.000000000000005e+19 -9.999994400000018e+18 -1.000000000000005e+19 -9.999994400000018e+18 -1.000000000000005e+19 -1.000000000000005e+19
 -1.000000000000005e+19 -1.000000000000005e+19 -1.000000000000005e+19 -1.000000000000005e+19 -1.000000000000005e+19 -1.000000000000005e+19 -1.000000000000005e+19 -1.000000000000005e+19 -1.000000000000005e+19 -1.000000000000005e+19
 -1.000000000000005e+19 -1.000000000000005e+19 -1.000000000000005e+19 -1.000000000000005e+19 -1.000000000000005e+19 -1.000000000000005e+19 -1.000000000000005e+19 -1.000000000000005e+19 -1.000000000000005e+19 -1.000000000000005e+19
 -1.000000000000005e+19 -1.000000000000005e+19 -1.000000000000005e+19 -1.000000000000005e+19 -1.000000000000005e+19 -1.000000000000005e+19 -1.000000000000005e+19 -1.000000000000005e+19 -1.000000000000005e+19 -1.000000000000005e+19
 -1.000000000000005e+19 -1.000000000000005e+19 -1.000000000000005e+19 -1.000000000000005e+19 -1.000000000000005e+19 -9.999994400000018e+18 -1.000000000000005e+19 -9.999994400000018e+18 -1.000000000000005e+19 -1.000000000000005e+19
 -1.000000000000005e+19 -1.000000000000005e+19 -1.000000000000005e+19 -1.000000000000005e+19 -1.000000000000005e+19 -1.000000000000005e+19 -1.000000000000005e+19 -1.000000000000005e+19 -1.000000000000005e+19 -1.000000000000005e+19
 -1.000000000000005e+19 -1.000000000000005e+19 -1.000000000000005e+19 -1.000000000000005e+19 -1.000000000000005e+19 -1.000000000000005e+19 -1.000000000000005e+19 -1.000000000000005e+19 -1.000000000000005e+19 -1.000000000000005e+19
 -1.000000000000005e+19 -1.000000000000005e+19 -1.000000000000005e+19 -1.000000000000005e+19 -1.000000000000005e+19 -1.000000000000005e+19 -1.000000000000005e+19 -1.000000000000005e+19 -1.000000000000005e+19 -1.000000000000005e+19
 -1.000000000000005e+19 -1.000000000000005e+19 -1.000000000000005e+19 -1.000000000000005e+19 -1.000000000000005e+19 -9.999994400000018e+18 -1.000000000000005e+19 -9.999994400000018e+18 -1.000000000000005e+19 -1.000000000000005e+19
 -1.000000000000005e+19 -1.000000000000005e+19 -1.000000000000005e+19 -1.000000000000005e+19 -1.000000000000005e+19 -1.000000000000005e+19 -1.000000000000005e+19 -1.000000000000005e+19 -1.000000000000005e+19 -1.000000000000005e+19
 -1.000000000000005e+19 -1.000000000000005e+19 -1.000000000000005e+19 -1.000000000000005e+19 -1.000000000000005e+19 -1.000000000000005e+19 -1.000000000000005e+19 -1.000000000000005e+19 -1.000000000000005e+19 -1.000000000000005e+19
 -1.000000000000005e+19 -1.000000000000005e+19 -1.000000000000005e+19 -1.000000000000005e+19 -1.000000000000005e+19 -1.000000000000005e+19 -1.000000000000005e+19 -1.000000000000005e+19 -1.000000000000005e+19 -1.000000000000005e+19
 -1.000000000000005e+19 -1.000000000000005e+19 -1.000000000000005e+19 -1.000000000000005e+19 -1.000000000000005e+19 -9.999994400000018e+18 -1.000000000000005e+19 -9.999994400000018e+18 -1.000000000000005e+19 -1.000000000000005e+19
 -1.000000000000005e+19 -1.000000000000005e+19 -1.000000000000005e+19 -1.000000000000005e+19 -1.000000000000005e+19 -1.000000000000005e+19 -1.000000000000005e+19 -1.000000000000005e+19 -1.000000000000005e+19 -1.000000000000005e+19
 -1.000000000000005e+19 -1.000000000000005e+19 -1.000000000000005e+19 -1.000000000000005e+19 -1.000000000000005e+19 -1.000000000000005e+19 -1.000000000000005e+19 -1.000000000000005e+19 -1.000000000000005e+19 -1.000000000000005e+19
 -1.000000000000005e+19 -1.000000000000005e+19 -1.000000000000005e+19 -1.000000000000005e+19 -1.000000000000005e+19 -1.000000000000005e+19 -1.000000000000005e+19 -1.000000000000005e+19 -1.000000000000005e+19 -1.000000000000005e+19
 -1.000000000000005e+19 -1.000000000000005e+19 -1.000000000000005e+19 -1.000000000000005e+19 -1.000000000000005e+19 -9.999994400000018e+18 -1.000000000000005e+19 -9.999994400000018e+18 -1.000000000000005e+19 -1.000000000000005e+19
 -1.000000000000005e+19 -1.000000000000005e+19 -1.000000000000005e+19 -1.000000000000005e+19 -1.000000000000005e+19 -1.000000000000005e+19 -1.000000000000005e+19 -1.000000000000005e+19 -1.000000000000005e+19 -1.000000000000005e+19
 -1.000000000000005e+19 -1.000000000000005e+19 -1.000000000000005e+19 -1.000000000000005e+19 -1.000000000000005e+19 -1.000000000000005e+19 -1.000000000000005e+19 -1.000000000000005e+19 -1.000000000000005e+19 -1.000000000000005e+19
 -1.000000000000005e+19 -1.000000000000005e+19 -1.000000000000005e+19 -1.000000000000005e+19 -1.000000000000005e+19 -1.000000000000005e+19 -1.000000000000005e+19 -1.000000000000005e+19 -1.000000000000005e+19 -1.000000000000005e+19
 -1.000000000000005e+19 -1.000000000000005e+19 -1.000000000000005e+19 -1.000000000000005e+19 -1.000000000000005e+19 -9.999994400000018e+18 -1.000000000000005e+19 -9.999994400000018e+18 -1.000000000000005e+19 -1.000000000000005e+19
 -1.000000000000005e+19 -1.000000000000005e+19 -1.000000000000005e+19 -1.000000000000005e+19 -1.000000000000005e+19 -1.000000000000005e+19 -1.000000000000005e+19 -1.000000000000005e+19 -1.000000000000005e+19 -1.000000000000005e+19
 -1.000000000000005e+19 -1.000000000000005e+19 -1.000000000000005e+19 -1.000000000000005e+19 -1.000000000000005e+19 -1.000000000000005e+19 -1.000000000000005e+19 -1.000000000000005e+19 -1.000000000000005e+19 -1.000000000000005e+19
 -1.000000000000005e+19 -1.000000000000005e+19 -1.000000000000005e+19 -1.000000000000005e+19 -1.000000000000005e+19 -1.000000000000005e+19 -1.000000000000005e+19 -1.000000000000005e+19 -1.000000000000005e+19 -1.000000000000005e+19
 -1.000000000000005e+19 -1.000000000000005e+19 -1.000000000000005e+19 -1.000000000000005e+19 -1.000000000000005e+19 -9.999994400000018e+18 -1.000000000000005e+19 -9.999994400000018e+18 -1.000000000000005e+19 -1.000000000000005e+19
 -1.000000000000005e+19 -1.000000000000005e+19 -1.000000000000005e+19 -1.000000000000005e+19 -1.000000000000005e+19 -1.000000000000005e+19 -1.000000000000005e+19 -1.000000000000005e+19 -1.000000000000005e+19 -1.000000000000005e+19
 -1.000000000000005e+19 -1.000000000000005e+19 -1.000000000000005e+19 -1.000000000000005e+19 -1.000000000000005e+19 -1.000000000000005e+19 -1.000000000000005e+19 -1.000000000000005e+19 -1.000000000000005e+19 -1.000000000000005e+19
 -1.000000000000005e+19 -1.000000000000005e+19 -1.000000000000005e+19 -1.000000000000005e+19 -1.000000000000005e+19 -1.000000000000005e+19 -1.000000000000005e+19 -1.000000000000005e+19 -1.000000000000005e+19 -1.000000000000005e+19
 -1.000000000000005e+19 -1.000000000000005e+19 -1.000000000000005e+19 -1.000000000000005e+19 -1.000000000000005e+19 -9.999994400000018e+18 -1.000000000000005e+19 -9.999994400000018e+18 -1.000000000000005e+19 -1.000000000000005e+19
 -1.000000000000005e+19 -1.000000000000005e+19 -1.000000000000005e+19 -1.000000000000005e+19 -1.000000000000005e+19 -1.000000000000005e+19 -1.000000000000005e+19 -1.000000000000005e+19 -1.000000000000005e+19 -1.000000000000005e+19
 -1.000000000000005e+19 -1.000000000000005e+19 -1.000000000000005e+19 -1.000000000000005e+19 -1.000000000000005e+19 -1.000000000000005e+19 -1.000000000000005e+19 -9.999994400000018e+18 -1.000000000000005e+19 -1.000000000000005e+19
 -1.000000000000005e+19 -1.000000000000005e+19 -1.000000000000005e+19 -1.000000000000005e+19 -1.000000000000005e+19 -1.000000000000005e+19 -1.000000000000005e+19 -1.000000000000005e+19 -1.000000000000005e+19 -1.000000000000005e+19
 -1.000000000000005e+19 -1.000000000000005e+19 -1.000000000000005e+19 -1.000000000000005e+19 -1.000000000000005e+19 -1.000000000000005e+19 -1.000000000000005e+19 -1.000000000000005e+19 -9.999994400000018e+18 -9.999994400000018e+18

    }
  }

  Dataset ("NitrogenActiveConcentration") {
    function  = NitrogenActiveConcentration
    type      = scalar
    dimension = 1
    location  = vertex
    validity  = [ "p_plus" ]
    Values (1300) {
 0.000000000000000e+00 0.000000000000000e+00 0.000000000000000e+00 0.000000000000000e+00 0.000000000000000e+00 0.000000000000000e+00 0.000000000000000e+00 0.000000000000000e+00 0.000000000000000e+00 0.000000000000000e+00
 0.000000000000000e+00 0.000000000000000e+00 0.000000000000000e+00 0.000000000000000e+00 0.000000000000000e+00 0.000000000000000e+00 0.000000000000000e+00 0.000000000000000e+00 0.000000000000000e+00 0.000000000000000e+00
 0.000000000000000e+00 0.000000000000000e+00 0.000000000000000e+00 0.000000000000000e+00 0.000000000000000e+00 0.000000000000000e+00 0.000000000000000e+00 0.000000000000000e+00 0.000000000000000e+00 0.000000000000000e+00
 0.000000000000000e+00 0.000000000000000e+00 0.000000000000000e+00 0.000000000000000e+00 0.000000000000000e+00 0.000000000000000e+00 0.000000000000000e+00 0.000000000000000e+00 0.000000000000000e+00 0.000000000000000e+00
 0.000000000000000e+00 0.000000000000000e+00 0.000000000000000e+00 0.000000000000000e+00 0.000000000000000e+00 0.000000000000000e+00 0.000000000000000e+00 0.000000000000000e+00 0.000000000000000e+00 0.000000000000000e+00
 0.000000000000000e+00 0.000000000000000e+00 0.000000000000000e+00 0.000000000000000e+00 0.000000000000000e+00 5.599999999999991e+12 0.000000000000000e+00 5.599999999999991e+12 0.000000000000000e+00 0.000000000000000e+00
 0.000000000000000e+00 0.000000000000000e+00 0.000000000000000e+00 0.000000000000000e+00 0.000000000000000e+00 0.000000000000000e+00 0.000000000000000e+00 0.000000000000000e+00 0.000000000000000e+00 0.000000000000000e+00
 0.000000000000000e+00 0.000000000000000e+00 0.000000000000000e+00 0.000000000000000e+00 0.000000000000000e+00 0.000000000000000e+00 0.000000000000000e+00 0.000000000000000e+00 0.000000000000000e+00 0.000000000000000e+00
 0.000000000000000e+00 0.000000000000000e+00 0.000000000000000e+00 0.000000000000000e+00 0.000000000000000e+00 0.000000000000000e+00 0.000000000000000e+00 0.000000000000000e+00 0.000000000000000e+00 0.000000000000000e+00
 0.000000000000000e+00 0.000000000000000e+00 0.000000000000000e+00 0.000000000000000e+00 0.000000000000000e+00 5.599999999999991e+12 0.000000000000000e+00 5.599999999999991e+12 0.000000000000000e+00 0.000000000000000e+00
 0.000000000000000e+00 0.000000000000000e+00 0.000000000000000e+00 0.000000000000000e+00 0.000000000000000e+00 0.000000000000000e+00 0.000000000000000e+00 0.000000000000000e+00 0.000000000000000e+00 0.000000000000000e+00
 0.000000000000000e+00 0.000000000000000e+00 0.000000000000000e+00 0.000000000000000e+00 0.000000000000000e+00 0.000000000000000e+00 0.000000000000000e+00 0.000000000000000e+00 0.000000000000000e+00 0.000000000000000e+00
 0.000000000000000e+00 0.000000000000000e+00 0.000000000000000e+00 0.000000000000000e+00 0.000000000000000e+00 0.000000000000000e+00 0.000000000000000e+00 0.000000000000000e+00 0.000000000000000e+00 0.000000000000000e+00
 0.000000000000000e+00 0.000000000000000e+00 0.000000000000000e+00 0.000000000000000e+00 0.000000000000000e+00 5.599999999999991e+12 0.000000000000000e+00 5.599999999999991e+12 0.000000000000000e+00 0.000000000000000e+00
 0.000000000000000e+00 0.000000000000000e+00 0.000000000000000e+00 0.000000000000000e+00 0.000000000000000e+00 0.000000000000000e+00 0.000000000000000e+00 0.000000000000000e+00 0.000000000000000e+00 0.000000000000000e+00
 0.000000000000000e+00 0.000000000000000e+00 0.000000000000000e+00 0.000000000000000e+00 0.000000000000000e+00 0.000000000000000e+00 0.000000000000000e+00 0.000000000000000e+00 0.000000000000000e+00 0.000000000000000e+00
 0.000000000000000e+00 0.000000000000000e+00 0.000000000000000e+00 0.000000000000000e+00 0.000000000000000e+00 0.000000000000000e+00 0.000000000000000e+00 0.000000000000000e+00 0.000000000000000e+00 0.000000000000000e+00
 0.000000000000000e+00 0.000000000000000e+00 0.000000000000000e+00 0.000000000000000e+00 0.000000000000000e+00 5.599999999999991e+12 0.000000000000000e+00 5.599999999999991e+12 0.000000000000000e+00 0.000000000000000e+00
 0.000000000000000e+00 0.000000000000000e+00 0.000000000000000e+00 0.000000000000000e+00 0.000000000000000e+00 0.000000000000000e+00 0.000000000000000e+00 0.000000000000000e+00 0.000000000000000e+00 0.000000000000000e+00
 0.000000000000000e+00 0.000000000000000e+00 0.000000000000000e+00 0.000000000000000e+00 0.000000000000000e+00 0.000000000000000e+00 0.000000000000000e+00 0.000000000000000e+00 0.000000000000000e+00 0.000000000000000e+00
 0.000000000000000e+00 0.000000000000000e+00 0.000000000000000e+00 0.000000000000000e+00 0.000000000000000e+00 0.000000000000000e+00 0.000000000000000e+00 0.000000000000000e+00 0.000000000000000e+00 0.000000000000000e+00
 0.000000000000000e+00 0.000000000000000e+00 0.000000000000000e+00 0.000000000000000e+00 0.000000000000000e+00 5.599999999999991e+12 0.000000000000000e+00 5.599999999999991e+12 0.000000000000000e+00 0.000000000000000e+00
 0.000000000000000e+00 0.000000000000000e+00 0.000000000000000e+00 0.000000000000000e+00 0.000000000000000e+00 0.000000000000000e+00 0.000000000000000e+00 0.000000000000000e+00 0.000000000000000e+00 0.000000000000000e+00
 0.000000000000000e+00 0.000000000000000e+00 0.000000000000000e+00 0.000000000000000e+00 0.000000000000000e+00 0.000000000000000e+00 0.000000000000000e+00 0.000000000000000e+00 0.000000000000000e+00 0.000000000000000e+00
 0.000000000000000e+00 0.000000000000000e+00 0.000000000000000e+00 0.000000000000000e+00 0.000000000000000e+00 0.000000000000000e+00 0.000000000000000e+00 0.000000000000000e+00 0.000000000000000e+00 0.000000000000000e+00
 0.000000000000000e+00 0.000000000000000e+00 0.000000000000000e+00 0.000000000000000e+00 0.000000000000000e+00 5.599999999999991e+12 0.000000000000000e+00 5.599999999999991e+12 0.000000000000000e+00 0.000000000000000e+00
 0.000000000000000e+00 0.000000000000000e+00 0.000000000000000e+00 0.000000000000000e+00 0.000000000000000e+00 0.000000000000000e+00 0.000000000000000e+00 0.000000000000000e+00 0.000000000000000e+00 0.000000000000000e+00
 0.000000000000000e+00 0.000000000000000e+00 0.000000000000000e+00 0.000000000000000e+00 0.000000000000000e+00 0.000000000000000e+00 0.000000000000000e+00 0.000000000000000e+00 0.000000000000000e+00 0.000000000000000e+00
 0.000000000000000e+00 0.000000000000000e+00 0.000000000000000e+00 0.000000000000000e+00 0.000000000000000e+00 0.000000000000000e+00 0.000000000000000e+00 0.000000000000000e+00 0.000000000000000e+00 0.000000000000000e+00
 0.000000000000000e+00 0.000000000000000e+00 0.000000000000000e+00 0.000000000000000e+00 0.000000000000000e+00 5.599999999999991e+12 0.000000000000000e+00 5.599999999999991e+12 0.000000000000000e+00 0.000000000000000e+00
 0.000000000000000e+00 0.000000000000000e+00 0.000000000000000e+00 0.000000000000000e+00 0.000000000000000e+00 0.000000000000000e+00 0.000000000000000e+00 0.000000000000000e+00 0.000000000000000e+00 0.000000000000000e+00
 0.000000000000000e+00 0.000000000000000e+00 0.000000000000000e+00 0.000000000000000e+00 0.000000000000000e+00 0.000000000000000e+00 0.000000000000000e+00 0.000000000000000e+00 0.000000000000000e+00 0.000000000000000e+00
 0.000000000000000e+00 0.000000000000000e+00 0.000000000000000e+00 0.000000000000000e+00 0.000000000000000e+00 0.000000000000000e+00 0.000000000000000e+00 0.000000000000000e+00 0.000000000000000e+00 0.000000000000000e+00
 0.000000000000000e+00 0.000000000000000e+00 0.000000000000000e+00 0.000000000000000e+00 0.000000000000000e+00 5.599999999999991e+12 0.000000000000000e+00 5.599999999999991e+12 0.000000000000000e+00 0.000000000000000e+00
 0.000000000000000e+00 0.000000000000000e+00 0.000000000000000e+00 0.000000000000000e+00 0.000000000000000e+00 0.000000000000000e+00 0.000000000000000e+00 0.000000000000000e+00 0.000000000000000e+00 0.000000000000000e+00
 0.000000000000000e+00 0.000000000000000e+00 0.000000000000000e+00 0.000000000000000e+00 0.000000000000000e+00 0.000000000000000e+00 0.000000000000000e+00 0.000000000000000e+00 0.000000000000000e+00 0.000000000000000e+00
 0.000000000000000e+00 0.000000000000000e+00 0.000000000000000e+00 0.000000000000000e+00 0.000000000000000e+00 0.000000000000000e+00 0.000000000000000e+00 0.000000000000000e+00 0.000000000000000e+00 0.000000000000000e+00
 0.000000000000000e+00 0.000000000000000e+00 0.000000000000000e+00 0.000000000000000e+00 0.000000000000000e+00 5.599999999999991e+12 0.000000000000000e+00 5.599999999999991e+12 0.000000000000000e+00 0.000000000000000e+00
 0.000000000000000e+00 0.000000000000000e+00 0.000000000000000e+00 0.000000000000000e+00 0.000000000000000e+00 0.000000000000000e+00 0.000000000000000e+00 0.000000000000000e+00 0.000000000000000e+00 0.000000000000000e+00
 0.000000000000000e+00 0.000000000000000e+00 0.000000000000000e+00 0.000000000000000e+00 0.000000000000000e+00 0.000000000000000e+00 0.000000000000000e+00 0.000000000000000e+00 0.000000000000000e+00 0.000000000000000e+00
 0.000000000000000e+00 0.000000000000000e+00 0.000000000000000e+00 0.000000000000000e+00 0.000000000000000e+00 0.000000000000000e+00 0.000000000000000e+00 0.000000000000000e+00 0.000000000000000e+00 0.000000000000000e+00
 0.000000000000000e+00 0.000000000000000e+00 0.000000000000000e+00 0.000000000000000e+00 0.000000000000000e+00 5.599999999999991e+12 0.000000000000000e+00 5.599999999999991e+12 0.000000000000000e+00 0.000000000000000e+00
 0.000000000000000e+00 0.000000000000000e+00 0.000000000000000e+00 0.000000000000000e+00 0.000000000000000e+00 0.000000000000000e+00 0.000000000000000e+00 0.000000000000000e+00 0.000000000000000e+00 0.000000000000000e+00
 0.000000000000000e+00 0.000000000000000e+00 0.000000000000000e+00 0.000000000000000e+00 0.000000000000000e+00 0.000000000000000e+00 0.000000000000000e+00 0.000000000000000e+00 0.000000000000000e+00 0.000000000000000e+00
 0.000000000000000e+00 0.000000000000000e+00 0.000000000000000e+00 0.000000000000000e+00 0.000000000000000e+00 0.000000000000000e+00 0.000000000000000e+00 0.000000000000000e+00 0.000000000000000e+00 0.000000000000000e+00
 0.000000000000000e+00 0.000000000000000e+00 0.000000000000000e+00 0.000000000000000e+00 0.000000000000000e+00 5.599999999999991e+12 0.000000000000000e+00 5.599999999999991e+12 0.000000000000000e+00 0.000000000000000e+00
 0.000000000000000e+00 0.000000000000000e+00 0.000000000000000e+00 0.000000000000000e+00 0.000000000000000e+00 0.000000000000000e+00 0.000000000000000e+00 0.000000000000000e+00 0.000000000000000e+00 0.000000000000000e+00
 0.000000000000000e+00 0.000000000000000e+00 0.000000000000000e+00 0.000000000000000e+00 0.000000000000000e+00 0.000000000000000e+00 0.000000000000000e+00 0.000000000000000e+00 0.000000000000000e+00 0.000000000000000e+00
 0.000000000000000e+00 0.000000000000000e+00 0.000000000000000e+00 0.000000000000000e+00 0.000000000000000e+00 0.000000000000000e+00 0.000000000000000e+00 0.000000000000000e+00 0.000000000000000e+00 0.000000000000000e+00
 0.000000000000000e+00 0.000000000000000e+00 0.000000000000000e+00 0.000000000000000e+00 0.000000000000000e+00 5.599999999999991e+12 0.000000000000000e+00 5.599999999999991e+12 0.000000000000000e+00 0.000000000000000e+00
 0.000000000000000e+00 0.000000000000000e+00 0.000000000000000e+00 0.000000000000000e+00 0.000000000000000e+00 0.000000000000000e+00 0.000000000000000e+00 0.000000000000000e+00 0.000000000000000e+00 0.000000000000000e+00
 0.000000000000000e+00 0.000000000000000e+00 0.000000000000000e+00 0.000000000000000e+00 0.000000000000000e+00 0.000000000000000e+00 0.000000000000000e+00 0.000000000000000e+00 0.000000000000000e+00 0.000000000000000e+00
 0.000000000000000e+00 0.000000000000000e+00 0.000000000000000e+00 0.000000000000000e+00 0.000000000000000e+00 0.000000000000000e+00 0.000000000000000e+00 0.000000000000000e+00 0.000000000000000e+00 0.000000000000000e+00
 0.000000000000000e+00 0.000000000000000e+00 0.000000000000000e+00 0.000000000000000e+00 0.000000000000000e+00 5.599999999999991e+12 0.000000000000000e+00 5.599999999999991e+12 0.000000000000000e+00 0.000000000000000e+00
 0.000000000000000e+00 0.000000000000000e+00 0.000000000000000e+00 0.000000000000000e+00 0.000000000000000e+00 0.000000000000000e+00 0.000000000000000e+00 0.000000000000000e+00 0.000000000000000e+00 0.000000000000000e+00
 0.000000000000000e+00 0.000000000000000e+00 0.000000000000000e+00 0.000000000000000e+00 0.000000000000000e+00 0.000000000000000e+00 0.000000000000000e+00 0.000000000000000e+00 0.000000000000000e+00 0.000000000000000e+00
 0.000000000000000e+00 0.000000000000000e+00 0.000000000000000e+00 0.000000000000000e+00 0.000000000000000e+00 0.000000000000000e+00 0.000000000000000e+00 0.000000000000000e+00 0.000000000000000e+00 0.000000000000000e+00
 0.000000000000000e+00 0.000000000000000e+00 0.000000000000000e+00 0.000000000000000e+00 0.000000000000000e+00 5.599999999999991e+12 0.000000000000000e+00 5.599999999999991e+12 0.000000000000000e+00 0.000000000000000e+00
 0.000000000000000e+00 0.000000000000000e+00 0.000000000000000e+00 0.000000000000000e+00 0.000000000000000e+00 0.000000000000000e+00 0.000000000000000e+00 0.000000000000000e+00 0.000000000000000e+00 0.000000000000000e+00
 0.000000000000000e+00 0.000000000000000e+00 0.000000000000000e+00 0.000000000000000e+00 0.000000000000000e+00 0.000000000000000e+00 0.000000000000000e+00 0.000000000000000e+00 0.000000000000000e+00 0.000000000000000e+00
 0.000000000000000e+00 0.000000000000000e+00 0.000000000000000e+00 0.000000000000000e+00 0.000000000000000e+00 0.000000000000000e+00 0.000000000000000e+00 0.000000000000000e+00 0.000000000000000e+00 0.000000000000000e+00
 0.000000000000000e+00 0.000000000000000e+00 0.000000000000000e+00 0.000000000000000e+00 0.000000000000000e+00 5.599999999999991e+12 0.000000000000000e+00 5.599999999999991e+12 0.000000000000000e+00 0.000000000000000e+00
 0.000000000000000e+00 0.000000000000000e+00 0.000000000000000e+00 0.000000000000000e+00 0.000000000000000e+00 0.000000000000000e+00 0.000000000000000e+00 0.000000000000000e+00 0.000000000000000e+00 0.000000000000000e+00
 0.000000000000000e+00 0.000000000000000e+00 0.000000000000000e+00 0.000000000000000e+00 0.000000000000000e+00 0.000000000000000e+00 0.000000000000000e+00 0.000000000000000e+00 0.000000000000000e+00 0.000000000000000e+00
 0.000000000000000e+00 0.000000000000000e+00 0.000000000000000e+00 0.000000000000000e+00 0.000000000000000e+00 0.000000000000000e+00 0.000000000000000e+00 0.000000000000000e+00 0.000000000000000e+00 0.000000000000000e+00
 0.000000000000000e+00 0.000000000000000e+00 0.000000000000000e+00 0.000000000000000e+00 0.000000000000000e+00 5.599999999999991e+12 0.000000000000000e+00 5.599999999999991e+12 0.000000000000000e+00 0.000000000000000e+00
 0.000000000000000e+00 0.000000000000000e+00 0.000000000000000e+00 0.000000000000000e+00 0.000000000000000e+00 0.000000000000000e+00 0.000000000000000e+00 0.000000000000000e+00 0.000000000000000e+00 0.000000000000000e+00
 0.000000000000000e+00 0.000000000000000e+00 0.000000000000000e+00 0.000000000000000e+00 0.000000000000000e+00 0.000000000000000e+00 0.000000000000000e+00 0.000000000000000e+00 0.000000000000000e+00 0.000000000000000e+00
 0.000000000000000e+00 0.000000000000000e+00 0.000000000000000e+00 0.000000000000000e+00 0.000000000000000e+00 0.000000000000000e+00 0.000000000000000e+00 0.000000000000000e+00 0.000000000000000e+00 0.000000000000000e+00
 0.000000000000000e+00 0.000000000000000e+00 0.000000000000000e+00 0.000000000000000e+00 0.000000000000000e+00 5.599999999999991e+12 0.000000000000000e+00 5.599999999999991e+12 0.000000000000000e+00 0.000000000000000e+00
 0.000000000000000e+00 0.000000000000000e+00 0.000000000000000e+00 0.000000000000000e+00 0.000000000000000e+00 0.000000000000000e+00 0.000000000000000e+00 0.000000000000000e+00 0.000000000000000e+00 0.000000000000000e+00
 0.000000000000000e+00 0.000000000000000e+00 0.000000000000000e+00 0.000000000000000e+00 0.000000000000000e+00 0.000000000000000e+00 0.000000000000000e+00 0.000000000000000e+00 0.000000000000000e+00 0.000000000000000e+00
 0.000000000000000e+00 0.000000000000000e+00 0.000000000000000e+00 0.000000000000000e+00 0.000000000000000e+00 0.000000000000000e+00 0.000000000000000e+00 0.000000000000000e+00 0.000000000000000e+00 0.000000000000000e+00
 0.000000000000000e+00 0.000000000000000e+00 0.000000000000000e+00 0.000000000000000e+00 0.000000000000000e+00 5.599999999999991e+12 0.000000000000000e+00 5.599999999999991e+12 0.000000000000000e+00 0.000000000000000e+00
 0.000000000000000e+00 0.000000000000000e+00 0.000000000000000e+00 0.000000000000000e+00 0.000000000000000e+00 0.000000000000000e+00 0.000000000000000e+00 0.000000000000000e+00 0.000000000000000e+00 0.000000000000000e+00
 0.000000000000000e+00 0.000000000000000e+00 0.000000000000000e+00 0.000000000000000e+00 0.000000000000000e+00 0.000000000000000e+00 0.000000000000000e+00 0.000000000000000e+00 0.000000000000000e+00 0.000000000000000e+00
 0.000000000000000e+00 0.000000000000000e+00 0.000000000000000e+00 0.000000000000000e+00 0.000000000000000e+00 0.000000000000000e+00 0.000000000000000e+00 0.000000000000000e+00 0.000000000000000e+00 0.000000000000000e+00
 0.000000000000000e+00 0.000000000000000e+00 0.000000000000000e+00 0.000000000000000e+00 0.000000000000000e+00 5.599999999999991e+12 0.000000000000000e+00 5.599999999999991e+12 0.000000000000000e+00 0.000000000000000e+00
 0.000000000000000e+00 0.000000000000000e+00 0.000000000000000e+00 0.000000000000000e+00 0.000000000000000e+00 0.000000000000000e+00 0.000000000000000e+00 0.000000000000000e+00 0.000000000000000e+00 0.000000000000000e+00
 0.000000000000000e+00 0.000000000000000e+00 0.000000000000000e+00 0.000000000000000e+00 0.000000000000000e+00 0.000000000000000e+00 0.000000000000000e+00 0.000000000000000e+00 0.000000000000000e+00 0.000000000000000e+00
 0.000000000000000e+00 0.000000000000000e+00 0.000000000000000e+00 0.000000000000000e+00 0.000000000000000e+00 0.000000000000000e+00 0.000000000000000e+00 0.000000000000000e+00 0.000000000000000e+00 0.000000000000000e+00
 0.000000000000000e+00 0.000000000000000e+00 0.000000000000000e+00 0.000000000000000e+00 0.000000000000000e+00 5.599999999999991e+12 0.000000000000000e+00 5.599999999999991e+12 0.000000000000000e+00 0.000000000000000e+00
 0.000000000000000e+00 0.000000000000000e+00 0.000000000000000e+00 0.000000000000000e+00 0.000000000000000e+00 0.000000000000000e+00 0.000000000000000e+00 0.000000000000000e+00 0.000000000000000e+00 0.000000000000000e+00
 0.000000000000000e+00 0.000000000000000e+00 0.000000000000000e+00 0.000000000000000e+00 0.000000000000000e+00 0.000000000000000e+00 0.000000000000000e+00 0.000000000000000e+00 0.000000000000000e+00 0.000000000000000e+00
 0.000000000000000e+00 0.000000000000000e+00 0.000000000000000e+00 0.000000000000000e+00 0.000000000000000e+00 0.000000000000000e+00 0.000000000000000e+00 0.000000000000000e+00 0.000000000000000e+00 0.000000000000000e+00
 0.000000000000000e+00 0.000000000000000e+00 0.000000000000000e+00 0.000000000000000e+00 0.000000000000000e+00 5.599999999999991e+12 0.000000000000000e+00 5.599999999999991e+12 0.000000000000000e+00 0.000000000000000e+00
 0.000000000000000e+00 0.000000000000000e+00 0.000000000000000e+00 0.000000000000000e+00 0.000000000000000e+00 0.000000000000000e+00 0.000000000000000e+00 0.000000000000000e+00 0.000000000000000e+00 0.000000000000000e+00
 0.000000000000000e+00 0.000000000000000e+00 0.000000000000000e+00 0.000000000000000e+00 0.000000000000000e+00 0.000000000000000e+00 0.000000000000000e+00 0.000000000000000e+00 0.000000000000000e+00 0.000000000000000e+00
 0.000000000000000e+00 0.000000000000000e+00 0.000000000000000e+00 0.000000000000000e+00 0.000000000000000e+00 0.000000000000000e+00 0.000000000000000e+00 0.000000000000000e+00 0.000000000000000e+00 0.000000000000000e+00
 0.000000000000000e+00 0.000000000000000e+00 0.000000000000000e+00 0.000000000000000e+00 0.000000000000000e+00 5.599999999999991e+12 0.000000000000000e+00 5.599999999999991e+12 0.000000000000000e+00 0.000000000000000e+00
 0.000000000000000e+00 0.000000000000000e+00 0.000000000000000e+00 0.000000000000000e+00 0.000000000000000e+00 0.000000000000000e+00 0.000000000000000e+00 0.000000000000000e+00 0.000000000000000e+00 0.000000000000000e+00
 0.000000000000000e+00 0.000000000000000e+00 0.000000000000000e+00 0.000000000000000e+00 0.000000000000000e+00 0.000000000000000e+00 0.000000000000000e+00 0.000000000000000e+00 0.000000000000000e+00 0.000000000000000e+00
 0.000000000000000e+00 0.000000000000000e+00 0.000000000000000e+00 0.000000000000000e+00 0.000000000000000e+00 0.000000000000000e+00 0.000000000000000e+00 0.000000000000000e+00 0.000000000000000e+00 0.000000000000000e+00
 0.000000000000000e+00 0.000000000000000e+00 0.000000000000000e+00 0.000000000000000e+00 0.000000000000000e+00 5.599999999999991e+12 0.000000000000000e+00 5.599999999999991e+12 0.000000000000000e+00 0.000000000000000e+00
 0.000000000000000e+00 0.000000000000000e+00 0.000000000000000e+00 0.000000000000000e+00 0.000000000000000e+00 0.000000000000000e+00 0.000000000000000e+00 0.000000000000000e+00 0.000000000000000e+00 0.000000000000000e+00
 0.000000000000000e+00 0.000000000000000e+00 0.000000000000000e+00 0.000000000000000e+00 0.000000000000000e+00 0.000000000000000e+00 0.000000000000000e+00 0.000000000000000e+00 0.000000000000000e+00 0.000000000000000e+00
 0.000000000000000e+00 0.000000000000000e+00 0.000000000000000e+00 0.000000000000000e+00 0.000000000000000e+00 0.000000000000000e+00 0.000000000000000e+00 0.000000000000000e+00 0.000000000000000e+00 0.000000000000000e+00
 0.000000000000000e+00 0.000000000000000e+00 0.000000000000000e+00 0.000000000000000e+00 0.000000000000000e+00 5.599999999999991e+12 0.000000000000000e+00 5.599999999999991e+12 0.000000000000000e+00 0.000000000000000e+00
 0.000000000000000e+00 0.000000000000000e+00 0.000000000000000e+00 0.000000000000000e+00 0.000000000000000e+00 0.000000000000000e+00 0.000000000000000e+00 0.000000000000000e+00 0.000000000000000e+00 0.000000000000000e+00
 0.000000000000000e+00 0.000000000000000e+00 0.000000000000000e+00 0.000000000000000e+00 0.000000000000000e+00 0.000000000000000e+00 0.000000000000000e+00 0.000000000000000e+00 0.000000000000000e+00 0.000000000000000e+00
 0.000000000000000e+00 0.000000000000000e+00 0.000000000000000e+00 0.000000000000000e+00 0.000000000000000e+00 0.000000000000000e+00 0.000000000000000e+00 0.000000000000000e+00 0.000000000000000e+00 0.000000000000000e+00
 0.000000000000000e+00 0.000000000000000e+00 0.000000000000000e+00 0.000000000000000e+00 0.000000000000000e+00 5.599999999999991e+12 0.000000000000000e+00 5.599999999999991e+12 0.000000000000000e+00 0.000000000000000e+00
 0.000000000000000e+00 0.000000000000000e+00 0.000000000000000e+00 0.000000000000000e+00 0.000000000000000e+00 0.000000000000000e+00 0.000000000000000e+00 0.000000000000000e+00 0.000000000000000e+00 0.000000000000000e+00
 0.000000000000000e+00 0.000000000000000e+00 0.000000000000000e+00 0.000000000000000e+00 0.000000000000000e+00 0.000000000000000e+00 0.000000000000000e+00 0.000000000000000e+00 0.000000000000000e+00 0.000000000000000e+00
 0.000000000000000e+00 0.000000000000000e+00 0.000000000000000e+00 0.000000000000000e+00 0.000000000000000e+00 0.000000000000000e+00 0.000000000000000e+00 0.000000000000000e+00 0.000000000000000e+00 0.000000000000000e+00
 0.000000000000000e+00 0.000000000000000e+00 0.000000000000000e+00 0.000000000000000e+00 0.000000000000000e+00 5.599999999999991e+12 0.000000000000000e+00 5.599999999999991e+12 0.000000000000000e+00 0.000000000000000e+00
 0.000000000000000e+00 0.000000000000000e+00 0.000000000000000e+00 0.000000000000000e+00 0.000000000000000e+00 0.000000000000000e+00 0.000000000000000e+00 0.000000000000000e+00 0.000000000000000e+00 0.000000000000000e+00
 0.000000000000000e+00 0.000000000000000e+00 0.000000000000000e+00 0.000000000000000e+00 0.000000000000000e+00 0.000000000000000e+00 0.000000000000000e+00 0.000000000000000e+00 0.000000000000000e+00 0.000000000000000e+00
 0.000000000000000e+00 0.000000000000000e+00 0.000000000000000e+00 0.000000000000000e+00 0.000000000000000e+00 0.000000000000000e+00 0.000000000000000e+00 0.000000000000000e+00 0.000000000000000e+00 0.000000000000000e+00
 0.000000000000000e+00 0.000000000000000e+00 0.000000000000000e+00 0.000000000000000e+00 0.000000000000000e+00 5.599999999999991e+12 0.000000000000000e+00 5.599999999999991e+12 0.000000000000000e+00 0.000000000000000e+00
 0.000000000000000e+00 0.000000000000000e+00 0.000000000000000e+00 0.000000000000000e+00 0.000000000000000e+00 0.000000000000000e+00 0.000000000000000e+00 0.000000000000000e+00 0.000000000000000e+00 0.000000000000000e+00
 0.000000000000000e+00 0.000000000000000e+00 0.000000000000000e+00 0.000000000000000e+00 0.000000000000000e+00 0.000000000000000e+00 0.000000000000000e+00 0.000000000000000e+00 0.000000000000000e+00 0.000000000000000e+00
 0.000000000000000e+00 0.000000000000000e+00 0.000000000000000e+00 0.000000000000000e+00 0.000000000000000e+00 0.000000000000000e+00 0.000000000000000e+00 0.000000000000000e+00 0.000000000000000e+00 0.000000000000000e+00
 0.000000000000000e+00 0.000000000000000e+00 0.000000000000000e+00 0.000000000000000e+00 0.000000000000000e+00 5.599999999999991e+12 0.000000000000000e+00 5.599999999999991e+12 0.000000000000000e+00 0.000000000000000e+00
 0.000000000000000e+00 0.000000000000000e+00 0.000000000000000e+00 0.000000000000000e+00 0.000000000000000e+00 0.000000000000000e+00 0.000000000000000e+00 0.000000000000000e+00 0.000000000000000e+00 0.000000000000000e+00
 0.000000000000000e+00 0.000000000000000e+00 0.000000000000000e+00 0.000000000000000e+00 0.000000000000000e+00 0.000000000000000e+00 0.000000000000000e+00 0.000000000000000e+00 0.000000000000000e+00 0.000000000000000e+00
 0.000000000000000e+00 0.000000000000000e+00 0.000000000000000e+00 0.000000000000000e+00 0.000000000000000e+00 0.000000000000000e+00 0.000000000000000e+00 0.000000000000000e+00 0.000000000000000e+00 0.000000000000000e+00
 0.000000000000000e+00 0.000000000000000e+00 0.000000000000000e+00 0.000000000000000e+00 0.000000000000000e+00 5.599999999999991e+12 0.000000000000000e+00 5.599999999999991e+12 0.000000000000000e+00 0.000000000000000e+00
 0.000000000000000e+00 0.000000000000000e+00 0.000000000000000e+00 0.000000000000000e+00 0.000000000000000e+00 0.000000000000000e+00 0.000000000000000e+00 0.000000000000000e+00 0.000000000000000e+00 0.000000000000000e+00
 0.000000000000000e+00 0.000000000000000e+00 0.000000000000000e+00 0.000000000000000e+00 0.000000000000000e+00 0.000000000000000e+00 0.000000000000000e+00 0.000000000000000e+00 0.000000000000000e+00 0.000000000000000e+00
 0.000000000000000e+00 0.000000000000000e+00 0.000000000000000e+00 0.000000000000000e+00 0.000000000000000e+00 0.000000000000000e+00 0.000000000000000e+00 0.000000000000000e+00 0.000000000000000e+00 0.000000000000000e+00
 0.000000000000000e+00 0.000000000000000e+00 0.000000000000000e+00 0.000000000000000e+00 0.000000000000000e+00 5.599999999999991e+12 0.000000000000000e+00 5.599999999999991e+12 0.000000000000000e+00 0.000000000000000e+00
 0.000000000000000e+00 0.000000000000000e+00 0.000000000000000e+00 0.000000000000000e+00 0.000000000000000e+00 0.000000000000000e+00 0.000000000000000e+00 0.000000000000000e+00 0.000000000000000e+00 0.000000000000000e+00
 0.000000000000000e+00 0.000000000000000e+00 0.000000000000000e+00 0.000000000000000e+00 0.000000000000000e+00 0.000000000000000e+00 0.000000000000000e+00 0.000000000000000e+00 0.000000000000000e+00 0.000000000000000e+00
 0.000000000000000e+00 0.000000000000000e+00 0.000000000000000e+00 0.000000000000000e+00 0.000000000000000e+00 0.000000000000000e+00 0.000000000000000e+00 0.000000000000000e+00 0.000000000000000e+00 0.000000000000000e+00
 0.000000000000000e+00 0.000000000000000e+00 0.000000000000000e+00 0.000000000000000e+00 0.000000000000000e+00 5.599999999999991e+12 0.000000000000000e+00 5.599999999999991e+12 0.000000000000000e+00 0.000000000000000e+00
 0.000000000000000e+00 0.000000000000000e+00 0.000000000000000e+00 0.000000000000000e+00 0.000000000000000e+00 0.000000000000000e+00 0.000000000000000e+00 0.000000000000000e+00 0.000000000000000e+00 0.000000000000000e+00
 0.000000000000000e+00 0.000000000000000e+00 0.000000000000000e+00 0.000000000000000e+00 0.000000000000000e+00 0.000000000000000e+00 0.000000000000000e+00 5.599999999999991e+12 0.000000000000000e+00 0.000000000000000e+00
 0.000000000000000e+00 0.000000000000000e+00 0.000000000000000e+00 0.000000000000000e+00 0.000000000000000e+00 0.000000000000000e+00 0.000000000000000e+00 0.000000000000000e+00 0.000000000000000e+00 0.000000000000000e+00
 0.000000000000000e+00 0.000000000000000e+00 0.000000000000000e+00 0.000000000000000e+00 0.000000000000000e+00 0.000000000000000e+00 0.000000000000000e+00 0.000000000000000e+00 5.599999999999991e+12 5.599999999999991e+12

    }
  }

  Dataset ("PMIUserField0") {
    function  = PMIUserField0
    type      = scalar
    dimension = 1
    location  = vertex
    validity  = [ "p_plus" ]
    Values (1300) {
 0.000000000000000e+00 0.000000000000000e+00 0.000000000000000e+00 0.000000000000000e+00 0.000000000000000e+00 0.000000000000000e+00 0.000000000000000e+00 0.000000000000000e+00 0.000000000000000e+00 0.000000000000000e+00
 0.000000000000000e+00 0.000000000000000e+00 0.000000000000000e+00 0.000000000000000e+00 0.000000000000000e+00 0.000000000000000e+00 0.000000000000000e+00 0.000000000000000e+00 0.000000000000000e+00 0.000000000000000e+00
 0.000000000000000e+00 0.000000000000000e+00 0.000000000000000e+00 0.000000000000000e+00 0.000000000000000e+00 0.000000000000000e+00 0.000000000000000e+00 0.000000000000000e+00 0.000000000000000e+00 0.000000000000000e+00
 0.000000000000000e+00 0.000000000000000e+00 0.000000000000000e+00 0.000000000000000e+00 0.000000000000000e+00 0.000000000000000e+00 0.000000000000000e+00 0.000000000000000e+00 0.000000000000000e+00 0.000000000000000e+00
 0.000000000000000e+00 0.000000000000000e+00 0.000000000000000e+00 0.000000000000000e+00 0.000000000000000e+00 0.000000000000000e+00 0.000000000000000e+00 0.000000000000000e+00 0.000000000000000e+00 0.000000000000000e+00
 0.000000000000000e+00 0.000000000000000e+00 0.000000000000000e+00 0.000000000000000e+00 0.000000000000000e+00 0.000000000000000e+00 0.000000000000000e+00 0.000000000000000e+00 0.000000000000000e+00 0.000000000000000e+00
 0.000000000000000e+00 0.000000000000000e+00 0.000000000000000e+00 0.000000000000000e+00 0.000000000000000e+00 0.000000000000000e+00 0.000000000000000e+00 0.000000000000000e+00 0.000000000000000e+00 0.000000000000000e+00
 0.000000000000000e+00 0.000000000000000e+00 0.000000000000000e+00 0.000000000000000e+00 0.000000000000000e+00 0.000000000000000e+00 0.000000000000000e+00 0.000000000000000e+00 0.000000000000000e+00 0.000000000000000e+00
 0.000000000000000e+00 0.000000000000000e+00 0.000000000000000e+00 0.000000000000000e+00 0.000000000000000e+00 0.000000000000000e+00 0.000000000000000e+00 0.000000000000000e+00 0.000000000000000e+00 0.000000000000000e+00
 0.000000000000000e+00 0.000000000000000e+00 0.000000000000000e+00 0.000000000000000e+00 0.000000000000000e+00 0.000000000000000e+00 0.000000000000000e+00 0.000000000000000e+00 0.000000000000000e+00 0.000000000000000e+00
 0.000000000000000e+00 0.000000000000000e+00 0.000000000000000e+00 0.000000000000000e+00 0.000000000000000e+00 0.000000000000000e+00 0.000000000000000e+00 0.000000000000000e+00 0.000000000000000e+00 0.000000000000000e+00
 0.000000000000000e+00 0.000000000000000e+00 0.000000000000000e+00 0.000000000000000e+00 0.000000000000000e+00 0.000000000000000e+00 0.000000000000000e+00 0.000000000000000e+00 0.000000000000000e+00 0.000000000000000e+00
 0.000000000000000e+00 0.000000000000000e+00 0.000000000000000e+00 0.000000000000000e+00 0.000000000000000e+00 0.000000000000000e+00 0.000000000000000e+00 0.000000000000000e+00 0.000000000000000e+00 0.000000000000000e+00
 0.000000000000000e+00 0.000000000000000e+00 0.000000000000000e+00 0.000000000000000e+00 0.000000000000000e+00 0.000000000000000e+00 0.000000000000000e+00 0.000000000000000e+00 0.000000000000000e+00 0.000000000000000e+00
 0.000000000000000e+00 0.000000000000000e+00 0.000000000000000e+00 0.000000000000000e+00 0.000000000000000e+00 0.000000000000000e+00 0.000000000000000e+00 0.000000000000000e+00 0.000000000000000e+00 0.000000000000000e+00
 0.000000000000000e+00 0.000000000000000e+00 0.000000000000000e+00 0.000000000000000e+00 0.000000000000000e+00 0.000000000000000e+00 0.000000000000000e+00 0.000000000000000e+00 0.000000000000000e+00 0.000000000000000e+00
 0.000000000000000e+00 0.000000000000000e+00 0.000000000000000e+00 0.000000000000000e+00 0.000000000000000e+00 0.000000000000000e+00 0.000000000000000e+00 0.000000000000000e+00 0.000000000000000e+00 0.000000000000000e+00
 0.000000000000000e+00 0.000000000000000e+00 0.000000000000000e+00 0.000000000000000e+00 0.000000000000000e+00 0.000000000000000e+00 0.000000000000000e+00 0.000000000000000e+00 0.000000000000000e+00 0.000000000000000e+00
 0.000000000000000e+00 0.000000000000000e+00 0.000000000000000e+00 0.000000000000000e+00 0.000000000000000e+00 0.000000000000000e+00 0.000000000000000e+00 0.000000000000000e+00 0.000000000000000e+00 0.000000000000000e+00
 0.000000000000000e+00 0.000000000000000e+00 0.000000000000000e+00 0.000000000000000e+00 0.000000000000000e+00 0.000000000000000e+00 0.000000000000000e+00 0.000000000000000e+00 0.000000000000000e+00 0.000000000000000e+00
 0.000000000000000e+00 0.000000000000000e+00 0.000000000000000e+00 0.000000000000000e+00 0.000000000000000e+00 0.000000000000000e+00 0.000000000000000e+00 0.000000000000000e+00 0.000000000000000e+00 0.000000000000000e+00
 0.000000000000000e+00 0.000000000000000e+00 0.000000000000000e+00 0.000000000000000e+00 0.000000000000000e+00 0.000000000000000e+00 0.000000000000000e+00 0.000000000000000e+00 0.000000000000000e+00 0.000000000000000e+00
 0.000000000000000e+00 0.000000000000000e+00 0.000000000000000e+00 0.000000000000000e+00 0.000000000000000e+00 0.000000000000000e+00 0.000000000000000e+00 0.000000000000000e+00 0.000000000000000e+00 0.000000000000000e+00
 0.000000000000000e+00 0.000000000000000e+00 0.000000000000000e+00 0.000000000000000e+00 0.000000000000000e+00 0.000000000000000e+00 0.000000000000000e+00 0.000000000000000e+00 0.000000000000000e+00 0.000000000000000e+00
 0.000000000000000e+00 0.000000000000000e+00 0.000000000000000e+00 0.000000000000000e+00 0.000000000000000e+00 0.000000000000000e+00 0.000000000000000e+00 0.000000000000000e+00 0.000000000000000e+00 0.000000000000000e+00
 0.000000000000000e+00 0.000000000000000e+00 0.000000000000000e+00 0.000000000000000e+00 0.000000000000000e+00 0.000000000000000e+00 0.000000000000000e+00 0.000000000000000e+00 0.000000000000000e+00 0.000000000000000e+00
 0.000000000000000e+00 0.000000000000000e+00 0.000000000000000e+00 0.000000000000000e+00 0.000000000000000e+00 0.000000000000000e+00 0.000000000000000e+00 0.000000000000000e+00 0.000000000000000e+00 0.000000000000000e+00
 0.000000000000000e+00 0.000000000000000e+00 0.000000000000000e+00 0.000000000000000e+00 0.000000000000000e+00 0.000000000000000e+00 0.000000000000000e+00 0.000000000000000e+00 0.000000000000000e+00 0.000000000000000e+00
 0.000000000000000e+00 0.000000000000000e+00 0.000000000000000e+00 0.000000000000000e+00 0.000000000000000e+00 0.000000000000000e+00 0.000000000000000e+00 0.000000000000000e+00 0.000000000000000e+00 0.000000000000000e+00
 0.000000000000000e+00 0.000000000000000e+00 0.000000000000000e+00 0.000000000000000e+00 0.000000000000000e+00 0.000000000000000e+00 0.000000000000000e+00 0.000000000000000e+00 0.000000000000000e+00 0.000000000000000e+00
 0.000000000000000e+00 0.000000000000000e+00 0.000000000000000e+00 0.000000000000000e+00 0.000000000000000e+00 0.000000000000000e+00 0.000000000000000e+00 0.000000000000000e+00 0.000000000000000e+00 0.000000000000000e+00
 0.000000000000000e+00 0.000000000000000e+00 0.000000000000000e+00 0.000000000000000e+00 0.000000000000000e+00 0.000000000000000e+00 0.000000000000000e+00 0.000000000000000e+00 0.000000000000000e+00 0.000000000000000e+00
 0.000000000000000e+00 0.000000000000000e+00 0.000000000000000e+00 0.000000000000000e+00 0.000000000000000e+00 0.000000000000000e+00 0.000000000000000e+00 0.000000000000000e+00 0.000000000000000e+00 0.000000000000000e+00
 0.000000000000000e+00 0.000000000000000e+00 0.000000000000000e+00 0.000000000000000e+00 0.000000000000000e+00 0.000000000000000e+00 0.000000000000000e+00 0.000000000000000e+00 0.000000000000000e+00 0.000000000000000e+00
 0.000000000000000e+00 0.000000000000000e+00 0.000000000000000e+00 0.000000000000000e+00 0.000000000000000e+00 0.000000000000000e+00 0.000000000000000e+00 0.000000000000000e+00 0.000000000000000e+00 0.000000000000000e+00
 0.000000000000000e+00 0.000000000000000e+00 0.000000000000000e+00 0.000000000000000e+00 0.000000000000000e+00 0.000000000000000e+00 0.000000000000000e+00 0.000000000000000e+00 0.000000000000000e+00 0.000000000000000e+00
 0.000000000000000e+00 0.000000000000000e+00 0.000000000000000e+00 0.000000000000000e+00 0.000000000000000e+00 0.000000000000000e+00 0.000000000000000e+00 0.000000000000000e+00 0.000000000000000e+00 0.000000000000000e+00
 0.000000000000000e+00 0.000000000000000e+00 0.000000000000000e+00 0.000000000000000e+00 0.000000000000000e+00 0.000000000000000e+00 0.000000000000000e+00 0.000000000000000e+00 0.000000000000000e+00 0.000000000000000e+00
 0.000000000000000e+00 0.000000000000000e+00 0.000000000000000e+00 0.000000000000000e+00 0.000000000000000e+00 0.000000000000000e+00 0.000000000000000e+00 0.000000000000000e+00 0.000000000000000e+00 0.000000000000000e+00
 0.000000000000000e+00 0.000000000000000e+00 0.000000000000000e+00 0.000000000000000e+00 0.000000000000000e+00 0.000000000000000e+00 0.000000000000000e+00 0.000000000000000e+00 0.000000000000000e+00 0.000000000000000e+00
 0.000000000000000e+00 0.000000000000000e+00 0.000000000000000e+00 0.000000000000000e+00 0.000000000000000e+00 0.000000000000000e+00 0.000000000000000e+00 0.000000000000000e+00 0.000000000000000e+00 0.000000000000000e+00
 0.000000000000000e+00 0.000000000000000e+00 0.000000000000000e+00 0.000000000000000e+00 0.000000000000000e+00 0.000000000000000e+00 0.000000000000000e+00 0.000000000000000e+00 0.000000000000000e+00 0.000000000000000e+00
 0.000000000000000e+00 0.000000000000000e+00 0.000000000000000e+00 0.000000000000000e+00 0.000000000000000e+00 0.000000000000000e+00 0.000000000000000e+00 0.000000000000000e+00 0.000000000000000e+00 0.000000000000000e+00
 0.000000000000000e+00 0.000000000000000e+00 0.000000000000000e+00 0.000000000000000e+00 0.000000000000000e+00 0.000000000000000e+00 0.000000000000000e+00 0.000000000000000e+00 0.000000000000000e+00 0.000000000000000e+00
 0.000000000000000e+00 0.000000000000000e+00 0.000000000000000e+00 0.000000000000000e+00 0.000000000000000e+00 0.000000000000000e+00 0.000000000000000e+00 0.000000000000000e+00 0.000000000000000e+00 0.000000000000000e+00
 0.000000000000000e+00 0.000000000000000e+00 0.000000000000000e+00 0.000000000000000e+00 0.000000000000000e+00 0.000000000000000e+00 0.000000000000000e+00 0.000000000000000e+00 0.000000000000000e+00 0.000000000000000e+00
 0.000000000000000e+00 0.000000000000000e+00 0.000000000000000e+00 0.000000000000000e+00 0.000000000000000e+00 0.000000000000000e+00 0.000000000000000e+00 0.000000000000000e+00 0.000000000000000e+00 0.000000000000000e+00
 0.000000000000000e+00 0.000000000000000e+00 0.000000000000000e+00 0.000000000000000e+00 0.000000000000000e+00 0.000000000000000e+00 0.000000000000000e+00 0.000000000000000e+00 0.000000000000000e+00 0.000000000000000e+00
 0.000000000000000e+00 0.000000000000000e+00 0.000000000000000e+00 0.000000000000000e+00 0.000000000000000e+00 0.000000000000000e+00 0.000000000000000e+00 0.000000000000000e+00 0.000000000000000e+00 0.000000000000000e+00
 0.000000000000000e+00 0.000000000000000e+00 0.000000000000000e+00 0.000000000000000e+00 0.000000000000000e+00 0.000000000000000e+00 0.000000000000000e+00 0.000000000000000e+00 0.000000000000000e+00 0.000000000000000e+00
 0.000000000000000e+00 0.000000000000000e+00 0.000000000000000e+00 0.000000000000000e+00 0.000000000000000e+00 0.000000000000000e+00 0.000000000000000e+00 0.000000000000000e+00 0.000000000000000e+00 0.000000000000000e+00
 0.000000000000000e+00 0.000000000000000e+00 0.000000000000000e+00 0.000000000000000e+00 0.000000000000000e+00 0.000000000000000e+00 0.000000000000000e+00 0.000000000000000e+00 0.000000000000000e+00 0.000000000000000e+00
 0.000000000000000e+00 0.000000000000000e+00 0.000000000000000e+00 0.000000000000000e+00 0.000000000000000e+00 0.000000000000000e+00 0.000000000000000e+00 0.000000000000000e+00 0.000000000000000e+00 0.000000000000000e+00
 0.000000000000000e+00 0.000000000000000e+00 0.000000000000000e+00 0.000000000000000e+00 0.000000000000000e+00 0.000000000000000e+00 0.000000000000000e+00 0.000000000000000e+00 0.000000000000000e+00 0.000000000000000e+00
 0.000000000000000e+00 0.000000000000000e+00 0.000000000000000e+00 0.000000000000000e+00 0.000000000000000e+00 0.000000000000000e+00 0.000000000000000e+00 0.000000000000000e+00 0.000000000000000e+00 0.000000000000000e+00
 0.000000000000000e+00 0.000000000000000e+00 0.000000000000000e+00 0.000000000000000e+00 0.000000000000000e+00 0.000000000000000e+00 0.000000000000000e+00 0.000000000000000e+00 0.000000000000000e+00 0.000000000000000e+00
 0.000000000000000e+00 0.000000000000000e+00 0.000000000000000e+00 0.000000000000000e+00 0.000000000000000e+00 0.000000000000000e+00 0.000000000000000e+00 0.000000000000000e+00 0.000000000000000e+00 0.000000000000000e+00
 0.000000000000000e+00 0.000000000000000e+00 0.000000000000000e+00 0.000000000000000e+00 0.000000000000000e+00 0.000000000000000e+00 0.000000000000000e+00 0.000000000000000e+00 0.000000000000000e+00 0.000000000000000e+00
 0.000000000000000e+00 0.000000000000000e+00 0.000000000000000e+00 0.000000000000000e+00 0.000000000000000e+00 0.000000000000000e+00 0.000000000000000e+00 0.000000000000000e+00 0.000000000000000e+00 0.000000000000000e+00
 0.000000000000000e+00 0.000000000000000e+00 0.000000000000000e+00 0.000000000000000e+00 0.000000000000000e+00 0.000000000000000e+00 0.000000000000000e+00 0.000000000000000e+00 0.000000000000000e+00 0.000000000000000e+00
 0.000000000000000e+00 0.000000000000000e+00 0.000000000000000e+00 0.000000000000000e+00 0.000000000000000e+00 0.000000000000000e+00 0.000000000000000e+00 0.000000000000000e+00 0.000000000000000e+00 0.000000000000000e+00
 0.000000000000000e+00 0.000000000000000e+00 0.000000000000000e+00 0.000000000000000e+00 0.000000000000000e+00 0.000000000000000e+00 0.000000000000000e+00 0.000000000000000e+00 0.000000000000000e+00 0.000000000000000e+00
 0.000000000000000e+00 0.000000000000000e+00 0.000000000000000e+00 0.000000000000000e+00 0.000000000000000e+00 0.000000000000000e+00 0.000000000000000e+00 0.000000000000000e+00 0.000000000000000e+00 0.000000000000000e+00
 0.000000000000000e+00 0.000000000000000e+00 0.000000000000000e+00 0.000000000000000e+00 0.000000000000000e+00 0.000000000000000e+00 0.000000000000000e+00 0.000000000000000e+00 0.000000000000000e+00 0.000000000000000e+00
 0.000000000000000e+00 0.000000000000000e+00 0.000000000000000e+00 0.000000000000000e+00 0.000000000000000e+00 0.000000000000000e+00 0.000000000000000e+00 0.000000000000000e+00 0.000000000000000e+00 0.000000000000000e+00
 0.000000000000000e+00 0.000000000000000e+00 0.000000000000000e+00 0.000000000000000e+00 0.000000000000000e+00 0.000000000000000e+00 0.000000000000000e+00 0.000000000000000e+00 0.000000000000000e+00 0.000000000000000e+00
 0.000000000000000e+00 0.000000000000000e+00 0.000000000000000e+00 0.000000000000000e+00 0.000000000000000e+00 0.000000000000000e+00 0.000000000000000e+00 0.000000000000000e+00 0.000000000000000e+00 0.000000000000000e+00
 0.000000000000000e+00 0.000000000000000e+00 0.000000000000000e+00 0.000000000000000e+00 0.000000000000000e+00 0.000000000000000e+00 0.000000000000000e+00 0.000000000000000e+00 0.000000000000000e+00 0.000000000000000e+00
 0.000000000000000e+00 0.000000000000000e+00 0.000000000000000e+00 0.000000000000000e+00 0.000000000000000e+00 0.000000000000000e+00 0.000000000000000e+00 0.000000000000000e+00 0.000000000000000e+00 0.000000000000000e+00
 0.000000000000000e+00 0.000000000000000e+00 0.000000000000000e+00 0.000000000000000e+00 0.000000000000000e+00 0.000000000000000e+00 0.000000000000000e+00 0.000000000000000e+00 0.000000000000000e+00 0.000000000000000e+00
 0.000000000000000e+00 0.000000000000000e+00 0.000000000000000e+00 0.000000000000000e+00 0.000000000000000e+00 0.000000000000000e+00 0.000000000000000e+00 0.000000000000000e+00 0.000000000000000e+00 0.000000000000000e+00
 0.000000000000000e+00 0.000000000000000e+00 0.000000000000000e+00 0.000000000000000e+00 0.000000000000000e+00 0.000000000000000e+00 0.000000000000000e+00 0.000000000000000e+00 0.000000000000000e+00 0.000000000000000e+00
 0.000000000000000e+00 0.000000000000000e+00 0.000000000000000e+00 0.000000000000000e+00 0.000000000000000e+00 0.000000000000000e+00 0.000000000000000e+00 0.000000000000000e+00 0.000000000000000e+00 0.000000000000000e+00
 0.000000000000000e+00 0.000000000000000e+00 0.000000000000000e+00 0.000000000000000e+00 0.000000000000000e+00 0.000000000000000e+00 0.000000000000000e+00 0.000000000000000e+00 0.000000000000000e+00 0.000000000000000e+00
 0.000000000000000e+00 0.000000000000000e+00 0.000000000000000e+00 0.000000000000000e+00 0.000000000000000e+00 0.000000000000000e+00 0.000000000000000e+00 0.000000000000000e+00 0.000000000000000e+00 0.000000000000000e+00
 0.000000000000000e+00 0.000000000000000e+00 0.000000000000000e+00 0.000000000000000e+00 0.000000000000000e+00 0.000000000000000e+00 0.000000000000000e+00 0.000000000000000e+00 0.000000000000000e+00 0.000000000000000e+00
 0.000000000000000e+00 0.000000000000000e+00 0.000000000000000e+00 0.000000000000000e+00 0.000000000000000e+00 0.000000000000000e+00 0.000000000000000e+00 0.000000000000000e+00 0.000000000000000e+00 0.000000000000000e+00
 0.000000000000000e+00 0.000000000000000e+00 0.000000000000000e+00 0.000000000000000e+00 0.000000000000000e+00 0.000000000000000e+00 0.000000000000000e+00 0.000000000000000e+00 0.000000000000000e+00 0.000000000000000e+00
 0.000000000000000e+00 0.000000000000000e+00 0.000000000000000e+00 0.000000000000000e+00 0.000000000000000e+00 0.000000000000000e+00 0.000000000000000e+00 0.000000000000000e+00 0.000000000000000e+00 0.000000000000000e+00
 0.000000000000000e+00 0.000000000000000e+00 0.000000000000000e+00 0.000000000000000e+00 0.000000000000000e+00 0.000000000000000e+00 0.000000000000000e+00 0.000000000000000e+00 0.000000000000000e+00 0.000000000000000e+00
 0.000000000000000e+00 0.000000000000000e+00 0.000000000000000e+00 0.000000000000000e+00 0.000000000000000e+00 0.000000000000000e+00 0.000000000000000e+00 0.000000000000000e+00 0.000000000000000e+00 0.000000000000000e+00
 0.000000000000000e+00 0.000000000000000e+00 0.000000000000000e+00 0.000000000000000e+00 0.000000000000000e+00 0.000000000000000e+00 0.000000000000000e+00 0.000000000000000e+00 0.000000000000000e+00 0.000000000000000e+00
 0.000000000000000e+00 0.000000000000000e+00 0.000000000000000e+00 0.000000000000000e+00 0.000000000000000e+00 0.000000000000000e+00 0.000000000000000e+00 0.000000000000000e+00 0.000000000000000e+00 0.000000000000000e+00
 0.000000000000000e+00 0.000000000000000e+00 0.000000000000000e+00 0.000000000000000e+00 0.000000000000000e+00 0.000000000000000e+00 0.000000000000000e+00 0.000000000000000e+00 0.000000000000000e+00 0.000000000000000e+00
 0.000000000000000e+00 0.000000000000000e+00 0.000000000000000e+00 0.000000000000000e+00 0.000000000000000e+00 0.000000000000000e+00 0.000000000000000e+00 0.000000000000000e+00 0.000000000000000e+00 0.000000000000000e+00
 0.000000000000000e+00 0.000000000000000e+00 0.000000000000000e+00 0.000000000000000e+00 0.000000000000000e+00 0.000000000000000e+00 0.000000000000000e+00 0.000000000000000e+00 0.000000000000000e+00 0.000000000000000e+00
 0.000000000000000e+00 0.000000000000000e+00 0.000000000000000e+00 0.000000000000000e+00 0.000000000000000e+00 0.000000000000000e+00 0.000000000000000e+00 0.000000000000000e+00 0.000000000000000e+00 0.000000000000000e+00
 0.000000000000000e+00 0.000000000000000e+00 0.000000000000000e+00 0.000000000000000e+00 0.000000000000000e+00 0.000000000000000e+00 0.000000000000000e+00 0.000000000000000e+00 0.000000000000000e+00 0.000000000000000e+00
 0.000000000000000e+00 0.000000000000000e+00 0.000000000000000e+00 0.000000000000000e+00 0.000000000000000e+00 0.000000000000000e+00 0.000000000000000e+00 0.000000000000000e+00 0.000000000000000e+00 0.000000000000000e+00
 0.000000000000000e+00 0.000000000000000e+00 0.000000000000000e+00 0.000000000000000e+00 0.000000000000000e+00 0.000000000000000e+00 0.000000000000000e+00 0.000000000000000e+00 0.000000000000000e+00 0.000000000000000e+00
 0.000000000000000e+00 0.000000000000000e+00 0.000000000000000e+00 0.000000000000000e+00 0.000000000000000e+00 0.000000000000000e+00 0.000000000000000e+00 0.000000000000000e+00 0.000000000000000e+00 0.000000000000000e+00
 0.000000000000000e+00 0.000000000000000e+00 0.000000000000000e+00 0.000000000000000e+00 0.000000000000000e+00 0.000000000000000e+00 0.000000000000000e+00 0.000000000000000e+00 0.000000000000000e+00 0.000000000000000e+00
 0.000000000000000e+00 0.000000000000000e+00 0.000000000000000e+00 0.000000000000000e+00 0.000000000000000e+00 0.000000000000000e+00 0.000000000000000e+00 0.000000000000000e+00 0.000000000000000e+00 0.000000000000000e+00
 0.000000000000000e+00 0.000000000000000e+00 0.000000000000000e+00 0.000000000000000e+00 0.000000000000000e+00 0.000000000000000e+00 0.000000000000000e+00 0.000000000000000e+00 0.000000000000000e+00 0.000000000000000e+00
 0.000000000000000e+00 0.000000000000000e+00 0.000000000000000e+00 0.000000000000000e+00 0.000000000000000e+00 0.000000000000000e+00 0.000000000000000e+00 0.000000000000000e+00 0.000000000000000e+00 0.000000000000000e+00
 0.000000000000000e+00 0.000000000000000e+00 0.000000000000000e+00 0.000000000000000e+00 0.000000000000000e+00 0.000000000000000e+00 0.000000000000000e+00 0.000000000000000e+00 0.000000000000000e+00 0.000000000000000e+00
 0.000000000000000e+00 0.000000000000000e+00 0.000000000000000e+00 0.000000000000000e+00 0.000000000000000e+00 0.000000000000000e+00 0.000000000000000e+00 0.000000000000000e+00 0.000000000000000e+00 0.000000000000000e+00
 0.000000000000000e+00 0.000000000000000e+00 0.000000000000000e+00 0.000000000000000e+00 0.000000000000000e+00 0.000000000000000e+00 0.000000000000000e+00 0.000000000000000e+00 0.000000000000000e+00 0.000000000000000e+00
 0.000000000000000e+00 0.000000000000000e+00 0.000000000000000e+00 0.000000000000000e+00 0.000000000000000e+00 0.000000000000000e+00 0.000000000000000e+00 0.000000000000000e+00 0.000000000000000e+00 0.000000000000000e+00
 0.000000000000000e+00 0.000000000000000e+00 0.000000000000000e+00 0.000000000000000e+00 0.000000000000000e+00 0.000000000000000e+00 0.000000000000000e+00 0.000000000000000e+00 0.000000000000000e+00 0.000000000000000e+00
 0.000000000000000e+00 0.000000000000000e+00 0.000000000000000e+00 0.000000000000000e+00 0.000000000000000e+00 0.000000000000000e+00 0.000000000000000e+00 0.000000000000000e+00 0.000000000000000e+00 0.000000000000000e+00
 0.000000000000000e+00 0.000000000000000e+00 0.000000000000000e+00 0.000000000000000e+00 0.000000000000000e+00 0.000000000000000e+00 0.000000000000000e+00 0.000000000000000e+00 0.000000000000000e+00 0.000000000000000e+00
 0.000000000000000e+00 0.000000000000000e+00 0.000000000000000e+00 0.000000000000000e+00 0.000000000000000e+00 0.000000000000000e+00 0.000000000000000e+00 0.000000000000000e+00 0.000000000000000e+00 0.000000000000000e+00
 0.000000000000000e+00 0.000000000000000e+00 0.000000000000000e+00 0.000000000000000e+00 0.000000000000000e+00 0.000000000000000e+00 0.000000000000000e+00 0.000000000000000e+00 0.000000000000000e+00 0.000000000000000e+00
 0.000000000000000e+00 0.000000000000000e+00 0.000000000000000e+00 0.000000000000000e+00 0.000000000000000e+00 0.000000000000000e+00 0.000000000000000e+00 0.000000000000000e+00 0.000000000000000e+00 0.000000000000000e+00
 0.000000000000000e+00 0.000000000000000e+00 0.000000000000000e+00 0.000000000000000e+00 0.000000000000000e+00 0.000000000000000e+00 0.000000000000000e+00 0.000000000000000e+00 0.000000000000000e+00 0.000000000000000e+00
 0.000000000000000e+00 0.000000000000000e+00 0.000000000000000e+00 0.000000000000000e+00 0.000000000000000e+00 0.000000000000000e+00 0.000000000000000e+00 0.000000000000000e+00 0.000000000000000e+00 0.000000000000000e+00
 0.000000000000000e+00 0.000000000000000e+00 0.000000000000000e+00 0.000000000000000e+00 0.000000000000000e+00 0.000000000000000e+00 0.000000000000000e+00 0.000000000000000e+00 0.000000000000000e+00 0.000000000000000e+00
 0.000000000000000e+00 0.000000000000000e+00 0.000000000000000e+00 0.000000000000000e+00 0.000000000000000e+00 0.000000000000000e+00 0.000000000000000e+00 0.000000000000000e+00 0.000000000000000e+00 0.000000000000000e+00
 0.000000000000000e+00 0.000000000000000e+00 0.000000000000000e+00 0.000000000000000e+00 0.000000000000000e+00 0.000000000000000e+00 0.000000000000000e+00 0.000000000000000e+00 0.000000000000000e+00 0.000000000000000e+00
 0.000000000000000e+00 0.000000000000000e+00 0.000000000000000e+00 0.000000000000000e+00 0.000000000000000e+00 0.000000000000000e+00 0.000000000000000e+00 0.000000000000000e+00 0.000000000000000e+00 0.000000000000000e+00
 0.000000000000000e+00 0.000000000000000e+00 0.000000000000000e+00 0.000000000000000e+00 0.000000000000000e+00 0.000000000000000e+00 0.000000000000000e+00 0.000000000000000e+00 0.000000000000000e+00 0.000000000000000e+00
 0.000000000000000e+00 0.000000000000000e+00 0.000000000000000e+00 0.000000000000000e+00 0.000000000000000e+00 0.000000000000000e+00 0.000000000000000e+00 0.000000000000000e+00 0.000000000000000e+00 0.000000000000000e+00
 0.000000000000000e+00 0.000000000000000e+00 0.000000000000000e+00 0.000000000000000e+00 0.000000000000000e+00 0.000000000000000e+00 0.000000000000000e+00 0.000000000000000e+00 0.000000000000000e+00 0.000000000000000e+00
 0.000000000000000e+00 0.000000000000000e+00 0.000000000000000e+00 0.000000000000000e+00 0.000000000000000e+00 0.000000000000000e+00 0.000000000000000e+00 0.000000000000000e+00 0.000000000000000e+00 0.000000000000000e+00
 0.000000000000000e+00 0.000000000000000e+00 0.000000000000000e+00 0.000000000000000e+00 0.000000000000000e+00 0.000000000000000e+00 0.000000000000000e+00 0.000000000000000e+00 0.000000000000000e+00 0.000000000000000e+00
 0.000000000000000e+00 0.000000000000000e+00 0.000000000000000e+00 0.000000000000000e+00 0.000000000000000e+00 0.000000000000000e+00 0.000000000000000e+00 0.000000000000000e+00 0.000000000000000e+00 0.000000000000000e+00
 0.000000000000000e+00 0.000000000000000e+00 0.000000000000000e+00 0.000000000000000e+00 0.000000000000000e+00 0.000000000000000e+00 0.000000000000000e+00 0.000000000000000e+00 0.000000000000000e+00 0.000000000000000e+00
 0.000000000000000e+00 0.000000000000000e+00 0.000000000000000e+00 0.000000000000000e+00 0.000000000000000e+00 0.000000000000000e+00 0.000000000000000e+00 0.000000000000000e+00 0.000000000000000e+00 0.000000000000000e+00
 0.000000000000000e+00 0.000000000000000e+00 0.000000000000000e+00 0.000000000000000e+00 0.000000000000000e+00 0.000000000000000e+00 0.000000000000000e+00 0.000000000000000e+00 0.000000000000000e+00 0.000000000000000e+00
 0.000000000000000e+00 0.000000000000000e+00 0.000000000000000e+00 0.000000000000000e+00 0.000000000000000e+00 0.000000000000000e+00 0.000000000000000e+00 0.000000000000000e+00 0.000000000000000e+00 0.000000000000000e+00
 0.000000000000000e+00 0.000000000000000e+00 0.000000000000000e+00 0.000000000000000e+00 0.000000000000000e+00 0.000000000000000e+00 0.000000000000000e+00 0.000000000000000e+00 0.000000000000000e+00 0.000000000000000e+00
 0.000000000000000e+00 0.000000000000000e+00 0.000000000000000e+00 0.000000000000000e+00 0.000000000000000e+00 0.000000000000000e+00 0.000000000000000e+00 0.000000000000000e+00 0.000000000000000e+00 0.000000000000000e+00
 0.000000000000000e+00 0.000000000000000e+00 0.000000000000000e+00 0.000000000000000e+00 0.000000000000000e+00 0.000000000000000e+00 0.000000000000000e+00 0.000000000000000e+00 0.000000000000000e+00 0.000000000000000e+00
 0.000000000000000e+00 0.000000000000000e+00 0.000000000000000e+00 0.000000000000000e+00 0.000000000000000e+00 0.000000000000000e+00 0.000000000000000e+00 0.000000000000000e+00 0.000000000000000e+00 0.000000000000000e+00
 0.000000000000000e+00 0.000000000000000e+00 0.000000000000000e+00 0.000000000000000e+00 0.000000000000000e+00 0.000000000000000e+00 0.000000000000000e+00 0.000000000000000e+00 0.000000000000000e+00 0.000000000000000e+00
 0.000000000000000e+00 0.000000000000000e+00 0.000000000000000e+00 0.000000000000000e+00 0.000000000000000e+00 0.000000000000000e+00 0.000000000000000e+00 0.000000000000000e+00 0.000000000000000e+00 0.000000000000000e+00
 0.000000000000000e+00 0.000000000000000e+00 0.000000000000000e+00 0.000000000000000e+00 0.000000000000000e+00 0.000000000000000e+00 0.000000000000000e+00 0.000000000000000e+00 0.000000000000000e+00 0.000000000000000e+00
 0.000000000000000e+00 0.000000000000000e+00 0.000000000000000e+00 0.000000000000000e+00 0.000000000000000e+00 0.000000000000000e+00 0.000000000000000e+00 0.000000000000000e+00 0.000000000000000e+00 0.000000000000000e+00
 0.000000000000000e+00 0.000000000000000e+00 0.000000000000000e+00 0.000000000000000e+00 0.000000000000000e+00 0.000000000000000e+00 0.000000000000000e+00 0.000000000000000e+00 0.000000000000000e+00 0.000000000000000e+00

    }
  }

  Dataset ("AluminumActiveConcentration") {
    function  = AluminumActiveConcentration
    type      = scalar
    dimension = 1
    location  = vertex
    validity  = [ "p_plus" ]
    Values (1300) {
 1.000000000000005e+19 1.000000000000005e+19 1.000000000000005e+19 1.000000000000005e+19 1.000000000000005e+19 1.000000000000005e+19 1.000000000000005e+19 1.000000000000005e+19 1.000000000000005e+19 1.000000000000005e+19
 1.000000000000005e+19 1.000000000000005e+19 1.000000000000005e+19 1.000000000000005e+19 1.000000000000005e+19 1.000000000000005e+19 1.000000000000005e+19 1.000000000000005e+19 1.000000000000005e+19 1.000000000000005e+19
 1.000000000000005e+19 1.000000000000005e+19 1.000000000000005e+19 1.000000000000005e+19 1.000000000000005e+19 1.000000000000005e+19 1.000000000000005e+19 1.000000000000005e+19 1.000000000000005e+19 1.000000000000005e+19
 1.000000000000005e+19 1.000000000000005e+19 1.000000000000005e+19 1.000000000000005e+19 1.000000000000005e+19 1.000000000000005e+19 1.000000000000005e+19 1.000000000000005e+19 1.000000000000005e+19 1.000000000000005e+19
 1.000000000000005e+19 1.000000000000005e+19 1.000000000000005e+19 1.000000000000005e+19 1.000000000000005e+19 1.000000000000005e+19 1.000000000000005e+19 1.000000000000005e+19 1.000000000000005e+19 1.000000000000005e+19
 1.000000000000005e+19 1.000000000000005e+19 1.000000000000005e+19 1.000000000000005e+19 1.000000000000005e+19 1.000000000000005e+19 1.000000000000005e+19 1.000000000000005e+19 1.000000000000005e+19 1.000000000000005e+19
 1.000000000000005e+19 1.000000000000005e+19 1.000000000000005e+19 1.000000000000005e+19 1.000000000000005e+19 1.000000000000005e+19 1.000000000000005e+19 1.000000000000005e+19 1.000000000000005e+19 1.000000000000005e+19
 1.000000000000005e+19 1.000000000000005e+19 1.000000000000005e+19 1.000000000000005e+19 1.000000000000005e+19 1.000000000000005e+19 1.000000000000005e+19 1.000000000000005e+19 1.000000000000005e+19 1.000000000000005e+19
 1.000000000000005e+19 1.000000000000005e+19 1.000000000000005e+19 1.000000000000005e+19 1.000000000000005e+19 1.000000000000005e+19 1.000000000000005e+19 1.000000000000005e+19 1.000000000000005e+19 1.000000000000005e+19
 1.000000000000005e+19 1.000000000000005e+19 1.000000000000005e+19 1.000000000000005e+19 1.000000000000005e+19 1.000000000000005e+19 1.000000000000005e+19 1.000000000000005e+19 1.000000000000005e+19 1.000000000000005e+19
 1.000000000000005e+19 1.000000000000005e+19 1.000000000000005e+19 1.000000000000005e+19 1.000000000000005e+19 1.000000000000005e+19 1.000000000000005e+19 1.000000000000005e+19 1.000000000000005e+19 1.000000000000005e+19
 1.000000000000005e+19 1.000000000000005e+19 1.000000000000005e+19 1.000000000000005e+19 1.000000000000005e+19 1.000000000000005e+19 1.000000000000005e+19 1.000000000000005e+19 1.000000000000005e+19 1.000000000000005e+19
 1.000000000000005e+19 1.000000000000005e+19 1.000000000000005e+19 1.000000000000005e+19 1.000000000000005e+19 1.000000000000005e+19 1.000000000000005e+19 1.000000000000005e+19 1.000000000000005e+19 1.000000000000005e+19
 1.000000000000005e+19 1.000000000000005e+19 1.000000000000005e+19 1.000000000000005e+19 1.000000000000005e+19 1.000000000000005e+19 1.000000000000005e+19 1.000000000000005e+19 1.000000000000005e+19 1.000000000000005e+19
 1.000000000000005e+19 1.000000000000005e+19 1.000000000000005e+19 1.000000000000005e+19 1.000000000000005e+19 1.000000000000005e+19 1.000000000000005e+19 1.000000000000005e+19 1.000000000000005e+19 1.000000000000005e+19
 1.000000000000005e+19 1.000000000000005e+19 1.000000000000005e+19 1.000000000000005e+19 1.000000000000005e+19 1.000000000000005e+19 1.000000000000005e+19 1.000000000000005e+19 1.000000000000005e+19 1.000000000000005e+19
 1.000000000000005e+19 1.000000000000005e+19 1.000000000000005e+19 1.000000000000005e+19 1.000000000000005e+19 1.000000000000005e+19 1.000000000000005e+19 1.000000000000005e+19 1.000000000000005e+19 1.000000000000005e+19
 1.000000000000005e+19 1.000000000000005e+19 1.000000000000005e+19 1.000000000000005e+19 1.000000000000005e+19 1.000000000000005e+19 1.000000000000005e+19 1.000000000000005e+19 1.000000000000005e+19 1.000000000000005e+19
 1.000000000000005e+19 1.000000000000005e+19 1.000000000000005e+19 1.000000000000005e+19 1.000000000000005e+19 1.000000000000005e+19 1.000000000000005e+19 1.000000000000005e+19 1.000000000000005e+19 1.000000000000005e+19
 1.000000000000005e+19 1.000000000000005e+19 1.000000000000005e+19 1.000000000000005e+19 1.000000000000005e+19 1.000000000000005e+19 1.000000000000005e+19 1.000000000000005e+19 1.000000000000005e+19 1.000000000000005e+19
 1.000000000000005e+19 1.000000000000005e+19 1.000000000000005e+19 1.000000000000005e+19 1.000000000000005e+19 1.000000000000005e+19 1.000000000000005e+19 1.000000000000005e+19 1.000000000000005e+19 1.000000000000005e+19
 1.000000000000005e+19 1.000000000000005e+19 1.000000000000005e+19 1.000000000000005e+19 1.000000000000005e+19 1.000000000000005e+19 1.000000000000005e+19 1.000000000000005e+19 1.000000000000005e+19 1.000000000000005e+19
 1.000000000000005e+19 1.000000000000005e+19 1.000000000000005e+19 1.000000000000005e+19 1.000000000000005e+19 1.000000000000005e+19 1.000000000000005e+19 1.000000000000005e+19 1.000000000000005e+19 1.000000000000005e+19
 1.000000000000005e+19 1.000000000000005e+19 1.000000000000005e+19 1.000000000000005e+19 1.000000000000005e+19 1.000000000000005e+19 1.000000000000005e+19 1.000000000000005e+19 1.000000000000005e+19 1.000000000000005e+19
 1.000000000000005e+19 1.000000000000005e+19 1.000000000000005e+19 1.000000000000005e+19 1.000000000000005e+19 1.000000000000005e+19 1.000000000000005e+19 1.000000000000005e+19 1.000000000000005e+19 1.000000000000005e+19
 1.000000000000005e+19 1.000000000000005e+19 1.000000000000005e+19 1.000000000000005e+19 1.000000000000005e+19 1.000000000000005e+19 1.000000000000005e+19 1.000000000000005e+19 1.000000000000005e+19 1.000000000000005e+19
 1.000000000000005e+19 1.000000000000005e+19 1.000000000000005e+19 1.000000000000005e+19 1.000000000000005e+19 1.000000000000005e+19 1.000000000000005e+19 1.000000000000005e+19 1.000000000000005e+19 1.000000000000005e+19
 1.000000000000005e+19 1.000000000000005e+19 1.000000000000005e+19 1.000000000000005e+19 1.000000000000005e+19 1.000000000000005e+19 1.000000000000005e+19 1.000000000000005e+19 1.000000000000005e+19 1.000000000000005e+19
 1.000000000000005e+19 1.000000000000005e+19 1.000000000000005e+19 1.000000000000005e+19 1.000000000000005e+19 1.000000000000005e+19 1.000000000000005e+19 1.000000000000005e+19 1.000000000000005e+19 1.000000000000005e+19
 1.000000000000005e+19 1.000000000000005e+19 1.000000000000005e+19 1.000000000000005e+19 1.000000000000005e+19 1.000000000000005e+19 1.000000000000005e+19 1.000000000000005e+19 1.000000000000005e+19 1.000000000000005e+19
 1.000000000000005e+19 1.000000000000005e+19 1.000000000000005e+19 1.000000000000005e+19 1.000000000000005e+19 1.000000000000005e+19 1.000000000000005e+19 1.000000000000005e+19 1.000000000000005e+19 1.000000000000005e+19
 1.000000000000005e+19 1.000000000000005e+19 1.000000000000005e+19 1.000000000000005e+19 1.000000000000005e+19 1.000000000000005e+19 1.000000000000005e+19 1.000000000000005e+19 1.000000000000005e+19 1.000000000000005e+19
 1.000000000000005e+19 1.000000000000005e+19 1.000000000000005e+19 1.000000000000005e+19 1.000000000000005e+19 1.000000000000005e+19 1.000000000000005e+19 1.000000000000005e+19 1.000000000000005e+19 1.000000000000005e+19
 1.000000000000005e+19 1.000000000000005e+19 1.000000000000005e+19 1.000000000000005e+19 1.000000000000005e+19 1.000000000000005e+19 1.000000000000005e+19 1.000000000000005e+19 1.000000000000005e+19 1.000000000000005e+19
 1.000000000000005e+19 1.000000000000005e+19 1.000000000000005e+19 1.000000000000005e+19 1.000000000000005e+19 1.000000000000005e+19 1.000000000000005e+19 1.000000000000005e+19 1.000000000000005e+19 1.000000000000005e+19
 1.000000000000005e+19 1.000000000000005e+19 1.000000000000005e+19 1.000000000000005e+19 1.000000000000005e+19 1.000000000000005e+19 1.000000000000005e+19 1.000000000000005e+19 1.000000000000005e+19 1.000000000000005e+19
 1.000000000000005e+19 1.000000000000005e+19 1.000000000000005e+19 1.000000000000005e+19 1.000000000000005e+19 1.000000000000005e+19 1.000000000000005e+19 1.000000000000005e+19 1.000000000000005e+19 1.000000000000005e+19
 1.000000000000005e+19 1.000000000000005e+19 1.000000000000005e+19 1.000000000000005e+19 1.000000000000005e+19 1.000000000000005e+19 1.000000000000005e+19 1.000000000000005e+19 1.000000000000005e+19 1.000000000000005e+19
 1.000000000000005e+19 1.000000000000005e+19 1.000000000000005e+19 1.000000000000005e+19 1.000000000000005e+19 1.000000000000005e+19 1.000000000000005e+19 1.000000000000005e+19 1.000000000000005e+19 1.000000000000005e+19
 1.000000000000005e+19 1.000000000000005e+19 1.000000000000005e+19 1.000000000000005e+19 1.000000000000005e+19 1.000000000000005e+19 1.000000000000005e+19 1.000000000000005e+19 1.000000000000005e+19 1.000000000000005e+19
 1.000000000000005e+19 1.000000000000005e+19 1.000000000000005e+19 1.000000000000005e+19 1.000000000000005e+19 1.000000000000005e+19 1.000000000000005e+19 1.000000000000005e+19 1.000000000000005e+19 1.000000000000005e+19
 1.000000000000005e+19 1.000000000000005e+19 1.000000000000005e+19 1.000000000000005e+19 1.000000000000005e+19 1.000000000000005e+19 1.000000000000005e+19 1.000000000000005e+19 1.000000000000005e+19 1.000000000000005e+19
 1.000000000000005e+19 1.000000000000005e+19 1.000000000000005e+19 1.000000000000005e+19 1.000000000000005e+19 1.000000000000005e+19 1.000000000000005e+19 1.000000000000005e+19 1.000000000000005e+19 1.000000000000005e+19
 1.000000000000005e+19 1.000000000000005e+19 1.000000000000005e+19 1.000000000000005e+19 1.000000000000005e+19 1.000000000000005e+19 1.000000000000005e+19 1.000000000000005e+19 1.000000000000005e+19 1.000000000000005e+19
 1.000000000000005e+19 1.000000000000005e+19 1.000000000000005e+19 1.000000000000005e+19 1.000000000000005e+19 1.000000000000005e+19 1.000000000000005e+19 1.000000000000005e+19 1.000000000000005e+19 1.000000000000005e+19
 1.000000000000005e+19 1.000000000000005e+19 1.000000000000005e+19 1.000000000000005e+19 1.000000000000005e+19 1.000000000000005e+19 1.000000000000005e+19 1.000000000000005e+19 1.000000000000005e+19 1.000000000000005e+19
 1.000000000000005e+19 1.000000000000005e+19 1.000000000000005e+19 1.000000000000005e+19 1.000000000000005e+19 1.000000000000005e+19 1.000000000000005e+19 1.000000000000005e+19 1.000000000000005e+19 1.000000000000005e+19
 1.000000000000005e+19 1.000000000000005e+19 1.000000000000005e+19 1.000000000000005e+19 1.000000000000005e+19 1.000000000000005e+19 1.000000000000005e+19 1.000000000000005e+19 1.000000000000005e+19 1.000000000000005e+19
 1.000000000000005e+19 1.000000000000005e+19 1.000000000000005e+19 1.000000000000005e+19 1.000000000000005e+19 1.000000000000005e+19 1.000000000000005e+19 1.000000000000005e+19 1.000000000000005e+19 1.000000000000005e+19
 1.000000000000005e+19 1.000000000000005e+19 1.000000000000005e+19 1.000000000000005e+19 1.000000000000005e+19 1.000000000000005e+19 1.000000000000005e+19 1.000000000000005e+19 1.000000000000005e+19 1.000000000000005e+19
 1.000000000000005e+19 1.000000000000005e+19 1.000000000000005e+19 1.000000000000005e+19 1.000000000000005e+19 1.000000000000005e+19 1.000000000000005e+19 1.000000000000005e+19 1.000000000000005e+19 1.000000000000005e+19
 1.000000000000005e+19 1.000000000000005e+19 1.000000000000005e+19 1.000000000000005e+19 1.000000000000005e+19 1.000000000000005e+19 1.000000000000005e+19 1.000000000000005e+19 1.000000000000005e+19 1.000000000000005e+19
 1.000000000000005e+19 1.000000000000005e+19 1.000000000000005e+19 1.000000000000005e+19 1.000000000000005e+19 1.000000000000005e+19 1.000000000000005e+19 1.000000000000005e+19 1.000000000000005e+19 1.000000000000005e+19
 1.000000000000005e+19 1.000000000000005e+19 1.000000000000005e+19 1.000000000000005e+19 1.000000000000005e+19 1.000000000000005e+19 1.000000000000005e+19 1.000000000000005e+19 1.000000000000005e+19 1.000000000000005e+19
 1.000000000000005e+19 1.000000000000005e+19 1.000000000000005e+19 1.000000000000005e+19 1.000000000000005e+19 1.000000000000005e+19 1.000000000000005e+19 1.000000000000005e+19 1.000000000000005e+19 1.000000000000005e+19
 1.000000000000005e+19 1.000000000000005e+19 1.000000000000005e+19 1.000000000000005e+19 1.000000000000005e+19 1.000000000000005e+19 1.000000000000005e+19 1.000000000000005e+19 1.000000000000005e+19 1.000000000000005e+19
 1.000000000000005e+19 1.000000000000005e+19 1.000000000000005e+19 1.000000000000005e+19 1.000000000000005e+19 1.000000000000005e+19 1.000000000000005e+19 1.000000000000005e+19 1.000000000000005e+19 1.000000000000005e+19
 1.000000000000005e+19 1.000000000000005e+19 1.000000000000005e+19 1.000000000000005e+19 1.000000000000005e+19 1.000000000000005e+19 1.000000000000005e+19 1.000000000000005e+19 1.000000000000005e+19 1.000000000000005e+19
 1.000000000000005e+19 1.000000000000005e+19 1.000000000000005e+19 1.000000000000005e+19 1.000000000000005e+19 1.000000000000005e+19 1.000000000000005e+19 1.000000000000005e+19 1.000000000000005e+19 1.000000000000005e+19
 1.000000000000005e+19 1.000000000000005e+19 1.000000000000005e+19 1.000000000000005e+19 1.000000000000005e+19 1.000000000000005e+19 1.000000000000005e+19 1.000000000000005e+19 1.000000000000005e+19 1.000000000000005e+19
 1.000000000000005e+19 1.000000000000005e+19 1.000000000000005e+19 1.000000000000005e+19 1.000000000000005e+19 1.000000000000005e+19 1.000000000000005e+19 1.000000000000005e+19 1.000000000000005e+19 1.000000000000005e+19
 1.000000000000005e+19 1.000000000000005e+19 1.000000000000005e+19 1.000000000000005e+19 1.000000000000005e+19 1.000000000000005e+19 1.000000000000005e+19 1.000000000000005e+19 1.000000000000005e+19 1.000000000000005e+19
 1.000000000000005e+19 1.000000000000005e+19 1.000000000000005e+19 1.000000000000005e+19 1.000000000000005e+19 1.000000000000005e+19 1.000000000000005e+19 1.000000000000005e+19 1.000000000000005e+19 1.000000000000005e+19
 1.000000000000005e+19 1.000000000000005e+19 1.000000000000005e+19 1.000000000000005e+19 1.000000000000005e+19 1.000000000000005e+19 1.000000000000005e+19 1.000000000000005e+19 1.000000000000005e+19 1.000000000000005e+19
 1.000000000000005e+19 1.000000000000005e+19 1.000000000000005e+19 1.000000000000005e+19 1.000000000000005e+19 1.000000000000005e+19 1.000000000000005e+19 1.000000000000005e+19 1.000000000000005e+19 1.000000000000005e+19
 1.000000000000005e+19 1.000000000000005e+19 1.000000000000005e+19 1.000000000000005e+19 1.000000000000005e+19 1.000000000000005e+19 1.000000000000005e+19 1.000000000000005e+19 1.000000000000005e+19 1.000000000000005e+19
 1.000000000000005e+19 1.000000000000005e+19 1.000000000000005e+19 1.000000000000005e+19 1.000000000000005e+19 1.000000000000005e+19 1.000000000000005e+19 1.000000000000005e+19 1.000000000000005e+19 1.000000000000005e+19
 1.000000000000005e+19 1.000000000000005e+19 1.000000000000005e+19 1.000000000000005e+19 1.000000000000005e+19 1.000000000000005e+19 1.000000000000005e+19 1.000000000000005e+19 1.000000000000005e+19 1.000000000000005e+19
 1.000000000000005e+19 1.000000000000005e+19 1.000000000000005e+19 1.000000000000005e+19 1.000000000000005e+19 1.000000000000005e+19 1.000000000000005e+19 1.000000000000005e+19 1.000000000000005e+19 1.000000000000005e+19
 1.000000000000005e+19 1.000000000000005e+19 1.000000000000005e+19 1.000000000000005e+19 1.000000000000005e+19 1.000000000000005e+19 1.000000000000005e+19 1.000000000000005e+19 1.000000000000005e+19 1.000000000000005e+19
 1.000000000000005e+19 1.000000000000005e+19 1.000000000000005e+19 1.000000000000005e+19 1.000000000000005e+19 1.000000000000005e+19 1.000000000000005e+19 1.000000000000005e+19 1.000000000000005e+19 1.000000000000005e+19
 1.000000000000005e+19 1.000000000000005e+19 1.000000000000005e+19 1.000000000000005e+19 1.000000000000005e+19 1.000000000000005e+19 1.000000000000005e+19 1.000000000000005e+19 1.000000000000005e+19 1.000000000000005e+19
 1.000000000000005e+19 1.000000000000005e+19 1.000000000000005e+19 1.000000000000005e+19 1.000000000000005e+19 1.000000000000005e+19 1.000000000000005e+19 1.000000000000005e+19 1.000000000000005e+19 1.000000000000005e+19
 1.000000000000005e+19 1.000000000000005e+19 1.000000000000005e+19 1.000000000000005e+19 1.000000000000005e+19 1.000000000000005e+19 1.000000000000005e+19 1.000000000000005e+19 1.000000000000005e+19 1.000000000000005e+19
 1.000000000000005e+19 1.000000000000005e+19 1.000000000000005e+19 1.000000000000005e+19 1.000000000000005e+19 1.000000000000005e+19 1.000000000000005e+19 1.000000000000005e+19 1.000000000000005e+19 1.000000000000005e+19
 1.000000000000005e+19 1.000000000000005e+19 1.000000000000005e+19 1.000000000000005e+19 1.000000000000005e+19 1.000000000000005e+19 1.000000000000005e+19 1.000000000000005e+19 1.000000000000005e+19 1.000000000000005e+19
 1.000000000000005e+19 1.000000000000005e+19 1.000000000000005e+19 1.000000000000005e+19 1.000000000000005e+19 1.000000000000005e+19 1.000000000000005e+19 1.000000000000005e+19 1.000000000000005e+19 1.000000000000005e+19
 1.000000000000005e+19 1.000000000000005e+19 1.000000000000005e+19 1.000000000000005e+19 1.000000000000005e+19 1.000000000000005e+19 1.000000000000005e+19 1.000000000000005e+19 1.000000000000005e+19 1.000000000000005e+19
 1.000000000000005e+19 1.000000000000005e+19 1.000000000000005e+19 1.000000000000005e+19 1.000000000000005e+19 1.000000000000005e+19 1.000000000000005e+19 1.000000000000005e+19 1.000000000000005e+19 1.000000000000005e+19
 1.000000000000005e+19 1.000000000000005e+19 1.000000000000005e+19 1.000000000000005e+19 1.000000000000005e+19 1.000000000000005e+19 1.000000000000005e+19 1.000000000000005e+19 1.000000000000005e+19 1.000000000000005e+19
 1.000000000000005e+19 1.000000000000005e+19 1.000000000000005e+19 1.000000000000005e+19 1.000000000000005e+19 1.000000000000005e+19 1.000000000000005e+19 1.000000000000005e+19 1.000000000000005e+19 1.000000000000005e+19
 1.000000000000005e+19 1.000000000000005e+19 1.000000000000005e+19 1.000000000000005e+19 1.000000000000005e+19 1.000000000000005e+19 1.000000000000005e+19 1.000000000000005e+19 1.000000000000005e+19 1.000000000000005e+19
 1.000000000000005e+19 1.000000000000005e+19 1.000000000000005e+19 1.000000000000005e+19 1.000000000000005e+19 1.000000000000005e+19 1.000000000000005e+19 1.000000000000005e+19 1.000000000000005e+19 1.000000000000005e+19
 1.000000000000005e+19 1.000000000000005e+19 1.000000000000005e+19 1.000000000000005e+19 1.000000000000005e+19 1.000000000000005e+19 1.000000000000005e+19 1.000000000000005e+19 1.000000000000005e+19 1.000000000000005e+19
 1.000000000000005e+19 1.000000000000005e+19 1.000000000000005e+19 1.000000000000005e+19 1.000000000000005e+19 1.000000000000005e+19 1.000000000000005e+19 1.000000000000005e+19 1.000000000000005e+19 1.000000000000005e+19
 1.000000000000005e+19 1.000000000000005e+19 1.000000000000005e+19 1.000000000000005e+19 1.000000000000005e+19 1.000000000000005e+19 1.000000000000005e+19 1.000000000000005e+19 1.000000000000005e+19 1.000000000000005e+19
 1.000000000000005e+19 1.000000000000005e+19 1.000000000000005e+19 1.000000000000005e+19 1.000000000000005e+19 1.000000000000005e+19 1.000000000000005e+19 1.000000000000005e+19 1.000000000000005e+19 1.000000000000005e+19
 1.000000000000005e+19 1.000000000000005e+19 1.000000000000005e+19 1.000000000000005e+19 1.000000000000005e+19 1.000000000000005e+19 1.000000000000005e+19 1.000000000000005e+19 1.000000000000005e+19 1.000000000000005e+19
 1.000000000000005e+19 1.000000000000005e+19 1.000000000000005e+19 1.000000000000005e+19 1.000000000000005e+19 1.000000000000005e+19 1.000000000000005e+19 1.000000000000005e+19 1.000000000000005e+19 1.000000000000005e+19
 1.000000000000005e+19 1.000000000000005e+19 1.000000000000005e+19 1.000000000000005e+19 1.000000000000005e+19 1.000000000000005e+19 1.000000000000005e+19 1.000000000000005e+19 1.000000000000005e+19 1.000000000000005e+19
 1.000000000000005e+19 1.000000000000005e+19 1.000000000000005e+19 1.000000000000005e+19 1.000000000000005e+19 1.000000000000005e+19 1.000000000000005e+19 1.000000000000005e+19 1.000000000000005e+19 1.000000000000005e+19
 1.000000000000005e+19 1.000000000000005e+19 1.000000000000005e+19 1.000000000000005e+19 1.000000000000005e+19 1.000000000000005e+19 1.000000000000005e+19 1.000000000000005e+19 1.000000000000005e+19 1.000000000000005e+19
 1.000000000000005e+19 1.000000000000005e+19 1.000000000000005e+19 1.000000000000005e+19 1.000000000000005e+19 1.000000000000005e+19 1.000000000000005e+19 1.000000000000005e+19 1.000000000000005e+19 1.000000000000005e+19
 1.000000000000005e+19 1.000000000000005e+19 1.000000000000005e+19 1.000000000000005e+19 1.000000000000005e+19 1.000000000000005e+19 1.000000000000005e+19 1.000000000000005e+19 1.000000000000005e+19 1.000000000000005e+19
 1.000000000000005e+19 1.000000000000005e+19 1.000000000000005e+19 1.000000000000005e+19 1.000000000000005e+19 1.000000000000005e+19 1.000000000000005e+19 1.000000000000005e+19 1.000000000000005e+19 1.000000000000005e+19
 1.000000000000005e+19 1.000000000000005e+19 1.000000000000005e+19 1.000000000000005e+19 1.000000000000005e+19 1.000000000000005e+19 1.000000000000005e+19 1.000000000000005e+19 1.000000000000005e+19 1.000000000000005e+19
 1.000000000000005e+19 1.000000000000005e+19 1.000000000000005e+19 1.000000000000005e+19 1.000000000000005e+19 1.000000000000005e+19 1.000000000000005e+19 1.000000000000005e+19 1.000000000000005e+19 1.000000000000005e+19
 1.000000000000005e+19 1.000000000000005e+19 1.000000000000005e+19 1.000000000000005e+19 1.000000000000005e+19 1.000000000000005e+19 1.000000000000005e+19 1.000000000000005e+19 1.000000000000005e+19 1.000000000000005e+19
 1.000000000000005e+19 1.000000000000005e+19 1.000000000000005e+19 1.000000000000005e+19 1.000000000000005e+19 1.000000000000005e+19 1.000000000000005e+19 1.000000000000005e+19 1.000000000000005e+19 1.000000000000005e+19
 1.000000000000005e+19 1.000000000000005e+19 1.000000000000005e+19 1.000000000000005e+19 1.000000000000005e+19 1.000000000000005e+19 1.000000000000005e+19 1.000000000000005e+19 1.000000000000005e+19 1.000000000000005e+19
 1.000000000000005e+19 1.000000000000005e+19 1.000000000000005e+19 1.000000000000005e+19 1.000000000000005e+19 1.000000000000005e+19 1.000000000000005e+19 1.000000000000005e+19 1.000000000000005e+19 1.000000000000005e+19
 1.000000000000005e+19 1.000000000000005e+19 1.000000000000005e+19 1.000000000000005e+19 1.000000000000005e+19 1.000000000000005e+19 1.000000000000005e+19 1.000000000000005e+19 1.000000000000005e+19 1.000000000000005e+19
 1.000000000000005e+19 1.000000000000005e+19 1.000000000000005e+19 1.000000000000005e+19 1.000000000000005e+19 1.000000000000005e+19 1.000000000000005e+19 1.000000000000005e+19 1.000000000000005e+19 1.000000000000005e+19
 1.000000000000005e+19 1.000000000000005e+19 1.000000000000005e+19 1.000000000000005e+19 1.000000000000005e+19 1.000000000000005e+19 1.000000000000005e+19 1.000000000000005e+19 1.000000000000005e+19 1.000000000000005e+19
 1.000000000000005e+19 1.000000000000005e+19 1.000000000000005e+19 1.000000000000005e+19 1.000000000000005e+19 1.000000000000005e+19 1.000000000000005e+19 1.000000000000005e+19 1.000000000000005e+19 1.000000000000005e+19
 1.000000000000005e+19 1.000000000000005e+19 1.000000000000005e+19 1.000000000000005e+19 1.000000000000005e+19 1.000000000000005e+19 1.000000000000005e+19 1.000000000000005e+19 1.000000000000005e+19 1.000000000000005e+19
 1.000000000000005e+19 1.000000000000005e+19 1.000000000000005e+19 1.000000000000005e+19 1.000000000000005e+19 1.000000000000005e+19 1.000000000000005e+19 1.000000000000005e+19 1.000000000000005e+19 1.000000000000005e+19
 1.000000000000005e+19 1.000000000000005e+19 1.000000000000005e+19 1.000000000000005e+19 1.000000000000005e+19 1.000000000000005e+19 1.000000000000005e+19 1.000000000000005e+19 1.000000000000005e+19 1.000000000000005e+19
 1.000000000000005e+19 1.000000000000005e+19 1.000000000000005e+19 1.000000000000005e+19 1.000000000000005e+19 1.000000000000005e+19 1.000000000000005e+19 1.000000000000005e+19 1.000000000000005e+19 1.000000000000005e+19
 1.000000000000005e+19 1.000000000000005e+19 1.000000000000005e+19 1.000000000000005e+19 1.000000000000005e+19 1.000000000000005e+19 1.000000000000005e+19 1.000000000000005e+19 1.000000000000005e+19 1.000000000000005e+19
 1.000000000000005e+19 1.000000000000005e+19 1.000000000000005e+19 1.000000000000005e+19 1.000000000000005e+19 1.000000000000005e+19 1.000000000000005e+19 1.000000000000005e+19 1.000000000000005e+19 1.000000000000005e+19
 1.000000000000005e+19 1.000000000000005e+19 1.000000000000005e+19 1.000000000000005e+19 1.000000000000005e+19 1.000000000000005e+19 1.000000000000005e+19 1.000000000000005e+19 1.000000000000005e+19 1.000000000000005e+19
 1.000000000000005e+19 1.000000000000005e+19 1.000000000000005e+19 1.000000000000005e+19 1.000000000000005e+19 1.000000000000005e+19 1.000000000000005e+19 1.000000000000005e+19 1.000000000000005e+19 1.000000000000005e+19
 1.000000000000005e+19 1.000000000000005e+19 1.000000000000005e+19 1.000000000000005e+19 1.000000000000005e+19 1.000000000000005e+19 1.000000000000005e+19 1.000000000000005e+19 1.000000000000005e+19 1.000000000000005e+19
 1.000000000000005e+19 1.000000000000005e+19 1.000000000000005e+19 1.000000000000005e+19 1.000000000000005e+19 1.000000000000005e+19 1.000000000000005e+19 1.000000000000005e+19 1.000000000000005e+19 1.000000000000005e+19
 1.000000000000005e+19 1.000000000000005e+19 1.000000000000005e+19 1.000000000000005e+19 1.000000000000005e+19 1.000000000000005e+19 1.000000000000005e+19 1.000000000000005e+19 1.000000000000005e+19 1.000000000000005e+19
 1.000000000000005e+19 1.000000000000005e+19 1.000000000000005e+19 1.000000000000005e+19 1.000000000000005e+19 1.000000000000005e+19 1.000000000000005e+19 1.000000000000005e+19 1.000000000000005e+19 1.000000000000005e+19
 1.000000000000005e+19 1.000000000000005e+19 1.000000000000005e+19 1.000000000000005e+19 1.000000000000005e+19 1.000000000000005e+19 1.000000000000005e+19 1.000000000000005e+19 1.000000000000005e+19 1.000000000000005e+19
 1.000000000000005e+19 1.000000000000005e+19 1.000000000000005e+19 1.000000000000005e+19 1.000000000000005e+19 1.000000000000005e+19 1.000000000000005e+19 1.000000000000005e+19 1.000000000000005e+19 1.000000000000005e+19
 1.000000000000005e+19 1.000000000000005e+19 1.000000000000005e+19 1.000000000000005e+19 1.000000000000005e+19 1.000000000000005e+19 1.000000000000005e+19 1.000000000000005e+19 1.000000000000005e+19 1.000000000000005e+19
 1.000000000000005e+19 1.000000000000005e+19 1.000000000000005e+19 1.000000000000005e+19 1.000000000000005e+19 1.000000000000005e+19 1.000000000000005e+19 1.000000000000005e+19 1.000000000000005e+19 1.000000000000005e+19
 1.000000000000005e+19 1.000000000000005e+19 1.000000000000005e+19 1.000000000000005e+19 1.000000000000005e+19 1.000000000000005e+19 1.000000000000005e+19 1.000000000000005e+19 1.000000000000005e+19 1.000000000000005e+19
 1.000000000000005e+19 1.000000000000005e+19 1.000000000000005e+19 1.000000000000005e+19 1.000000000000005e+19 1.000000000000005e+19 1.000000000000005e+19 1.000000000000005e+19 1.000000000000005e+19 1.000000000000005e+19
 1.000000000000005e+19 1.000000000000005e+19 1.000000000000005e+19 1.000000000000005e+19 1.000000000000005e+19 1.000000000000005e+19 1.000000000000005e+19 1.000000000000005e+19 1.000000000000005e+19 1.000000000000005e+19
 1.000000000000005e+19 1.000000000000005e+19 1.000000000000005e+19 1.000000000000005e+19 1.000000000000005e+19 1.000000000000005e+19 1.000000000000005e+19 1.000000000000005e+19 1.000000000000005e+19 1.000000000000005e+19
 1.000000000000005e+19 1.000000000000005e+19 1.000000000000005e+19 1.000000000000005e+19 1.000000000000005e+19 1.000000000000005e+19 1.000000000000005e+19 1.000000000000005e+19 1.000000000000005e+19 1.000000000000005e+19
 1.000000000000005e+19 1.000000000000005e+19 1.000000000000005e+19 1.000000000000005e+19 1.000000000000005e+19 1.000000000000005e+19 1.000000000000005e+19 1.000000000000005e+19 1.000000000000005e+19 1.000000000000005e+19
 1.000000000000005e+19 1.000000000000005e+19 1.000000000000005e+19 1.000000000000005e+19 1.000000000000005e+19 1.000000000000005e+19 1.000000000000005e+19 1.000000000000005e+19 1.000000000000005e+19 1.000000000000005e+19
 1.000000000000005e+19 1.000000000000005e+19 1.000000000000005e+19 1.000000000000005e+19 1.000000000000005e+19 1.000000000000005e+19 1.000000000000005e+19 1.000000000000005e+19 1.000000000000005e+19 1.000000000000005e+19
 1.000000000000005e+19 1.000000000000005e+19 1.000000000000005e+19 1.000000000000005e+19 1.000000000000005e+19 1.000000000000005e+19 1.000000000000005e+19 1.000000000000005e+19 1.000000000000005e+19 1.000000000000005e+19

    }
  }

  Dataset ("DopingConcentration") {
    function  = DopingConcentration
    type      = scalar
    dimension = 1
    location  = vertex
    validity  = [ "i_layer" ]
    Values (4420) {
 -9.999994400000018e+18 5.599999999999981e+12 5.599999999999981e+12 -9.999994400000018e+18 5.599999999999981e+12 5.599999999999981e+12 5.599999999999981e+12 5.599999999999981e+12 5.599999999999981e+12 5.599999999999981e+12
 5.599999999999981e+12 5.599999999999981e+12 5.599999999999981e+12 5.599999999999981e+12 5.599999999999981e+12 5.599999999999981e+12 5.599999999999981e+12 5.599999999999981e+12 5.599999999999981e+12 5.599999999999981e+12
 5.599999999999981e+12 5.599999999999981e+12 5.599999999999981e+12 5.599999999999981e+12 5.599999999999981e+12 5.599999999999981e+12 5.599999999999981e+12 5.599999999999981e+12 5.599999999999981e+12 5.599999999999981e+12
 5.599999999999981e+12 5.599999999999981e+12 5.599999999999981e+12 5.599999999999981e+12 5.599999999999981e+12 5.599999999999981e+12 5.599999999999981e+12 5.599999999999981e+12 5.599999999999981e+12 5.599999999999981e+12
 5.599999999999981e+12 5.599999999999981e+12 5.599999999999981e+12 5.599999999999981e+12 5.599999999999981e+12 5.599999999999981e+12 5.599999999999981e+12 5.599999999999981e+12 5.599999999999981e+12 5.599999999999981e+12
 5.599999999999981e+12 5.599999999999981e+12 5.599999999999981e+12 5.599999999999981e+12 5.599999999999981e+12 5.599999999999981e+12 5.599999999999981e+12 5.599999999999981e+12 5.599999999999981e+12 5.599999999999981e+12
 5.599999999999981e+12 5.599999999999981e+12 5.599999999999981e+12 5.599999999999981e+12 5.599999999999981e+12 5.599999999999981e+12 5.599999999999981e+12 5.599999999999981e+12 5.599999999999981e+12 5.599999999999981e+12
 5.599999999999981e+12 5.599999999999981e+12 5.599999999999981e+12 5.599999999999981e+12 5.599999999999981e+12 5.599999999999981e+12 5.599999999999981e+12 5.599999999999981e+12 5.599999999999981e+12 5.599999999999981e+12
 5.599999999999981e+12 5.599999999999981e+12 5.599999999999981e+12 5.599999999999981e+12 5.599999999999981e+12 5.599999999999981e+12 5.599999999999981e+12 5.599999999999981e+12 5.599999999999981e+12 5.599999999999981e+12
 5.599999999999981e+12 5.599999999999981e+12 5.599999999999981e+12 5.599999999999981e+12 5.599999999999981e+12 5.599999999999981e+12 5.599999999999981e+12 5.599999999999981e+12 5.599999999999981e+12 5.599999999999981e+12
 5.599999999999981e+12 5.599999999999981e+12 5.599999999999981e+12 5.599999999999981e+12 -9.999994400000018e+18 5.599999999999981e+12 -9.999994400000018e+18 5.599999999999981e+12 5.599999999999981e+12 5.599999999999981e+12
 5.599999999999981e+12 5.599999999999981e+12 5.599999999999981e+12 5.599999999999981e+12 5.599999999999981e+12 5.599999999999981e+12 5.599999999999981e+12 5.599999999999981e+12 5.599999999999981e+12 5.599999999999981e+12
 5.599999999999981e+12 5.599999999999981e+12 5.599999999999981e+12 5.599999999999981e+12 5.599999999999981e+12 5.599999999999981e+12 5.599999999999981e+12 5.599999999999981e+12 5.599999999999981e+12 5.599999999999981e+12
 5.599999999999981e+12 5.599999999999981e+12 5.599999999999981e+12 5.599999999999981e+12 5.599999999999981e+12 5.599999999999981e+12 5.599999999999981e+12 5.599999999999981e+12 5.599999999999981e+12 5.599999999999981e+12
 5.599999999999981e+12 5.599999999999981e+12 5.599999999999981e+12 5.599999999999981e+12 5.599999999999981e+12 5.599999999999981e+12 5.599999999999981e+12 5.599999999999981e+12 5.599999999999981e+12 5.599999999999981e+12
 5.599999999999981e+12 5.599999999999981e+12 5.599999999999981e+12 5.599999999999981e+12 5.599999999999981e+12 5.599999999999981e+12 5.599999999999981e+12 5.599999999999981e+12 5.599999999999981e+12 5.599999999999981e+12
 5.599999999999981e+12 5.599999999999981e+12 5.599999999999981e+12 5.599999999999981e+12 5.599999999999981e+12 5.599999999999981e+12 5.599999999999981e+12 5.599999999999981e+12 5.599999999999981e+12 5.599999999999981e+12
 5.599999999999981e+12 5.599999999999981e+12 5.599999999999981e+12 5.599999999999981e+12 -9.999994400000018e+18 5.599999999999981e+12 -9.999994400000018e+18 5.599999999999981e+12 5.599999999999981e+12 5.599999999999981e+12
 5.599999999999981e+12 5.599999999999981e+12 5.599999999999981e+12 5.599999999999981e+12 5.599999999999981e+12 5.599999999999981e+12 5.599999999999981e+12 5.599999999999981e+12 5.599999999999981e+12 5.599999999999981e+12
 5.599999999999981e+12 5.599999999999981e+12 5.599999999999981e+12 5.599999999999981e+12 5.599999999999981e+12 5.599999999999981e+12 5.599999999999981e+12 5.599999999999981e+12 5.599999999999981e+12 5.599999999999981e+12
 5.599999999999981e+12 5.599999999999981e+12 5.599999999999981e+12 5.599999999999981e+12 5.599999999999981e+12 5.599999999999981e+12 5.599999999999981e+12 5.599999999999981e+12 5.599999999999981e+12 5.599999999999981e+12
 5.599999999999981e+12 5.599999999999981e+12 5.599999999999981e+12 5.599999999999981e+12 5.599999999999981e+12 5.599999999999981e+12 5.599999999999981e+12 5.599999999999981e+12 5.599999999999981e+12 5.599999999999981e+12
 5.599999999999981e+12 5.599999999999981e+12 5.599999999999981e+12 5.599999999999981e+12 5.599999999999981e+12 5.599999999999981e+12 5.599999999999981e+12 5.599999999999981e+12 5.599999999999981e+12 5.599999999999981e+12
 5.599999999999981e+12 5.599999999999981e+12 5.599999999999981e+12 5.599999999999981e+12 5.599999999999981e+12 5.599999999999981e+12 5.599999999999981e+12 5.599999999999981e+12 5.599999999999981e+12 5.599999999999981e+12
 5.599999999999981e+12 5.599999999999981e+12 5.599999999999981e+12 5.599999999999981e+12 -9.999994400000018e+18 5.599999999999981e+12 -9.999994400000018e+18 5.599999999999981e+12 5.599999999999981e+12 5.599999999999981e+12
 5.599999999999981e+12 5.599999999999981e+12 5.599999999999981e+12 5.599999999999981e+12 5.599999999999981e+12 5.599999999999981e+12 5.599999999999981e+12 5.599999999999981e+12 5.599999999999981e+12 5.599999999999981e+12
 5.599999999999981e+12 5.599999999999981e+12 5.599999999999981e+12 5.599999999999981e+12 5.599999999999981e+12 5.599999999999981e+12 5.599999999999981e+12 5.599999999999981e+12 5.599999999999981e+12 5.599999999999981e+12
 5.599999999999981e+12 5.599999999999981e+12 5.599999999999981e+12 5.599999999999981e+12 5.599999999999981e+12 5.599999999999981e+12 5.599999999999981e+12 5.599999999999981e+12 5.599999999999981e+12 5.599999999999981e+12
 5.599999999999981e+12 5.599999999999981e+12 5.599999999999981e+12 5.599999999999981e+12 5.599999999999981e+12 5.599999999999981e+12 5.599999999999981e+12 5.599999999999981e+12 5.599999999999981e+12 5.599999999999981e+12
 5.599999999999981e+12 5.599999999999981e+12 5.599999999999981e+12 5.599999999999981e+12 5.599999999999981e+12 5.599999999999981e+12 5.599999999999981e+12 5.599999999999981e+12 5.599999999999981e+12 5.599999999999981e+12
 5.599999999999981e+12 5.599999999999981e+12 5.599999999999981e+12 5.599999999999981e+12 5.599999999999981e+12 5.599999999999981e+12 5.599999999999981e+12 5.599999999999981e+12 5.599999999999981e+12 5.599999999999981e+12
 5.599999999999981e+12 5.599999999999981e+12 5.599999999999981e+12 5.599999999999981e+12 -9.999994400000018e+18 5.599999999999981e+12 -9.999994400000018e+18 5.599999999999981e+12 5.599999999999981e+12 5.599999999999981e+12
 5.599999999999981e+12 5.599999999999981e+12 5.599999999999981e+12 5.599999999999981e+12 5.599999999999981e+12 5.599999999999981e+12 5.599999999999981e+12 5.599999999999981e+12 5.599999999999981e+12 5.599999999999981e+12
 5.599999999999981e+12 5.599999999999981e+12 5.599999999999981e+12 5.599999999999981e+12 5.599999999999981e+12 5.599999999999981e+12 5.599999999999981e+12 5.599999999999981e+12 5.599999999999981e+12 5.599999999999981e+12
 5.599999999999981e+12 5.599999999999981e+12 5.599999999999981e+12 5.599999999999981e+12 5.599999999999981e+12 5.599999999999981e+12 5.599999999999981e+12 5.599999999999981e+12 5.599999999999981e+12 5.599999999999981e+12
 5.599999999999981e+12 5.599999999999981e+12 5.599999999999981e+12 5.599999999999981e+12 5.599999999999981e+12 5.599999999999981e+12 5.599999999999981e+12 5.599999999999981e+12 5.599999999999981e+12 5.599999999999981e+12
 5.599999999999981e+12 5.599999999999981e+12 5.599999999999981e+12 5.599999999999981e+12 5.599999999999981e+12 5.599999999999981e+12 5.599999999999981e+12 5.599999999999981e+12 5.599999999999981e+12 5.599999999999981e+12
 5.599999999999981e+12 5.599999999999981e+12 5.599999999999981e+12 5.599999999999981e+12 5.599999999999981e+12 5.599999999999981e+12 5.599999999999981e+12 5.599999999999981e+12 5.599999999999981e+12 5.599999999999981e+12
 5.599999999999981e+12 5.599999999999981e+12 5.599999999999981e+12 5.599999999999981e+12 -9.999994400000018e+18 5.599999999999981e+12 -9.999994400000018e+18 5.599999999999981e+12 5.599999999999981e+12 5.599999999999981e+12
 5.599999999999981e+12 5.599999999999981e+12 5.599999999999981e+12 5.599999999999981e+12 5.599999999999981e+12 5.599999999999981e+12 5.599999999999981e+12 5.599999999999981e+12 5.599999999999981e+12 5.599999999999981e+12
 5.599999999999981e+12 5.599999999999981e+12 5.599999999999981e+12 5.599999999999981e+12 5.599999999999981e+12 5.599999999999981e+12 5.599999999999981e+12 5.599999999999981e+12 5.599999999999981e+12 5.599999999999981e+12
 5.599999999999981e+12 5.599999999999981e+12 5.599999999999981e+12 5.599999999999981e+12 5.599999999999981e+12 5.599999999999981e+12 5.599999999999981e+12 5.599999999999981e+12 5.599999999999981e+12 5.599999999999981e+12
 5.599999999999981e+12 5.599999999999981e+12 5.599999999999981e+12 5.599999999999981e+12 5.599999999999981e+12 5.599999999999981e+12 5.599999999999981e+12 5.599999999999981e+12 5.599999999999981e+12 5.599999999999981e+12
 5.599999999999981e+12 5.599999999999981e+12 5.599999999999981e+12 5.599999999999981e+12 5.599999999999981e+12 5.599999999999981e+12 5.599999999999981e+12 5.599999999999981e+12 5.599999999999981e+12 5.599999999999981e+12
 5.599999999999981e+12 5.599999999999981e+12 5.599999999999981e+12 5.599999999999981e+12 5.599999999999981e+12 5.599999999999981e+12 5.599999999999981e+12 5.599999999999981e+12 5.599999999999981e+12 5.599999999999981e+12
 5.599999999999981e+12 5.599999999999981e+12 5.599999999999981e+12 5.599999999999981e+12 -9.999994400000018e+18 5.599999999999981e+12 -9.999994400000018e+18 5.599999999999981e+12 5.599999999999981e+12 5.599999999999981e+12
 5.599999999999981e+12 5.599999999999981e+12 5.599999999999981e+12 5.599999999999981e+12 5.599999999999981e+12 5.599999999999981e+12 5.599999999999981e+12 5.599999999999981e+12 5.599999999999981e+12 5.599999999999981e+12
 5.599999999999981e+12 5.599999999999981e+12 5.599999999999981e+12 5.599999999999981e+12 5.599999999999981e+12 5.599999999999981e+12 5.599999999999981e+12 5.599999999999981e+12 5.599999999999981e+12 5.599999999999981e+12
 5.599999999999981e+12 5.599999999999981e+12 5.599999999999981e+12 5.599999999999981e+12 5.599999999999981e+12 5.599999999999981e+12 5.599999999999981e+12 5.599999999999981e+12 5.599999999999981e+12 5.599999999999981e+12
 5.599999999999981e+12 5.599999999999981e+12 5.599999999999981e+12 5.599999999999981e+12 5.599999999999981e+12 5.599999999999981e+12 5.599999999999981e+12 5.599999999999981e+12 5.599999999999981e+12 5.599999999999981e+12
 5.599999999999981e+12 5.599999999999981e+12 5.599999999999981e+12 5.599999999999981e+12 5.599999999999981e+12 5.599999999999981e+12 5.599999999999981e+12 5.599999999999981e+12 5.599999999999981e+12 5.599999999999981e+12
 5.599999999999981e+12 5.599999999999981e+12 5.599999999999981e+12 5.599999999999981e+12 5.599999999999981e+12 5.599999999999981e+12 5.599999999999981e+12 5.599999999999981e+12 5.599999999999981e+12 5.599999999999981e+12
 5.599999999999981e+12 5.599999999999981e+12 5.599999999999981e+12 5.599999999999981e+12 -9.999994400000018e+18 5.599999999999981e+12 -9.999994400000018e+18 5.599999999999981e+12 5.599999999999981e+12 5.599999999999981e+12
 5.599999999999981e+12 5.599999999999981e+12 5.599999999999981e+12 5.599999999999981e+12 5.599999999999981e+12 5.599999999999981e+12 5.599999999999981e+12 5.599999999999981e+12 5.599999999999981e+12 5.599999999999981e+12
 5.599999999999981e+12 5.599999999999981e+12 5.599999999999981e+12 5.599999999999981e+12 5.599999999999981e+12 5.599999999999981e+12 5.599999999999981e+12 5.599999999999981e+12 5.599999999999981e+12 5.599999999999981e+12
 5.599999999999981e+12 5.599999999999981e+12 5.599999999999981e+12 5.599999999999981e+12 5.599999999999981e+12 5.599999999999981e+12 5.599999999999981e+12 5.599999999999981e+12 5.599999999999981e+12 5.599999999999981e+12
 5.599999999999981e+12 5.599999999999981e+12 5.599999999999981e+12 5.599999999999981e+12 5.599999999999981e+12 5.599999999999981e+12 5.599999999999981e+12 5.599999999999981e+12 5.599999999999981e+12 5.599999999999981e+12
 5.599999999999981e+12 5.599999999999981e+12 5.599999999999981e+12 5.599999999999981e+12 5.599999999999981e+12 5.599999999999981e+12 5.599999999999981e+12 5.599999999999981e+12 5.599999999999981e+12 5.599999999999981e+12
 5.599999999999981e+12 5.599999999999981e+12 5.599999999999981e+12 5.599999999999981e+12 5.599999999999981e+12 5.599999999999981e+12 5.599999999999981e+12 5.599999999999981e+12 5.599999999999981e+12 5.599999999999981e+12
 5.599999999999981e+12 5.599999999999981e+12 5.599999999999981e+12 5.599999999999981e+12 -9.999994400000018e+18 5.599999999999981e+12 -9.999994400000018e+18 5.599999999999981e+12 5.599999999999981e+12 5.599999999999981e+12
 5.599999999999981e+12 5.599999999999981e+12 5.599999999999981e+12 5.599999999999981e+12 5.599999999999981e+12 5.599999999999981e+12 5.599999999999981e+12 5.599999999999981e+12 5.599999999999981e+12 5.599999999999981e+12
 5.599999999999981e+12 5.599999999999981e+12 5.599999999999981e+12 5.599999999999981e+12 5.599999999999981e+12 5.599999999999981e+12 5.599999999999981e+12 5.599999999999981e+12 5.599999999999981e+12 5.599999999999981e+12
 5.599999999999981e+12 5.599999999999981e+12 5.599999999999981e+12 5.599999999999981e+12 5.599999999999981e+12 5.599999999999981e+12 5.599999999999981e+12 5.599999999999981e+12 5.599999999999981e+12 5.599999999999981e+12
 5.599999999999981e+12 5.599999999999981e+12 5.599999999999981e+12 5.599999999999981e+12 5.599999999999981e+12 5.599999999999981e+12 5.599999999999981e+12 5.599999999999981e+12 5.599999999999981e+12 5.599999999999981e+12
 5.599999999999981e+12 5.599999999999981e+12 5.599999999999981e+12 5.599999999999981e+12 5.599999999999981e+12 5.599999999999981e+12 5.599999999999981e+12 5.599999999999981e+12 5.599999999999981e+12 5.599999999999981e+12
 5.599999999999981e+12 5.599999999999981e+12 5.599999999999981e+12 5.599999999999981e+12 5.599999999999981e+12 5.599999999999981e+12 5.599999999999981e+12 5.599999999999981e+12 5.599999999999981e+12 5.599999999999981e+12
 5.599999999999981e+12 5.599999999999981e+12 5.599999999999981e+12 5.599999999999981e+12 -9.999994400000018e+18 5.599999999999981e+12 -9.999994400000018e+18 5.599999999999981e+12 5.599999999999981e+12 5.599999999999981e+12
 5.599999999999981e+12 5.599999999999981e+12 5.599999999999981e+12 5.599999999999981e+12 5.599999999999981e+12 5.599999999999981e+12 5.599999999999981e+12 5.599999999999981e+12 5.599999999999981e+12 5.599999999999981e+12
 5.599999999999981e+12 5.599999999999981e+12 5.599999999999981e+12 5.599999999999981e+12 5.599999999999981e+12 5.599999999999981e+12 5.599999999999981e+12 5.599999999999981e+12 5.599999999999981e+12 5.599999999999981e+12
 5.599999999999981e+12 5.599999999999981e+12 5.599999999999981e+12 5.599999999999981e+12 5.599999999999981e+12 5.599999999999981e+12 5.599999999999981e+12 5.599999999999981e+12 5.599999999999981e+12 5.599999999999981e+12
 5.599999999999981e+12 5.599999999999981e+12 5.599999999999981e+12 5.599999999999981e+12 5.599999999999981e+12 5.599999999999981e+12 5.599999999999981e+12 5.599999999999981e+12 5.599999999999981e+12 5.599999999999981e+12
 5.599999999999981e+12 5.599999999999981e+12 5.599999999999981e+12 5.599999999999981e+12 5.599999999999981e+12 5.599999999999981e+12 5.599999999999981e+12 5.599999999999981e+12 5.599999999999981e+12 5.599999999999981e+12
 5.599999999999981e+12 5.599999999999981e+12 5.599999999999981e+12 5.599999999999981e+12 5.599999999999981e+12 5.599999999999981e+12 5.599999999999981e+12 5.599999999999981e+12 5.599999999999981e+12 5.599999999999981e+12
 5.599999999999981e+12 5.599999999999981e+12 5.599999999999981e+12 5.599999999999981e+12 -9.999994400000018e+18 5.599999999999981e+12 -9.999994400000018e+18 5.599999999999981e+12 5.599999999999981e+12 5.599999999999981e+12
 5.599999999999981e+12 5.599999999999981e+12 5.599999999999981e+12 5.599999999999981e+12 5.599999999999981e+12 5.599999999999981e+12 5.599999999999981e+12 5.599999999999981e+12 5.599999999999981e+12 5.599999999999981e+12
 5.599999999999981e+12 5.599999999999981e+12 5.599999999999981e+12 5.599999999999981e+12 5.599999999999981e+12 5.599999999999981e+12 5.599999999999981e+12 5.599999999999981e+12 5.599999999999981e+12 5.599999999999981e+12
 5.599999999999981e+12 5.599999999999981e+12 5.599999999999981e+12 5.599999999999981e+12 5.599999999999981e+12 5.599999999999981e+12 5.599999999999981e+12 5.599999999999981e+12 5.599999999999981e+12 5.599999999999981e+12
 5.599999999999981e+12 5.599999999999981e+12 5.599999999999981e+12 5.599999999999981e+12 5.599999999999981e+12 5.599999999999981e+12 5.599999999999981e+12 5.599999999999981e+12 5.599999999999981e+12 5.599999999999981e+12
 5.599999999999981e+12 5.599999999999981e+12 5.599999999999981e+12 5.599999999999981e+12 5.599999999999981e+12 5.599999999999981e+12 5.599999999999981e+12 5.599999999999981e+12 5.599999999999981e+12 5.599999999999981e+12
 5.599999999999981e+12 5.599999999999981e+12 5.599999999999981e+12 5.599999999999981e+12 5.599999999999981e+12 5.599999999999981e+12 5.599999999999981e+12 5.599999999999981e+12 5.599999999999981e+12 5.599999999999981e+12
 5.599999999999981e+12 5.599999999999981e+12 5.599999999999981e+12 5.599999999999981e+12 -9.999994400000018e+18 5.599999999999981e+12 -9.999994400000018e+18 5.599999999999981e+12 5.599999999999981e+12 5.599999999999981e+12
 5.599999999999981e+12 5.599999999999981e+12 5.599999999999981e+12 5.599999999999981e+12 5.599999999999981e+12 5.599999999999981e+12 5.599999999999981e+12 5.599999999999981e+12 5.599999999999981e+12 5.599999999999981e+12
 5.599999999999981e+12 5.599999999999981e+12 5.599999999999981e+12 5.599999999999981e+12 5.599999999999981e+12 5.599999999999981e+12 5.599999999999981e+12 5.599999999999981e+12 5.599999999999981e+12 5.599999999999981e+12
 5.599999999999981e+12 5.599999999999981e+12 5.599999999999981e+12 5.599999999999981e+12 5.599999999999981e+12 5.599999999999981e+12 5.599999999999981e+12 5.599999999999981e+12 5.599999999999981e+12 5.599999999999981e+12
 5.599999999999981e+12 5.599999999999981e+12 5.599999999999981e+12 5.599999999999981e+12 5.599999999999981e+12 5.599999999999981e+12 5.599999999999981e+12 5.599999999999981e+12 5.599999999999981e+12 5.599999999999981e+12
 5.599999999999981e+12 5.599999999999981e+12 5.599999999999981e+12 5.599999999999981e+12 5.599999999999981e+12 5.599999999999981e+12 5.599999999999981e+12 5.599999999999981e+12 5.599999999999981e+12 5.599999999999981e+12
 5.599999999999981e+12 5.599999999999981e+12 5.599999999999981e+12 5.599999999999981e+12 5.599999999999981e+12 5.599999999999981e+12 5.599999999999981e+12 5.599999999999981e+12 5.599999999999981e+12 5.599999999999981e+12
 5.599999999999981e+12 5.599999999999981e+12 5.599999999999981e+12 5.599999999999981e+12 -9.999994400000018e+18 5.599999999999981e+12 -9.999994400000018e+18 5.599999999999981e+12 5.599999999999981e+12 5.599999999999981e+12
 5.599999999999981e+12 5.599999999999981e+12 5.599999999999981e+12 5.599999999999981e+12 5.599999999999981e+12 5.599999999999981e+12 5.599999999999981e+12 5.599999999999981e+12 5.599999999999981e+12 5.599999999999981e+12
 5.599999999999981e+12 5.599999999999981e+12 5.599999999999981e+12 5.599999999999981e+12 5.599999999999981e+12 5.599999999999981e+12 5.599999999999981e+12 5.599999999999981e+12 5.599999999999981e+12 5.599999999999981e+12
 5.599999999999981e+12 5.599999999999981e+12 5.599999999999981e+12 5.599999999999981e+12 5.599999999999981e+12 5.599999999999981e+12 5.599999999999981e+12 5.599999999999981e+12 5.599999999999981e+12 5.599999999999981e+12
 5.599999999999981e+12 5.599999999999981e+12 5.599999999999981e+12 5.599999999999981e+12 5.599999999999981e+12 5.599999999999981e+12 5.599999999999981e+12 5.599999999999981e+12 5.599999999999981e+12 5.599999999999981e+12
 5.599999999999981e+12 5.599999999999981e+12 5.599999999999981e+12 5.599999999999981e+12 5.599999999999981e+12 5.599999999999981e+12 5.599999999999981e+12 5.599999999999981e+12 5.599999999999981e+12 5.599999999999981e+12
 5.599999999999981e+12 5.599999999999981e+12 5.599999999999981e+12 5.599999999999981e+12 5.599999999999981e+12 5.599999999999981e+12 5.599999999999981e+12 5.599999999999981e+12 5.599999999999981e+12 5.599999999999981e+12
 5.599999999999981e+12 5.599999999999981e+12 5.599999999999981e+12 5.599999999999981e+12 -9.999994400000018e+18 5.599999999999981e+12 -9.999994400000018e+18 5.599999999999981e+12 5.599999999999981e+12 5.599999999999981e+12
 5.599999999999981e+12 5.599999999999981e+12 5.599999999999981e+12 5.599999999999981e+12 5.599999999999981e+12 5.599999999999981e+12 5.599999999999981e+12 5.599999999999981e+12 5.599999999999981e+12 5.599999999999981e+12
 5.599999999999981e+12 5.599999999999981e+12 5.599999999999981e+12 5.599999999999981e+12 5.599999999999981e+12 5.599999999999981e+12 5.599999999999981e+12 5.599999999999981e+12 5.599999999999981e+12 5.599999999999981e+12
 5.599999999999981e+12 5.599999999999981e+12 5.599999999999981e+12 5.599999999999981e+12 5.599999999999981e+12 5.599999999999981e+12 5.599999999999981e+12 5.599999999999981e+12 5.599999999999981e+12 5.599999999999981e+12
 5.599999999999981e+12 5.599999999999981e+12 5.599999999999981e+12 5.599999999999981e+12 5.599999999999981e+12 5.599999999999981e+12 5.599999999999981e+12 5.599999999999981e+12 5.599999999999981e+12 5.599999999999981e+12
 5.599999999999981e+12 5.599999999999981e+12 5.599999999999981e+12 5.599999999999981e+12 5.599999999999981e+12 5.599999999999981e+12 5.599999999999981e+12 5.599999999999981e+12 5.599999999999981e+12 5.599999999999981e+12
 5.599999999999981e+12 5.599999999999981e+12 5.599999999999981e+12 5.599999999999981e+12 5.599999999999981e+12 5.599999999999981e+12 5.599999999999981e+12 5.599999999999981e+12 5.599999999999981e+12 5.599999999999981e+12
 5.599999999999981e+12 5.599999999999981e+12 5.599999999999981e+12 5.599999999999981e+12 -9.999994400000018e+18 5.599999999999981e+12 -9.999994400000018e+18 5.599999999999981e+12 5.599999999999981e+12 5.599999999999981e+12
 5.599999999999981e+12 5.599999999999981e+12 5.599999999999981e+12 5.599999999999981e+12 5.599999999999981e+12 5.599999999999981e+12 5.599999999999981e+12 5.599999999999981e+12 5.599999999999981e+12 5.599999999999981e+12
 5.599999999999981e+12 5.599999999999981e+12 5.599999999999981e+12 5.599999999999981e+12 5.599999999999981e+12 5.599999999999981e+12 5.599999999999981e+12 5.599999999999981e+12 5.599999999999981e+12 5.599999999999981e+12
 5.599999999999981e+12 5.599999999999981e+12 5.599999999999981e+12 5.599999999999981e+12 5.599999999999981e+12 5.599999999999981e+12 5.599999999999981e+12 5.599999999999981e+12 5.599999999999981e+12 5.599999999999981e+12
 5.599999999999981e+12 5.599999999999981e+12 5.599999999999981e+12 5.599999999999981e+12 5.599999999999981e+12 5.599999999999981e+12 5.599999999999981e+12 5.599999999999981e+12 5.599999999999981e+12 5.599999999999981e+12
 5.599999999999981e+12 5.599999999999981e+12 5.599999999999981e+12 5.599999999999981e+12 5.599999999999981e+12 5.599999999999981e+12 5.599999999999981e+12 5.599999999999981e+12 5.599999999999981e+12 5.599999999999981e+12
 5.599999999999981e+12 5.599999999999981e+12 5.599999999999981e+12 5.599999999999981e+12 5.599999999999981e+12 5.599999999999981e+12 5.599999999999981e+12 5.599999999999981e+12 5.599999999999981e+12 5.599999999999981e+12
 5.599999999999981e+12 5.599999999999981e+12 5.599999999999981e+12 5.599999999999981e+12 -9.999994400000018e+18 5.599999999999981e+12 -9.999994400000018e+18 5.599999999999981e+12 5.599999999999981e+12 5.599999999999981e+12
 5.599999999999981e+12 5.599999999999981e+12 5.599999999999981e+12 5.599999999999981e+12 5.599999999999981e+12 5.599999999999981e+12 5.599999999999981e+12 5.599999999999981e+12 5.599999999999981e+12 5.599999999999981e+12
 5.599999999999981e+12 5.599999999999981e+12 5.599999999999981e+12 5.599999999999981e+12 5.599999999999981e+12 5.599999999999981e+12 5.599999999999981e+12 5.599999999999981e+12 5.599999999999981e+12 5.599999999999981e+12
 5.599999999999981e+12 5.599999999999981e+12 5.599999999999981e+12 5.599999999999981e+12 5.599999999999981e+12 5.599999999999981e+12 5.599999999999981e+12 5.599999999999981e+12 5.599999999999981e+12 5.599999999999981e+12
 5.599999999999981e+12 5.599999999999981e+12 5.599999999999981e+12 5.599999999999981e+12 5.599999999999981e+12 5.599999999999981e+12 5.599999999999981e+12 5.599999999999981e+12 5.599999999999981e+12 5.599999999999981e+12
 5.599999999999981e+12 5.599999999999981e+12 5.599999999999981e+12 5.599999999999981e+12 5.599999999999981e+12 5.599999999999981e+12 5.599999999999981e+12 5.599999999999981e+12 5.599999999999981e+12 5.599999999999981e+12
 5.599999999999981e+12 5.599999999999981e+12 5.599999999999981e+12 5.599999999999981e+12 5.599999999999981e+12 5.599999999999981e+12 5.599999999999981e+12 5.599999999999981e+12 5.599999999999981e+12 5.599999999999981e+12
 5.599999999999981e+12 5.599999999999981e+12 5.599999999999981e+12 5.599999999999981e+12 5.599999999999981e+12 5.599999999999981e+12 5.599999999999981e+12 5.599999999999981e+12 5.599999999999981e+12 5.599999999999981e+12
 5.599999999999981e+12 5.599999999999981e+12 5.599999999999981e+12 5.599999999999981e+12 5.599999999999981e+12 5.599999999999981e+12 5.599999999999981e+12 5.599999999999981e+12 5.599999999999981e+12 5.599999999999981e+12
 5.599999999999981e+12 5.599999999999981e+12 5.599999999999981e+12 5.599999999999981e+12 5.599999999999981e+12 5.599999999999981e+12 5.599999999999981e+12 5.599999999999981e+12 5.599999999999981e+12 5.599999999999981e+12
 5.599999999999981e+12 5.599999999999981e+12 5.599999999999981e+12 5.599999999999981e+12 5.599999999999981e+12 5.599999999999981e+12 5.599999999999981e+12 5.599999999999981e+12 5.599999999999981e+12 5.599999999999981e+12
 5.599999999999981e+12 5.599999999999981e+12 5.599999999999981e+12 5.599999999999981e+12 5.599999999999981e+12 5.599999999999981e+12 5.599999999999981e+12 5.599999999999981e+12 5.599999999999981e+12 5.599999999999981e+12
 5.599999999999981e+12 5.599999999999981e+12 5.599999999999981e+12 5.599999999999981e+12 5.599999999999981e+12 5.599999999999981e+12 5.599999999999981e+12 5.599999999999981e+12 5.599999999999981e+12 5.599999999999981e+12
 5.599999999999981e+12 5.599999999999981e+12 5.599999999999981e+12 5.599999999999981e+12 5.599999999999981e+12 5.599999999999981e+12 5.599999999999981e+12 5.599999999999981e+12 5.599999999999981e+12 5.599999999999981e+12
 5.599999999999981e+12 5.599999999999981e+12 5.599999999999981e+12 5.599999999999981e+12 5.599999999999981e+12 5.599999999999981e+12 5.599999999999981e+12 5.599999999999981e+12 5.599999999999981e+12 5.599999999999981e+12
 5.599999999999981e+12 5.599999999999981e+12 5.599999999999981e+12 5.599999999999981e+12 5.599999999999981e+12 5.599999999999981e+12 5.599999999999981e+12 5.599999999999981e+12 5.599999999999981e+12 5.599999999999981e+12
 5.599999999999981e+12 5.599999999999981e+12 5.599999999999981e+12 5.599999999999981e+12 5.599999999999981e+12 5.599999999999981e+12 5.599999999999981e+12 5.599999999999981e+12 5.599999999999981e+12 5.599999999999981e+12
 5.599999999999981e+12 5.599999999999981e+12 5.599999999999981e+12 5.599999999999981e+12 5.599999999999981e+12 5.599999999999981e+12 5.599999999999981e+12 5.599999999999981e+12 5.599999999999981e+12 5.599999999999981e+12
 5.599999999999981e+12 5.599999999999981e+12 5.599999999999981e+12 5.599999999999981e+12 5.599999999999981e+12 5.599999999999981e+12 5.599999999999981e+12 5.599999999999981e+12 5.599999999999981e+12 5.599999999999981e+12
 5.599999999999981e+12 5.599999999999981e+12 5.599999999999981e+12 5.599999999999981e+12 5.599999999999981e+12 5.599999999999981e+12 5.599999999999981e+12 5.599999999999981e+12 5.599999999999981e+12 5.599999999999981e+12
 5.599999999999981e+12 5.599999999999981e+12 5.599999999999981e+12 5.599999999999981e+12 5.599999999999981e+12 5.599999999999981e+12 5.599999999999981e+12 5.599999999999981e+12 5.599999999999981e+12 5.599999999999981e+12
 5.599999999999981e+12 5.599999999999981e+12 5.599999999999981e+12 5.599999999999981e+12 5.599999999999981e+12 5.599999999999981e+12 5.599999999999981e+12 5.599999999999981e+12 5.599999999999981e+12 5.599999999999981e+12
 5.599999999999981e+12 5.599999999999981e+12 5.599999999999981e+12 5.599999999999981e+12 5.599999999999981e+12 5.599999999999981e+12 5.599999999999981e+12 5.599999999999981e+12 5.599999999999981e+12 5.599999999999981e+12
 5.599999999999981e+12 5.599999999999981e+12 5.599999999999981e+12 5.599999999999981e+12 5.599999999999981e+12 5.599999999999981e+12 5.599999999999981e+12 5.599999999999981e+12 5.599999999999981e+12 5.599999999999981e+12
 5.599999999999981e+12 5.599999999999981e+12 5.599999999999981e+12 5.599999999999981e+12 5.599999999999981e+12 5.599999999999981e+12 5.599999999999981e+12 5.599999999999981e+12 5.599999999999981e+12 5.599999999999981e+12
 5.599999999999981e+12 5.599999999999981e+12 5.599999999999981e+12 5.599999999999981e+12 5.599999999999981e+12 5.599999999999981e+12 5.599999999999981e+12 5.599999999999981e+12 5.599999999999981e+12 5.599999999999981e+12
 5.599999999999981e+12 5.599999999999981e+12 5.599999999999981e+12 5.599999999999981e+12 5.599999999999981e+12 5.599999999999981e+12 5.599999999999981e+12 5.599999999999981e+12 5.599999999999981e+12 5.599999999999981e+12
 5.599999999999981e+12 5.599999999999981e+12 5.599999999999981e+12 5.599999999999981e+12 5.599999999999981e+12 5.599999999999981e+12 5.599999999999981e+12 5.599999999999981e+12 5.599999999999981e+12 5.599999999999981e+12
 5.599999999999981e+12 5.599999999999981e+12 5.599999999999981e+12 5.599999999999981e+12 5.599999999999981e+12 5.599999999999981e+12 5.599999999999981e+12 5.599999999999981e+12 5.599999999999981e+12 5.599999999999981e+12
 5.599999999999981e+12 5.599999999999981e+12 5.599999999999981e+12 5.599999999999981e+12 5.599999999999981e+12 5.599999999999981e+12 5.599999999999981e+12 5.599999999999981e+12 5.599999999999981e+12 5.599999999999981e+12
 5.599999999999981e+12 5.599999999999981e+12 5.599999999999981e+12 5.599999999999981e+12 5.599999999999981e+12 5.599999999999981e+12 5.599999999999981e+12 5.599999999999981e+12 5.599999999999981e+12 5.599999999999981e+12
 5.599999999999981e+12 5.599999999999981e+12 5.599999999999981e+12 5.599999999999981e+12 5.599999999999981e+12 5.599999999999981e+12 5.599999999999981e+12 5.599999999999981e+12 5.599999999999981e+12 5.599999999999981e+12
 5.599999999999981e+12 5.599999999999981e+12 5.599999999999981e+12 5.599999999999981e+12 5.599999999999981e+12 5.599999999999981e+12 5.599999999999981e+12 5.599999999999981e+12 5.599999999999981e+12 5.599999999999981e+12
 5.599999999999981e+12 5.599999999999981e+12 5.599999999999981e+12 5.599999999999981e+12 5.599999999999981e+12 5.599999999999981e+12 5.599999999999981e+12 5.599999999999981e+12 5.599999999999981e+12 5.599999999999981e+12
 5.599999999999981e+12 5.599999999999981e+12 5.599999999999981e+12 5.599999999999981e+12 5.599999999999981e+12 5.599999999999981e+12 5.599999999999981e+12 5.599999999999981e+12 5.599999999999981e+12 5.599999999999981e+12
 5.599999999999981e+12 5.599999999999981e+12 5.599999999999981e+12 5.599999999999981e+12 5.599999999999981e+12 5.599999999999981e+12 5.599999999999981e+12 5.599999999999981e+12 5.599999999999981e+12 5.599999999999981e+12
 5.599999999999981e+12 5.599999999999981e+12 5.599999999999981e+12 5.599999999999981e+12 5.599999999999981e+12 5.599999999999981e+12 5.599999999999981e+12 5.599999999999981e+12 5.599999999999981e+12 5.599999999999981e+12
 5.599999999999981e+12 5.599999999999981e+12 5.599999999999981e+12 5.599999999999981e+12 5.599999999999981e+12 5.599999999999981e+12 5.599999999999981e+12 5.599999999999981e+12 5.599999999999981e+12 5.599999999999981e+12
 5.599999999999981e+12 5.599999999999981e+12 5.599999999999981e+12 5.599999999999981e+12 5.599999999999981e+12 5.599999999999981e+12 5.599999999999981e+12 5.599999999999981e+12 5.599999999999981e+12 5.599999999999981e+12
 5.599999999999981e+12 5.599999999999981e+12 5.599999999999981e+12 5.599999999999981e+12 5.599999999999981e+12 5.599999999999981e+12 5.599999999999981e+12 5.599999999999981e+12 5.599999999999981e+12 5.599999999999981e+12
 5.599999999999981e+12 5.599999999999981e+12 5.599999999999981e+12 5.599999999999981e+12 5.599999999999981e+12 5.599999999999981e+12 5.599999999999981e+12 5.599999999999981e+12 5.599999999999981e+12 5.599999999999981e+12
 5.599999999999981e+12 5.599999999999981e+12 5.599999999999981e+12 5.599999999999981e+12 5.599999999999981e+12 5.599999999999981e+12 5.599999999999981e+12 5.599999999999981e+12 5.599999999999981e+12 5.599999999999981e+12
 5.599999999999981e+12 5.599999999999981e+12 5.599999999999981e+12 5.599999999999981e+12 5.599999999999981e+12 5.599999999999981e+12 5.599999999999981e+12 5.599999999999981e+12 5.599999999999981e+12 5.599999999999981e+12
 5.599999999999981e+12 5.599999999999981e+12 5.599999999999981e+12 5.599999999999981e+12 5.599999999999981e+12 5.599999999999981e+12 5.599999999999981e+12 5.599999999999981e+12 5.599999999999981e+12 5.599999999999981e+12
 5.599999999999981e+12 5.599999999999981e+12 5.599999999999981e+12 5.599999999999981e+12 5.599999999999981e+12 5.599999999999981e+12 5.599999999999981e+12 5.599999999999981e+12 5.599999999999981e+12 5.599999999999981e+12
 5.599999999999981e+12 5.599999999999981e+12 5.599999999999981e+12 5.599999999999981e+12 5.599999999999981e+12 5.599999999999981e+12 5.599999999999981e+12 5.599999999999981e+12 5.599999999999981e+12 5.599999999999981e+12
 5.599999999999981e+12 5.599999999999981e+12 5.599999999999981e+12 5.599999999999981e+12 5.599999999999981e+12 5.599999999999981e+12 5.599999999999981e+12 5.599999999999981e+12 5.599999999999981e+12 5.599999999999981e+12
 5.599999999999981e+12 5.599999999999981e+12 5.599999999999981e+12 5.599999999999981e+12 5.599999999999981e+12 5.599999999999981e+12 5.599999999999981e+12 5.599999999999981e+12 5.599999999999981e+12 5.599999999999981e+12
 5.599999999999981e+12 5.599999999999981e+12 5.599999999999981e+12 5.599999999999981e+12 5.599999999999981e+12 5.599999999999981e+12 5.599999999999981e+12 5.599999999999981e+12 5.599999999999981e+12 5.599999999999981e+12
 5.599999999999981e+12 5.599999999999981e+12 5.599999999999981e+12 5.599999999999981e+12 5.599999999999981e+12 5.599999999999981e+12 5.599999999999981e+12 5.599999999999981e+12 5.599999999999981e+12 5.599999999999981e+12
 5.599999999999981e+12 5.599999999999981e+12 5.599999999999981e+12 5.599999999999981e+12 5.599999999999981e+12 5.599999999999981e+12 5.599999999999981e+12 5.599999999999981e+12 5.599999999999981e+12 5.599999999999981e+12
 5.599999999999981e+12 5.599999999999981e+12 5.599999999999981e+12 5.599999999999981e+12 5.599999999999981e+12 5.599999999999981e+12 5.599999999999981e+12 5.599999999999981e+12 5.599999999999981e+12 5.599999999999981e+12
 5.599999999999981e+12 5.599999999999981e+12 5.599999999999981e+12 5.599999999999981e+12 5.599999999999981e+12 5.599999999999981e+12 5.599999999999981e+12 5.599999999999981e+12 5.599999999999981e+12 5.599999999999981e+12
 5.599999999999981e+12 5.599999999999981e+12 5.599999999999981e+12 5.599999999999981e+12 5.599999999999981e+12 5.599999999999981e+12 5.599999999999981e+12 5.599999999999981e+12 5.599999999999981e+12 5.599999999999981e+12
 5.599999999999981e+12 5.599999999999981e+12 5.599999999999981e+12 5.599999999999981e+12 5.599999999999981e+12 5.599999999999981e+12 5.599999999999981e+12 5.599999999999981e+12 5.599999999999981e+12 5.599999999999981e+12
 5.599999999999981e+12 5.599999999999981e+12 5.599999999999981e+12 5.599999999999981e+12 5.599999999999981e+12 5.599999999999981e+12 5.599999999999981e+12 5.599999999999981e+12 5.599999999999981e+12 5.599999999999981e+12
 5.599999999999981e+12 5.599999999999981e+12 5.599999999999981e+12 5.599999999999981e+12 5.599999999999981e+12 5.599999999999981e+12 5.599999999999981e+12 5.599999999999981e+12 5.599999999999981e+12 5.599999999999981e+12
 5.599999999999981e+12 5.599999999999981e+12 5.599999999999981e+12 5.599999999999981e+12 5.599999999999981e+12 5.599999999999981e+12 5.599999999999981e+12 5.599999999999981e+12 5.599999999999981e+12 5.599999999999981e+12
 5.599999999999981e+12 5.599999999999981e+12 5.599999999999981e+12 5.599999999999981e+12 5.599999999999981e+12 5.599999999999981e+12 5.599999999999981e+12 5.599999999999981e+12 5.599999999999981e+12 5.599999999999981e+12
 5.599999999999981e+12 5.599999999999981e+12 5.599999999999981e+12 5.599999999999981e+12 5.599999999999981e+12 5.599999999999981e+12 5.599999999999981e+12 5.599999999999981e+12 5.599999999999981e+12 5.599999999999981e+12
 5.599999999999981e+12 5.599999999999981e+12 5.599999999999981e+12 5.599999999999981e+12 5.599999999999981e+12 5.599999999999981e+12 5.599999999999981e+12 5.599999999999981e+12 5.599999999999981e+12 5.599999999999981e+12
 5.599999999999981e+12 5.599999999999981e+12 5.599999999999981e+12 5.599999999999981e+12 5.599999999999981e+12 5.599999999999981e+12 5.599999999999981e+12 5.599999999999981e+12 5.599999999999981e+12 5.599999999999981e+12
 5.599999999999981e+12 5.599999999999981e+12 5.599999999999981e+12 5.599999999999981e+12 5.599999999999981e+12 5.599999999999981e+12 5.599999999999981e+12 5.599999999999981e+12 5.599999999999981e+12 5.599999999999981e+12
 5.599999999999981e+12 5.599999999999981e+12 5.599999999999981e+12 5.599999999999981e+12 5.599999999999981e+12 5.599999999999981e+12 5.599999999999981e+12 5.599999999999981e+12 5.599999999999981e+12 5.599999999999981e+12
 5.599999999999981e+12 5.599999999999981e+12 5.599999999999981e+12 5.599999999999981e+12 5.599999999999981e+12 5.599999999999981e+12 5.599999999999981e+12 5.599999999999981e+12 5.599999999999981e+12 5.599999999999981e+12
 5.599999999999981e+12 5.599999999999981e+12 5.599999999999981e+12 5.599999999999981e+12 5.599999999999981e+12 5.599999999999981e+12 5.599999999999981e+12 5.599999999999981e+12 5.599999999999981e+12 5.599999999999981e+12
 5.599999999999981e+12 5.599999999999981e+12 5.599999999999981e+12 5.599999999999981e+12 5.599999999999981e+12 5.599999999999981e+12 5.599999999999981e+12 5.599999999999981e+12 5.599999999999981e+12 5.599999999999981e+12
 5.599999999999981e+12 5.599999999999981e+12 5.599999999999981e+12 5.599999999999981e+12 5.599999999999981e+12 5.599999999999981e+12 5.599999999999981e+12 5.599999999999981e+12 5.599999999999981e+12 5.599999999999981e+12
 5.599999999999981e+12 5.599999999999981e+12 5.599999999999981e+12 5.599999999999981e+12 5.599999999999981e+12 5.599999999999981e+12 5.599999999999981e+12 5.599999999999981e+12 5.599999999999981e+12 5.599999999999981e+12
 5.599999999999981e+12 5.599999999999981e+12 5.599999999999981e+12 5.599999999999981e+12 5.599999999999981e+12 5.599999999999981e+12 5.599999999999981e+12 5.599999999999981e+12 5.599999999999981e+12 5.599999999999981e+12
 5.599999999999981e+12 5.599999999999981e+12 5.599999999999981e+12 5.599999999999981e+12 5.599999999999981e+12 5.599999999999981e+12 5.599999999999981e+12 5.599999999999981e+12 5.599999999999981e+12 5.599999999999981e+12
 5.599999999999981e+12 5.599999999999981e+12 5.599999999999981e+12 5.599999999999981e+12 5.599999999999981e+12 5.599999999999981e+12 5.599999999999981e+12 5.599999999999981e+12 5.599999999999981e+12 5.599999999999981e+12
 5.599999999999981e+12 5.599999999999981e+12 5.599999999999981e+12 5.599999999999981e+12 5.599999999999981e+12 5.599999999999981e+12 5.599999999999981e+12 5.599999999999981e+12 5.599999999999981e+12 5.599999999999981e+12
 5.599999999999981e+12 5.599999999999981e+12 5.599999999999981e+12 5.599999999999981e+12 5.599999999999981e+12 5.599999999999981e+12 5.599999999999981e+12 5.599999999999981e+12 5.599999999999981e+12 5.599999999999981e+12
 5.599999999999981e+12 5.599999999999981e+12 5.599999999999981e+12 5.599999999999981e+12 5.599999999999981e+12 5.599999999999981e+12 5.599999999999981e+12 5.599999999999981e+12 5.599999999999981e+12 5.599999999999981e+12
 5.599999999999981e+12 5.599999999999981e+12 5.599999999999981e+12 5.599999999999981e+12 5.599999999999981e+12 5.599999999999981e+12 5.599999999999981e+12 5.599999999999981e+12 5.599999999999981e+12 5.599999999999981e+12
 5.599999999999981e+12 5.599999999999981e+12 5.599999999999981e+12 5.599999999999981e+12 5.599999999999981e+12 5.599999999999981e+12 5.599999999999981e+12 5.599999999999981e+12 5.599999999999981e+12 5.599999999999981e+12
 5.599999999999981e+12 5.599999999999981e+12 5.599999999999981e+12 5.599999999999981e+12 5.599999999999981e+12 5.599999999999981e+12 5.599999999999981e+12 5.599999999999981e+12 5.599999999999981e+12 5.599999999999981e+12
 5.599999999999981e+12 5.599999999999981e+12 5.599999999999981e+12 5.599999999999981e+12 5.599999999999981e+12 5.599999999999981e+12 5.599999999999981e+12 5.599999999999981e+12 5.599999999999981e+12 5.599999999999981e+12
 5.599999999999981e+12 5.599999999999981e+12 5.599999999999981e+12 5.599999999999981e+12 5.599999999999981e+12 5.599999999999981e+12 5.599999999999981e+12 5.599999999999981e+12 5.599999999999981e+12 5.599999999999981e+12
 5.599999999999981e+12 5.599999999999981e+12 5.599999999999981e+12 5.599999999999981e+12 5.599999999999981e+12 5.599999999999981e+12 5.599999999999981e+12 5.599999999999981e+12 5.599999999999981e+12 5.599999999999981e+12
 5.599999999999981e+12 5.599999999999981e+12 5.599999999999981e+12 5.599999999999981e+12 5.599999999999981e+12 5.599999999999981e+12 5.599999999999981e+12 5.599999999999981e+12 5.599999999999981e+12 5.599999999999981e+12
 5.599999999999981e+12 5.599999999999981e+12 5.599999999999981e+12 5.599999999999981e+12 5.599999999999981e+12 5.599999999999981e+12 5.599999999999981e+12 5.599999999999981e+12 5.599999999999981e+12 5.599999999999981e+12
 5.599999999999981e+12 5.599999999999981e+12 5.599999999999981e+12 5.599999999999981e+12 5.599999999999981e+12 5.599999999999981e+12 5.599999999999981e+12 5.599999999999981e+12 5.599999999999981e+12 5.599999999999981e+12
 5.599999999999981e+12 5.599999999999981e+12 5.599999999999981e+12 5.599999999999981e+12 5.599999999999981e+12 5.599999999999981e+12 5.599999999999981e+12 5.599999999999981e+12 5.599999999999981e+12 5.599999999999981e+12
 5.599999999999981e+12 5.599999999999981e+12 5.599999999999981e+12 5.599999999999981e+12 5.599999999999981e+12 5.599999999999981e+12 5.599999999999981e+12 5.599999999999981e+12 5.599999999999981e+12 5.599999999999981e+12
 5.599999999999981e+12 5.599999999999981e+12 5.599999999999981e+12 5.599999999999981e+12 5.599999999999981e+12 5.599999999999981e+12 5.599999999999981e+12 5.599999999999981e+12 5.599999999999981e+12 5.599999999999981e+12
 5.599999999999981e+12 5.599999999999981e+12 5.599999999999981e+12 5.599999999999981e+12 5.599999999999981e+12 5.599999999999981e+12 5.599999999999981e+12 5.599999999999981e+12 5.599999999999981e+12 5.599999999999981e+12
 5.599999999999981e+12 5.599999999999981e+12 5.599999999999981e+12 5.599999999999981e+12 5.599999999999981e+12 5.599999999999981e+12 5.599999999999981e+12 5.599999999999981e+12 5.599999999999981e+12 5.599999999999981e+12
 5.599999999999981e+12 5.599999999999981e+12 5.599999999999981e+12 5.599999999999981e+12 5.599999999999981e+12 5.599999999999981e+12 5.599999999999981e+12 5.599999999999981e+12 5.599999999999981e+12 5.599999999999981e+12
 5.599999999999981e+12 5.599999999999981e+12 5.599999999999981e+12 5.599999999999981e+12 5.599999999999981e+12 5.599999999999981e+12 5.599999999999981e+12 5.599999999999981e+12 5.599999999999981e+12 5.599999999999981e+12
 5.599999999999981e+12 5.599999999999981e+12 5.599999999999981e+12 5.599999999999981e+12 5.599999999999981e+12 5.599999999999981e+12 5.599999999999981e+12 5.599999999999981e+12 5.599999999999981e+12 5.599999999999981e+12
 5.599999999999981e+12 5.599999999999981e+12 5.599999999999981e+12 5.599999999999981e+12 5.599999999999981e+12 5.599999999999981e+12 5.599999999999981e+12 5.599999999999981e+12 5.599999999999981e+12 5.599999999999981e+12
 5.599999999999981e+12 5.599999999999981e+12 5.599999999999981e+12 5.599999999999981e+12 5.599999999999981e+12 5.599999999999981e+12 5.599999999999981e+12 5.599999999999981e+12 5.599999999999981e+12 5.599999999999981e+12
 5.599999999999981e+12 5.599999999999981e+12 5.599999999999981e+12 5.599999999999981e+12 5.599999999999981e+12 5.599999999999981e+12 5.599999999999981e+12 5.599999999999981e+12 5.599999999999981e+12 5.599999999999981e+12
 5.599999999999981e+12 5.599999999999981e+12 5.599999999999981e+12 5.599999999999981e+12 5.599999999999981e+12 5.599999999999981e+12 5.599999999999981e+12 5.599999999999981e+12 5.599999999999981e+12 5.599999999999981e+12
 5.599999999999981e+12 5.599999999999981e+12 5.599999999999981e+12 5.599999999999981e+12 5.599999999999981e+12 5.599999999999981e+12 5.599999999999981e+12 5.599999999999981e+12 5.599999999999981e+12 5.599999999999981e+12
 5.599999999999981e+12 5.599999999999981e+12 5.599999999999981e+12 5.599999999999981e+12 5.599999999999981e+12 5.599999999999981e+12 5.599999999999981e+12 5.599999999999981e+12 5.599999999999981e+12 5.599999999999981e+12
 5.599999999999981e+12 5.599999999999981e+12 5.599999999999981e+12 5.599999999999981e+12 5.599999999999981e+12 5.599999999999981e+12 5.599999999999981e+12 1.000000560000002e+19 5.599999999999981e+12 1.000000560000002e+19
 5.599999999999981e+12 1.000000560000002e+19 5.599999999999981e+12 1.000000560000002e+19 5.599999999999981e+12 5.599999999999981e+12 5.599999999999981e+12 5.599999999999981e+12 5.599999999999981e+12 5.599999999999981e+12
 5.599999999999981e+12 5.599999999999981e+12 5.599999999999981e+12 5.599999999999981e+12 5.599999999999981e+12 5.599999999999981e+12 5.599999999999981e+12 5.599999999999981e+12 5.599999999999981e+12 5.599999999999981e+12
 5.599999999999981e+12 1.000000560000002e+19 5.599999999999981e+12 1.000000560000002e+19 5.599999999999981e+12 1.000000560000002e+19 5.599999999999981e+12 1.000000560000002e+19 5.599999999999981e+12 5.599999999999981e+12
 5.599999999999981e+12 5.599999999999981e+12 5.599999999999981e+12 5.599999999999981e+12 5.599999999999981e+12 5.599999999999981e+12 5.599999999999981e+12 5.599999999999981e+12 5.599999999999981e+12 5.599999999999981e+12
 5.599999999999981e+12 5.599999999999981e+12 5.599999999999981e+12 5.599999999999981e+12 5.599999999999981e+12 1.000000560000002e+19 5.599999999999981e+12 1.000000560000002e+19 5.599999999999981e+12 1.000000560000002e+19
 5.599999999999981e+12 1.000000560000002e+19 5.599999999999981e+12 5.599999999999981e+12 5.599999999999981e+12 5.599999999999981e+12 5.599999999999981e+12 5.599999999999981e+12 5.599999999999981e+12 5.599999999999981e+12
 5.599999999999981e+12 5.599999999999981e+12 5.599999999999981e+12 5.599999999999981e+12 5.599999999999981e+12 5.599999999999981e+12 5.599999999999981e+12 5.599999999999981e+12 5.599999999999981e+12 1.000000560000002e+19
 5.599999999999981e+12 1.000000560000002e+19 5.599999999999981e+12 1.000000560000002e+19 5.599999999999981e+12 1.000000560000002e+19 5.599999999999981e+12 5.599999999999981e+12 5.599999999999981e+12 5.599999999999981e+12
 5.599999999999981e+12 5.599999999999981e+12 5.599999999999981e+12 5.599999999999981e+12 5.599999999999981e+12 5.599999999999981e+12 5.599999999999981e+12 5.599999999999981e+12 5.599999999999981e+12 5.599999999999981e+12
 5.599999999999981e+12 5.599999999999981e+12 5.599999999999981e+12 1.000000560000002e+19 5.599999999999981e+12 1.000000560000002e+19 5.599999999999981e+12 1.000000560000002e+19 5.599999999999981e+12 1.000000560000002e+19
 5.599999999999981e+12 5.599999999999981e+12 5.599999999999981e+12 5.599999999999981e+12 5.599999999999981e+12 5.599999999999981e+12 5.599999999999981e+12 5.599999999999981e+12 5.599999999999981e+12 5.599999999999981e+12
 5.599999999999981e+12 5.599999999999981e+12 5.599999999999981e+12 5.599999999999981e+12 5.599999999999981e+12 5.599999999999981e+12 5.599999999999981e+12 1.000000560000002e+19 5.599999999999981e+12 1.000000560000002e+19
 5.599999999999981e+12 1.000000560000002e+19 5.599999999999981e+12 1.000000560000002e+19 5.599999999999981e+12 5.599999999999981e+12 5.599999999999981e+12 5.599999999999981e+12 5.599999999999981e+12 5.599999999999981e+12
 5.599999999999981e+12 5.599999999999981e+12 5.599999999999981e+12 5.599999999999981e+12 5.599999999999981e+12 5.599999999999981e+12 5.599999999999981e+12 5.599999999999981e+12 5.599999999999981e+12 5.599999999999981e+12
 5.599999999999981e+12 1.000000560000002e+19 5.599999999999981e+12 1.000000560000002e+19 5.599999999999981e+12 1.000000560000002e+19 5.599999999999981e+12 1.000000560000002e+19 5.599999999999981e+12 5.599999999999981e+12
 5.599999999999981e+12 5.599999999999981e+12 5.599999999999981e+12 5.599999999999981e+12 5.599999999999981e+12 5.599999999999981e+12 5.599999999999981e+12 5.599999999999981e+12 5.599999999999981e+12 5.599999999999981e+12
 5.599999999999981e+12 5.599999999999981e+12 5.599999999999981e+12 5.599999999999981e+12 5.599999999999981e+12 1.000000560000002e+19 5.599999999999981e+12 1.000000560000002e+19 5.599999999999981e+12 1.000000560000002e+19
 5.599999999999981e+12 1.000000560000002e+19 -9.999994400000018e+18 5.599999999999981e+12 -9.999994400000018e+18 5.599999999999981e+12 5.599999999999981e+12 5.599999999999981e+12 5.599999999999981e+12 5.599999999999981e+12
 5.599999999999981e+12 5.599999999999981e+12 5.599999999999981e+12 5.599999999999981e+12 5.599999999999981e+12 5.599999999999981e+12 5.599999999999981e+12 5.599999999999981e+12 5.599999999999981e+12 5.599999999999981e+12
 5.599999999999981e+12 5.599999999999981e+12 5.599999999999981e+12 5.599999999999981e+12 5.599999999999981e+12 5.599999999999981e+12 5.599999999999981e+12 5.599999999999981e+12 5.599999999999981e+12 5.599999999999981e+12
 5.599999999999981e+12 5.599999999999981e+12 5.599999999999981e+12 5.599999999999981e+12 5.599999999999981e+12 5.599999999999981e+12 5.599999999999981e+12 5.599999999999981e+12 5.599999999999981e+12 5.599999999999981e+12
 5.599999999999981e+12 5.599999999999981e+12 5.599999999999981e+12 5.599999999999981e+12 5.599999999999981e+12 5.599999999999981e+12 5.599999999999981e+12 5.599999999999981e+12 5.599999999999981e+12 5.599999999999981e+12
 5.599999999999981e+12 5.599999999999981e+12 5.599999999999981e+12 5.599999999999981e+12 5.599999999999981e+12 5.599999999999981e+12 5.599999999999981e+12 5.599999999999981e+12 5.599999999999981e+12 5.599999999999981e+12
 5.599999999999981e+12 5.599999999999981e+12 5.599999999999981e+12 5.599999999999981e+12 5.599999999999981e+12 5.599999999999981e+12 5.599999999999981e+12 5.599999999999981e+12 5.599999999999981e+12 5.599999999999981e+12
 5.599999999999981e+12 5.599999999999981e+12 -9.999994400000018e+18 5.599999999999981e+12 -9.999994400000018e+18 5.599999999999981e+12 5.599999999999981e+12 5.599999999999981e+12 5.599999999999981e+12 5.599999999999981e+12
 5.599999999999981e+12 5.599999999999981e+12 5.599999999999981e+12 5.599999999999981e+12 5.599999999999981e+12 5.599999999999981e+12 5.599999999999981e+12 5.599999999999981e+12 5.599999999999981e+12 5.599999999999981e+12
 5.599999999999981e+12 5.599999999999981e+12 5.599999999999981e+12 5.599999999999981e+12 5.599999999999981e+12 5.599999999999981e+12 5.599999999999981e+12 5.599999999999981e+12 5.599999999999981e+12 5.599999999999981e+12
 5.599999999999981e+12 5.599999999999981e+12 5.599999999999981e+12 5.599999999999981e+12 5.599999999999981e+12 5.599999999999981e+12 5.599999999999981e+12 5.599999999999981e+12 5.599999999999981e+12 5.599999999999981e+12
 5.599999999999981e+12 5.599999999999981e+12 5.599999999999981e+12 5.599999999999981e+12 5.599999999999981e+12 5.599999999999981e+12 5.599999999999981e+12 5.599999999999981e+12 5.599999999999981e+12 5.599999999999981e+12
 5.599999999999981e+12 5.599999999999981e+12 5.599999999999981e+12 5.599999999999981e+12 5.599999999999981e+12 5.599999999999981e+12 5.599999999999981e+12 5.599999999999981e+12 5.599999999999981e+12 5.599999999999981e+12
 5.599999999999981e+12 5.599999999999981e+12 5.599999999999981e+12 5.599999999999981e+12 5.599999999999981e+12 5.599999999999981e+12 5.599999999999981e+12 5.599999999999981e+12 5.599999999999981e+12 5.599999999999981e+12
 5.599999999999981e+12 5.599999999999981e+12 -9.999994400000018e+18 5.599999999999981e+12 -9.999994400000018e+18 5.599999999999981e+12 5.599999999999981e+12 5.599999999999981e+12 5.599999999999981e+12 5.599999999999981e+12
 5.599999999999981e+12 5.599999999999981e+12 5.599999999999981e+12 5.599999999999981e+12 5.599999999999981e+12 5.599999999999981e+12 5.599999999999981e+12 5.599999999999981e+12 5.599999999999981e+12 5.599999999999981e+12
 5.599999999999981e+12 5.599999999999981e+12 5.599999999999981e+12 5.599999999999981e+12 5.599999999999981e+12 5.599999999999981e+12 5.599999999999981e+12 5.599999999999981e+12 5.599999999999981e+12 5.599999999999981e+12
 5.599999999999981e+12 5.599999999999981e+12 5.599999999999981e+12 5.599999999999981e+12 5.599999999999981e+12 5.599999999999981e+12 5.599999999999981e+12 5.599999999999981e+12 5.599999999999981e+12 5.599999999999981e+12
 5.599999999999981e+12 5.599999999999981e+12 5.599999999999981e+12 5.599999999999981e+12 5.599999999999981e+12 5.599999999999981e+12 5.599999999999981e+12 5.599999999999981e+12 5.599999999999981e+12 5.599999999999981e+12
 5.599999999999981e+12 5.599999999999981e+12 5.599999999999981e+12 5.599999999999981e+12 5.599999999999981e+12 5.599999999999981e+12 5.599999999999981e+12 5.599999999999981e+12 5.599999999999981e+12 5.599999999999981e+12
 5.599999999999981e+12 5.599999999999981e+12 5.599999999999981e+12 5.599999999999981e+12 5.599999999999981e+12 5.599999999999981e+12 5.599999999999981e+12 5.599999999999981e+12 5.599999999999981e+12 5.599999999999981e+12
 5.599999999999981e+12 5.599999999999981e+12 -9.999994400000018e+18 5.599999999999981e+12 -9.999994400000018e+18 5.599999999999981e+12 5.599999999999981e+12 5.599999999999981e+12 5.599999999999981e+12 5.599999999999981e+12
 5.599999999999981e+12 5.599999999999981e+12 5.599999999999981e+12 5.599999999999981e+12 5.599999999999981e+12 5.599999999999981e+12 5.599999999999981e+12 5.599999999999981e+12 5.599999999999981e+12 5.599999999999981e+12
 5.599999999999981e+12 5.599999999999981e+12 5.599999999999981e+12 5.599999999999981e+12 5.599999999999981e+12 5.599999999999981e+12 5.599999999999981e+12 5.599999999999981e+12 5.599999999999981e+12 5.599999999999981e+12
 5.599999999999981e+12 5.599999999999981e+12 5.599999999999981e+12 5.599999999999981e+12 5.599999999999981e+12 5.599999999999981e+12 5.599999999999981e+12 5.599999999999981e+12 5.599999999999981e+12 5.599999999999981e+12
 5.599999999999981e+12 5.599999999999981e+12 5.599999999999981e+12 5.599999999999981e+12 5.599999999999981e+12 5.599999999999981e+12 5.599999999999981e+12 5.599999999999981e+12 5.599999999999981e+12 5.599999999999981e+12
 5.599999999999981e+12 5.599999999999981e+12 5.599999999999981e+12 5.599999999999981e+12 5.599999999999981e+12 5.599999999999981e+12 5.599999999999981e+12 5.599999999999981e+12 5.599999999999981e+12 5.599999999999981e+12
 5.599999999999981e+12 5.599999999999981e+12 5.599999999999981e+12 5.599999999999981e+12 5.599999999999981e+12 5.599999999999981e+12 5.599999999999981e+12 5.599999999999981e+12 5.599999999999981e+12 5.599999999999981e+12
 5.599999999999981e+12 5.599999999999981e+12 -9.999994400000018e+18 5.599999999999981e+12 -9.999994400000018e+18 5.599999999999981e+12 5.599999999999981e+12 5.599999999999981e+12 5.599999999999981e+12 5.599999999999981e+12
 5.599999999999981e+12 5.599999999999981e+12 5.599999999999981e+12 5.599999999999981e+12 5.599999999999981e+12 5.599999999999981e+12 5.599999999999981e+12 5.599999999999981e+12 5.599999999999981e+12 5.599999999999981e+12
 5.599999999999981e+12 5.599999999999981e+12 5.599999999999981e+12 5.599999999999981e+12 5.599999999999981e+12 5.599999999999981e+12 5.599999999999981e+12 5.599999999999981e+12 5.599999999999981e+12 5.599999999999981e+12
 5.599999999999981e+12 5.599999999999981e+12 5.599999999999981e+12 5.599999999999981e+12 5.599999999999981e+12 5.599999999999981e+12 5.599999999999981e+12 5.599999999999981e+12 5.599999999999981e+12 5.599999999999981e+12
 5.599999999999981e+12 5.599999999999981e+12 5.599999999999981e+12 5.599999999999981e+12 5.599999999999981e+12 5.599999999999981e+12 5.599999999999981e+12 5.599999999999981e+12 5.599999999999981e+12 5.599999999999981e+12
 5.599999999999981e+12 5.599999999999981e+12 5.599999999999981e+12 5.599999999999981e+12 5.599999999999981e+12 5.599999999999981e+12 5.599999999999981e+12 5.599999999999981e+12 5.599999999999981e+12 5.599999999999981e+12
 5.599999999999981e+12 5.599999999999981e+12 5.599999999999981e+12 5.599999999999981e+12 5.599999999999981e+12 5.599999999999981e+12 5.599999999999981e+12 5.599999999999981e+12 5.599999999999981e+12 5.599999999999981e+12
 5.599999999999981e+12 5.599999999999981e+12 -9.999994400000018e+18 5.599999999999981e+12 -9.999994400000018e+18 5.599999999999981e+12 5.599999999999981e+12 5.599999999999981e+12 5.599999999999981e+12 5.599999999999981e+12
 5.599999999999981e+12 5.599999999999981e+12 5.599999999999981e+12 5.599999999999981e+12 5.599999999999981e+12 5.599999999999981e+12 5.599999999999981e+12 5.599999999999981e+12 5.599999999999981e+12 5.599999999999981e+12
 5.599999999999981e+12 5.599999999999981e+12 5.599999999999981e+12 5.599999999999981e+12 5.599999999999981e+12 5.599999999999981e+12 5.599999999999981e+12 5.599999999999981e+12 5.599999999999981e+12 5.599999999999981e+12
 5.599999999999981e+12 5.599999999999981e+12 5.599999999999981e+12 5.599999999999981e+12 5.599999999999981e+12 5.599999999999981e+12 5.599999999999981e+12 5.599999999999981e+12 5.599999999999981e+12 5.599999999999981e+12
 5.599999999999981e+12 5.599999999999981e+12 5.599999999999981e+12 5.599999999999981e+12 5.599999999999981e+12 5.599999999999981e+12 5.599999999999981e+12 5.599999999999981e+12 5.599999999999981e+12 5.599999999999981e+12
 5.599999999999981e+12 5.599999999999981e+12 5.599999999999981e+12 5.599999999999981e+12 5.599999999999981e+12 5.599999999999981e+12 5.599999999999981e+12 5.599999999999981e+12 5.599999999999981e+12 5.599999999999981e+12
 5.599999999999981e+12 5.599999999999981e+12 5.599999999999981e+12 5.599999999999981e+12 5.599999999999981e+12 5.599999999999981e+12 5.599999999999981e+12 5.599999999999981e+12 5.599999999999981e+12 5.599999999999981e+12
 5.599999999999981e+12 5.599999999999981e+12 -9.999994400000018e+18 5.599999999999981e+12 -9.999994400000018e+18 5.599999999999981e+12 5.599999999999981e+12 5.599999999999981e+12 5.599999999999981e+12 5.599999999999981e+12
 5.599999999999981e+12 5.599999999999981e+12 5.599999999999981e+12 5.599999999999981e+12 5.599999999999981e+12 5.599999999999981e+12 5.599999999999981e+12 5.599999999999981e+12 5.599999999999981e+12 5.599999999999981e+12
 5.599999999999981e+12 5.599999999999981e+12 5.599999999999981e+12 5.599999999999981e+12 5.599999999999981e+12 5.599999999999981e+12 5.599999999999981e+12 5.599999999999981e+12 5.599999999999981e+12 5.599999999999981e+12
 5.599999999999981e+12 5.599999999999981e+12 5.599999999999981e+12 5.599999999999981e+12 5.599999999999981e+12 5.599999999999981e+12 5.599999999999981e+12 5.599999999999981e+12 5.599999999999981e+12 5.599999999999981e+12
 5.599999999999981e+12 5.599999999999981e+12 5.599999999999981e+12 5.599999999999981e+12 5.599999999999981e+12 5.599999999999981e+12 5.599999999999981e+12 5.599999999999981e+12 5.599999999999981e+12 5.599999999999981e+12
 5.599999999999981e+12 5.599999999999981e+12 5.599999999999981e+12 5.599999999999981e+12 5.599999999999981e+12 5.599999999999981e+12 5.599999999999981e+12 5.599999999999981e+12 5.599999999999981e+12 5.599999999999981e+12
 5.599999999999981e+12 5.599999999999981e+12 5.599999999999981e+12 5.599999999999981e+12 5.599999999999981e+12 5.599999999999981e+12 5.599999999999981e+12 5.599999999999981e+12 5.599999999999981e+12 5.599999999999981e+12
 5.599999999999981e+12 5.599999999999981e+12 -9.999994400000018e+18 5.599999999999981e+12 -9.999994400000018e+18 5.599999999999981e+12 5.599999999999981e+12 5.599999999999981e+12 5.599999999999981e+12 5.599999999999981e+12
 5.599999999999981e+12 5.599999999999981e+12 5.599999999999981e+12 5.599999999999981e+12 5.599999999999981e+12 5.599999999999981e+12 5.599999999999981e+12 5.599999999999981e+12 5.599999999999981e+12 5.599999999999981e+12
 5.599999999999981e+12 5.599999999999981e+12 5.599999999999981e+12 5.599999999999981e+12 5.599999999999981e+12 5.599999999999981e+12 5.599999999999981e+12 5.599999999999981e+12 5.599999999999981e+12 5.599999999999981e+12
 5.599999999999981e+12 5.599999999999981e+12 5.599999999999981e+12 5.599999999999981e+12 5.599999999999981e+12 5.599999999999981e+12 5.599999999999981e+12 5.599999999999981e+12 5.599999999999981e+12 5.599999999999981e+12
 5.599999999999981e+12 5.599999999999981e+12 5.599999999999981e+12 5.599999999999981e+12 5.599999999999981e+12 5.599999999999981e+12 5.599999999999981e+12 5.599999999999981e+12 5.599999999999981e+12 5.599999999999981e+12
 5.599999999999981e+12 5.599999999999981e+12 5.599999999999981e+12 5.599999999999981e+12 5.599999999999981e+12 5.599999999999981e+12 5.599999999999981e+12 5.599999999999981e+12 5.599999999999981e+12 5.599999999999981e+12
 5.599999999999981e+12 5.599999999999981e+12 5.599999999999981e+12 5.599999999999981e+12 5.599999999999981e+12 5.599999999999981e+12 5.599999999999981e+12 5.599999999999981e+12 5.599999999999981e+12 5.599999999999981e+12
 5.599999999999981e+12 5.599999999999981e+12 5.599999999999981e+12 5.599999999999981e+12 5.599999999999981e+12 5.599999999999981e+12 5.599999999999981e+12 5.599999999999981e+12 5.599999999999981e+12 5.599999999999981e+12
 5.599999999999981e+12 5.599999999999981e+12 5.599999999999981e+12 5.599999999999981e+12 5.599999999999981e+12 5.599999999999981e+12 5.599999999999981e+12 5.599999999999981e+12 5.599999999999981e+12 5.599999999999981e+12
 5.599999999999981e+12 5.599999999999981e+12 5.599999999999981e+12 5.599999999999981e+12 5.599999999999981e+12 5.599999999999981e+12 5.599999999999981e+12 5.599999999999981e+12 5.599999999999981e+12 5.599999999999981e+12
 5.599999999999981e+12 5.599999999999981e+12 5.599999999999981e+12 5.599999999999981e+12 5.599999999999981e+12 5.599999999999981e+12 5.599999999999981e+12 5.599999999999981e+12 5.599999999999981e+12 5.599999999999981e+12
 5.599999999999981e+12 5.599999999999981e+12 5.599999999999981e+12 5.599999999999981e+12 5.599999999999981e+12 5.599999999999981e+12 5.599999999999981e+12 5.599999999999981e+12 5.599999999999981e+12 5.599999999999981e+12
 5.599999999999981e+12 5.599999999999981e+12 5.599999999999981e+12 5.599999999999981e+12 5.599999999999981e+12 5.599999999999981e+12 5.599999999999981e+12 5.599999999999981e+12 5.599999999999981e+12 5.599999999999981e+12
 5.599999999999981e+12 5.599999999999981e+12 5.599999999999981e+12 5.599999999999981e+12 5.599999999999981e+12 5.599999999999981e+12 5.599999999999981e+12 5.599999999999981e+12 5.599999999999981e+12 5.599999999999981e+12
 5.599999999999981e+12 5.599999999999981e+12 5.599999999999981e+12 5.599999999999981e+12 5.599999999999981e+12 5.599999999999981e+12 5.599999999999981e+12 5.599999999999981e+12 5.599999999999981e+12 5.599999999999981e+12
 5.599999999999981e+12 5.599999999999981e+12 5.599999999999981e+12 5.599999999999981e+12 5.599999999999981e+12 5.599999999999981e+12 5.599999999999981e+12 5.599999999999981e+12 5.599999999999981e+12 5.599999999999981e+12
 5.599999999999981e+12 5.599999999999981e+12 5.599999999999981e+12 5.599999999999981e+12 5.599999999999981e+12 5.599999999999981e+12 5.599999999999981e+12 5.599999999999981e+12 5.599999999999981e+12 5.599999999999981e+12
 5.599999999999981e+12 5.599999999999981e+12 5.599999999999981e+12 5.599999999999981e+12 5.599999999999981e+12 5.599999999999981e+12 5.599999999999981e+12 5.599999999999981e+12 5.599999999999981e+12 5.599999999999981e+12
 5.599999999999981e+12 5.599999999999981e+12 5.599999999999981e+12 5.599999999999981e+12 5.599999999999981e+12 5.599999999999981e+12 5.599999999999981e+12 5.599999999999981e+12 5.599999999999981e+12 5.599999999999981e+12
 5.599999999999981e+12 5.599999999999981e+12 5.599999999999981e+12 5.599999999999981e+12 5.599999999999981e+12 5.599999999999981e+12 5.599999999999981e+12 5.599999999999981e+12 5.599999999999981e+12 5.599999999999981e+12
 5.599999999999981e+12 5.599999999999981e+12 5.599999999999981e+12 5.599999999999981e+12 5.599999999999981e+12 5.599999999999981e+12 5.599999999999981e+12 5.599999999999981e+12 5.599999999999981e+12 5.599999999999981e+12
 5.599999999999981e+12 5.599999999999981e+12 5.599999999999981e+12 5.599999999999981e+12 5.599999999999981e+12 5.599999999999981e+12 5.599999999999981e+12 5.599999999999981e+12 5.599999999999981e+12 5.599999999999981e+12
 5.599999999999981e+12 5.599999999999981e+12 5.599999999999981e+12 5.599999999999981e+12 5.599999999999981e+12 5.599999999999981e+12 5.599999999999981e+12 5.599999999999981e+12 5.599999999999981e+12 5.599999999999981e+12
 5.599999999999981e+12 5.599999999999981e+12 5.599999999999981e+12 5.599999999999981e+12 5.599999999999981e+12 5.599999999999981e+12 5.599999999999981e+12 5.599999999999981e+12 5.599999999999981e+12 5.599999999999981e+12
 5.599999999999981e+12 5.599999999999981e+12 5.599999999999981e+12 5.599999999999981e+12 5.599999999999981e+12 5.599999999999981e+12 5.599999999999981e+12 5.599999999999981e+12 5.599999999999981e+12 5.599999999999981e+12
 5.599999999999981e+12 5.599999999999981e+12 5.599999999999981e+12 5.599999999999981e+12 5.599999999999981e+12 5.599999999999981e+12 5.599999999999981e+12 5.599999999999981e+12 5.599999999999981e+12 5.599999999999981e+12
 5.599999999999981e+12 5.599999999999981e+12 5.599999999999981e+12 5.599999999999981e+12 5.599999999999981e+12 5.599999999999981e+12 5.599999999999981e+12 5.599999999999981e+12 5.599999999999981e+12 5.599999999999981e+12
 5.599999999999981e+12 5.599999999999981e+12 5.599999999999981e+12 5.599999999999981e+12 5.599999999999981e+12 5.599999999999981e+12 5.599999999999981e+12 5.599999999999981e+12 5.599999999999981e+12 5.599999999999981e+12
 5.599999999999981e+12 5.599999999999981e+12 5.599999999999981e+12 5.599999999999981e+12 5.599999999999981e+12 5.599999999999981e+12 5.599999999999981e+12 5.599999999999981e+12 5.599999999999981e+12 5.599999999999981e+12
 5.599999999999981e+12 5.599999999999981e+12 5.599999999999981e+12 5.599999999999981e+12 5.599999999999981e+12 5.599999999999981e+12 5.599999999999981e+12 5.599999999999981e+12 5.599999999999981e+12 5.599999999999981e+12
 5.599999999999981e+12 5.599999999999981e+12 5.599999999999981e+12 5.599999999999981e+12 5.599999999999981e+12 5.599999999999981e+12 5.599999999999981e+12 5.599999999999981e+12 5.599999999999981e+12 5.599999999999981e+12
 5.599999999999981e+12 5.599999999999981e+12 5.599999999999981e+12 5.599999999999981e+12 5.599999999999981e+12 5.599999999999981e+12 5.599999999999981e+12 5.599999999999981e+12 5.599999999999981e+12 5.599999999999981e+12
 5.599999999999981e+12 5.599999999999981e+12 5.599999999999981e+12 5.599999999999981e+12 5.599999999999981e+12 5.599999999999981e+12 5.599999999999981e+12 5.599999999999981e+12 5.599999999999981e+12 5.599999999999981e+12
 5.599999999999981e+12 5.599999999999981e+12 5.599999999999981e+12 5.599999999999981e+12 5.599999999999981e+12 5.599999999999981e+12 5.599999999999981e+12 5.599999999999981e+12 5.599999999999981e+12 5.599999999999981e+12
 5.599999999999981e+12 5.599999999999981e+12 5.599999999999981e+12 5.599999999999981e+12 5.599999999999981e+12 5.599999999999981e+12 5.599999999999981e+12 5.599999999999981e+12 5.599999999999981e+12 5.599999999999981e+12
 5.599999999999981e+12 5.599999999999981e+12 5.599999999999981e+12 5.599999999999981e+12 5.599999999999981e+12 5.599999999999981e+12 5.599999999999981e+12 5.599999999999981e+12 5.599999999999981e+12 5.599999999999981e+12
 5.599999999999981e+12 5.599999999999981e+12 5.599999999999981e+12 5.599999999999981e+12 5.599999999999981e+12 5.599999999999981e+12 5.599999999999981e+12 5.599999999999981e+12 5.599999999999981e+12 5.599999999999981e+12
 5.599999999999981e+12 5.599999999999981e+12 5.599999999999981e+12 5.599999999999981e+12 5.599999999999981e+12 5.599999999999981e+12 5.599999999999981e+12 5.599999999999981e+12 5.599999999999981e+12 5.599999999999981e+12
 5.599999999999981e+12 5.599999999999981e+12 5.599999999999981e+12 5.599999999999981e+12 5.599999999999981e+12 5.599999999999981e+12 5.599999999999981e+12 5.599999999999981e+12 5.599999999999981e+12 5.599999999999981e+12
 5.599999999999981e+12 5.599999999999981e+12 5.599999999999981e+12 5.599999999999981e+12 5.599999999999981e+12 5.599999999999981e+12 5.599999999999981e+12 5.599999999999981e+12 5.599999999999981e+12 5.599999999999981e+12
 5.599999999999981e+12 5.599999999999981e+12 5.599999999999981e+12 5.599999999999981e+12 5.599999999999981e+12 5.599999999999981e+12 5.599999999999981e+12 5.599999999999981e+12 5.599999999999981e+12 5.599999999999981e+12
 5.599999999999981e+12 5.599999999999981e+12 5.599999999999981e+12 5.599999999999981e+12 5.599999999999981e+12 5.599999999999981e+12 5.599999999999981e+12 5.599999999999981e+12 5.599999999999981e+12 5.599999999999981e+12
 5.599999999999981e+12 5.599999999999981e+12 5.599999999999981e+12 5.599999999999981e+12 5.599999999999981e+12 5.599999999999981e+12 5.599999999999981e+12 5.599999999999981e+12 5.599999999999981e+12 5.599999999999981e+12
 5.599999999999981e+12 5.599999999999981e+12 5.599999999999981e+12 5.599999999999981e+12 5.599999999999981e+12 5.599999999999981e+12 5.599999999999981e+12 5.599999999999981e+12 5.599999999999981e+12 5.599999999999981e+12
 5.599999999999981e+12 5.599999999999981e+12 5.599999999999981e+12 5.599999999999981e+12 5.599999999999981e+12 5.599999999999981e+12 5.599999999999981e+12 5.599999999999981e+12 5.599999999999981e+12 5.599999999999981e+12
 5.599999999999981e+12 5.599999999999981e+12 5.599999999999981e+12 5.599999999999981e+12 5.599999999999981e+12 5.599999999999981e+12 5.599999999999981e+12 5.599999999999981e+12 5.599999999999981e+12 5.599999999999981e+12
 5.599999999999981e+12 5.599999999999981e+12 5.599999999999981e+12 5.599999999999981e+12 5.599999999999981e+12 5.599999999999981e+12 5.599999999999981e+12 5.599999999999981e+12 5.599999999999981e+12 5.599999999999981e+12
 5.599999999999981e+12 5.599999999999981e+12 5.599999999999981e+12 5.599999999999981e+12 5.599999999999981e+12 5.599999999999981e+12 5.599999999999981e+12 5.599999999999981e+12 5.599999999999981e+12 5.599999999999981e+12
 5.599999999999981e+12 5.599999999999981e+12 5.599999999999981e+12 5.599999999999981e+12 5.599999999999981e+12 5.599999999999981e+12 5.599999999999981e+12 5.599999999999981e+12 5.599999999999981e+12 5.599999999999981e+12
 5.599999999999981e+12 5.599999999999981e+12 5.599999999999981e+12 5.599999999999981e+12 5.599999999999981e+12 5.599999999999981e+12 5.599999999999981e+12 5.599999999999981e+12 5.599999999999981e+12 5.599999999999981e+12
 5.599999999999981e+12 5.599999999999981e+12 5.599999999999981e+12 5.599999999999981e+12 5.599999999999981e+12 5.599999999999981e+12 5.599999999999981e+12 5.599999999999981e+12 5.599999999999981e+12 5.599999999999981e+12
 5.599999999999981e+12 5.599999999999981e+12 5.599999999999981e+12 5.599999999999981e+12 5.599999999999981e+12 5.599999999999981e+12 5.599999999999981e+12 5.599999999999981e+12 5.599999999999981e+12 5.599999999999981e+12
 5.599999999999981e+12 1.000000560000002e+19 5.599999999999981e+12 1.000000560000002e+19 5.599999999999981e+12 1.000000560000002e+19 5.599999999999981e+12 1.000000560000002e+19 5.599999999999981e+12 5.599999999999981e+12
 5.599999999999981e+12 5.599999999999981e+12 5.599999999999981e+12 5.599999999999981e+12 5.599999999999981e+12 5.599999999999981e+12 5.599999999999981e+12 5.599999999999981e+12 5.599999999999981e+12 5.599999999999981e+12
 5.599999999999981e+12 5.599999999999981e+12 5.599999999999981e+12 5.599999999999981e+12 5.599999999999981e+12 1.000000560000002e+19 5.599999999999981e+12 1.000000560000002e+19 5.599999999999981e+12 1.000000560000002e+19
 5.599999999999981e+12 1.000000560000002e+19 5.599999999999981e+12 5.599999999999981e+12 5.599999999999981e+12 5.599999999999981e+12 5.599999999999981e+12 5.599999999999981e+12 5.599999999999981e+12 5.599999999999981e+12
 5.599999999999981e+12 5.599999999999981e+12 5.599999999999981e+12 5.599999999999981e+12 5.599999999999981e+12 5.599999999999981e+12 5.599999999999981e+12 5.599999999999981e+12 5.599999999999981e+12 1.000000560000002e+19
 5.599999999999981e+12 1.000000560000002e+19 5.599999999999981e+12 1.000000560000002e+19 5.599999999999981e+12 1.000000560000002e+19 5.599999999999981e+12 5.599999999999981e+12 5.599999999999981e+12 5.599999999999981e+12
 5.599999999999981e+12 5.599999999999981e+12 5.599999999999981e+12 5.599999999999981e+12 5.599999999999981e+12 5.599999999999981e+12 5.599999999999981e+12 5.599999999999981e+12 5.599999999999981e+12 5.599999999999981e+12
 5.599999999999981e+12 5.599999999999981e+12 5.599999999999981e+12 1.000000560000002e+19 5.599999999999981e+12 1.000000560000002e+19 5.599999999999981e+12 1.000000560000002e+19 5.599999999999981e+12 1.000000560000002e+19
 -9.999994400000018e+18 5.599999999999981e+12 -9.999994400000018e+18 5.599999999999981e+12 5.599999999999981e+12 5.599999999999981e+12 5.599999999999981e+12 5.599999999999981e+12 5.599999999999981e+12 5.599999999999981e+12
 5.599999999999981e+12 5.599999999999981e+12 5.599999999999981e+12 5.599999999999981e+12 5.599999999999981e+12 5.599999999999981e+12 5.599999999999981e+12 5.599999999999981e+12 5.599999999999981e+12 5.599999999999981e+12
 5.599999999999981e+12 5.599999999999981e+12 5.599999999999981e+12 5.599999999999981e+12 5.599999999999981e+12 5.599999999999981e+12 5.599999999999981e+12 5.599999999999981e+12 5.599999999999981e+12 5.599999999999981e+12
 5.599999999999981e+12 5.599999999999981e+12 5.599999999999981e+12 5.599999999999981e+12 5.599999999999981e+12 5.599999999999981e+12 5.599999999999981e+12 5.599999999999981e+12 5.599999999999981e+12 5.599999999999981e+12
 5.599999999999981e+12 5.599999999999981e+12 5.599999999999981e+12 5.599999999999981e+12 5.599999999999981e+12 5.599999999999981e+12 5.599999999999981e+12 5.599999999999981e+12 5.599999999999981e+12 5.599999999999981e+12
 5.599999999999981e+12 5.599999999999981e+12 5.599999999999981e+12 5.599999999999981e+12 5.599999999999981e+12 5.599999999999981e+12 5.599999999999981e+12 5.599999999999981e+12 5.599999999999981e+12 5.599999999999981e+12
 5.599999999999981e+12 5.599999999999981e+12 5.599999999999981e+12 5.599999999999981e+12 5.599999999999981e+12 5.599999999999981e+12 5.599999999999981e+12 5.599999999999981e+12 5.599999999999981e+12 5.599999999999981e+12
 -9.999994400000018e+18 5.599999999999981e+12 -9.999994400000018e+18 5.599999999999981e+12 5.599999999999981e+12 5.599999999999981e+12 5.599999999999981e+12 5.599999999999981e+12 5.599999999999981e+12 5.599999999999981e+12
 5.599999999999981e+12 5.599999999999981e+12 5.599999999999981e+12 5.599999999999981e+12 5.599999999999981e+12 5.599999999999981e+12 5.599999999999981e+12 5.599999999999981e+12 5.599999999999981e+12 5.599999999999981e+12
 5.599999999999981e+12 5.599999999999981e+12 5.599999999999981e+12 5.599999999999981e+12 5.599999999999981e+12 5.599999999999981e+12 5.599999999999981e+12 5.599999999999981e+12 5.599999999999981e+12 5.599999999999981e+12
 5.599999999999981e+12 5.599999999999981e+12 5.599999999999981e+12 5.599999999999981e+12 5.599999999999981e+12 5.599999999999981e+12 5.599999999999981e+12 5.599999999999981e+12 5.599999999999981e+12 5.599999999999981e+12
 5.599999999999981e+12 5.599999999999981e+12 5.599999999999981e+12 5.599999999999981e+12 5.599999999999981e+12 5.599999999999981e+12 5.599999999999981e+12 5.599999999999981e+12 5.599999999999981e+12 5.599999999999981e+12
 5.599999999999981e+12 5.599999999999981e+12 5.599999999999981e+12 5.599999999999981e+12 5.599999999999981e+12 5.599999999999981e+12 5.599999999999981e+12 5.599999999999981e+12 5.599999999999981e+12 5.599999999999981e+12
 5.599999999999981e+12 5.599999999999981e+12 5.599999999999981e+12 5.599999999999981e+12 5.599999999999981e+12 5.599999999999981e+12 5.599999999999981e+12 5.599999999999981e+12 5.599999999999981e+12 5.599999999999981e+12
 -9.999994400000018e+18 5.599999999999981e+12 -9.999994400000018e+18 5.599999999999981e+12 5.599999999999981e+12 5.599999999999981e+12 5.599999999999981e+12 5.599999999999981e+12 5.599999999999981e+12 5.599999999999981e+12
 5.599999999999981e+12 5.599999999999981e+12 5.599999999999981e+12 5.599999999999981e+12 5.599999999999981e+12 5.599999999999981e+12 5.599999999999981e+12 5.599999999999981e+12 5.599999999999981e+12 5.599999999999981e+12
 5.599999999999981e+12 5.599999999999981e+12 5.599999999999981e+12 5.599999999999981e+12 5.599999999999981e+12 5.599999999999981e+12 5.599999999999981e+12 5.599999999999981e+12 5.599999999999981e+12 5.599999999999981e+12
 5.599999999999981e+12 5.599999999999981e+12 5.599999999999981e+12 5.599999999999981e+12 5.599999999999981e+12 5.599999999999981e+12 5.599999999999981e+12 5.599999999999981e+12 5.599999999999981e+12 5.599999999999981e+12
 5.599999999999981e+12 5.599999999999981e+12 5.599999999999981e+12 5.599999999999981e+12 5.599999999999981e+12 5.599999999999981e+12 5.599999999999981e+12 5.599999999999981e+12 5.599999999999981e+12 5.599999999999981e+12
 5.599999999999981e+12 5.599999999999981e+12 5.599999999999981e+12 5.599999999999981e+12 5.599999999999981e+12 5.599999999999981e+12 5.599999999999981e+12 5.599999999999981e+12 5.599999999999981e+12 5.599999999999981e+12
 5.599999999999981e+12 5.599999999999981e+12 5.599999999999981e+12 5.599999999999981e+12 5.599999999999981e+12 5.599999999999981e+12 5.599999999999981e+12 5.599999999999981e+12 5.599999999999981e+12 5.599999999999981e+12
 -9.999994400000018e+18 5.599999999999981e+12 -9.999994400000018e+18 5.599999999999981e+12 5.599999999999981e+12 5.599999999999981e+12 5.599999999999981e+12 5.599999999999981e+12 5.599999999999981e+12 5.599999999999981e+12
 5.599999999999981e+12 5.599999999999981e+12 5.599999999999981e+12 5.599999999999981e+12 5.599999999999981e+12 5.599999999999981e+12 5.599999999999981e+12 5.599999999999981e+12 5.599999999999981e+12 5.599999999999981e+12
 5.599999999999981e+12 5.599999999999981e+12 5.599999999999981e+12 5.599999999999981e+12 5.599999999999981e+12 5.599999999999981e+12 5.599999999999981e+12 5.599999999999981e+12 5.599999999999981e+12 5.599999999999981e+12
 5.599999999999981e+12 5.599999999999981e+12 5.599999999999981e+12 5.599999999999981e+12 5.599999999999981e+12 5.599999999999981e+12 5.599999999999981e+12 5.599999999999981e+12 5.599999999999981e+12 5.599999999999981e+12
 5.599999999999981e+12 5.599999999999981e+12 5.599999999999981e+12 5.599999999999981e+12 5.599999999999981e+12 5.599999999999981e+12 5.599999999999981e+12 5.599999999999981e+12 5.599999999999981e+12 5.599999999999981e+12
 5.599999999999981e+12 5.599999999999981e+12 5.599999999999981e+12 5.599999999999981e+12 5.599999999999981e+12 5.599999999999981e+12 5.599999999999981e+12 5.599999999999981e+12 5.599999999999981e+12 5.599999999999981e+12
 5.599999999999981e+12 5.599999999999981e+12 5.599999999999981e+12 5.599999999999981e+12 5.599999999999981e+12 5.599999999999981e+12 5.599999999999981e+12 5.599999999999981e+12 5.599999999999981e+12 5.599999999999981e+12
 5.599999999999981e+12 5.599999999999981e+12 5.599999999999981e+12 5.599999999999981e+12 5.599999999999981e+12 5.599999999999981e+12 5.599999999999981e+12 5.599999999999981e+12 5.599999999999981e+12 5.599999999999981e+12
 5.599999999999981e+12 5.599999999999981e+12 5.599999999999981e+12 5.599999999999981e+12 5.599999999999981e+12 5.599999999999981e+12 5.599999999999981e+12 5.599999999999981e+12 5.599999999999981e+12 5.599999999999981e+12
 5.599999999999981e+12 5.599999999999981e+12 5.599999999999981e+12 5.599999999999981e+12 5.599999999999981e+12 5.599999999999981e+12 5.599999999999981e+12 5.599999999999981e+12 5.599999999999981e+12 5.599999999999981e+12
 5.599999999999981e+12 5.599999999999981e+12 5.599999999999981e+12 5.599999999999981e+12 5.599999999999981e+12 5.599999999999981e+12 5.599999999999981e+12 5.599999999999981e+12 5.599999999999981e+12 5.599999999999981e+12
 5.599999999999981e+12 5.599999999999981e+12 5.599999999999981e+12 5.599999999999981e+12 5.599999999999981e+12 5.599999999999981e+12 5.599999999999981e+12 5.599999999999981e+12 5.599999999999981e+12 5.599999999999981e+12
 5.599999999999981e+12 5.599999999999981e+12 5.599999999999981e+12 5.599999999999981e+12 5.599999999999981e+12 5.599999999999981e+12 5.599999999999981e+12 5.599999999999981e+12 5.599999999999981e+12 5.599999999999981e+12
 5.599999999999981e+12 5.599999999999981e+12 5.599999999999981e+12 5.599999999999981e+12 5.599999999999981e+12 5.599999999999981e+12 5.599999999999981e+12 5.599999999999981e+12 5.599999999999981e+12 5.599999999999981e+12
 5.599999999999981e+12 5.599999999999981e+12 5.599999999999981e+12 5.599999999999981e+12 5.599999999999981e+12 5.599999999999981e+12 5.599999999999981e+12 5.599999999999981e+12 5.599999999999981e+12 5.599999999999981e+12
 5.599999999999981e+12 5.599999999999981e+12 5.599999999999981e+12 5.599999999999981e+12 5.599999999999981e+12 5.599999999999981e+12 5.599999999999981e+12 5.599999999999981e+12 5.599999999999981e+12 5.599999999999981e+12
 5.599999999999981e+12 5.599999999999981e+12 5.599999999999981e+12 5.599999999999981e+12 5.599999999999981e+12 5.599999999999981e+12 5.599999999999981e+12 5.599999999999981e+12 5.599999999999981e+12 5.599999999999981e+12
 5.599999999999981e+12 5.599999999999981e+12 5.599999999999981e+12 5.599999999999981e+12 5.599999999999981e+12 5.599999999999981e+12 5.599999999999981e+12 5.599999999999981e+12 5.599999999999981e+12 5.599999999999981e+12
 5.599999999999981e+12 5.599999999999981e+12 5.599999999999981e+12 5.599999999999981e+12 5.599999999999981e+12 5.599999999999981e+12 5.599999999999981e+12 5.599999999999981e+12 5.599999999999981e+12 5.599999999999981e+12
 5.599999999999981e+12 5.599999999999981e+12 5.599999999999981e+12 5.599999999999981e+12 5.599999999999981e+12 5.599999999999981e+12 5.599999999999981e+12 5.599999999999981e+12 5.599999999999981e+12 5.599999999999981e+12
 5.599999999999981e+12 5.599999999999981e+12 5.599999999999981e+12 5.599999999999981e+12 5.599999999999981e+12 5.599999999999981e+12 5.599999999999981e+12 5.599999999999981e+12 5.599999999999981e+12 5.599999999999981e+12
 5.599999999999981e+12 5.599999999999981e+12 5.599999999999981e+12 5.599999999999981e+12 5.599999999999981e+12 5.599999999999981e+12 5.599999999999981e+12 5.599999999999981e+12 5.599999999999981e+12 5.599999999999981e+12
 5.599999999999981e+12 5.599999999999981e+12 5.599999999999981e+12 5.599999999999981e+12 5.599999999999981e+12 5.599999999999981e+12 5.599999999999981e+12 5.599999999999981e+12 5.599999999999981e+12 5.599999999999981e+12
 5.599999999999981e+12 5.599999999999981e+12 5.599999999999981e+12 5.599999999999981e+12 5.599999999999981e+12 5.599999999999981e+12 5.599999999999981e+12 5.599999999999981e+12 5.599999999999981e+12 5.599999999999981e+12
 5.599999999999981e+12 5.599999999999981e+12 5.599999999999981e+12 5.599999999999981e+12 5.599999999999981e+12 5.599999999999981e+12 5.599999999999981e+12 5.599999999999981e+12 5.599999999999981e+12 5.599999999999981e+12
 5.599999999999981e+12 5.599999999999981e+12 5.599999999999981e+12 5.599999999999981e+12 5.599999999999981e+12 5.599999999999981e+12 5.599999999999981e+12 5.599999999999981e+12 5.599999999999981e+12 5.599999999999981e+12
 5.599999999999981e+12 5.599999999999981e+12 5.599999999999981e+12 5.599999999999981e+12 5.599999999999981e+12 5.599999999999981e+12 5.599999999999981e+12 5.599999999999981e+12 5.599999999999981e+12 5.599999999999981e+12
 5.599999999999981e+12 5.599999999999981e+12 5.599999999999981e+12 5.599999999999981e+12 5.599999999999981e+12 5.599999999999981e+12 5.599999999999981e+12 5.599999999999981e+12 5.599999999999981e+12 5.599999999999981e+12
 5.599999999999981e+12 5.599999999999981e+12 5.599999999999981e+12 5.599999999999981e+12 5.599999999999981e+12 5.599999999999981e+12 5.599999999999981e+12 5.599999999999981e+12 5.599999999999981e+12 5.599999999999981e+12
 5.599999999999981e+12 5.599999999999981e+12 5.599999999999981e+12 5.599999999999981e+12 5.599999999999981e+12 5.599999999999981e+12 5.599999999999981e+12 5.599999999999981e+12 5.599999999999981e+12 5.599999999999981e+12
 5.599999999999981e+12 5.599999999999981e+12 5.599999999999981e+12 1.000000560000002e+19 5.599999999999981e+12 1.000000560000002e+19 5.599999999999981e+12 1.000000560000002e+19 5.599999999999981e+12 1.000000560000002e+19
 5.599999999999981e+12 5.599999999999981e+12 5.599999999999981e+12 5.599999999999981e+12 5.599999999999981e+12 5.599999999999981e+12 5.599999999999981e+12 5.599999999999981e+12 5.599999999999981e+12 5.599999999999981e+12
 5.599999999999981e+12 5.599999999999981e+12 5.599999999999981e+12 5.599999999999981e+12 5.599999999999981e+12 5.599999999999981e+12 5.599999999999981e+12 1.000000560000002e+19 5.599999999999981e+12 1.000000560000002e+19
 5.599999999999981e+12 1.000000560000002e+19 5.599999999999981e+12 1.000000560000002e+19 -9.999994400000018e+18 5.599999999999981e+12 -9.999994400000018e+18 5.599999999999981e+12 5.599999999999981e+12 5.599999999999981e+12
 5.599999999999981e+12 5.599999999999981e+12 5.599999999999981e+12 5.599999999999981e+12 5.599999999999981e+12 5.599999999999981e+12 5.599999999999981e+12 5.599999999999981e+12 5.599999999999981e+12 5.599999999999981e+12
 5.599999999999981e+12 5.599999999999981e+12 5.599999999999981e+12 5.599999999999981e+12 5.599999999999981e+12 5.599999999999981e+12 5.599999999999981e+12 5.599999999999981e+12 5.599999999999981e+12 5.599999999999981e+12
 5.599999999999981e+12 5.599999999999981e+12 5.599999999999981e+12 5.599999999999981e+12 5.599999999999981e+12 5.599999999999981e+12 5.599999999999981e+12 5.599999999999981e+12 5.599999999999981e+12 5.599999999999981e+12
 5.599999999999981e+12 5.599999999999981e+12 5.599999999999981e+12 5.599999999999981e+12 5.599999999999981e+12 5.599999999999981e+12 5.599999999999981e+12 5.599999999999981e+12 5.599999999999981e+12 5.599999999999981e+12
 5.599999999999981e+12 5.599999999999981e+12 5.599999999999981e+12 5.599999999999981e+12 5.599999999999981e+12 5.599999999999981e+12 5.599999999999981e+12 5.599999999999981e+12 5.599999999999981e+12 5.599999999999981e+12
 5.599999999999981e+12 5.599999999999981e+12 5.599999999999981e+12 5.599999999999981e+12 5.599999999999981e+12 5.599999999999981e+12 5.599999999999981e+12 5.599999999999981e+12 5.599999999999981e+12 5.599999999999981e+12
 5.599999999999981e+12 5.599999999999981e+12 5.599999999999981e+12 5.599999999999981e+12 -9.999994400000018e+18 5.599999999999981e+12 -9.999994400000018e+18 5.599999999999981e+12 5.599999999999981e+12 5.599999999999981e+12
 5.599999999999981e+12 5.599999999999981e+12 5.599999999999981e+12 5.599999999999981e+12 5.599999999999981e+12 5.599999999999981e+12 5.599999999999981e+12 5.599999999999981e+12 5.599999999999981e+12 5.599999999999981e+12
 5.599999999999981e+12 5.599999999999981e+12 5.599999999999981e+12 5.599999999999981e+12 5.599999999999981e+12 5.599999999999981e+12 5.599999999999981e+12 5.599999999999981e+12 5.599999999999981e+12 5.599999999999981e+12
 5.599999999999981e+12 5.599999999999981e+12 5.599999999999981e+12 5.599999999999981e+12 5.599999999999981e+12 5.599999999999981e+12 5.599999999999981e+12 5.599999999999981e+12 5.599999999999981e+12 5.599999999999981e+12
 5.599999999999981e+12 5.599999999999981e+12 5.599999999999981e+12 5.599999999999981e+12 5.599999999999981e+12 5.599999999999981e+12 5.599999999999981e+12 5.599999999999981e+12 5.599999999999981e+12 5.599999999999981e+12
 5.599999999999981e+12 5.599999999999981e+12 5.599999999999981e+12 5.599999999999981e+12 5.599999999999981e+12 5.599999999999981e+12 5.599999999999981e+12 5.599999999999981e+12 5.599999999999981e+12 5.599999999999981e+12
 5.599999999999981e+12 5.599999999999981e+12 5.599999999999981e+12 5.599999999999981e+12 5.599999999999981e+12 5.599999999999981e+12 5.599999999999981e+12 5.599999999999981e+12 5.599999999999981e+12 5.599999999999981e+12
 5.599999999999981e+12 5.599999999999981e+12 5.599999999999981e+12 5.599999999999981e+12 5.599999999999981e+12 5.599999999999981e+12 5.599999999999981e+12 5.599999999999981e+12 5.599999999999981e+12 5.599999999999981e+12
 5.599999999999981e+12 5.599999999999981e+12 5.599999999999981e+12 5.599999999999981e+12 5.599999999999981e+12 5.599999999999981e+12 5.599999999999981e+12 5.599999999999981e+12 5.599999999999981e+12 5.599999999999981e+12
 5.599999999999981e+12 5.599999999999981e+12 5.599999999999981e+12 5.599999999999981e+12 5.599999999999981e+12 5.599999999999981e+12 5.599999999999981e+12 5.599999999999981e+12 5.599999999999981e+12 5.599999999999981e+12
 5.599999999999981e+12 5.599999999999981e+12 5.599999999999981e+12 5.599999999999981e+12 5.599999999999981e+12 5.599999999999981e+12 5.599999999999981e+12 5.599999999999981e+12 5.599999999999981e+12 5.599999999999981e+12
 5.599999999999981e+12 5.599999999999981e+12 5.599999999999981e+12 5.599999999999981e+12 5.599999999999981e+12 5.599999999999981e+12 5.599999999999981e+12 5.599999999999981e+12 5.599999999999981e+12 5.599999999999981e+12
 5.599999999999981e+12 5.599999999999981e+12 5.599999999999981e+12 5.599999999999981e+12 5.599999999999981e+12 5.599999999999981e+12 5.599999999999981e+12 5.599999999999981e+12 5.599999999999981e+12 5.599999999999981e+12
 5.599999999999981e+12 5.599999999999981e+12 5.599999999999981e+12 5.599999999999981e+12 5.599999999999981e+12 5.599999999999981e+12 5.599999999999981e+12 5.599999999999981e+12 5.599999999999981e+12 5.599999999999981e+12
 5.599999999999981e+12 5.599999999999981e+12 5.599999999999981e+12 5.599999999999981e+12 5.599999999999981e+12 5.599999999999981e+12 5.599999999999981e+12 5.599999999999981e+12 5.599999999999981e+12 5.599999999999981e+12
 5.599999999999981e+12 5.599999999999981e+12 5.599999999999981e+12 5.599999999999981e+12 5.599999999999981e+12 5.599999999999981e+12 5.599999999999981e+12 5.599999999999981e+12 5.599999999999981e+12 5.599999999999981e+12
 5.599999999999981e+12 5.599999999999981e+12 5.599999999999981e+12 5.599999999999981e+12 5.599999999999981e+12 5.599999999999981e+12 5.599999999999981e+12 5.599999999999981e+12 5.599999999999981e+12 5.599999999999981e+12
 5.599999999999981e+12 5.599999999999981e+12 5.599999999999981e+12 5.599999999999981e+12 5.599999999999981e+12 5.599999999999981e+12 5.599999999999981e+12 5.599999999999981e+12 5.599999999999981e+12 5.599999999999981e+12
 5.599999999999981e+12 5.599999999999981e+12 5.599999999999981e+12 5.599999999999981e+12 5.599999999999981e+12 5.599999999999981e+12 5.599999999999981e+12 5.599999999999981e+12 5.599999999999981e+12 5.599999999999981e+12
 5.599999999999981e+12 5.599999999999981e+12 5.599999999999981e+12 5.599999999999981e+12 5.599999999999981e+12 5.599999999999981e+12 5.599999999999981e+12 5.599999999999981e+12 5.599999999999981e+12 1.000000560000002e+19
 5.599999999999981e+12 1.000000560000002e+19 5.599999999999981e+12 1.000000560000002e+19 5.599999999999981e+12 1.000000560000002e+19 -9.999994400000018e+18 5.599999999999981e+12 -9.999994400000018e+18 5.599999999999981e+12
 5.599999999999981e+12 5.599999999999981e+12 5.599999999999981e+12 5.599999999999981e+12 5.599999999999981e+12 5.599999999999981e+12 5.599999999999981e+12 5.599999999999981e+12 5.599999999999981e+12 5.599999999999981e+12
 5.599999999999981e+12 5.599999999999981e+12 5.599999999999981e+12 5.599999999999981e+12 5.599999999999981e+12 5.599999999999981e+12 5.599999999999981e+12 5.599999999999981e+12 5.599999999999981e+12 5.599999999999981e+12
 5.599999999999981e+12 5.599999999999981e+12 5.599999999999981e+12 5.599999999999981e+12 5.599999999999981e+12 5.599999999999981e+12 5.599999999999981e+12 5.599999999999981e+12 5.599999999999981e+12 5.599999999999981e+12
 5.599999999999981e+12 5.599999999999981e+12 5.599999999999981e+12 5.599999999999981e+12 5.599999999999981e+12 5.599999999999981e+12 5.599999999999981e+12 5.599999999999981e+12 5.599999999999981e+12 5.599999999999981e+12
 5.599999999999981e+12 5.599999999999981e+12 5.599999999999981e+12 5.599999999999981e+12 5.599999999999981e+12 5.599999999999981e+12 5.599999999999981e+12 5.599999999999981e+12 5.599999999999981e+12 5.599999999999981e+12
 5.599999999999981e+12 5.599999999999981e+12 5.599999999999981e+12 5.599999999999981e+12 5.599999999999981e+12 5.599999999999981e+12 5.599999999999981e+12 5.599999999999981e+12 5.599999999999981e+12 5.599999999999981e+12
 5.599999999999981e+12 5.599999999999981e+12 5.599999999999981e+12 5.599999999999981e+12 5.599999999999981e+12 5.599999999999981e+12 5.599999999999981e+12 5.599999999999981e+12 5.599999999999981e+12 5.599999999999981e+12
 5.599999999999981e+12 5.599999999999981e+12 5.599999999999981e+12 5.599999999999981e+12 5.599999999999981e+12 5.599999999999981e+12 5.599999999999981e+12 5.599999999999981e+12 5.599999999999981e+12 5.599999999999981e+12
 5.599999999999981e+12 5.599999999999981e+12 5.599999999999981e+12 5.599999999999981e+12 5.599999999999981e+12 5.599999999999981e+12 5.599999999999981e+12 5.599999999999981e+12 5.599999999999981e+12 5.599999999999981e+12
 5.599999999999981e+12 5.599999999999981e+12 5.599999999999981e+12 5.599999999999981e+12 5.599999999999981e+12 5.599999999999981e+12 5.599999999999981e+12 5.599999999999981e+12 5.599999999999981e+12 5.599999999999981e+12
 5.599999999999981e+12 5.599999999999981e+12 5.599999999999981e+12 5.599999999999981e+12 5.599999999999981e+12 5.599999999999981e+12 5.599999999999981e+12 5.599999999999981e+12 5.599999999999981e+12 5.599999999999981e+12
 5.599999999999981e+12 5.599999999999981e+12 5.599999999999981e+12 5.599999999999981e+12 5.599999999999981e+12 5.599999999999981e+12 5.599999999999981e+12 5.599999999999981e+12 5.599999999999981e+12 5.599999999999981e+12
 5.599999999999981e+12 5.599999999999981e+12 5.599999999999981e+12 5.599999999999981e+12 5.599999999999981e+12 5.599999999999981e+12 5.599999999999981e+12 5.599999999999981e+12 5.599999999999981e+12 1.000000560000002e+19
 5.599999999999981e+12 1.000000560000002e+19 -9.999994400000018e+18 5.599999999999981e+12 5.599999999999981e+12 5.599999999999981e+12 5.599999999999981e+12 5.599999999999981e+12 5.599999999999981e+12 5.599999999999981e+12
 5.599999999999981e+12 5.599999999999981e+12 5.599999999999981e+12 5.599999999999981e+12 5.599999999999981e+12 5.599999999999981e+12 5.599999999999981e+12 5.599999999999981e+12 5.599999999999981e+12 5.599999999999981e+12
 5.599999999999981e+12 5.599999999999981e+12 5.599999999999981e+12 5.599999999999981e+12 5.599999999999981e+12 5.599999999999981e+12 5.599999999999981e+12 5.599999999999981e+12 5.599999999999981e+12 5.599999999999981e+12
 5.599999999999981e+12 5.599999999999981e+12 5.599999999999981e+12 5.599999999999981e+12 5.599999999999981e+12 5.599999999999981e+12 5.599999999999981e+12 5.599999999999981e+12 5.599999999999981e+12 5.599999999999981e+12
 5.599999999999981e+12 5.599999999999981e+12 5.599999999999981e+12 5.599999999999981e+12 5.599999999999981e+12 5.599999999999981e+12 5.599999999999981e+12 5.599999999999981e+12 5.599999999999981e+12 5.599999999999981e+12
 5.599999999999981e+12 5.599999999999981e+12 5.599999999999981e+12 5.599999999999981e+12 5.599999999999981e+12 5.599999999999981e+12 5.599999999999981e+12 5.599999999999981e+12 5.599999999999981e+12 5.599999999999981e+12
 5.599999999999981e+12 5.599999999999981e+12 5.599999999999981e+12 5.599999999999981e+12 5.599999999999981e+12 5.599999999999981e+12 5.599999999999981e+12 5.599999999999981e+12 5.599999999999981e+12 5.599999999999981e+12
 5.599999999999981e+12 5.599999999999981e+12 5.599999999999981e+12 5.599999999999981e+12 5.599999999999981e+12 5.599999999999981e+12 5.599999999999981e+12 5.599999999999981e+12 5.599999999999981e+12 5.599999999999981e+12
 5.599999999999981e+12 5.599999999999981e+12 5.599999999999981e+12 5.599999999999981e+12 5.599999999999981e+12 5.599999999999981e+12 5.599999999999981e+12 5.599999999999981e+12 5.599999999999981e+12 5.599999999999981e+12
 5.599999999999981e+12 5.599999999999981e+12 5.599999999999981e+12 5.599999999999981e+12 5.599999999999981e+12 5.599999999999981e+12 5.599999999999981e+12 5.599999999999981e+12 5.599999999999981e+12 5.599999999999981e+12
 5.599999999999981e+12 5.599999999999981e+12 5.599999999999981e+12 1.000000560000002e+19 5.599999999999981e+12 5.599999999999981e+12 5.599999999999981e+12 5.599999999999981e+12 5.599999999999981e+12 5.599999999999981e+12
 5.599999999999981e+12 5.599999999999981e+12 5.599999999999981e+12 5.599999999999981e+12 5.599999999999981e+12 5.599999999999981e+12 5.599999999999981e+12 5.599999999999981e+12 5.599999999999981e+12 5.599999999999981e+12
 5.599999999999981e+12 5.599999999999981e+12 5.599999999999981e+12 5.599999999999981e+12 5.599999999999981e+12 5.599999999999981e+12 5.599999999999981e+12 5.599999999999981e+12 5.599999999999981e+12 5.599999999999981e+12
 5.599999999999981e+12 5.599999999999981e+12 5.599999999999981e+12 5.599999999999981e+12 5.599999999999981e+12 5.599999999999981e+12 1.000000560000002e+19 1.000000560000002e+19 -9.999994400000018e+18 -9.999994400000018e+18

    }
  }

  Dataset ("NitrogenActiveConcentration") {
    function  = NitrogenActiveConcentration
    type      = scalar
    dimension = 1
    location  = vertex
    validity  = [ "i_layer" ]
    Values (4420) {
 5.599999999999991e+12 5.599999999999991e+12 5.599999999999991e+12 5.599999999999991e+12 5.599999999999991e+12 5.599999999999991e+12 5.599999999999991e+12 5.599999999999991e+12 5.599999999999991e+12 5.599999999999991e+12
 5.599999999999991e+12 5.599999999999991e+12 5.599999999999991e+12 5.599999999999991e+12 5.599999999999991e+12 5.599999999999991e+12 5.599999999999991e+12 5.599999999999991e+12 5.599999999999991e+12 5.599999999999991e+12
 5.599999999999991e+12 5.599999999999991e+12 5.599999999999991e+12 5.599999999999991e+12 5.599999999999991e+12 5.599999999999991e+12 5.599999999999991e+12 5.599999999999991e+12 5.599999999999991e+12 5.599999999999991e+12
 5.599999999999991e+12 5.599999999999991e+12 5.599999999999991e+12 5.599999999999991e+12 5.599999999999991e+12 5.599999999999991e+12 5.599999999999991e+12 5.599999999999991e+12 5.599999999999991e+12 5.599999999999991e+12
 5.599999999999991e+12 5.599999999999991e+12 5.599999999999991e+12 5.599999999999991e+12 5.599999999999991e+12 5.599999999999991e+12 5.599999999999991e+12 5.599999999999991e+12 5.599999999999991e+12 5.599999999999991e+12
 5.599999999999991e+12 5.599999999999991e+12 5.599999999999991e+12 5.599999999999991e+12 5.599999999999991e+12 5.599999999999991e+12 5.599999999999991e+12 5.599999999999991e+12 5.599999999999991e+12 5.599999999999991e+12
 5.599999999999991e+12 5.599999999999991e+12 5.599999999999991e+12 5.599999999999991e+12 5.599999999999991e+12 5.599999999999991e+12 5.599999999999991e+12 5.599999999999991e+12 5.599999999999991e+12 5.599999999999991e+12
 5.599999999999991e+12 5.599999999999991e+12 5.599999999999991e+12 5.599999999999991e+12 5.599999999999991e+12 5.599999999999991e+12 5.599999999999991e+12 5.599999999999991e+12 5.599999999999991e+12 5.599999999999991e+12
 5.599999999999991e+12 5.599999999999991e+12 5.599999999999991e+12 5.599999999999991e+12 5.599999999999991e+12 5.599999999999991e+12 5.599999999999991e+12 5.599999999999991e+12 5.599999999999991e+12 5.599999999999991e+12
 5.599999999999991e+12 5.599999999999991e+12 5.599999999999991e+12 5.599999999999991e+12 5.599999999999991e+12 5.599999999999991e+12 5.599999999999991e+12 5.599999999999991e+12 5.599999999999991e+12 5.599999999999991e+12
 5.599999999999991e+12 5.599999999999991e+12 5.599999999999991e+12 5.599999999999991e+12 5.599999999999991e+12 5.599999999999991e+12 5.599999999999991e+12 5.599999999999991e+12 5.599999999999991e+12 5.599999999999991e+12
 5.599999999999991e+12 5.599999999999991e+12 5.599999999999991e+12 5.599999999999991e+12 5.599999999999991e+12 5.599999999999991e+12 5.599999999999991e+12 5.599999999999991e+12 5.599999999999991e+12 5.599999999999991e+12
 5.599999999999991e+12 5.599999999999991e+12 5.599999999999991e+12 5.599999999999991e+12 5.599999999999991e+12 5.599999999999991e+12 5.599999999999991e+12 5.599999999999991e+12 5.599999999999991e+12 5.599999999999991e+12
 5.599999999999991e+12 5.599999999999991e+12 5.599999999999991e+12 5.599999999999991e+12 5.599999999999991e+12 5.599999999999991e+12 5.599999999999991e+12 5.599999999999991e+12 5.599999999999991e+12 5.599999999999991e+12
 5.599999999999991e+12 5.599999999999991e+12 5.599999999999991e+12 5.599999999999991e+12 5.599999999999991e+12 5.599999999999991e+12 5.599999999999991e+12 5.599999999999991e+12 5.599999999999991e+12 5.599999999999991e+12
 5.599999999999991e+12 5.599999999999991e+12 5.599999999999991e+12 5.599999999999991e+12 5.599999999999991e+12 5.599999999999991e+12 5.599999999999991e+12 5.599999999999991e+12 5.599999999999991e+12 5.599999999999991e+12
 5.599999999999991e+12 5.599999999999991e+12 5.599999999999991e+12 5.599999999999991e+12 5.599999999999991e+12 5.599999999999991e+12 5.599999999999991e+12 5.599999999999991e+12 5.599999999999991e+12 5.599999999999991e+12
 5.599999999999991e+12 5.599999999999991e+12 5.599999999999991e+12 5.599999999999991e+12 5.599999999999991e+12 5.599999999999991e+12 5.599999999999991e+12 5.599999999999991e+12 5.599999999999991e+12 5.599999999999991e+12
 5.599999999999991e+12 5.599999999999991e+12 5.599999999999991e+12 5.599999999999991e+12 5.599999999999991e+12 5.599999999999991e+12 5.599999999999991e+12 5.599999999999991e+12 5.599999999999991e+12 5.599999999999991e+12
 5.599999999999991e+12 5.599999999999991e+12 5.599999999999991e+12 5.599999999999991e+12 5.599999999999991e+12 5.599999999999991e+12 5.599999999999991e+12 5.599999999999991e+12 5.599999999999991e+12 5.599999999999991e+12
 5.599999999999991e+12 5.599999999999991e+12 5.599999999999991e+12 5.599999999999991e+12 5.599999999999991e+12 5.599999999999991e+12 5.599999999999991e+12 5.599999999999991e+12 5.599999999999991e+12 5.599999999999991e+12
 5.599999999999991e+12 5.599999999999991e+12 5.599999999999991e+12 5.599999999999991e+12 5.599999999999991e+12 5.599999999999991e+12 5.599999999999991e+12 5.599999999999991e+12 5.599999999999991e+12 5.599999999999991e+12
 5.599999999999991e+12 5.599999999999991e+12 5.599999999999991e+12 5.599999999999991e+12 5.599999999999991e+12 5.599999999999991e+12 5.599999999999991e+12 5.599999999999991e+12 5.599999999999991e+12 5.599999999999991e+12
 5.599999999999991e+12 5.599999999999991e+12 5.599999999999991e+12 5.599999999999991e+12 5.599999999999991e+12 5.599999999999991e+12 5.599999999999991e+12 5.599999999999991e+12 5.599999999999991e+12 5.599999999999991e+12
 5.599999999999991e+12 5.599999999999991e+12 5.599999999999991e+12 5.599999999999991e+12 5.599999999999991e+12 5.599999999999991e+12 5.599999999999991e+12 5.599999999999991e+12 5.599999999999991e+12 5.599999999999991e+12
 5.599999999999991e+12 5.599999999999991e+12 5.599999999999991e+12 5.599999999999991e+12 5.599999999999991e+12 5.599999999999991e+12 5.599999999999991e+12 5.599999999999991e+12 5.599999999999991e+12 5.599999999999991e+12
 5.599999999999991e+12 5.599999999999991e+12 5.599999999999991e+12 5.599999999999991e+12 5.599999999999991e+12 5.599999999999991e+12 5.599999999999991e+12 5.599999999999991e+12 5.599999999999991e+12 5.599999999999991e+12
 5.599999999999991e+12 5.599999999999991e+12 5.599999999999991e+12 5.599999999999991e+12 5.599999999999991e+12 5.599999999999991e+12 5.599999999999991e+12 5.599999999999991e+12 5.599999999999991e+12 5.599999999999991e+12
 5.599999999999991e+12 5.599999999999991e+12 5.599999999999991e+12 5.599999999999991e+12 5.599999999999991e+12 5.599999999999991e+12 5.599999999999991e+12 5.599999999999991e+12 5.599999999999991e+12 5.599999999999991e+12
 5.599999999999991e+12 5.599999999999991e+12 5.599999999999991e+12 5.599999999999991e+12 5.599999999999991e+12 5.599999999999991e+12 5.599999999999991e+12 5.599999999999991e+12 5.599999999999991e+12 5.599999999999991e+12
 5.599999999999991e+12 5.599999999999991e+12 5.599999999999991e+12 5.599999999999991e+12 5.599999999999991e+12 5.599999999999991e+12 5.599999999999991e+12 5.599999999999991e+12 5.599999999999991e+12 5.599999999999991e+12
 5.599999999999991e+12 5.599999999999991e+12 5.599999999999991e+12 5.599999999999991e+12 5.599999999999991e+12 5.599999999999991e+12 5.599999999999991e+12 5.599999999999991e+12 5.599999999999991e+12 5.599999999999991e+12
 5.599999999999991e+12 5.599999999999991e+12 5.599999999999991e+12 5.599999999999991e+12 5.599999999999991e+12 5.599999999999991e+12 5.599999999999991e+12 5.599999999999991e+12 5.599999999999991e+12 5.599999999999991e+12
 5.599999999999991e+12 5.599999999999991e+12 5.599999999999991e+12 5.599999999999991e+12 5.599999999999991e+12 5.599999999999991e+12 5.599999999999991e+12 5.599999999999991e+12 5.599999999999991e+12 5.599999999999991e+12
 5.599999999999991e+12 5.599999999999991e+12 5.599999999999991e+12 5.599999999999991e+12 5.599999999999991e+12 5.599999999999991e+12 5.599999999999991e+12 5.599999999999991e+12 5.599999999999991e+12 5.599999999999991e+12
 5.599999999999991e+12 5.599999999999991e+12 5.599999999999991e+12 5.599999999999991e+12 5.599999999999991e+12 5.599999999999991e+12 5.599999999999991e+12 5.599999999999991e+12 5.599999999999991e+12 5.599999999999991e+12
 5.599999999999991e+12 5.599999999999991e+12 5.599999999999991e+12 5.599999999999991e+12 5.599999999999991e+12 5.599999999999991e+12 5.599999999999991e+12 5.599999999999991e+12 5.599999999999991e+12 5.599999999999991e+12
 5.599999999999991e+12 5.599999999999991e+12 5.599999999999991e+12 5.599999999999991e+12 5.599999999999991e+12 5.599999999999991e+12 5.599999999999991e+12 5.599999999999991e+12 5.599999999999991e+12 5.599999999999991e+12
 5.599999999999991e+12 5.599999999999991e+12 5.599999999999991e+12 5.599999999999991e+12 5.599999999999991e+12 5.599999999999991e+12 5.599999999999991e+12 5.599999999999991e+12 5.599999999999991e+12 5.599999999999991e+12
 5.599999999999991e+12 5.599999999999991e+12 5.599999999999991e+12 5.599999999999991e+12 5.599999999999991e+12 5.599999999999991e+12 5.599999999999991e+12 5.599999999999991e+12 5.599999999999991e+12 5.599999999999991e+12
 5.599999999999991e+12 5.599999999999991e+12 5.599999999999991e+12 5.599999999999991e+12 5.599999999999991e+12 5.599999999999991e+12 5.599999999999991e+12 5.599999999999991e+12 5.599999999999991e+12 5.599999999999991e+12
 5.599999999999991e+12 5.599999999999991e+12 5.599999999999991e+12 5.599999999999991e+12 5.599999999999991e+12 5.599999999999991e+12 5.599999999999991e+12 5.599999999999991e+12 5.599999999999991e+12 5.599999999999991e+12
 5.599999999999991e+12 5.599999999999991e+12 5.599999999999991e+12 5.599999999999991e+12 5.599999999999991e+12 5.599999999999991e+12 5.599999999999991e+12 5.599999999999991e+12 5.599999999999991e+12 5.599999999999991e+12
 5.599999999999991e+12 5.599999999999991e+12 5.599999999999991e+12 5.599999999999991e+12 5.599999999999991e+12 5.599999999999991e+12 5.599999999999991e+12 5.599999999999991e+12 5.599999999999991e+12 5.599999999999991e+12
 5.599999999999991e+12 5.599999999999991e+12 5.599999999999991e+12 5.599999999999991e+12 5.599999999999991e+12 5.599999999999991e+12 5.599999999999991e+12 5.599999999999991e+12 5.599999999999991e+12 5.599999999999991e+12
 5.599999999999991e+12 5.599999999999991e+12 5.599999999999991e+12 5.599999999999991e+12 5.599999999999991e+12 5.599999999999991e+12 5.599999999999991e+12 5.599999999999991e+12 5.599999999999991e+12 5.599999999999991e+12
 5.599999999999991e+12 5.599999999999991e+12 5.599999999999991e+12 5.599999999999991e+12 5.599999999999991e+12 5.599999999999991e+12 5.599999999999991e+12 5.599999999999991e+12 5.599999999999991e+12 5.599999999999991e+12
 5.599999999999991e+12 5.599999999999991e+12 5.599999999999991e+12 5.599999999999991e+12 5.599999999999991e+12 5.599999999999991e+12 5.599999999999991e+12 5.599999999999991e+12 5.599999999999991e+12 5.599999999999991e+12
 5.599999999999991e+12 5.599999999999991e+12 5.599999999999991e+12 5.599999999999991e+12 5.599999999999991e+12 5.599999999999991e+12 5.599999999999991e+12 5.599999999999991e+12 5.599999999999991e+12 5.599999999999991e+12
 5.599999999999991e+12 5.599999999999991e+12 5.599999999999991e+12 5.599999999999991e+12 5.599999999999991e+12 5.599999999999991e+12 5.599999999999991e+12 5.599999999999991e+12 5.599999999999991e+12 5.599999999999991e+12
 5.599999999999991e+12 5.599999999999991e+12 5.599999999999991e+12 5.599999999999991e+12 5.599999999999991e+12 5.599999999999991e+12 5.599999999999991e+12 5.599999999999991e+12 5.599999999999991e+12 5.599999999999991e+12
 5.599999999999991e+12 5.599999999999991e+12 5.599999999999991e+12 5.599999999999991e+12 5.599999999999991e+12 5.599999999999991e+12 5.599999999999991e+12 5.599999999999991e+12 5.599999999999991e+12 5.599999999999991e+12
 5.599999999999991e+12 5.599999999999991e+12 5.599999999999991e+12 5.599999999999991e+12 5.599999999999991e+12 5.599999999999991e+12 5.599999999999991e+12 5.599999999999991e+12 5.599999999999991e+12 5.599999999999991e+12
 5.599999999999991e+12 5.599999999999991e+12 5.599999999999991e+12 5.599999999999991e+12 5.599999999999991e+12 5.599999999999991e+12 5.599999999999991e+12 5.599999999999991e+12 5.599999999999991e+12 5.599999999999991e+12
 5.599999999999991e+12 5.599999999999991e+12 5.599999999999991e+12 5.599999999999991e+12 5.599999999999991e+12 5.599999999999991e+12 5.599999999999991e+12 5.599999999999991e+12 5.599999999999991e+12 5.599999999999991e+12
 5.599999999999991e+12 5.599999999999991e+12 5.599999999999991e+12 5.599999999999991e+12 5.599999999999991e+12 5.599999999999991e+12 5.599999999999991e+12 5.599999999999991e+12 5.599999999999991e+12 5.599999999999991e+12
 5.599999999999991e+12 5.599999999999991e+12 5.599999999999991e+12 5.599999999999991e+12 5.599999999999991e+12 5.599999999999991e+12 5.599999999999991e+12 5.599999999999991e+12 5.599999999999991e+12 5.599999999999991e+12
 5.599999999999991e+12 5.599999999999991e+12 5.599999999999991e+12 5.599999999999991e+12 5.599999999999991e+12 5.599999999999991e+12 5.599999999999991e+12 5.599999999999991e+12 5.599999999999991e+12 5.599999999999991e+12
 5.599999999999991e+12 5.599999999999991e+12 5.599999999999991e+12 5.599999999999991e+12 5.599999999999991e+12 5.599999999999991e+12 5.599999999999991e+12 5.599999999999991e+12 5.599999999999991e+12 5.599999999999991e+12
 5.599999999999991e+12 5.599999999999991e+12 5.599999999999991e+12 5.599999999999991e+12 5.599999999999991e+12 5.599999999999991e+12 5.599999999999991e+12 5.599999999999991e+12 5.599999999999991e+12 5.599999999999991e+12
 5.599999999999991e+12 5.599999999999991e+12 5.599999999999991e+12 5.599999999999991e+12 5.599999999999991e+12 5.599999999999991e+12 5.599999999999991e+12 5.599999999999991e+12 5.599999999999991e+12 5.599999999999991e+12
 5.599999999999991e+12 5.599999999999991e+12 5.599999999999991e+12 5.599999999999991e+12 5.599999999999991e+12 5.599999999999991e+12 5.599999999999991e+12 5.599999999999991e+12 5.599999999999991e+12 5.599999999999991e+12
 5.599999999999991e+12 5.599999999999991e+12 5.599999999999991e+12 5.599999999999991e+12 5.599999999999991e+12 5.599999999999991e+12 5.599999999999991e+12 5.599999999999991e+12 5.599999999999991e+12 5.599999999999991e+12
 5.599999999999991e+12 5.599999999999991e+12 5.599999999999991e+12 5.599999999999991e+12 5.599999999999991e+12 5.599999999999991e+12 5.599999999999991e+12 5.599999999999991e+12 5.599999999999991e+12 5.599999999999991e+12
 5.599999999999991e+12 5.599999999999991e+12 5.599999999999991e+12 5.599999999999991e+12 5.599999999999991e+12 5.599999999999991e+12 5.599999999999991e+12 5.599999999999991e+12 5.599999999999991e+12 5.599999999999991e+12
 5.599999999999991e+12 5.599999999999991e+12 5.599999999999991e+12 5.599999999999991e+12 5.599999999999991e+12 5.599999999999991e+12 5.599999999999991e+12 5.599999999999991e+12 5.599999999999991e+12 5.599999999999991e+12
 5.599999999999991e+12 5.599999999999991e+12 5.599999999999991e+12 5.599999999999991e+12 5.599999999999991e+12 5.599999999999991e+12 5.599999999999991e+12 5.599999999999991e+12 5.599999999999991e+12 5.599999999999991e+12
 5.599999999999991e+12 5.599999999999991e+12 5.599999999999991e+12 5.599999999999991e+12 5.599999999999991e+12 5.599999999999991e+12 5.599999999999991e+12 5.599999999999991e+12 5.599999999999991e+12 5.599999999999991e+12
 5.599999999999991e+12 5.599999999999991e+12 5.599999999999991e+12 5.599999999999991e+12 5.599999999999991e+12 5.599999999999991e+12 5.599999999999991e+12 5.599999999999991e+12 5.599999999999991e+12 5.599999999999991e+12
 5.599999999999991e+12 5.599999999999991e+12 5.599999999999991e+12 5.599999999999991e+12 5.599999999999991e+12 5.599999999999991e+12 5.599999999999991e+12 5.599999999999991e+12 5.599999999999991e+12 5.599999999999991e+12
 5.599999999999991e+12 5.599999999999991e+12 5.599999999999991e+12 5.599999999999991e+12 5.599999999999991e+12 5.599999999999991e+12 5.599999999999991e+12 5.599999999999991e+12 5.599999999999991e+12 5.599999999999991e+12
 5.599999999999991e+12 5.599999999999991e+12 5.599999999999991e+12 5.599999999999991e+12 5.599999999999991e+12 5.599999999999991e+12 5.599999999999991e+12 5.599999999999991e+12 5.599999999999991e+12 5.599999999999991e+12
 5.599999999999991e+12 5.599999999999991e+12 5.599999999999991e+12 5.599999999999991e+12 5.599999999999991e+12 5.599999999999991e+12 5.599999999999991e+12 5.599999999999991e+12 5.599999999999991e+12 5.599999999999991e+12
 5.599999999999991e+12 5.599999999999991e+12 5.599999999999991e+12 5.599999999999991e+12 5.599999999999991e+12 5.599999999999991e+12 5.599999999999991e+12 5.599999999999991e+12 5.599999999999991e+12 5.599999999999991e+12
 5.599999999999991e+12 5.599999999999991e+12 5.599999999999991e+12 5.599999999999991e+12 5.599999999999991e+12 5.599999999999991e+12 5.599999999999991e+12 5.599999999999991e+12 5.599999999999991e+12 5.599999999999991e+12
 5.599999999999991e+12 5.599999999999991e+12 5.599999999999991e+12 5.599999999999991e+12 5.599999999999991e+12 5.599999999999991e+12 5.599999999999991e+12 5.599999999999991e+12 5.599999999999991e+12 5.599999999999991e+12
 5.599999999999991e+12 5.599999999999991e+12 5.599999999999991e+12 5.599999999999991e+12 5.599999999999991e+12 5.599999999999991e+12 5.599999999999991e+12 5.599999999999991e+12 5.599999999999991e+12 5.599999999999991e+12
 5.599999999999991e+12 5.599999999999991e+12 5.599999999999991e+12 5.599999999999991e+12 5.599999999999991e+12 5.599999999999991e+12 5.599999999999991e+12 5.599999999999991e+12 5.599999999999991e+12 5.599999999999991e+12
 5.599999999999991e+12 5.599999999999991e+12 5.599999999999991e+12 5.599999999999991e+12 5.599999999999991e+12 5.599999999999991e+12 5.599999999999991e+12 5.599999999999991e+12 5.599999999999991e+12 5.599999999999991e+12
 5.599999999999991e+12 5.599999999999991e+12 5.599999999999991e+12 5.599999999999991e+12 5.599999999999991e+12 5.599999999999991e+12 5.599999999999991e+12 5.599999999999991e+12 5.599999999999991e+12 5.599999999999991e+12
 5.599999999999991e+12 5.599999999999991e+12 5.599999999999991e+12 5.599999999999991e+12 5.599999999999991e+12 5.599999999999991e+12 5.599999999999991e+12 5.599999999999991e+12 5.599999999999991e+12 5.599999999999991e+12
 5.599999999999991e+12 5.599999999999991e+12 5.599999999999991e+12 5.599999999999991e+12 5.599999999999991e+12 5.599999999999991e+12 5.599999999999991e+12 5.599999999999991e+12 5.599999999999991e+12 5.599999999999991e+12
 5.599999999999991e+12 5.599999999999991e+12 5.599999999999991e+12 5.599999999999991e+12 5.599999999999991e+12 5.599999999999991e+12 5.599999999999991e+12 5.599999999999991e+12 5.599999999999991e+12 5.599999999999991e+12
 5.599999999999991e+12 5.599999999999991e+12 5.599999999999991e+12 5.599999999999991e+12 5.599999999999991e+12 5.599999999999991e+12 5.599999999999991e+12 5.599999999999991e+12 5.599999999999991e+12 5.599999999999991e+12
 5.599999999999991e+12 5.599999999999991e+12 5.599999999999991e+12 5.599999999999991e+12 5.599999999999991e+12 5.599999999999991e+12 5.599999999999991e+12 5.599999999999991e+12 5.599999999999991e+12 5.599999999999991e+12
 5.599999999999991e+12 5.599999999999991e+12 5.599999999999991e+12 5.599999999999991e+12 5.599999999999991e+12 5.599999999999991e+12 5.599999999999991e+12 5.599999999999991e+12 5.599999999999991e+12 5.599999999999991e+12
 5.599999999999991e+12 5.599999999999991e+12 5.599999999999991e+12 5.599999999999991e+12 5.599999999999991e+12 5.599999999999991e+12 5.599999999999991e+12 5.599999999999991e+12 5.599999999999991e+12 5.599999999999991e+12
 5.599999999999991e+12 5.599999999999991e+12 5.599999999999991e+12 5.599999999999991e+12 5.599999999999991e+12 5.599999999999991e+12 5.599999999999991e+12 5.599999999999991e+12 5.599999999999991e+12 5.599999999999991e+12
 5.599999999999991e+12 5.599999999999991e+12 5.599999999999991e+12 5.599999999999991e+12 5.599999999999991e+12 5.599999999999991e+12 5.599999999999991e+12 5.599999999999991e+12 5.599999999999991e+12 5.599999999999991e+12
 5.599999999999991e+12 5.599999999999991e+12 5.599999999999991e+12 5.599999999999991e+12 5.599999999999991e+12 5.599999999999991e+12 5.599999999999991e+12 5.599999999999991e+12 5.599999999999991e+12 5.599999999999991e+12
 5.599999999999991e+12 5.599999999999991e+12 5.599999999999991e+12 5.599999999999991e+12 5.599999999999991e+12 5.599999999999991e+12 5.599999999999991e+12 5.599999999999991e+12 5.599999999999991e+12 5.599999999999991e+12
 5.599999999999991e+12 5.599999999999991e+12 5.599999999999991e+12 5.599999999999991e+12 5.599999999999991e+12 5.599999999999991e+12 5.599999999999991e+12 5.599999999999991e+12 5.599999999999991e+12 5.599999999999991e+12
 5.599999999999991e+12 5.599999999999991e+12 5.599999999999991e+12 5.599999999999991e+12 5.599999999999991e+12 5.599999999999991e+12 5.599999999999991e+12 5.599999999999991e+12 5.599999999999991e+12 5.599999999999991e+12
 5.599999999999991e+12 5.599999999999991e+12 5.599999999999991e+12 5.599999999999991e+12 5.599999999999991e+12 5.599999999999991e+12 5.599999999999991e+12 5.599999999999991e+12 5.599999999999991e+12 5.599999999999991e+12
 5.599999999999991e+12 5.599999999999991e+12 5.599999999999991e+12 5.599999999999991e+12 5.599999999999991e+12 5.599999999999991e+12 5.599999999999991e+12 5.599999999999991e+12 5.599999999999991e+12 5.599999999999991e+12
 5.599999999999991e+12 5.599999999999991e+12 5.599999999999991e+12 5.599999999999991e+12 5.599999999999991e+12 5.599999999999991e+12 5.599999999999991e+12 5.599999999999991e+12 5.599999999999991e+12 5.599999999999991e+12
 5.599999999999991e+12 5.599999999999991e+12 5.599999999999991e+12 5.599999999999991e+12 5.599999999999991e+12 5.599999999999991e+12 5.599999999999991e+12 5.599999999999991e+12 5.599999999999991e+12 5.599999999999991e+12
 5.599999999999991e+12 5.599999999999991e+12 5.599999999999991e+12 5.599999999999991e+12 5.599999999999991e+12 5.599999999999991e+12 5.599999999999991e+12 5.599999999999991e+12 5.599999999999991e+12 5.599999999999991e+12
 5.599999999999991e+12 5.599999999999991e+12 5.599999999999991e+12 5.599999999999991e+12 5.599999999999991e+12 5.599999999999991e+12 5.599999999999991e+12 5.599999999999991e+12 5.599999999999991e+12 5.599999999999991e+12
 5.599999999999991e+12 5.599999999999991e+12 5.599999999999991e+12 5.599999999999991e+12 5.599999999999991e+12 5.599999999999991e+12 5.599999999999991e+12 5.599999999999991e+12 5.599999999999991e+12 5.599999999999991e+12
 5.599999999999991e+12 5.599999999999991e+12 5.599999999999991e+12 5.599999999999991e+12 5.599999999999991e+12 5.599999999999991e+12 5.599999999999991e+12 5.599999999999991e+12 5.599999999999991e+12 5.599999999999991e+12
 5.599999999999991e+12 5.599999999999991e+12 5.599999999999991e+12 5.599999999999991e+12 5.599999999999991e+12 5.599999999999991e+12 5.599999999999991e+12 5.599999999999991e+12 5.599999999999991e+12 5.599999999999991e+12
 5.599999999999991e+12 5.599999999999991e+12 5.599999999999991e+12 5.599999999999991e+12 5.599999999999991e+12 5.599999999999991e+12 5.599999999999991e+12 5.599999999999991e+12 5.599999999999991e+12 5.599999999999991e+12
 5.599999999999991e+12 5.599999999999991e+12 5.599999999999991e+12 5.599999999999991e+12 5.599999999999991e+12 5.599999999999991e+12 5.599999999999991e+12 5.599999999999991e+12 5.599999999999991e+12 5.599999999999991e+12
 5.599999999999991e+12 5.599999999999991e+12 5.599999999999991e+12 5.599999999999991e+12 5.599999999999991e+12 5.599999999999991e+12 5.599999999999991e+12 5.599999999999991e+12 5.599999999999991e+12 5.599999999999991e+12
 5.599999999999991e+12 5.599999999999991e+12 5.599999999999991e+12 5.599999999999991e+12 5.599999999999991e+12 5.599999999999991e+12 5.599999999999991e+12 5.599999999999991e+12 5.599999999999991e+12 5.599999999999991e+12
 5.599999999999991e+12 5.599999999999991e+12 5.599999999999991e+12 5.599999999999991e+12 5.599999999999991e+12 5.599999999999991e+12 5.599999999999991e+12 5.599999999999991e+12 5.599999999999991e+12 5.599999999999991e+12
 5.599999999999991e+12 5.599999999999991e+12 5.599999999999991e+12 5.599999999999991e+12 5.599999999999991e+12 5.599999999999991e+12 5.599999999999991e+12 5.599999999999991e+12 5.599999999999991e+12 5.599999999999991e+12
 5.599999999999991e+12 5.599999999999991e+12 5.599999999999991e+12 5.599999999999991e+12 5.599999999999991e+12 5.599999999999991e+12 5.599999999999991e+12 5.599999999999991e+12 5.599999999999991e+12 5.599999999999991e+12
 5.599999999999991e+12 5.599999999999991e+12 5.599999999999991e+12 5.599999999999991e+12 5.599999999999991e+12 5.599999999999991e+12 5.599999999999991e+12 5.599999999999991e+12 5.599999999999991e+12 5.599999999999991e+12
 5.599999999999991e+12 5.599999999999991e+12 5.599999999999991e+12 5.599999999999991e+12 5.599999999999991e+12 5.599999999999991e+12 5.599999999999991e+12 5.599999999999991e+12 5.599999999999991e+12 5.599999999999991e+12
 5.599999999999991e+12 5.599999999999991e+12 5.599999999999991e+12 5.599999999999991e+12 5.599999999999991e+12 5.599999999999991e+12 5.599999999999991e+12 5.599999999999991e+12 5.599999999999991e+12 5.599999999999991e+12
 5.599999999999991e+12 5.599999999999991e+12 5.599999999999991e+12 5.599999999999991e+12 5.599999999999991e+12 5.599999999999991e+12 5.599999999999991e+12 5.599999999999991e+12 5.599999999999991e+12 5.599999999999991e+12
 5.599999999999991e+12 5.599999999999991e+12 5.599999999999991e+12 5.599999999999991e+12 5.599999999999991e+12 5.599999999999991e+12 5.599999999999991e+12 5.599999999999991e+12 5.599999999999991e+12 5.599999999999991e+12
 5.599999999999991e+12 5.599999999999991e+12 5.599999999999991e+12 5.599999999999991e+12 5.599999999999991e+12 5.599999999999991e+12 5.599999999999991e+12 5.599999999999991e+12 5.599999999999991e+12 5.599999999999991e+12
 5.599999999999991e+12 5.599999999999991e+12 5.599999999999991e+12 5.599999999999991e+12 5.599999999999991e+12 5.599999999999991e+12 5.599999999999991e+12 5.599999999999991e+12 5.599999999999991e+12 5.599999999999991e+12
 5.599999999999991e+12 5.599999999999991e+12 5.599999999999991e+12 5.599999999999991e+12 5.599999999999991e+12 5.599999999999991e+12 5.599999999999991e+12 5.599999999999991e+12 5.599999999999991e+12 5.599999999999991e+12
 5.599999999999991e+12 5.599999999999991e+12 5.599999999999991e+12 5.599999999999991e+12 5.599999999999991e+12 5.599999999999991e+12 5.599999999999991e+12 5.599999999999991e+12 5.599999999999991e+12 5.599999999999991e+12
 5.599999999999991e+12 5.599999999999991e+12 5.599999999999991e+12 5.599999999999991e+12 5.599999999999991e+12 5.599999999999991e+12 5.599999999999991e+12 5.599999999999991e+12 5.599999999999991e+12 5.599999999999991e+12
 5.599999999999991e+12 5.599999999999991e+12 5.599999999999991e+12 5.599999999999991e+12 5.599999999999991e+12 5.599999999999991e+12 5.599999999999991e+12 5.599999999999991e+12 5.599999999999991e+12 5.599999999999991e+12
 5.599999999999991e+12 5.599999999999991e+12 5.599999999999991e+12 5.599999999999991e+12 5.599999999999991e+12 5.599999999999991e+12 5.599999999999991e+12 5.599999999999991e+12 5.599999999999991e+12 5.599999999999991e+12
 5.599999999999991e+12 5.599999999999991e+12 5.599999999999991e+12 5.599999999999991e+12 5.599999999999991e+12 5.599999999999991e+12 5.599999999999991e+12 5.599999999999991e+12 5.599999999999991e+12 5.599999999999991e+12
 5.599999999999991e+12 5.599999999999991e+12 5.599999999999991e+12 5.599999999999991e+12 5.599999999999991e+12 5.599999999999991e+12 5.599999999999991e+12 5.599999999999991e+12 5.599999999999991e+12 5.599999999999991e+12
 5.599999999999991e+12 5.599999999999991e+12 5.599999999999991e+12 5.599999999999991e+12 5.599999999999991e+12 5.599999999999991e+12 5.599999999999991e+12 5.599999999999991e+12 5.599999999999991e+12 5.599999999999991e+12
 5.599999999999991e+12 5.599999999999991e+12 5.599999999999991e+12 5.599999999999991e+12 5.599999999999991e+12 5.599999999999991e+12 5.599999999999991e+12 5.599999999999991e+12 5.599999999999991e+12 5.599999999999991e+12
 5.599999999999991e+12 5.599999999999991e+12 5.599999999999991e+12 5.599999999999991e+12 5.599999999999991e+12 5.599999999999991e+12 5.599999999999991e+12 5.599999999999991e+12 5.599999999999991e+12 5.599999999999991e+12
 5.599999999999991e+12 5.599999999999991e+12 5.599999999999991e+12 5.599999999999991e+12 5.599999999999991e+12 5.599999999999991e+12 5.599999999999991e+12 5.599999999999991e+12 5.599999999999991e+12 5.599999999999991e+12
 5.599999999999991e+12 5.599999999999991e+12 5.599999999999991e+12 5.599999999999991e+12 5.599999999999991e+12 5.599999999999991e+12 5.599999999999991e+12 5.599999999999991e+12 5.599999999999991e+12 5.599999999999991e+12
 5.599999999999991e+12 5.599999999999991e+12 5.599999999999991e+12 5.599999999999991e+12 5.599999999999991e+12 5.599999999999991e+12 5.599999999999991e+12 5.599999999999991e+12 5.599999999999991e+12 5.599999999999991e+12
 5.599999999999991e+12 5.599999999999991e+12 5.599999999999991e+12 5.599999999999991e+12 5.599999999999991e+12 5.599999999999991e+12 5.599999999999991e+12 5.599999999999991e+12 5.599999999999991e+12 5.599999999999991e+12
 5.599999999999991e+12 5.599999999999991e+12 5.599999999999991e+12 5.599999999999991e+12 5.599999999999991e+12 5.599999999999991e+12 5.599999999999991e+12 5.599999999999991e+12 5.599999999999991e+12 5.599999999999991e+12
 5.599999999999991e+12 5.599999999999991e+12 5.599999999999991e+12 5.599999999999991e+12 5.599999999999991e+12 5.599999999999991e+12 5.599999999999991e+12 5.599999999999991e+12 5.599999999999991e+12 5.599999999999991e+12
 5.599999999999991e+12 5.599999999999991e+12 5.599999999999991e+12 5.599999999999991e+12 5.599999999999991e+12 5.599999999999991e+12 5.599999999999991e+12 5.599999999999991e+12 5.599999999999991e+12 5.599999999999991e+12
 5.599999999999991e+12 5.599999999999991e+12 5.599999999999991e+12 5.599999999999991e+12 5.599999999999991e+12 5.599999999999991e+12 5.599999999999991e+12 5.599999999999991e+12 5.599999999999991e+12 5.599999999999991e+12
 5.599999999999991e+12 5.599999999999991e+12 5.599999999999991e+12 5.599999999999991e+12 5.599999999999991e+12 5.599999999999991e+12 5.599999999999991e+12 5.599999999999991e+12 5.599999999999991e+12 5.599999999999991e+12
 5.599999999999991e+12 5.599999999999991e+12 5.599999999999991e+12 5.599999999999991e+12 5.599999999999991e+12 5.599999999999991e+12 5.599999999999991e+12 5.599999999999991e+12 5.599999999999991e+12 5.599999999999991e+12
 5.599999999999991e+12 5.599999999999991e+12 5.599999999999991e+12 5.599999999999991e+12 5.599999999999991e+12 5.599999999999991e+12 5.599999999999991e+12 5.599999999999991e+12 5.599999999999991e+12 5.599999999999991e+12
 5.599999999999991e+12 5.599999999999991e+12 5.599999999999991e+12 5.599999999999991e+12 5.599999999999991e+12 5.599999999999991e+12 5.599999999999991e+12 5.599999999999991e+12 5.599999999999991e+12 5.599999999999991e+12
 5.599999999999991e+12 5.599999999999991e+12 5.599999999999991e+12 5.599999999999991e+12 5.599999999999991e+12 5.599999999999991e+12 5.599999999999991e+12 5.599999999999991e+12 5.599999999999991e+12 5.599999999999991e+12
 5.599999999999991e+12 5.599999999999991e+12 5.599999999999991e+12 5.599999999999991e+12 5.599999999999991e+12 5.599999999999991e+12 5.599999999999991e+12 5.599999999999991e+12 5.599999999999991e+12 5.599999999999991e+12
 5.599999999999991e+12 5.599999999999991e+12 5.599999999999991e+12 5.599999999999991e+12 5.599999999999991e+12 5.599999999999991e+12 5.599999999999991e+12 5.599999999999991e+12 5.599999999999991e+12 5.599999999999991e+12
 5.599999999999991e+12 5.599999999999991e+12 5.599999999999991e+12 5.599999999999991e+12 5.599999999999991e+12 5.599999999999991e+12 5.599999999999991e+12 5.599999999999991e+12 5.599999999999991e+12 5.599999999999991e+12
 5.599999999999991e+12 5.599999999999991e+12 5.599999999999991e+12 5.599999999999991e+12 5.599999999999991e+12 5.599999999999991e+12 5.599999999999991e+12 5.599999999999991e+12 5.599999999999991e+12 5.599999999999991e+12
 5.599999999999991e+12 5.599999999999991e+12 5.599999999999991e+12 5.599999999999991e+12 5.599999999999991e+12 5.599999999999991e+12 5.599999999999991e+12 5.599999999999991e+12 5.599999999999991e+12 5.599999999999991e+12
 5.599999999999991e+12 5.599999999999991e+12 5.599999999999991e+12 5.599999999999991e+12 5.599999999999991e+12 5.599999999999991e+12 5.599999999999991e+12 5.599999999999991e+12 5.599999999999991e+12 5.599999999999991e+12
 5.599999999999991e+12 5.599999999999991e+12 5.599999999999991e+12 5.599999999999991e+12 5.599999999999991e+12 5.599999999999991e+12 5.599999999999991e+12 5.599999999999991e+12 5.599999999999991e+12 5.599999999999991e+12
 5.599999999999991e+12 5.599999999999991e+12 5.599999999999991e+12 5.599999999999991e+12 5.599999999999991e+12 5.599999999999991e+12 5.599999999999991e+12 5.599999999999991e+12 5.599999999999991e+12 5.599999999999991e+12
 5.599999999999991e+12 5.599999999999991e+12 5.599999999999991e+12 5.599999999999991e+12 5.599999999999991e+12 5.599999999999991e+12 5.599999999999991e+12 5.599999999999991e+12 5.599999999999991e+12 5.599999999999991e+12
 5.599999999999991e+12 5.599999999999991e+12 5.599999999999991e+12 5.599999999999991e+12 5.599999999999991e+12 5.599999999999991e+12 5.599999999999991e+12 5.599999999999991e+12 5.599999999999991e+12 5.599999999999991e+12
 5.599999999999991e+12 5.599999999999991e+12 5.599999999999991e+12 5.599999999999991e+12 5.599999999999991e+12 5.599999999999991e+12 5.599999999999991e+12 5.599999999999991e+12 5.599999999999991e+12 5.599999999999991e+12
 5.599999999999991e+12 5.599999999999991e+12 5.599999999999991e+12 5.599999999999991e+12 5.599999999999991e+12 5.599999999999991e+12 5.599999999999991e+12 5.599999999999991e+12 5.599999999999991e+12 5.599999999999991e+12
 5.599999999999991e+12 5.599999999999991e+12 5.599999999999991e+12 5.599999999999991e+12 5.599999999999991e+12 5.599999999999991e+12 5.599999999999991e+12 5.599999999999991e+12 5.599999999999991e+12 5.599999999999991e+12
 5.599999999999991e+12 5.599999999999991e+12 5.599999999999991e+12 5.599999999999991e+12 5.599999999999991e+12 5.599999999999991e+12 5.599999999999991e+12 5.599999999999991e+12 5.599999999999991e+12 5.599999999999991e+12
 5.599999999999991e+12 5.599999999999991e+12 5.599999999999991e+12 5.599999999999991e+12 5.599999999999991e+12 5.599999999999991e+12 5.599999999999991e+12 5.599999999999991e+12 5.599999999999991e+12 5.599999999999991e+12
 5.599999999999991e+12 5.599999999999991e+12 5.599999999999991e+12 5.599999999999991e+12 5.599999999999991e+12 5.599999999999991e+12 5.599999999999991e+12 5.599999999999991e+12 5.599999999999991e+12 5.599999999999991e+12
 5.599999999999991e+12 5.599999999999991e+12 5.599999999999991e+12 5.599999999999991e+12 5.599999999999991e+12 5.599999999999991e+12 5.599999999999991e+12 5.599999999999991e+12 5.599999999999991e+12 5.599999999999991e+12
 5.599999999999991e+12 5.599999999999991e+12 5.599999999999991e+12 5.599999999999991e+12 5.599999999999991e+12 5.599999999999991e+12 5.599999999999991e+12 5.599999999999991e+12 5.599999999999991e+12 5.599999999999991e+12
 5.599999999999991e+12 5.599999999999991e+12 5.599999999999991e+12 5.599999999999991e+12 5.599999999999991e+12 5.599999999999991e+12 5.599999999999991e+12 5.599999999999991e+12 5.599999999999991e+12 5.599999999999991e+12
 5.599999999999991e+12 5.599999999999991e+12 5.599999999999991e+12 5.599999999999991e+12 5.599999999999991e+12 5.599999999999991e+12 5.599999999999991e+12 5.599999999999991e+12 5.599999999999991e+12 5.599999999999991e+12
 5.599999999999991e+12 5.599999999999991e+12 5.599999999999991e+12 5.599999999999991e+12 5.599999999999991e+12 5.599999999999991e+12 5.599999999999991e+12 5.599999999999991e+12 5.599999999999991e+12 5.599999999999991e+12
 5.599999999999991e+12 5.599999999999991e+12 5.599999999999991e+12 5.599999999999991e+12 5.599999999999991e+12 5.599999999999991e+12 5.599999999999991e+12 5.599999999999991e+12 5.599999999999991e+12 5.599999999999991e+12
 5.599999999999991e+12 5.599999999999991e+12 5.599999999999991e+12 5.599999999999991e+12 5.599999999999991e+12 5.599999999999991e+12 5.599999999999991e+12 5.599999999999991e+12 5.599999999999991e+12 5.599999999999991e+12
 5.599999999999991e+12 5.599999999999991e+12 5.599999999999991e+12 5.599999999999991e+12 5.599999999999991e+12 5.599999999999991e+12 5.599999999999991e+12 5.599999999999991e+12 5.599999999999991e+12 5.599999999999991e+12
 5.599999999999991e+12 5.599999999999991e+12 5.599999999999991e+12 5.599999999999991e+12 5.599999999999991e+12 5.599999999999991e+12 5.599999999999991e+12 5.599999999999991e+12 5.599999999999991e+12 5.599999999999991e+12
 5.599999999999991e+12 5.599999999999991e+12 5.599999999999991e+12 5.599999999999991e+12 5.599999999999991e+12 5.599999999999991e+12 5.599999999999991e+12 5.599999999999991e+12 5.599999999999991e+12 5.599999999999991e+12
 5.599999999999991e+12 5.599999999999991e+12 5.599999999999991e+12 5.599999999999991e+12 5.599999999999991e+12 5.599999999999991e+12 5.599999999999991e+12 5.599999999999991e+12 5.599999999999991e+12 5.599999999999991e+12
 5.599999999999991e+12 5.599999999999991e+12 5.599999999999991e+12 5.599999999999991e+12 5.599999999999991e+12 5.599999999999991e+12 5.599999999999991e+12 5.599999999999991e+12 5.599999999999991e+12 5.599999999999991e+12
 5.599999999999991e+12 5.599999999999991e+12 5.599999999999991e+12 5.599999999999991e+12 5.599999999999991e+12 5.599999999999991e+12 5.599999999999991e+12 5.599999999999991e+12 5.599999999999991e+12 5.599999999999991e+12
 5.599999999999991e+12 5.599999999999991e+12 5.599999999999991e+12 5.599999999999991e+12 5.599999999999991e+12 5.599999999999991e+12 5.599999999999991e+12 5.599999999999991e+12 5.599999999999991e+12 5.599999999999991e+12
 5.599999999999991e+12 5.599999999999991e+12 5.599999999999991e+12 5.599999999999991e+12 5.599999999999991e+12 5.599999999999991e+12 5.599999999999991e+12 5.599999999999991e+12 5.599999999999991e+12 5.599999999999991e+12
 5.599999999999991e+12 5.599999999999991e+12 5.599999999999991e+12 5.599999999999991e+12 5.599999999999991e+12 5.599999999999991e+12 5.599999999999991e+12 5.599999999999991e+12 5.599999999999991e+12 5.599999999999991e+12
 5.599999999999991e+12 5.599999999999991e+12 5.599999999999991e+12 5.599999999999991e+12 5.599999999999991e+12 5.599999999999991e+12 5.599999999999991e+12 5.599999999999991e+12 5.599999999999991e+12 5.599999999999991e+12
 5.599999999999991e+12 5.599999999999991e+12 5.599999999999991e+12 5.599999999999991e+12 5.599999999999991e+12 5.599999999999991e+12 5.599999999999991e+12 5.599999999999991e+12 5.599999999999991e+12 5.599999999999991e+12
 5.599999999999991e+12 5.599999999999991e+12 5.599999999999991e+12 5.599999999999991e+12 5.599999999999991e+12 5.599999999999991e+12 5.599999999999991e+12 5.599999999999991e+12 5.599999999999991e+12 5.599999999999991e+12
 5.599999999999991e+12 5.599999999999991e+12 5.599999999999991e+12 5.599999999999991e+12 5.599999999999991e+12 5.599999999999991e+12 5.599999999999991e+12 5.599999999999991e+12 5.599999999999991e+12 5.599999999999991e+12
 5.599999999999991e+12 5.599999999999991e+12 5.599999999999991e+12 5.599999999999991e+12 5.599999999999991e+12 5.599999999999991e+12 5.599999999999991e+12 5.599999999999991e+12 5.599999999999991e+12 5.599999999999991e+12
 5.599999999999991e+12 5.599999999999991e+12 5.599999999999991e+12 5.599999999999991e+12 5.599999999999991e+12 5.599999999999991e+12 5.599999999999991e+12 5.599999999999991e+12 5.599999999999991e+12 5.599999999999991e+12
 5.599999999999991e+12 5.599999999999991e+12 5.599999999999991e+12 5.599999999999991e+12 5.599999999999991e+12 5.599999999999991e+12 5.599999999999991e+12 5.599999999999991e+12 5.599999999999991e+12 5.599999999999991e+12
 5.599999999999991e+12 5.599999999999991e+12 5.599999999999991e+12 5.599999999999991e+12 5.599999999999991e+12 5.599999999999991e+12 5.599999999999991e+12 5.599999999999991e+12 5.599999999999991e+12 5.599999999999991e+12
 5.599999999999991e+12 5.599999999999991e+12 5.599999999999991e+12 5.599999999999991e+12 5.599999999999991e+12 5.599999999999991e+12 5.599999999999991e+12 5.599999999999991e+12 5.599999999999991e+12 5.599999999999991e+12
 5.599999999999991e+12 5.599999999999991e+12 5.599999999999991e+12 5.599999999999991e+12 5.599999999999991e+12 5.599999999999991e+12 5.599999999999991e+12 5.599999999999991e+12 5.599999999999991e+12 5.599999999999991e+12
 5.599999999999991e+12 5.599999999999991e+12 5.599999999999991e+12 5.599999999999991e+12 5.599999999999991e+12 5.599999999999991e+12 5.599999999999991e+12 5.599999999999991e+12 5.599999999999991e+12 5.599999999999991e+12
 5.599999999999991e+12 5.599999999999991e+12 5.599999999999991e+12 5.599999999999991e+12 5.599999999999991e+12 5.599999999999991e+12 5.599999999999991e+12 5.599999999999991e+12 5.599999999999991e+12 5.599999999999991e+12
 5.599999999999991e+12 5.599999999999991e+12 5.599999999999991e+12 5.599999999999991e+12 5.599999999999991e+12 5.599999999999991e+12 5.599999999999991e+12 5.599999999999991e+12 5.599999999999991e+12 5.599999999999991e+12
 5.599999999999991e+12 5.599999999999991e+12 5.599999999999991e+12 5.599999999999991e+12 5.599999999999991e+12 5.599999999999991e+12 5.599999999999991e+12 5.599999999999991e+12 5.599999999999991e+12 5.599999999999991e+12
 5.599999999999991e+12 5.599999999999991e+12 5.599999999999991e+12 5.599999999999991e+12 5.599999999999991e+12 5.599999999999991e+12 5.599999999999991e+12 5.599999999999991e+12 5.599999999999991e+12 5.599999999999991e+12
 5.599999999999991e+12 5.599999999999991e+12 5.599999999999991e+12 5.599999999999991e+12 5.599999999999991e+12 5.599999999999991e+12 5.599999999999991e+12 5.599999999999991e+12 5.599999999999991e+12 5.599999999999991e+12
 5.599999999999991e+12 5.599999999999991e+12 5.599999999999991e+12 5.599999999999991e+12 5.599999999999991e+12 5.599999999999991e+12 5.599999999999991e+12 5.599999999999991e+12 5.599999999999991e+12 5.599999999999991e+12
 5.599999999999991e+12 5.599999999999991e+12 5.599999999999991e+12 5.599999999999991e+12 5.599999999999991e+12 5.599999999999991e+12 5.599999999999991e+12 5.599999999999991e+12 5.599999999999991e+12 5.599999999999991e+12
 5.599999999999991e+12 5.599999999999991e+12 5.599999999999991e+12 5.599999999999991e+12 5.599999999999991e+12 5.599999999999991e+12 5.599999999999991e+12 5.599999999999991e+12 5.599999999999991e+12 5.599999999999991e+12
 5.599999999999991e+12 5.599999999999991e+12 5.599999999999991e+12 5.599999999999991e+12 5.599999999999991e+12 5.599999999999991e+12 5.599999999999991e+12 5.599999999999991e+12 5.599999999999991e+12 5.599999999999991e+12
 5.599999999999991e+12 5.599999999999991e+12 5.599999999999991e+12 5.599999999999991e+12 5.599999999999991e+12 5.599999999999991e+12 5.599999999999991e+12 5.599999999999991e+12 5.599999999999991e+12 5.599999999999991e+12
 5.599999999999991e+12 5.599999999999991e+12 5.599999999999991e+12 5.599999999999991e+12 5.599999999999991e+12 5.599999999999991e+12 5.599999999999991e+12 5.599999999999991e+12 5.599999999999991e+12 5.599999999999991e+12
 5.599999999999991e+12 5.599999999999991e+12 5.599999999999991e+12 5.599999999999991e+12 5.599999999999991e+12 5.599999999999991e+12 5.599999999999991e+12 5.599999999999991e+12 5.599999999999991e+12 5.599999999999991e+12
 5.599999999999991e+12 5.599999999999991e+12 5.599999999999991e+12 5.599999999999991e+12 5.599999999999991e+12 5.599999999999991e+12 5.599999999999991e+12 5.599999999999991e+12 5.599999999999991e+12 5.599999999999991e+12
 5.599999999999991e+12 5.599999999999991e+12 5.599999999999991e+12 5.599999999999991e+12 5.599999999999991e+12 5.599999999999991e+12 5.599999999999991e+12 5.599999999999991e+12 5.599999999999991e+12 5.599999999999991e+12
 5.599999999999991e+12 5.599999999999991e+12 5.599999999999991e+12 5.599999999999991e+12 5.599999999999991e+12 5.599999999999991e+12 5.599999999999991e+12 5.599999999999991e+12 5.599999999999991e+12 5.599999999999991e+12
 5.599999999999991e+12 5.599999999999991e+12 5.599999999999991e+12 5.599999999999991e+12 5.599999999999991e+12 5.599999999999991e+12 5.599999999999991e+12 5.599999999999991e+12 5.599999999999991e+12 5.599999999999991e+12
 5.599999999999991e+12 5.599999999999991e+12 5.599999999999991e+12 5.599999999999991e+12 5.599999999999991e+12 5.599999999999991e+12 5.599999999999991e+12 5.599999999999991e+12 5.599999999999991e+12 5.599999999999991e+12
 5.599999999999991e+12 5.599999999999991e+12 5.599999999999991e+12 5.599999999999991e+12 5.599999999999991e+12 5.599999999999991e+12 5.599999999999991e+12 5.599999999999991e+12 5.599999999999991e+12 5.599999999999991e+12
 5.599999999999991e+12 5.599999999999991e+12 5.599999999999991e+12 5.599999999999991e+12 5.599999999999991e+12 5.599999999999991e+12 5.599999999999991e+12 5.599999999999991e+12 5.599999999999991e+12 5.599999999999991e+12
 5.599999999999991e+12 5.599999999999991e+12 5.599999999999991e+12 5.599999999999991e+12 5.599999999999991e+12 5.599999999999991e+12 5.599999999999991e+12 5.599999999999991e+12 5.599999999999991e+12 5.599999999999991e+12
 5.599999999999991e+12 5.599999999999991e+12 5.599999999999991e+12 5.599999999999991e+12 5.599999999999991e+12 5.599999999999991e+12 5.599999999999991e+12 5.599999999999991e+12 5.599999999999991e+12 5.599999999999991e+12
 5.599999999999991e+12 5.599999999999991e+12 5.599999999999991e+12 5.599999999999991e+12 5.599999999999991e+12 5.599999999999991e+12 5.599999999999991e+12 5.599999999999991e+12 5.599999999999991e+12 5.599999999999991e+12
 5.599999999999991e+12 5.599999999999991e+12 5.599999999999991e+12 5.599999999999991e+12 5.599999999999991e+12 5.599999999999991e+12 5.599999999999991e+12 5.599999999999991e+12 5.599999999999991e+12 5.599999999999991e+12
 5.599999999999991e+12 5.599999999999991e+12 5.599999999999991e+12 5.599999999999991e+12 5.599999999999991e+12 5.599999999999991e+12 5.599999999999991e+12 5.599999999999991e+12 5.599999999999991e+12 5.599999999999991e+12
 5.599999999999991e+12 5.599999999999991e+12 5.599999999999991e+12 5.599999999999991e+12 5.599999999999991e+12 5.599999999999991e+12 5.599999999999991e+12 1.000000560000000e+19 5.599999999999991e+12 1.000000560000000e+19
 5.599999999999991e+12 1.000000560000000e+19 5.599999999999991e+12 1.000000560000000e+19 5.599999999999991e+12 5.599999999999991e+12 5.599999999999991e+12 5.599999999999991e+12 5.599999999999991e+12 5.599999999999991e+12
 5.599999999999991e+12 5.599999999999991e+12 5.599999999999991e+12 5.599999999999991e+12 5.599999999999991e+12 5.599999999999991e+12 5.599999999999991e+12 5.599999999999991e+12 5.599999999999991e+12 5.599999999999991e+12
 5.599999999999991e+12 1.000000560000000e+19 5.599999999999991e+12 1.000000560000000e+19 5.599999999999991e+12 1.000000560000000e+19 5.599999999999991e+12 1.000000560000000e+19 5.599999999999991e+12 5.599999999999991e+12
 5.599999999999991e+12 5.599999999999991e+12 5.599999999999991e+12 5.599999999999991e+12 5.599999999999991e+12 5.599999999999991e+12 5.599999999999991e+12 5.599999999999991e+12 5.599999999999991e+12 5.599999999999991e+12
 5.599999999999991e+12 5.599999999999991e+12 5.599999999999991e+12 5.599999999999991e+12 5.599999999999991e+12 1.000000560000000e+19 5.599999999999991e+12 1.000000560000000e+19 5.599999999999991e+12 1.000000560000000e+19
 5.599999999999991e+12 1.000000560000000e+19 5.599999999999991e+12 5.599999999999991e+12 5.599999999999991e+12 5.599999999999991e+12 5.599999999999991e+12 5.599999999999991e+12 5.599999999999991e+12 5.599999999999991e+12
 5.599999999999991e+12 5.599999999999991e+12 5.599999999999991e+12 5.599999999999991e+12 5.599999999999991e+12 5.599999999999991e+12 5.599999999999991e+12 5.599999999999991e+12 5.599999999999991e+12 1.000000560000000e+19
 5.599999999999991e+12 1.000000560000000e+19 5.599999999999991e+12 1.000000560000000e+19 5.599999999999991e+12 1.000000560000000e+19 5.599999999999991e+12 5.599999999999991e+12 5.599999999999991e+12 5.599999999999991e+12
 5.599999999999991e+12 5.599999999999991e+12 5.599999999999991e+12 5.599999999999991e+12 5.599999999999991e+12 5.599999999999991e+12 5.599999999999991e+12 5.599999999999991e+12 5.599999999999991e+12 5.599999999999991e+12
 5.599999999999991e+12 5.599999999999991e+12 5.599999999999991e+12 1.000000560000000e+19 5.599999999999991e+12 1.000000560000000e+19 5.599999999999991e+12 1.000000560000000e+19 5.599999999999991e+12 1.000000560000000e+19
 5.599999999999991e+12 5.599999999999991e+12 5.599999999999991e+12 5.599999999999991e+12 5.599999999999991e+12 5.599999999999991e+12 5.599999999999991e+12 5.599999999999991e+12 5.599999999999991e+12 5.599999999999991e+12
 5.599999999999991e+12 5.599999999999991e+12 5.599999999999991e+12 5.599999999999991e+12 5.599999999999991e+12 5.599999999999991e+12 5.599999999999991e+12 1.000000560000000e+19 5.599999999999991e+12 1.000000560000000e+19
 5.599999999999991e+12 1.000000560000000e+19 5.599999999999991e+12 1.000000560000000e+19 5.599999999999991e+12 5.599999999999991e+12 5.599999999999991e+12 5.599999999999991e+12 5.599999999999991e+12 5.599999999999991e+12
 5.599999999999991e+12 5.599999999999991e+12 5.599999999999991e+12 5.599999999999991e+12 5.599999999999991e+12 5.599999999999991e+12 5.599999999999991e+12 5.599999999999991e+12 5.599999999999991e+12 5.599999999999991e+12
 5.599999999999991e+12 1.000000560000000e+19 5.599999999999991e+12 1.000000560000000e+19 5.599999999999991e+12 1.000000560000000e+19 5.599999999999991e+12 1.000000560000000e+19 5.599999999999991e+12 5.599999999999991e+12
 5.599999999999991e+12 5.599999999999991e+12 5.599999999999991e+12 5.599999999999991e+12 5.599999999999991e+12 5.599999999999991e+12 5.599999999999991e+12 5.599999999999991e+12 5.599999999999991e+12 5.599999999999991e+12
 5.599999999999991e+12 5.599999999999991e+12 5.599999999999991e+12 5.599999999999991e+12 5.599999999999991e+12 1.000000560000000e+19 5.599999999999991e+12 1.000000560000000e+19 5.599999999999991e+12 1.000000560000000e+19
 5.599999999999991e+12 1.000000560000000e+19 5.599999999999991e+12 5.599999999999991e+12 5.599999999999991e+12 5.599999999999991e+12 5.599999999999991e+12 5.599999999999991e+12 5.599999999999991e+12 5.599999999999991e+12
 5.599999999999991e+12 5.599999999999991e+12 5.599999999999991e+12 5.599999999999991e+12 5.599999999999991e+12 5.599999999999991e+12 5.599999999999991e+12 5.599999999999991e+12 5.599999999999991e+12 5.599999999999991e+12
 5.599999999999991e+12 5.599999999999991e+12 5.599999999999991e+12 5.599999999999991e+12 5.599999999999991e+12 5.599999999999991e+12 5.599999999999991e+12 5.599999999999991e+12 5.599999999999991e+12 5.599999999999991e+12
 5.599999999999991e+12 5.599999999999991e+12 5.599999999999991e+12 5.599999999999991e+12 5.599999999999991e+12 5.599999999999991e+12 5.599999999999991e+12 5.599999999999991e+12 5.599999999999991e+12 5.599999999999991e+12
 5.599999999999991e+12 5.599999999999991e+12 5.599999999999991e+12 5.599999999999991e+12 5.599999999999991e+12 5.599999999999991e+12 5.599999999999991e+12 5.599999999999991e+12 5.599999999999991e+12 5.599999999999991e+12
 5.599999999999991e+12 5.599999999999991e+12 5.599999999999991e+12 5.599999999999991e+12 5.599999999999991e+12 5.599999999999991e+12 5.599999999999991e+12 5.599999999999991e+12 5.599999999999991e+12 5.599999999999991e+12
 5.599999999999991e+12 5.599999999999991e+12 5.599999999999991e+12 5.599999999999991e+12 5.599999999999991e+12 5.599999999999991e+12 5.599999999999991e+12 5.599999999999991e+12 5.599999999999991e+12 5.599999999999991e+12
 5.599999999999991e+12 5.599999999999991e+12 5.599999999999991e+12 5.599999999999991e+12 5.599999999999991e+12 5.599999999999991e+12 5.599999999999991e+12 5.599999999999991e+12 5.599999999999991e+12 5.599999999999991e+12
 5.599999999999991e+12 5.599999999999991e+12 5.599999999999991e+12 5.599999999999991e+12 5.599999999999991e+12 5.599999999999991e+12 5.599999999999991e+12 5.599999999999991e+12 5.599999999999991e+12 5.599999999999991e+12
 5.599999999999991e+12 5.599999999999991e+12 5.599999999999991e+12 5.599999999999991e+12 5.599999999999991e+12 5.599999999999991e+12 5.599999999999991e+12 5.599999999999991e+12 5.599999999999991e+12 5.599999999999991e+12
 5.599999999999991e+12 5.599999999999991e+12 5.599999999999991e+12 5.599999999999991e+12 5.599999999999991e+12 5.599999999999991e+12 5.599999999999991e+12 5.599999999999991e+12 5.599999999999991e+12 5.599999999999991e+12
 5.599999999999991e+12 5.599999999999991e+12 5.599999999999991e+12 5.599999999999991e+12 5.599999999999991e+12 5.599999999999991e+12 5.599999999999991e+12 5.599999999999991e+12 5.599999999999991e+12 5.599999999999991e+12
 5.599999999999991e+12 5.599999999999991e+12 5.599999999999991e+12 5.599999999999991e+12 5.599999999999991e+12 5.599999999999991e+12 5.599999999999991e+12 5.599999999999991e+12 5.599999999999991e+12 5.599999999999991e+12
 5.599999999999991e+12 5.599999999999991e+12 5.599999999999991e+12 5.599999999999991e+12 5.599999999999991e+12 5.599999999999991e+12 5.599999999999991e+12 5.599999999999991e+12 5.599999999999991e+12 5.599999999999991e+12
 5.599999999999991e+12 5.599999999999991e+12 5.599999999999991e+12 5.599999999999991e+12 5.599999999999991e+12 5.599999999999991e+12 5.599999999999991e+12 5.599999999999991e+12 5.599999999999991e+12 5.599999999999991e+12
 5.599999999999991e+12 5.599999999999991e+12 5.599999999999991e+12 5.599999999999991e+12 5.599999999999991e+12 5.599999999999991e+12 5.599999999999991e+12 5.599999999999991e+12 5.599999999999991e+12 5.599999999999991e+12
 5.599999999999991e+12 5.599999999999991e+12 5.599999999999991e+12 5.599999999999991e+12 5.599999999999991e+12 5.599999999999991e+12 5.599999999999991e+12 5.599999999999991e+12 5.599999999999991e+12 5.599999999999991e+12
 5.599999999999991e+12 5.599999999999991e+12 5.599999999999991e+12 5.599999999999991e+12 5.599999999999991e+12 5.599999999999991e+12 5.599999999999991e+12 5.599999999999991e+12 5.599999999999991e+12 5.599999999999991e+12
 5.599999999999991e+12 5.599999999999991e+12 5.599999999999991e+12 5.599999999999991e+12 5.599999999999991e+12 5.599999999999991e+12 5.599999999999991e+12 5.599999999999991e+12 5.599999999999991e+12 5.599999999999991e+12
 5.599999999999991e+12 5.599999999999991e+12 5.599999999999991e+12 5.599999999999991e+12 5.599999999999991e+12 5.599999999999991e+12 5.599999999999991e+12 5.599999999999991e+12 5.599999999999991e+12 5.599999999999991e+12
 5.599999999999991e+12 5.599999999999991e+12 5.599999999999991e+12 5.599999999999991e+12 5.599999999999991e+12 5.599999999999991e+12 5.599999999999991e+12 5.599999999999991e+12 5.599999999999991e+12 5.599999999999991e+12
 5.599999999999991e+12 5.599999999999991e+12 5.599999999999991e+12 5.599999999999991e+12 5.599999999999991e+12 5.599999999999991e+12 5.599999999999991e+12 5.599999999999991e+12 5.599999999999991e+12 5.599999999999991e+12
 5.599999999999991e+12 5.599999999999991e+12 5.599999999999991e+12 5.599999999999991e+12 5.599999999999991e+12 5.599999999999991e+12 5.599999999999991e+12 5.599999999999991e+12 5.599999999999991e+12 5.599999999999991e+12
 5.599999999999991e+12 5.599999999999991e+12 5.599999999999991e+12 5.599999999999991e+12 5.599999999999991e+12 5.599999999999991e+12 5.599999999999991e+12 5.599999999999991e+12 5.599999999999991e+12 5.599999999999991e+12
 5.599999999999991e+12 5.599999999999991e+12 5.599999999999991e+12 5.599999999999991e+12 5.599999999999991e+12 5.599999999999991e+12 5.599999999999991e+12 5.599999999999991e+12 5.599999999999991e+12 5.599999999999991e+12
 5.599999999999991e+12 5.599999999999991e+12 5.599999999999991e+12 5.599999999999991e+12 5.599999999999991e+12 5.599999999999991e+12 5.599999999999991e+12 5.599999999999991e+12 5.599999999999991e+12 5.599999999999991e+12
 5.599999999999991e+12 5.599999999999991e+12 5.599999999999991e+12 5.599999999999991e+12 5.599999999999991e+12 5.599999999999991e+12 5.599999999999991e+12 5.599999999999991e+12 5.599999999999991e+12 5.599999999999991e+12
 5.599999999999991e+12 5.599999999999991e+12 5.599999999999991e+12 5.599999999999991e+12 5.599999999999991e+12 5.599999999999991e+12 5.599999999999991e+12 5.599999999999991e+12 5.599999999999991e+12 5.599999999999991e+12
 5.599999999999991e+12 5.599999999999991e+12 5.599999999999991e+12 5.599999999999991e+12 5.599999999999991e+12 5.599999999999991e+12 5.599999999999991e+12 5.599999999999991e+12 5.599999999999991e+12 5.599999999999991e+12
 5.599999999999991e+12 5.599999999999991e+12 5.599999999999991e+12 5.599999999999991e+12 5.599999999999991e+12 5.599999999999991e+12 5.599999999999991e+12 5.599999999999991e+12 5.599999999999991e+12 5.599999999999991e+12
 5.599999999999991e+12 5.599999999999991e+12 5.599999999999991e+12 5.599999999999991e+12 5.599999999999991e+12 5.599999999999991e+12 5.599999999999991e+12 5.599999999999991e+12 5.599999999999991e+12 5.599999999999991e+12
 5.599999999999991e+12 5.599999999999991e+12 5.599999999999991e+12 5.599999999999991e+12 5.599999999999991e+12 5.599999999999991e+12 5.599999999999991e+12 5.599999999999991e+12 5.599999999999991e+12 5.599999999999991e+12
 5.599999999999991e+12 5.599999999999991e+12 5.599999999999991e+12 5.599999999999991e+12 5.599999999999991e+12 5.599999999999991e+12 5.599999999999991e+12 5.599999999999991e+12 5.599999999999991e+12 5.599999999999991e+12
 5.599999999999991e+12 5.599999999999991e+12 5.599999999999991e+12 5.599999999999991e+12 5.599999999999991e+12 5.599999999999991e+12 5.599999999999991e+12 5.599999999999991e+12 5.599999999999991e+12 5.599999999999991e+12
 5.599999999999991e+12 5.599999999999991e+12 5.599999999999991e+12 5.599999999999991e+12 5.599999999999991e+12 5.599999999999991e+12 5.599999999999991e+12 5.599999999999991e+12 5.599999999999991e+12 5.599999999999991e+12
 5.599999999999991e+12 5.599999999999991e+12 5.599999999999991e+12 5.599999999999991e+12 5.599999999999991e+12 5.599999999999991e+12 5.599999999999991e+12 5.599999999999991e+12 5.599999999999991e+12 5.599999999999991e+12
 5.599999999999991e+12 5.599999999999991e+12 5.599999999999991e+12 5.599999999999991e+12 5.599999999999991e+12 5.599999999999991e+12 5.599999999999991e+12 5.599999999999991e+12 5.599999999999991e+12 5.599999999999991e+12
 5.599999999999991e+12 5.599999999999991e+12 5.599999999999991e+12 5.599999999999991e+12 5.599999999999991e+12 5.599999999999991e+12 5.599999999999991e+12 5.599999999999991e+12 5.599999999999991e+12 5.599999999999991e+12
 5.599999999999991e+12 5.599999999999991e+12 5.599999999999991e+12 5.599999999999991e+12 5.599999999999991e+12 5.599999999999991e+12 5.599999999999991e+12 5.599999999999991e+12 5.599999999999991e+12 5.599999999999991e+12
 5.599999999999991e+12 5.599999999999991e+12 5.599999999999991e+12 5.599999999999991e+12 5.599999999999991e+12 5.599999999999991e+12 5.599999999999991e+12 5.599999999999991e+12 5.599999999999991e+12 5.599999999999991e+12
 5.599999999999991e+12 5.599999999999991e+12 5.599999999999991e+12 5.599999999999991e+12 5.599999999999991e+12 5.599999999999991e+12 5.599999999999991e+12 5.599999999999991e+12 5.599999999999991e+12 5.599999999999991e+12
 5.599999999999991e+12 5.599999999999991e+12 5.599999999999991e+12 5.599999999999991e+12 5.599999999999991e+12 5.599999999999991e+12 5.599999999999991e+12 5.599999999999991e+12 5.599999999999991e+12 5.599999999999991e+12
 5.599999999999991e+12 5.599999999999991e+12 5.599999999999991e+12 5.599999999999991e+12 5.599999999999991e+12 5.599999999999991e+12 5.599999999999991e+12 5.599999999999991e+12 5.599999999999991e+12 5.599999999999991e+12
 5.599999999999991e+12 5.599999999999991e+12 5.599999999999991e+12 5.599999999999991e+12 5.599999999999991e+12 5.599999999999991e+12 5.599999999999991e+12 5.599999999999991e+12 5.599999999999991e+12 5.599999999999991e+12
 5.599999999999991e+12 5.599999999999991e+12 5.599999999999991e+12 5.599999999999991e+12 5.599999999999991e+12 5.599999999999991e+12 5.599999999999991e+12 5.599999999999991e+12 5.599999999999991e+12 5.599999999999991e+12
 5.599999999999991e+12 5.599999999999991e+12 5.599999999999991e+12 5.599999999999991e+12 5.599999999999991e+12 5.599999999999991e+12 5.599999999999991e+12 5.599999999999991e+12 5.599999999999991e+12 5.599999999999991e+12
 5.599999999999991e+12 5.599999999999991e+12 5.599999999999991e+12 5.599999999999991e+12 5.599999999999991e+12 5.599999999999991e+12 5.599999999999991e+12 5.599999999999991e+12 5.599999999999991e+12 5.599999999999991e+12
 5.599999999999991e+12 5.599999999999991e+12 5.599999999999991e+12 5.599999999999991e+12 5.599999999999991e+12 5.599999999999991e+12 5.599999999999991e+12 5.599999999999991e+12 5.599999999999991e+12 5.599999999999991e+12
 5.599999999999991e+12 5.599999999999991e+12 5.599999999999991e+12 5.599999999999991e+12 5.599999999999991e+12 5.599999999999991e+12 5.599999999999991e+12 5.599999999999991e+12 5.599999999999991e+12 5.599999999999991e+12
 5.599999999999991e+12 5.599999999999991e+12 5.599999999999991e+12 5.599999999999991e+12 5.599999999999991e+12 5.599999999999991e+12 5.599999999999991e+12 5.599999999999991e+12 5.599999999999991e+12 5.599999999999991e+12
 5.599999999999991e+12 5.599999999999991e+12 5.599999999999991e+12 5.599999999999991e+12 5.599999999999991e+12 5.599999999999991e+12 5.599999999999991e+12 5.599999999999991e+12 5.599999999999991e+12 5.599999999999991e+12
 5.599999999999991e+12 5.599999999999991e+12 5.599999999999991e+12 5.599999999999991e+12 5.599999999999991e+12 5.599999999999991e+12 5.599999999999991e+12 5.599999999999991e+12 5.599999999999991e+12 5.599999999999991e+12
 5.599999999999991e+12 5.599999999999991e+12 5.599999999999991e+12 5.599999999999991e+12 5.599999999999991e+12 5.599999999999991e+12 5.599999999999991e+12 5.599999999999991e+12 5.599999999999991e+12 5.599999999999991e+12
 5.599999999999991e+12 5.599999999999991e+12 5.599999999999991e+12 5.599999999999991e+12 5.599999999999991e+12 5.599999999999991e+12 5.599999999999991e+12 5.599999999999991e+12 5.599999999999991e+12 5.599999999999991e+12
 5.599999999999991e+12 5.599999999999991e+12 5.599999999999991e+12 5.599999999999991e+12 5.599999999999991e+12 5.599999999999991e+12 5.599999999999991e+12 5.599999999999991e+12 5.599999999999991e+12 5.599999999999991e+12
 5.599999999999991e+12 5.599999999999991e+12 5.599999999999991e+12 5.599999999999991e+12 5.599999999999991e+12 5.599999999999991e+12 5.599999999999991e+12 5.599999999999991e+12 5.599999999999991e+12 5.599999999999991e+12
 5.599999999999991e+12 5.599999999999991e+12 5.599999999999991e+12 5.599999999999991e+12 5.599999999999991e+12 5.599999999999991e+12 5.599999999999991e+12 5.599999999999991e+12 5.599999999999991e+12 5.599999999999991e+12
 5.599999999999991e+12 5.599999999999991e+12 5.599999999999991e+12 5.599999999999991e+12 5.599999999999991e+12 5.599999999999991e+12 5.599999999999991e+12 5.599999999999991e+12 5.599999999999991e+12 5.599999999999991e+12
 5.599999999999991e+12 5.599999999999991e+12 5.599999999999991e+12 5.599999999999991e+12 5.599999999999991e+12 5.599999999999991e+12 5.599999999999991e+12 5.599999999999991e+12 5.599999999999991e+12 5.599999999999991e+12
 5.599999999999991e+12 5.599999999999991e+12 5.599999999999991e+12 5.599999999999991e+12 5.599999999999991e+12 5.599999999999991e+12 5.599999999999991e+12 5.599999999999991e+12 5.599999999999991e+12 5.599999999999991e+12
 5.599999999999991e+12 5.599999999999991e+12 5.599999999999991e+12 5.599999999999991e+12 5.599999999999991e+12 5.599999999999991e+12 5.599999999999991e+12 5.599999999999991e+12 5.599999999999991e+12 5.599999999999991e+12
 5.599999999999991e+12 5.599999999999991e+12 5.599999999999991e+12 5.599999999999991e+12 5.599999999999991e+12 5.599999999999991e+12 5.599999999999991e+12 5.599999999999991e+12 5.599999999999991e+12 5.599999999999991e+12
 5.599999999999991e+12 5.599999999999991e+12 5.599999999999991e+12 5.599999999999991e+12 5.599999999999991e+12 5.599999999999991e+12 5.599999999999991e+12 5.599999999999991e+12 5.599999999999991e+12 5.599999999999991e+12
 5.599999999999991e+12 5.599999999999991e+12 5.599999999999991e+12 5.599999999999991e+12 5.599999999999991e+12 5.599999999999991e+12 5.599999999999991e+12 5.599999999999991e+12 5.599999999999991e+12 5.599999999999991e+12
 5.599999999999991e+12 5.599999999999991e+12 5.599999999999991e+12 5.599999999999991e+12 5.599999999999991e+12 5.599999999999991e+12 5.599999999999991e+12 5.599999999999991e+12 5.599999999999991e+12 5.599999999999991e+12
 5.599999999999991e+12 5.599999999999991e+12 5.599999999999991e+12 5.599999999999991e+12 5.599999999999991e+12 5.599999999999991e+12 5.599999999999991e+12 5.599999999999991e+12 5.599999999999991e+12 5.599999999999991e+12
 5.599999999999991e+12 5.599999999999991e+12 5.599999999999991e+12 5.599999999999991e+12 5.599999999999991e+12 5.599999999999991e+12 5.599999999999991e+12 5.599999999999991e+12 5.599999999999991e+12 5.599999999999991e+12
 5.599999999999991e+12 5.599999999999991e+12 5.599999999999991e+12 5.599999999999991e+12 5.599999999999991e+12 5.599999999999991e+12 5.599999999999991e+12 5.599999999999991e+12 5.599999999999991e+12 5.599999999999991e+12
 5.599999999999991e+12 5.599999999999991e+12 5.599999999999991e+12 5.599999999999991e+12 5.599999999999991e+12 5.599999999999991e+12 5.599999999999991e+12 5.599999999999991e+12 5.599999999999991e+12 5.599999999999991e+12
 5.599999999999991e+12 5.599999999999991e+12 5.599999999999991e+12 5.599999999999991e+12 5.599999999999991e+12 5.599999999999991e+12 5.599999999999991e+12 5.599999999999991e+12 5.599999999999991e+12 5.599999999999991e+12
 5.599999999999991e+12 5.599999999999991e+12 5.599999999999991e+12 5.599999999999991e+12 5.599999999999991e+12 5.599999999999991e+12 5.599999999999991e+12 5.599999999999991e+12 5.599999999999991e+12 5.599999999999991e+12
 5.599999999999991e+12 5.599999999999991e+12 5.599999999999991e+12 5.599999999999991e+12 5.599999999999991e+12 5.599999999999991e+12 5.599999999999991e+12 5.599999999999991e+12 5.599999999999991e+12 5.599999999999991e+12
 5.599999999999991e+12 5.599999999999991e+12 5.599999999999991e+12 5.599999999999991e+12 5.599999999999991e+12 5.599999999999991e+12 5.599999999999991e+12 5.599999999999991e+12 5.599999999999991e+12 5.599999999999991e+12
 5.599999999999991e+12 5.599999999999991e+12 5.599999999999991e+12 5.599999999999991e+12 5.599999999999991e+12 5.599999999999991e+12 5.599999999999991e+12 5.599999999999991e+12 5.599999999999991e+12 5.599999999999991e+12
 5.599999999999991e+12 5.599999999999991e+12 5.599999999999991e+12 5.599999999999991e+12 5.599999999999991e+12 5.599999999999991e+12 5.599999999999991e+12 5.599999999999991e+12 5.599999999999991e+12 5.599999999999991e+12
 5.599999999999991e+12 5.599999999999991e+12 5.599999999999991e+12 5.599999999999991e+12 5.599999999999991e+12 5.599999999999991e+12 5.599999999999991e+12 5.599999999999991e+12 5.599999999999991e+12 5.599999999999991e+12
 5.599999999999991e+12 5.599999999999991e+12 5.599999999999991e+12 5.599999999999991e+12 5.599999999999991e+12 5.599999999999991e+12 5.599999999999991e+12 5.599999999999991e+12 5.599999999999991e+12 5.599999999999991e+12
 5.599999999999991e+12 5.599999999999991e+12 5.599999999999991e+12 5.599999999999991e+12 5.599999999999991e+12 5.599999999999991e+12 5.599999999999991e+12 5.599999999999991e+12 5.599999999999991e+12 5.599999999999991e+12
 5.599999999999991e+12 5.599999999999991e+12 5.599999999999991e+12 5.599999999999991e+12 5.599999999999991e+12 5.599999999999991e+12 5.599999999999991e+12 5.599999999999991e+12 5.599999999999991e+12 5.599999999999991e+12
 5.599999999999991e+12 5.599999999999991e+12 5.599999999999991e+12 5.599999999999991e+12 5.599999999999991e+12 5.599999999999991e+12 5.599999999999991e+12 5.599999999999991e+12 5.599999999999991e+12 5.599999999999991e+12
 5.599999999999991e+12 5.599999999999991e+12 5.599999999999991e+12 5.599999999999991e+12 5.599999999999991e+12 5.599999999999991e+12 5.599999999999991e+12 5.599999999999991e+12 5.599999999999991e+12 5.599999999999991e+12
 5.599999999999991e+12 5.599999999999991e+12 5.599999999999991e+12 5.599999999999991e+12 5.599999999999991e+12 5.599999999999991e+12 5.599999999999991e+12 5.599999999999991e+12 5.599999999999991e+12 5.599999999999991e+12
 5.599999999999991e+12 5.599999999999991e+12 5.599999999999991e+12 5.599999999999991e+12 5.599999999999991e+12 5.599999999999991e+12 5.599999999999991e+12 5.599999999999991e+12 5.599999999999991e+12 5.599999999999991e+12
 5.599999999999991e+12 5.599999999999991e+12 5.599999999999991e+12 5.599999999999991e+12 5.599999999999991e+12 5.599999999999991e+12 5.599999999999991e+12 5.599999999999991e+12 5.599999999999991e+12 5.599999999999991e+12
 5.599999999999991e+12 5.599999999999991e+12 5.599999999999991e+12 5.599999999999991e+12 5.599999999999991e+12 5.599999999999991e+12 5.599999999999991e+12 5.599999999999991e+12 5.599999999999991e+12 5.599999999999991e+12
 5.599999999999991e+12 5.599999999999991e+12 5.599999999999991e+12 5.599999999999991e+12 5.599999999999991e+12 5.599999999999991e+12 5.599999999999991e+12 5.599999999999991e+12 5.599999999999991e+12 5.599999999999991e+12
 5.599999999999991e+12 5.599999999999991e+12 5.599999999999991e+12 5.599999999999991e+12 5.599999999999991e+12 5.599999999999991e+12 5.599999999999991e+12 5.599999999999991e+12 5.599999999999991e+12 5.599999999999991e+12
 5.599999999999991e+12 5.599999999999991e+12 5.599999999999991e+12 5.599999999999991e+12 5.599999999999991e+12 5.599999999999991e+12 5.599999999999991e+12 5.599999999999991e+12 5.599999999999991e+12 5.599999999999991e+12
 5.599999999999991e+12 5.599999999999991e+12 5.599999999999991e+12 5.599999999999991e+12 5.599999999999991e+12 5.599999999999991e+12 5.599999999999991e+12 5.599999999999991e+12 5.599999999999991e+12 5.599999999999991e+12
 5.599999999999991e+12 5.599999999999991e+12 5.599999999999991e+12 5.599999999999991e+12 5.599999999999991e+12 5.599999999999991e+12 5.599999999999991e+12 5.599999999999991e+12 5.599999999999991e+12 5.599999999999991e+12
 5.599999999999991e+12 5.599999999999991e+12 5.599999999999991e+12 5.599999999999991e+12 5.599999999999991e+12 5.599999999999991e+12 5.599999999999991e+12 5.599999999999991e+12 5.599999999999991e+12 5.599999999999991e+12
 5.599999999999991e+12 5.599999999999991e+12 5.599999999999991e+12 5.599999999999991e+12 5.599999999999991e+12 5.599999999999991e+12 5.599999999999991e+12 5.599999999999991e+12 5.599999999999991e+12 5.599999999999991e+12
 5.599999999999991e+12 5.599999999999991e+12 5.599999999999991e+12 5.599999999999991e+12 5.599999999999991e+12 5.599999999999991e+12 5.599999999999991e+12 5.599999999999991e+12 5.599999999999991e+12 5.599999999999991e+12
 5.599999999999991e+12 5.599999999999991e+12 5.599999999999991e+12 5.599999999999991e+12 5.599999999999991e+12 5.599999999999991e+12 5.599999999999991e+12 5.599999999999991e+12 5.599999999999991e+12 5.599999999999991e+12
 5.599999999999991e+12 5.599999999999991e+12 5.599999999999991e+12 5.599999999999991e+12 5.599999999999991e+12 5.599999999999991e+12 5.599999999999991e+12 5.599999999999991e+12 5.599999999999991e+12 5.599999999999991e+12
 5.599999999999991e+12 5.599999999999991e+12 5.599999999999991e+12 5.599999999999991e+12 5.599999999999991e+12 5.599999999999991e+12 5.599999999999991e+12 5.599999999999991e+12 5.599999999999991e+12 5.599999999999991e+12
 5.599999999999991e+12 5.599999999999991e+12 5.599999999999991e+12 5.599999999999991e+12 5.599999999999991e+12 5.599999999999991e+12 5.599999999999991e+12 5.599999999999991e+12 5.599999999999991e+12 5.599999999999991e+12
 5.599999999999991e+12 5.599999999999991e+12 5.599999999999991e+12 5.599999999999991e+12 5.599999999999991e+12 5.599999999999991e+12 5.599999999999991e+12 5.599999999999991e+12 5.599999999999991e+12 5.599999999999991e+12
 5.599999999999991e+12 5.599999999999991e+12 5.599999999999991e+12 5.599999999999991e+12 5.599999999999991e+12 5.599999999999991e+12 5.599999999999991e+12 5.599999999999991e+12 5.599999999999991e+12 5.599999999999991e+12
 5.599999999999991e+12 5.599999999999991e+12 5.599999999999991e+12 5.599999999999991e+12 5.599999999999991e+12 5.599999999999991e+12 5.599999999999991e+12 5.599999999999991e+12 5.599999999999991e+12 5.599999999999991e+12
 5.599999999999991e+12 5.599999999999991e+12 5.599999999999991e+12 5.599999999999991e+12 5.599999999999991e+12 5.599999999999991e+12 5.599999999999991e+12 5.599999999999991e+12 5.599999999999991e+12 5.599999999999991e+12
 5.599999999999991e+12 1.000000560000000e+19 5.599999999999991e+12 1.000000560000000e+19 5.599999999999991e+12 1.000000560000000e+19 5.599999999999991e+12 1.000000560000000e+19 5.599999999999991e+12 5.599999999999991e+12
 5.599999999999991e+12 5.599999999999991e+12 5.599999999999991e+12 5.599999999999991e+12 5.599999999999991e+12 5.599999999999991e+12 5.599999999999991e+12 5.599999999999991e+12 5.599999999999991e+12 5.599999999999991e+12
 5.599999999999991e+12 5.599999999999991e+12 5.599999999999991e+12 5.599999999999991e+12 5.599999999999991e+12 1.000000560000000e+19 5.599999999999991e+12 1.000000560000000e+19 5.599999999999991e+12 1.000000560000000e+19
 5.599999999999991e+12 1.000000560000000e+19 5.599999999999991e+12 5.599999999999991e+12 5.599999999999991e+12 5.599999999999991e+12 5.599999999999991e+12 5.599999999999991e+12 5.599999999999991e+12 5.599999999999991e+12
 5.599999999999991e+12 5.599999999999991e+12 5.599999999999991e+12 5.599999999999991e+12 5.599999999999991e+12 5.599999999999991e+12 5.599999999999991e+12 5.599999999999991e+12 5.599999999999991e+12 1.000000560000000e+19
 5.599999999999991e+12 1.000000560000000e+19 5.599999999999991e+12 1.000000560000000e+19 5.599999999999991e+12 1.000000560000000e+19 5.599999999999991e+12 5.599999999999991e+12 5.599999999999991e+12 5.599999999999991e+12
 5.599999999999991e+12 5.599999999999991e+12 5.599999999999991e+12 5.599999999999991e+12 5.599999999999991e+12 5.599999999999991e+12 5.599999999999991e+12 5.599999999999991e+12 5.599999999999991e+12 5.599999999999991e+12
 5.599999999999991e+12 5.599999999999991e+12 5.599999999999991e+12 1.000000560000000e+19 5.599999999999991e+12 1.000000560000000e+19 5.599999999999991e+12 1.000000560000000e+19 5.599999999999991e+12 1.000000560000000e+19
 5.599999999999991e+12 5.599999999999991e+12 5.599999999999991e+12 5.599999999999991e+12 5.599999999999991e+12 5.599999999999991e+12 5.599999999999991e+12 5.599999999999991e+12 5.599999999999991e+12 5.599999999999991e+12
 5.599999999999991e+12 5.599999999999991e+12 5.599999999999991e+12 5.599999999999991e+12 5.599999999999991e+12 5.599999999999991e+12 5.599999999999991e+12 5.599999999999991e+12 5.599999999999991e+12 5.599999999999991e+12
 5.599999999999991e+12 5.599999999999991e+12 5.599999999999991e+12 5.599999999999991e+12 5.599999999999991e+12 5.599999999999991e+12 5.599999999999991e+12 5.599999999999991e+12 5.599999999999991e+12 5.599999999999991e+12
 5.599999999999991e+12 5.599999999999991e+12 5.599999999999991e+12 5.599999999999991e+12 5.599999999999991e+12 5.599999999999991e+12 5.599999999999991e+12 5.599999999999991e+12 5.599999999999991e+12 5.599999999999991e+12
 5.599999999999991e+12 5.599999999999991e+12 5.599999999999991e+12 5.599999999999991e+12 5.599999999999991e+12 5.599999999999991e+12 5.599999999999991e+12 5.599999999999991e+12 5.599999999999991e+12 5.599999999999991e+12
 5.599999999999991e+12 5.599999999999991e+12 5.599999999999991e+12 5.599999999999991e+12 5.599999999999991e+12 5.599999999999991e+12 5.599999999999991e+12 5.599999999999991e+12 5.599999999999991e+12 5.599999999999991e+12
 5.599999999999991e+12 5.599999999999991e+12 5.599999999999991e+12 5.599999999999991e+12 5.599999999999991e+12 5.599999999999991e+12 5.599999999999991e+12 5.599999999999991e+12 5.599999999999991e+12 5.599999999999991e+12
 5.599999999999991e+12 5.599999999999991e+12 5.599999999999991e+12 5.599999999999991e+12 5.599999999999991e+12 5.599999999999991e+12 5.599999999999991e+12 5.599999999999991e+12 5.599999999999991e+12 5.599999999999991e+12
 5.599999999999991e+12 5.599999999999991e+12 5.599999999999991e+12 5.599999999999991e+12 5.599999999999991e+12 5.599999999999991e+12 5.599999999999991e+12 5.599999999999991e+12 5.599999999999991e+12 5.599999999999991e+12
 5.599999999999991e+12 5.599999999999991e+12 5.599999999999991e+12 5.599999999999991e+12 5.599999999999991e+12 5.599999999999991e+12 5.599999999999991e+12 5.599999999999991e+12 5.599999999999991e+12 5.599999999999991e+12
 5.599999999999991e+12 5.599999999999991e+12 5.599999999999991e+12 5.599999999999991e+12 5.599999999999991e+12 5.599999999999991e+12 5.599999999999991e+12 5.599999999999991e+12 5.599999999999991e+12 5.599999999999991e+12
 5.599999999999991e+12 5.599999999999991e+12 5.599999999999991e+12 5.599999999999991e+12 5.599999999999991e+12 5.599999999999991e+12 5.599999999999991e+12 5.599999999999991e+12 5.599999999999991e+12 5.599999999999991e+12
 5.599999999999991e+12 5.599999999999991e+12 5.599999999999991e+12 5.599999999999991e+12 5.599999999999991e+12 5.599999999999991e+12 5.599999999999991e+12 5.599999999999991e+12 5.599999999999991e+12 5.599999999999991e+12
 5.599999999999991e+12 5.599999999999991e+12 5.599999999999991e+12 5.599999999999991e+12 5.599999999999991e+12 5.599999999999991e+12 5.599999999999991e+12 5.599999999999991e+12 5.599999999999991e+12 5.599999999999991e+12
 5.599999999999991e+12 5.599999999999991e+12 5.599999999999991e+12 5.599999999999991e+12 5.599999999999991e+12 5.599999999999991e+12 5.599999999999991e+12 5.599999999999991e+12 5.599999999999991e+12 5.599999999999991e+12
 5.599999999999991e+12 5.599999999999991e+12 5.599999999999991e+12 5.599999999999991e+12 5.599999999999991e+12 5.599999999999991e+12 5.599999999999991e+12 5.599999999999991e+12 5.599999999999991e+12 5.599999999999991e+12
 5.599999999999991e+12 5.599999999999991e+12 5.599999999999991e+12 5.599999999999991e+12 5.599999999999991e+12 5.599999999999991e+12 5.599999999999991e+12 5.599999999999991e+12 5.599999999999991e+12 5.599999999999991e+12
 5.599999999999991e+12 5.599999999999991e+12 5.599999999999991e+12 5.599999999999991e+12 5.599999999999991e+12 5.599999999999991e+12 5.599999999999991e+12 5.599999999999991e+12 5.599999999999991e+12 5.599999999999991e+12
 5.599999999999991e+12 5.599999999999991e+12 5.599999999999991e+12 5.599999999999991e+12 5.599999999999991e+12 5.599999999999991e+12 5.599999999999991e+12 5.599999999999991e+12 5.599999999999991e+12 5.599999999999991e+12
 5.599999999999991e+12 5.599999999999991e+12 5.599999999999991e+12 5.599999999999991e+12 5.599999999999991e+12 5.599999999999991e+12 5.599999999999991e+12 5.599999999999991e+12 5.599999999999991e+12 5.599999999999991e+12
 5.599999999999991e+12 5.599999999999991e+12 5.599999999999991e+12 5.599999999999991e+12 5.599999999999991e+12 5.599999999999991e+12 5.599999999999991e+12 5.599999999999991e+12 5.599999999999991e+12 5.599999999999991e+12
 5.599999999999991e+12 5.599999999999991e+12 5.599999999999991e+12 5.599999999999991e+12 5.599999999999991e+12 5.599999999999991e+12 5.599999999999991e+12 5.599999999999991e+12 5.599999999999991e+12 5.599999999999991e+12
 5.599999999999991e+12 5.599999999999991e+12 5.599999999999991e+12 5.599999999999991e+12 5.599999999999991e+12 5.599999999999991e+12 5.599999999999991e+12 5.599999999999991e+12 5.599999999999991e+12 5.599999999999991e+12
 5.599999999999991e+12 5.599999999999991e+12 5.599999999999991e+12 5.599999999999991e+12 5.599999999999991e+12 5.599999999999991e+12 5.599999999999991e+12 5.599999999999991e+12 5.599999999999991e+12 5.599999999999991e+12
 5.599999999999991e+12 5.599999999999991e+12 5.599999999999991e+12 5.599999999999991e+12 5.599999999999991e+12 5.599999999999991e+12 5.599999999999991e+12 5.599999999999991e+12 5.599999999999991e+12 5.599999999999991e+12
 5.599999999999991e+12 5.599999999999991e+12 5.599999999999991e+12 5.599999999999991e+12 5.599999999999991e+12 5.599999999999991e+12 5.599999999999991e+12 5.599999999999991e+12 5.599999999999991e+12 5.599999999999991e+12
 5.599999999999991e+12 5.599999999999991e+12 5.599999999999991e+12 5.599999999999991e+12 5.599999999999991e+12 5.599999999999991e+12 5.599999999999991e+12 5.599999999999991e+12 5.599999999999991e+12 5.599999999999991e+12
 5.599999999999991e+12 5.599999999999991e+12 5.599999999999991e+12 5.599999999999991e+12 5.599999999999991e+12 5.599999999999991e+12 5.599999999999991e+12 5.599999999999991e+12 5.599999999999991e+12 5.599999999999991e+12
 5.599999999999991e+12 5.599999999999991e+12 5.599999999999991e+12 5.599999999999991e+12 5.599999999999991e+12 5.599999999999991e+12 5.599999999999991e+12 5.599999999999991e+12 5.599999999999991e+12 5.599999999999991e+12
 5.599999999999991e+12 5.599999999999991e+12 5.599999999999991e+12 5.599999999999991e+12 5.599999999999991e+12 5.599999999999991e+12 5.599999999999991e+12 5.599999999999991e+12 5.599999999999991e+12 5.599999999999991e+12
 5.599999999999991e+12 5.599999999999991e+12 5.599999999999991e+12 5.599999999999991e+12 5.599999999999991e+12 5.599999999999991e+12 5.599999999999991e+12 5.599999999999991e+12 5.599999999999991e+12 5.599999999999991e+12
 5.599999999999991e+12 5.599999999999991e+12 5.599999999999991e+12 5.599999999999991e+12 5.599999999999991e+12 5.599999999999991e+12 5.599999999999991e+12 5.599999999999991e+12 5.599999999999991e+12 5.599999999999991e+12
 5.599999999999991e+12 5.599999999999991e+12 5.599999999999991e+12 5.599999999999991e+12 5.599999999999991e+12 5.599999999999991e+12 5.599999999999991e+12 5.599999999999991e+12 5.599999999999991e+12 5.599999999999991e+12
 5.599999999999991e+12 5.599999999999991e+12 5.599999999999991e+12 5.599999999999991e+12 5.599999999999991e+12 5.599999999999991e+12 5.599999999999991e+12 5.599999999999991e+12 5.599999999999991e+12 5.599999999999991e+12
 5.599999999999991e+12 5.599999999999991e+12 5.599999999999991e+12 5.599999999999991e+12 5.599999999999991e+12 5.599999999999991e+12 5.599999999999991e+12 5.599999999999991e+12 5.599999999999991e+12 5.599999999999991e+12
 5.599999999999991e+12 5.599999999999991e+12 5.599999999999991e+12 5.599999999999991e+12 5.599999999999991e+12 5.599999999999991e+12 5.599999999999991e+12 5.599999999999991e+12 5.599999999999991e+12 5.599999999999991e+12
 5.599999999999991e+12 5.599999999999991e+12 5.599999999999991e+12 5.599999999999991e+12 5.599999999999991e+12 5.599999999999991e+12 5.599999999999991e+12 5.599999999999991e+12 5.599999999999991e+12 5.599999999999991e+12
 5.599999999999991e+12 5.599999999999991e+12 5.599999999999991e+12 5.599999999999991e+12 5.599999999999991e+12 5.599999999999991e+12 5.599999999999991e+12 5.599999999999991e+12 5.599999999999991e+12 5.599999999999991e+12
 5.599999999999991e+12 5.599999999999991e+12 5.599999999999991e+12 5.599999999999991e+12 5.599999999999991e+12 5.599999999999991e+12 5.599999999999991e+12 5.599999999999991e+12 5.599999999999991e+12 5.599999999999991e+12
 5.599999999999991e+12 5.599999999999991e+12 5.599999999999991e+12 5.599999999999991e+12 5.599999999999991e+12 5.599999999999991e+12 5.599999999999991e+12 5.599999999999991e+12 5.599999999999991e+12 5.599999999999991e+12
 5.599999999999991e+12 5.599999999999991e+12 5.599999999999991e+12 5.599999999999991e+12 5.599999999999991e+12 5.599999999999991e+12 5.599999999999991e+12 5.599999999999991e+12 5.599999999999991e+12 5.599999999999991e+12
 5.599999999999991e+12 5.599999999999991e+12 5.599999999999991e+12 5.599999999999991e+12 5.599999999999991e+12 5.599999999999991e+12 5.599999999999991e+12 5.599999999999991e+12 5.599999999999991e+12 5.599999999999991e+12
 5.599999999999991e+12 5.599999999999991e+12 5.599999999999991e+12 5.599999999999991e+12 5.599999999999991e+12 5.599999999999991e+12 5.599999999999991e+12 5.599999999999991e+12 5.599999999999991e+12 5.599999999999991e+12
 5.599999999999991e+12 5.599999999999991e+12 5.599999999999991e+12 5.599999999999991e+12 5.599999999999991e+12 5.599999999999991e+12 5.599999999999991e+12 5.599999999999991e+12 5.599999999999991e+12 5.599999999999991e+12
 5.599999999999991e+12 5.599999999999991e+12 5.599999999999991e+12 5.599999999999991e+12 5.599999999999991e+12 5.599999999999991e+12 5.599999999999991e+12 5.599999999999991e+12 5.599999999999991e+12 5.599999999999991e+12
 5.599999999999991e+12 5.599999999999991e+12 5.599999999999991e+12 5.599999999999991e+12 5.599999999999991e+12 5.599999999999991e+12 5.599999999999991e+12 5.599999999999991e+12 5.599999999999991e+12 5.599999999999991e+12
 5.599999999999991e+12 5.599999999999991e+12 5.599999999999991e+12 5.599999999999991e+12 5.599999999999991e+12 5.599999999999991e+12 5.599999999999991e+12 5.599999999999991e+12 5.599999999999991e+12 5.599999999999991e+12
 5.599999999999991e+12 5.599999999999991e+12 5.599999999999991e+12 5.599999999999991e+12 5.599999999999991e+12 5.599999999999991e+12 5.599999999999991e+12 5.599999999999991e+12 5.599999999999991e+12 5.599999999999991e+12
 5.599999999999991e+12 5.599999999999991e+12 5.599999999999991e+12 5.599999999999991e+12 5.599999999999991e+12 5.599999999999991e+12 5.599999999999991e+12 5.599999999999991e+12 5.599999999999991e+12 5.599999999999991e+12
 5.599999999999991e+12 5.599999999999991e+12 5.599999999999991e+12 5.599999999999991e+12 5.599999999999991e+12 5.599999999999991e+12 5.599999999999991e+12 5.599999999999991e+12 5.599999999999991e+12 5.599999999999991e+12
 5.599999999999991e+12 5.599999999999991e+12 5.599999999999991e+12 5.599999999999991e+12 5.599999999999991e+12 5.599999999999991e+12 5.599999999999991e+12 5.599999999999991e+12 5.599999999999991e+12 5.599999999999991e+12
 5.599999999999991e+12 5.599999999999991e+12 5.599999999999991e+12 1.000000560000000e+19 5.599999999999991e+12 1.000000560000000e+19 5.599999999999991e+12 1.000000560000000e+19 5.599999999999991e+12 1.000000560000000e+19
 5.599999999999991e+12 5.599999999999991e+12 5.599999999999991e+12 5.599999999999991e+12 5.599999999999991e+12 5.599999999999991e+12 5.599999999999991e+12 5.599999999999991e+12 5.599999999999991e+12 5.599999999999991e+12
 5.599999999999991e+12 5.599999999999991e+12 5.599999999999991e+12 5.599999999999991e+12 5.599999999999991e+12 5.599999999999991e+12 5.599999999999991e+12 1.000000560000000e+19 5.599999999999991e+12 1.000000560000000e+19
 5.599999999999991e+12 1.000000560000000e+19 5.599999999999991e+12 1.000000560000000e+19 5.599999999999991e+12 5.599999999999991e+12 5.599999999999991e+12 5.599999999999991e+12 5.599999999999991e+12 5.599999999999991e+12
 5.599999999999991e+12 5.599999999999991e+12 5.599999999999991e+12 5.599999999999991e+12 5.599999999999991e+12 5.599999999999991e+12 5.599999999999991e+12 5.599999999999991e+12 5.599999999999991e+12 5.599999999999991e+12
 5.599999999999991e+12 5.599999999999991e+12 5.599999999999991e+12 5.599999999999991e+12 5.599999999999991e+12 5.599999999999991e+12 5.599999999999991e+12 5.599999999999991e+12 5.599999999999991e+12 5.599999999999991e+12
 5.599999999999991e+12 5.599999999999991e+12 5.599999999999991e+12 5.599999999999991e+12 5.599999999999991e+12 5.599999999999991e+12 5.599999999999991e+12 5.599999999999991e+12 5.599999999999991e+12 5.599999999999991e+12
 5.599999999999991e+12 5.599999999999991e+12 5.599999999999991e+12 5.599999999999991e+12 5.599999999999991e+12 5.599999999999991e+12 5.599999999999991e+12 5.599999999999991e+12 5.599999999999991e+12 5.599999999999991e+12
 5.599999999999991e+12 5.599999999999991e+12 5.599999999999991e+12 5.599999999999991e+12 5.599999999999991e+12 5.599999999999991e+12 5.599999999999991e+12 5.599999999999991e+12 5.599999999999991e+12 5.599999999999991e+12
 5.599999999999991e+12 5.599999999999991e+12 5.599999999999991e+12 5.599999999999991e+12 5.599999999999991e+12 5.599999999999991e+12 5.599999999999991e+12 5.599999999999991e+12 5.599999999999991e+12 5.599999999999991e+12
 5.599999999999991e+12 5.599999999999991e+12 5.599999999999991e+12 5.599999999999991e+12 5.599999999999991e+12 5.599999999999991e+12 5.599999999999991e+12 5.599999999999991e+12 5.599999999999991e+12 5.599999999999991e+12
 5.599999999999991e+12 5.599999999999991e+12 5.599999999999991e+12 5.599999999999991e+12 5.599999999999991e+12 5.599999999999991e+12 5.599999999999991e+12 5.599999999999991e+12 5.599999999999991e+12 5.599999999999991e+12
 5.599999999999991e+12 5.599999999999991e+12 5.599999999999991e+12 5.599999999999991e+12 5.599999999999991e+12 5.599999999999991e+12 5.599999999999991e+12 5.599999999999991e+12 5.599999999999991e+12 5.599999999999991e+12
 5.599999999999991e+12 5.599999999999991e+12 5.599999999999991e+12 5.599999999999991e+12 5.599999999999991e+12 5.599999999999991e+12 5.599999999999991e+12 5.599999999999991e+12 5.599999999999991e+12 5.599999999999991e+12
 5.599999999999991e+12 5.599999999999991e+12 5.599999999999991e+12 5.599999999999991e+12 5.599999999999991e+12 5.599999999999991e+12 5.599999999999991e+12 5.599999999999991e+12 5.599999999999991e+12 5.599999999999991e+12
 5.599999999999991e+12 5.599999999999991e+12 5.599999999999991e+12 5.599999999999991e+12 5.599999999999991e+12 5.599999999999991e+12 5.599999999999991e+12 5.599999999999991e+12 5.599999999999991e+12 5.599999999999991e+12
 5.599999999999991e+12 5.599999999999991e+12 5.599999999999991e+12 5.599999999999991e+12 5.599999999999991e+12 5.599999999999991e+12 5.599999999999991e+12 5.599999999999991e+12 5.599999999999991e+12 5.599999999999991e+12
 5.599999999999991e+12 5.599999999999991e+12 5.599999999999991e+12 5.599999999999991e+12 5.599999999999991e+12 5.599999999999991e+12 5.599999999999991e+12 5.599999999999991e+12 5.599999999999991e+12 5.599999999999991e+12
 5.599999999999991e+12 5.599999999999991e+12 5.599999999999991e+12 5.599999999999991e+12 5.599999999999991e+12 5.599999999999991e+12 5.599999999999991e+12 5.599999999999991e+12 5.599999999999991e+12 5.599999999999991e+12
 5.599999999999991e+12 5.599999999999991e+12 5.599999999999991e+12 5.599999999999991e+12 5.599999999999991e+12 5.599999999999991e+12 5.599999999999991e+12 5.599999999999991e+12 5.599999999999991e+12 5.599999999999991e+12
 5.599999999999991e+12 5.599999999999991e+12 5.599999999999991e+12 5.599999999999991e+12 5.599999999999991e+12 5.599999999999991e+12 5.599999999999991e+12 5.599999999999991e+12 5.599999999999991e+12 5.599999999999991e+12
 5.599999999999991e+12 5.599999999999991e+12 5.599999999999991e+12 5.599999999999991e+12 5.599999999999991e+12 5.599999999999991e+12 5.599999999999991e+12 5.599999999999991e+12 5.599999999999991e+12 5.599999999999991e+12
 5.599999999999991e+12 5.599999999999991e+12 5.599999999999991e+12 5.599999999999991e+12 5.599999999999991e+12 5.599999999999991e+12 5.599999999999991e+12 5.599999999999991e+12 5.599999999999991e+12 5.599999999999991e+12
 5.599999999999991e+12 5.599999999999991e+12 5.599999999999991e+12 5.599999999999991e+12 5.599999999999991e+12 5.599999999999991e+12 5.599999999999991e+12 5.599999999999991e+12 5.599999999999991e+12 5.599999999999991e+12
 5.599999999999991e+12 5.599999999999991e+12 5.599999999999991e+12 5.599999999999991e+12 5.599999999999991e+12 5.599999999999991e+12 5.599999999999991e+12 5.599999999999991e+12 5.599999999999991e+12 5.599999999999991e+12
 5.599999999999991e+12 5.599999999999991e+12 5.599999999999991e+12 5.599999999999991e+12 5.599999999999991e+12 5.599999999999991e+12 5.599999999999991e+12 5.599999999999991e+12 5.599999999999991e+12 5.599999999999991e+12
 5.599999999999991e+12 5.599999999999991e+12 5.599999999999991e+12 5.599999999999991e+12 5.599999999999991e+12 5.599999999999991e+12 5.599999999999991e+12 5.599999999999991e+12 5.599999999999991e+12 5.599999999999991e+12
 5.599999999999991e+12 5.599999999999991e+12 5.599999999999991e+12 5.599999999999991e+12 5.599999999999991e+12 5.599999999999991e+12 5.599999999999991e+12 5.599999999999991e+12 5.599999999999991e+12 5.599999999999991e+12
 5.599999999999991e+12 5.599999999999991e+12 5.599999999999991e+12 5.599999999999991e+12 5.599999999999991e+12 5.599999999999991e+12 5.599999999999991e+12 5.599999999999991e+12 5.599999999999991e+12 5.599999999999991e+12
 5.599999999999991e+12 5.599999999999991e+12 5.599999999999991e+12 5.599999999999991e+12 5.599999999999991e+12 5.599999999999991e+12 5.599999999999991e+12 5.599999999999991e+12 5.599999999999991e+12 1.000000560000000e+19
 5.599999999999991e+12 1.000000560000000e+19 5.599999999999991e+12 1.000000560000000e+19 5.599999999999991e+12 1.000000560000000e+19 5.599999999999991e+12 5.599999999999991e+12 5.599999999999991e+12 5.599999999999991e+12
 5.599999999999991e+12 5.599999999999991e+12 5.599999999999991e+12 5.599999999999991e+12 5.599999999999991e+12 5.599999999999991e+12 5.599999999999991e+12 5.599999999999991e+12 5.599999999999991e+12 5.599999999999991e+12
 5.599999999999991e+12 5.599999999999991e+12 5.599999999999991e+12 5.599999999999991e+12 5.599999999999991e+12 5.599999999999991e+12 5.599999999999991e+12 5.599999999999991e+12 5.599999999999991e+12 5.599999999999991e+12
 5.599999999999991e+12 5.599999999999991e+12 5.599999999999991e+12 5.599999999999991e+12 5.599999999999991e+12 5.599999999999991e+12 5.599999999999991e+12 5.599999999999991e+12 5.599999999999991e+12 5.599999999999991e+12
 5.599999999999991e+12 5.599999999999991e+12 5.599999999999991e+12 5.599999999999991e+12 5.599999999999991e+12 5.599999999999991e+12 5.599999999999991e+12 5.599999999999991e+12 5.599999999999991e+12 5.599999999999991e+12
 5.599999999999991e+12 5.599999999999991e+12 5.599999999999991e+12 5.599999999999991e+12 5.599999999999991e+12 5.599999999999991e+12 5.599999999999991e+12 5.599999999999991e+12 5.599999999999991e+12 5.599999999999991e+12
 5.599999999999991e+12 5.599999999999991e+12 5.599999999999991e+12 5.599999999999991e+12 5.599999999999991e+12 5.599999999999991e+12 5.599999999999991e+12 5.599999999999991e+12 5.599999999999991e+12 5.599999999999991e+12
 5.599999999999991e+12 5.599999999999991e+12 5.599999999999991e+12 5.599999999999991e+12 5.599999999999991e+12 5.599999999999991e+12 5.599999999999991e+12 5.599999999999991e+12 5.599999999999991e+12 5.599999999999991e+12
 5.599999999999991e+12 5.599999999999991e+12 5.599999999999991e+12 5.599999999999991e+12 5.599999999999991e+12 5.599999999999991e+12 5.599999999999991e+12 5.599999999999991e+12 5.599999999999991e+12 5.599999999999991e+12
 5.599999999999991e+12 5.599999999999991e+12 5.599999999999991e+12 5.599999999999991e+12 5.599999999999991e+12 5.599999999999991e+12 5.599999999999991e+12 5.599999999999991e+12 5.599999999999991e+12 5.599999999999991e+12
 5.599999999999991e+12 5.599999999999991e+12 5.599999999999991e+12 5.599999999999991e+12 5.599999999999991e+12 5.599999999999991e+12 5.599999999999991e+12 5.599999999999991e+12 5.599999999999991e+12 5.599999999999991e+12
 5.599999999999991e+12 5.599999999999991e+12 5.599999999999991e+12 5.599999999999991e+12 5.599999999999991e+12 5.599999999999991e+12 5.599999999999991e+12 5.599999999999991e+12 5.599999999999991e+12 5.599999999999991e+12
 5.599999999999991e+12 5.599999999999991e+12 5.599999999999991e+12 5.599999999999991e+12 5.599999999999991e+12 5.599999999999991e+12 5.599999999999991e+12 5.599999999999991e+12 5.599999999999991e+12 5.599999999999991e+12
 5.599999999999991e+12 5.599999999999991e+12 5.599999999999991e+12 5.599999999999991e+12 5.599999999999991e+12 5.599999999999991e+12 5.599999999999991e+12 5.599999999999991e+12 5.599999999999991e+12 1.000000560000000e+19
 5.599999999999991e+12 1.000000560000000e+19 5.599999999999991e+12 5.599999999999991e+12 5.599999999999991e+12 5.599999999999991e+12 5.599999999999991e+12 5.599999999999991e+12 5.599999999999991e+12 5.599999999999991e+12
 5.599999999999991e+12 5.599999999999991e+12 5.599999999999991e+12 5.599999999999991e+12 5.599999999999991e+12 5.599999999999991e+12 5.599999999999991e+12 5.599999999999991e+12 5.599999999999991e+12 5.599999999999991e+12
 5.599999999999991e+12 5.599999999999991e+12 5.599999999999991e+12 5.599999999999991e+12 5.599999999999991e+12 5.599999999999991e+12 5.599999999999991e+12 5.599999999999991e+12 5.599999999999991e+12 5.599999999999991e+12
 5.599999999999991e+12 5.599999999999991e+12 5.599999999999991e+12 5.599999999999991e+12 5.599999999999991e+12 5.599999999999991e+12 5.599999999999991e+12 5.599999999999991e+12 5.599999999999991e+12 5.599999999999991e+12
 5.599999999999991e+12 5.599999999999991e+12 5.599999999999991e+12 5.599999999999991e+12 5.599999999999991e+12 5.599999999999991e+12 5.599999999999991e+12 5.599999999999991e+12 5.599999999999991e+12 5.599999999999991e+12
 5.599999999999991e+12 5.599999999999991e+12 5.599999999999991e+12 5.599999999999991e+12 5.599999999999991e+12 5.599999999999991e+12 5.599999999999991e+12 5.599999999999991e+12 5.599999999999991e+12 5.599999999999991e+12
 5.599999999999991e+12 5.599999999999991e+12 5.599999999999991e+12 5.599999999999991e+12 5.599999999999991e+12 5.599999999999991e+12 5.599999999999991e+12 5.599999999999991e+12 5.599999999999991e+12 5.599999999999991e+12
 5.599999999999991e+12 5.599999999999991e+12 5.599999999999991e+12 5.599999999999991e+12 5.599999999999991e+12 5.599999999999991e+12 5.599999999999991e+12 5.599999999999991e+12 5.599999999999991e+12 5.599999999999991e+12
 5.599999999999991e+12 5.599999999999991e+12 5.599999999999991e+12 5.599999999999991e+12 5.599999999999991e+12 5.599999999999991e+12 5.599999999999991e+12 5.599999999999991e+12 5.599999999999991e+12 5.599999999999991e+12
 5.599999999999991e+12 5.599999999999991e+12 5.599999999999991e+12 5.599999999999991e+12 5.599999999999991e+12 5.599999999999991e+12 5.599999999999991e+12 5.599999999999991e+12 5.599999999999991e+12 5.599999999999991e+12
 5.599999999999991e+12 5.599999999999991e+12 5.599999999999991e+12 1.000000560000000e+19 5.599999999999991e+12 5.599999999999991e+12 5.599999999999991e+12 5.599999999999991e+12 5.599999999999991e+12 5.599999999999991e+12
 5.599999999999991e+12 5.599999999999991e+12 5.599999999999991e+12 5.599999999999991e+12 5.599999999999991e+12 5.599999999999991e+12 5.599999999999991e+12 5.599999999999991e+12 5.599999999999991e+12 5.599999999999991e+12
 5.599999999999991e+12 5.599999999999991e+12 5.599999999999991e+12 5.599999999999991e+12 5.599999999999991e+12 5.599999999999991e+12 5.599999999999991e+12 5.599999999999991e+12 5.599999999999991e+12 5.599999999999991e+12
 5.599999999999991e+12 5.599999999999991e+12 5.599999999999991e+12 5.599999999999991e+12 5.599999999999991e+12 5.599999999999991e+12 1.000000560000000e+19 1.000000560000000e+19 5.599999999999991e+12 5.599999999999991e+12

    }
  }

  Dataset ("PMIUserField0") {
    function  = PMIUserField0
    type      = scalar
    dimension = 1
    location  = vertex
    validity  = [ "i_layer" ]
    Values (4420) {
 0.000000000000000e+00 0.000000000000000e+00 0.000000000000000e+00 0.000000000000000e+00 0.000000000000000e+00 0.000000000000000e+00 0.000000000000000e+00 0.000000000000000e+00 0.000000000000000e+00 0.000000000000000e+00
 0.000000000000000e+00 0.000000000000000e+00 0.000000000000000e+00 0.000000000000000e+00 0.000000000000000e+00 0.000000000000000e+00 0.000000000000000e+00 0.000000000000000e+00 0.000000000000000e+00 0.000000000000000e+00
 0.000000000000000e+00 0.000000000000000e+00 0.000000000000000e+00 0.000000000000000e+00 0.000000000000000e+00 0.000000000000000e+00 0.000000000000000e+00 0.000000000000000e+00 0.000000000000000e+00 0.000000000000000e+00
 0.000000000000000e+00 0.000000000000000e+00 0.000000000000000e+00 0.000000000000000e+00 0.000000000000000e+00 0.000000000000000e+00 0.000000000000000e+00 0.000000000000000e+00 0.000000000000000e+00 0.000000000000000e+00
 0.000000000000000e+00 0.000000000000000e+00 0.000000000000000e+00 0.000000000000000e+00 0.000000000000000e+00 0.000000000000000e+00 0.000000000000000e+00 0.000000000000000e+00 0.000000000000000e+00 0.000000000000000e+00
 0.000000000000000e+00 0.000000000000000e+00 0.000000000000000e+00 0.000000000000000e+00 0.000000000000000e+00 0.000000000000000e+00 0.000000000000000e+00 0.000000000000000e+00 0.000000000000000e+00 0.000000000000000e+00
 0.000000000000000e+00 0.000000000000000e+00 0.000000000000000e+00 0.000000000000000e+00 0.000000000000000e+00 0.000000000000000e+00 0.000000000000000e+00 0.000000000000000e+00 0.000000000000000e+00 0.000000000000000e+00
 0.000000000000000e+00 0.000000000000000e+00 0.000000000000000e+00 0.000000000000000e+00 0.000000000000000e+00 0.000000000000000e+00 0.000000000000000e+00 0.000000000000000e+00 0.000000000000000e+00 0.000000000000000e+00
 0.000000000000000e+00 0.000000000000000e+00 0.000000000000000e+00 0.000000000000000e+00 0.000000000000000e+00 0.000000000000000e+00 0.000000000000000e+00 0.000000000000000e+00 0.000000000000000e+00 0.000000000000000e+00
 0.000000000000000e+00 0.000000000000000e+00 0.000000000000000e+00 0.000000000000000e+00 0.000000000000000e+00 0.000000000000000e+00 0.000000000000000e+00 0.000000000000000e+00 0.000000000000000e+00 0.000000000000000e+00
 0.000000000000000e+00 0.000000000000000e+00 0.000000000000000e+00 0.000000000000000e+00 0.000000000000000e+00 0.000000000000000e+00 0.000000000000000e+00 0.000000000000000e+00 0.000000000000000e+00 0.000000000000000e+00
 0.000000000000000e+00 0.000000000000000e+00 0.000000000000000e+00 0.000000000000000e+00 0.000000000000000e+00 0.000000000000000e+00 0.000000000000000e+00 0.000000000000000e+00 0.000000000000000e+00 0.000000000000000e+00
 0.000000000000000e+00 0.000000000000000e+00 0.000000000000000e+00 0.000000000000000e+00 0.000000000000000e+00 0.000000000000000e+00 0.000000000000000e+00 0.000000000000000e+00 0.000000000000000e+00 0.000000000000000e+00
 0.000000000000000e+00 0.000000000000000e+00 0.000000000000000e+00 0.000000000000000e+00 0.000000000000000e+00 0.000000000000000e+00 0.000000000000000e+00 0.000000000000000e+00 0.000000000000000e+00 0.000000000000000e+00
 0.000000000000000e+00 0.000000000000000e+00 0.000000000000000e+00 0.000000000000000e+00 0.000000000000000e+00 0.000000000000000e+00 0.000000000000000e+00 0.000000000000000e+00 0.000000000000000e+00 0.000000000000000e+00
 0.000000000000000e+00 0.000000000000000e+00 0.000000000000000e+00 0.000000000000000e+00 0.000000000000000e+00 0.000000000000000e+00 0.000000000000000e+00 0.000000000000000e+00 0.000000000000000e+00 0.000000000000000e+00
 0.000000000000000e+00 0.000000000000000e+00 0.000000000000000e+00 0.000000000000000e+00 0.000000000000000e+00 0.000000000000000e+00 0.000000000000000e+00 0.000000000000000e+00 0.000000000000000e+00 0.000000000000000e+00
 0.000000000000000e+00 0.000000000000000e+00 0.000000000000000e+00 0.000000000000000e+00 0.000000000000000e+00 0.000000000000000e+00 0.000000000000000e+00 0.000000000000000e+00 0.000000000000000e+00 0.000000000000000e+00
 0.000000000000000e+00 0.000000000000000e+00 0.000000000000000e+00 0.000000000000000e+00 0.000000000000000e+00 0.000000000000000e+00 0.000000000000000e+00 0.000000000000000e+00 0.000000000000000e+00 0.000000000000000e+00
 0.000000000000000e+00 0.000000000000000e+00 0.000000000000000e+00 0.000000000000000e+00 0.000000000000000e+00 0.000000000000000e+00 0.000000000000000e+00 0.000000000000000e+00 0.000000000000000e+00 0.000000000000000e+00
 0.000000000000000e+00 0.000000000000000e+00 0.000000000000000e+00 0.000000000000000e+00 0.000000000000000e+00 0.000000000000000e+00 0.000000000000000e+00 0.000000000000000e+00 0.000000000000000e+00 0.000000000000000e+00
 0.000000000000000e+00 0.000000000000000e+00 0.000000000000000e+00 0.000000000000000e+00 0.000000000000000e+00 0.000000000000000e+00 0.000000000000000e+00 0.000000000000000e+00 0.000000000000000e+00 0.000000000000000e+00
 0.000000000000000e+00 0.000000000000000e+00 0.000000000000000e+00 0.000000000000000e+00 0.000000000000000e+00 0.000000000000000e+00 0.000000000000000e+00 0.000000000000000e+00 0.000000000000000e+00 0.000000000000000e+00
 0.000000000000000e+00 0.000000000000000e+00 0.000000000000000e+00 0.000000000000000e+00 0.000000000000000e+00 0.000000000000000e+00 0.000000000000000e+00 0.000000000000000e+00 0.000000000000000e+00 0.000000000000000e+00
 0.000000000000000e+00 0.000000000000000e+00 0.000000000000000e+00 0.000000000000000e+00 0.000000000000000e+00 0.000000000000000e+00 0.000000000000000e+00 0.000000000000000e+00 0.000000000000000e+00 0.000000000000000e+00
 0.000000000000000e+00 0.000000000000000e+00 0.000000000000000e+00 0.000000000000000e+00 0.000000000000000e+00 0.000000000000000e+00 0.000000000000000e+00 0.000000000000000e+00 0.000000000000000e+00 0.000000000000000e+00
 0.000000000000000e+00 0.000000000000000e+00 0.000000000000000e+00 0.000000000000000e+00 0.000000000000000e+00 0.000000000000000e+00 0.000000000000000e+00 0.000000000000000e+00 0.000000000000000e+00 0.000000000000000e+00
 0.000000000000000e+00 0.000000000000000e+00 0.000000000000000e+00 0.000000000000000e+00 0.000000000000000e+00 0.000000000000000e+00 0.000000000000000e+00 0.000000000000000e+00 0.000000000000000e+00 0.000000000000000e+00
 0.000000000000000e+00 0.000000000000000e+00 0.000000000000000e+00 0.000000000000000e+00 0.000000000000000e+00 0.000000000000000e+00 0.000000000000000e+00 0.000000000000000e+00 0.000000000000000e+00 0.000000000000000e+00
 0.000000000000000e+00 0.000000000000000e+00 0.000000000000000e+00 0.000000000000000e+00 0.000000000000000e+00 0.000000000000000e+00 0.000000000000000e+00 0.000000000000000e+00 0.000000000000000e+00 0.000000000000000e+00
 0.000000000000000e+00 0.000000000000000e+00 0.000000000000000e+00 0.000000000000000e+00 0.000000000000000e+00 0.000000000000000e+00 0.000000000000000e+00 0.000000000000000e+00 0.000000000000000e+00 0.000000000000000e+00
 0.000000000000000e+00 0.000000000000000e+00 0.000000000000000e+00 0.000000000000000e+00 0.000000000000000e+00 0.000000000000000e+00 0.000000000000000e+00 0.000000000000000e+00 0.000000000000000e+00 0.000000000000000e+00
 0.000000000000000e+00 0.000000000000000e+00 0.000000000000000e+00 0.000000000000000e+00 0.000000000000000e+00 0.000000000000000e+00 0.000000000000000e+00 0.000000000000000e+00 0.000000000000000e+00 0.000000000000000e+00
 0.000000000000000e+00 0.000000000000000e+00 0.000000000000000e+00 0.000000000000000e+00 0.000000000000000e+00 0.000000000000000e+00 0.000000000000000e+00 0.000000000000000e+00 0.000000000000000e+00 0.000000000000000e+00
 0.000000000000000e+00 0.000000000000000e+00 0.000000000000000e+00 0.000000000000000e+00 0.000000000000000e+00 0.000000000000000e+00 0.000000000000000e+00 0.000000000000000e+00 0.000000000000000e+00 0.000000000000000e+00
 0.000000000000000e+00 0.000000000000000e+00 0.000000000000000e+00 0.000000000000000e+00 0.000000000000000e+00 0.000000000000000e+00 0.000000000000000e+00 0.000000000000000e+00 0.000000000000000e+00 0.000000000000000e+00
 0.000000000000000e+00 0.000000000000000e+00 0.000000000000000e+00 0.000000000000000e+00 0.000000000000000e+00 0.000000000000000e+00 0.000000000000000e+00 0.000000000000000e+00 0.000000000000000e+00 0.000000000000000e+00
 0.000000000000000e+00 0.000000000000000e+00 0.000000000000000e+00 0.000000000000000e+00 0.000000000000000e+00 0.000000000000000e+00 0.000000000000000e+00 0.000000000000000e+00 0.000000000000000e+00 0.000000000000000e+00
 0.000000000000000e+00 0.000000000000000e+00 0.000000000000000e+00 0.000000000000000e+00 0.000000000000000e+00 0.000000000000000e+00 0.000000000000000e+00 0.000000000000000e+00 0.000000000000000e+00 0.000000000000000e+00
 0.000000000000000e+00 0.000000000000000e+00 0.000000000000000e+00 0.000000000000000e+00 0.000000000000000e+00 0.000000000000000e+00 0.000000000000000e+00 0.000000000000000e+00 0.000000000000000e+00 0.000000000000000e+00
 0.000000000000000e+00 0.000000000000000e+00 0.000000000000000e+00 0.000000000000000e+00 0.000000000000000e+00 0.000000000000000e+00 0.000000000000000e+00 0.000000000000000e+00 0.000000000000000e+00 0.000000000000000e+00
 0.000000000000000e+00 0.000000000000000e+00 0.000000000000000e+00 0.000000000000000e+00 0.000000000000000e+00 0.000000000000000e+00 0.000000000000000e+00 0.000000000000000e+00 0.000000000000000e+00 0.000000000000000e+00
 0.000000000000000e+00 0.000000000000000e+00 0.000000000000000e+00 0.000000000000000e+00 0.000000000000000e+00 0.000000000000000e+00 0.000000000000000e+00 0.000000000000000e+00 0.000000000000000e+00 0.000000000000000e+00
 0.000000000000000e+00 0.000000000000000e+00 0.000000000000000e+00 0.000000000000000e+00 0.000000000000000e+00 0.000000000000000e+00 0.000000000000000e+00 0.000000000000000e+00 0.000000000000000e+00 0.000000000000000e+00
 0.000000000000000e+00 0.000000000000000e+00 0.000000000000000e+00 0.000000000000000e+00 0.000000000000000e+00 0.000000000000000e+00 0.000000000000000e+00 0.000000000000000e+00 0.000000000000000e+00 0.000000000000000e+00
 0.000000000000000e+00 0.000000000000000e+00 0.000000000000000e+00 0.000000000000000e+00 0.000000000000000e+00 0.000000000000000e+00 0.000000000000000e+00 0.000000000000000e+00 0.000000000000000e+00 0.000000000000000e+00
 0.000000000000000e+00 0.000000000000000e+00 0.000000000000000e+00 0.000000000000000e+00 0.000000000000000e+00 0.000000000000000e+00 0.000000000000000e+00 0.000000000000000e+00 0.000000000000000e+00 0.000000000000000e+00
 0.000000000000000e+00 0.000000000000000e+00 0.000000000000000e+00 0.000000000000000e+00 0.000000000000000e+00 0.000000000000000e+00 0.000000000000000e+00 0.000000000000000e+00 0.000000000000000e+00 0.000000000000000e+00
 0.000000000000000e+00 0.000000000000000e+00 0.000000000000000e+00 0.000000000000000e+00 0.000000000000000e+00 0.000000000000000e+00 0.000000000000000e+00 0.000000000000000e+00 0.000000000000000e+00 0.000000000000000e+00
 0.000000000000000e+00 0.000000000000000e+00 0.000000000000000e+00 0.000000000000000e+00 0.000000000000000e+00 0.000000000000000e+00 0.000000000000000e+00 0.000000000000000e+00 0.000000000000000e+00 0.000000000000000e+00
 0.000000000000000e+00 0.000000000000000e+00 0.000000000000000e+00 0.000000000000000e+00 0.000000000000000e+00 0.000000000000000e+00 0.000000000000000e+00 0.000000000000000e+00 0.000000000000000e+00 0.000000000000000e+00
 0.000000000000000e+00 0.000000000000000e+00 0.000000000000000e+00 0.000000000000000e+00 0.000000000000000e+00 0.000000000000000e+00 0.000000000000000e+00 0.000000000000000e+00 0.000000000000000e+00 0.000000000000000e+00
 0.000000000000000e+00 0.000000000000000e+00 0.000000000000000e+00 0.000000000000000e+00 0.000000000000000e+00 0.000000000000000e+00 0.000000000000000e+00 0.000000000000000e+00 0.000000000000000e+00 0.000000000000000e+00
 0.000000000000000e+00 0.000000000000000e+00 0.000000000000000e+00 0.000000000000000e+00 0.000000000000000e+00 0.000000000000000e+00 0.000000000000000e+00 0.000000000000000e+00 0.000000000000000e+00 0.000000000000000e+00
 0.000000000000000e+00 0.000000000000000e+00 0.000000000000000e+00 0.000000000000000e+00 0.000000000000000e+00 0.000000000000000e+00 0.000000000000000e+00 0.000000000000000e+00 0.000000000000000e+00 0.000000000000000e+00
 0.000000000000000e+00 0.000000000000000e+00 0.000000000000000e+00 0.000000000000000e+00 0.000000000000000e+00 0.000000000000000e+00 0.000000000000000e+00 0.000000000000000e+00 0.000000000000000e+00 0.000000000000000e+00
 0.000000000000000e+00 0.000000000000000e+00 0.000000000000000e+00 0.000000000000000e+00 0.000000000000000e+00 0.000000000000000e+00 0.000000000000000e+00 0.000000000000000e+00 0.000000000000000e+00 0.000000000000000e+00
 0.000000000000000e+00 0.000000000000000e+00 0.000000000000000e+00 0.000000000000000e+00 0.000000000000000e+00 0.000000000000000e+00 0.000000000000000e+00 0.000000000000000e+00 0.000000000000000e+00 0.000000000000000e+00
 0.000000000000000e+00 0.000000000000000e+00 0.000000000000000e+00 0.000000000000000e+00 0.000000000000000e+00 0.000000000000000e+00 0.000000000000000e+00 0.000000000000000e+00 0.000000000000000e+00 0.000000000000000e+00
 0.000000000000000e+00 0.000000000000000e+00 0.000000000000000e+00 0.000000000000000e+00 0.000000000000000e+00 0.000000000000000e+00 0.000000000000000e+00 0.000000000000000e+00 0.000000000000000e+00 0.000000000000000e+00
 0.000000000000000e+00 0.000000000000000e+00 0.000000000000000e+00 0.000000000000000e+00 0.000000000000000e+00 0.000000000000000e+00 0.000000000000000e+00 0.000000000000000e+00 0.000000000000000e+00 0.000000000000000e+00
 0.000000000000000e+00 0.000000000000000e+00 0.000000000000000e+00 0.000000000000000e+00 0.000000000000000e+00 0.000000000000000e+00 0.000000000000000e+00 0.000000000000000e+00 0.000000000000000e+00 0.000000000000000e+00
 0.000000000000000e+00 0.000000000000000e+00 0.000000000000000e+00 0.000000000000000e+00 0.000000000000000e+00 0.000000000000000e+00 0.000000000000000e+00 0.000000000000000e+00 0.000000000000000e+00 0.000000000000000e+00
 0.000000000000000e+00 0.000000000000000e+00 0.000000000000000e+00 0.000000000000000e+00 0.000000000000000e+00 0.000000000000000e+00 0.000000000000000e+00 0.000000000000000e+00 0.000000000000000e+00 0.000000000000000e+00
 0.000000000000000e+00 0.000000000000000e+00 0.000000000000000e+00 0.000000000000000e+00 0.000000000000000e+00 0.000000000000000e+00 0.000000000000000e+00 0.000000000000000e+00 0.000000000000000e+00 0.000000000000000e+00
 0.000000000000000e+00 0.000000000000000e+00 0.000000000000000e+00 0.000000000000000e+00 0.000000000000000e+00 0.000000000000000e+00 0.000000000000000e+00 0.000000000000000e+00 0.000000000000000e+00 0.000000000000000e+00
 0.000000000000000e+00 0.000000000000000e+00 0.000000000000000e+00 0.000000000000000e+00 0.000000000000000e+00 0.000000000000000e+00 0.000000000000000e+00 0.000000000000000e+00 0.000000000000000e+00 0.000000000000000e+00
 0.000000000000000e+00 0.000000000000000e+00 0.000000000000000e+00 0.000000000000000e+00 0.000000000000000e+00 0.000000000000000e+00 0.000000000000000e+00 0.000000000000000e+00 0.000000000000000e+00 0.000000000000000e+00
 0.000000000000000e+00 0.000000000000000e+00 0.000000000000000e+00 0.000000000000000e+00 0.000000000000000e+00 0.000000000000000e+00 0.000000000000000e+00 0.000000000000000e+00 0.000000000000000e+00 0.000000000000000e+00
 0.000000000000000e+00 0.000000000000000e+00 0.000000000000000e+00 0.000000000000000e+00 0.000000000000000e+00 0.000000000000000e+00 0.000000000000000e+00 0.000000000000000e+00 0.000000000000000e+00 0.000000000000000e+00
 0.000000000000000e+00 0.000000000000000e+00 0.000000000000000e+00 0.000000000000000e+00 0.000000000000000e+00 0.000000000000000e+00 0.000000000000000e+00 0.000000000000000e+00 0.000000000000000e+00 0.000000000000000e+00
 0.000000000000000e+00 0.000000000000000e+00 0.000000000000000e+00 0.000000000000000e+00 0.000000000000000e+00 0.000000000000000e+00 0.000000000000000e+00 0.000000000000000e+00 0.000000000000000e+00 0.000000000000000e+00
 0.000000000000000e+00 0.000000000000000e+00 0.000000000000000e+00 0.000000000000000e+00 0.000000000000000e+00 0.000000000000000e+00 0.000000000000000e+00 0.000000000000000e+00 0.000000000000000e+00 0.000000000000000e+00
 0.000000000000000e+00 0.000000000000000e+00 0.000000000000000e+00 0.000000000000000e+00 0.000000000000000e+00 0.000000000000000e+00 0.000000000000000e+00 0.000000000000000e+00 0.000000000000000e+00 0.000000000000000e+00
 0.000000000000000e+00 0.000000000000000e+00 0.000000000000000e+00 0.000000000000000e+00 0.000000000000000e+00 0.000000000000000e+00 0.000000000000000e+00 0.000000000000000e+00 0.000000000000000e+00 0.000000000000000e+00
 0.000000000000000e+00 0.000000000000000e+00 0.000000000000000e+00 0.000000000000000e+00 0.000000000000000e+00 0.000000000000000e+00 0.000000000000000e+00 0.000000000000000e+00 0.000000000000000e+00 0.000000000000000e+00
 0.000000000000000e+00 0.000000000000000e+00 0.000000000000000e+00 0.000000000000000e+00 0.000000000000000e+00 0.000000000000000e+00 0.000000000000000e+00 0.000000000000000e+00 0.000000000000000e+00 0.000000000000000e+00
 0.000000000000000e+00 0.000000000000000e+00 0.000000000000000e+00 0.000000000000000e+00 0.000000000000000e+00 0.000000000000000e+00 0.000000000000000e+00 0.000000000000000e+00 0.000000000000000e+00 0.000000000000000e+00
 0.000000000000000e+00 0.000000000000000e+00 0.000000000000000e+00 0.000000000000000e+00 0.000000000000000e+00 0.000000000000000e+00 0.000000000000000e+00 0.000000000000000e+00 0.000000000000000e+00 0.000000000000000e+00
 0.000000000000000e+00 0.000000000000000e+00 0.000000000000000e+00 0.000000000000000e+00 0.000000000000000e+00 0.000000000000000e+00 0.000000000000000e+00 0.000000000000000e+00 0.000000000000000e+00 0.000000000000000e+00
 0.000000000000000e+00 0.000000000000000e+00 0.000000000000000e+00 0.000000000000000e+00 0.000000000000000e+00 0.000000000000000e+00 0.000000000000000e+00 0.000000000000000e+00 0.000000000000000e+00 0.000000000000000e+00
 0.000000000000000e+00 0.000000000000000e+00 0.000000000000000e+00 0.000000000000000e+00 0.000000000000000e+00 0.000000000000000e+00 0.000000000000000e+00 0.000000000000000e+00 0.000000000000000e+00 0.000000000000000e+00
 0.000000000000000e+00 0.000000000000000e+00 0.000000000000000e+00 0.000000000000000e+00 0.000000000000000e+00 0.000000000000000e+00 0.000000000000000e+00 0.000000000000000e+00 0.000000000000000e+00 0.000000000000000e+00
 0.000000000000000e+00 0.000000000000000e+00 0.000000000000000e+00 0.000000000000000e+00 0.000000000000000e+00 0.000000000000000e+00 0.000000000000000e+00 0.000000000000000e+00 0.000000000000000e+00 0.000000000000000e+00
 0.000000000000000e+00 0.000000000000000e+00 0.000000000000000e+00 0.000000000000000e+00 0.000000000000000e+00 0.000000000000000e+00 0.000000000000000e+00 0.000000000000000e+00 0.000000000000000e+00 0.000000000000000e+00
 0.000000000000000e+00 0.000000000000000e+00 0.000000000000000e+00 0.000000000000000e+00 0.000000000000000e+00 0.000000000000000e+00 0.000000000000000e+00 0.000000000000000e+00 0.000000000000000e+00 0.000000000000000e+00
 0.000000000000000e+00 0.000000000000000e+00 0.000000000000000e+00 0.000000000000000e+00 0.000000000000000e+00 0.000000000000000e+00 0.000000000000000e+00 0.000000000000000e+00 0.000000000000000e+00 0.000000000000000e+00
 0.000000000000000e+00 0.000000000000000e+00 0.000000000000000e+00 0.000000000000000e+00 0.000000000000000e+00 0.000000000000000e+00 0.000000000000000e+00 0.000000000000000e+00 0.000000000000000e+00 0.000000000000000e+00
 0.000000000000000e+00 0.000000000000000e+00 0.000000000000000e+00 0.000000000000000e+00 0.000000000000000e+00 0.000000000000000e+00 0.000000000000000e+00 0.000000000000000e+00 0.000000000000000e+00 0.000000000000000e+00
 0.000000000000000e+00 0.000000000000000e+00 0.000000000000000e+00 0.000000000000000e+00 0.000000000000000e+00 0.000000000000000e+00 0.000000000000000e+00 0.000000000000000e+00 0.000000000000000e+00 0.000000000000000e+00
 0.000000000000000e+00 0.000000000000000e+00 0.000000000000000e+00 0.000000000000000e+00 0.000000000000000e+00 0.000000000000000e+00 0.000000000000000e+00 0.000000000000000e+00 0.000000000000000e+00 0.000000000000000e+00
 0.000000000000000e+00 0.000000000000000e+00 0.000000000000000e+00 0.000000000000000e+00 0.000000000000000e+00 0.000000000000000e+00 0.000000000000000e+00 0.000000000000000e+00 0.000000000000000e+00 0.000000000000000e+00
 0.000000000000000e+00 0.000000000000000e+00 0.000000000000000e+00 0.000000000000000e+00 0.000000000000000e+00 0.000000000000000e+00 0.000000000000000e+00 0.000000000000000e+00 0.000000000000000e+00 0.000000000000000e+00
 0.000000000000000e+00 0.000000000000000e+00 0.000000000000000e+00 0.000000000000000e+00 0.000000000000000e+00 0.000000000000000e+00 0.000000000000000e+00 0.000000000000000e+00 0.000000000000000e+00 0.000000000000000e+00
 0.000000000000000e+00 0.000000000000000e+00 0.000000000000000e+00 0.000000000000000e+00 0.000000000000000e+00 0.000000000000000e+00 0.000000000000000e+00 0.000000000000000e+00 0.000000000000000e+00 0.000000000000000e+00
 0.000000000000000e+00 0.000000000000000e+00 0.000000000000000e+00 0.000000000000000e+00 0.000000000000000e+00 0.000000000000000e+00 0.000000000000000e+00 0.000000000000000e+00 0.000000000000000e+00 0.000000000000000e+00
 0.000000000000000e+00 0.000000000000000e+00 0.000000000000000e+00 0.000000000000000e+00 0.000000000000000e+00 0.000000000000000e+00 0.000000000000000e+00 0.000000000000000e+00 0.000000000000000e+00 0.000000000000000e+00
 0.000000000000000e+00 0.000000000000000e+00 0.000000000000000e+00 0.000000000000000e+00 0.000000000000000e+00 0.000000000000000e+00 0.000000000000000e+00 0.000000000000000e+00 0.000000000000000e+00 0.000000000000000e+00
 0.000000000000000e+00 0.000000000000000e+00 0.000000000000000e+00 0.000000000000000e+00 0.000000000000000e+00 0.000000000000000e+00 0.000000000000000e+00 0.000000000000000e+00 0.000000000000000e+00 0.000000000000000e+00
 0.000000000000000e+00 0.000000000000000e+00 0.000000000000000e+00 0.000000000000000e+00 0.000000000000000e+00 0.000000000000000e+00 0.000000000000000e+00 0.000000000000000e+00 0.000000000000000e+00 0.000000000000000e+00
 0.000000000000000e+00 0.000000000000000e+00 0.000000000000000e+00 0.000000000000000e+00 0.000000000000000e+00 0.000000000000000e+00 0.000000000000000e+00 0.000000000000000e+00 0.000000000000000e+00 0.000000000000000e+00
 0.000000000000000e+00 0.000000000000000e+00 0.000000000000000e+00 0.000000000000000e+00 0.000000000000000e+00 0.000000000000000e+00 0.000000000000000e+00 0.000000000000000e+00 0.000000000000000e+00 0.000000000000000e+00
 0.000000000000000e+00 0.000000000000000e+00 0.000000000000000e+00 0.000000000000000e+00 0.000000000000000e+00 0.000000000000000e+00 0.000000000000000e+00 0.000000000000000e+00 0.000000000000000e+00 0.000000000000000e+00
 0.000000000000000e+00 0.000000000000000e+00 0.000000000000000e+00 0.000000000000000e+00 0.000000000000000e+00 0.000000000000000e+00 0.000000000000000e+00 0.000000000000000e+00 0.000000000000000e+00 0.000000000000000e+00
 0.000000000000000e+00 0.000000000000000e+00 0.000000000000000e+00 0.000000000000000e+00 0.000000000000000e+00 0.000000000000000e+00 0.000000000000000e+00 0.000000000000000e+00 0.000000000000000e+00 0.000000000000000e+00
 0.000000000000000e+00 0.000000000000000e+00 0.000000000000000e+00 0.000000000000000e+00 0.000000000000000e+00 0.000000000000000e+00 0.000000000000000e+00 0.000000000000000e+00 0.000000000000000e+00 0.000000000000000e+00
 0.000000000000000e+00 0.000000000000000e+00 0.000000000000000e+00 0.000000000000000e+00 0.000000000000000e+00 0.000000000000000e+00 0.000000000000000e+00 0.000000000000000e+00 0.000000000000000e+00 0.000000000000000e+00
 0.000000000000000e+00 0.000000000000000e+00 0.000000000000000e+00 0.000000000000000e+00 0.000000000000000e+00 0.000000000000000e+00 0.000000000000000e+00 0.000000000000000e+00 0.000000000000000e+00 0.000000000000000e+00
 0.000000000000000e+00 0.000000000000000e+00 0.000000000000000e+00 0.000000000000000e+00 0.000000000000000e+00 0.000000000000000e+00 0.000000000000000e+00 0.000000000000000e+00 0.000000000000000e+00 0.000000000000000e+00
 0.000000000000000e+00 0.000000000000000e+00 0.000000000000000e+00 0.000000000000000e+00 0.000000000000000e+00 0.000000000000000e+00 0.000000000000000e+00 0.000000000000000e+00 0.000000000000000e+00 0.000000000000000e+00
 0.000000000000000e+00 0.000000000000000e+00 0.000000000000000e+00 0.000000000000000e+00 0.000000000000000e+00 0.000000000000000e+00 0.000000000000000e+00 0.000000000000000e+00 0.000000000000000e+00 0.000000000000000e+00
 0.000000000000000e+00 0.000000000000000e+00 0.000000000000000e+00 0.000000000000000e+00 0.000000000000000e+00 0.000000000000000e+00 0.000000000000000e+00 0.000000000000000e+00 0.000000000000000e+00 0.000000000000000e+00
 0.000000000000000e+00 0.000000000000000e+00 0.000000000000000e+00 0.000000000000000e+00 0.000000000000000e+00 0.000000000000000e+00 0.000000000000000e+00 0.000000000000000e+00 0.000000000000000e+00 0.000000000000000e+00
 0.000000000000000e+00 0.000000000000000e+00 0.000000000000000e+00 0.000000000000000e+00 0.000000000000000e+00 0.000000000000000e+00 0.000000000000000e+00 0.000000000000000e+00 0.000000000000000e+00 0.000000000000000e+00
 0.000000000000000e+00 0.000000000000000e+00 0.000000000000000e+00 0.000000000000000e+00 0.000000000000000e+00 0.000000000000000e+00 0.000000000000000e+00 0.000000000000000e+00 0.000000000000000e+00 0.000000000000000e+00
 0.000000000000000e+00 0.000000000000000e+00 0.000000000000000e+00 0.000000000000000e+00 0.000000000000000e+00 0.000000000000000e+00 0.000000000000000e+00 0.000000000000000e+00 0.000000000000000e+00 0.000000000000000e+00
 0.000000000000000e+00 0.000000000000000e+00 0.000000000000000e+00 0.000000000000000e+00 0.000000000000000e+00 0.000000000000000e+00 0.000000000000000e+00 0.000000000000000e+00 0.000000000000000e+00 0.000000000000000e+00
 0.000000000000000e+00 0.000000000000000e+00 0.000000000000000e+00 0.000000000000000e+00 0.000000000000000e+00 0.000000000000000e+00 0.000000000000000e+00 0.000000000000000e+00 0.000000000000000e+00 0.000000000000000e+00
 0.000000000000000e+00 0.000000000000000e+00 0.000000000000000e+00 0.000000000000000e+00 0.000000000000000e+00 0.000000000000000e+00 0.000000000000000e+00 0.000000000000000e+00 0.000000000000000e+00 0.000000000000000e+00
 0.000000000000000e+00 0.000000000000000e+00 0.000000000000000e+00 0.000000000000000e+00 0.000000000000000e+00 0.000000000000000e+00 0.000000000000000e+00 0.000000000000000e+00 0.000000000000000e+00 0.000000000000000e+00
 0.000000000000000e+00 0.000000000000000e+00 0.000000000000000e+00 0.000000000000000e+00 0.000000000000000e+00 0.000000000000000e+00 0.000000000000000e+00 0.000000000000000e+00 0.000000000000000e+00 0.000000000000000e+00
 0.000000000000000e+00 0.000000000000000e+00 0.000000000000000e+00 0.000000000000000e+00 0.000000000000000e+00 0.000000000000000e+00 0.000000000000000e+00 0.000000000000000e+00 0.000000000000000e+00 0.000000000000000e+00
 0.000000000000000e+00 0.000000000000000e+00 0.000000000000000e+00 0.000000000000000e+00 0.000000000000000e+00 0.000000000000000e+00 0.000000000000000e+00 0.000000000000000e+00 0.000000000000000e+00 0.000000000000000e+00
 0.000000000000000e+00 0.000000000000000e+00 0.000000000000000e+00 0.000000000000000e+00 0.000000000000000e+00 0.000000000000000e+00 0.000000000000000e+00 0.000000000000000e+00 0.000000000000000e+00 0.000000000000000e+00
 0.000000000000000e+00 0.000000000000000e+00 0.000000000000000e+00 0.000000000000000e+00 0.000000000000000e+00 0.000000000000000e+00 0.000000000000000e+00 0.000000000000000e+00 0.000000000000000e+00 0.000000000000000e+00
 0.000000000000000e+00 0.000000000000000e+00 0.000000000000000e+00 0.000000000000000e+00 0.000000000000000e+00 0.000000000000000e+00 0.000000000000000e+00 0.000000000000000e+00 0.000000000000000e+00 0.000000000000000e+00
 0.000000000000000e+00 0.000000000000000e+00 0.000000000000000e+00 0.000000000000000e+00 0.000000000000000e+00 0.000000000000000e+00 0.000000000000000e+00 0.000000000000000e+00 0.000000000000000e+00 0.000000000000000e+00
 0.000000000000000e+00 0.000000000000000e+00 0.000000000000000e+00 0.000000000000000e+00 0.000000000000000e+00 0.000000000000000e+00 0.000000000000000e+00 0.000000000000000e+00 0.000000000000000e+00 0.000000000000000e+00
 0.000000000000000e+00 0.000000000000000e+00 0.000000000000000e+00 0.000000000000000e+00 0.000000000000000e+00 0.000000000000000e+00 0.000000000000000e+00 0.000000000000000e+00 0.000000000000000e+00 0.000000000000000e+00
 0.000000000000000e+00 0.000000000000000e+00 0.000000000000000e+00 0.000000000000000e+00 0.000000000000000e+00 0.000000000000000e+00 0.000000000000000e+00 0.000000000000000e+00 0.000000000000000e+00 0.000000000000000e+00
 0.000000000000000e+00 0.000000000000000e+00 0.000000000000000e+00 0.000000000000000e+00 0.000000000000000e+00 0.000000000000000e+00 0.000000000000000e+00 0.000000000000000e+00 0.000000000000000e+00 0.000000000000000e+00
 0.000000000000000e+00 0.000000000000000e+00 0.000000000000000e+00 0.000000000000000e+00 0.000000000000000e+00 0.000000000000000e+00 0.000000000000000e+00 0.000000000000000e+00 0.000000000000000e+00 0.000000000000000e+00
 0.000000000000000e+00 0.000000000000000e+00 0.000000000000000e+00 0.000000000000000e+00 0.000000000000000e+00 0.000000000000000e+00 0.000000000000000e+00 0.000000000000000e+00 0.000000000000000e+00 0.000000000000000e+00
 0.000000000000000e+00 0.000000000000000e+00 0.000000000000000e+00 0.000000000000000e+00 0.000000000000000e+00 0.000000000000000e+00 0.000000000000000e+00 0.000000000000000e+00 0.000000000000000e+00 0.000000000000000e+00
 0.000000000000000e+00 0.000000000000000e+00 0.000000000000000e+00 0.000000000000000e+00 0.000000000000000e+00 0.000000000000000e+00 0.000000000000000e+00 0.000000000000000e+00 0.000000000000000e+00 0.000000000000000e+00
 0.000000000000000e+00 0.000000000000000e+00 0.000000000000000e+00 0.000000000000000e+00 0.000000000000000e+00 0.000000000000000e+00 0.000000000000000e+00 0.000000000000000e+00 0.000000000000000e+00 0.000000000000000e+00
 0.000000000000000e+00 0.000000000000000e+00 0.000000000000000e+00 0.000000000000000e+00 0.000000000000000e+00 0.000000000000000e+00 0.000000000000000e+00 0.000000000000000e+00 0.000000000000000e+00 0.000000000000000e+00
 0.000000000000000e+00 0.000000000000000e+00 0.000000000000000e+00 0.000000000000000e+00 0.000000000000000e+00 0.000000000000000e+00 0.000000000000000e+00 0.000000000000000e+00 0.000000000000000e+00 0.000000000000000e+00
 0.000000000000000e+00 0.000000000000000e+00 0.000000000000000e+00 0.000000000000000e+00 0.000000000000000e+00 0.000000000000000e+00 0.000000000000000e+00 0.000000000000000e+00 0.000000000000000e+00 0.000000000000000e+00
 0.000000000000000e+00 0.000000000000000e+00 0.000000000000000e+00 0.000000000000000e+00 0.000000000000000e+00 0.000000000000000e+00 0.000000000000000e+00 0.000000000000000e+00 0.000000000000000e+00 0.000000000000000e+00
 0.000000000000000e+00 0.000000000000000e+00 0.000000000000000e+00 0.000000000000000e+00 0.000000000000000e+00 0.000000000000000e+00 0.000000000000000e+00 0.000000000000000e+00 0.000000000000000e+00 0.000000000000000e+00
 0.000000000000000e+00 0.000000000000000e+00 0.000000000000000e+00 0.000000000000000e+00 0.000000000000000e+00 0.000000000000000e+00 0.000000000000000e+00 0.000000000000000e+00 0.000000000000000e+00 0.000000000000000e+00
 0.000000000000000e+00 0.000000000000000e+00 0.000000000000000e+00 0.000000000000000e+00 0.000000000000000e+00 0.000000000000000e+00 0.000000000000000e+00 0.000000000000000e+00 0.000000000000000e+00 0.000000000000000e+00
 0.000000000000000e+00 0.000000000000000e+00 0.000000000000000e+00 0.000000000000000e+00 0.000000000000000e+00 0.000000000000000e+00 0.000000000000000e+00 0.000000000000000e+00 0.000000000000000e+00 0.000000000000000e+00
 0.000000000000000e+00 0.000000000000000e+00 0.000000000000000e+00 0.000000000000000e+00 0.000000000000000e+00 0.000000000000000e+00 0.000000000000000e+00 0.000000000000000e+00 0.000000000000000e+00 0.000000000000000e+00
 0.000000000000000e+00 0.000000000000000e+00 0.000000000000000e+00 0.000000000000000e+00 0.000000000000000e+00 0.000000000000000e+00 0.000000000000000e+00 0.000000000000000e+00 0.000000000000000e+00 0.000000000000000e+00
 0.000000000000000e+00 0.000000000000000e+00 0.000000000000000e+00 0.000000000000000e+00 0.000000000000000e+00 0.000000000000000e+00 0.000000000000000e+00 0.000000000000000e+00 0.000000000000000e+00 0.000000000000000e+00
 0.000000000000000e+00 0.000000000000000e+00 0.000000000000000e+00 0.000000000000000e+00 0.000000000000000e+00 0.000000000000000e+00 0.000000000000000e+00 0.000000000000000e+00 0.000000000000000e+00 0.000000000000000e+00
 0.000000000000000e+00 0.000000000000000e+00 0.000000000000000e+00 0.000000000000000e+00 0.000000000000000e+00 0.000000000000000e+00 0.000000000000000e+00 0.000000000000000e+00 0.000000000000000e+00 0.000000000000000e+00
 0.000000000000000e+00 0.000000000000000e+00 0.000000000000000e+00 0.000000000000000e+00 0.000000000000000e+00 0.000000000000000e+00 0.000000000000000e+00 0.000000000000000e+00 0.000000000000000e+00 0.000000000000000e+00
 0.000000000000000e+00 0.000000000000000e+00 0.000000000000000e+00 0.000000000000000e+00 0.000000000000000e+00 0.000000000000000e+00 0.000000000000000e+00 0.000000000000000e+00 0.000000000000000e+00 0.000000000000000e+00
 0.000000000000000e+00 0.000000000000000e+00 0.000000000000000e+00 0.000000000000000e+00 0.000000000000000e+00 0.000000000000000e+00 0.000000000000000e+00 0.000000000000000e+00 0.000000000000000e+00 0.000000000000000e+00
 0.000000000000000e+00 0.000000000000000e+00 0.000000000000000e+00 0.000000000000000e+00 0.000000000000000e+00 0.000000000000000e+00 0.000000000000000e+00 0.000000000000000e+00 0.000000000000000e+00 0.000000000000000e+00
 0.000000000000000e+00 0.000000000000000e+00 0.000000000000000e+00 0.000000000000000e+00 0.000000000000000e+00 0.000000000000000e+00 0.000000000000000e+00 0.000000000000000e+00 0.000000000000000e+00 0.000000000000000e+00
 0.000000000000000e+00 0.000000000000000e+00 0.000000000000000e+00 0.000000000000000e+00 0.000000000000000e+00 0.000000000000000e+00 0.000000000000000e+00 0.000000000000000e+00 0.000000000000000e+00 0.000000000000000e+00
 0.000000000000000e+00 0.000000000000000e+00 0.000000000000000e+00 0.000000000000000e+00 0.000000000000000e+00 0.000000000000000e+00 0.000000000000000e+00 0.000000000000000e+00 0.000000000000000e+00 0.000000000000000e+00
 0.000000000000000e+00 0.000000000000000e+00 0.000000000000000e+00 0.000000000000000e+00 0.000000000000000e+00 0.000000000000000e+00 0.000000000000000e+00 0.000000000000000e+00 0.000000000000000e+00 0.000000000000000e+00
 0.000000000000000e+00 0.000000000000000e+00 0.000000000000000e+00 0.000000000000000e+00 0.000000000000000e+00 0.000000000000000e+00 0.000000000000000e+00 0.000000000000000e+00 0.000000000000000e+00 0.000000000000000e+00
 0.000000000000000e+00 0.000000000000000e+00 0.000000000000000e+00 0.000000000000000e+00 0.000000000000000e+00 0.000000000000000e+00 0.000000000000000e+00 0.000000000000000e+00 0.000000000000000e+00 0.000000000000000e+00
 0.000000000000000e+00 0.000000000000000e+00 0.000000000000000e+00 0.000000000000000e+00 0.000000000000000e+00 0.000000000000000e+00 0.000000000000000e+00 0.000000000000000e+00 0.000000000000000e+00 0.000000000000000e+00
 0.000000000000000e+00 0.000000000000000e+00 0.000000000000000e+00 0.000000000000000e+00 0.000000000000000e+00 0.000000000000000e+00 0.000000000000000e+00 0.000000000000000e+00 0.000000000000000e+00 0.000000000000000e+00
 0.000000000000000e+00 0.000000000000000e+00 0.000000000000000e+00 0.000000000000000e+00 0.000000000000000e+00 0.000000000000000e+00 0.000000000000000e+00 0.000000000000000e+00 0.000000000000000e+00 0.000000000000000e+00
 0.000000000000000e+00 0.000000000000000e+00 0.000000000000000e+00 0.000000000000000e+00 0.000000000000000e+00 0.000000000000000e+00 0.000000000000000e+00 0.000000000000000e+00 0.000000000000000e+00 0.000000000000000e+00
 0.000000000000000e+00 0.000000000000000e+00 0.000000000000000e+00 0.000000000000000e+00 0.000000000000000e+00 0.000000000000000e+00 0.000000000000000e+00 0.000000000000000e+00 0.000000000000000e+00 0.000000000000000e+00
 0.000000000000000e+00 0.000000000000000e+00 0.000000000000000e+00 0.000000000000000e+00 0.000000000000000e+00 0.000000000000000e+00 0.000000000000000e+00 0.000000000000000e+00 0.000000000000000e+00 0.000000000000000e+00
 0.000000000000000e+00 0.000000000000000e+00 0.000000000000000e+00 0.000000000000000e+00 0.000000000000000e+00 0.000000000000000e+00 0.000000000000000e+00 0.000000000000000e+00 0.000000000000000e+00 0.000000000000000e+00
 0.000000000000000e+00 0.000000000000000e+00 0.000000000000000e+00 0.000000000000000e+00 0.000000000000000e+00 0.000000000000000e+00 0.000000000000000e+00 0.000000000000000e+00 0.000000000000000e+00 0.000000000000000e+00
 0.000000000000000e+00 0.000000000000000e+00 0.000000000000000e+00 0.000000000000000e+00 0.000000000000000e+00 0.000000000000000e+00 0.000000000000000e+00 0.000000000000000e+00 0.000000000000000e+00 0.000000000000000e+00
 0.000000000000000e+00 0.000000000000000e+00 0.000000000000000e+00 0.000000000000000e+00 0.000000000000000e+00 0.000000000000000e+00 0.000000000000000e+00 0.000000000000000e+00 0.000000000000000e+00 0.000000000000000e+00
 0.000000000000000e+00 0.000000000000000e+00 0.000000000000000e+00 0.000000000000000e+00 0.000000000000000e+00 0.000000000000000e+00 0.000000000000000e+00 0.000000000000000e+00 0.000000000000000e+00 0.000000000000000e+00
 0.000000000000000e+00 0.000000000000000e+00 0.000000000000000e+00 0.000000000000000e+00 0.000000000000000e+00 0.000000000000000e+00 0.000000000000000e+00 0.000000000000000e+00 0.000000000000000e+00 0.000000000000000e+00
 0.000000000000000e+00 0.000000000000000e+00 0.000000000000000e+00 0.000000000000000e+00 0.000000000000000e+00 0.000000000000000e+00 0.000000000000000e+00 0.000000000000000e+00 0.000000000000000e+00 0.000000000000000e+00
 0.000000000000000e+00 0.000000000000000e+00 0.000000000000000e+00 0.000000000000000e+00 0.000000000000000e+00 0.000000000000000e+00 0.000000000000000e+00 0.000000000000000e+00 0.000000000000000e+00 0.000000000000000e+00
 0.000000000000000e+00 0.000000000000000e+00 0.000000000000000e+00 0.000000000000000e+00 0.000000000000000e+00 0.000000000000000e+00 0.000000000000000e+00 0.000000000000000e+00 0.000000000000000e+00 0.000000000000000e+00
 0.000000000000000e+00 0.000000000000000e+00 0.000000000000000e+00 0.000000000000000e+00 0.000000000000000e+00 0.000000000000000e+00 0.000000000000000e+00 0.000000000000000e+00 0.000000000000000e+00 0.000000000000000e+00
 0.000000000000000e+00 0.000000000000000e+00 0.000000000000000e+00 0.000000000000000e+00 0.000000000000000e+00 0.000000000000000e+00 0.000000000000000e+00 0.000000000000000e+00 0.000000000000000e+00 0.000000000000000e+00
 0.000000000000000e+00 0.000000000000000e+00 0.000000000000000e+00 0.000000000000000e+00 0.000000000000000e+00 0.000000000000000e+00 0.000000000000000e+00 0.000000000000000e+00 0.000000000000000e+00 0.000000000000000e+00
 0.000000000000000e+00 0.000000000000000e+00 0.000000000000000e+00 0.000000000000000e+00 0.000000000000000e+00 0.000000000000000e+00 0.000000000000000e+00 0.000000000000000e+00 0.000000000000000e+00 0.000000000000000e+00
 0.000000000000000e+00 0.000000000000000e+00 0.000000000000000e+00 0.000000000000000e+00 0.000000000000000e+00 0.000000000000000e+00 0.000000000000000e+00 0.000000000000000e+00 0.000000000000000e+00 0.000000000000000e+00
 0.000000000000000e+00 0.000000000000000e+00 0.000000000000000e+00 0.000000000000000e+00 0.000000000000000e+00 0.000000000000000e+00 0.000000000000000e+00 0.000000000000000e+00 0.000000000000000e+00 0.000000000000000e+00
 0.000000000000000e+00 0.000000000000000e+00 0.000000000000000e+00 0.000000000000000e+00 0.000000000000000e+00 0.000000000000000e+00 0.000000000000000e+00 0.000000000000000e+00 0.000000000000000e+00 0.000000000000000e+00
 0.000000000000000e+00 0.000000000000000e+00 0.000000000000000e+00 0.000000000000000e+00 0.000000000000000e+00 0.000000000000000e+00 0.000000000000000e+00 0.000000000000000e+00 0.000000000000000e+00 0.000000000000000e+00
 0.000000000000000e+00 0.000000000000000e+00 0.000000000000000e+00 0.000000000000000e+00 0.000000000000000e+00 0.000000000000000e+00 0.000000000000000e+00 0.000000000000000e+00 0.000000000000000e+00 0.000000000000000e+00
 0.000000000000000e+00 0.000000000000000e+00 0.000000000000000e+00 0.000000000000000e+00 0.000000000000000e+00 0.000000000000000e+00 0.000000000000000e+00 0.000000000000000e+00 0.000000000000000e+00 0.000000000000000e+00
 0.000000000000000e+00 0.000000000000000e+00 0.000000000000000e+00 0.000000000000000e+00 0.000000000000000e+00 0.000000000000000e+00 0.000000000000000e+00 0.000000000000000e+00 0.000000000000000e+00 0.000000000000000e+00
 0.000000000000000e+00 0.000000000000000e+00 0.000000000000000e+00 0.000000000000000e+00 0.000000000000000e+00 0.000000000000000e+00 0.000000000000000e+00 0.000000000000000e+00 0.000000000000000e+00 0.000000000000000e+00
 0.000000000000000e+00 0.000000000000000e+00 0.000000000000000e+00 0.000000000000000e+00 0.000000000000000e+00 0.000000000000000e+00 0.000000000000000e+00 0.000000000000000e+00 0.000000000000000e+00 0.000000000000000e+00
 0.000000000000000e+00 0.000000000000000e+00 0.000000000000000e+00 0.000000000000000e+00 0.000000000000000e+00 0.000000000000000e+00 0.000000000000000e+00 0.000000000000000e+00 0.000000000000000e+00 0.000000000000000e+00
 0.000000000000000e+00 0.000000000000000e+00 0.000000000000000e+00 0.000000000000000e+00 0.000000000000000e+00 0.000000000000000e+00 0.000000000000000e+00 0.000000000000000e+00 0.000000000000000e+00 0.000000000000000e+00
 0.000000000000000e+00 0.000000000000000e+00 0.000000000000000e+00 0.000000000000000e+00 0.000000000000000e+00 0.000000000000000e+00 0.000000000000000e+00 0.000000000000000e+00 0.000000000000000e+00 0.000000000000000e+00
 0.000000000000000e+00 0.000000000000000e+00 0.000000000000000e+00 0.000000000000000e+00 0.000000000000000e+00 0.000000000000000e+00 0.000000000000000e+00 0.000000000000000e+00 0.000000000000000e+00 0.000000000000000e+00
 0.000000000000000e+00 0.000000000000000e+00 0.000000000000000e+00 0.000000000000000e+00 0.000000000000000e+00 0.000000000000000e+00 0.000000000000000e+00 0.000000000000000e+00 0.000000000000000e+00 0.000000000000000e+00
 0.000000000000000e+00 0.000000000000000e+00 0.000000000000000e+00 0.000000000000000e+00 0.000000000000000e+00 0.000000000000000e+00 0.000000000000000e+00 0.000000000000000e+00 0.000000000000000e+00 0.000000000000000e+00
 0.000000000000000e+00 0.000000000000000e+00 0.000000000000000e+00 0.000000000000000e+00 0.000000000000000e+00 0.000000000000000e+00 0.000000000000000e+00 0.000000000000000e+00 0.000000000000000e+00 0.000000000000000e+00
 0.000000000000000e+00 0.000000000000000e+00 0.000000000000000e+00 0.000000000000000e+00 0.000000000000000e+00 0.000000000000000e+00 0.000000000000000e+00 0.000000000000000e+00 0.000000000000000e+00 0.000000000000000e+00
 0.000000000000000e+00 0.000000000000000e+00 0.000000000000000e+00 0.000000000000000e+00 0.000000000000000e+00 0.000000000000000e+00 0.000000000000000e+00 0.000000000000000e+00 0.000000000000000e+00 0.000000000000000e+00
 0.000000000000000e+00 0.000000000000000e+00 0.000000000000000e+00 0.000000000000000e+00 0.000000000000000e+00 0.000000000000000e+00 0.000000000000000e+00 0.000000000000000e+00 0.000000000000000e+00 0.000000000000000e+00
 0.000000000000000e+00 0.000000000000000e+00 0.000000000000000e+00 0.000000000000000e+00 0.000000000000000e+00 0.000000000000000e+00 0.000000000000000e+00 0.000000000000000e+00 0.000000000000000e+00 0.000000000000000e+00
 0.000000000000000e+00 0.000000000000000e+00 0.000000000000000e+00 0.000000000000000e+00 0.000000000000000e+00 0.000000000000000e+00 0.000000000000000e+00 0.000000000000000e+00 0.000000000000000e+00 0.000000000000000e+00
 0.000000000000000e+00 0.000000000000000e+00 0.000000000000000e+00 0.000000000000000e+00 0.000000000000000e+00 0.000000000000000e+00 0.000000000000000e+00 0.000000000000000e+00 0.000000000000000e+00 0.000000000000000e+00
 0.000000000000000e+00 0.000000000000000e+00 0.000000000000000e+00 0.000000000000000e+00 0.000000000000000e+00 0.000000000000000e+00 0.000000000000000e+00 0.000000000000000e+00 0.000000000000000e+00 0.000000000000000e+00
 0.000000000000000e+00 0.000000000000000e+00 0.000000000000000e+00 0.000000000000000e+00 0.000000000000000e+00 0.000000000000000e+00 0.000000000000000e+00 0.000000000000000e+00 0.000000000000000e+00 0.000000000000000e+00
 0.000000000000000e+00 0.000000000000000e+00 0.000000000000000e+00 0.000000000000000e+00 0.000000000000000e+00 0.000000000000000e+00 0.000000000000000e+00 0.000000000000000e+00 0.000000000000000e+00 0.000000000000000e+00
 0.000000000000000e+00 0.000000000000000e+00 0.000000000000000e+00 0.000000000000000e+00 0.000000000000000e+00 0.000000000000000e+00 0.000000000000000e+00 0.000000000000000e+00 0.000000000000000e+00 0.000000000000000e+00
 0.000000000000000e+00 0.000000000000000e+00 0.000000000000000e+00 0.000000000000000e+00 0.000000000000000e+00 0.000000000000000e+00 0.000000000000000e+00 0.000000000000000e+00 0.000000000000000e+00 0.000000000000000e+00
 0.000000000000000e+00 0.000000000000000e+00 0.000000000000000e+00 0.000000000000000e+00 0.000000000000000e+00 0.000000000000000e+00 0.000000000000000e+00 0.000000000000000e+00 0.000000000000000e+00 0.000000000000000e+00
 0.000000000000000e+00 0.000000000000000e+00 0.000000000000000e+00 0.000000000000000e+00 0.000000000000000e+00 0.000000000000000e+00 0.000000000000000e+00 0.000000000000000e+00 0.000000000000000e+00 0.000000000000000e+00
 0.000000000000000e+00 0.000000000000000e+00 0.000000000000000e+00 0.000000000000000e+00 0.000000000000000e+00 0.000000000000000e+00 0.000000000000000e+00 0.000000000000000e+00 0.000000000000000e+00 0.000000000000000e+00
 0.000000000000000e+00 0.000000000000000e+00 0.000000000000000e+00 0.000000000000000e+00 0.000000000000000e+00 0.000000000000000e+00 0.000000000000000e+00 0.000000000000000e+00 0.000000000000000e+00 0.000000000000000e+00
 0.000000000000000e+00 0.000000000000000e+00 0.000000000000000e+00 0.000000000000000e+00 0.000000000000000e+00 0.000000000000000e+00 0.000000000000000e+00 0.000000000000000e+00 0.000000000000000e+00 0.000000000000000e+00
 0.000000000000000e+00 0.000000000000000e+00 0.000000000000000e+00 0.000000000000000e+00 0.000000000000000e+00 0.000000000000000e+00 0.000000000000000e+00 0.000000000000000e+00 0.000000000000000e+00 0.000000000000000e+00
 0.000000000000000e+00 0.000000000000000e+00 0.000000000000000e+00 0.000000000000000e+00 0.000000000000000e+00 0.000000000000000e+00 0.000000000000000e+00 0.000000000000000e+00 0.000000000000000e+00 0.000000000000000e+00
 0.000000000000000e+00 0.000000000000000e+00 0.000000000000000e+00 0.000000000000000e+00 0.000000000000000e+00 0.000000000000000e+00 0.000000000000000e+00 0.000000000000000e+00 0.000000000000000e+00 0.000000000000000e+00
 0.000000000000000e+00 0.000000000000000e+00 0.000000000000000e+00 0.000000000000000e+00 0.000000000000000e+00 0.000000000000000e+00 0.000000000000000e+00 0.000000000000000e+00 0.000000000000000e+00 0.000000000000000e+00
 0.000000000000000e+00 0.000000000000000e+00 0.000000000000000e+00 0.000000000000000e+00 0.000000000000000e+00 0.000000000000000e+00 0.000000000000000e+00 0.000000000000000e+00 0.000000000000000e+00 0.000000000000000e+00
 0.000000000000000e+00 0.000000000000000e+00 0.000000000000000e+00 0.000000000000000e+00 0.000000000000000e+00 0.000000000000000e+00 0.000000000000000e+00 0.000000000000000e+00 0.000000000000000e+00 0.000000000000000e+00
 0.000000000000000e+00 0.000000000000000e+00 0.000000000000000e+00 0.000000000000000e+00 0.000000000000000e+00 0.000000000000000e+00 0.000000000000000e+00 0.000000000000000e+00 0.000000000000000e+00 0.000000000000000e+00
 0.000000000000000e+00 0.000000000000000e+00 0.000000000000000e+00 0.000000000000000e+00 0.000000000000000e+00 0.000000000000000e+00 0.000000000000000e+00 0.000000000000000e+00 0.000000000000000e+00 0.000000000000000e+00
 0.000000000000000e+00 0.000000000000000e+00 0.000000000000000e+00 0.000000000000000e+00 0.000000000000000e+00 0.000000000000000e+00 0.000000000000000e+00 0.000000000000000e+00 0.000000000000000e+00 0.000000000000000e+00
 0.000000000000000e+00 0.000000000000000e+00 0.000000000000000e+00 0.000000000000000e+00 0.000000000000000e+00 0.000000000000000e+00 0.000000000000000e+00 0.000000000000000e+00 0.000000000000000e+00 0.000000000000000e+00
 0.000000000000000e+00 0.000000000000000e+00 0.000000000000000e+00 0.000000000000000e+00 0.000000000000000e+00 0.000000000000000e+00 0.000000000000000e+00 0.000000000000000e+00 0.000000000000000e+00 0.000000000000000e+00
 0.000000000000000e+00 0.000000000000000e+00 0.000000000000000e+00 0.000000000000000e+00 0.000000000000000e+00 0.000000000000000e+00 0.000000000000000e+00 0.000000000000000e+00 0.000000000000000e+00 0.000000000000000e+00
 0.000000000000000e+00 0.000000000000000e+00 0.000000000000000e+00 0.000000000000000e+00 0.000000000000000e+00 0.000000000000000e+00 0.000000000000000e+00 0.000000000000000e+00 0.000000000000000e+00 0.000000000000000e+00
 0.000000000000000e+00 0.000000000000000e+00 0.000000000000000e+00 0.000000000000000e+00 0.000000000000000e+00 0.000000000000000e+00 0.000000000000000e+00 0.000000000000000e+00 0.000000000000000e+00 0.000000000000000e+00
 0.000000000000000e+00 0.000000000000000e+00 0.000000000000000e+00 0.000000000000000e+00 0.000000000000000e+00 0.000000000000000e+00 0.000000000000000e+00 0.000000000000000e+00 0.000000000000000e+00 0.000000000000000e+00
 0.000000000000000e+00 0.000000000000000e+00 0.000000000000000e+00 0.000000000000000e+00 0.000000000000000e+00 0.000000000000000e+00 0.000000000000000e+00 0.000000000000000e+00 0.000000000000000e+00 0.000000000000000e+00
 0.000000000000000e+00 0.000000000000000e+00 0.000000000000000e+00 0.000000000000000e+00 0.000000000000000e+00 0.000000000000000e+00 0.000000000000000e+00 0.000000000000000e+00 0.000000000000000e+00 0.000000000000000e+00
 0.000000000000000e+00 0.000000000000000e+00 0.000000000000000e+00 0.000000000000000e+00 0.000000000000000e+00 0.000000000000000e+00 0.000000000000000e+00 0.000000000000000e+00 0.000000000000000e+00 0.000000000000000e+00
 0.000000000000000e+00 0.000000000000000e+00 0.000000000000000e+00 0.000000000000000e+00 0.000000000000000e+00 0.000000000000000e+00 0.000000000000000e+00 0.000000000000000e+00 0.000000000000000e+00 0.000000000000000e+00
 0.000000000000000e+00 0.000000000000000e+00 0.000000000000000e+00 0.000000000000000e+00 0.000000000000000e+00 0.000000000000000e+00 0.000000000000000e+00 0.000000000000000e+00 0.000000000000000e+00 0.000000000000000e+00
 0.000000000000000e+00 0.000000000000000e+00 0.000000000000000e+00 0.000000000000000e+00 0.000000000000000e+00 0.000000000000000e+00 0.000000000000000e+00 0.000000000000000e+00 0.000000000000000e+00 0.000000000000000e+00
 0.000000000000000e+00 0.000000000000000e+00 0.000000000000000e+00 0.000000000000000e+00 0.000000000000000e+00 0.000000000000000e+00 0.000000000000000e+00 0.000000000000000e+00 0.000000000000000e+00 0.000000000000000e+00
 0.000000000000000e+00 0.000000000000000e+00 0.000000000000000e+00 0.000000000000000e+00 0.000000000000000e+00 0.000000000000000e+00 0.000000000000000e+00 0.000000000000000e+00 0.000000000000000e+00 0.000000000000000e+00
 0.000000000000000e+00 0.000000000000000e+00 0.000000000000000e+00 0.000000000000000e+00 0.000000000000000e+00 0.000000000000000e+00 0.000000000000000e+00 0.000000000000000e+00 0.000000000000000e+00 0.000000000000000e+00
 0.000000000000000e+00 0.000000000000000e+00 0.000000000000000e+00 0.000000000000000e+00 0.000000000000000e+00 0.000000000000000e+00 0.000000000000000e+00 0.000000000000000e+00 0.000000000000000e+00 0.000000000000000e+00
 0.000000000000000e+00 0.000000000000000e+00 0.000000000000000e+00 0.000000000000000e+00 0.000000000000000e+00 0.000000000000000e+00 0.000000000000000e+00 0.000000000000000e+00 0.000000000000000e+00 0.000000000000000e+00
 0.000000000000000e+00 0.000000000000000e+00 0.000000000000000e+00 0.000000000000000e+00 0.000000000000000e+00 0.000000000000000e+00 0.000000000000000e+00 0.000000000000000e+00 0.000000000000000e+00 0.000000000000000e+00
 0.000000000000000e+00 0.000000000000000e+00 0.000000000000000e+00 0.000000000000000e+00 0.000000000000000e+00 0.000000000000000e+00 0.000000000000000e+00 0.000000000000000e+00 0.000000000000000e+00 0.000000000000000e+00
 0.000000000000000e+00 0.000000000000000e+00 0.000000000000000e+00 0.000000000000000e+00 0.000000000000000e+00 0.000000000000000e+00 0.000000000000000e+00 0.000000000000000e+00 0.000000000000000e+00 0.000000000000000e+00
 0.000000000000000e+00 0.000000000000000e+00 0.000000000000000e+00 0.000000000000000e+00 0.000000000000000e+00 0.000000000000000e+00 0.000000000000000e+00 0.000000000000000e+00 0.000000000000000e+00 0.000000000000000e+00
 0.000000000000000e+00 0.000000000000000e+00 0.000000000000000e+00 0.000000000000000e+00 0.000000000000000e+00 0.000000000000000e+00 0.000000000000000e+00 0.000000000000000e+00 0.000000000000000e+00 0.000000000000000e+00
 0.000000000000000e+00 0.000000000000000e+00 0.000000000000000e+00 0.000000000000000e+00 0.000000000000000e+00 0.000000000000000e+00 0.000000000000000e+00 0.000000000000000e+00 0.000000000000000e+00 0.000000000000000e+00
 0.000000000000000e+00 0.000000000000000e+00 0.000000000000000e+00 0.000000000000000e+00 0.000000000000000e+00 0.000000000000000e+00 0.000000000000000e+00 0.000000000000000e+00 0.000000000000000e+00 0.000000000000000e+00
 0.000000000000000e+00 0.000000000000000e+00 0.000000000000000e+00 0.000000000000000e+00 0.000000000000000e+00 0.000000000000000e+00 0.000000000000000e+00 0.000000000000000e+00 0.000000000000000e+00 0.000000000000000e+00
 0.000000000000000e+00 0.000000000000000e+00 0.000000000000000e+00 0.000000000000000e+00 0.000000000000000e+00 0.000000000000000e+00 0.000000000000000e+00 0.000000000000000e+00 0.000000000000000e+00 0.000000000000000e+00
 0.000000000000000e+00 0.000000000000000e+00 0.000000000000000e+00 0.000000000000000e+00 0.000000000000000e+00 0.000000000000000e+00 0.000000000000000e+00 0.000000000000000e+00 0.000000000000000e+00 0.000000000000000e+00
 0.000000000000000e+00 0.000000000000000e+00 0.000000000000000e+00 0.000000000000000e+00 0.000000000000000e+00 0.000000000000000e+00 0.000000000000000e+00 0.000000000000000e+00 0.000000000000000e+00 0.000000000000000e+00
 0.000000000000000e+00 0.000000000000000e+00 0.000000000000000e+00 0.000000000000000e+00 0.000000000000000e+00 0.000000000000000e+00 0.000000000000000e+00 0.000000000000000e+00 0.000000000000000e+00 0.000000000000000e+00
 0.000000000000000e+00 0.000000000000000e+00 0.000000000000000e+00 0.000000000000000e+00 0.000000000000000e+00 0.000000000000000e+00 0.000000000000000e+00 0.000000000000000e+00 0.000000000000000e+00 0.000000000000000e+00
 0.000000000000000e+00 0.000000000000000e+00 0.000000000000000e+00 0.000000000000000e+00 0.000000000000000e+00 0.000000000000000e+00 0.000000000000000e+00 0.000000000000000e+00 0.000000000000000e+00 0.000000000000000e+00
 0.000000000000000e+00 0.000000000000000e+00 0.000000000000000e+00 0.000000000000000e+00 0.000000000000000e+00 0.000000000000000e+00 0.000000000000000e+00 0.000000000000000e+00 0.000000000000000e+00 0.000000000000000e+00
 0.000000000000000e+00 0.000000000000000e+00 0.000000000000000e+00 0.000000000000000e+00 0.000000000000000e+00 0.000000000000000e+00 0.000000000000000e+00 0.000000000000000e+00 0.000000000000000e+00 0.000000000000000e+00
 0.000000000000000e+00 0.000000000000000e+00 0.000000000000000e+00 0.000000000000000e+00 0.000000000000000e+00 0.000000000000000e+00 0.000000000000000e+00 0.000000000000000e+00 0.000000000000000e+00 0.000000000000000e+00
 0.000000000000000e+00 0.000000000000000e+00 0.000000000000000e+00 0.000000000000000e+00 0.000000000000000e+00 0.000000000000000e+00 0.000000000000000e+00 0.000000000000000e+00 0.000000000000000e+00 0.000000000000000e+00
 0.000000000000000e+00 0.000000000000000e+00 0.000000000000000e+00 0.000000000000000e+00 0.000000000000000e+00 0.000000000000000e+00 0.000000000000000e+00 0.000000000000000e+00 0.000000000000000e+00 0.000000000000000e+00
 0.000000000000000e+00 0.000000000000000e+00 0.000000000000000e+00 0.000000000000000e+00 0.000000000000000e+00 0.000000000000000e+00 0.000000000000000e+00 0.000000000000000e+00 0.000000000000000e+00 0.000000000000000e+00
 0.000000000000000e+00 0.000000000000000e+00 0.000000000000000e+00 0.000000000000000e+00 0.000000000000000e+00 0.000000000000000e+00 0.000000000000000e+00 0.000000000000000e+00 0.000000000000000e+00 0.000000000000000e+00
 0.000000000000000e+00 0.000000000000000e+00 0.000000000000000e+00 0.000000000000000e+00 0.000000000000000e+00 0.000000000000000e+00 0.000000000000000e+00 0.000000000000000e+00 0.000000000000000e+00 0.000000000000000e+00
 0.000000000000000e+00 0.000000000000000e+00 0.000000000000000e+00 0.000000000000000e+00 0.000000000000000e+00 0.000000000000000e+00 0.000000000000000e+00 0.000000000000000e+00 0.000000000000000e+00 0.000000000000000e+00
 0.000000000000000e+00 0.000000000000000e+00 0.000000000000000e+00 0.000000000000000e+00 0.000000000000000e+00 0.000000000000000e+00 0.000000000000000e+00 0.000000000000000e+00 0.000000000000000e+00 0.000000000000000e+00
 0.000000000000000e+00 0.000000000000000e+00 0.000000000000000e+00 0.000000000000000e+00 0.000000000000000e+00 0.000000000000000e+00 0.000000000000000e+00 0.000000000000000e+00 0.000000000000000e+00 0.000000000000000e+00
 0.000000000000000e+00 0.000000000000000e+00 0.000000000000000e+00 0.000000000000000e+00 0.000000000000000e+00 0.000000000000000e+00 0.000000000000000e+00 0.000000000000000e+00 0.000000000000000e+00 0.000000000000000e+00
 0.000000000000000e+00 0.000000000000000e+00 0.000000000000000e+00 0.000000000000000e+00 0.000000000000000e+00 0.000000000000000e+00 0.000000000000000e+00 0.000000000000000e+00 0.000000000000000e+00 0.000000000000000e+00
 0.000000000000000e+00 0.000000000000000e+00 0.000000000000000e+00 0.000000000000000e+00 0.000000000000000e+00 0.000000000000000e+00 0.000000000000000e+00 0.000000000000000e+00 0.000000000000000e+00 0.000000000000000e+00
 0.000000000000000e+00 0.000000000000000e+00 0.000000000000000e+00 0.000000000000000e+00 0.000000000000000e+00 0.000000000000000e+00 0.000000000000000e+00 0.000000000000000e+00 0.000000000000000e+00 0.000000000000000e+00
 0.000000000000000e+00 0.000000000000000e+00 0.000000000000000e+00 0.000000000000000e+00 0.000000000000000e+00 0.000000000000000e+00 0.000000000000000e+00 0.000000000000000e+00 0.000000000000000e+00 0.000000000000000e+00
 0.000000000000000e+00 0.000000000000000e+00 0.000000000000000e+00 0.000000000000000e+00 0.000000000000000e+00 0.000000000000000e+00 0.000000000000000e+00 0.000000000000000e+00 0.000000000000000e+00 0.000000000000000e+00
 0.000000000000000e+00 0.000000000000000e+00 0.000000000000000e+00 0.000000000000000e+00 0.000000000000000e+00 0.000000000000000e+00 0.000000000000000e+00 0.000000000000000e+00 0.000000000000000e+00 0.000000000000000e+00
 0.000000000000000e+00 0.000000000000000e+00 0.000000000000000e+00 0.000000000000000e+00 0.000000000000000e+00 0.000000000000000e+00 0.000000000000000e+00 0.000000000000000e+00 0.000000000000000e+00 0.000000000000000e+00
 0.000000000000000e+00 0.000000000000000e+00 0.000000000000000e+00 0.000000000000000e+00 0.000000000000000e+00 0.000000000000000e+00 0.000000000000000e+00 0.000000000000000e+00 0.000000000000000e+00 0.000000000000000e+00
 0.000000000000000e+00 0.000000000000000e+00 0.000000000000000e+00 0.000000000000000e+00 0.000000000000000e+00 0.000000000000000e+00 0.000000000000000e+00 0.000000000000000e+00 0.000000000000000e+00 0.000000000000000e+00
 0.000000000000000e+00 0.000000000000000e+00 0.000000000000000e+00 0.000000000000000e+00 0.000000000000000e+00 0.000000000000000e+00 0.000000000000000e+00 0.000000000000000e+00 0.000000000000000e+00 0.000000000000000e+00
 0.000000000000000e+00 0.000000000000000e+00 0.000000000000000e+00 0.000000000000000e+00 0.000000000000000e+00 0.000000000000000e+00 0.000000000000000e+00 0.000000000000000e+00 0.000000000000000e+00 0.000000000000000e+00
 0.000000000000000e+00 0.000000000000000e+00 0.000000000000000e+00 0.000000000000000e+00 0.000000000000000e+00 0.000000000000000e+00 0.000000000000000e+00 0.000000000000000e+00 0.000000000000000e+00 0.000000000000000e+00
 0.000000000000000e+00 0.000000000000000e+00 0.000000000000000e+00 0.000000000000000e+00 0.000000000000000e+00 0.000000000000000e+00 0.000000000000000e+00 0.000000000000000e+00 0.000000000000000e+00 0.000000000000000e+00
 0.000000000000000e+00 0.000000000000000e+00 0.000000000000000e+00 0.000000000000000e+00 0.000000000000000e+00 0.000000000000000e+00 0.000000000000000e+00 0.000000000000000e+00 0.000000000000000e+00 0.000000000000000e+00
 0.000000000000000e+00 0.000000000000000e+00 0.000000000000000e+00 0.000000000000000e+00 0.000000000000000e+00 0.000000000000000e+00 0.000000000000000e+00 0.000000000000000e+00 0.000000000000000e+00 0.000000000000000e+00
 0.000000000000000e+00 0.000000000000000e+00 0.000000000000000e+00 0.000000000000000e+00 0.000000000000000e+00 0.000000000000000e+00 0.000000000000000e+00 0.000000000000000e+00 0.000000000000000e+00 0.000000000000000e+00
 0.000000000000000e+00 0.000000000000000e+00 0.000000000000000e+00 0.000000000000000e+00 0.000000000000000e+00 0.000000000000000e+00 0.000000000000000e+00 0.000000000000000e+00 0.000000000000000e+00 0.000000000000000e+00
 0.000000000000000e+00 0.000000000000000e+00 0.000000000000000e+00 0.000000000000000e+00 0.000000000000000e+00 0.000000000000000e+00 0.000000000000000e+00 0.000000000000000e+00 0.000000000000000e+00 0.000000000000000e+00
 0.000000000000000e+00 0.000000000000000e+00 0.000000000000000e+00 0.000000000000000e+00 0.000000000000000e+00 0.000000000000000e+00 0.000000000000000e+00 0.000000000000000e+00 0.000000000000000e+00 0.000000000000000e+00
 0.000000000000000e+00 0.000000000000000e+00 0.000000000000000e+00 0.000000000000000e+00 0.000000000000000e+00 0.000000000000000e+00 0.000000000000000e+00 0.000000000000000e+00 0.000000000000000e+00 0.000000000000000e+00
 0.000000000000000e+00 0.000000000000000e+00 0.000000000000000e+00 0.000000000000000e+00 0.000000000000000e+00 0.000000000000000e+00 0.000000000000000e+00 0.000000000000000e+00 0.000000000000000e+00 0.000000000000000e+00
 0.000000000000000e+00 0.000000000000000e+00 0.000000000000000e+00 0.000000000000000e+00 0.000000000000000e+00 0.000000000000000e+00 0.000000000000000e+00 0.000000000000000e+00 0.000000000000000e+00 0.000000000000000e+00
 0.000000000000000e+00 0.000000000000000e+00 0.000000000000000e+00 0.000000000000000e+00 0.000000000000000e+00 0.000000000000000e+00 0.000000000000000e+00 0.000000000000000e+00 0.000000000000000e+00 0.000000000000000e+00
 0.000000000000000e+00 0.000000000000000e+00 0.000000000000000e+00 0.000000000000000e+00 0.000000000000000e+00 0.000000000000000e+00 0.000000000000000e+00 0.000000000000000e+00 0.000000000000000e+00 0.000000000000000e+00
 0.000000000000000e+00 0.000000000000000e+00 0.000000000000000e+00 0.000000000000000e+00 0.000000000000000e+00 0.000000000000000e+00 0.000000000000000e+00 0.000000000000000e+00 0.000000000000000e+00 0.000000000000000e+00
 0.000000000000000e+00 0.000000000000000e+00 0.000000000000000e+00 0.000000000000000e+00 0.000000000000000e+00 0.000000000000000e+00 0.000000000000000e+00 0.000000000000000e+00 0.000000000000000e+00 0.000000000000000e+00
 0.000000000000000e+00 0.000000000000000e+00 0.000000000000000e+00 0.000000000000000e+00 0.000000000000000e+00 0.000000000000000e+00 0.000000000000000e+00 0.000000000000000e+00 0.000000000000000e+00 0.000000000000000e+00
 0.000000000000000e+00 0.000000000000000e+00 0.000000000000000e+00 0.000000000000000e+00 0.000000000000000e+00 0.000000000000000e+00 0.000000000000000e+00 0.000000000000000e+00 0.000000000000000e+00 0.000000000000000e+00
 0.000000000000000e+00 0.000000000000000e+00 0.000000000000000e+00 0.000000000000000e+00 0.000000000000000e+00 0.000000000000000e+00 0.000000000000000e+00 0.000000000000000e+00 0.000000000000000e+00 0.000000000000000e+00
 0.000000000000000e+00 0.000000000000000e+00 0.000000000000000e+00 0.000000000000000e+00 0.000000000000000e+00 0.000000000000000e+00 0.000000000000000e+00 0.000000000000000e+00 0.000000000000000e+00 0.000000000000000e+00
 0.000000000000000e+00 0.000000000000000e+00 0.000000000000000e+00 0.000000000000000e+00 0.000000000000000e+00 0.000000000000000e+00 0.000000000000000e+00 0.000000000000000e+00 0.000000000000000e+00 0.000000000000000e+00
 0.000000000000000e+00 0.000000000000000e+00 0.000000000000000e+00 0.000000000000000e+00 0.000000000000000e+00 0.000000000000000e+00 0.000000000000000e+00 0.000000000000000e+00 0.000000000000000e+00 0.000000000000000e+00
 0.000000000000000e+00 0.000000000000000e+00 0.000000000000000e+00 0.000000000000000e+00 0.000000000000000e+00 0.000000000000000e+00 0.000000000000000e+00 0.000000000000000e+00 0.000000000000000e+00 0.000000000000000e+00
 0.000000000000000e+00 0.000000000000000e+00 0.000000000000000e+00 0.000000000000000e+00 0.000000000000000e+00 0.000000000000000e+00 0.000000000000000e+00 0.000000000000000e+00 0.000000000000000e+00 0.000000000000000e+00
 0.000000000000000e+00 0.000000000000000e+00 0.000000000000000e+00 0.000000000000000e+00 0.000000000000000e+00 0.000000000000000e+00 0.000000000000000e+00 0.000000000000000e+00 0.000000000000000e+00 0.000000000000000e+00
 0.000000000000000e+00 0.000000000000000e+00 0.000000000000000e+00 0.000000000000000e+00 0.000000000000000e+00 0.000000000000000e+00 0.000000000000000e+00 0.000000000000000e+00 0.000000000000000e+00 0.000000000000000e+00
 0.000000000000000e+00 0.000000000000000e+00 0.000000000000000e+00 0.000000000000000e+00 0.000000000000000e+00 0.000000000000000e+00 0.000000000000000e+00 0.000000000000000e+00 0.000000000000000e+00 0.000000000000000e+00
 0.000000000000000e+00 0.000000000000000e+00 0.000000000000000e+00 0.000000000000000e+00 0.000000000000000e+00 0.000000000000000e+00 0.000000000000000e+00 0.000000000000000e+00 0.000000000000000e+00 0.000000000000000e+00
 0.000000000000000e+00 0.000000000000000e+00 0.000000000000000e+00 0.000000000000000e+00 0.000000000000000e+00 0.000000000000000e+00 0.000000000000000e+00 0.000000000000000e+00 0.000000000000000e+00 0.000000000000000e+00
 0.000000000000000e+00 0.000000000000000e+00 0.000000000000000e+00 0.000000000000000e+00 0.000000000000000e+00 0.000000000000000e+00 0.000000000000000e+00 0.000000000000000e+00 0.000000000000000e+00 0.000000000000000e+00
 0.000000000000000e+00 0.000000000000000e+00 0.000000000000000e+00 0.000000000000000e+00 0.000000000000000e+00 0.000000000000000e+00 0.000000000000000e+00 0.000000000000000e+00 0.000000000000000e+00 0.000000000000000e+00
 0.000000000000000e+00 0.000000000000000e+00 0.000000000000000e+00 0.000000000000000e+00 0.000000000000000e+00 0.000000000000000e+00 0.000000000000000e+00 0.000000000000000e+00 0.000000000000000e+00 0.000000000000000e+00
 0.000000000000000e+00 0.000000000000000e+00 0.000000000000000e+00 0.000000000000000e+00 0.000000000000000e+00 0.000000000000000e+00 0.000000000000000e+00 0.000000000000000e+00 0.000000000000000e+00 0.000000000000000e+00
 0.000000000000000e+00 0.000000000000000e+00 0.000000000000000e+00 0.000000000000000e+00 0.000000000000000e+00 0.000000000000000e+00 0.000000000000000e+00 0.000000000000000e+00 0.000000000000000e+00 0.000000000000000e+00
 0.000000000000000e+00 0.000000000000000e+00 0.000000000000000e+00 0.000000000000000e+00 0.000000000000000e+00 0.000000000000000e+00 0.000000000000000e+00 0.000000000000000e+00 0.000000000000000e+00 0.000000000000000e+00
 0.000000000000000e+00 0.000000000000000e+00 0.000000000000000e+00 0.000000000000000e+00 0.000000000000000e+00 0.000000000000000e+00 0.000000000000000e+00 0.000000000000000e+00 0.000000000000000e+00 0.000000000000000e+00
 0.000000000000000e+00 0.000000000000000e+00 0.000000000000000e+00 0.000000000000000e+00 0.000000000000000e+00 0.000000000000000e+00 0.000000000000000e+00 0.000000000000000e+00 0.000000000000000e+00 0.000000000000000e+00
 0.000000000000000e+00 0.000000000000000e+00 0.000000000000000e+00 0.000000000000000e+00 0.000000000000000e+00 0.000000000000000e+00 0.000000000000000e+00 0.000000000000000e+00 0.000000000000000e+00 0.000000000000000e+00
 0.000000000000000e+00 0.000000000000000e+00 0.000000000000000e+00 0.000000000000000e+00 0.000000000000000e+00 0.000000000000000e+00 0.000000000000000e+00 0.000000000000000e+00 0.000000000000000e+00 0.000000000000000e+00
 0.000000000000000e+00 0.000000000000000e+00 0.000000000000000e+00 0.000000000000000e+00 0.000000000000000e+00 0.000000000000000e+00 0.000000000000000e+00 0.000000000000000e+00 0.000000000000000e+00 0.000000000000000e+00
 0.000000000000000e+00 0.000000000000000e+00 0.000000000000000e+00 0.000000000000000e+00 0.000000000000000e+00 0.000000000000000e+00 0.000000000000000e+00 0.000000000000000e+00 0.000000000000000e+00 0.000000000000000e+00
 0.000000000000000e+00 0.000000000000000e+00 0.000000000000000e+00 0.000000000000000e+00 0.000000000000000e+00 0.000000000000000e+00 0.000000000000000e+00 0.000000000000000e+00 0.000000000000000e+00 0.000000000000000e+00
 0.000000000000000e+00 0.000000000000000e+00 0.000000000000000e+00 0.000000000000000e+00 0.000000000000000e+00 0.000000000000000e+00 0.000000000000000e+00 0.000000000000000e+00 0.000000000000000e+00 0.000000000000000e+00
 0.000000000000000e+00 0.000000000000000e+00 0.000000000000000e+00 0.000000000000000e+00 0.000000000000000e+00 0.000000000000000e+00 0.000000000000000e+00 0.000000000000000e+00 0.000000000000000e+00 0.000000000000000e+00
 0.000000000000000e+00 0.000000000000000e+00 0.000000000000000e+00 0.000000000000000e+00 0.000000000000000e+00 0.000000000000000e+00 0.000000000000000e+00 0.000000000000000e+00 0.000000000000000e+00 0.000000000000000e+00
 0.000000000000000e+00 0.000000000000000e+00 0.000000000000000e+00 0.000000000000000e+00 0.000000000000000e+00 0.000000000000000e+00 0.000000000000000e+00 0.000000000000000e+00 0.000000000000000e+00 0.000000000000000e+00
 0.000000000000000e+00 0.000000000000000e+00 0.000000000000000e+00 0.000000000000000e+00 0.000000000000000e+00 0.000000000000000e+00 0.000000000000000e+00 0.000000000000000e+00 0.000000000000000e+00 0.000000000000000e+00
 0.000000000000000e+00 0.000000000000000e+00 0.000000000000000e+00 0.000000000000000e+00 0.000000000000000e+00 0.000000000000000e+00 0.000000000000000e+00 0.000000000000000e+00 0.000000000000000e+00 0.000000000000000e+00
 0.000000000000000e+00 0.000000000000000e+00 0.000000000000000e+00 0.000000000000000e+00 0.000000000000000e+00 0.000000000000000e+00 0.000000000000000e+00 0.000000000000000e+00 0.000000000000000e+00 0.000000000000000e+00
 0.000000000000000e+00 0.000000000000000e+00 0.000000000000000e+00 0.000000000000000e+00 0.000000000000000e+00 0.000000000000000e+00 0.000000000000000e+00 0.000000000000000e+00 0.000000000000000e+00 0.000000000000000e+00
 0.000000000000000e+00 0.000000000000000e+00 0.000000000000000e+00 0.000000000000000e+00 0.000000000000000e+00 0.000000000000000e+00 0.000000000000000e+00 0.000000000000000e+00 0.000000000000000e+00 0.000000000000000e+00
 0.000000000000000e+00 0.000000000000000e+00 0.000000000000000e+00 0.000000000000000e+00 0.000000000000000e+00 0.000000000000000e+00 0.000000000000000e+00 0.000000000000000e+00 0.000000000000000e+00 0.000000000000000e+00
 0.000000000000000e+00 0.000000000000000e+00 0.000000000000000e+00 0.000000000000000e+00 0.000000000000000e+00 0.000000000000000e+00 0.000000000000000e+00 0.000000000000000e+00 0.000000000000000e+00 0.000000000000000e+00
 0.000000000000000e+00 0.000000000000000e+00 0.000000000000000e+00 0.000000000000000e+00 0.000000000000000e+00 0.000000000000000e+00 0.000000000000000e+00 0.000000000000000e+00 0.000000000000000e+00 0.000000000000000e+00
 0.000000000000000e+00 0.000000000000000e+00 0.000000000000000e+00 0.000000000000000e+00 0.000000000000000e+00 0.000000000000000e+00 0.000000000000000e+00 0.000000000000000e+00 0.000000000000000e+00 0.000000000000000e+00
 0.000000000000000e+00 0.000000000000000e+00 0.000000000000000e+00 0.000000000000000e+00 0.000000000000000e+00 0.000000000000000e+00 0.000000000000000e+00 0.000000000000000e+00 0.000000000000000e+00 0.000000000000000e+00
 0.000000000000000e+00 0.000000000000000e+00 0.000000000000000e+00 0.000000000000000e+00 0.000000000000000e+00 0.000000000000000e+00 0.000000000000000e+00 0.000000000000000e+00 0.000000000000000e+00 0.000000000000000e+00
 0.000000000000000e+00 0.000000000000000e+00 0.000000000000000e+00 0.000000000000000e+00 0.000000000000000e+00 0.000000000000000e+00 0.000000000000000e+00 0.000000000000000e+00 0.000000000000000e+00 0.000000000000000e+00
 0.000000000000000e+00 0.000000000000000e+00 0.000000000000000e+00 0.000000000000000e+00 0.000000000000000e+00 0.000000000000000e+00 0.000000000000000e+00 0.000000000000000e+00 0.000000000000000e+00 0.000000000000000e+00
 0.000000000000000e+00 0.000000000000000e+00 0.000000000000000e+00 0.000000000000000e+00 0.000000000000000e+00 0.000000000000000e+00 0.000000000000000e+00 0.000000000000000e+00 0.000000000000000e+00 0.000000000000000e+00
 0.000000000000000e+00 0.000000000000000e+00 0.000000000000000e+00 0.000000000000000e+00 0.000000000000000e+00 0.000000000000000e+00 0.000000000000000e+00 0.000000000000000e+00 0.000000000000000e+00 0.000000000000000e+00
 0.000000000000000e+00 0.000000000000000e+00 0.000000000000000e+00 0.000000000000000e+00 0.000000000000000e+00 0.000000000000000e+00 0.000000000000000e+00 0.000000000000000e+00 0.000000000000000e+00 0.000000000000000e+00
 0.000000000000000e+00 0.000000000000000e+00 0.000000000000000e+00 0.000000000000000e+00 0.000000000000000e+00 0.000000000000000e+00 0.000000000000000e+00 0.000000000000000e+00 0.000000000000000e+00 0.000000000000000e+00
 0.000000000000000e+00 0.000000000000000e+00 0.000000000000000e+00 0.000000000000000e+00 0.000000000000000e+00 0.000000000000000e+00 0.000000000000000e+00 0.000000000000000e+00 0.000000000000000e+00 0.000000000000000e+00
 0.000000000000000e+00 0.000000000000000e+00 0.000000000000000e+00 0.000000000000000e+00 0.000000000000000e+00 0.000000000000000e+00 0.000000000000000e+00 0.000000000000000e+00 0.000000000000000e+00 0.000000000000000e+00
 0.000000000000000e+00 0.000000000000000e+00 0.000000000000000e+00 0.000000000000000e+00 0.000000000000000e+00 0.000000000000000e+00 0.000000000000000e+00 0.000000000000000e+00 0.000000000000000e+00 0.000000000000000e+00
 0.000000000000000e+00 0.000000000000000e+00 0.000000000000000e+00 0.000000000000000e+00 0.000000000000000e+00 0.000000000000000e+00 0.000000000000000e+00 0.000000000000000e+00 0.000000000000000e+00 0.000000000000000e+00
 0.000000000000000e+00 0.000000000000000e+00 0.000000000000000e+00 0.000000000000000e+00 0.000000000000000e+00 0.000000000000000e+00 0.000000000000000e+00 0.000000000000000e+00 0.000000000000000e+00 0.000000000000000e+00
 0.000000000000000e+00 0.000000000000000e+00 0.000000000000000e+00 0.000000000000000e+00 0.000000000000000e+00 0.000000000000000e+00 0.000000000000000e+00 0.000000000000000e+00 0.000000000000000e+00 0.000000000000000e+00
 0.000000000000000e+00 0.000000000000000e+00 0.000000000000000e+00 0.000000000000000e+00 0.000000000000000e+00 0.000000000000000e+00 0.000000000000000e+00 0.000000000000000e+00 0.000000000000000e+00 0.000000000000000e+00
 0.000000000000000e+00 0.000000000000000e+00 0.000000000000000e+00 0.000000000000000e+00 0.000000000000000e+00 0.000000000000000e+00 0.000000000000000e+00 0.000000000000000e+00 0.000000000000000e+00 0.000000000000000e+00
 0.000000000000000e+00 0.000000000000000e+00 0.000000000000000e+00 0.000000000000000e+00 0.000000000000000e+00 0.000000000000000e+00 0.000000000000000e+00 0.000000000000000e+00 0.000000000000000e+00 0.000000000000000e+00
 0.000000000000000e+00 0.000000000000000e+00 0.000000000000000e+00 0.000000000000000e+00 0.000000000000000e+00 0.000000000000000e+00 0.000000000000000e+00 0.000000000000000e+00 0.000000000000000e+00 0.000000000000000e+00
 0.000000000000000e+00 0.000000000000000e+00 0.000000000000000e+00 0.000000000000000e+00 0.000000000000000e+00 0.000000000000000e+00 0.000000000000000e+00 0.000000000000000e+00 0.000000000000000e+00 0.000000000000000e+00
 0.000000000000000e+00 0.000000000000000e+00 0.000000000000000e+00 0.000000000000000e+00 0.000000000000000e+00 0.000000000000000e+00 0.000000000000000e+00 0.000000000000000e+00 0.000000000000000e+00 0.000000000000000e+00
 0.000000000000000e+00 0.000000000000000e+00 0.000000000000000e+00 0.000000000000000e+00 0.000000000000000e+00 0.000000000000000e+00 0.000000000000000e+00 0.000000000000000e+00 0.000000000000000e+00 0.000000000000000e+00
 0.000000000000000e+00 0.000000000000000e+00 0.000000000000000e+00 0.000000000000000e+00 0.000000000000000e+00 0.000000000000000e+00 0.000000000000000e+00 0.000000000000000e+00 0.000000000000000e+00 0.000000000000000e+00
 0.000000000000000e+00 0.000000000000000e+00 0.000000000000000e+00 0.000000000000000e+00 0.000000000000000e+00 0.000000000000000e+00 0.000000000000000e+00 0.000000000000000e+00 0.000000000000000e+00 0.000000000000000e+00
 0.000000000000000e+00 0.000000000000000e+00 0.000000000000000e+00 0.000000000000000e+00 0.000000000000000e+00 0.000000000000000e+00 0.000000000000000e+00 0.000000000000000e+00 0.000000000000000e+00 0.000000000000000e+00
 0.000000000000000e+00 0.000000000000000e+00 0.000000000000000e+00 0.000000000000000e+00 0.000000000000000e+00 0.000000000000000e+00 0.000000000000000e+00 0.000000000000000e+00 0.000000000000000e+00 0.000000000000000e+00
 0.000000000000000e+00 0.000000000000000e+00 0.000000000000000e+00 0.000000000000000e+00 0.000000000000000e+00 0.000000000000000e+00 0.000000000000000e+00 0.000000000000000e+00 0.000000000000000e+00 0.000000000000000e+00
 0.000000000000000e+00 0.000000000000000e+00 0.000000000000000e+00 0.000000000000000e+00 0.000000000000000e+00 0.000000000000000e+00 0.000000000000000e+00 0.000000000000000e+00 0.000000000000000e+00 0.000000000000000e+00
 0.000000000000000e+00 0.000000000000000e+00 0.000000000000000e+00 0.000000000000000e+00 0.000000000000000e+00 0.000000000000000e+00 0.000000000000000e+00 0.000000000000000e+00 0.000000000000000e+00 0.000000000000000e+00
 0.000000000000000e+00 0.000000000000000e+00 0.000000000000000e+00 0.000000000000000e+00 0.000000000000000e+00 0.000000000000000e+00 0.000000000000000e+00 0.000000000000000e+00 0.000000000000000e+00 0.000000000000000e+00
 0.000000000000000e+00 0.000000000000000e+00 0.000000000000000e+00 0.000000000000000e+00 0.000000000000000e+00 0.000000000000000e+00 0.000000000000000e+00 0.000000000000000e+00 0.000000000000000e+00 0.000000000000000e+00
 0.000000000000000e+00 0.000000000000000e+00 0.000000000000000e+00 0.000000000000000e+00 0.000000000000000e+00 0.000000000000000e+00 0.000000000000000e+00 0.000000000000000e+00 0.000000000000000e+00 0.000000000000000e+00
 0.000000000000000e+00 0.000000000000000e+00 0.000000000000000e+00 0.000000000000000e+00 0.000000000000000e+00 0.000000000000000e+00 0.000000000000000e+00 0.000000000000000e+00 0.000000000000000e+00 0.000000000000000e+00
 0.000000000000000e+00 0.000000000000000e+00 0.000000000000000e+00 0.000000000000000e+00 0.000000000000000e+00 0.000000000000000e+00 0.000000000000000e+00 0.000000000000000e+00 0.000000000000000e+00 0.000000000000000e+00
 0.000000000000000e+00 0.000000000000000e+00 0.000000000000000e+00 0.000000000000000e+00 0.000000000000000e+00 0.000000000000000e+00 0.000000000000000e+00 0.000000000000000e+00 0.000000000000000e+00 0.000000000000000e+00
 0.000000000000000e+00 0.000000000000000e+00 0.000000000000000e+00 0.000000000000000e+00 0.000000000000000e+00 0.000000000000000e+00 0.000000000000000e+00 0.000000000000000e+00 0.000000000000000e+00 0.000000000000000e+00
 0.000000000000000e+00 0.000000000000000e+00 0.000000000000000e+00 0.000000000000000e+00 0.000000000000000e+00 0.000000000000000e+00 0.000000000000000e+00 0.000000000000000e+00 0.000000000000000e+00 0.000000000000000e+00
 0.000000000000000e+00 0.000000000000000e+00 0.000000000000000e+00 0.000000000000000e+00 0.000000000000000e+00 0.000000000000000e+00 0.000000000000000e+00 0.000000000000000e+00 0.000000000000000e+00 0.000000000000000e+00
 0.000000000000000e+00 0.000000000000000e+00 0.000000000000000e+00 0.000000000000000e+00 0.000000000000000e+00 0.000000000000000e+00 0.000000000000000e+00 0.000000000000000e+00 0.000000000000000e+00 0.000000000000000e+00
 0.000000000000000e+00 0.000000000000000e+00 0.000000000000000e+00 0.000000000000000e+00 0.000000000000000e+00 0.000000000000000e+00 0.000000000000000e+00 0.000000000000000e+00 0.000000000000000e+00 0.000000000000000e+00
 0.000000000000000e+00 0.000000000000000e+00 0.000000000000000e+00 0.000000000000000e+00 0.000000000000000e+00 0.000000000000000e+00 0.000000000000000e+00 0.000000000000000e+00 0.000000000000000e+00 0.000000000000000e+00
 0.000000000000000e+00 0.000000000000000e+00 0.000000000000000e+00 0.000000000000000e+00 0.000000000000000e+00 0.000000000000000e+00 0.000000000000000e+00 0.000000000000000e+00 0.000000000000000e+00 0.000000000000000e+00
 0.000000000000000e+00 0.000000000000000e+00 0.000000000000000e+00 0.000000000000000e+00 0.000000000000000e+00 0.000000000000000e+00 0.000000000000000e+00 0.000000000000000e+00 0.000000000000000e+00 0.000000000000000e+00
 0.000000000000000e+00 0.000000000000000e+00 0.000000000000000e+00 0.000000000000000e+00 0.000000000000000e+00 0.000000000000000e+00 0.000000000000000e+00 0.000000000000000e+00 0.000000000000000e+00 0.000000000000000e+00
 0.000000000000000e+00 0.000000000000000e+00 0.000000000000000e+00 0.000000000000000e+00 0.000000000000000e+00 0.000000000000000e+00 0.000000000000000e+00 0.000000000000000e+00 0.000000000000000e+00 0.000000000000000e+00
 0.000000000000000e+00 0.000000000000000e+00 0.000000000000000e+00 0.000000000000000e+00 0.000000000000000e+00 0.000000000000000e+00 0.000000000000000e+00 0.000000000000000e+00 0.000000000000000e+00 0.000000000000000e+00
 0.000000000000000e+00 0.000000000000000e+00 0.000000000000000e+00 0.000000000000000e+00 0.000000000000000e+00 0.000000000000000e+00 0.000000000000000e+00 0.000000000000000e+00 0.000000000000000e+00 0.000000000000000e+00
 0.000000000000000e+00 0.000000000000000e+00 0.000000000000000e+00 0.000000000000000e+00 0.000000000000000e+00 0.000000000000000e+00 0.000000000000000e+00 0.000000000000000e+00 0.000000000000000e+00 0.000000000000000e+00
 0.000000000000000e+00 0.000000000000000e+00 0.000000000000000e+00 0.000000000000000e+00 0.000000000000000e+00 0.000000000000000e+00 0.000000000000000e+00 0.000000000000000e+00 0.000000000000000e+00 0.000000000000000e+00
 0.000000000000000e+00 0.000000000000000e+00 0.000000000000000e+00 0.000000000000000e+00 0.000000000000000e+00 0.000000000000000e+00 0.000000000000000e+00 0.000000000000000e+00 0.000000000000000e+00 0.000000000000000e+00
 0.000000000000000e+00 0.000000000000000e+00 0.000000000000000e+00 0.000000000000000e+00 0.000000000000000e+00 0.000000000000000e+00 0.000000000000000e+00 0.000000000000000e+00 0.000000000000000e+00 0.000000000000000e+00
 0.000000000000000e+00 0.000000000000000e+00 0.000000000000000e+00 0.000000000000000e+00 0.000000000000000e+00 0.000000000000000e+00 0.000000000000000e+00 0.000000000000000e+00 0.000000000000000e+00 0.000000000000000e+00
 0.000000000000000e+00 0.000000000000000e+00 0.000000000000000e+00 0.000000000000000e+00 0.000000000000000e+00 0.000000000000000e+00 0.000000000000000e+00 0.000000000000000e+00 0.000000000000000e+00 0.000000000000000e+00
 0.000000000000000e+00 0.000000000000000e+00 0.000000000000000e+00 0.000000000000000e+00 0.000000000000000e+00 0.000000000000000e+00 0.000000000000000e+00 0.000000000000000e+00 0.000000000000000e+00 0.000000000000000e+00
 0.000000000000000e+00 0.000000000000000e+00 0.000000000000000e+00 0.000000000000000e+00 0.000000000000000e+00 0.000000000000000e+00 0.000000000000000e+00 0.000000000000000e+00 0.000000000000000e+00 0.000000000000000e+00
 0.000000000000000e+00 0.000000000000000e+00 0.000000000000000e+00 0.000000000000000e+00 0.000000000000000e+00 0.000000000000000e+00 0.000000000000000e+00 0.000000000000000e+00 0.000000000000000e+00 0.000000000000000e+00
 0.000000000000000e+00 0.000000000000000e+00 0.000000000000000e+00 0.000000000000000e+00 0.000000000000000e+00 0.000000000000000e+00 0.000000000000000e+00 0.000000000000000e+00 0.000000000000000e+00 0.000000000000000e+00
 0.000000000000000e+00 0.000000000000000e+00 0.000000000000000e+00 0.000000000000000e+00 0.000000000000000e+00 0.000000000000000e+00 0.000000000000000e+00 0.000000000000000e+00 0.000000000000000e+00 0.000000000000000e+00
 0.000000000000000e+00 0.000000000000000e+00 0.000000000000000e+00 0.000000000000000e+00 0.000000000000000e+00 0.000000000000000e+00 0.000000000000000e+00 0.000000000000000e+00 0.000000000000000e+00 0.000000000000000e+00
 0.000000000000000e+00 0.000000000000000e+00 0.000000000000000e+00 0.000000000000000e+00 0.000000000000000e+00 0.000000000000000e+00 0.000000000000000e+00 0.000000000000000e+00 0.000000000000000e+00 0.000000000000000e+00
 0.000000000000000e+00 0.000000000000000e+00 0.000000000000000e+00 0.000000000000000e+00 0.000000000000000e+00 0.000000000000000e+00 0.000000000000000e+00 0.000000000000000e+00 0.000000000000000e+00 0.000000000000000e+00
 0.000000000000000e+00 0.000000000000000e+00 0.000000000000000e+00 0.000000000000000e+00 0.000000000000000e+00 0.000000000000000e+00 0.000000000000000e+00 0.000000000000000e+00 0.000000000000000e+00 0.000000000000000e+00
 0.000000000000000e+00 0.000000000000000e+00 0.000000000000000e+00 0.000000000000000e+00 0.000000000000000e+00 0.000000000000000e+00 0.000000000000000e+00 0.000000000000000e+00 0.000000000000000e+00 0.000000000000000e+00
 0.000000000000000e+00 0.000000000000000e+00 0.000000000000000e+00 0.000000000000000e+00 0.000000000000000e+00 0.000000000000000e+00 0.000000000000000e+00 0.000000000000000e+00 0.000000000000000e+00 0.000000000000000e+00
 0.000000000000000e+00 0.000000000000000e+00 0.000000000000000e+00 0.000000000000000e+00 0.000000000000000e+00 0.000000000000000e+00 0.000000000000000e+00 0.000000000000000e+00 0.000000000000000e+00 0.000000000000000e+00
 0.000000000000000e+00 0.000000000000000e+00 0.000000000000000e+00 0.000000000000000e+00 0.000000000000000e+00 0.000000000000000e+00 0.000000000000000e+00 0.000000000000000e+00 0.000000000000000e+00 0.000000000000000e+00
 0.000000000000000e+00 0.000000000000000e+00 0.000000000000000e+00 0.000000000000000e+00 0.000000000000000e+00 0.000000000000000e+00 0.000000000000000e+00 0.000000000000000e+00 0.000000000000000e+00 0.000000000000000e+00
 0.000000000000000e+00 0.000000000000000e+00 0.000000000000000e+00 0.000000000000000e+00 0.000000000000000e+00 0.000000000000000e+00 0.000000000000000e+00 0.000000000000000e+00 0.000000000000000e+00 0.000000000000000e+00
 0.000000000000000e+00 0.000000000000000e+00 0.000000000000000e+00 0.000000000000000e+00 0.000000000000000e+00 0.000000000000000e+00 0.000000000000000e+00 0.000000000000000e+00 0.000000000000000e+00 0.000000000000000e+00
 0.000000000000000e+00 0.000000000000000e+00 0.000000000000000e+00 0.000000000000000e+00 0.000000000000000e+00 0.000000000000000e+00 0.000000000000000e+00 0.000000000000000e+00 0.000000000000000e+00 0.000000000000000e+00
 0.000000000000000e+00 0.000000000000000e+00 0.000000000000000e+00 0.000000000000000e+00 0.000000000000000e+00 0.000000000000000e+00 0.000000000000000e+00 0.000000000000000e+00 0.000000000000000e+00 0.000000000000000e+00
 0.000000000000000e+00 0.000000000000000e+00 0.000000000000000e+00 0.000000000000000e+00 0.000000000000000e+00 0.000000000000000e+00 0.000000000000000e+00 0.000000000000000e+00 0.000000000000000e+00 0.000000000000000e+00
 0.000000000000000e+00 0.000000000000000e+00 0.000000000000000e+00 0.000000000000000e+00 0.000000000000000e+00 0.000000000000000e+00 0.000000000000000e+00 0.000000000000000e+00 0.000000000000000e+00 0.000000000000000e+00
 0.000000000000000e+00 0.000000000000000e+00 0.000000000000000e+00 0.000000000000000e+00 0.000000000000000e+00 0.000000000000000e+00 0.000000000000000e+00 0.000000000000000e+00 0.000000000000000e+00 0.000000000000000e+00
 0.000000000000000e+00 0.000000000000000e+00 0.000000000000000e+00 0.000000000000000e+00 0.000000000000000e+00 0.000000000000000e+00 0.000000000000000e+00 0.000000000000000e+00 0.000000000000000e+00 0.000000000000000e+00
 0.000000000000000e+00 0.000000000000000e+00 0.000000000000000e+00 0.000000000000000e+00 0.000000000000000e+00 0.000000000000000e+00 0.000000000000000e+00 0.000000000000000e+00 0.000000000000000e+00 0.000000000000000e+00
 0.000000000000000e+00 0.000000000000000e+00 0.000000000000000e+00 0.000000000000000e+00 0.000000000000000e+00 0.000000000000000e+00 0.000000000000000e+00 0.000000000000000e+00 0.000000000000000e+00 0.000000000000000e+00
 0.000000000000000e+00 0.000000000000000e+00 0.000000000000000e+00 0.000000000000000e+00 0.000000000000000e+00 0.000000000000000e+00 0.000000000000000e+00 0.000000000000000e+00 0.000000000000000e+00 0.000000000000000e+00
 0.000000000000000e+00 0.000000000000000e+00 0.000000000000000e+00 0.000000000000000e+00 0.000000000000000e+00 0.000000000000000e+00 0.000000000000000e+00 0.000000000000000e+00 0.000000000000000e+00 0.000000000000000e+00
 0.000000000000000e+00 0.000000000000000e+00 0.000000000000000e+00 0.000000000000000e+00 0.000000000000000e+00 0.000000000000000e+00 0.000000000000000e+00 0.000000000000000e+00 0.000000000000000e+00 0.000000000000000e+00
 0.000000000000000e+00 0.000000000000000e+00 0.000000000000000e+00 0.000000000000000e+00 0.000000000000000e+00 0.000000000000000e+00 0.000000000000000e+00 0.000000000000000e+00 0.000000000000000e+00 0.000000000000000e+00
 0.000000000000000e+00 0.000000000000000e+00 0.000000000000000e+00 0.000000000000000e+00 0.000000000000000e+00 0.000000000000000e+00 0.000000000000000e+00 0.000000000000000e+00 0.000000000000000e+00 0.000000000000000e+00
 0.000000000000000e+00 0.000000000000000e+00 0.000000000000000e+00 0.000000000000000e+00 0.000000000000000e+00 0.000000000000000e+00 0.000000000000000e+00 0.000000000000000e+00 0.000000000000000e+00 0.000000000000000e+00
 0.000000000000000e+00 0.000000000000000e+00 0.000000000000000e+00 0.000000000000000e+00 0.000000000000000e+00 0.000000000000000e+00 0.000000000000000e+00 0.000000000000000e+00 0.000000000000000e+00 0.000000000000000e+00
 0.000000000000000e+00 0.000000000000000e+00 0.000000000000000e+00 0.000000000000000e+00 0.000000000000000e+00 0.000000000000000e+00 0.000000000000000e+00 0.000000000000000e+00 0.000000000000000e+00 0.000000000000000e+00
 0.000000000000000e+00 0.000000000000000e+00 0.000000000000000e+00 0.000000000000000e+00 0.000000000000000e+00 0.000000000000000e+00 0.000000000000000e+00 0.000000000000000e+00 0.000000000000000e+00 0.000000000000000e+00
 0.000000000000000e+00 0.000000000000000e+00 0.000000000000000e+00 0.000000000000000e+00 0.000000000000000e+00 0.000000000000000e+00 0.000000000000000e+00 0.000000000000000e+00 0.000000000000000e+00 0.000000000000000e+00
 0.000000000000000e+00 0.000000000000000e+00 0.000000000000000e+00 0.000000000000000e+00 0.000000000000000e+00 0.000000000000000e+00 0.000000000000000e+00 0.000000000000000e+00 0.000000000000000e+00 0.000000000000000e+00
 0.000000000000000e+00 0.000000000000000e+00 0.000000000000000e+00 0.000000000000000e+00 0.000000000000000e+00 0.000000000000000e+00 0.000000000000000e+00 0.000000000000000e+00 0.000000000000000e+00 0.000000000000000e+00
 0.000000000000000e+00 0.000000000000000e+00 0.000000000000000e+00 0.000000000000000e+00 0.000000000000000e+00 0.000000000000000e+00 0.000000000000000e+00 0.000000000000000e+00 0.000000000000000e+00 0.000000000000000e+00
 0.000000000000000e+00 0.000000000000000e+00 0.000000000000000e+00 0.000000000000000e+00 0.000000000000000e+00 0.000000000000000e+00 0.000000000000000e+00 0.000000000000000e+00 0.000000000000000e+00 0.000000000000000e+00
 0.000000000000000e+00 0.000000000000000e+00 0.000000000000000e+00 0.000000000000000e+00 0.000000000000000e+00 0.000000000000000e+00 0.000000000000000e+00 0.000000000000000e+00 0.000000000000000e+00 0.000000000000000e+00
 0.000000000000000e+00 0.000000000000000e+00 0.000000000000000e+00 0.000000000000000e+00 0.000000000000000e+00 0.000000000000000e+00 0.000000000000000e+00 0.000000000000000e+00 0.000000000000000e+00 0.000000000000000e+00
 0.000000000000000e+00 0.000000000000000e+00 0.000000000000000e+00 0.000000000000000e+00 0.000000000000000e+00 0.000000000000000e+00 0.000000000000000e+00 0.000000000000000e+00 0.000000000000000e+00 0.000000000000000e+00
 0.000000000000000e+00 0.000000000000000e+00 0.000000000000000e+00 0.000000000000000e+00 0.000000000000000e+00 0.000000000000000e+00 0.000000000000000e+00 0.000000000000000e+00 0.000000000000000e+00 0.000000000000000e+00
 0.000000000000000e+00 0.000000000000000e+00 0.000000000000000e+00 0.000000000000000e+00 0.000000000000000e+00 0.000000000000000e+00 0.000000000000000e+00 0.000000000000000e+00 0.000000000000000e+00 0.000000000000000e+00
 0.000000000000000e+00 0.000000000000000e+00 0.000000000000000e+00 0.000000000000000e+00 0.000000000000000e+00 0.000000000000000e+00 0.000000000000000e+00 0.000000000000000e+00 0.000000000000000e+00 0.000000000000000e+00
 0.000000000000000e+00 0.000000000000000e+00 0.000000000000000e+00 0.000000000000000e+00 0.000000000000000e+00 0.000000000000000e+00 0.000000000000000e+00 0.000000000000000e+00 0.000000000000000e+00 0.000000000000000e+00
 0.000000000000000e+00 0.000000000000000e+00 0.000000000000000e+00 0.000000000000000e+00 0.000000000000000e+00 0.000000000000000e+00 0.000000000000000e+00 0.000000000000000e+00 0.000000000000000e+00 0.000000000000000e+00
 0.000000000000000e+00 0.000000000000000e+00 0.000000000000000e+00 0.000000000000000e+00 0.000000000000000e+00 0.000000000000000e+00 0.000000000000000e+00 0.000000000000000e+00 0.000000000000000e+00 0.000000000000000e+00
 0.000000000000000e+00 0.000000000000000e+00 0.000000000000000e+00 0.000000000000000e+00 0.000000000000000e+00 0.000000000000000e+00 0.000000000000000e+00 0.000000000000000e+00 0.000000000000000e+00 0.000000000000000e+00
 0.000000000000000e+00 0.000000000000000e+00 0.000000000000000e+00 0.000000000000000e+00 0.000000000000000e+00 0.000000000000000e+00 0.000000000000000e+00 0.000000000000000e+00 0.000000000000000e+00 0.000000000000000e+00
 0.000000000000000e+00 0.000000000000000e+00 0.000000000000000e+00 0.000000000000000e+00 0.000000000000000e+00 0.000000000000000e+00 0.000000000000000e+00 0.000000000000000e+00 0.000000000000000e+00 0.000000000000000e+00
 0.000000000000000e+00 0.000000000000000e+00 0.000000000000000e+00 0.000000000000000e+00 0.000000000000000e+00 0.000000000000000e+00 0.000000000000000e+00 0.000000000000000e+00 0.000000000000000e+00 0.000000000000000e+00
 0.000000000000000e+00 0.000000000000000e+00 0.000000000000000e+00 0.000000000000000e+00 0.000000000000000e+00 0.000000000000000e+00 0.000000000000000e+00 0.000000000000000e+00 0.000000000000000e+00 0.000000000000000e+00
 0.000000000000000e+00 0.000000000000000e+00 0.000000000000000e+00 0.000000000000000e+00 0.000000000000000e+00 0.000000000000000e+00 0.000000000000000e+00 0.000000000000000e+00 0.000000000000000e+00 0.000000000000000e+00
 0.000000000000000e+00 0.000000000000000e+00 0.000000000000000e+00 0.000000000000000e+00 0.000000000000000e+00 0.000000000000000e+00 0.000000000000000e+00 0.000000000000000e+00 0.000000000000000e+00 0.000000000000000e+00
 0.000000000000000e+00 0.000000000000000e+00 0.000000000000000e+00 0.000000000000000e+00 0.000000000000000e+00 0.000000000000000e+00 0.000000000000000e+00 0.000000000000000e+00 0.000000000000000e+00 0.000000000000000e+00
 0.000000000000000e+00 0.000000000000000e+00 0.000000000000000e+00 0.000000000000000e+00 0.000000000000000e+00 0.000000000000000e+00 0.000000000000000e+00 0.000000000000000e+00 0.000000000000000e+00 0.000000000000000e+00
 0.000000000000000e+00 0.000000000000000e+00 0.000000000000000e+00 0.000000000000000e+00 0.000000000000000e+00 0.000000000000000e+00 0.000000000000000e+00 0.000000000000000e+00 0.000000000000000e+00 0.000000000000000e+00
 0.000000000000000e+00 0.000000000000000e+00 0.000000000000000e+00 0.000000000000000e+00 0.000000000000000e+00 0.000000000000000e+00 0.000000000000000e+00 0.000000000000000e+00 0.000000000000000e+00 0.000000000000000e+00
 0.000000000000000e+00 0.000000000000000e+00 0.000000000000000e+00 0.000000000000000e+00 0.000000000000000e+00 0.000000000000000e+00 0.000000000000000e+00 0.000000000000000e+00 0.000000000000000e+00 0.000000000000000e+00
 0.000000000000000e+00 0.000000000000000e+00 0.000000000000000e+00 0.000000000000000e+00 0.000000000000000e+00 0.000000000000000e+00 0.000000000000000e+00 0.000000000000000e+00 0.000000000000000e+00 0.000000000000000e+00
 0.000000000000000e+00 0.000000000000000e+00 0.000000000000000e+00 0.000000000000000e+00 0.000000000000000e+00 0.000000000000000e+00 0.000000000000000e+00 0.000000000000000e+00 0.000000000000000e+00 0.000000000000000e+00
 0.000000000000000e+00 0.000000000000000e+00 0.000000000000000e+00 0.000000000000000e+00 0.000000000000000e+00 0.000000000000000e+00 0.000000000000000e+00 0.000000000000000e+00 0.000000000000000e+00 0.000000000000000e+00
 0.000000000000000e+00 0.000000000000000e+00 0.000000000000000e+00 0.000000000000000e+00 0.000000000000000e+00 0.000000000000000e+00 0.000000000000000e+00 0.000000000000000e+00 0.000000000000000e+00 0.000000000000000e+00

    }
  }

  Dataset ("AluminumActiveConcentration") {
    function  = AluminumActiveConcentration
    type      = scalar
    dimension = 1
    location  = vertex
    validity  = [ "i_layer" ]
    Values (4420) {
 1.000000000000005e+19 0.000000000000000e+00 0.000000000000000e+00 1.000000000000005e+19 0.000000000000000e+00 0.000000000000000e+00 0.000000000000000e+00 0.000000000000000e+00 0.000000000000000e+00 0.000000000000000e+00
 0.000000000000000e+00 0.000000000000000e+00 0.000000000000000e+00 0.000000000000000e+00 0.000000000000000e+00 0.000000000000000e+00 0.000000000000000e+00 0.000000000000000e+00 0.000000000000000e+00 0.000000000000000e+00
 0.000000000000000e+00 0.000000000000000e+00 0.000000000000000e+00 0.000000000000000e+00 0.000000000000000e+00 0.000000000000000e+00 0.000000000000000e+00 0.000000000000000e+00 0.000000000000000e+00 0.000000000000000e+00
 0.000000000000000e+00 0.000000000000000e+00 0.000000000000000e+00 0.000000000000000e+00 0.000000000000000e+00 0.000000000000000e+00 0.000000000000000e+00 0.000000000000000e+00 0.000000000000000e+00 0.000000000000000e+00
 0.000000000000000e+00 0.000000000000000e+00 0.000000000000000e+00 0.000000000000000e+00 0.000000000000000e+00 0.000000000000000e+00 0.000000000000000e+00 0.000000000000000e+00 0.000000000000000e+00 0.000000000000000e+00
 0.000000000000000e+00 0.000000000000000e+00 0.000000000000000e+00 0.000000000000000e+00 0.000000000000000e+00 0.000000000000000e+00 0.000000000000000e+00 0.000000000000000e+00 0.000000000000000e+00 0.000000000000000e+00
 0.000000000000000e+00 0.000000000000000e+00 0.000000000000000e+00 0.000000000000000e+00 0.000000000000000e+00 0.000000000000000e+00 0.000000000000000e+00 0.000000000000000e+00 0.000000000000000e+00 0.000000000000000e+00
 0.000000000000000e+00 0.000000000000000e+00 0.000000000000000e+00 0.000000000000000e+00 0.000000000000000e+00 0.000000000000000e+00 0.000000000000000e+00 0.000000000000000e+00 0.000000000000000e+00 0.000000000000000e+00
 0.000000000000000e+00 0.000000000000000e+00 0.000000000000000e+00 0.000000000000000e+00 0.000000000000000e+00 0.000000000000000e+00 0.000000000000000e+00 0.000000000000000e+00 0.000000000000000e+00 0.000000000000000e+00
 0.000000000000000e+00 0.000000000000000e+00 0.000000000000000e+00 0.000000000000000e+00 0.000000000000000e+00 0.000000000000000e+00 0.000000000000000e+00 0.000000000000000e+00 0.000000000000000e+00 0.000000000000000e+00
 0.000000000000000e+00 0.000000000000000e+00 0.000000000000000e+00 0.000000000000000e+00 1.000000000000005e+19 0.000000000000000e+00 1.000000000000005e+19 0.000000000000000e+00 0.000000000000000e+00 0.000000000000000e+00
 0.000000000000000e+00 0.000000000000000e+00 0.000000000000000e+00 0.000000000000000e+00 0.000000000000000e+00 0.000000000000000e+00 0.000000000000000e+00 0.000000000000000e+00 0.000000000000000e+00 0.000000000000000e+00
 0.000000000000000e+00 0.000000000000000e+00 0.000000000000000e+00 0.000000000000000e+00 0.000000000000000e+00 0.000000000000000e+00 0.000000000000000e+00 0.000000000000000e+00 0.000000000000000e+00 0.000000000000000e+00
 0.000000000000000e+00 0.000000000000000e+00 0.000000000000000e+00 0.000000000000000e+00 0.000000000000000e+00 0.000000000000000e+00 0.000000000000000e+00 0.000000000000000e+00 0.000000000000000e+00 0.000000000000000e+00
 0.000000000000000e+00 0.000000000000000e+00 0.000000000000000e+00 0.000000000000000e+00 0.000000000000000e+00 0.000000000000000e+00 0.000000000000000e+00 0.000000000000000e+00 0.000000000000000e+00 0.000000000000000e+00
 0.000000000000000e+00 0.000000000000000e+00 0.000000000000000e+00 0.000000000000000e+00 0.000000000000000e+00 0.000000000000000e+00 0.000000000000000e+00 0.000000000000000e+00 0.000000000000000e+00 0.000000000000000e+00
 0.000000000000000e+00 0.000000000000000e+00 0.000000000000000e+00 0.000000000000000e+00 0.000000000000000e+00 0.000000000000000e+00 0.000000000000000e+00 0.000000000000000e+00 0.000000000000000e+00 0.000000000000000e+00
 0.000000000000000e+00 0.000000000000000e+00 0.000000000000000e+00 0.000000000000000e+00 1.000000000000005e+19 0.000000000000000e+00 1.000000000000005e+19 0.000000000000000e+00 0.000000000000000e+00 0.000000000000000e+00
 0.000000000000000e+00 0.000000000000000e+00 0.000000000000000e+00 0.000000000000000e+00 0.000000000000000e+00 0.000000000000000e+00 0.000000000000000e+00 0.000000000000000e+00 0.000000000000000e+00 0.000000000000000e+00
 0.000000000000000e+00 0.000000000000000e+00 0.000000000000000e+00 0.000000000000000e+00 0.000000000000000e+00 0.000000000000000e+00 0.000000000000000e+00 0.000000000000000e+00 0.000000000000000e+00 0.000000000000000e+00
 0.000000000000000e+00 0.000000000000000e+00 0.000000000000000e+00 0.000000000000000e+00 0.000000000000000e+00 0.000000000000000e+00 0.000000000000000e+00 0.000000000000000e+00 0.000000000000000e+00 0.000000000000000e+00
 0.000000000000000e+00 0.000000000000000e+00 0.000000000000000e+00 0.000000000000000e+00 0.000000000000000e+00 0.000000000000000e+00 0.000000000000000e+00 0.000000000000000e+00 0.000000000000000e+00 0.000000000000000e+00
 0.000000000000000e+00 0.000000000000000e+00 0.000000000000000e+00 0.000000000000000e+00 0.000000000000000e+00 0.000000000000000e+00 0.000000000000000e+00 0.000000000000000e+00 0.000000000000000e+00 0.000000000000000e+00
 0.000000000000000e+00 0.000000000000000e+00 0.000000000000000e+00 0.000000000000000e+00 0.000000000000000e+00 0.000000000000000e+00 0.000000000000000e+00 0.000000000000000e+00 0.000000000000000e+00 0.000000000000000e+00
 0.000000000000000e+00 0.000000000000000e+00 0.000000000000000e+00 0.000000000000000e+00 1.000000000000005e+19 0.000000000000000e+00 1.000000000000005e+19 0.000000000000000e+00 0.000000000000000e+00 0.000000000000000e+00
 0.000000000000000e+00 0.000000000000000e+00 0.000000000000000e+00 0.000000000000000e+00 0.000000000000000e+00 0.000000000000000e+00 0.000000000000000e+00 0.000000000000000e+00 0.000000000000000e+00 0.000000000000000e+00
 0.000000000000000e+00 0.000000000000000e+00 0.000000000000000e+00 0.000000000000000e+00 0.000000000000000e+00 0.000000000000000e+00 0.000000000000000e+00 0.000000000000000e+00 0.000000000000000e+00 0.000000000000000e+00
 0.000000000000000e+00 0.000000000000000e+00 0.000000000000000e+00 0.000000000000000e+00 0.000000000000000e+00 0.000000000000000e+00 0.000000000000000e+00 0.000000000000000e+00 0.000000000000000e+00 0.000000000000000e+00
 0.000000000000000e+00 0.000000000000000e+00 0.000000000000000e+00 0.000000000000000e+00 0.000000000000000e+00 0.000000000000000e+00 0.000000000000000e+00 0.000000000000000e+00 0.000000000000000e+00 0.000000000000000e+00
 0.000000000000000e+00 0.000000000000000e+00 0.000000000000000e+00 0.000000000000000e+00 0.000000000000000e+00 0.000000000000000e+00 0.000000000000000e+00 0.000000000000000e+00 0.000000000000000e+00 0.000000000000000e+00
 0.000000000000000e+00 0.000000000000000e+00 0.000000000000000e+00 0.000000000000000e+00 0.000000000000000e+00 0.000000000000000e+00 0.000000000000000e+00 0.000000000000000e+00 0.000000000000000e+00 0.000000000000000e+00
 0.000000000000000e+00 0.000000000000000e+00 0.000000000000000e+00 0.000000000000000e+00 1.000000000000005e+19 0.000000000000000e+00 1.000000000000005e+19 0.000000000000000e+00 0.000000000000000e+00 0.000000000000000e+00
 0.000000000000000e+00 0.000000000000000e+00 0.000000000000000e+00 0.000000000000000e+00 0.000000000000000e+00 0.000000000000000e+00 0.000000000000000e+00 0.000000000000000e+00 0.000000000000000e+00 0.000000000000000e+00
 0.000000000000000e+00 0.000000000000000e+00 0.000000000000000e+00 0.000000000000000e+00 0.000000000000000e+00 0.000000000000000e+00 0.000000000000000e+00 0.000000000000000e+00 0.000000000000000e+00 0.000000000000000e+00
 0.000000000000000e+00 0.000000000000000e+00 0.000000000000000e+00 0.000000000000000e+00 0.000000000000000e+00 0.000000000000000e+00 0.000000000000000e+00 0.000000000000000e+00 0.000000000000000e+00 0.000000000000000e+00
 0.000000000000000e+00 0.000000000000000e+00 0.000000000000000e+00 0.000000000000000e+00 0.000000000000000e+00 0.000000000000000e+00 0.000000000000000e+00 0.000000000000000e+00 0.000000000000000e+00 0.000000000000000e+00
 0.000000000000000e+00 0.000000000000000e+00 0.000000000000000e+00 0.000000000000000e+00 0.000000000000000e+00 0.000000000000000e+00 0.000000000000000e+00 0.000000000000000e+00 0.000000000000000e+00 0.000000000000000e+00
 0.000000000000000e+00 0.000000000000000e+00 0.000000000000000e+00 0.000000000000000e+00 0.000000000000000e+00 0.000000000000000e+00 0.000000000000000e+00 0.000000000000000e+00 0.000000000000000e+00 0.000000000000000e+00
 0.000000000000000e+00 0.000000000000000e+00 0.000000000000000e+00 0.000000000000000e+00 1.000000000000005e+19 0.000000000000000e+00 1.000000000000005e+19 0.000000000000000e+00 0.000000000000000e+00 0.000000000000000e+00
 0.000000000000000e+00 0.000000000000000e+00 0.000000000000000e+00 0.000000000000000e+00 0.000000000000000e+00 0.000000000000000e+00 0.000000000000000e+00 0.000000000000000e+00 0.000000000000000e+00 0.000000000000000e+00
 0.000000000000000e+00 0.000000000000000e+00 0.000000000000000e+00 0.000000000000000e+00 0.000000000000000e+00 0.000000000000000e+00 0.000000000000000e+00 0.000000000000000e+00 0.000000000000000e+00 0.000000000000000e+00
 0.000000000000000e+00 0.000000000000000e+00 0.000000000000000e+00 0.000000000000000e+00 0.000000000000000e+00 0.000000000000000e+00 0.000000000000000e+00 0.000000000000000e+00 0.000000000000000e+00 0.000000000000000e+00
 0.000000000000000e+00 0.000000000000000e+00 0.000000000000000e+00 0.000000000000000e+00 0.000000000000000e+00 0.000000000000000e+00 0.000000000000000e+00 0.000000000000000e+00 0.000000000000000e+00 0.000000000000000e+00
 0.000000000000000e+00 0.000000000000000e+00 0.000000000000000e+00 0.000000000000000e+00 0.000000000000000e+00 0.000000000000000e+00 0.000000000000000e+00 0.000000000000000e+00 0.000000000000000e+00 0.000000000000000e+00
 0.000000000000000e+00 0.000000000000000e+00 0.000000000000000e+00 0.000000000000000e+00 0.000000000000000e+00 0.000000000000000e+00 0.000000000000000e+00 0.000000000000000e+00 0.000000000000000e+00 0.000000000000000e+00
 0.000000000000000e+00 0.000000000000000e+00 0.000000000000000e+00 0.000000000000000e+00 1.000000000000005e+19 0.000000000000000e+00 1.000000000000005e+19 0.000000000000000e+00 0.000000000000000e+00 0.000000000000000e+00
 0.000000000000000e+00 0.000000000000000e+00 0.000000000000000e+00 0.000000000000000e+00 0.000000000000000e+00 0.000000000000000e+00 0.000000000000000e+00 0.000000000000000e+00 0.000000000000000e+00 0.000000000000000e+00
 0.000000000000000e+00 0.000000000000000e+00 0.000000000000000e+00 0.000000000000000e+00 0.000000000000000e+00 0.000000000000000e+00 0.000000000000000e+00 0.000000000000000e+00 0.000000000000000e+00 0.000000000000000e+00
 0.000000000000000e+00 0.000000000000000e+00 0.000000000000000e+00 0.000000000000000e+00 0.000000000000000e+00 0.000000000000000e+00 0.000000000000000e+00 0.000000000000000e+00 0.000000000000000e+00 0.000000000000000e+00
 0.000000000000000e+00 0.000000000000000e+00 0.000000000000000e+00 0.000000000000000e+00 0.000000000000000e+00 0.000000000000000e+00 0.000000000000000e+00 0.000000000000000e+00 0.000000000000000e+00 0.000000000000000e+00
 0.000000000000000e+00 0.000000000000000e+00 0.000000000000000e+00 0.000000000000000e+00 0.000000000000000e+00 0.000000000000000e+00 0.000000000000000e+00 0.000000000000000e+00 0.000000000000000e+00 0.000000000000000e+00
 0.000000000000000e+00 0.000000000000000e+00 0.000000000000000e+00 0.000000000000000e+00 0.000000000000000e+00 0.000000000000000e+00 0.000000000000000e+00 0.000000000000000e+00 0.000000000000000e+00 0.000000000000000e+00
 0.000000000000000e+00 0.000000000000000e+00 0.000000000000000e+00 0.000000000000000e+00 1.000000000000005e+19 0.000000000000000e+00 1.000000000000005e+19 0.000000000000000e+00 0.000000000000000e+00 0.000000000000000e+00
 0.000000000000000e+00 0.000000000000000e+00 0.000000000000000e+00 0.000000000000000e+00 0.000000000000000e+00 0.000000000000000e+00 0.000000000000000e+00 0.000000000000000e+00 0.000000000000000e+00 0.000000000000000e+00
 0.000000000000000e+00 0.000000000000000e+00 0.000000000000000e+00 0.000000000000000e+00 0.000000000000000e+00 0.000000000000000e+00 0.000000000000000e+00 0.000000000000000e+00 0.000000000000000e+00 0.000000000000000e+00
 0.000000000000000e+00 0.000000000000000e+00 0.000000000000000e+00 0.000000000000000e+00 0.000000000000000e+00 0.000000000000000e+00 0.000000000000000e+00 0.000000000000000e+00 0.000000000000000e+00 0.000000000000000e+00
 0.000000000000000e+00 0.000000000000000e+00 0.000000000000000e+00 0.000000000000000e+00 0.000000000000000e+00 0.000000000000000e+00 0.000000000000000e+00 0.000000000000000e+00 0.000000000000000e+00 0.000000000000000e+00
 0.000000000000000e+00 0.000000000000000e+00 0.000000000000000e+00 0.000000000000000e+00 0.000000000000000e+00 0.000000000000000e+00 0.000000000000000e+00 0.000000000000000e+00 0.000000000000000e+00 0.000000000000000e+00
 0.000000000000000e+00 0.000000000000000e+00 0.000000000000000e+00 0.000000000000000e+00 0.000000000000000e+00 0.000000000000000e+00 0.000000000000000e+00 0.000000000000000e+00 0.000000000000000e+00 0.000000000000000e+00
 0.000000000000000e+00 0.000000000000000e+00 0.000000000000000e+00 0.000000000000000e+00 1.000000000000005e+19 0.000000000000000e+00 1.000000000000005e+19 0.000000000000000e+00 0.000000000000000e+00 0.000000000000000e+00
 0.000000000000000e+00 0.000000000000000e+00 0.000000000000000e+00 0.000000000000000e+00 0.000000000000000e+00 0.000000000000000e+00 0.000000000000000e+00 0.000000000000000e+00 0.000000000000000e+00 0.000000000000000e+00
 0.000000000000000e+00 0.000000000000000e+00 0.000000000000000e+00 0.000000000000000e+00 0.000000000000000e+00 0.000000000000000e+00 0.000000000000000e+00 0.000000000000000e+00 0.000000000000000e+00 0.000000000000000e+00
 0.000000000000000e+00 0.000000000000000e+00 0.000000000000000e+00 0.000000000000000e+00 0.000000000000000e+00 0.000000000000000e+00 0.000000000000000e+00 0.000000000000000e+00 0.000000000000000e+00 0.000000000000000e+00
 0.000000000000000e+00 0.000000000000000e+00 0.000000000000000e+00 0.000000000000000e+00 0.000000000000000e+00 0.000000000000000e+00 0.000000000000000e+00 0.000000000000000e+00 0.000000000000000e+00 0.000000000000000e+00
 0.000000000000000e+00 0.000000000000000e+00 0.000000000000000e+00 0.000000000000000e+00 0.000000000000000e+00 0.000000000000000e+00 0.000000000000000e+00 0.000000000000000e+00 0.000000000000000e+00 0.000000000000000e+00
 0.000000000000000e+00 0.000000000000000e+00 0.000000000000000e+00 0.000000000000000e+00 0.000000000000000e+00 0.000000000000000e+00 0.000000000000000e+00 0.000000000000000e+00 0.000000000000000e+00 0.000000000000000e+00
 0.000000000000000e+00 0.000000000000000e+00 0.000000000000000e+00 0.000000000000000e+00 1.000000000000005e+19 0.000000000000000e+00 1.000000000000005e+19 0.000000000000000e+00 0.000000000000000e+00 0.000000000000000e+00
 0.000000000000000e+00 0.000000000000000e+00 0.000000000000000e+00 0.000000000000000e+00 0.000000000000000e+00 0.000000000000000e+00 0.000000000000000e+00 0.000000000000000e+00 0.000000000000000e+00 0.000000000000000e+00
 0.000000000000000e+00 0.000000000000000e+00 0.000000000000000e+00 0.000000000000000e+00 0.000000000000000e+00 0.000000000000000e+00 0.000000000000000e+00 0.000000000000000e+00 0.000000000000000e+00 0.000000000000000e+00
 0.000000000000000e+00 0.000000000000000e+00 0.000000000000000e+00 0.000000000000000e+00 0.000000000000000e+00 0.000000000000000e+00 0.000000000000000e+00 0.000000000000000e+00 0.000000000000000e+00 0.000000000000000e+00
 0.000000000000000e+00 0.000000000000000e+00 0.000000000000000e+00 0.000000000000000e+00 0.000000000000000e+00 0.000000000000000e+00 0.000000000000000e+00 0.000000000000000e+00 0.000000000000000e+00 0.000000000000000e+00
 0.000000000000000e+00 0.000000000000000e+00 0.000000000000000e+00 0.000000000000000e+00 0.000000000000000e+00 0.000000000000000e+00 0.000000000000000e+00 0.000000000000000e+00 0.000000000000000e+00 0.000000000000000e+00
 0.000000000000000e+00 0.000000000000000e+00 0.000000000000000e+00 0.000000000000000e+00 0.000000000000000e+00 0.000000000000000e+00 0.000000000000000e+00 0.000000000000000e+00 0.000000000000000e+00 0.000000000000000e+00
 0.000000000000000e+00 0.000000000000000e+00 0.000000000000000e+00 0.000000000000000e+00 1.000000000000005e+19 0.000000000000000e+00 1.000000000000005e+19 0.000000000000000e+00 0.000000000000000e+00 0.000000000000000e+00
 0.000000000000000e+00 0.000000000000000e+00 0.000000000000000e+00 0.000000000000000e+00 0.000000000000000e+00 0.000000000000000e+00 0.000000000000000e+00 0.000000000000000e+00 0.000000000000000e+00 0.000000000000000e+00
 0.000000000000000e+00 0.000000000000000e+00 0.000000000000000e+00 0.000000000000000e+00 0.000000000000000e+00 0.000000000000000e+00 0.000000000000000e+00 0.000000000000000e+00 0.000000000000000e+00 0.000000000000000e+00
 0.000000000000000e+00 0.000000000000000e+00 0.000000000000000e+00 0.000000000000000e+00 0.000000000000000e+00 0.000000000000000e+00 0.000000000000000e+00 0.000000000000000e+00 0.000000000000000e+00 0.000000000000000e+00
 0.000000000000000e+00 0.000000000000000e+00 0.000000000000000e+00 0.000000000000000e+00 0.000000000000000e+00 0.000000000000000e+00 0.000000000000000e+00 0.000000000000000e+00 0.000000000000000e+00 0.000000000000000e+00
 0.000000000000000e+00 0.000000000000000e+00 0.000000000000000e+00 0.000000000000000e+00 0.000000000000000e+00 0.000000000000000e+00 0.000000000000000e+00 0.000000000000000e+00 0.000000000000000e+00 0.000000000000000e+00
 0.000000000000000e+00 0.000000000000000e+00 0.000000000000000e+00 0.000000000000000e+00 0.000000000000000e+00 0.000000000000000e+00 0.000000000000000e+00 0.000000000000000e+00 0.000000000000000e+00 0.000000000000000e+00
 0.000000000000000e+00 0.000000000000000e+00 0.000000000000000e+00 0.000000000000000e+00 1.000000000000005e+19 0.000000000000000e+00 1.000000000000005e+19 0.000000000000000e+00 0.000000000000000e+00 0.000000000000000e+00
 0.000000000000000e+00 0.000000000000000e+00 0.000000000000000e+00 0.000000000000000e+00 0.000000000000000e+00 0.000000000000000e+00 0.000000000000000e+00 0.000000000000000e+00 0.000000000000000e+00 0.000000000000000e+00
 0.000000000000000e+00 0.000000000000000e+00 0.000000000000000e+00 0.000000000000000e+00 0.000000000000000e+00 0.000000000000000e+00 0.000000000000000e+00 0.000000000000000e+00 0.000000000000000e+00 0.000000000000000e+00
 0.000000000000000e+00 0.000000000000000e+00 0.000000000000000e+00 0.000000000000000e+00 0.000000000000000e+00 0.000000000000000e+00 0.000000000000000e+00 0.000000000000000e+00 0.000000000000000e+00 0.000000000000000e+00
 0.000000000000000e+00 0.000000000000000e+00 0.000000000000000e+00 0.000000000000000e+00 0.000000000000000e+00 0.000000000000000e+00 0.000000000000000e+00 0.000000000000000e+00 0.000000000000000e+00 0.000000000000000e+00
 0.000000000000000e+00 0.000000000000000e+00 0.000000000000000e+00 0.000000000000000e+00 0.000000000000000e+00 0.000000000000000e+00 0.000000000000000e+00 0.000000000000000e+00 0.000000000000000e+00 0.000000000000000e+00
 0.000000000000000e+00 0.000000000000000e+00 0.000000000000000e+00 0.000000000000000e+00 0.000000000000000e+00 0.000000000000000e+00 0.000000000000000e+00 0.000000000000000e+00 0.000000000000000e+00 0.000000000000000e+00
 0.000000000000000e+00 0.000000000000000e+00 0.000000000000000e+00 0.000000000000000e+00 1.000000000000005e+19 0.000000000000000e+00 1.000000000000005e+19 0.000000000000000e+00 0.000000000000000e+00 0.000000000000000e+00
 0.000000000000000e+00 0.000000000000000e+00 0.000000000000000e+00 0.000000000000000e+00 0.000000000000000e+00 0.000000000000000e+00 0.000000000000000e+00 0.000000000000000e+00 0.000000000000000e+00 0.000000000000000e+00
 0.000000000000000e+00 0.000000000000000e+00 0.000000000000000e+00 0.000000000000000e+00 0.000000000000000e+00 0.000000000000000e+00 0.000000000000000e+00 0.000000000000000e+00 0.000000000000000e+00 0.000000000000000e+00
 0.000000000000000e+00 0.000000000000000e+00 0.000000000000000e+00 0.000000000000000e+00 0.000000000000000e+00 0.000000000000000e+00 0.000000000000000e+00 0.000000000000000e+00 0.000000000000000e+00 0.000000000000000e+00
 0.000000000000000e+00 0.000000000000000e+00 0.000000000000000e+00 0.000000000000000e+00 0.000000000000000e+00 0.000000000000000e+00 0.000000000000000e+00 0.000000000000000e+00 0.000000000000000e+00 0.000000000000000e+00
 0.000000000000000e+00 0.000000000000000e+00 0.000000000000000e+00 0.000000000000000e+00 0.000000000000000e+00 0.000000000000000e+00 0.000000000000000e+00 0.000000000000000e+00 0.000000000000000e+00 0.000000000000000e+00
 0.000000000000000e+00 0.000000000000000e+00 0.000000000000000e+00 0.000000000000000e+00 0.000000000000000e+00 0.000000000000000e+00 0.000000000000000e+00 0.000000000000000e+00 0.000000000000000e+00 0.000000000000000e+00
 0.000000000000000e+00 0.000000000000000e+00 0.000000000000000e+00 0.000000000000000e+00 1.000000000000005e+19 0.000000000000000e+00 1.000000000000005e+19 0.000000000000000e+00 0.000000000000000e+00 0.000000000000000e+00
 0.000000000000000e+00 0.000000000000000e+00 0.000000000000000e+00 0.000000000000000e+00 0.000000000000000e+00 0.000000000000000e+00 0.000000000000000e+00 0.000000000000000e+00 0.000000000000000e+00 0.000000000000000e+00
 0.000000000000000e+00 0.000000000000000e+00 0.000000000000000e+00 0.000000000000000e+00 0.000000000000000e+00 0.000000000000000e+00 0.000000000000000e+00 0.000000000000000e+00 0.000000000000000e+00 0.000000000000000e+00
 0.000000000000000e+00 0.000000000000000e+00 0.000000000000000e+00 0.000000000000000e+00 0.000000000000000e+00 0.000000000000000e+00 0.000000000000000e+00 0.000000000000000e+00 0.000000000000000e+00 0.000000000000000e+00
 0.000000000000000e+00 0.000000000000000e+00 0.000000000000000e+00 0.000000000000000e+00 0.000000000000000e+00 0.000000000000000e+00 0.000000000000000e+00 0.000000000000000e+00 0.000000000000000e+00 0.000000000000000e+00
 0.000000000000000e+00 0.000000000000000e+00 0.000000000000000e+00 0.000000000000000e+00 0.000000000000000e+00 0.000000000000000e+00 0.000000000000000e+00 0.000000000000000e+00 0.000000000000000e+00 0.000000000000000e+00
 0.000000000000000e+00 0.000000000000000e+00 0.000000000000000e+00 0.000000000000000e+00 0.000000000000000e+00 0.000000000000000e+00 0.000000000000000e+00 0.000000000000000e+00 0.000000000000000e+00 0.000000000000000e+00
 0.000000000000000e+00 0.000000000000000e+00 0.000000000000000e+00 0.000000000000000e+00 1.000000000000005e+19 0.000000000000000e+00 1.000000000000005e+19 0.000000000000000e+00 0.000000000000000e+00 0.000000000000000e+00
 0.000000000000000e+00 0.000000000000000e+00 0.000000000000000e+00 0.000000000000000e+00 0.000000000000000e+00 0.000000000000000e+00 0.000000000000000e+00 0.000000000000000e+00 0.000000000000000e+00 0.000000000000000e+00
 0.000000000000000e+00 0.000000000000000e+00 0.000000000000000e+00 0.000000000000000e+00 0.000000000000000e+00 0.000000000000000e+00 0.000000000000000e+00 0.000000000000000e+00 0.000000000000000e+00 0.000000000000000e+00
 0.000000000000000e+00 0.000000000000000e+00 0.000000000000000e+00 0.000000000000000e+00 0.000000000000000e+00 0.000000000000000e+00 0.000000000000000e+00 0.000000000000000e+00 0.000000000000000e+00 0.000000000000000e+00
 0.000000000000000e+00 0.000000000000000e+00 0.000000000000000e+00 0.000000000000000e+00 0.000000000000000e+00 0.000000000000000e+00 0.000000000000000e+00 0.000000000000000e+00 0.000000000000000e+00 0.000000000000000e+00
 0.000000000000000e+00 0.000000000000000e+00 0.000000000000000e+00 0.000000000000000e+00 0.000000000000000e+00 0.000000000000000e+00 0.000000000000000e+00 0.000000000000000e+00 0.000000000000000e+00 0.000000000000000e+00
 0.000000000000000e+00 0.000000000000000e+00 0.000000000000000e+00 0.000000000000000e+00 0.000000000000000e+00 0.000000000000000e+00 0.000000000000000e+00 0.000000000000000e+00 0.000000000000000e+00 0.000000000000000e+00
 0.000000000000000e+00 0.000000000000000e+00 0.000000000000000e+00 0.000000000000000e+00 1.000000000000005e+19 0.000000000000000e+00 1.000000000000005e+19 0.000000000000000e+00 0.000000000000000e+00 0.000000000000000e+00
 0.000000000000000e+00 0.000000000000000e+00 0.000000000000000e+00 0.000000000000000e+00 0.000000000000000e+00 0.000000000000000e+00 0.000000000000000e+00 0.000000000000000e+00 0.000000000000000e+00 0.000000000000000e+00
 0.000000000000000e+00 0.000000000000000e+00 0.000000000000000e+00 0.000000000000000e+00 0.000000000000000e+00 0.000000000000000e+00 0.000000000000000e+00 0.000000000000000e+00 0.000000000000000e+00 0.000000000000000e+00
 0.000000000000000e+00 0.000000000000000e+00 0.000000000000000e+00 0.000000000000000e+00 0.000000000000000e+00 0.000000000000000e+00 0.000000000000000e+00 0.000000000000000e+00 0.000000000000000e+00 0.000000000000000e+00
 0.000000000000000e+00 0.000000000000000e+00 0.000000000000000e+00 0.000000000000000e+00 0.000000000000000e+00 0.000000000000000e+00 0.000000000000000e+00 0.000000000000000e+00 0.000000000000000e+00 0.000000000000000e+00
 0.000000000000000e+00 0.000000000000000e+00 0.000000000000000e+00 0.000000000000000e+00 0.000000000000000e+00 0.000000000000000e+00 0.000000000000000e+00 0.000000000000000e+00 0.000000000000000e+00 0.000000000000000e+00
 0.000000000000000e+00 0.000000000000000e+00 0.000000000000000e+00 0.000000000000000e+00 0.000000000000000e+00 0.000000000000000e+00 0.000000000000000e+00 0.000000000000000e+00 0.000000000000000e+00 0.000000000000000e+00
 0.000000000000000e+00 0.000000000000000e+00 0.000000000000000e+00 0.000000000000000e+00 0.000000000000000e+00 0.000000000000000e+00 0.000000000000000e+00 0.000000000000000e+00 0.000000000000000e+00 0.000000000000000e+00
 0.000000000000000e+00 0.000000000000000e+00 0.000000000000000e+00 0.000000000000000e+00 0.000000000000000e+00 0.000000000000000e+00 0.000000000000000e+00 0.000000000000000e+00 0.000000000000000e+00 0.000000000000000e+00
 0.000000000000000e+00 0.000000000000000e+00 0.000000000000000e+00 0.000000000000000e+00 0.000000000000000e+00 0.000000000000000e+00 0.000000000000000e+00 0.000000000000000e+00 0.000000000000000e+00 0.000000000000000e+00
 0.000000000000000e+00 0.000000000000000e+00 0.000000000000000e+00 0.000000000000000e+00 0.000000000000000e+00 0.000000000000000e+00 0.000000000000000e+00 0.000000000000000e+00 0.000000000000000e+00 0.000000000000000e+00
 0.000000000000000e+00 0.000000000000000e+00 0.000000000000000e+00 0.000000000000000e+00 0.000000000000000e+00 0.000000000000000e+00 0.000000000000000e+00 0.000000000000000e+00 0.000000000000000e+00 0.000000000000000e+00
 0.000000000000000e+00 0.000000000000000e+00 0.000000000000000e+00 0.000000000000000e+00 0.000000000000000e+00 0.000000000000000e+00 0.000000000000000e+00 0.000000000000000e+00 0.000000000000000e+00 0.000000000000000e+00
 0.000000000000000e+00 0.000000000000000e+00 0.000000000000000e+00 0.000000000000000e+00 0.000000000000000e+00 0.000000000000000e+00 0.000000000000000e+00 0.000000000000000e+00 0.000000000000000e+00 0.000000000000000e+00
 0.000000000000000e+00 0.000000000000000e+00 0.000000000000000e+00 0.000000000000000e+00 0.000000000000000e+00 0.000000000000000e+00 0.000000000000000e+00 0.000000000000000e+00 0.000000000000000e+00 0.000000000000000e+00
 0.000000000000000e+00 0.000000000000000e+00 0.000000000000000e+00 0.000000000000000e+00 0.000000000000000e+00 0.000000000000000e+00 0.000000000000000e+00 0.000000000000000e+00 0.000000000000000e+00 0.000000000000000e+00
 0.000000000000000e+00 0.000000000000000e+00 0.000000000000000e+00 0.000000000000000e+00 0.000000000000000e+00 0.000000000000000e+00 0.000000000000000e+00 0.000000000000000e+00 0.000000000000000e+00 0.000000000000000e+00
 0.000000000000000e+00 0.000000000000000e+00 0.000000000000000e+00 0.000000000000000e+00 0.000000000000000e+00 0.000000000000000e+00 0.000000000000000e+00 0.000000000000000e+00 0.000000000000000e+00 0.000000000000000e+00
 0.000000000000000e+00 0.000000000000000e+00 0.000000000000000e+00 0.000000000000000e+00 0.000000000000000e+00 0.000000000000000e+00 0.000000000000000e+00 0.000000000000000e+00 0.000000000000000e+00 0.000000000000000e+00
 0.000000000000000e+00 0.000000000000000e+00 0.000000000000000e+00 0.000000000000000e+00 0.000000000000000e+00 0.000000000000000e+00 0.000000000000000e+00 0.000000000000000e+00 0.000000000000000e+00 0.000000000000000e+00
 0.000000000000000e+00 0.000000000000000e+00 0.000000000000000e+00 0.000000000000000e+00 0.000000000000000e+00 0.000000000000000e+00 0.000000000000000e+00 0.000000000000000e+00 0.000000000000000e+00 0.000000000000000e+00
 0.000000000000000e+00 0.000000000000000e+00 0.000000000000000e+00 0.000000000000000e+00 0.000000000000000e+00 0.000000000000000e+00 0.000000000000000e+00 0.000000000000000e+00 0.000000000000000e+00 0.000000000000000e+00
 0.000000000000000e+00 0.000000000000000e+00 0.000000000000000e+00 0.000000000000000e+00 0.000000000000000e+00 0.000000000000000e+00 0.000000000000000e+00 0.000000000000000e+00 0.000000000000000e+00 0.000000000000000e+00
 0.000000000000000e+00 0.000000000000000e+00 0.000000000000000e+00 0.000000000000000e+00 0.000000000000000e+00 0.000000000000000e+00 0.000000000000000e+00 0.000000000000000e+00 0.000000000000000e+00 0.000000000000000e+00
 0.000000000000000e+00 0.000000000000000e+00 0.000000000000000e+00 0.000000000000000e+00 0.000000000000000e+00 0.000000000000000e+00 0.000000000000000e+00 0.000000000000000e+00 0.000000000000000e+00 0.000000000000000e+00
 0.000000000000000e+00 0.000000000000000e+00 0.000000000000000e+00 0.000000000000000e+00 0.000000000000000e+00 0.000000000000000e+00 0.000000000000000e+00 0.000000000000000e+00 0.000000000000000e+00 0.000000000000000e+00
 0.000000000000000e+00 0.000000000000000e+00 0.000000000000000e+00 0.000000000000000e+00 0.000000000000000e+00 0.000000000000000e+00 0.000000000000000e+00 0.000000000000000e+00 0.000000000000000e+00 0.000000000000000e+00
 0.000000000000000e+00 0.000000000000000e+00 0.000000000000000e+00 0.000000000000000e+00 0.000000000000000e+00 0.000000000000000e+00 0.000000000000000e+00 0.000000000000000e+00 0.000000000000000e+00 0.000000000000000e+00
 0.000000000000000e+00 0.000000000000000e+00 0.000000000000000e+00 0.000000000000000e+00 0.000000000000000e+00 0.000000000000000e+00 0.000000000000000e+00 0.000000000000000e+00 0.000000000000000e+00 0.000000000000000e+00
 0.000000000000000e+00 0.000000000000000e+00 0.000000000000000e+00 0.000000000000000e+00 0.000000000000000e+00 0.000000000000000e+00 0.000000000000000e+00 0.000000000000000e+00 0.000000000000000e+00 0.000000000000000e+00
 0.000000000000000e+00 0.000000000000000e+00 0.000000000000000e+00 0.000000000000000e+00 0.000000000000000e+00 0.000000000000000e+00 0.000000000000000e+00 0.000000000000000e+00 0.000000000000000e+00 0.000000000000000e+00
 0.000000000000000e+00 0.000000000000000e+00 0.000000000000000e+00 0.000000000000000e+00 0.000000000000000e+00 0.000000000000000e+00 0.000000000000000e+00 0.000000000000000e+00 0.000000000000000e+00 0.000000000000000e+00
 0.000000000000000e+00 0.000000000000000e+00 0.000000000000000e+00 0.000000000000000e+00 0.000000000000000e+00 0.000000000000000e+00 0.000000000000000e+00 0.000000000000000e+00 0.000000000000000e+00 0.000000000000000e+00
 0.000000000000000e+00 0.000000000000000e+00 0.000000000000000e+00 0.000000000000000e+00 0.000000000000000e+00 0.000000000000000e+00 0.000000000000000e+00 0.000000000000000e+00 0.000000000000000e+00 0.000000000000000e+00
 0.000000000000000e+00 0.000000000000000e+00 0.000000000000000e+00 0.000000000000000e+00 0.000000000000000e+00 0.000000000000000e+00 0.000000000000000e+00 0.000000000000000e+00 0.000000000000000e+00 0.000000000000000e+00
 0.000000000000000e+00 0.000000000000000e+00 0.000000000000000e+00 0.000000000000000e+00 0.000000000000000e+00 0.000000000000000e+00 0.000000000000000e+00 0.000000000000000e+00 0.000000000000000e+00 0.000000000000000e+00
 0.000000000000000e+00 0.000000000000000e+00 0.000000000000000e+00 0.000000000000000e+00 0.000000000000000e+00 0.000000000000000e+00 0.000000000000000e+00 0.000000000000000e+00 0.000000000000000e+00 0.000000000000000e+00
 0.000000000000000e+00 0.000000000000000e+00 0.000000000000000e+00 0.000000000000000e+00 0.000000000000000e+00 0.000000000000000e+00 0.000000000000000e+00 0.000000000000000e+00 0.000000000000000e+00 0.000000000000000e+00
 0.000000000000000e+00 0.000000000000000e+00 0.000000000000000e+00 0.000000000000000e+00 0.000000000000000e+00 0.000000000000000e+00 0.000000000000000e+00 0.000000000000000e+00 0.000000000000000e+00 0.000000000000000e+00
 0.000000000000000e+00 0.000000000000000e+00 0.000000000000000e+00 0.000000000000000e+00 0.000000000000000e+00 0.000000000000000e+00 0.000000000000000e+00 0.000000000000000e+00 0.000000000000000e+00 0.000000000000000e+00
 0.000000000000000e+00 0.000000000000000e+00 0.000000000000000e+00 0.000000000000000e+00 0.000000000000000e+00 0.000000000000000e+00 0.000000000000000e+00 0.000000000000000e+00 0.000000000000000e+00 0.000000000000000e+00
 0.000000000000000e+00 0.000000000000000e+00 0.000000000000000e+00 0.000000000000000e+00 0.000000000000000e+00 0.000000000000000e+00 0.000000000000000e+00 0.000000000000000e+00 0.000000000000000e+00 0.000000000000000e+00
 0.000000000000000e+00 0.000000000000000e+00 0.000000000000000e+00 0.000000000000000e+00 0.000000000000000e+00 0.000000000000000e+00 0.000000000000000e+00 0.000000000000000e+00 0.000000000000000e+00 0.000000000000000e+00
 0.000000000000000e+00 0.000000000000000e+00 0.000000000000000e+00 0.000000000000000e+00 0.000000000000000e+00 0.000000000000000e+00 0.000000000000000e+00 0.000000000000000e+00 0.000000000000000e+00 0.000000000000000e+00
 0.000000000000000e+00 0.000000000000000e+00 0.000000000000000e+00 0.000000000000000e+00 0.000000000000000e+00 0.000000000000000e+00 0.000000000000000e+00 0.000000000000000e+00 0.000000000000000e+00 0.000000000000000e+00
 0.000000000000000e+00 0.000000000000000e+00 0.000000000000000e+00 0.000000000000000e+00 0.000000000000000e+00 0.000000000000000e+00 0.000000000000000e+00 0.000000000000000e+00 0.000000000000000e+00 0.000000000000000e+00
 0.000000000000000e+00 0.000000000000000e+00 0.000000000000000e+00 0.000000000000000e+00 0.000000000000000e+00 0.000000000000000e+00 0.000000000000000e+00 0.000000000000000e+00 0.000000000000000e+00 0.000000000000000e+00
 0.000000000000000e+00 0.000000000000000e+00 0.000000000000000e+00 0.000000000000000e+00 0.000000000000000e+00 0.000000000000000e+00 0.000000000000000e+00 0.000000000000000e+00 0.000000000000000e+00 0.000000000000000e+00
 0.000000000000000e+00 0.000000000000000e+00 0.000000000000000e+00 0.000000000000000e+00 0.000000000000000e+00 0.000000000000000e+00 0.000000000000000e+00 0.000000000000000e+00 0.000000000000000e+00 0.000000000000000e+00
 0.000000000000000e+00 0.000000000000000e+00 0.000000000000000e+00 0.000000000000000e+00 0.000000000000000e+00 0.000000000000000e+00 0.000000000000000e+00 0.000000000000000e+00 0.000000000000000e+00 0.000000000000000e+00
 0.000000000000000e+00 0.000000000000000e+00 0.000000000000000e+00 0.000000000000000e+00 0.000000000000000e+00 0.000000000000000e+00 0.000000000000000e+00 0.000000000000000e+00 0.000000000000000e+00 0.000000000000000e+00
 0.000000000000000e+00 0.000000000000000e+00 0.000000000000000e+00 0.000000000000000e+00 0.000000000000000e+00 0.000000000000000e+00 0.000000000000000e+00 0.000000000000000e+00 0.000000000000000e+00 0.000000000000000e+00
 0.000000000000000e+00 0.000000000000000e+00 0.000000000000000e+00 0.000000000000000e+00 0.000000000000000e+00 0.000000000000000e+00 0.000000000000000e+00 0.000000000000000e+00 0.000000000000000e+00 0.000000000000000e+00
 0.000000000000000e+00 0.000000000000000e+00 0.000000000000000e+00 0.000000000000000e+00 0.000000000000000e+00 0.000000000000000e+00 0.000000000000000e+00 0.000000000000000e+00 0.000000000000000e+00 0.000000000000000e+00
 0.000000000000000e+00 0.000000000000000e+00 0.000000000000000e+00 0.000000000000000e+00 0.000000000000000e+00 0.000000000000000e+00 0.000000000000000e+00 0.000000000000000e+00 0.000000000000000e+00 0.000000000000000e+00
 0.000000000000000e+00 0.000000000000000e+00 0.000000000000000e+00 0.000000000000000e+00 0.000000000000000e+00 0.000000000000000e+00 0.000000000000000e+00 0.000000000000000e+00 0.000000000000000e+00 0.000000000000000e+00
 0.000000000000000e+00 0.000000000000000e+00 0.000000000000000e+00 0.000000000000000e+00 0.000000000000000e+00 0.000000000000000e+00 0.000000000000000e+00 0.000000000000000e+00 0.000000000000000e+00 0.000000000000000e+00
 0.000000000000000e+00 0.000000000000000e+00 0.000000000000000e+00 0.000000000000000e+00 0.000000000000000e+00 0.000000000000000e+00 0.000000000000000e+00 0.000000000000000e+00 0.000000000000000e+00 0.000000000000000e+00
 0.000000000000000e+00 0.000000000000000e+00 0.000000000000000e+00 0.000000000000000e+00 0.000000000000000e+00 0.000000000000000e+00 0.000000000000000e+00 0.000000000000000e+00 0.000000000000000e+00 0.000000000000000e+00
 0.000000000000000e+00 0.000000000000000e+00 0.000000000000000e+00 0.000000000000000e+00 0.000000000000000e+00 0.000000000000000e+00 0.000000000000000e+00 0.000000000000000e+00 0.000000000000000e+00 0.000000000000000e+00
 0.000000000000000e+00 0.000000000000000e+00 0.000000000000000e+00 0.000000000000000e+00 0.000000000000000e+00 0.000000000000000e+00 0.000000000000000e+00 0.000000000000000e+00 0.000000000000000e+00 0.000000000000000e+00
 0.000000000000000e+00 0.000000000000000e+00 0.000000000000000e+00 0.000000000000000e+00 0.000000000000000e+00 0.000000000000000e+00 0.000000000000000e+00 0.000000000000000e+00 0.000000000000000e+00 0.000000000000000e+00
 0.000000000000000e+00 0.000000000000000e+00 0.000000000000000e+00 0.000000000000000e+00 0.000000000000000e+00 0.000000000000000e+00 0.000000000000000e+00 0.000000000000000e+00 0.000000000000000e+00 0.000000000000000e+00
 0.000000000000000e+00 0.000000000000000e+00 0.000000000000000e+00 0.000000000000000e+00 0.000000000000000e+00 0.000000000000000e+00 0.000000000000000e+00 0.000000000000000e+00 0.000000000000000e+00 0.000000000000000e+00
 0.000000000000000e+00 0.000000000000000e+00 0.000000000000000e+00 0.000000000000000e+00 0.000000000000000e+00 0.000000000000000e+00 0.000000000000000e+00 0.000000000000000e+00 0.000000000000000e+00 0.000000000000000e+00
 0.000000000000000e+00 0.000000000000000e+00 0.000000000000000e+00 0.000000000000000e+00 0.000000000000000e+00 0.000000000000000e+00 0.000000000000000e+00 0.000000000000000e+00 0.000000000000000e+00 0.000000000000000e+00
 0.000000000000000e+00 0.000000000000000e+00 0.000000000000000e+00 0.000000000000000e+00 0.000000000000000e+00 0.000000000000000e+00 0.000000000000000e+00 0.000000000000000e+00 0.000000000000000e+00 0.000000000000000e+00
 0.000000000000000e+00 0.000000000000000e+00 0.000000000000000e+00 0.000000000000000e+00 0.000000000000000e+00 0.000000000000000e+00 0.000000000000000e+00 0.000000000000000e+00 0.000000000000000e+00 0.000000000000000e+00
 0.000000000000000e+00 0.000000000000000e+00 0.000000000000000e+00 0.000000000000000e+00 0.000000000000000e+00 0.000000000000000e+00 0.000000000000000e+00 0.000000000000000e+00 0.000000000000000e+00 0.000000000000000e+00
 0.000000000000000e+00 0.000000000000000e+00 0.000000000000000e+00 0.000000000000000e+00 0.000000000000000e+00 0.000000000000000e+00 0.000000000000000e+00 0.000000000000000e+00 0.000000000000000e+00 0.000000000000000e+00
 0.000000000000000e+00 0.000000000000000e+00 0.000000000000000e+00 0.000000000000000e+00 0.000000000000000e+00 0.000000000000000e+00 0.000000000000000e+00 0.000000000000000e+00 0.000000000000000e+00 0.000000000000000e+00
 0.000000000000000e+00 0.000000000000000e+00 0.000000000000000e+00 0.000000000000000e+00 0.000000000000000e+00 0.000000000000000e+00 0.000000000000000e+00 0.000000000000000e+00 0.000000000000000e+00 0.000000000000000e+00
 0.000000000000000e+00 0.000000000000000e+00 0.000000000000000e+00 0.000000000000000e+00 0.000000000000000e+00 0.000000000000000e+00 0.000000000000000e+00 0.000000000000000e+00 0.000000000000000e+00 0.000000000000000e+00
 0.000000000000000e+00 0.000000000000000e+00 0.000000000000000e+00 0.000000000000000e+00 0.000000000000000e+00 0.000000000000000e+00 0.000000000000000e+00 0.000000000000000e+00 0.000000000000000e+00 0.000000000000000e+00
 0.000000000000000e+00 0.000000000000000e+00 0.000000000000000e+00 0.000000000000000e+00 0.000000000000000e+00 0.000000000000000e+00 0.000000000000000e+00 0.000000000000000e+00 0.000000000000000e+00 0.000000000000000e+00
 0.000000000000000e+00 0.000000000000000e+00 0.000000000000000e+00 0.000000000000000e+00 0.000000000000000e+00 0.000000000000000e+00 0.000000000000000e+00 0.000000000000000e+00 0.000000000000000e+00 0.000000000000000e+00
 0.000000000000000e+00 0.000000000000000e+00 0.000000000000000e+00 0.000000000000000e+00 0.000000000000000e+00 0.000000000000000e+00 0.000000000000000e+00 0.000000000000000e+00 0.000000000000000e+00 0.000000000000000e+00
 0.000000000000000e+00 0.000000000000000e+00 0.000000000000000e+00 0.000000000000000e+00 0.000000000000000e+00 0.000000000000000e+00 0.000000000000000e+00 0.000000000000000e+00 0.000000000000000e+00 0.000000000000000e+00
 0.000000000000000e+00 0.000000000000000e+00 0.000000000000000e+00 0.000000000000000e+00 0.000000000000000e+00 0.000000000000000e+00 0.000000000000000e+00 0.000000000000000e+00 0.000000000000000e+00 0.000000000000000e+00
 0.000000000000000e+00 0.000000000000000e+00 0.000000000000000e+00 0.000000000000000e+00 0.000000000000000e+00 0.000000000000000e+00 0.000000000000000e+00 0.000000000000000e+00 0.000000000000000e+00 0.000000000000000e+00
 0.000000000000000e+00 0.000000000000000e+00 0.000000000000000e+00 0.000000000000000e+00 0.000000000000000e+00 0.000000000000000e+00 0.000000000000000e+00 0.000000000000000e+00 0.000000000000000e+00 0.000000000000000e+00
 0.000000000000000e+00 0.000000000000000e+00 0.000000000000000e+00 0.000000000000000e+00 0.000000000000000e+00 0.000000000000000e+00 0.000000000000000e+00 0.000000000000000e+00 0.000000000000000e+00 0.000000000000000e+00
 0.000000000000000e+00 0.000000000000000e+00 0.000000000000000e+00 0.000000000000000e+00 0.000000000000000e+00 0.000000000000000e+00 0.000000000000000e+00 0.000000000000000e+00 0.000000000000000e+00 0.000000000000000e+00
 0.000000000000000e+00 0.000000000000000e+00 0.000000000000000e+00 0.000000000000000e+00 0.000000000000000e+00 0.000000000000000e+00 0.000000000000000e+00 0.000000000000000e+00 0.000000000000000e+00 0.000000000000000e+00
 0.000000000000000e+00 0.000000000000000e+00 0.000000000000000e+00 0.000000000000000e+00 0.000000000000000e+00 0.000000000000000e+00 0.000000000000000e+00 0.000000000000000e+00 0.000000000000000e+00 0.000000000000000e+00
 0.000000000000000e+00 0.000000000000000e+00 0.000000000000000e+00 0.000000000000000e+00 0.000000000000000e+00 0.000000000000000e+00 0.000000000000000e+00 0.000000000000000e+00 0.000000000000000e+00 0.000000000000000e+00
 0.000000000000000e+00 0.000000000000000e+00 0.000000000000000e+00 0.000000000000000e+00 0.000000000000000e+00 0.000000000000000e+00 0.000000000000000e+00 0.000000000000000e+00 0.000000000000000e+00 0.000000000000000e+00
 0.000000000000000e+00 0.000000000000000e+00 0.000000000000000e+00 0.000000000000000e+00 0.000000000000000e+00 0.000000000000000e+00 0.000000000000000e+00 0.000000000000000e+00 0.000000000000000e+00 0.000000000000000e+00
 0.000000000000000e+00 0.000000000000000e+00 0.000000000000000e+00 0.000000000000000e+00 0.000000000000000e+00 0.000000000000000e+00 0.000000000000000e+00 0.000000000000000e+00 0.000000000000000e+00 0.000000000000000e+00
 0.000000000000000e+00 0.000000000000000e+00 0.000000000000000e+00 0.000000000000000e+00 0.000000000000000e+00 0.000000000000000e+00 0.000000000000000e+00 0.000000000000000e+00 0.000000000000000e+00 0.000000000000000e+00
 0.000000000000000e+00 0.000000000000000e+00 0.000000000000000e+00 0.000000000000000e+00 0.000000000000000e+00 0.000000000000000e+00 0.000000000000000e+00 0.000000000000000e+00 0.000000000000000e+00 0.000000000000000e+00
 0.000000000000000e+00 0.000000000000000e+00 0.000000000000000e+00 0.000000000000000e+00 0.000000000000000e+00 0.000000000000000e+00 0.000000000000000e+00 0.000000000000000e+00 0.000000000000000e+00 0.000000000000000e+00
 0.000000000000000e+00 0.000000000000000e+00 0.000000000000000e+00 0.000000000000000e+00 0.000000000000000e+00 0.000000000000000e+00 0.000000000000000e+00 0.000000000000000e+00 0.000000000000000e+00 0.000000000000000e+00
 0.000000000000000e+00 0.000000000000000e+00 0.000000000000000e+00 0.000000000000000e+00 0.000000000000000e+00 0.000000000000000e+00 0.000000000000000e+00 0.000000000000000e+00 0.000000000000000e+00 0.000000000000000e+00
 0.000000000000000e+00 0.000000000000000e+00 0.000000000000000e+00 0.000000000000000e+00 0.000000000000000e+00 0.000000000000000e+00 0.000000000000000e+00 0.000000000000000e+00 0.000000000000000e+00 0.000000000000000e+00
 0.000000000000000e+00 0.000000000000000e+00 0.000000000000000e+00 0.000000000000000e+00 0.000000000000000e+00 0.000000000000000e+00 0.000000000000000e+00 0.000000000000000e+00 0.000000000000000e+00 0.000000000000000e+00
 0.000000000000000e+00 0.000000000000000e+00 0.000000000000000e+00 0.000000000000000e+00 0.000000000000000e+00 0.000000000000000e+00 0.000000000000000e+00 0.000000000000000e+00 0.000000000000000e+00 0.000000000000000e+00
 0.000000000000000e+00 0.000000000000000e+00 0.000000000000000e+00 0.000000000000000e+00 0.000000000000000e+00 0.000000000000000e+00 0.000000000000000e+00 0.000000000000000e+00 0.000000000000000e+00 0.000000000000000e+00
 0.000000000000000e+00 0.000000000000000e+00 0.000000000000000e+00 0.000000000000000e+00 0.000000000000000e+00 0.000000000000000e+00 0.000000000000000e+00 0.000000000000000e+00 0.000000000000000e+00 0.000000000000000e+00
 0.000000000000000e+00 0.000000000000000e+00 0.000000000000000e+00 0.000000000000000e+00 0.000000000000000e+00 0.000000000000000e+00 0.000000000000000e+00 0.000000000000000e+00 0.000000000000000e+00 0.000000000000000e+00
 0.000000000000000e+00 0.000000000000000e+00 0.000000000000000e+00 0.000000000000000e+00 0.000000000000000e+00 0.000000000000000e+00 0.000000000000000e+00 0.000000000000000e+00 0.000000000000000e+00 0.000000000000000e+00
 0.000000000000000e+00 0.000000000000000e+00 0.000000000000000e+00 0.000000000000000e+00 0.000000000000000e+00 0.000000000000000e+00 0.000000000000000e+00 0.000000000000000e+00 0.000000000000000e+00 0.000000000000000e+00
 0.000000000000000e+00 0.000000000000000e+00 0.000000000000000e+00 0.000000000000000e+00 0.000000000000000e+00 0.000000000000000e+00 0.000000000000000e+00 0.000000000000000e+00 0.000000000000000e+00 0.000000000000000e+00
 0.000000000000000e+00 0.000000000000000e+00 0.000000000000000e+00 0.000000000000000e+00 0.000000000000000e+00 0.000000000000000e+00 0.000000000000000e+00 0.000000000000000e+00 0.000000000000000e+00 0.000000000000000e+00
 0.000000000000000e+00 0.000000000000000e+00 0.000000000000000e+00 0.000000000000000e+00 0.000000000000000e+00 0.000000000000000e+00 0.000000000000000e+00 0.000000000000000e+00 0.000000000000000e+00 0.000000000000000e+00
 0.000000000000000e+00 0.000000000000000e+00 0.000000000000000e+00 0.000000000000000e+00 0.000000000000000e+00 0.000000000000000e+00 0.000000000000000e+00 0.000000000000000e+00 0.000000000000000e+00 0.000000000000000e+00
 0.000000000000000e+00 0.000000000000000e+00 0.000000000000000e+00 0.000000000000000e+00 0.000000000000000e+00 0.000000000000000e+00 0.000000000000000e+00 0.000000000000000e+00 0.000000000000000e+00 0.000000000000000e+00
 0.000000000000000e+00 0.000000000000000e+00 0.000000000000000e+00 0.000000000000000e+00 0.000000000000000e+00 0.000000000000000e+00 0.000000000000000e+00 0.000000000000000e+00 0.000000000000000e+00 0.000000000000000e+00
 0.000000000000000e+00 0.000000000000000e+00 0.000000000000000e+00 0.000000000000000e+00 0.000000000000000e+00 0.000000000000000e+00 0.000000000000000e+00 0.000000000000000e+00 0.000000000000000e+00 0.000000000000000e+00
 0.000000000000000e+00 0.000000000000000e+00 0.000000000000000e+00 0.000000000000000e+00 0.000000000000000e+00 0.000000000000000e+00 0.000000000000000e+00 0.000000000000000e+00 0.000000000000000e+00 0.000000000000000e+00
 0.000000000000000e+00 0.000000000000000e+00 0.000000000000000e+00 0.000000000000000e+00 0.000000000000000e+00 0.000000000000000e+00 0.000000000000000e+00 0.000000000000000e+00 0.000000000000000e+00 0.000000000000000e+00
 0.000000000000000e+00 0.000000000000000e+00 0.000000000000000e+00 0.000000000000000e+00 0.000000000000000e+00 0.000000000000000e+00 0.000000000000000e+00 0.000000000000000e+00 0.000000000000000e+00 0.000000000000000e+00
 0.000000000000000e+00 0.000000000000000e+00 0.000000000000000e+00 0.000000000000000e+00 0.000000000000000e+00 0.000000000000000e+00 0.000000000000000e+00 0.000000000000000e+00 0.000000000000000e+00 0.000000000000000e+00
 0.000000000000000e+00 0.000000000000000e+00 0.000000000000000e+00 0.000000000000000e+00 0.000000000000000e+00 0.000000000000000e+00 0.000000000000000e+00 0.000000000000000e+00 0.000000000000000e+00 0.000000000000000e+00
 0.000000000000000e+00 0.000000000000000e+00 0.000000000000000e+00 0.000000000000000e+00 0.000000000000000e+00 0.000000000000000e+00 0.000000000000000e+00 0.000000000000000e+00 0.000000000000000e+00 0.000000000000000e+00
 0.000000000000000e+00 0.000000000000000e+00 0.000000000000000e+00 0.000000000000000e+00 0.000000000000000e+00 0.000000000000000e+00 0.000000000000000e+00 0.000000000000000e+00 0.000000000000000e+00 0.000000000000000e+00
 0.000000000000000e+00 0.000000000000000e+00 1.000000000000005e+19 0.000000000000000e+00 1.000000000000005e+19 0.000000000000000e+00 0.000000000000000e+00 0.000000000000000e+00 0.000000000000000e+00 0.000000000000000e+00
 0.000000000000000e+00 0.000000000000000e+00 0.000000000000000e+00 0.000000000000000e+00 0.000000000000000e+00 0.000000000000000e+00 0.000000000000000e+00 0.000000000000000e+00 0.000000000000000e+00 0.000000000000000e+00
 0.000000000000000e+00 0.000000000000000e+00 0.000000000000000e+00 0.000000000000000e+00 0.000000000000000e+00 0.000000000000000e+00 0.000000000000000e+00 0.000000000000000e+00 0.000000000000000e+00 0.000000000000000e+00
 0.000000000000000e+00 0.000000000000000e+00 0.000000000000000e+00 0.000000000000000e+00 0.000000000000000e+00 0.000000000000000e+00 0.000000000000000e+00 0.000000000000000e+00 0.000000000000000e+00 0.000000000000000e+00
 0.000000000000000e+00 0.000000000000000e+00 0.000000000000000e+00 0.000000000000000e+00 0.000000000000000e+00 0.000000000000000e+00 0.000000000000000e+00 0.000000000000000e+00 0.000000000000000e+00 0.000000000000000e+00
 0.000000000000000e+00 0.000000000000000e+00 0.000000000000000e+00 0.000000000000000e+00 0.000000000000000e+00 0.000000000000000e+00 0.000000000000000e+00 0.000000000000000e+00 0.000000000000000e+00 0.000000000000000e+00
 0.000000000000000e+00 0.000000000000000e+00 0.000000000000000e+00 0.000000000000000e+00 0.000000000000000e+00 0.000000000000000e+00 0.000000000000000e+00 0.000000000000000e+00 0.000000000000000e+00 0.000000000000000e+00
 0.000000000000000e+00 0.000000000000000e+00 1.000000000000005e+19 0.000000000000000e+00 1.000000000000005e+19 0.000000000000000e+00 0.000000000000000e+00 0.000000000000000e+00 0.000000000000000e+00 0.000000000000000e+00
 0.000000000000000e+00 0.000000000000000e+00 0.000000000000000e+00 0.000000000000000e+00 0.000000000000000e+00 0.000000000000000e+00 0.000000000000000e+00 0.000000000000000e+00 0.000000000000000e+00 0.000000000000000e+00
 0.000000000000000e+00 0.000000000000000e+00 0.000000000000000e+00 0.000000000000000e+00 0.000000000000000e+00 0.000000000000000e+00 0.000000000000000e+00 0.000000000000000e+00 0.000000000000000e+00 0.000000000000000e+00
 0.000000000000000e+00 0.000000000000000e+00 0.000000000000000e+00 0.000000000000000e+00 0.000000000000000e+00 0.000000000000000e+00 0.000000000000000e+00 0.000000000000000e+00 0.000000000000000e+00 0.000000000000000e+00
 0.000000000000000e+00 0.000000000000000e+00 0.000000000000000e+00 0.000000000000000e+00 0.000000000000000e+00 0.000000000000000e+00 0.000000000000000e+00 0.000000000000000e+00 0.000000000000000e+00 0.000000000000000e+00
 0.000000000000000e+00 0.000000000000000e+00 0.000000000000000e+00 0.000000000000000e+00 0.000000000000000e+00 0.000000000000000e+00 0.000000000000000e+00 0.000000000000000e+00 0.000000000000000e+00 0.000000000000000e+00
 0.000000000000000e+00 0.000000000000000e+00 0.000000000000000e+00 0.000000000000000e+00 0.000000000000000e+00 0.000000000000000e+00 0.000000000000000e+00 0.000000000000000e+00 0.000000000000000e+00 0.000000000000000e+00
 0.000000000000000e+00 0.000000000000000e+00 1.000000000000005e+19 0.000000000000000e+00 1.000000000000005e+19 0.000000000000000e+00 0.000000000000000e+00 0.000000000000000e+00 0.000000000000000e+00 0.000000000000000e+00
 0.000000000000000e+00 0.000000000000000e+00 0.000000000000000e+00 0.000000000000000e+00 0.000000000000000e+00 0.000000000000000e+00 0.000000000000000e+00 0.000000000000000e+00 0.000000000000000e+00 0.000000000000000e+00
 0.000000000000000e+00 0.000000000000000e+00 0.000000000000000e+00 0.000000000000000e+00 0.000000000000000e+00 0.000000000000000e+00 0.000000000000000e+00 0.000000000000000e+00 0.000000000000000e+00 0.000000000000000e+00
 0.000000000000000e+00 0.000000000000000e+00 0.000000000000000e+00 0.000000000000000e+00 0.000000000000000e+00 0.000000000000000e+00 0.000000000000000e+00 0.000000000000000e+00 0.000000000000000e+00 0.000000000000000e+00
 0.000000000000000e+00 0.000000000000000e+00 0.000000000000000e+00 0.000000000000000e+00 0.000000000000000e+00 0.000000000000000e+00 0.000000000000000e+00 0.000000000000000e+00 0.000000000000000e+00 0.000000000000000e+00
 0.000000000000000e+00 0.000000000000000e+00 0.000000000000000e+00 0.000000000000000e+00 0.000000000000000e+00 0.000000000000000e+00 0.000000000000000e+00 0.000000000000000e+00 0.000000000000000e+00 0.000000000000000e+00
 0.000000000000000e+00 0.000000000000000e+00 0.000000000000000e+00 0.000000000000000e+00 0.000000000000000e+00 0.000000000000000e+00 0.000000000000000e+00 0.000000000000000e+00 0.000000000000000e+00 0.000000000000000e+00
 0.000000000000000e+00 0.000000000000000e+00 1.000000000000005e+19 0.000000000000000e+00 1.000000000000005e+19 0.000000000000000e+00 0.000000000000000e+00 0.000000000000000e+00 0.000000000000000e+00 0.000000000000000e+00
 0.000000000000000e+00 0.000000000000000e+00 0.000000000000000e+00 0.000000000000000e+00 0.000000000000000e+00 0.000000000000000e+00 0.000000000000000e+00 0.000000000000000e+00 0.000000000000000e+00 0.000000000000000e+00
 0.000000000000000e+00 0.000000000000000e+00 0.000000000000000e+00 0.000000000000000e+00 0.000000000000000e+00 0.000000000000000e+00 0.000000000000000e+00 0.000000000000000e+00 0.000000000000000e+00 0.000000000000000e+00
 0.000000000000000e+00 0.000000000000000e+00 0.000000000000000e+00 0.000000000000000e+00 0.000000000000000e+00 0.000000000000000e+00 0.000000000000000e+00 0.000000000000000e+00 0.000000000000000e+00 0.000000000000000e+00
 0.000000000000000e+00 0.000000000000000e+00 0.000000000000000e+00 0.000000000000000e+00 0.000000000000000e+00 0.000000000000000e+00 0.000000000000000e+00 0.000000000000000e+00 0.000000000000000e+00 0.000000000000000e+00
 0.000000000000000e+00 0.000000000000000e+00 0.000000000000000e+00 0.000000000000000e+00 0.000000000000000e+00 0.000000000000000e+00 0.000000000000000e+00 0.000000000000000e+00 0.000000000000000e+00 0.000000000000000e+00
 0.000000000000000e+00 0.000000000000000e+00 0.000000000000000e+00 0.000000000000000e+00 0.000000000000000e+00 0.000000000000000e+00 0.000000000000000e+00 0.000000000000000e+00 0.000000000000000e+00 0.000000000000000e+00
 0.000000000000000e+00 0.000000000000000e+00 1.000000000000005e+19 0.000000000000000e+00 1.000000000000005e+19 0.000000000000000e+00 0.000000000000000e+00 0.000000000000000e+00 0.000000000000000e+00 0.000000000000000e+00
 0.000000000000000e+00 0.000000000000000e+00 0.000000000000000e+00 0.000000000000000e+00 0.000000000000000e+00 0.000000000000000e+00 0.000000000000000e+00 0.000000000000000e+00 0.000000000000000e+00 0.000000000000000e+00
 0.000000000000000e+00 0.000000000000000e+00 0.000000000000000e+00 0.000000000000000e+00 0.000000000000000e+00 0.000000000000000e+00 0.000000000000000e+00 0.000000000000000e+00 0.000000000000000e+00 0.000000000000000e+00
 0.000000000000000e+00 0.000000000000000e+00 0.000000000000000e+00 0.000000000000000e+00 0.000000000000000e+00 0.000000000000000e+00 0.000000000000000e+00 0.000000000000000e+00 0.000000000000000e+00 0.000000000000000e+00
 0.000000000000000e+00 0.000000000000000e+00 0.000000000000000e+00 0.000000000000000e+00 0.000000000000000e+00 0.000000000000000e+00 0.000000000000000e+00 0.000000000000000e+00 0.000000000000000e+00 0.000000000000000e+00
 0.000000000000000e+00 0.000000000000000e+00 0.000000000000000e+00 0.000000000000000e+00 0.000000000000000e+00 0.000000000000000e+00 0.000000000000000e+00 0.000000000000000e+00 0.000000000000000e+00 0.000000000000000e+00
 0.000000000000000e+00 0.000000000000000e+00 0.000000000000000e+00 0.000000000000000e+00 0.000000000000000e+00 0.000000000000000e+00 0.000000000000000e+00 0.000000000000000e+00 0.000000000000000e+00 0.000000000000000e+00
 0.000000000000000e+00 0.000000000000000e+00 1.000000000000005e+19 0.000000000000000e+00 1.000000000000005e+19 0.000000000000000e+00 0.000000000000000e+00 0.000000000000000e+00 0.000000000000000e+00 0.000000000000000e+00
 0.000000000000000e+00 0.000000000000000e+00 0.000000000000000e+00 0.000000000000000e+00 0.000000000000000e+00 0.000000000000000e+00 0.000000000000000e+00 0.000000000000000e+00 0.000000000000000e+00 0.000000000000000e+00
 0.000000000000000e+00 0.000000000000000e+00 0.000000000000000e+00 0.000000000000000e+00 0.000000000000000e+00 0.000000000000000e+00 0.000000000000000e+00 0.000000000000000e+00 0.000000000000000e+00 0.000000000000000e+00
 0.000000000000000e+00 0.000000000000000e+00 0.000000000000000e+00 0.000000000000000e+00 0.000000000000000e+00 0.000000000000000e+00 0.000000000000000e+00 0.000000000000000e+00 0.000000000000000e+00 0.000000000000000e+00
 0.000000000000000e+00 0.000000000000000e+00 0.000000000000000e+00 0.000000000000000e+00 0.000000000000000e+00 0.000000000000000e+00 0.000000000000000e+00 0.000000000000000e+00 0.000000000000000e+00 0.000000000000000e+00
 0.000000000000000e+00 0.000000000000000e+00 0.000000000000000e+00 0.000000000000000e+00 0.000000000000000e+00 0.000000000000000e+00 0.000000000000000e+00 0.000000000000000e+00 0.000000000000000e+00 0.000000000000000e+00
 0.000000000000000e+00 0.000000000000000e+00 0.000000000000000e+00 0.000000000000000e+00 0.000000000000000e+00 0.000000000000000e+00 0.000000000000000e+00 0.000000000000000e+00 0.000000000000000e+00 0.000000000000000e+00
 0.000000000000000e+00 0.000000000000000e+00 1.000000000000005e+19 0.000000000000000e+00 1.000000000000005e+19 0.000000000000000e+00 0.000000000000000e+00 0.000000000000000e+00 0.000000000000000e+00 0.000000000000000e+00
 0.000000000000000e+00 0.000000000000000e+00 0.000000000000000e+00 0.000000000000000e+00 0.000000000000000e+00 0.000000000000000e+00 0.000000000000000e+00 0.000000000000000e+00 0.000000000000000e+00 0.000000000000000e+00
 0.000000000000000e+00 0.000000000000000e+00 0.000000000000000e+00 0.000000000000000e+00 0.000000000000000e+00 0.000000000000000e+00 0.000000000000000e+00 0.000000000000000e+00 0.000000000000000e+00 0.000000000000000e+00
 0.000000000000000e+00 0.000000000000000e+00 0.000000000000000e+00 0.000000000000000e+00 0.000000000000000e+00 0.000000000000000e+00 0.000000000000000e+00 0.000000000000000e+00 0.000000000000000e+00 0.000000000000000e+00
 0.000000000000000e+00 0.000000000000000e+00 0.000000000000000e+00 0.000000000000000e+00 0.000000000000000e+00 0.000000000000000e+00 0.000000000000000e+00 0.000000000000000e+00 0.000000000000000e+00 0.000000000000000e+00
 0.000000000000000e+00 0.000000000000000e+00 0.000000000000000e+00 0.000000000000000e+00 0.000000000000000e+00 0.000000000000000e+00 0.000000000000000e+00 0.000000000000000e+00 0.000000000000000e+00 0.000000000000000e+00
 0.000000000000000e+00 0.000000000000000e+00 0.000000000000000e+00 0.000000000000000e+00 0.000000000000000e+00 0.000000000000000e+00 0.000000000000000e+00 0.000000000000000e+00 0.000000000000000e+00 0.000000000000000e+00
 0.000000000000000e+00 0.000000000000000e+00 1.000000000000005e+19 0.000000000000000e+00 1.000000000000005e+19 0.000000000000000e+00 0.000000000000000e+00 0.000000000000000e+00 0.000000000000000e+00 0.000000000000000e+00
 0.000000000000000e+00 0.000000000000000e+00 0.000000000000000e+00 0.000000000000000e+00 0.000000000000000e+00 0.000000000000000e+00 0.000000000000000e+00 0.000000000000000e+00 0.000000000000000e+00 0.000000000000000e+00
 0.000000000000000e+00 0.000000000000000e+00 0.000000000000000e+00 0.000000000000000e+00 0.000000000000000e+00 0.000000000000000e+00 0.000000000000000e+00 0.000000000000000e+00 0.000000000000000e+00 0.000000000000000e+00
 0.000000000000000e+00 0.000000000000000e+00 0.000000000000000e+00 0.000000000000000e+00 0.000000000000000e+00 0.000000000000000e+00 0.000000000000000e+00 0.000000000000000e+00 0.000000000000000e+00 0.000000000000000e+00
 0.000000000000000e+00 0.000000000000000e+00 0.000000000000000e+00 0.000000000000000e+00 0.000000000000000e+00 0.000000000000000e+00 0.000000000000000e+00 0.000000000000000e+00 0.000000000000000e+00 0.000000000000000e+00
 0.000000000000000e+00 0.000000000000000e+00 0.000000000000000e+00 0.000000000000000e+00 0.000000000000000e+00 0.000000000000000e+00 0.000000000000000e+00 0.000000000000000e+00 0.000000000000000e+00 0.000000000000000e+00
 0.000000000000000e+00 0.000000000000000e+00 0.000000000000000e+00 0.000000000000000e+00 0.000000000000000e+00 0.000000000000000e+00 0.000000000000000e+00 0.000000000000000e+00 0.000000000000000e+00 0.000000000000000e+00
 0.000000000000000e+00 0.000000000000000e+00 0.000000000000000e+00 0.000000000000000e+00 0.000000000000000e+00 0.000000000000000e+00 0.000000000000000e+00 0.000000000000000e+00 0.000000000000000e+00 0.000000000000000e+00
 0.000000000000000e+00 0.000000000000000e+00 0.000000000000000e+00 0.000000000000000e+00 0.000000000000000e+00 0.000000000000000e+00 0.000000000000000e+00 0.000000000000000e+00 0.000000000000000e+00 0.000000000000000e+00
 0.000000000000000e+00 0.000000000000000e+00 0.000000000000000e+00 0.000000000000000e+00 0.000000000000000e+00 0.000000000000000e+00 0.000000000000000e+00 0.000000000000000e+00 0.000000000000000e+00 0.000000000000000e+00
 0.000000000000000e+00 0.000000000000000e+00 0.000000000000000e+00 0.000000000000000e+00 0.000000000000000e+00 0.000000000000000e+00 0.000000000000000e+00 0.000000000000000e+00 0.000000000000000e+00 0.000000000000000e+00
 0.000000000000000e+00 0.000000000000000e+00 0.000000000000000e+00 0.000000000000000e+00 0.000000000000000e+00 0.000000000000000e+00 0.000000000000000e+00 0.000000000000000e+00 0.000000000000000e+00 0.000000000000000e+00
 0.000000000000000e+00 0.000000000000000e+00 0.000000000000000e+00 0.000000000000000e+00 0.000000000000000e+00 0.000000000000000e+00 0.000000000000000e+00 0.000000000000000e+00 0.000000000000000e+00 0.000000000000000e+00
 0.000000000000000e+00 0.000000000000000e+00 0.000000000000000e+00 0.000000000000000e+00 0.000000000000000e+00 0.000000000000000e+00 0.000000000000000e+00 0.000000000000000e+00 0.000000000000000e+00 0.000000000000000e+00
 0.000000000000000e+00 0.000000000000000e+00 0.000000000000000e+00 0.000000000000000e+00 0.000000000000000e+00 0.000000000000000e+00 0.000000000000000e+00 0.000000000000000e+00 0.000000000000000e+00 0.000000000000000e+00
 0.000000000000000e+00 0.000000000000000e+00 0.000000000000000e+00 0.000000000000000e+00 0.000000000000000e+00 0.000000000000000e+00 0.000000000000000e+00 0.000000000000000e+00 0.000000000000000e+00 0.000000000000000e+00
 0.000000000000000e+00 0.000000000000000e+00 0.000000000000000e+00 0.000000000000000e+00 0.000000000000000e+00 0.000000000000000e+00 0.000000000000000e+00 0.000000000000000e+00 0.000000000000000e+00 0.000000000000000e+00
 0.000000000000000e+00 0.000000000000000e+00 0.000000000000000e+00 0.000000000000000e+00 0.000000000000000e+00 0.000000000000000e+00 0.000000000000000e+00 0.000000000000000e+00 0.000000000000000e+00 0.000000000000000e+00
 0.000000000000000e+00 0.000000000000000e+00 0.000000000000000e+00 0.000000000000000e+00 0.000000000000000e+00 0.000000000000000e+00 0.000000000000000e+00 0.000000000000000e+00 0.000000000000000e+00 0.000000000000000e+00
 0.000000000000000e+00 0.000000000000000e+00 0.000000000000000e+00 0.000000000000000e+00 0.000000000000000e+00 0.000000000000000e+00 0.000000000000000e+00 0.000000000000000e+00 0.000000000000000e+00 0.000000000000000e+00
 0.000000000000000e+00 0.000000000000000e+00 0.000000000000000e+00 0.000000000000000e+00 0.000000000000000e+00 0.000000000000000e+00 0.000000000000000e+00 0.000000000000000e+00 0.000000000000000e+00 0.000000000000000e+00
 0.000000000000000e+00 0.000000000000000e+00 0.000000000000000e+00 0.000000000000000e+00 0.000000000000000e+00 0.000000000000000e+00 0.000000000000000e+00 0.000000000000000e+00 0.000000000000000e+00 0.000000000000000e+00
 0.000000000000000e+00 0.000000000000000e+00 0.000000000000000e+00 0.000000000000000e+00 0.000000000000000e+00 0.000000000000000e+00 0.000000000000000e+00 0.000000000000000e+00 0.000000000000000e+00 0.000000000000000e+00
 0.000000000000000e+00 0.000000000000000e+00 0.000000000000000e+00 0.000000000000000e+00 0.000000000000000e+00 0.000000000000000e+00 0.000000000000000e+00 0.000000000000000e+00 0.000000000000000e+00 0.000000000000000e+00
 0.000000000000000e+00 0.000000000000000e+00 0.000000000000000e+00 0.000000000000000e+00 0.000000000000000e+00 0.000000000000000e+00 0.000000000000000e+00 0.000000000000000e+00 0.000000000000000e+00 0.000000000000000e+00
 0.000000000000000e+00 0.000000000000000e+00 0.000000000000000e+00 0.000000000000000e+00 0.000000000000000e+00 0.000000000000000e+00 0.000000000000000e+00 0.000000000000000e+00 0.000000000000000e+00 0.000000000000000e+00
 0.000000000000000e+00 0.000000000000000e+00 0.000000000000000e+00 0.000000000000000e+00 0.000000000000000e+00 0.000000000000000e+00 0.000000000000000e+00 0.000000000000000e+00 0.000000000000000e+00 0.000000000000000e+00
 0.000000000000000e+00 0.000000000000000e+00 0.000000000000000e+00 0.000000000000000e+00 0.000000000000000e+00 0.000000000000000e+00 0.000000000000000e+00 0.000000000000000e+00 0.000000000000000e+00 0.000000000000000e+00
 0.000000000000000e+00 0.000000000000000e+00 0.000000000000000e+00 0.000000000000000e+00 0.000000000000000e+00 0.000000000000000e+00 0.000000000000000e+00 0.000000000000000e+00 0.000000000000000e+00 0.000000000000000e+00
 0.000000000000000e+00 0.000000000000000e+00 0.000000000000000e+00 0.000000000000000e+00 0.000000000000000e+00 0.000000000000000e+00 0.000000000000000e+00 0.000000000000000e+00 0.000000000000000e+00 0.000000000000000e+00
 0.000000000000000e+00 0.000000000000000e+00 0.000000000000000e+00 0.000000000000000e+00 0.000000000000000e+00 0.000000000000000e+00 0.000000000000000e+00 0.000000000000000e+00 0.000000000000000e+00 0.000000000000000e+00
 0.000000000000000e+00 0.000000000000000e+00 0.000000000000000e+00 0.000000000000000e+00 0.000000000000000e+00 0.000000000000000e+00 0.000000000000000e+00 0.000000000000000e+00 0.000000000000000e+00 0.000000000000000e+00
 0.000000000000000e+00 0.000000000000000e+00 0.000000000000000e+00 0.000000000000000e+00 0.000000000000000e+00 0.000000000000000e+00 0.000000000000000e+00 0.000000000000000e+00 0.000000000000000e+00 0.000000000000000e+00
 0.000000000000000e+00 0.000000000000000e+00 0.000000000000000e+00 0.000000000000000e+00 0.000000000000000e+00 0.000000000000000e+00 0.000000000000000e+00 0.000000000000000e+00 0.000000000000000e+00 0.000000000000000e+00
 0.000000000000000e+00 0.000000000000000e+00 0.000000000000000e+00 0.000000000000000e+00 0.000000000000000e+00 0.000000000000000e+00 0.000000000000000e+00 0.000000000000000e+00 0.000000000000000e+00 0.000000000000000e+00
 0.000000000000000e+00 0.000000000000000e+00 0.000000000000000e+00 0.000000000000000e+00 0.000000000000000e+00 0.000000000000000e+00 0.000000000000000e+00 0.000000000000000e+00 0.000000000000000e+00 0.000000000000000e+00
 0.000000000000000e+00 0.000000000000000e+00 0.000000000000000e+00 0.000000000000000e+00 0.000000000000000e+00 0.000000000000000e+00 0.000000000000000e+00 0.000000000000000e+00 0.000000000000000e+00 0.000000000000000e+00
 0.000000000000000e+00 0.000000000000000e+00 0.000000000000000e+00 0.000000000000000e+00 0.000000000000000e+00 0.000000000000000e+00 0.000000000000000e+00 0.000000000000000e+00 0.000000000000000e+00 0.000000000000000e+00
 0.000000000000000e+00 0.000000000000000e+00 0.000000000000000e+00 0.000000000000000e+00 0.000000000000000e+00 0.000000000000000e+00 0.000000000000000e+00 0.000000000000000e+00 0.000000000000000e+00 0.000000000000000e+00
 0.000000000000000e+00 0.000000000000000e+00 0.000000000000000e+00 0.000000000000000e+00 0.000000000000000e+00 0.000000000000000e+00 0.000000000000000e+00 0.000000000000000e+00 0.000000000000000e+00 0.000000000000000e+00
 0.000000000000000e+00 0.000000000000000e+00 0.000000000000000e+00 0.000000000000000e+00 0.000000000000000e+00 0.000000000000000e+00 0.000000000000000e+00 0.000000000000000e+00 0.000000000000000e+00 0.000000000000000e+00
 0.000000000000000e+00 0.000000000000000e+00 0.000000000000000e+00 0.000000000000000e+00 0.000000000000000e+00 0.000000000000000e+00 0.000000000000000e+00 0.000000000000000e+00 0.000000000000000e+00 0.000000000000000e+00
 0.000000000000000e+00 0.000000000000000e+00 0.000000000000000e+00 0.000000000000000e+00 0.000000000000000e+00 0.000000000000000e+00 0.000000000000000e+00 0.000000000000000e+00 0.000000000000000e+00 0.000000000000000e+00
 0.000000000000000e+00 0.000000000000000e+00 0.000000000000000e+00 0.000000000000000e+00 0.000000000000000e+00 0.000000000000000e+00 0.000000000000000e+00 0.000000000000000e+00 0.000000000000000e+00 0.000000000000000e+00
 0.000000000000000e+00 0.000000000000000e+00 0.000000000000000e+00 0.000000000000000e+00 0.000000000000000e+00 0.000000000000000e+00 0.000000000000000e+00 0.000000000000000e+00 0.000000000000000e+00 0.000000000000000e+00
 0.000000000000000e+00 0.000000000000000e+00 0.000000000000000e+00 0.000000000000000e+00 0.000000000000000e+00 0.000000000000000e+00 0.000000000000000e+00 0.000000000000000e+00 0.000000000000000e+00 0.000000000000000e+00
 0.000000000000000e+00 0.000000000000000e+00 0.000000000000000e+00 0.000000000000000e+00 0.000000000000000e+00 0.000000000000000e+00 0.000000000000000e+00 0.000000000000000e+00 0.000000000000000e+00 0.000000000000000e+00
 0.000000000000000e+00 0.000000000000000e+00 0.000000000000000e+00 0.000000000000000e+00 0.000000000000000e+00 0.000000000000000e+00 0.000000000000000e+00 0.000000000000000e+00 0.000000000000000e+00 0.000000000000000e+00
 0.000000000000000e+00 0.000000000000000e+00 0.000000000000000e+00 0.000000000000000e+00 0.000000000000000e+00 0.000000000000000e+00 0.000000000000000e+00 0.000000000000000e+00 0.000000000000000e+00 0.000000000000000e+00
 0.000000000000000e+00 0.000000000000000e+00 0.000000000000000e+00 0.000000000000000e+00 0.000000000000000e+00 0.000000000000000e+00 0.000000000000000e+00 0.000000000000000e+00 0.000000000000000e+00 0.000000000000000e+00
 0.000000000000000e+00 0.000000000000000e+00 0.000000000000000e+00 0.000000000000000e+00 0.000000000000000e+00 0.000000000000000e+00 0.000000000000000e+00 0.000000000000000e+00 0.000000000000000e+00 0.000000000000000e+00
 0.000000000000000e+00 0.000000000000000e+00 0.000000000000000e+00 0.000000000000000e+00 0.000000000000000e+00 0.000000000000000e+00 0.000000000000000e+00 0.000000000000000e+00 0.000000000000000e+00 0.000000000000000e+00
 0.000000000000000e+00 0.000000000000000e+00 0.000000000000000e+00 0.000000000000000e+00 0.000000000000000e+00 0.000000000000000e+00 0.000000000000000e+00 0.000000000000000e+00 0.000000000000000e+00 0.000000000000000e+00
 0.000000000000000e+00 0.000000000000000e+00 0.000000000000000e+00 0.000000000000000e+00 0.000000000000000e+00 0.000000000000000e+00 0.000000000000000e+00 0.000000000000000e+00 0.000000000000000e+00 0.000000000000000e+00
 0.000000000000000e+00 0.000000000000000e+00 0.000000000000000e+00 0.000000000000000e+00 0.000000000000000e+00 0.000000000000000e+00 0.000000000000000e+00 0.000000000000000e+00 0.000000000000000e+00 0.000000000000000e+00
 0.000000000000000e+00 0.000000000000000e+00 0.000000000000000e+00 0.000000000000000e+00 0.000000000000000e+00 0.000000000000000e+00 0.000000000000000e+00 0.000000000000000e+00 0.000000000000000e+00 0.000000000000000e+00
 0.000000000000000e+00 0.000000000000000e+00 0.000000000000000e+00 0.000000000000000e+00 0.000000000000000e+00 0.000000000000000e+00 0.000000000000000e+00 0.000000000000000e+00 0.000000000000000e+00 0.000000000000000e+00
 0.000000000000000e+00 0.000000000000000e+00 0.000000000000000e+00 0.000000000000000e+00 0.000000000000000e+00 0.000000000000000e+00 0.000000000000000e+00 0.000000000000000e+00 0.000000000000000e+00 0.000000000000000e+00
 0.000000000000000e+00 0.000000000000000e+00 0.000000000000000e+00 0.000000000000000e+00 0.000000000000000e+00 0.000000000000000e+00 0.000000000000000e+00 0.000000000000000e+00 0.000000000000000e+00 0.000000000000000e+00
 0.000000000000000e+00 0.000000000000000e+00 0.000000000000000e+00 0.000000000000000e+00 0.000000000000000e+00 0.000000000000000e+00 0.000000000000000e+00 0.000000000000000e+00 0.000000000000000e+00 0.000000000000000e+00
 1.000000000000005e+19 0.000000000000000e+00 1.000000000000005e+19 0.000000000000000e+00 0.000000000000000e+00 0.000000000000000e+00 0.000000000000000e+00 0.000000000000000e+00 0.000000000000000e+00 0.000000000000000e+00
 0.000000000000000e+00 0.000000000000000e+00 0.000000000000000e+00 0.000000000000000e+00 0.000000000000000e+00 0.000000000000000e+00 0.000000000000000e+00 0.000000000000000e+00 0.000000000000000e+00 0.000000000000000e+00
 0.000000000000000e+00 0.000000000000000e+00 0.000000000000000e+00 0.000000000000000e+00 0.000000000000000e+00 0.000000000000000e+00 0.000000000000000e+00 0.000000000000000e+00 0.000000000000000e+00 0.000000000000000e+00
 0.000000000000000e+00 0.000000000000000e+00 0.000000000000000e+00 0.000000000000000e+00 0.000000000000000e+00 0.000000000000000e+00 0.000000000000000e+00 0.000000000000000e+00 0.000000000000000e+00 0.000000000000000e+00
 0.000000000000000e+00 0.000000000000000e+00 0.000000000000000e+00 0.000000000000000e+00 0.000000000000000e+00 0.000000000000000e+00 0.000000000000000e+00 0.000000000000000e+00 0.000000000000000e+00 0.000000000000000e+00
 0.000000000000000e+00 0.000000000000000e+00 0.000000000000000e+00 0.000000000000000e+00 0.000000000000000e+00 0.000000000000000e+00 0.000000000000000e+00 0.000000000000000e+00 0.000000000000000e+00 0.000000000000000e+00
 0.000000000000000e+00 0.000000000000000e+00 0.000000000000000e+00 0.000000000000000e+00 0.000000000000000e+00 0.000000000000000e+00 0.000000000000000e+00 0.000000000000000e+00 0.000000000000000e+00 0.000000000000000e+00
 1.000000000000005e+19 0.000000000000000e+00 1.000000000000005e+19 0.000000000000000e+00 0.000000000000000e+00 0.000000000000000e+00 0.000000000000000e+00 0.000000000000000e+00 0.000000000000000e+00 0.000000000000000e+00
 0.000000000000000e+00 0.000000000000000e+00 0.000000000000000e+00 0.000000000000000e+00 0.000000000000000e+00 0.000000000000000e+00 0.000000000000000e+00 0.000000000000000e+00 0.000000000000000e+00 0.000000000000000e+00
 0.000000000000000e+00 0.000000000000000e+00 0.000000000000000e+00 0.000000000000000e+00 0.000000000000000e+00 0.000000000000000e+00 0.000000000000000e+00 0.000000000000000e+00 0.000000000000000e+00 0.000000000000000e+00
 0.000000000000000e+00 0.000000000000000e+00 0.000000000000000e+00 0.000000000000000e+00 0.000000000000000e+00 0.000000000000000e+00 0.000000000000000e+00 0.000000000000000e+00 0.000000000000000e+00 0.000000000000000e+00
 0.000000000000000e+00 0.000000000000000e+00 0.000000000000000e+00 0.000000000000000e+00 0.000000000000000e+00 0.000000000000000e+00 0.000000000000000e+00 0.000000000000000e+00 0.000000000000000e+00 0.000000000000000e+00
 0.000000000000000e+00 0.000000000000000e+00 0.000000000000000e+00 0.000000000000000e+00 0.000000000000000e+00 0.000000000000000e+00 0.000000000000000e+00 0.000000000000000e+00 0.000000000000000e+00 0.000000000000000e+00
 0.000000000000000e+00 0.000000000000000e+00 0.000000000000000e+00 0.000000000000000e+00 0.000000000000000e+00 0.000000000000000e+00 0.000000000000000e+00 0.000000000000000e+00 0.000000000000000e+00 0.000000000000000e+00
 1.000000000000005e+19 0.000000000000000e+00 1.000000000000005e+19 0.000000000000000e+00 0.000000000000000e+00 0.000000000000000e+00 0.000000000000000e+00 0.000000000000000e+00 0.000000000000000e+00 0.000000000000000e+00
 0.000000000000000e+00 0.000000000000000e+00 0.000000000000000e+00 0.000000000000000e+00 0.000000000000000e+00 0.000000000000000e+00 0.000000000000000e+00 0.000000000000000e+00 0.000000000000000e+00 0.000000000000000e+00
 0.000000000000000e+00 0.000000000000000e+00 0.000000000000000e+00 0.000000000000000e+00 0.000000000000000e+00 0.000000000000000e+00 0.000000000000000e+00 0.000000000000000e+00 0.000000000000000e+00 0.000000000000000e+00
 0.000000000000000e+00 0.000000000000000e+00 0.000000000000000e+00 0.000000000000000e+00 0.000000000000000e+00 0.000000000000000e+00 0.000000000000000e+00 0.000000000000000e+00 0.000000000000000e+00 0.000000000000000e+00
 0.000000000000000e+00 0.000000000000000e+00 0.000000000000000e+00 0.000000000000000e+00 0.000000000000000e+00 0.000000000000000e+00 0.000000000000000e+00 0.000000000000000e+00 0.000000000000000e+00 0.000000000000000e+00
 0.000000000000000e+00 0.000000000000000e+00 0.000000000000000e+00 0.000000000000000e+00 0.000000000000000e+00 0.000000000000000e+00 0.000000000000000e+00 0.000000000000000e+00 0.000000000000000e+00 0.000000000000000e+00
 0.000000000000000e+00 0.000000000000000e+00 0.000000000000000e+00 0.000000000000000e+00 0.000000000000000e+00 0.000000000000000e+00 0.000000000000000e+00 0.000000000000000e+00 0.000000000000000e+00 0.000000000000000e+00
 1.000000000000005e+19 0.000000000000000e+00 1.000000000000005e+19 0.000000000000000e+00 0.000000000000000e+00 0.000000000000000e+00 0.000000000000000e+00 0.000000000000000e+00 0.000000000000000e+00 0.000000000000000e+00
 0.000000000000000e+00 0.000000000000000e+00 0.000000000000000e+00 0.000000000000000e+00 0.000000000000000e+00 0.000000000000000e+00 0.000000000000000e+00 0.000000000000000e+00 0.000000000000000e+00 0.000000000000000e+00
 0.000000000000000e+00 0.000000000000000e+00 0.000000000000000e+00 0.000000000000000e+00 0.000000000000000e+00 0.000000000000000e+00 0.000000000000000e+00 0.000000000000000e+00 0.000000000000000e+00 0.000000000000000e+00
 0.000000000000000e+00 0.000000000000000e+00 0.000000000000000e+00 0.000000000000000e+00 0.000000000000000e+00 0.000000000000000e+00 0.000000000000000e+00 0.000000000000000e+00 0.000000000000000e+00 0.000000000000000e+00
 0.000000000000000e+00 0.000000000000000e+00 0.000000000000000e+00 0.000000000000000e+00 0.000000000000000e+00 0.000000000000000e+00 0.000000000000000e+00 0.000000000000000e+00 0.000000000000000e+00 0.000000000000000e+00
 0.000000000000000e+00 0.000000000000000e+00 0.000000000000000e+00 0.000000000000000e+00 0.000000000000000e+00 0.000000000000000e+00 0.000000000000000e+00 0.000000000000000e+00 0.000000000000000e+00 0.000000000000000e+00
 0.000000000000000e+00 0.000000000000000e+00 0.000000000000000e+00 0.000000000000000e+00 0.000000000000000e+00 0.000000000000000e+00 0.000000000000000e+00 0.000000000000000e+00 0.000000000000000e+00 0.000000000000000e+00
 0.000000000000000e+00 0.000000000000000e+00 0.000000000000000e+00 0.000000000000000e+00 0.000000000000000e+00 0.000000000000000e+00 0.000000000000000e+00 0.000000000000000e+00 0.000000000000000e+00 0.000000000000000e+00
 0.000000000000000e+00 0.000000000000000e+00 0.000000000000000e+00 0.000000000000000e+00 0.000000000000000e+00 0.000000000000000e+00 0.000000000000000e+00 0.000000000000000e+00 0.000000000000000e+00 0.000000000000000e+00
 0.000000000000000e+00 0.000000000000000e+00 0.000000000000000e+00 0.000000000000000e+00 0.000000000000000e+00 0.000000000000000e+00 0.000000000000000e+00 0.000000000000000e+00 0.000000000000000e+00 0.000000000000000e+00
 0.000000000000000e+00 0.000000000000000e+00 0.000000000000000e+00 0.000000000000000e+00 0.000000000000000e+00 0.000000000000000e+00 0.000000000000000e+00 0.000000000000000e+00 0.000000000000000e+00 0.000000000000000e+00
 0.000000000000000e+00 0.000000000000000e+00 0.000000000000000e+00 0.000000000000000e+00 0.000000000000000e+00 0.000000000000000e+00 0.000000000000000e+00 0.000000000000000e+00 0.000000000000000e+00 0.000000000000000e+00
 0.000000000000000e+00 0.000000000000000e+00 0.000000000000000e+00 0.000000000000000e+00 0.000000000000000e+00 0.000000000000000e+00 0.000000000000000e+00 0.000000000000000e+00 0.000000000000000e+00 0.000000000000000e+00
 0.000000000000000e+00 0.000000000000000e+00 0.000000000000000e+00 0.000000000000000e+00 0.000000000000000e+00 0.000000000000000e+00 0.000000000000000e+00 0.000000000000000e+00 0.000000000000000e+00 0.000000000000000e+00
 0.000000000000000e+00 0.000000000000000e+00 0.000000000000000e+00 0.000000000000000e+00 0.000000000000000e+00 0.000000000000000e+00 0.000000000000000e+00 0.000000000000000e+00 0.000000000000000e+00 0.000000000000000e+00
 0.000000000000000e+00 0.000000000000000e+00 0.000000000000000e+00 0.000000000000000e+00 0.000000000000000e+00 0.000000000000000e+00 0.000000000000000e+00 0.000000000000000e+00 0.000000000000000e+00 0.000000000000000e+00
 0.000000000000000e+00 0.000000000000000e+00 0.000000000000000e+00 0.000000000000000e+00 0.000000000000000e+00 0.000000000000000e+00 0.000000000000000e+00 0.000000000000000e+00 0.000000000000000e+00 0.000000000000000e+00
 0.000000000000000e+00 0.000000000000000e+00 0.000000000000000e+00 0.000000000000000e+00 0.000000000000000e+00 0.000000000000000e+00 0.000000000000000e+00 0.000000000000000e+00 0.000000000000000e+00 0.000000000000000e+00
 0.000000000000000e+00 0.000000000000000e+00 0.000000000000000e+00 0.000000000000000e+00 0.000000000000000e+00 0.000000000000000e+00 0.000000000000000e+00 0.000000000000000e+00 0.000000000000000e+00 0.000000000000000e+00
 0.000000000000000e+00 0.000000000000000e+00 0.000000000000000e+00 0.000000000000000e+00 0.000000000000000e+00 0.000000000000000e+00 0.000000000000000e+00 0.000000000000000e+00 0.000000000000000e+00 0.000000000000000e+00
 0.000000000000000e+00 0.000000000000000e+00 0.000000000000000e+00 0.000000000000000e+00 0.000000000000000e+00 0.000000000000000e+00 0.000000000000000e+00 0.000000000000000e+00 0.000000000000000e+00 0.000000000000000e+00
 0.000000000000000e+00 0.000000000000000e+00 0.000000000000000e+00 0.000000000000000e+00 0.000000000000000e+00 0.000000000000000e+00 0.000000000000000e+00 0.000000000000000e+00 0.000000000000000e+00 0.000000000000000e+00
 0.000000000000000e+00 0.000000000000000e+00 0.000000000000000e+00 0.000000000000000e+00 0.000000000000000e+00 0.000000000000000e+00 0.000000000000000e+00 0.000000000000000e+00 0.000000000000000e+00 0.000000000000000e+00
 0.000000000000000e+00 0.000000000000000e+00 0.000000000000000e+00 0.000000000000000e+00 0.000000000000000e+00 0.000000000000000e+00 0.000000000000000e+00 0.000000000000000e+00 0.000000000000000e+00 0.000000000000000e+00
 0.000000000000000e+00 0.000000000000000e+00 0.000000000000000e+00 0.000000000000000e+00 0.000000000000000e+00 0.000000000000000e+00 0.000000000000000e+00 0.000000000000000e+00 0.000000000000000e+00 0.000000000000000e+00
 0.000000000000000e+00 0.000000000000000e+00 0.000000000000000e+00 0.000000000000000e+00 0.000000000000000e+00 0.000000000000000e+00 0.000000000000000e+00 0.000000000000000e+00 0.000000000000000e+00 0.000000000000000e+00
 0.000000000000000e+00 0.000000000000000e+00 0.000000000000000e+00 0.000000000000000e+00 0.000000000000000e+00 0.000000000000000e+00 0.000000000000000e+00 0.000000000000000e+00 0.000000000000000e+00 0.000000000000000e+00
 0.000000000000000e+00 0.000000000000000e+00 0.000000000000000e+00 0.000000000000000e+00 0.000000000000000e+00 0.000000000000000e+00 0.000000000000000e+00 0.000000000000000e+00 0.000000000000000e+00 0.000000000000000e+00
 0.000000000000000e+00 0.000000000000000e+00 0.000000000000000e+00 0.000000000000000e+00 0.000000000000000e+00 0.000000000000000e+00 0.000000000000000e+00 0.000000000000000e+00 0.000000000000000e+00 0.000000000000000e+00
 0.000000000000000e+00 0.000000000000000e+00 0.000000000000000e+00 0.000000000000000e+00 0.000000000000000e+00 0.000000000000000e+00 0.000000000000000e+00 0.000000000000000e+00 0.000000000000000e+00 0.000000000000000e+00
 0.000000000000000e+00 0.000000000000000e+00 0.000000000000000e+00 0.000000000000000e+00 0.000000000000000e+00 0.000000000000000e+00 0.000000000000000e+00 0.000000000000000e+00 0.000000000000000e+00 0.000000000000000e+00
 0.000000000000000e+00 0.000000000000000e+00 0.000000000000000e+00 0.000000000000000e+00 0.000000000000000e+00 0.000000000000000e+00 0.000000000000000e+00 0.000000000000000e+00 0.000000000000000e+00 0.000000000000000e+00
 0.000000000000000e+00 0.000000000000000e+00 0.000000000000000e+00 0.000000000000000e+00 0.000000000000000e+00 0.000000000000000e+00 0.000000000000000e+00 0.000000000000000e+00 0.000000000000000e+00 0.000000000000000e+00
 0.000000000000000e+00 0.000000000000000e+00 0.000000000000000e+00 0.000000000000000e+00 1.000000000000005e+19 0.000000000000000e+00 1.000000000000005e+19 0.000000000000000e+00 0.000000000000000e+00 0.000000000000000e+00
 0.000000000000000e+00 0.000000000000000e+00 0.000000000000000e+00 0.000000000000000e+00 0.000000000000000e+00 0.000000000000000e+00 0.000000000000000e+00 0.000000000000000e+00 0.000000000000000e+00 0.000000000000000e+00
 0.000000000000000e+00 0.000000000000000e+00 0.000000000000000e+00 0.000000000000000e+00 0.000000000000000e+00 0.000000000000000e+00 0.000000000000000e+00 0.000000000000000e+00 0.000000000000000e+00 0.000000000000000e+00
 0.000000000000000e+00 0.000000000000000e+00 0.000000000000000e+00 0.000000000000000e+00 0.000000000000000e+00 0.000000000000000e+00 0.000000000000000e+00 0.000000000000000e+00 0.000000000000000e+00 0.000000000000000e+00
 0.000000000000000e+00 0.000000000000000e+00 0.000000000000000e+00 0.000000000000000e+00 0.000000000000000e+00 0.000000000000000e+00 0.000000000000000e+00 0.000000000000000e+00 0.000000000000000e+00 0.000000000000000e+00
 0.000000000000000e+00 0.000000000000000e+00 0.000000000000000e+00 0.000000000000000e+00 0.000000000000000e+00 0.000000000000000e+00 0.000000000000000e+00 0.000000000000000e+00 0.000000000000000e+00 0.000000000000000e+00
 0.000000000000000e+00 0.000000000000000e+00 0.000000000000000e+00 0.000000000000000e+00 0.000000000000000e+00 0.000000000000000e+00 0.000000000000000e+00 0.000000000000000e+00 0.000000000000000e+00 0.000000000000000e+00
 0.000000000000000e+00 0.000000000000000e+00 0.000000000000000e+00 0.000000000000000e+00 1.000000000000005e+19 0.000000000000000e+00 1.000000000000005e+19 0.000000000000000e+00 0.000000000000000e+00 0.000000000000000e+00
 0.000000000000000e+00 0.000000000000000e+00 0.000000000000000e+00 0.000000000000000e+00 0.000000000000000e+00 0.000000000000000e+00 0.000000000000000e+00 0.000000000000000e+00 0.000000000000000e+00 0.000000000000000e+00
 0.000000000000000e+00 0.000000000000000e+00 0.000000000000000e+00 0.000000000000000e+00 0.000000000000000e+00 0.000000000000000e+00 0.000000000000000e+00 0.000000000000000e+00 0.000000000000000e+00 0.000000000000000e+00
 0.000000000000000e+00 0.000000000000000e+00 0.000000000000000e+00 0.000000000000000e+00 0.000000000000000e+00 0.000000000000000e+00 0.000000000000000e+00 0.000000000000000e+00 0.000000000000000e+00 0.000000000000000e+00
 0.000000000000000e+00 0.000000000000000e+00 0.000000000000000e+00 0.000000000000000e+00 0.000000000000000e+00 0.000000000000000e+00 0.000000000000000e+00 0.000000000000000e+00 0.000000000000000e+00 0.000000000000000e+00
 0.000000000000000e+00 0.000000000000000e+00 0.000000000000000e+00 0.000000000000000e+00 0.000000000000000e+00 0.000000000000000e+00 0.000000000000000e+00 0.000000000000000e+00 0.000000000000000e+00 0.000000000000000e+00
 0.000000000000000e+00 0.000000000000000e+00 0.000000000000000e+00 0.000000000000000e+00 0.000000000000000e+00 0.000000000000000e+00 0.000000000000000e+00 0.000000000000000e+00 0.000000000000000e+00 0.000000000000000e+00
 0.000000000000000e+00 0.000000000000000e+00 0.000000000000000e+00 0.000000000000000e+00 0.000000000000000e+00 0.000000000000000e+00 0.000000000000000e+00 0.000000000000000e+00 0.000000000000000e+00 0.000000000000000e+00
 0.000000000000000e+00 0.000000000000000e+00 0.000000000000000e+00 0.000000000000000e+00 0.000000000000000e+00 0.000000000000000e+00 0.000000000000000e+00 0.000000000000000e+00 0.000000000000000e+00 0.000000000000000e+00
 0.000000000000000e+00 0.000000000000000e+00 0.000000000000000e+00 0.000000000000000e+00 0.000000000000000e+00 0.000000000000000e+00 0.000000000000000e+00 0.000000000000000e+00 0.000000000000000e+00 0.000000000000000e+00
 0.000000000000000e+00 0.000000000000000e+00 0.000000000000000e+00 0.000000000000000e+00 0.000000000000000e+00 0.000000000000000e+00 0.000000000000000e+00 0.000000000000000e+00 0.000000000000000e+00 0.000000000000000e+00
 0.000000000000000e+00 0.000000000000000e+00 0.000000000000000e+00 0.000000000000000e+00 0.000000000000000e+00 0.000000000000000e+00 0.000000000000000e+00 0.000000000000000e+00 0.000000000000000e+00 0.000000000000000e+00
 0.000000000000000e+00 0.000000000000000e+00 0.000000000000000e+00 0.000000000000000e+00 0.000000000000000e+00 0.000000000000000e+00 0.000000000000000e+00 0.000000000000000e+00 0.000000000000000e+00 0.000000000000000e+00
 0.000000000000000e+00 0.000000000000000e+00 0.000000000000000e+00 0.000000000000000e+00 0.000000000000000e+00 0.000000000000000e+00 0.000000000000000e+00 0.000000000000000e+00 0.000000000000000e+00 0.000000000000000e+00
 0.000000000000000e+00 0.000000000000000e+00 0.000000000000000e+00 0.000000000000000e+00 0.000000000000000e+00 0.000000000000000e+00 0.000000000000000e+00 0.000000000000000e+00 0.000000000000000e+00 0.000000000000000e+00
 0.000000000000000e+00 0.000000000000000e+00 0.000000000000000e+00 0.000000000000000e+00 0.000000000000000e+00 0.000000000000000e+00 0.000000000000000e+00 0.000000000000000e+00 0.000000000000000e+00 0.000000000000000e+00
 0.000000000000000e+00 0.000000000000000e+00 0.000000000000000e+00 0.000000000000000e+00 0.000000000000000e+00 0.000000000000000e+00 0.000000000000000e+00 0.000000000000000e+00 0.000000000000000e+00 0.000000000000000e+00
 0.000000000000000e+00 0.000000000000000e+00 0.000000000000000e+00 0.000000000000000e+00 0.000000000000000e+00 0.000000000000000e+00 0.000000000000000e+00 0.000000000000000e+00 0.000000000000000e+00 0.000000000000000e+00
 0.000000000000000e+00 0.000000000000000e+00 0.000000000000000e+00 0.000000000000000e+00 0.000000000000000e+00 0.000000000000000e+00 0.000000000000000e+00 0.000000000000000e+00 0.000000000000000e+00 0.000000000000000e+00
 0.000000000000000e+00 0.000000000000000e+00 0.000000000000000e+00 0.000000000000000e+00 0.000000000000000e+00 0.000000000000000e+00 0.000000000000000e+00 0.000000000000000e+00 0.000000000000000e+00 0.000000000000000e+00
 0.000000000000000e+00 0.000000000000000e+00 0.000000000000000e+00 0.000000000000000e+00 0.000000000000000e+00 0.000000000000000e+00 1.000000000000005e+19 0.000000000000000e+00 1.000000000000005e+19 0.000000000000000e+00
 0.000000000000000e+00 0.000000000000000e+00 0.000000000000000e+00 0.000000000000000e+00 0.000000000000000e+00 0.000000000000000e+00 0.000000000000000e+00 0.000000000000000e+00 0.000000000000000e+00 0.000000000000000e+00
 0.000000000000000e+00 0.000000000000000e+00 0.000000000000000e+00 0.000000000000000e+00 0.000000000000000e+00 0.000000000000000e+00 0.000000000000000e+00 0.000000000000000e+00 0.000000000000000e+00 0.000000000000000e+00
 0.000000000000000e+00 0.000000000000000e+00 0.000000000000000e+00 0.000000000000000e+00 0.000000000000000e+00 0.000000000000000e+00 0.000000000000000e+00 0.000000000000000e+00 0.000000000000000e+00 0.000000000000000e+00
 0.000000000000000e+00 0.000000000000000e+00 0.000000000000000e+00 0.000000000000000e+00 0.000000000000000e+00 0.000000000000000e+00 0.000000000000000e+00 0.000000000000000e+00 0.000000000000000e+00 0.000000000000000e+00
 0.000000000000000e+00 0.000000000000000e+00 0.000000000000000e+00 0.000000000000000e+00 0.000000000000000e+00 0.000000000000000e+00 0.000000000000000e+00 0.000000000000000e+00 0.000000000000000e+00 0.000000000000000e+00
 0.000000000000000e+00 0.000000000000000e+00 0.000000000000000e+00 0.000000000000000e+00 0.000000000000000e+00 0.000000000000000e+00 0.000000000000000e+00 0.000000000000000e+00 0.000000000000000e+00 0.000000000000000e+00
 0.000000000000000e+00 0.000000000000000e+00 0.000000000000000e+00 0.000000000000000e+00 0.000000000000000e+00 0.000000000000000e+00 0.000000000000000e+00 0.000000000000000e+00 0.000000000000000e+00 0.000000000000000e+00
 0.000000000000000e+00 0.000000000000000e+00 0.000000000000000e+00 0.000000000000000e+00 0.000000000000000e+00 0.000000000000000e+00 0.000000000000000e+00 0.000000000000000e+00 0.000000000000000e+00 0.000000000000000e+00
 0.000000000000000e+00 0.000000000000000e+00 0.000000000000000e+00 0.000000000000000e+00 0.000000000000000e+00 0.000000000000000e+00 0.000000000000000e+00 0.000000000000000e+00 0.000000000000000e+00 0.000000000000000e+00
 0.000000000000000e+00 0.000000000000000e+00 0.000000000000000e+00 0.000000000000000e+00 0.000000000000000e+00 0.000000000000000e+00 0.000000000000000e+00 0.000000000000000e+00 0.000000000000000e+00 0.000000000000000e+00
 0.000000000000000e+00 0.000000000000000e+00 0.000000000000000e+00 0.000000000000000e+00 0.000000000000000e+00 0.000000000000000e+00 0.000000000000000e+00 0.000000000000000e+00 0.000000000000000e+00 0.000000000000000e+00
 0.000000000000000e+00 0.000000000000000e+00 0.000000000000000e+00 0.000000000000000e+00 0.000000000000000e+00 0.000000000000000e+00 0.000000000000000e+00 0.000000000000000e+00 0.000000000000000e+00 0.000000000000000e+00
 0.000000000000000e+00 0.000000000000000e+00 0.000000000000000e+00 0.000000000000000e+00 0.000000000000000e+00 0.000000000000000e+00 0.000000000000000e+00 0.000000000000000e+00 0.000000000000000e+00 0.000000000000000e+00
 0.000000000000000e+00 0.000000000000000e+00 1.000000000000005e+19 0.000000000000000e+00 0.000000000000000e+00 0.000000000000000e+00 0.000000000000000e+00 0.000000000000000e+00 0.000000000000000e+00 0.000000000000000e+00
 0.000000000000000e+00 0.000000000000000e+00 0.000000000000000e+00 0.000000000000000e+00 0.000000000000000e+00 0.000000000000000e+00 0.000000000000000e+00 0.000000000000000e+00 0.000000000000000e+00 0.000000000000000e+00
 0.000000000000000e+00 0.000000000000000e+00 0.000000000000000e+00 0.000000000000000e+00 0.000000000000000e+00 0.000000000000000e+00 0.000000000000000e+00 0.000000000000000e+00 0.000000000000000e+00 0.000000000000000e+00
 0.000000000000000e+00 0.000000000000000e+00 0.000000000000000e+00 0.000000000000000e+00 0.000000000000000e+00 0.000000000000000e+00 0.000000000000000e+00 0.000000000000000e+00 0.000000000000000e+00 0.000000000000000e+00
 0.000000000000000e+00 0.000000000000000e+00 0.000000000000000e+00 0.000000000000000e+00 0.000000000000000e+00 0.000000000000000e+00 0.000000000000000e+00 0.000000000000000e+00 0.000000000000000e+00 0.000000000000000e+00
 0.000000000000000e+00 0.000000000000000e+00 0.000000000000000e+00 0.000000000000000e+00 0.000000000000000e+00 0.000000000000000e+00 0.000000000000000e+00 0.000000000000000e+00 0.000000000000000e+00 0.000000000000000e+00
 0.000000000000000e+00 0.000000000000000e+00 0.000000000000000e+00 0.000000000000000e+00 0.000000000000000e+00 0.000000000000000e+00 0.000000000000000e+00 0.000000000000000e+00 0.000000000000000e+00 0.000000000000000e+00
 0.000000000000000e+00 0.000000000000000e+00 0.000000000000000e+00 0.000000000000000e+00 0.000000000000000e+00 0.000000000000000e+00 0.000000000000000e+00 0.000000000000000e+00 0.000000000000000e+00 0.000000000000000e+00
 0.000000000000000e+00 0.000000000000000e+00 0.000000000000000e+00 0.000000000000000e+00 0.000000000000000e+00 0.000000000000000e+00 0.000000000000000e+00 0.000000000000000e+00 0.000000000000000e+00 0.000000000000000e+00
 0.000000000000000e+00 0.000000000000000e+00 0.000000000000000e+00 0.000000000000000e+00 0.000000000000000e+00 0.000000000000000e+00 0.000000000000000e+00 0.000000000000000e+00 0.000000000000000e+00 0.000000000000000e+00
 0.000000000000000e+00 0.000000000000000e+00 0.000000000000000e+00 0.000000000000000e+00 0.000000000000000e+00 0.000000000000000e+00 0.000000000000000e+00 0.000000000000000e+00 0.000000000000000e+00 0.000000000000000e+00
 0.000000000000000e+00 0.000000000000000e+00 0.000000000000000e+00 0.000000000000000e+00 0.000000000000000e+00 0.000000000000000e+00 0.000000000000000e+00 0.000000000000000e+00 0.000000000000000e+00 0.000000000000000e+00
 0.000000000000000e+00 0.000000000000000e+00 0.000000000000000e+00 0.000000000000000e+00 0.000000000000000e+00 0.000000000000000e+00 0.000000000000000e+00 0.000000000000000e+00 0.000000000000000e+00 0.000000000000000e+00
 0.000000000000000e+00 0.000000000000000e+00 0.000000000000000e+00 0.000000000000000e+00 0.000000000000000e+00 0.000000000000000e+00 0.000000000000000e+00 0.000000000000000e+00 1.000000000000005e+19 1.000000000000005e+19

    }
  }

  Dataset ("OpticalGeneration") {
    function  = OpticalGeneration
    type      = scalar
    dimension = 1
    location  = vertex
    validity  = [ "p_plus" "i_layer" "n_plus" ]
    Values (7995) {
 0.000000000000000e+00 0.000000000000000e+00 0.000000000000000e+00 0.000000000000000e+00 0.000000000000000e+00 0.000000000000000e+00 0.000000000000000e+00 0.000000000000000e+00 0.000000000000000e+00 0.000000000000000e+00
 0.000000000000000e+00 0.000000000000000e+00 0.000000000000000e+00 0.000000000000000e+00 0.000000000000000e+00 0.000000000000000e+00 0.000000000000000e+00 0.000000000000000e+00 0.000000000000000e+00 0.000000000000000e+00
 0.000000000000000e+00 0.000000000000000e+00 0.000000000000000e+00 0.000000000000000e+00 0.000000000000000e+00 0.000000000000000e+00 0.000000000000000e+00 0.000000000000000e+00 0.000000000000000e+00 0.000000000000000e+00
 0.000000000000000e+00 0.000000000000000e+00 0.000000000000000e+00 0.000000000000000e+00 0.000000000000000e+00 0.000000000000000e+00 0.000000000000000e+00 0.000000000000000e+00 0.000000000000000e+00 0.000000000000000e+00
 0.000000000000000e+00 0.000000000000000e+00 0.000000000000000e+00 0.000000000000000e+00 0.000000000000000e+00 0.000000000000000e+00 0.000000000000000e+00 0.000000000000000e+00 0.000000000000000e+00 0.000000000000000e+00
 0.000000000000000e+00 0.000000000000000e+00 0.000000000000000e+00 0.000000000000000e+00 0.000000000000000e+00 0.000000000000000e+00 0.000000000000000e+00 0.000000000000000e+00 0.000000000000000e+00 0.000000000000000e+00
 0.000000000000000e+00 0.000000000000000e+00 0.000000000000000e+00 0.000000000000000e+00 0.000000000000000e+00 0.000000000000000e+00 0.000000000000000e+00 0.000000000000000e+00 0.000000000000000e+00 0.000000000000000e+00
 0.000000000000000e+00 0.000000000000000e+00 0.000000000000000e+00 0.000000000000000e+00 0.000000000000000e+00 0.000000000000000e+00 0.000000000000000e+00 0.000000000000000e+00 0.000000000000000e+00 0.000000000000000e+00
 0.000000000000000e+00 0.000000000000000e+00 0.000000000000000e+00 0.000000000000000e+00 0.000000000000000e+00 0.000000000000000e+00 0.000000000000000e+00 0.000000000000000e+00 0.000000000000000e+00 0.000000000000000e+00
 0.000000000000000e+00 0.000000000000000e+00 0.000000000000000e+00 0.000000000000000e+00 0.000000000000000e+00 0.000000000000000e+00 0.000000000000000e+00 0.000000000000000e+00 0.000000000000000e+00 0.000000000000000e+00
 0.000000000000000e+00 0.000000000000000e+00 0.000000000000000e+00 0.000000000000000e+00 0.000000000000000e+00 0.000000000000000e+00 0.000000000000000e+00 0.000000000000000e+00 0.000000000000000e+00 0.000000000000000e+00
 0.000000000000000e+00 0.000000000000000e+00 0.000000000000000e+00 0.000000000000000e+00 0.000000000000000e+00 0.000000000000000e+00 0.000000000000000e+00 0.000000000000000e+00 0.000000000000000e+00 0.000000000000000e+00
 0.000000000000000e+00 0.000000000000000e+00 0.000000000000000e+00 0.000000000000000e+00 0.000000000000000e+00 0.000000000000000e+00 0.000000000000000e+00 0.000000000000000e+00 0.000000000000000e+00 0.000000000000000e+00
 0.000000000000000e+00 0.000000000000000e+00 0.000000000000000e+00 0.000000000000000e+00 0.000000000000000e+00 0.000000000000000e+00 0.000000000000000e+00 0.000000000000000e+00 0.000000000000000e+00 0.000000000000000e+00
 0.000000000000000e+00 0.000000000000000e+00 0.000000000000000e+00 0.000000000000000e+00 0.000000000000000e+00 0.000000000000000e+00 0.000000000000000e+00 0.000000000000000e+00 0.000000000000000e+00 0.000000000000000e+00
 0.000000000000000e+00 0.000000000000000e+00 0.000000000000000e+00 0.000000000000000e+00 0.000000000000000e+00 0.000000000000000e+00 0.000000000000000e+00 0.000000000000000e+00 0.000000000000000e+00 0.000000000000000e+00
 0.000000000000000e+00 0.000000000000000e+00 0.000000000000000e+00 0.000000000000000e+00 0.000000000000000e+00 0.000000000000000e+00 0.000000000000000e+00 0.000000000000000e+00 0.000000000000000e+00 0.000000000000000e+00
 0.000000000000000e+00 0.000000000000000e+00 0.000000000000000e+00 0.000000000000000e+00 0.000000000000000e+00 0.000000000000000e+00 0.000000000000000e+00 0.000000000000000e+00 0.000000000000000e+00 0.000000000000000e+00
 0.000000000000000e+00 0.000000000000000e+00 0.000000000000000e+00 0.000000000000000e+00 0.000000000000000e+00 0.000000000000000e+00 0.000000000000000e+00 0.000000000000000e+00 0.000000000000000e+00 0.000000000000000e+00
 0.000000000000000e+00 0.000000000000000e+00 0.000000000000000e+00 0.000000000000000e+00 0.000000000000000e+00 0.000000000000000e+00 0.000000000000000e+00 0.000000000000000e+00 0.000000000000000e+00 0.000000000000000e+00
 0.000000000000000e+00 0.000000000000000e+00 0.000000000000000e+00 0.000000000000000e+00 0.000000000000000e+00 0.000000000000000e+00 0.000000000000000e+00 0.000000000000000e+00 0.000000000000000e+00 0.000000000000000e+00
 0.000000000000000e+00 0.000000000000000e+00 0.000000000000000e+00 0.000000000000000e+00 0.000000000000000e+00 0.000000000000000e+00 0.000000000000000e+00 0.000000000000000e+00 0.000000000000000e+00 0.000000000000000e+00
 0.000000000000000e+00 0.000000000000000e+00 0.000000000000000e+00 0.000000000000000e+00 0.000000000000000e+00 0.000000000000000e+00 0.000000000000000e+00 0.000000000000000e+00 0.000000000000000e+00 0.000000000000000e+00
 0.000000000000000e+00 0.000000000000000e+00 0.000000000000000e+00 0.000000000000000e+00 0.000000000000000e+00 0.000000000000000e+00 0.000000000000000e+00 0.000000000000000e+00 0.000000000000000e+00 0.000000000000000e+00
 0.000000000000000e+00 0.000000000000000e+00 0.000000000000000e+00 0.000000000000000e+00 0.000000000000000e+00 0.000000000000000e+00 0.000000000000000e+00 0.000000000000000e+00 0.000000000000000e+00 0.000000000000000e+00
 0.000000000000000e+00 0.000000000000000e+00 0.000000000000000e+00 0.000000000000000e+00 0.000000000000000e+00 0.000000000000000e+00 0.000000000000000e+00 0.000000000000000e+00 0.000000000000000e+00 0.000000000000000e+00
 0.000000000000000e+00 0.000000000000000e+00 0.000000000000000e+00 0.000000000000000e+00 0.000000000000000e+00 0.000000000000000e+00 0.000000000000000e+00 0.000000000000000e+00 0.000000000000000e+00 0.000000000000000e+00
 0.000000000000000e+00 0.000000000000000e+00 0.000000000000000e+00 0.000000000000000e+00 0.000000000000000e+00 0.000000000000000e+00 0.000000000000000e+00 0.000000000000000e+00 0.000000000000000e+00 0.000000000000000e+00
 0.000000000000000e+00 8.280319076929336e+06 0.000000000000000e+00 1.656063815385867e+07 8.087874128879644e+06 7.895429180829952e+06 1.617574825775929e+07 1.579085836165990e+07 7.702984232780260e+06 7.510539284730569e+06
 1.540596846556052e+07 1.502107856946114e+07 7.318094336680876e+06 7.125649388631184e+06 1.463618867336175e+07 1.425129877726237e+07 6.933204440581493e+06 6.740759492531801e+06 1.386640888116299e+07 1.348151898506360e+07
 6.548314544482108e+06 6.355869596432418e+06 1.309662908896422e+07 1.271173919286484e+07 6.163424648382724e+06 6.059460136217947e+06 5.970979700333032e+06 1.232684929676545e+07 1.211892027243589e+07 1.194195940066606e+07
 5.778534752283340e+06 5.586089804233648e+06 1.155706950456668e+07 1.117217960846730e+07 5.393644856183957e+06 5.201199908134265e+06 1.078728971236791e+07 1.040239981626853e+07 5.008754960084572e+06 4.816310012034881e+06
 1.001750992016914e+07 9.632620024069762e+06 4.623865063985188e+06 4.431420115935497e+06 9.247730127970377e+06 8.862840231870994e+06 4.238975167885805e+06 4.046530219836112e+06 8.477950335771609e+06 8.093060439672224e+06
 3.854085271786421e+06 3.769750017997546e+06 7.708170543572841e+06 7.539500035995092e+06 3.698378235254532e+06 7.396756470509063e+06 3.627006452511518e+06 7.254012905023037e+06 3.484262887025490e+06 6.968525774050981e+06
 3.341519321539463e+06 6.683038643078927e+06 3.056032190567408e+06 6.112064381134816e+06 2.918657038762020e+06 5.837314077524040e+06 2.807887854942909e+06 5.615775709885818e+06 2.849999843499599e+06 5.699999686999199e+06
 1.880288023337338e+07 3.760576046674675e+07 4.468687712840545e+06 3.424483235677080e+06 8.937375425681090e+06 6.848966471354160e+06 4.600693140274439e+06 4.208126752804489e+06 9.201386280548878e+06 8.416253505608978e+06
 6.984972988030847e+06 1.154310584435095e+07 1.396994597606169e+07 2.308621168870191e+07 1.399366611578525e+07 4.202189753605764e+06 2.798733223157050e+07 8.404379507211529e+06 7.905139316656651e+06 4.457545197315732e+06
 1.581027863331330e+07 8.915090394631464e+06 2.331160450470753e+06 1.889661458333332e+06 4.662320900941507e+06 3.779322916666663e+06 0.000000000000000e+00 0.000000000000000e+00 0.000000000000000e+00 0.000000000000000e+00
 0.000000000000000e+00 0.000000000000000e+00 0.000000000000000e+00 0.000000000000000e+00 0.000000000000000e+00 0.000000000000000e+00 0.000000000000000e+00 0.000000000000000e+00 0.000000000000000e+00 2.225189315274230e+07
 0.000000000000000e+00 2.276501999553452e+07 2.185639689681876e+07 2.146090064089522e+07 2.272259455623790e+07 2.268016911694127e+07 2.106540438497169e+07 2.066990812904814e+07 2.263774367764464e+07 2.259531823834802e+07
 2.027441187312460e+07 1.987891561720106e+07 2.255289279905140e+07 2.251046735975477e+07 1.948341936127752e+07 1.908792310535398e+07 2.246804192045815e+07 2.242561648116152e+07 1.869242684943044e+07 1.829693059350690e+07
 2.238319104186489e+07 2.234076560256827e+07 1.790143433758336e+07 1.768777544070512e+07 1.750593808165982e+07 2.229834016327165e+07 2.227542067307692e+07 2.225591472397503e+07 1.711044182573628e+07 1.671494556981274e+07
 2.221348928467840e+07 2.217106384538178e+07 1.631944931388920e+07 1.592395305796566e+07 2.212863840608515e+07 2.208621296678852e+07 1.552845680204212e+07 1.513296054611858e+07 2.204378752749190e+07 2.200136208819528e+07
 1.473746429019504e+07 1.434196803427150e+07 2.195893664889865e+07 2.191651120960203e+07 1.394647177834796e+07 1.355097552242442e+07 2.187408577030540e+07 2.183166033100878e+07 1.315547926650088e+07 1.323864418094994e+07
 2.178923489171215e+07 2.279657657981937e+07 1.383576906318338e+07 2.575605037069729e+07 1.443289394541684e+07 2.871552416157519e+07 1.562714370988373e+07 3.463447174333100e+07 1.682139347435063e+07 4.055341932508682e+07
 1.920989300328442e+07 5.239131448859841e+07 1.767746018629808e+07 4.736058443509617e+07 1.027156231219952e+07 1.862314640925480e+07 8.148565360827326e+06 9.794262695312504e+06 4.547776504907848e+07 3.148801832932690e+07
 1.211234472551916e+07 9.206092456263347e+06 1.269987719935230e+07 9.428503939636748e+06 1.149182598407452e+07 1.457825771233975e+07 9.161758814102568e+06 2.464801682692308e+07 2.109374963483239e+07 3.130173005976227e+07
 2.849521463508279e+07 3.286207348424144e+07 3.849555538862178e+07 1.517887369791665e+07 4.203289262820512e+07 2.709797676282050e+07 2.170863861344819e+07 1.305715112930695e+07 2.359343992053953e+07 1.656824293870196e+07
 8.885997783954330e+06 1.205706079727564e+07 1.689470753205129e+07 3.311095152243590e+07 0.000000000000000e+00 0.000000000000000e+00 0.000000000000000e+00 0.000000000000000e+00 0.000000000000000e+00 0.000000000000000e+00
 0.000000000000000e+00 0.000000000000000e+00 0.000000000000000e+00 0.000000000000000e+00 0.000000000000000e+00 0.000000000000000e+00 0.000000000000000e+00 2.327814683832674e+07 0.000000000000000e+00 4.416917197724693e+07
 2.358879221565703e+07 2.389943759298732e+07 4.429901539077106e+07 4.442885880429520e+07 2.421008297031761e+07 2.452072834764791e+07 4.455870221781935e+07 4.468854563134348e+07 2.483137372497819e+07 2.514201910230848e+07
 4.481838904486762e+07 4.494823245839176e+07 2.545266447963878e+07 2.576330985696907e+07 4.507807587191590e+07 4.520791928544004e+07 2.607395523429935e+07 2.638460061162965e+07 4.533776269896418e+07 4.546760611248831e+07
 2.669524598895994e+07 2.686306590544872e+07 2.700589136629023e+07 4.559744952601245e+07 4.566759481837607e+07 4.572729293953659e+07 2.731653674362052e+07 2.762718212095081e+07 4.585713635306073e+07 4.598697976658487e+07
 2.793782749828110e+07 2.824847287561139e+07 4.611682318010901e+07 4.624666659363315e+07 2.855911825294168e+07 2.886976363027197e+07 4.637651000715728e+07 4.650635342068142e+07 2.918040900760226e+07 2.949105438493255e+07
 4.663619683420556e+07 4.676604024772969e+07 2.980169976226284e+07 3.011234513959314e+07 4.689588366125384e+07 4.702572707477798e+07 3.042299051692343e+07 3.235450897868881e+07 4.715557048830211e+07 4.936046366895366e+07
 3.767633167821118e+07 5.563779482067142e+07 4.299815437773354e+07 6.191512597238916e+07 5.364179977677827e+07 7.446978827582467e+07 6.428544517582300e+07 8.702445057926017e+07 8.557273597391242e+07 1.121337751861311e+08
 7.704370868389426e+07 1.042253259381678e+08 2.697473050631008e+07 5.185303496010281e+07 1.143996002979768e+07 3.858579685830663e+07 1.749827160957531e+07 5.195102246928417e+07 1.328740967318543e+07 9.650915423010148e+06
 4.770560240134215e+07 4.179308712690303e+07 6.831691644130616e+06 3.471777594150642e+07 3.582365253155048e+07 5.581163611778846e+07 3.589667963533319e+07 3.442241690872061e+07 5.513961306840944e+07 5.434484675480768e+07
 4.557022986778846e+07 3.901707982772434e+07 6.938735622829860e+07 5.883413307124731e+07 2.547824122763088e+07 2.007933474809696e+07 6.760138951489049e+07 6.103896377954735e+07 2.490341728014825e+07 5.416484224759616e+07
 5.025977761293069e+07 7.771350677751067e+07 0.000000000000000e+00 0.000000000000000e+00 0.000000000000000e+00 0.000000000000000e+00 0.000000000000000e+00 0.000000000000000e+00 0.000000000000000e+00 0.000000000000000e+00
 0.000000000000000e+00 0.000000000000000e+00 0.000000000000000e+00 0.000000000000000e+00 0.000000000000000e+00 7.524914626423110e+07 0.000000000000000e+00 1.063291205512153e+08 7.493125132373255e+07 7.461335638323401e+07
 1.055634872566940e+08 1.047978539621728e+08 7.429546144273545e+07 7.397756650223690e+07 1.040322206676516e+08 1.032665873731303e+08 7.365967156173837e+07 7.334177662123980e+07 1.025009540786091e+08 1.017353207840879e+08
 7.302388168074127e+07 7.270598674024272e+07 1.009696874895666e+08 1.002040541950454e+08 7.238809179974416e+07 7.207019685924563e+07 9.943842090052417e+07 9.867278760600294e+07 7.175230191874708e+07 7.158056557158118e+07
 7.143440697824852e+07 9.790715431148170e+07 9.749353632478631e+07 9.714152101696047e+07 7.111651203774998e+07 7.079861709725143e+07 9.637588772243923e+07 9.561025442791800e+07 7.048072215675288e+07 7.016282721625434e+07
 9.484462113339677e+07 9.407898783887553e+07 6.984493227575579e+07 6.952703733525725e+07 9.331335454435429e+07 9.254772124983306e+07 6.920914239475870e+07 6.889124745426014e+07 9.178208795531183e+07 9.101645466079059e+07
 6.857335251376159e+07 6.825545757326305e+07 9.025082136626936e+07 8.948518807174812e+07 6.793756263276450e+07 7.009042950491621e+07 8.871955477722690e+07 9.082039534087875e+07 7.661984888060482e+07 9.760190294053821e+07
 8.314926825629342e+07 1.043834105401977e+08 9.620810700767063e+07 1.179464257395166e+08 1.092669457590478e+08 1.315094409388355e+08 1.353846232618022e+08 1.586354713374733e+08 1.301561896951790e+08 1.560870534521902e+08
 8.499469959226426e+07 1.181363642244257e+08 7.848170343382746e+07 1.183776100093483e+08 1.106250221187233e+08 1.692990217681623e+08 9.903912525666064e+07 8.989513894105567e+07 1.503726481119792e+08 1.379971907552083e+08
 8.047662744766627e+07 8.241754682491983e+07 1.251296023637820e+08 1.090234575320512e+08 8.030328071789864e+07 8.344831981169870e+07 1.054669483673878e+08 1.125517928685897e+08 1.033443771492722e+08 8.260016140407985e+07
 1.373013980702457e+08 1.063661897369124e+08 1.298437112922342e+08 1.207228614220254e+08 1.920860330695780e+08 1.804067590645035e+08 8.428996323805586e+07 1.025095582098023e+08 1.183201488631810e+08 1.273056096420940e+08
 0.000000000000000e+00 0.000000000000000e+00 0.000000000000000e+00 0.000000000000000e+00 0.000000000000000e+00 0.000000000000000e+00 0.000000000000000e+00 0.000000000000000e+00 0.000000000000000e+00 0.000000000000000e+00
 0.000000000000000e+00 0.000000000000000e+00 0.000000000000000e+00 1.487463838169717e+08 0.000000000000000e+00 1.911636470827282e+08 1.487178874953180e+08 1.486893911736643e+08 1.918722877339420e+08 1.925809283851558e+08
 1.486608948520106e+08 1.486323985303569e+08 1.932895690363696e+08 1.939982096875835e+08 1.486039022087032e+08 1.485754058870495e+08 1.947068503387973e+08 1.954154909900111e+08 1.485469095653958e+08 1.485184132437421e+08
 1.961241316412250e+08 1.968327722924387e+08 1.484899169220884e+08 1.484614206004347e+08 1.975414129436526e+08 1.982500535948664e+08 1.484329242787809e+08 1.484175297142094e+08 1.484044279571272e+08 1.989586942460802e+08
 1.993415231036325e+08 1.996673348972940e+08 1.483759316354735e+08 1.483474353138198e+08 2.003759755485078e+08 2.010846161997217e+08 1.483189389921661e+08 1.482904426705124e+08 2.017932568509355e+08 2.025018975021493e+08
 1.482619463488587e+08 1.482334500272050e+08 2.032105381533631e+08 2.039191788045769e+08 1.482049537055513e+08 1.481764573838976e+08 2.046278194557908e+08 2.053364601070046e+08 1.481479610622439e+08 1.481194647405902e+08
 2.060451007582184e+08 2.067537414094322e+08 1.480909684189364e+08 1.510674775669717e+08 2.074623820606460e+08 2.113145597930648e+08 1.597250007857625e+08 2.218480986309867e+08 1.683825240045531e+08 2.323816374689086e+08
 1.856975704421345e+08 2.534487151447524e+08 2.030126168797159e+08 2.745157928205963e+08 2.376427097548786e+08 3.166499481722839e+08 2.357757578792735e+08 3.154644623063569e+08 1.916344117254273e+08 2.651324592264290e+08
 2.045392295380943e+08 2.907008490668403e+08 2.689271461421607e+08 3.685552705161591e+08 2.673753820174780e+08 2.864843441694210e+08 3.843781159229769e+08 4.349714975836337e+08 2.322183530523838e+08 2.213496036157852e+08
 3.393071037409856e+08 3.336757496995193e+08 2.246350708164313e+08 2.367227518091446e+08 3.438031932654747e+08 3.608937107496995e+08 2.507923682318794e+08 2.783093129215077e+08 3.642833383935130e+08 4.502524361061031e+08
 2.713692560701289e+08 3.275095244578823e+08 3.506524790706797e+08 4.746122898512613e+08 3.132769916397485e+08 2.663560776408920e+08 5.082338344163160e+08 4.054065456396900e+08 0.000000000000000e+00 0.000000000000000e+00
 0.000000000000000e+00 0.000000000000000e+00 0.000000000000000e+00 0.000000000000000e+00 0.000000000000000e+00 0.000000000000000e+00 0.000000000000000e+00 0.000000000000000e+00 0.000000000000000e+00 0.000000000000000e+00
 0.000000000000000e+00 2.590062550927838e+08 0.000000000000000e+00 3.776995525914379e+08 2.605216608601758e+08 2.620370666275676e+08 3.801609797616289e+08 3.826224069318200e+08 2.635524723949595e+08 2.650678781623514e+08
 3.850838341020111e+08 3.875452612722021e+08 2.665832839297433e+08 2.680986896971352e+08 3.900066884423932e+08 3.924681156125842e+08 2.696140954645271e+08 2.711295012319190e+08 3.949295427827754e+08 3.973909699529664e+08
 2.726449069993109e+08 2.741603127667028e+08 3.998523971231574e+08 4.023138242933486e+08 2.756757185340946e+08 2.764943860176283e+08 2.771911243014866e+08 4.047752514635395e+08 4.061049879807692e+08 4.072366786337306e+08
 2.787065300688784e+08 2.802219358362703e+08 4.096981058039217e+08 4.121595329741127e+08 2.817373416036623e+08 2.832527473710541e+08 4.146209601443038e+08 4.170823873144948e+08 2.847681531384460e+08 2.862835589058379e+08
 4.195438144846859e+08 4.220052416548769e+08 2.877989646732298e+08 2.893143704406217e+08 4.244666688250680e+08 4.269280959952590e+08 2.908297762080135e+08 2.923451819754055e+08 4.293895231654501e+08 4.318509503356412e+08
 2.938605877427974e+08 2.976022308806069e+08 4.343123775058323e+08 4.359710796910474e+08 3.070891307896019e+08 4.385660315749992e+08 3.165760306985970e+08 4.411609834589510e+08 3.355498305165870e+08 4.463508872268546e+08
 3.545236303345770e+08 4.515407909947582e+08 3.924712299705570e+08 4.619205985305655e+08 3.955410628881210e+08 4.763934557792467e+08 3.630660584278595e+08 5.098707610301482e+08 3.928794926048344e+08 5.270921841613247e+08
 4.746025976979833e+08 5.934883304954593e+08 5.095871996496478e+08 5.641977484809027e+08 6.512089830186632e+08 6.549021943442842e+08 4.895965291967147e+08 4.617838611778846e+08 7.262873041866987e+08 6.214559034455129e+08
 4.789316306454911e+08 5.105073396705562e+08 6.459806978874533e+08 7.110063085520166e+08 4.971906940949269e+08 5.955004158737314e+08 6.689308208759015e+08 6.873581088074251e+08 4.541765027168469e+08 6.082362182617177e+08
 6.061821276542467e+08 7.149024727063295e+08 6.786253802020732e+08 5.734844776642625e+08 7.998863320062100e+08 7.996173377403846e+08 0.000000000000000e+00 0.000000000000000e+00 0.000000000000000e+00 0.000000000000000e+00
 0.000000000000000e+00 0.000000000000000e+00 0.000000000000000e+00 0.000000000000000e+00 0.000000000000000e+00 0.000000000000000e+00 0.000000000000000e+00 0.000000000000000e+00 0.000000000000000e+00 4.963928500900921e+08
 0.000000000000000e+00 6.063813063662276e+08 4.998002986630822e+08 5.032077472360725e+08 6.106792388589972e+08 6.149771713517669e+08 5.066151958090627e+08 5.100226443820528e+08 6.192751038445367e+08 6.235730363373063e+08
 5.134300929550431e+08 5.168375415280333e+08 6.278709688300760e+08 6.321689013228456e+08 5.202449901010236e+08 5.236524386740139e+08 6.364668338156154e+08 6.407647663083851e+08 5.270598872470040e+08 5.304673358199943e+08
 6.450626988011547e+08 6.493606312939245e+08 5.338747843929845e+08 5.357155899439102e+08 5.372822329659747e+08 6.536585637866940e+08 6.559804353632479e+08 6.579564962794639e+08 5.406896815389650e+08 5.440971301119552e+08
 6.622544287722335e+08 6.665523612650032e+08 5.475045786849453e+08 5.509120272579355e+08 6.708502937577728e+08 6.751482262505425e+08 5.543194758309258e+08 5.577269244039160e+08 6.794461587433121e+08 6.837440912360818e+08
 5.611343729769063e+08 5.645418215498965e+08 6.880420237288516e+08 6.923399562216213e+08 5.679492701228868e+08 5.713567186958770e+08 6.966378887143910e+08 7.009358212071607e+08 5.747641672688673e+08 5.743399285014879e+08
 7.052337536999303e+08 7.061798316238273e+08 5.700429323603964e+08 7.050553183596356e+08 5.657459362193050e+08 7.039308050954444e+08 5.571519439371223e+08 7.016817785670614e+08 5.485579516549394e+08 6.994327520386785e+08
 5.313699670905741e+08 6.949346989819126e+08 5.572458486703725e+08 7.112346921741453e+08 6.566754636324369e+08 7.668610869057158e+08 6.613048757178152e+08 7.893906785231370e+08 7.123740632929354e+08 8.543939027443911e+08
 7.928307663876787e+08 7.456066402076657e+08 8.964308236929088e+08 9.213898619040465e+08 9.629780791766825e+08 7.811279457131410e+08 1.101375510191306e+09 9.682674003405449e+08 8.130297651294154e+08 9.115052774334770e+08
 9.412597454886150e+08 1.033112825520833e+09 8.406709476568761e+08 7.792158017411189e+08 9.835490744566307e+08 9.076754281850959e+08 7.581877525916466e+08 8.215687271509413e+08 9.256731950287126e+08 9.690849584334934e+08
 9.211472838103467e+08 1.025750197816507e+09 1.068811014185196e+09 1.204714376335470e+09 0.000000000000000e+00 0.000000000000000e+00 0.000000000000000e+00 0.000000000000000e+00 0.000000000000000e+00 0.000000000000000e+00
 0.000000000000000e+00 0.000000000000000e+00 0.000000000000000e+00 0.000000000000000e+00 0.000000000000000e+00 0.000000000000000e+00 0.000000000000000e+00 7.120173420311038e+08 0.000000000000000e+00 8.176533776959802e+08
 7.171779897021432e+08 7.223386373731825e+08 8.236767405452890e+08 8.297001033945979e+08 7.274992850442216e+08 7.326599327152610e+08 8.357234662439069e+08 8.417468290932157e+08 7.378205803863003e+08 7.429812280573395e+08
 8.477701919425247e+08 8.537935547918335e+08 7.481418757283790e+08 7.533025233994182e+08 8.598169176411426e+08 8.658402804904513e+08 7.584631710704573e+08 7.636238187414969e+08 8.718636433397602e+08 8.778870061890693e+08
 7.687844664125361e+08 7.715724025106838e+08 7.739451140835754e+08 8.839103690383780e+08 8.871643696581197e+08 8.899337318876870e+08 7.791057617546146e+08 7.842664094256539e+08 8.959570947369958e+08 9.019804575863047e+08
 7.894270570966933e+08 7.945877047677325e+08 9.080038204356136e+08 9.140271832849226e+08 7.997483524387717e+08 8.049090001098111e+08 9.200505461342313e+08 9.260739089835403e+08 8.100696477808504e+08 8.152302954518896e+08
 9.320972718328491e+08 9.381206346821580e+08 8.203909431229291e+08 8.255515907939683e+08 9.441439975314670e+08 9.501673603807759e+08 8.307122384650075e+08 8.347552619021162e+08 9.561907232300848e+08 9.633306921804053e+08
 8.418354469657962e+08 9.786155755719568e+08 8.489156320294763e+08 9.939004589635082e+08 8.630760021568363e+08 1.024470225746611e+09 8.772363722841964e+08 1.055039992529714e+09 9.055571125389163e+08 1.116179526095920e+09
 9.017917609842414e+08 1.092348829794338e+09 8.587371705144898e+08 9.506132541232637e+08 9.144130369528745e+08 1.039435395382612e+09 1.007980795522837e+09 1.161567688301282e+09 9.810200179662460e+08 1.139712471516927e+09
 1.065609212239583e+09 1.358035081129808e+09 1.190626269218249e+09 1.169140561147837e+09 1.279877028245192e+09 1.370013721955128e+09 1.050080182406434e+09 1.115274663211138e+09 1.158900619324252e+09 1.197436500901442e+09
 1.111996201265775e+09 1.054436021384215e+09 1.240443328074920e+09 1.201196614583333e+09 1.100898546215612e+09 1.137026178135016e+09 1.276123897402511e+09 1.304967397836538e+09 1.229676133845403e+09 1.360094214075855e+09
 1.390541253505609e+09 1.515474051816239e+09 0.000000000000000e+00 0.000000000000000e+00 0.000000000000000e+00 0.000000000000000e+00 0.000000000000000e+00 0.000000000000000e+00 0.000000000000000e+00 0.000000000000000e+00
 0.000000000000000e+00 0.000000000000000e+00 0.000000000000000e+00 0.000000000000000e+00 0.000000000000000e+00 9.444804981003458e+08 0.000000000000000e+00 1.071307618504712e+09 9.532417250331650e+08 9.620029519659841e+08
 1.082806709521041e+09 1.094305800537370e+09 9.707641788988030e+08 9.795254058316221e+08 1.105804891553699e+09 1.117303982570029e+09 9.882866327644413e+08 9.970478596972601e+08 1.128803073586358e+09 1.140302164602687e+09
 1.005809086630080e+09 1.014570313562898e+09 1.151801255619016e+09 1.163300346635346e+09 1.023331540495718e+09 1.032092767428537e+09 1.174799437651675e+09 1.186298528668004e+09 1.040853994361356e+09 1.045587070980235e+09
 1.049615221294175e+09 1.197797619684333e+09 1.204009772302350e+09 1.209296710700663e+09 1.058376448226994e+09 1.067137675159813e+09 1.220795801716992e+09 1.232294892733321e+09 1.075898902092632e+09 1.084660129025451e+09
 1.243793983749650e+09 1.255293074765980e+09 1.093421355958270e+09 1.102182582891089e+09 1.266792165782309e+09 1.278291256798638e+09 1.110943809823908e+09 1.119705036756727e+09 1.289790347814967e+09 1.301289438831296e+09
 1.128466263689547e+09 1.137227490622366e+09 1.312788529847626e+09 1.324287620863955e+09 1.145988717555184e+09 1.153244803645468e+09 1.335786711880284e+09 1.343158915110531e+09 1.166402349067753e+09 1.354189122563549e+09
 1.179559894490038e+09 1.365219330016568e+09 1.205874985334608e+09 1.387279744922605e+09 1.232190076179178e+09 1.409340159828642e+09 1.284820257868318e+09 1.453460989640717e+09 1.268747666057359e+09 1.445146502320379e+09
 1.160538697488899e+09 1.370464140854534e+09 1.216207426726512e+09 1.392979458070413e+09 1.301990006510417e+09 1.442412324719551e+09 1.270173416215945e+09 1.409896869991987e+09 1.474737620192308e+09 1.461758658854167e+09
 1.427342601130559e+09 1.476786810146234e+09 1.574808174015926e+09 1.583559898337340e+09 1.368613488978199e+09 1.462115930801783e+09 1.578326358632145e+09 1.726795360702123e+09 1.566971365904197e+09 1.545174857271635e+09
 1.893499403733474e+09 1.889153099959936e+09 1.569494050115602e+09 1.600254518166566e+09 1.862864202828693e+09 1.895541638496594e+09 1.679188643704928e+09 1.827149189536592e+09 1.967836033904247e+09 2.138824327256944e+09
 0.000000000000000e+00 0.000000000000000e+00 0.000000000000000e+00 0.000000000000000e+00 0.000000000000000e+00 0.000000000000000e+00 0.000000000000000e+00 0.000000000000000e+00 0.000000000000000e+00 0.000000000000000e+00
 0.000000000000000e+00 0.000000000000000e+00 0.000000000000000e+00 1.185412553405762e+09 0.000000000000000e+00 1.274073117300180e+09 1.196803868953998e+09 1.208195184502235e+09 1.279665378277118e+09 1.285257639254056e+09
 1.219586500050471e+09 1.230977815598708e+09 1.290849900230995e+09 1.296442161207932e+09 1.242369131146945e+09 1.253760446695181e+09 1.302034422184871e+09 1.307626683161809e+09 1.265151762243418e+09 1.276543077791654e+09
 1.313218944138747e+09 1.318811205115685e+09 1.287934393339890e+09 1.299325708888127e+09 1.324403466092623e+09 1.329995727069561e+09 1.310717024436364e+09 1.316870953525641e+09 1.322108339984601e+09 1.335587988046499e+09
 1.338609094551282e+09 1.341180249023438e+09 1.333499655532837e+09 1.344890971081074e+09 1.346772510000376e+09 1.352364770977314e+09 1.356282286629310e+09 1.367673602177547e+09 1.357957031954252e+09 1.363549292931190e+09
 1.379064917725783e+09 1.390456233274019e+09 1.369141553908128e+09 1.374733814885066e+09 1.401847548822256e+09 1.413238864370492e+09 1.380326075862004e+09 1.385918336838942e+09 1.424630179918729e+09 1.436021495466966e+09
 1.391510597815880e+09 1.397102858792819e+09 1.447412811015203e+09 1.453788030203795e+09 1.402695119769757e+09 1.405847152553461e+09 1.462023981857300e+09 1.409955012746957e+09 1.470259933510805e+09 1.414062872940455e+09
 1.486731836817815e+09 1.422278593327449e+09 1.503203740124825e+09 1.430494313714443e+09 1.536147546738844e+09 1.446925754488431e+09 1.536265578049880e+09 1.456825132712340e+09 1.500158818015074e+09 1.469391962765425e+09
 1.531632944169004e+09 1.594049339776977e+09 1.556805618573050e+09 1.619140863715278e+09 1.637452120058761e+09 1.540152957648905e+09 1.716467211705395e+09 1.671612276308760e+09 1.704156517772186e+09 1.709818445763221e+09
 1.797270403270232e+09 1.875047911658654e+09 1.756954847965077e+09 1.936601225502470e+09 1.873414576655983e+09 2.036659960102831e+09 2.143627233260717e+09 2.159571781099760e+09 2.240954646183894e+09 2.282871339142628e+09
 2.073689812293420e+09 2.141597428281082e+09 2.119426335261418e+09 2.289190556974491e+09 2.259498398270566e+09 2.357133762353098e+09 2.557190710970887e+09 2.388711792200854e+09 0.000000000000000e+00 0.000000000000000e+00
 0.000000000000000e+00 0.000000000000000e+00 0.000000000000000e+00 0.000000000000000e+00 0.000000000000000e+00 0.000000000000000e+00 0.000000000000000e+00 0.000000000000000e+00 0.000000000000000e+00 0.000000000000000e+00
 0.000000000000000e+00 1.362733681194599e+09 0.000000000000000e+00 1.431466883497972e+09 1.362526887600238e+09 1.362320094005878e+09 1.430722116577931e+09 1.429977349657890e+09 1.362113300411518e+09 1.361906506817157e+09
 1.429232582737849e+09 1.428487815817808e+09 1.361699713222797e+09 1.361492919628437e+09 1.427743048897768e+09 1.426998281977727e+09 1.361286126034076e+09 1.361079332439716e+09 1.426253515057686e+09 1.425508748137645e+09
 1.360872538845356e+09 1.360665745250996e+09 1.424763981217604e+09 1.424019214297564e+09 1.360458951656635e+09 1.360347235576923e+09 1.360252158062274e+09 1.423274447377523e+09 1.422872102029915e+09 1.422529680457482e+09
 1.360045364467914e+09 1.359838570873554e+09 1.421784913537441e+09 1.421040146617400e+09 1.359631777279194e+09 1.359424983684833e+09 1.420295379697360e+09 1.419550612777319e+09 1.359218190090473e+09 1.359011396496113e+09
 1.418805845857278e+09 1.418061078937237e+09 1.358804602901752e+09 1.358597809307392e+09 1.417316312017196e+09 1.416571545097156e+09 1.358391015713032e+09 1.358184222118671e+09 1.415826778177115e+09 1.415082011257074e+09
 1.357977428524311e+09 1.357906274903126e+09 1.414337244337033e+09 1.414135215622339e+09 1.357886043636616e+09 1.414219622577765e+09 1.357865812370105e+09 1.414304029533191e+09 1.357825349837083e+09 1.414472843444042e+09
 1.357784887304062e+09 1.414641657354893e+09 1.357703962238019e+09 1.414979285176595e+09 1.377384687374800e+09 1.437910675309662e+09 1.438625107515775e+09 1.508787978134808e+09 1.656465735384949e+09 1.747413034605369e+09
 1.681476108857505e+09 1.786042446664664e+09 1.795482303352030e+09 1.803071594968616e+09 1.917013890766894e+09 2.019693014990652e+09 1.890384288768279e+09 2.040277377554087e+09 2.000228993650257e+09 2.204079040631678e+09
 1.989874305346889e+09 2.136718694703192e+09 2.217167442282652e+09 2.297458538870526e+09 2.338282059107071e+09 2.406170897185496e+09 2.422091816698384e+09 2.434543952407185e+09 2.165162858229417e+09 2.436783685667899e+09
 2.351847074485844e+09 2.517894512469949e+09 2.854883023671207e+09 2.420289822048611e+09 2.919887281212440e+09 2.615855151075053e+09 0.000000000000000e+00 0.000000000000000e+00 0.000000000000000e+00 0.000000000000000e+00
 0.000000000000000e+00 0.000000000000000e+00 0.000000000000000e+00 0.000000000000000e+00 0.000000000000000e+00 0.000000000000000e+00 0.000000000000000e+00 0.000000000000000e+00 0.000000000000000e+00 1.490236405005822e+09
 0.000000000000000e+00 1.549005926513672e+09 1.491584205382910e+09 1.492932005759997e+09 1.552446294187888e+09 1.555886661862104e+09 1.494279806137085e+09 1.495627606514173e+09 1.559327029536321e+09 1.562767397210537e+09
 1.496975406891261e+09 1.498323207268348e+09 1.566207764884753e+09 1.569648132558969e+09 1.499671007645436e+09 1.501018808022524e+09 1.573088500233186e+09 1.576528867907402e+09 1.502366608399611e+09 1.503714408776699e+09
 1.579969235581618e+09 1.583409603255835e+09 1.505062209153787e+09 1.505790331196581e+09 1.506410009530874e+09 1.586849970930050e+09 1.588708560363248e+09 1.590290338604267e+09 1.507757809907962e+09 1.509105610285050e+09
 1.593730706278483e+09 1.597171073952699e+09 1.510453410662138e+09 1.511801211039225e+09 1.600611441626915e+09 1.604051809301132e+09 1.513149011416313e+09 1.514496811793401e+09 1.607492176975348e+09 1.610932544649564e+09
 1.515844612170488e+09 1.517192412547576e+09 1.614372912323781e+09 1.617813279997997e+09 1.518540212924664e+09 1.519888013301752e+09 1.621253647672213e+09 1.624694015346429e+09 1.521235813678839e+09 1.522449065526326e+09
 1.628134383020645e+09 1.630762915430313e+09 1.524754475544660e+09 1.635289328511556e+09 1.527059885562994e+09 1.639815741592798e+09 1.531670705599663e+09 1.648868567755283e+09 1.536281525636331e+09 1.657921393917768e+09
 1.545503165709667e+09 1.676027046242738e+09 1.568419879880726e+09 1.698929084451790e+09 1.629415711688180e+09 1.750043445241553e+09 1.852625785632011e+09 1.957838536658654e+09 1.911724330804287e+09 2.037406214943910e+09
 2.059803726065872e+09 2.278895485693777e+09 2.202593561364851e+09 2.538097956396902e+09 2.118439108224200e+09 2.367166802300347e+09 2.236649222798144e+09 2.530254563969017e+09 2.499877283340845e+09 2.488538937821348e+09
 2.782587124399038e+09 2.679619336772169e+09 2.499142746623765e+09 2.415453756218283e+09 2.576193676549145e+09 2.396363560029380e+09 2.609005137386485e+09 2.565764188326320e+09 2.866163200287127e+09 2.613633864182692e+09
 2.868547511174129e+09 2.893414129690838e+09 2.817207741135817e+09 3.170973108306624e+09 0.000000000000000e+00 0.000000000000000e+00 0.000000000000000e+00 0.000000000000000e+00 0.000000000000000e+00 0.000000000000000e+00
 0.000000000000000e+00 0.000000000000000e+00 0.000000000000000e+00 0.000000000000000e+00 0.000000000000000e+00 0.000000000000000e+00 0.000000000000000e+00 5.296008418273926e+09 0.000000000000000e+00 9.043010910034180e+09
 5.442648998602842e+09 5.589289578931760e+09 9.332851703017796e+09 9.622692496001413e+09 5.735930159260676e+09 5.882570739589592e+09 9.912533288985031e+09 1.020237408196865e+10 6.029211319918510e+09 6.175851900247427e+09
 1.049221487495227e+10 1.078205566793588e+10 6.322492480576344e+09 6.469133060905261e+09 1.107189646091950e+10 1.136173725390312e+10 6.615773641234177e+09 6.762414221563095e+09 1.165157804688674e+10 1.194141883987036e+10
 6.909054801892012e+09 6.988274425747864e+09 7.055695382220928e+09 1.223125963285397e+10 1.238784029113248e+10 1.252110042583759e+10 7.202335962549846e+09 7.348976542878762e+09 1.281094121882121e+10 1.310078201180482e+10
 7.495617123207679e+09 7.642257703536596e+09 1.339062280478844e+10 1.368046359777206e+10 7.788898283865513e+09 7.935538864194429e+09 1.397030439075568e+10 1.426014518373930e+10 8.082179444523347e+09 8.228820024852262e+09
 1.454998597672291e+10 1.483982676970653e+10 8.375460605181181e+09 8.522101185510098e+09 1.512966756269015e+10 1.541950835567377e+10 8.668741765839014e+09 8.755614166152172e+09 1.570934914865738e+10 1.588046541687403e+10
 8.875567604764301e+09 1.611584588101705e+10 8.995521043376434e+09 1.635122634516007e+10 9.235427920600697e+09 1.682198727344611e+10 9.475334797824959e+09 1.729274820173215e+10 9.955148552273481e+09 1.823427005830422e+10
 1.009941684909397e+10 1.849990461373615e+10 1.001645668607532e+10 1.828286992690909e+10 1.045154779710036e+10 1.894525705754206e+10 1.059043636067708e+10 1.914346650641026e+10 1.143780212725778e+10 1.121878603306958e+10
 2.067301069315071e+10 1.989947410974226e+10 1.143196928431845e+10 1.159139957473624e+10 2.062728934583875e+10 2.065254458550347e+10 1.192114371729142e+10 1.167165912543403e+10 2.105970031018379e+10 2.066369891409589e+10
 1.199980030809712e+10 1.168650308514456e+10 2.142340693964510e+10 2.097664261025975e+10 1.208244876453367e+10 1.179358673095703e+10 2.129873432878022e+10 2.097353959773137e+10 1.207390060894306e+10 1.258938315763555e+10
 2.133059347675030e+10 2.200779320696448e+10 0.000000000000000e+00 0.000000000000000e+00 0.000000000000000e+00 0.000000000000000e+00 0.000000000000000e+00 0.000000000000000e+00 0.000000000000000e+00 0.000000000000000e+00
 0.000000000000000e+00 0.000000000000000e+00 0.000000000000000e+00 0.000000000000000e+00 0.000000000000000e+00 1.479970908581986e+10 0.000000000000000e+00 2.457579862965641e+10 1.509588217884781e+10 1.539205527187576e+10
 2.460456819750794e+10 2.463333776535947e+10 1.568822836490370e+10 1.598440145793165e+10 2.466210733321100e+10 2.469087690106253e+10 1.628057455095960e+10 1.657674764398754e+10 2.471964646891407e+10 2.474841603676559e+10
 1.687292073701549e+10 1.716909383004343e+10 2.477718560461713e+10 2.480595517246866e+10 1.746526692307138e+10 1.776144001609933e+10 2.483472474032019e+10 2.486349430817172e+10 1.805761310912727e+10 1.821761466513088e+10
 1.835378620215522e+10 2.489226387602325e+10 2.490780605635683e+10 2.492103344387478e+10 1.864995929518317e+10 1.894613238821111e+10 2.494980301172631e+10 2.497857257957784e+10 1.924230548123906e+10 1.953847857426700e+10
 2.500734214742937e+10 2.503611171528091e+10 1.983465166729495e+10 2.013082476032290e+10 2.506488128313244e+10 2.509365085098397e+10 2.042699785335084e+10 2.072317094637879e+10 2.512242041883550e+10 2.515118998668703e+10
 2.101934403940673e+10 2.131551713243468e+10 2.517995955453857e+10 2.520872912239009e+10 2.161169022546263e+10 2.178695430400881e+10 2.523749869024162e+10 2.525671846396944e+10 2.202866434806758e+10 2.528656319671370e+10
 2.227037439212636e+10 2.531640792945797e+10 2.275379448024391e+10 2.537609739494650e+10 2.323721456836147e+10 2.543578686043503e+10 2.420405474459657e+10 2.555516579141209e+10 2.445784356418186e+10 2.553068488623465e+10
 2.417597148706158e+10 2.532244968585152e+10 2.474706567768847e+10 2.516507301724426e+10 2.494426709714710e+10 2.524060857789130e+10 2.664262203395224e+10 2.566823886885683e+10 2.608103892457098e+10 2.561315699285523e+10
 2.664581057869674e+10 2.663433887678619e+10 2.631073415423010e+10 2.645743172909989e+10 2.714520939696222e+10 2.670832001859225e+10 2.712462347151275e+10 2.685810375475761e+10 2.765269656758105e+10 2.707123017661592e+10
 2.749335218829293e+10 2.677471382545406e+10 2.738384978957478e+10 2.714701075131669e+10 2.720662504346538e+10 2.730751847852397e+10 2.761109611727723e+10 2.826496907635550e+10 2.793921830324352e+10 2.819967658587073e+10
 0.000000000000000e+00 0.000000000000000e+00 0.000000000000000e+00 0.000000000000000e+00 0.000000000000000e+00 0.000000000000000e+00 0.000000000000000e+00 0.000000000000000e+00 0.000000000000000e+00 0.000000000000000e+00
 0.000000000000000e+00 0.000000000000000e+00 0.000000000000000e+00 0.000000000000000e+00 0.000000000000000e+00 0.000000000000000e+00 1.484173636151175e+06 1.131681732438572e+06 0.000000000000000e+00 0.000000000000000e+00
 0.000000000000000e+00 0.000000000000000e+00 6.625359950921470e+05 9.219826722756234e+05 0.000000000000000e+00 0.000000000000000e+00 0.000000000000000e+00 0.000000000000000e+00 0.000000000000000e+00 0.000000000000000e+00
 0.000000000000000e+00 0.000000000000000e+00 3.710434090377937e+06 2.829204331096429e+06 5.936694544604699e+06 4.526726929754287e+06 1.656339987730368e+06 2.304956680689059e+06 2.650143980368588e+06 3.687930689102494e+06
 2.288248071915069e+06 3.239803372896631e+06 4.576496143830137e+06 6.479606745793262e+06 1.632030623998397e+06 1.757669771634615e+06 3.264061247996795e+06 3.515339543269231e+06 5.938236230051410e+06 8.340380650707789e+06
 5.939777915498122e+06 1.215403437166129e+07 1.078785369090544e+07 1.392480033052887e+07 1.892556340144230e+07 2.416166997195525e+07 1.102822469075524e+07 1.082342216296073e+07 2.580691418770040e+07 1.737526166866988e+07
 7.829131736298932e+06 1.660387933193109e+07 1.826028195320855e+07 5.235415915464744e+07 1.516313789563300e+07 2.205749063084265e+07 4.283013446514422e+07 4.414055196647971e+07 3.238901278503937e+07 3.355569471153865e+07
 5.650394151475687e+07 4.126402964743607e+07 4.058560368464556e+07 2.392710117437902e+07 7.183186890691787e+07 6.891898975861375e+07 2.869143217011816e+07 8.810443897736380e+07 6.766024547922522e+07 1.275167326055021e+08
 7.049713103465544e+07 6.622361330211677e+07 1.243804168962006e+08 1.319306459084535e+08 8.061887024447437e+07 4.897236458333350e+07 1.534736328124999e+08 9.089324702857906e+07 1.113119219918537e+08 1.331309028821113e+08
 1.507919750767896e+08 1.973428160056088e+08 1.208978903344310e+08 1.687600331363515e+08 1.741355351896367e+08 2.100033336672009e+08 1.913718474037626e+08 2.194496641501401e+08 2.583632779113247e+08 3.069686823918267e+08
 2.506983122996793e+08 1.499204032284987e+08 3.479229917868589e+08 2.089475594284184e+08 3.002299384744762e+08 3.163707560221353e+08 4.496679018721627e+08 4.353986960386618e+08 3.478869895478598e+08 3.523464150974894e+08
 5.216384439060827e+08 4.946894965277779e+08 4.096361994295040e+08 4.032336823292266e+08 5.609091209476832e+08 4.994986822666264e+08 4.609478698730467e+08 3.436153366219280e+08 5.739727479592346e+08 4.782831138154377e+08
 6.187271825545880e+08 5.793423454610710e+08 8.270290978064909e+08 7.731174136952457e+08 6.831086137820510e+08 6.562410051916399e+08 8.200162146935098e+08 8.562093683226495e+08 7.238647506844287e+08 6.340102648612779e+08
 9.101857968583069e+08 8.450150127704326e+08 7.257817712506675e+08 6.438305359408385e+08 9.551590849525902e+08 8.711372479300215e+08 1.035331013058394e+09 9.668924819294206e+08 1.240457108456864e+09 1.208200682341747e+09
 9.569238156049688e+08 1.056177731453659e+09 1.179983430676583e+09 1.271154455462073e+09 1.096506843032185e+09 1.056019760679587e+09 1.266875629861945e+09 1.325348059812367e+09 1.184536398654513e+09 1.098443959919205e+09
 1.442420741624098e+09 1.393868289262821e+09 1.443995293928619e+09 1.473275448843149e+09 1.647533479400373e+09 1.738350215344551e+09 1.446119052828275e+09 1.493635359909188e+09 1.712254674979968e+09 1.716116264356303e+09
 1.429268287019647e+09 1.623838134556959e+09 1.591660944177349e+09 1.922328209301550e+09 1.714558599227513e+09 1.723351427283653e+09 1.986696456830928e+09 2.052834565304486e+09 1.944092940475594e+09 1.958652219175681e+09
 2.240652401550815e+09 2.178954223006811e+09 1.986162879200470e+09 2.002845210670406e+09 2.260071083420974e+09 2.289574156984509e+09 1.902353100377269e+09 2.182540725890593e+09 2.213045256577189e+09 2.442753242479634e+09
 2.191513164813702e+09 2.151802425130207e+09 2.396329872796475e+09 2.250770284955928e+09 2.455966498950404e+09 2.413865175739517e+09 2.508789868998731e+09 2.677994026275373e+09 2.492888963539580e+09 2.535052119850094e+09
 2.643526195454393e+09 2.698028115818643e+09 2.504530513874282e+09 2.610925934098724e+09 2.757601973365719e+09 2.595018975777911e+09 2.569023582367205e+09 2.390203566957130e+09 2.677471295113849e+09 2.610567693309293e+09
 2.561613239047058e+09 2.942122876811230e+09 2.770513971468933e+09 3.096844658536992e+09 2.794163427369207e+09 2.861004111787193e+09 2.954828425000834e+09 3.066611902377137e+09 3.010673432857156e+09 2.579112017457098e+09
 3.145900675142730e+09 2.731694745968548e+09 2.785919007860493e+09 2.830931819661456e+09 3.045792920130542e+09 3.103757747395831e+09 3.057453385077582e+09 3.196862905857706e+09 3.344392798686231e+09 3.296881153178420e+09
 3.120507305490868e+09 3.293535590277778e+09 3.286186185980902e+09 3.520459278178419e+09 3.222205808825372e+09 2.968522317896132e+09 3.298510942508014e+09 3.205349889823715e+09 3.381379932162292e+09 3.402814575821313e+09
 3.716966944194043e+09 3.701871404246794e+09 1.280205240898458e+10 1.286693986211271e+10 2.225971201928293e+10 2.243699857104701e+10 1.340644785396217e+10 1.305511435129541e+10 2.352670952194344e+10 2.258976942441239e+10
 1.294082859700521e+10 1.314501099446614e+10 2.258314625150240e+10 2.308467209910857e+10 1.362775546927167e+10 1.349955395507812e+10 2.353854399434929e+10 2.329723650590944e+10 2.849880799957014e+10 2.873437765008389e+10
 2.830077671983507e+10 2.848639746932592e+10 3.008789557244716e+10 2.895373728841145e+10 2.953093038799579e+10 2.897633073417467e+10 2.902768664822048e+10 2.967944121865819e+10 2.907667252938034e+10 2.958442636802217e+10
 2.998438798551641e+10 2.972340407610508e+10 2.950034290886251e+10 2.940654168502937e+10 0.000000000000000e+00 0.000000000000000e+00 0.000000000000000e+00 0.000000000000000e+00 1.998217356103101e+06 1.084355802617521e+06
 0.000000000000000e+00 0.000000000000000e+00 7.254069010416644e+05 0.000000000000000e+00 0.000000000000000e+00 1.081555488782054e+06 4.995543390257753e+06 2.710889506543803e+06 7.992869424412404e+06 4.337423210470085e+06
 1.813517252604161e+06 2.901627604166658e+06 2.703888721955136e+06 4.326221955128217e+06 8.888575053418808e+06 5.224043052216882e+06 9.784280682425210e+06 6.110662893963678e+06 5.692401436047658e+06 8.483175267928660e+06
 1.166808831630608e+07 1.900995467748394e+07 1.504559849926548e+07 1.364833897778112e+07 2.903814069177348e+07 3.448812754573985e+07 1.902378124791331e+07 4.506405152410526e+07 2.853327240251064e+07 4.241949285523503e+07
 4.303068288428148e+07 5.532791611369859e+07 1.132555636101094e+08 1.227569592806824e+08 7.110432180029720e+07 1.219641859475161e+08 5.630571330795940e+07 1.190881084735576e+08 2.115966136025974e+08 2.134806297471788e+08
 3.099376635950853e+08 3.042043002136752e+08 1.852338470302484e+08 2.485035081129807e+08 2.063185909955927e+08 2.935490735176279e+08 4.369096087072648e+08 4.535960676665999e+08 5.638815538194444e+08 6.029878351195245e+08
 3.404573798076921e+08 4.324112515024035e+08 4.386787384815701e+08 5.838084034455124e+08 7.148881074823884e+08 7.816204421866653e+08 9.139638782468615e+08 1.018734728482238e+09 5.939929920372591e+08 8.948304702524034e+08
 7.731052915915462e+08 1.050736626101763e+09 1.113039649011334e+09 1.255849014777811e+09 1.407184755713308e+09 1.504852387361445e+09 1.195667948467548e+09 1.454100573730469e+09 1.328367960611979e+09 1.562513239933894e+09
 1.748864530384031e+09 1.759800303089109e+09 2.090544305054755e+09 2.014748218816773e+09 1.691330772517278e+09 1.928560971304087e+09 1.774915491661658e+09 1.987317743389421e+09 2.236890193789229e+09 2.204762037896050e+09
 2.383236082523705e+09 2.394775856975327e+09 2.095168443728716e+09 2.261775916153345e+09 2.257439343574719e+09 2.527560943760016e+09 2.561769577261118e+09 2.597997715626252e+09 2.804678284004407e+09 2.827635653420473e+09
 2.530287376364682e+09 3.002606812149438e+09 2.836822980518832e+09 3.224365890424682e+09 3.047586990747696e+09 3.057273591214694e+09 3.312584559002738e+09 3.355804041675014e+09 3.474926247934194e+09 3.660932641048594e+09
 3.611908800330531e+09 3.849808760683763e+09 3.588626558013655e+09 3.688780748468383e+09 3.864668557024572e+09 4.021757455261752e+09 3.703782512827815e+09 3.746632384607037e+09 4.012887246260684e+09 4.175965731837605e+09
 1.399771700491620e+10 1.382202875434027e+10 2.413076545280783e+10 2.362230005341880e+10 1.369995448204106e+10 2.365327657947507e+10 1.414497676073384e+10 2.411398778963007e+10 3.087603681051140e+10 3.011475949508797e+10
 3.084575398783887e+10 2.999159522193843e+10 3.031558536627354e+10 3.039586753180088e+10 3.072670794521233e+10 3.062684635416666e+10 0.000000000000000e+00 0.000000000000000e+00 1.138006748297272e+06 0.000000000000000e+00
 0.000000000000000e+00 1.945271809895823e+06 0.000000000000000e+00 0.000000000000000e+00 3.121862427801123e+06 0.000000000000000e+00 0.000000000000000e+00 4.529186803051536e+06 0.000000000000000e+00 0.000000000000000e+00
 5.232848990676723e+06 0.000000000000000e+00 0.000000000000000e+00 5.584680084489355e+06 0.000000000000000e+00 0.000000000000000e+00 5.936511178301949e+06 0.000000000000000e+00 0.000000000000000e+00 0.000000000000000e+00
 0.000000000000000e+00 6.112426725208228e+06 6.016226417997975e+06 0.000000000000000e+00 0.000000000000000e+00 0.000000000000000e+00 0.000000000000000e+00 5.753733088827532e+06 5.491239759657089e+06 0.000000000000000e+00
 0.000000000000000e+00 0.000000000000000e+00 0.000000000000000e+00 5.228746430486646e+06 4.966253101316257e+06 0.000000000000000e+00 0.000000000000000e+00 0.000000000000000e+00 0.000000000000000e+00 4.703759772145869e+06
 4.441266442975426e+06 2.845016870743180e+06 4.552026993189089e+06 4.863179524739557e+06 7.781087239583291e+06 7.804656069502807e+06 1.248744971120449e+07 1.132296700762884e+07 1.811674721220614e+07 1.308212247669181e+07
 2.093139596270689e+07 1.396170021122339e+07 2.233872033795742e+07 1.484127794575487e+07 2.374604471320780e+07 1.528106681302057e+07 1.504056604499494e+07 2.444970690083291e+07 2.406490567199190e+07 1.438433272206883e+07
 1.372809939914272e+07 2.301493235531013e+07 2.196495903862835e+07 1.307186607621662e+07 1.241563275329064e+07 2.091498572194658e+07 1.986501240526503e+07 1.175939943036467e+07 1.110316610743857e+07 1.881503908858348e+07
 1.776506577190170e+07 1.404049745217346e+07 2.352896791115783e+07 1.880025697365779e+07 2.981942670773229e+07 1.986493622869506e+07 2.724242274618564e+07 2.053701831785022e+07 2.295728942349429e+07 2.087305936242779e+07
 2.081472276214868e+07 2.104107988471659e+07 1.974343943147576e+07 2.120910040700538e+07 1.867215610080295e+07 2.129311066814975e+07 2.096686573191588e+07 1.813651443546661e+07 1.786882579183986e+07 2.038990928617296e+07
 1.981295284043004e+07 1.776488621703579e+07 1.766094664223173e+07 1.923599639468712e+07 1.865903994894432e+07 1.755700706742765e+07 1.745306749262361e+07 1.808208350320152e+07 1.750512705745860e+07 1.734912791781956e+07
 1.724518834301549e+07 3.324626454410387e+07 4.342121352497329e+07 3.855852885450047e+07 4.273749582665599e+07 3.481454008705606e+07 4.277591907468616e+07 2.916006746210609e+07 4.292785936665331e+07 2.633283114963118e+07
 4.300382951263689e+07 2.491921299339358e+07 4.304181458562867e+07 2.350559483715612e+07 4.307979965862046e+07 2.279878575903747e+07 2.250241298545120e+07 4.309879219511636e+07 4.259925444643725e+07 2.245686239796826e+07
 2.241131181048531e+07 4.178283707903998e+07 4.096641971164270e+07 2.236576122300237e+07 2.232021063551943e+07 4.015000234424543e+07 3.933358497684833e+07 2.227466004803649e+07 2.222910946055355e+07 3.851716760945123e+07
 3.770075024205395e+07 5.359616250584271e+07 1.180364299545941e+08 4.691646279881151e+07 1.009868756677352e+08 5.073729806231627e+07 1.090991082346335e+08 5.669565127120054e+07 1.221776123568542e+08 5.967482787564260e+07
 1.287168644179643e+08 6.116441617786378e+07 1.319864904485198e+08 6.265400448008480e+07 1.352561164790748e+08 6.339879863119525e+07 6.269609590742331e+07 1.368909294943522e+08 1.362109935812666e+08 6.110881176011170e+07
 5.952152761280010e+07 1.341164888786250e+08 1.320219841759834e+08 5.793424346548850e+07 5.634695931817723e+07 1.299274794733419e+08 1.278329747707007e+08 5.475967517086595e+07 5.317239102355435e+07 1.257384700680596e+08
 1.236439653654180e+08 2.096093566372864e+08 3.011822833199788e+08 1.800030114850431e+08 2.590191473023509e+08 1.926611339992943e+08 2.762231597639551e+08 2.135166580330610e+08 3.048557037092679e+08 2.239444200499441e+08
 3.191719756819239e+08 2.291583010583862e+08 3.263301116682526e+08 2.343721820668277e+08 3.334882476545807e+08 2.369791225710482e+08 2.364349193615385e+08 3.370673156477442e+08 3.366588451418104e+08 2.339650172158591e+08
 2.314951150701797e+08 3.338135455530932e+08 3.309682459643760e+08 2.290252129245004e+08 2.265553107788215e+08 3.281229463756589e+08 3.252776467869423e+08 2.240854086331427e+08 2.216155064874633e+08 3.224323471982257e+08
 3.195870476095085e+08 4.468150101360095e+08 5.924477369520401e+08 4.010288824097729e+08 5.430386175171947e+08 4.026251797928768e+08 5.290271998217984e+08 4.115317342644063e+08 5.182077648195447e+08 4.159850115001709e+08
 5.127980473184180e+08 4.182116501180536e+08 5.100931885678543e+08 4.204382887359358e+08 5.073883298172910e+08 4.215516080448768e+08 4.214255808055910e+08 5.060359004420094e+08 5.061923164693717e+08 4.205421751201662e+08
 4.196587694347414e+08 5.072708046872392e+08 5.083492929051066e+08 4.187753637493165e+08 4.178919580638918e+08 5.094277811229741e+08 5.105062693408413e+08 4.170085523784671e+08 4.161251466930422e+08 5.115847575587084e+08
 5.126632457765759e+08 7.786472042246764e+08 1.045980152410523e+09 7.433760386409928e+08 1.060368831797543e+09 7.156543847630173e+08 1.022731899528830e+09 6.849219633966433e+08 9.717124980176620e+08 6.695557527134566e+08
 9.462027972620785e+08 6.618726473718626e+08 9.334479468842854e+08 6.541895420302691e+08 9.206930965064936e+08 6.503479893594730e+08 6.504389825413368e+08 9.143156713175986e+08 9.136455094296707e+08 6.529331981887165e+08
 6.554274138360964e+08 9.164631195590028e+08 9.192807296883348e+08 6.579216294834762e+08 6.604158451308554e+08 9.220983398176671e+08 9.249159499469986e+08 6.629100607782346e+08 6.654042764256144e+08 9.277335600763302e+08
 9.305511702056625e+08 1.313313100596371e+09 1.601898373856503e+09 1.377361624954093e+09 1.704800465327857e+09 1.329809414294644e+09 1.677328540821566e+09 1.258503032638681e+09 1.626297520720654e+09 1.222849841810700e+09
 1.600782010670198e+09 1.205023246396708e+09 1.588024255644969e+09 1.187196650982718e+09 1.575266500619741e+09 1.178283353275724e+09 1.176852036318004e+09 1.568887623107128e+09 1.565887194898360e+09 1.179993040929289e+09
 1.183134045540573e+09 1.564951374597500e+09 1.564015554296640e+09 1.186275050151858e+09 1.189416054763142e+09 1.563079733995780e+09 1.562143913694920e+09 1.192557059374426e+09 1.195698063985710e+09 1.561208093394060e+09
 1.560272273093199e+09 1.901109809653779e+09 2.200321245451055e+09 2.037462329310228e+09 2.370124193292599e+09 2.045068473229042e+09 2.412808405636518e+09 2.034593985533103e+09 2.442890450345552e+09 2.029356741685134e+09
 2.457931472700069e+09 2.026738119761149e+09 2.465451983877328e+09 2.024119497837164e+09 2.472972495054587e+09 2.022810186875172e+09 2.017836669324728e+09 2.476732750643216e+09 2.469786143751096e+09 2.010623914414674e+09
 2.003411159504621e+09 2.456296454231849e+09 2.442806764712601e+09 1.996198404594567e+09 1.988985649684514e+09 2.429317075193354e+09 2.415827385674109e+09 1.981772894774462e+09 1.974560139864408e+09 2.402337696154864e+09
 2.388848006635617e+09 2.370803499792375e+09 2.541285754133697e+09 2.561647112306772e+09 2.753170031320944e+09 2.605097406514485e+09 2.797386407392452e+09 2.633033816528319e+09 2.823177182711087e+09 2.647002021535237e+09
 2.836072570370404e+09 2.653986124038696e+09 2.842520264200064e+09 2.660970226542155e+09 2.848967958029722e+09 2.664462277793883e+09 2.664170070148859e+09 2.852191804944551e+09 2.858553996546623e+09 2.661565259844706e+09
 2.658960449540554e+09 2.866834065457564e+09 2.875114134368506e+09 2.656355639236401e+09 2.653750828932248e+09 2.883394203279448e+09 2.891674272190388e+09 2.651146018628096e+09 2.648541208323944e+09 2.899954341101328e+09
 2.908234410012269e+09 2.766446000449677e+09 3.100962230714977e+09 2.967363715434276e+09 3.226898929745925e+09 2.994030433980828e+09 3.199384511990018e+09 2.998669648364466e+09 3.144860312959068e+09 3.000989255556286e+09
 3.117598213443594e+09 3.002149059152195e+09 3.103967163685856e+09 3.003308862748105e+09 3.090336113928118e+09 3.003888764546060e+09 3.014296736353685e+09 3.083520589049251e+09 3.092757102979350e+09 3.030710750945002e+09
 3.047124765536318e+09 3.111803196181600e+09 3.130849289383849e+09 3.063538780127635e+09 3.079952794718947e+09 3.149895382586100e+09 3.168941475788346e+09 3.096366809310259e+09 3.112780823901576e+09 3.187987568990592e+09
 3.207033662192842e+09 3.435478460980277e+09 3.711040218881461e+09 3.486434144057575e+09 3.670648813413963e+09 3.404738589999209e+09 3.618578902102741e+09 3.291050977553671e+09 3.556994301663913e+09 3.234207171330903e+09
 3.526202001444500e+09 3.205785268219516e+09 3.510805851334792e+09 3.177363365108131e+09 3.495409701225085e+09 3.163152413552441e+09 3.171217469605013e+09 3.487711626170233e+09 3.493427978711250e+09 3.192895641418197e+09
 3.214573813231381e+09 3.507342037005302e+09 3.521256095299356e+09 3.236251985044566e+09 3.257930156857745e+09 3.535170153593409e+09 3.549084211887458e+09 3.279608328670924e+09 3.301286500484108e+09 3.562998270181508e+09
 3.576912328475562e+09 3.957124740600587e+09 4.203209262319713e+09 3.817203210292720e+09 3.963757607171477e+09 3.836662331253442e+09 4.054745760404143e+09 3.882813955531976e+09 4.208633609400038e+09 3.905889767671242e+09
 4.285577533897984e+09 3.917427673740876e+09 4.324049496146960e+09 3.928965579810509e+09 4.362521458395933e+09 3.934734532845325e+09 3.937513559057773e+09 4.381757439520418e+09 4.381599139404297e+09 3.938465407767663e+09
 3.939417256477551e+09 4.369588778530023e+09 4.357578417655747e+09 3.940369105187440e+09 3.941320953897329e+09 4.345568056781473e+09 4.333557695907201e+09 3.942272802607218e+09 3.943224651317108e+09 4.321547335032928e+09
 4.309536974158653e+09 1.440048024730194e+10 2.459775123228415e+10 1.421558602670523e+10 2.446741444623898e+10 1.420470807099954e+10 2.435467038159493e+10 1.421817911666479e+10 2.422772462392954e+10 1.422491463949742e+10
 2.416425174509685e+10 1.422828240091373e+10 2.413251530568050e+10 1.423165016233004e+10 2.410077886626414e+10 1.423333404303820e+10 1.424973997448652e+10 2.408491064655598e+10 2.411788080956874e+10 1.427514271472050e+10
 1.430054545495449e+10 2.418069665091099e+10 2.424351249225323e+10 1.432594819518848e+10 1.435135093542246e+10 2.430632833359548e+10 2.436914417493772e+10 1.437675367565644e+10 1.440215641589042e+10 2.443196001627995e+10
 2.449477585762220e+10 3.134899250910832e+10 3.120817436961639e+10 3.121882978859926e+10 3.096941897661258e+10 3.109324925401476e+10 3.100906125008347e+10 3.094960926440639e+10 3.109617217130742e+10 3.087778926960220e+10
 3.113972763191940e+10 3.084187927220010e+10 3.116150536222540e+10 3.080596927479801e+10 3.118328309253139e+10 3.078801427609697e+10 3.082736016809838e+10 3.119417195768438e+10 3.121951657352284e+10 3.090172327108465e+10
 3.097608637407092e+10 3.125369525922466e+10 3.128787394492647e+10 3.105044947705719e+10 3.112481258004344e+10 3.132205263062828e+10 3.135623131633009e+10 3.119917568302969e+10 3.127353878601596e+10 3.139041000203190e+10
 3.142458868773370e+10 0.000000000000000e+00 0.000000000000000e+00 0.000000000000000e+00 0.000000000000000e+00 4.178773113804983e+06 3.916279784634594e+06 0.000000000000000e+00 0.000000000000000e+00 0.000000000000000e+00
 0.000000000000000e+00 3.653786455464206e+06 3.391293126293763e+06 1.044693278451246e+07 9.790699461586485e+06 1.671509245521993e+07 1.566511913853838e+07 9.134466138660515e+06 8.478232815734407e+06 1.461514582185682e+07
 1.356517250517505e+07 0.000000000000000e+00 0.000000000000000e+00 0.000000000000000e+00 0.000000000000000e+00 0.000000000000000e+00 3.128799797123319e+06 3.089576655982933e+06 2.866306467952876e+06 7.821999492808299e+06
 7.723941639957334e+06 7.165766169882189e+06 1.251519918849328e+07 1.235830662393173e+07 1.146522587181151e+07 0.000000000000000e+00 0.000000000000000e+00 2.603813138782433e+06 0.000000000000000e+00 0.000000000000000e+00
 2.341319809612045e+06 6.509532846956083e+06 1.041525255512973e+07 5.853299524030112e+06 9.365279238448178e+06 1.692817061171567e+07 1.635121416597287e+07 1.714124876821142e+07 1.703730919340737e+07 1.577425772023007e+07
 1.519730127448715e+07 1.693336961860333e+07 1.682943004379926e+07 2.218355887307061e+07 2.213800828558768e+07 3.688433287465668e+07 3.606791550725958e+07 2.209245769810474e+07 2.204690711062179e+07 3.525149813986247e+07
 3.443508077246520e+07 1.462034482874423e+07 1.453413294604707e+07 1.404338838300131e+07 1.672549046899519e+07 1.670995926816240e+07 1.662155089419112e+07 2.200135652313885e+07 2.199455011351496e+07 2.195580593565590e+07
 3.361866340506792e+07 3.349667000534197e+07 3.280224603767064e+07 1.346643193725839e+07 1.651761131938705e+07 1.288947549151559e+07 1.641367174458300e+07 2.191025534817296e+07 3.198582867027337e+07 2.186470476069002e+07
 3.116941130287627e+07 0.000000000000000e+00 0.000000000000000e+00 2.078826480441656e+06 5.197066201104141e+06 8.315305921766625e+06 0.000000000000000e+00 0.000000000000000e+00 1.816333151271213e+06 4.540832878178032e+06
 7.265332605084851e+06 0.000000000000000e+00 0.000000000000000e+00 1.553839822100770e+06 3.884599555251924e+06 6.215359288403079e+06 0.000000000000000e+00 0.000000000000000e+00 1.291346492930326e+06 3.228366232325816e+06
 5.165385971721306e+06 1.231251904577279e+07 1.630973216977895e+07 1.173556260002987e+07 1.620579259497488e+07 2.181915417320709e+07 3.035299393547916e+07 2.177360358572414e+07 2.953657656808189e+07 1.115860615428695e+07
 1.610185302017081e+07 1.058164970854402e+07 1.599791344536674e+07 2.172805299824119e+07 2.872015920068461e+07 2.168250241075825e+07 2.790374183328734e+07 0.000000000000000e+00 0.000000000000000e+00 1.028853163759883e+06
 2.572132909399708e+06 4.115412655039533e+06 0.000000000000000e+00 0.000000000000000e+00 7.663598345894947e+05 1.915899586473737e+06 3.065439338357979e+06 1.000469326280110e+07 1.589397387056267e+07 9.427736817058302e+06
 1.579003429575862e+07 2.163695182327531e+07 2.708732446589006e+07 2.159140123579237e+07 2.627090709849296e+07 0.000000000000000e+00 0.000000000000000e+00 5.038665054191064e+05 1.259666263547766e+06 2.015466021676426e+06
 0.000000000000000e+00 0.000000000000000e+00 2.413731762486632e+05 6.034329406216579e+05 9.654927049946527e+05 8.850780371315502e+06 1.568609472095458e+07 8.273823925572581e+06 1.558215514615051e+07 2.154585064830944e+07
 2.545448973109586e+07 2.150030006082649e+07 2.463807236369858e+07 5.158510687624275e+07 4.999782272893148e+07 1.215494606627764e+08 1.194549559601353e+08 4.841053858162020e+07 4.682325443430860e+07 1.173604512574941e+08
 1.152659465548526e+08 2.191456043417839e+08 2.166757021961050e+08 3.167417480207914e+08 3.138964484320748e+08 2.142058000504262e+08 2.117358979047468e+08 3.110511488433582e+08 3.082058492546411e+08 4.523597028699700e+07
 4.499878989716897e+07 4.364868613968539e+07 1.131714418522110e+08 1.128584698851498e+08 1.110769371495694e+08 2.092659957590674e+08 2.088969299212075e+08 2.067960936133881e+08 3.053605496659239e+08 3.049353899572653e+08
 3.025152500772067e+08 4.206140199237379e+07 1.089824324469278e+08 4.047411784506251e+07 1.068879277442867e+08 2.043261914677087e+08 2.996699504884895e+08 2.018562893220298e+08 2.968246508997729e+08 3.888683369775124e+07
 1.047934230416455e+08 3.729954955043963e+07 1.026989183390040e+08 1.993863871763510e+08 2.939793513110564e+08 1.969164850306716e+08 2.911340517223392e+08 3.571226540312803e+07 1.006044136363624e+08 3.412498125581643e+07
 9.850990893372081e+07 1.944465828849922e+08 2.882887521336221e+08 1.919766807393128e+08 2.854434525449049e+08 3.253769710850482e+07 9.641540423107924e+07 3.095041296119355e+07 9.432089952843809e+07 1.895067785936335e+08
 2.825981529561877e+08 1.870368764479546e+08 2.797528533674712e+08 2.936312881388228e+07 9.222639482579696e+07 2.777584466657067e+07 9.013189012315537e+07 1.845669743022757e+08 2.769075537787545e+08 1.820970721565964e+08
 2.740622541900374e+08 4.152417410076174e+08 4.143583353221927e+08 5.137417339944433e+08 5.148202222123106e+08 4.134749296367680e+08 4.125915239513431e+08 5.158987104301777e+08 5.169771986480452e+08 6.678984920729940e+08
 6.703927077203733e+08 9.333687803349946e+08 9.361863904643261e+08 6.728869233677526e+08 6.753811390151322e+08 9.390040005936577e+08 9.418216107229898e+08 4.117081182659183e+08 4.115761151175215e+08 4.108247125804933e+08
 5.180556868659126e+08 5.182168402777777e+08 5.191341750837799e+08 6.778753546625121e+08 6.782480535523502e+08 6.803695703098917e+08 9.446392208523220e+08 9.450602430555552e+08 9.474568309816542e+08 4.099413068950685e+08
 5.202126633016473e+08 4.090579012096437e+08 5.212911515195146e+08 6.828637859572716e+08 9.502744411109862e+08 6.853580016046509e+08 9.530920512403178e+08 4.081744955242190e+08 5.223696397373818e+08 4.072910898387942e+08
 5.234481279552492e+08 6.878522172520299e+08 9.559096613696494e+08 6.903464328994098e+08 9.587272714989816e+08 4.064076841533693e+08 5.245266161731166e+08 4.055242784679444e+08 5.256051043909841e+08 6.928406485467895e+08
 9.615448816283138e+08 6.953348641941694e+08 9.643624917576458e+08 4.046408727825196e+08 5.266835926088514e+08 4.037574670970949e+08 5.277620808267186e+08 6.978290798415489e+08 9.671801018869779e+08 7.003232954889282e+08
 9.699977120163096e+08 4.028740614116702e+08 5.288405690445858e+08 4.019906557262453e+08 5.299190572624533e+08 7.028175111363076e+08 9.728153221456412e+08 7.053117267836874e+08 9.756329322749734e+08 0.000000000000000e+00
 0.000000000000000e+00 2.971094897672704e+04 7.427737244181760e+04 1.188437959069081e+05 7.806124450814077e+06 1.549340510572124e+07 2.143123153181155e+07 2.387014950026812e+07 0.000000000000000e+00 0.000000000000000e+00
 3.989756005441900e+05 9.974390013604750e+05 1.595902402176760e+06 8.587076073018884e+06 1.557824974386101e+07 2.109338652814557e+07 2.365644953931500e+07 0.000000000000000e+00 0.000000000000000e+00 1.137504903679193e+06
 2.843762259197983e+06 4.550019614716773e+06 1.014897931742866e+07 1.574793902014055e+07 2.041769652081353e+07 2.322904961740870e+07 0.000000000000000e+00 0.000000000000000e+00 1.876034206814196e+06 4.690085517035492e+06
 7.504136827256786e+06 1.171088256183844e+07 1.591762829642010e+07 1.974200651348151e+07 2.280164969550241e+07 0.000000000000000e+00 0.000000000000000e+00 2.614563509949199e+06 6.536408774872999e+06 1.045825403979680e+07
 1.327278580624822e+07 1.608731757269964e+07 1.906631650614947e+07 2.237424977359612e+07 2.630906746872469e+07 8.819537699088071e+07 1.798053822898865e+08 2.714153875888922e+08 2.621951255048443e+07 8.806448180565467e+07
 1.795504041828254e+08 2.710363265599960e+08 2.604040271400387e+07 8.780269143520258e+07 1.790404479687031e+08 2.702782045022036e+08 2.586129287752332e+07 8.754090106475049e+07 1.785304917545808e+08 2.695200824444111e+08
 2.568218304104276e+07 8.727911069429840e+07 1.780205355404585e+08 2.687619603866186e+08 4.011515320557814e+08 5.308876765226706e+08 4.008184885562995e+08 5.306006505526030e+08 7.075818607900897e+08 9.781921246585683e+08
 7.072910617567534e+08 9.777979713765985e+08 4.001524015573355e+08 5.300265986124674e+08 7.067094636900812e+08 9.770096648126587e+08 3.994863145583715e+08 5.294525466723320e+08 3.988202275594076e+08 5.288784947321965e+08
 7.061278656234089e+08 9.762213582487189e+08 7.055462675567366e+08 9.754330516847790e+08 0.000000000000000e+00 0.000000000000000e+00 3.353092813084203e+06 8.382732032710507e+06 1.341237125233681e+07 1.483468905065800e+07
 1.625700684897919e+07 1.839062649881744e+07 2.194684985168983e+07 0.000000000000000e+00 0.000000000000000e+00 4.091622116219206e+06 1.022905529054802e+07 1.636648846487682e+07 1.639659229506778e+07 1.642669612525873e+07
 1.771493649148541e+07 2.151944992978353e+07 2.550307320456221e+07 8.701732032384631e+07 1.775105793263363e+08 2.680038383288262e+08 2.532396336808166e+07 8.675552995339420e+07 1.770006231122140e+08 2.672457162710337e+08
 3.981541405604436e+08 5.283044427920611e+08 3.974880535614797e+08 5.277303908519257e+08 7.049646694900645e+08 9.746447451208394e+08 7.043830714233922e+08 9.738564385568995e+08 0.000000000000000e+00 0.000000000000000e+00
 4.830151419354287e+06 1.207537854838572e+07 1.932060567741715e+07 1.795849553947772e+07 1.659638540153829e+07 1.703924648415330e+07 2.109205000787719e+07 0.000000000000000e+00 0.000000000000000e+00 5.568680722489289e+06
 1.392170180622322e+07 2.227472288995716e+07 1.952039878388750e+07 1.676607467781784e+07 1.636355647682127e+07 2.066465008597090e+07 2.514485353160109e+07 8.649373958294208e+07 1.764906668980917e+08 2.664875942132412e+08
 2.496574369512054e+07 8.623194921248999e+07 1.759807106839694e+08 2.657294721554488e+08 3.968219665625157e+08 5.271563389117901e+08 3.961558795635517e+08 5.265822869716547e+08 7.038014733567197e+08 9.730681319929595e+08
 7.032198752900475e+08 9.722798254290197e+08 1.198839068596995e+09 1.201980073208279e+09 1.559336452792339e+09 1.558400632491479e+09 1.205121077819563e+09 1.208262082430847e+09 1.557464812190618e+09 1.556528991889758e+09
 1.967347384954354e+09 1.960134630044302e+09 2.375358317116369e+09 2.361868627597125e+09 1.952921875134249e+09 1.945709120224195e+09 2.348378938077880e+09 2.334889248558632e+09 1.211403087042132e+09 1.211872432558760e+09
 1.214544091653416e+09 1.555593171588898e+09 1.555453336371528e+09 1.554657351288037e+09 1.938496365314141e+09 1.937418597339077e+09 1.931283610404088e+09 2.321399559039385e+09 2.319383858306625e+09 2.307909869520138e+09
 1.217685096264701e+09 1.553721530987177e+09 1.220826100875985e+09 1.552785710686317e+09 1.924070855494033e+09 2.294420180000890e+09 1.916858100583981e+09 2.280930490481646e+09 1.223967105487269e+09 1.551849890385457e+09
 1.227108110098553e+09 1.550914070084596e+09 1.909645345673929e+09 2.267440800962401e+09 1.902432590763875e+09 2.253951111443153e+09 1.230249114709838e+09 1.549978249783736e+09 1.233390119321122e+09 1.549042429482875e+09
 1.895219835853821e+09 2.240461421923906e+09 1.888007080943767e+09 2.226971732404658e+09 1.236531123932407e+09 1.548106609182015e+09 1.239672128543691e+09 1.547170788881155e+09 1.880794326033713e+09 2.213482042885411e+09
 1.873581571123661e+09 2.199992353366166e+09 1.242813133154975e+09 1.546234968580295e+09 1.245954137766259e+09 1.545299148279435e+09 1.866368816213608e+09 2.186502663846921e+09 1.859156061303554e+09 2.173012974327674e+09
 2.645936398019791e+09 2.643331587715638e+09 2.916514478923211e+09 2.924794547834152e+09 2.640726777411486e+09 2.638121967107333e+09 2.933074616745091e+09 2.941354685656034e+09 3.129194838492892e+09 3.145608853084205e+09
 3.226079755395092e+09 3.245125848597338e+09 3.162022867675518e+09 3.178436882266833e+09 3.264171941799584e+09 3.283218035001834e+09 2.635517156803180e+09 2.635127932274973e+09 2.632912346499027e+09 2.949634754566975e+09
 2.950872006243321e+09 2.957914823477917e+09 3.194850896858150e+09 3.197303565705126e+09 3.211264911449466e+09 3.302264128204084e+09 3.305110096153844e+09 3.321310221406334e+09 2.630307536194874e+09 2.966194892388858e+09
 2.627702725890721e+09 2.974474961299798e+09 3.227678926040782e+09 3.340356314608584e+09 3.244092940632094e+09 3.359402407810830e+09 2.625097915586569e+09 2.982755030210738e+09 2.622493105282416e+09 2.991035099121680e+09
 3.260506955223407e+09 3.378448501013077e+09 3.276920969814723e+09 3.397494594215327e+09 2.619888294978264e+09 2.999315168032622e+09 2.617283484674111e+09 3.007595236943563e+09 3.293334984406039e+09 3.416540687417577e+09
 3.309748998997355e+09 3.435586780619827e+09 2.614678674369958e+09 3.015875305854506e+09 2.612073864065805e+09 3.024155374765445e+09 3.326163013588672e+09 3.454632873822077e+09 3.342577028179984e+09 3.473678967024323e+09
 2.609469053761653e+09 3.032435443676385e+09 2.606864243457500e+09 3.040715512587327e+09 3.358991042771297e+09 3.492725060226569e+09 3.375405057362614e+09 3.511771153428819e+09 1.248802388527047e+09 1.544886938446926e+09
 1.853708631392504e+09 2.162530324338083e+09 1.248304880996443e+09 1.550458848252712e+09 1.868436344327192e+09 2.186413840401673e+09 1.247309865935236e+09 1.561602667864285e+09 1.897891770196571e+09 2.234180872528857e+09
 1.246314850874029e+09 1.572746487475859e+09 1.927347196065950e+09 2.281947904656040e+09 1.245319835812821e+09 1.583890307087432e+09 1.956802621935328e+09 2.329714936783224e+09 2.606006329569940e+09 3.049482334801797e+09
 2.625112946157699e+09 3.063812051913725e+09 3.391326202081208e+09 3.529905793455728e+09 3.401614548254420e+09 3.537623825764452e+09 2.663326179333220e+09 3.092471486137585e+09 3.422191240600846e+09 3.553059890381902e+09
 2.701539412508742e+09 3.121130920361444e+09 2.739752645684263e+09 3.149790354585302e+09 3.442767932947271e+09 3.568495954999352e+09 3.463344625293697e+09 3.583932019616802e+09 1.244324820751614e+09 1.595034126699006e+09
 1.986258047804708e+09 2.377481968910408e+09 1.243329805690407e+09 1.606177946310580e+09 2.015713473674086e+09 2.425249001037592e+09 2.777965878859785e+09 3.178449788809162e+09 2.816179112035307e+09 3.207109223033021e+09
 3.483921317640123e+09 3.599368084234253e+09 3.504498009986549e+09 3.614804148851703e+09 1.242334790629200e+09 1.617321765922155e+09 2.045168899543468e+09 2.473016033164781e+09 1.241339775567992e+09 1.628465585533728e+09
 2.074624325412847e+09 2.520783065291965e+09 2.854392345210832e+09 3.235768657256884e+09 2.892605578386354e+09 3.264428091480743e+09 3.525074702332977e+09 3.630240213469154e+09 3.545651394679403e+09 3.645676278086605e+09
 3.322964672297292e+09 3.344642844110472e+09 3.590826386769614e+09 3.604740445063663e+09 3.366321015923651e+09 3.387999187736835e+09 3.618654503357714e+09 3.632568561651767e+09 3.944176500026996e+09 3.945128348736885e+09
 4.297526613284379e+09 4.285516252410107e+09 3.946080197446774e+09 3.947032046156663e+09 4.273505891535834e+09 4.261495530661560e+09 3.409677359550019e+09 3.412916626602562e+09 3.431355531363203e+09 3.646482619945819e+09
 3.648561732104699e+09 3.660396678239872e+09 3.947983894866552e+09 3.948126125133547e+09 3.948935743576441e+09 4.249485169787285e+09 4.247690518162395e+09 4.237474808913010e+09 3.453033703176387e+09 3.674310736533925e+09
 3.474711874989567e+09 3.688224794827975e+09 3.949887592286330e+09 4.225464448038735e+09 3.950839440996219e+09 4.213454087164463e+09 3.496390046802746e+09 3.702138853122025e+09 3.518068218615930e+09 3.716052911416078e+09
 3.951791289706108e+09 4.201443726290191e+09 3.952743138415997e+09 4.189433365415915e+09 3.539746390429114e+09 3.729966969710130e+09 3.561424562242299e+09 3.743881028004183e+09 3.953694987125886e+09 4.177423004541641e+09
 3.954646835835774e+09 4.165412643667366e+09 3.583102734055482e+09 3.757795086298236e+09 3.604780905868662e+09 3.771709144592285e+09 3.955598684545664e+09 4.153402282793091e+09 3.956550533255552e+09 4.141391921918819e+09
 3.626459077681841e+09 3.785623202886335e+09 3.648137249495025e+09 3.799537261180388e+09 3.957502381965441e+09 4.129381561044547e+09 3.958454230675330e+09 4.117371200170272e+09 3.668485384830247e+09 3.813200972868440e+09
 3.673633103274484e+09 3.824003580487895e+09 3.960984559238467e+09 4.108768145608497e+09 3.981554657552995e+09 4.139105734618096e+09 3.683928540162958e+09 3.845608795726808e+09 4.022694854182055e+09 4.199780912637300e+09
 3.694223977051433e+09 3.867214010965720e+09 3.704519413939907e+09 3.888819226204633e+09 4.063835050811113e+09 4.260456090656505e+09 4.104975247440172e+09 4.321131268675710e+09 3.714814850828382e+09 3.910424441443547e+09
 3.725110287716856e+09 3.932029656682460e+09 4.146115444069232e+09 4.381806446694915e+09 4.187255640698290e+09 4.442481624714119e+09 3.735405724605332e+09 3.953634871921376e+09 3.745701161493806e+09 3.975240087160289e+09
 4.228395837327353e+09 4.503156802733330e+09 4.269536033956411e+09 4.563831980752535e+09 1.442755915612441e+10 1.445296189635839e+10 2.455759169896444e+10 2.462040754030668e+10 1.447836463659237e+10 1.450376737682636e+10
 2.468322338164891e+10 2.474603922299116e+10 3.134790188900223e+10 3.142226499198848e+10 3.145876737343552e+10 3.149294605913733e+10 3.149662809497474e+10 3.157099119796101e+10 3.152712474483913e+10 3.156130343054095e+10
 1.452917011706034e+10 1.453296592881944e+10 1.455457285729433e+10 2.480885506433340e+10 2.481824133947649e+10 2.487167090567565e+10 3.164535430094727e+10 3.165646602897969e+10 3.171971740393354e+10 3.159548211624276e+10
 3.160058927617521e+10 3.162966080194457e+10 1.457997559752831e+10 2.493448674701789e+10 1.460537833776229e+10 2.499730258836013e+10 3.179408050691981e+10 3.166383948764639e+10 3.186844360990606e+10 3.169801817334819e+10
 1.463078107799628e+10 2.506011842970236e+10 1.465618381823026e+10 2.512293427104460e+10 3.194280671289231e+10 3.173219685905000e+10 3.201716981587858e+10 3.176637554475181e+10 1.468158655846425e+10 2.518575011238685e+10
 1.470698929869823e+10 2.524856595372910e+10 3.209153291886485e+10 3.180055423045362e+10 3.216589602185112e+10 3.183473291615543e+10 1.473239203893222e+10 2.531138179507135e+10 1.475779477916620e+10 2.537419763641357e+10
 3.224025912483739e+10 3.186891160185725e+10 3.231462222782364e+10 3.190309028755906e+10 1.478319751940018e+10 2.543701347775581e+10 1.480860025963416e+10 2.549982931909806e+10 3.238898533080989e+10 3.193726897326086e+10
 3.246334843379616e+10 3.197144765896267e+10 1.483275052628966e+10 2.555673290697081e+10 1.484258680919093e+10 2.554606788376376e+10 3.253015859634856e+10 3.200247090311947e+10 3.251064943965683e+10 3.199743195819040e+10
 1.486225937499348e+10 2.552473783734966e+10 3.247163112627339e+10 3.198735406833225e+10 1.488193194079603e+10 2.550340779093555e+10 1.490160450659858e+10 2.548207774452144e+10 3.243261281288995e+10 3.197727617847410e+10
 3.239359449950650e+10 3.196719828861595e+10 1.492127707240113e+10 2.546074769810734e+10 1.494094963820368e+10 2.543941765169323e+10 3.235457618612307e+10 3.195712039875781e+10 3.231555787273962e+10 3.194704250889966e+10
 1.496062220400623e+10 2.541808760527913e+10 1.498029476980878e+10 2.539675755886502e+10 3.227653955935617e+10 3.193696461904151e+10 3.223752124597273e+10 3.192688672918336e+10 0.000000000000000e+00 0.000000000000000e+00
 6.307210025624293e+06 1.576802506406073e+07 2.522884010249717e+07 2.108230202829728e+07 1.693576395409738e+07 1.568786646948924e+07 2.023725016406461e+07 0.000000000000000e+00 0.000000000000000e+00 7.045739328759373e+06
 1.761434832189843e+07 2.818295731503749e+07 2.264420527270722e+07 1.710545323037694e+07 1.501217646215714e+07 1.980985024215827e+07 2.478663385863998e+07 8.597015884203790e+07 1.754707544698471e+08 2.649713500976563e+08
 3.954897925645877e+08 5.260082350315192e+08 7.026382772233751e+08 9.714915188650799e+08 2.460752402215941e+07 8.570836847158578e+07 1.749607982557248e+08 2.642132280398638e+08 3.948237055656238e+08 5.254341830913837e+08
 7.020566791567029e+08 9.707032123011401e+08 0.000000000000000e+00 0.000000000000000e+00 7.784268631894376e+06 1.946067157973594e+07 3.113707452757750e+07 2.420610851711700e+07 1.727514250665649e+07 1.433648645482511e+07
 1.938245032025198e+07 0.000000000000000e+00 0.000000000000000e+00 8.522797935029378e+06 2.130699483757345e+07 3.409119174011751e+07 2.576801176152677e+07 1.744483178293603e+07 1.366079644749307e+07 1.895505039834569e+07
 2.442841418567885e+07 8.544657810113369e+07 1.744508420416025e+08 2.634551059820713e+08 3.941576185666598e+08 5.248601311512483e+08 7.014750810900304e+08 9.699149057372003e+08 2.424930434919830e+07 8.518478773068160e+07
 1.739408858274802e+08 2.626969839242788e+08 3.934915315676958e+08 5.242860792111127e+08 7.008934830233582e+08 9.691265991732605e+08 0.000000000000000e+00 0.000000000000000e+00 8.167067705464171e+06 2.041766926366043e+07
 3.266827082185668e+07 2.487981983739090e+07 1.709136885292511e+07 1.399113120380629e+07 2.026732022538142e+07 0.000000000000000e+00 0.000000000000000e+00 7.484692839272026e+06 1.871173209818007e+07 2.993877135708810e+07
 2.326025622115182e+07 1.658174108521553e+07 1.462177185971511e+07 2.209889445508641e+07 2.654350924695653e+07 8.717553270780118e+07 1.749854733882806e+08 2.627954140687600e+08 3.965325429476224e+08 5.302696718264847e+08
 7.082995043762727e+08 9.749147442679118e+08 2.957601705045771e+07 8.983867629613622e+07 1.764941038669683e+08 2.631495314378005e+08 4.006801508585610e+08 5.382107702793216e+08 7.180898897350340e+08 9.826660092606500e+08
 0.000000000000000e+00 0.000000000000000e+00 6.802317973079880e+06 1.700579493269970e+07 2.720927189231952e+07 2.164069260491274e+07 1.607211331750595e+07 1.525241251562392e+07 2.393046868479140e+07 0.000000000000000e+00
 0.000000000000000e+00 6.119943106887735e+06 1.529985776721934e+07 2.447977242755094e+07 2.002112898867366e+07 1.556248554979638e+07 1.588305317153274e+07 2.576204291449640e+07 3.260852485395888e+07 9.250181988447127e+07
 1.780027343456561e+08 2.635036488068409e+08 4.048277587694997e+08 5.461518687321585e+08 7.278802750937954e+08 9.904172742533883e+08 3.564103265746006e+07 9.516496347280629e+07 1.795113648243439e+08 2.638577661758814e+08
 4.089753666804384e+08 5.540929671849954e+08 7.376706604525568e+08 9.981685392461265e+08 1.240344760506785e+09 1.639609405145302e+09 2.104079751282226e+09 2.568550097419149e+09 2.930818811561875e+09 3.293087525704602e+09
 3.566228087025828e+09 3.661112342704055e+09 1.239349745445577e+09 1.650753224756877e+09 2.133535177151607e+09 2.616317129546338e+09 2.969032044737401e+09 3.321746959928464e+09 3.586804779372256e+09 3.676548407321507e+09
 1.238354730384370e+09 1.661897044368451e+09 2.162990603020986e+09 2.664084161673522e+09 3.007245277912923e+09 3.350406394152324e+09 3.607381471718682e+09 3.691984471938957e+09 1.237359715323163e+09 1.673040863980024e+09
 2.192446028890365e+09 2.711851193800705e+09 3.045458511088444e+09 3.379065828376183e+09 3.627958164065108e+09 3.707420536556407e+09 1.241529984159551e+09 1.672193556599413e+09 2.184881295313387e+09 2.697569034027360e+09
 3.021327089805277e+09 3.345085145583194e+09 3.593162535867936e+09 3.689878595166329e+09 1.247242128786266e+09 1.667766808325613e+09 2.166265767871824e+09 2.664764727418036e+09 2.978585323907577e+09 3.292405920397116e+09
 3.541837856762228e+09 3.662492472878481e+09 1.252954273412981e+09 1.663340060051812e+09 2.147650240430262e+09 2.631960420808712e+09 2.935843558009874e+09 3.239726695211038e+09 3.490513177656518e+09 3.635106350590633e+09
 1.258666418039696e+09 1.658913311778012e+09 2.129034712988700e+09 2.599156114199388e+09 2.893101792112174e+09 3.187047470024960e+09 3.439188498550810e+09 3.607720228302787e+09 3.755996598382281e+09 3.996845302399202e+09
 4.310676230585470e+09 4.624507158771740e+09 3.766292035270757e+09 4.018450517638118e+09 4.351816427214534e+09 4.685182336790951e+09 3.776587472159231e+09 4.040055732877031e+09 4.392956623843593e+09 4.745857514810155e+09
 3.786882909047705e+09 4.061660948115944e+09 4.434096820472651e+09 4.806532692829359e+09 3.786594654464722e+09 4.060873242956960e+09 4.423933096046122e+09 4.786992949135283e+09 3.783147088994736e+09 4.053401083947858e+09
 4.398454768319416e+09 4.743508452690973e+09 3.779699523524749e+09 4.045928924938756e+09 4.372976440592710e+09 4.700023956246663e+09 3.776251958054763e+09 4.038456765929654e+09 4.347498112866004e+09 4.656539459802353e+09
 1.499996733561133e+10 2.537542751245091e+10 1.501963990141388e+10 2.535409746603680e+10 3.219850293258928e+10 3.191680883932521e+10 3.215948461920583e+10 3.190673094946706e+10 1.503931246721643e+10 2.533276741962270e+10
 1.505898503301898e+10 2.531143737320860e+10 3.212046630582239e+10 3.189665305960892e+10 3.208144799243895e+10 3.188657516975077e+10 1.501840578527858e+10 2.524981862142188e+10 1.495984092155522e+10 2.517617339041947e+10
 3.202475932766516e+10 3.188675577410837e+10 3.196279593113305e+10 3.188999861554529e+10 1.490127605783186e+10 2.510252815941705e+10 1.484271119410849e+10 2.502888292841463e+10 3.190083253460094e+10 3.189324145698221e+10
 3.183886913806883e+10 3.189648429841914e+10 0.000000000000000e+00 0.000000000000000e+00 5.437568240695588e+06 1.359392060173897e+07 2.175027296278235e+07 1.840156537243458e+07 1.505285778208680e+07 1.651369382744156e+07
 2.759361714420140e+07 0.000000000000000e+00 0.000000000000000e+00 4.755193374503443e+06 1.188798343625861e+07 1.902077349801377e+07 1.678200175619550e+07 1.454323001437723e+07 1.714433448335038e+07 2.942519137390639e+07
 3.867354046096124e+07 9.782810706114134e+07 1.810199953030316e+08 2.642118835449218e+08 4.131229745913771e+08 5.620340656378324e+08 7.474610458113182e+08 1.005919804238865e+09 4.170604826446240e+07 1.004912506494764e+08
 1.825286257817193e+08 2.645660009139623e+08 4.172705825023158e+08 5.699751640906692e+08 7.572514311700795e+08 1.013671069231603e+09 0.000000000000000e+00 0.000000000000000e+00 4.072818508311227e+06 1.018204627077807e+07
 1.629127403324491e+07 1.516243813995625e+07 1.403360224666759e+07 1.777497513925926e+07 3.125676560361158e+07 0.000000000000000e+00 0.000000000000000e+00 3.390443642119081e+06 8.476109105297703e+06 1.356177456847632e+07
 1.354287452371717e+07 1.352397447895802e+07 1.840561579516808e+07 3.308833983331658e+07 4.473855606796390e+07 1.031543942378117e+08 1.840372562604072e+08 2.649201182830028e+08 4.214181904132549e+08 5.779162625435070e+08
 7.670418165288419e+08 1.021422334224342e+09 4.777106387146506e+07 1.058175378261467e+08 1.855458867390950e+08 2.652742356520432e+08 4.255657983241936e+08 5.858573609963439e+08 7.768322018876032e+08 1.029173599217080e+09
 1.264378562666412e+09 1.654486563504211e+09 2.110419185547137e+09 2.566351807590063e+09 2.850360026214473e+09 3.134368244838881e+09 3.387863819445101e+09 3.580334106014938e+09 1.270090707293127e+09 1.650059815230411e+09
 2.091803658105575e+09 2.533547500980739e+09 2.807618260316771e+09 3.081689019652803e+09 3.336539140339392e+09 3.552947983727091e+09 1.275802851919842e+09 1.645633066956610e+09 2.073188130664011e+09 2.500743194371411e+09
 2.764876494419065e+09 3.029009794466720e+09 3.285214461233678e+09 3.525561861439241e+09 1.281514996546557e+09 1.641206318682809e+09 2.054572603222448e+09 2.467938887762087e+09 2.722134728521365e+09 2.976330569280643e+09
 3.233889782127969e+09 3.498175739151393e+09 3.772804392584777e+09 4.030984606920553e+09 4.322019785139297e+09 4.613054963358043e+09 3.769356827114790e+09 4.023512447911450e+09 4.296541457412592e+09 4.569570466913733e+09
 3.765909261644804e+09 4.016040288902349e+09 4.271063129685883e+09 4.526085970469418e+09 3.762461696174817e+09 4.008568129893247e+09 4.245584801959177e+09 4.482601474025108e+09 1.478414633038513e+10 2.495523769741222e+10
 1.472558146666177e+10 2.488159246640981e+10 3.177690574153673e+10 3.189972713985606e+10 3.171494234500462e+10 3.190296998129298e+10 1.466701660293840e+10 2.480794723540739e+10 1.460845173921504e+10 2.473430200440497e+10
 3.165297894847250e+10 3.190621282272991e+10 3.159101555194040e+10 3.190945566416684e+10 0.000000000000000e+00 0.000000000000000e+00 2.708068775926935e+06 6.770171939817338e+06 1.083227510370774e+07 1.192331090747809e+07
 1.301434671124844e+07 1.903625645107690e+07 3.491991406302157e+07 0.000000000000000e+00 0.000000000000000e+00 2.025693909734718e+06 5.064234774336795e+06 8.102775638938872e+06 1.030374729123884e+07 1.250471894353881e+07
 1.966689710698579e+07 3.675148829272676e+07 5.080357167496625e+07 1.084806814144818e+08 1.870545172177827e+08 2.656283530210837e+08 4.297134062351323e+08 5.937984594491808e+08 7.866225872463646e+08 1.036924864209819e+09
 5.383607947846775e+07 1.111438250028171e+08 1.885631476964707e+08 2.659824703901242e+08 4.338610141460714e+08 6.017395579020185e+08 7.964129726051270e+08 1.044676129202558e+09 1.287227141173273e+09 1.636779570409009e+09
 2.035957075780886e+09 2.435134581152762e+09 2.679392962623663e+09 2.923651344094564e+09 3.182565103022260e+09 3.470789616863545e+09 1.292939285799989e+09 1.632352822135208e+09 2.017341548339321e+09 2.402330274543435e+09
 2.636651196725958e+09 2.870972118908481e+09 3.131240423916546e+09 3.443403494575695e+09 3.759014130704831e+09 4.001095970884144e+09 4.220106474232471e+09 4.439116977580797e+09 3.755566565234845e+09 3.993623811875041e+09
 4.194628146505762e+09 4.395632481136483e+09 1.454988687549168e+10 2.466065677340255e+10 1.449132201176830e+10 2.458701154240013e+10 3.152905215540829e+10 3.191269850560376e+10 3.146708875887618e+10 3.191594134704068e+10
 0.000000000000000e+00 0.000000000000000e+00 1.343319043542573e+06 3.358297608856433e+06 5.373276174170293e+06 8.684183674999764e+06 1.199509117582924e+07 2.029753776289460e+07 3.858306252243176e+07 0.000000000000000e+00
 6.609441773504274e+05 1.652360443376068e+06 2.643776709401709e+06 7.064620058760684e+06 1.148546340811966e+07 2.092817841880342e+07 4.041463675213675e+07 5.686858728196891e+07 1.138069685911521e+08 1.900717781751584e+08
 2.663365877591647e+08 4.380086220570101e+08 6.096806563548554e+08 8.062033579638882e+08 1.052427394195296e+09 5.990109508547009e+07 1.164701121794872e+08 1.915804086538461e+08 2.666907051282051e+08 4.421562299679487e+08
 6.176217548076924e+08 8.159937433226496e+08 1.060178659188034e+09 1.298651430426704e+09 1.627926073861407e+09 1.998726020897759e+09 2.369525967934111e+09 2.593909430828257e+09 2.818292893722403e+09 3.079915744810837e+09
 3.416017372287848e+09 1.304363575053419e+09 1.623499325587607e+09 1.980110493456197e+09 2.336721661324786e+09 2.551167664930555e+09 2.765613668536325e+09 3.028591065705128e+09 3.388631250000000e+09 3.752118999764858e+09
 3.986151652865940e+09 4.169149818779057e+09 4.352147984692173e+09 3.748671434294872e+09 3.978679493856837e+09 4.143671491052350e+09 4.308663488247863e+09 1.443275714804494e+10 2.451336631139771e+10 1.437419228432158e+10
 2.443972108039530e+10 3.140512536234407e+10 3.191918418847761e+10 3.134316196581197e+10 3.192242702991453e+10 0.000000000000000e+00 0.000000000000000e+00 0.000000000000000e+00 0.000000000000000e+00 0.000000000000000e+00
 0.000000000000000e+00 0.000000000000000e+00 0.000000000000000e+00 0.000000000000000e+00 0.000000000000000e+00 0.000000000000000e+00 0.000000000000000e+00 0.000000000000000e+00 3.435188817349295e+10 0.000000000000000e+00
 2.860626489928808e+10 3.411325421616807e+10 3.387462025884319e+10 2.836230008478898e+10 2.811833527028989e+10 3.363598630151830e+10 3.339735234419342e+10 2.787437045579079e+10 2.763040564129169e+10 3.315871838686853e+10
 3.292008442954365e+10 2.738644082679259e+10 2.714247601229350e+10 3.268145047221877e+10 3.244281651489388e+10 2.689851119779441e+10 2.665454638329531e+10 3.220418255756900e+10 3.196554860024412e+10 2.641058156879621e+10
 2.616661675429712e+10 3.172691464291923e+10 3.159799744758279e+10 3.148828068559435e+10 2.592265193979802e+10 2.579085485610310e+10 2.567868712529892e+10 3.124964672826946e+10 3.101101277094458e+10 2.543472231079982e+10
 2.519075749630072e+10 3.077237881361970e+10 3.053374485629481e+10 2.494679268180162e+10 2.470282786730252e+10 3.029511089896992e+10 3.005647694164504e+10 2.445886305280343e+10 2.421489823830433e+10 2.981784298432016e+10
 2.957920902699527e+10 2.397093342380524e+10 2.372696860930614e+10 2.934057506967039e+10 2.910194111234550e+10 2.348300379480704e+10 2.323903898030795e+10 2.886330715502062e+10 2.872648262393006e+10 2.299507416580885e+10
 2.285464048119569e+10 2.854446204535981e+10 2.266695112886673e+10 2.836244146678957e+10 2.247926177653777e+10 2.799840030964909e+10 2.210388307187985e+10 2.763435915250860e+10 2.172850436722193e+10 2.690627683822763e+10
 2.097774695790609e+10 2.660352620828743e+10 2.067239069386018e+10 2.646892788464146e+10 2.055480086231721e+10 2.558308035680005e+10 1.974480387818426e+10 2.553695005863549e+10 1.970676729809362e+10 2.551945581518973e+10
 2.555807511685363e+10 1.953419685507228e+10 1.973691034697182e+10 2.597565772976345e+10 2.628052458141360e+10 1.995141918548845e+10 2.033369390942174e+10 2.710403754606328e+10 2.700788749092298e+10 2.100294831709902e+10
 2.104632491653312e+10 2.733400780900482e+10 2.647819747429220e+10 2.113996385435447e+10 2.048742763838808e+10 2.702940029735598e+10 2.746802620573125e+10 2.095460289712498e+10 2.142142931805473e+10 2.826734048920982e+10
 2.813438409538595e+10 2.197102405776326e+10 2.175809285356570e+10 0.000000000000000e+00 0.000000000000000e+00 0.000000000000000e+00 0.000000000000000e+00 0.000000000000000e+00 0.000000000000000e+00 0.000000000000000e+00
 0.000000000000000e+00 0.000000000000000e+00 0.000000000000000e+00 0.000000000000000e+00 0.000000000000000e+00 0.000000000000000e+00 1.509978521606250e+10 0.000000000000000e+00 1.593305532836914e+09 1.498152587839029e+10
 1.486326654071808e+10 1.600751671991593e+09 1.608197811146271e+09 1.474500720304587e+10 1.462674786537366e+10 1.615643950300950e+09 1.623090089455629e+09 1.450848852770145e+10 1.439022919002924e+10 1.630536228610308e+09
 1.637982367764986e+09 1.427196985235703e+10 1.415371051468482e+10 1.645428506919665e+09 1.652874646074344e+09 1.403545117701261e+10 1.391719183934041e+10 1.660320785229023e+09 1.667766924383701e+09 1.379893250166820e+10
 1.373504527327057e+10 1.368067316399599e+10 1.675213063538380e+09 1.679235690438034e+09 1.682659202693059e+09 1.356241382632378e+10 1.344415448865157e+10 1.690105341847738e+09 1.697551481002416e+09 1.332589515097936e+10
 1.320763581330715e+10 1.704997620157095e+09 1.712443759311774e+09 1.308937647563494e+10 1.297111713796273e+10 1.719889898466453e+09 1.727336037621131e+09 1.285285780029052e+10 1.273459846261831e+10 1.734782176775810e+09
 1.742228315930489e+09 1.261633912494610e+10 1.249807978727390e+10 1.749674455085167e+09 1.757120594239846e+09 1.237982044960169e+10 1.231199518711383e+10 1.764566733394525e+09 1.769349893031976e+09 1.222173532980405e+10
 1.776519530741373e+09 1.213147547249427e+10 1.783689168450771e+09 1.195095575787471e+10 1.798028443869566e+09 1.177043604325515e+10 1.812367719288361e+09 1.140939661401602e+10 1.841046270125951e+09 1.123926676119291e+10
 1.806142828525641e+09 1.111037122943585e+10 1.665941596554487e+09 1.077838549048269e+10 1.811967102781116e+09 1.081332241690872e+10 1.919877535723825e+09 1.083709996958676e+10 1.103270413014991e+10 2.140003084101229e+09
 2.328497913327991e+09 1.108259958130926e+10 1.150190147527711e+10 2.213779977130075e+09 2.670109041132479e+09 1.186160743637737e+10 1.202908918686565e+10 2.720266555655716e+09 3.011853457198185e+09 1.192857011202299e+10
 1.164953106011285e+10 2.717176369691507e+09 2.811634481837607e+09 1.193101916983319e+10 1.227128012293629e+10 2.907435442541399e+09 3.121130927817842e+09 1.236248831761026e+10 1.222630223607772e+10 2.753952577457264e+09
 2.694511618589743e+09 0.000000000000000e+00 0.000000000000000e+00 0.000000000000000e+00 0.000000000000000e+00 0.000000000000000e+00 0.000000000000000e+00 0.000000000000000e+00 0.000000000000000e+00 0.000000000000000e+00
 0.000000000000000e+00 0.000000000000000e+00 0.000000000000000e+00 0.000000000000000e+00 1.544685620576907e+09 0.000000000000000e+00 1.496065708316901e+09 1.551787513696230e+09 1.558889406815553e+09 1.502823355400868e+09
 1.509581002484835e+09 1.565991299934876e+09 1.573093193054199e+09 1.516338649568802e+09 1.523096296652769e+09 1.580195086173522e+09 1.587296979292845e+09 1.529853943736737e+09 1.536611590820704e+09 1.594398872412168e+09
 1.601500765531491e+09 1.543369237904671e+09 1.550126884988638e+09 1.608602658650814e+09 1.615704551770137e+09 1.556884532072605e+09 1.563642179156572e+09 1.622806444889460e+09 1.626643099793002e+09 1.629908338008783e+09
 1.570399826240540e+09 1.574050509147970e+09 1.577157473324507e+09 1.637010231128106e+09 1.644112124247429e+09 1.583915120408474e+09 1.590672767492441e+09 1.651214017366752e+09 1.658315910486074e+09 1.597430414576408e+09
 1.604188061660375e+09 1.665417803605397e+09 1.672519696724720e+09 1.610945708744342e+09 1.617703355828310e+09 1.679621589844043e+09 1.686723482963366e+09 1.624461002912277e+09 1.631218649996244e+09 1.693825376082689e+09
 1.700927269202012e+09 1.637976297080211e+09 1.644733944164178e+09 1.708029162321335e+09 1.714177761615851e+09 1.651491591248145e+09 1.659005630199726e+09 1.725616995762556e+09 1.674714460783738e+09 1.737056229909261e+09
 1.690423291367751e+09 1.759934698202671e+09 1.721840952535776e+09 1.782813166496081e+09 1.753258613703801e+09 1.828570103082901e+09 1.816093936039851e+09 1.818266748672877e+09 1.830390668820112e+09 1.735593289106320e+09
 1.805244981658153e+09 1.901151682014139e+09 1.990336261247162e+09 1.949695213383080e+09 1.979512891042335e+09 2.046199517144097e+09 2.118108972272302e+09 1.952395950186966e+09 1.907720031216613e+09 2.163980612834702e+09
 2.450622863247863e+09 2.114181248539330e+09 2.231136685363248e+09 2.524054742379474e+09 2.833625342214210e+09 2.327842929103231e+09 2.655397227230235e+09 2.581436997164213e+09 2.767169023980035e+09 2.445697624636919e+09
 2.722703566122463e+09 2.780759252825354e+09 2.941725643112314e+09 2.654083063109308e+09 2.762320358406786e+09 2.720233204429170e+09 2.662980982071313e+09 2.686513831401075e+09 2.631450345552884e+09 0.000000000000000e+00
 0.000000000000000e+00 0.000000000000000e+00 0.000000000000000e+00 0.000000000000000e+00 0.000000000000000e+00 0.000000000000000e+00 0.000000000000000e+00 0.000000000000000e+00 0.000000000000000e+00 0.000000000000000e+00
 0.000000000000000e+00 0.000000000000000e+00 1.422436066515018e+09 0.000000000000000e+00 1.298786965629382e+09 1.431089064128582e+09 1.439742061742146e+09 1.313814506902450e+09 1.328842048175518e+09 1.448395059355711e+09
 1.457048056969275e+09 1.343869589448587e+09 1.358897130721655e+09 1.465701054582840e+09 1.474354052196405e+09 1.373924671994723e+09 1.388952213267791e+09 1.483007049809969e+09 1.491660047423534e+09 1.403979754540859e+09
 1.419007295813927e+09 1.500313045037098e+09 1.508966042650663e+09 1.434034837086995e+09 1.449062378360064e+09 1.517619040264227e+09 1.522293648170406e+09 1.526272037877792e+09 1.464089919633132e+09 1.472208246527778e+09
 1.479117460906200e+09 1.534925035491356e+09 1.543578033104921e+09 1.494145002179268e+09 1.509172543452336e+09 1.552231030718485e+09 1.560884028332050e+09 1.524200084725404e+09 1.539227625998472e+09 1.569537025945615e+09
 1.578190023559179e+09 1.554255167271541e+09 1.569282708544609e+09 1.586843021172743e+09 1.595496018786308e+09 1.584310249817677e+09 1.599337791090745e+09 1.604149016399873e+09 1.612802014013437e+09 1.614365332363813e+09
 1.629392873636882e+09 1.621455011627002e+09 1.629061144706530e+09 1.644420414909950e+09 1.649571951059195e+09 1.643331232784956e+09 1.650986618746244e+09 1.657601320863381e+09 1.652401286433293e+09 1.686141497020232e+09
 1.655230621807392e+09 1.714681673177083e+09 1.658059957181490e+09 1.771762025490785e+09 1.663718627929688e+09 1.796999683347522e+09 1.672578886635283e+09 1.812220587340787e+09 1.693844019285023e+09 1.982735021137987e+09
 1.781562142344418e+09 1.937433216688368e+09 1.751558838307959e+09 1.850608178919605e+09 1.758066264356303e+09 1.732851999031784e+09 1.729882845886752e+09 2.046836064578325e+09 2.051536060196314e+09 1.944399241286057e+09
 1.951706540464744e+09 2.140486747389573e+09 2.461064592410357e+09 1.970841828801082e+09 2.234522917918670e+09 2.301819590198484e+09 2.615845788365552e+09 2.141664231937767e+09 2.384203370809963e+09 2.495531509947165e+09
 2.544931610055257e+09 2.273229229892828e+09 2.251575934411727e+09 2.583342994050898e+09 2.515613883880876e+09 2.341269228056558e+09 2.231165771901709e+09 0.000000000000000e+00 0.000000000000000e+00 0.000000000000000e+00
 0.000000000000000e+00 0.000000000000000e+00 0.000000000000000e+00 0.000000000000000e+00 0.000000000000000e+00 0.000000000000000e+00 0.000000000000000e+00 0.000000000000000e+00 0.000000000000000e+00 0.000000000000000e+00
 1.175137864743746e+09 0.000000000000000e+00 1.057984272309654e+09 1.196539949676318e+09 1.217942034608890e+09 1.076479371480045e+09 1.094974470650436e+09 1.239344119541461e+09 1.260746204474033e+09 1.113469569820828e+09
 1.131964668991219e+09 1.282148289406605e+09 1.303550374339177e+09 1.150459768161611e+09 1.168954867332002e+09 1.324952459271749e+09 1.346354544204321e+09 1.187449966502393e+09 1.205945065672785e+09 1.367756629136892e+09
 1.389158714069464e+09 1.224440164843176e+09 1.242935264013568e+09 1.410560799002036e+09 1.422122844885150e+09 1.431962883934608e+09 1.261430363183959e+09 1.271421968482906e+09 1.279925462354351e+09 1.453364968867180e+09
 1.474767053799752e+09 1.298420561524742e+09 1.316915660695133e+09 1.496169138732323e+09 1.517571223664895e+09 1.335410759865524e+09 1.353905859035916e+09 1.538973308597467e+09 1.560375393530039e+09 1.372400958206307e+09
 1.390896057376698e+09 1.581777478462611e+09 1.603179563395182e+09 1.409391156547090e+09 1.427886255717481e+09 1.624581648327754e+09 1.645983733260326e+09 1.446381354887873e+09 1.464876454058264e+09 1.667385818192898e+09
 1.670082757411859e+09 1.483371553228656e+09 1.486535036657611e+09 1.658642004707532e+09 1.479063549348228e+09 1.647201252003205e+09 1.471592062038846e+09 1.624319746594551e+09 1.456649087420080e+09 1.601438241185897e+09
 1.441706112801316e+09 1.555675230368590e+09 1.411820163563785e+09 1.548158089923044e+09 1.408376453158387e+09 1.575467451229259e+09 1.430764368197449e+09 1.580389263550848e+09 1.398228373835637e+09 1.565684459927551e+09
 1.380854112830529e+09 1.615095819143964e+09 1.701699427417201e+09 1.425174119841747e+09 1.525565604967949e+09 1.841962417993790e+09 1.851877020733173e+09 1.687144128939636e+09 1.669189501535791e+09 1.801196910212590e+09
 2.007981243426984e+09 1.640414670451890e+09 1.840440649831397e+09 1.981508873677050e+09 2.152560953254374e+09 1.798133779150808e+09 1.955092630083133e+09 2.050926949838492e+09 1.958220258768197e+09 1.852300713506193e+09
 1.789552374006745e+09 2.099195462062217e+09 1.946717659922543e+09 1.918524485635350e+09 1.812775287126069e+09 0.000000000000000e+00 0.000000000000000e+00 0.000000000000000e+00 0.000000000000000e+00 0.000000000000000e+00
 0.000000000000000e+00 0.000000000000000e+00 0.000000000000000e+00 0.000000000000000e+00 0.000000000000000e+00 0.000000000000000e+00 0.000000000000000e+00 0.000000000000000e+00 9.440784341013330e+08 0.000000000000000e+00
 8.301725958930123e+08 9.550257827987019e+08 9.659731314960707e+08 8.335721941173587e+08 8.369717923417051e+08 9.769204801934396e+08 9.878678288908086e+08 8.403713905660515e+08 8.437709887903980e+08 9.988151775881777e+08
 1.009762526285546e+09 8.471705870147445e+08 8.505701852390908e+08 1.020709874982915e+09 1.031657223680285e+09 8.539697834634373e+08 8.573693816877838e+08 1.042604572377653e+09 1.053551921075022e+09 8.607689799121302e+08
 8.641685781364768e+08 1.064499269772391e+09 1.070413354700855e+09 1.075446618469760e+09 8.675681763608232e+08 8.694047409188035e+08 8.709677745851697e+08 1.086393967167129e+09 1.097341315864498e+09 8.743673728095162e+08
 8.777669710338626e+08 1.108288664561867e+09 1.119236013259236e+09 8.811665692582090e+08 8.845661674825554e+08 1.130183361956604e+09 1.141130710653974e+09 8.879657657069019e+08 8.913653639312484e+08 1.152078059351342e+09
 1.163025408048711e+09 8.947649621555948e+08 8.981645603799412e+08 1.173972756746080e+09 1.184920105443449e+09 9.015641586042877e+08 9.049637568286341e+08 1.195867454140818e+09 1.200958052349906e+09 9.083633550529807e+08
 9.153810680422008e+08 1.205868173328628e+09 9.326727973090278e+08 1.210778294307350e+09 9.499645265758548e+08 1.220598536264795e+09 9.845479851095085e+08 1.230418778222239e+09 1.019131443643162e+09 1.250059262137128e+09
 1.088298360710470e+09 1.260914396367522e+09 1.113452339576656e+09 1.272898027677618e+09 1.115031687157786e+09 1.225573478659606e+09 1.052918583483574e+09 1.196545781375200e+09 1.012237449919872e+09 1.199169660832332e+09
 1.275456580528846e+09 9.731652018229167e+08 1.025347556089744e+09 1.506135107004540e+09 1.445072982605502e+09 1.325126085069444e+09 1.220956463675214e+09 1.484063770105085e+09 1.702400596683861e+09 1.327712869758280e+09
 1.564360543536325e+09 1.603148816491804e+09 1.774711354104066e+09 1.408163853832799e+09 1.594330078125000e+09 1.665512499034914e+09 1.683228384686332e+09 1.478724284563635e+09 1.576904395365919e+09 1.768554903992221e+09
 1.754085783920940e+09 1.618585322349092e+09 1.695396280715812e+09 0.000000000000000e+00 0.000000000000000e+00 0.000000000000000e+00 0.000000000000000e+00 0.000000000000000e+00 0.000000000000000e+00 0.000000000000000e+00
 0.000000000000000e+00 0.000000000000000e+00 0.000000000000000e+00 0.000000000000000e+00 0.000000000000000e+00 0.000000000000000e+00 7.166597995008160e+08 0.000000000000000e+00 6.031470031086197e+08 7.204311958590125e+08
 7.242025922172090e+08 6.072901976006663e+08 6.114333920927129e+08 7.279739885754056e+08 7.317453849336021e+08 6.155765865847597e+08 6.197197810768062e+08 7.355167812917987e+08 7.392881776499952e+08 6.238629755688529e+08
 6.280061700608995e+08 7.430595740081918e+08 7.468309703663883e+08 6.321493645529462e+08 6.362925590449928e+08 7.506023667245848e+08 7.543737630827814e+08 6.404357535370394e+08 6.445789480290861e+08 7.581451594409779e+08
 7.601825804620726e+08 7.619165557991745e+08 6.487221425211328e+08 6.509604200053419e+08 6.528653370131794e+08 7.656879521573710e+08 7.694593485155675e+08 6.570085315052261e+08 6.611517259972727e+08 7.732307448737643e+08
 7.770021412319608e+08 6.652949204893193e+08 6.694381149813659e+08 7.807735375901573e+08 7.845449339483539e+08 6.735813094734126e+08 6.777245039654593e+08 7.883163303065504e+08 7.920877266647469e+08 6.818676984575059e+08
 6.860108929495525e+08 7.958591230229435e+08 7.996305193811400e+08 6.901540874415992e+08 6.942972819336458e+08 8.034019157393366e+08 8.102919926113553e+08 6.984404764256926e+08 7.052029171805096e+08 8.268789588178325e+08
 7.210851203266370e+08 8.434659250243098e+08 7.369673234727648e+08 8.766398574372642e+08 7.687317297650199e+08 9.098137898502188e+08 8.004961360572751e+08 9.761616546761277e+08 8.640249486417850e+08 9.844555700579262e+08
 8.554588005391963e+08 9.367693853655432e+08 7.585070835733006e+08 9.104328905936999e+08 7.679471977038262e+08 9.494116968399439e+08 8.865859437600158e+08 9.808111274914864e+08 9.154125885792267e+08 9.884570531600561e+08
 8.054776210687099e+08 1.097421323701255e+09 1.060197198851496e+09 8.697165623330660e+08 8.994379340277777e+08 1.183503369213659e+09 1.345916166407920e+09 1.039293868669037e+09 1.127471789279514e+09 1.218994990683010e+09
 1.338860780373598e+09 1.029826127533220e+09 1.083391482622195e+09 1.321919977250059e+09 1.385553905519665e+09 1.165115669936482e+09 1.194203415673411e+09 1.466001358945145e+09 1.512649142795139e+09 1.313417395541199e+09
 1.329902004874466e+09 0.000000000000000e+00 0.000000000000000e+00 0.000000000000000e+00 0.000000000000000e+00 0.000000000000000e+00 0.000000000000000e+00 0.000000000000000e+00 0.000000000000000e+00 0.000000000000000e+00
 0.000000000000000e+00 0.000000000000000e+00 0.000000000000000e+00 0.000000000000000e+00 5.000707466516740e+08 0.000000000000000e+00 4.178675700652294e+08 5.034825896385388e+08 5.068944326254038e+08 4.183417622688489e+08
 4.188159544724685e+08 5.103062756122687e+08 5.137181185991336e+08 4.192901466760880e+08 4.197643388797075e+08 5.171299615859986e+08 5.205418045728635e+08 4.202385310833271e+08 4.207127232869465e+08 5.239536475597284e+08
 5.273654905465932e+08 4.211869154905661e+08 4.216611076941857e+08 5.307773335334581e+08 5.341891765203232e+08 4.221352998978052e+08 4.226094921014248e+08 5.376010195071881e+08 5.394441990518162e+08 5.410128624940530e+08
 4.230836843050444e+08 4.233398571047008e+08 4.235578765086638e+08 5.444247054809179e+08 5.478365484677827e+08 4.240320687122834e+08 4.245062609159030e+08 5.512483914546478e+08 5.546602344415126e+08 4.249804531195225e+08
 4.254546453231420e+08 5.580720774283775e+08 5.614839204152424e+08 4.259288375267615e+08 4.264030297303811e+08 5.648957634021074e+08 5.683076063889723e+08 4.268772219340006e+08 4.273514141376202e+08 5.717194493758373e+08
 5.751312923627021e+08 4.278256063412397e+08 4.282997985448592e+08 5.785431353495671e+08 5.847235586508726e+08 4.287739907484788e+08 4.334636339236528e+08 5.995761275364802e+08 4.466368261483999e+08 6.144286964220878e+08
 4.598100183731470e+08 6.441338341933030e+08 4.861564028226413e+08 6.738389719645182e+08 5.125027872721354e+08 7.332492475069485e+08 5.651955561711237e+08 7.162867612137754e+08 5.567641822749733e+08 5.978062308808677e+08
 4.722282763880542e+08 6.294187033628806e+08 4.988046061197916e+08 7.784758263221153e+08 5.797969801682692e+08 9.194643575554221e+08 6.916154270791599e+08 6.971944194043804e+08 5.698987801315439e+08 6.869590377938033e+08
 7.451957027076654e+08 5.940959869123931e+08 6.039875383947649e+08 8.755194901738614e+08 9.295862270048745e+08 6.726153557775775e+08 7.728182944377670e+08 8.535398999858108e+08 8.507306667751738e+08 7.030189436431624e+08
 6.636868147369125e+08 9.849393050234542e+08 1.008661050806290e+09 7.580188249115249e+08 8.347349358974359e+08 1.142379083251953e+09 1.133115028211806e+09 9.344320731921074e+08 9.082483740651709e+08 2.810274544010000e+10
 2.823841728856796e+10 2.178266675900191e+10 2.192814323131594e+10 2.897396520354442e+10 2.899892417993790e+10 2.240741834142962e+10 2.264275646450988e+10 2.912565841054020e+10 2.948941151738615e+10 2.283382855141143e+10
 2.298069311627771e+10 2.901629783220862e+10 2.908967929395364e+10 2.254249102251102e+10 2.263200373764689e+10 1.240156437722231e+10 1.258672223581689e+10 3.020461995442707e+09 3.245301240317842e+09 1.283608064048310e+10
 1.309720816848625e+10 3.264742939536591e+09 3.551659872462607e+09 1.337159082213834e+10 1.326512293993306e+10 3.909353092865251e+09 3.549552763588409e+09 1.307380334629157e+10 1.310392159872462e+10 3.605115670072114e+09
 3.575839459802354e+09 2.908973435621995e+09 2.997566342919504e+09 2.797484875801283e+09 2.749831445521167e+09 3.145631315938835e+09 3.228572788127671e+09 3.026519692341079e+09 2.905485703792735e+09 3.524342620327941e+09
 3.394678663465713e+09 3.139332147790631e+09 3.239804563343016e+09 3.482328026248246e+09 3.380390227280316e+09 3.359540382424378e+09 3.184940994758279e+09 2.626320650332200e+09 2.545835559499365e+09 2.335805093566373e+09
 2.429317696230635e+09 2.866246650943593e+09 2.645501157685630e+09 2.623650773946648e+09 2.511721688034188e+09 2.859823015621870e+09 3.040928746097923e+09 2.791316564190205e+09 2.754049494608039e+09 3.176336811502570e+09
 3.009223749207063e+09 2.872301386384882e+09 2.872970477597488e+09 2.045289536800547e+09 2.312799832961905e+09 1.864909880600627e+09 2.117836064160990e+09 2.381054896949702e+09 2.377942218382746e+09 2.152074049103565e+09
 2.170940536942441e+09 2.722810112758539e+09 2.467170243118155e+09 2.431385731827174e+09 2.179955782376802e+09 2.568265961267194e+09 2.736717205987914e+09 2.346058225348057e+09 2.532787352847890e+09 1.739598174683661e+09
 1.883649342593983e+09 1.614286468766693e+09 1.649462621026977e+09 1.929900715832832e+09 1.927327749607706e+09 1.707727382562099e+09 1.683714962272970e+09 2.028502386145959e+09 1.892573717009715e+09 1.625619040464744e+09
 1.605191651642627e+09 2.164764334028194e+09 2.295019208942643e+09 1.983470442708332e+09 2.057251065037395e+09 1.409582731067625e+09 1.463370174049312e+09 1.204878993368557e+09 1.277277727071648e+09 1.493325749323918e+09
 1.445110932700655e+09 1.278924116085737e+09 1.206506903128339e+09 1.356500884540265e+09 1.388399858210636e+09 1.087382728615785e+09 1.171608064778646e+09 1.599262726612579e+09 1.634077087924013e+09 1.215055010516827e+09
 1.210903110810631e+09 1.022001174013840e+09 1.090156957903479e+09 8.827751913478240e+08 9.009795443543000e+08 1.067269519981971e+09 9.782703901241987e+08 8.611089981470350e+08 7.707689102564102e+08 8.742878595857537e+08
 9.685185829619061e+08 7.732395643446178e+08 7.928337243756680e+08 9.000809785239717e+08 8.862429808526975e+08 7.235743147369125e+08 7.586105452056625e+08 3.081547116516635e+10 2.986843094878889e+10 2.398389765405900e+10
 2.333633516626603e+10 3.047614969732823e+10 2.374154081499150e+10 3.052698476312098e+10 2.384336645007011e+10 1.375167879873423e+10 1.359977362905649e+10 3.519459943409454e+09 3.863212091846955e+09 1.359948640872271e+10
 3.457432002453926e+09 1.386786977601662e+10 3.892373101963138e+09 3.421494157683543e+09 3.724178477751903e+09 3.323528371957632e+09 3.585144863656850e+09 3.440619169577573e+09 3.423806336701222e+09 3.707687652744389e+09
 3.523002203525640e+09 3.205188983571631e+09 3.401899813555856e+09 3.046102389865451e+09 3.130231891442975e+09 3.323197984118339e+09 3.054998592122396e+09 3.316652496494392e+09 3.066974273838142e+09 2.887015796159271e+09
 2.858563969330095e+09 2.594470075871394e+09 2.564644524363982e+09 2.786799200126452e+09 2.631129356866820e+09 2.817296051181892e+09 2.570356663995727e+09 2.235194792292668e+09 2.259599317971254e+09 1.875919508713942e+09
 1.954554111578526e+09 2.531724287975345e+09 2.432319219083869e+09 2.324786694544605e+09 2.079216725093483e+09 1.624213360908703e+09 1.655738465294471e+09 1.372507213103465e+09 1.356922819010417e+09 1.960095869380593e+09
 1.487872519677318e+09 1.731824864366319e+09 1.384433003639156e+09 1.121434366235977e+09 1.079274123597757e+09 8.716281212439901e+08 8.439593299278847e+08 1.093093598351112e+09 8.532035337790467e+08 1.083407349884815e+09
 8.751141100761212e+08 3.106735623012445e+10 2.429908167109041e+10 3.072000816462590e+10 2.399797019648104e+10 3.092487324615217e+10 2.421008824259439e+10 3.124273507820847e+10 2.453046711957882e+10 3.140166599423661e+10
 2.469065655807104e+10 3.148113145225069e+10 2.477075127731715e+10 3.156059691026476e+10 2.485084599656325e+10 3.160032963927179e+10 3.161167297894731e+10 2.489089335618630e+10 2.489575855744191e+10 3.160566724736466e+10
 3.159966151578202e+10 2.487912355080629e+10 2.486248854417067e+10 3.159365578419939e+10 3.158765005261674e+10 2.484585353753506e+10 2.482921853089944e+10 3.158164432103410e+10 3.157563858945146e+10 2.481258352426383e+10
 2.479594851762820e+10 1.421707890228532e+10 4.135076133480235e+09 1.403961865025708e+10 4.081267104033120e+09 1.418000473922338e+10 4.149921235852362e+09 1.438878372818384e+10 4.247100336788861e+09 1.449317322266407e+10
 4.295689887257110e+09 1.454536796990419e+10 4.319984662491237e+09 1.459756271714431e+10 4.344279437725361e+09 1.462366009076436e+10 1.462580872247158e+10 4.356426825342422e+09 4.355858887501252e+09 1.461332201189873e+10
 1.460083530132587e+10 4.347520472991160e+09 4.339182058481069e+09 1.458834859075302e+10 1.457586188018016e+10 4.330843643970978e+09 4.322505229460887e+09 1.456337516960731e+10 1.455088845903446e+10 4.314166814950797e+09
 4.305828400440705e+09 3.852396763519548e+09 3.569717393558862e+09 3.835706337118557e+09 3.590145570203993e+09 3.860789652819511e+09 3.571658069786660e+09 3.895851633864182e+09 3.544602930939504e+09 3.913382624386518e+09
 3.531075361515926e+09 3.922148119647687e+09 3.524311576804137e+09 3.930913614908854e+09 3.517547792092348e+09 3.935296362539438e+09 3.934114355478532e+09 3.514165899736454e+09 3.512369823455811e+09 3.929531664995047e+09
 3.924948974511562e+09 3.511542856998932e+09 3.510715890542055e+09 3.920366284028077e+09 3.915783593544593e+09 3.509888924085177e+09 3.509061957628300e+09 3.911200903061110e+09 3.906618212577624e+09 3.508234991171422e+09
 3.507408024714543e+09 3.292859371035323e+09 3.027644043386084e+09 3.338151883430155e+09 3.073292356937767e+09 3.297236679416234e+09 3.052235674370661e+09 3.237347905189972e+09 3.018080233790732e+09 3.207403518076841e+09
 3.001002513500769e+09 3.192431324520275e+09 2.992463653355786e+09 3.177459130963709e+09 2.983924793210804e+09 3.169973034185428e+09 3.169122782415406e+09 2.979655363138314e+09 2.982870723339635e+09 3.172327769261548e+09
 3.175532756107689e+09 2.990660122041622e+09 2.998449520743608e+09 3.178737742953831e+09 3.181942729799973e+09 3.006238919445594e+09 3.014028318147579e+09 3.185147716646113e+09 3.188352703492254e+09 3.021817716849564e+09
 3.029607115551549e+09 2.762428715736845e+09 2.538374859201806e+09 2.808432830445378e+09 2.593525885687933e+09 2.807234669325087e+09 2.586324371859559e+09 2.798812562391493e+09 2.568741655920306e+09 2.794601508924696e+09
 2.559950297950680e+09 2.792495982191298e+09 2.555554618965866e+09 2.790390455457900e+09 2.551158939981053e+09 2.789337692091200e+09 2.796618664263864e+09 2.548961100488647e+09 2.556331806117652e+09 2.808992474821695e+09
 2.821366285379525e+09 2.569549955987523e+09 2.582768105857394e+09 2.833740095937356e+09 2.846113906495185e+09 2.595986255727265e+09 2.609204405597134e+09 2.858487717053013e+09 2.870861527610844e+09 2.622422555467002e+09
 2.635640705336873e+09 2.334901738223866e+09 2.131428617245926e+09 2.403595231797959e+09 2.213664577907985e+09 2.377459428184054e+09 2.168594484508549e+09 2.333269131913145e+09 2.097796607905983e+09 2.311173983777691e+09
 2.062397669604702e+09 2.300126409709963e+09 2.044698200454060e+09 2.289078835642236e+09 2.026998731303419e+09 2.283555048608373e+09 2.289027548436222e+09 2.018148996728099e+09 2.021723290754790e+09 2.301220001346230e+09
 2.313412454256238e+09 2.032890046704937e+09 2.044056802655082e+09 2.325604907166247e+09 2.337797360076253e+09 2.055223558605229e+09 2.066390314555373e+09 2.349989812986259e+09 2.362182265896267e+09 2.077557070505516e+09
 2.088723826455662e+09 1.779936438118698e+09 1.428444258991469e+09 1.858283727140507e+09 1.502902876373029e+09 1.822868128197826e+09 1.477141771887104e+09 1.765187083448101e+09 1.432577558990218e+09 1.736346561073239e+09
 1.410295452541776e+09 1.721926299885807e+09 1.399154399317554e+09 1.707506038698376e+09 1.388013346093333e+09 1.700295908104661e+09 1.701481059375991e+09 1.382442819481223e+09 1.381238827997191e+09 1.707796660675962e+09
 1.714112261975933e+09 1.382703274646987e+09 1.384167721296783e+09 1.720427863275904e+09 1.726743464575874e+09 1.385632167946579e+09 1.387096614596375e+09 1.733059065875844e+09 1.739374667175815e+09 1.388561061246171e+09
 1.390025507895967e+09 1.126440170835837e+09 9.234122646233974e+08 1.186435963166065e+09 9.477969250801280e+08 1.165266255148864e+09 9.210924175555897e+08 1.128822635435447e+09 8.827769136868993e+08 1.110600825578739e+09
 8.636191617525547e+08 1.101489920650384e+09 8.540402857853813e+08 1.092379015722030e+09 8.444614098182091e+08 1.087823563257854e+09 1.085928098199306e+09 8.396719718346235e+08 8.404803715632509e+08 1.085658180999756e+09
 1.085388263800205e+09 8.447096721160107e+08 8.489389726687704e+08 1.085118346600655e+09 1.084848429401104e+09 8.531682732215302e+08 8.573975737742891e+08 1.084578512201554e+09 1.084308595002003e+09 8.616268743270481e+08
 8.658561748798077e+08 3.156963285786882e+10 3.156362712628617e+10 2.477931351099259e+10 2.476267850435697e+10 3.155762139470353e+10 3.155161566312089e+10 2.474604349772136e+10 2.472940849108574e+10 1.453840174846160e+10
 1.452591503788875e+10 4.297489985930614e+09 4.289151571420524e+09 1.451342832731590e+10 1.450094161674304e+10 4.280813156910434e+09 4.272474742400342e+09 3.154560993153825e+10 3.154471252337073e+10 3.153960419995560e+10
 2.471277348445012e+10 2.471028779380342e+10 2.469613847781450e+10 1.448845490617019e+10 1.448658907585470e+10 1.447596819559733e+10 4.264136327890250e+09 4.262890357905984e+09 4.255797913380158e+09 3.153359846837296e+10
 2.467950347117889e+10 3.152759273679032e+10 2.466286846454327e+10 1.446348148502448e+10 4.247459498870066e+09 1.445099477445162e+10 4.239121084359976e+09 3.152158700520768e+10 2.464623345790765e+10 3.151558127362504e+10
 2.462959845127203e+10 1.443850806387877e+10 4.230782669849886e+09 1.442602135330591e+10 4.222444255339794e+09 3.150957554204240e+10 2.461296344463642e+10 3.150356981045975e+10 2.459632843800080e+10 1.441353464273306e+10
 4.214105840829702e+09 1.440104793216021e+10 4.205767426319611e+09 3.149756407887711e+10 2.457969343136518e+10 3.149155834729447e+10 2.456305842472956e+10 1.438856122158735e+10 4.197429011809519e+09 1.437607451101450e+10
 4.189090597299428e+09 3.148555261571183e+10 2.454642341809395e+10 3.147954688412919e+10 2.452978841145834e+10 1.436358780044164e+10 4.180752182789339e+09 1.435110108986879e+10 4.172413768279247e+09 3.902035522094140e+09
 3.897452831610655e+09 3.506581058257666e+09 3.505754091800788e+09 3.892870141127172e+09 3.888287450643687e+09 3.504927125343910e+09 3.504100158887033e+09 3.191557690338397e+09 3.194762677184537e+09 3.037396514253535e+09
 3.045185912955520e+09 3.197967664030678e+09 3.201172650876819e+09 3.052975311657505e+09 3.060764710359491e+09 3.883704760160202e+09 3.883019990317842e+09 3.879122069676717e+09 3.503273192430154e+09 3.503149622729701e+09
 3.502446225973276e+09 3.204377637722961e+09 3.204856543803418e+09 3.207582624569103e+09 3.068554109061478e+09 3.069718042200854e+09 3.076343507763463e+09 3.874539379193233e+09 3.501619259516398e+09 3.869956688709748e+09
 3.500792293059520e+09 3.210787611415244e+09 3.084132906465450e+09 3.213992598261385e+09 3.091922305167435e+09 3.865373998226264e+09 3.499965326602643e+09 3.860791307742779e+09 3.499138360145764e+09 3.217197585107526e+09
 3.099711703869419e+09 3.220402571953668e+09 3.107501102571405e+09 3.856208617259295e+09 3.498311393688887e+09 3.851625926775809e+09 3.497484427232009e+09 3.223607558799809e+09 3.115290501273392e+09 3.226812545645950e+09
 3.123079899975378e+09 3.847043236292324e+09 3.496657460775131e+09 3.842460545808841e+09 3.495830494318253e+09 3.230017532492092e+09 3.130869298677364e+09 3.233222519338233e+09 3.138658697379349e+09 3.837877855325356e+09
 3.495003527861375e+09 3.833295164841872e+09 3.494176561404497e+09 3.236427506184374e+09 3.146448096081333e+09 3.239632493030516e+09 3.154237494783320e+09 3.147478320989038e+10 2.451541364027496e+10 1.434020313246637e+10
 4.164992624657786e+09 3.148421447672395e+10 2.452687013140295e+10 1.434746235415467e+10 4.168054576906384e+09 3.150307701039110e+10 2.454978311365894e+10 1.436198079753126e+10 4.174178481403579e+09 3.152193954405825e+10
 2.457269609591492e+10 1.437649924090785e+10 4.180302385900774e+09 3.154080207772540e+10 2.459560907817090e+10 1.439101768428444e+10 4.186426290397969e+09 3.829541462339091e+09 3.494090300020398e+09 3.835261908187213e+09
 3.502469239468044e+09 3.243081322140164e+09 3.160956713136852e+09 3.249316919975606e+09 3.155445298936632e+09 3.846702799883459e+09 3.519227118363339e+09 3.261788115646492e+09 3.144422470536191e+09 3.858143691579704e+09
 3.535984997258634e+09 3.869584583275949e+09 3.552742876153928e+09 3.274259311317378e+09 3.133399642135751e+09 3.286730506988264e+09 3.122376813735310e+09 3.155966461139255e+10 2.461852206042689e+10 1.440553612766103e+10
 4.192550194895165e+09 3.157852714505970e+10 2.464143504268287e+10 1.442005457103762e+10 4.198674099392361e+09 3.881025474972194e+09 3.569500755049223e+09 3.892466366668439e+09 3.586258633944517e+09 3.299201702659150e+09
 3.111353985334870e+09 3.311672898330035e+09 3.100331156934430e+09 3.159738967872684e+10 2.466434802493886e+10 1.443457301441421e+10 4.204798003889556e+09 3.161625221239400e+10 2.468726100719484e+10 1.444909145779080e+10
 4.210921908386752e+09 3.903907258364686e+09 3.603016512839814e+09 3.915348150060930e+09 3.619774391735109e+09 3.324144094000922e+09 3.089308328533988e+09 3.336615289671808e+09 3.078285500133548e+09 2.883235338168675e+09
 2.895609148726504e+09 2.648858855206744e+09 2.662077005076612e+09 2.907982959284332e+09 2.920356769842163e+09 2.675295154946480e+09 2.688513304816351e+09 2.374374718806276e+09 2.386567171716282e+09 2.099890582405808e+09
 2.111057338355952e+09 2.398759624626288e+09 2.410952077536297e+09 2.122224094306096e+09 2.133390850256242e+09 2.932730580399994e+09 2.934579540598289e+09 2.945104390957825e+09 2.701731454686222e+09 2.703706580528845e+09
 2.714949604556092e+09 2.423144530446305e+09 2.424966391225960e+09 2.435336983356313e+09 2.144557606206388e+09 2.146226201923076e+09 2.155724362156534e+09 2.957478201515656e+09 2.728167754425963e+09 2.969852012073484e+09
 2.741385904295832e+09 2.447529436266322e+09 2.166891118106680e+09 2.459721889176328e+09 2.178057874056824e+09 2.982225822631312e+09 2.754604054165700e+09 2.994599633189144e+09 2.767822204035571e+09 2.471914342086334e+09
 2.189224630006968e+09 2.484106794996342e+09 2.200391385957114e+09 3.006973443746974e+09 2.781040353905442e+09 3.019347254304806e+09 2.794258503775313e+09 2.496299247906351e+09 2.211558141907260e+09 2.508491700816360e+09
 2.222724897857406e+09 3.031721064862637e+09 2.807476653645184e+09 3.044094875420465e+09 2.820694803515052e+09 2.520684153726368e+09 2.233891653807552e+09 2.532876606636374e+09 2.245058409757696e+09 3.056468685978293e+09
 2.833912953384920e+09 3.068842496536124e+09 2.847131103254791e+09 2.545069059546380e+09 2.256225165707840e+09 2.557261512456388e+09 2.267391921657986e+09 3.078832104133539e+09 2.858053750858143e+09 3.061573677897658e+09
 2.842742086844160e+09 2.567948525446704e+09 2.277843300035264e+09 2.561430510783400e+09 2.280118934722640e+09 3.027056825425891e+09 2.812118758816190e+09 2.548394481456789e+09 2.284670204097389e+09 2.992539972954124e+09
 2.781495430788221e+09 2.958023120482357e+09 2.750872102760252e+09 2.535358452130180e+09 2.289221473472138e+09 2.522322422803570e+09 2.293772742846888e+09 2.923506268010592e+09 2.720248774732283e+09 2.888989415538825e+09
 2.689625446704314e+09 2.509286393476960e+09 2.298324012221638e+09 2.496250364150350e+09 2.302875281596387e+09 2.854472563067054e+09 2.659002118676341e+09 2.819955710595287e+09 2.628378790648372e+09 2.483214334823739e+09
 2.307426550971137e+09 2.470178305497129e+09 2.311977820345886e+09 1.745690268475786e+09 1.752005869775755e+09 1.391489954545763e+09 1.392954401195559e+09 1.758321471075725e+09 1.764637072375696e+09 1.394418847845354e+09
 1.395883294495151e+09 1.084038677802453e+09 1.083768760602902e+09 8.700854754325675e+08 8.743147759853264e+08 1.083498843403352e+09 1.083228926203801e+09 8.785440765380852e+08 8.827733770908449e+08 1.770952673675668e+09
 1.771896384214743e+09 1.777268274975638e+09 1.397347741144947e+09 1.397566566506410e+09 1.398812187794742e+09 1.082959009004251e+09 1.082918676549145e+09 1.082689091804700e+09 8.870026776436046e+08 8.876346420940166e+08
 8.912319781963645e+08 1.783583876275609e+09 1.400276634444539e+09 1.789899477575579e+09 1.401741081094334e+09 1.082419174605150e+09 8.954612787491241e+08 1.082149257405599e+09 8.996905793018830e+08 1.796215078875549e+09
 1.403205527744130e+09 1.802530680175520e+09 1.404669974393926e+09 1.081879340206048e+09 9.039198798546419e+08 1.081609423006498e+09 9.081491804074016e+08 1.808846281475491e+09 1.406134421043722e+09 1.815161882775462e+09
 1.407598867693518e+09 1.081339505806947e+09 9.123784809601614e+08 1.081069588607397e+09 9.166077815129211e+08 1.821477484075433e+09 1.409063314343314e+09 1.827793085375403e+09 1.410527760993110e+09 1.080799671407846e+09
 9.208370820656809e+08 1.080529754208296e+09 9.250663826184398e+08 1.834108686675373e+09 1.411992207642906e+09 1.840424287975344e+09 1.413456654292702e+09 1.080259837008745e+09 9.292956831711986e+08 1.079989919809195e+09
 9.335249837239583e+08 1.846168108635275e+09 1.414492917235284e+09 1.845377293409038e+09 1.410635652095436e+09 1.079255796191223e+09 9.368948158590198e+08 1.073216456362733e+09 9.304421517918257e+08 1.843795662956564e+09
 1.402921121815739e+09 1.061137776705750e+09 9.175368236574358e+08 1.842214032504090e+09 1.395206591536041e+09 1.840632402051616e+09 1.387492061256344e+09 1.049059097048768e+09 9.046314955230459e+08 1.036980417391786e+09
 8.917261673886559e+08 1.839050771599142e+09 1.379777530976647e+09 1.837469141146668e+09 1.372063000696949e+09 1.024901737734804e+09 8.788208392542664e+08 1.012823058077822e+09 8.659155111198765e+08 1.835887510694194e+09
 1.364348470417251e+09 1.834305880241720e+09 1.356633940137554e+09 1.000744378420838e+09 8.530101829854853e+08 9.886656987638561e+08 8.401048548510956e+08 3.163511474606114e+10 2.471017398945082e+10 1.446360990116739e+10
 4.217045812883947e+09 3.926789041757175e+09 3.636532270630404e+09 3.349086485342693e+09 3.067262671733107e+09 3.165397727972829e+10 2.473308697170682e+10 1.447812834454398e+10 4.223169717381143e+09 3.938229933453422e+09
 3.653290149525701e+09 3.361557681013581e+09 3.056239843332665e+09 3.167283981339544e+10 2.475599995396280e+10 1.449264678792057e+10 4.229293621878338e+09 3.949670825149667e+09 3.670048028420995e+09 3.374028876684466e+09
 3.045217014932225e+09 3.169170234706259e+10 2.477891293621878e+10 1.450716523129716e+10 4.235417526375534e+09 3.961111716845912e+09 3.686805907316289e+09 3.386500072355351e+09 3.034194186531785e+09 3.174875222055158e+10
 2.483978516400981e+10 1.454533635597555e+10 4.250887547941289e+09 3.970155107902462e+09 3.689422667863633e+09 3.383136891317775e+09 3.025744441757854e+09 3.181720129995753e+10 2.491198850987100e+10 1.459056798253507e+10
 4.269147455199151e+09 3.978482827126266e+09 3.687818199053381e+09 3.375047030665732e+09 3.018062781648554e+09 3.188565037936348e+10 2.498419185573219e+10 1.463579960909460e+10 4.287407362457013e+09 3.986810546350071e+09
 3.686213730243128e+09 3.366957170013689e+09 3.010381121539255e+09 3.195409945876944e+10 2.505639520159337e+10 1.468103123565413e+10 4.305667269714875e+09 3.995138265573876e+09 3.684609261432876e+09 3.358867309361646e+09
 3.002699461429955e+09 2.785438858123520e+09 2.597755462620403e+09 2.457142276170519e+09 2.316529089720636e+09 2.750922005651751e+09 2.567132134592431e+09 2.444106246843908e+09 2.321080359095386e+09 2.716405153179983e+09
 2.536508806564461e+09 2.431070217517299e+09 2.325631628470136e+09 2.681888300708217e+09 2.505885478536492e+09 2.418034188190688e+09 2.330182897844885e+09 2.668351992197934e+09 2.493245596672123e+09 2.409282228163369e+09
 2.325318859654614e+09 2.661078532631377e+09 2.485973907692412e+09 2.401809094792554e+09 2.317644281892695e+09 2.653805073064821e+09 2.478702218712701e+09 2.394335961421739e+09 2.309969704130776e+09 2.646531613498265e+09
 2.471430529732990e+09 2.386862828050923e+09 2.302295126368857e+09 1.832724249789246e+09 1.348919409857856e+09 1.831142619336772e+09 1.341204879578158e+09 9.765870191068738e+08 8.271995267167058e+08 9.645083394498904e+08
 8.142941985823145e+08 1.829560988884298e+09 1.333490349298461e+09 1.827979358431824e+09 1.325775819018763e+09 9.524296597929080e+08 8.013888704479247e+08 9.403509801359258e+08 7.884835423135350e+08 1.831023442612346e+09
 1.336728025570078e+09 1.835448337131076e+09 1.353252392369457e+09 9.546223197741381e+08 7.968960364708531e+08 9.767593368139014e+08 8.116720596704721e+08 1.839873231649806e+09 1.369776759168836e+09 1.844298126168536e+09
 1.386301125968215e+09 9.988963538536645e+08 8.264480828700913e+08 1.021033370893428e+09 8.412241060697105e+08 3.202254853817540e+10 2.512859854745457e+10 1.472626286221365e+10 4.323927176972738e+09 4.003465984797680e+09
 3.683004792622623e+09 3.350777448709603e+09 2.995017801320655e+09 3.209099761758135e+10 2.520080189331575e+10 1.477149448877318e+10 4.342187084230600e+09 4.011793704021485e+09 3.681400323812370e+09 3.342687588057560e+09
 2.987336141211356e+09 3.215944669698731e+10 2.527300523917695e+10 1.481672611533271e+10 4.360446991488464e+09 4.020121423245291e+09 3.679795855002118e+09 3.334597727405516e+09 2.979654481102056e+09 3.222789577639326e+10
 2.534520858503814e+10 1.486195774189223e+10 4.378706898746326e+09 4.028449142469096e+09 3.678191386191866e+09 3.326507866753472e+09 2.971972820992755e+09 2.639258153931708e+09 2.464158840753279e+09 2.379389694680109e+09
 2.294620548606938e+09 2.631984694365152e+09 2.456887151773567e+09 2.371916561309293e+09 2.286945970845019e+09 2.624711234798594e+09 2.449615462793856e+09 2.364443427938478e+09 2.279271393083099e+09 2.617437775232038e+09
 2.442343773814145e+09 2.356970294567662e+09 2.271596815321180e+09 1.848723020687266e+09 1.402825492767593e+09 1.853147915205996e+09 1.419349859566972e+09 1.043170387933191e+09 8.560001292693297e+08 1.065307404972954e+09
 8.707761524689486e+08 1.857572809724726e+09 1.435874226366352e+09 1.861997704243456e+09 1.452398593165731e+09 1.087444422012720e+09 8.855521756685693e+08 1.109581439052483e+09 9.003281988681886e+08 3.229634485579922e+10
 2.541741193089933e+10 1.490718936845176e+10 4.396966806004189e+09 4.036776861692901e+09 3.676586917381613e+09 3.318418006101429e+09 2.964291160883456e+09 3.236479393520518e+10 2.548961527676052e+10 1.495242099501129e+10
 4.415226713262053e+09 4.045104580916707e+09 3.674982448571360e+09 3.310328145449386e+09 2.956609500774155e+09 2.610164315665482e+09 2.435072084834434e+09 2.349497161196847e+09 2.263922237559261e+09 2.602890856098925e+09
 2.427800395854722e+09 2.342024027826032e+09 2.256247659797342e+09 1.866422598762186e+09 1.468922959965110e+09 1.870847493280916e+09 1.485447326764490e+09 1.131718456092246e+09 9.151042220678077e+08 1.153855473132012e+09
 9.298802452674284e+08 3.243324301461114e+10 2.556181862262172e+10 1.499765262157082e+10 4.433486620519916e+09 4.053432300140512e+09 3.673377979761108e+09 3.302238284797342e+09 2.948927840664855e+09 3.250169209401709e+10
 2.563402196848290e+10 1.504288424813034e+10 4.451746527777778e+09 4.061760019364316e+09 3.671773510950855e+09 3.294148424145299e+09 2.941246180555556e+09 2.595617396532369e+09 2.420528706875010e+09 2.334550894455216e+09
 2.248573082035423e+09 2.588343936965812e+09 2.413257017895299e+09 2.327077761084402e+09 2.240898504273504e+09 1.875272387799646e+09 1.501971693563869e+09 1.879697282318376e+09 1.518496060363248e+09 1.175992490171775e+09
 9.446562684670476e+08 1.198129507211539e+09 9.594322916666666e+08 0.000000000000000e+00 0.000000000000000e+00 0.000000000000000e+00 0.000000000000000e+00 0.000000000000000e+00 0.000000000000000e+00 0.000000000000000e+00
 0.000000000000000e+00 0.000000000000000e+00 0.000000000000000e+00 0.000000000000000e+00 0.000000000000000e+00 0.000000000000000e+00 3.356643934787847e+08 0.000000000000000e+00 2.607721549140083e+08 3.332009348991590e+08
 3.307374763195331e+08 2.584393721393031e+08 2.561065893645979e+08 3.282740177399073e+08 3.258105591602814e+08 2.537738065898927e+08 2.514410238151876e+08 3.233471005806556e+08 3.208836420010297e+08 2.491082410404825e+08
 2.467754582657773e+08 3.184201834214039e+08 3.159567248417781e+08 2.444426754910722e+08 2.421098927163670e+08 3.134932662621523e+08 3.110298076825264e+08 2.397771099416618e+08 2.374443271669567e+08 3.085663491029006e+08
 3.072355151575855e+08 3.061028905232747e+08 2.351115443922515e+08 2.338513054220085e+08 2.327787616175464e+08 3.036394319436489e+08 3.011759733640230e+08 2.304459788428412e+08 2.281131960681361e+08 2.987125147843972e+08
 2.962490562047714e+08 2.257804132934309e+08 2.234476305187258e+08 2.937855976251456e+08 2.913221390455197e+08 2.211148477440206e+08 2.187820649693155e+08 2.888586804658939e+08 2.863952218862680e+08 2.164492821946103e+08
 2.141164994199052e+08 2.839317633066422e+08 2.814683047270163e+08 2.117837166452000e+08 2.094509338704949e+08 2.790048461473905e+08 2.822037091964331e+08 2.071181510957897e+08 2.095092914418277e+08 2.936975247603196e+08
 2.185431029425727e+08 3.051913403242062e+08 2.275769144433177e+08 3.281789714519794e+08 2.456445374448075e+08 3.511666025797526e+08 2.637121604462974e+08 3.971418648352989e+08 2.998474064492771e+08 3.972416033361713e+08
 3.002623213808761e+08 3.466503218952407e+08 2.615446418436165e+08 3.681905088767027e+08 2.720344523111979e+08 3.811181340144231e+08 2.671010867387820e+08 4.749244812533387e+08 4.481821331839276e+08 3.488881084735578e+08
 3.696296887520032e+08 5.012329360309827e+08 4.627793740818644e+08 3.937252265082465e+08 3.597813334668804e+08 4.697112213812934e+08 6.160503618706596e+08 3.550797914162660e+08 4.549702044103898e+08 5.524979873005142e+08
 4.766429626986511e+08 4.312887137127738e+08 3.695838249532585e+08 5.310983447995958e+08 6.608088209885818e+08 3.982644432133078e+08 5.177863266643296e+08 7.264850631322618e+08 6.833817199185361e+08 5.747033917810163e+08
 5.156073834802349e+08 0.000000000000000e+00 0.000000000000000e+00 0.000000000000000e+00 0.000000000000000e+00 0.000000000000000e+00 0.000000000000000e+00 0.000000000000000e+00 0.000000000000000e+00 0.000000000000000e+00
 0.000000000000000e+00 0.000000000000000e+00 0.000000000000000e+00 0.000000000000000e+00 1.895353853600657e+08 0.000000000000000e+00 1.182986158061231e+08 1.888674416843642e+08 1.881994980086628e+08 1.192955112294254e+08
 1.202924066527277e+08 1.875315543329614e+08 1.868636106572599e+08 1.212893020760300e+08 1.222861974993322e+08 1.861956669815585e+08 1.855277233058571e+08 1.232830929226345e+08 1.242799883459368e+08 1.848597796301557e+08
 1.841918359544542e+08 1.252768837692391e+08 1.262737791925414e+08 1.835238922787528e+08 1.828559486030513e+08 1.272706746158437e+08 1.282675700391460e+08 1.821880049273499e+08 1.818271617922009e+08 1.815200612516485e+08
 1.292644654624482e+08 1.298030181623932e+08 1.302613608857505e+08 1.808521175759470e+08 1.801841739002456e+08 1.312582563090528e+08 1.322551517323551e+08 1.795162302245442e+08 1.788482865488427e+08 1.332520471556574e+08
 1.342489425789597e+08 1.781803428731413e+08 1.775123991974398e+08 1.352458380022619e+08 1.362427334255642e+08 1.768444555217384e+08 1.761765118460370e+08 1.372396288488665e+08 1.382365242721688e+08 1.755085681703356e+08
 1.748406244946341e+08 1.392334196954711e+08 1.402303151187734e+08 1.741726808189327e+08 1.760976271735297e+08 1.412272105420757e+08 1.426859629052317e+08 1.822811209099925e+08 1.460191388774122e+08 1.884646146464552e+08
 1.493523148495927e+08 2.008316021193806e+08 1.560186667939537e+08 2.131985895923060e+08 1.626850187383146e+08 2.379325645381569e+08 1.760177226270366e+08 2.345546879173344e+08 1.688470544537928e+08 1.966750990125868e+08
 1.318055561815571e+08 1.931074160844851e+08 1.141803798577724e+08 1.954149389022436e+08 1.237287910657051e+08 2.709685183794070e+08 3.126593455779247e+08 1.930489282852564e+08 2.556890024038461e+08 2.788951876648471e+08
 2.758883547008547e+08 1.640651488214477e+08 1.919953759348290e+08 2.845847136668670e+08 2.917339345035389e+08 2.140896359174680e+08 1.284976645966880e+08 3.247352815024874e+08 3.025170443543001e+08 2.181818492922009e+08
 2.354502637553418e+08 3.124738308898403e+08 3.902156426323785e+08 2.266832185663728e+08 2.626449586004272e+08 4.510043897840713e+08 3.763792058961002e+08 3.273053877871261e+08 2.371510283119657e+08 0.000000000000000e+00
 0.000000000000000e+00 0.000000000000000e+00 0.000000000000000e+00 0.000000000000000e+00 0.000000000000000e+00 0.000000000000000e+00 0.000000000000000e+00 0.000000000000000e+00 0.000000000000000e+00 0.000000000000000e+00
 0.000000000000000e+00 0.000000000000000e+00 8.367171178312382e+07 0.000000000000000e+00 4.904480776012453e+07 8.475378173762916e+07 8.583585169213450e+07 5.021205224583291e+07 5.137929673154130e+07 8.691792164663982e+07
 8.799999160114516e+07 5.254654121724968e+07 5.371378570295806e+07 8.908206155565050e+07 9.016413151015583e+07 5.488103018866645e+07 5.604827467437483e+07 9.124620146466117e+07 9.232827141916649e+07 5.721551916008321e+07
 5.838276364579160e+07 9.341034137367183e+07 9.449241132817717e+07 5.955000813149998e+07 6.071725261720837e+07 9.557448128268249e+07 9.615904780982906e+07 9.665655123718783e+07 6.188449710291675e+07 6.251507745726496e+07
 6.305174158862513e+07 9.773862119169316e+07 9.882069114619850e+07 6.421898607433352e+07 6.538623056004190e+07 9.990276110070384e+07 1.009848310552092e+08 6.655347504575028e+07 6.772071953145866e+07 1.020669010097145e+08
 1.031489709642198e+08 6.888796401716705e+07 7.005520850287543e+07 1.042310409187252e+08 1.053131108732305e+08 7.122245298858382e+07 7.238969747429219e+07 1.063951808277358e+08 1.074772507822412e+08 7.355694196000057e+07
 7.472418644570896e+07 1.085593207367465e+08 1.091839067638430e+08 7.589143093141735e+07 7.568185062245426e+07 1.100213432833680e+08 7.402354768932372e+07 1.108587798028930e+08 7.236524475619325e+07 1.125336528419429e+08
 6.904863888993222e+07 1.142085258809929e+08 6.573203302367121e+07 1.175582719590929e+08 5.909882129114918e+07 1.131956205971221e+08 5.754418674045138e+07 9.593159213595919e+07 6.005762809036124e+07 8.835375350560896e+07
 6.252712715344551e+07 1.118777778821114e+08 1.000267646985176e+08 1.552125242575620e+08 2.090536599183694e+08 1.173761202298678e+08 1.624183174328927e+08 1.203000424637754e+08 1.447422371627938e+08 7.653493610610309e+07
 9.748909839075854e+07 1.592430426181891e+08 1.060854672684629e+08 1.043964493189102e+08 8.367326994023770e+07 1.689145888630142e+08 1.943519808777377e+08 1.196473284338275e+08 1.532536980001335e+08 1.722476078392093e+08
 2.082411672217213e+08 1.178119971120459e+08 1.538373758430153e+08 2.437715783795740e+08 1.796137912326388e+08 1.602377689720218e+08 1.220765541533120e+08 0.000000000000000e+00 0.000000000000000e+00 0.000000000000000e+00
 0.000000000000000e+00 0.000000000000000e+00 0.000000000000000e+00 0.000000000000000e+00 0.000000000000000e+00 0.000000000000000e+00 0.000000000000000e+00 0.000000000000000e+00 0.000000000000000e+00 0.000000000000000e+00
 2.372587689782819e+07 0.000000000000000e+00 1.702289235693777e+07 2.487901682405390e+07 2.603215675027961e+07 1.796336954230936e+07 1.890384672768096e+07 2.718529667650532e+07 2.833843660273103e+07 1.984432391305255e+07
 2.078480109842414e+07 2.949157652895675e+07 3.064471645518246e+07 2.172527828379574e+07 2.266575546916733e+07 3.179785638140817e+07 3.295099630763388e+07 2.360623265453893e+07 2.454670983991052e+07 3.410413623385958e+07
 3.525727616008531e+07 2.548718702528211e+07 2.642766421065371e+07 3.641041608631101e+07 3.703337673611111e+07 3.756355601253673e+07 2.736814139602530e+07 2.787621527777778e+07 2.830861858139690e+07 3.871669593876243e+07
 3.986983586498815e+07 2.924909576676849e+07 3.018957295214009e+07 4.102297579121386e+07 4.217611571743957e+07 3.113005013751169e+07 3.207052732288328e+07 4.332925564366528e+07 4.448239556989099e+07 3.301100450825487e+07
 3.395148169362647e+07 4.563553549611671e+07 4.678867542234241e+07 3.489195887899806e+07 3.583243606436965e+07 4.794181534856813e+07 4.909495527479384e+07 3.677291324974126e+07 3.771339043511285e+07 5.024809520101954e+07
 4.956250849666758e+07 3.865386762048444e+07 3.820859440208501e+07 4.653648112044373e+07 3.607087260189218e+07 4.351045374421991e+07 3.393315080169939e+07 3.745839899177224e+07 2.965770720131376e+07 3.140634423932458e+07
 2.538226360092815e+07 1.930223473442927e+07 1.683137640015693e+07 1.914364848340679e+07 1.524490142561431e+07 3.205187672672109e+07 1.978255072699653e+07 3.985017444577991e+07 2.347256902711004e+07 8.291555812216210e+07
 5.528396476028310e+07 8.193060266217616e+07 1.171413910172944e+08 5.126685801448985e+07 7.458129674145302e+07 4.196290074535924e+07 5.843297692975428e+07 2.577700737847223e+07 3.577089009081197e+07 6.023717051448984e+07
 6.098207705245060e+07 3.745252069978632e+07 3.773289304553953e+07 7.727176346738115e+07 1.109147692558093e+08 4.867958942641561e+07 6.609454877804487e+07 7.158057590060762e+07 1.033930431398569e+08 4.175753372061965e+07
 6.086762778779368e+07 9.177652702657579e+07 7.479202223557694e+07 5.346042000534184e+07 4.801290064102565e+07 7.435492086818085e+08 7.118021308051213e+08 5.844629840035732e+08 5.679773349859774e+08 6.549484763120990e+08
 5.632674303886218e+08 5.038465626252000e+08 4.329640103331998e+08 6.721912691034824e+08 6.171488657894301e+08 5.491923186473358e+08 4.908750087640227e+08 5.470676509498532e+08 6.309781095586274e+08 4.625529594225760e+08
 5.048206191573185e+08 4.154466383192281e+08 4.468288480318507e+08 2.464302926348828e+08 3.256803610777240e+08 3.802739530123194e+08 3.412596201839610e+08 2.567013433994390e+08 2.495552300347222e+08 4.152180405836839e+08
 3.893066525190304e+08 2.812437625200321e+08 2.877382962740381e+08 4.240342540251901e+08 3.794006013788731e+08 3.855155486278043e+08 2.539805836004275e+08 1.870461157643899e+08 2.294189409304886e+08 1.276619388938969e+08
 1.331575207832532e+08 1.825922266251000e+08 1.760413052550748e+08 1.084831098507611e+08 1.025273804754274e+08 2.002203364445613e+08 2.121876183143026e+08 1.191969103690905e+08 1.366369403545672e+08 2.633127945337539e+08
 1.874721320779916e+08 1.411100404397036e+08 1.209636805555556e+08 7.931215084760611e+07 6.188434130024713e+07 5.303114044971950e+07 4.058764314569984e+07 5.188645071698044e+07 4.696637807992789e+07 3.031470686431620e+07
 2.731122045272436e+07 5.728742931398565e+07 7.725665658804084e+07 3.360583829961266e+07 5.021716120793270e+07 5.222927527794489e+07 6.729522778111646e+07 2.999248798076933e+07 3.930677250267094e+07 6.218218762520031e+08
 6.086445362580129e+08 4.652752501919739e+08 4.693320103832799e+08 6.133134692069813e+08 4.570194811698719e+08 6.668208702674270e+08 5.080858686398230e+08 3.553584335979233e+08 3.780206184061164e+08 2.454416170038728e+08
 2.867092264289529e+08 3.425235314002404e+08 2.280275816306091e+08 3.741299861027639e+08 2.401741035657049e+08 1.838107059837406e+08 2.084810479058160e+08 1.221797949636084e+08 1.302528693826789e+08 1.776925069173178e+08
 1.273574322040265e+08 1.802473789312900e+08 1.203206542968750e+08 7.122407461313100e+07 6.871017377804488e+07 4.161873560196313e+07 4.053844401041667e+07 8.256988217606504e+07 4.887738151876335e+07 7.135164408887565e+07
 4.429806273370735e+07 7.203843584109576e+08 5.613069892557259e+08 7.091578869941908e+08 5.628136525732839e+08 6.769185799623153e+08 5.337975966233481e+08 6.367311919383518e+08 4.958951563126005e+08 6.166374979263704e+08
 4.769439361572272e+08 6.065906509203787e+08 4.674683260795395e+08 5.965438039143879e+08 4.579927160018529e+08 5.915203804113932e+08 5.950326449271955e+08 4.532549109630101e+08 4.562787854708154e+08 6.037611632322656e+08
 6.124896815373355e+08 4.640459085904636e+08 4.718130317101120e+08 6.212181998424057e+08 6.299467181474741e+08 4.795801548297603e+08 4.873472779494070e+08 6.386752364525421e+08 6.474037547576122e+08 4.951144010690536e+08
 5.028815241887019e+08 4.242048886290981e+08 2.871027880024703e+08 4.626168199848920e+08 3.624199873965001e+08 4.412030404115340e+08 3.486084841997201e+08 4.076639637482475e+08 3.194327711838945e+08 3.908944254166046e+08
 3.048449146759821e+08 3.825096562507824e+08 2.975509864220251e+08 3.741248870849609e+08 2.902570581680689e+08 3.699325025020506e+08 3.708718596042730e+08 2.866100940410913e+08 2.854649337377303e+08 3.749472810696334e+08
 3.790227025349939e+08 2.858486535488031e+08 2.862323733598759e+08 3.830981240003545e+08 3.871735454657142e+08 2.866160931709486e+08 2.869998129820213e+08 3.912489669310738e+08 3.953243883964343e+08 2.873835327930940e+08
 2.877672526041667e+08 2.032319846389638e+08 1.193611812754574e+08 2.422122692662422e+08 1.220045511359842e+08 2.334863001114286e+08 1.183641160231371e+08 2.163376111152846e+08 1.132424510466747e+08 2.077632666172129e+08
 1.106816185584436e+08 2.034760943681765e+08 1.094012023143279e+08 1.991889221191407e+08 1.081207860702123e+08 1.970453359946229e+08 1.966966978317652e+08 1.074805779481546e+08 1.079284619258000e+08 1.974449723121448e+08
 1.981932467925244e+08 1.090412910754864e+08 1.101541202251729e+08 1.989415212729040e+08 1.996897957532834e+08 1.112669493748594e+08 1.123797785245456e+08 2.004380702336629e+08 2.011863447140425e+08 1.134926076742318e+08
 1.146054368239183e+08 5.596622431828434e+07 3.352296017377809e+07 3.683802944085562e+07 2.175390061598573e+07 3.659995006333046e+07 2.155182036049343e+07 3.914575667422040e+07 2.304599369407717e+07 4.041865997966533e+07
 2.379308036086903e+07 4.105511163238787e+07 2.416662369426499e+07 4.169156328511033e+07 2.454016702766092e+07 4.200978911147154e+07 4.288167261629017e+07 2.472693869435887e+07 2.527777649969113e+07 4.409190248016622e+07
 4.530213234404226e+07 2.605109916752223e+07 2.682442183535331e+07 4.651236220791832e+07 4.772259207179411e+07 2.759774450318441e+07 2.837106717101533e+07 4.893282193566990e+07 5.014305179954594e+07 2.914438983884627e+07
 2.991771250667735e+07 6.561322730626823e+08 6.648607913677504e+08 5.106486473083502e+08 5.184157704279969e+08 6.735893096728187e+08 6.823178279778888e+08 5.261828935476436e+08 5.339500166672919e+08 3.993998098617948e+08
 4.034752313271545e+08 2.881509724152395e+08 2.885346922263121e+08 4.075506527925141e+08 4.116260742578747e+08 2.889184120373847e+08 2.893021318484576e+08 6.910463462829587e+08 6.923506076388880e+08 6.997748645880288e+08
 5.417171397869402e+08 5.428777443910248e+08 5.494842629065884e+08 4.157014957232352e+08 4.163104667467944e+08 4.197769171885957e+08 2.896858516595303e+08 2.897431891025641e+08 2.900695714706030e+08 7.085033828930988e+08
 5.572513860262367e+08 7.172319011981671e+08 5.650185091458834e+08 4.238523386539562e+08 2.904532912816758e+08 4.279277601193159e+08 2.908370110927484e+08 7.259604195032353e+08 5.727856322655301e+08 7.346889378083053e+08
 5.805527553851783e+08 4.320031815846756e+08 2.912207309038211e+08 4.360786030500361e+08 2.916044507148938e+08 7.434174561133754e+08 5.883198785048268e+08 7.521459744184455e+08 5.960870016244751e+08 4.401540245153967e+08
 2.919881705259666e+08 4.442294459807572e+08 2.923718903370394e+08 7.608744927235155e+08 6.038541247441232e+08 7.696030110285836e+08 6.116212478637700e+08 4.483048674461177e+08 2.927556101481121e+08 4.523802889114773e+08
 2.931393299591848e+08 7.783315293336520e+08 6.193883709834167e+08 7.870600476387219e+08 6.271554941030650e+08 4.564557103768370e+08 2.935230497702574e+08 4.605311318421975e+08 2.939067695813302e+08 7.945338355268164e+08
 6.338431092612760e+08 7.876678472209185e+08 6.281934905745027e+08 4.639875100290672e+08 2.941319107968582e+08 4.603691078903329e+08 2.925447252061633e+08 7.739358706091210e+08 6.168942532009554e+08 4.531323036128643e+08
 2.893703540247731e+08 7.602038939973234e+08 6.055950158274078e+08 7.464719173855262e+08 5.942957784538603e+08 4.458954993353953e+08 2.861959828433830e+08 4.386586950579265e+08 2.830216116619927e+08 7.327399407737288e+08
 5.829965410803128e+08 7.190079641619313e+08 5.716973037067653e+08 4.314218907804577e+08 2.798472404806026e+08 4.241850865029889e+08 2.766728692992124e+08 7.052759875501325e+08 5.603980663332167e+08 6.915440109383352e+08
 5.490988289596691e+08 4.169482822255193e+08 2.734984981178219e+08 4.097114779480504e+08 2.703241269364318e+08 2.019346191944221e+08 2.026828936748015e+08 1.157182659736047e+08 1.168310951232910e+08 2.034311681551810e+08
 2.041794426355606e+08 1.179439242729772e+08 1.190567534226637e+08 5.135328166342200e+07 5.256351152729779e+07 3.069103517450844e+07 3.146435784233937e+07 5.377374139117358e+07 5.498397125504962e+07 3.223768051017030e+07
 3.301100317800140e+07 2.049277171159402e+08 2.050395282451922e+08 2.056759915963198e+08 1.201695825723501e+08 1.203358673878204e+08 1.212824117220366e+08 5.619420111892568e+07 5.637504006410244e+07 5.740443098280171e+07
 3.378432584583248e+07 3.389987980769222e+07 3.455764851366357e+07 2.064242660766994e+08 1.223952408717230e+08 2.071725405570788e+08 1.235080700214093e+08 5.861466084667777e+07 3.533097118149466e+07 5.982489071055356e+07
 3.610429384932559e+07 2.079208150374583e+08 1.246208991710955e+08 2.086690895178379e+08 1.257337283207819e+08 6.103512057442935e+07 3.687761651715652e+07 6.224535043830539e+07 3.765093918498760e+07 2.094173639982175e+08
 1.268465574704684e+08 2.101656384785971e+08 1.279593866201549e+08 6.345558030218144e+07 3.842426185281870e+07 6.466581016605749e+07 3.919758452064979e+07 2.109139129589767e+08 1.290722157698413e+08 2.116621874393561e+08
 1.301850449195276e+08 6.587604002993353e+07 3.997090718848088e+07 6.708626989380933e+07 4.074422985631181e+07 2.124104619197356e+08 1.312978740692138e+08 2.131587364001152e+08 1.324107032189003e+08 6.829649975768512e+07
 4.151755252414273e+07 6.950672962156115e+07 4.229087519197383e+07 2.137385872408874e+08 1.333452636849166e+08 2.123935964861487e+08 1.322424677661342e+08 7.055829675299482e+07 4.298404306917107e+07 6.979657551366042e+07
 4.276115619626821e+07 2.097036149766712e+08 1.300368759285691e+08 6.827313303499146e+07 4.231538245046242e+07 2.070136334671935e+08 1.278312840910041e+08 2.043236519577159e+08 1.256256922534390e+08 6.674969055632249e+07
 4.186960870465664e+07 6.522624807765351e+07 4.142383495885086e+07 2.016336704482383e+08 1.234201004158739e+08 1.989436889387606e+08 1.212145085783089e+08 6.370280559898456e+07 4.097806121304508e+07 6.217936312031558e+07
 4.053228746723930e+07 1.962537074292827e+08 1.190089167407436e+08 1.935637259198051e+08 1.168033249031785e+08 6.065592064164645e+07 4.008651372143347e+07 5.913247816297749e+07 3.964073997562768e+07 6.778120343265378e+08
 5.377995915861217e+08 4.024746736705816e+08 2.671497557550416e+08 6.640800577147388e+08 5.265003542125731e+08 3.952378693931121e+08 2.639753845736511e+08 6.503480811029415e+08 5.152011168390256e+08 3.880010651156433e+08
 2.608010133922609e+08 6.366161044911442e+08 5.039018794654781e+08 3.807642608381744e+08 2.576266422108707e+08 6.391697531675678e+08 5.047278759622165e+08 3.819282018058320e+08 2.591285276494474e+08 6.465847825270430e+08
 5.091733452560553e+08 3.855998279212885e+08 2.620263105865217e+08 6.539998118865180e+08 5.136188145498941e+08 3.892714540367450e+08 2.649240935235959e+08 6.614148412459930e+08 5.180642838437329e+08 3.929430801522016e+08
 2.678218764606702e+08 1.908737444103275e+08 1.145977330656134e+08 1.881837629008496e+08 1.123921412280481e+08 5.760903568430851e+07 3.919496622982191e+07 5.608559320563938e+07 3.874919248401608e+07 1.854937813913720e+08
 1.101865493904831e+08 1.828037998818944e+08 1.079809575529180e+08 5.456215072697041e+07 3.830341873821029e+07 5.303870824830145e+07 3.785764499240451e+07 1.832149686405801e+08 1.073014096317128e+08 1.845518538972251e+08
 1.070773972079285e+08 5.174800055740228e+07 3.691489135220522e+07 5.052676593747918e+07 3.582378550472426e+07 1.858887391538700e+08 1.068533847841442e+08 1.872256244105151e+08 1.066293723603599e+08 4.930553131755606e+07
 3.473267965724331e+07 4.808429669763296e+07 3.364157380976237e+07 6.688298706054680e+08 5.225097531375718e+08 3.966147062676581e+08 2.707196593977445e+08 6.762448999649431e+08 5.269552224314106e+08 4.002863323831146e+08
 2.736174423348187e+08 6.836599293244188e+08 5.314006917252498e+08 4.039579584985716e+08 2.765152252718933e+08 6.910749586838939e+08 5.358461610190886e+08 4.076295846140281e+08 2.794130082089676e+08 1.885625096671600e+08
 1.064053599365756e+08 1.898993949238050e+08 1.061813475127913e+08 4.686306207770986e+07 3.255046796228141e+07 4.564182745778675e+07 3.145936211480046e+07 1.912362801804502e+08 1.059573350890070e+08 1.925731654370951e+08
 1.057333226652227e+08 4.442059283786353e+07 3.036825626731940e+07 4.319935821794041e+07 2.927715041983845e+07 6.984899880433689e+08 5.402916303129275e+08 4.113012107294847e+08 2.823107911460419e+08 7.059050174028448e+08
 5.447370996067667e+08 4.149728368449416e+08 2.852085740831164e+08 1.939100506937401e+08 1.055093102414384e+08 1.952469359503852e+08 1.052852978176541e+08 4.197812359801731e+07 2.818604457235749e+07 4.075688897809407e+07
 2.709493872487643e+07 7.133200467623197e+08 5.491825689006056e+08 4.186444629603981e+08 2.881063570201907e+08 7.207350761217948e+08 5.536280381944444e+08 4.223160890758547e+08 2.910041399572650e+08 1.965838212070302e+08
 1.050612853938698e+08 1.979207064636752e+08 1.048372729700855e+08 3.953565435817097e+07 2.600383287739548e+07 3.831441973824786e+07 2.491272702991453e+07 0.000000000000000e+00 0.000000000000000e+00 0.000000000000000e+00
 0.000000000000000e+00 0.000000000000000e+00 0.000000000000000e+00 0.000000000000000e+00 0.000000000000000e+00 0.000000000000000e+00 0.000000000000000e+00 0.000000000000000e+00 0.000000000000000e+00 0.000000000000000e+00
 1.031990781604734e+07 0.000000000000000e+00 6.064184726812900e+06 1.104772226056482e+07 1.177553670508230e+07 6.556879874987478e+06 7.049575023162059e+06 1.250335114959977e+07 1.323116559411725e+07 7.542270171336638e+06
 8.034965319511216e+06 1.395898003863473e+07 1.468679448315221e+07 8.527660467685796e+06 9.020355615860377e+06 1.541460892766969e+07 1.614242337218717e+07 9.513050764034957e+06 1.000574591220954e+07 1.687023781670464e+07
 1.759805226122212e+07 1.049844106038411e+07 1.099113620855870e+07 1.832586670573960e+07 1.871905381944445e+07 1.905368115025708e+07 1.148383135673327e+07 1.175000000000000e+07 1.197652650490785e+07 1.978149559477456e+07
 2.050931003929203e+07 1.246922165308243e+07 1.296191680125701e+07 2.123712448380951e+07 2.196493892832699e+07 1.345461194943159e+07 1.394730709760617e+07 2.269275337284447e+07 2.342056781736194e+07 1.444000224578075e+07
 1.493269739395533e+07 2.414838226187942e+07 2.487619670639690e+07 1.542539254212991e+07 1.591808769030449e+07 2.560401115091439e+07 2.633182559543186e+07 1.641078283847907e+07 1.690347798665365e+07 2.705964003994934e+07
 2.685468030750242e+07 1.739617313482822e+07 1.730253170698117e+07 2.560526408334063e+07 1.658754593286758e+07 2.435584785917885e+07 1.587256015875401e+07 2.185701541085528e+07 1.444258861052684e+07 1.935818296253172e+07
 1.301261706229968e+07 1.436051806588459e+07 1.015267396584536e+07 1.134615436782185e+07 7.534929011418272e+06 7.513224727271967e+06 2.567587045522835e+06 7.094963608440171e+06 1.226821351662660e+06 2.765237139840410e+07
 1.383138020833332e+07 2.060311336680355e+07 3.202120246561165e+07 7.786398863181089e+06 1.337587828024840e+07 9.591114011585204e+06 1.310880325186966e+07 3.146862166967147e+06 4.166080729166666e+06 1.466787088508280e+07
 1.448370903862847e+07 5.304740710136218e+06 5.050485777243588e+06 2.008741538545006e+07 2.127432830028044e+07 7.917518028846156e+06 4.750691105769222e+06 1.193449154063167e+07 1.834221243573048e+07 1.495108110476760e+06
 3.125305488782057e+06 1.514431298410789e+07 2.123377904647436e+07 1.779207982772434e+06 9.230553886217948e+06 0.000000000000000e+00 0.000000000000000e+00 0.000000000000000e+00 0.000000000000000e+00 0.000000000000000e+00
 0.000000000000000e+00 0.000000000000000e+00 0.000000000000000e+00 0.000000000000000e+00 0.000000000000000e+00 0.000000000000000e+00 0.000000000000000e+00 0.000000000000000e+00 3.032092363406450e+06 0.000000000000000e+00
 0.000000000000000e+00 3.278439937493739e+06 3.524787511581029e+06 0.000000000000000e+00 0.000000000000000e+00 3.771135085668319e+06 4.017482659755608e+06 0.000000000000000e+00 0.000000000000000e+00 4.263830233842898e+06
 4.510177807930188e+06 0.000000000000000e+00 0.000000000000000e+00 4.756525382017478e+06 5.002872956104768e+06 0.000000000000000e+00 0.000000000000000e+00 5.249220530192057e+06 5.495568104279348e+06 0.000000000000000e+00
 0.000000000000000e+00 5.741915678366637e+06 5.875000000000001e+06 5.988263252453927e+06 0.000000000000000e+00 0.000000000000000e+00 0.000000000000000e+00 6.234610826541216e+06 6.480958400628506e+06 0.000000000000000e+00
 0.000000000000000e+00 6.727305974715795e+06 6.973653548803085e+06 0.000000000000000e+00 0.000000000000000e+00 7.220001122890376e+06 7.466348696977665e+06 0.000000000000000e+00 0.000000000000000e+00 7.712696271064954e+06
 7.959043845152243e+06 0.000000000000000e+00 0.000000000000000e+00 8.205391419239535e+06 8.451738993326824e+06 0.000000000000000e+00 0.000000000000000e+00 8.698086567414112e+06 8.651265853490585e+06 0.000000000000000e+00
 0.000000000000000e+00 8.293772966433792e+06 0.000000000000000e+00 7.936280079377003e+06 0.000000000000000e+00 7.221294305263421e+06 0.000000000000000e+00 6.506308531149840e+06 0.000000000000000e+00 5.076336982922679e+06
 0.000000000000000e+00 3.767464505709136e+06 0.000000000000000e+00 1.283793522761418e+06 0.000000000000000e+00 6.134106758313302e+05 0.000000000000000e+00 6.915690104166660e+06 0.000000000000000e+00 3.893199431590545e+06
 6.687939140124201e+06 0.000000000000000e+00 0.000000000000000e+00 1.573431083483574e+06 2.083040364583333e+06 0.000000000000000e+00 0.000000000000000e+00 2.652370355068109e+06 2.525242888621794e+06 0.000000000000000e+00
 0.000000000000000e+00 3.958759014423078e+06 2.375345552884611e+06 0.000000000000000e+00 0.000000000000000e+00 7.475540552383800e+05 1.562652744391028e+06 0.000000000000000e+00 0.000000000000000e+00 8.896039913862172e+05
 4.615276943108974e+06 0.000000000000000e+00 0.000000000000000e+00 2.675013005183290e+07 1.929094499115254e+07 1.349234493940302e+07 9.144034204727583e+06 8.742963011651963e+06 7.656062825520834e+06 1.164286295572914e+06
 8.282577123397436e+05 9.924247285239656e+06 2.317766582782459e+07 1.522787710336493e+06 1.062337552584141e+07 7.755700683593774e+06 1.131831722422543e+07 2.575786884014427e+05 1.491624098557694e+06 6.746172469701510e+06
 4.572017102363791e+06 0.000000000000000e+00 0.000000000000000e+00 5.821431477864570e+05 4.141288561698718e+05 0.000000000000000e+00 0.000000000000000e+00 7.613938551682464e+05 5.311687762920707e+06 0.000000000000000e+00
 0.000000000000000e+00 1.287893442007213e+05 7.458120492788472e+05 0.000000000000000e+00 0.000000000000000e+00 1.201339659079527e+07 1.236671424278846e+07 1.608712690304487e+06 2.232103240184295e+06 1.518488086146165e+07
 2.965535481770809e+06 1.724448137853906e+07 6.169965695112218e+06 8.043563451522433e+05 1.116051620092147e+06 0.000000000000000e+00 0.000000000000000e+00 1.482767740885405e+06 0.000000000000000e+00 3.084982847556109e+06
 0.000000000000000e+00 1.107969602927185e+07 2.698955985827330e+06 6.669771791115842e+06 1.231296637119410e+06 6.503690657656409e+06 1.115735567533052e+06 6.946230713933957e+06 1.184732290414663e+06 7.167500742072724e+06
 1.219230651855467e+06 7.278135756142120e+06 1.236479832575872e+06 7.388770770211503e+06 1.253729013296274e+06 7.444088277246190e+06 7.673880383092097e+06 1.262353603656474e+06 1.354436258169314e+06 8.010295854878232e+06
 8.346711326664365e+06 1.497521062997676e+06 1.640605867826038e+06 8.683126798450502e+06 9.019542270236565e+06 1.783690672654399e+06 1.926775477482731e+06 9.355957742022630e+06 9.692373213808762e+06 2.069860282311062e+06
 2.212945087139424e+06 1.349477992913665e+06 0.000000000000000e+00 6.156483185597050e+05 0.000000000000000e+00 5.578677837665258e+05 0.000000000000000e+00 5.923661452073314e+05 0.000000000000000e+00 6.096153259277337e+05
 0.000000000000000e+00 6.182399162879358e+05 0.000000000000000e+00 6.268645066481369e+05 0.000000000000000e+00 6.311768018282370e+05 6.772181290846572e+05 0.000000000000000e+00 0.000000000000000e+00 7.487605314988379e+05
 8.203029339130188e+05 0.000000000000000e+00 0.000000000000000e+00 8.918453363271996e+05 9.633877387413655e+05 0.000000000000000e+00 0.000000000000000e+00 1.034930141155531e+06 1.106472543569712e+06 0.000000000000000e+00
 0.000000000000000e+00 1.002878868559490e+07 1.036520415738096e+07 2.356029891967786e+06 2.499114696796117e+06 1.070161962916702e+07 1.103803510095316e+07 2.642199501624449e+06 2.785284306452811e+06 1.178014945983893e+06
 1.249557348398059e+06 0.000000000000000e+00 0.000000000000000e+00 1.321099750812225e+06 1.392642153226405e+06 0.000000000000000e+00 0.000000000000000e+00 1.137445057273929e+07 1.142471955128201e+07 1.171086604452543e+07
 2.928369111281172e+06 2.949749599358960e+06 3.071453916109534e+06 1.464184555640586e+06 1.474874799679480e+06 1.535726958054767e+06 0.000000000000000e+00 0.000000000000000e+00 0.000000000000000e+00 1.204728151631156e+07
 3.214538720937895e+06 1.238369698809762e+07 3.357623525766226e+06 1.607269360468948e+06 0.000000000000000e+00 1.678811762883113e+06 0.000000000000000e+00 1.272011245988369e+07 3.500708330594558e+06 1.305652793166982e+07
 3.643793135422919e+06 1.750354165297279e+06 0.000000000000000e+00 1.821896567711460e+06 0.000000000000000e+00 1.339294340345596e+07 3.786877940251281e+06 1.372935887524209e+07 3.929962745079644e+06 1.893438970125641e+06
 0.000000000000000e+00 1.964981372539822e+06 0.000000000000000e+00 1.406577434702822e+07 4.073047549908005e+06 1.440218981881429e+07 4.216132354736337e+06 2.036523774954002e+06 0.000000000000000e+00 2.108066177368168e+06
 0.000000000000000e+00 1.473860529060035e+07 4.359217159564668e+06 1.507502076238649e+07 4.502301964393031e+06 2.179608579782334e+06 0.000000000000000e+00 2.251150982196515e+06 0.000000000000000e+00 1.540978938534731e+07
 4.663778618054544e+06 1.572573687887598e+07 5.035447829808930e+06 2.331889309027272e+06 0.000000000000000e+00 2.517723914904465e+06 0.000000000000000e+00 1.635763186593339e+07 5.778786253317782e+06 2.889393126658891e+06
 0.000000000000000e+00 1.698952685299079e+07 6.522124676826634e+06 1.762142184004820e+07 7.265463100335483e+06 3.261062338413317e+06 0.000000000000000e+00 3.632731550167742e+06 0.000000000000000e+00 1.825331682710561e+07
 8.008801523844336e+06 1.888521181416301e+07 8.752139947353186e+06 4.004400761922168e+06 0.000000000000000e+00 4.376069973676593e+06 0.000000000000000e+00 1.951710680122048e+07 9.495478370862115e+06 2.014900178827789e+07
 1.023881679437097e+07 4.747739185431058e+06 0.000000000000000e+00 5.119408397185483e+06 0.000000000000000e+00 2.078089677533529e+07 1.098215521787982e+07 2.141279176239277e+07 1.172549364138875e+07 5.491077608939908e+06
 0.000000000000000e+00 5.862746820694374e+06 0.000000000000000e+00 2.204468674945017e+07 1.246883206489760e+07 2.267658173650758e+07 1.321217048840645e+07 6.234416032448799e+06 0.000000000000000e+00 6.606085244203224e+06
 0.000000000000000e+00 2.208178214700815e+07 1.285305930895684e+07 2.112080507196935e+07 1.216485869578828e+07 6.426529654478421e+06 0.000000000000000e+00 6.082429347894142e+06 0.000000000000000e+00 2.015982799693055e+07
 1.147665808261973e+07 1.919885092189176e+07 1.078845746945117e+07 5.738329041309863e+06 0.000000000000000e+00 5.394228734725584e+06 0.000000000000000e+00 1.823787384685297e+07 1.010025685628261e+07 1.727689677181417e+07
 9.412056243114054e+06 5.050128428141305e+06 0.000000000000000e+00 4.706028121557027e+06 0.000000000000000e+00 1.631591969677527e+07 8.723855629945425e+06 1.535494262173648e+07 8.035655016776866e+06 4.361927814972713e+06
 0.000000000000000e+00 4.017827508388433e+06 0.000000000000000e+00 1.439396554669768e+07 7.347454403608309e+06 1.343298847165879e+07 6.659253790439678e+06 3.673727201804155e+06 0.000000000000000e+00 3.329626895219839e+06
 0.000000000000000e+00 1.247201139661999e+07 5.971053177271121e+06 1.151103432158120e+07 5.282852564102564e+06 2.985526588635561e+06 0.000000000000000e+00 2.641426282051282e+06 0.000000000000000e+00 0.000000000000000e+00
 0.000000000000000e+00 0.000000000000000e+00 0.000000000000000e+00 0.000000000000000e+00 0.000000000000000e+00 0.000000000000000e+00 0.000000000000000e+00 0.000000000000000e+00 0.000000000000000e+00 0.000000000000000e+00
 0.000000000000000e+00 0.000000000000000e+00 0.000000000000000e+00 0.000000000000000e+00 0.000000000000000e+00 0.000000000000000e+00 0.000000000000000e+00 0.000000000000000e+00 0.000000000000000e+00 0.000000000000000e+00
 0.000000000000000e+00 0.000000000000000e+00 0.000000000000000e+00 0.000000000000000e+00 0.000000000000000e+00 0.000000000000000e+00 0.000000000000000e+00 0.000000000000000e+00 0.000000000000000e+00 0.000000000000000e+00
 0.000000000000000e+00 0.000000000000000e+00 0.000000000000000e+00 0.000000000000000e+00 0.000000000000000e+00 0.000000000000000e+00 0.000000000000000e+00 0.000000000000000e+00 0.000000000000000e+00 0.000000000000000e+00
 0.000000000000000e+00 0.000000000000000e+00 0.000000000000000e+00 0.000000000000000e+00 0.000000000000000e+00 0.000000000000000e+00 0.000000000000000e+00 0.000000000000000e+00 0.000000000000000e+00 0.000000000000000e+00
 0.000000000000000e+00 0.000000000000000e+00 0.000000000000000e+00 0.000000000000000e+00 0.000000000000000e+00 0.000000000000000e+00 0.000000000000000e+00 0.000000000000000e+00 0.000000000000000e+00 0.000000000000000e+00
 0.000000000000000e+00 0.000000000000000e+00 0.000000000000000e+00 0.000000000000000e+00 0.000000000000000e+00 0.000000000000000e+00 0.000000000000000e+00 0.000000000000000e+00 0.000000000000000e+00 0.000000000000000e+00
 0.000000000000000e+00 0.000000000000000e+00 0.000000000000000e+00 0.000000000000000e+00 0.000000000000000e+00 0.000000000000000e+00 0.000000000000000e+00 0.000000000000000e+00 0.000000000000000e+00 0.000000000000000e+00
 0.000000000000000e+00 0.000000000000000e+00 0.000000000000000e+00 0.000000000000000e+00 0.000000000000000e+00 0.000000000000000e+00 0.000000000000000e+00 0.000000000000000e+00 0.000000000000000e+00 0.000000000000000e+00
 0.000000000000000e+00 0.000000000000000e+00 0.000000000000000e+00 0.000000000000000e+00 0.000000000000000e+00 0.000000000000000e+00 0.000000000000000e+00 0.000000000000000e+00 0.000000000000000e+00 0.000000000000000e+00
 0.000000000000000e+00 0.000000000000000e+00 0.000000000000000e+00 0.000000000000000e+00 0.000000000000000e+00 0.000000000000000e+00 0.000000000000000e+00 0.000000000000000e+00 0.000000000000000e+00 0.000000000000000e+00
 0.000000000000000e+00 0.000000000000000e+00 0.000000000000000e+00 0.000000000000000e+00 0.000000000000000e+00 0.000000000000000e+00 0.000000000000000e+00 0.000000000000000e+00 0.000000000000000e+00 0.000000000000000e+00
 0.000000000000000e+00 0.000000000000000e+00 0.000000000000000e+00 0.000000000000000e+00 0.000000000000000e+00 0.000000000000000e+00 0.000000000000000e+00 0.000000000000000e+00 0.000000000000000e+00 0.000000000000000e+00
 0.000000000000000e+00 0.000000000000000e+00 0.000000000000000e+00 0.000000000000000e+00 0.000000000000000e+00 0.000000000000000e+00 0.000000000000000e+00 0.000000000000000e+00 0.000000000000000e+00 0.000000000000000e+00
 0.000000000000000e+00 0.000000000000000e+00 0.000000000000000e+00 0.000000000000000e+00 0.000000000000000e+00 0.000000000000000e+00 0.000000000000000e+00 0.000000000000000e+00 0.000000000000000e+00 0.000000000000000e+00
 0.000000000000000e+00 0.000000000000000e+00 0.000000000000000e+00 0.000000000000000e+00 0.000000000000000e+00 0.000000000000000e+00 0.000000000000000e+00 0.000000000000000e+00 0.000000000000000e+00 0.000000000000000e+00
 0.000000000000000e+00 0.000000000000000e+00 0.000000000000000e+00 0.000000000000000e+00 0.000000000000000e+00 0.000000000000000e+00 0.000000000000000e+00 0.000000000000000e+00 0.000000000000000e+00 0.000000000000000e+00
 0.000000000000000e+00 0.000000000000000e+00 0.000000000000000e+00 0.000000000000000e+00 0.000000000000000e+00 0.000000000000000e+00 0.000000000000000e+00 0.000000000000000e+00 0.000000000000000e+00 0.000000000000000e+00
 0.000000000000000e+00 0.000000000000000e+00 0.000000000000000e+00 0.000000000000000e+00 0.000000000000000e+00 0.000000000000000e+00 0.000000000000000e+00 0.000000000000000e+00 0.000000000000000e+00 0.000000000000000e+00
 0.000000000000000e+00 0.000000000000000e+00 0.000000000000000e+00 0.000000000000000e+00 0.000000000000000e+00 0.000000000000000e+00 0.000000000000000e+00 0.000000000000000e+00 0.000000000000000e+00 0.000000000000000e+00
 0.000000000000000e+00 0.000000000000000e+00 0.000000000000000e+00 0.000000000000000e+00 0.000000000000000e+00 0.000000000000000e+00 0.000000000000000e+00 0.000000000000000e+00 0.000000000000000e+00 0.000000000000000e+00
 0.000000000000000e+00 0.000000000000000e+00 0.000000000000000e+00 0.000000000000000e+00 0.000000000000000e+00 0.000000000000000e+00 0.000000000000000e+00 0.000000000000000e+00 0.000000000000000e+00 0.000000000000000e+00
 0.000000000000000e+00 0.000000000000000e+00 0.000000000000000e+00 0.000000000000000e+00 0.000000000000000e+00 0.000000000000000e+00 0.000000000000000e+00 0.000000000000000e+00 0.000000000000000e+00 0.000000000000000e+00
 0.000000000000000e+00 0.000000000000000e+00 0.000000000000000e+00 0.000000000000000e+00 0.000000000000000e+00 0.000000000000000e+00 0.000000000000000e+00 0.000000000000000e+00 0.000000000000000e+00 0.000000000000000e+00
 0.000000000000000e+00 0.000000000000000e+00 0.000000000000000e+00 0.000000000000000e+00 0.000000000000000e+00 0.000000000000000e+00 0.000000000000000e+00 0.000000000000000e+00 0.000000000000000e+00 0.000000000000000e+00
 0.000000000000000e+00 0.000000000000000e+00 0.000000000000000e+00 0.000000000000000e+00 0.000000000000000e+00 0.000000000000000e+00 0.000000000000000e+00 0.000000000000000e+00 0.000000000000000e+00 0.000000000000000e+00
 0.000000000000000e+00 0.000000000000000e+00 0.000000000000000e+00 0.000000000000000e+00 0.000000000000000e+00 0.000000000000000e+00 0.000000000000000e+00 0.000000000000000e+00 0.000000000000000e+00 0.000000000000000e+00
 0.000000000000000e+00 0.000000000000000e+00 0.000000000000000e+00 0.000000000000000e+00 0.000000000000000e+00 0.000000000000000e+00 0.000000000000000e+00 0.000000000000000e+00 0.000000000000000e+00 0.000000000000000e+00
 0.000000000000000e+00 0.000000000000000e+00 0.000000000000000e+00 0.000000000000000e+00 0.000000000000000e+00 0.000000000000000e+00 0.000000000000000e+00 0.000000000000000e+00 0.000000000000000e+00 0.000000000000000e+00
 0.000000000000000e+00 0.000000000000000e+00 0.000000000000000e+00 0.000000000000000e+00 0.000000000000000e+00 0.000000000000000e+00 0.000000000000000e+00 0.000000000000000e+00 0.000000000000000e+00 0.000000000000000e+00
 0.000000000000000e+00 0.000000000000000e+00 0.000000000000000e+00 0.000000000000000e+00 0.000000000000000e+00 0.000000000000000e+00 0.000000000000000e+00 0.000000000000000e+00 0.000000000000000e+00 0.000000000000000e+00
 0.000000000000000e+00 0.000000000000000e+00 0.000000000000000e+00 0.000000000000000e+00 0.000000000000000e+00 0.000000000000000e+00 0.000000000000000e+00 0.000000000000000e+00 0.000000000000000e+00 0.000000000000000e+00
 0.000000000000000e+00 0.000000000000000e+00 0.000000000000000e+00 0.000000000000000e+00 0.000000000000000e+00 0.000000000000000e+00 0.000000000000000e+00 0.000000000000000e+00 0.000000000000000e+00 0.000000000000000e+00
 0.000000000000000e+00 0.000000000000000e+00 0.000000000000000e+00 0.000000000000000e+00 0.000000000000000e+00 0.000000000000000e+00 0.000000000000000e+00 0.000000000000000e+00 0.000000000000000e+00 0.000000000000000e+00
 0.000000000000000e+00 0.000000000000000e+00 0.000000000000000e+00 0.000000000000000e+00 0.000000000000000e+00 0.000000000000000e+00 0.000000000000000e+00 0.000000000000000e+00 0.000000000000000e+00 0.000000000000000e+00
 0.000000000000000e+00 0.000000000000000e+00 0.000000000000000e+00 0.000000000000000e+00 0.000000000000000e+00 0.000000000000000e+00 0.000000000000000e+00 0.000000000000000e+00 0.000000000000000e+00 0.000000000000000e+00
 0.000000000000000e+00 0.000000000000000e+00 0.000000000000000e+00 0.000000000000000e+00 0.000000000000000e+00 0.000000000000000e+00 0.000000000000000e+00 0.000000000000000e+00 0.000000000000000e+00 0.000000000000000e+00
 0.000000000000000e+00 0.000000000000000e+00 0.000000000000000e+00 0.000000000000000e+00 0.000000000000000e+00 0.000000000000000e+00 0.000000000000000e+00 0.000000000000000e+00 0.000000000000000e+00 0.000000000000000e+00
 0.000000000000000e+00 0.000000000000000e+00 0.000000000000000e+00 0.000000000000000e+00 0.000000000000000e+00 0.000000000000000e+00 0.000000000000000e+00 0.000000000000000e+00 0.000000000000000e+00 0.000000000000000e+00
 0.000000000000000e+00 0.000000000000000e+00 0.000000000000000e+00 0.000000000000000e+00 0.000000000000000e+00 0.000000000000000e+00 0.000000000000000e+00 0.000000000000000e+00 0.000000000000000e+00 0.000000000000000e+00
 0.000000000000000e+00 0.000000000000000e+00 0.000000000000000e+00 0.000000000000000e+00 0.000000000000000e+00 0.000000000000000e+00 0.000000000000000e+00 0.000000000000000e+00 0.000000000000000e+00 0.000000000000000e+00
 0.000000000000000e+00 0.000000000000000e+00 0.000000000000000e+00 0.000000000000000e+00 0.000000000000000e+00 0.000000000000000e+00 0.000000000000000e+00 0.000000000000000e+00 0.000000000000000e+00 0.000000000000000e+00
 0.000000000000000e+00 0.000000000000000e+00 0.000000000000000e+00 0.000000000000000e+00 0.000000000000000e+00 0.000000000000000e+00 0.000000000000000e+00 0.000000000000000e+00 0.000000000000000e+00 0.000000000000000e+00
 0.000000000000000e+00 0.000000000000000e+00 0.000000000000000e+00 0.000000000000000e+00 0.000000000000000e+00 0.000000000000000e+00 0.000000000000000e+00 0.000000000000000e+00 0.000000000000000e+00 0.000000000000000e+00
 0.000000000000000e+00 0.000000000000000e+00 0.000000000000000e+00 0.000000000000000e+00 0.000000000000000e+00 0.000000000000000e+00 0.000000000000000e+00 0.000000000000000e+00 0.000000000000000e+00 0.000000000000000e+00
 0.000000000000000e+00 0.000000000000000e+00 0.000000000000000e+00 0.000000000000000e+00 0.000000000000000e+00 0.000000000000000e+00 0.000000000000000e+00 0.000000000000000e+00 0.000000000000000e+00 0.000000000000000e+00
 0.000000000000000e+00 0.000000000000000e+00 0.000000000000000e+00 0.000000000000000e+00 0.000000000000000e+00 0.000000000000000e+00 0.000000000000000e+00 0.000000000000000e+00 0.000000000000000e+00 0.000000000000000e+00
 0.000000000000000e+00 0.000000000000000e+00 0.000000000000000e+00 0.000000000000000e+00 0.000000000000000e+00 0.000000000000000e+00 0.000000000000000e+00 0.000000000000000e+00 0.000000000000000e+00 0.000000000000000e+00
 0.000000000000000e+00 0.000000000000000e+00 0.000000000000000e+00 0.000000000000000e+00 0.000000000000000e+00 0.000000000000000e+00 0.000000000000000e+00 0.000000000000000e+00 0.000000000000000e+00 0.000000000000000e+00
 0.000000000000000e+00 0.000000000000000e+00 0.000000000000000e+00 0.000000000000000e+00 0.000000000000000e+00
    }
  }

}
