vertex_id,tcad_lateral_um,tcad_depth_um,optical_generation_cm^-3_s^-1
0,-116.25,0.010107421875,0.0
1,-116.25,-0.0,0.0
2,-120.0,0.010107421875,0.0
3,-116.25,0.02021484375,0.0
4,-120.0,0.02021484375,0.0
5,-112.5,0.010107421875,0.0
6,-112.5,-0.0,0.0
7,-112.5,0.02021484375,0.0
8,-116.25,0.030322265625,0.0
9,-120.0,0.030322265625,0.0
10,-116.25,0.0404296875,0.0
11,-120.0,0.0404296875,0.0
12,-112.5,0.030322265625,0.0
13,-112.5,0.0404296875,0.0
14,-116.25,0.050537109375,0.0
15,-120.0,0.050537109375,0.0
16,-116.25,0.06064453124999999,0.0
17,-120.0,0.06064453124999999,0.0
18,-112.5,0.050537109375,0.0
19,-112.5,0.06064453124999999,0.0
20,-116.25,0.07075195312499999,0.0
21,-120.0,0.07075195312499999,0.0
22,-116.25,0.080859375,0.0
23,-120.0,0.080859375,0.0
24,-112.5,0.07075195312499999,0.0
25,-112.5,0.080859375,0.0
26,-116.25,0.090966796875,0.0
27,-120.0,0.090966796875,0.0
28,-112.5,0.090966796875,0.0
29,-116.25,0.0960205078125,0.0
30,-120.0,0.0960205078125,0.0
31,-116.25,0.10107421875,0.0
32,-120.0,0.10107421875,0.0
33,-112.5,0.0960205078125,0.0
34,-112.5,0.10107421875,0.0
35,-116.25,0.1061279296875,0.0
36,-120.0,0.1061279296875,0.0
37,-116.25,0.111181640625,0.0
38,-120.0,0.111181640625,0.0
39,-112.5,0.1061279296875,0.0
40,-112.5,0.111181640625,0.0
41,-116.25,0.1162353515625,0.0
42,-120.0,0.1162353515625,0.0
43,-116.25,0.1212890625,0.0
44,-120.0,0.1212890625,0.0
45,-112.5,0.1162353515625,0.0
46,-112.5,0.1212890625,0.0
47,-116.25,0.1263427734375,0.0
48,-120.0,0.1263427734375,0.0
49,-116.25,0.131396484375,0.0
50,-120.0,0.131396484375,0.0
51,-112.5,0.1263427734375,0.0
52,-112.5,0.131396484375,0.0
53,-116.25,0.1364501953125,0.0
54,-120.0,0.1364501953125,0.0
55,-116.25,0.14150390625,0.0
56,-120.0,0.14150390625,0.0
57,-112.5,0.1364501953125,0.0
58,-112.5,0.14150390625,0.0
59,-116.25,0.1465576171875,0.0
60,-120.0,0.1465576171875,0.0
61,-116.25,0.151611328125,0.0
62,-120.0,0.151611328125,0.0
63,-112.5,0.1465576171875,0.0
64,-112.5,0.151611328125,0.0
65,-116.25,0.1566650390625,0.0
66,-120.0,0.1566650390625,0.0
67,-116.25,0.16171875,0.0
68,-120.0,0.16171875,0.0
69,-112.5,0.1566650390625,0.0
70,-112.5,0.16171875,0.0
71,-116.25,0.1667724609375,0.0
72,-120.0,0.1667724609375,0.0
73,-116.25,0.171826171875,0.0
74,-120.0,0.171826171875,0.0
75,-112.5,0.1667724609375,0.0
76,-112.5,0.171826171875,0.0
77,-116.25,0.1768798828125,0.0
78,-120.0,0.1768798828125,0.0
79,-116.25,0.18193359375,0.0
80,-120.0,0.18193359375,0.0
81,-112.5,0.1768798828125,0.0
82,-112.5,0.18193359375,0.0
83,-116.25,0.1869873046875,0.0
84,-120.0,0.1869873046875,0.0
85,-116.25,0.192041015625,0.0
86,-120.0,0.192041015625,0.0
87,-112.5,0.1869873046875,0.0
88,-112.5,0.192041015625,0.0
89,-116.25,0.1970947265625,0.0
90,-120.0,0.1970947265625,0.0
91,-116.25,0.2,0.0
92,-116.25,0.2021484375,0.0
93,-120.0,0.2021484375,0.0
94,-112.5,0.1970947265625,0.0
95,-112.5,0.2,0.0
96,-112.5,0.2021484375,0.0
97,-116.25,0.2072021484375,0.0
98,-120.0,0.2072021484375,0.0
99,-116.25,0.212255859375,0.0
100,-120.0,0.212255859375,0.0
101,-112.5,0.2072021484375,0.0
102,-112.5,0.212255859375,0.0
103,-116.25,0.2173095703125,0.0
104,-120.0,0.2173095703125,0.0
105,-116.25,0.22236328125,0.0
106,-120.0,0.22236328125,0.0
107,-112.5,0.2173095703125,0.0
108,-112.5,0.22236328125,0.0
109,-116.25,0.2274169921875,0.0
110,-120.0,0.2274169921875,0.0
111,-116.25,0.232470703125,0.0
112,-120.0,0.232470703125,0.0
113,-112.5,0.2274169921875,0.0
114,-112.5,0.232470703125,0.0
115,-116.25,0.2375244140625,0.0
116,-120.0,0.2375244140625,0.0
117,-116.25,0.242578125,0.0
118,-120.0,0.242578125,0.0
119,-112.5,0.2375244140625,0.0
120,-112.5,0.242578125,0.0
121,-116.25,0.2476318359375,0.0
122,-120.0,0.2476318359375,0.0
123,-116.25,0.252685546875,0.0
124,-120.0,0.252685546875,0.0
125,-112.5,0.2476318359375,0.0
126,-112.5,0.252685546875,0.0
127,-116.25,0.2577392578125,0.0
128,-120.0,0.2577392578125,0.0
129,-116.25,0.26279296875,0.0
130,-120.0,0.26279296875,0.0
131,-112.5,0.2577392578125,0.0
132,-112.5,0.26279296875,0.0
133,-116.25,0.2678466796875,0.0
134,-120.0,0.2678466796875,0.0
135,-116.25,0.2729003906249999,0.0
136,-120.0,0.2729003906249999,0.0
137,-112.5,0.2678466796875,0.0
138,-112.5,0.2729003906249999,0.0
139,-116.25,0.2779541015624999,0.0
140,-120.0,0.2779541015624999,0.0
141,-116.25,0.2830078125,0.0
142,-120.0,0.2830078125,0.0
143,-112.5,0.2779541015624999,0.0
144,-112.5,0.2830078125,0.0
145,-116.25,0.2880615234375,0.0
146,-120.0,0.2880615234375,0.0
147,-116.25,0.293115234375,0.0
148,-120.0,0.293115234375,0.0
149,-112.5,0.2880615234375,0.0
150,-112.5,0.293115234375,0.0
151,-116.25,0.2981689453125,0.0
152,-120.0,0.2981689453125,0.0
153,-116.25,0.30322265625,0.0
154,-120.0,0.30322265625,0.0
155,-112.5,0.2981689453125,0.0
156,-112.5,0.30322265625,0.0
157,-116.25,0.313330078125,0.0
158,-120.0,0.313330078125,0.0
159,-112.5,0.313330078125,0.0
160,-116.25,0.3234375,0.0
161,-120.0,0.3234375,0.0
162,-112.5,0.3234375,0.0
163,-116.25,0.34365234375,0.0
164,-120.0,0.34365234375,0.0
165,-112.5,0.34365234375,0.0
166,-116.25,0.3638671875,0.0
167,-120.0,0.3638671875,0.0
168,-112.5,0.3638671875,0.0
169,-116.25,0.404296875,0.0
170,-120.0,0.404296875,0.0
171,-112.5,0.404296875,0.0
172,-116.25,0.48515625,0.0
173,-120.0,0.48515625,0.0
174,-112.5,0.48515625,0.0
175,-116.25,0.646875,0.0
176,-120.0,0.646875,0.0
177,-112.5,0.646875,0.0
178,-116.25,0.9703124999999999,0.0
179,-120.0,0.9703124999999999,0.0
180,-112.5,0.9703124999999999,0.0
181,-116.25,1.29375,0.0
182,-120.0,1.29375,0.0
183,-112.5,1.29375,0.0
184,-116.25,1.6171875,0.0
185,-120.0,1.6171875,0.0
186,-116.25,1.940625,0.0
187,-120.0,1.940625,0.0
188,-112.5,1.6171875,0.0
189,-112.5,1.940625,0.0
190,-116.25,2.2640625,0.0
191,-120.0,2.2640625,0.0
192,-116.25,2.5875,0.0
193,-120.0,2.5875,0.0
194,-112.5,2.2640625,0.0
195,-112.5,2.5875,0.0
196,-116.25,2.9109375,0.0
197,-120.0,2.9109375,0.0
198,-116.25,3.234375,0.0
199,-120.0,3.234375,0.0
200,-112.5,2.9109375,0.0
201,-112.5,3.234375,0.0
202,-116.25,3.5578125,0.0
203,-120.0,3.5578125,0.0
204,-116.25,3.88125,0.0
205,-120.0,3.88125,0.0
206,-112.5,3.5578125,0.0
207,-112.5,3.88125,0.0
208,-116.25,4.204687499999999,0.0
209,-120.0,4.204687499999999,0.0
210,-116.25,4.528124999999999,0.0
211,-120.0,4.528124999999999,0.0
212,-112.5,4.204687499999999,0.0
213,-112.5,4.528124999999999,0.0
214,-116.25,4.8515625,0.0
215,-120.0,4.8515625,0.0
216,-116.25,5.175,0.0
217,-120.0,5.175,0.0
218,-112.5,4.8515625,0.0
219,-112.5,5.175,0.0
220,-116.25,5.4984375,0.0
221,-120.0,5.4984375,0.0
222,-116.25,5.821875,0.0
223,-120.0,5.821875,0.0
224,-112.5,5.4984375,0.0
225,-112.5,5.821875,0.0
226,-116.25,6.1453125,0.0
227,-120.0,6.1453125,0.0
228,-116.25,6.46875,0.0
229,-120.0,6.46875,0.0
230,-112.5,6.1453125,0.0
231,-112.5,6.46875,0.0
232,-116.25,6.7921875,0.0
233,-120.0,6.7921875,0.0
234,-116.25,7.115625,0.0
235,-120.0,7.115625,0.0
236,-112.5,6.7921875,0.0
237,-112.5,7.115625,0.0
238,-116.25,7.439062499999999,0.0
239,-120.0,7.439062499999999,0.0
240,-116.25,7.762499999999999,0.0
241,-120.0,7.762499999999999,0.0
242,-112.5,7.439062499999999,0.0
243,-112.5,7.762499999999999,0.0
244,-116.25,8.0859375,0.0
245,-120.0,8.0859375,0.0
246,-116.25,8.409374999999999,0.0
247,-120.0,8.409374999999999,0.0
248,-112.5,8.0859375,0.0
249,-112.5,8.409374999999999,0.0
250,-116.25,8.732812499999998,0.0
251,-120.0,8.732812499999998,0.0
252,-116.25,9.056249999999999,0.0
253,-120.0,9.056249999999999,0.0
254,-112.5,8.732812499999998,0.0
255,-112.5,9.056249999999999,0.0
256,-116.25,9.3796875,0.0
257,-120.0,9.3796875,0.0
258,-116.25,9.703125,0.0
259,-120.0,9.703125,0.0
260,-112.5,9.3796875,0.0
261,-112.5,9.703125,0.0
262,-116.25,10.0265625,0.0
263,-120.0,10.0265625,0.0
264,-116.25,10.35,0.0
265,-120.0,10.35,0.0
266,-112.5,10.0265625,0.0
267,-112.5,10.35,0.0
268,-108.75,0.010107421875,0.0
269,-108.75,-0.0,0.0
270,-108.75,0.02021484375,0.0
271,-105.0,0.010107421875,0.0
272,-105.0,-0.0,0.0
273,-105.0,0.02021484375,0.0
274,-108.75,0.030322265625,0.0
275,-108.75,0.0404296875,0.0
276,-105.0,0.030322265625,0.0
277,-105.0,0.0404296875,0.0
278,-108.75,0.050537109375,0.0
279,-108.75,0.06064453124999999,0.0
280,-105.0,0.050537109375,0.0
281,-105.0,0.06064453124999999,0.0
282,-108.75,0.07075195312499999,0.0
283,-108.75,0.080859375,0.0
284,-105.0,0.07075195312499999,0.0
285,-105.0,0.080859375,0.0
286,-108.75,0.090966796875,0.0
287,-105.0,0.090966796875,0.0
288,-108.75,0.0960205078125,0.0
289,-108.75,0.10107421875,0.0
290,-105.0,0.0960205078125,0.0
291,-105.0,0.10107421875,0.0
292,-108.75,0.1061279296875,0.0
293,-108.75,0.111181640625,0.0
294,-105.0,0.1061279296875,0.0
295,-105.0,0.111181640625,0.0
296,-108.75,0.1162353515625,0.0
297,-108.75,0.1212890625,0.0
298,-105.0,0.1162353515625,0.0
299,-105.0,0.1212890625,0.0
300,-108.75,0.1263427734375,0.0
301,-108.75,0.131396484375,0.0
302,-105.0,0.1263427734375,0.0
303,-105.0,0.131396484375,0.0
304,-108.75,0.1364501953125,0.0
305,-108.75,0.14150390625,0.0
306,-105.0,0.1364501953125,0.0
307,-105.0,0.14150390625,0.0
308,-108.75,0.1465576171875,0.0
309,-108.75,0.151611328125,0.0
310,-105.0,0.1465576171875,0.0
311,-105.0,0.151611328125,0.0
312,-108.75,0.1566650390625,0.0
313,-108.75,0.16171875,0.0
314,-105.0,0.1566650390625,0.0
315,-105.0,0.16171875,0.0
316,-108.75,0.1667724609375,0.0
317,-108.75,0.171826171875,0.0
318,-105.0,0.1667724609375,0.0
319,-105.0,0.171826171875,0.0
320,-108.75,0.1768798828125,0.0
321,-108.75,0.18193359375,0.0
322,-105.0,0.1768798828125,0.0
323,-105.0,0.18193359375,0.0
324,-108.75,0.1869873046875,0.0
325,-108.75,0.192041015625,0.0
326,-105.0,0.1869873046875,0.0
327,-105.0,0.192041015625,0.0
328,-108.75,0.1970947265625,0.0
329,-108.75,0.2,0.0
330,-108.75,0.2021484375,0.0
331,-105.0,0.1970947265625,0.0
332,-105.0,0.2,0.0
333,-105.0,0.2021484375,0.0
334,-108.75,0.2072021484375,0.0
335,-108.75,0.212255859375,0.0
336,-105.0,0.2072021484375,0.0
337,-105.0,0.212255859375,0.0
338,-108.75,0.2173095703125,0.0
339,-108.75,0.22236328125,0.0
340,-105.0,0.2173095703125,0.0
341,-105.0,0.22236328125,0.0
342,-108.75,0.2274169921875,0.0
343,-108.75,0.232470703125,0.0
344,-105.0,0.2274169921875,0.0
345,-105.0,0.232470703125,0.0
346,-108.75,0.2375244140625,0.0
347,-108.75,0.242578125,0.0
348,-105.0,0.2375244140625,0.0
349,-105.0,0.242578125,0.0
350,-108.75,0.2476318359375,0.0
351,-108.75,0.252685546875,0.0
352,-105.0,0.2476318359375,0.0
353,-105.0,0.252685546875,0.0
354,-108.75,0.2577392578125,0.0
355,-108.75,0.26279296875,0.0
356,-105.0,0.2577392578125,0.0
357,-105.0,0.26279296875,0.0
358,-108.75,0.2678466796875,0.0
359,-108.75,0.2729003906249999,0.0
360,-105.0,0.2678466796875,0.0
361,-105.0,0.2729003906249999,0.0
362,-108.75,0.2779541015624999,0.0
363,-108.75,0.2830078125,0.0
364,-105.0,0.2779541015624999,0.0
365,-105.0,0.2830078125,0.0
366,-108.75,0.2880615234375,0.0
367,-108.75,0.293115234375,0.0
368,-105.0,0.2880615234375,0.0
369,-105.0,0.293115234375,0.0
370,-108.75,0.2981689453125,0.0
371,-108.75,0.30322265625,0.0
372,-105.0,0.2981689453125,0.0
373,-105.0,0.30322265625,0.0
374,-108.75,0.313330078125,0.0
375,-105.0,0.313330078125,0.0
376,-108.75,0.3234375,0.0
377,-105.0,0.3234375,0.0
378,-108.75,0.34365234375,0.0
379,-105.0,0.34365234375,0.0
380,-108.75,0.3638671875,0.0
381,-105.0,0.3638671875,0.0
382,-108.75,0.404296875,0.0
383,-105.0,0.404296875,0.0
384,-108.75,0.48515625,0.0
385,-105.0,0.48515625,0.0
386,-108.75,0.646875,0.0
387,-105.0,0.646875,0.0
388,-108.75,0.9703124999999999,0.0
389,-105.0,0.9703124999999999,0.0
390,-108.75,1.29375,0.0
391,-105.0,1.29375,0.0
392,-108.75,1.6171875,0.0
393,-108.75,1.940625,0.0
394,-105.0,1.6171875,0.0
395,-105.0,1.940625,0.0
396,-108.75,2.2640625,0.0
397,-108.75,2.5875,0.0
398,-105.0,2.2640625,0.0
399,-105.0,2.5875,0.0
400,-108.75,2.9109375,0.0
401,-108.75,3.234375,0.0
402,-105.0,2.9109375,0.0
403,-105.0,3.234375,0.0
404,-108.75,3.5578125,0.0
405,-108.75,3.88125,0.0
406,-105.0,3.5578125,0.0
407,-105.0,3.88125,0.0
408,-108.75,4.204687499999999,0.0
409,-108.75,4.528124999999999,0.0
410,-105.0,4.204687499999999,0.0
411,-105.0,4.528124999999999,0.0
412,-108.75,4.8515625,0.0
413,-108.75,5.175,0.0
414,-105.0,4.8515625,0.0
415,-105.0,5.175,0.0
416,-108.75,5.4984375,0.0
417,-108.75,5.821875,0.0
418,-105.0,5.4984375,0.0
419,-105.0,5.821875,0.0
420,-108.75,6.1453125,0.0
421,-108.75,6.46875,0.0
422,-105.0,6.1453125,0.0
423,-105.0,6.46875,0.0
424,-108.75,6.7921875,0.0
425,-108.75,7.115625,0.0
426,-105.0,6.7921875,0.0
427,-105.0,7.115625,0.0
428,-108.75,7.439062499999999,0.0
429,-108.75,7.762499999999999,0.0
430,-105.0,7.439062499999999,0.0
431,-105.0,7.762499999999999,0.0
432,-108.75,8.0859375,0.0
433,-108.75,8.409374999999999,0.0
434,-105.0,8.0859375,0.0
435,-105.0,8.409374999999999,0.0
436,-108.75,8.732812499999998,0.0
437,-108.75,9.056249999999999,0.0
438,-105.0,8.732812499999998,0.0
439,-105.0,9.056249999999999,0.0
440,-108.75,9.3796875,0.0
441,-108.75,9.703125,0.0
442,-105.0,9.3796875,0.0
443,-105.0,9.703125,0.0
444,-108.75,10.0265625,0.0
445,-108.75,10.35,0.0
446,-105.0,10.0265625,0.0
447,-105.0,10.35,0.0
448,-101.25,0.010107421875,0.0
449,-101.25,-0.0,0.0
450,-101.25,0.02021484375,0.0
451,-97.5,0.010107421875,0.0
452,-97.5,-0.0,0.0
453,-97.5,0.02021484375,0.0
454,-101.25,0.030322265625,0.0
455,-101.25,0.0404296875,0.0
456,-97.5,0.030322265625,0.0
457,-97.5,0.0404296875,0.0
458,-101.25,0.050537109375,0.0
459,-101.25,0.06064453124999999,0.0
460,-97.5,0.050537109375,0.0
461,-97.5,0.06064453124999999,0.0
462,-101.25,0.07075195312499999,0.0
463,-101.25,0.080859375,0.0
464,-97.5,0.07075195312499999,0.0
465,-97.5,0.080859375,0.0
466,-101.25,0.090966796875,0.0
467,-97.5,0.090966796875,0.0
468,-101.25,0.0960205078125,0.0
469,-101.25,0.10107421875,0.0
470,-97.5,0.0960205078125,0.0
471,-97.5,0.10107421875,0.0
472,-101.25,0.1061279296875,0.0
473,-101.25,0.111181640625,0.0
474,-97.5,0.1061279296875,0.0
475,-97.5,0.111181640625,0.0
476,-101.25,0.1162353515625,0.0
477,-101.25,0.1212890625,0.0
478,-97.5,0.1162353515625,0.0
479,-97.5,0.1212890625,0.0
480,-101.25,0.1263427734375,0.0
481,-101.25,0.131396484375,0.0
482,-97.5,0.1263427734375,0.0
483,-97.5,0.131396484375,0.0
484,-101.25,0.1364501953125,0.0
485,-101.25,0.14150390625,0.0
486,-97.5,0.1364501953125,0.0
487,-97.5,0.14150390625,0.0
488,-101.25,0.1465576171875,0.0
489,-101.25,0.151611328125,0.0
490,-97.5,0.1465576171875,0.0
491,-97.5,0.151611328125,0.0
492,-101.25,0.1566650390625,0.0
493,-101.25,0.16171875,0.0
494,-97.5,0.1566650390625,0.0
495,-97.5,0.16171875,0.0
496,-101.25,0.1667724609375,0.0
497,-101.25,0.171826171875,0.0
498,-97.5,0.1667724609375,0.0
499,-97.5,0.171826171875,0.0
500,-101.25,0.1768798828125,0.0
501,-101.25,0.18193359375,0.0
502,-97.5,0.1768798828125,0.0
503,-97.5,0.18193359375,0.0
504,-101.25,0.1869873046875,0.0
505,-101.25,0.192041015625,0.0
506,-97.5,0.1869873046875,0.0
507,-97.5,0.192041015625,0.0
508,-101.25,0.1970947265625,0.0
509,-101.25,0.2,0.0
510,-101.25,0.2021484375,0.0
511,-97.5,0.1970947265625,0.0
512,-97.5,0.2,0.0
513,-97.5,0.2021484375,0.0
514,-101.25,0.2072021484375,0.0
515,-101.25,0.212255859375,0.0
516,-97.5,0.2072021484375,0.0
517,-97.5,0.212255859375,0.0
518,-101.25,0.2173095703125,0.0
519,-101.25,0.22236328125,0.0
520,-97.5,0.2173095703125,0.0
521,-97.5,0.22236328125,0.0
522,-101.25,0.2274169921875,0.0
523,-101.25,0.232470703125,0.0
524,-97.5,0.2274169921875,0.0
525,-97.5,0.232470703125,0.0
526,-101.25,0.2375244140625,0.0
527,-101.25,0.242578125,0.0
528,-97.5,0.2375244140625,0.0
529,-97.5,0.242578125,0.0
530,-101.25,0.2476318359375,0.0
531,-101.25,0.252685546875,0.0
532,-97.5,0.2476318359375,0.0
533,-97.5,0.252685546875,0.0
534,-101.25,0.2577392578125,0.0
535,-101.25,0.26279296875,0.0
536,-97.5,0.2577392578125,0.0
537,-97.5,0.26279296875,0.0
538,-101.25,0.2678466796875,0.0
539,-101.25,0.2729003906249999,0.0
540,-97.5,0.2678466796875,0.0
541,-97.5,0.2729003906249999,0.0
542,-101.25,0.2779541015624999,0.0
543,-101.25,0.2830078125,0.0
544,-97.5,0.2779541015624999,0.0
545,-97.5,0.2830078125,0.0
546,-101.25,0.2880615234375,0.0
547,-101.25,0.293115234375,0.0
548,-97.5,0.2880615234375,0.0
549,-97.5,0.293115234375,0.0
550,-101.25,0.2981689453125,0.0
551,-101.25,0.30322265625,0.0
552,-97.5,0.2981689453125,0.0
553,-97.5,0.30322265625,0.0
554,-101.25,0.313330078125,0.0
555,-97.5,0.313330078125,0.0
556,-101.25,0.3234375,0.0
557,-97.5,0.3234375,0.0
558,-101.25,0.34365234375,0.0
559,-97.5,0.34365234375,0.0
560,-101.25,0.3638671875,0.0
561,-97.5,0.3638671875,0.0
562,-101.25,0.404296875,0.0
563,-97.5,0.404296875,0.0
564,-101.25,0.48515625,0.0
565,-97.5,0.48515625,0.0
566,-101.25,0.646875,0.0
567,-97.5,0.646875,0.0
568,-101.25,0.9703124999999999,0.0
569,-97.5,0.9703124999999999,0.0
570,-101.25,1.29375,0.0
571,-97.5,1.29375,0.0
572,-101.25,1.6171875,0.0
573,-101.25,1.940625,0.0
574,-97.5,1.6171875,0.0
575,-97.5,1.940625,0.0
576,-101.25,2.2640625,0.0
577,-101.25,2.5875,0.0
578,-97.5,2.2640625,0.0
579,-97.5,2.5875,0.0
580,-101.25,2.9109375,0.0
581,-101.25,3.234375,0.0
582,-97.5,2.9109375,0.0
583,-97.5,3.234375,0.0
584,-101.25,3.5578125,0.0
585,-101.25,3.88125,0.0
586,-97.5,3.5578125,0.0
587,-97.5,3.88125,0.0
588,-101.25,4.204687499999999,0.0
589,-101.25,4.528124999999999,0.0
590,-97.5,4.204687499999999,0.0
591,-97.5,4.528124999999999,0.0
592,-101.25,4.8515625,0.0
593,-101.25,5.175,0.0
594,-97.5,4.8515625,0.0
595,-97.5,5.175,0.0
596,-101.25,5.4984375,0.0
597,-101.25,5.821875,0.0
598,-97.5,5.4984375,0.0
599,-97.5,5.821875,0.0
600,-101.25,6.1453125,0.0
601,-101.25,6.46875,0.0
602,-97.5,6.1453125,0.0
603,-97.5,6.46875,0.0
604,-101.25,6.7921875,0.0
605,-101.25,7.115625,0.0
606,-97.5,6.7921875,0.0
607,-97.5,7.115625,0.0
608,-101.25,7.439062499999999,0.0
609,-101.25,7.762499999999999,0.0
610,-97.5,7.439062499999999,0.0
611,-97.5,7.762499999999999,0.0
612,-101.25,8.0859375,0.0
613,-101.25,8.409374999999999,0.0
614,-97.5,8.0859375,0.0
615,-97.5,8.409374999999999,0.0
616,-101.25,8.732812499999998,0.0
617,-101.25,9.056249999999999,0.0
618,-97.5,8.732812499999998,0.0
619,-97.5,9.056249999999999,0.0
620,-101.25,9.3796875,0.0
621,-101.25,9.703125,0.0
622,-97.5,9.3796875,0.0
623,-97.5,9.703125,0.0
624,-101.25,10.0265625,0.0
625,-101.25,10.35,0.0
626,-97.5,10.0265625,0.0
627,-97.5,10.35,0.0
628,-93.75,0.010107421875,0.0
629,-93.75,-0.0,0.0
630,-93.75,0.02021484375,0.0
631,-90.0,0.010107421875,0.0
632,-90.0,-0.0,0.0
633,-90.0,0.02021484375,0.0
634,-93.75,0.030322265625,0.0
635,-93.75,0.0404296875,0.0
636,-90.0,0.030322265625,0.0
637,-90.0,0.0404296875,0.0
638,-93.75,0.050537109375,0.0
639,-93.75,0.06064453124999999,0.0
640,-90.0,0.050537109375,0.0
641,-90.0,0.06064453124999999,0.0
642,-93.75,0.07075195312499999,0.0
643,-93.75,0.080859375,0.0
644,-90.0,0.07075195312499999,0.0
645,-90.0,0.080859375,0.0
646,-93.75,0.090966796875,0.0
647,-90.0,0.090966796875,0.0
648,-93.75,0.0960205078125,0.0
649,-93.75,0.10107421875,0.0
650,-90.0,0.0960205078125,0.0
651,-90.0,0.10107421875,0.0
652,-93.75,0.1061279296875,0.0
653,-93.75,0.111181640625,0.0
654,-90.0,0.1061279296875,0.0
655,-90.0,0.111181640625,0.0
656,-93.75,0.1162353515625,0.0
657,-93.75,0.1212890625,0.0
658,-90.0,0.1162353515625,0.0
659,-90.0,0.1212890625,0.0
660,-93.75,0.1263427734375,0.0
661,-93.75,0.131396484375,0.0
662,-90.0,0.1263427734375,0.0
663,-90.0,0.131396484375,0.0
664,-93.75,0.1364501953125,0.0
665,-93.75,0.14150390625,0.0
666,-90.0,0.1364501953125,0.0
667,-90.0,0.14150390625,0.0
668,-93.75,0.1465576171875,0.0
669,-93.75,0.151611328125,0.0
670,-90.0,0.1465576171875,0.0
671,-90.0,0.151611328125,0.0
672,-93.75,0.1566650390625,0.0
673,-93.75,0.16171875,0.0
674,-90.0,0.1566650390625,0.0
675,-90.0,0.16171875,0.0
676,-93.75,0.1667724609375,0.0
677,-93.75,0.171826171875,0.0
678,-90.0,0.1667724609375,0.0
679,-90.0,0.171826171875,0.0
680,-93.75,0.1768798828125,0.0
681,-93.75,0.18193359375,0.0
682,-90.0,0.1768798828125,0.0
683,-90.0,0.18193359375,0.0
684,-93.75,0.1869873046875,0.0
685,-93.75,0.192041015625,0.0
686,-90.0,0.1869873046875,0.0
687,-90.0,0.192041015625,0.0
688,-93.75,0.1970947265625,0.0
689,-93.75,0.2,0.0
690,-93.75,0.2021484375,0.0
691,-90.0,0.1970947265625,0.0
692,-90.0,0.2,0.0
693,-90.0,0.2021484375,0.0
694,-93.75,0.2072021484375,0.0
695,-93.75,0.212255859375,0.0
696,-90.0,0.2072021484375,0.0
697,-90.0,0.212255859375,0.0
698,-93.75,0.2173095703125,0.0
699,-93.75,0.22236328125,0.0
700,-90.0,0.2173095703125,0.0
701,-90.0,0.22236328125,0.0
702,-93.75,0.2274169921875,0.0
703,-93.75,0.232470703125,0.0
704,-90.0,0.2274169921875,0.0
705,-90.0,0.232470703125,0.0
706,-93.75,0.2375244140625,0.0
707,-93.75,0.242578125,0.0
708,-90.0,0.2375244140625,0.0
709,-90.0,0.242578125,0.0
710,-93.75,0.2476318359375,0.0
711,-93.75,0.252685546875,0.0
712,-90.0,0.2476318359375,0.0
713,-90.0,0.252685546875,0.0
714,-93.75,0.2577392578125,0.0
715,-93.75,0.26279296875,0.0
716,-90.0,0.2577392578125,0.0
717,-90.0,0.26279296875,0.0
718,-93.75,0.2678466796875,0.0
719,-93.75,0.2729003906249999,0.0
720,-90.0,0.2678466796875,0.0
721,-90.0,0.2729003906249999,0.0
722,-93.75,0.2779541015624999,0.0
723,-93.75,0.2830078125,0.0
724,-90.0,0.2779541015624999,0.0
725,-90.0,0.2830078125,0.0
726,-93.75,0.2880615234375,0.0
727,-93.75,0.293115234375,0.0
728,-90.0,0.2880615234375,0.0
729,-90.0,0.293115234375,0.0
730,-93.75,0.2981689453125,0.0
731,-93.75,0.30322265625,0.0
732,-90.0,0.2981689453125,0.0
733,-90.0,0.30322265625,0.0
734,-93.75,0.313330078125,0.0
735,-90.0,0.313330078125,0.0
736,-93.75,0.3234375,0.0
737,-90.0,0.3234375,0.0
738,-93.75,0.34365234375,0.0
739,-90.0,0.34365234375,0.0
740,-93.75,0.3638671875,0.0
741,-90.0,0.3638671875,0.0
742,-93.75,0.404296875,0.0
743,-90.0,0.404296875,0.0
744,-93.75,0.48515625,0.0
745,-90.0,0.48515625,0.0
746,-93.75,0.646875,0.0
747,-90.0,0.646875,0.0
748,-93.75,0.9703124999999999,0.0
749,-90.0,0.9703124999999999,0.0
750,-93.75,1.29375,0.0
751,-90.0,1.29375,0.0
752,-93.75,1.6171875,0.0
753,-93.75,1.940625,0.0
754,-90.0,1.6171875,0.0
755,-90.0,1.940625,0.0
756,-93.75,2.2640625,0.0
757,-93.75,2.5875,0.0
758,-90.0,2.2640625,0.0
759,-90.0,2.5875,0.0
760,-93.75,2.9109375,0.0
761,-93.75,3.234375,0.0
762,-90.0,2.9109375,0.0
763,-90.0,3.234375,0.0
764,-93.75,3.5578125,0.0
765,-93.75,3.88125,0.0
766,-90.0,3.5578125,0.0
767,-90.0,3.88125,0.0
768,-93.75,4.204687499999999,0.0
769,-93.75,4.528124999999999,0.0
770,-90.0,4.204687499999999,0.0
771,-90.0,4.528124999999999,0.0
772,-93.75,4.8515625,0.0
773,-93.75,5.175,0.0
774,-90.0,4.8515625,0.0
775,-90.0,5.175,0.0
776,-93.75,5.4984375,0.0
777,-93.75,5.821875,529937.7441406252
778,-90.0,5.4984375,0.0
779,-90.0,5.821875,2119750.976562501
780,-93.75,6.1453125,609386.7375300463
781,-93.75,6.46875,0.0
782,-90.0,6.1453125,2437546.950120185
783,-90.0,6.46875,0.0
784,-93.75,6.7921875,0.0
785,-93.75,7.115625,0.0
786,-90.0,6.7921875,0.0
787,-90.0,7.115625,0.0
788,-93.75,7.439062499999999,0.0
789,-93.75,7.762499999999999,0.0
790,-90.0,7.439062499999999,0.0
791,-90.0,7.762499999999999,0.0
792,-93.75,8.0859375,0.0
793,-93.75,8.409374999999999,0.0
794,-90.0,8.0859375,0.0
795,-90.0,8.409374999999999,0.0
796,-93.75,8.732812499999998,0.0
797,-93.75,9.056249999999999,0.0
798,-90.0,8.732812499999998,0.0
799,-90.0,9.056249999999999,0.0
800,-93.75,9.3796875,0.0
801,-93.75,9.703125,0.0
802,-90.0,9.3796875,0.0
803,-90.0,9.703125,0.0
804,-93.75,10.0265625,0.0
805,-93.75,10.35,0.0
806,-90.0,10.0265625,0.0
807,-90.0,10.35,0.0
808,-86.25,0.010107421875,0.0
809,-86.25,-0.0,0.0
810,-86.25,0.02021484375,0.0
811,-82.5,0.010107421875,0.0
812,-82.5,-0.0,0.0
813,-82.5,0.02021484375,0.0
814,-86.25,0.030322265625,0.0
815,-86.25,0.0404296875,0.0
816,-82.5,0.030322265625,0.0
817,-82.5,0.0404296875,0.0
818,-86.25,0.050537109375,0.0
819,-86.25,0.06064453124999999,0.0
820,-82.5,0.050537109375,0.0
821,-82.5,0.06064453124999999,0.0
822,-86.25,0.07075195312499999,0.0
823,-86.25,0.080859375,0.0
824,-82.5,0.07075195312499999,0.0
825,-82.5,0.080859375,0.0
826,-86.25,0.090966796875,0.0
827,-82.5,0.090966796875,0.0
828,-86.25,0.0960205078125,0.0
829,-86.25,0.10107421875,0.0
830,-82.5,0.0960205078125,0.0
831,-82.5,0.10107421875,0.0
832,-86.25,0.1061279296875,0.0
833,-86.25,0.111181640625,0.0
834,-82.5,0.1061279296875,0.0
835,-82.5,0.111181640625,0.0
836,-86.25,0.1162353515625,0.0
837,-86.25,0.1212890625,0.0
838,-82.5,0.1162353515625,0.0
839,-82.5,0.1212890625,0.0
840,-86.25,0.1263427734375,0.0
841,-86.25,0.131396484375,0.0
842,-82.5,0.1263427734375,0.0
843,-82.5,0.131396484375,0.0
844,-86.25,0.1364501953125,0.0
845,-86.25,0.14150390625,0.0
846,-82.5,0.1364501953125,0.0
847,-82.5,0.14150390625,0.0
848,-86.25,0.1465576171875,0.0
849,-86.25,0.151611328125,0.0
850,-82.5,0.1465576171875,0.0
851,-82.5,0.151611328125,0.0
852,-86.25,0.1566650390625,0.0
853,-86.25,0.16171875,0.0
854,-82.5,0.1566650390625,0.0
855,-82.5,0.16171875,0.0
856,-86.25,0.1667724609375,0.0
857,-86.25,0.171826171875,0.0
858,-82.5,0.1667724609375,0.0
859,-82.5,0.171826171875,0.0
860,-86.25,0.1768798828125,0.0
861,-86.25,0.18193359375,0.0
862,-82.5,0.1768798828125,0.0
863,-82.5,0.18193359375,0.0
864,-86.25,0.1869873046875,0.0
865,-86.25,0.192041015625,0.0
866,-82.5,0.1869873046875,0.0
867,-82.5,0.192041015625,0.0
868,-86.25,0.1970947265625,0.0
869,-86.25,0.2,0.0
870,-86.25,0.2021484375,0.0
871,-82.5,0.1970947265625,0.0
872,-82.5,0.2,0.0
873,-82.5,0.2021484375,0.0
874,-86.25,0.2072021484375,0.0
875,-86.25,0.212255859375,0.0
876,-82.5,0.2072021484375,0.0
877,-82.5,0.212255859375,0.0
878,-86.25,0.2173095703125,0.0
879,-86.25,0.22236328125,0.0
880,-82.5,0.2173095703125,0.0
881,-82.5,0.22236328125,0.0
882,-86.25,0.2274169921875,0.0
883,-86.25,0.232470703125,0.0
884,-82.5,0.2274169921875,0.0
885,-82.5,0.232470703125,0.0
886,-86.25,0.2375244140625,0.0
887,-86.25,0.242578125,0.0
888,-82.5,0.2375244140625,0.0
889,-82.5,0.242578125,0.0
890,-86.25,0.2476318359375,0.0
891,-86.25,0.252685546875,0.0
892,-82.5,0.2476318359375,0.0
893,-82.5,0.252685546875,0.0
894,-86.25,0.2577392578125,0.0
895,-86.25,0.26279296875,0.0
896,-82.5,0.2577392578125,0.0
897,-82.5,0.26279296875,0.0
898,-86.25,0.2678466796875,0.0
899,-86.25,0.2729003906249999,0.0
900,-82.5,0.2678466796875,0.0
901,-82.5,0.2729003906249999,0.0
902,-86.25,0.2779541015624999,0.0
903,-86.25,0.2830078125,0.0
904,-82.5,0.2779541015624999,0.0
905,-82.5,0.2830078125,0.0
906,-86.25,0.2880615234375,0.0
907,-86.25,0.293115234375,0.0
908,-82.5,0.2880615234375,0.0
909,-82.5,0.293115234375,0.0
910,-86.25,0.2981689453125,0.0
911,-86.25,0.30322265625,0.0
912,-82.5,0.2981689453125,0.0
913,-82.5,0.30322265625,0.0
914,-86.25,0.313330078125,0.0
915,-82.5,0.313330078125,0.0
916,-86.25,0.3234375,0.0
917,-82.5,0.3234375,0.0
918,-86.25,0.34365234375,0.0
919,-82.5,0.34365234375,0.0
920,-86.25,0.3638671875,0.0
921,-82.5,0.3638671875,0.0
922,-86.25,0.404296875,0.0
923,-82.5,0.404296875,0.0
924,-86.25,0.48515625,0.0
925,-82.5,0.48515625,0.0
926,-86.25,0.646875,0.0
927,-82.5,0.646875,0.0
928,-86.25,0.9703124999999999,0.0
929,-82.5,0.9703124999999999,0.0
930,-86.25,1.29375,0.0
931,-82.5,1.29375,0.0
932,-86.25,1.6171875,0.0
933,-86.25,1.940625,0.0
934,-82.5,1.6171875,0.0
935,-82.5,1.940625,0.0
936,-86.25,2.2640625,0.0
937,-86.25,2.5875,0.0
938,-82.5,2.2640625,0.0
939,-82.5,2.5875,0.0
940,-86.25,2.9109375,0.0
941,-86.25,3.234375,0.0
942,-82.5,2.9109375,0.0
943,-82.5,3.234375,0.0
944,-86.25,3.5578125,0.0
945,-86.25,3.88125,0.0
946,-82.5,3.5578125,0.0
947,-82.5,3.88125,0.0
948,-86.25,4.204687499999999,0.0
949,-86.25,4.528124999999999,0.0
950,-82.5,4.204687499999999,0.0
951,-82.5,4.528124999999999,0.0
952,-86.25,4.8515625,0.0
953,-86.25,5.175,0.0
954,-82.5,4.8515625,0.0
955,-82.5,5.175,0.0
956,-86.25,5.4984375,0.0
957,-86.25,5.821875,3709564.2089843773
958,-82.5,5.4984375,0.0
959,-82.5,5.821875,5299377.441406253
960,-86.25,6.1453125,4265707.162710324
961,-86.25,6.46875,0.0
962,-82.5,6.1453125,6093867.375300461
963,-82.5,6.46875,0.0
964,-86.25,6.7921875,0.0
965,-86.25,7.115625,0.0
966,-82.5,6.7921875,0.0
967,-82.5,7.115625,0.0
968,-86.25,7.439062499999999,0.0
969,-86.25,7.762499999999999,0.0
970,-82.5,7.439062499999999,0.0
971,-82.5,7.762499999999999,0.0
972,-86.25,8.0859375,0.0
973,-86.25,8.409374999999999,0.0
974,-82.5,8.0859375,0.0
975,-82.5,8.409374999999999,0.0
976,-86.25,8.732812499999998,0.0
977,-86.25,9.056249999999999,0.0
978,-82.5,8.732812499999998,0.0
979,-82.5,9.056249999999999,0.0
980,-86.25,9.3796875,0.0
981,-86.25,9.703125,0.0
982,-82.5,9.3796875,0.0
983,-82.5,9.703125,0.0
984,-86.25,10.0265625,0.0
985,-86.25,10.35,0.0
986,-82.5,10.0265625,0.0
987,-82.5,10.35,0.0
988,-78.75,0.010107421875,0.0
989,-78.75,-0.0,0.0
990,-78.75,0.02021484375,0.0
991,-75.0,0.010107421875,0.0
992,-75.0,-0.0,0.0
993,-75.0,0.02021484375,0.0
994,-78.75,0.030322265625,0.0
995,-78.75,0.0404296875,0.0
996,-75.0,0.030322265625,0.0
997,-75.0,0.0404296875,0.0
998,-78.75,0.050537109375,0.0
999,-78.75,0.06064453124999999,0.0
1000,-75.0,0.050537109375,0.0
1001,-75.0,0.06064453124999999,0.0
1002,-78.75,0.07075195312499999,0.0
1003,-78.75,0.080859375,0.0
1004,-75.0,0.07075195312499999,0.0
1005,-75.0,0.080859375,0.0
1006,-78.75,0.090966796875,0.0
1007,-75.0,0.090966796875,0.0
1008,-78.75,0.0960205078125,0.0
1009,-78.75,0.10107421875,0.0
1010,-75.0,0.0960205078125,0.0
1011,-75.0,0.10107421875,0.0
1012,-78.75,0.1061279296875,0.0
1013,-78.75,0.111181640625,0.0
1014,-75.0,0.1061279296875,0.0
1015,-75.0,0.111181640625,0.0
1016,-78.75,0.1162353515625,0.0
1017,-78.75,0.1212890625,0.0
1018,-75.0,0.1162353515625,0.0
1019,-75.0,0.1212890625,0.0
1020,-78.75,0.1263427734375,0.0
1021,-78.75,0.131396484375,0.0
1022,-75.0,0.1263427734375,0.0
1023,-75.0,0.131396484375,0.0
1024,-78.75,0.1364501953125,0.0
1025,-78.75,0.14150390625,0.0
1026,-75.0,0.1364501953125,0.0
1027,-75.0,0.14150390625,0.0
1028,-78.75,0.1465576171875,0.0
1029,-78.75,0.151611328125,0.0
1030,-75.0,0.1465576171875,0.0
1031,-75.0,0.151611328125,0.0
1032,-78.75,0.1566650390625,0.0
1033,-78.75,0.16171875,0.0
1034,-75.0,0.1566650390625,0.0
1035,-75.0,0.16171875,0.0
1036,-78.75,0.1667724609375,0.0
1037,-78.75,0.171826171875,0.0
1038,-75.0,0.1667724609375,0.0
1039,-75.0,0.171826171875,0.0
1040,-78.75,0.1768798828125,0.0
1041,-78.75,0.18193359375,0.0
1042,-75.0,0.1768798828125,0.0
1043,-75.0,0.18193359375,0.0
1044,-78.75,0.1869873046875,0.0
1045,-78.75,0.192041015625,0.0
1046,-75.0,0.1869873046875,0.0
1047,-75.0,0.192041015625,0.0
1048,-78.75,0.1970947265625,0.0
1049,-78.75,0.2,0.0
1050,-78.75,0.2021484375,0.0
1051,-75.0,0.1970947265625,0.0
1052,-75.0,0.2,0.0
1053,-75.0,0.2021484375,0.0
1054,-78.75,0.2072021484375,0.0
1055,-78.75,0.212255859375,0.0
1056,-75.0,0.2072021484375,0.0
1057,-75.0,0.212255859375,0.0
1058,-78.75,0.2173095703125,0.0
1059,-78.75,0.22236328125,0.0
1060,-75.0,0.2173095703125,0.0
1061,-75.0,0.22236328125,0.0
1062,-78.75,0.2274169921875,0.0
1063,-78.75,0.232470703125,0.0
1064,-75.0,0.2274169921875,0.0
1065,-75.0,0.232470703125,0.0
1066,-78.75,0.2375244140625,0.0
1067,-78.75,0.242578125,0.0
1068,-75.0,0.2375244140625,0.0
1069,-75.0,0.242578125,0.0
1070,-78.75,0.2476318359375,0.0
1071,-78.75,0.252685546875,0.0
1072,-75.0,0.2476318359375,0.0
1073,-75.0,0.252685546875,0.0
1074,-78.75,0.2577392578125,0.0
1075,-78.75,0.26279296875,0.0
1076,-75.0,0.2577392578125,0.0
1077,-75.0,0.26279296875,0.0
1078,-78.75,0.2678466796875,0.0
1079,-78.75,0.2729003906249999,0.0
1080,-75.0,0.2678466796875,0.0
1081,-75.0,0.2729003906249999,0.0
1082,-78.75,0.2779541015624999,0.0
1083,-78.75,0.2830078125,0.0
1084,-75.0,0.2779541015624999,0.0
1085,-75.0,0.2830078125,0.0
1086,-78.75,0.2880615234375,0.0
1087,-78.75,0.293115234375,0.0
1088,-75.0,0.2880615234375,0.0
1089,-75.0,0.293115234375,0.0
1090,-78.75,0.2981689453125,0.0
1091,-78.75,0.30322265625,0.0
1092,-75.0,0.2981689453125,0.0
1093,-75.0,0.30322265625,0.0
1094,-78.75,0.313330078125,0.0
1095,-75.0,0.313330078125,0.0
1096,-78.75,0.3234375,0.0
1097,-75.0,0.3234375,0.0
1098,-78.75,0.34365234375,0.0
1099,-75.0,0.34365234375,0.0
1100,-78.75,0.3638671875,0.0
1101,-75.0,0.3638671875,0.0
1102,-78.75,0.404296875,0.0
1103,-75.0,0.404296875,0.0
1104,-78.75,0.48515625,0.0
1105,-75.0,0.48515625,0.0
1106,-78.75,0.646875,0.0
1107,-75.0,0.646875,0.0
1108,-78.75,0.9703124999999999,0.0
1109,-75.0,0.9703124999999999,0.0
1110,-78.75,1.29375,0.0
1111,-75.0,1.29375,0.0
1112,-78.75,1.6171875,0.0
1113,-78.75,1.940625,0.0
1114,-75.0,1.6171875,0.0
1115,-75.0,1.940625,0.0
1116,-78.75,2.2640625,0.0
1117,-78.75,2.5875,0.0
1118,-75.0,2.2640625,0.0
1119,-75.0,2.5875,0.0
1120,-78.75,2.9109375,0.0
1121,-78.75,3.234375,0.0
1122,-75.0,2.9109375,0.0
1123,-75.0,3.234375,0.0
1124,-78.75,3.5578125,0.0
1125,-78.75,3.88125,0.0
1126,-75.0,3.5578125,0.0
1127,-75.0,3.88125,0.0
1128,-78.75,4.204687499999999,0.0
1129,-78.75,4.528124999999999,0.0
1130,-75.0,4.204687499999999,0.0
1131,-75.0,4.528124999999999,0.0
1132,-78.75,4.8515625,0.0
1133,-78.75,5.175,0.0
1134,-75.0,4.8515625,0.0
1135,-75.0,5.175,0.0
1136,-78.75,5.4984375,0.0
1137,-78.75,5.821875,6889190.673828129
1138,-75.0,5.4984375,0.0
1139,-75.0,5.821875,8479003.906250004
1140,-78.75,6.1453125,7922027.587890601
1141,-78.75,6.46875,0.0
1142,-75.0,6.1453125,9750187.80048074
1143,-75.0,6.46875,0.0
1144,-78.75,6.7921875,0.0
1145,-78.75,7.115625,0.0
1146,-75.0,6.7921875,0.0
1147,-75.0,7.115625,0.0
1148,-78.75,7.439062499999999,0.0
1149,-78.75,7.762499999999999,0.0
1150,-75.0,7.439062499999999,0.0
1151,-75.0,7.762499999999999,0.0
1152,-78.75,8.0859375,0.0
1153,-78.75,8.409374999999999,0.0
1154,-75.0,8.0859375,0.0
1155,-75.0,8.409374999999999,0.0
1156,-78.75,8.732812499999998,0.0
1157,-78.75,9.056249999999999,0.0
1158,-75.0,8.732812499999998,0.0
1159,-75.0,9.056249999999999,0.0
1160,-78.75,9.3796875,0.0
1161,-78.75,9.703125,0.0
1162,-75.0,9.3796875,0.0
1163,-75.0,9.703125,0.0
1164,-78.75,10.0265625,0.0
1165,-78.75,10.35,0.0
1166,-75.0,10.0265625,0.0
1167,-75.0,10.35,0.0
1168,-71.25,0.010107421875,0.0
1169,-71.25,-0.0,0.0
1170,-71.25,0.02021484375,0.0
1171,-67.5,0.010107421875,0.0
1172,-67.5,-0.0,0.0
1173,-67.5,0.02021484375,0.0
1174,-71.25,0.030322265625,0.0
1175,-71.25,0.0404296875,0.0
1176,-67.5,0.030322265625,0.0
1177,-67.5,0.0404296875,0.0
1178,-71.25,0.050537109375,0.0
1179,-71.25,0.06064453124999999,0.0
1180,-67.5,0.050537109375,0.0
1181,-67.5,0.06064453124999999,0.0
1182,-71.25,0.07075195312499999,0.0
1183,-71.25,0.080859375,0.0
1184,-67.5,0.07075195312499999,0.0
1185,-67.5,0.080859375,0.0
1186,-71.25,0.090966796875,0.0
1187,-67.5,0.090966796875,0.0
1188,-71.25,0.0960205078125,0.0
1189,-71.25,0.10107421875,0.0
1190,-67.5,0.0960205078125,0.0
1191,-67.5,0.10107421875,0.0
1192,-71.25,0.1061279296875,0.0
1193,-71.25,0.111181640625,0.0
1194,-67.5,0.1061279296875,0.0
1195,-67.5,0.111181640625,0.0
1196,-71.25,0.1162353515625,0.0
1197,-71.25,0.1212890625,0.0
1198,-67.5,0.1162353515625,0.0
1199,-67.5,0.1212890625,0.0
1200,-71.25,0.1263427734375,0.0
1201,-71.25,0.131396484375,0.0
1202,-67.5,0.1263427734375,0.0
1203,-67.5,0.131396484375,0.0
1204,-71.25,0.1364501953125,0.0
1205,-71.25,0.14150390625,0.0
1206,-67.5,0.1364501953125,0.0
1207,-67.5,0.14150390625,0.0
1208,-71.25,0.1465576171875,0.0
1209,-71.25,0.151611328125,0.0
1210,-67.5,0.1465576171875,0.0
1211,-67.5,0.151611328125,0.0
1212,-71.25,0.1566650390625,0.0
1213,-71.25,0.16171875,0.0
1214,-67.5,0.1566650390625,0.0
1215,-67.5,0.16171875,0.0
1216,-71.25,0.1667724609375,0.0
1217,-71.25,0.171826171875,0.0
1218,-67.5,0.1667724609375,0.0
1219,-67.5,0.171826171875,0.0
1220,-71.25,0.1768798828125,0.0
1221,-71.25,0.18193359375,0.0
1222,-67.5,0.1768798828125,0.0
1223,-67.5,0.18193359375,0.0
1224,-71.25,0.1869873046875,0.0
1225,-71.25,0.192041015625,0.0
1226,-67.5,0.1869873046875,0.0
1227,-67.5,0.192041015625,0.0
1228,-71.25,0.1970947265625,0.0
1229,-71.25,0.2,0.0
1230,-71.25,0.2021484375,0.0
1231,-67.5,0.1970947265625,0.0
1232,-67.5,0.2,0.0
1233,-67.5,0.2021484375,0.0
1234,-71.25,0.2072021484375,0.0
1235,-71.25,0.212255859375,0.0
1236,-67.5,0.2072021484375,0.0
1237,-67.5,0.212255859375,0.0
1238,-71.25,0.2173095703125,0.0
1239,-71.25,0.22236328125,0.0
1240,-67.5,0.2173095703125,0.0
1241,-67.5,0.22236328125,0.0
1242,-71.25,0.2274169921875,0.0
1243,-71.25,0.232470703125,0.0
1244,-67.5,0.2274169921875,0.0
1245,-67.5,0.232470703125,0.0
1246,-71.25,0.2375244140625,0.0
1247,-71.25,0.242578125,0.0
1248,-67.5,0.2375244140625,0.0
1249,-67.5,0.242578125,0.0
1250,-71.25,0.2476318359375,0.0
1251,-71.25,0.252685546875,0.0
1252,-67.5,0.2476318359375,0.0
1253,-67.5,0.252685546875,0.0
1254,-71.25,0.2577392578125,0.0
1255,-71.25,0.26279296875,0.0
1256,-67.5,0.2577392578125,0.0
1257,-67.5,0.26279296875,0.0
1258,-71.25,0.2678466796875,0.0
1259,-71.25,0.2729003906249999,0.0
1260,-67.5,0.2678466796875,0.0
1261,-67.5,0.2729003906249999,0.0
1262,-71.25,0.2779541015624999,0.0
1263,-71.25,0.2830078125,0.0
1264,-67.5,0.2779541015624999,0.0
1265,-67.5,0.2830078125,0.0
1266,-71.25,0.2880615234375,0.0
1267,-71.25,0.293115234375,0.0
1268,-67.5,0.2880615234375,0.0
1269,-67.5,0.293115234375,0.0
1270,-71.25,0.2981689453125,0.0
1271,-71.25,0.30322265625,0.0
1272,-67.5,0.2981689453125,0.0
1273,-67.5,0.30322265625,0.0
1274,-71.25,0.313330078125,0.0
1275,-67.5,0.313330078125,0.0
1276,-71.25,0.3234375,0.0
1277,-67.5,0.3234375,0.0
1278,-71.25,0.34365234375,0.0
1279,-67.5,0.34365234375,0.0
1280,-71.25,0.3638671875,0.0
1281,-67.5,0.3638671875,0.0
1282,-71.25,0.404296875,0.0
1283,-67.5,0.404296875,0.0
1284,-71.25,0.48515625,0.0
1285,-67.5,0.48515625,0.0
1286,-71.25,0.646875,0.0
1287,-67.5,0.646875,0.0
1288,-71.25,0.9703124999999999,0.0
1289,-67.5,0.9703124999999999,0.0
1290,-71.25,1.29375,0.0
1291,-67.5,1.29375,0.0
1292,-71.25,1.6171875,0.0
1293,-71.25,1.940625,0.0
1294,-67.5,1.6171875,0.0
1295,-67.5,1.940625,0.0
1296,-71.25,2.2640625,0.0
1297,-71.25,2.5875,0.0
1298,-67.5,2.2640625,0.0
1299,-67.5,2.5875,0.0
1300,-71.25,2.9109375,0.0
1301,-71.25,3.234375,0.0
1302,-67.5,2.9109375,0.0
1303,-67.5,3.234375,0.0
1304,-71.25,3.5578125,0.0
1305,-71.25,3.88125,0.0
1306,-67.5,3.5578125,0.0
1307,-67.5,3.88125,0.0
1308,-71.25,4.204687499999999,0.0
1309,-71.25,4.528124999999999,0.0
1310,-67.5,4.204687499999999,0.0
1311,-67.5,4.528124999999999,0.0
1312,-71.25,4.8515625,0.0
1313,-71.25,5.175,0.0
1314,-67.5,4.8515625,0.0
1315,-67.5,5.175,0.0
1316,-71.25,5.4984375,0.0
1317,-71.25,5.821875,5299377.441406253
1318,-67.5,5.4984375,0.0
1319,-67.5,5.821875,2119750.976562501
1320,-71.25,6.1453125,6093867.375300461
1321,-71.25,6.46875,0.0
1322,-67.5,6.1453125,2437546.950120185
1323,-67.5,6.46875,0.0
1324,-71.25,6.7921875,0.0
1325,-71.25,7.115625,0.0
1326,-67.5,6.7921875,0.0
1327,-67.5,7.115625,0.0
1328,-71.25,7.439062499999999,0.0
1329,-71.25,7.762499999999999,0.0
1330,-67.5,7.439062499999999,0.0
1331,-67.5,7.762499999999999,0.0
1332,-71.25,8.0859375,0.0
1333,-71.25,8.409374999999999,0.0
1334,-67.5,8.0859375,0.0
1335,-67.5,8.409374999999999,0.0
1336,-71.25,8.732812499999998,0.0
1337,-71.25,9.056249999999999,0.0
1338,-67.5,8.732812499999998,0.0
1339,-67.5,9.056249999999999,0.0
1340,-71.25,9.3796875,0.0
1341,-71.25,9.703125,0.0
1342,-67.5,9.3796875,0.0
1343,-67.5,9.703125,0.0
1344,-71.25,10.0265625,0.0
1345,-71.25,10.35,0.0
1346,-67.5,10.0265625,0.0
1347,-67.5,10.35,0.0
1348,-63.75,0.010107421875,0.0
1349,-63.75,-0.0,0.0
1350,-63.75,0.02021484375,0.0
1351,-60.0,0.010107421875,0.0
1352,-60.0,-0.0,0.0
1353,-60.0,0.02021484375,0.0
1354,-63.75,0.030322265625,0.0
1355,-63.75,0.0404296875,0.0
1356,-60.0,0.030322265625,0.0
1357,-60.0,0.0404296875,0.0
1358,-63.75,0.050537109375,0.0
1359,-63.75,0.06064453124999999,0.0
1360,-60.0,0.050537109375,0.0
1361,-60.0,0.06064453124999999,0.0
1362,-63.75,0.07075195312499999,0.0
1363,-63.75,0.080859375,0.0
1364,-60.0,0.07075195312499999,0.0
1365,-60.0,0.080859375,0.0
1366,-63.75,0.090966796875,0.0
1367,-60.0,0.090966796875,0.0
1368,-63.75,0.0960205078125,0.0
1369,-63.75,0.10107421875,0.0
1370,-60.0,0.0960205078125,0.0
1371,-60.0,0.10107421875,0.0
1372,-63.75,0.1061279296875,0.0
1373,-63.75,0.111181640625,0.0
1374,-60.0,0.1061279296875,0.0
1375,-60.0,0.111181640625,0.0
1376,-63.75,0.1162353515625,0.0
1377,-63.75,0.1212890625,0.0
1378,-60.0,0.1162353515625,0.0
1379,-60.0,0.1212890625,0.0
1380,-63.75,0.1263427734375,0.0
1381,-63.75,0.131396484375,0.0
1382,-60.0,0.1263427734375,0.0
1383,-60.0,0.131396484375,0.0
1384,-63.75,0.1364501953125,0.0
1385,-63.75,0.14150390625,0.0
1386,-60.0,0.1364501953125,0.0
1387,-60.0,0.14150390625,0.0
1388,-63.75,0.1465576171875,0.0
1389,-63.75,0.151611328125,0.0
1390,-60.0,0.1465576171875,0.0
1391,-60.0,0.151611328125,0.0
1392,-63.75,0.1566650390625,0.0
1393,-63.75,0.16171875,0.0
1394,-60.0,0.1566650390625,0.0
1395,-60.0,0.16171875,0.0
1396,-63.75,0.1667724609375,0.0
1397,-63.75,0.171826171875,0.0
1398,-60.0,0.1667724609375,0.0
1399,-60.0,0.171826171875,0.0
1400,-63.75,0.1768798828125,0.0
1401,-63.75,0.18193359375,0.0
1402,-60.0,0.1768798828125,0.0
1403,-60.0,0.18193359375,0.0
1404,-63.75,0.1869873046875,0.0
1405,-63.75,0.192041015625,0.0
1406,-60.0,0.1869873046875,0.0
1407,-60.0,0.192041015625,0.0
1408,-63.75,0.1970947265625,0.0
1409,-63.75,0.2,0.0
1410,-63.75,0.2021484375,0.0
1411,-60.0,0.1970947265625,0.0
1412,-60.0,0.2,0.0
1413,-60.0,0.2021484375,0.0
1414,-63.75,0.2072021484375,0.0
1415,-63.75,0.212255859375,0.0
1416,-60.0,0.2072021484375,0.0
1417,-60.0,0.212255859375,0.0
1418,-63.75,0.2173095703125,0.0
1419,-63.75,0.22236328125,0.0
1420,-60.0,0.2173095703125,0.0
1421,-60.0,0.22236328125,0.0
1422,-63.75,0.2274169921875,0.0
1423,-63.75,0.232470703125,0.0
1424,-60.0,0.2274169921875,0.0
1425,-60.0,0.232470703125,0.0
1426,-63.75,0.2375244140625,0.0
1427,-63.75,0.242578125,0.0
1428,-60.0,0.2375244140625,0.0
1429,-60.0,0.242578125,0.0
1430,-63.75,0.2476318359375,0.0
1431,-63.75,0.252685546875,0.0
1432,-60.0,0.2476318359375,0.0
1433,-60.0,0.252685546875,0.0
1434,-63.75,0.2577392578125,0.0
1435,-63.75,0.26279296875,0.0
1436,-60.0,0.2577392578125,0.0
1437,-60.0,0.26279296875,0.0
1438,-63.75,0.2678466796875,0.0
1439,-63.75,0.2729003906249999,0.0
1440,-60.0,0.2678466796875,0.0
1441,-60.0,0.2729003906249999,0.0
1442,-63.75,0.2779541015624999,0.0
1443,-63.75,0.2830078125,0.0
1444,-60.0,0.2779541015624999,0.0
1445,-60.0,0.2830078125,0.0
1446,-63.75,0.2880615234375,0.0
1447,-63.75,0.293115234375,0.0
1448,-60.0,0.2880615234375,0.0
1449,-60.0,0.293115234375,0.0
1450,-63.75,0.2981689453125,0.0
1451,-63.75,0.30322265625,0.0
1452,-60.0,0.2981689453125,0.0
1453,-60.0,0.30322265625,0.0
1454,-63.75,0.313330078125,0.0
1455,-60.0,0.313330078125,0.0
1456,-63.75,0.3234375,0.0
1457,-60.0,0.3234375,0.0
1458,-63.75,0.34365234375,0.0
1459,-60.0,0.34365234375,0.0
1460,-63.75,0.3638671875,0.0
1461,-60.0,0.3638671875,0.0
1462,-63.75,0.404296875,0.0
1463,-60.0,0.404296875,0.0
1464,-63.75,0.48515625,0.0
1465,-60.0,0.48515625,0.0
1466,-63.75,0.646875,0.0
1467,-60.0,0.646875,0.0
1468,-63.75,0.9703124999999999,0.0
1469,-60.0,0.9703124999999999,0.0
1470,-63.75,1.29375,0.0
1471,-60.0,1.29375,0.0
1472,-63.75,1.6171875,838666.0844851765
1473,-63.75,1.940625,332352.54010583594
1474,-60.0,1.6171875,3354664.337940706
1475,-60.0,1.940625,1329410.1604233438
1476,-63.75,2.2640625,222377.33759431762
1477,-63.75,2.5875,642861.912393162
1478,-60.0,2.2640625,889509.3503772705
1479,-60.0,2.5875,2571447.649572648
1480,-63.75,2.9109375,121312.69406049694
1481,-63.75,3.234375,226625.0479934562
1482,-60.0,2.9109375,485250.77624198777
1483,-60.0,3.234375,906500.1919738248
1484,-63.75,3.5578125,510365.6214526566
1485,-63.75,3.88125,763705.7834201385
1486,-60.0,3.5578125,2041462.4858106263
1487,-60.0,3.88125,3054823.133680554
1488,-63.75,4.204687499999999,389242.42329393944
1489,-63.75,4.528124999999999,195428.3102964738
1490,-60.0,4.204687499999999,1556969.6931757578
1491,-60.0,4.528124999999999,781713.2411858952
1492,-63.75,4.8515625,167652.30618990416
1493,-63.75,5.175,296981.420272436
1494,-60.0,4.8515625,670609.2247596167
1495,-60.0,5.175,1187925.681089744
1496,-63.75,5.4984375,601799.5981069708
1497,-63.75,5.821875,2487243.1306757466
1498,-60.0,5.4984375,2407198.392427883
1499,-60.0,5.821875,9948972.522702986
1500,-63.75,6.1453125,502724.88064236037
1501,-63.75,6.46875,310069.75744524575
1502,-60.0,6.1453125,2010899.5225694415
1503,-60.0,6.46875,1240279.029780983
1504,-63.75,6.7921875,152435.4331513754
1505,-63.75,7.115625,201226.12847222225
1506,-60.0,6.7921875,609741.7326055015
1507,-60.0,7.115625,804904.513888889
1508,-63.75,7.439062499999999,118577.14530749268
1509,-63.75,7.762499999999999,208472.09702190256
1510,-60.0,7.439062499999999,474308.58122997073
1511,-60.0,7.762499999999999,833888.3880876102
1512,-63.75,8.0859375,152322.02252771112
1513,-63.75,8.409374999999999,318147.0561231298
1514,-60.0,8.0859375,609288.0901108445
1515,-60.0,8.409374999999999,1272588.2244925192
1516,-63.75,8.732812499999998,929886.516342818
1517,-63.75,9.056249999999999,141378.28859508943
1518,-60.0,8.732812499999998,3719546.065371272
1519,-60.0,9.056249999999999,565513.1543803577
1520,-63.75,9.3796875,0.0
1521,-63.75,9.703125,0.0
1522,-60.0,9.3796875,0.0
1523,-60.0,9.703125,0.0
1524,-63.75,10.0265625,0.0
1525,-63.75,10.35,0.0
1526,-60.0,10.0265625,0.0
1527,-60.0,10.35,0.0
1528,-56.25,0.010107421875,0.0
1529,-56.25,-0.0,0.0
1530,-56.25,0.02021484375,0.0
1531,-52.5,0.010107421875,0.0
1532,-52.5,-0.0,0.0
1533,-52.5,0.02021484375,0.0
1534,-56.25,0.030322265625,0.0
1535,-56.25,0.0404296875,0.0
1536,-52.5,0.030322265625,0.0
1537,-52.5,0.0404296875,0.0
1538,-56.25,0.050537109375,0.0
1539,-56.25,0.06064453124999999,0.0
1540,-52.5,0.050537109375,0.0
1541,-52.5,0.06064453124999999,0.0
1542,-56.25,0.07075195312499999,0.0
1543,-56.25,0.080859375,0.0
1544,-52.5,0.07075195312499999,0.0
1545,-52.5,0.080859375,0.0
1546,-56.25,0.090966796875,0.0
1547,-52.5,0.090966796875,0.0
1548,-56.25,0.0960205078125,0.0
1549,-56.25,0.10107421875,0.0
1550,-52.5,0.0960205078125,0.0
1551,-52.5,0.10107421875,6954278.955704126
1552,-56.25,0.1061279296875,0.0
1553,-56.25,0.111181640625,0.0
1554,-52.5,0.1061279296875,7013739.698361127
1555,-52.5,0.111181640625,7073200.441018128
1556,-56.25,0.1162353515625,0.0
1557,-56.25,0.1212890625,0.0
1558,-52.5,0.1162353515625,7132661.18367513
1559,-52.5,0.1212890625,7192121.926332132
1560,-56.25,0.1263427734375,0.0
1561,-56.25,0.131396484375,0.0
1562,-52.5,0.1263427734375,7251582.668989132
1563,-52.5,0.131396484375,7311043.411646134
1564,-56.25,0.1364501953125,0.0
1565,-56.25,0.14150390625,0.0
1566,-52.5,0.1364501953125,7370504.154303134
1567,-52.5,0.14150390625,7429964.8969601365
1568,-56.25,0.1465576171875,0.0
1569,-56.25,0.151611328125,0.0
1570,-52.5,0.1465576171875,7489425.639617137
1571,-52.5,0.151611328125,7548886.382274138
1572,-56.25,0.1566650390625,0.0
1573,-56.25,0.16171875,0.0
1574,-52.5,0.1566650390625,7608347.12493114
1575,-52.5,0.16171875,7667807.86758814
1576,-56.25,0.1667724609375,0.0
1577,-56.25,0.171826171875,0.0
1578,-52.5,0.1667724609375,7727268.610245142
1579,-52.5,0.171826171875,7786729.352902142
1580,-56.25,0.1768798828125,0.0
1581,-56.25,0.18193359375,0.0
1582,-52.5,0.1768798828125,7846190.095559144
1583,-52.5,0.18193359375,7905650.838216146
1584,-56.25,0.1869873046875,0.0
1585,-56.25,0.192041015625,0.0
1586,-52.5,0.1869873046875,7965111.580873147
1587,-52.5,0.192041015625,8024572.323530149
1588,-56.25,0.1970947265625,0.0
1589,-56.25,0.2,0.0
1590,-56.25,0.2021484375,0.0
1591,-52.5,0.1970947265625,8084033.066187149
1592,-52.5,0.2,8118215.811965812
1593,-52.5,0.2021484375,8143493.80884415
1594,-56.25,0.2072021484375,0.0
1595,-56.25,0.212255859375,0.0
1596,-52.5,0.2072021484375,8202954.551501151
1597,-52.5,0.212255859375,8262415.294158152
1598,-56.25,0.2173095703125,0.0
1599,-56.25,0.22236328125,0.0
1600,-52.5,0.2173095703125,8321876.036815153
1601,-52.5,0.22236328125,8381336.779472155
1602,-56.25,0.2274169921875,0.0
1603,-56.25,0.232470703125,0.0
1604,-52.5,0.2274169921875,8440797.522129156
1605,-52.5,0.232470703125,8500258.264786158
1606,-56.25,0.2375244140625,0.0
1607,-56.25,0.242578125,0.0
1608,-52.5,0.2375244140625,8559719.007443158
1609,-52.5,0.242578125,8619179.75010016
1610,-56.25,0.2476318359375,0.0
1611,-56.25,0.252685546875,0.0
1612,-52.5,0.2476318359375,8678640.49275716
1613,-52.5,0.252685546875,8738101.235414162
1614,-56.25,0.2577392578125,0.0
1615,-56.25,0.26279296875,0.0
1616,-52.5,0.2577392578125,8797561.978071164
1617,-52.5,0.26279296875,8857022.720728165
1618,-56.25,0.2678466796875,0.0
1619,-56.25,0.2729003906249999,0.0
1620,-52.5,0.2678466796875,8916483.463385165
1621,-52.5,0.2729003906249999,8975944.206042167
1622,-56.25,0.2779541015624999,0.0
1623,-56.25,0.2830078125,0.0
1624,-52.5,0.2779541015624999,9035404.948699167
1625,-52.5,0.2830078125,9094865.69135617
1626,-56.25,0.2880615234375,0.0
1627,-56.25,0.293115234375,0.0
1628,-52.5,0.2880615234375,9154326.434013171
1629,-52.5,0.293115234375,9213787.176670171
1630,-56.25,0.2981689453125,0.0
1631,-56.25,0.30322265625,0.0
1632,-52.5,0.2981689453125,9273247.919327173
1633,-52.5,0.30322265625,9321142.734625401
1634,-56.25,0.313330078125,0.0
1635,-52.5,0.313330078125,9403789.26595052
1636,-56.25,0.3234375,0.0
1637,-52.5,0.3234375,9486435.79727564
1638,-56.25,0.34365234375,0.0
1639,-52.5,0.34365234375,9651728.859925881
1640,-56.25,0.3638671875,0.0
1641,-52.5,0.3638671875,9817021.922576122
1642,-56.25,0.404296875,0.0
1643,-52.5,0.404296875,10147608.047876602
1644,-56.25,0.48515625,0.0
1645,-52.5,0.48515625,10808780.298477564
1646,-56.25,0.646875,0.0
1647,-52.5,0.646875,14957791.841947114
1648,-56.25,0.9703124999999999,0.0
1649,-52.5,0.9703124999999999,17601479.085286457
1650,-56.25,1.29375,0.0
1651,-52.5,1.29375,8794876.17688302
1652,-56.25,1.6171875,5870662.591396236
1653,-56.25,1.940625,2326467.7807408515
1654,-52.5,1.6171875,29829477.21562834
1655,-52.5,1.940625,30371294.143546343
1656,-56.25,2.2640625,1556641.3631602232
1657,-56.25,2.5875,4500033.386752134
1658,-52.5,2.2640625,28681094.99678651
1659,-52.5,2.5875,36572208.45018697
1660,-56.25,2.9109375,849188.8584234787
1661,-56.25,3.234375,1586375.3359541935
1662,-52.5,2.9109375,45778338.36221285
1663,-52.5,3.234375,24971104.287693642
1664,-56.25,3.5578125,3572559.350168596
1665,-56.25,3.88125,5345940.483940968
1666,-52.5,3.5578125,17946800.766643286
1667,-52.5,3.88125,19548000.759548604
1668,-56.25,4.204687499999999,2724696.963057576
1669,-56.25,4.528124999999999,1367998.1720753165
1670,-52.5,4.204687499999999,33442482.555422142
1671,-52.5,4.528124999999999,33456668.169070527
1672,-56.25,4.8515625,1173566.1433293293
1673,-56.25,5.175,2078869.941907052
1674,-52.5,4.8515625,32574200.70028712
1675,-52.5,5.175,26607726.529113255
1676,-56.25,5.4984375,4212597.186748795
1677,-56.25,5.821875,17410701.914730225
1678,-52.5,5.4984375,37892681.93693241
1679,-52.5,5.821875,40329808.52697649
1680,-56.25,6.1453125,3519074.1644965224
1681,-56.25,6.46875,2170488.30211672
1682,-52.5,6.1453125,42616415.6921908
1683,-52.5,6.46875,25385801.86631944
1684,-56.25,6.7921875,1067048.0320596278
1685,-56.25,7.115625,1408582.8993055557
1686,-52.5,6.7921875,40548209.00941503
1687,-52.5,7.115625,47801270.57458601
1688,-56.25,7.439062499999999,830040.0171524488
1689,-56.25,7.762499999999999,1459304.679153318
1690,-52.5,7.439062499999999,34062153.76894699
1691,-52.5,7.762499999999999,39070645.95018691
1692,-56.25,8.0859375,1066254.1576939777
1693,-56.25,8.409374999999999,2227029.392861909
1694,-52.5,8.0859375,31672002.2869925
1695,-52.5,8.409374999999999,40513609.27483985
1696,-56.25,8.732812499999998,6509205.614399726
1697,-56.25,9.056249999999999,989648.0201656258
1698,-52.5,8.732812499999998,52560377.33289923
1699,-52.5,9.056249999999999,64705303.4855769
1700,-56.25,9.3796875,0.0
1701,-56.25,9.703125,0.0
1702,-52.5,9.3796875,39478471.17888613
1703,-52.5,9.703125,38569786.867321
1704,-56.25,10.0265625,0.0
1705,-56.25,10.35,0.0
1706,-52.5,10.0265625,31242267.523871582
1707,-52.5,10.35,39359107.90598299
1708,-48.75,0.010107421875,0.0
1709,-48.75,-0.0,0.0
1710,-48.75,0.02021484375,0.0
1711,-45.0,0.010107421875,0.0
1712,-45.0,-0.0,0.0
1713,-45.0,0.02021484375,0.0
1714,-48.75,0.030322265625,0.0
1715,-48.75,0.0404296875,0.0
1716,-45.0,0.030322265625,0.0
1717,-45.0,0.0404296875,0.0
1718,-48.75,0.050537109375,0.0
1719,-48.75,0.06064453124999999,0.0
1720,-45.0,0.050537109375,0.0
1721,-45.0,0.06064453124999999,0.0
1722,-48.75,0.07075195312499999,0.0
1723,-48.75,0.080859375,0.0
1724,-45.0,0.07075195312499999,0.0
1725,-45.0,0.080859375,0.0
1726,-48.75,0.090966796875,0.0
1727,-45.0,0.090966796875,0.0
1728,-48.75,0.0960205078125,0.0
1729,-48.75,0.10107421875,17385697.389260314
1730,-45.0,0.0960205078125,0.0
1731,-45.0,0.10107421875,27817115.822816502
1732,-48.75,0.1061279296875,17534349.245902818
1733,-48.75,0.111181640625,17683001.10254532
1734,-45.0,0.1061279296875,28054958.793444507
1735,-45.0,0.111181640625,28292801.76407251
1736,-48.75,0.1162353515625,17831652.959187824
1737,-48.75,0.1212890625,17980304.815830328
1738,-45.0,0.1162353515625,28530644.73470052
1739,-45.0,0.1212890625,28768487.705328528
1740,-48.75,0.1263427734375,18128956.67247283
1741,-48.75,0.131396484375,18277608.529115334
1742,-45.0,0.1263427734375,29006330.67595653
1743,-45.0,0.131396484375,29244173.646584537
1744,-48.75,0.1364501953125,18426260.385757834
1745,-48.75,0.14150390625,18574912.24240034
1746,-45.0,0.1364501953125,29482016.617212538
1747,-45.0,0.14150390625,29719859.587840546
1748,-48.75,0.1465576171875,18723564.09904284
1749,-48.75,0.151611328125,18872215.955685347
1750,-45.0,0.1465576171875,29957702.558468547
1751,-45.0,0.151611328125,30195545.52909655
1752,-48.75,0.1566650390625,19020867.81232785
1753,-48.75,0.16171875,19169519.66897035
1754,-45.0,0.1566650390625,30433388.49972456
1755,-45.0,0.16171875,30671231.47035256
1756,-48.75,0.1667724609375,19318171.525612857
1757,-48.75,0.171826171875,19466823.382255357
1758,-45.0,0.1667724609375,30909074.44098057
1759,-45.0,0.171826171875,31146917.41160857
1760,-48.75,0.1768798828125,19615475.23889786
1761,-48.75,0.18193359375,19764127.095540367
1762,-45.0,0.1768798828125,31384760.382236578
1763,-45.0,0.18193359375,31622603.352864586
1764,-48.75,0.1869873046875,19912778.952182867
1765,-48.75,0.192041015625,20061430.808825374
1766,-45.0,0.1869873046875,31860446.323492587
1767,-45.0,0.192041015625,32098289.294120595
1768,-48.75,0.1970947265625,20210082.665467873
1769,-48.75,0.2,20295539.529914528
1770,-48.75,0.2021484375,20358734.522110377
1771,-45.0,0.1970947265625,32336132.264748596
1772,-45.0,0.2,32472863.247863248
1773,-45.0,0.2021484375,32573975.2353766
1774,-48.75,0.2072021484375,20507386.37875288
1775,-48.75,0.212255859375,20656038.235395383
1776,-45.0,0.2072021484375,32811818.206004605
1777,-45.0,0.212255859375,33049661.17663261
1778,-48.75,0.2173095703125,20804690.092037886
1779,-48.75,0.22236328125,20953341.948680386
1780,-45.0,0.2173095703125,33287504.147260614
1781,-45.0,0.22236328125,33525347.11788862
1782,-48.75,0.2274169921875,21101993.805322893
1783,-48.75,0.232470703125,21250645.661965393
1784,-45.0,0.2274169921875,33763190.08851662
1785,-45.0,0.232470703125,34001033.05914463
1786,-48.75,0.2375244140625,21399297.518607896
1787,-48.75,0.242578125,21547949.3752504
1788,-45.0,0.2375244140625,34238876.02977263
1789,-45.0,0.242578125,34476719.00040064
1790,-48.75,0.2476318359375,21696601.2318929
1791,-48.75,0.252685546875,21845253.088535406
1792,-45.0,0.2476318359375,34714561.97102864
1793,-45.0,0.252685546875,34952404.94165665
1794,-48.75,0.2577392578125,21993904.94517791
1795,-48.75,0.26279296875,22142556.801820412
1796,-45.0,0.2577392578125,35190247.91228466
1797,-45.0,0.26279296875,35428090.88291266
1798,-48.75,0.2678466796875,22291208.65846291
1799,-48.75,0.2729003906249999,22439860.515105415
1800,-45.0,0.2678466796875,35665933.85354066
1801,-45.0,0.2729003906249999,35903776.82416867
1802,-48.75,0.2779541015624999,22588512.37174792
1803,-48.75,0.2830078125,22737164.228390425
1804,-45.0,0.2779541015624999,36141619.79479667
1805,-45.0,0.2830078125,36379462.76542468
1806,-48.75,0.2880615234375,22885816.08503293
1807,-48.75,0.293115234375,23034467.941675425
1808,-45.0,0.2880615234375,36617305.736052684
1809,-45.0,0.293115234375,36855148.706680685
1810,-48.75,0.2981689453125,23183119.79831793
1811,-48.75,0.30322265625,23302856.8365635
1812,-45.0,0.2981689453125,37092991.67730869
1813,-45.0,0.30322265625,37284570.938501604
1814,-48.75,0.313330078125,23509473.1648763
1815,-45.0,0.313330078125,37615157.06380208
1816,-48.75,0.3234375,23716089.4931891
1817,-45.0,0.3234375,37945743.18910256
1818,-48.75,0.34365234375,24129322.1498147
1819,-45.0,0.34365234375,38606915.439703524
1820,-48.75,0.3638671875,24542554.806440305
1821,-45.0,0.3638671875,39268087.69030449
1822,-48.75,0.404296875,25369020.119691506
1823,-45.0,0.404296875,40590432.19150641
1824,-48.75,0.48515625,27021950.746193912
1825,-45.0,0.48515625,43235121.193910256
1826,-48.75,0.646875,37394479.604867786
1827,-45.0,0.646875,59831167.36778846
1828,-48.75,0.9703124999999999,44003697.71321614
1829,-45.0,0.9703124999999999,70405916.34114583
1830,-48.75,1.29375,21987190.44220755
1831,-45.0,1.29375,35179504.70753208
1832,-48.75,1.6171875,64509700.025248736
1833,-48.75,1.940625,71940004.87759583
1834,-45.0,1.6171875,99189922.83486913
1835,-45.0,1.940625,113508715.61164531
1836,-48.75,2.2640625,69034209.44083446
1837,-48.75,2.5875,83716178.17674947
1838,-45.0,2.2640625,109387323.8848824
1839,-45.0,2.5875,130860147.903312
1840,-48.75,2.9109375,112990093.57680614
1841,-48.75,3.234375,59708260.14331263
1842,-45.0,2.9109375,180201848.79139948
1843,-45.0,3.234375,94445415.99893162
1844,-48.75,3.5578125,38742614.45917634
1845,-48.75,3.88125,39705532.49782985
1846,-45.0,3.5578125,59538428.15170939
1847,-45.0,3.88125,59863064.2361111
1848,-48.75,4.204687499999999,78935297.30902809
1849,-48.75,4.528124999999999,81296530.69911864
1850,-45.0,4.204687499999999,124428112.06263402
1851,-45.0,4.528124999999999,129136393.22916672
1852,-48.75,4.8515625,79423674.07643895
1853,-48.75,5.175,62955539.27951391
1854,-45.0,4.8515625,126273147.45259078
1855,-45.0,5.175,99303352.02991456
1856,-48.75,5.4984375,87510109.66504736
1857,-48.75,5.821875,70977603.74933226
1858,-45.0,5.4984375,137127537.39316234
1859,-45.0,5.821875,101625398.97168803
1860,-48.75,6.1453125,100508340.66276868
1861,-48.75,6.46875,59743667.57645565
1862,-45.0,6.1453125,158400265.63334656
1863,-45.0,6.46875,94101533.28659187
1864,-48.75,6.7921875,99541297.32572106
1865,-48.75,7.115625,117088462.89479837
1866,-45.0,6.7921875,158534385.64202708
1867,-45.0,7.115625,186375655.2150107
1868,-48.75,7.439062499999999,83732458.67867756
1869,-48.75,7.762499999999999,95174949.71120444
1870,-45.0,7.439062499999999,133402763.58840814
1871,-45.0,7.762499999999999,151279253.47222197
1872,-48.75,8.0859375,77352141.44714873
1873,-48.75,8.409374999999999,97466258.51362208
1874,-45.0,8.0859375,123032280.60730493
1875,-45.0,8.409374999999999,154418907.75240427
1876,-48.75,8.732812499999998,120242305.13613427
1877,-48.75,9.056249999999999,160066719.25080115
1878,-45.0,8.732812499999998,187924232.9393693
1879,-45.0,9.056249999999999,255428135.01602542
1880,-48.75,9.3796875,98696177.94721532
1881,-48.75,9.703125,96424467.1683025
1882,-45.0,9.3796875,157913884.71554452
1883,-45.0,9.703125,154279147.469284
1884,-48.75,10.0265625,78105668.80967894
1885,-48.75,10.35,98397769.76495747
1886,-45.0,10.0265625,124969070.09548633
1887,-45.0,10.35,157436431.62393197
1888,-41.25,0.010107421875,0.0
1889,-41.25,-0.0,0.0
1890,-41.25,0.02021484375,0.0
1891,-37.5,0.010107421875,0.0
1892,-37.5,-0.0,0.0
1893,-37.5,0.02021484375,0.0
1894,-41.25,0.030322265625,0.0
1895,-41.25,0.0404296875,0.0
1896,-37.5,0.030322265625,0.0
1897,-37.5,0.0404296875,0.0
1898,-41.25,0.050537109375,0.0
1899,-41.25,0.06064453124999999,0.0
1900,-37.5,0.050537109375,0.0
1901,-37.5,0.06064453124999999,0.0
1902,-41.25,0.07075195312499999,0.0
1903,-41.25,0.080859375,0.0
1904,-37.5,0.07075195312499999,0.0
1905,-37.5,0.080859375,0.0
1906,-41.25,0.090966796875,0.0
1907,-37.5,0.090966796875,0.0
1908,-41.25,0.0960205078125,0.0
1909,-41.25,0.10107421875,155088507.04584363
1910,-37.5,0.0960205078125,0.0
1911,-37.5,0.10107421875,282359898.26887083
1912,-41.25,0.1061279296875,155295990.0403634
1913,-41.25,0.111181640625,155503473.0348831
1914,-37.5,0.1061279296875,282537021.2872823
1915,-37.5,0.111181640625,282714144.30569375
1916,-41.25,0.1162353515625,155710956.02940288
1917,-41.25,0.1212890625,155918439.02392265
1918,-37.5,0.1162353515625,282891267.32410526
1919,-37.5,0.1212890625,283068390.3425168
1920,-41.25,0.1263427734375,156125922.0184424
1921,-41.25,0.131396484375,156333405.01296216
1922,-37.5,0.1263427734375,283245513.36092824
1923,-37.5,0.131396484375,283422636.37933975
1924,-41.25,0.1364501953125,156540888.00748187
1925,-41.25,0.14150390625,156748371.00200164
1926,-37.5,0.1364501953125,283599759.3977512
1927,-37.5,0.14150390625,283776882.4161627
1928,-41.25,0.1465576171875,156955853.99652138
1929,-41.25,0.151611328125,157163336.99104112
1930,-37.5,0.1465576171875,283954005.4345742
1931,-37.5,0.151611328125,284131128.4529857
1932,-41.25,0.1566650390625,157370819.9855609
1933,-41.25,0.16171875,157578302.9800806
1934,-37.5,0.1566650390625,284308251.4713972
1935,-37.5,0.16171875,284485374.4898087
1936,-41.25,0.1667724609375,157785785.9746004
1937,-41.25,0.171826171875,157993268.96912012
1938,-37.5,0.1667724609375,284662497.5082202
1939,-37.5,0.171826171875,284839620.52663165
1940,-41.25,0.1768798828125,158200751.96363986
1941,-41.25,0.18193359375,158408234.95815963
1942,-37.5,0.1768798828125,285016743.5450431
1943,-37.5,0.18193359375,285193866.5634546
1944,-41.25,0.1869873046875,158615717.95267937
1945,-41.25,0.192041015625,158823200.9471991
1946,-37.5,0.1869873046875,285370989.58186615
1947,-37.5,0.192041015625,285548112.60027766
1948,-41.25,0.1970947265625,159030683.94171888
1949,-41.25,0.2,159149961.60523504
1950,-41.25,0.2021484375,159238166.93623862
1951,-37.5,0.1970947265625,285725235.6186891
1952,-37.5,0.2,285827059.96260685
1953,-37.5,0.2021484375,285902358.6371006
1954,-41.25,0.2072021484375,159445649.93075836
1955,-41.25,0.212255859375,159653132.92527813
1956,-37.5,0.2072021484375,286079481.6555121
1957,-37.5,0.212255859375,286256604.6739236
1958,-41.25,0.2173095703125,159860615.91979784
1959,-41.25,0.22236328125,160068098.9143176
1960,-37.5,0.2173095703125,286433727.69233507
1961,-37.5,0.22236328125,286610850.7107466
1962,-41.25,0.2274169921875,160275581.90883735
1963,-41.25,0.232470703125,160483064.9033571
1964,-37.5,0.2274169921875,286787973.72915804
1965,-37.5,0.232470703125,286965096.74756956
1966,-41.25,0.2375244140625,160690547.89787683
1967,-41.25,0.242578125,160898030.8923966
1968,-37.5,0.2375244140625,287142219.7659811
1969,-37.5,0.242578125,287319342.78439254
1970,-41.25,0.2476318359375,161105513.88691634
1971,-41.25,0.252685546875,161312996.88143608
1972,-37.5,0.2476318359375,287496465.80280405
1973,-37.5,0.252685546875,287673588.8212155
1974,-41.25,0.2577392578125,161520479.87595582
1975,-41.25,0.26279296875,161727962.8704756
1976,-37.5,0.2577392578125,287850711.839627
1977,-37.5,0.26279296875,288027834.8580385
1978,-41.25,0.2678466796875,161935445.8649953
1979,-41.25,0.2729003906249999,162142928.85951507
1980,-37.5,0.2678466796875,288204957.87645
1981,-37.5,0.2729003906249999,288382080.89486146
1982,-41.25,0.2779541015624999,162350411.8540348
1983,-41.25,0.2830078125,162557894.84855458
1984,-37.5,0.2779541015624999,288559203.913273
1985,-37.5,0.2830078125,288736326.9316845
1986,-41.25,0.2880615234375,162765377.84307432
1987,-41.25,0.293115234375,162972860.83759406
1988,-37.5,0.2880615234375,288913449.95009595
1989,-37.5,0.293115234375,289090572.9685074
1990,-41.25,0.2981689453125,163180343.8321138
1991,-41.25,0.30322265625,163656188.0062788
1992,-37.5,0.2981689453125,289267695.9869189
1993,-37.5,0.30322265625,290027805.074056
1994,-41.25,0.313330078125,164912832.24056926
1995,-37.5,0.313330078125,292210507.4173365
1996,-41.25,0.3234375,166169476.4748598
1997,-37.5,0.3234375,294393209.760617
1998,-41.25,0.34365234375,168682764.94344077
1999,-37.5,0.34365234375,298758614.44717795
2000,-41.25,0.3638671875,171196053.41202173
2001,-37.5,0.3638671875,303124019.13373893
2002,-41.25,0.404296875,176222630.3491837
2003,-37.5,0.404296875,311854828.506861
2004,-41.25,0.48515625,186275784.22350764
2005,-37.5,0.48515625,329316447.253105
2006,-41.25,0.646875,216914900.7161458
2007,-37.5,0.646875,373998634.0645032
2008,-41.25,0.9703124999999999,259770493.72746393
2009,-37.5,0.9703124999999999,449135071.113782
2010,-41.25,1.29375,270909040.4021435
2011,-37.5,1.29375,506638576.0967548
2012,-41.25,1.6171875,338294735.30043906
2013,-41.25,1.940625,378734036.4374666
2014,-37.5,1.6171875,577399547.766009
2015,-37.5,1.940625,643959357.263288
2016,-41.25,2.2640625,437282096.14549947
2017,-41.25,2.5875,407074129.0231037
2018,-37.5,2.2640625,765176868.4061165
2019,-37.5,2.5875,683288110.1428955
2020,-41.25,2.9109375,448309879.2182073
2021,-41.25,3.234375,382934862.0814136
2022,-37.5,2.9109375,716417909.6450152
2023,-37.5,3.234375,671424308.1638956
2024,-41.25,3.5578125,449911962.1342063
2025,-41.25,3.88125,449021776.30041397
2026,-37.5,3.5578125,840285496.1167033
2027,-37.5,3.88125,838180488.3647169
2028,-41.25,4.204687499999999,534084157.5166104
2029,-41.25,4.528124999999999,496885777.1809897
2030,-37.5,4.204687499999999,943740202.9705868
2031,-37.5,4.528124999999999,864635161.1328127
2032,-41.25,4.8515625,579342521.9987396
2033,-41.25,5.175,573428201.7895299
2034,-37.5,4.8515625,1032411896.5448884
2035,-37.5,5.175,1047553051.5491452
2036,-41.25,5.4984375,662592037.1552815
2037,-41.25,5.821875,633392642.0293303
2038,-37.5,5.4984375,1188056536.9174008
2039,-37.5,5.821875,1165159885.0869722
2040,-41.25,6.1453125,634846019.6992272
2041,-41.25,6.46875,648504914.6342483
2042,-37.5,6.1453125,1111291773.7651079
2043,-37.5,6.46875,1202908295.9819045
2044,-41.25,6.7921875,710307131.645007
2045,-41.25,7.115625,649982161.562667
2046,-37.5,6.7921875,1262079877.647987
2047,-37.5,7.115625,1113588667.9103231
2048,-41.25,7.439062499999999,675505367.4420736
2049,-41.25,7.762499999999999,688901684.3616452
2050,-37.5,7.439062499999999,1217607971.295739
2051,-37.5,7.762499999999999,1226524115.2510686
2052,-41.25,8.0859375,619197899.5820395
2053,-41.25,8.409374999999999,659955837.9344451
2054,-37.5,8.0859375,1115363518.556774
2055,-37.5,8.409374999999999,1165492768.1164858
2056,-41.25,8.732812499999998,646577472.2629122
2057,-41.25,9.056249999999999,754156578.6508405
2058,-37.5,8.732812499999998,1105230711.5864553
2059,-37.5,9.056249999999999,1252885022.2856557
2060,-41.25,9.3796875,682644980.7582757
2061,-41.25,9.703125,640902333.3166405
2062,-37.5,9.3796875,1207376076.801007
2063,-37.5,9.703125,1127525519.163997
2064,-41.25,10.0265625,755148161.798461
2065,-41.25,10.35,821910432.5253744
2066,-37.5,10.0265625,1385327253.5014355
2067,-37.5,10.35,1486384433.4268167
2068,-33.75,0.010107421875,0.0
2069,-33.75,-0.0,0.0
2070,-33.75,0.02021484375,0.0
2071,-30.0,0.010107421875,0.0
2072,-30.0,-0.0,0.0
2073,-30.0,0.02021484375,0.0
2074,-33.75,0.030322265625,0.0
2075,-33.75,0.0404296875,0.0
2076,-30.0,0.030322265625,0.0
2077,-30.0,0.0404296875,0.0
2078,-33.75,0.050537109375,0.0
2079,-33.75,0.06064453124999999,0.0
2080,-30.0,0.050537109375,0.0
2081,-30.0,0.06064453124999999,0.0
2082,-33.75,0.07075195312499999,0.0
2083,-33.75,0.080859375,0.0
2084,-30.0,0.07075195312499999,0.0
2085,-30.0,0.080859375,0.0
2086,-33.75,0.090966796875,0.0
2087,-30.0,0.090966796875,0.0
2088,-33.75,0.0960205078125,0.0
2089,-33.75,0.10107421875,545370282.3557405
2090,-30.0,0.0960205078125,0.0
2091,-30.0,0.10107421875,1079858652.1702952
2092,-33.75,0.1061279296875,547308001.1176248
2093,-33.75,0.111181640625,549245719.879509
2094,-30.0,0.1061279296875,1087138878.1148143
2095,-30.0,0.111181640625,1094419104.0593333
2096,-33.75,0.1162353515625,551183438.6413932
2097,-33.75,0.1212890625,553121157.4032775
2098,-30.0,0.1162353515625,1101699330.0038524
2099,-30.0,0.1212890625,1108979555.9483716
2100,-33.75,0.1263427734375,555058876.1651617
2101,-33.75,0.131396484375,556996594.9270461
2102,-30.0,0.1263427734375,1116259781.8928907
2103,-30.0,0.131396484375,1123540007.8374097
2104,-33.75,0.1364501953125,558934313.6889303
2105,-33.75,0.14150390625,560872032.4508146
2106,-30.0,0.1364501953125,1130820233.7819285
2107,-30.0,0.14150390625,1138100459.7264478
2108,-33.75,0.1465576171875,562809751.2126987
2109,-33.75,0.151611328125,564747469.974583
2110,-30.0,0.1465576171875,1145380685.6709666
2111,-30.0,0.151611328125,1152660911.615486
2112,-33.75,0.1566650390625,566685188.7364672
2113,-33.75,0.16171875,568622907.4983515
2114,-30.0,0.1566650390625,1159941137.560005
2115,-30.0,0.16171875,1167221363.504524
2116,-33.75,0.1667724609375,570560626.2602358
2117,-33.75,0.171826171875,572498345.02212
2118,-30.0,0.1667724609375,1174501589.4490428
2119,-30.0,0.171826171875,1181781815.3935618
2120,-33.75,0.1768798828125,574436063.7840043
2121,-33.75,0.18193359375,576373782.5458885
2122,-30.0,0.1768798828125,1189062041.338081
2123,-30.0,0.18193359375,1196342267.2826002
2124,-33.75,0.1869873046875,578311501.3077728
2125,-33.75,0.192041015625,580249220.0696571
2126,-30.0,0.1869873046875,1203622493.2271192
2127,-30.0,0.192041015625,1210902719.1716383
2128,-33.75,0.1970947265625,582186938.8315413
2129,-33.75,0.2,583300893.0956197
2130,-33.75,0.2021484375,584124657.5934255
2131,-30.0,0.1970947265625,1218182945.116157
2132,-30.0,0.2,1222368195.7799144
2133,-30.0,0.2021484375,1225463171.060676
2134,-33.75,0.2072021484375,586062376.3553098
2135,-33.75,0.212255859375,588000095.1171939
2136,-30.0,0.2072021484375,1232743397.0051951
2137,-30.0,0.212255859375,1240023622.9497142
2138,-33.75,0.2173095703125,589937813.8790783
2139,-33.75,0.22236328125,591875532.6409626
2140,-30.0,0.2173095703125,1247303848.8942332
2141,-30.0,0.22236328125,1254584074.8387523
2142,-33.75,0.2274169921875,593813251.4028468
2143,-33.75,0.232470703125,595750970.164731
2144,-30.0,0.2274169921875,1261864300.7832713
2145,-30.0,0.232470703125,1269144526.7277904
2146,-33.75,0.2375244140625,597688688.9266152
2147,-33.75,0.242578125,599626407.6884995
2148,-30.0,0.2375244140625,1276424752.6723094
2149,-30.0,0.242578125,1283704978.6168284
2150,-33.75,0.2476318359375,601564126.4503838
2151,-33.75,0.252685546875,603501845.212268
2152,-30.0,0.2476318359375,1290985204.5613475
2153,-30.0,0.252685546875,1298265430.5058665
2154,-33.75,0.2577392578125,605439563.9741523
2155,-33.75,0.26279296875,607377282.7360365
2156,-30.0,0.2577392578125,1305545656.4503856
2157,-30.0,0.26279296875,1312825882.3949046
2158,-33.75,0.2678466796875,609315001.4979208
2159,-33.75,0.2729003906249999,611252720.259805
2160,-30.0,0.2678466796875,1320106108.3394237
2161,-30.0,0.2729003906249999,1327386334.2839427
2162,-33.75,0.2779541015624999,613190439.0216893
2163,-33.75,0.2830078125,615128157.7835735
2164,-30.0,0.2779541015624999,1334666560.2284617
2165,-30.0,0.2830078125,1341946786.1729808
2166,-33.75,0.2880615234375,617065876.5454578
2167,-33.75,0.293115234375,619003595.307342
2168,-30.0,0.2880615234375,1349227012.1174998
2169,-30.0,0.293115234375,1356507238.0620189
2170,-33.75,0.2981689453125,620941314.0692263
2171,-33.75,0.30322265625,621799578.3944415
2172,-30.0,0.2981689453125,1363787464.0065382
2173,-30.0,0.30322265625,1364371664.2200437
2174,-33.75,0.313330078125,622289454.2759299
2175,-30.0,0.313330078125,1357930944.498176
2176,-33.75,0.3234375,622779330.1574185
2177,-30.0,0.3234375,1351490224.7763088
2178,-33.75,0.34365234375,623759081.9203956
2179,-30.0,0.34365234375,1338608785.3325737
2180,-33.75,0.3638671875,624738833.6833726
2181,-30.0,0.3638671875,1325727345.8888388
2182,-33.75,0.404296875,626698337.2093266
2183,-30.0,0.404296875,1299964467.0013688
2184,-33.75,0.48515625,630617344.2612348
2185,-30.0,0.48515625,1248438709.226429
2186,-33.75,0.646875,708836027.3312299
2187,-30.0,0.646875,1399180740.4346955
2188,-33.75,0.9703124999999999,854771694.4767878
2189,-30.0,0.9703124999999999,1692952409.793169
2190,-33.75,1.29375,948617750.9014423
2191,-30.0,1.29375,1803096203.926282
2192,-33.75,1.6171875,1055358812.068059
2193,-33.75,1.940625,1131424959.6228967
2194,-30.0,1.6171875,2011026980.043069
2195,-30.0,1.940625,2063371125.0500803
2196,-33.75,2.2640625,1304854614.2578125
2197,-33.75,2.5875,1262019707.5737848
2198,-30.0,2.2640625,2268098307.2916665
2199,-30.0,2.5875,2445786537.62687
2200,-33.75,2.9109375,1295375309.5317087
2201,-33.75,3.234375,1249911121.1793036
2202,-30.0,2.9109375,2496031448.338174
2203,-30.0,3.234375,2408392668.0605636
2204,-33.75,3.5578125,1474270206.1579776
2205,-33.75,3.88125,1487838268.7299678
2206,-30.0,3.5578125,2595477268.316807
2207,-30.0,3.88125,2658494185.6971154
2208,-33.75,4.204687499999999,1610220047.7013226
2209,-33.75,4.528124999999999,1497452463.5354066
2210,-30.0,4.204687499999999,2790347490.9855766
2211,-30.0,4.528124999999999,2660405602.8395433
2212,-33.75,4.8515625,1722403218.0081878
2213,-33.75,5.175,1810658776.5424678
2214,-30.0,4.8515625,2886238433.3057885
2215,-30.0,5.175,3151726252.003205
2216,-33.75,5.4984375,2010642975.2708497
2217,-33.75,5.821875,2014164938.537076
2218,-30.0,5.4984375,3427473290.8069572
2219,-30.0,5.821875,3497645612.772102
2220,-33.75,6.1453125,1906977954.831898
2221,-33.75,6.46875,2044762242.5046742
2222,-30.0,6.1453125,3341144989.900508
2223,-30.0,6.46875,3461517319.3776712
2224,-33.75,6.7921875,2180856308.8963175
2225,-33.75,7.115625,1991492554.7542734
2226,-30.0,6.7921875,3833640110.63535
2227,-30.0,7.115625,3697991202.5908117
2228,-33.75,7.439062499999999,2076330999.2081065
2229,-33.75,7.762499999999999,2094999326.2136087
2230,-30.0,7.439062499999999,3568294875.2378793
2231,-30.0,7.762499999999999,3625180097.322382
2232,-33.75,8.0859375,2049575052.5319676
2233,-33.75,8.409374999999999,2167058511.430789
2234,-30.0,8.0859375,3859878416.5080795
2235,-30.0,8.409374999999999,4160681881.009616
2236,-33.75,8.732812499999998,2000869215.4843583
2237,-33.75,9.056249999999999,2235965135.675412
2238,-30.0,8.732812499999998,3770478248.530982
2239,-30.0,9.056249999999999,4187748588.5750513
2240,-33.75,9.3796875,2176279778.100691
2241,-33.75,9.703125,2158757761.5852046
2242,-30.0,9.3796875,4033528689.914281
2243,-30.0,9.703125,4279208117.1541142
2244,-33.75,10.0265625,2482739546.3470716
2245,-33.75,10.35,2561890285.2897973
2246,-30.0,10.0265625,4514618241.478031
2247,-30.0,10.35,4459459839.075854
2248,-26.25,0.010107421875,0.0
2249,-26.25,-0.0,0.0
2250,-26.25,0.02021484375,0.0
2251,-22.5,0.010107421875,0.0
2252,-22.5,-0.0,0.0
2253,-22.5,0.02021484375,0.0
2254,-26.25,0.030322265625,0.0
2255,-26.25,0.0404296875,0.0
2256,-22.5,0.030322265625,0.0
2257,-22.5,0.0404296875,0.0
2258,-26.25,0.050537109375,0.0
2259,-26.25,0.06064453124999999,0.0
2260,-22.5,0.050537109375,0.0
2261,-22.5,0.06064453124999999,0.0
2262,-26.25,0.07075195312499999,0.0
2263,-26.25,0.080859375,0.0
2264,-22.5,0.07075195312499999,0.0
2265,-22.5,0.080859375,0.0
2266,-26.25,0.090966796875,0.0
2267,-22.5,0.090966796875,0.0
2268,-26.25,0.0960205078125,0.0
2269,-26.25,0.10107421875,1614347021.9848502
2270,-22.5,0.0960205078125,0.0
2271,-22.5,0.10107421875,2294772541.8286448
2272,-26.25,0.1061279296875,1626969755.1120038
2273,-26.25,0.111181640625,1639592488.2391577
2274,-22.5,0.1061279296875,2307461113.8319354
2275,-22.5,0.111181640625,2320149685.835227
2276,-26.25,0.1162353515625,1652215221.366312
2277,-26.25,0.1212890625,1664837954.493466
2278,-22.5,0.1162353515625,2332838257.838518
2279,-22.5,0.1212890625,2345526829.8418093
2280,-26.25,0.1263427734375,1677460687.6206193
2281,-26.25,0.131396484375,1690083420.7477732
2282,-22.5,0.1263427734375,2358215401.8451004
2283,-22.5,0.131396484375,2370903973.8483915
2284,-26.25,0.1364501953125,1702706153.874927
2285,-26.25,0.14150390625,1715328887.002081
2286,-22.5,0.1364501953125,2383592545.8516827
2287,-22.5,0.14150390625,2396281117.8549743
2288,-26.25,0.1465576171875,1727951620.1292343
2289,-26.25,0.151611328125,1740574353.2563884
2290,-22.5,0.1465576171875,2408969689.8582654
2291,-22.5,0.151611328125,2421658261.8615565
2292,-26.25,0.1566650390625,1753197086.3835425
2293,-26.25,0.16171875,1765819819.5106962
2294,-22.5,0.1566650390625,2434346833.8648477
2295,-22.5,0.16171875,2447035405.868139
2296,-26.25,0.1667724609375,1778442552.6378503
2297,-26.25,0.171826171875,1791065285.7650037
2298,-22.5,0.1667724609375,2459723977.8714304
2299,-22.5,0.171826171875,2472412549.874721
2300,-26.25,0.1768798828125,1803688018.8921576
2301,-26.25,0.18193359375,1816310752.0193117
2302,-22.5,0.1768798828125,2485101121.8780127
2303,-22.5,0.18193359375,2497789693.881304
2304,-26.25,0.1869873046875,1828933485.1464653
2305,-26.25,0.192041015625,1841556218.2736192
2306,-22.5,0.1869873046875,2510478265.884595
2307,-22.5,0.192041015625,2523166837.887886
2308,-26.25,0.1970947265625,1854178951.400773
2309,-26.25,0.2,1861435498.4642093
2310,-26.25,0.2021484375,1866801684.527927
2311,-22.5,0.1970947265625,2535855409.891177
2312,-22.5,0.2,2543149806.3568377
2313,-22.5,0.2021484375,2548543981.8944683
2314,-26.25,0.2072021484375,1879424417.6550808
2315,-26.25,0.212255859375,1892047150.7822347
2316,-22.5,0.2072021484375,2561232553.89776
2317,-22.5,0.212255859375,2573921125.901051
2318,-26.25,0.2173095703125,1904669883.9093885
2319,-26.25,0.22236328125,1917292617.0365424
2320,-22.5,0.2173095703125,2586609697.904342
2321,-22.5,0.22236328125,2599298269.9076333
2322,-26.25,0.2274169921875,1929915350.1636963
2323,-26.25,0.232470703125,1942538083.2908502
2324,-22.5,0.2274169921875,2611986841.9109244
2325,-22.5,0.232470703125,2624675413.914216
2326,-26.25,0.2375244140625,1955160816.4180036
2327,-26.25,0.242578125,1967783549.5451574
2328,-22.5,0.2375244140625,2637363985.917507
2329,-22.5,0.242578125,2650052557.9207983
2330,-26.25,0.2476318359375,1980406282.6723113
2331,-26.25,0.252685546875,1993029015.7994652
2332,-22.5,0.2476318359375,2662741129.9240894
2333,-22.5,0.252685546875,2675429701.9273806
2334,-26.25,0.2577392578125,2005651748.926619
2335,-26.25,0.26279296875,2018274482.053773
2336,-22.5,0.2577392578125,2688118273.930672
2337,-22.5,0.26279296875,2700806845.9339633
2338,-26.25,0.2678466796875,2030897215.1809268
2339,-26.25,0.2729003906249999,2043519948.3080802
2340,-22.5,0.2678466796875,2713495417.937254
2341,-22.5,0.2729003906249999,2726183989.940545
2342,-26.25,0.2779541015624999,2056142681.435234
2343,-26.25,0.2830078125,2068765414.5623884
2344,-22.5,0.2779541015624999,2738872561.943836
2345,-22.5,0.2830078125,2751561133.947128
2346,-26.25,0.2880615234375,2081388147.689542
2347,-26.25,0.293115234375,2094010880.8166957
2348,-22.5,0.2880615234375,2764249705.950419
2349,-22.5,0.293115234375,2776938277.95371
2350,-26.25,0.2981689453125,2106633613.9438496
2351,-26.25,0.30322265625,2106943750.0456457
2352,-22.5,0.2981689453125,2789626849.957001
2353,-22.5,0.30322265625,2793616339.884049
2354,-26.25,0.313330078125,2093572434.720422
2355,-22.5,0.313330078125,2791709999.196957
2356,-26.25,0.3234375,2080201119.3951988
2357,-22.5,0.3234375,2789803658.5098658
2358,-26.25,0.34365234375,2053458488.7447517
2359,-22.5,0.34365234375,2785990977.1356826
2360,-26.25,0.3638671875,2026715858.0943046
2361,-22.5,0.3638671875,2782178295.7614994
2362,-26.25,0.404296875,1973230596.7934113
2363,-22.5,0.404296875,2774552933.0131335
2364,-26.25,0.48515625,1866260074.1916232
2365,-22.5,0.48515625,2759302207.5164013
2366,-26.25,0.646875,2089525453.5381608
2367,-22.5,0.646875,2909154787.8689237
2368,-26.25,0.9703124999999999,2531133125.10955
2369,-22.5,0.9703124999999999,3428477404.628656
2370,-26.25,1.29375,2657574656.9511213
2371,-22.5,1.29375,3564586175.3806086
2372,-26.25,1.6171875,2966695148.018079
2373,-26.25,1.940625,2995317290.477264
2374,-22.5,1.6171875,4002566142.2859907
2375,-22.5,1.940625,4124191712.990785
2376,-26.25,2.2640625,3231342000.3255205
2377,-26.25,2.5875,3629553367.6799555
2378,-22.5,2.2640625,4267762396.396734
2379,-22.5,2.5875,4712897122.896635
2380,-26.25,2.9109375,3696687587.14464
2381,-26.25,3.234375,3566874214.941824
2382,-22.5,2.9109375,4878256211.083567
2383,-22.5,3.234375,4969694519.147303
2384,-26.25,3.5578125,3716684330.475636
2385,-26.25,3.88125,3829150102.6642632
2386,-22.5,3.5578125,5232602902.14343
2387,-22.5,3.88125,5430213632.645567
2388,-26.25,4.204687499999999,3970474934.269831
2389,-26.25,4.528124999999999,3823358742.14368
2390,-22.5,4.204687499999999,5543448415.381275
2391,-22.5,4.528124999999999,5443783833.821614
2392,-26.25,4.8515625,4050073648.60339
2393,-26.25,5.175,4492793727.463943
2394,-22.5,4.8515625,5703716574.227097
2395,-22.5,5.175,6179518906.917734
2396,-26.25,5.4984375,4844303606.343065
2397,-26.25,5.821875,4981126287.007128
2398,-22.5,5.4984375,6571159019.222424
2399,-22.5,5.821875,6819693219.98531
2400,-26.25,6.1453125,4775312024.969118
2401,-26.25,6.46875,4878272396.250669
2402,-22.5,6.1453125,6741020951.543304
2403,-22.5,6.46875,6808728400.649372
2404,-26.25,6.7921875,5486423912.374384
2405,-26.25,7.115625,5404489850.42735
2406,-22.5,6.7921875,7749925354.890742
2407,-22.5,7.115625,7668527264.873797
2408,-26.25,7.439062499999999,5060258751.2676525
2409,-26.25,7.762499999999999,5155360868.431155
2410,-22.5,7.439062499999999,7516478600.604717
2411,-22.5,7.762499999999999,7632786921.157182
2412,-26.25,8.0859375,5670181780.484192
2413,-26.25,8.409374999999999,6154305250.588444
2414,-22.5,8.0859375,8278408038.695246
2415,-22.5,8.409374999999999,8822968465.273605
2416,-26.25,8.732812499999998,5540087281.577605
2417,-26.25,9.056249999999999,6139532041.47469
2418,-22.5,8.732812499999998,8293529610.762634
2419,-22.5,9.056249999999999,8826957458.600426
2420,-26.25,9.3796875,5890777601.727872
2421,-26.25,9.703125,6399658472.723024
2422,-22.5,9.3796875,8888973662.234577
2423,-22.5,9.703125,9152363444.427752
2424,-26.25,10.0265625,6546496936.608992
2425,-26.25,10.35,6357029392.861912
2426,-22.5,10.0265625,9609820362.05846
2427,-22.5,10.35,9611026111.778845
2428,-18.75,0.010107421875,0.0
2429,-18.75,-0.0,0.0
2430,-18.75,0.02021484375,0.0
2431,-15.0,0.010107421875,0.0
2432,-15.0,-0.0,0.0
2433,-15.0,0.02021484375,0.0
2434,-18.75,0.030322265625,0.0
2435,-18.75,0.0404296875,0.0
2436,-15.0,0.030322265625,0.0
2437,-15.0,0.0404296875,0.0
2438,-18.75,0.050537109375,0.0
2439,-18.75,0.06064453124999999,0.0
2440,-15.0,0.050537109375,0.0
2441,-15.0,0.06064453124999999,0.0
2442,-18.75,0.07075195312499999,0.0
2443,-18.75,0.080859375,0.0
2444,-15.0,0.07075195312499999,0.0
2445,-15.0,0.080859375,0.0
2446,-18.75,0.090966796875,0.0
2447,-15.0,0.090966796875,0.0
2448,-18.75,0.0960205078125,0.0
2449,-18.75,0.10107421875,3048166636.6870584
2450,-15.0,0.0960205078125,0.0
2451,-15.0,0.10107421875,3801560731.5454726
2452,-18.75,0.1061279296875,3058282713.413238
2453,-18.75,0.111181640625,3068398790.139418
2454,-15.0,0.1061279296875,3809104312.994541
2455,-15.0,0.111181640625,3816647894.4436097
2456,-18.75,0.1162353515625,3078514866.865598
2457,-18.75,0.1212890625,3088630943.5917783
2458,-15.0,0.1162353515625,3824191475.8926783
2459,-15.0,0.1212890625,3831735057.341747
2460,-18.75,0.1263427734375,3098747020.317958
2461,-18.75,0.131396484375,3108863097.0441375
2462,-15.0,0.1263427734375,3839278638.790815
2463,-15.0,0.131396484375,3846822220.239884
2464,-18.75,0.1364501953125,3118979173.770318
2465,-18.75,0.14150390625,3129095250.4964976
2466,-15.0,0.1364501953125,3854365801.6889524
2467,-15.0,0.14150390625,3861909383.1380205
2468,-18.75,0.1465576171875,3139211327.222677
2469,-18.75,0.151611328125,3149327403.9488573
2470,-15.0,0.1465576171875,3869452964.587089
2471,-15.0,0.151611328125,3876996546.036158
2472,-18.75,0.1566650390625,3159443480.6750374
2473,-18.75,0.16171875,3169559557.401217
2474,-15.0,0.1566650390625,3884540127.4852266
2475,-15.0,0.16171875,3892083708.9342947
2476,-18.75,0.1667724609375,3179675634.127397
2477,-18.75,0.171826171875,3189791710.8535767
2478,-15.0,0.1667724609375,3899627290.3833637
2479,-15.0,0.171826171875,3907170871.832432
2480,-18.75,0.1768798828125,3199907787.5797567
2481,-18.75,0.18193359375,3210023864.305937
2482,-15.0,0.1768798828125,3914714453.281501
2483,-15.0,0.18193359375,3922258034.730569
2484,-18.75,0.1869873046875,3220139941.032116
2485,-18.75,0.192041015625,3230256017.7582965
2486,-15.0,0.1869873046875,3929801616.1796374
2487,-15.0,0.192041015625,3937345197.628706
2488,-18.75,0.1970947265625,3240372094.4844756
2489,-18.75,0.2,3246187616.8536325
2490,-18.75,0.2021484375,3250488171.210656
2491,-15.0,0.1970947265625,3944888779.077774
2492,-15.0,0.2,3949225427.3504276
2493,-15.0,0.2021484375,3952432360.526843
2494,-18.75,0.2072021484375,3260604247.936836
2495,-18.75,0.212255859375,3270720324.6630154
2496,-15.0,0.2072021484375,3959975941.975911
2497,-15.0,0.212255859375,3967519523.42498
2498,-18.75,0.2173095703125,3280836401.3891954
2499,-18.75,0.22236328125,3290952478.1153755
2500,-15.0,0.2173095703125,3975063104.874048
2501,-15.0,0.22236328125,3982606686.323117
2502,-18.75,0.2274169921875,3301068554.841555
2503,-18.75,0.232470703125,3311184631.5677347
2504,-15.0,0.2274169921875,3990150267.772186
2505,-15.0,0.232470703125,3997693849.2212543
2506,-18.75,0.2375244140625,3321300708.293915
2507,-18.75,0.242578125,3331416785.020095
2508,-15.0,0.2375244140625,4005237430.6703224
2509,-15.0,0.242578125,4012781012.1193914
2510,-18.75,0.2476318359375,3341532861.7462745
2511,-18.75,0.252685546875,3351648938.4724545
2512,-15.0,0.2476318359375,4020324593.5684595
2513,-15.0,0.252685546875,4027868175.017528
2514,-18.75,0.2577392578125,3361765015.198634
2515,-18.75,0.26279296875,3371881091.924814
2516,-15.0,0.2577392578125,4035411756.466597
2517,-15.0,0.26279296875,4042955337.915665
2518,-18.75,0.2678466796875,3381997168.650994
2519,-18.75,0.2729003906249999,3392113245.377174
2520,-15.0,0.2678466796875,4050498919.3647337
2521,-15.0,0.2729003906249999,4058042500.8138022
2522,-18.75,0.2779541015624999,3402229322.1033535
2523,-18.75,0.2830078125,3412345398.8295336
2524,-15.0,0.2779541015624999,4065586082.2628703
2525,-15.0,0.2830078125,4073129663.7119393
2526,-18.75,0.2880615234375,3422461475.5557137
2527,-18.75,0.293115234375,3432577552.281893
2528,-15.0,0.2880615234375,4080673245.1610074
2529,-15.0,0.293115234375,4088216826.6100764
2530,-18.75,0.2981689453125,3442693629.008073
2531,-18.75,0.30322265625,3452339181.7288527
2532,-15.0,0.2981689453125,4095760408.0591445
2533,-15.0,0.30322265625,4111062023.573656
2534,-18.75,0.313330078125,3471095600.8006363
2535,-15.0,0.313330078125,4150481202.4043155
2536,-18.75,0.3234375,3489852019.872421
2537,-15.0,0.3234375,4189900381.234976
2538,-18.75,0.34365234375,3527364858.01599
2539,-15.0,0.34365234375,4268738738.8962965
2540,-18.75,0.3638671875,3564877696.1595583
2541,-15.0,0.3638671875,4347577096.557617
2542,-18.75,0.404296875,3639903372.446696
2543,-15.0,0.404296875,4505253811.880259
2544,-18.75,0.48515625,3789954725.0209713
2545,-15.0,0.48515625,4820607242.525541
2546,-18.75,0.646875,3793426432.813335
2547,-15.0,0.646875,4677698077.757746
2548,-18.75,0.9703124999999999,4355403466.249124
2549,-15.0,0.9703124999999999,5282329527.869591
2550,-18.75,1.29375,4497864226.512421
2551,-15.0,1.29375,5431142277.644232
2552,-18.75,1.6171875,5078538549.700355
2553,-18.75,1.940625,5351530264.047476
2554,-15.0,1.6171875,6154510957.1147175
2555,-15.0,1.940625,6578868815.104167
2556,-18.75,2.2640625,5340771143.986628
2557,-18.75,2.5875,5746029340.695112
2558,-15.0,2.2640625,6413779891.576522
2559,-15.0,2.5875,6779161558.49359
2560,-18.75,2.9109375,6050281077.588724
2561,-18.75,3.234375,6494684202.014891
2562,-15.0,2.9109375,7222305944.093883
2563,-15.0,3.234375,8019673884.882479
2564,-18.75,3.5578125,6945877228.565704
2565,-18.75,3.88125,7246480969.133947
2566,-15.0,3.5578125,8659151554.98798
2567,-15.0,3.88125,9062748305.62233
2568,-18.75,4.204687499999999,7312844915.406317
2569,-18.75,4.528124999999999,7292944901.686447
2570,-15.0,4.204687499999999,9082241415.431356
2571,-15.0,4.528124999999999,9142105969.551281
2572,-18.75,4.8515625,7602263355.013855
2573,-18.75,5.175,8039072938.368057
2574,-15.0,4.8515625,9500810135.800613
2575,-15.0,5.175,9898626969.818377
2576,-18.75,5.4984375,8453026980.773404
2577,-18.75,5.821875,8835803282.33507
2578,-15.0,5.4984375,10334894942.324387
2579,-15.0,5.821875,10851913344.68483
2580,-18.75,6.1453125,8972500823.870275
2581,-18.75,6.46875,8996034868.810932
2582,-15.0,6.1453125,11203980696.197248
2583,-15.0,6.46875,11183341336.972488
2584,-18.75,6.7921875,10318785617.795765
2585,-18.75,7.115625,10211334062.625198
2586,-15.0,6.7921875,12887645880.700787
2587,-15.0,7.115625,12754140860.376602
2588,-18.75,7.439062499999999,10454826436.595427
2589,-18.75,7.762499999999999,10583835614.691837
2590,-15.0,7.439062499999999,13393174272.586138
2591,-15.0,7.762499999999999,13534884308.22649
2592,-18.75,8.0859375,11285595744.023773
2593,-18.75,8.409374999999999,11829151602.511936
2594,-15.0,8.0859375,14292783449.352297
2595,-15.0,8.409374999999999,14835334739.750263
2596,-18.75,8.732812499999998,11538888588.016869
2597,-18.75,9.056249999999999,11882203857.839209
2598,-15.0,8.732812499999998,14784247565.271101
2599,-15.0,9.056249999999999,14937450257.077991
2600,-18.75,9.3796875,12457643297.087845
2601,-18.75,9.703125,12221195724.20039
2602,-15.0,9.3796875,16026312931.941109
2603,-15.0,9.703125,15290028003.973026
2604,-18.75,10.0265625,13188866152.667185
2605,-18.75,10.35,13543236413.261217
2606,-15.0,10.0265625,16767911943.27591
2607,-15.0,10.35,17475446714.743587
2608,-11.25,0.010107421875,0.0
2609,-11.25,-0.0,0.0
2610,-11.25,0.02021484375,0.0
2611,-7.5,0.010107421875,0.0
2612,-7.5,-0.0,0.0
2613,-7.5,0.02021484375,0.0
2614,-11.25,0.030322265625,0.0
2615,-11.25,0.0404296875,0.0
2616,-7.5,0.030322265625,0.0
2617,-7.5,0.0404296875,0.0
2618,-11.25,0.050537109375,0.0
2619,-11.25,0.06064453124999999,0.0
2620,-7.5,0.050537109375,0.0
2621,-7.5,0.06064453124999999,0.0
2622,-11.25,0.07075195312499999,0.0
2623,-11.25,0.080859375,0.0
2624,-7.5,0.07075195312499999,0.0
2625,-7.5,0.080859375,0.0
2626,-11.25,0.090966796875,0.0
2627,-7.5,0.090966796875,0.0
2628,-11.25,0.0960205078125,0.0
2629,-11.25,0.10107421875,10135245507.50928
2630,-7.5,0.0960205078125,0.0
2631,-7.5,0.10107421875,16468930283.473087
2632,-11.25,0.1061279296875,10255535049.010546
2633,-11.25,0.111181640625,10375824590.511808
2634,-7.5,0.1061279296875,16701965785.026548
2635,-7.5,0.111181640625,16935001286.580011
2636,-11.25,0.1162353515625,10496114132.013075
2637,-11.25,0.1212890625,10616403673.514341
2638,-7.5,0.1162353515625,17168036788.133474
2639,-7.5,0.1212890625,17401072289.686935
2640,-11.25,0.1263427734375,10736693215.015604
2641,-11.25,0.131396484375,10856982756.516874
2642,-7.5,0.1263427734375,17634107791.240395
2643,-7.5,0.131396484375,17867143292.79386
2644,-11.25,0.1364501953125,10977272298.018137
2645,-11.25,0.14150390625,11097561839.519403
2646,-7.5,0.1364501953125,18100178794.34732
2647,-7.5,0.14150390625,18333214295.900787
2648,-11.25,0.1465576171875,11217851381.020668
2649,-11.25,0.151611328125,11338140922.521935
2650,-7.5,0.1465576171875,18566249797.454247
2651,-7.5,0.151611328125,18799285299.00771
2652,-11.25,0.1566650390625,11458430464.0232
2653,-11.25,0.16171875,11578720005.524464
2654,-7.5,0.1566650390625,19032320800.561172
2655,-7.5,0.16171875,19265356302.11463
2656,-11.25,0.1667724609375,11699009547.02573
2657,-11.25,0.171826171875,11819299088.526993
2658,-7.5,0.1667724609375,19498391803.6681
2659,-7.5,0.171826171875,19731427305.221554
2660,-11.25,0.1768798828125,11939588630.02826
2661,-11.25,0.18193359375,12059878171.529526
2662,-7.5,0.1768798828125,19964462806.775017
2663,-7.5,0.18193359375,20197498308.328484
2664,-11.25,0.1869873046875,12180167713.030788
2665,-11.25,0.192041015625,12300457254.532057
2666,-7.5,0.1869873046875,20430533809.881943
2667,-7.5,0.192041015625,20663569311.435406
2668,-11.25,0.1970947265625,12420746796.03332
2669,-11.25,0.2,12489898754.674147
2670,-11.25,0.2021484375,12541036337.534586
2671,-7.5,0.1970947265625,20896604812.98887
2672,-7.5,0.2,21030572081.997864
2673,-7.5,0.2021484375,21129640314.542328
2674,-11.25,0.2072021484375,12661325879.035852
2675,-11.25,0.212255859375,12781615420.537117
2676,-7.5,0.2072021484375,21362675816.095795
2677,-7.5,0.212255859375,21595711317.649254
2678,-11.25,0.2173095703125,12901904962.038383
2679,-11.25,0.22236328125,13022194503.539648
2680,-7.5,0.2173095703125,21828746819.202717
2681,-7.5,0.22236328125,22061782320.75618
2682,-11.25,0.2274169921875,13142484045.040913
2683,-11.25,0.232470703125,13262773586.54218
2684,-7.5,0.2274169921875,22294817822.30964
2685,-7.5,0.232470703125,22527853323.863102
2686,-11.25,0.2375244140625,13383063128.043442
2687,-11.25,0.242578125,13503352669.54471
2688,-7.5,0.2375244140625,22760888825.416565
2689,-7.5,0.242578125,22993924326.970028
2690,-11.25,0.2476318359375,13623642211.045975
2691,-11.25,0.252685546875,13743931752.547241
2692,-7.5,0.2476318359375,23226959828.52349
2693,-7.5,0.252685546875,23459995330.07695
2694,-11.25,0.2577392578125,13864221294.048504
2695,-11.25,0.26279296875,13984510835.54977
2696,-7.5,0.2577392578125,23693030831.630413
2697,-7.5,0.26279296875,23926066333.183876
2698,-11.25,0.2678466796875,14104800377.051033
2699,-11.25,0.2729003906249999,14225089918.552298
2700,-7.5,0.2678466796875,24159101834.737335
2701,-7.5,0.2729003906249999,24392137336.290794
2702,-11.25,0.2779541015624999,14345379460.053562
2703,-11.25,0.2830078125,14465669001.554832
2704,-7.5,0.2779541015624999,24625172837.844254
2705,-7.5,0.2830078125,24858208339.397728
2706,-11.25,0.2880615234375,14585958543.056097
2707,-11.25,0.293115234375,14706248084.55736
2708,-7.5,0.2880615234375,25091243840.951187
2709,-7.5,0.293115234375,25324279342.504642
2710,-11.25,0.2981689453125,14826537626.058626
2711,-11.25,0.30322265625,14899353542.058897
2712,-7.5,0.2981689453125,25557314844.05811
2713,-7.5,0.30322265625,25687645060.544136
2714,-11.25,0.313330078125,14991038072.353752
2715,-7.5,0.313330078125,25831594942.30319
2716,-11.25,0.3234375,15082722602.648613
2717,-7.5,0.3234375,25975544824.06225
2718,-11.25,0.34365234375,15266091663.238327
2719,-7.5,0.34365234375,26263444587.58036
2720,-11.25,0.3638671875,15449460723.828045
2721,-7.5,0.3638671875,26551344351.098473
2722,-11.25,0.404296875,15816198845.00748
2723,-7.5,0.404296875,27127143878.1347
2724,-11.25,0.48515625,16549675087.366348
2725,-7.5,0.48515625,28278742932.207153
2726,-11.25,0.646875,16340735287.919004
2727,-7.5,0.646875,28003772498.080265
2728,-11.25,0.9703124999999999,17970144663.10159
2729,-7.5,0.9703124999999999,30657959798.333588
2730,-11.25,1.29375,17558171327.248596
2731,-7.5,1.29375,29685200376.852966
2732,-11.25,1.6171875,18834879449.828056
2733,-11.25,1.940625,19844728745.680588
2734,-7.5,1.6171875,31515247942.541397
2735,-7.5,1.940625,33110588676.257015
2736,-11.25,2.2640625,19823058506.892277
2737,-11.25,2.5875,20235579865.28446
2738,-7.5,2.2640625,33232337122.208035
2739,-7.5,2.5875,33691998172.075325
2740,-11.25,2.9109375,21067022997.47304
2741,-11.25,3.234375,21868765144.022102
2742,-7.5,2.9109375,34911740050.852196
2743,-7.5,3.234375,35717856403.16173
2744,-11.25,3.5578125,22917650576.782223
2745,-11.25,3.88125,23401803225.05592
2746,-7.5,3.5578125,37176149598.57647
2747,-7.5,3.88125,37740858144.48952
2748,-11.25,4.204687499999999,23604554028.737644
2749,-11.25,4.528124999999999,24205838768.748745
2750,-7.5,4.204687499999999,38126866642.04393
2751,-7.5,4.528124999999999,39269571567.94621
2752,-11.25,4.8515625,24518379702.889206
2753,-11.25,5.175,25336087969.918533
2754,-7.5,4.8515625,39535949269.9778
2755,-7.5,5.175,40773548970.0187
2756,-11.25,5.4984375,25615066628.7414
2757,-11.25,5.821875,26432954654.530582
2758,-7.5,5.4984375,40895238315.158424
2759,-7.5,5.821875,42013995964.376335
2760,-11.25,6.1453125,26685774650.899773
2761,-11.25,6.46875,27288536731.165695
2762,-7.5,6.1453125,42167568605.6023
2763,-7.5,6.46875,43393732125.3589
2764,-11.25,6.7921875,28614096680.339584
2765,-11.25,7.115625,28405658458.220654
2766,-7.5,6.7921875,44340547479.978386
2767,-7.5,7.115625,44057176056.064705
2768,-11.25,7.439062499999999,29004541568.853916
2769,-11.25,7.762499999999999,29307175451.555817
2770,-7.5,7.439062499999999,44615908865.1217
2771,-7.5,7.762499999999999,45079466594.88515
2772,-11.25,8.0859375,30418171630.59854
2773,-11.25,8.409374999999999,30717611069.37767
2774,-7.5,8.0859375,46543559811.84479
2775,-7.5,8.409374999999999,46599887399.00508
2776,-11.25,8.732812499999998,30645214559.18011
2777,-11.25,9.056249999999999,30710097278.562363
2778,-7.5,8.732812499999998,46506181553.08911
2779,-7.5,9.056249999999999,46482744300.04674
2780,-11.25,9.3796875,31679995091.364937
2781,-11.25,9.703125,31147736969.25498
2782,-7.5,9.3796875,47333677250.788765
2783,-7.5,9.703125,47005445934.536934
2784,-11.25,10.0265625,31833011089.879227
2785,-11.25,10.35,32813366411.258015
2786,-7.5,10.0265625,46898110236.482544
2787,-7.5,10.35,48151286107.77244
2788,-3.75,0.010107421875,0.0
2789,-3.75,-0.0,0.0
2790,-3.75,0.02021484375,0.0
2791,0.0,0.010107421875,0.0
2792,0.0,-0.0,0.0
2793,0.0,0.02021484375,0.0
2794,-3.75,0.030322265625,0.0
2795,-3.75,0.0404296875,0.0
2796,0.0,0.030322265625,0.0
2797,0.0,0.0404296875,0.0
2798,-3.75,0.050537109375,0.0
2799,-3.75,0.06064453124999999,0.0
2800,0.0,0.050537109375,0.0
2801,0.0,0.06064453124999999,0.0
2802,-3.75,0.07075195312499999,0.0
2803,-3.75,0.080859375,0.0
2804,0.0,0.07075195312499999,0.0
2805,0.0,0.080859375,0.0
2806,-3.75,0.090966796875,0.0
2807,0.0,0.090966796875,0.0
2808,-3.75,0.0960205078125,0.0
2809,-3.75,0.10107421875,24249912098.142838
2810,0.0,0.0960205078125,0.0
2811,0.0,0.10107421875,34925487990.224464
2812,-3.75,0.1061279296875,24484211272.928448
2813,-3.75,0.111181640625,24718510447.71406
2814,0.0,0.1061279296875,34938086264.602135
2815,0.0,0.111181640625,34950684538.97981
2816,-3.75,0.1162353515625,24952809622.49968
2817,-3.75,0.1212890625,25187108797.285294
2818,0.0,0.1162353515625,34963282813.35749
2819,0.0,0.1212890625,34975881087.73517
2820,-3.75,0.1263427734375,25421407972.070908
2821,-3.75,0.131396484375,25655707146.85652
2822,0.0,0.1263427734375,34988479362.11284
2823,0.0,0.131396484375,35001077636.49052
2824,-3.75,0.1364501953125,25890006321.64213
2825,-3.75,0.14150390625,26124305496.427746
2826,0.0,0.1364501953125,35013675910.868195
2827,0.0,0.14150390625,35026274185.24587
2828,-3.75,0.1465576171875,26358604671.21336
2829,-3.75,0.151611328125,26592903845.998974
2830,0.0,0.1465576171875,35038872459.62355
2831,0.0,0.151611328125,35051470734.00123
2832,-3.75,0.1566650390625,26827203020.78459
2833,-3.75,0.16171875,27061502195.5702
2834,0.0,0.1566650390625,35064069008.37891
2835,0.0,0.16171875,35076667282.75658
2836,-3.75,0.1667724609375,27295801370.355824
2837,-3.75,0.171826171875,27530100545.141426
2838,0.0,0.1667724609375,35089265557.134254
2839,0.0,0.171826171875,35101863831.511925
2840,-3.75,0.1768798828125,27764399719.927044
2841,-3.75,0.18193359375,27998698894.71266
2842,0.0,0.1768798828125,35114462105.8896
2843,0.0,0.18193359375,35127060380.26728
2844,-3.75,0.1869873046875,28232998069.498276
2845,-3.75,0.192041015625,28467297244.28389
2846,0.0,0.1869873046875,35139658654.64496
2847,0.0,0.192041015625,35152256929.02264
2848,-3.75,0.1970947265625,28701596419.069504
2849,-3.75,0.2,28836290147.569443
2850,-3.75,0.2021484375,28935895593.855118
2851,0.0,0.1970947265625,35164855203.40031
2852,0.0,0.2,35172097689.63675
2853,0.0,0.2021484375,35177453477.777985
2854,-3.75,0.2072021484375,29170194768.64073
2855,-3.75,0.212255859375,29404493943.426342
2856,0.0,0.2072021484375,35190051752.15566
2857,0.0,0.212255859375,35202650026.53334
2858,-3.75,0.2173095703125,29638793118.211956
2859,-3.75,0.22236328125,29873092292.997574
2860,0.0,0.2173095703125,35215248300.91101
2861,0.0,0.22236328125,35227846575.28869
2862,-3.75,0.2274169921875,30107391467.783188
2863,-3.75,0.232470703125,30341690642.5688
2864,0.0,0.2274169921875,35240444849.66637
2865,0.0,0.232470703125,35253043124.04404
2866,-3.75,0.2375244140625,30575989817.354412
2867,-3.75,0.242578125,30810288992.140026
2868,0.0,0.2375244140625,35265641398.42172
2869,0.0,0.242578125,35278239672.79939
2870,-3.75,0.2476318359375,31044588166.92564
2871,-3.75,0.252685546875,31278887341.711254
2872,0.0,0.2476318359375,35290837947.17707
2873,0.0,0.252685546875,35303436221.55475
2874,-3.75,0.2577392578125,31513186516.496872
2875,-3.75,0.26279296875,31747485691.282486
2876,0.0,0.2577392578125,35316034495.93243
2877,0.0,0.26279296875,35328632770.310104
2878,-3.75,0.2678466796875,31981784866.068096
2879,-3.75,0.2729003906249999,32216084040.85371
2880,0.0,0.2678466796875,35341231044.687775
2881,0.0,0.2729003906249999,35353829319.06545
2882,-3.75,0.2779541015624999,32450383215.63932
2883,-3.75,0.2830078125,32684682390.42494
2884,0.0,0.2779541015624999,35366427593.44313
2885,0.0,0.2830078125,35379025867.8208
2886,-3.75,0.2880615234375,32918981565.210552
2887,-3.75,0.293115234375,33153280739.99617
2888,0.0,0.2880615234375,35391624142.19848
2889,0.0,0.293115234375,35404222416.57616
2890,-3.75,0.2981689453125,33387579914.781784
2891,-3.75,0.30322265625,33520775629.05988
2892,0.0,0.2981689453125,35416820690.95383
2893,0.0,0.30322265625,35443584297.63664
2894,-3.75,0.313330078125,33672276761.584812
2895,0.0,0.313330078125,35513208479.53079
2896,-3.75,0.3234375,33823777894.10974
2897,0.0,0.3234375,35582832661.42495
2898,-3.75,0.34365234375,34126780159.1596
2899,0.0,0.34365234375,35722081025.21326
2900,-3.75,0.3638671875,34429782424.20946
2901,0.0,0.3638671875,35861329389.001564
2902,-3.75,0.404296875,35035786954.30919
2903,0.0,0.404296875,36139826116.578186
2904,-3.75,0.48515625,36247796014.50863
2905,0.0,0.48515625,36696819571.73143
2906,-3.75,0.646875,35937981561.64446
2907,0.0,0.646875,36414534332.01456
2908,-3.75,0.9703124999999999,38996676379.081535
2909,0.0,0.9703124999999999,38637195850.86138
2910,-3.75,1.29375,38155569953.592415
2911,0.0,1.29375,39312620584.60203
2912,-3.75,1.6171875,40008583677.11255
2913,-3.75,1.940625,41688870255.42952
2914,0.0,1.6171875,40127853895.3993
2915,0.0,1.940625,40891995131.79421
2916,-3.75,2.2640625,42122591038.36972
2917,-3.75,2.5875,42653209243.12233
2918,0.0,2.2640625,41974795556.22328
2919,0.0,2.5875,42624005842.681625
2920,-3.75,2.9109375,44201965242.565186
2921,-3.75,3.234375,44950829103.12751
2922,0.0,2.9109375,44383206710.94585
2923,0.0,3.234375,44951564684.74559
2924,-3.75,3.5578125,46750852738.67876
2925,-3.75,3.88125,47362313317.66243
2926,0.0,3.5578125,46957964115.39713
2927,0.0,3.88125,47548568998.313965
2928,-3.75,4.204687499999999,47888063066.68795
2929,-3.75,4.528124999999999,49243808808.52072
2930,0.0,4.204687499999999,48127027114.00741
2931,0.0,4.528124999999999,49039054931.84928
2932,-3.75,4.8515625,49704587596.61292
2933,-3.75,5.175,50948766126.63595
2934,0.0,4.8515625,50175363442.34108
2935,0.0,5.175,50599495596.28739
2936,-3.75,5.4984375,51014249147.59448
2937,-3.75,5.821875,52523492387.29885
2938,0.0,5.4984375,50810938272.06864
2939,0.0,5.821875,52889899036.37486
2940,-3.75,6.1453125,52603176955.52467
2941,-3.75,6.46875,53974762062.007545
2942,0.0,6.1453125,52946414095.88676
2943,0.0,6.46875,53507461083.56703
2944,-3.75,6.7921875,54707214355.7296
2945,-3.75,7.115625,54670345581.054695
2946,0.0,6.7921875,54354313383.7056
2947,0.0,7.115625,55206818960.33653
2948,-3.75,7.439062499999999,55148180368.01591
2949,-3.75,7.762499999999999,55839103565.70514
2950,0.0,7.439062499999999,55522260284.162994
2951,0.0,7.762499999999999,56573432191.50641
2952,-3.75,8.0859375,57169884612.35894
2953,-3.75,8.409374999999999,57086573154.02561
2954,0.0,8.0859375,56798082651.40892
2955,0.0,8.409374999999999,56782077759.8324
2956,-3.75,8.732812499999998,56843159479.64661
2957,-3.75,9.056249999999999,57043822359.52523
2958,0.0,8.732812499999998,56132159271.50107
2959,0.0,9.056249999999999,57181762494.991974
2960,-3.75,9.3796875,57816855183.13677
2961,-3.75,9.703125,57461430996.36501
2962,0.0,9.3796875,57959024661.33314
2963,0.0,9.703125,57113968251.28539
2964,-3.75,10.0265625,56904773701.724846
2965,-3.75,10.35,58122665790.26442
2966,0.0,10.0265625,56794565804.24513
2967,0.0,10.35,57360965444.71154
2968,-116.25,10.6734375,0.0
2969,-120.0,10.6734375,0.0
2970,-116.25,10.996875,0.0
2971,-120.0,10.996875,0.0
2972,-112.5,10.6734375,0.0
2973,-112.5,10.996875,0.0
2974,-116.25,11.3203125,0.0
2975,-120.0,11.3203125,0.0
2976,-116.25,11.64375,0.0
2977,-120.0,11.64375,0.0
2978,-112.5,11.3203125,0.0
2979,-112.5,11.64375,0.0
2980,-116.25,11.9671875,0.0
2981,-120.0,11.9671875,0.0
2982,-116.25,12.290625,0.0
2983,-120.0,12.290625,0.0
2984,-112.5,11.9671875,0.0
2985,-112.5,12.290625,0.0
2986,-116.25,12.6140625,0.0
2987,-120.0,12.6140625,0.0
2988,-116.25,12.9375,0.0
2989,-120.0,12.9375,0.0
2990,-112.5,12.6140625,0.0
2991,-112.5,12.9375,0.0
2992,-116.25,13.2609375,0.0
2993,-120.0,13.2609375,0.0
2994,-116.25,13.584375,0.0
2995,-120.0,13.584375,0.0
2996,-112.5,13.2609375,0.0
2997,-112.5,13.584375,0.0
2998,-116.25,13.9078125,0.0
2999,-120.0,13.9078125,0.0
3000,-116.25,14.23125,0.0
3001,-120.0,14.23125,0.0
3002,-112.5,13.9078125,0.0
3003,-112.5,14.23125,0.0
3004,-116.25,14.5546875,0.0
3005,-120.0,14.5546875,0.0
3006,-116.25,14.878125,0.0
3007,-120.0,14.878125,0.0
3008,-112.5,14.5546875,0.0
3009,-112.5,14.878125,0.0
3010,-116.25,15.2015625,0.0
3011,-120.0,15.2015625,0.0
3012,-116.25,15.525,0.0
3013,-120.0,15.525,0.0
3014,-112.5,15.2015625,0.0
3015,-112.5,15.525,0.0
3016,-108.75,10.6734375,0.0
3017,-108.75,10.996875,0.0
3018,-105.0,10.6734375,0.0
3019,-105.0,10.996875,0.0
3020,-108.75,11.3203125,0.0
3021,-108.75,11.64375,0.0
3022,-105.0,11.3203125,0.0
3023,-105.0,11.64375,0.0
3024,-108.75,11.9671875,0.0
3025,-108.75,12.290625,0.0
3026,-105.0,11.9671875,0.0
3027,-105.0,12.290625,0.0
3028,-108.75,12.6140625,0.0
3029,-108.75,12.9375,0.0
3030,-105.0,12.6140625,0.0
3031,-105.0,12.9375,0.0
3032,-108.75,13.2609375,0.0
3033,-108.75,13.584375,0.0
3034,-105.0,13.2609375,0.0
3035,-105.0,13.584375,0.0
3036,-108.75,13.9078125,0.0
3037,-108.75,14.23125,0.0
3038,-105.0,13.9078125,0.0
3039,-105.0,14.23125,0.0
3040,-108.75,14.5546875,0.0
3041,-108.75,14.878125,0.0
3042,-105.0,14.5546875,0.0
3043,-105.0,14.878125,0.0
3044,-108.75,15.2015625,0.0
3045,-108.75,15.525,0.0
3046,-105.0,15.2015625,0.0
3047,-105.0,15.525,0.0
3048,-101.25,10.6734375,0.0
3049,-101.25,10.996875,0.0
3050,-97.5,10.6734375,0.0
3051,-97.5,10.996875,0.0
3052,-101.25,11.3203125,0.0
3053,-101.25,11.64375,0.0
3054,-97.5,11.3203125,0.0
3055,-97.5,11.64375,0.0
3056,-101.25,11.9671875,0.0
3057,-101.25,12.290625,0.0
3058,-97.5,11.9671875,0.0
3059,-97.5,12.290625,0.0
3060,-101.25,12.6140625,0.0
3061,-101.25,12.9375,0.0
3062,-97.5,12.6140625,0.0
3063,-97.5,12.9375,0.0
3064,-101.25,13.2609375,0.0
3065,-101.25,13.584375,0.0
3066,-97.5,13.2609375,0.0
3067,-97.5,13.584375,0.0
3068,-101.25,13.9078125,0.0
3069,-101.25,14.23125,0.0
3070,-97.5,13.9078125,0.0
3071,-97.5,14.23125,0.0
3072,-101.25,14.5546875,0.0
3073,-101.25,14.878125,0.0
3074,-97.5,14.5546875,0.0
3075,-97.5,14.878125,0.0
3076,-101.25,15.2015625,0.0
3077,-101.25,15.525,0.0
3078,-97.5,15.2015625,0.0
3079,-97.5,15.525,0.0
3080,-93.75,10.6734375,0.0
3081,-93.75,10.996875,0.0
3082,-90.0,10.6734375,0.0
3083,-90.0,10.996875,0.0
3084,-93.75,11.3203125,0.0
3085,-93.75,11.64375,0.0
3086,-90.0,11.3203125,0.0
3087,-90.0,11.64375,0.0
3088,-93.75,11.9671875,0.0
3089,-93.75,12.290625,0.0
3090,-90.0,11.9671875,0.0
3091,-90.0,12.290625,0.0
3092,-93.75,12.6140625,0.0
3093,-93.75,12.9375,0.0
3094,-90.0,12.6140625,0.0
3095,-90.0,12.9375,0.0
3096,-93.75,13.2609375,0.0
3097,-93.75,13.584375,0.0
3098,-90.0,13.2609375,0.0
3099,-90.0,13.584375,0.0
3100,-93.75,13.9078125,0.0
3101,-93.75,14.23125,0.0
3102,-90.0,13.9078125,0.0
3103,-90.0,14.23125,0.0
3104,-93.75,14.5546875,0.0
3105,-93.75,14.878125,0.0
3106,-90.0,14.5546875,0.0
3107,-90.0,14.878125,0.0
3108,-93.75,15.2015625,0.0
3109,-93.75,15.525,0.0
3110,-90.0,15.2015625,0.0
3111,-90.0,15.525,0.0
3112,-86.25,10.6734375,0.0
3113,-86.25,10.996875,0.0
3114,-82.5,10.6734375,0.0
3115,-82.5,10.996875,0.0
3116,-86.25,11.3203125,0.0
3117,-86.25,11.64375,0.0
3118,-82.5,11.3203125,0.0
3119,-82.5,11.64375,0.0
3120,-86.25,11.9671875,0.0
3121,-86.25,12.290625,0.0
3122,-82.5,11.9671875,0.0
3123,-82.5,12.290625,0.0
3124,-86.25,12.6140625,0.0
3125,-86.25,12.9375,0.0
3126,-82.5,12.6140625,0.0
3127,-82.5,12.9375,0.0
3128,-86.25,13.2609375,0.0
3129,-86.25,13.584375,0.0
3130,-82.5,13.2609375,0.0
3131,-82.5,13.584375,0.0
3132,-86.25,13.9078125,0.0
3133,-86.25,14.23125,0.0
3134,-82.5,13.9078125,0.0
3135,-82.5,14.23125,0.0
3136,-86.25,14.5546875,0.0
3137,-86.25,14.878125,0.0
3138,-82.5,14.5546875,0.0
3139,-82.5,14.878125,0.0
3140,-86.25,15.2015625,0.0
3141,-86.25,15.525,0.0
3142,-82.5,15.2015625,0.0
3143,-82.5,15.525,0.0
3144,-78.75,10.6734375,0.0
3145,-78.75,10.996875,0.0
3146,-75.0,10.6734375,0.0
3147,-75.0,10.996875,0.0
3148,-78.75,11.3203125,0.0
3149,-78.75,11.64375,0.0
3150,-75.0,11.3203125,0.0
3151,-75.0,11.64375,0.0
3152,-78.75,11.9671875,0.0
3153,-78.75,12.290625,0.0
3154,-75.0,11.9671875,0.0
3155,-75.0,12.290625,0.0
3156,-78.75,12.6140625,0.0
3157,-78.75,12.9375,0.0
3158,-75.0,12.6140625,0.0
3159,-75.0,12.9375,0.0
3160,-78.75,13.2609375,0.0
3161,-78.75,13.584375,0.0
3162,-75.0,13.2609375,0.0
3163,-75.0,13.584375,0.0
3164,-78.75,13.9078125,0.0
3165,-78.75,14.23125,0.0
3166,-75.0,13.9078125,0.0
3167,-75.0,14.23125,0.0
3168,-78.75,14.5546875,0.0
3169,-78.75,14.878125,0.0
3170,-75.0,14.5546875,0.0
3171,-75.0,14.878125,0.0
3172,-78.75,15.2015625,0.0
3173,-78.75,15.525,0.0
3174,-75.0,15.2015625,0.0
3175,-75.0,15.525,0.0
3176,-71.25,10.6734375,0.0
3177,-71.25,10.996875,0.0
3178,-67.5,10.6734375,0.0
3179,-67.5,10.996875,0.0
3180,-71.25,11.3203125,0.0
3181,-71.25,11.64375,0.0
3182,-67.5,11.3203125,0.0
3183,-67.5,11.64375,0.0
3184,-71.25,11.9671875,0.0
3185,-71.25,12.290625,0.0
3186,-67.5,11.9671875,0.0
3187,-67.5,12.290625,0.0
3188,-71.25,12.6140625,0.0
3189,-71.25,12.9375,0.0
3190,-67.5,12.6140625,0.0
3191,-67.5,12.9375,0.0
3192,-71.25,13.2609375,0.0
3193,-71.25,13.584375,0.0
3194,-67.5,13.2609375,0.0
3195,-67.5,13.584375,0.0
3196,-71.25,13.9078125,0.0
3197,-71.25,14.23125,0.0
3198,-67.5,13.9078125,0.0
3199,-67.5,14.23125,0.0
3200,-71.25,14.5546875,0.0
3201,-71.25,14.878125,0.0
3202,-67.5,14.5546875,0.0
3203,-67.5,14.878125,0.0
3204,-71.25,15.2015625,0.0
3205,-71.25,15.525,0.0
3206,-67.5,15.2015625,0.0
3207,-67.5,15.525,0.0
3208,-63.75,10.6734375,0.0
3209,-63.75,10.996875,0.0
3210,-60.0,10.6734375,0.0
3211,-60.0,10.996875,0.0
3212,-63.75,11.3203125,0.0
3213,-63.75,11.64375,0.0
3214,-60.0,11.3203125,0.0
3215,-60.0,11.64375,0.0
3216,-63.75,11.9671875,0.0
3217,-63.75,12.290625,0.0
3218,-60.0,11.9671875,0.0
3219,-60.0,12.290625,0.0
3220,-63.75,12.6140625,0.0
3221,-63.75,12.9375,0.0
3222,-60.0,12.6140625,0.0
3223,-60.0,12.9375,0.0
3224,-63.75,13.2609375,0.0
3225,-63.75,13.584375,0.0
3226,-60.0,13.2609375,0.0
3227,-60.0,13.584375,0.0
3228,-63.75,13.9078125,0.0
3229,-63.75,14.23125,0.0
3230,-60.0,13.9078125,0.0
3231,-60.0,14.23125,0.0
3232,-63.75,14.5546875,0.0
3233,-63.75,14.878125,0.0
3234,-60.0,14.5546875,0.0
3235,-60.0,14.878125,0.0
3236,-63.75,15.2015625,0.0
3237,-63.75,15.525,0.0
3238,-60.0,15.2015625,0.0
3239,-60.0,15.525,0.0
3240,-56.25,10.6734375,0.0
3241,-56.25,10.996875,0.0
3242,-52.5,10.6734375,25162382.207365118
3243,-52.5,10.996875,27541110.88157712
3244,-56.25,11.3203125,0.0
3245,-56.25,11.64375,0.0
3246,-52.5,11.3203125,38463686.35128709
3247,-52.5,11.64375,31199211.446647964
3248,-56.25,11.9671875,0.0
3249,-56.25,12.290625,0.0
3250,-52.5,11.9671875,32660860.501802854
3251,-52.5,12.290625,30423960.628672563
3252,-56.25,12.6140625,0.0
3253,-56.25,12.9375,0.0
3254,-52.5,12.6140625,34289251.865484774
3255,-52.5,12.9375,40658891.72676283
3256,-56.25,13.2609375,0.0
3257,-56.25,13.584375,0.0
3258,-52.5,13.2609375,32554475.18112313
3259,-52.5,13.584375,31184850.969885144
3260,-56.25,13.9078125,0.0
3261,-56.25,14.23125,0.0
3262,-52.5,13.9078125,35605268.951155186
3263,-52.5,14.23125,42313272.06864306
3264,-56.25,14.5546875,0.0
3265,-56.25,14.878125,0.0
3266,-52.5,14.5546875,61297277.72769766
3267,-52.5,14.878125,50134003.98971683
3268,-56.25,15.2015625,0.0
3269,-56.25,15.525,0.0
3270,-52.5,15.2015625,41331127.19935232
3271,-52.5,15.525,42998739.65010684
3272,-48.75,10.6734375,62905955.518412806
3273,-48.75,10.996875,68852777.20394279
3274,-45.0,10.6734375,100649528.82946047
3275,-45.0,10.996875,110164443.52630848
3276,-48.75,11.3203125,96159215.8782177
3277,-48.75,11.64375,77998028.61661991
3278,-45.0,11.3203125,153854745.40514836
3279,-45.0,11.64375,124796845.78659186
3280,-48.75,11.9671875,81652151.25450714
3281,-48.75,12.290625,76059901.57168141
3282,-45.0,11.9671875,130643442.00721142
3283,-45.0,12.290625,121695842.51469025
3284,-48.75,12.6140625,85723129.66371192
3285,-48.75,12.9375,101647229.31690708
3286,-45.0,12.6140625,137157007.4619391
3287,-45.0,12.9375,162635566.90705132
3288,-48.75,13.2609375,81386187.95280784
3289,-48.75,13.584375,77962127.42471287
3290,-45.0,13.2609375,130217900.72449252
3291,-45.0,13.584375,124739403.87954058
3292,-48.75,13.9078125,89013172.37788795
3293,-48.75,14.23125,105783180.17160764
3294,-45.0,13.9078125,142421075.80462074
3295,-45.0,14.23125,169253088.27457225
3296,-48.75,14.5546875,153243194.31924415
3297,-48.75,14.878125,125335009.97429208
3298,-45.0,14.5546875,245189110.91079065
3299,-45.0,14.878125,200536015.9588673
3300,-48.75,15.2015625,103327817.99838078
3301,-48.75,15.525,107496849.12526712
3302,-45.0,15.2015625,165324508.79740927
3303,-45.0,15.525,171994958.60042736
3304,-41.25,10.6734375,733929467.4421782
3305,-41.25,10.996875,797451160.0853026
3306,-37.5,10.6734375,1367209406.0548959
3307,-37.5,10.996875,1484737876.6442966
3308,-41.25,11.3203125,847399172.230256
3309,-41.25,11.64375,819256688.0967882
3310,-37.5,11.3203125,1540943599.0553637
3311,-37.5,11.64375,1513716530.4069843
3312,-41.25,11.9671875,764684358.4892075
3313,-41.25,12.290625,804335140.5477933
3314,-37.5,11.9671875,1398725274.9712033
3315,-37.5,12.290625,1486974438.5808961
3316,-41.25,12.6140625,828803358.0290966
3317,-41.25,12.9375,855151911.8088944
3318,-37.5,12.6140625,1520449708.5962543
3319,-37.5,12.9375,1547668256.7107372
3320,-41.25,13.2609375,919985752.725194
3321,-41.25,13.584375,801150957.3651174
3322,-37.5,13.2609375,1709753604.7258954
3323,-37.5,13.584375,1477562510.8506942
3324,-41.25,13.9078125,881692306.6489716
3325,-41.25,14.23125,785184415.2727699
3326,-37.5,13.9078125,1620963537.4933224
3327,-37.5,14.23125,1401115742.2709677
3328,-41.25,14.5546875,954981093.7082665
3329,-41.25,14.878125,931747875.5592282
3330,-37.5,14.5546875,1664773076.5057425
3331,-37.5,14.878125,1662959735.159589
3332,-41.25,15.2015625,845503061.8260052
3333,-41.25,15.525,902621936.7654912
3334,-37.5,15.2015625,1525681614.8546011
3335,-37.5,15.525,1633248914.930555
3336,-33.75,10.6734375,2479408335.5686803
3337,-33.75,10.996875,2588698824.4211564
3338,-30.0,10.6734375,4549445246.884599
3339,-30.0,10.996875,4526008234.633747
3340,-33.75,11.3203125,2680768421.3491583
3341,-33.75,11.64375,2662535162.61435
3342,-30.0,11.3203125,4713154034.580328
3343,-30.0,11.64375,4720071374.616053
3344,-33.75,11.9671875,2526195102.293878
3345,-33.75,12.290625,2629717315.2564936
3346,-30.0,11.9671875,4640522751.29791
3347,-30.0,12.290625,4692667349.217081
3348,-33.75,12.6140625,2734981720.231537
3349,-33.75,12.9375,2728964626.7361116
3350,-30.0,12.6140625,4995285054.003071
3351,-30.0,12.9375,4887821047.008547
3352,-33.75,13.2609375,2957137019.4916034
3353,-33.75,13.584375,2719239862.8952155
3354,-30.0,13.2609375,5119751559.787327
3355,-30.0,13.584375,5091448812.057625
3356,-33.75,13.9078125,2904155113.807091
3357,-33.75,14.23125,2616173005.558895
3358,-30.0,13.9078125,5275187381.059695
3359,-30.0,14.23125,5029482141.426283
3360,-33.75,14.5546875,2937031677.5069275
3361,-33.75,14.878125,2925550291.8210807
3362,-30.0,14.5546875,5334223514.915531
3363,-30.0,14.878125,5250898242.604835
3364,-33.75,15.2015625,2771981216.9262495
3365,-33.75,15.525,2898228911.675347
3366,-30.0,15.2015625,5150522917.084002
3367,-30.0,15.525,5231914945.579594
3368,-26.25,10.6734375,6619482158.200517
3369,-26.25,10.996875,6463317644.846337
3370,-22.5,10.6734375,9892882402.46895
3371,-22.5,10.996875,9716973139.982306
3372,-26.25,11.3203125,6745539647.811498
3373,-26.25,11.64375,6777607586.617755
3374,-22.5,11.3203125,9962634591.022718
3375,-22.5,11.64375,10241626451.489048
3376,-26.25,11.9671875,6754850400.301942
3377,-26.25,12.290625,6755617383.177669
3378,-22.5,11.9671875,10256511901.855469
3379,-22.5,12.290625,10463150737.22122
3380,-26.25,12.6140625,7255588387.774605
3381,-26.25,12.9375,7046677467.280984
3382,-22.5,12.6140625,11088100871.811563
3383,-22.5,12.9375,10812504684.995993
3384,-26.25,13.2609375,7282366100.08305
3385,-26.25,13.584375,7463657761.220035
3386,-22.5,13.2609375,10988902932.191507
3387,-22.5,13.584375,11258494173.803083
3388,-26.25,13.9078125,7646219648.312301
3389,-26.25,14.23125,7442791277.293671
3390,-22.5,13.9078125,11474800338.353867
3391,-22.5,14.23125,11596890255.659058
3392,-26.25,14.5546875,7731415352.324136
3393,-26.25,14.878125,7576246193.388588
3394,-22.5,14.5546875,11872437929.854431
3395,-22.5,14.878125,11612713409.371662
3396,-26.25,15.2015625,7529064617.241755
3397,-26.25,15.525,7565600979.48384
3398,-22.5,15.2015625,11626905598.541
3399,-22.5,15.525,11597478454.694178
3400,-18.75,10.6734375,13767964313.213646
3401,-18.75,10.996875,13628801677.579964
3402,-15.0,10.6734375,17643046223.958336
3403,-15.0,10.996875,17540630215.17762
3404,-18.75,11.3203125,13772084199.223965
3405,-18.75,11.64375,14408886642.79514
3406,-15.0,11.3203125,17581533807.425213
3407,-15.0,11.64375,18576146834.101227
3408,-18.75,11.9671875,14451840329.683744
3409,-18.75,12.290625,14992975751.306252
3410,-15.0,11.9671875,18647168757.51202
3411,-15.0,12.290625,19522800765.391285
3412,-18.75,12.6140625,15706717930.981236
3413,-18.75,12.9375,15381817301.432291
3414,-15.0,12.6140625,20325334990.150906
3415,-15.0,12.9375,19951129917.868587
3416,-18.75,13.2609375,15467400910.206333
3417,-18.75,13.584375,15764644318.096453
3418,-15.0,13.2609375,19945898888.221153
3419,-15.0,13.584375,20270794462.389824
3420,-18.75,13.9078125,16032155239.789913
3421,-18.75,14.23125,16621384155.273441
3422,-15.0,13.9078125,20589510141.225964
3423,-15.0,14.23125,21645878054.88783
3424,-18.75,14.5546875,16885375877.44558
3425,-18.75,14.878125,16504740257.954393
3426,-15.0,14.5546875,21898313825.036724
3427,-15.0,14.878125,21396767106.537125
3428,-18.75,15.2015625,16584396220.410992
3429,-18.75,15.525,16478451650.55756
3430,-15.0,15.2015625,21541886842.280983
3431,-15.0,15.525,21359424846.42094
3432,-11.25,10.6734375,32392793662.829277
3433,-11.25,10.996875,32414695642.298508
3434,-7.5,10.6734375,47142541101.70022
3435,-7.5,10.996875,47288761069.4194
3436,-11.25,11.3203125,32802831912.048862
3437,-11.25,11.64375,32785413964.948074
3438,-7.5,11.3203125,48024130016.672516
3439,-7.5,11.64375,46994681095.79493
3440,-11.25,11.9671875,33233545645.689354
3441,-11.25,12.290625,33475449917.785122
3442,-7.5,11.9671875,47819922533.866684
3443,-7.5,12.290625,47428099070.17896
3444,-11.25,12.6140625,34188471510.1454
3445,-11.25,12.9375,33827774670.723156
3446,-7.5,12.6140625,48051608030.13989
3447,-7.5,12.9375,47704419423.57773
3448,-11.25,13.2609375,33114367638.221153
3449,-11.25,13.584375,33627741662.284653
3450,-7.5,13.2609375,46282836388.221146
3451,-7.5,13.584375,46984688862.17949
3452,-11.25,13.9078125,33094480921.818665
3453,-11.25,14.23125,34191182517.02725
3454,-7.5,13.9078125,45599451702.41136
3455,-7.5,14.23125,46736486979.16667
3456,-11.25,14.5546875,33984549770.518246
3457,-11.25,14.878125,33351644618.368557
3458,-7.5,14.5546875,46070785715.99976
3459,-7.5,14.878125,45306522130.19999
3460,-11.25,15.2015625,33537195308.326656
3461,-11.25,15.525,32792312053.45219
3462,-7.5,15.2015625,45532503774.37233
3463,-7.5,15.525,44225199260.48344
3464,-3.75,10.6734375,56940014206.32387
3465,-3.75,10.996875,57109410471.85913
3466,0.0,10.6734375,56832938642.45292
3467,0.0,10.996875,56823227824.936554
3468,-3.75,11.3203125,57986711977.18433
3469,-3.75,11.64375,56413766872.82985
3470,0.0,11.3203125,57431861649.472496
3471,0.0,11.64375,56252489942.240906
3472,-3.75,11.9671875,57441887701.83335
3473,-3.75,12.290625,56614821473.21131
3474,0.0,11.9671875,57135029429.37868
3475,0.0,12.290625,56269690377.520706
3476,-3.75,12.6140625,57081052693.424065
3477,-3.75,12.9375,56870501091.32946
3478,0.0,12.6140625,56443113643.28759
3479,0.0,12.9375,56615456588.875534
3480,-3.75,13.2609375,55200059215.57825
3481,-3.75,13.584375,55818253677.39425
3482,0.0,13.2609375,55614790197.64957
3483,0.0,13.584375,55605053723.248856
3484,-3.75,13.9078125,53786709365.453476
3485,-3.75,14.23125,54988834040.71514
3486,0.0,13.9078125,53338540793.39443
3487,0.0,14.23125,54655266301.081726
3488,-3.75,14.5546875,54080675111.42828
3489,-3.75,14.878125,53255070206.07973
3490,0.0,14.5546875,53937871406.75079
3491,0.0,14.878125,53190959410.05609
3492,-3.75,15.2015625,53389159988.27291
3493,-3.75,15.525,51660914938.90224
3494,0.0,15.2015625,52968511697.883286
3495,0.0,15.525,51102287560.09615
3496,-116.25,15.8484375,0.0
3497,-120.0,15.8484375,0.0
3498,-116.25,16.171875,0.0
3499,-120.0,16.171875,0.0
3500,-112.5,15.8484375,0.0
3501,-112.5,16.171875,0.0
3502,-116.25,16.4953125,0.0
3503,-120.0,16.4953125,0.0
3504,-116.25,16.81875,0.0
3505,-120.0,16.81875,0.0
3506,-112.5,16.4953125,0.0
3507,-112.5,16.81875,0.0
3508,-116.25,17.1421875,0.0
3509,-120.0,17.1421875,0.0
3510,-116.25,17.465625,0.0
3511,-120.0,17.465625,0.0
3512,-112.5,17.1421875,0.0
3513,-112.5,17.465625,0.0
3514,-116.25,17.7890625,0.0
3515,-120.0,17.7890625,0.0
3516,-116.25,18.1125,0.0
3517,-120.0,18.1125,0.0
3518,-112.5,17.7890625,0.0
3519,-112.5,18.1125,0.0
3520,-108.75,15.8484375,0.0
3521,-108.75,16.171875,0.0
3522,-105.0,15.8484375,0.0
3523,-105.0,16.171875,0.0
3524,-108.75,16.4953125,0.0
3525,-108.75,16.81875,0.0
3526,-105.0,16.4953125,0.0
3527,-105.0,16.81875,0.0
3528,-108.75,17.1421875,0.0
3529,-108.75,17.465625,0.0
3530,-105.0,17.1421875,0.0
3531,-105.0,17.465625,0.0
3532,-108.75,17.7890625,0.0
3533,-108.75,18.1125,0.0
3534,-105.0,17.7890625,0.0
3535,-105.0,18.1125,0.0
3536,-101.25,15.8484375,0.0
3537,-101.25,16.171875,0.0
3538,-97.5,15.8484375,0.0
3539,-97.5,16.171875,0.0
3540,-101.25,16.4953125,0.0
3541,-101.25,16.81875,0.0
3542,-97.5,16.4953125,0.0
3543,-97.5,16.81875,0.0
3544,-101.25,17.1421875,0.0
3545,-101.25,17.465625,0.0
3546,-97.5,17.1421875,0.0
3547,-97.5,17.465625,0.0
3548,-101.25,17.7890625,0.0
3549,-101.25,18.1125,0.0
3550,-97.5,17.7890625,0.0
3551,-97.5,18.1125,0.0
3552,-93.75,15.8484375,0.0
3553,-93.75,16.171875,0.0
3554,-90.0,15.8484375,0.0
3555,-90.0,16.171875,0.0
3556,-93.75,16.4953125,0.0
3557,-93.75,16.81875,0.0
3558,-90.0,16.4953125,0.0
3559,-90.0,16.81875,0.0
3560,-93.75,17.1421875,0.0
3561,-93.75,17.465625,0.0
3562,-90.0,17.1421875,0.0
3563,-90.0,17.465625,0.0
3564,-93.75,17.7890625,0.0
3565,-93.75,18.1125,0.0
3566,-90.0,17.7890625,0.0
3567,-90.0,18.1125,0.0
3568,-86.25,15.8484375,0.0
3569,-86.25,16.171875,0.0
3570,-82.5,15.8484375,0.0
3571,-82.5,16.171875,0.0
3572,-86.25,16.4953125,0.0
3573,-86.25,16.81875,0.0
3574,-82.5,16.4953125,0.0
3575,-82.5,16.81875,0.0
3576,-86.25,17.1421875,0.0
3577,-86.25,17.465625,0.0
3578,-82.5,17.1421875,0.0
3579,-82.5,17.465625,0.0
3580,-86.25,17.7890625,0.0
3581,-86.25,18.1125,0.0
3582,-82.5,17.7890625,0.0
3583,-82.5,18.1125,0.0
3584,-78.75,15.8484375,0.0
3585,-78.75,16.171875,0.0
3586,-75.0,15.8484375,0.0
3587,-75.0,16.171875,0.0
3588,-78.75,16.4953125,0.0
3589,-78.75,16.81875,0.0
3590,-75.0,16.4953125,0.0
3591,-75.0,16.81875,0.0
3592,-78.75,17.1421875,0.0
3593,-78.75,17.465625,0.0
3594,-75.0,17.1421875,0.0
3595,-75.0,17.465625,0.0
3596,-78.75,17.7890625,0.0
3597,-78.75,18.1125,0.0
3598,-75.0,17.7890625,0.0
3599,-75.0,18.1125,0.0
3600,-71.25,15.8484375,0.0
3601,-71.25,16.171875,0.0
3602,-67.5,15.8484375,0.0
3603,-67.5,16.171875,0.0
3604,-71.25,16.4953125,0.0
3605,-71.25,16.81875,0.0
3606,-67.5,16.4953125,0.0
3607,-67.5,16.81875,0.0
3608,-71.25,17.1421875,0.0
3609,-71.25,17.465625,0.0
3610,-67.5,17.1421875,0.0
3611,-67.5,17.465625,0.0
3612,-71.25,17.7890625,0.0
3613,-71.25,18.1125,0.0
3614,-67.5,17.7890625,0.0
3615,-67.5,18.1125,0.0
3616,-63.75,15.8484375,0.0
3617,-63.75,16.171875,0.0
3618,-60.0,15.8484375,0.0
3619,-60.0,16.171875,0.0
3620,-63.75,16.4953125,0.0
3621,-63.75,16.81875,0.0
3622,-60.0,16.4953125,0.0
3623,-60.0,16.81875,0.0
3624,-63.75,17.1421875,246812.08683892654
3625,-63.75,17.465625,1939914.279513885
3626,-60.0,17.1421875,987248.3473557062
3627,-60.0,17.465625,7759657.11805554
3628,-63.75,17.7890625,0.0
3629,-63.75,18.1125,0.0
3630,-60.0,17.7890625,0.0
3631,-60.0,18.1125,0.0
3632,-56.25,15.8484375,0.0
3633,-56.25,16.171875,0.0
3634,-52.5,15.8484375,48489345.97439234
3635,-52.5,16.171875,46847660.423343964
3636,-56.25,16.4953125,0.0
3637,-56.25,16.81875,0.0
3638,-52.5,16.4953125,36224551.46985171
3639,-52.5,16.81875,25355390.29113244
3640,-56.25,17.1421875,1727684.6078724859
3641,-56.25,17.465625,13579399.956597196
3642,-52.5,17.1421875,52365405.84727225
3643,-52.5,17.465625,62452588.30795937
3644,-56.25,17.7890625,0.0
3645,-56.25,18.1125,0.0
3646,-52.5,17.7890625,36750484.107906
3647,-52.5,18.1125,37704531.41693377
3648,-48.75,15.8484375,121223364.93598086
3649,-48.75,16.171875,117119151.05835992
3650,-45.0,15.8484375,193957383.89756936
3651,-45.0,16.171875,187390641.69337586
3652,-48.75,16.4953125,90561378.67462927
3653,-48.75,16.81875,63388475.7278311
3654,-45.0,16.4953125,144898205.87940684
3655,-45.0,16.81875,101421561.16452976
3656,-48.75,17.1421875,127951769.57611349
3657,-48.75,17.465625,132852499.41573179
3658,-45.0,17.1421875,203538133.30495474
3659,-45.0,17.465625,203252410.52350423
3660,-48.75,17.7890625,91876210.26976497
3661,-48.75,18.1125,94261328.54233442
3662,-45.0,17.7890625,147001936.431624
3663,-45.0,18.1125,150818125.66773507
3664,-41.25,15.8484375,820981257.0946848
3665,-41.25,16.171875,799034035.1854633
3666,-37.5,15.8484375,1448005130.2918005
3667,-37.5,16.171875,1410677428.6775508
3668,-41.25,16.4953125,851367354.1729269
3669,-41.25,16.81875,787563539.2669941
3670,-37.5,16.4953125,1557836502.466447
3671,-37.5,16.81875,1473705517.3694584
3672,-41.25,17.1421875,790770441.7171643
3673,-41.25,17.465625,921408719.5241545
3674,-37.5,17.1421875,1378002750.1293738
3675,-37.5,17.465625,1639565028.5248048
3676,-41.25,17.7890625,746653355.8902578
3677,-41.25,18.1125,798999855.8109639
3678,-37.5,17.7890625,1346304775.3488915
3679,-37.5,18.1125,1447181585.9541926
3680,-33.75,15.8484375,2697360899.0009017
3681,-33.75,16.171875,2700694172.446748
3682,-30.0,15.8484375,5191380458.733974
3683,-30.0,16.171875,5347457616.7701645
3684,-33.75,16.4953125,2835446964.7008133
3685,-33.75,16.81875,2798693430.217516
3686,-30.0,16.4953125,5255340054.816873
3687,-30.0,16.81875,5401373212.556759
3688,-33.75,17.1421875,2705416048.98567
3689,-33.75,17.465625,2990236725.6881824
3690,-30.0,17.1421875,5513191328.730138
3691,-30.0,17.465625,5605939199.177015
3692,-33.75,17.7890625,2737896893.5192146
3693,-33.75,18.1125,2814548498.639489
3694,-30.0,17.7890625,5713370409.112915
3695,-30.0,18.1125,5620285776.408922
3696,-26.25,15.8484375,7685400018.467047
3697,-26.25,16.171875,7994221061.093581
3698,-22.5,15.8484375,11882530776.638453
3699,-22.5,16.171875,12596241782.476963
3700,-26.25,16.4953125,7675233144.932932
3701,-26.25,16.81875,8004052994.896003
3702,-22.5,16.4953125,11947308323.473804
3703,-22.5,16.81875,12166200141.059029
3704,-26.25,17.1421875,8320966608.474607
3705,-26.25,17.465625,8221641672.665848
3706,-22.5,17.1421875,12616295849.922382
3707,-22.5,17.465625,12539011620.676416
3708,-26.25,17.7890625,8688843924.706617
3709,-26.25,18.1125,8426023054.178352
3710,-22.5,17.7890625,13077981149.683247
3711,-22.5,18.1125,12851298627.80449
3712,-18.75,15.8484375,16931217134.029024
3713,-18.75,16.171875,18175891142.390327
3714,-15.0,15.8484375,21979903491.419598
3715,-15.0,16.171875,23755540502.303688
3716,-18.75,16.4953125,17145474546.227085
3717,-18.75,16.81875,17108080969.133945
3718,-15.0,16.4953125,22343640768.980366
3719,-15.0,16.81875,22049961797.208862
3720,-18.75,17.1421875,17655402072.22181
3721,-18.75,17.465625,17707215305.94785
3722,-15.0,17.1421875,22694508294.52124
3723,-15.0,17.465625,22875418991.219284
3724,-18.75,17.7890625,18173950229.35134
3725,-18.75,18.1125,18086343349.35898
3726,-15.0,17.7890625,23269919309.01944
3727,-15.0,18.1125,23321388070.913464
3728,-11.25,15.8484375,33026772473.979195
3729,-11.25,16.171875,33941430391.7518
3730,-7.5,15.8484375,44073641456.53879
3731,-7.5,16.171875,44127320281.19992
3732,-11.25,16.4953125,32571674770.257404
3733,-11.25,16.81875,32243809325.128532
3734,-7.5,16.4953125,42799708771.53445
3735,-7.5,16.81875,42437656853.0482
3736,-11.25,17.1421875,32352175232.7161
3737,-11.25,17.465625,32541807810.20466
3738,-7.5,17.1421875,42009842170.91096
3739,-7.5,17.465625,42208196629.19003
3740,-11.25,17.7890625,31998740005.493164
3741,-11.25,18.1125,31921087371.04367
3742,-7.5,17.7890625,40727560701.966896
3743,-7.5,18.1125,40520786671.173874
3744,-3.75,15.8484375,51303669080.424515
3745,-3.75,16.171875,50702427307.65057
3746,0.0,15.8484375,50900013986.96248
3747,0.0,16.171875,50055968608.1063
3748,-3.75,16.4953125,49567365914.8909
3749,-3.75,16.81875,49094794957.34842
3750,0.0,16.4953125,49414269342.40617
3751,0.0,16.81875,48678514214.40971
3752,-3.75,17.1421875,48643882954.91535
3753,-3.75,17.465625,48567126895.21984
3754,0.0,17.1421875,49230671430.538864
3755,0.0,17.465625,48311140055.33855
3756,-3.75,17.7890625,46607119979.72798
3757,-3.75,18.1125,46297537157.368454
3758,0.0,17.7890625,46788156420.06377
3759,0.0,18.1125,46428390015.69177
3760,-116.25,18.4359375,0.0
3761,-120.0,18.4359375,0.0
3762,-116.25,18.759375,0.0
3763,-120.0,18.759375,0.0
3764,-112.5,18.4359375,765510.7547075388
3765,-112.5,18.759375,0.0
3766,-116.25,19.0828125,0.0
3767,-120.0,19.0828125,0.0
3768,-116.25,19.40625,0.0
3769,-120.0,19.40625,0.0
3770,-112.5,19.0828125,0.0
3771,-112.5,19.40625,0.0
3772,-108.75,18.4359375,1913776.886768847
3773,-108.75,18.759375,0.0
3774,-105.0,18.4359375,3062043.018830155
3775,-105.0,18.759375,0.0
3776,-108.75,19.0828125,0.0
3777,-108.75,19.40625,0.0
3778,-105.0,19.0828125,0.0
3779,-105.0,19.40625,0.0
3780,-101.25,18.4359375,1913776.886768847
3781,-101.25,18.759375,0.0
3782,-97.5,18.4359375,765510.7547075388
3783,-97.5,18.759375,0.0
3784,-101.25,19.0828125,0.0
3785,-101.25,19.40625,0.0
3786,-97.5,19.0828125,0.0
3787,-97.5,19.40625,0.0
3788,-93.75,18.4359375,0.0
3789,-93.75,18.759375,0.0
3790,-90.0,18.4359375,0.0
3791,-90.0,18.759375,0.0
3792,-93.75,19.0828125,0.0
3793,-93.75,19.40625,2417.5138555021294
3794,-90.0,19.0828125,0.0
3795,-90.0,19.40625,9670.055422008518
3796,-86.25,18.4359375,0.0
3797,-86.25,18.759375,0.0
3798,-82.5,18.4359375,0.0
3799,-82.5,18.759375,0.0
3800,-86.25,19.0828125,0.0
3801,-86.25,19.40625,16922.596988514906
3802,-82.5,19.0828125,0.0
3803,-82.5,19.40625,24175.13855502129
3804,-78.75,18.4359375,0.0
3805,-78.75,18.759375,0.0
3806,-75.0,18.4359375,0.0
3807,-75.0,18.759375,0.0
3808,-78.75,19.0828125,0.0
3809,-78.75,19.40625,31427.680121527683
3810,-75.0,19.0828125,0.0
3811,-75.0,19.40625,38680.22168803407
3812,-71.25,18.4359375,0.0
3813,-71.25,18.759375,0.0
3814,-67.5,18.4359375,0.0
3815,-67.5,18.759375,0.0
3816,-71.25,19.0828125,0.0
3817,-71.25,19.40625,24175.13855502129
3818,-67.5,19.0828125,0.0
3819,-67.5,19.40625,9670.055422008518
3820,-63.75,18.4359375,0.0
3821,-63.75,18.759375,0.0
3822,-60.0,18.4359375,0.0
3823,-60.0,18.759375,0.0
3824,-63.75,19.0828125,0.0
3825,-63.75,19.40625,0.0
3826,-60.0,19.0828125,0.0
3827,-60.0,19.40625,0.0
3828,-56.25,18.4359375,0.0
3829,-56.25,18.759375,0.0
3830,-52.5,18.4359375,56180635.37076005
3831,-52.5,18.759375,28268804.044805035
3832,-56.25,19.0828125,0.0
3833,-56.25,19.40625,0.0
3834,-52.5,19.0828125,34561847.91499721
3835,-52.5,19.40625,39527809.0778579
3836,-48.75,18.4359375,140451588.42690015
3837,-48.75,18.759375,70672010.11201258
3838,-45.0,18.4359375,224722541.4830402
3839,-45.0,18.759375,113075216.17922014
3840,-48.75,19.0828125,86404619.78749304
3841,-48.75,19.40625,98819522.69464475
3842,-45.0,19.0828125,138247391.65998885
3843,-45.0,19.40625,158111236.3114316
3844,-41.25,18.4359375,896236348.1831349
3845,-41.25,18.759375,865060633.4718888
3846,-37.5,18.4359375,1567750154.8832295
3847,-37.5,18.759375,1617046050.7645574
3848,-41.25,19.0828125,773110142.3736309
3849,-41.25,19.40625,773252135.5001335
3850,-37.5,19.0828125,1407972893.087273
3851,-37.5,19.40625,1388393034.6888356
3852,-33.75,18.4359375,2907344365.8551598
3853,-33.75,18.759375,2996141427.8470554
3854,-30.0,18.4359375,5583099385.37076
3855,-30.0,18.759375,5629456724.509214
3856,-33.75,19.0828125,2689606739.924505
3857,-33.75,19.40625,2737296780.0564237
3858,-30.0,19.0828125,5264782779.008919
3859,-30.0,19.40625,5553726217.781784
3860,-26.25,18.4359375,8258854404.88636
3861,-26.25,18.759375,8262772021.171372
3862,-22.5,18.4359375,12550352340.30699
3863,-22.5,18.759375,12614835759.089539
3864,-26.25,19.0828125,7839958818.093332
3865,-26.25,19.40625,8370155655.507145
3866,-22.5,19.0828125,12138167122.708841
3867,-22.5,19.40625,12763531403.161726
3868,-18.75,18.4359375,17649721733.680138
3869,-18.75,18.759375,17826273717.635715
3870,-15.0,18.4359375,22749091127.053284
3871,-15.0,18.759375,23037711676.18189
3872,-18.75,19.0828125,17297891560.0899
3873,-18.75,19.40625,17945380305.780914
3874,-15.0,19.0828125,22457615997.47096
3875,-15.0,19.40625,23127229208.4001
3876,-11.25,18.4359375,31953908720.35882
3877,-11.25,18.759375,31783343372.83403
3878,-7.5,18.4359375,41158726313.66437
3879,-7.5,18.759375,40528975069.486176
3880,-11.25,19.0828125,30640568114.843136
3881,-11.25,19.40625,31348373789.730232
3882,-7.5,19.0828125,38823520232.21532
3883,-7.5,19.40625,39569518371.06036
3884,-3.75,18.4359375,47210873882.84798
3885,-3.75,18.759375,46310622047.35911
3886,0.0,18.4359375,46957681403.78773
3887,0.0,18.759375,46164299587.673615
3888,-3.75,19.0828125,44449842374.88316
3889,-3.75,19.40625,45201839650.732834
3890,0.0,19.0828125,44962904568.14237
3891,0.0,19.40625,45656514327.09001
3892,-116.25,19.7296875,0.0
3893,-120.0,19.7296875,0.0
3894,-112.5,19.7296875,0.0
3895,-116.25,19.89140625,0.0
3896,-120.0,19.89140625,0.0
3897,-112.5,19.89140625,0.0
3898,-116.25,19.972265625,0.0
3899,-120.0,19.972265625,0.0
3900,-112.5,19.972265625,0.0
3901,-116.25,20.0126953125,0.0
3902,-120.0,20.0126953125,0.0
3903,-112.5,20.0126953125,0.0
3904,-116.25,20.053125,0.0
3905,-120.0,20.053125,0.0
3906,-112.5,20.053125,0.0
3907,-108.75,19.7296875,0.0
3908,-105.0,19.7296875,0.0
3909,-108.75,19.89140625,0.0
3910,-105.0,19.89140625,0.0
3911,-108.75,19.972265625,0.0
3912,-105.0,19.972265625,0.0
3913,-108.75,20.0126953125,0.0
3914,-105.0,20.0126953125,0.0
3915,-108.75,20.053125,0.0
3916,-105.0,20.053125,0.0
3917,-101.25,19.7296875,0.0
3918,-97.5,19.7296875,0.0
3919,-101.25,19.89140625,0.0
3920,-97.5,19.89140625,0.0
3921,-101.25,19.972265625,0.0
3922,-97.5,19.972265625,0.0
3923,-101.25,20.0126953125,0.0
3924,-97.5,20.0126953125,0.0
3925,-101.25,20.053125,0.0
3926,-97.5,20.053125,0.0
3927,-93.75,19.7296875,0.0
3928,-90.0,19.7296875,0.0
3929,-93.75,19.89140625,0.0
3930,-90.0,19.89140625,0.0
3931,-93.75,19.972265625,0.0
3932,-90.0,19.972265625,0.0
3933,-93.75,20.0126953125,0.0
3934,-90.0,20.0126953125,0.0
3935,-93.75,20.053125,0.0
3936,-90.0,20.053125,0.0
3937,-86.25,19.7296875,0.0
3938,-82.5,19.7296875,0.0
3939,-86.25,19.89140625,0.0
3940,-82.5,19.89140625,0.0
3941,-86.25,19.972265625,0.0
3942,-82.5,19.972265625,0.0
3943,-86.25,20.0126953125,0.0
3944,-82.5,20.0126953125,0.0
3945,-86.25,20.053125,0.0
3946,-82.5,20.053125,0.0
3947,-78.75,19.7296875,0.0
3948,-75.0,19.7296875,0.0
3949,-78.75,19.89140625,0.0
3950,-75.0,19.89140625,0.0
3951,-78.75,19.972265625,0.0
3952,-75.0,19.972265625,0.0
3953,-78.75,20.0126953125,0.0
3954,-75.0,20.0126953125,0.0
3955,-78.75,20.053125,0.0
3956,-75.0,20.053125,0.0
3957,-71.25,19.7296875,0.0
3958,-67.5,19.7296875,0.0
3959,-71.25,19.89140625,0.0
3960,-67.5,19.89140625,0.0
3961,-71.25,19.972265625,0.0
3962,-67.5,19.972265625,0.0
3963,-71.25,20.0126953125,0.0
3964,-67.5,20.0126953125,0.0
3965,-71.25,20.053125,0.0
3966,-67.5,20.053125,0.0
3967,-63.75,19.7296875,0.0
3968,-60.0,19.7296875,0.0
3969,-63.75,19.89140625,0.0
3970,-60.0,19.89140625,0.0
3971,-63.75,19.972265625,4865.238809177949
3972,-60.0,19.972265625,19460.955236711798
3973,-63.75,20.0126953125,7587.142683501925
3974,-60.0,20.0126953125,30348.5707340077
3975,-63.75,20.053125,10309.046557825899
3976,-60.0,20.053125,41236.186231303596
3977,-56.25,19.7296875,0.0
3978,-52.5,19.7296875,34001254.08987707
3979,-56.25,19.89140625,0.0
3980,-52.5,19.89140625,27083933.251535762
3981,-56.25,19.972265625,34056.67166424565
3982,-52.5,19.972265625,23515733.180901986
3983,-56.25,20.0126953125,53109.998784513475
3984,-52.5,20.0126953125,21725119.977119654
3985,-56.25,20.053125,72163.32590478129
3986,-52.5,20.053125,19934506.773337312
3987,-48.75,19.7296875,85003135.22469267
3988,-45.0,19.7296875,136005016.35950828
3989,-48.75,19.89140625,67709833.1288394
3990,-45.0,19.89140625,108335733.00614305
3991,-48.75,19.972265625,58730950.08654484
3992,-45.0,19.972265625,93946166.99218768
3993,-48.75,20.0126953125,54221754.23059711
3994,-45.0,20.0126953125,86718388.48407456
3995,-48.75,20.053125,49712558.37464937
3996,-45.0,20.053125,79490609.97596142
3997,-41.25,19.7296875,796303478.6648214
3998,-37.5,19.7296875,1456601940.9701345
3999,-41.25,19.89140625,741766975.2984982
4000,-37.5,19.89140625,1375198217.5908532
4001,-41.25,19.972265625,755860981.4179246
4002,-37.5,19.972265625,1417775795.8436615
4003,-41.25,20.0126953125,765367361.9686028
4004,-37.5,20.0126953125,1444016335.453131
4005,-41.25,20.053125,774873742.5192809
4006,-37.5,20.053125,1470256875.0626004
4007,-33.75,19.7296875,2790503826.017461
4008,-30.0,19.7296875,5471612556.548811
4009,-33.75,19.89140625,2704283597.558176
4010,-30.0,19.89140625,5424677252.875433
4011,-33.75,19.972265625,2748187567.6799016
4012,-30.0,19.972265625,5415593254.337148
4013,-33.75,20.0126953125,2775313363.1616573
4014,-30.0,20.0126953125,5411906499.31818
4015,-33.75,20.053125,2802439158.643413
4016,-30.0,20.053125,5408219744.2992115
4017,-26.25,19.7296875,8152721287.080161
4018,-22.5,19.7296875,12524766065.705128
4019,-26.25,19.89140625,8145070908.192692
4020,-22.5,19.89140625,12593037640.224358
4021,-26.25,19.972265625,8082998940.994393
4022,-22.5,19.972265625,12494685381.897495
4023,-26.25,20.0126953125,8048499635.474703
4024,-22.5,20.0126953125,12437631585.158648
4025,-26.25,20.053125,8014000329.95501
4026,-22.5,20.053125,12380577788.419802
4027,-18.75,19.7296875,17742278868.376904
4028,-15.0,19.7296875,22959791671.048676
4029,-18.75,19.89140625,17904790910.613228
4030,-15.0,19.89140625,23216544181.0021
4031,-18.75,19.972265625,17778512199.923523
4032,-15.0,19.972265625,23062339017.94955
4033,-18.75,20.0126953125,17703032941.606308
4034,-15.0,20.0126953125,22968434298.053963
4035,-18.75,20.053125,17627553683.289093
4036,-15.0,20.053125,22874529578.15838
4037,-11.25,19.7296875,31016840774.53613
4038,-7.5,19.7296875,39073889878.023575
4039,-11.25,19.89140625,30861411883.427544
4040,-7.5,19.89140625,38506279585.85298
4041,-11.25,19.972265625,30677150583.837788
4042,-7.5,19.972265625,38291962149.72602
4043,-11.25,20.0126953125,30578684715.694847
4044,-7.5,20.0126953125,38188935133.33574
4045,-11.25,20.053125,30480218847.55191
4046,-7.5,20.053125,38085908116.94544
4047,-3.75,19.7296875,44378261927.93885
4048,0.0,19.7296875,44177279870.7098
4049,-3.75,19.89140625,43762680791.08865
4050,0.0,19.89140625,44242149001.94478
4051,-3.75,19.972265625,43468553702.39519
4052,0.0,19.972265625,43768705228.62623
4053,-3.75,20.0126953125,43322302581.16763
4054,0.0,20.0126953125,43501904089.38155
4055,-3.75,20.053125,43176051459.94007
4056,0.0,20.053125,43235102950.13689
4057,-116.25,20.07333984375,0.0
4058,-120.0,20.07333984375,0.0
4059,-112.5,20.07333984375,0.0
4060,-116.25,20.083447265625,0.0
4061,-120.0,20.083447265625,0.0
4062,-112.5,20.083447265625,0.0
4063,-116.25,20.0935546875,0.0
4064,-120.0,20.0935546875,0.0
4065,-112.5,20.0935546875,0.0
4066,-116.25,20.0986083984375,0.0
4067,-120.0,20.0986083984375,0.0
4068,-116.25,20.103662109375,0.0
4069,-120.0,20.103662109375,0.0
4070,-112.5,20.0986083984375,0.0
4071,-112.5,20.103662109375,413.0143385667082
4072,-116.25,20.1087158203125,0.0
4073,-120.0,20.1087158203125,0.0
4074,-116.25,20.11376953125,0.0
4075,-120.0,20.11376953125,0.0
4076,-112.5,20.1087158203125,982.9741257886852
4077,-112.5,20.11376953125,1552.9339130106625
4078,-116.25,20.1188232421875,0.0
4079,-120.0,20.1188232421875,0.0
4080,-116.25,20.123876953125,0.0
4081,-120.0,20.123876953125,0.0
4082,-112.5,20.1188232421875,2122.8937002326397
4083,-112.5,20.123876953125,2692.8534874546167
4084,-116.25,20.1289306640625,0.0
4085,-120.0,20.1289306640625,0.0
4086,-116.25,20.133984375,0.0
4087,-120.0,20.133984375,0.0
4088,-112.5,20.1289306640625,3262.8132746769948
4089,-112.5,20.133984375,3832.7730618989717
4090,-108.75,20.07333984375,0.0
4091,-105.0,20.07333984375,0.0
4092,-108.75,20.083447265625,0.0
4093,-105.0,20.083447265625,0.0
4094,-108.75,20.0935546875,0.0
4095,-105.0,20.0935546875,0.0
4096,-108.75,20.0986083984375,0.0
4097,-108.75,20.103662109375,1032.5358464167705
4098,-105.0,20.0986083984375,0.0
4099,-105.0,20.103662109375,1652.0573542668328
4100,-108.75,20.1087158203125,2457.4353144717134
4101,-108.75,20.11376953125,3882.334782526656
4102,-105.0,20.1087158203125,3931.896503154741
4103,-105.0,20.11376953125,6211.73565204265
4104,-108.75,20.1188232421875,5307.234250581599
4105,-108.75,20.123876953125,6732.133718636542
4106,-105.0,20.1188232421875,8491.574800930559
4107,-105.0,20.123876953125,10771.413949818467
4108,-108.75,20.1289306640625,8157.033186692487
4109,-108.75,20.133984375,9581.93265474743
4110,-105.0,20.1289306640625,13051.253098707979
4111,-105.0,20.133984375,15331.092247595887
4112,-101.25,20.07333984375,0.0
4113,-97.5,20.07333984375,0.0
4114,-101.25,20.083447265625,0.0
4115,-97.5,20.083447265625,0.0
4116,-101.25,20.0935546875,0.0
4117,-97.5,20.0935546875,0.0
4118,-101.25,20.0986083984375,0.0
4119,-101.25,20.103662109375,1032.5358464167705
4120,-97.5,20.0986083984375,0.0
4121,-97.5,20.103662109375,413.0143385667082
4122,-101.25,20.1087158203125,2457.4353144717134
4123,-101.25,20.11376953125,3882.334782526656
4124,-97.5,20.1087158203125,982.9741257886852
4125,-97.5,20.11376953125,1552.9339130106625
4126,-101.25,20.1188232421875,5307.234250581599
4127,-101.25,20.123876953125,6732.133718636542
4128,-97.5,20.1188232421875,2122.8937002326397
4129,-97.5,20.123876953125,2692.8534874546167
4130,-101.25,20.1289306640625,8157.033186692487
4131,-101.25,20.133984375,9581.93265474743
4132,-97.5,20.1289306640625,3262.8132746769948
4133,-97.5,20.133984375,3832.7730618989717
4134,-93.75,20.07333984375,0.0
4135,-90.0,20.07333984375,0.0
4136,-93.75,20.083447265625,0.0
4137,-90.0,20.083447265625,0.0
4138,-93.75,20.0935546875,0.0
4139,-90.0,20.0935546875,0.0
4140,-93.75,20.0986083984375,0.0
4141,-93.75,20.103662109375,0.0
4142,-90.0,20.0986083984375,0.0
4143,-90.0,20.103662109375,0.0
4144,-93.75,20.1087158203125,0.0
4145,-93.75,20.11376953125,0.0
4146,-90.0,20.1087158203125,0.0
4147,-90.0,20.11376953125,0.0
4148,-93.75,20.1188232421875,0.0
4149,-93.75,20.123876953125,0.0
4150,-90.0,20.1188232421875,0.0
4151,-90.0,20.123876953125,0.0
4152,-93.75,20.1289306640625,0.0
4153,-93.75,20.133984375,0.0
4154,-90.0,20.1289306640625,0.0
4155,-90.0,20.133984375,0.0
4156,-116.25,20.1390380859375,0.0
4157,-120.0,20.1390380859375,0.0
4158,-116.25,20.144091796875,0.0
4159,-120.0,20.144091796875,0.0
4160,-112.5,20.1390380859375,4402.732849120949
4161,-112.5,20.144091796875,4972.692636342926
4162,-116.25,20.1491455078125,0.0
4163,-120.0,20.1491455078125,0.0
4164,-116.25,20.15419921875,0.0
4165,-120.0,20.15419921875,0.0
4166,-112.5,20.1491455078125,5542.652423564903
4167,-112.5,20.15419921875,6112.612210787281
4168,-116.25,20.1592529296875,0.0
4169,-120.0,20.1592529296875,0.0
4170,-116.25,20.164306640625,0.0
4171,-120.0,20.164306640625,0.0
4172,-112.5,20.1592529296875,6682.571998009258
4173,-112.5,20.164306640625,7252.5317852312355
4174,-116.25,20.1693603515625,0.0
4175,-120.0,20.1693603515625,0.0
4176,-116.25,20.1744140625,0.0
4177,-120.0,20.1744140625,0.0
4178,-112.5,20.1693603515625,7822.491572453212
4179,-112.5,20.1744140625,8392.45135967519
4180,-108.75,20.1390380859375,11006.832122802372
4181,-108.75,20.144091796875,12431.731590857316
4182,-105.0,20.1390380859375,17610.931396483797
4183,-105.0,20.144091796875,19890.770545371703
4184,-108.75,20.1491455078125,13856.631058912257
4185,-108.75,20.15419921875,15281.530526968201
4186,-105.0,20.1491455078125,22170.609694259612
4187,-105.0,20.15419921875,24450.448843149123
4188,-108.75,20.1592529296875,16706.429995023147
4189,-108.75,20.164306640625,18131.329463078087
4190,-105.0,20.1592529296875,26730.287992037032
4191,-105.0,20.164306640625,29010.127140924942
4192,-108.75,20.1693603515625,19556.22893113303
4193,-108.75,20.1744140625,20981.128399187975
4194,-105.0,20.1693603515625,31289.966289812848
4195,-105.0,20.1744140625,33569.80543870076
4196,-101.25,20.1390380859375,11006.832122802372
4197,-101.25,20.144091796875,12431.731590857316
4198,-97.5,20.1390380859375,4402.732849120949
4199,-97.5,20.144091796875,4972.692636342926
4200,-101.25,20.1491455078125,13856.631058912257
4201,-101.25,20.15419921875,15281.530526968201
4202,-97.5,20.1491455078125,5542.652423564903
4203,-97.5,20.15419921875,6112.612210787281
4204,-101.25,20.1592529296875,16706.429995023147
4205,-101.25,20.164306640625,18131.329463078087
4206,-97.5,20.1592529296875,6682.571998009258
4207,-97.5,20.164306640625,7252.5317852312355
4208,-101.25,20.1693603515625,19556.22893113303
4209,-101.25,20.1744140625,20981.128399187975
4210,-97.5,20.1693603515625,7822.491572453212
4211,-97.5,20.1744140625,8392.45135967519
4212,-93.75,20.1390380859375,0.0
4213,-93.75,20.144091796875,0.0
4214,-90.0,20.1390380859375,0.0
4215,-90.0,20.144091796875,0.0
4216,-93.75,20.1491455078125,0.0
4217,-93.75,20.15419921875,0.0
4218,-90.0,20.1491455078125,0.0
4219,-90.0,20.15419921875,0.0
4220,-93.75,20.1592529296875,0.0
4221,-93.75,20.164306640625,0.0
4222,-90.0,20.1592529296875,0.0
4223,-90.0,20.164306640625,0.0
4224,-93.75,20.1693603515625,0.0
4225,-93.75,20.1744140625,0.0
4226,-90.0,20.1693603515625,0.0
4227,-90.0,20.1744140625,0.0
4228,-116.25,20.1794677734375,0.0
4229,-120.0,20.1794677734375,0.0
4230,-116.25,20.184521484375,0.0
4231,-120.0,20.184521484375,0.0
4232,-112.5,20.1794677734375,8962.411146897566
4233,-112.5,20.184521484375,9532.370934119544
4234,-116.25,20.1895751953125,0.0
4235,-120.0,20.1895751953125,0.0
4236,-116.25,20.19462890625,0.0
4237,-120.0,20.19462890625,0.0
4238,-112.5,20.1895751953125,10102.330721341523
4239,-112.5,20.19462890625,10672.2905085635
4240,-108.75,20.1794677734375,22406.027867243916
4241,-108.75,20.184521484375,23830.92733529886
4242,-105.0,20.1794677734375,35849.644587590265
4243,-105.0,20.184521484375,38129.48373647818
4244,-108.75,20.1895751953125,25255.826803353804
4245,-108.75,20.19462890625,26680.72627140875
4246,-105.0,20.1895751953125,40409.32288536609
4247,-105.0,20.19462890625,42689.162034254
4248,-101.25,20.1794677734375,22406.027867243916
4249,-101.25,20.184521484375,23830.92733529886
4250,-97.5,20.1794677734375,8962.411146897566
4251,-97.5,20.184521484375,9532.370934119544
4252,-101.25,20.1895751953125,25255.826803353804
4253,-101.25,20.19462890625,26680.72627140875
4254,-97.5,20.1895751953125,10102.330721341523
4255,-97.5,20.19462890625,10672.2905085635
4256,-93.75,20.1794677734375,0.0
4257,-93.75,20.184521484375,0.0
4258,-90.0,20.1794677734375,0.0
4259,-90.0,20.184521484375,0.0
4260,-93.75,20.1895751953125,0.0
4261,-93.75,20.19462890625,0.0
4262,-90.0,20.1895751953125,0.0
4263,-90.0,20.19462890625,0.0
4264,-116.25,20.1996826171875,0.0
4265,-116.25,20.2,0.0
4266,-116.25,20.204736328125,0.0
4267,-120.0,20.204736328125,0.0
4268,-112.5,20.1996826171875,11242.250295785476
4269,-112.5,20.2,11278.044871794671
4270,-112.5,20.204736328125,11812.210083007854
4271,-108.75,20.1996826171875,28105.62573946369
4272,-108.75,20.2,28195.112179486678
4273,-108.75,20.204736328125,29530.525207519633
4274,-105.0,20.1996826171875,44969.0011831419
4275,-105.0,20.2,45112.179487178684
4276,-105.0,20.204736328125,47248.84033203142
4277,-101.25,20.1996826171875,28105.62573946369
4278,-101.25,20.2,28195.112179486678
4279,-101.25,20.204736328125,29530.525207519633
4280,-97.5,20.1996826171875,11242.250295785476
4281,-97.5,20.2,11278.044871794671
4282,-97.5,20.204736328125,11812.210083007854
4283,-93.75,20.1996826171875,0.0
4284,-93.75,20.2,0.0
4285,-93.75,20.204736328125,0.0
4286,-90.0,20.1996826171875,0.0
4287,-90.0,20.2,0.0
4288,-90.0,20.204736328125,0.0
4289,-116.25,20.2097900390625,0.0
4290,-120.0,20.2097900390625,0.0
4291,-112.5,20.2097900390625,12382.169870229833
4292,-108.75,20.2097900390625,30955.424675574577
4293,-105.0,20.2097900390625,49528.67948091933
4294,-116.25,20.21484375,0.0
4295,-120.0,20.21484375,0.0
4296,-112.5,20.21484375,12952.129657451807
4297,-108.75,20.21484375,32380.324143629514
4298,-105.0,20.21484375,51808.51862980723
4299,-101.25,20.2097900390625,30955.424675574577
4300,-97.5,20.2097900390625,12382.169870229833
4301,-101.25,20.21484375,32380.324143629514
4302,-97.5,20.21484375,12952.129657451807
4303,-93.75,20.2097900390625,0.0
4304,-90.0,20.2097900390625,0.0
4305,-93.75,20.21484375,0.0
4306,-90.0,20.21484375,0.0
4307,-86.25,20.07333984375,0.0
4308,-82.5,20.07333984375,0.0
4309,-86.25,20.083447265625,0.0
4310,-82.5,20.083447265625,0.0
4311,-86.25,20.0935546875,0.0
4312,-82.5,20.0935546875,0.0
4313,-86.25,20.0986083984375,0.0
4314,-86.25,20.103662109375,0.0
4315,-82.5,20.0986083984375,0.0
4316,-82.5,20.103662109375,0.0
4317,-86.25,20.1087158203125,0.0
4318,-86.25,20.11376953125,0.0
4319,-82.5,20.1087158203125,0.0
4320,-82.5,20.11376953125,0.0
4321,-86.25,20.1188232421875,0.0
4322,-86.25,20.123876953125,0.0
4323,-82.5,20.1188232421875,0.0
4324,-82.5,20.123876953125,0.0
4325,-86.25,20.1289306640625,0.0
4326,-86.25,20.133984375,0.0
4327,-82.5,20.1289306640625,0.0
4328,-82.5,20.133984375,0.0
4329,-78.75,20.07333984375,0.0
4330,-75.0,20.07333984375,0.0
4331,-78.75,20.083447265625,0.0
4332,-75.0,20.083447265625,0.0
4333,-78.75,20.0935546875,0.0
4334,-75.0,20.0935546875,0.0
4335,-78.75,20.0986083984375,0.0
4336,-78.75,20.103662109375,0.0
4337,-75.0,20.0986083984375,0.0
4338,-75.0,20.103662109375,0.0
4339,-78.75,20.1087158203125,0.0
4340,-78.75,20.11376953125,0.0
4341,-75.0,20.1087158203125,0.0
4342,-75.0,20.11376953125,0.0
4343,-78.75,20.1188232421875,0.0
4344,-78.75,20.123876953125,0.0
4345,-75.0,20.1188232421875,0.0
4346,-75.0,20.123876953125,0.0
4347,-78.75,20.1289306640625,0.0
4348,-78.75,20.133984375,0.0
4349,-75.0,20.1289306640625,0.0
4350,-75.0,20.133984375,0.0
4351,-86.25,20.1390380859375,0.0
4352,-86.25,20.144091796875,0.0
4353,-82.5,20.1390380859375,0.0
4354,-82.5,20.144091796875,0.0
4355,-86.25,20.1491455078125,0.0
4356,-86.25,20.15419921875,0.0
4357,-82.5,20.1491455078125,0.0
4358,-82.5,20.15419921875,0.0
4359,-86.25,20.1592529296875,0.0
4360,-86.25,20.164306640625,0.0
4361,-82.5,20.1592529296875,0.0
4362,-82.5,20.164306640625,0.0
4363,-86.25,20.1693603515625,0.0
4364,-86.25,20.1744140625,0.0
4365,-82.5,20.1693603515625,0.0
4366,-82.5,20.1744140625,0.0
4367,-78.75,20.1390380859375,0.0
4368,-78.75,20.144091796875,0.0
4369,-75.0,20.1390380859375,0.0
4370,-75.0,20.144091796875,0.0
4371,-78.75,20.1491455078125,0.0
4372,-78.75,20.15419921875,0.0
4373,-75.0,20.1491455078125,0.0
4374,-75.0,20.15419921875,0.0
4375,-78.75,20.1592529296875,0.0
4376,-78.75,20.164306640625,0.0
4377,-75.0,20.1592529296875,0.0
4378,-75.0,20.164306640625,0.0
4379,-78.75,20.1693603515625,0.0
4380,-78.75,20.1744140625,0.0
4381,-75.0,20.1693603515625,0.0
4382,-75.0,20.1744140625,0.0
4383,-86.25,20.1794677734375,0.0
4384,-86.25,20.184521484375,0.0
4385,-82.5,20.1794677734375,0.0
4386,-82.5,20.184521484375,0.0
4387,-86.25,20.1895751953125,0.0
4388,-86.25,20.19462890625,0.0
4389,-82.5,20.1895751953125,0.0
4390,-82.5,20.19462890625,0.0
4391,-78.75,20.1794677734375,0.0
4392,-78.75,20.184521484375,0.0
4393,-75.0,20.1794677734375,0.0
4394,-75.0,20.184521484375,0.0
4395,-78.75,20.1895751953125,0.0
4396,-78.75,20.19462890625,0.0
4397,-75.0,20.1895751953125,0.0
4398,-75.0,20.19462890625,0.0
4399,-86.25,20.1996826171875,0.0
4400,-86.25,20.2,0.0
4401,-86.25,20.204736328125,0.0
4402,-82.5,20.1996826171875,0.0
4403,-82.5,20.2,0.0
4404,-82.5,20.204736328125,0.0
4405,-78.75,20.1996826171875,0.0
4406,-78.75,20.2,0.0
4407,-78.75,20.204736328125,0.0
4408,-75.0,20.1996826171875,0.0
4409,-75.0,20.2,0.0
4410,-75.0,20.204736328125,0.0
4411,-86.25,20.2097900390625,0.0
4412,-82.5,20.2097900390625,0.0
4413,-86.25,20.21484375,0.0
4414,-82.5,20.21484375,0.0
4415,-78.75,20.2097900390625,0.0
4416,-75.0,20.2097900390625,0.0
4417,-78.75,20.21484375,0.0
4418,-75.0,20.21484375,0.0
4419,-71.25,20.07333984375,0.0
4420,-67.5,20.07333984375,0.0
4421,-71.25,20.083447265625,0.0
4422,-67.5,20.083447265625,0.0
4423,-71.25,20.0935546875,0.0
4424,-67.5,20.0935546875,0.0
4425,-71.25,20.0986083984375,0.0
4426,-71.25,20.103662109375,0.0
4427,-67.5,20.0986083984375,0.0
4428,-67.5,20.103662109375,0.0
4429,-71.25,20.1087158203125,0.0
4430,-71.25,20.11376953125,0.0
4431,-67.5,20.1087158203125,0.0
4432,-67.5,20.11376953125,0.0
4433,-71.25,20.1188232421875,0.0
4434,-71.25,20.123876953125,0.0
4435,-67.5,20.1188232421875,0.0
4436,-67.5,20.123876953125,0.0
4437,-71.25,20.1289306640625,0.0
4438,-71.25,20.133984375,0.0
4439,-67.5,20.1289306640625,0.0
4440,-67.5,20.133984375,0.0
4441,-63.75,20.07333984375,11669.998494987647
4442,-60.0,20.07333984375,46679.99397995059
4443,-63.75,20.083447265625,12350.474463568762
4444,-60.0,20.083447265625,49401.89785427505
4445,-63.75,20.0935546875,13030.950432149635
4446,-60.0,20.0935546875,52123.80172859854
4447,-63.75,20.0986083984375,13371.188416440073
4448,-63.75,20.103662109375,13218.32787277352
4449,-60.0,20.0986083984375,53484.75366576029
4450,-60.0,20.103662109375,52873.31149109408
4451,-63.75,20.1087158203125,12878.089888483077
4452,-63.75,20.11376953125,12537.851904192634
4453,-60.0,20.1087158203125,51512.35955393231
4454,-60.0,20.11376953125,50151.407616770535
4455,-63.75,20.1188232421875,12197.61391990219
4456,-63.75,20.123876953125,11857.375935611748
4457,-60.0,20.1188232421875,48790.45567960876
4458,-60.0,20.123876953125,47429.50374244699
4459,-63.75,20.1289306640625,11517.137951321065
4460,-63.75,20.133984375,11176.89996703062
4461,-60.0,20.1289306640625,46068.55180528426
4462,-60.0,20.133984375,44707.59986812248
4463,-71.25,20.1390380859375,0.0
4464,-71.25,20.144091796875,0.0
4465,-67.5,20.1390380859375,0.0
4466,-67.5,20.144091796875,0.0
4467,-71.25,20.1491455078125,0.0
4468,-71.25,20.15419921875,0.0
4469,-67.5,20.1491455078125,0.0
4470,-67.5,20.15419921875,0.0
4471,-71.25,20.1592529296875,0.0
4472,-71.25,20.164306640625,0.0
4473,-67.5,20.1592529296875,0.0
4474,-67.5,20.164306640625,0.0
4475,-71.25,20.1693603515625,0.0
4476,-71.25,20.1744140625,0.0
4477,-67.5,20.1693603515625,0.0
4478,-67.5,20.1744140625,0.0
4479,-63.75,20.1390380859375,10836.66198274018
4480,-63.75,20.144091796875,10496.423998449736
4481,-60.0,20.1390380859375,43346.64793096072
4482,-60.0,20.144091796875,41985.695993798945
4483,-63.75,20.1491455078125,10156.186014159292
4484,-63.75,20.15419921875,9815.94802986861
4485,-60.0,20.1491455078125,40624.744056637166
4486,-60.0,20.15419921875,39263.79211947444
4487,-63.75,20.1592529296875,9475.710045578166
4488,-63.75,20.164306640625,9135.472061287725
4489,-60.0,20.1592529296875,37902.84018231266
4490,-60.0,20.164306640625,36541.8882451509
4491,-63.75,20.1693603515625,8795.234076997282
4492,-63.75,20.1744140625,8454.996092706837
4493,-60.0,20.1693603515625,35180.93630798913
4494,-60.0,20.1744140625,33819.98437082735
4495,-71.25,20.1794677734375,0.0
4496,-71.25,20.184521484375,0.0
4497,-67.5,20.1794677734375,0.0
4498,-67.5,20.184521484375,0.0
4499,-71.25,20.1895751953125,0.0
4500,-71.25,20.19462890625,0.0
4501,-67.5,20.1895751953125,0.0
4502,-67.5,20.19462890625,0.0
4503,-63.75,20.1794677734375,8114.758108416157
4504,-63.75,20.184521484375,7774.520124125711
4505,-60.0,20.1794677734375,32459.032433664626
4506,-60.0,20.184521484375,31098.080496502844
4507,-63.75,20.1895751953125,7434.282139835269
4508,-63.75,20.19462890625,7094.044155544826
4509,-60.0,20.1895751953125,29737.128559341076
4510,-60.0,20.19462890625,28376.176622179304
4511,-71.25,20.1996826171875,0.0
4512,-71.25,20.2,0.0
4513,-71.25,20.204736328125,0.0
4514,-67.5,20.1996826171875,0.0
4515,-67.5,20.2,0.0
4516,-67.5,20.204736328125,0.0
4517,-63.75,20.1996826171875,6753.806171254382
4518,-63.75,20.2,6732.4385683761875
4519,-63.75,20.204736328125,6413.5681869637
4520,-60.0,20.1996826171875,27015.22468501753
4521,-60.0,20.2,26929.75427350475
4522,-60.0,20.204736328125,25654.2727478548
4523,-71.25,20.2097900390625,0.0
4524,-67.5,20.2097900390625,0.0
4525,-71.25,20.21484375,0.0
4526,-67.5,20.21484375,0.0
4527,-63.75,20.2097900390625,6073.330202673256
4528,-60.0,20.2097900390625,24293.320810693025
4529,-63.75,20.21484375,5733.092218382814
4530,-60.0,20.21484375,22932.368873531257
4531,-116.25,20.2198974609375,0.0
4532,-120.0,20.2198974609375,0.0
4533,-112.5,20.2198974609375,13522.089444673784
4534,-108.75,20.2198974609375,33805.223611684465
4535,-105.0,20.2198974609375,54088.357778695135
4536,-101.25,20.2198974609375,33805.223611684465
4537,-97.5,20.2198974609375,13522.089444673784
4538,-93.75,20.2198974609375,0.0
4539,-90.0,20.2198974609375,0.0
4540,-116.25,20.224951171875,0.0
4541,-120.0,20.224951171875,0.0
4542,-112.5,20.224951171875,14092.049231895762
4543,-108.75,20.224951171875,35230.12307973941
4544,-105.0,20.224951171875,56368.19692758305
4545,-101.25,20.224951171875,35230.12307973941
4546,-97.5,20.224951171875,14092.049231895762
4547,-93.75,20.224951171875,0.0
4548,-90.0,20.224951171875,0.0
4549,-116.25,20.2300048828125,0.0
4550,-120.0,20.2300048828125,0.0
4551,-112.5,20.2300048828125,14662.00901911814
4552,-108.75,20.2300048828125,36655.02254779535
4553,-105.0,20.2300048828125,58648.03607647256
4554,-101.25,20.2300048828125,36655.02254779535
4555,-97.5,20.2300048828125,14662.00901911814
4556,-93.75,20.2300048828125,0.0
4557,-90.0,20.2300048828125,0.0
4558,-116.25,20.23505859375,0.0
4559,-120.0,20.23505859375,0.0
4560,-112.5,20.23505859375,15231.968806340119
4561,-108.75,20.23505859375,38079.9220158503
4562,-105.0,20.23505859375,60927.875225360476
4563,-101.25,20.23505859375,38079.9220158503
4564,-97.5,20.23505859375,15231.968806340119
4565,-93.75,20.23505859375,0.0
4566,-90.0,20.23505859375,0.0
4567,-116.25,20.2401123046875,0.0
4568,-120.0,20.2401123046875,0.0
4569,-112.5,20.2401123046875,15801.928593562094
4570,-108.75,20.2401123046875,39504.82148390524
4571,-105.0,20.2401123046875,63207.714374248375
4572,-101.25,20.2401123046875,39504.82148390524
4573,-97.5,20.2401123046875,15801.928593562094
4574,-93.75,20.2401123046875,0.0
4575,-90.0,20.2401123046875,0.0
4576,-116.25,20.245166015625,0.0
4577,-120.0,20.245166015625,0.0
4578,-112.5,20.245166015625,16371.88838078407
4579,-108.75,20.245166015625,40929.72095196018
4580,-105.0,20.245166015625,65487.55352313628
4581,-101.25,20.245166015625,40929.72095196018
4582,-97.5,20.245166015625,16371.88838078407
4583,-93.75,20.245166015625,0.0
4584,-90.0,20.245166015625,0.0
4585,-116.25,20.2502197265625,0.0
4586,-120.0,20.2502197265625,0.0
4587,-112.5,20.2502197265625,16941.84816800605
4588,-108.75,20.2502197265625,42354.62042001512
4589,-105.0,20.2502197265625,67767.3926720242
4590,-101.25,20.2502197265625,42354.62042001512
4591,-97.5,20.2502197265625,16941.84816800605
4592,-93.75,20.2502197265625,0.0
4593,-90.0,20.2502197265625,0.0
4594,-116.25,20.2552734375,0.0
4595,-120.0,20.2552734375,0.0
4596,-112.5,20.2552734375,17511.807955228425
4597,-108.75,20.2552734375,43779.51988807107
4598,-105.0,20.2552734375,70047.2318209137
4599,-101.25,20.2552734375,43779.51988807107
4600,-97.5,20.2552734375,17511.807955228425
4601,-93.75,20.2552734375,0.0
4602,-90.0,20.2552734375,0.0
4603,-116.25,20.2603271484375,0.0
4604,-120.0,20.2603271484375,0.0
4605,-112.5,20.2603271484375,18081.767742450404
4606,-108.75,20.2603271484375,45204.41935612601
4607,-105.0,20.2603271484375,72327.07096980161
4608,-101.25,20.2603271484375,45204.41935612601
4609,-97.5,20.2603271484375,18081.767742450404
4610,-93.75,20.2603271484375,0.0
4611,-90.0,20.2603271484375,0.0
4612,-116.25,20.265380859375,0.0
4613,-120.0,20.265380859375,0.0
4614,-112.5,20.265380859375,18651.72752967238
4615,-108.75,20.265380859375,46629.31882418095
4616,-105.0,20.265380859375,74606.91011868951
4617,-101.25,20.265380859375,46629.31882418095
4618,-97.5,20.265380859375,18651.72752967238
4619,-93.75,20.265380859375,0.0
4620,-90.0,20.265380859375,0.0
4621,-116.25,20.2704345703125,0.0
4622,-120.0,20.2704345703125,0.0
4623,-112.5,20.2704345703125,19221.687316894357
4624,-108.75,20.2704345703125,48054.21829223589
4625,-105.0,20.2704345703125,76886.74926757743
4626,-101.25,20.2704345703125,48054.21829223589
4627,-97.5,20.2704345703125,19221.687316894357
4628,-93.75,20.2704345703125,0.0
4629,-90.0,20.2704345703125,0.0
4630,-116.25,20.27548828125,0.0
4631,-120.0,20.27548828125,0.0
4632,-112.5,20.27548828125,19791.647104116335
4633,-108.75,20.27548828125,49479.11776029084
4634,-105.0,20.27548828125,79166.58841646534
4635,-101.25,20.27548828125,49479.11776029084
4636,-97.5,20.27548828125,19791.647104116335
4637,-93.75,20.27548828125,0.0
4638,-90.0,20.27548828125,0.0
4639,-116.25,20.2805419921875,0.0
4640,-120.0,20.2805419921875,0.0
4641,-112.5,20.2805419921875,20361.606891338713
4642,-108.75,20.2805419921875,50904.017228346784
4643,-105.0,20.2805419921875,81446.42756535485
4644,-101.25,20.2805419921875,50904.017228346784
4645,-97.5,20.2805419921875,20361.606891338713
4646,-93.75,20.2805419921875,0.0
4647,-90.0,20.2805419921875,0.0
4648,-116.25,20.285595703125,0.0
4649,-120.0,20.285595703125,0.0
4650,-112.5,20.285595703125,20931.56667856069
4651,-108.75,20.285595703125,52328.91669640173
4652,-105.0,20.285595703125,83726.26671424277
4653,-101.25,20.285595703125,52328.91669640173
4654,-97.5,20.285595703125,20931.56667856069
4655,-93.75,20.285595703125,0.0
4656,-90.0,20.285595703125,0.0
4657,-116.25,20.2906494140625,0.0
4658,-120.0,20.2906494140625,0.0
4659,-112.5,20.2906494140625,21501.52646578267
4660,-108.75,20.2906494140625,53753.816164456664
4661,-105.0,20.2906494140625,86006.10586313068
4662,-101.25,20.2906494140625,53753.816164456664
4663,-97.5,20.2906494140625,21501.52646578267
4664,-93.75,20.2906494140625,0.0
4665,-90.0,20.2906494140625,0.0
4666,-116.25,20.295703125,0.0
4667,-120.0,20.295703125,0.0
4668,-112.5,20.295703125,22071.486253004645
4669,-108.75,20.295703125,55178.71563251161
4670,-105.0,20.295703125,88285.94501201858
4671,-101.25,20.295703125,55178.71563251161
4672,-97.5,20.295703125,22071.486253004645
4673,-93.75,20.295703125,0.0
4674,-90.0,20.295703125,0.0
4675,-86.25,20.2198974609375,0.0
4676,-82.5,20.2198974609375,0.0
4677,-78.75,20.2198974609375,0.0
4678,-75.0,20.2198974609375,0.0
4679,-86.25,20.224951171875,0.0
4680,-82.5,20.224951171875,0.0
4681,-78.75,20.224951171875,0.0
4682,-75.0,20.224951171875,0.0
4683,-86.25,20.2300048828125,0.0
4684,-82.5,20.2300048828125,0.0
4685,-78.75,20.2300048828125,0.0
4686,-75.0,20.2300048828125,0.0
4687,-86.25,20.23505859375,0.0
4688,-82.5,20.23505859375,0.0
4689,-78.75,20.23505859375,0.0
4690,-75.0,20.23505859375,0.0
4691,-86.25,20.2401123046875,0.0
4692,-82.5,20.2401123046875,0.0
4693,-78.75,20.2401123046875,0.0
4694,-75.0,20.2401123046875,0.0
4695,-86.25,20.245166015625,0.0
4696,-82.5,20.245166015625,0.0
4697,-78.75,20.245166015625,0.0
4698,-75.0,20.245166015625,0.0
4699,-86.25,20.2502197265625,0.0
4700,-82.5,20.2502197265625,0.0
4701,-78.75,20.2502197265625,0.0
4702,-75.0,20.2502197265625,0.0
4703,-86.25,20.2552734375,0.0
4704,-82.5,20.2552734375,0.0
4705,-78.75,20.2552734375,0.0
4706,-75.0,20.2552734375,0.0
4707,-86.25,20.2603271484375,0.0
4708,-82.5,20.2603271484375,0.0
4709,-78.75,20.2603271484375,0.0
4710,-75.0,20.2603271484375,0.0
4711,-86.25,20.265380859375,0.0
4712,-82.5,20.265380859375,0.0
4713,-78.75,20.265380859375,0.0
4714,-75.0,20.265380859375,0.0
4715,-86.25,20.2704345703125,0.0
4716,-82.5,20.2704345703125,0.0
4717,-78.75,20.2704345703125,0.0
4718,-75.0,20.2704345703125,0.0
4719,-86.25,20.27548828125,0.0
4720,-82.5,20.27548828125,0.0
4721,-78.75,20.27548828125,0.0
4722,-75.0,20.27548828125,0.0
4723,-86.25,20.2805419921875,0.0
4724,-82.5,20.2805419921875,0.0
4725,-78.75,20.2805419921875,0.0
4726,-75.0,20.2805419921875,0.0
4727,-86.25,20.285595703125,0.0
4728,-82.5,20.285595703125,0.0
4729,-78.75,20.285595703125,0.0
4730,-75.0,20.285595703125,0.0
4731,-86.25,20.2906494140625,0.0
4732,-82.5,20.2906494140625,0.0
4733,-78.75,20.2906494140625,0.0
4734,-75.0,20.2906494140625,0.0
4735,-86.25,20.295703125,0.0
4736,-82.5,20.295703125,0.0
4737,-78.75,20.295703125,0.0
4738,-75.0,20.295703125,0.0
4739,-71.25,20.2198974609375,0.0
4740,-67.5,20.2198974609375,0.0
4741,-71.25,20.224951171875,0.0
4742,-67.5,20.224951171875,0.0
4743,-63.75,20.2198974609375,5392.854234092371
4744,-60.0,20.2198974609375,21571.416936369485
4745,-63.75,20.224951171875,5052.616249801928
4746,-60.0,20.224951171875,20210.46499920771
4747,-71.25,20.2300048828125,0.0
4748,-67.5,20.2300048828125,0.0
4749,-71.25,20.23505859375,0.0
4750,-67.5,20.23505859375,0.0
4751,-63.75,20.2300048828125,4712.3782655112445
4752,-60.0,20.2300048828125,18849.513062044978
4753,-63.75,20.23505859375,4372.140281220802
4754,-60.0,20.23505859375,17488.561124883207
4755,-71.25,20.2401123046875,0.0
4756,-67.5,20.2401123046875,0.0
4757,-71.25,20.245166015625,0.0
4758,-67.5,20.245166015625,0.0
4759,-63.75,20.2401123046875,4031.9022969303596
4760,-60.0,20.2401123046875,16127.609187721439
4761,-63.75,20.245166015625,3691.6643126399163
4762,-60.0,20.245166015625,14766.657250559665
4763,-71.25,20.2502197265625,0.0
4764,-67.5,20.2502197265625,0.0
4765,-71.25,20.2552734375,0.0
4766,-67.5,20.2552734375,0.0
4767,-63.75,20.2502197265625,3351.426328349473
4768,-60.0,20.2502197265625,13405.705313397892
4769,-63.75,20.2552734375,3011.18834405879
4770,-60.0,20.2552734375,12044.75337623516
4771,-71.25,20.2603271484375,0.0
4772,-67.5,20.2603271484375,0.0
4773,-71.25,20.265380859375,0.0
4774,-67.5,20.265380859375,0.0
4775,-63.75,20.2603271484375,2670.9503597683465
4776,-60.0,20.2603271484375,10683.801439073386
4777,-63.75,20.265380859375,2330.7123754779045
4778,-60.0,20.265380859375,9322.849501911618
4779,-71.25,20.2704345703125,0.0
4780,-67.5,20.2704345703125,0.0
4781,-71.25,20.27548828125,0.0
4782,-67.5,20.27548828125,0.0
4783,-63.75,20.2704345703125,1990.4743911874612
4784,-60.0,20.2704345703125,7961.897564749845
4785,-63.75,20.27548828125,1650.2364068970178
4786,-60.0,20.27548828125,6600.945627588071
4787,-71.25,20.2805419921875,0.0
4788,-67.5,20.2805419921875,0.0
4789,-71.25,20.285595703125,0.0
4790,-67.5,20.285595703125,0.0
4791,-63.75,20.2805419921875,1309.9984226063352
4792,-60.0,20.2805419921875,5239.993690425341
4793,-63.75,20.285595703125,969.7604383158917
4794,-60.0,20.285595703125,3879.041753263567
4795,-71.25,20.2906494140625,0.0
4796,-67.5,20.2906494140625,0.0
4797,-71.25,20.295703125,0.0
4798,-67.5,20.295703125,0.0
4799,-63.75,20.2906494140625,629.5224540254483
4800,-60.0,20.2906494140625,2518.089816101793
4801,-63.75,20.295703125,289.2844697350064
4802,-60.0,20.295703125,1157.1378789400255
4803,-116.25,20.3007568359375,0.0
4804,-120.0,20.3007568359375,0.0
4805,-112.5,20.3007568359375,22470.733446952865
4806,-108.75,20.3007568359375,56176.83361738216
4807,-105.0,20.3007568359375,89882.93378781146
4808,-101.25,20.3007568359375,56176.83361738216
4809,-97.5,20.3007568359375,22470.733446952865
4810,-93.75,20.3007568359375,0.0
4811,-90.0,20.3007568359375,0.0
4812,-116.25,20.305810546875,0.0
4813,-120.0,20.305810546875,0.0
4814,-112.5,20.305810546875,21900.773659730487
4815,-108.75,20.305810546875,54751.93414932621
4816,-105.0,20.305810546875,87603.09463892195
4817,-101.25,20.305810546875,54751.93414932621
4818,-97.5,20.305810546875,21900.773659730487
4819,-93.75,20.305810546875,0.0
4820,-90.0,20.305810546875,0.0
4821,-116.25,20.31591796875,0.0
4822,-120.0,20.31591796875,0.0
4823,-112.5,20.31591796875,20760.854085286534
4824,-108.75,20.31591796875,51902.13521321633
4825,-105.0,20.31591796875,83043.41634114613
4826,-101.25,20.31591796875,51902.13521321633
4827,-97.5,20.31591796875,20760.854085286534
4828,-93.75,20.31591796875,0.0
4829,-90.0,20.31591796875,0.0
4830,-116.25,20.326025390625,0.0
4831,-120.0,20.326025390625,0.0
4832,-112.5,20.326025390625,19620.934510842577
4833,-108.75,20.326025390625,49052.33627710645
4834,-105.0,20.326025390625,78483.73804337031
4835,-101.25,20.326025390625,49052.33627710645
4836,-97.5,20.326025390625,19620.934510842577
4837,-93.75,20.326025390625,0.0
4838,-90.0,20.326025390625,0.0
4839,-116.25,20.3361328125,0.0
4840,-120.0,20.3361328125,0.0
4841,-112.5,20.3361328125,18481.01493639822
4842,-108.75,20.3361328125,46202.53734099555
4843,-105.0,20.3361328125,73924.05974559288
4844,-101.25,20.3361328125,46202.53734099555
4845,-97.5,20.3361328125,18481.01493639822
4846,-93.75,20.3361328125,0.0
4847,-90.0,20.3361328125,0.0
4848,-86.25,20.3007568359375,0.0
4849,-82.5,20.3007568359375,0.0
4850,-78.75,20.3007568359375,0.0
4851,-75.0,20.3007568359375,0.0
4852,-86.25,20.305810546875,0.0
4853,-82.5,20.305810546875,0.0
4854,-78.75,20.305810546875,0.0
4855,-75.0,20.305810546875,0.0
4856,-86.25,20.31591796875,0.0
4857,-82.5,20.31591796875,0.0
4858,-78.75,20.31591796875,0.0
4859,-75.0,20.31591796875,0.0
4860,-86.25,20.326025390625,0.0
4861,-82.5,20.326025390625,0.0
4862,-78.75,20.326025390625,0.0
4863,-75.0,20.326025390625,0.0
4864,-86.25,20.3361328125,0.0
4865,-82.5,20.3361328125,0.0
4866,-78.75,20.3361328125,0.0
4867,-75.0,20.3361328125,0.0
4868,-71.25,20.3007568359375,0.0
4869,-67.5,20.3007568359375,0.0
4870,-71.25,20.305810546875,0.0
4871,-67.5,20.305810546875,0.0
4872,-63.75,20.3007568359375,0.0
4873,-60.0,20.3007568359375,0.0
4874,-63.75,20.305810546875,0.0
4875,-60.0,20.305810546875,0.0
4876,-71.25,20.31591796875,0.0
4877,-67.5,20.31591796875,0.0
4878,-63.75,20.31591796875,0.0
4879,-60.0,20.31591796875,0.0
4880,-71.25,20.326025390625,0.0
4881,-67.5,20.326025390625,0.0
4882,-71.25,20.3361328125,0.0
4883,-67.5,20.3361328125,0.0
4884,-63.75,20.326025390625,0.0
4885,-60.0,20.326025390625,0.0
4886,-63.75,20.3361328125,0.0
4887,-60.0,20.3361328125,0.0
4888,-116.25,20.346240234375,0.0
4889,-120.0,20.346240234375,0.0
4890,-112.5,20.346240234375,17341.095361954267
4891,-108.75,20.346240234375,43352.73840488566
4892,-105.0,20.346240234375,69364.38144781707
4893,-101.25,20.346240234375,43352.73840488566
4894,-97.5,20.346240234375,17341.095361954267
4895,-93.75,20.346240234375,0.0
4896,-90.0,20.346240234375,0.0
4897,-116.25,20.35634765625,0.0
4898,-120.0,20.35634765625,0.0
4899,-112.5,20.35634765625,16201.175787509912
4900,-108.75,20.35634765625,40502.939468774784
4901,-105.0,20.35634765625,64804.70315003965
4902,-101.25,20.35634765625,40502.939468774784
4903,-97.5,20.35634765625,16201.175787509912
4904,-93.75,20.35634765625,0.0
4905,-90.0,20.35634765625,0.0
4906,-86.25,20.346240234375,0.0
4907,-82.5,20.346240234375,0.0
4908,-78.75,20.346240234375,0.0
4909,-75.0,20.346240234375,0.0
4910,-86.25,20.35634765625,0.0
4911,-82.5,20.35634765625,0.0
4912,-78.75,20.35634765625,0.0
4913,-75.0,20.35634765625,0.0
4914,-71.25,20.346240234375,0.0
4915,-67.5,20.346240234375,0.0
4916,-71.25,20.35634765625,0.0
4917,-67.5,20.35634765625,0.0
4918,-63.75,20.346240234375,0.0
4919,-60.0,20.346240234375,0.0
4920,-63.75,20.35634765625,0.0
4921,-60.0,20.35634765625,0.0
4922,-116.25,20.366455078125,0.0
4923,-120.0,20.366455078125,0.0
4924,-112.5,20.366455078125,15061.256213065959
4925,-108.75,20.366455078125,37653.140532664904
4926,-105.0,20.366455078125,60245.024852263836
4927,-101.25,20.366455078125,37653.140532664904
4928,-97.5,20.366455078125,15061.256213065959
4929,-93.75,20.366455078125,0.0
4930,-90.0,20.366455078125,0.0
4931,-116.25,20.3765625,0.0
4932,-120.0,20.3765625,0.0
4933,-112.5,20.3765625,13921.336638622004
4934,-108.75,20.3765625,34803.34159655501
4935,-105.0,20.3765625,55685.34655448802
4936,-101.25,20.3765625,34803.34159655501
4937,-97.5,20.3765625,13921.336638622004
4938,-93.75,20.3765625,0.0
4939,-90.0,20.3765625,0.0
4940,-86.25,20.366455078125,0.0
4941,-82.5,20.366455078125,0.0
4942,-78.75,20.366455078125,0.0
4943,-75.0,20.366455078125,0.0
4944,-86.25,20.3765625,0.0
4945,-82.5,20.3765625,0.0
4946,-78.75,20.3765625,0.0
4947,-75.0,20.3765625,0.0
4948,-71.25,20.366455078125,0.0
4949,-67.5,20.366455078125,0.0
4950,-71.25,20.3765625,0.0
4951,-67.5,20.3765625,0.0
4952,-63.75,20.366455078125,0.0
4953,-60.0,20.366455078125,0.0
4954,-63.75,20.3765625,0.0
4955,-60.0,20.3765625,0.0
4956,-56.25,20.07333984375,81689.98946491354
4957,-52.5,20.07333984375,19039200.1714463
4958,-56.25,20.083447265625,86453.32124498134
4959,-52.5,20.083447265625,18591546.870500635
4960,-56.25,20.0935546875,91216.65302504746
4961,-52.5,20.0935546875,18143893.56955513
4962,-56.25,20.0986083984375,93598.31891508051
4963,-56.25,20.103662109375,92528.29510941464
4964,-52.5,20.0986083984375,17920066.919082373
4965,-52.5,20.103662109375,17735941.119071767
4966,-56.25,20.1087158203125,90146.62921938155
4967,-56.25,20.11376953125,87764.96332934844
4968,-52.5,20.1087158203125,17566901.642236978
4969,-52.5,20.11376953125,17397862.16540219
4970,-56.25,20.1188232421875,85383.29743931533
4971,-56.25,20.123876953125,83001.63154928222
4972,-52.5,20.1188232421875,17228822.688567404
4973,-52.5,20.123876953125,17059783.211732615
4974,-56.25,20.1289306640625,80619.96565924745
4975,-56.25,20.133984375,78238.29976921435
4976,-52.5,20.1289306640625,16890743.734897707
4977,-52.5,20.133984375,16721704.25806292
4978,-48.75,20.07333984375,47457960.4466759
4979,-45.0,20.07333984375,75876720.7219055
4980,-48.75,20.083447265625,46330661.48268877
4981,-45.0,20.083447265625,74069776.09487689
4982,-48.75,20.0935546875,45203362.51870202
4983,-45.0,20.0935546875,72262831.46784893
4984,-48.75,20.0986083984375,44639713.03670867
4985,-48.75,20.103662109375,44181232.863206126
4986,-45.0,20.0986083984375,71359359.15433493
4987,-45.0,20.103662109375,70626524.6073405
4988,-48.75,20.1087158203125,43762717.026930645
4989,-48.75,20.11376953125,43344201.19065517
4990,-45.0,20.1087158203125,69958532.41162431
4991,-45.0,20.11376953125,69290540.21590814
4992,-48.75,20.1188232421875,42925685.35437968
4993,-48.75,20.123876953125,42507169.5181042
4994,-45.0,20.1188232421875,68622548.02019197
4995,-45.0,20.123876953125,67954555.82447578
4996,-48.75,20.1289306640625,42088653.68182842
4997,-48.75,20.133984375,41670137.84555293
4998,-45.0,20.1289306640625,67286563.62875913
4999,-45.0,20.133984375,66618571.43304294
5000,-56.25,20.1390380859375,75856.63387918126
5001,-56.25,20.144091796875,73474.96798914815
5002,-52.5,20.1390380859375,16552664.781228133
5003,-52.5,20.144091796875,16383625.304393345
5004,-56.25,20.1491455078125,71093.30209911504
5005,-56.25,20.15419921875,68711.63620908027
5006,-52.5,20.1491455078125,16214585.827558557
5007,-52.5,20.15419921875,16045546.350723652
5008,-56.25,20.1592529296875,66329.97031904716
5009,-56.25,20.164306640625,63948.30442901407
5010,-52.5,20.1592529296875,15876506.873888863
5011,-52.5,20.164306640625,15707467.397054076
5012,-56.25,20.1693603515625,61566.63853898096
5013,-56.25,20.1744140625,59184.97264894787
5014,-52.5,20.1693603515625,15538427.92021929
5015,-52.5,20.1744140625,15369388.443384502
5016,-48.75,20.1390380859375,41251622.00927745
5017,-48.75,20.144091796875,40833106.17300197
5018,-45.0,20.1390380859375,65950579.23732677
5019,-45.0,20.144091796875,65282587.04161059
5020,-48.75,20.1491455078125,40414590.33672648
5021,-48.75,20.15419921875,39996074.50045071
5022,-45.0,20.1491455078125,64614594.845894404
5023,-45.0,20.15419921875,63946602.65017776
5024,-48.75,20.1592529296875,39577558.66417522
5025,-48.75,20.164306640625,39159042.82789974
5026,-45.0,20.1592529296875,63278610.454461575
5027,-45.0,20.164306640625,62610618.2587454
5028,-48.75,20.1693603515625,38740526.99162426
5029,-48.75,20.1744140625,38322011.15534877
5030,-45.0,20.1693603515625,61942626.06302922
5031,-45.0,20.1744140625,61274633.86731304
5032,-56.25,20.1794677734375,56803.3067589131
5033,-56.25,20.184521484375,54421.640868879986
5034,-52.5,20.1794677734375,15200348.966549598
5035,-52.5,20.184521484375,15031309.489714805
5036,-56.25,20.1895751953125,52039.97497884689
5037,-56.25,20.19462890625,49658.30908881378
5038,-52.5,20.1895751953125,14862270.01288002
5039,-52.5,20.19462890625,14693230.53604523
5040,-48.75,20.1794677734375,37903495.31907299
5041,-48.75,20.184521484375,37484979.4827975
5042,-45.0,20.1794677734375,60606641.67159639
5043,-45.0,20.184521484375,59938649.475880206
5044,-48.75,20.1895751953125,37066463.64652203
5045,-48.75,20.19462890625,36647947.81024654
5046,-45.0,20.1895751953125,59270657.28016403
5047,-45.0,20.19462890625,58602665.084447846
5048,-56.25,20.1996826171875,47276.64319878068
5049,-56.25,20.2,47127.06997863331
5050,-56.25,20.204736328125,44894.977308745896
5051,-52.5,20.1996826171875,14524191.059210444
5052,-52.5,20.2,14513575.053418864
5053,-52.5,20.204736328125,14355151.582375538
5054,-48.75,20.1996826171875,36229431.973971054
5055,-48.75,20.2,36203148.37072664
5056,-48.75,20.204736328125,35810916.137695275
5057,-45.0,20.1996826171875,57934672.88873167
5058,-45.0,20.2,57892721.688034415
5059,-45.0,20.204736328125,57266680.693015024
5060,-56.25,20.2097900390625,42513.311418712794
5061,-52.5,20.2097900390625,14186112.105540749
5062,-56.25,20.21484375,40131.6455286797
5063,-52.5,20.21484375,14017072.628705963
5064,-48.75,20.2097900390625,35392400.301419795
5065,-45.0,20.2097900390625,56598688.49729884
5066,-48.75,20.21484375,34973884.465144314
5067,-45.0,20.21484375,55930696.301582664
5068,-41.25,20.07333984375,779626932.7946192
5069,-37.5,20.07333984375,1483377144.867333
5070,-41.25,20.083447265625,782003527.9322891
5071,-37.5,20.083447265625,1489937279.7697012
5072,-41.25,20.0935546875,784380123.0699583
5073,-37.5,20.0935546875,1496497414.6720676
5074,-41.25,20.0986083984375,785568420.6387929
5075,-41.25,20.103662109375,785267871.1475468
5076,-37.5,20.0986083984375,1499777482.1232507
5077,-37.5,20.103662109375,1499909217.687753
5078,-41.25,20.1087158203125,784401559.7734696
5079,-41.25,20.11376953125,783535248.3993922
5080,-37.5,20.1087158203125,1498844587.135315
5081,-37.5,20.11376953125,1497779956.5828764
5082,-41.25,20.1188232421875,782668937.025315
5083,-41.25,20.123876953125,781802625.6512376
5084,-37.5,20.1188232421875,1496715326.030438
5085,-37.5,20.123876953125,1495650695.4779997
5086,-41.25,20.1289306640625,780936314.2771597
5087,-41.25,20.133984375,780070002.9030825
5088,-37.5,20.1289306640625,1494586064.9255605
5089,-37.5,20.133984375,1493521434.373122
5090,-33.75,20.07333984375,2816002056.3842883
5091,-30.0,20.07333984375,5406376366.789728
5092,-33.75,20.083447265625,2822783505.254729
5093,-30.0,20.083447265625,5405454678.0349865
5094,-33.75,20.0935546875,2829564954.125167
5095,-30.0,20.0935546875,5404532989.280245
5096,-33.75,20.0986083984375,2832955678.5603857
5097,-33.75,20.103662109375,2832918631.940825
5098,-30.0,20.0986083984375,5404072144.902874
5099,-30.0,20.103662109375,5402664181.619628
5100,-33.75,20.1087158203125,2831579032.3204465
5101,-33.75,20.11376953125,2830239432.7000675
5102,-30.0,20.1087158203125,5400896313.152151
5103,-30.0,20.11376953125,5399128444.684673
5104,-33.75,20.1188232421875,2828899833.079689
5105,-33.75,20.123876953125,2827560233.4593096
5106,-30.0,20.1188232421875,5397360576.2171955
5107,-30.0,20.123876953125,5395592707.749718
5108,-33.75,20.1289306640625,2826220633.8389306
5109,-33.75,20.133984375,2824881034.218551
5110,-30.0,20.1289306640625,5393824839.282239
5111,-30.0,20.133984375,5392056970.814762
5112,-41.25,20.1390380859375,779203691.5290053
5113,-41.25,20.144091796875,778337380.1549278
5114,-37.5,20.1390380859375,1492456803.8206837
5115,-37.5,20.144091796875,1491392173.2682452
5116,-41.25,20.1491455078125,777471068.7808504
5117,-41.25,20.15419921875,776604757.4067727
5118,-37.5,20.1491455078125,1490327542.7158065
5119,-37.5,20.15419921875,1489262912.1633677
5120,-41.25,20.1592529296875,775738446.0326952
5121,-41.25,20.164306640625,774872134.658618
5122,-37.5,20.1592529296875,1488198281.6109288
5123,-37.5,20.164306640625,1487133651.0584905
5124,-41.25,20.1693603515625,774005823.2845407
5125,-41.25,20.1744140625,773139511.9104633
5126,-37.5,20.1693603515625,1486069020.5060523
5127,-37.5,20.1744140625,1485004389.9536138
5128,-33.75,20.1390380859375,2823541434.5981727
5129,-33.75,20.144091796875,2822201834.977794
5130,-30.0,20.1390380859375,5390289102.347285
5131,-30.0,20.144091796875,5388521233.879807
5132,-33.75,20.1491455078125,2820862235.357415
5133,-33.75,20.15419921875,2819522635.737036
5134,-30.0,20.1491455078125,5386753365.412331
5135,-30.0,20.15419921875,5384985496.944852
5136,-33.75,20.1592529296875,2818183036.116657
5137,-33.75,20.164306640625,2816843436.4962783
5138,-30.0,20.1592529296875,5383217628.477373
5139,-30.0,20.164306640625,5381449760.009897
5140,-33.75,20.1693603515625,2815503836.8758993
5141,-33.75,20.1744140625,2814164237.255521
5142,-30.0,20.1693603515625,5379681891.542419
5143,-30.0,20.1744140625,5377914023.074942
5144,-41.25,20.1794677734375,772273200.5363855
5145,-41.25,20.184521484375,771406889.162308
5146,-37.5,20.1794677734375,1483939759.4011745
5147,-37.5,20.184521484375,1482875128.8487358
5148,-41.25,20.1895751953125,770540577.7882309
5149,-41.25,20.19462890625,769674266.4141536
5150,-37.5,20.1895751953125,1481810498.296298
5151,-37.5,20.19462890625,1480745867.7438593
5152,-33.75,20.1794677734375,2812824637.6351414
5153,-33.75,20.184521484375,2811485038.0147624
5154,-30.0,20.1794677734375,5376146154.607464
5155,-30.0,20.184521484375,5374378286.139985
5156,-33.75,20.1895751953125,2810145438.394384
5157,-33.75,20.19462890625,2808805838.7740045
5158,-30.0,20.1895751953125,5372610417.672508
5159,-30.0,20.19462890625,5370842549.20503
5160,-41.25,20.1996826171875,768807955.0400763
5161,-41.25,20.2,768753549.0117524
5162,-41.25,20.204736328125,767941643.6659982
5163,-37.5,20.1996826171875,1479681237.1914206
5164,-37.5,20.2,1479614376.3354702
5165,-37.5,20.204736328125,1478616606.6389813
5166,-33.75,20.1996826171875,2807466239.1536264
5167,-33.75,20.2,2807382109.708868
5168,-33.75,20.204736328125,2806126639.533246
5169,-30.0,20.1996826171875,5369074680.737553
5170,-30.0,20.2,5368963655.181624
5171,-30.0,20.204736328125,5367306812.270075
5172,-41.25,20.2097900390625,767075332.291921
5173,-37.5,20.2097900390625,1477551976.086543
5174,-41.25,20.21484375,766209020.9178436
5175,-37.5,20.21484375,1476487345.5341048
5176,-33.75,20.2097900390625,2804787039.9128675
5177,-30.0,20.2097900390625,5365538943.802597
5178,-33.75,20.21484375,2803447440.292489
5179,-30.0,20.21484375,5363771075.335119
5180,-56.25,20.2198974609375,37749.9796386466
5181,-52.5,20.2198974609375,13848033.151871175
5182,-48.75,20.2198974609375,34555368.628868826
5183,-45.0,20.2198974609375,55262704.105866484
5184,-56.25,20.224951171875,35368.313748613495
5185,-52.5,20.224951171875,13678993.675036386
5186,-48.75,20.224951171875,34136852.792593345
5187,-45.0,20.224951171875,54594711.910150304
5188,-56.25,20.2300048828125,32986.64785857871
5189,-52.5,20.2300048828125,13509954.198201481
5190,-48.75,20.2300048828125,33718336.95631757
5191,-45.0,20.2300048828125,53926719.714433655
5192,-56.25,20.23505859375,30604.981968545613
5193,-52.5,20.23505859375,13340914.721366692
5194,-48.75,20.23505859375,33299821.120042082
5195,-45.0,20.23505859375,53258727.51871747
5196,-56.25,20.2401123046875,28223.31607851252
5197,-52.5,20.2401123046875,13171875.244531907
5198,-48.75,20.2401123046875,32881305.283766605
5199,-45.0,20.2401123046875,52590735.323001295
5200,-56.25,20.245166015625,25841.650188479416
5201,-52.5,20.245166015625,13002835.767697118
5202,-48.75,20.245166015625,32462789.447491117
5203,-45.0,20.245166015625,51922743.12728511
5204,-56.25,20.2502197265625,23459.98429844631
5205,-52.5,20.2502197265625,12833796.290862331
5206,-48.75,20.2502197265625,32044273.61121563
5207,-45.0,20.2502197265625,51254750.931568936
5208,-56.25,20.2552734375,21078.318408411527
5209,-52.5,20.2552734375,12664756.814027423
5210,-48.75,20.2552734375,31625757.77493985
5211,-45.0,20.2552734375,50586758.73585228
5212,-56.25,20.2603271484375,18696.652518378425
5213,-52.5,20.2603271484375,12495717.337192636
5214,-48.75,20.2603271484375,31207241.93866437
5215,-45.0,20.2603271484375,49918766.5401361
5216,-56.25,20.265380859375,16314.986628345332
5217,-52.5,20.265380859375,12326677.860357849
5218,-48.75,20.265380859375,30788726.102388885
5219,-45.0,20.265380859375,49250774.34441993
5220,-56.25,20.2704345703125,13933.32073831223
5221,-52.5,20.2704345703125,12157638.38352306
5222,-48.75,20.2704345703125,30370210.266113404
5223,-45.0,20.2704345703125,48582782.14870374
5224,-56.25,20.27548828125,11551.654848279124
5225,-52.5,20.27548828125,11988598.906688273
5226,-48.75,20.27548828125,29951694.42983792
5227,-45.0,20.27548828125,47914789.95298756
5228,-56.25,20.2805419921875,9169.988958244347
5229,-52.5,20.2805419921875,11819559.429853365
5230,-48.75,20.2805419921875,29533178.593562137
5231,-45.0,20.2805419921875,47246797.75727091
5232,-56.25,20.285595703125,6788.323068211243
5233,-52.5,20.285595703125,11650519.95301858
5234,-48.75,20.285595703125,29114662.757286657
5235,-45.0,20.285595703125,46578805.56155474
5236,-56.25,20.2906494140625,4406.657178178139
5237,-52.5,20.2906494140625,11481480.47618379
5238,-48.75,20.2906494140625,28696146.92101117
5239,-45.0,20.2906494140625,45910813.36583855
5240,-56.25,20.295703125,2024.9912881450446
5241,-52.5,20.295703125,11312440.999349004
5242,-48.75,20.295703125,28277631.084735684
5243,-45.0,20.295703125,45242821.17012238
5244,-41.25,20.2198974609375,765342709.5437664
5245,-37.5,20.2198974609375,1475422714.9816663
5246,-41.25,20.224951171875,764476398.169689
5247,-37.5,20.224951171875,1474358084.4292278
5248,-33.75,20.2198974609375,2802107840.6721106
5249,-30.0,20.2198974609375,5362003206.867643
5250,-33.75,20.224951171875,2800768241.0517316
5251,-30.0,20.224951171875,5360235338.400166
5252,-41.25,20.2300048828125,763610086.7956111
5253,-37.5,20.2300048828125,1473293453.8767886
5254,-41.25,20.23505859375,762743775.4215338
5255,-37.5,20.23505859375,1472228823.3243499
5256,-33.75,20.2300048828125,2799428641.4313517
5257,-30.0,20.2300048828125,5358467469.932686
5258,-33.75,20.23505859375,2798089041.810973
5259,-30.0,20.23505859375,5356699601.465209
5260,-41.25,20.2401123046875,761877464.0474565
5261,-37.5,20.2401123046875,1471164192.7719116
5262,-41.25,20.245166015625,761011152.6733792
5263,-37.5,20.245166015625,1470099562.2194734
5264,-33.75,20.2401123046875,2796749442.190594
5265,-30.0,20.2401123046875,5354931732.997732
5266,-33.75,20.245166015625,2795409842.570215
5267,-30.0,20.245166015625,5353163864.530254
5268,-41.25,20.2502197265625,760144841.2993019
5269,-37.5,20.2502197265625,1469034931.6670349
5270,-41.25,20.2552734375,759278529.9252241
5271,-37.5,20.2552734375,1467970301.114596
5272,-33.75,20.2502197265625,2794070242.9498367
5273,-30.0,20.2502197265625,5351395996.062777
5274,-33.75,20.2552734375,2792730643.329457
5275,-30.0,20.2552734375,5349628127.595298
5276,-41.25,20.2603271484375,758412218.5511467
5277,-37.5,20.2603271484375,1466905670.5621574
5278,-41.25,20.265380859375,757545907.1770694
5279,-37.5,20.265380859375,1465841040.009719
5280,-33.75,20.2603271484375,2791391043.7090783
5281,-30.0,20.2603271484375,5347860259.127821
5282,-33.75,20.265380859375,2790051444.0887
5283,-30.0,20.265380859375,5346092390.660343
5284,-41.25,20.2704345703125,756679595.802992
5285,-37.5,20.2704345703125,1464776409.4572802
5286,-41.25,20.27548828125,755813284.4289148
5287,-37.5,20.27548828125,1463711778.904842
5288,-33.75,20.2704345703125,2788711844.468321
5289,-30.0,20.2704345703125,5344324522.192865
5290,-33.75,20.27548828125,2787372244.8479424
5291,-30.0,20.27548828125,5342556653.725389
5292,-41.25,20.2805419921875,754946973.0548368
5293,-37.5,20.2805419921875,1462647148.3524027
5294,-41.25,20.285595703125,754080661.6807594
5295,-37.5,20.285595703125,1461582517.7999642
5296,-33.75,20.2805419921875,2786032645.2275624
5297,-30.0,20.2805419921875,5340788785.25791
5298,-33.75,20.285595703125,2784693045.6071835
5299,-30.0,20.285595703125,5339020916.790432
5300,-41.25,20.2906494140625,753214350.3066822
5301,-37.5,20.2906494140625,1460517887.247526
5302,-41.25,20.295703125,752348038.9326048
5303,-37.5,20.295703125,1459453256.6950872
5304,-33.75,20.2906494140625,2783353445.986805
5305,-30.0,20.2906494140625,5337253048.322954
5306,-33.75,20.295703125,2782013846.3664265
5307,-30.0,20.295703125,5335485179.855477
5308,-56.25,20.3007568359375,0.0
5309,-52.5,20.3007568359375,11224892.654581806
5310,-48.75,20.3007568359375,28062231.636454515
5311,-45.0,20.3007568359375,44899570.61832722
5312,-56.25,20.305810546875,0.0
5313,-52.5,20.305810546875,11600003.640264578
5314,-48.75,20.305810546875,29000009.100661445
5315,-45.0,20.305810546875,46400014.56105831
5316,-56.25,20.31591796875,0.0
5317,-52.5,20.31591796875,12350225.611629598
5318,-48.75,20.31591796875,30875564.029074
5319,-45.0,20.31591796875,49400902.44651839
5320,-56.25,20.326025390625,0.0
5321,-52.5,20.326025390625,13100447.582994618
5322,-48.75,20.326025390625,32751118.957486548
5323,-45.0,20.326025390625,52401790.33197847
5324,-56.25,20.3361328125,0.0
5325,-52.5,20.3361328125,13850669.5543599
5326,-48.75,20.3361328125,34626673.885899745
5327,-45.0,20.3361328125,55402678.2174396
5328,-41.25,20.3007568359375,751714904.8650365
5329,-37.5,20.3007568359375,1458530239.1117456
5330,-41.25,20.305810546875,752405616.1505544
5331,-37.5,20.305810546875,1458411217.7400506
5332,-33.75,20.3007568359375,2780848660.1589074
5333,-30.0,20.3007568359375,5334173254.806974
5334,-33.75,20.305810546875,2780673692.0373054
5335,-30.0,20.305810546875,5335449911.750076
5336,-41.25,20.31591796875,753787038.7215898
5337,-37.5,20.31591796875,1458173174.9966612
5338,-33.75,20.31591796875,2780323755.794101
5339,-30.0,20.31591796875,5338003225.636278
5340,-41.25,20.326025390625,755168461.2926252
5341,-37.5,20.326025390625,1457935132.253272
5342,-41.25,20.3361328125,756549883.863661
5343,-37.5,20.3361328125,1457697089.5098825
5344,-33.75,20.326025390625,2779973819.5508976
5345,-30.0,20.326025390625,5340556539.522481
5346,-33.75,20.3361328125,2779623883.307693
5347,-30.0,20.3361328125,5343109853.408683
5348,-56.25,20.346240234375,0.0
5349,-52.5,20.346240234375,14600891.525724918
5350,-48.75,20.346240234375,36502228.814312294
5351,-45.0,20.346240234375,58403566.10289967
5352,-56.25,20.35634765625,0.0
5353,-52.5,20.35634765625,15351113.497090202
5354,-48.75,20.35634765625,38377783.74272551
5355,-45.0,20.35634765625,61404453.98836081
5356,-41.25,20.346240234375,757931306.4346963
5357,-37.5,20.346240234375,1457459046.766493
5358,-41.25,20.35634765625,759312729.0057322
5359,-37.5,20.35634765625,1457221004.0231035
5360,-33.75,20.346240234375,2779273947.064489
5361,-30.0,20.346240234375,5345663167.294886
5362,-33.75,20.35634765625,2778924010.8212852
5363,-30.0,20.35634765625,5348216481.1810875
5364,-56.25,20.366455078125,0.0
5365,-52.5,20.366455078125,16101335.468455222
5366,-48.75,20.366455078125,40253338.67113805
5367,-45.0,20.366455078125,64405341.873820886
5368,-56.25,20.3765625,0.0
5369,-52.5,20.3765625,16851557.439820237
5370,-48.75,20.3765625,42128893.5995506
5371,-45.0,20.3765625,67406229.75928095
5372,-41.25,20.366455078125,760694151.5767676
5373,-37.5,20.366455078125,1456982961.279714
5374,-41.25,20.3765625,762075574.1478028
5375,-37.5,20.3765625,1456744918.536325
5376,-33.75,20.366455078125,2778574074.5780816
5377,-30.0,20.366455078125,5350769795.06729
5378,-33.75,20.3765625,2778224138.3348775
5379,-30.0,20.3765625,5353323108.953491
5380,-26.25,20.07333984375,7996750677.1951685
5381,-22.5,20.07333984375,12352050890.050385
5382,-26.25,20.083447265625,7988125850.815245
5383,-22.5,20.083447265625,12337787440.865671
5384,-26.25,20.0935546875,7979501024.435323
5385,-22.5,20.0935546875,12323523991.680962
5386,-26.25,20.0986083984375,7975188611.245362
5387,-26.25,20.103662109375,7972409731.29843
5388,-22.5,20.0986083984375,12316392267.088608
5389,-22.5,20.103662109375,12312413528.313595
5390,-26.25,20.1087158203125,7970213593.983854
5391,-26.25,20.11376953125,7968017456.669278
5392,-22.5,20.1087158203125,12309632924.14918
5393,-22.5,20.11376953125,12306852319.98476
5394,-26.25,20.1188232421875,7965821319.354702
5395,-26.25,20.123876953125,7963625182.040125
5396,-22.5,20.1188232421875,12304071715.820343
5397,-22.5,20.123876953125,12301291111.65593
5398,-26.25,20.1289306640625,7961429044.725549
5399,-26.25,20.133984375,7959232907.410972
5400,-22.5,20.1289306640625,12298510507.49151
5401,-22.5,20.133984375,12295729903.327095
5402,-18.75,20.07333984375,17589814054.130493
5403,-15.0,20.07333984375,22827577218.210598
5404,-18.75,20.083447265625,17570944239.551186
5405,-15.0,20.083447265625,22804101038.2367
5406,-18.75,20.0935546875,17552074424.97188
5407,-15.0,20.0935546875,22780624858.262806
5408,-18.75,20.0986083984375,17542639517.68223
5409,-18.75,20.103662109375,17537546448.996937
5410,-15.0,20.0986083984375,22768886768.27586
5411,-15.0,20.103662109375,22762679369.680286
5412,-18.75,20.1087158203125,17534103278.98131
5413,-18.75,20.11376953125,17530660108.965687
5414,-15.0,20.1087158203125,22758573633.81345
5415,-15.0,20.11376953125,22754467897.946606
5416,-18.75,20.1188232421875,17527216938.950058
5417,-18.75,20.123876953125,17523773768.93443
5418,-15.0,20.1188232421875,22750362162.07977
5419,-15.0,20.123876953125,22746256426.21293
5420,-18.75,20.1289306640625,17520330598.918797
5421,-18.75,20.133984375,17516887428.903168
5422,-15.0,20.1289306640625,22742150690.346085
5423,-15.0,20.133984375,22738044954.479244
5424,-26.25,20.1390380859375,7957036770.096398
5425,-26.25,20.144091796875,7954840632.781821
5426,-22.5,20.1390380859375,12292949299.162678
5427,-22.5,20.144091796875,12290168694.99826
5428,-26.25,20.1491455078125,7952644495.467245
5429,-26.25,20.15419921875,7950448358.152667
5430,-22.5,20.1491455078125,12287388090.833843
5431,-22.5,20.15419921875,12284607486.669424
5432,-26.25,20.1592529296875,7948252220.83809
5433,-26.25,20.164306640625,7946056083.523514
5434,-22.5,20.1592529296875,12281826882.505007
5435,-22.5,20.164306640625,12279046278.340593
5436,-26.25,20.1693603515625,7943859946.208938
5437,-26.25,20.1744140625,7941663808.8943615
5438,-22.5,20.1693603515625,12276265674.176176
5439,-22.5,20.1744140625,12273485070.01176
5440,-18.75,20.1390380859375,17513444258.887543
5441,-18.75,20.144091796875,17510001088.871918
5442,-15.0,20.1390380859375,22733939218.612408
5443,-15.0,20.144091796875,22729833482.745567
5444,-18.75,20.1491455078125,17506557918.856285
5445,-18.75,20.15419921875,17503114748.840656
5446,-15.0,20.1491455078125,22725727746.87873
5447,-15.0,20.15419921875,22721622011.011887
5448,-18.75,20.1592529296875,17499671578.825027
5449,-18.75,20.164306640625,17496228408.809402
5450,-15.0,20.1592529296875,22717516275.145046
5451,-15.0,20.164306640625,22713410539.27821
5452,-18.75,20.1693603515625,17492785238.79377
5453,-18.75,20.1744140625,17489342068.778145
5454,-15.0,20.1693603515625,22709304803.41137
5455,-15.0,20.1744140625,22705199067.54453
5456,-26.25,20.1794677734375,7939467671.579785
5457,-26.25,20.184521484375,7937271534.265209
5458,-22.5,20.1794677734375,12270704465.847342
5459,-22.5,20.184521484375,12267923861.682924
5460,-26.25,20.1895751953125,7935075396.950632
5461,-26.25,20.19462890625,7932879259.636057
5462,-22.5,20.1895751953125,12265143257.518509
5463,-22.5,20.19462890625,12262362653.354092
5464,-18.75,20.1794677734375,17485898898.762512
5465,-18.75,20.184521484375,17482455728.746883
5466,-15.0,20.1794677734375,22701093331.67769
5467,-15.0,20.184521484375,22696987595.810844
5468,-18.75,20.1895751953125,17479012558.73126
5469,-18.75,20.19462890625,17475569388.71563
5470,-15.0,20.1895751953125,22692881859.944008
5471,-15.0,20.19462890625,22688776124.077168
5472,-26.25,20.1996826171875,7930683122.321481
5473,-26.25,20.2,7930545200.654381
5474,-26.25,20.204736328125,7928486985.006904
5475,-22.5,20.1996826171875,12259582049.189674
5476,-22.5,20.2,12259407421.875
5477,-22.5,20.204736328125,12256801445.025255
5478,-18.75,20.1996826171875,17472126218.7
5479,-18.75,20.2,17471909980.96955
5480,-18.75,20.204736328125,17468683048.684372
5481,-15.0,20.1996826171875,22684670388.210327
5482,-15.0,20.2,22684412540.064102
5483,-15.0,20.204736328125,22680564652.343487
5484,-26.25,20.2097900390625,7926290847.6923275
5485,-22.5,20.2097900390625,12254020840.86084
5486,-26.25,20.21484375,7924094710.37775
5487,-22.5,20.21484375,12251240236.696423
5488,-18.75,20.2097900390625,17465239878.668743
5489,-15.0,20.2097900390625,22676458916.476646
5490,-18.75,20.21484375,17461796708.653114
5491,-15.0,20.21484375,22672353180.60981
5492,-26.25,20.2198974609375,7921898573.063175
5493,-22.5,20.2198974609375,12248459632.532005
5494,-26.25,20.224951171875,7919702435.748598
5495,-22.5,20.224951171875,12245679028.36759
5496,-18.75,20.2198974609375,17458353538.637486
5497,-15.0,20.2198974609375,22668247444.742966
5498,-18.75,20.224951171875,17454910368.621857
5499,-15.0,20.224951171875,22664141708.87613
5500,-26.25,20.2300048828125,7917506298.43402
5501,-22.5,20.2300048828125,12242898424.203173
5502,-26.25,20.23505859375,7915310161.119445
5503,-22.5,20.23505859375,12240117820.038754
5504,-18.75,20.2300048828125,17451467198.606228
5505,-15.0,20.2300048828125,22660035973.00929
5506,-18.75,20.23505859375,17448024028.590603
5507,-15.0,20.23505859375,22655930237.14245
5508,-26.25,20.2401123046875,7913114023.804869
5509,-22.5,20.2401123046875,12237337215.874336
5510,-26.25,20.245166015625,7910917886.490293
5511,-22.5,20.245166015625,12234556611.70992
5512,-18.75,20.2401123046875,17444580858.574974
5513,-15.0,20.2401123046875,22651824501.275608
5514,-18.75,20.245166015625,17441137688.559345
5515,-15.0,20.245166015625,22647718765.408768
5516,-26.25,20.2502197265625,7908721749.175716
5517,-22.5,20.2502197265625,12231776007.545506
5518,-26.25,20.2552734375,7906525611.861139
5519,-22.5,20.2552734375,12228995403.381086
5520,-18.75,20.2502197265625,17437694518.543716
5521,-15.0,20.2502197265625,22643613029.541927
5522,-18.75,20.2552734375,17434251348.528088
5523,-15.0,20.2552734375,22639507293.675087
5524,-26.25,20.2603271484375,7904329474.546563
5525,-22.5,20.2603271484375,12226214799.216671
5526,-26.25,20.265380859375,7902133337.231987
5527,-22.5,20.265380859375,12223434195.052254
5528,-18.75,20.2603271484375,17430808178.51246
5529,-15.0,20.2603271484375,22635401557.808247
5530,-18.75,20.265380859375,17427365008.49683
5531,-15.0,20.265380859375,22631295821.94141
5532,-26.25,20.2704345703125,7899937199.917412
5533,-22.5,20.2704345703125,12220653590.887836
5534,-26.25,20.27548828125,7897741062.602834
5535,-22.5,20.27548828125,12217872986.72342
5536,-18.75,20.2704345703125,17423921838.4812
5537,-15.0,20.2704345703125,22627190086.07457
5538,-18.75,20.27548828125,17420478668.465576
5539,-15.0,20.27548828125,22623084350.20773
5540,-26.25,20.2805419921875,7895544925.288257
5541,-22.5,20.2805419921875,12215092382.559002
5542,-26.25,20.285595703125,7893348787.9736805
5543,-22.5,20.285595703125,12212311778.394585
5544,-18.75,20.2805419921875,17417035498.449944
5545,-15.0,20.2805419921875,22618978614.34089
5546,-18.75,20.285595703125,17413592328.43432
5547,-15.0,20.285595703125,22614872878.47405
5548,-26.25,20.2906494140625,7891152650.659104
5549,-22.5,20.2906494140625,12209531174.23017
5550,-26.25,20.295703125,7888956513.344529
5551,-22.5,20.295703125,12206750570.065752
5552,-18.75,20.2906494140625,17410149158.41869
5553,-15.0,20.2906494140625,22610767142.60721
5554,-18.75,20.295703125,17406705988.40306
5555,-15.0,20.295703125,22606661406.74037
5556,-26.25,20.3007568359375,7887497849.455042
5557,-22.5,20.3007568359375,12205337380.747507
5558,-26.25,20.305810546875,7890226131.462847
5559,-22.5,20.305810546875,12211687578.943043
5560,-18.75,20.3007568359375,17405434380.36217
5561,-15.0,20.3007568359375,22605531379.976837
5562,-18.75,20.305810546875,17416491640.306946
5563,-15.0,20.305810546875,22621295701.670853
5564,-26.25,20.31591796875,7895682695.478455
5565,-22.5,20.31591796875,12224387975.334103
5566,-18.75,20.31591796875,17438606160.19648
5567,-15.0,20.31591796875,22652824345.058865
5568,-26.25,20.326025390625,7901139259.494062
5569,-22.5,20.326025390625,12237088371.725163
5570,-26.25,20.3361328125,7906595823.509673
5571,-22.5,20.3361328125,12249788768.116224
5572,-18.75,20.326025390625,17460720680.086018
5573,-15.0,20.326025390625,22684352988.446873
5574,-18.75,20.3361328125,17482835199.97556
5575,-15.0,20.3361328125,22715881631.834892
5576,-26.25,20.346240234375,7912052387.52528
5577,-22.5,20.346240234375,12262489164.507286
5578,-26.25,20.35634765625,7917508951.54089
5579,-22.5,20.35634765625,12275189560.89835
5580,-18.75,20.346240234375,17504949719.865097
5581,-15.0,20.346240234375,22747410275.222904
5582,-18.75,20.35634765625,17527064239.75464
5583,-15.0,20.35634765625,22778938918.610928
5584,-26.25,20.366455078125,7922965515.556498
5585,-22.5,20.366455078125,12287889957.28941
5586,-26.25,20.3765625,7928422079.572106
5587,-22.5,20.3765625,12300590353.68047
5588,-18.75,20.366455078125,17549178759.644176
5589,-15.0,20.366455078125,22810467561.99894
5590,-18.75,20.3765625,17571293279.533707
5591,-15.0,20.3765625,22841996205.386948
5592,-11.25,20.07333984375,30430985913.480453
5593,-7.5,20.07333984375,38034394608.750305
5594,-11.25,20.083447265625,30406369446.444717
5595,-7.5,20.083447265625,38008637854.65273
5596,-11.25,20.0935546875,30381752979.40898
5597,-7.5,20.0935546875,37982881100.55517
5598,-11.25,20.0986083984375,30369444745.89112
5599,-11.25,20.103662109375,30362432960.628437
5600,-7.5,20.0986083984375,37970002723.506386
5601,-7.5,20.103662109375,37962186551.5766
5602,-11.25,20.1087158203125,30357433825.702747
5603,-11.25,20.11376953125,30352434690.77705
5604,-7.5,20.1087158203125,37956294017.59205
5605,-7.5,20.11376953125,37950401483.60749
5606,-11.25,20.1188232421875,30347435555.851357
5607,-11.25,20.123876953125,30342436420.925667
5608,-7.5,20.1188232421875,37944508949.622955
5609,-7.5,20.123876953125,37938616415.6384
5610,-11.25,20.1289306640625,30337437285.999966
5611,-11.25,20.133984375,30332438151.07427
5612,-7.5,20.1289306640625,37932723881.65384
5613,-7.5,20.133984375,37926831347.6693
5614,-3.75,20.07333984375,43102925899.32631
5615,0.0,20.07333984375,43101702380.51457
5616,-3.75,20.083447265625,43066363119.01941
5617,0.0,20.083447265625,43035002095.70339
5618,-3.75,20.0935546875,43029800338.71253
5619,0.0,20.0935546875,42968301810.89224
5620,-3.75,20.0986083984375,43011518948.55908
5621,-3.75,20.103662109375,43002513472.25548
5622,0.0,20.0986083984375,42934951668.48666
5623,0.0,20.103662109375,42923987052.39581
5624,-3.75,20.1087158203125,42997032843.214836
5625,-3.75,20.11376953125,42991552214.17419
5626,0.0,20.1087158203125,42921528936.3046
5627,0.0,20.11376953125,42919070820.213394
5628,-3.75,20.1188232421875,42986071585.133545
5629,-3.75,20.123876953125,42980590956.0929
5630,0.0,20.1188232421875,42916612704.12217
5631,0.0,20.123876953125,42914154588.03096
5632,-3.75,20.1289306640625,42975110327.05226
5633,-3.75,20.133984375,42969629698.01161
5634,0.0,20.1289306640625,42911696471.93974
5635,0.0,20.133984375,42909238355.848526
5636,-11.25,20.1390380859375,30327439016.148575
5637,-11.25,20.144091796875,30322439881.22288
5638,-7.5,20.1390380859375,37920938813.684746
5639,-7.5,20.144091796875,37915046279.700195
5640,-11.25,20.1491455078125,30317440746.297184
5641,-11.25,20.15419921875,30312441611.37149
5642,-7.5,20.1491455078125,37909153745.71564
5643,-7.5,20.15419921875,37903261211.73109
5644,-11.25,20.1592529296875,30307442476.445793
5645,-11.25,20.164306640625,30302443341.5201
5646,-7.5,20.1592529296875,37897368677.74654
5647,-7.5,20.164306640625,37891476143.76199
5648,-11.25,20.1693603515625,30297444206.594406
5649,-11.25,20.1744140625,30292445071.668705
5650,-7.5,20.1693603515625,37885583609.77744
5651,-7.5,20.1744140625,37879691075.792885
5652,-3.75,20.1390380859375,42964149068.97098
5653,-3.75,20.144091796875,42958668439.93032
5654,0.0,20.1390380859375,42906780239.75732
5655,0.0,20.144091796875,42904322123.6661
5656,-3.75,20.1491455078125,42953187810.88968
5657,-3.75,20.15419921875,42947707181.84903
5658,0.0,20.1491455078125,42901864007.574875
5659,0.0,20.15419921875,42899405891.48367
5660,-3.75,20.1592529296875,42942226552.80839
5661,-3.75,20.164306640625,42936745923.76775
5662,0.0,20.1592529296875,42896947775.39244
5663,0.0,20.164306640625,42894489659.30125
5664,-3.75,20.1693603515625,42931265294.7271
5665,-3.75,20.1744140625,42925784665.68646
5666,0.0,20.1693603515625,42892031543.21003
5667,0.0,20.1744140625,42889573427.118805
5668,-11.25,20.1794677734375,30287445936.74301
5669,-11.25,20.184521484375,30282446801.817314
5670,-7.5,20.1794677734375,37873798541.808334
5671,-7.5,20.184521484375,37867906007.82378
5672,-11.25,20.1895751953125,30277447666.891624
5673,-11.25,20.19462890625,30272448531.965927
5674,-7.5,20.1895751953125,37862013473.83924
5675,-7.5,20.19462890625,37856120939.854675
5676,-3.75,20.1794677734375,42920304036.64582
5677,-3.75,20.184521484375,42914823407.60517
5678,0.0,20.1794677734375,42887115311.0276
5679,0.0,20.184521484375,42884657194.93638
5680,-3.75,20.1895751953125,42909342778.56452
5681,-3.75,20.19462890625,42903862149.52387
5682,0.0,20.1895751953125,42882199078.84517
5683,0.0,20.19462890625,42879740962.75395
5684,-11.25,20.1996826171875,30267449397.04023
5685,-11.25,20.2,30267135441.706734
5686,-11.25,20.204736328125,30262450262.114532
5687,-7.5,20.1996826171875,37850228405.87013
5688,-7.5,20.2,37849858343.349365
5689,-7.5,20.204736328125,37844335871.885574
5690,-3.75,20.1996826171875,42898381520.48323
5691,-3.75,20.2,42898037326.38889
5692,-3.75,20.204736328125,42892900891.44259
5693,0.0,20.1996826171875,42877282846.662735
5694,0.0,20.2,42877128472.22222
5695,0.0,20.204736328125,42874824730.57152
5696,-11.25,20.2097900390625,30257451127.188835
5697,-7.5,20.2097900390625,37838443337.90103
5698,-11.25,20.21484375,30252451992.26314
5699,-7.5,20.21484375,37832550803.91647
5700,-3.75,20.2097900390625,42887420262.40194
5701,0.0,20.2097900390625,42872366614.48031
5702,-3.75,20.21484375,42881939633.3613
5703,0.0,20.21484375,42869908498.38909
5704,-11.25,20.2198974609375,30247452857.33745
5705,-7.5,20.2198974609375,37826658269.93193
5706,-11.25,20.224951171875,30242453722.41175
5707,-7.5,20.224951171875,37820765735.94737
5708,-3.75,20.2198974609375,42876459004.320656
5709,0.0,20.2198974609375,42867450382.297874
5710,-3.75,20.224951171875,42870978375.28001
5711,0.0,20.224951171875,42864992266.206665
5712,-11.25,20.2300048828125,30237454587.486053
5713,-7.5,20.2300048828125,37814873201.96282
5714,-11.25,20.23505859375,30232455452.560356
5715,-7.5,20.23505859375,37808980667.97827
5716,-3.75,20.2300048828125,42865497746.23936
5717,0.0,20.2300048828125,42862534150.11544
5718,-3.75,20.23505859375,42860017117.19872
5719,0.0,20.23505859375,42860076034.02423
5720,-11.25,20.2401123046875,30227456317.634666
5721,-7.5,20.2401123046875,37803088133.99371
5722,-11.25,20.245166015625,30222457182.70897
5723,-7.5,20.245166015625,37797195600.00917
5724,-3.75,20.2401123046875,42854536488.15808
5725,0.0,20.2401123046875,42857617917.933014
5726,-3.75,20.245166015625,42849055859.117424
5727,0.0,20.245166015625,42855159801.8418
5728,-11.25,20.2502197265625,30217458047.78327
5729,-7.5,20.2502197265625,37791303066.02462
5730,-11.25,20.2552734375,30212458912.857574
5731,-7.5,20.2552734375,37785410532.04007
5732,-3.75,20.2502197265625,42843575230.07679
5733,0.0,20.2502197265625,42852701685.75059
5734,-3.75,20.2552734375,42838094601.03613
5735,0.0,20.2552734375,42850243569.65937
5736,-11.25,20.2603271484375,30207459777.931885
5737,-7.5,20.2603271484375,37779517998.05552
5738,-11.25,20.265380859375,30202460643.006187
5739,-7.5,20.265380859375,37773625464.07097
5740,-3.75,20.2603271484375,42832613971.9955
5741,0.0,20.2603271484375,42847785453.56816
5742,-3.75,20.265380859375,42827133342.95485
5743,0.0,20.265380859375,42845327337.476944
5744,-11.25,20.2704345703125,30197461508.08049
5745,-7.5,20.2704345703125,37767732930.08641
5746,-11.25,20.27548828125,30192462373.1548
5747,-7.5,20.27548828125,37761840396.10187
5748,-3.75,20.2704345703125,42821652713.91421
5749,0.0,20.2704345703125,42842869221.38573
5750,-3.75,20.27548828125,42816172084.87356
5751,0.0,20.27548828125,42840411105.29451
5752,-11.25,20.2805419921875,30187463238.2291
5753,-7.5,20.2805419921875,37755947862.11731
5754,-11.25,20.285595703125,30182464103.303402
5755,-7.5,20.285595703125,37750055328.13276
5756,-3.75,20.2805419921875,42810691455.83292
5757,0.0,20.2805419921875,42837952989.20329
5758,-3.75,20.285595703125,42805210826.79226
5759,0.0,20.285595703125,42835494873.11208
5760,-11.25,20.2906494140625,30177464968.37771
5761,-7.5,20.2906494140625,37744162794.14821
5762,-11.25,20.295703125,30172465833.45201
5763,-7.5,20.295703125,37738270260.16366
5764,-3.75,20.2906494140625,42799730197.751625
5765,0.0,20.2906494140625,42833036757.02087
5766,-3.75,20.295703125,42794249568.71098
5767,0.0,20.295703125,42830578640.92966
5768,-11.25,20.3007568359375,30171053946.2281
5769,-7.5,20.3007568359375,37736576512.47936
5770,-11.25,20.305810546875,30190008368.536957
5771,-7.5,20.305810546875,37758721035.40306
5772,-3.75,20.3007568359375,42793547556.22096
5773,0.0,20.3007568359375,42833415554.94324
5774,-3.75,20.305810546875,42819975753.82494
5775,0.0,20.305810546875,42866314575.35834
5776,-11.25,20.31591796875,30227917213.15465
5777,-7.5,20.31591796875,37803010081.250435
5778,-3.75,20.31591796875,42872832149.03285
5779,0.0,20.31591796875,42932112616.1885
5780,-11.25,20.326025390625,30265826057.772346
5781,-7.5,20.326025390625,37847299127.09782
5782,-11.25,20.3361328125,30303734902.390053
5783,-7.5,20.3361328125,37891588172.945206
5784,-3.75,20.326025390625,42925688544.24076
5785,0.0,20.326025390625,42997910657.01866
5786,-3.75,20.3361328125,42978544939.44869
5787,0.0,20.3361328125,43063708697.84885
5788,-11.25,20.346240234375,30341643747.007736
5789,-7.5,20.346240234375,37935877218.79257
5790,-11.25,20.35634765625,30379552591.625446
5791,-7.5,20.35634765625,37980166264.63996
5792,-3.75,20.346240234375,43031401334.6566
5793,0.0,20.346240234375,43129506738.679016
5794,-3.75,20.35634765625,43084257729.86453
5795,0.0,20.35634765625,43195304779.5092
5796,-11.25,20.366455078125,30417461436.243137
5797,-7.5,20.366455078125,38024455310.48734
5798,-11.25,20.3765625,30455370280.860832
5799,-7.5,20.3765625,38068744356.33471
5800,-3.75,20.366455078125,43137114125.07245
5801,0.0,20.366455078125,43261102820.33936
5802,-3.75,20.3765625,43189970520.28036
5803,0.0,20.3765625,43326900861.169525
5804,-116.25,20.386669921875,0.0
5805,-120.0,20.386669921875,0.0
5806,-112.5,20.386669921875,12781.417064177649
5807,-108.75,20.386669921875,31953.54266044412
5808,-105.0,20.386669921875,51125.668256710596
5809,-101.25,20.386669921875,31953.54266044412
5810,-97.5,20.386669921875,12781.417064177649
5811,-93.75,20.386669921875,0.0
5812,-90.0,20.386669921875,0.0
5813,-116.25,20.39677734375,0.0
5814,-120.0,20.39677734375,0.0
5815,-112.5,20.39677734375,11641.497489733692
5816,-108.75,20.39677734375,29103.743724334232
5817,-105.0,20.39677734375,46565.98995893477
5818,-101.25,20.39677734375,29103.743724334232
5819,-97.5,20.39677734375,11641.497489733692
5820,-93.75,20.39677734375,0.0
5821,-90.0,20.39677734375,0.0
5822,-86.25,20.386669921875,0.0
5823,-82.5,20.386669921875,0.0
5824,-78.75,20.386669921875,0.0
5825,-75.0,20.386669921875,0.0
5826,-71.25,20.386669921875,0.0
5827,-67.5,20.386669921875,0.0
5828,-63.75,20.386669921875,0.0
5829,-60.0,20.386669921875,0.0
5830,-86.25,20.39677734375,0.0
5831,-82.5,20.39677734375,0.0
5832,-78.75,20.39677734375,0.0
5833,-75.0,20.39677734375,0.0
5834,-71.25,20.39677734375,0.0
5835,-67.5,20.39677734375,0.0
5836,-63.75,20.39677734375,0.0
5837,-60.0,20.39677734375,0.0
5838,-116.25,20.406884765625,0.0
5839,-120.0,20.406884765625,0.0
5840,-112.5,20.406884765625,10501.57791528934
5841,-108.75,20.406884765625,26253.94478822335
5842,-105.0,20.406884765625,42006.31166115736
5843,-101.25,20.406884765625,26253.94478822335
5844,-97.5,20.406884765625,10501.57791528934
5845,-93.75,20.406884765625,0.0
5846,-90.0,20.406884765625,0.0
5847,-116.25,20.4169921875,0.0
5848,-120.0,20.4169921875,0.0
5849,-112.5,20.4169921875,9361.658340845384
5850,-108.75,20.4169921875,23404.14585211346
5851,-105.0,20.4169921875,37446.63336338154
5852,-101.25,20.4169921875,23404.14585211346
5853,-97.5,20.4169921875,9361.658340845384
5854,-93.75,20.4169921875,0.0
5855,-90.0,20.4169921875,0.0
5856,-86.25,20.406884765625,0.0
5857,-82.5,20.406884765625,0.0
5858,-78.75,20.406884765625,0.0
5859,-75.0,20.406884765625,0.0
5860,-71.25,20.406884765625,0.0
5861,-67.5,20.406884765625,0.0
5862,-63.75,20.406884765625,0.0
5863,-60.0,20.406884765625,0.0
5864,-86.25,20.4169921875,0.0
5865,-82.5,20.4169921875,0.0
5866,-78.75,20.4169921875,0.0
5867,-75.0,20.4169921875,0.0
5868,-71.25,20.4169921875,0.0
5869,-67.5,20.4169921875,0.0
5870,-63.75,20.4169921875,0.0
5871,-60.0,20.4169921875,0.0
5872,-116.25,20.427099609375,0.0
5873,-120.0,20.427099609375,0.0
5874,-112.5,20.427099609375,8221.738766401431
5875,-108.75,20.427099609375,20554.34691600358
5876,-105.0,20.427099609375,32886.955065605725
5877,-101.25,20.427099609375,20554.34691600358
5878,-97.5,20.427099609375,8221.738766401431
5879,-93.75,20.427099609375,0.0
5880,-90.0,20.427099609375,0.0
5881,-116.25,20.43720703125,0.0
5882,-120.0,20.43720703125,0.0
5883,-112.5,20.43720703125,7081.819191957076
5884,-108.75,20.43720703125,17704.54797989269
5885,-105.0,20.43720703125,28327.276767828305
5886,-101.25,20.43720703125,17704.54797989269
5887,-97.5,20.43720703125,7081.819191957076
5888,-93.75,20.43720703125,0.0
5889,-90.0,20.43720703125,0.0
5890,-86.25,20.427099609375,0.0
5891,-82.5,20.427099609375,0.0
5892,-78.75,20.427099609375,0.0
5893,-75.0,20.427099609375,0.0
5894,-71.25,20.427099609375,0.0
5895,-67.5,20.427099609375,0.0
5896,-63.75,20.427099609375,0.0
5897,-60.0,20.427099609375,0.0
5898,-86.25,20.43720703125,0.0
5899,-82.5,20.43720703125,0.0
5900,-78.75,20.43720703125,0.0
5901,-75.0,20.43720703125,0.0
5902,-71.25,20.43720703125,0.0
5903,-67.5,20.43720703125,0.0
5904,-63.75,20.43720703125,0.0
5905,-60.0,20.43720703125,0.0
5906,-116.25,20.447314453125,0.0
5907,-120.0,20.447314453125,0.0
5908,-112.5,20.447314453125,5941.899617513121
5909,-108.75,20.447314453125,14854.749043782802
5910,-105.0,20.447314453125,23767.598470052482
5911,-101.25,20.447314453125,14854.749043782802
5912,-97.5,20.447314453125,5941.899617513121
5913,-93.75,20.447314453125,0.0
5914,-90.0,20.447314453125,0.0
5915,-116.25,20.457421875,0.0
5916,-120.0,20.457421875,0.0
5917,-112.5,20.457421875,4801.980043068767
5918,-108.75,20.457421875,12004.950107671919
5919,-105.0,20.457421875,19207.92017227507
5920,-101.25,20.457421875,12004.950107671919
5921,-97.5,20.457421875,4801.980043068767
5922,-93.75,20.457421875,0.0
5923,-90.0,20.457421875,0.0
5924,-86.25,20.447314453125,0.0
5925,-82.5,20.447314453125,0.0
5926,-78.75,20.447314453125,0.0
5927,-75.0,20.447314453125,0.0
5928,-71.25,20.447314453125,0.0
5929,-67.5,20.447314453125,0.0
5930,-63.75,20.447314453125,0.0
5931,-60.0,20.447314453125,0.0
5932,-86.25,20.457421875,0.0
5933,-82.5,20.457421875,0.0
5934,-78.75,20.457421875,0.0
5935,-75.0,20.457421875,0.0
5936,-71.25,20.457421875,0.0
5937,-67.5,20.457421875,0.0
5938,-63.75,20.457421875,0.0
5939,-60.0,20.457421875,0.0
5940,-116.25,20.467529296875,0.0
5941,-120.0,20.467529296875,0.0
5942,-112.5,20.467529296875,3662.060468624812
5943,-108.75,20.467529296875,9155.15117156203
5944,-105.0,20.467529296875,14648.241874499248
5945,-101.25,20.467529296875,9155.15117156203
5946,-97.5,20.467529296875,3662.060468624812
5947,-93.75,20.467529296875,0.0
5948,-90.0,20.467529296875,0.0
5949,-116.25,20.47763671875,0.0
5950,-120.0,20.47763671875,0.0
5951,-112.5,20.47763671875,2522.140894180859
5952,-108.75,20.47763671875,6305.352235452148
5953,-105.0,20.47763671875,10088.563576723436
5954,-101.25,20.47763671875,6305.352235452148
5955,-97.5,20.47763671875,2522.140894180859
5956,-93.75,20.47763671875,0.0
5957,-90.0,20.47763671875,0.0
5958,-86.25,20.467529296875,0.0
5959,-82.5,20.467529296875,0.0
5960,-78.75,20.467529296875,0.0
5961,-75.0,20.467529296875,0.0
5962,-71.25,20.467529296875,0.0
5963,-67.5,20.467529296875,0.0
5964,-63.75,20.467529296875,0.0
5965,-60.0,20.467529296875,0.0
5966,-86.25,20.47763671875,0.0
5967,-82.5,20.47763671875,0.0
5968,-78.75,20.47763671875,0.0
5969,-75.0,20.47763671875,0.0
5970,-71.25,20.47763671875,0.0
5971,-67.5,20.47763671875,0.0
5972,-63.75,20.47763671875,0.0
5973,-60.0,20.47763671875,0.0
5974,-116.25,20.487744140625,0.0
5975,-120.0,20.487744140625,0.0
5976,-112.5,20.487744140625,1382.2213197365033
5977,-108.75,20.487744140625,3455.5532993412585
5978,-105.0,20.487744140625,5528.885278946013
5979,-101.25,20.487744140625,3455.5532993412585
5980,-97.5,20.487744140625,1382.2213197365033
5981,-93.75,20.487744140625,0.0
5982,-90.0,20.487744140625,0.0
5983,-116.25,20.4978515625,0.0
5984,-120.0,20.4978515625,0.0
5985,-112.5,20.4978515625,242.30174529254808
5986,-108.75,20.4978515625,605.7543632313701
5987,-105.0,20.4978515625,969.2069811701923
5988,-101.25,20.4978515625,605.7543632313701
5989,-97.5,20.4978515625,242.30174529254808
5990,-93.75,20.4978515625,0.0
5991,-90.0,20.4978515625,0.0
5992,-86.25,20.487744140625,0.0
5993,-82.5,20.487744140625,0.0
5994,-78.75,20.487744140625,0.0
5995,-75.0,20.487744140625,0.0
5996,-71.25,20.487744140625,0.0
5997,-67.5,20.487744140625,0.0
5998,-63.75,20.487744140625,0.0
5999,-60.0,20.487744140625,0.0
6000,-86.25,20.4978515625,0.0
6001,-82.5,20.4978515625,0.0
6002,-78.75,20.4978515625,0.0
6003,-75.0,20.4978515625,0.0
6004,-71.25,20.4978515625,0.0
6005,-67.5,20.4978515625,0.0
6006,-63.75,20.4978515625,0.0
6007,-60.0,20.4978515625,0.0
6008,-116.25,20.50795898437499,0.0
6009,-120.0,20.50795898437499,0.0
6010,-112.5,20.50795898437499,0.0
6011,-108.75,20.50795898437499,0.0
6012,-105.0,20.50795898437499,0.0
6013,-101.25,20.50795898437499,0.0
6014,-97.5,20.50795898437499,0.0
6015,-93.75,20.50795898437499,0.0
6016,-90.0,20.50795898437499,0.0
6017,-116.25,20.51806640625,0.0
6018,-120.0,20.51806640625,0.0
6019,-112.5,20.51806640625,0.0
6020,-108.75,20.51806640625,0.0
6021,-105.0,20.51806640625,0.0
6022,-101.25,20.51806640625,0.0
6023,-97.5,20.51806640625,0.0
6024,-93.75,20.51806640625,0.0
6025,-90.0,20.51806640625,0.0
6026,-86.25,20.50795898437499,0.0
6027,-82.5,20.50795898437499,0.0
6028,-78.75,20.50795898437499,0.0
6029,-75.0,20.50795898437499,0.0
6030,-71.25,20.50795898437499,0.0
6031,-67.5,20.50795898437499,0.0
6032,-63.75,20.50795898437499,0.0
6033,-60.0,20.50795898437499,0.0
6034,-86.25,20.51806640625,0.0
6035,-82.5,20.51806640625,0.0
6036,-78.75,20.51806640625,0.0
6037,-75.0,20.51806640625,0.0
6038,-71.25,20.51806640625,0.0
6039,-67.5,20.51806640625,0.0
6040,-63.75,20.51806640625,0.0
6041,-60.0,20.51806640625,0.0
6042,-116.25,20.528173828125,0.0
6043,-120.0,20.528173828125,0.0
6044,-112.5,20.528173828125,0.0
6045,-108.75,20.528173828125,0.0
6046,-105.0,20.528173828125,0.0
6047,-101.25,20.528173828125,0.0
6048,-97.5,20.528173828125,0.0
6049,-93.75,20.528173828125,0.0
6050,-90.0,20.528173828125,0.0
6051,-116.25,20.53828125,0.0
6052,-120.0,20.53828125,0.0
6053,-112.5,20.53828125,0.0
6054,-108.75,20.53828125,0.0
6055,-105.0,20.53828125,0.0
6056,-101.25,20.53828125,0.0
6057,-97.5,20.53828125,0.0
6058,-93.75,20.53828125,0.0
6059,-90.0,20.53828125,0.0
6060,-86.25,20.528173828125,0.0
6061,-82.5,20.528173828125,0.0
6062,-78.75,20.528173828125,0.0
6063,-75.0,20.528173828125,0.0
6064,-71.25,20.528173828125,0.0
6065,-67.5,20.528173828125,0.0
6066,-63.75,20.528173828125,0.0
6067,-60.0,20.528173828125,0.0
6068,-86.25,20.53828125,0.0
6069,-82.5,20.53828125,0.0
6070,-78.75,20.53828125,0.0
6071,-75.0,20.53828125,0.0
6072,-71.25,20.53828125,0.0
6073,-67.5,20.53828125,0.0
6074,-63.75,20.53828125,0.0
6075,-60.0,20.53828125,0.0
6076,-56.25,20.386669921875,0.0
6077,-52.5,20.386669921875,17601779.41118552
6078,-48.75,20.386669921875,44004448.52796381
6079,-45.0,20.386669921875,70407117.64474209
6080,-41.25,20.386669921875,763456996.7188387
6081,-37.5,20.386669921875,1456506875.7929354
6082,-33.75,20.386669921875,2777874202.0916734
6083,-30.0,20.386669921875,5355876422.839694
6084,-56.25,20.39677734375,0.0
6085,-52.5,20.39677734375,18352001.382550538
6086,-48.75,20.39677734375,45880003.456376344
6087,-45.0,20.39677734375,73408005.53020215
6088,-41.25,20.39677734375,764838419.2898741
6089,-37.5,20.39677734375,1456268833.0495458
6090,-33.75,20.39677734375,2777524265.8484693
6091,-30.0,20.39677734375,5358429736.725897
6092,-56.25,20.406884765625,0.0
6093,-52.5,20.406884765625,19102223.35391582
6094,-48.75,20.406884765625,47755558.384789556
6095,-45.0,20.406884765625,76408893.41566329
6096,-41.25,20.406884765625,766219841.8609099
6097,-37.5,20.406884765625,1456030790.3061566
6098,-33.75,20.406884765625,2777174329.6052656
6099,-30.0,20.406884765625,5360983050.612099
6100,-56.25,20.4169921875,0.0
6101,-52.5,20.4169921875,19852445.32528084
6102,-48.75,20.4169921875,49631113.313202105
6103,-45.0,20.4169921875,79409781.30112337
6104,-41.25,20.4169921875,767601264.4319452
6105,-37.5,20.4169921875,1455792747.562767
6106,-33.75,20.4169921875,2776824393.3620615
6107,-30.0,20.4169921875,5363536364.498301
6108,-56.25,20.427099609375,0.0
6109,-52.5,20.427099609375,20602667.29664586
6110,-48.75,20.427099609375,51506668.241614655
6111,-45.0,20.427099609375,82410669.18658344
6112,-41.25,20.427099609375,768982687.0029806
6113,-37.5,20.427099609375,1455554704.8193777
6114,-33.75,20.427099609375,2776474457.118858
6115,-30.0,20.427099609375,5366089678.384502
6116,-56.25,20.43720703125,0.0
6117,-52.5,20.43720703125,21352889.268011145
6118,-48.75,20.43720703125,53382223.17002786
6119,-45.0,20.43720703125,85411557.07204458
6120,-41.25,20.43720703125,770364109.5740163
6121,-37.5,20.43720703125,1455316662.075988
6122,-33.75,20.43720703125,2776124520.8756537
6123,-30.0,20.43720703125,5368642992.270706
6124,-56.25,20.447314453125,0.0
6125,-52.5,20.447314453125,22103111.239376165
6126,-48.75,20.447314453125,55257778.09844041
6127,-45.0,20.447314453125,88412444.95750466
6128,-41.25,20.447314453125,771745532.1450517
6129,-37.5,20.447314453125,1455078619.3325987
6130,-33.75,20.447314453125,2775774584.6324496
6131,-30.0,20.447314453125,5371196306.156908
6132,-56.25,20.457421875,0.0
6133,-52.5,20.457421875,22853333.210741445
6134,-48.75,20.457421875,57133333.02685361
6135,-45.0,20.457421875,91413332.84296578
6136,-41.25,20.457421875,773126954.7160877
6137,-37.5,20.457421875,1454840576.5892096
6138,-33.75,20.457421875,2775424648.3892455
6139,-30.0,20.457421875,5373749620.043111
6140,-56.25,20.467529296875,0.0
6141,-52.5,20.467529296875,23603555.182106465
6142,-48.75,20.467529296875,59008887.95526616
6143,-45.0,20.467529296875,94414220.72842586
6144,-41.25,20.467529296875,774508377.287123
6145,-37.5,20.467529296875,1454602533.84582
6146,-33.75,20.467529296875,2775074712.146042
6147,-30.0,20.467529296875,5376302933.929313
6148,-56.25,20.47763671875,0.0
6149,-52.5,20.47763671875,24353777.15347148
6150,-48.75,20.47763671875,60884442.88367872
6151,-45.0,20.47763671875,97415108.61388592
6152,-41.25,20.47763671875,775889799.8581583
6153,-37.5,20.47763671875,1454364491.1024308
6154,-33.75,20.47763671875,2774724775.9028378
6155,-30.0,20.47763671875,5378856247.815515
6156,-56.25,20.487744140625,0.0
6157,-52.5,20.487744140625,25103999.12483677
6158,-48.75,20.487744140625,62759997.81209192
6159,-45.0,20.487744140625,100415996.49934708
6160,-41.25,20.487744140625,777271222.429194
6161,-37.5,20.487744140625,1454126448.359041
6162,-33.75,20.487744140625,2774374839.6596336
6163,-30.0,20.487744140625,5381409561.701717
6164,-56.25,20.4978515625,0.0
6165,-52.5,20.4978515625,25854221.096201785
6166,-48.75,20.4978515625,64635552.740504466
6167,-45.0,20.4978515625,103416884.38480714
6168,-41.25,20.4978515625,778652645.0002294
6169,-37.5,20.4978515625,1453888405.6156516
6170,-33.75,20.4978515625,2774024903.4164295
6171,-30.0,20.4978515625,5383962875.587919
6172,-56.25,20.50795898437499,0.0
6173,-52.5,20.50795898437499,26340814.19920272
6174,-48.75,20.50795898437499,65852035.4980068
6175,-45.0,20.50795898437499,105363256.79681088
6176,-41.25,20.50795898437499,781455179.6790851
6177,-37.5,20.50795898437499,1457547102.5613594
6178,-33.75,20.50795898437499,2776246173.1168933
6179,-30.0,20.50795898437499,5380159539.018946
6180,-56.25,20.51806640625,0.0
6181,-52.5,20.51806640625,26756243.681296326
6182,-48.75,20.51806640625,66890609.20324081
6183,-45.0,20.51806640625,107024974.7251853
6184,-41.25,20.51806640625,784641327.442267
6185,-37.5,20.51806640625,1462257680.1593487
6186,-33.75,20.51806640625,2779161510.679457
6187,-30.0,20.51806640625,5374640296.805617
6188,-56.25,20.528173828125,0.0
6189,-52.5,20.528173828125,27171673.163389497
6190,-48.75,20.528173828125,67929182.90847374
6191,-45.0,20.528173828125,108686692.65355799
6192,-41.25,20.528173828125,787827475.2054455
6193,-37.5,20.528173828125,1466968257.757333
6194,-33.75,20.528173828125,2782076848.2420173
6195,-30.0,20.528173828125,5369121054.592297
6196,-56.25,20.53828125,0.0
6197,-52.5,20.53828125,27587102.64548281
6198,-48.75,20.53828125,68967756.61370702
6199,-45.0,20.53828125,110348410.58193123
6200,-41.25,20.53828125,791013622.9686253
6201,-37.5,20.53828125,1471678835.3553193
6202,-33.75,20.53828125,2784992185.8045797
6203,-30.0,20.53828125,5363601812.378973
6204,-26.25,20.386669921875,7933878643.587715
6205,-22.5,20.386669921875,12313290750.071533
6206,-18.75,20.386669921875,17593407799.42325
6207,-15.0,20.386669921875,22873524848.77497
6208,-26.25,20.39677734375,7939335207.603323
6209,-22.5,20.39677734375,12325991146.462593
6210,-18.75,20.39677734375,17615522319.312786
6211,-15.0,20.39677734375,22905053492.16298
6212,-26.25,20.406884765625,7944791771.618933
6213,-22.5,20.406884765625,12338691542.853659
6214,-18.75,20.406884765625,17637636839.202328
6215,-15.0,20.406884765625,22936582135.551003
6216,-26.25,20.4169921875,7950248335.6345415
6217,-22.5,20.4169921875,12351391939.244719
6218,-18.75,20.4169921875,17659751359.091866
6219,-15.0,20.4169921875,22968110778.93901
6220,-26.25,20.427099609375,7955704899.650149
6221,-22.5,20.427099609375,12364092335.635778
6222,-18.75,20.427099609375,17681865878.9814
6223,-15.0,20.427099609375,22999639422.32702
6224,-26.25,20.43720703125,7961161463.665758
6225,-22.5,20.43720703125,12376792732.026842
6226,-18.75,20.43720703125,17703980398.87094
6227,-15.0,20.43720703125,23031168065.715042
6228,-26.25,20.447314453125,7966618027.681366
6229,-22.5,20.447314453125,12389493128.417902
6230,-18.75,20.447314453125,17726094918.760475
6231,-15.0,20.447314453125,23062696709.10305
6232,-26.25,20.457421875,7972074591.696976
6233,-22.5,20.457421875,12402193524.808968
6234,-18.75,20.457421875,17748209438.65002
6235,-15.0,20.457421875,23094225352.491074
6236,-26.25,20.467529296875,7977531155.712584
6237,-22.5,20.467529296875,12414893921.200026
6238,-18.75,20.467529296875,17770323958.539555
6239,-15.0,20.467529296875,23125753995.87908
6240,-26.25,20.47763671875,7982987719.728191
6241,-22.5,20.47763671875,12427594317.591087
6242,-18.75,20.47763671875,17792438478.429092
6243,-15.0,20.47763671875,23157282639.267097
6244,-26.25,20.487744140625,7988444283.7438
6245,-22.5,20.487744140625,12440294713.982151
6246,-18.75,20.487744140625,17814552998.318634
6247,-15.0,20.487744140625,23188811282.655117
6248,-26.25,20.4978515625,7993900847.759408
6249,-22.5,20.4978515625,12452995110.37321
6250,-18.75,20.4978515625,17836667518.208168
6251,-15.0,20.4978515625,23220339926.043125
6252,-26.25,20.50795898437499,7984072904.920998
6253,-22.5,20.50795898437499,12445371080.806124
6254,-18.75,20.50795898437499,17835361661.68279
6255,-15.0,20.50795898437499,23225352242.559452
6256,-26.25,20.51806640625,7970119082.931778
6257,-22.5,20.51806640625,12432260703.127607
6258,-18.75,20.51806640625,17827733740.358273
6259,-15.0,20.51806640625,23223206777.588936
6260,-26.25,20.528173828125,7956165260.942574
6261,-22.5,20.528173828125,12419150325.449106
6262,-18.75,20.528173828125,17820105819.033768
6263,-15.0,20.528173828125,23221061312.618423
6264,-26.25,20.53828125,7942211438.953365
6265,-22.5,20.53828125,12406039947.7706
6266,-18.75,20.53828125,17812477897.70925
6267,-15.0,20.53828125,23218915847.647907
6268,-11.25,20.386669921875,30493279125.478535
6269,-7.5,20.386669921875,38113033402.1821
6270,-11.25,20.39677734375,30531187970.096222
6271,-7.5,20.39677734375,38157322448.02947
6272,-3.75,20.386669921875,43242826915.48829
6273,0.0,20.386669921875,43392698901.99971
6274,-3.75,20.39677734375,43295683310.6962
6275,0.0,20.39677734375,43458496942.82987
6276,-11.25,20.406884765625,30569096814.71393
6277,-7.5,20.406884765625,38201611493.87686
6278,-11.25,20.4169921875,30607005659.33162
6279,-7.5,20.4169921875,38245900539.724236
6280,-3.75,20.406884765625,43348539705.90413
6281,0.0,20.406884765625,43524294983.66006
6282,-3.75,20.4169921875,43401396101.112045
6283,0.0,20.4169921875,43590093024.49023
6284,-11.25,20.427099609375,30644914503.949318
6285,-7.5,20.427099609375,38290189585.57161
6286,-11.25,20.43720703125,30682823348.567017
6287,-7.5,20.43720703125,38334478631.41899
6288,-3.75,20.427099609375,43454252496.31995
6289,0.0,20.427099609375,43655891065.32039
6290,-3.75,20.43720703125,43507108891.52788
6291,0.0,20.43720703125,43721689106.15057
6292,-11.25,20.447314453125,30720732193.18471
6293,-7.5,20.447314453125,38378767677.266365
6294,-11.25,20.457421875,30758641037.80242
6295,-7.5,20.457421875,38423056723.11376
6296,-3.75,20.447314453125,43559965286.735794
6297,0.0,20.447314453125,43787487146.980736
6298,-3.75,20.457421875,43612821681.94372
6299,0.0,20.457421875,43853285187.81093
6300,-11.25,20.467529296875,30796549882.420105
6301,-7.5,20.467529296875,38467345768.96113
6302,-11.25,20.47763671875,30834458727.0378
6303,-7.5,20.47763671875,38511634814.8085
6304,-3.75,20.467529296875,43665678077.151634
6305,0.0,20.467529296875,43919083228.64108
6306,-3.75,20.47763671875,43718534472.35954
6307,0.0,20.47763671875,43984881269.47125
6308,-11.25,20.487744140625,30872367571.655506
6309,-7.5,20.487744140625,38555923860.65589
6310,-11.25,20.4978515625,30910276416.273197
6311,-7.5,20.4978515625,38600212906.503265
6312,-3.75,20.487744140625,43771390867.567474
6313,0.0,20.487744140625,44050679310.30144
6314,-3.75,20.4978515625,43824247262.77539
6315,0.0,20.4978515625,44116477351.1316
6316,-11.25,20.50795898437499,30895412374.904037
6317,-7.5,20.50795898437499,38565472507.24863
6318,-11.25,20.51806640625,30866302891.91874
6319,-7.5,20.51806640625,38509399006.248535
6320,-3.75,20.50795898437499,43774436217.95204
6321,0.0,20.50795898437499,44061207085.37314
6322,-3.75,20.51806640625,43696911262.93606
6323,0.0,20.51806640625,43973255804.339035
6324,-11.25,20.528173828125,30837193408.93347
6325,-7.5,20.528173828125,38453325505.24851
6326,-11.25,20.53828125,30808083925.948185
6327,-7.5,20.53828125,38397252004.24847
6328,-3.75,20.528173828125,43619386307.92016
6329,0.0,20.528173828125,43885304523.30501
6330,-3.75,20.53828125,43541861352.90422
6331,0.0,20.53828125,43797353242.270966
6332,-116.25,20.548388671875,0.0
6333,-120.0,20.548388671875,0.0
6334,-112.5,20.548388671875,0.0
6335,-108.75,20.548388671875,0.0
6336,-105.0,20.548388671875,0.0
6337,-101.25,20.548388671875,0.0
6338,-97.5,20.548388671875,0.0
6339,-93.75,20.548388671875,0.0
6340,-90.0,20.548388671875,0.0
6341,-116.25,20.55849609375,0.0
6342,-120.0,20.55849609375,0.0
6343,-112.5,20.55849609375,0.0
6344,-108.75,20.55849609375,0.0
6345,-105.0,20.55849609375,0.0
6346,-101.25,20.55849609375,0.0
6347,-97.5,20.55849609375,0.0
6348,-93.75,20.55849609375,0.0
6349,-90.0,20.55849609375,0.0
6350,-86.25,20.548388671875,0.0
6351,-82.5,20.548388671875,0.0
6352,-78.75,20.548388671875,0.0
6353,-75.0,20.548388671875,0.0
6354,-71.25,20.548388671875,0.0
6355,-67.5,20.548388671875,0.0
6356,-63.75,20.548388671875,0.0
6357,-60.0,20.548388671875,0.0
6358,-86.25,20.55849609375,0.0
6359,-82.5,20.55849609375,0.0
6360,-78.75,20.55849609375,0.0
6361,-75.0,20.55849609375,0.0
6362,-71.25,20.55849609375,0.0
6363,-67.5,20.55849609375,0.0
6364,-63.75,20.55849609375,0.0
6365,-60.0,20.55849609375,0.0
6366,-116.25,20.568603515625,0.0
6367,-120.0,20.568603515625,0.0
6368,-112.5,20.568603515625,0.0
6369,-108.75,20.568603515625,0.0
6370,-105.0,20.568603515625,0.0
6371,-101.25,20.568603515625,0.0
6372,-97.5,20.568603515625,0.0
6373,-93.75,20.568603515625,0.0
6374,-90.0,20.568603515625,0.0
6375,-116.25,20.5787109375,0.0
6376,-120.0,20.5787109375,0.0
6377,-112.5,20.5787109375,0.0
6378,-108.75,20.5787109375,0.0
6379,-105.0,20.5787109375,0.0
6380,-101.25,20.5787109375,0.0
6381,-97.5,20.5787109375,0.0
6382,-93.75,20.5787109375,0.0
6383,-90.0,20.5787109375,0.0
6384,-86.25,20.568603515625,0.0
6385,-82.5,20.568603515625,0.0
6386,-78.75,20.568603515625,0.0
6387,-75.0,20.568603515625,0.0
6388,-71.25,20.568603515625,0.0
6389,-67.5,20.568603515625,0.0
6390,-63.75,20.568603515625,0.0
6391,-60.0,20.568603515625,0.0
6392,-86.25,20.5787109375,0.0
6393,-82.5,20.5787109375,0.0
6394,-78.75,20.5787109375,0.0
6395,-75.0,20.5787109375,0.0
6396,-71.25,20.5787109375,0.0
6397,-67.5,20.5787109375,0.0
6398,-63.75,20.5787109375,0.0
6399,-60.0,20.5787109375,0.0
6400,-116.25,20.588818359375,0.0
6401,-120.0,20.588818359375,0.0
6402,-112.5,20.588818359375,0.0
6403,-108.75,20.588818359375,0.0
6404,-105.0,20.588818359375,0.0
6405,-101.25,20.588818359375,0.0
6406,-97.5,20.588818359375,0.0
6407,-93.75,20.588818359375,0.0
6408,-90.0,20.588818359375,0.0
6409,-116.25,20.59892578125,0.0
6410,-120.0,20.59892578125,0.0
6411,-112.5,20.59892578125,0.0
6412,-108.75,20.59892578125,0.0
6413,-105.0,20.59892578125,0.0
6414,-101.25,20.59892578125,0.0
6415,-97.5,20.59892578125,0.0
6416,-93.75,20.59892578125,0.0
6417,-90.0,20.59892578125,0.0
6418,-86.25,20.588818359375,0.0
6419,-82.5,20.588818359375,0.0
6420,-78.75,20.588818359375,0.0
6421,-75.0,20.588818359375,0.0
6422,-71.25,20.588818359375,0.0
6423,-67.5,20.588818359375,0.0
6424,-63.75,20.588818359375,0.0
6425,-60.0,20.588818359375,0.0
6426,-86.25,20.59892578125,0.0
6427,-82.5,20.59892578125,0.0
6428,-78.75,20.59892578125,0.0
6429,-75.0,20.59892578125,0.0
6430,-71.25,20.59892578125,0.0
6431,-67.5,20.59892578125,0.0
6432,-63.75,20.59892578125,0.0
6433,-60.0,20.59892578125,0.0
6434,-116.25,20.609033203125,0.0
6435,-120.0,20.609033203125,0.0
6436,-112.5,20.609033203125,0.0
6437,-108.75,20.609033203125,0.0
6438,-105.0,20.609033203125,0.0
6439,-101.25,20.609033203125,0.0
6440,-97.5,20.609033203125,0.0
6441,-93.75,20.609033203125,0.0
6442,-90.0,20.609033203125,0.0
6443,-116.25,20.619140625,0.0
6444,-120.0,20.619140625,0.0
6445,-112.5,20.619140625,0.0
6446,-108.75,20.619140625,0.0
6447,-105.0,20.619140625,0.0
6448,-101.25,20.619140625,0.0
6449,-97.5,20.619140625,0.0
6450,-93.75,20.619140625,0.0
6451,-90.0,20.619140625,0.0
6452,-86.25,20.609033203125,0.0
6453,-82.5,20.609033203125,0.0
6454,-78.75,20.609033203125,0.0
6455,-75.0,20.609033203125,0.0
6456,-71.25,20.609033203125,0.0
6457,-67.5,20.609033203125,0.0
6458,-63.75,20.609033203125,0.0
6459,-60.0,20.609033203125,0.0
6460,-86.25,20.619140625,0.0
6461,-82.5,20.619140625,0.0
6462,-78.75,20.619140625,0.0
6463,-75.0,20.619140625,0.0
6464,-71.25,20.619140625,0.0
6465,-67.5,20.619140625,0.0
6466,-63.75,20.619140625,0.0
6467,-60.0,20.619140625,0.0
6468,-56.25,20.548388671875,0.0
6469,-52.5,20.548388671875,28002532.12757597
6470,-48.75,20.548388671875,70006330.31893992
6471,-45.0,20.548388671875,112010128.51030388
6472,-41.25,20.548388671875,794199770.7318035
6473,-37.5,20.548388671875,1476389412.953303
6474,-33.75,20.548388671875,2787907523.3671393
6475,-30.0,20.548388671875,5358082570.16565
6476,-56.25,20.55849609375,0.0
6477,-52.5,20.55849609375,28417961.609669287
6478,-48.75,20.55849609375,71044904.02417323
6479,-45.0,20.55849609375,113671846.43867715
6480,-41.25,20.55849609375,797385918.494983
6481,-37.5,20.55849609375,1481099990.5512888
6482,-33.75,20.55849609375,2790822860.929701
6483,-30.0,20.55849609375,5352563327.952327
6484,-56.25,20.568603515625,0.0
6485,-52.5,20.568603515625,28833391.091762453
6486,-48.75,20.568603515625,72083477.72940613
6487,-45.0,20.568603515625,115333564.36704981
6488,-41.25,20.568603515625,800572066.2581615
6489,-37.5,20.568603515625,1485810568.1492734
6490,-33.75,20.568603515625,2793738198.492262
6491,-30.0,20.568603515625,5347044085.739005
6492,-56.25,20.5787109375,0.0
6493,-52.5,20.5787109375,29248820.573855624
6494,-48.75,20.5787109375,73122051.43463907
6495,-45.0,20.5787109375,116995282.2954225
6496,-41.25,20.5787109375,803758214.0213401
6497,-37.5,20.5787109375,1490521145.7472577
6498,-33.75,20.5787109375,2796653536.0548234
6499,-30.0,20.5787109375,5341524843.525683
6500,-56.25,20.588818359375,0.0
6501,-52.5,20.588818359375,29664250.055948935
6502,-48.75,20.588818359375,74160625.13987234
6503,-45.0,20.588818359375,118657000.22379574
6504,-41.25,20.588818359375,806944361.7845197
6505,-37.5,20.588818359375,1495231723.3452435
6506,-33.75,20.588818359375,2799568873.6173844
6507,-30.0,20.588818359375,5336005601.312359
6508,-56.25,20.59892578125,0.0
6509,-52.5,20.59892578125,30079679.538042102
6510,-48.75,20.59892578125,75199198.84510526
6511,-45.0,20.59892578125,120318718.15216841
6512,-41.25,20.59892578125,810130509.5476981
6513,-37.5,20.59892578125,1499942300.9432278
6514,-33.75,20.59892578125,2802484211.179945
6515,-30.0,20.59892578125,5330486359.099037
6516,-56.25,20.609033203125,0.0
6517,-52.5,20.609033203125,30495109.020135418
6518,-48.75,20.609033203125,76237772.55033854
6519,-45.0,20.609033203125,121980436.08054167
6520,-41.25,20.609033203125,813316657.3108778
6521,-37.5,20.609033203125,1504652878.5412138
6522,-33.75,20.609033203125,2805399548.742507
6523,-30.0,20.609033203125,5324967116.885714
6524,-56.25,20.619140625,0.0
6525,-52.5,20.619140625,30910538.502228584
6526,-48.75,20.619140625,77276346.25557145
6527,-45.0,20.619140625,123642154.00891434
6528,-41.25,20.619140625,816502805.0740561
6529,-37.5,20.619140625,1509363456.139198
6530,-33.75,20.619140625,2808314886.3050675
6531,-30.0,20.619140625,5319447874.672392
6532,-26.25,20.548388671875,7928257616.964161
6533,-22.5,20.548388671875,12392929570.092094
6534,-18.75,20.548388671875,17804849976.384743
6535,-15.0,20.548388671875,23216770382.677387
6536,-26.25,20.55849609375,7914303794.974952
6537,-22.5,20.55849609375,12379819192.413588
6538,-18.75,20.55849609375,17797222055.06023
6539,-15.0,20.55849609375,23214624917.70687
6540,-26.25,20.568603515625,7900349972.985747
6541,-22.5,20.568603515625,12366708814.735086
6542,-18.75,20.568603515625,17789594133.735725
6543,-15.0,20.568603515625,23212479452.73636
6544,-26.25,20.5787109375,7886396150.996544
6545,-22.5,20.5787109375,12353598437.056583
6546,-18.75,20.5787109375,17781966212.411213
6547,-15.0,20.5787109375,23210333987.765846
6548,-26.25,20.588818359375,7872442329.007334
6549,-22.5,20.588818359375,12340488059.378077
6550,-18.75,20.588818359375,17774338291.0867
6551,-15.0,20.588818359375,23208188522.795326
6552,-26.25,20.59892578125,7858488507.018129
6553,-22.5,20.59892578125,12327377681.699574
6554,-18.75,20.59892578125,17766710369.76219
6555,-15.0,20.59892578125,23206043057.824814
6556,-26.25,20.609033203125,7844534685.028921
6557,-22.5,20.609033203125,12314267304.021069
6558,-18.75,20.609033203125,17759082448.437683
6559,-15.0,20.609033203125,23203897592.854298
6560,-26.25,20.619140625,7830580863.039717
6561,-22.5,20.619140625,12301156926.342564
6562,-18.75,20.619140625,17751454527.113174
6563,-15.0,20.619140625,23201752127.88378
6564,-11.25,20.548388671875,30778974442.96291
6565,-7.5,20.548388671875,38341178503.24843
6566,-11.25,20.55849609375,30749864959.977623
6567,-7.5,20.55849609375,38285105002.248375
6568,-3.75,20.548388671875,43464336397.88832
6569,0.0,20.548388671875,43709401961.236946
6570,-3.75,20.55849609375,43386811442.87239
6571,0.0,20.55849609375,43621450680.20289
6572,-11.25,20.568603515625,30720755476.992355
6573,-7.5,20.568603515625,38229031501.24835
6574,-11.25,20.5787109375,30691645994.007084
6575,-7.5,20.5787109375,38172958000.24832
6576,-3.75,20.568603515625,43309286487.856476
6577,0.0,20.568603515625,43533499399.16888
6578,-3.75,20.5787109375,43231761532.840576
6579,0.0,20.5787109375,43445548118.134865
6580,-11.25,20.588818359375,30662536511.021797
6581,-7.5,20.588818359375,38116884499.24827
6582,-11.25,20.59892578125,30633427028.036526
6583,-7.5,20.59892578125,38060810998.24824
6584,-3.75,20.588818359375,43154236577.824646
6585,0.0,20.588818359375,43357596837.100815
6586,-3.75,20.59892578125,43076711622.80873
6587,0.0,20.59892578125,43269645556.066795
6588,-11.25,20.609033203125,30604317545.051247
6589,-7.5,20.609033203125,38004737497.24819
6590,-11.25,20.619140625,30575208062.06597
6591,-7.5,20.619140625,37948663996.24816
6592,-3.75,20.609033203125,42999186667.7928
6593,0.0,20.609033203125,43181694275.032745
6594,-3.75,20.619140625,42921661712.77689
6595,0.0,20.619140625,43093742993.998726
6596,-116.25,20.629248046875,0.0
6597,-120.0,20.629248046875,0.0
6598,-112.5,20.629248046875,0.0
6599,-108.75,20.629248046875,0.0
6600,-105.0,20.629248046875,0.0
6601,-101.25,20.629248046875,0.0
6602,-97.5,20.629248046875,0.0
6603,-93.75,20.629248046875,0.0
6604,-90.0,20.629248046875,0.0
6605,-116.25,20.63935546875,0.0
6606,-120.0,20.63935546875,0.0
6607,-112.5,20.63935546875,0.0
6608,-108.75,20.63935546875,0.0
6609,-105.0,20.63935546875,0.0
6610,-101.25,20.63935546875,0.0
6611,-97.5,20.63935546875,0.0
6612,-93.75,20.63935546875,0.0
6613,-90.0,20.63935546875,0.0
6614,-86.25,20.629248046875,0.0
6615,-82.5,20.629248046875,0.0
6616,-78.75,20.629248046875,0.0
6617,-75.0,20.629248046875,0.0
6618,-71.25,20.629248046875,0.0
6619,-67.5,20.629248046875,0.0
6620,-63.75,20.629248046875,0.0
6621,-60.0,20.629248046875,0.0
6622,-86.25,20.63935546875,0.0
6623,-82.5,20.63935546875,0.0
6624,-78.75,20.63935546875,0.0
6625,-75.0,20.63935546875,0.0
6626,-71.25,20.63935546875,0.0
6627,-67.5,20.63935546875,0.0
6628,-63.75,20.63935546875,0.0
6629,-60.0,20.63935546875,0.0
6630,-116.25,20.649462890625,0.0
6631,-120.0,20.649462890625,0.0
6632,-112.5,20.649462890625,0.0
6633,-108.75,20.649462890625,0.0
6634,-105.0,20.649462890625,0.0
6635,-101.25,20.649462890625,0.0
6636,-97.5,20.649462890625,0.0
6637,-93.75,20.649462890625,0.0
6638,-90.0,20.649462890625,0.0
6639,-116.25,20.6595703125,0.0
6640,-120.0,20.6595703125,0.0
6641,-112.5,20.6595703125,0.0
6642,-108.75,20.6595703125,0.0
6643,-105.0,20.6595703125,0.0
6644,-101.25,20.6595703125,0.0
6645,-97.5,20.6595703125,0.0
6646,-93.75,20.6595703125,0.0
6647,-90.0,20.6595703125,0.0
6648,-86.25,20.649462890625,0.0
6649,-82.5,20.649462890625,0.0
6650,-78.75,20.649462890625,0.0
6651,-75.0,20.649462890625,0.0
6652,-71.25,20.649462890625,0.0
6653,-67.5,20.649462890625,0.0
6654,-63.75,20.649462890625,0.0
6655,-60.0,20.649462890625,0.0
6656,-86.25,20.6595703125,0.0
6657,-82.5,20.6595703125,0.0
6658,-78.75,20.6595703125,0.0
6659,-75.0,20.6595703125,0.0
6660,-71.25,20.6595703125,0.0
6661,-67.5,20.6595703125,0.0
6662,-63.75,20.6595703125,0.0
6663,-60.0,20.6595703125,0.0
6664,-56.25,20.629248046875,0.0
6665,-52.5,20.629248046875,31325967.98432175
6666,-48.75,20.629248046875,78314919.96080437
6667,-45.0,20.629248046875,125303871.937287
6668,-41.25,20.629248046875,819688952.8372346
6669,-37.5,20.629248046875,1514074033.7371821
6670,-33.75,20.629248046875,2811230223.867628
6671,-30.0,20.629248046875,5313928632.45907
6672,-56.25,20.63935546875,0.0
6673,-52.5,20.63935546875,31741397.466415063
6674,-48.75,20.63935546875,79353493.66603766
6675,-45.0,20.63935546875,126965589.86566025
6676,-41.25,20.63935546875,822875100.6004142
6677,-37.5,20.63935546875,1518784611.3351681
6678,-33.75,20.63935546875,2814145561.4301896
6679,-30.0,20.63935546875,5308409390.245747
6680,-56.25,20.649462890625,0.0
6681,-52.5,20.649462890625,32156826.948508233
6682,-48.75,20.649462890625,80392067.37127057
6683,-45.0,20.649462890625,128627307.79403293
6684,-41.25,20.649462890625,826061248.3635926
6685,-37.5,20.649462890625,1523495188.9331524
6686,-33.75,20.649462890625,2817060898.99275
6687,-30.0,20.649462890625,5302890148.032425
6688,-56.25,20.6595703125,0.0
6689,-52.5,20.6595703125,32572256.430601545
6690,-48.75,20.6595703125,81430641.07650387
6691,-45.0,20.6595703125,130289025.72240618
6692,-41.25,20.6595703125,829247396.1267723
6693,-37.5,20.6595703125,1528205766.5311384
6694,-33.75,20.6595703125,2819976236.555312
6695,-30.0,20.6595703125,5297370905.819101
6696,-26.25,20.629248046875,7816627041.050512
6697,-22.5,20.629248046875,12288046548.66406
6698,-18.75,20.629248046875,17743826605.788666
6699,-15.0,20.629248046875,23199606662.913265
6700,-26.25,20.63935546875,7802673219.061303
6701,-22.5,20.63935546875,12274936170.985554
6702,-18.75,20.63935546875,17736198684.464153
6703,-15.0,20.63935546875,23197461197.94275
6704,-26.25,20.649462890625,7788719397.072099
6705,-22.5,20.649462890625,12261825793.30705
6706,-18.75,20.649462890625,17728570763.13964
6707,-15.0,20.649462890625,23195315732.972237
6708,-26.25,20.6595703125,7774765575.0828905
6709,-22.5,20.6595703125,12248715415.628544
6710,-18.75,20.6595703125,17720942841.815132
6711,-15.0,20.6595703125,23193170268.00172
6712,-11.25,20.629248046875,30546098579.080704
6713,-7.5,20.629248046875,37892590495.24814
6714,-11.25,20.63935546875,30516989096.09542
6715,-7.5,20.63935546875,37836516994.24808
6716,-3.75,20.629248046875,42844136757.760994
6717,0.0,20.629248046875,43005791712.96471
6718,-3.75,20.63935546875,42766611802.74506
6719,0.0,20.63935546875,42917840431.930664
6720,-11.25,20.649462890625,30487879613.11014
6721,-7.5,20.649462890625,37780443493.248055
6722,-11.25,20.6595703125,30458770130.124863
6723,-7.5,20.6595703125,37724369992.248
6724,-3.75,20.649462890625,42689086847.72915
6725,0.0,20.649462890625,42829889150.896645
6726,-3.75,20.6595703125,42611561892.71322
6727,0.0,20.6595703125,42741937869.862595
6728,-116.25,20.669677734375,0.0
6729,-120.0,20.669677734375,0.0
6730,-112.5,20.669677734375,0.0
6731,-108.75,20.669677734375,0.0
6732,-105.0,20.669677734375,0.0
6733,-101.25,20.669677734375,0.0
6734,-97.5,20.669677734375,0.0
6735,-93.75,20.669677734375,0.0
6736,-90.0,20.669677734375,0.0
6737,-116.25,20.67978515625,0.0
6738,-120.0,20.67978515625,0.0
6739,-112.5,20.67978515625,0.0
6740,-108.75,20.67978515625,0.0
6741,-105.0,20.67978515625,0.0
6742,-101.25,20.67978515625,0.0
6743,-97.5,20.67978515625,0.0
6744,-93.75,20.67978515625,0.0
6745,-90.0,20.67978515625,0.0
6746,-86.25,20.669677734375,0.0
6747,-82.5,20.669677734375,0.0
6748,-78.75,20.669677734375,0.0
6749,-75.0,20.669677734375,0.0
6750,-71.25,20.669677734375,0.0
6751,-67.5,20.669677734375,0.0
6752,-63.75,20.669677734375,0.0
6753,-60.0,20.669677734375,0.0
6754,-86.25,20.67978515625,0.0
6755,-82.5,20.67978515625,0.0
6756,-78.75,20.67978515625,0.0
6757,-75.0,20.67978515625,0.0
6758,-71.25,20.67978515625,0.0
6759,-67.5,20.67978515625,0.0
6760,-63.75,20.67978515625,0.0
6761,-60.0,20.67978515625,0.0
6762,-56.25,20.669677734375,0.0
6763,-52.5,20.669677734375,32987685.912694715
6764,-48.75,20.669677734375,82469214.78173679
6765,-45.0,20.669677734375,131950743.65077886
6766,-41.25,20.669677734375,832433543.8899508
6767,-37.5,20.669677734375,1532916344.1291225
6768,-33.75,20.669677734375,2822891574.1178727
6769,-30.0,20.669677734375,5291851663.60578
6770,-56.25,20.67978515625,0.0
6771,-52.5,20.67978515625,33403115.394787878
6772,-48.75,20.67978515625,83507788.4869697
6773,-45.0,20.67978515625,133612461.57915151
6774,-41.25,20.67978515625,835619691.6531292
6775,-37.5,20.67978515625,1537626921.7271068
6776,-33.75,20.67978515625,2825806911.6804333
6777,-30.0,20.67978515625,5286332421.392458
6778,-26.25,20.669677734375,7760811753.093686
6779,-22.5,20.669677734375,12235605037.95004
6780,-18.75,20.669677734375,17713314920.490623
6781,-15.0,20.669677734375,23191024803.031204
6782,-26.25,20.67978515625,7746857931.104481
6783,-22.5,20.67978515625,12222494660.27154
6784,-18.75,20.67978515625,17705686999.166115
6785,-15.0,20.67978515625,23188879338.06069
6786,-11.25,20.669677734375,30429660647.139587
6787,-7.5,20.669677734375,37668296491.24797
6788,-11.25,20.67978515625,30400551164.154316
6789,-7.5,20.67978515625,37612222990.24794
6790,-3.75,20.669677734375,42534036937.69732
6791,0.0,20.669677734375,42653986588.82858
6792,-3.75,20.67978515625,42456511982.68141
6793,0.0,20.67978515625,42566035307.794556
6794,-116.25,20.689892578125,0.0
6795,-120.0,20.689892578125,0.0
6796,-112.5,20.689892578125,0.0
6797,-108.75,20.689892578125,0.0
6798,-105.0,20.689892578125,0.0
6799,-101.25,20.689892578125,0.0
6800,-97.5,20.689892578125,0.0
6801,-93.75,20.689892578125,0.0
6802,-90.0,20.689892578125,0.0
6803,-116.25,20.7,0.0
6804,-112.5,20.7,0.0
6805,-108.75,20.7,0.0
6806,-105.0,20.7,0.0
6807,-101.25,20.7,0.0
6808,-97.5,20.7,0.0
6809,-93.75,20.7,0.0
6810,-90.0,20.7,0.0
6811,-86.25,20.689892578125,0.0
6812,-82.5,20.689892578125,0.0
6813,-78.75,20.689892578125,0.0
6814,-75.0,20.689892578125,0.0
6815,-71.25,20.689892578125,0.0
6816,-67.5,20.689892578125,0.0
6817,-63.75,20.689892578125,0.0
6818,-60.0,20.689892578125,0.0
6819,-86.25,20.7,0.0
6820,-82.5,20.7,0.0
6821,-78.75,20.7,0.0
6822,-75.0,20.7,0.0
6823,-71.25,20.7,0.0
6824,-67.5,20.7,0.0
6825,-63.75,20.7,0.0
6826,-60.0,20.7,0.0
6827,-56.25,20.689892578125,0.0
6828,-52.5,20.689892578125,33818544.87688119
6829,-48.75,20.689892578125,84546362.19220299
6830,-45.0,20.689892578125,135274179.50752476
6831,-41.25,20.689892578125,838805839.4163086
6832,-37.5,20.689892578125,1542337499.3250926
6833,-33.75,20.689892578125,2828722249.242995
6834,-30.0,20.689892578125,5280813179.179133
6835,-56.25,20.7,0.0
6836,-52.5,20.7,34233974.35897436
6837,-48.75,20.7,85584935.8974359
6838,-45.0,20.7,136935897.43589744
6839,-41.25,20.7,841991987.1794872
6840,-37.5,20.7,1547048076.923077
6841,-33.75,20.7,2831637586.8055553
6842,-30.0,20.7,5275293936.965812
6843,-26.25,20.689892578125,7732904109.115272
6844,-22.5,20.689892578125,12209384282.593033
6845,-18.75,20.689892578125,17698059077.841602
6846,-15.0,20.689892578125,23186733873.090176
6847,-26.25,20.7,7718950287.126068
6848,-22.5,20.7,12196273904.91453
6849,-18.75,20.7,17690431156.517094
6850,-15.0,20.7,23184588408.11966
6851,-11.25,20.689892578125,30371441681.169033
6852,-7.5,20.689892578125,37556149489.247894
6853,-11.25,20.7,30342332198.18376
6854,-7.5,20.7,37500075988.24786
6855,-3.75,20.689892578125,42378987027.665474
6856,0.0,20.689892578125,42478084026.76051
6857,-3.75,20.7,42301462072.649574
6858,0.0,20.7,42390132745.726494
6859,3.75,0.010107421875,0.0
6860,3.75,-0.0,0.0
6861,3.75,0.02021484375,0.0
6862,7.5,0.010107421875,0.0
6863,7.5,-0.0,0.0
6864,7.5,0.02021484375,0.0
6865,3.75,0.030322265625,0.0
6866,3.75,0.0404296875,0.0
6867,7.5,0.030322265625,0.0
6868,7.5,0.0404296875,0.0
6869,3.75,0.050537109375,0.0
6870,3.75,0.06064453124999999,0.0
6871,7.5,0.050537109375,0.0
6872,7.5,0.06064453124999999,0.0
6873,3.75,0.07075195312499999,0.0
6874,3.75,0.080859375,0.0
6875,7.5,0.07075195312499999,0.0
6876,7.5,0.080859375,0.0
6877,3.75,0.090966796875,0.0
6878,7.5,0.090966796875,0.0
6879,3.75,0.0960205078125,0.0
6880,3.75,0.10107421875,45601063882.30609
6881,7.5,0.0960205078125,0.0
6882,7.5,0.10107421875,37829450185.95508
6883,3.75,0.1061279296875,45391961256.27583
6884,3.75,0.111181640625,45182858630.24557
6885,7.5,0.1061279296875,37620131207.2053
6886,7.5,0.111181640625,37410812228.455505
6887,3.75,0.1162353515625,44973756004.2153
6888,3.75,0.1212890625,44764653378.18504
6889,7.5,0.1162353515625,37201493249.70571
6890,7.5,0.1212890625,36992174270.955925
6891,3.75,0.1263427734375,44555550752.154785
6892,3.75,0.131396484375,44346448126.12453
6893,7.5,0.1263427734375,36782855292.20614
6894,7.5,0.131396484375,36573536313.45635
6895,3.75,0.1364501953125,44137345500.09426
6896,3.75,0.14150390625,43928242874.064
6897,7.5,0.1364501953125,36364217334.70656
6898,7.5,0.14150390625,36154898355.95677
6899,3.75,0.1465576171875,43719140248.03374
6900,3.75,0.151611328125,43510037622.00348
6901,7.5,0.1465576171875,35945579377.20698
6902,7.5,0.151611328125,35736260398.4572
6903,3.75,0.1566650390625,43300934995.97321
6904,3.75,0.16171875,43091832369.94295
6905,7.5,0.1566650390625,35526941419.707405
6906,7.5,0.16171875,35317622440.95761
6907,3.75,0.1667724609375,42882729743.9127
6908,3.75,0.171826171875,42673627117.88242
6909,7.5,0.1667724609375,35108303462.207825
6910,7.5,0.171826171875,34898984483.458046
6911,3.75,0.1768798828125,42464524491.852165
6912,3.75,0.18193359375,42255421865.82191
6913,7.5,0.1768798828125,34689665504.70825
6914,7.5,0.18193359375,34480346525.958466
6915,3.75,0.1869873046875,42046319239.79164
6916,3.75,0.192041015625,41837216613.76138
6917,7.5,0.1869873046875,34271027547.208675
6918,7.5,0.192041015625,34061708568.45888
6919,3.75,0.1970947265625,41628113987.73111
6920,3.75,0.2,41507905231.704056
6921,3.75,0.2021484375,41419011361.70086
6922,7.5,0.1970947265625,33852389589.709095
6923,7.5,0.2,33732056456.997864
6924,7.5,0.2021484375,33643070610.95931
6925,3.75,0.2072021484375,41209908735.67059
6926,3.75,0.212255859375,41000806109.640335
6927,7.5,0.2072021484375,33433751632.20952
6928,7.5,0.212255859375,33224432653.45973
6929,3.75,0.2173095703125,40791703483.61008
6930,3.75,0.22236328125,40582600857.57981
6931,7.5,0.2173095703125,33015113674.709938
6932,7.5,0.22236328125,32805794695.96015
6933,3.75,0.2274169921875,40373498231.549545
6934,3.75,0.232470703125,40164395605.51929
6935,7.5,0.2274169921875,32596475717.210358
6936,7.5,0.232470703125,32387156738.460575
6937,3.75,0.2375244140625,39955292979.48903
6938,3.75,0.242578125,39746190353.45876
6939,7.5,0.2375244140625,32177837759.71078
6940,7.5,0.242578125,31968518780.961
6941,3.75,0.2476318359375,39537087727.428505
6942,3.75,0.252685546875,39327985101.39824
6943,7.5,0.2476318359375,31759199802.21121
6944,7.5,0.252685546875,31549880823.461422
6945,3.75,0.2577392578125,39118882475.36798
6946,3.75,0.26279296875,38909779849.337715
6947,7.5,0.2577392578125,31340561844.71163
6948,7.5,0.26279296875,31131242865.961845
6949,3.75,0.2678466796875,38700677223.30746
6950,3.75,0.2729003906249999,38491574597.2772
6951,7.5,0.2678466796875,30921923887.21205
6952,7.5,0.2729003906249999,30712604908.462265
6953,3.75,0.2779541015624999,38282471971.24694
6954,3.75,0.2830078125,38073369345.21667
6955,7.5,0.2779541015624999,30503285929.712482
6956,7.5,0.2830078125,30293966950.962685
6957,3.75,0.2880615234375,37864266719.18641
6958,3.75,0.293115234375,37655164093.15614
6959,7.5,0.2880615234375,30084647972.2129
6960,7.5,0.293115234375,29875328993.463108
6961,3.75,0.2981689453125,37446061467.125885
6962,3.75,0.30322265625,37366392966.21339
6963,7.5,0.2981689453125,29666010014.713318
6964,7.5,0.30322265625,29581467418.40982
6965,3.75,0.313330078125,37354140197.47677
6966,7.5,0.313330078125,29554173569.49178
6967,3.75,0.3234375,37341887428.74015
6968,7.5,0.3234375,29526879720.573753
6969,3.75,0.34365234375,37317381891.26691
6970,7.5,0.34365234375,29472292022.737682
6971,3.75,0.3638671875,37292876353.79367
6972,7.5,0.3638671875,29417704324.90161
6973,3.75,0.404296875,37243865278.8472
6974,7.5,0.404296875,29308528929.229473
6975,3.75,0.48515625,37145843128.95424
6976,7.5,0.48515625,29090178137.8852
6977,3.75,0.646875,36891087102.38465
6978,7.5,0.646875,28981596001.519096
6979,3.75,0.9703124999999999,38277715322.64123
6980,7.5,0.9703124999999999,29975552448.2401
6981,3.75,1.29375,40469671215.61164
6982,7.5,1.29375,32025006088.700253
6983,3.75,1.6171875,40247124113.686066
6984,3.75,1.940625,40095120008.15889
6985,7.5,1.6171875,31681089831.490803
6986,7.5,1.940625,31602094382.887623
6987,3.75,2.2640625,41827000074.07686
6988,3.75,2.5875,42594802442.24092
6989,7.5,2.2640625,33035279135.83609
6990,7.5,2.5875,33851068574.71955
6991,3.75,2.9109375,44564448179.32651
6992,3.75,3.234375,44952300266.363686
6993,7.5,2.9109375,35475984260.85904
6994,7.5,3.234375,35646095199.81972
6995,3.75,3.5578125,47165075492.11551
6996,3.75,3.88125,47734824678.965515
6997,7.5,3.5578125,37490029601.00744
6998,7.5,3.88125,37915083719.36765
6999,3.75,4.204687499999999,48365991161.326866
7000,3.75,4.528124999999999,48834301055.17787
7001,7.5,4.204687499999999,38545253908.85834
7002,7.5,4.528124999999999,39028539839.78532
7003,3.75,4.8515625,50646139288.069244
7004,3.75,5.175,50250225065.93884
7005,7.5,4.8515625,40624769250.592606
7006,7.5,5.175,40278406488.71527
7007,3.75,5.4984375,50607627396.5428
7008,3.75,5.821875,53256305685.45089
7009,7.5,5.4984375,40409949723.25513
7010,7.5,5.821875,42745942438.10931
7011,3.75,6.1453125,53289651236.24883
7012,3.75,6.46875,53040160105.126526
7013,7.5,6.1453125,42852128412.75207
7014,7.5,6.46875,42675976341.31277
7015,3.75,6.7921875,54001412411.68161
7016,3.75,7.115625,55743292339.6184
7017,7.5,6.7921875,43693161018.04554
7018,7.5,7.115625,45178765736.741295
7019,3.75,7.439062499999999,55896340200.310074
7020,3.75,7.762499999999999,57307760817.30769
7021,7.5,7.439062499999999,45173613865.20517
7022,7.5,7.762499999999999,46572927542.401184
7023,3.75,8.0859375,56426280690.45889
7024,3.75,8.409374999999999,56477582365.639175
7025,7.5,8.0859375,45721570119.0655
7026,7.5,8.409374999999999,45778724055.36357
7027,3.75,8.732812499999998,55421159063.35553
7028,3.75,9.056249999999999,57319702630.458725
7029,7.5,8.732812499999998,45004477585.12577
7030,7.5,9.056249999999999,46867188316.09741
7031,3.75,9.3796875,58101194139.5295
7032,3.75,9.703125,56766505506.205765
7033,7.5,9.3796875,47555392798.060234
7034,7.5,9.703125,46497553829.04314
7035,3.75,10.0265625,56684357906.76541
7036,3.75,10.35,56599265099.15866
7037,7.5,10.0265625,46775823118.50002
7038,7.5,10.35,46502764005.742516
7039,11.25,0.010107421875,0.0
7040,11.25,-0.0,0.0
7041,11.25,0.02021484375,0.0
7042,15.0,0.010107421875,0.0
7043,15.0,-0.0,0.0
7044,15.0,0.02021484375,0.0
7045,11.25,0.030322265625,0.0
7046,11.25,0.0404296875,0.0
7047,15.0,0.030322265625,0.0
7048,15.0,0.0404296875,0.0
7049,11.25,0.050537109375,0.0
7050,11.25,0.06064453124999999,0.0
7051,15.0,0.050537109375,0.0
7052,15.0,0.06064453124999999,0.0
7053,11.25,0.07075195312499999,0.0
7054,11.25,0.080859375,0.0
7055,15.0,0.07075195312499999,0.0
7056,15.0,0.080859375,0.0
7057,11.25,0.090966796875,0.0
7058,15.0,0.090966796875,0.0
7059,11.25,0.0960205078125,0.0
7060,11.25,0.10107421875,20834241695.387753
7061,15.0,0.0960205078125,0.0
7062,15.0,0.10107421875,3839033204.8204207
7063,11.25,0.1061279296875,20735448637.76264
7064,11.25,0.111181640625,20636655580.13753
7065,15.0,0.1061279296875,3850766068.3199887
7066,15.0,0.111181640625,3862498931.819557
7067,11.25,0.1162353515625,20537862522.512417
7068,11.25,0.1212890625,20439069464.887314
7069,15.0,0.1162353515625,3874231795.319125
7070,15.0,0.1212890625,3885964658.818693
7071,11.25,0.1263427734375,20340276407.2622
7072,11.25,0.131396484375,20241483349.63709
7073,15.0,0.1263427734375,3897697522.318261
7074,15.0,0.131396484375,3909430385.817829
7075,11.25,0.1364501953125,20142690292.01198
7076,11.25,0.14150390625,20043897234.386868
7077,15.0,0.1364501953125,3921163249.317397
7078,15.0,0.14150390625,3932896112.8169656
7079,11.25,0.1465576171875,19945104176.761757
7080,11.25,0.151611328125,19846311119.13665
7081,15.0,0.1465576171875,3944628976.316533
7082,15.0,0.151611328125,3956361839.8161016
7083,11.25,0.1566650390625,19747518061.51154
7084,11.25,0.16171875,19648725003.886425
7085,15.0,0.1566650390625,3968094703.31567
7086,15.0,0.16171875,3979827566.815237
7087,11.25,0.1667724609375,19549931946.26132
7088,11.25,0.171826171875,19451138888.636204
7089,15.0,0.1667724609375,3991560430.314806
7090,15.0,0.171826171875,4003293293.814373
7091,11.25,0.1768798828125,19352345831.011097
7092,11.25,0.18193359375,19253552773.385986
7093,15.0,0.1768798828125,4015026157.313942
7094,15.0,0.18193359375,4026759020.81351
7095,11.25,0.1869873046875,19154759715.760876
7096,11.25,0.192041015625,19055966658.135765
7097,15.0,0.1869873046875,4038491884.3130774
7098,15.0,0.192041015625,4050224747.812646
7099,11.25,0.1970947265625,18957173600.51065
7100,11.25,0.2,18900379523.904915
7101,11.25,0.2021484375,18858380542.885544
7102,15.0,0.1970947265625,4061957611.3122134
7103,15.0,0.2,4068702590.8119655
7104,15.0,0.2021484375,4073690474.811782
7105,11.25,0.2072021484375,18759587485.260433
7106,11.25,0.212255859375,18660794427.635323
7107,15.0,0.2072021484375,4085423338.31135
7108,15.0,0.212255859375,4097156201.810918
7109,11.25,0.2173095703125,18562001370.010216
7110,11.25,0.22236328125,18463208312.3851
7111,15.0,0.2173095703125,4108889065.310486
7112,15.0,0.22236328125,4120621928.810054
7113,11.25,0.2274169921875,18364415254.75999
7114,11.25,0.232470703125,18265622197.13488
7115,15.0,0.2274169921875,4132354792.309622
7116,15.0,0.232470703125,4144087655.8091903
7117,11.25,0.2375244140625,18166829139.50977
7118,11.25,0.242578125,18068036081.884663
7119,15.0,0.2375244140625,4155820519.3087583
7120,15.0,0.242578125,4167553382.808326
7121,11.25,0.2476318359375,17969243024.259552
7122,11.25,0.252685546875,17870449966.63444
7123,15.0,0.2476318359375,4179286246.307894
7124,15.0,0.252685546875,4191019109.807462
7125,11.25,0.2577392578125,17771656909.00933
7126,11.25,0.26279296875,17672863851.38422
7127,15.0,0.2577392578125,4202751973.30703
7128,15.0,0.26279296875,4214484836.806598
7129,11.25,0.2678466796875,17574070793.75911
7130,11.25,0.2729003906249999,17475277736.134
7131,15.0,0.2678466796875,4226217700.3061666
7132,15.0,0.2729003906249999,4237950563.805734
7133,11.25,0.2779541015624999,17376484678.508892
7134,11.25,0.2830078125,17277691620.883778
7135,15.0,0.2779541015624999,4249683427.305302
7136,15.0,0.2830078125,4261416290.8048706
7137,11.25,0.2880615234375,17178898563.258667
7138,11.25,0.293115234375,17080105505.633556
7139,15.0,0.2880615234375,4273149154.3044386
7140,15.0,0.293115234375,4284882017.8040066
7141,11.25,0.2981689453125,16981312448.008448
7142,11.25,0.30322265625,16942674762.41609
7143,15.0,0.2981689453125,4296614881.303575
7144,15.0,0.30322265625,4303882106.4223585
7145,11.25,0.313330078125,16933757768.541317
7146,15.0,0.313330078125,4313341967.590853
7147,11.25,0.3234375,16924840774.66655
7148,15.0,0.3234375,4322801828.759348
7149,11.25,0.34365234375,16907006786.91701
7150,15.0,0.34365234375,4341721551.096336
7151,11.25,0.3638671875,16889172799.167469
7152,15.0,0.3638671875,4360641273.433326
7153,11.25,0.404296875,16853504823.66839
7154,15.0,0.404296875,4398480718.107305
7155,11.25,0.48515625,16782168872.67023
7156,15.0,0.48515625,4474159607.455261
7157,11.25,0.646875,16879082965.035725
7158,15.0,0.646875,4776569928.55235
7159,11.25,0.9703124999999999,17702048400.74849
7160,15.0,0.9703124999999999,5428544353.256877
7161,11.25,1.29375,18779483082.828358
7162,15.0,1.29375,5533960076.956463
7163,11.25,1.6171875,18772403299.054527
7164,11.25,1.940625,19260993506.798378
7165,15.0,1.6171875,5863716766.618256
7166,15.0,1.940625,6919892630.709135
7167,11.25,2.2640625,19921595469.548153
7168,11.25,2.5875,20750069473.657852
7169,15.0,2.2640625,6807911803.260216
7170,15.0,2.5875,7649070372.596154
7171,11.25,2.9109375,21752667648.967518
7172,11.25,3.234375,21686419809.19471
7173,15.0,2.9109375,8029351037.075987
7174,15.0,3.234375,7726744418.569711
7175,11.25,3.5578125,22873905075.986156
7176,11.25,3.88125,23092344439.645096
7177,15.0,3.5578125,8257780550.964876
7178,15.0,3.88125,8269605159.922543
7179,11.25,4.204687499999999,23694666006.495804
7180,11.25,4.528124999999999,24422274955.03222
7181,15.0,4.204687499999999,8844078104.133274
7182,15.0,4.528124999999999,9816010070.279112
7183,11.25,4.8515625,25357326271.513588
7184,11.25,5.175,25495313888.05422
7185,15.0,4.8515625,10089883292.434563
7186,15.0,5.175,10712221287.393162
7187,11.25,5.4984375,25215088651.086533
7188,11.25,5.821875,26797194242.558926
7189,15.0,5.4984375,10020227578.917936
7190,15.0,5.821875,10848446047.008547
7191,11.25,6.1453125,27024225607.325886
7192,11.25,6.46875,27363351184.812366
7193,15.0,6.1453125,11196322801.899708
7194,15.0,6.46875,12050726028.311966
7195,11.25,6.7921875,28407234413.603436
7196,11.25,7.115625,29063739142.78471
7197,15.0,6.7921875,13121307809.161324
7198,15.0,7.115625,12948712548.828129
7199,11.25,7.439062499999999,28902484404.474247
7200,11.25,7.762499999999999,30103513317.14076
7201,15.0,7.439062499999999,12631354943.743328
7202,15.0,7.762499999999999,13634099091.88034
7203,11.25,8.0859375,29850405242.450417
7204,11.25,8.409374999999999,29882684287.046772
7205,15.0,8.0859375,13979240365.835335
7206,15.0,8.409374999999999,13986644518.729975
7207,11.25,8.732812499999998,29734955471.853916
7208,11.25,9.056249999999999,31119446776.822083
7209,15.0,8.732812499999998,14465433358.582058
7210,15.0,9.056249999999999,15371705237.546741
7211,11.25,9.3796875,31665606046.758144
7212,11.25,9.703125,31267857685.839012
7213,15.0,9.3796875,15775819295.456062
7214,15.0,9.703125,16038161542.634886
7215,11.25,10.0265625,31968124884.841793
7216,11.25,10.35,31738862538.39476
7217,15.0,10.0265625,17160426651.18356
7218,15.0,10.35,16974961071.047005
7219,18.75,0.010107421875,0.0
7220,18.75,-0.0,0.0
7221,18.75,0.02021484375,0.0
7222,22.5,0.010107421875,0.0
7223,22.5,-0.0,0.0
7224,22.5,0.02021484375,0.0
7225,18.75,0.030322265625,0.0
7226,18.75,0.0404296875,0.0
7227,22.5,0.030322265625,0.0
7228,22.5,0.0404296875,0.0
7229,18.75,0.050537109375,0.0
7230,18.75,0.06064453124999999,0.0
7231,22.5,0.050537109375,0.0
7232,22.5,0.06064453124999999,0.0
7233,18.75,0.07075195312499999,0.0
7234,18.75,0.080859375,0.0
7235,22.5,0.07075195312499999,0.0
7236,22.5,0.080859375,0.0
7237,18.75,0.090966796875,0.0
7238,22.5,0.090966796875,0.0
7239,18.75,0.0960205078125,0.0
7240,18.75,0.10107421875,3072671603.9445667
7241,22.5,0.0960205078125,0.0
7242,22.5,0.10107421875,2306310003.068712
7243,18.75,0.1061279296875,3085800081.8113995
7244,18.75,0.111181640625,3098928559.678232
7245,22.5,0.1061279296875,2320834095.30281
7246,22.5,0.111181640625,2335358187.536908
7247,18.75,0.1162353515625,3112057037.545066
7248,18.75,0.1212890625,3125185515.4118986
7249,22.5,0.1162353515625,2349882279.771006
7250,22.5,0.1212890625,2364406372.005104
7251,18.75,0.1263427734375,3138313993.2787313
7252,18.75,0.131396484375,3151442471.1455646
7253,22.5,0.1263427734375,2378930464.2392025
7254,22.5,0.131396484375,2393454556.4733
7255,18.75,0.1364501953125,3164570949.0123973
7256,18.75,0.14150390625,3177699426.879231
7257,22.5,0.1364501953125,2407978648.707398
7258,22.5,0.14150390625,2422502740.9414964
7259,18.75,0.1465576171875,3190827904.7460637
7260,18.75,0.151611328125,3203956382.612897
7261,22.5,0.1465576171875,2437026833.175594
7262,22.5,0.151611328125,2451550925.409692
7263,18.75,0.1566650390625,3217084860.4797297
7264,18.75,0.16171875,3230213338.3465624
7265,22.5,0.1566650390625,2466075017.6437902
7266,22.5,0.16171875,2480599109.8778877
7267,18.75,0.1667724609375,3243341816.213396
7268,18.75,0.171826171875,3256470294.080229
7269,22.5,0.1667724609375,2495123202.111986
7270,22.5,0.171826171875,2509647294.3460836
7271,18.75,0.1768798828125,3269598771.947062
7272,18.75,0.18193359375,3282727249.813895
7273,22.5,0.1768798828125,2524171386.580182
7274,22.5,0.18193359375,2538695478.81428
7275,18.75,0.1869873046875,3295855727.6807275
7276,18.75,0.192041015625,3308984205.547561
7277,22.5,0.1869873046875,2553219571.048378
7278,22.5,0.192041015625,2567743663.282476
7279,18.75,0.1970947265625,3322112683.414394
7280,18.75,0.2,3329659972.6228633
7281,18.75,0.2021484375,3335241161.2812266
7282,22.5,0.1970947265625,2582267755.5165734
7283,22.5,0.2,2590617354.4337606
7284,22.5,0.2021484375,2596791847.750672
7285,18.75,0.2072021484375,3348369639.14806
7286,18.75,0.212255859375,3361498117.014893
7287,22.5,0.2072021484375,2611315939.98477
7288,22.5,0.212255859375,2625840032.218868
7289,18.75,0.2173095703125,3374626594.8817263
7290,18.75,0.22236328125,3387755072.748559
7291,22.5,0.2173095703125,2640364124.4529657
7292,22.5,0.22236328125,2654888216.687063
7293,18.75,0.2274169921875,3400883550.6153917
7294,18.75,0.232470703125,3414012028.482225
7295,22.5,0.2274169921875,2669412308.9211617
7296,22.5,0.232470703125,2683936401.15526
7297,18.75,0.2375244140625,3427140506.349058
7298,18.75,0.242578125,3440268984.215891
7299,22.5,0.2375244140625,2698460493.3893576
7300,22.5,0.242578125,2712984585.623456
7301,18.75,0.2476318359375,3453397462.0827236
7302,18.75,0.252685546875,3466525939.9495573
7303,22.5,0.2476318359375,2727508677.8575535
7304,22.5,0.252685546875,2742032770.091652
7305,18.75,0.2577392578125,3479654417.81639
7306,18.75,0.26279296875,3492782895.6832232
7307,22.5,0.2577392578125,2756556862.32575
7308,22.5,0.26279296875,2771080954.559848
7309,18.75,0.2678466796875,3505911373.550056
7310,18.75,0.2729003906249999,3519039851.4168887
7311,22.5,0.2678466796875,2785605046.7939453
7312,22.5,0.2729003906249999,2800129139.0280433
7313,18.75,0.2779541015624999,3532168329.283722
7314,18.75,0.2830078125,3545296807.1505556
7315,22.5,0.2779541015624999,2814653231.262141
7316,22.5,0.2830078125,2829177323.4962397
7317,18.75,0.2880615234375,3558425285.0173883
7318,18.75,0.293115234375,3571553762.884221
7319,22.5,0.2880615234375,2843701415.7303376
7320,22.5,0.293115234375,2858225507.9644356
7321,18.75,0.2981689453125,3584682240.751054
7322,18.75,0.30322265625,3590229636.0537534
7323,22.5,0.2981689453125,2872749600.1985335
7324,22.5,0.30322265625,2876577165.6851482
7325,18.75,0.313330078125,3592709560.1089993
7326,22.5,0.313330078125,2872077152.627146
7327,18.75,0.3234375,3595189484.1642456
7328,22.5,0.3234375,2867577139.5691433
7329,18.75,0.34365234375,3600149332.274738
7330,22.5,0.34365234375,2858577113.4531393
7331,18.75,0.3638671875,3605109180.3852305
7332,22.5,0.3638671875,2849577087.3371344
7333,18.75,0.404296875,3615028876.6062155
7334,22.5,0.404296875,2831577035.1051264
7335,18.75,0.48515625,3634868269.048186
7336,22.5,0.48515625,2795576930.6411095
7337,18.75,0.646875,3935441545.013688
7338,22.5,0.646875,3094313161.4750266
7339,18.75,0.9703124999999999,4485531783.53595
7340,22.5,0.9703124999999999,3542519213.815021
7341,18.75,1.29375,4461677340.515658
7342,22.5,1.29375,3389394604.074853
7343,18.75,1.6171875,4845036397.950262
7344,18.75,1.940625,5591643374.712039
7345,22.5,1.6171875,3826356029.2822685
7346,22.5,1.940625,4263394118.7149444
7347,18.75,2.2640625,5601511877.989158
7348,18.75,2.5875,6243136743.790065
7349,22.5,2.2640625,4395111952.7181
7350,22.5,2.5875,4837203114.983974
7351,18.75,2.9109375,6432869437.767093
7352,18.75,3.234375,6320510693.046373
7353,22.5,2.9109375,4836387838.4581995
7354,22.5,3.234375,4914276967.523037
7355,18.75,3.5578125,6698301969.766209
7356,18.75,3.88125,6691670487.884783
7357,22.5,3.5578125,5138823388.567541
7358,22.5,3.88125,5113735815.847022
7359,18.75,4.204687499999999,7214190200.831744
7360,18.75,4.528124999999999,7844159077.284071
7361,22.5,4.204687499999999,5584302297.530214
7362,22.5,4.528124999999999,5872308084.289028
7363,18.75,4.8515625,8269503207.814795
7364,18.75,5.175,8647883985.20967
7365,22.5,4.8515625,6449123123.195028
7366,22.5,5.175,6583546683.026175
7367,18.75,5.4984375,8288402182.424171
7368,18.75,5.821875,8741173507.820847
7369,22.5,5.4984375,6556576785.930407
7370,22.5,5.821875,6633900968.633146
7371,18.75,6.1453125,9095148595.826239
7372,18.75,6.46875,9684142438.317976
7373,22.5,6.1453125,6993974389.752771
7374,22.5,6.46875,7317558848.323984
7375,18.75,6.7921875,10347333151.2712
7376,18.75,7.115625,10195772237.92443
7377,22.5,6.7921875,7573358493.381076
7378,22.5,7.115625,7442831927.020734
7379,18.75,7.439062499999999,10146882886.576859
7380,18.75,7.762499999999999,10905733481.90438
7381,22.5,7.439062499999999,7662410829.41039
7382,22.5,7.762499999999999,8177367871.92842
7383,18.75,8.0859375,11171777152.976011
7384,18.75,8.409374999999999,11259877167.530552
7385,22.5,8.0859375,8364313940.116686
7386,22.5,8.409374999999999,8533109816.331133
7387,18.75,8.732812499999998,11656385238.386621
7388,18.75,9.056249999999999,12274078969.580494
7389,22.5,8.732812499999998,8847337118.191189
7390,22.5,9.056249999999999,9176452701.614248
7391,18.75,9.3796875,12349995619.292952
7392,18.75,9.703125,12506391989.161829
7393,22.5,9.3796875,8924171943.129839
7394,22.5,9.703125,8974622435.68877
7395,18.75,10.0265625,13343439677.572657
7396,18.75,10.35,13147038169.404377
7397,22.5,10.0265625,9526452703.961756
7398,22.5,10.35,9319115267.761751
7399,26.25,0.010107421875,0.0
7400,26.25,-0.0,0.0
7401,26.25,0.02021484375,0.0
7402,30.0,0.010107421875,0.0
7403,30.0,-0.0,0.0
7404,30.0,0.02021484375,0.0
7405,26.25,0.030322265625,0.0
7406,26.25,0.0404296875,0.0
7407,30.0,0.030322265625,0.0
7408,30.0,0.0404296875,0.0
7409,26.25,0.050537109375,0.0
7410,26.25,0.06064453124999999,0.0
7411,30.0,0.050537109375,0.0
7412,30.0,0.06064453124999999,0.0
7413,26.25,0.07075195312499999,0.0
7414,26.25,0.080859375,0.0
7415,30.0,0.07075195312499999,0.0
7416,30.0,0.080859375,0.0
7417,26.25,0.090966796875,0.0
7418,30.0,0.090966796875,0.0
7419,26.25,0.0960205078125,0.0
7420,26.25,0.10107421875,1631528850.0826583
7421,30.0,0.0960205078125,0.0
7422,30.0,0.10107421875,1139908592.8762062
7423,26.25,0.1061279296875,1645156688.9876995
7424,26.25,0.111181640625,1658784527.8927402
7425,30.0,0.1061279296875,1148056443.0595462
7426,30.0,0.111181640625,1156204293.2428865
7427,26.25,0.1162353515625,1672412366.7977812
7428,26.25,0.1212890625,1686040205.7028227
7429,30.0,0.1162353515625,1164352143.426227
7430,30.0,0.1212890625,1172499993.6095672
7431,26.25,0.1263427734375,1699668044.6078634
7432,26.25,0.131396484375,1713295883.5129044
7433,30.0,0.1263427734375,1180647843.7929072
7434,30.0,0.131396484375,1188795693.9762475
7435,26.25,0.1364501953125,1726923722.4179456
7436,26.25,0.14150390625,1740551561.3229868
7437,30.0,0.1364501953125,1196943544.1595876
7438,30.0,0.14150390625,1205091394.3429282
7439,26.25,0.1465576171875,1754179400.2280273
7440,26.25,0.151611328125,1767807239.1330686
7441,30.0,0.1465576171875,1213239244.5262682
7442,30.0,0.151611328125,1221387094.7096083
7443,26.25,0.1566650390625,1781435078.0381098
7444,26.25,0.16171875,1795062916.9431505
7445,30.0,0.1566650390625,1229534944.8929484
7446,30.0,0.16171875,1237682795.076289
7447,26.25,0.1667724609375,1808690755.848192
7448,26.25,0.171826171875,1822318594.7532327
7449,30.0,0.1667724609375,1245830645.2596292
7450,30.0,0.171826171875,1253978495.442969
7451,26.25,0.1768798828125,1835946433.658274
7452,26.25,0.18193359375,1849574272.563315
7453,30.0,0.1768798828125,1262126345.6263094
7454,30.0,0.18193359375,1270274195.80965
7455,26.25,0.1869873046875,1863202111.4683561
7456,26.25,0.192041015625,1876829950.373397
7457,30.0,0.1869873046875,1278422045.99299
7458,30.0,0.192041015625,1286569896.17633
7459,26.25,0.1970947265625,1890457789.2784379
7460,26.25,0.2,1898292150.7745728
7461,26.25,0.2021484375,1904085628.183479
7462,30.0,0.1970947265625,1294717746.3596702
7463,30.0,0.2,1299401776.1752136
7464,30.0,0.2021484375,1302865596.5430102
7465,26.25,0.2072021484375,1917713467.08852
7466,26.25,0.212255859375,1931341305.993561
7467,30.0,0.2072021484375,1311013446.7263508
7468,30.0,0.212255859375,1319161296.909691
7469,26.25,0.2173095703125,1944969144.898602
7470,26.25,0.22236328125,1958596983.8036432
7471,30.0,0.2173095703125,1327309147.0930312
7472,30.0,0.22236328125,1335456997.2763712
7473,26.25,0.2274169921875,1972224822.708684
7474,26.25,0.232470703125,1985852661.6137252
7475,30.0,0.2274169921875,1343604847.4597116
7476,30.0,0.232470703125,1351752697.6430519
7477,26.25,0.2375244140625,1999480500.5187662
7478,26.25,0.242578125,2013108339.4238071
7479,30.0,0.2375244140625,1359900547.826392
7480,30.0,0.242578125,1368048398.0097322
7481,26.25,0.2476318359375,2026736178.3288481
7482,26.25,0.252685546875,2040364017.233889
7483,30.0,0.2476318359375,1376196248.1930723
7484,30.0,0.252685546875,1384344098.3764126
7485,26.25,0.2577392578125,2053991856.1389303
7486,26.25,0.26279296875,2067619695.0439713
7487,30.0,0.2577392578125,1392491948.559753
7488,30.0,0.26279296875,1400639798.743093
7489,26.25,0.2678466796875,2081247533.9490123
7490,26.25,0.2729003906249999,2094875372.8540533
7491,30.0,0.2678466796875,1408787648.926433
7492,30.0,0.2729003906249999,1416935499.1097734
7493,26.25,0.2779541015624999,2108503211.7590942
7494,26.25,0.2830078125,2122131050.6641355
7495,30.0,0.2779541015624999,1425083349.2931135
7496,30.0,0.2830078125,1433231199.476454
7497,26.25,0.2880615234375,2135758889.5691767
7498,26.25,0.293115234375,2149386728.4742174
7499,30.0,0.2880615234375,1441379049.6597943
7500,30.0,0.293115234375,1449526899.8431344
7501,26.25,0.2981689453125,2163014567.3792586
7502,26.25,0.30322265625,2165857972.5281806
7503,30.0,0.2981689453125,1457674750.0264747
7504,30.0,0.30322265625,1461005333.794488
7505,26.25,0.313330078125,2159289744.4667974
7506,30.0,0.313330078125,1462192334.9494605
7507,26.25,0.3234375,2152721516.405415
7508,30.0,0.3234375,1463379336.1044335
7509,26.25,0.34365234375,2139585060.28265
7510,30.0,0.34365234375,1465753338.4143794
7511,26.25,0.3638671875,2126448604.1598847
7512,30.0,0.3638671875,1468127340.7243257
7513,26.25,0.404296875,2100175691.9143548
7514,30.0,0.404296875,1472875345.3442175
7515,26.25,0.48515625,2047629867.423294
7516,30.0,0.48515625,1482371354.584001
7517,26.25,0.646875,2307391444.540431
7518,30.0,0.646875,1628883060.813969
7519,26.25,0.9703124999999999,2647225245.157878
7520,30.0,0.9703124999999999,1847368478.6283057
7521,26.25,1.29375,2442704047.726362
7522,30.0,1.29375,1747197851.5625
7523,26.25,1.6171875,2862537682.7403016
7524,26.25,1.940625,3064748297.745142
7525,30.0,1.6171875,2008443380.4503875
7526,30.0,1.940625,2125309346.829928
7527,26.25,2.2640625,3264584211.3005815
7528,26.25,2.5875,3532774998.1219954
7529,30.0,2.2640625,2285800837.590144
7530,30.0,2.5875,2431357905.1482377
7531,26.25,2.9109375,3431117812.4061
7532,26.25,3.234375,3618954559.6913395
7533,30.0,2.9109375,2408270932.8675885
7534,30.0,3.234375,2545454787.242922
7535,26.25,3.5578125,3720084708.606687
7536,26.25,3.88125,3720157248.994224
7537,30.0,3.5578125,2582825831.1214604
7538,30.0,3.88125,2695290892.5113516
7539,26.25,4.204687499999999,4105601016.8352704
7540,26.25,4.528124999999999,4166312410.951272
7541,30.0,4.204687499999999,2929272981.3534994
7542,30.0,4.528124999999999,2992027376.9280844
7543,26.25,4.8515625,4769430050.633096
7544,26.25,5.175,4736864645.933495
7545,30.0,4.8515625,3371111002.186832
7546,30.0,5.175,3325493139.0224357
7547,26.25,5.4984375,4922080321.222289
7548,26.25,5.821875,4770986383.421807
7549,30.0,5.4984375,3482241720.0854707
7550,30.0,5.821875,3396787706.163194
7551,26.25,6.1453125,5088375913.466756
7552,26.25,6.46875,5208264057.387653
7553,30.0,6.1453125,3573928896.755643
7554,30.0,6.46875,3613546864.5666394
7555,26.25,6.7921875,5207996875.208667
7556,26.25,7.115625,5099097935.342381
7557,30.0,6.7921875,3659861336.471688
7558,30.0,7.115625,3573776582.114717
7559,26.25,7.439062499999999,5468480603.601177
7560,26.25,7.762499999999999,5778414004.073185
7561,30.0,7.439062499999999,3855634040.5064754
7562,30.0,7.762499999999999,4038283620.459401
7563,26.25,8.0859375,5924804783.01741
7564,26.25,8.409374999999999,6100866987.179487
7565,30.0,8.0859375,4221203737.4382343
7566,30.0,8.409374999999999,4257673202.1233983
7567,26.25,8.732812499999998,6327411460.993841
7568,26.25,9.056249999999999,6449145660.765556
7569,30.0,8.732812499999998,4385730729.792667
7570,30.0,9.056249999999999,4462477074.151976
7571,26.25,9.3796875,6025943112.547784
7572,26.25,9.703125,6010970640.68134
7573,30.0,9.3796875,4182903973.1278377
7574,30.0,9.703125,4183554362.6051683
7575,26.25,10.0265625,6322692502.793533
7576,26.25,10.35,6151102731.036324
7577,30.0,10.0265625,4345385846.510668
7578,30.0,10.35,4302910924.145299
7579,33.75,0.010107421875,0.0
7580,33.75,-0.0,0.0
7581,33.75,0.02021484375,0.0
7582,37.5,0.010107421875,0.0
7583,37.5,-0.0,0.0
7584,37.5,0.02021484375,0.0
7585,33.75,0.030322265625,0.0
7586,33.75,0.0404296875,0.0
7587,37.5,0.030322265625,0.0
7588,37.5,0.0404296875,0.0
7589,33.75,0.050537109375,0.0
7590,33.75,0.06064453124999999,0.0
7591,37.5,0.050537109375,0.0
7592,37.5,0.06064453124999999,0.0
7593,33.75,0.07075195312499999,0.0
7594,33.75,0.080859375,0.0
7595,37.5,0.07075195312499999,0.0
7596,37.5,0.080859375,0.0
7597,33.75,0.090966796875,0.0
7598,37.5,0.090966796875,0.0
7599,33.75,0.0960205078125,0.0
7600,33.75,0.10107421875,648288335.6697538
7601,37.5,0.0960205078125,0.0
7602,37.5,0.10107421875,370218833.97876704
7603,33.75,0.1061279296875,650956197.1313933
7604,33.75,0.111181640625,653624058.5930327
7605,37.5,0.1061279296875,370868428.68919045
7606,37.5,0.111181640625,371518023.39961386
7607,33.75,0.1162353515625,656291920.0546721
7608,33.75,0.1212890625,658959781.5163115
7609,37.5,0.1162353515625,372167618.1100372
7610,37.5,0.1212890625,372817212.8204607
7611,33.75,0.1263427734375,661627642.9779508
7612,33.75,0.131396484375,664295504.4395903
7613,37.5,0.1263427734375,373466807.530884
7614,37.5,0.131396484375,374116402.2413075
7615,33.75,0.1364501953125,666963365.9012296
7616,33.75,0.14150390625,669631227.3628691
7617,37.5,0.1364501953125,374765996.9517308
7618,37.5,0.14150390625,375415591.66215426
7619,33.75,0.1465576171875,672299088.8245085
7620,33.75,0.151611328125,674966950.2861478
7621,37.5,0.1465576171875,376065186.3725776
7622,37.5,0.151611328125,376714781.083001
7623,33.75,0.1566650390625,677634811.7477874
7624,33.75,0.16171875,680302673.2094266
7625,37.5,0.1566650390625,377364375.7934245
7626,37.5,0.16171875,378013970.5038478
7627,33.75,0.1667724609375,682970534.6710662
7628,33.75,0.171826171875,685638396.1327055
7629,37.5,0.1667724609375,378663565.21427125
7630,37.5,0.171826171875,379313159.9246946
7631,33.75,0.1768798828125,688306257.594345
7632,33.75,0.18193359375,690974119.0559844
7633,37.5,0.1768798828125,379962754.635118
7634,37.5,0.18193359375,380612349.3455414
7635,33.75,0.1869873046875,693641980.5176238
7636,33.75,0.192041015625,696309841.9792632
7637,37.5,0.1869873046875,381261944.0559648
7638,37.5,0.192041015625,381911538.76638824
7639,33.75,0.1970947265625,698977703.4409026
7640,33.75,0.2,700511401.5758547
7641,33.75,0.2021484375,701645564.9025419
7642,37.5,0.1970947265625,382561133.4768116
7643,37.5,0.2,382934571.9818376
7644,37.5,0.2021484375,383210728.18723494
7645,33.75,0.2072021484375,704313426.3641814
7646,33.75,0.212255859375,706981287.8258208
7647,37.5,0.2072021484375,383860322.89765835
7648,37.5,0.212255859375,384509917.6080818
7649,33.75,0.2173095703125,709649149.2874602
7650,33.75,0.22236328125,712317010.7490996
7651,37.5,0.2173095703125,385159512.31850517
7652,37.5,0.22236328125,385809107.0289286
7653,33.75,0.2274169921875,714984872.210739
7654,33.75,0.232470703125,717652733.6723784
7655,37.5,0.2274169921875,386458701.7393519
7656,37.5,0.232470703125,387108296.44977534
7657,33.75,0.2375244140625,720320595.1340177
7658,33.75,0.242578125,722988456.5956572
7659,37.5,0.2375244140625,387757891.1601988
7660,37.5,0.242578125,388407485.87062216
7661,33.75,0.2476318359375,725656318.0572966
7662,33.75,0.252685546875,728324179.5189359
7663,37.5,0.2476318359375,389057080.5810455
7664,37.5,0.252685546875,389706675.2914689
7665,33.75,0.2577392578125,730992040.9805754
7666,33.75,0.26279296875,733659902.4422147
7667,37.5,0.2577392578125,390356270.0018924
7668,37.5,0.26279296875,391005864.71231574
7669,33.75,0.2678466796875,736327763.9038541
7670,33.75,0.2729003906249999,738995625.3654935
7671,37.5,0.2678466796875,391655459.4227391
7672,37.5,0.2729003906249999,392305054.1331625
7673,33.75,0.2779541015624999,741663486.8271329
7674,33.75,0.2830078125,744331348.2887725
7675,37.5,0.2779541015624999,392954648.84358585
7676,37.5,0.2830078125,393604243.5540093
7677,33.75,0.2880615234375,746999209.7504119
7678,33.75,0.293115234375,749667071.2120512
7679,37.5,0.2880615234375,394253838.2644327
7680,37.5,0.293115234375,394903432.97485614
7681,33.75,0.2981689453125,752334932.6736907
7682,33.75,0.30322265625,756152695.0607952
7683,37.5,0.2981689453125,395553027.6852795
7684,37.5,0.30322265625,398579038.0787646
7685,33.75,0.313330078125,765094925.4321235
7686,37.5,0.313330078125,407331531.23285013
7687,33.75,0.3234375,774037155.803452
7688,37.5,0.3234375,416084024.3869358
7689,33.75,0.34365234375,791921616.5461092
7690,37.5,0.34365234375,433589010.6951069
7691,33.75,0.3638671875,809806077.2887661
7692,37.5,0.3638671875,451093997.00327814
7693,33.75,0.404296875,845574998.77408
7694,37.5,0.404296875,486103969.61962044
7695,33.75,0.48515625,917112841.7447083
7696,37.5,0.48515625,556123914.8523053
7697,33.75,0.646875,950374677.0875067
7698,37.5,0.646875,558244536.8840144
7699,33.75,0.9703124999999999,1047511712.098733
7700,37.5,0.9703124999999999,600170803.5460902
7701,33.75,1.29375,1051691655.3986377
7702,37.5,1.29375,634640093.1073049
7703,33.75,1.6171875,1154349078.1604736
7704,33.75,1.940625,1185870395.9147134
7705,37.5,1.6171875,675168005.7362614
7706,37.5,1.940625,670250376.9572984
7707,33.75,2.2640625,1307017463.8797078
7708,33.75,2.5875,1329940812.174479
7709,37.5,2.2640625,764357984.7547746
7710,37.5,2.5875,739791635.783921
7711,33.75,2.9109375,1385424053.3290765
7712,33.75,3.234375,1471955014.7945046
7713,37.5,2.9109375,811490131.2554777
7714,37.5,3.234375,849485795.0846355
7715,33.75,3.5578125,1445566953.6362343
7716,33.75,3.88125,1670424536.0284789
7717,37.5,3.5578125,812362864.8546005
7718,37.5,3.88125,1018021806.3484908
7719,33.75,4.204687499999999,1752944945.871729
7720,33.75,4.528124999999999,1817742342.9048977
7721,37.5,4.204687499999999,1045631363.5149578
7722,37.5,4.528124999999999,1095960266.5306153
7723,33.75,4.8515625,1972791953.7405682
7724,33.75,5.175,1914121632.1113782
7725,37.5,4.8515625,1146966381.7837708
7726,37.5,5.175,1097206649.806357
7727,33.75,5.4984375,2042403118.9486513
7728,33.75,5.821875,2022589028.9045806
7729,37.5,5.4984375,1189476355.2413025
7730,37.5,5.821875,1198976391.93543
7731,33.75,6.1453125,2059481880.04453
7732,33.75,6.46875,2018829671.7456262
7733,37.5,6.1453125,1187868275.595119
7734,37.5,6.46875,1139735116.6032317
7735,33.75,6.7921875,2111725797.7347085
7736,33.75,7.115625,2048455228.8870528
7737,37.5,6.7921875,1224216204.4166498
7738,37.5,7.115625,1197645663.2695646
7739,33.75,7.439062499999999,2242787477.4117756
7740,33.75,7.762499999999999,2298153236.8456187
7741,37.5,7.439062499999999,1335648281.5212677
7742,37.5,7.762499999999999,1321907708.583733
7743,33.75,8.0859375,2517602691.8590574
7744,33.75,8.409374999999999,2414479417.0673094
7745,37.5,8.0859375,1493996486.931173
7746,37.5,8.409374999999999,1390071370.4427097
7747,33.75,8.732812499999998,2444049998.5914955
7748,33.75,9.056249999999999,2475808487.5383954
7749,37.5,8.732812499999998,1394200522.7113369
7750,37.5,9.056249999999999,1387479199.6360853
7751,33.75,9.3796875,2339864833.7078915
7752,33.75,9.703125,2356138084.528996
7753,37.5,9.3796875,1331857051.0212176
7754,37.5,9.703125,1369552042.5388956
7755,33.75,10.0265625,2368079190.2278023
7756,33.75,10.35,2454719117.2542734
7757,37.5,10.0265625,1333445018.9417653
7758,37.5,10.35,1417075120.1923077
7759,41.25,0.010107421875,0.0
7760,41.25,-0.0,0.0
7761,41.25,0.02021484375,0.0
7762,45.0,0.010107421875,0.0
7763,45.0,-0.0,0.0
7764,45.0,0.02021484375,0.0
7765,41.25,0.030322265625,0.0
7766,41.25,0.0404296875,0.0
7767,45.0,0.030322265625,0.0
7768,45.0,0.0404296875,0.0
7769,41.25,0.050537109375,0.0
7770,41.25,0.06064453124999999,0.0
7771,45.0,0.050537109375,0.0
7772,45.0,0.06064453124999999,0.0
7773,41.25,0.07075195312499999,0.0
7774,41.25,0.080859375,0.0
7775,45.0,0.07075195312499999,0.0
7776,45.0,0.080859375,0.0
7777,41.25,0.090966796875,0.0
7778,45.0,0.090966796875,0.0
7779,41.25,0.0960205078125,0.0
7780,41.25,0.10107421875,198924710.0455129
7781,45.0,0.0960205078125,0.0
7782,45.0,0.10107421875,27630586.11225878
7783,41.25,0.1061279296875,199286898.9899627
7784,41.25,0.111181640625,199649087.9344125
7785,45.0,0.1061279296875,27705369.29073497
7786,45.0,0.111181640625,27780152.469211154
7787,41.25,0.1162353515625,200011276.8788623
7788,41.25,0.1212890625,200373465.8233121
7789,45.0,0.1162353515625,27854935.647687342
7790,45.0,0.1212890625,27929718.826163527
7791,41.25,0.1263427734375,200735654.76776186
7792,41.25,0.131396484375,201097843.7122117
7793,45.0,0.1263427734375,28004502.00463971
7794,45.0,0.131396484375,28079285.1831159
7795,41.25,0.1364501953125,201460032.65666142
7796,41.25,0.14150390625,201822221.60111126
7797,45.0,0.1364501953125,28154068.361592088
7798,45.0,0.14150390625,28228851.540068276
7799,41.25,0.1465576171875,202184410.54556105
7800,41.25,0.151611328125,202546599.49001083
7801,45.0,0.1465576171875,28303634.71854446
7802,45.0,0.151611328125,28378417.89702065
7803,41.25,0.1566650390625,202908788.43446067
7804,41.25,0.16171875,203270977.3789104
7805,45.0,0.1566650390625,28453201.075496837
7806,45.0,0.16171875,28527984.253973022
7807,41.25,0.1667724609375,203633166.32336023
7808,41.25,0.171826171875,203995355.26781
7809,45.0,0.1667724609375,28602767.432449214
7810,45.0,0.171826171875,28677550.610925395
7811,41.25,0.1768798828125,204357544.21225983
7812,41.25,0.18193359375,204719733.15670958
7813,45.0,0.1768798828125,28752333.789401583
7814,45.0,0.18193359375,28827116.967877768
7815,41.25,0.1869873046875,205081922.10115936
7816,41.25,0.192041015625,205444111.04560918
7817,45.0,0.1869873046875,28901900.146353956
7818,45.0,0.192041015625,28976683.324830145
7819,41.25,0.1970947265625,205806299.99005896
7820,41.25,0.2,206014514.89049143
7821,41.25,0.2021484375,206168488.9345087
7822,45.0,0.1970947265625,29051466.503306326
7823,45.0,0.2,29094457.799145296
7824,45.0,0.2021484375,29126249.681782514
7825,41.25,0.2072021484375,206530677.87895855
7826,41.25,0.212255859375,206892866.8234083
7827,45.0,0.2072021484375,29201032.860258702
7828,45.0,0.212255859375,29275816.03873489
7829,41.25,0.2173095703125,207255055.76785815
7830,41.25,0.22236328125,207617244.71230793
7831,45.0,0.2173095703125,29350599.217211075
7832,45.0,0.22236328125,29425382.395687263
7833,41.25,0.2274169921875,207979433.65675768
7834,41.25,0.232470703125,208341622.60120752
7835,45.0,0.2274169921875,29500165.57416345
7836,45.0,0.232470703125,29574948.752639636
7837,41.25,0.2375244140625,208703811.54565728
7838,41.25,0.242578125,209066000.49010712
7839,45.0,0.2375244140625,29649731.93111582
7840,45.0,0.242578125,29724515.10959201
7841,41.25,0.2476318359375,209428189.43455687
7842,41.25,0.252685546875,209790378.37900665
7843,45.0,0.2476318359375,29799298.288068198
7844,45.0,0.252685546875,29874081.466544382
7845,41.25,0.2577392578125,210152567.32345647
7846,41.25,0.26279296875,210514756.26790625
7847,45.0,0.2577392578125,29948864.645020567
7848,45.0,0.26279296875,30023647.823496755
7849,41.25,0.2678466796875,210876945.21235603
7850,41.25,0.2729003906249999,211239134.1568058
7851,45.0,0.2678466796875,30098431.001972944
7852,45.0,0.2729003906249999,30173214.18044913
7853,41.25,0.2779541015624999,211601323.1012556
7854,41.25,0.2830078125,211963512.04570544
7855,45.0,0.2779541015624999,30247997.358925313
7856,45.0,0.2830078125,30322780.537401505
7857,41.25,0.2880615234375,212325700.99015522
7858,41.25,0.293115234375,212687889.934605
7859,45.0,0.2880615234375,30397563.71587769
7860,45.0,0.293115234375,30472346.894353874
7861,41.25,0.2981689453125,213050078.8790548
7862,41.25,0.30322265625,214644871.972565
7863,45.0,0.2981689453125,30547130.072830066
7864,45.0,0.30322265625,30710705.866365347
7865,41.25,0.313330078125,219235144.69260845
7866,45.0,0.313330078125,31138758.152366698
7867,41.25,0.3234375,223825417.41265193
7868,45.0,0.3234375,31566810.43836805
7869,41.25,0.34365234375,233005962.85273883
7870,45.0,0.34365234375,32422915.010370754
7871,41.25,0.3638671875,242186508.29282582
7872,45.0,0.3638671875,33279019.58237346
7873,41.25,0.404296875,260547599.17299968
7874,45.0,0.404296875,34991228.72637887
7875,41.25,0.48515625,297269780.9333475
7876,45.0,0.48515625,38415647.014389694
7877,41.25,0.646875,309303518.4420072
7878,45.0,0.646875,60362500.0
7879,41.25,0.9703124999999999,329087823.9819127
7880,45.0,0.9703124999999999,58004844.41773501
7881,41.25,1.29375,356815847.75223684
7882,45.0,1.29375,78991602.3971688
7883,41.25,1.6171875,383443548.24490017
7884,41.25,1.940625,366539823.9787828
7885,45.0,1.6171875,91719090.753539
7886,45.0,1.940625,62829271.00026711
7887,41.25,2.2640625,439760452.92259294
7888,41.25,2.5875,405276417.68496263
7889,45.0,2.2640625,115162921.09041138
7890,45.0,2.5875,70761199.5860043
7891,41.25,2.9109375,462012687.91433483
7892,41.25,3.234375,452531851.7440405
7893,45.0,2.9109375,112535244.573192
7894,45.0,3.234375,55577908.40344552
7895,41.25,3.5578125,431186170.42476285
7896,41.25,3.88125,551850890.0699452
7897,45.0,3.5578125,50009475.99492521
7898,45.0,3.88125,85679973.79139961
7899,41.25,4.204687499999999,572825007.7206867
7900,41.25,4.528124999999999,600429668.9807858
7901,45.0,4.204687499999999,100018651.92641553
7902,45.0,4.528124999999999,104899071.43095647
7903,41.25,4.8515625,607387548.0717064
7904,41.25,5.175,577519929.8043536
7905,45.0,4.8515625,67808714.35964203
7906,45.0,5.175,57833209.802350394
7907,41.25,5.4984375,630005510.2486894
7908,41.25,5.821875,650656775.1110109
7909,45.0,5.4984375,70534665.25607632
7910,45.0,5.821875,102337158.28659187
7911,41.25,6.1453125,637671377.2765592
7912,41.25,6.46875,618451880.3001468
7913,45.0,6.1453125,87474478.95799944
7914,45.0,6.46875,97168643.99706195
7915,41.25,6.7921875,667019583.8080511
7916,41.25,7.115625,684091991.4571649
7917,45.0,6.7921875,109822963.19945246
7918,45.0,7.115625,170538319.64476496
7919,41.25,7.439062499999999,781362769.2328558
7920,41.25,7.762499999999999,727604607.9977959
7921,45.0,7.439062499999999,227077256.944444
7922,45.0,7.762499999999999,133301507.41185887
7923,41.25,8.0859375,810387702.3289344
7924,41.25,8.409374999999999,775056193.0338546
7925,45.0,8.0859375,126778917.726696
7926,45.0,8.409374999999999,160041015.62499952
7927,41.25,8.732812499999998,790266674.4916862
7928,41.25,9.056249999999999,748319561.0894104
7929,45.0,8.732812499999998,186332826.27203542
7930,45.0,9.056249999999999,109159922.54273549
7931,41.25,9.3796875,741364946.7011799
7932,41.25,9.703125,803381118.5918303
7933,45.0,9.3796875,150872842.38114235
7934,45.0,9.703125,237210194.6447649
7935,41.25,10.0265625,770147090.1541426
7936,41.25,10.35,784705028.0448717
7937,45.0,10.0265625,206849161.3665197
7938,45.0,10.35,152334935.8974356
7939,48.75,0.010107421875,0.0
7940,48.75,-0.0,0.0
7941,48.75,0.02021484375,0.0
7942,52.5,0.010107421875,0.0
7943,52.5,-0.0,0.0
7944,52.5,0.02021484375,0.0
7945,48.75,0.030322265625,0.0
7946,48.75,0.0404296875,0.0
7947,52.5,0.030322265625,0.0
7948,52.5,0.0404296875,0.0
7949,48.75,0.050537109375,0.0
7950,48.75,0.06064453124999999,0.0
7951,52.5,0.050537109375,0.0
7952,52.5,0.06064453124999999,0.0
7953,48.75,0.07075195312499999,0.0
7954,48.75,0.080859375,0.0
7955,52.5,0.07075195312499999,0.0
7956,52.5,0.080859375,0.0
7957,48.75,0.090966796875,0.0
7958,52.5,0.090966796875,0.0
7959,48.75,0.0960205078125,0.0
7960,48.75,0.10107421875,17269116.320161738
7961,52.5,0.0960205078125,0.0
7962,52.5,0.10107421875,6907646.528064695
7963,48.75,0.1061279296875,17315855.806709357
7964,48.75,0.111181640625,17362595.293256972
7965,52.5,0.1061279296875,6926342.322683742
7966,52.5,0.111181640625,6945038.117302788
7967,48.75,0.1162353515625,17409334.779804587
7968,48.75,0.1212890625,17456074.266352206
7969,52.5,0.1162353515625,6963733.9119218355
7970,52.5,0.1212890625,6982429.706540882
7971,48.75,0.1263427734375,17502813.75289982
7972,48.75,0.131396484375,17549553.239447437
7973,52.5,0.1263427734375,7001125.501159928
7974,52.5,0.131396484375,7019821.295778975
7975,48.75,0.1364501953125,17596292.725995056
7976,48.75,0.14150390625,17643032.212542675
7977,52.5,0.1364501953125,7038517.090398022
7978,52.5,0.14150390625,7057212.885017069
7979,48.75,0.1465576171875,17689771.699090287
7980,48.75,0.151611328125,17736511.185637906
7981,52.5,0.1465576171875,7075908.679636115
7982,52.5,0.151611328125,7094604.474255162
7983,48.75,0.1566650390625,17783250.67218552
7984,48.75,0.16171875,17829990.158733137
7985,52.5,0.1566650390625,7113300.268874209
7986,52.5,0.16171875,7131996.0634932555
7987,48.75,0.1667724609375,17876729.645280756
7988,48.75,0.171826171875,17923469.13182837
7989,52.5,0.1667724609375,7150691.858112304
7990,52.5,0.171826171875,7169387.652731349
7991,48.75,0.1768798828125,17970208.61837599
7992,48.75,0.18193359375,18016948.104923606
7993,52.5,0.1768798828125,7188083.447350396
7994,52.5,0.18193359375,7206779.241969442
7995,48.75,0.1869873046875,18063687.59147122
7996,48.75,0.192041015625,18110427.07801884
7997,52.5,0.1869873046875,7225475.036588489
7998,52.5,0.192041015625,7244170.831207536
7999,48.75,0.1970947265625,18157166.564566456
8000,48.75,0.2,18184036.12446581
8001,48.75,0.2021484375,18203906.05111407
8002,52.5,0.1970947265625,7262866.625826581
8003,52.5,0.2,7273614.449786324
8004,52.5,0.2021484375,7281562.420445628
8005,48.75,0.2072021484375,18250645.53766169
8006,48.75,0.212255859375,18297385.024209306
8007,52.5,0.2072021484375,7300258.215064676
8008,52.5,0.212255859375,7318954.009683723
8009,48.75,0.2173095703125,18344124.510756925
8010,48.75,0.22236328125,18390863.997304536
8011,52.5,0.2173095703125,7337649.804302769
8012,52.5,0.22236328125,7356345.598921816
8013,48.75,0.2274169921875,18437603.483852156
8014,48.75,0.232470703125,18484342.97039977
8015,52.5,0.2274169921875,7375041.393540863
8016,52.5,0.232470703125,7393737.188159909
8017,48.75,0.2375244140625,18531082.45694739
8018,48.75,0.242578125,18577821.943495005
8019,52.5,0.2375244140625,7412432.982778955
8020,52.5,0.242578125,7431128.777398002
8021,48.75,0.2476318359375,18624561.430042624
8022,48.75,0.252685546875,18671300.91659024
8023,52.5,0.2476318359375,7449824.572017049
8024,52.5,0.252685546875,7468520.366636096
8025,48.75,0.2577392578125,18718040.403137855
8026,48.75,0.26279296875,18764779.889685474
8027,52.5,0.2577392578125,7487216.161255142
8028,52.5,0.26279296875,7505911.955874189
8029,48.75,0.2678466796875,18811519.37623309
8030,48.75,0.2729003906249999,18858258.862780705
8031,52.5,0.2678466796875,7524607.750493236
8032,52.5,0.2729003906249999,7543303.545112282
8033,48.75,0.2779541015624999,18904998.34932832
8034,48.75,0.2830078125,18951737.83587594
8035,52.5,0.2779541015624999,7561999.339731328
8036,52.5,0.2830078125,7580695.134350376
8037,48.75,0.2880615234375,18998477.322423555
8038,48.75,0.293115234375,19045216.808971174
8039,52.5,0.2880615234375,7599390.928969422
8040,52.5,0.293115234375,7618086.7235884685
8041,48.75,0.2981689453125,19091956.29551879
8042,48.75,0.30322265625,19194191.16647834
8043,52.5,0.2981689453125,7636782.5182075165
8044,52.5,0.30322265625,7677676.466591337
8045,48.75,0.313330078125,19461723.845229186
8046,52.5,0.313330078125,7784689.538091674
8047,48.75,0.3234375,19729256.523980033
8048,52.5,0.3234375,7891702.609592012
8049,48.75,0.34365234375,20264321.881481722
8050,52.5,0.34365234375,8105728.752592688
8051,48.75,0.3638671875,20799387.238983415
8052,52.5,0.3638671875,8319754.895593365
8053,48.75,0.404296875,21869517.953986794
8054,52.5,0.404296875,8747807.181594718
8055,48.75,0.48515625,24009779.38399356
8056,52.5,0.48515625,9603911.753597423
8057,48.75,0.646875,37726562.5
8058,52.5,0.646875,15090625.0
8059,48.75,0.9703124999999999,36253027.761084385
8060,52.5,0.9703124999999999,14501211.104433753
8061,48.75,1.29375,49369751.4982305
8062,52.5,1.29375,19747900.5992922
8063,48.75,1.6171875,57324431.72096187
8064,48.75,1.940625,39268294.375166945
8065,52.5,1.6171875,22929772.68838475
8066,52.5,1.940625,15707317.750066778
8067,48.75,2.2640625,71976825.68150711
8068,48.75,2.5875,44225749.74125269
8069,52.5,2.2640625,28790730.272602845
8070,52.5,2.5875,17690299.896501075
8071,48.75,2.9109375,70334527.85824499
8072,48.75,3.234375,34736192.75215345
8073,52.5,2.9109375,28133811.143298
8074,52.5,3.234375,13894477.10086138
8075,48.75,3.5578125,31255922.496828258
8076,48.75,3.88125,53549983.61962475
8077,52.5,3.5578125,12502368.998731302
8078,52.5,3.88125,21419993.447849903
8079,48.75,4.204687499999999,62511657.45400971
8080,48.75,4.528124999999999,65561919.6443478
8081,52.5,4.204687499999999,25004662.981603883
8082,52.5,4.528124999999999,26224767.857739117
8083,48.75,4.8515625,42380446.47477626
8084,48.75,5.175,36145756.126469
8085,52.5,4.8515625,16952178.589910507
8086,52.5,5.175,14458302.450587599
8087,48.75,5.4984375,44084165.7850477
8088,48.75,5.821875,63960723.92911992
8089,52.5,5.4984375,17633666.31401908
8090,52.5,5.821875,25584289.57164797
8091,48.75,6.1453125,54671549.34874965
8092,48.75,6.46875,60730402.49816373
8093,52.5,6.1453125,21868619.73949986
8094,52.5,6.46875,24292160.99926549
8095,48.75,6.7921875,68639351.99965778
8096,48.75,7.115625,106586449.77797809
8097,52.5,6.7921875,27455740.799863115
8098,52.5,7.115625,42634579.91119124
8099,48.75,7.439062499999999,141923285.5902775
8100,48.75,7.762499999999999,83313442.1324118
8101,52.5,7.439062499999999,56769314.236111
8102,52.5,7.762499999999999,33325376.852964718
8103,48.75,8.0859375,79236823.57918501
8104,48.75,8.409374999999999,100025634.76562469
8105,52.5,8.0859375,31694729.431674
8106,52.5,8.409374999999999,40010253.90624988
8107,48.75,8.732812499999998,116458016.42002214
8108,48.75,9.056249999999999,68224951.58920968
8109,52.5,8.732812499999998,46583206.568008855
8110,52.5,9.056249999999999,27289980.63568387
8111,48.75,9.3796875,94295526.48821396
8112,48.75,9.703125,148256371.6529781
8113,52.5,9.3796875,37718210.59528559
8114,52.5,9.703125,59302548.661191225
8115,48.75,10.0265625,129280725.8540748
8116,48.75,10.35,97731645.63301264
8117,52.5,10.0265625,51712290.34162992
8118,52.5,10.35,43128355.368589684
8119,56.25,0.010107421875,0.0
8120,56.25,-0.0,0.0
8121,56.25,0.02021484375,0.0
8122,60.0,0.010107421875,0.0
8123,60.0,-0.0,0.0
8124,60.0,0.02021484375,0.0
8125,56.25,0.030322265625,0.0
8126,56.25,0.0404296875,0.0
8127,60.0,0.030322265625,0.0
8128,60.0,0.0404296875,0.0
8129,56.25,0.050537109375,0.0
8130,56.25,0.06064453124999999,0.0
8131,60.0,0.050537109375,0.0
8132,60.0,0.06064453124999999,0.0
8133,56.25,0.07075195312499999,0.0
8134,56.25,0.080859375,0.0
8135,60.0,0.07075195312499999,0.0
8136,60.0,0.080859375,0.0
8137,56.25,0.090966796875,0.0
8138,60.0,0.090966796875,0.0
8139,56.25,0.0960205078125,0.0
8140,56.25,0.10107421875,14645.519419612976
8141,60.0,0.0960205078125,0.0
8142,60.0,0.10107421875,58582.077678451904
8143,56.25,0.1061279296875,83546.0312346107
8144,56.25,0.111181640625,152446.54304960842
8145,60.0,0.1061279296875,334184.1249384428
8146,60.0,0.111181640625,609786.1721984337
8147,56.25,0.1162353515625,221347.0548646063
8148,56.25,0.1212890625,290247.56667960406
8149,60.0,0.1162353515625,885388.2194584252
8150,60.0,0.1212890625,1160990.2667184162
8151,56.25,0.1263427734375,359148.0784946017
8152,56.25,0.131396484375,428048.59030959965
8153,60.0,0.1263427734375,1436592.3139784068
8154,60.0,0.131396484375,1712194.3612383986
8155,56.25,0.1364501953125,496949.10212459724
8156,56.25,0.14150390625,565849.6139395952
8157,60.0,0.1364501953125,1987796.408498389
8158,60.0,0.14150390625,2263398.4557583807
8159,56.25,0.1465576171875,634750.1257545927
8160,56.25,0.151611328125,703650.6375695906
8161,60.0,0.1465576171875,2539000.503018371
8162,60.0,0.151611328125,2814602.5502783624
8163,56.25,0.1566650390625,772551.1493845885
8164,56.25,0.16171875,841451.6611995859
8165,60.0,0.1566650390625,3090204.597538354
8166,60.0,0.16171875,3365806.6447983435
8167,56.25,0.1667724609375,910352.173014584
8168,56.25,0.171826171875,979252.6848295814
8169,60.0,0.1667724609375,3641408.692058336
8170,60.0,0.171826171875,3917010.7393183256
8171,56.25,0.1768798828125,1048153.1966445793
8172,56.25,0.18193359375,1117053.7084595773
8173,60.0,0.1768798828125,4192612.786578317
8174,60.0,0.18193359375,4468214.833838309
8175,56.25,0.1869873046875,1185954.2202745748
8176,56.25,0.192041015625,1254854.7320895728
8177,60.0,0.1869873046875,4743816.881098299
8178,60.0,0.192041015625,5019418.928358291
8179,56.25,0.1970947265625,1323755.2439045701
8180,56.25,0.2,1363364.7168803422
8181,56.25,0.2021484375,1392655.755719568
8182,60.0,0.1970947265625,5295020.9756182805
8183,60.0,0.2,5453458.867521369
8184,60.0,0.2021484375,5570623.022878272
8185,56.25,0.2072021484375,1461556.267534566
8186,56.25,0.212255859375,1530456.7793495636
8187,60.0,0.2072021484375,5846225.070138264
8188,60.0,0.212255859375,6121827.117398255
8189,56.25,0.2173095703125,1599357.2911645614
8190,56.25,0.22236328125,1668257.8029795592
8191,60.0,0.2173095703125,6397429.164658246
8192,60.0,0.22236328125,6673031.211918237
8193,56.25,0.2274169921875,1737158.314794557
8194,56.25,0.232470703125,1806058.826609555
8195,60.0,0.2274169921875,6948633.259178228
8196,60.0,0.232470703125,7224235.30643822
8197,56.25,0.2375244140625,1874959.3384245525
8198,56.25,0.242578125,1943859.8502395505
8199,60.0,0.2375244140625,7499837.35369821
8200,60.0,0.242578125,7775439.400958202
8201,56.25,0.2476318359375,2012760.3620545478
8202,56.25,0.252685546875,2081660.8738695455
8203,60.0,0.2476318359375,8051041.448218191
8204,60.0,0.252685546875,8326643.495478182
8205,56.25,0.2577392578125,2150561.3856845438
8206,56.25,0.26279296875,2219461.8974995413
8207,60.0,0.2577392578125,8602245.542738175
8208,60.0,0.26279296875,8877847.589998165
8209,56.25,0.2678466796875,2288362.4093145384
8210,56.25,0.2729003906249999,2357262.921129535
8211,60.0,0.2678466796875,9153449.637258153
8212,60.0,0.2729003906249999,9429051.68451814
8213,56.25,0.2779541015624999,2426163.432944533
8214,56.25,0.2830078125,2495063.9447595323
8215,60.0,0.2779541015624999,9704653.731778132
8216,60.0,0.2830078125,9980255.77903813
8217,56.25,0.2880615234375,2563964.4565745303
8218,56.25,0.293115234375,2632864.9683895274
8219,60.0,0.2880615234375,10255857.826298121
8220,60.0,0.293115234375,10531459.87355811
8221,56.25,0.2981689453125,2701765.4802045254
8222,56.25,0.30322265625,2682792.875501845
8223,60.0,0.2981689453125,10807061.920818102
8224,60.0,0.30322265625,10731171.50200738
8225,56.25,0.313330078125,2544991.8518718486
8226,60.0,0.313330078125,10179967.407487394
8227,56.25,0.3234375,2407190.828241854
8228,60.0,0.3234375,9628763.312967416
8229,56.25,0.34365234375,2131588.780981863
8230,60.0,0.34365234375,8526355.123927452
8231,56.25,0.3638671875,1855986.7337218712
8232,60.0,0.3638671875,7423946.934887485
8233,56.25,0.404296875,1304782.6392018897
8234,60.0,0.404296875,5219130.556807559
8235,56.25,0.48515625,202374.45016192546
8236,60.0,0.48515625,809497.8006477018
8237,56.25,0.646875,0.0
8238,60.0,0.646875,0.0
8239,56.25,0.9703124999999999,0.0
8240,60.0,0.9703124999999999,0.0
8241,56.25,1.29375,0.0
8242,60.0,1.29375,0.0
8243,56.25,1.6171875,0.0
8244,56.25,1.940625,0.0
8245,60.0,1.6171875,0.0
8246,60.0,1.940625,0.0
8247,56.25,2.2640625,0.0
8248,56.25,2.5875,0.0
8249,60.0,2.2640625,0.0
8250,60.0,2.5875,0.0
8251,56.25,2.9109375,0.0
8252,56.25,3.234375,0.0
8253,60.0,2.9109375,0.0
8254,60.0,3.234375,0.0
8255,56.25,3.5578125,0.0
8256,56.25,3.88125,0.0
8257,60.0,3.5578125,0.0
8258,60.0,3.88125,0.0
8259,56.25,4.204687499999999,0.0
8260,56.25,4.528124999999999,0.0
8261,60.0,4.204687499999999,0.0
8262,60.0,4.528124999999999,0.0
8263,56.25,4.8515625,0.0
8264,56.25,5.175,0.0
8265,60.0,4.8515625,0.0
8266,60.0,5.175,0.0
8267,56.25,5.4984375,0.0
8268,56.25,5.821875,0.0
8269,60.0,5.4984375,0.0
8270,60.0,5.821875,0.0
8271,56.25,6.1453125,0.0
8272,56.25,6.46875,0.0
8273,60.0,6.1453125,0.0
8274,60.0,6.46875,0.0
8275,56.25,6.7921875,0.0
8276,56.25,7.115625,0.0
8277,60.0,6.7921875,0.0
8278,60.0,7.115625,0.0
8279,56.25,7.439062499999999,0.0
8280,56.25,7.762499999999999,0.0
8281,60.0,7.439062499999999,0.0
8282,60.0,7.762499999999999,0.0
8283,56.25,8.0859375,0.0
8284,56.25,8.409374999999999,0.0
8285,60.0,8.0859375,0.0
8286,60.0,8.409374999999999,0.0
8287,56.25,8.732812499999998,8889.457507010786
8288,56.25,9.056249999999999,1932216.8594751453
8289,60.0,8.732812499999998,35557.83002804314
8290,60.0,9.056249999999999,7728867.437900581
8291,56.25,9.3796875,0.0
8292,56.25,9.703125,0.0
8293,60.0,9.3796875,0.0
8294,60.0,9.703125,0.0
8295,56.25,10.0265625,0.0
8296,56.25,10.35,5885391.626602582
8297,60.0,10.0265625,0.0
8298,60.0,10.35,3363080.9294871893
8299,3.75,10.6734375,56725863078.58197
8300,3.75,10.996875,56537045178.01398
8301,7.5,10.6734375,46773092940.9451
8302,7.5,10.996875,46861854761.99419
8303,3.75,11.3203125,56877011321.76065
8304,3.75,11.64375,56091213011.65197
8305,7.5,11.3203125,47345088063.29711
8306,7.5,11.64375,46652921146.751465
8307,3.75,11.9671875,56828171156.92399
8308,3.75,12.290625,55924559281.83009
8309,7.5,11.9671875,47284553773.53766
8310,7.5,12.290625,46411841420.230705
8311,3.75,12.6140625,55805174593.15112
8312,3.75,12.9375,56360412086.42161
8313,7.5,12.6140625,46345633826.10094
8314,7.5,12.9375,47094026183.56036
8315,3.75,13.2609375,56029521179.72089
8316,3.75,13.584375,55391853769.103485
8317,7.5,13.2609375,47347991456.12146
8318,7.5,13.584375,46593057670.39763
8319,3.75,13.9078125,52890372221.33539
8320,3.75,14.23125,54321698561.44832
8321,7.5,13.9078125,44615004807.17064
8322,7.5,14.23125,45788620065.0207
8323,3.75,14.5546875,53795067702.0733
8324,3.75,14.878125,53126848614.03245
8325,7.5,14.5546875,45801880045.572914
8326,7.5,14.878125,45305401846.078735
8327,3.75,15.2015625,52547863407.49366
8328,3.75,15.525,50543660181.29007
8329,7.5,15.2015625,44745387554.566475
8330,7.5,15.525,43357962247.93003
8331,11.25,10.6734375,31897475516.425236
8332,11.25,10.996875,32492160461.425774
8333,15.0,10.6734375,17021858091.905378
8334,15.0,10.996875,18122466160.85737
8335,11.25,11.3203125,33324628339.45772
8336,11.25,11.64375,32576121814.69517
8337,15.0,11.3203125,19304168615.61833
8338,15.0,11.64375,18499322482.63889
8339,11.25,11.9671875,33122556834.685497
8340,11.25,12.290625,32315330175.676918
8341,15.0,11.9671875,18960559895.833336
8342,15.0,12.290625,18218818931.12313
8343,11.25,12.6140625,32475292200.59387
8344,11.25,12.9375,33321969580.495457
8345,15.0,12.6140625,18604950575.086807
8346,15.0,12.9375,19549912977.430557
8347,11.25,13.2609375,34118331379.68667
8348,11.25,13.584375,33501463499.41156
8349,15.0,13.2609375,20888671303.25187
8350,15.0,13.584375,20409869328.42548
8351,11.25,13.9078125,32426037971.95304
8352,11.25,14.23125,33155786190.195976
8353,15.0,13.9078125,20237071136.735443
8354,15.0,14.23125,20522952315.371254
8355,11.25,14.5546875,33883500413.161057
8356,11.25,14.878125,33605287092.159954
8357,15.0,14.5546875,21965120780.7492
8358,15.0,14.878125,21905172338.241184
8359,11.25,15.2015625,33251997920.37051
8360,11.25,15.525,32858729037.293003
8361,15.0,15.2015625,21758608286.17455
8362,15.0,15.525,22359495826.655983
8363,18.75,10.6734375,13397155966.86469
8364,18.75,10.996875,14192420311.091496
8365,22.5,10.6734375,9772453841.824003
8366,22.5,10.996875,10262374461.32562
8367,18.75,11.3203125,14856955615.364798
8368,18.75,11.64375,14503601371.047844
8369,22.5,11.3203125,10409742615.111261
8370,22.5,11.64375,10507880259.456799
8371,18.75,11.9671875,14870402801.904924
8372,18.75,12.290625,14376227861.974995
8373,22.5,11.9671875,10780245707.976513
8374,22.5,12.290625,10533636792.826859
8375,18.75,12.6140625,14585370060.32569
8376,18.75,12.9375,15325710422.092012
8377,22.5,12.6140625,10565789545.564571
8378,22.5,12.9375,11101507866.753471
8379,18.75,13.2609375,16161205861.67034
8380,18.75,13.584375,15823808186.848959
8381,22.5,13.2609375,11433740420.088808
8382,22.5,13.584375,11237747045.272434
8383,18.75,13.9078125,15723369679.24721
8384,18.75,14.23125,15895849948.459198
8385,22.5,13.9078125,11209668221.758982
8386,22.5,14.23125,11268747581.547142
8387,18.75,14.5546875,16832626340.817184
8388,18.75,14.878125,16995717153.539412
8389,22.5,14.5546875,11700131900.885166
8390,22.5,14.878125,12086261968.837639
8391,18.75,15.2015625,16966135757.628876
8392,18.75,15.525,17470155432.02457
8393,22.5,15.2015625,12173663229.083202
8394,22.5,15.525,12580815037.393162
8395,26.25,10.6734375,6657834548.585031
8396,26.25,10.996875,6899614199.542184
8397,30.0,10.6734375,4563380918.949488
8398,30.0,10.996875,4671425113.723624
8399,26.25,11.3203125,6747827583.508615
8400,26.25,11.64375,7102234144.944413
8401,30.0,11.3203125,4656508489.207732
8402,30.0,11.64375,4876738024.589344
8403,26.25,11.9671875,7290948748.048961
8404,26.25,12.290625,7223999845.638439
8405,30.0,11.9671875,5003372056.123131
8406,30.0,12.290625,4980271142.369457
8407,26.25,12.6140625,7152628911.98835
8408,26.25,12.9375,7549278403.779382
8409,30.0,12.6140625,4952308040.781919
8410,30.0,12.9375,5340995125.534188
8411,26.25,13.2609375,7523516272.650825
8412,26.25,13.584375,7445037937.366452
8413,30.0,13.2609375,5247774713.499933
8414,30.0,13.584375,5239032896.801549
8415,26.25,13.9078125,7454291952.801566
8416,26.25,14.23125,7439791434.00274
8417,30.0,13.9078125,5215566060.905783
8418,30.0,14.23125,5207127725.193645
8419,26.25,14.5546875,7512368875.226404
8420,26.25,14.878125,7998604529.382428
8421,30.0,14.5546875,5214068678.11415
8422,30.0,14.878125,5554542580.42034
8423,26.25,15.2015625,8160692959.725143
8424,26.25,15.525,8456073442.508011
8425,30.0,15.2015625,5706727208.742322
8426,30.0,15.525,5860529447.115383
8427,33.75,10.6734375,2468927289.3139443
8428,33.75,10.996875,2443236027.9050646
8429,37.5,10.6734375,1395200120.348808
8430,37.5,10.996875,1330679705.4453793
8431,33.75,11.3203125,2565189394.906851
8432,33.75,11.64375,2651241904.234275
8433,37.5,11.3203125,1452831866.976746
8434,37.5,11.64375,1468853142.1107104
8435,33.75,11.9671875,2715795364.197299
8436,33.75,12.290625,2736542439.100477
8437,37.5,11.9671875,1500052079.9946582
8438,37.5,12.290625,1528239294.7465947
8439,33.75,12.6140625,2751987169.5754876
8440,33.75,12.9375,3132711847.288996
8441,37.5,12.6140625,1550248534.1129143
8442,37.5,12.9375,1835509259.8157058
8443,33.75,13.2609375,2972033154.349042
8444,33.75,13.584375,3033027856.236645
8445,37.5,13.2609375,1686827443.7015896
8446,37.5,13.584375,1750522651.8992887
8447,33.75,13.9078125,2976840169.0099993
8448,33.75,14.23125,2974464016.384549
8449,37.5,13.9078125,1717954319.0980568
8450,37.5,14.23125,1718736236.7287664
8451,33.75,14.5546875,2915768481.001895
8452,33.75,14.878125,3110480631.45825
8453,37.5,14.5546875,1666849861.7579794
8454,37.5,14.878125,1767652264.665131
8455,33.75,15.2015625,3252761457.7594995
8456,33.75,15.525,3264985451.7227564
8457,37.5,15.2015625,1863434379.3820117
8458,37.5,15.525,1838373672.8766026
8459,41.25,10.6734375,831836181.7188754
8460,41.25,10.996875,775939764.6651309
8461,45.0,10.6734375,268472243.08894265
8462,45.0,10.996875,221199823.88488275
8463,41.25,11.3203125,829955122.2320297
8464,41.25,11.64375,808018059.1028979
8465,45.0,11.3203125,207078377.48731324
8466,45.0,11.64375,147182976.0950855
8467,41.25,11.9671875,820225499.6536126
8468,41.25,12.290625,837648929.8502605
8469,45.0,11.9671875,140398919.31256682
8470,45.0,12.290625,147058564.95392624
8471,41.25,12.6140625,847801016.522269
8472,41.25,12.9375,993847017.7283657
8473,45.0,12.6140625,145353498.93162394
8474,45.0,12.9375,152184775.64102563
8475,41.25,13.2609375,896889657.3058561
8476,41.25,13.584375,929767365.675706
8477,45.0,13.2609375,106951870.91012281
8478,45.0,13.584375,109012079.45212337
8479,41.25,13.9078125,948988490.1780349
8480,41.25,14.23125,951476421.6496395
8481,45.0,13.9078125,180022661.25801283
8482,45.0,14.23125,184216606.57051283
8483,41.25,14.5546875,942622031.4482338
8484,41.25,14.878125,975440688.9564972
8485,45.0,14.5546875,218394201.13848817
8486,45.0,14.878125,183229113.2478633
8487,41.25,15.2015625,1006426637.3071918
8488,41.25,15.525,996228002.3036859
8489,45.0,15.2015625,149418895.23237187
8490,45.0,15.525,154082331.73076925
8491,48.75,10.6734375,168260361.42202547
8492,48.75,10.996875,138586754.22342432
8493,52.5,10.6734375,68048479.75510825
8494,52.5,10.996875,55973684.56196588
8495,48.75,11.3203125,130065856.51625948
8496,48.75,11.64375,92264343.47038595
8497,52.5,11.3203125,53053335.54520571
8498,52.5,11.64375,37345710.845686436
8499,48.75,11.9671875,88136836.22963412
8500,48.75,12.290625,92340156.59430087
8501,52.5,11.9671875,35874753.1467014
8502,52.5,12.290625,37621748.234675474
8503,48.75,12.6140625,91226570.76843783
8504,48.75,12.9375,95480335.41165866
8505,52.5,12.6140625,37099642.60525173
8506,52.5,12.9375,38775895.182291664
8507,48.75,13.2609375,68178866.91623262
8508,48.75,13.584375,69645147.93982872
8509,52.5,13.2609375,29405862.922342405
8510,52.5,13.584375,30278216.42753405
8511,48.75,13.9078125,112514163.28625801
8512,48.75,14.23125,115135379.10657051
8513,52.5,13.9078125,45005665.31450321
8514,52.5,14.23125,46054151.64262821
8515,48.75,14.5546875,140441270.35548538
8516,48.75,14.878125,118533360.66873667
8517,52.5,14.5546875,62488339.57248262
8518,52.5,14.878125,53837608.089610055
8519,48.75,15.2015625,99710368.62104374
8520,48.75,15.525,97461638.62179488
8521,52.5,15.2015625,50001842.00971561
8522,52.5,15.525,40840945.51282051
8523,56.25,10.6734375,1085488.8133513518
8524,56.25,10.996875,786016.6892027245
8525,60.0,10.6734375,620279.3219150583
8526,60.0,10.996875,449152.39383012825
8527,56.25,11.3203125,1497698.0356069747
8528,56.25,11.64375,641627.9589009092
8529,60.0,11.3203125,855827.4489182713
8530,60.0,11.64375,366644.5479433767
8531,56.25,11.9671875,904193.8716529802
8532,56.25,12.290625,999958.1622262276
8533,60.0,11.9671875,516682.21237313154
8534,60.0,12.290625,571404.6641292729
8535,56.25,12.6140625,888145.8510700441
8536,56.25,12.9375,851318.1507077985
8537,60.0,12.6140625,507511.91489716806
8538,60.0,12.9375,486467.51469017065
8539,56.25,13.2609375,3112544.3939469843
8540,56.25,13.584375,3529395.9919204074
8541,60.0,13.2609375,1778596.7965411337
8542,60.0,13.584375,2016797.709668804
8543,56.25,13.9078125,0.0
8544,56.25,14.23125,0.0
8545,60.0,13.9078125,0.0
8546,60.0,14.23125,0.0
8547,56.25,14.5546875,9204754.169170674
8548,56.25,14.878125,9368718.073918268
8549,60.0,14.5546875,5259859.525240384
8550,60.0,14.878125,5353553.185096154
8551,56.25,15.2015625,14754971.23522642
8552,56.25,15.525,2707089.676816232
8553,60.0,15.2015625,8431412.134415098
8554,60.0,15.525,1546908.3867521328
8555,3.75,15.8484375,50496358893.50044
8556,3.75,16.171875,49409509908.56203
8557,7.5,15.8484375,43443539875.78042
8558,7.5,16.171875,42637571479.99298
8559,3.75,16.4953125,49261172769.921455
8560,3.75,16.81875,48262233471.47101
8561,7.5,16.4953125,42393802447.97926
8562,7.5,16.81875,41598710879.49051
8563,3.75,17.1421875,49817459906.16236
8564,3.75,17.465625,48055153215.457245
8565,7.5,17.1421875,43083783025.23621
8566,7.5,17.465625,41592896930.92282
8567,3.75,17.7890625,46969192860.39955
8568,3.75,18.1125,46559242874.0151
8569,7.5,17.7890625,40920230762.97075
8570,7.5,18.1125,40861924888.15438
8571,11.25,15.8484375,33066138895.93141
8572,11.25,16.171875,32802893186.911556
8573,15.0,15.8484375,22688737916.082397
8574,15.0,16.171875,22968214893.830128
8575,11.25,16.4953125,32169295251.308342
8576,11.25,16.81875,31811567362.98911
8577,15.0,16.4953125,21944788054.637413
8578,15.0,16.81875,22024423846.487713
8579,11.25,17.1421875,32689873466.03524
8580,11.25,17.465625,32027505924.061832
8581,15.0,17.1421875,22295963906.834274
8582,15.0,17.465625,22462114917.200848
8583,11.25,17.7890625,31756269396.659657
8584,11.25,18.1125,32250521480.201653
8585,15.0,17.7890625,22592308030.348564
8586,15.0,18.1125,23639118072.24893
8587,18.75,15.8484375,17548944885.51474
8588,18.75,16.171875,17730478992.951218
8589,22.5,15.8484375,12409151854.94708
8590,22.5,16.171875,12492743092.072311
8591,18.75,16.4953125,17034004184.038206
8592,18.75,16.81875,17119885554.939987
8593,22.5,16.4953125,12123220313.439
8594,22.5,16.81875,12215347263.392263
8595,18.75,17.1421875,17403062475.48161
8596,18.75,17.465625,17539680806.999527
8597,22.5,17.1421875,12510161044.128948
8598,22.5,17.465625,12617246696.798206
8599,18.75,17.7890625,17466770629.882812
8600,18.75,18.1125,18043896561.581867
8601,22.5,17.7890625,12341233229.417068
8602,22.5,18.1125,12448675050.914797
8603,26.25,15.8484375,8147363057.454426
8604,26.25,16.171875,8152983215.853695
8605,30.0,15.8484375,5641582726.111779
8606,30.0,16.171875,5609175388.95566
8607,26.25,16.4953125,7995060095.110508
8608,26.25,16.81875,8072835062.422797
8609,30.0,16.4953125,5432147181.32345
8610,30.0,16.81875,5454375042.609844
8611,26.25,17.1421875,8365459676.158945
8612,26.25,17.465625,8432632136.261766
8613,30.0,17.1421875,5717158434.954266
8614,30.0,17.465625,5723656675.055086
8615,26.25,17.7890625,8077480672.461355
8616,26.25,18.1125,7866247365.159256
8617,30.0,17.7890625,5537297802.525708
8618,30.0,18.1125,5309407329.226764
8619,33.75,15.8484375,3135802394.769131
8620,33.75,16.171875,3065367562.057626
8621,37.5,15.8484375,1775432368.8735318
8622,37.5,16.171875,1698069902.468951
8623,33.75,16.4953125,2869234267.5363913
8624,33.75,16.81875,2835915022.796892
8625,37.5,16.4953125,1537753200.433193
8626,37.5,16.81875,1517610775.365585
8627,33.75,17.1421875,3068857193.749585
8628,33.75,17.465625,3014681213.848407
8629,37.5,17.1421875,1660694218.2491996
8630,37.5,17.465625,1614325382.1739786
8631,33.75,17.7890625,2997114932.590061
8632,33.75,18.1125,2752567293.294272
8633,37.5,17.7890625,1645250909.2673278
8634,37.5,18.1125,1467989116.336138
8635,41.25,15.8484375,987767495.7014558
8636,41.25,16.171875,919027326.5349562
8637,45.0,15.8484375,200102622.52938014
8638,45.0,16.171875,139984750.60096142
8639,41.25,16.4953125,821988056.6719248
8640,41.25,16.81875,849384414.1251009
8641,45.0,16.4953125,106222912.9106569
8642,45.0,16.81875,181158052.88461643
8643,41.25,17.1421875,872600375.6009614
8644,41.25,17.465625,868279365.2656752
8645,45.0,17.1421875,84506532.95272344
8646,45.0,17.465625,122233348.35737187
8647,41.25,17.7890625,887546309.2510517
8648,41.25,18.1125,819541868.8651844
8649,45.0,17.7890625,129841709.23477578
8650,45.0,18.1125,171094621.39423075
8651,48.75,15.8484375,125064139.08086258
8652,48.75,16.171875,87490469.12560087
8653,52.5,15.8484375,50025655.632345036
8654,52.5,16.171875,34996187.650240354
8655,48.75,16.4953125,66389320.56916055
8656,48.75,16.81875,113223783.05288528
8657,52.5,16.4953125,26555728.227664225
8658,52.5,16.81875,45289513.22115411
8659,48.75,17.1421875,52816583.09545216
8660,48.75,17.465625,76395842.72335741
8661,52.5,17.1421875,21126633.23818086
8662,52.5,17.465625,30558337.089342967
8663,48.75,17.7890625,81151068.27173486
8664,48.75,18.1125,106934138.37139423
8665,52.5,17.7890625,32460427.308693945
8666,52.5,18.1125,42773655.34855769
8667,56.25,15.8484375,0.0
8668,56.25,16.171875,0.0
8669,60.0,15.8484375,0.0
8670,60.0,16.171875,0.0
8671,56.25,16.4953125,0.0
8672,56.25,16.81875,0.0
8673,60.0,16.4953125,0.0
8674,60.0,16.81875,0.0
8675,56.25,17.1421875,0.0
8676,56.25,17.465625,0.0
8677,60.0,17.1421875,0.0
8678,60.0,17.465625,0.0
8679,56.25,17.7890625,0.0
8680,56.25,18.1125,0.0
8681,60.0,17.7890625,0.0
8682,60.0,18.1125,0.0
8683,3.75,18.4359375,46704488924.72748
8684,3.75,18.759375,46017977127.98811
8685,7.5,18.4359375,40741187153.090775
8686,7.5,18.759375,40253572859.28318
8687,3.75,19.0828125,45475966761.40158
8688,3.75,19.40625,46111189003.44718
8689,7.5,19.0828125,40098822328.746826
8690,7.5,19.40625,40460501784.10457
8691,11.25,18.4359375,31922830735.16585
8692,11.25,18.759375,31680127686.068542
8693,15.0,18.4359375,23104474317.24092
8694,15.0,18.759375,23106682512.8539
8695,11.25,19.0828125,31776574583.135098
8696,11.25,19.40625,31757133616.912056
8697,15.0,19.0828125,23454326837.52337
8698,15.0,19.40625,23053765449.71955
8699,18.75,18.4359375,17591465267.840008
8700,18.75,18.759375,17824557950.272522
8701,22.5,18.4359375,12078456218.439087
8702,22.5,18.759375,12542433387.691137
8703,18.75,19.0828125,17945474176.23406
8704,18.75,19.40625,17707035534.98097
8705,22.5,19.0828125,12436621514.944748
8706,22.5,19.40625,12360305620.242386
8707,26.25,18.4359375,7577318493.182844
8708,26.25,18.759375,8123263752.994372
8709,30.0,18.4359375,5099923416.215947
8710,30.0,18.759375,5430003974.066839
8711,26.25,19.0828125,7880758375.797113
8712,26.25,19.40625,7911975340.805704
8713,30.0,19.0828125,5230874280.932831
8714,30.0,19.40625,5260444331.972823
8715,33.75,18.4359375,2622528339.2490487
8716,33.75,18.759375,2736744195.139305
8717,37.5,18.4359375,1380184193.1465342
8718,37.5,18.759375,1403433299.5292459
8719,33.75,19.0828125,2580990186.0685472
8720,33.75,19.40625,2608913323.1399403
8721,37.5,19.0828125,1296341422.8390455
8722,37.5,19.40625,1315917941.936265
8723,41.25,18.4359375,755365512.4762115
8724,41.25,18.759375,750096845.5779243
8725,45.0,18.4359375,130546831.80588906
8726,45.0,18.759375,96760391.62660262
8727,41.25,19.0828125,694310325.4269345
8728,41.25,19.40625,702190374.5471923
8729,45.0,19.0828125,92279228.01482356
8730,45.0,19.40625,88462807.15811968
8731,48.75,18.4359375,81591769.87868066
8732,48.75,18.759375,60475244.76662664
8733,52.5,18.4359375,32636707.951472264
8734,52.5,18.759375,24190097.906650655
8735,48.75,19.0828125,57674517.50926472
8736,48.75,19.40625,55289254.4738248
8737,52.5,19.0828125,23069807.00370589
8738,52.5,19.40625,22115701.78952992
8739,56.25,18.4359375,0.0
8740,56.25,18.759375,0.0
8741,60.0,18.4359375,0.0
8742,60.0,18.759375,0.0
8743,56.25,19.0828125,0.0
8744,56.25,19.40625,0.0
8745,60.0,19.0828125,0.0
8746,60.0,19.40625,0.0
8747,3.75,19.7296875,43976297813.48075
8748,7.5,19.7296875,38752456004.08571
8749,3.75,19.89140625,44721617212.800896
8750,7.5,19.89140625,39253612486.4888
8751,3.75,19.972265625,44068856754.857254
8752,7.5,19.972265625,38726337118.94762
8753,3.75,20.0126953125,43681505597.595474
8754,7.5,20.0126953125,38416448680.06258
8755,3.75,20.053125,43294154440.333694
8756,7.5,20.053125,38106560241.17754
8757,11.25,19.7296875,31017184318.60769
8758,15.0,19.7296875,23281912633.12967
8759,11.25,19.89140625,30811871291.592583
8760,15.0,19.89140625,22370130096.696373
8761,11.25,19.972265625,30562481901.96763
8762,15.0,19.972265625,22398626684.987648
8763,11.25,20.0126953125,30429062549.656273
8764,15.0,20.0126953125,22441676419.249966
8765,11.25,20.053125,30295643197.344917
8766,15.0,20.053125,22484726153.512287
8767,18.75,19.7296875,17821627698.327736
8768,22.5,19.7296875,12361342763.525805
8769,18.75,19.89140625,17233528301.40203
8770,22.5,19.89140625,12096926506.107685
8771,18.75,19.972265625,17208561040.112095
8772,22.5,19.972265625,12018495395.236546
8773,18.75,20.0126953125,17212076905.731464
8774,22.5,20.0126953125,11982477392.212957
8775,18.75,20.053125,17215592771.350826
8776,22.5,20.053125,11946459389.18937
8777,26.25,19.7296875,7864851866.606361
8778,30.0,19.7296875,5295949045.451888
8779,26.25,19.89140625,7792412343.877808
8780,30.0,19.89140625,5152073447.776858
8781,26.25,19.972265625,7695462291.554508
8782,30.0,19.972265625,5106494270.2595
8783,26.25,20.0126953125,7643376275.119619
8784,30.0,20.0126953125,5085271950.87661
8785,26.25,20.053125,7591290258.684728
8786,30.0,20.053125,5064049631.493722
8787,33.75,19.7296875,2727046224.2974153
8788,37.5,19.7296875,1430546574.3627286
8789,33.75,19.89140625,2511734551.6759095
8790,37.5,19.89140625,1248706533.656975
8791,33.75,19.972265625,2517526248.9644885
8792,37.5,19.972265625,1267182009.4181936
8793,33.75,20.0126953125,2527167626.633603
8794,37.5,20.0126953125,1282924344.3650463
8795,33.75,20.053125,2536809004.3027177
8796,37.5,20.053125,1298666679.311899
8797,41.25,19.7296875,770248510.0379348
8798,45.0,19.7296875,109950445.71314092
8799,41.25,19.89140625,674333954.6790484
8800,45.0,19.89140625,99961375.70112176
8801,41.25,19.972265625,686149660.7462562
8802,45.0,19.972265625,105117312.07431884
8803,41.25,20.0126953125,695611583.0837151
8804,45.0,20.0126953125,108298821.80238381
8805,41.25,20.053125,705073505.4211738
8806,45.0,20.053125,111480331.53044876
8807,48.75,19.7296875,68719028.57071307
8808,52.5,19.7296875,27487611.42828523
8809,48.75,19.89140625,62475859.8132011
8810,52.5,19.89140625,24990343.92528044
8811,48.75,19.972265625,65698320.046449274
8812,52.5,19.972265625,26279328.01857971
8813,48.75,20.0126953125,67686763.62648988
8814,52.5,20.0126953125,27074705.450595953
8815,48.75,20.053125,69675207.20653048
8816,52.5,20.053125,27870082.88261219
8817,56.25,19.7296875,0.0
8818,60.0,19.7296875,0.0
8819,56.25,19.89140625,0.0
8820,60.0,19.89140625,0.0
8821,56.25,19.972265625,0.0
8822,60.0,19.972265625,0.0
8823,56.25,20.0126953125,0.0
8824,60.0,20.0126953125,0.0
8825,56.25,20.053125,0.0
8826,60.0,20.053125,0.0
8827,3.75,20.07333984375,43100478861.702835
8828,7.5,20.07333984375,37951616021.73506
8829,3.75,20.083447265625,43003641072.38738
8830,7.5,20.083447265625,37874143912.01379
8831,3.75,20.0935546875,42906803283.07195
8832,7.5,20.0935546875,37796671802.292534
8833,3.75,20.0986083984375,42858384388.41423
8834,3.75,20.103662109375,42845460632.53615
8835,7.5,20.0986083984375,37757935747.431915
8836,7.5,20.103662109375,37743530325.68581
8837,3.75,20.1087158203125,42846025029.39436
8838,3.75,20.11376953125,42846589426.25259
8839,7.5,20.1087158203125,37738370544.523254
8840,7.5,20.11376953125,37733210763.3607
8841,3.75,20.1188232421875,42847153823.110794
8842,3.75,20.123876953125,42847718219.96901
8843,7.5,20.1188232421875,37728050982.19815
8844,7.5,20.123876953125,37722891201.0356
8845,3.75,20.1289306640625,42848282616.827225
8846,3.75,20.133984375,42848847013.68543
8847,7.5,20.1289306640625,37717731419.87303
8848,7.5,20.133984375,37712571638.71049
8849,11.25,20.07333984375,30228933521.18925
8850,15.0,20.07333984375,22506251020.643444
8851,11.25,20.083447265625,30195578683.111404
8852,15.0,20.083447265625,22517013454.209026
8853,11.25,20.0935546875,30162223845.03357
8854,15.0,20.0935546875,22527775887.774605
8855,11.25,20.0986083984375,30145546425.99466
8856,11.25,20.103662109375,30129898075.340137
8857,15.0,20.0986083984375,22533157104.557392
8858,15.0,20.103662109375,22516265824.994473
8859,11.25,20.1087158203125,30114640770.67172
8860,11.25,20.11376953125,30099383466.003296
8861,15.0,20.1087158203125,22490910996.82018
8862,15.0,20.11376953125,22465556168.64588
8863,11.25,20.1188232421875,30084126161.33487
8864,11.25,20.123876953125,30068868856.666447
8865,15.0,20.1188232421875,22440201340.47159
8866,15.0,20.123876953125,22414846512.297295
8867,11.25,20.1289306640625,30053611551.998005
8868,11.25,20.133984375,30038354247.329582
8869,15.0,20.1289306640625,22389491684.122982
8870,15.0,20.133984375,22364136855.948685
8871,3.75,20.1390380859375,42849411410.543655
8872,3.75,20.144091796875,42849975807.40187
8873,7.5,20.1390380859375,37707411857.547935
8874,7.5,20.144091796875,37702252076.38537
8875,3.75,20.1491455078125,42850540204.260086
8876,3.75,20.15419921875,42851104601.1183
8877,7.5,20.1491455078125,37697092295.22282
8878,7.5,20.15419921875,37691932514.06026
8879,3.75,20.1592529296875,42851668997.97651
8880,3.75,20.164306640625,42852233394.83473
8881,7.5,20.1592529296875,37686772732.8977
8882,7.5,20.164306640625,37681612951.735146
8883,3.75,20.1693603515625,42852797791.69295
8884,3.75,20.1744140625,42853362188.55116
8885,7.5,20.1693603515625,37676453170.57259
8886,7.5,20.1744140625,37671293389.41004
8887,11.25,20.1390380859375,30023096942.66116
8888,11.25,20.144091796875,30007839637.992737
8889,15.0,20.1390380859375,22338782027.77439
8890,15.0,20.144091796875,22313427199.6001
8891,11.25,20.1491455078125,29992582333.32431
8892,11.25,20.15419921875,29977325028.655876
8893,15.0,20.1491455078125,22288072371.425804
8894,15.0,20.15419921875,22262717543.251495
8895,11.25,20.1592529296875,29962067723.987446
8896,11.25,20.164306640625,29946810419.319023
8897,15.0,20.1592529296875,22237362715.077198
8898,15.0,20.164306640625,22212007886.902905
8899,11.25,20.1693603515625,29931553114.6506
8900,11.25,20.1744140625,29916295809.982178
8901,15.0,20.1693603515625,22186653058.72861
8902,15.0,20.1744140625,22161298230.554317
8903,3.75,20.1794677734375,42853926585.40938
8904,3.75,20.184521484375,42854490982.26759
8905,7.5,20.1794677734375,37666133608.24748
8906,7.5,20.184521484375,37660973827.084915
8907,3.75,20.1895751953125,42855055379.12581
8908,3.75,20.19462890625,42855619775.984024
8909,7.5,20.1895751953125,37655814045.92238
8910,7.5,20.19462890625,37650654264.75982
8911,11.25,20.1794677734375,29901038505.313744
8912,11.25,20.184521484375,29885781200.645313
8913,15.0,20.1794677734375,22135943402.380005
8914,15.0,20.184521484375,22110588574.205708
8915,11.25,20.1895751953125,29870523895.9769
8916,11.25,20.19462890625,29855266591.308468
8917,15.0,20.1895751953125,22085233746.031418
8918,15.0,20.19462890625,22059878917.857124
8919,3.75,20.1996826171875,42856184172.84224
8920,3.75,20.2,42856219618.05555
8921,3.75,20.204736328125,42856748569.700455
8922,7.5,20.1996826171875,37645494483.59726
8923,7.5,20.2,37645170439.36966
8924,7.5,20.204736328125,37640334702.4347
8925,11.25,20.1996826171875,29840009286.640045
8926,11.25,20.2,29839051098.42415
8927,11.25,20.204736328125,29824751981.971607
8928,15.0,20.1996826171875,22034524089.682827
8929,15.0,20.2,22032931757.47864
8930,15.0,20.204736328125,22009169261.508514
8931,3.75,20.2097900390625,42857312966.55867
8932,7.5,20.2097900390625,37635174921.27215
8933,3.75,20.21484375,42857877363.416885
8934,7.5,20.21484375,37630015140.1096
8935,11.25,20.2097900390625,29809494677.303185
8936,15.0,20.2097900390625,21983814433.33422
8937,11.25,20.21484375,29794237372.634758
8938,15.0,20.21484375,21958459605.159927
8939,18.75,20.07333984375,17217350704.16051
8940,22.5,20.07333984375,11928450387.677578
8941,18.75,20.083447265625,17218229670.565353
8942,22.5,20.083447265625,11919445886.92168
8943,18.75,20.0935546875,17219108636.970192
8944,22.5,20.0935546875,11910441386.165783
8945,18.75,20.0986083984375,17219548120.172615
8946,18.75,20.103662109375,17209932278.40489
8947,22.5,20.0986083984375,11905939135.787836
8948,22.5,20.103662109375,11903598731.815306
8949,18.75,20.1087158203125,17196495413.148506
8950,18.75,20.11376953125,17183058547.892128
8951,22.5,20.1087158203125,11902079829.476837
8952,22.5,20.11376953125,11900560927.138372
8953,18.75,20.1188232421875,17169621682.635746
8954,18.75,20.123876953125,17156184817.379366
8955,22.5,20.1188232421875,11899042024.7999
8956,22.5,20.123876953125,11897523122.461435
8957,18.75,20.1289306640625,17142747952.122974
8958,18.75,20.133984375,17129311086.866592
8959,22.5,20.1289306640625,11896004220.122965
8960,22.5,20.133984375,11894485317.784498
8961,26.25,20.07333984375,7565247250.467287
8962,30.0,20.07333984375,5053438471.80228
8963,26.25,20.083447265625,7552225746.358562
8964,30.0,20.083447265625,5048132891.956557
8965,26.25,20.0935546875,7539204242.249843
8966,30.0,20.0935546875,5042827312.110836
8967,26.25,20.0986083984375,7532693490.195482
8968,26.25,20.103662109375,7535320369.826423
8969,30.0,20.0986083984375,5040174522.187977
8970,30.0,20.103662109375,5043152377.038939
8971,26.25,20.1087158203125,7541419549.497784
8972,26.25,20.11376953125,7547518729.169144
8973,30.0,20.1087158203125,5048269876.903957
8974,30.0,20.11376953125,5053387376.768974
8975,26.25,20.1188232421875,7553617908.840504
8976,26.25,20.123876953125,7559717088.511863
8977,30.0,20.1188232421875,5058504876.633992
8978,30.0,20.123876953125,5063622376.499009
8979,26.25,20.1289306640625,7565816268.183228
8980,26.25,20.133984375,7571915447.854588
8981,30.0,20.1289306640625,5068739876.364031
8982,30.0,20.133984375,5073857376.229049
8983,18.75,20.1390380859375,17115874221.61021
8984,18.75,20.144091796875,17102437356.353832
8985,22.5,20.1390380859375,11892966415.446028
8986,22.5,20.144091796875,11891447513.107563
8987,18.75,20.1491455078125,17089000491.097448
8988,18.75,20.15419921875,17075563625.84106
8989,22.5,20.1491455078125,11889928610.76909
8990,22.5,20.15419921875,11888409708.430626
8991,18.75,20.1592529296875,17062126760.584675
8992,18.75,20.164306640625,17048689895.328297
8993,22.5,20.1592529296875,11886890806.092154
8994,22.5,20.164306640625,11885371903.753689
8995,18.75,20.1693603515625,17035253030.071915
8996,18.75,20.1744140625,17021816164.815533
8997,22.5,20.1693603515625,11883853001.41522
8998,22.5,20.1744140625,11882334099.076754
8999,26.25,20.1390380859375,7578014627.525948
9000,26.25,20.144091796875,7584113807.197307
9001,30.0,20.1390380859375,5078974876.094067
9002,30.0,20.144091796875,5084092375.9590845
9003,26.25,20.1491455078125,7590212986.868668
9004,26.25,20.15419921875,7596312166.540032
9005,30.0,20.1491455078125,5089209875.824102
9006,30.0,20.15419921875,5094327375.689123
9007,26.25,20.1592529296875,7602411346.211392
9008,26.25,20.164306640625,7608510525.882753
9009,30.0,20.1592529296875,5099444875.554141
9010,30.0,20.164306640625,5104562375.419159
9011,26.25,20.1693603515625,7614609705.5541115
9012,26.25,20.1744140625,7620708885.225472
9013,30.0,20.1693603515625,5109679875.284177
9014,30.0,20.1744140625,5114797375.149194
9015,18.75,20.1794677734375,17008379299.559145
9016,18.75,20.184521484375,16994942434.302761
9017,22.5,20.1794677734375,11880815196.738285
9018,22.5,20.184521484375,11879296294.399815
9019,18.75,20.1895751953125,16981505569.046383
9020,18.75,20.19462890625,16968068703.79
9021,22.5,20.1895751953125,11877777392.061348
9022,22.5,20.19462890625,11876258489.72288
9023,26.25,20.1794677734375,7626808064.896837
9024,26.25,20.184521484375,7632907244.568197
9025,30.0,20.1794677734375,5119914875.014216
9026,30.0,20.184521484375,5125032374.879232
9027,26.25,20.1895751953125,7639006424.239557
9028,26.25,20.19462890625,7645105603.910917
9029,30.0,20.1895751953125,5130149874.74425
9030,30.0,20.19462890625,5135267374.609269
9031,18.75,20.1996826171875,16954631838.533619
9032,18.75,20.2,16953787977.43056
9033,18.75,20.204736328125,16941194973.277227
9034,22.5,20.1996826171875,11874739587.384413
9035,22.5,20.2,11874644197.382479
9036,22.5,20.204736328125,11873220685.045942
9037,26.25,20.1996826171875,7651204783.582276
9038,26.25,20.2,7651587823.851493
9039,26.25,20.204736328125,7657303963.253642
9040,30.0,20.1996826171875,5140384874.474287
9041,30.0,20.2,5140706263.3547
9042,30.0,20.204736328125,5145502374.339308
9043,18.75,20.2097900390625,16927758108.020847
9044,22.5,20.2097900390625,11871701782.707476
9045,18.75,20.21484375,16914321242.764467
9046,22.5,20.21484375,11870182880.369007
9047,26.25,20.2097900390625,7663403142.925001
9048,30.0,20.2097900390625,5150619874.204326
9049,26.25,20.21484375,7669502322.596362
9050,30.0,20.21484375,5155737374.069343
9051,3.75,20.2198974609375,42858441760.2751
9052,7.5,20.2198974609375,37624855358.94704
9053,11.25,20.2198974609375,29778980067.96634
9054,15.0,20.2198974609375,21933104776.985634
9055,3.75,20.224951171875,42859006157.133316
9056,7.5,20.224951171875,37619695577.784485
9057,11.25,20.224951171875,29763722763.297913
9058,15.0,20.224951171875,21907749948.81134
9059,3.75,20.2300048828125,42859570553.99152
9060,7.5,20.2300048828125,37614535796.621925
9061,11.25,20.2300048828125,29748465458.629475
9062,15.0,20.2300048828125,21882395120.637024
9063,3.75,20.23505859375,42860134950.84975
9064,7.5,20.23505859375,37609376015.459366
9065,11.25,20.23505859375,29733208153.96105
9066,15.0,20.23505859375,21857040292.46273
9067,3.75,20.2401123046875,42860699347.70796
9068,7.5,20.2401123046875,37604216234.296814
9069,11.25,20.2401123046875,29717950849.292625
9070,15.0,20.2401123046875,21831685464.288437
9071,3.75,20.245166015625,42861263744.56618
9072,7.5,20.245166015625,37599056453.13426
9073,11.25,20.245166015625,29702693544.6242
9074,15.0,20.245166015625,21806330636.114143
9075,3.75,20.2502197265625,42861828141.42439
9076,7.5,20.2502197265625,37593896671.97171
9077,11.25,20.2502197265625,29687436239.95578
9078,15.0,20.2502197265625,21780975807.93985
9079,3.75,20.2552734375,42862392538.2826
9080,7.5,20.2552734375,37588736890.80915
9081,11.25,20.2552734375,29672178935.287342
9082,15.0,20.2552734375,21755620979.765537
9083,3.75,20.2603271484375,42862956935.14082
9084,7.5,20.2603271484375,37583577109.6466
9085,11.25,20.2603271484375,29656921630.61892
9086,15.0,20.2603271484375,21730266151.591244
9087,3.75,20.265380859375,42863521331.99904
9088,7.5,20.265380859375,37578417328.48404
9089,11.25,20.265380859375,29641664325.950493
9090,15.0,20.265380859375,21704911323.41695
9091,3.75,20.2704345703125,42864085728.857254
9092,7.5,20.2704345703125,37573257547.32148
9093,11.25,20.2704345703125,29626407021.282066
9094,15.0,20.2704345703125,21679556495.242653
9095,3.75,20.27548828125,42864650125.71546
9096,7.5,20.27548828125,37568097766.15893
9097,11.25,20.27548828125,29611149716.613647
9098,15.0,20.27548828125,21654201667.068363
9099,3.75,20.2805419921875,42865214522.573685
9100,7.5,20.2805419921875,37562937984.99637
9101,11.25,20.2805419921875,29595892411.94521
9102,15.0,20.2805419921875,21628846838.894047
9103,3.75,20.285595703125,42865778919.43189
9104,7.5,20.285595703125,37557778203.83382
9105,11.25,20.285595703125,29580635107.276783
9106,15.0,20.285595703125,21603492010.719757
9107,3.75,20.2906494140625,42866343316.29011
9108,7.5,20.2906494140625,37552618422.67126
9109,11.25,20.2906494140625,29565377802.60836
9110,15.0,20.2906494140625,21578137182.54546
9111,3.75,20.295703125,42866907713.14832
9112,7.5,20.295703125,37547458641.508705
9113,11.25,20.295703125,29550120497.939934
9114,15.0,20.295703125,21552782354.371166
9115,18.75,20.2198974609375,16900884377.508085
9116,22.5,20.2198974609375,11868663978.03054
9117,18.75,20.224951171875,16887447512.251705
9118,22.5,20.224951171875,11867145075.69207
9119,26.25,20.2198974609375,7675601502.267722
9120,30.0,20.2198974609375,5160854873.9343605
9121,26.25,20.224951171875,7681700681.939081
9122,30.0,20.224951171875,5165972373.799378
9123,18.75,20.2300048828125,16874010646.995314
9124,22.5,20.2300048828125,11865626173.353601
9125,18.75,20.23505859375,16860573781.738934
9126,22.5,20.23505859375,11864107271.015133
9127,26.25,20.2300048828125,7687799861.610445
9128,30.0,20.2300048828125,5171089873.6644
9129,26.25,20.23505859375,7693899041.281806
9130,30.0,20.23505859375,5176207373.529418
9131,18.75,20.2401123046875,16847136916.482552
9132,22.5,20.2401123046875,11862588368.676666
9133,18.75,20.245166015625,16833700051.226171
9134,22.5,20.245166015625,11861069466.3382
9135,26.25,20.2401123046875,7699998220.953166
9136,30.0,20.2401123046875,5181324873.394435
9137,26.25,20.245166015625,7706097400.624526
9138,30.0,20.245166015625,5186442373.259453
9139,18.75,20.2502197265625,16820263185.969791
9140,22.5,20.2502197265625,11859550563.999731
9141,18.75,20.2552734375,16806826320.7134
9142,22.5,20.2552734375,11858031661.661263
9143,26.25,20.2502197265625,7712196580.295886
9144,30.0,20.2502197265625,5191559873.124471
9145,26.25,20.2552734375,7718295759.96725
9146,30.0,20.2552734375,5196677372.989492
9147,18.75,20.2603271484375,16793389455.45702
9148,22.5,20.2603271484375,11856512759.322796
9149,18.75,20.265380859375,16779952590.200638
9150,22.5,20.265380859375,11854993856.984327
9151,26.25,20.2603271484375,7724394939.638611
9152,30.0,20.2603271484375,5201794872.85451
9153,26.25,20.265380859375,7730494119.30997
9154,30.0,20.265380859375,5206912372.719528
9155,18.75,20.2704345703125,16766515724.944258
9156,22.5,20.2704345703125,11853474954.645859
9157,18.75,20.27548828125,16753078859.687876
9158,22.5,20.27548828125,11851956052.30739
9159,26.25,20.2704345703125,7736593298.981332
9160,30.0,20.2704345703125,5212029872.584545
9161,26.25,20.27548828125,7742692478.65269
9162,30.0,20.27548828125,5217147372.449563
9163,18.75,20.2805419921875,16739641994.431486
9164,22.5,20.2805419921875,11850437149.968922
9165,18.75,20.285595703125,16726205129.175104
9166,22.5,20.285595703125,11848918247.630451
9167,26.25,20.2805419921875,7748791658.324055
9168,30.0,20.2805419921875,5222264872.314585
9169,26.25,20.285595703125,7754890837.995415
9170,30.0,20.285595703125,5227382372.179602
9171,18.75,20.2906494140625,16712768263.91872
9172,22.5,20.2906494140625,11847399345.291985
9173,18.75,20.295703125,16699331398.66234
9174,22.5,20.295703125,11845880442.953518
9175,26.25,20.2906494140625,7760990017.666775
9176,30.0,20.2906494140625,5232499872.0446205
9177,26.25,20.295703125,7767089197.338135
9178,30.0,20.295703125,5237617371.909637
9179,3.75,20.3007568359375,42873283553.665504
9180,7.5,20.3007568359375,37548303060.02623
9181,11.25,20.3007568359375,29540898320.206196
9182,15.0,20.3007568359375,21533493580.38616
9183,3.75,20.305810546875,42912653396.89174
9184,7.5,20.305810546875,37583235838.017914
9185,11.25,20.305810546875,29565940088.94048
9186,15.0,20.305810546875,21548644339.863052
9187,3.75,20.31591796875,42991393083.344154
9188,7.5,20.31591796875,37653101394.001236
9189,11.25,20.31591796875,29616023626.409023
9190,15.0,20.31591796875,21578945858.81681
9191,3.75,20.326025390625,43070132769.79656
9192,7.5,20.326025390625,37722966949.98454
9193,11.25,20.326025390625,29666107163.87756
9194,15.0,20.326025390625,21609247377.77057
9195,3.75,20.3361328125,43148872456.24901
9196,7.5,20.3361328125,37792832505.96788
9197,11.25,20.3361328125,29716190701.34611
9198,15.0,20.3361328125,21639548896.724342
9199,18.75,20.3007568359375,16688909872.821249
9200,22.5,20.3007568359375,11844326165.256338
9201,18.75,20.305810546875,16695607693.337988
9202,22.5,20.305810546875,11842571046.812922
9203,26.25,20.3007568359375,7771289582.476661
9204,30.0,20.3007568359375,5241347249.267449
9205,26.25,20.305810546875,7764709714.783563
9206,30.0,20.305810546875,5237199011.745615
9207,18.75,20.31591796875,16709003334.371452
9208,22.5,20.31591796875,11839060809.926088
9209,26.25,20.31591796875,7751549979.397375
9210,30.0,20.31591796875,5228902536.701953
9211,18.75,20.326025390625,16722398975.404917
9212,22.5,20.326025390625,11835550573.039259
9213,18.75,20.3361328125,16735794616.438381
9214,22.5,20.3361328125,11832040336.152428
9215,26.25,20.326025390625,7738390244.0111885
9216,30.0,20.326025390625,5220606061.65829
9217,26.25,20.3361328125,7725230508.624998
9218,30.0,20.3361328125,5212309586.614625
9219,3.75,20.346240234375,43227612142.701416
9220,7.5,20.346240234375,37862698061.951195
9221,11.25,20.346240234375,29766274238.814644
9222,15.0,20.346240234375,21669850415.6781
9223,3.75,20.35634765625,43306351829.15387
9224,7.5,20.35634765625,37932563617.93453
9225,11.25,20.35634765625,29816357776.2832
9226,15.0,20.35634765625,21700151934.63187
9227,18.75,20.346240234375,16749190257.471848
9228,22.5,20.346240234375,11828530099.265593
9229,18.75,20.35634765625,16762585898.505318
9230,22.5,20.35634765625,11825019862.378763
9231,26.25,20.346240234375,7712070773.238811
9232,30.0,20.346240234375,5204013111.570962
9233,26.25,20.35634765625,7698911037.852619
9234,30.0,20.35634765625,5195716636.527297
9235,3.75,20.366455078125,43385091515.60628
9236,7.5,20.366455078125,38002429173.91785
9237,11.25,20.366455078125,29866441313.751743
9238,15.0,20.366455078125,21730453453.585632
9239,3.75,20.3765625,43463831202.0587
9240,7.5,20.3765625,38072294729.90116
9241,11.25,20.3765625,29916524851.22028
9242,15.0,20.3765625,21760754972.53939
9243,18.75,20.366455078125,16775981539.538782
9244,22.5,20.366455078125,11821509625.491934
9245,18.75,20.3765625,16789377180.572245
9246,22.5,20.3765625,11817999388.605103
9247,26.25,20.366455078125,7685751302.466435
9248,30.0,20.366455078125,5187420161.483635
9249,26.25,20.3765625,7672591567.080249
9250,30.0,20.3765625,5179123686.439972
9251,33.75,20.07333984375,2541629693.137274
9252,37.5,20.07333984375,1306537846.785324
9253,33.75,20.083447265625,2544040037.554553
9254,37.5,20.083447265625,1310473430.522038
9255,33.75,20.0935546875,2546450381.9718313
9256,37.5,20.0935546875,1314409014.2587507
9257,33.75,20.0986083984375,2547655554.1804705
9258,33.75,20.103662109375,2550984384.2514553
9259,37.5,20.0986083984375,1316376806.127107
9260,37.5,20.103662109375,1318903143.205887
9261,33.75,20.1087158203125,2555120204.3101315
9262,33.75,20.11376953125,2559256024.3688064
9263,37.5,20.1087158203125,1321641727.4646266
9264,37.5,20.11376953125,1324380311.723366
9265,33.75,20.1188232421875,2563391844.4274817
9266,33.75,20.123876953125,2567527664.4861574
9267,37.5,20.1188232421875,1327118895.9821053
9268,37.5,20.123876953125,1329857480.2408447
9269,33.75,20.1289306640625,2571663484.5448356
9270,33.75,20.133984375,2575799304.603511
9271,37.5,20.1289306640625,1332596064.499586
9272,37.5,20.133984375,1335334648.7583253
9273,41.25,20.07333984375,709804466.5899025
9274,45.0,20.07333984375,113071086.39448099
9275,41.25,20.083447265625,712169947.1742676
9276,45.0,20.083447265625,113866463.82649736
9277,41.25,20.0935546875,714535427.758632
9278,45.0,20.0935546875,114661841.25851345
9279,41.25,20.0986083984375,715718168.0508142
9280,41.25,20.103662109375,716865278.0312757
9281,45.0,20.0986083984375,115059529.9745215
9282,45.0,20.103662109375,114827412.85666442
9283,41.25,20.1087158203125,717998848.4932824
9284,41.25,20.11376953125,719132418.955289
9285,45.0,20.1087158203125,114355969.5219383
9286,45.0,20.11376953125,113884526.18721218
9287,41.25,20.1188232421875,720265989.4172957
9288,41.25,20.123876953125,721399559.8793023
9289,45.0,20.1188232421875,113413082.85248604
9290,45.0,20.123876953125,112941639.51775992
9291,41.25,20.1289306640625,722533130.3413098
9292,41.25,20.133984375,723666700.8033164
9293,45.0,20.1289306640625,112470196.18303347
9294,45.0,20.133984375,111998752.84830734
9295,33.75,20.1390380859375,2579935124.662186
9296,33.75,20.144091796875,2584070944.720862
9297,37.5,20.1390380859375,1338073233.017065
9298,37.5,20.144091796875,1340811817.2758043
9299,33.75,20.1491455078125,2588206764.779537
9300,33.75,20.15419921875,2592342584.8382154
9301,37.5,20.1491455078125,1343550401.5345433
9302,37.5,20.15419921875,1346288985.7932851
9303,33.75,20.1592529296875,2596478404.8968906
9304,33.75,20.164306640625,2600614224.955566
9305,37.5,20.1592529296875,1349027570.0520241
9306,37.5,20.164306640625,1351766154.3107636
9307,33.75,20.1693603515625,2604750045.014241
9308,33.75,20.1744140625,2608885865.0729165
9309,37.5,20.1693603515625,1354504738.5695028
9310,37.5,20.1744140625,1357243322.8282425
9311,41.25,20.1390380859375,724800271.2653232
9312,41.25,20.144091796875,725933841.7273297
9313,45.0,20.1390380859375,111527309.51358123
9314,45.0,20.144091796875,111055866.17885509
9315,41.25,20.1491455078125,727067412.1893362
9316,41.25,20.15419921875,728200982.6513438
9317,45.0,20.1491455078125,110584422.84412898
9318,45.0,20.15419921875,110112979.50940253
9319,41.25,20.1592529296875,729334553.1133504
9320,41.25,20.164306640625,730468123.575357
9321,45.0,20.1592529296875,109641536.1746764
9322,45.0,20.164306640625,109170092.8399503
9323,41.25,20.1693603515625,731601694.0373636
9324,41.25,20.1744140625,732735264.4993703
9325,45.0,20.1693603515625,108698649.50522415
9326,45.0,20.1744140625,108227206.17049804
9327,33.75,20.1794677734375,2613021685.131595
9328,33.75,20.184521484375,2617157505.19027
9329,37.5,20.1794677734375,1359981907.086984
9330,37.5,20.184521484375,1362720491.3457232
9331,33.75,20.1895751953125,2621293325.248945
9332,33.75,20.19462890625,2625429145.307621
9333,37.5,20.1895751953125,1365459075.6044629
9334,37.5,20.19462890625,1368197659.863202
9335,41.25,20.1794677734375,733868834.9613777
9336,41.25,20.184521484375,735002405.4233843
9337,45.0,20.1794677734375,107755762.83577159
9338,45.0,20.184521484375,107284319.50104545
9339,41.25,20.1895751953125,736135975.885391
9340,41.25,20.19462890625,737269546.3473976
9341,45.0,20.1895751953125,106812876.16631934
9342,45.0,20.19462890625,106341432.83159322
9343,33.75,20.1996826171875,2629564965.366296
9344,33.75,20.2,2629824702.8579044
9345,33.75,20.204736328125,2633700785.4249744
9346,37.5,20.1996826171875,1370936244.1219413
9347,37.5,20.2,1371108232.505341
9348,37.5,20.204736328125,1373674828.3806827
9349,41.25,20.1996826171875,738403116.8094044
9350,41.25,20.2,738474307.2248927
9351,41.25,20.204736328125,739536687.2714117
9352,45.0,20.1996826171875,105869989.49686709
9353,45.0,20.2,105840381.9444446
9354,45.0,20.204736328125,105398546.16214064
9355,33.75,20.2097900390625,2637836605.4836497
9356,37.5,20.2097900390625,1376413412.6394222
9357,33.75,20.21484375,2641972425.542325
9358,37.5,20.21484375,1379151996.8981614
9359,41.25,20.2097900390625,740670257.7334182
9360,45.0,20.2097900390625,104927102.82741451
9361,41.25,20.21484375,741803828.1954249
9362,45.0,20.21484375,104455659.49268839
9363,33.75,20.2198974609375,2646108245.601001
9364,37.5,20.2198974609375,1381890581.156901
9365,33.75,20.224951171875,2650244065.659676
9366,37.5,20.224951171875,1384629165.4156404
9367,41.25,20.2198974609375,742937398.6574315
9368,45.0,20.2198974609375,103984216.15796226
9369,41.25,20.224951171875,744070969.1194383
9370,45.0,20.224951171875,103512772.82323615
9371,33.75,20.2300048828125,2654379885.718354
9372,37.5,20.2300048828125,1387367749.6743815
9373,33.75,20.23505859375,2658515705.77703
9374,37.5,20.23505859375,1390106333.9331207
9375,41.25,20.2300048828125,745204539.5814456
9376,45.0,20.2300048828125,103041329.48850968
9377,41.25,20.23505859375,746338110.0434521
9378,45.0,20.23505859375,102569886.15378356
9379,33.75,20.2401123046875,2662651525.835705
9380,37.5,20.2401123046875,1392844918.1918602
9381,33.75,20.245166015625,2666787345.8943796
9382,37.5,20.245166015625,1395583502.4505994
9383,41.25,20.2401123046875,747471680.5054588
9384,45.0,20.2401123046875,102098442.81905743
9385,41.25,20.245166015625,748605250.9674654
9386,45.0,20.245166015625,101626999.48433132
9387,33.75,20.2502197265625,2670923165.9530554
9388,37.5,20.2502197265625,1398322086.7093391
9389,33.75,20.2552734375,2675058986.011734
9390,37.5,20.2552734375,1401060670.9680805
9391,41.25,20.2502197265625,749738821.4294722
9392,45.0,20.2502197265625,101155556.14960521
9393,41.25,20.2552734375,750872391.8914795
9394,45.0,20.2552734375,100684112.81487875
9395,33.75,20.2603271484375,2679194806.0704093
9396,37.5,20.2603271484375,1403799255.2268198
9397,33.75,20.265380859375,2683330626.1290846
9398,37.5,20.265380859375,1406537839.4855592
9399,41.25,20.2603271484375,752005962.3534863
9400,45.0,20.2603271484375,100212669.48015262
9401,41.25,20.265380859375,753139532.815493
9402,45.0,20.265380859375,99741226.14542651
9403,33.75,20.2704345703125,2687466446.1877604
9404,37.5,20.2704345703125,1409276423.7442987
9405,33.75,20.27548828125,2691602266.246435
9406,37.5,20.27548828125,1412015008.003038
9407,41.25,20.2704345703125,754273103.2774994
9408,45.0,20.2704345703125,99269782.81070037
9409,41.25,20.27548828125,755406673.7395061
9410,45.0,20.27548828125,98798339.47597426
9411,33.75,20.2805419921875,2695738086.3051133
9412,37.5,20.2805419921875,1414753592.2617795
9413,33.75,20.285595703125,2699873906.3637886
9414,37.5,20.285595703125,1417492176.5205185
9415,41.25,20.2805419921875,756540244.2015136
9416,45.0,20.2805419921875,98326896.14124781
9417,41.25,20.285595703125,757673814.6635201
9418,45.0,20.285595703125,97855452.80652167
9419,33.75,20.2906494140625,2704009726.4224644
9420,37.5,20.2906494140625,1420230760.7792583
9421,33.75,20.295703125,2708145546.481139
9422,37.5,20.295703125,1422969345.0379975
9423,41.25,20.2906494140625,758807385.1255268
9424,45.0,20.2906494140625,97384009.47179556
9425,41.25,20.295703125,759940955.5875335
9426,45.0,20.295703125,96912566.13706943
9427,33.75,20.3007568359375,2711404916.0582395
9428,37.5,20.3007568359375,1425212914.242704
9429,33.75,20.305810546875,2709688308.707669
9430,37.5,20.305810546875,1424646075.3986976
9431,41.25,20.3007568359375,760896078.1240057
9432,45.0,20.3007568359375,96579242.00530726
9433,41.25,20.305810546875,760838076.9542139
9434,45.0,20.305810546875,97030078.5097302
9435,33.75,20.31591796875,2706255094.0065303
9436,37.5,20.31591796875,1423512397.7106862
9437,41.25,20.31591796875,760722074.6146308
9438,45.0,20.31591796875,97931751.51857549
9439,33.75,20.326025390625,2702821879.3053923
9440,37.5,20.326025390625,1422378720.0226743
9441,33.75,20.3361328125,2699388664.6042523
9442,37.5,20.3361328125,1421245042.3346624
9443,41.25,20.326025390625,760606072.2750477
9444,45.0,20.326025390625,98833424.52742077
9445,41.25,20.3361328125,760490069.9354644
9446,45.0,20.3361328125,99735097.53626636
9447,33.75,20.346240234375,2695955449.9031134
9448,37.5,20.346240234375,1420111364.6466508
9449,33.75,20.35634765625,2692522235.201974
9450,37.5,20.35634765625,1418977686.958639
9451,41.25,20.346240234375,760374067.5958812
9452,45.0,20.346240234375,100636770.54511166
9453,41.25,20.35634765625,760258065.2562982
9454,45.0,20.35634765625,101538443.55395724
9455,33.75,20.366455078125,2689089020.5008354
9456,37.5,20.366455078125,1417844009.2706273
9457,33.75,20.3765625,2685655805.799697
9458,37.5,20.3765625,1416710331.5826159
9459,41.25,20.366455078125,760142062.916715
9460,45.0,20.366455078125,102440116.56280252
9461,41.25,20.3765625,760026060.5771319
9462,45.0,20.3765625,103341789.57164781
9463,48.75,20.07333984375,70669428.99655062
9464,52.5,20.07333984375,28267771.598620247
9465,48.75,20.083447265625,71166539.89156085
9466,52.5,20.083447265625,28466615.95662434
9467,48.75,20.0935546875,71663650.7865709
9468,52.5,20.0935546875,28665460.314628363
9469,48.75,20.0986083984375,71912206.23407595
9470,48.75,20.103662109375,71767133.03541525
9471,52.5,20.0986083984375,28764882.493630376
9472,52.5,20.103662109375,28706853.214166105
9473,48.75,20.1087158203125,71472480.95121142
9474,48.75,20.11376953125,71177828.86700761
9475,52.5,20.1087158203125,28588992.380484574
9476,52.5,20.11376953125,28471131.546803046
9477,48.75,20.1188232421875,70883176.78280377
9478,48.75,20.123876953125,70588524.69859996
9479,52.5,20.1188232421875,28353270.71312151
9480,52.5,20.123876953125,28235409.87943998
9481,48.75,20.1289306640625,70293872.61439592
9482,48.75,20.133984375,69999220.53019209
9483,52.5,20.1289306640625,28117549.045758367
9484,52.5,20.133984375,27999688.212076835
9485,56.25,20.07333984375,0.0
9486,60.0,20.07333984375,0.0
9487,56.25,20.083447265625,0.0
9488,60.0,20.083447265625,0.0
9489,56.25,20.0935546875,0.0
9490,60.0,20.0935546875,0.0
9491,56.25,20.0986083984375,0.0
9492,56.25,20.103662109375,0.0
9493,60.0,20.0986083984375,0.0
9494,60.0,20.103662109375,0.0
9495,56.25,20.1087158203125,0.0
9496,56.25,20.11376953125,0.0
9497,60.0,20.1087158203125,0.0
9498,60.0,20.11376953125,0.0
9499,56.25,20.1188232421875,0.0
9500,56.25,20.123876953125,0.0
9501,60.0,20.1188232421875,0.0
9502,60.0,20.123876953125,0.0
9503,56.25,20.1289306640625,0.0
9504,56.25,20.133984375,0.0
9505,60.0,20.1289306640625,0.0
9506,60.0,20.133984375,0.0
9507,48.75,20.1390380859375,69704568.44598827
9508,48.75,20.144091796875,69409916.36178444
9509,52.5,20.1390380859375,27881827.378395308
9510,52.5,20.144091796875,27763966.544713773
9511,48.75,20.1491455078125,69115264.2775806
9512,48.75,20.15419921875,68820612.19337657
9513,52.5,20.1491455078125,27646105.711032245
9514,52.5,20.15419921875,27528244.877350632
9515,48.75,20.1592529296875,68525960.10917275
9516,48.75,20.164306640625,68231308.02496894
9517,52.5,20.1592529296875,27410384.0436691
9518,52.5,20.164306640625,27292523.209987573
9519,48.75,20.1693603515625,67936655.9407651
9520,48.75,20.1744140625,67642003.85656127
9521,52.5,20.1693603515625,27174662.37630604
9522,52.5,20.1744140625,27056801.54262451
9523,56.25,20.1390380859375,0.0
9524,56.25,20.144091796875,0.0
9525,60.0,20.1390380859375,0.0
9526,60.0,20.144091796875,0.0
9527,56.25,20.1491455078125,0.0
9528,56.25,20.15419921875,0.0
9529,60.0,20.1491455078125,0.0
9530,60.0,20.15419921875,0.0
9531,56.25,20.1592529296875,0.0
9532,56.25,20.164306640625,0.0
9533,60.0,20.1592529296875,0.0
9534,60.0,20.164306640625,0.0
9535,56.25,20.1693603515625,0.0
9536,56.25,20.1744140625,0.0
9537,60.0,20.1693603515625,0.0
9538,60.0,20.1744140625,0.0
9539,48.75,20.1794677734375,67347351.77235724
9540,48.75,20.184521484375,67052699.68815341
9541,52.5,20.1794677734375,26938940.708942898
9542,52.5,20.184521484375,26821079.875261363
9543,48.75,20.1895751953125,66758047.603949584
9544,48.75,20.19462890625,66463395.51974576
9545,52.5,20.1895751953125,26703219.041579835
9546,52.5,20.19462890625,26585358.207898304
9547,56.25,20.1794677734375,0.0
9548,56.25,20.184521484375,0.0
9549,60.0,20.1794677734375,0.0
9550,60.0,20.184521484375,0.0
9551,56.25,20.1895751953125,0.0
9552,56.25,20.19462890625,0.0
9553,60.0,20.1895751953125,0.0
9554,60.0,20.19462890625,0.0
9555,48.75,20.1996826171875,66168743.43554193
9556,48.75,20.2,66150238.71527788
9557,48.75,20.204736328125,65874091.351337895
9558,52.5,20.1996826171875,26467497.374216773
9559,52.5,20.2,26460095.48611115
9560,52.5,20.204736328125,26349636.54053516
9561,56.25,20.1996826171875,0.0
9562,56.25,20.2,0.0
9563,56.25,20.204736328125,0.0
9564,60.0,20.1996826171875,0.0
9565,60.0,20.2,0.0
9566,60.0,20.204736328125,0.0
9567,48.75,20.2097900390625,65579439.26713407
9568,52.5,20.2097900390625,26231775.70685363
9569,48.75,20.21484375,65284787.182930246
9570,52.5,20.21484375,26113914.873172097
9571,56.25,20.2097900390625,0.0
9572,60.0,20.2097900390625,0.0
9573,56.25,20.21484375,0.0
9574,60.0,20.21484375,0.0
9575,48.75,20.2198974609375,64990135.098726414
9576,52.5,20.2198974609375,25996054.039490566
9577,48.75,20.224951171875,64695483.01452259
9578,52.5,20.224951171875,25878193.205809038
9579,56.25,20.2198974609375,0.0
9580,60.0,20.2198974609375,0.0
9581,56.25,20.224951171875,0.0
9582,60.0,20.224951171875,0.0
9583,48.75,20.2300048828125,64400830.93031856
9584,52.5,20.2300048828125,25760332.37212742
9585,48.75,20.23505859375,64106178.84611473
9586,52.5,20.23505859375,25642471.53844589
9587,56.25,20.2300048828125,0.0
9588,60.0,20.2300048828125,0.0
9589,56.25,20.23505859375,0.0
9590,60.0,20.23505859375,0.0
9591,48.75,20.2401123046875,63811526.7619109
9592,52.5,20.2401123046875,25524610.70476436
9593,48.75,20.245166015625,63516874.677707076
9594,52.5,20.245166015625,25406749.87108283
9595,56.25,20.2401123046875,0.0
9596,60.0,20.2401123046875,0.0
9597,56.25,20.245166015625,0.0
9598,60.0,20.245166015625,0.0
9599,48.75,20.2502197265625,63222222.59350325
9600,52.5,20.2502197265625,25288889.037401304
9601,48.75,20.2552734375,62927570.50929921
9602,52.5,20.2552734375,25171028.203719687
9603,56.25,20.2502197265625,0.0
9604,60.0,20.2502197265625,0.0
9605,56.25,20.2552734375,0.0
9606,60.0,20.2552734375,0.0
9607,48.75,20.2603271484375,62632918.425095394
9608,52.5,20.2603271484375,25053167.370038155
9609,48.75,20.265380859375,62338266.34089156
9610,52.5,20.265380859375,24935306.536356628
9611,56.25,20.2603271484375,0.0
9612,60.0,20.2603271484375,0.0
9613,56.25,20.265380859375,0.0
9614,60.0,20.265380859375,0.0
9615,48.75,20.2704345703125,62043614.25668774
9616,52.5,20.2704345703125,24817445.702675093
9617,48.75,20.27548828125,61748962.17248392
9618,52.5,20.27548828125,24699584.868993565
9619,56.25,20.2704345703125,0.0
9620,60.0,20.2704345703125,0.0
9621,56.25,20.27548828125,0.0
9622,60.0,20.27548828125,0.0
9623,48.75,20.2805419921875,61454310.08827987
9624,52.5,20.2805419921875,24581724.035311952
9625,48.75,20.285595703125,61159658.004076056
9626,52.5,20.285595703125,24463863.201630417
9627,56.25,20.2805419921875,0.0
9628,60.0,20.2805419921875,0.0
9629,56.25,20.285595703125,0.0
9630,60.0,20.285595703125,0.0
9631,48.75,20.2906494140625,60865005.91987222
9632,52.5,20.2906494140625,24346002.36794889
9633,48.75,20.295703125,60570353.83566839
9634,52.5,20.295703125,24228141.53426736
9635,56.25,20.2906494140625,0.0
9636,60.0,20.2906494140625,0.0
9637,56.25,20.295703125,0.0
9638,60.0,20.295703125,0.0
9639,48.75,20.3007568359375,60362026.25331703
9640,52.5,20.3007568359375,24144810.501326814
9641,48.75,20.305810546875,60643799.06858138
9642,52.5,20.305810546875,24257519.62743255
9643,56.25,20.3007568359375,0.0
9644,60.0,20.3007568359375,0.0
9645,56.25,20.305810546875,0.0
9646,60.0,20.305810546875,0.0
9647,48.75,20.31591796875,61207344.69910969
9648,52.5,20.31591796875,24482937.879643872
9649,56.25,20.31591796875,0.0
9650,60.0,20.31591796875,0.0
9651,48.75,20.326025390625,61770890.32963799
9652,52.5,20.326025390625,24708356.131855194
9653,48.75,20.3361328125,62334435.96016647
9654,52.5,20.3361328125,24933774.38406659
9655,56.25,20.326025390625,0.0
9656,60.0,20.326025390625,0.0
9657,56.25,20.3361328125,0.0
9658,60.0,20.3361328125,0.0
9659,48.75,20.346240234375,62897981.59069477
9660,52.5,20.346240234375,25159192.636277914
9661,48.75,20.35634765625,63461527.22122328
9662,52.5,20.35634765625,25384610.88848931
9663,56.25,20.346240234375,0.0
9664,60.0,20.346240234375,0.0
9665,56.25,20.35634765625,0.0
9666,60.0,20.35634765625,0.0
9667,48.75,20.366455078125,64025072.85175159
9668,52.5,20.366455078125,25610029.14070063
9669,48.75,20.3765625,64588618.48227988
9670,52.5,20.3765625,25835447.392911952
9671,56.25,20.366455078125,0.0
9672,60.0,20.366455078125,0.0
9673,56.25,20.3765625,0.0
9674,60.0,20.3765625,0.0
9675,3.75,20.386669921875,43542570888.51114
9676,7.5,20.386669921875,38142160285.8845
9677,11.25,20.386669921875,29966608388.688828
9678,15.0,20.386669921875,21791056491.49316
9679,18.75,20.386669921875,16802772821.605715
9680,22.5,20.386669921875,11814489151.71827
9681,26.25,20.386669921875,7659431831.6940565
9682,30.0,20.386669921875,5170827211.396306
9683,3.75,20.39677734375,43621310574.96355
9684,7.5,20.39677734375,38212025841.86781
9685,11.25,20.39677734375,30016691926.157364
9686,15.0,20.39677734375,21821358010.44692
9687,18.75,20.39677734375,16816168462.639177
9688,22.5,20.39677734375,11810978914.831438
9689,26.25,20.39677734375,7646272096.30787
9690,30.0,20.39677734375,5162530736.352644
9691,3.75,20.406884765625,43700050261.415985
9692,7.5,20.406884765625,38281891397.85115
9693,11.25,20.406884765625,30066775463.625916
9694,15.0,20.406884765625,21851659529.40069
9695,18.75,20.406884765625,16829564103.672647
9696,22.5,20.406884765625,11807468677.944607
9697,26.25,20.406884765625,7633112360.9216795
9698,30.0,20.406884765625,5154234261.308978
9699,3.75,20.4169921875,43778789947.868416
9700,7.5,20.4169921875,38351756953.83447
9701,11.25,20.4169921875,30116859001.09446
9702,15.0,20.4169921875,21881961048.35445
9703,18.75,20.4169921875,16842959744.706112
9704,22.5,20.4169921875,11803958441.057775
9705,26.25,20.4169921875,7619952625.535493
9706,30.0,20.4169921875,5145937786.265316
9707,3.75,20.427099609375,43857529634.32083
9708,7.5,20.427099609375,38421622509.81779
9709,11.25,20.427099609375,30166942538.562996
9710,15.0,20.427099609375,21912262567.30821
9711,18.75,20.427099609375,16856355385.739574
9712,22.5,20.427099609375,11800448204.170944
9713,26.25,20.427099609375,7606792890.149306
9714,30.0,20.427099609375,5137641311.221654
9715,3.75,20.43720703125,43936269320.77327
9716,7.5,20.43720703125,38491488065.80112
9717,11.25,20.43720703125,30217026076.031548
9718,15.0,20.43720703125,21942564086.26198
9719,18.75,20.43720703125,16869751026.773045
9720,22.5,20.43720703125,11796937967.284113
9721,26.25,20.43720703125,7593633154.763115
9722,30.0,20.43720703125,5129344836.177989
9723,3.75,20.447314453125,44015009007.225685
9724,7.5,20.447314453125,38561353621.78443
9725,11.25,20.447314453125,30267109613.500084
9726,15.0,20.447314453125,21972865605.215736
9727,18.75,20.447314453125,16883146667.806507
9728,22.5,20.447314453125,11793427730.397282
9729,26.25,20.447314453125,7580473419.376928
9730,30.0,20.447314453125,5121048361.134325
9731,3.75,20.457421875,44093748693.67812
9732,7.5,20.457421875,38631219177.76777
9733,11.25,20.457421875,30317193150.968643
9734,15.0,20.457421875,22003167124.169506
9735,18.75,20.457421875,16896542308.83998
9736,22.5,20.457421875,11789917493.510448
9737,26.25,20.457421875,7567313683.990737
9738,30.0,20.457421875,5112751886.09066
9739,3.75,20.467529296875,44172488380.13054
9740,7.5,20.467529296875,38701084733.75108
9741,11.25,20.467529296875,30367276688.43718
9742,15.0,20.467529296875,22033468643.12327
9743,18.75,20.467529296875,16909937949.873444
9744,22.5,20.467529296875,11786407256.62362
9745,26.25,20.467529296875,7554153948.604551
9746,30.0,20.467529296875,5104455411.046998
9747,3.75,20.47763671875,44251228066.582954
9748,7.5,20.47763671875,38770950289.7344
9749,11.25,20.47763671875,30417360225.905716
9750,15.0,20.47763671875,22063770162.077026
9751,18.75,20.47763671875,16923333590.906906
9752,22.5,20.47763671875,11782897019.736786
9753,26.25,20.47763671875,7540994213.218365
9754,30.0,20.47763671875,5096158936.003336
9755,3.75,20.487744140625,44329967753.0354
9756,7.5,20.487744140625,38840815845.717735
9757,11.25,20.487744140625,30467443763.374268
9758,15.0,20.487744140625,22094071681.0308
9759,18.75,20.487744140625,16936729231.940376
9760,22.5,20.487744140625,11779386782.849957
9761,26.25,20.487744140625,7527834477.832174
9762,30.0,20.487744140625,5087862460.95967
9763,3.75,20.4978515625,44408707439.48781
9764,7.5,20.4978515625,38910681401.70105
9765,11.25,20.4978515625,30517527300.842804
9766,15.0,20.4978515625,22124373199.98456
9767,18.75,20.4978515625,16950124872.97384
9768,22.5,20.4978515625,11775876545.963123
9769,26.25,20.4978515625,7514674742.445987
9770,30.0,20.4978515625,5079565985.916007
9771,3.75,20.50795898437499,44347977952.79423
9772,7.5,20.50795898437499,38867242891.1976
9773,11.25,20.50795898437499,30502754865.09212
9774,15.0,20.50795898437499,22138266838.98664
9775,18.75,20.50795898437499,16960766498.945503
9776,22.5,20.50795898437499,11783266158.904367
9777,26.25,20.50795898437499,7517915599.247526
9778,30.0,20.50795898437499,5076864600.359275
9779,3.75,20.51806640625,44249600345.742
9780,7.5,20.51806640625,38793219233.91228
9781,11.25,20.51806640625,30470475295.466232
9782,15.0,20.51806640625,22147731357.02019
9783,18.75,20.51806640625,16970664709.808481
9784,22.5,20.51806640625,11793598062.59677
9785,26.25,20.51806640625,7525583609.768467
9786,30.0,20.51806640625,5075673545.7069845
9787,3.75,20.528173828125,44151222738.68986
9788,7.5,20.528173828125,38719195576.627045
9789,11.25,20.528173828125,30438195725.84039
9790,15.0,20.528173828125,22157195875.05373
9791,18.75,20.528173828125,16980562920.671446
9792,22.5,20.528173828125,11803929966.28916
9793,26.25,20.528173828125,7533251620.289403
9794,30.0,20.528173828125,5074482491.054698
9795,3.75,20.53828125,44052845131.6377
9796,7.5,20.53828125,38645171919.341774
9797,11.25,20.53828125,30405916156.214527
9798,15.0,20.53828125,22166660393.087273
9799,18.75,20.53828125,16990461131.534416
9800,22.5,20.53828125,11814261869.981556
9801,26.25,20.53828125,7540919630.810339
9802,30.0,20.53828125,5073291436.4024105
9803,33.75,20.386669921875,2682222591.0985565
9804,37.5,20.386669921875,1415576653.8946037
9805,41.25,20.386669921875,759910058.2375485
9806,45.0,20.386669921875,104243462.5804934
9807,33.75,20.39677734375,2678789376.3974185
9808,37.5,20.39677734375,1414442976.2065923
9809,41.25,20.39677734375,759794055.8979653
9810,45.0,20.39677734375,105145135.58933869
9811,33.75,20.406884765625,2675356161.6962786
9812,37.5,20.406884765625,1413309298.5185802
9813,41.25,20.406884765625,759678053.5583823
9814,45.0,20.406884765625,106046808.59818429
9815,33.75,20.4169921875,2671922946.99514
9816,37.5,20.4169921875,1412175620.8305688
9817,41.25,20.4169921875,759562051.2187991
9818,45.0,20.4169921875,106948481.60702956
9819,33.75,20.427099609375,2668489732.2940016
9820,37.5,20.427099609375,1411041943.142557
9821,41.25,20.427099609375,759446048.879216
9822,45.0,20.427099609375,107850154.61587486
9823,33.75,20.43720703125,2665056517.592862
9824,37.5,20.43720703125,1409908265.4545448
9825,41.25,20.43720703125,759330046.5396327
9826,45.0,20.43720703125,108751827.62472044
9827,33.75,20.447314453125,2661623302.8917236
9828,37.5,20.447314453125,1408774587.7665334
9829,41.25,20.447314453125,759214044.2000495
9830,45.0,20.447314453125,109653500.63356572
9831,33.75,20.457421875,2658190088.190583
9832,37.5,20.457421875,1407640910.0785213
9833,41.25,20.457421875,759098041.8604662
9834,45.0,20.457421875,110555173.64241132
9835,33.75,20.467529296875,2654756873.4894457
9836,37.5,20.467529296875,1406507232.3905096
9837,41.25,20.467529296875,758982039.5208831
9838,45.0,20.467529296875,111456846.65125659
9839,33.75,20.47763671875,2651323658.788306
9840,37.5,20.47763671875,1405373554.7024982
9841,41.25,20.47763671875,758866037.1813
9842,45.0,20.47763671875,112358519.66010189
9843,33.75,20.487744140625,2647890444.087167
9844,37.5,20.487744140625,1404239877.014486
9845,41.25,20.487744140625,758750034.8417168
9846,45.0,20.487744140625,113260192.66894747
9847,33.75,20.4978515625,2644457229.3860283
9848,37.5,20.4978515625,1403106199.3264747
9849,41.25,20.4978515625,758634032.5021337
9850,45.0,20.4978515625,114161865.67779276
9851,33.75,20.50795898437499,2635813601.471022
9852,37.5,20.50795898437499,1395356222.3385627
9853,41.25,20.50795898437499,755195653.0840008
9854,45.0,20.50795898437499,115035083.82943885
9855,33.75,20.51806640625,2625763481.6455026
9856,37.5,20.51806640625,1385820250.4475913
9857,41.25,20.51806640625,750860435.6814655
9858,45.0,20.51806640625,115900620.91533957
9859,33.75,20.528173828125,2615713361.819994
9860,37.5,20.528173828125,1376284278.5566297
9861,41.25,20.528173828125,746525218.2789345
9862,45.0,20.528173828125,116766158.00123939
9863,33.75,20.53828125,2605663241.994482
9864,37.5,20.53828125,1366748306.6656644
9865,41.25,20.53828125,742190000.876402
9866,45.0,20.53828125,117631695.08713952
9867,48.75,20.386669921875,65152164.11280838
9868,52.5,20.386669921875,26060865.64512335
9869,48.75,20.39677734375,65715709.74333667
9870,52.5,20.39677734375,26286283.897334673
9871,56.25,20.386669921875,0.0
9872,60.0,20.386669921875,0.0
9873,56.25,20.39677734375,0.0
9874,60.0,20.39677734375,0.0
9875,48.75,20.406884765625,66279255.37386517
9876,52.5,20.406884765625,26511702.149546072
9877,48.75,20.4169921875,66842801.00439347
9878,52.5,20.4169921875,26737120.40175739
9879,56.25,20.406884765625,0.0
9880,60.0,20.406884765625,0.0
9881,56.25,20.4169921875,0.0
9882,60.0,20.4169921875,0.0
9883,48.75,20.427099609375,67406346.63492177
9884,52.5,20.427099609375,26962538.653968714
9885,48.75,20.43720703125,67969892.26545027
9886,52.5,20.43720703125,27187956.90618011
9887,56.25,20.427099609375,0.0
9888,60.0,20.427099609375,0.0
9889,56.25,20.43720703125,0.0
9890,60.0,20.43720703125,0.0
9891,48.75,20.447314453125,68533437.89597858
9892,52.5,20.447314453125,27413375.15839143
9893,48.75,20.457421875,69096983.52650708
9894,52.5,20.457421875,27638793.41060283
9895,56.25,20.447314453125,0.0
9896,60.0,20.447314453125,0.0
9897,56.25,20.457421875,0.0
9898,60.0,20.457421875,0.0
9899,48.75,20.467529296875,69660529.15703538
9900,52.5,20.467529296875,27864211.662814148
9901,48.75,20.47763671875,70224074.78756368
9902,52.5,20.47763671875,28089629.915025473
9903,56.25,20.467529296875,0.0
9904,60.0,20.467529296875,0.0
9905,56.25,20.47763671875,0.0
9906,60.0,20.47763671875,0.0
9907,48.75,20.487744140625,70787620.41809218
9908,52.5,20.487744140625,28315048.16723687
9909,48.75,20.4978515625,71351166.04862046
9910,52.5,20.4978515625,28540466.41944819
9911,56.25,20.487744140625,0.0
9912,60.0,20.487744140625,0.0
9913,56.25,20.4978515625,0.0
9914,60.0,20.4978515625,0.0
9915,48.75,20.50795898437499,71896927.39339927
9916,52.5,20.50795898437499,28758770.957359713
9917,48.75,20.51806640625,72437888.07208723
9918,52.5,20.51806640625,28975155.228834894
9919,56.25,20.50795898437499,0.0
9920,60.0,20.50795898437499,0.0
9921,56.25,20.51806640625,0.0
9922,60.0,20.51806640625,0.0
9923,48.75,20.528173828125,72978848.75077462
9924,52.5,20.528173828125,29191539.500309847
9925,48.75,20.53828125,73519809.4294622
9926,52.5,20.53828125,29407923.77178488
9927,56.25,20.528173828125,0.0
9928,60.0,20.528173828125,0.0
9929,56.25,20.53828125,0.0
9930,60.0,20.53828125,0.0
9931,3.75,20.548388671875,43954467524.58557
9932,7.5,20.548388671875,38571148262.05653
9933,11.25,20.548388671875,30373636586.588673
9934,15.0,20.548388671875,22176124911.12081
9935,18.75,20.548388671875,17000359342.397379
9936,22.5,20.548388671875,11824593773.673944
9937,26.25,20.548388671875,7548587641.331272
9938,30.0,20.548388671875,5072100381.750122
9939,3.75,20.55849609375,43856089917.5334
9940,7.5,20.55849609375,38497124604.77126
9941,11.25,20.55849609375,30341357016.96281
9942,15.0,20.55849609375,22185589429.154354
9943,18.75,20.55849609375,17010257553.260347
9944,22.5,20.55849609375,11834925677.366339
9945,26.25,20.55849609375,7556255651.852208
9946,30.0,20.55849609375,5070909327.097836
9947,3.75,20.568603515625,43757712310.48127
9948,7.5,20.568603515625,38423100947.48603
9949,11.25,20.568603515625,30309077447.33696
9950,15.0,20.568603515625,22195053947.187897
9951,18.75,20.568603515625,17020155764.123314
9952,22.5,20.568603515625,11845257581.058731
9953,26.25,20.568603515625,7563923662.373142
9954,30.0,20.568603515625,5069718272.445548
9955,3.75,20.5787109375,43659334703.429146
9956,7.5,20.5787109375,38349077290.20079
9957,11.25,20.5787109375,30276797877.711117
9958,15.0,20.5787109375,22204518465.221436
9959,18.75,20.5787109375,17030053974.986279
9960,22.5,20.5787109375,11855589484.751122
9961,26.25,20.5787109375,7571591672.894077
9962,30.0,20.5787109375,5068527217.793261
9963,3.75,20.588818359375,43560957096.376976
9964,7.5,20.588818359375,38275053632.91552
9965,11.25,20.588818359375,30244518308.08525
9966,15.0,20.588818359375,22213982983.254982
9967,18.75,20.588818359375,17039952185.849247
9968,22.5,20.588818359375,11865921388.443516
9969,26.25,20.588818359375,7579259683.415014
9970,30.0,20.588818359375,5067336163.140974
9971,3.75,20.59892578125,43462579489.324844
9972,7.5,20.59892578125,38201029975.63028
9973,11.25,20.59892578125,30212238738.4594
9974,15.0,20.59892578125,22223447501.28852
9975,18.75,20.59892578125,17049850396.712214
9976,22.5,20.59892578125,11876253292.135906
9977,26.25,20.59892578125,7586927693.935947
9978,30.0,20.59892578125,5066145108.488687
9979,3.75,20.609033203125,43364201882.27268
9980,7.5,20.609033203125,38127006318.34502
9981,11.25,20.609033203125,30179959168.833534
9982,15.0,20.609033203125,22232912019.322063
9983,18.75,20.609033203125,17059748607.57518
9984,22.5,20.609033203125,11886585195.8283
9985,26.25,20.609033203125,7594595704.456884
9986,30.0,20.609033203125,5064954053.836398
9987,3.75,20.619140625,43265824275.22056
9988,7.5,20.619140625,38052982661.05978
9989,11.25,20.619140625,30147679599.207687
9990,15.0,20.619140625,22242376537.355602
9991,18.75,20.619140625,17069646818.438148
9992,22.5,20.619140625,11896917099.52069
9993,26.25,20.619140625,7602263714.9778185
9994,30.0,20.619140625,5063762999.184112
9995,33.75,20.548388671875,2595613122.1689734
9996,37.5,20.548388671875,1357212334.7747025
9997,41.25,20.548388671875,737854783.4738709
9998,45.0,20.548388671875,118497232.17303933
9999,33.75,20.55849609375,2585563002.3434615
10000,37.5,20.55849609375,1347676362.8837373
10001,41.25,20.55849609375,733519566.0713383
10002,45.0,20.55849609375,119362769.25893945
10003,33.75,20.568603515625,2575512882.517953
10004,37.5,20.568603515625,1338140390.9927757
10005,41.25,20.568603515625,729184348.6688075
10006,45.0,20.568603515625,120228306.34483927
10007,33.75,20.5787109375,2565462762.692445
10008,37.5,20.5787109375,1328604419.101814
10009,41.25,20.5787109375,724849131.2662766
10010,45.0,20.5787109375,121093843.4307391
10011,33.75,20.588818359375,2555412642.8669324
10012,37.5,20.588818359375,1319068447.210849
10013,41.25,20.588818359375,720513913.8637441
10014,45.0,20.588818359375,121959380.51663923
10015,33.75,20.59892578125,2545362523.041424
10016,37.5,20.59892578125,1309532475.319887
10017,41.25,20.59892578125,716178696.461213
10018,45.0,20.59892578125,122824917.60253903
10019,33.75,20.609033203125,2535312403.215912
10020,37.5,20.609033203125,1299996503.4289222
10021,41.25,20.609033203125,711843479.0586807
10022,45.0,20.609033203125,123690454.68843916
10023,33.75,20.619140625,2525262283.3904033
10024,37.5,20.619140625,1290460531.5379605
10025,41.25,20.619140625,707508261.6561496
10026,45.0,20.619140625,124555991.77433899
10027,48.75,20.548388671875,74060770.10814959
10028,52.5,20.548388671875,29624308.043259833
10029,48.75,20.55849609375,74601730.78683716
10030,52.5,20.55849609375,29840692.31473486
10031,56.25,20.548388671875,0.0
10032,60.0,20.548388671875,0.0
10033,56.25,20.55849609375,0.0
10034,60.0,20.55849609375,0.0
10035,48.75,20.568603515625,75142691.46552455
10036,52.5,20.568603515625,30057076.58620982
10037,48.75,20.5787109375,75683652.14421195
10038,52.5,20.5787109375,30273460.857684776
10039,56.25,20.568603515625,0.0
10040,60.0,20.568603515625,0.0
10041,56.25,20.5787109375,0.0
10042,60.0,20.5787109375,0.0
10043,48.75,20.588818359375,76224612.82289952
10044,52.5,20.588818359375,30489845.12915981
10045,48.75,20.59892578125,76765573.50158691
10046,52.5,20.59892578125,30706229.40063476
10047,56.25,20.588818359375,0.0
10048,60.0,20.588818359375,0.0
10049,56.25,20.59892578125,0.0
10050,60.0,20.59892578125,0.0
10051,48.75,20.609033203125,77306534.18027449
10052,52.5,20.609033203125,30922613.67210979
10053,48.75,20.619140625,77847494.85896187
10054,52.5,20.619140625,31138997.943584748
10055,56.25,20.609033203125,0.0
10056,60.0,20.609033203125,0.0
10057,56.25,20.619140625,0.0
10058,60.0,20.619140625,0.0
10059,3.75,20.629248046875,43167446668.16843
10060,7.5,20.629248046875,37978959003.774536
10061,11.25,20.629248046875,30115400029.58184
10062,15.0,20.629248046875,22251841055.38914
10063,18.75,20.629248046875,17079545029.301113
10064,22.5,20.629248046875,11907249003.213081
10065,26.25,20.629248046875,7609931725.498752
10066,30.0,20.629248046875,5062571944.531823
10067,3.75,20.63935546875,43069069061.116264
10068,7.5,20.63935546875,37904935346.489265
10069,11.25,20.63935546875,30083120459.955975
10070,15.0,20.63935546875,22261305573.422684
10071,18.75,20.63935546875,17089443240.164082
10072,22.5,20.63935546875,11917580906.905476
10073,26.25,20.63935546875,7617599736.01969
10074,30.0,20.63935546875,5061380889.879537
10075,3.75,20.649462890625,42970691454.06413
10076,7.5,20.649462890625,37830911689.204025
10077,11.25,20.649462890625,30050840890.330128
10078,15.0,20.649462890625,22270770091.456226
10079,18.75,20.649462890625,17099341451.027046
10080,22.5,20.649462890625,11927912810.597868
10081,26.25,20.649462890625,7625267746.540624
10082,30.0,20.649462890625,5060189835.227249
10083,3.75,20.6595703125,42872313847.01197
10084,7.5,20.6595703125,37756888031.91876
10085,11.25,20.6595703125,30018561320.704266
10086,15.0,20.6595703125,22280234609.48977
10087,18.75,20.6595703125,17109239661.890017
10088,22.5,20.6595703125,11938244714.290262
10089,26.25,20.6595703125,7632935757.061561
10090,30.0,20.6595703125,5058998780.574961
10091,33.75,20.629248046875,2515212163.5648947
10092,37.5,20.629248046875,1280924559.6469986
10093,41.25,20.629248046875,703173044.2536187
10094,45.0,20.629248046875,125421528.86023882
10095,33.75,20.63935546875,2505162043.7393827
10096,37.5,20.63935546875,1271388587.7560334
10097,41.25,20.63935546875,698837826.8510863
10098,45.0,20.63935546875,126287065.94613893
10099,33.75,20.649462890625,2495111923.9138746
10100,37.5,20.649462890625,1261852615.8650718
10101,41.25,20.649462890625,694502609.4485552
10102,45.0,20.649462890625,127152603.03203875
10103,33.75,20.6595703125,2485061804.088362
10104,37.5,20.6595703125,1252316643.9741068
10105,41.25,20.6595703125,690167392.0460229
10106,45.0,20.6595703125,128018140.11793889
10107,48.75,20.629248046875,78388455.53764926
10108,52.5,20.629248046875,31355382.215059705
10109,48.75,20.63935546875,78929416.21633685
10110,52.5,20.63935546875,31571766.486534733
10111,56.25,20.629248046875,0.0
10112,60.0,20.629248046875,0.0
10113,56.25,20.63935546875,0.0
10114,60.0,20.63935546875,0.0
10115,48.75,20.649462890625,79470376.89502423
10116,52.5,20.649462890625,31788150.758009687
10117,48.75,20.6595703125,80011337.5737118
10118,52.5,20.6595703125,32004535.029484723
10119,56.25,20.649462890625,0.0
10120,60.0,20.649462890625,0.0
10121,56.25,20.6595703125,0.0
10122,60.0,20.6595703125,0.0
10123,3.75,20.669677734375,42773936239.95984
10124,7.5,20.669677734375,37682864374.633514
10125,11.25,20.669677734375,29986281751.078415
10126,15.0,20.669677734375,22289699127.523308
10127,18.75,20.669677734375,17119137872.75298
10128,22.5,20.669677734375,11948576617.982653
10129,26.25,20.669677734375,7640603767.582494
10130,30.0,20.669677734375,5057807725.922674
10131,3.75,20.67978515625,42675558632.90771
10132,7.5,20.67978515625,37608840717.34828
10133,11.25,20.67978515625,29954002181.452568
10134,15.0,20.67978515625,22299163645.55685
10135,18.75,20.67978515625,17129036083.615946
10136,22.5,20.67978515625,11958908521.675045
10137,26.25,20.67978515625,7648271778.103428
10138,30.0,20.67978515625,5056616671.270387
10139,33.75,20.669677734375,2475011684.2628536
10140,37.5,20.669677734375,1242780672.083145
10141,41.25,20.669677734375,685832174.6434919
10142,45.0,20.669677734375,128883677.2038387
10143,33.75,20.67978515625,2464961564.4373455
10144,37.5,20.67978515625,1233244700.1921833
10145,41.25,20.67978515625,681496957.240961
10146,45.0,20.67978515625,129749214.2897385
10147,48.75,20.669677734375,80552298.25239918
10148,52.5,20.669677734375,32220919.300959677
10149,48.75,20.67978515625,81093258.93108657
10150,52.5,20.67978515625,32437303.572434627
10151,56.25,20.669677734375,0.0
10152,60.0,20.669677734375,0.0
10153,56.25,20.67978515625,0.0
10154,60.0,20.67978515625,0.0
10155,3.75,20.689892578125,42577181025.855545
10156,7.5,20.689892578125,37534817060.06301
10157,11.25,20.689892578125,29921722611.826702
10158,15.0,20.689892578125,22308628163.59039
10159,18.75,20.689892578125,17138934294.478914
10160,22.5,20.689892578125,11969240425.367437
10161,26.25,20.689892578125,7655939788.624365
10162,30.0,20.689892578125,5055425616.618099
10163,3.75,20.7,42478803418.80342
10164,7.5,20.7,37460793402.77777
10165,11.25,20.7,29889443042.20085
10166,15.0,20.7,22318092681.62393
10167,18.75,20.7,17148832505.34188
10168,22.5,20.7,11979572329.05983
10169,26.25,20.7,7663607799.145299
10170,30.0,20.7,5054234561.965812
10171,33.75,20.689892578125,2454911444.611833
10172,37.5,20.689892578125,1223708728.301218
10173,41.25,20.689892578125,677161739.8384283
10174,45.0,20.689892578125,130614751.37563865
10175,33.75,20.7,2444861324.7863245
10176,37.5,20.7,1214172756.4102564
10177,41.25,20.7,672826522.4358975
10178,45.0,20.7,131480288.46153846
10179,48.75,20.689892578125,81634219.60977416
10180,52.5,20.689892578125,32653687.843909662
10181,48.75,20.7,82175180.28846154
10182,52.5,20.7,32870072.115384616
10183,56.25,20.689892578125,0.0
10184,60.0,20.689892578125,0.0
10185,56.25,20.7,0.0
10186,60.0,20.7,0.0
10187,63.75,0.010107421875,0.0
10188,63.75,-0.0,0.0
10189,63.75,0.02021484375,0.0
10190,67.5,0.010107421875,0.0
10191,67.5,-0.0,0.0
10192,67.5,0.02021484375,0.0
10193,63.75,0.030322265625,0.0
10194,63.75,0.0404296875,0.0
10195,67.5,0.030322265625,0.0
10196,67.5,0.0404296875,0.0
10197,63.75,0.050537109375,0.0
10198,63.75,0.06064453124999999,0.0
10199,67.5,0.050537109375,0.0
10200,67.5,0.06064453124999999,0.0
10201,63.75,0.07075195312499999,0.0
10202,63.75,0.080859375,0.0
10203,67.5,0.07075195312499999,0.0
10204,67.5,0.080859375,0.0
10205,63.75,0.090966796875,0.0
10206,67.5,0.090966796875,0.0
10207,63.75,0.0960205078125,0.0
10208,63.75,0.10107421875,102518.63593729083
10209,67.5,0.0960205078125,0.0
10210,67.5,0.10107421875,87873.11651767786
10211,63.75,0.1061279296875,584822.2186422748
10212,63.75,0.111181640625,1067125.801347259
10213,67.5,0.1061279296875,501276.1874076642
10214,67.5,0.111181640625,914679.2582976506
10215,63.75,0.1162353515625,1549429.3840522442
10216,63.75,0.1212890625,2031732.9667572284
10217,67.5,0.1162353515625,1328082.329187638
10218,67.5,0.1212890625,1741485.4000776242
10219,63.75,0.1263427734375,2514036.5494622122
10220,63.75,0.131396484375,2996340.1321671978
10221,67.5,0.1263427734375,2154888.4709676104
10222,67.5,0.131396484375,2568291.541857598
10223,63.75,0.1364501953125,3478643.7148721805
10224,63.75,0.14150390625,3960947.297577166
10225,67.5,0.1364501953125,2981694.612747583
10226,67.5,0.14150390625,3395097.683637571
10227,63.75,0.1465576171875,4443250.880282149
10228,63.75,0.151611328125,4925554.462987134
10229,67.5,0.1465576171875,3808500.754527556
10230,67.5,0.151611328125,4221903.825417544
10231,63.75,0.1566650390625,5407858.04569212
10232,63.75,0.16171875,5890161.628397102
10233,67.5,0.1566650390625,4635306.896307531
10234,67.5,0.16171875,5048709.967197515
10235,63.75,0.1667724609375,6372465.211102088
10236,63.75,0.171826171875,6854768.79380707
10237,67.5,0.1667724609375,5462113.038087504
10238,67.5,0.171826171875,5875516.108977488
10239,63.75,0.1768798828125,7337072.376512055
10240,63.75,0.18193359375,7819375.959217041
10241,67.5,0.1768798828125,6288919.179867476
10242,67.5,0.18193359375,6702322.250757463
10243,63.75,0.1869873046875,8301679.5419220235
10244,63.75,0.192041015625,8783983.124627009
10245,67.5,0.1869873046875,7115725.321647449
10246,67.5,0.192041015625,7529128.392537436
10247,63.75,0.1970947265625,9266286.70733199
10248,63.75,0.2,9543553.018162396
10249,63.75,0.2021484375,9748590.290036976
10250,67.5,0.1970947265625,7942531.463427421
10251,67.5,0.2,8180188.301282055
10252,67.5,0.2021484375,8355934.534317409
10253,63.75,0.2072021484375,10230893.872741964
10254,63.75,0.212255859375,10713197.455446946
10255,67.5,0.2072021484375,8769337.605207397
10256,67.5,0.212255859375,9182740.676097382
10257,63.75,0.2173095703125,11195501.03815193
10258,63.75,0.22236328125,11677804.620856913
10259,67.5,0.2173095703125,9596143.746987369
10260,67.5,0.22236328125,10009546.817877354
10261,63.75,0.2274169921875,12160108.203561898
10262,63.75,0.232470703125,12642411.786266884
10263,67.5,0.2274169921875,10422949.888767341
10264,67.5,0.232470703125,10836352.95965733
10265,63.75,0.2375244140625,13124715.368971866
10266,63.75,0.242578125,13607018.951676853
10267,67.5,0.2375244140625,11249756.030547313
10268,67.5,0.242578125,11663159.101437302
10269,63.75,0.2476318359375,14089322.534381835
10270,63.75,0.252685546875,14571626.117086818
10271,67.5,0.2476318359375,12076562.172327287
10272,67.5,0.252685546875,12489965.243217275
10273,63.75,0.2577392578125,15053929.699791806
10274,63.75,0.26279296875,15536233.28249679
10275,67.5,0.2577392578125,12903368.314107263
10276,67.5,0.26279296875,13316771.384997249
10277,63.75,0.2678466796875,16018536.86520177
10278,63.75,0.2729003906249999,16500840.447906747
10279,67.5,0.2678466796875,13730174.45588723
10280,67.5,0.2729003906249999,14143577.52677721
10281,63.75,0.2779541015624999,16983144.03061173
10282,63.75,0.2830078125,17465447.613316726
10283,67.5,0.2779541015624999,14556980.597667197
10284,67.5,0.2830078125,14970383.668557195
10285,63.75,0.2880615234375,17947751.196021713
10286,63.75,0.293115234375,18430054.77872669
10287,67.5,0.2880615234375,15383786.739447182
10288,67.5,0.293115234375,15797189.810337164
10289,63.75,0.2981689453125,18912358.361431677
10290,63.75,0.30322265625,18779550.128512915
10291,67.5,0.2981689453125,16210592.881227152
10292,67.5,0.30322265625,16096757.253011068
10293,63.75,0.313330078125,17814942.96310294
10294,67.5,0.313330078125,15269951.11123109
10295,63.75,0.3234375,16850335.797692977
10296,67.5,0.3234375,14443144.969451124
10297,63.75,0.34365234375,14921121.46687304
10298,67.5,0.34365234375,12789532.685891178
10299,63.75,0.3638671875,12991907.136053098
10300,67.5,0.3638671875,11135920.402331226
10301,63.75,0.404296875,9133478.47441323
10302,67.5,0.404296875,7828695.8352113385
10303,63.75,0.48515625,1416621.1511334782
10304,67.5,0.48515625,1214246.7009715529
10305,63.75,0.646875,0.0
10306,67.5,0.646875,0.0
10307,63.75,0.9703124999999999,0.0
10308,67.5,0.9703124999999999,0.0
10309,63.75,1.29375,0.0
10310,67.5,1.29375,0.0
10311,63.75,1.6171875,0.0
10312,63.75,1.940625,0.0
10313,67.5,1.6171875,0.0
10314,67.5,1.940625,0.0
10315,63.75,2.2640625,0.0
10316,63.75,2.5875,0.0
10317,67.5,2.2640625,0.0
10318,67.5,2.5875,0.0
10319,63.75,2.9109375,0.0
10320,63.75,3.234375,0.0
10321,67.5,2.9109375,0.0
10322,67.5,3.234375,0.0
10323,63.75,3.5578125,0.0
10324,63.75,3.88125,0.0
10325,67.5,3.5578125,0.0
10326,67.5,3.88125,0.0
10327,63.75,4.204687499999999,0.0
10328,63.75,4.528124999999999,0.0
10329,67.5,4.204687499999999,0.0
10330,67.5,4.528124999999999,0.0
10331,63.75,4.8515625,0.0
10332,63.75,5.175,0.0
10333,67.5,4.8515625,0.0
10334,67.5,5.175,0.0
10335,63.75,5.4984375,0.0
10336,63.75,5.821875,0.0
10337,67.5,5.4984375,0.0
10338,67.5,5.821875,0.0
10339,63.75,6.1453125,0.0
10340,63.75,6.46875,0.0
10341,67.5,6.1453125,0.0
10342,67.5,6.46875,0.0
10343,63.75,6.7921875,0.0
10344,63.75,7.115625,0.0
10345,67.5,6.7921875,0.0
10346,67.5,7.115625,0.0
10347,63.75,7.439062499999999,0.0
10348,63.75,7.762499999999999,0.0
10349,67.5,7.439062499999999,0.0
10350,67.5,7.762499999999999,0.0
10351,63.75,8.0859375,0.0
10352,63.75,8.409374999999999,0.0
10353,67.5,8.0859375,0.0
10354,67.5,8.409374999999999,0.0
10355,63.75,8.732812499999998,62226.202549075504
10356,63.75,9.056249999999999,13525518.016326018
10357,67.5,8.732812499999998,53336.745042064715
10358,67.5,9.056249999999999,11593301.156850873
10359,63.75,9.3796875,0.0
10360,63.75,9.703125,0.0
10361,67.5,9.3796875,0.0
10362,67.5,9.703125,0.0
10363,63.75,10.0265625,0.0
10364,63.75,10.35,840770.2323717973
10365,67.5,10.0265625,0.0
10366,67.5,10.35,0.0
10367,71.25,0.010107421875,0.0
10368,71.25,-0.0,0.0
10369,71.25,0.02021484375,0.0
10370,75.0,0.010107421875,0.0
10371,75.0,-0.0,0.0
10372,75.0,0.02021484375,0.0
10373,71.25,0.030322265625,0.0
10374,71.25,0.0404296875,0.0
10375,75.0,0.030322265625,0.0
10376,75.0,0.0404296875,0.0
10377,71.25,0.050537109375,0.0
10378,71.25,0.06064453124999999,0.0
10379,75.0,0.050537109375,0.0
10380,75.0,0.06064453124999999,0.0
10381,71.25,0.07075195312499999,0.0
10382,71.25,0.080859375,0.0
10383,75.0,0.07075195312499999,0.0
10384,75.0,0.080859375,0.0
10385,71.25,0.090966796875,0.0
10386,75.0,0.090966796875,0.0
10387,71.25,0.0960205078125,0.0
10388,71.25,0.10107421875,43936.55825883893
10389,75.0,0.0960205078125,0.0
10390,75.0,0.10107421875,0.0
10391,71.25,0.1061279296875,250638.0937038321
10392,71.25,0.111181640625,457339.6291488253
10393,75.0,0.1061279296875,0.0
10394,75.0,0.111181640625,0.0
10395,71.25,0.1162353515625,664041.164593819
10396,71.25,0.1212890625,870742.7000388121
10397,75.0,0.1162353515625,0.0
10398,75.0,0.1212890625,0.0
10399,71.25,0.1263427734375,1077444.2354838052
10400,71.25,0.131396484375,1284145.770928799
10401,75.0,0.1263427734375,0.0
10402,75.0,0.131396484375,0.0
10403,71.25,0.1364501953125,1490847.3063737915
10404,71.25,0.14150390625,1697548.8418187855
10405,75.0,0.1364501953125,0.0
10406,75.0,0.14150390625,0.0
10407,71.25,0.1465576171875,1904250.377263778
10408,71.25,0.151611328125,2110951.912708772
10409,75.0,0.1465576171875,0.0
10410,75.0,0.151611328125,0.0
10411,71.25,0.1566650390625,2317653.4481537654
10412,71.25,0.16171875,2524354.9835987575
10413,75.0,0.1566650390625,0.0
10414,75.0,0.16171875,0.0
10415,71.25,0.1667724609375,2731056.519043752
10416,71.25,0.171826171875,2937758.054488744
10417,75.0,0.1667724609375,0.0
10418,75.0,0.171826171875,0.0
10419,71.25,0.1768798828125,3144459.589933738
10420,71.25,0.18193359375,3351161.1253787316
10421,75.0,0.1768798828125,0.0
10422,75.0,0.18193359375,0.0
10423,71.25,0.1869873046875,3557862.6608237247
10424,71.25,0.192041015625,3764564.196268718
10425,75.0,0.1869873046875,0.0
10426,75.0,0.192041015625,0.0
10427,71.25,0.1970947265625,3971265.7317137104
10428,71.25,0.2,4090094.1506410274
10429,71.25,0.2021484375,4177967.2671587043
10430,75.0,0.1970947265625,0.0
10431,75.0,0.2,0.0
10432,75.0,0.2021484375,0.0
10433,71.25,0.2072021484375,4384668.802603698
10434,71.25,0.212255859375,4591370.338048691
10435,75.0,0.2072021484375,0.0
10436,75.0,0.212255859375,0.0
10437,71.25,0.2173095703125,4798071.873493684
10438,71.25,0.22236328125,5004773.408938677
10439,75.0,0.2173095703125,0.0
10440,75.0,0.22236328125,0.0
10441,71.25,0.2274169921875,5211474.944383671
10442,71.25,0.232470703125,5418176.479828665
10443,75.0,0.2274169921875,0.0
10444,75.0,0.232470703125,0.0
10445,71.25,0.2375244140625,5624878.015273657
10446,71.25,0.242578125,5831579.550718651
10447,75.0,0.2375244140625,0.0
10448,75.0,0.242578125,0.0
10449,71.25,0.2476318359375,6038281.086163644
10450,71.25,0.252685546875,6244982.621608637
10451,75.0,0.2476318359375,0.0
10452,75.0,0.252685546875,0.0
10453,71.25,0.2577392578125,6451684.157053632
10454,71.25,0.26279296875,6658385.692498624
10455,75.0,0.2577392578125,0.0
10456,75.0,0.26279296875,0.0
10457,71.25,0.2678466796875,6865087.227943615
10458,71.25,0.2729003906249999,7071788.763388605
10459,75.0,0.2678466796875,0.0
10460,75.0,0.2729003906249999,0.0
10461,71.25,0.2779541015624999,7278490.298833598
10462,71.25,0.2830078125,7485191.8342785975
10463,75.0,0.2779541015624999,0.0
10464,75.0,0.2830078125,0.0
10465,71.25,0.2880615234375,7691893.369723591
10466,71.25,0.293115234375,7898594.905168582
10467,75.0,0.2880615234375,0.0
10468,75.0,0.293115234375,0.0
10469,71.25,0.2981689453125,8105296.440613576
10470,71.25,0.30322265625,8048378.626505534
10471,75.0,0.2981689453125,0.0
10472,75.0,0.30322265625,0.0
10473,71.25,0.313330078125,7634975.555615545
10474,75.0,0.313330078125,0.0
10475,71.25,0.3234375,7221572.484725562
10476,75.0,0.3234375,0.0
10477,71.25,0.34365234375,6394766.342945589
10478,75.0,0.34365234375,0.0
10479,71.25,0.3638671875,5567960.201165613
10480,75.0,0.3638671875,0.0
10481,71.25,0.404296875,3914347.9176056692
10482,75.0,0.404296875,0.0
10483,71.25,0.48515625,607123.3504857764
10484,75.0,0.48515625,0.0
10485,71.25,0.646875,0.0
10486,75.0,0.646875,0.0
10487,71.25,0.9703124999999999,0.0
10488,75.0,0.9703124999999999,0.0
10489,71.25,1.29375,0.0
10490,75.0,1.29375,0.0
10491,71.25,1.6171875,0.0
10492,71.25,1.940625,0.0
10493,75.0,1.6171875,0.0
10494,75.0,1.940625,0.0
10495,71.25,2.2640625,0.0
10496,71.25,2.5875,0.0
10497,75.0,2.2640625,0.0
10498,75.0,2.5875,0.0
10499,71.25,2.9109375,0.0
10500,71.25,3.234375,0.0
10501,75.0,2.9109375,0.0
10502,75.0,3.234375,0.0
10503,71.25,3.5578125,0.0
10504,71.25,3.88125,0.0
10505,75.0,3.5578125,0.0
10506,75.0,3.88125,0.0
10507,71.25,4.204687499999999,0.0
10508,71.25,4.528124999999999,0.0
10509,75.0,4.204687499999999,0.0
10510,75.0,4.528124999999999,0.0
10511,71.25,4.8515625,0.0
10512,71.25,5.175,0.0
10513,75.0,4.8515625,0.0
10514,75.0,5.175,0.0
10515,71.25,5.4984375,0.0
10516,71.25,5.821875,0.0
10517,75.0,5.4984375,0.0
10518,75.0,5.821875,0.0
10519,71.25,6.1453125,0.0
10520,71.25,6.46875,0.0
10521,75.0,6.1453125,0.0
10522,75.0,6.46875,0.0
10523,71.25,6.7921875,0.0
10524,71.25,7.115625,0.0
10525,75.0,6.7921875,0.0
10526,75.0,7.115625,0.0
10527,71.25,7.439062499999999,0.0
10528,71.25,7.762499999999999,0.0
10529,75.0,7.439062499999999,0.0
10530,75.0,7.762499999999999,0.0
10531,71.25,8.0859375,0.0
10532,71.25,8.409374999999999,0.0
10533,75.0,8.0859375,0.0
10534,75.0,8.409374999999999,0.0
10535,71.25,8.732812499999998,26668.372521032357
10536,71.25,9.056249999999999,5796650.578425436
10537,75.0,8.732812499999998,0.0
10538,75.0,9.056249999999999,0.0
10539,71.25,9.3796875,0.0
10540,71.25,9.703125,0.0
10541,75.0,9.3796875,0.0
10542,75.0,9.703125,0.0
10543,71.25,10.0265625,0.0
10544,71.25,10.35,0.0
10545,75.0,10.0265625,0.0
10546,75.0,10.35,0.0
10547,78.75,0.010107421875,0.0
10548,78.75,-0.0,0.0
10549,78.75,0.02021484375,0.0
10550,82.5,0.010107421875,0.0
10551,82.5,-0.0,0.0
10552,82.5,0.02021484375,0.0
10553,78.75,0.030322265625,0.0
10554,78.75,0.0404296875,0.0
10555,82.5,0.030322265625,0.0
10556,82.5,0.0404296875,0.0
10557,78.75,0.050537109375,0.0
10558,78.75,0.06064453124999999,0.0
10559,82.5,0.050537109375,0.0
10560,82.5,0.06064453124999999,0.0
10561,78.75,0.07075195312499999,0.0
10562,78.75,0.080859375,0.0
10563,82.5,0.07075195312499999,0.0
10564,82.5,0.080859375,0.0
10565,78.75,0.090966796875,0.0
10566,82.5,0.090966796875,0.0
10567,78.75,0.0960205078125,0.0
10568,78.75,0.10107421875,0.0
10569,82.5,0.0960205078125,0.0
10570,82.5,0.10107421875,0.0
10571,78.75,0.1061279296875,0.0
10572,78.75,0.111181640625,0.0
10573,82.5,0.1061279296875,0.0
10574,82.5,0.111181640625,0.0
10575,78.75,0.1162353515625,0.0
10576,78.75,0.1212890625,0.0
10577,82.5,0.1162353515625,0.0
10578,82.5,0.1212890625,0.0
10579,78.75,0.1263427734375,0.0
10580,78.75,0.131396484375,0.0
10581,82.5,0.1263427734375,0.0
10582,82.5,0.131396484375,0.0
10583,78.75,0.1364501953125,0.0
10584,78.75,0.14150390625,0.0
10585,82.5,0.1364501953125,0.0
10586,82.5,0.14150390625,0.0
10587,78.75,0.1465576171875,0.0
10588,78.75,0.151611328125,0.0
10589,82.5,0.1465576171875,0.0
10590,82.5,0.151611328125,0.0
10591,78.75,0.1566650390625,0.0
10592,78.75,0.16171875,0.0
10593,82.5,0.1566650390625,0.0
10594,82.5,0.16171875,0.0
10595,78.75,0.1667724609375,0.0
10596,78.75,0.171826171875,0.0
10597,82.5,0.1667724609375,0.0
10598,82.5,0.171826171875,0.0
10599,78.75,0.1768798828125,0.0
10600,78.75,0.18193359375,0.0
10601,82.5,0.1768798828125,0.0
10602,82.5,0.18193359375,0.0
10603,78.75,0.1869873046875,0.0
10604,78.75,0.192041015625,0.0
10605,82.5,0.1869873046875,0.0
10606,82.5,0.192041015625,0.0
10607,78.75,0.1970947265625,0.0
10608,78.75,0.2,0.0
10609,78.75,0.2021484375,0.0
10610,82.5,0.1970947265625,0.0
10611,82.5,0.2,0.0
10612,82.5,0.2021484375,0.0
10613,78.75,0.2072021484375,0.0
10614,78.75,0.212255859375,0.0
10615,82.5,0.2072021484375,0.0
10616,82.5,0.212255859375,0.0
10617,78.75,0.2173095703125,0.0
10618,78.75,0.22236328125,0.0
10619,82.5,0.2173095703125,0.0
10620,82.5,0.22236328125,0.0
10621,78.75,0.2274169921875,0.0
10622,78.75,0.232470703125,0.0
10623,82.5,0.2274169921875,0.0
10624,82.5,0.232470703125,0.0
10625,78.75,0.2375244140625,0.0
10626,78.75,0.242578125,0.0
10627,82.5,0.2375244140625,0.0
10628,82.5,0.242578125,0.0
10629,78.75,0.2476318359375,0.0
10630,78.75,0.252685546875,0.0
10631,82.5,0.2476318359375,0.0
10632,82.5,0.252685546875,0.0
10633,78.75,0.2577392578125,0.0
10634,78.75,0.26279296875,0.0
10635,82.5,0.2577392578125,0.0
10636,82.5,0.26279296875,0.0
10637,78.75,0.2678466796875,0.0
10638,78.75,0.2729003906249999,0.0
10639,82.5,0.2678466796875,0.0
10640,82.5,0.2729003906249999,0.0
10641,78.75,0.2779541015624999,0.0
10642,78.75,0.2830078125,0.0
10643,82.5,0.2779541015624999,0.0
10644,82.5,0.2830078125,0.0
10645,78.75,0.2880615234375,0.0
10646,78.75,0.293115234375,0.0
10647,82.5,0.2880615234375,0.0
10648,82.5,0.293115234375,0.0
10649,78.75,0.2981689453125,0.0
10650,78.75,0.30322265625,0.0
10651,82.5,0.2981689453125,0.0
10652,82.5,0.30322265625,0.0
10653,78.75,0.313330078125,0.0
10654,82.5,0.313330078125,0.0
10655,78.75,0.3234375,0.0
10656,82.5,0.3234375,0.0
10657,78.75,0.34365234375,0.0
10658,82.5,0.34365234375,0.0
10659,78.75,0.3638671875,0.0
10660,82.5,0.3638671875,0.0
10661,78.75,0.404296875,0.0
10662,82.5,0.404296875,0.0
10663,78.75,0.48515625,0.0
10664,82.5,0.48515625,0.0
10665,78.75,0.646875,0.0
10666,82.5,0.646875,0.0
10667,78.75,0.9703124999999999,0.0
10668,82.5,0.9703124999999999,0.0
10669,78.75,1.29375,0.0
10670,82.5,1.29375,0.0
10671,78.75,1.6171875,0.0
10672,78.75,1.940625,0.0
10673,82.5,1.6171875,0.0
10674,82.5,1.940625,0.0
10675,78.75,2.2640625,0.0
10676,78.75,2.5875,0.0
10677,82.5,2.2640625,0.0
10678,82.5,2.5875,0.0
10679,78.75,2.9109375,0.0
10680,78.75,3.234375,0.0
10681,82.5,2.9109375,0.0
10682,82.5,3.234375,0.0
10683,78.75,3.5578125,0.0
10684,78.75,3.88125,0.0
10685,82.5,3.5578125,0.0
10686,82.5,3.88125,0.0
10687,78.75,4.204687499999999,0.0
10688,78.75,4.528124999999999,0.0
10689,82.5,4.204687499999999,0.0
10690,82.5,4.528124999999999,0.0
10691,78.75,4.8515625,0.0
10692,78.75,5.175,0.0
10693,82.5,4.8515625,0.0
10694,82.5,5.175,0.0
10695,78.75,5.4984375,0.0
10696,78.75,5.821875,0.0
10697,82.5,5.4984375,0.0
10698,82.5,5.821875,0.0
10699,78.75,6.1453125,0.0
10700,78.75,6.46875,0.0
10701,82.5,6.1453125,0.0
10702,82.5,6.46875,0.0
10703,78.75,6.7921875,0.0
10704,78.75,7.115625,0.0
10705,82.5,6.7921875,0.0
10706,82.5,7.115625,0.0
10707,78.75,7.439062499999999,0.0
10708,78.75,7.762499999999999,0.0
10709,82.5,7.439062499999999,0.0
10710,82.5,7.762499999999999,0.0
10711,78.75,8.0859375,0.0
10712,78.75,8.409374999999999,0.0
10713,82.5,8.0859375,0.0
10714,82.5,8.409374999999999,0.0
10715,78.75,8.732812499999998,0.0
10716,78.75,9.056249999999999,0.0
10717,82.5,8.732812499999998,0.0
10718,82.5,9.056249999999999,0.0
10719,78.75,9.3796875,0.0
10720,78.75,9.703125,0.0
10721,82.5,9.3796875,0.0
10722,82.5,9.703125,0.0
10723,78.75,10.0265625,0.0
10724,78.75,10.35,0.0
10725,82.5,10.0265625,0.0
10726,82.5,10.35,0.0
10727,86.25,0.010107421875,0.0
10728,86.25,-0.0,0.0
10729,86.25,0.02021484375,0.0
10730,90.0,0.010107421875,0.0
10731,90.0,-0.0,0.0
10732,90.0,0.02021484375,0.0
10733,86.25,0.030322265625,0.0
10734,86.25,0.0404296875,0.0
10735,90.0,0.030322265625,0.0
10736,90.0,0.0404296875,0.0
10737,86.25,0.050537109375,0.0
10738,86.25,0.06064453124999999,0.0
10739,90.0,0.050537109375,0.0
10740,90.0,0.06064453124999999,0.0
10741,86.25,0.07075195312499999,0.0
10742,86.25,0.080859375,0.0
10743,90.0,0.07075195312499999,0.0
10744,90.0,0.080859375,0.0
10745,86.25,0.090966796875,0.0
10746,90.0,0.090966796875,0.0
10747,86.25,0.0960205078125,0.0
10748,86.25,0.10107421875,0.0
10749,90.0,0.0960205078125,0.0
10750,90.0,0.10107421875,0.0
10751,86.25,0.1061279296875,0.0
10752,86.25,0.111181640625,0.0
10753,90.0,0.1061279296875,0.0
10754,90.0,0.111181640625,0.0
10755,86.25,0.1162353515625,0.0
10756,86.25,0.1212890625,0.0
10757,90.0,0.1162353515625,0.0
10758,90.0,0.1212890625,0.0
10759,86.25,0.1263427734375,0.0
10760,86.25,0.131396484375,0.0
10761,90.0,0.1263427734375,0.0
10762,90.0,0.131396484375,0.0
10763,86.25,0.1364501953125,0.0
10764,86.25,0.14150390625,0.0
10765,90.0,0.1364501953125,0.0
10766,90.0,0.14150390625,0.0
10767,86.25,0.1465576171875,0.0
10768,86.25,0.151611328125,0.0
10769,90.0,0.1465576171875,0.0
10770,90.0,0.151611328125,0.0
10771,86.25,0.1566650390625,0.0
10772,86.25,0.16171875,0.0
10773,90.0,0.1566650390625,0.0
10774,90.0,0.16171875,0.0
10775,86.25,0.1667724609375,0.0
10776,86.25,0.171826171875,0.0
10777,90.0,0.1667724609375,0.0
10778,90.0,0.171826171875,0.0
10779,86.25,0.1768798828125,0.0
10780,86.25,0.18193359375,0.0
10781,90.0,0.1768798828125,0.0
10782,90.0,0.18193359375,0.0
10783,86.25,0.1869873046875,0.0
10784,86.25,0.192041015625,0.0
10785,90.0,0.1869873046875,0.0
10786,90.0,0.192041015625,0.0
10787,86.25,0.1970947265625,0.0
10788,86.25,0.2,0.0
10789,86.25,0.2021484375,0.0
10790,90.0,0.1970947265625,0.0
10791,90.0,0.2,0.0
10792,90.0,0.2021484375,0.0
10793,86.25,0.2072021484375,0.0
10794,86.25,0.212255859375,0.0
10795,90.0,0.2072021484375,0.0
10796,90.0,0.212255859375,0.0
10797,86.25,0.2173095703125,0.0
10798,86.25,0.22236328125,0.0
10799,90.0,0.2173095703125,0.0
10800,90.0,0.22236328125,0.0
10801,86.25,0.2274169921875,0.0
10802,86.25,0.232470703125,0.0
10803,90.0,0.2274169921875,0.0
10804,90.0,0.232470703125,0.0
10805,86.25,0.2375244140625,0.0
10806,86.25,0.242578125,0.0
10807,90.0,0.2375244140625,0.0
10808,90.0,0.242578125,0.0
10809,86.25,0.2476318359375,0.0
10810,86.25,0.252685546875,0.0
10811,90.0,0.2476318359375,0.0
10812,90.0,0.252685546875,0.0
10813,86.25,0.2577392578125,0.0
10814,86.25,0.26279296875,0.0
10815,90.0,0.2577392578125,0.0
10816,90.0,0.26279296875,0.0
10817,86.25,0.2678466796875,0.0
10818,86.25,0.2729003906249999,0.0
10819,90.0,0.2678466796875,0.0
10820,90.0,0.2729003906249999,0.0
10821,86.25,0.2779541015624999,0.0
10822,86.25,0.2830078125,0.0
10823,90.0,0.2779541015624999,0.0
10824,90.0,0.2830078125,0.0
10825,86.25,0.2880615234375,0.0
10826,86.25,0.293115234375,0.0
10827,90.0,0.2880615234375,0.0
10828,90.0,0.293115234375,0.0
10829,86.25,0.2981689453125,0.0
10830,86.25,0.30322265625,0.0
10831,90.0,0.2981689453125,0.0
10832,90.0,0.30322265625,0.0
10833,86.25,0.313330078125,0.0
10834,90.0,0.313330078125,0.0
10835,86.25,0.3234375,0.0
10836,90.0,0.3234375,0.0
10837,86.25,0.34365234375,0.0
10838,90.0,0.34365234375,0.0
10839,86.25,0.3638671875,0.0
10840,90.0,0.3638671875,0.0
10841,86.25,0.404296875,0.0
10842,90.0,0.404296875,0.0
10843,86.25,0.48515625,0.0
10844,90.0,0.48515625,0.0
10845,86.25,0.646875,0.0
10846,90.0,0.646875,0.0
10847,86.25,0.9703124999999999,0.0
10848,90.0,0.9703124999999999,0.0
10849,86.25,1.29375,0.0
10850,90.0,1.29375,0.0
10851,86.25,1.6171875,0.0
10852,86.25,1.940625,0.0
10853,90.0,1.6171875,0.0
10854,90.0,1.940625,0.0
10855,86.25,2.2640625,0.0
10856,86.25,2.5875,0.0
10857,90.0,2.2640625,0.0
10858,90.0,2.5875,0.0
10859,86.25,2.9109375,0.0
10860,86.25,3.234375,0.0
10861,90.0,2.9109375,0.0
10862,90.0,3.234375,0.0
10863,86.25,3.5578125,0.0
10864,86.25,3.88125,0.0
10865,90.0,3.5578125,0.0
10866,90.0,3.88125,0.0
10867,86.25,4.204687499999999,0.0
10868,86.25,4.528124999999999,0.0
10869,90.0,4.204687499999999,0.0
10870,90.0,4.528124999999999,0.0
10871,86.25,4.8515625,0.0
10872,86.25,5.175,0.0
10873,90.0,4.8515625,0.0
10874,90.0,5.175,0.0
10875,86.25,5.4984375,0.0
10876,86.25,5.821875,0.0
10877,90.0,5.4984375,0.0
10878,90.0,5.821875,0.0
10879,86.25,6.1453125,0.0
10880,86.25,6.46875,0.0
10881,90.0,6.1453125,0.0
10882,90.0,6.46875,0.0
10883,86.25,6.7921875,0.0
10884,86.25,7.115625,0.0
10885,90.0,6.7921875,0.0
10886,90.0,7.115625,0.0
10887,86.25,7.439062499999999,0.0
10888,86.25,7.762499999999999,0.0
10889,90.0,7.439062499999999,0.0
10890,90.0,7.762499999999999,0.0
10891,86.25,8.0859375,0.0
10892,86.25,8.409374999999999,0.0
10893,90.0,8.0859375,0.0
10894,90.0,8.409374999999999,0.0
10895,86.25,8.732812499999998,0.0
10896,86.25,9.056249999999999,0.0
10897,90.0,8.732812499999998,0.0
10898,90.0,9.056249999999999,0.0
10899,86.25,9.3796875,0.0
10900,86.25,9.703125,0.0
10901,90.0,9.3796875,0.0
10902,90.0,9.703125,0.0
10903,86.25,10.0265625,0.0
10904,86.25,10.35,0.0
10905,90.0,10.0265625,0.0
10906,90.0,10.35,0.0
10907,63.75,10.6734375,155069.83047876458
10908,63.75,10.996875,112288.09845753206
10909,67.5,10.6734375,0.0
10910,67.5,10.996875,0.0
10911,63.75,11.3203125,213956.86222956784
10912,63.75,11.64375,91661.13698584418
10913,67.5,11.3203125,0.0
10914,67.5,11.64375,0.0
10915,63.75,11.9671875,129170.55309328288
10916,63.75,12.290625,142851.16603231823
10917,67.5,11.9671875,0.0
10918,67.5,12.290625,0.0
10919,63.75,12.6140625,126877.97872429201
10920,63.75,12.9375,121616.87867254266
10921,67.5,12.6140625,0.0
10922,67.5,12.9375,0.0
10923,63.75,13.2609375,444649.1991352834
10924,63.75,13.584375,504199.427417201
10925,67.5,13.2609375,0.0
10926,67.5,13.584375,0.0
10927,63.75,13.9078125,0.0
10928,63.75,14.23125,0.0
10929,67.5,13.9078125,0.0
10930,67.5,14.23125,0.0
10931,63.75,14.5546875,1314964.881310096
10932,63.75,14.878125,1338388.2962740385
10933,67.5,14.5546875,0.0
10934,67.5,14.878125,0.0
10935,63.75,15.2015625,2107853.0336037744
10936,63.75,15.525,386727.0966880332
10937,67.5,15.2015625,0.0
10938,67.5,15.525,0.0
10939,71.25,10.6734375,0.0
10940,71.25,10.996875,0.0
10941,75.0,10.6734375,0.0
10942,75.0,10.996875,0.0
10943,71.25,11.3203125,0.0
10944,71.25,11.64375,0.0
10945,75.0,11.3203125,0.0
10946,75.0,11.64375,0.0
10947,71.25,11.9671875,0.0
10948,71.25,12.290625,0.0
10949,75.0,11.9671875,0.0
10950,75.0,12.290625,0.0
10951,71.25,12.6140625,0.0
10952,71.25,12.9375,0.0
10953,75.0,12.6140625,0.0
10954,75.0,12.9375,0.0
10955,71.25,13.2609375,0.0
10956,71.25,13.584375,0.0
10957,75.0,13.2609375,0.0
10958,75.0,13.584375,0.0
10959,71.25,13.9078125,0.0
10960,71.25,14.23125,0.0
10961,75.0,13.9078125,0.0
10962,75.0,14.23125,0.0
10963,71.25,14.5546875,0.0
10964,71.25,14.878125,0.0
10965,75.0,14.5546875,0.0
10966,75.0,14.878125,0.0
10967,71.25,15.2015625,0.0
10968,71.25,15.525,0.0
10969,75.0,15.2015625,0.0
10970,75.0,15.525,0.0
10971,78.75,10.6734375,0.0
10972,78.75,10.996875,0.0
10973,82.5,10.6734375,0.0
10974,82.5,10.996875,0.0
10975,78.75,11.3203125,0.0
10976,78.75,11.64375,0.0
10977,82.5,11.3203125,0.0
10978,82.5,11.64375,0.0
10979,78.75,11.9671875,1708004.6824919868
10980,78.75,12.290625,1417218.3305789272
10981,82.5,11.9671875,3416009.3649839736
10982,82.5,12.290625,2834436.6611578544
10983,78.75,12.6140625,0.0
10984,78.75,12.9375,0.0
10985,82.5,12.6140625,0.0
10986,82.5,12.9375,0.0
10987,78.75,13.2609375,0.0
10988,78.75,13.584375,0.0
10989,82.5,13.2609375,0.0
10990,82.5,13.584375,0.0
10991,78.75,13.9078125,0.0
10992,78.75,14.23125,0.0
10993,82.5,13.9078125,0.0
10994,82.5,14.23125,0.0
10995,78.75,14.5546875,0.0
10996,78.75,14.878125,0.0
10997,82.5,14.5546875,0.0
10998,82.5,14.878125,0.0
10999,78.75,15.2015625,0.0
11000,78.75,15.525,0.0
11001,82.5,15.2015625,0.0
11002,82.5,15.525,0.0
11003,86.25,10.6734375,0.0
11004,86.25,10.996875,0.0
11005,90.0,10.6734375,0.0
11006,90.0,10.996875,0.0
11007,86.25,11.3203125,0.0
11008,86.25,11.64375,0.0
11009,90.0,11.3203125,0.0
11010,90.0,11.64375,0.0
11011,86.25,11.9671875,5124014.047475961
11012,86.25,12.290625,4251654.991736781
11013,90.0,11.9671875,6832018.729967947
11014,90.0,12.290625,5668873.322315709
11015,86.25,12.6140625,0.0
11016,86.25,12.9375,0.0
11017,90.0,12.6140625,0.0
11018,90.0,12.9375,0.0
11019,86.25,13.2609375,0.0
11020,86.25,13.584375,0.0
11021,90.0,13.2609375,0.0
11022,90.0,13.584375,0.0
11023,86.25,13.9078125,0.0
11024,86.25,14.23125,0.0
11025,90.0,13.9078125,0.0
11026,90.0,14.23125,0.0
11027,86.25,14.5546875,0.0
11028,86.25,14.878125,0.0
11029,90.0,14.5546875,0.0
11030,90.0,14.878125,0.0
11031,86.25,15.2015625,0.0
11032,86.25,15.525,0.0
11033,90.0,15.2015625,0.0
11034,90.0,15.525,0.0
11035,63.75,15.8484375,0.0
11036,63.75,16.171875,0.0
11037,67.5,15.8484375,0.0
11038,67.5,16.171875,0.0
11039,63.75,16.4953125,0.0
11040,63.75,16.81875,0.0
11041,67.5,16.4953125,0.0
11042,67.5,16.81875,0.0
11043,63.75,17.1421875,0.0
11044,63.75,17.465625,0.0
11045,67.5,17.1421875,0.0
11046,67.5,17.465625,0.0
11047,63.75,17.7890625,0.0
11048,63.75,18.1125,0.0
11049,67.5,17.7890625,0.0
11050,67.5,18.1125,0.0
11051,71.25,15.8484375,0.0
11052,71.25,16.171875,0.0
11053,75.0,15.8484375,0.0
11054,75.0,16.171875,0.0
11055,71.25,16.4953125,0.0
11056,71.25,16.81875,0.0
11057,75.0,16.4953125,0.0
11058,75.0,16.81875,0.0
11059,71.25,17.1421875,0.0
11060,71.25,17.465625,0.0
11061,75.0,17.1421875,0.0
11062,75.0,17.465625,0.0
11063,71.25,17.7890625,0.0
11064,71.25,18.1125,0.0
11065,75.0,17.7890625,0.0
11066,75.0,18.1125,0.0
11067,78.75,15.8484375,0.0
11068,78.75,16.171875,0.0
11069,82.5,15.8484375,0.0
11070,82.5,16.171875,0.0
11071,78.75,16.4953125,0.0
11072,78.75,16.81875,0.0
11073,82.5,16.4953125,0.0
11074,82.5,16.81875,0.0
11075,78.75,17.1421875,0.0
11076,78.75,17.465625,0.0
11077,82.5,17.1421875,0.0
11078,82.5,17.465625,0.0
11079,78.75,17.7890625,0.0
11080,78.75,18.1125,0.0
11081,82.5,17.7890625,0.0
11082,82.5,18.1125,0.0
11083,86.25,15.8484375,0.0
11084,86.25,16.171875,0.0
11085,90.0,15.8484375,0.0
11086,90.0,16.171875,0.0
11087,86.25,16.4953125,0.0
11088,86.25,16.81875,0.0
11089,90.0,16.4953125,0.0
11090,90.0,16.81875,0.0
11091,86.25,17.1421875,0.0
11092,86.25,17.465625,0.0
11093,90.0,17.1421875,0.0
11094,90.0,17.465625,0.0
11095,86.25,17.7890625,0.0
11096,86.25,18.1125,0.0
11097,90.0,17.7890625,0.0
11098,90.0,18.1125,0.0
11099,63.75,18.4359375,0.0
11100,63.75,18.759375,0.0
11101,67.5,18.4359375,0.0
11102,67.5,18.759375,0.0
11103,63.75,19.0828125,0.0
11104,63.75,19.40625,0.0
11105,67.5,19.0828125,0.0
11106,67.5,19.40625,0.0
11107,71.25,18.4359375,0.0
11108,71.25,18.759375,0.0
11109,75.0,18.4359375,0.0
11110,75.0,18.759375,0.0
11111,71.25,19.0828125,0.0
11112,71.25,19.40625,0.0
11113,75.0,19.0828125,0.0
11114,75.0,19.40625,0.0
11115,78.75,18.4359375,0.0
11116,78.75,18.759375,0.0
11117,82.5,18.4359375,0.0
11118,82.5,18.759375,0.0
11119,78.75,19.0828125,0.0
11120,78.75,19.40625,0.0
11121,82.5,19.0828125,0.0
11122,82.5,19.40625,0.0
11123,86.25,18.4359375,0.0
11124,86.25,18.759375,0.0
11125,90.0,18.4359375,0.0
11126,90.0,18.759375,0.0
11127,86.25,19.0828125,0.0
11128,86.25,19.40625,0.0
11129,90.0,19.0828125,0.0
11130,90.0,19.40625,0.0
11131,63.75,19.7296875,0.0
11132,67.5,19.7296875,0.0
11133,63.75,19.89140625,0.0
11134,67.5,19.89140625,0.0
11135,63.75,19.972265625,0.0
11136,67.5,19.972265625,0.0
11137,63.75,20.0126953125,0.0
11138,67.5,20.0126953125,0.0
11139,63.75,20.053125,0.0
11140,67.5,20.053125,0.0
11141,71.25,19.7296875,0.0
11142,75.0,19.7296875,0.0
11143,71.25,19.89140625,0.0
11144,75.0,19.89140625,0.0
11145,71.25,19.972265625,0.0
11146,75.0,19.972265625,0.0
11147,71.25,20.0126953125,0.0
11148,75.0,20.0126953125,0.0
11149,71.25,20.053125,0.0
11150,75.0,20.053125,0.0
11151,78.75,19.7296875,0.0
11152,82.5,19.7296875,0.0
11153,78.75,19.89140625,0.0
11154,82.5,19.89140625,0.0
11155,78.75,19.972265625,0.0
11156,82.5,19.972265625,0.0
11157,78.75,20.0126953125,0.0
11158,82.5,20.0126953125,0.0
11159,78.75,20.053125,0.0
11160,82.5,20.053125,0.0
11161,86.25,19.7296875,0.0
11162,90.0,19.7296875,0.0
11163,86.25,19.89140625,0.0
11164,90.0,19.89140625,0.0
11165,86.25,19.972265625,0.0
11166,90.0,19.972265625,0.0
11167,86.25,20.0126953125,0.0
11168,90.0,20.0126953125,0.0
11169,86.25,20.053125,0.0
11170,90.0,20.053125,0.0
11171,63.75,20.07333984375,0.0
11172,67.5,20.07333984375,0.0
11173,63.75,20.083447265625,0.0
11174,67.5,20.083447265625,0.0
11175,63.75,20.0935546875,0.0
11176,67.5,20.0935546875,0.0
11177,63.75,20.0986083984375,0.0
11178,63.75,20.103662109375,0.0
11179,67.5,20.0986083984375,0.0
11180,67.5,20.103662109375,0.0
11181,63.75,20.1087158203125,0.0
11182,63.75,20.11376953125,0.0
11183,67.5,20.1087158203125,0.0
11184,67.5,20.11376953125,0.0
11185,63.75,20.1188232421875,0.0
11186,63.75,20.123876953125,0.0
11187,67.5,20.1188232421875,0.0
11188,67.5,20.123876953125,0.0
11189,63.75,20.1289306640625,0.0
11190,63.75,20.133984375,0.0
11191,67.5,20.1289306640625,0.0
11192,67.5,20.133984375,0.0
11193,71.25,20.07333984375,0.0
11194,75.0,20.07333984375,0.0
11195,71.25,20.083447265625,0.0
11196,75.0,20.083447265625,0.0
11197,71.25,20.0935546875,0.0
11198,75.0,20.0935546875,0.0
11199,71.25,20.0986083984375,0.0
11200,71.25,20.103662109375,0.0
11201,75.0,20.0986083984375,0.0
11202,75.0,20.103662109375,0.0
11203,71.25,20.1087158203125,0.0
11204,71.25,20.11376953125,0.0
11205,75.0,20.1087158203125,0.0
11206,75.0,20.11376953125,0.0
11207,71.25,20.1188232421875,0.0
11208,71.25,20.123876953125,0.0
11209,75.0,20.1188232421875,0.0
11210,75.0,20.123876953125,0.0
11211,71.25,20.1289306640625,0.0
11212,71.25,20.133984375,0.0
11213,75.0,20.1289306640625,0.0
11214,75.0,20.133984375,0.0
11215,63.75,20.1390380859375,0.0
11216,63.75,20.144091796875,0.0
11217,67.5,20.1390380859375,0.0
11218,67.5,20.144091796875,0.0
11219,63.75,20.1491455078125,0.0
11220,63.75,20.15419921875,0.0
11221,67.5,20.1491455078125,0.0
11222,67.5,20.15419921875,0.0
11223,63.75,20.1592529296875,0.0
11224,63.75,20.164306640625,0.0
11225,67.5,20.1592529296875,0.0
11226,67.5,20.164306640625,0.0
11227,63.75,20.1693603515625,0.0
11228,63.75,20.1744140625,0.0
11229,67.5,20.1693603515625,0.0
11230,67.5,20.1744140625,0.0
11231,71.25,20.1390380859375,0.0
11232,71.25,20.144091796875,0.0
11233,75.0,20.1390380859375,0.0
11234,75.0,20.144091796875,0.0
11235,71.25,20.1491455078125,0.0
11236,71.25,20.15419921875,0.0
11237,75.0,20.1491455078125,0.0
11238,75.0,20.15419921875,0.0
11239,71.25,20.1592529296875,0.0
11240,71.25,20.164306640625,0.0
11241,75.0,20.1592529296875,0.0
11242,75.0,20.164306640625,0.0
11243,71.25,20.1693603515625,0.0
11244,71.25,20.1744140625,0.0
11245,75.0,20.1693603515625,0.0
11246,75.0,20.1744140625,0.0
11247,63.75,20.1794677734375,0.0
11248,63.75,20.184521484375,0.0
11249,67.5,20.1794677734375,0.0
11250,67.5,20.184521484375,0.0
11251,63.75,20.1895751953125,0.0
11252,63.75,20.19462890625,0.0
11253,67.5,20.1895751953125,0.0
11254,67.5,20.19462890625,0.0
11255,71.25,20.1794677734375,0.0
11256,71.25,20.184521484375,0.0
11257,75.0,20.1794677734375,0.0
11258,75.0,20.184521484375,0.0
11259,71.25,20.1895751953125,0.0
11260,71.25,20.19462890625,0.0
11261,75.0,20.1895751953125,0.0
11262,75.0,20.19462890625,0.0
11263,63.75,20.1996826171875,0.0
11264,63.75,20.2,0.0
11265,63.75,20.204736328125,0.0
11266,67.5,20.1996826171875,0.0
11267,67.5,20.2,0.0
11268,67.5,20.204736328125,0.0
11269,71.25,20.1996826171875,0.0
11270,71.25,20.2,0.0
11271,71.25,20.204736328125,0.0
11272,75.0,20.1996826171875,0.0
11273,75.0,20.2,0.0
11274,75.0,20.204736328125,0.0
11275,63.75,20.2097900390625,0.0
11276,67.5,20.2097900390625,0.0
11277,63.75,20.21484375,0.0
11278,67.5,20.21484375,0.0
11279,71.25,20.2097900390625,0.0
11280,75.0,20.2097900390625,0.0
11281,71.25,20.21484375,0.0
11282,75.0,20.21484375,0.0
11283,63.75,20.2198974609375,0.0
11284,67.5,20.2198974609375,0.0
11285,63.75,20.224951171875,0.0
11286,67.5,20.224951171875,0.0
11287,71.25,20.2198974609375,0.0
11288,75.0,20.2198974609375,0.0
11289,71.25,20.224951171875,0.0
11290,75.0,20.224951171875,0.0
11291,63.75,20.2300048828125,0.0
11292,67.5,20.2300048828125,0.0
11293,63.75,20.23505859375,0.0
11294,67.5,20.23505859375,0.0
11295,71.25,20.2300048828125,0.0
11296,75.0,20.2300048828125,0.0
11297,71.25,20.23505859375,0.0
11298,75.0,20.23505859375,0.0
11299,63.75,20.2401123046875,0.0
11300,67.5,20.2401123046875,0.0
11301,63.75,20.245166015625,0.0
11302,67.5,20.245166015625,0.0
11303,71.25,20.2401123046875,0.0
11304,75.0,20.2401123046875,0.0
11305,71.25,20.245166015625,0.0
11306,75.0,20.245166015625,0.0
11307,63.75,20.2502197265625,0.0
11308,67.5,20.2502197265625,0.0
11309,63.75,20.2552734375,0.0
11310,67.5,20.2552734375,0.0
11311,71.25,20.2502197265625,0.0
11312,75.0,20.2502197265625,0.0
11313,71.25,20.2552734375,0.0
11314,75.0,20.2552734375,0.0
11315,63.75,20.2603271484375,0.0
11316,67.5,20.2603271484375,0.0
11317,63.75,20.265380859375,0.0
11318,67.5,20.265380859375,0.0
11319,71.25,20.2603271484375,0.0
11320,75.0,20.2603271484375,0.0
11321,71.25,20.265380859375,0.0
11322,75.0,20.265380859375,0.0
11323,63.75,20.2704345703125,0.0
11324,67.5,20.2704345703125,0.0
11325,63.75,20.27548828125,0.0
11326,67.5,20.27548828125,0.0
11327,71.25,20.2704345703125,0.0
11328,75.0,20.2704345703125,0.0
11329,71.25,20.27548828125,0.0
11330,75.0,20.27548828125,0.0
11331,63.75,20.2805419921875,0.0
11332,67.5,20.2805419921875,0.0
11333,63.75,20.285595703125,0.0
11334,67.5,20.285595703125,0.0
11335,71.25,20.2805419921875,0.0
11336,75.0,20.2805419921875,0.0
11337,71.25,20.285595703125,0.0
11338,75.0,20.285595703125,0.0
11339,63.75,20.2906494140625,0.0
11340,67.5,20.2906494140625,0.0
11341,63.75,20.295703125,0.0
11342,67.5,20.295703125,0.0
11343,71.25,20.2906494140625,0.0
11344,75.0,20.2906494140625,0.0
11345,71.25,20.295703125,0.0
11346,75.0,20.295703125,0.0
11347,63.75,20.3007568359375,0.0
11348,67.5,20.3007568359375,0.0
11349,63.75,20.305810546875,0.0
11350,67.5,20.305810546875,0.0
11351,71.25,20.3007568359375,0.0
11352,75.0,20.3007568359375,0.0
11353,71.25,20.305810546875,0.0
11354,75.0,20.305810546875,0.0
11355,63.75,20.31591796875,0.0
11356,67.5,20.31591796875,0.0
11357,71.25,20.31591796875,0.0
11358,75.0,20.31591796875,0.0
11359,63.75,20.326025390625,0.0
11360,67.5,20.326025390625,0.0
11361,63.75,20.3361328125,0.0
11362,67.5,20.3361328125,0.0
11363,71.25,20.326025390625,0.0
11364,75.0,20.326025390625,0.0
11365,71.25,20.3361328125,0.0
11366,75.0,20.3361328125,0.0
11367,63.75,20.346240234375,0.0
11368,67.5,20.346240234375,0.0
11369,63.75,20.35634765625,0.0
11370,67.5,20.35634765625,0.0
11371,71.25,20.346240234375,0.0
11372,75.0,20.346240234375,0.0
11373,71.25,20.35634765625,0.0
11374,75.0,20.35634765625,0.0
11375,63.75,20.366455078125,0.0
11376,67.5,20.366455078125,0.0
11377,63.75,20.3765625,0.0
11378,67.5,20.3765625,0.0
11379,71.25,20.366455078125,0.0
11380,75.0,20.366455078125,0.0
11381,71.25,20.3765625,0.0
11382,75.0,20.3765625,0.0
11383,78.75,20.07333984375,0.0
11384,82.5,20.07333984375,0.0
11385,78.75,20.083447265625,0.0
11386,82.5,20.083447265625,0.0
11387,78.75,20.0935546875,0.0
11388,82.5,20.0935546875,0.0
11389,78.75,20.0986083984375,0.0
11390,78.75,20.103662109375,0.0
11391,82.5,20.0986083984375,0.0
11392,82.5,20.103662109375,0.0
11393,78.75,20.1087158203125,0.0
11394,78.75,20.11376953125,0.0
11395,82.5,20.1087158203125,0.0
11396,82.5,20.11376953125,0.0
11397,78.75,20.1188232421875,0.0
11398,78.75,20.123876953125,0.0
11399,82.5,20.1188232421875,0.0
11400,82.5,20.123876953125,0.0
11401,78.75,20.1289306640625,0.0
11402,78.75,20.133984375,0.0
11403,82.5,20.1289306640625,0.0
11404,82.5,20.133984375,0.0
11405,86.25,20.07333984375,0.0
11406,90.0,20.07333984375,0.0
11407,86.25,20.083447265625,0.0
11408,90.0,20.083447265625,0.0
11409,86.25,20.0935546875,0.0
11410,90.0,20.0935546875,0.0
11411,86.25,20.0986083984375,0.0
11412,86.25,20.103662109375,0.0
11413,90.0,20.0986083984375,0.0
11414,90.0,20.103662109375,0.0
11415,86.25,20.1087158203125,0.0
11416,86.25,20.11376953125,0.0
11417,90.0,20.1087158203125,0.0
11418,90.0,20.11376953125,0.0
11419,86.25,20.1188232421875,0.0
11420,86.25,20.123876953125,0.0
11421,90.0,20.1188232421875,0.0
11422,90.0,20.123876953125,0.0
11423,86.25,20.1289306640625,0.0
11424,86.25,20.133984375,0.0
11425,90.0,20.1289306640625,0.0
11426,90.0,20.133984375,0.0
11427,78.75,20.1390380859375,0.0
11428,78.75,20.144091796875,0.0
11429,82.5,20.1390380859375,0.0
11430,82.5,20.144091796875,0.0
11431,78.75,20.1491455078125,0.0
11432,78.75,20.15419921875,0.0
11433,82.5,20.1491455078125,0.0
11434,82.5,20.15419921875,0.0
11435,78.75,20.1592529296875,0.0
11436,78.75,20.164306640625,0.0
11437,82.5,20.1592529296875,0.0
11438,82.5,20.164306640625,0.0
11439,78.75,20.1693603515625,0.0
11440,78.75,20.1744140625,0.0
11441,82.5,20.1693603515625,0.0
11442,82.5,20.1744140625,0.0
11443,86.25,20.1390380859375,0.0
11444,86.25,20.144091796875,0.0
11445,90.0,20.1390380859375,0.0
11446,90.0,20.144091796875,0.0
11447,86.25,20.1491455078125,0.0
11448,86.25,20.15419921875,0.0
11449,90.0,20.1491455078125,0.0
11450,90.0,20.15419921875,0.0
11451,86.25,20.1592529296875,0.0
11452,86.25,20.164306640625,0.0
11453,90.0,20.1592529296875,0.0
11454,90.0,20.164306640625,0.0
11455,86.25,20.1693603515625,0.0
11456,86.25,20.1744140625,0.0
11457,90.0,20.1693603515625,0.0
11458,90.0,20.1744140625,0.0
11459,78.75,20.1794677734375,0.0
11460,78.75,20.184521484375,0.0
11461,82.5,20.1794677734375,0.0
11462,82.5,20.184521484375,0.0
11463,78.75,20.1895751953125,0.0
11464,78.75,20.19462890625,0.0
11465,82.5,20.1895751953125,0.0
11466,82.5,20.19462890625,0.0
11467,86.25,20.1794677734375,0.0
11468,86.25,20.184521484375,0.0
11469,90.0,20.1794677734375,0.0
11470,90.0,20.184521484375,0.0
11471,86.25,20.1895751953125,0.0
11472,86.25,20.19462890625,0.0
11473,90.0,20.1895751953125,0.0
11474,90.0,20.19462890625,0.0
11475,78.75,20.1996826171875,0.0
11476,78.75,20.2,0.0
11477,78.75,20.204736328125,0.0
11478,82.5,20.1996826171875,0.0
11479,82.5,20.2,0.0
11480,82.5,20.204736328125,0.0
11481,86.25,20.1996826171875,0.0
11482,86.25,20.2,0.0
11483,86.25,20.204736328125,0.0
11484,90.0,20.1996826171875,0.0
11485,90.0,20.2,0.0
11486,90.0,20.204736328125,0.0
11487,78.75,20.2097900390625,0.0
11488,82.5,20.2097900390625,0.0
11489,78.75,20.21484375,0.0
11490,82.5,20.21484375,0.0
11491,86.25,20.2097900390625,0.0
11492,90.0,20.2097900390625,0.0
11493,86.25,20.21484375,0.0
11494,90.0,20.21484375,0.0
11495,78.75,20.2198974609375,0.0
11496,82.5,20.2198974609375,0.0
11497,78.75,20.224951171875,0.0
11498,82.5,20.224951171875,0.0
11499,86.25,20.2198974609375,0.0
11500,90.0,20.2198974609375,0.0
11501,86.25,20.224951171875,0.0
11502,90.0,20.224951171875,0.0
11503,78.75,20.2300048828125,0.0
11504,82.5,20.2300048828125,0.0
11505,78.75,20.23505859375,0.0
11506,82.5,20.23505859375,0.0
11507,86.25,20.2300048828125,0.0
11508,90.0,20.2300048828125,0.0
11509,86.25,20.23505859375,0.0
11510,90.0,20.23505859375,0.0
11511,78.75,20.2401123046875,0.0
11512,82.5,20.2401123046875,0.0
11513,78.75,20.245166015625,0.0
11514,82.5,20.245166015625,0.0
11515,86.25,20.2401123046875,0.0
11516,90.0,20.2401123046875,0.0
11517,86.25,20.245166015625,0.0
11518,90.0,20.245166015625,0.0
11519,78.75,20.2502197265625,0.0
11520,82.5,20.2502197265625,0.0
11521,78.75,20.2552734375,0.0
11522,82.5,20.2552734375,0.0
11523,86.25,20.2502197265625,0.0
11524,90.0,20.2502197265625,0.0
11525,86.25,20.2552734375,0.0
11526,90.0,20.2552734375,0.0
11527,78.75,20.2603271484375,0.0
11528,82.5,20.2603271484375,0.0
11529,78.75,20.265380859375,0.0
11530,82.5,20.265380859375,0.0
11531,86.25,20.2603271484375,0.0
11532,90.0,20.2603271484375,0.0
11533,86.25,20.265380859375,0.0
11534,90.0,20.265380859375,0.0
11535,78.75,20.2704345703125,0.0
11536,82.5,20.2704345703125,0.0
11537,78.75,20.27548828125,0.0
11538,82.5,20.27548828125,0.0
11539,86.25,20.2704345703125,0.0
11540,90.0,20.2704345703125,0.0
11541,86.25,20.27548828125,0.0
11542,90.0,20.27548828125,0.0
11543,78.75,20.2805419921875,0.0
11544,82.5,20.2805419921875,0.0
11545,78.75,20.285595703125,0.0
11546,82.5,20.285595703125,0.0
11547,86.25,20.2805419921875,0.0
11548,90.0,20.2805419921875,0.0
11549,86.25,20.285595703125,0.0
11550,90.0,20.285595703125,0.0
11551,78.75,20.2906494140625,0.0
11552,82.5,20.2906494140625,0.0
11553,78.75,20.295703125,0.0
11554,82.5,20.295703125,0.0
11555,86.25,20.2906494140625,0.0
11556,90.0,20.2906494140625,0.0
11557,86.25,20.295703125,0.0
11558,90.0,20.295703125,0.0
11559,78.75,20.3007568359375,0.0
11560,82.5,20.3007568359375,0.0
11561,78.75,20.305810546875,0.0
11562,82.5,20.305810546875,0.0
11563,86.25,20.3007568359375,0.0
11564,90.0,20.3007568359375,0.0
11565,86.25,20.305810546875,0.0
11566,90.0,20.305810546875,0.0
11567,78.75,20.31591796875,0.0
11568,82.5,20.31591796875,0.0
11569,86.25,20.31591796875,0.0
11570,90.0,20.31591796875,0.0
11571,78.75,20.326025390625,0.0
11572,82.5,20.326025390625,0.0
11573,78.75,20.3361328125,0.0
11574,82.5,20.3361328125,0.0
11575,86.25,20.326025390625,0.0
11576,90.0,20.326025390625,0.0
11577,86.25,20.3361328125,0.0
11578,90.0,20.3361328125,0.0
11579,78.75,20.346240234375,0.0
11580,82.5,20.346240234375,0.0
11581,78.75,20.35634765625,0.0
11582,82.5,20.35634765625,0.0
11583,86.25,20.346240234375,0.0
11584,90.0,20.346240234375,0.0
11585,86.25,20.35634765625,0.0
11586,90.0,20.35634765625,0.0
11587,78.75,20.366455078125,0.0
11588,82.5,20.366455078125,0.0
11589,78.75,20.3765625,0.0
11590,82.5,20.3765625,0.0
11591,86.25,20.366455078125,0.0
11592,90.0,20.366455078125,0.0
11593,86.25,20.3765625,0.0
11594,90.0,20.3765625,0.0
11595,63.75,20.386669921875,0.0
11596,67.5,20.386669921875,0.0
11597,71.25,20.386669921875,0.0
11598,75.0,20.386669921875,0.0
11599,63.75,20.39677734375,0.0
11600,67.5,20.39677734375,0.0
11601,71.25,20.39677734375,0.0
11602,75.0,20.39677734375,0.0
11603,63.75,20.406884765625,0.0
11604,67.5,20.406884765625,0.0
11605,71.25,20.406884765625,0.0
11606,75.0,20.406884765625,0.0
11607,63.75,20.4169921875,0.0
11608,67.5,20.4169921875,0.0
11609,71.25,20.4169921875,0.0
11610,75.0,20.4169921875,0.0
11611,63.75,20.427099609375,0.0
11612,67.5,20.427099609375,0.0
11613,71.25,20.427099609375,0.0
11614,75.0,20.427099609375,0.0
11615,63.75,20.43720703125,0.0
11616,67.5,20.43720703125,0.0
11617,71.25,20.43720703125,0.0
11618,75.0,20.43720703125,0.0
11619,63.75,20.447314453125,0.0
11620,67.5,20.447314453125,0.0
11621,71.25,20.447314453125,0.0
11622,75.0,20.447314453125,0.0
11623,63.75,20.457421875,0.0
11624,67.5,20.457421875,0.0
11625,71.25,20.457421875,0.0
11626,75.0,20.457421875,0.0
11627,63.75,20.467529296875,0.0
11628,67.5,20.467529296875,0.0
11629,71.25,20.467529296875,0.0
11630,75.0,20.467529296875,0.0
11631,63.75,20.47763671875,0.0
11632,67.5,20.47763671875,0.0
11633,71.25,20.47763671875,0.0
11634,75.0,20.47763671875,0.0
11635,63.75,20.487744140625,0.0
11636,67.5,20.487744140625,0.0
11637,71.25,20.487744140625,0.0
11638,75.0,20.487744140625,0.0
11639,63.75,20.4978515625,0.0
11640,67.5,20.4978515625,0.0
11641,71.25,20.4978515625,0.0
11642,75.0,20.4978515625,0.0
11643,63.75,20.50795898437499,0.0
11644,67.5,20.50795898437499,0.0
11645,71.25,20.50795898437499,0.0
11646,75.0,20.50795898437499,0.0
11647,63.75,20.51806640625,0.0
11648,67.5,20.51806640625,0.0
11649,71.25,20.51806640625,0.0
11650,75.0,20.51806640625,0.0
11651,63.75,20.528173828125,0.0
11652,67.5,20.528173828125,0.0
11653,71.25,20.528173828125,0.0
11654,75.0,20.528173828125,0.0
11655,63.75,20.53828125,0.0
11656,67.5,20.53828125,0.0
11657,71.25,20.53828125,0.0
11658,75.0,20.53828125,0.0
11659,78.75,20.386669921875,0.0
11660,82.5,20.386669921875,0.0
11661,78.75,20.39677734375,0.0
11662,82.5,20.39677734375,0.0
11663,86.25,20.386669921875,0.0
11664,90.0,20.386669921875,0.0
11665,86.25,20.39677734375,0.0
11666,90.0,20.39677734375,0.0
11667,78.75,20.406884765625,0.0
11668,82.5,20.406884765625,0.0
11669,78.75,20.4169921875,0.0
11670,82.5,20.4169921875,0.0
11671,86.25,20.406884765625,0.0
11672,90.0,20.406884765625,0.0
11673,86.25,20.4169921875,0.0
11674,90.0,20.4169921875,0.0
11675,78.75,20.427099609375,0.0
11676,82.5,20.427099609375,0.0
11677,78.75,20.43720703125,0.0
11678,82.5,20.43720703125,0.0
11679,86.25,20.427099609375,0.0
11680,90.0,20.427099609375,0.0
11681,86.25,20.43720703125,0.0
11682,90.0,20.43720703125,0.0
11683,78.75,20.447314453125,0.0
11684,82.5,20.447314453125,0.0
11685,78.75,20.457421875,0.0
11686,82.5,20.457421875,0.0
11687,86.25,20.447314453125,0.0
11688,90.0,20.447314453125,0.0
11689,86.25,20.457421875,0.0
11690,90.0,20.457421875,0.0
11691,78.75,20.467529296875,0.0
11692,82.5,20.467529296875,0.0
11693,78.75,20.47763671875,0.0
11694,82.5,20.47763671875,0.0
11695,86.25,20.467529296875,0.0
11696,90.0,20.467529296875,0.0
11697,86.25,20.47763671875,0.0
11698,90.0,20.47763671875,0.0
11699,78.75,20.487744140625,0.0
11700,82.5,20.487744140625,0.0
11701,78.75,20.4978515625,0.0
11702,82.5,20.4978515625,0.0
11703,86.25,20.487744140625,0.0
11704,90.0,20.487744140625,0.0
11705,86.25,20.4978515625,0.0
11706,90.0,20.4978515625,0.0
11707,78.75,20.50795898437499,0.0
11708,82.5,20.50795898437499,0.0
11709,78.75,20.51806640625,0.0
11710,82.5,20.51806640625,0.0
11711,86.25,20.50795898437499,0.0
11712,90.0,20.50795898437499,0.0
11713,86.25,20.51806640625,0.0
11714,90.0,20.51806640625,0.0
11715,78.75,20.528173828125,0.0
11716,82.5,20.528173828125,0.0
11717,78.75,20.53828125,0.0
11718,82.5,20.53828125,0.0
11719,86.25,20.528173828125,0.0
11720,90.0,20.528173828125,0.0
11721,86.25,20.53828125,0.0
11722,90.0,20.53828125,0.0
11723,63.75,20.548388671875,0.0
11724,67.5,20.548388671875,0.0
11725,71.25,20.548388671875,0.0
11726,75.0,20.548388671875,0.0
11727,63.75,20.55849609375,0.0
11728,67.5,20.55849609375,0.0
11729,71.25,20.55849609375,0.0
11730,75.0,20.55849609375,0.0
11731,63.75,20.568603515625,0.0
11732,67.5,20.568603515625,0.0
11733,71.25,20.568603515625,0.0
11734,75.0,20.568603515625,0.0
11735,63.75,20.5787109375,0.0
11736,67.5,20.5787109375,0.0
11737,71.25,20.5787109375,0.0
11738,75.0,20.5787109375,0.0
11739,63.75,20.588818359375,0.0
11740,67.5,20.588818359375,0.0
11741,71.25,20.588818359375,0.0
11742,75.0,20.588818359375,0.0
11743,63.75,20.59892578125,0.0
11744,67.5,20.59892578125,0.0
11745,71.25,20.59892578125,0.0
11746,75.0,20.59892578125,0.0
11747,63.75,20.609033203125,0.0
11748,67.5,20.609033203125,0.0
11749,71.25,20.609033203125,0.0
11750,75.0,20.609033203125,0.0
11751,63.75,20.619140625,0.0
11752,67.5,20.619140625,0.0
11753,71.25,20.619140625,0.0
11754,75.0,20.619140625,0.0
11755,78.75,20.548388671875,0.0
11756,82.5,20.548388671875,0.0
11757,78.75,20.55849609375,0.0
11758,82.5,20.55849609375,0.0
11759,86.25,20.548388671875,0.0
11760,90.0,20.548388671875,0.0
11761,86.25,20.55849609375,0.0
11762,90.0,20.55849609375,0.0
11763,78.75,20.568603515625,0.0
11764,82.5,20.568603515625,0.0
11765,78.75,20.5787109375,0.0
11766,82.5,20.5787109375,0.0
11767,86.25,20.568603515625,0.0
11768,90.0,20.568603515625,0.0
11769,86.25,20.5787109375,0.0
11770,90.0,20.5787109375,0.0
11771,78.75,20.588818359375,0.0
11772,82.5,20.588818359375,0.0
11773,78.75,20.59892578125,0.0
11774,82.5,20.59892578125,0.0
11775,86.25,20.588818359375,0.0
11776,90.0,20.588818359375,0.0
11777,86.25,20.59892578125,0.0
11778,90.0,20.59892578125,0.0
11779,78.75,20.609033203125,0.0
11780,82.5,20.609033203125,0.0
11781,78.75,20.619140625,0.0
11782,82.5,20.619140625,0.0
11783,86.25,20.609033203125,0.0
11784,90.0,20.609033203125,0.0
11785,86.25,20.619140625,0.0
11786,90.0,20.619140625,0.0
11787,63.75,20.629248046875,0.0
11788,67.5,20.629248046875,0.0
11789,71.25,20.629248046875,0.0
11790,75.0,20.629248046875,0.0
11791,63.75,20.63935546875,0.0
11792,67.5,20.63935546875,0.0
11793,71.25,20.63935546875,0.0
11794,75.0,20.63935546875,0.0
11795,63.75,20.649462890625,0.0
11796,67.5,20.649462890625,0.0
11797,71.25,20.649462890625,0.0
11798,75.0,20.649462890625,0.0
11799,63.75,20.6595703125,0.0
11800,67.5,20.6595703125,0.0
11801,71.25,20.6595703125,0.0
11802,75.0,20.6595703125,0.0
11803,78.75,20.629248046875,0.0
11804,82.5,20.629248046875,0.0
11805,78.75,20.63935546875,0.0
11806,82.5,20.63935546875,0.0
11807,86.25,20.629248046875,0.0
11808,90.0,20.629248046875,0.0
11809,86.25,20.63935546875,0.0
11810,90.0,20.63935546875,0.0
11811,78.75,20.649462890625,0.0
11812,82.5,20.649462890625,0.0
11813,78.75,20.6595703125,0.0
11814,82.5,20.6595703125,0.0
11815,86.25,20.649462890625,0.0
11816,90.0,20.649462890625,0.0
11817,86.25,20.6595703125,0.0
11818,90.0,20.6595703125,0.0
11819,63.75,20.669677734375,0.0
11820,67.5,20.669677734375,0.0
11821,71.25,20.669677734375,0.0
11822,75.0,20.669677734375,0.0
11823,63.75,20.67978515625,0.0
11824,67.5,20.67978515625,0.0
11825,71.25,20.67978515625,0.0
11826,75.0,20.67978515625,0.0
11827,78.75,20.669677734375,0.0
11828,82.5,20.669677734375,0.0
11829,78.75,20.67978515625,0.0
11830,82.5,20.67978515625,0.0
11831,86.25,20.669677734375,0.0
11832,90.0,20.669677734375,0.0
11833,86.25,20.67978515625,0.0
11834,90.0,20.67978515625,0.0
11835,63.75,20.689892578125,0.0
11836,67.5,20.689892578125,0.0
11837,71.25,20.689892578125,0.0
11838,75.0,20.689892578125,0.0
11839,63.75,20.7,0.0
11840,67.5,20.7,0.0
11841,71.25,20.7,0.0
11842,75.0,20.7,0.0
11843,78.75,20.689892578125,0.0
11844,82.5,20.689892578125,0.0
11845,78.75,20.7,0.0
11846,82.5,20.7,0.0
11847,86.25,20.689892578125,0.0
11848,90.0,20.689892578125,0.0
11849,86.25,20.7,0.0
11850,90.0,20.7,0.0
11851,93.75,0.010107421875,0.0
11852,93.75,-0.0,0.0
11853,93.75,0.02021484375,0.0
11854,97.5,0.010107421875,0.0
11855,97.5,-0.0,0.0
11856,97.5,0.02021484375,0.0
11857,93.75,0.030322265625,0.0
11858,93.75,0.0404296875,0.0
11859,97.5,0.030322265625,0.0
11860,97.5,0.0404296875,0.0
11861,93.75,0.050537109375,0.0
11862,93.75,0.06064453124999999,0.0
11863,97.5,0.050537109375,0.0
11864,97.5,0.06064453124999999,0.0
11865,93.75,0.07075195312499999,0.0
11866,93.75,0.080859375,0.0
11867,97.5,0.07075195312499999,0.0
11868,97.5,0.080859375,0.0
11869,93.75,0.090966796875,0.0
11870,97.5,0.090966796875,0.0
11871,93.75,0.0960205078125,0.0
11872,93.75,0.10107421875,0.0
11873,97.5,0.0960205078125,0.0
11874,97.5,0.10107421875,0.0
11875,93.75,0.1061279296875,0.0
11876,93.75,0.111181640625,0.0
11877,97.5,0.1061279296875,0.0
11878,97.5,0.111181640625,0.0
11879,93.75,0.1162353515625,0.0
11880,93.75,0.1212890625,0.0
11881,97.5,0.1162353515625,0.0
11882,97.5,0.1212890625,0.0
11883,93.75,0.1263427734375,0.0
11884,93.75,0.131396484375,0.0
11885,97.5,0.1263427734375,0.0
11886,97.5,0.131396484375,0.0
11887,93.75,0.1364501953125,0.0
11888,93.75,0.14150390625,0.0
11889,97.5,0.1364501953125,0.0
11890,97.5,0.14150390625,0.0
11891,93.75,0.1465576171875,0.0
11892,93.75,0.151611328125,0.0
11893,97.5,0.1465576171875,0.0
11894,97.5,0.151611328125,0.0
11895,93.75,0.1566650390625,0.0
11896,93.75,0.16171875,0.0
11897,97.5,0.1566650390625,0.0
11898,97.5,0.16171875,0.0
11899,93.75,0.1667724609375,0.0
11900,93.75,0.171826171875,0.0
11901,97.5,0.1667724609375,0.0
11902,97.5,0.171826171875,0.0
11903,93.75,0.1768798828125,0.0
11904,93.75,0.18193359375,0.0
11905,97.5,0.1768798828125,0.0
11906,97.5,0.18193359375,0.0
11907,93.75,0.1869873046875,0.0
11908,93.75,0.192041015625,0.0
11909,97.5,0.1869873046875,0.0
11910,97.5,0.192041015625,0.0
11911,93.75,0.1970947265625,0.0
11912,93.75,0.2,0.0
11913,93.75,0.2021484375,0.0
11914,97.5,0.1970947265625,0.0
11915,97.5,0.2,0.0
11916,97.5,0.2021484375,0.0
11917,93.75,0.2072021484375,0.0
11918,93.75,0.212255859375,0.0
11919,97.5,0.2072021484375,0.0
11920,97.5,0.212255859375,0.0
11921,93.75,0.2173095703125,0.0
11922,93.75,0.22236328125,0.0
11923,97.5,0.2173095703125,0.0
11924,97.5,0.22236328125,0.0
11925,93.75,0.2274169921875,0.0
11926,93.75,0.232470703125,0.0
11927,97.5,0.2274169921875,0.0
11928,97.5,0.232470703125,0.0
11929,93.75,0.2375244140625,0.0
11930,93.75,0.242578125,0.0
11931,97.5,0.2375244140625,0.0
11932,97.5,0.242578125,0.0
11933,93.75,0.2476318359375,0.0
11934,93.75,0.252685546875,0.0
11935,97.5,0.2476318359375,0.0
11936,97.5,0.252685546875,0.0
11937,93.75,0.2577392578125,0.0
11938,93.75,0.26279296875,0.0
11939,97.5,0.2577392578125,0.0
11940,97.5,0.26279296875,0.0
11941,93.75,0.2678466796875,0.0
11942,93.75,0.2729003906249999,0.0
11943,97.5,0.2678466796875,0.0
11944,97.5,0.2729003906249999,0.0
11945,93.75,0.2779541015624999,0.0
11946,93.75,0.2830078125,0.0
11947,97.5,0.2779541015624999,0.0
11948,97.5,0.2830078125,0.0
11949,93.75,0.2880615234375,0.0
11950,93.75,0.293115234375,0.0
11951,97.5,0.2880615234375,0.0
11952,97.5,0.293115234375,0.0
11953,93.75,0.2981689453125,0.0
11954,93.75,0.30322265625,0.0
11955,97.5,0.2981689453125,0.0
11956,97.5,0.30322265625,0.0
11957,93.75,0.313330078125,0.0
11958,97.5,0.313330078125,0.0
11959,93.75,0.3234375,0.0
11960,97.5,0.3234375,0.0
11961,93.75,0.34365234375,0.0
11962,97.5,0.34365234375,0.0
11963,93.75,0.3638671875,0.0
11964,97.5,0.3638671875,0.0
11965,93.75,0.404296875,0.0
11966,97.5,0.404296875,0.0
11967,93.75,0.48515625,0.0
11968,97.5,0.48515625,0.0
11969,93.75,0.646875,0.0
11970,97.5,0.646875,0.0
11971,93.75,0.9703124999999999,0.0
11972,97.5,0.9703124999999999,0.0
11973,93.75,1.29375,0.0
11974,97.5,1.29375,0.0
11975,93.75,1.6171875,0.0
11976,93.75,1.940625,0.0
11977,97.5,1.6171875,0.0
11978,97.5,1.940625,0.0
11979,93.75,2.2640625,0.0
11980,93.75,2.5875,0.0
11981,97.5,2.2640625,0.0
11982,97.5,2.5875,0.0
11983,93.75,2.9109375,0.0
11984,93.75,3.234375,0.0
11985,97.5,2.9109375,0.0
11986,97.5,3.234375,0.0
11987,93.75,3.5578125,0.0
11988,93.75,3.88125,0.0
11989,97.5,3.5578125,0.0
11990,97.5,3.88125,0.0
11991,93.75,4.204687499999999,0.0
11992,93.75,4.528124999999999,0.0
11993,97.5,4.204687499999999,0.0
11994,97.5,4.528124999999999,0.0
11995,93.75,4.8515625,0.0
11996,93.75,5.175,0.0
11997,97.5,4.8515625,0.0
11998,97.5,5.175,0.0
11999,93.75,5.4984375,0.0
12000,93.75,5.821875,0.0
12001,97.5,5.4984375,0.0
12002,97.5,5.821875,0.0
12003,93.75,6.1453125,0.0
12004,93.75,6.46875,0.0
12005,97.5,6.1453125,0.0
12006,97.5,6.46875,0.0
12007,93.75,6.7921875,0.0
12008,93.75,7.115625,0.0
12009,97.5,6.7921875,0.0
12010,97.5,7.115625,0.0
12011,93.75,7.439062499999999,0.0
12012,93.75,7.762499999999999,0.0
12013,97.5,7.439062499999999,0.0
12014,97.5,7.762499999999999,0.0
12015,93.75,8.0859375,0.0
12016,93.75,8.409374999999999,0.0
12017,97.5,8.0859375,0.0
12018,97.5,8.409374999999999,0.0
12019,93.75,8.732812499999998,0.0
12020,93.75,9.056249999999999,0.0
12021,97.5,8.732812499999998,0.0
12022,97.5,9.056249999999999,0.0
12023,93.75,9.3796875,0.0
12024,93.75,9.703125,0.0
12025,97.5,9.3796875,0.0
12026,97.5,9.703125,0.0
12027,93.75,10.0265625,0.0
12028,93.75,10.35,0.0
12029,97.5,10.0265625,0.0
12030,97.5,10.35,0.0
12031,101.25,0.010107421875,0.0
12032,101.25,-0.0,0.0
12033,101.25,0.02021484375,0.0
12034,105.0,0.010107421875,0.0
12035,105.0,-0.0,0.0
12036,105.0,0.02021484375,0.0
12037,101.25,0.030322265625,0.0
12038,101.25,0.0404296875,0.0
12039,105.0,0.030322265625,0.0
12040,105.0,0.0404296875,0.0
12041,101.25,0.050537109375,0.0
12042,101.25,0.06064453124999999,0.0
12043,105.0,0.050537109375,0.0
12044,105.0,0.06064453124999999,0.0
12045,101.25,0.07075195312499999,0.0
12046,101.25,0.080859375,0.0
12047,105.0,0.07075195312499999,0.0
12048,105.0,0.080859375,0.0
12049,101.25,0.090966796875,0.0
12050,105.0,0.090966796875,0.0
12051,101.25,0.0960205078125,0.0
12052,101.25,0.10107421875,0.0
12053,105.0,0.0960205078125,0.0
12054,105.0,0.10107421875,0.0
12055,101.25,0.1061279296875,0.0
12056,101.25,0.111181640625,0.0
12057,105.0,0.1061279296875,0.0
12058,105.0,0.111181640625,0.0
12059,101.25,0.1162353515625,0.0
12060,101.25,0.1212890625,0.0
12061,105.0,0.1162353515625,0.0
12062,105.0,0.1212890625,0.0
12063,101.25,0.1263427734375,0.0
12064,101.25,0.131396484375,0.0
12065,105.0,0.1263427734375,0.0
12066,105.0,0.131396484375,0.0
12067,101.25,0.1364501953125,0.0
12068,101.25,0.14150390625,0.0
12069,105.0,0.1364501953125,0.0
12070,105.0,0.14150390625,0.0
12071,101.25,0.1465576171875,0.0
12072,101.25,0.151611328125,0.0
12073,105.0,0.1465576171875,0.0
12074,105.0,0.151611328125,0.0
12075,101.25,0.1566650390625,0.0
12076,101.25,0.16171875,0.0
12077,105.0,0.1566650390625,0.0
12078,105.0,0.16171875,0.0
12079,101.25,0.1667724609375,0.0
12080,101.25,0.171826171875,0.0
12081,105.0,0.1667724609375,0.0
12082,105.0,0.171826171875,0.0
12083,101.25,0.1768798828125,0.0
12084,101.25,0.18193359375,0.0
12085,105.0,0.1768798828125,0.0
12086,105.0,0.18193359375,0.0
12087,101.25,0.1869873046875,0.0
12088,101.25,0.192041015625,0.0
12089,105.0,0.1869873046875,0.0
12090,105.0,0.192041015625,0.0
12091,101.25,0.1970947265625,0.0
12092,101.25,0.2,0.0
12093,101.25,0.2021484375,0.0
12094,105.0,0.1970947265625,0.0
12095,105.0,0.2,0.0
12096,105.0,0.2021484375,0.0
12097,101.25,0.2072021484375,0.0
12098,101.25,0.212255859375,0.0
12099,105.0,0.2072021484375,0.0
12100,105.0,0.212255859375,0.0
12101,101.25,0.2173095703125,0.0
12102,101.25,0.22236328125,0.0
12103,105.0,0.2173095703125,0.0
12104,105.0,0.22236328125,0.0
12105,101.25,0.2274169921875,0.0
12106,101.25,0.232470703125,0.0
12107,105.0,0.2274169921875,0.0
12108,105.0,0.232470703125,0.0
12109,101.25,0.2375244140625,0.0
12110,101.25,0.242578125,0.0
12111,105.0,0.2375244140625,0.0
12112,105.0,0.242578125,0.0
12113,101.25,0.2476318359375,0.0
12114,101.25,0.252685546875,0.0
12115,105.0,0.2476318359375,0.0
12116,105.0,0.252685546875,0.0
12117,101.25,0.2577392578125,0.0
12118,101.25,0.26279296875,0.0
12119,105.0,0.2577392578125,0.0
12120,105.0,0.26279296875,0.0
12121,101.25,0.2678466796875,0.0
12122,101.25,0.2729003906249999,0.0
12123,105.0,0.2678466796875,0.0
12124,105.0,0.2729003906249999,0.0
12125,101.25,0.2779541015624999,0.0
12126,101.25,0.2830078125,0.0
12127,105.0,0.2779541015624999,0.0
12128,105.0,0.2830078125,0.0
12129,101.25,0.2880615234375,0.0
12130,101.25,0.293115234375,0.0
12131,105.0,0.2880615234375,0.0
12132,105.0,0.293115234375,0.0
12133,101.25,0.2981689453125,0.0
12134,101.25,0.30322265625,0.0
12135,105.0,0.2981689453125,0.0
12136,105.0,0.30322265625,0.0
12137,101.25,0.313330078125,0.0
12138,105.0,0.313330078125,0.0
12139,101.25,0.3234375,0.0
12140,105.0,0.3234375,0.0
12141,101.25,0.34365234375,0.0
12142,105.0,0.34365234375,0.0
12143,101.25,0.3638671875,0.0
12144,105.0,0.3638671875,0.0
12145,101.25,0.404296875,0.0
12146,105.0,0.404296875,0.0
12147,101.25,0.48515625,0.0
12148,105.0,0.48515625,0.0
12149,101.25,0.646875,0.0
12150,105.0,0.646875,0.0
12151,101.25,0.9703124999999999,0.0
12152,105.0,0.9703124999999999,0.0
12153,101.25,1.29375,0.0
12154,105.0,1.29375,0.0
12155,101.25,1.6171875,0.0
12156,101.25,1.940625,0.0
12157,105.0,1.6171875,0.0
12158,105.0,1.940625,0.0
12159,101.25,2.2640625,0.0
12160,101.25,2.5875,0.0
12161,105.0,2.2640625,0.0
12162,105.0,2.5875,0.0
12163,101.25,2.9109375,0.0
12164,101.25,3.234375,0.0
12165,105.0,2.9109375,0.0
12166,105.0,3.234375,0.0
12167,101.25,3.5578125,0.0
12168,101.25,3.88125,0.0
12169,105.0,3.5578125,0.0
12170,105.0,3.88125,0.0
12171,101.25,4.204687499999999,0.0
12172,101.25,4.528124999999999,0.0
12173,105.0,4.204687499999999,0.0
12174,105.0,4.528124999999999,0.0
12175,101.25,4.8515625,0.0
12176,101.25,5.175,0.0
12177,105.0,4.8515625,0.0
12178,105.0,5.175,0.0
12179,101.25,5.4984375,0.0
12180,101.25,5.821875,0.0
12181,105.0,5.4984375,0.0
12182,105.0,5.821875,0.0
12183,101.25,6.1453125,0.0
12184,101.25,6.46875,0.0
12185,105.0,6.1453125,0.0
12186,105.0,6.46875,0.0
12187,101.25,6.7921875,0.0
12188,101.25,7.115625,0.0
12189,105.0,6.7921875,0.0
12190,105.0,7.115625,0.0
12191,101.25,7.439062499999999,0.0
12192,101.25,7.762499999999999,0.0
12193,105.0,7.439062499999999,0.0
12194,105.0,7.762499999999999,0.0
12195,101.25,8.0859375,0.0
12196,101.25,8.409374999999999,0.0
12197,105.0,8.0859375,0.0
12198,105.0,8.409374999999999,0.0
12199,101.25,8.732812499999998,0.0
12200,101.25,9.056249999999999,0.0
12201,105.0,8.732812499999998,0.0
12202,105.0,9.056249999999999,0.0
12203,101.25,9.3796875,0.0
12204,101.25,9.703125,0.0
12205,105.0,9.3796875,0.0
12206,105.0,9.703125,0.0
12207,101.25,10.0265625,0.0
12208,101.25,10.35,0.0
12209,105.0,10.0265625,0.0
12210,105.0,10.35,0.0
12211,93.75,10.6734375,0.0
12212,93.75,10.996875,0.0
12213,97.5,10.6734375,0.0
12214,97.5,10.996875,0.0
12215,93.75,11.3203125,0.0
12216,93.75,11.64375,0.0
12217,97.5,11.3203125,0.0
12218,97.5,11.64375,0.0
12219,93.75,11.9671875,8540023.412459936
12220,93.75,12.290625,7086091.652894635
12221,97.5,11.9671875,6832018.729967947
12222,97.5,12.290625,5668873.322315709
12223,93.75,12.6140625,0.0
12224,93.75,12.9375,0.0
12225,97.5,12.6140625,0.0
12226,97.5,12.9375,0.0
12227,93.75,13.2609375,0.0
12228,93.75,13.584375,0.0
12229,97.5,13.2609375,0.0
12230,97.5,13.584375,0.0
12231,93.75,13.9078125,0.0
12232,93.75,14.23125,0.0
12233,97.5,13.9078125,0.0
12234,97.5,14.23125,0.0
12235,93.75,14.5546875,0.0
12236,93.75,14.878125,0.0
12237,97.5,14.5546875,0.0
12238,97.5,14.878125,0.0
12239,93.75,15.2015625,0.0
12240,93.75,15.525,0.0
12241,97.5,15.2015625,0.0
12242,97.5,15.525,0.0
12243,101.25,10.6734375,0.0
12244,101.25,10.996875,0.0
12245,105.0,10.6734375,0.0
12246,105.0,10.996875,0.0
12247,101.25,11.3203125,0.0
12248,101.25,11.64375,0.0
12249,105.0,11.3203125,0.0
12250,105.0,11.64375,0.0
12251,101.25,11.9671875,3416009.3649839736
12252,101.25,12.290625,2834436.6611578544
12253,105.0,11.9671875,0.0
12254,105.0,12.290625,0.0
12255,101.25,12.6140625,0.0
12256,101.25,12.9375,0.0
12257,105.0,12.6140625,0.0
12258,105.0,12.9375,0.0
12259,101.25,13.2609375,0.0
12260,101.25,13.584375,0.0
12261,105.0,13.2609375,0.0
12262,105.0,13.584375,0.0
12263,101.25,13.9078125,0.0
12264,101.25,14.23125,0.0
12265,105.0,13.9078125,0.0
12266,105.0,14.23125,0.0
12267,101.25,14.5546875,0.0
12268,101.25,14.878125,0.0
12269,105.0,14.5546875,0.0
12270,105.0,14.878125,0.0
12271,101.25,15.2015625,0.0
12272,101.25,15.525,0.0
12273,105.0,15.2015625,0.0
12274,105.0,15.525,0.0
12275,93.75,15.8484375,0.0
12276,93.75,16.171875,0.0
12277,97.5,15.8484375,0.0
12278,97.5,16.171875,0.0
12279,93.75,16.4953125,0.0
12280,93.75,16.81875,0.0
12281,97.5,16.4953125,0.0
12282,97.5,16.81875,0.0
12283,93.75,17.1421875,0.0
12284,93.75,17.465625,0.0
12285,97.5,17.1421875,0.0
12286,97.5,17.465625,0.0
12287,93.75,17.7890625,0.0
12288,93.75,18.1125,0.0
12289,97.5,17.7890625,0.0
12290,97.5,18.1125,0.0
12291,101.25,15.8484375,0.0
12292,101.25,16.171875,0.0
12293,105.0,15.8484375,0.0
12294,105.0,16.171875,0.0
12295,101.25,16.4953125,0.0
12296,101.25,16.81875,0.0
12297,105.0,16.4953125,0.0
12298,105.0,16.81875,0.0
12299,101.25,17.1421875,0.0
12300,101.25,17.465625,0.0
12301,105.0,17.1421875,0.0
12302,105.0,17.465625,0.0
12303,101.25,17.7890625,0.0
12304,101.25,18.1125,0.0
12305,105.0,17.7890625,0.0
12306,105.0,18.1125,0.0
12307,93.75,18.4359375,0.0
12308,93.75,18.759375,0.0
12309,97.5,18.4359375,0.0
12310,97.5,18.759375,0.0
12311,93.75,19.0828125,0.0
12312,93.75,19.40625,0.0
12313,97.5,19.0828125,0.0
12314,97.5,19.40625,0.0
12315,101.25,18.4359375,0.0
12316,101.25,18.759375,0.0
12317,105.0,18.4359375,0.0
12318,105.0,18.759375,0.0
12319,101.25,19.0828125,0.0
12320,101.25,19.40625,0.0
12321,105.0,19.0828125,0.0
12322,105.0,19.40625,0.0
12323,93.75,19.7296875,0.0
12324,97.5,19.7296875,0.0
12325,93.75,19.89140625,0.0
12326,97.5,19.89140625,0.0
12327,93.75,19.972265625,0.0
12328,97.5,19.972265625,0.0
12329,93.75,20.0126953125,0.0
12330,97.5,20.0126953125,0.0
12331,93.75,20.053125,0.0
12332,97.5,20.053125,0.0
12333,101.25,19.7296875,0.0
12334,105.0,19.7296875,0.0
12335,101.25,19.89140625,0.0
12336,105.0,19.89140625,0.0
12337,101.25,19.972265625,0.0
12338,105.0,19.972265625,0.0
12339,101.25,20.0126953125,0.0
12340,105.0,20.0126953125,0.0
12341,101.25,20.053125,0.0
12342,105.0,20.053125,0.0
12343,93.75,20.07333984375,0.0
12344,97.5,20.07333984375,0.0
12345,93.75,20.083447265625,0.0
12346,97.5,20.083447265625,0.0
12347,93.75,20.0935546875,0.0
12348,97.5,20.0935546875,0.0
12349,93.75,20.0986083984375,0.0
12350,93.75,20.103662109375,0.0
12351,97.5,20.0986083984375,0.0
12352,97.5,20.103662109375,0.0
12353,93.75,20.1087158203125,0.0
12354,93.75,20.11376953125,0.0
12355,97.5,20.1087158203125,0.0
12356,97.5,20.11376953125,0.0
12357,93.75,20.1188232421875,0.0
12358,93.75,20.123876953125,0.0
12359,97.5,20.1188232421875,0.0
12360,97.5,20.123876953125,0.0
12361,93.75,20.1289306640625,0.0
12362,93.75,20.133984375,0.0
12363,97.5,20.1289306640625,0.0
12364,97.5,20.133984375,0.0
12365,101.25,20.07333984375,0.0
12366,105.0,20.07333984375,0.0
12367,101.25,20.083447265625,0.0
12368,105.0,20.083447265625,0.0
12369,101.25,20.0935546875,0.0
12370,105.0,20.0935546875,0.0
12371,101.25,20.0986083984375,0.0
12372,101.25,20.103662109375,0.0
12373,105.0,20.0986083984375,0.0
12374,105.0,20.103662109375,0.0
12375,101.25,20.1087158203125,0.0
12376,101.25,20.11376953125,0.0
12377,105.0,20.1087158203125,0.0
12378,105.0,20.11376953125,0.0
12379,101.25,20.1188232421875,0.0
12380,101.25,20.123876953125,0.0
12381,105.0,20.1188232421875,0.0
12382,105.0,20.123876953125,0.0
12383,101.25,20.1289306640625,0.0
12384,101.25,20.133984375,0.0
12385,105.0,20.1289306640625,0.0
12386,105.0,20.133984375,0.0
12387,93.75,20.1390380859375,0.0
12388,93.75,20.144091796875,0.0
12389,97.5,20.1390380859375,0.0
12390,97.5,20.144091796875,0.0
12391,93.75,20.1491455078125,0.0
12392,93.75,20.15419921875,0.0
12393,97.5,20.1491455078125,0.0
12394,97.5,20.15419921875,0.0
12395,93.75,20.1592529296875,0.0
12396,93.75,20.164306640625,0.0
12397,97.5,20.1592529296875,0.0
12398,97.5,20.164306640625,0.0
12399,93.75,20.1693603515625,0.0
12400,93.75,20.1744140625,0.0
12401,97.5,20.1693603515625,0.0
12402,97.5,20.1744140625,0.0
12403,101.25,20.1390380859375,0.0
12404,101.25,20.144091796875,0.0
12405,105.0,20.1390380859375,0.0
12406,105.0,20.144091796875,0.0
12407,101.25,20.1491455078125,0.0
12408,101.25,20.15419921875,0.0
12409,105.0,20.1491455078125,0.0
12410,105.0,20.15419921875,0.0
12411,101.25,20.1592529296875,0.0
12412,101.25,20.164306640625,0.0
12413,105.0,20.1592529296875,0.0
12414,105.0,20.164306640625,0.0
12415,101.25,20.1693603515625,0.0
12416,101.25,20.1744140625,0.0
12417,105.0,20.1693603515625,0.0
12418,105.0,20.1744140625,0.0
12419,93.75,20.1794677734375,0.0
12420,93.75,20.184521484375,0.0
12421,97.5,20.1794677734375,0.0
12422,97.5,20.184521484375,0.0
12423,93.75,20.1895751953125,0.0
12424,93.75,20.19462890625,0.0
12425,97.5,20.1895751953125,0.0
12426,97.5,20.19462890625,0.0
12427,101.25,20.1794677734375,0.0
12428,101.25,20.184521484375,0.0
12429,105.0,20.1794677734375,0.0
12430,105.0,20.184521484375,0.0
12431,101.25,20.1895751953125,0.0
12432,101.25,20.19462890625,0.0
12433,105.0,20.1895751953125,0.0
12434,105.0,20.19462890625,0.0
12435,93.75,20.1996826171875,0.0
12436,93.75,20.2,0.0
12437,93.75,20.204736328125,0.0
12438,97.5,20.1996826171875,0.0
12439,97.5,20.2,0.0
12440,97.5,20.204736328125,0.0
12441,101.25,20.1996826171875,0.0
12442,101.25,20.2,0.0
12443,101.25,20.204736328125,0.0
12444,105.0,20.1996826171875,0.0
12445,105.0,20.2,0.0
12446,105.0,20.204736328125,0.0
12447,93.75,20.2097900390625,0.0
12448,97.5,20.2097900390625,0.0
12449,93.75,20.21484375,0.0
12450,97.5,20.21484375,0.0
12451,101.25,20.2097900390625,0.0
12452,105.0,20.2097900390625,0.0
12453,101.25,20.21484375,0.0
12454,105.0,20.21484375,0.0
12455,93.75,20.2198974609375,0.0
12456,97.5,20.2198974609375,0.0
12457,93.75,20.224951171875,0.0
12458,97.5,20.224951171875,0.0
12459,101.25,20.2198974609375,0.0
12460,105.0,20.2198974609375,0.0
12461,101.25,20.224951171875,0.0
12462,105.0,20.224951171875,0.0
12463,93.75,20.2300048828125,0.0
12464,97.5,20.2300048828125,0.0
12465,93.75,20.23505859375,0.0
12466,97.5,20.23505859375,0.0
12467,101.25,20.2300048828125,0.0
12468,105.0,20.2300048828125,0.0
12469,101.25,20.23505859375,0.0
12470,105.0,20.23505859375,0.0
12471,93.75,20.2401123046875,0.0
12472,97.5,20.2401123046875,0.0
12473,93.75,20.245166015625,0.0
12474,97.5,20.245166015625,0.0
12475,101.25,20.2401123046875,0.0
12476,105.0,20.2401123046875,0.0
12477,101.25,20.245166015625,0.0
12478,105.0,20.245166015625,0.0
12479,93.75,20.2502197265625,0.0
12480,97.5,20.2502197265625,0.0
12481,93.75,20.2552734375,0.0
12482,97.5,20.2552734375,0.0
12483,101.25,20.2502197265625,0.0
12484,105.0,20.2502197265625,0.0
12485,101.25,20.2552734375,0.0
12486,105.0,20.2552734375,0.0
12487,93.75,20.2603271484375,0.0
12488,97.5,20.2603271484375,0.0
12489,93.75,20.265380859375,0.0
12490,97.5,20.265380859375,0.0
12491,101.25,20.2603271484375,0.0
12492,105.0,20.2603271484375,0.0
12493,101.25,20.265380859375,0.0
12494,105.0,20.265380859375,0.0
12495,93.75,20.2704345703125,0.0
12496,97.5,20.2704345703125,0.0
12497,93.75,20.27548828125,0.0
12498,97.5,20.27548828125,0.0
12499,101.25,20.2704345703125,0.0
12500,105.0,20.2704345703125,0.0
12501,101.25,20.27548828125,0.0
12502,105.0,20.27548828125,0.0
12503,93.75,20.2805419921875,0.0
12504,97.5,20.2805419921875,0.0
12505,93.75,20.285595703125,0.0
12506,97.5,20.285595703125,0.0
12507,101.25,20.2805419921875,0.0
12508,105.0,20.2805419921875,0.0
12509,101.25,20.285595703125,0.0
12510,105.0,20.285595703125,0.0
12511,93.75,20.2906494140625,0.0
12512,97.5,20.2906494140625,0.0
12513,93.75,20.295703125,0.0
12514,97.5,20.295703125,0.0
12515,101.25,20.2906494140625,0.0
12516,105.0,20.2906494140625,0.0
12517,101.25,20.295703125,0.0
12518,105.0,20.295703125,0.0
12519,93.75,20.3007568359375,0.0
12520,97.5,20.3007568359375,0.0
12521,93.75,20.305810546875,0.0
12522,97.5,20.305810546875,0.0
12523,101.25,20.3007568359375,0.0
12524,105.0,20.3007568359375,0.0
12525,101.25,20.305810546875,0.0
12526,105.0,20.305810546875,0.0
12527,93.75,20.31591796875,0.0
12528,97.5,20.31591796875,0.0
12529,101.25,20.31591796875,0.0
12530,105.0,20.31591796875,0.0
12531,93.75,20.326025390625,0.0
12532,97.5,20.326025390625,0.0
12533,93.75,20.3361328125,0.0
12534,97.5,20.3361328125,0.0
12535,101.25,20.326025390625,0.0
12536,105.0,20.326025390625,0.0
12537,101.25,20.3361328125,0.0
12538,105.0,20.3361328125,0.0
12539,93.75,20.346240234375,0.0
12540,97.5,20.346240234375,0.0
12541,93.75,20.35634765625,0.0
12542,97.5,20.35634765625,0.0
12543,101.25,20.346240234375,0.0
12544,105.0,20.346240234375,0.0
12545,101.25,20.35634765625,0.0
12546,105.0,20.35634765625,0.0
12547,93.75,20.366455078125,0.0
12548,97.5,20.366455078125,0.0
12549,93.75,20.3765625,0.0
12550,97.5,20.3765625,0.0
12551,101.25,20.366455078125,0.0
12552,105.0,20.366455078125,0.0
12553,101.25,20.3765625,0.0
12554,105.0,20.3765625,0.0
12555,93.75,20.386669921875,0.0
12556,97.5,20.386669921875,0.0
12557,93.75,20.39677734375,0.0
12558,97.5,20.39677734375,0.0
12559,101.25,20.386669921875,0.0
12560,105.0,20.386669921875,0.0
12561,101.25,20.39677734375,0.0
12562,105.0,20.39677734375,0.0
12563,93.75,20.406884765625,0.0
12564,97.5,20.406884765625,0.0
12565,93.75,20.4169921875,0.0
12566,97.5,20.4169921875,0.0
12567,101.25,20.406884765625,0.0
12568,105.0,20.406884765625,0.0
12569,101.25,20.4169921875,0.0
12570,105.0,20.4169921875,0.0
12571,93.75,20.427099609375,0.0
12572,97.5,20.427099609375,0.0
12573,93.75,20.43720703125,0.0
12574,97.5,20.43720703125,0.0
12575,101.25,20.427099609375,0.0
12576,105.0,20.427099609375,0.0
12577,101.25,20.43720703125,0.0
12578,105.0,20.43720703125,0.0
12579,93.75,20.447314453125,0.0
12580,97.5,20.447314453125,0.0
12581,93.75,20.457421875,0.0
12582,97.5,20.457421875,0.0
12583,101.25,20.447314453125,0.0
12584,105.0,20.447314453125,0.0
12585,101.25,20.457421875,0.0
12586,105.0,20.457421875,0.0
12587,93.75,20.467529296875,0.0
12588,97.5,20.467529296875,0.0
12589,93.75,20.47763671875,0.0
12590,97.5,20.47763671875,0.0
12591,101.25,20.467529296875,0.0
12592,105.0,20.467529296875,0.0
12593,101.25,20.47763671875,0.0
12594,105.0,20.47763671875,0.0
12595,93.75,20.487744140625,0.0
12596,97.5,20.487744140625,0.0
12597,93.75,20.4978515625,0.0
12598,97.5,20.4978515625,0.0
12599,101.25,20.487744140625,0.0
12600,105.0,20.487744140625,0.0
12601,101.25,20.4978515625,0.0
12602,105.0,20.4978515625,0.0
12603,93.75,20.50795898437499,0.0
12604,97.5,20.50795898437499,0.0
12605,93.75,20.51806640625,0.0
12606,97.5,20.51806640625,0.0
12607,101.25,20.50795898437499,0.0
12608,105.0,20.50795898437499,0.0
12609,101.25,20.51806640625,0.0
12610,105.0,20.51806640625,0.0
12611,93.75,20.528173828125,0.0
12612,97.5,20.528173828125,0.0
12613,93.75,20.53828125,0.0
12614,97.5,20.53828125,0.0
12615,101.25,20.528173828125,0.0
12616,105.0,20.528173828125,0.0
12617,101.25,20.53828125,0.0
12618,105.0,20.53828125,0.0
12619,93.75,20.548388671875,0.0
12620,97.5,20.548388671875,0.0
12621,93.75,20.55849609375,0.0
12622,97.5,20.55849609375,0.0
12623,101.25,20.548388671875,0.0
12624,105.0,20.548388671875,0.0
12625,101.25,20.55849609375,0.0
12626,105.0,20.55849609375,0.0
12627,93.75,20.568603515625,0.0
12628,97.5,20.568603515625,0.0
12629,93.75,20.5787109375,0.0
12630,97.5,20.5787109375,0.0
12631,101.25,20.568603515625,0.0
12632,105.0,20.568603515625,0.0
12633,101.25,20.5787109375,0.0
12634,105.0,20.5787109375,0.0
12635,93.75,20.588818359375,0.0
12636,97.5,20.588818359375,0.0
12637,93.75,20.59892578125,0.0
12638,97.5,20.59892578125,0.0
12639,101.25,20.588818359375,0.0
12640,105.0,20.588818359375,0.0
12641,101.25,20.59892578125,0.0
12642,105.0,20.59892578125,0.0
12643,93.75,20.609033203125,0.0
12644,97.5,20.609033203125,0.0
12645,93.75,20.619140625,0.0
12646,97.5,20.619140625,0.0
12647,101.25,20.609033203125,0.0
12648,105.0,20.609033203125,0.0
12649,101.25,20.619140625,0.0
12650,105.0,20.619140625,0.0
12651,93.75,20.629248046875,0.0
12652,97.5,20.629248046875,0.0
12653,93.75,20.63935546875,0.0
12654,97.5,20.63935546875,0.0
12655,101.25,20.629248046875,0.0
12656,105.0,20.629248046875,0.0
12657,101.25,20.63935546875,0.0
12658,105.0,20.63935546875,0.0
12659,93.75,20.649462890625,0.0
12660,97.5,20.649462890625,0.0
12661,93.75,20.6595703125,0.0
12662,97.5,20.6595703125,0.0
12663,101.25,20.649462890625,0.0
12664,105.0,20.649462890625,0.0
12665,101.25,20.6595703125,0.0
12666,105.0,20.6595703125,0.0
12667,93.75,20.669677734375,0.0
12668,97.5,20.669677734375,0.0
12669,93.75,20.67978515625,0.0
12670,97.5,20.67978515625,0.0
12671,101.25,20.669677734375,0.0
12672,105.0,20.669677734375,0.0
12673,101.25,20.67978515625,0.0
12674,105.0,20.67978515625,0.0
12675,93.75,20.689892578125,0.0
12676,97.5,20.689892578125,0.0
12677,93.75,20.7,0.0
12678,97.5,20.7,0.0
12679,101.25,20.689892578125,0.0
12680,105.0,20.689892578125,0.0
12681,101.25,20.7,0.0
12682,105.0,20.7,0.0
12683,108.75,0.010107421875,0.0
12684,108.75,-0.0,0.0
12685,108.75,0.02021484375,0.0
12686,112.5,0.010107421875,0.0
12687,112.5,-0.0,0.0
12688,112.5,0.02021484375,0.0
12689,108.75,0.030322265625,0.0
12690,108.75,0.0404296875,0.0
12691,112.5,0.030322265625,0.0
12692,112.5,0.0404296875,0.0
12693,108.75,0.050537109375,0.0
12694,108.75,0.06064453124999999,0.0
12695,112.5,0.050537109375,0.0
12696,112.5,0.06064453124999999,0.0
12697,108.75,0.07075195312499999,0.0
12698,108.75,0.080859375,0.0
12699,112.5,0.07075195312499999,0.0
12700,112.5,0.080859375,0.0
12701,108.75,0.090966796875,0.0
12702,112.5,0.090966796875,0.0
12703,108.75,0.0960205078125,0.0
12704,108.75,0.10107421875,0.0
12705,112.5,0.0960205078125,0.0
12706,112.5,0.10107421875,0.0
12707,108.75,0.1061279296875,0.0
12708,108.75,0.111181640625,0.0
12709,112.5,0.1061279296875,0.0
12710,112.5,0.111181640625,0.0
12711,108.75,0.1162353515625,0.0
12712,108.75,0.1212890625,0.0
12713,112.5,0.1162353515625,0.0
12714,112.5,0.1212890625,0.0
12715,108.75,0.1263427734375,0.0
12716,108.75,0.131396484375,0.0
12717,112.5,0.1263427734375,0.0
12718,112.5,0.131396484375,0.0
12719,108.75,0.1364501953125,0.0
12720,108.75,0.14150390625,0.0
12721,112.5,0.1364501953125,0.0
12722,112.5,0.14150390625,0.0
12723,108.75,0.1465576171875,0.0
12724,108.75,0.151611328125,0.0
12725,112.5,0.1465576171875,0.0
12726,112.5,0.151611328125,0.0
12727,108.75,0.1566650390625,0.0
12728,108.75,0.16171875,0.0
12729,112.5,0.1566650390625,0.0
12730,112.5,0.16171875,0.0
12731,108.75,0.1667724609375,0.0
12732,108.75,0.171826171875,0.0
12733,112.5,0.1667724609375,0.0
12734,112.5,0.171826171875,0.0
12735,108.75,0.1768798828125,0.0
12736,108.75,0.18193359375,0.0
12737,112.5,0.1768798828125,0.0
12738,112.5,0.18193359375,0.0
12739,108.75,0.1869873046875,0.0
12740,108.75,0.192041015625,0.0
12741,112.5,0.1869873046875,0.0
12742,112.5,0.192041015625,0.0
12743,108.75,0.1970947265625,0.0
12744,108.75,0.2,0.0
12745,108.75,0.2021484375,0.0
12746,112.5,0.1970947265625,0.0
12747,112.5,0.2,0.0
12748,112.5,0.2021484375,0.0
12749,108.75,0.2072021484375,0.0
12750,108.75,0.212255859375,0.0
12751,112.5,0.2072021484375,0.0
12752,112.5,0.212255859375,0.0
12753,108.75,0.2173095703125,0.0
12754,108.75,0.22236328125,0.0
12755,112.5,0.2173095703125,0.0
12756,112.5,0.22236328125,0.0
12757,108.75,0.2274169921875,0.0
12758,108.75,0.232470703125,0.0
12759,112.5,0.2274169921875,0.0
12760,112.5,0.232470703125,0.0
12761,108.75,0.2375244140625,0.0
12762,108.75,0.242578125,0.0
12763,112.5,0.2375244140625,0.0
12764,112.5,0.242578125,0.0
12765,108.75,0.2476318359375,0.0
12766,108.75,0.252685546875,0.0
12767,112.5,0.2476318359375,0.0
12768,112.5,0.252685546875,0.0
12769,108.75,0.2577392578125,0.0
12770,108.75,0.26279296875,0.0
12771,112.5,0.2577392578125,0.0
12772,112.5,0.26279296875,0.0
12773,108.75,0.2678466796875,0.0
12774,108.75,0.2729003906249999,0.0
12775,112.5,0.2678466796875,0.0
12776,112.5,0.2729003906249999,0.0
12777,108.75,0.2779541015624999,0.0
12778,108.75,0.2830078125,0.0
12779,112.5,0.2779541015624999,0.0
12780,112.5,0.2830078125,0.0
12781,108.75,0.2880615234375,0.0
12782,108.75,0.293115234375,0.0
12783,112.5,0.2880615234375,0.0
12784,112.5,0.293115234375,0.0
12785,108.75,0.2981689453125,0.0
12786,108.75,0.30322265625,0.0
12787,112.5,0.2981689453125,0.0
12788,112.5,0.30322265625,0.0
12789,108.75,0.313330078125,0.0
12790,112.5,0.313330078125,0.0
12791,108.75,0.3234375,0.0
12792,112.5,0.3234375,0.0
12793,108.75,0.34365234375,0.0
12794,112.5,0.34365234375,0.0
12795,108.75,0.3638671875,0.0
12796,112.5,0.3638671875,0.0
12797,108.75,0.404296875,0.0
12798,112.5,0.404296875,0.0
12799,108.75,0.48515625,0.0
12800,112.5,0.48515625,0.0
12801,108.75,0.646875,0.0
12802,112.5,0.646875,0.0
12803,108.75,0.9703124999999999,0.0
12804,112.5,0.9703124999999999,0.0
12805,108.75,1.29375,0.0
12806,112.5,1.29375,0.0
12807,108.75,1.6171875,0.0
12808,108.75,1.940625,0.0
12809,112.5,1.6171875,0.0
12810,112.5,1.940625,0.0
12811,108.75,2.2640625,0.0
12812,108.75,2.5875,0.0
12813,112.5,2.2640625,0.0
12814,112.5,2.5875,0.0
12815,108.75,2.9109375,0.0
12816,108.75,3.234375,0.0
12817,112.5,2.9109375,0.0
12818,112.5,3.234375,0.0
12819,108.75,3.5578125,0.0
12820,108.75,3.88125,0.0
12821,112.5,3.5578125,0.0
12822,112.5,3.88125,0.0
12823,108.75,4.204687499999999,0.0
12824,108.75,4.528124999999999,0.0
12825,112.5,4.204687499999999,0.0
12826,112.5,4.528124999999999,0.0
12827,108.75,4.8515625,0.0
12828,108.75,5.175,0.0
12829,112.5,4.8515625,0.0
12830,112.5,5.175,0.0
12831,108.75,5.4984375,0.0
12832,108.75,5.821875,0.0
12833,112.5,5.4984375,0.0
12834,112.5,5.821875,0.0
12835,108.75,6.1453125,0.0
12836,108.75,6.46875,0.0
12837,112.5,6.1453125,0.0
12838,112.5,6.46875,0.0
12839,108.75,6.7921875,0.0
12840,108.75,7.115625,0.0
12841,112.5,6.7921875,0.0
12842,112.5,7.115625,0.0
12843,108.75,7.439062499999999,0.0
12844,108.75,7.762499999999999,0.0
12845,112.5,7.439062499999999,0.0
12846,112.5,7.762499999999999,0.0
12847,108.75,8.0859375,0.0
12848,108.75,8.409374999999999,0.0
12849,112.5,8.0859375,0.0
12850,112.5,8.409374999999999,0.0
12851,108.75,8.732812499999998,0.0
12852,108.75,9.056249999999999,0.0
12853,112.5,8.732812499999998,0.0
12854,112.5,9.056249999999999,0.0
12855,108.75,9.3796875,0.0
12856,108.75,9.703125,0.0
12857,112.5,9.3796875,0.0
12858,112.5,9.703125,0.0
12859,108.75,10.0265625,0.0
12860,108.75,10.35,0.0
12861,112.5,10.0265625,0.0
12862,112.5,10.35,0.0
12863,116.25,0.010107421875,0.0
12864,116.25,-0.0,0.0
12865,116.25,0.02021484375,0.0
12866,116.25,0.030322265625,0.0
12867,116.25,0.0404296875,0.0
12868,116.25,0.050537109375,0.0
12869,116.25,0.06064453124999999,0.0
12870,116.25,0.07075195312499999,0.0
12871,116.25,0.080859375,0.0
12872,116.25,0.090966796875,0.0
12873,116.25,0.0960205078125,0.0
12874,116.25,0.10107421875,0.0
12875,116.25,0.1061279296875,0.0
12876,116.25,0.111181640625,0.0
12877,116.25,0.1162353515625,0.0
12878,116.25,0.1212890625,0.0
12879,116.25,0.1263427734375,0.0
12880,116.25,0.131396484375,0.0
12881,116.25,0.1364501953125,0.0
12882,116.25,0.14150390625,0.0
12883,116.25,0.1465576171875,0.0
12884,116.25,0.151611328125,0.0
12885,116.25,0.1566650390625,0.0
12886,116.25,0.16171875,0.0
12887,116.25,0.1667724609375,0.0
12888,116.25,0.171826171875,0.0
12889,116.25,0.1768798828125,0.0
12890,116.25,0.18193359375,0.0
12891,116.25,0.1869873046875,0.0
12892,116.25,0.192041015625,0.0
12893,116.25,0.1970947265625,0.0
12894,116.25,0.2,0.0
12895,116.25,0.2021484375,0.0
12896,116.25,0.2072021484375,0.0
12897,116.25,0.212255859375,0.0
12898,116.25,0.2173095703125,0.0
12899,116.25,0.22236328125,0.0
12900,116.25,0.2274169921875,0.0
12901,116.25,0.232470703125,0.0
12902,116.25,0.2375244140625,0.0
12903,116.25,0.242578125,0.0
12904,116.25,0.2476318359375,0.0
12905,116.25,0.252685546875,0.0
12906,116.25,0.2577392578125,0.0
12907,116.25,0.26279296875,0.0
12908,116.25,0.2678466796875,0.0
12909,116.25,0.2729003906249999,0.0
12910,116.25,0.2779541015624999,0.0
12911,116.25,0.2830078125,0.0
12912,116.25,0.2880615234375,0.0
12913,116.25,0.293115234375,0.0
12914,116.25,0.2981689453125,0.0
12915,116.25,0.30322265625,0.0
12916,116.25,0.313330078125,0.0
12917,116.25,0.3234375,0.0
12918,116.25,0.34365234375,0.0
12919,116.25,0.3638671875,0.0
12920,116.25,0.404296875,0.0
12921,116.25,0.48515625,0.0
12922,116.25,0.646875,0.0
12923,120.0,0.010107421875,0.0
12924,120.0,0.02021484375,0.0
12925,120.0,0.030322265625,0.0
12926,120.0,0.0404296875,0.0
12927,120.0,0.050537109375,0.0
12928,120.0,0.06064453124999999,0.0
12929,120.0,0.07075195312499999,0.0
12930,120.0,0.080859375,0.0
12931,120.0,0.090966796875,0.0
12932,120.0,0.0960205078125,0.0
12933,120.0,0.10107421875,0.0
12934,120.0,0.1061279296875,0.0
12935,120.0,0.111181640625,0.0
12936,120.0,0.1162353515625,0.0
12937,120.0,0.1212890625,0.0
12938,120.0,0.1263427734375,0.0
12939,120.0,0.131396484375,0.0
12940,120.0,0.1364501953125,0.0
12941,120.0,0.14150390625,0.0
12942,120.0,0.1465576171875,0.0
12943,120.0,0.151611328125,0.0
12944,120.0,0.1566650390625,0.0
12945,120.0,0.16171875,0.0
12946,120.0,0.1667724609375,0.0
12947,120.0,0.171826171875,0.0
12948,120.0,0.1768798828125,0.0
12949,120.0,0.18193359375,0.0
12950,120.0,0.1869873046875,0.0
12951,120.0,0.192041015625,0.0
12952,120.0,0.1970947265625,0.0
12953,120.0,0.2021484375,0.0
12954,120.0,0.2072021484375,0.0
12955,120.0,0.212255859375,0.0
12956,120.0,0.2173095703125,0.0
12957,120.0,0.22236328125,0.0
12958,120.0,0.2274169921875,0.0
12959,120.0,0.232470703125,0.0
12960,120.0,0.2375244140625,0.0
12961,120.0,0.242578125,0.0
12962,120.0,0.2476318359375,0.0
12963,120.0,0.252685546875,0.0
12964,120.0,0.2577392578125,0.0
12965,120.0,0.26279296875,0.0
12966,120.0,0.2678466796875,0.0
12967,120.0,0.2729003906249999,0.0
12968,120.0,0.2779541015624999,0.0
12969,120.0,0.2830078125,0.0
12970,120.0,0.2880615234375,0.0
12971,120.0,0.293115234375,0.0
12972,120.0,0.2981689453125,0.0
12973,120.0,0.30322265625,0.0
12974,120.0,0.313330078125,0.0
12975,120.0,0.3234375,0.0
12976,120.0,0.34365234375,0.0
12977,120.0,0.3638671875,0.0
12978,120.0,0.404296875,0.0
12979,120.0,0.48515625,0.0
12980,120.0,0.646875,0.0
12981,116.25,0.9703124999999999,0.0
12982,116.25,1.29375,0.0
12983,120.0,0.9703124999999999,0.0
12984,120.0,1.29375,0.0
12985,116.25,1.6171875,0.0
12986,116.25,1.940625,0.0
12987,120.0,1.6171875,0.0
12988,120.0,1.940625,0.0
12989,116.25,2.2640625,0.0
12990,116.25,2.5875,0.0
12991,120.0,2.2640625,0.0
12992,120.0,2.5875,0.0
12993,116.25,2.9109375,0.0
12994,116.25,3.234375,0.0
12995,120.0,2.9109375,0.0
12996,120.0,3.234375,0.0
12997,116.25,3.5578125,0.0
12998,116.25,3.88125,0.0
12999,120.0,3.5578125,0.0
13000,120.0,3.88125,0.0
13001,116.25,4.204687499999999,0.0
13002,116.25,4.528124999999999,0.0
13003,120.0,4.204687499999999,0.0
13004,120.0,4.528124999999999,0.0
13005,116.25,4.8515625,0.0
13006,116.25,5.175,0.0
13007,120.0,4.8515625,0.0
13008,120.0,5.175,0.0
13009,116.25,5.4984375,0.0
13010,116.25,5.821875,0.0
13011,120.0,5.4984375,0.0
13012,120.0,5.821875,0.0
13013,116.25,6.1453125,0.0
13014,116.25,6.46875,0.0
13015,120.0,6.1453125,0.0
13016,120.0,6.46875,0.0
13017,116.25,6.7921875,0.0
13018,116.25,7.115625,0.0
13019,120.0,6.7921875,0.0
13020,120.0,7.115625,0.0
13021,116.25,7.439062499999999,0.0
13022,116.25,7.762499999999999,0.0
13023,120.0,7.439062499999999,0.0
13024,120.0,7.762499999999999,0.0
13025,116.25,8.0859375,0.0
13026,116.25,8.409374999999999,0.0
13027,120.0,8.0859375,0.0
13028,120.0,8.409374999999999,0.0
13029,116.25,8.732812499999998,0.0
13030,116.25,9.056249999999999,0.0
13031,120.0,8.732812499999998,0.0
13032,120.0,9.056249999999999,0.0
13033,116.25,9.3796875,0.0
13034,116.25,9.703125,0.0
13035,120.0,9.3796875,0.0
13036,120.0,9.703125,0.0
13037,116.25,10.0265625,0.0
13038,116.25,10.35,0.0
13039,120.0,10.0265625,0.0
13040,120.0,10.35,0.0
13041,108.75,10.6734375,0.0
13042,108.75,10.996875,0.0
13043,112.5,10.6734375,0.0
13044,112.5,10.996875,0.0
13045,108.75,11.3203125,0.0
13046,108.75,11.64375,0.0
13047,112.5,11.3203125,0.0
13048,112.5,11.64375,0.0
13049,108.75,11.9671875,0.0
13050,108.75,12.290625,0.0
13051,112.5,11.9671875,0.0
13052,112.5,12.290625,0.0
13053,108.75,12.6140625,0.0
13054,108.75,12.9375,0.0
13055,112.5,12.6140625,0.0
13056,112.5,12.9375,0.0
13057,108.75,13.2609375,0.0
13058,108.75,13.584375,0.0
13059,112.5,13.2609375,0.0
13060,112.5,13.584375,0.0
13061,108.75,13.9078125,0.0
13062,108.75,14.23125,0.0
13063,112.5,13.9078125,0.0
13064,112.5,14.23125,0.0
13065,108.75,14.5546875,0.0
13066,108.75,14.878125,0.0
13067,112.5,14.5546875,0.0
13068,112.5,14.878125,0.0
13069,108.75,15.2015625,0.0
13070,108.75,15.525,0.0
13071,112.5,15.2015625,0.0
13072,112.5,15.525,0.0
13073,108.75,15.8484375,0.0
13074,108.75,16.171875,0.0
13075,112.5,15.8484375,0.0
13076,112.5,16.171875,0.0
13077,108.75,16.4953125,0.0
13078,108.75,16.81875,0.0
13079,112.5,16.4953125,0.0
13080,112.5,16.81875,0.0
13081,108.75,17.1421875,0.0
13082,108.75,17.465625,0.0
13083,112.5,17.1421875,0.0
13084,112.5,17.465625,0.0
13085,108.75,17.7890625,0.0
13086,108.75,18.1125,0.0
13087,112.5,17.7890625,0.0
13088,112.5,18.1125,0.0
13089,108.75,18.4359375,0.0
13090,108.75,18.759375,0.0
13091,112.5,18.4359375,0.0
13092,112.5,18.759375,0.0
13093,108.75,19.0828125,0.0
13094,108.75,19.40625,0.0
13095,112.5,19.0828125,0.0
13096,112.5,19.40625,0.0
13097,108.75,19.7296875,0.0
13098,112.5,19.7296875,0.0
13099,108.75,19.89140625,0.0
13100,112.5,19.89140625,0.0
13101,108.75,19.972265625,0.0
13102,112.5,19.972265625,0.0
13103,108.75,20.0126953125,0.0
13104,112.5,20.0126953125,0.0
13105,108.75,20.053125,0.0
13106,112.5,20.053125,0.0
13107,108.75,20.07333984375,0.0
13108,112.5,20.07333984375,0.0
13109,108.75,20.083447265625,0.0
13110,112.5,20.083447265625,0.0
13111,108.75,20.0935546875,0.0
13112,112.5,20.0935546875,0.0
13113,108.75,20.0986083984375,0.0
13114,108.75,20.103662109375,0.0
13115,112.5,20.0986083984375,0.0
13116,112.5,20.103662109375,0.0
13117,108.75,20.1087158203125,0.0
13118,108.75,20.11376953125,0.0
13119,112.5,20.1087158203125,0.0
13120,112.5,20.11376953125,0.0
13121,108.75,20.1188232421875,0.0
13122,108.75,20.123876953125,0.0
13123,112.5,20.1188232421875,0.0
13124,112.5,20.123876953125,0.0
13125,108.75,20.1289306640625,0.0
13126,108.75,20.133984375,0.0
13127,112.5,20.1289306640625,0.0
13128,112.5,20.133984375,0.0
13129,108.75,20.1390380859375,0.0
13130,108.75,20.144091796875,0.0
13131,112.5,20.1390380859375,0.0
13132,112.5,20.144091796875,0.0
13133,108.75,20.1491455078125,0.0
13134,108.75,20.15419921875,0.0
13135,112.5,20.1491455078125,0.0
13136,112.5,20.15419921875,0.0
13137,108.75,20.1592529296875,0.0
13138,108.75,20.164306640625,0.0
13139,112.5,20.1592529296875,0.0
13140,112.5,20.164306640625,0.0
13141,108.75,20.1693603515625,0.0
13142,108.75,20.1744140625,0.0
13143,112.5,20.1693603515625,0.0
13144,112.5,20.1744140625,0.0
13145,108.75,20.1794677734375,0.0
13146,108.75,20.184521484375,0.0
13147,112.5,20.1794677734375,0.0
13148,112.5,20.184521484375,0.0
13149,108.75,20.1895751953125,0.0
13150,108.75,20.19462890625,0.0
13151,112.5,20.1895751953125,0.0
13152,112.5,20.19462890625,0.0
13153,108.75,20.1996826171875,0.0
13154,108.75,20.2,0.0
13155,108.75,20.204736328125,0.0
13156,112.5,20.1996826171875,0.0
13157,112.5,20.2,0.0
13158,112.5,20.204736328125,0.0
13159,108.75,20.2097900390625,0.0
13160,112.5,20.2097900390625,0.0
13161,108.75,20.21484375,0.0
13162,112.5,20.21484375,0.0
13163,108.75,20.2198974609375,0.0
13164,112.5,20.2198974609375,0.0
13165,108.75,20.224951171875,0.0
13166,112.5,20.224951171875,0.0
13167,108.75,20.2300048828125,0.0
13168,112.5,20.2300048828125,0.0
13169,108.75,20.23505859375,0.0
13170,112.5,20.23505859375,0.0
13171,108.75,20.2401123046875,0.0
13172,112.5,20.2401123046875,0.0
13173,108.75,20.245166015625,0.0
13174,112.5,20.245166015625,0.0
13175,108.75,20.2502197265625,0.0
13176,112.5,20.2502197265625,0.0
13177,108.75,20.2552734375,0.0
13178,112.5,20.2552734375,0.0
13179,108.75,20.2603271484375,0.0
13180,112.5,20.2603271484375,0.0
13181,108.75,20.265380859375,0.0
13182,112.5,20.265380859375,0.0
13183,108.75,20.2704345703125,0.0
13184,112.5,20.2704345703125,0.0
13185,108.75,20.27548828125,0.0
13186,112.5,20.27548828125,0.0
13187,108.75,20.2805419921875,0.0
13188,112.5,20.2805419921875,0.0
13189,108.75,20.285595703125,0.0
13190,112.5,20.285595703125,0.0
13191,108.75,20.2906494140625,0.0
13192,112.5,20.2906494140625,0.0
13193,108.75,20.295703125,0.0
13194,112.5,20.295703125,0.0
13195,108.75,20.3007568359375,0.0
13196,112.5,20.3007568359375,0.0
13197,108.75,20.305810546875,0.0
13198,112.5,20.305810546875,0.0
13199,108.75,20.31591796875,0.0
13200,112.5,20.31591796875,0.0
13201,108.75,20.326025390625,0.0
13202,112.5,20.326025390625,0.0
13203,108.75,20.3361328125,0.0
13204,112.5,20.3361328125,0.0
13205,108.75,20.346240234375,0.0
13206,112.5,20.346240234375,0.0
13207,108.75,20.35634765625,0.0
13208,112.5,20.35634765625,0.0
13209,108.75,20.366455078125,0.0
13210,112.5,20.366455078125,0.0
13211,108.75,20.3765625,0.0
13212,112.5,20.3765625,0.0
13213,108.75,20.386669921875,0.0
13214,112.5,20.386669921875,0.0
13215,108.75,20.39677734375,0.0
13216,112.5,20.39677734375,0.0
13217,108.75,20.406884765625,0.0
13218,112.5,20.406884765625,0.0
13219,108.75,20.4169921875,0.0
13220,112.5,20.4169921875,0.0
13221,108.75,20.427099609375,0.0
13222,112.5,20.427099609375,0.0
13223,108.75,20.43720703125,0.0
13224,112.5,20.43720703125,0.0
13225,108.75,20.447314453125,0.0
13226,112.5,20.447314453125,0.0
13227,108.75,20.457421875,0.0
13228,112.5,20.457421875,0.0
13229,108.75,20.467529296875,0.0
13230,112.5,20.467529296875,0.0
13231,108.75,20.47763671875,0.0
13232,112.5,20.47763671875,0.0
13233,108.75,20.487744140625,0.0
13234,112.5,20.487744140625,0.0
13235,108.75,20.4978515625,0.0
13236,112.5,20.4978515625,0.0
13237,108.75,20.50795898437499,0.0
13238,112.5,20.50795898437499,0.0
13239,108.75,20.51806640625,0.0
13240,112.5,20.51806640625,0.0
13241,108.75,20.528173828125,0.0
13242,112.5,20.528173828125,0.0
13243,108.75,20.53828125,0.0
13244,112.5,20.53828125,0.0
13245,108.75,20.548388671875,0.0
13246,112.5,20.548388671875,0.0
13247,108.75,20.55849609375,0.0
13248,112.5,20.55849609375,0.0
13249,108.75,20.568603515625,0.0
13250,112.5,20.568603515625,0.0
13251,108.75,20.5787109375,0.0
13252,112.5,20.5787109375,0.0
13253,108.75,20.588818359375,0.0
13254,112.5,20.588818359375,0.0
13255,108.75,20.59892578125,0.0
13256,112.5,20.59892578125,0.0
13257,108.75,20.609033203125,0.0
13258,112.5,20.609033203125,0.0
13259,108.75,20.619140625,0.0
13260,112.5,20.619140625,0.0
13261,108.75,20.629248046875,0.0
13262,112.5,20.629248046875,0.0
13263,108.75,20.63935546875,0.0
13264,112.5,20.63935546875,0.0
13265,108.75,20.649462890625,0.0
13266,112.5,20.649462890625,0.0
13267,108.75,20.6595703125,0.0
13268,112.5,20.6595703125,0.0
13269,108.75,20.669677734375,0.0
13270,112.5,20.669677734375,0.0
13271,108.75,20.67978515625,0.0
13272,112.5,20.67978515625,0.0
13273,108.75,20.689892578125,0.0
13274,112.5,20.689892578125,0.0
13275,108.75,20.7,0.0
13276,112.5,20.7,0.0
13277,116.25,10.6734375,0.0
13278,116.25,10.996875,0.0
13279,120.0,10.6734375,0.0
13280,120.0,10.996875,0.0
13281,116.25,11.3203125,0.0
13282,116.25,11.64375,0.0
13283,120.0,11.3203125,0.0
13284,120.0,11.64375,0.0
13285,116.25,11.9671875,0.0
13286,116.25,12.290625,0.0
13287,120.0,11.9671875,0.0
13288,120.0,12.290625,0.0
13289,116.25,12.6140625,0.0
13290,116.25,12.9375,0.0
13291,120.0,12.6140625,0.0
13292,120.0,12.9375,0.0
13293,116.25,13.2609375,0.0
13294,116.25,13.584375,0.0
13295,120.0,13.2609375,0.0
13296,120.0,13.584375,0.0
13297,116.25,13.9078125,0.0
13298,116.25,14.23125,0.0
13299,120.0,13.9078125,0.0
13300,120.0,14.23125,0.0
13301,116.25,14.5546875,0.0
13302,116.25,14.878125,0.0
13303,120.0,14.5546875,0.0
13304,120.0,14.878125,0.0
13305,116.25,15.2015625,0.0
13306,116.25,15.525,0.0
13307,120.0,15.2015625,0.0
13308,120.0,15.525,0.0
13309,116.25,15.8484375,0.0
13310,116.25,16.171875,0.0
13311,116.25,16.4953125,0.0
13312,116.25,16.81875,0.0
13313,116.25,17.1421875,0.0
13314,116.25,17.465625,0.0
13315,116.25,17.7890625,0.0
13316,116.25,18.1125,0.0
13317,116.25,18.4359375,0.0
13318,116.25,18.759375,0.0
13319,116.25,19.0828125,0.0
13320,116.25,19.40625,0.0
13321,116.25,19.7296875,0.0
13322,116.25,19.89140625,0.0
13323,116.25,19.972265625,0.0
13324,116.25,20.0126953125,0.0
13325,116.25,20.053125,0.0
13326,116.25,20.07333984375,0.0
13327,116.25,20.083447265625,0.0
13328,116.25,20.0935546875,0.0
13329,116.25,20.0986083984375,0.0
13330,116.25,20.103662109375,0.0
13331,116.25,20.1087158203125,0.0
13332,116.25,20.11376953125,0.0
13333,116.25,20.1188232421875,0.0
13334,116.25,20.123876953125,0.0
13335,116.25,20.1289306640625,0.0
13336,116.25,20.133984375,0.0
13337,116.25,20.1390380859375,0.0
13338,116.25,20.144091796875,0.0
13339,116.25,20.1491455078125,0.0
13340,116.25,20.15419921875,0.0
13341,116.25,20.1592529296875,0.0
13342,116.25,20.164306640625,0.0
13343,116.25,20.1693603515625,0.0
13344,116.25,20.1744140625,0.0
13345,116.25,20.1794677734375,0.0
13346,116.25,20.184521484375,0.0
13347,116.25,20.1895751953125,0.0
13348,116.25,20.19462890625,0.0
13349,116.25,20.1996826171875,0.0
13350,116.25,20.2,0.0
13351,116.25,20.204736328125,0.0
13352,116.25,20.2097900390625,0.0
13353,116.25,20.21484375,0.0
13354,116.25,20.2198974609375,0.0
13355,116.25,20.224951171875,0.0
13356,116.25,20.2300048828125,0.0
13357,116.25,20.23505859375,0.0
13358,116.25,20.2401123046875,0.0
13359,116.25,20.245166015625,0.0
13360,116.25,20.2502197265625,0.0
13361,116.25,20.2552734375,0.0
13362,116.25,20.2603271484375,0.0
13363,116.25,20.265380859375,0.0
13364,116.25,20.2704345703125,0.0
13365,116.25,20.27548828125,0.0
13366,116.25,20.2805419921875,0.0
13367,116.25,20.285595703125,0.0
13368,116.25,20.2906494140625,0.0
13369,116.25,20.295703125,0.0
13370,116.25,20.3007568359375,0.0
13371,116.25,20.305810546875,0.0
13372,116.25,20.31591796875,0.0
13373,116.25,20.326025390625,0.0
13374,116.25,20.3361328125,0.0
13375,116.25,20.346240234375,0.0
13376,116.25,20.35634765625,0.0
13377,116.25,20.366455078125,0.0
13378,116.25,20.3765625,0.0
13379,116.25,20.386669921875,0.0
13380,116.25,20.39677734375,0.0
13381,116.25,20.406884765625,0.0
13382,116.25,20.4169921875,0.0
13383,116.25,20.427099609375,0.0
13384,116.25,20.43720703125,0.0
13385,116.25,20.447314453125,0.0
13386,116.25,20.457421875,0.0
13387,116.25,20.467529296875,0.0
13388,116.25,20.47763671875,0.0
13389,116.25,20.487744140625,0.0
13390,116.25,20.4978515625,0.0
13391,116.25,20.50795898437499,0.0
13392,116.25,20.51806640625,0.0
13393,116.25,20.528173828125,0.0
13394,116.25,20.53828125,0.0
13395,116.25,20.548388671875,0.0
13396,116.25,20.55849609375,0.0
13397,116.25,20.568603515625,0.0
13398,116.25,20.5787109375,0.0
13399,116.25,20.588818359375,0.0
13400,116.25,20.59892578125,0.0
13401,116.25,20.609033203125,0.0
13402,116.25,20.619140625,0.0
13403,116.25,20.629248046875,0.0
13404,116.25,20.63935546875,0.0
13405,116.25,20.649462890625,0.0
13406,116.25,20.6595703125,0.0
13407,116.25,20.669677734375,0.0
13408,116.25,20.67978515625,0.0
13409,116.25,20.689892578125,0.0
13410,116.25,20.7,0.0
13411,120.0,15.8484375,0.0
13412,120.0,16.171875,0.0
13413,120.0,16.4953125,0.0
13414,120.0,16.81875,0.0
13415,120.0,17.1421875,0.0
13416,120.0,17.465625,0.0
13417,120.0,17.7890625,0.0
13418,120.0,18.1125,0.0
13419,120.0,18.4359375,0.0
13420,120.0,18.759375,0.0
13421,120.0,19.0828125,0.0
13422,120.0,19.40625,0.0
13423,120.0,19.7296875,0.0
13424,120.0,19.89140625,0.0
13425,120.0,19.972265625,0.0
13426,120.0,20.0126953125,0.0
13427,120.0,20.053125,0.0
13428,120.0,20.07333984375,0.0
13429,120.0,20.083447265625,0.0
13430,120.0,20.0935546875,0.0
13431,120.0,20.0986083984375,0.0
13432,120.0,20.103662109375,0.0
13433,120.0,20.1087158203125,0.0
13434,120.0,20.11376953125,0.0
13435,120.0,20.1188232421875,0.0
13436,120.0,20.123876953125,0.0
13437,120.0,20.1289306640625,0.0
13438,120.0,20.133984375,0.0
13439,120.0,20.1390380859375,0.0
13440,120.0,20.144091796875,0.0
13441,120.0,20.1491455078125,0.0
13442,120.0,20.15419921875,0.0
13443,120.0,20.1592529296875,0.0
13444,120.0,20.164306640625,0.0
13445,120.0,20.1693603515625,0.0
13446,120.0,20.1744140625,0.0
13447,120.0,20.1794677734375,0.0
13448,120.0,20.184521484375,0.0
13449,120.0,20.1895751953125,0.0
13450,120.0,20.19462890625,0.0
13451,120.0,20.204736328125,0.0
13452,120.0,20.2097900390625,0.0
13453,120.0,20.21484375,0.0
13454,120.0,20.2198974609375,0.0
13455,120.0,20.224951171875,0.0
13456,120.0,20.2300048828125,0.0
13457,120.0,20.23505859375,0.0
13458,120.0,20.2401123046875,0.0
13459,120.0,20.245166015625,0.0
13460,120.0,20.2502197265625,0.0
13461,120.0,20.2552734375,0.0
13462,120.0,20.2603271484375,0.0
13463,120.0,20.265380859375,0.0
13464,120.0,20.2704345703125,0.0
13465,120.0,20.27548828125,0.0
13466,120.0,20.2805419921875,0.0
13467,120.0,20.285595703125,0.0
13468,120.0,20.2906494140625,0.0
13469,120.0,20.295703125,0.0
13470,120.0,20.3007568359375,0.0
13471,120.0,20.305810546875,0.0
13472,120.0,20.31591796875,0.0
13473,120.0,20.326025390625,0.0
13474,120.0,20.3361328125,0.0
13475,120.0,20.346240234375,0.0
13476,120.0,20.35634765625,0.0
13477,120.0,20.366455078125,0.0
13478,120.0,20.3765625,0.0
13479,120.0,20.386669921875,0.0
13480,120.0,20.39677734375,0.0
13481,120.0,20.406884765625,0.0
13482,120.0,20.4169921875,0.0
13483,120.0,20.427099609375,0.0
13484,120.0,20.43720703125,0.0
13485,120.0,20.447314453125,0.0
13486,120.0,20.457421875,0.0
13487,120.0,20.467529296875,0.0
13488,120.0,20.47763671875,0.0
13489,120.0,20.487744140625,0.0
13490,120.0,20.4978515625,0.0
13491,120.0,20.50795898437499,0.0
13492,120.0,20.51806640625,0.0
13493,120.0,20.528173828125,0.0
13494,120.0,20.53828125,0.0
13495,120.0,20.548388671875,0.0
13496,120.0,20.55849609375,0.0
13497,120.0,20.568603515625,0.0
13498,120.0,20.5787109375,0.0
13499,120.0,20.588818359375,0.0
13500,120.0,20.59892578125,0.0
13501,120.0,20.609033203125,0.0
13502,120.0,20.619140625,0.0
13503,120.0,20.629248046875,0.0
13504,120.0,20.63935546875,0.0
13505,120.0,20.649462890625,0.0
13506,120.0,20.6595703125,0.0
13507,120.0,20.669677734375,0.0
13508,120.0,20.67978515625,0.0
13509,120.0,20.689892578125,0.0
13510,-120.0,20.2,0.0
13511,120.0,20.2,0.0
13512,120.0,20.7,0.0
13513,-120.0,20.7,0.0
13514,-120.0,-0.0,0.0
13515,120.0,-0.0,0.0
13516,120.0,0.2,0.0
13517,-120.0,0.2,0.0
