vertex_id,tcad_lateral_um,tcad_depth_um,optical_generation_cm^-3_s^-1
0,-116.25,0.01351318359375,0.0
1,-116.25,-0.0,0.0
2,-120.0,0.01351318359375,0.0
3,-116.25,0.0270263671875,0.0
4,-120.0,0.0270263671875,0.0
5,-112.5,0.01351318359375,0.0
6,-112.5,-0.0,0.0
7,-112.5,0.0270263671875,0.0
8,-116.25,0.04053955078125,0.0
9,-120.0,0.04053955078125,0.0
10,-116.25,0.054052734375,0.0
11,-120.0,0.054052734375,0.0
12,-112.5,0.04053955078125,0.0
13,-112.5,0.054052734375,0.0
14,-116.25,0.06756591796875,0.0
15,-120.0,0.06756591796875,0.0
16,-116.25,0.0810791015625,0.0
17,-120.0,0.0810791015625,0.0
18,-112.5,0.06756591796875,0.0
19,-112.5,0.0810791015625,0.0
20,-116.25,0.09459228515625001,0.0
21,-120.0,0.09459228515625001,0.0
22,-112.5,0.09459228515625001,0.0
23,-116.25,0.101348876953125,0.0
24,-120.0,0.101348876953125,0.0
25,-116.25,0.10810546875,0.0
26,-120.0,0.10810546875,0.0
27,-112.5,0.101348876953125,0.0
28,-112.5,0.10810546875,0.0
29,-116.25,0.114862060546875,0.0
30,-120.0,0.114862060546875,0.0
31,-116.25,0.12161865234375,0.0
32,-120.0,0.12161865234375,0.0
33,-112.5,0.114862060546875,0.0
34,-112.5,0.12161865234375,0.0
35,-116.25,0.128375244140625,0.0
36,-120.0,0.128375244140625,0.0
37,-116.25,0.1351318359375,0.0
38,-120.0,0.1351318359375,0.0
39,-112.5,0.128375244140625,0.0
40,-112.5,0.1351318359375,0.0
41,-116.25,0.141888427734375,0.0
42,-120.0,0.141888427734375,0.0
43,-116.25,0.14864501953125,0.0
44,-120.0,0.14864501953125,0.0
45,-112.5,0.141888427734375,0.0
46,-112.5,0.14864501953125,0.0
47,-116.25,0.155401611328125,0.0
48,-120.0,0.155401611328125,0.0
49,-116.25,0.162158203125,0.0
50,-120.0,0.162158203125,0.0
51,-112.5,0.155401611328125,0.0
52,-112.5,0.162158203125,0.0
53,-116.25,0.168914794921875,0.0
54,-120.0,0.168914794921875,0.0
55,-116.25,0.17567138671875,0.0
56,-120.0,0.17567138671875,0.0
57,-112.5,0.168914794921875,0.0
58,-112.5,0.17567138671875,0.0
59,-116.25,0.182427978515625,0.0
60,-120.0,0.182427978515625,0.0
61,-116.25,0.1891845703125,0.0
62,-120.0,0.1891845703125,0.0
63,-112.5,0.182427978515625,0.0
64,-112.5,0.1891845703125,0.0
65,-116.25,0.195941162109375,0.0
66,-120.0,0.195941162109375,0.0
67,-116.25,0.2,0.0
68,-116.25,0.20269775390625,0.0
69,-120.0,0.20269775390625,0.0
70,-112.5,0.195941162109375,0.0
71,-112.5,0.2,0.0
72,-112.5,0.20269775390625,0.0
73,-116.25,0.209454345703125,0.0
74,-120.0,0.209454345703125,0.0
75,-116.25,0.2162109375,0.0
76,-120.0,0.2162109375,0.0
77,-112.5,0.209454345703125,0.0
78,-112.5,0.2162109375,0.0
79,-116.25,0.222967529296875,0.0
80,-120.0,0.222967529296875,0.0
81,-116.25,0.22972412109375,0.0
82,-120.0,0.22972412109375,0.0
83,-112.5,0.222967529296875,0.0
84,-112.5,0.22972412109375,0.0
85,-116.25,0.236480712890625,0.0
86,-120.0,0.236480712890625,0.0
87,-116.25,0.2432373046875,0.0
88,-120.0,0.2432373046875,0.0
89,-112.5,0.236480712890625,0.0
90,-112.5,0.2432373046875,0.0
91,-116.25,0.249993896484375,0.0
92,-120.0,0.249993896484375,0.0
93,-116.25,0.25675048828125,0.0
94,-120.0,0.25675048828125,0.0
95,-112.5,0.249993896484375,0.0
96,-112.5,0.25675048828125,0.0
97,-116.25,0.263507080078125,0.0
98,-120.0,0.263507080078125,0.0
99,-116.25,0.270263671875,0.0
100,-120.0,0.270263671875,0.0
101,-112.5,0.263507080078125,0.0
102,-112.5,0.270263671875,0.0
103,-116.25,0.277020263671875,0.0
104,-120.0,0.277020263671875,0.0
105,-116.25,0.28377685546875,0.0
106,-120.0,0.28377685546875,0.0
107,-112.5,0.277020263671875,0.0
108,-112.5,0.28377685546875,0.0
109,-116.25,0.290533447265625,0.0
110,-120.0,0.290533447265625,0.0
111,-116.25,0.2972900390625,0.0
112,-120.0,0.2972900390625,0.0
113,-112.5,0.290533447265625,0.0
114,-112.5,0.2972900390625,0.0
115,-116.25,0.304046630859375,0.0
116,-120.0,0.304046630859375,0.0
117,-116.25,0.31080322265625,0.0
118,-120.0,0.31080322265625,0.0
119,-112.5,0.304046630859375,0.0
120,-112.5,0.31080322265625,0.0
121,-116.25,0.32431640625,0.0
122,-120.0,0.32431640625,0.0
123,-112.5,0.32431640625,0.0
124,-116.25,0.3513427734375,0.0
125,-120.0,0.3513427734375,0.0
126,-112.5,0.3513427734375,0.0
127,-116.25,0.378369140625,0.0
128,-120.0,0.378369140625,0.0
129,-112.5,0.378369140625,0.0
130,-116.25,0.432421875,0.0
131,-120.0,0.432421875,0.0
132,-112.5,0.432421875,0.0
133,-116.25,0.54052734375,0.0
134,-120.0,0.54052734375,0.0
135,-112.5,0.54052734375,0.0
136,-116.25,0.6486328125,0.0
137,-120.0,0.6486328125,0.0
138,-112.5,0.6486328125,0.0
139,-116.25,0.86484375,0.0
140,-120.0,0.86484375,0.0
141,-112.5,0.86484375,0.0
142,-116.25,1.297265625,0.0
143,-120.0,1.297265625,0.0
144,-112.5,1.297265625,0.0
145,-116.25,1.7296875,0.0
146,-120.0,1.7296875,0.0
147,-112.5,1.7296875,0.0
148,-116.25,2.162109375,0.0
149,-120.0,2.162109375,0.0
150,-116.25,2.59453125,0.0
151,-120.0,2.59453125,0.0
152,-112.5,2.162109375,0.0
153,-112.5,2.59453125,0.0
154,-116.25,3.026953125,0.0
155,-120.0,3.026953125,0.0
156,-116.25,3.459375,0.0
157,-120.0,3.459375,0.0
158,-112.5,3.026953125,0.0
159,-112.5,3.459375,0.0
160,-116.25,3.891796875,0.0
161,-120.0,3.891796875,0.0
162,-116.25,4.32421875,0.0
163,-120.0,4.32421875,0.0
164,-112.5,3.891796875,0.0
165,-112.5,4.32421875,0.0
166,-116.25,4.756640625,0.0
167,-120.0,4.756640625,0.0
168,-116.25,5.1890625,0.0
169,-120.0,5.1890625,0.0
170,-112.5,4.756640625,0.0
171,-112.5,5.1890625,0.0
172,-116.25,5.621484375000001,0.0
173,-120.0,5.621484375000001,0.0
174,-116.25,6.053906250000001,0.0
175,-120.0,6.053906250000001,0.0
176,-112.5,5.621484375000001,0.0
177,-112.5,6.053906250000001,0.0
178,-116.25,6.486328125,0.0
179,-120.0,6.486328125,0.0
180,-116.25,6.91875,0.0
181,-120.0,6.91875,0.0
182,-112.5,6.486328125,0.0
183,-112.5,6.91875,0.0
184,-116.25,7.351171875,0.0
185,-120.0,7.351171875,0.0
186,-116.25,7.78359375,0.0
187,-120.0,7.78359375,0.0
188,-112.5,7.351171875,0.0
189,-112.5,7.78359375,0.0
190,-116.25,8.216015625,0.0
191,-120.0,8.216015625,0.0
192,-116.25,8.6484375,0.0
193,-120.0,8.6484375,0.0
194,-112.5,8.216015625,0.0
195,-112.5,8.6484375,0.0
196,-116.25,9.080859375,0.0
197,-120.0,9.080859375,0.0
198,-116.25,9.51328125,0.0
199,-120.0,9.51328125,0.0
200,-112.5,9.080859375,0.0
201,-112.5,9.51328125,0.0
202,-116.25,9.945703125000001,0.0
203,-120.0,9.945703125000001,0.0
204,-116.25,10.378125,0.0
205,-120.0,10.378125,0.0
206,-112.5,9.945703125000001,0.0
207,-112.5,10.378125,0.0
208,-116.25,10.810546875,0.0
209,-120.0,10.810546875,0.0
210,-116.25,11.24296875,0.0
211,-120.0,11.24296875,0.0
212,-112.5,10.810546875,0.0
213,-112.5,11.24296875,0.0
214,-116.25,11.675390625,0.0
215,-120.0,11.675390625,0.0
216,-116.25,12.1078125,0.0
217,-120.0,12.1078125,0.0
218,-112.5,11.675390625,0.0
219,-112.5,12.1078125,0.0
220,-116.25,12.540234375,0.0
221,-120.0,12.540234375,0.0
222,-116.25,12.97265625,0.0
223,-120.0,12.97265625,0.0
224,-112.5,12.540234375,0.0
225,-112.5,12.97265625,0.0
226,-116.25,13.405078125,0.0
227,-120.0,13.405078125,0.0
228,-116.25,13.8375,0.0
229,-120.0,13.8375,0.0
230,-112.5,13.405078125,0.0
231,-112.5,13.8375,0.0
232,-108.75,0.01351318359375,0.0
233,-108.75,-0.0,0.0
234,-108.75,0.0270263671875,0.0
235,-105.0,0.01351318359375,0.0
236,-105.0,-0.0,0.0
237,-105.0,0.0270263671875,0.0
238,-108.75,0.04053955078125,0.0
239,-108.75,0.054052734375,0.0
240,-105.0,0.04053955078125,0.0
241,-105.0,0.054052734375,0.0
242,-108.75,0.06756591796875,0.0
243,-108.75,0.0810791015625,0.0
244,-105.0,0.06756591796875,0.0
245,-105.0,0.0810791015625,0.0
246,-108.75,0.09459228515625001,0.0
247,-105.0,0.09459228515625001,0.0
248,-108.75,0.101348876953125,0.0
249,-108.75,0.10810546875,0.0
250,-105.0,0.101348876953125,0.0
251,-105.0,0.10810546875,0.0
252,-108.75,0.114862060546875,0.0
253,-108.75,0.12161865234375,0.0
254,-105.0,0.114862060546875,0.0
255,-105.0,0.12161865234375,0.0
256,-108.75,0.128375244140625,0.0
257,-108.75,0.1351318359375,0.0
258,-105.0,0.128375244140625,0.0
259,-105.0,0.1351318359375,0.0
260,-108.75,0.141888427734375,0.0
261,-108.75,0.14864501953125,0.0
262,-105.0,0.141888427734375,0.0
263,-105.0,0.14864501953125,0.0
264,-108.75,0.155401611328125,0.0
265,-108.75,0.162158203125,0.0
266,-105.0,0.155401611328125,0.0
267,-105.0,0.162158203125,0.0
268,-108.75,0.168914794921875,0.0
269,-108.75,0.17567138671875,0.0
270,-105.0,0.168914794921875,0.0
271,-105.0,0.17567138671875,0.0
272,-108.75,0.182427978515625,0.0
273,-108.75,0.1891845703125,0.0
274,-105.0,0.182427978515625,0.0
275,-105.0,0.1891845703125,0.0
276,-108.75,0.195941162109375,0.0
277,-108.75,0.2,0.0
278,-108.75,0.20269775390625,0.0
279,-105.0,0.195941162109375,0.0
280,-105.0,0.2,0.0
281,-105.0,0.20269775390625,0.0
282,-108.75,0.209454345703125,0.0
283,-108.75,0.2162109375,0.0
284,-105.0,0.209454345703125,0.0
285,-105.0,0.2162109375,0.0
286,-108.75,0.222967529296875,0.0
287,-108.75,0.22972412109375,0.0
288,-105.0,0.222967529296875,0.0
289,-105.0,0.22972412109375,0.0
290,-108.75,0.236480712890625,0.0
291,-108.75,0.2432373046875,0.0
292,-105.0,0.236480712890625,0.0
293,-105.0,0.2432373046875,0.0
294,-108.75,0.249993896484375,0.0
295,-108.75,0.25675048828125,0.0
296,-105.0,0.249993896484375,0.0
297,-105.0,0.25675048828125,0.0
298,-108.75,0.263507080078125,0.0
299,-108.75,0.270263671875,0.0
300,-105.0,0.263507080078125,0.0
301,-105.0,0.270263671875,0.0
302,-108.75,0.277020263671875,0.0
303,-108.75,0.28377685546875,0.0
304,-105.0,0.277020263671875,0.0
305,-105.0,0.28377685546875,0.0
306,-108.75,0.290533447265625,0.0
307,-108.75,0.2972900390625,0.0
308,-105.0,0.290533447265625,0.0
309,-105.0,0.2972900390625,0.0
310,-108.75,0.304046630859375,0.0
311,-108.75,0.31080322265625,0.0
312,-105.0,0.304046630859375,0.0
313,-105.0,0.31080322265625,0.0
314,-108.75,0.32431640625,0.0
315,-105.0,0.32431640625,0.0
316,-108.75,0.3513427734375,0.0
317,-105.0,0.3513427734375,0.0
318,-108.75,0.378369140625,0.0
319,-105.0,0.378369140625,0.0
320,-108.75,0.432421875,0.0
321,-105.0,0.432421875,0.0
322,-108.75,0.54052734375,0.0
323,-105.0,0.54052734375,0.0
324,-108.75,0.6486328125,0.0
325,-105.0,0.6486328125,0.0
326,-108.75,0.86484375,0.0
327,-105.0,0.86484375,0.0
328,-108.75,1.297265625,0.0
329,-105.0,1.297265625,0.0
330,-108.75,1.7296875,0.0
331,-105.0,1.7296875,0.0
332,-108.75,2.162109375,0.0
333,-108.75,2.59453125,0.0
334,-105.0,2.162109375,0.0
335,-105.0,2.59453125,0.0
336,-108.75,3.026953125,0.0
337,-108.75,3.459375,0.0
338,-105.0,3.026953125,0.0
339,-105.0,3.459375,0.0
340,-108.75,3.891796875,0.0
341,-108.75,4.32421875,0.0
342,-105.0,3.891796875,0.0
343,-105.0,4.32421875,0.0
344,-108.75,4.756640625,0.0
345,-108.75,5.1890625,0.0
346,-105.0,4.756640625,0.0
347,-105.0,5.1890625,0.0
348,-108.75,5.621484375000001,0.0
349,-108.75,6.053906250000001,0.0
350,-105.0,5.621484375000001,0.0
351,-105.0,6.053906250000001,0.0
352,-108.75,6.486328125,0.0
353,-108.75,6.91875,0.0
354,-105.0,6.486328125,0.0
355,-105.0,6.91875,0.0
356,-108.75,7.351171875,0.0
357,-108.75,7.78359375,0.0
358,-105.0,7.351171875,0.0
359,-105.0,7.78359375,0.0
360,-108.75,8.216015625,0.0
361,-108.75,8.6484375,0.0
362,-105.0,8.216015625,0.0
363,-105.0,8.6484375,0.0
364,-108.75,9.080859375,0.0
365,-108.75,9.51328125,0.0
366,-105.0,9.080859375,0.0
367,-105.0,9.51328125,0.0
368,-108.75,9.945703125000001,0.0
369,-108.75,10.378125,0.0
370,-105.0,9.945703125000001,0.0
371,-105.0,10.378125,0.0
372,-108.75,10.810546875,0.0
373,-108.75,11.24296875,0.0
374,-105.0,10.810546875,0.0
375,-105.0,11.24296875,0.0
376,-108.75,11.675390625,0.0
377,-108.75,12.1078125,0.0
378,-105.0,11.675390625,0.0
379,-105.0,12.1078125,0.0
380,-108.75,12.540234375,0.0
381,-108.75,12.97265625,0.0
382,-105.0,12.540234375,0.0
383,-105.0,12.97265625,0.0
384,-108.75,13.405078125,0.0
385,-108.75,13.8375,0.0
386,-105.0,13.405078125,0.0
387,-105.0,13.8375,0.0
388,-116.25,14.269921875,0.0
389,-120.0,14.269921875,0.0
390,-116.25,14.70234375,0.0
391,-120.0,14.70234375,0.0
392,-112.5,14.269921875,0.0
393,-112.5,14.70234375,0.0
394,-116.25,15.134765625,0.0
395,-120.0,15.134765625,0.0
396,-116.25,15.5671875,0.0
397,-120.0,15.5671875,0.0
398,-112.5,15.134765625,0.0
399,-112.5,15.5671875,0.0
400,-116.25,15.999609375,0.0
401,-120.0,15.999609375,0.0
402,-116.25,16.43203125,0.0
403,-120.0,16.43203125,0.0
404,-112.5,15.999609375,0.0
405,-112.5,16.43203125,0.0
406,-116.25,16.864453125,0.0
407,-120.0,16.864453125,0.0
408,-116.25,17.296875,0.0
409,-120.0,17.296875,0.0
410,-112.5,16.864453125,0.0
411,-112.5,17.296875,0.0
412,-116.25,17.729296875,0.0
413,-120.0,17.729296875,0.0
414,-116.25,18.16171875,0.0
415,-120.0,18.16171875,0.0
416,-112.5,17.729296875,0.0
417,-112.5,18.16171875,0.0
418,-116.25,18.594140625,0.0
419,-120.0,18.594140625,0.0
420,-116.25,19.0265625,0.0
421,-120.0,19.0265625,0.0
422,-112.5,18.594140625,0.0
423,-112.5,19.0265625,0.0
424,-116.25,19.458984375,0.0
425,-120.0,19.458984375,0.0
426,-116.25,19.89140625,0.0
427,-120.0,19.89140625,0.0
428,-112.5,19.458984375,0.0
429,-112.5,19.89140625,0.0
430,-116.25,20.323828125,0.0
431,-120.0,20.323828125,0.0
432,-116.25,20.75625,0.0
433,-120.0,20.75625,0.0
434,-112.5,20.323828125,0.0
435,-112.5,20.75625,0.0
436,-116.25,21.188671875,0.0
437,-120.0,21.188671875,0.0
438,-116.25,21.62109375,0.0
439,-120.0,21.62109375,0.0
440,-112.5,21.188671875,0.0
441,-112.5,21.62109375,0.0
442,-116.25,22.053515625,0.0
443,-120.0,22.053515625,0.0
444,-116.25,22.4859375,0.0
445,-120.0,22.4859375,0.0
446,-112.5,22.053515625,0.0
447,-112.5,22.4859375,0.0
448,-116.25,22.918359375,0.0
449,-120.0,22.918359375,0.0
450,-116.25,23.35078125,0.0
451,-120.0,23.35078125,0.0
452,-112.5,22.918359375,0.0
453,-112.5,23.35078125,0.0
454,-116.25,23.783203125,0.0
455,-120.0,23.783203125,0.0
456,-116.25,24.215625,0.0
457,-120.0,24.215625,0.0
458,-112.5,23.783203125,0.0
459,-112.5,24.215625,0.0
460,-116.25,24.648046875,0.0
461,-120.0,24.648046875,0.0
462,-116.25,25.08046875,0.0
463,-120.0,25.08046875,0.0
464,-112.5,24.648046875,0.0
465,-112.5,25.08046875,0.0
466,-116.25,25.512890625,0.0
467,-120.0,25.512890625,0.0
468,-116.25,25.9453125,0.0
469,-120.0,25.9453125,0.0
470,-112.5,25.512890625,0.0
471,-112.5,25.9453125,0.0
472,-116.25,26.377734375,0.0
473,-120.0,26.377734375,0.0
474,-116.25,26.81015625,0.0
475,-120.0,26.81015625,0.0
476,-112.5,26.377734375,0.0
477,-112.5,26.81015625,0.0
478,-116.25,27.242578125,0.0
479,-120.0,27.242578125,0.0
480,-116.25,27.675,0.0
481,-120.0,27.675,0.0
482,-112.5,27.242578125,0.0
483,-112.5,27.675,0.0
484,-108.75,14.269921875,0.0
485,-108.75,14.70234375,0.0
486,-105.0,14.269921875,0.0
487,-105.0,14.70234375,0.0
488,-108.75,15.134765625,0.0
489,-108.75,15.5671875,0.0
490,-105.0,15.134765625,0.0
491,-105.0,15.5671875,0.0
492,-108.75,15.999609375,0.0
493,-108.75,16.43203125,0.0
494,-105.0,15.999609375,0.0
495,-105.0,16.43203125,0.0
496,-108.75,16.864453125,0.0
497,-108.75,17.296875,0.0
498,-105.0,16.864453125,0.0
499,-105.0,17.296875,0.0
500,-108.75,17.729296875,0.0
501,-108.75,18.16171875,0.0
502,-105.0,17.729296875,0.0
503,-105.0,18.16171875,0.0
504,-108.75,18.594140625,0.0
505,-108.75,19.0265625,0.0
506,-105.0,18.594140625,0.0
507,-105.0,19.0265625,0.0
508,-108.75,19.458984375,0.0
509,-108.75,19.89140625,0.0
510,-105.0,19.458984375,0.0
511,-105.0,19.89140625,0.0
512,-108.75,20.323828125,0.0
513,-108.75,20.75625,0.0
514,-105.0,20.323828125,0.0
515,-105.0,20.75625,0.0
516,-108.75,21.188671875,0.0
517,-108.75,21.62109375,0.0
518,-105.0,21.188671875,0.0
519,-105.0,21.62109375,0.0
520,-108.75,22.053515625,0.0
521,-108.75,22.4859375,0.0
522,-105.0,22.053515625,0.0
523,-105.0,22.4859375,0.0
524,-108.75,22.918359375,0.0
525,-108.75,23.35078125,0.0
526,-105.0,22.918359375,0.0
527,-105.0,23.35078125,0.0
528,-108.75,23.783203125,0.0
529,-108.75,24.215625,0.0
530,-105.0,23.783203125,0.0
531,-105.0,24.215625,0.0
532,-108.75,24.648046875,0.0
533,-108.75,25.08046875,0.0
534,-105.0,24.648046875,0.0
535,-105.0,25.08046875,0.0
536,-108.75,25.512890625,0.0
537,-108.75,25.9453125,0.0
538,-105.0,25.512890625,0.0
539,-105.0,25.9453125,0.0
540,-108.75,26.377734375,0.0
541,-108.75,26.81015625,0.0
542,-105.0,26.377734375,0.0
543,-105.0,26.81015625,0.0
544,-108.75,27.242578125,0.0
545,-108.75,27.675,0.0
546,-105.0,27.242578125,0.0
547,-105.0,27.675,0.0
548,-101.25,0.01351318359375,0.0
549,-101.25,-0.0,0.0
550,-101.25,0.0270263671875,0.0
551,-97.5,0.01351318359375,0.0
552,-97.5,-0.0,0.0
553,-97.5,0.0270263671875,0.0
554,-101.25,0.04053955078125,0.0
555,-101.25,0.054052734375,0.0
556,-97.5,0.04053955078125,0.0
557,-97.5,0.054052734375,0.0
558,-101.25,0.06756591796875,0.0
559,-101.25,0.0810791015625,0.0
560,-97.5,0.06756591796875,0.0
561,-97.5,0.0810791015625,0.0
562,-101.25,0.09459228515625001,0.0
563,-97.5,0.09459228515625001,0.0
564,-101.25,0.101348876953125,0.0
565,-101.25,0.10810546875,0.0
566,-97.5,0.101348876953125,0.0
567,-97.5,0.10810546875,0.0
568,-101.25,0.114862060546875,0.0
569,-101.25,0.12161865234375,0.0
570,-97.5,0.114862060546875,0.0
571,-97.5,0.12161865234375,0.0
572,-101.25,0.128375244140625,0.0
573,-101.25,0.1351318359375,0.0
574,-97.5,0.128375244140625,0.0
575,-97.5,0.1351318359375,0.0
576,-101.25,0.141888427734375,0.0
577,-101.25,0.14864501953125,0.0
578,-97.5,0.141888427734375,0.0
579,-97.5,0.14864501953125,0.0
580,-101.25,0.155401611328125,0.0
581,-101.25,0.162158203125,0.0
582,-97.5,0.155401611328125,0.0
583,-97.5,0.162158203125,0.0
584,-101.25,0.168914794921875,0.0
585,-101.25,0.17567138671875,0.0
586,-97.5,0.168914794921875,0.0
587,-97.5,0.17567138671875,0.0
588,-101.25,0.182427978515625,0.0
589,-101.25,0.1891845703125,0.0
590,-97.5,0.182427978515625,0.0
591,-97.5,0.1891845703125,0.0
592,-101.25,0.195941162109375,0.0
593,-101.25,0.2,0.0
594,-101.25,0.20269775390625,0.0
595,-97.5,0.195941162109375,0.0
596,-97.5,0.2,0.0
597,-97.5,0.20269775390625,0.0
598,-101.25,0.209454345703125,0.0
599,-101.25,0.2162109375,0.0
600,-97.5,0.209454345703125,0.0
601,-97.5,0.2162109375,0.0
602,-101.25,0.222967529296875,0.0
603,-101.25,0.22972412109375,0.0
604,-97.5,0.222967529296875,0.0
605,-97.5,0.22972412109375,0.0
606,-101.25,0.236480712890625,0.0
607,-101.25,0.2432373046875,0.0
608,-97.5,0.236480712890625,0.0
609,-97.5,0.2432373046875,0.0
610,-101.25,0.249993896484375,0.0
611,-101.25,0.25675048828125,0.0
612,-97.5,0.249993896484375,0.0
613,-97.5,0.25675048828125,0.0
614,-101.25,0.263507080078125,0.0
615,-101.25,0.270263671875,0.0
616,-97.5,0.263507080078125,0.0
617,-97.5,0.270263671875,0.0
618,-101.25,0.277020263671875,0.0
619,-101.25,0.28377685546875,0.0
620,-97.5,0.277020263671875,0.0
621,-97.5,0.28377685546875,0.0
622,-101.25,0.290533447265625,0.0
623,-101.25,0.2972900390625,0.0
624,-97.5,0.290533447265625,0.0
625,-97.5,0.2972900390625,0.0
626,-101.25,0.304046630859375,0.0
627,-101.25,0.31080322265625,0.0
628,-97.5,0.304046630859375,0.0
629,-97.5,0.31080322265625,0.0
630,-101.25,0.32431640625,0.0
631,-97.5,0.32431640625,0.0
632,-101.25,0.3513427734375,0.0
633,-97.5,0.3513427734375,0.0
634,-101.25,0.378369140625,0.0
635,-97.5,0.378369140625,0.0
636,-101.25,0.432421875,0.0
637,-97.5,0.432421875,0.0
638,-101.25,0.54052734375,0.0
639,-97.5,0.54052734375,0.0
640,-101.25,0.6486328125,0.0
641,-97.5,0.6486328125,0.0
642,-101.25,0.86484375,0.0
643,-97.5,0.86484375,0.0
644,-101.25,1.297265625,0.0
645,-97.5,1.297265625,0.0
646,-101.25,1.7296875,0.0
647,-97.5,1.7296875,0.0
648,-101.25,2.162109375,0.0
649,-101.25,2.59453125,0.0
650,-97.5,2.162109375,0.0
651,-97.5,2.59453125,0.0
652,-101.25,3.026953125,0.0
653,-101.25,3.459375,0.0
654,-97.5,3.026953125,0.0
655,-97.5,3.459375,0.0
656,-101.25,3.891796875,0.0
657,-101.25,4.32421875,0.0
658,-97.5,3.891796875,0.0
659,-97.5,4.32421875,0.0
660,-101.25,4.756640625,0.0
661,-101.25,5.1890625,0.0
662,-97.5,4.756640625,0.0
663,-97.5,5.1890625,0.0
664,-101.25,5.621484375000001,0.0
665,-101.25,6.053906250000001,0.0
666,-97.5,5.621484375000001,0.0
667,-97.5,6.053906250000001,0.0
668,-101.25,6.486328125,0.0
669,-101.25,6.91875,0.0
670,-97.5,6.486328125,0.0
671,-97.5,6.91875,0.0
672,-101.25,7.351171875,0.0
673,-101.25,7.78359375,0.0
674,-97.5,7.351171875,0.0
675,-97.5,7.78359375,0.0
676,-101.25,8.216015625,0.0
677,-101.25,8.6484375,0.0
678,-97.5,8.216015625,0.0
679,-97.5,8.6484375,0.0
680,-101.25,9.080859375,0.0
681,-101.25,9.51328125,0.0
682,-97.5,9.080859375,0.0
683,-97.5,9.51328125,0.0
684,-101.25,9.945703125000001,0.0
685,-101.25,10.378125,0.0
686,-97.5,9.945703125000001,0.0
687,-97.5,10.378125,0.0
688,-101.25,10.810546875,0.0
689,-101.25,11.24296875,0.0
690,-97.5,10.810546875,0.0
691,-97.5,11.24296875,0.0
692,-101.25,11.675390625,0.0
693,-101.25,12.1078125,0.0
694,-97.5,11.675390625,0.0
695,-97.5,12.1078125,0.0
696,-101.25,12.540234375,0.0
697,-101.25,12.97265625,0.0
698,-97.5,12.540234375,0.0
699,-97.5,12.97265625,0.0
700,-101.25,13.405078125,0.0
701,-101.25,13.8375,0.0
702,-97.5,13.405078125,0.0
703,-97.5,13.8375,0.0
704,-93.75,0.01351318359375,0.0
705,-93.75,-0.0,0.0
706,-93.75,0.0270263671875,0.0
707,-90.0,0.01351318359375,0.0
708,-90.0,-0.0,0.0
709,-90.0,0.0270263671875,0.0
710,-93.75,0.04053955078125,0.0
711,-93.75,0.054052734375,0.0
712,-90.0,0.04053955078125,0.0
713,-90.0,0.054052734375,0.0
714,-93.75,0.06756591796875,0.0
715,-93.75,0.0810791015625,0.0
716,-90.0,0.06756591796875,0.0
717,-90.0,0.0810791015625,0.0
718,-93.75,0.09459228515625001,0.0
719,-90.0,0.09459228515625001,0.0
720,-93.75,0.101348876953125,0.0
721,-93.75,0.10810546875,0.0
722,-90.0,0.101348876953125,0.0
723,-90.0,0.10810546875,0.0
724,-93.75,0.114862060546875,0.0
725,-93.75,0.12161865234375,0.0
726,-90.0,0.114862060546875,0.0
727,-90.0,0.12161865234375,0.0
728,-93.75,0.128375244140625,0.0
729,-93.75,0.1351318359375,0.0
730,-90.0,0.128375244140625,0.0
731,-90.0,0.1351318359375,0.0
732,-93.75,0.141888427734375,0.0
733,-93.75,0.14864501953125,0.0
734,-90.0,0.141888427734375,0.0
735,-90.0,0.14864501953125,0.0
736,-93.75,0.155401611328125,0.0
737,-93.75,0.162158203125,0.0
738,-90.0,0.155401611328125,0.0
739,-90.0,0.162158203125,0.0
740,-93.75,0.168914794921875,0.0
741,-93.75,0.17567138671875,0.0
742,-90.0,0.168914794921875,0.0
743,-90.0,0.17567138671875,0.0
744,-93.75,0.182427978515625,0.0
745,-93.75,0.1891845703125,0.0
746,-90.0,0.182427978515625,0.0
747,-90.0,0.1891845703125,0.0
748,-93.75,0.195941162109375,0.0
749,-93.75,0.2,0.0
750,-93.75,0.20269775390625,0.0
751,-90.0,0.195941162109375,0.0
752,-90.0,0.2,0.0
753,-90.0,0.20269775390625,0.0
754,-93.75,0.209454345703125,0.0
755,-93.75,0.2162109375,0.0
756,-90.0,0.209454345703125,0.0
757,-90.0,0.2162109375,0.0
758,-93.75,0.222967529296875,0.0
759,-93.75,0.22972412109375,0.0
760,-90.0,0.222967529296875,0.0
761,-90.0,0.22972412109375,0.0
762,-93.75,0.236480712890625,0.0
763,-93.75,0.2432373046875,0.0
764,-90.0,0.236480712890625,0.0
765,-90.0,0.2432373046875,0.0
766,-93.75,0.249993896484375,0.0
767,-93.75,0.25675048828125,0.0
768,-90.0,0.249993896484375,0.0
769,-90.0,0.25675048828125,0.0
770,-93.75,0.263507080078125,0.0
771,-93.75,0.270263671875,0.0
772,-90.0,0.263507080078125,0.0
773,-90.0,0.270263671875,0.0
774,-93.75,0.277020263671875,0.0
775,-93.75,0.28377685546875,0.0
776,-90.0,0.277020263671875,0.0
777,-90.0,0.28377685546875,0.0
778,-93.75,0.290533447265625,0.0
779,-93.75,0.2972900390625,0.0
780,-90.0,0.290533447265625,0.0
781,-90.0,0.2972900390625,0.0
782,-93.75,0.304046630859375,0.0
783,-93.75,0.31080322265625,0.0
784,-90.0,0.304046630859375,0.0
785,-90.0,0.31080322265625,0.0
786,-93.75,0.32431640625,0.0
787,-90.0,0.32431640625,0.0
788,-93.75,0.3513427734375,0.0
789,-90.0,0.3513427734375,0.0
790,-93.75,0.378369140625,0.0
791,-90.0,0.378369140625,0.0
792,-93.75,0.432421875,0.0
793,-90.0,0.432421875,0.0
794,-93.75,0.54052734375,0.0
795,-90.0,0.54052734375,0.0
796,-93.75,0.6486328125,0.0
797,-90.0,0.6486328125,0.0
798,-93.75,0.86484375,0.0
799,-90.0,0.86484375,0.0
800,-93.75,1.297265625,0.0
801,-90.0,1.297265625,0.0
802,-93.75,1.7296875,0.0
803,-90.0,1.7296875,0.0
804,-93.75,2.162109375,0.0
805,-93.75,2.59453125,0.0
806,-90.0,2.162109375,0.0
807,-90.0,2.59453125,0.0
808,-93.75,3.026953125,0.0
809,-93.75,3.459375,0.0
810,-90.0,3.026953125,0.0
811,-90.0,3.459375,0.0
812,-93.75,3.891796875,0.0
813,-93.75,4.32421875,0.0
814,-90.0,3.891796875,0.0
815,-90.0,4.32421875,0.0
816,-93.75,4.756640625,0.0
817,-93.75,5.1890625,0.0
818,-90.0,4.756640625,0.0
819,-90.0,5.1890625,0.0
820,-93.75,5.621484375000001,0.0
821,-93.75,6.053906250000001,0.0
822,-90.0,5.621484375000001,0.0
823,-90.0,6.053906250000001,0.0
824,-93.75,6.486328125,0.0
825,-93.75,6.91875,0.0
826,-90.0,6.486328125,0.0
827,-90.0,6.91875,0.0
828,-93.75,7.351171875,0.0
829,-93.75,7.78359375,0.0
830,-90.0,7.351171875,0.0
831,-90.0,7.78359375,0.0
832,-93.75,8.216015625,0.0
833,-93.75,8.6484375,0.0
834,-90.0,8.216015625,0.0
835,-90.0,8.6484375,0.0
836,-93.75,9.080859375,0.0
837,-93.75,9.51328125,0.0
838,-90.0,9.080859375,0.0
839,-90.0,9.51328125,0.0
840,-93.75,9.945703125000001,0.0
841,-93.75,10.378125,0.0
842,-90.0,9.945703125000001,0.0
843,-90.0,10.378125,0.0
844,-93.75,10.810546875,0.0
845,-93.75,11.24296875,0.0
846,-90.0,10.810546875,0.0
847,-90.0,11.24296875,0.0
848,-93.75,11.675390625,0.0
849,-93.75,12.1078125,0.0
850,-90.0,11.675390625,0.0
851,-90.0,12.1078125,0.0
852,-93.75,12.540234375,0.0
853,-93.75,12.97265625,0.0
854,-90.0,12.540234375,0.0
855,-90.0,12.97265625,0.0
856,-93.75,13.405078125,0.0
857,-93.75,13.8375,0.0
858,-90.0,13.405078125,0.0
859,-90.0,13.8375,0.0
860,-101.25,14.269921875,0.0
861,-101.25,14.70234375,0.0
862,-97.5,14.269921875,0.0
863,-97.5,14.70234375,0.0
864,-101.25,15.134765625,0.0
865,-101.25,15.5671875,0.0
866,-97.5,15.134765625,0.0
867,-97.5,15.5671875,0.0
868,-101.25,15.999609375,0.0
869,-101.25,16.43203125,0.0
870,-97.5,15.999609375,0.0
871,-97.5,16.43203125,0.0
872,-101.25,16.864453125,0.0
873,-101.25,17.296875,0.0
874,-97.5,16.864453125,0.0
875,-97.5,17.296875,0.0
876,-101.25,17.729296875,0.0
877,-101.25,18.16171875,0.0
878,-97.5,17.729296875,0.0
879,-97.5,18.16171875,0.0
880,-101.25,18.594140625,0.0
881,-101.25,19.0265625,0.0
882,-97.5,18.594140625,0.0
883,-97.5,19.0265625,0.0
884,-101.25,19.458984375,0.0
885,-101.25,19.89140625,0.0
886,-97.5,19.458984375,0.0
887,-97.5,19.89140625,0.0
888,-101.25,20.323828125,0.0
889,-101.25,20.75625,0.0
890,-97.5,20.323828125,0.0
891,-97.5,20.75625,0.0
892,-101.25,21.188671875,0.0
893,-101.25,21.62109375,0.0
894,-97.5,21.188671875,0.0
895,-97.5,21.62109375,0.0
896,-101.25,22.053515625,0.0
897,-101.25,22.4859375,0.0
898,-97.5,22.053515625,0.0
899,-97.5,22.4859375,0.0
900,-101.25,22.918359375,0.0
901,-101.25,23.35078125,0.0
902,-97.5,22.918359375,0.0
903,-97.5,23.35078125,0.0
904,-101.25,23.783203125,0.0
905,-101.25,24.215625,0.0
906,-97.5,23.783203125,0.0
907,-97.5,24.215625,0.0
908,-101.25,24.648046875,0.0
909,-101.25,25.08046875,0.0
910,-97.5,24.648046875,0.0
911,-97.5,25.08046875,0.0
912,-101.25,25.512890625,0.0
913,-101.25,25.9453125,0.0
914,-97.5,25.512890625,0.0
915,-97.5,25.9453125,0.0
916,-101.25,26.377734375,0.0
917,-101.25,26.81015625,0.0
918,-97.5,26.377734375,0.0
919,-97.5,26.81015625,0.0
920,-101.25,27.242578125,0.0
921,-101.25,27.675,0.0
922,-97.5,27.242578125,0.0
923,-97.5,27.675,0.0
924,-93.75,14.269921875,0.0
925,-93.75,14.70234375,0.0
926,-90.0,14.269921875,0.0
927,-90.0,14.70234375,0.0
928,-93.75,15.134765625,0.0
929,-93.75,15.5671875,0.0
930,-90.0,15.134765625,0.0
931,-90.0,15.5671875,0.0
932,-93.75,15.999609375,0.0
933,-93.75,16.43203125,0.0
934,-90.0,15.999609375,0.0
935,-90.0,16.43203125,0.0
936,-93.75,16.864453125,0.0
937,-93.75,17.296875,0.0
938,-90.0,16.864453125,0.0
939,-90.0,17.296875,0.0
940,-93.75,17.729296875,0.0
941,-93.75,18.16171875,0.0
942,-90.0,17.729296875,0.0
943,-90.0,18.16171875,0.0
944,-93.75,18.594140625,0.0
945,-93.75,19.0265625,0.0
946,-90.0,18.594140625,0.0
947,-90.0,19.0265625,0.0
948,-93.75,19.458984375,0.0
949,-93.75,19.89140625,0.0
950,-90.0,19.458984375,0.0
951,-90.0,19.89140625,0.0
952,-93.75,20.323828125,0.0
953,-93.75,20.75625,0.0
954,-90.0,20.323828125,0.0
955,-90.0,20.75625,0.0
956,-93.75,21.188671875,0.0
957,-93.75,21.62109375,0.0
958,-90.0,21.188671875,0.0
959,-90.0,21.62109375,0.0
960,-93.75,22.053515625,0.0
961,-93.75,22.4859375,0.0
962,-90.0,22.053515625,0.0
963,-90.0,22.4859375,0.0
964,-93.75,22.918359375,0.0
965,-93.75,23.35078125,0.0
966,-90.0,22.918359375,0.0
967,-90.0,23.35078125,0.0
968,-93.75,23.783203125,0.0
969,-93.75,24.215625,0.0
970,-90.0,23.783203125,0.0
971,-90.0,24.215625,0.0
972,-93.75,24.648046875,0.0
973,-93.75,25.08046875,0.0
974,-90.0,24.648046875,0.0
975,-90.0,25.08046875,0.0
976,-93.75,25.512890625,0.0
977,-93.75,25.9453125,0.0
978,-90.0,25.512890625,0.0
979,-90.0,25.9453125,0.0
980,-93.75,26.377734375,0.0
981,-93.75,26.81015625,0.0
982,-90.0,26.377734375,0.0
983,-90.0,26.81015625,0.0
984,-93.75,27.242578125,0.0
985,-93.75,27.675,0.0
986,-90.0,27.242578125,0.0
987,-90.0,27.675,0.0
988,-116.25,28.107421875,0.0
989,-120.0,28.107421875,0.0
990,-116.25,28.53984375,0.0
991,-120.0,28.53984375,0.0
992,-112.5,28.107421875,0.0
993,-112.5,28.53984375,0.0
994,-116.25,28.972265625,0.0
995,-120.0,28.972265625,0.0
996,-116.25,29.4046875,0.0
997,-120.0,29.4046875,0.0
998,-112.5,28.972265625,0.0
999,-112.5,29.4046875,0.0
1000,-116.25,29.837109375,0.0
1001,-120.0,29.837109375,0.0
1002,-116.25,30.26953125,0.0
1003,-120.0,30.26953125,0.0
1004,-112.5,29.837109375,0.0
1005,-112.5,30.26953125,0.0
1006,-116.25,30.701953125,0.0
1007,-120.0,30.701953125,0.0
1008,-116.25,31.134375,0.0
1009,-120.0,31.134375,0.0
1010,-112.5,30.701953125,0.0
1011,-112.5,31.134375,0.0
1012,-116.25,31.566796875,0.0
1013,-120.0,31.566796875,0.0
1014,-116.25,31.99921875,0.0
1015,-120.0,31.99921875,0.0
1016,-112.5,31.566796875,0.0
1017,-112.5,31.99921875,0.0
1018,-116.25,32.431640625,0.0
1019,-120.0,32.431640625,0.0
1020,-116.25,32.8640625,0.0
1021,-120.0,32.8640625,0.0
1022,-112.5,32.431640625,0.0
1023,-112.5,32.8640625,0.0
1024,-116.25,33.29648437500001,0.0
1025,-120.0,33.29648437500001,0.0
1026,-116.25,33.72890625,0.0
1027,-120.0,33.72890625,0.0
1028,-112.5,33.29648437500001,0.0
1029,-112.5,33.72890625,0.0
1030,-116.25,34.161328125,0.0
1031,-120.0,34.161328125,0.0
1032,-116.25,34.59375,0.0
1033,-120.0,34.59375,0.0
1034,-112.5,34.161328125,0.0
1035,-112.5,34.59375,0.0
1036,-116.25,35.026171875,0.0
1037,-120.0,35.026171875,0.0
1038,-116.25,35.45859375,0.0
1039,-120.0,35.45859375,0.0
1040,-112.5,35.026171875,0.0
1041,-112.5,35.45859375,0.0
1042,-116.25,35.89101562499999,0.0
1043,-120.0,35.89101562499999,0.0
1044,-116.25,36.3234375,0.0
1045,-120.0,36.3234375,0.0
1046,-112.5,35.89101562499999,0.0
1047,-112.5,36.3234375,0.0
1048,-116.25,36.755859375,0.0
1049,-120.0,36.755859375,0.0
1050,-116.25,37.18828125,0.0
1051,-120.0,37.18828125,0.0
1052,-112.5,36.755859375,0.0
1053,-112.5,37.18828125,0.0
1054,-116.25,37.62070312500001,0.0
1055,-120.0,37.62070312500001,0.0
1056,-116.25,38.053125,0.0
1057,-120.0,38.053125,0.0
1058,-112.5,37.62070312500001,0.0
1059,-112.5,38.053125,0.0
1060,-116.25,38.485546875,0.0
1061,-120.0,38.485546875,0.0
1062,-116.25,38.91796875,0.0
1063,-120.0,38.91796875,0.0
1064,-112.5,38.485546875,0.0
1065,-112.5,38.91796875,0.0
1066,-116.25,39.350390625,0.0
1067,-120.0,39.350390625,0.0
1068,-116.25,39.78281250000001,0.0
1069,-120.0,39.78281250000001,0.0
1070,-112.5,39.350390625,0.0
1071,-112.5,39.78281250000001,0.0
1072,-116.25,40.21523437500001,0.0
1073,-120.0,40.21523437500001,0.0
1074,-116.25,40.64765625,0.0
1075,-120.0,40.64765625,0.0
1076,-112.5,40.21523437500001,0.0
1077,-112.5,40.64765625,0.0
1078,-116.25,41.080078125,0.0
1079,-120.0,41.080078125,0.0
1080,-116.25,41.5125,0.0
1081,-120.0,41.5125,0.0
1082,-112.5,41.080078125,0.0
1083,-112.5,41.5125,0.0
1084,-108.75,28.107421875,0.0
1085,-108.75,28.53984375,0.0
1086,-105.0,28.107421875,0.0
1087,-105.0,28.53984375,0.0
1088,-108.75,28.972265625,0.0
1089,-108.75,29.4046875,0.0
1090,-105.0,28.972265625,0.0
1091,-105.0,29.4046875,0.0
1092,-108.75,29.837109375,0.0
1093,-108.75,30.26953125,0.0
1094,-105.0,29.837109375,0.0
1095,-105.0,30.26953125,0.0
1096,-108.75,30.701953125,0.0
1097,-108.75,31.134375,0.0
1098,-105.0,30.701953125,0.0
1099,-105.0,31.134375,0.0
1100,-108.75,31.566796875,0.0
1101,-108.75,31.99921875,0.0
1102,-105.0,31.566796875,0.0
1103,-105.0,31.99921875,0.0
1104,-108.75,32.431640625,0.0
1105,-108.75,32.8640625,0.0
1106,-105.0,32.431640625,0.0
1107,-105.0,32.8640625,0.0
1108,-108.75,33.29648437500001,0.0
1109,-108.75,33.72890625,0.0
1110,-105.0,33.29648437500001,0.0
1111,-105.0,33.72890625,0.0
1112,-108.75,34.161328125,0.0
1113,-108.75,34.59375,0.0
1114,-105.0,34.161328125,0.0
1115,-105.0,34.59375,0.0
1116,-108.75,35.026171875,0.0
1117,-108.75,35.45859375,0.0
1118,-105.0,35.026171875,0.0
1119,-105.0,35.45859375,0.0
1120,-108.75,35.89101562499999,0.0
1121,-108.75,36.3234375,0.0
1122,-105.0,35.89101562499999,0.0
1123,-105.0,36.3234375,0.0
1124,-108.75,36.755859375,0.0
1125,-108.75,37.18828125,0.0
1126,-105.0,36.755859375,0.0
1127,-105.0,37.18828125,0.0
1128,-108.75,37.62070312500001,0.0
1129,-108.75,38.053125,0.0
1130,-105.0,37.62070312500001,0.0
1131,-105.0,38.053125,0.0
1132,-108.75,38.485546875,0.0
1133,-108.75,38.91796875,0.0
1134,-105.0,38.485546875,0.0
1135,-105.0,38.91796875,0.0
1136,-108.75,39.350390625,0.0
1137,-108.75,39.78281250000001,0.0
1138,-105.0,39.350390625,0.0
1139,-105.0,39.78281250000001,0.0
1140,-108.75,40.21523437500001,0.0
1141,-108.75,40.64765625,0.0
1142,-105.0,40.21523437500001,0.0
1143,-105.0,40.64765625,0.0
1144,-108.75,41.080078125,0.0
1145,-108.75,41.5125,0.0
1146,-105.0,41.080078125,0.0
1147,-105.0,41.5125,0.0
1148,-116.25,41.94492187500001,0.0
1149,-120.0,41.94492187500001,0.0
1150,-116.25,42.37734375,0.0
1151,-120.0,42.37734375,0.0
1152,-112.5,41.94492187500001,0.0
1153,-112.5,42.37734375,0.0
1154,-116.25,42.809765625,0.0
1155,-120.0,42.809765625,0.0
1156,-116.25,43.2421875,0.0
1157,-120.0,43.2421875,0.0
1158,-112.5,42.809765625,0.0
1159,-112.5,43.2421875,0.0
1160,-116.25,43.674609375,0.0
1161,-120.0,43.674609375,0.0
1162,-116.25,44.10703125000001,0.0
1163,-120.0,44.10703125000001,0.0
1164,-112.5,43.674609375,0.0
1165,-112.5,44.10703125000001,0.0
1166,-116.25,44.53945312500001,0.0
1167,-120.0,44.53945312500001,0.0
1168,-116.25,44.971875,0.0
1169,-120.0,44.971875,0.0
1170,-112.5,44.53945312500001,0.0
1171,-112.5,44.971875,0.0
1172,-116.25,45.404296875,0.0
1173,-120.0,45.404296875,0.0
1174,-116.25,45.83671875,0.0
1175,-120.0,45.83671875,0.0
1176,-112.5,45.404296875,0.0
1177,-112.5,45.83671875,0.0
1178,-116.25,46.26914062500001,0.0
1179,-120.0,46.26914062500001,0.0
1180,-116.25,46.70156250000001,0.0
1181,-120.0,46.70156250000001,0.0
1182,-112.5,46.26914062500001,0.0
1183,-112.5,46.70156250000001,0.0
1184,-116.25,47.13398437500001,0.0
1185,-120.0,47.13398437500001,0.0
1186,-116.25,47.56640625000001,0.0
1187,-120.0,47.56640625000001,0.0
1188,-112.5,47.13398437500001,0.0
1189,-112.5,47.56640625000001,0.0
1190,-116.25,47.998828125,0.0
1191,-120.0,47.998828125,0.0
1192,-116.25,48.43125000000001,0.0
1193,-120.0,48.43125000000001,0.0
1194,-112.5,47.998828125,0.0
1195,-112.5,48.43125000000001,0.0
1196,-116.25,48.86367187500001,0.0
1197,-120.0,48.86367187500001,0.0
1198,-116.25,49.29609375,0.0
1199,-120.0,49.29609375,0.0
1200,-112.5,48.86367187500001,0.0
1201,-112.5,49.29609375,0.0
1202,-116.25,49.728515625,0.0
1203,-120.0,49.728515625,0.0
1204,-116.25,50.1609375,0.0
1205,-120.0,50.1609375,0.0
1206,-112.5,49.728515625,0.0
1207,-112.5,50.1609375,0.0
1208,-116.25,50.59335937500001,0.0
1209,-120.0,50.59335937500001,0.0
1210,-116.25,51.02578125,0.0
1211,-120.0,51.02578125,0.0
1212,-112.5,50.59335937500001,0.0
1213,-112.5,51.02578125,0.0
1214,-116.25,51.458203125,0.0
1215,-120.0,51.458203125,0.0
1216,-116.25,51.890625,0.0
1217,-120.0,51.890625,0.0
1218,-112.5,51.458203125,0.0
1219,-112.5,51.890625,0.0
1220,-116.25,52.323046875,0.0
1221,-120.0,52.323046875,0.0
1222,-116.25,52.75546875,0.0
1223,-120.0,52.75546875,0.0
1224,-112.5,52.323046875,0.0
1225,-112.5,52.75546875,0.0
1226,-116.25,53.18789062499999,0.0
1227,-120.0,53.18789062499999,0.0
1228,-116.25,53.6203125,0.0
1229,-120.0,53.6203125,0.0
1230,-112.5,53.18789062499999,0.0
1231,-112.5,53.6203125,0.0
1232,-116.25,54.052734375,0.0
1233,-120.0,54.052734375,0.0
1234,-116.25,54.48515625,0.0
1235,-120.0,54.48515625,0.0
1236,-112.5,54.052734375,0.0
1237,-112.5,54.48515625,0.0
1238,-116.25,54.91757812500001,0.0
1239,-120.0,54.91757812500001,0.0
1240,-116.25,55.35,0.0
1241,-120.0,55.35,0.0
1242,-112.5,54.91757812500001,0.0
1243,-112.5,55.35,0.0
1244,-108.75,41.94492187500001,0.0
1245,-108.75,42.37734375,0.0
1246,-105.0,41.94492187500001,0.0
1247,-105.0,42.37734375,0.0
1248,-108.75,42.809765625,0.0
1249,-108.75,43.2421875,0.0
1250,-105.0,42.809765625,0.0
1251,-105.0,43.2421875,0.0
1252,-108.75,43.674609375,0.0
1253,-108.75,44.10703125000001,0.0
1254,-105.0,43.674609375,0.0
1255,-105.0,44.10703125000001,0.0
1256,-108.75,44.53945312500001,0.0
1257,-108.75,44.971875,0.0
1258,-105.0,44.53945312500001,0.0
1259,-105.0,44.971875,0.0
1260,-108.75,45.404296875,0.0
1261,-108.75,45.83671875,0.0
1262,-105.0,45.404296875,0.0
1263,-105.0,45.83671875,0.0
1264,-108.75,46.26914062500001,0.0
1265,-108.75,46.70156250000001,0.0
1266,-105.0,46.26914062500001,0.0
1267,-105.0,46.70156250000001,0.0
1268,-108.75,47.13398437500001,0.0
1269,-108.75,47.56640625000001,0.0
1270,-105.0,47.13398437500001,0.0
1271,-105.0,47.56640625000001,0.0
1272,-108.75,47.998828125,0.0
1273,-108.75,48.43125000000001,0.0
1274,-105.0,47.998828125,0.0
1275,-105.0,48.43125000000001,0.0
1276,-108.75,48.86367187500001,0.0
1277,-108.75,49.29609375,0.0
1278,-105.0,48.86367187500001,0.0
1279,-105.0,49.29609375,0.0
1280,-108.75,49.728515625,0.0
1281,-108.75,50.1609375,0.0
1282,-105.0,49.728515625,0.0
1283,-105.0,50.1609375,0.0
1284,-108.75,50.59335937500001,0.0
1285,-108.75,51.02578125,0.0
1286,-105.0,50.59335937500001,0.0
1287,-105.0,51.02578125,0.0
1288,-108.75,51.458203125,0.0
1289,-108.75,51.890625,0.0
1290,-105.0,51.458203125,0.0
1291,-105.0,51.890625,0.0
1292,-108.75,52.323046875,0.0
1293,-108.75,52.75546875,0.0
1294,-105.0,52.323046875,0.0
1295,-105.0,52.75546875,0.0
1296,-108.75,53.18789062499999,0.0
1297,-108.75,53.6203125,0.0
1298,-105.0,53.18789062499999,0.0
1299,-105.0,53.6203125,0.0
1300,-108.75,54.052734375,0.0
1301,-108.75,54.48515625,0.0
1302,-105.0,54.052734375,0.0
1303,-105.0,54.48515625,0.0
1304,-108.75,54.91757812500001,0.0
1305,-108.75,55.35,0.0
1306,-105.0,54.91757812500001,0.0
1307,-105.0,55.35,0.0
1308,-101.25,28.107421875,0.0
1309,-101.25,28.53984375,0.0
1310,-97.5,28.107421875,0.0
1311,-97.5,28.53984375,0.0
1312,-101.25,28.972265625,0.0
1313,-101.25,29.4046875,0.0
1314,-97.5,28.972265625,0.0
1315,-97.5,29.4046875,0.0
1316,-101.25,29.837109375,0.0
1317,-101.25,30.26953125,0.0
1318,-97.5,29.837109375,0.0
1319,-97.5,30.26953125,0.0
1320,-101.25,30.701953125,0.0
1321,-101.25,31.134375,0.0
1322,-97.5,30.701953125,0.0
1323,-97.5,31.134375,0.0
1324,-101.25,31.566796875,0.0
1325,-101.25,31.99921875,0.0
1326,-97.5,31.566796875,0.0
1327,-97.5,31.99921875,0.0
1328,-101.25,32.431640625,0.0
1329,-101.25,32.8640625,0.0
1330,-97.5,32.431640625,0.0
1331,-97.5,32.8640625,0.0
1332,-101.25,33.29648437500001,0.0
1333,-101.25,33.72890625,0.0
1334,-97.5,33.29648437500001,0.0
1335,-97.5,33.72890625,0.0
1336,-101.25,34.161328125,0.0
1337,-101.25,34.59375,0.0
1338,-97.5,34.161328125,0.0
1339,-97.5,34.59375,0.0
1340,-101.25,35.026171875,0.0
1341,-101.25,35.45859375,0.0
1342,-97.5,35.026171875,0.0
1343,-97.5,35.45859375,0.0
1344,-101.25,35.89101562499999,0.0
1345,-101.25,36.3234375,0.0
1346,-97.5,35.89101562499999,0.0
1347,-97.5,36.3234375,0.0
1348,-101.25,36.755859375,0.0
1349,-101.25,37.18828125,0.0
1350,-97.5,36.755859375,0.0
1351,-97.5,37.18828125,0.0
1352,-101.25,37.62070312500001,0.0
1353,-101.25,38.053125,0.0
1354,-97.5,37.62070312500001,0.0
1355,-97.5,38.053125,0.0
1356,-101.25,38.485546875,0.0
1357,-101.25,38.91796875,0.0
1358,-97.5,38.485546875,0.0
1359,-97.5,38.91796875,0.0
1360,-101.25,39.350390625,0.0
1361,-101.25,39.78281250000001,0.0
1362,-97.5,39.350390625,0.0
1363,-97.5,39.78281250000001,0.0
1364,-101.25,40.21523437500001,0.0
1365,-101.25,40.64765625,0.0
1366,-97.5,40.21523437500001,0.0
1367,-97.5,40.64765625,0.0
1368,-101.25,41.080078125,0.0
1369,-101.25,41.5125,0.0
1370,-97.5,41.080078125,0.0
1371,-97.5,41.5125,0.0
1372,-93.75,28.107421875,0.0
1373,-93.75,28.53984375,0.0
1374,-90.0,28.107421875,0.0
1375,-90.0,28.53984375,0.0
1376,-93.75,28.972265625,0.0
1377,-93.75,29.4046875,0.0
1378,-90.0,28.972265625,0.0
1379,-90.0,29.4046875,0.0
1380,-93.75,29.837109375,0.0
1381,-93.75,30.26953125,0.0
1382,-90.0,29.837109375,0.0
1383,-90.0,30.26953125,0.0
1384,-93.75,30.701953125,0.0
1385,-93.75,31.134375,0.0
1386,-90.0,30.701953125,0.0
1387,-90.0,31.134375,0.0
1388,-93.75,31.566796875,0.0
1389,-93.75,31.99921875,0.0
1390,-90.0,31.566796875,0.0
1391,-90.0,31.99921875,0.0
1392,-93.75,32.431640625,0.0
1393,-93.75,32.8640625,0.0
1394,-90.0,32.431640625,0.0
1395,-90.0,32.8640625,0.0
1396,-93.75,33.29648437500001,0.0
1397,-93.75,33.72890625,0.0
1398,-90.0,33.29648437500001,0.0
1399,-90.0,33.72890625,0.0
1400,-93.75,34.161328125,0.0
1401,-93.75,34.59375,0.0
1402,-90.0,34.161328125,0.0
1403,-90.0,34.59375,0.0
1404,-93.75,35.026171875,0.0
1405,-93.75,35.45859375,0.0
1406,-90.0,35.026171875,0.0
1407,-90.0,35.45859375,0.0
1408,-93.75,35.89101562499999,0.0
1409,-93.75,36.3234375,0.0
1410,-90.0,35.89101562499999,0.0
1411,-90.0,36.3234375,0.0
1412,-93.75,36.755859375,0.0
1413,-93.75,37.18828125,0.0
1414,-90.0,36.755859375,0.0
1415,-90.0,37.18828125,0.0
1416,-93.75,37.62070312500001,0.0
1417,-93.75,38.053125,0.0
1418,-90.0,37.62070312500001,0.0
1419,-90.0,38.053125,0.0
1420,-93.75,38.485546875,0.0
1421,-93.75,38.91796875,0.0
1422,-90.0,38.485546875,0.0
1423,-90.0,38.91796875,0.0
1424,-93.75,39.350390625,0.0
1425,-93.75,39.78281250000001,0.0
1426,-90.0,39.350390625,0.0
1427,-90.0,39.78281250000001,0.0
1428,-93.75,40.21523437500001,0.0
1429,-93.75,40.64765625,0.0
1430,-90.0,40.21523437500001,0.0
1431,-90.0,40.64765625,0.0
1432,-93.75,41.080078125,0.0
1433,-93.75,41.5125,0.0
1434,-90.0,41.080078125,0.0
1435,-90.0,41.5125,0.0
1436,-101.25,41.94492187500001,0.0
1437,-101.25,42.37734375,0.0
1438,-97.5,41.94492187500001,0.0
1439,-97.5,42.37734375,0.0
1440,-101.25,42.809765625,0.0
1441,-101.25,43.2421875,0.0
1442,-97.5,42.809765625,0.0
1443,-97.5,43.2421875,0.0
1444,-101.25,43.674609375,0.0
1445,-101.25,44.10703125000001,0.0
1446,-97.5,43.674609375,0.0
1447,-97.5,44.10703125000001,0.0
1448,-101.25,44.53945312500001,0.0
1449,-101.25,44.971875,0.0
1450,-97.5,44.53945312500001,0.0
1451,-97.5,44.971875,0.0
1452,-101.25,45.404296875,0.0
1453,-101.25,45.83671875,0.0
1454,-97.5,45.404296875,0.0
1455,-97.5,45.83671875,0.0
1456,-101.25,46.26914062500001,0.0
1457,-101.25,46.70156250000001,0.0
1458,-97.5,46.26914062500001,0.0
1459,-97.5,46.70156250000001,0.0
1460,-101.25,47.13398437500001,0.0
1461,-101.25,47.56640625000001,0.0
1462,-97.5,47.13398437500001,0.0
1463,-97.5,47.56640625000001,0.0
1464,-101.25,47.998828125,0.0
1465,-101.25,48.43125000000001,0.0
1466,-97.5,47.998828125,0.0
1467,-97.5,48.43125000000001,0.0
1468,-101.25,48.86367187500001,0.0
1469,-101.25,49.29609375,0.0
1470,-97.5,48.86367187500001,0.0
1471,-97.5,49.29609375,0.0
1472,-101.25,49.728515625,0.0
1473,-101.25,50.1609375,0.0
1474,-97.5,49.728515625,0.0
1475,-97.5,50.1609375,0.0
1476,-101.25,50.59335937500001,0.0
1477,-101.25,51.02578125,0.0
1478,-97.5,50.59335937500001,0.0
1479,-97.5,51.02578125,0.0
1480,-101.25,51.458203125,0.0
1481,-101.25,51.890625,0.0
1482,-97.5,51.458203125,0.0
1483,-97.5,51.890625,0.0
1484,-101.25,52.323046875,0.0
1485,-101.25,52.75546875,0.0
1486,-97.5,52.323046875,0.0
1487,-97.5,52.75546875,0.0
1488,-101.25,53.18789062499999,0.0
1489,-101.25,53.6203125,0.0
1490,-97.5,53.18789062499999,0.0
1491,-97.5,53.6203125,0.0
1492,-101.25,54.052734375,0.0
1493,-101.25,54.48515625,0.0
1494,-97.5,54.052734375,0.0
1495,-97.5,54.48515625,0.0
1496,-101.25,54.91757812500001,0.0
1497,-101.25,55.35,0.0
1498,-97.5,54.91757812500001,0.0
1499,-97.5,55.35,0.0
1500,-93.75,41.94492187500001,0.0
1501,-93.75,42.37734375,0.0
1502,-90.0,41.94492187500001,0.0
1503,-90.0,42.37734375,0.0
1504,-93.75,42.809765625,0.0
1505,-93.75,43.2421875,0.0
1506,-90.0,42.809765625,0.0
1507,-90.0,43.2421875,0.0
1508,-93.75,43.674609375,0.0
1509,-93.75,44.10703125000001,0.0
1510,-90.0,43.674609375,0.0
1511,-90.0,44.10703125000001,0.0
1512,-93.75,44.53945312500001,0.0
1513,-93.75,44.971875,0.0
1514,-90.0,44.53945312500001,0.0
1515,-90.0,44.971875,0.0
1516,-93.75,45.404296875,0.0
1517,-93.75,45.83671875,0.0
1518,-90.0,45.404296875,0.0
1519,-90.0,45.83671875,0.0
1520,-93.75,46.26914062500001,0.0
1521,-93.75,46.70156250000001,0.0
1522,-90.0,46.26914062500001,0.0
1523,-90.0,46.70156250000001,0.0
1524,-93.75,47.13398437500001,0.0
1525,-93.75,47.56640625000001,0.0
1526,-90.0,47.13398437500001,0.0
1527,-90.0,47.56640625000001,0.0
1528,-93.75,47.998828125,0.0
1529,-93.75,48.43125000000001,0.0
1530,-90.0,47.998828125,0.0
1531,-90.0,48.43125000000001,0.0
1532,-93.75,48.86367187500001,0.0
1533,-93.75,49.29609375,0.0
1534,-90.0,48.86367187500001,0.0
1535,-90.0,49.29609375,0.0
1536,-93.75,49.728515625,0.0
1537,-93.75,50.1609375,0.0
1538,-90.0,49.728515625,0.0
1539,-90.0,50.1609375,0.0
1540,-93.75,50.59335937500001,0.0
1541,-93.75,51.02578125,0.0
1542,-90.0,50.59335937500001,0.0
1543,-90.0,51.02578125,0.0
1544,-93.75,51.458203125,0.0
1545,-93.75,51.890625,0.0
1546,-90.0,51.458203125,0.0
1547,-90.0,51.890625,0.0
1548,-93.75,52.323046875,0.0
1549,-93.75,52.75546875,0.0
1550,-90.0,52.323046875,0.0
1551,-90.0,52.75546875,0.0
1552,-93.75,53.18789062499999,0.0
1553,-93.75,53.6203125,0.0
1554,-90.0,53.18789062499999,0.0
1555,-90.0,53.6203125,0.0
1556,-93.75,54.052734375,0.0
1557,-93.75,54.48515625,0.0
1558,-90.0,54.052734375,0.0
1559,-90.0,54.48515625,0.0
1560,-93.75,54.91757812500001,0.0
1561,-93.75,55.35,0.0
1562,-90.0,54.91757812500001,0.0
1563,-90.0,55.35,0.0
1564,-86.25,0.01351318359375,0.0
1565,-86.25,-0.0,0.0
1566,-86.25,0.0270263671875,0.0
1567,-82.5,0.01351318359375,0.0
1568,-82.5,-0.0,0.0
1569,-82.5,0.0270263671875,0.0
1570,-86.25,0.04053955078125,0.0
1571,-86.25,0.054052734375,0.0
1572,-82.5,0.04053955078125,0.0
1573,-82.5,0.054052734375,0.0
1574,-86.25,0.06756591796875,0.0
1575,-86.25,0.0810791015625,0.0
1576,-82.5,0.06756591796875,0.0
1577,-82.5,0.0810791015625,0.0
1578,-86.25,0.09459228515625001,0.0
1579,-82.5,0.09459228515625001,0.0
1580,-86.25,0.101348876953125,0.0
1581,-86.25,0.10810546875,0.0
1582,-82.5,0.101348876953125,0.0
1583,-82.5,0.10810546875,0.0
1584,-86.25,0.114862060546875,0.0
1585,-86.25,0.12161865234375,0.0
1586,-82.5,0.114862060546875,0.0
1587,-82.5,0.12161865234375,0.0
1588,-86.25,0.128375244140625,0.0
1589,-86.25,0.1351318359375,0.0
1590,-82.5,0.128375244140625,0.0
1591,-82.5,0.1351318359375,0.0
1592,-86.25,0.141888427734375,0.0
1593,-86.25,0.14864501953125,0.0
1594,-82.5,0.141888427734375,0.0
1595,-82.5,0.14864501953125,0.0
1596,-86.25,0.155401611328125,0.0
1597,-86.25,0.162158203125,0.0
1598,-82.5,0.155401611328125,0.0
1599,-82.5,0.162158203125,0.0
1600,-86.25,0.168914794921875,0.0
1601,-86.25,0.17567138671875,0.0
1602,-82.5,0.168914794921875,0.0
1603,-82.5,0.17567138671875,0.0
1604,-86.25,0.182427978515625,0.0
1605,-86.25,0.1891845703125,0.0
1606,-82.5,0.182427978515625,0.0
1607,-82.5,0.1891845703125,0.0
1608,-86.25,0.195941162109375,0.0
1609,-86.25,0.2,0.0
1610,-86.25,0.20269775390625,0.0
1611,-82.5,0.195941162109375,0.0
1612,-82.5,0.2,0.0
1613,-82.5,0.20269775390625,0.0
1614,-86.25,0.209454345703125,0.0
1615,-86.25,0.2162109375,0.0
1616,-82.5,0.209454345703125,0.0
1617,-82.5,0.2162109375,0.0
1618,-86.25,0.222967529296875,0.0
1619,-86.25,0.22972412109375,0.0
1620,-82.5,0.222967529296875,0.0
1621,-82.5,0.22972412109375,0.0
1622,-86.25,0.236480712890625,0.0
1623,-86.25,0.2432373046875,0.0
1624,-82.5,0.236480712890625,0.0
1625,-82.5,0.2432373046875,0.0
1626,-86.25,0.249993896484375,0.0
1627,-86.25,0.25675048828125,0.0
1628,-82.5,0.249993896484375,0.0
1629,-82.5,0.25675048828125,0.0
1630,-86.25,0.263507080078125,0.0
1631,-86.25,0.270263671875,0.0
1632,-82.5,0.263507080078125,0.0
1633,-82.5,0.270263671875,0.0
1634,-86.25,0.277020263671875,0.0
1635,-86.25,0.28377685546875,0.0
1636,-82.5,0.277020263671875,0.0
1637,-82.5,0.28377685546875,0.0
1638,-86.25,0.290533447265625,0.0
1639,-86.25,0.2972900390625,0.0
1640,-82.5,0.290533447265625,0.0
1641,-82.5,0.2972900390625,0.0
1642,-86.25,0.304046630859375,0.0
1643,-86.25,0.31080322265625,0.0
1644,-82.5,0.304046630859375,0.0
1645,-82.5,0.31080322265625,0.0
1646,-86.25,0.32431640625,0.0
1647,-82.5,0.32431640625,0.0
1648,-86.25,0.3513427734375,0.0
1649,-82.5,0.3513427734375,0.0
1650,-86.25,0.378369140625,0.0
1651,-82.5,0.378369140625,0.0
1652,-86.25,0.432421875,0.0
1653,-82.5,0.432421875,0.0
1654,-86.25,0.54052734375,0.0
1655,-82.5,0.54052734375,0.0
1656,-86.25,0.6486328125,0.0
1657,-82.5,0.6486328125,0.0
1658,-86.25,0.86484375,0.0
1659,-82.5,0.86484375,0.0
1660,-86.25,1.297265625,0.0
1661,-82.5,1.297265625,0.0
1662,-86.25,1.7296875,0.0
1663,-82.5,1.7296875,0.0
1664,-86.25,2.162109375,0.0
1665,-86.25,2.59453125,0.0
1666,-82.5,2.162109375,0.0
1667,-82.5,2.59453125,0.0
1668,-86.25,3.026953125,0.0
1669,-86.25,3.459375,0.0
1670,-82.5,3.026953125,0.0
1671,-82.5,3.459375,0.0
1672,-86.25,3.891796875,0.0
1673,-86.25,4.32421875,0.0
1674,-82.5,3.891796875,0.0
1675,-82.5,4.32421875,0.0
1676,-86.25,4.756640625,0.0
1677,-86.25,5.1890625,0.0
1678,-82.5,4.756640625,0.0
1679,-82.5,5.1890625,0.0
1680,-86.25,5.621484375000001,0.0
1681,-86.25,6.053906250000001,0.0
1682,-82.5,5.621484375000001,0.0
1683,-82.5,6.053906250000001,0.0
1684,-86.25,6.486328125,0.0
1685,-86.25,6.91875,0.0
1686,-82.5,6.486328125,0.0
1687,-82.5,6.91875,0.0
1688,-86.25,7.351171875,0.0
1689,-86.25,7.78359375,0.0
1690,-82.5,7.351171875,0.0
1691,-82.5,7.78359375,0.0
1692,-86.25,8.216015625,0.0
1693,-86.25,8.6484375,0.0
1694,-82.5,8.216015625,0.0
1695,-82.5,8.6484375,0.0
1696,-86.25,9.080859375,0.0
1697,-86.25,9.51328125,0.0
1698,-82.5,9.080859375,0.0
1699,-82.5,9.51328125,0.0
1700,-86.25,9.945703125000001,0.0
1701,-86.25,10.378125,0.0
1702,-82.5,9.945703125000001,0.0
1703,-82.5,10.378125,0.0
1704,-86.25,10.810546875,0.0
1705,-86.25,11.24296875,0.0
1706,-82.5,10.810546875,0.0
1707,-82.5,11.24296875,0.0
1708,-86.25,11.675390625,0.0
1709,-86.25,12.1078125,0.0
1710,-82.5,11.675390625,0.0
1711,-82.5,12.1078125,0.0
1712,-86.25,12.540234375,0.0
1713,-86.25,12.97265625,0.0
1714,-82.5,12.540234375,0.0
1715,-82.5,12.97265625,0.0
1716,-86.25,13.405078125,0.0
1717,-86.25,13.8375,0.0
1718,-82.5,13.405078125,0.0
1719,-82.5,13.8375,0.0
1720,-78.75,0.01351318359375,0.0
1721,-78.75,-0.0,0.0
1722,-78.75,0.0270263671875,0.0
1723,-75.0,0.01351318359375,0.0
1724,-75.0,-0.0,0.0
1725,-75.0,0.0270263671875,0.0
1726,-78.75,0.04053955078125,0.0
1727,-78.75,0.054052734375,0.0
1728,-75.0,0.04053955078125,0.0
1729,-75.0,0.054052734375,0.0
1730,-78.75,0.06756591796875,0.0
1731,-78.75,0.0810791015625,0.0
1732,-75.0,0.06756591796875,0.0
1733,-75.0,0.0810791015625,0.0
1734,-78.75,0.09459228515625001,0.0
1735,-75.0,0.09459228515625001,0.0
1736,-78.75,0.101348876953125,0.0
1737,-78.75,0.10810546875,0.0
1738,-75.0,0.101348876953125,0.0
1739,-75.0,0.10810546875,0.0
1740,-78.75,0.114862060546875,0.0
1741,-78.75,0.12161865234375,0.0
1742,-75.0,0.114862060546875,0.0
1743,-75.0,0.12161865234375,0.0
1744,-78.75,0.128375244140625,0.0
1745,-78.75,0.1351318359375,0.0
1746,-75.0,0.128375244140625,0.0
1747,-75.0,0.1351318359375,0.0
1748,-78.75,0.141888427734375,0.0
1749,-78.75,0.14864501953125,0.0
1750,-75.0,0.141888427734375,0.0
1751,-75.0,0.14864501953125,0.0
1752,-78.75,0.155401611328125,0.0
1753,-78.75,0.162158203125,0.0
1754,-75.0,0.155401611328125,0.0
1755,-75.0,0.162158203125,0.0
1756,-78.75,0.168914794921875,0.0
1757,-78.75,0.17567138671875,0.0
1758,-75.0,0.168914794921875,0.0
1759,-75.0,0.17567138671875,0.0
1760,-78.75,0.182427978515625,0.0
1761,-78.75,0.1891845703125,0.0
1762,-75.0,0.182427978515625,0.0
1763,-75.0,0.1891845703125,0.0
1764,-78.75,0.195941162109375,0.0
1765,-78.75,0.2,0.0
1766,-78.75,0.20269775390625,0.0
1767,-75.0,0.195941162109375,0.0
1768,-75.0,0.2,0.0
1769,-75.0,0.20269775390625,0.0
1770,-78.75,0.209454345703125,0.0
1771,-78.75,0.2162109375,0.0
1772,-75.0,0.209454345703125,0.0
1773,-75.0,0.2162109375,0.0
1774,-78.75,0.222967529296875,0.0
1775,-78.75,0.22972412109375,0.0
1776,-75.0,0.222967529296875,0.0
1777,-75.0,0.22972412109375,0.0
1778,-78.75,0.236480712890625,0.0
1779,-78.75,0.2432373046875,0.0
1780,-75.0,0.236480712890625,0.0
1781,-75.0,0.2432373046875,0.0
1782,-78.75,0.249993896484375,0.0
1783,-78.75,0.25675048828125,0.0
1784,-75.0,0.249993896484375,0.0
1785,-75.0,0.25675048828125,0.0
1786,-78.75,0.263507080078125,0.0
1787,-78.75,0.270263671875,0.0
1788,-75.0,0.263507080078125,0.0
1789,-75.0,0.270263671875,0.0
1790,-78.75,0.277020263671875,0.0
1791,-78.75,0.28377685546875,0.0
1792,-75.0,0.277020263671875,0.0
1793,-75.0,0.28377685546875,0.0
1794,-78.75,0.290533447265625,0.0
1795,-78.75,0.2972900390625,0.0
1796,-75.0,0.290533447265625,0.0
1797,-75.0,0.2972900390625,0.0
1798,-78.75,0.304046630859375,0.0
1799,-78.75,0.31080322265625,0.0
1800,-75.0,0.304046630859375,0.0
1801,-75.0,0.31080322265625,0.0
1802,-78.75,0.32431640625,0.0
1803,-75.0,0.32431640625,0.0
1804,-78.75,0.3513427734375,0.0
1805,-75.0,0.3513427734375,0.0
1806,-78.75,0.378369140625,0.0
1807,-75.0,0.378369140625,0.0
1808,-78.75,0.432421875,0.0
1809,-75.0,0.432421875,0.0
1810,-78.75,0.54052734375,0.0
1811,-75.0,0.54052734375,0.0
1812,-78.75,0.6486328125,0.0
1813,-75.0,0.6486328125,0.0
1814,-78.75,0.86484375,0.0
1815,-75.0,0.86484375,0.0
1816,-78.75,1.297265625,0.0
1817,-75.0,1.297265625,0.0
1818,-78.75,1.7296875,0.0
1819,-75.0,1.7296875,0.0
1820,-78.75,2.162109375,0.0
1821,-78.75,2.59453125,0.0
1822,-75.0,2.162109375,0.0
1823,-75.0,2.59453125,0.0
1824,-78.75,3.026953125,0.0
1825,-78.75,3.459375,0.0
1826,-75.0,3.026953125,0.0
1827,-75.0,3.459375,0.0
1828,-78.75,3.891796875,0.0
1829,-78.75,4.32421875,0.0
1830,-75.0,3.891796875,0.0
1831,-75.0,4.32421875,0.0
1832,-78.75,4.756640625,0.0
1833,-78.75,5.1890625,0.0
1834,-75.0,4.756640625,0.0
1835,-75.0,5.1890625,0.0
1836,-78.75,5.621484375000001,0.0
1837,-78.75,6.053906250000001,0.0
1838,-75.0,5.621484375000001,0.0
1839,-75.0,6.053906250000001,0.0
1840,-78.75,6.486328125,0.0
1841,-78.75,6.91875,0.0
1842,-75.0,6.486328125,0.0
1843,-75.0,6.91875,0.0
1844,-78.75,7.351171875,0.0
1845,-78.75,7.78359375,0.0
1846,-75.0,7.351171875,0.0
1847,-75.0,7.78359375,0.0
1848,-78.75,8.216015625,0.0
1849,-78.75,8.6484375,0.0
1850,-75.0,8.216015625,0.0
1851,-75.0,8.6484375,0.0
1852,-78.75,9.080859375,0.0
1853,-78.75,9.51328125,0.0
1854,-75.0,9.080859375,0.0
1855,-75.0,9.51328125,0.0
1856,-78.75,9.945703125000001,0.0
1857,-78.75,10.378125,0.0
1858,-75.0,9.945703125000001,0.0
1859,-75.0,10.378125,0.0
1860,-78.75,10.810546875,0.0
1861,-78.75,11.24296875,0.0
1862,-75.0,10.810546875,0.0
1863,-75.0,11.24296875,0.0
1864,-78.75,11.675390625,0.0
1865,-78.75,12.1078125,0.0
1866,-75.0,11.675390625,0.0
1867,-75.0,12.1078125,0.0
1868,-78.75,12.540234375,0.0
1869,-78.75,12.97265625,0.0
1870,-75.0,12.540234375,0.0
1871,-75.0,12.97265625,0.0
1872,-78.75,13.405078125,0.0
1873,-78.75,13.8375,0.0
1874,-75.0,13.405078125,0.0
1875,-75.0,13.8375,0.0
1876,-86.25,14.269921875,0.0
1877,-86.25,14.70234375,0.0
1878,-82.5,14.269921875,0.0
1879,-82.5,14.70234375,0.0
1880,-86.25,15.134765625,0.0
1881,-86.25,15.5671875,0.0
1882,-82.5,15.134765625,0.0
1883,-82.5,15.5671875,0.0
1884,-86.25,15.999609375,0.0
1885,-86.25,16.43203125,0.0
1886,-82.5,15.999609375,0.0
1887,-82.5,16.43203125,0.0
1888,-86.25,16.864453125,0.0
1889,-86.25,17.296875,0.0
1890,-82.5,16.864453125,0.0
1891,-82.5,17.296875,0.0
1892,-86.25,17.729296875,0.0
1893,-86.25,18.16171875,0.0
1894,-82.5,17.729296875,0.0
1895,-82.5,18.16171875,0.0
1896,-86.25,18.594140625,0.0
1897,-86.25,19.0265625,0.0
1898,-82.5,18.594140625,0.0
1899,-82.5,19.0265625,0.0
1900,-86.25,19.458984375,0.0
1901,-86.25,19.89140625,0.0
1902,-82.5,19.458984375,0.0
1903,-82.5,19.89140625,0.0
1904,-86.25,20.323828125,0.0
1905,-86.25,20.75625,0.0
1906,-82.5,20.323828125,0.0
1907,-82.5,20.75625,0.0
1908,-86.25,21.188671875,0.0
1909,-86.25,21.62109375,0.0
1910,-82.5,21.188671875,0.0
1911,-82.5,21.62109375,0.0
1912,-86.25,22.053515625,0.0
1913,-86.25,22.4859375,0.0
1914,-82.5,22.053515625,0.0
1915,-82.5,22.4859375,0.0
1916,-86.25,22.918359375,0.0
1917,-86.25,23.35078125,0.0
1918,-82.5,22.918359375,0.0
1919,-82.5,23.35078125,0.0
1920,-86.25,23.783203125,0.0
1921,-86.25,24.215625,0.0
1922,-82.5,23.783203125,0.0
1923,-82.5,24.215625,0.0
1924,-86.25,24.648046875,0.0
1925,-86.25,25.08046875,0.0
1926,-82.5,24.648046875,0.0
1927,-82.5,25.08046875,0.0
1928,-86.25,25.512890625,0.0
1929,-86.25,25.9453125,0.0
1930,-82.5,25.512890625,0.0
1931,-82.5,25.9453125,0.0
1932,-86.25,26.377734375,0.0
1933,-86.25,26.81015625,0.0
1934,-82.5,26.377734375,0.0
1935,-82.5,26.81015625,0.0
1936,-86.25,27.242578125,0.0
1937,-86.25,27.675,0.0
1938,-82.5,27.242578125,0.0
1939,-82.5,27.675,0.0
1940,-78.75,14.269921875,0.0
1941,-78.75,14.70234375,0.0
1942,-75.0,14.269921875,0.0
1943,-75.0,14.70234375,0.0
1944,-78.75,15.134765625,0.0
1945,-78.75,15.5671875,0.0
1946,-75.0,15.134765625,0.0
1947,-75.0,15.5671875,0.0
1948,-78.75,15.999609375,0.0
1949,-78.75,16.43203125,0.0
1950,-75.0,15.999609375,0.0
1951,-75.0,16.43203125,0.0
1952,-78.75,16.864453125,0.0
1953,-78.75,17.296875,0.0
1954,-75.0,16.864453125,0.0
1955,-75.0,17.296875,0.0
1956,-78.75,17.729296875,0.0
1957,-78.75,18.16171875,0.0
1958,-75.0,17.729296875,0.0
1959,-75.0,18.16171875,0.0
1960,-78.75,18.594140625,0.0
1961,-78.75,19.0265625,0.0
1962,-75.0,18.594140625,0.0
1963,-75.0,19.0265625,0.0
1964,-78.75,19.458984375,0.0
1965,-78.75,19.89140625,0.0
1966,-75.0,19.458984375,0.0
1967,-75.0,19.89140625,0.0
1968,-78.75,20.323828125,0.0
1969,-78.75,20.75625,0.0
1970,-75.0,20.323828125,0.0
1971,-75.0,20.75625,0.0
1972,-78.75,21.188671875,0.0
1973,-78.75,21.62109375,0.0
1974,-75.0,21.188671875,0.0
1975,-75.0,21.62109375,0.0
1976,-78.75,22.053515625,0.0
1977,-78.75,22.4859375,0.0
1978,-75.0,22.053515625,0.0
1979,-75.0,22.4859375,0.0
1980,-78.75,22.918359375,0.0
1981,-78.75,23.35078125,0.0
1982,-75.0,22.918359375,0.0
1983,-75.0,23.35078125,0.0
1984,-78.75,23.783203125,0.0
1985,-78.75,24.215625,0.0
1986,-75.0,23.783203125,0.0
1987,-75.0,24.215625,0.0
1988,-78.75,24.648046875,0.0
1989,-78.75,25.08046875,0.0
1990,-75.0,24.648046875,0.0
1991,-75.0,25.08046875,0.0
1992,-78.75,25.512890625,0.0
1993,-78.75,25.9453125,0.0
1994,-75.0,25.512890625,0.0
1995,-75.0,25.9453125,0.0
1996,-78.75,26.377734375,0.0
1997,-78.75,26.81015625,0.0
1998,-75.0,26.377734375,0.0
1999,-75.0,26.81015625,0.0
2000,-78.75,27.242578125,0.0
2001,-78.75,27.675,0.0
2002,-75.0,27.242578125,0.0
2003,-75.0,27.675,0.0
2004,-71.25,0.01351318359375,0.0
2005,-71.25,-0.0,0.0
2006,-71.25,0.0270263671875,0.0
2007,-67.5,0.01351318359375,0.0
2008,-67.5,-0.0,0.0
2009,-67.5,0.0270263671875,0.0
2010,-71.25,0.04053955078125,0.0
2011,-71.25,0.054052734375,0.0
2012,-67.5,0.04053955078125,0.0
2013,-67.5,0.054052734375,0.0
2014,-71.25,0.06756591796875,0.0
2015,-71.25,0.0810791015625,0.0
2016,-67.5,0.06756591796875,0.0
2017,-67.5,0.0810791015625,0.0
2018,-71.25,0.09459228515625001,0.0
2019,-67.5,0.09459228515625001,0.0
2020,-71.25,0.101348876953125,0.0
2021,-71.25,0.10810546875,0.0
2022,-67.5,0.101348876953125,0.0
2023,-67.5,0.10810546875,0.0
2024,-71.25,0.114862060546875,0.0
2025,-71.25,0.12161865234375,0.0
2026,-67.5,0.114862060546875,0.0
2027,-67.5,0.12161865234375,0.0
2028,-71.25,0.128375244140625,0.0
2029,-71.25,0.1351318359375,0.0
2030,-67.5,0.128375244140625,0.0
2031,-67.5,0.1351318359375,0.0
2032,-71.25,0.141888427734375,0.0
2033,-71.25,0.14864501953125,0.0
2034,-67.5,0.141888427734375,0.0
2035,-67.5,0.14864501953125,0.0
2036,-71.25,0.155401611328125,0.0
2037,-71.25,0.162158203125,0.0
2038,-67.5,0.155401611328125,0.0
2039,-67.5,0.162158203125,0.0
2040,-71.25,0.168914794921875,0.0
2041,-71.25,0.17567138671875,0.0
2042,-67.5,0.168914794921875,0.0
2043,-67.5,0.17567138671875,0.0
2044,-71.25,0.182427978515625,0.0
2045,-71.25,0.1891845703125,0.0
2046,-67.5,0.182427978515625,0.0
2047,-67.5,0.1891845703125,0.0
2048,-71.25,0.195941162109375,0.0
2049,-71.25,0.2,0.0
2050,-71.25,0.20269775390625,0.0
2051,-67.5,0.195941162109375,0.0
2052,-67.5,0.2,0.0
2053,-67.5,0.20269775390625,0.0
2054,-71.25,0.209454345703125,0.0
2055,-71.25,0.2162109375,0.0
2056,-67.5,0.209454345703125,0.0
2057,-67.5,0.2162109375,0.0
2058,-71.25,0.222967529296875,0.0
2059,-71.25,0.22972412109375,0.0
2060,-67.5,0.222967529296875,0.0
2061,-67.5,0.22972412109375,0.0
2062,-71.25,0.236480712890625,0.0
2063,-71.25,0.2432373046875,0.0
2064,-67.5,0.236480712890625,0.0
2065,-67.5,0.2432373046875,0.0
2066,-71.25,0.249993896484375,0.0
2067,-71.25,0.25675048828125,0.0
2068,-67.5,0.249993896484375,0.0
2069,-67.5,0.25675048828125,0.0
2070,-71.25,0.263507080078125,0.0
2071,-71.25,0.270263671875,0.0
2072,-67.5,0.263507080078125,0.0
2073,-67.5,0.270263671875,0.0
2074,-71.25,0.277020263671875,0.0
2075,-71.25,0.28377685546875,0.0
2076,-67.5,0.277020263671875,0.0
2077,-67.5,0.28377685546875,0.0
2078,-71.25,0.290533447265625,0.0
2079,-71.25,0.2972900390625,0.0
2080,-67.5,0.290533447265625,0.0
2081,-67.5,0.2972900390625,0.0
2082,-71.25,0.304046630859375,0.0
2083,-71.25,0.31080322265625,0.0
2084,-67.5,0.304046630859375,0.0
2085,-67.5,0.31080322265625,0.0
2086,-71.25,0.32431640625,0.0
2087,-67.5,0.32431640625,0.0
2088,-71.25,0.3513427734375,0.0
2089,-67.5,0.3513427734375,0.0
2090,-71.25,0.378369140625,0.0
2091,-67.5,0.378369140625,0.0
2092,-71.25,0.432421875,0.0
2093,-67.5,0.432421875,0.0
2094,-71.25,0.54052734375,0.0
2095,-67.5,0.54052734375,0.0
2096,-71.25,0.6486328125,0.0
2097,-67.5,0.6486328125,0.0
2098,-71.25,0.86484375,0.0
2099,-67.5,0.86484375,0.0
2100,-71.25,1.297265625,0.0
2101,-67.5,1.297265625,0.0
2102,-71.25,1.7296875,0.0
2103,-67.5,1.7296875,0.0
2104,-71.25,2.162109375,0.0
2105,-71.25,2.59453125,0.0
2106,-67.5,2.162109375,0.0
2107,-67.5,2.59453125,0.0
2108,-71.25,3.026953125,0.0
2109,-71.25,3.459375,0.0
2110,-67.5,3.026953125,0.0
2111,-67.5,3.459375,0.0
2112,-71.25,3.891796875,0.0
2113,-71.25,4.32421875,0.0
2114,-67.5,3.891796875,0.0
2115,-67.5,4.32421875,0.0
2116,-71.25,4.756640625,0.0
2117,-71.25,5.1890625,0.0
2118,-67.5,4.756640625,0.0
2119,-67.5,5.1890625,0.0
2120,-71.25,5.621484375000001,0.0
2121,-71.25,6.053906250000001,0.0
2122,-67.5,5.621484375000001,0.0
2123,-67.5,6.053906250000001,0.0
2124,-71.25,6.486328125,0.0
2125,-71.25,6.91875,0.0
2126,-67.5,6.486328125,0.0
2127,-67.5,6.91875,0.0
2128,-71.25,7.351171875,0.0
2129,-71.25,7.78359375,0.0
2130,-67.5,7.351171875,0.0
2131,-67.5,7.78359375,0.0
2132,-71.25,8.216015625,0.0
2133,-71.25,8.6484375,0.0
2134,-67.5,8.216015625,0.0
2135,-67.5,8.6484375,0.0
2136,-71.25,9.080859375,0.0
2137,-71.25,9.51328125,0.0
2138,-67.5,9.080859375,0.0
2139,-67.5,9.51328125,0.0
2140,-71.25,9.945703125000001,0.0
2141,-71.25,10.378125,0.0
2142,-67.5,9.945703125000001,0.0
2143,-67.5,10.378125,0.0
2144,-71.25,10.810546875,0.0
2145,-71.25,11.24296875,0.0
2146,-67.5,10.810546875,0.0
2147,-67.5,11.24296875,0.0
2148,-71.25,11.675390625,0.0
2149,-71.25,12.1078125,0.0
2150,-67.5,11.675390625,0.0
2151,-67.5,12.1078125,0.0
2152,-71.25,12.540234375,0.0
2153,-71.25,12.97265625,0.0
2154,-67.5,12.540234375,0.0
2155,-67.5,12.97265625,0.0
2156,-71.25,13.405078125,0.0
2157,-71.25,13.8375,0.0
2158,-67.5,13.405078125,0.0
2159,-67.5,13.8375,0.0
2160,-63.75,0.01351318359375,0.0
2161,-63.75,-0.0,0.0
2162,-63.75,0.0270263671875,0.0
2163,-60.0,0.01351318359375,0.0
2164,-60.0,-0.0,0.0
2165,-60.0,0.0270263671875,0.0
2166,-63.75,0.04053955078125,0.0
2167,-63.75,0.054052734375,0.0
2168,-60.0,0.04053955078125,0.0
2169,-60.0,0.054052734375,0.0
2170,-63.75,0.06756591796875,0.0
2171,-63.75,0.0810791015625,0.0
2172,-60.0,0.06756591796875,0.0
2173,-60.0,0.0810791015625,0.0
2174,-63.75,0.09459228515625001,0.0
2175,-60.0,0.09459228515625001,0.0
2176,-63.75,0.101348876953125,0.0
2177,-63.75,0.10810546875,0.0
2178,-60.0,0.101348876953125,0.0
2179,-60.0,0.10810546875,0.0
2180,-63.75,0.114862060546875,0.0
2181,-63.75,0.12161865234375,0.0
2182,-60.0,0.114862060546875,0.0
2183,-60.0,0.12161865234375,0.0
2184,-63.75,0.128375244140625,0.0
2185,-63.75,0.1351318359375,0.0
2186,-60.0,0.128375244140625,0.0
2187,-60.0,0.1351318359375,0.0
2188,-63.75,0.141888427734375,0.0
2189,-63.75,0.14864501953125,0.0
2190,-60.0,0.141888427734375,0.0
2191,-60.0,0.14864501953125,0.0
2192,-63.75,0.155401611328125,0.0
2193,-63.75,0.162158203125,0.0
2194,-60.0,0.155401611328125,0.0
2195,-60.0,0.162158203125,0.0
2196,-63.75,0.168914794921875,0.0
2197,-63.75,0.17567138671875,0.0
2198,-60.0,0.168914794921875,0.0
2199,-60.0,0.17567138671875,0.0
2200,-63.75,0.182427978515625,0.0
2201,-63.75,0.1891845703125,0.0
2202,-60.0,0.182427978515625,0.0
2203,-60.0,0.1891845703125,0.0
2204,-63.75,0.195941162109375,0.0
2205,-63.75,0.2,0.0
2206,-63.75,0.20269775390625,0.0
2207,-60.0,0.195941162109375,0.0
2208,-60.0,0.2,0.0
2209,-60.0,0.20269775390625,0.0
2210,-63.75,0.209454345703125,0.0
2211,-63.75,0.2162109375,0.0
2212,-60.0,0.209454345703125,0.0
2213,-60.0,0.2162109375,0.0
2214,-63.75,0.222967529296875,0.0
2215,-63.75,0.22972412109375,0.0
2216,-60.0,0.222967529296875,0.0
2217,-60.0,0.22972412109375,0.0
2218,-63.75,0.236480712890625,0.0
2219,-63.75,0.2432373046875,0.0
2220,-60.0,0.236480712890625,0.0
2221,-60.0,0.2432373046875,0.0
2222,-63.75,0.249993896484375,0.0
2223,-63.75,0.25675048828125,0.0
2224,-60.0,0.249993896484375,0.0
2225,-60.0,0.25675048828125,0.0
2226,-63.75,0.263507080078125,0.0
2227,-63.75,0.270263671875,0.0
2228,-60.0,0.263507080078125,0.0
2229,-60.0,0.270263671875,0.0
2230,-63.75,0.277020263671875,0.0
2231,-63.75,0.28377685546875,0.0
2232,-60.0,0.277020263671875,0.0
2233,-60.0,0.28377685546875,0.0
2234,-63.75,0.290533447265625,0.0
2235,-63.75,0.2972900390625,0.0
2236,-60.0,0.290533447265625,0.0
2237,-60.0,0.2972900390625,0.0
2238,-63.75,0.304046630859375,0.0
2239,-63.75,0.31080322265625,0.0
2240,-60.0,0.304046630859375,0.0
2241,-60.0,0.31080322265625,0.0
2242,-63.75,0.32431640625,0.0
2243,-60.0,0.32431640625,0.0
2244,-63.75,0.3513427734375,0.0
2245,-60.0,0.3513427734375,0.0
2246,-63.75,0.378369140625,0.0
2247,-60.0,0.378369140625,0.0
2248,-63.75,0.432421875,0.0
2249,-60.0,0.432421875,0.0
2250,-63.75,0.54052734375,0.0
2251,-60.0,0.54052734375,0.0
2252,-63.75,0.6486328125,0.0
2253,-60.0,0.6486328125,0.0
2254,-63.75,0.86484375,0.0
2255,-60.0,0.86484375,0.0
2256,-63.75,1.297265625,0.0
2257,-60.0,1.297265625,0.0
2258,-63.75,1.7296875,0.0
2259,-60.0,1.7296875,0.0
2260,-63.75,2.162109375,0.0
2261,-63.75,2.59453125,0.0
2262,-60.0,2.162109375,0.0
2263,-60.0,2.59453125,0.0
2264,-63.75,3.026953125,0.0
2265,-63.75,3.459375,0.0
2266,-60.0,3.026953125,0.0
2267,-60.0,3.459375,0.0
2268,-63.75,3.891796875,0.0
2269,-63.75,4.32421875,0.0
2270,-60.0,3.891796875,0.0
2271,-60.0,4.32421875,0.0
2272,-63.75,4.756640625,0.0
2273,-63.75,5.1890625,0.0
2274,-60.0,4.756640625,0.0
2275,-60.0,5.1890625,0.0
2276,-63.75,5.621484375000001,0.0
2277,-63.75,6.053906250000001,0.0
2278,-60.0,5.621484375000001,0.0
2279,-60.0,6.053906250000001,0.0
2280,-63.75,6.486328125,0.0
2281,-63.75,6.91875,0.0
2282,-60.0,6.486328125,0.0
2283,-60.0,6.91875,0.0
2284,-63.75,7.351171875,0.0
2285,-63.75,7.78359375,0.0
2286,-60.0,7.351171875,0.0
2287,-60.0,7.78359375,0.0
2288,-63.75,8.216015625,0.0
2289,-63.75,8.6484375,0.0
2290,-60.0,8.216015625,0.0
2291,-60.0,8.6484375,0.0
2292,-63.75,9.080859375,0.0
2293,-63.75,9.51328125,0.0
2294,-60.0,9.080859375,0.0
2295,-60.0,9.51328125,0.0
2296,-63.75,9.945703125000001,0.0
2297,-63.75,10.378125,0.0
2298,-60.0,9.945703125000001,0.0
2299,-60.0,10.378125,0.0
2300,-63.75,10.810546875,0.0
2301,-63.75,11.24296875,0.0
2302,-60.0,10.810546875,0.0
2303,-60.0,11.24296875,0.0
2304,-63.75,11.675390625,0.0
2305,-63.75,12.1078125,0.0
2306,-60.0,11.675390625,0.0
2307,-60.0,12.1078125,0.0
2308,-63.75,12.540234375,0.0
2309,-63.75,12.97265625,0.0
2310,-60.0,12.540234375,0.0
2311,-60.0,12.97265625,0.0
2312,-63.75,13.405078125,0.0
2313,-63.75,13.8375,0.0
2314,-60.0,13.405078125,0.0
2315,-60.0,13.8375,0.0
2316,-71.25,14.269921875,0.0
2317,-71.25,14.70234375,0.0
2318,-67.5,14.269921875,0.0
2319,-67.5,14.70234375,0.0
2320,-71.25,15.134765625,0.0
2321,-71.25,15.5671875,0.0
2322,-67.5,15.134765625,0.0
2323,-67.5,15.5671875,0.0
2324,-71.25,15.999609375,0.0
2325,-71.25,16.43203125,0.0
2326,-67.5,15.999609375,0.0
2327,-67.5,16.43203125,0.0
2328,-71.25,16.864453125,0.0
2329,-71.25,17.296875,0.0
2330,-67.5,16.864453125,0.0
2331,-67.5,17.296875,0.0
2332,-71.25,17.729296875,0.0
2333,-71.25,18.16171875,0.0
2334,-67.5,17.729296875,0.0
2335,-67.5,18.16171875,0.0
2336,-71.25,18.594140625,0.0
2337,-71.25,19.0265625,0.0
2338,-67.5,18.594140625,0.0
2339,-67.5,19.0265625,0.0
2340,-71.25,19.458984375,0.0
2341,-71.25,19.89140625,0.0
2342,-67.5,19.458984375,0.0
2343,-67.5,19.89140625,0.0
2344,-71.25,20.323828125,0.0
2345,-71.25,20.75625,0.0
2346,-67.5,20.323828125,0.0
2347,-67.5,20.75625,0.0
2348,-71.25,21.188671875,0.0
2349,-71.25,21.62109375,0.0
2350,-67.5,21.188671875,0.0
2351,-67.5,21.62109375,0.0
2352,-71.25,22.053515625,0.0
2353,-71.25,22.4859375,0.0
2354,-67.5,22.053515625,0.0
2355,-67.5,22.4859375,0.0
2356,-71.25,22.918359375,0.0
2357,-71.25,23.35078125,0.0
2358,-67.5,22.918359375,0.0
2359,-67.5,23.35078125,0.0
2360,-71.25,23.783203125,0.0
2361,-71.25,24.215625,0.0
2362,-67.5,23.783203125,0.0
2363,-67.5,24.215625,0.0
2364,-71.25,24.648046875,0.0
2365,-71.25,25.08046875,0.0
2366,-67.5,24.648046875,0.0
2367,-67.5,25.08046875,0.0
2368,-71.25,25.512890625,0.0
2369,-71.25,25.9453125,0.0
2370,-67.5,25.512890625,0.0
2371,-67.5,25.9453125,0.0
2372,-71.25,26.377734375,0.0
2373,-71.25,26.81015625,0.0
2374,-67.5,26.377734375,0.0
2375,-67.5,26.81015625,0.0
2376,-71.25,27.242578125,0.0
2377,-71.25,27.675,0.0
2378,-67.5,27.242578125,0.0
2379,-67.5,27.675,0.0
2380,-63.75,14.269921875,0.0
2381,-63.75,14.70234375,0.0
2382,-60.0,14.269921875,0.0
2383,-60.0,14.70234375,0.0
2384,-63.75,15.134765625,0.0
2385,-63.75,15.5671875,0.0
2386,-60.0,15.134765625,0.0
2387,-60.0,15.5671875,0.0
2388,-63.75,15.999609375,0.0
2389,-63.75,16.43203125,0.0
2390,-60.0,15.999609375,0.0
2391,-60.0,16.43203125,0.0
2392,-63.75,16.864453125,0.0
2393,-63.75,17.296875,0.0
2394,-60.0,16.864453125,0.0
2395,-60.0,17.296875,0.0
2396,-63.75,17.729296875,0.0
2397,-63.75,18.16171875,0.0
2398,-60.0,17.729296875,0.0
2399,-60.0,18.16171875,0.0
2400,-63.75,18.594140625,0.0
2401,-63.75,19.0265625,0.0
2402,-60.0,18.594140625,0.0
2403,-60.0,19.0265625,0.0
2404,-63.75,19.458984375,0.0
2405,-63.75,19.89140625,0.0
2406,-60.0,19.458984375,0.0
2407,-60.0,19.89140625,0.0
2408,-63.75,20.323828125,0.0
2409,-63.75,20.75625,0.0
2410,-60.0,20.323828125,0.0
2411,-60.0,20.75625,0.0
2412,-63.75,21.188671875,0.0
2413,-63.75,21.62109375,0.0
2414,-60.0,21.188671875,0.0
2415,-60.0,21.62109375,0.0
2416,-63.75,22.053515625,0.0
2417,-63.75,22.4859375,0.0
2418,-60.0,22.053515625,0.0
2419,-60.0,22.4859375,0.0
2420,-63.75,22.918359375,0.0
2421,-63.75,23.35078125,0.0
2422,-60.0,22.918359375,0.0
2423,-60.0,23.35078125,0.0
2424,-63.75,23.783203125,0.0
2425,-63.75,24.215625,0.0
2426,-60.0,23.783203125,0.0
2427,-60.0,24.215625,0.0
2428,-63.75,24.648046875,0.0
2429,-63.75,25.08046875,0.0
2430,-60.0,24.648046875,0.0
2431,-60.0,25.08046875,0.0
2432,-63.75,25.512890625,0.0
2433,-63.75,25.9453125,0.0
2434,-60.0,25.512890625,0.0
2435,-60.0,25.9453125,0.0
2436,-63.75,26.377734375,0.0
2437,-63.75,26.81015625,0.0
2438,-60.0,26.377734375,0.0
2439,-60.0,26.81015625,0.0
2440,-63.75,27.242578125,0.0
2441,-63.75,27.675,0.0
2442,-60.0,27.242578125,0.0
2443,-60.0,27.675,0.0
2444,-86.25,28.107421875,0.0
2445,-86.25,28.53984375,0.0
2446,-82.5,28.107421875,0.0
2447,-82.5,28.53984375,0.0
2448,-86.25,28.972265625,0.0
2449,-86.25,29.4046875,0.0
2450,-82.5,28.972265625,0.0
2451,-82.5,29.4046875,0.0
2452,-86.25,29.837109375,0.0
2453,-86.25,30.26953125,0.0
2454,-82.5,29.837109375,0.0
2455,-82.5,30.26953125,0.0
2456,-86.25,30.701953125,0.0
2457,-86.25,31.134375,0.0
2458,-82.5,30.701953125,0.0
2459,-82.5,31.134375,0.0
2460,-86.25,31.566796875,0.0
2461,-86.25,31.99921875,0.0
2462,-82.5,31.566796875,0.0
2463,-82.5,31.99921875,0.0
2464,-86.25,32.431640625,0.0
2465,-86.25,32.8640625,0.0
2466,-82.5,32.431640625,0.0
2467,-82.5,32.8640625,0.0
2468,-86.25,33.29648437500001,0.0
2469,-86.25,33.72890625,0.0
2470,-82.5,33.29648437500001,0.0
2471,-82.5,33.72890625,0.0
2472,-86.25,34.161328125,0.0
2473,-86.25,34.59375,0.0
2474,-82.5,34.161328125,0.0
2475,-82.5,34.59375,0.0
2476,-86.25,35.026171875,0.0
2477,-86.25,35.45859375,0.0
2478,-82.5,35.026171875,0.0
2479,-82.5,35.45859375,0.0
2480,-86.25,35.89101562499999,0.0
2481,-86.25,36.3234375,0.0
2482,-82.5,35.89101562499999,0.0
2483,-82.5,36.3234375,0.0
2484,-86.25,36.755859375,0.0
2485,-86.25,37.18828125,0.0
2486,-82.5,36.755859375,0.0
2487,-82.5,37.18828125,0.0
2488,-86.25,37.62070312500001,0.0
2489,-86.25,38.053125,0.0
2490,-82.5,37.62070312500001,0.0
2491,-82.5,38.053125,0.0
2492,-86.25,38.485546875,0.0
2493,-86.25,38.91796875,0.0
2494,-82.5,38.485546875,0.0
2495,-82.5,38.91796875,0.0
2496,-86.25,39.350390625,0.0
2497,-86.25,39.78281250000001,0.0
2498,-82.5,39.350390625,0.0
2499,-82.5,39.78281250000001,0.0
2500,-86.25,40.21523437500001,0.0
2501,-86.25,40.64765625,0.0
2502,-82.5,40.21523437500001,0.0
2503,-82.5,40.64765625,0.0
2504,-86.25,41.080078125,0.0
2505,-86.25,41.5125,0.0
2506,-82.5,41.080078125,0.0
2507,-82.5,41.5125,0.0
2508,-78.75,28.107421875,0.0
2509,-78.75,28.53984375,0.0
2510,-75.0,28.107421875,0.0
2511,-75.0,28.53984375,0.0
2512,-78.75,28.972265625,0.0
2513,-78.75,29.4046875,0.0
2514,-75.0,28.972265625,0.0
2515,-75.0,29.4046875,0.0
2516,-78.75,29.837109375,0.0
2517,-78.75,30.26953125,0.0
2518,-75.0,29.837109375,0.0
2519,-75.0,30.26953125,0.0
2520,-78.75,30.701953125,0.0
2521,-78.75,31.134375,0.0
2522,-75.0,30.701953125,0.0
2523,-75.0,31.134375,0.0
2524,-78.75,31.566796875,0.0
2525,-78.75,31.99921875,0.0
2526,-75.0,31.566796875,0.0
2527,-75.0,31.99921875,0.0
2528,-78.75,32.431640625,0.0
2529,-78.75,32.8640625,0.0
2530,-75.0,32.431640625,0.0
2531,-75.0,32.8640625,0.0
2532,-78.75,33.29648437500001,0.0
2533,-78.75,33.72890625,0.0
2534,-75.0,33.29648437500001,0.0
2535,-75.0,33.72890625,0.0
2536,-78.75,34.161328125,0.0
2537,-78.75,34.59375,0.0
2538,-75.0,34.161328125,0.0
2539,-75.0,34.59375,0.0
2540,-78.75,35.026171875,0.0
2541,-78.75,35.45859375,0.0
2542,-75.0,35.026171875,0.0
2543,-75.0,35.45859375,0.0
2544,-78.75,35.89101562499999,0.0
2545,-78.75,36.3234375,0.0
2546,-75.0,35.89101562499999,0.0
2547,-75.0,36.3234375,0.0
2548,-78.75,36.755859375,0.0
2549,-78.75,37.18828125,0.0
2550,-75.0,36.755859375,0.0
2551,-75.0,37.18828125,0.0
2552,-78.75,37.62070312500001,0.0
2553,-78.75,38.053125,0.0
2554,-75.0,37.62070312500001,0.0
2555,-75.0,38.053125,0.0
2556,-78.75,38.485546875,0.0
2557,-78.75,38.91796875,0.0
2558,-75.0,38.485546875,0.0
2559,-75.0,38.91796875,0.0
2560,-78.75,39.350390625,0.0
2561,-78.75,39.78281250000001,0.0
2562,-75.0,39.350390625,0.0
2563,-75.0,39.78281250000001,0.0
2564,-78.75,40.21523437500001,0.0
2565,-78.75,40.64765625,0.0
2566,-75.0,40.21523437500001,0.0
2567,-75.0,40.64765625,0.0
2568,-78.75,41.080078125,0.0
2569,-78.75,41.5125,0.0
2570,-75.0,41.080078125,0.0
2571,-75.0,41.5125,0.0
2572,-86.25,41.94492187500001,0.0
2573,-86.25,42.37734375,0.0
2574,-82.5,41.94492187500001,0.0
2575,-82.5,42.37734375,0.0
2576,-86.25,42.809765625,0.0
2577,-86.25,43.2421875,0.0
2578,-82.5,42.809765625,0.0
2579,-82.5,43.2421875,0.0
2580,-86.25,43.674609375,0.0
2581,-86.25,44.10703125000001,0.0
2582,-82.5,43.674609375,0.0
2583,-82.5,44.10703125000001,0.0
2584,-86.25,44.53945312500001,0.0
2585,-86.25,44.971875,0.0
2586,-82.5,44.53945312500001,0.0
2587,-82.5,44.971875,0.0
2588,-86.25,45.404296875,0.0
2589,-86.25,45.83671875,0.0
2590,-82.5,45.404296875,0.0
2591,-82.5,45.83671875,0.0
2592,-86.25,46.26914062500001,0.0
2593,-86.25,46.70156250000001,0.0
2594,-82.5,46.26914062500001,0.0
2595,-82.5,46.70156250000001,0.0
2596,-86.25,47.13398437500001,0.0
2597,-86.25,47.56640625000001,0.0
2598,-82.5,47.13398437500001,0.0
2599,-82.5,47.56640625000001,0.0
2600,-86.25,47.998828125,0.0
2601,-86.25,48.43125000000001,0.0
2602,-82.5,47.998828125,0.0
2603,-82.5,48.43125000000001,0.0
2604,-86.25,48.86367187500001,0.0
2605,-86.25,49.29609375,0.0
2606,-82.5,48.86367187500001,0.0
2607,-82.5,49.29609375,0.0
2608,-86.25,49.728515625,0.0
2609,-86.25,50.1609375,0.0
2610,-82.5,49.728515625,0.0
2611,-82.5,50.1609375,0.0
2612,-86.25,50.59335937500001,0.0
2613,-86.25,51.02578125,0.0
2614,-82.5,50.59335937500001,0.0
2615,-82.5,51.02578125,0.0
2616,-86.25,51.458203125,0.0
2617,-86.25,51.890625,0.0
2618,-82.5,51.458203125,0.0
2619,-82.5,51.890625,0.0
2620,-86.25,52.323046875,0.0
2621,-86.25,52.75546875,0.0
2622,-82.5,52.323046875,0.0
2623,-82.5,52.75546875,0.0
2624,-86.25,53.18789062499999,0.0
2625,-86.25,53.6203125,0.0
2626,-82.5,53.18789062499999,0.0
2627,-82.5,53.6203125,0.0
2628,-86.25,54.052734375,0.0
2629,-86.25,54.48515625,0.0
2630,-82.5,54.052734375,0.0
2631,-82.5,54.48515625,0.0
2632,-86.25,54.91757812500001,0.0
2633,-86.25,55.35,0.0
2634,-82.5,54.91757812500001,0.0
2635,-82.5,55.35,0.0
2636,-78.75,41.94492187500001,0.0
2637,-78.75,42.37734375,0.0
2638,-75.0,41.94492187500001,0.0
2639,-75.0,42.37734375,0.0
2640,-78.75,42.809765625,0.0
2641,-78.75,43.2421875,0.0
2642,-75.0,42.809765625,0.0
2643,-75.0,43.2421875,0.0
2644,-78.75,43.674609375,0.0
2645,-78.75,44.10703125000001,0.0
2646,-75.0,43.674609375,0.0
2647,-75.0,44.10703125000001,0.0
2648,-78.75,44.53945312500001,0.0
2649,-78.75,44.971875,0.0
2650,-75.0,44.53945312500001,0.0
2651,-75.0,44.971875,0.0
2652,-78.75,45.404296875,0.0
2653,-78.75,45.83671875,0.0
2654,-75.0,45.404296875,0.0
2655,-75.0,45.83671875,0.0
2656,-78.75,46.26914062500001,0.0
2657,-78.75,46.70156250000001,0.0
2658,-75.0,46.26914062500001,0.0
2659,-75.0,46.70156250000001,0.0
2660,-78.75,47.13398437500001,0.0
2661,-78.75,47.56640625000001,0.0
2662,-75.0,47.13398437500001,0.0
2663,-75.0,47.56640625000001,0.0
2664,-78.75,47.998828125,0.0
2665,-78.75,48.43125000000001,0.0
2666,-75.0,47.998828125,0.0
2667,-75.0,48.43125000000001,0.0
2668,-78.75,48.86367187500001,0.0
2669,-78.75,49.29609375,0.0
2670,-75.0,48.86367187500001,0.0
2671,-75.0,49.29609375,0.0
2672,-78.75,49.728515625,0.0
2673,-78.75,50.1609375,0.0
2674,-75.0,49.728515625,0.0
2675,-75.0,50.1609375,0.0
2676,-78.75,50.59335937500001,0.0
2677,-78.75,51.02578125,0.0
2678,-75.0,50.59335937500001,0.0
2679,-75.0,51.02578125,0.0
2680,-78.75,51.458203125,0.0
2681,-78.75,51.890625,0.0
2682,-75.0,51.458203125,0.0
2683,-75.0,51.890625,0.0
2684,-78.75,52.323046875,0.0
2685,-78.75,52.75546875,0.0
2686,-75.0,52.323046875,0.0
2687,-75.0,52.75546875,0.0
2688,-78.75,53.18789062499999,0.0
2689,-78.75,53.6203125,0.0
2690,-75.0,53.18789062499999,0.0
2691,-75.0,53.6203125,0.0
2692,-78.75,54.052734375,0.0
2693,-78.75,54.48515625,0.0
2694,-75.0,54.052734375,0.0
2695,-75.0,54.48515625,0.0
2696,-78.75,54.91757812500001,0.0
2697,-78.75,55.35,0.0
2698,-75.0,54.91757812500001,0.0
2699,-75.0,55.35,0.0
2700,-71.25,28.107421875,0.0
2701,-71.25,28.53984375,0.0
2702,-67.5,28.107421875,0.0
2703,-67.5,28.53984375,0.0
2704,-71.25,28.972265625,0.0
2705,-71.25,29.4046875,0.0
2706,-67.5,28.972265625,0.0
2707,-67.5,29.4046875,0.0
2708,-71.25,29.837109375,0.0
2709,-71.25,30.26953125,0.0
2710,-67.5,29.837109375,0.0
2711,-67.5,30.26953125,0.0
2712,-71.25,30.701953125,0.0
2713,-71.25,31.134375,0.0
2714,-67.5,30.701953125,0.0
2715,-67.5,31.134375,0.0
2716,-71.25,31.566796875,0.0
2717,-71.25,31.99921875,0.0
2718,-67.5,31.566796875,0.0
2719,-67.5,31.99921875,0.0
2720,-71.25,32.431640625,0.0
2721,-71.25,32.8640625,0.0
2722,-67.5,32.431640625,0.0
2723,-67.5,32.8640625,0.0
2724,-71.25,33.29648437500001,0.0
2725,-71.25,33.72890625,0.0
2726,-67.5,33.29648437500001,0.0
2727,-67.5,33.72890625,0.0
2728,-71.25,34.161328125,0.0
2729,-71.25,34.59375,0.0
2730,-67.5,34.161328125,0.0
2731,-67.5,34.59375,0.0
2732,-71.25,35.026171875,0.0
2733,-71.25,35.45859375,0.0
2734,-67.5,35.026171875,0.0
2735,-67.5,35.45859375,0.0
2736,-71.25,35.89101562499999,0.0
2737,-71.25,36.3234375,0.0
2738,-67.5,35.89101562499999,0.0
2739,-67.5,36.3234375,0.0
2740,-71.25,36.755859375,0.0
2741,-71.25,37.18828125,0.0
2742,-67.5,36.755859375,0.0
2743,-67.5,37.18828125,0.0
2744,-71.25,37.62070312500001,0.0
2745,-71.25,38.053125,0.0
2746,-67.5,37.62070312500001,0.0
2747,-67.5,38.053125,0.0
2748,-71.25,38.485546875,0.0
2749,-71.25,38.91796875,0.0
2750,-67.5,38.485546875,0.0
2751,-67.5,38.91796875,0.0
2752,-71.25,39.350390625,0.0
2753,-71.25,39.78281250000001,0.0
2754,-67.5,39.350390625,0.0
2755,-67.5,39.78281250000001,0.0
2756,-71.25,40.21523437500001,0.0
2757,-71.25,40.64765625,0.0
2758,-67.5,40.21523437500001,0.0
2759,-67.5,40.64765625,0.0
2760,-71.25,41.080078125,0.0
2761,-71.25,41.5125,0.0
2762,-67.5,41.080078125,0.0
2763,-67.5,41.5125,0.0
2764,-63.75,28.107421875,0.0
2765,-63.75,28.53984375,0.0
2766,-60.0,28.107421875,0.0
2767,-60.0,28.53984375,0.0
2768,-63.75,28.972265625,0.0
2769,-63.75,29.4046875,0.0
2770,-60.0,28.972265625,0.0
2771,-60.0,29.4046875,0.0
2772,-63.75,29.837109375,0.0
2773,-63.75,30.26953125,0.0
2774,-60.0,29.837109375,0.0
2775,-60.0,30.26953125,0.0
2776,-63.75,30.701953125,0.0
2777,-63.75,31.134375,0.0
2778,-60.0,30.701953125,0.0
2779,-60.0,31.134375,0.0
2780,-63.75,31.566796875,0.0
2781,-63.75,31.99921875,0.0
2782,-60.0,31.566796875,0.0
2783,-60.0,31.99921875,0.0
2784,-63.75,32.431640625,0.0
2785,-63.75,32.8640625,0.0
2786,-60.0,32.431640625,0.0
2787,-60.0,32.8640625,0.0
2788,-63.75,33.29648437500001,0.0
2789,-63.75,33.72890625,0.0
2790,-60.0,33.29648437500001,0.0
2791,-60.0,33.72890625,0.0
2792,-63.75,34.161328125,0.0
2793,-63.75,34.59375,0.0
2794,-60.0,34.161328125,0.0
2795,-60.0,34.59375,0.0
2796,-63.75,35.026171875,0.0
2797,-63.75,35.45859375,0.0
2798,-60.0,35.026171875,0.0
2799,-60.0,35.45859375,0.0
2800,-63.75,35.89101562499999,0.0
2801,-63.75,36.3234375,0.0
2802,-60.0,35.89101562499999,0.0
2803,-60.0,36.3234375,0.0
2804,-63.75,36.755859375,0.0
2805,-63.75,37.18828125,0.0
2806,-60.0,36.755859375,0.0
2807,-60.0,37.18828125,0.0
2808,-63.75,37.62070312500001,0.0
2809,-63.75,38.053125,0.0
2810,-60.0,37.62070312500001,0.0
2811,-60.0,38.053125,0.0
2812,-63.75,38.485546875,0.0
2813,-63.75,38.91796875,0.0
2814,-60.0,38.485546875,0.0
2815,-60.0,38.91796875,0.0
2816,-63.75,39.350390625,0.0
2817,-63.75,39.78281250000001,0.0
2818,-60.0,39.350390625,0.0
2819,-60.0,39.78281250000001,0.0
2820,-63.75,40.21523437500001,0.0
2821,-63.75,40.64765625,0.0
2822,-60.0,40.21523437500001,0.0
2823,-60.0,40.64765625,0.0
2824,-63.75,41.080078125,0.0
2825,-63.75,41.5125,0.0
2826,-60.0,41.080078125,0.0
2827,-60.0,41.5125,0.0
2828,-71.25,41.94492187500001,0.0
2829,-71.25,42.37734375,0.0
2830,-67.5,41.94492187500001,0.0
2831,-67.5,42.37734375,0.0
2832,-71.25,42.809765625,0.0
2833,-71.25,43.2421875,0.0
2834,-67.5,42.809765625,0.0
2835,-67.5,43.2421875,0.0
2836,-71.25,43.674609375,0.0
2837,-71.25,44.10703125000001,0.0
2838,-67.5,43.674609375,0.0
2839,-67.5,44.10703125000001,0.0
2840,-71.25,44.53945312500001,0.0
2841,-71.25,44.971875,0.0
2842,-67.5,44.53945312500001,0.0
2843,-67.5,44.971875,0.0
2844,-71.25,45.404296875,0.0
2845,-71.25,45.83671875,0.0
2846,-67.5,45.404296875,0.0
2847,-67.5,45.83671875,0.0
2848,-71.25,46.26914062500001,0.0
2849,-71.25,46.70156250000001,0.0
2850,-67.5,46.26914062500001,0.0
2851,-67.5,46.70156250000001,0.0
2852,-71.25,47.13398437500001,0.0
2853,-71.25,47.56640625000001,0.0
2854,-67.5,47.13398437500001,0.0
2855,-67.5,47.56640625000001,0.0
2856,-71.25,47.998828125,0.0
2857,-71.25,48.43125000000001,0.0
2858,-67.5,47.998828125,0.0
2859,-67.5,48.43125000000001,0.0
2860,-71.25,48.86367187500001,0.0
2861,-71.25,49.29609375,0.0
2862,-67.5,48.86367187500001,0.0
2863,-67.5,49.29609375,0.0
2864,-71.25,49.728515625,0.0
2865,-71.25,50.1609375,0.0
2866,-67.5,49.728515625,0.0
2867,-67.5,50.1609375,0.0
2868,-71.25,50.59335937500001,0.0
2869,-71.25,51.02578125,0.0
2870,-67.5,50.59335937500001,0.0
2871,-67.5,51.02578125,0.0
2872,-71.25,51.458203125,0.0
2873,-71.25,51.890625,0.0
2874,-67.5,51.458203125,0.0
2875,-67.5,51.890625,0.0
2876,-71.25,52.323046875,0.0
2877,-71.25,52.75546875,0.0
2878,-67.5,52.323046875,0.0
2879,-67.5,52.75546875,0.0
2880,-71.25,53.18789062499999,0.0
2881,-71.25,53.6203125,0.0
2882,-67.5,53.18789062499999,0.0
2883,-67.5,53.6203125,0.0
2884,-71.25,54.052734375,0.0
2885,-71.25,54.48515625,0.0
2886,-67.5,54.052734375,0.0
2887,-67.5,54.48515625,0.0
2888,-71.25,54.91757812500001,0.0
2889,-71.25,55.35,0.0
2890,-67.5,54.91757812500001,0.0
2891,-67.5,55.35,0.0
2892,-63.75,41.94492187500001,0.0
2893,-63.75,42.37734375,0.0
2894,-60.0,41.94492187500001,0.0
2895,-60.0,42.37734375,0.0
2896,-63.75,42.809765625,0.0
2897,-63.75,43.2421875,0.0
2898,-60.0,42.809765625,0.0
2899,-60.0,43.2421875,0.0
2900,-63.75,43.674609375,0.0
2901,-63.75,44.10703125000001,0.0
2902,-60.0,43.674609375,0.0
2903,-60.0,44.10703125000001,0.0
2904,-63.75,44.53945312500001,0.0
2905,-63.75,44.971875,0.0
2906,-60.0,44.53945312500001,0.0
2907,-60.0,44.971875,0.0
2908,-63.75,45.404296875,0.0
2909,-63.75,45.83671875,0.0
2910,-60.0,45.404296875,0.0
2911,-60.0,45.83671875,0.0
2912,-63.75,46.26914062500001,0.0
2913,-63.75,46.70156250000001,0.0
2914,-60.0,46.26914062500001,0.0
2915,-60.0,46.70156250000001,0.0
2916,-63.75,47.13398437500001,0.0
2917,-63.75,47.56640625000001,0.0
2918,-60.0,47.13398437500001,0.0
2919,-60.0,47.56640625000001,0.0
2920,-63.75,47.998828125,0.0
2921,-63.75,48.43125000000001,0.0
2922,-60.0,47.998828125,0.0
2923,-60.0,48.43125000000001,0.0
2924,-63.75,48.86367187500001,0.0
2925,-63.75,49.29609375,0.0
2926,-60.0,48.86367187500001,0.0
2927,-60.0,49.29609375,0.0
2928,-63.75,49.728515625,0.0
2929,-63.75,50.1609375,0.0
2930,-60.0,49.728515625,0.0
2931,-60.0,50.1609375,0.0
2932,-63.75,50.59335937500001,0.0
2933,-63.75,51.02578125,0.0
2934,-60.0,50.59335937500001,0.0
2935,-60.0,51.02578125,0.0
2936,-63.75,51.458203125,0.0
2937,-63.75,51.890625,0.0
2938,-60.0,51.458203125,0.0
2939,-60.0,51.890625,0.0
2940,-63.75,52.323046875,0.0
2941,-63.75,52.75546875,0.0
2942,-60.0,52.323046875,0.0
2943,-60.0,52.75546875,0.0
2944,-63.75,53.18789062499999,0.0
2945,-63.75,53.6203125,0.0
2946,-60.0,53.18789062499999,0.0
2947,-60.0,53.6203125,0.0
2948,-63.75,54.052734375,0.0
2949,-63.75,54.48515625,0.0
2950,-60.0,54.052734375,0.0
2951,-60.0,54.48515625,0.0
2952,-63.75,54.91757812500001,0.0
2953,-63.75,55.35,0.0
2954,-60.0,54.91757812500001,0.0
2955,-60.0,55.35,0.0
2956,-56.25,0.01351318359375,0.0
2957,-56.25,-0.0,0.0
2958,-56.25,0.0270263671875,0.0
2959,-52.5,0.01351318359375,0.0
2960,-52.5,-0.0,0.0
2961,-52.5,0.0270263671875,0.0
2962,-56.25,0.04053955078125,0.0
2963,-56.25,0.054052734375,0.0
2964,-52.5,0.04053955078125,0.0
2965,-52.5,0.054052734375,0.0
2966,-56.25,0.06756591796875,0.0
2967,-56.25,0.0810791015625,0.0
2968,-52.5,0.06756591796875,0.0
2969,-52.5,0.0810791015625,0.0
2970,-56.25,0.09459228515625001,0.0
2971,-52.5,0.09459228515625001,0.0
2972,-56.25,0.101348876953125,0.0
2973,-56.25,0.10810546875,0.0
2974,-52.5,0.101348876953125,0.0
2975,-52.5,0.10810546875,0.0
2976,-56.25,0.114862060546875,0.0
2977,-56.25,0.12161865234375,0.0
2978,-52.5,0.114862060546875,0.0
2979,-52.5,0.12161865234375,0.0
2980,-56.25,0.128375244140625,0.0
2981,-56.25,0.1351318359375,0.0
2982,-52.5,0.128375244140625,0.0
2983,-52.5,0.1351318359375,0.0
2984,-56.25,0.141888427734375,0.0
2985,-56.25,0.14864501953125,0.0
2986,-52.5,0.141888427734375,0.0
2987,-52.5,0.14864501953125,0.0
2988,-56.25,0.155401611328125,0.0
2989,-56.25,0.162158203125,0.0
2990,-52.5,0.155401611328125,0.0
2991,-52.5,0.162158203125,0.0
2992,-56.25,0.168914794921875,0.0
2993,-56.25,0.17567138671875,0.0
2994,-52.5,0.168914794921875,0.0
2995,-52.5,0.17567138671875,0.0
2996,-56.25,0.182427978515625,0.0
2997,-56.25,0.1891845703125,0.0
2998,-52.5,0.182427978515625,0.0
2999,-52.5,0.1891845703125,0.0
3000,-56.25,0.195941162109375,0.0
3001,-56.25,0.2,0.0
3002,-56.25,0.20269775390625,0.0
3003,-52.5,0.195941162109375,0.0
3004,-52.5,0.2,0.0
3005,-52.5,0.20269775390625,0.0
3006,-56.25,0.209454345703125,0.0
3007,-56.25,0.2162109375,0.0
3008,-52.5,0.209454345703125,0.0
3009,-52.5,0.2162109375,0.0
3010,-56.25,0.222967529296875,0.0
3011,-56.25,0.22972412109375,0.0
3012,-52.5,0.222967529296875,0.0
3013,-52.5,0.22972412109375,0.0
3014,-56.25,0.236480712890625,0.0
3015,-56.25,0.2432373046875,0.0
3016,-52.5,0.236480712890625,0.0
3017,-52.5,0.2432373046875,0.0
3018,-56.25,0.249993896484375,0.0
3019,-56.25,0.25675048828125,0.0
3020,-52.5,0.249993896484375,0.0
3021,-52.5,0.25675048828125,0.0
3022,-56.25,0.263507080078125,0.0
3023,-56.25,0.270263671875,0.0
3024,-52.5,0.263507080078125,0.0
3025,-52.5,0.270263671875,0.0
3026,-56.25,0.277020263671875,0.0
3027,-56.25,0.28377685546875,0.0
3028,-52.5,0.277020263671875,0.0
3029,-52.5,0.28377685546875,0.0
3030,-56.25,0.290533447265625,0.0
3031,-56.25,0.2972900390625,0.0
3032,-52.5,0.290533447265625,0.0
3033,-52.5,0.2972900390625,0.0
3034,-56.25,0.304046630859375,0.0
3035,-56.25,0.31080322265625,0.0
3036,-52.5,0.304046630859375,0.0
3037,-52.5,0.31080322265625,0.0
3038,-56.25,0.32431640625,0.0
3039,-52.5,0.32431640625,0.0
3040,-56.25,0.3513427734375,0.0
3041,-52.5,0.3513427734375,0.0
3042,-56.25,0.378369140625,0.0
3043,-52.5,0.378369140625,0.0
3044,-56.25,0.432421875,0.0
3045,-52.5,0.432421875,0.0
3046,-56.25,0.54052734375,0.0
3047,-52.5,0.54052734375,0.0
3048,-56.25,0.6486328125,0.0
3049,-52.5,0.6486328125,0.0
3050,-56.25,0.86484375,0.0
3051,-52.5,0.86484375,0.0
3052,-56.25,1.297265625,0.0
3053,-52.5,1.297265625,0.0
3054,-56.25,1.7296875,0.0
3055,-52.5,1.7296875,0.0
3056,-56.25,2.162109375,0.0
3057,-56.25,2.59453125,0.0
3058,-52.5,2.162109375,0.0
3059,-52.5,2.59453125,0.0
3060,-56.25,3.026953125,0.0
3061,-56.25,3.459375,0.0
3062,-52.5,3.026953125,0.0
3063,-52.5,3.459375,0.0
3064,-56.25,3.891796875,0.0
3065,-56.25,4.32421875,0.0
3066,-52.5,3.891796875,0.0
3067,-52.5,4.32421875,0.0
3068,-56.25,4.756640625,0.0
3069,-56.25,5.1890625,0.0
3070,-52.5,4.756640625,0.0
3071,-52.5,5.1890625,0.0
3072,-56.25,5.621484375000001,0.0
3073,-56.25,6.053906250000001,0.0
3074,-52.5,5.621484375000001,0.0
3075,-52.5,6.053906250000001,0.0
3076,-56.25,6.486328125,0.0
3077,-56.25,6.91875,0.0
3078,-52.5,6.486328125,0.0
3079,-52.5,6.91875,0.0
3080,-56.25,7.351171875,0.0
3081,-56.25,7.78359375,0.0
3082,-52.5,7.351171875,0.0
3083,-52.5,7.78359375,0.0
3084,-56.25,8.216015625,0.0
3085,-56.25,8.6484375,0.0
3086,-52.5,8.216015625,0.0
3087,-52.5,8.6484375,0.0
3088,-56.25,9.080859375,0.0
3089,-56.25,9.51328125,0.0
3090,-52.5,9.080859375,0.0
3091,-52.5,9.51328125,0.0
3092,-56.25,9.945703125000001,0.0
3093,-56.25,10.378125,0.0
3094,-52.5,9.945703125000001,0.0
3095,-52.5,10.378125,0.0
3096,-56.25,10.810546875,0.0
3097,-56.25,11.24296875,0.0
3098,-52.5,10.810546875,0.0
3099,-52.5,11.24296875,0.0
3100,-56.25,11.675390625,0.0
3101,-56.25,12.1078125,0.0
3102,-52.5,11.675390625,0.0
3103,-52.5,12.1078125,0.0
3104,-56.25,12.540234375,0.0
3105,-56.25,12.97265625,0.0
3106,-52.5,12.540234375,0.0
3107,-52.5,12.97265625,0.0
3108,-56.25,13.405078125,0.0
3109,-56.25,13.8375,0.0
3110,-52.5,13.405078125,0.0
3111,-52.5,13.8375,0.0
3112,-48.75,0.01351318359375,0.0
3113,-48.75,-0.0,0.0
3114,-48.75,0.0270263671875,0.0
3115,-45.0,0.01351318359375,0.0
3116,-45.0,-0.0,0.0
3117,-45.0,0.0270263671875,0.0
3118,-48.75,0.04053955078125,0.0
3119,-48.75,0.054052734375,0.0
3120,-45.0,0.04053955078125,0.0
3121,-45.0,0.054052734375,0.0
3122,-48.75,0.06756591796875,0.0
3123,-48.75,0.0810791015625,0.0
3124,-45.0,0.06756591796875,0.0
3125,-45.0,0.0810791015625,0.0
3126,-48.75,0.09459228515625001,0.0
3127,-45.0,0.09459228515625001,0.0
3128,-48.75,0.101348876953125,0.0
3129,-48.75,0.10810546875,0.0
3130,-45.0,0.101348876953125,0.0
3131,-45.0,0.10810546875,0.0
3132,-48.75,0.114862060546875,0.0
3133,-48.75,0.12161865234375,0.0
3134,-45.0,0.114862060546875,0.0
3135,-45.0,0.12161865234375,0.0
3136,-48.75,0.128375244140625,0.0
3137,-48.75,0.1351318359375,0.0
3138,-45.0,0.128375244140625,0.0
3139,-45.0,0.1351318359375,0.0
3140,-48.75,0.141888427734375,0.0
3141,-48.75,0.14864501953125,0.0
3142,-45.0,0.141888427734375,0.0
3143,-45.0,0.14864501953125,0.0
3144,-48.75,0.155401611328125,0.0
3145,-48.75,0.162158203125,0.0
3146,-45.0,0.155401611328125,0.0
3147,-45.0,0.162158203125,0.0
3148,-48.75,0.168914794921875,0.0
3149,-48.75,0.17567138671875,0.0
3150,-45.0,0.168914794921875,0.0
3151,-45.0,0.17567138671875,0.0
3152,-48.75,0.182427978515625,0.0
3153,-48.75,0.1891845703125,0.0
3154,-45.0,0.182427978515625,0.0
3155,-45.0,0.1891845703125,0.0
3156,-48.75,0.195941162109375,0.0
3157,-48.75,0.2,0.0
3158,-48.75,0.20269775390625,0.0
3159,-45.0,0.195941162109375,0.0
3160,-45.0,0.2,0.0
3161,-45.0,0.20269775390625,0.0
3162,-48.75,0.209454345703125,0.0
3163,-48.75,0.2162109375,0.0
3164,-45.0,0.209454345703125,0.0
3165,-45.0,0.2162109375,0.0
3166,-48.75,0.222967529296875,0.0
3167,-48.75,0.22972412109375,0.0
3168,-45.0,0.222967529296875,0.0
3169,-45.0,0.22972412109375,0.0
3170,-48.75,0.236480712890625,0.0
3171,-48.75,0.2432373046875,0.0
3172,-45.0,0.236480712890625,0.0
3173,-45.0,0.2432373046875,0.0
3174,-48.75,0.249993896484375,0.0
3175,-48.75,0.25675048828125,0.0
3176,-45.0,0.249993896484375,0.0
3177,-45.0,0.25675048828125,0.0
3178,-48.75,0.263507080078125,0.0
3179,-48.75,0.270263671875,0.0
3180,-45.0,0.263507080078125,0.0
3181,-45.0,0.270263671875,0.0
3182,-48.75,0.277020263671875,0.0
3183,-48.75,0.28377685546875,0.0
3184,-45.0,0.277020263671875,0.0
3185,-45.0,0.28377685546875,0.0
3186,-48.75,0.290533447265625,0.0
3187,-48.75,0.2972900390625,0.0
3188,-45.0,0.290533447265625,0.0
3189,-45.0,0.2972900390625,0.0
3190,-48.75,0.304046630859375,0.0
3191,-48.75,0.31080322265625,0.0
3192,-45.0,0.304046630859375,0.0
3193,-45.0,0.31080322265625,0.0
3194,-48.75,0.32431640625,0.0
3195,-45.0,0.32431640625,0.0
3196,-48.75,0.3513427734375,0.0
3197,-45.0,0.3513427734375,0.0
3198,-48.75,0.378369140625,0.0
3199,-45.0,0.378369140625,0.0
3200,-48.75,0.432421875,0.0
3201,-45.0,0.432421875,0.0
3202,-48.75,0.54052734375,0.0
3203,-45.0,0.54052734375,0.0
3204,-48.75,0.6486328125,0.0
3205,-45.0,0.6486328125,0.0
3206,-48.75,0.86484375,0.0
3207,-45.0,0.86484375,0.0
3208,-48.75,1.297265625,0.0
3209,-45.0,1.297265625,0.0
3210,-48.75,1.7296875,0.0
3211,-45.0,1.7296875,0.0
3212,-48.75,2.162109375,0.0
3213,-48.75,2.59453125,0.0
3214,-45.0,2.162109375,0.0
3215,-45.0,2.59453125,0.0
3216,-48.75,3.026953125,0.0
3217,-48.75,3.459375,0.0
3218,-45.0,3.026953125,0.0
3219,-45.0,3.459375,0.0
3220,-48.75,3.891796875,0.0
3221,-48.75,4.32421875,0.0
3222,-45.0,3.891796875,0.0
3223,-45.0,4.32421875,0.0
3224,-48.75,4.756640625,0.0
3225,-48.75,5.1890625,0.0
3226,-45.0,4.756640625,0.0
3227,-45.0,5.1890625,0.0
3228,-48.75,5.621484375000001,0.0
3229,-48.75,6.053906250000001,0.0
3230,-45.0,5.621484375000001,0.0
3231,-45.0,6.053906250000001,0.0
3232,-48.75,6.486328125,0.0
3233,-48.75,6.91875,0.0
3234,-45.0,6.486328125,0.0
3235,-45.0,6.91875,0.0
3236,-48.75,7.351171875,0.0
3237,-48.75,7.78359375,0.0
3238,-45.0,7.351171875,0.0
3239,-45.0,7.78359375,0.0
3240,-48.75,8.216015625,0.0
3241,-48.75,8.6484375,0.0
3242,-45.0,8.216015625,0.0
3243,-45.0,8.6484375,0.0
3244,-48.75,9.080859375,0.0
3245,-48.75,9.51328125,0.0
3246,-45.0,9.080859375,0.0
3247,-45.0,9.51328125,0.0
3248,-48.75,9.945703125000001,0.0
3249,-48.75,10.378125,0.0
3250,-45.0,9.945703125000001,0.0
3251,-45.0,10.378125,0.0
3252,-48.75,10.810546875,0.0
3253,-48.75,11.24296875,0.0
3254,-45.0,10.810546875,0.0
3255,-45.0,11.24296875,0.0
3256,-48.75,11.675390625,0.0
3257,-48.75,12.1078125,0.0
3258,-45.0,11.675390625,0.0
3259,-45.0,12.1078125,0.0
3260,-48.75,12.540234375,0.0
3261,-48.75,12.97265625,0.0
3262,-45.0,12.540234375,0.0
3263,-45.0,12.97265625,0.0
3264,-48.75,13.405078125,0.0
3265,-48.75,13.8375,0.0
3266,-45.0,13.405078125,0.0
3267,-45.0,13.8375,0.0
3268,-56.25,14.269921875,0.0
3269,-56.25,14.70234375,0.0
3270,-52.5,14.269921875,0.0
3271,-52.5,14.70234375,0.0
3272,-56.25,15.134765625,0.0
3273,-56.25,15.5671875,0.0
3274,-52.5,15.134765625,0.0
3275,-52.5,15.5671875,0.0
3276,-56.25,15.999609375,0.0
3277,-56.25,16.43203125,0.0
3278,-52.5,15.999609375,0.0
3279,-52.5,16.43203125,0.0
3280,-56.25,16.864453125,0.0
3281,-56.25,17.296875,0.0
3282,-52.5,16.864453125,0.0
3283,-52.5,17.296875,0.0
3284,-56.25,17.729296875,0.0
3285,-56.25,18.16171875,0.0
3286,-52.5,17.729296875,0.0
3287,-52.5,18.16171875,0.0
3288,-56.25,18.594140625,0.0
3289,-56.25,19.0265625,0.0
3290,-52.5,18.594140625,0.0
3291,-52.5,19.0265625,0.0
3292,-56.25,19.458984375,0.0
3293,-56.25,19.89140625,0.0
3294,-52.5,19.458984375,0.0
3295,-52.5,19.89140625,0.0
3296,-56.25,20.323828125,0.0
3297,-56.25,20.75625,0.0
3298,-52.5,20.323828125,0.0
3299,-52.5,20.75625,0.0
3300,-56.25,21.188671875,0.0
3301,-56.25,21.62109375,0.0
3302,-52.5,21.188671875,0.0
3303,-52.5,21.62109375,0.0
3304,-56.25,22.053515625,0.0
3305,-56.25,22.4859375,0.0
3306,-52.5,22.053515625,0.0
3307,-52.5,22.4859375,0.0
3308,-56.25,22.918359375,0.0
3309,-56.25,23.35078125,0.0
3310,-52.5,22.918359375,0.0
3311,-52.5,23.35078125,0.0
3312,-56.25,23.783203125,0.0
3313,-56.25,24.215625,0.0
3314,-52.5,23.783203125,0.0
3315,-52.5,24.215625,0.0
3316,-56.25,24.648046875,0.0
3317,-56.25,25.08046875,0.0
3318,-52.5,24.648046875,0.0
3319,-52.5,25.08046875,0.0
3320,-56.25,25.512890625,0.0
3321,-56.25,25.9453125,0.0
3322,-52.5,25.512890625,0.0
3323,-52.5,25.9453125,0.0
3324,-56.25,26.377734375,0.0
3325,-56.25,26.81015625,0.0
3326,-52.5,26.377734375,0.0
3327,-52.5,26.81015625,0.0
3328,-56.25,27.242578125,0.0
3329,-56.25,27.675,0.0
3330,-52.5,27.242578125,0.0
3331,-52.5,27.675,0.0
3332,-48.75,14.269921875,0.0
3333,-48.75,14.70234375,0.0
3334,-45.0,14.269921875,0.0
3335,-45.0,14.70234375,0.0
3336,-48.75,15.134765625,0.0
3337,-48.75,15.5671875,0.0
3338,-45.0,15.134765625,0.0
3339,-45.0,15.5671875,0.0
3340,-48.75,15.999609375,0.0
3341,-48.75,16.43203125,0.0
3342,-45.0,15.999609375,0.0
3343,-45.0,16.43203125,0.0
3344,-48.75,16.864453125,0.0
3345,-48.75,17.296875,0.0
3346,-45.0,16.864453125,0.0
3347,-45.0,17.296875,0.0
3348,-48.75,17.729296875,0.0
3349,-48.75,18.16171875,0.0
3350,-45.0,17.729296875,0.0
3351,-45.0,18.16171875,0.0
3352,-48.75,18.594140625,0.0
3353,-48.75,19.0265625,0.0
3354,-45.0,18.594140625,0.0
3355,-45.0,19.0265625,0.0
3356,-48.75,19.458984375,0.0
3357,-48.75,19.89140625,0.0
3358,-45.0,19.458984375,0.0
3359,-45.0,19.89140625,0.0
3360,-48.75,20.323828125,0.0
3361,-48.75,20.75625,0.0
3362,-45.0,20.323828125,0.0
3363,-45.0,20.75625,0.0
3364,-48.75,21.188671875,0.0
3365,-48.75,21.62109375,0.0
3366,-45.0,21.188671875,0.0
3367,-45.0,21.62109375,0.0
3368,-48.75,22.053515625,0.0
3369,-48.75,22.4859375,0.0
3370,-45.0,22.053515625,0.0
3371,-45.0,22.4859375,0.0
3372,-48.75,22.918359375,0.0
3373,-48.75,23.35078125,0.0
3374,-45.0,22.918359375,0.0
3375,-45.0,23.35078125,0.0
3376,-48.75,23.783203125,0.0
3377,-48.75,24.215625,0.0
3378,-45.0,23.783203125,0.0
3379,-45.0,24.215625,0.0
3380,-48.75,24.648046875,0.0
3381,-48.75,25.08046875,0.0
3382,-45.0,24.648046875,0.0
3383,-45.0,25.08046875,0.0
3384,-48.75,25.512890625,0.0
3385,-48.75,25.9453125,0.0
3386,-45.0,25.512890625,0.0
3387,-45.0,25.9453125,0.0
3388,-48.75,26.377734375,0.0
3389,-48.75,26.81015625,0.0
3390,-45.0,26.377734375,0.0
3391,-45.0,26.81015625,0.0
3392,-48.75,27.242578125,0.0
3393,-48.75,27.675,0.0
3394,-45.0,27.242578125,0.0
3395,-45.0,27.675,0.0
3396,-41.25,0.01351318359375,0.0
3397,-41.25,-0.0,0.0
3398,-41.25,0.0270263671875,0.0
3399,-37.5,0.01351318359375,0.0
3400,-37.5,-0.0,0.0
3401,-37.5,0.0270263671875,0.0
3402,-41.25,0.04053955078125,0.0
3403,-41.25,0.054052734375,0.0
3404,-37.5,0.04053955078125,0.0
3405,-37.5,0.054052734375,0.0
3406,-41.25,0.06756591796875,0.0
3407,-41.25,0.0810791015625,0.0
3408,-37.5,0.06756591796875,0.0
3409,-37.5,0.0810791015625,0.0
3410,-41.25,0.09459228515625001,0.0
3411,-37.5,0.09459228515625001,0.0
3412,-41.25,0.101348876953125,0.0
3413,-41.25,0.10810546875,0.0
3414,-37.5,0.101348876953125,0.0
3415,-37.5,0.10810546875,0.0
3416,-41.25,0.114862060546875,0.0
3417,-41.25,0.12161865234375,0.0
3418,-37.5,0.114862060546875,0.0
3419,-37.5,0.12161865234375,0.0
3420,-41.25,0.128375244140625,0.0
3421,-41.25,0.1351318359375,0.0
3422,-37.5,0.128375244140625,0.0
3423,-37.5,0.1351318359375,0.0
3424,-41.25,0.141888427734375,0.0
3425,-41.25,0.14864501953125,0.0
3426,-37.5,0.141888427734375,0.0
3427,-37.5,0.14864501953125,0.0
3428,-41.25,0.155401611328125,0.0
3429,-41.25,0.162158203125,0.0
3430,-37.5,0.155401611328125,0.0
3431,-37.5,0.162158203125,0.0
3432,-41.25,0.168914794921875,0.0
3433,-41.25,0.17567138671875,0.0
3434,-37.5,0.168914794921875,0.0
3435,-37.5,0.17567138671875,0.0
3436,-41.25,0.182427978515625,0.0
3437,-41.25,0.1891845703125,0.0
3438,-37.5,0.182427978515625,0.0
3439,-37.5,0.1891845703125,0.0
3440,-41.25,0.195941162109375,0.0
3441,-41.25,0.2,0.0
3442,-41.25,0.20269775390625,0.0
3443,-37.5,0.195941162109375,0.0
3444,-37.5,0.2,0.0
3445,-37.5,0.20269775390625,0.0
3446,-41.25,0.209454345703125,0.0
3447,-41.25,0.2162109375,0.0
3448,-37.5,0.209454345703125,0.0
3449,-37.5,0.2162109375,0.0
3450,-41.25,0.222967529296875,0.0
3451,-41.25,0.22972412109375,0.0
3452,-37.5,0.222967529296875,0.0
3453,-37.5,0.22972412109375,0.0
3454,-41.25,0.236480712890625,0.0
3455,-41.25,0.2432373046875,0.0
3456,-37.5,0.236480712890625,0.0
3457,-37.5,0.2432373046875,0.0
3458,-41.25,0.249993896484375,0.0
3459,-41.25,0.25675048828125,0.0
3460,-37.5,0.249993896484375,0.0
3461,-37.5,0.25675048828125,0.0
3462,-41.25,0.263507080078125,0.0
3463,-41.25,0.270263671875,0.0
3464,-37.5,0.263507080078125,0.0
3465,-37.5,0.270263671875,0.0
3466,-41.25,0.277020263671875,0.0
3467,-41.25,0.28377685546875,0.0
3468,-37.5,0.277020263671875,0.0
3469,-37.5,0.28377685546875,0.0
3470,-41.25,0.290533447265625,0.0
3471,-41.25,0.2972900390625,0.0
3472,-37.5,0.290533447265625,0.0
3473,-37.5,0.2972900390625,0.0
3474,-41.25,0.304046630859375,0.0
3475,-41.25,0.31080322265625,0.0
3476,-37.5,0.304046630859375,0.0
3477,-37.5,0.31080322265625,0.0
3478,-41.25,0.32431640625,0.0
3479,-37.5,0.32431640625,0.0
3480,-41.25,0.3513427734375,0.0
3481,-37.5,0.3513427734375,0.0
3482,-41.25,0.378369140625,0.0
3483,-37.5,0.378369140625,0.0
3484,-41.25,0.432421875,0.0
3485,-37.5,0.432421875,0.0
3486,-41.25,0.54052734375,0.0
3487,-37.5,0.54052734375,0.0
3488,-41.25,0.6486328125,0.0
3489,-37.5,0.6486328125,0.0
3490,-41.25,0.86484375,0.0
3491,-37.5,0.86484375,0.0
3492,-41.25,1.297265625,0.0
3493,-37.5,1.297265625,0.0
3494,-41.25,1.7296875,0.0
3495,-37.5,1.7296875,0.0
3496,-41.25,2.162109375,0.0
3497,-41.25,2.59453125,0.0
3498,-37.5,2.162109375,0.0
3499,-37.5,2.59453125,0.0
3500,-41.25,3.026953125,0.0
3501,-41.25,3.459375,0.0
3502,-37.5,3.026953125,0.0
3503,-37.5,3.459375,0.0
3504,-41.25,3.891796875,0.0
3505,-41.25,4.32421875,0.0
3506,-37.5,3.891796875,0.0
3507,-37.5,4.32421875,0.0
3508,-41.25,4.756640625,0.0
3509,-41.25,5.1890625,0.0
3510,-37.5,4.756640625,0.0
3511,-37.5,5.1890625,0.0
3512,-41.25,5.621484375000001,0.0
3513,-41.25,6.053906250000001,0.0
3514,-37.5,5.621484375000001,0.0
3515,-37.5,6.053906250000001,0.0
3516,-41.25,6.486328125,0.0
3517,-41.25,6.91875,0.0
3518,-37.5,6.486328125,0.0
3519,-37.5,6.91875,0.0
3520,-41.25,7.351171875,0.0
3521,-41.25,7.78359375,0.0
3522,-37.5,7.351171875,0.0
3523,-37.5,7.78359375,0.0
3524,-41.25,8.216015625,0.0
3525,-41.25,8.6484375,0.0
3526,-37.5,8.216015625,0.0
3527,-37.5,8.6484375,0.0
3528,-41.25,9.080859375,0.0
3529,-41.25,9.51328125,0.0
3530,-37.5,9.080859375,0.0
3531,-37.5,9.51328125,0.0
3532,-41.25,9.945703125000001,0.0
3533,-41.25,10.378125,0.0
3534,-37.5,9.945703125000001,0.0
3535,-37.5,10.378125,0.0
3536,-41.25,10.810546875,0.0
3537,-41.25,11.24296875,0.0
3538,-37.5,10.810546875,0.0
3539,-37.5,11.24296875,0.0
3540,-41.25,11.675390625,0.0
3541,-41.25,12.1078125,0.0
3542,-37.5,11.675390625,0.0
3543,-37.5,12.1078125,0.0
3544,-41.25,12.540234375,0.0
3545,-41.25,12.97265625,0.0
3546,-37.5,12.540234375,0.0
3547,-37.5,12.97265625,0.0
3548,-41.25,13.405078125,0.0
3549,-41.25,13.8375,0.0
3550,-37.5,13.405078125,0.0
3551,-37.5,13.8375,0.0
3552,-33.75,0.01351318359375,0.0
3553,-33.75,-0.0,0.0
3554,-33.75,0.0270263671875,0.0
3555,-30.0,0.01351318359375,0.0
3556,-30.0,-0.0,0.0
3557,-30.0,0.0270263671875,0.0
3558,-33.75,0.04053955078125,0.0
3559,-33.75,0.054052734375,0.0
3560,-30.0,0.04053955078125,0.0
3561,-30.0,0.054052734375,0.0
3562,-33.75,0.06756591796875,0.0
3563,-33.75,0.0810791015625,0.0
3564,-30.0,0.06756591796875,0.0
3565,-30.0,0.0810791015625,0.0
3566,-33.75,0.09459228515625001,0.0
3567,-30.0,0.09459228515625001,0.0
3568,-33.75,0.101348876953125,0.0
3569,-33.75,0.10810546875,0.0
3570,-30.0,0.101348876953125,0.0
3571,-30.0,0.10810546875,0.0
3572,-33.75,0.114862060546875,0.0
3573,-33.75,0.12161865234375,0.0
3574,-30.0,0.114862060546875,0.0
3575,-30.0,0.12161865234375,0.0
3576,-33.75,0.128375244140625,0.0
3577,-33.75,0.1351318359375,0.0
3578,-30.0,0.128375244140625,0.0
3579,-30.0,0.1351318359375,0.0
3580,-33.75,0.141888427734375,0.0
3581,-33.75,0.14864501953125,0.0
3582,-30.0,0.141888427734375,0.0
3583,-30.0,0.14864501953125,0.0
3584,-33.75,0.155401611328125,0.0
3585,-33.75,0.162158203125,0.0
3586,-30.0,0.155401611328125,0.0
3587,-30.0,0.162158203125,0.0
3588,-33.75,0.168914794921875,0.0
3589,-33.75,0.17567138671875,0.0
3590,-30.0,0.168914794921875,0.0
3591,-30.0,0.17567138671875,0.0
3592,-33.75,0.182427978515625,0.0
3593,-33.75,0.1891845703125,0.0
3594,-30.0,0.182427978515625,0.0
3595,-30.0,0.1891845703125,0.0
3596,-33.75,0.195941162109375,0.0
3597,-33.75,0.2,0.0
3598,-33.75,0.20269775390625,0.0
3599,-30.0,0.195941162109375,0.0
3600,-30.0,0.2,0.0
3601,-30.0,0.20269775390625,0.0
3602,-33.75,0.209454345703125,0.0
3603,-33.75,0.2162109375,0.0
3604,-30.0,0.209454345703125,0.0
3605,-30.0,0.2162109375,0.0
3606,-33.75,0.222967529296875,0.0
3607,-33.75,0.22972412109375,0.0
3608,-30.0,0.222967529296875,0.0
3609,-30.0,0.22972412109375,0.0
3610,-33.75,0.236480712890625,0.0
3611,-33.75,0.2432373046875,0.0
3612,-30.0,0.236480712890625,0.0
3613,-30.0,0.2432373046875,0.0
3614,-33.75,0.249993896484375,0.0
3615,-33.75,0.25675048828125,0.0
3616,-30.0,0.249993896484375,0.0
3617,-30.0,0.25675048828125,0.0
3618,-33.75,0.263507080078125,0.0
3619,-33.75,0.270263671875,0.0
3620,-30.0,0.263507080078125,0.0
3621,-30.0,0.270263671875,0.0
3622,-33.75,0.277020263671875,0.0
3623,-33.75,0.28377685546875,0.0
3624,-30.0,0.277020263671875,0.0
3625,-30.0,0.28377685546875,0.0
3626,-33.75,0.290533447265625,0.0
3627,-33.75,0.2972900390625,0.0
3628,-30.0,0.290533447265625,0.0
3629,-30.0,0.2972900390625,0.0
3630,-33.75,0.304046630859375,0.0
3631,-33.75,0.31080322265625,0.0
3632,-30.0,0.304046630859375,0.0
3633,-30.0,0.31080322265625,0.0
3634,-33.75,0.32431640625,0.0
3635,-30.0,0.32431640625,0.0
3636,-33.75,0.3513427734375,0.0
3637,-30.0,0.3513427734375,0.0
3638,-33.75,0.378369140625,0.0
3639,-30.0,0.378369140625,0.0
3640,-33.75,0.432421875,0.0
3641,-30.0,0.432421875,0.0
3642,-33.75,0.54052734375,0.0
3643,-30.0,0.54052734375,0.0
3644,-33.75,0.6486328125,0.0
3645,-30.0,0.6486328125,0.0
3646,-33.75,0.86484375,0.0
3647,-30.0,0.86484375,0.0
3648,-33.75,1.297265625,0.0
3649,-30.0,1.297265625,0.0
3650,-33.75,1.7296875,0.0
3651,-30.0,1.7296875,0.0
3652,-33.75,2.162109375,0.0
3653,-33.75,2.59453125,0.0
3654,-30.0,2.162109375,0.0
3655,-30.0,2.59453125,0.0
3656,-33.75,3.026953125,0.0
3657,-33.75,3.459375,0.0
3658,-30.0,3.026953125,0.0
3659,-30.0,3.459375,0.0
3660,-33.75,3.891796875,0.0
3661,-33.75,4.32421875,0.0
3662,-30.0,3.891796875,0.0
3663,-30.0,4.32421875,0.0
3664,-33.75,4.756640625,0.0
3665,-33.75,5.1890625,0.0
3666,-30.0,4.756640625,0.0
3667,-30.0,5.1890625,0.0
3668,-33.75,5.621484375000001,0.0
3669,-33.75,6.053906250000001,0.0
3670,-30.0,5.621484375000001,0.0
3671,-30.0,6.053906250000001,0.0
3672,-33.75,6.486328125,0.0
3673,-33.75,6.91875,0.0
3674,-30.0,6.486328125,0.0
3675,-30.0,6.91875,0.0
3676,-33.75,7.351171875,0.0
3677,-33.75,7.78359375,0.0
3678,-30.0,7.351171875,0.0
3679,-30.0,7.78359375,0.0
3680,-33.75,8.216015625,0.0
3681,-33.75,8.6484375,0.0
3682,-30.0,8.216015625,0.0
3683,-30.0,8.6484375,0.0
3684,-33.75,9.080859375,0.0
3685,-33.75,9.51328125,0.0
3686,-30.0,9.080859375,0.0
3687,-30.0,9.51328125,0.0
3688,-33.75,9.945703125000001,0.0
3689,-33.75,10.378125,0.0
3690,-30.0,9.945703125000001,0.0
3691,-30.0,10.378125,0.0
3692,-33.75,10.810546875,0.0
3693,-33.75,11.24296875,0.0
3694,-30.0,10.810546875,0.0
3695,-30.0,11.24296875,0.0
3696,-33.75,11.675390625,0.0
3697,-33.75,12.1078125,0.0
3698,-30.0,11.675390625,0.0
3699,-30.0,12.1078125,0.0
3700,-33.75,12.540234375,0.0
3701,-33.75,12.97265625,0.0
3702,-30.0,12.540234375,0.0
3703,-30.0,12.97265625,0.0
3704,-33.75,13.405078125,0.0
3705,-33.75,13.8375,0.0
3706,-30.0,13.405078125,0.0
3707,-30.0,13.8375,0.0
3708,-41.25,14.269921875,0.0
3709,-41.25,14.70234375,0.0
3710,-37.5,14.269921875,0.0
3711,-37.5,14.70234375,0.0
3712,-41.25,15.134765625,0.0
3713,-41.25,15.5671875,0.0
3714,-37.5,15.134765625,0.0
3715,-37.5,15.5671875,0.0
3716,-41.25,15.999609375,0.0
3717,-41.25,16.43203125,0.0
3718,-37.5,15.999609375,0.0
3719,-37.5,16.43203125,0.0
3720,-41.25,16.864453125,0.0
3721,-41.25,17.296875,0.0
3722,-37.5,16.864453125,0.0
3723,-37.5,17.296875,0.0
3724,-41.25,17.729296875,0.0
3725,-41.25,18.16171875,0.0
3726,-37.5,17.729296875,0.0
3727,-37.5,18.16171875,0.0
3728,-41.25,18.594140625,0.0
3729,-41.25,19.0265625,0.0
3730,-37.5,18.594140625,0.0
3731,-37.5,19.0265625,0.0
3732,-41.25,19.458984375,0.0
3733,-41.25,19.89140625,0.0
3734,-37.5,19.458984375,0.0
3735,-37.5,19.89140625,0.0
3736,-41.25,20.323828125,0.0
3737,-41.25,20.75625,0.0
3738,-37.5,20.323828125,0.0
3739,-37.5,20.75625,0.0
3740,-41.25,21.188671875,0.0
3741,-41.25,21.62109375,0.0
3742,-37.5,21.188671875,0.0
3743,-37.5,21.62109375,0.0
3744,-41.25,22.053515625,0.0
3745,-41.25,22.4859375,0.0
3746,-37.5,22.053515625,0.0
3747,-37.5,22.4859375,0.0
3748,-41.25,22.918359375,0.0
3749,-41.25,23.35078125,0.0
3750,-37.5,22.918359375,0.0
3751,-37.5,23.35078125,0.0
3752,-41.25,23.783203125,0.0
3753,-41.25,24.215625,0.0
3754,-37.5,23.783203125,0.0
3755,-37.5,24.215625,0.0
3756,-41.25,24.648046875,0.0
3757,-41.25,25.08046875,0.0
3758,-37.5,24.648046875,0.0
3759,-37.5,25.08046875,0.0
3760,-41.25,25.512890625,0.0
3761,-41.25,25.9453125,0.0
3762,-37.5,25.512890625,0.0
3763,-37.5,25.9453125,0.0
3764,-41.25,26.377734375,0.0
3765,-41.25,26.81015625,0.0
3766,-37.5,26.377734375,0.0
3767,-37.5,26.81015625,0.0
3768,-41.25,27.242578125,0.0
3769,-41.25,27.675,0.0
3770,-37.5,27.242578125,0.0
3771,-37.5,27.675,0.0
3772,-33.75,14.269921875,0.0
3773,-33.75,14.70234375,0.0
3774,-30.0,14.269921875,0.0
3775,-30.0,14.70234375,0.0
3776,-33.75,15.134765625,0.0
3777,-33.75,15.5671875,0.0
3778,-30.0,15.134765625,0.0
3779,-30.0,15.5671875,0.0
3780,-33.75,15.999609375,0.0
3781,-33.75,16.43203125,0.0
3782,-30.0,15.999609375,0.0
3783,-30.0,16.43203125,0.0
3784,-33.75,16.864453125,0.0
3785,-33.75,17.296875,0.0
3786,-30.0,16.864453125,0.0
3787,-30.0,17.296875,0.0
3788,-33.75,17.729296875,0.0
3789,-33.75,18.16171875,0.0
3790,-30.0,17.729296875,0.0
3791,-30.0,18.16171875,0.0
3792,-33.75,18.594140625,0.0
3793,-33.75,19.0265625,0.0
3794,-30.0,18.594140625,0.0
3795,-30.0,19.0265625,0.0
3796,-33.75,19.458984375,0.0
3797,-33.75,19.89140625,0.0
3798,-30.0,19.458984375,0.0
3799,-30.0,19.89140625,0.0
3800,-33.75,20.323828125,0.0
3801,-33.75,20.75625,0.0
3802,-30.0,20.323828125,0.0
3803,-30.0,20.75625,0.0
3804,-33.75,21.188671875,0.0
3805,-33.75,21.62109375,0.0
3806,-30.0,21.188671875,0.0
3807,-30.0,21.62109375,0.0
3808,-33.75,22.053515625,0.0
3809,-33.75,22.4859375,0.0
3810,-30.0,22.053515625,0.0
3811,-30.0,22.4859375,0.0
3812,-33.75,22.918359375,0.0
3813,-33.75,23.35078125,0.0
3814,-30.0,22.918359375,0.0
3815,-30.0,23.35078125,0.0
3816,-33.75,23.783203125,0.0
3817,-33.75,24.215625,0.0
3818,-30.0,23.783203125,0.0
3819,-30.0,24.215625,0.0
3820,-33.75,24.648046875,0.0
3821,-33.75,25.08046875,0.0
3822,-30.0,24.648046875,0.0
3823,-30.0,25.08046875,0.0
3824,-33.75,25.512890625,0.0
3825,-33.75,25.9453125,0.0
3826,-30.0,25.512890625,0.0
3827,-30.0,25.9453125,0.0
3828,-33.75,26.377734375,0.0
3829,-33.75,26.81015625,0.0
3830,-30.0,26.377734375,0.0
3831,-30.0,26.81015625,0.0
3832,-33.75,27.242578125,0.0
3833,-33.75,27.675,0.0
3834,-30.0,27.242578125,0.0
3835,-30.0,27.675,0.0
3836,-56.25,28.107421875,0.0
3837,-56.25,28.53984375,0.0
3838,-52.5,28.107421875,0.0
3839,-52.5,28.53984375,0.0
3840,-56.25,28.972265625,0.0
3841,-56.25,29.4046875,0.0
3842,-52.5,28.972265625,0.0
3843,-52.5,29.4046875,0.0
3844,-56.25,29.837109375,0.0
3845,-56.25,30.26953125,0.0
3846,-52.5,29.837109375,0.0
3847,-52.5,30.26953125,0.0
3848,-56.25,30.701953125,0.0
3849,-56.25,31.134375,0.0
3850,-52.5,30.701953125,0.0
3851,-52.5,31.134375,0.0
3852,-56.25,31.566796875,0.0
3853,-56.25,31.99921875,0.0
3854,-52.5,31.566796875,0.0
3855,-52.5,31.99921875,0.0
3856,-56.25,32.431640625,0.0
3857,-56.25,32.8640625,0.0
3858,-52.5,32.431640625,0.0
3859,-52.5,32.8640625,0.0
3860,-56.25,33.29648437500001,0.0
3861,-56.25,33.72890625,0.0
3862,-52.5,33.29648437500001,0.0
3863,-52.5,33.72890625,0.0
3864,-56.25,34.161328125,0.0
3865,-56.25,34.59375,0.0
3866,-52.5,34.161328125,0.0
3867,-52.5,34.59375,0.0
3868,-56.25,35.026171875,0.0
3869,-56.25,35.45859375,0.0
3870,-52.5,35.026171875,0.0
3871,-52.5,35.45859375,0.0
3872,-56.25,35.89101562499999,0.0
3873,-56.25,36.3234375,0.0
3874,-52.5,35.89101562499999,0.0
3875,-52.5,36.3234375,0.0
3876,-56.25,36.755859375,0.0
3877,-56.25,37.18828125,0.0
3878,-52.5,36.755859375,0.0
3879,-52.5,37.18828125,0.0
3880,-56.25,37.62070312500001,0.0
3881,-56.25,38.053125,0.0
3882,-52.5,37.62070312500001,0.0
3883,-52.5,38.053125,0.0
3884,-56.25,38.485546875,0.0
3885,-56.25,38.91796875,0.0
3886,-52.5,38.485546875,0.0
3887,-52.5,38.91796875,0.0
3888,-56.25,39.350390625,0.0
3889,-56.25,39.78281250000001,0.0
3890,-52.5,39.350390625,0.0
3891,-52.5,39.78281250000001,0.0
3892,-56.25,40.21523437500001,0.0
3893,-56.25,40.64765625,0.0
3894,-52.5,40.21523437500001,0.0
3895,-52.5,40.64765625,0.0
3896,-56.25,41.080078125,0.0
3897,-56.25,41.5125,0.0
3898,-52.5,41.080078125,0.0
3899,-52.5,41.5125,0.0
3900,-48.75,28.107421875,0.0
3901,-48.75,28.53984375,0.0
3902,-45.0,28.107421875,0.0
3903,-45.0,28.53984375,0.0
3904,-48.75,28.972265625,0.0
3905,-48.75,29.4046875,0.0
3906,-45.0,28.972265625,0.0
3907,-45.0,29.4046875,0.0
3908,-48.75,29.837109375,0.0
3909,-48.75,30.26953125,0.0
3910,-45.0,29.837109375,0.0
3911,-45.0,30.26953125,0.0
3912,-48.75,30.701953125,0.0
3913,-48.75,31.134375,0.0
3914,-45.0,30.701953125,0.0
3915,-45.0,31.134375,0.0
3916,-48.75,31.566796875,0.0
3917,-48.75,31.99921875,0.0
3918,-45.0,31.566796875,0.0
3919,-45.0,31.99921875,0.0
3920,-48.75,32.431640625,0.0
3921,-48.75,32.8640625,0.0
3922,-45.0,32.431640625,0.0
3923,-45.0,32.8640625,0.0
3924,-48.75,33.29648437500001,0.0
3925,-48.75,33.72890625,0.0
3926,-45.0,33.29648437500001,0.0
3927,-45.0,33.72890625,0.0
3928,-48.75,34.161328125,0.0
3929,-48.75,34.59375,0.0
3930,-45.0,34.161328125,0.0
3931,-45.0,34.59375,0.0
3932,-48.75,35.026171875,0.0
3933,-48.75,35.45859375,0.0
3934,-45.0,35.026171875,0.0
3935,-45.0,35.45859375,0.0
3936,-48.75,35.89101562499999,0.0
3937,-48.75,36.3234375,0.0
3938,-45.0,35.89101562499999,0.0
3939,-45.0,36.3234375,0.0
3940,-48.75,36.755859375,0.0
3941,-48.75,37.18828125,0.0
3942,-45.0,36.755859375,0.0
3943,-45.0,37.18828125,0.0
3944,-48.75,37.62070312500001,0.0
3945,-48.75,38.053125,0.0
3946,-45.0,37.62070312500001,0.0
3947,-45.0,38.053125,0.0
3948,-48.75,38.485546875,0.0
3949,-48.75,38.91796875,0.0
3950,-45.0,38.485546875,0.0
3951,-45.0,38.91796875,0.0
3952,-48.75,39.350390625,0.0
3953,-48.75,39.78281250000001,0.0
3954,-45.0,39.350390625,0.0
3955,-45.0,39.78281250000001,0.0
3956,-48.75,40.21523437500001,0.0
3957,-48.75,40.64765625,0.0
3958,-45.0,40.21523437500001,0.0
3959,-45.0,40.64765625,0.0
3960,-48.75,41.080078125,0.0
3961,-48.75,41.5125,0.0
3962,-45.0,41.080078125,0.0
3963,-45.0,41.5125,0.0
3964,-56.25,41.94492187500001,0.0
3965,-56.25,42.37734375,0.0
3966,-52.5,41.94492187500001,0.0
3967,-52.5,42.37734375,0.0
3968,-56.25,42.809765625,0.0
3969,-56.25,43.2421875,0.0
3970,-52.5,42.809765625,0.0
3971,-52.5,43.2421875,0.0
3972,-56.25,43.674609375,0.0
3973,-56.25,44.10703125000001,0.0
3974,-52.5,43.674609375,0.0
3975,-52.5,44.10703125000001,0.0
3976,-56.25,44.53945312500001,0.0
3977,-56.25,44.971875,0.0
3978,-52.5,44.53945312500001,0.0
3979,-52.5,44.971875,0.0
3980,-56.25,45.404296875,0.0
3981,-56.25,45.83671875,0.0
3982,-52.5,45.404296875,0.0
3983,-52.5,45.83671875,0.0
3984,-56.25,46.26914062500001,0.0
3985,-56.25,46.70156250000001,0.0
3986,-52.5,46.26914062500001,0.0
3987,-52.5,46.70156250000001,0.0
3988,-56.25,47.13398437500001,0.0
3989,-56.25,47.56640625000001,0.0
3990,-52.5,47.13398437500001,0.0
3991,-52.5,47.56640625000001,0.0
3992,-56.25,47.998828125,0.0
3993,-56.25,48.43125000000001,0.0
3994,-52.5,47.998828125,0.0
3995,-52.5,48.43125000000001,0.0
3996,-56.25,48.86367187500001,0.0
3997,-56.25,49.29609375,0.0
3998,-52.5,48.86367187500001,0.0
3999,-52.5,49.29609375,0.0
4000,-56.25,49.728515625,0.0
4001,-56.25,50.1609375,0.0
4002,-52.5,49.728515625,0.0
4003,-52.5,50.1609375,0.0
4004,-56.25,50.59335937500001,0.0
4005,-56.25,51.02578125,0.0
4006,-52.5,50.59335937500001,0.0
4007,-52.5,51.02578125,0.0
4008,-56.25,51.458203125,0.0
4009,-56.25,51.890625,0.0
4010,-52.5,51.458203125,0.0
4011,-52.5,51.890625,0.0
4012,-56.25,52.323046875,0.0
4013,-56.25,52.75546875,0.0
4014,-52.5,52.323046875,0.0
4015,-52.5,52.75546875,0.0
4016,-56.25,53.18789062499999,0.0
4017,-56.25,53.6203125,0.0
4018,-52.5,53.18789062499999,0.0
4019,-52.5,53.6203125,0.0
4020,-56.25,54.052734375,0.0
4021,-56.25,54.48515625,0.0
4022,-52.5,54.052734375,0.0
4023,-52.5,54.48515625,0.0
4024,-56.25,54.91757812500001,0.0
4025,-56.25,55.35,0.0
4026,-52.5,54.91757812500001,0.0
4027,-52.5,55.35,0.0
4028,-48.75,41.94492187500001,0.0
4029,-48.75,42.37734375,0.0
4030,-45.0,41.94492187500001,0.0
4031,-45.0,42.37734375,0.0
4032,-48.75,42.809765625,0.0
4033,-48.75,43.2421875,0.0
4034,-45.0,42.809765625,0.0
4035,-45.0,43.2421875,0.0
4036,-48.75,43.674609375,0.0
4037,-48.75,44.10703125000001,0.0
4038,-45.0,43.674609375,0.0
4039,-45.0,44.10703125000001,0.0
4040,-48.75,44.53945312500001,0.0
4041,-48.75,44.971875,0.0
4042,-45.0,44.53945312500001,0.0
4043,-45.0,44.971875,0.0
4044,-48.75,45.404296875,0.0
4045,-48.75,45.83671875,0.0
4046,-45.0,45.404296875,0.0
4047,-45.0,45.83671875,0.0
4048,-48.75,46.26914062500001,0.0
4049,-48.75,46.70156250000001,0.0
4050,-45.0,46.26914062500001,0.0
4051,-45.0,46.70156250000001,0.0
4052,-48.75,47.13398437500001,0.0
4053,-48.75,47.56640625000001,0.0
4054,-45.0,47.13398437500001,0.0
4055,-45.0,47.56640625000001,0.0
4056,-48.75,47.998828125,0.0
4057,-48.75,48.43125000000001,0.0
4058,-45.0,47.998828125,0.0
4059,-45.0,48.43125000000001,0.0
4060,-48.75,48.86367187500001,0.0
4061,-48.75,49.29609375,0.0
4062,-45.0,48.86367187500001,0.0
4063,-45.0,49.29609375,0.0
4064,-48.75,49.728515625,0.0
4065,-48.75,50.1609375,0.0
4066,-45.0,49.728515625,0.0
4067,-45.0,50.1609375,0.0
4068,-48.75,50.59335937500001,0.0
4069,-48.75,51.02578125,0.0
4070,-45.0,50.59335937500001,0.0
4071,-45.0,51.02578125,0.0
4072,-48.75,51.458203125,0.0
4073,-48.75,51.890625,0.0
4074,-45.0,51.458203125,0.0
4075,-45.0,51.890625,0.0
4076,-48.75,52.323046875,0.0
4077,-48.75,52.75546875,0.0
4078,-45.0,52.323046875,0.0
4079,-45.0,52.75546875,0.0
4080,-48.75,53.18789062499999,0.0
4081,-48.75,53.6203125,0.0
4082,-45.0,53.18789062499999,0.0
4083,-45.0,53.6203125,0.0
4084,-48.75,54.052734375,0.0
4085,-48.75,54.48515625,0.0
4086,-45.0,54.052734375,0.0
4087,-45.0,54.48515625,0.0
4088,-48.75,54.91757812500001,0.0
4089,-48.75,55.35,0.0
4090,-45.0,54.91757812500001,0.0
4091,-45.0,55.35,0.0
4092,-41.25,28.107421875,0.0
4093,-41.25,28.53984375,0.0
4094,-37.5,28.107421875,0.0
4095,-37.5,28.53984375,0.0
4096,-41.25,28.972265625,0.0
4097,-41.25,29.4046875,0.0
4098,-37.5,28.972265625,0.0
4099,-37.5,29.4046875,0.0
4100,-41.25,29.837109375,0.0
4101,-41.25,30.26953125,0.0
4102,-37.5,29.837109375,0.0
4103,-37.5,30.26953125,0.0
4104,-41.25,30.701953125,0.0
4105,-41.25,31.134375,0.0
4106,-37.5,30.701953125,0.0
4107,-37.5,31.134375,0.0
4108,-41.25,31.566796875,0.0
4109,-41.25,31.99921875,0.0
4110,-37.5,31.566796875,0.0
4111,-37.5,31.99921875,0.0
4112,-41.25,32.431640625,0.0
4113,-41.25,32.8640625,0.0
4114,-37.5,32.431640625,0.0
4115,-37.5,32.8640625,0.0
4116,-41.25,33.29648437500001,0.0
4117,-41.25,33.72890625,0.0
4118,-37.5,33.29648437500001,0.0
4119,-37.5,33.72890625,0.0
4120,-41.25,34.161328125,0.0
4121,-41.25,34.59375,0.0
4122,-37.5,34.161328125,0.0
4123,-37.5,34.59375,0.0
4124,-41.25,35.026171875,0.0
4125,-41.25,35.45859375,0.0
4126,-37.5,35.026171875,0.0
4127,-37.5,35.45859375,0.0
4128,-41.25,35.89101562499999,0.0
4129,-41.25,36.3234375,0.0
4130,-37.5,35.89101562499999,0.0
4131,-37.5,36.3234375,0.0
4132,-41.25,36.755859375,0.0
4133,-41.25,37.18828125,0.0
4134,-37.5,36.755859375,0.0
4135,-37.5,37.18828125,0.0
4136,-41.25,37.62070312500001,0.0
4137,-41.25,38.053125,0.0
4138,-37.5,37.62070312500001,0.0
4139,-37.5,38.053125,0.0
4140,-41.25,38.485546875,0.0
4141,-41.25,38.91796875,0.0
4142,-37.5,38.485546875,0.0
4143,-37.5,38.91796875,0.0
4144,-41.25,39.350390625,0.0
4145,-41.25,39.78281250000001,0.0
4146,-37.5,39.350390625,0.0
4147,-37.5,39.78281250000001,0.0
4148,-41.25,40.21523437500001,0.0
4149,-41.25,40.64765625,0.0
4150,-37.5,40.21523437500001,0.0
4151,-37.5,40.64765625,0.0
4152,-41.25,41.080078125,0.0
4153,-41.25,41.5125,0.0
4154,-37.5,41.080078125,0.0
4155,-37.5,41.5125,0.0
4156,-33.75,28.107421875,0.0
4157,-33.75,28.53984375,0.0
4158,-30.0,28.107421875,0.0
4159,-30.0,28.53984375,0.0
4160,-33.75,28.972265625,0.0
4161,-33.75,29.4046875,0.0
4162,-30.0,28.972265625,0.0
4163,-30.0,29.4046875,0.0
4164,-33.75,29.837109375,0.0
4165,-33.75,30.26953125,0.0
4166,-30.0,29.837109375,0.0
4167,-30.0,30.26953125,0.0
4168,-33.75,30.701953125,0.0
4169,-33.75,31.134375,0.0
4170,-30.0,30.701953125,0.0
4171,-30.0,31.134375,0.0
4172,-33.75,31.566796875,0.0
4173,-33.75,31.99921875,0.0
4174,-30.0,31.566796875,0.0
4175,-30.0,31.99921875,0.0
4176,-33.75,32.431640625,0.0
4177,-33.75,32.8640625,0.0
4178,-30.0,32.431640625,0.0
4179,-30.0,32.8640625,0.0
4180,-33.75,33.29648437500001,0.0
4181,-33.75,33.72890625,0.0
4182,-30.0,33.29648437500001,0.0
4183,-30.0,33.72890625,0.0
4184,-33.75,34.161328125,0.0
4185,-33.75,34.59375,0.0
4186,-30.0,34.161328125,0.0
4187,-30.0,34.59375,0.0
4188,-33.75,35.026171875,0.0
4189,-33.75,35.45859375,0.0
4190,-30.0,35.026171875,0.0
4191,-30.0,35.45859375,0.0
4192,-33.75,35.89101562499999,0.0
4193,-33.75,36.3234375,0.0
4194,-30.0,35.89101562499999,0.0
4195,-30.0,36.3234375,0.0
4196,-33.75,36.755859375,0.0
4197,-33.75,37.18828125,0.0
4198,-30.0,36.755859375,0.0
4199,-30.0,37.18828125,0.0
4200,-33.75,37.62070312500001,0.0
4201,-33.75,38.053125,0.0
4202,-30.0,37.62070312500001,0.0
4203,-30.0,38.053125,0.0
4204,-33.75,38.485546875,0.0
4205,-33.75,38.91796875,0.0
4206,-30.0,38.485546875,0.0
4207,-30.0,38.91796875,0.0
4208,-33.75,39.350390625,0.0
4209,-33.75,39.78281250000001,0.0
4210,-30.0,39.350390625,0.0
4211,-30.0,39.78281250000001,0.0
4212,-33.75,40.21523437500001,0.0
4213,-33.75,40.64765625,0.0
4214,-30.0,40.21523437500001,0.0
4215,-30.0,40.64765625,0.0
4216,-33.75,41.080078125,0.0
4217,-33.75,41.5125,0.0
4218,-30.0,41.080078125,0.0
4219,-30.0,41.5125,0.0
4220,-41.25,41.94492187500001,0.0
4221,-41.25,42.37734375,0.0
4222,-37.5,41.94492187500001,0.0
4223,-37.5,42.37734375,0.0
4224,-41.25,42.809765625,0.0
4225,-41.25,43.2421875,0.0
4226,-37.5,42.809765625,0.0
4227,-37.5,43.2421875,0.0
4228,-41.25,43.674609375,0.0
4229,-41.25,44.10703125000001,0.0
4230,-37.5,43.674609375,0.0
4231,-37.5,44.10703125000001,0.0
4232,-41.25,44.53945312500001,0.0
4233,-41.25,44.971875,0.0
4234,-37.5,44.53945312500001,0.0
4235,-37.5,44.971875,0.0
4236,-41.25,45.404296875,0.0
4237,-41.25,45.83671875,0.0
4238,-37.5,45.404296875,0.0
4239,-37.5,45.83671875,0.0
4240,-41.25,46.26914062500001,0.0
4241,-41.25,46.70156250000001,0.0
4242,-37.5,46.26914062500001,0.0
4243,-37.5,46.70156250000001,0.0
4244,-41.25,47.13398437500001,0.0
4245,-41.25,47.56640625000001,0.0
4246,-37.5,47.13398437500001,0.0
4247,-37.5,47.56640625000001,0.0
4248,-41.25,47.998828125,0.0
4249,-41.25,48.43125000000001,0.0
4250,-37.5,47.998828125,0.0
4251,-37.5,48.43125000000001,0.0
4252,-41.25,48.86367187500001,0.0
4253,-41.25,49.29609375,0.0
4254,-37.5,48.86367187500001,0.0
4255,-37.5,49.29609375,0.0
4256,-41.25,49.728515625,0.0
4257,-41.25,50.1609375,0.0
4258,-37.5,49.728515625,0.0
4259,-37.5,50.1609375,0.0
4260,-41.25,50.59335937500001,0.0
4261,-41.25,51.02578125,0.0
4262,-37.5,50.59335937500001,0.0
4263,-37.5,51.02578125,0.0
4264,-41.25,51.458203125,0.0
4265,-41.25,51.890625,0.0
4266,-37.5,51.458203125,0.0
4267,-37.5,51.890625,0.0
4268,-41.25,52.323046875,0.0
4269,-41.25,52.75546875,0.0
4270,-37.5,52.323046875,0.0
4271,-37.5,52.75546875,0.0
4272,-41.25,53.18789062499999,0.0
4273,-41.25,53.6203125,0.0
4274,-37.5,53.18789062499999,0.0
4275,-37.5,53.6203125,0.0
4276,-41.25,54.052734375,0.0
4277,-41.25,54.48515625,0.0
4278,-37.5,54.052734375,0.0
4279,-37.5,54.48515625,0.0
4280,-41.25,54.91757812500001,0.0
4281,-41.25,55.35,0.0
4282,-37.5,54.91757812500001,0.0
4283,-37.5,55.35,0.0
4284,-33.75,41.94492187500001,0.0
4285,-33.75,42.37734375,0.0
4286,-30.0,41.94492187500001,0.0
4287,-30.0,42.37734375,0.0
4288,-33.75,42.809765625,0.0
4289,-33.75,43.2421875,0.0
4290,-30.0,42.809765625,0.0
4291,-30.0,43.2421875,0.0
4292,-33.75,43.674609375,0.0
4293,-33.75,44.10703125000001,0.0
4294,-30.0,43.674609375,0.0
4295,-30.0,44.10703125000001,0.0
4296,-33.75,44.53945312500001,0.0
4297,-33.75,44.971875,0.0
4298,-30.0,44.53945312500001,0.0
4299,-30.0,44.971875,0.0
4300,-33.75,45.404296875,0.0
4301,-33.75,45.83671875,0.0
4302,-30.0,45.404296875,0.0
4303,-30.0,45.83671875,0.0
4304,-33.75,46.26914062500001,0.0
4305,-33.75,46.70156250000001,0.0
4306,-30.0,46.26914062500001,0.0
4307,-30.0,46.70156250000001,0.0
4308,-33.75,47.13398437500001,0.0
4309,-33.75,47.56640625000001,0.0
4310,-30.0,47.13398437500001,0.0
4311,-30.0,47.56640625000001,0.0
4312,-33.75,47.998828125,0.0
4313,-33.75,48.43125000000001,0.0
4314,-30.0,47.998828125,0.0
4315,-30.0,48.43125000000001,0.0
4316,-33.75,48.86367187500001,0.0
4317,-33.75,49.29609375,0.0
4318,-30.0,48.86367187500001,0.0
4319,-30.0,49.29609375,0.0
4320,-33.75,49.728515625,0.0
4321,-33.75,50.1609375,0.0
4322,-30.0,49.728515625,0.0
4323,-30.0,50.1609375,0.0
4324,-33.75,50.59335937500001,0.0
4325,-33.75,51.02578125,0.0
4326,-30.0,50.59335937500001,0.0
4327,-30.0,51.02578125,0.0
4328,-33.75,51.458203125,0.0
4329,-33.75,51.890625,0.0
4330,-30.0,51.458203125,0.0
4331,-30.0,51.890625,0.0
4332,-33.75,52.323046875,0.0
4333,-33.75,52.75546875,0.0
4334,-30.0,52.323046875,0.0
4335,-30.0,52.75546875,0.0
4336,-33.75,53.18789062499999,0.0
4337,-33.75,53.6203125,0.0
4338,-30.0,53.18789062499999,0.0
4339,-30.0,53.6203125,0.0
4340,-33.75,54.052734375,0.0
4341,-33.75,54.48515625,0.0
4342,-30.0,54.052734375,0.0
4343,-30.0,54.48515625,0.0
4344,-33.75,54.91757812500001,0.0
4345,-33.75,55.35,0.0
4346,-30.0,54.91757812500001,0.0
4347,-30.0,55.35,0.0
4348,-26.25,0.01351318359375,0.0
4349,-26.25,-0.0,0.0
4350,-26.25,0.0270263671875,0.0
4351,-22.5,0.01351318359375,0.0
4352,-22.5,-0.0,0.0
4353,-22.5,0.0270263671875,0.0
4354,-26.25,0.04053955078125,0.0
4355,-26.25,0.054052734375,0.0
4356,-22.5,0.04053955078125,0.0
4357,-22.5,0.054052734375,0.0
4358,-26.25,0.06756591796875,0.0
4359,-26.25,0.0810791015625,0.0
4360,-22.5,0.06756591796875,0.0
4361,-22.5,0.0810791015625,0.0
4362,-26.25,0.09459228515625001,0.0
4363,-22.5,0.09459228515625001,0.0
4364,-26.25,0.101348876953125,0.0
4365,-26.25,0.10810546875,0.0
4366,-22.5,0.101348876953125,0.0
4367,-22.5,0.10810546875,0.0
4368,-26.25,0.114862060546875,0.0
4369,-26.25,0.12161865234375,0.0
4370,-22.5,0.114862060546875,0.0
4371,-22.5,0.12161865234375,0.0
4372,-26.25,0.128375244140625,0.0
4373,-26.25,0.1351318359375,0.0
4374,-22.5,0.128375244140625,0.0
4375,-22.5,0.1351318359375,0.0
4376,-26.25,0.141888427734375,0.0
4377,-26.25,0.14864501953125,0.0
4378,-22.5,0.141888427734375,0.0
4379,-22.5,0.14864501953125,0.0
4380,-26.25,0.155401611328125,0.0
4381,-26.25,0.162158203125,0.0
4382,-22.5,0.155401611328125,0.0
4383,-22.5,0.162158203125,0.0
4384,-26.25,0.168914794921875,0.0
4385,-26.25,0.17567138671875,0.0
4386,-22.5,0.168914794921875,0.0
4387,-22.5,0.17567138671875,0.0
4388,-26.25,0.182427978515625,0.0
4389,-26.25,0.1891845703125,0.0
4390,-22.5,0.182427978515625,0.0
4391,-22.5,0.1891845703125,0.0
4392,-26.25,0.195941162109375,0.0
4393,-26.25,0.2,0.0
4394,-26.25,0.20269775390625,0.0
4395,-22.5,0.195941162109375,0.0
4396,-22.5,0.2,0.0
4397,-22.5,0.20269775390625,0.0
4398,-26.25,0.209454345703125,0.0
4399,-26.25,0.2162109375,0.0
4400,-22.5,0.209454345703125,0.0
4401,-22.5,0.2162109375,0.0
4402,-26.25,0.222967529296875,0.0
4403,-26.25,0.22972412109375,0.0
4404,-22.5,0.222967529296875,0.0
4405,-22.5,0.22972412109375,0.0
4406,-26.25,0.236480712890625,0.0
4407,-26.25,0.2432373046875,0.0
4408,-22.5,0.236480712890625,0.0
4409,-22.5,0.2432373046875,0.0
4410,-26.25,0.249993896484375,0.0
4411,-26.25,0.25675048828125,0.0
4412,-22.5,0.249993896484375,0.0
4413,-22.5,0.25675048828125,0.0
4414,-26.25,0.263507080078125,0.0
4415,-26.25,0.270263671875,0.0
4416,-22.5,0.263507080078125,0.0
4417,-22.5,0.270263671875,0.0
4418,-26.25,0.277020263671875,0.0
4419,-26.25,0.28377685546875,0.0
4420,-22.5,0.277020263671875,0.0
4421,-22.5,0.28377685546875,0.0
4422,-26.25,0.290533447265625,0.0
4423,-26.25,0.2972900390625,0.0
4424,-22.5,0.290533447265625,0.0
4425,-22.5,0.2972900390625,0.0
4426,-26.25,0.304046630859375,0.0
4427,-26.25,0.31080322265625,0.0
4428,-22.5,0.304046630859375,0.0
4429,-22.5,0.31080322265625,0.0
4430,-26.25,0.32431640625,0.0
4431,-22.5,0.32431640625,0.0
4432,-26.25,0.3513427734375,0.0
4433,-22.5,0.3513427734375,0.0
4434,-26.25,0.378369140625,0.0
4435,-22.5,0.378369140625,0.0
4436,-26.25,0.432421875,0.0
4437,-22.5,0.432421875,0.0
4438,-26.25,0.54052734375,0.0
4439,-22.5,0.54052734375,0.0
4440,-26.25,0.6486328125,0.0
4441,-22.5,0.6486328125,0.0
4442,-26.25,0.86484375,0.0
4443,-22.5,0.86484375,0.0
4444,-26.25,1.297265625,0.0
4445,-22.5,1.297265625,0.0
4446,-26.25,1.7296875,0.0
4447,-22.5,1.7296875,0.0
4448,-26.25,2.162109375,0.0
4449,-26.25,2.59453125,0.0
4450,-22.5,2.162109375,0.0
4451,-22.5,2.59453125,0.0
4452,-26.25,3.026953125,0.0
4453,-26.25,3.459375,0.0
4454,-22.5,3.026953125,0.0
4455,-22.5,3.459375,0.0
4456,-26.25,3.891796875,0.0
4457,-26.25,4.32421875,0.0
4458,-22.5,3.891796875,0.0
4459,-22.5,4.32421875,0.0
4460,-26.25,4.756640625,0.0
4461,-26.25,5.1890625,0.0
4462,-22.5,4.756640625,0.0
4463,-22.5,5.1890625,0.0
4464,-26.25,5.621484375000001,0.0
4465,-26.25,6.053906250000001,0.0
4466,-22.5,5.621484375000001,0.0
4467,-22.5,6.053906250000001,0.0
4468,-26.25,6.486328125,0.0
4469,-26.25,6.91875,0.0
4470,-22.5,6.486328125,0.0
4471,-22.5,6.91875,0.0
4472,-26.25,7.351171875,0.0
4473,-26.25,7.78359375,0.0
4474,-22.5,7.351171875,0.0
4475,-22.5,7.78359375,0.0
4476,-26.25,8.216015625,0.0
4477,-26.25,8.6484375,0.0
4478,-22.5,8.216015625,0.0
4479,-22.5,8.6484375,0.0
4480,-26.25,9.080859375,0.0
4481,-26.25,9.51328125,0.0
4482,-22.5,9.080859375,0.0
4483,-22.5,9.51328125,0.0
4484,-26.25,9.945703125000001,0.0
4485,-26.25,10.378125,0.0
4486,-22.5,9.945703125000001,0.0
4487,-22.5,10.378125,0.0
4488,-26.25,10.810546875,0.0
4489,-26.25,11.24296875,0.0
4490,-22.5,10.810546875,0.0
4491,-22.5,11.24296875,0.0
4492,-26.25,11.675390625,0.0
4493,-26.25,12.1078125,0.0
4494,-22.5,11.675390625,0.0
4495,-22.5,12.1078125,0.0
4496,-26.25,12.540234375,0.0
4497,-26.25,12.97265625,0.0
4498,-22.5,12.540234375,0.0
4499,-22.5,12.97265625,0.0
4500,-26.25,13.405078125,0.0
4501,-26.25,13.8375,0.0
4502,-22.5,13.405078125,0.0
4503,-22.5,13.8375,0.0
4504,-18.75,0.01351318359375,0.0
4505,-18.75,-0.0,0.0
4506,-18.75,0.0270263671875,0.0
4507,-15.0,0.01351318359375,0.0
4508,-15.0,-0.0,0.0
4509,-15.0,0.0270263671875,0.0
4510,-18.75,0.04053955078125,0.0
4511,-18.75,0.054052734375,0.0
4512,-15.0,0.04053955078125,0.0
4513,-15.0,0.054052734375,0.0
4514,-18.75,0.06756591796875,0.0
4515,-18.75,0.0810791015625,0.0
4516,-15.0,0.06756591796875,0.0
4517,-15.0,0.0810791015625,0.0
4518,-18.75,0.09459228515625001,0.0
4519,-15.0,0.09459228515625001,0.0
4520,-18.75,0.101348876953125,0.0
4521,-18.75,0.10810546875,0.0
4522,-15.0,0.101348876953125,0.0
4523,-15.0,0.10810546875,0.0
4524,-18.75,0.114862060546875,0.0
4525,-18.75,0.12161865234375,0.0
4526,-15.0,0.114862060546875,0.0
4527,-15.0,0.12161865234375,0.0
4528,-18.75,0.128375244140625,0.0
4529,-18.75,0.1351318359375,0.0
4530,-15.0,0.128375244140625,0.0
4531,-15.0,0.1351318359375,0.0
4532,-18.75,0.141888427734375,0.0
4533,-18.75,0.14864501953125,0.0
4534,-15.0,0.141888427734375,0.0
4535,-15.0,0.14864501953125,0.0
4536,-18.75,0.155401611328125,0.0
4537,-18.75,0.162158203125,0.0
4538,-15.0,0.155401611328125,0.0
4539,-15.0,0.162158203125,0.0
4540,-18.75,0.168914794921875,0.0
4541,-18.75,0.17567138671875,0.0
4542,-15.0,0.168914794921875,0.0
4543,-15.0,0.17567138671875,0.0
4544,-18.75,0.182427978515625,0.0
4545,-18.75,0.1891845703125,0.0
4546,-15.0,0.182427978515625,0.0
4547,-15.0,0.1891845703125,0.0
4548,-18.75,0.195941162109375,0.0
4549,-18.75,0.2,0.0
4550,-18.75,0.20269775390625,0.0
4551,-15.0,0.195941162109375,0.0
4552,-15.0,0.2,0.0
4553,-15.0,0.20269775390625,0.0
4554,-18.75,0.209454345703125,0.0
4555,-18.75,0.2162109375,0.0
4556,-15.0,0.209454345703125,0.0
4557,-15.0,0.2162109375,0.0
4558,-18.75,0.222967529296875,0.0
4559,-18.75,0.22972412109375,0.0
4560,-15.0,0.222967529296875,0.0
4561,-15.0,0.22972412109375,0.0
4562,-18.75,0.236480712890625,0.0
4563,-18.75,0.2432373046875,0.0
4564,-15.0,0.236480712890625,0.0
4565,-15.0,0.2432373046875,0.0
4566,-18.75,0.249993896484375,0.0
4567,-18.75,0.25675048828125,0.0
4568,-15.0,0.249993896484375,0.0
4569,-15.0,0.25675048828125,0.0
4570,-18.75,0.263507080078125,0.0
4571,-18.75,0.270263671875,0.0
4572,-15.0,0.263507080078125,0.0
4573,-15.0,0.270263671875,0.0
4574,-18.75,0.277020263671875,0.0
4575,-18.75,0.28377685546875,0.0
4576,-15.0,0.277020263671875,0.0
4577,-15.0,0.28377685546875,0.0
4578,-18.75,0.290533447265625,0.0
4579,-18.75,0.2972900390625,0.0
4580,-15.0,0.290533447265625,0.0
4581,-15.0,0.2972900390625,0.0
4582,-18.75,0.304046630859375,0.0
4583,-18.75,0.31080322265625,0.0
4584,-15.0,0.304046630859375,0.0
4585,-15.0,0.31080322265625,0.0
4586,-18.75,0.32431640625,0.0
4587,-15.0,0.32431640625,0.0
4588,-18.75,0.3513427734375,0.0
4589,-15.0,0.3513427734375,0.0
4590,-18.75,0.378369140625,0.0
4591,-15.0,0.378369140625,0.0
4592,-18.75,0.432421875,0.0
4593,-15.0,0.432421875,0.0
4594,-18.75,0.54052734375,0.0
4595,-15.0,0.54052734375,0.0
4596,-18.75,0.6486328125,0.0
4597,-15.0,0.6486328125,0.0
4598,-18.75,0.86484375,0.0
4599,-15.0,0.86484375,0.0
4600,-18.75,1.297265625,0.0
4601,-15.0,1.297265625,0.0
4602,-18.75,1.7296875,0.0
4603,-15.0,1.7296875,0.0
4604,-18.75,2.162109375,0.0
4605,-18.75,2.59453125,0.0
4606,-15.0,2.162109375,0.0
4607,-15.0,2.59453125,0.0
4608,-18.75,3.026953125,0.0
4609,-18.75,3.459375,0.0
4610,-15.0,3.026953125,0.0
4611,-15.0,3.459375,0.0
4612,-18.75,3.891796875,0.0
4613,-18.75,4.32421875,0.0
4614,-15.0,3.891796875,0.0
4615,-15.0,4.32421875,0.0
4616,-18.75,4.756640625,0.0
4617,-18.75,5.1890625,0.0
4618,-15.0,4.756640625,0.0
4619,-15.0,5.1890625,0.0
4620,-18.75,5.621484375000001,0.0
4621,-18.75,6.053906250000001,0.0
4622,-15.0,5.621484375000001,0.0
4623,-15.0,6.053906250000001,0.0
4624,-18.75,6.486328125,0.0
4625,-18.75,6.91875,0.0
4626,-15.0,6.486328125,0.0
4627,-15.0,6.91875,0.0
4628,-18.75,7.351171875,0.0
4629,-18.75,7.78359375,0.0
4630,-15.0,7.351171875,0.0
4631,-15.0,7.78359375,0.0
4632,-18.75,8.216015625,0.0
4633,-18.75,8.6484375,0.0
4634,-15.0,8.216015625,0.0
4635,-15.0,8.6484375,0.0
4636,-18.75,9.080859375,0.0
4637,-18.75,9.51328125,0.0
4638,-15.0,9.080859375,0.0
4639,-15.0,9.51328125,0.0
4640,-18.75,9.945703125000001,0.0
4641,-18.75,10.378125,0.0
4642,-15.0,9.945703125000001,0.0
4643,-15.0,10.378125,0.0
4644,-18.75,10.810546875,0.0
4645,-18.75,11.24296875,0.0
4646,-15.0,10.810546875,0.0
4647,-15.0,11.24296875,0.0
4648,-18.75,11.675390625,0.0
4649,-18.75,12.1078125,0.0
4650,-15.0,11.675390625,0.0
4651,-15.0,12.1078125,0.0
4652,-18.75,12.540234375,0.0
4653,-18.75,12.97265625,0.0
4654,-15.0,12.540234375,0.0
4655,-15.0,12.97265625,0.0
4656,-18.75,13.405078125,0.0
4657,-18.75,13.8375,0.0
4658,-15.0,13.405078125,0.0
4659,-15.0,13.8375,0.0
4660,-26.25,14.269921875,0.0
4661,-26.25,14.70234375,0.0
4662,-22.5,14.269921875,0.0
4663,-22.5,14.70234375,0.0
4664,-26.25,15.134765625,0.0
4665,-26.25,15.5671875,0.0
4666,-22.5,15.134765625,0.0
4667,-22.5,15.5671875,0.0
4668,-26.25,15.999609375,0.0
4669,-26.25,16.43203125,0.0
4670,-22.5,15.999609375,0.0
4671,-22.5,16.43203125,0.0
4672,-26.25,16.864453125,0.0
4673,-26.25,17.296875,0.0
4674,-22.5,16.864453125,0.0
4675,-22.5,17.296875,0.0
4676,-26.25,17.729296875,0.0
4677,-26.25,18.16171875,0.0
4678,-22.5,17.729296875,0.0
4679,-22.5,18.16171875,0.0
4680,-26.25,18.594140625,0.0
4681,-26.25,19.0265625,0.0
4682,-22.5,18.594140625,0.0
4683,-22.5,19.0265625,0.0
4684,-26.25,19.458984375,0.0
4685,-26.25,19.89140625,0.0
4686,-22.5,19.458984375,0.0
4687,-22.5,19.89140625,0.0
4688,-26.25,20.323828125,0.0
4689,-26.25,20.75625,0.0
4690,-22.5,20.323828125,0.0
4691,-22.5,20.75625,0.0
4692,-26.25,21.188671875,0.0
4693,-26.25,21.62109375,0.0
4694,-22.5,21.188671875,0.0
4695,-22.5,21.62109375,0.0
4696,-26.25,22.053515625,0.0
4697,-26.25,22.4859375,0.0
4698,-22.5,22.053515625,0.0
4699,-22.5,22.4859375,0.0
4700,-26.25,22.918359375,0.0
4701,-26.25,23.35078125,0.0
4702,-22.5,22.918359375,0.0
4703,-22.5,23.35078125,0.0
4704,-26.25,23.783203125,0.0
4705,-26.25,24.215625,0.0
4706,-22.5,23.783203125,0.0
4707,-22.5,24.215625,0.0
4708,-26.25,24.648046875,0.0
4709,-26.25,25.08046875,0.0
4710,-22.5,24.648046875,0.0
4711,-22.5,25.08046875,0.0
4712,-26.25,25.512890625,0.0
4713,-26.25,25.9453125,0.0
4714,-22.5,25.512890625,0.0
4715,-22.5,25.9453125,0.0
4716,-26.25,26.377734375,0.0
4717,-26.25,26.81015625,0.0
4718,-22.5,26.377734375,0.0
4719,-22.5,26.81015625,0.0
4720,-26.25,27.242578125,0.0
4721,-26.25,27.675,0.0
4722,-22.5,27.242578125,0.0
4723,-22.5,27.675,0.0
4724,-18.75,14.269921875,0.0
4725,-18.75,14.70234375,0.0
4726,-15.0,14.269921875,0.0
4727,-15.0,14.70234375,0.0
4728,-18.75,15.134765625,0.0
4729,-18.75,15.5671875,0.0
4730,-15.0,15.134765625,0.0
4731,-15.0,15.5671875,0.0
4732,-18.75,15.999609375,0.0
4733,-18.75,16.43203125,0.0
4734,-15.0,15.999609375,0.0
4735,-15.0,16.43203125,0.0
4736,-18.75,16.864453125,0.0
4737,-18.75,17.296875,0.0
4738,-15.0,16.864453125,0.0
4739,-15.0,17.296875,0.0
4740,-18.75,17.729296875,0.0
4741,-18.75,18.16171875,0.0
4742,-15.0,17.729296875,0.0
4743,-15.0,18.16171875,0.0
4744,-18.75,18.594140625,0.0
4745,-18.75,19.0265625,0.0
4746,-15.0,18.594140625,0.0
4747,-15.0,19.0265625,0.0
4748,-18.75,19.458984375,0.0
4749,-18.75,19.89140625,0.0
4750,-15.0,19.458984375,0.0
4751,-15.0,19.89140625,0.0
4752,-18.75,20.323828125,0.0
4753,-18.75,20.75625,0.0
4754,-15.0,20.323828125,0.0
4755,-15.0,20.75625,0.0
4756,-18.75,21.188671875,0.0
4757,-18.75,21.62109375,0.0
4758,-15.0,21.188671875,0.0
4759,-15.0,21.62109375,0.0
4760,-18.75,22.053515625,0.0
4761,-18.75,22.4859375,0.0
4762,-15.0,22.053515625,0.0
4763,-15.0,22.4859375,0.0
4764,-18.75,22.918359375,0.0
4765,-18.75,23.35078125,0.0
4766,-15.0,22.918359375,0.0
4767,-15.0,23.35078125,0.0
4768,-18.75,23.783203125,0.0
4769,-18.75,24.215625,0.0
4770,-15.0,23.783203125,0.0
4771,-15.0,24.215625,0.0
4772,-18.75,24.648046875,0.0
4773,-18.75,25.08046875,0.0
4774,-15.0,24.648046875,0.0
4775,-15.0,25.08046875,0.0
4776,-18.75,25.512890625,0.0
4777,-18.75,25.9453125,0.0
4778,-15.0,25.512890625,0.0
4779,-15.0,25.9453125,0.0
4780,-18.75,26.377734375,0.0
4781,-18.75,26.81015625,0.0
4782,-15.0,26.377734375,0.0
4783,-15.0,26.81015625,0.0
4784,-18.75,27.242578125,0.0
4785,-18.75,27.675,0.0
4786,-15.0,27.242578125,0.0
4787,-15.0,27.675,0.0
4788,-11.25,0.01351318359375,0.0
4789,-11.25,-0.0,0.0
4790,-11.25,0.0270263671875,0.0
4791,-7.5,0.01351318359375,0.0
4792,-7.5,-0.0,0.0
4793,-7.5,0.0270263671875,0.0
4794,-11.25,0.04053955078125,0.0
4795,-11.25,0.054052734375,0.0
4796,-7.5,0.04053955078125,0.0
4797,-7.5,0.054052734375,0.0
4798,-11.25,0.06756591796875,0.0
4799,-11.25,0.0810791015625,0.0
4800,-7.5,0.06756591796875,0.0
4801,-7.5,0.0810791015625,0.0
4802,-11.25,0.09459228515625001,0.0
4803,-7.5,0.09459228515625001,0.0
4804,-11.25,0.101348876953125,0.0
4805,-11.25,0.10810546875,0.0
4806,-7.5,0.101348876953125,0.0
4807,-7.5,0.10810546875,0.0
4808,-11.25,0.114862060546875,0.0
4809,-11.25,0.12161865234375,0.0
4810,-7.5,0.114862060546875,0.0
4811,-7.5,0.12161865234375,0.0
4812,-11.25,0.128375244140625,0.0
4813,-11.25,0.1351318359375,0.0
4814,-7.5,0.128375244140625,0.0
4815,-7.5,0.1351318359375,0.0
4816,-11.25,0.141888427734375,0.0
4817,-11.25,0.14864501953125,0.0
4818,-7.5,0.141888427734375,0.0
4819,-7.5,0.14864501953125,0.0
4820,-11.25,0.155401611328125,0.0
4821,-11.25,0.162158203125,0.0
4822,-7.5,0.155401611328125,0.0
4823,-7.5,0.162158203125,0.0
4824,-11.25,0.168914794921875,0.0
4825,-11.25,0.17567138671875,0.0
4826,-7.5,0.168914794921875,0.0
4827,-7.5,0.17567138671875,0.0
4828,-11.25,0.182427978515625,0.0
4829,-11.25,0.1891845703125,0.0
4830,-7.5,0.182427978515625,0.0
4831,-7.5,0.1891845703125,0.0
4832,-11.25,0.195941162109375,0.0
4833,-11.25,0.2,0.0
4834,-11.25,0.20269775390625,0.0
4835,-7.5,0.195941162109375,0.0
4836,-7.5,0.2,0.0
4837,-7.5,0.20269775390625,0.0
4838,-11.25,0.209454345703125,0.0
4839,-11.25,0.2162109375,0.0
4840,-7.5,0.209454345703125,0.0
4841,-7.5,0.2162109375,0.0
4842,-11.25,0.222967529296875,0.0
4843,-11.25,0.22972412109375,0.0
4844,-7.5,0.222967529296875,0.0
4845,-7.5,0.22972412109375,0.0
4846,-11.25,0.236480712890625,0.0
4847,-11.25,0.2432373046875,0.0
4848,-7.5,0.236480712890625,0.0
4849,-7.5,0.2432373046875,0.0
4850,-11.25,0.249993896484375,0.0
4851,-11.25,0.25675048828125,0.0
4852,-7.5,0.249993896484375,0.0
4853,-7.5,0.25675048828125,0.0
4854,-11.25,0.263507080078125,0.0
4855,-11.25,0.270263671875,0.0
4856,-7.5,0.263507080078125,0.0
4857,-7.5,0.270263671875,0.0
4858,-11.25,0.277020263671875,0.0
4859,-11.25,0.28377685546875,0.0
4860,-7.5,0.277020263671875,0.0
4861,-7.5,0.28377685546875,0.0
4862,-11.25,0.290533447265625,0.0
4863,-11.25,0.2972900390625,0.0
4864,-7.5,0.290533447265625,0.0
4865,-7.5,0.2972900390625,0.0
4866,-11.25,0.304046630859375,0.0
4867,-11.25,0.31080322265625,0.0
4868,-7.5,0.304046630859375,0.0
4869,-7.5,0.31080322265625,0.0
4870,-11.25,0.32431640625,0.0
4871,-7.5,0.32431640625,0.0
4872,-11.25,0.3513427734375,0.0
4873,-7.5,0.3513427734375,0.0
4874,-11.25,0.378369140625,0.0
4875,-7.5,0.378369140625,0.0
4876,-11.25,0.432421875,0.0
4877,-7.5,0.432421875,0.0
4878,-11.25,0.54052734375,0.0
4879,-7.5,0.54052734375,0.0
4880,-11.25,0.6486328125,0.0
4881,-7.5,0.6486328125,0.0
4882,-11.25,0.86484375,0.0
4883,-7.5,0.86484375,0.0
4884,-11.25,1.297265625,0.0
4885,-7.5,1.297265625,0.0
4886,-11.25,1.7296875,0.0
4887,-7.5,1.7296875,0.0
4888,-11.25,2.162109375,0.0
4889,-11.25,2.59453125,0.0
4890,-7.5,2.162109375,0.0
4891,-7.5,2.59453125,0.0
4892,-11.25,3.026953125,0.0
4893,-11.25,3.459375,0.0
4894,-7.5,3.026953125,0.0
4895,-7.5,3.459375,0.0
4896,-11.25,3.891796875,0.0
4897,-11.25,4.32421875,0.0
4898,-7.5,3.891796875,0.0
4899,-7.5,4.32421875,0.0
4900,-11.25,4.756640625,0.0
4901,-11.25,5.1890625,0.0
4902,-7.5,4.756640625,0.0
4903,-7.5,5.1890625,0.0
4904,-11.25,5.621484375000001,0.0
4905,-11.25,6.053906250000001,0.0
4906,-7.5,5.621484375000001,0.0
4907,-7.5,6.053906250000001,0.0
4908,-11.25,6.486328125,0.0
4909,-11.25,6.91875,0.0
4910,-7.5,6.486328125,0.0
4911,-7.5,6.91875,0.0
4912,-11.25,7.351171875,0.0
4913,-11.25,7.78359375,0.0
4914,-7.5,7.351171875,0.0
4915,-7.5,7.78359375,0.0
4916,-11.25,8.216015625,0.0
4917,-11.25,8.6484375,0.0
4918,-7.5,8.216015625,0.0
4919,-7.5,8.6484375,0.0
4920,-11.25,9.080859375,0.0
4921,-11.25,9.51328125,0.0
4922,-7.5,9.080859375,0.0
4923,-7.5,9.51328125,0.0
4924,-11.25,9.945703125000001,0.0
4925,-11.25,10.378125,0.0
4926,-7.5,9.945703125000001,0.0
4927,-7.5,10.378125,0.0
4928,-11.25,10.810546875,0.0
4929,-11.25,11.24296875,0.0
4930,-7.5,10.810546875,0.0
4931,-7.5,11.24296875,0.0
4932,-11.25,11.675390625,0.0
4933,-11.25,12.1078125,0.0
4934,-7.5,11.675390625,0.0
4935,-7.5,12.1078125,0.0
4936,-11.25,12.540234375,0.0
4937,-11.25,12.97265625,0.0
4938,-7.5,12.540234375,0.0
4939,-7.5,12.97265625,0.0
4940,-11.25,13.405078125,0.0
4941,-11.25,13.8375,0.0
4942,-7.5,13.405078125,0.0
4943,-7.5,13.8375,0.0
4944,-3.75,0.01351318359375,0.0
4945,-3.75,-0.0,0.0
4946,-3.75,0.0270263671875,0.0
4947,0.0,0.01351318359375,0.0
4948,0.0,-0.0,0.0
4949,0.0,0.0270263671875,0.0
4950,-3.75,0.04053955078125,0.0
4951,-3.75,0.054052734375,0.0
4952,0.0,0.04053955078125,0.0
4953,0.0,0.054052734375,0.0
4954,-3.75,0.06756591796875,0.0
4955,-3.75,0.0810791015625,0.0
4956,0.0,0.06756591796875,0.0
4957,0.0,0.0810791015625,0.0
4958,-3.75,0.09459228515625001,0.0
4959,0.0,0.09459228515625001,0.0
4960,-3.75,0.101348876953125,4294717344381.8706
4961,-3.75,0.10810546875,4326614900246.6445
4962,0.0,0.101348876953125,4378773649166.7915
4963,0.0,0.10810546875,4407629926632.612
4964,-3.75,0.114862060546875,4358512456111.4185
4965,-3.75,0.12161865234375,4390410011976.1924
4966,0.0,0.114862060546875,4436486204098.433
4967,0.0,0.12161865234375,4465342481564.252
4968,-3.75,0.128375244140625,4422307567840.968
4969,-3.75,0.1351318359375,4454205123705.742
4970,0.0,0.128375244140625,4494198759030.073
4971,0.0,0.1351318359375,4523055036495.893
4972,-3.75,0.141888427734375,4486102679570.516
4973,-3.75,0.14864501953125,4518000235435.29
4974,0.0,0.141888427734375,4551911313961.713
4975,0.0,0.14864501953125,4580767591427.534
4976,-3.75,0.155401611328125,4549897791300.063
4977,-3.75,0.162158203125,4581795347164.839
4978,0.0,0.155401611328125,4609623868893.354
4979,0.0,0.162158203125,4638480146359.175
4980,-3.75,0.168914794921875,4613692903029.613
4981,-3.75,0.17567138671875,4645590458894.387
4982,0.0,0.168914794921875,4667336423824.994
4983,0.0,0.17567138671875,4696192701290.814
4984,-3.75,0.182427978515625,4677488014759.162
4985,-3.75,0.1891845703125,4709385570623.936
4986,0.0,0.182427978515625,4725048978756.636
4987,0.0,0.1891845703125,4753905256222.456
4988,-3.75,0.195941162109375,4741283126488.71
4989,-3.75,0.2,4760444711538.461
4990,-3.75,0.20269775390625,4773180682353.484
4991,0.0,0.195941162109375,4782761533688.275
4992,0.0,0.2,4800096153846.153
4993,0.0,0.20269775390625,4811617811154.097
4994,-3.75,0.209454345703125,4805078238218.258
4995,-3.75,0.2162109375,4836975794083.033
4996,0.0,0.209454345703125,4840474088619.917
4997,0.0,0.2162109375,4869330366085.736
4998,-3.75,0.222967529296875,4868873349947.806
4999,-3.75,0.22972412109375,4900770905812.581
5000,0.0,0.222967529296875,4898186643551.557
5001,0.0,0.22972412109375,4927042921017.378
5002,-3.75,0.236480712890625,4932668461677.355
5003,-3.75,0.2432373046875,4964566017542.13
5004,0.0,0.236480712890625,4955899198483.198
5005,0.0,0.2432373046875,4984755475949.019
5006,-3.75,0.249993896484375,4996463573406.904
5007,-3.75,0.25675048828125,5028361129271.678
5008,0.0,0.249993896484375,5013611753414.838
5009,0.0,0.25675048828125,5042468030880.659
5010,-3.75,0.263507080078125,5060258685136.452
5011,-3.75,0.270263671875,5092156241001.227
5012,0.0,0.263507080078125,5071324308346.4795
5013,0.0,0.270263671875,5100180585812.299
5014,-3.75,0.277020263671875,5124053796866.001
5015,-3.75,0.28377685546875,5155951352730.775
5016,0.0,0.277020263671875,5129036863278.119
5017,0.0,0.28377685546875,5157893140743.939
5018,-3.75,0.290533447265625,5187848908595.549
5019,-3.75,0.2972900390625,5219746464460.324
5020,0.0,0.290533447265625,5186749418209.761
5021,0.0,0.2972900390625,5215605695675.58
5022,-3.75,0.304046630859375,5198785634285.364
5023,-3.75,0.31080322265625,5142426427938.999
5024,0.0,0.304046630859375,5193627145718.305
5025,0.0,0.31080322265625,5137605362916.6045
5026,-3.75,0.32431640625,5029708015246.269
5027,0.0,0.32431640625,5025561797313.2
5028,-3.75,0.3513427734375,4804271189860.808
5029,0.0,0.3513427734375,4801474666106.395
5030,-3.75,0.378369140625,4578834364475.348
5031,0.0,0.378369140625,4577387534899.589
5032,-3.75,0.432421875,4127960713704.427
5033,0.0,0.432421875,4129213272485.9775
5034,-3.75,0.54052734375,3108658948066.9067
5035,0.0,0.54052734375,3110948235927.4844
5036,-3.75,0.6486328125,1893338654346.9546
5037,0.0,0.6486328125,1889391088241.1853
5038,-3.75,0.86484375,375078503730.9694
5039,0.0,0.86484375,371779346955.1282
5040,-3.75,1.297265625,0.0
5041,0.0,1.297265625,0.0
5042,-3.75,1.7296875,0.0
5043,0.0,1.7296875,0.0
5044,-3.75,2.162109375,0.0
5045,-3.75,2.59453125,0.0
5046,0.0,2.162109375,0.0
5047,0.0,2.59453125,0.0
5048,-3.75,3.026953125,0.0
5049,-3.75,3.459375,0.0
5050,0.0,3.026953125,0.0
5051,0.0,3.459375,0.0
5052,-3.75,3.891796875,0.0
5053,-3.75,4.32421875,0.0
5054,0.0,3.891796875,0.0
5055,0.0,4.32421875,0.0
5056,-3.75,4.756640625,0.0
5057,-3.75,5.1890625,0.0
5058,0.0,4.756640625,0.0
5059,0.0,5.1890625,0.0
5060,-3.75,5.621484375000001,0.0
5061,-3.75,6.053906250000001,0.0
5062,0.0,5.621484375000001,0.0
5063,0.0,6.053906250000001,0.0
5064,-3.75,6.486328125,0.0
5065,-3.75,6.91875,0.0
5066,0.0,6.486328125,0.0
5067,0.0,6.91875,0.0
5068,-3.75,7.351171875,0.0
5069,-3.75,7.78359375,0.0
5070,0.0,7.351171875,0.0
5071,0.0,7.78359375,0.0
5072,-3.75,8.216015625,0.0
5073,-3.75,8.6484375,0.0
5074,0.0,8.216015625,0.0
5075,0.0,8.6484375,0.0
5076,-3.75,9.080859375,0.0
5077,-3.75,9.51328125,0.0
5078,0.0,9.080859375,0.0
5079,0.0,9.51328125,0.0
5080,-3.75,9.945703125000001,0.0
5081,-3.75,10.378125,0.0
5082,0.0,9.945703125000001,0.0
5083,0.0,10.378125,0.0
5084,-3.75,10.810546875,0.0
5085,-3.75,11.24296875,0.0
5086,0.0,10.810546875,0.0
5087,0.0,11.24296875,0.0
5088,-3.75,11.675390625,0.0
5089,-3.75,12.1078125,0.0
5090,0.0,11.675390625,0.0
5091,0.0,12.1078125,0.0
5092,-3.75,12.540234375,0.0
5093,-3.75,12.97265625,0.0
5094,0.0,12.540234375,0.0
5095,0.0,12.97265625,0.0
5096,-3.75,13.405078125,0.0
5097,-3.75,13.8375,0.0
5098,0.0,13.405078125,0.0
5099,0.0,13.8375,0.0
5100,-11.25,14.269921875,0.0
5101,-11.25,14.70234375,0.0
5102,-7.5,14.269921875,0.0
5103,-7.5,14.70234375,0.0
5104,-11.25,15.134765625,0.0
5105,-11.25,15.5671875,0.0
5106,-7.5,15.134765625,0.0
5107,-7.5,15.5671875,0.0
5108,-11.25,15.999609375,0.0
5109,-11.25,16.43203125,0.0
5110,-7.5,15.999609375,0.0
5111,-7.5,16.43203125,0.0
5112,-11.25,16.864453125,0.0
5113,-11.25,17.296875,0.0
5114,-7.5,16.864453125,0.0
5115,-7.5,17.296875,0.0
5116,-11.25,17.729296875,0.0
5117,-11.25,18.16171875,0.0
5118,-7.5,17.729296875,0.0
5119,-7.5,18.16171875,0.0
5120,-11.25,18.594140625,0.0
5121,-11.25,19.0265625,0.0
5122,-7.5,18.594140625,0.0
5123,-7.5,19.0265625,0.0
5124,-11.25,19.458984375,0.0
5125,-11.25,19.89140625,0.0
5126,-7.5,19.458984375,0.0
5127,-7.5,19.89140625,0.0
5128,-11.25,20.323828125,0.0
5129,-11.25,20.75625,0.0
5130,-7.5,20.323828125,0.0
5131,-7.5,20.75625,0.0
5132,-11.25,21.188671875,0.0
5133,-11.25,21.62109375,0.0
5134,-7.5,21.188671875,0.0
5135,-7.5,21.62109375,0.0
5136,-11.25,22.053515625,0.0
5137,-11.25,22.4859375,0.0
5138,-7.5,22.053515625,0.0
5139,-7.5,22.4859375,0.0
5140,-11.25,22.918359375,0.0
5141,-11.25,23.35078125,0.0
5142,-7.5,22.918359375,0.0
5143,-7.5,23.35078125,0.0
5144,-11.25,23.783203125,0.0
5145,-11.25,24.215625,0.0
5146,-7.5,23.783203125,0.0
5147,-7.5,24.215625,0.0
5148,-11.25,24.648046875,0.0
5149,-11.25,25.08046875,0.0
5150,-7.5,24.648046875,0.0
5151,-7.5,25.08046875,0.0
5152,-11.25,25.512890625,0.0
5153,-11.25,25.9453125,0.0
5154,-7.5,25.512890625,0.0
5155,-7.5,25.9453125,0.0
5156,-11.25,26.377734375,0.0
5157,-11.25,26.81015625,0.0
5158,-7.5,26.377734375,0.0
5159,-7.5,26.81015625,0.0
5160,-11.25,27.242578125,0.0
5161,-11.25,27.675,0.0
5162,-7.5,27.242578125,0.0
5163,-7.5,27.675,0.0
5164,-3.75,14.269921875,0.0
5165,-3.75,14.70234375,0.0
5166,0.0,14.269921875,0.0
5167,0.0,14.70234375,0.0
5168,-3.75,15.134765625,0.0
5169,-3.75,15.5671875,0.0
5170,0.0,15.134765625,0.0
5171,0.0,15.5671875,0.0
5172,-3.75,15.999609375,0.0
5173,-3.75,16.43203125,0.0
5174,0.0,15.999609375,0.0
5175,0.0,16.43203125,0.0
5176,-3.75,16.864453125,0.0
5177,-3.75,17.296875,0.0
5178,0.0,16.864453125,0.0
5179,0.0,17.296875,0.0
5180,-3.75,17.729296875,0.0
5181,-3.75,18.16171875,0.0
5182,0.0,17.729296875,0.0
5183,0.0,18.16171875,0.0
5184,-3.75,18.594140625,0.0
5185,-3.75,19.0265625,0.0
5186,0.0,18.594140625,0.0
5187,0.0,19.0265625,0.0
5188,-3.75,19.458984375,0.0
5189,-3.75,19.89140625,0.0
5190,0.0,19.458984375,0.0
5191,0.0,19.89140625,0.0
5192,-3.75,20.323828125,0.0
5193,-3.75,20.75625,0.0
5194,0.0,20.323828125,0.0
5195,0.0,20.75625,0.0
5196,-3.75,21.188671875,0.0
5197,-3.75,21.62109375,0.0
5198,0.0,21.188671875,0.0
5199,0.0,21.62109375,0.0
5200,-3.75,22.053515625,0.0
5201,-3.75,22.4859375,0.0
5202,0.0,22.053515625,0.0
5203,0.0,22.4859375,0.0
5204,-3.75,22.918359375,0.0
5205,-3.75,23.35078125,0.0
5206,0.0,22.918359375,0.0
5207,0.0,23.35078125,0.0
5208,-3.75,23.783203125,0.0
5209,-3.75,24.215625,0.0
5210,0.0,23.783203125,0.0
5211,0.0,24.215625,0.0
5212,-3.75,24.648046875,0.0
5213,-3.75,25.08046875,0.0
5214,0.0,24.648046875,0.0
5215,0.0,25.08046875,0.0
5216,-3.75,25.512890625,0.0
5217,-3.75,25.9453125,0.0
5218,0.0,25.512890625,0.0
5219,0.0,25.9453125,0.0
5220,-3.75,26.377734375,0.0
5221,-3.75,26.81015625,0.0
5222,0.0,26.377734375,0.0
5223,0.0,26.81015625,0.0
5224,-3.75,27.242578125,0.0
5225,-3.75,27.675,0.0
5226,0.0,27.242578125,0.0
5227,0.0,27.675,0.0
5228,-26.25,28.107421875,0.0
5229,-26.25,28.53984375,0.0
5230,-22.5,28.107421875,0.0
5231,-22.5,28.53984375,0.0
5232,-26.25,28.972265625,0.0
5233,-26.25,29.4046875,0.0
5234,-22.5,28.972265625,0.0
5235,-22.5,29.4046875,0.0
5236,-26.25,29.837109375,0.0
5237,-26.25,30.26953125,0.0
5238,-22.5,29.837109375,0.0
5239,-22.5,30.26953125,0.0
5240,-26.25,30.701953125,0.0
5241,-26.25,31.134375,0.0
5242,-22.5,30.701953125,0.0
5243,-22.5,31.134375,0.0
5244,-26.25,31.566796875,0.0
5245,-26.25,31.99921875,0.0
5246,-22.5,31.566796875,0.0
5247,-22.5,31.99921875,0.0
5248,-26.25,32.431640625,0.0
5249,-26.25,32.8640625,0.0
5250,-22.5,32.431640625,0.0
5251,-22.5,32.8640625,0.0
5252,-26.25,33.29648437500001,0.0
5253,-26.25,33.72890625,0.0
5254,-22.5,33.29648437500001,0.0
5255,-22.5,33.72890625,0.0
5256,-26.25,34.161328125,0.0
5257,-26.25,34.59375,0.0
5258,-22.5,34.161328125,0.0
5259,-22.5,34.59375,0.0
5260,-26.25,35.026171875,0.0
5261,-26.25,35.45859375,0.0
5262,-22.5,35.026171875,0.0
5263,-22.5,35.45859375,0.0
5264,-26.25,35.89101562499999,0.0
5265,-26.25,36.3234375,0.0
5266,-22.5,35.89101562499999,0.0
5267,-22.5,36.3234375,0.0
5268,-26.25,36.755859375,0.0
5269,-26.25,37.18828125,0.0
5270,-22.5,36.755859375,0.0
5271,-22.5,37.18828125,0.0
5272,-26.25,37.62070312500001,0.0
5273,-26.25,38.053125,0.0
5274,-22.5,37.62070312500001,0.0
5275,-22.5,38.053125,0.0
5276,-26.25,38.485546875,0.0
5277,-26.25,38.91796875,0.0
5278,-22.5,38.485546875,0.0
5279,-22.5,38.91796875,0.0
5280,-26.25,39.350390625,0.0
5281,-26.25,39.78281250000001,0.0
5282,-22.5,39.350390625,0.0
5283,-22.5,39.78281250000001,0.0
5284,-26.25,40.21523437500001,0.0
5285,-26.25,40.64765625,0.0
5286,-22.5,40.21523437500001,0.0
5287,-22.5,40.64765625,0.0
5288,-26.25,41.080078125,0.0
5289,-26.25,41.5125,0.0
5290,-22.5,41.080078125,0.0
5291,-22.5,41.5125,0.0
5292,-18.75,28.107421875,0.0
5293,-18.75,28.53984375,0.0
5294,-15.0,28.107421875,0.0
5295,-15.0,28.53984375,0.0
5296,-18.75,28.972265625,0.0
5297,-18.75,29.4046875,0.0
5298,-15.0,28.972265625,0.0
5299,-15.0,29.4046875,0.0
5300,-18.75,29.837109375,0.0
5301,-18.75,30.26953125,0.0
5302,-15.0,29.837109375,0.0
5303,-15.0,30.26953125,0.0
5304,-18.75,30.701953125,0.0
5305,-18.75,31.134375,0.0
5306,-15.0,30.701953125,0.0
5307,-15.0,31.134375,0.0
5308,-18.75,31.566796875,0.0
5309,-18.75,31.99921875,0.0
5310,-15.0,31.566796875,0.0
5311,-15.0,31.99921875,0.0
5312,-18.75,32.431640625,0.0
5313,-18.75,32.8640625,0.0
5314,-15.0,32.431640625,0.0
5315,-15.0,32.8640625,0.0
5316,-18.75,33.29648437500001,0.0
5317,-18.75,33.72890625,0.0
5318,-15.0,33.29648437500001,0.0
5319,-15.0,33.72890625,0.0
5320,-18.75,34.161328125,0.0
5321,-18.75,34.59375,0.0
5322,-15.0,34.161328125,0.0
5323,-15.0,34.59375,0.0
5324,-18.75,35.026171875,0.0
5325,-18.75,35.45859375,0.0
5326,-15.0,35.026171875,0.0
5327,-15.0,35.45859375,0.0
5328,-18.75,35.89101562499999,0.0
5329,-18.75,36.3234375,0.0
5330,-15.0,35.89101562499999,0.0
5331,-15.0,36.3234375,0.0
5332,-18.75,36.755859375,0.0
5333,-18.75,37.18828125,0.0
5334,-15.0,36.755859375,0.0
5335,-15.0,37.18828125,0.0
5336,-18.75,37.62070312500001,0.0
5337,-18.75,38.053125,0.0
5338,-15.0,37.62070312500001,0.0
5339,-15.0,38.053125,0.0
5340,-18.75,38.485546875,0.0
5341,-18.75,38.91796875,0.0
5342,-15.0,38.485546875,0.0
5343,-15.0,38.91796875,0.0
5344,-18.75,39.350390625,0.0
5345,-18.75,39.78281250000001,0.0
5346,-15.0,39.350390625,0.0
5347,-15.0,39.78281250000001,0.0
5348,-18.75,40.21523437500001,0.0
5349,-18.75,40.64765625,0.0
5350,-15.0,40.21523437500001,0.0
5351,-15.0,40.64765625,0.0
5352,-18.75,41.080078125,0.0
5353,-18.75,41.5125,0.0
5354,-15.0,41.080078125,0.0
5355,-15.0,41.5125,0.0
5356,-26.25,41.94492187500001,0.0
5357,-26.25,42.37734375,0.0
5358,-22.5,41.94492187500001,0.0
5359,-22.5,42.37734375,0.0
5360,-26.25,42.809765625,0.0
5361,-26.25,43.2421875,0.0
5362,-22.5,42.809765625,0.0
5363,-22.5,43.2421875,0.0
5364,-26.25,43.674609375,0.0
5365,-26.25,44.10703125000001,0.0
5366,-22.5,43.674609375,0.0
5367,-22.5,44.10703125000001,0.0
5368,-26.25,44.53945312500001,0.0
5369,-26.25,44.971875,0.0
5370,-22.5,44.53945312500001,0.0
5371,-22.5,44.971875,0.0
5372,-26.25,45.404296875,0.0
5373,-26.25,45.83671875,0.0
5374,-22.5,45.404296875,0.0
5375,-22.5,45.83671875,0.0
5376,-26.25,46.26914062500001,0.0
5377,-26.25,46.70156250000001,0.0
5378,-22.5,46.26914062500001,0.0
5379,-22.5,46.70156250000001,0.0
5380,-26.25,47.13398437500001,0.0
5381,-26.25,47.56640625000001,0.0
5382,-22.5,47.13398437500001,0.0
5383,-22.5,47.56640625000001,0.0
5384,-26.25,47.998828125,0.0
5385,-26.25,48.43125000000001,0.0
5386,-22.5,47.998828125,0.0
5387,-22.5,48.43125000000001,0.0
5388,-26.25,48.86367187500001,0.0
5389,-26.25,49.29609375,0.0
5390,-22.5,48.86367187500001,0.0
5391,-22.5,49.29609375,0.0
5392,-26.25,49.728515625,0.0
5393,-26.25,50.1609375,0.0
5394,-22.5,49.728515625,0.0
5395,-22.5,50.1609375,0.0
5396,-26.25,50.59335937500001,0.0
5397,-26.25,51.02578125,0.0
5398,-22.5,50.59335937500001,0.0
5399,-22.5,51.02578125,0.0
5400,-26.25,51.458203125,0.0
5401,-26.25,51.890625,0.0
5402,-22.5,51.458203125,0.0
5403,-22.5,51.890625,0.0
5404,-26.25,52.323046875,0.0
5405,-26.25,52.75546875,0.0
5406,-22.5,52.323046875,0.0
5407,-22.5,52.75546875,0.0
5408,-26.25,53.18789062499999,0.0
5409,-26.25,53.6203125,0.0
5410,-22.5,53.18789062499999,0.0
5411,-22.5,53.6203125,0.0
5412,-26.25,54.052734375,0.0
5413,-26.25,54.48515625,0.0
5414,-22.5,54.052734375,0.0
5415,-22.5,54.48515625,0.0
5416,-26.25,54.91757812500001,0.0
5417,-26.25,55.35,0.0
5418,-22.5,54.91757812500001,0.0
5419,-22.5,55.35,0.0
5420,-18.75,41.94492187500001,0.0
5421,-18.75,42.37734375,0.0
5422,-15.0,41.94492187500001,0.0
5423,-15.0,42.37734375,0.0
5424,-18.75,42.809765625,0.0
5425,-18.75,43.2421875,0.0
5426,-15.0,42.809765625,0.0
5427,-15.0,43.2421875,0.0
5428,-18.75,43.674609375,0.0
5429,-18.75,44.10703125000001,0.0
5430,-15.0,43.674609375,0.0
5431,-15.0,44.10703125000001,0.0
5432,-18.75,44.53945312500001,0.0
5433,-18.75,44.971875,0.0
5434,-15.0,44.53945312500001,0.0
5435,-15.0,44.971875,0.0
5436,-18.75,45.404296875,0.0
5437,-18.75,45.83671875,0.0
5438,-15.0,45.404296875,0.0
5439,-15.0,45.83671875,0.0
5440,-18.75,46.26914062500001,0.0
5441,-18.75,46.70156250000001,0.0
5442,-15.0,46.26914062500001,0.0
5443,-15.0,46.70156250000001,0.0
5444,-18.75,47.13398437500001,0.0
5445,-18.75,47.56640625000001,0.0
5446,-15.0,47.13398437500001,0.0
5447,-15.0,47.56640625000001,0.0
5448,-18.75,47.998828125,0.0
5449,-18.75,48.43125000000001,0.0
5450,-15.0,47.998828125,0.0
5451,-15.0,48.43125000000001,0.0
5452,-18.75,48.86367187500001,0.0
5453,-18.75,49.29609375,0.0
5454,-15.0,48.86367187500001,0.0
5455,-15.0,49.29609375,0.0
5456,-18.75,49.728515625,0.0
5457,-18.75,50.1609375,0.0
5458,-15.0,49.728515625,0.0
5459,-15.0,50.1609375,0.0
5460,-18.75,50.59335937500001,0.0
5461,-18.75,51.02578125,0.0
5462,-15.0,50.59335937500001,0.0
5463,-15.0,51.02578125,0.0
5464,-18.75,51.458203125,0.0
5465,-18.75,51.890625,0.0
5466,-15.0,51.458203125,0.0
5467,-15.0,51.890625,0.0
5468,-18.75,52.323046875,0.0
5469,-18.75,52.75546875,0.0
5470,-15.0,52.323046875,0.0
5471,-15.0,52.75546875,0.0
5472,-18.75,53.18789062499999,0.0
5473,-18.75,53.6203125,0.0
5474,-15.0,53.18789062499999,0.0
5475,-15.0,53.6203125,0.0
5476,-18.75,54.052734375,0.0
5477,-18.75,54.48515625,0.0
5478,-15.0,54.052734375,0.0
5479,-15.0,54.48515625,0.0
5480,-18.75,54.91757812500001,0.0
5481,-18.75,55.35,0.0
5482,-15.0,54.91757812500001,0.0
5483,-15.0,55.35,0.0
5484,-11.25,28.107421875,0.0
5485,-11.25,28.53984375,0.0
5486,-7.5,28.107421875,0.0
5487,-7.5,28.53984375,0.0
5488,-11.25,28.972265625,0.0
5489,-11.25,29.4046875,0.0
5490,-7.5,28.972265625,0.0
5491,-7.5,29.4046875,0.0
5492,-11.25,29.837109375,0.0
5493,-11.25,30.26953125,0.0
5494,-7.5,29.837109375,0.0
5495,-7.5,30.26953125,0.0
5496,-11.25,30.701953125,0.0
5497,-11.25,31.134375,0.0
5498,-7.5,30.701953125,0.0
5499,-7.5,31.134375,0.0
5500,-11.25,31.566796875,0.0
5501,-11.25,31.99921875,0.0
5502,-7.5,31.566796875,0.0
5503,-7.5,31.99921875,0.0
5504,-11.25,32.431640625,0.0
5505,-11.25,32.8640625,0.0
5506,-7.5,32.431640625,0.0
5507,-7.5,32.8640625,0.0
5508,-11.25,33.29648437500001,0.0
5509,-11.25,33.72890625,0.0
5510,-7.5,33.29648437500001,0.0
5511,-7.5,33.72890625,0.0
5512,-11.25,34.161328125,0.0
5513,-11.25,34.59375,0.0
5514,-7.5,34.161328125,0.0
5515,-7.5,34.59375,0.0
5516,-11.25,35.026171875,0.0
5517,-11.25,35.45859375,0.0
5518,-7.5,35.026171875,0.0
5519,-7.5,35.45859375,0.0
5520,-11.25,35.89101562499999,0.0
5521,-11.25,36.3234375,0.0
5522,-7.5,35.89101562499999,0.0
5523,-7.5,36.3234375,0.0
5524,-11.25,36.755859375,0.0
5525,-11.25,37.18828125,0.0
5526,-7.5,36.755859375,0.0
5527,-7.5,37.18828125,0.0
5528,-11.25,37.62070312500001,0.0
5529,-11.25,38.053125,0.0
5530,-7.5,37.62070312500001,0.0
5531,-7.5,38.053125,0.0
5532,-11.25,38.485546875,0.0
5533,-11.25,38.91796875,0.0
5534,-7.5,38.485546875,0.0
5535,-7.5,38.91796875,0.0
5536,-11.25,39.350390625,0.0
5537,-11.25,39.78281250000001,0.0
5538,-7.5,39.350390625,0.0
5539,-7.5,39.78281250000001,0.0
5540,-11.25,40.21523437500001,0.0
5541,-11.25,40.64765625,0.0
5542,-7.5,40.21523437500001,0.0
5543,-7.5,40.64765625,0.0
5544,-11.25,41.080078125,0.0
5545,-11.25,41.5125,0.0
5546,-7.5,41.080078125,0.0
5547,-7.5,41.5125,0.0
5548,-3.75,28.107421875,0.0
5549,-3.75,28.53984375,0.0
5550,0.0,28.107421875,0.0
5551,0.0,28.53984375,0.0
5552,-3.75,28.972265625,0.0
5553,-3.75,29.4046875,0.0
5554,0.0,28.972265625,0.0
5555,0.0,29.4046875,0.0
5556,-3.75,29.837109375,0.0
5557,-3.75,30.26953125,0.0
5558,0.0,29.837109375,0.0
5559,0.0,30.26953125,0.0
5560,-3.75,30.701953125,0.0
5561,-3.75,31.134375,0.0
5562,0.0,30.701953125,0.0
5563,0.0,31.134375,0.0
5564,-3.75,31.566796875,0.0
5565,-3.75,31.99921875,0.0
5566,0.0,31.566796875,0.0
5567,0.0,31.99921875,0.0
5568,-3.75,32.431640625,0.0
5569,-3.75,32.8640625,0.0
5570,0.0,32.431640625,0.0
5571,0.0,32.8640625,0.0
5572,-3.75,33.29648437500001,0.0
5573,-3.75,33.72890625,0.0
5574,0.0,33.29648437500001,0.0
5575,0.0,33.72890625,0.0
5576,-3.75,34.161328125,0.0
5577,-3.75,34.59375,0.0
5578,0.0,34.161328125,0.0
5579,0.0,34.59375,0.0
5580,-3.75,35.026171875,0.0
5581,-3.75,35.45859375,0.0
5582,0.0,35.026171875,0.0
5583,0.0,35.45859375,0.0
5584,-3.75,35.89101562499999,0.0
5585,-3.75,36.3234375,0.0
5586,0.0,35.89101562499999,0.0
5587,0.0,36.3234375,0.0
5588,-3.75,36.755859375,0.0
5589,-3.75,37.18828125,0.0
5590,0.0,36.755859375,0.0
5591,0.0,37.18828125,0.0
5592,-3.75,37.62070312500001,0.0
5593,-3.75,38.053125,0.0
5594,0.0,37.62070312500001,0.0
5595,0.0,38.053125,0.0
5596,-3.75,38.485546875,0.0
5597,-3.75,38.91796875,0.0
5598,0.0,38.485546875,0.0
5599,0.0,38.91796875,0.0
5600,-3.75,39.350390625,0.0
5601,-3.75,39.78281250000001,0.0
5602,0.0,39.350390625,0.0
5603,0.0,39.78281250000001,0.0
5604,-3.75,40.21523437500001,0.0
5605,-3.75,40.64765625,0.0
5606,0.0,40.21523437500001,0.0
5607,0.0,40.64765625,0.0
5608,-3.75,41.080078125,0.0
5609,-3.75,41.5125,0.0
5610,0.0,41.080078125,0.0
5611,0.0,41.5125,0.0
5612,-11.25,41.94492187500001,0.0
5613,-11.25,42.37734375,0.0
5614,-7.5,41.94492187500001,0.0
5615,-7.5,42.37734375,0.0
5616,-11.25,42.809765625,0.0
5617,-11.25,43.2421875,0.0
5618,-7.5,42.809765625,0.0
5619,-7.5,43.2421875,0.0
5620,-11.25,43.674609375,0.0
5621,-11.25,44.10703125000001,0.0
5622,-7.5,43.674609375,0.0
5623,-7.5,44.10703125000001,0.0
5624,-11.25,44.53945312500001,0.0
5625,-11.25,44.971875,0.0
5626,-7.5,44.53945312500001,0.0
5627,-7.5,44.971875,0.0
5628,-11.25,45.404296875,0.0
5629,-11.25,45.83671875,0.0
5630,-7.5,45.404296875,0.0
5631,-7.5,45.83671875,0.0
5632,-11.25,46.26914062500001,0.0
5633,-11.25,46.70156250000001,0.0
5634,-7.5,46.26914062500001,0.0
5635,-7.5,46.70156250000001,0.0
5636,-11.25,47.13398437500001,0.0
5637,-11.25,47.56640625000001,0.0
5638,-7.5,47.13398437500001,0.0
5639,-7.5,47.56640625000001,0.0
5640,-11.25,47.998828125,0.0
5641,-11.25,48.43125000000001,0.0
5642,-7.5,47.998828125,0.0
5643,-7.5,48.43125000000001,0.0
5644,-11.25,48.86367187500001,0.0
5645,-11.25,49.29609375,0.0
5646,-7.5,48.86367187500001,0.0
5647,-7.5,49.29609375,0.0
5648,-11.25,49.728515625,0.0
5649,-11.25,50.1609375,0.0
5650,-7.5,49.728515625,0.0
5651,-7.5,50.1609375,0.0
5652,-11.25,50.59335937500001,0.0
5653,-11.25,51.02578125,0.0
5654,-7.5,50.59335937500001,0.0
5655,-7.5,51.02578125,0.0
5656,-11.25,51.458203125,0.0
5657,-11.25,51.890625,0.0
5658,-7.5,51.458203125,0.0
5659,-7.5,51.890625,0.0
5660,-11.25,52.323046875,0.0
5661,-11.25,52.75546875,0.0
5662,-7.5,52.323046875,0.0
5663,-7.5,52.75546875,0.0
5664,-11.25,53.18789062499999,0.0
5665,-11.25,53.6203125,0.0
5666,-7.5,53.18789062499999,0.0
5667,-7.5,53.6203125,0.0
5668,-11.25,54.052734375,0.0
5669,-11.25,54.48515625,0.0
5670,-7.5,54.052734375,0.0
5671,-7.5,54.48515625,0.0
5672,-11.25,54.91757812500001,0.0
5673,-11.25,55.35,0.0
5674,-7.5,54.91757812500001,0.0
5675,-7.5,55.35,0.0
5676,-3.75,41.94492187500001,0.0
5677,-3.75,42.37734375,0.0
5678,0.0,41.94492187500001,0.0
5679,0.0,42.37734375,0.0
5680,-3.75,42.809765625,0.0
5681,-3.75,43.2421875,0.0
5682,0.0,42.809765625,0.0
5683,0.0,43.2421875,0.0
5684,-3.75,43.674609375,0.0
5685,-3.75,44.10703125000001,0.0
5686,0.0,43.674609375,0.0
5687,0.0,44.10703125000001,0.0
5688,-3.75,44.53945312500001,0.0
5689,-3.75,44.971875,0.0
5690,0.0,44.53945312500001,0.0
5691,0.0,44.971875,0.0
5692,-3.75,45.404296875,0.0
5693,-3.75,45.83671875,0.0
5694,0.0,45.404296875,0.0
5695,0.0,45.83671875,0.0
5696,-3.75,46.26914062500001,0.0
5697,-3.75,46.70156250000001,0.0
5698,0.0,46.26914062500001,0.0
5699,0.0,46.70156250000001,0.0
5700,-3.75,47.13398437500001,0.0
5701,-3.75,47.56640625000001,0.0
5702,0.0,47.13398437500001,0.0
5703,0.0,47.56640625000001,0.0
5704,-3.75,47.998828125,0.0
5705,-3.75,48.43125000000001,0.0
5706,0.0,47.998828125,0.0
5707,0.0,48.43125000000001,0.0
5708,-3.75,48.86367187500001,0.0
5709,-3.75,49.29609375,0.0
5710,0.0,48.86367187500001,0.0
5711,0.0,49.29609375,0.0
5712,-3.75,49.728515625,0.0
5713,-3.75,50.1609375,0.0
5714,0.0,49.728515625,0.0
5715,0.0,50.1609375,0.0
5716,-3.75,50.59335937500001,0.0
5717,-3.75,51.02578125,0.0
5718,0.0,50.59335937500001,0.0
5719,0.0,51.02578125,0.0
5720,-3.75,51.458203125,0.0
5721,-3.75,51.890625,0.0
5722,0.0,51.458203125,0.0
5723,0.0,51.890625,0.0
5724,-3.75,52.323046875,0.0
5725,-3.75,52.75546875,0.0
5726,0.0,52.323046875,0.0
5727,0.0,52.75546875,0.0
5728,-3.75,53.18789062499999,0.0
5729,-3.75,53.6203125,0.0
5730,0.0,53.18789062499999,0.0
5731,0.0,53.6203125,0.0
5732,-3.75,54.052734375,0.0
5733,-3.75,54.48515625,0.0
5734,0.0,54.052734375,0.0
5735,0.0,54.48515625,0.0
5736,-3.75,54.91757812500001,0.0
5737,-3.75,55.35,0.0
5738,0.0,54.91757812500001,0.0
5739,0.0,55.35,0.0
5740,-116.25,55.782421875,0.0
5741,-120.0,55.782421875,0.0
5742,-116.25,56.21484375,0.0
5743,-120.0,56.21484375,0.0
5744,-112.5,55.782421875,0.0
5745,-112.5,56.21484375,0.0
5746,-116.25,56.647265625,0.0
5747,-120.0,56.647265625,0.0
5748,-116.25,57.07968750000001,0.0
5749,-120.0,57.07968750000001,0.0
5750,-112.5,56.647265625,0.0
5751,-112.5,57.07968750000001,0.0
5752,-116.25,57.51210937500001,0.0
5753,-120.0,57.51210937500001,0.0
5754,-116.25,57.94453125,0.0
5755,-120.0,57.94453125,0.0
5756,-112.5,57.51210937500001,0.0
5757,-112.5,57.94453125,0.0
5758,-116.25,58.376953125,0.0
5759,-120.0,58.376953125,0.0
5760,-116.25,58.809375,0.0
5761,-120.0,58.809375,0.0
5762,-112.5,58.376953125,0.0
5763,-112.5,58.809375,0.0
5764,-116.25,59.24179687500001,0.0
5765,-120.0,59.24179687500001,0.0
5766,-116.25,59.67421875,0.0
5767,-120.0,59.67421875,0.0
5768,-112.5,59.24179687500001,0.0
5769,-112.5,59.67421875,0.0
5770,-116.25,60.106640625,0.0
5771,-120.0,60.106640625,0.0
5772,-116.25,60.5390625,0.0
5773,-120.0,60.5390625,0.0
5774,-112.5,60.106640625,0.0
5775,-112.5,60.5390625,0.0
5776,-116.25,60.971484375,0.0
5777,-120.0,60.971484375,0.0
5778,-116.25,61.40390625,0.0
5779,-120.0,61.40390625,0.0
5780,-112.5,60.971484375,0.0
5781,-112.5,61.40390625,0.0
5782,-116.25,61.83632812499999,0.0
5783,-120.0,61.83632812499999,0.0
5784,-116.25,62.26875,0.0
5785,-120.0,62.26875,0.0
5786,-112.5,61.83632812499999,0.0
5787,-112.5,62.26875,0.0
5788,-116.25,62.701171875,0.0
5789,-120.0,62.701171875,0.0
5790,-116.25,63.13359375,0.0
5791,-120.0,63.13359375,0.0
5792,-112.5,62.701171875,0.0
5793,-112.5,63.13359375,0.0
5794,-116.25,63.56601562500001,0.0
5795,-120.0,63.56601562500001,0.0
5796,-116.25,63.9984375,0.0
5797,-120.0,63.9984375,0.0
5798,-112.5,63.56601562500001,0.0
5799,-112.5,63.9984375,0.0
5800,-116.25,64.430859375,0.0
5801,-120.0,64.430859375,0.0
5802,-116.25,64.86328125,0.0
5803,-120.0,64.86328125,0.0
5804,-112.5,64.430859375,0.0
5805,-112.5,64.86328125,0.0
5806,-116.25,65.295703125,0.0
5807,-120.0,65.295703125,0.0
5808,-116.25,65.728125,0.0
5809,-120.0,65.728125,0.0
5810,-112.5,65.295703125,0.0
5811,-112.5,65.728125,0.0
5812,-116.25,66.16054687500001,0.0
5813,-120.0,66.16054687500001,0.0
5814,-116.25,66.59296875000001,0.0
5815,-120.0,66.59296875000001,0.0
5816,-112.5,66.16054687500001,0.0
5817,-112.5,66.59296875000001,0.0
5818,-116.25,67.025390625,0.0
5819,-120.0,67.025390625,0.0
5820,-116.25,67.4578125,0.0
5821,-120.0,67.4578125,0.0
5822,-112.5,67.025390625,0.0
5823,-112.5,67.4578125,0.0
5824,-116.25,67.890234375,0.0
5825,-120.0,67.890234375,0.0
5826,-116.25,68.32265625,0.0
5827,-120.0,68.32265625,0.0
5828,-112.5,67.890234375,0.0
5829,-112.5,68.32265625,0.0
5830,-116.25,68.755078125,0.0
5831,-120.0,68.755078125,0.0
5832,-116.25,69.1875,0.0
5833,-120.0,69.1875,0.0
5834,-112.5,68.755078125,0.0
5835,-112.5,69.1875,0.0
5836,-108.75,55.782421875,0.0
5837,-108.75,56.21484375,0.0
5838,-105.0,55.782421875,0.0
5839,-105.0,56.21484375,0.0
5840,-108.75,56.647265625,0.0
5841,-108.75,57.07968750000001,0.0
5842,-105.0,56.647265625,0.0
5843,-105.0,57.07968750000001,0.0
5844,-108.75,57.51210937500001,0.0
5845,-108.75,57.94453125,0.0
5846,-105.0,57.51210937500001,0.0
5847,-105.0,57.94453125,0.0
5848,-108.75,58.376953125,0.0
5849,-108.75,58.809375,0.0
5850,-105.0,58.376953125,0.0
5851,-105.0,58.809375,0.0
5852,-108.75,59.24179687500001,0.0
5853,-108.75,59.67421875,0.0
5854,-105.0,59.24179687500001,0.0
5855,-105.0,59.67421875,0.0
5856,-108.75,60.106640625,0.0
5857,-108.75,60.5390625,0.0
5858,-105.0,60.106640625,0.0
5859,-105.0,60.5390625,0.0
5860,-108.75,60.971484375,0.0
5861,-108.75,61.40390625,0.0
5862,-105.0,60.971484375,0.0
5863,-105.0,61.40390625,0.0
5864,-108.75,61.83632812499999,0.0
5865,-108.75,62.26875,0.0
5866,-105.0,61.83632812499999,0.0
5867,-105.0,62.26875,0.0
5868,-108.75,62.701171875,0.0
5869,-108.75,63.13359375,0.0
5870,-105.0,62.701171875,0.0
5871,-105.0,63.13359375,0.0
5872,-108.75,63.56601562500001,0.0
5873,-108.75,63.9984375,0.0
5874,-105.0,63.56601562500001,0.0
5875,-105.0,63.9984375,0.0
5876,-108.75,64.430859375,0.0
5877,-108.75,64.86328125,0.0
5878,-105.0,64.430859375,0.0
5879,-105.0,64.86328125,0.0
5880,-108.75,65.295703125,0.0
5881,-108.75,65.728125,0.0
5882,-105.0,65.295703125,0.0
5883,-105.0,65.728125,0.0
5884,-108.75,66.16054687500001,0.0
5885,-108.75,66.59296875000001,0.0
5886,-105.0,66.16054687500001,0.0
5887,-105.0,66.59296875000001,0.0
5888,-108.75,67.025390625,0.0
5889,-108.75,67.4578125,0.0
5890,-105.0,67.025390625,0.0
5891,-105.0,67.4578125,0.0
5892,-108.75,67.890234375,0.0
5893,-108.75,68.32265625,0.0
5894,-105.0,67.890234375,0.0
5895,-105.0,68.32265625,0.0
5896,-108.75,68.755078125,0.0
5897,-108.75,69.1875,0.0
5898,-105.0,68.755078125,0.0
5899,-105.0,69.1875,0.0
5900,-116.25,69.619921875,0.0
5901,-120.0,69.619921875,0.0
5902,-116.25,70.05234375,0.0
5903,-120.0,70.05234375,0.0
5904,-112.5,69.619921875,0.0
5905,-112.5,70.05234375,0.0
5906,-116.25,70.484765625,0.0
5907,-120.0,70.484765625,0.0
5908,-116.25,70.9171875,0.0
5909,-120.0,70.9171875,0.0
5910,-112.5,70.484765625,0.0
5911,-112.5,70.9171875,0.0
5912,-116.25,71.349609375,0.0
5913,-120.0,71.349609375,0.0
5914,-116.25,71.78203124999999,0.0
5915,-120.0,71.78203124999999,0.0
5916,-112.5,71.349609375,0.0
5917,-112.5,71.78203124999999,0.0
5918,-116.25,72.21445312499999,0.0
5919,-120.0,72.21445312499999,0.0
5920,-116.25,72.646875,0.0
5921,-120.0,72.646875,0.0
5922,-112.5,72.21445312499999,0.0
5923,-112.5,72.646875,0.0
5924,-116.25,73.079296875,0.0
5925,-120.0,73.079296875,0.0
5926,-116.25,73.51171875,0.0
5927,-120.0,73.51171875,0.0
5928,-112.5,73.079296875,0.0
5929,-112.5,73.51171875,0.0
5930,-116.25,73.944140625,0.0
5931,-120.0,73.944140625,0.0
5932,-116.25,74.3765625,0.0
5933,-120.0,74.3765625,0.0
5934,-112.5,73.944140625,0.0
5935,-112.5,74.3765625,0.0
5936,-116.25,74.80898437500001,0.0
5937,-120.0,74.80898437500001,0.0
5938,-116.25,75.24140625000001,0.0
5939,-120.0,75.24140625000001,0.0
5940,-112.5,74.80898437500001,0.0
5941,-112.5,75.24140625000001,0.0
5942,-116.25,75.673828125,0.0
5943,-120.0,75.673828125,0.0
5944,-116.25,76.10625,0.0
5945,-120.0,76.10625,0.0
5946,-112.5,75.673828125,0.0
5947,-112.5,76.10625,0.0
5948,-116.25,76.538671875,0.0
5949,-120.0,76.538671875,0.0
5950,-116.25,76.97109375,0.0
5951,-120.0,76.97109375,0.0
5952,-112.5,76.538671875,0.0
5953,-112.5,76.97109375,0.0
5954,-116.25,77.403515625,0.0
5955,-120.0,77.403515625,0.0
5956,-116.25,77.8359375,0.0
5957,-120.0,77.8359375,0.0
5958,-112.5,77.403515625,0.0
5959,-112.5,77.8359375,0.0
5960,-116.25,78.268359375,0.0
5961,-120.0,78.268359375,0.0
5962,-116.25,78.70078125,0.0
5963,-120.0,78.70078125,0.0
5964,-112.5,78.268359375,0.0
5965,-112.5,78.70078125,0.0
5966,-116.25,79.13320312500001,0.0
5967,-120.0,79.13320312500001,0.0
5968,-116.25,79.56562500000001,0.0
5969,-120.0,79.56562500000001,0.0
5970,-112.5,79.13320312500001,0.0
5971,-112.5,79.56562500000001,0.0
5972,-116.25,79.99804687500001,0.0
5973,-120.0,79.99804687500001,0.0
5974,-116.25,80.43046875000002,0.0
5975,-120.0,80.43046875000002,0.0
5976,-112.5,79.99804687500001,0.0
5977,-112.5,80.43046875000002,0.0
5978,-116.25,80.862890625,0.0
5979,-120.0,80.862890625,0.0
5980,-116.25,81.29531250000001,0.0
5981,-120.0,81.29531250000001,0.0
5982,-112.5,80.862890625,0.0
5983,-112.5,81.29531250000001,0.0
5984,-116.25,81.72773437500001,0.0
5985,-120.0,81.72773437500001,0.0
5986,-116.25,82.16015625,0.0
5987,-120.0,82.16015625,0.0
5988,-112.5,81.72773437500001,0.0
5989,-112.5,82.16015625,0.0
5990,-116.25,82.592578125,0.0
5991,-120.0,82.592578125,0.0
5992,-116.25,83.025,0.0
5993,-120.0,83.025,0.0
5994,-112.5,82.592578125,0.0
5995,-112.5,83.025,0.0
5996,-108.75,69.619921875,0.0
5997,-108.75,70.05234375,0.0
5998,-105.0,69.619921875,0.0
5999,-105.0,70.05234375,0.0
6000,-108.75,70.484765625,0.0
6001,-108.75,70.9171875,0.0
6002,-105.0,70.484765625,0.0
6003,-105.0,70.9171875,0.0
6004,-108.75,71.349609375,0.0
6005,-108.75,71.78203124999999,0.0
6006,-105.0,71.349609375,0.0
6007,-105.0,71.78203124999999,0.0
6008,-108.75,72.21445312499999,0.0
6009,-108.75,72.646875,0.0
6010,-105.0,72.21445312499999,0.0
6011,-105.0,72.646875,0.0
6012,-108.75,73.079296875,0.0
6013,-108.75,73.51171875,0.0
6014,-105.0,73.079296875,0.0
6015,-105.0,73.51171875,0.0
6016,-108.75,73.944140625,0.0
6017,-108.75,74.3765625,0.0
6018,-105.0,73.944140625,0.0
6019,-105.0,74.3765625,0.0
6020,-108.75,74.80898437500001,0.0
6021,-108.75,75.24140625000001,0.0
6022,-105.0,74.80898437500001,0.0
6023,-105.0,75.24140625000001,0.0
6024,-108.75,75.673828125,0.0
6025,-108.75,76.10625,0.0
6026,-105.0,75.673828125,0.0
6027,-105.0,76.10625,0.0
6028,-108.75,76.538671875,0.0
6029,-108.75,76.97109375,0.0
6030,-105.0,76.538671875,0.0
6031,-105.0,76.97109375,0.0
6032,-108.75,77.403515625,0.0
6033,-108.75,77.8359375,0.0
6034,-105.0,77.403515625,0.0
6035,-105.0,77.8359375,0.0
6036,-108.75,78.268359375,0.0
6037,-108.75,78.70078125,0.0
6038,-105.0,78.268359375,0.0
6039,-105.0,78.70078125,0.0
6040,-108.75,79.13320312500001,0.0
6041,-108.75,79.56562500000001,0.0
6042,-105.0,79.13320312500001,0.0
6043,-105.0,79.56562500000001,0.0
6044,-108.75,79.99804687500001,0.0
6045,-108.75,80.43046875000002,0.0
6046,-105.0,79.99804687500001,0.0
6047,-105.0,80.43046875000002,0.0
6048,-108.75,80.862890625,0.0
6049,-108.75,81.29531250000001,0.0
6050,-105.0,80.862890625,0.0
6051,-105.0,81.29531250000001,0.0
6052,-108.75,81.72773437500001,0.0
6053,-108.75,82.16015625,0.0
6054,-105.0,81.72773437500001,0.0
6055,-105.0,82.16015625,0.0
6056,-108.75,82.592578125,0.0
6057,-108.75,83.025,0.0
6058,-105.0,82.592578125,0.0
6059,-105.0,83.025,0.0
6060,-101.25,55.782421875,0.0
6061,-101.25,56.21484375,0.0
6062,-97.5,55.782421875,0.0
6063,-97.5,56.21484375,0.0
6064,-101.25,56.647265625,0.0
6065,-101.25,57.07968750000001,0.0
6066,-97.5,56.647265625,0.0
6067,-97.5,57.07968750000001,0.0
6068,-101.25,57.51210937500001,0.0
6069,-101.25,57.94453125,0.0
6070,-97.5,57.51210937500001,0.0
6071,-97.5,57.94453125,0.0
6072,-101.25,58.376953125,0.0
6073,-101.25,58.809375,0.0
6074,-97.5,58.376953125,0.0
6075,-97.5,58.809375,0.0
6076,-101.25,59.24179687500001,0.0
6077,-101.25,59.67421875,0.0
6078,-97.5,59.24179687500001,0.0
6079,-97.5,59.67421875,0.0
6080,-101.25,60.106640625,0.0
6081,-101.25,60.5390625,0.0
6082,-97.5,60.106640625,0.0
6083,-97.5,60.5390625,0.0
6084,-101.25,60.971484375,0.0
6085,-101.25,61.40390625,0.0
6086,-97.5,60.971484375,0.0
6087,-97.5,61.40390625,0.0
6088,-101.25,61.83632812499999,0.0
6089,-101.25,62.26875,0.0
6090,-97.5,61.83632812499999,0.0
6091,-97.5,62.26875,0.0
6092,-101.25,62.701171875,0.0
6093,-101.25,63.13359375,0.0
6094,-97.5,62.701171875,0.0
6095,-97.5,63.13359375,0.0
6096,-101.25,63.56601562500001,0.0
6097,-101.25,63.9984375,0.0
6098,-97.5,63.56601562500001,0.0
6099,-97.5,63.9984375,0.0
6100,-101.25,64.430859375,0.0
6101,-101.25,64.86328125,0.0
6102,-97.5,64.430859375,0.0
6103,-97.5,64.86328125,0.0
6104,-101.25,65.295703125,0.0
6105,-101.25,65.728125,0.0
6106,-97.5,65.295703125,0.0
6107,-97.5,65.728125,0.0
6108,-101.25,66.16054687500001,0.0
6109,-101.25,66.59296875000001,0.0
6110,-97.5,66.16054687500001,0.0
6111,-97.5,66.59296875000001,0.0
6112,-101.25,67.025390625,0.0
6113,-101.25,67.4578125,0.0
6114,-97.5,67.025390625,0.0
6115,-97.5,67.4578125,0.0
6116,-101.25,67.890234375,0.0
6117,-101.25,68.32265625,0.0
6118,-97.5,67.890234375,0.0
6119,-97.5,68.32265625,0.0
6120,-101.25,68.755078125,0.0
6121,-101.25,69.1875,0.0
6122,-97.5,68.755078125,0.0
6123,-97.5,69.1875,0.0
6124,-93.75,55.782421875,0.0
6125,-93.75,56.21484375,0.0
6126,-90.0,55.782421875,0.0
6127,-90.0,56.21484375,0.0
6128,-93.75,56.647265625,0.0
6129,-93.75,57.07968750000001,0.0
6130,-90.0,56.647265625,0.0
6131,-90.0,57.07968750000001,0.0
6132,-93.75,57.51210937500001,0.0
6133,-93.75,57.94453125,0.0
6134,-90.0,57.51210937500001,0.0
6135,-90.0,57.94453125,0.0
6136,-93.75,58.376953125,0.0
6137,-93.75,58.809375,0.0
6138,-90.0,58.376953125,0.0
6139,-90.0,58.809375,0.0
6140,-93.75,59.24179687500001,0.0
6141,-93.75,59.67421875,0.0
6142,-90.0,59.24179687500001,0.0
6143,-90.0,59.67421875,0.0
6144,-93.75,60.106640625,0.0
6145,-93.75,60.5390625,0.0
6146,-90.0,60.106640625,0.0
6147,-90.0,60.5390625,0.0
6148,-93.75,60.971484375,0.0
6149,-93.75,61.40390625,0.0
6150,-90.0,60.971484375,0.0
6151,-90.0,61.40390625,0.0
6152,-93.75,61.83632812499999,0.0
6153,-93.75,62.26875,0.0
6154,-90.0,61.83632812499999,0.0
6155,-90.0,62.26875,0.0
6156,-93.75,62.701171875,0.0
6157,-93.75,63.13359375,0.0
6158,-90.0,62.701171875,0.0
6159,-90.0,63.13359375,0.0
6160,-93.75,63.56601562500001,0.0
6161,-93.75,63.9984375,0.0
6162,-90.0,63.56601562500001,0.0
6163,-90.0,63.9984375,0.0
6164,-93.75,64.430859375,0.0
6165,-93.75,64.86328125,0.0
6166,-90.0,64.430859375,0.0
6167,-90.0,64.86328125,0.0
6168,-93.75,65.295703125,0.0
6169,-93.75,65.728125,0.0
6170,-90.0,65.295703125,0.0
6171,-90.0,65.728125,0.0
6172,-93.75,66.16054687500001,0.0
6173,-93.75,66.59296875000001,0.0
6174,-90.0,66.16054687500001,0.0
6175,-90.0,66.59296875000001,0.0
6176,-93.75,67.025390625,0.0
6177,-93.75,67.4578125,0.0
6178,-90.0,67.025390625,0.0
6179,-90.0,67.4578125,0.0
6180,-93.75,67.890234375,0.0
6181,-93.75,68.32265625,0.0
6182,-90.0,67.890234375,0.0
6183,-90.0,68.32265625,0.0
6184,-93.75,68.755078125,0.0
6185,-93.75,69.1875,0.0
6186,-90.0,68.755078125,0.0
6187,-90.0,69.1875,0.0
6188,-101.25,69.619921875,0.0
6189,-101.25,70.05234375,0.0
6190,-97.5,69.619921875,0.0
6191,-97.5,70.05234375,0.0
6192,-101.25,70.484765625,0.0
6193,-101.25,70.9171875,0.0
6194,-97.5,70.484765625,0.0
6195,-97.5,70.9171875,0.0
6196,-101.25,71.349609375,0.0
6197,-101.25,71.78203124999999,0.0
6198,-97.5,71.349609375,0.0
6199,-97.5,71.78203124999999,0.0
6200,-101.25,72.21445312499999,0.0
6201,-101.25,72.646875,0.0
6202,-97.5,72.21445312499999,0.0
6203,-97.5,72.646875,0.0
6204,-101.25,73.079296875,0.0
6205,-101.25,73.51171875,0.0
6206,-97.5,73.079296875,0.0
6207,-97.5,73.51171875,0.0
6208,-101.25,73.944140625,0.0
6209,-101.25,74.3765625,0.0
6210,-97.5,73.944140625,0.0
6211,-97.5,74.3765625,0.0
6212,-101.25,74.80898437500001,0.0
6213,-101.25,75.24140625000001,0.0
6214,-97.5,74.80898437500001,0.0
6215,-97.5,75.24140625000001,0.0
6216,-101.25,75.673828125,0.0
6217,-101.25,76.10625,0.0
6218,-97.5,75.673828125,0.0
6219,-97.5,76.10625,0.0
6220,-101.25,76.538671875,0.0
6221,-101.25,76.97109375,0.0
6222,-97.5,76.538671875,0.0
6223,-97.5,76.97109375,0.0
6224,-101.25,77.403515625,0.0
6225,-101.25,77.8359375,0.0
6226,-97.5,77.403515625,0.0
6227,-97.5,77.8359375,0.0
6228,-101.25,78.268359375,0.0
6229,-101.25,78.70078125,0.0
6230,-97.5,78.268359375,0.0
6231,-97.5,78.70078125,0.0
6232,-101.25,79.13320312500001,0.0
6233,-101.25,79.56562500000001,0.0
6234,-97.5,79.13320312500001,0.0
6235,-97.5,79.56562500000001,0.0
6236,-101.25,79.99804687500001,0.0
6237,-101.25,80.43046875000002,0.0
6238,-97.5,79.99804687500001,0.0
6239,-97.5,80.43046875000002,0.0
6240,-101.25,80.862890625,0.0
6241,-101.25,81.29531250000001,0.0
6242,-97.5,80.862890625,0.0
6243,-97.5,81.29531250000001,0.0
6244,-101.25,81.72773437500001,0.0
6245,-101.25,82.16015625,0.0
6246,-97.5,81.72773437500001,0.0
6247,-97.5,82.16015625,0.0
6248,-101.25,82.592578125,0.0
6249,-101.25,83.025,0.0
6250,-97.5,82.592578125,0.0
6251,-97.5,83.025,0.0
6252,-93.75,69.619921875,0.0
6253,-93.75,70.05234375,0.0
6254,-90.0,69.619921875,0.0
6255,-90.0,70.05234375,0.0
6256,-93.75,70.484765625,0.0
6257,-93.75,70.9171875,0.0
6258,-90.0,70.484765625,0.0
6259,-90.0,70.9171875,0.0
6260,-93.75,71.349609375,0.0
6261,-93.75,71.78203124999999,0.0
6262,-90.0,71.349609375,0.0
6263,-90.0,71.78203124999999,0.0
6264,-93.75,72.21445312499999,0.0
6265,-93.75,72.646875,0.0
6266,-90.0,72.21445312499999,0.0
6267,-90.0,72.646875,0.0
6268,-93.75,73.079296875,0.0
6269,-93.75,73.51171875,0.0
6270,-90.0,73.079296875,0.0
6271,-90.0,73.51171875,0.0
6272,-93.75,73.944140625,0.0
6273,-93.75,74.3765625,0.0
6274,-90.0,73.944140625,0.0
6275,-90.0,74.3765625,0.0
6276,-93.75,74.80898437500001,0.0
6277,-93.75,75.24140625000001,0.0
6278,-90.0,74.80898437500001,0.0
6279,-90.0,75.24140625000001,0.0
6280,-93.75,75.673828125,0.0
6281,-93.75,76.10625,0.0
6282,-90.0,75.673828125,0.0
6283,-90.0,76.10625,0.0
6284,-93.75,76.538671875,0.0
6285,-93.75,76.97109375,0.0
6286,-90.0,76.538671875,0.0
6287,-90.0,76.97109375,0.0
6288,-93.75,77.403515625,0.0
6289,-93.75,77.8359375,0.0
6290,-90.0,77.403515625,0.0
6291,-90.0,77.8359375,0.0
6292,-93.75,78.268359375,0.0
6293,-93.75,78.70078125,0.0
6294,-90.0,78.268359375,0.0
6295,-90.0,78.70078125,0.0
6296,-93.75,79.13320312500001,0.0
6297,-93.75,79.56562500000001,0.0
6298,-90.0,79.13320312500001,0.0
6299,-90.0,79.56562500000001,0.0
6300,-93.75,79.99804687500001,0.0
6301,-93.75,80.43046875000002,0.0
6302,-90.0,79.99804687500001,0.0
6303,-90.0,80.43046875000002,0.0
6304,-93.75,80.862890625,0.0
6305,-93.75,81.29531250000001,0.0
6306,-90.0,80.862890625,0.0
6307,-90.0,81.29531250000001,0.0
6308,-93.75,81.72773437500001,0.0
6309,-93.75,82.16015625,0.0
6310,-90.0,81.72773437500001,0.0
6311,-90.0,82.16015625,0.0
6312,-93.75,82.592578125,0.0
6313,-93.75,83.025,0.0
6314,-90.0,82.592578125,0.0
6315,-90.0,83.025,0.0
6316,-86.25,55.782421875,0.0
6317,-86.25,56.21484375,0.0
6318,-82.5,55.782421875,0.0
6319,-82.5,56.21484375,0.0
6320,-86.25,56.647265625,0.0
6321,-86.25,57.07968750000001,0.0
6322,-82.5,56.647265625,0.0
6323,-82.5,57.07968750000001,0.0
6324,-86.25,57.51210937500001,0.0
6325,-86.25,57.94453125,0.0
6326,-82.5,57.51210937500001,0.0
6327,-82.5,57.94453125,0.0
6328,-86.25,58.376953125,0.0
6329,-86.25,58.809375,0.0
6330,-82.5,58.376953125,0.0
6331,-82.5,58.809375,0.0
6332,-86.25,59.24179687500001,0.0
6333,-86.25,59.67421875,0.0
6334,-82.5,59.24179687500001,0.0
6335,-82.5,59.67421875,0.0
6336,-86.25,60.106640625,0.0
6337,-86.25,60.5390625,0.0
6338,-82.5,60.106640625,0.0
6339,-82.5,60.5390625,0.0
6340,-86.25,60.971484375,0.0
6341,-86.25,61.40390625,0.0
6342,-82.5,60.971484375,0.0
6343,-82.5,61.40390625,0.0
6344,-86.25,61.83632812499999,0.0
6345,-86.25,62.26875,0.0
6346,-82.5,61.83632812499999,0.0
6347,-82.5,62.26875,0.0
6348,-86.25,62.701171875,0.0
6349,-86.25,63.13359375,0.0
6350,-82.5,62.701171875,0.0
6351,-82.5,63.13359375,0.0
6352,-86.25,63.56601562500001,0.0
6353,-86.25,63.9984375,0.0
6354,-82.5,63.56601562500001,0.0
6355,-82.5,63.9984375,0.0
6356,-86.25,64.430859375,0.0
6357,-86.25,64.86328125,0.0
6358,-82.5,64.430859375,0.0
6359,-82.5,64.86328125,0.0
6360,-86.25,65.295703125,0.0
6361,-86.25,65.728125,0.0
6362,-82.5,65.295703125,0.0
6363,-82.5,65.728125,0.0
6364,-86.25,66.16054687500001,0.0
6365,-86.25,66.59296875000001,0.0
6366,-82.5,66.16054687500001,0.0
6367,-82.5,66.59296875000001,0.0
6368,-86.25,67.025390625,0.0
6369,-86.25,67.4578125,0.0
6370,-82.5,67.025390625,0.0
6371,-82.5,67.4578125,0.0
6372,-86.25,67.890234375,0.0
6373,-86.25,68.32265625,0.0
6374,-82.5,67.890234375,0.0
6375,-82.5,68.32265625,0.0
6376,-86.25,68.755078125,0.0
6377,-86.25,69.1875,0.0
6378,-82.5,68.755078125,0.0
6379,-82.5,69.1875,0.0
6380,-78.75,55.782421875,0.0
6381,-78.75,56.21484375,0.0
6382,-75.0,55.782421875,0.0
6383,-75.0,56.21484375,0.0
6384,-78.75,56.647265625,0.0
6385,-78.75,57.07968750000001,0.0
6386,-75.0,56.647265625,0.0
6387,-75.0,57.07968750000001,0.0
6388,-78.75,57.51210937500001,0.0
6389,-78.75,57.94453125,0.0
6390,-75.0,57.51210937500001,0.0
6391,-75.0,57.94453125,0.0
6392,-78.75,58.376953125,0.0
6393,-78.75,58.809375,0.0
6394,-75.0,58.376953125,0.0
6395,-75.0,58.809375,0.0
6396,-78.75,59.24179687500001,0.0
6397,-78.75,59.67421875,0.0
6398,-75.0,59.24179687500001,0.0
6399,-75.0,59.67421875,0.0
6400,-78.75,60.106640625,0.0
6401,-78.75,60.5390625,0.0
6402,-75.0,60.106640625,0.0
6403,-75.0,60.5390625,0.0
6404,-78.75,60.971484375,0.0
6405,-78.75,61.40390625,0.0
6406,-75.0,60.971484375,0.0
6407,-75.0,61.40390625,0.0
6408,-78.75,61.83632812499999,0.0
6409,-78.75,62.26875,0.0
6410,-75.0,61.83632812499999,0.0
6411,-75.0,62.26875,0.0
6412,-78.75,62.701171875,0.0
6413,-78.75,63.13359375,0.0
6414,-75.0,62.701171875,0.0
6415,-75.0,63.13359375,0.0
6416,-78.75,63.56601562500001,0.0
6417,-78.75,63.9984375,0.0
6418,-75.0,63.56601562500001,0.0
6419,-75.0,63.9984375,0.0
6420,-78.75,64.430859375,0.0
6421,-78.75,64.86328125,0.0
6422,-75.0,64.430859375,0.0
6423,-75.0,64.86328125,0.0
6424,-78.75,65.295703125,0.0
6425,-78.75,65.728125,0.0
6426,-75.0,65.295703125,0.0
6427,-75.0,65.728125,0.0
6428,-78.75,66.16054687500001,0.0
6429,-78.75,66.59296875000001,0.0
6430,-75.0,66.16054687500001,0.0
6431,-75.0,66.59296875000001,0.0
6432,-78.75,67.025390625,0.0
6433,-78.75,67.4578125,0.0
6434,-75.0,67.025390625,0.0
6435,-75.0,67.4578125,0.0
6436,-78.75,67.890234375,0.0
6437,-78.75,68.32265625,0.0
6438,-75.0,67.890234375,0.0
6439,-75.0,68.32265625,0.0
6440,-78.75,68.755078125,0.0
6441,-78.75,69.1875,0.0
6442,-75.0,68.755078125,0.0
6443,-75.0,69.1875,0.0
6444,-86.25,69.619921875,0.0
6445,-86.25,70.05234375,0.0
6446,-82.5,69.619921875,0.0
6447,-82.5,70.05234375,0.0
6448,-86.25,70.484765625,0.0
6449,-86.25,70.9171875,0.0
6450,-82.5,70.484765625,0.0
6451,-82.5,70.9171875,0.0
6452,-86.25,71.349609375,0.0
6453,-86.25,71.78203124999999,0.0
6454,-82.5,71.349609375,0.0
6455,-82.5,71.78203124999999,0.0
6456,-86.25,72.21445312499999,0.0
6457,-86.25,72.646875,0.0
6458,-82.5,72.21445312499999,0.0
6459,-82.5,72.646875,0.0
6460,-86.25,73.079296875,0.0
6461,-86.25,73.51171875,0.0
6462,-82.5,73.079296875,0.0
6463,-82.5,73.51171875,0.0
6464,-86.25,73.944140625,0.0
6465,-86.25,74.3765625,0.0
6466,-82.5,73.944140625,0.0
6467,-82.5,74.3765625,0.0
6468,-86.25,74.80898437500001,0.0
6469,-86.25,75.24140625000001,0.0
6470,-82.5,74.80898437500001,0.0
6471,-82.5,75.24140625000001,0.0
6472,-86.25,75.673828125,0.0
6473,-86.25,76.10625,0.0
6474,-82.5,75.673828125,0.0
6475,-82.5,76.10625,0.0
6476,-86.25,76.538671875,0.0
6477,-86.25,76.97109375,0.0
6478,-82.5,76.538671875,0.0
6479,-82.5,76.97109375,0.0
6480,-86.25,77.403515625,0.0
6481,-86.25,77.8359375,0.0
6482,-82.5,77.403515625,0.0
6483,-82.5,77.8359375,0.0
6484,-86.25,78.268359375,0.0
6485,-86.25,78.70078125,0.0
6486,-82.5,78.268359375,0.0
6487,-82.5,78.70078125,0.0
6488,-86.25,79.13320312500001,0.0
6489,-86.25,79.56562500000001,0.0
6490,-82.5,79.13320312500001,0.0
6491,-82.5,79.56562500000001,0.0
6492,-86.25,79.99804687500001,0.0
6493,-86.25,80.43046875000002,0.0
6494,-82.5,79.99804687500001,0.0
6495,-82.5,80.43046875000002,0.0
6496,-86.25,80.862890625,0.0
6497,-86.25,81.29531250000001,0.0
6498,-82.5,80.862890625,0.0
6499,-82.5,81.29531250000001,0.0
6500,-86.25,81.72773437500001,0.0
6501,-86.25,82.16015625,0.0
6502,-82.5,81.72773437500001,0.0
6503,-82.5,82.16015625,0.0
6504,-86.25,82.592578125,0.0
6505,-86.25,83.025,0.0
6506,-82.5,82.592578125,0.0
6507,-82.5,83.025,0.0
6508,-78.75,69.619921875,0.0
6509,-78.75,70.05234375,0.0
6510,-75.0,69.619921875,0.0
6511,-75.0,70.05234375,0.0
6512,-78.75,70.484765625,0.0
6513,-78.75,70.9171875,0.0
6514,-75.0,70.484765625,0.0
6515,-75.0,70.9171875,0.0
6516,-78.75,71.349609375,0.0
6517,-78.75,71.78203124999999,0.0
6518,-75.0,71.349609375,0.0
6519,-75.0,71.78203124999999,0.0
6520,-78.75,72.21445312499999,0.0
6521,-78.75,72.646875,0.0
6522,-75.0,72.21445312499999,0.0
6523,-75.0,72.646875,0.0
6524,-78.75,73.079296875,0.0
6525,-78.75,73.51171875,0.0
6526,-75.0,73.079296875,0.0
6527,-75.0,73.51171875,0.0
6528,-78.75,73.944140625,0.0
6529,-78.75,74.3765625,0.0
6530,-75.0,73.944140625,0.0
6531,-75.0,74.3765625,0.0
6532,-78.75,74.80898437500001,0.0
6533,-78.75,75.24140625000001,0.0
6534,-75.0,74.80898437500001,0.0
6535,-75.0,75.24140625000001,0.0
6536,-78.75,75.673828125,0.0
6537,-78.75,76.10625,0.0
6538,-75.0,75.673828125,0.0
6539,-75.0,76.10625,0.0
6540,-78.75,76.538671875,0.0
6541,-78.75,76.97109375,0.0
6542,-75.0,76.538671875,0.0
6543,-75.0,76.97109375,0.0
6544,-78.75,77.403515625,0.0
6545,-78.75,77.8359375,0.0
6546,-75.0,77.403515625,0.0
6547,-75.0,77.8359375,0.0
6548,-78.75,78.268359375,0.0
6549,-78.75,78.70078125,0.0
6550,-75.0,78.268359375,0.0
6551,-75.0,78.70078125,0.0
6552,-78.75,79.13320312500001,0.0
6553,-78.75,79.56562500000001,0.0
6554,-75.0,79.13320312500001,0.0
6555,-75.0,79.56562500000001,0.0
6556,-78.75,79.99804687500001,0.0
6557,-78.75,80.43046875000002,0.0
6558,-75.0,79.99804687500001,0.0
6559,-75.0,80.43046875000002,0.0
6560,-78.75,80.862890625,0.0
6561,-78.75,81.29531250000001,0.0
6562,-75.0,80.862890625,0.0
6563,-75.0,81.29531250000001,0.0
6564,-78.75,81.72773437500001,0.0
6565,-78.75,82.16015625,0.0
6566,-75.0,81.72773437500001,0.0
6567,-75.0,82.16015625,0.0
6568,-78.75,82.592578125,0.0
6569,-78.75,83.025,0.0
6570,-75.0,82.592578125,0.0
6571,-75.0,83.025,0.0
6572,-71.25,55.782421875,0.0
6573,-71.25,56.21484375,0.0
6574,-67.5,55.782421875,0.0
6575,-67.5,56.21484375,0.0
6576,-71.25,56.647265625,0.0
6577,-71.25,57.07968750000001,0.0
6578,-67.5,56.647265625,0.0
6579,-67.5,57.07968750000001,0.0
6580,-71.25,57.51210937500001,0.0
6581,-71.25,57.94453125,0.0
6582,-67.5,57.51210937500001,0.0
6583,-67.5,57.94453125,0.0
6584,-71.25,58.376953125,0.0
6585,-71.25,58.809375,0.0
6586,-67.5,58.376953125,0.0
6587,-67.5,58.809375,0.0
6588,-71.25,59.24179687500001,0.0
6589,-71.25,59.67421875,0.0
6590,-67.5,59.24179687500001,0.0
6591,-67.5,59.67421875,0.0
6592,-71.25,60.106640625,0.0
6593,-71.25,60.5390625,0.0
6594,-67.5,60.106640625,0.0
6595,-67.5,60.5390625,0.0
6596,-71.25,60.971484375,0.0
6597,-71.25,61.40390625,0.0
6598,-67.5,60.971484375,0.0
6599,-67.5,61.40390625,0.0
6600,-71.25,61.83632812499999,0.0
6601,-71.25,62.26875,0.0
6602,-67.5,61.83632812499999,0.0
6603,-67.5,62.26875,0.0
6604,-71.25,62.701171875,0.0
6605,-71.25,63.13359375,0.0
6606,-67.5,62.701171875,0.0
6607,-67.5,63.13359375,0.0
6608,-71.25,63.56601562500001,0.0
6609,-71.25,63.9984375,0.0
6610,-67.5,63.56601562500001,0.0
6611,-67.5,63.9984375,0.0
6612,-71.25,64.430859375,0.0
6613,-71.25,64.86328125,0.0
6614,-67.5,64.430859375,0.0
6615,-67.5,64.86328125,0.0
6616,-71.25,65.295703125,0.0
6617,-71.25,65.728125,0.0
6618,-67.5,65.295703125,0.0
6619,-67.5,65.728125,0.0
6620,-71.25,66.16054687500001,0.0
6621,-71.25,66.59296875000001,0.0
6622,-67.5,66.16054687500001,0.0
6623,-67.5,66.59296875000001,0.0
6624,-71.25,67.025390625,0.0
6625,-71.25,67.4578125,0.0
6626,-67.5,67.025390625,0.0
6627,-67.5,67.4578125,0.0
6628,-71.25,67.890234375,0.0
6629,-71.25,68.32265625,0.0
6630,-67.5,67.890234375,0.0
6631,-67.5,68.32265625,0.0
6632,-71.25,68.755078125,0.0
6633,-71.25,69.1875,0.0
6634,-67.5,68.755078125,0.0
6635,-67.5,69.1875,0.0
6636,-63.75,55.782421875,0.0
6637,-63.75,56.21484375,0.0
6638,-60.0,55.782421875,0.0
6639,-60.0,56.21484375,0.0
6640,-63.75,56.647265625,0.0
6641,-63.75,57.07968750000001,0.0
6642,-60.0,56.647265625,0.0
6643,-60.0,57.07968750000001,0.0
6644,-63.75,57.51210937500001,0.0
6645,-63.75,57.94453125,0.0
6646,-60.0,57.51210937500001,0.0
6647,-60.0,57.94453125,0.0
6648,-63.75,58.376953125,0.0
6649,-63.75,58.809375,0.0
6650,-60.0,58.376953125,0.0
6651,-60.0,58.809375,0.0
6652,-63.75,59.24179687500001,0.0
6653,-63.75,59.67421875,0.0
6654,-60.0,59.24179687500001,0.0
6655,-60.0,59.67421875,0.0
6656,-63.75,60.106640625,0.0
6657,-63.75,60.5390625,0.0
6658,-60.0,60.106640625,0.0
6659,-60.0,60.5390625,0.0
6660,-63.75,60.971484375,0.0
6661,-63.75,61.40390625,0.0
6662,-60.0,60.971484375,0.0
6663,-60.0,61.40390625,0.0
6664,-63.75,61.83632812499999,0.0
6665,-63.75,62.26875,0.0
6666,-60.0,61.83632812499999,0.0
6667,-60.0,62.26875,0.0
6668,-63.75,62.701171875,0.0
6669,-63.75,63.13359375,0.0
6670,-60.0,62.701171875,0.0
6671,-60.0,63.13359375,0.0
6672,-63.75,63.56601562500001,0.0
6673,-63.75,63.9984375,0.0
6674,-60.0,63.56601562500001,0.0
6675,-60.0,63.9984375,0.0
6676,-63.75,64.430859375,0.0
6677,-63.75,64.86328125,0.0
6678,-60.0,64.430859375,0.0
6679,-60.0,64.86328125,0.0
6680,-63.75,65.295703125,0.0
6681,-63.75,65.728125,0.0
6682,-60.0,65.295703125,0.0
6683,-60.0,65.728125,0.0
6684,-63.75,66.16054687500001,0.0
6685,-63.75,66.59296875000001,0.0
6686,-60.0,66.16054687500001,0.0
6687,-60.0,66.59296875000001,0.0
6688,-63.75,67.025390625,0.0
6689,-63.75,67.4578125,0.0
6690,-60.0,67.025390625,0.0
6691,-60.0,67.4578125,0.0
6692,-63.75,67.890234375,0.0
6693,-63.75,68.32265625,0.0
6694,-60.0,67.890234375,0.0
6695,-60.0,68.32265625,0.0
6696,-63.75,68.755078125,0.0
6697,-63.75,69.1875,0.0
6698,-60.0,68.755078125,0.0
6699,-60.0,69.1875,0.0
6700,-71.25,69.619921875,0.0
6701,-71.25,70.05234375,0.0
6702,-67.5,69.619921875,0.0
6703,-67.5,70.05234375,0.0
6704,-71.25,70.484765625,0.0
6705,-71.25,70.9171875,0.0
6706,-67.5,70.484765625,0.0
6707,-67.5,70.9171875,0.0
6708,-71.25,71.349609375,0.0
6709,-71.25,71.78203124999999,0.0
6710,-67.5,71.349609375,0.0
6711,-67.5,71.78203124999999,0.0
6712,-71.25,72.21445312499999,0.0
6713,-71.25,72.646875,0.0
6714,-67.5,72.21445312499999,0.0
6715,-67.5,72.646875,0.0
6716,-71.25,73.079296875,0.0
6717,-71.25,73.51171875,0.0
6718,-67.5,73.079296875,0.0
6719,-67.5,73.51171875,0.0
6720,-71.25,73.944140625,0.0
6721,-71.25,74.3765625,0.0
6722,-67.5,73.944140625,0.0
6723,-67.5,74.3765625,0.0
6724,-71.25,74.80898437500001,0.0
6725,-71.25,75.24140625000001,0.0
6726,-67.5,74.80898437500001,0.0
6727,-67.5,75.24140625000001,0.0
6728,-71.25,75.673828125,0.0
6729,-71.25,76.10625,0.0
6730,-67.5,75.673828125,0.0
6731,-67.5,76.10625,0.0
6732,-71.25,76.538671875,0.0
6733,-71.25,76.97109375,0.0
6734,-67.5,76.538671875,0.0
6735,-67.5,76.97109375,0.0
6736,-71.25,77.403515625,0.0
6737,-71.25,77.8359375,0.0
6738,-67.5,77.403515625,0.0
6739,-67.5,77.8359375,0.0
6740,-71.25,78.268359375,0.0
6741,-71.25,78.70078125,0.0
6742,-67.5,78.268359375,0.0
6743,-67.5,78.70078125,0.0
6744,-71.25,79.13320312500001,0.0
6745,-71.25,79.56562500000001,0.0
6746,-67.5,79.13320312500001,0.0
6747,-67.5,79.56562500000001,0.0
6748,-71.25,79.99804687500001,0.0
6749,-71.25,80.43046875000002,0.0
6750,-67.5,79.99804687500001,0.0
6751,-67.5,80.43046875000002,0.0
6752,-71.25,80.862890625,0.0
6753,-71.25,81.29531250000001,0.0
6754,-67.5,80.862890625,0.0
6755,-67.5,81.29531250000001,0.0
6756,-71.25,81.72773437500001,0.0
6757,-71.25,82.16015625,0.0
6758,-67.5,81.72773437500001,0.0
6759,-67.5,82.16015625,0.0
6760,-71.25,82.592578125,0.0
6761,-71.25,83.025,0.0
6762,-67.5,82.592578125,0.0
6763,-67.5,83.025,0.0
6764,-63.75,69.619921875,0.0
6765,-63.75,70.05234375,0.0
6766,-60.0,69.619921875,0.0
6767,-60.0,70.05234375,0.0
6768,-63.75,70.484765625,0.0
6769,-63.75,70.9171875,0.0
6770,-60.0,70.484765625,0.0
6771,-60.0,70.9171875,0.0
6772,-63.75,71.349609375,0.0
6773,-63.75,71.78203124999999,0.0
6774,-60.0,71.349609375,0.0
6775,-60.0,71.78203124999999,0.0
6776,-63.75,72.21445312499999,0.0
6777,-63.75,72.646875,0.0
6778,-60.0,72.21445312499999,0.0
6779,-60.0,72.646875,0.0
6780,-63.75,73.079296875,0.0
6781,-63.75,73.51171875,0.0
6782,-60.0,73.079296875,0.0
6783,-60.0,73.51171875,0.0
6784,-63.75,73.944140625,0.0
6785,-63.75,74.3765625,0.0
6786,-60.0,73.944140625,0.0
6787,-60.0,74.3765625,0.0
6788,-63.75,74.80898437500001,0.0
6789,-63.75,75.24140625000001,0.0
6790,-60.0,74.80898437500001,0.0
6791,-60.0,75.24140625000001,0.0
6792,-63.75,75.673828125,0.0
6793,-63.75,76.10625,0.0
6794,-60.0,75.673828125,0.0
6795,-60.0,76.10625,0.0
6796,-63.75,76.538671875,0.0
6797,-63.75,76.97109375,0.0
6798,-60.0,76.538671875,0.0
6799,-60.0,76.97109375,0.0
6800,-63.75,77.403515625,0.0
6801,-63.75,77.8359375,0.0
6802,-60.0,77.403515625,0.0
6803,-60.0,77.8359375,0.0
6804,-63.75,78.268359375,0.0
6805,-63.75,78.70078125,0.0
6806,-60.0,78.268359375,0.0
6807,-60.0,78.70078125,0.0
6808,-63.75,79.13320312500001,0.0
6809,-63.75,79.56562500000001,0.0
6810,-60.0,79.13320312500001,0.0
6811,-60.0,79.56562500000001,0.0
6812,-63.75,79.99804687500001,0.0
6813,-63.75,80.43046875000002,0.0
6814,-60.0,79.99804687500001,0.0
6815,-60.0,80.43046875000002,0.0
6816,-63.75,80.862890625,0.0
6817,-63.75,81.29531250000001,0.0
6818,-60.0,80.862890625,0.0
6819,-60.0,81.29531250000001,0.0
6820,-63.75,81.72773437500001,0.0
6821,-63.75,82.16015625,0.0
6822,-60.0,81.72773437500001,0.0
6823,-60.0,82.16015625,0.0
6824,-63.75,82.592578125,0.0
6825,-63.75,83.025,0.0
6826,-60.0,82.592578125,0.0
6827,-60.0,83.025,0.0
6828,-56.25,55.782421875,0.0
6829,-56.25,56.21484375,0.0
6830,-52.5,55.782421875,0.0
6831,-52.5,56.21484375,0.0
6832,-56.25,56.647265625,0.0
6833,-56.25,57.07968750000001,0.0
6834,-52.5,56.647265625,0.0
6835,-52.5,57.07968750000001,0.0
6836,-56.25,57.51210937500001,0.0
6837,-56.25,57.94453125,0.0
6838,-52.5,57.51210937500001,0.0
6839,-52.5,57.94453125,0.0
6840,-56.25,58.376953125,0.0
6841,-56.25,58.809375,0.0
6842,-52.5,58.376953125,0.0
6843,-52.5,58.809375,0.0
6844,-56.25,59.24179687500001,0.0
6845,-56.25,59.67421875,0.0
6846,-52.5,59.24179687500001,0.0
6847,-52.5,59.67421875,0.0
6848,-56.25,60.106640625,0.0
6849,-56.25,60.5390625,0.0
6850,-52.5,60.106640625,0.0
6851,-52.5,60.5390625,0.0
6852,-56.25,60.971484375,0.0
6853,-56.25,61.40390625,0.0
6854,-52.5,60.971484375,0.0
6855,-52.5,61.40390625,0.0
6856,-56.25,61.83632812499999,0.0
6857,-56.25,62.26875,0.0
6858,-52.5,61.83632812499999,0.0
6859,-52.5,62.26875,0.0
6860,-56.25,62.701171875,0.0
6861,-56.25,63.13359375,0.0
6862,-52.5,62.701171875,0.0
6863,-52.5,63.13359375,0.0
6864,-56.25,63.56601562500001,0.0
6865,-56.25,63.9984375,0.0
6866,-52.5,63.56601562500001,0.0
6867,-52.5,63.9984375,0.0
6868,-56.25,64.430859375,0.0
6869,-56.25,64.86328125,0.0
6870,-52.5,64.430859375,0.0
6871,-52.5,64.86328125,0.0
6872,-56.25,65.295703125,0.0
6873,-56.25,65.728125,0.0
6874,-52.5,65.295703125,0.0
6875,-52.5,65.728125,0.0
6876,-56.25,66.16054687500001,0.0
6877,-56.25,66.59296875000001,0.0
6878,-52.5,66.16054687500001,0.0
6879,-52.5,66.59296875000001,0.0
6880,-56.25,67.025390625,0.0
6881,-56.25,67.4578125,0.0
6882,-52.5,67.025390625,0.0
6883,-52.5,67.4578125,0.0
6884,-56.25,67.890234375,0.0
6885,-56.25,68.32265625,0.0
6886,-52.5,67.890234375,0.0
6887,-52.5,68.32265625,0.0
6888,-56.25,68.755078125,0.0
6889,-56.25,69.1875,0.0
6890,-52.5,68.755078125,0.0
6891,-52.5,69.1875,0.0
6892,-48.75,55.782421875,0.0
6893,-48.75,56.21484375,0.0
6894,-45.0,55.782421875,0.0
6895,-45.0,56.21484375,0.0
6896,-48.75,56.647265625,0.0
6897,-48.75,57.07968750000001,0.0
6898,-45.0,56.647265625,0.0
6899,-45.0,57.07968750000001,0.0
6900,-48.75,57.51210937500001,0.0
6901,-48.75,57.94453125,0.0
6902,-45.0,57.51210937500001,0.0
6903,-45.0,57.94453125,0.0
6904,-48.75,58.376953125,0.0
6905,-48.75,58.809375,0.0
6906,-45.0,58.376953125,0.0
6907,-45.0,58.809375,0.0
6908,-48.75,59.24179687500001,0.0
6909,-48.75,59.67421875,0.0
6910,-45.0,59.24179687500001,0.0
6911,-45.0,59.67421875,0.0
6912,-48.75,60.106640625,0.0
6913,-48.75,60.5390625,0.0
6914,-45.0,60.106640625,0.0
6915,-45.0,60.5390625,0.0
6916,-48.75,60.971484375,0.0
6917,-48.75,61.40390625,0.0
6918,-45.0,60.971484375,0.0
6919,-45.0,61.40390625,0.0
6920,-48.75,61.83632812499999,0.0
6921,-48.75,62.26875,0.0
6922,-45.0,61.83632812499999,0.0
6923,-45.0,62.26875,0.0
6924,-48.75,62.701171875,0.0
6925,-48.75,63.13359375,0.0
6926,-45.0,62.701171875,0.0
6927,-45.0,63.13359375,0.0
6928,-48.75,63.56601562500001,0.0
6929,-48.75,63.9984375,0.0
6930,-45.0,63.56601562500001,0.0
6931,-45.0,63.9984375,0.0
6932,-48.75,64.430859375,0.0
6933,-48.75,64.86328125,0.0
6934,-45.0,64.430859375,0.0
6935,-45.0,64.86328125,0.0
6936,-48.75,65.295703125,0.0
6937,-48.75,65.728125,0.0
6938,-45.0,65.295703125,0.0
6939,-45.0,65.728125,0.0
6940,-48.75,66.16054687500001,0.0
6941,-48.75,66.59296875000001,0.0
6942,-45.0,66.16054687500001,0.0
6943,-45.0,66.59296875000001,0.0
6944,-48.75,67.025390625,0.0
6945,-48.75,67.4578125,0.0
6946,-45.0,67.025390625,0.0
6947,-45.0,67.4578125,0.0
6948,-48.75,67.890234375,0.0
6949,-48.75,68.32265625,0.0
6950,-45.0,67.890234375,0.0
6951,-45.0,68.32265625,0.0
6952,-48.75,68.755078125,0.0
6953,-48.75,69.1875,0.0
6954,-45.0,68.755078125,0.0
6955,-45.0,69.1875,0.0
6956,-56.25,69.619921875,0.0
6957,-56.25,70.05234375,0.0
6958,-52.5,69.619921875,0.0
6959,-52.5,70.05234375,0.0
6960,-56.25,70.484765625,0.0
6961,-56.25,70.9171875,0.0
6962,-52.5,70.484765625,0.0
6963,-52.5,70.9171875,0.0
6964,-56.25,71.349609375,0.0
6965,-56.25,71.78203124999999,0.0
6966,-52.5,71.349609375,0.0
6967,-52.5,71.78203124999999,0.0
6968,-56.25,72.21445312499999,0.0
6969,-56.25,72.646875,0.0
6970,-52.5,72.21445312499999,0.0
6971,-52.5,72.646875,0.0
6972,-56.25,73.079296875,0.0
6973,-56.25,73.51171875,0.0
6974,-52.5,73.079296875,0.0
6975,-52.5,73.51171875,0.0
6976,-56.25,73.944140625,0.0
6977,-56.25,74.3765625,0.0
6978,-52.5,73.944140625,0.0
6979,-52.5,74.3765625,0.0
6980,-56.25,74.80898437500001,0.0
6981,-56.25,75.24140625000001,0.0
6982,-52.5,74.80898437500001,0.0
6983,-52.5,75.24140625000001,0.0
6984,-56.25,75.673828125,0.0
6985,-56.25,76.10625,0.0
6986,-52.5,75.673828125,0.0
6987,-52.5,76.10625,0.0
6988,-56.25,76.538671875,0.0
6989,-56.25,76.97109375,0.0
6990,-52.5,76.538671875,0.0
6991,-52.5,76.97109375,0.0
6992,-56.25,77.403515625,0.0
6993,-56.25,77.8359375,0.0
6994,-52.5,77.403515625,0.0
6995,-52.5,77.8359375,0.0
6996,-56.25,78.268359375,0.0
6997,-56.25,78.70078125,0.0
6998,-52.5,78.268359375,0.0
6999,-52.5,78.70078125,0.0
7000,-56.25,79.13320312500001,0.0
7001,-56.25,79.56562500000001,0.0
7002,-52.5,79.13320312500001,0.0
7003,-52.5,79.56562500000001,0.0
7004,-56.25,79.99804687500001,0.0
7005,-56.25,80.43046875000002,0.0
7006,-52.5,79.99804687500001,0.0
7007,-52.5,80.43046875000002,0.0
7008,-56.25,80.862890625,0.0
7009,-56.25,81.29531250000001,0.0
7010,-52.5,80.862890625,0.0
7011,-52.5,81.29531250000001,0.0
7012,-56.25,81.72773437500001,0.0
7013,-56.25,82.16015625,0.0
7014,-52.5,81.72773437500001,0.0
7015,-52.5,82.16015625,0.0
7016,-56.25,82.592578125,0.0
7017,-56.25,83.025,0.0
7018,-52.5,82.592578125,0.0
7019,-52.5,83.025,0.0
7020,-48.75,69.619921875,0.0
7021,-48.75,70.05234375,0.0
7022,-45.0,69.619921875,0.0
7023,-45.0,70.05234375,0.0
7024,-48.75,70.484765625,0.0
7025,-48.75,70.9171875,0.0
7026,-45.0,70.484765625,0.0
7027,-45.0,70.9171875,0.0
7028,-48.75,71.349609375,0.0
7029,-48.75,71.78203124999999,0.0
7030,-45.0,71.349609375,0.0
7031,-45.0,71.78203124999999,0.0
7032,-48.75,72.21445312499999,0.0
7033,-48.75,72.646875,0.0
7034,-45.0,72.21445312499999,0.0
7035,-45.0,72.646875,0.0
7036,-48.75,73.079296875,0.0
7037,-48.75,73.51171875,0.0
7038,-45.0,73.079296875,0.0
7039,-45.0,73.51171875,0.0
7040,-48.75,73.944140625,0.0
7041,-48.75,74.3765625,0.0
7042,-45.0,73.944140625,0.0
7043,-45.0,74.3765625,0.0
7044,-48.75,74.80898437500001,0.0
7045,-48.75,75.24140625000001,0.0
7046,-45.0,74.80898437500001,0.0
7047,-45.0,75.24140625000001,0.0
7048,-48.75,75.673828125,0.0
7049,-48.75,76.10625,0.0
7050,-45.0,75.673828125,0.0
7051,-45.0,76.10625,0.0
7052,-48.75,76.538671875,0.0
7053,-48.75,76.97109375,0.0
7054,-45.0,76.538671875,0.0
7055,-45.0,76.97109375,0.0
7056,-48.75,77.403515625,0.0
7057,-48.75,77.8359375,0.0
7058,-45.0,77.403515625,0.0
7059,-45.0,77.8359375,0.0
7060,-48.75,78.268359375,0.0
7061,-48.75,78.70078125,0.0
7062,-45.0,78.268359375,0.0
7063,-45.0,78.70078125,0.0
7064,-48.75,79.13320312500001,0.0
7065,-48.75,79.56562500000001,0.0
7066,-45.0,79.13320312500001,0.0
7067,-45.0,79.56562500000001,0.0
7068,-48.75,79.99804687500001,0.0
7069,-48.75,80.43046875000002,0.0
7070,-45.0,79.99804687500001,0.0
7071,-45.0,80.43046875000002,0.0
7072,-48.75,80.862890625,0.0
7073,-48.75,81.29531250000001,0.0
7074,-45.0,80.862890625,0.0
7075,-45.0,81.29531250000001,0.0
7076,-48.75,81.72773437500001,0.0
7077,-48.75,82.16015625,0.0
7078,-45.0,81.72773437500001,0.0
7079,-45.0,82.16015625,0.0
7080,-48.75,82.592578125,0.0
7081,-48.75,83.025,0.0
7082,-45.0,82.592578125,0.0
7083,-45.0,83.025,0.0
7084,-41.25,55.782421875,0.0
7085,-41.25,56.21484375,0.0
7086,-37.5,55.782421875,0.0
7087,-37.5,56.21484375,0.0
7088,-41.25,56.647265625,0.0
7089,-41.25,57.07968750000001,0.0
7090,-37.5,56.647265625,0.0
7091,-37.5,57.07968750000001,0.0
7092,-41.25,57.51210937500001,0.0
7093,-41.25,57.94453125,0.0
7094,-37.5,57.51210937500001,0.0
7095,-37.5,57.94453125,0.0
7096,-41.25,58.376953125,0.0
7097,-41.25,58.809375,0.0
7098,-37.5,58.376953125,0.0
7099,-37.5,58.809375,0.0
7100,-41.25,59.24179687500001,0.0
7101,-41.25,59.67421875,0.0
7102,-37.5,59.24179687500001,0.0
7103,-37.5,59.67421875,0.0
7104,-41.25,60.106640625,0.0
7105,-41.25,60.5390625,0.0
7106,-37.5,60.106640625,0.0
7107,-37.5,60.5390625,0.0
7108,-41.25,60.971484375,0.0
7109,-41.25,61.40390625,0.0
7110,-37.5,60.971484375,0.0
7111,-37.5,61.40390625,0.0
7112,-41.25,61.83632812499999,0.0
7113,-41.25,62.26875,0.0
7114,-37.5,61.83632812499999,0.0
7115,-37.5,62.26875,0.0
7116,-41.25,62.701171875,0.0
7117,-41.25,63.13359375,0.0
7118,-37.5,62.701171875,0.0
7119,-37.5,63.13359375,0.0
7120,-41.25,63.56601562500001,0.0
7121,-41.25,63.9984375,0.0
7122,-37.5,63.56601562500001,0.0
7123,-37.5,63.9984375,0.0
7124,-41.25,64.430859375,0.0
7125,-41.25,64.86328125,0.0
7126,-37.5,64.430859375,0.0
7127,-37.5,64.86328125,0.0
7128,-41.25,65.295703125,0.0
7129,-41.25,65.728125,0.0
7130,-37.5,65.295703125,0.0
7131,-37.5,65.728125,0.0
7132,-41.25,66.16054687500001,0.0
7133,-41.25,66.59296875000001,0.0
7134,-37.5,66.16054687500001,0.0
7135,-37.5,66.59296875000001,0.0
7136,-41.25,67.025390625,0.0
7137,-41.25,67.4578125,0.0
7138,-37.5,67.025390625,0.0
7139,-37.5,67.4578125,0.0
7140,-41.25,67.890234375,0.0
7141,-41.25,68.32265625,0.0
7142,-37.5,67.890234375,0.0
7143,-37.5,68.32265625,0.0
7144,-41.25,68.755078125,0.0
7145,-41.25,69.1875,0.0
7146,-37.5,68.755078125,0.0
7147,-37.5,69.1875,0.0
7148,-33.75,55.782421875,0.0
7149,-33.75,56.21484375,0.0
7150,-30.0,55.782421875,0.0
7151,-30.0,56.21484375,0.0
7152,-33.75,56.647265625,0.0
7153,-33.75,57.07968750000001,0.0
7154,-30.0,56.647265625,0.0
7155,-30.0,57.07968750000001,0.0
7156,-33.75,57.51210937500001,0.0
7157,-33.75,57.94453125,0.0
7158,-30.0,57.51210937500001,0.0
7159,-30.0,57.94453125,0.0
7160,-33.75,58.376953125,0.0
7161,-33.75,58.809375,0.0
7162,-30.0,58.376953125,0.0
7163,-30.0,58.809375,0.0
7164,-33.75,59.24179687500001,0.0
7165,-33.75,59.67421875,0.0
7166,-30.0,59.24179687500001,0.0
7167,-30.0,59.67421875,0.0
7168,-33.75,60.106640625,0.0
7169,-33.75,60.5390625,0.0
7170,-30.0,60.106640625,0.0
7171,-30.0,60.5390625,0.0
7172,-33.75,60.971484375,0.0
7173,-33.75,61.40390625,0.0
7174,-30.0,60.971484375,0.0
7175,-30.0,61.40390625,0.0
7176,-33.75,61.83632812499999,0.0
7177,-33.75,62.26875,0.0
7178,-30.0,61.83632812499999,0.0
7179,-30.0,62.26875,0.0
7180,-33.75,62.701171875,0.0
7181,-33.75,63.13359375,0.0
7182,-30.0,62.701171875,0.0
7183,-30.0,63.13359375,0.0
7184,-33.75,63.56601562500001,0.0
7185,-33.75,63.9984375,0.0
7186,-30.0,63.56601562500001,0.0
7187,-30.0,63.9984375,0.0
7188,-33.75,64.430859375,0.0
7189,-33.75,64.86328125,0.0
7190,-30.0,64.430859375,0.0
7191,-30.0,64.86328125,0.0
7192,-33.75,65.295703125,0.0
7193,-33.75,65.728125,0.0
7194,-30.0,65.295703125,0.0
7195,-30.0,65.728125,0.0
7196,-33.75,66.16054687500001,0.0
7197,-33.75,66.59296875000001,0.0
7198,-30.0,66.16054687500001,0.0
7199,-30.0,66.59296875000001,0.0
7200,-33.75,67.025390625,0.0
7201,-33.75,67.4578125,0.0
7202,-30.0,67.025390625,0.0
7203,-30.0,67.4578125,0.0
7204,-33.75,67.890234375,0.0
7205,-33.75,68.32265625,0.0
7206,-30.0,67.890234375,0.0
7207,-30.0,68.32265625,0.0
7208,-33.75,68.755078125,0.0
7209,-33.75,69.1875,0.0
7210,-30.0,68.755078125,0.0
7211,-30.0,69.1875,0.0
7212,-41.25,69.619921875,0.0
7213,-41.25,70.05234375,0.0
7214,-37.5,69.619921875,0.0
7215,-37.5,70.05234375,0.0
7216,-41.25,70.484765625,0.0
7217,-41.25,70.9171875,0.0
7218,-37.5,70.484765625,0.0
7219,-37.5,70.9171875,0.0
7220,-41.25,71.349609375,0.0
7221,-41.25,71.78203124999999,0.0
7222,-37.5,71.349609375,0.0
7223,-37.5,71.78203124999999,0.0
7224,-41.25,72.21445312499999,0.0
7225,-41.25,72.646875,0.0
7226,-37.5,72.21445312499999,0.0
7227,-37.5,72.646875,0.0
7228,-41.25,73.079296875,0.0
7229,-41.25,73.51171875,0.0
7230,-37.5,73.079296875,0.0
7231,-37.5,73.51171875,0.0
7232,-41.25,73.944140625,0.0
7233,-41.25,74.3765625,0.0
7234,-37.5,73.944140625,0.0
7235,-37.5,74.3765625,0.0
7236,-41.25,74.80898437500001,0.0
7237,-41.25,75.24140625000001,0.0
7238,-37.5,74.80898437500001,0.0
7239,-37.5,75.24140625000001,0.0
7240,-41.25,75.673828125,0.0
7241,-41.25,76.10625,0.0
7242,-37.5,75.673828125,0.0
7243,-37.5,76.10625,0.0
7244,-41.25,76.538671875,0.0
7245,-41.25,76.97109375,0.0
7246,-37.5,76.538671875,0.0
7247,-37.5,76.97109375,0.0
7248,-41.25,77.403515625,0.0
7249,-41.25,77.8359375,0.0
7250,-37.5,77.403515625,0.0
7251,-37.5,77.8359375,0.0
7252,-41.25,78.268359375,0.0
7253,-41.25,78.70078125,0.0
7254,-37.5,78.268359375,0.0
7255,-37.5,78.70078125,0.0
7256,-41.25,79.13320312500001,0.0
7257,-41.25,79.56562500000001,0.0
7258,-37.5,79.13320312500001,0.0
7259,-37.5,79.56562500000001,0.0
7260,-41.25,79.99804687500001,0.0
7261,-41.25,80.43046875000002,0.0
7262,-37.5,79.99804687500001,0.0
7263,-37.5,80.43046875000002,0.0
7264,-41.25,80.862890625,0.0
7265,-41.25,81.29531250000001,0.0
7266,-37.5,80.862890625,0.0
7267,-37.5,81.29531250000001,0.0
7268,-41.25,81.72773437500001,0.0
7269,-41.25,82.16015625,0.0
7270,-37.5,81.72773437500001,0.0
7271,-37.5,82.16015625,0.0
7272,-41.25,82.592578125,0.0
7273,-41.25,83.025,0.0
7274,-37.5,82.592578125,0.0
7275,-37.5,83.025,0.0
7276,-33.75,69.619921875,0.0
7277,-33.75,70.05234375,0.0
7278,-30.0,69.619921875,0.0
7279,-30.0,70.05234375,0.0
7280,-33.75,70.484765625,0.0
7281,-33.75,70.9171875,0.0
7282,-30.0,70.484765625,0.0
7283,-30.0,70.9171875,0.0
7284,-33.75,71.349609375,0.0
7285,-33.75,71.78203124999999,0.0
7286,-30.0,71.349609375,0.0
7287,-30.0,71.78203124999999,0.0
7288,-33.75,72.21445312499999,0.0
7289,-33.75,72.646875,0.0
7290,-30.0,72.21445312499999,0.0
7291,-30.0,72.646875,0.0
7292,-33.75,73.079296875,0.0
7293,-33.75,73.51171875,0.0
7294,-30.0,73.079296875,0.0
7295,-30.0,73.51171875,0.0
7296,-33.75,73.944140625,0.0
7297,-33.75,74.3765625,0.0
7298,-30.0,73.944140625,0.0
7299,-30.0,74.3765625,0.0
7300,-33.75,74.80898437500001,0.0
7301,-33.75,75.24140625000001,0.0
7302,-30.0,74.80898437500001,0.0
7303,-30.0,75.24140625000001,0.0
7304,-33.75,75.673828125,0.0
7305,-33.75,76.10625,0.0
7306,-30.0,75.673828125,0.0
7307,-30.0,76.10625,0.0
7308,-33.75,76.538671875,0.0
7309,-33.75,76.97109375,0.0
7310,-30.0,76.538671875,0.0
7311,-30.0,76.97109375,0.0
7312,-33.75,77.403515625,0.0
7313,-33.75,77.8359375,0.0
7314,-30.0,77.403515625,0.0
7315,-30.0,77.8359375,0.0
7316,-33.75,78.268359375,0.0
7317,-33.75,78.70078125,0.0
7318,-30.0,78.268359375,0.0
7319,-30.0,78.70078125,0.0
7320,-33.75,79.13320312500001,0.0
7321,-33.75,79.56562500000001,0.0
7322,-30.0,79.13320312500001,0.0
7323,-30.0,79.56562500000001,0.0
7324,-33.75,79.99804687500001,0.0
7325,-33.75,80.43046875000002,0.0
7326,-30.0,79.99804687500001,0.0
7327,-30.0,80.43046875000002,0.0
7328,-33.75,80.862890625,0.0
7329,-33.75,81.29531250000001,0.0
7330,-30.0,80.862890625,0.0
7331,-30.0,81.29531250000001,0.0
7332,-33.75,81.72773437500001,0.0
7333,-33.75,82.16015625,0.0
7334,-30.0,81.72773437500001,0.0
7335,-30.0,82.16015625,0.0
7336,-33.75,82.592578125,0.0
7337,-33.75,83.025,0.0
7338,-30.0,82.592578125,0.0
7339,-30.0,83.025,0.0
7340,-26.25,55.782421875,0.0
7341,-26.25,56.21484375,0.0
7342,-22.5,55.782421875,0.0
7343,-22.5,56.21484375,0.0
7344,-26.25,56.647265625,0.0
7345,-26.25,57.07968750000001,0.0
7346,-22.5,56.647265625,0.0
7347,-22.5,57.07968750000001,0.0
7348,-26.25,57.51210937500001,0.0
7349,-26.25,57.94453125,0.0
7350,-22.5,57.51210937500001,0.0
7351,-22.5,57.94453125,0.0
7352,-26.25,58.376953125,0.0
7353,-26.25,58.809375,0.0
7354,-22.5,58.376953125,0.0
7355,-22.5,58.809375,0.0
7356,-26.25,59.24179687500001,0.0
7357,-26.25,59.67421875,0.0
7358,-22.5,59.24179687500001,0.0
7359,-22.5,59.67421875,0.0
7360,-26.25,60.106640625,0.0
7361,-26.25,60.5390625,0.0
7362,-22.5,60.106640625,0.0
7363,-22.5,60.5390625,0.0
7364,-26.25,60.971484375,0.0
7365,-26.25,61.40390625,0.0
7366,-22.5,60.971484375,0.0
7367,-22.5,61.40390625,0.0
7368,-26.25,61.83632812499999,0.0
7369,-26.25,62.26875,0.0
7370,-22.5,61.83632812499999,0.0
7371,-22.5,62.26875,0.0
7372,-26.25,62.701171875,0.0
7373,-26.25,63.13359375,0.0
7374,-22.5,62.701171875,0.0
7375,-22.5,63.13359375,0.0
7376,-26.25,63.56601562500001,0.0
7377,-26.25,63.9984375,0.0
7378,-22.5,63.56601562500001,0.0
7379,-22.5,63.9984375,0.0
7380,-26.25,64.430859375,0.0
7381,-26.25,64.86328125,0.0
7382,-22.5,64.430859375,0.0
7383,-22.5,64.86328125,0.0
7384,-26.25,65.295703125,0.0
7385,-26.25,65.728125,0.0
7386,-22.5,65.295703125,0.0
7387,-22.5,65.728125,0.0
7388,-26.25,66.16054687500001,0.0
7389,-26.25,66.59296875000001,0.0
7390,-22.5,66.16054687500001,0.0
7391,-22.5,66.59296875000001,0.0
7392,-26.25,67.025390625,0.0
7393,-26.25,67.4578125,0.0
7394,-22.5,67.025390625,0.0
7395,-22.5,67.4578125,0.0
7396,-26.25,67.890234375,0.0
7397,-26.25,68.32265625,0.0
7398,-22.5,67.890234375,0.0
7399,-22.5,68.32265625,0.0
7400,-26.25,68.755078125,0.0
7401,-26.25,69.1875,0.0
7402,-22.5,68.755078125,0.0
7403,-22.5,69.1875,0.0
7404,-18.75,55.782421875,0.0
7405,-18.75,56.21484375,0.0
7406,-15.0,55.782421875,0.0
7407,-15.0,56.21484375,0.0
7408,-18.75,56.647265625,0.0
7409,-18.75,57.07968750000001,0.0
7410,-15.0,56.647265625,0.0
7411,-15.0,57.07968750000001,0.0
7412,-18.75,57.51210937500001,0.0
7413,-18.75,57.94453125,0.0
7414,-15.0,57.51210937500001,0.0
7415,-15.0,57.94453125,0.0
7416,-18.75,58.376953125,0.0
7417,-18.75,58.809375,0.0
7418,-15.0,58.376953125,0.0
7419,-15.0,58.809375,0.0
7420,-18.75,59.24179687500001,0.0
7421,-18.75,59.67421875,0.0
7422,-15.0,59.24179687500001,0.0
7423,-15.0,59.67421875,0.0
7424,-18.75,60.106640625,0.0
7425,-18.75,60.5390625,0.0
7426,-15.0,60.106640625,0.0
7427,-15.0,60.5390625,0.0
7428,-18.75,60.971484375,0.0
7429,-18.75,61.40390625,0.0
7430,-15.0,60.971484375,0.0
7431,-15.0,61.40390625,0.0
7432,-18.75,61.83632812499999,0.0
7433,-18.75,62.26875,0.0
7434,-15.0,61.83632812499999,0.0
7435,-15.0,62.26875,0.0
7436,-18.75,62.701171875,0.0
7437,-18.75,63.13359375,0.0
7438,-15.0,62.701171875,0.0
7439,-15.0,63.13359375,0.0
7440,-18.75,63.56601562500001,0.0
7441,-18.75,63.9984375,0.0
7442,-15.0,63.56601562500001,0.0
7443,-15.0,63.9984375,0.0
7444,-18.75,64.430859375,0.0
7445,-18.75,64.86328125,0.0
7446,-15.0,64.430859375,0.0
7447,-15.0,64.86328125,0.0
7448,-18.75,65.295703125,0.0
7449,-18.75,65.728125,0.0
7450,-15.0,65.295703125,0.0
7451,-15.0,65.728125,0.0
7452,-18.75,66.16054687500001,0.0
7453,-18.75,66.59296875000001,0.0
7454,-15.0,66.16054687500001,0.0
7455,-15.0,66.59296875000001,0.0
7456,-18.75,67.025390625,0.0
7457,-18.75,67.4578125,0.0
7458,-15.0,67.025390625,0.0
7459,-15.0,67.4578125,0.0
7460,-18.75,67.890234375,0.0
7461,-18.75,68.32265625,0.0
7462,-15.0,67.890234375,0.0
7463,-15.0,68.32265625,0.0
7464,-18.75,68.755078125,0.0
7465,-18.75,69.1875,0.0
7466,-15.0,68.755078125,0.0
7467,-15.0,69.1875,0.0
7468,-26.25,69.619921875,0.0
7469,-26.25,70.05234375,0.0
7470,-22.5,69.619921875,0.0
7471,-22.5,70.05234375,0.0
7472,-26.25,70.484765625,0.0
7473,-26.25,70.9171875,0.0
7474,-22.5,70.484765625,0.0
7475,-22.5,70.9171875,0.0
7476,-26.25,71.349609375,0.0
7477,-26.25,71.78203124999999,0.0
7478,-22.5,71.349609375,0.0
7479,-22.5,71.78203124999999,0.0
7480,-26.25,72.21445312499999,0.0
7481,-26.25,72.646875,0.0
7482,-22.5,72.21445312499999,0.0
7483,-22.5,72.646875,0.0
7484,-26.25,73.079296875,0.0
7485,-26.25,73.51171875,0.0
7486,-22.5,73.079296875,0.0
7487,-22.5,73.51171875,0.0
7488,-26.25,73.944140625,0.0
7489,-26.25,74.3765625,0.0
7490,-22.5,73.944140625,0.0
7491,-22.5,74.3765625,0.0
7492,-26.25,74.80898437500001,0.0
7493,-26.25,75.24140625000001,0.0
7494,-22.5,74.80898437500001,0.0
7495,-22.5,75.24140625000001,0.0
7496,-26.25,75.673828125,0.0
7497,-26.25,76.10625,0.0
7498,-22.5,75.673828125,0.0
7499,-22.5,76.10625,0.0
7500,-26.25,76.538671875,0.0
7501,-26.25,76.97109375,0.0
7502,-22.5,76.538671875,0.0
7503,-22.5,76.97109375,0.0
7504,-26.25,77.403515625,0.0
7505,-26.25,77.8359375,0.0
7506,-22.5,77.403515625,0.0
7507,-22.5,77.8359375,0.0
7508,-26.25,78.268359375,0.0
7509,-26.25,78.70078125,0.0
7510,-22.5,78.268359375,0.0
7511,-22.5,78.70078125,0.0
7512,-26.25,79.13320312500001,0.0
7513,-26.25,79.56562500000001,0.0
7514,-22.5,79.13320312500001,0.0
7515,-22.5,79.56562500000001,0.0
7516,-26.25,79.99804687500001,0.0
7517,-26.25,80.43046875000002,0.0
7518,-22.5,79.99804687500001,0.0
7519,-22.5,80.43046875000002,0.0
7520,-26.25,80.862890625,0.0
7521,-26.25,81.29531250000001,0.0
7522,-22.5,80.862890625,0.0
7523,-22.5,81.29531250000001,0.0
7524,-26.25,81.72773437500001,0.0
7525,-26.25,82.16015625,0.0
7526,-22.5,81.72773437500001,0.0
7527,-22.5,82.16015625,0.0
7528,-26.25,82.592578125,0.0
7529,-26.25,83.025,0.0
7530,-22.5,82.592578125,0.0
7531,-22.5,83.025,0.0
7532,-18.75,69.619921875,0.0
7533,-18.75,70.05234375,0.0
7534,-15.0,69.619921875,0.0
7535,-15.0,70.05234375,0.0
7536,-18.75,70.484765625,0.0
7537,-18.75,70.9171875,0.0
7538,-15.0,70.484765625,0.0
7539,-15.0,70.9171875,0.0
7540,-18.75,71.349609375,0.0
7541,-18.75,71.78203124999999,0.0
7542,-15.0,71.349609375,0.0
7543,-15.0,71.78203124999999,0.0
7544,-18.75,72.21445312499999,0.0
7545,-18.75,72.646875,0.0
7546,-15.0,72.21445312499999,0.0
7547,-15.0,72.646875,0.0
7548,-18.75,73.079296875,0.0
7549,-18.75,73.51171875,0.0
7550,-15.0,73.079296875,0.0
7551,-15.0,73.51171875,0.0
7552,-18.75,73.944140625,0.0
7553,-18.75,74.3765625,0.0
7554,-15.0,73.944140625,0.0
7555,-15.0,74.3765625,0.0
7556,-18.75,74.80898437500001,0.0
7557,-18.75,75.24140625000001,0.0
7558,-15.0,74.80898437500001,0.0
7559,-15.0,75.24140625000001,0.0
7560,-18.75,75.673828125,0.0
7561,-18.75,76.10625,0.0
7562,-15.0,75.673828125,0.0
7563,-15.0,76.10625,0.0
7564,-18.75,76.538671875,0.0
7565,-18.75,76.97109375,0.0
7566,-15.0,76.538671875,0.0
7567,-15.0,76.97109375,0.0
7568,-18.75,77.403515625,0.0
7569,-18.75,77.8359375,0.0
7570,-15.0,77.403515625,0.0
7571,-15.0,77.8359375,0.0
7572,-18.75,78.268359375,0.0
7573,-18.75,78.70078125,0.0
7574,-15.0,78.268359375,0.0
7575,-15.0,78.70078125,0.0
7576,-18.75,79.13320312500001,0.0
7577,-18.75,79.56562500000001,0.0
7578,-15.0,79.13320312500001,0.0
7579,-15.0,79.56562500000001,0.0
7580,-18.75,79.99804687500001,0.0
7581,-18.75,80.43046875000002,0.0
7582,-15.0,79.99804687500001,0.0
7583,-15.0,80.43046875000002,0.0
7584,-18.75,80.862890625,0.0
7585,-18.75,81.29531250000001,0.0
7586,-15.0,80.862890625,0.0
7587,-15.0,81.29531250000001,0.0
7588,-18.75,81.72773437500001,0.0
7589,-18.75,82.16015625,0.0
7590,-15.0,81.72773437500001,0.0
7591,-15.0,82.16015625,0.0
7592,-18.75,82.592578125,0.0
7593,-18.75,83.025,0.0
7594,-15.0,82.592578125,0.0
7595,-15.0,83.025,0.0
7596,-11.25,55.782421875,0.0
7597,-11.25,56.21484375,0.0
7598,-7.5,55.782421875,0.0
7599,-7.5,56.21484375,0.0
7600,-11.25,56.647265625,0.0
7601,-11.25,57.07968750000001,0.0
7602,-7.5,56.647265625,0.0
7603,-7.5,57.07968750000001,0.0
7604,-11.25,57.51210937500001,0.0
7605,-11.25,57.94453125,0.0
7606,-7.5,57.51210937500001,0.0
7607,-7.5,57.94453125,0.0
7608,-11.25,58.376953125,0.0
7609,-11.25,58.809375,0.0
7610,-7.5,58.376953125,0.0
7611,-7.5,58.809375,0.0
7612,-11.25,59.24179687500001,0.0
7613,-11.25,59.67421875,0.0
7614,-7.5,59.24179687500001,0.0
7615,-7.5,59.67421875,0.0
7616,-11.25,60.106640625,0.0
7617,-11.25,60.5390625,0.0
7618,-7.5,60.106640625,0.0
7619,-7.5,60.5390625,0.0
7620,-11.25,60.971484375,0.0
7621,-11.25,61.40390625,0.0
7622,-7.5,60.971484375,0.0
7623,-7.5,61.40390625,0.0
7624,-11.25,61.83632812499999,0.0
7625,-11.25,62.26875,0.0
7626,-7.5,61.83632812499999,0.0
7627,-7.5,62.26875,0.0
7628,-11.25,62.701171875,0.0
7629,-11.25,63.13359375,0.0
7630,-7.5,62.701171875,0.0
7631,-7.5,63.13359375,0.0
7632,-11.25,63.56601562500001,0.0
7633,-11.25,63.9984375,0.0
7634,-7.5,63.56601562500001,0.0
7635,-7.5,63.9984375,0.0
7636,-11.25,64.430859375,0.0
7637,-11.25,64.86328125,0.0
7638,-7.5,64.430859375,0.0
7639,-7.5,64.86328125,0.0
7640,-11.25,65.295703125,0.0
7641,-11.25,65.728125,0.0
7642,-7.5,65.295703125,0.0
7643,-7.5,65.728125,0.0
7644,-11.25,66.16054687500001,0.0
7645,-11.25,66.59296875000001,0.0
7646,-7.5,66.16054687500001,0.0
7647,-7.5,66.59296875000001,0.0
7648,-11.25,67.025390625,0.0
7649,-11.25,67.4578125,0.0
7650,-7.5,67.025390625,0.0
7651,-7.5,67.4578125,0.0
7652,-11.25,67.890234375,0.0
7653,-11.25,68.32265625,0.0
7654,-7.5,67.890234375,0.0
7655,-7.5,68.32265625,0.0
7656,-11.25,68.755078125,0.0
7657,-11.25,69.1875,0.0
7658,-7.5,68.755078125,0.0
7659,-7.5,69.1875,0.0
7660,-3.75,55.782421875,0.0
7661,-3.75,56.21484375,0.0
7662,0.0,55.782421875,0.0
7663,0.0,56.21484375,0.0
7664,-3.75,56.647265625,0.0
7665,-3.75,57.07968750000001,0.0
7666,0.0,56.647265625,0.0
7667,0.0,57.07968750000001,0.0
7668,-3.75,57.51210937500001,0.0
7669,-3.75,57.94453125,0.0
7670,0.0,57.51210937500001,0.0
7671,0.0,57.94453125,0.0
7672,-3.75,58.376953125,0.0
7673,-3.75,58.809375,0.0
7674,0.0,58.376953125,0.0
7675,0.0,58.809375,0.0
7676,-3.75,59.24179687500001,0.0
7677,-3.75,59.67421875,0.0
7678,0.0,59.24179687500001,0.0
7679,0.0,59.67421875,0.0
7680,-3.75,60.106640625,0.0
7681,-3.75,60.5390625,0.0
7682,0.0,60.106640625,0.0
7683,0.0,60.5390625,0.0
7684,-3.75,60.971484375,0.0
7685,-3.75,61.40390625,0.0
7686,0.0,60.971484375,0.0
7687,0.0,61.40390625,0.0
7688,-3.75,61.83632812499999,0.0
7689,-3.75,62.26875,0.0
7690,0.0,61.83632812499999,0.0
7691,0.0,62.26875,0.0
7692,-3.75,62.701171875,0.0
7693,-3.75,63.13359375,0.0
7694,0.0,62.701171875,0.0
7695,0.0,63.13359375,0.0
7696,-3.75,63.56601562500001,0.0
7697,-3.75,63.9984375,0.0
7698,0.0,63.56601562500001,0.0
7699,0.0,63.9984375,0.0
7700,-3.75,64.430859375,0.0
7701,-3.75,64.86328125,0.0
7702,0.0,64.430859375,0.0
7703,0.0,64.86328125,0.0
7704,-3.75,65.295703125,0.0
7705,-3.75,65.728125,0.0
7706,0.0,65.295703125,0.0
7707,0.0,65.728125,0.0
7708,-3.75,66.16054687500001,0.0
7709,-3.75,66.59296875000001,0.0
7710,0.0,66.16054687500001,0.0
7711,0.0,66.59296875000001,0.0
7712,-3.75,67.025390625,0.0
7713,-3.75,67.4578125,0.0
7714,0.0,67.025390625,0.0
7715,0.0,67.4578125,0.0
7716,-3.75,67.890234375,0.0
7717,-3.75,68.32265625,0.0
7718,0.0,67.890234375,0.0
7719,0.0,68.32265625,0.0
7720,-3.75,68.755078125,0.0
7721,-3.75,69.1875,0.0
7722,0.0,68.755078125,0.0
7723,0.0,69.1875,0.0
7724,-11.25,69.619921875,0.0
7725,-11.25,70.05234375,0.0
7726,-7.5,69.619921875,0.0
7727,-7.5,70.05234375,0.0
7728,-11.25,70.484765625,0.0
7729,-11.25,70.9171875,0.0
7730,-7.5,70.484765625,0.0
7731,-7.5,70.9171875,0.0
7732,-11.25,71.349609375,0.0
7733,-11.25,71.78203124999999,0.0
7734,-7.5,71.349609375,0.0
7735,-7.5,71.78203124999999,0.0
7736,-11.25,72.21445312499999,0.0
7737,-11.25,72.646875,0.0
7738,-7.5,72.21445312499999,0.0
7739,-7.5,72.646875,0.0
7740,-11.25,73.079296875,0.0
7741,-11.25,73.51171875,0.0
7742,-7.5,73.079296875,0.0
7743,-7.5,73.51171875,0.0
7744,-11.25,73.944140625,0.0
7745,-11.25,74.3765625,0.0
7746,-7.5,73.944140625,0.0
7747,-7.5,74.3765625,0.0
7748,-11.25,74.80898437500001,0.0
7749,-11.25,75.24140625000001,0.0
7750,-7.5,74.80898437500001,0.0
7751,-7.5,75.24140625000001,0.0
7752,-11.25,75.673828125,0.0
7753,-11.25,76.10625,0.0
7754,-7.5,75.673828125,0.0
7755,-7.5,76.10625,0.0
7756,-11.25,76.538671875,0.0
7757,-11.25,76.97109375,0.0
7758,-7.5,76.538671875,0.0
7759,-7.5,76.97109375,0.0
7760,-11.25,77.403515625,0.0
7761,-11.25,77.8359375,0.0
7762,-7.5,77.403515625,0.0
7763,-7.5,77.8359375,0.0
7764,-11.25,78.268359375,0.0
7765,-11.25,78.70078125,0.0
7766,-7.5,78.268359375,0.0
7767,-7.5,78.70078125,0.0
7768,-11.25,79.13320312500001,0.0
7769,-11.25,79.56562500000001,0.0
7770,-7.5,79.13320312500001,0.0
7771,-7.5,79.56562500000001,0.0
7772,-11.25,79.99804687500001,0.0
7773,-11.25,80.43046875000002,0.0
7774,-7.5,79.99804687500001,0.0
7775,-7.5,80.43046875000002,0.0
7776,-11.25,80.862890625,0.0
7777,-11.25,81.29531250000001,0.0
7778,-7.5,80.862890625,0.0
7779,-7.5,81.29531250000001,0.0
7780,-11.25,81.72773437500001,0.0
7781,-11.25,82.16015625,0.0
7782,-7.5,81.72773437500001,0.0
7783,-7.5,82.16015625,0.0
7784,-11.25,82.592578125,0.0
7785,-11.25,83.025,0.0
7786,-7.5,82.592578125,0.0
7787,-7.5,83.025,0.0
7788,-3.75,69.619921875,0.0
7789,-3.75,70.05234375,0.0
7790,0.0,69.619921875,0.0
7791,0.0,70.05234375,0.0
7792,-3.75,70.484765625,0.0
7793,-3.75,70.9171875,0.0
7794,0.0,70.484765625,0.0
7795,0.0,70.9171875,0.0
7796,-3.75,71.349609375,0.0
7797,-3.75,71.78203124999999,0.0
7798,0.0,71.349609375,0.0
7799,0.0,71.78203124999999,0.0
7800,-3.75,72.21445312499999,0.0
7801,-3.75,72.646875,0.0
7802,0.0,72.21445312499999,0.0
7803,0.0,72.646875,0.0
7804,-3.75,73.079296875,0.0
7805,-3.75,73.51171875,0.0
7806,0.0,73.079296875,0.0
7807,0.0,73.51171875,0.0
7808,-3.75,73.944140625,0.0
7809,-3.75,74.3765625,0.0
7810,0.0,73.944140625,0.0
7811,0.0,74.3765625,0.0
7812,-3.75,74.80898437500001,0.0
7813,-3.75,75.24140625000001,0.0
7814,0.0,74.80898437500001,0.0
7815,0.0,75.24140625000001,0.0
7816,-3.75,75.673828125,0.0
7817,-3.75,76.10625,0.0
7818,0.0,75.673828125,0.0
7819,0.0,76.10625,0.0
7820,-3.75,76.538671875,0.0
7821,-3.75,76.97109375,0.0
7822,0.0,76.538671875,0.0
7823,0.0,76.97109375,0.0
7824,-3.75,77.403515625,0.0
7825,-3.75,77.8359375,0.0
7826,0.0,77.403515625,0.0
7827,0.0,77.8359375,0.0
7828,-3.75,78.268359375,0.0
7829,-3.75,78.70078125,0.0
7830,0.0,78.268359375,0.0
7831,0.0,78.70078125,0.0
7832,-3.75,79.13320312500001,0.0
7833,-3.75,79.56562500000001,0.0
7834,0.0,79.13320312500001,0.0
7835,0.0,79.56562500000001,0.0
7836,-3.75,79.99804687500001,0.0
7837,-3.75,80.43046875000002,0.0
7838,0.0,79.99804687500001,0.0
7839,0.0,80.43046875000002,0.0
7840,-3.75,80.862890625,0.0
7841,-3.75,81.29531250000001,0.0
7842,0.0,80.862890625,0.0
7843,0.0,81.29531250000001,0.0
7844,-3.75,81.72773437500001,0.0
7845,-3.75,82.16015625,0.0
7846,0.0,81.72773437500001,0.0
7847,0.0,82.16015625,0.0
7848,-3.75,82.592578125,0.0
7849,-3.75,83.025,0.0
7850,0.0,82.592578125,0.0
7851,0.0,83.025,0.0
7852,-116.25,83.45742187500001,0.0
7853,-120.0,83.45742187500001,0.0
7854,-116.25,83.88984375000001,0.0
7855,-120.0,83.88984375000001,0.0
7856,-112.5,83.45742187500001,0.0
7857,-112.5,83.88984375000001,0.0
7858,-116.25,84.322265625,0.0
7859,-120.0,84.322265625,0.0
7860,-116.25,84.7546875,0.0
7861,-120.0,84.7546875,0.0
7862,-112.5,84.322265625,0.0
7863,-112.5,84.7546875,0.0
7864,-116.25,85.187109375,0.0
7865,-120.0,85.187109375,0.0
7866,-116.25,85.61953125,0.0
7867,-120.0,85.61953125,0.0
7868,-112.5,85.187109375,0.0
7869,-112.5,85.61953125,0.0
7870,-116.25,86.051953125,0.0
7871,-120.0,86.051953125,0.0
7872,-116.25,86.484375,0.0
7873,-120.0,86.484375,0.0
7874,-112.5,86.051953125,0.0
7875,-112.5,86.484375,0.0
7876,-116.25,86.916796875,0.0
7877,-120.0,86.916796875,0.0
7878,-116.25,87.34921875,0.0
7879,-120.0,87.34921875,0.0
7880,-112.5,86.916796875,0.0
7881,-112.5,87.34921875,0.0
7882,-116.25,87.78164062500001,0.0
7883,-120.0,87.78164062500001,0.0
7884,-116.25,88.21406250000001,0.0
7885,-120.0,88.21406250000001,0.0
7886,-112.5,87.78164062500001,0.0
7887,-112.5,88.21406250000001,0.0
7888,-116.25,88.64648437500001,0.0
7889,-120.0,88.64648437500001,0.0
7890,-116.25,89.07890625000002,0.0
7891,-120.0,89.07890625000002,0.0
7892,-112.5,88.64648437500001,0.0
7893,-112.5,89.07890625000002,0.0
7894,-116.25,89.511328125,0.0
7895,-120.0,89.511328125,0.0
7896,-116.25,89.94375000000001,0.0
7897,-120.0,89.94375000000001,0.0
7898,-112.5,89.511328125,0.0
7899,-112.5,89.94375000000001,0.0
7900,-116.25,90.37617187500001,0.0
7901,-120.0,90.37617187500001,0.0
7902,-116.25,90.80859375,0.0
7903,-120.0,90.80859375,0.0
7904,-112.5,90.37617187500001,0.0
7905,-112.5,90.80859375,0.0
7906,-116.25,91.241015625,0.0
7907,-120.0,91.241015625,0.0
7908,-116.25,91.6734375,0.0
7909,-120.0,91.6734375,0.0
7910,-112.5,91.241015625,0.0
7911,-112.5,91.6734375,0.0
7912,-116.25,92.10585937500001,0.0
7913,-120.0,92.10585937500001,0.0
7914,-116.25,92.53828125000001,0.0
7915,-120.0,92.53828125000001,0.0
7916,-112.5,92.10585937500001,0.0
7917,-112.5,92.53828125000001,0.0
7918,-116.25,92.97070312500001,0.0
7919,-120.0,92.97070312500001,0.0
7920,-116.25,93.40312500000002,0.0
7921,-120.0,93.40312500000002,0.0
7922,-112.5,92.97070312500001,0.0
7923,-112.5,93.40312500000002,0.0
7924,-116.25,93.83554687500002,0.0
7925,-120.0,93.83554687500002,0.0
7926,-116.25,94.26796875000002,0.0
7927,-120.0,94.26796875000002,0.0
7928,-112.5,93.83554687500002,0.0
7929,-112.5,94.26796875000002,0.0
7930,-116.25,94.70039062500001,0.0
7931,-120.0,94.70039062500001,0.0
7932,-116.25,95.13281250000001,0.0
7933,-120.0,95.13281250000001,0.0
7934,-112.5,94.70039062500001,0.0
7935,-112.5,95.13281250000001,0.0
7936,-116.25,95.56523437500002,0.0
7937,-120.0,95.56523437500002,0.0
7938,-116.25,95.99765625,0.0
7939,-120.0,95.99765625,0.0
7940,-112.5,95.56523437500002,0.0
7941,-112.5,95.99765625,0.0
7942,-116.25,96.43007812500001,0.0
7943,-120.0,96.43007812500001,0.0
7944,-116.25,96.86250000000001,0.0
7945,-120.0,96.86250000000001,0.0
7946,-112.5,96.43007812500001,0.0
7947,-112.5,96.86250000000001,0.0
7948,-108.75,83.45742187500001,0.0
7949,-108.75,83.88984375000001,0.0
7950,-105.0,83.45742187500001,0.0
7951,-105.0,83.88984375000001,0.0
7952,-108.75,84.322265625,0.0
7953,-108.75,84.7546875,0.0
7954,-105.0,84.322265625,0.0
7955,-105.0,84.7546875,0.0
7956,-108.75,85.187109375,0.0
7957,-108.75,85.61953125,0.0
7958,-105.0,85.187109375,0.0
7959,-105.0,85.61953125,0.0
7960,-108.75,86.051953125,0.0
7961,-108.75,86.484375,0.0
7962,-105.0,86.051953125,0.0
7963,-105.0,86.484375,0.0
7964,-108.75,86.916796875,0.0
7965,-108.75,87.34921875,0.0
7966,-105.0,86.916796875,0.0
7967,-105.0,87.34921875,0.0
7968,-108.75,87.78164062500001,0.0
7969,-108.75,88.21406250000001,0.0
7970,-105.0,87.78164062500001,0.0
7971,-105.0,88.21406250000001,0.0
7972,-108.75,88.64648437500001,0.0
7973,-108.75,89.07890625000002,0.0
7974,-105.0,88.64648437500001,0.0
7975,-105.0,89.07890625000002,0.0
7976,-108.75,89.511328125,0.0
7977,-108.75,89.94375000000001,0.0
7978,-105.0,89.511328125,0.0
7979,-105.0,89.94375000000001,0.0
7980,-108.75,90.37617187500001,0.0
7981,-108.75,90.80859375,0.0
7982,-105.0,90.37617187500001,0.0
7983,-105.0,90.80859375,0.0
7984,-108.75,91.241015625,0.0
7985,-108.75,91.6734375,0.0
7986,-105.0,91.241015625,0.0
7987,-105.0,91.6734375,0.0
7988,-108.75,92.10585937500001,0.0
7989,-108.75,92.53828125000001,0.0
7990,-105.0,92.10585937500001,0.0
7991,-105.0,92.53828125000001,0.0
7992,-108.75,92.97070312500001,0.0
7993,-108.75,93.40312500000002,0.0
7994,-105.0,92.97070312500001,0.0
7995,-105.0,93.40312500000002,0.0
7996,-108.75,93.83554687500002,0.0
7997,-108.75,94.26796875000002,0.0
7998,-105.0,93.83554687500002,0.0
7999,-105.0,94.26796875000002,0.0
8000,-108.75,94.70039062500001,0.0
8001,-108.75,95.13281250000001,0.0
8002,-105.0,94.70039062500001,0.0
8003,-105.0,95.13281250000001,0.0
8004,-108.75,95.56523437500002,0.0
8005,-108.75,95.99765625,0.0
8006,-105.0,95.56523437500002,0.0
8007,-105.0,95.99765625,0.0
8008,-108.75,96.43007812500001,0.0
8009,-108.75,96.86250000000001,0.0
8010,-105.0,96.43007812500001,0.0
8011,-105.0,96.86250000000001,0.0
8012,-101.25,83.45742187500001,0.0
8013,-101.25,83.88984375000001,0.0
8014,-97.5,83.45742187500001,0.0
8015,-97.5,83.88984375000001,0.0
8016,-101.25,84.322265625,0.0
8017,-101.25,84.7546875,0.0
8018,-97.5,84.322265625,0.0
8019,-97.5,84.7546875,0.0
8020,-101.25,85.187109375,0.0
8021,-101.25,85.61953125,0.0
8022,-97.5,85.187109375,0.0
8023,-97.5,85.61953125,0.0
8024,-101.25,86.051953125,0.0
8025,-101.25,86.484375,0.0
8026,-97.5,86.051953125,0.0
8027,-97.5,86.484375,0.0
8028,-101.25,86.916796875,0.0
8029,-101.25,87.34921875,0.0
8030,-97.5,86.916796875,0.0
8031,-97.5,87.34921875,0.0
8032,-101.25,87.78164062500001,0.0
8033,-101.25,88.21406250000001,0.0
8034,-97.5,87.78164062500001,0.0
8035,-97.5,88.21406250000001,0.0
8036,-101.25,88.64648437500001,0.0
8037,-101.25,89.07890625000002,0.0
8038,-97.5,88.64648437500001,0.0
8039,-97.5,89.07890625000002,0.0
8040,-101.25,89.511328125,0.0
8041,-101.25,89.94375000000001,0.0
8042,-97.5,89.511328125,0.0
8043,-97.5,89.94375000000001,0.0
8044,-101.25,90.37617187500001,0.0
8045,-101.25,90.80859375,0.0
8046,-97.5,90.37617187500001,0.0
8047,-97.5,90.80859375,0.0
8048,-101.25,91.241015625,0.0
8049,-101.25,91.6734375,0.0
8050,-97.5,91.241015625,0.0
8051,-97.5,91.6734375,0.0
8052,-101.25,92.10585937500001,0.0
8053,-101.25,92.53828125000001,0.0
8054,-97.5,92.10585937500001,0.0
8055,-97.5,92.53828125000001,0.0
8056,-101.25,92.97070312500001,0.0
8057,-101.25,93.40312500000002,0.0
8058,-97.5,92.97070312500001,0.0
8059,-97.5,93.40312500000002,0.0
8060,-101.25,93.83554687500002,0.0
8061,-101.25,94.26796875000002,0.0
8062,-97.5,93.83554687500002,0.0
8063,-97.5,94.26796875000002,0.0
8064,-101.25,94.70039062500001,0.0
8065,-101.25,95.13281250000001,0.0
8066,-97.5,94.70039062500001,0.0
8067,-97.5,95.13281250000001,0.0
8068,-101.25,95.56523437500002,0.0
8069,-101.25,95.99765625,0.0
8070,-97.5,95.56523437500002,0.0
8071,-97.5,95.99765625,0.0
8072,-101.25,96.43007812500001,0.0
8073,-101.25,96.86250000000001,0.0
8074,-97.5,96.43007812500001,0.0
8075,-97.5,96.86250000000001,0.0
8076,-93.75,83.45742187500001,0.0
8077,-93.75,83.88984375000001,0.0
8078,-90.0,83.45742187500001,0.0
8079,-90.0,83.88984375000001,0.0
8080,-93.75,84.322265625,0.0
8081,-93.75,84.7546875,0.0
8082,-90.0,84.322265625,0.0
8083,-90.0,84.7546875,0.0
8084,-93.75,85.187109375,0.0
8085,-93.75,85.61953125,0.0
8086,-90.0,85.187109375,0.0
8087,-90.0,85.61953125,0.0
8088,-93.75,86.051953125,0.0
8089,-93.75,86.484375,0.0
8090,-90.0,86.051953125,0.0
8091,-90.0,86.484375,0.0
8092,-93.75,86.916796875,0.0
8093,-93.75,87.34921875,0.0
8094,-90.0,86.916796875,0.0
8095,-90.0,87.34921875,0.0
8096,-93.75,87.78164062500001,0.0
8097,-93.75,88.21406250000001,0.0
8098,-90.0,87.78164062500001,0.0
8099,-90.0,88.21406250000001,0.0
8100,-93.75,88.64648437500001,0.0
8101,-93.75,89.07890625000002,0.0
8102,-90.0,88.64648437500001,0.0
8103,-90.0,89.07890625000002,0.0
8104,-93.75,89.511328125,0.0
8105,-93.75,89.94375000000001,0.0
8106,-90.0,89.511328125,0.0
8107,-90.0,89.94375000000001,0.0
8108,-93.75,90.37617187500001,0.0
8109,-93.75,90.80859375,0.0
8110,-90.0,90.37617187500001,0.0
8111,-90.0,90.80859375,0.0
8112,-93.75,91.241015625,0.0
8113,-93.75,91.6734375,0.0
8114,-90.0,91.241015625,0.0
8115,-90.0,91.6734375,0.0
8116,-93.75,92.10585937500001,0.0
8117,-93.75,92.53828125000001,0.0
8118,-90.0,92.10585937500001,0.0
8119,-90.0,92.53828125000001,0.0
8120,-93.75,92.97070312500001,0.0
8121,-93.75,93.40312500000002,0.0
8122,-90.0,92.97070312500001,0.0
8123,-90.0,93.40312500000002,0.0
8124,-93.75,93.83554687500002,0.0
8125,-93.75,94.26796875000002,0.0
8126,-90.0,93.83554687500002,0.0
8127,-90.0,94.26796875000002,0.0
8128,-93.75,94.70039062500001,0.0
8129,-93.75,95.13281250000001,0.0
8130,-90.0,94.70039062500001,0.0
8131,-90.0,95.13281250000001,0.0
8132,-93.75,95.56523437500002,0.0
8133,-93.75,95.99765625,0.0
8134,-90.0,95.56523437500002,0.0
8135,-90.0,95.99765625,0.0
8136,-93.75,96.43007812500001,0.0
8137,-93.75,96.86250000000001,0.0
8138,-90.0,96.43007812500001,0.0
8139,-90.0,96.86250000000001,0.0
8140,-86.25,83.45742187500001,0.0
8141,-86.25,83.88984375000001,0.0
8142,-82.5,83.45742187500001,0.0
8143,-82.5,83.88984375000001,0.0
8144,-86.25,84.322265625,0.0
8145,-86.25,84.7546875,0.0
8146,-82.5,84.322265625,0.0
8147,-82.5,84.7546875,0.0
8148,-86.25,85.187109375,0.0
8149,-86.25,85.61953125,0.0
8150,-82.5,85.187109375,0.0
8151,-82.5,85.61953125,0.0
8152,-86.25,86.051953125,0.0
8153,-86.25,86.484375,0.0
8154,-82.5,86.051953125,0.0
8155,-82.5,86.484375,0.0
8156,-86.25,86.916796875,0.0
8157,-86.25,87.34921875,0.0
8158,-82.5,86.916796875,0.0
8159,-82.5,87.34921875,0.0
8160,-86.25,87.78164062500001,0.0
8161,-86.25,88.21406250000001,0.0
8162,-82.5,87.78164062500001,0.0
8163,-82.5,88.21406250000001,0.0
8164,-86.25,88.64648437500001,0.0
8165,-86.25,89.07890625000002,0.0
8166,-82.5,88.64648437500001,0.0
8167,-82.5,89.07890625000002,0.0
8168,-86.25,89.511328125,0.0
8169,-86.25,89.94375000000001,0.0
8170,-82.5,89.511328125,0.0
8171,-82.5,89.94375000000001,0.0
8172,-86.25,90.37617187500001,0.0
8173,-86.25,90.80859375,0.0
8174,-82.5,90.37617187500001,0.0
8175,-82.5,90.80859375,0.0
8176,-86.25,91.241015625,0.0
8177,-86.25,91.6734375,0.0
8178,-82.5,91.241015625,0.0
8179,-82.5,91.6734375,0.0
8180,-86.25,92.10585937500001,0.0
8181,-86.25,92.53828125000001,0.0
8182,-82.5,92.10585937500001,0.0
8183,-82.5,92.53828125000001,0.0
8184,-86.25,92.97070312500001,0.0
8185,-86.25,93.40312500000002,0.0
8186,-82.5,92.97070312500001,0.0
8187,-82.5,93.40312500000002,0.0
8188,-86.25,93.83554687500002,0.0
8189,-86.25,94.26796875000002,0.0
8190,-82.5,93.83554687500002,0.0
8191,-82.5,94.26796875000002,0.0
8192,-86.25,94.70039062500001,0.0
8193,-86.25,95.13281250000001,0.0
8194,-82.5,94.70039062500001,0.0
8195,-82.5,95.13281250000001,0.0
8196,-86.25,95.56523437500002,0.0
8197,-86.25,95.99765625,0.0
8198,-82.5,95.56523437500002,0.0
8199,-82.5,95.99765625,0.0
8200,-86.25,96.43007812500001,0.0
8201,-86.25,96.86250000000001,0.0
8202,-82.5,96.43007812500001,0.0
8203,-82.5,96.86250000000001,0.0
8204,-78.75,83.45742187500001,0.0
8205,-78.75,83.88984375000001,0.0
8206,-75.0,83.45742187500001,0.0
8207,-75.0,83.88984375000001,0.0
8208,-78.75,84.322265625,0.0
8209,-78.75,84.7546875,0.0
8210,-75.0,84.322265625,0.0
8211,-75.0,84.7546875,0.0
8212,-78.75,85.187109375,0.0
8213,-78.75,85.61953125,0.0
8214,-75.0,85.187109375,0.0
8215,-75.0,85.61953125,0.0
8216,-78.75,86.051953125,0.0
8217,-78.75,86.484375,0.0
8218,-75.0,86.051953125,0.0
8219,-75.0,86.484375,0.0
8220,-78.75,86.916796875,0.0
8221,-78.75,87.34921875,0.0
8222,-75.0,86.916796875,0.0
8223,-75.0,87.34921875,0.0
8224,-78.75,87.78164062500001,0.0
8225,-78.75,88.21406250000001,0.0
8226,-75.0,87.78164062500001,0.0
8227,-75.0,88.21406250000001,0.0
8228,-78.75,88.64648437500001,0.0
8229,-78.75,89.07890625000002,0.0
8230,-75.0,88.64648437500001,0.0
8231,-75.0,89.07890625000002,0.0
8232,-78.75,89.511328125,0.0
8233,-78.75,89.94375000000001,0.0
8234,-75.0,89.511328125,0.0
8235,-75.0,89.94375000000001,0.0
8236,-78.75,90.37617187500001,0.0
8237,-78.75,90.80859375,0.0
8238,-75.0,90.37617187500001,0.0
8239,-75.0,90.80859375,0.0
8240,-78.75,91.241015625,0.0
8241,-78.75,91.6734375,0.0
8242,-75.0,91.241015625,0.0
8243,-75.0,91.6734375,0.0
8244,-78.75,92.10585937500001,0.0
8245,-78.75,92.53828125000001,0.0
8246,-75.0,92.10585937500001,0.0
8247,-75.0,92.53828125000001,0.0
8248,-78.75,92.97070312500001,0.0
8249,-78.75,93.40312500000002,0.0
8250,-75.0,92.97070312500001,0.0
8251,-75.0,93.40312500000002,0.0
8252,-78.75,93.83554687500002,0.0
8253,-78.75,94.26796875000002,0.0
8254,-75.0,93.83554687500002,0.0
8255,-75.0,94.26796875000002,0.0
8256,-78.75,94.70039062500001,0.0
8257,-78.75,95.13281250000001,0.0
8258,-75.0,94.70039062500001,0.0
8259,-75.0,95.13281250000001,0.0
8260,-78.75,95.56523437500002,0.0
8261,-78.75,95.99765625,0.0
8262,-75.0,95.56523437500002,0.0
8263,-75.0,95.99765625,0.0
8264,-78.75,96.43007812500001,0.0
8265,-78.75,96.86250000000001,0.0
8266,-75.0,96.43007812500001,0.0
8267,-75.0,96.86250000000001,0.0
8268,-71.25,83.45742187500001,0.0
8269,-71.25,83.88984375000001,0.0
8270,-67.5,83.45742187500001,0.0
8271,-67.5,83.88984375000001,0.0
8272,-71.25,84.322265625,0.0
8273,-71.25,84.7546875,0.0
8274,-67.5,84.322265625,0.0
8275,-67.5,84.7546875,0.0
8276,-71.25,85.187109375,0.0
8277,-71.25,85.61953125,0.0
8278,-67.5,85.187109375,0.0
8279,-67.5,85.61953125,0.0
8280,-71.25,86.051953125,0.0
8281,-71.25,86.484375,0.0
8282,-67.5,86.051953125,0.0
8283,-67.5,86.484375,0.0
8284,-71.25,86.916796875,0.0
8285,-71.25,87.34921875,0.0
8286,-67.5,86.916796875,0.0
8287,-67.5,87.34921875,0.0
8288,-71.25,87.78164062500001,0.0
8289,-71.25,88.21406250000001,0.0
8290,-67.5,87.78164062500001,0.0
8291,-67.5,88.21406250000001,0.0
8292,-71.25,88.64648437500001,0.0
8293,-71.25,89.07890625000002,0.0
8294,-67.5,88.64648437500001,0.0
8295,-67.5,89.07890625000002,0.0
8296,-71.25,89.511328125,0.0
8297,-71.25,89.94375000000001,0.0
8298,-67.5,89.511328125,0.0
8299,-67.5,89.94375000000001,0.0
8300,-71.25,90.37617187500001,0.0
8301,-71.25,90.80859375,0.0
8302,-67.5,90.37617187500001,0.0
8303,-67.5,90.80859375,0.0
8304,-71.25,91.241015625,0.0
8305,-71.25,91.6734375,0.0
8306,-67.5,91.241015625,0.0
8307,-67.5,91.6734375,0.0
8308,-71.25,92.10585937500001,0.0
8309,-71.25,92.53828125000001,0.0
8310,-67.5,92.10585937500001,0.0
8311,-67.5,92.53828125000001,0.0
8312,-71.25,92.97070312500001,0.0
8313,-71.25,93.40312500000002,0.0
8314,-67.5,92.97070312500001,0.0
8315,-67.5,93.40312500000002,0.0
8316,-71.25,93.83554687500002,0.0
8317,-71.25,94.26796875000002,0.0
8318,-67.5,93.83554687500002,0.0
8319,-67.5,94.26796875000002,0.0
8320,-71.25,94.70039062500001,0.0
8321,-71.25,95.13281250000001,0.0
8322,-67.5,94.70039062500001,0.0
8323,-67.5,95.13281250000001,0.0
8324,-71.25,95.56523437500002,0.0
8325,-71.25,95.99765625,0.0
8326,-67.5,95.56523437500002,0.0
8327,-67.5,95.99765625,0.0
8328,-71.25,96.43007812500001,0.0
8329,-71.25,96.86250000000001,0.0
8330,-67.5,96.43007812500001,0.0
8331,-67.5,96.86250000000001,0.0
8332,-63.75,83.45742187500001,0.0
8333,-63.75,83.88984375000001,0.0
8334,-60.0,83.45742187500001,0.0
8335,-60.0,83.88984375000001,0.0
8336,-63.75,84.322265625,0.0
8337,-63.75,84.7546875,0.0
8338,-60.0,84.322265625,0.0
8339,-60.0,84.7546875,0.0
8340,-63.75,85.187109375,0.0
8341,-63.75,85.61953125,0.0
8342,-60.0,85.187109375,0.0
8343,-60.0,85.61953125,0.0
8344,-63.75,86.051953125,0.0
8345,-63.75,86.484375,0.0
8346,-60.0,86.051953125,0.0
8347,-60.0,86.484375,0.0
8348,-63.75,86.916796875,0.0
8349,-63.75,87.34921875,0.0
8350,-60.0,86.916796875,0.0
8351,-60.0,87.34921875,0.0
8352,-63.75,87.78164062500001,0.0
8353,-63.75,88.21406250000001,0.0
8354,-60.0,87.78164062500001,0.0
8355,-60.0,88.21406250000001,0.0
8356,-63.75,88.64648437500001,0.0
8357,-63.75,89.07890625000002,0.0
8358,-60.0,88.64648437500001,0.0
8359,-60.0,89.07890625000002,0.0
8360,-63.75,89.511328125,0.0
8361,-63.75,89.94375000000001,0.0
8362,-60.0,89.511328125,0.0
8363,-60.0,89.94375000000001,0.0
8364,-63.75,90.37617187500001,0.0
8365,-63.75,90.80859375,0.0
8366,-60.0,90.37617187500001,0.0
8367,-60.0,90.80859375,0.0
8368,-63.75,91.241015625,0.0
8369,-63.75,91.6734375,0.0
8370,-60.0,91.241015625,0.0
8371,-60.0,91.6734375,0.0
8372,-63.75,92.10585937500001,0.0
8373,-63.75,92.53828125000001,0.0
8374,-60.0,92.10585937500001,0.0
8375,-60.0,92.53828125000001,0.0
8376,-63.75,92.97070312500001,0.0
8377,-63.75,93.40312500000002,0.0
8378,-60.0,92.97070312500001,0.0
8379,-60.0,93.40312500000002,0.0
8380,-63.75,93.83554687500002,0.0
8381,-63.75,94.26796875000002,0.0
8382,-60.0,93.83554687500002,0.0
8383,-60.0,94.26796875000002,0.0
8384,-63.75,94.70039062500001,0.0
8385,-63.75,95.13281250000001,0.0
8386,-60.0,94.70039062500001,0.0
8387,-60.0,95.13281250000001,0.0
8388,-63.75,95.56523437500002,0.0
8389,-63.75,95.99765625,0.0
8390,-60.0,95.56523437500002,0.0
8391,-60.0,95.99765625,0.0
8392,-63.75,96.43007812500001,0.0
8393,-63.75,96.86250000000001,0.0
8394,-60.0,96.43007812500001,0.0
8395,-60.0,96.86250000000001,0.0
8396,-56.25,83.45742187500001,0.0
8397,-56.25,83.88984375000001,0.0
8398,-52.5,83.45742187500001,0.0
8399,-52.5,83.88984375000001,0.0
8400,-56.25,84.322265625,0.0
8401,-56.25,84.7546875,0.0
8402,-52.5,84.322265625,0.0
8403,-52.5,84.7546875,0.0
8404,-56.25,85.187109375,0.0
8405,-56.25,85.61953125,0.0
8406,-52.5,85.187109375,0.0
8407,-52.5,85.61953125,0.0
8408,-56.25,86.051953125,0.0
8409,-56.25,86.484375,0.0
8410,-52.5,86.051953125,0.0
8411,-52.5,86.484375,0.0
8412,-56.25,86.916796875,0.0
8413,-56.25,87.34921875,0.0
8414,-52.5,86.916796875,0.0
8415,-52.5,87.34921875,0.0
8416,-56.25,87.78164062500001,0.0
8417,-56.25,88.21406250000001,0.0
8418,-52.5,87.78164062500001,0.0
8419,-52.5,88.21406250000001,0.0
8420,-56.25,88.64648437500001,0.0
8421,-56.25,89.07890625000002,0.0
8422,-52.5,88.64648437500001,0.0
8423,-52.5,89.07890625000002,0.0
8424,-56.25,89.511328125,0.0
8425,-56.25,89.94375000000001,0.0
8426,-52.5,89.511328125,0.0
8427,-52.5,89.94375000000001,0.0
8428,-56.25,90.37617187500001,0.0
8429,-56.25,90.80859375,0.0
8430,-52.5,90.37617187500001,0.0
8431,-52.5,90.80859375,0.0
8432,-56.25,91.241015625,0.0
8433,-56.25,91.6734375,0.0
8434,-52.5,91.241015625,0.0
8435,-52.5,91.6734375,0.0
8436,-56.25,92.10585937500001,0.0
8437,-56.25,92.53828125000001,0.0
8438,-52.5,92.10585937500001,0.0
8439,-52.5,92.53828125000001,0.0
8440,-56.25,92.97070312500001,0.0
8441,-56.25,93.40312500000002,0.0
8442,-52.5,92.97070312500001,0.0
8443,-52.5,93.40312500000002,0.0
8444,-56.25,93.83554687500002,0.0
8445,-56.25,94.26796875000002,0.0
8446,-52.5,93.83554687500002,0.0
8447,-52.5,94.26796875000002,0.0
8448,-56.25,94.70039062500001,0.0
8449,-56.25,95.13281250000001,0.0
8450,-52.5,94.70039062500001,0.0
8451,-52.5,95.13281250000001,0.0
8452,-56.25,95.56523437500002,0.0
8453,-56.25,95.99765625,0.0
8454,-52.5,95.56523437500002,0.0
8455,-52.5,95.99765625,0.0
8456,-56.25,96.43007812500001,0.0
8457,-56.25,96.86250000000001,0.0
8458,-52.5,96.43007812500001,0.0
8459,-52.5,96.86250000000001,0.0
8460,-48.75,83.45742187500001,0.0
8461,-48.75,83.88984375000001,0.0
8462,-45.0,83.45742187500001,0.0
8463,-45.0,83.88984375000001,0.0
8464,-48.75,84.322265625,0.0
8465,-48.75,84.7546875,0.0
8466,-45.0,84.322265625,0.0
8467,-45.0,84.7546875,0.0
8468,-48.75,85.187109375,0.0
8469,-48.75,85.61953125,0.0
8470,-45.0,85.187109375,0.0
8471,-45.0,85.61953125,0.0
8472,-48.75,86.051953125,0.0
8473,-48.75,86.484375,0.0
8474,-45.0,86.051953125,0.0
8475,-45.0,86.484375,0.0
8476,-48.75,86.916796875,0.0
8477,-48.75,87.34921875,0.0
8478,-45.0,86.916796875,0.0
8479,-45.0,87.34921875,0.0
8480,-48.75,87.78164062500001,0.0
8481,-48.75,88.21406250000001,0.0
8482,-45.0,87.78164062500001,0.0
8483,-45.0,88.21406250000001,0.0
8484,-48.75,88.64648437500001,0.0
8485,-48.75,89.07890625000002,0.0
8486,-45.0,88.64648437500001,0.0
8487,-45.0,89.07890625000002,0.0
8488,-48.75,89.511328125,0.0
8489,-48.75,89.94375000000001,0.0
8490,-45.0,89.511328125,0.0
8491,-45.0,89.94375000000001,0.0
8492,-48.75,90.37617187500001,0.0
8493,-48.75,90.80859375,0.0
8494,-45.0,90.37617187500001,0.0
8495,-45.0,90.80859375,0.0
8496,-48.75,91.241015625,0.0
8497,-48.75,91.6734375,0.0
8498,-45.0,91.241015625,0.0
8499,-45.0,91.6734375,0.0
8500,-48.75,92.10585937500001,0.0
8501,-48.75,92.53828125000001,0.0
8502,-45.0,92.10585937500001,0.0
8503,-45.0,92.53828125000001,0.0
8504,-48.75,92.97070312500001,0.0
8505,-48.75,93.40312500000002,0.0
8506,-45.0,92.97070312500001,0.0
8507,-45.0,93.40312500000002,0.0
8508,-48.75,93.83554687500002,0.0
8509,-48.75,94.26796875000002,0.0
8510,-45.0,93.83554687500002,0.0
8511,-45.0,94.26796875000002,0.0
8512,-48.75,94.70039062500001,0.0
8513,-48.75,95.13281250000001,0.0
8514,-45.0,94.70039062500001,0.0
8515,-45.0,95.13281250000001,0.0
8516,-48.75,95.56523437500002,0.0
8517,-48.75,95.99765625,0.0
8518,-45.0,95.56523437500002,0.0
8519,-45.0,95.99765625,0.0
8520,-48.75,96.43007812500001,0.0
8521,-48.75,96.86250000000001,0.0
8522,-45.0,96.43007812500001,0.0
8523,-45.0,96.86250000000001,0.0
8524,-41.25,83.45742187500001,0.0
8525,-41.25,83.88984375000001,0.0
8526,-37.5,83.45742187500001,0.0
8527,-37.5,83.88984375000001,0.0
8528,-41.25,84.322265625,0.0
8529,-41.25,84.7546875,0.0
8530,-37.5,84.322265625,0.0
8531,-37.5,84.7546875,0.0
8532,-41.25,85.187109375,0.0
8533,-41.25,85.61953125,0.0
8534,-37.5,85.187109375,0.0
8535,-37.5,85.61953125,0.0
8536,-41.25,86.051953125,0.0
8537,-41.25,86.484375,0.0
8538,-37.5,86.051953125,0.0
8539,-37.5,86.484375,0.0
8540,-41.25,86.916796875,0.0
8541,-41.25,87.34921875,0.0
8542,-37.5,86.916796875,0.0
8543,-37.5,87.34921875,0.0
8544,-41.25,87.78164062500001,0.0
8545,-41.25,88.21406250000001,0.0
8546,-37.5,87.78164062500001,0.0
8547,-37.5,88.21406250000001,0.0
8548,-41.25,88.64648437500001,0.0
8549,-41.25,89.07890625000002,0.0
8550,-37.5,88.64648437500001,0.0
8551,-37.5,89.07890625000002,0.0
8552,-41.25,89.511328125,0.0
8553,-41.25,89.94375000000001,0.0
8554,-37.5,89.511328125,0.0
8555,-37.5,89.94375000000001,0.0
8556,-41.25,90.37617187500001,0.0
8557,-41.25,90.80859375,0.0
8558,-37.5,90.37617187500001,0.0
8559,-37.5,90.80859375,0.0
8560,-41.25,91.241015625,0.0
8561,-41.25,91.6734375,0.0
8562,-37.5,91.241015625,0.0
8563,-37.5,91.6734375,0.0
8564,-41.25,92.10585937500001,0.0
8565,-41.25,92.53828125000001,0.0
8566,-37.5,92.10585937500001,0.0
8567,-37.5,92.53828125000001,0.0
8568,-41.25,92.97070312500001,0.0
8569,-41.25,93.40312500000002,0.0
8570,-37.5,92.97070312500001,0.0
8571,-37.5,93.40312500000002,0.0
8572,-41.25,93.83554687500002,0.0
8573,-41.25,94.26796875000002,0.0
8574,-37.5,93.83554687500002,0.0
8575,-37.5,94.26796875000002,0.0
8576,-41.25,94.70039062500001,0.0
8577,-41.25,95.13281250000001,0.0
8578,-37.5,94.70039062500001,0.0
8579,-37.5,95.13281250000001,0.0
8580,-41.25,95.56523437500002,0.0
8581,-41.25,95.99765625,0.0
8582,-37.5,95.56523437500002,0.0
8583,-37.5,95.99765625,0.0
8584,-41.25,96.43007812500001,0.0
8585,-41.25,96.86250000000001,0.0
8586,-37.5,96.43007812500001,0.0
8587,-37.5,96.86250000000001,0.0
8588,-33.75,83.45742187500001,0.0
8589,-33.75,83.88984375000001,0.0
8590,-30.0,83.45742187500001,0.0
8591,-30.0,83.88984375000001,0.0
8592,-33.75,84.322265625,0.0
8593,-33.75,84.7546875,0.0
8594,-30.0,84.322265625,0.0
8595,-30.0,84.7546875,0.0
8596,-33.75,85.187109375,0.0
8597,-33.75,85.61953125,0.0
8598,-30.0,85.187109375,0.0
8599,-30.0,85.61953125,0.0
8600,-33.75,86.051953125,0.0
8601,-33.75,86.484375,0.0
8602,-30.0,86.051953125,0.0
8603,-30.0,86.484375,0.0
8604,-33.75,86.916796875,0.0
8605,-33.75,87.34921875,0.0
8606,-30.0,86.916796875,0.0
8607,-30.0,87.34921875,0.0
8608,-33.75,87.78164062500001,0.0
8609,-33.75,88.21406250000001,0.0
8610,-30.0,87.78164062500001,0.0
8611,-30.0,88.21406250000001,0.0
8612,-33.75,88.64648437500001,0.0
8613,-33.75,89.07890625000002,0.0
8614,-30.0,88.64648437500001,0.0
8615,-30.0,89.07890625000002,0.0
8616,-33.75,89.511328125,0.0
8617,-33.75,89.94375000000001,0.0
8618,-30.0,89.511328125,0.0
8619,-30.0,89.94375000000001,0.0
8620,-33.75,90.37617187500001,0.0
8621,-33.75,90.80859375,0.0
8622,-30.0,90.37617187500001,0.0
8623,-30.0,90.80859375,0.0
8624,-33.75,91.241015625,0.0
8625,-33.75,91.6734375,0.0
8626,-30.0,91.241015625,0.0
8627,-30.0,91.6734375,0.0
8628,-33.75,92.10585937500001,0.0
8629,-33.75,92.53828125000001,0.0
8630,-30.0,92.10585937500001,0.0
8631,-30.0,92.53828125000001,0.0
8632,-33.75,92.97070312500001,0.0
8633,-33.75,93.40312500000002,0.0
8634,-30.0,92.97070312500001,0.0
8635,-30.0,93.40312500000002,0.0
8636,-33.75,93.83554687500002,0.0
8637,-33.75,94.26796875000002,0.0
8638,-30.0,93.83554687500002,0.0
8639,-30.0,94.26796875000002,0.0
8640,-33.75,94.70039062500001,0.0
8641,-33.75,95.13281250000001,0.0
8642,-30.0,94.70039062500001,0.0
8643,-30.0,95.13281250000001,0.0
8644,-33.75,95.56523437500002,0.0
8645,-33.75,95.99765625,0.0
8646,-30.0,95.56523437500002,0.0
8647,-30.0,95.99765625,0.0
8648,-33.75,96.43007812500001,0.0
8649,-33.75,96.86250000000001,0.0
8650,-30.0,96.43007812500001,0.0
8651,-30.0,96.86250000000001,0.0
8652,-26.25,83.45742187500001,0.0
8653,-26.25,83.88984375000001,0.0
8654,-22.5,83.45742187500001,0.0
8655,-22.5,83.88984375000001,0.0
8656,-26.25,84.322265625,0.0
8657,-26.25,84.7546875,0.0
8658,-22.5,84.322265625,0.0
8659,-22.5,84.7546875,0.0
8660,-26.25,85.187109375,0.0
8661,-26.25,85.61953125,0.0
8662,-22.5,85.187109375,0.0
8663,-22.5,85.61953125,0.0
8664,-26.25,86.051953125,0.0
8665,-26.25,86.484375,0.0
8666,-22.5,86.051953125,0.0
8667,-22.5,86.484375,0.0
8668,-26.25,86.916796875,0.0
8669,-26.25,87.34921875,0.0
8670,-22.5,86.916796875,0.0
8671,-22.5,87.34921875,0.0
8672,-26.25,87.78164062500001,0.0
8673,-26.25,88.21406250000001,0.0
8674,-22.5,87.78164062500001,0.0
8675,-22.5,88.21406250000001,0.0
8676,-26.25,88.64648437500001,0.0
8677,-26.25,89.07890625000002,0.0
8678,-22.5,88.64648437500001,0.0
8679,-22.5,89.07890625000002,0.0
8680,-26.25,89.511328125,0.0
8681,-26.25,89.94375000000001,0.0
8682,-22.5,89.511328125,0.0
8683,-22.5,89.94375000000001,0.0
8684,-26.25,90.37617187500001,0.0
8685,-26.25,90.80859375,0.0
8686,-22.5,90.37617187500001,0.0
8687,-22.5,90.80859375,0.0
8688,-26.25,91.241015625,0.0
8689,-26.25,91.6734375,0.0
8690,-22.5,91.241015625,0.0
8691,-22.5,91.6734375,0.0
8692,-26.25,92.10585937500001,0.0
8693,-26.25,92.53828125000001,0.0
8694,-22.5,92.10585937500001,0.0
8695,-22.5,92.53828125000001,0.0
8696,-26.25,92.97070312500001,0.0
8697,-26.25,93.40312500000002,0.0
8698,-22.5,92.97070312500001,0.0
8699,-22.5,93.40312500000002,0.0
8700,-26.25,93.83554687500002,0.0
8701,-26.25,94.26796875000002,0.0
8702,-22.5,93.83554687500002,0.0
8703,-22.5,94.26796875000002,0.0
8704,-26.25,94.70039062500001,0.0
8705,-26.25,95.13281250000001,0.0
8706,-22.5,94.70039062500001,0.0
8707,-22.5,95.13281250000001,0.0
8708,-26.25,95.56523437500002,0.0
8709,-26.25,95.99765625,0.0
8710,-22.5,95.56523437500002,0.0
8711,-22.5,95.99765625,0.0
8712,-26.25,96.43007812500001,0.0
8713,-26.25,96.86250000000001,0.0
8714,-22.5,96.43007812500001,0.0
8715,-22.5,96.86250000000001,0.0
8716,-18.75,83.45742187500001,0.0
8717,-18.75,83.88984375000001,0.0
8718,-15.0,83.45742187500001,0.0
8719,-15.0,83.88984375000001,0.0
8720,-18.75,84.322265625,0.0
8721,-18.75,84.7546875,0.0
8722,-15.0,84.322265625,0.0
8723,-15.0,84.7546875,0.0
8724,-18.75,85.187109375,0.0
8725,-18.75,85.61953125,0.0
8726,-15.0,85.187109375,0.0
8727,-15.0,85.61953125,0.0
8728,-18.75,86.051953125,0.0
8729,-18.75,86.484375,0.0
8730,-15.0,86.051953125,0.0
8731,-15.0,86.484375,0.0
8732,-18.75,86.916796875,0.0
8733,-18.75,87.34921875,0.0
8734,-15.0,86.916796875,0.0
8735,-15.0,87.34921875,0.0
8736,-18.75,87.78164062500001,0.0
8737,-18.75,88.21406250000001,0.0
8738,-15.0,87.78164062500001,0.0
8739,-15.0,88.21406250000001,0.0
8740,-18.75,88.64648437500001,0.0
8741,-18.75,89.07890625000002,0.0
8742,-15.0,88.64648437500001,0.0
8743,-15.0,89.07890625000002,0.0
8744,-18.75,89.511328125,0.0
8745,-18.75,89.94375000000001,0.0
8746,-15.0,89.511328125,0.0
8747,-15.0,89.94375000000001,0.0
8748,-18.75,90.37617187500001,0.0
8749,-18.75,90.80859375,0.0
8750,-15.0,90.37617187500001,0.0
8751,-15.0,90.80859375,0.0
8752,-18.75,91.241015625,0.0
8753,-18.75,91.6734375,0.0
8754,-15.0,91.241015625,0.0
8755,-15.0,91.6734375,0.0
8756,-18.75,92.10585937500001,0.0
8757,-18.75,92.53828125000001,0.0
8758,-15.0,92.10585937500001,0.0
8759,-15.0,92.53828125000001,0.0
8760,-18.75,92.97070312500001,0.0
8761,-18.75,93.40312500000002,0.0
8762,-15.0,92.97070312500001,0.0
8763,-15.0,93.40312500000002,0.0
8764,-18.75,93.83554687500002,0.0
8765,-18.75,94.26796875000002,0.0
8766,-15.0,93.83554687500002,0.0
8767,-15.0,94.26796875000002,0.0
8768,-18.75,94.70039062500001,0.0
8769,-18.75,95.13281250000001,0.0
8770,-15.0,94.70039062500001,0.0
8771,-15.0,95.13281250000001,0.0
8772,-18.75,95.56523437500002,0.0
8773,-18.75,95.99765625,0.0
8774,-15.0,95.56523437500002,0.0
8775,-15.0,95.99765625,0.0
8776,-18.75,96.43007812500001,0.0
8777,-18.75,96.86250000000001,0.0
8778,-15.0,96.43007812500001,0.0
8779,-15.0,96.86250000000001,0.0
8780,-11.25,83.45742187500001,0.0
8781,-11.25,83.88984375000001,0.0
8782,-7.5,83.45742187500001,0.0
8783,-7.5,83.88984375000001,0.0
8784,-11.25,84.322265625,0.0
8785,-11.25,84.7546875,0.0
8786,-7.5,84.322265625,0.0
8787,-7.5,84.7546875,0.0
8788,-11.25,85.187109375,0.0
8789,-11.25,85.61953125,0.0
8790,-7.5,85.187109375,0.0
8791,-7.5,85.61953125,0.0
8792,-11.25,86.051953125,0.0
8793,-11.25,86.484375,0.0
8794,-7.5,86.051953125,0.0
8795,-7.5,86.484375,0.0
8796,-11.25,86.916796875,0.0
8797,-11.25,87.34921875,0.0
8798,-7.5,86.916796875,0.0
8799,-7.5,87.34921875,0.0
8800,-11.25,87.78164062500001,0.0
8801,-11.25,88.21406250000001,0.0
8802,-7.5,87.78164062500001,0.0
8803,-7.5,88.21406250000001,0.0
8804,-11.25,88.64648437500001,0.0
8805,-11.25,89.07890625000002,0.0
8806,-7.5,88.64648437500001,0.0
8807,-7.5,89.07890625000002,0.0
8808,-11.25,89.511328125,0.0
8809,-11.25,89.94375000000001,0.0
8810,-7.5,89.511328125,0.0
8811,-7.5,89.94375000000001,0.0
8812,-11.25,90.37617187500001,0.0
8813,-11.25,90.80859375,0.0
8814,-7.5,90.37617187500001,0.0
8815,-7.5,90.80859375,0.0
8816,-11.25,91.241015625,0.0
8817,-11.25,91.6734375,0.0
8818,-7.5,91.241015625,0.0
8819,-7.5,91.6734375,0.0
8820,-11.25,92.10585937500001,0.0
8821,-11.25,92.53828125000001,0.0
8822,-7.5,92.10585937500001,0.0
8823,-7.5,92.53828125000001,0.0
8824,-11.25,92.97070312500001,0.0
8825,-11.25,93.40312500000002,0.0
8826,-7.5,92.97070312500001,0.0
8827,-7.5,93.40312500000002,0.0
8828,-11.25,93.83554687500002,0.0
8829,-11.25,94.26796875000002,0.0
8830,-7.5,93.83554687500002,0.0
8831,-7.5,94.26796875000002,0.0
8832,-11.25,94.70039062500001,0.0
8833,-11.25,95.13281250000001,0.0
8834,-7.5,94.70039062500001,0.0
8835,-7.5,95.13281250000001,0.0
8836,-11.25,95.56523437500002,0.0
8837,-11.25,95.99765625,0.0
8838,-7.5,95.56523437500002,0.0
8839,-7.5,95.99765625,0.0
8840,-11.25,96.43007812500001,0.0
8841,-11.25,96.86250000000001,0.0
8842,-7.5,96.43007812500001,0.0
8843,-7.5,96.86250000000001,0.0
8844,-3.75,83.45742187500001,0.0
8845,-3.75,83.88984375000001,0.0
8846,0.0,83.45742187500001,0.0
8847,0.0,83.88984375000001,0.0
8848,-3.75,84.322265625,0.0
8849,-3.75,84.7546875,0.0
8850,0.0,84.322265625,0.0
8851,0.0,84.7546875,0.0
8852,-3.75,85.187109375,0.0
8853,-3.75,85.61953125,0.0
8854,0.0,85.187109375,0.0
8855,0.0,85.61953125,0.0
8856,-3.75,86.051953125,0.0
8857,-3.75,86.484375,0.0
8858,0.0,86.051953125,0.0
8859,0.0,86.484375,0.0
8860,-3.75,86.916796875,0.0
8861,-3.75,87.34921875,0.0
8862,0.0,86.916796875,0.0
8863,0.0,87.34921875,0.0
8864,-3.75,87.78164062500001,0.0
8865,-3.75,88.21406250000001,0.0
8866,0.0,87.78164062500001,0.0
8867,0.0,88.21406250000001,0.0
8868,-3.75,88.64648437500001,0.0
8869,-3.75,89.07890625000002,0.0
8870,0.0,88.64648437500001,0.0
8871,0.0,89.07890625000002,0.0
8872,-3.75,89.511328125,0.0
8873,-3.75,89.94375000000001,0.0
8874,0.0,89.511328125,0.0
8875,0.0,89.94375000000001,0.0
8876,-3.75,90.37617187500001,0.0
8877,-3.75,90.80859375,0.0
8878,0.0,90.37617187500001,0.0
8879,0.0,90.80859375,0.0
8880,-3.75,91.241015625,0.0
8881,-3.75,91.6734375,0.0
8882,0.0,91.241015625,0.0
8883,0.0,91.6734375,0.0
8884,-3.75,92.10585937500001,0.0
8885,-3.75,92.53828125000001,0.0
8886,0.0,92.10585937500001,0.0
8887,0.0,92.53828125000001,0.0
8888,-3.75,92.97070312500001,0.0
8889,-3.75,93.40312500000002,0.0
8890,0.0,92.97070312500001,0.0
8891,0.0,93.40312500000002,0.0
8892,-3.75,93.83554687500002,0.0
8893,-3.75,94.26796875000002,0.0
8894,0.0,93.83554687500002,0.0
8895,0.0,94.26796875000002,0.0
8896,-3.75,94.70039062500001,0.0
8897,-3.75,95.13281250000001,0.0
8898,0.0,94.70039062500001,0.0
8899,0.0,95.13281250000001,0.0
8900,-3.75,95.56523437500002,0.0
8901,-3.75,95.99765625,0.0
8902,0.0,95.56523437500002,0.0
8903,0.0,95.99765625,0.0
8904,-3.75,96.43007812500001,0.0
8905,-3.75,96.86250000000001,0.0
8906,0.0,96.43007812500001,0.0
8907,0.0,96.86250000000001,0.0
8908,-116.25,97.29492187500001,0.0
8909,-120.0,97.29492187500001,0.0
8910,-116.25,97.72734375000002,0.0
8911,-120.0,97.72734375000002,0.0
8912,-112.5,97.29492187500001,0.0
8913,-112.5,97.72734375000002,0.0
8914,-116.25,98.159765625,0.0
8915,-120.0,98.159765625,0.0
8916,-116.25,98.59218750000001,0.0
8917,-120.0,98.59218750000001,0.0
8918,-112.5,98.159765625,0.0
8919,-112.5,98.59218750000001,0.0
8920,-116.25,99.02460937500001,0.0
8921,-120.0,99.02460937500001,0.0
8922,-116.25,99.45703125,0.0
8923,-120.0,99.45703125,0.0
8924,-112.5,99.02460937500001,0.0
8925,-112.5,99.45703125,0.0
8926,-116.25,99.889453125,0.0
8927,-120.0,99.889453125,0.0
8928,-116.25,100.321875,0.0
8929,-120.0,100.321875,0.0
8930,-112.5,99.889453125,0.0
8931,-112.5,100.321875,0.0
8932,-116.25,100.754296875,0.0
8933,-120.0,100.754296875,0.0
8934,-116.25,101.18671875,0.0
8935,-120.0,101.18671875,0.0
8936,-112.5,100.754296875,0.0
8937,-112.5,101.18671875,0.0
8938,-116.25,101.619140625,0.0
8939,-120.0,101.619140625,0.0
8940,-116.25,102.0515625,0.0
8941,-120.0,102.0515625,0.0
8942,-112.5,101.619140625,0.0
8943,-112.5,102.0515625,0.0
8944,-116.25,102.483984375,0.0
8945,-120.0,102.483984375,0.0
8946,-116.25,102.91640625,0.0
8947,-120.0,102.91640625,0.0
8948,-112.5,102.483984375,0.0
8949,-112.5,102.91640625,0.0
8950,-116.25,103.348828125,0.0
8951,-120.0,103.348828125,0.0
8952,-116.25,103.78125,0.0
8953,-120.0,103.78125,0.0
8954,-112.5,103.348828125,0.0
8955,-112.5,103.78125,0.0
8956,-108.75,97.29492187500001,0.0
8957,-108.75,97.72734375000002,0.0
8958,-105.0,97.29492187500001,0.0
8959,-105.0,97.72734375000002,0.0
8960,-108.75,98.159765625,0.0
8961,-108.75,98.59218750000001,0.0
8962,-105.0,98.159765625,0.0
8963,-105.0,98.59218750000001,0.0
8964,-108.75,99.02460937500001,0.0
8965,-108.75,99.45703125,0.0
8966,-105.0,99.02460937500001,0.0
8967,-105.0,99.45703125,0.0
8968,-108.75,99.889453125,0.0
8969,-108.75,100.321875,0.0
8970,-105.0,99.889453125,0.0
8971,-105.0,100.321875,0.0
8972,-108.75,100.754296875,0.0
8973,-108.75,101.18671875,0.0
8974,-105.0,100.754296875,0.0
8975,-105.0,101.18671875,0.0
8976,-108.75,101.619140625,0.0
8977,-108.75,102.0515625,0.0
8978,-105.0,101.619140625,0.0
8979,-105.0,102.0515625,0.0
8980,-108.75,102.483984375,0.0
8981,-108.75,102.91640625,0.0
8982,-105.0,102.483984375,0.0
8983,-105.0,102.91640625,0.0
8984,-108.75,103.348828125,0.0
8985,-108.75,103.78125,0.0
8986,-105.0,103.348828125,0.0
8987,-105.0,103.78125,0.0
8988,-101.25,97.29492187500001,0.0
8989,-101.25,97.72734375000002,0.0
8990,-97.5,97.29492187500001,0.0
8991,-97.5,97.72734375000002,0.0
8992,-101.25,98.159765625,0.0
8993,-101.25,98.59218750000001,0.0
8994,-97.5,98.159765625,0.0
8995,-97.5,98.59218750000001,0.0
8996,-101.25,99.02460937500001,0.0
8997,-101.25,99.45703125,0.0
8998,-97.5,99.02460937500001,0.0
8999,-97.5,99.45703125,0.0
9000,-101.25,99.889453125,0.0
9001,-101.25,100.321875,0.0
9002,-97.5,99.889453125,0.0
9003,-97.5,100.321875,0.0
9004,-101.25,100.754296875,0.0
9005,-101.25,101.18671875,0.0
9006,-97.5,100.754296875,0.0
9007,-97.5,101.18671875,0.0
9008,-101.25,101.619140625,0.0
9009,-101.25,102.0515625,0.0
9010,-97.5,101.619140625,0.0
9011,-97.5,102.0515625,0.0
9012,-101.25,102.483984375,0.0
9013,-101.25,102.91640625,0.0
9014,-97.5,102.483984375,0.0
9015,-97.5,102.91640625,0.0
9016,-101.25,103.348828125,0.0
9017,-101.25,103.78125,0.0
9018,-97.5,103.348828125,0.0
9019,-97.5,103.78125,0.0
9020,-93.75,97.29492187500001,0.0
9021,-93.75,97.72734375000002,0.0
9022,-90.0,97.29492187500001,0.0
9023,-90.0,97.72734375000002,0.0
9024,-93.75,98.159765625,0.0
9025,-93.75,98.59218750000001,0.0
9026,-90.0,98.159765625,0.0
9027,-90.0,98.59218750000001,0.0
9028,-93.75,99.02460937500001,0.0
9029,-93.75,99.45703125,0.0
9030,-90.0,99.02460937500001,0.0
9031,-90.0,99.45703125,0.0
9032,-93.75,99.889453125,0.0
9033,-93.75,100.321875,0.0
9034,-90.0,99.889453125,0.0
9035,-90.0,100.321875,0.0
9036,-93.75,100.754296875,0.0
9037,-93.75,101.18671875,0.0
9038,-90.0,100.754296875,0.0
9039,-90.0,101.18671875,0.0
9040,-93.75,101.619140625,0.0
9041,-93.75,102.0515625,0.0
9042,-90.0,101.619140625,0.0
9043,-90.0,102.0515625,0.0
9044,-93.75,102.483984375,0.0
9045,-93.75,102.91640625,0.0
9046,-90.0,102.483984375,0.0
9047,-90.0,102.91640625,0.0
9048,-93.75,103.348828125,0.0
9049,-93.75,103.78125,0.0
9050,-90.0,103.348828125,0.0
9051,-90.0,103.78125,0.0
9052,-86.25,97.29492187500001,0.0
9053,-86.25,97.72734375000002,0.0
9054,-82.5,97.29492187500001,0.0
9055,-82.5,97.72734375000002,0.0
9056,-86.25,98.159765625,0.0
9057,-86.25,98.59218750000001,0.0
9058,-82.5,98.159765625,0.0
9059,-82.5,98.59218750000001,0.0
9060,-86.25,99.02460937500001,0.0
9061,-86.25,99.45703125,0.0
9062,-82.5,99.02460937500001,0.0
9063,-82.5,99.45703125,0.0
9064,-86.25,99.889453125,0.0
9065,-86.25,100.321875,0.0
9066,-82.5,99.889453125,0.0
9067,-82.5,100.321875,0.0
9068,-86.25,100.754296875,0.0
9069,-86.25,101.18671875,0.0
9070,-82.5,100.754296875,0.0
9071,-82.5,101.18671875,0.0
9072,-86.25,101.619140625,0.0
9073,-86.25,102.0515625,0.0
9074,-82.5,101.619140625,0.0
9075,-82.5,102.0515625,0.0
9076,-86.25,102.483984375,0.0
9077,-86.25,102.91640625,0.0
9078,-82.5,102.483984375,0.0
9079,-82.5,102.91640625,0.0
9080,-86.25,103.348828125,0.0
9081,-86.25,103.78125,0.0
9082,-82.5,103.348828125,0.0
9083,-82.5,103.78125,0.0
9084,-78.75,97.29492187500001,0.0
9085,-78.75,97.72734375000002,0.0
9086,-75.0,97.29492187500001,0.0
9087,-75.0,97.72734375000002,0.0
9088,-78.75,98.159765625,0.0
9089,-78.75,98.59218750000001,0.0
9090,-75.0,98.159765625,0.0
9091,-75.0,98.59218750000001,0.0
9092,-78.75,99.02460937500001,0.0
9093,-78.75,99.45703125,0.0
9094,-75.0,99.02460937500001,0.0
9095,-75.0,99.45703125,0.0
9096,-78.75,99.889453125,0.0
9097,-78.75,100.321875,0.0
9098,-75.0,99.889453125,0.0
9099,-75.0,100.321875,0.0
9100,-78.75,100.754296875,0.0
9101,-78.75,101.18671875,0.0
9102,-75.0,100.754296875,0.0
9103,-75.0,101.18671875,0.0
9104,-78.75,101.619140625,0.0
9105,-78.75,102.0515625,0.0
9106,-75.0,101.619140625,0.0
9107,-75.0,102.0515625,0.0
9108,-78.75,102.483984375,0.0
9109,-78.75,102.91640625,0.0
9110,-75.0,102.483984375,0.0
9111,-75.0,102.91640625,0.0
9112,-78.75,103.348828125,0.0
9113,-78.75,103.78125,0.0
9114,-75.0,103.348828125,0.0
9115,-75.0,103.78125,0.0
9116,-71.25,97.29492187500001,0.0
9117,-71.25,97.72734375000002,0.0
9118,-67.5,97.29492187500001,0.0
9119,-67.5,97.72734375000002,0.0
9120,-71.25,98.159765625,0.0
9121,-71.25,98.59218750000001,0.0
9122,-67.5,98.159765625,0.0
9123,-67.5,98.59218750000001,0.0
9124,-71.25,99.02460937500001,0.0
9125,-71.25,99.45703125,0.0
9126,-67.5,99.02460937500001,0.0
9127,-67.5,99.45703125,0.0
9128,-71.25,99.889453125,0.0
9129,-71.25,100.321875,0.0
9130,-67.5,99.889453125,0.0
9131,-67.5,100.321875,0.0
9132,-71.25,100.754296875,0.0
9133,-71.25,101.18671875,0.0
9134,-67.5,100.754296875,0.0
9135,-67.5,101.18671875,0.0
9136,-71.25,101.619140625,0.0
9137,-71.25,102.0515625,0.0
9138,-67.5,101.619140625,0.0
9139,-67.5,102.0515625,0.0
9140,-71.25,102.483984375,0.0
9141,-71.25,102.91640625,0.0
9142,-67.5,102.483984375,0.0
9143,-67.5,102.91640625,0.0
9144,-71.25,103.348828125,0.0
9145,-71.25,103.78125,0.0
9146,-67.5,103.348828125,0.0
9147,-67.5,103.78125,0.0
9148,-63.75,97.29492187500001,0.0
9149,-63.75,97.72734375000002,0.0
9150,-60.0,97.29492187500001,0.0
9151,-60.0,97.72734375000002,0.0
9152,-63.75,98.159765625,0.0
9153,-63.75,98.59218750000001,0.0
9154,-60.0,98.159765625,0.0
9155,-60.0,98.59218750000001,0.0
9156,-63.75,99.02460937500001,0.0
9157,-63.75,99.45703125,0.0
9158,-60.0,99.02460937500001,0.0
9159,-60.0,99.45703125,0.0
9160,-63.75,99.889453125,0.0
9161,-63.75,100.321875,0.0
9162,-60.0,99.889453125,0.0
9163,-60.0,100.321875,0.0
9164,-63.75,100.754296875,0.0
9165,-63.75,101.18671875,0.0
9166,-60.0,100.754296875,0.0
9167,-60.0,101.18671875,0.0
9168,-63.75,101.619140625,0.0
9169,-63.75,102.0515625,0.0
9170,-60.0,101.619140625,0.0
9171,-60.0,102.0515625,0.0
9172,-63.75,102.483984375,0.0
9173,-63.75,102.91640625,0.0
9174,-60.0,102.483984375,0.0
9175,-60.0,102.91640625,0.0
9176,-63.75,103.348828125,0.0
9177,-63.75,103.78125,0.0
9178,-60.0,103.348828125,0.0
9179,-60.0,103.78125,0.0
9180,-56.25,97.29492187500001,0.0
9181,-56.25,97.72734375000002,0.0
9182,-52.5,97.29492187500001,0.0
9183,-52.5,97.72734375000002,0.0
9184,-56.25,98.159765625,0.0
9185,-56.25,98.59218750000001,0.0
9186,-52.5,98.159765625,0.0
9187,-52.5,98.59218750000001,0.0
9188,-56.25,99.02460937500001,0.0
9189,-56.25,99.45703125,0.0
9190,-52.5,99.02460937500001,0.0
9191,-52.5,99.45703125,0.0
9192,-56.25,99.889453125,0.0
9193,-56.25,100.321875,0.0
9194,-52.5,99.889453125,0.0
9195,-52.5,100.321875,0.0
9196,-56.25,100.754296875,0.0
9197,-56.25,101.18671875,0.0
9198,-52.5,100.754296875,0.0
9199,-52.5,101.18671875,0.0
9200,-56.25,101.619140625,0.0
9201,-56.25,102.0515625,0.0
9202,-52.5,101.619140625,0.0
9203,-52.5,102.0515625,0.0
9204,-56.25,102.483984375,0.0
9205,-56.25,102.91640625,0.0
9206,-52.5,102.483984375,0.0
9207,-52.5,102.91640625,0.0
9208,-56.25,103.348828125,0.0
9209,-56.25,103.78125,0.0
9210,-52.5,103.348828125,0.0
9211,-52.5,103.78125,0.0
9212,-48.75,97.29492187500001,0.0
9213,-48.75,97.72734375000002,0.0
9214,-45.0,97.29492187500001,0.0
9215,-45.0,97.72734375000002,0.0
9216,-48.75,98.159765625,0.0
9217,-48.75,98.59218750000001,0.0
9218,-45.0,98.159765625,0.0
9219,-45.0,98.59218750000001,0.0
9220,-48.75,99.02460937500001,0.0
9221,-48.75,99.45703125,0.0
9222,-45.0,99.02460937500001,0.0
9223,-45.0,99.45703125,0.0
9224,-48.75,99.889453125,0.0
9225,-48.75,100.321875,0.0
9226,-45.0,99.889453125,0.0
9227,-45.0,100.321875,0.0
9228,-48.75,100.754296875,0.0
9229,-48.75,101.18671875,0.0
9230,-45.0,100.754296875,0.0
9231,-45.0,101.18671875,0.0
9232,-48.75,101.619140625,0.0
9233,-48.75,102.0515625,0.0
9234,-45.0,101.619140625,0.0
9235,-45.0,102.0515625,0.0
9236,-48.75,102.483984375,0.0
9237,-48.75,102.91640625,0.0
9238,-45.0,102.483984375,0.0
9239,-45.0,102.91640625,0.0
9240,-48.75,103.348828125,0.0
9241,-48.75,103.78125,0.0
9242,-45.0,103.348828125,0.0
9243,-45.0,103.78125,0.0
9244,-41.25,97.29492187500001,0.0
9245,-41.25,97.72734375000002,0.0
9246,-37.5,97.29492187500001,0.0
9247,-37.5,97.72734375000002,0.0
9248,-41.25,98.159765625,0.0
9249,-41.25,98.59218750000001,0.0
9250,-37.5,98.159765625,0.0
9251,-37.5,98.59218750000001,0.0
9252,-41.25,99.02460937500001,0.0
9253,-41.25,99.45703125,0.0
9254,-37.5,99.02460937500001,0.0
9255,-37.5,99.45703125,0.0
9256,-41.25,99.889453125,0.0
9257,-41.25,100.321875,0.0
9258,-37.5,99.889453125,0.0
9259,-37.5,100.321875,0.0
9260,-41.25,100.754296875,0.0
9261,-41.25,101.18671875,0.0
9262,-37.5,100.754296875,0.0
9263,-37.5,101.18671875,0.0
9264,-41.25,101.619140625,0.0
9265,-41.25,102.0515625,0.0
9266,-37.5,101.619140625,0.0
9267,-37.5,102.0515625,0.0
9268,-41.25,102.483984375,0.0
9269,-41.25,102.91640625,0.0
9270,-37.5,102.483984375,0.0
9271,-37.5,102.91640625,0.0
9272,-41.25,103.348828125,0.0
9273,-41.25,103.78125,0.0
9274,-37.5,103.348828125,0.0
9275,-37.5,103.78125,0.0
9276,-33.75,97.29492187500001,0.0
9277,-33.75,97.72734375000002,0.0
9278,-30.0,97.29492187500001,0.0
9279,-30.0,97.72734375000002,0.0
9280,-33.75,98.159765625,0.0
9281,-33.75,98.59218750000001,0.0
9282,-30.0,98.159765625,0.0
9283,-30.0,98.59218750000001,0.0
9284,-33.75,99.02460937500001,0.0
9285,-33.75,99.45703125,0.0
9286,-30.0,99.02460937500001,0.0
9287,-30.0,99.45703125,0.0
9288,-33.75,99.889453125,0.0
9289,-33.75,100.321875,0.0
9290,-30.0,99.889453125,0.0
9291,-30.0,100.321875,0.0
9292,-33.75,100.754296875,0.0
9293,-33.75,101.18671875,0.0
9294,-30.0,100.754296875,0.0
9295,-30.0,101.18671875,0.0
9296,-33.75,101.619140625,0.0
9297,-33.75,102.0515625,0.0
9298,-30.0,101.619140625,0.0
9299,-30.0,102.0515625,0.0
9300,-33.75,102.483984375,0.0
9301,-33.75,102.91640625,0.0
9302,-30.0,102.483984375,0.0
9303,-30.0,102.91640625,0.0
9304,-33.75,103.348828125,0.0
9305,-33.75,103.78125,0.0
9306,-30.0,103.348828125,0.0
9307,-30.0,103.78125,0.0
9308,-26.25,97.29492187500001,0.0
9309,-26.25,97.72734375000002,0.0
9310,-22.5,97.29492187500001,0.0
9311,-22.5,97.72734375000002,0.0
9312,-26.25,98.159765625,0.0
9313,-26.25,98.59218750000001,0.0
9314,-22.5,98.159765625,0.0
9315,-22.5,98.59218750000001,0.0
9316,-26.25,99.02460937500001,0.0
9317,-26.25,99.45703125,0.0
9318,-22.5,99.02460937500001,0.0
9319,-22.5,99.45703125,0.0
9320,-26.25,99.889453125,0.0
9321,-26.25,100.321875,0.0
9322,-22.5,99.889453125,0.0
9323,-22.5,100.321875,0.0
9324,-26.25,100.754296875,0.0
9325,-26.25,101.18671875,0.0
9326,-22.5,100.754296875,0.0
9327,-22.5,101.18671875,0.0
9328,-26.25,101.619140625,0.0
9329,-26.25,102.0515625,0.0
9330,-22.5,101.619140625,0.0
9331,-22.5,102.0515625,0.0
9332,-26.25,102.483984375,0.0
9333,-26.25,102.91640625,0.0
9334,-22.5,102.483984375,0.0
9335,-22.5,102.91640625,0.0
9336,-26.25,103.348828125,0.0
9337,-26.25,103.78125,0.0
9338,-22.5,103.348828125,0.0
9339,-22.5,103.78125,0.0
9340,-18.75,97.29492187500001,0.0
9341,-18.75,97.72734375000002,0.0
9342,-15.0,97.29492187500001,0.0
9343,-15.0,97.72734375000002,0.0
9344,-18.75,98.159765625,0.0
9345,-18.75,98.59218750000001,0.0
9346,-15.0,98.159765625,0.0
9347,-15.0,98.59218750000001,0.0
9348,-18.75,99.02460937500001,0.0
9349,-18.75,99.45703125,0.0
9350,-15.0,99.02460937500001,0.0
9351,-15.0,99.45703125,0.0
9352,-18.75,99.889453125,0.0
9353,-18.75,100.321875,0.0
9354,-15.0,99.889453125,0.0
9355,-15.0,100.321875,0.0
9356,-18.75,100.754296875,0.0
9357,-18.75,101.18671875,0.0
9358,-15.0,100.754296875,0.0
9359,-15.0,101.18671875,0.0
9360,-18.75,101.619140625,0.0
9361,-18.75,102.0515625,0.0
9362,-15.0,101.619140625,0.0
9363,-15.0,102.0515625,0.0
9364,-18.75,102.483984375,0.0
9365,-18.75,102.91640625,0.0
9366,-15.0,102.483984375,0.0
9367,-15.0,102.91640625,0.0
9368,-18.75,103.348828125,0.0
9369,-18.75,103.78125,0.0
9370,-15.0,103.348828125,0.0
9371,-15.0,103.78125,0.0
9372,-11.25,97.29492187500001,0.0
9373,-11.25,97.72734375000002,0.0
9374,-7.5,97.29492187500001,0.0
9375,-7.5,97.72734375000002,0.0
9376,-11.25,98.159765625,0.0
9377,-11.25,98.59218750000001,0.0
9378,-7.5,98.159765625,0.0
9379,-7.5,98.59218750000001,0.0
9380,-11.25,99.02460937500001,0.0
9381,-11.25,99.45703125,0.0
9382,-7.5,99.02460937500001,0.0
9383,-7.5,99.45703125,0.0
9384,-11.25,99.889453125,0.0
9385,-11.25,100.321875,0.0
9386,-7.5,99.889453125,0.0
9387,-7.5,100.321875,0.0
9388,-11.25,100.754296875,0.0
9389,-11.25,101.18671875,0.0
9390,-7.5,100.754296875,0.0
9391,-7.5,101.18671875,0.0
9392,-11.25,101.619140625,0.0
9393,-11.25,102.0515625,0.0
9394,-7.5,101.619140625,0.0
9395,-7.5,102.0515625,0.0
9396,-11.25,102.483984375,0.0
9397,-11.25,102.91640625,0.0
9398,-7.5,102.483984375,0.0
9399,-7.5,102.91640625,0.0
9400,-11.25,103.348828125,0.0
9401,-11.25,103.78125,0.0
9402,-7.5,103.348828125,0.0
9403,-7.5,103.78125,0.0
9404,-3.75,97.29492187500001,0.0
9405,-3.75,97.72734375000002,0.0
9406,0.0,97.29492187500001,0.0
9407,0.0,97.72734375000002,0.0
9408,-3.75,98.159765625,0.0
9409,-3.75,98.59218750000001,0.0
9410,0.0,98.159765625,0.0
9411,0.0,98.59218750000001,0.0
9412,-3.75,99.02460937500001,0.0
9413,-3.75,99.45703125,0.0
9414,0.0,99.02460937500001,0.0
9415,0.0,99.45703125,0.0
9416,-3.75,99.889453125,0.0
9417,-3.75,100.321875,0.0
9418,0.0,99.889453125,0.0
9419,0.0,100.321875,0.0
9420,-3.75,100.754296875,0.0
9421,-3.75,101.18671875,0.0
9422,0.0,100.754296875,0.0
9423,0.0,101.18671875,0.0
9424,-3.75,101.619140625,0.0
9425,-3.75,102.0515625,0.0
9426,0.0,101.619140625,0.0
9427,0.0,102.0515625,0.0
9428,-3.75,102.483984375,0.0
9429,-3.75,102.91640625,0.0
9430,0.0,102.483984375,0.0
9431,0.0,102.91640625,0.0
9432,-3.75,103.348828125,0.0
9433,-3.75,103.78125,0.0
9434,0.0,103.348828125,0.0
9435,0.0,103.78125,0.0
9436,-116.25,104.213671875,0.0
9437,-120.0,104.213671875,0.0
9438,-116.25,104.64609375,0.0
9439,-120.0,104.64609375,0.0
9440,-112.5,104.213671875,0.0
9441,-112.5,104.64609375,0.0
9442,-116.25,105.078515625,0.0
9443,-120.0,105.078515625,0.0
9444,-116.25,105.5109375,0.0
9445,-120.0,105.5109375,0.0
9446,-112.5,105.078515625,0.0
9447,-112.5,105.5109375,0.0
9448,-116.25,105.943359375,0.0
9449,-120.0,105.943359375,0.0
9450,-116.25,106.37578125,0.0
9451,-120.0,106.37578125,0.0
9452,-112.5,105.943359375,0.0
9453,-112.5,106.37578125,0.0
9454,-116.25,106.808203125,0.0
9455,-120.0,106.808203125,0.0
9456,-116.25,107.240625,0.0
9457,-120.0,107.240625,0.0
9458,-112.5,106.808203125,0.0
9459,-112.5,107.240625,0.0
9460,-108.75,104.213671875,0.0
9461,-108.75,104.64609375,0.0
9462,-105.0,104.213671875,0.0
9463,-105.0,104.64609375,0.0
9464,-108.75,105.078515625,0.0
9465,-108.75,105.5109375,0.0
9466,-105.0,105.078515625,0.0
9467,-105.0,105.5109375,0.0
9468,-108.75,105.943359375,0.0
9469,-108.75,106.37578125,0.0
9470,-105.0,105.943359375,0.0
9471,-105.0,106.37578125,0.0
9472,-108.75,106.808203125,0.0
9473,-108.75,107.240625,0.0
9474,-105.0,106.808203125,0.0
9475,-105.0,107.240625,0.0
9476,-101.25,104.213671875,0.0
9477,-101.25,104.64609375,0.0
9478,-97.5,104.213671875,0.0
9479,-97.5,104.64609375,0.0
9480,-101.25,105.078515625,0.0
9481,-101.25,105.5109375,0.0
9482,-97.5,105.078515625,0.0
9483,-97.5,105.5109375,0.0
9484,-101.25,105.943359375,0.0
9485,-101.25,106.37578125,0.0
9486,-97.5,105.943359375,0.0
9487,-97.5,106.37578125,0.0
9488,-101.25,106.808203125,0.0
9489,-101.25,107.240625,0.0
9490,-97.5,106.808203125,0.0
9491,-97.5,107.240625,0.0
9492,-93.75,104.213671875,0.0
9493,-93.75,104.64609375,0.0
9494,-90.0,104.213671875,0.0
9495,-90.0,104.64609375,0.0
9496,-93.75,105.078515625,0.0
9497,-93.75,105.5109375,0.0
9498,-90.0,105.078515625,0.0
9499,-90.0,105.5109375,0.0
9500,-93.75,105.943359375,0.0
9501,-93.75,106.37578125,0.0
9502,-90.0,105.943359375,0.0
9503,-90.0,106.37578125,0.0
9504,-93.75,106.808203125,0.0
9505,-93.75,107.240625,0.0
9506,-90.0,106.808203125,0.0
9507,-90.0,107.240625,0.0
9508,-86.25,104.213671875,0.0
9509,-86.25,104.64609375,0.0
9510,-82.5,104.213671875,0.0
9511,-82.5,104.64609375,0.0
9512,-86.25,105.078515625,0.0
9513,-86.25,105.5109375,0.0
9514,-82.5,105.078515625,0.0
9515,-82.5,105.5109375,0.0
9516,-86.25,105.943359375,0.0
9517,-86.25,106.37578125,0.0
9518,-82.5,105.943359375,0.0
9519,-82.5,106.37578125,0.0
9520,-86.25,106.808203125,0.0
9521,-86.25,107.240625,0.0
9522,-82.5,106.808203125,0.0
9523,-82.5,107.240625,0.0
9524,-78.75,104.213671875,0.0
9525,-78.75,104.64609375,0.0
9526,-75.0,104.213671875,0.0
9527,-75.0,104.64609375,0.0
9528,-78.75,105.078515625,0.0
9529,-78.75,105.5109375,0.0
9530,-75.0,105.078515625,0.0
9531,-75.0,105.5109375,0.0
9532,-78.75,105.943359375,0.0
9533,-78.75,106.37578125,0.0
9534,-75.0,105.943359375,0.0
9535,-75.0,106.37578125,0.0
9536,-78.75,106.808203125,0.0
9537,-78.75,107.240625,0.0
9538,-75.0,106.808203125,0.0
9539,-75.0,107.240625,0.0
9540,-71.25,104.213671875,0.0
9541,-71.25,104.64609375,0.0
9542,-67.5,104.213671875,0.0
9543,-67.5,104.64609375,0.0
9544,-71.25,105.078515625,0.0
9545,-71.25,105.5109375,0.0
9546,-67.5,105.078515625,0.0
9547,-67.5,105.5109375,0.0
9548,-71.25,105.943359375,0.0
9549,-71.25,106.37578125,0.0
9550,-67.5,105.943359375,0.0
9551,-67.5,106.37578125,0.0
9552,-71.25,106.808203125,0.0
9553,-71.25,107.240625,0.0
9554,-67.5,106.808203125,0.0
9555,-67.5,107.240625,0.0
9556,-63.75,104.213671875,0.0
9557,-63.75,104.64609375,0.0
9558,-60.0,104.213671875,0.0
9559,-60.0,104.64609375,0.0
9560,-63.75,105.078515625,0.0
9561,-63.75,105.5109375,0.0
9562,-60.0,105.078515625,0.0
9563,-60.0,105.5109375,0.0
9564,-63.75,105.943359375,0.0
9565,-63.75,106.37578125,0.0
9566,-60.0,105.943359375,0.0
9567,-60.0,106.37578125,0.0
9568,-63.75,106.808203125,0.0
9569,-63.75,107.240625,0.0
9570,-60.0,106.808203125,0.0
9571,-60.0,107.240625,0.0
9572,-56.25,104.213671875,0.0
9573,-56.25,104.64609375,0.0
9574,-52.5,104.213671875,0.0
9575,-52.5,104.64609375,0.0
9576,-56.25,105.078515625,0.0
9577,-56.25,105.5109375,0.0
9578,-52.5,105.078515625,0.0
9579,-52.5,105.5109375,0.0
9580,-56.25,105.943359375,0.0
9581,-56.25,106.37578125,0.0
9582,-52.5,105.943359375,0.0
9583,-52.5,106.37578125,0.0
9584,-56.25,106.808203125,0.0
9585,-56.25,107.240625,0.0
9586,-52.5,106.808203125,0.0
9587,-52.5,107.240625,0.0
9588,-48.75,104.213671875,0.0
9589,-48.75,104.64609375,0.0
9590,-45.0,104.213671875,0.0
9591,-45.0,104.64609375,0.0
9592,-48.75,105.078515625,0.0
9593,-48.75,105.5109375,0.0
9594,-45.0,105.078515625,0.0
9595,-45.0,105.5109375,0.0
9596,-48.75,105.943359375,0.0
9597,-48.75,106.37578125,0.0
9598,-45.0,105.943359375,0.0
9599,-45.0,106.37578125,0.0
9600,-48.75,106.808203125,0.0
9601,-48.75,107.240625,0.0
9602,-45.0,106.808203125,0.0
9603,-45.0,107.240625,0.0
9604,-41.25,104.213671875,0.0
9605,-41.25,104.64609375,0.0
9606,-37.5,104.213671875,0.0
9607,-37.5,104.64609375,0.0
9608,-41.25,105.078515625,0.0
9609,-41.25,105.5109375,0.0
9610,-37.5,105.078515625,0.0
9611,-37.5,105.5109375,0.0
9612,-41.25,105.943359375,0.0
9613,-41.25,106.37578125,0.0
9614,-37.5,105.943359375,0.0
9615,-37.5,106.37578125,0.0
9616,-41.25,106.808203125,0.0
9617,-41.25,107.240625,0.0
9618,-37.5,106.808203125,0.0
9619,-37.5,107.240625,0.0
9620,-33.75,104.213671875,0.0
9621,-33.75,104.64609375,0.0
9622,-30.0,104.213671875,0.0
9623,-30.0,104.64609375,0.0
9624,-33.75,105.078515625,0.0
9625,-33.75,105.5109375,0.0
9626,-30.0,105.078515625,0.0
9627,-30.0,105.5109375,0.0
9628,-33.75,105.943359375,0.0
9629,-33.75,106.37578125,0.0
9630,-30.0,105.943359375,0.0
9631,-30.0,106.37578125,0.0
9632,-33.75,106.808203125,0.0
9633,-33.75,107.240625,0.0
9634,-30.0,106.808203125,0.0
9635,-30.0,107.240625,0.0
9636,-26.25,104.213671875,0.0
9637,-26.25,104.64609375,0.0
9638,-22.5,104.213671875,0.0
9639,-22.5,104.64609375,0.0
9640,-26.25,105.078515625,0.0
9641,-26.25,105.5109375,0.0
9642,-22.5,105.078515625,0.0
9643,-22.5,105.5109375,0.0
9644,-26.25,105.943359375,0.0
9645,-26.25,106.37578125,0.0
9646,-22.5,105.943359375,0.0
9647,-22.5,106.37578125,0.0
9648,-26.25,106.808203125,0.0
9649,-26.25,107.240625,0.0
9650,-22.5,106.808203125,0.0
9651,-22.5,107.240625,0.0
9652,-18.75,104.213671875,0.0
9653,-18.75,104.64609375,0.0
9654,-15.0,104.213671875,0.0
9655,-15.0,104.64609375,0.0
9656,-18.75,105.078515625,0.0
9657,-18.75,105.5109375,0.0
9658,-15.0,105.078515625,0.0
9659,-15.0,105.5109375,0.0
9660,-18.75,105.943359375,0.0
9661,-18.75,106.37578125,0.0
9662,-15.0,105.943359375,0.0
9663,-15.0,106.37578125,0.0
9664,-18.75,106.808203125,0.0
9665,-18.75,107.240625,0.0
9666,-15.0,106.808203125,0.0
9667,-15.0,107.240625,0.0
9668,-11.25,104.213671875,0.0
9669,-11.25,104.64609375,0.0
9670,-7.5,104.213671875,0.0
9671,-7.5,104.64609375,0.0
9672,-11.25,105.078515625,0.0
9673,-11.25,105.5109375,0.0
9674,-7.5,105.078515625,0.0
9675,-7.5,105.5109375,0.0
9676,-11.25,105.943359375,0.0
9677,-11.25,106.37578125,0.0
9678,-7.5,105.943359375,0.0
9679,-7.5,106.37578125,0.0
9680,-11.25,106.808203125,0.0
9681,-11.25,107.240625,0.0
9682,-7.5,106.808203125,0.0
9683,-7.5,107.240625,0.0
9684,-3.75,104.213671875,0.0
9685,-3.75,104.64609375,0.0
9686,0.0,104.213671875,0.0
9687,0.0,104.64609375,0.0
9688,-3.75,105.078515625,0.0
9689,-3.75,105.5109375,0.0
9690,0.0,105.078515625,0.0
9691,0.0,105.5109375,0.0
9692,-3.75,105.943359375,0.0
9693,-3.75,106.37578125,0.0
9694,0.0,105.943359375,0.0
9695,0.0,106.37578125,0.0
9696,-3.75,106.808203125,0.0
9697,-3.75,107.240625,0.0
9698,0.0,106.808203125,0.0
9699,0.0,107.240625,0.0
9700,-116.25,107.673046875,0.0
9701,-120.0,107.673046875,0.0
9702,-116.25,108.10546875,0.0
9703,-120.0,108.10546875,0.0
9704,-112.5,107.673046875,0.0
9705,-112.5,108.10546875,0.0
9706,-116.25,108.537890625,0.0
9707,-120.0,108.537890625,0.0
9708,-116.25,108.9703125,0.0
9709,-120.0,108.9703125,0.0
9710,-112.5,108.537890625,0.0
9711,-112.5,108.9703125,0.0
9712,-108.75,107.673046875,0.0
9713,-108.75,108.10546875,0.0
9714,-105.0,107.673046875,0.0
9715,-105.0,108.10546875,0.0
9716,-108.75,108.537890625,0.0
9717,-108.75,108.9703125,0.0
9718,-105.0,108.537890625,0.0
9719,-105.0,108.9703125,0.0
9720,-101.25,107.673046875,0.0
9721,-101.25,108.10546875,0.0
9722,-97.5,107.673046875,0.0
9723,-97.5,108.10546875,0.0
9724,-101.25,108.537890625,0.0
9725,-101.25,108.9703125,0.0
9726,-97.5,108.537890625,0.0
9727,-97.5,108.9703125,0.0
9728,-93.75,107.673046875,0.0
9729,-93.75,108.10546875,0.0
9730,-90.0,107.673046875,0.0
9731,-90.0,108.10546875,0.0
9732,-93.75,108.537890625,0.0
9733,-93.75,108.9703125,0.0
9734,-90.0,108.537890625,0.0
9735,-90.0,108.9703125,0.0
9736,-86.25,107.673046875,0.0
9737,-86.25,108.10546875,0.0
9738,-82.5,107.673046875,0.0
9739,-82.5,108.10546875,0.0
9740,-86.25,108.537890625,0.0
9741,-86.25,108.9703125,0.0
9742,-82.5,108.537890625,0.0
9743,-82.5,108.9703125,0.0
9744,-78.75,107.673046875,0.0
9745,-78.75,108.10546875,0.0
9746,-75.0,107.673046875,0.0
9747,-75.0,108.10546875,0.0
9748,-78.75,108.537890625,0.0
9749,-78.75,108.9703125,0.0
9750,-75.0,108.537890625,0.0
9751,-75.0,108.9703125,0.0
9752,-71.25,107.673046875,0.0
9753,-71.25,108.10546875,0.0
9754,-67.5,107.673046875,0.0
9755,-67.5,108.10546875,0.0
9756,-71.25,108.537890625,0.0
9757,-71.25,108.9703125,0.0
9758,-67.5,108.537890625,0.0
9759,-67.5,108.9703125,0.0
9760,-63.75,107.673046875,0.0
9761,-63.75,108.10546875,0.0
9762,-60.0,107.673046875,0.0
9763,-60.0,108.10546875,0.0
9764,-63.75,108.537890625,0.0
9765,-63.75,108.9703125,0.0
9766,-60.0,108.537890625,0.0
9767,-60.0,108.9703125,0.0
9768,-56.25,107.673046875,0.0
9769,-56.25,108.10546875,0.0
9770,-52.5,107.673046875,0.0
9771,-52.5,108.10546875,0.0
9772,-56.25,108.537890625,0.0
9773,-56.25,108.9703125,0.0
9774,-52.5,108.537890625,0.0
9775,-52.5,108.9703125,0.0
9776,-48.75,107.673046875,0.0
9777,-48.75,108.10546875,0.0
9778,-45.0,107.673046875,0.0
9779,-45.0,108.10546875,0.0
9780,-48.75,108.537890625,0.0
9781,-48.75,108.9703125,0.0
9782,-45.0,108.537890625,0.0
9783,-45.0,108.9703125,0.0
9784,-41.25,107.673046875,0.0
9785,-41.25,108.10546875,0.0
9786,-37.5,107.673046875,0.0
9787,-37.5,108.10546875,0.0
9788,-41.25,108.537890625,0.0
9789,-41.25,108.9703125,0.0
9790,-37.5,108.537890625,0.0
9791,-37.5,108.9703125,0.0
9792,-33.75,107.673046875,0.0
9793,-33.75,108.10546875,0.0
9794,-30.0,107.673046875,0.0
9795,-30.0,108.10546875,0.0
9796,-33.75,108.537890625,0.0
9797,-33.75,108.9703125,0.0
9798,-30.0,108.537890625,0.0
9799,-30.0,108.9703125,0.0
9800,-26.25,107.673046875,0.0
9801,-26.25,108.10546875,0.0
9802,-22.5,107.673046875,0.0
9803,-22.5,108.10546875,0.0
9804,-26.25,108.537890625,0.0
9805,-26.25,108.9703125,0.0
9806,-22.5,108.537890625,0.0
9807,-22.5,108.9703125,0.0
9808,-18.75,107.673046875,0.0
9809,-18.75,108.10546875,0.0
9810,-15.0,107.673046875,0.0
9811,-15.0,108.10546875,0.0
9812,-18.75,108.537890625,0.0
9813,-18.75,108.9703125,0.0
9814,-15.0,108.537890625,0.0
9815,-15.0,108.9703125,0.0
9816,-11.25,107.673046875,0.0
9817,-11.25,108.10546875,0.0
9818,-7.5,107.673046875,0.0
9819,-7.5,108.10546875,0.0
9820,-11.25,108.537890625,0.0
9821,-11.25,108.9703125,0.0
9822,-7.5,108.537890625,0.0
9823,-7.5,108.9703125,0.0
9824,-3.75,107.673046875,0.0
9825,-3.75,108.10546875,0.0
9826,0.0,107.673046875,0.0
9827,0.0,108.10546875,0.0
9828,-3.75,108.537890625,0.0
9829,-3.75,108.9703125,0.0
9830,0.0,108.537890625,0.0
9831,0.0,108.9703125,0.0
9832,-116.25,109.402734375,0.0
9833,-120.0,109.402734375,0.0
9834,-112.5,109.402734375,0.0
9835,-116.25,109.6189453125,0.0
9836,-120.0,109.6189453125,0.0
9837,-112.5,109.6189453125,0.0
9838,-116.25,109.83515625,0.0
9839,-120.0,109.83515625,0.0
9840,-112.5,109.83515625,0.0
9841,-108.75,109.402734375,0.0
9842,-105.0,109.402734375,0.0
9843,-108.75,109.6189453125,0.0
9844,-105.0,109.6189453125,0.0
9845,-108.75,109.83515625,0.0
9846,-105.0,109.83515625,0.0
9847,-101.25,109.402734375,0.0
9848,-97.5,109.402734375,0.0
9849,-101.25,109.6189453125,0.0
9850,-97.5,109.6189453125,0.0
9851,-101.25,109.83515625,0.0
9852,-97.5,109.83515625,0.0
9853,-93.75,109.402734375,0.0
9854,-90.0,109.402734375,0.0
9855,-93.75,109.6189453125,0.0
9856,-90.0,109.6189453125,0.0
9857,-93.75,109.83515625,0.0
9858,-90.0,109.83515625,0.0
9859,-86.25,109.402734375,0.0
9860,-82.5,109.402734375,0.0
9861,-86.25,109.6189453125,0.0
9862,-82.5,109.6189453125,0.0
9863,-86.25,109.83515625,0.0
9864,-82.5,109.83515625,0.0
9865,-78.75,109.402734375,0.0
9866,-75.0,109.402734375,0.0
9867,-78.75,109.6189453125,0.0
9868,-75.0,109.6189453125,0.0
9869,-78.75,109.83515625,0.0
9870,-75.0,109.83515625,0.0
9871,-71.25,109.402734375,0.0
9872,-67.5,109.402734375,0.0
9873,-71.25,109.6189453125,0.0
9874,-67.5,109.6189453125,0.0
9875,-71.25,109.83515625,0.0
9876,-67.5,109.83515625,0.0
9877,-63.75,109.402734375,0.0
9878,-60.0,109.402734375,0.0
9879,-63.75,109.6189453125,0.0
9880,-60.0,109.6189453125,0.0
9881,-63.75,109.83515625,0.0
9882,-60.0,109.83515625,0.0
9883,-56.25,109.402734375,0.0
9884,-52.5,109.402734375,0.0
9885,-56.25,109.6189453125,0.0
9886,-52.5,109.6189453125,0.0
9887,-56.25,109.83515625,0.0
9888,-52.5,109.83515625,0.0
9889,-48.75,109.402734375,0.0
9890,-45.0,109.402734375,0.0
9891,-48.75,109.6189453125,0.0
9892,-45.0,109.6189453125,0.0
9893,-48.75,109.83515625,0.0
9894,-45.0,109.83515625,0.0
9895,-41.25,109.402734375,0.0
9896,-37.5,109.402734375,0.0
9897,-41.25,109.6189453125,0.0
9898,-37.5,109.6189453125,0.0
9899,-41.25,109.83515625,0.0
9900,-37.5,109.83515625,0.0
9901,-33.75,109.402734375,0.0
9902,-30.0,109.402734375,0.0
9903,-33.75,109.6189453125,0.0
9904,-30.0,109.6189453125,0.0
9905,-33.75,109.83515625,0.0
9906,-30.0,109.83515625,0.0
9907,-26.25,109.402734375,0.0
9908,-22.5,109.402734375,0.0
9909,-26.25,109.6189453125,0.0
9910,-22.5,109.6189453125,0.0
9911,-26.25,109.83515625,0.0
9912,-22.5,109.83515625,0.0
9913,-18.75,109.402734375,0.0
9914,-15.0,109.402734375,0.0
9915,-18.75,109.6189453125,0.0
9916,-15.0,109.6189453125,0.0
9917,-18.75,109.83515625,0.0
9918,-15.0,109.83515625,0.0
9919,-11.25,109.402734375,0.0
9920,-7.5,109.402734375,0.0
9921,-11.25,109.6189453125,0.0
9922,-7.5,109.6189453125,0.0
9923,-11.25,109.83515625,0.0
9924,-7.5,109.83515625,0.0
9925,-3.75,109.402734375,0.0
9926,0.0,109.402734375,0.0
9927,-3.75,109.6189453125,0.0
9928,0.0,109.6189453125,0.0
9929,-3.75,109.83515625,0.0
9930,0.0,109.83515625,0.0
9931,-116.25,109.94326171875,0.0
9932,-120.0,109.94326171875,0.0
9933,-112.5,109.94326171875,0.0
9934,-116.25,109.997314453125,0.0
9935,-120.0,109.997314453125,0.0
9936,-112.5,109.997314453125,0.0
9937,-116.25,110.0513671875,0.0
9938,-120.0,110.0513671875,0.0
9939,-112.5,110.0513671875,0.0
9940,-108.75,109.94326171875,0.0
9941,-105.0,109.94326171875,0.0
9942,-108.75,109.997314453125,0.0
9943,-105.0,109.997314453125,0.0
9944,-108.75,110.0513671875,0.0
9945,-105.0,110.0513671875,0.0
9946,-101.25,109.94326171875,0.0
9947,-97.5,109.94326171875,0.0
9948,-101.25,109.997314453125,0.0
9949,-97.5,109.997314453125,0.0
9950,-101.25,110.0513671875,0.0
9951,-97.5,110.0513671875,0.0
9952,-93.75,109.94326171875,0.0
9953,-90.0,109.94326171875,0.0
9954,-93.75,109.997314453125,0.0
9955,-90.0,109.997314453125,0.0
9956,-93.75,110.0513671875,0.0
9957,-90.0,110.0513671875,0.0
9958,-86.25,109.94326171875,0.0
9959,-82.5,109.94326171875,0.0
9960,-86.25,109.997314453125,0.0
9961,-82.5,109.997314453125,0.0
9962,-86.25,110.0513671875,0.0
9963,-82.5,110.0513671875,0.0
9964,-78.75,109.94326171875,0.0
9965,-75.0,109.94326171875,0.0
9966,-78.75,109.997314453125,0.0
9967,-75.0,109.997314453125,0.0
9968,-78.75,110.0513671875,0.0
9969,-75.0,110.0513671875,0.0
9970,-71.25,109.94326171875,0.0
9971,-67.5,109.94326171875,0.0
9972,-71.25,109.997314453125,0.0
9973,-67.5,109.997314453125,0.0
9974,-71.25,110.0513671875,0.0
9975,-67.5,110.0513671875,0.0
9976,-63.75,109.94326171875,0.0
9977,-60.0,109.94326171875,0.0
9978,-63.75,109.997314453125,0.0
9979,-60.0,109.997314453125,0.0
9980,-63.75,110.0513671875,0.0
9981,-60.0,110.0513671875,0.0
9982,-116.25,110.0783935546875,0.0
9983,-120.0,110.0783935546875,0.0
9984,-112.5,110.0783935546875,0.0
9985,-116.25,110.0919067382813,0.0
9986,-120.0,110.0919067382813,0.0
9987,-112.5,110.0919067382813,0.0
9988,-116.25,110.0986633300781,0.0
9989,-120.0,110.0986633300781,0.0
9990,-116.25,110.105419921875,0.0
9991,-120.0,110.105419921875,0.0
9992,-112.5,110.0986633300781,0.0
9993,-112.5,110.105419921875,0.0
9994,-116.25,110.1121765136719,0.0
9995,-120.0,110.1121765136719,0.0
9996,-116.25,110.1189331054688,0.0
9997,-120.0,110.1189331054688,0.0
9998,-112.5,110.1121765136719,0.0
9999,-112.5,110.1189331054688,0.0
10000,-116.25,110.1256896972656,0.0
10001,-120.0,110.1256896972656,0.0
10002,-116.25,110.1324462890625,0.0
10003,-120.0,110.1324462890625,0.0
10004,-112.5,110.1256896972656,0.0
10005,-112.5,110.1324462890625,0.0
10006,-116.25,110.1392028808594,0.0
10007,-120.0,110.1392028808594,0.0
10008,-116.25,110.1459594726562,0.0
10009,-120.0,110.1459594726562,0.0
10010,-112.5,110.1392028808594,0.0
10011,-112.5,110.1459594726562,0.0
10012,-116.25,110.1527160644531,0.0
10013,-120.0,110.1527160644531,0.0
10014,-116.25,110.15947265625,0.0
10015,-120.0,110.15947265625,0.0
10016,-112.5,110.1527160644531,0.0
10017,-112.5,110.15947265625,0.0
10018,-108.75,110.0783935546875,0.0
10019,-105.0,110.0783935546875,0.0
10020,-108.75,110.0919067382813,0.0
10021,-105.0,110.0919067382813,0.0
10022,-108.75,110.0986633300781,0.0
10023,-108.75,110.105419921875,0.0
10024,-105.0,110.0986633300781,0.0
10025,-105.0,110.105419921875,0.0
10026,-108.75,110.1121765136719,0.0
10027,-108.75,110.1189331054688,0.0
10028,-105.0,110.1121765136719,0.0
10029,-105.0,110.1189331054688,0.0
10030,-108.75,110.1256896972656,0.0
10031,-108.75,110.1324462890625,0.0
10032,-105.0,110.1256896972656,0.0
10033,-105.0,110.1324462890625,0.0
10034,-108.75,110.1392028808594,0.0
10035,-108.75,110.1459594726562,0.0
10036,-105.0,110.1392028808594,0.0
10037,-105.0,110.1459594726562,0.0
10038,-108.75,110.1527160644531,0.0
10039,-108.75,110.15947265625,0.0
10040,-105.0,110.1527160644531,0.0
10041,-105.0,110.15947265625,0.0
10042,-101.25,110.0783935546875,0.0
10043,-97.5,110.0783935546875,0.0
10044,-101.25,110.0919067382813,0.0
10045,-97.5,110.0919067382813,0.0
10046,-101.25,110.0986633300781,0.0
10047,-101.25,110.105419921875,0.0
10048,-97.5,110.0986633300781,0.0
10049,-97.5,110.105419921875,0.0
10050,-101.25,110.1121765136719,0.0
10051,-101.25,110.1189331054688,0.0
10052,-97.5,110.1121765136719,0.0
10053,-97.5,110.1189331054688,0.0
10054,-101.25,110.1256896972656,0.0
10055,-101.25,110.1324462890625,0.0
10056,-97.5,110.1256896972656,0.0
10057,-97.5,110.1324462890625,0.0
10058,-101.25,110.1392028808594,0.0
10059,-101.25,110.1459594726562,0.0
10060,-97.5,110.1392028808594,0.0
10061,-97.5,110.1459594726562,0.0
10062,-101.25,110.1527160644531,0.0
10063,-101.25,110.15947265625,0.0
10064,-97.5,110.1527160644531,0.0
10065,-97.5,110.15947265625,0.0
10066,-93.75,110.0783935546875,0.0
10067,-90.0,110.0783935546875,0.0
10068,-93.75,110.0919067382813,0.0
10069,-90.0,110.0919067382813,0.0
10070,-93.75,110.0986633300781,0.0
10071,-93.75,110.105419921875,0.0
10072,-90.0,110.0986633300781,0.0
10073,-90.0,110.105419921875,0.0
10074,-93.75,110.1121765136719,0.0
10075,-93.75,110.1189331054688,0.0
10076,-90.0,110.1121765136719,0.0
10077,-90.0,110.1189331054688,0.0
10078,-93.75,110.1256896972656,0.0
10079,-93.75,110.1324462890625,0.0
10080,-90.0,110.1256896972656,0.0
10081,-90.0,110.1324462890625,0.0
10082,-93.75,110.1392028808594,0.0
10083,-93.75,110.1459594726562,0.0
10084,-90.0,110.1392028808594,0.0
10085,-90.0,110.1459594726562,0.0
10086,-93.75,110.1527160644531,0.0
10087,-93.75,110.15947265625,0.0
10088,-90.0,110.1527160644531,0.0
10089,-90.0,110.15947265625,0.0
10090,-86.25,110.0783935546875,0.0
10091,-82.5,110.0783935546875,0.0
10092,-86.25,110.0919067382813,0.0
10093,-82.5,110.0919067382813,0.0
10094,-86.25,110.0986633300781,0.0
10095,-86.25,110.105419921875,0.0
10096,-82.5,110.0986633300781,0.0
10097,-82.5,110.105419921875,0.0
10098,-86.25,110.1121765136719,0.0
10099,-86.25,110.1189331054688,0.0
10100,-82.5,110.1121765136719,0.0
10101,-82.5,110.1189331054688,0.0
10102,-86.25,110.1256896972656,0.0
10103,-86.25,110.1324462890625,0.0
10104,-82.5,110.1256896972656,0.0
10105,-82.5,110.1324462890625,0.0
10106,-86.25,110.1392028808594,0.0
10107,-86.25,110.1459594726562,0.0
10108,-82.5,110.1392028808594,0.0
10109,-82.5,110.1459594726562,0.0
10110,-86.25,110.1527160644531,0.0
10111,-86.25,110.15947265625,0.0
10112,-82.5,110.1527160644531,0.0
10113,-82.5,110.15947265625,0.0
10114,-78.75,110.0783935546875,0.0
10115,-75.0,110.0783935546875,0.0
10116,-78.75,110.0919067382813,0.0
10117,-75.0,110.0919067382813,0.0
10118,-78.75,110.0986633300781,0.0
10119,-78.75,110.105419921875,0.0
10120,-75.0,110.0986633300781,0.0
10121,-75.0,110.105419921875,0.0
10122,-78.75,110.1121765136719,0.0
10123,-78.75,110.1189331054688,0.0
10124,-75.0,110.1121765136719,0.0
10125,-75.0,110.1189331054688,0.0
10126,-78.75,110.1256896972656,0.0
10127,-78.75,110.1324462890625,0.0
10128,-75.0,110.1256896972656,0.0
10129,-75.0,110.1324462890625,0.0
10130,-78.75,110.1392028808594,0.0
10131,-78.75,110.1459594726562,0.0
10132,-75.0,110.1392028808594,0.0
10133,-75.0,110.1459594726562,0.0
10134,-78.75,110.1527160644531,0.0
10135,-78.75,110.15947265625,0.0
10136,-75.0,110.1527160644531,0.0
10137,-75.0,110.15947265625,0.0
10138,-71.25,110.0783935546875,0.0
10139,-67.5,110.0783935546875,0.0
10140,-71.25,110.0919067382813,0.0
10141,-67.5,110.0919067382813,0.0
10142,-71.25,110.0986633300781,0.0
10143,-71.25,110.105419921875,0.0
10144,-67.5,110.0986633300781,0.0
10145,-67.5,110.105419921875,0.0
10146,-71.25,110.1121765136719,0.0
10147,-71.25,110.1189331054688,0.0
10148,-67.5,110.1121765136719,0.0
10149,-67.5,110.1189331054688,0.0
10150,-71.25,110.1256896972656,0.0
10151,-71.25,110.1324462890625,0.0
10152,-67.5,110.1256896972656,0.0
10153,-67.5,110.1324462890625,0.0
10154,-71.25,110.1392028808594,0.0
10155,-71.25,110.1459594726562,0.0
10156,-67.5,110.1392028808594,0.0
10157,-67.5,110.1459594726562,0.0
10158,-71.25,110.1527160644531,0.0
10159,-71.25,110.15947265625,0.0
10160,-67.5,110.1527160644531,0.0
10161,-67.5,110.15947265625,0.0
10162,-63.75,110.0783935546875,0.0
10163,-60.0,110.0783935546875,0.0
10164,-63.75,110.0919067382813,0.0
10165,-60.0,110.0919067382813,0.0
10166,-63.75,110.0986633300781,0.0
10167,-63.75,110.105419921875,0.0
10168,-60.0,110.0986633300781,0.0
10169,-60.0,110.105419921875,0.0
10170,-63.75,110.1121765136719,0.0
10171,-63.75,110.1189331054688,0.0
10172,-60.0,110.1121765136719,0.0
10173,-60.0,110.1189331054688,0.0
10174,-63.75,110.1256896972656,0.0
10175,-63.75,110.1324462890625,0.0
10176,-60.0,110.1256896972656,0.0
10177,-60.0,110.1324462890625,0.0
10178,-63.75,110.1392028808594,0.0
10179,-63.75,110.1459594726562,0.0
10180,-60.0,110.1392028808594,0.0
10181,-60.0,110.1459594726562,0.0
10182,-63.75,110.1527160644531,0.0
10183,-63.75,110.15947265625,0.0
10184,-60.0,110.1527160644531,0.0
10185,-60.0,110.15947265625,0.0
10186,-116.25,110.1662292480469,0.0
10187,-120.0,110.1662292480469,0.0
10188,-116.25,110.1729858398438,0.0
10189,-120.0,110.1729858398438,0.0
10190,-112.5,110.1662292480469,0.0
10191,-112.5,110.1729858398438,0.0
10192,-116.25,110.1797424316406,0.0
10193,-120.0,110.1797424316406,0.0
10194,-116.25,110.1864990234375,0.0
10195,-120.0,110.1864990234375,0.0
10196,-112.5,110.1797424316406,0.0
10197,-112.5,110.1864990234375,0.0
10198,-108.75,110.1662292480469,0.0
10199,-108.75,110.1729858398438,0.0
10200,-105.0,110.1662292480469,0.0
10201,-105.0,110.1729858398438,0.0
10202,-108.75,110.1797424316406,0.0
10203,-108.75,110.1864990234375,0.0
10204,-105.0,110.1797424316406,0.0
10205,-105.0,110.1864990234375,0.0
10206,-101.25,110.1662292480469,0.0
10207,-101.25,110.1729858398438,0.0
10208,-97.5,110.1662292480469,0.0
10209,-97.5,110.1729858398438,0.0
10210,-101.25,110.1797424316406,0.0
10211,-101.25,110.1864990234375,0.0
10212,-97.5,110.1797424316406,0.0
10213,-97.5,110.1864990234375,0.0
10214,-93.75,110.1662292480469,0.0
10215,-93.75,110.1729858398438,0.0
10216,-90.0,110.1662292480469,0.0
10217,-90.0,110.1729858398438,0.0
10218,-93.75,110.1797424316406,0.0
10219,-93.75,110.1864990234375,0.0
10220,-90.0,110.1797424316406,0.0
10221,-90.0,110.1864990234375,0.0
10222,-116.25,110.1932556152344,0.0
10223,-120.0,110.1932556152344,0.0
10224,-112.5,110.1932556152344,0.0
10225,-108.75,110.1932556152344,0.0
10226,-105.0,110.1932556152344,0.0
10227,-101.25,110.1932556152344,0.0
10228,-97.5,110.1932556152344,0.0
10229,-93.75,110.1932556152344,0.0
10230,-90.0,110.1932556152344,0.0
10231,-116.25,110.2067687988281,0.0
10232,-120.0,110.2067687988281,0.0
10233,-112.5,110.2067687988281,0.0
10234,-108.75,110.2067687988281,0.0
10235,-105.0,110.2067687988281,0.0
10236,-116.25,110.213525390625,0.0
10237,-120.0,110.213525390625,0.0
10238,-112.5,110.213525390625,0.0
10239,-108.75,110.213525390625,0.0
10240,-105.0,110.213525390625,0.0
10241,-101.25,110.2067687988281,0.0
10242,-97.5,110.2067687988281,0.0
10243,-101.25,110.213525390625,0.0
10244,-97.5,110.213525390625,0.0
10245,-93.75,110.2067687988281,0.0
10246,-90.0,110.2067687988281,0.0
10247,-93.75,110.213525390625,0.0
10248,-90.0,110.213525390625,0.0
10249,-86.25,110.1662292480469,0.0
10250,-86.25,110.1729858398438,0.0
10251,-82.5,110.1662292480469,0.0
10252,-82.5,110.1729858398438,0.0
10253,-86.25,110.1797424316406,0.0
10254,-86.25,110.1864990234375,0.0
10255,-82.5,110.1797424316406,0.0
10256,-82.5,110.1864990234375,0.0
10257,-78.75,110.1662292480469,0.0
10258,-78.75,110.1729858398438,0.0
10259,-75.0,110.1662292480469,0.0
10260,-75.0,110.1729858398438,0.0
10261,-78.75,110.1797424316406,0.0
10262,-78.75,110.1864990234375,0.0
10263,-75.0,110.1797424316406,0.0
10264,-75.0,110.1864990234375,0.0
10265,-86.25,110.1932556152344,0.0
10266,-82.5,110.1932556152344,0.0
10267,-78.75,110.1932556152344,0.0
10268,-75.0,110.1932556152344,0.0
10269,-86.25,110.2067687988281,0.0
10270,-82.5,110.2067687988281,0.0
10271,-86.25,110.213525390625,0.0
10272,-82.5,110.213525390625,0.0
10273,-78.75,110.2067687988281,0.0
10274,-75.0,110.2067687988281,0.0
10275,-78.75,110.213525390625,0.0
10276,-75.0,110.213525390625,0.0
10277,-71.25,110.1662292480469,0.0
10278,-71.25,110.1729858398438,0.0
10279,-67.5,110.1662292480469,0.0
10280,-67.5,110.1729858398438,0.0
10281,-71.25,110.1797424316406,0.0
10282,-71.25,110.1864990234375,0.0
10283,-67.5,110.1797424316406,0.0
10284,-67.5,110.1864990234375,0.0
10285,-63.75,110.1662292480469,0.0
10286,-63.75,110.1729858398438,0.0
10287,-60.0,110.1662292480469,0.0
10288,-60.0,110.1729858398438,0.0
10289,-63.75,110.1797424316406,0.0
10290,-63.75,110.1864990234375,0.0
10291,-60.0,110.1797424316406,0.0
10292,-60.0,110.1864990234375,0.0
10293,-71.25,110.1932556152344,0.0
10294,-67.5,110.1932556152344,0.0
10295,-63.75,110.1932556152344,0.0
10296,-60.0,110.1932556152344,0.0
10297,-71.25,110.2067687988281,0.0
10298,-67.5,110.2067687988281,0.0
10299,-71.25,110.213525390625,0.0
10300,-67.5,110.213525390625,0.0
10301,-63.75,110.2067687988281,0.0
10302,-60.0,110.2067687988281,0.0
10303,-63.75,110.213525390625,0.0
10304,-60.0,110.213525390625,0.0
10305,-116.25,110.2202819824219,0.0
10306,-120.0,110.2202819824219,0.0
10307,-112.5,110.2202819824219,0.0
10308,-108.75,110.2202819824219,0.0
10309,-105.0,110.2202819824219,0.0
10310,-101.25,110.2202819824219,0.0
10311,-97.5,110.2202819824219,0.0
10312,-93.75,110.2202819824219,0.0
10313,-90.0,110.2202819824219,0.0
10314,-116.25,110.2270385742187,0.0
10315,-120.0,110.2270385742187,0.0
10316,-112.5,110.2270385742187,0.0
10317,-108.75,110.2270385742187,0.0
10318,-105.0,110.2270385742187,0.0
10319,-101.25,110.2270385742187,0.0
10320,-97.5,110.2270385742187,0.0
10321,-93.75,110.2270385742187,0.0
10322,-90.0,110.2270385742187,0.0
10323,-116.25,110.2337951660156,0.0
10324,-120.0,110.2337951660156,0.0
10325,-112.5,110.2337951660156,0.0
10326,-108.75,110.2337951660156,0.0
10327,-105.0,110.2337951660156,0.0
10328,-101.25,110.2337951660156,0.0
10329,-97.5,110.2337951660156,0.0
10330,-93.75,110.2337951660156,0.0
10331,-90.0,110.2337951660156,0.0
10332,-116.25,110.2405517578125,0.0
10333,-120.0,110.2405517578125,0.0
10334,-112.5,110.2405517578125,0.0
10335,-108.75,110.2405517578125,0.0
10336,-105.0,110.2405517578125,0.0
10337,-101.25,110.2405517578125,0.0
10338,-97.5,110.2405517578125,0.0
10339,-93.75,110.2405517578125,0.0
10340,-90.0,110.2405517578125,0.0
10341,-86.25,110.2202819824219,0.0
10342,-82.5,110.2202819824219,0.0
10343,-78.75,110.2202819824219,0.0
10344,-75.0,110.2202819824219,0.0
10345,-86.25,110.2270385742187,0.0
10346,-82.5,110.2270385742187,0.0
10347,-78.75,110.2270385742187,0.0
10348,-75.0,110.2270385742187,0.0
10349,-86.25,110.2337951660156,0.0
10350,-82.5,110.2337951660156,0.0
10351,-78.75,110.2337951660156,0.0
10352,-75.0,110.2337951660156,0.0
10353,-86.25,110.2405517578125,0.0
10354,-82.5,110.2405517578125,0.0
10355,-78.75,110.2405517578125,0.0
10356,-75.0,110.2405517578125,0.0
10357,-71.25,110.2202819824219,0.0
10358,-67.5,110.2202819824219,0.0
10359,-71.25,110.2270385742187,0.0
10360,-67.5,110.2270385742187,0.0
10361,-63.75,110.2202819824219,0.0
10362,-60.0,110.2202819824219,0.0
10363,-63.75,110.2270385742187,0.0
10364,-60.0,110.2270385742187,0.0
10365,-71.25,110.2337951660156,0.0
10366,-67.5,110.2337951660156,0.0
10367,-71.25,110.2405517578125,0.0
10368,-67.5,110.2405517578125,0.0
10369,-63.75,110.2337951660156,0.0
10370,-60.0,110.2337951660156,0.0
10371,-63.75,110.2405517578125,0.0
10372,-60.0,110.2405517578125,0.0
10373,-116.25,110.2473083496094,0.0
10374,-120.0,110.2473083496094,0.0
10375,-112.5,110.2473083496094,0.0
10376,-108.75,110.2473083496094,0.0
10377,-105.0,110.2473083496094,0.0
10378,-101.25,110.2473083496094,0.0
10379,-97.5,110.2473083496094,0.0
10380,-93.75,110.2473083496094,0.0
10381,-90.0,110.2473083496094,0.0
10382,-116.25,110.2540649414063,0.0
10383,-120.0,110.2540649414063,0.0
10384,-112.5,110.2540649414063,0.0
10385,-108.75,110.2540649414063,0.0
10386,-105.0,110.2540649414063,0.0
10387,-101.25,110.2540649414063,0.0
10388,-97.5,110.2540649414063,0.0
10389,-93.75,110.2540649414063,0.0
10390,-90.0,110.2540649414063,0.0
10391,-86.25,110.2473083496094,0.0
10392,-82.5,110.2473083496094,0.0
10393,-78.75,110.2473083496094,0.0
10394,-75.0,110.2473083496094,0.0
10395,-86.25,110.2540649414063,0.0
10396,-82.5,110.2540649414063,0.0
10397,-78.75,110.2540649414063,0.0
10398,-75.0,110.2540649414063,0.0
10399,-71.25,110.2473083496094,0.0
10400,-67.5,110.2473083496094,0.0
10401,-71.25,110.2540649414063,0.0
10402,-67.5,110.2540649414063,0.0
10403,-63.75,110.2473083496094,0.0
10404,-60.0,110.2473083496094,0.0
10405,-63.75,110.2540649414063,0.0
10406,-60.0,110.2540649414063,0.0
10407,-116.25,110.2608215332031,0.0
10408,-120.0,110.2608215332031,0.0
10409,-112.5,110.2608215332031,0.0
10410,-108.75,110.2608215332031,0.0
10411,-105.0,110.2608215332031,0.0
10412,-101.25,110.2608215332031,0.0
10413,-97.5,110.2608215332031,0.0
10414,-93.75,110.2608215332031,0.0
10415,-90.0,110.2608215332031,0.0
10416,-116.25,110.267578125,0.0
10417,-120.0,110.267578125,0.0
10418,-112.5,110.267578125,0.0
10419,-108.75,110.267578125,0.0
10420,-105.0,110.267578125,0.0
10421,-101.25,110.267578125,0.0
10422,-97.5,110.267578125,0.0
10423,-93.75,110.267578125,0.0
10424,-90.0,110.267578125,0.0
10425,-86.25,110.2608215332031,0.0
10426,-82.5,110.2608215332031,0.0
10427,-78.75,110.2608215332031,0.0
10428,-75.0,110.2608215332031,0.0
10429,-86.25,110.267578125,0.0
10430,-82.5,110.267578125,0.0
10431,-78.75,110.267578125,0.0
10432,-75.0,110.267578125,0.0
10433,-71.25,110.2608215332031,0.0
10434,-67.5,110.2608215332031,0.0
10435,-71.25,110.267578125,0.0
10436,-67.5,110.267578125,0.0
10437,-63.75,110.2608215332031,0.0
10438,-60.0,110.2608215332031,0.0
10439,-63.75,110.267578125,0.0
10440,-60.0,110.267578125,0.0
10441,-56.25,109.94326171875,0.0
10442,-52.5,109.94326171875,0.0
10443,-56.25,109.997314453125,0.0
10444,-52.5,109.997314453125,0.0
10445,-56.25,110.0513671875,0.0
10446,-52.5,110.0513671875,0.0
10447,-48.75,109.94326171875,0.0
10448,-45.0,109.94326171875,0.0
10449,-48.75,109.997314453125,0.0
10450,-45.0,109.997314453125,0.0
10451,-48.75,110.0513671875,0.0
10452,-45.0,110.0513671875,0.0
10453,-41.25,109.94326171875,0.0
10454,-37.5,109.94326171875,0.0
10455,-41.25,109.997314453125,0.0
10456,-37.5,109.997314453125,0.0
10457,-41.25,110.0513671875,0.0
10458,-37.5,110.0513671875,0.0
10459,-33.75,109.94326171875,0.0
10460,-30.0,109.94326171875,0.0
10461,-33.75,109.997314453125,0.0
10462,-30.0,109.997314453125,0.0
10463,-33.75,110.0513671875,0.0
10464,-30.0,110.0513671875,0.0
10465,-56.25,110.0783935546875,0.0
10466,-52.5,110.0783935546875,0.0
10467,-56.25,110.0919067382813,0.0
10468,-52.5,110.0919067382813,0.0
10469,-56.25,110.0986633300781,0.0
10470,-56.25,110.105419921875,0.0
10471,-52.5,110.0986633300781,0.0
10472,-52.5,110.105419921875,0.0
10473,-56.25,110.1121765136719,0.0
10474,-56.25,110.1189331054688,0.0
10475,-52.5,110.1121765136719,0.0
10476,-52.5,110.1189331054688,0.0
10477,-56.25,110.1256896972656,0.0
10478,-56.25,110.1324462890625,0.0
10479,-52.5,110.1256896972656,0.0
10480,-52.5,110.1324462890625,0.0
10481,-56.25,110.1392028808594,0.0
10482,-56.25,110.1459594726562,0.0
10483,-52.5,110.1392028808594,0.0
10484,-52.5,110.1459594726562,0.0
10485,-56.25,110.1527160644531,0.0
10486,-56.25,110.15947265625,0.0
10487,-52.5,110.1527160644531,0.0
10488,-52.5,110.15947265625,0.0
10489,-48.75,110.0783935546875,0.0
10490,-45.0,110.0783935546875,0.0
10491,-48.75,110.0919067382813,0.0
10492,-45.0,110.0919067382813,0.0
10493,-48.75,110.0986633300781,0.0
10494,-48.75,110.105419921875,0.0
10495,-45.0,110.0986633300781,0.0
10496,-45.0,110.105419921875,0.0
10497,-48.75,110.1121765136719,0.0
10498,-48.75,110.1189331054688,0.0
10499,-45.0,110.1121765136719,0.0
10500,-45.0,110.1189331054688,0.0
10501,-48.75,110.1256896972656,0.0
10502,-48.75,110.1324462890625,0.0
10503,-45.0,110.1256896972656,0.0
10504,-45.0,110.1324462890625,0.0
10505,-48.75,110.1392028808594,0.0
10506,-48.75,110.1459594726562,0.0
10507,-45.0,110.1392028808594,0.0
10508,-45.0,110.1459594726562,0.0
10509,-48.75,110.1527160644531,0.0
10510,-48.75,110.15947265625,0.0
10511,-45.0,110.1527160644531,0.0
10512,-45.0,110.15947265625,0.0
10513,-41.25,110.0783935546875,0.0
10514,-37.5,110.0783935546875,0.0
10515,-41.25,110.0919067382813,0.0
10516,-37.5,110.0919067382813,0.0
10517,-41.25,110.0986633300781,0.0
10518,-41.25,110.105419921875,0.0
10519,-37.5,110.0986633300781,0.0
10520,-37.5,110.105419921875,0.0
10521,-41.25,110.1121765136719,0.0
10522,-41.25,110.1189331054688,0.0
10523,-37.5,110.1121765136719,0.0
10524,-37.5,110.1189331054688,0.0
10525,-41.25,110.1256896972656,0.0
10526,-41.25,110.1324462890625,0.0
10527,-37.5,110.1256896972656,0.0
10528,-37.5,110.1324462890625,0.0
10529,-41.25,110.1392028808594,0.0
10530,-41.25,110.1459594726562,0.0
10531,-37.5,110.1392028808594,0.0
10532,-37.5,110.1459594726562,0.0
10533,-41.25,110.1527160644531,0.0
10534,-41.25,110.15947265625,0.0
10535,-37.5,110.1527160644531,0.0
10536,-37.5,110.15947265625,0.0
10537,-33.75,110.0783935546875,0.0
10538,-30.0,110.0783935546875,0.0
10539,-33.75,110.0919067382813,0.0
10540,-30.0,110.0919067382813,0.0
10541,-33.75,110.0986633300781,0.0
10542,-33.75,110.105419921875,0.0
10543,-30.0,110.0986633300781,0.0
10544,-30.0,110.105419921875,0.0
10545,-33.75,110.1121765136719,0.0
10546,-33.75,110.1189331054688,0.0
10547,-30.0,110.1121765136719,0.0
10548,-30.0,110.1189331054688,0.0
10549,-33.75,110.1256896972656,0.0
10550,-33.75,110.1324462890625,0.0
10551,-30.0,110.1256896972656,0.0
10552,-30.0,110.1324462890625,0.0
10553,-33.75,110.1392028808594,0.0
10554,-33.75,110.1459594726562,0.0
10555,-30.0,110.1392028808594,0.0
10556,-30.0,110.1459594726562,0.0
10557,-33.75,110.1527160644531,0.0
10558,-33.75,110.15947265625,0.0
10559,-30.0,110.1527160644531,0.0
10560,-30.0,110.15947265625,0.0
10561,-56.25,110.1662292480469,0.0
10562,-56.25,110.1729858398438,0.0
10563,-52.5,110.1662292480469,0.0
10564,-52.5,110.1729858398438,0.0
10565,-56.25,110.1797424316406,0.0
10566,-56.25,110.1864990234375,0.0
10567,-52.5,110.1797424316406,0.0
10568,-52.5,110.1864990234375,0.0
10569,-48.75,110.1662292480469,0.0
10570,-48.75,110.1729858398438,0.0
10571,-45.0,110.1662292480469,0.0
10572,-45.0,110.1729858398438,0.0
10573,-48.75,110.1797424316406,0.0
10574,-48.75,110.1864990234375,0.0
10575,-45.0,110.1797424316406,0.0
10576,-45.0,110.1864990234375,0.0
10577,-56.25,110.1932556152344,0.0
10578,-52.5,110.1932556152344,0.0
10579,-48.75,110.1932556152344,0.0
10580,-45.0,110.1932556152344,0.0
10581,-56.25,110.2067687988281,0.0
10582,-52.5,110.2067687988281,0.0
10583,-56.25,110.213525390625,0.0
10584,-52.5,110.213525390625,0.0
10585,-48.75,110.2067687988281,0.0
10586,-45.0,110.2067687988281,0.0
10587,-48.75,110.213525390625,0.0
10588,-45.0,110.213525390625,0.0
10589,-41.25,110.1662292480469,0.0
10590,-41.25,110.1729858398438,0.0
10591,-37.5,110.1662292480469,0.0
10592,-37.5,110.1729858398438,0.0
10593,-41.25,110.1797424316406,0.0
10594,-41.25,110.1864990234375,0.0
10595,-37.5,110.1797424316406,0.0
10596,-37.5,110.1864990234375,0.0
10597,-33.75,110.1662292480469,0.0
10598,-33.75,110.1729858398438,0.0
10599,-30.0,110.1662292480469,0.0
10600,-30.0,110.1729858398438,0.0
10601,-33.75,110.1797424316406,0.0
10602,-33.75,110.1864990234375,0.0
10603,-30.0,110.1797424316406,0.0
10604,-30.0,110.1864990234375,0.0
10605,-41.25,110.1932556152344,0.0
10606,-37.5,110.1932556152344,0.0
10607,-33.75,110.1932556152344,0.0
10608,-30.0,110.1932556152344,0.0
10609,-41.25,110.2067687988281,0.0
10610,-37.5,110.2067687988281,0.0
10611,-41.25,110.213525390625,0.0
10612,-37.5,110.213525390625,0.0
10613,-33.75,110.2067687988281,0.0
10614,-30.0,110.2067687988281,0.0
10615,-33.75,110.213525390625,0.0
10616,-30.0,110.213525390625,0.0
10617,-56.25,110.2202819824219,0.0
10618,-52.5,110.2202819824219,0.0
10619,-48.75,110.2202819824219,0.0
10620,-45.0,110.2202819824219,0.0
10621,-56.25,110.2270385742187,0.0
10622,-52.5,110.2270385742187,0.0
10623,-48.75,110.2270385742187,0.0
10624,-45.0,110.2270385742187,0.0
10625,-56.25,110.2337951660156,0.0
10626,-52.5,110.2337951660156,0.0
10627,-48.75,110.2337951660156,0.0
10628,-45.0,110.2337951660156,0.0
10629,-56.25,110.2405517578125,0.0
10630,-52.5,110.2405517578125,0.0
10631,-48.75,110.2405517578125,0.0
10632,-45.0,110.2405517578125,0.0
10633,-41.25,110.2202819824219,0.0
10634,-37.5,110.2202819824219,0.0
10635,-41.25,110.2270385742187,0.0
10636,-37.5,110.2270385742187,0.0
10637,-33.75,110.2202819824219,0.0
10638,-30.0,110.2202819824219,0.0
10639,-33.75,110.2270385742187,0.0
10640,-30.0,110.2270385742187,0.0
10641,-41.25,110.2337951660156,0.0
10642,-37.5,110.2337951660156,0.0
10643,-41.25,110.2405517578125,0.0
10644,-37.5,110.2405517578125,0.0
10645,-33.75,110.2337951660156,0.0
10646,-30.0,110.2337951660156,0.0
10647,-33.75,110.2405517578125,0.0
10648,-30.0,110.2405517578125,0.0
10649,-56.25,110.2473083496094,0.0
10650,-52.5,110.2473083496094,0.0
10651,-48.75,110.2473083496094,0.0
10652,-45.0,110.2473083496094,0.0
10653,-56.25,110.2540649414063,0.0
10654,-52.5,110.2540649414063,0.0
10655,-48.75,110.2540649414063,0.0
10656,-45.0,110.2540649414063,0.0
10657,-41.25,110.2473083496094,0.0
10658,-37.5,110.2473083496094,0.0
10659,-41.25,110.2540649414063,0.0
10660,-37.5,110.2540649414063,0.0
10661,-33.75,110.2473083496094,0.0
10662,-30.0,110.2473083496094,0.0
10663,-33.75,110.2540649414063,0.0
10664,-30.0,110.2540649414063,0.0
10665,-56.25,110.2608215332031,0.0
10666,-52.5,110.2608215332031,0.0
10667,-48.75,110.2608215332031,0.0
10668,-45.0,110.2608215332031,0.0
10669,-56.25,110.267578125,0.0
10670,-52.5,110.267578125,0.0
10671,-48.75,110.267578125,0.0
10672,-45.0,110.267578125,0.0
10673,-41.25,110.2608215332031,0.0
10674,-37.5,110.2608215332031,0.0
10675,-41.25,110.267578125,0.0
10676,-37.5,110.267578125,0.0
10677,-33.75,110.2608215332031,0.0
10678,-30.0,110.2608215332031,0.0
10679,-33.75,110.267578125,0.0
10680,-30.0,110.267578125,0.0
10681,-26.25,109.94326171875,0.0
10682,-22.5,109.94326171875,0.0
10683,-26.25,109.997314453125,0.0
10684,-22.5,109.997314453125,0.0
10685,-26.25,110.0513671875,0.0
10686,-22.5,110.0513671875,0.0
10687,-18.75,109.94326171875,0.0
10688,-15.0,109.94326171875,0.0
10689,-18.75,109.997314453125,0.0
10690,-15.0,109.997314453125,0.0
10691,-18.75,110.0513671875,0.0
10692,-15.0,110.0513671875,0.0
10693,-26.25,110.0783935546875,0.0
10694,-22.5,110.0783935546875,0.0
10695,-26.25,110.0919067382813,0.0
10696,-22.5,110.0919067382813,0.0
10697,-26.25,110.0986633300781,0.0
10698,-26.25,110.105419921875,0.0
10699,-22.5,110.0986633300781,0.0
10700,-22.5,110.105419921875,0.0
10701,-26.25,110.1121765136719,0.0
10702,-26.25,110.1189331054688,0.0
10703,-22.5,110.1121765136719,0.0
10704,-22.5,110.1189331054688,0.0
10705,-26.25,110.1256896972656,0.0
10706,-26.25,110.1324462890625,0.0
10707,-22.5,110.1256896972656,0.0
10708,-22.5,110.1324462890625,0.0
10709,-26.25,110.1392028808594,0.0
10710,-26.25,110.1459594726562,0.0
10711,-22.5,110.1392028808594,0.0
10712,-22.5,110.1459594726562,0.0
10713,-26.25,110.1527160644531,0.0
10714,-26.25,110.15947265625,0.0
10715,-22.5,110.1527160644531,0.0
10716,-22.5,110.15947265625,0.0
10717,-18.75,110.0783935546875,0.0
10718,-15.0,110.0783935546875,0.0
10719,-18.75,110.0919067382813,0.0
10720,-15.0,110.0919067382813,0.0
10721,-18.75,110.0986633300781,0.0
10722,-18.75,110.105419921875,0.0
10723,-15.0,110.0986633300781,0.0
10724,-15.0,110.105419921875,0.0
10725,-18.75,110.1121765136719,0.0
10726,-18.75,110.1189331054688,0.0
10727,-15.0,110.1121765136719,0.0
10728,-15.0,110.1189331054688,0.0
10729,-18.75,110.1256896972656,0.0
10730,-18.75,110.1324462890625,0.0
10731,-15.0,110.1256896972656,0.0
10732,-15.0,110.1324462890625,0.0
10733,-18.75,110.1392028808594,0.0
10734,-18.75,110.1459594726562,0.0
10735,-15.0,110.1392028808594,0.0
10736,-15.0,110.1459594726562,0.0
10737,-18.75,110.1527160644531,0.0
10738,-18.75,110.15947265625,0.0
10739,-15.0,110.1527160644531,0.0
10740,-15.0,110.15947265625,0.0
10741,-26.25,110.1662292480469,0.0
10742,-26.25,110.1729858398438,0.0
10743,-22.5,110.1662292480469,0.0
10744,-22.5,110.1729858398438,0.0
10745,-26.25,110.1797424316406,0.0
10746,-26.25,110.1864990234375,0.0
10747,-22.5,110.1797424316406,0.0
10748,-22.5,110.1864990234375,0.0
10749,-18.75,110.1662292480469,0.0
10750,-18.75,110.1729858398438,0.0
10751,-15.0,110.1662292480469,0.0
10752,-15.0,110.1729858398438,0.0
10753,-18.75,110.1797424316406,0.0
10754,-18.75,110.1864990234375,0.0
10755,-15.0,110.1797424316406,0.0
10756,-15.0,110.1864990234375,0.0
10757,-26.25,110.1932556152344,0.0
10758,-22.5,110.1932556152344,0.0
10759,-18.75,110.1932556152344,0.0
10760,-15.0,110.1932556152344,0.0
10761,-26.25,110.2067687988281,0.0
10762,-22.5,110.2067687988281,0.0
10763,-26.25,110.213525390625,0.0
10764,-22.5,110.213525390625,0.0
10765,-18.75,110.2067687988281,0.0
10766,-15.0,110.2067687988281,0.0
10767,-18.75,110.213525390625,0.0
10768,-15.0,110.213525390625,0.0
10769,-26.25,110.2202819824219,0.0
10770,-22.5,110.2202819824219,0.0
10771,-26.25,110.2270385742187,0.0
10772,-22.5,110.2270385742187,0.0
10773,-18.75,110.2202819824219,0.0
10774,-15.0,110.2202819824219,0.0
10775,-18.75,110.2270385742187,0.0
10776,-15.0,110.2270385742187,0.0
10777,-26.25,110.2337951660156,0.0
10778,-22.5,110.2337951660156,0.0
10779,-26.25,110.2405517578125,0.0
10780,-22.5,110.2405517578125,0.0
10781,-18.75,110.2337951660156,0.0
10782,-15.0,110.2337951660156,0.0
10783,-18.75,110.2405517578125,0.0
10784,-15.0,110.2405517578125,0.0
10785,-26.25,110.2473083496094,0.0
10786,-22.5,110.2473083496094,0.0
10787,-26.25,110.2540649414063,0.0
10788,-22.5,110.2540649414063,0.0
10789,-18.75,110.2473083496094,0.0
10790,-15.0,110.2473083496094,0.0
10791,-18.75,110.2540649414063,0.0
10792,-15.0,110.2540649414063,0.0
10793,-26.25,110.2608215332031,0.0
10794,-22.5,110.2608215332031,0.0
10795,-26.25,110.267578125,0.0
10796,-22.5,110.267578125,0.0
10797,-18.75,110.2608215332031,0.0
10798,-15.0,110.2608215332031,0.0
10799,-18.75,110.267578125,0.0
10800,-15.0,110.267578125,0.0
10801,-11.25,109.94326171875,0.0
10802,-7.5,109.94326171875,0.0
10803,-11.25,109.997314453125,0.0
10804,-7.5,109.997314453125,0.0
10805,-11.25,110.0513671875,0.0
10806,-7.5,110.0513671875,0.0
10807,-3.75,109.94326171875,0.0
10808,0.0,109.94326171875,0.0
10809,-3.75,109.997314453125,0.0
10810,0.0,109.997314453125,0.0
10811,-3.75,110.0513671875,0.0
10812,0.0,110.0513671875,0.0
10813,-11.25,110.0783935546875,0.0
10814,-7.5,110.0783935546875,0.0
10815,-11.25,110.0919067382813,0.0
10816,-7.5,110.0919067382813,0.0
10817,-11.25,110.0986633300781,0.0
10818,-11.25,110.105419921875,0.0
10819,-7.5,110.0986633300781,0.0
10820,-7.5,110.105419921875,0.0
10821,-11.25,110.1121765136719,0.0
10822,-11.25,110.1189331054688,0.0
10823,-7.5,110.1121765136719,0.0
10824,-7.5,110.1189331054688,0.0
10825,-11.25,110.1256896972656,0.0
10826,-11.25,110.1324462890625,0.0
10827,-7.5,110.1256896972656,0.0
10828,-7.5,110.1324462890625,0.0
10829,-11.25,110.1392028808594,0.0
10830,-11.25,110.1459594726562,0.0
10831,-7.5,110.1392028808594,0.0
10832,-7.5,110.1459594726562,0.0
10833,-11.25,110.1527160644531,0.0
10834,-11.25,110.15947265625,0.0
10835,-7.5,110.1527160644531,0.0
10836,-7.5,110.15947265625,0.0
10837,-3.75,110.0783935546875,0.0
10838,0.0,110.0783935546875,0.0
10839,-3.75,110.0919067382813,0.0
10840,0.0,110.0919067382813,0.0
10841,-3.75,110.0986633300781,0.0
10842,-3.75,110.105419921875,0.0
10843,0.0,110.0986633300781,0.0
10844,0.0,110.105419921875,0.0
10845,-3.75,110.1121765136719,0.0
10846,-3.75,110.1189331054688,0.0
10847,0.0,110.1121765136719,0.0
10848,0.0,110.1189331054688,0.0
10849,-3.75,110.1256896972656,0.0
10850,-3.75,110.1324462890625,0.0
10851,0.0,110.1256896972656,0.0
10852,0.0,110.1324462890625,0.0
10853,-3.75,110.1392028808594,0.0
10854,-3.75,110.1459594726562,0.0
10855,0.0,110.1392028808594,0.0
10856,0.0,110.1459594726562,0.0
10857,-3.75,110.1527160644531,0.0
10858,-3.75,110.15947265625,0.0
10859,0.0,110.1527160644531,0.0
10860,0.0,110.15947265625,0.0
10861,-11.25,110.1662292480469,0.0
10862,-11.25,110.1729858398438,0.0
10863,-7.5,110.1662292480469,0.0
10864,-7.5,110.1729858398438,0.0
10865,-11.25,110.1797424316406,0.0
10866,-11.25,110.1864990234375,0.0
10867,-7.5,110.1797424316406,0.0
10868,-7.5,110.1864990234375,0.0
10869,-3.75,110.1662292480469,0.0
10870,-3.75,110.1729858398438,0.0
10871,0.0,110.1662292480469,0.0
10872,0.0,110.1729858398438,0.0
10873,-3.75,110.1797424316406,0.0
10874,-3.75,110.1864990234375,0.0
10875,0.0,110.1797424316406,0.0
10876,0.0,110.1864990234375,0.0
10877,-11.25,110.1932556152344,0.0
10878,-7.5,110.1932556152344,0.0
10879,-3.75,110.1932556152344,0.0
10880,0.0,110.1932556152344,0.0
10881,-11.25,110.2067687988281,0.0
10882,-7.5,110.2067687988281,0.0
10883,-11.25,110.213525390625,0.0
10884,-7.5,110.213525390625,0.0
10885,-3.75,110.2067687988281,0.0
10886,0.0,110.2067687988281,0.0
10887,-3.75,110.213525390625,0.0
10888,0.0,110.213525390625,0.0
10889,-11.25,110.2202819824219,0.0
10890,-7.5,110.2202819824219,0.0
10891,-11.25,110.2270385742187,0.0
10892,-7.5,110.2270385742187,0.0
10893,-3.75,110.2202819824219,0.0
10894,0.0,110.2202819824219,0.0
10895,-3.75,110.2270385742187,0.0
10896,0.0,110.2270385742187,0.0
10897,-11.25,110.2337951660156,0.0
10898,-7.5,110.2337951660156,0.0
10899,-11.25,110.2405517578125,0.0
10900,-7.5,110.2405517578125,0.0
10901,-3.75,110.2337951660156,0.0
10902,0.0,110.2337951660156,0.0
10903,-3.75,110.2405517578125,0.0
10904,0.0,110.2405517578125,0.0
10905,-11.25,110.2473083496094,0.0
10906,-7.5,110.2473083496094,0.0
10907,-11.25,110.2540649414063,0.0
10908,-7.5,110.2540649414063,0.0
10909,-3.75,110.2473083496094,0.0
10910,0.0,110.2473083496094,0.0
10911,-3.75,110.2540649414063,0.0
10912,0.0,110.2540649414063,0.0
10913,-11.25,110.2608215332031,0.0
10914,-7.5,110.2608215332031,0.0
10915,-11.25,110.267578125,0.0
10916,-7.5,110.267578125,0.0
10917,-3.75,110.2608215332031,0.0
10918,0.0,110.2608215332031,0.0
10919,-3.75,110.267578125,0.0
10920,0.0,110.267578125,0.0
10921,-116.25,110.2743347167969,0.0
10922,-120.0,110.2743347167969,0.0
10923,-112.5,110.2743347167969,0.0
10924,-108.75,110.2743347167969,0.0
10925,-105.0,110.2743347167969,0.0
10926,-101.25,110.2743347167969,0.0
10927,-97.5,110.2743347167969,0.0
10928,-93.75,110.2743347167969,0.0
10929,-90.0,110.2743347167969,0.0
10930,-116.25,110.2810913085937,0.0
10931,-120.0,110.2810913085937,0.0
10932,-112.5,110.2810913085937,0.0
10933,-108.75,110.2810913085937,0.0
10934,-105.0,110.2810913085937,0.0
10935,-101.25,110.2810913085937,0.0
10936,-97.5,110.2810913085937,0.0
10937,-93.75,110.2810913085937,0.0
10938,-90.0,110.2810913085937,0.0
10939,-86.25,110.2743347167969,0.0
10940,-82.5,110.2743347167969,0.0
10941,-78.75,110.2743347167969,0.0
10942,-75.0,110.2743347167969,0.0
10943,-71.25,110.2743347167969,0.0
10944,-67.5,110.2743347167969,0.0
10945,-63.75,110.2743347167969,0.0
10946,-60.0,110.2743347167969,0.0
10947,-86.25,110.2810913085937,0.0
10948,-82.5,110.2810913085937,0.0
10949,-78.75,110.2810913085937,0.0
10950,-75.0,110.2810913085937,0.0
10951,-71.25,110.2810913085937,0.0
10952,-67.5,110.2810913085937,0.0
10953,-63.75,110.2810913085937,0.0
10954,-60.0,110.2810913085937,0.0
10955,-116.25,110.2878479003906,0.0
10956,-120.0,110.2878479003906,0.0
10957,-112.5,110.2878479003906,0.0
10958,-108.75,110.2878479003906,0.0
10959,-105.0,110.2878479003906,0.0
10960,-101.25,110.2878479003906,0.0
10961,-97.5,110.2878479003906,0.0
10962,-93.75,110.2878479003906,0.0
10963,-90.0,110.2878479003906,0.0
10964,-116.25,110.2946044921875,0.0
10965,-120.0,110.2946044921875,0.0
10966,-112.5,110.2946044921875,0.0
10967,-108.75,110.2946044921875,0.0
10968,-105.0,110.2946044921875,0.0
10969,-101.25,110.2946044921875,0.0
10970,-97.5,110.2946044921875,0.0
10971,-93.75,110.2946044921875,0.0
10972,-90.0,110.2946044921875,0.0
10973,-86.25,110.2878479003906,0.0
10974,-82.5,110.2878479003906,0.0
10975,-78.75,110.2878479003906,0.0
10976,-75.0,110.2878479003906,0.0
10977,-71.25,110.2878479003906,0.0
10978,-67.5,110.2878479003906,0.0
10979,-63.75,110.2878479003906,0.0
10980,-60.0,110.2878479003906,0.0
10981,-86.25,110.2946044921875,0.0
10982,-82.5,110.2946044921875,0.0
10983,-78.75,110.2946044921875,0.0
10984,-75.0,110.2946044921875,0.0
10985,-71.25,110.2946044921875,0.0
10986,-67.5,110.2946044921875,0.0
10987,-63.75,110.2946044921875,0.0
10988,-60.0,110.2946044921875,0.0
10989,-116.25,110.3013610839844,0.0
10990,-120.0,110.3013610839844,0.0
10991,-112.5,110.3013610839844,0.0
10992,-108.75,110.3013610839844,0.0
10993,-105.0,110.3013610839844,0.0
10994,-101.25,110.3013610839844,0.0
10995,-97.5,110.3013610839844,0.0
10996,-93.75,110.3013610839844,0.0
10997,-90.0,110.3013610839844,0.0
10998,-116.25,110.3081176757813,0.0
10999,-120.0,110.3081176757813,0.0
11000,-112.5,110.3081176757813,0.0
11001,-108.75,110.3081176757813,0.0
11002,-105.0,110.3081176757813,0.0
11003,-101.25,110.3081176757813,0.0
11004,-97.5,110.3081176757813,0.0
11005,-93.75,110.3081176757813,0.0
11006,-90.0,110.3081176757813,0.0
11007,-86.25,110.3013610839844,0.0
11008,-82.5,110.3013610839844,0.0
11009,-78.75,110.3013610839844,0.0
11010,-75.0,110.3013610839844,0.0
11011,-71.25,110.3013610839844,0.0
11012,-67.5,110.3013610839844,0.0
11013,-63.75,110.3013610839844,0.0
11014,-60.0,110.3013610839844,0.0
11015,-86.25,110.3081176757813,0.0
11016,-82.5,110.3081176757813,0.0
11017,-78.75,110.3081176757813,0.0
11018,-75.0,110.3081176757813,0.0
11019,-71.25,110.3081176757813,0.0
11020,-67.5,110.3081176757813,0.0
11021,-63.75,110.3081176757813,0.0
11022,-60.0,110.3081176757813,0.0
11023,-116.25,110.321630859375,0.0
11024,-120.0,110.321630859375,0.0
11025,-112.5,110.321630859375,0.0
11026,-108.75,110.321630859375,0.0
11027,-105.0,110.321630859375,0.0
11028,-101.25,110.321630859375,0.0
11029,-97.5,110.321630859375,0.0
11030,-93.75,110.321630859375,0.0
11031,-90.0,110.321630859375,0.0
11032,-86.25,110.321630859375,0.0
11033,-82.5,110.321630859375,0.0
11034,-78.75,110.321630859375,0.0
11035,-75.0,110.321630859375,0.0
11036,-71.25,110.321630859375,0.0
11037,-67.5,110.321630859375,0.0
11038,-63.75,110.321630859375,0.0
11039,-60.0,110.321630859375,0.0
11040,-116.25,110.3351440429688,0.0
11041,-120.0,110.3351440429688,0.0
11042,-112.5,110.3351440429688,0.0
11043,-108.75,110.3351440429688,0.0
11044,-105.0,110.3351440429688,0.0
11045,-101.25,110.3351440429688,0.0
11046,-97.5,110.3351440429688,0.0
11047,-93.75,110.3351440429688,0.0
11048,-90.0,110.3351440429688,0.0
11049,-116.25,110.3486572265625,0.0
11050,-120.0,110.3486572265625,0.0
11051,-112.5,110.3486572265625,0.0
11052,-108.75,110.3486572265625,0.0
11053,-105.0,110.3486572265625,0.0
11054,-101.25,110.3486572265625,0.0
11055,-97.5,110.3486572265625,0.0
11056,-93.75,110.3486572265625,0.0
11057,-90.0,110.3486572265625,0.0
11058,-86.25,110.3351440429688,0.0
11059,-82.5,110.3351440429688,0.0
11060,-78.75,110.3351440429688,0.0
11061,-75.0,110.3351440429688,0.0
11062,-71.25,110.3351440429688,0.0
11063,-67.5,110.3351440429688,0.0
11064,-63.75,110.3351440429688,0.0
11065,-60.0,110.3351440429688,0.0
11066,-86.25,110.3486572265625,0.0
11067,-82.5,110.3486572265625,0.0
11068,-78.75,110.3486572265625,0.0
11069,-75.0,110.3486572265625,0.0
11070,-71.25,110.3486572265625,0.0
11071,-67.5,110.3486572265625,0.0
11072,-63.75,110.3486572265625,0.0
11073,-60.0,110.3486572265625,0.0
11074,-116.25,110.3621704101562,0.0
11075,-120.0,110.3621704101562,0.0
11076,-112.5,110.3621704101562,0.0
11077,-108.75,110.3621704101562,0.0
11078,-105.0,110.3621704101562,0.0
11079,-101.25,110.3621704101562,0.0
11080,-97.5,110.3621704101562,0.0
11081,-93.75,110.3621704101562,0.0
11082,-90.0,110.3621704101562,0.0
11083,-116.25,110.37568359375,0.0
11084,-120.0,110.37568359375,0.0
11085,-112.5,110.37568359375,0.0
11086,-108.75,110.37568359375,0.0
11087,-105.0,110.37568359375,0.0
11088,-101.25,110.37568359375,0.0
11089,-97.5,110.37568359375,0.0
11090,-93.75,110.37568359375,0.0
11091,-90.0,110.37568359375,0.0
11092,-86.25,110.3621704101562,0.0
11093,-82.5,110.3621704101562,0.0
11094,-78.75,110.3621704101562,0.0
11095,-75.0,110.3621704101562,0.0
11096,-71.25,110.3621704101562,0.0
11097,-67.5,110.3621704101562,0.0
11098,-63.75,110.3621704101562,0.0
11099,-60.0,110.3621704101562,0.0
11100,-86.25,110.37568359375,0.0
11101,-82.5,110.37568359375,0.0
11102,-78.75,110.37568359375,0.0
11103,-75.0,110.37568359375,0.0
11104,-71.25,110.37568359375,0.0
11105,-67.5,110.37568359375,0.0
11106,-63.75,110.37568359375,0.0
11107,-60.0,110.37568359375,0.0
11108,-116.25,110.3891967773438,0.0
11109,-120.0,110.3891967773438,0.0
11110,-112.5,110.3891967773438,0.0
11111,-108.75,110.3891967773438,0.0
11112,-105.0,110.3891967773438,0.0
11113,-101.25,110.3891967773438,0.0
11114,-97.5,110.3891967773438,0.0
11115,-93.75,110.3891967773438,0.0
11116,-90.0,110.3891967773438,0.0
11117,-116.25,110.4027099609375,0.0
11118,-120.0,110.4027099609375,0.0
11119,-112.5,110.4027099609375,0.0
11120,-108.75,110.4027099609375,0.0
11121,-105.0,110.4027099609375,0.0
11122,-101.25,110.4027099609375,0.0
11123,-97.5,110.4027099609375,0.0
11124,-93.75,110.4027099609375,0.0
11125,-90.0,110.4027099609375,0.0
11126,-86.25,110.3891967773438,0.0
11127,-82.5,110.3891967773438,0.0
11128,-78.75,110.3891967773438,0.0
11129,-75.0,110.3891967773438,0.0
11130,-71.25,110.3891967773438,0.0
11131,-67.5,110.3891967773438,0.0
11132,-63.75,110.3891967773438,0.0
11133,-60.0,110.3891967773438,0.0
11134,-86.25,110.4027099609375,0.0
11135,-82.5,110.4027099609375,0.0
11136,-78.75,110.4027099609375,0.0
11137,-75.0,110.4027099609375,0.0
11138,-71.25,110.4027099609375,0.0
11139,-67.5,110.4027099609375,0.0
11140,-63.75,110.4027099609375,0.0
11141,-60.0,110.4027099609375,0.0
11142,-116.25,110.4162231445312,0.0
11143,-120.0,110.4162231445312,0.0
11144,-112.5,110.4162231445312,0.0
11145,-108.75,110.4162231445312,0.0
11146,-105.0,110.4162231445312,0.0
11147,-101.25,110.4162231445312,0.0
11148,-97.5,110.4162231445312,0.0
11149,-93.75,110.4162231445312,0.0
11150,-90.0,110.4162231445312,0.0
11151,-116.25,110.429736328125,0.0
11152,-120.0,110.429736328125,0.0
11153,-112.5,110.429736328125,0.0
11154,-108.75,110.429736328125,0.0
11155,-105.0,110.429736328125,0.0
11156,-101.25,110.429736328125,0.0
11157,-97.5,110.429736328125,0.0
11158,-93.75,110.429736328125,0.0
11159,-90.0,110.429736328125,0.0
11160,-86.25,110.4162231445312,0.0
11161,-82.5,110.4162231445312,0.0
11162,-78.75,110.4162231445312,0.0
11163,-75.0,110.4162231445312,0.0
11164,-71.25,110.4162231445312,0.0
11165,-67.5,110.4162231445312,0.0
11166,-63.75,110.4162231445312,0.0
11167,-60.0,110.4162231445312,0.0
11168,-86.25,110.429736328125,0.0
11169,-82.5,110.429736328125,0.0
11170,-78.75,110.429736328125,0.0
11171,-75.0,110.429736328125,0.0
11172,-71.25,110.429736328125,0.0
11173,-67.5,110.429736328125,0.0
11174,-63.75,110.429736328125,0.0
11175,-60.0,110.429736328125,0.0
11176,-116.25,110.4432495117187,0.0
11177,-120.0,110.4432495117187,0.0
11178,-112.5,110.4432495117187,0.0
11179,-108.75,110.4432495117187,0.0
11180,-105.0,110.4432495117187,0.0
11181,-101.25,110.4432495117187,0.0
11182,-97.5,110.4432495117187,0.0
11183,-93.75,110.4432495117187,0.0
11184,-90.0,110.4432495117187,0.0
11185,-116.25,110.4567626953125,0.0
11186,-120.0,110.4567626953125,0.0
11187,-112.5,110.4567626953125,0.0
11188,-108.75,110.4567626953125,0.0
11189,-105.0,110.4567626953125,0.0
11190,-101.25,110.4567626953125,0.0
11191,-97.5,110.4567626953125,0.0
11192,-93.75,110.4567626953125,0.0
11193,-90.0,110.4567626953125,0.0
11194,-86.25,110.4432495117187,0.0
11195,-82.5,110.4432495117187,0.0
11196,-78.75,110.4432495117187,0.0
11197,-75.0,110.4432495117187,0.0
11198,-71.25,110.4432495117187,0.0
11199,-67.5,110.4432495117187,0.0
11200,-63.75,110.4432495117187,0.0
11201,-60.0,110.4432495117187,0.0
11202,-86.25,110.4567626953125,0.0
11203,-82.5,110.4567626953125,0.0
11204,-78.75,110.4567626953125,0.0
11205,-75.0,110.4567626953125,0.0
11206,-71.25,110.4567626953125,0.0
11207,-67.5,110.4567626953125,0.0
11208,-63.75,110.4567626953125,0.0
11209,-60.0,110.4567626953125,0.0
11210,-116.25,110.4702758789062,0.0
11211,-120.0,110.4702758789062,0.0
11212,-112.5,110.4702758789062,0.0
11213,-108.75,110.4702758789062,0.0
11214,-105.0,110.4702758789062,0.0
11215,-101.25,110.4702758789062,0.0
11216,-97.5,110.4702758789062,0.0
11217,-93.75,110.4702758789062,0.0
11218,-90.0,110.4702758789062,0.0
11219,-116.25,110.4837890625,0.0
11220,-120.0,110.4837890625,0.0
11221,-112.5,110.4837890625,0.0
11222,-108.75,110.4837890625,0.0
11223,-105.0,110.4837890625,0.0
11224,-101.25,110.4837890625,0.0
11225,-97.5,110.4837890625,0.0
11226,-93.75,110.4837890625,0.0
11227,-90.0,110.4837890625,0.0
11228,-86.25,110.4702758789062,0.0
11229,-82.5,110.4702758789062,0.0
11230,-78.75,110.4702758789062,0.0
11231,-75.0,110.4702758789062,0.0
11232,-71.25,110.4702758789062,0.0
11233,-67.5,110.4702758789062,0.0
11234,-63.75,110.4702758789062,0.0
11235,-60.0,110.4702758789062,0.0
11236,-86.25,110.4837890625,0.0
11237,-82.5,110.4837890625,0.0
11238,-78.75,110.4837890625,0.0
11239,-75.0,110.4837890625,0.0
11240,-71.25,110.4837890625,0.0
11241,-67.5,110.4837890625,0.0
11242,-63.75,110.4837890625,0.0
11243,-60.0,110.4837890625,0.0
11244,-56.25,110.2743347167969,0.0
11245,-52.5,110.2743347167969,0.0
11246,-48.75,110.2743347167969,0.0
11247,-45.0,110.2743347167969,0.0
11248,-41.25,110.2743347167969,0.0
11249,-37.5,110.2743347167969,0.0
11250,-33.75,110.2743347167969,0.0
11251,-30.0,110.2743347167969,0.0
11252,-56.25,110.2810913085937,0.0
11253,-52.5,110.2810913085937,0.0
11254,-48.75,110.2810913085937,0.0
11255,-45.0,110.2810913085937,0.0
11256,-41.25,110.2810913085937,0.0
11257,-37.5,110.2810913085937,0.0
11258,-33.75,110.2810913085937,0.0
11259,-30.0,110.2810913085937,0.0
11260,-56.25,110.2878479003906,0.0
11261,-52.5,110.2878479003906,0.0
11262,-48.75,110.2878479003906,0.0
11263,-45.0,110.2878479003906,0.0
11264,-41.25,110.2878479003906,0.0
11265,-37.5,110.2878479003906,0.0
11266,-33.75,110.2878479003906,0.0
11267,-30.0,110.2878479003906,0.0
11268,-56.25,110.2946044921875,0.0
11269,-52.5,110.2946044921875,0.0
11270,-48.75,110.2946044921875,0.0
11271,-45.0,110.2946044921875,0.0
11272,-41.25,110.2946044921875,0.0
11273,-37.5,110.2946044921875,0.0
11274,-33.75,110.2946044921875,0.0
11275,-30.0,110.2946044921875,0.0
11276,-56.25,110.3013610839844,0.0
11277,-52.5,110.3013610839844,0.0
11278,-48.75,110.3013610839844,0.0
11279,-45.0,110.3013610839844,0.0
11280,-41.25,110.3013610839844,0.0
11281,-37.5,110.3013610839844,0.0
11282,-33.75,110.3013610839844,0.0
11283,-30.0,110.3013610839844,0.0
11284,-56.25,110.3081176757813,0.0
11285,-52.5,110.3081176757813,0.0
11286,-48.75,110.3081176757813,0.0
11287,-45.0,110.3081176757813,0.0
11288,-41.25,110.3081176757813,0.0
11289,-37.5,110.3081176757813,0.0
11290,-33.75,110.3081176757813,0.0
11291,-30.0,110.3081176757813,0.0
11292,-56.25,110.321630859375,0.0
11293,-52.5,110.321630859375,0.0
11294,-48.75,110.321630859375,0.0
11295,-45.0,110.321630859375,0.0
11296,-41.25,110.321630859375,0.0
11297,-37.5,110.321630859375,0.0
11298,-33.75,110.321630859375,0.0
11299,-30.0,110.321630859375,0.0
11300,-56.25,110.3351440429688,0.0
11301,-52.5,110.3351440429688,0.0
11302,-48.75,110.3351440429688,0.0
11303,-45.0,110.3351440429688,0.0
11304,-41.25,110.3351440429688,0.0
11305,-37.5,110.3351440429688,0.0
11306,-33.75,110.3351440429688,0.0
11307,-30.0,110.3351440429688,0.0
11308,-56.25,110.3486572265625,0.0
11309,-52.5,110.3486572265625,0.0
11310,-48.75,110.3486572265625,0.0
11311,-45.0,110.3486572265625,0.0
11312,-41.25,110.3486572265625,0.0
11313,-37.5,110.3486572265625,0.0
11314,-33.75,110.3486572265625,0.0
11315,-30.0,110.3486572265625,0.0
11316,-56.25,110.3621704101562,0.0
11317,-52.5,110.3621704101562,0.0
11318,-48.75,110.3621704101562,0.0
11319,-45.0,110.3621704101562,0.0
11320,-41.25,110.3621704101562,0.0
11321,-37.5,110.3621704101562,0.0
11322,-33.75,110.3621704101562,0.0
11323,-30.0,110.3621704101562,0.0
11324,-56.25,110.37568359375,0.0
11325,-52.5,110.37568359375,0.0
11326,-48.75,110.37568359375,0.0
11327,-45.0,110.37568359375,0.0
11328,-41.25,110.37568359375,0.0
11329,-37.5,110.37568359375,0.0
11330,-33.75,110.37568359375,0.0
11331,-30.0,110.37568359375,0.0
11332,-56.25,110.3891967773438,0.0
11333,-52.5,110.3891967773438,0.0
11334,-48.75,110.3891967773438,0.0
11335,-45.0,110.3891967773438,0.0
11336,-41.25,110.3891967773438,0.0
11337,-37.5,110.3891967773438,0.0
11338,-33.75,110.3891967773438,0.0
11339,-30.0,110.3891967773438,0.0
11340,-56.25,110.4027099609375,0.0
11341,-52.5,110.4027099609375,0.0
11342,-48.75,110.4027099609375,0.0
11343,-45.0,110.4027099609375,0.0
11344,-41.25,110.4027099609375,0.0
11345,-37.5,110.4027099609375,0.0
11346,-33.75,110.4027099609375,0.0
11347,-30.0,110.4027099609375,0.0
11348,-56.25,110.4162231445312,0.0
11349,-52.5,110.4162231445312,0.0
11350,-48.75,110.4162231445312,0.0
11351,-45.0,110.4162231445312,0.0
11352,-41.25,110.4162231445312,0.0
11353,-37.5,110.4162231445312,0.0
11354,-33.75,110.4162231445312,0.0
11355,-30.0,110.4162231445312,0.0
11356,-56.25,110.429736328125,0.0
11357,-52.5,110.429736328125,0.0
11358,-48.75,110.429736328125,0.0
11359,-45.0,110.429736328125,0.0
11360,-41.25,110.429736328125,0.0
11361,-37.5,110.429736328125,0.0
11362,-33.75,110.429736328125,0.0
11363,-30.0,110.429736328125,0.0
11364,-56.25,110.4432495117187,0.0
11365,-52.5,110.4432495117187,0.0
11366,-48.75,110.4432495117187,0.0
11367,-45.0,110.4432495117187,0.0
11368,-41.25,110.4432495117187,0.0
11369,-37.5,110.4432495117187,0.0
11370,-33.75,110.4432495117187,0.0
11371,-30.0,110.4432495117187,0.0
11372,-56.25,110.4567626953125,0.0
11373,-52.5,110.4567626953125,0.0
11374,-48.75,110.4567626953125,0.0
11375,-45.0,110.4567626953125,0.0
11376,-41.25,110.4567626953125,0.0
11377,-37.5,110.4567626953125,0.0
11378,-33.75,110.4567626953125,0.0
11379,-30.0,110.4567626953125,0.0
11380,-56.25,110.4702758789062,0.0
11381,-52.5,110.4702758789062,0.0
11382,-48.75,110.4702758789062,0.0
11383,-45.0,110.4702758789062,0.0
11384,-41.25,110.4702758789062,0.0
11385,-37.5,110.4702758789062,0.0
11386,-33.75,110.4702758789062,0.0
11387,-30.0,110.4702758789062,0.0
11388,-56.25,110.4837890625,0.0
11389,-52.5,110.4837890625,0.0
11390,-48.75,110.4837890625,0.0
11391,-45.0,110.4837890625,0.0
11392,-41.25,110.4837890625,0.0
11393,-37.5,110.4837890625,0.0
11394,-33.75,110.4837890625,0.0
11395,-30.0,110.4837890625,0.0
11396,-26.25,110.2743347167969,0.0
11397,-22.5,110.2743347167969,0.0
11398,-18.75,110.2743347167969,0.0
11399,-15.0,110.2743347167969,0.0
11400,-26.25,110.2810913085937,0.0
11401,-22.5,110.2810913085937,0.0
11402,-18.75,110.2810913085937,0.0
11403,-15.0,110.2810913085937,0.0
11404,-26.25,110.2878479003906,0.0
11405,-22.5,110.2878479003906,0.0
11406,-18.75,110.2878479003906,0.0
11407,-15.0,110.2878479003906,0.0
11408,-26.25,110.2946044921875,0.0
11409,-22.5,110.2946044921875,0.0
11410,-18.75,110.2946044921875,0.0
11411,-15.0,110.2946044921875,0.0
11412,-26.25,110.3013610839844,0.0
11413,-22.5,110.3013610839844,0.0
11414,-18.75,110.3013610839844,0.0
11415,-15.0,110.3013610839844,0.0
11416,-26.25,110.3081176757813,0.0
11417,-22.5,110.3081176757813,0.0
11418,-18.75,110.3081176757813,0.0
11419,-15.0,110.3081176757813,0.0
11420,-26.25,110.321630859375,0.0
11421,-22.5,110.321630859375,0.0
11422,-18.75,110.321630859375,0.0
11423,-15.0,110.321630859375,0.0
11424,-26.25,110.3351440429688,0.0
11425,-22.5,110.3351440429688,0.0
11426,-18.75,110.3351440429688,0.0
11427,-15.0,110.3351440429688,0.0
11428,-26.25,110.3486572265625,0.0
11429,-22.5,110.3486572265625,0.0
11430,-18.75,110.3486572265625,0.0
11431,-15.0,110.3486572265625,0.0
11432,-26.25,110.3621704101562,0.0
11433,-22.5,110.3621704101562,0.0
11434,-18.75,110.3621704101562,0.0
11435,-15.0,110.3621704101562,0.0
11436,-26.25,110.37568359375,0.0
11437,-22.5,110.37568359375,0.0
11438,-18.75,110.37568359375,0.0
11439,-15.0,110.37568359375,0.0
11440,-26.25,110.3891967773438,0.0
11441,-22.5,110.3891967773438,0.0
11442,-18.75,110.3891967773438,0.0
11443,-15.0,110.3891967773438,0.0
11444,-26.25,110.4027099609375,0.0
11445,-22.5,110.4027099609375,0.0
11446,-18.75,110.4027099609375,0.0
11447,-15.0,110.4027099609375,0.0
11448,-26.25,110.4162231445312,0.0
11449,-22.5,110.4162231445312,0.0
11450,-18.75,110.4162231445312,0.0
11451,-15.0,110.4162231445312,0.0
11452,-26.25,110.429736328125,0.0
11453,-22.5,110.429736328125,0.0
11454,-18.75,110.429736328125,0.0
11455,-15.0,110.429736328125,0.0
11456,-26.25,110.4432495117187,0.0
11457,-22.5,110.4432495117187,0.0
11458,-18.75,110.4432495117187,0.0
11459,-15.0,110.4432495117187,0.0
11460,-26.25,110.4567626953125,0.0
11461,-22.5,110.4567626953125,0.0
11462,-18.75,110.4567626953125,0.0
11463,-15.0,110.4567626953125,0.0
11464,-26.25,110.4702758789062,0.0
11465,-22.5,110.4702758789062,0.0
11466,-18.75,110.4702758789062,0.0
11467,-15.0,110.4702758789062,0.0
11468,-26.25,110.4837890625,0.0
11469,-22.5,110.4837890625,0.0
11470,-18.75,110.4837890625,0.0
11471,-15.0,110.4837890625,0.0
11472,-11.25,110.2743347167969,0.0
11473,-7.5,110.2743347167969,0.0
11474,-11.25,110.2810913085937,0.0
11475,-7.5,110.2810913085937,0.0
11476,-3.75,110.2743347167969,0.0
11477,0.0,110.2743347167969,0.0
11478,-3.75,110.2810913085937,0.0
11479,0.0,110.2810913085937,0.0
11480,-11.25,110.2878479003906,0.0
11481,-7.5,110.2878479003906,0.0
11482,-11.25,110.2946044921875,0.0
11483,-7.5,110.2946044921875,0.0
11484,-3.75,110.2878479003906,0.0
11485,0.0,110.2878479003906,0.0
11486,-3.75,110.2946044921875,0.0
11487,0.0,110.2946044921875,0.0
11488,-11.25,110.3013610839844,0.0
11489,-7.5,110.3013610839844,0.0
11490,-11.25,110.3081176757813,0.0
11491,-7.5,110.3081176757813,0.0
11492,-3.75,110.3013610839844,0.0
11493,0.0,110.3013610839844,0.0
11494,-3.75,110.3081176757813,0.0
11495,0.0,110.3081176757813,0.0
11496,-11.25,110.321630859375,0.0
11497,-7.5,110.321630859375,0.0
11498,-3.75,110.321630859375,0.0
11499,0.0,110.321630859375,0.0
11500,-11.25,110.3351440429688,0.0
11501,-7.5,110.3351440429688,0.0
11502,-11.25,110.3486572265625,0.0
11503,-7.5,110.3486572265625,0.0
11504,-3.75,110.3351440429688,0.0
11505,0.0,110.3351440429688,0.0
11506,-3.75,110.3486572265625,0.0
11507,0.0,110.3486572265625,0.0
11508,-11.25,110.3621704101562,0.0
11509,-7.5,110.3621704101562,0.0
11510,-11.25,110.37568359375,0.0
11511,-7.5,110.37568359375,0.0
11512,-3.75,110.3621704101562,0.0
11513,0.0,110.3621704101562,0.0
11514,-3.75,110.37568359375,0.0
11515,0.0,110.37568359375,0.0
11516,-11.25,110.3891967773438,0.0
11517,-7.5,110.3891967773438,0.0
11518,-11.25,110.4027099609375,0.0
11519,-7.5,110.4027099609375,0.0
11520,-3.75,110.3891967773438,0.0
11521,0.0,110.3891967773438,0.0
11522,-3.75,110.4027099609375,0.0
11523,0.0,110.4027099609375,0.0
11524,-11.25,110.4162231445312,0.0
11525,-7.5,110.4162231445312,0.0
11526,-11.25,110.429736328125,0.0
11527,-7.5,110.429736328125,0.0
11528,-3.75,110.4162231445312,0.0
11529,0.0,110.4162231445312,0.0
11530,-3.75,110.429736328125,0.0
11531,0.0,110.429736328125,0.0
11532,-11.25,110.4432495117187,0.0
11533,-7.5,110.4432495117187,0.0
11534,-11.25,110.4567626953125,0.0
11535,-7.5,110.4567626953125,0.0
11536,-3.75,110.4432495117187,0.0
11537,0.0,110.4432495117187,0.0
11538,-3.75,110.4567626953125,0.0
11539,0.0,110.4567626953125,0.0
11540,-11.25,110.4702758789062,0.0
11541,-7.5,110.4702758789062,0.0
11542,-11.25,110.4837890625,0.0
11543,-7.5,110.4837890625,0.0
11544,-3.75,110.4702758789062,0.0
11545,0.0,110.4702758789062,0.0
11546,-3.75,110.4837890625,0.0
11547,0.0,110.4837890625,0.0
11548,-116.25,110.4973022460937,0.0
11549,-120.0,110.4973022460937,0.0
11550,-112.5,110.4973022460937,0.0
11551,-108.75,110.4973022460937,0.0
11552,-105.0,110.4973022460937,0.0
11553,-101.25,110.4973022460937,0.0
11554,-97.5,110.4973022460937,0.0
11555,-93.75,110.4973022460937,0.0
11556,-90.0,110.4973022460937,0.0
11557,-116.25,110.5108154296875,0.0
11558,-120.0,110.5108154296875,0.0
11559,-112.5,110.5108154296875,0.0
11560,-108.75,110.5108154296875,0.0
11561,-105.0,110.5108154296875,0.0
11562,-101.25,110.5108154296875,0.0
11563,-97.5,110.5108154296875,0.0
11564,-93.75,110.5108154296875,0.0
11565,-90.0,110.5108154296875,0.0
11566,-86.25,110.4973022460937,0.0
11567,-82.5,110.4973022460937,0.0
11568,-78.75,110.4973022460937,0.0
11569,-75.0,110.4973022460937,0.0
11570,-71.25,110.4973022460937,0.0
11571,-67.5,110.4973022460937,0.0
11572,-63.75,110.4973022460937,0.0
11573,-60.0,110.4973022460937,0.0
11574,-86.25,110.5108154296875,0.0
11575,-82.5,110.5108154296875,0.0
11576,-78.75,110.5108154296875,0.0
11577,-75.0,110.5108154296875,0.0
11578,-71.25,110.5108154296875,0.0
11579,-67.5,110.5108154296875,0.0
11580,-63.75,110.5108154296875,0.0
11581,-60.0,110.5108154296875,0.0
11582,-116.25,110.5243286132813,0.0
11583,-120.0,110.5243286132813,0.0
11584,-112.5,110.5243286132813,0.0
11585,-108.75,110.5243286132813,0.0
11586,-105.0,110.5243286132813,0.0
11587,-101.25,110.5243286132813,0.0
11588,-97.5,110.5243286132813,0.0
11589,-93.75,110.5243286132813,0.0
11590,-90.0,110.5243286132813,0.0
11591,-116.25,110.537841796875,0.0
11592,-120.0,110.537841796875,0.0
11593,-112.5,110.537841796875,0.0
11594,-108.75,110.537841796875,0.0
11595,-105.0,110.537841796875,0.0
11596,-101.25,110.537841796875,0.0
11597,-97.5,110.537841796875,0.0
11598,-93.75,110.537841796875,0.0
11599,-90.0,110.537841796875,0.0
11600,-86.25,110.5243286132813,0.0
11601,-82.5,110.5243286132813,0.0
11602,-78.75,110.5243286132813,0.0
11603,-75.0,110.5243286132813,0.0
11604,-71.25,110.5243286132813,0.0
11605,-67.5,110.5243286132813,0.0
11606,-63.75,110.5243286132813,0.0
11607,-60.0,110.5243286132813,0.0
11608,-86.25,110.537841796875,0.0
11609,-82.5,110.537841796875,0.0
11610,-78.75,110.537841796875,0.0
11611,-75.0,110.537841796875,0.0
11612,-71.25,110.537841796875,0.0
11613,-67.5,110.537841796875,0.0
11614,-63.75,110.537841796875,0.0
11615,-60.0,110.537841796875,0.0
11616,-116.25,110.5513549804687,0.0
11617,-120.0,110.5513549804687,0.0
11618,-112.5,110.5513549804687,0.0
11619,-108.75,110.5513549804687,0.0
11620,-105.0,110.5513549804687,0.0
11621,-101.25,110.5513549804687,0.0
11622,-97.5,110.5513549804687,0.0
11623,-93.75,110.5513549804687,0.0
11624,-90.0,110.5513549804687,0.0
11625,-116.25,110.5648681640625,0.0
11626,-120.0,110.5648681640625,0.0
11627,-112.5,110.5648681640625,0.0
11628,-108.75,110.5648681640625,0.0
11629,-105.0,110.5648681640625,0.0
11630,-101.25,110.5648681640625,0.0
11631,-97.5,110.5648681640625,0.0
11632,-93.75,110.5648681640625,0.0
11633,-90.0,110.5648681640625,0.0
11634,-86.25,110.5513549804687,0.0
11635,-82.5,110.5513549804687,0.0
11636,-78.75,110.5513549804687,0.0
11637,-75.0,110.5513549804687,0.0
11638,-71.25,110.5513549804687,0.0
11639,-67.5,110.5513549804687,0.0
11640,-63.75,110.5513549804687,0.0
11641,-60.0,110.5513549804687,0.0
11642,-86.25,110.5648681640625,0.0
11643,-82.5,110.5648681640625,0.0
11644,-78.75,110.5648681640625,0.0
11645,-75.0,110.5648681640625,0.0
11646,-71.25,110.5648681640625,0.0
11647,-67.5,110.5648681640625,0.0
11648,-63.75,110.5648681640625,0.0
11649,-60.0,110.5648681640625,0.0
11650,-116.25,110.5783813476563,0.0
11651,-120.0,110.5783813476563,0.0
11652,-112.5,110.5783813476563,0.0
11653,-108.75,110.5783813476563,0.0
11654,-105.0,110.5783813476563,0.0
11655,-101.25,110.5783813476563,0.0
11656,-97.5,110.5783813476563,0.0
11657,-93.75,110.5783813476563,0.0
11658,-90.0,110.5783813476563,0.0
11659,-116.25,110.59189453125,0.0
11660,-120.0,110.59189453125,0.0
11661,-112.5,110.59189453125,0.0
11662,-108.75,110.59189453125,0.0
11663,-105.0,110.59189453125,0.0
11664,-101.25,110.59189453125,0.0
11665,-97.5,110.59189453125,0.0
11666,-93.75,110.59189453125,0.0
11667,-90.0,110.59189453125,0.0
11668,-86.25,110.5783813476563,0.0
11669,-82.5,110.5783813476563,0.0
11670,-78.75,110.5783813476563,0.0
11671,-75.0,110.5783813476563,0.0
11672,-71.25,110.5783813476563,0.0
11673,-67.5,110.5783813476563,0.0
11674,-63.75,110.5783813476563,0.0
11675,-60.0,110.5783813476563,0.0
11676,-86.25,110.59189453125,0.0
11677,-82.5,110.59189453125,0.0
11678,-78.75,110.59189453125,0.0
11679,-75.0,110.59189453125,0.0
11680,-71.25,110.59189453125,0.0
11681,-67.5,110.59189453125,0.0
11682,-63.75,110.59189453125,0.0
11683,-60.0,110.59189453125,0.0
11684,-56.25,110.4973022460937,0.0
11685,-52.5,110.4973022460937,0.0
11686,-48.75,110.4973022460937,0.0
11687,-45.0,110.4973022460937,0.0
11688,-41.25,110.4973022460937,0.0
11689,-37.5,110.4973022460937,0.0
11690,-33.75,110.4973022460937,0.0
11691,-30.0,110.4973022460937,0.0
11692,-56.25,110.5108154296875,0.0
11693,-52.5,110.5108154296875,0.0
11694,-48.75,110.5108154296875,0.0
11695,-45.0,110.5108154296875,0.0
11696,-41.25,110.5108154296875,0.0
11697,-37.5,110.5108154296875,0.0
11698,-33.75,110.5108154296875,0.0
11699,-30.0,110.5108154296875,0.0
11700,-56.25,110.5243286132813,0.0
11701,-52.5,110.5243286132813,0.0
11702,-48.75,110.5243286132813,0.0
11703,-45.0,110.5243286132813,0.0
11704,-41.25,110.5243286132813,0.0
11705,-37.5,110.5243286132813,0.0
11706,-33.75,110.5243286132813,0.0
11707,-30.0,110.5243286132813,0.0
11708,-56.25,110.537841796875,0.0
11709,-52.5,110.537841796875,0.0
11710,-48.75,110.537841796875,0.0
11711,-45.0,110.537841796875,0.0
11712,-41.25,110.537841796875,0.0
11713,-37.5,110.537841796875,0.0
11714,-33.75,110.537841796875,0.0
11715,-30.0,110.537841796875,0.0
11716,-56.25,110.5513549804687,0.0
11717,-52.5,110.5513549804687,0.0
11718,-48.75,110.5513549804687,0.0
11719,-45.0,110.5513549804687,0.0
11720,-41.25,110.5513549804687,0.0
11721,-37.5,110.5513549804687,0.0
11722,-33.75,110.5513549804687,0.0
11723,-30.0,110.5513549804687,0.0
11724,-56.25,110.5648681640625,0.0
11725,-52.5,110.5648681640625,0.0
11726,-48.75,110.5648681640625,0.0
11727,-45.0,110.5648681640625,0.0
11728,-41.25,110.5648681640625,0.0
11729,-37.5,110.5648681640625,0.0
11730,-33.75,110.5648681640625,0.0
11731,-30.0,110.5648681640625,0.0
11732,-56.25,110.5783813476563,0.0
11733,-52.5,110.5783813476563,0.0
11734,-48.75,110.5783813476563,0.0
11735,-45.0,110.5783813476563,0.0
11736,-41.25,110.5783813476563,0.0
11737,-37.5,110.5783813476563,0.0
11738,-33.75,110.5783813476563,0.0
11739,-30.0,110.5783813476563,0.0
11740,-56.25,110.59189453125,0.0
11741,-52.5,110.59189453125,0.0
11742,-48.75,110.59189453125,0.0
11743,-45.0,110.59189453125,0.0
11744,-41.25,110.59189453125,0.0
11745,-37.5,110.59189453125,0.0
11746,-33.75,110.59189453125,0.0
11747,-30.0,110.59189453125,0.0
11748,-26.25,110.4973022460937,0.0
11749,-22.5,110.4973022460937,0.0
11750,-18.75,110.4973022460937,0.0
11751,-15.0,110.4973022460937,0.0
11752,-26.25,110.5108154296875,0.0
11753,-22.5,110.5108154296875,0.0
11754,-18.75,110.5108154296875,0.0
11755,-15.0,110.5108154296875,0.0
11756,-26.25,110.5243286132813,0.0
11757,-22.5,110.5243286132813,0.0
11758,-18.75,110.5243286132813,0.0
11759,-15.0,110.5243286132813,0.0
11760,-26.25,110.537841796875,0.0
11761,-22.5,110.537841796875,0.0
11762,-18.75,110.537841796875,0.0
11763,-15.0,110.537841796875,0.0
11764,-26.25,110.5513549804687,0.0
11765,-22.5,110.5513549804687,0.0
11766,-18.75,110.5513549804687,0.0
11767,-15.0,110.5513549804687,0.0
11768,-26.25,110.5648681640625,0.0
11769,-22.5,110.5648681640625,0.0
11770,-18.75,110.5648681640625,0.0
11771,-15.0,110.5648681640625,0.0
11772,-26.25,110.5783813476563,0.0
11773,-22.5,110.5783813476563,0.0
11774,-18.75,110.5783813476563,0.0
11775,-15.0,110.5783813476563,0.0
11776,-26.25,110.59189453125,0.0
11777,-22.5,110.59189453125,0.0
11778,-18.75,110.59189453125,0.0
11779,-15.0,110.59189453125,0.0
11780,-11.25,110.4973022460937,0.0
11781,-7.5,110.4973022460937,0.0
11782,-11.25,110.5108154296875,0.0
11783,-7.5,110.5108154296875,0.0
11784,-3.75,110.4973022460937,0.0
11785,0.0,110.4973022460937,0.0
11786,-3.75,110.5108154296875,0.0
11787,0.0,110.5108154296875,0.0
11788,-11.25,110.5243286132813,0.0
11789,-7.5,110.5243286132813,0.0
11790,-11.25,110.537841796875,0.0
11791,-7.5,110.537841796875,0.0
11792,-3.75,110.5243286132813,0.0
11793,0.0,110.5243286132813,0.0
11794,-3.75,110.537841796875,0.0
11795,0.0,110.537841796875,0.0
11796,-11.25,110.5513549804687,0.0
11797,-7.5,110.5513549804687,0.0
11798,-11.25,110.5648681640625,0.0
11799,-7.5,110.5648681640625,0.0
11800,-3.75,110.5513549804687,0.0
11801,0.0,110.5513549804687,0.0
11802,-3.75,110.5648681640625,0.0
11803,0.0,110.5648681640625,0.0
11804,-11.25,110.5783813476563,0.0
11805,-7.5,110.5783813476563,0.0
11806,-11.25,110.59189453125,0.0
11807,-7.5,110.59189453125,0.0
11808,-3.75,110.5783813476563,0.0
11809,0.0,110.5783813476563,0.0
11810,-3.75,110.59189453125,0.0
11811,0.0,110.59189453125,0.0
11812,-116.25,110.6054077148438,0.0
11813,-120.0,110.6054077148438,0.0
11814,-112.5,110.6054077148438,0.0
11815,-108.75,110.6054077148438,0.0
11816,-105.0,110.6054077148438,0.0
11817,-101.25,110.6054077148438,0.0
11818,-97.5,110.6054077148438,0.0
11819,-93.75,110.6054077148438,0.0
11820,-90.0,110.6054077148438,0.0
11821,-116.25,110.6189208984375,0.0
11822,-120.0,110.6189208984375,0.0
11823,-112.5,110.6189208984375,0.0
11824,-108.75,110.6189208984375,0.0
11825,-105.0,110.6189208984375,0.0
11826,-101.25,110.6189208984375,0.0
11827,-97.5,110.6189208984375,0.0
11828,-93.75,110.6189208984375,0.0
11829,-90.0,110.6189208984375,0.0
11830,-86.25,110.6054077148438,0.0
11831,-82.5,110.6054077148438,0.0
11832,-78.75,110.6054077148438,0.0
11833,-75.0,110.6054077148438,0.0
11834,-71.25,110.6054077148438,0.0
11835,-67.5,110.6054077148438,0.0
11836,-63.75,110.6054077148438,0.0
11837,-60.0,110.6054077148438,0.0
11838,-86.25,110.6189208984375,0.0
11839,-82.5,110.6189208984375,0.0
11840,-78.75,110.6189208984375,0.0
11841,-75.0,110.6189208984375,0.0
11842,-71.25,110.6189208984375,0.0
11843,-67.5,110.6189208984375,0.0
11844,-63.75,110.6189208984375,0.0
11845,-60.0,110.6189208984375,0.0
11846,-116.25,110.6324340820313,0.0
11847,-120.0,110.6324340820313,0.0
11848,-112.5,110.6324340820313,0.0
11849,-108.75,110.6324340820313,0.0
11850,-105.0,110.6324340820313,0.0
11851,-101.25,110.6324340820313,0.0
11852,-97.5,110.6324340820313,0.0
11853,-93.75,110.6324340820313,0.0
11854,-90.0,110.6324340820313,0.0
11855,-116.25,110.645947265625,0.0
11856,-120.0,110.645947265625,0.0
11857,-112.5,110.645947265625,0.0
11858,-108.75,110.645947265625,0.0
11859,-105.0,110.645947265625,0.0
11860,-101.25,110.645947265625,0.0
11861,-97.5,110.645947265625,0.0
11862,-93.75,110.645947265625,0.0
11863,-90.0,110.645947265625,0.0
11864,-86.25,110.6324340820313,0.0
11865,-82.5,110.6324340820313,0.0
11866,-78.75,110.6324340820313,0.0
11867,-75.0,110.6324340820313,0.0
11868,-71.25,110.6324340820313,0.0
11869,-67.5,110.6324340820313,0.0
11870,-63.75,110.6324340820313,0.0
11871,-60.0,110.6324340820313,0.0
11872,-86.25,110.645947265625,0.0
11873,-82.5,110.645947265625,0.0
11874,-78.75,110.645947265625,0.0
11875,-75.0,110.645947265625,0.0
11876,-71.25,110.645947265625,0.0
11877,-67.5,110.645947265625,0.0
11878,-63.75,110.645947265625,0.0
11879,-60.0,110.645947265625,0.0
11880,-56.25,110.6054077148438,0.0
11881,-52.5,110.6054077148438,0.0
11882,-48.75,110.6054077148438,0.0
11883,-45.0,110.6054077148438,0.0
11884,-41.25,110.6054077148438,0.0
11885,-37.5,110.6054077148438,0.0
11886,-33.75,110.6054077148438,0.0
11887,-30.0,110.6054077148438,0.0
11888,-56.25,110.6189208984375,0.0
11889,-52.5,110.6189208984375,0.0
11890,-48.75,110.6189208984375,0.0
11891,-45.0,110.6189208984375,0.0
11892,-41.25,110.6189208984375,0.0
11893,-37.5,110.6189208984375,0.0
11894,-33.75,110.6189208984375,0.0
11895,-30.0,110.6189208984375,0.0
11896,-56.25,110.6324340820313,0.0
11897,-52.5,110.6324340820313,0.0
11898,-48.75,110.6324340820313,0.0
11899,-45.0,110.6324340820313,0.0
11900,-41.25,110.6324340820313,0.0
11901,-37.5,110.6324340820313,0.0
11902,-33.75,110.6324340820313,0.0
11903,-30.0,110.6324340820313,0.0
11904,-56.25,110.645947265625,0.0
11905,-52.5,110.645947265625,0.0
11906,-48.75,110.645947265625,0.0
11907,-45.0,110.645947265625,0.0
11908,-41.25,110.645947265625,0.0
11909,-37.5,110.645947265625,0.0
11910,-33.75,110.645947265625,0.0
11911,-30.0,110.645947265625,0.0
11912,-26.25,110.6054077148438,0.0
11913,-22.5,110.6054077148438,0.0
11914,-18.75,110.6054077148438,0.0
11915,-15.0,110.6054077148438,0.0
11916,-26.25,110.6189208984375,0.0
11917,-22.5,110.6189208984375,0.0
11918,-18.75,110.6189208984375,0.0
11919,-15.0,110.6189208984375,0.0
11920,-26.25,110.6324340820313,0.0
11921,-22.5,110.6324340820313,0.0
11922,-18.75,110.6324340820313,0.0
11923,-15.0,110.6324340820313,0.0
11924,-26.25,110.645947265625,0.0
11925,-22.5,110.645947265625,0.0
11926,-18.75,110.645947265625,0.0
11927,-15.0,110.645947265625,0.0
11928,-11.25,110.6054077148438,0.0
11929,-7.5,110.6054077148438,0.0
11930,-11.25,110.6189208984375,0.0
11931,-7.5,110.6189208984375,0.0
11932,-3.75,110.6054077148438,0.0
11933,0.0,110.6054077148438,0.0
11934,-3.75,110.6189208984375,0.0
11935,0.0,110.6189208984375,0.0
11936,-11.25,110.6324340820313,0.0
11937,-7.5,110.6324340820313,0.0
11938,-11.25,110.645947265625,0.0
11939,-7.5,110.645947265625,0.0
11940,-3.75,110.6324340820313,0.0
11941,0.0,110.6324340820313,0.0
11942,-3.75,110.645947265625,0.0
11943,0.0,110.645947265625,0.0
11944,-116.25,110.6594604492188,0.0
11945,-120.0,110.6594604492188,0.0
11946,-112.5,110.6594604492188,0.0
11947,-108.75,110.6594604492188,0.0
11948,-105.0,110.6594604492188,0.0
11949,-101.25,110.6594604492188,0.0
11950,-97.5,110.6594604492188,0.0
11951,-93.75,110.6594604492188,0.0
11952,-90.0,110.6594604492188,0.0
11953,-116.25,110.6729736328125,0.0
11954,-120.0,110.6729736328125,0.0
11955,-112.5,110.6729736328125,0.0
11956,-108.75,110.6729736328125,0.0
11957,-105.0,110.6729736328125,0.0
11958,-101.25,110.6729736328125,0.0
11959,-97.5,110.6729736328125,0.0
11960,-93.75,110.6729736328125,0.0
11961,-90.0,110.6729736328125,0.0
11962,-86.25,110.6594604492188,0.0
11963,-82.5,110.6594604492188,0.0
11964,-78.75,110.6594604492188,0.0
11965,-75.0,110.6594604492188,0.0
11966,-71.25,110.6594604492188,0.0
11967,-67.5,110.6594604492188,0.0
11968,-63.75,110.6594604492188,0.0
11969,-60.0,110.6594604492188,0.0
11970,-86.25,110.6729736328125,0.0
11971,-82.5,110.6729736328125,0.0
11972,-78.75,110.6729736328125,0.0
11973,-75.0,110.6729736328125,0.0
11974,-71.25,110.6729736328125,0.0
11975,-67.5,110.6729736328125,0.0
11976,-63.75,110.6729736328125,0.0
11977,-60.0,110.6729736328125,0.0
11978,-56.25,110.6594604492188,0.0
11979,-52.5,110.6594604492188,0.0
11980,-48.75,110.6594604492188,0.0
11981,-45.0,110.6594604492188,0.0
11982,-41.25,110.6594604492188,0.0
11983,-37.5,110.6594604492188,0.0
11984,-33.75,110.6594604492188,0.0
11985,-30.0,110.6594604492188,0.0
11986,-56.25,110.6729736328125,0.0
11987,-52.5,110.6729736328125,0.0
11988,-48.75,110.6729736328125,0.0
11989,-45.0,110.6729736328125,0.0
11990,-41.25,110.6729736328125,0.0
11991,-37.5,110.6729736328125,0.0
11992,-33.75,110.6729736328125,0.0
11993,-30.0,110.6729736328125,0.0
11994,-26.25,110.6594604492188,0.0
11995,-22.5,110.6594604492188,0.0
11996,-18.75,110.6594604492188,0.0
11997,-15.0,110.6594604492188,0.0
11998,-26.25,110.6729736328125,0.0
11999,-22.5,110.6729736328125,0.0
12000,-18.75,110.6729736328125,0.0
12001,-15.0,110.6729736328125,0.0
12002,-11.25,110.6594604492188,0.0
12003,-7.5,110.6594604492188,0.0
12004,-11.25,110.6729736328125,0.0
12005,-7.5,110.6729736328125,0.0
12006,-3.75,110.6594604492188,0.0
12007,0.0,110.6594604492188,0.0
12008,-3.75,110.6729736328125,0.0
12009,0.0,110.6729736328125,0.0
12010,-116.25,110.6864868164062,0.0
12011,-120.0,110.6864868164062,0.0
12012,-112.5,110.6864868164062,0.0
12013,-108.75,110.6864868164062,0.0
12014,-105.0,110.6864868164062,0.0
12015,-101.25,110.6864868164062,0.0
12016,-97.5,110.6864868164062,0.0
12017,-93.75,110.6864868164062,0.0
12018,-90.0,110.6864868164062,0.0
12019,-116.25,110.7,0.0
12020,-112.5,110.7,0.0
12021,-108.75,110.7,0.0
12022,-105.0,110.7,0.0
12023,-101.25,110.7,0.0
12024,-97.5,110.7,0.0
12025,-93.75,110.7,0.0
12026,-90.0,110.7,0.0
12027,-86.25,110.6864868164062,0.0
12028,-82.5,110.6864868164062,0.0
12029,-78.75,110.6864868164062,0.0
12030,-75.0,110.6864868164062,0.0
12031,-71.25,110.6864868164062,0.0
12032,-67.5,110.6864868164062,0.0
12033,-63.75,110.6864868164062,0.0
12034,-60.0,110.6864868164062,0.0
12035,-86.25,110.7,0.0
12036,-82.5,110.7,0.0
12037,-78.75,110.7,0.0
12038,-75.0,110.7,0.0
12039,-71.25,110.7,0.0
12040,-67.5,110.7,0.0
12041,-63.75,110.7,0.0
12042,-60.0,110.7,0.0
12043,-56.25,110.6864868164062,0.0
12044,-52.5,110.6864868164062,0.0
12045,-48.75,110.6864868164062,0.0
12046,-45.0,110.6864868164062,0.0
12047,-41.25,110.6864868164062,0.0
12048,-37.5,110.6864868164062,0.0
12049,-33.75,110.6864868164062,0.0
12050,-30.0,110.6864868164062,0.0
12051,-56.25,110.7,0.0
12052,-52.5,110.7,0.0
12053,-48.75,110.7,0.0
12054,-45.0,110.7,0.0
12055,-41.25,110.7,0.0
12056,-37.5,110.7,0.0
12057,-33.75,110.7,0.0
12058,-30.0,110.7,0.0
12059,-26.25,110.6864868164062,0.0
12060,-22.5,110.6864868164062,0.0
12061,-18.75,110.6864868164062,0.0
12062,-15.0,110.6864868164062,0.0
12063,-26.25,110.7,0.0
12064,-22.5,110.7,0.0
12065,-18.75,110.7,0.0
12066,-15.0,110.7,0.0
12067,-11.25,110.6864868164062,0.0
12068,-7.5,110.6864868164062,0.0
12069,-11.25,110.7,0.0
12070,-7.5,110.7,0.0
12071,-3.75,110.6864868164062,0.0
12072,0.0,110.6864868164062,0.0
12073,-3.75,110.7,0.0
12074,0.0,110.7,0.0
12075,3.75,0.01351318359375,0.0
12076,3.75,-0.0,0.0
12077,3.75,0.0270263671875,0.0
12078,7.5,0.01351318359375,0.0
12079,7.5,-0.0,0.0
12080,7.5,0.0270263671875,0.0
12081,3.75,0.04053955078125,0.0
12082,3.75,0.054052734375,0.0
12083,7.5,0.04053955078125,0.0
12084,7.5,0.054052734375,0.0
12085,3.75,0.06756591796875,0.0
12086,3.75,0.0810791015625,0.0
12087,7.5,0.06756591796875,0.0
12088,7.5,0.0810791015625,0.0
12089,3.75,0.09459228515625001,0.0
12090,7.5,0.09459228515625001,0.0
12091,3.75,0.101348876953125,4462829953951.713
12092,3.75,0.10810546875,4488644953018.579
12093,7.5,0.101348876953125,0.0
12094,7.5,0.10810546875,0.0
12095,3.75,0.114862060546875,4514459952085.446
12096,3.75,0.12161865234375,4540274951152.312
12097,7.5,0.114862060546875,0.0
12098,7.5,0.12161865234375,0.0
12099,3.75,0.128375244140625,4566089950219.178
12100,3.75,0.1351318359375,4591904949286.045
12101,7.5,0.128375244140625,0.0
12102,7.5,0.1351318359375,0.0
12103,3.75,0.141888427734375,4617719948352.91
12104,3.75,0.14864501953125,4643534947419.778
12105,7.5,0.141888427734375,0.0
12106,7.5,0.14864501953125,0.0
12107,3.75,0.155401611328125,4669349946486.644
12108,3.75,0.162158203125,4695164945553.511
12109,7.5,0.155401611328125,0.0
12110,7.5,0.162158203125,0.0
12111,3.75,0.168914794921875,4720979944620.377
12112,3.75,0.17567138671875,4746794943687.242
12113,7.5,0.168914794921875,0.0
12114,7.5,0.17567138671875,0.0
12115,3.75,0.182427978515625,4772609942754.109
12116,3.75,0.1891845703125,4798424941820.976
12117,7.5,0.182427978515625,0.0
12118,7.5,0.1891845703125,0.0
12119,3.75,0.195941162109375,4824239940887.842
12120,3.75,0.2,4839747596153.846
12121,3.75,0.20269775390625,4850054939954.709
12122,7.5,0.195941162109375,0.0
12123,7.5,0.2,0.0
12124,7.5,0.20269775390625,0.0
12125,3.75,0.209454345703125,4875869939021.574
12126,3.75,0.2162109375,4901684938088.441
12127,7.5,0.209454345703125,0.0
12128,7.5,0.2162109375,0.0
12129,3.75,0.222967529296875,4927499937155.308
12130,3.75,0.22972412109375,4953314936222.174
12131,7.5,0.222967529296875,0.0
12132,7.5,0.22972412109375,0.0
12133,3.75,0.236480712890625,4979129935289.04
12134,3.75,0.2432373046875,5004944934355.906
12135,7.5,0.236480712890625,0.0
12136,7.5,0.2432373046875,0.0
12137,3.75,0.249993896484375,5030759933422.773
12138,3.75,0.25675048828125,5056574932489.639
12139,7.5,0.249993896484375,0.0
12140,7.5,0.25675048828125,0.0
12141,3.75,0.263507080078125,5082389931556.506
12142,3.75,0.270263671875,5108204930623.372
12143,7.5,0.263507080078125,0.0
12144,7.5,0.270263671875,0.0
12145,3.75,0.277020263671875,5134019929690.238
12146,3.75,0.28377685546875,5159834928757.1045
12147,7.5,0.277020263671875,0.0
12148,7.5,0.28377685546875,0.0
12149,3.75,0.290533447265625,5185649927823.972
12150,3.75,0.2972900390625,5211464926890.838
12151,7.5,0.290533447265625,0.0
12152,7.5,0.2972900390625,0.0
12153,3.75,0.304046630859375,5188468657151.247
12154,3.75,0.31080322265625,5132784297894.208
12155,7.5,0.304046630859375,0.0
12156,7.5,0.31080322265625,0.0
12157,3.75,0.32431640625,5021415579380.132
12158,7.5,0.32431640625,0.0
12159,3.75,0.3513427734375,4798678142351.981
12160,7.5,0.3513427734375,0.0
12161,3.75,0.378369140625,4575940705323.83
12162,7.5,0.378369140625,0.0
12163,3.75,0.432421875,4130465831267.5273
12164,7.5,0.432421875,0.0
12165,3.75,0.54052734375,3113237523788.061
12166,7.5,0.54052734375,0.0
12167,3.75,0.6486328125,1885443522135.416
12168,7.5,0.6486328125,0.0
12169,3.75,0.86484375,368480190179.28674
12170,7.5,0.86484375,0.0
12171,3.75,1.297265625,0.0
12172,7.5,1.297265625,0.0
12173,3.75,1.7296875,0.0
12174,7.5,1.7296875,0.0
12175,3.75,2.162109375,0.0
12176,3.75,2.59453125,0.0
12177,7.5,2.162109375,0.0
12178,7.5,2.59453125,0.0
12179,3.75,3.026953125,0.0
12180,3.75,3.459375,0.0
12181,7.5,3.026953125,0.0
12182,7.5,3.459375,0.0
12183,3.75,3.891796875,0.0
12184,3.75,4.32421875,0.0
12185,7.5,3.891796875,0.0
12186,7.5,4.32421875,0.0
12187,3.75,4.756640625,0.0
12188,3.75,5.1890625,0.0
12189,7.5,4.756640625,0.0
12190,7.5,5.1890625,0.0
12191,3.75,5.621484375000001,0.0
12192,3.75,6.053906250000001,0.0
12193,7.5,5.621484375000001,0.0
12194,7.5,6.053906250000001,0.0
12195,3.75,6.486328125,0.0
12196,3.75,6.91875,0.0
12197,7.5,6.486328125,0.0
12198,7.5,6.91875,0.0
12199,3.75,7.351171875,0.0
12200,3.75,7.78359375,0.0
12201,7.5,7.351171875,0.0
12202,7.5,7.78359375,0.0
12203,3.75,8.216015625,0.0
12204,3.75,8.6484375,0.0
12205,7.5,8.216015625,0.0
12206,7.5,8.6484375,0.0
12207,3.75,9.080859375,0.0
12208,3.75,9.51328125,0.0
12209,7.5,9.080859375,0.0
12210,7.5,9.51328125,0.0
12211,3.75,9.945703125000001,0.0
12212,3.75,10.378125,0.0
12213,7.5,9.945703125000001,0.0
12214,7.5,10.378125,0.0
12215,3.75,10.810546875,0.0
12216,3.75,11.24296875,0.0
12217,7.5,10.810546875,0.0
12218,7.5,11.24296875,0.0
12219,3.75,11.675390625,0.0
12220,3.75,12.1078125,0.0
12221,7.5,11.675390625,0.0
12222,7.5,12.1078125,0.0
12223,3.75,12.540234375,0.0
12224,3.75,12.97265625,0.0
12225,7.5,12.540234375,0.0
12226,7.5,12.97265625,0.0
12227,3.75,13.405078125,0.0
12228,3.75,13.8375,0.0
12229,7.5,13.405078125,0.0
12230,7.5,13.8375,0.0
12231,11.25,0.01351318359375,0.0
12232,11.25,-0.0,0.0
12233,11.25,0.0270263671875,0.0
12234,15.0,0.01351318359375,0.0
12235,15.0,-0.0,0.0
12236,15.0,0.0270263671875,0.0
12237,11.25,0.04053955078125,0.0
12238,11.25,0.054052734375,0.0
12239,15.0,0.04053955078125,0.0
12240,15.0,0.054052734375,0.0
12241,11.25,0.06756591796875,0.0
12242,11.25,0.0810791015625,0.0
12243,15.0,0.06756591796875,0.0
12244,15.0,0.0810791015625,0.0
12245,11.25,0.09459228515625001,0.0
12246,15.0,0.09459228515625001,0.0
12247,11.25,0.101348876953125,0.0
12248,11.25,0.10810546875,0.0
12249,15.0,0.101348876953125,0.0
12250,15.0,0.10810546875,0.0
12251,11.25,0.114862060546875,0.0
12252,11.25,0.12161865234375,0.0
12253,15.0,0.114862060546875,0.0
12254,15.0,0.12161865234375,0.0
12255,11.25,0.128375244140625,0.0
12256,11.25,0.1351318359375,0.0
12257,15.0,0.128375244140625,0.0
12258,15.0,0.1351318359375,0.0
12259,11.25,0.141888427734375,0.0
12260,11.25,0.14864501953125,0.0
12261,15.0,0.141888427734375,0.0
12262,15.0,0.14864501953125,0.0
12263,11.25,0.155401611328125,0.0
12264,11.25,0.162158203125,0.0
12265,15.0,0.155401611328125,0.0
12266,15.0,0.162158203125,0.0
12267,11.25,0.168914794921875,0.0
12268,11.25,0.17567138671875,0.0
12269,15.0,0.168914794921875,0.0
12270,15.0,0.17567138671875,0.0
12271,11.25,0.182427978515625,0.0
12272,11.25,0.1891845703125,0.0
12273,15.0,0.182427978515625,0.0
12274,15.0,0.1891845703125,0.0
12275,11.25,0.195941162109375,0.0
12276,11.25,0.2,0.0
12277,11.25,0.20269775390625,0.0
12278,15.0,0.195941162109375,0.0
12279,15.0,0.2,0.0
12280,15.0,0.20269775390625,0.0
12281,11.25,0.209454345703125,0.0
12282,11.25,0.2162109375,0.0
12283,15.0,0.209454345703125,0.0
12284,15.0,0.2162109375,0.0
12285,11.25,0.222967529296875,0.0
12286,11.25,0.22972412109375,0.0
12287,15.0,0.222967529296875,0.0
12288,15.0,0.22972412109375,0.0
12289,11.25,0.236480712890625,0.0
12290,11.25,0.2432373046875,0.0
12291,15.0,0.236480712890625,0.0
12292,15.0,0.2432373046875,0.0
12293,11.25,0.249993896484375,0.0
12294,11.25,0.25675048828125,0.0
12295,15.0,0.249993896484375,0.0
12296,15.0,0.25675048828125,0.0
12297,11.25,0.263507080078125,0.0
12298,11.25,0.270263671875,0.0
12299,15.0,0.263507080078125,0.0
12300,15.0,0.270263671875,0.0
12301,11.25,0.277020263671875,0.0
12302,11.25,0.28377685546875,0.0
12303,15.0,0.277020263671875,0.0
12304,15.0,0.28377685546875,0.0
12305,11.25,0.290533447265625,0.0
12306,11.25,0.2972900390625,0.0
12307,15.0,0.290533447265625,0.0
12308,15.0,0.2972900390625,0.0
12309,11.25,0.304046630859375,0.0
12310,11.25,0.31080322265625,0.0
12311,15.0,0.304046630859375,0.0
12312,15.0,0.31080322265625,0.0
12313,11.25,0.32431640625,0.0
12314,15.0,0.32431640625,0.0
12315,11.25,0.3513427734375,0.0
12316,15.0,0.3513427734375,0.0
12317,11.25,0.378369140625,0.0
12318,15.0,0.378369140625,0.0
12319,11.25,0.432421875,0.0
12320,15.0,0.432421875,0.0
12321,11.25,0.54052734375,0.0
12322,15.0,0.54052734375,0.0
12323,11.25,0.6486328125,0.0
12324,15.0,0.6486328125,0.0
12325,11.25,0.86484375,0.0
12326,15.0,0.86484375,0.0
12327,11.25,1.297265625,0.0
12328,15.0,1.297265625,0.0
12329,11.25,1.7296875,0.0
12330,15.0,1.7296875,0.0
12331,11.25,2.162109375,0.0
12332,11.25,2.59453125,0.0
12333,15.0,2.162109375,0.0
12334,15.0,2.59453125,0.0
12335,11.25,3.026953125,0.0
12336,11.25,3.459375,0.0
12337,15.0,3.026953125,0.0
12338,15.0,3.459375,0.0
12339,11.25,3.891796875,0.0
12340,11.25,4.32421875,0.0
12341,15.0,3.891796875,0.0
12342,15.0,4.32421875,0.0
12343,11.25,4.756640625,0.0
12344,11.25,5.1890625,0.0
12345,15.0,4.756640625,0.0
12346,15.0,5.1890625,0.0
12347,11.25,5.621484375000001,0.0
12348,11.25,6.053906250000001,0.0
12349,15.0,5.621484375000001,0.0
12350,15.0,6.053906250000001,0.0
12351,11.25,6.486328125,0.0
12352,11.25,6.91875,0.0
12353,15.0,6.486328125,0.0
12354,15.0,6.91875,0.0
12355,11.25,7.351171875,0.0
12356,11.25,7.78359375,0.0
12357,15.0,7.351171875,0.0
12358,15.0,7.78359375,0.0
12359,11.25,8.216015625,0.0
12360,11.25,8.6484375,0.0
12361,15.0,8.216015625,0.0
12362,15.0,8.6484375,0.0
12363,11.25,9.080859375,0.0
12364,11.25,9.51328125,0.0
12365,15.0,9.080859375,0.0
12366,15.0,9.51328125,0.0
12367,11.25,9.945703125000001,0.0
12368,11.25,10.378125,0.0
12369,15.0,9.945703125000001,0.0
12370,15.0,10.378125,0.0
12371,11.25,10.810546875,0.0
12372,11.25,11.24296875,0.0
12373,15.0,10.810546875,0.0
12374,15.0,11.24296875,0.0
12375,11.25,11.675390625,0.0
12376,11.25,12.1078125,0.0
12377,15.0,11.675390625,0.0
12378,15.0,12.1078125,0.0
12379,11.25,12.540234375,0.0
12380,11.25,12.97265625,0.0
12381,15.0,12.540234375,0.0
12382,15.0,12.97265625,0.0
12383,11.25,13.405078125,0.0
12384,11.25,13.8375,0.0
12385,15.0,13.405078125,0.0
12386,15.0,13.8375,0.0
12387,3.75,14.269921875,0.0
12388,3.75,14.70234375,0.0
12389,7.5,14.269921875,0.0
12390,7.5,14.70234375,0.0
12391,3.75,15.134765625,0.0
12392,3.75,15.5671875,0.0
12393,7.5,15.134765625,0.0
12394,7.5,15.5671875,0.0
12395,3.75,15.999609375,0.0
12396,3.75,16.43203125,0.0
12397,7.5,15.999609375,0.0
12398,7.5,16.43203125,0.0
12399,3.75,16.864453125,0.0
12400,3.75,17.296875,0.0
12401,7.5,16.864453125,0.0
12402,7.5,17.296875,0.0
12403,3.75,17.729296875,0.0
12404,3.75,18.16171875,0.0
12405,7.5,17.729296875,0.0
12406,7.5,18.16171875,0.0
12407,3.75,18.594140625,0.0
12408,3.75,19.0265625,0.0
12409,7.5,18.594140625,0.0
12410,7.5,19.0265625,0.0
12411,3.75,19.458984375,0.0
12412,3.75,19.89140625,0.0
12413,7.5,19.458984375,0.0
12414,7.5,19.89140625,0.0
12415,3.75,20.323828125,0.0
12416,3.75,20.75625,0.0
12417,7.5,20.323828125,0.0
12418,7.5,20.75625,0.0
12419,3.75,21.188671875,0.0
12420,3.75,21.62109375,0.0
12421,7.5,21.188671875,0.0
12422,7.5,21.62109375,0.0
12423,3.75,22.053515625,0.0
12424,3.75,22.4859375,0.0
12425,7.5,22.053515625,0.0
12426,7.5,22.4859375,0.0
12427,3.75,22.918359375,0.0
12428,3.75,23.35078125,0.0
12429,7.5,22.918359375,0.0
12430,7.5,23.35078125,0.0
12431,3.75,23.783203125,0.0
12432,3.75,24.215625,0.0
12433,7.5,23.783203125,0.0
12434,7.5,24.215625,0.0
12435,3.75,24.648046875,0.0
12436,3.75,25.08046875,0.0
12437,7.5,24.648046875,0.0
12438,7.5,25.08046875,0.0
12439,3.75,25.512890625,0.0
12440,3.75,25.9453125,0.0
12441,7.5,25.512890625,0.0
12442,7.5,25.9453125,0.0
12443,3.75,26.377734375,0.0
12444,3.75,26.81015625,0.0
12445,7.5,26.377734375,0.0
12446,7.5,26.81015625,0.0
12447,3.75,27.242578125,0.0
12448,3.75,27.675,0.0
12449,7.5,27.242578125,0.0
12450,7.5,27.675,0.0
12451,11.25,14.269921875,0.0
12452,11.25,14.70234375,0.0
12453,15.0,14.269921875,0.0
12454,15.0,14.70234375,0.0
12455,11.25,15.134765625,0.0
12456,11.25,15.5671875,0.0
12457,15.0,15.134765625,0.0
12458,15.0,15.5671875,0.0
12459,11.25,15.999609375,0.0
12460,11.25,16.43203125,0.0
12461,15.0,15.999609375,0.0
12462,15.0,16.43203125,0.0
12463,11.25,16.864453125,0.0
12464,11.25,17.296875,0.0
12465,15.0,16.864453125,0.0
12466,15.0,17.296875,0.0
12467,11.25,17.729296875,0.0
12468,11.25,18.16171875,0.0
12469,15.0,17.729296875,0.0
12470,15.0,18.16171875,0.0
12471,11.25,18.594140625,0.0
12472,11.25,19.0265625,0.0
12473,15.0,18.594140625,0.0
12474,15.0,19.0265625,0.0
12475,11.25,19.458984375,0.0
12476,11.25,19.89140625,0.0
12477,15.0,19.458984375,0.0
12478,15.0,19.89140625,0.0
12479,11.25,20.323828125,0.0
12480,11.25,20.75625,0.0
12481,15.0,20.323828125,0.0
12482,15.0,20.75625,0.0
12483,11.25,21.188671875,0.0
12484,11.25,21.62109375,0.0
12485,15.0,21.188671875,0.0
12486,15.0,21.62109375,0.0
12487,11.25,22.053515625,0.0
12488,11.25,22.4859375,0.0
12489,15.0,22.053515625,0.0
12490,15.0,22.4859375,0.0
12491,11.25,22.918359375,0.0
12492,11.25,23.35078125,0.0
12493,15.0,22.918359375,0.0
12494,15.0,23.35078125,0.0
12495,11.25,23.783203125,0.0
12496,11.25,24.215625,0.0
12497,15.0,23.783203125,0.0
12498,15.0,24.215625,0.0
12499,11.25,24.648046875,0.0
12500,11.25,25.08046875,0.0
12501,15.0,24.648046875,0.0
12502,15.0,25.08046875,0.0
12503,11.25,25.512890625,0.0
12504,11.25,25.9453125,0.0
12505,15.0,25.512890625,0.0
12506,15.0,25.9453125,0.0
12507,11.25,26.377734375,0.0
12508,11.25,26.81015625,0.0
12509,15.0,26.377734375,0.0
12510,15.0,26.81015625,0.0
12511,11.25,27.242578125,0.0
12512,11.25,27.675,0.0
12513,15.0,27.242578125,0.0
12514,15.0,27.675,0.0
12515,18.75,0.01351318359375,0.0
12516,18.75,-0.0,0.0
12517,18.75,0.0270263671875,0.0
12518,22.5,0.01351318359375,0.0
12519,22.5,-0.0,0.0
12520,22.5,0.0270263671875,0.0
12521,18.75,0.04053955078125,0.0
12522,18.75,0.054052734375,0.0
12523,22.5,0.04053955078125,0.0
12524,22.5,0.054052734375,0.0
12525,18.75,0.06756591796875,0.0
12526,18.75,0.0810791015625,0.0
12527,22.5,0.06756591796875,0.0
12528,22.5,0.0810791015625,0.0
12529,18.75,0.09459228515625001,0.0
12530,22.5,0.09459228515625001,0.0
12531,18.75,0.101348876953125,0.0
12532,18.75,0.10810546875,0.0
12533,22.5,0.101348876953125,0.0
12534,22.5,0.10810546875,0.0
12535,18.75,0.114862060546875,0.0
12536,18.75,0.12161865234375,0.0
12537,22.5,0.114862060546875,0.0
12538,22.5,0.12161865234375,0.0
12539,18.75,0.128375244140625,0.0
12540,18.75,0.1351318359375,0.0
12541,22.5,0.128375244140625,0.0
12542,22.5,0.1351318359375,0.0
12543,18.75,0.141888427734375,0.0
12544,18.75,0.14864501953125,0.0
12545,22.5,0.141888427734375,0.0
12546,22.5,0.14864501953125,0.0
12547,18.75,0.155401611328125,0.0
12548,18.75,0.162158203125,0.0
12549,22.5,0.155401611328125,0.0
12550,22.5,0.162158203125,0.0
12551,18.75,0.168914794921875,0.0
12552,18.75,0.17567138671875,0.0
12553,22.5,0.168914794921875,0.0
12554,22.5,0.17567138671875,0.0
12555,18.75,0.182427978515625,0.0
12556,18.75,0.1891845703125,0.0
12557,22.5,0.182427978515625,0.0
12558,22.5,0.1891845703125,0.0
12559,18.75,0.195941162109375,0.0
12560,18.75,0.2,0.0
12561,18.75,0.20269775390625,0.0
12562,22.5,0.195941162109375,0.0
12563,22.5,0.2,0.0
12564,22.5,0.20269775390625,0.0
12565,18.75,0.209454345703125,0.0
12566,18.75,0.2162109375,0.0
12567,22.5,0.209454345703125,0.0
12568,22.5,0.2162109375,0.0
12569,18.75,0.222967529296875,0.0
12570,18.75,0.22972412109375,0.0
12571,22.5,0.222967529296875,0.0
12572,22.5,0.22972412109375,0.0
12573,18.75,0.236480712890625,0.0
12574,18.75,0.2432373046875,0.0
12575,22.5,0.236480712890625,0.0
12576,22.5,0.2432373046875,0.0
12577,18.75,0.249993896484375,0.0
12578,18.75,0.25675048828125,0.0
12579,22.5,0.249993896484375,0.0
12580,22.5,0.25675048828125,0.0
12581,18.75,0.263507080078125,0.0
12582,18.75,0.270263671875,0.0
12583,22.5,0.263507080078125,0.0
12584,22.5,0.270263671875,0.0
12585,18.75,0.277020263671875,0.0
12586,18.75,0.28377685546875,0.0
12587,22.5,0.277020263671875,0.0
12588,22.5,0.28377685546875,0.0
12589,18.75,0.290533447265625,0.0
12590,18.75,0.2972900390625,0.0
12591,22.5,0.290533447265625,0.0
12592,22.5,0.2972900390625,0.0
12593,18.75,0.304046630859375,0.0
12594,18.75,0.31080322265625,0.0
12595,22.5,0.304046630859375,0.0
12596,22.5,0.31080322265625,0.0
12597,18.75,0.32431640625,0.0
12598,22.5,0.32431640625,0.0
12599,18.75,0.3513427734375,0.0
12600,22.5,0.3513427734375,0.0
12601,18.75,0.378369140625,0.0
12602,22.5,0.378369140625,0.0
12603,18.75,0.432421875,0.0
12604,22.5,0.432421875,0.0
12605,18.75,0.54052734375,0.0
12606,22.5,0.54052734375,0.0
12607,18.75,0.6486328125,0.0
12608,22.5,0.6486328125,0.0
12609,18.75,0.86484375,0.0
12610,22.5,0.86484375,0.0
12611,18.75,1.297265625,0.0
12612,22.5,1.297265625,0.0
12613,18.75,1.7296875,0.0
12614,22.5,1.7296875,0.0
12615,18.75,2.162109375,0.0
12616,18.75,2.59453125,0.0
12617,22.5,2.162109375,0.0
12618,22.5,2.59453125,0.0
12619,18.75,3.026953125,0.0
12620,18.75,3.459375,0.0
12621,22.5,3.026953125,0.0
12622,22.5,3.459375,0.0
12623,18.75,3.891796875,0.0
12624,18.75,4.32421875,0.0
12625,22.5,3.891796875,0.0
12626,22.5,4.32421875,0.0
12627,18.75,4.756640625,0.0
12628,18.75,5.1890625,0.0
12629,22.5,4.756640625,0.0
12630,22.5,5.1890625,0.0
12631,18.75,5.621484375000001,0.0
12632,18.75,6.053906250000001,0.0
12633,22.5,5.621484375000001,0.0
12634,22.5,6.053906250000001,0.0
12635,18.75,6.486328125,0.0
12636,18.75,6.91875,0.0
12637,22.5,6.486328125,0.0
12638,22.5,6.91875,0.0
12639,18.75,7.351171875,0.0
12640,18.75,7.78359375,0.0
12641,22.5,7.351171875,0.0
12642,22.5,7.78359375,0.0
12643,18.75,8.216015625,0.0
12644,18.75,8.6484375,0.0
12645,22.5,8.216015625,0.0
12646,22.5,8.6484375,0.0
12647,18.75,9.080859375,0.0
12648,18.75,9.51328125,0.0
12649,22.5,9.080859375,0.0
12650,22.5,9.51328125,0.0
12651,18.75,9.945703125000001,0.0
12652,18.75,10.378125,0.0
12653,22.5,9.945703125000001,0.0
12654,22.5,10.378125,0.0
12655,18.75,10.810546875,0.0
12656,18.75,11.24296875,0.0
12657,22.5,10.810546875,0.0
12658,22.5,11.24296875,0.0
12659,18.75,11.675390625,0.0
12660,18.75,12.1078125,0.0
12661,22.5,11.675390625,0.0
12662,22.5,12.1078125,0.0
12663,18.75,12.540234375,0.0
12664,18.75,12.97265625,0.0
12665,22.5,12.540234375,0.0
12666,22.5,12.97265625,0.0
12667,18.75,13.405078125,0.0
12668,18.75,13.8375,0.0
12669,22.5,13.405078125,0.0
12670,22.5,13.8375,0.0
12671,26.25,0.01351318359375,0.0
12672,26.25,-0.0,0.0
12673,26.25,0.0270263671875,0.0
12674,30.0,0.01351318359375,0.0
12675,30.0,-0.0,0.0
12676,30.0,0.0270263671875,0.0
12677,26.25,0.04053955078125,0.0
12678,26.25,0.054052734375,0.0
12679,30.0,0.04053955078125,0.0
12680,30.0,0.054052734375,0.0
12681,26.25,0.06756591796875,0.0
12682,26.25,0.0810791015625,0.0
12683,30.0,0.06756591796875,0.0
12684,30.0,0.0810791015625,0.0
12685,26.25,0.09459228515625001,0.0
12686,30.0,0.09459228515625001,0.0
12687,26.25,0.101348876953125,0.0
12688,26.25,0.10810546875,0.0
12689,30.0,0.101348876953125,0.0
12690,30.0,0.10810546875,0.0
12691,26.25,0.114862060546875,0.0
12692,26.25,0.12161865234375,0.0
12693,30.0,0.114862060546875,0.0
12694,30.0,0.12161865234375,0.0
12695,26.25,0.128375244140625,0.0
12696,26.25,0.1351318359375,0.0
12697,30.0,0.128375244140625,0.0
12698,30.0,0.1351318359375,0.0
12699,26.25,0.141888427734375,0.0
12700,26.25,0.14864501953125,0.0
12701,30.0,0.141888427734375,0.0
12702,30.0,0.14864501953125,0.0
12703,26.25,0.155401611328125,0.0
12704,26.25,0.162158203125,0.0
12705,30.0,0.155401611328125,0.0
12706,30.0,0.162158203125,0.0
12707,26.25,0.168914794921875,0.0
12708,26.25,0.17567138671875,0.0
12709,30.0,0.168914794921875,0.0
12710,30.0,0.17567138671875,0.0
12711,26.25,0.182427978515625,0.0
12712,26.25,0.1891845703125,0.0
12713,30.0,0.182427978515625,0.0
12714,30.0,0.1891845703125,0.0
12715,26.25,0.195941162109375,0.0
12716,26.25,0.2,0.0
12717,26.25,0.20269775390625,0.0
12718,30.0,0.195941162109375,0.0
12719,30.0,0.2,0.0
12720,30.0,0.20269775390625,0.0
12721,26.25,0.209454345703125,0.0
12722,26.25,0.2162109375,0.0
12723,30.0,0.209454345703125,0.0
12724,30.0,0.2162109375,0.0
12725,26.25,0.222967529296875,0.0
12726,26.25,0.22972412109375,0.0
12727,30.0,0.222967529296875,0.0
12728,30.0,0.22972412109375,0.0
12729,26.25,0.236480712890625,0.0
12730,26.25,0.2432373046875,0.0
12731,30.0,0.236480712890625,0.0
12732,30.0,0.2432373046875,0.0
12733,26.25,0.249993896484375,0.0
12734,26.25,0.25675048828125,0.0
12735,30.0,0.249993896484375,0.0
12736,30.0,0.25675048828125,0.0
12737,26.25,0.263507080078125,0.0
12738,26.25,0.270263671875,0.0
12739,30.0,0.263507080078125,0.0
12740,30.0,0.270263671875,0.0
12741,26.25,0.277020263671875,0.0
12742,26.25,0.28377685546875,0.0
12743,30.0,0.277020263671875,0.0
12744,30.0,0.28377685546875,0.0
12745,26.25,0.290533447265625,0.0
12746,26.25,0.2972900390625,0.0
12747,30.0,0.290533447265625,0.0
12748,30.0,0.2972900390625,0.0
12749,26.25,0.304046630859375,0.0
12750,26.25,0.31080322265625,0.0
12751,30.0,0.304046630859375,0.0
12752,30.0,0.31080322265625,0.0
12753,26.25,0.32431640625,0.0
12754,30.0,0.32431640625,0.0
12755,26.25,0.3513427734375,0.0
12756,30.0,0.3513427734375,0.0
12757,26.25,0.378369140625,0.0
12758,30.0,0.378369140625,0.0
12759,26.25,0.432421875,0.0
12760,30.0,0.432421875,0.0
12761,26.25,0.54052734375,0.0
12762,30.0,0.54052734375,0.0
12763,26.25,0.6486328125,0.0
12764,30.0,0.6486328125,0.0
12765,26.25,0.86484375,0.0
12766,30.0,0.86484375,0.0
12767,26.25,1.297265625,0.0
12768,30.0,1.297265625,0.0
12769,26.25,1.7296875,0.0
12770,30.0,1.7296875,0.0
12771,26.25,2.162109375,0.0
12772,26.25,2.59453125,0.0
12773,30.0,2.162109375,0.0
12774,30.0,2.59453125,0.0
12775,26.25,3.026953125,0.0
12776,26.25,3.459375,0.0
12777,30.0,3.026953125,0.0
12778,30.0,3.459375,0.0
12779,26.25,3.891796875,0.0
12780,26.25,4.32421875,0.0
12781,30.0,3.891796875,0.0
12782,30.0,4.32421875,0.0
12783,26.25,4.756640625,0.0
12784,26.25,5.1890625,0.0
12785,30.0,4.756640625,0.0
12786,30.0,5.1890625,0.0
12787,26.25,5.621484375000001,0.0
12788,26.25,6.053906250000001,0.0
12789,30.0,5.621484375000001,0.0
12790,30.0,6.053906250000001,0.0
12791,26.25,6.486328125,0.0
12792,26.25,6.91875,0.0
12793,30.0,6.486328125,0.0
12794,30.0,6.91875,0.0
12795,26.25,7.351171875,0.0
12796,26.25,7.78359375,0.0
12797,30.0,7.351171875,0.0
12798,30.0,7.78359375,0.0
12799,26.25,8.216015625,0.0
12800,26.25,8.6484375,0.0
12801,30.0,8.216015625,0.0
12802,30.0,8.6484375,0.0
12803,26.25,9.080859375,0.0
12804,26.25,9.51328125,0.0
12805,30.0,9.080859375,0.0
12806,30.0,9.51328125,0.0
12807,26.25,9.945703125000001,0.0
12808,26.25,10.378125,0.0
12809,30.0,9.945703125000001,0.0
12810,30.0,10.378125,0.0
12811,26.25,10.810546875,0.0
12812,26.25,11.24296875,0.0
12813,30.0,10.810546875,0.0
12814,30.0,11.24296875,0.0
12815,26.25,11.675390625,0.0
12816,26.25,12.1078125,0.0
12817,30.0,11.675390625,0.0
12818,30.0,12.1078125,0.0
12819,26.25,12.540234375,0.0
12820,26.25,12.97265625,0.0
12821,30.0,12.540234375,0.0
12822,30.0,12.97265625,0.0
12823,26.25,13.405078125,0.0
12824,26.25,13.8375,0.0
12825,30.0,13.405078125,0.0
12826,30.0,13.8375,0.0
12827,18.75,14.269921875,0.0
12828,18.75,14.70234375,0.0
12829,22.5,14.269921875,0.0
12830,22.5,14.70234375,0.0
12831,18.75,15.134765625,0.0
12832,18.75,15.5671875,0.0
12833,22.5,15.134765625,0.0
12834,22.5,15.5671875,0.0
12835,18.75,15.999609375,0.0
12836,18.75,16.43203125,0.0
12837,22.5,15.999609375,0.0
12838,22.5,16.43203125,0.0
12839,18.75,16.864453125,0.0
12840,18.75,17.296875,0.0
12841,22.5,16.864453125,0.0
12842,22.5,17.296875,0.0
12843,18.75,17.729296875,0.0
12844,18.75,18.16171875,0.0
12845,22.5,17.729296875,0.0
12846,22.5,18.16171875,0.0
12847,18.75,18.594140625,0.0
12848,18.75,19.0265625,0.0
12849,22.5,18.594140625,0.0
12850,22.5,19.0265625,0.0
12851,18.75,19.458984375,0.0
12852,18.75,19.89140625,0.0
12853,22.5,19.458984375,0.0
12854,22.5,19.89140625,0.0
12855,18.75,20.323828125,0.0
12856,18.75,20.75625,0.0
12857,22.5,20.323828125,0.0
12858,22.5,20.75625,0.0
12859,18.75,21.188671875,0.0
12860,18.75,21.62109375,0.0
12861,22.5,21.188671875,0.0
12862,22.5,21.62109375,0.0
12863,18.75,22.053515625,0.0
12864,18.75,22.4859375,0.0
12865,22.5,22.053515625,0.0
12866,22.5,22.4859375,0.0
12867,18.75,22.918359375,0.0
12868,18.75,23.35078125,0.0
12869,22.5,22.918359375,0.0
12870,22.5,23.35078125,0.0
12871,18.75,23.783203125,0.0
12872,18.75,24.215625,0.0
12873,22.5,23.783203125,0.0
12874,22.5,24.215625,0.0
12875,18.75,24.648046875,0.0
12876,18.75,25.08046875,0.0
12877,22.5,24.648046875,0.0
12878,22.5,25.08046875,0.0
12879,18.75,25.512890625,0.0
12880,18.75,25.9453125,0.0
12881,22.5,25.512890625,0.0
12882,22.5,25.9453125,0.0
12883,18.75,26.377734375,0.0
12884,18.75,26.81015625,0.0
12885,22.5,26.377734375,0.0
12886,22.5,26.81015625,0.0
12887,18.75,27.242578125,0.0
12888,18.75,27.675,0.0
12889,22.5,27.242578125,0.0
12890,22.5,27.675,0.0
12891,26.25,14.269921875,0.0
12892,26.25,14.70234375,0.0
12893,30.0,14.269921875,0.0
12894,30.0,14.70234375,0.0
12895,26.25,15.134765625,0.0
12896,26.25,15.5671875,0.0
12897,30.0,15.134765625,0.0
12898,30.0,15.5671875,0.0
12899,26.25,15.999609375,0.0
12900,26.25,16.43203125,0.0
12901,30.0,15.999609375,0.0
12902,30.0,16.43203125,0.0
12903,26.25,16.864453125,0.0
12904,26.25,17.296875,0.0
12905,30.0,16.864453125,0.0
12906,30.0,17.296875,0.0
12907,26.25,17.729296875,0.0
12908,26.25,18.16171875,0.0
12909,30.0,17.729296875,0.0
12910,30.0,18.16171875,0.0
12911,26.25,18.594140625,0.0
12912,26.25,19.0265625,0.0
12913,30.0,18.594140625,0.0
12914,30.0,19.0265625,0.0
12915,26.25,19.458984375,0.0
12916,26.25,19.89140625,0.0
12917,30.0,19.458984375,0.0
12918,30.0,19.89140625,0.0
12919,26.25,20.323828125,0.0
12920,26.25,20.75625,0.0
12921,30.0,20.323828125,0.0
12922,30.0,20.75625,0.0
12923,26.25,21.188671875,0.0
12924,26.25,21.62109375,0.0
12925,30.0,21.188671875,0.0
12926,30.0,21.62109375,0.0
12927,26.25,22.053515625,0.0
12928,26.25,22.4859375,0.0
12929,30.0,22.053515625,0.0
12930,30.0,22.4859375,0.0
12931,26.25,22.918359375,0.0
12932,26.25,23.35078125,0.0
12933,30.0,22.918359375,0.0
12934,30.0,23.35078125,0.0
12935,26.25,23.783203125,0.0
12936,26.25,24.215625,0.0
12937,30.0,23.783203125,0.0
12938,30.0,24.215625,0.0
12939,26.25,24.648046875,0.0
12940,26.25,25.08046875,0.0
12941,30.0,24.648046875,0.0
12942,30.0,25.08046875,0.0
12943,26.25,25.512890625,0.0
12944,26.25,25.9453125,0.0
12945,30.0,25.512890625,0.0
12946,30.0,25.9453125,0.0
12947,26.25,26.377734375,0.0
12948,26.25,26.81015625,0.0
12949,30.0,26.377734375,0.0
12950,30.0,26.81015625,0.0
12951,26.25,27.242578125,0.0
12952,26.25,27.675,0.0
12953,30.0,27.242578125,0.0
12954,30.0,27.675,0.0
12955,3.75,28.107421875,0.0
12956,3.75,28.53984375,0.0
12957,7.5,28.107421875,0.0
12958,7.5,28.53984375,0.0
12959,3.75,28.972265625,0.0
12960,3.75,29.4046875,0.0
12961,7.5,28.972265625,0.0
12962,7.5,29.4046875,0.0
12963,3.75,29.837109375,0.0
12964,3.75,30.26953125,0.0
12965,7.5,29.837109375,0.0
12966,7.5,30.26953125,0.0
12967,3.75,30.701953125,0.0
12968,3.75,31.134375,0.0
12969,7.5,30.701953125,0.0
12970,7.5,31.134375,0.0
12971,3.75,31.566796875,0.0
12972,3.75,31.99921875,0.0
12973,7.5,31.566796875,0.0
12974,7.5,31.99921875,0.0
12975,3.75,32.431640625,0.0
12976,3.75,32.8640625,0.0
12977,7.5,32.431640625,0.0
12978,7.5,32.8640625,0.0
12979,3.75,33.29648437500001,0.0
12980,3.75,33.72890625,0.0
12981,7.5,33.29648437500001,0.0
12982,7.5,33.72890625,0.0
12983,3.75,34.161328125,0.0
12984,3.75,34.59375,0.0
12985,7.5,34.161328125,0.0
12986,7.5,34.59375,0.0
12987,3.75,35.026171875,0.0
12988,3.75,35.45859375,0.0
12989,7.5,35.026171875,0.0
12990,7.5,35.45859375,0.0
12991,3.75,35.89101562499999,0.0
12992,3.75,36.3234375,0.0
12993,7.5,35.89101562499999,0.0
12994,7.5,36.3234375,0.0
12995,3.75,36.755859375,0.0
12996,3.75,37.18828125,0.0
12997,7.5,36.755859375,0.0
12998,7.5,37.18828125,0.0
12999,3.75,37.62070312500001,0.0
13000,3.75,38.053125,0.0
13001,7.5,37.62070312500001,0.0
13002,7.5,38.053125,0.0
13003,3.75,38.485546875,0.0
13004,3.75,38.91796875,0.0
13005,7.5,38.485546875,0.0
13006,7.5,38.91796875,0.0
13007,3.75,39.350390625,0.0
13008,3.75,39.78281250000001,0.0
13009,7.5,39.350390625,0.0
13010,7.5,39.78281250000001,0.0
13011,3.75,40.21523437500001,0.0
13012,3.75,40.64765625,0.0
13013,7.5,40.21523437500001,0.0
13014,7.5,40.64765625,0.0
13015,3.75,41.080078125,0.0
13016,3.75,41.5125,0.0
13017,7.5,41.080078125,0.0
13018,7.5,41.5125,0.0
13019,11.25,28.107421875,0.0
13020,11.25,28.53984375,0.0
13021,15.0,28.107421875,0.0
13022,15.0,28.53984375,0.0
13023,11.25,28.972265625,0.0
13024,11.25,29.4046875,0.0
13025,15.0,28.972265625,0.0
13026,15.0,29.4046875,0.0
13027,11.25,29.837109375,0.0
13028,11.25,30.26953125,0.0
13029,15.0,29.837109375,0.0
13030,15.0,30.26953125,0.0
13031,11.25,30.701953125,0.0
13032,11.25,31.134375,0.0
13033,15.0,30.701953125,0.0
13034,15.0,31.134375,0.0
13035,11.25,31.566796875,0.0
13036,11.25,31.99921875,0.0
13037,15.0,31.566796875,0.0
13038,15.0,31.99921875,0.0
13039,11.25,32.431640625,0.0
13040,11.25,32.8640625,0.0
13041,15.0,32.431640625,0.0
13042,15.0,32.8640625,0.0
13043,11.25,33.29648437500001,0.0
13044,11.25,33.72890625,0.0
13045,15.0,33.29648437500001,0.0
13046,15.0,33.72890625,0.0
13047,11.25,34.161328125,0.0
13048,11.25,34.59375,0.0
13049,15.0,34.161328125,0.0
13050,15.0,34.59375,0.0
13051,11.25,35.026171875,0.0
13052,11.25,35.45859375,0.0
13053,15.0,35.026171875,0.0
13054,15.0,35.45859375,0.0
13055,11.25,35.89101562499999,0.0
13056,11.25,36.3234375,0.0
13057,15.0,35.89101562499999,0.0
13058,15.0,36.3234375,0.0
13059,11.25,36.755859375,0.0
13060,11.25,37.18828125,0.0
13061,15.0,36.755859375,0.0
13062,15.0,37.18828125,0.0
13063,11.25,37.62070312500001,0.0
13064,11.25,38.053125,0.0
13065,15.0,37.62070312500001,0.0
13066,15.0,38.053125,0.0
13067,11.25,38.485546875,0.0
13068,11.25,38.91796875,0.0
13069,15.0,38.485546875,0.0
13070,15.0,38.91796875,0.0
13071,11.25,39.350390625,0.0
13072,11.25,39.78281250000001,0.0
13073,15.0,39.350390625,0.0
13074,15.0,39.78281250000001,0.0
13075,11.25,40.21523437500001,0.0
13076,11.25,40.64765625,0.0
13077,15.0,40.21523437500001,0.0
13078,15.0,40.64765625,0.0
13079,11.25,41.080078125,0.0
13080,11.25,41.5125,0.0
13081,15.0,41.080078125,0.0
13082,15.0,41.5125,0.0
13083,3.75,41.94492187500001,0.0
13084,3.75,42.37734375,0.0
13085,7.5,41.94492187500001,0.0
13086,7.5,42.37734375,0.0
13087,3.75,42.809765625,0.0
13088,3.75,43.2421875,0.0
13089,7.5,42.809765625,0.0
13090,7.5,43.2421875,0.0
13091,3.75,43.674609375,0.0
13092,3.75,44.10703125000001,0.0
13093,7.5,43.674609375,0.0
13094,7.5,44.10703125000001,0.0
13095,3.75,44.53945312500001,0.0
13096,3.75,44.971875,0.0
13097,7.5,44.53945312500001,0.0
13098,7.5,44.971875,0.0
13099,3.75,45.404296875,0.0
13100,3.75,45.83671875,0.0
13101,7.5,45.404296875,0.0
13102,7.5,45.83671875,0.0
13103,3.75,46.26914062500001,0.0
13104,3.75,46.70156250000001,0.0
13105,7.5,46.26914062500001,0.0
13106,7.5,46.70156250000001,0.0
13107,3.75,47.13398437500001,0.0
13108,3.75,47.56640625000001,0.0
13109,7.5,47.13398437500001,0.0
13110,7.5,47.56640625000001,0.0
13111,3.75,47.998828125,0.0
13112,3.75,48.43125000000001,0.0
13113,7.5,47.998828125,0.0
13114,7.5,48.43125000000001,0.0
13115,3.75,48.86367187500001,0.0
13116,3.75,49.29609375,0.0
13117,7.5,48.86367187500001,0.0
13118,7.5,49.29609375,0.0
13119,3.75,49.728515625,0.0
13120,3.75,50.1609375,0.0
13121,7.5,49.728515625,0.0
13122,7.5,50.1609375,0.0
13123,3.75,50.59335937500001,0.0
13124,3.75,51.02578125,0.0
13125,7.5,50.59335937500001,0.0
13126,7.5,51.02578125,0.0
13127,3.75,51.458203125,0.0
13128,3.75,51.890625,0.0
13129,7.5,51.458203125,0.0
13130,7.5,51.890625,0.0
13131,3.75,52.323046875,0.0
13132,3.75,52.75546875,0.0
13133,7.5,52.323046875,0.0
13134,7.5,52.75546875,0.0
13135,3.75,53.18789062499999,0.0
13136,3.75,53.6203125,0.0
13137,7.5,53.18789062499999,0.0
13138,7.5,53.6203125,0.0
13139,3.75,54.052734375,0.0
13140,3.75,54.48515625,0.0
13141,7.5,54.052734375,0.0
13142,7.5,54.48515625,0.0
13143,3.75,54.91757812500001,0.0
13144,3.75,55.35,0.0
13145,7.5,54.91757812500001,0.0
13146,7.5,55.35,0.0
13147,11.25,41.94492187500001,0.0
13148,11.25,42.37734375,0.0
13149,15.0,41.94492187500001,0.0
13150,15.0,42.37734375,0.0
13151,11.25,42.809765625,0.0
13152,11.25,43.2421875,0.0
13153,15.0,42.809765625,0.0
13154,15.0,43.2421875,0.0
13155,11.25,43.674609375,0.0
13156,11.25,44.10703125000001,0.0
13157,15.0,43.674609375,0.0
13158,15.0,44.10703125000001,0.0
13159,11.25,44.53945312500001,0.0
13160,11.25,44.971875,0.0
13161,15.0,44.53945312500001,0.0
13162,15.0,44.971875,0.0
13163,11.25,45.404296875,0.0
13164,11.25,45.83671875,0.0
13165,15.0,45.404296875,0.0
13166,15.0,45.83671875,0.0
13167,11.25,46.26914062500001,0.0
13168,11.25,46.70156250000001,0.0
13169,15.0,46.26914062500001,0.0
13170,15.0,46.70156250000001,0.0
13171,11.25,47.13398437500001,0.0
13172,11.25,47.56640625000001,0.0
13173,15.0,47.13398437500001,0.0
13174,15.0,47.56640625000001,0.0
13175,11.25,47.998828125,0.0
13176,11.25,48.43125000000001,0.0
13177,15.0,47.998828125,0.0
13178,15.0,48.43125000000001,0.0
13179,11.25,48.86367187500001,0.0
13180,11.25,49.29609375,0.0
13181,15.0,48.86367187500001,0.0
13182,15.0,49.29609375,0.0
13183,11.25,49.728515625,0.0
13184,11.25,50.1609375,0.0
13185,15.0,49.728515625,0.0
13186,15.0,50.1609375,0.0
13187,11.25,50.59335937500001,0.0
13188,11.25,51.02578125,0.0
13189,15.0,50.59335937500001,0.0
13190,15.0,51.02578125,0.0
13191,11.25,51.458203125,0.0
13192,11.25,51.890625,0.0
13193,15.0,51.458203125,0.0
13194,15.0,51.890625,0.0
13195,11.25,52.323046875,0.0
13196,11.25,52.75546875,0.0
13197,15.0,52.323046875,0.0
13198,15.0,52.75546875,0.0
13199,11.25,53.18789062499999,0.0
13200,11.25,53.6203125,0.0
13201,15.0,53.18789062499999,0.0
13202,15.0,53.6203125,0.0
13203,11.25,54.052734375,0.0
13204,11.25,54.48515625,0.0
13205,15.0,54.052734375,0.0
13206,15.0,54.48515625,0.0
13207,11.25,54.91757812500001,0.0
13208,11.25,55.35,0.0
13209,15.0,54.91757812500001,0.0
13210,15.0,55.35,0.0
13211,18.75,28.107421875,0.0
13212,18.75,28.53984375,0.0
13213,22.5,28.107421875,0.0
13214,22.5,28.53984375,0.0
13215,18.75,28.972265625,0.0
13216,18.75,29.4046875,0.0
13217,22.5,28.972265625,0.0
13218,22.5,29.4046875,0.0
13219,18.75,29.837109375,0.0
13220,18.75,30.26953125,0.0
13221,22.5,29.837109375,0.0
13222,22.5,30.26953125,0.0
13223,18.75,30.701953125,0.0
13224,18.75,31.134375,0.0
13225,22.5,30.701953125,0.0
13226,22.5,31.134375,0.0
13227,18.75,31.566796875,0.0
13228,18.75,31.99921875,0.0
13229,22.5,31.566796875,0.0
13230,22.5,31.99921875,0.0
13231,18.75,32.431640625,0.0
13232,18.75,32.8640625,0.0
13233,22.5,32.431640625,0.0
13234,22.5,32.8640625,0.0
13235,18.75,33.29648437500001,0.0
13236,18.75,33.72890625,0.0
13237,22.5,33.29648437500001,0.0
13238,22.5,33.72890625,0.0
13239,18.75,34.161328125,0.0
13240,18.75,34.59375,0.0
13241,22.5,34.161328125,0.0
13242,22.5,34.59375,0.0
13243,18.75,35.026171875,0.0
13244,18.75,35.45859375,0.0
13245,22.5,35.026171875,0.0
13246,22.5,35.45859375,0.0
13247,18.75,35.89101562499999,0.0
13248,18.75,36.3234375,0.0
13249,22.5,35.89101562499999,0.0
13250,22.5,36.3234375,0.0
13251,18.75,36.755859375,0.0
13252,18.75,37.18828125,0.0
13253,22.5,36.755859375,0.0
13254,22.5,37.18828125,0.0
13255,18.75,37.62070312500001,0.0
13256,18.75,38.053125,0.0
13257,22.5,37.62070312500001,0.0
13258,22.5,38.053125,0.0
13259,18.75,38.485546875,0.0
13260,18.75,38.91796875,0.0
13261,22.5,38.485546875,0.0
13262,22.5,38.91796875,0.0
13263,18.75,39.350390625,0.0
13264,18.75,39.78281250000001,0.0
13265,22.5,39.350390625,0.0
13266,22.5,39.78281250000001,0.0
13267,18.75,40.21523437500001,0.0
13268,18.75,40.64765625,0.0
13269,22.5,40.21523437500001,0.0
13270,22.5,40.64765625,0.0
13271,18.75,41.080078125,0.0
13272,18.75,41.5125,0.0
13273,22.5,41.080078125,0.0
13274,22.5,41.5125,0.0
13275,26.25,28.107421875,0.0
13276,26.25,28.53984375,0.0
13277,30.0,28.107421875,0.0
13278,30.0,28.53984375,0.0
13279,26.25,28.972265625,0.0
13280,26.25,29.4046875,0.0
13281,30.0,28.972265625,0.0
13282,30.0,29.4046875,0.0
13283,26.25,29.837109375,0.0
13284,26.25,30.26953125,0.0
13285,30.0,29.837109375,0.0
13286,30.0,30.26953125,0.0
13287,26.25,30.701953125,0.0
13288,26.25,31.134375,0.0
13289,30.0,30.701953125,0.0
13290,30.0,31.134375,0.0
13291,26.25,31.566796875,0.0
13292,26.25,31.99921875,0.0
13293,30.0,31.566796875,0.0
13294,30.0,31.99921875,0.0
13295,26.25,32.431640625,0.0
13296,26.25,32.8640625,0.0
13297,30.0,32.431640625,0.0
13298,30.0,32.8640625,0.0
13299,26.25,33.29648437500001,0.0
13300,26.25,33.72890625,0.0
13301,30.0,33.29648437500001,0.0
13302,30.0,33.72890625,0.0
13303,26.25,34.161328125,0.0
13304,26.25,34.59375,0.0
13305,30.0,34.161328125,0.0
13306,30.0,34.59375,0.0
13307,26.25,35.026171875,0.0
13308,26.25,35.45859375,0.0
13309,30.0,35.026171875,0.0
13310,30.0,35.45859375,0.0
13311,26.25,35.89101562499999,0.0
13312,26.25,36.3234375,0.0
13313,30.0,35.89101562499999,0.0
13314,30.0,36.3234375,0.0
13315,26.25,36.755859375,0.0
13316,26.25,37.18828125,0.0
13317,30.0,36.755859375,0.0
13318,30.0,37.18828125,0.0
13319,26.25,37.62070312500001,0.0
13320,26.25,38.053125,0.0
13321,30.0,37.62070312500001,0.0
13322,30.0,38.053125,0.0
13323,26.25,38.485546875,0.0
13324,26.25,38.91796875,0.0
13325,30.0,38.485546875,0.0
13326,30.0,38.91796875,0.0
13327,26.25,39.350390625,0.0
13328,26.25,39.78281250000001,0.0
13329,30.0,39.350390625,0.0
13330,30.0,39.78281250000001,0.0
13331,26.25,40.21523437500001,0.0
13332,26.25,40.64765625,0.0
13333,30.0,40.21523437500001,0.0
13334,30.0,40.64765625,0.0
13335,26.25,41.080078125,0.0
13336,26.25,41.5125,0.0
13337,30.0,41.080078125,0.0
13338,30.0,41.5125,0.0
13339,18.75,41.94492187500001,0.0
13340,18.75,42.37734375,0.0
13341,22.5,41.94492187500001,0.0
13342,22.5,42.37734375,0.0
13343,18.75,42.809765625,0.0
13344,18.75,43.2421875,0.0
13345,22.5,42.809765625,0.0
13346,22.5,43.2421875,0.0
13347,18.75,43.674609375,0.0
13348,18.75,44.10703125000001,0.0
13349,22.5,43.674609375,0.0
13350,22.5,44.10703125000001,0.0
13351,18.75,44.53945312500001,0.0
13352,18.75,44.971875,0.0
13353,22.5,44.53945312500001,0.0
13354,22.5,44.971875,0.0
13355,18.75,45.404296875,0.0
13356,18.75,45.83671875,0.0
13357,22.5,45.404296875,0.0
13358,22.5,45.83671875,0.0
13359,18.75,46.26914062500001,0.0
13360,18.75,46.70156250000001,0.0
13361,22.5,46.26914062500001,0.0
13362,22.5,46.70156250000001,0.0
13363,18.75,47.13398437500001,0.0
13364,18.75,47.56640625000001,0.0
13365,22.5,47.13398437500001,0.0
13366,22.5,47.56640625000001,0.0
13367,18.75,47.998828125,0.0
13368,18.75,48.43125000000001,0.0
13369,22.5,47.998828125,0.0
13370,22.5,48.43125000000001,0.0
13371,18.75,48.86367187500001,0.0
13372,18.75,49.29609375,0.0
13373,22.5,48.86367187500001,0.0
13374,22.5,49.29609375,0.0
13375,18.75,49.728515625,0.0
13376,18.75,50.1609375,0.0
13377,22.5,49.728515625,0.0
13378,22.5,50.1609375,0.0
13379,18.75,50.59335937500001,0.0
13380,18.75,51.02578125,0.0
13381,22.5,50.59335937500001,0.0
13382,22.5,51.02578125,0.0
13383,18.75,51.458203125,0.0
13384,18.75,51.890625,0.0
13385,22.5,51.458203125,0.0
13386,22.5,51.890625,0.0
13387,18.75,52.323046875,0.0
13388,18.75,52.75546875,0.0
13389,22.5,52.323046875,0.0
13390,22.5,52.75546875,0.0
13391,18.75,53.18789062499999,0.0
13392,18.75,53.6203125,0.0
13393,22.5,53.18789062499999,0.0
13394,22.5,53.6203125,0.0
13395,18.75,54.052734375,0.0
13396,18.75,54.48515625,0.0
13397,22.5,54.052734375,0.0
13398,22.5,54.48515625,0.0
13399,18.75,54.91757812500001,0.0
13400,18.75,55.35,0.0
13401,22.5,54.91757812500001,0.0
13402,22.5,55.35,0.0
13403,26.25,41.94492187500001,0.0
13404,26.25,42.37734375,0.0
13405,30.0,41.94492187500001,0.0
13406,30.0,42.37734375,0.0
13407,26.25,42.809765625,0.0
13408,26.25,43.2421875,0.0
13409,30.0,42.809765625,0.0
13410,30.0,43.2421875,0.0
13411,26.25,43.674609375,0.0
13412,26.25,44.10703125000001,0.0
13413,30.0,43.674609375,0.0
13414,30.0,44.10703125000001,0.0
13415,26.25,44.53945312500001,0.0
13416,26.25,44.971875,0.0
13417,30.0,44.53945312500001,0.0
13418,30.0,44.971875,0.0
13419,26.25,45.404296875,0.0
13420,26.25,45.83671875,0.0
13421,30.0,45.404296875,0.0
13422,30.0,45.83671875,0.0
13423,26.25,46.26914062500001,0.0
13424,26.25,46.70156250000001,0.0
13425,30.0,46.26914062500001,0.0
13426,30.0,46.70156250000001,0.0
13427,26.25,47.13398437500001,0.0
13428,26.25,47.56640625000001,0.0
13429,30.0,47.13398437500001,0.0
13430,30.0,47.56640625000001,0.0
13431,26.25,47.998828125,0.0
13432,26.25,48.43125000000001,0.0
13433,30.0,47.998828125,0.0
13434,30.0,48.43125000000001,0.0
13435,26.25,48.86367187500001,0.0
13436,26.25,49.29609375,0.0
13437,30.0,48.86367187500001,0.0
13438,30.0,49.29609375,0.0
13439,26.25,49.728515625,0.0
13440,26.25,50.1609375,0.0
13441,30.0,49.728515625,0.0
13442,30.0,50.1609375,0.0
13443,26.25,50.59335937500001,0.0
13444,26.25,51.02578125,0.0
13445,30.0,50.59335937500001,0.0
13446,30.0,51.02578125,0.0
13447,26.25,51.458203125,0.0
13448,26.25,51.890625,0.0
13449,30.0,51.458203125,0.0
13450,30.0,51.890625,0.0
13451,26.25,52.323046875,0.0
13452,26.25,52.75546875,0.0
13453,30.0,52.323046875,0.0
13454,30.0,52.75546875,0.0
13455,26.25,53.18789062499999,0.0
13456,26.25,53.6203125,0.0
13457,30.0,53.18789062499999,0.0
13458,30.0,53.6203125,0.0
13459,26.25,54.052734375,0.0
13460,26.25,54.48515625,0.0
13461,30.0,54.052734375,0.0
13462,30.0,54.48515625,0.0
13463,26.25,54.91757812500001,0.0
13464,26.25,55.35,0.0
13465,30.0,54.91757812500001,0.0
13466,30.0,55.35,0.0
13467,33.75,0.01351318359375,0.0
13468,33.75,-0.0,0.0
13469,33.75,0.0270263671875,0.0
13470,37.5,0.01351318359375,0.0
13471,37.5,-0.0,0.0
13472,37.5,0.0270263671875,0.0
13473,33.75,0.04053955078125,0.0
13474,33.75,0.054052734375,0.0
13475,37.5,0.04053955078125,0.0
13476,37.5,0.054052734375,0.0
13477,33.75,0.06756591796875,0.0
13478,33.75,0.0810791015625,0.0
13479,37.5,0.06756591796875,0.0
13480,37.5,0.0810791015625,0.0
13481,33.75,0.09459228515625001,0.0
13482,37.5,0.09459228515625001,0.0
13483,33.75,0.101348876953125,0.0
13484,33.75,0.10810546875,0.0
13485,37.5,0.101348876953125,0.0
13486,37.5,0.10810546875,0.0
13487,33.75,0.114862060546875,0.0
13488,33.75,0.12161865234375,0.0
13489,37.5,0.114862060546875,0.0
13490,37.5,0.12161865234375,0.0
13491,33.75,0.128375244140625,0.0
13492,33.75,0.1351318359375,0.0
13493,37.5,0.128375244140625,0.0
13494,37.5,0.1351318359375,0.0
13495,33.75,0.141888427734375,0.0
13496,33.75,0.14864501953125,0.0
13497,37.5,0.141888427734375,0.0
13498,37.5,0.14864501953125,0.0
13499,33.75,0.155401611328125,0.0
13500,33.75,0.162158203125,0.0
13501,37.5,0.155401611328125,0.0
13502,37.5,0.162158203125,0.0
13503,33.75,0.168914794921875,0.0
13504,33.75,0.17567138671875,0.0
13505,37.5,0.168914794921875,0.0
13506,37.5,0.17567138671875,0.0
13507,33.75,0.182427978515625,0.0
13508,33.75,0.1891845703125,0.0
13509,37.5,0.182427978515625,0.0
13510,37.5,0.1891845703125,0.0
13511,33.75,0.195941162109375,0.0
13512,33.75,0.2,0.0
13513,33.75,0.20269775390625,0.0
13514,37.5,0.195941162109375,0.0
13515,37.5,0.2,0.0
13516,37.5,0.20269775390625,0.0
13517,33.75,0.209454345703125,0.0
13518,33.75,0.2162109375,0.0
13519,37.5,0.209454345703125,0.0
13520,37.5,0.2162109375,0.0
13521,33.75,0.222967529296875,0.0
13522,33.75,0.22972412109375,0.0
13523,37.5,0.222967529296875,0.0
13524,37.5,0.22972412109375,0.0
13525,33.75,0.236480712890625,0.0
13526,33.75,0.2432373046875,0.0
13527,37.5,0.236480712890625,0.0
13528,37.5,0.2432373046875,0.0
13529,33.75,0.249993896484375,0.0
13530,33.75,0.25675048828125,0.0
13531,37.5,0.249993896484375,0.0
13532,37.5,0.25675048828125,0.0
13533,33.75,0.263507080078125,0.0
13534,33.75,0.270263671875,0.0
13535,37.5,0.263507080078125,0.0
13536,37.5,0.270263671875,0.0
13537,33.75,0.277020263671875,0.0
13538,33.75,0.28377685546875,0.0
13539,37.5,0.277020263671875,0.0
13540,37.5,0.28377685546875,0.0
13541,33.75,0.290533447265625,0.0
13542,33.75,0.2972900390625,0.0
13543,37.5,0.290533447265625,0.0
13544,37.5,0.2972900390625,0.0
13545,33.75,0.304046630859375,0.0
13546,33.75,0.31080322265625,0.0
13547,37.5,0.304046630859375,0.0
13548,37.5,0.31080322265625,0.0
13549,33.75,0.32431640625,0.0
13550,37.5,0.32431640625,0.0
13551,33.75,0.3513427734375,0.0
13552,37.5,0.3513427734375,0.0
13553,33.75,0.378369140625,0.0
13554,37.5,0.378369140625,0.0
13555,33.75,0.432421875,0.0
13556,37.5,0.432421875,0.0
13557,33.75,0.54052734375,0.0
13558,37.5,0.54052734375,0.0
13559,33.75,0.6486328125,0.0
13560,37.5,0.6486328125,0.0
13561,33.75,0.86484375,0.0
13562,37.5,0.86484375,0.0
13563,33.75,1.297265625,0.0
13564,37.5,1.297265625,0.0
13565,33.75,1.7296875,0.0
13566,37.5,1.7296875,0.0
13567,33.75,2.162109375,0.0
13568,33.75,2.59453125,0.0
13569,37.5,2.162109375,0.0
13570,37.5,2.59453125,0.0
13571,33.75,3.026953125,0.0
13572,33.75,3.459375,0.0
13573,37.5,3.026953125,0.0
13574,37.5,3.459375,0.0
13575,33.75,3.891796875,0.0
13576,33.75,4.32421875,0.0
13577,37.5,3.891796875,0.0
13578,37.5,4.32421875,0.0
13579,33.75,4.756640625,0.0
13580,33.75,5.1890625,0.0
13581,37.5,4.756640625,0.0
13582,37.5,5.1890625,0.0
13583,33.75,5.621484375000001,0.0
13584,33.75,6.053906250000001,0.0
13585,37.5,5.621484375000001,0.0
13586,37.5,6.053906250000001,0.0
13587,33.75,6.486328125,0.0
13588,33.75,6.91875,0.0
13589,37.5,6.486328125,0.0
13590,37.5,6.91875,0.0
13591,33.75,7.351171875,0.0
13592,33.75,7.78359375,0.0
13593,37.5,7.351171875,0.0
13594,37.5,7.78359375,0.0
13595,33.75,8.216015625,0.0
13596,33.75,8.6484375,0.0
13597,37.5,8.216015625,0.0
13598,37.5,8.6484375,0.0
13599,33.75,9.080859375,0.0
13600,33.75,9.51328125,0.0
13601,37.5,9.080859375,0.0
13602,37.5,9.51328125,0.0
13603,33.75,9.945703125000001,0.0
13604,33.75,10.378125,0.0
13605,37.5,9.945703125000001,0.0
13606,37.5,10.378125,0.0
13607,33.75,10.810546875,0.0
13608,33.75,11.24296875,0.0
13609,37.5,10.810546875,0.0
13610,37.5,11.24296875,0.0
13611,33.75,11.675390625,0.0
13612,33.75,12.1078125,0.0
13613,37.5,11.675390625,0.0
13614,37.5,12.1078125,0.0
13615,33.75,12.540234375,0.0
13616,33.75,12.97265625,0.0
13617,37.5,12.540234375,0.0
13618,37.5,12.97265625,0.0
13619,33.75,13.405078125,0.0
13620,33.75,13.8375,0.0
13621,37.5,13.405078125,0.0
13622,37.5,13.8375,0.0
13623,41.25,0.01351318359375,0.0
13624,41.25,-0.0,0.0
13625,41.25,0.0270263671875,0.0
13626,45.0,0.01351318359375,0.0
13627,45.0,-0.0,0.0
13628,45.0,0.0270263671875,0.0
13629,41.25,0.04053955078125,0.0
13630,41.25,0.054052734375,0.0
13631,45.0,0.04053955078125,0.0
13632,45.0,0.054052734375,0.0
13633,41.25,0.06756591796875,0.0
13634,41.25,0.0810791015625,0.0
13635,45.0,0.06756591796875,0.0
13636,45.0,0.0810791015625,0.0
13637,41.25,0.09459228515625001,0.0
13638,45.0,0.09459228515625001,0.0
13639,41.25,0.101348876953125,0.0
13640,41.25,0.10810546875,0.0
13641,45.0,0.101348876953125,0.0
13642,45.0,0.10810546875,0.0
13643,41.25,0.114862060546875,0.0
13644,41.25,0.12161865234375,0.0
13645,45.0,0.114862060546875,0.0
13646,45.0,0.12161865234375,0.0
13647,41.25,0.128375244140625,0.0
13648,41.25,0.1351318359375,0.0
13649,45.0,0.128375244140625,0.0
13650,45.0,0.1351318359375,0.0
13651,41.25,0.141888427734375,0.0
13652,41.25,0.14864501953125,0.0
13653,45.0,0.141888427734375,0.0
13654,45.0,0.14864501953125,0.0
13655,41.25,0.155401611328125,0.0
13656,41.25,0.162158203125,0.0
13657,45.0,0.155401611328125,0.0
13658,45.0,0.162158203125,0.0
13659,41.25,0.168914794921875,0.0
13660,41.25,0.17567138671875,0.0
13661,45.0,0.168914794921875,0.0
13662,45.0,0.17567138671875,0.0
13663,41.25,0.182427978515625,0.0
13664,41.25,0.1891845703125,0.0
13665,45.0,0.182427978515625,0.0
13666,45.0,0.1891845703125,0.0
13667,41.25,0.195941162109375,0.0
13668,41.25,0.2,0.0
13669,41.25,0.20269775390625,0.0
13670,45.0,0.195941162109375,0.0
13671,45.0,0.2,0.0
13672,45.0,0.20269775390625,0.0
13673,41.25,0.209454345703125,0.0
13674,41.25,0.2162109375,0.0
13675,45.0,0.209454345703125,0.0
13676,45.0,0.2162109375,0.0
13677,41.25,0.222967529296875,0.0
13678,41.25,0.22972412109375,0.0
13679,45.0,0.222967529296875,0.0
13680,45.0,0.22972412109375,0.0
13681,41.25,0.236480712890625,0.0
13682,41.25,0.2432373046875,0.0
13683,45.0,0.236480712890625,0.0
13684,45.0,0.2432373046875,0.0
13685,41.25,0.249993896484375,0.0
13686,41.25,0.25675048828125,0.0
13687,45.0,0.249993896484375,0.0
13688,45.0,0.25675048828125,0.0
13689,41.25,0.263507080078125,0.0
13690,41.25,0.270263671875,0.0
13691,45.0,0.263507080078125,0.0
13692,45.0,0.270263671875,0.0
13693,41.25,0.277020263671875,0.0
13694,41.25,0.28377685546875,0.0
13695,45.0,0.277020263671875,0.0
13696,45.0,0.28377685546875,0.0
13697,41.25,0.290533447265625,0.0
13698,41.25,0.2972900390625,0.0
13699,45.0,0.290533447265625,0.0
13700,45.0,0.2972900390625,0.0
13701,41.25,0.304046630859375,0.0
13702,41.25,0.31080322265625,0.0
13703,45.0,0.304046630859375,0.0
13704,45.0,0.31080322265625,0.0
13705,41.25,0.32431640625,0.0
13706,45.0,0.32431640625,0.0
13707,41.25,0.3513427734375,0.0
13708,45.0,0.3513427734375,0.0
13709,41.25,0.378369140625,0.0
13710,45.0,0.378369140625,0.0
13711,41.25,0.432421875,0.0
13712,45.0,0.432421875,0.0
13713,41.25,0.54052734375,0.0
13714,45.0,0.54052734375,0.0
13715,41.25,0.6486328125,0.0
13716,45.0,0.6486328125,0.0
13717,41.25,0.86484375,0.0
13718,45.0,0.86484375,0.0
13719,41.25,1.297265625,0.0
13720,45.0,1.297265625,0.0
13721,41.25,1.7296875,0.0
13722,45.0,1.7296875,0.0
13723,41.25,2.162109375,0.0
13724,41.25,2.59453125,0.0
13725,45.0,2.162109375,0.0
13726,45.0,2.59453125,0.0
13727,41.25,3.026953125,0.0
13728,41.25,3.459375,0.0
13729,45.0,3.026953125,0.0
13730,45.0,3.459375,0.0
13731,41.25,3.891796875,0.0
13732,41.25,4.32421875,0.0
13733,45.0,3.891796875,0.0
13734,45.0,4.32421875,0.0
13735,41.25,4.756640625,0.0
13736,41.25,5.1890625,0.0
13737,45.0,4.756640625,0.0
13738,45.0,5.1890625,0.0
13739,41.25,5.621484375000001,0.0
13740,41.25,6.053906250000001,0.0
13741,45.0,5.621484375000001,0.0
13742,45.0,6.053906250000001,0.0
13743,41.25,6.486328125,0.0
13744,41.25,6.91875,0.0
13745,45.0,6.486328125,0.0
13746,45.0,6.91875,0.0
13747,41.25,7.351171875,0.0
13748,41.25,7.78359375,0.0
13749,45.0,7.351171875,0.0
13750,45.0,7.78359375,0.0
13751,41.25,8.216015625,0.0
13752,41.25,8.6484375,0.0
13753,45.0,8.216015625,0.0
13754,45.0,8.6484375,0.0
13755,41.25,9.080859375,0.0
13756,41.25,9.51328125,0.0
13757,45.0,9.080859375,0.0
13758,45.0,9.51328125,0.0
13759,41.25,9.945703125000001,0.0
13760,41.25,10.378125,0.0
13761,45.0,9.945703125000001,0.0
13762,45.0,10.378125,0.0
13763,41.25,10.810546875,0.0
13764,41.25,11.24296875,0.0
13765,45.0,10.810546875,0.0
13766,45.0,11.24296875,0.0
13767,41.25,11.675390625,0.0
13768,41.25,12.1078125,0.0
13769,45.0,11.675390625,0.0
13770,45.0,12.1078125,0.0
13771,41.25,12.540234375,0.0
13772,41.25,12.97265625,0.0
13773,45.0,12.540234375,0.0
13774,45.0,12.97265625,0.0
13775,41.25,13.405078125,0.0
13776,41.25,13.8375,0.0
13777,45.0,13.405078125,0.0
13778,45.0,13.8375,0.0
13779,33.75,14.269921875,0.0
13780,33.75,14.70234375,0.0
13781,37.5,14.269921875,0.0
13782,37.5,14.70234375,0.0
13783,33.75,15.134765625,0.0
13784,33.75,15.5671875,0.0
13785,37.5,15.134765625,0.0
13786,37.5,15.5671875,0.0
13787,33.75,15.999609375,0.0
13788,33.75,16.43203125,0.0
13789,37.5,15.999609375,0.0
13790,37.5,16.43203125,0.0
13791,33.75,16.864453125,0.0
13792,33.75,17.296875,0.0
13793,37.5,16.864453125,0.0
13794,37.5,17.296875,0.0
13795,33.75,17.729296875,0.0
13796,33.75,18.16171875,0.0
13797,37.5,17.729296875,0.0
13798,37.5,18.16171875,0.0
13799,33.75,18.594140625,0.0
13800,33.75,19.0265625,0.0
13801,37.5,18.594140625,0.0
13802,37.5,19.0265625,0.0
13803,33.75,19.458984375,0.0
13804,33.75,19.89140625,0.0
13805,37.5,19.458984375,0.0
13806,37.5,19.89140625,0.0
13807,33.75,20.323828125,0.0
13808,33.75,20.75625,0.0
13809,37.5,20.323828125,0.0
13810,37.5,20.75625,0.0
13811,33.75,21.188671875,0.0
13812,33.75,21.62109375,0.0
13813,37.5,21.188671875,0.0
13814,37.5,21.62109375,0.0
13815,33.75,22.053515625,0.0
13816,33.75,22.4859375,0.0
13817,37.5,22.053515625,0.0
13818,37.5,22.4859375,0.0
13819,33.75,22.918359375,0.0
13820,33.75,23.35078125,0.0
13821,37.5,22.918359375,0.0
13822,37.5,23.35078125,0.0
13823,33.75,23.783203125,0.0
13824,33.75,24.215625,0.0
13825,37.5,23.783203125,0.0
13826,37.5,24.215625,0.0
13827,33.75,24.648046875,0.0
13828,33.75,25.08046875,0.0
13829,37.5,24.648046875,0.0
13830,37.5,25.08046875,0.0
13831,33.75,25.512890625,0.0
13832,33.75,25.9453125,0.0
13833,37.5,25.512890625,0.0
13834,37.5,25.9453125,0.0
13835,33.75,26.377734375,0.0
13836,33.75,26.81015625,0.0
13837,37.5,26.377734375,0.0
13838,37.5,26.81015625,0.0
13839,33.75,27.242578125,0.0
13840,33.75,27.675,0.0
13841,37.5,27.242578125,0.0
13842,37.5,27.675,0.0
13843,41.25,14.269921875,0.0
13844,41.25,14.70234375,0.0
13845,45.0,14.269921875,0.0
13846,45.0,14.70234375,0.0
13847,41.25,15.134765625,0.0
13848,41.25,15.5671875,0.0
13849,45.0,15.134765625,0.0
13850,45.0,15.5671875,0.0
13851,41.25,15.999609375,0.0
13852,41.25,16.43203125,0.0
13853,45.0,15.999609375,0.0
13854,45.0,16.43203125,0.0
13855,41.25,16.864453125,0.0
13856,41.25,17.296875,0.0
13857,45.0,16.864453125,0.0
13858,45.0,17.296875,0.0
13859,41.25,17.729296875,0.0
13860,41.25,18.16171875,0.0
13861,45.0,17.729296875,0.0
13862,45.0,18.16171875,0.0
13863,41.25,18.594140625,0.0
13864,41.25,19.0265625,0.0
13865,45.0,18.594140625,0.0
13866,45.0,19.0265625,0.0
13867,41.25,19.458984375,0.0
13868,41.25,19.89140625,0.0
13869,45.0,19.458984375,0.0
13870,45.0,19.89140625,0.0
13871,41.25,20.323828125,0.0
13872,41.25,20.75625,0.0
13873,45.0,20.323828125,0.0
13874,45.0,20.75625,0.0
13875,41.25,21.188671875,0.0
13876,41.25,21.62109375,0.0
13877,45.0,21.188671875,0.0
13878,45.0,21.62109375,0.0
13879,41.25,22.053515625,0.0
13880,41.25,22.4859375,0.0
13881,45.0,22.053515625,0.0
13882,45.0,22.4859375,0.0
13883,41.25,22.918359375,0.0
13884,41.25,23.35078125,0.0
13885,45.0,22.918359375,0.0
13886,45.0,23.35078125,0.0
13887,41.25,23.783203125,0.0
13888,41.25,24.215625,0.0
13889,45.0,23.783203125,0.0
13890,45.0,24.215625,0.0
13891,41.25,24.648046875,0.0
13892,41.25,25.08046875,0.0
13893,45.0,24.648046875,0.0
13894,45.0,25.08046875,0.0
13895,41.25,25.512890625,0.0
13896,41.25,25.9453125,0.0
13897,45.0,25.512890625,0.0
13898,45.0,25.9453125,0.0
13899,41.25,26.377734375,0.0
13900,41.25,26.81015625,0.0
13901,45.0,26.377734375,0.0
13902,45.0,26.81015625,0.0
13903,41.25,27.242578125,0.0
13904,41.25,27.675,0.0
13905,45.0,27.242578125,0.0
13906,45.0,27.675,0.0
13907,48.75,0.01351318359375,0.0
13908,48.75,-0.0,0.0
13909,48.75,0.0270263671875,0.0
13910,52.5,0.01351318359375,0.0
13911,52.5,-0.0,0.0
13912,52.5,0.0270263671875,0.0
13913,48.75,0.04053955078125,0.0
13914,48.75,0.054052734375,0.0
13915,52.5,0.04053955078125,0.0
13916,52.5,0.054052734375,0.0
13917,48.75,0.06756591796875,0.0
13918,48.75,0.0810791015625,0.0
13919,52.5,0.06756591796875,0.0
13920,52.5,0.0810791015625,0.0
13921,48.75,0.09459228515625001,0.0
13922,52.5,0.09459228515625001,0.0
13923,48.75,0.101348876953125,0.0
13924,48.75,0.10810546875,0.0
13925,52.5,0.101348876953125,0.0
13926,52.5,0.10810546875,0.0
13927,48.75,0.114862060546875,0.0
13928,48.75,0.12161865234375,0.0
13929,52.5,0.114862060546875,0.0
13930,52.5,0.12161865234375,0.0
13931,48.75,0.128375244140625,0.0
13932,48.75,0.1351318359375,0.0
13933,52.5,0.128375244140625,0.0
13934,52.5,0.1351318359375,0.0
13935,48.75,0.141888427734375,0.0
13936,48.75,0.14864501953125,0.0
13937,52.5,0.141888427734375,0.0
13938,52.5,0.14864501953125,0.0
13939,48.75,0.155401611328125,0.0
13940,48.75,0.162158203125,0.0
13941,52.5,0.155401611328125,0.0
13942,52.5,0.162158203125,0.0
13943,48.75,0.168914794921875,0.0
13944,48.75,0.17567138671875,0.0
13945,52.5,0.168914794921875,0.0
13946,52.5,0.17567138671875,0.0
13947,48.75,0.182427978515625,0.0
13948,48.75,0.1891845703125,0.0
13949,52.5,0.182427978515625,0.0
13950,52.5,0.1891845703125,0.0
13951,48.75,0.195941162109375,0.0
13952,48.75,0.2,0.0
13953,48.75,0.20269775390625,0.0
13954,52.5,0.195941162109375,0.0
13955,52.5,0.2,0.0
13956,52.5,0.20269775390625,0.0
13957,48.75,0.209454345703125,0.0
13958,48.75,0.2162109375,0.0
13959,52.5,0.209454345703125,0.0
13960,52.5,0.2162109375,0.0
13961,48.75,0.222967529296875,0.0
13962,48.75,0.22972412109375,0.0
13963,52.5,0.222967529296875,0.0
13964,52.5,0.22972412109375,0.0
13965,48.75,0.236480712890625,0.0
13966,48.75,0.2432373046875,0.0
13967,52.5,0.236480712890625,0.0
13968,52.5,0.2432373046875,0.0
13969,48.75,0.249993896484375,0.0
13970,48.75,0.25675048828125,0.0
13971,52.5,0.249993896484375,0.0
13972,52.5,0.25675048828125,0.0
13973,48.75,0.263507080078125,0.0
13974,48.75,0.270263671875,0.0
13975,52.5,0.263507080078125,0.0
13976,52.5,0.270263671875,0.0
13977,48.75,0.277020263671875,0.0
13978,48.75,0.28377685546875,0.0
13979,52.5,0.277020263671875,0.0
13980,52.5,0.28377685546875,0.0
13981,48.75,0.290533447265625,0.0
13982,48.75,0.2972900390625,0.0
13983,52.5,0.290533447265625,0.0
13984,52.5,0.2972900390625,0.0
13985,48.75,0.304046630859375,0.0
13986,48.75,0.31080322265625,0.0
13987,52.5,0.304046630859375,0.0
13988,52.5,0.31080322265625,0.0
13989,48.75,0.32431640625,0.0
13990,52.5,0.32431640625,0.0
13991,48.75,0.3513427734375,0.0
13992,52.5,0.3513427734375,0.0
13993,48.75,0.378369140625,0.0
13994,52.5,0.378369140625,0.0
13995,48.75,0.432421875,0.0
13996,52.5,0.432421875,0.0
13997,48.75,0.54052734375,0.0
13998,52.5,0.54052734375,0.0
13999,48.75,0.6486328125,0.0
14000,52.5,0.6486328125,0.0
14001,48.75,0.86484375,0.0
14002,52.5,0.86484375,0.0
14003,48.75,1.297265625,0.0
14004,52.5,1.297265625,0.0
14005,48.75,1.7296875,0.0
14006,52.5,1.7296875,0.0
14007,48.75,2.162109375,0.0
14008,48.75,2.59453125,0.0
14009,52.5,2.162109375,0.0
14010,52.5,2.59453125,0.0
14011,48.75,3.026953125,0.0
14012,48.75,3.459375,0.0
14013,52.5,3.026953125,0.0
14014,52.5,3.459375,0.0
14015,48.75,3.891796875,0.0
14016,48.75,4.32421875,0.0
14017,52.5,3.891796875,0.0
14018,52.5,4.32421875,0.0
14019,48.75,4.756640625,0.0
14020,48.75,5.1890625,0.0
14021,52.5,4.756640625,0.0
14022,52.5,5.1890625,0.0
14023,48.75,5.621484375000001,0.0
14024,48.75,6.053906250000001,0.0
14025,52.5,5.621484375000001,0.0
14026,52.5,6.053906250000001,0.0
14027,48.75,6.486328125,0.0
14028,48.75,6.91875,0.0
14029,52.5,6.486328125,0.0
14030,52.5,6.91875,0.0
14031,48.75,7.351171875,0.0
14032,48.75,7.78359375,0.0
14033,52.5,7.351171875,0.0
14034,52.5,7.78359375,0.0
14035,48.75,8.216015625,0.0
14036,48.75,8.6484375,0.0
14037,52.5,8.216015625,0.0
14038,52.5,8.6484375,0.0
14039,48.75,9.080859375,0.0
14040,48.75,9.51328125,0.0
14041,52.5,9.080859375,0.0
14042,52.5,9.51328125,0.0
14043,48.75,9.945703125000001,0.0
14044,48.75,10.378125,0.0
14045,52.5,9.945703125000001,0.0
14046,52.5,10.378125,0.0
14047,48.75,10.810546875,0.0
14048,48.75,11.24296875,0.0
14049,52.5,10.810546875,0.0
14050,52.5,11.24296875,0.0
14051,48.75,11.675390625,0.0
14052,48.75,12.1078125,0.0
14053,52.5,11.675390625,0.0
14054,52.5,12.1078125,0.0
14055,48.75,12.540234375,0.0
14056,48.75,12.97265625,0.0
14057,52.5,12.540234375,0.0
14058,52.5,12.97265625,0.0
14059,48.75,13.405078125,0.0
14060,48.75,13.8375,0.0
14061,52.5,13.405078125,0.0
14062,52.5,13.8375,0.0
14063,56.25,0.01351318359375,0.0
14064,56.25,-0.0,0.0
14065,56.25,0.0270263671875,0.0
14066,60.0,0.01351318359375,0.0
14067,60.0,-0.0,0.0
14068,60.0,0.0270263671875,0.0
14069,56.25,0.04053955078125,0.0
14070,56.25,0.054052734375,0.0
14071,60.0,0.04053955078125,0.0
14072,60.0,0.054052734375,0.0
14073,56.25,0.06756591796875,0.0
14074,56.25,0.0810791015625,0.0
14075,60.0,0.06756591796875,0.0
14076,60.0,0.0810791015625,0.0
14077,56.25,0.09459228515625001,0.0
14078,60.0,0.09459228515625001,0.0
14079,56.25,0.101348876953125,0.0
14080,56.25,0.10810546875,0.0
14081,60.0,0.101348876953125,0.0
14082,60.0,0.10810546875,0.0
14083,56.25,0.114862060546875,0.0
14084,56.25,0.12161865234375,0.0
14085,60.0,0.114862060546875,0.0
14086,60.0,0.12161865234375,0.0
14087,56.25,0.128375244140625,0.0
14088,56.25,0.1351318359375,0.0
14089,60.0,0.128375244140625,0.0
14090,60.0,0.1351318359375,0.0
14091,56.25,0.141888427734375,0.0
14092,56.25,0.14864501953125,0.0
14093,60.0,0.141888427734375,0.0
14094,60.0,0.14864501953125,0.0
14095,56.25,0.155401611328125,0.0
14096,56.25,0.162158203125,0.0
14097,60.0,0.155401611328125,0.0
14098,60.0,0.162158203125,0.0
14099,56.25,0.168914794921875,0.0
14100,56.25,0.17567138671875,0.0
14101,60.0,0.168914794921875,0.0
14102,60.0,0.17567138671875,0.0
14103,56.25,0.182427978515625,0.0
14104,56.25,0.1891845703125,0.0
14105,60.0,0.182427978515625,0.0
14106,60.0,0.1891845703125,0.0
14107,56.25,0.195941162109375,0.0
14108,56.25,0.2,0.0
14109,56.25,0.20269775390625,0.0
14110,60.0,0.195941162109375,0.0
14111,60.0,0.2,0.0
14112,60.0,0.20269775390625,0.0
14113,56.25,0.209454345703125,0.0
14114,56.25,0.2162109375,0.0
14115,60.0,0.209454345703125,0.0
14116,60.0,0.2162109375,0.0
14117,56.25,0.222967529296875,0.0
14118,56.25,0.22972412109375,0.0
14119,60.0,0.222967529296875,0.0
14120,60.0,0.22972412109375,0.0
14121,56.25,0.236480712890625,0.0
14122,56.25,0.2432373046875,0.0
14123,60.0,0.236480712890625,0.0
14124,60.0,0.2432373046875,0.0
14125,56.25,0.249993896484375,0.0
14126,56.25,0.25675048828125,0.0
14127,60.0,0.249993896484375,0.0
14128,60.0,0.25675048828125,0.0
14129,56.25,0.263507080078125,0.0
14130,56.25,0.270263671875,0.0
14131,60.0,0.263507080078125,0.0
14132,60.0,0.270263671875,0.0
14133,56.25,0.277020263671875,0.0
14134,56.25,0.28377685546875,0.0
14135,60.0,0.277020263671875,0.0
14136,60.0,0.28377685546875,0.0
14137,56.25,0.290533447265625,0.0
14138,56.25,0.2972900390625,0.0
14139,60.0,0.290533447265625,0.0
14140,60.0,0.2972900390625,0.0
14141,56.25,0.304046630859375,0.0
14142,56.25,0.31080322265625,0.0
14143,60.0,0.304046630859375,0.0
14144,60.0,0.31080322265625,0.0
14145,56.25,0.32431640625,0.0
14146,60.0,0.32431640625,0.0
14147,56.25,0.3513427734375,0.0
14148,60.0,0.3513427734375,0.0
14149,56.25,0.378369140625,0.0
14150,60.0,0.378369140625,0.0
14151,56.25,0.432421875,0.0
14152,60.0,0.432421875,0.0
14153,56.25,0.54052734375,0.0
14154,60.0,0.54052734375,0.0
14155,56.25,0.6486328125,0.0
14156,60.0,0.6486328125,0.0
14157,56.25,0.86484375,0.0
14158,60.0,0.86484375,0.0
14159,56.25,1.297265625,0.0
14160,60.0,1.297265625,0.0
14161,56.25,1.7296875,0.0
14162,60.0,1.7296875,0.0
14163,56.25,2.162109375,0.0
14164,56.25,2.59453125,0.0
14165,60.0,2.162109375,0.0
14166,60.0,2.59453125,0.0
14167,56.25,3.026953125,0.0
14168,56.25,3.459375,0.0
14169,60.0,3.026953125,0.0
14170,60.0,3.459375,0.0
14171,56.25,3.891796875,0.0
14172,56.25,4.32421875,0.0
14173,60.0,3.891796875,0.0
14174,60.0,4.32421875,0.0
14175,56.25,4.756640625,0.0
14176,56.25,5.1890625,0.0
14177,60.0,4.756640625,0.0
14178,60.0,5.1890625,0.0
14179,56.25,5.621484375000001,0.0
14180,56.25,6.053906250000001,0.0
14181,60.0,5.621484375000001,0.0
14182,60.0,6.053906250000001,0.0
14183,56.25,6.486328125,0.0
14184,56.25,6.91875,0.0
14185,60.0,6.486328125,0.0
14186,60.0,6.91875,0.0
14187,56.25,7.351171875,0.0
14188,56.25,7.78359375,0.0
14189,60.0,7.351171875,0.0
14190,60.0,7.78359375,0.0
14191,56.25,8.216015625,0.0
14192,56.25,8.6484375,0.0
14193,60.0,8.216015625,0.0
14194,60.0,8.6484375,0.0
14195,56.25,9.080859375,0.0
14196,56.25,9.51328125,0.0
14197,60.0,9.080859375,0.0
14198,60.0,9.51328125,0.0
14199,56.25,9.945703125000001,0.0
14200,56.25,10.378125,0.0
14201,60.0,9.945703125000001,0.0
14202,60.0,10.378125,0.0
14203,56.25,10.810546875,0.0
14204,56.25,11.24296875,0.0
14205,60.0,10.810546875,0.0
14206,60.0,11.24296875,0.0
14207,56.25,11.675390625,0.0
14208,56.25,12.1078125,0.0
14209,60.0,11.675390625,0.0
14210,60.0,12.1078125,0.0
14211,56.25,12.540234375,0.0
14212,56.25,12.97265625,0.0
14213,60.0,12.540234375,0.0
14214,60.0,12.97265625,0.0
14215,56.25,13.405078125,0.0
14216,56.25,13.8375,0.0
14217,60.0,13.405078125,0.0
14218,60.0,13.8375,0.0
14219,48.75,14.269921875,0.0
14220,48.75,14.70234375,0.0
14221,52.5,14.269921875,0.0
14222,52.5,14.70234375,0.0
14223,48.75,15.134765625,0.0
14224,48.75,15.5671875,0.0
14225,52.5,15.134765625,0.0
14226,52.5,15.5671875,0.0
14227,48.75,15.999609375,0.0
14228,48.75,16.43203125,0.0
14229,52.5,15.999609375,0.0
14230,52.5,16.43203125,0.0
14231,48.75,16.864453125,0.0
14232,48.75,17.296875,0.0
14233,52.5,16.864453125,0.0
14234,52.5,17.296875,0.0
14235,48.75,17.729296875,0.0
14236,48.75,18.16171875,0.0
14237,52.5,17.729296875,0.0
14238,52.5,18.16171875,0.0
14239,48.75,18.594140625,0.0
14240,48.75,19.0265625,0.0
14241,52.5,18.594140625,0.0
14242,52.5,19.0265625,0.0
14243,48.75,19.458984375,0.0
14244,48.75,19.89140625,0.0
14245,52.5,19.458984375,0.0
14246,52.5,19.89140625,0.0
14247,48.75,20.323828125,0.0
14248,48.75,20.75625,0.0
14249,52.5,20.323828125,0.0
14250,52.5,20.75625,0.0
14251,48.75,21.188671875,0.0
14252,48.75,21.62109375,0.0
14253,52.5,21.188671875,0.0
14254,52.5,21.62109375,0.0
14255,48.75,22.053515625,0.0
14256,48.75,22.4859375,0.0
14257,52.5,22.053515625,0.0
14258,52.5,22.4859375,0.0
14259,48.75,22.918359375,0.0
14260,48.75,23.35078125,0.0
14261,52.5,22.918359375,0.0
14262,52.5,23.35078125,0.0
14263,48.75,23.783203125,0.0
14264,48.75,24.215625,0.0
14265,52.5,23.783203125,0.0
14266,52.5,24.215625,0.0
14267,48.75,24.648046875,0.0
14268,48.75,25.08046875,0.0
14269,52.5,24.648046875,0.0
14270,52.5,25.08046875,0.0
14271,48.75,25.512890625,0.0
14272,48.75,25.9453125,0.0
14273,52.5,25.512890625,0.0
14274,52.5,25.9453125,0.0
14275,48.75,26.377734375,0.0
14276,48.75,26.81015625,0.0
14277,52.5,26.377734375,0.0
14278,52.5,26.81015625,0.0
14279,48.75,27.242578125,0.0
14280,48.75,27.675,0.0
14281,52.5,27.242578125,0.0
14282,52.5,27.675,0.0
14283,56.25,14.269921875,0.0
14284,56.25,14.70234375,0.0
14285,60.0,14.269921875,0.0
14286,60.0,14.70234375,0.0
14287,56.25,15.134765625,0.0
14288,56.25,15.5671875,0.0
14289,60.0,15.134765625,0.0
14290,60.0,15.5671875,0.0
14291,56.25,15.999609375,0.0
14292,56.25,16.43203125,0.0
14293,60.0,15.999609375,0.0
14294,60.0,16.43203125,0.0
14295,56.25,16.864453125,0.0
14296,56.25,17.296875,0.0
14297,60.0,16.864453125,0.0
14298,60.0,17.296875,0.0
14299,56.25,17.729296875,0.0
14300,56.25,18.16171875,0.0
14301,60.0,17.729296875,0.0
14302,60.0,18.16171875,0.0
14303,56.25,18.594140625,0.0
14304,56.25,19.0265625,0.0
14305,60.0,18.594140625,0.0
14306,60.0,19.0265625,0.0
14307,56.25,19.458984375,0.0
14308,56.25,19.89140625,0.0
14309,60.0,19.458984375,0.0
14310,60.0,19.89140625,0.0
14311,56.25,20.323828125,0.0
14312,56.25,20.75625,0.0
14313,60.0,20.323828125,0.0
14314,60.0,20.75625,0.0
14315,56.25,21.188671875,0.0
14316,56.25,21.62109375,0.0
14317,60.0,21.188671875,0.0
14318,60.0,21.62109375,0.0
14319,56.25,22.053515625,0.0
14320,56.25,22.4859375,0.0
14321,60.0,22.053515625,0.0
14322,60.0,22.4859375,0.0
14323,56.25,22.918359375,0.0
14324,56.25,23.35078125,0.0
14325,60.0,22.918359375,0.0
14326,60.0,23.35078125,0.0
14327,56.25,23.783203125,0.0
14328,56.25,24.215625,0.0
14329,60.0,23.783203125,0.0
14330,60.0,24.215625,0.0
14331,56.25,24.648046875,0.0
14332,56.25,25.08046875,0.0
14333,60.0,24.648046875,0.0
14334,60.0,25.08046875,0.0
14335,56.25,25.512890625,0.0
14336,56.25,25.9453125,0.0
14337,60.0,25.512890625,0.0
14338,60.0,25.9453125,0.0
14339,56.25,26.377734375,0.0
14340,56.25,26.81015625,0.0
14341,60.0,26.377734375,0.0
14342,60.0,26.81015625,0.0
14343,56.25,27.242578125,0.0
14344,56.25,27.675,0.0
14345,60.0,27.242578125,0.0
14346,60.0,27.675,0.0
14347,33.75,28.107421875,0.0
14348,33.75,28.53984375,0.0
14349,37.5,28.107421875,0.0
14350,37.5,28.53984375,0.0
14351,33.75,28.972265625,0.0
14352,33.75,29.4046875,0.0
14353,37.5,28.972265625,0.0
14354,37.5,29.4046875,0.0
14355,33.75,29.837109375,0.0
14356,33.75,30.26953125,0.0
14357,37.5,29.837109375,0.0
14358,37.5,30.26953125,0.0
14359,33.75,30.701953125,0.0
14360,33.75,31.134375,0.0
14361,37.5,30.701953125,0.0
14362,37.5,31.134375,0.0
14363,33.75,31.566796875,0.0
14364,33.75,31.99921875,0.0
14365,37.5,31.566796875,0.0
14366,37.5,31.99921875,0.0
14367,33.75,32.431640625,0.0
14368,33.75,32.8640625,0.0
14369,37.5,32.431640625,0.0
14370,37.5,32.8640625,0.0
14371,33.75,33.29648437500001,0.0
14372,33.75,33.72890625,0.0
14373,37.5,33.29648437500001,0.0
14374,37.5,33.72890625,0.0
14375,33.75,34.161328125,0.0
14376,33.75,34.59375,0.0
14377,37.5,34.161328125,0.0
14378,37.5,34.59375,0.0
14379,33.75,35.026171875,0.0
14380,33.75,35.45859375,0.0
14381,37.5,35.026171875,0.0
14382,37.5,35.45859375,0.0
14383,33.75,35.89101562499999,0.0
14384,33.75,36.3234375,0.0
14385,37.5,35.89101562499999,0.0
14386,37.5,36.3234375,0.0
14387,33.75,36.755859375,0.0
14388,33.75,37.18828125,0.0
14389,37.5,36.755859375,0.0
14390,37.5,37.18828125,0.0
14391,33.75,37.62070312500001,0.0
14392,33.75,38.053125,0.0
14393,37.5,37.62070312500001,0.0
14394,37.5,38.053125,0.0
14395,33.75,38.485546875,0.0
14396,33.75,38.91796875,0.0
14397,37.5,38.485546875,0.0
14398,37.5,38.91796875,0.0
14399,33.75,39.350390625,0.0
14400,33.75,39.78281250000001,0.0
14401,37.5,39.350390625,0.0
14402,37.5,39.78281250000001,0.0
14403,33.75,40.21523437500001,0.0
14404,33.75,40.64765625,0.0
14405,37.5,40.21523437500001,0.0
14406,37.5,40.64765625,0.0
14407,33.75,41.080078125,0.0
14408,33.75,41.5125,0.0
14409,37.5,41.080078125,0.0
14410,37.5,41.5125,0.0
14411,41.25,28.107421875,0.0
14412,41.25,28.53984375,0.0
14413,45.0,28.107421875,0.0
14414,45.0,28.53984375,0.0
14415,41.25,28.972265625,0.0
14416,41.25,29.4046875,0.0
14417,45.0,28.972265625,0.0
14418,45.0,29.4046875,0.0
14419,41.25,29.837109375,0.0
14420,41.25,30.26953125,0.0
14421,45.0,29.837109375,0.0
14422,45.0,30.26953125,0.0
14423,41.25,30.701953125,0.0
14424,41.25,31.134375,0.0
14425,45.0,30.701953125,0.0
14426,45.0,31.134375,0.0
14427,41.25,31.566796875,0.0
14428,41.25,31.99921875,0.0
14429,45.0,31.566796875,0.0
14430,45.0,31.99921875,0.0
14431,41.25,32.431640625,0.0
14432,41.25,32.8640625,0.0
14433,45.0,32.431640625,0.0
14434,45.0,32.8640625,0.0
14435,41.25,33.29648437500001,0.0
14436,41.25,33.72890625,0.0
14437,45.0,33.29648437500001,0.0
14438,45.0,33.72890625,0.0
14439,41.25,34.161328125,0.0
14440,41.25,34.59375,0.0
14441,45.0,34.161328125,0.0
14442,45.0,34.59375,0.0
14443,41.25,35.026171875,0.0
14444,41.25,35.45859375,0.0
14445,45.0,35.026171875,0.0
14446,45.0,35.45859375,0.0
14447,41.25,35.89101562499999,0.0
14448,41.25,36.3234375,0.0
14449,45.0,35.89101562499999,0.0
14450,45.0,36.3234375,0.0
14451,41.25,36.755859375,0.0
14452,41.25,37.18828125,0.0
14453,45.0,36.755859375,0.0
14454,45.0,37.18828125,0.0
14455,41.25,37.62070312500001,0.0
14456,41.25,38.053125,0.0
14457,45.0,37.62070312500001,0.0
14458,45.0,38.053125,0.0
14459,41.25,38.485546875,0.0
14460,41.25,38.91796875,0.0
14461,45.0,38.485546875,0.0
14462,45.0,38.91796875,0.0
14463,41.25,39.350390625,0.0
14464,41.25,39.78281250000001,0.0
14465,45.0,39.350390625,0.0
14466,45.0,39.78281250000001,0.0
14467,41.25,40.21523437500001,0.0
14468,41.25,40.64765625,0.0
14469,45.0,40.21523437500001,0.0
14470,45.0,40.64765625,0.0
14471,41.25,41.080078125,0.0
14472,41.25,41.5125,0.0
14473,45.0,41.080078125,0.0
14474,45.0,41.5125,0.0
14475,33.75,41.94492187500001,0.0
14476,33.75,42.37734375,0.0
14477,37.5,41.94492187500001,0.0
14478,37.5,42.37734375,0.0
14479,33.75,42.809765625,0.0
14480,33.75,43.2421875,0.0
14481,37.5,42.809765625,0.0
14482,37.5,43.2421875,0.0
14483,33.75,43.674609375,0.0
14484,33.75,44.10703125000001,0.0
14485,37.5,43.674609375,0.0
14486,37.5,44.10703125000001,0.0
14487,33.75,44.53945312500001,0.0
14488,33.75,44.971875,0.0
14489,37.5,44.53945312500001,0.0
14490,37.5,44.971875,0.0
14491,33.75,45.404296875,0.0
14492,33.75,45.83671875,0.0
14493,37.5,45.404296875,0.0
14494,37.5,45.83671875,0.0
14495,33.75,46.26914062500001,0.0
14496,33.75,46.70156250000001,0.0
14497,37.5,46.26914062500001,0.0
14498,37.5,46.70156250000001,0.0
14499,33.75,47.13398437500001,0.0
14500,33.75,47.56640625000001,0.0
14501,37.5,47.13398437500001,0.0
14502,37.5,47.56640625000001,0.0
14503,33.75,47.998828125,0.0
14504,33.75,48.43125000000001,0.0
14505,37.5,47.998828125,0.0
14506,37.5,48.43125000000001,0.0
14507,33.75,48.86367187500001,0.0
14508,33.75,49.29609375,0.0
14509,37.5,48.86367187500001,0.0
14510,37.5,49.29609375,0.0
14511,33.75,49.728515625,0.0
14512,33.75,50.1609375,0.0
14513,37.5,49.728515625,0.0
14514,37.5,50.1609375,0.0
14515,33.75,50.59335937500001,0.0
14516,33.75,51.02578125,0.0
14517,37.5,50.59335937500001,0.0
14518,37.5,51.02578125,0.0
14519,33.75,51.458203125,0.0
14520,33.75,51.890625,0.0
14521,37.5,51.458203125,0.0
14522,37.5,51.890625,0.0
14523,33.75,52.323046875,0.0
14524,33.75,52.75546875,0.0
14525,37.5,52.323046875,0.0
14526,37.5,52.75546875,0.0
14527,33.75,53.18789062499999,0.0
14528,33.75,53.6203125,0.0
14529,37.5,53.18789062499999,0.0
14530,37.5,53.6203125,0.0
14531,33.75,54.052734375,0.0
14532,33.75,54.48515625,0.0
14533,37.5,54.052734375,0.0
14534,37.5,54.48515625,0.0
14535,33.75,54.91757812500001,0.0
14536,33.75,55.35,0.0
14537,37.5,54.91757812500001,0.0
14538,37.5,55.35,0.0
14539,41.25,41.94492187500001,0.0
14540,41.25,42.37734375,0.0
14541,45.0,41.94492187500001,0.0
14542,45.0,42.37734375,0.0
14543,41.25,42.809765625,0.0
14544,41.25,43.2421875,0.0
14545,45.0,42.809765625,0.0
14546,45.0,43.2421875,0.0
14547,41.25,43.674609375,0.0
14548,41.25,44.10703125000001,0.0
14549,45.0,43.674609375,0.0
14550,45.0,44.10703125000001,0.0
14551,41.25,44.53945312500001,0.0
14552,41.25,44.971875,0.0
14553,45.0,44.53945312500001,0.0
14554,45.0,44.971875,0.0
14555,41.25,45.404296875,0.0
14556,41.25,45.83671875,0.0
14557,45.0,45.404296875,0.0
14558,45.0,45.83671875,0.0
14559,41.25,46.26914062500001,0.0
14560,41.25,46.70156250000001,0.0
14561,45.0,46.26914062500001,0.0
14562,45.0,46.70156250000001,0.0
14563,41.25,47.13398437500001,0.0
14564,41.25,47.56640625000001,0.0
14565,45.0,47.13398437500001,0.0
14566,45.0,47.56640625000001,0.0
14567,41.25,47.998828125,0.0
14568,41.25,48.43125000000001,0.0
14569,45.0,47.998828125,0.0
14570,45.0,48.43125000000001,0.0
14571,41.25,48.86367187500001,0.0
14572,41.25,49.29609375,0.0
14573,45.0,48.86367187500001,0.0
14574,45.0,49.29609375,0.0
14575,41.25,49.728515625,0.0
14576,41.25,50.1609375,0.0
14577,45.0,49.728515625,0.0
14578,45.0,50.1609375,0.0
14579,41.25,50.59335937500001,0.0
14580,41.25,51.02578125,0.0
14581,45.0,50.59335937500001,0.0
14582,45.0,51.02578125,0.0
14583,41.25,51.458203125,0.0
14584,41.25,51.890625,0.0
14585,45.0,51.458203125,0.0
14586,45.0,51.890625,0.0
14587,41.25,52.323046875,0.0
14588,41.25,52.75546875,0.0
14589,45.0,52.323046875,0.0
14590,45.0,52.75546875,0.0
14591,41.25,53.18789062499999,0.0
14592,41.25,53.6203125,0.0
14593,45.0,53.18789062499999,0.0
14594,45.0,53.6203125,0.0
14595,41.25,54.052734375,0.0
14596,41.25,54.48515625,0.0
14597,45.0,54.052734375,0.0
14598,45.0,54.48515625,0.0
14599,41.25,54.91757812500001,0.0
14600,41.25,55.35,0.0
14601,45.0,54.91757812500001,0.0
14602,45.0,55.35,0.0
14603,48.75,28.107421875,0.0
14604,48.75,28.53984375,0.0
14605,52.5,28.107421875,0.0
14606,52.5,28.53984375,0.0
14607,48.75,28.972265625,0.0
14608,48.75,29.4046875,0.0
14609,52.5,28.972265625,0.0
14610,52.5,29.4046875,0.0
14611,48.75,29.837109375,0.0
14612,48.75,30.26953125,0.0
14613,52.5,29.837109375,0.0
14614,52.5,30.26953125,0.0
14615,48.75,30.701953125,0.0
14616,48.75,31.134375,0.0
14617,52.5,30.701953125,0.0
14618,52.5,31.134375,0.0
14619,48.75,31.566796875,0.0
14620,48.75,31.99921875,0.0
14621,52.5,31.566796875,0.0
14622,52.5,31.99921875,0.0
14623,48.75,32.431640625,0.0
14624,48.75,32.8640625,0.0
14625,52.5,32.431640625,0.0
14626,52.5,32.8640625,0.0
14627,48.75,33.29648437500001,0.0
14628,48.75,33.72890625,0.0
14629,52.5,33.29648437500001,0.0
14630,52.5,33.72890625,0.0
14631,48.75,34.161328125,0.0
14632,48.75,34.59375,0.0
14633,52.5,34.161328125,0.0
14634,52.5,34.59375,0.0
14635,48.75,35.026171875,0.0
14636,48.75,35.45859375,0.0
14637,52.5,35.026171875,0.0
14638,52.5,35.45859375,0.0
14639,48.75,35.89101562499999,0.0
14640,48.75,36.3234375,0.0
14641,52.5,35.89101562499999,0.0
14642,52.5,36.3234375,0.0
14643,48.75,36.755859375,0.0
14644,48.75,37.18828125,0.0
14645,52.5,36.755859375,0.0
14646,52.5,37.18828125,0.0
14647,48.75,37.62070312500001,0.0
14648,48.75,38.053125,0.0
14649,52.5,37.62070312500001,0.0
14650,52.5,38.053125,0.0
14651,48.75,38.485546875,0.0
14652,48.75,38.91796875,0.0
14653,52.5,38.485546875,0.0
14654,52.5,38.91796875,0.0
14655,48.75,39.350390625,0.0
14656,48.75,39.78281250000001,0.0
14657,52.5,39.350390625,0.0
14658,52.5,39.78281250000001,0.0
14659,48.75,40.21523437500001,0.0
14660,48.75,40.64765625,0.0
14661,52.5,40.21523437500001,0.0
14662,52.5,40.64765625,0.0
14663,48.75,41.080078125,0.0
14664,48.75,41.5125,0.0
14665,52.5,41.080078125,0.0
14666,52.5,41.5125,0.0
14667,56.25,28.107421875,0.0
14668,56.25,28.53984375,0.0
14669,60.0,28.107421875,0.0
14670,60.0,28.53984375,0.0
14671,56.25,28.972265625,0.0
14672,56.25,29.4046875,0.0
14673,60.0,28.972265625,0.0
14674,60.0,29.4046875,0.0
14675,56.25,29.837109375,0.0
14676,56.25,30.26953125,0.0
14677,60.0,29.837109375,0.0
14678,60.0,30.26953125,0.0
14679,56.25,30.701953125,0.0
14680,56.25,31.134375,0.0
14681,60.0,30.701953125,0.0
14682,60.0,31.134375,0.0
14683,56.25,31.566796875,0.0
14684,56.25,31.99921875,0.0
14685,60.0,31.566796875,0.0
14686,60.0,31.99921875,0.0
14687,56.25,32.431640625,0.0
14688,56.25,32.8640625,0.0
14689,60.0,32.431640625,0.0
14690,60.0,32.8640625,0.0
14691,56.25,33.29648437500001,0.0
14692,56.25,33.72890625,0.0
14693,60.0,33.29648437500001,0.0
14694,60.0,33.72890625,0.0
14695,56.25,34.161328125,0.0
14696,56.25,34.59375,0.0
14697,60.0,34.161328125,0.0
14698,60.0,34.59375,0.0
14699,56.25,35.026171875,0.0
14700,56.25,35.45859375,0.0
14701,60.0,35.026171875,0.0
14702,60.0,35.45859375,0.0
14703,56.25,35.89101562499999,0.0
14704,56.25,36.3234375,0.0
14705,60.0,35.89101562499999,0.0
14706,60.0,36.3234375,0.0
14707,56.25,36.755859375,0.0
14708,56.25,37.18828125,0.0
14709,60.0,36.755859375,0.0
14710,60.0,37.18828125,0.0
14711,56.25,37.62070312500001,0.0
14712,56.25,38.053125,0.0
14713,60.0,37.62070312500001,0.0
14714,60.0,38.053125,0.0
14715,56.25,38.485546875,0.0
14716,56.25,38.91796875,0.0
14717,60.0,38.485546875,0.0
14718,60.0,38.91796875,0.0
14719,56.25,39.350390625,0.0
14720,56.25,39.78281250000001,0.0
14721,60.0,39.350390625,0.0
14722,60.0,39.78281250000001,0.0
14723,56.25,40.21523437500001,0.0
14724,56.25,40.64765625,0.0
14725,60.0,40.21523437500001,0.0
14726,60.0,40.64765625,0.0
14727,56.25,41.080078125,0.0
14728,56.25,41.5125,0.0
14729,60.0,41.080078125,0.0
14730,60.0,41.5125,0.0
14731,48.75,41.94492187500001,0.0
14732,48.75,42.37734375,0.0
14733,52.5,41.94492187500001,0.0
14734,52.5,42.37734375,0.0
14735,48.75,42.809765625,0.0
14736,48.75,43.2421875,0.0
14737,52.5,42.809765625,0.0
14738,52.5,43.2421875,0.0
14739,48.75,43.674609375,0.0
14740,48.75,44.10703125000001,0.0
14741,52.5,43.674609375,0.0
14742,52.5,44.10703125000001,0.0
14743,48.75,44.53945312500001,0.0
14744,48.75,44.971875,0.0
14745,52.5,44.53945312500001,0.0
14746,52.5,44.971875,0.0
14747,48.75,45.404296875,0.0
14748,48.75,45.83671875,0.0
14749,52.5,45.404296875,0.0
14750,52.5,45.83671875,0.0
14751,48.75,46.26914062500001,0.0
14752,48.75,46.70156250000001,0.0
14753,52.5,46.26914062500001,0.0
14754,52.5,46.70156250000001,0.0
14755,48.75,47.13398437500001,0.0
14756,48.75,47.56640625000001,0.0
14757,52.5,47.13398437500001,0.0
14758,52.5,47.56640625000001,0.0
14759,48.75,47.998828125,0.0
14760,48.75,48.43125000000001,0.0
14761,52.5,47.998828125,0.0
14762,52.5,48.43125000000001,0.0
14763,48.75,48.86367187500001,0.0
14764,48.75,49.29609375,0.0
14765,52.5,48.86367187500001,0.0
14766,52.5,49.29609375,0.0
14767,48.75,49.728515625,0.0
14768,48.75,50.1609375,0.0
14769,52.5,49.728515625,0.0
14770,52.5,50.1609375,0.0
14771,48.75,50.59335937500001,0.0
14772,48.75,51.02578125,0.0
14773,52.5,50.59335937500001,0.0
14774,52.5,51.02578125,0.0
14775,48.75,51.458203125,0.0
14776,48.75,51.890625,0.0
14777,52.5,51.458203125,0.0
14778,52.5,51.890625,0.0
14779,48.75,52.323046875,0.0
14780,48.75,52.75546875,0.0
14781,52.5,52.323046875,0.0
14782,52.5,52.75546875,0.0
14783,48.75,53.18789062499999,0.0
14784,48.75,53.6203125,0.0
14785,52.5,53.18789062499999,0.0
14786,52.5,53.6203125,0.0
14787,48.75,54.052734375,0.0
14788,48.75,54.48515625,0.0
14789,52.5,54.052734375,0.0
14790,52.5,54.48515625,0.0
14791,48.75,54.91757812500001,0.0
14792,48.75,55.35,0.0
14793,52.5,54.91757812500001,0.0
14794,52.5,55.35,0.0
14795,56.25,41.94492187500001,0.0
14796,56.25,42.37734375,0.0
14797,60.0,41.94492187500001,0.0
14798,60.0,42.37734375,0.0
14799,56.25,42.809765625,0.0
14800,56.25,43.2421875,0.0
14801,60.0,42.809765625,0.0
14802,60.0,43.2421875,0.0
14803,56.25,43.674609375,0.0
14804,56.25,44.10703125000001,0.0
14805,60.0,43.674609375,0.0
14806,60.0,44.10703125000001,0.0
14807,56.25,44.53945312500001,0.0
14808,56.25,44.971875,0.0
14809,60.0,44.53945312500001,0.0
14810,60.0,44.971875,0.0
14811,56.25,45.404296875,0.0
14812,56.25,45.83671875,0.0
14813,60.0,45.404296875,0.0
14814,60.0,45.83671875,0.0
14815,56.25,46.26914062500001,0.0
14816,56.25,46.70156250000001,0.0
14817,60.0,46.26914062500001,0.0
14818,60.0,46.70156250000001,0.0
14819,56.25,47.13398437500001,0.0
14820,56.25,47.56640625000001,0.0
14821,60.0,47.13398437500001,0.0
14822,60.0,47.56640625000001,0.0
14823,56.25,47.998828125,0.0
14824,56.25,48.43125000000001,0.0
14825,60.0,47.998828125,0.0
14826,60.0,48.43125000000001,0.0
14827,56.25,48.86367187500001,0.0
14828,56.25,49.29609375,0.0
14829,60.0,48.86367187500001,0.0
14830,60.0,49.29609375,0.0
14831,56.25,49.728515625,0.0
14832,56.25,50.1609375,0.0
14833,60.0,49.728515625,0.0
14834,60.0,50.1609375,0.0
14835,56.25,50.59335937500001,0.0
14836,56.25,51.02578125,0.0
14837,60.0,50.59335937500001,0.0
14838,60.0,51.02578125,0.0
14839,56.25,51.458203125,0.0
14840,56.25,51.890625,0.0
14841,60.0,51.458203125,0.0
14842,60.0,51.890625,0.0
14843,56.25,52.323046875,0.0
14844,56.25,52.75546875,0.0
14845,60.0,52.323046875,0.0
14846,60.0,52.75546875,0.0
14847,56.25,53.18789062499999,0.0
14848,56.25,53.6203125,0.0
14849,60.0,53.18789062499999,0.0
14850,60.0,53.6203125,0.0
14851,56.25,54.052734375,0.0
14852,56.25,54.48515625,0.0
14853,60.0,54.052734375,0.0
14854,60.0,54.48515625,0.0
14855,56.25,54.91757812500001,0.0
14856,56.25,55.35,0.0
14857,60.0,54.91757812500001,0.0
14858,60.0,55.35,0.0
14859,3.75,55.782421875,0.0
14860,3.75,56.21484375,0.0
14861,7.5,55.782421875,0.0
14862,7.5,56.21484375,0.0
14863,3.75,56.647265625,0.0
14864,3.75,57.07968750000001,0.0
14865,7.5,56.647265625,0.0
14866,7.5,57.07968750000001,0.0
14867,3.75,57.51210937500001,0.0
14868,3.75,57.94453125,0.0
14869,7.5,57.51210937500001,0.0
14870,7.5,57.94453125,0.0
14871,3.75,58.376953125,0.0
14872,3.75,58.809375,0.0
14873,7.5,58.376953125,0.0
14874,7.5,58.809375,0.0
14875,3.75,59.24179687500001,0.0
14876,3.75,59.67421875,0.0
14877,7.5,59.24179687500001,0.0
14878,7.5,59.67421875,0.0
14879,3.75,60.106640625,0.0
14880,3.75,60.5390625,0.0
14881,7.5,60.106640625,0.0
14882,7.5,60.5390625,0.0
14883,3.75,60.971484375,0.0
14884,3.75,61.40390625,0.0
14885,7.5,60.971484375,0.0
14886,7.5,61.40390625,0.0
14887,3.75,61.83632812499999,0.0
14888,3.75,62.26875,0.0
14889,7.5,61.83632812499999,0.0
14890,7.5,62.26875,0.0
14891,3.75,62.701171875,0.0
14892,3.75,63.13359375,0.0
14893,7.5,62.701171875,0.0
14894,7.5,63.13359375,0.0
14895,3.75,63.56601562500001,0.0
14896,3.75,63.9984375,0.0
14897,7.5,63.56601562500001,0.0
14898,7.5,63.9984375,0.0
14899,3.75,64.430859375,0.0
14900,3.75,64.86328125,0.0
14901,7.5,64.430859375,0.0
14902,7.5,64.86328125,0.0
14903,3.75,65.295703125,0.0
14904,3.75,65.728125,0.0
14905,7.5,65.295703125,0.0
14906,7.5,65.728125,0.0
14907,3.75,66.16054687500001,0.0
14908,3.75,66.59296875000001,0.0
14909,7.5,66.16054687500001,0.0
14910,7.5,66.59296875000001,0.0
14911,3.75,67.025390625,0.0
14912,3.75,67.4578125,0.0
14913,7.5,67.025390625,0.0
14914,7.5,67.4578125,0.0
14915,3.75,67.890234375,0.0
14916,3.75,68.32265625,0.0
14917,7.5,67.890234375,0.0
14918,7.5,68.32265625,0.0
14919,3.75,68.755078125,0.0
14920,3.75,69.1875,0.0
14921,7.5,68.755078125,0.0
14922,7.5,69.1875,0.0
14923,11.25,55.782421875,0.0
14924,11.25,56.21484375,0.0
14925,15.0,55.782421875,0.0
14926,15.0,56.21484375,0.0
14927,11.25,56.647265625,0.0
14928,11.25,57.07968750000001,0.0
14929,15.0,56.647265625,0.0
14930,15.0,57.07968750000001,0.0
14931,11.25,57.51210937500001,0.0
14932,11.25,57.94453125,0.0
14933,15.0,57.51210937500001,0.0
14934,15.0,57.94453125,0.0
14935,11.25,58.376953125,0.0
14936,11.25,58.809375,0.0
14937,15.0,58.376953125,0.0
14938,15.0,58.809375,0.0
14939,11.25,59.24179687500001,0.0
14940,11.25,59.67421875,0.0
14941,15.0,59.24179687500001,0.0
14942,15.0,59.67421875,0.0
14943,11.25,60.106640625,0.0
14944,11.25,60.5390625,0.0
14945,15.0,60.106640625,0.0
14946,15.0,60.5390625,0.0
14947,11.25,60.971484375,0.0
14948,11.25,61.40390625,0.0
14949,15.0,60.971484375,0.0
14950,15.0,61.40390625,0.0
14951,11.25,61.83632812499999,0.0
14952,11.25,62.26875,0.0
14953,15.0,61.83632812499999,0.0
14954,15.0,62.26875,0.0
14955,11.25,62.701171875,0.0
14956,11.25,63.13359375,0.0
14957,15.0,62.701171875,0.0
14958,15.0,63.13359375,0.0
14959,11.25,63.56601562500001,0.0
14960,11.25,63.9984375,0.0
14961,15.0,63.56601562500001,0.0
14962,15.0,63.9984375,0.0
14963,11.25,64.430859375,0.0
14964,11.25,64.86328125,0.0
14965,15.0,64.430859375,0.0
14966,15.0,64.86328125,0.0
14967,11.25,65.295703125,0.0
14968,11.25,65.728125,0.0
14969,15.0,65.295703125,0.0
14970,15.0,65.728125,0.0
14971,11.25,66.16054687500001,0.0
14972,11.25,66.59296875000001,0.0
14973,15.0,66.16054687500001,0.0
14974,15.0,66.59296875000001,0.0
14975,11.25,67.025390625,0.0
14976,11.25,67.4578125,0.0
14977,15.0,67.025390625,0.0
14978,15.0,67.4578125,0.0
14979,11.25,67.890234375,0.0
14980,11.25,68.32265625,0.0
14981,15.0,67.890234375,0.0
14982,15.0,68.32265625,0.0
14983,11.25,68.755078125,0.0
14984,11.25,69.1875,0.0
14985,15.0,68.755078125,0.0
14986,15.0,69.1875,0.0
14987,3.75,69.619921875,0.0
14988,3.75,70.05234375,0.0
14989,7.5,69.619921875,0.0
14990,7.5,70.05234375,0.0
14991,3.75,70.484765625,0.0
14992,3.75,70.9171875,0.0
14993,7.5,70.484765625,0.0
14994,7.5,70.9171875,0.0
14995,3.75,71.349609375,0.0
14996,3.75,71.78203124999999,0.0
14997,7.5,71.349609375,0.0
14998,7.5,71.78203124999999,0.0
14999,3.75,72.21445312499999,0.0
15000,3.75,72.646875,0.0
15001,7.5,72.21445312499999,0.0
15002,7.5,72.646875,0.0
15003,3.75,73.079296875,0.0
15004,3.75,73.51171875,0.0
15005,7.5,73.079296875,0.0
15006,7.5,73.51171875,0.0
15007,3.75,73.944140625,0.0
15008,3.75,74.3765625,0.0
15009,7.5,73.944140625,0.0
15010,7.5,74.3765625,0.0
15011,3.75,74.80898437500001,0.0
15012,3.75,75.24140625000001,0.0
15013,7.5,74.80898437500001,0.0
15014,7.5,75.24140625000001,0.0
15015,3.75,75.673828125,0.0
15016,3.75,76.10625,0.0
15017,7.5,75.673828125,0.0
15018,7.5,76.10625,0.0
15019,3.75,76.538671875,0.0
15020,3.75,76.97109375,0.0
15021,7.5,76.538671875,0.0
15022,7.5,76.97109375,0.0
15023,3.75,77.403515625,0.0
15024,3.75,77.8359375,0.0
15025,7.5,77.403515625,0.0
15026,7.5,77.8359375,0.0
15027,3.75,78.268359375,0.0
15028,3.75,78.70078125,0.0
15029,7.5,78.268359375,0.0
15030,7.5,78.70078125,0.0
15031,3.75,79.13320312500001,0.0
15032,3.75,79.56562500000001,0.0
15033,7.5,79.13320312500001,0.0
15034,7.5,79.56562500000001,0.0
15035,3.75,79.99804687500001,0.0
15036,3.75,80.43046875000002,0.0
15037,7.5,79.99804687500001,0.0
15038,7.5,80.43046875000002,0.0
15039,3.75,80.862890625,0.0
15040,3.75,81.29531250000001,0.0
15041,7.5,80.862890625,0.0
15042,7.5,81.29531250000001,0.0
15043,3.75,81.72773437500001,0.0
15044,3.75,82.16015625,0.0
15045,7.5,81.72773437500001,0.0
15046,7.5,82.16015625,0.0
15047,3.75,82.592578125,0.0
15048,3.75,83.025,0.0
15049,7.5,82.592578125,0.0
15050,7.5,83.025,0.0
15051,11.25,69.619921875,0.0
15052,11.25,70.05234375,0.0
15053,15.0,69.619921875,0.0
15054,15.0,70.05234375,0.0
15055,11.25,70.484765625,0.0
15056,11.25,70.9171875,0.0
15057,15.0,70.484765625,0.0
15058,15.0,70.9171875,0.0
15059,11.25,71.349609375,0.0
15060,11.25,71.78203124999999,0.0
15061,15.0,71.349609375,0.0
15062,15.0,71.78203124999999,0.0
15063,11.25,72.21445312499999,0.0
15064,11.25,72.646875,0.0
15065,15.0,72.21445312499999,0.0
15066,15.0,72.646875,0.0
15067,11.25,73.079296875,0.0
15068,11.25,73.51171875,0.0
15069,15.0,73.079296875,0.0
15070,15.0,73.51171875,0.0
15071,11.25,73.944140625,0.0
15072,11.25,74.3765625,0.0
15073,15.0,73.944140625,0.0
15074,15.0,74.3765625,0.0
15075,11.25,74.80898437500001,0.0
15076,11.25,75.24140625000001,0.0
15077,15.0,74.80898437500001,0.0
15078,15.0,75.24140625000001,0.0
15079,11.25,75.673828125,0.0
15080,11.25,76.10625,0.0
15081,15.0,75.673828125,0.0
15082,15.0,76.10625,0.0
15083,11.25,76.538671875,0.0
15084,11.25,76.97109375,0.0
15085,15.0,76.538671875,0.0
15086,15.0,76.97109375,0.0
15087,11.25,77.403515625,0.0
15088,11.25,77.8359375,0.0
15089,15.0,77.403515625,0.0
15090,15.0,77.8359375,0.0
15091,11.25,78.268359375,0.0
15092,11.25,78.70078125,0.0
15093,15.0,78.268359375,0.0
15094,15.0,78.70078125,0.0
15095,11.25,79.13320312500001,0.0
15096,11.25,79.56562500000001,0.0
15097,15.0,79.13320312500001,0.0
15098,15.0,79.56562500000001,0.0
15099,11.25,79.99804687500001,0.0
15100,11.25,80.43046875000002,0.0
15101,15.0,79.99804687500001,0.0
15102,15.0,80.43046875000002,0.0
15103,11.25,80.862890625,0.0
15104,11.25,81.29531250000001,0.0
15105,15.0,80.862890625,0.0
15106,15.0,81.29531250000001,0.0
15107,11.25,81.72773437500001,0.0
15108,11.25,82.16015625,0.0
15109,15.0,81.72773437500001,0.0
15110,15.0,82.16015625,0.0
15111,11.25,82.592578125,0.0
15112,11.25,83.025,0.0
15113,15.0,82.592578125,0.0
15114,15.0,83.025,0.0
15115,18.75,55.782421875,0.0
15116,18.75,56.21484375,0.0
15117,22.5,55.782421875,0.0
15118,22.5,56.21484375,0.0
15119,18.75,56.647265625,0.0
15120,18.75,57.07968750000001,0.0
15121,22.5,56.647265625,0.0
15122,22.5,57.07968750000001,0.0
15123,18.75,57.51210937500001,0.0
15124,18.75,57.94453125,0.0
15125,22.5,57.51210937500001,0.0
15126,22.5,57.94453125,0.0
15127,18.75,58.376953125,0.0
15128,18.75,58.809375,0.0
15129,22.5,58.376953125,0.0
15130,22.5,58.809375,0.0
15131,18.75,59.24179687500001,0.0
15132,18.75,59.67421875,0.0
15133,22.5,59.24179687500001,0.0
15134,22.5,59.67421875,0.0
15135,18.75,60.106640625,0.0
15136,18.75,60.5390625,0.0
15137,22.5,60.106640625,0.0
15138,22.5,60.5390625,0.0
15139,18.75,60.971484375,0.0
15140,18.75,61.40390625,0.0
15141,22.5,60.971484375,0.0
15142,22.5,61.40390625,0.0
15143,18.75,61.83632812499999,0.0
15144,18.75,62.26875,0.0
15145,22.5,61.83632812499999,0.0
15146,22.5,62.26875,0.0
15147,18.75,62.701171875,0.0
15148,18.75,63.13359375,0.0
15149,22.5,62.701171875,0.0
15150,22.5,63.13359375,0.0
15151,18.75,63.56601562500001,0.0
15152,18.75,63.9984375,0.0
15153,22.5,63.56601562500001,0.0
15154,22.5,63.9984375,0.0
15155,18.75,64.430859375,0.0
15156,18.75,64.86328125,0.0
15157,22.5,64.430859375,0.0
15158,22.5,64.86328125,0.0
15159,18.75,65.295703125,0.0
15160,18.75,65.728125,0.0
15161,22.5,65.295703125,0.0
15162,22.5,65.728125,0.0
15163,18.75,66.16054687500001,0.0
15164,18.75,66.59296875000001,0.0
15165,22.5,66.16054687500001,0.0
15166,22.5,66.59296875000001,0.0
15167,18.75,67.025390625,0.0
15168,18.75,67.4578125,0.0
15169,22.5,67.025390625,0.0
15170,22.5,67.4578125,0.0
15171,18.75,67.890234375,0.0
15172,18.75,68.32265625,0.0
15173,22.5,67.890234375,0.0
15174,22.5,68.32265625,0.0
15175,18.75,68.755078125,0.0
15176,18.75,69.1875,0.0
15177,22.5,68.755078125,0.0
15178,22.5,69.1875,0.0
15179,26.25,55.782421875,0.0
15180,26.25,56.21484375,0.0
15181,30.0,55.782421875,0.0
15182,30.0,56.21484375,0.0
15183,26.25,56.647265625,0.0
15184,26.25,57.07968750000001,0.0
15185,30.0,56.647265625,0.0
15186,30.0,57.07968750000001,0.0
15187,26.25,57.51210937500001,0.0
15188,26.25,57.94453125,0.0
15189,30.0,57.51210937500001,0.0
15190,30.0,57.94453125,0.0
15191,26.25,58.376953125,0.0
15192,26.25,58.809375,0.0
15193,30.0,58.376953125,0.0
15194,30.0,58.809375,0.0
15195,26.25,59.24179687500001,0.0
15196,26.25,59.67421875,0.0
15197,30.0,59.24179687500001,0.0
15198,30.0,59.67421875,0.0
15199,26.25,60.106640625,0.0
15200,26.25,60.5390625,0.0
15201,30.0,60.106640625,0.0
15202,30.0,60.5390625,0.0
15203,26.25,60.971484375,0.0
15204,26.25,61.40390625,0.0
15205,30.0,60.971484375,0.0
15206,30.0,61.40390625,0.0
15207,26.25,61.83632812499999,0.0
15208,26.25,62.26875,0.0
15209,30.0,61.83632812499999,0.0
15210,30.0,62.26875,0.0
15211,26.25,62.701171875,0.0
15212,26.25,63.13359375,0.0
15213,30.0,62.701171875,0.0
15214,30.0,63.13359375,0.0
15215,26.25,63.56601562500001,0.0
15216,26.25,63.9984375,0.0
15217,30.0,63.56601562500001,0.0
15218,30.0,63.9984375,0.0
15219,26.25,64.430859375,0.0
15220,26.25,64.86328125,0.0
15221,30.0,64.430859375,0.0
15222,30.0,64.86328125,0.0
15223,26.25,65.295703125,0.0
15224,26.25,65.728125,0.0
15225,30.0,65.295703125,0.0
15226,30.0,65.728125,0.0
15227,26.25,66.16054687500001,0.0
15228,26.25,66.59296875000001,0.0
15229,30.0,66.16054687500001,0.0
15230,30.0,66.59296875000001,0.0
15231,26.25,67.025390625,0.0
15232,26.25,67.4578125,0.0
15233,30.0,67.025390625,0.0
15234,30.0,67.4578125,0.0
15235,26.25,67.890234375,0.0
15236,26.25,68.32265625,0.0
15237,30.0,67.890234375,0.0
15238,30.0,68.32265625,0.0
15239,26.25,68.755078125,0.0
15240,26.25,69.1875,0.0
15241,30.0,68.755078125,0.0
15242,30.0,69.1875,0.0
15243,18.75,69.619921875,0.0
15244,18.75,70.05234375,0.0
15245,22.5,69.619921875,0.0
15246,22.5,70.05234375,0.0
15247,18.75,70.484765625,0.0
15248,18.75,70.9171875,0.0
15249,22.5,70.484765625,0.0
15250,22.5,70.9171875,0.0
15251,18.75,71.349609375,0.0
15252,18.75,71.78203124999999,0.0
15253,22.5,71.349609375,0.0
15254,22.5,71.78203124999999,0.0
15255,18.75,72.21445312499999,0.0
15256,18.75,72.646875,0.0
15257,22.5,72.21445312499999,0.0
15258,22.5,72.646875,0.0
15259,18.75,73.079296875,0.0
15260,18.75,73.51171875,0.0
15261,22.5,73.079296875,0.0
15262,22.5,73.51171875,0.0
15263,18.75,73.944140625,0.0
15264,18.75,74.3765625,0.0
15265,22.5,73.944140625,0.0
15266,22.5,74.3765625,0.0
15267,18.75,74.80898437500001,0.0
15268,18.75,75.24140625000001,0.0
15269,22.5,74.80898437500001,0.0
15270,22.5,75.24140625000001,0.0
15271,18.75,75.673828125,0.0
15272,18.75,76.10625,0.0
15273,22.5,75.673828125,0.0
15274,22.5,76.10625,0.0
15275,18.75,76.538671875,0.0
15276,18.75,76.97109375,0.0
15277,22.5,76.538671875,0.0
15278,22.5,76.97109375,0.0
15279,18.75,77.403515625,0.0
15280,18.75,77.8359375,0.0
15281,22.5,77.403515625,0.0
15282,22.5,77.8359375,0.0
15283,18.75,78.268359375,0.0
15284,18.75,78.70078125,0.0
15285,22.5,78.268359375,0.0
15286,22.5,78.70078125,0.0
15287,18.75,79.13320312500001,0.0
15288,18.75,79.56562500000001,0.0
15289,22.5,79.13320312500001,0.0
15290,22.5,79.56562500000001,0.0
15291,18.75,79.99804687500001,0.0
15292,18.75,80.43046875000002,0.0
15293,22.5,79.99804687500001,0.0
15294,22.5,80.43046875000002,0.0
15295,18.75,80.862890625,0.0
15296,18.75,81.29531250000001,0.0
15297,22.5,80.862890625,0.0
15298,22.5,81.29531250000001,0.0
15299,18.75,81.72773437500001,0.0
15300,18.75,82.16015625,0.0
15301,22.5,81.72773437500001,0.0
15302,22.5,82.16015625,0.0
15303,18.75,82.592578125,0.0
15304,18.75,83.025,0.0
15305,22.5,82.592578125,0.0
15306,22.5,83.025,0.0
15307,26.25,69.619921875,0.0
15308,26.25,70.05234375,0.0
15309,30.0,69.619921875,0.0
15310,30.0,70.05234375,0.0
15311,26.25,70.484765625,0.0
15312,26.25,70.9171875,0.0
15313,30.0,70.484765625,0.0
15314,30.0,70.9171875,0.0
15315,26.25,71.349609375,0.0
15316,26.25,71.78203124999999,0.0
15317,30.0,71.349609375,0.0
15318,30.0,71.78203124999999,0.0
15319,26.25,72.21445312499999,0.0
15320,26.25,72.646875,0.0
15321,30.0,72.21445312499999,0.0
15322,30.0,72.646875,0.0
15323,26.25,73.079296875,0.0
15324,26.25,73.51171875,0.0
15325,30.0,73.079296875,0.0
15326,30.0,73.51171875,0.0
15327,26.25,73.944140625,0.0
15328,26.25,74.3765625,0.0
15329,30.0,73.944140625,0.0
15330,30.0,74.3765625,0.0
15331,26.25,74.80898437500001,0.0
15332,26.25,75.24140625000001,0.0
15333,30.0,74.80898437500001,0.0
15334,30.0,75.24140625000001,0.0
15335,26.25,75.673828125,0.0
15336,26.25,76.10625,0.0
15337,30.0,75.673828125,0.0
15338,30.0,76.10625,0.0
15339,26.25,76.538671875,0.0
15340,26.25,76.97109375,0.0
15341,30.0,76.538671875,0.0
15342,30.0,76.97109375,0.0
15343,26.25,77.403515625,0.0
15344,26.25,77.8359375,0.0
15345,30.0,77.403515625,0.0
15346,30.0,77.8359375,0.0
15347,26.25,78.268359375,0.0
15348,26.25,78.70078125,0.0
15349,30.0,78.268359375,0.0
15350,30.0,78.70078125,0.0
15351,26.25,79.13320312500001,0.0
15352,26.25,79.56562500000001,0.0
15353,30.0,79.13320312500001,0.0
15354,30.0,79.56562500000001,0.0
15355,26.25,79.99804687500001,0.0
15356,26.25,80.43046875000002,0.0
15357,30.0,79.99804687500001,0.0
15358,30.0,80.43046875000002,0.0
15359,26.25,80.862890625,0.0
15360,26.25,81.29531250000001,0.0
15361,30.0,80.862890625,0.0
15362,30.0,81.29531250000001,0.0
15363,26.25,81.72773437500001,0.0
15364,26.25,82.16015625,0.0
15365,30.0,81.72773437500001,0.0
15366,30.0,82.16015625,0.0
15367,26.25,82.592578125,0.0
15368,26.25,83.025,0.0
15369,30.0,82.592578125,0.0
15370,30.0,83.025,0.0
15371,33.75,55.782421875,0.0
15372,33.75,56.21484375,0.0
15373,37.5,55.782421875,0.0
15374,37.5,56.21484375,0.0
15375,33.75,56.647265625,0.0
15376,33.75,57.07968750000001,0.0
15377,37.5,56.647265625,0.0
15378,37.5,57.07968750000001,0.0
15379,33.75,57.51210937500001,0.0
15380,33.75,57.94453125,0.0
15381,37.5,57.51210937500001,0.0
15382,37.5,57.94453125,0.0
15383,33.75,58.376953125,0.0
15384,33.75,58.809375,0.0
15385,37.5,58.376953125,0.0
15386,37.5,58.809375,0.0
15387,33.75,59.24179687500001,0.0
15388,33.75,59.67421875,0.0
15389,37.5,59.24179687500001,0.0
15390,37.5,59.67421875,0.0
15391,33.75,60.106640625,0.0
15392,33.75,60.5390625,0.0
15393,37.5,60.106640625,0.0
15394,37.5,60.5390625,0.0
15395,33.75,60.971484375,0.0
15396,33.75,61.40390625,0.0
15397,37.5,60.971484375,0.0
15398,37.5,61.40390625,0.0
15399,33.75,61.83632812499999,0.0
15400,33.75,62.26875,0.0
15401,37.5,61.83632812499999,0.0
15402,37.5,62.26875,0.0
15403,33.75,62.701171875,0.0
15404,33.75,63.13359375,0.0
15405,37.5,62.701171875,0.0
15406,37.5,63.13359375,0.0
15407,33.75,63.56601562500001,0.0
15408,33.75,63.9984375,0.0
15409,37.5,63.56601562500001,0.0
15410,37.5,63.9984375,0.0
15411,33.75,64.430859375,0.0
15412,33.75,64.86328125,0.0
15413,37.5,64.430859375,0.0
15414,37.5,64.86328125,0.0
15415,33.75,65.295703125,0.0
15416,33.75,65.728125,0.0
15417,37.5,65.295703125,0.0
15418,37.5,65.728125,0.0
15419,33.75,66.16054687500001,0.0
15420,33.75,66.59296875000001,0.0
15421,37.5,66.16054687500001,0.0
15422,37.5,66.59296875000001,0.0
15423,33.75,67.025390625,0.0
15424,33.75,67.4578125,0.0
15425,37.5,67.025390625,0.0
15426,37.5,67.4578125,0.0
15427,33.75,67.890234375,0.0
15428,33.75,68.32265625,0.0
15429,37.5,67.890234375,0.0
15430,37.5,68.32265625,0.0
15431,33.75,68.755078125,0.0
15432,33.75,69.1875,0.0
15433,37.5,68.755078125,0.0
15434,37.5,69.1875,0.0
15435,41.25,55.782421875,0.0
15436,41.25,56.21484375,0.0
15437,45.0,55.782421875,0.0
15438,45.0,56.21484375,0.0
15439,41.25,56.647265625,0.0
15440,41.25,57.07968750000001,0.0
15441,45.0,56.647265625,0.0
15442,45.0,57.07968750000001,0.0
15443,41.25,57.51210937500001,0.0
15444,41.25,57.94453125,0.0
15445,45.0,57.51210937500001,0.0
15446,45.0,57.94453125,0.0
15447,41.25,58.376953125,0.0
15448,41.25,58.809375,0.0
15449,45.0,58.376953125,0.0
15450,45.0,58.809375,0.0
15451,41.25,59.24179687500001,0.0
15452,41.25,59.67421875,0.0
15453,45.0,59.24179687500001,0.0
15454,45.0,59.67421875,0.0
15455,41.25,60.106640625,0.0
15456,41.25,60.5390625,0.0
15457,45.0,60.106640625,0.0
15458,45.0,60.5390625,0.0
15459,41.25,60.971484375,0.0
15460,41.25,61.40390625,0.0
15461,45.0,60.971484375,0.0
15462,45.0,61.40390625,0.0
15463,41.25,61.83632812499999,0.0
15464,41.25,62.26875,0.0
15465,45.0,61.83632812499999,0.0
15466,45.0,62.26875,0.0
15467,41.25,62.701171875,0.0
15468,41.25,63.13359375,0.0
15469,45.0,62.701171875,0.0
15470,45.0,63.13359375,0.0
15471,41.25,63.56601562500001,0.0
15472,41.25,63.9984375,0.0
15473,45.0,63.56601562500001,0.0
15474,45.0,63.9984375,0.0
15475,41.25,64.430859375,0.0
15476,41.25,64.86328125,0.0
15477,45.0,64.430859375,0.0
15478,45.0,64.86328125,0.0
15479,41.25,65.295703125,0.0
15480,41.25,65.728125,0.0
15481,45.0,65.295703125,0.0
15482,45.0,65.728125,0.0
15483,41.25,66.16054687500001,0.0
15484,41.25,66.59296875000001,0.0
15485,45.0,66.16054687500001,0.0
15486,45.0,66.59296875000001,0.0
15487,41.25,67.025390625,0.0
15488,41.25,67.4578125,0.0
15489,45.0,67.025390625,0.0
15490,45.0,67.4578125,0.0
15491,41.25,67.890234375,0.0
15492,41.25,68.32265625,0.0
15493,45.0,67.890234375,0.0
15494,45.0,68.32265625,0.0
15495,41.25,68.755078125,0.0
15496,41.25,69.1875,0.0
15497,45.0,68.755078125,0.0
15498,45.0,69.1875,0.0
15499,33.75,69.619921875,0.0
15500,33.75,70.05234375,0.0
15501,37.5,69.619921875,0.0
15502,37.5,70.05234375,0.0
15503,33.75,70.484765625,0.0
15504,33.75,70.9171875,0.0
15505,37.5,70.484765625,0.0
15506,37.5,70.9171875,0.0
15507,33.75,71.349609375,0.0
15508,33.75,71.78203124999999,0.0
15509,37.5,71.349609375,0.0
15510,37.5,71.78203124999999,0.0
15511,33.75,72.21445312499999,0.0
15512,33.75,72.646875,0.0
15513,37.5,72.21445312499999,0.0
15514,37.5,72.646875,0.0
15515,33.75,73.079296875,0.0
15516,33.75,73.51171875,0.0
15517,37.5,73.079296875,0.0
15518,37.5,73.51171875,0.0
15519,33.75,73.944140625,0.0
15520,33.75,74.3765625,0.0
15521,37.5,73.944140625,0.0
15522,37.5,74.3765625,0.0
15523,33.75,74.80898437500001,0.0
15524,33.75,75.24140625000001,0.0
15525,37.5,74.80898437500001,0.0
15526,37.5,75.24140625000001,0.0
15527,33.75,75.673828125,0.0
15528,33.75,76.10625,0.0
15529,37.5,75.673828125,0.0
15530,37.5,76.10625,0.0
15531,33.75,76.538671875,0.0
15532,33.75,76.97109375,0.0
15533,37.5,76.538671875,0.0
15534,37.5,76.97109375,0.0
15535,33.75,77.403515625,0.0
15536,33.75,77.8359375,0.0
15537,37.5,77.403515625,0.0
15538,37.5,77.8359375,0.0
15539,33.75,78.268359375,0.0
15540,33.75,78.70078125,0.0
15541,37.5,78.268359375,0.0
15542,37.5,78.70078125,0.0
15543,33.75,79.13320312500001,0.0
15544,33.75,79.56562500000001,0.0
15545,37.5,79.13320312500001,0.0
15546,37.5,79.56562500000001,0.0
15547,33.75,79.99804687500001,0.0
15548,33.75,80.43046875000002,0.0
15549,37.5,79.99804687500001,0.0
15550,37.5,80.43046875000002,0.0
15551,33.75,80.862890625,0.0
15552,33.75,81.29531250000001,0.0
15553,37.5,80.862890625,0.0
15554,37.5,81.29531250000001,0.0
15555,33.75,81.72773437500001,0.0
15556,33.75,82.16015625,0.0
15557,37.5,81.72773437500001,0.0
15558,37.5,82.16015625,0.0
15559,33.75,82.592578125,0.0
15560,33.75,83.025,0.0
15561,37.5,82.592578125,0.0
15562,37.5,83.025,0.0
15563,41.25,69.619921875,0.0
15564,41.25,70.05234375,0.0
15565,45.0,69.619921875,0.0
15566,45.0,70.05234375,0.0
15567,41.25,70.484765625,0.0
15568,41.25,70.9171875,0.0
15569,45.0,70.484765625,0.0
15570,45.0,70.9171875,0.0
15571,41.25,71.349609375,0.0
15572,41.25,71.78203124999999,0.0
15573,45.0,71.349609375,0.0
15574,45.0,71.78203124999999,0.0
15575,41.25,72.21445312499999,0.0
15576,41.25,72.646875,0.0
15577,45.0,72.21445312499999,0.0
15578,45.0,72.646875,0.0
15579,41.25,73.079296875,0.0
15580,41.25,73.51171875,0.0
15581,45.0,73.079296875,0.0
15582,45.0,73.51171875,0.0
15583,41.25,73.944140625,0.0
15584,41.25,74.3765625,0.0
15585,45.0,73.944140625,0.0
15586,45.0,74.3765625,0.0
15587,41.25,74.80898437500001,0.0
15588,41.25,75.24140625000001,0.0
15589,45.0,74.80898437500001,0.0
15590,45.0,75.24140625000001,0.0
15591,41.25,75.673828125,0.0
15592,41.25,76.10625,0.0
15593,45.0,75.673828125,0.0
15594,45.0,76.10625,0.0
15595,41.25,76.538671875,0.0
15596,41.25,76.97109375,0.0
15597,45.0,76.538671875,0.0
15598,45.0,76.97109375,0.0
15599,41.25,77.403515625,0.0
15600,41.25,77.8359375,0.0
15601,45.0,77.403515625,0.0
15602,45.0,77.8359375,0.0
15603,41.25,78.268359375,0.0
15604,41.25,78.70078125,0.0
15605,45.0,78.268359375,0.0
15606,45.0,78.70078125,0.0
15607,41.25,79.13320312500001,0.0
15608,41.25,79.56562500000001,0.0
15609,45.0,79.13320312500001,0.0
15610,45.0,79.56562500000001,0.0
15611,41.25,79.99804687500001,0.0
15612,41.25,80.43046875000002,0.0
15613,45.0,79.99804687500001,0.0
15614,45.0,80.43046875000002,0.0
15615,41.25,80.862890625,0.0
15616,41.25,81.29531250000001,0.0
15617,45.0,80.862890625,0.0
15618,45.0,81.29531250000001,0.0
15619,41.25,81.72773437500001,0.0
15620,41.25,82.16015625,0.0
15621,45.0,81.72773437500001,0.0
15622,45.0,82.16015625,0.0
15623,41.25,82.592578125,0.0
15624,41.25,83.025,0.0
15625,45.0,82.592578125,0.0
15626,45.0,83.025,0.0
15627,48.75,55.782421875,0.0
15628,48.75,56.21484375,0.0
15629,52.5,55.782421875,0.0
15630,52.5,56.21484375,0.0
15631,48.75,56.647265625,0.0
15632,48.75,57.07968750000001,0.0
15633,52.5,56.647265625,0.0
15634,52.5,57.07968750000001,0.0
15635,48.75,57.51210937500001,0.0
15636,48.75,57.94453125,0.0
15637,52.5,57.51210937500001,0.0
15638,52.5,57.94453125,0.0
15639,48.75,58.376953125,0.0
15640,48.75,58.809375,0.0
15641,52.5,58.376953125,0.0
15642,52.5,58.809375,0.0
15643,48.75,59.24179687500001,0.0
15644,48.75,59.67421875,0.0
15645,52.5,59.24179687500001,0.0
15646,52.5,59.67421875,0.0
15647,48.75,60.106640625,0.0
15648,48.75,60.5390625,0.0
15649,52.5,60.106640625,0.0
15650,52.5,60.5390625,0.0
15651,48.75,60.971484375,0.0
15652,48.75,61.40390625,0.0
15653,52.5,60.971484375,0.0
15654,52.5,61.40390625,0.0
15655,48.75,61.83632812499999,0.0
15656,48.75,62.26875,0.0
15657,52.5,61.83632812499999,0.0
15658,52.5,62.26875,0.0
15659,48.75,62.701171875,0.0
15660,48.75,63.13359375,0.0
15661,52.5,62.701171875,0.0
15662,52.5,63.13359375,0.0
15663,48.75,63.56601562500001,0.0
15664,48.75,63.9984375,0.0
15665,52.5,63.56601562500001,0.0
15666,52.5,63.9984375,0.0
15667,48.75,64.430859375,0.0
15668,48.75,64.86328125,0.0
15669,52.5,64.430859375,0.0
15670,52.5,64.86328125,0.0
15671,48.75,65.295703125,0.0
15672,48.75,65.728125,0.0
15673,52.5,65.295703125,0.0
15674,52.5,65.728125,0.0
15675,48.75,66.16054687500001,0.0
15676,48.75,66.59296875000001,0.0
15677,52.5,66.16054687500001,0.0
15678,52.5,66.59296875000001,0.0
15679,48.75,67.025390625,0.0
15680,48.75,67.4578125,0.0
15681,52.5,67.025390625,0.0
15682,52.5,67.4578125,0.0
15683,48.75,67.890234375,0.0
15684,48.75,68.32265625,0.0
15685,52.5,67.890234375,0.0
15686,52.5,68.32265625,0.0
15687,48.75,68.755078125,0.0
15688,48.75,69.1875,0.0
15689,52.5,68.755078125,0.0
15690,52.5,69.1875,0.0
15691,56.25,55.782421875,0.0
15692,56.25,56.21484375,0.0
15693,60.0,55.782421875,0.0
15694,60.0,56.21484375,0.0
15695,56.25,56.647265625,0.0
15696,56.25,57.07968750000001,0.0
15697,60.0,56.647265625,0.0
15698,60.0,57.07968750000001,0.0
15699,56.25,57.51210937500001,0.0
15700,56.25,57.94453125,0.0
15701,60.0,57.51210937500001,0.0
15702,60.0,57.94453125,0.0
15703,56.25,58.376953125,0.0
15704,56.25,58.809375,0.0
15705,60.0,58.376953125,0.0
15706,60.0,58.809375,0.0
15707,56.25,59.24179687500001,0.0
15708,56.25,59.67421875,0.0
15709,60.0,59.24179687500001,0.0
15710,60.0,59.67421875,0.0
15711,56.25,60.106640625,0.0
15712,56.25,60.5390625,0.0
15713,60.0,60.106640625,0.0
15714,60.0,60.5390625,0.0
15715,56.25,60.971484375,0.0
15716,56.25,61.40390625,0.0
15717,60.0,60.971484375,0.0
15718,60.0,61.40390625,0.0
15719,56.25,61.83632812499999,0.0
15720,56.25,62.26875,0.0
15721,60.0,61.83632812499999,0.0
15722,60.0,62.26875,0.0
15723,56.25,62.701171875,0.0
15724,56.25,63.13359375,0.0
15725,60.0,62.701171875,0.0
15726,60.0,63.13359375,0.0
15727,56.25,63.56601562500001,0.0
15728,56.25,63.9984375,0.0
15729,60.0,63.56601562500001,0.0
15730,60.0,63.9984375,0.0
15731,56.25,64.430859375,0.0
15732,56.25,64.86328125,0.0
15733,60.0,64.430859375,0.0
15734,60.0,64.86328125,0.0
15735,56.25,65.295703125,0.0
15736,56.25,65.728125,0.0
15737,60.0,65.295703125,0.0
15738,60.0,65.728125,0.0
15739,56.25,66.16054687500001,0.0
15740,56.25,66.59296875000001,0.0
15741,60.0,66.16054687500001,0.0
15742,60.0,66.59296875000001,0.0
15743,56.25,67.025390625,0.0
15744,56.25,67.4578125,0.0
15745,60.0,67.025390625,0.0
15746,60.0,67.4578125,0.0
15747,56.25,67.890234375,0.0
15748,56.25,68.32265625,0.0
15749,60.0,67.890234375,0.0
15750,60.0,68.32265625,0.0
15751,56.25,68.755078125,0.0
15752,56.25,69.1875,0.0
15753,60.0,68.755078125,0.0
15754,60.0,69.1875,0.0
15755,48.75,69.619921875,0.0
15756,48.75,70.05234375,0.0
15757,52.5,69.619921875,0.0
15758,52.5,70.05234375,0.0
15759,48.75,70.484765625,0.0
15760,48.75,70.9171875,0.0
15761,52.5,70.484765625,0.0
15762,52.5,70.9171875,0.0
15763,48.75,71.349609375,0.0
15764,48.75,71.78203124999999,0.0
15765,52.5,71.349609375,0.0
15766,52.5,71.78203124999999,0.0
15767,48.75,72.21445312499999,0.0
15768,48.75,72.646875,0.0
15769,52.5,72.21445312499999,0.0
15770,52.5,72.646875,0.0
15771,48.75,73.079296875,0.0
15772,48.75,73.51171875,0.0
15773,52.5,73.079296875,0.0
15774,52.5,73.51171875,0.0
15775,48.75,73.944140625,0.0
15776,48.75,74.3765625,0.0
15777,52.5,73.944140625,0.0
15778,52.5,74.3765625,0.0
15779,48.75,74.80898437500001,0.0
15780,48.75,75.24140625000001,0.0
15781,52.5,74.80898437500001,0.0
15782,52.5,75.24140625000001,0.0
15783,48.75,75.673828125,0.0
15784,48.75,76.10625,0.0
15785,52.5,75.673828125,0.0
15786,52.5,76.10625,0.0
15787,48.75,76.538671875,0.0
15788,48.75,76.97109375,0.0
15789,52.5,76.538671875,0.0
15790,52.5,76.97109375,0.0
15791,48.75,77.403515625,0.0
15792,48.75,77.8359375,0.0
15793,52.5,77.403515625,0.0
15794,52.5,77.8359375,0.0
15795,48.75,78.268359375,0.0
15796,48.75,78.70078125,0.0
15797,52.5,78.268359375,0.0
15798,52.5,78.70078125,0.0
15799,48.75,79.13320312500001,0.0
15800,48.75,79.56562500000001,0.0
15801,52.5,79.13320312500001,0.0
15802,52.5,79.56562500000001,0.0
15803,48.75,79.99804687500001,0.0
15804,48.75,80.43046875000002,0.0
15805,52.5,79.99804687500001,0.0
15806,52.5,80.43046875000002,0.0
15807,48.75,80.862890625,0.0
15808,48.75,81.29531250000001,0.0
15809,52.5,80.862890625,0.0
15810,52.5,81.29531250000001,0.0
15811,48.75,81.72773437500001,0.0
15812,48.75,82.16015625,0.0
15813,52.5,81.72773437500001,0.0
15814,52.5,82.16015625,0.0
15815,48.75,82.592578125,0.0
15816,48.75,83.025,0.0
15817,52.5,82.592578125,0.0
15818,52.5,83.025,0.0
15819,56.25,69.619921875,0.0
15820,56.25,70.05234375,0.0
15821,60.0,69.619921875,0.0
15822,60.0,70.05234375,0.0
15823,56.25,70.484765625,0.0
15824,56.25,70.9171875,0.0
15825,60.0,70.484765625,0.0
15826,60.0,70.9171875,0.0
15827,56.25,71.349609375,0.0
15828,56.25,71.78203124999999,0.0
15829,60.0,71.349609375,0.0
15830,60.0,71.78203124999999,0.0
15831,56.25,72.21445312499999,0.0
15832,56.25,72.646875,0.0
15833,60.0,72.21445312499999,0.0
15834,60.0,72.646875,0.0
15835,56.25,73.079296875,0.0
15836,56.25,73.51171875,0.0
15837,60.0,73.079296875,0.0
15838,60.0,73.51171875,0.0
15839,56.25,73.944140625,0.0
15840,56.25,74.3765625,0.0
15841,60.0,73.944140625,0.0
15842,60.0,74.3765625,0.0
15843,56.25,74.80898437500001,0.0
15844,56.25,75.24140625000001,0.0
15845,60.0,74.80898437500001,0.0
15846,60.0,75.24140625000001,0.0
15847,56.25,75.673828125,0.0
15848,56.25,76.10625,0.0
15849,60.0,75.673828125,0.0
15850,60.0,76.10625,0.0
15851,56.25,76.538671875,0.0
15852,56.25,76.97109375,0.0
15853,60.0,76.538671875,0.0
15854,60.0,76.97109375,0.0
15855,56.25,77.403515625,0.0
15856,56.25,77.8359375,0.0
15857,60.0,77.403515625,0.0
15858,60.0,77.8359375,0.0
15859,56.25,78.268359375,0.0
15860,56.25,78.70078125,0.0
15861,60.0,78.268359375,0.0
15862,60.0,78.70078125,0.0
15863,56.25,79.13320312500001,0.0
15864,56.25,79.56562500000001,0.0
15865,60.0,79.13320312500001,0.0
15866,60.0,79.56562500000001,0.0
15867,56.25,79.99804687500001,0.0
15868,56.25,80.43046875000002,0.0
15869,60.0,79.99804687500001,0.0
15870,60.0,80.43046875000002,0.0
15871,56.25,80.862890625,0.0
15872,56.25,81.29531250000001,0.0
15873,60.0,80.862890625,0.0
15874,60.0,81.29531250000001,0.0
15875,56.25,81.72773437500001,0.0
15876,56.25,82.16015625,0.0
15877,60.0,81.72773437500001,0.0
15878,60.0,82.16015625,0.0
15879,56.25,82.592578125,0.0
15880,56.25,83.025,0.0
15881,60.0,82.592578125,0.0
15882,60.0,83.025,0.0
15883,3.75,83.45742187500001,0.0
15884,3.75,83.88984375000001,0.0
15885,7.5,83.45742187500001,0.0
15886,7.5,83.88984375000001,0.0
15887,3.75,84.322265625,0.0
15888,3.75,84.7546875,0.0
15889,7.5,84.322265625,0.0
15890,7.5,84.7546875,0.0
15891,3.75,85.187109375,0.0
15892,3.75,85.61953125,0.0
15893,7.5,85.187109375,0.0
15894,7.5,85.61953125,0.0
15895,3.75,86.051953125,0.0
15896,3.75,86.484375,0.0
15897,7.5,86.051953125,0.0
15898,7.5,86.484375,0.0
15899,3.75,86.916796875,0.0
15900,3.75,87.34921875,0.0
15901,7.5,86.916796875,0.0
15902,7.5,87.34921875,0.0
15903,3.75,87.78164062500001,0.0
15904,3.75,88.21406250000001,0.0
15905,7.5,87.78164062500001,0.0
15906,7.5,88.21406250000001,0.0
15907,3.75,88.64648437500001,0.0
15908,3.75,89.07890625000002,0.0
15909,7.5,88.64648437500001,0.0
15910,7.5,89.07890625000002,0.0
15911,3.75,89.511328125,0.0
15912,3.75,89.94375000000001,0.0
15913,7.5,89.511328125,0.0
15914,7.5,89.94375000000001,0.0
15915,3.75,90.37617187500001,0.0
15916,3.75,90.80859375,0.0
15917,7.5,90.37617187500001,0.0
15918,7.5,90.80859375,0.0
15919,3.75,91.241015625,0.0
15920,3.75,91.6734375,0.0
15921,7.5,91.241015625,0.0
15922,7.5,91.6734375,0.0
15923,3.75,92.10585937500001,0.0
15924,3.75,92.53828125000001,0.0
15925,7.5,92.10585937500001,0.0
15926,7.5,92.53828125000001,0.0
15927,3.75,92.97070312500001,0.0
15928,3.75,93.40312500000002,0.0
15929,7.5,92.97070312500001,0.0
15930,7.5,93.40312500000002,0.0
15931,3.75,93.83554687500002,0.0
15932,3.75,94.26796875000002,0.0
15933,7.5,93.83554687500002,0.0
15934,7.5,94.26796875000002,0.0
15935,3.75,94.70039062500001,0.0
15936,3.75,95.13281250000001,0.0
15937,7.5,94.70039062500001,0.0
15938,7.5,95.13281250000001,0.0
15939,3.75,95.56523437500002,0.0
15940,3.75,95.99765625,0.0
15941,7.5,95.56523437500002,0.0
15942,7.5,95.99765625,0.0
15943,3.75,96.43007812500001,0.0
15944,3.75,96.86250000000001,0.0
15945,7.5,96.43007812500001,0.0
15946,7.5,96.86250000000001,0.0
15947,11.25,83.45742187500001,0.0
15948,11.25,83.88984375000001,0.0
15949,15.0,83.45742187500001,0.0
15950,15.0,83.88984375000001,0.0
15951,11.25,84.322265625,0.0
15952,11.25,84.7546875,0.0
15953,15.0,84.322265625,0.0
15954,15.0,84.7546875,0.0
15955,11.25,85.187109375,0.0
15956,11.25,85.61953125,0.0
15957,15.0,85.187109375,0.0
15958,15.0,85.61953125,0.0
15959,11.25,86.051953125,0.0
15960,11.25,86.484375,0.0
15961,15.0,86.051953125,0.0
15962,15.0,86.484375,0.0
15963,11.25,86.916796875,0.0
15964,11.25,87.34921875,0.0
15965,15.0,86.916796875,0.0
15966,15.0,87.34921875,0.0
15967,11.25,87.78164062500001,0.0
15968,11.25,88.21406250000001,0.0
15969,15.0,87.78164062500001,0.0
15970,15.0,88.21406250000001,0.0
15971,11.25,88.64648437500001,0.0
15972,11.25,89.07890625000002,0.0
15973,15.0,88.64648437500001,0.0
15974,15.0,89.07890625000002,0.0
15975,11.25,89.511328125,0.0
15976,11.25,89.94375000000001,0.0
15977,15.0,89.511328125,0.0
15978,15.0,89.94375000000001,0.0
15979,11.25,90.37617187500001,0.0
15980,11.25,90.80859375,0.0
15981,15.0,90.37617187500001,0.0
15982,15.0,90.80859375,0.0
15983,11.25,91.241015625,0.0
15984,11.25,91.6734375,0.0
15985,15.0,91.241015625,0.0
15986,15.0,91.6734375,0.0
15987,11.25,92.10585937500001,0.0
15988,11.25,92.53828125000001,0.0
15989,15.0,92.10585937500001,0.0
15990,15.0,92.53828125000001,0.0
15991,11.25,92.97070312500001,0.0
15992,11.25,93.40312500000002,0.0
15993,15.0,92.97070312500001,0.0
15994,15.0,93.40312500000002,0.0
15995,11.25,93.83554687500002,0.0
15996,11.25,94.26796875000002,0.0
15997,15.0,93.83554687500002,0.0
15998,15.0,94.26796875000002,0.0
15999,11.25,94.70039062500001,0.0
16000,11.25,95.13281250000001,0.0
16001,15.0,94.70039062500001,0.0
16002,15.0,95.13281250000001,0.0
16003,11.25,95.56523437500002,0.0
16004,11.25,95.99765625,0.0
16005,15.0,95.56523437500002,0.0
16006,15.0,95.99765625,0.0
16007,11.25,96.43007812500001,0.0
16008,11.25,96.86250000000001,0.0
16009,15.0,96.43007812500001,0.0
16010,15.0,96.86250000000001,0.0
16011,18.75,83.45742187500001,0.0
16012,18.75,83.88984375000001,0.0
16013,22.5,83.45742187500001,0.0
16014,22.5,83.88984375000001,0.0
16015,18.75,84.322265625,0.0
16016,18.75,84.7546875,0.0
16017,22.5,84.322265625,0.0
16018,22.5,84.7546875,0.0
16019,18.75,85.187109375,0.0
16020,18.75,85.61953125,0.0
16021,22.5,85.187109375,0.0
16022,22.5,85.61953125,0.0
16023,18.75,86.051953125,0.0
16024,18.75,86.484375,0.0
16025,22.5,86.051953125,0.0
16026,22.5,86.484375,0.0
16027,18.75,86.916796875,0.0
16028,18.75,87.34921875,0.0
16029,22.5,86.916796875,0.0
16030,22.5,87.34921875,0.0
16031,18.75,87.78164062500001,0.0
16032,18.75,88.21406250000001,0.0
16033,22.5,87.78164062500001,0.0
16034,22.5,88.21406250000001,0.0
16035,18.75,88.64648437500001,0.0
16036,18.75,89.07890625000002,0.0
16037,22.5,88.64648437500001,0.0
16038,22.5,89.07890625000002,0.0
16039,18.75,89.511328125,0.0
16040,18.75,89.94375000000001,0.0
16041,22.5,89.511328125,0.0
16042,22.5,89.94375000000001,0.0
16043,18.75,90.37617187500001,0.0
16044,18.75,90.80859375,0.0
16045,22.5,90.37617187500001,0.0
16046,22.5,90.80859375,0.0
16047,18.75,91.241015625,0.0
16048,18.75,91.6734375,0.0
16049,22.5,91.241015625,0.0
16050,22.5,91.6734375,0.0
16051,18.75,92.10585937500001,0.0
16052,18.75,92.53828125000001,0.0
16053,22.5,92.10585937500001,0.0
16054,22.5,92.53828125000001,0.0
16055,18.75,92.97070312500001,0.0
16056,18.75,93.40312500000002,0.0
16057,22.5,92.97070312500001,0.0
16058,22.5,93.40312500000002,0.0
16059,18.75,93.83554687500002,0.0
16060,18.75,94.26796875000002,0.0
16061,22.5,93.83554687500002,0.0
16062,22.5,94.26796875000002,0.0
16063,18.75,94.70039062500001,0.0
16064,18.75,95.13281250000001,0.0
16065,22.5,94.70039062500001,0.0
16066,22.5,95.13281250000001,0.0
16067,18.75,95.56523437500002,0.0
16068,18.75,95.99765625,0.0
16069,22.5,95.56523437500002,0.0
16070,22.5,95.99765625,0.0
16071,18.75,96.43007812500001,0.0
16072,18.75,96.86250000000001,0.0
16073,22.5,96.43007812500001,0.0
16074,22.5,96.86250000000001,0.0
16075,26.25,83.45742187500001,0.0
16076,26.25,83.88984375000001,0.0
16077,30.0,83.45742187500001,0.0
16078,30.0,83.88984375000001,0.0
16079,26.25,84.322265625,0.0
16080,26.25,84.7546875,0.0
16081,30.0,84.322265625,0.0
16082,30.0,84.7546875,0.0
16083,26.25,85.187109375,0.0
16084,26.25,85.61953125,0.0
16085,30.0,85.187109375,0.0
16086,30.0,85.61953125,0.0
16087,26.25,86.051953125,0.0
16088,26.25,86.484375,0.0
16089,30.0,86.051953125,0.0
16090,30.0,86.484375,0.0
16091,26.25,86.916796875,0.0
16092,26.25,87.34921875,0.0
16093,30.0,86.916796875,0.0
16094,30.0,87.34921875,0.0
16095,26.25,87.78164062500001,0.0
16096,26.25,88.21406250000001,0.0
16097,30.0,87.78164062500001,0.0
16098,30.0,88.21406250000001,0.0
16099,26.25,88.64648437500001,0.0
16100,26.25,89.07890625000002,0.0
16101,30.0,88.64648437500001,0.0
16102,30.0,89.07890625000002,0.0
16103,26.25,89.511328125,0.0
16104,26.25,89.94375000000001,0.0
16105,30.0,89.511328125,0.0
16106,30.0,89.94375000000001,0.0
16107,26.25,90.37617187500001,0.0
16108,26.25,90.80859375,0.0
16109,30.0,90.37617187500001,0.0
16110,30.0,90.80859375,0.0
16111,26.25,91.241015625,0.0
16112,26.25,91.6734375,0.0
16113,30.0,91.241015625,0.0
16114,30.0,91.6734375,0.0
16115,26.25,92.10585937500001,0.0
16116,26.25,92.53828125000001,0.0
16117,30.0,92.10585937500001,0.0
16118,30.0,92.53828125000001,0.0
16119,26.25,92.97070312500001,0.0
16120,26.25,93.40312500000002,0.0
16121,30.0,92.97070312500001,0.0
16122,30.0,93.40312500000002,0.0
16123,26.25,93.83554687500002,0.0
16124,26.25,94.26796875000002,0.0
16125,30.0,93.83554687500002,0.0
16126,30.0,94.26796875000002,0.0
16127,26.25,94.70039062500001,0.0
16128,26.25,95.13281250000001,0.0
16129,30.0,94.70039062500001,0.0
16130,30.0,95.13281250000001,0.0
16131,26.25,95.56523437500002,0.0
16132,26.25,95.99765625,0.0
16133,30.0,95.56523437500002,0.0
16134,30.0,95.99765625,0.0
16135,26.25,96.43007812500001,0.0
16136,26.25,96.86250000000001,0.0
16137,30.0,96.43007812500001,0.0
16138,30.0,96.86250000000001,0.0
16139,33.75,83.45742187500001,0.0
16140,33.75,83.88984375000001,0.0
16141,37.5,83.45742187500001,0.0
16142,37.5,83.88984375000001,0.0
16143,33.75,84.322265625,0.0
16144,33.75,84.7546875,0.0
16145,37.5,84.322265625,0.0
16146,37.5,84.7546875,0.0
16147,33.75,85.187109375,0.0
16148,33.75,85.61953125,0.0
16149,37.5,85.187109375,0.0
16150,37.5,85.61953125,0.0
16151,33.75,86.051953125,0.0
16152,33.75,86.484375,0.0
16153,37.5,86.051953125,0.0
16154,37.5,86.484375,0.0
16155,33.75,86.916796875,0.0
16156,33.75,87.34921875,0.0
16157,37.5,86.916796875,0.0
16158,37.5,87.34921875,0.0
16159,33.75,87.78164062500001,0.0
16160,33.75,88.21406250000001,0.0
16161,37.5,87.78164062500001,0.0
16162,37.5,88.21406250000001,0.0
16163,33.75,88.64648437500001,0.0
16164,33.75,89.07890625000002,0.0
16165,37.5,88.64648437500001,0.0
16166,37.5,89.07890625000002,0.0
16167,33.75,89.511328125,0.0
16168,33.75,89.94375000000001,0.0
16169,37.5,89.511328125,0.0
16170,37.5,89.94375000000001,0.0
16171,33.75,90.37617187500001,0.0
16172,33.75,90.80859375,0.0
16173,37.5,90.37617187500001,0.0
16174,37.5,90.80859375,0.0
16175,33.75,91.241015625,0.0
16176,33.75,91.6734375,0.0
16177,37.5,91.241015625,0.0
16178,37.5,91.6734375,0.0
16179,33.75,92.10585937500001,0.0
16180,33.75,92.53828125000001,0.0
16181,37.5,92.10585937500001,0.0
16182,37.5,92.53828125000001,0.0
16183,33.75,92.97070312500001,0.0
16184,33.75,93.40312500000002,0.0
16185,37.5,92.97070312500001,0.0
16186,37.5,93.40312500000002,0.0
16187,33.75,93.83554687500002,0.0
16188,33.75,94.26796875000002,0.0
16189,37.5,93.83554687500002,0.0
16190,37.5,94.26796875000002,0.0
16191,33.75,94.70039062500001,0.0
16192,33.75,95.13281250000001,0.0
16193,37.5,94.70039062500001,0.0
16194,37.5,95.13281250000001,0.0
16195,33.75,95.56523437500002,0.0
16196,33.75,95.99765625,0.0
16197,37.5,95.56523437500002,0.0
16198,37.5,95.99765625,0.0
16199,33.75,96.43007812500001,0.0
16200,33.75,96.86250000000001,0.0
16201,37.5,96.43007812500001,0.0
16202,37.5,96.86250000000001,0.0
16203,41.25,83.45742187500001,0.0
16204,41.25,83.88984375000001,0.0
16205,45.0,83.45742187500001,0.0
16206,45.0,83.88984375000001,0.0
16207,41.25,84.322265625,0.0
16208,41.25,84.7546875,0.0
16209,45.0,84.322265625,0.0
16210,45.0,84.7546875,0.0
16211,41.25,85.187109375,0.0
16212,41.25,85.61953125,0.0
16213,45.0,85.187109375,0.0
16214,45.0,85.61953125,0.0
16215,41.25,86.051953125,0.0
16216,41.25,86.484375,0.0
16217,45.0,86.051953125,0.0
16218,45.0,86.484375,0.0
16219,41.25,86.916796875,0.0
16220,41.25,87.34921875,0.0
16221,45.0,86.916796875,0.0
16222,45.0,87.34921875,0.0
16223,41.25,87.78164062500001,0.0
16224,41.25,88.21406250000001,0.0
16225,45.0,87.78164062500001,0.0
16226,45.0,88.21406250000001,0.0
16227,41.25,88.64648437500001,0.0
16228,41.25,89.07890625000002,0.0
16229,45.0,88.64648437500001,0.0
16230,45.0,89.07890625000002,0.0
16231,41.25,89.511328125,0.0
16232,41.25,89.94375000000001,0.0
16233,45.0,89.511328125,0.0
16234,45.0,89.94375000000001,0.0
16235,41.25,90.37617187500001,0.0
16236,41.25,90.80859375,0.0
16237,45.0,90.37617187500001,0.0
16238,45.0,90.80859375,0.0
16239,41.25,91.241015625,0.0
16240,41.25,91.6734375,0.0
16241,45.0,91.241015625,0.0
16242,45.0,91.6734375,0.0
16243,41.25,92.10585937500001,0.0
16244,41.25,92.53828125000001,0.0
16245,45.0,92.10585937500001,0.0
16246,45.0,92.53828125000001,0.0
16247,41.25,92.97070312500001,0.0
16248,41.25,93.40312500000002,0.0
16249,45.0,92.97070312500001,0.0
16250,45.0,93.40312500000002,0.0
16251,41.25,93.83554687500002,0.0
16252,41.25,94.26796875000002,0.0
16253,45.0,93.83554687500002,0.0
16254,45.0,94.26796875000002,0.0
16255,41.25,94.70039062500001,0.0
16256,41.25,95.13281250000001,0.0
16257,45.0,94.70039062500001,0.0
16258,45.0,95.13281250000001,0.0
16259,41.25,95.56523437500002,0.0
16260,41.25,95.99765625,0.0
16261,45.0,95.56523437500002,0.0
16262,45.0,95.99765625,0.0
16263,41.25,96.43007812500001,0.0
16264,41.25,96.86250000000001,0.0
16265,45.0,96.43007812500001,0.0
16266,45.0,96.86250000000001,0.0
16267,48.75,83.45742187500001,0.0
16268,48.75,83.88984375000001,0.0
16269,52.5,83.45742187500001,0.0
16270,52.5,83.88984375000001,0.0
16271,48.75,84.322265625,0.0
16272,48.75,84.7546875,0.0
16273,52.5,84.322265625,0.0
16274,52.5,84.7546875,0.0
16275,48.75,85.187109375,0.0
16276,48.75,85.61953125,0.0
16277,52.5,85.187109375,0.0
16278,52.5,85.61953125,0.0
16279,48.75,86.051953125,0.0
16280,48.75,86.484375,0.0
16281,52.5,86.051953125,0.0
16282,52.5,86.484375,0.0
16283,48.75,86.916796875,0.0
16284,48.75,87.34921875,0.0
16285,52.5,86.916796875,0.0
16286,52.5,87.34921875,0.0
16287,48.75,87.78164062500001,0.0
16288,48.75,88.21406250000001,0.0
16289,52.5,87.78164062500001,0.0
16290,52.5,88.21406250000001,0.0
16291,48.75,88.64648437500001,0.0
16292,48.75,89.07890625000002,0.0
16293,52.5,88.64648437500001,0.0
16294,52.5,89.07890625000002,0.0
16295,48.75,89.511328125,0.0
16296,48.75,89.94375000000001,0.0
16297,52.5,89.511328125,0.0
16298,52.5,89.94375000000001,0.0
16299,48.75,90.37617187500001,0.0
16300,48.75,90.80859375,0.0
16301,52.5,90.37617187500001,0.0
16302,52.5,90.80859375,0.0
16303,48.75,91.241015625,0.0
16304,48.75,91.6734375,0.0
16305,52.5,91.241015625,0.0
16306,52.5,91.6734375,0.0
16307,48.75,92.10585937500001,0.0
16308,48.75,92.53828125000001,0.0
16309,52.5,92.10585937500001,0.0
16310,52.5,92.53828125000001,0.0
16311,48.75,92.97070312500001,0.0
16312,48.75,93.40312500000002,0.0
16313,52.5,92.97070312500001,0.0
16314,52.5,93.40312500000002,0.0
16315,48.75,93.83554687500002,0.0
16316,48.75,94.26796875000002,0.0
16317,52.5,93.83554687500002,0.0
16318,52.5,94.26796875000002,0.0
16319,48.75,94.70039062500001,0.0
16320,48.75,95.13281250000001,0.0
16321,52.5,94.70039062500001,0.0
16322,52.5,95.13281250000001,0.0
16323,48.75,95.56523437500002,0.0
16324,48.75,95.99765625,0.0
16325,52.5,95.56523437500002,0.0
16326,52.5,95.99765625,0.0
16327,48.75,96.43007812500001,0.0
16328,48.75,96.86250000000001,0.0
16329,52.5,96.43007812500001,0.0
16330,52.5,96.86250000000001,0.0
16331,56.25,83.45742187500001,0.0
16332,56.25,83.88984375000001,0.0
16333,60.0,83.45742187500001,0.0
16334,60.0,83.88984375000001,0.0
16335,56.25,84.322265625,0.0
16336,56.25,84.7546875,0.0
16337,60.0,84.322265625,0.0
16338,60.0,84.7546875,0.0
16339,56.25,85.187109375,0.0
16340,56.25,85.61953125,0.0
16341,60.0,85.187109375,0.0
16342,60.0,85.61953125,0.0
16343,56.25,86.051953125,0.0
16344,56.25,86.484375,0.0
16345,60.0,86.051953125,0.0
16346,60.0,86.484375,0.0
16347,56.25,86.916796875,0.0
16348,56.25,87.34921875,0.0
16349,60.0,86.916796875,0.0
16350,60.0,87.34921875,0.0
16351,56.25,87.78164062500001,0.0
16352,56.25,88.21406250000001,0.0
16353,60.0,87.78164062500001,0.0
16354,60.0,88.21406250000001,0.0
16355,56.25,88.64648437500001,0.0
16356,56.25,89.07890625000002,0.0
16357,60.0,88.64648437500001,0.0
16358,60.0,89.07890625000002,0.0
16359,56.25,89.511328125,0.0
16360,56.25,89.94375000000001,0.0
16361,60.0,89.511328125,0.0
16362,60.0,89.94375000000001,0.0
16363,56.25,90.37617187500001,0.0
16364,56.25,90.80859375,0.0
16365,60.0,90.37617187500001,0.0
16366,60.0,90.80859375,0.0
16367,56.25,91.241015625,0.0
16368,56.25,91.6734375,0.0
16369,60.0,91.241015625,0.0
16370,60.0,91.6734375,0.0
16371,56.25,92.10585937500001,0.0
16372,56.25,92.53828125000001,0.0
16373,60.0,92.10585937500001,0.0
16374,60.0,92.53828125000001,0.0
16375,56.25,92.97070312500001,0.0
16376,56.25,93.40312500000002,0.0
16377,60.0,92.97070312500001,0.0
16378,60.0,93.40312500000002,0.0
16379,56.25,93.83554687500002,0.0
16380,56.25,94.26796875000002,0.0
16381,60.0,93.83554687500002,0.0
16382,60.0,94.26796875000002,0.0
16383,56.25,94.70039062500001,0.0
16384,56.25,95.13281250000001,0.0
16385,60.0,94.70039062500001,0.0
16386,60.0,95.13281250000001,0.0
16387,56.25,95.56523437500002,0.0
16388,56.25,95.99765625,0.0
16389,60.0,95.56523437500002,0.0
16390,60.0,95.99765625,0.0
16391,56.25,96.43007812500001,0.0
16392,56.25,96.86250000000001,0.0
16393,60.0,96.43007812500001,0.0
16394,60.0,96.86250000000001,0.0
16395,3.75,97.29492187500001,0.0
16396,3.75,97.72734375000002,0.0
16397,7.5,97.29492187500001,0.0
16398,7.5,97.72734375000002,0.0
16399,3.75,98.159765625,0.0
16400,3.75,98.59218750000001,0.0
16401,7.5,98.159765625,0.0
16402,7.5,98.59218750000001,0.0
16403,3.75,99.02460937500001,0.0
16404,3.75,99.45703125,0.0
16405,7.5,99.02460937500001,0.0
16406,7.5,99.45703125,0.0
16407,3.75,99.889453125,0.0
16408,3.75,100.321875,0.0
16409,7.5,99.889453125,0.0
16410,7.5,100.321875,0.0
16411,3.75,100.754296875,0.0
16412,3.75,101.18671875,0.0
16413,7.5,100.754296875,0.0
16414,7.5,101.18671875,0.0
16415,3.75,101.619140625,0.0
16416,3.75,102.0515625,0.0
16417,7.5,101.619140625,0.0
16418,7.5,102.0515625,0.0
16419,3.75,102.483984375,0.0
16420,3.75,102.91640625,0.0
16421,7.5,102.483984375,0.0
16422,7.5,102.91640625,0.0
16423,3.75,103.348828125,0.0
16424,3.75,103.78125,0.0
16425,7.5,103.348828125,0.0
16426,7.5,103.78125,0.0
16427,11.25,97.29492187500001,0.0
16428,11.25,97.72734375000002,0.0
16429,15.0,97.29492187500001,0.0
16430,15.0,97.72734375000002,0.0
16431,11.25,98.159765625,0.0
16432,11.25,98.59218750000001,0.0
16433,15.0,98.159765625,0.0
16434,15.0,98.59218750000001,0.0
16435,11.25,99.02460937500001,0.0
16436,11.25,99.45703125,0.0
16437,15.0,99.02460937500001,0.0
16438,15.0,99.45703125,0.0
16439,11.25,99.889453125,0.0
16440,11.25,100.321875,0.0
16441,15.0,99.889453125,0.0
16442,15.0,100.321875,0.0
16443,11.25,100.754296875,0.0
16444,11.25,101.18671875,0.0
16445,15.0,100.754296875,0.0
16446,15.0,101.18671875,0.0
16447,11.25,101.619140625,0.0
16448,11.25,102.0515625,0.0
16449,15.0,101.619140625,0.0
16450,15.0,102.0515625,0.0
16451,11.25,102.483984375,0.0
16452,11.25,102.91640625,0.0
16453,15.0,102.483984375,0.0
16454,15.0,102.91640625,0.0
16455,11.25,103.348828125,0.0
16456,11.25,103.78125,0.0
16457,15.0,103.348828125,0.0
16458,15.0,103.78125,0.0
16459,18.75,97.29492187500001,0.0
16460,18.75,97.72734375000002,0.0
16461,22.5,97.29492187500001,0.0
16462,22.5,97.72734375000002,0.0
16463,18.75,98.159765625,0.0
16464,18.75,98.59218750000001,0.0
16465,22.5,98.159765625,0.0
16466,22.5,98.59218750000001,0.0
16467,18.75,99.02460937500001,0.0
16468,18.75,99.45703125,0.0
16469,22.5,99.02460937500001,0.0
16470,22.5,99.45703125,0.0
16471,18.75,99.889453125,0.0
16472,18.75,100.321875,0.0
16473,22.5,99.889453125,0.0
16474,22.5,100.321875,0.0
16475,18.75,100.754296875,0.0
16476,18.75,101.18671875,0.0
16477,22.5,100.754296875,0.0
16478,22.5,101.18671875,0.0
16479,18.75,101.619140625,0.0
16480,18.75,102.0515625,0.0
16481,22.5,101.619140625,0.0
16482,22.5,102.0515625,0.0
16483,18.75,102.483984375,0.0
16484,18.75,102.91640625,0.0
16485,22.5,102.483984375,0.0
16486,22.5,102.91640625,0.0
16487,18.75,103.348828125,0.0
16488,18.75,103.78125,0.0
16489,22.5,103.348828125,0.0
16490,22.5,103.78125,0.0
16491,26.25,97.29492187500001,0.0
16492,26.25,97.72734375000002,0.0
16493,30.0,97.29492187500001,0.0
16494,30.0,97.72734375000002,0.0
16495,26.25,98.159765625,0.0
16496,26.25,98.59218750000001,0.0
16497,30.0,98.159765625,0.0
16498,30.0,98.59218750000001,0.0
16499,26.25,99.02460937500001,0.0
16500,26.25,99.45703125,0.0
16501,30.0,99.02460937500001,0.0
16502,30.0,99.45703125,0.0
16503,26.25,99.889453125,0.0
16504,26.25,100.321875,0.0
16505,30.0,99.889453125,0.0
16506,30.0,100.321875,0.0
16507,26.25,100.754296875,0.0
16508,26.25,101.18671875,0.0
16509,30.0,100.754296875,0.0
16510,30.0,101.18671875,0.0
16511,26.25,101.619140625,0.0
16512,26.25,102.0515625,0.0
16513,30.0,101.619140625,0.0
16514,30.0,102.0515625,0.0
16515,26.25,102.483984375,0.0
16516,26.25,102.91640625,0.0
16517,30.0,102.483984375,0.0
16518,30.0,102.91640625,0.0
16519,26.25,103.348828125,0.0
16520,26.25,103.78125,0.0
16521,30.0,103.348828125,0.0
16522,30.0,103.78125,0.0
16523,33.75,97.29492187500001,0.0
16524,33.75,97.72734375000002,0.0
16525,37.5,97.29492187500001,0.0
16526,37.5,97.72734375000002,0.0
16527,33.75,98.159765625,0.0
16528,33.75,98.59218750000001,0.0
16529,37.5,98.159765625,0.0
16530,37.5,98.59218750000001,0.0
16531,33.75,99.02460937500001,0.0
16532,33.75,99.45703125,0.0
16533,37.5,99.02460937500001,0.0
16534,37.5,99.45703125,0.0
16535,33.75,99.889453125,0.0
16536,33.75,100.321875,0.0
16537,37.5,99.889453125,0.0
16538,37.5,100.321875,0.0
16539,33.75,100.754296875,0.0
16540,33.75,101.18671875,0.0
16541,37.5,100.754296875,0.0
16542,37.5,101.18671875,0.0
16543,33.75,101.619140625,0.0
16544,33.75,102.0515625,0.0
16545,37.5,101.619140625,0.0
16546,37.5,102.0515625,0.0
16547,33.75,102.483984375,0.0
16548,33.75,102.91640625,0.0
16549,37.5,102.483984375,0.0
16550,37.5,102.91640625,0.0
16551,33.75,103.348828125,0.0
16552,33.75,103.78125,0.0
16553,37.5,103.348828125,0.0
16554,37.5,103.78125,0.0
16555,41.25,97.29492187500001,0.0
16556,41.25,97.72734375000002,0.0
16557,45.0,97.29492187500001,0.0
16558,45.0,97.72734375000002,0.0
16559,41.25,98.159765625,0.0
16560,41.25,98.59218750000001,0.0
16561,45.0,98.159765625,0.0
16562,45.0,98.59218750000001,0.0
16563,41.25,99.02460937500001,0.0
16564,41.25,99.45703125,0.0
16565,45.0,99.02460937500001,0.0
16566,45.0,99.45703125,0.0
16567,41.25,99.889453125,0.0
16568,41.25,100.321875,0.0
16569,45.0,99.889453125,0.0
16570,45.0,100.321875,0.0
16571,41.25,100.754296875,0.0
16572,41.25,101.18671875,0.0
16573,45.0,100.754296875,0.0
16574,45.0,101.18671875,0.0
16575,41.25,101.619140625,0.0
16576,41.25,102.0515625,0.0
16577,45.0,101.619140625,0.0
16578,45.0,102.0515625,0.0
16579,41.25,102.483984375,0.0
16580,41.25,102.91640625,0.0
16581,45.0,102.483984375,0.0
16582,45.0,102.91640625,0.0
16583,41.25,103.348828125,0.0
16584,41.25,103.78125,0.0
16585,45.0,103.348828125,0.0
16586,45.0,103.78125,0.0
16587,48.75,97.29492187500001,0.0
16588,48.75,97.72734375000002,0.0
16589,52.5,97.29492187500001,0.0
16590,52.5,97.72734375000002,0.0
16591,48.75,98.159765625,0.0
16592,48.75,98.59218750000001,0.0
16593,52.5,98.159765625,0.0
16594,52.5,98.59218750000001,0.0
16595,48.75,99.02460937500001,0.0
16596,48.75,99.45703125,0.0
16597,52.5,99.02460937500001,0.0
16598,52.5,99.45703125,0.0
16599,48.75,99.889453125,0.0
16600,48.75,100.321875,0.0
16601,52.5,99.889453125,0.0
16602,52.5,100.321875,0.0
16603,48.75,100.754296875,0.0
16604,48.75,101.18671875,0.0
16605,52.5,100.754296875,0.0
16606,52.5,101.18671875,0.0
16607,48.75,101.619140625,0.0
16608,48.75,102.0515625,0.0
16609,52.5,101.619140625,0.0
16610,52.5,102.0515625,0.0
16611,48.75,102.483984375,0.0
16612,48.75,102.91640625,0.0
16613,52.5,102.483984375,0.0
16614,52.5,102.91640625,0.0
16615,48.75,103.348828125,0.0
16616,48.75,103.78125,0.0
16617,52.5,103.348828125,0.0
16618,52.5,103.78125,0.0
16619,56.25,97.29492187500001,0.0
16620,56.25,97.72734375000002,0.0
16621,60.0,97.29492187500001,0.0
16622,60.0,97.72734375000002,0.0
16623,56.25,98.159765625,0.0
16624,56.25,98.59218750000001,0.0
16625,60.0,98.159765625,0.0
16626,60.0,98.59218750000001,0.0
16627,56.25,99.02460937500001,0.0
16628,56.25,99.45703125,0.0
16629,60.0,99.02460937500001,0.0
16630,60.0,99.45703125,0.0
16631,56.25,99.889453125,0.0
16632,56.25,100.321875,0.0
16633,60.0,99.889453125,0.0
16634,60.0,100.321875,0.0
16635,56.25,100.754296875,0.0
16636,56.25,101.18671875,0.0
16637,60.0,100.754296875,0.0
16638,60.0,101.18671875,0.0
16639,56.25,101.619140625,0.0
16640,56.25,102.0515625,0.0
16641,60.0,101.619140625,0.0
16642,60.0,102.0515625,0.0
16643,56.25,102.483984375,0.0
16644,56.25,102.91640625,0.0
16645,60.0,102.483984375,0.0
16646,60.0,102.91640625,0.0
16647,56.25,103.348828125,0.0
16648,56.25,103.78125,0.0
16649,60.0,103.348828125,0.0
16650,60.0,103.78125,0.0
16651,3.75,104.213671875,0.0
16652,3.75,104.64609375,0.0
16653,7.5,104.213671875,0.0
16654,7.5,104.64609375,0.0
16655,3.75,105.078515625,0.0
16656,3.75,105.5109375,0.0
16657,7.5,105.078515625,0.0
16658,7.5,105.5109375,0.0
16659,3.75,105.943359375,0.0
16660,3.75,106.37578125,0.0
16661,7.5,105.943359375,0.0
16662,7.5,106.37578125,0.0
16663,3.75,106.808203125,0.0
16664,3.75,107.240625,0.0
16665,7.5,106.808203125,0.0
16666,7.5,107.240625,0.0
16667,11.25,104.213671875,0.0
16668,11.25,104.64609375,0.0
16669,15.0,104.213671875,0.0
16670,15.0,104.64609375,0.0
16671,11.25,105.078515625,0.0
16672,11.25,105.5109375,0.0
16673,15.0,105.078515625,0.0
16674,15.0,105.5109375,0.0
16675,11.25,105.943359375,0.0
16676,11.25,106.37578125,0.0
16677,15.0,105.943359375,0.0
16678,15.0,106.37578125,0.0
16679,11.25,106.808203125,0.0
16680,11.25,107.240625,0.0
16681,15.0,106.808203125,0.0
16682,15.0,107.240625,0.0
16683,18.75,104.213671875,0.0
16684,18.75,104.64609375,0.0
16685,22.5,104.213671875,0.0
16686,22.5,104.64609375,0.0
16687,18.75,105.078515625,0.0
16688,18.75,105.5109375,0.0
16689,22.5,105.078515625,0.0
16690,22.5,105.5109375,0.0
16691,18.75,105.943359375,0.0
16692,18.75,106.37578125,0.0
16693,22.5,105.943359375,0.0
16694,22.5,106.37578125,0.0
16695,18.75,106.808203125,0.0
16696,18.75,107.240625,0.0
16697,22.5,106.808203125,0.0
16698,22.5,107.240625,0.0
16699,26.25,104.213671875,0.0
16700,26.25,104.64609375,0.0
16701,30.0,104.213671875,0.0
16702,30.0,104.64609375,0.0
16703,26.25,105.078515625,0.0
16704,26.25,105.5109375,0.0
16705,30.0,105.078515625,0.0
16706,30.0,105.5109375,0.0
16707,26.25,105.943359375,0.0
16708,26.25,106.37578125,0.0
16709,30.0,105.943359375,0.0
16710,30.0,106.37578125,0.0
16711,26.25,106.808203125,0.0
16712,26.25,107.240625,0.0
16713,30.0,106.808203125,0.0
16714,30.0,107.240625,0.0
16715,33.75,104.213671875,0.0
16716,33.75,104.64609375,0.0
16717,37.5,104.213671875,0.0
16718,37.5,104.64609375,0.0
16719,33.75,105.078515625,0.0
16720,33.75,105.5109375,0.0
16721,37.5,105.078515625,0.0
16722,37.5,105.5109375,0.0
16723,33.75,105.943359375,0.0
16724,33.75,106.37578125,0.0
16725,37.5,105.943359375,0.0
16726,37.5,106.37578125,0.0
16727,33.75,106.808203125,0.0
16728,33.75,107.240625,0.0
16729,37.5,106.808203125,0.0
16730,37.5,107.240625,0.0
16731,41.25,104.213671875,0.0
16732,41.25,104.64609375,0.0
16733,45.0,104.213671875,0.0
16734,45.0,104.64609375,0.0
16735,41.25,105.078515625,0.0
16736,41.25,105.5109375,0.0
16737,45.0,105.078515625,0.0
16738,45.0,105.5109375,0.0
16739,41.25,105.943359375,0.0
16740,41.25,106.37578125,0.0
16741,45.0,105.943359375,0.0
16742,45.0,106.37578125,0.0
16743,41.25,106.808203125,0.0
16744,41.25,107.240625,0.0
16745,45.0,106.808203125,0.0
16746,45.0,107.240625,0.0
16747,48.75,104.213671875,0.0
16748,48.75,104.64609375,0.0
16749,52.5,104.213671875,0.0
16750,52.5,104.64609375,0.0
16751,48.75,105.078515625,0.0
16752,48.75,105.5109375,0.0
16753,52.5,105.078515625,0.0
16754,52.5,105.5109375,0.0
16755,48.75,105.943359375,0.0
16756,48.75,106.37578125,0.0
16757,52.5,105.943359375,0.0
16758,52.5,106.37578125,0.0
16759,48.75,106.808203125,0.0
16760,48.75,107.240625,0.0
16761,52.5,106.808203125,0.0
16762,52.5,107.240625,0.0
16763,56.25,104.213671875,0.0
16764,56.25,104.64609375,0.0
16765,60.0,104.213671875,0.0
16766,60.0,104.64609375,0.0
16767,56.25,105.078515625,0.0
16768,56.25,105.5109375,0.0
16769,60.0,105.078515625,0.0
16770,60.0,105.5109375,0.0
16771,56.25,105.943359375,0.0
16772,56.25,106.37578125,0.0
16773,60.0,105.943359375,0.0
16774,60.0,106.37578125,0.0
16775,56.25,106.808203125,0.0
16776,56.25,107.240625,0.0
16777,60.0,106.808203125,0.0
16778,60.0,107.240625,0.0
16779,3.75,107.673046875,0.0
16780,3.75,108.10546875,0.0
16781,7.5,107.673046875,0.0
16782,7.5,108.10546875,0.0
16783,3.75,108.537890625,0.0
16784,3.75,108.9703125,0.0
16785,7.5,108.537890625,0.0
16786,7.5,108.9703125,0.0
16787,11.25,107.673046875,0.0
16788,11.25,108.10546875,0.0
16789,15.0,107.673046875,0.0
16790,15.0,108.10546875,0.0
16791,11.25,108.537890625,0.0
16792,11.25,108.9703125,0.0
16793,15.0,108.537890625,0.0
16794,15.0,108.9703125,0.0
16795,18.75,107.673046875,0.0
16796,18.75,108.10546875,0.0
16797,22.5,107.673046875,0.0
16798,22.5,108.10546875,0.0
16799,18.75,108.537890625,0.0
16800,18.75,108.9703125,0.0
16801,22.5,108.537890625,0.0
16802,22.5,108.9703125,0.0
16803,26.25,107.673046875,0.0
16804,26.25,108.10546875,0.0
16805,30.0,107.673046875,0.0
16806,30.0,108.10546875,0.0
16807,26.25,108.537890625,0.0
16808,26.25,108.9703125,0.0
16809,30.0,108.537890625,0.0
16810,30.0,108.9703125,0.0
16811,33.75,107.673046875,0.0
16812,33.75,108.10546875,0.0
16813,37.5,107.673046875,0.0
16814,37.5,108.10546875,0.0
16815,33.75,108.537890625,0.0
16816,33.75,108.9703125,0.0
16817,37.5,108.537890625,0.0
16818,37.5,108.9703125,0.0
16819,41.25,107.673046875,0.0
16820,41.25,108.10546875,0.0
16821,45.0,107.673046875,0.0
16822,45.0,108.10546875,0.0
16823,41.25,108.537890625,0.0
16824,41.25,108.9703125,0.0
16825,45.0,108.537890625,0.0
16826,45.0,108.9703125,0.0
16827,48.75,107.673046875,0.0
16828,48.75,108.10546875,0.0
16829,52.5,107.673046875,0.0
16830,52.5,108.10546875,0.0
16831,48.75,108.537890625,0.0
16832,48.75,108.9703125,0.0
16833,52.5,108.537890625,0.0
16834,52.5,108.9703125,0.0
16835,56.25,107.673046875,0.0
16836,56.25,108.10546875,0.0
16837,60.0,107.673046875,0.0
16838,60.0,108.10546875,0.0
16839,56.25,108.537890625,0.0
16840,56.25,108.9703125,0.0
16841,60.0,108.537890625,0.0
16842,60.0,108.9703125,0.0
16843,3.75,109.402734375,0.0
16844,7.5,109.402734375,0.0
16845,3.75,109.6189453125,0.0
16846,7.5,109.6189453125,0.0
16847,3.75,109.83515625,0.0
16848,7.5,109.83515625,0.0
16849,11.25,109.402734375,0.0
16850,15.0,109.402734375,0.0
16851,11.25,109.6189453125,0.0
16852,15.0,109.6189453125,0.0
16853,11.25,109.83515625,0.0
16854,15.0,109.83515625,0.0
16855,18.75,109.402734375,0.0
16856,22.5,109.402734375,0.0
16857,18.75,109.6189453125,0.0
16858,22.5,109.6189453125,0.0
16859,18.75,109.83515625,0.0
16860,22.5,109.83515625,0.0
16861,26.25,109.402734375,0.0
16862,30.0,109.402734375,0.0
16863,26.25,109.6189453125,0.0
16864,30.0,109.6189453125,0.0
16865,26.25,109.83515625,0.0
16866,30.0,109.83515625,0.0
16867,33.75,109.402734375,0.0
16868,37.5,109.402734375,0.0
16869,33.75,109.6189453125,0.0
16870,37.5,109.6189453125,0.0
16871,33.75,109.83515625,0.0
16872,37.5,109.83515625,0.0
16873,41.25,109.402734375,0.0
16874,45.0,109.402734375,0.0
16875,41.25,109.6189453125,0.0
16876,45.0,109.6189453125,0.0
16877,41.25,109.83515625,0.0
16878,45.0,109.83515625,0.0
16879,48.75,109.402734375,0.0
16880,52.5,109.402734375,0.0
16881,48.75,109.6189453125,0.0
16882,52.5,109.6189453125,0.0
16883,48.75,109.83515625,0.0
16884,52.5,109.83515625,0.0
16885,56.25,109.402734375,0.0
16886,60.0,109.402734375,0.0
16887,56.25,109.6189453125,0.0
16888,60.0,109.6189453125,0.0
16889,56.25,109.83515625,0.0
16890,60.0,109.83515625,0.0
16891,3.75,109.94326171875,0.0
16892,7.5,109.94326171875,0.0
16893,3.75,109.997314453125,0.0
16894,7.5,109.997314453125,0.0
16895,3.75,110.0513671875,0.0
16896,7.5,110.0513671875,0.0
16897,11.25,109.94326171875,0.0
16898,15.0,109.94326171875,0.0
16899,11.25,109.997314453125,0.0
16900,15.0,109.997314453125,0.0
16901,11.25,110.0513671875,0.0
16902,15.0,110.0513671875,0.0
16903,18.75,109.94326171875,0.0
16904,22.5,109.94326171875,0.0
16905,18.75,109.997314453125,0.0
16906,22.5,109.997314453125,0.0
16907,18.75,110.0513671875,0.0
16908,22.5,110.0513671875,0.0
16909,26.25,109.94326171875,0.0
16910,30.0,109.94326171875,0.0
16911,26.25,109.997314453125,0.0
16912,30.0,109.997314453125,0.0
16913,26.25,110.0513671875,0.0
16914,30.0,110.0513671875,0.0
16915,3.75,110.0783935546875,0.0
16916,7.5,110.0783935546875,0.0
16917,3.75,110.0919067382813,0.0
16918,7.5,110.0919067382813,0.0
16919,3.75,110.0986633300781,0.0
16920,3.75,110.105419921875,0.0
16921,7.5,110.0986633300781,0.0
16922,7.5,110.105419921875,0.0
16923,3.75,110.1121765136719,0.0
16924,3.75,110.1189331054688,0.0
16925,7.5,110.1121765136719,0.0
16926,7.5,110.1189331054688,0.0
16927,3.75,110.1256896972656,0.0
16928,3.75,110.1324462890625,0.0
16929,7.5,110.1256896972656,0.0
16930,7.5,110.1324462890625,0.0
16931,3.75,110.1392028808594,0.0
16932,3.75,110.1459594726562,0.0
16933,7.5,110.1392028808594,0.0
16934,7.5,110.1459594726562,0.0
16935,3.75,110.1527160644531,0.0
16936,3.75,110.15947265625,0.0
16937,7.5,110.1527160644531,0.0
16938,7.5,110.15947265625,0.0
16939,11.25,110.0783935546875,0.0
16940,15.0,110.0783935546875,0.0
16941,11.25,110.0919067382813,0.0
16942,15.0,110.0919067382813,0.0
16943,11.25,110.0986633300781,0.0
16944,11.25,110.105419921875,0.0
16945,15.0,110.0986633300781,0.0
16946,15.0,110.105419921875,0.0
16947,11.25,110.1121765136719,0.0
16948,11.25,110.1189331054688,0.0
16949,15.0,110.1121765136719,0.0
16950,15.0,110.1189331054688,0.0
16951,11.25,110.1256896972656,0.0
16952,11.25,110.1324462890625,0.0
16953,15.0,110.1256896972656,0.0
16954,15.0,110.1324462890625,0.0
16955,11.25,110.1392028808594,0.0
16956,11.25,110.1459594726562,0.0
16957,15.0,110.1392028808594,0.0
16958,15.0,110.1459594726562,0.0
16959,11.25,110.1527160644531,0.0
16960,11.25,110.15947265625,0.0
16961,15.0,110.1527160644531,0.0
16962,15.0,110.15947265625,0.0
16963,18.75,110.0783935546875,0.0
16964,22.5,110.0783935546875,0.0
16965,18.75,110.0919067382813,0.0
16966,22.5,110.0919067382813,0.0
16967,18.75,110.0986633300781,0.0
16968,18.75,110.105419921875,0.0
16969,22.5,110.0986633300781,0.0
16970,22.5,110.105419921875,0.0
16971,18.75,110.1121765136719,0.0
16972,18.75,110.1189331054688,0.0
16973,22.5,110.1121765136719,0.0
16974,22.5,110.1189331054688,0.0
16975,18.75,110.1256896972656,0.0
16976,18.75,110.1324462890625,0.0
16977,22.5,110.1256896972656,0.0
16978,22.5,110.1324462890625,0.0
16979,18.75,110.1392028808594,0.0
16980,18.75,110.1459594726562,0.0
16981,22.5,110.1392028808594,0.0
16982,22.5,110.1459594726562,0.0
16983,18.75,110.1527160644531,0.0
16984,18.75,110.15947265625,0.0
16985,22.5,110.1527160644531,0.0
16986,22.5,110.15947265625,0.0
16987,26.25,110.0783935546875,0.0
16988,30.0,110.0783935546875,0.0
16989,26.25,110.0919067382813,0.0
16990,30.0,110.0919067382813,0.0
16991,26.25,110.0986633300781,0.0
16992,26.25,110.105419921875,0.0
16993,30.0,110.0986633300781,0.0
16994,30.0,110.105419921875,0.0
16995,26.25,110.1121765136719,0.0
16996,26.25,110.1189331054688,0.0
16997,30.0,110.1121765136719,0.0
16998,30.0,110.1189331054688,0.0
16999,26.25,110.1256896972656,0.0
17000,26.25,110.1324462890625,0.0
17001,30.0,110.1256896972656,0.0
17002,30.0,110.1324462890625,0.0
17003,26.25,110.1392028808594,0.0
17004,26.25,110.1459594726562,0.0
17005,30.0,110.1392028808594,0.0
17006,30.0,110.1459594726562,0.0
17007,26.25,110.1527160644531,0.0
17008,26.25,110.15947265625,0.0
17009,30.0,110.1527160644531,0.0
17010,30.0,110.15947265625,0.0
17011,3.75,110.1662292480469,0.0
17012,3.75,110.1729858398438,0.0
17013,7.5,110.1662292480469,0.0
17014,7.5,110.1729858398438,0.0
17015,3.75,110.1797424316406,0.0
17016,3.75,110.1864990234375,0.0
17017,7.5,110.1797424316406,0.0
17018,7.5,110.1864990234375,0.0
17019,11.25,110.1662292480469,0.0
17020,11.25,110.1729858398438,0.0
17021,15.0,110.1662292480469,0.0
17022,15.0,110.1729858398438,0.0
17023,11.25,110.1797424316406,0.0
17024,11.25,110.1864990234375,0.0
17025,15.0,110.1797424316406,0.0
17026,15.0,110.1864990234375,0.0
17027,3.75,110.1932556152344,0.0
17028,7.5,110.1932556152344,0.0
17029,11.25,110.1932556152344,0.0
17030,15.0,110.1932556152344,0.0
17031,3.75,110.2067687988281,0.0
17032,7.5,110.2067687988281,0.0
17033,3.75,110.213525390625,0.0
17034,7.5,110.213525390625,0.0
17035,11.25,110.2067687988281,0.0
17036,15.0,110.2067687988281,0.0
17037,11.25,110.213525390625,0.0
17038,15.0,110.213525390625,0.0
17039,18.75,110.1662292480469,0.0
17040,18.75,110.1729858398438,0.0
17041,22.5,110.1662292480469,0.0
17042,22.5,110.1729858398438,0.0
17043,18.75,110.1797424316406,0.0
17044,18.75,110.1864990234375,0.0
17045,22.5,110.1797424316406,0.0
17046,22.5,110.1864990234375,0.0
17047,26.25,110.1662292480469,0.0
17048,26.25,110.1729858398438,0.0
17049,30.0,110.1662292480469,0.0
17050,30.0,110.1729858398438,0.0
17051,26.25,110.1797424316406,0.0
17052,26.25,110.1864990234375,0.0
17053,30.0,110.1797424316406,0.0
17054,30.0,110.1864990234375,0.0
17055,18.75,110.1932556152344,0.0
17056,22.5,110.1932556152344,0.0
17057,26.25,110.1932556152344,0.0
17058,30.0,110.1932556152344,0.0
17059,18.75,110.2067687988281,0.0
17060,22.5,110.2067687988281,0.0
17061,18.75,110.213525390625,0.0
17062,22.5,110.213525390625,0.0
17063,26.25,110.2067687988281,0.0
17064,30.0,110.2067687988281,0.0
17065,26.25,110.213525390625,0.0
17066,30.0,110.213525390625,0.0
17067,3.75,110.2202819824219,0.0
17068,7.5,110.2202819824219,0.0
17069,11.25,110.2202819824219,0.0
17070,15.0,110.2202819824219,0.0
17071,3.75,110.2270385742187,0.0
17072,7.5,110.2270385742187,0.0
17073,11.25,110.2270385742187,0.0
17074,15.0,110.2270385742187,0.0
17075,3.75,110.2337951660156,0.0
17076,7.5,110.2337951660156,0.0
17077,11.25,110.2337951660156,0.0
17078,15.0,110.2337951660156,0.0
17079,3.75,110.2405517578125,0.0
17080,7.5,110.2405517578125,0.0
17081,11.25,110.2405517578125,0.0
17082,15.0,110.2405517578125,0.0
17083,18.75,110.2202819824219,0.0
17084,22.5,110.2202819824219,0.0
17085,18.75,110.2270385742187,0.0
17086,22.5,110.2270385742187,0.0
17087,26.25,110.2202819824219,0.0
17088,30.0,110.2202819824219,0.0
17089,26.25,110.2270385742187,0.0
17090,30.0,110.2270385742187,0.0
17091,18.75,110.2337951660156,0.0
17092,22.5,110.2337951660156,0.0
17093,18.75,110.2405517578125,0.0
17094,22.5,110.2405517578125,0.0
17095,26.25,110.2337951660156,0.0
17096,30.0,110.2337951660156,0.0
17097,26.25,110.2405517578125,0.0
17098,30.0,110.2405517578125,0.0
17099,3.75,110.2473083496094,0.0
17100,7.5,110.2473083496094,0.0
17101,11.25,110.2473083496094,0.0
17102,15.0,110.2473083496094,0.0
17103,3.75,110.2540649414063,0.0
17104,7.5,110.2540649414063,0.0
17105,11.25,110.2540649414063,0.0
17106,15.0,110.2540649414063,0.0
17107,18.75,110.2473083496094,0.0
17108,22.5,110.2473083496094,0.0
17109,18.75,110.2540649414063,0.0
17110,22.5,110.2540649414063,0.0
17111,26.25,110.2473083496094,0.0
17112,30.0,110.2473083496094,0.0
17113,26.25,110.2540649414063,0.0
17114,30.0,110.2540649414063,0.0
17115,3.75,110.2608215332031,0.0
17116,7.5,110.2608215332031,0.0
17117,11.25,110.2608215332031,0.0
17118,15.0,110.2608215332031,0.0
17119,3.75,110.267578125,0.0
17120,7.5,110.267578125,0.0
17121,11.25,110.267578125,0.0
17122,15.0,110.267578125,0.0
17123,18.75,110.2608215332031,0.0
17124,22.5,110.2608215332031,0.0
17125,18.75,110.267578125,0.0
17126,22.5,110.267578125,0.0
17127,26.25,110.2608215332031,0.0
17128,30.0,110.2608215332031,0.0
17129,26.25,110.267578125,0.0
17130,30.0,110.267578125,0.0
17131,33.75,109.94326171875,0.0
17132,37.5,109.94326171875,0.0
17133,33.75,109.997314453125,0.0
17134,37.5,109.997314453125,0.0
17135,33.75,110.0513671875,0.0
17136,37.5,110.0513671875,0.0
17137,41.25,109.94326171875,0.0
17138,45.0,109.94326171875,0.0
17139,41.25,109.997314453125,0.0
17140,45.0,109.997314453125,0.0
17141,41.25,110.0513671875,0.0
17142,45.0,110.0513671875,0.0
17143,33.75,110.0783935546875,0.0
17144,37.5,110.0783935546875,0.0
17145,33.75,110.0919067382813,0.0
17146,37.5,110.0919067382813,0.0
17147,33.75,110.0986633300781,0.0
17148,33.75,110.105419921875,0.0
17149,37.5,110.0986633300781,0.0
17150,37.5,110.105419921875,0.0
17151,33.75,110.1121765136719,0.0
17152,33.75,110.1189331054688,0.0
17153,37.5,110.1121765136719,0.0
17154,37.5,110.1189331054688,0.0
17155,33.75,110.1256896972656,0.0
17156,33.75,110.1324462890625,0.0
17157,37.5,110.1256896972656,0.0
17158,37.5,110.1324462890625,0.0
17159,33.75,110.1392028808594,0.0
17160,33.75,110.1459594726562,0.0
17161,37.5,110.1392028808594,0.0
17162,37.5,110.1459594726562,0.0
17163,33.75,110.1527160644531,0.0
17164,33.75,110.15947265625,0.0
17165,37.5,110.1527160644531,0.0
17166,37.5,110.15947265625,0.0
17167,41.25,110.0783935546875,0.0
17168,45.0,110.0783935546875,0.0
17169,41.25,110.0919067382813,0.0
17170,45.0,110.0919067382813,0.0
17171,41.25,110.0986633300781,0.0
17172,41.25,110.105419921875,0.0
17173,45.0,110.0986633300781,0.0
17174,45.0,110.105419921875,0.0
17175,41.25,110.1121765136719,0.0
17176,41.25,110.1189331054688,0.0
17177,45.0,110.1121765136719,0.0
17178,45.0,110.1189331054688,0.0
17179,41.25,110.1256896972656,0.0
17180,41.25,110.1324462890625,0.0
17181,45.0,110.1256896972656,0.0
17182,45.0,110.1324462890625,0.0
17183,41.25,110.1392028808594,0.0
17184,41.25,110.1459594726562,0.0
17185,45.0,110.1392028808594,0.0
17186,45.0,110.1459594726562,0.0
17187,41.25,110.1527160644531,0.0
17188,41.25,110.15947265625,0.0
17189,45.0,110.1527160644531,0.0
17190,45.0,110.15947265625,0.0
17191,33.75,110.1662292480469,0.0
17192,33.75,110.1729858398438,0.0
17193,37.5,110.1662292480469,0.0
17194,37.5,110.1729858398438,0.0
17195,33.75,110.1797424316406,0.0
17196,33.75,110.1864990234375,0.0
17197,37.5,110.1797424316406,0.0
17198,37.5,110.1864990234375,0.0
17199,41.25,110.1662292480469,0.0
17200,41.25,110.1729858398438,0.0
17201,45.0,110.1662292480469,0.0
17202,45.0,110.1729858398438,0.0
17203,41.25,110.1797424316406,0.0
17204,41.25,110.1864990234375,0.0
17205,45.0,110.1797424316406,0.0
17206,45.0,110.1864990234375,0.0
17207,33.75,110.1932556152344,0.0
17208,37.5,110.1932556152344,0.0
17209,41.25,110.1932556152344,0.0
17210,45.0,110.1932556152344,0.0
17211,33.75,110.2067687988281,0.0
17212,37.5,110.2067687988281,0.0
17213,33.75,110.213525390625,0.0
17214,37.5,110.213525390625,0.0
17215,41.25,110.2067687988281,0.0
17216,45.0,110.2067687988281,0.0
17217,41.25,110.213525390625,0.0
17218,45.0,110.213525390625,0.0
17219,33.75,110.2202819824219,0.0
17220,37.5,110.2202819824219,0.0
17221,33.75,110.2270385742187,0.0
17222,37.5,110.2270385742187,0.0
17223,41.25,110.2202819824219,0.0
17224,45.0,110.2202819824219,0.0
17225,41.25,110.2270385742187,0.0
17226,45.0,110.2270385742187,0.0
17227,33.75,110.2337951660156,0.0
17228,37.5,110.2337951660156,0.0
17229,33.75,110.2405517578125,0.0
17230,37.5,110.2405517578125,0.0
17231,41.25,110.2337951660156,0.0
17232,45.0,110.2337951660156,0.0
17233,41.25,110.2405517578125,0.0
17234,45.0,110.2405517578125,0.0
17235,33.75,110.2473083496094,0.0
17236,37.5,110.2473083496094,0.0
17237,33.75,110.2540649414063,0.0
17238,37.5,110.2540649414063,0.0
17239,41.25,110.2473083496094,0.0
17240,45.0,110.2473083496094,0.0
17241,41.25,110.2540649414063,0.0
17242,45.0,110.2540649414063,0.0
17243,33.75,110.2608215332031,0.0
17244,37.5,110.2608215332031,0.0
17245,33.75,110.267578125,0.0
17246,37.5,110.267578125,0.0
17247,41.25,110.2608215332031,0.0
17248,45.0,110.2608215332031,0.0
17249,41.25,110.267578125,0.0
17250,45.0,110.267578125,0.0
17251,48.75,109.94326171875,0.0
17252,52.5,109.94326171875,0.0
17253,48.75,109.997314453125,0.0
17254,52.5,109.997314453125,0.0
17255,48.75,110.0513671875,0.0
17256,52.5,110.0513671875,0.0
17257,56.25,109.94326171875,0.0
17258,60.0,109.94326171875,0.0
17259,56.25,109.997314453125,0.0
17260,60.0,109.997314453125,0.0
17261,56.25,110.0513671875,0.0
17262,60.0,110.0513671875,0.0
17263,48.75,110.0783935546875,0.0
17264,52.5,110.0783935546875,0.0
17265,48.75,110.0919067382813,0.0
17266,52.5,110.0919067382813,0.0
17267,48.75,110.0986633300781,0.0
17268,48.75,110.105419921875,0.0
17269,52.5,110.0986633300781,0.0
17270,52.5,110.105419921875,0.0
17271,48.75,110.1121765136719,0.0
17272,48.75,110.1189331054688,0.0
17273,52.5,110.1121765136719,0.0
17274,52.5,110.1189331054688,0.0
17275,48.75,110.1256896972656,0.0
17276,48.75,110.1324462890625,0.0
17277,52.5,110.1256896972656,0.0
17278,52.5,110.1324462890625,0.0
17279,48.75,110.1392028808594,0.0
17280,48.75,110.1459594726562,0.0
17281,52.5,110.1392028808594,0.0
17282,52.5,110.1459594726562,0.0
17283,48.75,110.1527160644531,0.0
17284,48.75,110.15947265625,0.0
17285,52.5,110.1527160644531,0.0
17286,52.5,110.15947265625,0.0
17287,56.25,110.0783935546875,0.0
17288,60.0,110.0783935546875,0.0
17289,56.25,110.0919067382813,0.0
17290,60.0,110.0919067382813,0.0
17291,56.25,110.0986633300781,0.0
17292,56.25,110.105419921875,0.0
17293,60.0,110.0986633300781,0.0
17294,60.0,110.105419921875,0.0
17295,56.25,110.1121765136719,0.0
17296,56.25,110.1189331054688,0.0
17297,60.0,110.1121765136719,0.0
17298,60.0,110.1189331054688,0.0
17299,56.25,110.1256896972656,0.0
17300,56.25,110.1324462890625,0.0
17301,60.0,110.1256896972656,0.0
17302,60.0,110.1324462890625,0.0
17303,56.25,110.1392028808594,0.0
17304,56.25,110.1459594726562,0.0
17305,60.0,110.1392028808594,0.0
17306,60.0,110.1459594726562,0.0
17307,56.25,110.1527160644531,0.0
17308,56.25,110.15947265625,0.0
17309,60.0,110.1527160644531,0.0
17310,60.0,110.15947265625,0.0
17311,48.75,110.1662292480469,0.0
17312,48.75,110.1729858398438,0.0
17313,52.5,110.1662292480469,0.0
17314,52.5,110.1729858398438,0.0
17315,48.75,110.1797424316406,0.0
17316,48.75,110.1864990234375,0.0
17317,52.5,110.1797424316406,0.0
17318,52.5,110.1864990234375,0.0
17319,56.25,110.1662292480469,0.0
17320,56.25,110.1729858398438,0.0
17321,60.0,110.1662292480469,0.0
17322,60.0,110.1729858398438,0.0
17323,56.25,110.1797424316406,0.0
17324,56.25,110.1864990234375,0.0
17325,60.0,110.1797424316406,0.0
17326,60.0,110.1864990234375,0.0
17327,48.75,110.1932556152344,0.0
17328,52.5,110.1932556152344,0.0
17329,56.25,110.1932556152344,0.0
17330,60.0,110.1932556152344,0.0
17331,48.75,110.2067687988281,0.0
17332,52.5,110.2067687988281,0.0
17333,48.75,110.213525390625,0.0
17334,52.5,110.213525390625,0.0
17335,56.25,110.2067687988281,0.0
17336,60.0,110.2067687988281,0.0
17337,56.25,110.213525390625,0.0
17338,60.0,110.213525390625,0.0
17339,48.75,110.2202819824219,0.0
17340,52.5,110.2202819824219,0.0
17341,48.75,110.2270385742187,0.0
17342,52.5,110.2270385742187,0.0
17343,56.25,110.2202819824219,0.0
17344,60.0,110.2202819824219,0.0
17345,56.25,110.2270385742187,0.0
17346,60.0,110.2270385742187,0.0
17347,48.75,110.2337951660156,0.0
17348,52.5,110.2337951660156,0.0
17349,48.75,110.2405517578125,0.0
17350,52.5,110.2405517578125,0.0
17351,56.25,110.2337951660156,0.0
17352,60.0,110.2337951660156,0.0
17353,56.25,110.2405517578125,0.0
17354,60.0,110.2405517578125,0.0
17355,48.75,110.2473083496094,0.0
17356,52.5,110.2473083496094,0.0
17357,48.75,110.2540649414063,0.0
17358,52.5,110.2540649414063,0.0
17359,56.25,110.2473083496094,0.0
17360,60.0,110.2473083496094,0.0
17361,56.25,110.2540649414063,0.0
17362,60.0,110.2540649414063,0.0
17363,48.75,110.2608215332031,0.0
17364,52.5,110.2608215332031,0.0
17365,48.75,110.267578125,0.0
17366,52.5,110.267578125,0.0
17367,56.25,110.2608215332031,0.0
17368,60.0,110.2608215332031,0.0
17369,56.25,110.267578125,0.0
17370,60.0,110.267578125,0.0
17371,3.75,110.2743347167969,0.0
17372,7.5,110.2743347167969,0.0
17373,11.25,110.2743347167969,0.0
17374,15.0,110.2743347167969,0.0
17375,18.75,110.2743347167969,0.0
17376,22.5,110.2743347167969,0.0
17377,26.25,110.2743347167969,0.0
17378,30.0,110.2743347167969,0.0
17379,3.75,110.2810913085937,0.0
17380,7.5,110.2810913085937,0.0
17381,11.25,110.2810913085937,0.0
17382,15.0,110.2810913085937,0.0
17383,18.75,110.2810913085937,0.0
17384,22.5,110.2810913085937,0.0
17385,26.25,110.2810913085937,0.0
17386,30.0,110.2810913085937,0.0
17387,3.75,110.2878479003906,0.0
17388,7.5,110.2878479003906,0.0
17389,11.25,110.2878479003906,0.0
17390,15.0,110.2878479003906,0.0
17391,18.75,110.2878479003906,0.0
17392,22.5,110.2878479003906,0.0
17393,26.25,110.2878479003906,0.0
17394,30.0,110.2878479003906,0.0
17395,3.75,110.2946044921875,0.0
17396,7.5,110.2946044921875,0.0
17397,11.25,110.2946044921875,0.0
17398,15.0,110.2946044921875,0.0
17399,18.75,110.2946044921875,0.0
17400,22.5,110.2946044921875,0.0
17401,26.25,110.2946044921875,0.0
17402,30.0,110.2946044921875,0.0
17403,3.75,110.3013610839844,0.0
17404,7.5,110.3013610839844,0.0
17405,11.25,110.3013610839844,0.0
17406,15.0,110.3013610839844,0.0
17407,18.75,110.3013610839844,0.0
17408,22.5,110.3013610839844,0.0
17409,26.25,110.3013610839844,0.0
17410,30.0,110.3013610839844,0.0
17411,3.75,110.3081176757813,0.0
17412,7.5,110.3081176757813,0.0
17413,11.25,110.3081176757813,0.0
17414,15.0,110.3081176757813,0.0
17415,18.75,110.3081176757813,0.0
17416,22.5,110.3081176757813,0.0
17417,26.25,110.3081176757813,0.0
17418,30.0,110.3081176757813,0.0
17419,3.75,110.321630859375,0.0
17420,7.5,110.321630859375,0.0
17421,11.25,110.321630859375,0.0
17422,15.0,110.321630859375,0.0
17423,18.75,110.321630859375,0.0
17424,22.5,110.321630859375,0.0
17425,26.25,110.321630859375,0.0
17426,30.0,110.321630859375,0.0
17427,3.75,110.3351440429688,0.0
17428,7.5,110.3351440429688,0.0
17429,11.25,110.3351440429688,0.0
17430,15.0,110.3351440429688,0.0
17431,18.75,110.3351440429688,0.0
17432,22.5,110.3351440429688,0.0
17433,26.25,110.3351440429688,0.0
17434,30.0,110.3351440429688,0.0
17435,3.75,110.3486572265625,0.0
17436,7.5,110.3486572265625,0.0
17437,11.25,110.3486572265625,0.0
17438,15.0,110.3486572265625,0.0
17439,18.75,110.3486572265625,0.0
17440,22.5,110.3486572265625,0.0
17441,26.25,110.3486572265625,0.0
17442,30.0,110.3486572265625,0.0
17443,3.75,110.3621704101562,0.0
17444,7.5,110.3621704101562,0.0
17445,11.25,110.3621704101562,0.0
17446,15.0,110.3621704101562,0.0
17447,18.75,110.3621704101562,0.0
17448,22.5,110.3621704101562,0.0
17449,26.25,110.3621704101562,0.0
17450,30.0,110.3621704101562,0.0
17451,3.75,110.37568359375,0.0
17452,7.5,110.37568359375,0.0
17453,11.25,110.37568359375,0.0
17454,15.0,110.37568359375,0.0
17455,18.75,110.37568359375,0.0
17456,22.5,110.37568359375,0.0
17457,26.25,110.37568359375,0.0
17458,30.0,110.37568359375,0.0
17459,3.75,110.3891967773438,0.0
17460,7.5,110.3891967773438,0.0
17461,11.25,110.3891967773438,0.0
17462,15.0,110.3891967773438,0.0
17463,18.75,110.3891967773438,0.0
17464,22.5,110.3891967773438,0.0
17465,26.25,110.3891967773438,0.0
17466,30.0,110.3891967773438,0.0
17467,3.75,110.4027099609375,0.0
17468,7.5,110.4027099609375,0.0
17469,11.25,110.4027099609375,0.0
17470,15.0,110.4027099609375,0.0
17471,18.75,110.4027099609375,0.0
17472,22.5,110.4027099609375,0.0
17473,26.25,110.4027099609375,0.0
17474,30.0,110.4027099609375,0.0
17475,3.75,110.4162231445312,0.0
17476,7.5,110.4162231445312,0.0
17477,11.25,110.4162231445312,0.0
17478,15.0,110.4162231445312,0.0
17479,18.75,110.4162231445312,0.0
17480,22.5,110.4162231445312,0.0
17481,26.25,110.4162231445312,0.0
17482,30.0,110.4162231445312,0.0
17483,3.75,110.429736328125,0.0
17484,7.5,110.429736328125,0.0
17485,11.25,110.429736328125,0.0
17486,15.0,110.429736328125,0.0
17487,18.75,110.429736328125,0.0
17488,22.5,110.429736328125,0.0
17489,26.25,110.429736328125,0.0
17490,30.0,110.429736328125,0.0
17491,3.75,110.4432495117187,0.0
17492,7.5,110.4432495117187,0.0
17493,11.25,110.4432495117187,0.0
17494,15.0,110.4432495117187,0.0
17495,18.75,110.4432495117187,0.0
17496,22.5,110.4432495117187,0.0
17497,26.25,110.4432495117187,0.0
17498,30.0,110.4432495117187,0.0
17499,3.75,110.4567626953125,0.0
17500,7.5,110.4567626953125,0.0
17501,11.25,110.4567626953125,0.0
17502,15.0,110.4567626953125,0.0
17503,18.75,110.4567626953125,0.0
17504,22.5,110.4567626953125,0.0
17505,26.25,110.4567626953125,0.0
17506,30.0,110.4567626953125,0.0
17507,3.75,110.4702758789062,0.0
17508,7.5,110.4702758789062,0.0
17509,11.25,110.4702758789062,0.0
17510,15.0,110.4702758789062,0.0
17511,18.75,110.4702758789062,0.0
17512,22.5,110.4702758789062,0.0
17513,26.25,110.4702758789062,0.0
17514,30.0,110.4702758789062,0.0
17515,3.75,110.4837890625,0.0
17516,7.5,110.4837890625,0.0
17517,11.25,110.4837890625,0.0
17518,15.0,110.4837890625,0.0
17519,18.75,110.4837890625,0.0
17520,22.5,110.4837890625,0.0
17521,26.25,110.4837890625,0.0
17522,30.0,110.4837890625,0.0
17523,33.75,110.2743347167969,0.0
17524,37.5,110.2743347167969,0.0
17525,41.25,110.2743347167969,0.0
17526,45.0,110.2743347167969,0.0
17527,33.75,110.2810913085937,0.0
17528,37.5,110.2810913085937,0.0
17529,41.25,110.2810913085937,0.0
17530,45.0,110.2810913085937,0.0
17531,33.75,110.2878479003906,0.0
17532,37.5,110.2878479003906,0.0
17533,41.25,110.2878479003906,0.0
17534,45.0,110.2878479003906,0.0
17535,33.75,110.2946044921875,0.0
17536,37.5,110.2946044921875,0.0
17537,41.25,110.2946044921875,0.0
17538,45.0,110.2946044921875,0.0
17539,33.75,110.3013610839844,0.0
17540,37.5,110.3013610839844,0.0
17541,41.25,110.3013610839844,0.0
17542,45.0,110.3013610839844,0.0
17543,33.75,110.3081176757813,0.0
17544,37.5,110.3081176757813,0.0
17545,41.25,110.3081176757813,0.0
17546,45.0,110.3081176757813,0.0
17547,33.75,110.321630859375,0.0
17548,37.5,110.321630859375,0.0
17549,41.25,110.321630859375,0.0
17550,45.0,110.321630859375,0.0
17551,33.75,110.3351440429688,0.0
17552,37.5,110.3351440429688,0.0
17553,41.25,110.3351440429688,0.0
17554,45.0,110.3351440429688,0.0
17555,33.75,110.3486572265625,0.0
17556,37.5,110.3486572265625,0.0
17557,41.25,110.3486572265625,0.0
17558,45.0,110.3486572265625,0.0
17559,33.75,110.3621704101562,0.0
17560,37.5,110.3621704101562,0.0
17561,41.25,110.3621704101562,0.0
17562,45.0,110.3621704101562,0.0
17563,33.75,110.37568359375,0.0
17564,37.5,110.37568359375,0.0
17565,41.25,110.37568359375,0.0
17566,45.0,110.37568359375,0.0
17567,33.75,110.3891967773438,0.0
17568,37.5,110.3891967773438,0.0
17569,41.25,110.3891967773438,0.0
17570,45.0,110.3891967773438,0.0
17571,33.75,110.4027099609375,0.0
17572,37.5,110.4027099609375,0.0
17573,41.25,110.4027099609375,0.0
17574,45.0,110.4027099609375,0.0
17575,33.75,110.4162231445312,0.0
17576,37.5,110.4162231445312,0.0
17577,41.25,110.4162231445312,0.0
17578,45.0,110.4162231445312,0.0
17579,33.75,110.429736328125,0.0
17580,37.5,110.429736328125,0.0
17581,41.25,110.429736328125,0.0
17582,45.0,110.429736328125,0.0
17583,33.75,110.4432495117187,0.0
17584,37.5,110.4432495117187,0.0
17585,41.25,110.4432495117187,0.0
17586,45.0,110.4432495117187,0.0
17587,33.75,110.4567626953125,0.0
17588,37.5,110.4567626953125,0.0
17589,41.25,110.4567626953125,0.0
17590,45.0,110.4567626953125,0.0
17591,33.75,110.4702758789062,0.0
17592,37.5,110.4702758789062,0.0
17593,41.25,110.4702758789062,0.0
17594,45.0,110.4702758789062,0.0
17595,33.75,110.4837890625,0.0
17596,37.5,110.4837890625,0.0
17597,41.25,110.4837890625,0.0
17598,45.0,110.4837890625,0.0
17599,48.75,110.2743347167969,0.0
17600,52.5,110.2743347167969,0.0
17601,48.75,110.2810913085937,0.0
17602,52.5,110.2810913085937,0.0
17603,56.25,110.2743347167969,0.0
17604,60.0,110.2743347167969,0.0
17605,56.25,110.2810913085937,0.0
17606,60.0,110.2810913085937,0.0
17607,48.75,110.2878479003906,0.0
17608,52.5,110.2878479003906,0.0
17609,48.75,110.2946044921875,0.0
17610,52.5,110.2946044921875,0.0
17611,56.25,110.2878479003906,0.0
17612,60.0,110.2878479003906,0.0
17613,56.25,110.2946044921875,0.0
17614,60.0,110.2946044921875,0.0
17615,48.75,110.3013610839844,0.0
17616,52.5,110.3013610839844,0.0
17617,48.75,110.3081176757813,0.0
17618,52.5,110.3081176757813,0.0
17619,56.25,110.3013610839844,0.0
17620,60.0,110.3013610839844,0.0
17621,56.25,110.3081176757813,0.0
17622,60.0,110.3081176757813,0.0
17623,48.75,110.321630859375,0.0
17624,52.5,110.321630859375,0.0
17625,56.25,110.321630859375,0.0
17626,60.0,110.321630859375,0.0
17627,48.75,110.3351440429688,0.0
17628,52.5,110.3351440429688,0.0
17629,48.75,110.3486572265625,0.0
17630,52.5,110.3486572265625,0.0
17631,56.25,110.3351440429688,0.0
17632,60.0,110.3351440429688,0.0
17633,56.25,110.3486572265625,0.0
17634,60.0,110.3486572265625,0.0
17635,48.75,110.3621704101562,0.0
17636,52.5,110.3621704101562,0.0
17637,48.75,110.37568359375,0.0
17638,52.5,110.37568359375,0.0
17639,56.25,110.3621704101562,0.0
17640,60.0,110.3621704101562,0.0
17641,56.25,110.37568359375,0.0
17642,60.0,110.37568359375,0.0
17643,48.75,110.3891967773438,0.0
17644,52.5,110.3891967773438,0.0
17645,48.75,110.4027099609375,0.0
17646,52.5,110.4027099609375,0.0
17647,56.25,110.3891967773438,0.0
17648,60.0,110.3891967773438,0.0
17649,56.25,110.4027099609375,0.0
17650,60.0,110.4027099609375,0.0
17651,48.75,110.4162231445312,0.0
17652,52.5,110.4162231445312,0.0
17653,48.75,110.429736328125,0.0
17654,52.5,110.429736328125,0.0
17655,56.25,110.4162231445312,0.0
17656,60.0,110.4162231445312,0.0
17657,56.25,110.429736328125,0.0
17658,60.0,110.429736328125,0.0
17659,48.75,110.4432495117187,0.0
17660,52.5,110.4432495117187,0.0
17661,48.75,110.4567626953125,0.0
17662,52.5,110.4567626953125,0.0
17663,56.25,110.4432495117187,0.0
17664,60.0,110.4432495117187,0.0
17665,56.25,110.4567626953125,0.0
17666,60.0,110.4567626953125,0.0
17667,48.75,110.4702758789062,0.0
17668,52.5,110.4702758789062,0.0
17669,48.75,110.4837890625,0.0
17670,52.5,110.4837890625,0.0
17671,56.25,110.4702758789062,0.0
17672,60.0,110.4702758789062,0.0
17673,56.25,110.4837890625,0.0
17674,60.0,110.4837890625,0.0
17675,3.75,110.4973022460937,0.0
17676,7.5,110.4973022460937,0.0
17677,11.25,110.4973022460937,0.0
17678,15.0,110.4973022460937,0.0
17679,18.75,110.4973022460937,0.0
17680,22.5,110.4973022460937,0.0
17681,26.25,110.4973022460937,0.0
17682,30.0,110.4973022460937,0.0
17683,3.75,110.5108154296875,0.0
17684,7.5,110.5108154296875,0.0
17685,11.25,110.5108154296875,0.0
17686,15.0,110.5108154296875,0.0
17687,18.75,110.5108154296875,0.0
17688,22.5,110.5108154296875,0.0
17689,26.25,110.5108154296875,0.0
17690,30.0,110.5108154296875,0.0
17691,3.75,110.5243286132813,0.0
17692,7.5,110.5243286132813,0.0
17693,11.25,110.5243286132813,0.0
17694,15.0,110.5243286132813,0.0
17695,18.75,110.5243286132813,0.0
17696,22.5,110.5243286132813,0.0
17697,26.25,110.5243286132813,0.0
17698,30.0,110.5243286132813,0.0
17699,3.75,110.537841796875,0.0
17700,7.5,110.537841796875,0.0
17701,11.25,110.537841796875,0.0
17702,15.0,110.537841796875,0.0
17703,18.75,110.537841796875,0.0
17704,22.5,110.537841796875,0.0
17705,26.25,110.537841796875,0.0
17706,30.0,110.537841796875,0.0
17707,3.75,110.5513549804687,0.0
17708,7.5,110.5513549804687,0.0
17709,11.25,110.5513549804687,0.0
17710,15.0,110.5513549804687,0.0
17711,18.75,110.5513549804687,0.0
17712,22.5,110.5513549804687,0.0
17713,26.25,110.5513549804687,0.0
17714,30.0,110.5513549804687,0.0
17715,3.75,110.5648681640625,0.0
17716,7.5,110.5648681640625,0.0
17717,11.25,110.5648681640625,0.0
17718,15.0,110.5648681640625,0.0
17719,18.75,110.5648681640625,0.0
17720,22.5,110.5648681640625,0.0
17721,26.25,110.5648681640625,0.0
17722,30.0,110.5648681640625,0.0
17723,3.75,110.5783813476563,0.0
17724,7.5,110.5783813476563,0.0
17725,11.25,110.5783813476563,0.0
17726,15.0,110.5783813476563,0.0
17727,18.75,110.5783813476563,0.0
17728,22.5,110.5783813476563,0.0
17729,26.25,110.5783813476563,0.0
17730,30.0,110.5783813476563,0.0
17731,3.75,110.59189453125,0.0
17732,7.5,110.59189453125,0.0
17733,11.25,110.59189453125,0.0
17734,15.0,110.59189453125,0.0
17735,18.75,110.59189453125,0.0
17736,22.5,110.59189453125,0.0
17737,26.25,110.59189453125,0.0
17738,30.0,110.59189453125,0.0
17739,33.75,110.4973022460937,0.0
17740,37.5,110.4973022460937,0.0
17741,41.25,110.4973022460937,0.0
17742,45.0,110.4973022460937,0.0
17743,33.75,110.5108154296875,0.0
17744,37.5,110.5108154296875,0.0
17745,41.25,110.5108154296875,0.0
17746,45.0,110.5108154296875,0.0
17747,33.75,110.5243286132813,0.0
17748,37.5,110.5243286132813,0.0
17749,41.25,110.5243286132813,0.0
17750,45.0,110.5243286132813,0.0
17751,33.75,110.537841796875,0.0
17752,37.5,110.537841796875,0.0
17753,41.25,110.537841796875,0.0
17754,45.0,110.537841796875,0.0
17755,33.75,110.5513549804687,0.0
17756,37.5,110.5513549804687,0.0
17757,41.25,110.5513549804687,0.0
17758,45.0,110.5513549804687,0.0
17759,33.75,110.5648681640625,0.0
17760,37.5,110.5648681640625,0.0
17761,41.25,110.5648681640625,0.0
17762,45.0,110.5648681640625,0.0
17763,33.75,110.5783813476563,0.0
17764,37.5,110.5783813476563,0.0
17765,41.25,110.5783813476563,0.0
17766,45.0,110.5783813476563,0.0
17767,33.75,110.59189453125,0.0
17768,37.5,110.59189453125,0.0
17769,41.25,110.59189453125,0.0
17770,45.0,110.59189453125,0.0
17771,48.75,110.4973022460937,0.0
17772,52.5,110.4973022460937,0.0
17773,48.75,110.5108154296875,0.0
17774,52.5,110.5108154296875,0.0
17775,56.25,110.4973022460937,0.0
17776,60.0,110.4973022460937,0.0
17777,56.25,110.5108154296875,0.0
17778,60.0,110.5108154296875,0.0
17779,48.75,110.5243286132813,0.0
17780,52.5,110.5243286132813,0.0
17781,48.75,110.537841796875,0.0
17782,52.5,110.537841796875,0.0
17783,56.25,110.5243286132813,0.0
17784,60.0,110.5243286132813,0.0
17785,56.25,110.537841796875,0.0
17786,60.0,110.537841796875,0.0
17787,48.75,110.5513549804687,0.0
17788,52.5,110.5513549804687,0.0
17789,48.75,110.5648681640625,0.0
17790,52.5,110.5648681640625,0.0
17791,56.25,110.5513549804687,0.0
17792,60.0,110.5513549804687,0.0
17793,56.25,110.5648681640625,0.0
17794,60.0,110.5648681640625,0.0
17795,48.75,110.5783813476563,0.0
17796,52.5,110.5783813476563,0.0
17797,48.75,110.59189453125,0.0
17798,52.5,110.59189453125,0.0
17799,56.25,110.5783813476563,0.0
17800,60.0,110.5783813476563,0.0
17801,56.25,110.59189453125,0.0
17802,60.0,110.59189453125,0.0
17803,3.75,110.6054077148438,0.0
17804,7.5,110.6054077148438,0.0
17805,11.25,110.6054077148438,0.0
17806,15.0,110.6054077148438,0.0
17807,18.75,110.6054077148438,0.0
17808,22.5,110.6054077148438,0.0
17809,26.25,110.6054077148438,0.0
17810,30.0,110.6054077148438,0.0
17811,3.75,110.6189208984375,0.0
17812,7.5,110.6189208984375,0.0
17813,11.25,110.6189208984375,0.0
17814,15.0,110.6189208984375,0.0
17815,18.75,110.6189208984375,0.0
17816,22.5,110.6189208984375,0.0
17817,26.25,110.6189208984375,0.0
17818,30.0,110.6189208984375,0.0
17819,3.75,110.6324340820313,0.0
17820,7.5,110.6324340820313,0.0
17821,11.25,110.6324340820313,0.0
17822,15.0,110.6324340820313,0.0
17823,18.75,110.6324340820313,0.0
17824,22.5,110.6324340820313,0.0
17825,26.25,110.6324340820313,0.0
17826,30.0,110.6324340820313,0.0
17827,3.75,110.645947265625,0.0
17828,7.5,110.645947265625,0.0
17829,11.25,110.645947265625,0.0
17830,15.0,110.645947265625,0.0
17831,18.75,110.645947265625,0.0
17832,22.5,110.645947265625,0.0
17833,26.25,110.645947265625,0.0
17834,30.0,110.645947265625,0.0
17835,33.75,110.6054077148438,0.0
17836,37.5,110.6054077148438,0.0
17837,41.25,110.6054077148438,0.0
17838,45.0,110.6054077148438,0.0
17839,33.75,110.6189208984375,0.0
17840,37.5,110.6189208984375,0.0
17841,41.25,110.6189208984375,0.0
17842,45.0,110.6189208984375,0.0
17843,33.75,110.6324340820313,0.0
17844,37.5,110.6324340820313,0.0
17845,41.25,110.6324340820313,0.0
17846,45.0,110.6324340820313,0.0
17847,33.75,110.645947265625,0.0
17848,37.5,110.645947265625,0.0
17849,41.25,110.645947265625,0.0
17850,45.0,110.645947265625,0.0
17851,48.75,110.6054077148438,0.0
17852,52.5,110.6054077148438,0.0
17853,48.75,110.6189208984375,0.0
17854,52.5,110.6189208984375,0.0
17855,56.25,110.6054077148438,0.0
17856,60.0,110.6054077148438,0.0
17857,56.25,110.6189208984375,0.0
17858,60.0,110.6189208984375,0.0
17859,48.75,110.6324340820313,0.0
17860,52.5,110.6324340820313,0.0
17861,48.75,110.645947265625,0.0
17862,52.5,110.645947265625,0.0
17863,56.25,110.6324340820313,0.0
17864,60.0,110.6324340820313,0.0
17865,56.25,110.645947265625,0.0
17866,60.0,110.645947265625,0.0
17867,3.75,110.6594604492188,0.0
17868,7.5,110.6594604492188,0.0
17869,11.25,110.6594604492188,0.0
17870,15.0,110.6594604492188,0.0
17871,18.75,110.6594604492188,0.0
17872,22.5,110.6594604492188,0.0
17873,26.25,110.6594604492188,0.0
17874,30.0,110.6594604492188,0.0
17875,3.75,110.6729736328125,0.0
17876,7.5,110.6729736328125,0.0
17877,11.25,110.6729736328125,0.0
17878,15.0,110.6729736328125,0.0
17879,18.75,110.6729736328125,0.0
17880,22.5,110.6729736328125,0.0
17881,26.25,110.6729736328125,0.0
17882,30.0,110.6729736328125,0.0
17883,33.75,110.6594604492188,0.0
17884,37.5,110.6594604492188,0.0
17885,41.25,110.6594604492188,0.0
17886,45.0,110.6594604492188,0.0
17887,33.75,110.6729736328125,0.0
17888,37.5,110.6729736328125,0.0
17889,41.25,110.6729736328125,0.0
17890,45.0,110.6729736328125,0.0
17891,48.75,110.6594604492188,0.0
17892,52.5,110.6594604492188,0.0
17893,48.75,110.6729736328125,0.0
17894,52.5,110.6729736328125,0.0
17895,56.25,110.6594604492188,0.0
17896,60.0,110.6594604492188,0.0
17897,56.25,110.6729736328125,0.0
17898,60.0,110.6729736328125,0.0
17899,3.75,110.6864868164062,0.0
17900,7.5,110.6864868164062,0.0
17901,11.25,110.6864868164062,0.0
17902,15.0,110.6864868164062,0.0
17903,18.75,110.6864868164062,0.0
17904,22.5,110.6864868164062,0.0
17905,26.25,110.6864868164062,0.0
17906,30.0,110.6864868164062,0.0
17907,3.75,110.7,0.0
17908,7.5,110.7,0.0
17909,11.25,110.7,0.0
17910,15.0,110.7,0.0
17911,18.75,110.7,0.0
17912,22.5,110.7,0.0
17913,26.25,110.7,0.0
17914,30.0,110.7,0.0
17915,33.75,110.6864868164062,0.0
17916,37.5,110.6864868164062,0.0
17917,41.25,110.6864868164062,0.0
17918,45.0,110.6864868164062,0.0
17919,33.75,110.7,0.0
17920,37.5,110.7,0.0
17921,41.25,110.7,0.0
17922,45.0,110.7,0.0
17923,48.75,110.6864868164062,0.0
17924,52.5,110.6864868164062,0.0
17925,48.75,110.7,0.0
17926,52.5,110.7,0.0
17927,56.25,110.6864868164062,0.0
17928,60.0,110.6864868164062,0.0
17929,56.25,110.7,0.0
17930,60.0,110.7,0.0
17931,63.75,0.01351318359375,0.0
17932,63.75,-0.0,0.0
17933,63.75,0.0270263671875,0.0
17934,67.5,0.01351318359375,0.0
17935,67.5,-0.0,0.0
17936,67.5,0.0270263671875,0.0
17937,63.75,0.04053955078125,0.0
17938,63.75,0.054052734375,0.0
17939,67.5,0.04053955078125,0.0
17940,67.5,0.054052734375,0.0
17941,63.75,0.06756591796875,0.0
17942,63.75,0.0810791015625,0.0
17943,67.5,0.06756591796875,0.0
17944,67.5,0.0810791015625,0.0
17945,63.75,0.09459228515625001,0.0
17946,67.5,0.09459228515625001,0.0
17947,63.75,0.101348876953125,0.0
17948,63.75,0.10810546875,0.0
17949,67.5,0.101348876953125,0.0
17950,67.5,0.10810546875,0.0
17951,63.75,0.114862060546875,0.0
17952,63.75,0.12161865234375,0.0
17953,67.5,0.114862060546875,0.0
17954,67.5,0.12161865234375,0.0
17955,63.75,0.128375244140625,0.0
17956,63.75,0.1351318359375,0.0
17957,67.5,0.128375244140625,0.0
17958,67.5,0.1351318359375,0.0
17959,63.75,0.141888427734375,0.0
17960,63.75,0.14864501953125,0.0
17961,67.5,0.141888427734375,0.0
17962,67.5,0.14864501953125,0.0
17963,63.75,0.155401611328125,0.0
17964,63.75,0.162158203125,0.0
17965,67.5,0.155401611328125,0.0
17966,67.5,0.162158203125,0.0
17967,63.75,0.168914794921875,0.0
17968,63.75,0.17567138671875,0.0
17969,67.5,0.168914794921875,0.0
17970,67.5,0.17567138671875,0.0
17971,63.75,0.182427978515625,0.0
17972,63.75,0.1891845703125,0.0
17973,67.5,0.182427978515625,0.0
17974,67.5,0.1891845703125,0.0
17975,63.75,0.195941162109375,0.0
17976,63.75,0.2,0.0
17977,63.75,0.20269775390625,0.0
17978,67.5,0.195941162109375,0.0
17979,67.5,0.2,0.0
17980,67.5,0.20269775390625,0.0
17981,63.75,0.209454345703125,0.0
17982,63.75,0.2162109375,0.0
17983,67.5,0.209454345703125,0.0
17984,67.5,0.2162109375,0.0
17985,63.75,0.222967529296875,0.0
17986,63.75,0.22972412109375,0.0
17987,67.5,0.222967529296875,0.0
17988,67.5,0.22972412109375,0.0
17989,63.75,0.236480712890625,0.0
17990,63.75,0.2432373046875,0.0
17991,67.5,0.236480712890625,0.0
17992,67.5,0.2432373046875,0.0
17993,63.75,0.249993896484375,0.0
17994,63.75,0.25675048828125,0.0
17995,67.5,0.249993896484375,0.0
17996,67.5,0.25675048828125,0.0
17997,63.75,0.263507080078125,0.0
17998,63.75,0.270263671875,0.0
17999,67.5,0.263507080078125,0.0
18000,67.5,0.270263671875,0.0
18001,63.75,0.277020263671875,0.0
18002,63.75,0.28377685546875,0.0
18003,67.5,0.277020263671875,0.0
18004,67.5,0.28377685546875,0.0
18005,63.75,0.290533447265625,0.0
18006,63.75,0.2972900390625,0.0
18007,67.5,0.290533447265625,0.0
18008,67.5,0.2972900390625,0.0
18009,63.75,0.304046630859375,0.0
18010,63.75,0.31080322265625,0.0
18011,67.5,0.304046630859375,0.0
18012,67.5,0.31080322265625,0.0
18013,63.75,0.32431640625,0.0
18014,67.5,0.32431640625,0.0
18015,63.75,0.3513427734375,0.0
18016,67.5,0.3513427734375,0.0
18017,63.75,0.378369140625,0.0
18018,67.5,0.378369140625,0.0
18019,63.75,0.432421875,0.0
18020,67.5,0.432421875,0.0
18021,63.75,0.54052734375,0.0
18022,67.5,0.54052734375,0.0
18023,63.75,0.6486328125,0.0
18024,67.5,0.6486328125,0.0
18025,63.75,0.86484375,0.0
18026,67.5,0.86484375,0.0
18027,63.75,1.297265625,0.0
18028,67.5,1.297265625,0.0
18029,63.75,1.7296875,0.0
18030,67.5,1.7296875,0.0
18031,63.75,2.162109375,0.0
18032,63.75,2.59453125,0.0
18033,67.5,2.162109375,0.0
18034,67.5,2.59453125,0.0
18035,63.75,3.026953125,0.0
18036,63.75,3.459375,0.0
18037,67.5,3.026953125,0.0
18038,67.5,3.459375,0.0
18039,63.75,3.891796875,0.0
18040,63.75,4.32421875,0.0
18041,67.5,3.891796875,0.0
18042,67.5,4.32421875,0.0
18043,63.75,4.756640625,0.0
18044,63.75,5.1890625,0.0
18045,67.5,4.756640625,0.0
18046,67.5,5.1890625,0.0
18047,63.75,5.621484375000001,0.0
18048,63.75,6.053906250000001,0.0
18049,67.5,5.621484375000001,0.0
18050,67.5,6.053906250000001,0.0
18051,63.75,6.486328125,0.0
18052,63.75,6.91875,0.0
18053,67.5,6.486328125,0.0
18054,67.5,6.91875,0.0
18055,63.75,7.351171875,0.0
18056,63.75,7.78359375,0.0
18057,67.5,7.351171875,0.0
18058,67.5,7.78359375,0.0
18059,63.75,8.216015625,0.0
18060,63.75,8.6484375,0.0
18061,67.5,8.216015625,0.0
18062,67.5,8.6484375,0.0
18063,63.75,9.080859375,0.0
18064,63.75,9.51328125,0.0
18065,67.5,9.080859375,0.0
18066,67.5,9.51328125,0.0
18067,63.75,9.945703125000001,0.0
18068,63.75,10.378125,0.0
18069,67.5,9.945703125000001,0.0
18070,67.5,10.378125,0.0
18071,63.75,10.810546875,0.0
18072,63.75,11.24296875,0.0
18073,67.5,10.810546875,0.0
18074,67.5,11.24296875,0.0
18075,63.75,11.675390625,0.0
18076,63.75,12.1078125,0.0
18077,67.5,11.675390625,0.0
18078,67.5,12.1078125,0.0
18079,63.75,12.540234375,0.0
18080,63.75,12.97265625,0.0
18081,67.5,12.540234375,0.0
18082,67.5,12.97265625,0.0
18083,63.75,13.405078125,0.0
18084,63.75,13.8375,0.0
18085,67.5,13.405078125,0.0
18086,67.5,13.8375,0.0
18087,71.25,0.01351318359375,0.0
18088,71.25,-0.0,0.0
18089,71.25,0.0270263671875,0.0
18090,75.0,0.01351318359375,0.0
18091,75.0,-0.0,0.0
18092,75.0,0.0270263671875,0.0
18093,71.25,0.04053955078125,0.0
18094,71.25,0.054052734375,0.0
18095,75.0,0.04053955078125,0.0
18096,75.0,0.054052734375,0.0
18097,71.25,0.06756591796875,0.0
18098,71.25,0.0810791015625,0.0
18099,75.0,0.06756591796875,0.0
18100,75.0,0.0810791015625,0.0
18101,71.25,0.09459228515625001,0.0
18102,75.0,0.09459228515625001,0.0
18103,71.25,0.101348876953125,0.0
18104,71.25,0.10810546875,0.0
18105,75.0,0.101348876953125,0.0
18106,75.0,0.10810546875,0.0
18107,71.25,0.114862060546875,0.0
18108,71.25,0.12161865234375,0.0
18109,75.0,0.114862060546875,0.0
18110,75.0,0.12161865234375,0.0
18111,71.25,0.128375244140625,0.0
18112,71.25,0.1351318359375,0.0
18113,75.0,0.128375244140625,0.0
18114,75.0,0.1351318359375,0.0
18115,71.25,0.141888427734375,0.0
18116,71.25,0.14864501953125,0.0
18117,75.0,0.141888427734375,0.0
18118,75.0,0.14864501953125,0.0
18119,71.25,0.155401611328125,0.0
18120,71.25,0.162158203125,0.0
18121,75.0,0.155401611328125,0.0
18122,75.0,0.162158203125,0.0
18123,71.25,0.168914794921875,0.0
18124,71.25,0.17567138671875,0.0
18125,75.0,0.168914794921875,0.0
18126,75.0,0.17567138671875,0.0
18127,71.25,0.182427978515625,0.0
18128,71.25,0.1891845703125,0.0
18129,75.0,0.182427978515625,0.0
18130,75.0,0.1891845703125,0.0
18131,71.25,0.195941162109375,0.0
18132,71.25,0.2,0.0
18133,71.25,0.20269775390625,0.0
18134,75.0,0.195941162109375,0.0
18135,75.0,0.2,0.0
18136,75.0,0.20269775390625,0.0
18137,71.25,0.209454345703125,0.0
18138,71.25,0.2162109375,0.0
18139,75.0,0.209454345703125,0.0
18140,75.0,0.2162109375,0.0
18141,71.25,0.222967529296875,0.0
18142,71.25,0.22972412109375,0.0
18143,75.0,0.222967529296875,0.0
18144,75.0,0.22972412109375,0.0
18145,71.25,0.236480712890625,0.0
18146,71.25,0.2432373046875,0.0
18147,75.0,0.236480712890625,0.0
18148,75.0,0.2432373046875,0.0
18149,71.25,0.249993896484375,0.0
18150,71.25,0.25675048828125,0.0
18151,75.0,0.249993896484375,0.0
18152,75.0,0.25675048828125,0.0
18153,71.25,0.263507080078125,0.0
18154,71.25,0.270263671875,0.0
18155,75.0,0.263507080078125,0.0
18156,75.0,0.270263671875,0.0
18157,71.25,0.277020263671875,0.0
18158,71.25,0.28377685546875,0.0
18159,75.0,0.277020263671875,0.0
18160,75.0,0.28377685546875,0.0
18161,71.25,0.290533447265625,0.0
18162,71.25,0.2972900390625,0.0
18163,75.0,0.290533447265625,0.0
18164,75.0,0.2972900390625,0.0
18165,71.25,0.304046630859375,0.0
18166,71.25,0.31080322265625,0.0
18167,75.0,0.304046630859375,0.0
18168,75.0,0.31080322265625,0.0
18169,71.25,0.32431640625,0.0
18170,75.0,0.32431640625,0.0
18171,71.25,0.3513427734375,0.0
18172,75.0,0.3513427734375,0.0
18173,71.25,0.378369140625,0.0
18174,75.0,0.378369140625,0.0
18175,71.25,0.432421875,0.0
18176,75.0,0.432421875,0.0
18177,71.25,0.54052734375,0.0
18178,75.0,0.54052734375,0.0
18179,71.25,0.6486328125,0.0
18180,75.0,0.6486328125,0.0
18181,71.25,0.86484375,0.0
18182,75.0,0.86484375,0.0
18183,71.25,1.297265625,0.0
18184,75.0,1.297265625,0.0
18185,71.25,1.7296875,0.0
18186,75.0,1.7296875,0.0
18187,71.25,2.162109375,0.0
18188,71.25,2.59453125,0.0
18189,75.0,2.162109375,0.0
18190,75.0,2.59453125,0.0
18191,71.25,3.026953125,0.0
18192,71.25,3.459375,0.0
18193,75.0,3.026953125,0.0
18194,75.0,3.459375,0.0
18195,71.25,3.891796875,0.0
18196,71.25,4.32421875,0.0
18197,75.0,3.891796875,0.0
18198,75.0,4.32421875,0.0
18199,71.25,4.756640625,0.0
18200,71.25,5.1890625,0.0
18201,75.0,4.756640625,0.0
18202,75.0,5.1890625,0.0
18203,71.25,5.621484375000001,0.0
18204,71.25,6.053906250000001,0.0
18205,75.0,5.621484375000001,0.0
18206,75.0,6.053906250000001,0.0
18207,71.25,6.486328125,0.0
18208,71.25,6.91875,0.0
18209,75.0,6.486328125,0.0
18210,75.0,6.91875,0.0
18211,71.25,7.351171875,0.0
18212,71.25,7.78359375,0.0
18213,75.0,7.351171875,0.0
18214,75.0,7.78359375,0.0
18215,71.25,8.216015625,0.0
18216,71.25,8.6484375,0.0
18217,75.0,8.216015625,0.0
18218,75.0,8.6484375,0.0
18219,71.25,9.080859375,0.0
18220,71.25,9.51328125,0.0
18221,75.0,9.080859375,0.0
18222,75.0,9.51328125,0.0
18223,71.25,9.945703125000001,0.0
18224,71.25,10.378125,0.0
18225,75.0,9.945703125000001,0.0
18226,75.0,10.378125,0.0
18227,71.25,10.810546875,0.0
18228,71.25,11.24296875,0.0
18229,75.0,10.810546875,0.0
18230,75.0,11.24296875,0.0
18231,71.25,11.675390625,0.0
18232,71.25,12.1078125,0.0
18233,75.0,11.675390625,0.0
18234,75.0,12.1078125,0.0
18235,71.25,12.540234375,0.0
18236,71.25,12.97265625,0.0
18237,75.0,12.540234375,0.0
18238,75.0,12.97265625,0.0
18239,71.25,13.405078125,0.0
18240,71.25,13.8375,0.0
18241,75.0,13.405078125,0.0
18242,75.0,13.8375,0.0
18243,63.75,14.269921875,0.0
18244,63.75,14.70234375,0.0
18245,67.5,14.269921875,0.0
18246,67.5,14.70234375,0.0
18247,63.75,15.134765625,0.0
18248,63.75,15.5671875,0.0
18249,67.5,15.134765625,0.0
18250,67.5,15.5671875,0.0
18251,63.75,15.999609375,0.0
18252,63.75,16.43203125,0.0
18253,67.5,15.999609375,0.0
18254,67.5,16.43203125,0.0
18255,63.75,16.864453125,0.0
18256,63.75,17.296875,0.0
18257,67.5,16.864453125,0.0
18258,67.5,17.296875,0.0
18259,63.75,17.729296875,0.0
18260,63.75,18.16171875,0.0
18261,67.5,17.729296875,0.0
18262,67.5,18.16171875,0.0
18263,63.75,18.594140625,0.0
18264,63.75,19.0265625,0.0
18265,67.5,18.594140625,0.0
18266,67.5,19.0265625,0.0
18267,63.75,19.458984375,0.0
18268,63.75,19.89140625,0.0
18269,67.5,19.458984375,0.0
18270,67.5,19.89140625,0.0
18271,63.75,20.323828125,0.0
18272,63.75,20.75625,0.0
18273,67.5,20.323828125,0.0
18274,67.5,20.75625,0.0
18275,63.75,21.188671875,0.0
18276,63.75,21.62109375,0.0
18277,67.5,21.188671875,0.0
18278,67.5,21.62109375,0.0
18279,63.75,22.053515625,0.0
18280,63.75,22.4859375,0.0
18281,67.5,22.053515625,0.0
18282,67.5,22.4859375,0.0
18283,63.75,22.918359375,0.0
18284,63.75,23.35078125,0.0
18285,67.5,22.918359375,0.0
18286,67.5,23.35078125,0.0
18287,63.75,23.783203125,0.0
18288,63.75,24.215625,0.0
18289,67.5,23.783203125,0.0
18290,67.5,24.215625,0.0
18291,63.75,24.648046875,0.0
18292,63.75,25.08046875,0.0
18293,67.5,24.648046875,0.0
18294,67.5,25.08046875,0.0
18295,63.75,25.512890625,0.0
18296,63.75,25.9453125,0.0
18297,67.5,25.512890625,0.0
18298,67.5,25.9453125,0.0
18299,63.75,26.377734375,0.0
18300,63.75,26.81015625,0.0
18301,67.5,26.377734375,0.0
18302,67.5,26.81015625,0.0
18303,63.75,27.242578125,0.0
18304,63.75,27.675,0.0
18305,67.5,27.242578125,0.0
18306,67.5,27.675,0.0
18307,71.25,14.269921875,0.0
18308,71.25,14.70234375,0.0
18309,75.0,14.269921875,0.0
18310,75.0,14.70234375,0.0
18311,71.25,15.134765625,0.0
18312,71.25,15.5671875,0.0
18313,75.0,15.134765625,0.0
18314,75.0,15.5671875,0.0
18315,71.25,15.999609375,0.0
18316,71.25,16.43203125,0.0
18317,75.0,15.999609375,0.0
18318,75.0,16.43203125,0.0
18319,71.25,16.864453125,0.0
18320,71.25,17.296875,0.0
18321,75.0,16.864453125,0.0
18322,75.0,17.296875,0.0
18323,71.25,17.729296875,0.0
18324,71.25,18.16171875,0.0
18325,75.0,17.729296875,0.0
18326,75.0,18.16171875,0.0
18327,71.25,18.594140625,0.0
18328,71.25,19.0265625,0.0
18329,75.0,18.594140625,0.0
18330,75.0,19.0265625,0.0
18331,71.25,19.458984375,0.0
18332,71.25,19.89140625,0.0
18333,75.0,19.458984375,0.0
18334,75.0,19.89140625,0.0
18335,71.25,20.323828125,0.0
18336,71.25,20.75625,0.0
18337,75.0,20.323828125,0.0
18338,75.0,20.75625,0.0
18339,71.25,21.188671875,0.0
18340,71.25,21.62109375,0.0
18341,75.0,21.188671875,0.0
18342,75.0,21.62109375,0.0
18343,71.25,22.053515625,0.0
18344,71.25,22.4859375,0.0
18345,75.0,22.053515625,0.0
18346,75.0,22.4859375,0.0
18347,71.25,22.918359375,0.0
18348,71.25,23.35078125,0.0
18349,75.0,22.918359375,0.0
18350,75.0,23.35078125,0.0
18351,71.25,23.783203125,0.0
18352,71.25,24.215625,0.0
18353,75.0,23.783203125,0.0
18354,75.0,24.215625,0.0
18355,71.25,24.648046875,0.0
18356,71.25,25.08046875,0.0
18357,75.0,24.648046875,0.0
18358,75.0,25.08046875,0.0
18359,71.25,25.512890625,0.0
18360,71.25,25.9453125,0.0
18361,75.0,25.512890625,0.0
18362,75.0,25.9453125,0.0
18363,71.25,26.377734375,0.0
18364,71.25,26.81015625,0.0
18365,75.0,26.377734375,0.0
18366,75.0,26.81015625,0.0
18367,71.25,27.242578125,0.0
18368,71.25,27.675,0.0
18369,75.0,27.242578125,0.0
18370,75.0,27.675,0.0
18371,78.75,0.01351318359375,0.0
18372,78.75,-0.0,0.0
18373,78.75,0.0270263671875,0.0
18374,82.5,0.01351318359375,0.0
18375,82.5,-0.0,0.0
18376,82.5,0.0270263671875,0.0
18377,78.75,0.04053955078125,0.0
18378,78.75,0.054052734375,0.0
18379,82.5,0.04053955078125,0.0
18380,82.5,0.054052734375,0.0
18381,78.75,0.06756591796875,0.0
18382,78.75,0.0810791015625,0.0
18383,82.5,0.06756591796875,0.0
18384,82.5,0.0810791015625,0.0
18385,78.75,0.09459228515625001,0.0
18386,82.5,0.09459228515625001,0.0
18387,78.75,0.101348876953125,0.0
18388,78.75,0.10810546875,0.0
18389,82.5,0.101348876953125,0.0
18390,82.5,0.10810546875,0.0
18391,78.75,0.114862060546875,0.0
18392,78.75,0.12161865234375,0.0
18393,82.5,0.114862060546875,0.0
18394,82.5,0.12161865234375,0.0
18395,78.75,0.128375244140625,0.0
18396,78.75,0.1351318359375,0.0
18397,82.5,0.128375244140625,0.0
18398,82.5,0.1351318359375,0.0
18399,78.75,0.141888427734375,0.0
18400,78.75,0.14864501953125,0.0
18401,82.5,0.141888427734375,0.0
18402,82.5,0.14864501953125,0.0
18403,78.75,0.155401611328125,0.0
18404,78.75,0.162158203125,0.0
18405,82.5,0.155401611328125,0.0
18406,82.5,0.162158203125,0.0
18407,78.75,0.168914794921875,0.0
18408,78.75,0.17567138671875,0.0
18409,82.5,0.168914794921875,0.0
18410,82.5,0.17567138671875,0.0
18411,78.75,0.182427978515625,0.0
18412,78.75,0.1891845703125,0.0
18413,82.5,0.182427978515625,0.0
18414,82.5,0.1891845703125,0.0
18415,78.75,0.195941162109375,0.0
18416,78.75,0.2,0.0
18417,78.75,0.20269775390625,0.0
18418,82.5,0.195941162109375,0.0
18419,82.5,0.2,0.0
18420,82.5,0.20269775390625,0.0
18421,78.75,0.209454345703125,0.0
18422,78.75,0.2162109375,0.0
18423,82.5,0.209454345703125,0.0
18424,82.5,0.2162109375,0.0
18425,78.75,0.222967529296875,0.0
18426,78.75,0.22972412109375,0.0
18427,82.5,0.222967529296875,0.0
18428,82.5,0.22972412109375,0.0
18429,78.75,0.236480712890625,0.0
18430,78.75,0.2432373046875,0.0
18431,82.5,0.236480712890625,0.0
18432,82.5,0.2432373046875,0.0
18433,78.75,0.249993896484375,0.0
18434,78.75,0.25675048828125,0.0
18435,82.5,0.249993896484375,0.0
18436,82.5,0.25675048828125,0.0
18437,78.75,0.263507080078125,0.0
18438,78.75,0.270263671875,0.0
18439,82.5,0.263507080078125,0.0
18440,82.5,0.270263671875,0.0
18441,78.75,0.277020263671875,0.0
18442,78.75,0.28377685546875,0.0
18443,82.5,0.277020263671875,0.0
18444,82.5,0.28377685546875,0.0
18445,78.75,0.290533447265625,0.0
18446,78.75,0.2972900390625,0.0
18447,82.5,0.290533447265625,0.0
18448,82.5,0.2972900390625,0.0
18449,78.75,0.304046630859375,0.0
18450,78.75,0.31080322265625,0.0
18451,82.5,0.304046630859375,0.0
18452,82.5,0.31080322265625,0.0
18453,78.75,0.32431640625,0.0
18454,82.5,0.32431640625,0.0
18455,78.75,0.3513427734375,0.0
18456,82.5,0.3513427734375,0.0
18457,78.75,0.378369140625,0.0
18458,82.5,0.378369140625,0.0
18459,78.75,0.432421875,0.0
18460,82.5,0.432421875,0.0
18461,78.75,0.54052734375,0.0
18462,82.5,0.54052734375,0.0
18463,78.75,0.6486328125,0.0
18464,82.5,0.6486328125,0.0
18465,78.75,0.86484375,0.0
18466,82.5,0.86484375,0.0
18467,78.75,1.297265625,0.0
18468,82.5,1.297265625,0.0
18469,78.75,1.7296875,0.0
18470,82.5,1.7296875,0.0
18471,78.75,2.162109375,0.0
18472,78.75,2.59453125,0.0
18473,82.5,2.162109375,0.0
18474,82.5,2.59453125,0.0
18475,78.75,3.026953125,0.0
18476,78.75,3.459375,0.0
18477,82.5,3.026953125,0.0
18478,82.5,3.459375,0.0
18479,78.75,3.891796875,0.0
18480,78.75,4.32421875,0.0
18481,82.5,3.891796875,0.0
18482,82.5,4.32421875,0.0
18483,78.75,4.756640625,0.0
18484,78.75,5.1890625,0.0
18485,82.5,4.756640625,0.0
18486,82.5,5.1890625,0.0
18487,78.75,5.621484375000001,0.0
18488,78.75,6.053906250000001,0.0
18489,82.5,5.621484375000001,0.0
18490,82.5,6.053906250000001,0.0
18491,78.75,6.486328125,0.0
18492,78.75,6.91875,0.0
18493,82.5,6.486328125,0.0
18494,82.5,6.91875,0.0
18495,78.75,7.351171875,0.0
18496,78.75,7.78359375,0.0
18497,82.5,7.351171875,0.0
18498,82.5,7.78359375,0.0
18499,78.75,8.216015625,0.0
18500,78.75,8.6484375,0.0
18501,82.5,8.216015625,0.0
18502,82.5,8.6484375,0.0
18503,78.75,9.080859375,0.0
18504,78.75,9.51328125,0.0
18505,82.5,9.080859375,0.0
18506,82.5,9.51328125,0.0
18507,78.75,9.945703125000001,0.0
18508,78.75,10.378125,0.0
18509,82.5,9.945703125000001,0.0
18510,82.5,10.378125,0.0
18511,78.75,10.810546875,0.0
18512,78.75,11.24296875,0.0
18513,82.5,10.810546875,0.0
18514,82.5,11.24296875,0.0
18515,78.75,11.675390625,0.0
18516,78.75,12.1078125,0.0
18517,82.5,11.675390625,0.0
18518,82.5,12.1078125,0.0
18519,78.75,12.540234375,0.0
18520,78.75,12.97265625,0.0
18521,82.5,12.540234375,0.0
18522,82.5,12.97265625,0.0
18523,78.75,13.405078125,0.0
18524,78.75,13.8375,0.0
18525,82.5,13.405078125,0.0
18526,82.5,13.8375,0.0
18527,86.25,0.01351318359375,0.0
18528,86.25,-0.0,0.0
18529,86.25,0.0270263671875,0.0
18530,90.0,0.01351318359375,0.0
18531,90.0,-0.0,0.0
18532,90.0,0.0270263671875,0.0
18533,86.25,0.04053955078125,0.0
18534,86.25,0.054052734375,0.0
18535,90.0,0.04053955078125,0.0
18536,90.0,0.054052734375,0.0
18537,86.25,0.06756591796875,0.0
18538,86.25,0.0810791015625,0.0
18539,90.0,0.06756591796875,0.0
18540,90.0,0.0810791015625,0.0
18541,86.25,0.09459228515625001,0.0
18542,90.0,0.09459228515625001,0.0
18543,86.25,0.101348876953125,0.0
18544,86.25,0.10810546875,0.0
18545,90.0,0.101348876953125,0.0
18546,90.0,0.10810546875,0.0
18547,86.25,0.114862060546875,0.0
18548,86.25,0.12161865234375,0.0
18549,90.0,0.114862060546875,0.0
18550,90.0,0.12161865234375,0.0
18551,86.25,0.128375244140625,0.0
18552,86.25,0.1351318359375,0.0
18553,90.0,0.128375244140625,0.0
18554,90.0,0.1351318359375,0.0
18555,86.25,0.141888427734375,0.0
18556,86.25,0.14864501953125,0.0
18557,90.0,0.141888427734375,0.0
18558,90.0,0.14864501953125,0.0
18559,86.25,0.155401611328125,0.0
18560,86.25,0.162158203125,0.0
18561,90.0,0.155401611328125,0.0
18562,90.0,0.162158203125,0.0
18563,86.25,0.168914794921875,0.0
18564,86.25,0.17567138671875,0.0
18565,90.0,0.168914794921875,0.0
18566,90.0,0.17567138671875,0.0
18567,86.25,0.182427978515625,0.0
18568,86.25,0.1891845703125,0.0
18569,90.0,0.182427978515625,0.0
18570,90.0,0.1891845703125,0.0
18571,86.25,0.195941162109375,0.0
18572,86.25,0.2,0.0
18573,86.25,0.20269775390625,0.0
18574,90.0,0.195941162109375,0.0
18575,90.0,0.2,0.0
18576,90.0,0.20269775390625,0.0
18577,86.25,0.209454345703125,0.0
18578,86.25,0.2162109375,0.0
18579,90.0,0.209454345703125,0.0
18580,90.0,0.2162109375,0.0
18581,86.25,0.222967529296875,0.0
18582,86.25,0.22972412109375,0.0
18583,90.0,0.222967529296875,0.0
18584,90.0,0.22972412109375,0.0
18585,86.25,0.236480712890625,0.0
18586,86.25,0.2432373046875,0.0
18587,90.0,0.236480712890625,0.0
18588,90.0,0.2432373046875,0.0
18589,86.25,0.249993896484375,0.0
18590,86.25,0.25675048828125,0.0
18591,90.0,0.249993896484375,0.0
18592,90.0,0.25675048828125,0.0
18593,86.25,0.263507080078125,0.0
18594,86.25,0.270263671875,0.0
18595,90.0,0.263507080078125,0.0
18596,90.0,0.270263671875,0.0
18597,86.25,0.277020263671875,0.0
18598,86.25,0.28377685546875,0.0
18599,90.0,0.277020263671875,0.0
18600,90.0,0.28377685546875,0.0
18601,86.25,0.290533447265625,0.0
18602,86.25,0.2972900390625,0.0
18603,90.0,0.290533447265625,0.0
18604,90.0,0.2972900390625,0.0
18605,86.25,0.304046630859375,0.0
18606,86.25,0.31080322265625,0.0
18607,90.0,0.304046630859375,0.0
18608,90.0,0.31080322265625,0.0
18609,86.25,0.32431640625,0.0
18610,90.0,0.32431640625,0.0
18611,86.25,0.3513427734375,0.0
18612,90.0,0.3513427734375,0.0
18613,86.25,0.378369140625,0.0
18614,90.0,0.378369140625,0.0
18615,86.25,0.432421875,0.0
18616,90.0,0.432421875,0.0
18617,86.25,0.54052734375,0.0
18618,90.0,0.54052734375,0.0
18619,86.25,0.6486328125,0.0
18620,90.0,0.6486328125,0.0
18621,86.25,0.86484375,0.0
18622,90.0,0.86484375,0.0
18623,86.25,1.297265625,0.0
18624,90.0,1.297265625,0.0
18625,86.25,1.7296875,0.0
18626,90.0,1.7296875,0.0
18627,86.25,2.162109375,0.0
18628,86.25,2.59453125,0.0
18629,90.0,2.162109375,0.0
18630,90.0,2.59453125,0.0
18631,86.25,3.026953125,0.0
18632,86.25,3.459375,0.0
18633,90.0,3.026953125,0.0
18634,90.0,3.459375,0.0
18635,86.25,3.891796875,0.0
18636,86.25,4.32421875,0.0
18637,90.0,3.891796875,0.0
18638,90.0,4.32421875,0.0
18639,86.25,4.756640625,0.0
18640,86.25,5.1890625,0.0
18641,90.0,4.756640625,0.0
18642,90.0,5.1890625,0.0
18643,86.25,5.621484375000001,0.0
18644,86.25,6.053906250000001,0.0
18645,90.0,5.621484375000001,0.0
18646,90.0,6.053906250000001,0.0
18647,86.25,6.486328125,0.0
18648,86.25,6.91875,0.0
18649,90.0,6.486328125,0.0
18650,90.0,6.91875,0.0
18651,86.25,7.351171875,0.0
18652,86.25,7.78359375,0.0
18653,90.0,7.351171875,0.0
18654,90.0,7.78359375,0.0
18655,86.25,8.216015625,0.0
18656,86.25,8.6484375,0.0
18657,90.0,8.216015625,0.0
18658,90.0,8.6484375,0.0
18659,86.25,9.080859375,0.0
18660,86.25,9.51328125,0.0
18661,90.0,9.080859375,0.0
18662,90.0,9.51328125,0.0
18663,86.25,9.945703125000001,0.0
18664,86.25,10.378125,0.0
18665,90.0,9.945703125000001,0.0
18666,90.0,10.378125,0.0
18667,86.25,10.810546875,0.0
18668,86.25,11.24296875,0.0
18669,90.0,10.810546875,0.0
18670,90.0,11.24296875,0.0
18671,86.25,11.675390625,0.0
18672,86.25,12.1078125,0.0
18673,90.0,11.675390625,0.0
18674,90.0,12.1078125,0.0
18675,86.25,12.540234375,0.0
18676,86.25,12.97265625,0.0
18677,90.0,12.540234375,0.0
18678,90.0,12.97265625,0.0
18679,86.25,13.405078125,0.0
18680,86.25,13.8375,0.0
18681,90.0,13.405078125,0.0
18682,90.0,13.8375,0.0
18683,78.75,14.269921875,0.0
18684,78.75,14.70234375,0.0
18685,82.5,14.269921875,0.0
18686,82.5,14.70234375,0.0
18687,78.75,15.134765625,0.0
18688,78.75,15.5671875,0.0
18689,82.5,15.134765625,0.0
18690,82.5,15.5671875,0.0
18691,78.75,15.999609375,0.0
18692,78.75,16.43203125,0.0
18693,82.5,15.999609375,0.0
18694,82.5,16.43203125,0.0
18695,78.75,16.864453125,0.0
18696,78.75,17.296875,0.0
18697,82.5,16.864453125,0.0
18698,82.5,17.296875,0.0
18699,78.75,17.729296875,0.0
18700,78.75,18.16171875,0.0
18701,82.5,17.729296875,0.0
18702,82.5,18.16171875,0.0
18703,78.75,18.594140625,0.0
18704,78.75,19.0265625,0.0
18705,82.5,18.594140625,0.0
18706,82.5,19.0265625,0.0
18707,78.75,19.458984375,0.0
18708,78.75,19.89140625,0.0
18709,82.5,19.458984375,0.0
18710,82.5,19.89140625,0.0
18711,78.75,20.323828125,0.0
18712,78.75,20.75625,0.0
18713,82.5,20.323828125,0.0
18714,82.5,20.75625,0.0
18715,78.75,21.188671875,0.0
18716,78.75,21.62109375,0.0
18717,82.5,21.188671875,0.0
18718,82.5,21.62109375,0.0
18719,78.75,22.053515625,0.0
18720,78.75,22.4859375,0.0
18721,82.5,22.053515625,0.0
18722,82.5,22.4859375,0.0
18723,78.75,22.918359375,0.0
18724,78.75,23.35078125,0.0
18725,82.5,22.918359375,0.0
18726,82.5,23.35078125,0.0
18727,78.75,23.783203125,0.0
18728,78.75,24.215625,0.0
18729,82.5,23.783203125,0.0
18730,82.5,24.215625,0.0
18731,78.75,24.648046875,0.0
18732,78.75,25.08046875,0.0
18733,82.5,24.648046875,0.0
18734,82.5,25.08046875,0.0
18735,78.75,25.512890625,0.0
18736,78.75,25.9453125,0.0
18737,82.5,25.512890625,0.0
18738,82.5,25.9453125,0.0
18739,78.75,26.377734375,0.0
18740,78.75,26.81015625,0.0
18741,82.5,26.377734375,0.0
18742,82.5,26.81015625,0.0
18743,78.75,27.242578125,0.0
18744,78.75,27.675,0.0
18745,82.5,27.242578125,0.0
18746,82.5,27.675,0.0
18747,86.25,14.269921875,0.0
18748,86.25,14.70234375,0.0
18749,90.0,14.269921875,0.0
18750,90.0,14.70234375,0.0
18751,86.25,15.134765625,0.0
18752,86.25,15.5671875,0.0
18753,90.0,15.134765625,0.0
18754,90.0,15.5671875,0.0
18755,86.25,15.999609375,0.0
18756,86.25,16.43203125,0.0
18757,90.0,15.999609375,0.0
18758,90.0,16.43203125,0.0
18759,86.25,16.864453125,0.0
18760,86.25,17.296875,0.0
18761,90.0,16.864453125,0.0
18762,90.0,17.296875,0.0
18763,86.25,17.729296875,0.0
18764,86.25,18.16171875,0.0
18765,90.0,17.729296875,0.0
18766,90.0,18.16171875,0.0
18767,86.25,18.594140625,0.0
18768,86.25,19.0265625,0.0
18769,90.0,18.594140625,0.0
18770,90.0,19.0265625,0.0
18771,86.25,19.458984375,0.0
18772,86.25,19.89140625,0.0
18773,90.0,19.458984375,0.0
18774,90.0,19.89140625,0.0
18775,86.25,20.323828125,0.0
18776,86.25,20.75625,0.0
18777,90.0,20.323828125,0.0
18778,90.0,20.75625,0.0
18779,86.25,21.188671875,0.0
18780,86.25,21.62109375,0.0
18781,90.0,21.188671875,0.0
18782,90.0,21.62109375,0.0
18783,86.25,22.053515625,0.0
18784,86.25,22.4859375,0.0
18785,90.0,22.053515625,0.0
18786,90.0,22.4859375,0.0
18787,86.25,22.918359375,0.0
18788,86.25,23.35078125,0.0
18789,90.0,22.918359375,0.0
18790,90.0,23.35078125,0.0
18791,86.25,23.783203125,0.0
18792,86.25,24.215625,0.0
18793,90.0,23.783203125,0.0
18794,90.0,24.215625,0.0
18795,86.25,24.648046875,0.0
18796,86.25,25.08046875,0.0
18797,90.0,24.648046875,0.0
18798,90.0,25.08046875,0.0
18799,86.25,25.512890625,0.0
18800,86.25,25.9453125,0.0
18801,90.0,25.512890625,0.0
18802,90.0,25.9453125,0.0
18803,86.25,26.377734375,0.0
18804,86.25,26.81015625,0.0
18805,90.0,26.377734375,0.0
18806,90.0,26.81015625,0.0
18807,86.25,27.242578125,0.0
18808,86.25,27.675,0.0
18809,90.0,27.242578125,0.0
18810,90.0,27.675,0.0
18811,63.75,28.107421875,0.0
18812,63.75,28.53984375,0.0
18813,67.5,28.107421875,0.0
18814,67.5,28.53984375,0.0
18815,63.75,28.972265625,0.0
18816,63.75,29.4046875,0.0
18817,67.5,28.972265625,0.0
18818,67.5,29.4046875,0.0
18819,63.75,29.837109375,0.0
18820,63.75,30.26953125,0.0
18821,67.5,29.837109375,0.0
18822,67.5,30.26953125,0.0
18823,63.75,30.701953125,0.0
18824,63.75,31.134375,0.0
18825,67.5,30.701953125,0.0
18826,67.5,31.134375,0.0
18827,63.75,31.566796875,0.0
18828,63.75,31.99921875,0.0
18829,67.5,31.566796875,0.0
18830,67.5,31.99921875,0.0
18831,63.75,32.431640625,0.0
18832,63.75,32.8640625,0.0
18833,67.5,32.431640625,0.0
18834,67.5,32.8640625,0.0
18835,63.75,33.29648437500001,0.0
18836,63.75,33.72890625,0.0
18837,67.5,33.29648437500001,0.0
18838,67.5,33.72890625,0.0
18839,63.75,34.161328125,0.0
18840,63.75,34.59375,0.0
18841,67.5,34.161328125,0.0
18842,67.5,34.59375,0.0
18843,63.75,35.026171875,0.0
18844,63.75,35.45859375,0.0
18845,67.5,35.026171875,0.0
18846,67.5,35.45859375,0.0
18847,63.75,35.89101562499999,0.0
18848,63.75,36.3234375,0.0
18849,67.5,35.89101562499999,0.0
18850,67.5,36.3234375,0.0
18851,63.75,36.755859375,0.0
18852,63.75,37.18828125,0.0
18853,67.5,36.755859375,0.0
18854,67.5,37.18828125,0.0
18855,63.75,37.62070312500001,0.0
18856,63.75,38.053125,0.0
18857,67.5,37.62070312500001,0.0
18858,67.5,38.053125,0.0
18859,63.75,38.485546875,0.0
18860,63.75,38.91796875,0.0
18861,67.5,38.485546875,0.0
18862,67.5,38.91796875,0.0
18863,63.75,39.350390625,0.0
18864,63.75,39.78281250000001,0.0
18865,67.5,39.350390625,0.0
18866,67.5,39.78281250000001,0.0
18867,63.75,40.21523437500001,0.0
18868,63.75,40.64765625,0.0
18869,67.5,40.21523437500001,0.0
18870,67.5,40.64765625,0.0
18871,63.75,41.080078125,0.0
18872,63.75,41.5125,0.0
18873,67.5,41.080078125,0.0
18874,67.5,41.5125,0.0
18875,71.25,28.107421875,0.0
18876,71.25,28.53984375,0.0
18877,75.0,28.107421875,0.0
18878,75.0,28.53984375,0.0
18879,71.25,28.972265625,0.0
18880,71.25,29.4046875,0.0
18881,75.0,28.972265625,0.0
18882,75.0,29.4046875,0.0
18883,71.25,29.837109375,0.0
18884,71.25,30.26953125,0.0
18885,75.0,29.837109375,0.0
18886,75.0,30.26953125,0.0
18887,71.25,30.701953125,0.0
18888,71.25,31.134375,0.0
18889,75.0,30.701953125,0.0
18890,75.0,31.134375,0.0
18891,71.25,31.566796875,0.0
18892,71.25,31.99921875,0.0
18893,75.0,31.566796875,0.0
18894,75.0,31.99921875,0.0
18895,71.25,32.431640625,0.0
18896,71.25,32.8640625,0.0
18897,75.0,32.431640625,0.0
18898,75.0,32.8640625,0.0
18899,71.25,33.29648437500001,0.0
18900,71.25,33.72890625,0.0
18901,75.0,33.29648437500001,0.0
18902,75.0,33.72890625,0.0
18903,71.25,34.161328125,0.0
18904,71.25,34.59375,0.0
18905,75.0,34.161328125,0.0
18906,75.0,34.59375,0.0
18907,71.25,35.026171875,0.0
18908,71.25,35.45859375,0.0
18909,75.0,35.026171875,0.0
18910,75.0,35.45859375,0.0
18911,71.25,35.89101562499999,0.0
18912,71.25,36.3234375,0.0
18913,75.0,35.89101562499999,0.0
18914,75.0,36.3234375,0.0
18915,71.25,36.755859375,0.0
18916,71.25,37.18828125,0.0
18917,75.0,36.755859375,0.0
18918,75.0,37.18828125,0.0
18919,71.25,37.62070312500001,0.0
18920,71.25,38.053125,0.0
18921,75.0,37.62070312500001,0.0
18922,75.0,38.053125,0.0
18923,71.25,38.485546875,0.0
18924,71.25,38.91796875,0.0
18925,75.0,38.485546875,0.0
18926,75.0,38.91796875,0.0
18927,71.25,39.350390625,0.0
18928,71.25,39.78281250000001,0.0
18929,75.0,39.350390625,0.0
18930,75.0,39.78281250000001,0.0
18931,71.25,40.21523437500001,0.0
18932,71.25,40.64765625,0.0
18933,75.0,40.21523437500001,0.0
18934,75.0,40.64765625,0.0
18935,71.25,41.080078125,0.0
18936,71.25,41.5125,0.0
18937,75.0,41.080078125,0.0
18938,75.0,41.5125,0.0
18939,63.75,41.94492187500001,0.0
18940,63.75,42.37734375,0.0
18941,67.5,41.94492187500001,0.0
18942,67.5,42.37734375,0.0
18943,63.75,42.809765625,0.0
18944,63.75,43.2421875,0.0
18945,67.5,42.809765625,0.0
18946,67.5,43.2421875,0.0
18947,63.75,43.674609375,0.0
18948,63.75,44.10703125000001,0.0
18949,67.5,43.674609375,0.0
18950,67.5,44.10703125000001,0.0
18951,63.75,44.53945312500001,0.0
18952,63.75,44.971875,0.0
18953,67.5,44.53945312500001,0.0
18954,67.5,44.971875,0.0
18955,63.75,45.404296875,0.0
18956,63.75,45.83671875,0.0
18957,67.5,45.404296875,0.0
18958,67.5,45.83671875,0.0
18959,63.75,46.26914062500001,0.0
18960,63.75,46.70156250000001,0.0
18961,67.5,46.26914062500001,0.0
18962,67.5,46.70156250000001,0.0
18963,63.75,47.13398437500001,0.0
18964,63.75,47.56640625000001,0.0
18965,67.5,47.13398437500001,0.0
18966,67.5,47.56640625000001,0.0
18967,63.75,47.998828125,0.0
18968,63.75,48.43125000000001,0.0
18969,67.5,47.998828125,0.0
18970,67.5,48.43125000000001,0.0
18971,63.75,48.86367187500001,0.0
18972,63.75,49.29609375,0.0
18973,67.5,48.86367187500001,0.0
18974,67.5,49.29609375,0.0
18975,63.75,49.728515625,0.0
18976,63.75,50.1609375,0.0
18977,67.5,49.728515625,0.0
18978,67.5,50.1609375,0.0
18979,63.75,50.59335937500001,0.0
18980,63.75,51.02578125,0.0
18981,67.5,50.59335937500001,0.0
18982,67.5,51.02578125,0.0
18983,63.75,51.458203125,0.0
18984,63.75,51.890625,0.0
18985,67.5,51.458203125,0.0
18986,67.5,51.890625,0.0
18987,63.75,52.323046875,0.0
18988,63.75,52.75546875,0.0
18989,67.5,52.323046875,0.0
18990,67.5,52.75546875,0.0
18991,63.75,53.18789062499999,0.0
18992,63.75,53.6203125,0.0
18993,67.5,53.18789062499999,0.0
18994,67.5,53.6203125,0.0
18995,63.75,54.052734375,0.0
18996,63.75,54.48515625,0.0
18997,67.5,54.052734375,0.0
18998,67.5,54.48515625,0.0
18999,63.75,54.91757812500001,0.0
19000,63.75,55.35,0.0
19001,67.5,54.91757812500001,0.0
19002,67.5,55.35,0.0
19003,71.25,41.94492187500001,0.0
19004,71.25,42.37734375,0.0
19005,75.0,41.94492187500001,0.0
19006,75.0,42.37734375,0.0
19007,71.25,42.809765625,0.0
19008,71.25,43.2421875,0.0
19009,75.0,42.809765625,0.0
19010,75.0,43.2421875,0.0
19011,71.25,43.674609375,0.0
19012,71.25,44.10703125000001,0.0
19013,75.0,43.674609375,0.0
19014,75.0,44.10703125000001,0.0
19015,71.25,44.53945312500001,0.0
19016,71.25,44.971875,0.0
19017,75.0,44.53945312500001,0.0
19018,75.0,44.971875,0.0
19019,71.25,45.404296875,0.0
19020,71.25,45.83671875,0.0
19021,75.0,45.404296875,0.0
19022,75.0,45.83671875,0.0
19023,71.25,46.26914062500001,0.0
19024,71.25,46.70156250000001,0.0
19025,75.0,46.26914062500001,0.0
19026,75.0,46.70156250000001,0.0
19027,71.25,47.13398437500001,0.0
19028,71.25,47.56640625000001,0.0
19029,75.0,47.13398437500001,0.0
19030,75.0,47.56640625000001,0.0
19031,71.25,47.998828125,0.0
19032,71.25,48.43125000000001,0.0
19033,75.0,47.998828125,0.0
19034,75.0,48.43125000000001,0.0
19035,71.25,48.86367187500001,0.0
19036,71.25,49.29609375,0.0
19037,75.0,48.86367187500001,0.0
19038,75.0,49.29609375,0.0
19039,71.25,49.728515625,0.0
19040,71.25,50.1609375,0.0
19041,75.0,49.728515625,0.0
19042,75.0,50.1609375,0.0
19043,71.25,50.59335937500001,0.0
19044,71.25,51.02578125,0.0
19045,75.0,50.59335937500001,0.0
19046,75.0,51.02578125,0.0
19047,71.25,51.458203125,0.0
19048,71.25,51.890625,0.0
19049,75.0,51.458203125,0.0
19050,75.0,51.890625,0.0
19051,71.25,52.323046875,0.0
19052,71.25,52.75546875,0.0
19053,75.0,52.323046875,0.0
19054,75.0,52.75546875,0.0
19055,71.25,53.18789062499999,0.0
19056,71.25,53.6203125,0.0
19057,75.0,53.18789062499999,0.0
19058,75.0,53.6203125,0.0
19059,71.25,54.052734375,0.0
19060,71.25,54.48515625,0.0
19061,75.0,54.052734375,0.0
19062,75.0,54.48515625,0.0
19063,71.25,54.91757812500001,0.0
19064,71.25,55.35,0.0
19065,75.0,54.91757812500001,0.0
19066,75.0,55.35,0.0
19067,78.75,28.107421875,0.0
19068,78.75,28.53984375,0.0
19069,82.5,28.107421875,0.0
19070,82.5,28.53984375,0.0
19071,78.75,28.972265625,0.0
19072,78.75,29.4046875,0.0
19073,82.5,28.972265625,0.0
19074,82.5,29.4046875,0.0
19075,78.75,29.837109375,0.0
19076,78.75,30.26953125,0.0
19077,82.5,29.837109375,0.0
19078,82.5,30.26953125,0.0
19079,78.75,30.701953125,0.0
19080,78.75,31.134375,0.0
19081,82.5,30.701953125,0.0
19082,82.5,31.134375,0.0
19083,78.75,31.566796875,0.0
19084,78.75,31.99921875,0.0
19085,82.5,31.566796875,0.0
19086,82.5,31.99921875,0.0
19087,78.75,32.431640625,0.0
19088,78.75,32.8640625,0.0
19089,82.5,32.431640625,0.0
19090,82.5,32.8640625,0.0
19091,78.75,33.29648437500001,0.0
19092,78.75,33.72890625,0.0
19093,82.5,33.29648437500001,0.0
19094,82.5,33.72890625,0.0
19095,78.75,34.161328125,0.0
19096,78.75,34.59375,0.0
19097,82.5,34.161328125,0.0
19098,82.5,34.59375,0.0
19099,78.75,35.026171875,0.0
19100,78.75,35.45859375,0.0
19101,82.5,35.026171875,0.0
19102,82.5,35.45859375,0.0
19103,78.75,35.89101562499999,0.0
19104,78.75,36.3234375,0.0
19105,82.5,35.89101562499999,0.0
19106,82.5,36.3234375,0.0
19107,78.75,36.755859375,0.0
19108,78.75,37.18828125,0.0
19109,82.5,36.755859375,0.0
19110,82.5,37.18828125,0.0
19111,78.75,37.62070312500001,0.0
19112,78.75,38.053125,0.0
19113,82.5,37.62070312500001,0.0
19114,82.5,38.053125,0.0
19115,78.75,38.485546875,0.0
19116,78.75,38.91796875,0.0
19117,82.5,38.485546875,0.0
19118,82.5,38.91796875,0.0
19119,78.75,39.350390625,0.0
19120,78.75,39.78281250000001,0.0
19121,82.5,39.350390625,0.0
19122,82.5,39.78281250000001,0.0
19123,78.75,40.21523437500001,0.0
19124,78.75,40.64765625,0.0
19125,82.5,40.21523437500001,0.0
19126,82.5,40.64765625,0.0
19127,78.75,41.080078125,0.0
19128,78.75,41.5125,0.0
19129,82.5,41.080078125,0.0
19130,82.5,41.5125,0.0
19131,86.25,28.107421875,0.0
19132,86.25,28.53984375,0.0
19133,90.0,28.107421875,0.0
19134,90.0,28.53984375,0.0
19135,86.25,28.972265625,0.0
19136,86.25,29.4046875,0.0
19137,90.0,28.972265625,0.0
19138,90.0,29.4046875,0.0
19139,86.25,29.837109375,0.0
19140,86.25,30.26953125,0.0
19141,90.0,29.837109375,0.0
19142,90.0,30.26953125,0.0
19143,86.25,30.701953125,0.0
19144,86.25,31.134375,0.0
19145,90.0,30.701953125,0.0
19146,90.0,31.134375,0.0
19147,86.25,31.566796875,0.0
19148,86.25,31.99921875,0.0
19149,90.0,31.566796875,0.0
19150,90.0,31.99921875,0.0
19151,86.25,32.431640625,0.0
19152,86.25,32.8640625,0.0
19153,90.0,32.431640625,0.0
19154,90.0,32.8640625,0.0
19155,86.25,33.29648437500001,0.0
19156,86.25,33.72890625,0.0
19157,90.0,33.29648437500001,0.0
19158,90.0,33.72890625,0.0
19159,86.25,34.161328125,0.0
19160,86.25,34.59375,0.0
19161,90.0,34.161328125,0.0
19162,90.0,34.59375,0.0
19163,86.25,35.026171875,0.0
19164,86.25,35.45859375,0.0
19165,90.0,35.026171875,0.0
19166,90.0,35.45859375,0.0
19167,86.25,35.89101562499999,0.0
19168,86.25,36.3234375,0.0
19169,90.0,35.89101562499999,0.0
19170,90.0,36.3234375,0.0
19171,86.25,36.755859375,0.0
19172,86.25,37.18828125,0.0
19173,90.0,36.755859375,0.0
19174,90.0,37.18828125,0.0
19175,86.25,37.62070312500001,0.0
19176,86.25,38.053125,0.0
19177,90.0,37.62070312500001,0.0
19178,90.0,38.053125,0.0
19179,86.25,38.485546875,0.0
19180,86.25,38.91796875,0.0
19181,90.0,38.485546875,0.0
19182,90.0,38.91796875,0.0
19183,86.25,39.350390625,0.0
19184,86.25,39.78281250000001,0.0
19185,90.0,39.350390625,0.0
19186,90.0,39.78281250000001,0.0
19187,86.25,40.21523437500001,0.0
19188,86.25,40.64765625,0.0
19189,90.0,40.21523437500001,0.0
19190,90.0,40.64765625,0.0
19191,86.25,41.080078125,0.0
19192,86.25,41.5125,0.0
19193,90.0,41.080078125,0.0
19194,90.0,41.5125,0.0
19195,78.75,41.94492187500001,0.0
19196,78.75,42.37734375,0.0
19197,82.5,41.94492187500001,0.0
19198,82.5,42.37734375,0.0
19199,78.75,42.809765625,0.0
19200,78.75,43.2421875,0.0
19201,82.5,42.809765625,0.0
19202,82.5,43.2421875,0.0
19203,78.75,43.674609375,0.0
19204,78.75,44.10703125000001,0.0
19205,82.5,43.674609375,0.0
19206,82.5,44.10703125000001,0.0
19207,78.75,44.53945312500001,0.0
19208,78.75,44.971875,0.0
19209,82.5,44.53945312500001,0.0
19210,82.5,44.971875,0.0
19211,78.75,45.404296875,0.0
19212,78.75,45.83671875,0.0
19213,82.5,45.404296875,0.0
19214,82.5,45.83671875,0.0
19215,78.75,46.26914062500001,0.0
19216,78.75,46.70156250000001,0.0
19217,82.5,46.26914062500001,0.0
19218,82.5,46.70156250000001,0.0
19219,78.75,47.13398437500001,0.0
19220,78.75,47.56640625000001,0.0
19221,82.5,47.13398437500001,0.0
19222,82.5,47.56640625000001,0.0
19223,78.75,47.998828125,0.0
19224,78.75,48.43125000000001,0.0
19225,82.5,47.998828125,0.0
19226,82.5,48.43125000000001,0.0
19227,78.75,48.86367187500001,0.0
19228,78.75,49.29609375,0.0
19229,82.5,48.86367187500001,0.0
19230,82.5,49.29609375,0.0
19231,78.75,49.728515625,0.0
19232,78.75,50.1609375,0.0
19233,82.5,49.728515625,0.0
19234,82.5,50.1609375,0.0
19235,78.75,50.59335937500001,0.0
19236,78.75,51.02578125,0.0
19237,82.5,50.59335937500001,0.0
19238,82.5,51.02578125,0.0
19239,78.75,51.458203125,0.0
19240,78.75,51.890625,0.0
19241,82.5,51.458203125,0.0
19242,82.5,51.890625,0.0
19243,78.75,52.323046875,0.0
19244,78.75,52.75546875,0.0
19245,82.5,52.323046875,0.0
19246,82.5,52.75546875,0.0
19247,78.75,53.18789062499999,0.0
19248,78.75,53.6203125,0.0
19249,82.5,53.18789062499999,0.0
19250,82.5,53.6203125,0.0
19251,78.75,54.052734375,0.0
19252,78.75,54.48515625,0.0
19253,82.5,54.052734375,0.0
19254,82.5,54.48515625,0.0
19255,78.75,54.91757812500001,0.0
19256,78.75,55.35,0.0
19257,82.5,54.91757812500001,0.0
19258,82.5,55.35,0.0
19259,86.25,41.94492187500001,0.0
19260,86.25,42.37734375,0.0
19261,90.0,41.94492187500001,0.0
19262,90.0,42.37734375,0.0
19263,86.25,42.809765625,0.0
19264,86.25,43.2421875,0.0
19265,90.0,42.809765625,0.0
19266,90.0,43.2421875,0.0
19267,86.25,43.674609375,0.0
19268,86.25,44.10703125000001,0.0
19269,90.0,43.674609375,0.0
19270,90.0,44.10703125000001,0.0
19271,86.25,44.53945312500001,0.0
19272,86.25,44.971875,0.0
19273,90.0,44.53945312500001,0.0
19274,90.0,44.971875,0.0
19275,86.25,45.404296875,0.0
19276,86.25,45.83671875,0.0
19277,90.0,45.404296875,0.0
19278,90.0,45.83671875,0.0
19279,86.25,46.26914062500001,0.0
19280,86.25,46.70156250000001,0.0
19281,90.0,46.26914062500001,0.0
19282,90.0,46.70156250000001,0.0
19283,86.25,47.13398437500001,0.0
19284,86.25,47.56640625000001,0.0
19285,90.0,47.13398437500001,0.0
19286,90.0,47.56640625000001,0.0
19287,86.25,47.998828125,0.0
19288,86.25,48.43125000000001,0.0
19289,90.0,47.998828125,0.0
19290,90.0,48.43125000000001,0.0
19291,86.25,48.86367187500001,0.0
19292,86.25,49.29609375,0.0
19293,90.0,48.86367187500001,0.0
19294,90.0,49.29609375,0.0
19295,86.25,49.728515625,0.0
19296,86.25,50.1609375,0.0
19297,90.0,49.728515625,0.0
19298,90.0,50.1609375,0.0
19299,86.25,50.59335937500001,0.0
19300,86.25,51.02578125,0.0
19301,90.0,50.59335937500001,0.0
19302,90.0,51.02578125,0.0
19303,86.25,51.458203125,0.0
19304,86.25,51.890625,0.0
19305,90.0,51.458203125,0.0
19306,90.0,51.890625,0.0
19307,86.25,52.323046875,0.0
19308,86.25,52.75546875,0.0
19309,90.0,52.323046875,0.0
19310,90.0,52.75546875,0.0
19311,86.25,53.18789062499999,0.0
19312,86.25,53.6203125,0.0
19313,90.0,53.18789062499999,0.0
19314,90.0,53.6203125,0.0
19315,86.25,54.052734375,0.0
19316,86.25,54.48515625,0.0
19317,90.0,54.052734375,0.0
19318,90.0,54.48515625,0.0
19319,86.25,54.91757812500001,0.0
19320,86.25,55.35,0.0
19321,90.0,54.91757812500001,0.0
19322,90.0,55.35,0.0
19323,93.75,0.01351318359375,0.0
19324,93.75,-0.0,0.0
19325,93.75,0.0270263671875,0.0
19326,97.5,0.01351318359375,0.0
19327,97.5,-0.0,0.0
19328,97.5,0.0270263671875,0.0
19329,93.75,0.04053955078125,0.0
19330,93.75,0.054052734375,0.0
19331,97.5,0.04053955078125,0.0
19332,97.5,0.054052734375,0.0
19333,93.75,0.06756591796875,0.0
19334,93.75,0.0810791015625,0.0
19335,97.5,0.06756591796875,0.0
19336,97.5,0.0810791015625,0.0
19337,93.75,0.09459228515625001,0.0
19338,97.5,0.09459228515625001,0.0
19339,93.75,0.101348876953125,0.0
19340,93.75,0.10810546875,0.0
19341,97.5,0.101348876953125,0.0
19342,97.5,0.10810546875,0.0
19343,93.75,0.114862060546875,0.0
19344,93.75,0.12161865234375,0.0
19345,97.5,0.114862060546875,0.0
19346,97.5,0.12161865234375,0.0
19347,93.75,0.128375244140625,0.0
19348,93.75,0.1351318359375,0.0
19349,97.5,0.128375244140625,0.0
19350,97.5,0.1351318359375,0.0
19351,93.75,0.141888427734375,0.0
19352,93.75,0.14864501953125,0.0
19353,97.5,0.141888427734375,0.0
19354,97.5,0.14864501953125,0.0
19355,93.75,0.155401611328125,0.0
19356,93.75,0.162158203125,0.0
19357,97.5,0.155401611328125,0.0
19358,97.5,0.162158203125,0.0
19359,93.75,0.168914794921875,0.0
19360,93.75,0.17567138671875,0.0
19361,97.5,0.168914794921875,0.0
19362,97.5,0.17567138671875,0.0
19363,93.75,0.182427978515625,0.0
19364,93.75,0.1891845703125,0.0
19365,97.5,0.182427978515625,0.0
19366,97.5,0.1891845703125,0.0
19367,93.75,0.195941162109375,0.0
19368,93.75,0.2,0.0
19369,93.75,0.20269775390625,0.0
19370,97.5,0.195941162109375,0.0
19371,97.5,0.2,0.0
19372,97.5,0.20269775390625,0.0
19373,93.75,0.209454345703125,0.0
19374,93.75,0.2162109375,0.0
19375,97.5,0.209454345703125,0.0
19376,97.5,0.2162109375,0.0
19377,93.75,0.222967529296875,0.0
19378,93.75,0.22972412109375,0.0
19379,97.5,0.222967529296875,0.0
19380,97.5,0.22972412109375,0.0
19381,93.75,0.236480712890625,0.0
19382,93.75,0.2432373046875,0.0
19383,97.5,0.236480712890625,0.0
19384,97.5,0.2432373046875,0.0
19385,93.75,0.249993896484375,0.0
19386,93.75,0.25675048828125,0.0
19387,97.5,0.249993896484375,0.0
19388,97.5,0.25675048828125,0.0
19389,93.75,0.263507080078125,0.0
19390,93.75,0.270263671875,0.0
19391,97.5,0.263507080078125,0.0
19392,97.5,0.270263671875,0.0
19393,93.75,0.277020263671875,0.0
19394,93.75,0.28377685546875,0.0
19395,97.5,0.277020263671875,0.0
19396,97.5,0.28377685546875,0.0
19397,93.75,0.290533447265625,0.0
19398,93.75,0.2972900390625,0.0
19399,97.5,0.290533447265625,0.0
19400,97.5,0.2972900390625,0.0
19401,93.75,0.304046630859375,0.0
19402,93.75,0.31080322265625,0.0
19403,97.5,0.304046630859375,0.0
19404,97.5,0.31080322265625,0.0
19405,93.75,0.32431640625,0.0
19406,97.5,0.32431640625,0.0
19407,93.75,0.3513427734375,0.0
19408,97.5,0.3513427734375,0.0
19409,93.75,0.378369140625,0.0
19410,97.5,0.378369140625,0.0
19411,93.75,0.432421875,0.0
19412,97.5,0.432421875,0.0
19413,93.75,0.54052734375,0.0
19414,97.5,0.54052734375,0.0
19415,93.75,0.6486328125,0.0
19416,97.5,0.6486328125,0.0
19417,93.75,0.86484375,0.0
19418,97.5,0.86484375,0.0
19419,93.75,1.297265625,0.0
19420,97.5,1.297265625,0.0
19421,93.75,1.7296875,0.0
19422,97.5,1.7296875,0.0
19423,93.75,2.162109375,0.0
19424,93.75,2.59453125,0.0
19425,97.5,2.162109375,0.0
19426,97.5,2.59453125,0.0
19427,93.75,3.026953125,0.0
19428,93.75,3.459375,0.0
19429,97.5,3.026953125,0.0
19430,97.5,3.459375,0.0
19431,93.75,3.891796875,0.0
19432,93.75,4.32421875,0.0
19433,97.5,3.891796875,0.0
19434,97.5,4.32421875,0.0
19435,93.75,4.756640625,0.0
19436,93.75,5.1890625,0.0
19437,97.5,4.756640625,0.0
19438,97.5,5.1890625,0.0
19439,93.75,5.621484375000001,0.0
19440,93.75,6.053906250000001,0.0
19441,97.5,5.621484375000001,0.0
19442,97.5,6.053906250000001,0.0
19443,93.75,6.486328125,0.0
19444,93.75,6.91875,0.0
19445,97.5,6.486328125,0.0
19446,97.5,6.91875,0.0
19447,93.75,7.351171875,0.0
19448,93.75,7.78359375,0.0
19449,97.5,7.351171875,0.0
19450,97.5,7.78359375,0.0
19451,93.75,8.216015625,0.0
19452,93.75,8.6484375,0.0
19453,97.5,8.216015625,0.0
19454,97.5,8.6484375,0.0
19455,93.75,9.080859375,0.0
19456,93.75,9.51328125,0.0
19457,97.5,9.080859375,0.0
19458,97.5,9.51328125,0.0
19459,93.75,9.945703125000001,0.0
19460,93.75,10.378125,0.0
19461,97.5,9.945703125000001,0.0
19462,97.5,10.378125,0.0
19463,93.75,10.810546875,0.0
19464,93.75,11.24296875,0.0
19465,97.5,10.810546875,0.0
19466,97.5,11.24296875,0.0
19467,93.75,11.675390625,0.0
19468,93.75,12.1078125,0.0
19469,97.5,11.675390625,0.0
19470,97.5,12.1078125,0.0
19471,93.75,12.540234375,0.0
19472,93.75,12.97265625,0.0
19473,97.5,12.540234375,0.0
19474,97.5,12.97265625,0.0
19475,93.75,13.405078125,0.0
19476,93.75,13.8375,0.0
19477,97.5,13.405078125,0.0
19478,97.5,13.8375,0.0
19479,101.25,0.01351318359375,0.0
19480,101.25,-0.0,0.0
19481,101.25,0.0270263671875,0.0
19482,105.0,0.01351318359375,0.0
19483,105.0,-0.0,0.0
19484,105.0,0.0270263671875,0.0
19485,101.25,0.04053955078125,0.0
19486,101.25,0.054052734375,0.0
19487,105.0,0.04053955078125,0.0
19488,105.0,0.054052734375,0.0
19489,101.25,0.06756591796875,0.0
19490,101.25,0.0810791015625,0.0
19491,105.0,0.06756591796875,0.0
19492,105.0,0.0810791015625,0.0
19493,101.25,0.09459228515625001,0.0
19494,105.0,0.09459228515625001,0.0
19495,101.25,0.101348876953125,0.0
19496,101.25,0.10810546875,0.0
19497,105.0,0.101348876953125,0.0
19498,105.0,0.10810546875,0.0
19499,101.25,0.114862060546875,0.0
19500,101.25,0.12161865234375,0.0
19501,105.0,0.114862060546875,0.0
19502,105.0,0.12161865234375,0.0
19503,101.25,0.128375244140625,0.0
19504,101.25,0.1351318359375,0.0
19505,105.0,0.128375244140625,0.0
19506,105.0,0.1351318359375,0.0
19507,101.25,0.141888427734375,0.0
19508,101.25,0.14864501953125,0.0
19509,105.0,0.141888427734375,0.0
19510,105.0,0.14864501953125,0.0
19511,101.25,0.155401611328125,0.0
19512,101.25,0.162158203125,0.0
19513,105.0,0.155401611328125,0.0
19514,105.0,0.162158203125,0.0
19515,101.25,0.168914794921875,0.0
19516,101.25,0.17567138671875,0.0
19517,105.0,0.168914794921875,0.0
19518,105.0,0.17567138671875,0.0
19519,101.25,0.182427978515625,0.0
19520,101.25,0.1891845703125,0.0
19521,105.0,0.182427978515625,0.0
19522,105.0,0.1891845703125,0.0
19523,101.25,0.195941162109375,0.0
19524,101.25,0.2,0.0
19525,101.25,0.20269775390625,0.0
19526,105.0,0.195941162109375,0.0
19527,105.0,0.2,0.0
19528,105.0,0.20269775390625,0.0
19529,101.25,0.209454345703125,0.0
19530,101.25,0.2162109375,0.0
19531,105.0,0.209454345703125,0.0
19532,105.0,0.2162109375,0.0
19533,101.25,0.222967529296875,0.0
19534,101.25,0.22972412109375,0.0
19535,105.0,0.222967529296875,0.0
19536,105.0,0.22972412109375,0.0
19537,101.25,0.236480712890625,0.0
19538,101.25,0.2432373046875,0.0
19539,105.0,0.236480712890625,0.0
19540,105.0,0.2432373046875,0.0
19541,101.25,0.249993896484375,0.0
19542,101.25,0.25675048828125,0.0
19543,105.0,0.249993896484375,0.0
19544,105.0,0.25675048828125,0.0
19545,101.25,0.263507080078125,0.0
19546,101.25,0.270263671875,0.0
19547,105.0,0.263507080078125,0.0
19548,105.0,0.270263671875,0.0
19549,101.25,0.277020263671875,0.0
19550,101.25,0.28377685546875,0.0
19551,105.0,0.277020263671875,0.0
19552,105.0,0.28377685546875,0.0
19553,101.25,0.290533447265625,0.0
19554,101.25,0.2972900390625,0.0
19555,105.0,0.290533447265625,0.0
19556,105.0,0.2972900390625,0.0
19557,101.25,0.304046630859375,0.0
19558,101.25,0.31080322265625,0.0
19559,105.0,0.304046630859375,0.0
19560,105.0,0.31080322265625,0.0
19561,101.25,0.32431640625,0.0
19562,105.0,0.32431640625,0.0
19563,101.25,0.3513427734375,0.0
19564,105.0,0.3513427734375,0.0
19565,101.25,0.378369140625,0.0
19566,105.0,0.378369140625,0.0
19567,101.25,0.432421875,0.0
19568,105.0,0.432421875,0.0
19569,101.25,0.54052734375,0.0
19570,105.0,0.54052734375,0.0
19571,101.25,0.6486328125,0.0
19572,105.0,0.6486328125,0.0
19573,101.25,0.86484375,0.0
19574,105.0,0.86484375,0.0
19575,101.25,1.297265625,0.0
19576,105.0,1.297265625,0.0
19577,101.25,1.7296875,0.0
19578,105.0,1.7296875,0.0
19579,101.25,2.162109375,0.0
19580,101.25,2.59453125,0.0
19581,105.0,2.162109375,0.0
19582,105.0,2.59453125,0.0
19583,101.25,3.026953125,0.0
19584,101.25,3.459375,0.0
19585,105.0,3.026953125,0.0
19586,105.0,3.459375,0.0
19587,101.25,3.891796875,0.0
19588,101.25,4.32421875,0.0
19589,105.0,3.891796875,0.0
19590,105.0,4.32421875,0.0
19591,101.25,4.756640625,0.0
19592,101.25,5.1890625,0.0
19593,105.0,4.756640625,0.0
19594,105.0,5.1890625,0.0
19595,101.25,5.621484375000001,0.0
19596,101.25,6.053906250000001,0.0
19597,105.0,5.621484375000001,0.0
19598,105.0,6.053906250000001,0.0
19599,101.25,6.486328125,0.0
19600,101.25,6.91875,0.0
19601,105.0,6.486328125,0.0
19602,105.0,6.91875,0.0
19603,101.25,7.351171875,0.0
19604,101.25,7.78359375,0.0
19605,105.0,7.351171875,0.0
19606,105.0,7.78359375,0.0
19607,101.25,8.216015625,0.0
19608,101.25,8.6484375,0.0
19609,105.0,8.216015625,0.0
19610,105.0,8.6484375,0.0
19611,101.25,9.080859375,0.0
19612,101.25,9.51328125,0.0
19613,105.0,9.080859375,0.0
19614,105.0,9.51328125,0.0
19615,101.25,9.945703125000001,0.0
19616,101.25,10.378125,0.0
19617,105.0,9.945703125000001,0.0
19618,105.0,10.378125,0.0
19619,101.25,10.810546875,0.0
19620,101.25,11.24296875,0.0
19621,105.0,10.810546875,0.0
19622,105.0,11.24296875,0.0
19623,101.25,11.675390625,0.0
19624,101.25,12.1078125,0.0
19625,105.0,11.675390625,0.0
19626,105.0,12.1078125,0.0
19627,101.25,12.540234375,0.0
19628,101.25,12.97265625,0.0
19629,105.0,12.540234375,0.0
19630,105.0,12.97265625,0.0
19631,101.25,13.405078125,0.0
19632,101.25,13.8375,0.0
19633,105.0,13.405078125,0.0
19634,105.0,13.8375,0.0
19635,93.75,14.269921875,0.0
19636,93.75,14.70234375,0.0
19637,97.5,14.269921875,0.0
19638,97.5,14.70234375,0.0
19639,93.75,15.134765625,0.0
19640,93.75,15.5671875,0.0
19641,97.5,15.134765625,0.0
19642,97.5,15.5671875,0.0
19643,93.75,15.999609375,0.0
19644,93.75,16.43203125,0.0
19645,97.5,15.999609375,0.0
19646,97.5,16.43203125,0.0
19647,93.75,16.864453125,0.0
19648,93.75,17.296875,0.0
19649,97.5,16.864453125,0.0
19650,97.5,17.296875,0.0
19651,93.75,17.729296875,0.0
19652,93.75,18.16171875,0.0
19653,97.5,17.729296875,0.0
19654,97.5,18.16171875,0.0
19655,93.75,18.594140625,0.0
19656,93.75,19.0265625,0.0
19657,97.5,18.594140625,0.0
19658,97.5,19.0265625,0.0
19659,93.75,19.458984375,0.0
19660,93.75,19.89140625,0.0
19661,97.5,19.458984375,0.0
19662,97.5,19.89140625,0.0
19663,93.75,20.323828125,0.0
19664,93.75,20.75625,0.0
19665,97.5,20.323828125,0.0
19666,97.5,20.75625,0.0
19667,93.75,21.188671875,0.0
19668,93.75,21.62109375,0.0
19669,97.5,21.188671875,0.0
19670,97.5,21.62109375,0.0
19671,93.75,22.053515625,0.0
19672,93.75,22.4859375,0.0
19673,97.5,22.053515625,0.0
19674,97.5,22.4859375,0.0
19675,93.75,22.918359375,0.0
19676,93.75,23.35078125,0.0
19677,97.5,22.918359375,0.0
19678,97.5,23.35078125,0.0
19679,93.75,23.783203125,0.0
19680,93.75,24.215625,0.0
19681,97.5,23.783203125,0.0
19682,97.5,24.215625,0.0
19683,93.75,24.648046875,0.0
19684,93.75,25.08046875,0.0
19685,97.5,24.648046875,0.0
19686,97.5,25.08046875,0.0
19687,93.75,25.512890625,0.0
19688,93.75,25.9453125,0.0
19689,97.5,25.512890625,0.0
19690,97.5,25.9453125,0.0
19691,93.75,26.377734375,0.0
19692,93.75,26.81015625,0.0
19693,97.5,26.377734375,0.0
19694,97.5,26.81015625,0.0
19695,93.75,27.242578125,0.0
19696,93.75,27.675,0.0
19697,97.5,27.242578125,0.0
19698,97.5,27.675,0.0
19699,101.25,14.269921875,0.0
19700,101.25,14.70234375,0.0
19701,105.0,14.269921875,0.0
19702,105.0,14.70234375,0.0
19703,101.25,15.134765625,0.0
19704,101.25,15.5671875,0.0
19705,105.0,15.134765625,0.0
19706,105.0,15.5671875,0.0
19707,101.25,15.999609375,0.0
19708,101.25,16.43203125,0.0
19709,105.0,15.999609375,0.0
19710,105.0,16.43203125,0.0
19711,101.25,16.864453125,0.0
19712,101.25,17.296875,0.0
19713,105.0,16.864453125,0.0
19714,105.0,17.296875,0.0
19715,101.25,17.729296875,0.0
19716,101.25,18.16171875,0.0
19717,105.0,17.729296875,0.0
19718,105.0,18.16171875,0.0
19719,101.25,18.594140625,0.0
19720,101.25,19.0265625,0.0
19721,105.0,18.594140625,0.0
19722,105.0,19.0265625,0.0
19723,101.25,19.458984375,0.0
19724,101.25,19.89140625,0.0
19725,105.0,19.458984375,0.0
19726,105.0,19.89140625,0.0
19727,101.25,20.323828125,0.0
19728,101.25,20.75625,0.0
19729,105.0,20.323828125,0.0
19730,105.0,20.75625,0.0
19731,101.25,21.188671875,0.0
19732,101.25,21.62109375,0.0
19733,105.0,21.188671875,0.0
19734,105.0,21.62109375,0.0
19735,101.25,22.053515625,0.0
19736,101.25,22.4859375,0.0
19737,105.0,22.053515625,0.0
19738,105.0,22.4859375,0.0
19739,101.25,22.918359375,0.0
19740,101.25,23.35078125,0.0
19741,105.0,22.918359375,0.0
19742,105.0,23.35078125,0.0
19743,101.25,23.783203125,0.0
19744,101.25,24.215625,0.0
19745,105.0,23.783203125,0.0
19746,105.0,24.215625,0.0
19747,101.25,24.648046875,0.0
19748,101.25,25.08046875,0.0
19749,105.0,24.648046875,0.0
19750,105.0,25.08046875,0.0
19751,101.25,25.512890625,0.0
19752,101.25,25.9453125,0.0
19753,105.0,25.512890625,0.0
19754,105.0,25.9453125,0.0
19755,101.25,26.377734375,0.0
19756,101.25,26.81015625,0.0
19757,105.0,26.377734375,0.0
19758,105.0,26.81015625,0.0
19759,101.25,27.242578125,0.0
19760,101.25,27.675,0.0
19761,105.0,27.242578125,0.0
19762,105.0,27.675,0.0
19763,93.75,28.107421875,0.0
19764,93.75,28.53984375,0.0
19765,97.5,28.107421875,0.0
19766,97.5,28.53984375,0.0
19767,93.75,28.972265625,0.0
19768,93.75,29.4046875,0.0
19769,97.5,28.972265625,0.0
19770,97.5,29.4046875,0.0
19771,93.75,29.837109375,0.0
19772,93.75,30.26953125,0.0
19773,97.5,29.837109375,0.0
19774,97.5,30.26953125,0.0
19775,93.75,30.701953125,0.0
19776,93.75,31.134375,0.0
19777,97.5,30.701953125,0.0
19778,97.5,31.134375,0.0
19779,93.75,31.566796875,0.0
19780,93.75,31.99921875,0.0
19781,97.5,31.566796875,0.0
19782,97.5,31.99921875,0.0
19783,93.75,32.431640625,0.0
19784,93.75,32.8640625,0.0
19785,97.5,32.431640625,0.0
19786,97.5,32.8640625,0.0
19787,93.75,33.29648437500001,0.0
19788,93.75,33.72890625,0.0
19789,97.5,33.29648437500001,0.0
19790,97.5,33.72890625,0.0
19791,93.75,34.161328125,0.0
19792,93.75,34.59375,0.0
19793,97.5,34.161328125,0.0
19794,97.5,34.59375,0.0
19795,93.75,35.026171875,0.0
19796,93.75,35.45859375,0.0
19797,97.5,35.026171875,0.0
19798,97.5,35.45859375,0.0
19799,93.75,35.89101562499999,0.0
19800,93.75,36.3234375,0.0
19801,97.5,35.89101562499999,0.0
19802,97.5,36.3234375,0.0
19803,93.75,36.755859375,0.0
19804,93.75,37.18828125,0.0
19805,97.5,36.755859375,0.0
19806,97.5,37.18828125,0.0
19807,93.75,37.62070312500001,0.0
19808,93.75,38.053125,0.0
19809,97.5,37.62070312500001,0.0
19810,97.5,38.053125,0.0
19811,93.75,38.485546875,0.0
19812,93.75,38.91796875,0.0
19813,97.5,38.485546875,0.0
19814,97.5,38.91796875,0.0
19815,93.75,39.350390625,0.0
19816,93.75,39.78281250000001,0.0
19817,97.5,39.350390625,0.0
19818,97.5,39.78281250000001,0.0
19819,93.75,40.21523437500001,0.0
19820,93.75,40.64765625,0.0
19821,97.5,40.21523437500001,0.0
19822,97.5,40.64765625,0.0
19823,93.75,41.080078125,0.0
19824,93.75,41.5125,0.0
19825,97.5,41.080078125,0.0
19826,97.5,41.5125,0.0
19827,101.25,28.107421875,0.0
19828,101.25,28.53984375,0.0
19829,105.0,28.107421875,0.0
19830,105.0,28.53984375,0.0
19831,101.25,28.972265625,0.0
19832,101.25,29.4046875,0.0
19833,105.0,28.972265625,0.0
19834,105.0,29.4046875,0.0
19835,101.25,29.837109375,0.0
19836,101.25,30.26953125,0.0
19837,105.0,29.837109375,0.0
19838,105.0,30.26953125,0.0
19839,101.25,30.701953125,0.0
19840,101.25,31.134375,0.0
19841,105.0,30.701953125,0.0
19842,105.0,31.134375,0.0
19843,101.25,31.566796875,0.0
19844,101.25,31.99921875,0.0
19845,105.0,31.566796875,0.0
19846,105.0,31.99921875,0.0
19847,101.25,32.431640625,0.0
19848,101.25,32.8640625,0.0
19849,105.0,32.431640625,0.0
19850,105.0,32.8640625,0.0
19851,101.25,33.29648437500001,0.0
19852,101.25,33.72890625,0.0
19853,105.0,33.29648437500001,0.0
19854,105.0,33.72890625,0.0
19855,101.25,34.161328125,0.0
19856,101.25,34.59375,0.0
19857,105.0,34.161328125,0.0
19858,105.0,34.59375,0.0
19859,101.25,35.026171875,0.0
19860,101.25,35.45859375,0.0
19861,105.0,35.026171875,0.0
19862,105.0,35.45859375,0.0
19863,101.25,35.89101562499999,0.0
19864,101.25,36.3234375,0.0
19865,105.0,35.89101562499999,0.0
19866,105.0,36.3234375,0.0
19867,101.25,36.755859375,0.0
19868,101.25,37.18828125,0.0
19869,105.0,36.755859375,0.0
19870,105.0,37.18828125,0.0
19871,101.25,37.62070312500001,0.0
19872,101.25,38.053125,0.0
19873,105.0,37.62070312500001,0.0
19874,105.0,38.053125,0.0
19875,101.25,38.485546875,0.0
19876,101.25,38.91796875,0.0
19877,105.0,38.485546875,0.0
19878,105.0,38.91796875,0.0
19879,101.25,39.350390625,0.0
19880,101.25,39.78281250000001,0.0
19881,105.0,39.350390625,0.0
19882,105.0,39.78281250000001,0.0
19883,101.25,40.21523437500001,0.0
19884,101.25,40.64765625,0.0
19885,105.0,40.21523437500001,0.0
19886,105.0,40.64765625,0.0
19887,101.25,41.080078125,0.0
19888,101.25,41.5125,0.0
19889,105.0,41.080078125,0.0
19890,105.0,41.5125,0.0
19891,93.75,41.94492187500001,0.0
19892,93.75,42.37734375,0.0
19893,97.5,41.94492187500001,0.0
19894,97.5,42.37734375,0.0
19895,93.75,42.809765625,0.0
19896,93.75,43.2421875,0.0
19897,97.5,42.809765625,0.0
19898,97.5,43.2421875,0.0
19899,93.75,43.674609375,0.0
19900,93.75,44.10703125000001,0.0
19901,97.5,43.674609375,0.0
19902,97.5,44.10703125000001,0.0
19903,93.75,44.53945312500001,0.0
19904,93.75,44.971875,0.0
19905,97.5,44.53945312500001,0.0
19906,97.5,44.971875,0.0
19907,93.75,45.404296875,0.0
19908,93.75,45.83671875,0.0
19909,97.5,45.404296875,0.0
19910,97.5,45.83671875,0.0
19911,93.75,46.26914062500001,0.0
19912,93.75,46.70156250000001,0.0
19913,97.5,46.26914062500001,0.0
19914,97.5,46.70156250000001,0.0
19915,93.75,47.13398437500001,0.0
19916,93.75,47.56640625000001,0.0
19917,97.5,47.13398437500001,0.0
19918,97.5,47.56640625000001,0.0
19919,93.75,47.998828125,0.0
19920,93.75,48.43125000000001,0.0
19921,97.5,47.998828125,0.0
19922,97.5,48.43125000000001,0.0
19923,93.75,48.86367187500001,0.0
19924,93.75,49.29609375,0.0
19925,97.5,48.86367187500001,0.0
19926,97.5,49.29609375,0.0
19927,93.75,49.728515625,0.0
19928,93.75,50.1609375,0.0
19929,97.5,49.728515625,0.0
19930,97.5,50.1609375,0.0
19931,93.75,50.59335937500001,0.0
19932,93.75,51.02578125,0.0
19933,97.5,50.59335937500001,0.0
19934,97.5,51.02578125,0.0
19935,93.75,51.458203125,0.0
19936,93.75,51.890625,0.0
19937,97.5,51.458203125,0.0
19938,97.5,51.890625,0.0
19939,93.75,52.323046875,0.0
19940,93.75,52.75546875,0.0
19941,97.5,52.323046875,0.0
19942,97.5,52.75546875,0.0
19943,93.75,53.18789062499999,0.0
19944,93.75,53.6203125,0.0
19945,97.5,53.18789062499999,0.0
19946,97.5,53.6203125,0.0
19947,93.75,54.052734375,0.0
19948,93.75,54.48515625,0.0
19949,97.5,54.052734375,0.0
19950,97.5,54.48515625,0.0
19951,93.75,54.91757812500001,0.0
19952,93.75,55.35,0.0
19953,97.5,54.91757812500001,0.0
19954,97.5,55.35,0.0
19955,101.25,41.94492187500001,0.0
19956,101.25,42.37734375,0.0
19957,105.0,41.94492187500001,0.0
19958,105.0,42.37734375,0.0
19959,101.25,42.809765625,0.0
19960,101.25,43.2421875,0.0
19961,105.0,42.809765625,0.0
19962,105.0,43.2421875,0.0
19963,101.25,43.674609375,0.0
19964,101.25,44.10703125000001,0.0
19965,105.0,43.674609375,0.0
19966,105.0,44.10703125000001,0.0
19967,101.25,44.53945312500001,0.0
19968,101.25,44.971875,0.0
19969,105.0,44.53945312500001,0.0
19970,105.0,44.971875,0.0
19971,101.25,45.404296875,0.0
19972,101.25,45.83671875,0.0
19973,105.0,45.404296875,0.0
19974,105.0,45.83671875,0.0
19975,101.25,46.26914062500001,0.0
19976,101.25,46.70156250000001,0.0
19977,105.0,46.26914062500001,0.0
19978,105.0,46.70156250000001,0.0
19979,101.25,47.13398437500001,0.0
19980,101.25,47.56640625000001,0.0
19981,105.0,47.13398437500001,0.0
19982,105.0,47.56640625000001,0.0
19983,101.25,47.998828125,0.0
19984,101.25,48.43125000000001,0.0
19985,105.0,47.998828125,0.0
19986,105.0,48.43125000000001,0.0
19987,101.25,48.86367187500001,0.0
19988,101.25,49.29609375,0.0
19989,105.0,48.86367187500001,0.0
19990,105.0,49.29609375,0.0
19991,101.25,49.728515625,0.0
19992,101.25,50.1609375,0.0
19993,105.0,49.728515625,0.0
19994,105.0,50.1609375,0.0
19995,101.25,50.59335937500001,0.0
19996,101.25,51.02578125,0.0
19997,105.0,50.59335937500001,0.0
19998,105.0,51.02578125,0.0
19999,101.25,51.458203125,0.0
20000,101.25,51.890625,0.0
20001,105.0,51.458203125,0.0
20002,105.0,51.890625,0.0
20003,101.25,52.323046875,0.0
20004,101.25,52.75546875,0.0
20005,105.0,52.323046875,0.0
20006,105.0,52.75546875,0.0
20007,101.25,53.18789062499999,0.0
20008,101.25,53.6203125,0.0
20009,105.0,53.18789062499999,0.0
20010,105.0,53.6203125,0.0
20011,101.25,54.052734375,0.0
20012,101.25,54.48515625,0.0
20013,105.0,54.052734375,0.0
20014,105.0,54.48515625,0.0
20015,101.25,54.91757812500001,0.0
20016,101.25,55.35,0.0
20017,105.0,54.91757812500001,0.0
20018,105.0,55.35,0.0
20019,108.75,0.01351318359375,0.0
20020,108.75,-0.0,0.0
20021,108.75,0.0270263671875,0.0
20022,112.5,0.01351318359375,0.0
20023,112.5,-0.0,0.0
20024,112.5,0.0270263671875,0.0
20025,108.75,0.04053955078125,0.0
20026,108.75,0.054052734375,0.0
20027,112.5,0.04053955078125,0.0
20028,112.5,0.054052734375,0.0
20029,108.75,0.06756591796875,0.0
20030,108.75,0.0810791015625,0.0
20031,112.5,0.06756591796875,0.0
20032,112.5,0.0810791015625,0.0
20033,108.75,0.09459228515625001,0.0
20034,112.5,0.09459228515625001,0.0
20035,108.75,0.101348876953125,0.0
20036,108.75,0.10810546875,0.0
20037,112.5,0.101348876953125,0.0
20038,112.5,0.10810546875,0.0
20039,108.75,0.114862060546875,0.0
20040,108.75,0.12161865234375,0.0
20041,112.5,0.114862060546875,0.0
20042,112.5,0.12161865234375,0.0
20043,108.75,0.128375244140625,0.0
20044,108.75,0.1351318359375,0.0
20045,112.5,0.128375244140625,0.0
20046,112.5,0.1351318359375,0.0
20047,108.75,0.141888427734375,0.0
20048,108.75,0.14864501953125,0.0
20049,112.5,0.141888427734375,0.0
20050,112.5,0.14864501953125,0.0
20051,108.75,0.155401611328125,0.0
20052,108.75,0.162158203125,0.0
20053,112.5,0.155401611328125,0.0
20054,112.5,0.162158203125,0.0
20055,108.75,0.168914794921875,0.0
20056,108.75,0.17567138671875,0.0
20057,112.5,0.168914794921875,0.0
20058,112.5,0.17567138671875,0.0
20059,108.75,0.182427978515625,0.0
20060,108.75,0.1891845703125,0.0
20061,112.5,0.182427978515625,0.0
20062,112.5,0.1891845703125,0.0
20063,108.75,0.195941162109375,0.0
20064,108.75,0.2,0.0
20065,108.75,0.20269775390625,0.0
20066,112.5,0.195941162109375,0.0
20067,112.5,0.2,0.0
20068,112.5,0.20269775390625,0.0
20069,108.75,0.209454345703125,0.0
20070,108.75,0.2162109375,0.0
20071,112.5,0.209454345703125,0.0
20072,112.5,0.2162109375,0.0
20073,108.75,0.222967529296875,0.0
20074,108.75,0.22972412109375,0.0
20075,112.5,0.222967529296875,0.0
20076,112.5,0.22972412109375,0.0
20077,108.75,0.236480712890625,0.0
20078,108.75,0.2432373046875,0.0
20079,112.5,0.236480712890625,0.0
20080,112.5,0.2432373046875,0.0
20081,108.75,0.249993896484375,0.0
20082,108.75,0.25675048828125,0.0
20083,112.5,0.249993896484375,0.0
20084,112.5,0.25675048828125,0.0
20085,108.75,0.263507080078125,0.0
20086,108.75,0.270263671875,0.0
20087,112.5,0.263507080078125,0.0
20088,112.5,0.270263671875,0.0
20089,108.75,0.277020263671875,0.0
20090,108.75,0.28377685546875,0.0
20091,112.5,0.277020263671875,0.0
20092,112.5,0.28377685546875,0.0
20093,108.75,0.290533447265625,0.0
20094,108.75,0.2972900390625,0.0
20095,112.5,0.290533447265625,0.0
20096,112.5,0.2972900390625,0.0
20097,108.75,0.304046630859375,0.0
20098,108.75,0.31080322265625,0.0
20099,112.5,0.304046630859375,0.0
20100,112.5,0.31080322265625,0.0
20101,108.75,0.32431640625,0.0
20102,112.5,0.32431640625,0.0
20103,108.75,0.3513427734375,0.0
20104,112.5,0.3513427734375,0.0
20105,108.75,0.378369140625,0.0
20106,112.5,0.378369140625,0.0
20107,108.75,0.432421875,0.0
20108,112.5,0.432421875,0.0
20109,108.75,0.54052734375,0.0
20110,112.5,0.54052734375,0.0
20111,108.75,0.6486328125,0.0
20112,112.5,0.6486328125,0.0
20113,108.75,0.86484375,0.0
20114,112.5,0.86484375,0.0
20115,108.75,1.297265625,0.0
20116,112.5,1.297265625,0.0
20117,108.75,1.7296875,0.0
20118,112.5,1.7296875,0.0
20119,108.75,2.162109375,0.0
20120,108.75,2.59453125,0.0
20121,112.5,2.162109375,0.0
20122,112.5,2.59453125,0.0
20123,108.75,3.026953125,0.0
20124,108.75,3.459375,0.0
20125,112.5,3.026953125,0.0
20126,112.5,3.459375,0.0
20127,108.75,3.891796875,0.0
20128,108.75,4.32421875,0.0
20129,112.5,3.891796875,0.0
20130,112.5,4.32421875,0.0
20131,108.75,4.756640625,0.0
20132,108.75,5.1890625,0.0
20133,112.5,4.756640625,0.0
20134,112.5,5.1890625,0.0
20135,108.75,5.621484375000001,0.0
20136,108.75,6.053906250000001,0.0
20137,112.5,5.621484375000001,0.0
20138,112.5,6.053906250000001,0.0
20139,108.75,6.486328125,0.0
20140,108.75,6.91875,0.0
20141,112.5,6.486328125,0.0
20142,112.5,6.91875,0.0
20143,108.75,7.351171875,0.0
20144,108.75,7.78359375,0.0
20145,112.5,7.351171875,0.0
20146,112.5,7.78359375,0.0
20147,108.75,8.216015625,0.0
20148,108.75,8.6484375,0.0
20149,112.5,8.216015625,0.0
20150,112.5,8.6484375,0.0
20151,108.75,9.080859375,0.0
20152,108.75,9.51328125,0.0
20153,112.5,9.080859375,0.0
20154,112.5,9.51328125,0.0
20155,108.75,9.945703125000001,0.0
20156,108.75,10.378125,0.0
20157,112.5,9.945703125000001,0.0
20158,112.5,10.378125,0.0
20159,108.75,10.810546875,0.0
20160,108.75,11.24296875,0.0
20161,112.5,10.810546875,0.0
20162,112.5,11.24296875,0.0
20163,108.75,11.675390625,0.0
20164,108.75,12.1078125,0.0
20165,112.5,11.675390625,0.0
20166,112.5,12.1078125,0.0
20167,108.75,12.540234375,0.0
20168,108.75,12.97265625,0.0
20169,112.5,12.540234375,0.0
20170,112.5,12.97265625,0.0
20171,108.75,13.405078125,0.0
20172,108.75,13.8375,0.0
20173,112.5,13.405078125,0.0
20174,112.5,13.8375,0.0
20175,108.75,14.269921875,0.0
20176,108.75,14.70234375,0.0
20177,112.5,14.269921875,0.0
20178,112.5,14.70234375,0.0
20179,108.75,15.134765625,0.0
20180,108.75,15.5671875,0.0
20181,112.5,15.134765625,0.0
20182,112.5,15.5671875,0.0
20183,108.75,15.999609375,0.0
20184,108.75,16.43203125,0.0
20185,112.5,15.999609375,0.0
20186,112.5,16.43203125,0.0
20187,108.75,16.864453125,0.0
20188,108.75,17.296875,0.0
20189,112.5,16.864453125,0.0
20190,112.5,17.296875,0.0
20191,108.75,17.729296875,0.0
20192,108.75,18.16171875,0.0
20193,112.5,17.729296875,0.0
20194,112.5,18.16171875,0.0
20195,108.75,18.594140625,0.0
20196,108.75,19.0265625,0.0
20197,112.5,18.594140625,0.0
20198,112.5,19.0265625,0.0
20199,108.75,19.458984375,0.0
20200,108.75,19.89140625,0.0
20201,112.5,19.458984375,0.0
20202,112.5,19.89140625,0.0
20203,108.75,20.323828125,0.0
20204,108.75,20.75625,0.0
20205,112.5,20.323828125,0.0
20206,112.5,20.75625,0.0
20207,108.75,21.188671875,0.0
20208,108.75,21.62109375,0.0
20209,112.5,21.188671875,0.0
20210,112.5,21.62109375,0.0
20211,108.75,22.053515625,0.0
20212,108.75,22.4859375,0.0
20213,112.5,22.053515625,0.0
20214,112.5,22.4859375,0.0
20215,108.75,22.918359375,0.0
20216,108.75,23.35078125,0.0
20217,112.5,22.918359375,0.0
20218,112.5,23.35078125,0.0
20219,108.75,23.783203125,0.0
20220,108.75,24.215625,0.0
20221,112.5,23.783203125,0.0
20222,112.5,24.215625,0.0
20223,108.75,24.648046875,0.0
20224,108.75,25.08046875,0.0
20225,112.5,24.648046875,0.0
20226,112.5,25.08046875,0.0
20227,108.75,25.512890625,0.0
20228,108.75,25.9453125,0.0
20229,112.5,25.512890625,0.0
20230,112.5,25.9453125,0.0
20231,108.75,26.377734375,0.0
20232,108.75,26.81015625,0.0
20233,112.5,26.377734375,0.0
20234,112.5,26.81015625,0.0
20235,108.75,27.242578125,0.0
20236,108.75,27.675,0.0
20237,112.5,27.242578125,0.0
20238,112.5,27.675,0.0
20239,108.75,28.107421875,0.0
20240,108.75,28.53984375,0.0
20241,112.5,28.107421875,0.0
20242,112.5,28.53984375,0.0
20243,108.75,28.972265625,0.0
20244,108.75,29.4046875,0.0
20245,112.5,28.972265625,0.0
20246,112.5,29.4046875,0.0
20247,108.75,29.837109375,0.0
20248,108.75,30.26953125,0.0
20249,112.5,29.837109375,0.0
20250,112.5,30.26953125,0.0
20251,108.75,30.701953125,0.0
20252,108.75,31.134375,0.0
20253,112.5,30.701953125,0.0
20254,112.5,31.134375,0.0
20255,108.75,31.566796875,0.0
20256,108.75,31.99921875,0.0
20257,112.5,31.566796875,0.0
20258,112.5,31.99921875,0.0
20259,108.75,32.431640625,0.0
20260,108.75,32.8640625,0.0
20261,112.5,32.431640625,0.0
20262,112.5,32.8640625,0.0
20263,108.75,33.29648437500001,0.0
20264,108.75,33.72890625,0.0
20265,112.5,33.29648437500001,0.0
20266,112.5,33.72890625,0.0
20267,108.75,34.161328125,0.0
20268,108.75,34.59375,0.0
20269,112.5,34.161328125,0.0
20270,112.5,34.59375,0.0
20271,108.75,35.026171875,0.0
20272,108.75,35.45859375,0.0
20273,112.5,35.026171875,0.0
20274,112.5,35.45859375,0.0
20275,108.75,35.89101562499999,0.0
20276,108.75,36.3234375,0.0
20277,112.5,35.89101562499999,0.0
20278,112.5,36.3234375,0.0
20279,108.75,36.755859375,0.0
20280,108.75,37.18828125,0.0
20281,112.5,36.755859375,0.0
20282,112.5,37.18828125,0.0
20283,108.75,37.62070312500001,0.0
20284,108.75,38.053125,0.0
20285,112.5,37.62070312500001,0.0
20286,112.5,38.053125,0.0
20287,108.75,38.485546875,0.0
20288,108.75,38.91796875,0.0
20289,112.5,38.485546875,0.0
20290,112.5,38.91796875,0.0
20291,108.75,39.350390625,0.0
20292,108.75,39.78281250000001,0.0
20293,112.5,39.350390625,0.0
20294,112.5,39.78281250000001,0.0
20295,108.75,40.21523437500001,0.0
20296,108.75,40.64765625,0.0
20297,112.5,40.21523437500001,0.0
20298,112.5,40.64765625,0.0
20299,108.75,41.080078125,0.0
20300,108.75,41.5125,0.0
20301,112.5,41.080078125,0.0
20302,112.5,41.5125,0.0
20303,108.75,41.94492187500001,0.0
20304,108.75,42.37734375,0.0
20305,112.5,41.94492187500001,0.0
20306,112.5,42.37734375,0.0
20307,108.75,42.809765625,0.0
20308,108.75,43.2421875,0.0
20309,112.5,42.809765625,0.0
20310,112.5,43.2421875,0.0
20311,108.75,43.674609375,0.0
20312,108.75,44.10703125000001,0.0
20313,112.5,43.674609375,0.0
20314,112.5,44.10703125000001,0.0
20315,108.75,44.53945312500001,0.0
20316,108.75,44.971875,0.0
20317,112.5,44.53945312500001,0.0
20318,112.5,44.971875,0.0
20319,108.75,45.404296875,0.0
20320,108.75,45.83671875,0.0
20321,112.5,45.404296875,0.0
20322,112.5,45.83671875,0.0
20323,108.75,46.26914062500001,0.0
20324,108.75,46.70156250000001,0.0
20325,112.5,46.26914062500001,0.0
20326,112.5,46.70156250000001,0.0
20327,108.75,47.13398437500001,0.0
20328,108.75,47.56640625000001,0.0
20329,112.5,47.13398437500001,0.0
20330,112.5,47.56640625000001,0.0
20331,108.75,47.998828125,0.0
20332,108.75,48.43125000000001,0.0
20333,112.5,47.998828125,0.0
20334,112.5,48.43125000000001,0.0
20335,108.75,48.86367187500001,0.0
20336,108.75,49.29609375,0.0
20337,112.5,48.86367187500001,0.0
20338,112.5,49.29609375,0.0
20339,108.75,49.728515625,0.0
20340,108.75,50.1609375,0.0
20341,112.5,49.728515625,0.0
20342,112.5,50.1609375,0.0
20343,108.75,50.59335937500001,0.0
20344,108.75,51.02578125,0.0
20345,112.5,50.59335937500001,0.0
20346,112.5,51.02578125,0.0
20347,108.75,51.458203125,0.0
20348,108.75,51.890625,0.0
20349,112.5,51.458203125,0.0
20350,112.5,51.890625,0.0
20351,108.75,52.323046875,0.0
20352,108.75,52.75546875,0.0
20353,112.5,52.323046875,0.0
20354,112.5,52.75546875,0.0
20355,108.75,53.18789062499999,0.0
20356,108.75,53.6203125,0.0
20357,112.5,53.18789062499999,0.0
20358,112.5,53.6203125,0.0
20359,108.75,54.052734375,0.0
20360,108.75,54.48515625,0.0
20361,112.5,54.052734375,0.0
20362,112.5,54.48515625,0.0
20363,108.75,54.91757812500001,0.0
20364,108.75,55.35,0.0
20365,112.5,54.91757812500001,0.0
20366,112.5,55.35,0.0
20367,116.25,0.01351318359375,0.0
20368,116.25,-0.0,0.0
20369,116.25,0.0270263671875,0.0
20370,116.25,0.04053955078125,0.0
20371,116.25,0.054052734375,0.0
20372,116.25,0.06756591796875,0.0
20373,116.25,0.0810791015625,0.0
20374,116.25,0.09459228515625001,0.0
20375,116.25,0.101348876953125,0.0
20376,116.25,0.10810546875,0.0
20377,116.25,0.114862060546875,0.0
20378,116.25,0.12161865234375,0.0
20379,116.25,0.128375244140625,0.0
20380,116.25,0.1351318359375,0.0
20381,116.25,0.141888427734375,0.0
20382,116.25,0.14864501953125,0.0
20383,116.25,0.155401611328125,0.0
20384,116.25,0.162158203125,0.0
20385,116.25,0.168914794921875,0.0
20386,116.25,0.17567138671875,0.0
20387,116.25,0.182427978515625,0.0
20388,116.25,0.1891845703125,0.0
20389,116.25,0.195941162109375,0.0
20390,116.25,0.2,0.0
20391,116.25,0.20269775390625,0.0
20392,116.25,0.209454345703125,0.0
20393,116.25,0.2162109375,0.0
20394,116.25,0.222967529296875,0.0
20395,116.25,0.22972412109375,0.0
20396,116.25,0.236480712890625,0.0
20397,116.25,0.2432373046875,0.0
20398,116.25,0.249993896484375,0.0
20399,116.25,0.25675048828125,0.0
20400,116.25,0.263507080078125,0.0
20401,116.25,0.270263671875,0.0
20402,116.25,0.277020263671875,0.0
20403,116.25,0.28377685546875,0.0
20404,116.25,0.290533447265625,0.0
20405,116.25,0.2972900390625,0.0
20406,116.25,0.304046630859375,0.0
20407,116.25,0.31080322265625,0.0
20408,116.25,0.32431640625,0.0
20409,116.25,0.3513427734375,0.0
20410,116.25,0.378369140625,0.0
20411,116.25,0.432421875,0.0
20412,116.25,0.54052734375,0.0
20413,116.25,0.6486328125,0.0
20414,116.25,0.86484375,0.0
20415,120.0,0.01351318359375,0.0
20416,120.0,0.0270263671875,0.0
20417,120.0,0.04053955078125,0.0
20418,120.0,0.054052734375,0.0
20419,120.0,0.06756591796875,0.0
20420,120.0,0.0810791015625,0.0
20421,120.0,0.09459228515625001,0.0
20422,120.0,0.101348876953125,0.0
20423,120.0,0.10810546875,0.0
20424,120.0,0.114862060546875,0.0
20425,120.0,0.12161865234375,0.0
20426,120.0,0.128375244140625,0.0
20427,120.0,0.1351318359375,0.0
20428,120.0,0.141888427734375,0.0
20429,120.0,0.14864501953125,0.0
20430,120.0,0.155401611328125,0.0
20431,120.0,0.162158203125,0.0
20432,120.0,0.168914794921875,0.0
20433,120.0,0.17567138671875,0.0
20434,120.0,0.182427978515625,0.0
20435,120.0,0.1891845703125,0.0
20436,120.0,0.195941162109375,0.0
20437,120.0,0.20269775390625,0.0
20438,120.0,0.209454345703125,0.0
20439,120.0,0.2162109375,0.0
20440,120.0,0.222967529296875,0.0
20441,120.0,0.22972412109375,0.0
20442,120.0,0.236480712890625,0.0
20443,120.0,0.2432373046875,0.0
20444,120.0,0.249993896484375,0.0
20445,120.0,0.25675048828125,0.0
20446,120.0,0.263507080078125,0.0
20447,120.0,0.270263671875,0.0
20448,120.0,0.277020263671875,0.0
20449,120.0,0.28377685546875,0.0
20450,120.0,0.290533447265625,0.0
20451,120.0,0.2972900390625,0.0
20452,120.0,0.304046630859375,0.0
20453,120.0,0.31080322265625,0.0
20454,120.0,0.32431640625,0.0
20455,120.0,0.3513427734375,0.0
20456,120.0,0.378369140625,0.0
20457,120.0,0.432421875,0.0
20458,120.0,0.54052734375,0.0
20459,120.0,0.6486328125,0.0
20460,120.0,0.86484375,0.0
20461,116.25,1.297265625,0.0
20462,116.25,1.7296875,0.0
20463,120.0,1.297265625,0.0
20464,120.0,1.7296875,0.0
20465,116.25,2.162109375,0.0
20466,116.25,2.59453125,0.0
20467,120.0,2.162109375,0.0
20468,120.0,2.59453125,0.0
20469,116.25,3.026953125,0.0
20470,116.25,3.459375,0.0
20471,120.0,3.026953125,0.0
20472,120.0,3.459375,0.0
20473,116.25,3.891796875,0.0
20474,116.25,4.32421875,0.0
20475,120.0,3.891796875,0.0
20476,120.0,4.32421875,0.0
20477,116.25,4.756640625,0.0
20478,116.25,5.1890625,0.0
20479,120.0,4.756640625,0.0
20480,120.0,5.1890625,0.0
20481,116.25,5.621484375000001,0.0
20482,116.25,6.053906250000001,0.0
20483,120.0,5.621484375000001,0.0
20484,120.0,6.053906250000001,0.0
20485,116.25,6.486328125,0.0
20486,116.25,6.91875,0.0
20487,120.0,6.486328125,0.0
20488,120.0,6.91875,0.0
20489,116.25,7.351171875,0.0
20490,116.25,7.78359375,0.0
20491,120.0,7.351171875,0.0
20492,120.0,7.78359375,0.0
20493,116.25,8.216015625,0.0
20494,116.25,8.6484375,0.0
20495,120.0,8.216015625,0.0
20496,120.0,8.6484375,0.0
20497,116.25,9.080859375,0.0
20498,116.25,9.51328125,0.0
20499,120.0,9.080859375,0.0
20500,120.0,9.51328125,0.0
20501,116.25,9.945703125000001,0.0
20502,116.25,10.378125,0.0
20503,120.0,9.945703125000001,0.0
20504,120.0,10.378125,0.0
20505,116.25,10.810546875,0.0
20506,116.25,11.24296875,0.0
20507,120.0,10.810546875,0.0
20508,120.0,11.24296875,0.0
20509,116.25,11.675390625,0.0
20510,116.25,12.1078125,0.0
20511,120.0,11.675390625,0.0
20512,120.0,12.1078125,0.0
20513,116.25,12.540234375,0.0
20514,116.25,12.97265625,0.0
20515,120.0,12.540234375,0.0
20516,120.0,12.97265625,0.0
20517,116.25,13.405078125,0.0
20518,116.25,13.8375,0.0
20519,120.0,13.405078125,0.0
20520,120.0,13.8375,0.0
20521,116.25,14.269921875,0.0
20522,116.25,14.70234375,0.0
20523,120.0,14.269921875,0.0
20524,120.0,14.70234375,0.0
20525,116.25,15.134765625,0.0
20526,116.25,15.5671875,0.0
20527,120.0,15.134765625,0.0
20528,120.0,15.5671875,0.0
20529,116.25,15.999609375,0.0
20530,116.25,16.43203125,0.0
20531,120.0,15.999609375,0.0
20532,120.0,16.43203125,0.0
20533,116.25,16.864453125,0.0
20534,116.25,17.296875,0.0
20535,120.0,16.864453125,0.0
20536,120.0,17.296875,0.0
20537,116.25,17.729296875,0.0
20538,116.25,18.16171875,0.0
20539,120.0,17.729296875,0.0
20540,120.0,18.16171875,0.0
20541,116.25,18.594140625,0.0
20542,116.25,19.0265625,0.0
20543,120.0,18.594140625,0.0
20544,120.0,19.0265625,0.0
20545,116.25,19.458984375,0.0
20546,116.25,19.89140625,0.0
20547,120.0,19.458984375,0.0
20548,120.0,19.89140625,0.0
20549,116.25,20.323828125,0.0
20550,116.25,20.75625,0.0
20551,120.0,20.323828125,0.0
20552,120.0,20.75625,0.0
20553,116.25,21.188671875,0.0
20554,116.25,21.62109375,0.0
20555,120.0,21.188671875,0.0
20556,120.0,21.62109375,0.0
20557,116.25,22.053515625,0.0
20558,116.25,22.4859375,0.0
20559,120.0,22.053515625,0.0
20560,120.0,22.4859375,0.0
20561,116.25,22.918359375,0.0
20562,116.25,23.35078125,0.0
20563,120.0,22.918359375,0.0
20564,120.0,23.35078125,0.0
20565,116.25,23.783203125,0.0
20566,116.25,24.215625,0.0
20567,120.0,23.783203125,0.0
20568,120.0,24.215625,0.0
20569,116.25,24.648046875,0.0
20570,116.25,25.08046875,0.0
20571,120.0,24.648046875,0.0
20572,120.0,25.08046875,0.0
20573,116.25,25.512890625,0.0
20574,116.25,25.9453125,0.0
20575,120.0,25.512890625,0.0
20576,120.0,25.9453125,0.0
20577,116.25,26.377734375,0.0
20578,116.25,26.81015625,0.0
20579,120.0,26.377734375,0.0
20580,120.0,26.81015625,0.0
20581,116.25,27.242578125,0.0
20582,116.25,27.675,0.0
20583,120.0,27.242578125,0.0
20584,120.0,27.675,0.0
20585,116.25,28.107421875,0.0
20586,116.25,28.53984375,0.0
20587,120.0,28.107421875,0.0
20588,120.0,28.53984375,0.0
20589,116.25,28.972265625,0.0
20590,116.25,29.4046875,0.0
20591,120.0,28.972265625,0.0
20592,120.0,29.4046875,0.0
20593,116.25,29.837109375,0.0
20594,116.25,30.26953125,0.0
20595,120.0,29.837109375,0.0
20596,120.0,30.26953125,0.0
20597,116.25,30.701953125,0.0
20598,116.25,31.134375,0.0
20599,120.0,30.701953125,0.0
20600,120.0,31.134375,0.0
20601,116.25,31.566796875,0.0
20602,116.25,31.99921875,0.0
20603,120.0,31.566796875,0.0
20604,120.0,31.99921875,0.0
20605,116.25,32.431640625,0.0
20606,116.25,32.8640625,0.0
20607,120.0,32.431640625,0.0
20608,120.0,32.8640625,0.0
20609,116.25,33.29648437500001,0.0
20610,116.25,33.72890625,0.0
20611,120.0,33.29648437500001,0.0
20612,120.0,33.72890625,0.0
20613,116.25,34.161328125,0.0
20614,116.25,34.59375,0.0
20615,120.0,34.161328125,0.0
20616,120.0,34.59375,0.0
20617,116.25,35.026171875,0.0
20618,116.25,35.45859375,0.0
20619,120.0,35.026171875,0.0
20620,120.0,35.45859375,0.0
20621,116.25,35.89101562499999,0.0
20622,116.25,36.3234375,0.0
20623,120.0,35.89101562499999,0.0
20624,120.0,36.3234375,0.0
20625,116.25,36.755859375,0.0
20626,116.25,37.18828125,0.0
20627,120.0,36.755859375,0.0
20628,120.0,37.18828125,0.0
20629,116.25,37.62070312500001,0.0
20630,116.25,38.053125,0.0
20631,120.0,37.62070312500001,0.0
20632,120.0,38.053125,0.0
20633,116.25,38.485546875,0.0
20634,116.25,38.91796875,0.0
20635,120.0,38.485546875,0.0
20636,120.0,38.91796875,0.0
20637,116.25,39.350390625,0.0
20638,116.25,39.78281250000001,0.0
20639,120.0,39.350390625,0.0
20640,120.0,39.78281250000001,0.0
20641,116.25,40.21523437500001,0.0
20642,116.25,40.64765625,0.0
20643,120.0,40.21523437500001,0.0
20644,120.0,40.64765625,0.0
20645,116.25,41.080078125,0.0
20646,116.25,41.5125,0.0
20647,120.0,41.080078125,0.0
20648,120.0,41.5125,0.0
20649,116.25,41.94492187500001,0.0
20650,116.25,42.37734375,0.0
20651,120.0,41.94492187500001,0.0
20652,120.0,42.37734375,0.0
20653,116.25,42.809765625,0.0
20654,116.25,43.2421875,0.0
20655,120.0,42.809765625,0.0
20656,120.0,43.2421875,0.0
20657,116.25,43.674609375,0.0
20658,116.25,44.10703125000001,0.0
20659,120.0,43.674609375,0.0
20660,120.0,44.10703125000001,0.0
20661,116.25,44.53945312500001,0.0
20662,116.25,44.971875,0.0
20663,120.0,44.53945312500001,0.0
20664,120.0,44.971875,0.0
20665,116.25,45.404296875,0.0
20666,116.25,45.83671875,0.0
20667,120.0,45.404296875,0.0
20668,120.0,45.83671875,0.0
20669,116.25,46.26914062500001,0.0
20670,116.25,46.70156250000001,0.0
20671,120.0,46.26914062500001,0.0
20672,120.0,46.70156250000001,0.0
20673,116.25,47.13398437500001,0.0
20674,116.25,47.56640625000001,0.0
20675,120.0,47.13398437500001,0.0
20676,120.0,47.56640625000001,0.0
20677,116.25,47.998828125,0.0
20678,116.25,48.43125000000001,0.0
20679,120.0,47.998828125,0.0
20680,120.0,48.43125000000001,0.0
20681,116.25,48.86367187500001,0.0
20682,116.25,49.29609375,0.0
20683,120.0,48.86367187500001,0.0
20684,120.0,49.29609375,0.0
20685,116.25,49.728515625,0.0
20686,116.25,50.1609375,0.0
20687,120.0,49.728515625,0.0
20688,120.0,50.1609375,0.0
20689,116.25,50.59335937500001,0.0
20690,116.25,51.02578125,0.0
20691,120.0,50.59335937500001,0.0
20692,120.0,51.02578125,0.0
20693,116.25,51.458203125,0.0
20694,116.25,51.890625,0.0
20695,120.0,51.458203125,0.0
20696,120.0,51.890625,0.0
20697,116.25,52.323046875,0.0
20698,116.25,52.75546875,0.0
20699,120.0,52.323046875,0.0
20700,120.0,52.75546875,0.0
20701,116.25,53.18789062499999,0.0
20702,116.25,53.6203125,0.0
20703,120.0,53.18789062499999,0.0
20704,120.0,53.6203125,0.0
20705,116.25,54.052734375,0.0
20706,116.25,54.48515625,0.0
20707,120.0,54.052734375,0.0
20708,120.0,54.48515625,0.0
20709,116.25,54.91757812500001,0.0
20710,116.25,55.35,0.0
20711,120.0,54.91757812500001,0.0
20712,120.0,55.35,0.0
20713,63.75,55.782421875,0.0
20714,63.75,56.21484375,0.0
20715,67.5,55.782421875,0.0
20716,67.5,56.21484375,0.0
20717,63.75,56.647265625,0.0
20718,63.75,57.07968750000001,0.0
20719,67.5,56.647265625,0.0
20720,67.5,57.07968750000001,0.0
20721,63.75,57.51210937500001,0.0
20722,63.75,57.94453125,0.0
20723,67.5,57.51210937500001,0.0
20724,67.5,57.94453125,0.0
20725,63.75,58.376953125,0.0
20726,63.75,58.809375,0.0
20727,67.5,58.376953125,0.0
20728,67.5,58.809375,0.0
20729,63.75,59.24179687500001,0.0
20730,63.75,59.67421875,0.0
20731,67.5,59.24179687500001,0.0
20732,67.5,59.67421875,0.0
20733,63.75,60.106640625,0.0
20734,63.75,60.5390625,0.0
20735,67.5,60.106640625,0.0
20736,67.5,60.5390625,0.0
20737,63.75,60.971484375,0.0
20738,63.75,61.40390625,0.0
20739,67.5,60.971484375,0.0
20740,67.5,61.40390625,0.0
20741,63.75,61.83632812499999,0.0
20742,63.75,62.26875,0.0
20743,67.5,61.83632812499999,0.0
20744,67.5,62.26875,0.0
20745,63.75,62.701171875,0.0
20746,63.75,63.13359375,0.0
20747,67.5,62.701171875,0.0
20748,67.5,63.13359375,0.0
20749,63.75,63.56601562500001,0.0
20750,63.75,63.9984375,0.0
20751,67.5,63.56601562500001,0.0
20752,67.5,63.9984375,0.0
20753,63.75,64.430859375,0.0
20754,63.75,64.86328125,0.0
20755,67.5,64.430859375,0.0
20756,67.5,64.86328125,0.0
20757,63.75,65.295703125,0.0
20758,63.75,65.728125,0.0
20759,67.5,65.295703125,0.0
20760,67.5,65.728125,0.0
20761,63.75,66.16054687500001,0.0
20762,63.75,66.59296875000001,0.0
20763,67.5,66.16054687500001,0.0
20764,67.5,66.59296875000001,0.0
20765,63.75,67.025390625,0.0
20766,63.75,67.4578125,0.0
20767,67.5,67.025390625,0.0
20768,67.5,67.4578125,0.0
20769,63.75,67.890234375,0.0
20770,63.75,68.32265625,0.0
20771,67.5,67.890234375,0.0
20772,67.5,68.32265625,0.0
20773,63.75,68.755078125,0.0
20774,63.75,69.1875,0.0
20775,67.5,68.755078125,0.0
20776,67.5,69.1875,0.0
20777,71.25,55.782421875,0.0
20778,71.25,56.21484375,0.0
20779,75.0,55.782421875,0.0
20780,75.0,56.21484375,0.0
20781,71.25,56.647265625,0.0
20782,71.25,57.07968750000001,0.0
20783,75.0,56.647265625,0.0
20784,75.0,57.07968750000001,0.0
20785,71.25,57.51210937500001,0.0
20786,71.25,57.94453125,0.0
20787,75.0,57.51210937500001,0.0
20788,75.0,57.94453125,0.0
20789,71.25,58.376953125,0.0
20790,71.25,58.809375,0.0
20791,75.0,58.376953125,0.0
20792,75.0,58.809375,0.0
20793,71.25,59.24179687500001,0.0
20794,71.25,59.67421875,0.0
20795,75.0,59.24179687500001,0.0
20796,75.0,59.67421875,0.0
20797,71.25,60.106640625,0.0
20798,71.25,60.5390625,0.0
20799,75.0,60.106640625,0.0
20800,75.0,60.5390625,0.0
20801,71.25,60.971484375,0.0
20802,71.25,61.40390625,0.0
20803,75.0,60.971484375,0.0
20804,75.0,61.40390625,0.0
20805,71.25,61.83632812499999,0.0
20806,71.25,62.26875,0.0
20807,75.0,61.83632812499999,0.0
20808,75.0,62.26875,0.0
20809,71.25,62.701171875,0.0
20810,71.25,63.13359375,0.0
20811,75.0,62.701171875,0.0
20812,75.0,63.13359375,0.0
20813,71.25,63.56601562500001,0.0
20814,71.25,63.9984375,0.0
20815,75.0,63.56601562500001,0.0
20816,75.0,63.9984375,0.0
20817,71.25,64.430859375,0.0
20818,71.25,64.86328125,0.0
20819,75.0,64.430859375,0.0
20820,75.0,64.86328125,0.0
20821,71.25,65.295703125,0.0
20822,71.25,65.728125,0.0
20823,75.0,65.295703125,0.0
20824,75.0,65.728125,0.0
20825,71.25,66.16054687500001,0.0
20826,71.25,66.59296875000001,0.0
20827,75.0,66.16054687500001,0.0
20828,75.0,66.59296875000001,0.0
20829,71.25,67.025390625,0.0
20830,71.25,67.4578125,0.0
20831,75.0,67.025390625,0.0
20832,75.0,67.4578125,0.0
20833,71.25,67.890234375,0.0
20834,71.25,68.32265625,0.0
20835,75.0,67.890234375,0.0
20836,75.0,68.32265625,0.0
20837,71.25,68.755078125,0.0
20838,71.25,69.1875,0.0
20839,75.0,68.755078125,0.0
20840,75.0,69.1875,0.0
20841,63.75,69.619921875,0.0
20842,63.75,70.05234375,0.0
20843,67.5,69.619921875,0.0
20844,67.5,70.05234375,0.0
20845,63.75,70.484765625,0.0
20846,63.75,70.9171875,0.0
20847,67.5,70.484765625,0.0
20848,67.5,70.9171875,0.0
20849,63.75,71.349609375,0.0
20850,63.75,71.78203124999999,0.0
20851,67.5,71.349609375,0.0
20852,67.5,71.78203124999999,0.0
20853,63.75,72.21445312499999,0.0
20854,63.75,72.646875,0.0
20855,67.5,72.21445312499999,0.0
20856,67.5,72.646875,0.0
20857,63.75,73.079296875,0.0
20858,63.75,73.51171875,0.0
20859,67.5,73.079296875,0.0
20860,67.5,73.51171875,0.0
20861,63.75,73.944140625,0.0
20862,63.75,74.3765625,0.0
20863,67.5,73.944140625,0.0
20864,67.5,74.3765625,0.0
20865,63.75,74.80898437500001,0.0
20866,63.75,75.24140625000001,0.0
20867,67.5,74.80898437500001,0.0
20868,67.5,75.24140625000001,0.0
20869,63.75,75.673828125,0.0
20870,63.75,76.10625,0.0
20871,67.5,75.673828125,0.0
20872,67.5,76.10625,0.0
20873,63.75,76.538671875,0.0
20874,63.75,76.97109375,0.0
20875,67.5,76.538671875,0.0
20876,67.5,76.97109375,0.0
20877,63.75,77.403515625,0.0
20878,63.75,77.8359375,0.0
20879,67.5,77.403515625,0.0
20880,67.5,77.8359375,0.0
20881,63.75,78.268359375,0.0
20882,63.75,78.70078125,0.0
20883,67.5,78.268359375,0.0
20884,67.5,78.70078125,0.0
20885,63.75,79.13320312500001,0.0
20886,63.75,79.56562500000001,0.0
20887,67.5,79.13320312500001,0.0
20888,67.5,79.56562500000001,0.0
20889,63.75,79.99804687500001,0.0
20890,63.75,80.43046875000002,0.0
20891,67.5,79.99804687500001,0.0
20892,67.5,80.43046875000002,0.0
20893,63.75,80.862890625,0.0
20894,63.75,81.29531250000001,0.0
20895,67.5,80.862890625,0.0
20896,67.5,81.29531250000001,0.0
20897,63.75,81.72773437500001,0.0
20898,63.75,82.16015625,0.0
20899,67.5,81.72773437500001,0.0
20900,67.5,82.16015625,0.0
20901,63.75,82.592578125,0.0
20902,63.75,83.025,0.0
20903,67.5,82.592578125,0.0
20904,67.5,83.025,0.0
20905,71.25,69.619921875,0.0
20906,71.25,70.05234375,0.0
20907,75.0,69.619921875,0.0
20908,75.0,70.05234375,0.0
20909,71.25,70.484765625,0.0
20910,71.25,70.9171875,0.0
20911,75.0,70.484765625,0.0
20912,75.0,70.9171875,0.0
20913,71.25,71.349609375,0.0
20914,71.25,71.78203124999999,0.0
20915,75.0,71.349609375,0.0
20916,75.0,71.78203124999999,0.0
20917,71.25,72.21445312499999,0.0
20918,71.25,72.646875,0.0
20919,75.0,72.21445312499999,0.0
20920,75.0,72.646875,0.0
20921,71.25,73.079296875,0.0
20922,71.25,73.51171875,0.0
20923,75.0,73.079296875,0.0
20924,75.0,73.51171875,0.0
20925,71.25,73.944140625,0.0
20926,71.25,74.3765625,0.0
20927,75.0,73.944140625,0.0
20928,75.0,74.3765625,0.0
20929,71.25,74.80898437500001,0.0
20930,71.25,75.24140625000001,0.0
20931,75.0,74.80898437500001,0.0
20932,75.0,75.24140625000001,0.0
20933,71.25,75.673828125,0.0
20934,71.25,76.10625,0.0
20935,75.0,75.673828125,0.0
20936,75.0,76.10625,0.0
20937,71.25,76.538671875,0.0
20938,71.25,76.97109375,0.0
20939,75.0,76.538671875,0.0
20940,75.0,76.97109375,0.0
20941,71.25,77.403515625,0.0
20942,71.25,77.8359375,0.0
20943,75.0,77.403515625,0.0
20944,75.0,77.8359375,0.0
20945,71.25,78.268359375,0.0
20946,71.25,78.70078125,0.0
20947,75.0,78.268359375,0.0
20948,75.0,78.70078125,0.0
20949,71.25,79.13320312500001,0.0
20950,71.25,79.56562500000001,0.0
20951,75.0,79.13320312500001,0.0
20952,75.0,79.56562500000001,0.0
20953,71.25,79.99804687500001,0.0
20954,71.25,80.43046875000002,0.0
20955,75.0,79.99804687500001,0.0
20956,75.0,80.43046875000002,0.0
20957,71.25,80.862890625,0.0
20958,71.25,81.29531250000001,0.0
20959,75.0,80.862890625,0.0
20960,75.0,81.29531250000001,0.0
20961,71.25,81.72773437500001,0.0
20962,71.25,82.16015625,0.0
20963,75.0,81.72773437500001,0.0
20964,75.0,82.16015625,0.0
20965,71.25,82.592578125,0.0
20966,71.25,83.025,0.0
20967,75.0,82.592578125,0.0
20968,75.0,83.025,0.0
20969,78.75,55.782421875,0.0
20970,78.75,56.21484375,0.0
20971,82.5,55.782421875,0.0
20972,82.5,56.21484375,0.0
20973,78.75,56.647265625,0.0
20974,78.75,57.07968750000001,0.0
20975,82.5,56.647265625,0.0
20976,82.5,57.07968750000001,0.0
20977,78.75,57.51210937500001,0.0
20978,78.75,57.94453125,0.0
20979,82.5,57.51210937500001,0.0
20980,82.5,57.94453125,0.0
20981,78.75,58.376953125,0.0
20982,78.75,58.809375,0.0
20983,82.5,58.376953125,0.0
20984,82.5,58.809375,0.0
20985,78.75,59.24179687500001,0.0
20986,78.75,59.67421875,0.0
20987,82.5,59.24179687500001,0.0
20988,82.5,59.67421875,0.0
20989,78.75,60.106640625,0.0
20990,78.75,60.5390625,0.0
20991,82.5,60.106640625,0.0
20992,82.5,60.5390625,0.0
20993,78.75,60.971484375,0.0
20994,78.75,61.40390625,0.0
20995,82.5,60.971484375,0.0
20996,82.5,61.40390625,0.0
20997,78.75,61.83632812499999,0.0
20998,78.75,62.26875,0.0
20999,82.5,61.83632812499999,0.0
21000,82.5,62.26875,0.0
21001,78.75,62.701171875,0.0
21002,78.75,63.13359375,0.0
21003,82.5,62.701171875,0.0
21004,82.5,63.13359375,0.0
21005,78.75,63.56601562500001,0.0
21006,78.75,63.9984375,0.0
21007,82.5,63.56601562500001,0.0
21008,82.5,63.9984375,0.0
21009,78.75,64.430859375,0.0
21010,78.75,64.86328125,0.0
21011,82.5,64.430859375,0.0
21012,82.5,64.86328125,0.0
21013,78.75,65.295703125,0.0
21014,78.75,65.728125,0.0
21015,82.5,65.295703125,0.0
21016,82.5,65.728125,0.0
21017,78.75,66.16054687500001,0.0
21018,78.75,66.59296875000001,0.0
21019,82.5,66.16054687500001,0.0
21020,82.5,66.59296875000001,0.0
21021,78.75,67.025390625,0.0
21022,78.75,67.4578125,0.0
21023,82.5,67.025390625,0.0
21024,82.5,67.4578125,0.0
21025,78.75,67.890234375,0.0
21026,78.75,68.32265625,0.0
21027,82.5,67.890234375,0.0
21028,82.5,68.32265625,0.0
21029,78.75,68.755078125,0.0
21030,78.75,69.1875,0.0
21031,82.5,68.755078125,0.0
21032,82.5,69.1875,0.0
21033,86.25,55.782421875,0.0
21034,86.25,56.21484375,0.0
21035,90.0,55.782421875,0.0
21036,90.0,56.21484375,0.0
21037,86.25,56.647265625,0.0
21038,86.25,57.07968750000001,0.0
21039,90.0,56.647265625,0.0
21040,90.0,57.07968750000001,0.0
21041,86.25,57.51210937500001,0.0
21042,86.25,57.94453125,0.0
21043,90.0,57.51210937500001,0.0
21044,90.0,57.94453125,0.0
21045,86.25,58.376953125,0.0
21046,86.25,58.809375,0.0
21047,90.0,58.376953125,0.0
21048,90.0,58.809375,0.0
21049,86.25,59.24179687500001,0.0
21050,86.25,59.67421875,0.0
21051,90.0,59.24179687500001,0.0
21052,90.0,59.67421875,0.0
21053,86.25,60.106640625,0.0
21054,86.25,60.5390625,0.0
21055,90.0,60.106640625,0.0
21056,90.0,60.5390625,0.0
21057,86.25,60.971484375,0.0
21058,86.25,61.40390625,0.0
21059,90.0,60.971484375,0.0
21060,90.0,61.40390625,0.0
21061,86.25,61.83632812499999,0.0
21062,86.25,62.26875,0.0
21063,90.0,61.83632812499999,0.0
21064,90.0,62.26875,0.0
21065,86.25,62.701171875,0.0
21066,86.25,63.13359375,0.0
21067,90.0,62.701171875,0.0
21068,90.0,63.13359375,0.0
21069,86.25,63.56601562500001,0.0
21070,86.25,63.9984375,0.0
21071,90.0,63.56601562500001,0.0
21072,90.0,63.9984375,0.0
21073,86.25,64.430859375,0.0
21074,86.25,64.86328125,0.0
21075,90.0,64.430859375,0.0
21076,90.0,64.86328125,0.0
21077,86.25,65.295703125,0.0
21078,86.25,65.728125,0.0
21079,90.0,65.295703125,0.0
21080,90.0,65.728125,0.0
21081,86.25,66.16054687500001,0.0
21082,86.25,66.59296875000001,0.0
21083,90.0,66.16054687500001,0.0
21084,90.0,66.59296875000001,0.0
21085,86.25,67.025390625,0.0
21086,86.25,67.4578125,0.0
21087,90.0,67.025390625,0.0
21088,90.0,67.4578125,0.0
21089,86.25,67.890234375,0.0
21090,86.25,68.32265625,0.0
21091,90.0,67.890234375,0.0
21092,90.0,68.32265625,0.0
21093,86.25,68.755078125,0.0
21094,86.25,69.1875,0.0
21095,90.0,68.755078125,0.0
21096,90.0,69.1875,0.0
21097,78.75,69.619921875,0.0
21098,78.75,70.05234375,0.0
21099,82.5,69.619921875,0.0
21100,82.5,70.05234375,0.0
21101,78.75,70.484765625,0.0
21102,78.75,70.9171875,0.0
21103,82.5,70.484765625,0.0
21104,82.5,70.9171875,0.0
21105,78.75,71.349609375,0.0
21106,78.75,71.78203124999999,0.0
21107,82.5,71.349609375,0.0
21108,82.5,71.78203124999999,0.0
21109,78.75,72.21445312499999,0.0
21110,78.75,72.646875,0.0
21111,82.5,72.21445312499999,0.0
21112,82.5,72.646875,0.0
21113,78.75,73.079296875,0.0
21114,78.75,73.51171875,0.0
21115,82.5,73.079296875,0.0
21116,82.5,73.51171875,0.0
21117,78.75,73.944140625,0.0
21118,78.75,74.3765625,0.0
21119,82.5,73.944140625,0.0
21120,82.5,74.3765625,0.0
21121,78.75,74.80898437500001,0.0
21122,78.75,75.24140625000001,0.0
21123,82.5,74.80898437500001,0.0
21124,82.5,75.24140625000001,0.0
21125,78.75,75.673828125,0.0
21126,78.75,76.10625,0.0
21127,82.5,75.673828125,0.0
21128,82.5,76.10625,0.0
21129,78.75,76.538671875,0.0
21130,78.75,76.97109375,0.0
21131,82.5,76.538671875,0.0
21132,82.5,76.97109375,0.0
21133,78.75,77.403515625,0.0
21134,78.75,77.8359375,0.0
21135,82.5,77.403515625,0.0
21136,82.5,77.8359375,0.0
21137,78.75,78.268359375,0.0
21138,78.75,78.70078125,0.0
21139,82.5,78.268359375,0.0
21140,82.5,78.70078125,0.0
21141,78.75,79.13320312500001,0.0
21142,78.75,79.56562500000001,0.0
21143,82.5,79.13320312500001,0.0
21144,82.5,79.56562500000001,0.0
21145,78.75,79.99804687500001,0.0
21146,78.75,80.43046875000002,0.0
21147,82.5,79.99804687500001,0.0
21148,82.5,80.43046875000002,0.0
21149,78.75,80.862890625,0.0
21150,78.75,81.29531250000001,0.0
21151,82.5,80.862890625,0.0
21152,82.5,81.29531250000001,0.0
21153,78.75,81.72773437500001,0.0
21154,78.75,82.16015625,0.0
21155,82.5,81.72773437500001,0.0
21156,82.5,82.16015625,0.0
21157,78.75,82.592578125,0.0
21158,78.75,83.025,0.0
21159,82.5,82.592578125,0.0
21160,82.5,83.025,0.0
21161,86.25,69.619921875,0.0
21162,86.25,70.05234375,0.0
21163,90.0,69.619921875,0.0
21164,90.0,70.05234375,0.0
21165,86.25,70.484765625,0.0
21166,86.25,70.9171875,0.0
21167,90.0,70.484765625,0.0
21168,90.0,70.9171875,0.0
21169,86.25,71.349609375,0.0
21170,86.25,71.78203124999999,0.0
21171,90.0,71.349609375,0.0
21172,90.0,71.78203124999999,0.0
21173,86.25,72.21445312499999,0.0
21174,86.25,72.646875,0.0
21175,90.0,72.21445312499999,0.0
21176,90.0,72.646875,0.0
21177,86.25,73.079296875,0.0
21178,86.25,73.51171875,0.0
21179,90.0,73.079296875,0.0
21180,90.0,73.51171875,0.0
21181,86.25,73.944140625,0.0
21182,86.25,74.3765625,0.0
21183,90.0,73.944140625,0.0
21184,90.0,74.3765625,0.0
21185,86.25,74.80898437500001,0.0
21186,86.25,75.24140625000001,0.0
21187,90.0,74.80898437500001,0.0
21188,90.0,75.24140625000001,0.0
21189,86.25,75.673828125,0.0
21190,86.25,76.10625,0.0
21191,90.0,75.673828125,0.0
21192,90.0,76.10625,0.0
21193,86.25,76.538671875,0.0
21194,86.25,76.97109375,0.0
21195,90.0,76.538671875,0.0
21196,90.0,76.97109375,0.0
21197,86.25,77.403515625,0.0
21198,86.25,77.8359375,0.0
21199,90.0,77.403515625,0.0
21200,90.0,77.8359375,0.0
21201,86.25,78.268359375,0.0
21202,86.25,78.70078125,0.0
21203,90.0,78.268359375,0.0
21204,90.0,78.70078125,0.0
21205,86.25,79.13320312500001,0.0
21206,86.25,79.56562500000001,0.0
21207,90.0,79.13320312500001,0.0
21208,90.0,79.56562500000001,0.0
21209,86.25,79.99804687500001,0.0
21210,86.25,80.43046875000002,0.0
21211,90.0,79.99804687500001,0.0
21212,90.0,80.43046875000002,0.0
21213,86.25,80.862890625,0.0
21214,86.25,81.29531250000001,0.0
21215,90.0,80.862890625,0.0
21216,90.0,81.29531250000001,0.0
21217,86.25,81.72773437500001,0.0
21218,86.25,82.16015625,0.0
21219,90.0,81.72773437500001,0.0
21220,90.0,82.16015625,0.0
21221,86.25,82.592578125,0.0
21222,86.25,83.025,0.0
21223,90.0,82.592578125,0.0
21224,90.0,83.025,0.0
21225,63.75,83.45742187500001,0.0
21226,63.75,83.88984375000001,0.0
21227,67.5,83.45742187500001,0.0
21228,67.5,83.88984375000001,0.0
21229,63.75,84.322265625,0.0
21230,63.75,84.7546875,0.0
21231,67.5,84.322265625,0.0
21232,67.5,84.7546875,0.0
21233,63.75,85.187109375,0.0
21234,63.75,85.61953125,0.0
21235,67.5,85.187109375,0.0
21236,67.5,85.61953125,0.0
21237,63.75,86.051953125,0.0
21238,63.75,86.484375,0.0
21239,67.5,86.051953125,0.0
21240,67.5,86.484375,0.0
21241,63.75,86.916796875,0.0
21242,63.75,87.34921875,0.0
21243,67.5,86.916796875,0.0
21244,67.5,87.34921875,0.0
21245,63.75,87.78164062500001,0.0
21246,63.75,88.21406250000001,0.0
21247,67.5,87.78164062500001,0.0
21248,67.5,88.21406250000001,0.0
21249,63.75,88.64648437500001,0.0
21250,63.75,89.07890625000002,0.0
21251,67.5,88.64648437500001,0.0
21252,67.5,89.07890625000002,0.0
21253,63.75,89.511328125,0.0
21254,63.75,89.94375000000001,0.0
21255,67.5,89.511328125,0.0
21256,67.5,89.94375000000001,0.0
21257,63.75,90.37617187500001,0.0
21258,63.75,90.80859375,0.0
21259,67.5,90.37617187500001,0.0
21260,67.5,90.80859375,0.0
21261,63.75,91.241015625,0.0
21262,63.75,91.6734375,0.0
21263,67.5,91.241015625,0.0
21264,67.5,91.6734375,0.0
21265,63.75,92.10585937500001,0.0
21266,63.75,92.53828125000001,0.0
21267,67.5,92.10585937500001,0.0
21268,67.5,92.53828125000001,0.0
21269,63.75,92.97070312500001,0.0
21270,63.75,93.40312500000002,0.0
21271,67.5,92.97070312500001,0.0
21272,67.5,93.40312500000002,0.0
21273,63.75,93.83554687500002,0.0
21274,63.75,94.26796875000002,0.0
21275,67.5,93.83554687500002,0.0
21276,67.5,94.26796875000002,0.0
21277,63.75,94.70039062500001,0.0
21278,63.75,95.13281250000001,0.0
21279,67.5,94.70039062500001,0.0
21280,67.5,95.13281250000001,0.0
21281,63.75,95.56523437500002,0.0
21282,63.75,95.99765625,0.0
21283,67.5,95.56523437500002,0.0
21284,67.5,95.99765625,0.0
21285,63.75,96.43007812500001,0.0
21286,63.75,96.86250000000001,0.0
21287,67.5,96.43007812500001,0.0
21288,67.5,96.86250000000001,0.0
21289,71.25,83.45742187500001,0.0
21290,71.25,83.88984375000001,0.0
21291,75.0,83.45742187500001,0.0
21292,75.0,83.88984375000001,0.0
21293,71.25,84.322265625,0.0
21294,71.25,84.7546875,0.0
21295,75.0,84.322265625,0.0
21296,75.0,84.7546875,0.0
21297,71.25,85.187109375,0.0
21298,71.25,85.61953125,0.0
21299,75.0,85.187109375,0.0
21300,75.0,85.61953125,0.0
21301,71.25,86.051953125,0.0
21302,71.25,86.484375,0.0
21303,75.0,86.051953125,0.0
21304,75.0,86.484375,0.0
21305,71.25,86.916796875,0.0
21306,71.25,87.34921875,0.0
21307,75.0,86.916796875,0.0
21308,75.0,87.34921875,0.0
21309,71.25,87.78164062500001,0.0
21310,71.25,88.21406250000001,0.0
21311,75.0,87.78164062500001,0.0
21312,75.0,88.21406250000001,0.0
21313,71.25,88.64648437500001,0.0
21314,71.25,89.07890625000002,0.0
21315,75.0,88.64648437500001,0.0
21316,75.0,89.07890625000002,0.0
21317,71.25,89.511328125,0.0
21318,71.25,89.94375000000001,0.0
21319,75.0,89.511328125,0.0
21320,75.0,89.94375000000001,0.0
21321,71.25,90.37617187500001,0.0
21322,71.25,90.80859375,0.0
21323,75.0,90.37617187500001,0.0
21324,75.0,90.80859375,0.0
21325,71.25,91.241015625,0.0
21326,71.25,91.6734375,0.0
21327,75.0,91.241015625,0.0
21328,75.0,91.6734375,0.0
21329,71.25,92.10585937500001,0.0
21330,71.25,92.53828125000001,0.0
21331,75.0,92.10585937500001,0.0
21332,75.0,92.53828125000001,0.0
21333,71.25,92.97070312500001,0.0
21334,71.25,93.40312500000002,0.0
21335,75.0,92.97070312500001,0.0
21336,75.0,93.40312500000002,0.0
21337,71.25,93.83554687500002,0.0
21338,71.25,94.26796875000002,0.0
21339,75.0,93.83554687500002,0.0
21340,75.0,94.26796875000002,0.0
21341,71.25,94.70039062500001,0.0
21342,71.25,95.13281250000001,0.0
21343,75.0,94.70039062500001,0.0
21344,75.0,95.13281250000001,0.0
21345,71.25,95.56523437500002,0.0
21346,71.25,95.99765625,0.0
21347,75.0,95.56523437500002,0.0
21348,75.0,95.99765625,0.0
21349,71.25,96.43007812500001,0.0
21350,71.25,96.86250000000001,0.0
21351,75.0,96.43007812500001,0.0
21352,75.0,96.86250000000001,0.0
21353,78.75,83.45742187500001,0.0
21354,78.75,83.88984375000001,0.0
21355,82.5,83.45742187500001,0.0
21356,82.5,83.88984375000001,0.0
21357,78.75,84.322265625,0.0
21358,78.75,84.7546875,0.0
21359,82.5,84.322265625,0.0
21360,82.5,84.7546875,0.0
21361,78.75,85.187109375,0.0
21362,78.75,85.61953125,0.0
21363,82.5,85.187109375,0.0
21364,82.5,85.61953125,0.0
21365,78.75,86.051953125,0.0
21366,78.75,86.484375,0.0
21367,82.5,86.051953125,0.0
21368,82.5,86.484375,0.0
21369,78.75,86.916796875,0.0
21370,78.75,87.34921875,0.0
21371,82.5,86.916796875,0.0
21372,82.5,87.34921875,0.0
21373,78.75,87.78164062500001,0.0
21374,78.75,88.21406250000001,0.0
21375,82.5,87.78164062500001,0.0
21376,82.5,88.21406250000001,0.0
21377,78.75,88.64648437500001,0.0
21378,78.75,89.07890625000002,0.0
21379,82.5,88.64648437500001,0.0
21380,82.5,89.07890625000002,0.0
21381,78.75,89.511328125,0.0
21382,78.75,89.94375000000001,0.0
21383,82.5,89.511328125,0.0
21384,82.5,89.94375000000001,0.0
21385,78.75,90.37617187500001,0.0
21386,78.75,90.80859375,0.0
21387,82.5,90.37617187500001,0.0
21388,82.5,90.80859375,0.0
21389,78.75,91.241015625,0.0
21390,78.75,91.6734375,0.0
21391,82.5,91.241015625,0.0
21392,82.5,91.6734375,0.0
21393,78.75,92.10585937500001,0.0
21394,78.75,92.53828125000001,0.0
21395,82.5,92.10585937500001,0.0
21396,82.5,92.53828125000001,0.0
21397,78.75,92.97070312500001,0.0
21398,78.75,93.40312500000002,0.0
21399,82.5,92.97070312500001,0.0
21400,82.5,93.40312500000002,0.0
21401,78.75,93.83554687500002,0.0
21402,78.75,94.26796875000002,0.0
21403,82.5,93.83554687500002,0.0
21404,82.5,94.26796875000002,0.0
21405,78.75,94.70039062500001,0.0
21406,78.75,95.13281250000001,0.0
21407,82.5,94.70039062500001,0.0
21408,82.5,95.13281250000001,0.0
21409,78.75,95.56523437500002,0.0
21410,78.75,95.99765625,0.0
21411,82.5,95.56523437500002,0.0
21412,82.5,95.99765625,0.0
21413,78.75,96.43007812500001,0.0
21414,78.75,96.86250000000001,0.0
21415,82.5,96.43007812500001,0.0
21416,82.5,96.86250000000001,0.0
21417,86.25,83.45742187500001,0.0
21418,86.25,83.88984375000001,0.0
21419,90.0,83.45742187500001,0.0
21420,90.0,83.88984375000001,0.0
21421,86.25,84.322265625,0.0
21422,86.25,84.7546875,0.0
21423,90.0,84.322265625,0.0
21424,90.0,84.7546875,0.0
21425,86.25,85.187109375,0.0
21426,86.25,85.61953125,0.0
21427,90.0,85.187109375,0.0
21428,90.0,85.61953125,0.0
21429,86.25,86.051953125,0.0
21430,86.25,86.484375,0.0
21431,90.0,86.051953125,0.0
21432,90.0,86.484375,0.0
21433,86.25,86.916796875,0.0
21434,86.25,87.34921875,0.0
21435,90.0,86.916796875,0.0
21436,90.0,87.34921875,0.0
21437,86.25,87.78164062500001,0.0
21438,86.25,88.21406250000001,0.0
21439,90.0,87.78164062500001,0.0
21440,90.0,88.21406250000001,0.0
21441,86.25,88.64648437500001,0.0
21442,86.25,89.07890625000002,0.0
21443,90.0,88.64648437500001,0.0
21444,90.0,89.07890625000002,0.0
21445,86.25,89.511328125,0.0
21446,86.25,89.94375000000001,0.0
21447,90.0,89.511328125,0.0
21448,90.0,89.94375000000001,0.0
21449,86.25,90.37617187500001,0.0
21450,86.25,90.80859375,0.0
21451,90.0,90.37617187500001,0.0
21452,90.0,90.80859375,0.0
21453,86.25,91.241015625,0.0
21454,86.25,91.6734375,0.0
21455,90.0,91.241015625,0.0
21456,90.0,91.6734375,0.0
21457,86.25,92.10585937500001,0.0
21458,86.25,92.53828125000001,0.0
21459,90.0,92.10585937500001,0.0
21460,90.0,92.53828125000001,0.0
21461,86.25,92.97070312500001,0.0
21462,86.25,93.40312500000002,0.0
21463,90.0,92.97070312500001,0.0
21464,90.0,93.40312500000002,0.0
21465,86.25,93.83554687500002,0.0
21466,86.25,94.26796875000002,0.0
21467,90.0,93.83554687500002,0.0
21468,90.0,94.26796875000002,0.0
21469,86.25,94.70039062500001,0.0
21470,86.25,95.13281250000001,0.0
21471,90.0,94.70039062500001,0.0
21472,90.0,95.13281250000001,0.0
21473,86.25,95.56523437500002,0.0
21474,86.25,95.99765625,0.0
21475,90.0,95.56523437500002,0.0
21476,90.0,95.99765625,0.0
21477,86.25,96.43007812500001,0.0
21478,86.25,96.86250000000001,0.0
21479,90.0,96.43007812500001,0.0
21480,90.0,96.86250000000001,0.0
21481,63.75,97.29492187500001,0.0
21482,63.75,97.72734375000002,0.0
21483,67.5,97.29492187500001,0.0
21484,67.5,97.72734375000002,0.0
21485,63.75,98.159765625,0.0
21486,63.75,98.59218750000001,0.0
21487,67.5,98.159765625,0.0
21488,67.5,98.59218750000001,0.0
21489,63.75,99.02460937500001,0.0
21490,63.75,99.45703125,0.0
21491,67.5,99.02460937500001,0.0
21492,67.5,99.45703125,0.0
21493,63.75,99.889453125,0.0
21494,63.75,100.321875,0.0
21495,67.5,99.889453125,0.0
21496,67.5,100.321875,0.0
21497,63.75,100.754296875,0.0
21498,63.75,101.18671875,0.0
21499,67.5,100.754296875,0.0
21500,67.5,101.18671875,0.0
21501,63.75,101.619140625,0.0
21502,63.75,102.0515625,0.0
21503,67.5,101.619140625,0.0
21504,67.5,102.0515625,0.0
21505,63.75,102.483984375,0.0
21506,63.75,102.91640625,0.0
21507,67.5,102.483984375,0.0
21508,67.5,102.91640625,0.0
21509,63.75,103.348828125,0.0
21510,63.75,103.78125,0.0
21511,67.5,103.348828125,0.0
21512,67.5,103.78125,0.0
21513,71.25,97.29492187500001,0.0
21514,71.25,97.72734375000002,0.0
21515,75.0,97.29492187500001,0.0
21516,75.0,97.72734375000002,0.0
21517,71.25,98.159765625,0.0
21518,71.25,98.59218750000001,0.0
21519,75.0,98.159765625,0.0
21520,75.0,98.59218750000001,0.0
21521,71.25,99.02460937500001,0.0
21522,71.25,99.45703125,0.0
21523,75.0,99.02460937500001,0.0
21524,75.0,99.45703125,0.0
21525,71.25,99.889453125,0.0
21526,71.25,100.321875,0.0
21527,75.0,99.889453125,0.0
21528,75.0,100.321875,0.0
21529,71.25,100.754296875,0.0
21530,71.25,101.18671875,0.0
21531,75.0,100.754296875,0.0
21532,75.0,101.18671875,0.0
21533,71.25,101.619140625,0.0
21534,71.25,102.0515625,0.0
21535,75.0,101.619140625,0.0
21536,75.0,102.0515625,0.0
21537,71.25,102.483984375,0.0
21538,71.25,102.91640625,0.0
21539,75.0,102.483984375,0.0
21540,75.0,102.91640625,0.0
21541,71.25,103.348828125,0.0
21542,71.25,103.78125,0.0
21543,75.0,103.348828125,0.0
21544,75.0,103.78125,0.0
21545,78.75,97.29492187500001,0.0
21546,78.75,97.72734375000002,0.0
21547,82.5,97.29492187500001,0.0
21548,82.5,97.72734375000002,0.0
21549,78.75,98.159765625,0.0
21550,78.75,98.59218750000001,0.0
21551,82.5,98.159765625,0.0
21552,82.5,98.59218750000001,0.0
21553,78.75,99.02460937500001,0.0
21554,78.75,99.45703125,0.0
21555,82.5,99.02460937500001,0.0
21556,82.5,99.45703125,0.0
21557,78.75,99.889453125,0.0
21558,78.75,100.321875,0.0
21559,82.5,99.889453125,0.0
21560,82.5,100.321875,0.0
21561,78.75,100.754296875,0.0
21562,78.75,101.18671875,0.0
21563,82.5,100.754296875,0.0
21564,82.5,101.18671875,0.0
21565,78.75,101.619140625,0.0
21566,78.75,102.0515625,0.0
21567,82.5,101.619140625,0.0
21568,82.5,102.0515625,0.0
21569,78.75,102.483984375,0.0
21570,78.75,102.91640625,0.0
21571,82.5,102.483984375,0.0
21572,82.5,102.91640625,0.0
21573,78.75,103.348828125,0.0
21574,78.75,103.78125,0.0
21575,82.5,103.348828125,0.0
21576,82.5,103.78125,0.0
21577,86.25,97.29492187500001,0.0
21578,86.25,97.72734375000002,0.0
21579,90.0,97.29492187500001,0.0
21580,90.0,97.72734375000002,0.0
21581,86.25,98.159765625,0.0
21582,86.25,98.59218750000001,0.0
21583,90.0,98.159765625,0.0
21584,90.0,98.59218750000001,0.0
21585,86.25,99.02460937500001,0.0
21586,86.25,99.45703125,0.0
21587,90.0,99.02460937500001,0.0
21588,90.0,99.45703125,0.0
21589,86.25,99.889453125,0.0
21590,86.25,100.321875,0.0
21591,90.0,99.889453125,0.0
21592,90.0,100.321875,0.0
21593,86.25,100.754296875,0.0
21594,86.25,101.18671875,0.0
21595,90.0,100.754296875,0.0
21596,90.0,101.18671875,0.0
21597,86.25,101.619140625,0.0
21598,86.25,102.0515625,0.0
21599,90.0,101.619140625,0.0
21600,90.0,102.0515625,0.0
21601,86.25,102.483984375,0.0
21602,86.25,102.91640625,0.0
21603,90.0,102.483984375,0.0
21604,90.0,102.91640625,0.0
21605,86.25,103.348828125,0.0
21606,86.25,103.78125,0.0
21607,90.0,103.348828125,0.0
21608,90.0,103.78125,0.0
21609,63.75,104.213671875,0.0
21610,63.75,104.64609375,0.0
21611,67.5,104.213671875,0.0
21612,67.5,104.64609375,0.0
21613,63.75,105.078515625,0.0
21614,63.75,105.5109375,0.0
21615,67.5,105.078515625,0.0
21616,67.5,105.5109375,0.0
21617,63.75,105.943359375,0.0
21618,63.75,106.37578125,0.0
21619,67.5,105.943359375,0.0
21620,67.5,106.37578125,0.0
21621,63.75,106.808203125,0.0
21622,63.75,107.240625,0.0
21623,67.5,106.808203125,0.0
21624,67.5,107.240625,0.0
21625,71.25,104.213671875,0.0
21626,71.25,104.64609375,0.0
21627,75.0,104.213671875,0.0
21628,75.0,104.64609375,0.0
21629,71.25,105.078515625,0.0
21630,71.25,105.5109375,0.0
21631,75.0,105.078515625,0.0
21632,75.0,105.5109375,0.0
21633,71.25,105.943359375,0.0
21634,71.25,106.37578125,0.0
21635,75.0,105.943359375,0.0
21636,75.0,106.37578125,0.0
21637,71.25,106.808203125,0.0
21638,71.25,107.240625,0.0
21639,75.0,106.808203125,0.0
21640,75.0,107.240625,0.0
21641,78.75,104.213671875,0.0
21642,78.75,104.64609375,0.0
21643,82.5,104.213671875,0.0
21644,82.5,104.64609375,0.0
21645,78.75,105.078515625,0.0
21646,78.75,105.5109375,0.0
21647,82.5,105.078515625,0.0
21648,82.5,105.5109375,0.0
21649,78.75,105.943359375,0.0
21650,78.75,106.37578125,0.0
21651,82.5,105.943359375,0.0
21652,82.5,106.37578125,0.0
21653,78.75,106.808203125,0.0
21654,78.75,107.240625,0.0
21655,82.5,106.808203125,0.0
21656,82.5,107.240625,0.0
21657,86.25,104.213671875,0.0
21658,86.25,104.64609375,0.0
21659,90.0,104.213671875,0.0
21660,90.0,104.64609375,0.0
21661,86.25,105.078515625,0.0
21662,86.25,105.5109375,0.0
21663,90.0,105.078515625,0.0
21664,90.0,105.5109375,0.0
21665,86.25,105.943359375,0.0
21666,86.25,106.37578125,0.0
21667,90.0,105.943359375,0.0
21668,90.0,106.37578125,0.0
21669,86.25,106.808203125,0.0
21670,86.25,107.240625,0.0
21671,90.0,106.808203125,0.0
21672,90.0,107.240625,0.0
21673,63.75,107.673046875,0.0
21674,63.75,108.10546875,0.0
21675,67.5,107.673046875,0.0
21676,67.5,108.10546875,0.0
21677,63.75,108.537890625,0.0
21678,63.75,108.9703125,0.0
21679,67.5,108.537890625,0.0
21680,67.5,108.9703125,0.0
21681,71.25,107.673046875,0.0
21682,71.25,108.10546875,0.0
21683,75.0,107.673046875,0.0
21684,75.0,108.10546875,0.0
21685,71.25,108.537890625,0.0
21686,71.25,108.9703125,0.0
21687,75.0,108.537890625,0.0
21688,75.0,108.9703125,0.0
21689,78.75,107.673046875,0.0
21690,78.75,108.10546875,0.0
21691,82.5,107.673046875,0.0
21692,82.5,108.10546875,0.0
21693,78.75,108.537890625,0.0
21694,78.75,108.9703125,0.0
21695,82.5,108.537890625,0.0
21696,82.5,108.9703125,0.0
21697,86.25,107.673046875,0.0
21698,86.25,108.10546875,0.0
21699,90.0,107.673046875,0.0
21700,90.0,108.10546875,0.0
21701,86.25,108.537890625,0.0
21702,86.25,108.9703125,0.0
21703,90.0,108.537890625,0.0
21704,90.0,108.9703125,0.0
21705,63.75,109.402734375,0.0
21706,67.5,109.402734375,0.0
21707,63.75,109.6189453125,0.0
21708,67.5,109.6189453125,0.0
21709,63.75,109.83515625,0.0
21710,67.5,109.83515625,0.0
21711,71.25,109.402734375,0.0
21712,75.0,109.402734375,0.0
21713,71.25,109.6189453125,0.0
21714,75.0,109.6189453125,0.0
21715,71.25,109.83515625,0.0
21716,75.0,109.83515625,0.0
21717,78.75,109.402734375,0.0
21718,82.5,109.402734375,0.0
21719,78.75,109.6189453125,0.0
21720,82.5,109.6189453125,0.0
21721,78.75,109.83515625,0.0
21722,82.5,109.83515625,0.0
21723,86.25,109.402734375,0.0
21724,90.0,109.402734375,0.0
21725,86.25,109.6189453125,0.0
21726,90.0,109.6189453125,0.0
21727,86.25,109.83515625,0.0
21728,90.0,109.83515625,0.0
21729,63.75,109.94326171875,0.0
21730,67.5,109.94326171875,0.0
21731,63.75,109.997314453125,0.0
21732,67.5,109.997314453125,0.0
21733,63.75,110.0513671875,0.0
21734,67.5,110.0513671875,0.0
21735,71.25,109.94326171875,0.0
21736,75.0,109.94326171875,0.0
21737,71.25,109.997314453125,0.0
21738,75.0,109.997314453125,0.0
21739,71.25,110.0513671875,0.0
21740,75.0,110.0513671875,0.0
21741,63.75,110.0783935546875,0.0
21742,67.5,110.0783935546875,0.0
21743,63.75,110.0919067382813,0.0
21744,67.5,110.0919067382813,0.0
21745,63.75,110.0986633300781,0.0
21746,63.75,110.105419921875,0.0
21747,67.5,110.0986633300781,0.0
21748,67.5,110.105419921875,0.0
21749,63.75,110.1121765136719,0.0
21750,63.75,110.1189331054688,0.0
21751,67.5,110.1121765136719,0.0
21752,67.5,110.1189331054688,0.0
21753,63.75,110.1256896972656,0.0
21754,63.75,110.1324462890625,0.0
21755,67.5,110.1256896972656,0.0
21756,67.5,110.1324462890625,0.0
21757,63.75,110.1392028808594,0.0
21758,63.75,110.1459594726562,0.0
21759,67.5,110.1392028808594,0.0
21760,67.5,110.1459594726562,0.0
21761,63.75,110.1527160644531,0.0
21762,63.75,110.15947265625,0.0
21763,67.5,110.1527160644531,0.0
21764,67.5,110.15947265625,0.0
21765,71.25,110.0783935546875,0.0
21766,75.0,110.0783935546875,0.0
21767,71.25,110.0919067382813,0.0
21768,75.0,110.0919067382813,0.0
21769,71.25,110.0986633300781,0.0
21770,71.25,110.105419921875,0.0
21771,75.0,110.0986633300781,0.0
21772,75.0,110.105419921875,0.0
21773,71.25,110.1121765136719,0.0
21774,71.25,110.1189331054688,0.0
21775,75.0,110.1121765136719,0.0
21776,75.0,110.1189331054688,0.0
21777,71.25,110.1256896972656,0.0
21778,71.25,110.1324462890625,0.0
21779,75.0,110.1256896972656,0.0
21780,75.0,110.1324462890625,0.0
21781,71.25,110.1392028808594,0.0
21782,71.25,110.1459594726562,0.0
21783,75.0,110.1392028808594,0.0
21784,75.0,110.1459594726562,0.0
21785,71.25,110.1527160644531,0.0
21786,71.25,110.15947265625,0.0
21787,75.0,110.1527160644531,0.0
21788,75.0,110.15947265625,0.0
21789,63.75,110.1662292480469,0.0
21790,63.75,110.1729858398438,0.0
21791,67.5,110.1662292480469,0.0
21792,67.5,110.1729858398438,0.0
21793,63.75,110.1797424316406,0.0
21794,63.75,110.1864990234375,0.0
21795,67.5,110.1797424316406,0.0
21796,67.5,110.1864990234375,0.0
21797,71.25,110.1662292480469,0.0
21798,71.25,110.1729858398438,0.0
21799,75.0,110.1662292480469,0.0
21800,75.0,110.1729858398438,0.0
21801,71.25,110.1797424316406,0.0
21802,71.25,110.1864990234375,0.0
21803,75.0,110.1797424316406,0.0
21804,75.0,110.1864990234375,0.0
21805,63.75,110.1932556152344,0.0
21806,67.5,110.1932556152344,0.0
21807,71.25,110.1932556152344,0.0
21808,75.0,110.1932556152344,0.0
21809,63.75,110.2067687988281,0.0
21810,67.5,110.2067687988281,0.0
21811,63.75,110.213525390625,0.0
21812,67.5,110.213525390625,0.0
21813,71.25,110.2067687988281,0.0
21814,75.0,110.2067687988281,0.0
21815,71.25,110.213525390625,0.0
21816,75.0,110.213525390625,0.0
21817,63.75,110.2202819824219,0.0
21818,67.5,110.2202819824219,0.0
21819,63.75,110.2270385742187,0.0
21820,67.5,110.2270385742187,0.0
21821,71.25,110.2202819824219,0.0
21822,75.0,110.2202819824219,0.0
21823,71.25,110.2270385742187,0.0
21824,75.0,110.2270385742187,0.0
21825,63.75,110.2337951660156,0.0
21826,67.5,110.2337951660156,0.0
21827,63.75,110.2405517578125,0.0
21828,67.5,110.2405517578125,0.0
21829,71.25,110.2337951660156,0.0
21830,75.0,110.2337951660156,0.0
21831,71.25,110.2405517578125,0.0
21832,75.0,110.2405517578125,0.0
21833,63.75,110.2473083496094,0.0
21834,67.5,110.2473083496094,0.0
21835,63.75,110.2540649414063,0.0
21836,67.5,110.2540649414063,0.0
21837,71.25,110.2473083496094,0.0
21838,75.0,110.2473083496094,0.0
21839,71.25,110.2540649414063,0.0
21840,75.0,110.2540649414063,0.0
21841,63.75,110.2608215332031,0.0
21842,67.5,110.2608215332031,0.0
21843,63.75,110.267578125,0.0
21844,67.5,110.267578125,0.0
21845,71.25,110.2608215332031,0.0
21846,75.0,110.2608215332031,0.0
21847,71.25,110.267578125,0.0
21848,75.0,110.267578125,0.0
21849,78.75,109.94326171875,0.0
21850,82.5,109.94326171875,0.0
21851,78.75,109.997314453125,0.0
21852,82.5,109.997314453125,0.0
21853,78.75,110.0513671875,0.0
21854,82.5,110.0513671875,0.0
21855,86.25,109.94326171875,0.0
21856,90.0,109.94326171875,0.0
21857,86.25,109.997314453125,0.0
21858,90.0,109.997314453125,0.0
21859,86.25,110.0513671875,0.0
21860,90.0,110.0513671875,0.0
21861,78.75,110.0783935546875,0.0
21862,82.5,110.0783935546875,0.0
21863,78.75,110.0919067382813,0.0
21864,82.5,110.0919067382813,0.0
21865,78.75,110.0986633300781,0.0
21866,78.75,110.105419921875,0.0
21867,82.5,110.0986633300781,0.0
21868,82.5,110.105419921875,0.0
21869,78.75,110.1121765136719,0.0
21870,78.75,110.1189331054688,0.0
21871,82.5,110.1121765136719,0.0
21872,82.5,110.1189331054688,0.0
21873,78.75,110.1256896972656,0.0
21874,78.75,110.1324462890625,0.0
21875,82.5,110.1256896972656,0.0
21876,82.5,110.1324462890625,0.0
21877,78.75,110.1392028808594,0.0
21878,78.75,110.1459594726562,0.0
21879,82.5,110.1392028808594,0.0
21880,82.5,110.1459594726562,0.0
21881,78.75,110.1527160644531,0.0
21882,78.75,110.15947265625,0.0
21883,82.5,110.1527160644531,0.0
21884,82.5,110.15947265625,0.0
21885,86.25,110.0783935546875,0.0
21886,90.0,110.0783935546875,0.0
21887,86.25,110.0919067382813,0.0
21888,90.0,110.0919067382813,0.0
21889,86.25,110.0986633300781,0.0
21890,86.25,110.105419921875,0.0
21891,90.0,110.0986633300781,0.0
21892,90.0,110.105419921875,0.0
21893,86.25,110.1121765136719,0.0
21894,86.25,110.1189331054688,0.0
21895,90.0,110.1121765136719,0.0
21896,90.0,110.1189331054688,0.0
21897,86.25,110.1256896972656,0.0
21898,86.25,110.1324462890625,0.0
21899,90.0,110.1256896972656,0.0
21900,90.0,110.1324462890625,0.0
21901,86.25,110.1392028808594,0.0
21902,86.25,110.1459594726562,0.0
21903,90.0,110.1392028808594,0.0
21904,90.0,110.1459594726562,0.0
21905,86.25,110.1527160644531,0.0
21906,86.25,110.15947265625,0.0
21907,90.0,110.1527160644531,0.0
21908,90.0,110.15947265625,0.0
21909,78.75,110.1662292480469,0.0
21910,78.75,110.1729858398438,0.0
21911,82.5,110.1662292480469,0.0
21912,82.5,110.1729858398438,0.0
21913,78.75,110.1797424316406,0.0
21914,78.75,110.1864990234375,0.0
21915,82.5,110.1797424316406,0.0
21916,82.5,110.1864990234375,0.0
21917,86.25,110.1662292480469,0.0
21918,86.25,110.1729858398438,0.0
21919,90.0,110.1662292480469,0.0
21920,90.0,110.1729858398438,0.0
21921,86.25,110.1797424316406,0.0
21922,86.25,110.1864990234375,0.0
21923,90.0,110.1797424316406,0.0
21924,90.0,110.1864990234375,0.0
21925,78.75,110.1932556152344,0.0
21926,82.5,110.1932556152344,0.0
21927,86.25,110.1932556152344,0.0
21928,90.0,110.1932556152344,0.0
21929,78.75,110.2067687988281,0.0
21930,82.5,110.2067687988281,0.0
21931,78.75,110.213525390625,0.0
21932,82.5,110.213525390625,0.0
21933,86.25,110.2067687988281,0.0
21934,90.0,110.2067687988281,0.0
21935,86.25,110.213525390625,0.0
21936,90.0,110.213525390625,0.0
21937,78.75,110.2202819824219,0.0
21938,82.5,110.2202819824219,0.0
21939,78.75,110.2270385742187,0.0
21940,82.5,110.2270385742187,0.0
21941,86.25,110.2202819824219,0.0
21942,90.0,110.2202819824219,0.0
21943,86.25,110.2270385742187,0.0
21944,90.0,110.2270385742187,0.0
21945,78.75,110.2337951660156,0.0
21946,82.5,110.2337951660156,0.0
21947,78.75,110.2405517578125,0.0
21948,82.5,110.2405517578125,0.0
21949,86.25,110.2337951660156,0.0
21950,90.0,110.2337951660156,0.0
21951,86.25,110.2405517578125,0.0
21952,90.0,110.2405517578125,0.0
21953,78.75,110.2473083496094,0.0
21954,82.5,110.2473083496094,0.0
21955,78.75,110.2540649414063,0.0
21956,82.5,110.2540649414063,0.0
21957,86.25,110.2473083496094,0.0
21958,90.0,110.2473083496094,0.0
21959,86.25,110.2540649414063,0.0
21960,90.0,110.2540649414063,0.0
21961,78.75,110.2608215332031,0.0
21962,82.5,110.2608215332031,0.0
21963,78.75,110.267578125,0.0
21964,82.5,110.267578125,0.0
21965,86.25,110.2608215332031,0.0
21966,90.0,110.2608215332031,0.0
21967,86.25,110.267578125,0.0
21968,90.0,110.267578125,0.0
21969,63.75,110.2743347167969,0.0
21970,67.5,110.2743347167969,0.0
21971,71.25,110.2743347167969,0.0
21972,75.0,110.2743347167969,0.0
21973,63.75,110.2810913085937,0.0
21974,67.5,110.2810913085937,0.0
21975,71.25,110.2810913085937,0.0
21976,75.0,110.2810913085937,0.0
21977,63.75,110.2878479003906,0.0
21978,67.5,110.2878479003906,0.0
21979,71.25,110.2878479003906,0.0
21980,75.0,110.2878479003906,0.0
21981,63.75,110.2946044921875,0.0
21982,67.5,110.2946044921875,0.0
21983,71.25,110.2946044921875,0.0
21984,75.0,110.2946044921875,0.0
21985,63.75,110.3013610839844,0.0
21986,67.5,110.3013610839844,0.0
21987,71.25,110.3013610839844,0.0
21988,75.0,110.3013610839844,0.0
21989,63.75,110.3081176757813,0.0
21990,67.5,110.3081176757813,0.0
21991,71.25,110.3081176757813,0.0
21992,75.0,110.3081176757813,0.0
21993,63.75,110.321630859375,0.0
21994,67.5,110.321630859375,0.0
21995,71.25,110.321630859375,0.0
21996,75.0,110.321630859375,0.0
21997,63.75,110.3351440429688,0.0
21998,67.5,110.3351440429688,0.0
21999,71.25,110.3351440429688,0.0
22000,75.0,110.3351440429688,0.0
22001,63.75,110.3486572265625,0.0
22002,67.5,110.3486572265625,0.0
22003,71.25,110.3486572265625,0.0
22004,75.0,110.3486572265625,0.0
22005,63.75,110.3621704101562,0.0
22006,67.5,110.3621704101562,0.0
22007,71.25,110.3621704101562,0.0
22008,75.0,110.3621704101562,0.0
22009,63.75,110.37568359375,0.0
22010,67.5,110.37568359375,0.0
22011,71.25,110.37568359375,0.0
22012,75.0,110.37568359375,0.0
22013,63.75,110.3891967773438,0.0
22014,67.5,110.3891967773438,0.0
22015,71.25,110.3891967773438,0.0
22016,75.0,110.3891967773438,0.0
22017,63.75,110.4027099609375,0.0
22018,67.5,110.4027099609375,0.0
22019,71.25,110.4027099609375,0.0
22020,75.0,110.4027099609375,0.0
22021,63.75,110.4162231445312,0.0
22022,67.5,110.4162231445312,0.0
22023,71.25,110.4162231445312,0.0
22024,75.0,110.4162231445312,0.0
22025,63.75,110.429736328125,0.0
22026,67.5,110.429736328125,0.0
22027,71.25,110.429736328125,0.0
22028,75.0,110.429736328125,0.0
22029,63.75,110.4432495117187,0.0
22030,67.5,110.4432495117187,0.0
22031,71.25,110.4432495117187,0.0
22032,75.0,110.4432495117187,0.0
22033,63.75,110.4567626953125,0.0
22034,67.5,110.4567626953125,0.0
22035,71.25,110.4567626953125,0.0
22036,75.0,110.4567626953125,0.0
22037,63.75,110.4702758789062,0.0
22038,67.5,110.4702758789062,0.0
22039,71.25,110.4702758789062,0.0
22040,75.0,110.4702758789062,0.0
22041,63.75,110.4837890625,0.0
22042,67.5,110.4837890625,0.0
22043,71.25,110.4837890625,0.0
22044,75.0,110.4837890625,0.0
22045,78.75,110.2743347167969,0.0
22046,82.5,110.2743347167969,0.0
22047,78.75,110.2810913085937,0.0
22048,82.5,110.2810913085937,0.0
22049,86.25,110.2743347167969,0.0
22050,90.0,110.2743347167969,0.0
22051,86.25,110.2810913085937,0.0
22052,90.0,110.2810913085937,0.0
22053,78.75,110.2878479003906,0.0
22054,82.5,110.2878479003906,0.0
22055,78.75,110.2946044921875,0.0
22056,82.5,110.2946044921875,0.0
22057,86.25,110.2878479003906,0.0
22058,90.0,110.2878479003906,0.0
22059,86.25,110.2946044921875,0.0
22060,90.0,110.2946044921875,0.0
22061,78.75,110.3013610839844,0.0
22062,82.5,110.3013610839844,0.0
22063,78.75,110.3081176757813,0.0
22064,82.5,110.3081176757813,0.0
22065,86.25,110.3013610839844,0.0
22066,90.0,110.3013610839844,0.0
22067,86.25,110.3081176757813,0.0
22068,90.0,110.3081176757813,0.0
22069,78.75,110.321630859375,0.0
22070,82.5,110.321630859375,0.0
22071,86.25,110.321630859375,0.0
22072,90.0,110.321630859375,0.0
22073,78.75,110.3351440429688,0.0
22074,82.5,110.3351440429688,0.0
22075,78.75,110.3486572265625,0.0
22076,82.5,110.3486572265625,0.0
22077,86.25,110.3351440429688,0.0
22078,90.0,110.3351440429688,0.0
22079,86.25,110.3486572265625,0.0
22080,90.0,110.3486572265625,0.0
22081,78.75,110.3621704101562,0.0
22082,82.5,110.3621704101562,0.0
22083,78.75,110.37568359375,0.0
22084,82.5,110.37568359375,0.0
22085,86.25,110.3621704101562,0.0
22086,90.0,110.3621704101562,0.0
22087,86.25,110.37568359375,0.0
22088,90.0,110.37568359375,0.0
22089,78.75,110.3891967773438,0.0
22090,82.5,110.3891967773438,0.0
22091,78.75,110.4027099609375,0.0
22092,82.5,110.4027099609375,0.0
22093,86.25,110.3891967773438,0.0
22094,90.0,110.3891967773438,0.0
22095,86.25,110.4027099609375,0.0
22096,90.0,110.4027099609375,0.0
22097,78.75,110.4162231445312,0.0
22098,82.5,110.4162231445312,0.0
22099,78.75,110.429736328125,0.0
22100,82.5,110.429736328125,0.0
22101,86.25,110.4162231445312,0.0
22102,90.0,110.4162231445312,0.0
22103,86.25,110.429736328125,0.0
22104,90.0,110.429736328125,0.0
22105,78.75,110.4432495117187,0.0
22106,82.5,110.4432495117187,0.0
22107,78.75,110.4567626953125,0.0
22108,82.5,110.4567626953125,0.0
22109,86.25,110.4432495117187,0.0
22110,90.0,110.4432495117187,0.0
22111,86.25,110.4567626953125,0.0
22112,90.0,110.4567626953125,0.0
22113,78.75,110.4702758789062,0.0
22114,82.5,110.4702758789062,0.0
22115,78.75,110.4837890625,0.0
22116,82.5,110.4837890625,0.0
22117,86.25,110.4702758789062,0.0
22118,90.0,110.4702758789062,0.0
22119,86.25,110.4837890625,0.0
22120,90.0,110.4837890625,0.0
22121,63.75,110.4973022460937,0.0
22122,67.5,110.4973022460937,0.0
22123,71.25,110.4973022460937,0.0
22124,75.0,110.4973022460937,0.0
22125,63.75,110.5108154296875,0.0
22126,67.5,110.5108154296875,0.0
22127,71.25,110.5108154296875,0.0
22128,75.0,110.5108154296875,0.0
22129,63.75,110.5243286132813,0.0
22130,67.5,110.5243286132813,0.0
22131,71.25,110.5243286132813,0.0
22132,75.0,110.5243286132813,0.0
22133,63.75,110.537841796875,0.0
22134,67.5,110.537841796875,0.0
22135,71.25,110.537841796875,0.0
22136,75.0,110.537841796875,0.0
22137,63.75,110.5513549804687,0.0
22138,67.5,110.5513549804687,0.0
22139,71.25,110.5513549804687,0.0
22140,75.0,110.5513549804687,0.0
22141,63.75,110.5648681640625,0.0
22142,67.5,110.5648681640625,0.0
22143,71.25,110.5648681640625,0.0
22144,75.0,110.5648681640625,0.0
22145,63.75,110.5783813476563,0.0
22146,67.5,110.5783813476563,0.0
22147,71.25,110.5783813476563,0.0
22148,75.0,110.5783813476563,0.0
22149,63.75,110.59189453125,0.0
22150,67.5,110.59189453125,0.0
22151,71.25,110.59189453125,0.0
22152,75.0,110.59189453125,0.0
22153,78.75,110.4973022460937,0.0
22154,82.5,110.4973022460937,0.0
22155,78.75,110.5108154296875,0.0
22156,82.5,110.5108154296875,0.0
22157,86.25,110.4973022460937,0.0
22158,90.0,110.4973022460937,0.0
22159,86.25,110.5108154296875,0.0
22160,90.0,110.5108154296875,0.0
22161,78.75,110.5243286132813,0.0
22162,82.5,110.5243286132813,0.0
22163,78.75,110.537841796875,0.0
22164,82.5,110.537841796875,0.0
22165,86.25,110.5243286132813,0.0
22166,90.0,110.5243286132813,0.0
22167,86.25,110.537841796875,0.0
22168,90.0,110.537841796875,0.0
22169,78.75,110.5513549804687,0.0
22170,82.5,110.5513549804687,0.0
22171,78.75,110.5648681640625,0.0
22172,82.5,110.5648681640625,0.0
22173,86.25,110.5513549804687,0.0
22174,90.0,110.5513549804687,0.0
22175,86.25,110.5648681640625,0.0
22176,90.0,110.5648681640625,0.0
22177,78.75,110.5783813476563,0.0
22178,82.5,110.5783813476563,0.0
22179,78.75,110.59189453125,0.0
22180,82.5,110.59189453125,0.0
22181,86.25,110.5783813476563,0.0
22182,90.0,110.5783813476563,0.0
22183,86.25,110.59189453125,0.0
22184,90.0,110.59189453125,0.0
22185,63.75,110.6054077148438,0.0
22186,67.5,110.6054077148438,0.0
22187,71.25,110.6054077148438,0.0
22188,75.0,110.6054077148438,0.0
22189,63.75,110.6189208984375,0.0
22190,67.5,110.6189208984375,0.0
22191,71.25,110.6189208984375,0.0
22192,75.0,110.6189208984375,0.0
22193,63.75,110.6324340820313,0.0
22194,67.5,110.6324340820313,0.0
22195,71.25,110.6324340820313,0.0
22196,75.0,110.6324340820313,0.0
22197,63.75,110.645947265625,0.0
22198,67.5,110.645947265625,0.0
22199,71.25,110.645947265625,0.0
22200,75.0,110.645947265625,0.0
22201,78.75,110.6054077148438,0.0
22202,82.5,110.6054077148438,0.0
22203,78.75,110.6189208984375,0.0
22204,82.5,110.6189208984375,0.0
22205,86.25,110.6054077148438,0.0
22206,90.0,110.6054077148438,0.0
22207,86.25,110.6189208984375,0.0
22208,90.0,110.6189208984375,0.0
22209,78.75,110.6324340820313,0.0
22210,82.5,110.6324340820313,0.0
22211,78.75,110.645947265625,0.0
22212,82.5,110.645947265625,0.0
22213,86.25,110.6324340820313,0.0
22214,90.0,110.6324340820313,0.0
22215,86.25,110.645947265625,0.0
22216,90.0,110.645947265625,0.0
22217,63.75,110.6594604492188,0.0
22218,67.5,110.6594604492188,0.0
22219,71.25,110.6594604492188,0.0
22220,75.0,110.6594604492188,0.0
22221,63.75,110.6729736328125,0.0
22222,67.5,110.6729736328125,0.0
22223,71.25,110.6729736328125,0.0
22224,75.0,110.6729736328125,0.0
22225,78.75,110.6594604492188,0.0
22226,82.5,110.6594604492188,0.0
22227,78.75,110.6729736328125,0.0
22228,82.5,110.6729736328125,0.0
22229,86.25,110.6594604492188,0.0
22230,90.0,110.6594604492188,0.0
22231,86.25,110.6729736328125,0.0
22232,90.0,110.6729736328125,0.0
22233,63.75,110.6864868164062,0.0
22234,67.5,110.6864868164062,0.0
22235,71.25,110.6864868164062,0.0
22236,75.0,110.6864868164062,0.0
22237,63.75,110.7,0.0
22238,67.5,110.7,0.0
22239,71.25,110.7,0.0
22240,75.0,110.7,0.0
22241,78.75,110.6864868164062,0.0
22242,82.5,110.6864868164062,0.0
22243,78.75,110.7,0.0
22244,82.5,110.7,0.0
22245,86.25,110.6864868164062,0.0
22246,90.0,110.6864868164062,0.0
22247,86.25,110.7,0.0
22248,90.0,110.7,0.0
22249,93.75,55.782421875,0.0
22250,93.75,56.21484375,0.0
22251,97.5,55.782421875,0.0
22252,97.5,56.21484375,0.0
22253,93.75,56.647265625,0.0
22254,93.75,57.07968750000001,0.0
22255,97.5,56.647265625,0.0
22256,97.5,57.07968750000001,0.0
22257,93.75,57.51210937500001,0.0
22258,93.75,57.94453125,0.0
22259,97.5,57.51210937500001,0.0
22260,97.5,57.94453125,0.0
22261,93.75,58.376953125,0.0
22262,93.75,58.809375,0.0
22263,97.5,58.376953125,0.0
22264,97.5,58.809375,0.0
22265,93.75,59.24179687500001,0.0
22266,93.75,59.67421875,0.0
22267,97.5,59.24179687500001,0.0
22268,97.5,59.67421875,0.0
22269,93.75,60.106640625,0.0
22270,93.75,60.5390625,0.0
22271,97.5,60.106640625,0.0
22272,97.5,60.5390625,0.0
22273,93.75,60.971484375,0.0
22274,93.75,61.40390625,0.0
22275,97.5,60.971484375,0.0
22276,97.5,61.40390625,0.0
22277,93.75,61.83632812499999,0.0
22278,93.75,62.26875,0.0
22279,97.5,61.83632812499999,0.0
22280,97.5,62.26875,0.0
22281,93.75,62.701171875,0.0
22282,93.75,63.13359375,0.0
22283,97.5,62.701171875,0.0
22284,97.5,63.13359375,0.0
22285,93.75,63.56601562500001,0.0
22286,93.75,63.9984375,0.0
22287,97.5,63.56601562500001,0.0
22288,97.5,63.9984375,0.0
22289,93.75,64.430859375,0.0
22290,93.75,64.86328125,0.0
22291,97.5,64.430859375,0.0
22292,97.5,64.86328125,0.0
22293,93.75,65.295703125,0.0
22294,93.75,65.728125,0.0
22295,97.5,65.295703125,0.0
22296,97.5,65.728125,0.0
22297,93.75,66.16054687500001,0.0
22298,93.75,66.59296875000001,0.0
22299,97.5,66.16054687500001,0.0
22300,97.5,66.59296875000001,0.0
22301,93.75,67.025390625,0.0
22302,93.75,67.4578125,0.0
22303,97.5,67.025390625,0.0
22304,97.5,67.4578125,0.0
22305,93.75,67.890234375,0.0
22306,93.75,68.32265625,0.0
22307,97.5,67.890234375,0.0
22308,97.5,68.32265625,0.0
22309,93.75,68.755078125,0.0
22310,93.75,69.1875,0.0
22311,97.5,68.755078125,0.0
22312,97.5,69.1875,0.0
22313,101.25,55.782421875,0.0
22314,101.25,56.21484375,0.0
22315,105.0,55.782421875,0.0
22316,105.0,56.21484375,0.0
22317,101.25,56.647265625,0.0
22318,101.25,57.07968750000001,0.0
22319,105.0,56.647265625,0.0
22320,105.0,57.07968750000001,0.0
22321,101.25,57.51210937500001,0.0
22322,101.25,57.94453125,0.0
22323,105.0,57.51210937500001,0.0
22324,105.0,57.94453125,0.0
22325,101.25,58.376953125,0.0
22326,101.25,58.809375,0.0
22327,105.0,58.376953125,0.0
22328,105.0,58.809375,0.0
22329,101.25,59.24179687500001,0.0
22330,101.25,59.67421875,0.0
22331,105.0,59.24179687500001,0.0
22332,105.0,59.67421875,0.0
22333,101.25,60.106640625,0.0
22334,101.25,60.5390625,0.0
22335,105.0,60.106640625,0.0
22336,105.0,60.5390625,0.0
22337,101.25,60.971484375,0.0
22338,101.25,61.40390625,0.0
22339,105.0,60.971484375,0.0
22340,105.0,61.40390625,0.0
22341,101.25,61.83632812499999,0.0
22342,101.25,62.26875,0.0
22343,105.0,61.83632812499999,0.0
22344,105.0,62.26875,0.0
22345,101.25,62.701171875,0.0
22346,101.25,63.13359375,0.0
22347,105.0,62.701171875,0.0
22348,105.0,63.13359375,0.0
22349,101.25,63.56601562500001,0.0
22350,101.25,63.9984375,0.0
22351,105.0,63.56601562500001,0.0
22352,105.0,63.9984375,0.0
22353,101.25,64.430859375,0.0
22354,101.25,64.86328125,0.0
22355,105.0,64.430859375,0.0
22356,105.0,64.86328125,0.0
22357,101.25,65.295703125,0.0
22358,101.25,65.728125,0.0
22359,105.0,65.295703125,0.0
22360,105.0,65.728125,0.0
22361,101.25,66.16054687500001,0.0
22362,101.25,66.59296875000001,0.0
22363,105.0,66.16054687500001,0.0
22364,105.0,66.59296875000001,0.0
22365,101.25,67.025390625,0.0
22366,101.25,67.4578125,0.0
22367,105.0,67.025390625,0.0
22368,105.0,67.4578125,0.0
22369,101.25,67.890234375,0.0
22370,101.25,68.32265625,0.0
22371,105.0,67.890234375,0.0
22372,105.0,68.32265625,0.0
22373,101.25,68.755078125,0.0
22374,101.25,69.1875,0.0
22375,105.0,68.755078125,0.0
22376,105.0,69.1875,0.0
22377,93.75,69.619921875,0.0
22378,93.75,70.05234375,0.0
22379,97.5,69.619921875,0.0
22380,97.5,70.05234375,0.0
22381,93.75,70.484765625,0.0
22382,93.75,70.9171875,0.0
22383,97.5,70.484765625,0.0
22384,97.5,70.9171875,0.0
22385,93.75,71.349609375,0.0
22386,93.75,71.78203124999999,0.0
22387,97.5,71.349609375,0.0
22388,97.5,71.78203124999999,0.0
22389,93.75,72.21445312499999,0.0
22390,93.75,72.646875,0.0
22391,97.5,72.21445312499999,0.0
22392,97.5,72.646875,0.0
22393,93.75,73.079296875,0.0
22394,93.75,73.51171875,0.0
22395,97.5,73.079296875,0.0
22396,97.5,73.51171875,0.0
22397,93.75,73.944140625,0.0
22398,93.75,74.3765625,0.0
22399,97.5,73.944140625,0.0
22400,97.5,74.3765625,0.0
22401,93.75,74.80898437500001,0.0
22402,93.75,75.24140625000001,0.0
22403,97.5,74.80898437500001,0.0
22404,97.5,75.24140625000001,0.0
22405,93.75,75.673828125,0.0
22406,93.75,76.10625,0.0
22407,97.5,75.673828125,0.0
22408,97.5,76.10625,0.0
22409,93.75,76.538671875,0.0
22410,93.75,76.97109375,0.0
22411,97.5,76.538671875,0.0
22412,97.5,76.97109375,0.0
22413,93.75,77.403515625,0.0
22414,93.75,77.8359375,0.0
22415,97.5,77.403515625,0.0
22416,97.5,77.8359375,0.0
22417,93.75,78.268359375,0.0
22418,93.75,78.70078125,0.0
22419,97.5,78.268359375,0.0
22420,97.5,78.70078125,0.0
22421,93.75,79.13320312500001,0.0
22422,93.75,79.56562500000001,0.0
22423,97.5,79.13320312500001,0.0
22424,97.5,79.56562500000001,0.0
22425,93.75,79.99804687500001,0.0
22426,93.75,80.43046875000002,0.0
22427,97.5,79.99804687500001,0.0
22428,97.5,80.43046875000002,0.0
22429,93.75,80.862890625,0.0
22430,93.75,81.29531250000001,0.0
22431,97.5,80.862890625,0.0
22432,97.5,81.29531250000001,0.0
22433,93.75,81.72773437500001,0.0
22434,93.75,82.16015625,0.0
22435,97.5,81.72773437500001,0.0
22436,97.5,82.16015625,0.0
22437,93.75,82.592578125,0.0
22438,93.75,83.025,0.0
22439,97.5,82.592578125,0.0
22440,97.5,83.025,0.0
22441,101.25,69.619921875,0.0
22442,101.25,70.05234375,0.0
22443,105.0,69.619921875,0.0
22444,105.0,70.05234375,0.0
22445,101.25,70.484765625,0.0
22446,101.25,70.9171875,0.0
22447,105.0,70.484765625,0.0
22448,105.0,70.9171875,0.0
22449,101.25,71.349609375,0.0
22450,101.25,71.78203124999999,0.0
22451,105.0,71.349609375,0.0
22452,105.0,71.78203124999999,0.0
22453,101.25,72.21445312499999,0.0
22454,101.25,72.646875,0.0
22455,105.0,72.21445312499999,0.0
22456,105.0,72.646875,0.0
22457,101.25,73.079296875,0.0
22458,101.25,73.51171875,0.0
22459,105.0,73.079296875,0.0
22460,105.0,73.51171875,0.0
22461,101.25,73.944140625,0.0
22462,101.25,74.3765625,0.0
22463,105.0,73.944140625,0.0
22464,105.0,74.3765625,0.0
22465,101.25,74.80898437500001,0.0
22466,101.25,75.24140625000001,0.0
22467,105.0,74.80898437500001,0.0
22468,105.0,75.24140625000001,0.0
22469,101.25,75.673828125,0.0
22470,101.25,76.10625,0.0
22471,105.0,75.673828125,0.0
22472,105.0,76.10625,0.0
22473,101.25,76.538671875,0.0
22474,101.25,76.97109375,0.0
22475,105.0,76.538671875,0.0
22476,105.0,76.97109375,0.0
22477,101.25,77.403515625,0.0
22478,101.25,77.8359375,0.0
22479,105.0,77.403515625,0.0
22480,105.0,77.8359375,0.0
22481,101.25,78.268359375,0.0
22482,101.25,78.70078125,0.0
22483,105.0,78.268359375,0.0
22484,105.0,78.70078125,0.0
22485,101.25,79.13320312500001,0.0
22486,101.25,79.56562500000001,0.0
22487,105.0,79.13320312500001,0.0
22488,105.0,79.56562500000001,0.0
22489,101.25,79.99804687500001,0.0
22490,101.25,80.43046875000002,0.0
22491,105.0,79.99804687500001,0.0
22492,105.0,80.43046875000002,0.0
22493,101.25,80.862890625,0.0
22494,101.25,81.29531250000001,0.0
22495,105.0,80.862890625,0.0
22496,105.0,81.29531250000001,0.0
22497,101.25,81.72773437500001,0.0
22498,101.25,82.16015625,0.0
22499,105.0,81.72773437500001,0.0
22500,105.0,82.16015625,0.0
22501,101.25,82.592578125,0.0
22502,101.25,83.025,0.0
22503,105.0,82.592578125,0.0
22504,105.0,83.025,0.0
22505,108.75,55.782421875,0.0
22506,108.75,56.21484375,0.0
22507,112.5,55.782421875,0.0
22508,112.5,56.21484375,0.0
22509,108.75,56.647265625,0.0
22510,108.75,57.07968750000001,0.0
22511,112.5,56.647265625,0.0
22512,112.5,57.07968750000001,0.0
22513,108.75,57.51210937500001,0.0
22514,108.75,57.94453125,0.0
22515,112.5,57.51210937500001,0.0
22516,112.5,57.94453125,0.0
22517,108.75,58.376953125,0.0
22518,108.75,58.809375,0.0
22519,112.5,58.376953125,0.0
22520,112.5,58.809375,0.0
22521,108.75,59.24179687500001,0.0
22522,108.75,59.67421875,0.0
22523,112.5,59.24179687500001,0.0
22524,112.5,59.67421875,0.0
22525,108.75,60.106640625,0.0
22526,108.75,60.5390625,0.0
22527,112.5,60.106640625,0.0
22528,112.5,60.5390625,0.0
22529,108.75,60.971484375,0.0
22530,108.75,61.40390625,0.0
22531,112.5,60.971484375,0.0
22532,112.5,61.40390625,0.0
22533,108.75,61.83632812499999,0.0
22534,108.75,62.26875,0.0
22535,112.5,61.83632812499999,0.0
22536,112.5,62.26875,0.0
22537,108.75,62.701171875,0.0
22538,108.75,63.13359375,0.0
22539,112.5,62.701171875,0.0
22540,112.5,63.13359375,0.0
22541,108.75,63.56601562500001,0.0
22542,108.75,63.9984375,0.0
22543,112.5,63.56601562500001,0.0
22544,112.5,63.9984375,0.0
22545,108.75,64.430859375,0.0
22546,108.75,64.86328125,0.0
22547,112.5,64.430859375,0.0
22548,112.5,64.86328125,0.0
22549,108.75,65.295703125,0.0
22550,108.75,65.728125,0.0
22551,112.5,65.295703125,0.0
22552,112.5,65.728125,0.0
22553,108.75,66.16054687500001,0.0
22554,108.75,66.59296875000001,0.0
22555,112.5,66.16054687500001,0.0
22556,112.5,66.59296875000001,0.0
22557,108.75,67.025390625,0.0
22558,108.75,67.4578125,0.0
22559,112.5,67.025390625,0.0
22560,112.5,67.4578125,0.0
22561,108.75,67.890234375,0.0
22562,108.75,68.32265625,0.0
22563,112.5,67.890234375,0.0
22564,112.5,68.32265625,0.0
22565,108.75,68.755078125,0.0
22566,108.75,69.1875,0.0
22567,112.5,68.755078125,0.0
22568,112.5,69.1875,0.0
22569,108.75,69.619921875,0.0
22570,108.75,70.05234375,0.0
22571,112.5,69.619921875,0.0
22572,112.5,70.05234375,0.0
22573,108.75,70.484765625,0.0
22574,108.75,70.9171875,0.0
22575,112.5,70.484765625,0.0
22576,112.5,70.9171875,0.0
22577,108.75,71.349609375,0.0
22578,108.75,71.78203124999999,0.0
22579,112.5,71.349609375,0.0
22580,112.5,71.78203124999999,0.0
22581,108.75,72.21445312499999,0.0
22582,108.75,72.646875,0.0
22583,112.5,72.21445312499999,0.0
22584,112.5,72.646875,0.0
22585,108.75,73.079296875,0.0
22586,108.75,73.51171875,0.0
22587,112.5,73.079296875,0.0
22588,112.5,73.51171875,0.0
22589,108.75,73.944140625,0.0
22590,108.75,74.3765625,0.0
22591,112.5,73.944140625,0.0
22592,112.5,74.3765625,0.0
22593,108.75,74.80898437500001,0.0
22594,108.75,75.24140625000001,0.0
22595,112.5,74.80898437500001,0.0
22596,112.5,75.24140625000001,0.0
22597,108.75,75.673828125,0.0
22598,108.75,76.10625,0.0
22599,112.5,75.673828125,0.0
22600,112.5,76.10625,0.0
22601,108.75,76.538671875,0.0
22602,108.75,76.97109375,0.0
22603,112.5,76.538671875,0.0
22604,112.5,76.97109375,0.0
22605,108.75,77.403515625,0.0
22606,108.75,77.8359375,0.0
22607,112.5,77.403515625,0.0
22608,112.5,77.8359375,0.0
22609,108.75,78.268359375,0.0
22610,108.75,78.70078125,0.0
22611,112.5,78.268359375,0.0
22612,112.5,78.70078125,0.0
22613,108.75,79.13320312500001,0.0
22614,108.75,79.56562500000001,0.0
22615,112.5,79.13320312500001,0.0
22616,112.5,79.56562500000001,0.0
22617,108.75,79.99804687500001,0.0
22618,108.75,80.43046875000002,0.0
22619,112.5,79.99804687500001,0.0
22620,112.5,80.43046875000002,0.0
22621,108.75,80.862890625,0.0
22622,108.75,81.29531250000001,0.0
22623,112.5,80.862890625,0.0
22624,112.5,81.29531250000001,0.0
22625,108.75,81.72773437500001,0.0
22626,108.75,82.16015625,0.0
22627,112.5,81.72773437500001,0.0
22628,112.5,82.16015625,0.0
22629,108.75,82.592578125,0.0
22630,108.75,83.025,0.0
22631,112.5,82.592578125,0.0
22632,112.5,83.025,0.0
22633,116.25,55.782421875,0.0
22634,116.25,56.21484375,0.0
22635,120.0,55.782421875,0.0
22636,120.0,56.21484375,0.0
22637,116.25,56.647265625,0.0
22638,116.25,57.07968750000001,0.0
22639,120.0,56.647265625,0.0
22640,120.0,57.07968750000001,0.0
22641,116.25,57.51210937500001,0.0
22642,116.25,57.94453125,0.0
22643,120.0,57.51210937500001,0.0
22644,120.0,57.94453125,0.0
22645,116.25,58.376953125,0.0
22646,116.25,58.809375,0.0
22647,120.0,58.376953125,0.0
22648,120.0,58.809375,0.0
22649,116.25,59.24179687500001,0.0
22650,116.25,59.67421875,0.0
22651,120.0,59.24179687500001,0.0
22652,120.0,59.67421875,0.0
22653,116.25,60.106640625,0.0
22654,116.25,60.5390625,0.0
22655,120.0,60.106640625,0.0
22656,120.0,60.5390625,0.0
22657,116.25,60.971484375,0.0
22658,116.25,61.40390625,0.0
22659,120.0,60.971484375,0.0
22660,120.0,61.40390625,0.0
22661,116.25,61.83632812499999,0.0
22662,116.25,62.26875,0.0
22663,120.0,61.83632812499999,0.0
22664,120.0,62.26875,0.0
22665,116.25,62.701171875,0.0
22666,116.25,63.13359375,0.0
22667,120.0,62.701171875,0.0
22668,120.0,63.13359375,0.0
22669,116.25,63.56601562500001,0.0
22670,116.25,63.9984375,0.0
22671,120.0,63.56601562500001,0.0
22672,120.0,63.9984375,0.0
22673,116.25,64.430859375,0.0
22674,116.25,64.86328125,0.0
22675,120.0,64.430859375,0.0
22676,120.0,64.86328125,0.0
22677,116.25,65.295703125,0.0
22678,116.25,65.728125,0.0
22679,120.0,65.295703125,0.0
22680,120.0,65.728125,0.0
22681,116.25,66.16054687500001,0.0
22682,116.25,66.59296875000001,0.0
22683,120.0,66.16054687500001,0.0
22684,120.0,66.59296875000001,0.0
22685,116.25,67.025390625,0.0
22686,116.25,67.4578125,0.0
22687,120.0,67.025390625,0.0
22688,120.0,67.4578125,0.0
22689,116.25,67.890234375,0.0
22690,116.25,68.32265625,0.0
22691,120.0,67.890234375,0.0
22692,120.0,68.32265625,0.0
22693,116.25,68.755078125,0.0
22694,116.25,69.1875,0.0
22695,120.0,68.755078125,0.0
22696,120.0,69.1875,0.0
22697,116.25,69.619921875,0.0
22698,116.25,70.05234375,0.0
22699,120.0,69.619921875,0.0
22700,120.0,70.05234375,0.0
22701,116.25,70.484765625,0.0
22702,116.25,70.9171875,0.0
22703,120.0,70.484765625,0.0
22704,120.0,70.9171875,0.0
22705,116.25,71.349609375,0.0
22706,116.25,71.78203124999999,0.0
22707,120.0,71.349609375,0.0
22708,120.0,71.78203124999999,0.0
22709,116.25,72.21445312499999,0.0
22710,116.25,72.646875,0.0
22711,120.0,72.21445312499999,0.0
22712,120.0,72.646875,0.0
22713,116.25,73.079296875,0.0
22714,116.25,73.51171875,0.0
22715,120.0,73.079296875,0.0
22716,120.0,73.51171875,0.0
22717,116.25,73.944140625,0.0
22718,116.25,74.3765625,0.0
22719,120.0,73.944140625,0.0
22720,120.0,74.3765625,0.0
22721,116.25,74.80898437500001,0.0
22722,116.25,75.24140625000001,0.0
22723,120.0,74.80898437500001,0.0
22724,120.0,75.24140625000001,0.0
22725,116.25,75.673828125,0.0
22726,116.25,76.10625,0.0
22727,120.0,75.673828125,0.0
22728,120.0,76.10625,0.0
22729,116.25,76.538671875,0.0
22730,116.25,76.97109375,0.0
22731,120.0,76.538671875,0.0
22732,120.0,76.97109375,0.0
22733,116.25,77.403515625,0.0
22734,116.25,77.8359375,0.0
22735,120.0,77.403515625,0.0
22736,120.0,77.8359375,0.0
22737,116.25,78.268359375,0.0
22738,116.25,78.70078125,0.0
22739,120.0,78.268359375,0.0
22740,120.0,78.70078125,0.0
22741,116.25,79.13320312500001,0.0
22742,116.25,79.56562500000001,0.0
22743,120.0,79.13320312500001,0.0
22744,120.0,79.56562500000001,0.0
22745,116.25,79.99804687500001,0.0
22746,116.25,80.43046875000002,0.0
22747,120.0,79.99804687500001,0.0
22748,120.0,80.43046875000002,0.0
22749,116.25,80.862890625,0.0
22750,116.25,81.29531250000001,0.0
22751,120.0,80.862890625,0.0
22752,120.0,81.29531250000001,0.0
22753,116.25,81.72773437500001,0.0
22754,116.25,82.16015625,0.0
22755,120.0,81.72773437500001,0.0
22756,120.0,82.16015625,0.0
22757,116.25,82.592578125,0.0
22758,116.25,83.025,0.0
22759,120.0,82.592578125,0.0
22760,120.0,83.025,0.0
22761,93.75,83.45742187500001,0.0
22762,93.75,83.88984375000001,0.0
22763,97.5,83.45742187500001,0.0
22764,97.5,83.88984375000001,0.0
22765,93.75,84.322265625,0.0
22766,93.75,84.7546875,0.0
22767,97.5,84.322265625,0.0
22768,97.5,84.7546875,0.0
22769,93.75,85.187109375,0.0
22770,93.75,85.61953125,0.0
22771,97.5,85.187109375,0.0
22772,97.5,85.61953125,0.0
22773,93.75,86.051953125,0.0
22774,93.75,86.484375,0.0
22775,97.5,86.051953125,0.0
22776,97.5,86.484375,0.0
22777,93.75,86.916796875,0.0
22778,93.75,87.34921875,0.0
22779,97.5,86.916796875,0.0
22780,97.5,87.34921875,0.0
22781,93.75,87.78164062500001,0.0
22782,93.75,88.21406250000001,0.0
22783,97.5,87.78164062500001,0.0
22784,97.5,88.21406250000001,0.0
22785,93.75,88.64648437500001,0.0
22786,93.75,89.07890625000002,0.0
22787,97.5,88.64648437500001,0.0
22788,97.5,89.07890625000002,0.0
22789,93.75,89.511328125,0.0
22790,93.75,89.94375000000001,0.0
22791,97.5,89.511328125,0.0
22792,97.5,89.94375000000001,0.0
22793,93.75,90.37617187500001,0.0
22794,93.75,90.80859375,0.0
22795,97.5,90.37617187500001,0.0
22796,97.5,90.80859375,0.0
22797,93.75,91.241015625,0.0
22798,93.75,91.6734375,0.0
22799,97.5,91.241015625,0.0
22800,97.5,91.6734375,0.0
22801,93.75,92.10585937500001,0.0
22802,93.75,92.53828125000001,0.0
22803,97.5,92.10585937500001,0.0
22804,97.5,92.53828125000001,0.0
22805,93.75,92.97070312500001,0.0
22806,93.75,93.40312500000002,0.0
22807,97.5,92.97070312500001,0.0
22808,97.5,93.40312500000002,0.0
22809,93.75,93.83554687500002,0.0
22810,93.75,94.26796875000002,0.0
22811,97.5,93.83554687500002,0.0
22812,97.5,94.26796875000002,0.0
22813,93.75,94.70039062500001,0.0
22814,93.75,95.13281250000001,0.0
22815,97.5,94.70039062500001,0.0
22816,97.5,95.13281250000001,0.0
22817,93.75,95.56523437500002,0.0
22818,93.75,95.99765625,0.0
22819,97.5,95.56523437500002,0.0
22820,97.5,95.99765625,0.0
22821,93.75,96.43007812500001,0.0
22822,93.75,96.86250000000001,0.0
22823,97.5,96.43007812500001,0.0
22824,97.5,96.86250000000001,0.0
22825,101.25,83.45742187500001,0.0
22826,101.25,83.88984375000001,0.0
22827,105.0,83.45742187500001,0.0
22828,105.0,83.88984375000001,0.0
22829,101.25,84.322265625,0.0
22830,101.25,84.7546875,0.0
22831,105.0,84.322265625,0.0
22832,105.0,84.7546875,0.0
22833,101.25,85.187109375,0.0
22834,101.25,85.61953125,0.0
22835,105.0,85.187109375,0.0
22836,105.0,85.61953125,0.0
22837,101.25,86.051953125,0.0
22838,101.25,86.484375,0.0
22839,105.0,86.051953125,0.0
22840,105.0,86.484375,0.0
22841,101.25,86.916796875,0.0
22842,101.25,87.34921875,0.0
22843,105.0,86.916796875,0.0
22844,105.0,87.34921875,0.0
22845,101.25,87.78164062500001,0.0
22846,101.25,88.21406250000001,0.0
22847,105.0,87.78164062500001,0.0
22848,105.0,88.21406250000001,0.0
22849,101.25,88.64648437500001,0.0
22850,101.25,89.07890625000002,0.0
22851,105.0,88.64648437500001,0.0
22852,105.0,89.07890625000002,0.0
22853,101.25,89.511328125,0.0
22854,101.25,89.94375000000001,0.0
22855,105.0,89.511328125,0.0
22856,105.0,89.94375000000001,0.0
22857,101.25,90.37617187500001,0.0
22858,101.25,90.80859375,0.0
22859,105.0,90.37617187500001,0.0
22860,105.0,90.80859375,0.0
22861,101.25,91.241015625,0.0
22862,101.25,91.6734375,0.0
22863,105.0,91.241015625,0.0
22864,105.0,91.6734375,0.0
22865,101.25,92.10585937500001,0.0
22866,101.25,92.53828125000001,0.0
22867,105.0,92.10585937500001,0.0
22868,105.0,92.53828125000001,0.0
22869,101.25,92.97070312500001,0.0
22870,101.25,93.40312500000002,0.0
22871,105.0,92.97070312500001,0.0
22872,105.0,93.40312500000002,0.0
22873,101.25,93.83554687500002,0.0
22874,101.25,94.26796875000002,0.0
22875,105.0,93.83554687500002,0.0
22876,105.0,94.26796875000002,0.0
22877,101.25,94.70039062500001,0.0
22878,101.25,95.13281250000001,0.0
22879,105.0,94.70039062500001,0.0
22880,105.0,95.13281250000001,0.0
22881,101.25,95.56523437500002,0.0
22882,101.25,95.99765625,0.0
22883,105.0,95.56523437500002,0.0
22884,105.0,95.99765625,0.0
22885,101.25,96.43007812500001,0.0
22886,101.25,96.86250000000001,0.0
22887,105.0,96.43007812500001,0.0
22888,105.0,96.86250000000001,0.0
22889,93.75,97.29492187500001,0.0
22890,93.75,97.72734375000002,0.0
22891,97.5,97.29492187500001,0.0
22892,97.5,97.72734375000002,0.0
22893,93.75,98.159765625,0.0
22894,93.75,98.59218750000001,0.0
22895,97.5,98.159765625,0.0
22896,97.5,98.59218750000001,0.0
22897,93.75,99.02460937500001,0.0
22898,93.75,99.45703125,0.0
22899,97.5,99.02460937500001,0.0
22900,97.5,99.45703125,0.0
22901,93.75,99.889453125,0.0
22902,93.75,100.321875,0.0
22903,97.5,99.889453125,0.0
22904,97.5,100.321875,0.0
22905,93.75,100.754296875,0.0
22906,93.75,101.18671875,0.0
22907,97.5,100.754296875,0.0
22908,97.5,101.18671875,0.0
22909,93.75,101.619140625,0.0
22910,93.75,102.0515625,0.0
22911,97.5,101.619140625,0.0
22912,97.5,102.0515625,0.0
22913,93.75,102.483984375,0.0
22914,93.75,102.91640625,0.0
22915,97.5,102.483984375,0.0
22916,97.5,102.91640625,0.0
22917,93.75,103.348828125,0.0
22918,93.75,103.78125,0.0
22919,97.5,103.348828125,0.0
22920,97.5,103.78125,0.0
22921,101.25,97.29492187500001,0.0
22922,101.25,97.72734375000002,0.0
22923,105.0,97.29492187500001,0.0
22924,105.0,97.72734375000002,0.0
22925,101.25,98.159765625,0.0
22926,101.25,98.59218750000001,0.0
22927,105.0,98.159765625,0.0
22928,105.0,98.59218750000001,0.0
22929,101.25,99.02460937500001,0.0
22930,101.25,99.45703125,0.0
22931,105.0,99.02460937500001,0.0
22932,105.0,99.45703125,0.0
22933,101.25,99.889453125,0.0
22934,101.25,100.321875,0.0
22935,105.0,99.889453125,0.0
22936,105.0,100.321875,0.0
22937,101.25,100.754296875,0.0
22938,101.25,101.18671875,0.0
22939,105.0,100.754296875,0.0
22940,105.0,101.18671875,0.0
22941,101.25,101.619140625,0.0
22942,101.25,102.0515625,0.0
22943,105.0,101.619140625,0.0
22944,105.0,102.0515625,0.0
22945,101.25,102.483984375,0.0
22946,101.25,102.91640625,0.0
22947,105.0,102.483984375,0.0
22948,105.0,102.91640625,0.0
22949,101.25,103.348828125,0.0
22950,101.25,103.78125,0.0
22951,105.0,103.348828125,0.0
22952,105.0,103.78125,0.0
22953,93.75,104.213671875,0.0
22954,93.75,104.64609375,0.0
22955,97.5,104.213671875,0.0
22956,97.5,104.64609375,0.0
22957,93.75,105.078515625,0.0
22958,93.75,105.5109375,0.0
22959,97.5,105.078515625,0.0
22960,97.5,105.5109375,0.0
22961,93.75,105.943359375,0.0
22962,93.75,106.37578125,0.0
22963,97.5,105.943359375,0.0
22964,97.5,106.37578125,0.0
22965,93.75,106.808203125,0.0
22966,93.75,107.240625,0.0
22967,97.5,106.808203125,0.0
22968,97.5,107.240625,0.0
22969,101.25,104.213671875,0.0
22970,101.25,104.64609375,0.0
22971,105.0,104.213671875,0.0
22972,105.0,104.64609375,0.0
22973,101.25,105.078515625,0.0
22974,101.25,105.5109375,0.0
22975,105.0,105.078515625,0.0
22976,105.0,105.5109375,0.0
22977,101.25,105.943359375,0.0
22978,101.25,106.37578125,0.0
22979,105.0,105.943359375,0.0
22980,105.0,106.37578125,0.0
22981,101.25,106.808203125,0.0
22982,101.25,107.240625,0.0
22983,105.0,106.808203125,0.0
22984,105.0,107.240625,0.0
22985,93.75,107.673046875,0.0
22986,93.75,108.10546875,0.0
22987,97.5,107.673046875,0.0
22988,97.5,108.10546875,0.0
22989,93.75,108.537890625,0.0
22990,93.75,108.9703125,0.0
22991,97.5,108.537890625,0.0
22992,97.5,108.9703125,0.0
22993,101.25,107.673046875,0.0
22994,101.25,108.10546875,0.0
22995,105.0,107.673046875,0.0
22996,105.0,108.10546875,0.0
22997,101.25,108.537890625,0.0
22998,101.25,108.9703125,0.0
22999,105.0,108.537890625,0.0
23000,105.0,108.9703125,0.0
23001,93.75,109.402734375,0.0
23002,97.5,109.402734375,0.0
23003,93.75,109.6189453125,0.0
23004,97.5,109.6189453125,0.0
23005,93.75,109.83515625,0.0
23006,97.5,109.83515625,0.0
23007,101.25,109.402734375,0.0
23008,105.0,109.402734375,0.0
23009,101.25,109.6189453125,0.0
23010,105.0,109.6189453125,0.0
23011,101.25,109.83515625,0.0
23012,105.0,109.83515625,0.0
23013,93.75,109.94326171875,0.0
23014,97.5,109.94326171875,0.0
23015,93.75,109.997314453125,0.0
23016,97.5,109.997314453125,0.0
23017,93.75,110.0513671875,0.0
23018,97.5,110.0513671875,0.0
23019,101.25,109.94326171875,0.0
23020,105.0,109.94326171875,0.0
23021,101.25,109.997314453125,0.0
23022,105.0,109.997314453125,0.0
23023,101.25,110.0513671875,0.0
23024,105.0,110.0513671875,0.0
23025,93.75,110.0783935546875,0.0
23026,97.5,110.0783935546875,0.0
23027,93.75,110.0919067382813,0.0
23028,97.5,110.0919067382813,0.0
23029,93.75,110.0986633300781,0.0
23030,93.75,110.105419921875,0.0
23031,97.5,110.0986633300781,0.0
23032,97.5,110.105419921875,0.0
23033,93.75,110.1121765136719,0.0
23034,93.75,110.1189331054688,0.0
23035,97.5,110.1121765136719,0.0
23036,97.5,110.1189331054688,0.0
23037,93.75,110.1256896972656,0.0
23038,93.75,110.1324462890625,0.0
23039,97.5,110.1256896972656,0.0
23040,97.5,110.1324462890625,0.0
23041,93.75,110.1392028808594,0.0
23042,93.75,110.1459594726562,0.0
23043,97.5,110.1392028808594,0.0
23044,97.5,110.1459594726562,0.0
23045,93.75,110.1527160644531,0.0
23046,93.75,110.15947265625,0.0
23047,97.5,110.1527160644531,0.0
23048,97.5,110.15947265625,0.0
23049,101.25,110.0783935546875,0.0
23050,105.0,110.0783935546875,0.0
23051,101.25,110.0919067382813,0.0
23052,105.0,110.0919067382813,0.0
23053,101.25,110.0986633300781,0.0
23054,101.25,110.105419921875,0.0
23055,105.0,110.0986633300781,0.0
23056,105.0,110.105419921875,0.0
23057,101.25,110.1121765136719,0.0
23058,101.25,110.1189331054688,0.0
23059,105.0,110.1121765136719,0.0
23060,105.0,110.1189331054688,0.0
23061,101.25,110.1256896972656,0.0
23062,101.25,110.1324462890625,0.0
23063,105.0,110.1256896972656,0.0
23064,105.0,110.1324462890625,0.0
23065,101.25,110.1392028808594,0.0
23066,101.25,110.1459594726562,0.0
23067,105.0,110.1392028808594,0.0
23068,105.0,110.1459594726562,0.0
23069,101.25,110.1527160644531,0.0
23070,101.25,110.15947265625,0.0
23071,105.0,110.1527160644531,0.0
23072,105.0,110.15947265625,0.0
23073,93.75,110.1662292480469,0.0
23074,93.75,110.1729858398438,0.0
23075,97.5,110.1662292480469,0.0
23076,97.5,110.1729858398438,0.0
23077,93.75,110.1797424316406,0.0
23078,93.75,110.1864990234375,0.0
23079,97.5,110.1797424316406,0.0
23080,97.5,110.1864990234375,0.0
23081,101.25,110.1662292480469,0.0
23082,101.25,110.1729858398438,0.0
23083,105.0,110.1662292480469,0.0
23084,105.0,110.1729858398438,0.0
23085,101.25,110.1797424316406,0.0
23086,101.25,110.1864990234375,0.0
23087,105.0,110.1797424316406,0.0
23088,105.0,110.1864990234375,0.0
23089,93.75,110.1932556152344,0.0
23090,97.5,110.1932556152344,0.0
23091,101.25,110.1932556152344,0.0
23092,105.0,110.1932556152344,0.0
23093,93.75,110.2067687988281,0.0
23094,97.5,110.2067687988281,0.0
23095,93.75,110.213525390625,0.0
23096,97.5,110.213525390625,0.0
23097,101.25,110.2067687988281,0.0
23098,105.0,110.2067687988281,0.0
23099,101.25,110.213525390625,0.0
23100,105.0,110.213525390625,0.0
23101,93.75,110.2202819824219,0.0
23102,97.5,110.2202819824219,0.0
23103,93.75,110.2270385742187,0.0
23104,97.5,110.2270385742187,0.0
23105,101.25,110.2202819824219,0.0
23106,105.0,110.2202819824219,0.0
23107,101.25,110.2270385742187,0.0
23108,105.0,110.2270385742187,0.0
23109,93.75,110.2337951660156,0.0
23110,97.5,110.2337951660156,0.0
23111,93.75,110.2405517578125,0.0
23112,97.5,110.2405517578125,0.0
23113,101.25,110.2337951660156,0.0
23114,105.0,110.2337951660156,0.0
23115,101.25,110.2405517578125,0.0
23116,105.0,110.2405517578125,0.0
23117,93.75,110.2473083496094,0.0
23118,97.5,110.2473083496094,0.0
23119,93.75,110.2540649414063,0.0
23120,97.5,110.2540649414063,0.0
23121,101.25,110.2473083496094,0.0
23122,105.0,110.2473083496094,0.0
23123,101.25,110.2540649414063,0.0
23124,105.0,110.2540649414063,0.0
23125,93.75,110.2608215332031,0.0
23126,97.5,110.2608215332031,0.0
23127,93.75,110.267578125,0.0
23128,97.5,110.267578125,0.0
23129,101.25,110.2608215332031,0.0
23130,105.0,110.2608215332031,0.0
23131,101.25,110.267578125,0.0
23132,105.0,110.267578125,0.0
23133,93.75,110.2743347167969,0.0
23134,97.5,110.2743347167969,0.0
23135,93.75,110.2810913085937,0.0
23136,97.5,110.2810913085937,0.0
23137,101.25,110.2743347167969,0.0
23138,105.0,110.2743347167969,0.0
23139,101.25,110.2810913085937,0.0
23140,105.0,110.2810913085937,0.0
23141,93.75,110.2878479003906,0.0
23142,97.5,110.2878479003906,0.0
23143,93.75,110.2946044921875,0.0
23144,97.5,110.2946044921875,0.0
23145,101.25,110.2878479003906,0.0
23146,105.0,110.2878479003906,0.0
23147,101.25,110.2946044921875,0.0
23148,105.0,110.2946044921875,0.0
23149,93.75,110.3013610839844,0.0
23150,97.5,110.3013610839844,0.0
23151,93.75,110.3081176757813,0.0
23152,97.5,110.3081176757813,0.0
23153,101.25,110.3013610839844,0.0
23154,105.0,110.3013610839844,0.0
23155,101.25,110.3081176757813,0.0
23156,105.0,110.3081176757813,0.0
23157,93.75,110.321630859375,0.0
23158,97.5,110.321630859375,0.0
23159,101.25,110.321630859375,0.0
23160,105.0,110.321630859375,0.0
23161,93.75,110.3351440429688,0.0
23162,97.5,110.3351440429688,0.0
23163,93.75,110.3486572265625,0.0
23164,97.5,110.3486572265625,0.0
23165,101.25,110.3351440429688,0.0
23166,105.0,110.3351440429688,0.0
23167,101.25,110.3486572265625,0.0
23168,105.0,110.3486572265625,0.0
23169,93.75,110.3621704101562,0.0
23170,97.5,110.3621704101562,0.0
23171,93.75,110.37568359375,0.0
23172,97.5,110.37568359375,0.0
23173,101.25,110.3621704101562,0.0
23174,105.0,110.3621704101562,0.0
23175,101.25,110.37568359375,0.0
23176,105.0,110.37568359375,0.0
23177,93.75,110.3891967773438,0.0
23178,97.5,110.3891967773438,0.0
23179,93.75,110.4027099609375,0.0
23180,97.5,110.4027099609375,0.0
23181,101.25,110.3891967773438,0.0
23182,105.0,110.3891967773438,0.0
23183,101.25,110.4027099609375,0.0
23184,105.0,110.4027099609375,0.0
23185,93.75,110.4162231445312,0.0
23186,97.5,110.4162231445312,0.0
23187,93.75,110.429736328125,0.0
23188,97.5,110.429736328125,0.0
23189,101.25,110.4162231445312,0.0
23190,105.0,110.4162231445312,0.0
23191,101.25,110.429736328125,0.0
23192,105.0,110.429736328125,0.0
23193,93.75,110.4432495117187,0.0
23194,97.5,110.4432495117187,0.0
23195,93.75,110.4567626953125,0.0
23196,97.5,110.4567626953125,0.0
23197,101.25,110.4432495117187,0.0
23198,105.0,110.4432495117187,0.0
23199,101.25,110.4567626953125,0.0
23200,105.0,110.4567626953125,0.0
23201,93.75,110.4702758789062,0.0
23202,97.5,110.4702758789062,0.0
23203,93.75,110.4837890625,0.0
23204,97.5,110.4837890625,0.0
23205,101.25,110.4702758789062,0.0
23206,105.0,110.4702758789062,0.0
23207,101.25,110.4837890625,0.0
23208,105.0,110.4837890625,0.0
23209,93.75,110.4973022460937,0.0
23210,97.5,110.4973022460937,0.0
23211,93.75,110.5108154296875,0.0
23212,97.5,110.5108154296875,0.0
23213,101.25,110.4973022460937,0.0
23214,105.0,110.4973022460937,0.0
23215,101.25,110.5108154296875,0.0
23216,105.0,110.5108154296875,0.0
23217,93.75,110.5243286132813,0.0
23218,97.5,110.5243286132813,0.0
23219,93.75,110.537841796875,0.0
23220,97.5,110.537841796875,0.0
23221,101.25,110.5243286132813,0.0
23222,105.0,110.5243286132813,0.0
23223,101.25,110.537841796875,0.0
23224,105.0,110.537841796875,0.0
23225,93.75,110.5513549804687,0.0
23226,97.5,110.5513549804687,0.0
23227,93.75,110.5648681640625,0.0
23228,97.5,110.5648681640625,0.0
23229,101.25,110.5513549804687,0.0
23230,105.0,110.5513549804687,0.0
23231,101.25,110.5648681640625,0.0
23232,105.0,110.5648681640625,0.0
23233,93.75,110.5783813476563,0.0
23234,97.5,110.5783813476563,0.0
23235,93.75,110.59189453125,0.0
23236,97.5,110.59189453125,0.0
23237,101.25,110.5783813476563,0.0
23238,105.0,110.5783813476563,0.0
23239,101.25,110.59189453125,0.0
23240,105.0,110.59189453125,0.0
23241,93.75,110.6054077148438,0.0
23242,97.5,110.6054077148438,0.0
23243,93.75,110.6189208984375,0.0
23244,97.5,110.6189208984375,0.0
23245,101.25,110.6054077148438,0.0
23246,105.0,110.6054077148438,0.0
23247,101.25,110.6189208984375,0.0
23248,105.0,110.6189208984375,0.0
23249,93.75,110.6324340820313,0.0
23250,97.5,110.6324340820313,0.0
23251,93.75,110.645947265625,0.0
23252,97.5,110.645947265625,0.0
23253,101.25,110.6324340820313,0.0
23254,105.0,110.6324340820313,0.0
23255,101.25,110.645947265625,0.0
23256,105.0,110.645947265625,0.0
23257,93.75,110.6594604492188,0.0
23258,97.5,110.6594604492188,0.0
23259,93.75,110.6729736328125,0.0
23260,97.5,110.6729736328125,0.0
23261,101.25,110.6594604492188,0.0
23262,105.0,110.6594604492188,0.0
23263,101.25,110.6729736328125,0.0
23264,105.0,110.6729736328125,0.0
23265,93.75,110.6864868164062,0.0
23266,97.5,110.6864868164062,0.0
23267,93.75,110.7,0.0
23268,97.5,110.7,0.0
23269,101.25,110.6864868164062,0.0
23270,105.0,110.6864868164062,0.0
23271,101.25,110.7,0.0
23272,105.0,110.7,0.0
23273,108.75,83.45742187500001,0.0
23274,108.75,83.88984375000001,0.0
23275,112.5,83.45742187500001,0.0
23276,112.5,83.88984375000001,0.0
23277,108.75,84.322265625,0.0
23278,108.75,84.7546875,0.0
23279,112.5,84.322265625,0.0
23280,112.5,84.7546875,0.0
23281,108.75,85.187109375,0.0
23282,108.75,85.61953125,0.0
23283,112.5,85.187109375,0.0
23284,112.5,85.61953125,0.0
23285,108.75,86.051953125,0.0
23286,108.75,86.484375,0.0
23287,112.5,86.051953125,0.0
23288,112.5,86.484375,0.0
23289,108.75,86.916796875,0.0
23290,108.75,87.34921875,0.0
23291,112.5,86.916796875,0.0
23292,112.5,87.34921875,0.0
23293,108.75,87.78164062500001,0.0
23294,108.75,88.21406250000001,0.0
23295,112.5,87.78164062500001,0.0
23296,112.5,88.21406250000001,0.0
23297,108.75,88.64648437500001,0.0
23298,108.75,89.07890625000002,0.0
23299,112.5,88.64648437500001,0.0
23300,112.5,89.07890625000002,0.0
23301,108.75,89.511328125,0.0
23302,108.75,89.94375000000001,0.0
23303,112.5,89.511328125,0.0
23304,112.5,89.94375000000001,0.0
23305,108.75,90.37617187500001,0.0
23306,108.75,90.80859375,0.0
23307,112.5,90.37617187500001,0.0
23308,112.5,90.80859375,0.0
23309,108.75,91.241015625,0.0
23310,108.75,91.6734375,0.0
23311,112.5,91.241015625,0.0
23312,112.5,91.6734375,0.0
23313,108.75,92.10585937500001,0.0
23314,108.75,92.53828125000001,0.0
23315,112.5,92.10585937500001,0.0
23316,112.5,92.53828125000001,0.0
23317,108.75,92.97070312500001,0.0
23318,108.75,93.40312500000002,0.0
23319,112.5,92.97070312500001,0.0
23320,112.5,93.40312500000002,0.0
23321,108.75,93.83554687500002,0.0
23322,108.75,94.26796875000002,0.0
23323,112.5,93.83554687500002,0.0
23324,112.5,94.26796875000002,0.0
23325,108.75,94.70039062500001,0.0
23326,108.75,95.13281250000001,0.0
23327,112.5,94.70039062500001,0.0
23328,112.5,95.13281250000001,0.0
23329,108.75,95.56523437500002,0.0
23330,108.75,95.99765625,0.0
23331,112.5,95.56523437500002,0.0
23332,112.5,95.99765625,0.0
23333,108.75,96.43007812500001,0.0
23334,108.75,96.86250000000001,0.0
23335,112.5,96.43007812500001,0.0
23336,112.5,96.86250000000001,0.0
23337,116.25,83.45742187500001,0.0
23338,116.25,83.88984375000001,0.0
23339,120.0,83.45742187500001,0.0
23340,120.0,83.88984375000001,0.0
23341,116.25,84.322265625,0.0
23342,116.25,84.7546875,0.0
23343,120.0,84.322265625,0.0
23344,120.0,84.7546875,0.0
23345,116.25,85.187109375,0.0
23346,116.25,85.61953125,0.0
23347,120.0,85.187109375,0.0
23348,120.0,85.61953125,0.0
23349,116.25,86.051953125,0.0
23350,116.25,86.484375,0.0
23351,120.0,86.051953125,0.0
23352,120.0,86.484375,0.0
23353,116.25,86.916796875,0.0
23354,116.25,87.34921875,0.0
23355,120.0,86.916796875,0.0
23356,120.0,87.34921875,0.0
23357,116.25,87.78164062500001,0.0
23358,116.25,88.21406250000001,0.0
23359,120.0,87.78164062500001,0.0
23360,120.0,88.21406250000001,0.0
23361,116.25,88.64648437500001,0.0
23362,116.25,89.07890625000002,0.0
23363,120.0,88.64648437500001,0.0
23364,120.0,89.07890625000002,0.0
23365,116.25,89.511328125,0.0
23366,116.25,89.94375000000001,0.0
23367,120.0,89.511328125,0.0
23368,120.0,89.94375000000001,0.0
23369,116.25,90.37617187500001,0.0
23370,116.25,90.80859375,0.0
23371,120.0,90.37617187500001,0.0
23372,120.0,90.80859375,0.0
23373,116.25,91.241015625,0.0
23374,116.25,91.6734375,0.0
23375,120.0,91.241015625,0.0
23376,120.0,91.6734375,0.0
23377,116.25,92.10585937500001,0.0
23378,116.25,92.53828125000001,0.0
23379,120.0,92.10585937500001,0.0
23380,120.0,92.53828125000001,0.0
23381,116.25,92.97070312500001,0.0
23382,116.25,93.40312500000002,0.0
23383,120.0,92.97070312500001,0.0
23384,120.0,93.40312500000002,0.0
23385,116.25,93.83554687500002,0.0
23386,116.25,94.26796875000002,0.0
23387,120.0,93.83554687500002,0.0
23388,120.0,94.26796875000002,0.0
23389,116.25,94.70039062500001,0.0
23390,116.25,95.13281250000001,0.0
23391,120.0,94.70039062500001,0.0
23392,120.0,95.13281250000001,0.0
23393,116.25,95.56523437500002,0.0
23394,116.25,95.99765625,0.0
23395,120.0,95.56523437500002,0.0
23396,120.0,95.99765625,0.0
23397,116.25,96.43007812500001,0.0
23398,116.25,96.86250000000001,0.0
23399,120.0,96.43007812500001,0.0
23400,120.0,96.86250000000001,0.0
23401,108.75,97.29492187500001,0.0
23402,108.75,97.72734375000002,0.0
23403,112.5,97.29492187500001,0.0
23404,112.5,97.72734375000002,0.0
23405,108.75,98.159765625,0.0
23406,108.75,98.59218750000001,0.0
23407,112.5,98.159765625,0.0
23408,112.5,98.59218750000001,0.0
23409,108.75,99.02460937500001,0.0
23410,108.75,99.45703125,0.0
23411,112.5,99.02460937500001,0.0
23412,112.5,99.45703125,0.0
23413,108.75,99.889453125,0.0
23414,108.75,100.321875,0.0
23415,112.5,99.889453125,0.0
23416,112.5,100.321875,0.0
23417,108.75,100.754296875,0.0
23418,108.75,101.18671875,0.0
23419,112.5,100.754296875,0.0
23420,112.5,101.18671875,0.0
23421,108.75,101.619140625,0.0
23422,108.75,102.0515625,0.0
23423,112.5,101.619140625,0.0
23424,112.5,102.0515625,0.0
23425,108.75,102.483984375,0.0
23426,108.75,102.91640625,0.0
23427,112.5,102.483984375,0.0
23428,112.5,102.91640625,0.0
23429,108.75,103.348828125,0.0
23430,108.75,103.78125,0.0
23431,112.5,103.348828125,0.0
23432,112.5,103.78125,0.0
23433,108.75,104.213671875,0.0
23434,108.75,104.64609375,0.0
23435,112.5,104.213671875,0.0
23436,112.5,104.64609375,0.0
23437,108.75,105.078515625,0.0
23438,108.75,105.5109375,0.0
23439,112.5,105.078515625,0.0
23440,112.5,105.5109375,0.0
23441,108.75,105.943359375,0.0
23442,108.75,106.37578125,0.0
23443,112.5,105.943359375,0.0
23444,112.5,106.37578125,0.0
23445,108.75,106.808203125,0.0
23446,108.75,107.240625,0.0
23447,112.5,106.808203125,0.0
23448,112.5,107.240625,0.0
23449,108.75,107.673046875,0.0
23450,108.75,108.10546875,0.0
23451,112.5,107.673046875,0.0
23452,112.5,108.10546875,0.0
23453,108.75,108.537890625,0.0
23454,108.75,108.9703125,0.0
23455,112.5,108.537890625,0.0
23456,112.5,108.9703125,0.0
23457,108.75,109.402734375,0.0
23458,112.5,109.402734375,0.0
23459,108.75,109.6189453125,0.0
23460,112.5,109.6189453125,0.0
23461,108.75,109.83515625,0.0
23462,112.5,109.83515625,0.0
23463,108.75,109.94326171875,0.0
23464,112.5,109.94326171875,0.0
23465,108.75,109.997314453125,0.0
23466,112.5,109.997314453125,0.0
23467,108.75,110.0513671875,0.0
23468,112.5,110.0513671875,0.0
23469,108.75,110.0783935546875,0.0
23470,112.5,110.0783935546875,0.0
23471,108.75,110.0919067382813,0.0
23472,112.5,110.0919067382813,0.0
23473,108.75,110.0986633300781,0.0
23474,108.75,110.105419921875,0.0
23475,112.5,110.0986633300781,0.0
23476,112.5,110.105419921875,0.0
23477,108.75,110.1121765136719,0.0
23478,108.75,110.1189331054688,0.0
23479,112.5,110.1121765136719,0.0
23480,112.5,110.1189331054688,0.0
23481,108.75,110.1256896972656,0.0
23482,108.75,110.1324462890625,0.0
23483,112.5,110.1256896972656,0.0
23484,112.5,110.1324462890625,0.0
23485,108.75,110.1392028808594,0.0
23486,108.75,110.1459594726562,0.0
23487,112.5,110.1392028808594,0.0
23488,112.5,110.1459594726562,0.0
23489,108.75,110.1527160644531,0.0
23490,108.75,110.15947265625,0.0
23491,112.5,110.1527160644531,0.0
23492,112.5,110.15947265625,0.0
23493,108.75,110.1662292480469,0.0
23494,108.75,110.1729858398438,0.0
23495,112.5,110.1662292480469,0.0
23496,112.5,110.1729858398438,0.0
23497,108.75,110.1797424316406,0.0
23498,108.75,110.1864990234375,0.0
23499,112.5,110.1797424316406,0.0
23500,112.5,110.1864990234375,0.0
23501,108.75,110.1932556152344,0.0
23502,112.5,110.1932556152344,0.0
23503,108.75,110.2067687988281,0.0
23504,112.5,110.2067687988281,0.0
23505,108.75,110.213525390625,0.0
23506,112.5,110.213525390625,0.0
23507,108.75,110.2202819824219,0.0
23508,112.5,110.2202819824219,0.0
23509,108.75,110.2270385742187,0.0
23510,112.5,110.2270385742187,0.0
23511,108.75,110.2337951660156,0.0
23512,112.5,110.2337951660156,0.0
23513,108.75,110.2405517578125,0.0
23514,112.5,110.2405517578125,0.0
23515,108.75,110.2473083496094,0.0
23516,112.5,110.2473083496094,0.0
23517,108.75,110.2540649414063,0.0
23518,112.5,110.2540649414063,0.0
23519,108.75,110.2608215332031,0.0
23520,112.5,110.2608215332031,0.0
23521,108.75,110.267578125,0.0
23522,112.5,110.267578125,0.0
23523,108.75,110.2743347167969,0.0
23524,112.5,110.2743347167969,0.0
23525,108.75,110.2810913085937,0.0
23526,112.5,110.2810913085937,0.0
23527,108.75,110.2878479003906,0.0
23528,112.5,110.2878479003906,0.0
23529,108.75,110.2946044921875,0.0
23530,112.5,110.2946044921875,0.0
23531,108.75,110.3013610839844,0.0
23532,112.5,110.3013610839844,0.0
23533,108.75,110.3081176757813,0.0
23534,112.5,110.3081176757813,0.0
23535,108.75,110.321630859375,0.0
23536,112.5,110.321630859375,0.0
23537,108.75,110.3351440429688,0.0
23538,112.5,110.3351440429688,0.0
23539,108.75,110.3486572265625,0.0
23540,112.5,110.3486572265625,0.0
23541,108.75,110.3621704101562,0.0
23542,112.5,110.3621704101562,0.0
23543,108.75,110.37568359375,0.0
23544,112.5,110.37568359375,0.0
23545,108.75,110.3891967773438,0.0
23546,112.5,110.3891967773438,0.0
23547,108.75,110.4027099609375,0.0
23548,112.5,110.4027099609375,0.0
23549,108.75,110.4162231445312,0.0
23550,112.5,110.4162231445312,0.0
23551,108.75,110.429736328125,0.0
23552,112.5,110.429736328125,0.0
23553,108.75,110.4432495117187,0.0
23554,112.5,110.4432495117187,0.0
23555,108.75,110.4567626953125,0.0
23556,112.5,110.4567626953125,0.0
23557,108.75,110.4702758789062,0.0
23558,112.5,110.4702758789062,0.0
23559,108.75,110.4837890625,0.0
23560,112.5,110.4837890625,0.0
23561,108.75,110.4973022460937,0.0
23562,112.5,110.4973022460937,0.0
23563,108.75,110.5108154296875,0.0
23564,112.5,110.5108154296875,0.0
23565,108.75,110.5243286132813,0.0
23566,112.5,110.5243286132813,0.0
23567,108.75,110.537841796875,0.0
23568,112.5,110.537841796875,0.0
23569,108.75,110.5513549804687,0.0
23570,112.5,110.5513549804687,0.0
23571,108.75,110.5648681640625,0.0
23572,112.5,110.5648681640625,0.0
23573,108.75,110.5783813476563,0.0
23574,112.5,110.5783813476563,0.0
23575,108.75,110.59189453125,0.0
23576,112.5,110.59189453125,0.0
23577,108.75,110.6054077148438,0.0
23578,112.5,110.6054077148438,0.0
23579,108.75,110.6189208984375,0.0
23580,112.5,110.6189208984375,0.0
23581,108.75,110.6324340820313,0.0
23582,112.5,110.6324340820313,0.0
23583,108.75,110.645947265625,0.0
23584,112.5,110.645947265625,0.0
23585,108.75,110.6594604492188,0.0
23586,112.5,110.6594604492188,0.0
23587,108.75,110.6729736328125,0.0
23588,112.5,110.6729736328125,0.0
23589,108.75,110.6864868164062,0.0
23590,112.5,110.6864868164062,0.0
23591,108.75,110.7,0.0
23592,112.5,110.7,0.0
23593,116.25,97.29492187500001,0.0
23594,116.25,97.72734375000002,0.0
23595,120.0,97.29492187500001,0.0
23596,120.0,97.72734375000002,0.0
23597,116.25,98.159765625,0.0
23598,116.25,98.59218750000001,0.0
23599,120.0,98.159765625,0.0
23600,120.0,98.59218750000001,0.0
23601,116.25,99.02460937500001,0.0
23602,116.25,99.45703125,0.0
23603,120.0,99.02460937500001,0.0
23604,120.0,99.45703125,0.0
23605,116.25,99.889453125,0.0
23606,116.25,100.321875,0.0
23607,120.0,99.889453125,0.0
23608,120.0,100.321875,0.0
23609,116.25,100.754296875,0.0
23610,116.25,101.18671875,0.0
23611,120.0,100.754296875,0.0
23612,120.0,101.18671875,0.0
23613,116.25,101.619140625,0.0
23614,116.25,102.0515625,0.0
23615,120.0,101.619140625,0.0
23616,120.0,102.0515625,0.0
23617,116.25,102.483984375,0.0
23618,116.25,102.91640625,0.0
23619,120.0,102.483984375,0.0
23620,120.0,102.91640625,0.0
23621,116.25,103.348828125,0.0
23622,116.25,103.78125,0.0
23623,120.0,103.348828125,0.0
23624,120.0,103.78125,0.0
23625,116.25,104.213671875,0.0
23626,116.25,104.64609375,0.0
23627,116.25,105.078515625,0.0
23628,116.25,105.5109375,0.0
23629,116.25,105.943359375,0.0
23630,116.25,106.37578125,0.0
23631,116.25,106.808203125,0.0
23632,116.25,107.240625,0.0
23633,116.25,107.673046875,0.0
23634,116.25,108.10546875,0.0
23635,116.25,108.537890625,0.0
23636,116.25,108.9703125,0.0
23637,116.25,109.402734375,0.0
23638,116.25,109.6189453125,0.0
23639,116.25,109.83515625,0.0
23640,116.25,109.94326171875,0.0
23641,116.25,109.997314453125,0.0
23642,116.25,110.0513671875,0.0
23643,116.25,110.0783935546875,0.0
23644,116.25,110.0919067382813,0.0
23645,116.25,110.0986633300781,0.0
23646,116.25,110.105419921875,0.0
23647,116.25,110.1121765136719,0.0
23648,116.25,110.1189331054688,0.0
23649,116.25,110.1256896972656,0.0
23650,116.25,110.1324462890625,0.0
23651,116.25,110.1392028808594,0.0
23652,116.25,110.1459594726562,0.0
23653,116.25,110.1527160644531,0.0
23654,116.25,110.15947265625,0.0
23655,116.25,110.1662292480469,0.0
23656,116.25,110.1729858398438,0.0
23657,116.25,110.1797424316406,0.0
23658,116.25,110.1864990234375,0.0
23659,116.25,110.1932556152344,0.0
23660,116.25,110.2067687988281,0.0
23661,116.25,110.213525390625,0.0
23662,116.25,110.2202819824219,0.0
23663,116.25,110.2270385742187,0.0
23664,116.25,110.2337951660156,0.0
23665,116.25,110.2405517578125,0.0
23666,116.25,110.2473083496094,0.0
23667,116.25,110.2540649414063,0.0
23668,116.25,110.2608215332031,0.0
23669,116.25,110.267578125,0.0
23670,116.25,110.2743347167969,0.0
23671,116.25,110.2810913085937,0.0
23672,116.25,110.2878479003906,0.0
23673,116.25,110.2946044921875,0.0
23674,116.25,110.3013610839844,0.0
23675,116.25,110.3081176757813,0.0
23676,116.25,110.321630859375,0.0
23677,116.25,110.3351440429688,0.0
23678,116.25,110.3486572265625,0.0
23679,116.25,110.3621704101562,0.0
23680,116.25,110.37568359375,0.0
23681,116.25,110.3891967773438,0.0
23682,116.25,110.4027099609375,0.0
23683,116.25,110.4162231445312,0.0
23684,116.25,110.429736328125,0.0
23685,116.25,110.4432495117187,0.0
23686,116.25,110.4567626953125,0.0
23687,116.25,110.4702758789062,0.0
23688,116.25,110.4837890625,0.0
23689,116.25,110.4973022460937,0.0
23690,116.25,110.5108154296875,0.0
23691,116.25,110.5243286132813,0.0
23692,116.25,110.537841796875,0.0
23693,116.25,110.5513549804687,0.0
23694,116.25,110.5648681640625,0.0
23695,116.25,110.5783813476563,0.0
23696,116.25,110.59189453125,0.0
23697,116.25,110.6054077148438,0.0
23698,116.25,110.6189208984375,0.0
23699,116.25,110.6324340820313,0.0
23700,116.25,110.645947265625,0.0
23701,116.25,110.6594604492188,0.0
23702,116.25,110.6729736328125,0.0
23703,116.25,110.6864868164062,0.0
23704,116.25,110.7,0.0
23705,120.0,104.213671875,0.0
23706,120.0,104.64609375,0.0
23707,120.0,105.078515625,0.0
23708,120.0,105.5109375,0.0
23709,120.0,105.943359375,0.0
23710,120.0,106.37578125,0.0
23711,120.0,106.808203125,0.0
23712,120.0,107.240625,0.0
23713,120.0,107.673046875,0.0
23714,120.0,108.10546875,0.0
23715,120.0,108.537890625,0.0
23716,120.0,108.9703125,0.0
23717,120.0,109.402734375,0.0
23718,120.0,109.6189453125,0.0
23719,120.0,109.83515625,0.0
23720,120.0,109.94326171875,0.0
23721,120.0,109.997314453125,0.0
23722,120.0,110.0513671875,0.0
23723,120.0,110.0783935546875,0.0
23724,120.0,110.0919067382813,0.0
23725,120.0,110.0986633300781,0.0
23726,120.0,110.105419921875,0.0
23727,120.0,110.1121765136719,0.0
23728,120.0,110.1189331054688,0.0
23729,120.0,110.1256896972656,0.0
23730,120.0,110.1324462890625,0.0
23731,120.0,110.1392028808594,0.0
23732,120.0,110.1459594726562,0.0
23733,120.0,110.1527160644531,0.0
23734,120.0,110.15947265625,0.0
23735,120.0,110.1662292480469,0.0
23736,120.0,110.1729858398438,0.0
23737,120.0,110.1797424316406,0.0
23738,120.0,110.1864990234375,0.0
23739,120.0,110.1932556152344,0.0
23740,120.0,110.2067687988281,0.0
23741,120.0,110.213525390625,0.0
23742,120.0,110.2202819824219,0.0
23743,120.0,110.2270385742187,0.0
23744,120.0,110.2337951660156,0.0
23745,120.0,110.2405517578125,0.0
23746,120.0,110.2473083496094,0.0
23747,120.0,110.2540649414063,0.0
23748,120.0,110.2608215332031,0.0
23749,120.0,110.267578125,0.0
23750,120.0,110.2743347167969,0.0
23751,120.0,110.2810913085937,0.0
23752,120.0,110.2878479003906,0.0
23753,120.0,110.2946044921875,0.0
23754,120.0,110.3013610839844,0.0
23755,120.0,110.3081176757813,0.0
23756,120.0,110.321630859375,0.0
23757,120.0,110.3351440429688,0.0
23758,120.0,110.3486572265625,0.0
23759,120.0,110.3621704101562,0.0
23760,120.0,110.37568359375,0.0
23761,120.0,110.3891967773438,0.0
23762,120.0,110.4027099609375,0.0
23763,120.0,110.4162231445312,0.0
23764,120.0,110.429736328125,0.0
23765,120.0,110.4432495117187,0.0
23766,120.0,110.4567626953125,0.0
23767,120.0,110.4702758789062,0.0
23768,120.0,110.4837890625,0.0
23769,120.0,110.4973022460937,0.0
23770,120.0,110.5108154296875,0.0
23771,120.0,110.5243286132813,0.0
23772,120.0,110.537841796875,0.0
23773,120.0,110.5513549804687,0.0
23774,120.0,110.5648681640625,0.0
23775,120.0,110.5783813476563,0.0
23776,120.0,110.59189453125,0.0
23777,120.0,110.6054077148438,0.0
23778,120.0,110.6189208984375,0.0
23779,120.0,110.6324340820313,0.0
23780,120.0,110.645947265625,0.0
23781,120.0,110.6594604492188,0.0
23782,120.0,110.6729736328125,0.0
23783,120.0,110.6864868164062,0.0
23784,-116.25,110.2,0.0
23785,-120.0,110.2,0.0
23786,120.0,110.7,0.0
23787,-120.0,110.7,0.0
23788,-120.0,-0.0,0.0
23789,120.0,-0.0,0.0
23790,120.0,0.2,0.0
23791,-120.0,0.2,0.0
23792,-22.5,110.2,0.0
23793,-26.25,110.2,0.0
23794,-63.75,110.2,0.0
23795,-67.5,110.2,0.0
23796,-93.75,110.2,0.0
23797,-97.5,110.2,0.0
23798,93.75,110.2,0.0
23799,90.0,110.2,0.0
23800,-30.0,110.2,0.0
23801,-33.75,110.2,0.0
23802,-105.0,110.2,0.0
23803,-108.75,110.2,0.0
23804,-78.75,110.2,0.0
23805,-82.5,110.2,0.0
23806,-41.25,110.2,0.0
23807,-45.0,110.2,0.0
23808,120.0,110.2,0.0
23809,71.25,110.2,0.0
23810,67.5,110.2,0.0
23811,-7.5,110.2,0.0
23812,-11.25,110.2,0.0
23813,11.25,110.2,0.0
23814,7.5,110.2,0.0
23815,37.5,110.2,0.0
23816,33.75,110.2,0.0
23817,-71.25,110.2,0.0
23818,78.75,110.2,0.0
23819,75.0,110.2,0.0
23820,116.25,110.2,0.0
23821,112.5,110.2,0.0
23822,-75.0,110.2,0.0
23823,48.75,110.2,0.0
23824,45.0,110.2,0.0
23825,-48.75,110.2,0.0
23826,-52.5,110.2,0.0
23827,101.25,110.2,0.0
23828,97.5,110.2,0.0
23829,0.0,110.2,0.0
23830,-3.75,110.2,0.0
23831,-86.25,110.2,0.0
23832,-90.0,110.2,0.0
23833,52.5,110.2,0.0
23834,3.75,110.2,0.0
23835,-15.0,110.2,0.0
23836,-18.75,110.2,0.0
23837,105.0,110.2,0.0
23838,30.0,110.2,0.0
23839,26.25,110.2,0.0
23840,-37.5,110.2,0.0
23841,-56.25,110.2,0.0
23842,-60.0,110.2,0.0
23843,63.75,110.2,0.0
23844,56.25,110.2,0.0
23845,18.75,110.2,0.0
23846,15.0,110.2,0.0
23847,86.25,110.2,0.0
23848,82.5,110.2,0.0
23849,41.25,110.2,0.0
23850,60.0,110.2,0.0
23851,22.5,110.2,0.0
23852,-112.5,110.2,0.0
23853,-101.25,110.2,0.0
23854,108.75,110.2,0.0
