{
  "grid_step_um": 0.2,
  "x_min_um": -50.0,
  "x_max_um": 50.0,
  "lateral_size_um": 100.0,
  "z_min_um": 0.0,
  "z_max_um": 135.4,
  "depth_um": 135.4,
  "collapsed_axis": "y",
  "collapsed_y_min_um": -49.400000000000006,
  "collapsed_y_max_um": 49.6,
  "collapsed_thickness_um": 99.0,
  "voxel_volume_um3": 3.960000000000001,
  "voxel_volume_cm3": 3.960000000000001e-12,
  "integration_time_s": 1.0,
  "simulated_primary_histories": 10000.0,
  "incoming_electrons_assumed": 10000.0,
  "optical_generation_factor": 252525252525.25247,
  "raw_pairs_sum": 253800996.49638888,
  "optical_generation_sum": 6.409116073141132e+19,
  "x_bins": 500,
  "z_bins": 677
}