vertex_id,tcad_lateral_um,tcad_depth_um,optical_generation_cm^-3_s^-1
0,-116.25,0.0169921875,0.0
1,-116.25,-0.0,0.0
2,-120.0,0.0169921875,0.0
3,-116.25,0.033984375,0.0
4,-120.0,0.033984375,0.0
5,-112.5,0.0169921875,0.0
6,-112.5,-0.0,0.0
7,-112.5,0.033984375,0.0
8,-116.25,0.0509765625,0.0
9,-120.0,0.0509765625,0.0
10,-116.25,0.06796875,0.0
11,-120.0,0.06796875,0.0
12,-112.5,0.0509765625,0.0
13,-112.5,0.06796875,0.0
14,-116.25,0.0849609375,0.0
15,-120.0,0.0849609375,0.0
16,-112.5,0.0849609375,0.0
17,-116.25,0.09345703124999999,0.0
18,-120.0,0.09345703124999999,0.0
19,-116.25,0.101953125,0.0
20,-120.0,0.101953125,0.0
21,-112.5,0.09345703124999999,0.0
22,-112.5,0.101953125,0.0
23,-116.25,0.11044921875,0.0
24,-120.0,0.11044921875,0.0
25,-116.25,0.1189453125,0.0
26,-120.0,0.1189453125,0.0
27,-112.5,0.11044921875,0.0
28,-112.5,0.1189453125,0.0
29,-116.25,0.12744140625,0.0
30,-120.0,0.12744140625,0.0
31,-116.25,0.1359375,0.0
32,-120.0,0.1359375,0.0
33,-112.5,0.12744140625,0.0
34,-112.5,0.1359375,0.0
35,-116.25,0.14443359375,0.0
36,-120.0,0.14443359375,0.0
37,-116.25,0.1529296875,0.0
38,-120.0,0.1529296875,0.0
39,-112.5,0.14443359375,0.0
40,-112.5,0.1529296875,0.0
41,-116.25,0.16142578125,0.0
42,-120.0,0.16142578125,0.0
43,-116.25,0.169921875,0.0
44,-120.0,0.169921875,0.0
45,-112.5,0.16142578125,0.0
46,-112.5,0.169921875,0.0
47,-116.25,0.17841796875,0.0
48,-120.0,0.17841796875,0.0
49,-116.25,0.1869140625,0.0
50,-120.0,0.1869140625,0.0
51,-112.5,0.17841796875,0.0
52,-112.5,0.1869140625,0.0
53,-116.25,0.19541015625,0.0
54,-120.0,0.19541015625,0.0
55,-116.25,0.2,0.0
56,-116.25,0.20390625,0.0
57,-120.0,0.20390625,0.0
58,-112.5,0.19541015625,0.0
59,-112.5,0.2,0.0
60,-112.5,0.20390625,0.0
61,-116.25,0.21240234375,0.0
62,-120.0,0.21240234375,0.0
63,-116.25,0.2208984375,0.0
64,-120.0,0.2208984375,0.0
65,-112.5,0.21240234375,0.0
66,-112.5,0.2208984375,0.0
67,-116.25,0.22939453125,0.0
68,-120.0,0.22939453125,0.0
69,-116.25,0.237890625,0.0
70,-120.0,0.237890625,0.0
71,-112.5,0.22939453125,0.0
72,-112.5,0.237890625,0.0
73,-116.25,0.24638671875,0.0
74,-120.0,0.24638671875,0.0
75,-116.25,0.2548828125,0.0
76,-120.0,0.2548828125,0.0
77,-112.5,0.24638671875,0.0
78,-112.5,0.2548828125,0.0
79,-116.25,0.26337890625,0.0
80,-120.0,0.26337890625,0.0
81,-116.25,0.271875,0.0
82,-120.0,0.271875,0.0
83,-112.5,0.26337890625,0.0
84,-112.5,0.271875,0.0
85,-116.25,0.28037109375,0.0
86,-120.0,0.28037109375,0.0
87,-116.25,0.2888671875,0.0
88,-120.0,0.2888671875,0.0
89,-112.5,0.28037109375,0.0
90,-112.5,0.2888671875,0.0
91,-116.25,0.29736328125,0.0
92,-120.0,0.29736328125,0.0
93,-116.25,0.305859375,0.0
94,-120.0,0.305859375,0.0
95,-112.5,0.29736328125,0.0
96,-112.5,0.305859375,0.0
97,-116.25,0.3228515625,0.0
98,-120.0,0.3228515625,0.0
99,-112.5,0.3228515625,0.0
100,-116.25,0.33984375,0.0
101,-120.0,0.33984375,0.0
102,-112.5,0.33984375,0.0
103,-116.25,0.373828125,0.0
104,-120.0,0.373828125,0.0
105,-112.5,0.373828125,0.0
106,-116.25,0.4078125,0.0
107,-120.0,0.4078125,0.0
108,-112.5,0.4078125,0.0
109,-116.25,0.4757812499999999,0.0
110,-120.0,0.4757812499999999,0.0
111,-112.5,0.4757812499999999,0.0
112,-116.25,0.54375,0.0
113,-120.0,0.54375,0.0
114,-112.5,0.54375,0.0
115,-116.25,0.6796875,0.0
116,-120.0,0.6796875,0.0
117,-112.5,0.6796875,0.0
118,-116.25,0.8156249999999999,0.0
119,-120.0,0.8156249999999999,0.0
120,-112.5,0.8156249999999999,0.0
121,-116.25,1.0875,0.0
122,-120.0,1.0875,0.0
123,-112.5,1.0875,0.0
124,-116.25,1.359375,0.0
125,-120.0,1.359375,0.0
126,-116.25,1.63125,0.0
127,-120.0,1.63125,0.0
128,-112.5,1.359375,0.0
129,-112.5,1.63125,0.0
130,-116.25,1.903125,0.0
131,-120.0,1.903125,0.0
132,-116.25,2.175,0.0
133,-120.0,2.175,0.0
134,-112.5,1.903125,0.0
135,-112.5,2.175,0.0
136,-116.25,2.446875,0.0
137,-120.0,2.446875,0.0
138,-116.25,2.71875,0.0
139,-120.0,2.71875,0.0
140,-112.5,2.446875,0.0
141,-112.5,2.71875,0.0
142,-116.25,2.990625,0.0
143,-120.0,2.990625,0.0
144,-116.25,3.2625,0.0
145,-120.0,3.2625,0.0
146,-112.5,2.990625,0.0
147,-112.5,3.2625,0.0
148,-116.25,3.534375,0.0
149,-120.0,3.534375,0.0
150,-116.25,3.806249999999999,0.0
151,-120.0,3.806249999999999,0.0
152,-112.5,3.534375,0.0
153,-112.5,3.806249999999999,0.0
154,-116.25,4.078125,0.0
155,-120.0,4.078125,0.0
156,-116.25,4.35,0.0
157,-120.0,4.35,0.0
158,-112.5,4.078125,0.0
159,-112.5,4.35,0.0
160,-108.75,0.0169921875,0.0
161,-108.75,-0.0,0.0
162,-108.75,0.033984375,0.0
163,-105.0,0.0169921875,0.0
164,-105.0,-0.0,0.0
165,-105.0,0.033984375,0.0
166,-108.75,0.0509765625,0.0
167,-108.75,0.06796875,0.0
168,-105.0,0.0509765625,0.0
169,-105.0,0.06796875,0.0
170,-108.75,0.0849609375,0.0
171,-105.0,0.0849609375,0.0
172,-108.75,0.09345703124999999,0.0
173,-108.75,0.101953125,0.0
174,-105.0,0.09345703124999999,0.0
175,-105.0,0.101953125,0.0
176,-108.75,0.11044921875,0.0
177,-108.75,0.1189453125,0.0
178,-105.0,0.11044921875,0.0
179,-105.0,0.1189453125,0.0
180,-108.75,0.12744140625,0.0
181,-108.75,0.1359375,0.0
182,-105.0,0.12744140625,0.0
183,-105.0,0.1359375,0.0
184,-108.75,0.14443359375,0.0
185,-108.75,0.1529296875,0.0
186,-105.0,0.14443359375,0.0
187,-105.0,0.1529296875,0.0
188,-108.75,0.16142578125,0.0
189,-108.75,0.169921875,0.0
190,-105.0,0.16142578125,0.0
191,-105.0,0.169921875,0.0
192,-108.75,0.17841796875,0.0
193,-108.75,0.1869140625,0.0
194,-105.0,0.17841796875,0.0
195,-105.0,0.1869140625,0.0
196,-108.75,0.19541015625,0.0
197,-108.75,0.2,0.0
198,-108.75,0.20390625,0.0
199,-105.0,0.19541015625,0.0
200,-105.0,0.2,0.0
201,-105.0,0.20390625,0.0
202,-108.75,0.21240234375,0.0
203,-108.75,0.2208984375,0.0
204,-105.0,0.21240234375,0.0
205,-105.0,0.2208984375,0.0
206,-108.75,0.22939453125,0.0
207,-108.75,0.237890625,0.0
208,-105.0,0.22939453125,0.0
209,-105.0,0.237890625,0.0
210,-108.75,0.24638671875,0.0
211,-108.75,0.2548828125,0.0
212,-105.0,0.24638671875,0.0
213,-105.0,0.2548828125,0.0
214,-108.75,0.26337890625,0.0
215,-108.75,0.271875,0.0
216,-105.0,0.26337890625,0.0
217,-105.0,0.271875,0.0
218,-108.75,0.28037109375,0.0
219,-108.75,0.2888671875,0.0
220,-105.0,0.28037109375,0.0
221,-105.0,0.2888671875,0.0
222,-108.75,0.29736328125,0.0
223,-108.75,0.305859375,0.0
224,-105.0,0.29736328125,0.0
225,-105.0,0.305859375,0.0
226,-108.75,0.3228515625,0.0
227,-105.0,0.3228515625,0.0
228,-108.75,0.33984375,0.0
229,-105.0,0.33984375,0.0
230,-108.75,0.373828125,0.0
231,-105.0,0.373828125,0.0
232,-108.75,0.4078125,0.0
233,-105.0,0.4078125,0.0
234,-108.75,0.4757812499999999,0.0
235,-105.0,0.4757812499999999,0.0
236,-108.75,0.54375,0.0
237,-105.0,0.54375,0.0
238,-108.75,0.6796875,0.0
239,-105.0,0.6796875,0.0
240,-108.75,0.8156249999999999,0.0
241,-105.0,0.8156249999999999,0.0
242,-108.75,1.0875,0.0
243,-105.0,1.0875,0.0
244,-108.75,1.359375,0.0
245,-108.75,1.63125,0.0
246,-105.0,1.359375,0.0
247,-105.0,1.63125,0.0
248,-108.75,1.903125,0.0
249,-108.75,2.175,0.0
250,-105.0,1.903125,0.0
251,-105.0,2.175,0.0
252,-108.75,2.446875,0.0
253,-108.75,2.71875,0.0
254,-105.0,2.446875,0.0
255,-105.0,2.71875,0.0
256,-108.75,2.990625,0.0
257,-108.75,3.2625,0.0
258,-105.0,2.990625,0.0
259,-105.0,3.2625,0.0
260,-108.75,3.534375,0.0
261,-108.75,3.806249999999999,0.0
262,-105.0,3.534375,0.0
263,-105.0,3.806249999999999,0.0
264,-108.75,4.078125,0.0
265,-108.75,4.35,0.0
266,-105.0,4.078125,0.0
267,-105.0,4.35,0.0
268,-101.25,0.0169921875,0.0
269,-101.25,-0.0,0.0
270,-101.25,0.033984375,0.0
271,-97.5,0.0169921875,0.0
272,-97.5,-0.0,0.0
273,-97.5,0.033984375,0.0
274,-101.25,0.0509765625,0.0
275,-101.25,0.06796875,0.0
276,-97.5,0.0509765625,0.0
277,-97.5,0.06796875,0.0
278,-101.25,0.0849609375,0.0
279,-97.5,0.0849609375,0.0
280,-101.25,0.09345703124999999,0.0
281,-101.25,0.101953125,0.0
282,-97.5,0.09345703124999999,0.0
283,-97.5,0.101953125,0.0
284,-101.25,0.11044921875,0.0
285,-101.25,0.1189453125,0.0
286,-97.5,0.11044921875,0.0
287,-97.5,0.1189453125,0.0
288,-101.25,0.12744140625,0.0
289,-101.25,0.1359375,0.0
290,-97.5,0.12744140625,0.0
291,-97.5,0.1359375,0.0
292,-101.25,0.14443359375,0.0
293,-101.25,0.1529296875,0.0
294,-97.5,0.14443359375,0.0
295,-97.5,0.1529296875,0.0
296,-101.25,0.16142578125,0.0
297,-101.25,0.169921875,0.0
298,-97.5,0.16142578125,0.0
299,-97.5,0.169921875,0.0
300,-101.25,0.17841796875,0.0
301,-101.25,0.1869140625,0.0
302,-97.5,0.17841796875,0.0
303,-97.5,0.1869140625,0.0
304,-101.25,0.19541015625,0.0
305,-101.25,0.2,0.0
306,-101.25,0.20390625,0.0
307,-97.5,0.19541015625,0.0
308,-97.5,0.2,0.0
309,-97.5,0.20390625,0.0
310,-101.25,0.21240234375,0.0
311,-101.25,0.2208984375,0.0
312,-97.5,0.21240234375,0.0
313,-97.5,0.2208984375,0.0
314,-101.25,0.22939453125,0.0
315,-101.25,0.237890625,0.0
316,-97.5,0.22939453125,0.0
317,-97.5,0.237890625,0.0
318,-101.25,0.24638671875,0.0
319,-101.25,0.2548828125,0.0
320,-97.5,0.24638671875,0.0
321,-97.5,0.2548828125,0.0
322,-101.25,0.26337890625,0.0
323,-101.25,0.271875,0.0
324,-97.5,0.26337890625,0.0
325,-97.5,0.271875,0.0
326,-101.25,0.28037109375,0.0
327,-101.25,0.2888671875,0.0
328,-97.5,0.28037109375,0.0
329,-97.5,0.2888671875,0.0
330,-101.25,0.29736328125,0.0
331,-101.25,0.305859375,0.0
332,-97.5,0.29736328125,0.0
333,-97.5,0.305859375,0.0
334,-101.25,0.3228515625,0.0
335,-97.5,0.3228515625,0.0
336,-101.25,0.33984375,0.0
337,-97.5,0.33984375,0.0
338,-101.25,0.373828125,0.0
339,-97.5,0.373828125,0.0
340,-101.25,0.4078125,0.0
341,-97.5,0.4078125,0.0
342,-101.25,0.4757812499999999,0.0
343,-97.5,0.4757812499999999,0.0
344,-101.25,0.54375,0.0
345,-97.5,0.54375,0.0
346,-101.25,0.6796875,0.0
347,-97.5,0.6796875,0.0
348,-101.25,0.8156249999999999,0.0
349,-97.5,0.8156249999999999,0.0
350,-101.25,1.0875,0.0
351,-97.5,1.0875,0.0
352,-101.25,1.359375,0.0
353,-101.25,1.63125,0.0
354,-97.5,1.359375,0.0
355,-97.5,1.63125,0.0
356,-101.25,1.903125,0.0
357,-101.25,2.175,0.0
358,-97.5,1.903125,0.0
359,-97.5,2.175,0.0
360,-101.25,2.446875,0.0
361,-101.25,2.71875,0.0
362,-97.5,2.446875,0.0
363,-97.5,2.71875,0.0
364,-101.25,2.990625,0.0
365,-101.25,3.2625,0.0
366,-97.5,2.990625,0.0
367,-97.5,3.2625,0.0
368,-101.25,3.534375,0.0
369,-101.25,3.806249999999999,0.0
370,-97.5,3.534375,0.0
371,-97.5,3.806249999999999,0.0
372,-101.25,4.078125,0.0
373,-101.25,4.35,0.0
374,-97.5,4.078125,0.0
375,-97.5,4.35,0.0
376,-93.75,0.0169921875,0.0
377,-93.75,-0.0,0.0
378,-93.75,0.033984375,0.0
379,-90.0,0.0169921875,0.0
380,-90.0,-0.0,0.0
381,-90.0,0.033984375,0.0
382,-93.75,0.0509765625,0.0
383,-93.75,0.06796875,0.0
384,-90.0,0.0509765625,0.0
385,-90.0,0.06796875,0.0
386,-93.75,0.0849609375,0.0
387,-90.0,0.0849609375,0.0
388,-93.75,0.09345703124999999,0.0
389,-93.75,0.101953125,0.0
390,-90.0,0.09345703124999999,0.0
391,-90.0,0.101953125,0.0
392,-93.75,0.11044921875,0.0
393,-93.75,0.1189453125,0.0
394,-90.0,0.11044921875,0.0
395,-90.0,0.1189453125,0.0
396,-93.75,0.12744140625,0.0
397,-93.75,0.1359375,0.0
398,-90.0,0.12744140625,0.0
399,-90.0,0.1359375,0.0
400,-93.75,0.14443359375,0.0
401,-93.75,0.1529296875,0.0
402,-90.0,0.14443359375,0.0
403,-90.0,0.1529296875,0.0
404,-93.75,0.16142578125,0.0
405,-93.75,0.169921875,0.0
406,-90.0,0.16142578125,0.0
407,-90.0,0.169921875,0.0
408,-93.75,0.17841796875,0.0
409,-93.75,0.1869140625,0.0
410,-90.0,0.17841796875,0.0
411,-90.0,0.1869140625,0.0
412,-93.75,0.19541015625,0.0
413,-93.75,0.2,0.0
414,-93.75,0.20390625,0.0
415,-90.0,0.19541015625,0.0
416,-90.0,0.2,0.0
417,-90.0,0.20390625,0.0
418,-93.75,0.21240234375,0.0
419,-93.75,0.2208984375,0.0
420,-90.0,0.21240234375,0.0
421,-90.0,0.2208984375,0.0
422,-93.75,0.22939453125,0.0
423,-93.75,0.237890625,0.0
424,-90.0,0.22939453125,0.0
425,-90.0,0.237890625,0.0
426,-93.75,0.24638671875,0.0
427,-93.75,0.2548828125,0.0
428,-90.0,0.24638671875,0.0
429,-90.0,0.2548828125,0.0
430,-93.75,0.26337890625,0.0
431,-93.75,0.271875,0.0
432,-90.0,0.26337890625,0.0
433,-90.0,0.271875,0.0
434,-93.75,0.28037109375,0.0
435,-93.75,0.2888671875,0.0
436,-90.0,0.28037109375,0.0
437,-90.0,0.2888671875,0.0
438,-93.75,0.29736328125,0.0
439,-93.75,0.305859375,0.0
440,-90.0,0.29736328125,0.0
441,-90.0,0.305859375,0.0
442,-93.75,0.3228515625,0.0
443,-90.0,0.3228515625,0.0
444,-93.75,0.33984375,0.0
445,-90.0,0.33984375,0.0
446,-93.75,0.373828125,0.0
447,-90.0,0.373828125,0.0
448,-93.75,0.4078125,0.0
449,-90.0,0.4078125,0.0
450,-93.75,0.4757812499999999,0.0
451,-90.0,0.4757812499999999,0.0
452,-93.75,0.54375,0.0
453,-90.0,0.54375,0.0
454,-93.75,0.6796875,0.0
455,-90.0,0.6796875,0.0
456,-93.75,0.8156249999999999,0.0
457,-90.0,0.8156249999999999,0.0
458,-93.75,1.0875,0.0
459,-90.0,1.0875,0.0
460,-93.75,1.359375,0.0
461,-93.75,1.63125,0.0
462,-90.0,1.359375,0.0
463,-90.0,1.63125,0.0
464,-93.75,1.903125,0.0
465,-93.75,2.175,0.0
466,-90.0,1.903125,0.0
467,-90.0,2.175,0.0
468,-93.75,2.446875,0.0
469,-93.75,2.71875,0.0
470,-90.0,2.446875,0.0
471,-90.0,2.71875,0.0
472,-93.75,2.990625,0.0
473,-93.75,3.2625,0.0
474,-90.0,2.990625,0.0
475,-90.0,3.2625,0.0
476,-93.75,3.534375,0.0
477,-93.75,3.806249999999999,0.0
478,-90.0,3.534375,0.0
479,-90.0,3.806249999999999,0.0
480,-93.75,4.078125,0.0
481,-93.75,4.35,0.0
482,-90.0,4.078125,0.0
483,-90.0,4.35,0.0
484,-86.25,0.0169921875,0.0
485,-86.25,-0.0,0.0
486,-86.25,0.033984375,0.0
487,-82.5,0.0169921875,0.0
488,-82.5,-0.0,0.0
489,-82.5,0.033984375,0.0
490,-86.25,0.0509765625,0.0
491,-86.25,0.06796875,0.0
492,-82.5,0.0509765625,0.0
493,-82.5,0.06796875,0.0
494,-86.25,0.0849609375,0.0
495,-82.5,0.0849609375,0.0
496,-86.25,0.09345703124999999,0.0
497,-86.25,0.101953125,0.0
498,-82.5,0.09345703124999999,0.0
499,-82.5,0.101953125,0.0
500,-86.25,0.11044921875,0.0
501,-86.25,0.1189453125,0.0
502,-82.5,0.11044921875,0.0
503,-82.5,0.1189453125,0.0
504,-86.25,0.12744140625,0.0
505,-86.25,0.1359375,0.0
506,-82.5,0.12744140625,0.0
507,-82.5,0.1359375,0.0
508,-86.25,0.14443359375,0.0
509,-86.25,0.1529296875,0.0
510,-82.5,0.14443359375,0.0
511,-82.5,0.1529296875,0.0
512,-86.25,0.16142578125,0.0
513,-86.25,0.169921875,0.0
514,-82.5,0.16142578125,0.0
515,-82.5,0.169921875,0.0
516,-86.25,0.17841796875,0.0
517,-86.25,0.1869140625,0.0
518,-82.5,0.17841796875,0.0
519,-82.5,0.1869140625,0.0
520,-86.25,0.19541015625,0.0
521,-86.25,0.2,0.0
522,-86.25,0.20390625,0.0
523,-82.5,0.19541015625,0.0
524,-82.5,0.2,0.0
525,-82.5,0.20390625,0.0
526,-86.25,0.21240234375,0.0
527,-86.25,0.2208984375,0.0
528,-82.5,0.21240234375,0.0
529,-82.5,0.2208984375,0.0
530,-86.25,0.22939453125,0.0
531,-86.25,0.237890625,0.0
532,-82.5,0.22939453125,0.0
533,-82.5,0.237890625,0.0
534,-86.25,0.24638671875,0.0
535,-86.25,0.2548828125,0.0
536,-82.5,0.24638671875,0.0
537,-82.5,0.2548828125,0.0
538,-86.25,0.26337890625,0.0
539,-86.25,0.271875,0.0
540,-82.5,0.26337890625,0.0
541,-82.5,0.271875,0.0
542,-86.25,0.28037109375,0.0
543,-86.25,0.2888671875,0.0
544,-82.5,0.28037109375,0.0
545,-82.5,0.2888671875,0.0
546,-86.25,0.29736328125,0.0
547,-86.25,0.305859375,0.0
548,-82.5,0.29736328125,0.0
549,-82.5,0.305859375,0.0
550,-86.25,0.3228515625,0.0
551,-82.5,0.3228515625,0.0
552,-86.25,0.33984375,0.0
553,-82.5,0.33984375,0.0
554,-86.25,0.373828125,0.0
555,-82.5,0.373828125,0.0
556,-86.25,0.4078125,0.0
557,-82.5,0.4078125,0.0
558,-86.25,0.4757812499999999,0.0
559,-82.5,0.4757812499999999,0.0
560,-86.25,0.54375,0.0
561,-82.5,0.54375,0.0
562,-86.25,0.6796875,0.0
563,-82.5,0.6796875,0.0
564,-86.25,0.8156249999999999,0.0
565,-82.5,0.8156249999999999,0.0
566,-86.25,1.0875,0.0
567,-82.5,1.0875,0.0
568,-86.25,1.359375,0.0
569,-86.25,1.63125,0.0
570,-82.5,1.359375,0.0
571,-82.5,1.63125,0.0
572,-86.25,1.903125,0.0
573,-86.25,2.175,0.0
574,-82.5,1.903125,0.0
575,-82.5,2.175,0.0
576,-86.25,2.446875,0.0
577,-86.25,2.71875,0.0
578,-82.5,2.446875,0.0
579,-82.5,2.71875,0.0
580,-86.25,2.990625,0.0
581,-86.25,3.2625,0.0
582,-82.5,2.990625,0.0
583,-82.5,3.2625,0.0
584,-86.25,3.534375,0.0
585,-86.25,3.806249999999999,0.0
586,-82.5,3.534375,0.0
587,-82.5,3.806249999999999,0.0
588,-86.25,4.078125,0.0
589,-86.25,4.35,0.0
590,-82.5,4.078125,0.0
591,-82.5,4.35,0.0
592,-78.75,0.0169921875,0.0
593,-78.75,-0.0,0.0
594,-78.75,0.033984375,0.0
595,-75.0,0.0169921875,0.0
596,-75.0,-0.0,0.0
597,-75.0,0.033984375,0.0
598,-78.75,0.0509765625,0.0
599,-78.75,0.06796875,0.0
600,-75.0,0.0509765625,0.0
601,-75.0,0.06796875,0.0
602,-78.75,0.0849609375,0.0
603,-75.0,0.0849609375,0.0
604,-78.75,0.09345703124999999,0.0
605,-78.75,0.101953125,0.0
606,-75.0,0.09345703124999999,0.0
607,-75.0,0.101953125,0.0
608,-78.75,0.11044921875,0.0
609,-78.75,0.1189453125,0.0
610,-75.0,0.11044921875,0.0
611,-75.0,0.1189453125,0.0
612,-78.75,0.12744140625,0.0
613,-78.75,0.1359375,0.0
614,-75.0,0.12744140625,0.0
615,-75.0,0.1359375,0.0
616,-78.75,0.14443359375,0.0
617,-78.75,0.1529296875,0.0
618,-75.0,0.14443359375,0.0
619,-75.0,0.1529296875,0.0
620,-78.75,0.16142578125,0.0
621,-78.75,0.169921875,0.0
622,-75.0,0.16142578125,0.0
623,-75.0,0.169921875,0.0
624,-78.75,0.17841796875,0.0
625,-78.75,0.1869140625,0.0
626,-75.0,0.17841796875,0.0
627,-75.0,0.1869140625,0.0
628,-78.75,0.19541015625,0.0
629,-78.75,0.2,0.0
630,-78.75,0.20390625,0.0
631,-75.0,0.19541015625,0.0
632,-75.0,0.2,0.0
633,-75.0,0.20390625,0.0
634,-78.75,0.21240234375,0.0
635,-78.75,0.2208984375,0.0
636,-75.0,0.21240234375,0.0
637,-75.0,0.2208984375,0.0
638,-78.75,0.22939453125,0.0
639,-78.75,0.237890625,0.0
640,-75.0,0.22939453125,0.0
641,-75.0,0.237890625,0.0
642,-78.75,0.24638671875,0.0
643,-78.75,0.2548828125,0.0
644,-75.0,0.24638671875,0.0
645,-75.0,0.2548828125,0.0
646,-78.75,0.26337890625,0.0
647,-78.75,0.271875,0.0
648,-75.0,0.26337890625,0.0
649,-75.0,0.271875,0.0
650,-78.75,0.28037109375,0.0
651,-78.75,0.2888671875,0.0
652,-75.0,0.28037109375,0.0
653,-75.0,0.2888671875,0.0
654,-78.75,0.29736328125,0.0
655,-78.75,0.305859375,0.0
656,-75.0,0.29736328125,0.0
657,-75.0,0.305859375,0.0
658,-78.75,0.3228515625,0.0
659,-75.0,0.3228515625,0.0
660,-78.75,0.33984375,0.0
661,-75.0,0.33984375,0.0
662,-78.75,0.373828125,0.0
663,-75.0,0.373828125,0.0
664,-78.75,0.4078125,0.0
665,-75.0,0.4078125,0.0
666,-78.75,0.4757812499999999,0.0
667,-75.0,0.4757812499999999,0.0
668,-78.75,0.54375,0.0
669,-75.0,0.54375,0.0
670,-78.75,0.6796875,0.0
671,-75.0,0.6796875,0.0
672,-78.75,0.8156249999999999,0.0
673,-75.0,0.8156249999999999,0.0
674,-78.75,1.0875,0.0
675,-75.0,1.0875,0.0
676,-78.75,1.359375,0.0
677,-78.75,1.63125,0.0
678,-75.0,1.359375,0.0
679,-75.0,1.63125,0.0
680,-78.75,1.903125,0.0
681,-78.75,2.175,0.0
682,-75.0,1.903125,0.0
683,-75.0,2.175,0.0
684,-78.75,2.446875,0.0
685,-78.75,2.71875,0.0
686,-75.0,2.446875,0.0
687,-75.0,2.71875,0.0
688,-78.75,2.990625,0.0
689,-78.75,3.2625,0.0
690,-75.0,2.990625,0.0
691,-75.0,3.2625,0.0
692,-78.75,3.534375,0.0
693,-78.75,3.806249999999999,0.0
694,-75.0,3.534375,0.0
695,-75.0,3.806249999999999,0.0
696,-78.75,4.078125,0.0
697,-78.75,4.35,0.0
698,-75.0,4.078125,0.0
699,-75.0,4.35,0.0
700,-71.25,0.0169921875,0.0
701,-71.25,-0.0,0.0
702,-71.25,0.033984375,0.0
703,-67.5,0.0169921875,0.0
704,-67.5,-0.0,0.0
705,-67.5,0.033984375,0.0
706,-71.25,0.0509765625,0.0
707,-71.25,0.06796875,0.0
708,-67.5,0.0509765625,0.0
709,-67.5,0.06796875,0.0
710,-71.25,0.0849609375,0.0
711,-67.5,0.0849609375,0.0
712,-71.25,0.09345703124999999,0.0
713,-71.25,0.101953125,0.0
714,-67.5,0.09345703124999999,0.0
715,-67.5,0.101953125,0.0
716,-71.25,0.11044921875,0.0
717,-71.25,0.1189453125,0.0
718,-67.5,0.11044921875,0.0
719,-67.5,0.1189453125,0.0
720,-71.25,0.12744140625,0.0
721,-71.25,0.1359375,0.0
722,-67.5,0.12744140625,0.0
723,-67.5,0.1359375,0.0
724,-71.25,0.14443359375,0.0
725,-71.25,0.1529296875,0.0
726,-67.5,0.14443359375,0.0
727,-67.5,0.1529296875,0.0
728,-71.25,0.16142578125,0.0
729,-71.25,0.169921875,0.0
730,-67.5,0.16142578125,0.0
731,-67.5,0.169921875,0.0
732,-71.25,0.17841796875,0.0
733,-71.25,0.1869140625,0.0
734,-67.5,0.17841796875,0.0
735,-67.5,0.1869140625,0.0
736,-71.25,0.19541015625,0.0
737,-71.25,0.2,0.0
738,-71.25,0.20390625,0.0
739,-67.5,0.19541015625,0.0
740,-67.5,0.2,0.0
741,-67.5,0.20390625,0.0
742,-71.25,0.21240234375,0.0
743,-71.25,0.2208984375,0.0
744,-67.5,0.21240234375,0.0
745,-67.5,0.2208984375,0.0
746,-71.25,0.22939453125,0.0
747,-71.25,0.237890625,0.0
748,-67.5,0.22939453125,0.0
749,-67.5,0.237890625,0.0
750,-71.25,0.24638671875,0.0
751,-71.25,0.2548828125,0.0
752,-67.5,0.24638671875,0.0
753,-67.5,0.2548828125,0.0
754,-71.25,0.26337890625,0.0
755,-71.25,0.271875,0.0
756,-67.5,0.26337890625,0.0
757,-67.5,0.271875,0.0
758,-71.25,0.28037109375,0.0
759,-71.25,0.2888671875,0.0
760,-67.5,0.28037109375,0.0
761,-67.5,0.2888671875,0.0
762,-71.25,0.29736328125,0.0
763,-71.25,0.305859375,0.0
764,-67.5,0.29736328125,0.0
765,-67.5,0.305859375,0.0
766,-71.25,0.3228515625,0.0
767,-67.5,0.3228515625,0.0
768,-71.25,0.33984375,0.0
769,-67.5,0.33984375,0.0
770,-71.25,0.373828125,0.0
771,-67.5,0.373828125,0.0
772,-71.25,0.4078125,0.0
773,-67.5,0.4078125,0.0
774,-71.25,0.4757812499999999,0.0
775,-67.5,0.4757812499999999,0.0
776,-71.25,0.54375,0.0
777,-67.5,0.54375,0.0
778,-71.25,0.6796875,0.0
779,-67.5,0.6796875,0.0
780,-71.25,0.8156249999999999,0.0
781,-67.5,0.8156249999999999,0.0
782,-71.25,1.0875,0.0
783,-67.5,1.0875,0.0
784,-71.25,1.359375,0.0
785,-71.25,1.63125,0.0
786,-67.5,1.359375,0.0
787,-67.5,1.63125,0.0
788,-71.25,1.903125,0.0
789,-71.25,2.175,0.0
790,-67.5,1.903125,0.0
791,-67.5,2.175,0.0
792,-71.25,2.446875,0.0
793,-71.25,2.71875,0.0
794,-67.5,2.446875,0.0
795,-67.5,2.71875,0.0
796,-71.25,2.990625,0.0
797,-71.25,3.2625,0.0
798,-67.5,2.990625,0.0
799,-67.5,3.2625,0.0
800,-71.25,3.534375,0.0
801,-71.25,3.806249999999999,0.0
802,-67.5,3.534375,0.0
803,-67.5,3.806249999999999,0.0
804,-71.25,4.078125,0.0
805,-71.25,4.35,0.0
806,-67.5,4.078125,0.0
807,-67.5,4.35,0.0
808,-63.75,0.0169921875,0.0
809,-63.75,-0.0,0.0
810,-63.75,0.033984375,0.0
811,-60.0,0.0169921875,0.0
812,-60.0,-0.0,0.0
813,-60.0,0.033984375,0.0
814,-63.75,0.0509765625,0.0
815,-63.75,0.06796875,0.0
816,-60.0,0.0509765625,0.0
817,-60.0,0.06796875,0.0
818,-63.75,0.0849609375,0.0
819,-60.0,0.0849609375,0.0
820,-63.75,0.09345703124999999,0.0
821,-63.75,0.101953125,0.0
822,-60.0,0.09345703124999999,0.0
823,-60.0,0.101953125,0.0
824,-63.75,0.11044921875,0.0
825,-63.75,0.1189453125,0.0
826,-60.0,0.11044921875,0.0
827,-60.0,0.1189453125,0.0
828,-63.75,0.12744140625,0.0
829,-63.75,0.1359375,0.0
830,-60.0,0.12744140625,0.0
831,-60.0,0.1359375,0.0
832,-63.75,0.14443359375,0.0
833,-63.75,0.1529296875,0.0
834,-60.0,0.14443359375,0.0
835,-60.0,0.1529296875,0.0
836,-63.75,0.16142578125,0.0
837,-63.75,0.169921875,0.0
838,-60.0,0.16142578125,0.0
839,-60.0,0.169921875,0.0
840,-63.75,0.17841796875,0.0
841,-63.75,0.1869140625,0.0
842,-60.0,0.17841796875,0.0
843,-60.0,0.1869140625,0.0
844,-63.75,0.19541015625,0.0
845,-63.75,0.2,0.0
846,-63.75,0.20390625,0.0
847,-60.0,0.19541015625,0.0
848,-60.0,0.2,0.0
849,-60.0,0.20390625,0.0
850,-63.75,0.21240234375,0.0
851,-63.75,0.2208984375,0.0
852,-60.0,0.21240234375,0.0
853,-60.0,0.2208984375,0.0
854,-63.75,0.22939453125,0.0
855,-63.75,0.237890625,0.0
856,-60.0,0.22939453125,0.0
857,-60.0,0.237890625,0.0
858,-63.75,0.24638671875,0.0
859,-63.75,0.2548828125,0.0
860,-60.0,0.24638671875,0.0
861,-60.0,0.2548828125,0.0
862,-63.75,0.26337890625,0.0
863,-63.75,0.271875,0.0
864,-60.0,0.26337890625,0.0
865,-60.0,0.271875,0.0
866,-63.75,0.28037109375,0.0
867,-63.75,0.2888671875,0.0
868,-60.0,0.28037109375,0.0
869,-60.0,0.2888671875,0.0
870,-63.75,0.29736328125,0.0
871,-63.75,0.305859375,0.0
872,-60.0,0.29736328125,0.0
873,-60.0,0.305859375,0.0
874,-63.75,0.3228515625,0.0
875,-60.0,0.3228515625,0.0
876,-63.75,0.33984375,0.0
877,-60.0,0.33984375,0.0
878,-63.75,0.373828125,0.0
879,-60.0,0.373828125,0.0
880,-63.75,0.4078125,0.0
881,-60.0,0.4078125,0.0
882,-63.75,0.4757812499999999,0.0
883,-60.0,0.4757812499999999,0.0
884,-63.75,0.54375,0.0
885,-60.0,0.54375,0.0
886,-63.75,0.6796875,0.0
887,-60.0,0.6796875,0.0
888,-63.75,0.8156249999999999,0.0
889,-60.0,0.8156249999999999,0.0
890,-63.75,1.0875,0.0
891,-60.0,1.0875,0.0
892,-63.75,1.359375,0.0
893,-63.75,1.63125,939306.0146233983
894,-60.0,1.359375,0.0
895,-60.0,1.63125,3757224.0584935932
896,-63.75,1.903125,360963.7555505475
897,-63.75,2.175,216068.00046741456
898,-60.0,1.903125,1443855.02220219
899,-60.0,2.175,864272.0018696582
900,-63.75,2.446875,414796.1217114048
901,-63.75,2.71875,779034.4759949257
902,-60.0,2.446875,1659184.4868456193
903,-60.0,2.71875,3116137.903979703
904,-63.75,2.990625,171678.7484975962
905,-63.75,3.2625,223656.39189369653
906,-60.0,2.990625,686714.9939903849
907,-60.0,3.2625,894625.5675747861
908,-63.75,3.534375,406049.1056523762
909,-63.75,3.806249999999999,920745.7974425768
910,-60.0,3.534375,1624196.4226095048
911,-60.0,3.806249999999999,3682983.1897703074
912,-63.75,4.078125,625469.6055355233
913,-63.75,4.35,182524.53926282053
914,-60.0,4.078125,2501878.422142093
915,-60.0,4.35,730098.1570512821
916,-56.25,0.0169921875,0.0
917,-56.25,-0.0,0.0
918,-56.25,0.033984375,0.0
919,-52.5,0.0169921875,0.0
920,-52.5,-0.0,0.0
921,-52.5,0.033984375,0.0
922,-56.25,0.0509765625,0.0
923,-56.25,0.06796875,0.0
924,-52.5,0.0509765625,0.0
925,-52.5,0.06796875,0.0
926,-56.25,0.0849609375,0.0
927,-52.5,0.0849609375,0.0
928,-56.25,0.09345703124999999,0.0
929,-56.25,0.101953125,0.0
930,-52.5,0.09345703124999999,0.0
931,-52.5,0.101953125,6964619.954427083
932,-56.25,0.11044921875,0.0
933,-56.25,0.1189453125,0.0
934,-52.5,0.11044921875,7064582.942082331
935,-52.5,0.1189453125,7164545.929737579
936,-56.25,0.12744140625,0.0
937,-56.25,0.1359375,0.0
938,-52.5,0.12744140625,7264508.917392828
939,-52.5,0.1359375,7364471.905048076
940,-56.25,0.14443359375,0.0
941,-56.25,0.1529296875,0.0
942,-52.5,0.14443359375,7464434.8927033255
943,-52.5,0.1529296875,7564397.880358573
944,-56.25,0.16142578125,0.0
945,-56.25,0.169921875,0.0
946,-52.5,0.16142578125,7664360.8680138225
947,-52.5,0.169921875,7764323.85566907
948,-56.25,0.17841796875,0.0
949,-56.25,0.1869140625,0.0
950,-52.5,0.17841796875,7864286.8433243185
951,-52.5,0.1869140625,7964249.830979567
952,-56.25,0.19541015625,0.0
953,-56.25,0.2,0.0
954,-56.25,0.20390625,0.0
955,-52.5,0.19541015625,8064212.8186348155
956,-52.5,0.2,8118215.811965812
957,-52.5,0.20390625,8164175.806290064
958,-56.25,0.21240234375,0.0
959,-56.25,0.2208984375,0.0
960,-52.5,0.21240234375,8264138.793945312
961,-52.5,0.2208984375,8364101.78160056
962,-56.25,0.22939453125,0.0
963,-56.25,0.237890625,0.0
964,-52.5,0.22939453125,8464064.76925581
965,-52.5,0.237890625,8564027.756911058
966,-56.25,0.24638671875,0.0
967,-56.25,0.2548828125,0.0
968,-52.5,0.24638671875,8663990.744566306
969,-52.5,0.2548828125,8763953.732221553
970,-56.25,0.26337890625,0.0
971,-56.25,0.271875,0.0
972,-52.5,0.26337890625,8863916.719876802
973,-52.5,0.271875,8963879.70753205
974,-56.25,0.28037109375,0.0
975,-56.25,0.2888671875,0.0
976,-52.5,0.28037109375,9063842.695187299
977,-52.5,0.2888671875,9163805.682842549
978,-56.25,0.29736328125,0.0
979,-56.25,0.305859375,0.0
980,-52.5,0.29736328125,9263768.670497796
981,-52.5,0.305859375,9342702.69931891
982,-56.25,0.3228515625,0.0
983,-52.5,0.3228515625,9481644.694010416
984,-56.25,0.33984375,0.0
985,-52.5,0.33984375,9620586.688701924
986,-56.25,0.373828125,0.0
987,-52.5,0.373828125,9898470.678084936
988,-56.25,0.4078125,0.0
989,-52.5,0.4078125,10176354.667467948
990,-56.25,0.4757812499999999,0.0
991,-52.5,0.4757812499999999,10732122.646233972
992,-56.25,0.54375,0.0
993,-52.5,0.54375,12129876.552483974
994,-56.25,0.6796875,0.0
995,-52.5,0.6796875,15857583.070412662
996,-56.25,0.8156249999999999,0.0
997,-52.5,0.8156249999999999,16371542.280148238
998,-56.25,1.0875,0.0
999,-52.5,1.0875,19703737.229567304
1000,-56.25,1.359375,0.0
1001,-56.25,1.63125,6575142.102363788
1002,-52.5,1.359375,12144857.605502136
1003,-52.5,1.63125,30897462.398170415
1004,-56.25,1.903125,2526746.2888538325
1005,-56.25,2.175,1512476.0032719017
1006,-52.5,1.903125,28060945.21025307
1007,-52.5,2.175,34928936.715411335
1008,-56.25,2.446875,2903572.8519798336
1009,-56.25,2.71875,5453241.331964481
1010,-52.5,2.446875,35483612.21704727
1011,-52.5,2.71875,34870503.22182157
1012,-56.25,2.990625,1201751.2394831735
1013,-56.25,3.2625,1565594.7432558755
1014,-52.5,2.990625,38301478.82445245
1015,-52.5,3.2625,24328960.92080662
1016,-56.25,3.534375,2842343.739566634
1017,-56.25,3.806249999999999,6445220.582098039
1018,-52.5,3.534375,17065117.417033914
1019,-52.5,3.806249999999999,21098764.48150376
1020,-56.25,4.078125,4378287.238748663
1021,-56.25,4.35,1277671.7748397437
1022,-52.5,4.078125,42911035.36491724
1023,-52.5,4.35,25085431.69070512
1024,-48.75,0.0169921875,0.0
1025,-48.75,-0.0,0.0
1026,-48.75,0.033984375,0.0
1027,-45.0,0.0169921875,0.0
1028,-45.0,-0.0,0.0
1029,-45.0,0.033984375,0.0
1030,-48.75,0.0509765625,0.0
1031,-48.75,0.06796875,0.0
1032,-45.0,0.0509765625,0.0
1033,-45.0,0.06796875,0.0
1034,-48.75,0.0849609375,0.0
1035,-45.0,0.0849609375,0.0
1036,-48.75,0.09345703124999999,0.0
1037,-48.75,0.101953125,17411549.88606771
1038,-45.0,0.09345703124999999,0.0
1039,-45.0,0.101953125,27858479.817708332
1040,-48.75,0.11044921875,17661457.355205826
1041,-48.75,0.1189453125,17911364.82434395
1042,-45.0,0.11044921875,28258331.768329322
1043,-45.0,0.1189453125,28658183.718950316
1044,-48.75,0.12744140625,18161272.293482073
1045,-48.75,0.1359375,18411179.762620192
1046,-45.0,0.12744140625,29058035.66957131
1047,-45.0,0.1359375,29457887.620192304
1048,-48.75,0.14443359375,18661087.23175831
1049,-48.75,0.1529296875,18910994.70089643
1050,-45.0,0.14443359375,29857739.570813302
1051,-45.0,0.1529296875,30257591.521434292
1052,-48.75,0.16142578125,19160902.170034554
1053,-48.75,0.169921875,19410809.639172673
1054,-45.0,0.16142578125,30657443.47205529
1055,-45.0,0.169921875,31057295.42267628
1056,-48.75,0.17841796875,19660717.108310796
1057,-48.75,0.1869140625,19910624.57744892
1058,-45.0,0.17841796875,31457147.373297274
1059,-45.0,0.1869140625,31856999.323918268
1060,-48.75,0.19541015625,20160532.04658704
1061,-48.75,0.2,20295539.529914528
1062,-48.75,0.20390625,20410439.51572516
1063,-45.0,0.19541015625,32256851.274539262
1064,-45.0,0.2,32472863.247863248
1065,-45.0,0.20390625,32656703.225160256
1066,-48.75,0.21240234375,20660346.98486328
1067,-48.75,0.2208984375,20910254.4540014
1068,-45.0,0.21240234375,33056555.175781246
1069,-45.0,0.2208984375,33456407.12640224
1070,-48.75,0.22939453125,21160161.923139524
1071,-48.75,0.237890625,21410069.392277643
1072,-45.0,0.22939453125,33856259.07702324
1073,-45.0,0.237890625,34256111.02764423
1074,-48.75,0.24638671875,21659976.861415766
1075,-48.75,0.2548828125,21909884.33055388
1076,-45.0,0.24638671875,34655962.978265226
1077,-45.0,0.2548828125,35055814.92888621
1078,-48.75,0.26337890625,22159791.799692005
1079,-48.75,0.271875,22409699.268830124
1080,-45.0,0.26337890625,35455666.87950721
1081,-45.0,0.271875,35855518.8301282
1082,-48.75,0.28037109375,22659606.737968247
1083,-48.75,0.2888671875,22909514.20710637
1084,-45.0,0.28037109375,36255370.780749194
1085,-45.0,0.2888671875,36655222.731370196
1086,-48.75,0.29736328125,23159421.67624449
1087,-48.75,0.305859375,23356756.748297274
1088,-45.0,0.29736328125,37055074.68199118
1089,-45.0,0.305859375,37370810.79727564
1090,-48.75,0.3228515625,23704111.73502604
1091,-45.0,0.3228515625,37926578.776041664
1092,-48.75,0.33984375,24051466.721754804
1093,-45.0,0.33984375,38482346.754807696
1094,-48.75,0.373828125,24746176.69521234
1095,-45.0,0.373828125,39593882.712339744
1096,-48.75,0.4078125,25440886.668669872
1097,-45.0,0.4078125,40705418.66987179
1098,-48.75,0.4757812499999999,26830306.615584932
1099,-45.0,0.4757812499999999,42928490.58493589
1100,-48.75,0.54375,30324691.381209932
1101,-45.0,0.54375,48519506.209935896
1102,-48.75,0.6796875,39643957.67603165
1103,-45.0,0.6796875,63430332.28165065
1104,-48.75,0.8156249999999999,40928855.700370595
1105,-45.0,0.8156249999999999,65486169.12059295
1106,-48.75,1.0875,49259343.07391825
1107,-45.0,1.0875,78814948.91826922
1108,-48.75,1.359375,30362144.013755336
1109,-48.75,1.63125,65971983.81994526
1110,-45.0,1.359375,48579430.422008544
1111,-45.0,1.63125,101046505.2417201
1112,-48.75,1.903125,65820797.959026106
1113,-48.75,2.175,84729525.78291938
1114,-45.0,1.903125,103580650.70779914
1115,-45.0,2.175,134530114.8504274
1116,-48.75,2.446875,83731477.08208132
1117,-48.75,2.71875,77827844.3426148
1118,-45.0,2.446875,131979341.94711536
1119,-45.0,2.71875,120785185.46340805
1120,-48.75,2.990625,93693552.07915998
1121,-48.75,3.2625,58138525.59929219
1122,-45.0,2.990625,149085625.3338675
1123,-45.0,3.2625,91948090.27777776
1124,-48.75,3.534375,37790204.274756275
1125,-48.75,3.806249999999999,41697961.634448476
1126,-45.0,3.534375,58515291.132478625
1127,-45.0,3.806249999999999,62297158.78739319
1128,-48.75,4.078125,99771953.14586681
1129,-48.75,4.35,60523284.755608946
1130,-45.0,4.078125,156632870.9268164
1131,-45.0,4.35,95961137.82051279
1132,-41.25,0.0169921875,0.0
1133,-41.25,-0.0,0.0
1134,-41.25,0.033984375,0.0
1135,-37.5,0.0169921875,0.0
1136,-37.5,-0.0,0.0
1137,-37.5,0.033984375,0.0
1138,-41.25,0.0509765625,0.0
1139,-41.25,0.06796875,0.0
1140,-37.5,0.0509765625,0.0
1141,-37.5,0.06796875,0.0
1142,-41.25,0.0849609375,0.0
1143,-37.5,0.0849609375,0.0
1144,-41.25,0.09345703124999999,0.0
1145,-41.25,0.101953125,155124591.04489055
1146,-37.5,0.09345703124999999,0.0
1147,-37.5,0.101953125,282390702.27207285
1148,-41.25,0.11044921875,155473403.03567734
1149,-41.25,0.1189453125,155822215.0264642
1150,-37.5,0.11044921875,282688474.3030254
1151,-37.5,0.1189453125,282986246.33397806
1152,-41.25,0.12744140625,156171027.017251
1153,-41.25,0.1359375,156519839.00803784
1154,-37.5,0.12744140625,283284018.36493075
1155,-37.5,0.1359375,283581790.3958834
1156,-41.25,0.14443359375,156868650.9988247
1157,-41.25,0.1529296875,157217462.9896115
1158,-37.5,0.14443359375,283879562.4268361
1159,-37.5,0.1529296875,284177334.4577887
1160,-41.25,0.16142578125,157566274.98039833
1161,-41.25,0.169921875,157915086.97118515
1162,-37.5,0.16142578125,284475106.48874134
1163,-37.5,0.169921875,284772878.519694
1164,-41.25,0.17841796875,158263898.96197194
1165,-41.25,0.1869140625,158612710.9527588
1166,-37.5,0.17841796875,285070650.5506466
1167,-37.5,0.1869140625,285368422.58159935
1168,-41.25,0.19541015625,158961522.94354564
1169,-41.25,0.2,159149961.60523504
1170,-41.25,0.20390625,159310334.93433243
1171,-37.5,0.19541015625,285666194.6125519
1172,-37.5,0.2,285827059.96260685
1173,-37.5,0.20390625,285963966.6435046
1174,-41.25,0.21240234375,159659146.92511928
1175,-41.25,0.2208984375,160007958.91590607
1176,-37.5,0.21240234375,286261738.6744573
1177,-37.5,0.2208984375,286559510.7054099
1178,-41.25,0.22939453125,160356770.9066929
1179,-41.25,0.237890625,160705582.8974797
1180,-37.5,0.22939453125,286857282.7363626
1181,-37.5,0.237890625,287155054.7673152
1182,-41.25,0.24638671875,161054394.88826656
1183,-41.25,0.2548828125,161403206.87905335
1184,-37.5,0.24638671875,287452826.79826784
1185,-37.5,0.2548828125,287750598.82922053
1186,-41.25,0.26337890625,161752018.86984017
1187,-41.25,0.271875,162100830.860627
1188,-37.5,0.26337890625,288048370.86017317
1189,-37.5,0.271875,288346142.8911258
1190,-41.25,0.28037109375,162449642.85141385
1191,-41.25,0.2888671875,162798454.84220067
1192,-37.5,0.28037109375,288643914.9220785
1193,-37.5,0.2888671875,288941686.9530311
1194,-41.25,0.29736328125,163147266.83298746
1195,-41.25,0.305859375,163984008.2413111
1196,-37.5,0.29736328125,289239458.98398376
1197,-37.5,0.305859375,290597205.6853466
1198,-41.25,0.3228515625,166096627.53374147
1199,-37.5,0.3228515625,294266676.29144126
1200,-41.25,0.33984375,168209246.82617188
1201,-37.5,0.33984375,297936146.8975361
1202,-41.25,0.373828125,172434485.41103268
1203,-37.5,0.373828125,305275088.1097256
1204,-41.25,0.4078125,176659723.99589342
1205,-37.5,0.4078125,312614029.3219151
1206,-41.25,0.4757812499999999,185110201.16561496
1207,-37.5,0.4757812499999999,327291911.7462941
1208,-41.25,0.54375,196698110.7271635
1209,-37.5,0.54375,344876715.2443911
1210,-41.25,0.6796875,223347515.71264023
1211,-37.5,0.6796875,383264699.14362985
1212,-41.25,0.8156249999999999,240481616.6804387
1213,-37.5,0.8156249999999999,415477064.24028444
1214,-41.25,1.0875,275922939.20272434
1215,-37.5,1.0875,473030929.48717946
1216,-41.25,1.359375,283306516.25934833
1217,-41.25,1.63125,341308064.67431223
1218,-37.5,1.359375,518033602.0966881
1219,-37.5,1.63125,581569624.1069045
1220,-41.25,1.903125,364221096.9843415
1221,-41.25,2.175,438982288.3279915
1222,-37.5,1.903125,624861543.260884
1223,-37.5,2.175,743434461.8055556
1224,-41.25,2.446875,426142868.43324316
1225,-41.25,2.71875,393638146.4509882
1226,-37.5,2.446875,720306394.9193709
1227,-37.5,2.71875,666491107.4385684
1228,-41.25,2.990625,408583666.41835266
1229,-41.25,3.2625,388978962.79881144
1230,-37.5,2.990625,668081707.5028379
1231,-37.5,3.2625,686009835.3198452
1232,-41.25,3.534375,444038242.6987345
1233,-41.25,3.806249999999999,464135190.26275396
1234,-37.5,3.534375,829561194.2649906
1235,-37.5,3.806249999999999,865973221.7381147
1236,-41.25,4.078125,564327365.5557227
1237,-41.25,4.35,495030531.35016024
1238,-37.5,4.078125,972021860.184629
1239,-37.5,4.35,894099924.8798077
1240,-33.75,0.0169921875,0.0
1241,-33.75,-0.0,0.0
1242,-33.75,0.033984375,0.0
1243,-30.0,0.0169921875,0.0
1244,-30.0,-0.0,0.0
1245,-30.0,0.033984375,0.0
1246,-33.75,0.0509765625,0.0
1247,-33.75,0.06796875,0.0
1248,-30.0,0.0509765625,0.0
1249,-30.0,0.06796875,0.0
1250,-33.75,0.0849609375,0.0
1251,-30.0,0.0849609375,0.0
1252,-33.75,0.09345703124999999,0.0
1253,-33.75,0.101953125,545707276.9230247
1254,-30.0,0.09345703124999999,0.0
1255,-30.0,0.101953125,1081124778.421516
1256,-33.75,0.11044921875,548964891.0734389
1257,-33.75,0.1189453125,552222505.2238529
1258,-30.0,0.11044921875,1093363998.849983
1259,-30.0,0.1189453125,1105603219.2784495
1260,-33.75,0.12744140625,555480119.374267
1261,-33.75,0.1359375,558737733.5246811
1262,-30.0,0.12744140625,1117842439.7069166
1263,-30.0,0.1359375,1130081660.1353831
1264,-33.75,0.14443359375,561995347.6750952
1265,-33.75,0.1529296875,565252961.8255093
1266,-30.0,0.14443359375,1142320880.5638502
1267,-30.0,0.1529296875,1154560100.9923167
1268,-33.75,0.16142578125,568510575.9759235
1269,-33.75,0.169921875,571768190.1263375
1270,-30.0,0.16142578125,1166799321.4207838
1271,-30.0,0.169921875,1179038541.8492503
1272,-33.75,0.17841796875,575025804.2767516
1273,-33.75,0.1869140625,578283418.4271657
1274,-30.0,0.17841796875,1191277762.277717
1275,-30.0,0.1869140625,1203516982.7061841
1276,-33.75,0.19541015625,581541032.57758
1277,-33.75,0.2,583300893.0956197
1278,-33.75,0.20390625,584798646.727994
1279,-30.0,0.19541015625,1215756203.134651
1280,-30.0,0.2,1222368195.7799144
1281,-30.0,0.20390625,1227995423.5631177
1282,-33.75,0.21240234375,588056260.878408
1283,-33.75,0.2208984375,591313875.0288222
1284,-30.0,0.21240234375,1240234643.9915843
1285,-30.0,0.2208984375,1252473864.420051
1286,-33.75,0.22939453125,594571489.1792363
1287,-33.75,0.237890625,597829103.3296504
1288,-30.0,0.22939453125,1264713084.848518
1289,-30.0,0.237890625,1276952305.2769847
1290,-33.75,0.24638671875,601086717.4800645
1291,-33.75,0.2548828125,604344331.6304785
1292,-30.0,0.24638671875,1289191525.7054517
1293,-30.0,0.2548828125,1301430746.1339183
1294,-33.75,0.26337890625,607601945.7808927
1295,-33.75,0.271875,610859559.9313067
1296,-30.0,0.26337890625,1313669966.562385
1297,-30.0,0.271875,1325909186.9908519
1298,-33.75,0.28037109375,614117174.0817208
1299,-33.75,0.2888671875,617374788.2321349
1300,-30.0,0.28037109375,1338148407.4193187
1301,-30.0,0.2888671875,1350387627.8477855
1302,-33.75,0.29736328125,620632402.382549
1303,-33.75,0.305859375,621927372.1026559
1304,-30.0,0.29736328125,1362626848.2762525
1305,-30.0,0.305859375,1362691476.4665132
1306,-33.75,0.3228515625,622750931.555593
1307,-30.0,0.3228515625,1351863599.8326488
1308,-33.75,0.33984375,623574491.0085304
1309,-30.0,0.33984375,1341035723.1987846
1310,-33.75,0.373828125,625221609.9144047
1311,-30.0,0.373828125,1319379969.931056
1312,-33.75,0.4078125,626868728.8202791
1313,-30.0,0.4078125,1297724216.6633282
1314,-33.75,0.4757812499999999,630162966.6320279
1315,-30.0,0.4757812499999999,1254412710.1278715
1316,-33.75,0.54375,654421659.0294472
1317,-30.0,0.54375,1286699281.3501604
1318,-33.75,0.6796875,726149689.9727063
1319,-30.0,0.6796875,1434970295.5979567
1320,-33.75,0.8156249999999999,793445556.640625
1321,-30.0,0.8156249999999999,1577360138.7219548
1322,-33.75,1.0875,888170982.9477164
1323,-30.0,1.0875,1739375162.7604167
1324,-33.75,1.359375,967183260.0911459
1325,-33.75,1.63125,1061184883.9393029
1326,-30.0,1.359375,1845178062.3998399
1327,-30.0,1.63125,2019507544.571314
1328,-33.75,1.903125,1105495090.5824318
1329,-33.75,2.175,1270530999.5993588
1330,-30.0,1.903125,2026114839.9939904
1331,-30.0,2.175,2242916266.025641
1332,-33.75,2.446875,1310533235.72925
1333,-33.75,2.71875,1212800978.5448384
1334,-30.0,2.446875,2492886705.186632
1335,-30.0,2.71875,2306024669.8884883
1336,-33.75,2.990625,1238072692.6102598
1337,-33.75,3.2625,1268850695.905115
1338,-30.0,2.990625,2429049565.7635555
1339,-30.0,3.2625,2423311532.618857
1340,-33.75,3.534375,1463298116.830679
1341,-33.75,3.806249999999999,1509767625.7011223
1342,-30.0,3.534375,2593462981.395232
1343,-30.0,3.806249999999999,2637474774.6394224
1344,-33.75,4.078125,1623468657.351763
1345,-33.75,4.35,1562785982.5721154
1346,-30.0,4.078125,2762420059.5953526
1347,-30.0,4.35,2770705368.5897436
1348,-26.25,0.0169921875,0.0
1349,-26.25,-0.0,0.0
1350,-26.25,0.033984375,0.0
1351,-22.5,0.0169921875,0.0
1352,-22.5,-0.0,0.0
1353,-22.5,0.033984375,0.0
1354,-26.25,0.0509765625,0.0
1355,-26.25,0.06796875,0.0
1356,-22.5,0.0509765625,0.0
1357,-22.5,0.06796875,0.0
1358,-26.25,0.0849609375,0.0
1359,-22.5,0.0849609375,0.0
1360,-26.25,0.09345703124999999,0.0
1361,-26.25,0.101953125,1616542279.9200077
1362,-22.5,0.09345703124999999,0.0
1363,-22.5,0.101953125,2296979250.00313
1364,-26.25,0.11044921875,1637763106.6265268
1365,-26.25,0.1189453125,1658983933.3330462
1366,-22.5,0.11044921875,2318310762.3564887
1367,-22.5,0.1189453125,2339642274.7098484
1368,-26.25,0.12744140625,1680204760.039566
1369,-26.25,0.1359375,1701425586.7460852
1370,-22.5,0.12744140625,2360973787.063207
1371,-22.5,0.1359375,2382305299.4165664
1372,-26.25,0.14443359375,1722646413.452605
1373,-26.25,0.1529296875,1743867240.1591244
1374,-22.5,0.14443359375,2403636811.7699256
1375,-22.5,0.1529296875,2424968324.1232843
1376,-26.25,0.16142578125,1765088066.865644
1377,-26.25,0.169921875,1786308893.5721633
1378,-22.5,0.16142578125,2446299836.476644
1379,-22.5,0.169921875,2467631348.830003
1380,-26.25,0.17841796875,1807529720.2786827
1381,-26.25,0.1869140625,1828750546.9852026
1382,-22.5,0.17841796875,2488962861.183362
1383,-22.5,0.1869140625,2510294373.5367217
1384,-26.25,0.19541015625,1849971373.6917217
1385,-26.25,0.2,1861435498.4642093
1386,-26.25,0.20390625,1871192200.3982413
1387,-22.5,0.19541015625,2531625885.8900805
1388,-22.5,0.2,2543149806.3568377
1389,-22.5,0.20390625,2552957398.243439
1390,-26.25,0.21240234375,1892413027.104761
1391,-26.25,0.2208984375,1913633853.8112803
1392,-22.5,0.21240234375,2574288910.5967984
1393,-22.5,0.2208984375,2595620422.9501576
1394,-26.25,0.22939453125,1934854680.5177999
1395,-26.25,0.237890625,1956075507.2243192
1396,-22.5,0.22939453125,2616951935.303517
1397,-22.5,0.237890625,2638283447.6568756
1398,-26.25,0.24638671875,1977296333.9308388
1399,-26.25,0.2548828125,1998517160.6373582
1400,-22.5,0.24638671875,2659614960.0102353
1401,-22.5,0.2548828125,2680946472.363594
1402,-26.25,0.26337890625,2019737987.3438776
1403,-26.25,0.271875,2040958814.0503972
1404,-22.5,0.26337890625,2702277984.7169533
1405,-22.5,0.271875,2723609497.0703125
1406,-26.25,0.28037109375,2062179640.7569165
1407,-26.25,0.2888671875,2083400467.4634364
1408,-22.5,0.28037109375,2744941009.4236717
1409,-22.5,0.2888671875,2766272521.777031
1410,-26.25,0.29736328125,2104621294.1699557
1411,-26.25,0.305859375,2103455580.83037
1412,-22.5,0.29736328125,2787604034.1303897
1413,-22.5,0.305859375,2793119033.6178513
1414,-26.25,0.3228515625,2080976268.1097043
1415,-22.5,0.3228515625,2789914171.013465
1416,-26.25,0.33984375,2058496955.3890393
1417,-22.5,0.33984375,2786709308.40908
1418,-26.25,0.373828125,2013538329.9477077
1419,-22.5,0.373828125,2780299583.200308
1420,-26.25,0.4078125,1968579704.5063767
1421,-22.5,0.4078125,2773889857.9915366
1422,-26.25,0.4757812499999999,1878662453.6237147
1423,-22.5,0.4757812499999999,2761070407.573993
1424,-26.25,0.54375,1918976903.6708736
1425,-22.5,0.54375,2801973434.5786595
1426,-26.25,0.6796875,2143790901.223207
1427,-22.5,0.6796875,2943257945.734008
1428,-26.25,0.8156249999999999,2361274720.8032846
1429,-22.5,0.8156249999999999,3184864531.3752003
1430,-26.25,1.0875,2590579342.5731173
1431,-22.5,1.0875,3566329135.3665867
1432,-26.25,1.359375,2723172864.708534
1433,-26.25,1.63125,2977830205.2033253
1434,-22.5,1.359375,3632792175.8146367
1435,-22.5,1.63125,4027403366.219285
1436,-26.25,1.903125,2946734589.4055486
1437,-26.25,2.175,3215301532.4519234
1438,-22.5,1.903125,4079591177.1334133
1439,-22.5,2.175,4292723833.133013
1440,-26.25,2.446875,3675240174.6440134
1441,-26.25,2.71875,3399248361.2321377
1442,-22.5,2.446875,4701102243.79841
1443,-22.5,2.71875,4555071533.203125
1444,-26.25,2.990625,3620026438.9168506
1445,-26.25,3.2625,3577772369.3325987
1446,-22.5,2.990625,4893506305.296808
1447,-22.5,3.2625,4981259877.470619
1448,-26.25,3.534375,3723627845.959786
1449,-26.25,3.806249999999999,3765181923.5777235
1450,-22.5,3.534375,5221227889.623397
1451,-22.5,3.806249999999999,5376998879.039796
1452,-26.25,4.078125,3901371461.838942
1453,-26.25,4.35,3978624754.6073723
1454,-22.5,4.078125,5470797921.257345
1455,-22.5,4.35,5562573763.020834
1456,-18.75,0.0169921875,0.0
1457,-18.75,-0.0,0.0
1458,-18.75,0.033984375,0.0
1459,-15.0,0.0169921875,0.0
1460,-15.0,-0.0,0.0
1461,-15.0,0.033984375,0.0
1462,-18.75,0.0509765625,0.0
1463,-18.75,0.06796875,0.0
1464,-15.0,0.0509765625,0.0
1465,-15.0,0.06796875,0.0
1466,-18.75,0.0849609375,0.0
1467,-15.0,0.0849609375,0.0
1468,-18.75,0.09345703124999999,0.0
1469,-18.75,0.101953125,3049925954.378568
1470,-15.0,0.09345703124999999,0.0
1471,-15.0,0.101953125,3802872658.7540064
1472,-18.75,0.11044921875,3066932692.0631604
1473,-18.75,0.1189453125,3083939429.747752
1474,-15.0,0.11044921875,3815554621.769831
1475,-15.0,0.1189453125,3828236584.785657
1476,-18.75,0.12744140625,3100946167.432345
1477,-18.75,0.1359375,3117952905.1169367
1478,-15.0,0.12744140625,3840918547.801482
1479,-15.0,0.1359375,3853600510.8173075
1480,-18.75,0.14443359375,3134959642.801529
1481,-18.75,0.1529296875,3151966380.4861207
1482,-15.0,0.14443359375,3866282473.833133
1483,-15.0,0.1529296875,3878964436.848958
1484,-18.75,0.16142578125,3168973118.170714
1485,-18.75,0.169921875,3185979855.855306
1486,-15.0,0.16142578125,3891646399.8647842
1487,-15.0,0.169921875,3904328362.880609
1488,-18.75,0.17841796875,3202986593.539898
1489,-18.75,0.1869140625,3219993331.224491
1490,-15.0,0.17841796875,3917010325.896434
1491,-15.0,0.1869140625,3929692288.91226
1492,-18.75,0.19541015625,3237000068.9090824
1493,-18.75,0.2,3246187616.8536325
1494,-18.75,0.20390625,3254006806.5936747
1495,-15.0,0.19541015625,3942374251.928085
1496,-15.0,0.2,3949225427.3504276
1497,-15.0,0.20390625,3955056214.9439106
1498,-18.75,0.21240234375,3271013544.2782674
1499,-18.75,0.2208984375,3288020281.962859
1500,-15.0,0.21240234375,3967738177.959736
1501,-15.0,0.2208984375,3980420140.975561
1502,-18.75,0.22939453125,3305027019.6474514
1503,-18.75,0.237890625,3322033757.3320436
1504,-15.0,0.22939453125,3993102103.9913864
1505,-15.0,0.237890625,4005784067.0072117
1506,-18.75,0.24638671875,3339040495.0166364
1507,-18.75,0.2548828125,3356047232.701228
1508,-15.0,0.24638671875,4018466030.023037
1509,-15.0,0.2548828125,4031147993.038862
1510,-18.75,0.26337890625,3373053970.3858204
1511,-18.75,0.271875,3390060708.0704126
1512,-15.0,0.26337890625,4043829956.0546875
1513,-15.0,0.271875,4056511919.070513
1514,-18.75,0.28037109375,3407067445.7550054
1515,-18.75,0.2888671875,3424074183.4395976
1516,-15.0,0.28037109375,4069193882.086338
1517,-15.0,0.2888671875,4081875845.1021633
1518,-18.75,0.29736328125,3441080921.1241894
1519,-18.75,0.305859375,3457232160.617143
1520,-15.0,0.29736328125,4094557808.1179886
1521,-15.0,0.305859375,4121345287.6164365
1522,-18.75,0.3228515625,3488764691.230578
1523,-15.0,0.3228515625,4187615211.4476914
1524,-18.75,0.33984375,3520297221.844013
1525,-15.0,0.33984375,4253885135.278947
1526,-18.75,0.373828125,3583362283.070882
1527,-15.0,0.373828125,4386424982.941456
1528,-18.75,0.4078125,3646427344.2977514
1529,-15.0,0.4078125,4518964830.603967
1530,-18.75,0.4757812499999999,3772557466.7514896
1531,-15.0,0.4757812499999999,4784044525.928986
1532,-18.75,0.54375,3810329419.7799807
1533,-15.0,0.54375,4818685404.981304
1534,-18.75,0.6796875,3788048209.6875834
1535,-15.0,0.6796875,4632838473.64116
1536,-18.75,0.8156249999999999,4028291956.1924076
1537,-15.0,0.8156249999999999,4871719381.009616
1538,-18.75,1.0875,4604351734.65044
1539,-15.0,1.0875,5642374333.934295
1540,-18.75,1.359375,4558223741.319445
1541,-18.75,1.63125,5122601777.4272175
1542,-15.0,1.359375,5483655306.824252
1543,-15.0,1.63125,6217800188.635151
1544,-18.75,1.903125,5318566184.019431
1545,-18.75,2.175,5422664650.941507
1546,-15.0,1.903125,6557541190.905448
1547,-15.0,2.175,6552605468.75
1548,-18.75,2.446875,5648718612.801315
1549,-18.75,2.71875,5742194445.48778
1550,-15.0,2.446875,6596334981.80422
1551,-15.0,2.71875,6929317357.772435
1552,-18.75,2.990625,6208237668.290098
1553,-18.75,3.2625,6509260721.32078
1554,-15.0,2.990625,7522969031.283386
1555,-15.0,3.2625,8037261565.17094
1556,-18.75,3.534375,6902545522.836538
1557,-18.75,3.806249999999999,7230870737.763754
1558,-15.0,3.534375,8583863156.049679
1559,-15.0,3.806249999999999,9084742596.487713
1560,-18.75,4.078125,7255461909.263154
1561,-18.75,4.35,7334537582.632212
1562,-15.0,4.078125,9040125897.268963
1563,-15.0,4.35,9106501402.243591
1564,-11.25,0.0169921875,0.0
1565,-11.25,-0.0,0.0
1566,-11.25,0.033984375,0.0
1567,-7.5,0.0169921875,0.0
1568,-7.5,-0.0,0.0
1569,-7.5,0.033984375,0.0
1570,-11.25,0.0509765625,0.0
1571,-11.25,0.06796875,0.0
1572,-7.5,0.0509765625,0.0
1573,-7.5,0.06796875,0.0
1574,-11.25,0.0849609375,0.0
1575,-7.5,0.0849609375,0.0
1576,-11.25,0.09345703124999999,0.0
1577,-11.25,0.101953125,10156165427.770369
1578,-7.5,0.09345703124999999,0.0
1579,-7.5,0.101953125,16509458196.786734
1580,-11.25,0.11044921875,10358391323.62757
1581,-11.25,0.1189453125,10560617219.48477
1582,-7.5,0.11044921875,16901228025.485306
1583,-7.5,0.1189453125,17292997854.18388
1584,-11.25,0.12744140625,10762843115.341969
1585,-11.25,0.1359375,10965069011.199165
1586,-7.5,0.12744140625,17684767682.882454
1587,-7.5,0.1359375,18076537511.581024
1588,-11.25,0.14443359375,11167294907.056368
1589,-11.25,0.1529296875,11369520802.913567
1590,-7.5,0.14443359375,18468307340.279602
1591,-7.5,0.1529296875,18860077168.978176
1592,-11.25,0.16142578125,11571746698.77077
1593,-11.25,0.169921875,11773972594.627968
1594,-7.5,0.16142578125,19251846997.676754
1595,-7.5,0.169921875,19643616826.375324
1596,-11.25,0.17841796875,11976198490.485165
1597,-11.25,0.1869140625,12178424386.342367
1598,-7.5,0.17841796875,20035386655.0739
1599,-7.5,0.1869140625,20427156483.772476
1600,-11.25,0.19541015625,12380650282.199566
1601,-11.25,0.2,12489898754.674147
1602,-11.25,0.20390625,12582876178.056767
1603,-7.5,0.19541015625,20818926312.471046
1604,-7.5,0.2,21030572081.997864
1605,-7.5,0.20390625,21210696141.169624
1606,-11.25,0.21240234375,12785102073.913965
1607,-11.25,0.2208984375,12987327969.771164
1608,-7.5,0.21240234375,21602465969.868195
1609,-7.5,0.2208984375,21994235798.56677
1610,-11.25,0.22939453125,13189553865.628365
1611,-11.25,0.237890625,13391779761.485565
1612,-7.5,0.22939453125,22386005627.265343
1613,-7.5,0.237890625,22777775455.963917
1614,-11.25,0.24638671875,13594005657.342766
1615,-11.25,0.2548828125,13796231553.199963
1616,-7.5,0.24638671875,23169545284.66249
1617,-7.5,0.2548828125,23561315113.36106
1618,-11.25,0.26337890625,13998457449.057163
1619,-11.25,0.271875,14200683344.914362
1620,-7.5,0.26337890625,23953084942.05964
1621,-7.5,0.271875,24344854770.758213
1622,-11.25,0.28037109375,14402909240.771564
1623,-11.25,0.2888671875,14605135136.628765
1624,-7.5,0.28037109375,24736624599.456787
1625,-7.5,0.2888671875,25128394428.155365
1626,-11.25,0.29736328125,14807361032.485962
1627,-11.25,0.305859375,14923271245.614077
1628,-7.5,0.29736328125,25520164256.853935
1629,-7.5,0.305859375,25725197203.611717
1630,-11.25,0.3228515625,15077407557.414125
1631,-7.5,0.3228515625,25967199903.38056
1632,-11.25,0.33984375,15231543869.21418
1633,-7.5,0.33984375,26209202603.149414
1634,-11.25,0.373828125,15539816492.814283
1635,-7.5,0.373828125,26693208002.68711
1636,-11.25,0.4078125,15848089116.414387
1637,-7.5,0.4078125,27177213402.224808
1638,-11.25,0.4757812499999999,16464634363.614594
1639,-7.5,0.4757812499999999,28145224201.3002
1640,-11.25,0.54375,16581977653.829462
1641,-7.5,0.54375,28345269902.67762
1642,-11.25,0.6796875,16263976353.311132
1643,-7.5,0.6796875,27895114232.981106
1644,-11.25,0.8156249999999999,17018647406.16236
1645,-7.5,0.8156249999999999,29165575431.315105
1646,-11.25,1.0875,18580338776.417267
1647,-7.5,1.0875,31518303218.900246
1648,-11.25,1.359375,17767349910.377438
1649,-11.25,1.63125,18893564198.551014
1650,-7.5,1.359375,30051044513.930622
1651,-7.5,1.63125,31569328208.466877
1652,-11.25,1.903125,19779593748.434994
1653,-11.25,2.175,19985098094.451126
1654,-7.5,1.903125,33001646305.964542
1655,-7.5,2.175,33417590720.152245
1656,-11.25,2.446875,20003459141.397068
1657,-11.25,2.71875,20478069160.65705
1658,-7.5,2.446875,33410583300.989914
1659,-7.5,2.71875,34026820963.541664
1660,-11.25,2.990625,21248492748.293102
1661,-11.25,3.2625,21946457385.98424
1662,-7.5,2.990625,34974016465.30282
1663,-7.5,3.2625,35855653206.79755
1664,-11.25,3.534375,22805480549.66071
1665,-11.25,3.806249999999999,23483049645.57876
1666,-7.5,3.534375,37027097943.27173
1667,-7.5,3.806249999999999,37881356694.66981
1668,-11.25,4.078125,23477418319.519566
1669,-11.25,4.35,23804985384.114582
1670,-7.5,4.078125,37914710741.770164
1671,-7.5,4.35,38503469365.98557
1672,-3.75,0.0169921875,0.0
1673,-3.75,-0.0,0.0
1674,-3.75,0.033984375,0.0
1675,0.0,0.0169921875,0.0
1676,0.0,-0.0,0.0
1677,0.0,0.033984375,0.0
1678,-3.75,0.0509765625,0.0
1679,-3.75,0.06796875,0.0
1680,0.0,0.0509765625,0.0
1681,0.0,0.06796875,0.0
1682,-3.75,0.0849609375,0.0
1683,0.0,0.0849609375,0.0
1684,-3.75,0.09345703124999999,0.0
1685,-3.75,0.101953125,24290659780.714245
1686,0.0,0.09345703124999999,0.0
1687,0.0,0.101953125,34927678994.46406
1688,-3.75,0.11044921875,24684554045.57122
1689,-3.75,0.1189453125,25078448310.428196
1690,0.0,0.11044921875,34948858702.11348
1691,0.0,0.1189453125,34970038409.76292
1692,-3.75,0.12744140625,25472342575.28517
1693,-3.75,0.1359375,25866236840.142143
1694,0.0,0.12744140625,34991218117.41234
1695,0.0,0.1359375,35012397825.06177
1696,-3.75,0.14443359375,26260131104.99912
1697,-3.75,0.1529296875,26654025369.85609
1698,0.0,0.14443359375,35033577532.71119
1699,0.0,0.1529296875,35054757240.36062
1700,-3.75,0.16142578125,27047919634.713066
1701,-3.75,0.169921875,27441813899.57004
1702,0.0,0.16142578125,35075936948.01004
1703,0.0,0.169921875,35097116655.65947
1704,-3.75,0.17841796875,27835708164.427013
1705,-3.75,0.1869140625,28229602429.283993
1706,0.0,0.17841796875,35118296363.3089
1707,0.0,0.1869140625,35139476070.95833
1708,-3.75,0.19541015625,28623496694.140965
1709,-3.75,0.2,28836290147.569443
1710,-3.75,0.20390625,29017390958.99794
1711,0.0,0.19541015625,35160655778.60775
1712,0.0,0.2,35172097689.63675
1713,0.0,0.20390625,35181835486.25718
1714,-3.75,0.21240234375,29411285223.854908
1715,-3.75,0.2208984375,29805179488.711884
1716,0.0,0.21240234375,35203015193.9066
1717,0.0,0.2208984375,35224194901.55603
1718,-3.75,0.22939453125,30199073753.56886
1719,-3.75,0.237890625,30592968018.425835
1720,0.0,0.22939453125,35245374609.20546
1721,0.0,0.237890625,35266554316.85489
1722,-3.75,0.24638671875,30986862283.28281
1723,-3.75,0.2548828125,31380756548.139786
1724,0.0,0.24638671875,35287734024.50431
1725,0.0,0.2548828125,35308913732.15373
1726,-3.75,0.26337890625,31774650812.996758
1727,-3.75,0.271875,32168545077.85373
1728,0.0,0.26337890625,35330093439.80316
1729,0.0,0.271875,35351273147.45259
1730,-3.75,0.28037109375,32562439342.71071
1731,-3.75,0.2888671875,32956333607.56768
1732,0.0,0.28037109375,35372452855.10202
1733,0.0,0.2888671875,35393632562.75145
1734,-3.75,0.29736328125,33350227872.424652
1735,-3.75,0.305859375,33560297663.6316
1736,0.0,0.29736328125,35414812270.40087
1737,0.0,0.305859375,35461747127.69598
1738,-3.75,0.3228515625,33814995219.760464
1739,0.0,0.3228515625,35578796476.967316
1740,-3.75,0.33984375,34069692775.88934
1741,0.0,0.33984375,35695845826.23865
1742,-3.75,0.373828125,34579087888.14707
1743,0.0,0.373828125,35929944524.78132
1744,-3.75,0.4078125,35088483000.404816
1745,0.0,0.4078125,36164043223.32398
1746,-3.75,0.4757812499999999,36107273224.92029
1747,0.0,0.4757812499999999,36632240620.40932
1748,-3.75,0.54375,36311730342.50635
1749,0.0,0.54375,36684527164.29621
1750,-3.75,0.6796875,35819061495.0066
1751,0.0,0.6796875,36328627521.743126
1752,-3.75,0.8156249999999999,37332575088.89223
1753,0.0,0.8156249999999999,37539718011.31811
1754,-3.75,1.0875,39839884339.94391
1755,0.0,1.0875,38928698818.10898
1756,-3.75,1.359375,38540295869.74576
1757,-3.75,1.63125,40059168530.064766
1758,0.0,1.359375,39440660730.0848
1759,0.0,1.63125,40177161475.0267
1760,-3.75,1.903125,41552128887.991615
1761,-3.75,2.175,42202624482.50535
1762,0.0,1.903125,40759471519.013756
1763,0.0,2.175,41692740518.16239
1764,-3.75,2.446875,42299179355.71915
1765,-3.75,2.71875,43123057644.31424
1766,0.0,2.446875,42150719200.721146
1767,0.0,2.71875,43314264080.86271
1768,-3.75,2.990625,44188169756.50624
1769,-3.75,3.2625,45114418613.531654
1770,0.0,2.990625,44379582196.09709
1771,0.0,3.2625,45072323192.107376
1772,-3.75,3.534375,46595261492.293915
1773,-3.75,3.806249999999999,47499882827.62837
1774,0.0,3.534375,46856517352.13842
1775,0.0,3.806249999999999,47558847128.32199
1776,-3.75,4.078125,47602866702.14009
1777,-3.75,4.35,48361363607.605484
1778,0.0,4.078125,47792749738.748665
1779,0.0,4.35,48538078368.72328
1780,-116.25,4.621874999999999,0.0
1781,-120.0,4.621874999999999,0.0
1782,-116.25,4.89375,0.0
1783,-120.0,4.89375,0.0
1784,-112.5,4.621874999999999,0.0
1785,-112.5,4.89375,0.0
1786,-116.25,5.165625,0.0
1787,-120.0,5.165625,0.0
1788,-116.25,5.4375,0.0
1789,-120.0,5.4375,0.0
1790,-112.5,5.165625,0.0
1791,-112.5,5.4375,0.0
1792,-116.25,5.709375,0.0
1793,-120.0,5.709375,0.0
1794,-116.25,5.981249999999999,0.0
1795,-120.0,5.981249999999999,0.0
1796,-112.5,5.709375,0.0
1797,-112.5,5.981249999999999,0.0
1798,-116.25,6.253124999999999,0.0
1799,-120.0,6.253124999999999,0.0
1800,-116.25,6.524999999999999,0.0
1801,-120.0,6.524999999999999,0.0
1802,-112.5,6.253124999999999,0.0
1803,-112.5,6.524999999999999,0.0
1804,-108.75,4.621874999999999,0.0
1805,-108.75,4.89375,0.0
1806,-105.0,4.621874999999999,0.0
1807,-105.0,4.89375,0.0
1808,-108.75,5.165625,0.0
1809,-108.75,5.4375,0.0
1810,-105.0,5.165625,0.0
1811,-105.0,5.4375,0.0
1812,-108.75,5.709375,0.0
1813,-108.75,5.981249999999999,0.0
1814,-105.0,5.709375,0.0
1815,-105.0,5.981249999999999,0.0
1816,-108.75,6.253124999999999,0.0
1817,-108.75,6.524999999999999,0.0
1818,-105.0,6.253124999999999,0.0
1819,-105.0,6.524999999999999,0.0
1820,-101.25,4.621874999999999,0.0
1821,-101.25,4.89375,0.0
1822,-97.5,4.621874999999999,0.0
1823,-97.5,4.89375,0.0
1824,-101.25,5.165625,0.0
1825,-101.25,5.4375,0.0
1826,-97.5,5.165625,0.0
1827,-97.5,5.4375,0.0
1828,-101.25,5.709375,0.0
1829,-101.25,5.981249999999999,0.0
1830,-97.5,5.709375,0.0
1831,-97.5,5.981249999999999,0.0
1832,-101.25,6.253124999999999,0.0
1833,-101.25,6.524999999999999,0.0
1834,-97.5,6.253124999999999,0.0
1835,-97.5,6.524999999999999,0.0
1836,-93.75,4.621874999999999,0.0
1837,-93.75,4.89375,0.0
1838,-90.0,4.621874999999999,0.0
1839,-90.0,4.89375,0.0
1840,-93.75,5.165625,0.0
1841,-93.75,5.4375,0.0
1842,-90.0,5.165625,0.0
1843,-90.0,5.4375,0.0
1844,-93.75,5.709375,40764.4418569688
1845,-93.75,5.981249999999999,836431.5195980238
1846,-90.0,5.709375,163057.7674278752
1847,-90.0,5.981249999999999,3345726.0783920954
1848,-93.75,6.253124999999999,184662.64773638154
1849,-93.75,6.524999999999999,0.0
1850,-90.0,6.253124999999999,738650.5909455261
1851,-90.0,6.524999999999999,0.0
1852,-86.25,4.621874999999999,0.0
1853,-86.25,4.89375,0.0
1854,-82.5,4.621874999999999,0.0
1855,-82.5,4.89375,0.0
1856,-86.25,5.165625,0.0
1857,-86.25,5.4375,0.0
1858,-82.5,5.165625,0.0
1859,-82.5,5.4375,0.0
1860,-86.25,5.709375,285351.0929987816
1861,-86.25,5.981249999999999,5855020.637186167
1862,-82.5,5.709375,407644.418569688
1863,-82.5,5.981249999999999,8364315.195980239
1864,-86.25,6.253124999999999,1292638.5341546708
1865,-86.25,6.524999999999999,0.0
1866,-82.5,6.253124999999999,1846626.4773638155
1867,-82.5,6.524999999999999,0.0
1868,-78.75,4.621874999999999,0.0
1869,-78.75,4.89375,0.0
1870,-75.0,4.621874999999999,0.0
1871,-75.0,4.89375,0.0
1872,-78.75,5.165625,0.0
1873,-78.75,5.4375,0.0
1874,-75.0,5.165625,0.0
1875,-75.0,5.4375,0.0
1876,-78.75,5.709375,529937.7441405944
1877,-78.75,5.981249999999999,10873609.75477431
1878,-75.0,5.709375,652231.0697115008
1879,-75.0,5.981249999999999,13382904.313568382
1880,-78.75,6.253124999999999,2400614.4205729603
1881,-78.75,6.524999999999999,0.0
1882,-75.0,6.253124999999999,2954602.3637821046
1883,-75.0,6.524999999999999,0.0
1884,-71.25,4.621874999999999,0.0
1885,-71.25,4.89375,0.0
1886,-67.5,4.621874999999999,0.0
1887,-67.5,4.89375,0.0
1888,-71.25,5.165625,0.0
1889,-71.25,5.4375,0.0
1890,-67.5,5.165625,0.0
1891,-67.5,5.4375,0.0
1892,-71.25,5.709375,407644.418569688
1893,-71.25,5.981249999999999,8364315.195980239
1894,-67.5,5.709375,163057.7674278752
1895,-67.5,5.981249999999999,3345726.0783920954
1896,-71.25,6.253124999999999,1846626.4773638155
1897,-71.25,6.524999999999999,0.0
1898,-67.5,6.253124999999999,738650.5909455261
1899,-67.5,6.524999999999999,0.0
1900,-63.75,4.621874999999999,265559.26983173017
1901,-63.75,4.89375,124132.36177884671
1902,-60.0,4.621874999999999,1062237.0793269207
1903,-60.0,4.89375,496529.44711538684
1904,-63.75,5.165625,290624.2174979972
1905,-63.75,5.4375,534223.5076121795
1906,-60.0,5.165625,1162496.8699919889
1907,-60.0,5.4375,2136894.030448718
1908,-63.75,5.709375,4775892.469618066
1909,-63.75,5.981249999999999,765199.3189102577
1910,-60.0,5.709375,19103569.878472265
1911,-60.0,5.981249999999999,3060797.2756410306
1912,-63.75,6.253124999999999,339688.7102697662
1913,-63.75,6.524999999999999,293358.54033119796
1914,-60.0,6.253124999999999,1358754.8410790649
1915,-60.0,6.524999999999999,1173434.1613247918
1916,-56.25,4.621874999999999,1858914.8888221113
1917,-56.25,4.89375,868926.5324519268
1918,-52.5,4.621874999999999,32169533.754006423
1919,-52.5,4.89375,32985402.059962597
1920,-56.25,5.165625,2034369.5224859808
1921,-56.25,5.4375,3739564.5532852565
1922,-52.5,5.165625,26304002.132578813
1923,-52.5,5.4375,35670819.14396367
1924,-56.25,5.709375,33431247.287326466
1925,-56.25,5.981249999999999,5356395.232371803
1926,-52.5,5.709375,46488492.421207294
1927,-52.5,5.981249999999999,40087859.53358703
1928,-56.25,6.253124999999999,2377820.971888364
1929,-56.25,6.524999999999999,2053509.782318386
1930,-52.5,6.253124999999999,34601406.52126742
1931,-52.5,6.524999999999999,25316381.209935836
1932,-48.75,4.621874999999999,77237123.1470353
1933,-48.75,4.89375,80973916.80856033
1934,-45.0,4.621874999999999,122304712.54006416
1935,-45.0,4.89375,128962431.55715807
1936,-48.75,5.165625,62272514.721471064
1937,-48.75,5.4375,82766365.76856302
1938,-45.0,5.165625,98241027.31036332
1939,-45.0,5.4375,129861912.39316237
1940,-48.75,5.709375,58910521.41760144
1941,-48.75,5.981249999999999,91037257.00704448
1942,-45.0,5.709375,71332550.41399556
1943,-45.0,5.981249999999999,141986654.48050195
1944,-48.75,6.253124999999999,82427251.77993137
1945,-48.75,6.524999999999999,59770650.54086523
1946,-45.0,6.253124999999999,130253097.03859529
1947,-45.0,6.524999999999999,94224919.8717946
1948,-41.25,4.621874999999999,485110569.97445923
1949,-41.25,4.89375,608303396.9142292
1950,-37.5,4.621874999999999,847916427.4088544
1951,-37.5,4.89375,1087644362.2713
1952,-41.25,5.165625,575177498.1637285
1953,-41.25,5.4375,628048543.502938
1954,-37.5,5.165625,1052113969.0170937
1955,-37.5,5.4375,1126235174.6127138
1956,-41.25,5.709375,624797661.9361811
1957,-41.25,5.981249999999999,632542069.3943644
1958,-37.5,5.709375,1178262773.4583666
1959,-37.5,5.981249999999999,1123097484.3082266
1960,-41.25,6.253124999999999,664041662.336822
1961,-41.25,6.524999999999999,650023487.5801278
1962,-37.5,6.253124999999999,1197830227.6350489
1963,-37.5,6.524999999999999,1205822055.2884612
1964,-33.75,4.621874999999999,1475615790.1705232
1965,-33.75,4.89375,1796161833.4960928
1966,-30.0,4.621874999999999,2633102163.586739
1967,-30.0,4.89375,2963032316.4563293
1968,-33.75,5.165625,1816073107.910156
1969,-33.75,5.4375,1927061588.9590013
1970,-30.0,5.165625,3154077582.8826113
1971,-30.0,5.4375,3333167569.778312
1972,-33.75,5.709375,2034703762.5304654
1973,-33.75,5.981249999999999,1944186511.2304692
1974,-30.0,5.709375,3497096506.7023897
1975,-30.0,5.981249999999999,3426342762.169472
1976,-33.75,6.253124999999999,2012194812.7420533
1977,-33.75,6.524999999999999,2063771812.3998387
1978,-30.0,6.253124999999999,3387711437.466613
1979,-30.0,6.524999999999999,3526023948.3173046
1980,-26.25,4.621874999999999,3790588537.002955
1981,-26.25,4.89375,4129902799.4165654
1982,-22.5,4.621874999999999,5487506455.641526
1983,-22.5,4.89375,5753756926.916399
1984,-26.25,5.165625,4492082057.855068
1985,-26.25,5.4375,4739273550.597624
1986,-22.5,5.165625,6167033138.438169
1987,-22.5,5.4375,6502014414.730236
1988,-26.25,5.709375,4959489250.874313
1989,-26.25,5.981249999999999,4908499013.108475
1990,-22.5,5.709375,6872001302.918002
1991,-22.5,5.981249999999999,6765023121.160523
1992,-26.25,6.253124999999999,4763228062.191174
1993,-26.25,6.524999999999999,4988276084.234771
1994,-22.5,6.253124999999999,6747706370.400976
1995,-22.5,6.524999999999999,6939864792.000528
1996,-18.75,4.621874999999999,7454140146.891275
1997,-18.75,4.89375,7606102876.68603
1998,-15.0,4.621874999999999,9420773838.141024
1999,-15.0,4.89375,9458448826.455662
2000,-18.75,5.165625,8010457521.8265915
2001,-18.75,5.4375,8443072720.519498
2002,-15.0,5.165625,9853881905.215014
2003,-15.0,5.4375,10384131026.308762
2004,-18.75,5.709375,9009573008.89757
2005,-18.75,5.981249999999999,8808731157.769096
2006,-15.0,5.709375,11147144714.877138
2007,-15.0,5.981249999999999,10852439194.377668
2008,-18.75,6.253124999999999,9036665520.353397
2009,-18.75,6.524999999999999,9136121785.69043
2010,-15.0,6.253124999999999,11325624670.305822
2011,-15.0,6.524999999999999,11332378779.380333
2012,-11.25,4.621874999999999,24587952339.524483
2013,-11.25,4.89375,24410379532.46027
2014,-7.5,4.621874999999999,39755130840.90794
2015,-7.5,4.89375,39362310238.46488
2016,-11.25,5.165625,25332147620.046238
2017,-11.25,5.4375,25545529732.98945
2018,-7.5,5.165625,40810413334.87747
2019,-7.5,5.4375,40706928439.67014
2020,-11.25,5.709375,26620034357.05462
2021,-11.25,5.981249999999999,26437646823.459206
2022,-7.5,5.709375,42092923999.2321
2023,-7.5,5.981249999999999,42022854452.54073
2024,-11.25,6.253124999999999,26808052498.581062
2025,-11.25,6.524999999999999,27532506356.00293
2026,-7.5,6.253124999999999,42290480326.85631
2027,-7.5,6.524999999999999,43732633932.62553
2028,-3.75,4.621874999999999,49741436182.63179
2029,-3.75,4.89375,49578901743.62314
2030,0.0,4.621874999999999,49365995205.036385
2031,0.0,4.89375,50324814847.08867
2032,-3.75,5.165625,50999442691.70255
2033,-3.75,5.4375,50786645591.27938
2034,0.0,5.165625,50609999332.51536
2035,0.0,5.4375,50702999632.74573
2036,-3.75,5.709375,52413826953.85533
2037,-3.75,5.981249999999999,52574250229.53393
2038,0.0,5.709375,52430756533.37005
2039,0.0,5.981249999999999,53058022302.350426
2040,-3.75,6.253124999999999,52760325444.6698
2041,-3.75,6.524999999999999,54320455157.418526
2042,0.0,6.253124999999999,53205005141.55983
2043,0.0,6.524999999999999,53683663678.55234
2044,-116.25,6.796875,0.0
2045,-120.0,6.796875,0.0
2046,-116.25,7.06875,0.0
2047,-120.0,7.06875,0.0
2048,-112.5,6.796875,0.0
2049,-112.5,7.06875,0.0
2050,-116.25,7.340624999999999,0.0
2051,-120.0,7.340624999999999,0.0
2052,-112.5,7.340624999999999,0.0
2053,-116.25,7.612499999999999,0.0
2054,-120.0,7.612499999999999,0.0
2055,-112.5,7.612499999999999,0.0
2056,-108.75,6.796875,0.0
2057,-108.75,7.06875,0.0
2058,-105.0,6.796875,0.0
2059,-105.0,7.06875,0.0
2060,-108.75,7.340624999999999,0.0
2061,-105.0,7.340624999999999,0.0
2062,-108.75,7.612499999999999,0.0
2063,-105.0,7.612499999999999,0.0
2064,-101.25,6.796875,0.0
2065,-101.25,7.06875,0.0
2066,-97.5,6.796875,0.0
2067,-97.5,7.06875,0.0
2068,-101.25,7.340624999999999,0.0
2069,-97.5,7.340624999999999,0.0
2070,-101.25,7.612499999999999,0.0
2071,-97.5,7.612499999999999,0.0
2072,-93.75,6.796875,0.0
2073,-93.75,7.06875,0.0
2074,-90.0,6.796875,0.0
2075,-90.0,7.06875,0.0
2076,-93.75,7.340624999999999,0.0
2077,-90.0,7.340624999999999,0.0
2078,-93.75,7.612499999999999,0.0
2079,-90.0,7.612499999999999,0.0
2080,-86.25,6.796875,0.0
2081,-86.25,7.06875,0.0
2082,-82.5,6.796875,0.0
2083,-82.5,7.06875,0.0
2084,-86.25,7.340624999999999,0.0
2085,-82.5,7.340624999999999,0.0
2086,-86.25,7.612499999999999,0.0
2087,-82.5,7.612499999999999,0.0
2088,-78.75,6.796875,0.0
2089,-78.75,7.06875,0.0
2090,-75.0,6.796875,0.0
2091,-75.0,7.06875,0.0
2092,-78.75,7.340624999999999,0.0
2093,-75.0,7.340624999999999,0.0
2094,-78.75,7.612499999999999,0.0
2095,-75.0,7.612499999999999,0.0
2096,-71.25,6.796875,0.0
2097,-71.25,7.06875,0.0
2098,-67.5,6.796875,0.0
2099,-67.5,7.06875,0.0
2100,-71.25,7.340624999999999,0.0
2101,-67.5,7.340624999999999,0.0
2102,-71.25,7.612499999999999,0.0
2103,-67.5,7.612499999999999,0.0
2104,-63.75,6.796875,153937.91524772963
2105,-63.75,7.06875,199871.8783386752
2106,-60.0,6.796875,615751.6609909185
2107,-60.0,7.06875,799487.5133547008
2108,-63.75,7.340624999999999,168471.27278645863
2109,-60.0,7.340624999999999,673885.0911458345
2110,-63.75,7.612499999999999,187656.50040064
2111,-60.0,7.612499999999999,750626.00160256
2112,-56.25,6.796875,1077565.4067341073
2113,-56.25,7.06875,1399103.1483707265
2114,-52.5,6.796875,40969680.238381386
2115,-52.5,7.06875,49081783.97936699
2116,-56.25,7.340624999999999,1179298.9095052106
2117,-52.5,7.340624999999999,34886426.511585206
2118,-56.25,7.612499999999999,1313595.50280448
2119,-52.5,7.612499999999999,34682948.133680545
2120,-48.75,6.796875,100576945.6129807
2121,-48.75,7.06875,120305997.40835337
2122,-45.0,6.796875,160184210.98758003
2123,-45.0,7.06875,191530210.83733976
2124,-48.75,7.340624999999999,85194411.0055255
2125,-45.0,7.340624999999999,135502395.49946582
2126,-48.75,7.612499999999999,84455492.32939368
2127,-45.0,7.612499999999999,134228036.52510682
2128,-41.25,6.796875,710971124.8935797
2129,-41.25,7.06875,664040989.0199318
2130,-37.5,6.796875,1261758038.7995794
2131,-37.5,7.06875,1136551767.202524
2132,-41.25,7.340624999999999,635195651.5842013
2133,-37.5,7.340624999999999,1134888907.6689367
2134,-41.25,7.612499999999999,693363175.8730636
2135,-37.5,7.612499999999999,1252498315.2210205
2136,-33.75,6.796875,2179174965.4655786
2137,-33.75,7.06875,2019161425.9899173
2138,-30.0,6.796875,3829851917.651576
2139,-30.0,7.06875,3721968845.9869123
2140,-33.75,7.340624999999999,1975459548.8719447
2141,-30.0,7.340624999999999,3497784960.3114977
2142,-33.75,7.612499999999999,2123730447.4659455
2143,-30.0,7.612499999999999,3619156565.5048075
2144,-26.25,6.796875,5480528869.837574
2145,-26.25,7.06875,5424776265.983908
2146,-22.5,6.796875,7748269787.3889885
2147,-22.5,7.06875,7692714183.735643
2148,-26.25,7.340624999999999,5020110371.751052
2149,-22.5,7.340624999999999,7451675263.859676
2150,-26.25,7.612499999999999,5114582683.543669
2151,-22.5,7.612499999999999,7554177617.938702
2152,-18.75,6.796875,10324542687.623114
2153,-18.75,7.06875,10243217350.36475
2154,-15.0,6.796875,12900815587.857235
2155,-15.0,7.06875,12793720516.993856
2156,-18.75,7.340624999999999,10337859896.302835
2157,-15.0,7.340624999999999,13224044528.745995
2158,-18.75,7.612499999999999,10465856960.511818
2159,-15.0,7.612499999999999,13377536303.084936
2160,-11.25,6.796875,28610422250.861794
2161,-11.25,7.06875,28399133888.701088
2162,-7.5,6.796875,44320028913.86635
2163,-7.5,7.06875,44004547260.40832
2164,-11.25,7.340624999999999,28836895180.72666
2165,-7.5,7.340624999999999,44449745832.70734
2166,-11.25,7.612499999999999,29098888612.40485
2167,-7.5,7.612499999999999,44820240921.72476
2168,-3.75,6.796875,54679380824.42324
2169,-3.75,7.06875,54556060939.16935
2170,0.0,6.796875,54338223230.08481
2171,0.0,7.06875,54999775232.037926
2172,-3.75,7.340624999999999,55008114752.87544
2173,0.0,7.340624999999999,55457520209.4184
2174,-3.75,7.612499999999999,55500363108.05622
2175,0.0,7.612499999999999,56098025048.41079
2176,-116.25,7.7484375,0.0
2177,-120.0,7.7484375,0.0
2178,-112.5,7.7484375,0.0
2179,-116.25,7.884374999999999,0.0
2180,-120.0,7.884374999999999,0.0
2181,-112.5,7.884374999999999,0.0
2182,-116.25,7.952343749999999,0.0
2183,-120.0,7.952343749999999,0.0
2184,-112.5,7.952343749999999,0.0
2185,-116.25,8.0203125,0.0
2186,-120.0,8.0203125,0.0
2187,-112.5,8.0203125,0.0
2188,-116.25,8.054296874999999,0.0
2189,-120.0,8.054296874999999,0.0
2190,-112.5,8.054296874999999,0.0
2191,-116.25,8.0712890625,0.0
2192,-120.0,8.0712890625,0.0
2193,-112.5,8.0712890625,0.0
2194,-116.25,8.08828125,0.0
2195,-120.0,8.08828125,0.0
2196,-112.5,8.08828125,0.0
2197,-116.25,8.096777343749999,0.0
2198,-120.0,8.096777343749999,0.0
2199,-116.25,8.1052734375,0.0
2200,-120.0,8.1052734375,0.0
2201,-112.5,8.096777343749999,0.0
2202,-112.5,8.1052734375,0.0
2203,-116.25,8.11376953125,0.0
2204,-120.0,8.11376953125,0.0
2205,-116.25,8.122265625,0.0
2206,-120.0,8.122265625,0.0
2207,-112.5,8.11376953125,0.0
2208,-112.5,8.122265625,0.0
2209,-116.25,8.130761718750001,0.0
2210,-120.0,8.130761718750001,0.0
2211,-116.25,8.1392578125,0.0
2212,-120.0,8.1392578125,0.0
2213,-112.5,8.130761718750001,0.0
2214,-112.5,8.1392578125,0.0
2215,-116.25,8.14775390625,0.0
2216,-120.0,8.14775390625,0.0
2217,-116.25,8.15625,0.0
2218,-120.0,8.15625,0.0
2219,-112.5,8.14775390625,0.0
2220,-112.5,8.15625,0.0
2221,-108.75,7.7484375,0.0
2222,-105.0,7.7484375,0.0
2223,-108.75,7.884374999999999,0.0
2224,-105.0,7.884374999999999,0.0
2225,-108.75,7.952343749999999,0.0
2226,-105.0,7.952343749999999,0.0
2227,-108.75,8.0203125,0.0
2228,-105.0,8.0203125,0.0
2229,-108.75,8.054296874999999,0.0
2230,-105.0,8.054296874999999,0.0
2231,-108.75,8.0712890625,0.0
2232,-105.0,8.0712890625,0.0
2233,-108.75,8.08828125,0.0
2234,-105.0,8.08828125,0.0
2235,-108.75,8.096777343749999,0.0
2236,-108.75,8.1052734375,0.0
2237,-105.0,8.096777343749999,0.0
2238,-105.0,8.1052734375,0.0
2239,-108.75,8.11376953125,0.0
2240,-108.75,8.122265625,0.0
2241,-105.0,8.11376953125,0.0
2242,-105.0,8.122265625,0.0
2243,-108.75,8.130761718750001,0.0
2244,-108.75,8.1392578125,0.0
2245,-105.0,8.130761718750001,0.0
2246,-105.0,8.1392578125,0.0
2247,-108.75,8.14775390625,0.0
2248,-108.75,8.15625,0.0
2249,-105.0,8.14775390625,0.0
2250,-105.0,8.15625,0.0
2251,-101.25,7.7484375,0.0
2252,-97.5,7.7484375,0.0
2253,-101.25,7.884374999999999,0.0
2254,-97.5,7.884374999999999,0.0
2255,-101.25,7.952343749999999,0.0
2256,-97.5,7.952343749999999,0.0
2257,-101.25,8.0203125,0.0
2258,-97.5,8.0203125,0.0
2259,-101.25,8.054296874999999,0.0
2260,-97.5,8.054296874999999,0.0
2261,-101.25,8.0712890625,0.0
2262,-97.5,8.0712890625,0.0
2263,-101.25,8.08828125,0.0
2264,-97.5,8.08828125,0.0
2265,-101.25,8.096777343749999,0.0
2266,-101.25,8.1052734375,0.0
2267,-97.5,8.096777343749999,0.0
2268,-97.5,8.1052734375,0.0
2269,-101.25,8.11376953125,0.0
2270,-101.25,8.122265625,0.0
2271,-97.5,8.11376953125,0.0
2272,-97.5,8.122265625,0.0
2273,-101.25,8.130761718750001,0.0
2274,-101.25,8.1392578125,0.0
2275,-97.5,8.130761718750001,0.0
2276,-97.5,8.1392578125,0.0
2277,-101.25,8.14775390625,0.0
2278,-101.25,8.15625,0.0
2279,-97.5,8.14775390625,0.0
2280,-97.5,8.15625,0.0
2281,-93.75,7.7484375,0.0
2282,-90.0,7.7484375,0.0
2283,-93.75,7.884374999999999,0.0
2284,-90.0,7.884374999999999,0.0
2285,-93.75,7.952343749999999,0.0
2286,-90.0,7.952343749999999,0.0
2287,-93.75,8.0203125,0.0
2288,-90.0,8.0203125,0.0
2289,-93.75,8.054296874999999,0.0
2290,-90.0,8.054296874999999,0.0
2291,-93.75,8.0712890625,0.0
2292,-90.0,8.0712890625,0.0
2293,-93.75,8.08828125,0.0
2294,-90.0,8.08828125,0.0
2295,-93.75,8.096777343749999,0.0
2296,-93.75,8.1052734375,0.0
2297,-90.0,8.096777343749999,0.0
2298,-90.0,8.1052734375,0.0
2299,-93.75,8.11376953125,0.0
2300,-93.75,8.122265625,0.0
2301,-90.0,8.11376953125,0.0
2302,-90.0,8.122265625,0.0
2303,-93.75,8.130761718750001,0.0
2304,-93.75,8.1392578125,0.0
2305,-90.0,8.130761718750001,0.0
2306,-90.0,8.1392578125,0.0
2307,-93.75,8.14775390625,0.0
2308,-93.75,8.15625,0.0
2309,-90.0,8.14775390625,0.0
2310,-90.0,8.15625,0.0
2311,-86.25,7.7484375,0.0
2312,-82.5,7.7484375,0.0
2313,-86.25,7.884374999999999,0.0
2314,-82.5,7.884374999999999,0.0
2315,-86.25,7.952343749999999,0.0
2316,-82.5,7.952343749999999,0.0
2317,-86.25,8.0203125,0.0
2318,-82.5,8.0203125,0.0
2319,-86.25,8.054296874999999,0.0
2320,-82.5,8.054296874999999,0.0
2321,-86.25,8.0712890625,0.0
2322,-82.5,8.0712890625,0.0
2323,-86.25,8.08828125,0.0
2324,-82.5,8.08828125,0.0
2325,-86.25,8.096777343749999,0.0
2326,-86.25,8.1052734375,0.0
2327,-82.5,8.096777343749999,0.0
2328,-82.5,8.1052734375,0.0
2329,-86.25,8.11376953125,0.0
2330,-86.25,8.122265625,0.0
2331,-82.5,8.11376953125,0.0
2332,-82.5,8.122265625,0.0
2333,-86.25,8.130761718750001,0.0
2334,-86.25,8.1392578125,0.0
2335,-82.5,8.130761718750001,0.0
2336,-82.5,8.1392578125,0.0
2337,-86.25,8.14775390625,0.0
2338,-86.25,8.15625,0.0
2339,-82.5,8.14775390625,0.0
2340,-82.5,8.15625,0.0
2341,-78.75,7.7484375,0.0
2342,-75.0,7.7484375,0.0
2343,-78.75,7.884374999999999,0.0
2344,-75.0,7.884374999999999,0.0
2345,-78.75,7.952343749999999,0.0
2346,-75.0,7.952343749999999,0.0
2347,-78.75,8.0203125,0.0
2348,-75.0,8.0203125,0.0
2349,-78.75,8.054296874999999,0.0
2350,-75.0,8.054296874999999,0.0
2351,-78.75,8.0712890625,0.0
2352,-75.0,8.0712890625,0.0
2353,-78.75,8.08828125,0.0
2354,-75.0,8.08828125,0.0
2355,-78.75,8.096777343749999,0.0
2356,-78.75,8.1052734375,0.0
2357,-75.0,8.096777343749999,0.0
2358,-75.0,8.1052734375,0.0
2359,-78.75,8.11376953125,0.0
2360,-78.75,8.122265625,0.0
2361,-75.0,8.11376953125,0.0
2362,-75.0,8.122265625,0.0
2363,-78.75,8.130761718750001,0.0
2364,-78.75,8.1392578125,0.0
2365,-75.0,8.130761718750001,0.0
2366,-75.0,8.1392578125,0.0
2367,-78.75,8.14775390625,0.0
2368,-78.75,8.15625,0.0
2369,-75.0,8.14775390625,0.0
2370,-75.0,8.15625,0.0
2371,-71.25,7.7484375,0.0
2372,-67.5,7.7484375,0.0
2373,-71.25,7.884374999999999,0.0
2374,-67.5,7.884374999999999,0.0
2375,-71.25,7.952343749999999,0.0
2376,-67.5,7.952343749999999,0.0
2377,-71.25,8.0203125,0.0
2378,-67.5,8.0203125,0.0
2379,-71.25,8.054296874999999,0.0
2380,-67.5,8.054296874999999,0.0
2381,-71.25,8.0712890625,0.0
2382,-67.5,8.0712890625,0.0
2383,-71.25,8.08828125,0.0
2384,-67.5,8.08828125,0.0
2385,-71.25,8.096777343749999,0.0
2386,-71.25,8.1052734375,0.0
2387,-67.5,8.096777343749999,0.0
2388,-67.5,8.1052734375,0.0
2389,-71.25,8.11376953125,0.0
2390,-71.25,8.122265625,0.0
2391,-67.5,8.11376953125,0.0
2392,-67.5,8.122265625,0.0
2393,-71.25,8.130761718750001,0.0
2394,-71.25,8.1392578125,0.0
2395,-67.5,8.130761718750001,0.0
2396,-67.5,8.1392578125,0.0
2397,-71.25,8.14775390625,0.0
2398,-71.25,8.15625,0.0
2399,-67.5,8.14775390625,0.0
2400,-67.5,8.15625,0.0
2401,-63.75,7.7484375,221282.67206697437
2402,-60.0,7.7484375,885130.6882678975
2403,-63.75,7.884374999999999,97447.11329794498
2404,-60.0,7.884374999999999,389788.4531917799
2405,-63.75,7.952343749999999,102668.16228882835
2406,-60.0,7.952343749999999,410672.6491553134
2407,-63.75,8.0203125,127930.6525858037
2408,-60.0,8.0203125,511722.6103432148
2409,-63.75,8.054296874999999,140561.8977342911
2410,-60.0,8.054296874999999,562247.5909371644
2411,-63.75,8.0712890625,146877.5203085354
2412,-60.0,8.0712890625,587510.0812341416
2413,-63.75,8.08828125,153193.1428827791
2414,-60.0,8.08828125,612772.5715311164
2415,-63.75,8.096777343749999,156350.95416990062
2416,-63.75,8.1052734375,160657.22408457677
2417,-60.0,8.096777343749999,625403.8166796025
2418,-60.0,8.1052734375,642628.8963383071
2419,-63.75,8.11376953125,165665.32982720283
2420,-63.75,8.122265625,170673.43556982896
2421,-60.0,8.11376953125,662661.3193088113
2422,-60.0,8.122265625,682693.7422793158
2423,-63.75,8.130761718750001,175681.54131245505
2424,-63.75,8.1392578125,180689.6470550801
2425,-60.0,8.130761718750001,702726.1652498202
2426,-60.0,8.1392578125,722758.5882203204
2427,-63.75,8.14775390625,185697.75279770515
2428,-63.75,8.15625,190705.85854033125
2429,-60.0,8.14775390625,742791.0111908206
2430,-60.0,8.15625,762823.434161325
2431,-56.25,7.7484375,1548978.7044688205
2432,-52.5,7.7484375,38281349.16908717
2433,-56.25,7.884374999999999,682129.7930856148
2434,-52.5,7.884374999999999,45911218.05305145
2435,-56.25,7.952343749999999,718677.1360217985
2436,-52.5,7.952343749999999,42532810.20466089
2437,-56.25,8.0203125,895514.5681006261
2438,-52.5,8.0203125,37007136.000934884
2439,-56.25,8.054296874999999,983933.2841400376
2440,-52.5,8.054296874999999,34244298.89907195
2441,-56.25,8.0712890625,1028142.6421597479
2442,-52.5,8.0712890625,32862880.34814034
2443,-56.25,8.08828125,1072352.0001794535
2444,-52.5,8.08828125,31481461.797208875
2445,-56.25,8.096777343749999,1094456.6791893041
2446,-56.25,8.1052734375,1124600.5685920373
2447,-52.5,8.096777343749999,30790752.521743216
2448,-52.5,8.1052734375,31011903.022700872
2449,-56.25,8.11376953125,1159657.3087904202
2450,-56.25,8.122265625,1194714.0489888024
2451,-52.5,8.11376953125,31790301.164806426
2452,-52.5,8.122265625,32568699.306911983
2453,-56.25,8.130761718750001,1229770.7891871855
2454,-56.25,8.1392578125,1264827.5293855607
2455,-52.5,8.130761718750001,33347097.449017543
2456,-52.5,8.1392578125,34125495.59112293
2457,-56.25,8.14775390625,1299884.2695839358
2458,-56.25,8.15625,1334941.0097823185
2459,-52.5,8.14775390625,34903893.733228326
2460,-52.5,8.15625,35682291.875333875
2461,-48.75,7.7484375,93047980.85791422
2462,-45.0,7.7484375,147814612.5467413
2463,-48.75,7.884374999999999,113608679.77305329
2464,-45.0,7.884374999999999,181306141.49305514
2465,-48.75,7.952343749999999,105100007.5641863
2466,-45.0,7.952343749999999,167667204.92371172
2467,-48.75,8.0203125,90982672.17130756
2468,-45.0,8.0203125,144958208.34168023
2469,-48.75,8.054296874999999,83924004.47486839
2470,-45.0,8.054296874999999,133603710.05066481
2471,-48.75,8.0712890625,80394670.62664843
2472,-45.0,8.0712890625,127926460.90515651
2473,-48.75,8.08828125,76865336.77842885
2474,-45.0,8.08828125,122249211.7596488
2475,-48.75,8.096777343749999,75100669.85431923
2476,-48.75,8.1052734375,75601870.86773726
2477,-45.0,8.096777343749999,119410587.18689524
2478,-45.0,8.1052734375,120191838.71277365
2479,-48.75,8.11376953125,77487768.95408963
2480,-48.75,8.122265625,79373667.04044199
2481,-45.0,8.11376953125,123185236.74337283
2482,-45.0,8.122265625,126178634.77397203
2483,-48.75,8.130761718750001,81259565.12679438
2484,-48.75,8.1392578125,83145463.21314636
2485,-45.0,8.130761718750001,129172032.80457124
2486,-45.0,8.1392578125,132165430.8351698
2487,-48.75,8.14775390625,85031361.29949833
2488,-48.75,8.15625,86917259.38585073
2489,-45.0,8.14775390625,135158828.86576837
2490,-45.0,8.15625,138152226.89636755
2491,-41.25,7.7484375,688663750.5425347
2492,-37.5,7.7484375,1229512888.5383282
2493,-41.25,7.884374999999999,690963777.4606036
2494,-37.5,7.884374999999999,1200621413.428152
2495,-41.25,7.952343749999999,670950725.3923992
2496,-37.5,7.952343749999999,1174234245.8610866
2497,-41.25,8.0203125,644620340.3309882
2498,-37.5,8.0203125,1144282472.320296
2499,-41.25,8.054296874999999,631455147.800283
2500,-37.5,8.054296874999999,1129306585.5499012
2501,-41.25,8.0712890625,624872551.5349298
2502,-37.5,8.0712890625,1121818642.164703
2503,-41.25,8.08828125,618289955.2695771
2504,-37.5,8.08828125,1114330698.7795055
2505,-41.25,8.096777343749999,614998657.1369013
2506,-41.25,8.1052734375,614995239.0947912
2507,-37.5,8.096777343749999,1110586727.0869071
2508,-37.5,8.1052734375,1109798639.4768085
2509,-41.25,8.11376953125,617001081.108028
2510,-41.25,8.122265625,619006923.1212652
2511,-37.5,8.11376953125,1110816925.4726832
2512,-37.5,8.122265625,1111835211.4685583
2513,-41.25,8.130761718750001,621012765.1345022
2514,-41.25,8.1392578125,623018607.1477387
2515,-37.5,8.130761718750001,1112853497.4644332
2516,-37.5,8.1392578125,1113871783.4603076
2517,-41.25,8.14775390625,625024449.1609752
2518,-41.25,8.15625,627030291.1742121
2519,-37.5,8.14775390625,1114890069.456182
2520,-37.5,8.15625,1115908355.4520566
2521,-33.75,7.7484375,2098830991.4874215
2522,-30.0,7.7484375,3625087024.3431153
2523,-33.75,7.884374999999999,2061791560.5072286
2524,-30.0,7.884374999999999,3625986729.8093615
2525,-33.75,7.952343749999999,2055293567.077115
2526,-30.0,7.952343749999999,3691904489.7878256
2527,-33.75,8.0203125,2052384147.3962507
2528,-30.0,8.0203125,3777364908.6454983
2529,-33.75,8.054296874999999,2050929437.5558186
2530,-30.0,8.054296874999999,3820095118.074334
2531,-33.75,8.0712890625,2050202082.6356025
2532,-30.0,8.0712890625,3841460222.7887535
2533,-33.75,8.08828125,2049474727.7153864
2534,-30.0,8.08828125,3862825327.5031714
2535,-33.75,8.096777343749999,2049111050.255278
2536,-33.75,8.1052734375,2051247370.7411022
2537,-30.0,8.096777343749999,3873507879.860379
2538,-30.0,8.1052734375,3885986763.769948
2539,-33.75,8.11376953125,2054911467.7494411
2540,-33.75,8.122265625,2058575564.7577794
2541,-30.0,8.11376953125,3899563405.8504024
2542,-30.0,8.122265625,3913140047.930857
2543,-33.75,8.130761718750001,2062239661.7661183
2544,-33.75,8.1392578125,2065903758.7744563
2545,-30.0,8.130761718750001,3926716690.0113125
2546,-30.0,8.1392578125,3940293332.0917645
2547,-33.75,8.14775390625,2069567855.782794
2548,-33.75,8.15625,2073231952.791133
2549,-30.0,8.14775390625,3953869974.1722164
2550,-30.0,8.15625,3967446616.252671
2551,-26.25,7.7484375,5151343057.19881
2552,-22.5,7.7484375,7614676794.48576
2553,-26.25,7.884374999999999,5190181899.111494
2554,-22.5,7.884374999999999,7789741352.309526
2555,-26.25,7.952343749999999,5328515412.498537
2556,-22.5,7.952343749999999,7941764848.340674
2557,-26.25,8.0203125,5502345669.894747
2558,-22.5,8.0203125,8113039453.959667
2559,-26.25,8.054296874999999,5589260798.59285
2560,-22.5,8.054296874999999,8198676756.769161
2561,-26.25,8.0712890625,5632718362.941906
2562,-22.5,8.0712890625,8241495408.173912
2563,-26.25,8.08828125,5676175927.2909565
2564,-22.5,8.08828125,8284314059.578659
2565,-26.25,8.096777343749999,5697904709.465481
2566,-26.25,8.1052734375,5720726156.798793
2567,-22.5,8.096777343749999,8305723385.28103
2568,-22.5,8.1052734375,8329022664.0098095
2569,-26.25,8.11376953125,5744215343.9513645
2570,-26.25,8.122265625,5767704531.103935
2571,-22.5,8.11376953125,8353476914.032503
2572,-22.5,8.122265625,8377931164.055199
2573,-26.25,8.130761718750001,5791193718.256507
2574,-26.25,8.1392578125,5814682905.409073
2575,-22.5,8.130761718750001,8402385414.077894
2576,-22.5,8.1392578125,8426839664.100584
2577,-26.25,8.14775390625,5838172092.561638
2578,-26.25,8.15625,5861661279.71421
2579,-22.5,8.14775390625,8451293914.123273
2580,-22.5,8.15625,8475748164.145967
2581,-18.75,7.7484375,10546549383.988337
2582,-15.0,7.7484375,13478421973.490913
2583,-18.75,7.884374999999999,10906982947.455507
2584,-15.0,7.884374999999999,14024224542.601488
2585,-18.75,7.952343749999999,11043333540.74853
2586,-15.0,7.952343749999999,14144902233.156384
2587,-18.75,8.0203125,11166589749.432425
2588,-15.0,8.0203125,14220140044.90518
2589,-18.75,8.054296874999999,11228217853.77437
2590,-15.0,8.054296874999999,14257758950.77958
2591,-18.75,8.0712890625,11259031905.945347
2592,-15.0,8.0712890625,14276568403.716782
2593,-18.75,8.08828125,11289845958.11632
2594,-15.0,8.08828125,14295377856.65398
2595,-18.75,8.096777343749999,11305252984.201803
2596,-18.75,8.1052734375,11324097728.311913
2597,-15.0,8.096777343749999,14304782583.122578
2598,-15.0,8.1052734375,14319172792.614014
2599,-18.75,8.11376953125,11345043300.103733
2600,-18.75,8.122265625,11365988871.895555
2601,-15.0,8.11376953125,14336609686.174963
2602,-15.0,8.122265625,14354046579.735912
2603,-18.75,8.130761718750001,11386934443.687378
2604,-18.75,8.1392578125,11407880015.479197
2605,-15.0,8.130761718750001,14371483473.296864
2606,-15.0,8.1392578125,14388920366.857807
2607,-18.75,8.14775390625,11428825587.271013
2608,-18.75,8.15625,11449771159.062836
2609,-15.0,8.14775390625,14406357260.418753
2610,-15.0,8.15625,14423794153.979702
2611,-11.25,7.7484375,29258659953.321148
2612,-7.5,7.7484375,45038897933.15138
2613,-11.25,7.884374999999999,29727643102.923004
2614,-7.5,7.884374999999999,45431061663.24452
2615,-11.25,7.952343749999999,29960766447.54002
2616,-7.5,7.952343749999999,45776630661.92365
2617,-11.25,8.0203125,30193481365.23646
2618,-7.5,8.0203125,46166822685.56773
2619,-11.25,8.054296874999999,30309838824.08468
2620,-7.5,8.054296874999999,46361918697.38978
2621,-11.25,8.0712890625,30368017553.508797
2622,-7.5,8.0712890625,46459466703.30081
2623,-11.25,8.08828125,30426196282.932903
2624,-7.5,8.08828125,46557014709.21182
2625,-11.25,8.096777343749999,30455285647.64495
2626,-11.25,8.1052734375,30475058622.83299
2627,-7.5,8.096777343749999,46605788712.16733
2628,-7.5,8.1052734375,46630944453.05196
2629,-11.25,8.11376953125,30489138248.867462
2630,-11.25,8.122265625,30503217874.901928
2631,-7.5,8.11376953125,46641666811.55995
2632,-7.5,8.122265625,46652389170.06795
2633,-11.25,8.130761718750001,30517297500.9364
2634,-11.25,8.1392578125,30531377126.970867
2635,-7.5,8.130761718750001,46663111528.57593
2636,-7.5,8.1392578125,46673833887.08393
2637,-11.25,8.14775390625,30545456753.00533
2638,-11.25,8.15625,30559536379.0398
2639,-7.5,8.14775390625,46684556245.59191
2640,-7.5,8.15625,46695278604.09989
2641,-3.75,7.7484375,55809345167.26764
2642,0.0,7.7484375,56560210909.95593
2643,-3.75,7.884374999999999,56097009685.49679
2644,0.0,7.884374999999999,56688016631.61058
2645,-3.75,7.952343749999999,56422794205.677
2646,0.0,7.952343749999999,56729556408.16974
2647,-3.75,8.0203125,56802892833.637985
2648,0.0,8.0203125,56764420637.186165
2649,-3.75,8.054296874999999,56992942147.61848
2650,0.0,8.054296874999999,56781852751.69438
2651,-3.75,8.0712890625,57087966804.608734
2652,0.0,8.0712890625,56790568808.94849
2653,-3.75,8.08828125,57182991461.59897
2654,0.0,8.08828125,56799284866.20259
2655,-3.75,8.096777343749999,57230503790.0941
2656,-3.75,8.1052734375,57249228951.64163
2657,0.0,8.096777343749999,56803642894.82964
2658,0.0,8.1052734375,56792310786.9727
2659,-3.75,8.11376953125,57250361955.6101
2660,-3.75,8.122265625,57251494959.57855
2661,0.0,8.11376953125,56771390262.375534
2662,0.0,8.122265625,56750469737.77836
2663,-3.75,8.130761718750001,57252627963.54701
2664,-3.75,8.1392578125,57253760967.51548
2665,0.0,8.130761718750001,56729549213.1812
2666,0.0,8.1392578125,56708628688.58404
2667,-3.75,8.14775390625,57254893971.48393
2668,-3.75,8.15625,57256026975.4524
2669,0.0,8.14775390625,56687708163.98686
2670,0.0,8.15625,56666787639.38969
2671,-116.25,8.16474609375,0.0
2672,-120.0,8.16474609375,0.0
2673,-116.25,8.1732421875,0.0
2674,-120.0,8.1732421875,0.0
2675,-112.5,8.16474609375,0.0
2676,-112.5,8.1732421875,0.0
2677,-116.25,8.181738281249999,0.0
2678,-120.0,8.181738281249999,0.0
2679,-116.25,8.190234375,0.0
2680,-120.0,8.190234375,0.0
2681,-112.5,8.181738281249999,0.0
2682,-112.5,8.190234375,0.0
2683,-108.75,8.16474609375,0.0
2684,-108.75,8.1732421875,0.0
2685,-105.0,8.16474609375,0.0
2686,-105.0,8.1732421875,0.0
2687,-108.75,8.181738281249999,0.0
2688,-108.75,8.190234375,0.0
2689,-105.0,8.181738281249999,0.0
2690,-105.0,8.190234375,0.0
2691,-116.25,8.19873046875,0.0
2692,-120.0,8.19873046875,0.0
2693,-116.25,8.2,0.0
2694,-116.25,8.2072265625,0.0
2695,-120.0,8.2072265625,0.0
2696,-112.5,8.19873046875,0.0
2697,-112.5,8.2,0.0
2698,-112.5,8.2072265625,0.0
2699,-108.75,8.19873046875,0.0
2700,-108.75,8.2,0.0
2701,-108.75,8.2072265625,0.0
2702,-105.0,8.19873046875,0.0
2703,-105.0,8.2,0.0
2704,-105.0,8.2072265625,0.0
2705,-116.25,8.215722656250001,0.0
2706,-120.0,8.215722656250001,0.0
2707,-112.5,8.215722656250001,0.0
2708,-116.25,8.22421875,0.0
2709,-120.0,8.22421875,0.0
2710,-112.5,8.22421875,0.0
2711,-108.75,8.215722656250001,0.0
2712,-105.0,8.215722656250001,0.0
2713,-108.75,8.22421875,0.0
2714,-105.0,8.22421875,0.0
2715,-101.25,8.16474609375,0.0
2716,-101.25,8.1732421875,0.0
2717,-97.5,8.16474609375,0.0
2718,-97.5,8.1732421875,0.0
2719,-101.25,8.181738281249999,0.0
2720,-101.25,8.190234375,0.0
2721,-97.5,8.181738281249999,0.0
2722,-97.5,8.190234375,0.0
2723,-93.75,8.16474609375,0.0
2724,-93.75,8.1732421875,0.0
2725,-90.0,8.16474609375,0.0
2726,-90.0,8.1732421875,0.0
2727,-93.75,8.181738281249999,0.0
2728,-93.75,8.190234375,0.0
2729,-90.0,8.181738281249999,0.0
2730,-90.0,8.190234375,0.0
2731,-101.25,8.19873046875,0.0
2732,-101.25,8.2,0.0
2733,-101.25,8.2072265625,0.0
2734,-97.5,8.19873046875,0.0
2735,-97.5,8.2,0.0
2736,-97.5,8.2072265625,0.0
2737,-93.75,8.19873046875,0.0
2738,-93.75,8.2,0.0
2739,-93.75,8.2072265625,0.0
2740,-90.0,8.19873046875,0.0
2741,-90.0,8.2,0.0
2742,-90.0,8.2072265625,0.0
2743,-101.25,8.215722656250001,0.0
2744,-97.5,8.215722656250001,0.0
2745,-101.25,8.22421875,0.0
2746,-97.5,8.22421875,0.0
2747,-93.75,8.215722656250001,0.0
2748,-90.0,8.215722656250001,0.0
2749,-93.75,8.22421875,0.0
2750,-90.0,8.22421875,0.0
2751,-116.25,8.23271484375,0.0
2752,-120.0,8.23271484375,0.0
2753,-112.5,8.23271484375,0.0
2754,-108.75,8.23271484375,0.0
2755,-105.0,8.23271484375,0.0
2756,-116.25,8.2412109375,0.0
2757,-120.0,8.2412109375,0.0
2758,-112.5,8.2412109375,0.0
2759,-108.75,8.2412109375,0.0
2760,-105.0,8.2412109375,0.0
2761,-116.25,8.24970703125,0.0
2762,-120.0,8.24970703125,0.0
2763,-112.5,8.24970703125,0.0
2764,-108.75,8.24970703125,0.0
2765,-105.0,8.24970703125,0.0
2766,-116.25,8.258203125000001,0.0
2767,-120.0,8.258203125000001,0.0
2768,-112.5,8.258203125000001,0.0
2769,-108.75,8.258203125000001,0.0
2770,-105.0,8.258203125000001,0.0
2771,-101.25,8.23271484375,0.0
2772,-97.5,8.23271484375,0.0
2773,-101.25,8.2412109375,0.0
2774,-97.5,8.2412109375,0.0
2775,-93.75,8.23271484375,0.0
2776,-90.0,8.23271484375,0.0
2777,-93.75,8.2412109375,0.0
2778,-90.0,8.2412109375,0.0
2779,-101.25,8.24970703125,0.0
2780,-97.5,8.24970703125,0.0
2781,-101.25,8.258203125000001,0.0
2782,-97.5,8.258203125000001,0.0
2783,-93.75,8.24970703125,0.0
2784,-90.0,8.24970703125,0.0
2785,-93.75,8.258203125000001,0.0
2786,-90.0,8.258203125000001,0.0
2787,-116.25,8.266699218750002,0.0
2788,-120.0,8.266699218750002,0.0
2789,-112.5,8.266699218750002,0.0
2790,-108.75,8.266699218750002,0.0
2791,-105.0,8.266699218750002,0.0
2792,-116.25,8.275195312500001,0.0
2793,-120.0,8.275195312500001,0.0
2794,-112.5,8.275195312500001,0.0
2795,-108.75,8.275195312500001,0.0
2796,-105.0,8.275195312500001,0.0
2797,-101.25,8.266699218750002,0.0
2798,-97.5,8.266699218750002,0.0
2799,-101.25,8.275195312500001,0.0
2800,-97.5,8.275195312500001,0.0
2801,-93.75,8.266699218750002,0.0
2802,-90.0,8.266699218750002,0.0
2803,-93.75,8.275195312500001,0.0
2804,-90.0,8.275195312500001,0.0
2805,-116.25,8.28369140625,0.0
2806,-120.0,8.28369140625,0.0
2807,-112.5,8.28369140625,0.0
2808,-108.75,8.28369140625,0.0
2809,-105.0,8.28369140625,0.0
2810,-116.25,8.2921875,0.0
2811,-120.0,8.2921875,0.0
2812,-112.5,8.2921875,0.0
2813,-108.75,8.2921875,0.0
2814,-105.0,8.2921875,0.0
2815,-101.25,8.28369140625,0.0
2816,-97.5,8.28369140625,0.0
2817,-101.25,8.2921875,0.0
2818,-97.5,8.2921875,0.0
2819,-93.75,8.28369140625,0.0
2820,-90.0,8.28369140625,0.0
2821,-93.75,8.2921875,0.0
2822,-90.0,8.2921875,0.0
2823,-86.25,8.16474609375,0.0
2824,-86.25,8.1732421875,0.0
2825,-82.5,8.16474609375,0.0
2826,-82.5,8.1732421875,0.0
2827,-86.25,8.181738281249999,0.0
2828,-86.25,8.190234375,0.0
2829,-82.5,8.181738281249999,0.0
2830,-82.5,8.190234375,0.0
2831,-78.75,8.16474609375,0.0
2832,-78.75,8.1732421875,0.0
2833,-75.0,8.16474609375,0.0
2834,-75.0,8.1732421875,0.0
2835,-78.75,8.181738281249999,0.0
2836,-78.75,8.190234375,0.0
2837,-75.0,8.181738281249999,0.0
2838,-75.0,8.190234375,0.0
2839,-86.25,8.19873046875,0.0
2840,-86.25,8.2,0.0
2841,-86.25,8.2072265625,0.0
2842,-82.5,8.19873046875,0.0
2843,-82.5,8.2,0.0
2844,-82.5,8.2072265625,0.0
2845,-78.75,8.19873046875,0.0
2846,-78.75,8.2,0.0
2847,-78.75,8.2072265625,0.0
2848,-75.0,8.19873046875,0.0
2849,-75.0,8.2,0.0
2850,-75.0,8.2072265625,0.0
2851,-86.25,8.215722656250001,0.0
2852,-82.5,8.215722656250001,0.0
2853,-86.25,8.22421875,0.0
2854,-82.5,8.22421875,0.0
2855,-78.75,8.215722656250001,0.0
2856,-75.0,8.215722656250001,0.0
2857,-78.75,8.22421875,0.0
2858,-75.0,8.22421875,0.0
2859,-86.25,8.23271484375,0.0
2860,-82.5,8.23271484375,0.0
2861,-86.25,8.2412109375,0.0
2862,-82.5,8.2412109375,0.0
2863,-78.75,8.23271484375,0.0
2864,-75.0,8.23271484375,0.0
2865,-78.75,8.2412109375,0.0
2866,-75.0,8.2412109375,0.0
2867,-86.25,8.24970703125,0.0
2868,-82.5,8.24970703125,0.0
2869,-86.25,8.258203125000001,0.0
2870,-82.5,8.258203125000001,0.0
2871,-78.75,8.24970703125,0.0
2872,-75.0,8.24970703125,0.0
2873,-78.75,8.258203125000001,0.0
2874,-75.0,8.258203125000001,0.0
2875,-86.25,8.266699218750002,0.0
2876,-82.5,8.266699218750002,0.0
2877,-86.25,8.275195312500001,0.0
2878,-82.5,8.275195312500001,0.0
2879,-78.75,8.266699218750002,0.0
2880,-75.0,8.266699218750002,0.0
2881,-78.75,8.275195312500001,0.0
2882,-75.0,8.275195312500001,0.0
2883,-86.25,8.28369140625,0.0
2884,-82.5,8.28369140625,0.0
2885,-86.25,8.2921875,0.0
2886,-82.5,8.2921875,0.0
2887,-78.75,8.28369140625,0.0
2888,-75.0,8.28369140625,0.0
2889,-78.75,8.2921875,0.0
2890,-75.0,8.2921875,0.0
2891,-71.25,8.16474609375,0.0
2892,-71.25,8.1732421875,0.0
2893,-67.5,8.16474609375,0.0
2894,-67.5,8.1732421875,0.0
2895,-71.25,8.181738281249999,0.0
2896,-71.25,8.190234375,0.0
2897,-67.5,8.181738281249999,0.0
2898,-67.5,8.190234375,0.0
2899,-63.75,8.16474609375,195713.9642829573
2900,-63.75,8.1732421875,200722.0700255824
2901,-60.0,8.16474609375,782855.8571318293
2902,-60.0,8.1732421875,802888.2801023296
2903,-63.75,8.181738281249999,205730.1757682074
2904,-63.75,8.190234375,210738.28151083353
2905,-60.0,8.181738281249999,822920.7030728296
2906,-60.0,8.190234375,842953.1260433341
2907,-71.25,8.19873046875,0.0
2908,-71.25,8.2,0.0
2909,-71.25,8.2072265625,0.0
2910,-67.5,8.19873046875,0.0
2911,-67.5,8.2,0.0
2912,-67.5,8.2072265625,0.0
2913,-63.75,8.19873046875,215746.3872534596
2914,-63.75,8.2,216494.72489316185
2915,-63.75,8.2072265625,220754.49299608567
2916,-60.0,8.19873046875,862985.5490138384
2917,-60.0,8.2,865978.8995726474
2918,-60.0,8.2072265625,883017.9719843427
2919,-71.25,8.215722656250001,0.0
2920,-67.5,8.215722656250001,0.0
2921,-71.25,8.22421875,0.0
2922,-67.5,8.22421875,0.0
2923,-63.75,8.215722656250001,225762.5987387118
2924,-60.0,8.215722656250001,903050.3949548472
2925,-63.75,8.22421875,230770.70448133684
2926,-60.0,8.22421875,923082.8179253474
2927,-71.25,8.23271484375,0.0
2928,-67.5,8.23271484375,0.0
2929,-71.25,8.2412109375,0.0
2930,-67.5,8.2412109375,0.0
2931,-63.75,8.23271484375,235778.81022396186
2932,-60.0,8.23271484375,943115.2408958474
2933,-63.75,8.2412109375,240786.91596658799
2934,-60.0,8.2412109375,963147.6638663519
2935,-71.25,8.24970703125,0.0
2936,-67.5,8.24970703125,0.0
2937,-71.25,8.258203125000001,0.0
2938,-67.5,8.258203125000001,0.0
2939,-63.75,8.24970703125,245795.02170921408
2940,-60.0,8.24970703125,983180.0868368563
2941,-63.75,8.258203125000001,250803.12745184015
2942,-60.0,8.258203125000001,1003212.5098073606
2943,-71.25,8.266699218750002,0.0
2944,-67.5,8.266699218750002,0.0
2945,-71.25,8.275195312500001,0.0
2946,-67.5,8.275195312500001,0.0
2947,-63.75,8.266699218750002,255811.23319446627
2948,-60.0,8.266699218750002,1023244.9327778651
2949,-63.75,8.275195312500001,260819.3389370913
2950,-60.0,8.275195312500001,1043277.3557483652
2951,-71.25,8.28369140625,0.0
2952,-67.5,8.28369140625,0.0
2953,-71.25,8.2921875,0.0
2954,-67.5,8.2921875,0.0
2955,-63.75,8.28369140625,265827.4446797163
2956,-60.0,8.28369140625,1063309.7787188652
2957,-63.75,8.2921875,270835.55042234244
2958,-60.0,8.2921875,1083342.2016893697
2959,-116.25,8.300683593750001,0.0
2960,-120.0,8.300683593750001,0.0
2961,-112.5,8.300683593750001,0.0
2962,-108.75,8.300683593750001,0.0
2963,-105.0,8.300683593750001,0.0
2964,-101.25,8.300683593750001,0.0
2965,-97.5,8.300683593750001,0.0
2966,-93.75,8.300683593750001,0.0
2967,-90.0,8.300683593750001,0.0
2968,-116.25,8.3091796875,0.0
2969,-120.0,8.3091796875,0.0
2970,-112.5,8.3091796875,0.0
2971,-108.75,8.3091796875,0.0
2972,-105.0,8.3091796875,0.0
2973,-101.25,8.3091796875,0.0
2974,-97.5,8.3091796875,0.0
2975,-93.75,8.3091796875,0.0
2976,-90.0,8.3091796875,0.0
2977,-116.25,8.326171875,0.0
2978,-120.0,8.326171875,0.0
2979,-112.5,8.326171875,0.0
2980,-108.75,8.326171875,0.0
2981,-105.0,8.326171875,0.0
2982,-101.25,8.326171875,0.0
2983,-97.5,8.326171875,0.0
2984,-93.75,8.326171875,0.0
2985,-90.0,8.326171875,0.0
2986,-116.25,8.3431640625,0.0
2987,-120.0,8.3431640625,0.0
2988,-112.5,8.3431640625,0.0
2989,-108.75,8.3431640625,0.0
2990,-105.0,8.3431640625,0.0
2991,-101.25,8.3431640625,0.0
2992,-97.5,8.3431640625,0.0
2993,-93.75,8.3431640625,0.0
2994,-90.0,8.3431640625,0.0
2995,-116.25,8.36015625,0.0
2996,-120.0,8.36015625,0.0
2997,-112.5,8.36015625,0.0
2998,-108.75,8.36015625,0.0
2999,-105.0,8.36015625,0.0
3000,-101.25,8.36015625,0.0
3001,-97.5,8.36015625,0.0
3002,-93.75,8.36015625,0.0
3003,-90.0,8.36015625,0.0
3004,-86.25,8.300683593750001,0.0
3005,-82.5,8.300683593750001,0.0
3006,-78.75,8.300683593750001,0.0
3007,-75.0,8.300683593750001,0.0
3008,-86.25,8.3091796875,0.0
3009,-82.5,8.3091796875,0.0
3010,-78.75,8.3091796875,0.0
3011,-75.0,8.3091796875,0.0
3012,-86.25,8.326171875,0.0
3013,-82.5,8.326171875,0.0
3014,-78.75,8.326171875,0.0
3015,-75.0,8.326171875,0.0
3016,-86.25,8.3431640625,0.0
3017,-82.5,8.3431640625,0.0
3018,-78.75,8.3431640625,0.0
3019,-75.0,8.3431640625,0.0
3020,-86.25,8.36015625,0.0
3021,-82.5,8.36015625,0.0
3022,-78.75,8.36015625,0.0
3023,-75.0,8.36015625,0.0
3024,-71.25,8.300683593750001,0.0
3025,-67.5,8.300683593750001,0.0
3026,-71.25,8.3091796875,0.0
3027,-67.5,8.3091796875,0.0
3028,-63.75,8.300683593750001,275707.61982192367
3029,-60.0,8.300683593750001,1102830.4792876947
3030,-63.75,8.3091796875,279024.9881581362
3031,-60.0,8.3091796875,1116099.9526325448
3032,-71.25,8.326171875,0.0
3033,-67.5,8.326171875,0.0
3034,-63.75,8.326171875,285659.724830562
3035,-60.0,8.326171875,1142638.899322248
3036,-71.25,8.3431640625,0.0
3037,-67.5,8.3431640625,0.0
3038,-71.25,8.36015625,0.0
3039,-67.5,8.36015625,0.0
3040,-63.75,8.3431640625,292294.4615029878
3041,-60.0,8.3431640625,1169177.846011951
3042,-63.75,8.36015625,298929.1981754135
3043,-60.0,8.36015625,1195716.792701654
3044,-116.25,8.377148437499999,0.0
3045,-120.0,8.377148437499999,0.0
3046,-112.5,8.377148437499999,0.0
3047,-108.75,8.377148437499999,0.0
3048,-105.0,8.377148437499999,0.0
3049,-101.25,8.377148437499999,0.0
3050,-97.5,8.377148437499999,0.0
3051,-93.75,8.377148437499999,0.0
3052,-90.0,8.377148437499999,0.0
3053,-116.25,8.394140624999999,0.0
3054,-120.0,8.394140624999999,0.0
3055,-112.5,8.394140624999999,0.0
3056,-108.75,8.394140624999999,0.0
3057,-105.0,8.394140624999999,0.0
3058,-101.25,8.394140624999999,0.0
3059,-97.5,8.394140624999999,0.0
3060,-93.75,8.394140624999999,0.0
3061,-90.0,8.394140624999999,0.0
3062,-86.25,8.377148437499999,0.0
3063,-82.5,8.377148437499999,0.0
3064,-78.75,8.377148437499999,0.0
3065,-75.0,8.377148437499999,0.0
3066,-86.25,8.394140624999999,0.0
3067,-82.5,8.394140624999999,0.0
3068,-78.75,8.394140624999999,0.0
3069,-75.0,8.394140624999999,0.0
3070,-71.25,8.377148437499999,0.0
3071,-67.5,8.377148437499999,0.0
3072,-71.25,8.394140624999999,0.0
3073,-67.5,8.394140624999999,0.0
3074,-63.75,8.377148437499999,305563.9348478393
3075,-60.0,8.377148437499999,1222255.7393913572
3076,-63.75,8.394140624999999,312198.67152026505
3077,-60.0,8.394140624999999,1248794.6860810602
3078,-116.25,8.4111328125,0.0
3079,-120.0,8.4111328125,0.0
3080,-112.5,8.4111328125,0.0
3081,-108.75,8.4111328125,0.0
3082,-105.0,8.4111328125,0.0
3083,-101.25,8.4111328125,0.0
3084,-97.5,8.4111328125,0.0
3085,-93.75,8.4111328125,0.0
3086,-90.0,8.4111328125,0.0
3087,-116.25,8.428125,0.0
3088,-120.0,8.428125,0.0
3089,-112.5,8.428125,0.0
3090,-108.75,8.428125,0.0
3091,-105.0,8.428125,0.0
3092,-101.25,8.428125,0.0
3093,-97.5,8.428125,0.0
3094,-93.75,8.428125,0.0
3095,-90.0,8.428125,0.0
3096,-86.25,8.4111328125,0.0
3097,-82.5,8.4111328125,0.0
3098,-78.75,8.4111328125,0.0
3099,-75.0,8.4111328125,0.0
3100,-86.25,8.428125,0.0
3101,-82.5,8.428125,0.0
3102,-78.75,8.428125,0.0
3103,-75.0,8.428125,0.0
3104,-71.25,8.4111328125,0.0
3105,-67.5,8.4111328125,0.0
3106,-71.25,8.428125,0.0
3107,-67.5,8.428125,0.0
3108,-63.75,8.4111328125,318833.4081926915
3109,-60.0,8.4111328125,1275333.632770766
3110,-63.75,8.428125,325468.14486511727
3111,-60.0,8.428125,1301872.579460469
3112,-56.25,8.16474609375,1369997.7499807014
3113,-56.25,8.1732421875,1405054.4901790768
3114,-52.5,8.16474609375,36460690.01743943
3115,-52.5,8.1732421875,37239088.159544826
3116,-56.25,8.181738281249999,1440111.230377452
3117,-56.25,8.190234375,1475167.9705758346
3118,-52.5,8.181738281249999,38017486.30165022
3119,-52.5,8.190234375,38795884.443755776
3120,-48.75,8.16474609375,88803157.47220309
3121,-48.75,8.1732421875,90689055.55855507
3122,-45.0,8.16474609375,141145624.92696676
3123,-45.0,8.1732421875,144139022.9575653
3124,-48.75,8.181738281249999,92574953.64490706
3125,-48.75,8.190234375,94460851.73125942
3126,-45.0,8.181738281249999,147132420.9881639
3127,-45.0,8.190234375,150125819.01876307
3128,-56.25,8.19873046875,1510224.7107742173
3129,-56.25,8.2,1515463.074252133
3130,-56.25,8.2072265625,1545281.4509726
3131,-52.5,8.19873046875,39574282.585861325
3132,-52.5,8.2,39690594.951923
3133,-52.5,8.2072265625,40352680.727966875
3134,-48.75,8.19873046875,96346749.8176118
3135,-48.75,8.2,96628550.68108955
3136,-48.75,8.2072265625,98232647.90396416
3137,-45.0,8.19873046875,153119217.04936227
3138,-45.0,8.2,153566506.41025612
3139,-45.0,8.2072265625,156112615.07996145
3140,-56.25,8.215722656250001,1580338.1911709826
3141,-52.5,8.215722656250001,41131078.87007244
3142,-56.25,8.22421875,1615394.9313693577
3143,-52.5,8.22421875,41909477.012177825
3144,-48.75,8.215722656250001,100118545.99031654
3145,-45.0,8.215722656250001,159106013.11056066
3146,-48.75,8.22421875,102004444.07666852
3147,-45.0,8.22421875,162099411.1411592
3148,-56.25,8.23271484375,1650451.6715677332
3149,-52.5,8.23271484375,42687875.15428322
3150,-56.25,8.2412109375,1685508.4117661158
3151,-52.5,8.2412109375,43466273.296388775
3152,-48.75,8.23271484375,103890342.1630205
3153,-45.0,8.23271484375,165092809.1717578
3154,-48.75,8.2412109375,105776240.24937288
3155,-45.0,8.2412109375,168086207.202357
3156,-56.25,8.24970703125,1720565.1519644985
3157,-52.5,8.24970703125,44244671.438494325
3158,-56.25,8.258203125000001,1755621.8921628813
3159,-52.5,8.258203125000001,45023069.58059988
3160,-48.75,8.24970703125,107662138.33572525
3161,-45.0,8.24970703125,171079605.23295617
3162,-48.75,8.258203125000001,109548036.42207761
3163,-45.0,8.258203125000001,174073003.26355535
3164,-56.25,8.266699218750002,1790678.632361264
3165,-52.5,8.266699218750002,45801467.72270544
3166,-56.25,8.275195312500001,1825735.3725596392
3167,-52.5,8.275195312500001,46579865.864810824
3168,-48.75,8.266699218750002,111433934.50843
3169,-45.0,8.266699218750002,177066401.29415458
3170,-48.75,8.275195312500001,113319832.59478198
3171,-45.0,8.275195312500001,180059799.3247531
3172,-56.25,8.28369140625,1860792.1127580144
3173,-52.5,8.28369140625,47358264.00691622
3174,-56.25,8.2921875,1895848.852956397
3175,-52.5,8.2921875,48136662.149021775
3176,-48.75,8.28369140625,115205730.68113396
3177,-45.0,8.28369140625,183053197.3553517
3178,-48.75,8.2921875,117091628.76748632
3179,-45.0,8.2921875,186046595.3859509
3180,-41.25,8.16474609375,629036133.1874491
3181,-41.25,8.1732421875,631041975.2006856
3182,-37.5,8.16474609375,1116926641.4479313
3183,-37.5,8.1732421875,1117944927.443806
3184,-41.25,8.181738281249999,633047817.2139223
3185,-41.25,8.190234375,635053659.2271591
3186,-37.5,8.181738281249999,1118963213.4396806
3187,-37.5,8.190234375,1119981499.4355552
3188,-33.75,8.16474609375,2076896049.7994711
3189,-33.75,8.1732421875,2080560146.8078094
3190,-30.0,8.16474609375,3981023258.333126
3191,-30.0,8.1732421875,3994599900.413578
3192,-33.75,8.181738281249999,2084224243.8161469
3193,-33.75,8.190234375,2087888340.8244858
3194,-30.0,8.181738281249999,4008176542.49403
3195,-30.0,8.190234375,4021753184.574485
3196,-41.25,8.19873046875,637059501.2403961
3197,-41.25,8.2,637359224.7596152
3198,-41.25,8.2072265625,639065343.253633
3199,-37.5,8.19873046875,1120999785.4314299
3200,-37.5,8.2,1121151943.1089745
3201,-37.5,8.2072265625,1122018071.4273047
3202,-33.75,8.19873046875,2091552437.8328245
3203,-33.75,8.2,2092099946.5811963
3204,-33.75,8.2072265625,2095216534.841163
3205,-30.0,8.19873046875,4035329826.6549397
3206,-30.0,8.2,4037358520.299144
3207,-30.0,8.2072265625,4048906468.7353945
3208,-41.25,8.215722656250001,641071185.26687
3209,-37.5,8.215722656250001,1123036357.4231794
3210,-41.25,8.22421875,643077027.2801065
3211,-37.5,8.22421875,1124054643.4190538
3212,-33.75,8.215722656250001,2098880631.8495014
3213,-30.0,8.215722656250001,4062483110.815849
3214,-33.75,8.22421875,2102544728.8578393
3215,-30.0,8.22421875,4076059752.8963013
3216,-41.25,8.23271484375,645082869.2933431
3217,-37.5,8.23271484375,1125072929.4149284
3218,-41.25,8.2412109375,647088711.3065801
3219,-37.5,8.2412109375,1126091215.410803
3220,-33.75,8.23271484375,2106208825.8661773
3221,-30.0,8.23271484375,4089636394.976753
3222,-33.75,8.2412109375,2109872922.874516
3223,-30.0,8.2412109375,4103213037.0572076
3224,-41.25,8.24970703125,649094553.3198171
3225,-37.5,8.24970703125,1127109501.406678
3226,-41.25,8.258203125000001,651100395.3330541
3227,-37.5,8.258203125000001,1128127787.4025526
3228,-33.75,8.24970703125,2113537019.8828545
3229,-30.0,8.24970703125,4116789679.1376624
3230,-33.75,8.258203125000001,2117201116.891193
3231,-30.0,8.258203125000001,4130366321.2181177
3232,-41.25,8.266699218750002,653106237.346291
3233,-37.5,8.266699218750002,1129146073.3984272
3234,-41.25,8.275195312500001,655112079.3595275
3235,-37.5,8.275195312500001,1130164359.394302
3236,-33.75,8.266699218750002,2120865213.8995314
3237,-30.0,8.266699218750002,4143942963.298572
3238,-33.75,8.275195312500001,2124529310.9078693
3239,-30.0,8.275195312500001,4157519605.379024
3240,-41.25,8.28369140625,657117921.372764
3241,-37.5,8.28369140625,1131182645.3901763
3242,-41.25,8.2921875,659123763.386001
3243,-37.5,8.2921875,1132200931.3860512
3244,-33.75,8.28369140625,2128193407.9162073
3245,-30.0,8.28369140625,4171096247.4594755
3246,-33.75,8.2921875,2131857504.9245462
3247,-30.0,8.2921875,4184672889.539931
3248,-56.25,8.300683593750001,1929953.3387534658
3249,-52.5,8.300683593750001,48800312.92255103
3250,-48.75,8.300683593750001,118692290.8685145
3251,-45.0,8.300683593750001,188584268.81447795
3252,-56.25,8.3091796875,1953174.9171069534
3253,-52.5,8.3091796875,48152565.198066935
3254,-48.75,8.3091796875,117033113.1372697
3255,-45.0,8.3091796875,185913661.07647246
3256,-56.25,8.326171875,1999618.0738139339
3257,-52.5,8.326171875,46857069.74909861
3258,-48.75,8.326171875,113714757.67477979
3259,-45.0,8.326171875,180572445.60046095
3260,-56.25,8.3431640625,2046061.2305209143
3261,-52.5,8.3431640625,45561574.30013028
3262,-48.75,8.3431640625,110396402.21228984
3263,-45.0,8.3431640625,175231230.12444943
3264,-56.25,8.36015625,2092504.3872278945
3265,-52.5,8.36015625,44266078.85116196
3266,-48.75,8.36015625,107078046.7497999
3267,-45.0,8.36015625,169890014.6484379
3268,-41.25,8.300683593750001,660961888.4502313
3269,-37.5,8.300683593750001,1133339508.0859847
3270,-41.25,8.3091796875,660883248.3829597
3271,-37.5,8.3091796875,1135852835.689447
3272,-33.75,8.300683593750001,2135425737.7917953
3273,-30.0,8.300683593750001,4196929187.6377206
3274,-33.75,8.3091796875,2137898380.4751668
3275,-30.0,8.3091796875,4194095840.219352
3276,-41.25,8.326171875,660725968.2484163
3277,-37.5,8.326171875,1140879490.8963716
3278,-33.75,8.326171875,2142843665.8419094
3279,-30.0,8.326171875,4188429145.3826127
3280,-41.25,8.3431640625,660568688.1138729
3281,-37.5,8.3431640625,1145906146.1032963
3282,-41.25,8.36015625,660411407.9793293
3283,-37.5,8.36015625,1150932801.3102207
3284,-33.75,8.3431640625,2147788951.208652
3285,-30.0,8.3431640625,4182762450.5458736
3286,-33.75,8.36015625,2152734236.575395
3287,-30.0,8.36015625,4177095755.709135
3288,-56.25,8.377148437499999,2138947.543934875
3289,-52.5,8.377148437499999,42970583.40219363
3290,-48.75,8.377148437499999,103759691.28731
3291,-45.0,8.377148437499999,164548799.17242637
3292,-56.25,8.394140624999999,2185390.7006418556
3293,-52.5,8.394140624999999,41675087.9532253
3294,-48.75,8.394140624999999,100441335.82482007
3295,-45.0,8.394140624999999,159207583.69641483
3296,-41.25,8.377148437499999,660254127.8447862
3297,-37.5,8.377148437499999,1155959456.5171459
3298,-41.25,8.394140624999999,660096847.7102427
3299,-37.5,8.394140624999999,1160986111.7240705
3300,-33.75,8.377148437499999,2157679521.9421387
3301,-30.0,8.377148437499999,4171429060.8723965
3302,-33.75,8.394140624999999,2162624807.3088813
3303,-30.0,8.394140624999999,4165762366.035658
3304,-56.25,8.4111328125,2231833.8573488407
3305,-52.5,8.4111328125,40379592.50425684
3306,-48.75,8.4111328125,97122980.36232978
3307,-45.0,8.4111328125,153866368.22040275
3308,-56.25,8.428125,2278277.014055821
3309,-52.5,8.428125,39084097.05528851
3310,-48.75,8.428125,93804624.89983986
3311,-45.0,8.428125,148525152.7443912
3312,-41.25,8.4111328125,659939567.5756993
3313,-37.5,8.4111328125,1166012766.9309957
3314,-41.25,8.428125,659782287.4411558
3315,-37.5,8.428125,1171039422.1379204
3316,-33.75,8.4111328125,2167570092.6756244
3317,-30.0,8.4111328125,4160095671.1989183
3318,-33.75,8.428125,2172515378.042368
3319,-30.0,8.428125,4154428976.3621798
3320,-26.25,8.16474609375,5885150466.86678
3321,-26.25,8.1732421875,5908639654.019346
3322,-22.5,8.16474609375,8500202414.168661
3323,-22.5,8.1732421875,8524656664.191351
3324,-26.25,8.181738281249999,5932128841.171913
3325,-26.25,8.190234375,5955618028.324484
3326,-22.5,8.181738281249999,8549110914.214041
3327,-22.5,8.190234375,8573565164.236735
3328,-18.75,8.16474609375,11470716730.854656
3329,-18.75,8.1732421875,11491662302.646473
3330,-15.0,8.16474609375,14441231047.540651
3331,-15.0,8.1732421875,14458667941.101595
3332,-18.75,8.181738281249999,11512607874.438292
3333,-18.75,8.190234375,11533553446.230112
3334,-15.0,8.181738281249999,14476104834.66254
3335,-15.0,8.190234375,14493541728.22349
3336,-26.25,8.19873046875,5979107215.477055
3337,-26.25,8.2,5982617094.017092
3338,-26.25,8.2072265625,6002596402.629625
3339,-22.5,8.19873046875,8598019414.25943
3340,-22.5,8.2,8601673497.596151
3341,-22.5,8.2072265625,8622473664.282124
3342,-18.75,8.19873046875,11554499018.021935
3343,-18.75,8.2,11557628816.105766
3344,-18.75,8.2072265625,11575444589.813755
3345,-15.0,8.19873046875,14510978621.78444
3346,-15.0,8.2,14513584134.615383
3347,-15.0,8.2072265625,14528415515.345387
3348,-26.25,8.215722656250001,6026085589.782196
3349,-22.5,8.215722656250001,8646927914.304817
3350,-26.25,8.22421875,6049574776.934763
3351,-22.5,8.22421875,8671382164.327507
3352,-18.75,8.215722656250001,11596390161.605576
3353,-15.0,8.215722656250001,14545852408.906334
3354,-18.75,8.22421875,11617335733.397392
3355,-15.0,8.22421875,14563289302.467281
3356,-26.25,8.23271484375,6073063964.087328
3357,-22.5,8.23271484375,8695836414.350197
3358,-26.25,8.2412109375,6096553151.2399
3359,-22.5,8.2412109375,8720290664.37289
3360,-18.75,8.23271484375,11638281305.18921
3361,-15.0,8.23271484375,14580726196.028225
3362,-18.75,8.2412109375,11659226876.981033
3363,-15.0,8.2412109375,14598163089.589174
3364,-26.25,8.24970703125,6120042338.39247
3365,-22.5,8.24970703125,8744744914.395586
3366,-26.25,8.258203125000001,6143531525.545042
3367,-22.5,8.258203125000001,8769199164.418282
3368,-18.75,8.24970703125,11680172448.772854
3369,-15.0,8.24970703125,14615599983.150124
3370,-18.75,8.258203125000001,11701118020.564676
3371,-15.0,8.258203125000001,14633036876.711071
3372,-26.25,8.266699218750002,6167020712.697613
3373,-22.5,8.266699218750002,8793653414.440975
3374,-26.25,8.275195312500001,6190509899.850179
3375,-22.5,8.275195312500001,8818107664.463663
3376,-18.75,8.266699218750002,11722063592.356499
3377,-15.0,8.266699218750002,14650473770.27202
3378,-18.75,8.275195312500001,11743009164.148315
3379,-15.0,8.275195312500001,14667910663.832966
3380,-26.25,8.28369140625,6213999087.002745
3381,-22.5,8.28369140625,8842561914.486353
3382,-26.25,8.2921875,6237488274.155315
3383,-22.5,8.2921875,8867016164.509048
3384,-18.75,8.28369140625,11763954735.940132
3385,-15.0,8.28369140625,14685347557.393911
3386,-18.75,8.2921875,11784900307.731955
3387,-15.0,8.2921875,14702784450.954859
3388,-26.25,8.300683593750001,6258432637.483645
3389,-22.5,8.300683593750001,8889086991.409561
3390,-26.25,8.3091796875,6250293299.963536
3391,-22.5,8.3091796875,8883918696.91376
3392,-18.75,8.300683593750001,11804316797.375475
3393,-15.0,8.300683593750001,14719546603.341387
3394,-18.75,8.3091796875,11806258062.467003
3395,-15.0,8.3091796875,14728597428.020247
3396,-26.25,8.326171875,6234014624.923315
3397,-22.5,8.326171875,8873582107.922157
3398,-18.75,8.326171875,11810140592.650063
3399,-15.0,8.326171875,14746699077.37797
3400,-26.25,8.3431640625,6217735949.883096
3401,-22.5,8.3431640625,8863245518.93055
3402,-26.25,8.36015625,6201457274.842875
3403,-22.5,8.36015625,8852908929.938944
3404,-18.75,8.3431640625,11814023122.833122
3405,-15.0,8.3431640625,14764800726.735691
3406,-18.75,8.36015625,11817905653.01618
3407,-15.0,8.36015625,14782902376.093414
3408,-26.25,8.377148437499999,6185178599.802655
3409,-22.5,8.377148437499999,8842572340.94734
3410,-26.25,8.394140624999999,6168899924.762434
3411,-22.5,8.394140624999999,8832235751.955734
3412,-18.75,8.377148437499999,11821788183.199238
3413,-15.0,8.377148437499999,14801004025.451138
3414,-18.75,8.394140624999999,11825670713.382296
3415,-15.0,8.394140624999999,14819105674.808857
3416,-26.25,8.4111328125,6152621249.722212
3417,-22.5,8.4111328125,8821899162.964128
3418,-26.25,8.428125,6136342574.681993
3419,-22.5,8.428125,8811562573.972523
3420,-18.75,8.4111328125,11829553243.565355
3421,-15.0,8.4111328125,14837207324.166582
3422,-18.75,8.428125,11833435773.748413
3423,-15.0,8.428125,14855308973.524303
3424,-11.25,8.16474609375,30573616005.074272
3425,-11.25,8.1732421875,30587695631.108738
3426,-7.5,8.16474609375,46706000962.60789
3427,-7.5,8.1732421875,46716723321.115875
3428,-11.25,8.181738281249999,30601775257.1432
3429,-11.25,8.190234375,30615854883.177673
3430,-7.5,8.181738281249999,46727445679.623856
3431,-7.5,8.190234375,46738168038.13185
3432,-3.75,8.16474609375,57257159979.42085
3433,-3.75,8.1732421875,57258292983.38931
3434,0.0,8.16474609375,56645867114.79253
3435,0.0,8.1732421875,56624946590.195366
3436,-3.75,8.181738281249999,57259425987.35778
3437,-3.75,8.190234375,57260558991.326225
3438,0.0,8.181738281249999,56604026065.59819
3439,0.0,8.190234375,56583105541.00102
3440,-11.25,8.19873046875,30629934509.212135
3441,-11.25,8.2,30632038361.378204
3442,-11.25,8.2072265625,30644014135.246605
3443,-7.5,8.19873046875,46748890396.63983
3444,-7.5,8.2,46750492588.14102
3445,-7.5,8.2072265625,46759612755.14782
3446,-3.75,8.19873046875,57261691995.29469
3447,-3.75,8.2,57261861294.73824
3448,-3.75,8.2072265625,57262824999.263145
3449,0.0,8.19873046875,56562185016.403854
3450,0.0,8.2,56559058961.00428
3451,0.0,8.2072265625,56541264491.80669
3452,-11.25,8.215722656250001,30658093761.28107
3453,-7.5,8.215722656250001,46770335113.65581
3454,-11.25,8.22421875,30672173387.315536
3455,-7.5,8.22421875,46781057472.163795
3456,-3.75,8.215722656250001,57263958003.231606
3457,0.0,8.215722656250001,56520343967.20952
3458,-3.75,8.22421875,57265091007.200066
3459,0.0,8.22421875,56499423442.61235
3460,-11.25,8.23271484375,30686253013.350006
3461,-7.5,8.23271484375,46791779830.67178
3462,-11.25,8.2412109375,30700332639.384476
3463,-7.5,8.2412109375,46802502189.17977
3464,-3.75,8.23271484375,57266224011.168526
3465,0.0,8.23271484375,56478502918.01518
3466,-3.75,8.2412109375,57267357015.13698
3467,0.0,8.2412109375,56457582393.418015
3468,-11.25,8.24970703125,30714412265.41894
3469,-7.5,8.24970703125,46813224547.68776
3470,-11.25,8.258203125000001,30728491891.45341
3471,-7.5,8.258203125000001,46823946906.195755
3472,-3.75,8.24970703125,57268490019.10544
3473,0.0,8.24970703125,56436661868.82085
3474,-3.75,8.258203125000001,57269623023.073906
3475,0.0,8.258203125000001,56415741344.22368
3476,-11.25,8.266699218750002,30742571517.48788
3477,-7.5,8.266699218750002,46834669264.703735
3478,-11.25,8.275195312500001,30756651143.522346
3479,-7.5,8.275195312500001,46845391623.21172
3480,-3.75,8.266699218750002,57270756027.04236
3481,0.0,8.266699218750002,56394820819.6265
3482,-3.75,8.275195312500001,57271889031.01082
3483,0.0,8.275195312500001,56373900295.02934
3484,-11.25,8.28369140625,30770730769.55681
3485,-7.5,8.28369140625,46856113981.71971
3486,-11.25,8.2921875,30784810395.59128
3487,-7.5,8.2921875,46866836340.2277
3488,-3.75,8.28369140625,57273022034.97929
3489,0.0,8.28369140625,56352979770.432175
3490,-3.75,8.2921875,57274155038.94774
3491,0.0,8.2921875,56332059245.83501
3492,-11.25,8.300683593750001,30797256264.971867
3493,-7.5,8.300683593750001,46874965926.60235
3494,-11.25,8.3091796875,30791030629.736744
3495,-7.5,8.3091796875,46853463831.45324
3496,-3.75,8.300683593750001,57274017983.37953
3497,0.0,8.300683593750001,56315754830.45008
3498,-3.75,8.3091796875,57259365961.67802
3499,0.0,8.3091796875,56352205948.91932
3500,-11.25,8.326171875,30778579359.2665
3501,-7.5,8.326171875,46810459641.15503
3502,-3.75,8.326171875,57230061918.27497
3503,0.0,8.326171875,56425108185.85779
3504,-11.25,8.3431640625,30766128088.79624
3505,-7.5,8.3431640625,46767455450.8568
3506,-11.25,8.36015625,30753676818.325985
3507,-7.5,8.36015625,46724451260.55856
3508,-3.75,8.3431640625,57200757874.87193
3509,0.0,8.3431640625,56498010422.796265
3510,-3.75,8.36015625,57171453831.46889
3511,0.0,8.36015625,56570912659.73474
3512,-11.25,8.377148437499999,30741225547.85574
3513,-7.5,8.377148437499999,46681447070.260345
3514,-11.25,8.394140624999999,30728774277.385483
3515,-7.5,8.394140624999999,46638442879.96211
3516,-3.75,8.377148437499999,57142149788.065865
3517,0.0,8.377148437499999,56643814896.67322
3518,-3.75,8.394140624999999,57112845744.66281
3519,0.0,8.394140624999999,56716717133.611694
3520,-11.25,8.4111328125,30716323006.91523
3521,-7.5,8.4111328125,46595438689.66388
3522,-11.25,8.428125,30703871736.444977
3523,-7.5,8.428125,46552434499.365654
3524,-3.75,8.4111328125,57083541701.25977
3525,0.0,8.4111328125,56789619370.55017
3526,-3.75,8.428125,57054237657.85674
3527,0.0,8.428125,56862521607.48864
3528,-116.25,8.4451171875,0.0
3529,-120.0,8.4451171875,0.0
3530,-112.5,8.4451171875,0.0
3531,-108.75,8.4451171875,0.0
3532,-105.0,8.4451171875,0.0
3533,-101.25,8.4451171875,0.0
3534,-97.5,8.4451171875,0.0
3535,-93.75,8.4451171875,0.0
3536,-90.0,8.4451171875,0.0
3537,-116.25,8.462109375,0.0
3538,-120.0,8.462109375,0.0
3539,-112.5,8.462109375,0.0
3540,-108.75,8.462109375,0.0
3541,-105.0,8.462109375,0.0
3542,-101.25,8.462109375,0.0
3543,-97.5,8.462109375,0.0
3544,-93.75,8.462109375,0.0
3545,-90.0,8.462109375,0.0
3546,-86.25,8.4451171875,0.0
3547,-82.5,8.4451171875,0.0
3548,-78.75,8.4451171875,0.0
3549,-75.0,8.4451171875,0.0
3550,-71.25,8.4451171875,0.0
3551,-67.5,8.4451171875,0.0
3552,-63.75,8.4451171875,332102.881537543
3553,-60.0,8.4451171875,1328411.526150172
3554,-86.25,8.462109375,0.0
3555,-82.5,8.462109375,0.0
3556,-78.75,8.462109375,0.0
3557,-75.0,8.462109375,0.0
3558,-71.25,8.462109375,0.0
3559,-67.5,8.462109375,0.0
3560,-63.75,8.462109375,338737.6182099695
3561,-60.0,8.462109375,1354950.472839878
3562,-116.25,8.4791015625,0.0
3563,-120.0,8.4791015625,0.0
3564,-112.5,8.4791015625,0.0
3565,-108.75,8.4791015625,0.0
3566,-105.0,8.4791015625,0.0
3567,-101.25,8.4791015625,0.0
3568,-97.5,8.4791015625,0.0
3569,-93.75,8.4791015625,0.0
3570,-90.0,8.4791015625,0.0
3571,-116.25,8.49609375,0.0
3572,-120.0,8.49609375,0.0
3573,-112.5,8.49609375,0.0
3574,-108.75,8.49609375,0.0
3575,-105.0,8.49609375,0.0
3576,-101.25,8.49609375,0.0
3577,-97.5,8.49609375,0.0
3578,-93.75,8.49609375,0.0
3579,-90.0,8.49609375,0.0
3580,-86.25,8.4791015625,0.0
3581,-82.5,8.4791015625,0.0
3582,-78.75,8.4791015625,0.0
3583,-75.0,8.4791015625,0.0
3584,-71.25,8.4791015625,0.0
3585,-67.5,8.4791015625,0.0
3586,-63.75,8.4791015625,345372.35488239524
3587,-60.0,8.4791015625,1381489.419529581
3588,-86.25,8.49609375,0.0
3589,-82.5,8.49609375,0.0
3590,-78.75,8.49609375,0.0
3591,-75.0,8.49609375,0.0
3592,-71.25,8.49609375,0.0
3593,-67.5,8.49609375,0.0
3594,-63.75,8.49609375,352007.09155482106
3595,-60.0,8.49609375,1408028.3662192842
3596,-116.25,8.5130859375,0.0
3597,-120.0,8.5130859375,0.0
3598,-112.5,8.5130859375,0.0
3599,-108.75,8.5130859375,0.0
3600,-105.0,8.5130859375,0.0
3601,-101.25,8.5130859375,0.0
3602,-97.5,8.5130859375,0.0
3603,-93.75,8.5130859375,0.0
3604,-90.0,8.5130859375,0.0
3605,-116.25,8.530078125,0.0
3606,-120.0,8.530078125,0.0
3607,-112.5,8.530078125,0.0
3608,-108.75,8.530078125,0.0
3609,-105.0,8.530078125,0.0
3610,-101.25,8.530078125,0.0
3611,-97.5,8.530078125,0.0
3612,-93.75,8.530078125,0.0
3613,-90.0,8.530078125,0.0
3614,-86.25,8.5130859375,0.0
3615,-82.5,8.5130859375,0.0
3616,-78.75,8.5130859375,0.0
3617,-75.0,8.5130859375,0.0
3618,-71.25,8.5130859375,0.0
3619,-67.5,8.5130859375,0.0
3620,-63.75,8.5130859375,394884.61486294644
3621,-60.0,8.5130859375,1579538.4594517858
3622,-86.25,8.530078125,0.0
3623,-82.5,8.530078125,0.0
3624,-78.75,8.530078125,0.0
3625,-75.0,8.530078125,0.0
3626,-71.25,8.530078125,0.0
3627,-67.5,8.530078125,0.0
3628,-63.75,8.530078125,448580.8804503854
3629,-60.0,8.530078125,1794323.5218015416
3630,-116.25,8.547070312499999,0.0
3631,-120.0,8.547070312499999,0.0
3632,-112.5,8.547070312499999,0.0
3633,-108.75,8.547070312499999,0.0
3634,-105.0,8.547070312499999,0.0
3635,-101.25,8.547070312499999,0.0
3636,-97.5,8.547070312499999,0.0
3637,-93.75,8.547070312499999,0.0
3638,-90.0,8.547070312499999,0.0
3639,-116.25,8.564062499999999,0.0
3640,-120.0,8.564062499999999,0.0
3641,-112.5,8.564062499999999,0.0
3642,-108.75,8.564062499999999,0.0
3643,-105.0,8.564062499999999,0.0
3644,-101.25,8.564062499999999,0.0
3645,-97.5,8.564062499999999,0.0
3646,-93.75,8.564062499999999,0.0
3647,-90.0,8.564062499999999,0.0
3648,-86.25,8.547070312499999,0.0
3649,-82.5,8.547070312499999,0.0
3650,-78.75,8.547070312499999,0.0
3651,-75.0,8.547070312499999,0.0
3652,-71.25,8.547070312499999,0.0
3653,-67.5,8.547070312499999,0.0
3654,-63.75,8.547070312499999,502277.14603782434
3655,-60.0,8.547070312499999,2009108.5841512973
3656,-86.25,8.564062499999999,0.0
3657,-82.5,8.564062499999999,0.0
3658,-78.75,8.564062499999999,0.0
3659,-75.0,8.564062499999999,0.0
3660,-71.25,8.564062499999999,0.0
3661,-67.5,8.564062499999999,0.0
3662,-63.75,8.564062499999999,555973.4116252633
3663,-60.0,8.564062499999999,2223893.646501053
3664,-56.25,8.4451171875,2324720.170762801
3665,-52.5,8.4451171875,37788601.60632018
3666,-48.75,8.4451171875,90486269.43734993
3667,-45.0,8.4451171875,143183937.2683797
3668,-41.25,8.4451171875,659625007.3066124
3669,-37.5,8.4451171875,1176066077.344845
3670,-33.75,8.4451171875,2177460663.4091105
3671,-30.0,8.4451171875,4148762281.525441
3672,-56.25,8.462109375,2371163.3274697866
3673,-52.5,8.462109375,36493106.15735172
3674,-48.75,8.462109375,87167913.97485965
3675,-45.0,8.462109375,137842721.79236758
3676,-41.25,8.462109375,659467727.1720691
3677,-37.5,8.462109375,1181092732.5517704
3678,-33.75,8.462109375,2182405948.775854
3679,-30.0,8.462109375,4143095586.6887016
3680,-56.25,8.4791015625,2417606.4841767666
3681,-52.5,8.4791015625,35197610.70838339
3682,-48.75,8.4791015625,83849558.51236972
3683,-45.0,8.4791015625,132501506.31635606
3684,-41.25,8.4791015625,659310447.0375257
3685,-37.5,8.4791015625,1186119387.7586951
3686,-33.75,8.4791015625,2187351234.1425967
3687,-30.0,8.4791015625,4137428891.851963
3688,-56.25,8.49609375,2464049.640883747
3689,-52.5,8.49609375,33902115.25941506
3690,-48.75,8.49609375,80531203.0498798
3691,-45.0,8.49609375,127160290.84034455
3692,-41.25,8.49609375,659153166.9029821
3693,-37.5,8.49609375,1191146042.9656198
3694,-33.75,8.49609375,2192296519.50934
3695,-30.0,8.49609375,4131762197.0152245
3696,-56.25,8.5130859375,2764192.3040406248
3697,-52.5,8.5130859375,34731476.8734141
3698,-48.75,8.5130859375,82090076.80517991
3699,-45.0,8.5130859375,129448676.73694569
3700,-41.25,8.5130859375,658183477.1050346
3701,-37.5,8.5130859375,1186918277.4731236
3702,-33.75,8.5130859375,2180803082.376464
3703,-30.0,8.5130859375,4104987896.3503075
3704,-56.25,8.530078125,3140066.1631526975
3705,-52.5,8.530078125,36195124.17785117
3706,-48.75,8.530078125,85104839.87922332
3707,-45.0,8.530078125,134014555.58059545
3708,-41.25,8.530078125,656971276.9598023
3709,-37.5,8.530078125,1179927998.3390093
3710,-33.75,8.530078125,2164402563.9004183
3711,-30.0,8.530078125,4071912817.8262315
3712,-56.25,8.547070312499999,3515940.02226477
3713,-52.5,8.547070312499999,37658771.48228825
3714,-48.75,8.547070312499999,88119602.95326672
3715,-45.0,8.547070312499999,138580434.4242452
3716,-41.25,8.547070312499999,655759076.81457
3717,-37.5,8.547070312499999,1172937719.2048945
3718,-33.75,8.547070312499999,2148002045.4243727
3719,-30.0,8.547070312499999,4038837739.3021564
3720,-56.25,8.564062499999999,3891813.881376844
3721,-52.5,8.564062499999999,39122418.78672533
3722,-48.75,8.564062499999999,91134366.02731015
3723,-45.0,8.564062499999999,143146313.26789498
3724,-41.25,8.564062499999999,654546876.6693376
3725,-37.5,8.564062499999999,1165947440.0707803
3726,-33.75,8.564062499999999,2131601526.9483268
3727,-30.0,8.564062499999999,4005762660.7780805
3728,-26.25,8.4451171875,6120063899.641771
3729,-22.5,8.4451171875,8801225984.980917
3730,-18.75,8.4451171875,11837318303.931473
3731,-15.0,8.4451171875,14873410622.882025
3732,-26.25,8.462109375,6103785224.60155
3733,-22.5,8.462109375,8790889395.989311
3734,-18.75,8.462109375,11841200834.114532
3735,-15.0,8.462109375,14891512272.23975
3736,-26.25,8.4791015625,6087506549.561329
3737,-22.5,8.4791015625,8780552806.997707
3738,-18.75,8.4791015625,11845083364.29759
3739,-15.0,8.4791015625,14909613921.597473
3740,-26.25,8.49609375,6071227874.521109
3741,-22.5,8.49609375,8770216218.006102
3742,-18.75,8.49609375,11848965894.480648
3743,-15.0,8.49609375,14927715570.955194
3744,-26.25,8.5130859375,6029172710.32415
3745,-22.5,8.5130859375,8733117258.948954
3746,-18.75,8.5130859375,11826941674.89924
3747,-15.0,8.5130859375,14920766090.849525
3748,-26.25,8.530078125,5979423071.752045
3749,-22.5,8.530078125,8688029532.708063
3750,-18.75,8.530078125,11797184097.179186
3751,-15.0,8.530078125,14906338661.650307
3752,-26.25,8.547070312499999,5929673433.179939
3753,-22.5,8.547070312499999,8642941806.467173
3754,-18.75,8.547070312499999,11767426519.45913
3755,-15.0,8.547070312499999,14891911232.451088
3756,-26.25,8.564062499999999,5879923794.607835
3757,-22.5,8.564062499999999,8597854080.22628
3758,-18.75,8.564062499999999,11737668941.739079
3759,-15.0,8.564062499999999,14877483803.251871
3760,-11.25,8.4451171875,30691420465.974724
3761,-7.5,8.4451171875,46509430309.06742
3762,-11.25,8.462109375,30678969195.50447
3763,-7.5,8.462109375,46466426118.769196
3764,-3.75,8.4451171875,57024933614.45369
3765,0.0,8.4451171875,56935423844.42712
3766,-3.75,8.462109375,56995629571.05066
3767,0.0,8.462109375,57008326081.3656
3768,-11.25,8.4791015625,30666517925.03422
3769,-7.5,8.4791015625,46423421928.47097
3770,-11.25,8.49609375,30654066654.563965
3771,-7.5,8.49609375,46380417738.17274
3772,-3.75,8.4791015625,56966325527.64761
3773,0.0,8.4791015625,57081228318.30408
3774,-3.75,8.49609375,56937021484.244576
3775,0.0,8.49609375,57154130555.24255
3776,-11.25,8.5130859375,30653326747.666054
3777,-7.5,8.5130859375,46385887404.48258
3778,-11.25,8.530078125,30656082770.192722
3779,-7.5,8.530078125,46405826878.73514
3780,-3.75,8.5130859375,56931733465.30881
3781,0.0,8.5130859375,57104150334.154434
3782,-3.75,8.530078125,56933614408.90059
3783,0.0,8.530078125,57017488782.31212
3784,-11.25,8.547070312499999,30658838792.719387
3785,-7.5,8.547070312499999,46425766352.987686
3786,-11.25,8.564062499999999,30661594815.24606
3787,-7.5,8.564062499999999,46445705827.24024
3788,-3.75,8.547070312499999,56935495352.49237
3789,0.0,8.547070312499999,56930827230.469795
3790,-3.75,8.564062499999999,56937376296.084145
3791,0.0,8.564062499999999,56844165678.62747
3792,-116.25,8.581054687499998,0.0
3793,-120.0,8.581054687499998,0.0
3794,-112.5,8.581054687499998,0.0
3795,-108.75,8.581054687499998,0.0
3796,-105.0,8.581054687499998,0.0
3797,-101.25,8.581054687499998,0.0
3798,-97.5,8.581054687499998,0.0
3799,-93.75,8.581054687499998,0.0
3800,-90.0,8.581054687499998,0.0
3801,-116.25,8.598046874999998,0.0
3802,-120.0,8.598046874999998,0.0
3803,-112.5,8.598046874999998,0.0
3804,-108.75,8.598046874999998,0.0
3805,-105.0,8.598046874999998,0.0
3806,-101.25,8.598046874999998,0.0
3807,-97.5,8.598046874999998,0.0
3808,-93.75,8.598046874999998,0.0
3809,-90.0,8.598046874999998,0.0
3810,-86.25,8.581054687499998,0.0
3811,-82.5,8.581054687499998,0.0
3812,-78.75,8.581054687499998,0.0
3813,-75.0,8.581054687499998,0.0
3814,-71.25,8.581054687499998,0.0
3815,-67.5,8.581054687499998,0.0
3816,-63.75,8.581054687499998,609669.6772127023
3817,-60.0,8.581054687499998,2438678.7088508094
3818,-86.25,8.598046874999998,0.0
3819,-82.5,8.598046874999998,0.0
3820,-78.75,8.598046874999998,0.0
3821,-75.0,8.598046874999998,0.0
3822,-71.25,8.598046874999998,0.0
3823,-67.5,8.598046874999998,0.0
3824,-63.75,8.598046874999998,663365.9428001413
3825,-60.0,8.598046874999998,2653463.771200565
3826,-116.25,8.6150390625,0.0
3827,-120.0,8.6150390625,0.0
3828,-112.5,8.6150390625,0.0
3829,-108.75,8.6150390625,0.0
3830,-105.0,8.6150390625,0.0
3831,-101.25,8.6150390625,0.0
3832,-97.5,8.6150390625,0.0
3833,-93.75,8.6150390625,0.0
3834,-90.0,8.6150390625,0.0
3835,-116.25,8.632031249999999,0.0
3836,-120.0,8.632031249999999,0.0
3837,-112.5,8.632031249999999,0.0
3838,-108.75,8.632031249999999,0.0
3839,-105.0,8.632031249999999,0.0
3840,-101.25,8.632031249999999,0.0
3841,-97.5,8.632031249999999,0.0
3842,-93.75,8.632031249999999,0.0
3843,-90.0,8.632031249999999,0.0
3844,-86.25,8.6150390625,0.0
3845,-82.5,8.6150390625,0.0
3846,-78.75,8.6150390625,0.0
3847,-75.0,8.6150390625,0.0
3848,-71.25,8.6150390625,0.0
3849,-67.5,8.6150390625,0.0
3850,-63.75,8.6150390625,717062.2083875858
3851,-60.0,8.6150390625,2868248.8335503433
3852,-86.25,8.632031249999999,0.0
3853,-82.5,8.632031249999999,0.0
3854,-78.75,8.632031249999999,0.0
3855,-75.0,8.632031249999999,0.0
3856,-71.25,8.632031249999999,0.0
3857,-67.5,8.632031249999999,0.0
3858,-63.75,8.632031249999999,770758.4739750249
3859,-60.0,8.632031249999999,3083033.8959000995
3860,-56.25,8.581054687499998,4267687.740488917
3861,-52.5,8.581054687499998,40586066.0911624
3862,-48.75,8.581054687499998,94149129.10135357
3863,-45.0,8.581054687499998,147712192.11154473
3864,-41.25,8.581054687499998,653334676.5241053
3865,-37.5,8.581054687499998,1158957160.936666
3866,-33.75,8.581054687499998,2115201008.472281
3867,-30.0,8.581054687499998,3972687582.254005
3868,-56.25,8.598046874999998,4643561.599600988
3869,-52.5,8.598046874999998,42049713.39559947
3870,-48.75,8.598046874999998,97163892.17539698
3871,-45.0,8.598046874999998,152278070.95519447
3872,-41.25,8.598046874999998,652122476.378873
3873,-37.5,8.598046874999998,1151966881.8025513
3874,-33.75,8.598046874999998,2098800489.9962351
3875,-30.0,8.598046874999998,3939612503.72993
3876,-56.25,8.6150390625,5019435.458713101
3877,-52.5,8.6150390625,43513360.700036705
3878,-48.75,8.6150390625,100178655.24944073
3879,-45.0,8.6150390625,156843949.79884475
3880,-41.25,8.6150390625,650910276.2336404
3881,-37.5,8.6150390625,1144976602.6684363
3882,-33.75,8.6150390625,2082399971.5201879
3883,-30.0,8.6150390625,3906537425.2058506
3884,-56.25,8.632031249999999,5395309.317825173
3885,-52.5,8.632031249999999,44977008.004473776
3886,-48.75,8.632031249999999,103193418.32348415
3887,-45.0,8.632031249999999,161409828.6424945
3888,-41.25,8.632031249999999,649698076.0884082
3889,-37.5,8.632031249999999,1137986323.5343218
3890,-33.75,8.632031249999999,2065999453.044142
3891,-30.0,8.632031249999999,3873462346.6817756
3892,-26.25,8.581054687499998,5830174156.03573
3893,-22.5,8.581054687499998,8552766353.985391
3894,-18.75,8.581054687499998,11707911364.019024
3895,-15.0,8.581054687499998,14863056374.052652
3896,-26.25,8.598046874999998,5780424517.463625
3897,-22.5,8.598046874999998,8507678627.744499
3898,-18.75,8.598046874999998,11678153786.298965
3899,-15.0,8.598046874999998,14848628944.853432
3900,-26.25,8.6150390625,5730674878.891514
3901,-22.5,8.6150390625,8462590901.503605
3902,-18.75,8.6150390625,11648396208.57891
3903,-15.0,8.6150390625,14834201515.654213
3904,-26.25,8.632031249999999,5680925240.319408
3905,-22.5,8.632031249999999,8417503175.262713
3906,-18.75,8.632031249999999,11618638630.858854
3907,-15.0,8.632031249999999,14819774086.454994
3908,-11.25,8.581054687499998,30664350837.772724
3909,-7.5,8.581054687499998,46465645301.4928
3910,-11.25,8.598046874999998,30667106860.299393
3911,-7.5,8.598046874999998,46485584775.745346
3912,-3.75,8.581054687499998,56939257239.675934
3913,0.0,8.581054687499998,56757504126.78515
3914,-3.75,8.598046874999998,56941138183.2677
3915,0.0,8.598046874999998,56670842574.942825
3916,-11.25,8.6150390625,30669862882.826065
3917,-7.5,8.6150390625,46505524249.99791
3918,-11.25,8.632031249999999,30672618905.35273
3919,-7.5,8.632031249999999,46525463724.250465
3920,-3.75,8.6150390625,56943019126.85948
3921,0.0,8.6150390625,56584181023.1005
3922,-3.75,8.632031249999999,56944900070.45125
3923,0.0,8.632031249999999,56497519471.25818
3924,-116.25,8.649023437499999,0.0
3925,-120.0,8.649023437499999,0.0
3926,-112.5,8.649023437499999,0.0
3927,-108.75,8.649023437499999,0.0
3928,-105.0,8.649023437499999,0.0
3929,-101.25,8.649023437499999,0.0
3930,-97.5,8.649023437499999,0.0
3931,-93.75,8.649023437499999,0.0
3932,-90.0,8.649023437499999,0.0
3933,-116.25,8.666015625,0.0
3934,-120.0,8.666015625,0.0
3935,-112.5,8.666015625,0.0
3936,-108.75,8.666015625,0.0
3937,-105.0,8.666015625,0.0
3938,-101.25,8.666015625,0.0
3939,-97.5,8.666015625,0.0
3940,-93.75,8.666015625,0.0
3941,-90.0,8.666015625,0.0
3942,-86.25,8.649023437499999,0.0
3943,-82.5,8.649023437499999,0.0
3944,-78.75,8.649023437499999,0.0
3945,-75.0,8.649023437499999,0.0
3946,-71.25,8.649023437499999,0.0
3947,-67.5,8.649023437499999,0.0
3948,-63.75,8.649023437499999,824454.7395624638
3949,-60.0,8.649023437499999,3297818.9582498553
3950,-86.25,8.666015625,0.0
3951,-82.5,8.666015625,0.0
3952,-78.75,8.666015625,0.0
3953,-75.0,8.666015625,0.0
3954,-71.25,8.666015625,0.0
3955,-67.5,8.666015625,0.0
3956,-63.75,8.666015625,878151.0051499085
3957,-60.0,8.666015625,3512604.020599634
3958,-56.25,8.649023437499999,5771183.176937247
3959,-52.5,8.649023437499999,46440655.308910854
3960,-48.75,8.649023437499999,106208181.39752758
3961,-45.0,8.649023437499999,165975707.48614427
3962,-41.25,8.649023437499999,648485875.9431758
3963,-37.5,8.649023437499999,1130996044.4002073
3964,-33.75,8.649023437499999,2049598934.5680962
3965,-30.0,8.649023437499999,3840387268.1577
3966,-56.25,8.666015625,6147057.0360493595
3967,-52.5,8.666015625,47904302.61334808
3968,-48.75,8.666015625,109222944.4715713
3969,-45.0,8.666015625,170541586.32979453
3970,-41.25,8.666015625,647273675.7979434
3971,-37.5,8.666015625,1124005765.266092
3972,-33.75,8.666015625,2033198416.0920491
3973,-30.0,8.666015625,3807312189.633621
3974,-26.25,8.649023437499999,5631175601.747304
3975,-22.5,8.649023437499999,8372415449.021824
3976,-18.75,8.649023437499999,11588881053.138802
3977,-15.0,8.649023437499999,14805346657.25578
3978,-26.25,8.666015625,5581425963.175194
3979,-22.5,8.666015625,8327327722.780929
3980,-18.75,8.666015625,11559123475.418743
3981,-15.0,8.666015625,14790919228.056559
3982,-11.25,8.649023437499999,30675374927.879395
3983,-7.5,8.649023437499999,46545403198.50302
3984,-11.25,8.666015625,30678130950.406067
3985,-7.5,8.666015625,46565342672.75557
3986,-3.75,8.649023437499999,56946781014.04304
3987,0.0,8.649023437499999,56410857919.415855
3988,-3.75,8.666015625,56948661957.63481
3989,0.0,8.666015625,56324196367.573524
3990,-116.25,8.6830078125,0.0
3991,-120.0,8.6830078125,0.0
3992,-112.5,8.6830078125,0.0
3993,-108.75,8.6830078125,0.0
3994,-105.0,8.6830078125,0.0
3995,-101.25,8.6830078125,0.0
3996,-97.5,8.6830078125,0.0
3997,-93.75,8.6830078125,0.0
3998,-90.0,8.6830078125,0.0
3999,-116.25,8.7,0.0
4000,-112.5,8.7,0.0
4001,-108.75,8.7,0.0
4002,-105.0,8.7,0.0
4003,-101.25,8.7,0.0
4004,-97.5,8.7,0.0
4005,-93.75,8.7,0.0
4006,-90.0,8.7,0.0
4007,-86.25,8.6830078125,0.0
4008,-82.5,8.6830078125,0.0
4009,-78.75,8.6830078125,0.0
4010,-75.0,8.6830078125,0.0
4011,-71.25,8.6830078125,0.0
4012,-67.5,8.6830078125,0.0
4013,-63.75,8.6830078125,931847.2707373474
4014,-60.0,8.6830078125,3727389.0829493897
4015,-86.25,8.7,0.0
4016,-82.5,8.7,0.0
4017,-78.75,8.7,0.0
4018,-75.0,8.7,0.0
4019,-71.25,8.7,0.0
4020,-67.5,8.7,0.0
4021,-63.75,8.7,985543.5363247864
4022,-60.0,8.7,3942174.1452991455
4023,-56.25,8.6830078125,6522930.895161431
4024,-52.5,8.6830078125,49367949.91778515
4025,-48.75,8.6830078125,112237707.54561472
4026,-45.0,8.6830078125,175107465.1734443
4027,-41.25,8.6830078125,646061475.652711
4028,-37.5,8.6830078125,1117015486.1319778
4029,-33.75,8.6830078125,2016797897.616003
4030,-30.0,8.6830078125,3774237111.1095457
4031,-56.25,8.7,6898804.754273505
4032,-52.5,8.7,50831597.22222223
4033,-48.75,8.7,115252470.61965813
4034,-45.0,8.7,179673344.01709405
4035,-41.25,8.7,644849275.5074787
4036,-37.5,8.7,1110025206.9978633
4037,-33.75,8.7,2000397379.1399574
4038,-30.0,8.7,3741162032.58547
4039,-26.25,8.6830078125,5531676324.603088
4040,-22.5,8.6830078125,8282239996.540037
4041,-18.75,8.6830078125,11529365897.698689
4042,-15.0,8.6830078125,14776491798.85734
4043,-26.25,8.7,5481926686.030984
4044,-22.5,8.7,8237152270.299147
4045,-18.75,8.7,11499608319.978634
4046,-15.0,8.7,14762064369.658121
4047,-11.25,8.6830078125,30680886972.93273
4048,-7.5,8.6830078125,46585282147.008125
4049,-11.25,8.7,30683642995.459404
4050,-7.5,8.7,46605221621.26068
4051,-3.75,8.6830078125,56950542901.22659
4052,0.0,8.6830078125,56237534815.73121
4053,-3.75,8.7,56952423844.818375
4054,0.0,8.7,56150873263.888885
4055,3.75,0.0169921875,0.0
4056,3.75,-0.0,0.0
4057,3.75,0.033984375,0.0
4058,7.5,0.0169921875,0.0
4059,7.5,-0.0,0.0
4060,7.5,0.033984375,0.0
4061,3.75,0.0509765625,0.0
4062,3.75,0.06796875,0.0
4063,7.5,0.0509765625,0.0
4064,7.5,0.06796875,0.0
4065,3.75,0.0849609375,0.0
4066,7.5,0.0849609375,0.0
4067,3.75,0.09345703124999999,0.0
4068,3.75,0.101953125,45564698208.21387
4069,7.5,0.09345703124999999,0.0
4070,7.5,0.101953125,37793046885.30294
4071,3.75,0.11044921875,45213163358.65575
4072,3.75,0.1189453125,44861628509.09762
4073,7.5,0.11044921875,37441148312.33228
4074,7.5,0.1189453125,37089249739.361626
4075,3.75,0.12744140625,44510093659.539505
4076,3.75,0.1359375,44158558809.981384
4077,7.5,0.12744140625,36737351166.39096
4078,7.5,0.1359375,36385452593.42031
4079,3.75,0.14443359375,43807023960.42327
4080,3.75,0.1529296875,43455489110.865135
4081,7.5,0.14443359375,36033554020.449646
4082,7.5,0.1529296875,35681655447.47898
4083,3.75,0.16142578125,43103954261.30702
4084,3.75,0.169921875,42752419411.7489
4085,7.5,0.16142578125,35329756874.50833
4086,7.5,0.169921875,34977858301.537674
4087,3.75,0.17841796875,42400884562.19078
4088,3.75,0.1869140625,42049349712.63266
4089,7.5,0.17841796875,34625959728.56701
4090,7.5,0.1869140625,34274061155.596355
4091,3.75,0.19541015625,41697814863.07454
4092,3.75,0.2,41507905231.704056
4093,3.75,0.20390625,41346280013.51642
4094,7.5,0.19541015625,33922162582.62569
4095,7.5,0.2,33732056456.997864
4096,7.5,0.20390625,33570264009.655033
4097,3.75,0.21240234375,40994745163.9583
4098,3.75,0.2208984375,40643210314.40018
4099,7.5,0.21240234375,33218365436.684372
4100,7.5,0.2208984375,32866466863.713715
4101,3.75,0.22939453125,40291675464.84206
4102,3.75,0.237890625,39940140615.283936
4103,7.5,0.22939453125,32514568290.743053
4104,7.5,0.237890625,32162669717.772392
4105,3.75,0.24638671875,39588605765.725815
4106,3.75,0.2548828125,39237070916.167694
4107,7.5,0.24638671875,31810771144.801735
4108,7.5,0.2548828125,31458872571.831078
4109,3.75,0.26337890625,38885536066.60957
4110,3.75,0.271875,38534001217.05145
4111,7.5,0.26337890625,31106973998.86042
4112,7.5,0.271875,30755075425.889755
4113,3.75,0.28037109375,38182466367.49333
4114,3.75,0.2888671875,37830931517.9352
4115,7.5,0.28037109375,30403176852.919094
4116,7.5,0.2888671875,30051278279.94844
4117,3.75,0.29736328125,37479396668.37708
4118,3.75,0.305859375,37363196591.76035
4119,7.5,0.29736328125,29699379706.97778
4120,7.5,0.305859375,29574347283.909466
4121,3.75,0.3228515625,37342597734.17416
4122,7.5,0.3228515625,29528461972.684937
4123,3.75,0.33984375,37321998876.58796
4124,7.5,0.33984375,29482576661.46042
4125,3.75,0.373828125,37280801161.41556
4126,7.5,0.373828125,29390806039.01137
4127,3.75,0.4078125,37239603446.24315
4128,7.5,0.4078125,29299035416.56233
4129,3.75,0.4757812499999999,37157208015.89835
4130,7.5,0.4757812499999999,29115494171.664246
4131,3.75,0.54375,37057323986.086075
4132,7.5,0.54375,29029690634.181355
4133,3.75,0.6796875,36838193548.47965
4134,7.5,0.6796875,28966293163.853832
4135,3.75,0.8156249999999999,37746860933.74399
4136,7.5,0.8156249999999999,29667108847.07198
4137,3.75,1.0875,38017513296.27404
4138,7.5,1.0875,29625760276.859642
4139,3.75,1.359375,40341025590.42385
4140,3.75,1.63125,40295154419.98865
4141,7.5,1.359375,31892017491.52812
4142,7.5,1.63125,31715913824.410725
4143,3.75,1.903125,39966814150.03589
4144,3.75,2.175,41182856553.81944
4145,7.5,1.903125,31496488140.39964
4146,7.5,2.175,32500913243.689907
4147,3.75,2.446875,42002259045.72315
4148,3.75,2.71875,43505470517.4112
4149,7.5,2.446875,33281256745.793266
4150,7.5,2.71875,34655182557.71735
4151,3.75,2.990625,44570994635.687935
4152,3.75,3.2625,45030227770.68309
4153,7.5,2.990625,35426310289.37968
4154,7.5,3.2625,35706366917.06731
4155,3.75,3.534375,47117773211.98291
4156,3.75,3.806249999999999,47617811429.01559
4157,7.5,3.534375,37463805932.19985
4158,7.5,3.806249999999999,37805029707.94938
4159,3.75,4.078125,47982632775.35724
4160,3.75,4.35,48714793129.84107
4161,7.5,4.078125,38127898723.374054
4162,7.5,4.35,38926074976.62927
4163,11.25,0.0169921875,0.0
4164,11.25,-0.0,0.0
4165,11.25,0.033984375,0.0
4166,15.0,0.0169921875,0.0
4167,15.0,-0.0,0.0
4168,15.0,0.033984375,0.0
4169,11.25,0.0509765625,0.0
4170,11.25,0.06796875,0.0
4171,15.0,0.0509765625,0.0
4172,15.0,0.06796875,0.0
4173,11.25,0.0849609375,0.0
4174,15.0,0.0849609375,0.0
4175,11.25,0.09345703124999999,0.0
4176,11.25,0.101953125,20817060294.06164
4177,15.0,0.09345703124999999,0.0
4178,15.0,0.101953125,3841073702.820346
4179,11.25,0.11044921875,20650973414.57595
4180,11.25,0.1189453125,20484886535.090256
4181,15.0,0.11044921875,3860798516.819619
4182,15.0,0.1189453125,3880523330.8188934
4183,11.25,0.12744140625,20318799655.60457
4184,11.25,0.1359375,20152712776.118877
4185,15.0,0.12744140625,3900248144.8181667
4186,15.0,0.1359375,3919972958.817441
4187,11.25,0.14443359375,19986625896.63318
4188,11.25,0.1529296875,19820539017.147488
4189,15.0,0.14443359375,3939697772.8167152
4190,15.0,0.1529296875,3959422586.8159885
4191,11.25,0.16142578125,19654452137.661797
4192,11.25,0.169921875,19488365258.176105
4193,15.0,0.16142578125,3979147400.815263
4194,15.0,0.169921875,3998872214.814536
4195,11.25,0.17841796875,19322278378.69041
4196,11.25,0.1869140625,19156191499.20472
4197,15.0,0.17841796875,4018597028.81381
4198,15.0,0.1869140625,4038321842.8130836
4199,11.25,0.19541015625,18990104619.71902
4200,11.25,0.2,18900379523.904915
4201,11.25,0.20390625,18824017740.23333
4202,15.0,0.19541015625,4058046656.812358
4203,15.0,0.2,4068702590.8119655
4204,15.0,0.20390625,4077771470.8116317
4205,11.25,0.21240234375,18657930860.74764
4206,11.25,0.2208984375,18491843981.261948
4207,15.0,0.21240234375,4097496284.8109055
4208,15.0,0.2208984375,4117221098.810179
4209,11.25,0.22939453125,18325757101.776253
4210,11.25,0.237890625,18159670222.29056
4211,15.0,0.22939453125,4136945912.809453
4212,15.0,0.237890625,4156670726.8087273
4213,11.25,0.24638671875,17993583342.804867
4214,11.25,0.2548828125,17827496463.319176
4215,15.0,0.24638671875,4176395540.808001
4216,15.0,0.2548828125,4196120354.807275
4217,11.25,0.26337890625,17661409583.83348
4218,11.25,0.271875,17495322704.34779
4219,15.0,0.26337890625,4215845168.806548
4220,15.0,0.271875,4235569982.805822
4221,11.25,0.28037109375,17329235824.862095
4222,11.25,0.2888671875,17163148945.376406
4223,15.0,0.28037109375,4255294796.8050957
4224,15.0,0.2888671875,4275019610.80437
4225,11.25,0.29736328125,16997062065.89071
4226,11.25,0.305859375,16940348590.100933
4227,15.0,0.29736328125,4294744424.8036437
4228,15.0,0.305859375,4306349896.2924
4229,11.25,0.3228515625,16925357701.847692
4230,15.0,0.3228515625,4322253431.010449
4231,11.25,0.33984375,16910366813.59446
4232,15.0,0.33984375,4338156965.728498
4233,11.25,0.373828125,16880385037.087984
4234,15.0,0.373828125,4369964035.164597
4235,11.25,0.4078125,16850403260.581512
4236,15.0,0.4078125,4401771104.600695
4237,11.25,0.4757812499999999,16790439707.568567
4238,15.0,0.4757812499999999,4465385243.472889
4239,11.25,0.54375,16801842195.429354
4240,15.0,0.54375,4573993756.67735
4241,11.25,0.6796875,16903659573.54684
4242,15.0,0.6796875,4841025983.23985
4243,11.25,0.8156249999999999,17443909255.85103
4244,15.0,0.8156249999999999,5220709664.6300745
4245,11.25,1.0875,17493723508.655514
4246,15.0,1.0875,5361686740.451388
4247,11.25,1.359375,18768322913.01499
4248,11.25,1.63125,18788056458.56287
4249,15.0,1.359375,5644628334.50187
4250,15.0,1.63125,5860199092.715011
4251,11.25,1.903125,19187327810.434196
4252,11.25,2.175,19732940260.667065
4253,15.0,1.903125,6878167480.46875
4254,15.0,2.175,6964967277.644231
4255,11.25,2.446875,20273983373.397434
4256,11.25,2.71875,21284147399.902344
4257,15.0,2.446875,7266710001.001603
4258,15.0,2.71875,7913112242.08734
4259,11.25,2.990625,21613577550.121864
4260,11.25,3.2625,21741623347.355766
4261,15.0,2.990625,7800844810.86405
4262,15.0,3.2625,7776879777.644231
4263,11.25,3.534375,22852227082.602993
4264,11.25,3.806249999999999,23056374976.003273
4265,15.0,3.534375,8240648233.006143
4266,15.0,3.806249999999999,8307720244.057159
4267,11.25,4.078125,23250856127.095016
4268,11.25,4.35,24154640366.252674
4269,15.0,4.078125,8373813530.815971
4270,15.0,4.35,9383205755.876068
4271,18.75,0.0169921875,0.0
4272,18.75,-0.0,0.0
4273,18.75,0.033984375,0.0
4274,22.5,0.0169921875,0.0
4275,22.5,-0.0,0.0
4276,22.5,0.033984375,0.0
4277,18.75,0.0509765625,0.0
4278,18.75,0.06796875,0.0
4279,22.5,0.0509765625,0.0
4280,22.5,0.06796875,0.0
4281,18.75,0.0849609375,0.0
4282,22.5,0.0849609375,0.0
4283,18.75,0.09345703124999999,0.0
4284,18.75,0.101953125,3074954817.4866247
4285,22.5,0.09345703124999999,0.0
4286,22.5,0.101953125,2308835932.152903
4287,18.75,0.11044921875,3097025881.7265177
4288,18.75,0.1189453125,3119096945.966411
4289,22.5,0.11044921875,2333253246.6334157
4290,22.5,0.1189453125,2357670561.113928
4291,18.75,0.12744140625,3141168010.206304
4292,18.75,0.1359375,3163239074.4461975
4293,22.5,0.12744140625,2382087875.5944405
4294,22.5,0.1359375,2406505190.0749536
4295,18.75,0.14443359375,3185310138.68609
4296,18.75,0.1529296875,3207381202.925984
4297,22.5,0.14443359375,2430922504.555466
4298,22.5,0.1529296875,2455339819.0359783
4299,18.75,0.16142578125,3229452267.1658773
4300,18.75,0.169921875,3251523331.40577
4301,22.5,0.16142578125,2479757133.5164914
4302,22.5,0.169921875,2504174447.9970036
4303,18.75,0.17841796875,3273594395.645663
4304,18.75,0.1869140625,3295665459.8855567
4305,22.5,0.17841796875,2528591762.477516
4306,22.5,0.1869140625,2553009076.958029
4307,18.75,0.19541015625,3317736524.125449
4308,18.75,0.2,3329659972.6228633
4309,18.75,0.20390625,3339807588.365342
4310,22.5,0.19541015625,2577426391.4385414
4311,22.5,0.2,2590617354.4337606
4312,22.5,0.20390625,2601843705.919054
4313,18.75,0.21240234375,3361878652.605236
4314,18.75,0.2208984375,3383949716.845129
4315,22.5,0.21240234375,2626261020.399566
4316,22.5,0.2208984375,2650678334.880079
4317,18.75,0.22939453125,3406020781.0850224
4318,18.75,0.237890625,3428091845.3249154
4319,22.5,0.22939453125,2675095649.360592
4320,22.5,0.237890625,2699512963.8411045
4321,18.75,0.24638671875,3450162909.564809
4322,18.75,0.2548828125,3472233973.8047013
4323,22.5,0.24638671875,2723930278.3216166
4324,22.5,0.2548828125,2748347592.802129
4325,18.75,0.26337890625,3494305038.0445952
4326,18.75,0.271875,3516376102.2844877
4327,22.5,0.26337890625,2772764907.2826414
4328,22.5,0.271875,2797182221.763154
4329,18.75,0.28037109375,3538447166.5243816
4330,18.75,0.2888671875,3560518230.764275
4331,22.5,0.28037109375,2821599536.2436666
4332,22.5,0.2888671875,2846016850.7241793
4333,18.75,0.29736328125,3582589295.0041676
4334,18.75,0.305859375,3590876572.763818
4335,22.5,0.29736328125,2870434165.204692
4336,22.5,0.305859375,2875403249.2352343
4337,18.75,0.3228515625,3595045720.4508977
4338,22.5,0.3228515625,2867838009.8913465
4339,18.75,0.33984375,3599214868.137979
4340,22.5,0.33984375,2860272770.547459
4341,18.75,0.373828125,3607553163.5121403
4342,22.5,0.373828125,2845142291.8596835
4343,18.75,0.4078125,3615891458.8863015
4344,22.5,0.4078125,2830011813.1719084
4345,18.75,0.4757812499999999,3632568049.6346235
4346,22.5,0.4757812499999999,2799750855.796357
4347,18.75,0.54375,3726957893.0455394
4348,22.5,0.54375,2879922029.4137287
4349,18.75,0.6796875,4001777252.4581
4350,22.5,0.6796875,3162528521.6763487
4351,18.75,0.8156249999999999,4340403221.19558
4352,22.5,0.8156249999999999,3460096777.761084
4353,18.75,1.0875,4365514198.759682
4354,22.5,1.0875,3369341657.067976
4355,18.75,1.359375,4560829692.612347
4356,18.75,1.63125,4851960060.576089
4357,22.5,1.359375,3477031050.7228236
4358,22.5,1.63125,3843721028.437166
4359,18.75,1.903125,5566968776.605068
4360,18.75,2.175,5653082513.2712345
4361,22.5,1.903125,4255770072.741386
4362,22.5,2.175,4341197748.898237
4363,18.75,2.446875,6045250101.725261
4364,18.75,2.71875,6297839886.005109
4365,22.5,2.446875,4823790202.448917
4366,22.5,2.71875,4682567529.922876
4367,18.75,2.990625,6267741272.7029915
4368,18.75,3.2625,6378993095.202324
4369,22.5,2.990625,4734637734.541934
4370,22.5,3.2625,4981106412.760416
4371,18.75,3.534375,6691660428.456364
4372,18.75,3.806249999999999,6711087108.227331
4373,22.5,3.534375,5142672623.906583
4374,22.5,3.806249999999999,5114453972.397503
4375,18.75,4.078125,6927868104.38368
4376,18.75,4.35,7535249190.371261
4377,22.5,4.078125,5481922677.951389
4378,22.5,4.35,5687292624.866452
4379,26.25,0.0169921875,0.0
4380,26.25,-0.0,0.0
4381,26.25,0.033984375,0.0
4382,30.0,0.0169921875,0.0
4383,30.0,-0.0,0.0
4384,30.0,0.033984375,0.0
4385,26.25,0.0509765625,0.0
4386,26.25,0.06796875,0.0
4387,30.0,0.0509765625,0.0
4388,30.0,0.06796875,0.0
4389,26.25,0.0849609375,0.0
4390,30.0,0.0849609375,0.0
4391,26.25,0.09345703124999999,0.0
4392,26.25,0.101953125,1633898909.0226653
4393,30.0,0.09345703124999999,0.0
4394,30.0,0.101953125,1141325610.2993958
4395,26.25,0.11044921875,1656809478.7760677
4396,26.25,0.1189453125,1679720048.5294702
4397,30.0,0.11044921875,1155023445.3902285
4398,30.0,0.1189453125,1168721280.4810615
4399,26.25,0.12744140625,1702630618.2828722
4400,26.25,0.1359375,1725541188.036275
4401,30.0,0.12744140625,1182419115.5718944
4402,30.0,0.1359375,1196116950.6627269
4403,26.25,0.14443359375,1748451757.7896771
4404,26.25,0.1529296875,1771362327.5430791
4405,30.0,0.14443359375,1209814785.75356
4406,30.0,0.1529296875,1223512620.8443928
4407,26.25,0.16142578125,1794272897.296482
4408,26.25,0.169921875,1817183467.049884
4409,30.0,0.16142578125,1237210455.9352255
4410,30.0,0.169921875,1250908291.0260584
4411,26.25,0.17841796875,1840094036.8032863
4412,26.25,0.1869140625,1863004606.5566888
4413,30.0,0.17841796875,1264606126.1168911
4414,30.0,0.1869140625,1278303961.207724
4415,26.25,0.19541015625,1885915176.310091
4416,26.25,0.2,1898292150.7745728
4417,26.25,0.20390625,1908825746.0634933
4418,30.0,0.19541015625,1292001796.2985568
4419,30.0,0.2,1299401776.1752136
4420,30.0,0.20390625,1305699631.3893895
4421,26.25,0.21240234375,1931736315.8168955
4422,26.25,0.2208984375,1954646885.5702977
4423,30.0,0.21240234375,1319397466.4802227
4424,30.0,0.2208984375,1333095301.5710552
4425,26.25,0.22939453125,1977557455.3237002
4426,26.25,0.237890625,2000468025.0771024
4427,30.0,0.22939453125,1346793136.6618881
4428,30.0,0.237890625,1360490971.752721
4429,26.25,0.24638671875,2023378594.830505
4430,26.25,0.2548828125,2046289164.5839071
4431,30.0,0.24638671875,1374188806.8435535
4432,30.0,0.2548828125,1387886641.9343867
4433,26.25,0.26337890625,2069199734.3373096
4434,26.25,0.271875,2092110304.0907116
4435,30.0,0.26337890625,1401584477.0252194
4436,30.0,0.271875,1415282312.1160522
4437,26.25,0.28037109375,2115020873.8441143
4438,26.25,0.2888671875,2137931443.5975165
4439,30.0,0.28037109375,1428980147.206885
4440,30.0,0.2888671875,1442677982.297718
4441,26.25,0.29736328125,2160842013.3509183
4442,26.25,0.305859375,2164144521.7295585
4443,30.0,0.29736328125,1456375817.3885508
4444,30.0,0.305859375,1461314986.2696981
4445,26.25,0.3228515625,2153102283.249553
4446,30.0,0.3228515625,1463310524.4432757
4447,26.25,0.33984375,2142060044.7695482
4448,30.0,0.33984375,1465306062.6168535
4449,26.25,0.373828125,2119975567.8095367
4450,30.0,0.373828125,1469297138.9640088
4451,26.25,0.4078125,2097891090.8495257
4452,30.0,0.4078125,1473288215.3111646
4453,26.25,0.4757812499999999,2053722136.9295042
4454,30.0,0.4757812499999999,1481270368.0054755
4455,26.25,0.54375,2118232867.379474
4456,30.0,0.54375,1527237108.5403314
4457,26.25,0.6796875,2367578264.5461907
4458,30.0,0.6796875,1661224954.7192173
4459,26.25,0.8156249999999999,2605095570.099659
4460,30.0,0.8156249999999999,1800704833.984375
4461,26.25,1.0875,2473883372.771435
4462,30.0,1.0875,1779853603.2652245
4463,26.25,1.359375,2515023852.7998967
4464,26.25,1.63125,2883568953.8678555
4465,30.0,1.359375,1796599542.810163
4466,30.0,1.63125,2019590794.437767
4467,26.25,1.903125,3068446426.626352
4468,26.25,2.175,3147569746.594551
4469,30.0,1.903125,2128872896.0086138
4470,30.0,2.175,2190455268.429487
4471,26.25,2.446875,3631609885.347806
4472,26.25,2.71875,3273905060.596955
4473,30.0,2.446875,2497988732.597155
4474,30.0,2.71875,2278462364.7836537
4475,26.25,2.990625,3384211579.4646435
4476,26.25,3.2625,3681561926.165198
4477,30.0,2.990625,2399140190.5548882
4478,30.0,3.2625,2578701831.263355
4479,26.25,3.534375,3726946513.2754073
4480,26.25,3.806249999999999,3702901736.4241114
4481,30.0,3.534375,2577743790.4814367
4482,30.0,3.806249999999999,2661511300.1635942
4483,26.25,4.078125,4130760466.955463
4484,26.25,4.35,4064157354.2668266
4485,30.0,4.078125,2969164686.832266
4486,30.0,4.35,2890664673.477564
4487,33.75,0.0169921875,0.0
4488,33.75,-0.0,0.0
4489,33.75,0.033984375,0.0
4490,37.5,0.0169921875,0.0
4491,37.5,-0.0,0.0
4492,37.5,0.033984375,0.0
4493,33.75,0.0509765625,0.0
4494,33.75,0.06796875,0.0
4495,37.5,0.0509765625,0.0
4496,37.5,0.06796875,0.0
4497,33.75,0.0849609375,0.0
4498,37.5,0.0849609375,0.0
4499,33.75,0.09345703124999999,0.0
4500,33.75,0.101953125,648752311.576126
4501,37.5,0.09345703124999999,0.0
4502,37.5,0.101953125,370331806.97188413
4503,33.75,0.11044921875,653237412.0043893
4504,33.75,0.1189453125,657722512.4326527
4505,37.5,0.11044921875,371423879.2386829
4506,37.5,0.1189453125,372515951.5054816
4507,33.75,0.12744140625,662207612.860916
4508,33.75,0.1359375,666692713.2891793
4509,37.5,0.12744140625,373608023.7722804
4510,37.5,0.1359375,374700096.0390792
4511,33.75,0.14443359375,671177813.7174428
4512,33.75,0.1529296875,675662914.145706
4513,37.5,0.14443359375,375792168.3058779
4514,37.5,0.1529296875,376884240.57267666
4515,33.75,0.16142578125,680148014.5739695
4516,33.75,0.169921875,684633115.0022328
4517,37.5,0.16142578125,377976312.83947545
4518,37.5,0.169921875,379068385.1062742
4519,33.75,0.17841796875,689118215.430496
4520,33.75,0.1869140625,693603315.8587595
4521,37.5,0.17841796875,380160457.3730729
4522,37.5,0.1869140625,381252529.6398717
4523,33.75,0.19541015625,698088416.2870228
4524,33.75,0.2,700511401.5758547
4525,33.75,0.20390625,702573516.7152861
4526,37.5,0.19541015625,382344601.90667045
4527,37.5,0.2,382934571.9818376
4528,37.5,0.20390625,383436674.1734692
4529,33.75,0.21240234375,707058617.1435494
4530,33.75,0.2208984375,711543717.5718127
4531,37.5,0.21240234375,384528746.440268
4532,37.5,0.2208984375,385620818.7070667
4533,33.75,0.22939453125,716028818.0000762
4534,33.75,0.237890625,720513918.4283395
4535,37.5,0.22939453125,386712890.97386545
4536,37.5,0.237890625,387804963.24066424
4537,33.75,0.24638671875,724999018.8566029
4538,33.75,0.2548828125,729484119.2848662
4539,37.5,0.24638671875,388897035.507463
4540,37.5,0.2548828125,389989107.7742618
4541,33.75,0.26337890625,733969219.7131295
4542,33.75,0.271875,738454320.1413928
4543,37.5,0.26337890625,391081180.04106045
4544,37.5,0.271875,392173252.3078592
4545,33.75,0.28037109375,742939420.5696561
4546,33.75,0.2888671875,747424520.9979196
4547,37.5,0.28037109375,393265324.57465804
4548,37.5,0.2888671875,394357396.8414567
4549,33.75,0.29736328125,751909621.426183
4550,33.75,0.305859375,758485450.8098373
4551,37.5,0.29736328125,395449469.1082555
4552,37.5,0.305859375,400862297.16243905
4553,33.75,0.3228515625,773518765.6369983
4554,37.5,0.3228515625,415576633.4794525
4555,33.75,0.33984375,788552080.4641594
4556,37.5,0.33984375,430290969.796466
4557,33.75,0.373828125,818618710.1184812
4558,37.5,0.373828125,459719642.43049294
4559,33.75,0.4078125,848685339.7728031
4560,37.5,0.4078125,489148315.0645199
4561,33.75,0.4757812499999999,908818599.0814469
4562,37.5,0.4757812499999999,548005660.3325737
4563,33.75,0.54375,936241349.7011887
4564,37.5,0.54375,565780670.3225161
4565,33.75,0.6796875,954871644.8922442
4566,37.5,0.6796875,555846676.2444912
4567,33.75,0.8156249999999999,996314097.8690906
4568,37.5,0.8156249999999999,559280135.8214811
4569,33.75,1.0875,1085823833.7590144
4570,37.5,1.0875,662340748.1136483
4571,33.75,1.359375,1078175232.8204293
4572,33.75,1.63125,1155612635.007679
4573,37.5,1.359375,650647104.3252538
4574,37.5,1.63125,673246393.1874331
4575,33.75,1.903125,1189299365.3908753
4576,33.75,2.175,1233340790.264423
4577,37.5,1.903125,671659810.801449
4578,37.5,2.175,710019232.4385682
4579,33.75,2.446875,1364367579.8465042
4580,33.75,2.71875,1283019668.9703524
4581,37.5,2.446875,763173348.0861043
4582,37.5,2.71875,728717117.6254923
4583,33.75,2.990625,1414068801.6451323
4584,33.75,3.2625,1475841736.3615117
4585,37.5,2.990625,834211642.3731095
4586,37.5,3.2625,846155327.2736378
4587,33.75,3.534375,1428541067.6874666
4588,33.75,3.806249999999999,1620120863.9030776
4589,37.5,3.534375,796503807.5504138
4590,37.5,3.806249999999999,972733257.1698043
4591,33.75,4.078125,1807568906.7090683
4592,33.75,4.35,1717171992.6883008
4593,37.5,4.078125,1088699062.7712674
4594,37.5,4.35,1021524270.4994658
4595,41.25,0.0169921875,0.0
4596,41.25,-0.0,0.0
4597,41.25,0.033984375,0.0
4598,45.0,0.0169921875,0.0
4599,45.0,-0.0,0.0
4600,45.0,0.033984375,0.0
4601,41.25,0.0509765625,0.0
4602,41.25,0.06796875,0.0
4603,45.0,0.0509765625,0.0
4604,45.0,0.06796875,0.0
4605,41.25,0.0849609375,0.0
4606,45.0,0.0849609375,0.0
4607,41.25,0.09345703124999999,0.0
4608,41.25,0.101953125,198987699.42715636
4609,45.0,0.09345703124999999,0.0
4610,45.0,0.101953125,27643591.882428553
4611,41.25,0.11044921875,199596596.78304297
4612,41.25,0.1189453125,200205494.13892955
4613,45.0,0.11044921875,27769314.327403013
4614,45.0,0.1189453125,27895036.772377472
4615,41.25,0.12744140625,200814391.49481615
4616,41.25,0.1359375,201423288.85070276
4617,45.0,0.12744140625,28020759.21735193
4618,45.0,0.1359375,28146481.662326388
4619,41.25,0.14443359375,202032186.2065894
4620,41.25,0.1529296875,202641083.562476
4621,45.0,0.14443359375,28272204.107300848
4622,45.0,0.1529296875,28397926.552275304
4623,41.25,0.16142578125,203249980.91836262
4624,41.25,0.169921875,203858878.27424923
4625,45.0,0.16142578125,28523648.997249767
4626,45.0,0.169921875,28649371.442224223
4627,41.25,0.17841796875,204467775.6301358
4628,41.25,0.1869140625,205076672.98602244
4629,45.0,0.17841796875,28775093.88719868
4630,45.0,0.1869140625,28900816.332173143
4631,41.25,0.19541015625,205685570.34190902
4632,41.25,0.2,206014514.89049143
4633,41.25,0.20390625,206294467.69779566
4634,45.0,0.19541015625,29026538.7771476
4635,45.0,0.2,29094457.799145296
4636,45.0,0.20390625,29152261.22212206
4637,41.25,0.21240234375,206903365.05368224
4638,41.25,0.2208984375,207512262.40956885
4639,45.0,0.21240234375,29277983.667096518
4640,45.0,0.2208984375,29403706.112070978
4641,41.25,0.22939453125,208121159.76545542
4642,41.25,0.237890625,208730057.12134203
4643,45.0,0.22939453125,29529428.557045434
4644,45.0,0.237890625,29655151.002019893
4645,41.25,0.24638671875,209338954.47722867
4646,41.25,0.2548828125,209947851.83311528
4647,45.0,0.24638671875,29780873.446994353
4648,45.0,0.2548828125,29906595.89196881
4649,41.25,0.26337890625,210556749.18900186
4650,41.25,0.271875,211165646.54488847
4651,45.0,0.26337890625,30032318.33694327
4652,45.0,0.271875,30158040.78191773
4653,41.25,0.28037109375,211774543.90077507
4654,41.25,0.2888671875,212383441.25666168
4655,45.0,0.28037109375,30283763.22689219
4656,45.0,0.2888671875,30409485.671866648
4657,41.25,0.29736328125,212992338.61254832
4658,41.25,0.305859375,215842334.42127192
4659,45.0,0.29736328125,30535208.116841108
4660,45.0,0.305859375,30822371.68010483
4661,41.25,0.3228515625,223559314.64627254
4662,45.0,0.3228515625,31541995.813092608
4663,41.25,0.33984375,231276294.87127322
4664,45.0,0.33984375,32261619.946080394
4665,41.25,0.373828125,246710255.32127446
4666,45.0,0.373828125,33700868.21205595
4667,41.25,0.4078125,262144215.7712757
4668,45.0,0.4078125,35140116.478031516
4669,41.25,0.4757812499999999,293012136.6712781
4670,45.0,0.4757812499999999,38018613.00998264
4671,41.25,0.54375,305587530.6740785
4672,45.0,0.54375,45394391.025641024
4673,41.25,0.6796875,310485878.18634814
4674,45.0,0.6796875,65125080.128205135
4675,41.25,0.8156249999999999,305924560.807709
4676,45.0,0.8156249999999999,52568985.793936975
4677,41.25,1.0875,374131004.39870447
4678,45.0,1.0875,85921260.68376064
4679,41.25,1.359375,368567066.5773571
4680,41.25,1.63125,381686110.1721087
4681,45.0,1.359375,86487028.82946046
4682,45.0,1.63125,90125827.15678418
4683,41.25,1.903125,364987244.2261786
4684,41.25,2.175,403594134.78231835
4685,45.0,1.903125,58314677.650908135
4686,45.0,2.175,97169037.12606835
4687,41.25,2.446875,428192576.82083
4688,41.25,2.71875,394984638.5148529
4689,45.0,2.446875,93211805.55555558
4690,45.0,2.71875,61252159.40421336
4691,41.25,2.990625,456961597.9199532
4692,41.25,3.2625,453055761.0927484
4693,45.0,2.990625,79711553.46679685
4694,45.0,3.2625,59956194.91185902
4695,41.25,3.534375,423049278.74182016
4696,41.25,3.806249999999999,522347065.2001531
4697,45.0,3.534375,49594749.933226496
4698,45.0,3.806249999999999,71960873.23050195
4699,41.25,4.078125,591192186.9261652
4700,41.25,4.35,564799027.6108439
4701,45.0,4.078125,93685311.08106303
4702,45.0,4.35,108073784.72222221
4703,48.75,0.0169921875,0.0
4704,48.75,-0.0,0.0
4705,48.75,0.033984375,0.0
4706,52.5,0.0169921875,0.0
4707,52.5,-0.0,0.0
4708,52.5,0.033984375,0.0
4709,48.75,0.0509765625,0.0
4710,48.75,0.06796875,0.0
4711,52.5,0.0509765625,0.0
4712,52.5,0.06796875,0.0
4713,48.75,0.0849609375,0.0
4714,52.5,0.0849609375,0.0
4715,48.75,0.09345703124999999,0.0
4716,48.75,0.101953125,17277244.926517844
4717,52.5,0.09345703124999999,0.0
4718,52.5,0.101953125,6910897.970607138
4719,48.75,0.11044921875,17355821.45462688
4720,48.75,0.1189453125,17434397.982735917
4721,52.5,0.11044921875,6942328.581850753
4722,52.5,0.1189453125,6973759.193094368
4723,48.75,0.12744140625,17512974.510844953
4724,48.75,0.1359375,17591551.03895399
4725,52.5,0.12744140625,7005189.804337982
4726,52.5,0.1359375,7036620.415581597
4727,48.75,0.14443359375,17670127.56706303
4728,48.75,0.1529296875,17748704.095172066
4729,52.5,0.14443359375,7068051.026825212
4730,52.5,0.1529296875,7099481.638068826
4731,48.75,0.16142578125,17827280.623281106
4732,48.75,0.169921875,17905857.15139014
4733,52.5,0.16142578125,7130912.249312442
4734,52.5,0.169921875,7162342.860556056
4735,48.75,0.17841796875,17984433.679499175
4736,48.75,0.1869140625,18063010.207608216
4737,52.5,0.17841796875,7193773.47179967
4738,52.5,0.1869140625,7225204.083043286
4739,48.75,0.19541015625,18141586.735717252
4740,48.75,0.2,18184036.12446581
4741,48.75,0.20390625,18220163.26382629
4742,52.5,0.19541015625,7256634.6942869
4743,52.5,0.2,7273614.449786324
4744,52.5,0.20390625,7288065.305530515
4745,48.75,0.21240234375,18298739.791935325
4746,48.75,0.2208984375,18377316.32004436
4747,52.5,0.21240234375,7319495.9167741295
4748,52.5,0.2208984375,7350926.528017744
4749,48.75,0.22939453125,18455892.848153397
4750,48.75,0.237890625,18534469.376262434
4751,52.5,0.22939453125,7382357.139261358
4752,52.5,0.237890625,7413787.750504973
4753,48.75,0.24638671875,18613045.90437147
4754,48.75,0.2548828125,18691622.432480507
4755,52.5,0.24638671875,7445218.361748588
4756,52.5,0.2548828125,7476648.972992202
4757,48.75,0.26337890625,18770198.960589543
4758,48.75,0.271875,18848775.48869858
4759,52.5,0.26337890625,7508079.584235817
4760,52.5,0.271875,7539510.195479432
4761,48.75,0.28037109375,18927352.01680762
4762,48.75,0.2888671875,19005928.544916656
4763,52.5,0.28037109375,7570940.806723047
4764,52.5,0.2888671875,7602371.417966662
4765,48.75,0.29736328125,19084505.07302569
4766,48.75,0.305859375,19263982.300065517
4767,52.5,0.29736328125,7633802.029210277
4768,52.5,0.305859375,7705592.920026207
4769,48.75,0.3228515625,19713747.38318288
4770,52.5,0.3228515625,7885498.953273152
4771,48.75,0.33984375,20163512.466300245
4772,52.5,0.33984375,8065404.9865200985
4773,48.75,0.373828125,21063042.632534973
4774,52.5,0.373828125,8425217.053013988
4775,48.75,0.4078125,21962572.798769698
4776,52.5,0.4078125,8785029.119507879
4777,48.75,0.4757812499999999,23761633.131239146
4778,52.5,0.4757812499999999,9504653.25249566
4779,48.75,0.54375,28371494.39102564
4780,52.5,0.54375,11348597.756410256
4781,48.75,0.6796875,40703175.0801282
4782,52.5,0.6796875,16281270.032051284
4783,48.75,0.8156249999999999,32855616.121210605
4784,52.5,0.8156249999999999,13142246.448484244
4785,48.75,1.0875,53700787.927350394
4786,52.5,1.0875,21480315.17094016
4787,48.75,1.359375,54054393.018412784
4788,48.75,1.63125,56328641.97299011
4789,52.5,1.359375,21621757.207365114
4790,52.5,1.63125,22531456.789196044
4791,48.75,1.903125,36446673.531817585
4792,48.75,2.175,60730648.20379272
4793,52.5,1.903125,14578669.412727034
4794,52.5,2.175,24292259.28151709
4795,48.75,2.446875,58257378.47222224
4796,48.75,2.71875,38282599.62763335
4797,52.5,2.446875,23302951.388888896
4798,52.5,2.71875,15313039.85105334
4799,48.75,2.990625,49819720.916748025
4800,48.75,3.2625,37472621.81991189
4801,52.5,2.990625,19927888.36669921
4802,52.5,3.2625,14989048.727964755
4803,48.75,3.534375,30996718.70826656
4804,48.75,3.806249999999999,44975545.76906372
4805,52.5,3.534375,12398687.483306624
4806,52.5,3.806249999999999,17990218.307625487
4807,48.75,4.078125,58553319.425664395
4808,48.75,4.35,67546115.45138888
4809,52.5,4.078125,23421327.770265758
4810,52.5,4.35,27018446.180555552
4811,56.25,0.0169921875,0.0
4812,56.25,-0.0,0.0
4813,56.25,0.033984375,0.0
4814,60.0,0.0169921875,0.0
4815,60.0,-0.0,0.0
4816,60.0,0.033984375,0.0
4817,56.25,0.0509765625,0.0
4818,56.25,0.06796875,0.0
4819,60.0,0.0509765625,0.0
4820,60.0,0.06796875,0.0
4821,56.25,0.0849609375,0.0
4822,60.0,0.0849609375,0.0
4823,56.25,0.09345703124999999,0.0
4824,56.25,0.101953125,26628.21712656918
4825,60.0,0.09345703124999999,0.0
4826,60.0,0.101953125,106512.86850627672
4827,56.25,0.11044921875,142460.96162714498
4828,56.25,0.1189453125,258293.70612772097
4829,60.0,0.11044921875,569843.8465085799
4830,60.0,0.1189453125,1033174.8245108839
4831,56.25,0.12744140625,374126.4506282969
4832,56.25,0.1359375,489959.19512887276
4833,60.0,0.12744140625,1496505.8025131875
4834,60.0,0.1359375,1959836.780515491
4835,56.25,0.14443359375,605791.9396294489
4836,56.25,0.1529296875,721624.6841300246
4837,60.0,0.14443359375,2423167.7585177957
4838,60.0,0.1529296875,2886498.7365200985
4839,56.25,0.16142578125,837457.4286306008
4840,56.25,0.169921875,953290.1731311766
4841,60.0,0.16142578125,3349829.714522403
4842,60.0,0.169921875,3813160.6925247065
4843,56.25,0.17841796875,1069122.9176317523
4844,56.25,0.1869140625,1184955.6621323286
4845,60.0,0.17841796875,4276491.670527009
4846,60.0,0.1869140625,4739822.648529314
4847,56.25,0.19541015625,1300788.4066329044
4848,56.25,0.2,1363364.7168803422
4849,56.25,0.20390625,1416621.1511334807
4850,60.0,0.19541015625,5203153.626531618
4851,60.0,0.2,5453458.867521369
4852,60.0,0.20390625,5666484.604533923
4853,56.25,0.21240234375,1532453.8956340563
4854,56.25,0.2208984375,1648286.6401346321
4855,60.0,0.21240234375,6129815.582536225
4856,60.0,0.2208984375,6593146.5605385285
4857,56.25,0.22939453125,1764119.3846352082
4858,56.25,0.237890625,1879952.129135784
4859,60.0,0.22939453125,7056477.538540833
4860,60.0,0.237890625,7519808.516543136
4861,56.25,0.24638671875,1995784.8736363603
4862,56.25,0.2548828125,2111617.618136936
4863,60.0,0.24638671875,7983139.494545441
4864,60.0,0.2548828125,8446470.472547743
4865,56.25,0.26337890625,2227450.362637512
4866,56.25,0.271875,2343283.1071380875
4867,60.0,0.26337890625,8909801.450550048
4868,60.0,0.271875,9373132.42855235
4869,56.25,0.28037109375,2459115.851638664
4870,56.25,0.2888671875,2574948.59613924
4871,60.0,0.28037109375,9836463.406554656
4872,60.0,0.2888671875,10299794.38455696
4873,56.25,0.29736328125,2690781.3406398157
4874,56.25,0.305859375,2646844.7823809762
4875,60.0,0.29736328125,10763125.362559263
4876,60.0,0.305859375,10587379.129523905
4877,56.25,0.3228515625,2415179.293379824
4878,60.0,0.3228515625,9660717.173519297
4879,56.25,0.33984375,2183513.8043786725
4880,60.0,0.33984375,8734055.21751469
4881,56.25,0.373828125,1720182.8263763688
4882,60.0,0.373828125,6880731.305505475
4883,56.25,0.4078125,1256851.848374065
4884,60.0,0.4078125,5027407.39349626
4885,56.25,0.4757812499999999,330189.8923694593
4886,60.0,0.4757812499999999,1320759.5694778373
4887,56.25,0.54375,0.0
4888,60.0,0.54375,0.0
4889,56.25,0.6796875,0.0
4890,60.0,0.6796875,0.0
4891,56.25,0.8156249999999999,0.0
4892,60.0,0.8156249999999999,0.0
4893,56.25,1.0875,0.0
4894,60.0,1.0875,0.0
4895,56.25,1.359375,0.0
4896,56.25,1.63125,0.0
4897,60.0,1.359375,0.0
4898,60.0,1.63125,0.0
4899,56.25,1.903125,0.0
4900,56.25,2.175,0.0
4901,60.0,1.903125,0.0
4902,60.0,2.175,0.0
4903,56.25,2.446875,0.0
4904,56.25,2.71875,0.0
4905,60.0,2.446875,0.0
4906,60.0,2.71875,0.0
4907,56.25,2.990625,0.0
4908,56.25,3.2625,0.0
4909,60.0,2.990625,0.0
4910,60.0,3.2625,0.0
4911,56.25,3.534375,0.0
4912,56.25,3.806249999999999,0.0
4913,60.0,3.534375,0.0
4914,60.0,3.806249999999999,0.0
4915,56.25,4.078125,0.0
4916,56.25,4.35,0.0
4917,60.0,4.078125,0.0
4918,60.0,4.35,0.0
4919,3.75,4.621874999999999,48990554227.44099
4920,3.75,4.89375,51070727950.554214
4921,7.5,4.621874999999999,39154495199.61104
4922,7.5,4.89375,41004804341.11244
4923,3.75,5.165625,50220555973.32816
4924,3.75,5.4375,50619353674.212074
4925,7.5,5.165625,40245534872.00354
4926,7.5,5.4375,40504147003.121666
4927,3.75,5.709375,52447686112.88478
4928,3.75,5.981249999999999,53541794375.16693
4929,7.5,5.709375,42020122914.371315
4930,7.5,5.981249999999999,43035256967.397835
4931,3.75,6.253124999999999,53649684838.44985
4932,3.75,6.524999999999999,53046872199.68616
4933,7.5,6.253124999999999,43163111250.91814
4934,7.5,6.524999999999999,42695437516.69336
4935,11.25,4.621874999999999,24588127146.663826
4936,11.25,4.89375,25532962375.21701
4937,15.0,4.621874999999999,10021759093.71661
4938,15.0,4.89375,10061120409.32158
4939,11.25,5.165625,25477724899.61021
4940,11.25,5.4375,25373159975.752872
4941,15.0,5.165625,10709914927.21688
4942,15.0,5.4375,10242172948.38408
4943,11.25,5.709375,26370313326.843777
4944,11.25,5.981249999999999,27033564819.335934
4945,15.0,5.709375,10720503739.316236
4946,15.0,5.981249999999999,11031872671.274038
4947,11.25,6.253124999999999,27210911021.175545
4948,11.25,6.524999999999999,27486681231.63728
4949,15.0,6.253124999999999,11258710791.432959
4950,15.0,6.524999999999999,12277924946.581192
4951,18.75,4.621874999999999,8000563444.5842495
4952,18.75,4.89375,8308083365.98975
4953,22.5,4.621874999999999,5979367795.451889
4954,22.5,4.89375,6555046322.657919
4955,18.75,5.165625,8640934674.124432
4956,18.75,5.4375,8427248104.25848
4957,22.5,5.165625,6571954421.031985
4958,22.5,5.4375,6612323260.132879
4959,18.75,5.709375,8591231387.929018
4960,18.75,5.981249999999999,8930357759.915865
4961,22.5,5.709375,6461959036.541799
4962,22.5,5.981249999999999,6828842848.557692
4963,18.75,6.253124999999999,9191452654.977129
4964,18.75,6.524999999999999,9816532794.137283
4965,22.5,6.253124999999999,7124194518.521299
4966,22.5,6.524999999999999,7355140641.693376
4967,26.25,4.621874999999999,4237932673.6841445
4968,26.25,4.89375,4900759671.933425
4969,30.0,4.621874999999999,3056018606.6456323
4970,30.0,4.89375,3443973806.42361
4971,26.25,5.165625,4724519698.705429
4972,26.25,5.4375,4915749307.224893
4973,30.0,5.165625,3320176037.910657
4974,30.0,5.4375,3455877136.752137
4975,26.25,5.709375,4610490237.087671
4976,26.25,5.981249999999999,4942080644.656449
4977,30.0,5.709375,3314628541.499732
4978,30.0,5.981249999999999,3484823855.6690702
4979,26.25,6.253124999999999,5229067282.704409
4980,26.25,6.524999999999999,5183466179.220086
4981,30.0,6.253124999999999,3678201848.1653967
4982,30.0,6.524999999999999,3591227096.688034
4983,33.75,4.621874999999999,1874104539.607121
4984,33.75,4.89375,1987187940.9137955
4985,37.5,4.621874999999999,1126677692.537226
4986,37.5,4.89375,1145488572.7580798
4987,33.75,5.165625,1915832377.115885
4988,33.75,5.4375,1996004966.2793803
4989,37.5,5.165625,1100672846.6588204
4990,37.5,5.4375,1146949261.7354436
4991,33.75,5.709375,2018766845.9117918
4992,33.75,5.981249999999999,2027567066.6816907
4993,37.5,5.709375,1217565744.3993723
4994,37.5,5.981249999999999,1179841284.4300883
4995,33.75,6.253124999999999,2127336413.6263847
4996,33.75,6.524999999999999,1998988014.1559827
4997,37.5,6.253124999999999,1228617030.7909317
4998,37.5,6.524999999999999,1126527569.9452455
4999,41.25,4.621874999999999,596494455.4516393
5000,41.25,4.89375,611332453.2794137
5001,45.0,4.621874999999999,66311218.36605269
5002,45.0,4.89375,77176333.80074775
5003,41.25,5.165625,580105381.3706094
5004,41.25,5.4375,603301790.1559162
5005,45.0,5.165625,59537916.08239837
5006,45.0,5.4375,59654318.576388896
5007,41.25,5.709375,663694939.9247129
5008,41.25,5.981249999999999,636881005.5463742
5009,45.0,5.709375,109824135.45005345
5010,45.0,5.981249999999999,93920726.66266027
5011,41.25,6.253124999999999,655970673.8072581
5012,41.25,6.524999999999999,613956444.8951654
5013,45.0,6.253124999999999,83324316.82358444
5014,45.0,6.524999999999999,101385319.8450854
5015,48.75,4.621874999999999,41444511.47878292
5016,48.75,4.89375,48235208.625467345
5017,52.5,4.621874999999999,16577804.591513172
5018,52.5,4.89375,19294083.450186938
5019,48.75,5.165625,37211197.55149898
5020,48.75,5.4375,37283949.11024306
5021,52.5,5.165625,14884479.020599592
5022,52.5,5.4375,14913579.644097224
5023,48.75,5.709375,68640084.65628341
5024,48.75,5.981249999999999,58700454.16416268
5025,52.5,5.709375,27456033.862513363
5026,52.5,5.981249999999999,23480181.665665068
5027,48.75,6.253124999999999,52077698.01474027
5028,48.75,6.524999999999999,63365824.90317838
5029,52.5,6.253124999999999,20831079.20589611
5030,52.5,6.524999999999999,25346329.96127135
5031,56.25,4.621874999999999,0.0
5032,56.25,4.89375,0.0
5033,60.0,4.621874999999999,0.0
5034,60.0,4.89375,0.0
5035,56.25,5.165625,0.0
5036,56.25,5.4375,0.0
5037,60.0,5.165625,0.0
5038,60.0,5.4375,0.0
5039,56.25,5.709375,0.0
5040,56.25,5.981249999999999,0.0
5041,60.0,5.709375,0.0
5042,60.0,5.981249999999999,0.0
5043,56.25,6.253124999999999,0.0
5044,56.25,6.524999999999999,0.0
5045,60.0,6.253124999999999,0.0
5046,60.0,6.524999999999999,0.0
5047,3.75,6.796875,53997065635.74637
5048,3.75,7.06875,55443489524.906525
5049,7.5,6.796875,43695945016.19257
5050,7.5,7.06875,44946573979.408714
5051,3.75,7.340624999999999,55906925665.96139
5052,7.5,7.340624999999999,45276959956.13816
5053,3.75,7.612499999999999,56695686988.76535
5054,7.5,7.612499999999999,45955036887.353096
5055,11.25,6.796875,28414842884.031116
5056,11.25,7.06875,28979343514.727734
5057,15.0,6.796875,13133740751.869656
5058,15.0,7.06875,13012113050.046743
5059,11.25,7.340624999999999,29107308663.131847
5060,15.0,7.340624999999999,12937657370.125536
5061,11.25,7.612499999999999,29545230765.05742
5062,15.0,7.612499999999999,13135424642.761745
5063,18.75,6.796875,10356915972.848223
5064,18.75,7.06875,10245602018.959503
5065,22.5,6.796875,7580091193.826789
5066,22.5,7.06875,7479090987.872262
5067,18.75,7.340624999999999,10263556630.19164
5068,22.5,7.340624999999999,7589455890.257747
5069,18.75,7.612499999999999,10584748812.683622
5070,22.5,7.612499999999999,8034072982.605499
5071,26.25,6.796875,5212667419.955261
5072,26.25,7.06875,5123781389.807025
5073,30.0,6.796875,3664045656.383547
5074,30.0,7.06875,3590874657.7857904
5075,26.25,7.340624999999999,5297260137.5742855
5076,30.0,7.340624999999999,3768874359.3916936
5077,26.25,7.612499999999999,5749242085.25307
5078,30.0,7.612499999999999,3996101053.352029
5079,33.75,6.796875,2115423892.811832
5080,33.75,7.06875,2057967925.764557
5081,37.5,6.796875,1226858130.4044805
5082,37.5,7.06875,1200210219.684829
5083,33.75,7.340624999999999,2240488581.2091017
5084,37.5,7.340624999999999,1347663854.8761356
5085,33.75,7.612499999999999,2242960021.4509883
5086,37.5,7.612499999999999,1288691026.4756951
5087,41.25,6.796875,668320368.5793102
5088,41.25,7.06875,680027026.5758547
5089,45.0,6.796875,109782606.75413994
5090,45.0,7.06875,159843833.4668803
5091,41.25,7.340624999999999,772619654.4679823
5092,45.0,7.340624999999999,197575454.05982888
5093,41.25,7.612499999999999,733858049.9632752
5094,45.0,7.612499999999999,179025073.45085537
5095,48.75,6.796875,68614129.22133747
5096,48.75,7.06875,99902395.91680019
5097,52.5,6.796875,27445651.688534986
5098,52.5,7.06875,39960958.36672007
5099,48.75,7.340624999999999,123484658.78739303
5100,52.5,7.340624999999999,49393863.51495722
5101,48.75,7.612499999999999,111890670.90678461
5102,52.5,7.612499999999999,44756268.36271384
5103,56.25,6.796875,0.0
5104,56.25,7.06875,0.0
5105,60.0,6.796875,0.0
5106,60.0,7.06875,0.0
5107,56.25,7.340624999999999,0.0
5108,60.0,7.340624999999999,0.0
5109,56.25,7.612499999999999,0.0
5110,60.0,7.612499999999999,0.0
5111,3.75,7.7484375,57311076652.64424
5112,7.5,7.7484375,46581847000.40899
5113,3.75,7.884374999999999,57279023577.724365
5114,7.5,7.884374999999999,46495625573.000145
5115,3.75,7.952343749999999,57036318610.66249
5116,7.5,7.952343749999999,46270598629.99551
5117,3.75,8.0203125,56725948440.734344
5118,7.5,8.0203125,45991268334.96094
5119,3.75,8.054296874999999,56570763355.77028
5120,7.5,8.054296874999999,45851603187.443665
5121,3.75,8.0712890625,56493170813.288246
5122,7.5,8.0712890625,45781770613.68501
5123,3.75,8.08828125,56415578270.806206
5124,7.5,8.08828125,45711938039.92638
5125,3.75,8.096777343749999,56376781999.56519
5126,3.75,8.1052734375,56335392622.303764
5127,7.5,8.096777343749999,45677021753.04706
5128,7.5,8.1052734375,45643277099.609375
5129,3.75,8.11376953125,56292418569.14096
5130,3.75,8.122265625,56249444515.978165
5131,7.5,8.11376953125,45610248444.38602
5132,7.5,8.122265625,45577219789.16266
5133,3.75,8.130761718750001,56206470462.81537
5134,3.75,8.1392578125,56163496409.65258
5135,7.5,8.130761718750001,45544191133.9393
5136,7.5,8.1392578125,45511162478.71595
5137,3.75,8.14775390625,56120522356.489784
5138,3.75,8.15625,56077548303.32699
5139,7.5,8.14775390625,45478133823.49259
5140,7.5,8.15625,45445105168.26923
5141,11.25,7.7484375,30112569650.711975
5142,15.0,7.7484375,13643292301.014957
5143,11.25,7.884374999999999,30025025092.85691
5144,15.0,7.884374999999999,13554424612.713676
5145,11.25,7.952343749999999,29968637557.748653
5146,15.0,7.952343749999999,13666676485.5018
5147,11.25,8.0203125,29908484274.526745
5148,15.0,8.0203125,13825700214.092545
5149,11.25,8.054296874999999,29878407632.915794
5150,15.0,8.054296874999999,13905212078.387917
5151,11.25,8.0712890625,29863369312.11031
5152,15.0,8.0712890625,13944968010.535606
5153,11.25,8.08828125,29848330991.304836
5154,15.0,8.08828125,13984723942.683292
5155,11.25,8.096777343749999,29840811830.902096
5156,11.25,8.1052734375,29833562897.902267
5157,15.0,8.096777343749999,14004601908.757132
5158,15.0,8.1052734375,14023848696.195158
5159,11.25,8.11376953125,29826479103.87088
5160,11.25,8.122265625,29819395309.839493
5161,15.0,8.11376953125,14042709763.355742
5162,15.0,8.122265625,14061570830.516327
5163,11.25,8.130761718750001,29812311515.808105
5164,11.25,8.1392578125,29805227721.77672
5165,15.0,8.130761718750001,14080431897.676912
5166,15.0,8.1392578125,14099292964.83749
5167,11.25,8.14775390625,29798143927.74533
5168,11.25,8.15625,29791060133.71394
5169,15.0,8.14775390625,14118154031.99807
5170,15.0,8.15625,14137015099.158653
5171,18.75,7.7484375,10922778123.956665
5172,22.5,7.7484375,8202263946.898371
5173,18.75,7.884374999999999,10758013250.784592
5174,22.5,7.884374999999999,7961601888.855505
5175,18.75,7.952343749999999,10860885937.578247
5176,22.5,7.952343749999999,8055095389.6546955
5177,18.75,8.0203125,11019058661.201672
5178,22.5,8.0203125,8212417108.310795
5179,18.75,8.054296874999999,11098145023.01338
5180,22.5,8.054296874999999,8291077967.638844
5181,18.75,8.0712890625,11137688203.919239
5182,22.5,8.0712890625,8330408397.302872
5183,18.75,8.08828125,11177231384.825092
5184,22.5,8.08828125,8369738826.966896
5185,18.75,8.096777343749999,11197002975.278017
5186,18.75,8.1052734375,11214209705.13759
5187,22.5,8.096777343749999,8389404041.798906
5188,22.5,8.1052734375,8404570714.080027
5189,18.75,8.11376953125,11229849020.190115
5190,18.75,8.122265625,11245488335.242638
5191,22.5,8.11376953125,8416988277.024488
5192,22.5,8.122265625,8429405839.96895
5193,18.75,8.130761718750001,11261127650.295162
5194,18.75,8.1392578125,11276766965.347681
5195,22.5,8.130761718750001,8441823402.913413
5196,22.5,8.1392578125,8454240965.857874
5197,18.75,8.14775390625,11292406280.400202
5198,18.75,8.15625,11308045595.452724
5199,22.5,8.14775390625,8466658528.802332
5200,22.5,8.15625,8479076091.746794
5201,26.25,7.7484375,5802434697.808161
5202,30.0,7.7484375,4043975304.654114
5203,26.25,7.884374999999999,5570234658.370062
5204,30.0,7.884374999999999,3988955690.7719026
5205,26.25,7.952343749999999,5650874433.755465
5206,30.0,7.952343749999999,4049792661.9048796
5207,26.25,8.0203125,5790242506.18698
5208,30.0,8.0203125,4137001805.5972877
5209,26.25,8.054296874999999,5859926542.402738
5210,30.0,8.054296874999999,4180606377.443491
5211,26.25,8.0712890625,5894768560.510619
5212,30.0,8.0712890625,4202408663.366595
5213,26.25,8.08828125,5929610578.618498
5214,30.0,8.08828125,4224210949.2896967
5215,26.25,8.096777343749999,5947031587.672435
5216,26.25,8.1052734375,5959240199.195012
5217,30.0,8.096777343749999,4235112092.2512465
5218,30.0,8.1052734375,4242526636.6551056
5219,26.25,8.11376953125,5968263456.670646
5220,26.25,8.122265625,5977286714.146279
5221,30.0,8.11376953125,4247810481.940375
5222,30.0,8.122265625,4253094327.2256446
5223,26.25,8.130761718750001,5986309971.621914
5224,26.25,8.1392578125,5995333229.097547
5225,30.0,8.130761718750001,4258378172.5109143
5226,30.0,8.1392578125,4263662017.7961826
5227,26.25,8.14775390625,6004356486.573177
5228,26.25,8.15625,6013379744.048812
5229,30.0,8.14775390625,4268945863.081451
5230,30.0,8.15625,4274229708.3667197
5231,33.75,7.7484375,2285515911.5000663
5232,37.5,7.7484375,1307518122.5898936
5233,33.75,7.884374999999999,2407676723.1737432
5234,37.5,7.884374999999999,1446617453.8636804
5235,33.75,7.952343749999999,2448710890.0542946
5236,37.5,7.952343749999999,1471442733.5038142
5237,33.75,8.0203125,2483761105.007595
5238,37.5,8.0203125,1482917450.159839
5239,33.75,8.054296874999999,2501286212.484245
5240,37.5,8.054296874999999,1488654808.4878514
5241,33.75,8.0712890625,2510048766.222571
5242,37.5,8.0712890625,1491523487.6518576
5243,33.75,8.08828125,2518811319.9608955
5244,37.5,8.08828125,1494392166.8158634
5245,33.75,8.096777343749999,2523192596.8300576
5246,33.75,8.1052734375,2525813074.1151986
5247,37.5,8.096777343749999,1495826506.3978665
5248,37.5,8.1052734375,1496492751.1101093
5249,33.75,8.11376953125,2527357507.210104
5250,33.75,8.122265625,2528901940.3050084
5251,37.5,8.11376953125,1496689604.5130541
5252,37.5,8.122265625,1496886457.915999
5253,33.75,8.130761718750001,2530446373.399914
5254,33.75,8.1392578125,2531990806.494819
5255,37.5,8.130761718750001,1497083311.3189437
5256,37.5,8.1392578125,1497280164.7218885
5257,33.75,8.14775390625,2533535239.5897236
5258,33.75,8.15625,2535079672.684629
5259,37.5,8.14775390625,1497477018.124833
5260,37.5,8.15625,1497673871.5277777
5261,41.25,7.7484375,719751135.8016574
5262,45.0,7.7484375,131984149.01342142
5263,41.25,7.884374999999999,795668033.6976653
5264,45.0,7.884374999999999,144718613.53165045
5265,41.25,7.952343749999999,806081384.6033864
5266,45.0,7.952343749999999,140720035.7029582
5267,41.25,8.0203125,808272318.1830511
5268,45.0,8.0203125,133627186.20626342
5269,41.25,8.054296874999999,809367784.9728837
5270,45.0,8.054296874999999,130080761.45791613
5271,41.25,8.0712890625,809915518.3677998
5272,45.0,8.0712890625,128307549.08374229
5273,41.25,8.08828125,810463251.762716
5274,45.0,8.08828125,126534336.70956863
5275,41.25,8.096777343749999,810737118.4601741
5276,41.25,8.1052734375,810869047.8724293
5277,45.0,8.096777343749999,125647730.52248192
5278,45.0,8.1052734375,125245344.63474892
5279,41.25,8.11376953125,810914237.8326154
5280,41.25,8.122265625,810959427.7928017
5281,45.0,8.11376953125,125138871.1521768
5282,45.0,8.122265625,125032397.66960467
5283,41.25,8.130761718750001,811004617.7529881
5284,41.25,8.1392578125,811049807.7131745
5285,45.0,8.130761718750001,124925924.18703258
5286,45.0,8.1392578125,124819450.70446047
5287,41.25,8.14775390625,811094997.6733607
5288,41.25,8.15625,811140187.633547
5289,45.0,8.14775390625,124712977.22188836
5290,45.0,8.15625,124606503.73931623
5291,48.75,7.7484375,82490093.13338839
5292,52.5,7.7484375,32996037.253355354
5293,48.75,7.884374999999999,90449133.45728154
5294,52.5,7.884374999999999,36179653.38291261
5295,48.75,7.952343749999999,87950022.31434888
5296,52.5,7.952343749999999,35180008.92573955
5297,48.75,8.0203125,83516991.37891462
5298,52.5,8.0203125,33406796.551565856
5299,48.75,8.054296874999999,81300475.91119757
5300,52.5,8.054296874999999,32520190.36447903
5301,48.75,8.0712890625,80192218.17733893
5302,52.5,8.0712890625,32076887.270935573
5303,48.75,8.08828125,79083960.4434804
5304,52.5,8.08828125,31633584.17739216
5305,48.75,8.096777343749999,78529831.57655118
5306,48.75,8.1052734375,78278340.39671808
5307,52.5,8.096777343749999,31411932.63062048
5308,52.5,8.1052734375,31311336.15868723
5309,48.75,8.11376953125,78211794.47011049
5310,48.75,8.122265625,78145248.54350291
5311,52.5,8.11376953125,31284717.7880442
5312,52.5,8.122265625,31258099.41740117
5313,48.75,8.130761718750001,78078702.61689535
5314,48.75,8.1392578125,78012156.69028778
5315,52.5,8.130761718750001,31231481.046758145
5316,52.5,8.1392578125,31204862.676115118
5317,48.75,8.14775390625,77945610.76368022
5318,48.75,8.15625,77879064.83707266
5319,52.5,8.14775390625,31178244.30547209
5320,52.5,8.15625,31151625.934829056
5321,56.25,7.7484375,0.0
5322,60.0,7.7484375,0.0
5323,56.25,7.884374999999999,0.0
5324,60.0,7.884374999999999,0.0
5325,56.25,7.952343749999999,0.0
5326,60.0,7.952343749999999,0.0
5327,56.25,8.0203125,0.0
5328,60.0,8.0203125,0.0
5329,56.25,8.054296874999999,0.0
5330,60.0,8.054296874999999,0.0
5331,56.25,8.0712890625,0.0
5332,60.0,8.0712890625,0.0
5333,56.25,8.08828125,0.0
5334,60.0,8.08828125,0.0
5335,56.25,8.096777343749999,0.0
5336,56.25,8.1052734375,0.0
5337,60.0,8.096777343749999,0.0
5338,60.0,8.1052734375,0.0
5339,56.25,8.11376953125,0.0
5340,56.25,8.122265625,0.0
5341,60.0,8.11376953125,0.0
5342,60.0,8.122265625,0.0
5343,56.25,8.130761718750001,0.0
5344,56.25,8.1392578125,0.0
5345,60.0,8.130761718750001,0.0
5346,60.0,8.1392578125,0.0
5347,56.25,8.14775390625,0.0
5348,56.25,8.15625,0.0
5349,60.0,8.14775390625,0.0
5350,60.0,8.15625,0.0
5351,3.75,8.16474609375,56034574250.1642
5352,3.75,8.1732421875,55991600197.0014
5353,7.5,8.16474609375,45412076513.04587
5354,7.5,8.1732421875,45379047857.82252
5355,3.75,8.181738281249999,55948626143.83862
5356,3.75,8.190234375,55905652090.67581
5357,7.5,8.181738281249999,45346019202.59917
5358,7.5,8.190234375,45312990547.37581
5359,11.25,8.16474609375,29783976339.682552
5360,11.25,8.1732421875,29776892545.65117
5361,15.0,8.16474609375,14155876166.319237
5362,15.0,8.1732421875,14174737233.479816
5363,11.25,8.181738281249999,29769808751.61978
5364,11.25,8.190234375,29762724957.588394
5365,15.0,8.181738281249999,14193598300.640396
5366,15.0,8.190234375,14212459367.80098
5367,3.75,8.19873046875,55862678037.513016
5368,3.75,8.2,55856256627.2703
5369,3.75,8.2072265625,55819703984.35022
5370,7.5,8.19873046875,45279961892.15244
5371,7.5,8.2,45275026575.8547
5372,7.5,8.2072265625,45246933236.929085
5373,11.25,8.19873046875,29755641163.557003
5374,11.25,8.2,29754582665.598293
5375,11.25,8.2072265625,29748557369.52561
5376,15.0,8.19873046875,14231320434.961563
5377,15.0,8.2,14234138755.341877
5378,15.0,8.2072265625,14250181502.122147
5379,3.75,8.215722656250001,55776729931.18742
5380,7.5,8.215722656250001,45213904581.70572
5381,3.75,8.22421875,55733755878.02463
5382,7.5,8.22421875,45180875926.482376
5383,11.25,8.215722656250001,29741473575.494225
5384,15.0,8.215722656250001,14269042569.28273
5385,11.25,8.22421875,29734389781.462845
5386,15.0,8.22421875,14287903636.44331
5387,3.75,8.23271484375,55690781824.86185
5388,7.5,8.23271484375,45147847271.25902
5389,3.75,8.2412109375,55647807771.69904
5390,7.5,8.2412109375,45114818616.03565
5391,11.25,8.23271484375,29727305987.431454
5392,15.0,8.23271484375,14306764703.60389
5393,11.25,8.2412109375,29720222193.400063
5394,15.0,8.2412109375,14325625770.764473
5395,3.75,8.24970703125,55604833718.53624
5396,7.5,8.24970703125,45081789960.8123
5397,3.75,8.258203125000001,55561859665.37344
5398,7.5,8.258203125000001,45048761305.58894
5399,11.25,8.24970703125,29713138399.368675
5400,15.0,8.24970703125,14344486837.925056
5401,11.25,8.258203125000001,29706054605.33729
5402,15.0,8.258203125000001,14363347905.08564
5403,3.75,8.266699218750002,55518885612.21065
5404,7.5,8.266699218750002,45015732650.36558
5405,3.75,8.275195312500001,55475911559.04785
5406,7.5,8.275195312500001,44982703995.14223
5407,11.25,8.266699218750002,29698970811.3059
5408,15.0,8.266699218750002,14382208972.246223
5409,11.25,8.275195312500001,29691887017.274513
5410,15.0,8.275195312500001,14401070039.406803
5411,3.75,8.28369140625,55432937505.88508
5412,7.5,8.28369140625,44949675339.91887
5413,3.75,8.2921875,55389963452.722275
5414,7.5,8.2921875,44916646684.69552
5415,11.25,8.28369140625,29684803223.243126
5416,15.0,8.28369140625,14419931106.567383
5417,11.25,8.2921875,29677719429.21174
5418,15.0,8.2921875,14438792173.727966
5419,18.75,8.16474609375,11323684910.505247
5420,18.75,8.1732421875,11339324225.557766
5421,22.5,8.16474609375,8491493654.6912565
5422,22.5,8.1732421875,8503911217.6357155
5423,18.75,8.181738281249999,11354963540.610287
5424,18.75,8.190234375,11370602855.66281
5425,22.5,8.181738281249999,8516328780.580175
5426,22.5,8.190234375,8528746343.524638
5427,26.25,8.16474609375,6022403001.524446
5428,26.25,8.1732421875,6031426259.000076
5429,30.0,8.16474609375,4279513553.65199
5430,30.0,8.1732421875,4284797398.9372573
5431,26.25,8.181738281249999,6040449516.47571
5432,26.25,8.190234375,6049472773.951342
5433,30.0,8.181738281249999,4290081244.2225256
5434,30.0,8.190234375,4295365089.507795
5435,18.75,8.19873046875,11386242170.715332
5436,18.75,8.2,11388579079.861109
5437,18.75,8.2072265625,11401881485.767855
5438,22.5,8.19873046875,8541163906.4691
5439,22.5,8.2,8543019404.380341
5440,22.5,8.2072265625,8553581469.413562
5441,26.25,8.19873046875,6058496031.426976
5442,26.25,8.2,6059844334.26816
5443,26.25,8.2072265625,6067519288.902609
5444,30.0,8.19873046875,4300648934.793064
5445,30.0,8.2,4301438474.893162
5446,30.0,8.2072265625,4305932780.078334
5447,18.75,8.215722656250001,11417520800.820377
5448,22.5,8.215722656250001,8565999032.358025
5449,18.75,8.22421875,11433160115.872896
5450,22.5,8.22421875,8578416595.3024845
5451,26.25,8.215722656250001,6076542546.3782425
5452,30.0,8.215722656250001,4311216625.363604
5453,26.25,8.22421875,6085565803.853874
5454,30.0,8.22421875,4316500470.648871
5455,18.75,8.23271484375,11448799430.925415
5456,22.5,8.23271484375,8590834158.246943
5457,18.75,8.2412109375,11464438745.977942
5458,22.5,8.2412109375,8603251721.191404
5459,26.25,8.23271484375,6094589061.329506
5460,30.0,8.23271484375,4321784315.934139
5461,26.25,8.2412109375,6103612318.80514
5462,30.0,8.2412109375,4327068161.219409
5463,18.75,8.24970703125,11480078061.030462
5464,22.5,8.24970703125,8615669284.135868
5465,18.75,8.258203125000001,11495717376.082985
5466,22.5,8.258203125000001,8628086847.08033
5467,26.25,8.24970703125,6112635576.280773
5468,30.0,8.24970703125,4332352006.504679
5469,26.25,8.258203125000001,6121658833.756407
5470,30.0,8.258203125000001,4337635851.7899475
5471,18.75,8.266699218750002,11511356691.135506
5472,22.5,8.266699218750002,8640504410.024792
5473,18.75,8.275195312500001,11526996006.188028
5474,22.5,8.275195312500001,8652921972.969252
5475,26.25,8.266699218750002,6130682091.23204
5476,30.0,8.266699218750002,4342919697.075217
5477,26.25,8.275195312500001,6139705348.707672
5478,30.0,8.275195312500001,4348203542.360485
5479,18.75,8.28369140625,11542635321.240545
5480,22.5,8.28369140625,8665339535.913712
5481,18.75,8.2921875,11558274636.29307
5482,22.5,8.2921875,8677757098.858173
5483,26.25,8.28369140625,6148728606.183304
5484,30.0,8.28369140625,4353487387.645754
5485,26.25,8.2921875,6157751863.658938
5486,30.0,8.2921875,4358771232.931023
5487,3.75,8.300683593750001,55357491677.52063
5488,7.5,8.300683593750001,44891853310.902916
5489,11.25,8.300683593750001,29672527337.44108
5490,15.0,8.300683593750001,14453201363.97924
5491,3.75,8.3091796875,55445045936.160614
5492,7.5,8.3091796875,44961177439.17612
5493,11.25,8.3091796875,29688954700.07872
5494,15.0,8.3091796875,14416731960.981323
5495,3.75,8.326171875,55620154453.4406
5496,7.5,8.326171875,45099825695.72252
5497,11.25,8.326171875,29721809425.354004
5498,15.0,8.326171875,14343793154.98548
5499,3.75,8.3431640625,55795262970.72058
5500,7.5,8.3431640625,45238473952.268936
5501,11.25,8.3431640625,29754664150.62929
5502,15.0,8.3431640625,14270854348.989637
5503,3.75,8.36015625,55970371488.00058
5504,7.5,8.36015625,45377122208.81534
5505,11.25,8.36015625,29787518875.904564
5506,15.0,8.36015625,14197915542.993793
5507,18.75,8.300683593750001,11570700750.35095
5508,22.5,8.300683593750001,8688200136.722662
5509,18.75,8.3091796875,11546404567.327257
5510,22.5,8.3091796875,8676077173.673191
5511,26.25,8.300683593750001,6165641723.6328125
5512,30.0,8.300683593750001,4362967711.619842
5513,26.25,8.3091796875,6160578469.300882
5514,30.0,8.3091796875,4354737143.492088
5515,18.75,8.326171875,11497812201.279863
5516,22.5,8.326171875,8651831247.574245
5517,26.25,8.326171875,6150451960.63702
5518,30.0,8.326171875,4338276007.236579
5519,18.75,8.3431640625,11449219835.23247
5520,22.5,8.3431640625,8627585321.4753
5521,18.75,8.36015625,11400627469.185074
5522,22.5,8.36015625,8603339395.376352
5523,26.25,8.3431640625,6140325451.973157
5524,30.0,8.3431640625,4321814870.9810705
5525,26.25,8.36015625,6130198943.309296
5526,30.0,8.36015625,4305353734.725561
5527,3.75,8.377148437499999,56145480005.28058
5528,7.5,8.377148437499999,45515770465.361755
5529,11.25,8.377148437499999,29820373601.17986
5530,15.0,8.377148437499999,14124976736.997955
5531,3.75,8.394140624999999,56320588522.560555
5532,7.5,8.394140624999999,45654418721.908165
5533,11.25,8.394140624999999,29853228326.45514
5534,15.0,8.394140624999999,14052037931.002113
5535,18.75,8.377148437499999,11352035103.137684
5536,22.5,8.377148437499999,8579093469.277409
5537,18.75,8.394140624999999,11303442737.090288
5538,22.5,8.394140624999999,8554847543.178463
5539,26.25,8.377148437499999,6120072434.645433
5540,30.0,8.377148437499999,4288892598.4700537
5541,26.25,8.394140624999999,6109945925.981571
5542,30.0,8.394140624999999,4272431462.214545
5543,3.75,8.4111328125,56495697039.84056
5544,7.5,8.4111328125,45793066978.45459
5545,11.25,8.4111328125,29886083051.730423
5546,15.0,8.4111328125,13979099125.006264
5547,3.75,8.428125,56670805557.12056
5548,7.5,8.428125,45931715235.00099
5549,11.25,8.428125,29918937777.00571
5550,15.0,8.428125,13906160319.01042
5551,18.75,8.4111328125,11254850371.042887
5552,22.5,8.4111328125,8530601617.079515
5553,18.75,8.428125,11206258004.995495
5554,22.5,8.428125,8506355690.98057
5555,26.25,8.4111328125,6099819417.317708
5556,30.0,8.4111328125,4255970325.959035
5557,26.25,8.428125,6089692908.653846
5558,30.0,8.428125,4239509189.703526
5559,33.75,8.16474609375,2536624105.779534
5560,33.75,8.1732421875,2538168538.8744383
5561,37.5,8.16474609375,1497870724.9307227
5562,37.5,8.1732421875,1498067578.3336673
5563,33.75,8.181738281249999,2539712971.9693437
5564,33.75,8.190234375,2541257405.064248
5565,37.5,8.181738281249999,1498264431.7366118
5566,37.5,8.190234375,1498461285.1395566
5567,41.25,8.16474609375,811185377.5937333
5568,41.25,8.1732421875,811230567.5539197
5569,45.0,8.16474609375,124500030.25674412
5570,45.0,8.1732421875,124393556.77417201
5571,41.25,8.181738281249999,811275757.5141059
5572,41.25,8.190234375,811320947.4742922
5573,45.0,8.181738281249999,124287083.29159991
5574,45.0,8.190234375,124180609.80902779
5575,33.75,8.19873046875,2542801838.1591535
5576,33.75,8.2,2543032615.518162
5577,33.75,8.2072265625,2544346271.2540584
5578,37.5,8.19873046875,1498658138.5425014
5579,37.5,8.2,1498687553.4188032
5580,37.5,8.2072265625,1498854991.945446
5581,41.25,8.19873046875,811366137.4344785
5582,41.25,8.2,811372889.9572649
5583,41.25,8.2072265625,811411327.3946648
5584,45.0,8.19873046875,124074136.32645567
5585,45.0,8.2,124058226.4957265
5586,45.0,8.2072265625,123967662.84388353
5587,33.75,8.215722656250001,2545890704.3489637
5588,37.5,8.215722656250001,1499051845.3483906
5589,33.75,8.22421875,2547435137.4438686
5590,37.5,8.22421875,1499248698.7513354
5591,41.25,8.215722656250001,811456517.354851
5592,45.0,8.215722656250001,123861189.3613114
5593,41.25,8.22421875,811501707.3150374
5594,45.0,8.22421875,123754715.8787393
5595,33.75,8.23271484375,2548979570.538773
5596,37.5,8.23271484375,1499445552.1542802
5597,33.75,8.2412109375,2550524003.6336784
5598,37.5,8.2412109375,1499642405.5572248
5599,41.25,8.23271484375,811546897.2752237
5600,45.0,8.23271484375,123648242.3961672
5601,41.25,8.2412109375,811592087.23541
5602,45.0,8.2412109375,123541768.91359508
5603,33.75,8.24970703125,2552068436.7285833
5604,37.5,8.24970703125,1499839258.9601696
5605,33.75,8.258203125000001,2553612869.8234887
5606,37.5,8.258203125000001,1500036112.3631146
5607,41.25,8.24970703125,811637277.1955963
5608,45.0,8.24970703125,123435295.43102296
5609,41.25,8.258203125000001,811682467.1557827
5610,45.0,8.258203125000001,123328821.94845083
5611,33.75,8.266699218750002,2555157302.9183936
5612,37.5,8.266699218750002,1500232965.7660592
5613,33.75,8.275195312500001,2556701736.0132985
5614,37.5,8.275195312500001,1500429819.1690037
5615,41.25,8.266699218750002,811727657.1159688
5616,45.0,8.266699218750002,123222348.46587871
5617,41.25,8.275195312500001,811772847.0761552
5618,45.0,8.275195312500001,123115874.9833066
5619,33.75,8.28369140625,2558246169.1082034
5620,37.5,8.28369140625,1500626672.5719483
5621,33.75,8.2921875,2559790602.2031083
5622,37.5,8.2921875,1500823525.974893
5623,41.25,8.28369140625,811818037.0363415
5624,45.0,8.28369140625,123009401.50073451
5625,41.25,8.2921875,811863226.9965278
5626,45.0,8.2921875,122902928.01816238
5627,33.75,8.300683593750001,2560293699.60687
5628,37.5,8.300683593750001,1500311208.2848175
5629,33.75,8.3091796875,2548895817.683294
5630,37.5,8.3091796875,1491694078.1030903
5631,41.25,8.300683593750001,811674477.3082242
5632,45.0,8.300683593750001,123037746.33163084
5633,41.25,8.3091796875,808812131.6371821
5634,45.0,8.3091796875,125930185.17127392
5635,33.75,8.326171875,2526100053.8361387
5636,37.5,8.326171875,1474459817.739634
5637,41.25,8.326171875,803087440.2950972
5638,45.0,8.326171875,131715062.85056068
5639,33.75,8.3431640625,2503304289.9889836
5640,37.5,8.3431640625,1457225557.3761778
5641,33.75,8.36015625,2480508526.141828
5642,37.5,8.36015625,1439991297.0127215
5643,41.25,8.3431640625,797362748.9530127
5644,45.0,8.3431640625,137499940.52984744
5645,41.25,8.36015625,791638057.6109278
5646,45.0,8.36015625,143284818.20913416
5647,33.75,8.377148437499999,2457712762.294674
5648,37.5,8.377148437499999,1422757036.6492655
5649,33.75,8.394140624999999,2434916998.4475183
5650,37.5,8.394140624999999,1405522776.285809
5651,41.25,8.377148437499999,785913366.2688432
5652,45.0,8.377148437499999,149069695.88842094
5653,41.25,8.394140624999999,780188674.9267584
5654,45.0,8.394140624999999,154854573.56770772
5655,33.75,8.4111328125,2412121234.600361
5656,37.5,8.4111328125,1388288515.9223511
5657,33.75,8.428125,2389325470.7532063
5658,37.5,8.428125,1371054255.5588949
5659,41.25,8.4111328125,774463983.584673
5660,45.0,8.4111328125,160639451.24699506
5661,41.25,8.428125,768739292.2425883
5662,45.0,8.428125,166424328.9262818
5663,48.75,8.16474609375,77812518.91046508
5664,48.75,8.1732421875,77745972.98385751
5665,52.5,8.16474609375,31125007.56418603
5666,52.5,8.1732421875,31098389.193543002
5667,48.75,8.181738281249999,77679427.05724995
5668,48.75,8.190234375,77612881.13064237
5669,52.5,8.181738281249999,31071770.82289998
5670,52.5,8.190234375,31045152.452256948
5671,56.25,8.16474609375,0.0
5672,56.25,8.1732421875,0.0
5673,60.0,8.16474609375,0.0
5674,60.0,8.1732421875,0.0
5675,56.25,8.181738281249999,0.0
5676,56.25,8.190234375,0.0
5677,60.0,8.181738281249999,0.0
5678,60.0,8.190234375,0.0
5679,48.75,8.19873046875,77546335.20403479
5680,48.75,8.2,77536391.55982906
5681,48.75,8.2072265625,77479789.27742721
5682,52.5,8.19873046875,31018534.081613917
5683,52.5,8.2,31014556.623931624
5684,52.5,8.2072265625,30991915.710970882
5685,56.25,8.19873046875,0.0
5686,56.25,8.2,0.0
5687,56.25,8.2072265625,0.0
5688,60.0,8.19873046875,0.0
5689,60.0,8.2,0.0
5690,60.0,8.2072265625,0.0
5691,48.75,8.215722656250001,77413243.35081963
5692,52.5,8.215722656250001,30965297.34032785
5693,48.75,8.22421875,77346697.42421207
5694,52.5,8.22421875,30938678.969684824
5695,56.25,8.215722656250001,0.0
5696,60.0,8.215722656250001,0.0
5697,56.25,8.22421875,0.0
5698,60.0,8.22421875,0.0
5699,48.75,8.23271484375,77280151.4976045
5700,52.5,8.23271484375,30912060.5990418
5701,48.75,8.2412109375,77213605.57099694
5702,52.5,8.2412109375,30885442.22839877
5703,56.25,8.23271484375,0.0
5704,60.0,8.23271484375,0.0
5705,56.25,8.2412109375,0.0
5706,60.0,8.2412109375,0.0
5707,48.75,8.24970703125,77147059.64438935
5708,52.5,8.24970703125,30858823.85775574
5709,48.75,8.258203125000001,77080513.71778177
5710,52.5,8.258203125000001,30832205.48711271
5711,56.25,8.24970703125,0.0
5712,60.0,8.24970703125,0.0
5713,56.25,8.258203125000001,0.0
5714,60.0,8.258203125000001,0.0
5715,48.75,8.266699218750002,77013967.79117419
5716,52.5,8.266699218750002,30805587.116469678
5717,48.75,8.275195312500001,76947421.86456662
5718,52.5,8.275195312500001,30778968.74582665
5719,56.25,8.266699218750002,0.0
5720,60.0,8.266699218750002,0.0
5721,56.25,8.275195312500001,0.0
5722,60.0,8.275195312500001,0.0
5723,48.75,8.28369140625,76880875.93795906
5724,52.5,8.28369140625,30752350.375183627
5725,48.75,8.2921875,76814330.01135148
5726,52.5,8.2921875,30725732.004540596
5727,56.25,8.28369140625,0.0
5728,60.0,8.28369140625,0.0
5729,56.25,8.2921875,0.0
5730,60.0,8.2921875,0.0
5731,48.75,8.300683593750001,76898591.45726928
5732,52.5,8.300683593750001,30759436.58290771
5733,48.75,8.3091796875,78706365.7320462
5734,52.5,8.3091796875,31482546.29281848
5735,56.25,8.300683593750001,0.0
5736,60.0,8.300683593750001,0.0
5737,56.25,8.3091796875,0.0
5738,60.0,8.3091796875,0.0
5739,48.75,8.326171875,82321914.28160043
5740,52.5,8.326171875,32928765.71264017
5741,56.25,8.326171875,0.0
5742,60.0,8.326171875,0.0
5743,48.75,8.3431640625,85937462.83115464
5744,52.5,8.3431640625,34374985.13246186
5745,48.75,8.36015625,89553011.38070887
5746,52.5,8.36015625,35821204.55228354
5747,56.25,8.3431640625,0.0
5748,60.0,8.3431640625,0.0
5749,56.25,8.36015625,0.0
5750,60.0,8.36015625,0.0
5751,48.75,8.377148437499999,93168559.9302631
5752,52.5,8.377148437499999,37267423.972105235
5753,48.75,8.394140624999999,96784108.47981732
5754,52.5,8.394140624999999,38713643.39192693
5755,56.25,8.377148437499999,0.0
5756,60.0,8.377148437499999,0.0
5757,56.25,8.394140624999999,0.0
5758,60.0,8.394140624999999,0.0
5759,48.75,8.4111328125,100399657.02937192
5760,52.5,8.4111328125,40159862.811748765
5761,48.75,8.428125,104015205.57892615
5762,52.5,8.428125,41606082.23157045
5763,56.25,8.4111328125,0.0
5764,60.0,8.4111328125,0.0
5765,56.25,8.428125,0.0
5766,60.0,8.428125,0.0
5767,3.75,8.4451171875,56845914074.40054
5768,7.5,8.4451171875,46070363491.5474
5769,11.25,8.4451171875,29951792502.280987
5770,15.0,8.4451171875,13833221513.014578
5771,18.75,8.4451171875,11157665638.948101
5772,22.5,8.4451171875,8482109764.881624
5773,26.25,8.4451171875,6079566399.9899845
5774,30.0,8.4451171875,4223048053.448017
5775,3.75,8.462109375,57021022591.68055
5776,7.5,8.462109375,46209011748.093834
5777,11.25,8.462109375,29984647227.556282
5778,15.0,8.462109375,13760282707.01873
5779,18.75,8.462109375,11109073272.900702
5780,22.5,8.462109375,8457863838.782678
5781,26.25,8.462109375,6069439891.326121
5782,30.0,8.462109375,4206586917.1925073
5783,3.75,8.4791015625,57196131108.96053
5784,7.5,8.4791015625,46347660004.64024
5785,11.25,8.4791015625,30017501952.831566
5786,15.0,8.4791015625,13687343901.022886
5787,18.75,8.4791015625,11060480906.853306
5788,22.5,8.4791015625,8433617912.683731
5789,26.25,8.4791015625,6059313382.662258
5790,30.0,8.4791015625,4190125780.9369984
5791,3.75,8.49609375,57371239626.240524
5792,7.5,8.49609375,46486308261.186646
5793,11.25,8.49609375,30050356678.106842
5794,15.0,8.49609375,13614405095.027044
5795,18.75,8.49609375,11011888540.805914
5796,22.5,8.49609375,8409371986.584785
5797,26.25,8.49609375,6049186873.998397
5798,30.0,8.49609375,4173664644.68149
5799,3.75,8.5130859375,57276567203.00006
5800,7.5,8.5130859375,46411262996.706184
5801,11.25,8.5130859375,30027098252.842567
5802,15.0,8.5130859375,13642933508.978949
5803,18.75,8.5130859375,11036813416.831514
5804,22.5,8.5130859375,8430693324.684076
5805,26.25,8.5130859375,6065838231.042714
5806,30.0,8.5130859375,4183513134.413499
5807,3.75,8.530078125,57101363155.72365
5808,7.5,8.530078125,46272428621.471436
5809,11.25,8.530078125,29987089633.387375
5810,15.0,8.530078125,13701750645.303316
5811,18.75,8.530078125,11083683738.252037
5812,22.5,8.530078125,8465616831.200753
5813,26.25,8.530078125,6090482980.835742
5814,30.0,8.530078125,4201215243.8432736
5815,3.75,8.547070312499999,56926159108.44722
5816,7.5,8.547070312499999,46133594246.23669
5817,11.25,8.547070312499999,29947081013.932186
5818,15.0,8.547070312499999,13760567781.627686
5819,18.75,8.547070312499999,11130554059.672556
5820,22.5,8.547070312499999,8500540337.717429
5821,26.25,8.547070312499999,6115127730.628768
5822,30.0,8.547070312499999,4218917353.273048
5823,3.75,8.564062499999999,56750955061.1708
5824,7.5,8.564062499999999,45994759871.001945
5825,11.25,8.564062499999999,29907072394.476997
5826,15.0,8.564062499999999,13819384917.952053
5827,18.75,8.564062499999999,11177424381.09308
5828,22.5,8.564062499999999,8535463844.234105
5829,26.25,8.564062499999999,6139772480.421797
5830,30.0,8.564062499999999,4236619462.7028227
5831,33.75,8.4451171875,2366529706.9060507
5832,37.5,8.4451171875,1353819995.1954386
5833,41.25,8.4451171875,763014600.9005035
5834,45.0,8.4451171875,172209206.6055686
5835,33.75,8.462109375,2343733943.058893
5836,37.5,8.462109375,1336585734.8319805
5837,41.25,8.462109375,757289909.5584183
5838,45.0,8.462109375,177994084.28485596
5839,33.75,8.4791015625,2320938179.2117386
5840,37.5,8.4791015625,1319351474.4685245
5841,41.25,8.4791015625,751565218.2163334
5842,45.0,8.4791015625,183778961.9641427
5843,33.75,8.49609375,2298142415.364583
5844,37.5,8.49609375,1302117214.1050682
5845,41.25,8.49609375,745840526.8742487
5846,45.0,8.49609375,189563839.64342943
5847,33.75,8.5130859375,2301188037.7842827
5848,37.5,8.5130859375,1303020486.4697576
5849,41.25,8.5130859375,746931707.8125782
5850,45.0,8.5130859375,190842929.1553986
5851,33.75,8.530078125,2311947506.8508043
5852,37.5,8.530078125,1309337947.7085207
5853,41.25,8.530078125,750057477.4913297
5854,45.0,8.530078125,190777007.27413857
5855,33.75,8.547070312499999,2322706975.9173265
5856,37.5,8.547070312499999,1315655408.9472837
5857,41.25,8.547070312499999,753183247.1700813
5858,45.0,8.547070312499999,190711085.39287856
5859,33.75,8.564062499999999,2333466444.983848
5860,37.5,8.564062499999999,1321972870.1860473
5861,41.25,8.564062499999999,756309016.8488327
5862,45.0,8.564062499999999,190645163.51161855
5863,48.75,8.4451171875,107630754.12848036
5864,52.5,8.4451171875,43052301.65139215
5865,48.75,8.462109375,111246302.67803496
5866,52.5,8.462109375,44498521.07121399
5867,56.25,8.4451171875,0.0
5868,60.0,8.4451171875,0.0
5869,56.25,8.462109375,0.0
5870,60.0,8.462109375,0.0
5871,48.75,8.4791015625,114861851.22758919
5872,52.5,8.4791015625,45944740.49103568
5873,48.75,8.49609375,118477399.77714339
5874,52.5,8.49609375,47390959.91085736
5875,56.25,8.4791015625,0.0
5876,60.0,8.4791015625,0.0
5877,56.25,8.49609375,0.0
5878,60.0,8.49609375,0.0
5879,48.75,8.5130859375,119276830.72212413
5880,52.5,8.5130859375,47710732.28884965
5881,48.75,8.530078125,119235629.54633662
5882,52.5,8.530078125,47694251.81853464
5883,56.25,8.5130859375,0.0
5884,60.0,8.5130859375,0.0
5885,56.25,8.530078125,0.0
5886,60.0,8.530078125,0.0
5887,48.75,8.547070312499999,119194428.3705491
5888,52.5,8.547070312499999,47677771.34821964
5889,48.75,8.564062499999999,119153227.1947616
5890,52.5,8.564062499999999,47661290.87790464
5891,56.25,8.547070312499999,0.0
5892,60.0,8.547070312499999,0.0
5893,56.25,8.564062499999999,0.0
5894,60.0,8.564062499999999,0.0
5895,3.75,8.581054687499998,56575751013.89438
5896,7.5,8.581054687499998,45855925495.7672
5897,11.25,8.581054687499998,29867063775.02181
5898,15.0,8.581054687499998,13878202054.27642
5899,18.75,8.581054687499998,11224294702.513601
5900,22.5,8.581054687499998,8570387350.750781
5901,26.25,8.581054687499998,6164417230.214827
5902,30.0,8.581054687499998,4254321572.132598
5903,3.75,8.598046874999998,56400546966.61795
5904,7.5,8.598046874999998,45717091120.53245
5905,11.25,8.598046874999998,29827055155.566616
5906,15.0,8.598046874999998,13937019190.600788
5907,18.75,8.598046874999998,11271165023.93412
5908,22.5,8.598046874999998,8605310857.267456
5909,26.25,8.598046874999998,6189061980.007853
5910,30.0,8.598046874999998,4272023681.562372
5911,3.75,8.6150390625,56225342919.34152
5912,7.5,8.6150390625,45578256745.29768
5913,11.25,8.6150390625,29787046536.111427
5914,15.0,8.6150390625,13995836326.925163
5915,18.75,8.6150390625,11318035345.35465
5916,22.5,8.6150390625,8640234363.784136
5917,26.25,8.6150390625,6213706729.800883
5918,30.0,8.6150390625,4289725790.9921494
5919,3.75,8.632031249999999,56050138872.065094
5920,7.5,8.632031249999999,45439422370.06294
5921,11.25,8.632031249999999,29747037916.656235
5922,15.0,8.632031249999999,14054653463.24953
5923,18.75,8.632031249999999,11364905666.775173
5924,22.5,8.632031249999999,8675157870.300812
5925,26.25,8.632031249999999,6238351479.59391
5926,30.0,8.632031249999999,4307427900.421925
5927,33.75,8.581054687499998,2344225914.05037
5928,37.5,8.581054687499998,1328290331.4248104
5929,41.25,8.581054687499998,759434786.5275844
5930,45.0,8.581054687499998,190579241.63035855
5931,33.75,8.598046874999998,2354985383.116892
5932,37.5,8.598046874999998,1334607792.6635735
5933,41.25,8.598046874999998,762560556.206336
5934,45.0,8.598046874999998,190513319.74909854
5935,33.75,8.6150390625,2365744852.183415
5936,37.5,8.6150390625,1340925253.9023376
5937,41.25,8.6150390625,765686325.8850881
5938,45.0,8.6150390625,190447397.8678385
5939,33.75,8.632031249999999,2376504321.249937
5940,37.5,8.632031249999999,1347242715.1411006
5941,41.25,8.632031249999999,768812095.5638396
5942,45.0,8.632031249999999,190381475.9865785
5943,48.75,8.581054687499998,119112026.0189741
5944,52.5,8.581054687499998,47644810.40758964
5945,48.75,8.598046874999998,119070824.84318657
5946,52.5,8.598046874999998,47628329.937274635
5947,56.25,8.581054687499998,0.0
5948,60.0,8.581054687499998,0.0
5949,56.25,8.598046874999998,0.0
5950,60.0,8.598046874999998,0.0
5951,48.75,8.6150390625,119029623.66739908
5952,52.5,8.6150390625,47611849.466959625
5953,48.75,8.632031249999999,118988422.49161156
5954,52.5,8.632031249999999,47595368.99664462
5955,56.25,8.6150390625,0.0
5956,60.0,8.6150390625,0.0
5957,56.25,8.632031249999999,0.0
5958,60.0,8.632031249999999,0.0
5959,3.75,8.649023437499999,55874934824.78868
5960,7.5,8.649023437499999,45300587994.828186
5961,11.25,8.649023437499999,29707029297.201046
5962,15.0,8.649023437499999,14113470599.5739
5963,18.75,8.649023437499999,11411775988.195694
5964,22.5,8.649023437499999,8710081376.81749
5965,26.25,8.649023437499999,6262996229.386939
5966,30.0,8.649023437499999,4325130009.8517
5967,3.75,8.666015625,55699730777.512245
5968,7.5,8.666015625,45161753619.59342
5969,11.25,8.666015625,29667020677.74585
5970,15.0,8.666015625,14172287735.898273
5971,18.75,8.666015625,11458646309.61622
5972,22.5,8.666015625,8745004883.334167
5973,26.25,8.666015625,6287640979.17997
5974,30.0,8.666015625,4342832119.281476
5975,33.75,8.649023437499999,2387263790.3164587
5976,37.5,8.649023437499999,1353560176.3798637
5977,41.25,8.649023437499999,771937865.242591
5978,45.0,8.649023437499999,190315554.1053185
5979,33.75,8.666015625,2398023259.3829823
5980,37.5,8.666015625,1359877637.6186275
5981,41.25,8.666015625,775063634.921343
5982,45.0,8.666015625,190249632.22405848
5983,48.75,8.649023437499999,118947221.31582405
5984,52.5,8.649023437499999,47578888.52632962
5985,48.75,8.666015625,118906020.14003654
5986,52.5,8.666015625,47562408.05601462
5987,56.25,8.649023437499999,0.0
5988,60.0,8.649023437499999,0.0
5989,56.25,8.666015625,0.0
5990,60.0,8.666015625,0.0
5991,3.75,8.6830078125,55524526730.235825
5992,7.5,8.6830078125,45022919244.35867
5993,11.25,8.6830078125,29627012058.29066
5994,15.0,8.6830078125,14231104872.222643
5995,18.75,8.6830078125,11505516631.036745
5996,22.5,8.6830078125,8779928389.850845
5997,26.25,8.6830078125,6312285728.972996
5998,30.0,8.6830078125,4360534228.71125
5999,3.75,8.7,55349322682.9594
6000,7.5,8.7,44884084869.123924
6001,11.25,8.7,29587003438.83547
6002,15.0,8.7,14289922008.54701
6003,18.75,8.7,11552386952.457264
6004,22.5,8.7,8814851896.367521
6005,26.25,8.7,6336930478.766026
6006,30.0,8.7,4378236338.141026
6007,33.75,8.6830078125,2408782728.449504
6008,37.5,8.6830078125,1366195098.8573909
6009,41.25,8.6830078125,778189404.6000946
6010,45.0,8.6830078125,190183710.34279844
6011,33.75,8.7,2419542197.5160255
6012,37.5,8.7,1372512560.096154
6013,41.25,8.7,781315174.2788463
6014,45.0,8.7,190117788.46153843
6015,48.75,8.6830078125,118864818.96424903
6016,52.5,8.6830078125,47545927.58569961
6017,48.75,8.7,118823617.78846152
6018,52.5,8.7,47529447.11538461
6019,56.25,8.6830078125,0.0
6020,60.0,8.6830078125,0.0
6021,56.25,8.7,0.0
6022,60.0,8.7,0.0
6023,63.75,0.0169921875,0.0
6024,63.75,-0.0,0.0
6025,63.75,0.033984375,0.0
6026,67.5,0.0169921875,0.0
6027,67.5,-0.0,0.0
6028,67.5,0.033984375,0.0
6029,63.75,0.0509765625,0.0
6030,63.75,0.06796875,0.0
6031,67.5,0.0509765625,0.0
6032,67.5,0.06796875,0.0
6033,63.75,0.0849609375,0.0
6034,67.5,0.0849609375,0.0
6035,63.75,0.09345703124999999,0.0
6036,63.75,0.101953125,186397.51988598425
6037,67.5,0.09345703124999999,0.0
6038,67.5,0.101953125,159769.30275941506
6039,63.75,0.11044921875,997226.7313900149
6040,63.75,0.1189453125,1808055.9428940467
6041,67.5,0.11044921875,854765.7697628699
6042,67.5,0.1189453125,1549762.2367663255
6043,63.75,0.12744140625,2618885.154398078
6044,63.75,0.1359375,3429714.365902109
6045,67.5,0.12744140625,2244758.703769781
6046,67.5,0.1359375,2939755.170773236
6047,63.75,0.14443359375,4240543.577406143
6048,63.75,0.1529296875,5051372.788910172
6049,67.5,0.14443359375,3634751.637776694
6050,67.5,0.1529296875,4329748.104780148
6051,63.75,0.16142578125,5862202.000414206
6052,63.75,0.169921875,6673031.211918237
6053,67.5,0.16142578125,5024744.571783605
6054,67.5,0.169921875,5719741.0387870595
6055,63.75,0.17841796875,7483860.423422267
6056,63.75,0.1869140625,8294689.6349263005
6057,67.5,0.17841796875,6414737.505790514
6058,67.5,0.1869140625,7109733.972793972
6059,63.75,0.19541015625,9105518.846430331
6060,63.75,0.2,9543553.018162396
6061,63.75,0.20390625,9916348.057934364
6062,67.5,0.19541015625,7804730.439797427
6063,67.5,0.2,8180188.301282055
6064,67.5,0.20390625,8499726.906800885
6065,63.75,0.21240234375,10727177.269438393
6066,63.75,0.2208984375,11538006.480942426
6067,67.5,0.21240234375,9194723.373804338
6068,67.5,0.2208984375,9889719.840807794
6069,63.75,0.22939453125,12348835.692446457
6070,63.75,0.237890625,13159664.903950488
6071,67.5,0.22939453125,10584716.307811249
6072,67.5,0.237890625,11279712.774814704
6073,63.75,0.24638671875,13970494.115454523
6074,63.75,0.2548828125,14781323.326958552
6075,67.5,0.24638671875,11974709.241818162
6076,67.5,0.2548828125,12669705.708821615
6077,63.75,0.26337890625,15592152.538462583
6078,63.75,0.271875,16402981.749966612
6079,67.5,0.26337890625,13364702.17582507
6080,67.5,0.271875,14059698.642828524
6081,63.75,0.28037109375,17213810.96147065
6082,63.75,0.2888671875,18024640.17297468
6083,67.5,0.28037109375,14754695.109831985
6084,67.5,0.2888671875,15449691.57683544
6085,63.75,0.29736328125,18835469.38447871
6086,63.75,0.305859375,18527913.476666834
6087,67.5,0.29736328125,16144688.043838894
6088,67.5,0.305859375,15881068.694285858
6089,63.75,0.3228515625,16906255.05365877
6090,67.5,0.3228515625,14491075.760278942
6091,63.75,0.33984375,15284596.630650708
6092,67.5,0.33984375,13101082.826272037
6093,63.75,0.373828125,12041279.78463458
6094,67.5,0.373828125,10321096.958258212
6095,63.75,0.4078125,8797962.938618455
6096,67.5,0.4078125,7541111.090244389
6097,63.75,0.4757812499999999,2311329.246586215
6098,67.5,0.4757812499999999,1981139.354216756
6099,63.75,0.54375,0.0
6100,67.5,0.54375,0.0
6101,63.75,0.6796875,0.0
6102,67.5,0.6796875,0.0
6103,63.75,0.8156249999999999,0.0
6104,67.5,0.8156249999999999,0.0
6105,63.75,1.0875,0.0
6106,67.5,1.0875,0.0
6107,63.75,1.359375,0.0
6108,63.75,1.63125,0.0
6109,67.5,1.359375,0.0
6110,67.5,1.63125,0.0
6111,63.75,1.903125,0.0
6112,63.75,2.175,0.0
6113,67.5,1.903125,0.0
6114,67.5,2.175,0.0
6115,63.75,2.446875,0.0
6116,63.75,2.71875,0.0
6117,67.5,2.446875,0.0
6118,67.5,2.71875,0.0
6119,63.75,2.990625,0.0
6120,63.75,3.2625,0.0
6121,67.5,2.990625,0.0
6122,67.5,3.2625,0.0
6123,63.75,3.534375,0.0
6124,63.75,3.806249999999999,0.0
6125,67.5,3.534375,0.0
6126,67.5,3.806249999999999,0.0
6127,63.75,4.078125,0.0
6128,63.75,4.35,0.0
6129,67.5,4.078125,0.0
6130,67.5,4.35,0.0
6131,71.25,0.0169921875,0.0
6132,71.25,-0.0,0.0
6133,71.25,0.033984375,0.0
6134,75.0,0.0169921875,0.0
6135,75.0,-0.0,0.0
6136,75.0,0.033984375,0.0
6137,71.25,0.0509765625,0.0
6138,71.25,0.06796875,0.0
6139,75.0,0.0509765625,0.0
6140,75.0,0.06796875,0.0
6141,71.25,0.0849609375,0.0
6142,75.0,0.0849609375,0.0
6143,71.25,0.09345703124999999,0.0
6144,71.25,0.101953125,79884.65137970753
6145,75.0,0.09345703124999999,0.0
6146,75.0,0.101953125,0.0
6147,71.25,0.11044921875,427382.88488143496
6148,71.25,0.1189453125,774881.1183831628
6149,75.0,0.11044921875,0.0
6150,75.0,0.1189453125,0.0
6151,71.25,0.12744140625,1122379.3518848906
6152,71.25,0.1359375,1469877.585386618
6153,75.0,0.12744140625,0.0
6154,75.0,0.1359375,0.0
6155,71.25,0.14443359375,1817375.818888347
6156,71.25,0.1529296875,2164874.052390074
6157,75.0,0.14443359375,0.0
6158,75.0,0.1529296875,0.0
6159,71.25,0.16142578125,2512372.2858918025
6160,71.25,0.169921875,2859870.5193935297
6161,75.0,0.16142578125,0.0
6162,75.0,0.169921875,0.0
6163,71.25,0.17841796875,3207368.752895257
6164,71.25,0.1869140625,3554866.986396986
6165,75.0,0.17841796875,0.0
6166,75.0,0.1869140625,0.0
6167,71.25,0.19541015625,3902365.2198987133
6168,71.25,0.2,4090094.1506410274
6169,71.25,0.20390625,4249863.453400442
6170,75.0,0.19541015625,0.0
6171,75.0,0.2,0.0
6172,75.0,0.20390625,0.0
6173,71.25,0.21240234375,4597361.686902169
6174,71.25,0.2208984375,4944859.920403897
6175,75.0,0.21240234375,0.0
6176,75.0,0.2208984375,0.0
6177,71.25,0.22939453125,5292358.1539056245
6178,71.25,0.237890625,5639856.387407352
6179,75.0,0.22939453125,0.0
6180,75.0,0.237890625,0.0
6181,71.25,0.24638671875,5987354.620909081
6182,71.25,0.2548828125,6334852.854410808
6183,75.0,0.24638671875,0.0
6184,75.0,0.2548828125,0.0
6185,71.25,0.26337890625,6682351.087912535
6186,71.25,0.271875,7029849.321414262
6187,75.0,0.26337890625,0.0
6188,75.0,0.271875,0.0
6189,71.25,0.28037109375,7377347.554915993
6190,71.25,0.2888671875,7724845.78841772
6191,75.0,0.28037109375,0.0
6192,75.0,0.2888671875,0.0
6193,71.25,0.29736328125,8072344.021919447
6194,71.25,0.305859375,7940534.347142929
6195,75.0,0.29736328125,0.0
6196,75.0,0.305859375,0.0
6197,71.25,0.3228515625,7245537.880139471
6198,75.0,0.3228515625,0.0
6199,71.25,0.33984375,6550541.413136018
6200,75.0,0.33984375,0.0
6201,71.25,0.373828125,5160548.479129106
6202,75.0,0.373828125,0.0
6203,71.25,0.4078125,3770555.5451221946
6204,75.0,0.4078125,0.0
6205,71.25,0.4757812499999999,990569.677108378
6206,75.0,0.4757812499999999,0.0
6207,71.25,0.54375,0.0
6208,75.0,0.54375,0.0
6209,71.25,0.6796875,0.0
6210,75.0,0.6796875,0.0
6211,71.25,0.8156249999999999,0.0
6212,75.0,0.8156249999999999,0.0
6213,71.25,1.0875,0.0
6214,75.0,1.0875,0.0
6215,71.25,1.359375,0.0
6216,71.25,1.63125,0.0
6217,75.0,1.359375,0.0
6218,75.0,1.63125,0.0
6219,71.25,1.903125,0.0
6220,71.25,2.175,0.0
6221,75.0,1.903125,0.0
6222,75.0,2.175,0.0
6223,71.25,2.446875,0.0
6224,71.25,2.71875,0.0
6225,75.0,2.446875,0.0
6226,75.0,2.71875,0.0
6227,71.25,2.990625,0.0
6228,71.25,3.2625,0.0
6229,75.0,2.990625,0.0
6230,75.0,3.2625,0.0
6231,71.25,3.534375,0.0
6232,71.25,3.806249999999999,0.0
6233,75.0,3.534375,0.0
6234,75.0,3.806249999999999,0.0
6235,71.25,4.078125,0.0
6236,71.25,4.35,0.0
6237,75.0,4.078125,0.0
6238,75.0,4.35,0.0
6239,78.75,0.0169921875,0.0
6240,78.75,-0.0,0.0
6241,78.75,0.033984375,0.0
6242,82.5,0.0169921875,0.0
6243,82.5,-0.0,0.0
6244,82.5,0.033984375,0.0
6245,78.75,0.0509765625,0.0
6246,78.75,0.06796875,0.0
6247,82.5,0.0509765625,0.0
6248,82.5,0.06796875,0.0
6249,78.75,0.0849609375,0.0
6250,82.5,0.0849609375,0.0
6251,78.75,0.09345703124999999,0.0
6252,78.75,0.101953125,0.0
6253,82.5,0.09345703124999999,0.0
6254,82.5,0.101953125,0.0
6255,78.75,0.11044921875,0.0
6256,78.75,0.1189453125,0.0
6257,82.5,0.11044921875,0.0
6258,82.5,0.1189453125,0.0
6259,78.75,0.12744140625,0.0
6260,78.75,0.1359375,0.0
6261,82.5,0.12744140625,0.0
6262,82.5,0.1359375,0.0
6263,78.75,0.14443359375,0.0
6264,78.75,0.1529296875,0.0
6265,82.5,0.14443359375,0.0
6266,82.5,0.1529296875,0.0
6267,78.75,0.16142578125,0.0
6268,78.75,0.169921875,0.0
6269,82.5,0.16142578125,0.0
6270,82.5,0.169921875,0.0
6271,78.75,0.17841796875,0.0
6272,78.75,0.1869140625,0.0
6273,82.5,0.17841796875,0.0
6274,82.5,0.1869140625,0.0
6275,78.75,0.19541015625,0.0
6276,78.75,0.2,0.0
6277,78.75,0.20390625,0.0
6278,82.5,0.19541015625,0.0
6279,82.5,0.2,0.0
6280,82.5,0.20390625,0.0
6281,78.75,0.21240234375,0.0
6282,78.75,0.2208984375,0.0
6283,82.5,0.21240234375,0.0
6284,82.5,0.2208984375,0.0
6285,78.75,0.22939453125,0.0
6286,78.75,0.237890625,0.0
6287,82.5,0.22939453125,0.0
6288,82.5,0.237890625,0.0
6289,78.75,0.24638671875,0.0
6290,78.75,0.2548828125,0.0
6291,82.5,0.24638671875,0.0
6292,82.5,0.2548828125,0.0
6293,78.75,0.26337890625,0.0
6294,78.75,0.271875,0.0
6295,82.5,0.26337890625,0.0
6296,82.5,0.271875,0.0
6297,78.75,0.28037109375,0.0
6298,78.75,0.2888671875,0.0
6299,82.5,0.28037109375,0.0
6300,82.5,0.2888671875,0.0
6301,78.75,0.29736328125,0.0
6302,78.75,0.305859375,0.0
6303,82.5,0.29736328125,0.0
6304,82.5,0.305859375,0.0
6305,78.75,0.3228515625,0.0
6306,82.5,0.3228515625,0.0
6307,78.75,0.33984375,0.0
6308,82.5,0.33984375,0.0
6309,78.75,0.373828125,0.0
6310,82.5,0.373828125,0.0
6311,78.75,0.4078125,0.0
6312,82.5,0.4078125,0.0
6313,78.75,0.4757812499999999,0.0
6314,82.5,0.4757812499999999,0.0
6315,78.75,0.54375,0.0
6316,82.5,0.54375,0.0
6317,78.75,0.6796875,0.0
6318,82.5,0.6796875,0.0
6319,78.75,0.8156249999999999,0.0
6320,82.5,0.8156249999999999,0.0
6321,78.75,1.0875,0.0
6322,82.5,1.0875,0.0
6323,78.75,1.359375,0.0
6324,78.75,1.63125,0.0
6325,82.5,1.359375,0.0
6326,82.5,1.63125,0.0
6327,78.75,1.903125,0.0
6328,78.75,2.175,0.0
6329,82.5,1.903125,0.0
6330,82.5,2.175,0.0
6331,78.75,2.446875,0.0
6332,78.75,2.71875,0.0
6333,82.5,2.446875,0.0
6334,82.5,2.71875,0.0
6335,78.75,2.990625,0.0
6336,78.75,3.2625,0.0
6337,82.5,2.990625,0.0
6338,82.5,3.2625,0.0
6339,78.75,3.534375,0.0
6340,78.75,3.806249999999999,0.0
6341,82.5,3.534375,0.0
6342,82.5,3.806249999999999,0.0
6343,78.75,4.078125,0.0
6344,78.75,4.35,0.0
6345,82.5,4.078125,0.0
6346,82.5,4.35,0.0
6347,86.25,0.0169921875,0.0
6348,86.25,-0.0,0.0
6349,86.25,0.033984375,0.0
6350,90.0,0.0169921875,0.0
6351,90.0,-0.0,0.0
6352,90.0,0.033984375,0.0
6353,86.25,0.0509765625,0.0
6354,86.25,0.06796875,0.0
6355,90.0,0.0509765625,0.0
6356,90.0,0.06796875,0.0
6357,86.25,0.0849609375,0.0
6358,90.0,0.0849609375,0.0
6359,86.25,0.09345703124999999,0.0
6360,86.25,0.101953125,0.0
6361,90.0,0.09345703124999999,0.0
6362,90.0,0.101953125,0.0
6363,86.25,0.11044921875,0.0
6364,86.25,0.1189453125,0.0
6365,90.0,0.11044921875,0.0
6366,90.0,0.1189453125,0.0
6367,86.25,0.12744140625,0.0
6368,86.25,0.1359375,0.0
6369,90.0,0.12744140625,0.0
6370,90.0,0.1359375,0.0
6371,86.25,0.14443359375,0.0
6372,86.25,0.1529296875,0.0
6373,90.0,0.14443359375,0.0
6374,90.0,0.1529296875,0.0
6375,86.25,0.16142578125,0.0
6376,86.25,0.169921875,0.0
6377,90.0,0.16142578125,0.0
6378,90.0,0.169921875,0.0
6379,86.25,0.17841796875,0.0
6380,86.25,0.1869140625,0.0
6381,90.0,0.17841796875,0.0
6382,90.0,0.1869140625,0.0
6383,86.25,0.19541015625,0.0
6384,86.25,0.2,0.0
6385,86.25,0.20390625,0.0
6386,90.0,0.19541015625,0.0
6387,90.0,0.2,0.0
6388,90.0,0.20390625,0.0
6389,86.25,0.21240234375,0.0
6390,86.25,0.2208984375,0.0
6391,90.0,0.21240234375,0.0
6392,90.0,0.2208984375,0.0
6393,86.25,0.22939453125,0.0
6394,86.25,0.237890625,0.0
6395,90.0,0.22939453125,0.0
6396,90.0,0.237890625,0.0
6397,86.25,0.24638671875,0.0
6398,86.25,0.2548828125,0.0
6399,90.0,0.24638671875,0.0
6400,90.0,0.2548828125,0.0
6401,86.25,0.26337890625,0.0
6402,86.25,0.271875,0.0
6403,90.0,0.26337890625,0.0
6404,90.0,0.271875,0.0
6405,86.25,0.28037109375,0.0
6406,86.25,0.2888671875,0.0
6407,90.0,0.28037109375,0.0
6408,90.0,0.2888671875,0.0
6409,86.25,0.29736328125,0.0
6410,86.25,0.305859375,0.0
6411,90.0,0.29736328125,0.0
6412,90.0,0.305859375,0.0
6413,86.25,0.3228515625,0.0
6414,90.0,0.3228515625,0.0
6415,86.25,0.33984375,0.0
6416,90.0,0.33984375,0.0
6417,86.25,0.373828125,0.0
6418,90.0,0.373828125,0.0
6419,86.25,0.4078125,0.0
6420,90.0,0.4078125,0.0
6421,86.25,0.4757812499999999,0.0
6422,90.0,0.4757812499999999,0.0
6423,86.25,0.54375,0.0
6424,90.0,0.54375,0.0
6425,86.25,0.6796875,0.0
6426,90.0,0.6796875,0.0
6427,86.25,0.8156249999999999,0.0
6428,90.0,0.8156249999999999,0.0
6429,86.25,1.0875,0.0
6430,90.0,1.0875,0.0
6431,86.25,1.359375,0.0
6432,86.25,1.63125,0.0
6433,90.0,1.359375,0.0
6434,90.0,1.63125,0.0
6435,86.25,1.903125,0.0
6436,86.25,2.175,0.0
6437,90.0,1.903125,0.0
6438,90.0,2.175,0.0
6439,86.25,2.446875,0.0
6440,86.25,2.71875,0.0
6441,90.0,2.446875,0.0
6442,90.0,2.71875,0.0
6443,86.25,2.990625,0.0
6444,86.25,3.2625,0.0
6445,90.0,2.990625,0.0
6446,90.0,3.2625,0.0
6447,86.25,3.534375,0.0
6448,86.25,3.806249999999999,0.0
6449,90.0,3.534375,0.0
6450,90.0,3.806249999999999,0.0
6451,86.25,4.078125,0.0
6452,86.25,4.35,0.0
6453,90.0,4.078125,0.0
6454,90.0,4.35,0.0
6455,63.75,4.621874999999999,0.0
6456,63.75,4.89375,0.0
6457,67.5,4.621874999999999,0.0
6458,67.5,4.89375,0.0
6459,63.75,5.165625,0.0
6460,63.75,5.4375,0.0
6461,67.5,5.165625,0.0
6462,67.5,5.4375,0.0
6463,63.75,5.709375,0.0
6464,63.75,5.981249999999999,0.0
6465,67.5,5.709375,0.0
6466,67.5,5.981249999999999,0.0
6467,63.75,6.253124999999999,0.0
6468,63.75,6.524999999999999,0.0
6469,67.5,6.253124999999999,0.0
6470,67.5,6.524999999999999,0.0
6471,71.25,4.621874999999999,0.0
6472,71.25,4.89375,0.0
6473,75.0,4.621874999999999,0.0
6474,75.0,4.89375,0.0
6475,71.25,5.165625,0.0
6476,71.25,5.4375,0.0
6477,75.0,5.165625,0.0
6478,75.0,5.4375,0.0
6479,71.25,5.709375,0.0
6480,71.25,5.981249999999999,0.0
6481,75.0,5.709375,0.0
6482,75.0,5.981249999999999,0.0
6483,71.25,6.253124999999999,0.0
6484,71.25,6.524999999999999,0.0
6485,75.0,6.253124999999999,0.0
6486,75.0,6.524999999999999,0.0
6487,78.75,4.621874999999999,0.0
6488,78.75,4.89375,0.0
6489,82.5,4.621874999999999,0.0
6490,82.5,4.89375,0.0
6491,78.75,5.165625,0.0
6492,78.75,5.4375,0.0
6493,82.5,5.165625,0.0
6494,82.5,5.4375,0.0
6495,78.75,5.709375,0.0
6496,78.75,5.981249999999999,0.0
6497,82.5,5.709375,0.0
6498,82.5,5.981249999999999,0.0
6499,78.75,6.253124999999999,0.0
6500,78.75,6.524999999999999,0.0
6501,82.5,6.253124999999999,0.0
6502,82.5,6.524999999999999,0.0
6503,86.25,4.621874999999999,0.0
6504,86.25,4.89375,0.0
6505,90.0,4.621874999999999,0.0
6506,90.0,4.89375,0.0
6507,86.25,5.165625,0.0
6508,86.25,5.4375,0.0
6509,90.0,5.165625,0.0
6510,90.0,5.4375,0.0
6511,86.25,5.709375,0.0
6512,86.25,5.981249999999999,0.0
6513,90.0,5.709375,0.0
6514,90.0,5.981249999999999,0.0
6515,86.25,6.253124999999999,0.0
6516,86.25,6.524999999999999,0.0
6517,90.0,6.253124999999999,0.0
6518,90.0,6.524999999999999,0.0
6519,63.75,6.796875,0.0
6520,63.75,7.06875,0.0
6521,67.5,6.796875,0.0
6522,67.5,7.06875,0.0
6523,63.75,7.340624999999999,0.0
6524,67.5,7.340624999999999,0.0
6525,63.75,7.612499999999999,0.0
6526,67.5,7.612499999999999,0.0
6527,71.25,6.796875,0.0
6528,71.25,7.06875,0.0
6529,75.0,6.796875,0.0
6530,75.0,7.06875,0.0
6531,71.25,7.340624999999999,0.0
6532,75.0,7.340624999999999,0.0
6533,71.25,7.612499999999999,0.0
6534,75.0,7.612499999999999,0.0
6535,78.75,6.796875,0.0
6536,78.75,7.06875,0.0
6537,82.5,6.796875,0.0
6538,82.5,7.06875,0.0
6539,78.75,7.340624999999999,0.0
6540,82.5,7.340624999999999,0.0
6541,78.75,7.612499999999999,0.0
6542,82.5,7.612499999999999,0.0
6543,86.25,6.796875,0.0
6544,86.25,7.06875,0.0
6545,90.0,6.796875,0.0
6546,90.0,7.06875,0.0
6547,86.25,7.340624999999999,0.0
6548,90.0,7.340624999999999,0.0
6549,86.25,7.612499999999999,0.0
6550,90.0,7.612499999999999,0.0
6551,63.75,7.7484375,0.0
6552,67.5,7.7484375,0.0
6553,63.75,7.884374999999999,0.0
6554,67.5,7.884374999999999,0.0
6555,63.75,7.952343749999999,0.0
6556,67.5,7.952343749999999,0.0
6557,63.75,8.0203125,0.0
6558,67.5,8.0203125,0.0
6559,63.75,8.054296874999999,0.0
6560,67.5,8.054296874999999,0.0
6561,63.75,8.0712890625,0.0
6562,67.5,8.0712890625,0.0
6563,63.75,8.08828125,0.0
6564,67.5,8.08828125,0.0
6565,63.75,8.096777343749999,0.0
6566,63.75,8.1052734375,0.0
6567,67.5,8.096777343749999,0.0
6568,67.5,8.1052734375,0.0
6569,63.75,8.11376953125,0.0
6570,63.75,8.122265625,0.0
6571,67.5,8.11376953125,0.0
6572,67.5,8.122265625,0.0
6573,63.75,8.130761718750001,0.0
6574,63.75,8.1392578125,0.0
6575,67.5,8.130761718750001,0.0
6576,67.5,8.1392578125,0.0
6577,63.75,8.14775390625,0.0
6578,63.75,8.15625,0.0
6579,67.5,8.14775390625,0.0
6580,67.5,8.15625,0.0
6581,71.25,7.7484375,0.0
6582,75.0,7.7484375,0.0
6583,71.25,7.884374999999999,0.0
6584,75.0,7.884374999999999,0.0
6585,71.25,7.952343749999999,0.0
6586,75.0,7.952343749999999,0.0
6587,71.25,8.0203125,0.0
6588,75.0,8.0203125,0.0
6589,71.25,8.054296874999999,0.0
6590,75.0,8.054296874999999,0.0
6591,71.25,8.0712890625,0.0
6592,75.0,8.0712890625,0.0
6593,71.25,8.08828125,0.0
6594,75.0,8.08828125,0.0
6595,71.25,8.096777343749999,0.0
6596,71.25,8.1052734375,0.0
6597,75.0,8.096777343749999,0.0
6598,75.0,8.1052734375,0.0
6599,71.25,8.11376953125,0.0
6600,71.25,8.122265625,0.0
6601,75.0,8.11376953125,0.0
6602,75.0,8.122265625,0.0
6603,71.25,8.130761718750001,0.0
6604,71.25,8.1392578125,0.0
6605,75.0,8.130761718750001,0.0
6606,75.0,8.1392578125,0.0
6607,71.25,8.14775390625,0.0
6608,71.25,8.15625,0.0
6609,75.0,8.14775390625,0.0
6610,75.0,8.15625,0.0
6611,78.75,7.7484375,0.0
6612,82.5,7.7484375,0.0
6613,78.75,7.884374999999999,0.0
6614,82.5,7.884374999999999,0.0
6615,78.75,7.952343749999999,0.0
6616,82.5,7.952343749999999,0.0
6617,78.75,8.0203125,0.0
6618,82.5,8.0203125,0.0
6619,78.75,8.054296874999999,0.0
6620,82.5,8.054296874999999,0.0
6621,78.75,8.0712890625,0.0
6622,82.5,8.0712890625,0.0
6623,78.75,8.08828125,0.0
6624,82.5,8.08828125,0.0
6625,78.75,8.096777343749999,0.0
6626,78.75,8.1052734375,0.0
6627,82.5,8.096777343749999,0.0
6628,82.5,8.1052734375,0.0
6629,78.75,8.11376953125,0.0
6630,78.75,8.122265625,0.0
6631,82.5,8.11376953125,0.0
6632,82.5,8.122265625,0.0
6633,78.75,8.130761718750001,0.0
6634,78.75,8.1392578125,0.0
6635,82.5,8.130761718750001,0.0
6636,82.5,8.1392578125,0.0
6637,78.75,8.14775390625,0.0
6638,78.75,8.15625,0.0
6639,82.5,8.14775390625,0.0
6640,82.5,8.15625,0.0
6641,86.25,7.7484375,0.0
6642,90.0,7.7484375,0.0
6643,86.25,7.884374999999999,0.0
6644,90.0,7.884374999999999,0.0
6645,86.25,7.952343749999999,0.0
6646,90.0,7.952343749999999,0.0
6647,86.25,8.0203125,0.0
6648,90.0,8.0203125,0.0
6649,86.25,8.054296874999999,0.0
6650,90.0,8.054296874999999,0.0
6651,86.25,8.0712890625,0.0
6652,90.0,8.0712890625,0.0
6653,86.25,8.08828125,0.0
6654,90.0,8.08828125,0.0
6655,86.25,8.096777343749999,0.0
6656,86.25,8.1052734375,0.0
6657,90.0,8.096777343749999,0.0
6658,90.0,8.1052734375,0.0
6659,86.25,8.11376953125,0.0
6660,86.25,8.122265625,0.0
6661,90.0,8.11376953125,0.0
6662,90.0,8.122265625,0.0
6663,86.25,8.130761718750001,0.0
6664,86.25,8.1392578125,0.0
6665,90.0,8.130761718750001,0.0
6666,90.0,8.1392578125,0.0
6667,86.25,8.14775390625,0.0
6668,86.25,8.15625,0.0
6669,90.0,8.14775390625,0.0
6670,90.0,8.15625,0.0
6671,63.75,8.16474609375,0.0
6672,63.75,8.1732421875,0.0
6673,67.5,8.16474609375,0.0
6674,67.5,8.1732421875,0.0
6675,63.75,8.181738281249999,0.0
6676,63.75,8.190234375,0.0
6677,67.5,8.181738281249999,0.0
6678,67.5,8.190234375,0.0
6679,71.25,8.16474609375,0.0
6680,71.25,8.1732421875,0.0
6681,75.0,8.16474609375,0.0
6682,75.0,8.1732421875,0.0
6683,71.25,8.181738281249999,0.0
6684,71.25,8.190234375,0.0
6685,75.0,8.181738281249999,0.0
6686,75.0,8.190234375,0.0
6687,63.75,8.19873046875,0.0
6688,63.75,8.2,0.0
6689,63.75,8.2072265625,0.0
6690,67.5,8.19873046875,0.0
6691,67.5,8.2,0.0
6692,67.5,8.2072265625,0.0
6693,71.25,8.19873046875,0.0
6694,71.25,8.2,0.0
6695,71.25,8.2072265625,0.0
6696,75.0,8.19873046875,0.0
6697,75.0,8.2,0.0
6698,75.0,8.2072265625,0.0
6699,63.75,8.215722656250001,0.0
6700,67.5,8.215722656250001,0.0
6701,63.75,8.22421875,0.0
6702,67.5,8.22421875,0.0
6703,71.25,8.215722656250001,0.0
6704,75.0,8.215722656250001,0.0
6705,71.25,8.22421875,0.0
6706,75.0,8.22421875,0.0
6707,63.75,8.23271484375,0.0
6708,67.5,8.23271484375,0.0
6709,63.75,8.2412109375,0.0
6710,67.5,8.2412109375,0.0
6711,71.25,8.23271484375,0.0
6712,75.0,8.23271484375,0.0
6713,71.25,8.2412109375,0.0
6714,75.0,8.2412109375,0.0
6715,63.75,8.24970703125,0.0
6716,67.5,8.24970703125,0.0
6717,63.75,8.258203125000001,0.0
6718,67.5,8.258203125000001,0.0
6719,71.25,8.24970703125,0.0
6720,75.0,8.24970703125,0.0
6721,71.25,8.258203125000001,0.0
6722,75.0,8.258203125000001,0.0
6723,63.75,8.266699218750002,0.0
6724,67.5,8.266699218750002,0.0
6725,63.75,8.275195312500001,0.0
6726,67.5,8.275195312500001,0.0
6727,71.25,8.266699218750002,0.0
6728,75.0,8.266699218750002,0.0
6729,71.25,8.275195312500001,0.0
6730,75.0,8.275195312500001,0.0
6731,63.75,8.28369140625,0.0
6732,67.5,8.28369140625,0.0
6733,63.75,8.2921875,0.0
6734,67.5,8.2921875,0.0
6735,71.25,8.28369140625,0.0
6736,75.0,8.28369140625,0.0
6737,71.25,8.2921875,0.0
6738,75.0,8.2921875,0.0
6739,63.75,8.300683593750001,0.0
6740,67.5,8.300683593750001,0.0
6741,63.75,8.3091796875,0.0
6742,67.5,8.3091796875,0.0
6743,71.25,8.300683593750001,0.0
6744,75.0,8.300683593750001,0.0
6745,71.25,8.3091796875,0.0
6746,75.0,8.3091796875,0.0
6747,63.75,8.326171875,0.0
6748,67.5,8.326171875,0.0
6749,71.25,8.326171875,0.0
6750,75.0,8.326171875,0.0
6751,63.75,8.3431640625,0.0
6752,67.5,8.3431640625,0.0
6753,63.75,8.36015625,0.0
6754,67.5,8.36015625,0.0
6755,71.25,8.3431640625,0.0
6756,75.0,8.3431640625,0.0
6757,71.25,8.36015625,0.0
6758,75.0,8.36015625,0.0
6759,63.75,8.377148437499999,0.0
6760,67.5,8.377148437499999,0.0
6761,63.75,8.394140624999999,0.0
6762,67.5,8.394140624999999,0.0
6763,71.25,8.377148437499999,0.0
6764,75.0,8.377148437499999,0.0
6765,71.25,8.394140624999999,0.0
6766,75.0,8.394140624999999,0.0
6767,63.75,8.4111328125,0.0
6768,67.5,8.4111328125,0.0
6769,63.75,8.428125,0.0
6770,67.5,8.428125,0.0
6771,71.25,8.4111328125,0.0
6772,75.0,8.4111328125,0.0
6773,71.25,8.428125,0.0
6774,75.0,8.428125,0.0
6775,78.75,8.16474609375,0.0
6776,78.75,8.1732421875,0.0
6777,82.5,8.16474609375,0.0
6778,82.5,8.1732421875,0.0
6779,78.75,8.181738281249999,0.0
6780,78.75,8.190234375,0.0
6781,82.5,8.181738281249999,0.0
6782,82.5,8.190234375,0.0
6783,86.25,8.16474609375,0.0
6784,86.25,8.1732421875,0.0
6785,90.0,8.16474609375,0.0
6786,90.0,8.1732421875,0.0
6787,86.25,8.181738281249999,0.0
6788,86.25,8.190234375,0.0
6789,90.0,8.181738281249999,0.0
6790,90.0,8.190234375,0.0
6791,78.75,8.19873046875,0.0
6792,78.75,8.2,0.0
6793,78.75,8.2072265625,0.0
6794,82.5,8.19873046875,0.0
6795,82.5,8.2,0.0
6796,82.5,8.2072265625,0.0
6797,86.25,8.19873046875,0.0
6798,86.25,8.2,0.0
6799,86.25,8.2072265625,0.0
6800,90.0,8.19873046875,0.0
6801,90.0,8.2,0.0
6802,90.0,8.2072265625,0.0
6803,78.75,8.215722656250001,0.0
6804,82.5,8.215722656250001,0.0
6805,78.75,8.22421875,0.0
6806,82.5,8.22421875,0.0
6807,86.25,8.215722656250001,0.0
6808,90.0,8.215722656250001,0.0
6809,86.25,8.22421875,0.0
6810,90.0,8.22421875,0.0
6811,78.75,8.23271484375,0.0
6812,82.5,8.23271484375,0.0
6813,78.75,8.2412109375,0.0
6814,82.5,8.2412109375,0.0
6815,86.25,8.23271484375,0.0
6816,90.0,8.23271484375,0.0
6817,86.25,8.2412109375,0.0
6818,90.0,8.2412109375,0.0
6819,78.75,8.24970703125,0.0
6820,82.5,8.24970703125,0.0
6821,78.75,8.258203125000001,0.0
6822,82.5,8.258203125000001,0.0
6823,86.25,8.24970703125,0.0
6824,90.0,8.24970703125,0.0
6825,86.25,8.258203125000001,0.0
6826,90.0,8.258203125000001,0.0
6827,78.75,8.266699218750002,0.0
6828,82.5,8.266699218750002,0.0
6829,78.75,8.275195312500001,0.0
6830,82.5,8.275195312500001,0.0
6831,86.25,8.266699218750002,0.0
6832,90.0,8.266699218750002,0.0
6833,86.25,8.275195312500001,0.0
6834,90.0,8.275195312500001,0.0
6835,78.75,8.28369140625,0.0
6836,82.5,8.28369140625,0.0
6837,78.75,8.2921875,0.0
6838,82.5,8.2921875,0.0
6839,86.25,8.28369140625,0.0
6840,90.0,8.28369140625,0.0
6841,86.25,8.2921875,0.0
6842,90.0,8.2921875,0.0
6843,78.75,8.300683593750001,0.0
6844,82.5,8.300683593750001,0.0
6845,78.75,8.3091796875,0.0
6846,82.5,8.3091796875,0.0
6847,86.25,8.300683593750001,0.0
6848,90.0,8.300683593750001,0.0
6849,86.25,8.3091796875,0.0
6850,90.0,8.3091796875,0.0
6851,78.75,8.326171875,0.0
6852,82.5,8.326171875,0.0
6853,86.25,8.326171875,0.0
6854,90.0,8.326171875,0.0
6855,78.75,8.3431640625,0.0
6856,82.5,8.3431640625,0.0
6857,78.75,8.36015625,0.0
6858,82.5,8.36015625,0.0
6859,86.25,8.3431640625,0.0
6860,90.0,8.3431640625,0.0
6861,86.25,8.36015625,0.0
6862,90.0,8.36015625,0.0
6863,78.75,8.377148437499999,0.0
6864,82.5,8.377148437499999,0.0
6865,78.75,8.394140624999999,0.0
6866,82.5,8.394140624999999,0.0
6867,86.25,8.377148437499999,0.0
6868,90.0,8.377148437499999,0.0
6869,86.25,8.394140624999999,0.0
6870,90.0,8.394140624999999,0.0
6871,78.75,8.4111328125,0.0
6872,82.5,8.4111328125,0.0
6873,78.75,8.428125,0.0
6874,82.5,8.428125,0.0
6875,86.25,8.4111328125,0.0
6876,90.0,8.4111328125,0.0
6877,86.25,8.428125,0.0
6878,90.0,8.428125,0.0
6879,63.75,8.4451171875,0.0
6880,67.5,8.4451171875,0.0
6881,71.25,8.4451171875,0.0
6882,75.0,8.4451171875,0.0
6883,63.75,8.462109375,0.0
6884,67.5,8.462109375,0.0
6885,71.25,8.462109375,0.0
6886,75.0,8.462109375,0.0
6887,63.75,8.4791015625,0.0
6888,67.5,8.4791015625,0.0
6889,71.25,8.4791015625,0.0
6890,75.0,8.4791015625,0.0
6891,63.75,8.49609375,0.0
6892,67.5,8.49609375,0.0
6893,71.25,8.49609375,0.0
6894,75.0,8.49609375,0.0
6895,63.75,8.5130859375,0.0
6896,67.5,8.5130859375,0.0
6897,71.25,8.5130859375,0.0
6898,75.0,8.5130859375,0.0
6899,63.75,8.530078125,0.0
6900,67.5,8.530078125,0.0
6901,71.25,8.530078125,0.0
6902,75.0,8.530078125,0.0
6903,63.75,8.547070312499999,0.0
6904,67.5,8.547070312499999,0.0
6905,71.25,8.547070312499999,0.0
6906,75.0,8.547070312499999,0.0
6907,63.75,8.564062499999999,0.0
6908,67.5,8.564062499999999,0.0
6909,71.25,8.564062499999999,0.0
6910,75.0,8.564062499999999,0.0
6911,78.75,8.4451171875,0.0
6912,82.5,8.4451171875,0.0
6913,78.75,8.462109375,0.0
6914,82.5,8.462109375,0.0
6915,86.25,8.4451171875,0.0
6916,90.0,8.4451171875,0.0
6917,86.25,8.462109375,0.0
6918,90.0,8.462109375,0.0
6919,78.75,8.4791015625,0.0
6920,82.5,8.4791015625,0.0
6921,78.75,8.49609375,0.0
6922,82.5,8.49609375,0.0
6923,86.25,8.4791015625,0.0
6924,90.0,8.4791015625,0.0
6925,86.25,8.49609375,0.0
6926,90.0,8.49609375,0.0
6927,78.75,8.5130859375,0.0
6928,82.5,8.5130859375,0.0
6929,78.75,8.530078125,0.0
6930,82.5,8.530078125,0.0
6931,86.25,8.5130859375,0.0
6932,90.0,8.5130859375,0.0
6933,86.25,8.530078125,0.0
6934,90.0,8.530078125,0.0
6935,78.75,8.547070312499999,0.0
6936,82.5,8.547070312499999,0.0
6937,78.75,8.564062499999999,0.0
6938,82.5,8.564062499999999,0.0
6939,86.25,8.547070312499999,0.0
6940,90.0,8.547070312499999,0.0
6941,86.25,8.564062499999999,0.0
6942,90.0,8.564062499999999,0.0
6943,63.75,8.581054687499998,0.0
6944,67.5,8.581054687499998,0.0
6945,71.25,8.581054687499998,0.0
6946,75.0,8.581054687499998,0.0
6947,63.75,8.598046874999998,0.0
6948,67.5,8.598046874999998,0.0
6949,71.25,8.598046874999998,0.0
6950,75.0,8.598046874999998,0.0
6951,63.75,8.6150390625,0.0
6952,67.5,8.6150390625,0.0
6953,71.25,8.6150390625,0.0
6954,75.0,8.6150390625,0.0
6955,63.75,8.632031249999999,0.0
6956,67.5,8.632031249999999,0.0
6957,71.25,8.632031249999999,0.0
6958,75.0,8.632031249999999,0.0
6959,78.75,8.581054687499998,0.0
6960,82.5,8.581054687499998,0.0
6961,78.75,8.598046874999998,0.0
6962,82.5,8.598046874999998,0.0
6963,86.25,8.581054687499998,0.0
6964,90.0,8.581054687499998,0.0
6965,86.25,8.598046874999998,0.0
6966,90.0,8.598046874999998,0.0
6967,78.75,8.6150390625,0.0
6968,82.5,8.6150390625,0.0
6969,78.75,8.632031249999999,0.0
6970,82.5,8.632031249999999,0.0
6971,86.25,8.6150390625,0.0
6972,90.0,8.6150390625,0.0
6973,86.25,8.632031249999999,0.0
6974,90.0,8.632031249999999,0.0
6975,63.75,8.649023437499999,0.0
6976,67.5,8.649023437499999,0.0
6977,71.25,8.649023437499999,0.0
6978,75.0,8.649023437499999,0.0
6979,63.75,8.666015625,0.0
6980,67.5,8.666015625,0.0
6981,71.25,8.666015625,0.0
6982,75.0,8.666015625,0.0
6983,78.75,8.649023437499999,0.0
6984,82.5,8.649023437499999,0.0
6985,78.75,8.666015625,0.0
6986,82.5,8.666015625,0.0
6987,86.25,8.649023437499999,0.0
6988,90.0,8.649023437499999,0.0
6989,86.25,8.666015625,0.0
6990,90.0,8.666015625,0.0
6991,63.75,8.6830078125,0.0
6992,67.5,8.6830078125,0.0
6993,71.25,8.6830078125,0.0
6994,75.0,8.6830078125,0.0
6995,63.75,8.7,0.0
6996,67.5,8.7,0.0
6997,71.25,8.7,0.0
6998,75.0,8.7,0.0
6999,78.75,8.6830078125,0.0
7000,82.5,8.6830078125,0.0
7001,78.75,8.7,0.0
7002,82.5,8.7,0.0
7003,86.25,8.6830078125,0.0
7004,90.0,8.6830078125,0.0
7005,86.25,8.7,0.0
7006,90.0,8.7,0.0
7007,93.75,0.0169921875,0.0
7008,93.75,-0.0,0.0
7009,93.75,0.033984375,0.0
7010,97.5,0.0169921875,0.0
7011,97.5,-0.0,0.0
7012,97.5,0.033984375,0.0
7013,93.75,0.0509765625,0.0
7014,93.75,0.06796875,0.0
7015,97.5,0.0509765625,0.0
7016,97.5,0.06796875,0.0
7017,93.75,0.0849609375,0.0
7018,97.5,0.0849609375,0.0
7019,93.75,0.09345703124999999,0.0
7020,93.75,0.101953125,0.0
7021,97.5,0.09345703124999999,0.0
7022,97.5,0.101953125,0.0
7023,93.75,0.11044921875,0.0
7024,93.75,0.1189453125,0.0
7025,97.5,0.11044921875,0.0
7026,97.5,0.1189453125,0.0
7027,93.75,0.12744140625,0.0
7028,93.75,0.1359375,0.0
7029,97.5,0.12744140625,0.0
7030,97.5,0.1359375,0.0
7031,93.75,0.14443359375,0.0
7032,93.75,0.1529296875,0.0
7033,97.5,0.14443359375,0.0
7034,97.5,0.1529296875,0.0
7035,93.75,0.16142578125,0.0
7036,93.75,0.169921875,0.0
7037,97.5,0.16142578125,0.0
7038,97.5,0.169921875,0.0
7039,93.75,0.17841796875,0.0
7040,93.75,0.1869140625,0.0
7041,97.5,0.17841796875,0.0
7042,97.5,0.1869140625,0.0
7043,93.75,0.19541015625,0.0
7044,93.75,0.2,0.0
7045,93.75,0.20390625,0.0
7046,97.5,0.19541015625,0.0
7047,97.5,0.2,0.0
7048,97.5,0.20390625,0.0
7049,93.75,0.21240234375,0.0
7050,93.75,0.2208984375,0.0
7051,97.5,0.21240234375,0.0
7052,97.5,0.2208984375,0.0
7053,93.75,0.22939453125,0.0
7054,93.75,0.237890625,0.0
7055,97.5,0.22939453125,0.0
7056,97.5,0.237890625,0.0
7057,93.75,0.24638671875,0.0
7058,93.75,0.2548828125,0.0
7059,97.5,0.24638671875,0.0
7060,97.5,0.2548828125,0.0
7061,93.75,0.26337890625,0.0
7062,93.75,0.271875,0.0
7063,97.5,0.26337890625,0.0
7064,97.5,0.271875,0.0
7065,93.75,0.28037109375,0.0
7066,93.75,0.2888671875,0.0
7067,97.5,0.28037109375,0.0
7068,97.5,0.2888671875,0.0
7069,93.75,0.29736328125,0.0
7070,93.75,0.305859375,0.0
7071,97.5,0.29736328125,0.0
7072,97.5,0.305859375,0.0
7073,93.75,0.3228515625,0.0
7074,97.5,0.3228515625,0.0
7075,93.75,0.33984375,0.0
7076,97.5,0.33984375,0.0
7077,93.75,0.373828125,0.0
7078,97.5,0.373828125,0.0
7079,93.75,0.4078125,0.0
7080,97.5,0.4078125,0.0
7081,93.75,0.4757812499999999,0.0
7082,97.5,0.4757812499999999,0.0
7083,93.75,0.54375,0.0
7084,97.5,0.54375,0.0
7085,93.75,0.6796875,0.0
7086,97.5,0.6796875,0.0
7087,93.75,0.8156249999999999,0.0
7088,97.5,0.8156249999999999,0.0
7089,93.75,1.0875,0.0
7090,97.5,1.0875,0.0
7091,93.75,1.359375,0.0
7092,93.75,1.63125,0.0
7093,97.5,1.359375,0.0
7094,97.5,1.63125,0.0
7095,93.75,1.903125,0.0
7096,93.75,2.175,0.0
7097,97.5,1.903125,0.0
7098,97.5,2.175,0.0
7099,93.75,2.446875,0.0
7100,93.75,2.71875,0.0
7101,97.5,2.446875,0.0
7102,97.5,2.71875,0.0
7103,93.75,2.990625,0.0
7104,93.75,3.2625,0.0
7105,97.5,2.990625,0.0
7106,97.5,3.2625,0.0
7107,93.75,3.534375,0.0
7108,93.75,3.806249999999999,0.0
7109,97.5,3.534375,0.0
7110,97.5,3.806249999999999,0.0
7111,93.75,4.078125,0.0
7112,93.75,4.35,0.0
7113,97.5,4.078125,0.0
7114,97.5,4.35,0.0
7115,101.25,0.0169921875,0.0
7116,101.25,-0.0,0.0
7117,101.25,0.033984375,0.0
7118,105.0,0.0169921875,0.0
7119,105.0,-0.0,0.0
7120,105.0,0.033984375,0.0
7121,101.25,0.0509765625,0.0
7122,101.25,0.06796875,0.0
7123,105.0,0.0509765625,0.0
7124,105.0,0.06796875,0.0
7125,101.25,0.0849609375,0.0
7126,105.0,0.0849609375,0.0
7127,101.25,0.09345703124999999,0.0
7128,101.25,0.101953125,0.0
7129,105.0,0.09345703124999999,0.0
7130,105.0,0.101953125,0.0
7131,101.25,0.11044921875,0.0
7132,101.25,0.1189453125,0.0
7133,105.0,0.11044921875,0.0
7134,105.0,0.1189453125,0.0
7135,101.25,0.12744140625,0.0
7136,101.25,0.1359375,0.0
7137,105.0,0.12744140625,0.0
7138,105.0,0.1359375,0.0
7139,101.25,0.14443359375,0.0
7140,101.25,0.1529296875,0.0
7141,105.0,0.14443359375,0.0
7142,105.0,0.1529296875,0.0
7143,101.25,0.16142578125,0.0
7144,101.25,0.169921875,0.0
7145,105.0,0.16142578125,0.0
7146,105.0,0.169921875,0.0
7147,101.25,0.17841796875,0.0
7148,101.25,0.1869140625,0.0
7149,105.0,0.17841796875,0.0
7150,105.0,0.1869140625,0.0
7151,101.25,0.19541015625,0.0
7152,101.25,0.2,0.0
7153,101.25,0.20390625,0.0
7154,105.0,0.19541015625,0.0
7155,105.0,0.2,0.0
7156,105.0,0.20390625,0.0
7157,101.25,0.21240234375,0.0
7158,101.25,0.2208984375,0.0
7159,105.0,0.21240234375,0.0
7160,105.0,0.2208984375,0.0
7161,101.25,0.22939453125,0.0
7162,101.25,0.237890625,0.0
7163,105.0,0.22939453125,0.0
7164,105.0,0.237890625,0.0
7165,101.25,0.24638671875,0.0
7166,101.25,0.2548828125,0.0
7167,105.0,0.24638671875,0.0
7168,105.0,0.2548828125,0.0
7169,101.25,0.26337890625,0.0
7170,101.25,0.271875,0.0
7171,105.0,0.26337890625,0.0
7172,105.0,0.271875,0.0
7173,101.25,0.28037109375,0.0
7174,101.25,0.2888671875,0.0
7175,105.0,0.28037109375,0.0
7176,105.0,0.2888671875,0.0
7177,101.25,0.29736328125,0.0
7178,101.25,0.305859375,0.0
7179,105.0,0.29736328125,0.0
7180,105.0,0.305859375,0.0
7181,101.25,0.3228515625,0.0
7182,105.0,0.3228515625,0.0
7183,101.25,0.33984375,0.0
7184,105.0,0.33984375,0.0
7185,101.25,0.373828125,0.0
7186,105.0,0.373828125,0.0
7187,101.25,0.4078125,0.0
7188,105.0,0.4078125,0.0
7189,101.25,0.4757812499999999,0.0
7190,105.0,0.4757812499999999,0.0
7191,101.25,0.54375,0.0
7192,105.0,0.54375,0.0
7193,101.25,0.6796875,0.0
7194,105.0,0.6796875,0.0
7195,101.25,0.8156249999999999,0.0
7196,105.0,0.8156249999999999,0.0
7197,101.25,1.0875,0.0
7198,105.0,1.0875,0.0
7199,101.25,1.359375,0.0
7200,101.25,1.63125,0.0
7201,105.0,1.359375,0.0
7202,105.0,1.63125,0.0
7203,101.25,1.903125,0.0
7204,101.25,2.175,0.0
7205,105.0,1.903125,0.0
7206,105.0,2.175,0.0
7207,101.25,2.446875,0.0
7208,101.25,2.71875,0.0
7209,105.0,2.446875,0.0
7210,105.0,2.71875,0.0
7211,101.25,2.990625,0.0
7212,101.25,3.2625,0.0
7213,105.0,2.990625,0.0
7214,105.0,3.2625,0.0
7215,101.25,3.534375,0.0
7216,101.25,3.806249999999999,0.0
7217,105.0,3.534375,0.0
7218,105.0,3.806249999999999,0.0
7219,101.25,4.078125,0.0
7220,101.25,4.35,0.0
7221,105.0,4.078125,0.0
7222,105.0,4.35,0.0
7223,93.75,4.621874999999999,0.0
7224,93.75,4.89375,0.0
7225,97.5,4.621874999999999,0.0
7226,97.5,4.89375,0.0
7227,93.75,5.165625,0.0
7228,93.75,5.4375,0.0
7229,97.5,5.165625,0.0
7230,97.5,5.4375,0.0
7231,93.75,5.709375,0.0
7232,93.75,5.981249999999999,0.0
7233,97.5,5.709375,0.0
7234,97.5,5.981249999999999,0.0
7235,93.75,6.253124999999999,0.0
7236,93.75,6.524999999999999,0.0
7237,97.5,6.253124999999999,0.0
7238,97.5,6.524999999999999,0.0
7239,101.25,4.621874999999999,0.0
7240,101.25,4.89375,0.0
7241,105.0,4.621874999999999,0.0
7242,105.0,4.89375,0.0
7243,101.25,5.165625,0.0
7244,101.25,5.4375,0.0
7245,105.0,5.165625,0.0
7246,105.0,5.4375,0.0
7247,101.25,5.709375,0.0
7248,101.25,5.981249999999999,0.0
7249,105.0,5.709375,0.0
7250,105.0,5.981249999999999,0.0
7251,101.25,6.253124999999999,0.0
7252,101.25,6.524999999999999,0.0
7253,105.0,6.253124999999999,0.0
7254,105.0,6.524999999999999,0.0
7255,93.75,6.796875,0.0
7256,93.75,7.06875,0.0
7257,97.5,6.796875,0.0
7258,97.5,7.06875,0.0
7259,93.75,7.340624999999999,0.0
7260,97.5,7.340624999999999,0.0
7261,93.75,7.612499999999999,0.0
7262,97.5,7.612499999999999,0.0
7263,101.25,6.796875,0.0
7264,101.25,7.06875,0.0
7265,105.0,6.796875,0.0
7266,105.0,7.06875,0.0
7267,101.25,7.340624999999999,0.0
7268,105.0,7.340624999999999,0.0
7269,101.25,7.612499999999999,0.0
7270,105.0,7.612499999999999,0.0
7271,93.75,7.7484375,0.0
7272,97.5,7.7484375,0.0
7273,93.75,7.884374999999999,0.0
7274,97.5,7.884374999999999,0.0
7275,93.75,7.952343749999999,0.0
7276,97.5,7.952343749999999,0.0
7277,93.75,8.0203125,0.0
7278,97.5,8.0203125,0.0
7279,93.75,8.054296874999999,0.0
7280,97.5,8.054296874999999,0.0
7281,93.75,8.0712890625,0.0
7282,97.5,8.0712890625,0.0
7283,93.75,8.08828125,0.0
7284,97.5,8.08828125,0.0
7285,93.75,8.096777343749999,0.0
7286,93.75,8.1052734375,0.0
7287,97.5,8.096777343749999,0.0
7288,97.5,8.1052734375,0.0
7289,93.75,8.11376953125,0.0
7290,93.75,8.122265625,0.0
7291,97.5,8.11376953125,0.0
7292,97.5,8.122265625,0.0
7293,93.75,8.130761718750001,0.0
7294,93.75,8.1392578125,0.0
7295,97.5,8.130761718750001,0.0
7296,97.5,8.1392578125,0.0
7297,93.75,8.14775390625,0.0
7298,93.75,8.15625,0.0
7299,97.5,8.14775390625,0.0
7300,97.5,8.15625,0.0
7301,101.25,7.7484375,0.0
7302,105.0,7.7484375,0.0
7303,101.25,7.884374999999999,0.0
7304,105.0,7.884374999999999,0.0
7305,101.25,7.952343749999999,0.0
7306,105.0,7.952343749999999,0.0
7307,101.25,8.0203125,0.0
7308,105.0,8.0203125,0.0
7309,101.25,8.054296874999999,0.0
7310,105.0,8.054296874999999,0.0
7311,101.25,8.0712890625,0.0
7312,105.0,8.0712890625,0.0
7313,101.25,8.08828125,0.0
7314,105.0,8.08828125,0.0
7315,101.25,8.096777343749999,0.0
7316,101.25,8.1052734375,0.0
7317,105.0,8.096777343749999,0.0
7318,105.0,8.1052734375,0.0
7319,101.25,8.11376953125,0.0
7320,101.25,8.122265625,0.0
7321,105.0,8.11376953125,0.0
7322,105.0,8.122265625,0.0
7323,101.25,8.130761718750001,0.0
7324,101.25,8.1392578125,0.0
7325,105.0,8.130761718750001,0.0
7326,105.0,8.1392578125,0.0
7327,101.25,8.14775390625,0.0
7328,101.25,8.15625,0.0
7329,105.0,8.14775390625,0.0
7330,105.0,8.15625,0.0
7331,93.75,8.16474609375,0.0
7332,93.75,8.1732421875,0.0
7333,97.5,8.16474609375,0.0
7334,97.5,8.1732421875,0.0
7335,93.75,8.181738281249999,0.0
7336,93.75,8.190234375,0.0
7337,97.5,8.181738281249999,0.0
7338,97.5,8.190234375,0.0
7339,101.25,8.16474609375,0.0
7340,101.25,8.1732421875,0.0
7341,105.0,8.16474609375,0.0
7342,105.0,8.1732421875,0.0
7343,101.25,8.181738281249999,0.0
7344,101.25,8.190234375,0.0
7345,105.0,8.181738281249999,0.0
7346,105.0,8.190234375,0.0
7347,93.75,8.19873046875,0.0
7348,93.75,8.2,0.0
7349,93.75,8.2072265625,0.0
7350,97.5,8.19873046875,0.0
7351,97.5,8.2,0.0
7352,97.5,8.2072265625,0.0
7353,101.25,8.19873046875,0.0
7354,101.25,8.2,0.0
7355,101.25,8.2072265625,0.0
7356,105.0,8.19873046875,0.0
7357,105.0,8.2,0.0
7358,105.0,8.2072265625,0.0
7359,93.75,8.215722656250001,0.0
7360,97.5,8.215722656250001,0.0
7361,93.75,8.22421875,0.0
7362,97.5,8.22421875,0.0
7363,101.25,8.215722656250001,0.0
7364,105.0,8.215722656250001,0.0
7365,101.25,8.22421875,0.0
7366,105.0,8.22421875,0.0
7367,93.75,8.23271484375,0.0
7368,97.5,8.23271484375,0.0
7369,93.75,8.2412109375,0.0
7370,97.5,8.2412109375,0.0
7371,101.25,8.23271484375,0.0
7372,105.0,8.23271484375,0.0
7373,101.25,8.2412109375,0.0
7374,105.0,8.2412109375,0.0
7375,93.75,8.24970703125,0.0
7376,97.5,8.24970703125,0.0
7377,93.75,8.258203125000001,0.0
7378,97.5,8.258203125000001,0.0
7379,101.25,8.24970703125,0.0
7380,105.0,8.24970703125,0.0
7381,101.25,8.258203125000001,0.0
7382,105.0,8.258203125000001,0.0
7383,93.75,8.266699218750002,0.0
7384,97.5,8.266699218750002,0.0
7385,93.75,8.275195312500001,0.0
7386,97.5,8.275195312500001,0.0
7387,101.25,8.266699218750002,0.0
7388,105.0,8.266699218750002,0.0
7389,101.25,8.275195312500001,0.0
7390,105.0,8.275195312500001,0.0
7391,93.75,8.28369140625,0.0
7392,97.5,8.28369140625,0.0
7393,93.75,8.2921875,0.0
7394,97.5,8.2921875,0.0
7395,101.25,8.28369140625,0.0
7396,105.0,8.28369140625,0.0
7397,101.25,8.2921875,0.0
7398,105.0,8.2921875,0.0
7399,93.75,8.300683593750001,0.0
7400,97.5,8.300683593750001,0.0
7401,93.75,8.3091796875,0.0
7402,97.5,8.3091796875,0.0
7403,101.25,8.300683593750001,0.0
7404,105.0,8.300683593750001,0.0
7405,101.25,8.3091796875,0.0
7406,105.0,8.3091796875,0.0
7407,93.75,8.326171875,0.0
7408,97.5,8.326171875,0.0
7409,101.25,8.326171875,0.0
7410,105.0,8.326171875,0.0
7411,93.75,8.3431640625,0.0
7412,97.5,8.3431640625,0.0
7413,93.75,8.36015625,0.0
7414,97.5,8.36015625,0.0
7415,101.25,8.3431640625,0.0
7416,105.0,8.3431640625,0.0
7417,101.25,8.36015625,0.0
7418,105.0,8.36015625,0.0
7419,93.75,8.377148437499999,0.0
7420,97.5,8.377148437499999,0.0
7421,93.75,8.394140624999999,0.0
7422,97.5,8.394140624999999,0.0
7423,101.25,8.377148437499999,0.0
7424,105.0,8.377148437499999,0.0
7425,101.25,8.394140624999999,0.0
7426,105.0,8.394140624999999,0.0
7427,93.75,8.4111328125,0.0
7428,97.5,8.4111328125,0.0
7429,93.75,8.428125,0.0
7430,97.5,8.428125,0.0
7431,101.25,8.4111328125,0.0
7432,105.0,8.4111328125,0.0
7433,101.25,8.428125,0.0
7434,105.0,8.428125,0.0
7435,93.75,8.4451171875,0.0
7436,97.5,8.4451171875,0.0
7437,93.75,8.462109375,0.0
7438,97.5,8.462109375,0.0
7439,101.25,8.4451171875,0.0
7440,105.0,8.4451171875,0.0
7441,101.25,8.462109375,0.0
7442,105.0,8.462109375,0.0
7443,93.75,8.4791015625,0.0
7444,97.5,8.4791015625,0.0
7445,93.75,8.49609375,0.0
7446,97.5,8.49609375,0.0
7447,101.25,8.4791015625,0.0
7448,105.0,8.4791015625,0.0
7449,101.25,8.49609375,0.0
7450,105.0,8.49609375,0.0
7451,93.75,8.5130859375,0.0
7452,97.5,8.5130859375,0.0
7453,93.75,8.530078125,0.0
7454,97.5,8.530078125,0.0
7455,101.25,8.5130859375,0.0
7456,105.0,8.5130859375,0.0
7457,101.25,8.530078125,0.0
7458,105.0,8.530078125,0.0
7459,93.75,8.547070312499999,0.0
7460,97.5,8.547070312499999,0.0
7461,93.75,8.564062499999999,0.0
7462,97.5,8.564062499999999,0.0
7463,101.25,8.547070312499999,0.0
7464,105.0,8.547070312499999,0.0
7465,101.25,8.564062499999999,0.0
7466,105.0,8.564062499999999,0.0
7467,93.75,8.581054687499998,0.0
7468,97.5,8.581054687499998,0.0
7469,93.75,8.598046874999998,0.0
7470,97.5,8.598046874999998,0.0
7471,101.25,8.581054687499998,0.0
7472,105.0,8.581054687499998,0.0
7473,101.25,8.598046874999998,0.0
7474,105.0,8.598046874999998,0.0
7475,93.75,8.6150390625,0.0
7476,97.5,8.6150390625,0.0
7477,93.75,8.632031249999999,0.0
7478,97.5,8.632031249999999,0.0
7479,101.25,8.6150390625,0.0
7480,105.0,8.6150390625,0.0
7481,101.25,8.632031249999999,0.0
7482,105.0,8.632031249999999,0.0
7483,93.75,8.649023437499999,0.0
7484,97.5,8.649023437499999,0.0
7485,93.75,8.666015625,0.0
7486,97.5,8.666015625,0.0
7487,101.25,8.649023437499999,0.0
7488,105.0,8.649023437499999,0.0
7489,101.25,8.666015625,0.0
7490,105.0,8.666015625,0.0
7491,93.75,8.6830078125,0.0
7492,97.5,8.6830078125,0.0
7493,93.75,8.7,0.0
7494,97.5,8.7,0.0
7495,101.25,8.6830078125,0.0
7496,105.0,8.6830078125,0.0
7497,101.25,8.7,0.0
7498,105.0,8.7,0.0
7499,108.75,0.0169921875,0.0
7500,108.75,-0.0,0.0
7501,108.75,0.033984375,0.0
7502,112.5,0.0169921875,0.0
7503,112.5,-0.0,0.0
7504,112.5,0.033984375,0.0
7505,108.75,0.0509765625,0.0
7506,108.75,0.06796875,0.0
7507,112.5,0.0509765625,0.0
7508,112.5,0.06796875,0.0
7509,108.75,0.0849609375,0.0
7510,112.5,0.0849609375,0.0
7511,108.75,0.09345703124999999,0.0
7512,108.75,0.101953125,0.0
7513,112.5,0.09345703124999999,0.0
7514,112.5,0.101953125,0.0
7515,108.75,0.11044921875,0.0
7516,108.75,0.1189453125,0.0
7517,112.5,0.11044921875,0.0
7518,112.5,0.1189453125,0.0
7519,108.75,0.12744140625,0.0
7520,108.75,0.1359375,0.0
7521,112.5,0.12744140625,0.0
7522,112.5,0.1359375,0.0
7523,108.75,0.14443359375,0.0
7524,108.75,0.1529296875,0.0
7525,112.5,0.14443359375,0.0
7526,112.5,0.1529296875,0.0
7527,108.75,0.16142578125,0.0
7528,108.75,0.169921875,0.0
7529,112.5,0.16142578125,0.0
7530,112.5,0.169921875,0.0
7531,108.75,0.17841796875,0.0
7532,108.75,0.1869140625,0.0
7533,112.5,0.17841796875,0.0
7534,112.5,0.1869140625,0.0
7535,108.75,0.19541015625,0.0
7536,108.75,0.2,0.0
7537,108.75,0.20390625,0.0
7538,112.5,0.19541015625,0.0
7539,112.5,0.2,0.0
7540,112.5,0.20390625,0.0
7541,108.75,0.21240234375,0.0
7542,108.75,0.2208984375,0.0
7543,112.5,0.21240234375,0.0
7544,112.5,0.2208984375,0.0
7545,108.75,0.22939453125,0.0
7546,108.75,0.237890625,0.0
7547,112.5,0.22939453125,0.0
7548,112.5,0.237890625,0.0
7549,108.75,0.24638671875,0.0
7550,108.75,0.2548828125,0.0
7551,112.5,0.24638671875,0.0
7552,112.5,0.2548828125,0.0
7553,108.75,0.26337890625,0.0
7554,108.75,0.271875,0.0
7555,112.5,0.26337890625,0.0
7556,112.5,0.271875,0.0
7557,108.75,0.28037109375,0.0
7558,108.75,0.2888671875,0.0
7559,112.5,0.28037109375,0.0
7560,112.5,0.2888671875,0.0
7561,108.75,0.29736328125,0.0
7562,108.75,0.305859375,0.0
7563,112.5,0.29736328125,0.0
7564,112.5,0.305859375,0.0
7565,108.75,0.3228515625,0.0
7566,112.5,0.3228515625,0.0
7567,108.75,0.33984375,0.0
7568,112.5,0.33984375,0.0
7569,108.75,0.373828125,0.0
7570,112.5,0.373828125,0.0
7571,108.75,0.4078125,0.0
7572,112.5,0.4078125,0.0
7573,108.75,0.4757812499999999,0.0
7574,112.5,0.4757812499999999,0.0
7575,108.75,0.54375,0.0
7576,112.5,0.54375,0.0
7577,108.75,0.6796875,0.0
7578,112.5,0.6796875,0.0
7579,108.75,0.8156249999999999,0.0
7580,112.5,0.8156249999999999,0.0
7581,108.75,1.0875,0.0
7582,112.5,1.0875,0.0
7583,108.75,1.359375,0.0
7584,108.75,1.63125,0.0
7585,112.5,1.359375,0.0
7586,112.5,1.63125,0.0
7587,108.75,1.903125,0.0
7588,108.75,2.175,0.0
7589,112.5,1.903125,0.0
7590,112.5,2.175,0.0
7591,108.75,2.446875,0.0
7592,108.75,2.71875,0.0
7593,112.5,2.446875,0.0
7594,112.5,2.71875,0.0
7595,108.75,2.990625,0.0
7596,108.75,3.2625,0.0
7597,112.5,2.990625,0.0
7598,112.5,3.2625,0.0
7599,108.75,3.534375,0.0
7600,108.75,3.806249999999999,0.0
7601,112.5,3.534375,0.0
7602,112.5,3.806249999999999,0.0
7603,108.75,4.078125,0.0
7604,108.75,4.35,0.0
7605,112.5,4.078125,0.0
7606,112.5,4.35,0.0
7607,108.75,4.621874999999999,0.0
7608,108.75,4.89375,0.0
7609,112.5,4.621874999999999,0.0
7610,112.5,4.89375,0.0
7611,108.75,5.165625,0.0
7612,108.75,5.4375,0.0
7613,112.5,5.165625,0.0
7614,112.5,5.4375,0.0
7615,108.75,5.709375,0.0
7616,108.75,5.981249999999999,0.0
7617,112.5,5.709375,0.0
7618,112.5,5.981249999999999,0.0
7619,108.75,6.253124999999999,0.0
7620,108.75,6.524999999999999,0.0
7621,112.5,6.253124999999999,0.0
7622,112.5,6.524999999999999,0.0
7623,108.75,6.796875,0.0
7624,108.75,7.06875,0.0
7625,112.5,6.796875,0.0
7626,112.5,7.06875,0.0
7627,108.75,7.340624999999999,0.0
7628,112.5,7.340624999999999,0.0
7629,108.75,7.612499999999999,0.0
7630,112.5,7.612499999999999,0.0
7631,108.75,7.7484375,0.0
7632,112.5,7.7484375,0.0
7633,108.75,7.884374999999999,0.0
7634,112.5,7.884374999999999,0.0
7635,108.75,7.952343749999999,0.0
7636,112.5,7.952343749999999,0.0
7637,108.75,8.0203125,0.0
7638,112.5,8.0203125,0.0
7639,108.75,8.054296874999999,0.0
7640,112.5,8.054296874999999,0.0
7641,108.75,8.0712890625,0.0
7642,112.5,8.0712890625,0.0
7643,108.75,8.08828125,0.0
7644,112.5,8.08828125,0.0
7645,108.75,8.096777343749999,0.0
7646,108.75,8.1052734375,0.0
7647,112.5,8.096777343749999,0.0
7648,112.5,8.1052734375,0.0
7649,108.75,8.11376953125,0.0
7650,108.75,8.122265625,0.0
7651,112.5,8.11376953125,0.0
7652,112.5,8.122265625,0.0
7653,108.75,8.130761718750001,0.0
7654,108.75,8.1392578125,0.0
7655,112.5,8.130761718750001,0.0
7656,112.5,8.1392578125,0.0
7657,108.75,8.14775390625,0.0
7658,108.75,8.15625,0.0
7659,112.5,8.14775390625,0.0
7660,112.5,8.15625,0.0
7661,108.75,8.16474609375,0.0
7662,108.75,8.1732421875,0.0
7663,112.5,8.16474609375,0.0
7664,112.5,8.1732421875,0.0
7665,108.75,8.181738281249999,0.0
7666,108.75,8.190234375,0.0
7667,112.5,8.181738281249999,0.0
7668,112.5,8.190234375,0.0
7669,108.75,8.19873046875,0.0
7670,108.75,8.2,0.0
7671,108.75,8.2072265625,0.0
7672,112.5,8.19873046875,0.0
7673,112.5,8.2,0.0
7674,112.5,8.2072265625,0.0
7675,108.75,8.215722656250001,0.0
7676,112.5,8.215722656250001,0.0
7677,108.75,8.22421875,0.0
7678,112.5,8.22421875,0.0
7679,108.75,8.23271484375,0.0
7680,112.5,8.23271484375,0.0
7681,108.75,8.2412109375,0.0
7682,112.5,8.2412109375,0.0
7683,108.75,8.24970703125,0.0
7684,112.5,8.24970703125,0.0
7685,108.75,8.258203125000001,0.0
7686,112.5,8.258203125000001,0.0
7687,108.75,8.266699218750002,0.0
7688,112.5,8.266699218750002,0.0
7689,108.75,8.275195312500001,0.0
7690,112.5,8.275195312500001,0.0
7691,108.75,8.28369140625,0.0
7692,112.5,8.28369140625,0.0
7693,108.75,8.2921875,0.0
7694,112.5,8.2921875,0.0
7695,108.75,8.300683593750001,0.0
7696,112.5,8.300683593750001,0.0
7697,108.75,8.3091796875,0.0
7698,112.5,8.3091796875,0.0
7699,108.75,8.326171875,0.0
7700,112.5,8.326171875,0.0
7701,108.75,8.3431640625,0.0
7702,112.5,8.3431640625,0.0
7703,108.75,8.36015625,0.0
7704,112.5,8.36015625,0.0
7705,108.75,8.377148437499999,0.0
7706,112.5,8.377148437499999,0.0
7707,108.75,8.394140624999999,0.0
7708,112.5,8.394140624999999,0.0
7709,108.75,8.4111328125,0.0
7710,112.5,8.4111328125,0.0
7711,108.75,8.428125,0.0
7712,112.5,8.428125,0.0
7713,108.75,8.4451171875,0.0
7714,112.5,8.4451171875,0.0
7715,108.75,8.462109375,0.0
7716,112.5,8.462109375,0.0
7717,108.75,8.4791015625,0.0
7718,112.5,8.4791015625,0.0
7719,108.75,8.49609375,0.0
7720,112.5,8.49609375,0.0
7721,108.75,8.5130859375,0.0
7722,112.5,8.5130859375,0.0
7723,108.75,8.530078125,0.0
7724,112.5,8.530078125,0.0
7725,108.75,8.547070312499999,0.0
7726,112.5,8.547070312499999,0.0
7727,108.75,8.564062499999999,0.0
7728,112.5,8.564062499999999,0.0
7729,108.75,8.581054687499998,0.0
7730,112.5,8.581054687499998,0.0
7731,108.75,8.598046874999998,0.0
7732,112.5,8.598046874999998,0.0
7733,108.75,8.6150390625,0.0
7734,112.5,8.6150390625,0.0
7735,108.75,8.632031249999999,0.0
7736,112.5,8.632031249999999,0.0
7737,108.75,8.649023437499999,0.0
7738,112.5,8.649023437499999,0.0
7739,108.75,8.666015625,0.0
7740,112.5,8.666015625,0.0
7741,108.75,8.6830078125,0.0
7742,112.5,8.6830078125,0.0
7743,108.75,8.7,0.0
7744,112.5,8.7,0.0
7745,116.25,0.0169921875,0.0
7746,116.25,-0.0,0.0
7747,116.25,0.033984375,0.0
7748,116.25,0.0509765625,0.0
7749,116.25,0.06796875,0.0
7750,116.25,0.0849609375,0.0
7751,116.25,0.09345703124999999,0.0
7752,116.25,0.101953125,0.0
7753,116.25,0.11044921875,0.0
7754,116.25,0.1189453125,0.0
7755,116.25,0.12744140625,0.0
7756,116.25,0.1359375,0.0
7757,116.25,0.14443359375,0.0
7758,116.25,0.1529296875,0.0
7759,116.25,0.16142578125,0.0
7760,116.25,0.169921875,0.0
7761,116.25,0.17841796875,0.0
7762,116.25,0.1869140625,0.0
7763,116.25,0.19541015625,0.0
7764,116.25,0.2,0.0
7765,116.25,0.20390625,0.0
7766,116.25,0.21240234375,0.0
7767,116.25,0.2208984375,0.0
7768,116.25,0.22939453125,0.0
7769,116.25,0.237890625,0.0
7770,116.25,0.24638671875,0.0
7771,116.25,0.2548828125,0.0
7772,116.25,0.26337890625,0.0
7773,116.25,0.271875,0.0
7774,116.25,0.28037109375,0.0
7775,116.25,0.2888671875,0.0
7776,116.25,0.29736328125,0.0
7777,116.25,0.305859375,0.0
7778,116.25,0.3228515625,0.0
7779,116.25,0.33984375,0.0
7780,116.25,0.373828125,0.0
7781,116.25,0.4078125,0.0
7782,116.25,0.4757812499999999,0.0
7783,116.25,0.54375,0.0
7784,120.0,0.0169921875,0.0
7785,120.0,0.033984375,0.0
7786,120.0,0.0509765625,0.0
7787,120.0,0.06796875,0.0
7788,120.0,0.0849609375,0.0
7789,120.0,0.09345703124999999,0.0
7790,120.0,0.101953125,0.0
7791,120.0,0.11044921875,0.0
7792,120.0,0.1189453125,0.0
7793,120.0,0.12744140625,0.0
7794,120.0,0.1359375,0.0
7795,120.0,0.14443359375,0.0
7796,120.0,0.1529296875,0.0
7797,120.0,0.16142578125,0.0
7798,120.0,0.169921875,0.0
7799,120.0,0.17841796875,0.0
7800,120.0,0.1869140625,0.0
7801,120.0,0.19541015625,0.0
7802,120.0,0.20390625,0.0
7803,120.0,0.21240234375,0.0
7804,120.0,0.2208984375,0.0
7805,120.0,0.22939453125,0.0
7806,120.0,0.237890625,0.0
7807,120.0,0.24638671875,0.0
7808,120.0,0.2548828125,0.0
7809,120.0,0.26337890625,0.0
7810,120.0,0.271875,0.0
7811,120.0,0.28037109375,0.0
7812,120.0,0.2888671875,0.0
7813,120.0,0.29736328125,0.0
7814,120.0,0.305859375,0.0
7815,120.0,0.3228515625,0.0
7816,120.0,0.33984375,0.0
7817,120.0,0.373828125,0.0
7818,120.0,0.4078125,0.0
7819,120.0,0.4757812499999999,0.0
7820,120.0,0.54375,0.0
7821,116.25,0.6796875,0.0
7822,116.25,0.8156249999999999,0.0
7823,116.25,1.0875,0.0
7824,120.0,0.6796875,0.0
7825,120.0,0.8156249999999999,0.0
7826,120.0,1.0875,0.0
7827,116.25,1.359375,0.0
7828,116.25,1.63125,0.0
7829,120.0,1.359375,0.0
7830,120.0,1.63125,0.0
7831,116.25,1.903125,0.0
7832,116.25,2.175,0.0
7833,120.0,1.903125,0.0
7834,120.0,2.175,0.0
7835,116.25,2.446875,0.0
7836,116.25,2.71875,0.0
7837,120.0,2.446875,0.0
7838,120.0,2.71875,0.0
7839,116.25,2.990625,0.0
7840,116.25,3.2625,0.0
7841,120.0,2.990625,0.0
7842,120.0,3.2625,0.0
7843,116.25,3.534375,0.0
7844,116.25,3.806249999999999,0.0
7845,120.0,3.534375,0.0
7846,120.0,3.806249999999999,0.0
7847,116.25,4.078125,0.0
7848,116.25,4.35,0.0
7849,120.0,4.078125,0.0
7850,120.0,4.35,0.0
7851,116.25,4.621874999999999,0.0
7852,116.25,4.89375,0.0
7853,116.25,5.165625,0.0
7854,116.25,5.4375,0.0
7855,116.25,5.709375,0.0
7856,116.25,5.981249999999999,0.0
7857,116.25,6.253124999999999,0.0
7858,116.25,6.524999999999999,0.0
7859,116.25,6.796875,0.0
7860,116.25,7.06875,0.0
7861,116.25,7.340624999999999,0.0
7862,116.25,7.612499999999999,0.0
7863,116.25,7.7484375,0.0
7864,116.25,7.884374999999999,0.0
7865,116.25,7.952343749999999,0.0
7866,116.25,8.0203125,0.0
7867,116.25,8.054296874999999,0.0
7868,116.25,8.0712890625,0.0
7869,116.25,8.08828125,0.0
7870,116.25,8.096777343749999,0.0
7871,116.25,8.1052734375,0.0
7872,116.25,8.11376953125,0.0
7873,116.25,8.122265625,0.0
7874,116.25,8.130761718750001,0.0
7875,116.25,8.1392578125,0.0
7876,116.25,8.14775390625,0.0
7877,116.25,8.15625,0.0
7878,116.25,8.16474609375,0.0
7879,116.25,8.1732421875,0.0
7880,116.25,8.181738281249999,0.0
7881,116.25,8.190234375,0.0
7882,116.25,8.19873046875,0.0
7883,116.25,8.2,0.0
7884,116.25,8.2072265625,0.0
7885,116.25,8.215722656250001,0.0
7886,116.25,8.22421875,0.0
7887,116.25,8.23271484375,0.0
7888,116.25,8.2412109375,0.0
7889,116.25,8.24970703125,0.0
7890,116.25,8.258203125000001,0.0
7891,116.25,8.266699218750002,0.0
7892,116.25,8.275195312500001,0.0
7893,116.25,8.28369140625,0.0
7894,116.25,8.2921875,0.0
7895,116.25,8.300683593750001,0.0
7896,116.25,8.3091796875,0.0
7897,116.25,8.326171875,0.0
7898,116.25,8.3431640625,0.0
7899,116.25,8.36015625,0.0
7900,116.25,8.377148437499999,0.0
7901,116.25,8.394140624999999,0.0
7902,116.25,8.4111328125,0.0
7903,116.25,8.428125,0.0
7904,116.25,8.4451171875,0.0
7905,116.25,8.462109375,0.0
7906,116.25,8.4791015625,0.0
7907,116.25,8.49609375,0.0
7908,116.25,8.5130859375,0.0
7909,116.25,8.530078125,0.0
7910,116.25,8.547070312499999,0.0
7911,116.25,8.564062499999999,0.0
7912,116.25,8.581054687499998,0.0
7913,116.25,8.598046874999998,0.0
7914,116.25,8.6150390625,0.0
7915,116.25,8.632031249999999,0.0
7916,116.25,8.649023437499999,0.0
7917,116.25,8.666015625,0.0
7918,116.25,8.6830078125,0.0
7919,116.25,8.7,0.0
7920,120.0,4.621874999999999,0.0
7921,120.0,4.89375,0.0
7922,120.0,5.165625,0.0
7923,120.0,5.4375,0.0
7924,120.0,5.709375,0.0
7925,120.0,5.981249999999999,0.0
7926,120.0,6.253124999999999,0.0
7927,120.0,6.524999999999999,0.0
7928,120.0,6.796875,0.0
7929,120.0,7.06875,0.0
7930,120.0,7.340624999999999,0.0
7931,120.0,7.612499999999999,0.0
7932,120.0,7.7484375,0.0
7933,120.0,7.884374999999999,0.0
7934,120.0,7.952343749999999,0.0
7935,120.0,8.0203125,0.0
7936,120.0,8.054296874999999,0.0
7937,120.0,8.0712890625,0.0
7938,120.0,8.08828125,0.0
7939,120.0,8.096777343749999,0.0
7940,120.0,8.1052734375,0.0
7941,120.0,8.11376953125,0.0
7942,120.0,8.122265625,0.0
7943,120.0,8.130761718750001,0.0
7944,120.0,8.1392578125,0.0
7945,120.0,8.14775390625,0.0
7946,120.0,8.15625,0.0
7947,120.0,8.16474609375,0.0
7948,120.0,8.1732421875,0.0
7949,120.0,8.181738281249999,0.0
7950,120.0,8.190234375,0.0
7951,120.0,8.19873046875,0.0
7952,120.0,8.2072265625,0.0
7953,120.0,8.215722656250001,0.0
7954,120.0,8.22421875,0.0
7955,120.0,8.23271484375,0.0
7956,120.0,8.2412109375,0.0
7957,120.0,8.24970703125,0.0
7958,120.0,8.258203125000001,0.0
7959,120.0,8.266699218750002,0.0
7960,120.0,8.275195312500001,0.0
7961,120.0,8.28369140625,0.0
7962,120.0,8.2921875,0.0
7963,120.0,8.300683593750001,0.0
7964,120.0,8.3091796875,0.0
7965,120.0,8.326171875,0.0
7966,120.0,8.3431640625,0.0
7967,120.0,8.36015625,0.0
7968,120.0,8.377148437499999,0.0
7969,120.0,8.394140624999999,0.0
7970,120.0,8.4111328125,0.0
7971,120.0,8.428125,0.0
7972,120.0,8.4451171875,0.0
7973,120.0,8.462109375,0.0
7974,120.0,8.4791015625,0.0
7975,120.0,8.49609375,0.0
7976,120.0,8.5130859375,0.0
7977,120.0,8.530078125,0.0
7978,120.0,8.547070312499999,0.0
7979,120.0,8.564062499999999,0.0
7980,120.0,8.581054687499998,0.0
7981,120.0,8.598046874999998,0.0
7982,120.0,8.6150390625,0.0
7983,120.0,8.632031249999999,0.0
7984,120.0,8.649023437499999,0.0
7985,120.0,8.666015625,0.0
7986,120.0,8.6830078125,0.0
7987,-120.0,8.2,0.0
7988,120.0,8.2,0.0
7989,120.0,8.7,0.0
7990,-120.0,8.7,0.0
7991,-120.0,-0.0,0.0
7992,120.0,-0.0,0.0
7993,120.0,0.2,0.0
7994,-120.0,0.2,0.0
