vertex_id,tcad_lateral_um,tcad_depth_um,optical_generation_cm^-3_s^-1
0,-116.25,0.014990234375,0.0
1,-116.25,-0.0,0.0
2,-120.0,0.014990234375,0.0
3,-116.25,0.02998046875,0.0
4,-120.0,0.02998046875,0.0
5,-112.5,0.014990234375,0.0
6,-112.5,-0.0,0.0
7,-112.5,0.02998046875,0.0
8,-116.25,0.044970703125,0.0
9,-120.0,0.044970703125,0.0
10,-116.25,0.0599609375,0.0
11,-120.0,0.0599609375,0.0
12,-112.5,0.044970703125,0.0
13,-112.5,0.0599609375,0.0
14,-116.25,0.074951171875,0.0
15,-120.0,0.074951171875,0.0
16,-112.5,0.074951171875,0.0
17,-116.25,0.08994140625,0.0
18,-120.0,0.08994140625,0.0
19,-112.5,0.08994140625,0.0
20,-116.25,0.09743652343749999,0.0
21,-120.0,0.09743652343749999,0.0
22,-116.25,0.104931640625,0.0
23,-120.0,0.104931640625,0.0
24,-112.5,0.09743652343749999,0.0
25,-112.5,0.104931640625,0.0
26,-116.25,0.1124267578125,0.0
27,-120.0,0.1124267578125,0.0
28,-116.25,0.119921875,0.0
29,-120.0,0.119921875,0.0
30,-112.5,0.1124267578125,0.0
31,-112.5,0.119921875,0.0
32,-116.25,0.1274169921875,0.0
33,-120.0,0.1274169921875,0.0
34,-116.25,0.134912109375,0.0
35,-120.0,0.134912109375,0.0
36,-112.5,0.1274169921875,0.0
37,-112.5,0.134912109375,0.0
38,-116.25,0.1424072265625,0.0
39,-120.0,0.1424072265625,0.0
40,-116.25,0.14990234375,0.0
41,-120.0,0.14990234375,0.0
42,-112.5,0.1424072265625,0.0
43,-112.5,0.14990234375,0.0
44,-116.25,0.1573974609375,0.0
45,-120.0,0.1573974609375,0.0
46,-116.25,0.164892578125,0.0
47,-120.0,0.164892578125,0.0
48,-112.5,0.1573974609375,0.0
49,-112.5,0.164892578125,0.0
50,-116.25,0.1723876953125,0.0
51,-120.0,0.1723876953125,0.0
52,-116.25,0.1798828125,0.0
53,-120.0,0.1798828125,0.0
54,-112.5,0.1723876953125,0.0
55,-112.5,0.1798828125,0.0
56,-116.25,0.1873779296875,0.0
57,-120.0,0.1873779296875,0.0
58,-116.25,0.194873046875,0.0
59,-120.0,0.194873046875,0.0
60,-112.5,0.1873779296875,0.0
61,-112.5,0.194873046875,0.0
62,-116.25,0.2,0.0
63,-116.25,0.2023681640625,0.0
64,-120.0,0.2023681640625,0.0
65,-116.25,0.20986328125,0.0
66,-120.0,0.20986328125,0.0
67,-112.5,0.2,0.0
68,-112.5,0.2023681640625,0.0
69,-112.5,0.20986328125,0.0
70,-116.25,0.2173583984375,0.0
71,-120.0,0.2173583984375,0.0
72,-116.25,0.224853515625,0.0
73,-120.0,0.224853515625,0.0
74,-112.5,0.2173583984375,0.0
75,-112.5,0.224853515625,0.0
76,-116.25,0.2323486328125,0.0
77,-120.0,0.2323486328125,0.0
78,-116.25,0.23984375,0.0
79,-120.0,0.23984375,0.0
80,-112.5,0.2323486328125,0.0
81,-112.5,0.23984375,0.0
82,-116.25,0.2473388671875,0.0
83,-120.0,0.2473388671875,0.0
84,-116.25,0.254833984375,0.0
85,-120.0,0.254833984375,0.0
86,-112.5,0.2473388671875,0.0
87,-112.5,0.254833984375,0.0
88,-116.25,0.2623291015625,0.0
89,-120.0,0.2623291015625,0.0
90,-116.25,0.26982421875,0.0
91,-120.0,0.26982421875,0.0
92,-112.5,0.2623291015625,0.0
93,-112.5,0.26982421875,0.0
94,-116.25,0.2773193359375,0.0
95,-120.0,0.2773193359375,0.0
96,-116.25,0.284814453125,0.0
97,-120.0,0.284814453125,0.0
98,-112.5,0.2773193359375,0.0
99,-112.5,0.284814453125,0.0
100,-116.25,0.2923095703125,0.0
101,-120.0,0.2923095703125,0.0
102,-116.25,0.2998046875,0.0
103,-120.0,0.2998046875,0.0
104,-112.5,0.2923095703125,0.0
105,-112.5,0.2998046875,0.0
106,-116.25,0.3072998046875,0.0
107,-120.0,0.3072998046875,0.0
108,-116.25,0.314794921875,0.0
109,-120.0,0.314794921875,0.0
110,-112.5,0.3072998046875,0.0
111,-112.5,0.314794921875,0.0
112,-116.25,0.32978515625,0.0
113,-120.0,0.32978515625,0.0
114,-112.5,0.32978515625,0.0
115,-116.25,0.359765625,0.0
116,-120.0,0.359765625,0.0
117,-112.5,0.359765625,0.0
118,-116.25,0.4197265625,0.0
119,-120.0,0.4197265625,0.0
120,-112.5,0.4197265625,0.0
121,-116.25,0.4796875,0.0
122,-120.0,0.4796875,0.0
123,-112.5,0.4796875,0.0
124,-116.25,0.599609375,0.0
125,-120.0,0.599609375,0.0
126,-112.5,0.599609375,0.0
127,-116.25,0.71953125,0.0
128,-120.0,0.71953125,0.0
129,-112.5,0.71953125,0.0
130,-116.25,0.959375,0.0
131,-120.0,0.959375,0.0
132,-112.5,0.959375,0.0
133,-116.25,1.4390625,0.0
134,-120.0,1.4390625,0.0
135,-112.5,1.4390625,0.0
136,-116.25,1.91875,0.0
137,-120.0,1.91875,0.0
138,-112.5,1.91875,0.0
139,-116.25,2.3984375,0.0
140,-120.0,2.3984375,0.0
141,-116.25,2.878125,0.0
142,-120.0,2.878125,0.0
143,-112.5,2.3984375,0.0
144,-112.5,2.878125,0.0
145,-116.25,3.3578125,0.0
146,-120.0,3.3578125,0.0
147,-116.25,3.8375,0.0
148,-120.0,3.8375,0.0
149,-112.5,3.3578125,0.0
150,-112.5,3.8375,0.0
151,-116.25,4.3171875,0.0
152,-120.0,4.3171875,0.0
153,-116.25,4.796875,0.0
154,-120.0,4.796875,0.0
155,-112.5,4.3171875,0.0
156,-112.5,4.796875,0.0
157,-116.25,5.2765625,0.0
158,-120.0,5.2765625,0.0
159,-116.25,5.75625,0.0
160,-120.0,5.75625,0.0
161,-112.5,5.2765625,0.0
162,-112.5,5.75625,0.0
163,-116.25,6.235937499999999,0.0
164,-120.0,6.235937499999999,0.0
165,-116.25,6.715624999999999,0.0
166,-120.0,6.715624999999999,0.0
167,-112.5,6.235937499999999,0.0
168,-112.5,6.715624999999999,0.0
169,-116.25,7.1953125,0.0
170,-120.0,7.1953125,0.0
171,-116.25,7.675,0.0
172,-120.0,7.675,0.0
173,-112.5,7.1953125,0.0
174,-112.5,7.675,0.0
175,-108.75,0.014990234375,0.0
176,-108.75,-0.0,0.0
177,-108.75,0.02998046875,0.0
178,-105.0,0.014990234375,0.0
179,-105.0,-0.0,0.0
180,-105.0,0.02998046875,0.0
181,-108.75,0.044970703125,0.0
182,-108.75,0.0599609375,0.0
183,-105.0,0.044970703125,0.0
184,-105.0,0.0599609375,0.0
185,-108.75,0.074951171875,0.0
186,-105.0,0.074951171875,0.0
187,-108.75,0.08994140625,0.0
188,-105.0,0.08994140625,0.0
189,-108.75,0.09743652343749999,0.0
190,-108.75,0.104931640625,0.0
191,-105.0,0.09743652343749999,0.0
192,-105.0,0.104931640625,0.0
193,-108.75,0.1124267578125,0.0
194,-108.75,0.119921875,0.0
195,-105.0,0.1124267578125,0.0
196,-105.0,0.119921875,0.0
197,-108.75,0.1274169921875,0.0
198,-108.75,0.134912109375,0.0
199,-105.0,0.1274169921875,0.0
200,-105.0,0.134912109375,0.0
201,-108.75,0.1424072265625,0.0
202,-108.75,0.14990234375,0.0
203,-105.0,0.1424072265625,0.0
204,-105.0,0.14990234375,0.0
205,-108.75,0.1573974609375,0.0
206,-108.75,0.164892578125,0.0
207,-105.0,0.1573974609375,0.0
208,-105.0,0.164892578125,0.0
209,-108.75,0.1723876953125,0.0
210,-108.75,0.1798828125,0.0
211,-105.0,0.1723876953125,0.0
212,-105.0,0.1798828125,0.0
213,-108.75,0.1873779296875,0.0
214,-108.75,0.194873046875,0.0
215,-105.0,0.1873779296875,0.0
216,-105.0,0.194873046875,0.0
217,-108.75,0.2,0.0
218,-108.75,0.2023681640625,0.0
219,-108.75,0.20986328125,0.0
220,-105.0,0.2,0.0
221,-105.0,0.2023681640625,0.0
222,-105.0,0.20986328125,0.0
223,-108.75,0.2173583984375,0.0
224,-108.75,0.224853515625,0.0
225,-105.0,0.2173583984375,0.0
226,-105.0,0.224853515625,0.0
227,-108.75,0.2323486328125,0.0
228,-108.75,0.23984375,0.0
229,-105.0,0.2323486328125,0.0
230,-105.0,0.23984375,0.0
231,-108.75,0.2473388671875,0.0
232,-108.75,0.254833984375,0.0
233,-105.0,0.2473388671875,0.0
234,-105.0,0.254833984375,0.0
235,-108.75,0.2623291015625,0.0
236,-108.75,0.26982421875,0.0
237,-105.0,0.2623291015625,0.0
238,-105.0,0.26982421875,0.0
239,-108.75,0.2773193359375,0.0
240,-108.75,0.284814453125,0.0
241,-105.0,0.2773193359375,0.0
242,-105.0,0.284814453125,0.0
243,-108.75,0.2923095703125,0.0
244,-108.75,0.2998046875,0.0
245,-105.0,0.2923095703125,0.0
246,-105.0,0.2998046875,0.0
247,-108.75,0.3072998046875,0.0
248,-108.75,0.314794921875,0.0
249,-105.0,0.3072998046875,0.0
250,-105.0,0.314794921875,0.0
251,-108.75,0.32978515625,0.0
252,-105.0,0.32978515625,0.0
253,-108.75,0.359765625,0.0
254,-105.0,0.359765625,0.0
255,-108.75,0.4197265625,0.0
256,-105.0,0.4197265625,0.0
257,-108.75,0.4796875,0.0
258,-105.0,0.4796875,0.0
259,-108.75,0.599609375,0.0
260,-105.0,0.599609375,0.0
261,-108.75,0.71953125,0.0
262,-105.0,0.71953125,0.0
263,-108.75,0.959375,0.0
264,-105.0,0.959375,0.0
265,-108.75,1.4390625,0.0
266,-105.0,1.4390625,0.0
267,-108.75,1.91875,0.0
268,-105.0,1.91875,0.0
269,-108.75,2.3984375,0.0
270,-108.75,2.878125,0.0
271,-105.0,2.3984375,0.0
272,-105.0,2.878125,0.0
273,-108.75,3.3578125,0.0
274,-108.75,3.8375,0.0
275,-105.0,3.3578125,0.0
276,-105.0,3.8375,0.0
277,-108.75,4.3171875,0.0
278,-108.75,4.796875,0.0
279,-105.0,4.3171875,0.0
280,-105.0,4.796875,0.0
281,-108.75,5.2765625,0.0
282,-108.75,5.75625,0.0
283,-105.0,5.2765625,0.0
284,-105.0,5.75625,0.0
285,-108.75,6.235937499999999,0.0
286,-108.75,6.715624999999999,0.0
287,-105.0,6.235937499999999,0.0
288,-105.0,6.715624999999999,0.0
289,-108.75,7.1953125,0.0
290,-108.75,7.675,0.0
291,-105.0,7.1953125,0.0
292,-105.0,7.675,0.0
293,-116.25,8.1546875,0.0
294,-120.0,8.1546875,0.0
295,-116.25,8.634375,0.0
296,-120.0,8.634375,0.0
297,-112.5,8.1546875,0.0
298,-112.5,8.634375,0.0
299,-116.25,9.1140625,0.0
300,-120.0,9.1140625,0.0
301,-116.25,9.59375,0.0
302,-120.0,9.59375,0.0
303,-112.5,9.1140625,0.0
304,-112.5,9.59375,0.0
305,-116.25,10.0734375,0.0
306,-120.0,10.0734375,0.0
307,-116.25,10.553125,0.0
308,-120.0,10.553125,0.0
309,-112.5,10.0734375,0.0
310,-112.5,10.553125,0.0
311,-116.25,11.0328125,0.0
312,-120.0,11.0328125,0.0
313,-116.25,11.5125,0.0
314,-120.0,11.5125,0.0
315,-112.5,11.0328125,0.0
316,-112.5,11.5125,0.0
317,-116.25,11.9921875,0.0
318,-120.0,11.9921875,0.0
319,-116.25,12.471875,0.0
320,-120.0,12.471875,0.0
321,-112.5,11.9921875,0.0
322,-112.5,12.471875,0.0
323,-116.25,12.9515625,0.0
324,-120.0,12.9515625,0.0
325,-116.25,13.43125,0.0
326,-120.0,13.43125,0.0
327,-112.5,12.9515625,0.0
328,-112.5,13.43125,0.0
329,-116.25,13.9109375,0.0
330,-120.0,13.9109375,0.0
331,-116.25,14.390625,0.0
332,-120.0,14.390625,0.0
333,-112.5,13.9109375,0.0
334,-112.5,14.390625,0.0
335,-116.25,14.8703125,0.0
336,-120.0,14.8703125,0.0
337,-116.25,15.35,0.0
338,-120.0,15.35,0.0
339,-112.5,14.8703125,0.0
340,-112.5,15.35,0.0
341,-108.75,8.1546875,0.0
342,-108.75,8.634375,0.0
343,-105.0,8.1546875,0.0
344,-105.0,8.634375,0.0
345,-108.75,9.1140625,0.0
346,-108.75,9.59375,0.0
347,-105.0,9.1140625,0.0
348,-105.0,9.59375,0.0
349,-108.75,10.0734375,0.0
350,-108.75,10.553125,0.0
351,-105.0,10.0734375,0.0
352,-105.0,10.553125,0.0
353,-108.75,11.0328125,0.0
354,-108.75,11.5125,0.0
355,-105.0,11.0328125,0.0
356,-105.0,11.5125,0.0
357,-108.75,11.9921875,0.0
358,-108.75,12.471875,0.0
359,-105.0,11.9921875,0.0
360,-105.0,12.471875,0.0
361,-108.75,12.9515625,0.0
362,-108.75,13.43125,0.0
363,-105.0,12.9515625,0.0
364,-105.0,13.43125,0.0
365,-108.75,13.9109375,0.0
366,-108.75,14.390625,0.0
367,-105.0,13.9109375,0.0
368,-105.0,14.390625,0.0
369,-108.75,14.8703125,0.0
370,-108.75,15.35,0.0
371,-105.0,14.8703125,0.0
372,-105.0,15.35,0.0
373,-101.25,0.014990234375,0.0
374,-101.25,-0.0,0.0
375,-101.25,0.02998046875,0.0
376,-97.5,0.014990234375,0.0
377,-97.5,-0.0,0.0
378,-97.5,0.02998046875,0.0
379,-101.25,0.044970703125,0.0
380,-101.25,0.0599609375,0.0
381,-97.5,0.044970703125,0.0
382,-97.5,0.0599609375,0.0
383,-101.25,0.074951171875,0.0
384,-97.5,0.074951171875,0.0
385,-101.25,0.08994140625,0.0
386,-97.5,0.08994140625,0.0
387,-101.25,0.09743652343749999,0.0
388,-101.25,0.104931640625,0.0
389,-97.5,0.09743652343749999,0.0
390,-97.5,0.104931640625,0.0
391,-101.25,0.1124267578125,0.0
392,-101.25,0.119921875,0.0
393,-97.5,0.1124267578125,0.0
394,-97.5,0.119921875,0.0
395,-101.25,0.1274169921875,0.0
396,-101.25,0.134912109375,0.0
397,-97.5,0.1274169921875,0.0
398,-97.5,0.134912109375,0.0
399,-101.25,0.1424072265625,0.0
400,-101.25,0.14990234375,0.0
401,-97.5,0.1424072265625,0.0
402,-97.5,0.14990234375,0.0
403,-101.25,0.1573974609375,0.0
404,-101.25,0.164892578125,0.0
405,-97.5,0.1573974609375,0.0
406,-97.5,0.164892578125,0.0
407,-101.25,0.1723876953125,0.0
408,-101.25,0.1798828125,0.0
409,-97.5,0.1723876953125,0.0
410,-97.5,0.1798828125,0.0
411,-101.25,0.1873779296875,0.0
412,-101.25,0.194873046875,0.0
413,-97.5,0.1873779296875,0.0
414,-97.5,0.194873046875,0.0
415,-101.25,0.2,0.0
416,-101.25,0.2023681640625,0.0
417,-101.25,0.20986328125,0.0
418,-97.5,0.2,0.0
419,-97.5,0.2023681640625,0.0
420,-97.5,0.20986328125,0.0
421,-101.25,0.2173583984375,0.0
422,-101.25,0.224853515625,0.0
423,-97.5,0.2173583984375,0.0
424,-97.5,0.224853515625,0.0
425,-101.25,0.2323486328125,0.0
426,-101.25,0.23984375,0.0
427,-97.5,0.2323486328125,0.0
428,-97.5,0.23984375,0.0
429,-101.25,0.2473388671875,0.0
430,-101.25,0.254833984375,0.0
431,-97.5,0.2473388671875,0.0
432,-97.5,0.254833984375,0.0
433,-101.25,0.2623291015625,0.0
434,-101.25,0.26982421875,0.0
435,-97.5,0.2623291015625,0.0
436,-97.5,0.26982421875,0.0
437,-101.25,0.2773193359375,0.0
438,-101.25,0.284814453125,0.0
439,-97.5,0.2773193359375,0.0
440,-97.5,0.284814453125,0.0
441,-101.25,0.2923095703125,0.0
442,-101.25,0.2998046875,0.0
443,-97.5,0.2923095703125,0.0
444,-97.5,0.2998046875,0.0
445,-101.25,0.3072998046875,0.0
446,-101.25,0.314794921875,0.0
447,-97.5,0.3072998046875,0.0
448,-97.5,0.314794921875,0.0
449,-101.25,0.32978515625,0.0
450,-97.5,0.32978515625,0.0
451,-101.25,0.359765625,0.0
452,-97.5,0.359765625,0.0
453,-101.25,0.4197265625,0.0
454,-97.5,0.4197265625,0.0
455,-101.25,0.4796875,0.0
456,-97.5,0.4796875,0.0
457,-101.25,0.599609375,0.0
458,-97.5,0.599609375,0.0
459,-101.25,0.71953125,0.0
460,-97.5,0.71953125,0.0
461,-101.25,0.959375,0.0
462,-97.5,0.959375,0.0
463,-101.25,1.4390625,0.0
464,-97.5,1.4390625,0.0
465,-101.25,1.91875,0.0
466,-97.5,1.91875,0.0
467,-101.25,2.3984375,0.0
468,-101.25,2.878125,0.0
469,-97.5,2.3984375,0.0
470,-97.5,2.878125,0.0
471,-101.25,3.3578125,0.0
472,-101.25,3.8375,0.0
473,-97.5,3.3578125,0.0
474,-97.5,3.8375,0.0
475,-101.25,4.3171875,0.0
476,-101.25,4.796875,0.0
477,-97.5,4.3171875,0.0
478,-97.5,4.796875,0.0
479,-101.25,5.2765625,0.0
480,-101.25,5.75625,0.0
481,-97.5,5.2765625,0.0
482,-97.5,5.75625,0.0
483,-101.25,6.235937499999999,0.0
484,-101.25,6.715624999999999,0.0
485,-97.5,6.235937499999999,0.0
486,-97.5,6.715624999999999,0.0
487,-101.25,7.1953125,0.0
488,-101.25,7.675,0.0
489,-97.5,7.1953125,0.0
490,-97.5,7.675,0.0
491,-93.75,0.014990234375,0.0
492,-93.75,-0.0,0.0
493,-93.75,0.02998046875,0.0
494,-90.0,0.014990234375,0.0
495,-90.0,-0.0,0.0
496,-90.0,0.02998046875,0.0
497,-93.75,0.044970703125,0.0
498,-93.75,0.0599609375,0.0
499,-90.0,0.044970703125,0.0
500,-90.0,0.0599609375,0.0
501,-93.75,0.074951171875,0.0
502,-90.0,0.074951171875,0.0
503,-93.75,0.08994140625,0.0
504,-90.0,0.08994140625,0.0
505,-93.75,0.09743652343749999,0.0
506,-93.75,0.104931640625,0.0
507,-90.0,0.09743652343749999,0.0
508,-90.0,0.104931640625,0.0
509,-93.75,0.1124267578125,0.0
510,-93.75,0.119921875,0.0
511,-90.0,0.1124267578125,0.0
512,-90.0,0.119921875,0.0
513,-93.75,0.1274169921875,0.0
514,-93.75,0.134912109375,0.0
515,-90.0,0.1274169921875,0.0
516,-90.0,0.134912109375,0.0
517,-93.75,0.1424072265625,0.0
518,-93.75,0.14990234375,0.0
519,-90.0,0.1424072265625,0.0
520,-90.0,0.14990234375,0.0
521,-93.75,0.1573974609375,0.0
522,-93.75,0.164892578125,0.0
523,-90.0,0.1573974609375,0.0
524,-90.0,0.164892578125,0.0
525,-93.75,0.1723876953125,0.0
526,-93.75,0.1798828125,0.0
527,-90.0,0.1723876953125,0.0
528,-90.0,0.1798828125,0.0
529,-93.75,0.1873779296875,0.0
530,-93.75,0.194873046875,0.0
531,-90.0,0.1873779296875,0.0
532,-90.0,0.194873046875,0.0
533,-93.75,0.2,0.0
534,-93.75,0.2023681640625,0.0
535,-93.75,0.20986328125,0.0
536,-90.0,0.2,0.0
537,-90.0,0.2023681640625,0.0
538,-90.0,0.20986328125,0.0
539,-93.75,0.2173583984375,0.0
540,-93.75,0.224853515625,0.0
541,-90.0,0.2173583984375,0.0
542,-90.0,0.224853515625,0.0
543,-93.75,0.2323486328125,0.0
544,-93.75,0.23984375,0.0
545,-90.0,0.2323486328125,0.0
546,-90.0,0.23984375,0.0
547,-93.75,0.2473388671875,0.0
548,-93.75,0.254833984375,0.0
549,-90.0,0.2473388671875,0.0
550,-90.0,0.254833984375,0.0
551,-93.75,0.2623291015625,0.0
552,-93.75,0.26982421875,0.0
553,-90.0,0.2623291015625,0.0
554,-90.0,0.26982421875,0.0
555,-93.75,0.2773193359375,0.0
556,-93.75,0.284814453125,0.0
557,-90.0,0.2773193359375,0.0
558,-90.0,0.284814453125,0.0
559,-93.75,0.2923095703125,0.0
560,-93.75,0.2998046875,0.0
561,-90.0,0.2923095703125,0.0
562,-90.0,0.2998046875,0.0
563,-93.75,0.3072998046875,0.0
564,-93.75,0.314794921875,0.0
565,-90.0,0.3072998046875,0.0
566,-90.0,0.314794921875,0.0
567,-93.75,0.32978515625,0.0
568,-90.0,0.32978515625,0.0
569,-93.75,0.359765625,0.0
570,-90.0,0.359765625,0.0
571,-93.75,0.4197265625,0.0
572,-90.0,0.4197265625,0.0
573,-93.75,0.4796875,0.0
574,-90.0,0.4796875,0.0
575,-93.75,0.599609375,0.0
576,-90.0,0.599609375,0.0
577,-93.75,0.71953125,0.0
578,-90.0,0.71953125,0.0
579,-93.75,0.959375,0.0
580,-90.0,0.959375,0.0
581,-93.75,1.4390625,0.0
582,-90.0,1.4390625,0.0
583,-93.75,1.91875,0.0
584,-90.0,1.91875,0.0
585,-93.75,2.3984375,0.0
586,-93.75,2.878125,0.0
587,-90.0,2.3984375,0.0
588,-90.0,2.878125,0.0
589,-93.75,3.3578125,0.0
590,-93.75,3.8375,0.0
591,-90.0,3.3578125,0.0
592,-90.0,3.8375,0.0
593,-93.75,4.3171875,0.0
594,-93.75,4.796875,0.0
595,-90.0,4.3171875,0.0
596,-90.0,4.796875,0.0
597,-93.75,5.2765625,0.0
598,-93.75,5.75625,0.0
599,-90.0,5.2765625,0.0
600,-90.0,5.75625,0.0
601,-93.75,6.235937499999999,0.0
602,-93.75,6.715624999999999,0.0
603,-90.0,6.235937499999999,0.0
604,-90.0,6.715624999999999,0.0
605,-93.75,7.1953125,0.0
606,-93.75,7.675,0.0
607,-90.0,7.1953125,0.0
608,-90.0,7.675,0.0
609,-101.25,8.1546875,0.0
610,-101.25,8.634375,0.0
611,-97.5,8.1546875,0.0
612,-97.5,8.634375,0.0
613,-101.25,9.1140625,0.0
614,-101.25,9.59375,0.0
615,-97.5,9.1140625,0.0
616,-97.5,9.59375,0.0
617,-101.25,10.0734375,0.0
618,-101.25,10.553125,0.0
619,-97.5,10.0734375,0.0
620,-97.5,10.553125,0.0
621,-101.25,11.0328125,0.0
622,-101.25,11.5125,0.0
623,-97.5,11.0328125,0.0
624,-97.5,11.5125,0.0
625,-101.25,11.9921875,0.0
626,-101.25,12.471875,0.0
627,-97.5,11.9921875,0.0
628,-97.5,12.471875,0.0
629,-101.25,12.9515625,0.0
630,-101.25,13.43125,0.0
631,-97.5,12.9515625,0.0
632,-97.5,13.43125,0.0
633,-101.25,13.9109375,0.0
634,-101.25,14.390625,0.0
635,-97.5,13.9109375,0.0
636,-97.5,14.390625,0.0
637,-101.25,14.8703125,0.0
638,-101.25,15.35,0.0
639,-97.5,14.8703125,0.0
640,-97.5,15.35,0.0
641,-93.75,8.1546875,0.0
642,-93.75,8.634375,0.0
643,-90.0,8.1546875,0.0
644,-90.0,8.634375,0.0
645,-93.75,9.1140625,0.0
646,-93.75,9.59375,0.0
647,-90.0,9.1140625,0.0
648,-90.0,9.59375,0.0
649,-93.75,10.0734375,0.0
650,-93.75,10.553125,0.0
651,-90.0,10.0734375,0.0
652,-90.0,10.553125,0.0
653,-93.75,11.0328125,0.0
654,-93.75,11.5125,0.0
655,-90.0,11.0328125,0.0
656,-90.0,11.5125,0.0
657,-93.75,11.9921875,0.0
658,-93.75,12.471875,0.0
659,-90.0,11.9921875,0.0
660,-90.0,12.471875,0.0
661,-93.75,12.9515625,0.0
662,-93.75,13.43125,0.0
663,-90.0,12.9515625,0.0
664,-90.0,13.43125,0.0
665,-93.75,13.9109375,0.0
666,-93.75,14.390625,0.0
667,-90.0,13.9109375,0.0
668,-90.0,14.390625,0.0
669,-93.75,14.8703125,0.0
670,-93.75,15.35,0.0
671,-90.0,14.8703125,0.0
672,-90.0,15.35,0.0
673,-86.25,0.014990234375,0.0
674,-86.25,-0.0,0.0
675,-86.25,0.02998046875,0.0
676,-82.5,0.014990234375,0.0
677,-82.5,-0.0,0.0
678,-82.5,0.02998046875,0.0
679,-86.25,0.044970703125,0.0
680,-86.25,0.0599609375,0.0
681,-82.5,0.044970703125,0.0
682,-82.5,0.0599609375,0.0
683,-86.25,0.074951171875,0.0
684,-82.5,0.074951171875,0.0
685,-86.25,0.08994140625,0.0
686,-82.5,0.08994140625,0.0
687,-86.25,0.09743652343749999,0.0
688,-86.25,0.104931640625,0.0
689,-82.5,0.09743652343749999,0.0
690,-82.5,0.104931640625,0.0
691,-86.25,0.1124267578125,0.0
692,-86.25,0.119921875,0.0
693,-82.5,0.1124267578125,0.0
694,-82.5,0.119921875,0.0
695,-86.25,0.1274169921875,0.0
696,-86.25,0.134912109375,0.0
697,-82.5,0.1274169921875,0.0
698,-82.5,0.134912109375,0.0
699,-86.25,0.1424072265625,0.0
700,-86.25,0.14990234375,0.0
701,-82.5,0.1424072265625,0.0
702,-82.5,0.14990234375,0.0
703,-86.25,0.1573974609375,0.0
704,-86.25,0.164892578125,0.0
705,-82.5,0.1573974609375,0.0
706,-82.5,0.164892578125,0.0
707,-86.25,0.1723876953125,0.0
708,-86.25,0.1798828125,0.0
709,-82.5,0.1723876953125,0.0
710,-82.5,0.1798828125,0.0
711,-86.25,0.1873779296875,0.0
712,-86.25,0.194873046875,0.0
713,-82.5,0.1873779296875,0.0
714,-82.5,0.194873046875,0.0
715,-86.25,0.2,0.0
716,-86.25,0.2023681640625,0.0
717,-86.25,0.20986328125,0.0
718,-82.5,0.2,0.0
719,-82.5,0.2023681640625,0.0
720,-82.5,0.20986328125,0.0
721,-86.25,0.2173583984375,0.0
722,-86.25,0.224853515625,0.0
723,-82.5,0.2173583984375,0.0
724,-82.5,0.224853515625,0.0
725,-86.25,0.2323486328125,0.0
726,-86.25,0.23984375,0.0
727,-82.5,0.2323486328125,0.0
728,-82.5,0.23984375,0.0
729,-86.25,0.2473388671875,0.0
730,-86.25,0.254833984375,0.0
731,-82.5,0.2473388671875,0.0
732,-82.5,0.254833984375,0.0
733,-86.25,0.2623291015625,0.0
734,-86.25,0.26982421875,0.0
735,-82.5,0.2623291015625,0.0
736,-82.5,0.26982421875,0.0
737,-86.25,0.2773193359375,0.0
738,-86.25,0.284814453125,0.0
739,-82.5,0.2773193359375,0.0
740,-82.5,0.284814453125,0.0
741,-86.25,0.2923095703125,0.0
742,-86.25,0.2998046875,0.0
743,-82.5,0.2923095703125,0.0
744,-82.5,0.2998046875,0.0
745,-86.25,0.3072998046875,0.0
746,-86.25,0.314794921875,0.0
747,-82.5,0.3072998046875,0.0
748,-82.5,0.314794921875,0.0
749,-86.25,0.32978515625,0.0
750,-82.5,0.32978515625,0.0
751,-86.25,0.359765625,0.0
752,-82.5,0.359765625,0.0
753,-86.25,0.4197265625,0.0
754,-82.5,0.4197265625,0.0
755,-86.25,0.4796875,0.0
756,-82.5,0.4796875,0.0
757,-86.25,0.599609375,0.0
758,-82.5,0.599609375,0.0
759,-86.25,0.71953125,0.0
760,-82.5,0.71953125,0.0
761,-86.25,0.959375,0.0
762,-82.5,0.959375,0.0
763,-86.25,1.4390625,0.0
764,-82.5,1.4390625,0.0
765,-86.25,1.91875,0.0
766,-82.5,1.91875,0.0
767,-86.25,2.3984375,0.0
768,-86.25,2.878125,0.0
769,-82.5,2.3984375,0.0
770,-82.5,2.878125,0.0
771,-86.25,3.3578125,0.0
772,-86.25,3.8375,0.0
773,-82.5,3.3578125,0.0
774,-82.5,3.8375,0.0
775,-86.25,4.3171875,0.0
776,-86.25,4.796875,0.0
777,-82.5,4.3171875,0.0
778,-82.5,4.796875,0.0
779,-86.25,5.2765625,0.0
780,-86.25,5.75625,0.0
781,-82.5,5.2765625,0.0
782,-82.5,5.75625,0.0
783,-86.25,6.235937499999999,0.0
784,-86.25,6.715624999999999,0.0
785,-82.5,6.235937499999999,0.0
786,-82.5,6.715624999999999,0.0
787,-86.25,7.1953125,0.0
788,-86.25,7.675,0.0
789,-82.5,7.1953125,0.0
790,-82.5,7.675,0.0
791,-78.75,0.014990234375,0.0
792,-78.75,-0.0,0.0
793,-78.75,0.02998046875,0.0
794,-75.0,0.014990234375,0.0
795,-75.0,-0.0,0.0
796,-75.0,0.02998046875,0.0
797,-78.75,0.044970703125,0.0
798,-78.75,0.0599609375,0.0
799,-75.0,0.044970703125,0.0
800,-75.0,0.0599609375,0.0
801,-78.75,0.074951171875,0.0
802,-75.0,0.074951171875,0.0
803,-78.75,0.08994140625,0.0
804,-75.0,0.08994140625,0.0
805,-78.75,0.09743652343749999,0.0
806,-78.75,0.104931640625,0.0
807,-75.0,0.09743652343749999,0.0
808,-75.0,0.104931640625,0.0
809,-78.75,0.1124267578125,0.0
810,-78.75,0.119921875,0.0
811,-75.0,0.1124267578125,0.0
812,-75.0,0.119921875,0.0
813,-78.75,0.1274169921875,0.0
814,-78.75,0.134912109375,0.0
815,-75.0,0.1274169921875,0.0
816,-75.0,0.134912109375,0.0
817,-78.75,0.1424072265625,0.0
818,-78.75,0.14990234375,0.0
819,-75.0,0.1424072265625,0.0
820,-75.0,0.14990234375,0.0
821,-78.75,0.1573974609375,0.0
822,-78.75,0.164892578125,0.0
823,-75.0,0.1573974609375,0.0
824,-75.0,0.164892578125,0.0
825,-78.75,0.1723876953125,0.0
826,-78.75,0.1798828125,0.0
827,-75.0,0.1723876953125,0.0
828,-75.0,0.1798828125,0.0
829,-78.75,0.1873779296875,0.0
830,-78.75,0.194873046875,0.0
831,-75.0,0.1873779296875,0.0
832,-75.0,0.194873046875,0.0
833,-78.75,0.2,0.0
834,-78.75,0.2023681640625,0.0
835,-78.75,0.20986328125,0.0
836,-75.0,0.2,0.0
837,-75.0,0.2023681640625,0.0
838,-75.0,0.20986328125,0.0
839,-78.75,0.2173583984375,0.0
840,-78.75,0.224853515625,0.0
841,-75.0,0.2173583984375,0.0
842,-75.0,0.224853515625,0.0
843,-78.75,0.2323486328125,0.0
844,-78.75,0.23984375,0.0
845,-75.0,0.2323486328125,0.0
846,-75.0,0.23984375,0.0
847,-78.75,0.2473388671875,0.0
848,-78.75,0.254833984375,0.0
849,-75.0,0.2473388671875,0.0
850,-75.0,0.254833984375,0.0
851,-78.75,0.2623291015625,0.0
852,-78.75,0.26982421875,0.0
853,-75.0,0.2623291015625,0.0
854,-75.0,0.26982421875,0.0
855,-78.75,0.2773193359375,0.0
856,-78.75,0.284814453125,0.0
857,-75.0,0.2773193359375,0.0
858,-75.0,0.284814453125,0.0
859,-78.75,0.2923095703125,0.0
860,-78.75,0.2998046875,0.0
861,-75.0,0.2923095703125,0.0
862,-75.0,0.2998046875,0.0
863,-78.75,0.3072998046875,0.0
864,-78.75,0.314794921875,0.0
865,-75.0,0.3072998046875,0.0
866,-75.0,0.314794921875,0.0
867,-78.75,0.32978515625,0.0
868,-75.0,0.32978515625,0.0
869,-78.75,0.359765625,0.0
870,-75.0,0.359765625,0.0
871,-78.75,0.4197265625,0.0
872,-75.0,0.4197265625,0.0
873,-78.75,0.4796875,0.0
874,-75.0,0.4796875,0.0
875,-78.75,0.599609375,0.0
876,-75.0,0.599609375,0.0
877,-78.75,0.71953125,0.0
878,-75.0,0.71953125,0.0
879,-78.75,0.959375,0.0
880,-75.0,0.959375,0.0
881,-78.75,1.4390625,0.0
882,-75.0,1.4390625,0.0
883,-78.75,1.91875,0.0
884,-75.0,1.91875,0.0
885,-78.75,2.3984375,0.0
886,-78.75,2.878125,0.0
887,-75.0,2.3984375,0.0
888,-75.0,2.878125,0.0
889,-78.75,3.3578125,0.0
890,-78.75,3.8375,0.0
891,-75.0,3.3578125,0.0
892,-75.0,3.8375,0.0
893,-78.75,4.3171875,0.0
894,-78.75,4.796875,0.0
895,-75.0,4.3171875,0.0
896,-75.0,4.796875,0.0
897,-78.75,5.2765625,0.0
898,-78.75,5.75625,0.0
899,-75.0,5.2765625,0.0
900,-75.0,5.75625,0.0
901,-78.75,6.235937499999999,0.0
902,-78.75,6.715624999999999,0.0
903,-75.0,6.235937499999999,0.0
904,-75.0,6.715624999999999,0.0
905,-78.75,7.1953125,0.0
906,-78.75,7.675,0.0
907,-75.0,7.1953125,0.0
908,-75.0,7.675,0.0
909,-86.25,8.1546875,0.0
910,-86.25,8.634375,0.0
911,-82.5,8.1546875,0.0
912,-82.5,8.634375,0.0
913,-86.25,9.1140625,0.0
914,-86.25,9.59375,0.0
915,-82.5,9.1140625,0.0
916,-82.5,9.59375,606250.1874207242
917,-86.25,10.0734375,0.0
918,-86.25,10.553125,0.0
919,-82.5,10.0734375,507892.7536393715
920,-82.5,10.553125,323871.26815733494
921,-86.25,11.0328125,0.0
922,-86.25,11.5125,0.0
923,-82.5,11.0328125,570919.0709615744
924,-82.5,11.5125,2094406.570248097
925,-86.25,11.9921875,0.0
926,-86.25,12.471875,0.0
927,-82.5,11.9921875,1187310.4118691492
928,-82.5,12.471875,1156901.0928114094
929,-86.25,12.9515625,0.0
930,-86.25,13.43125,0.0
931,-82.5,12.9515625,2142776.0600938653
932,-82.5,13.43125,0.0
933,-86.25,13.9109375,0.0
934,-86.25,14.390625,0.0
935,-82.5,13.9109375,0.0
936,-82.5,14.390625,0.0
937,-86.25,14.8703125,0.0
938,-86.25,15.35,0.0
939,-82.5,14.8703125,0.0
940,-82.5,15.35,0.0
941,-78.75,8.1546875,0.0
942,-78.75,8.634375,0.0
943,-75.0,8.1546875,0.0
944,-75.0,8.634375,0.0
945,-78.75,9.1140625,0.0
946,-78.75,9.59375,1515625.4685518104
947,-75.0,9.1140625,0.0
948,-75.0,9.59375,2425000.749682897
949,-78.75,10.0734375,1269731.8840984288
950,-78.75,10.553125,809678.1703933373
951,-75.0,10.0734375,2031571.014557486
952,-75.0,10.553125,1295485.0726293398
953,-78.75,11.0328125,1427297.6774039362
954,-78.75,11.5125,5236016.425620242
955,-75.0,11.0328125,2283676.2838462978
956,-75.0,11.5125,8377626.280992388
957,-78.75,11.9921875,2968276.0296728723
958,-78.75,12.471875,2892252.7320285235
959,-75.0,11.9921875,4749241.647476597
960,-75.0,12.471875,4627604.371245638
961,-78.75,12.9515625,5356940.150234664
962,-78.75,13.43125,0.0
963,-75.0,12.9515625,8571104.240375461
964,-75.0,13.43125,0.0
965,-78.75,13.9109375,0.0
966,-78.75,14.390625,0.0
967,-75.0,13.9109375,0.0
968,-75.0,14.390625,0.0
969,-78.75,14.8703125,0.0
970,-78.75,15.35,0.0
971,-75.0,14.8703125,0.0
972,-75.0,15.35,0.0
973,-71.25,0.014990234375,0.0
974,-71.25,-0.0,0.0
975,-71.25,0.02998046875,0.0
976,-67.5,0.014990234375,0.0
977,-67.5,-0.0,0.0
978,-67.5,0.02998046875,0.0
979,-71.25,0.044970703125,0.0
980,-71.25,0.0599609375,0.0
981,-67.5,0.044970703125,0.0
982,-67.5,0.0599609375,0.0
983,-71.25,0.074951171875,0.0
984,-67.5,0.074951171875,0.0
985,-71.25,0.08994140625,0.0
986,-67.5,0.08994140625,0.0
987,-71.25,0.09743652343749999,0.0
988,-71.25,0.104931640625,0.0
989,-67.5,0.09743652343749999,0.0
990,-67.5,0.104931640625,0.0
991,-71.25,0.1124267578125,0.0
992,-71.25,0.119921875,0.0
993,-67.5,0.1124267578125,0.0
994,-67.5,0.119921875,0.0
995,-71.25,0.1274169921875,0.0
996,-71.25,0.134912109375,0.0
997,-67.5,0.1274169921875,0.0
998,-67.5,0.134912109375,0.0
999,-71.25,0.1424072265625,0.0
1000,-71.25,0.14990234375,0.0
1001,-67.5,0.1424072265625,0.0
1002,-67.5,0.14990234375,0.0
1003,-71.25,0.1573974609375,0.0
1004,-71.25,0.164892578125,0.0
1005,-67.5,0.1573974609375,0.0
1006,-67.5,0.164892578125,0.0
1007,-71.25,0.1723876953125,0.0
1008,-71.25,0.1798828125,0.0
1009,-67.5,0.1723876953125,0.0
1010,-67.5,0.1798828125,0.0
1011,-71.25,0.1873779296875,0.0
1012,-71.25,0.194873046875,0.0
1013,-67.5,0.1873779296875,0.0
1014,-67.5,0.194873046875,0.0
1015,-71.25,0.2,0.0
1016,-71.25,0.2023681640625,0.0
1017,-71.25,0.20986328125,0.0
1018,-67.5,0.2,0.0
1019,-67.5,0.2023681640625,0.0
1020,-67.5,0.20986328125,0.0
1021,-71.25,0.2173583984375,0.0
1022,-71.25,0.224853515625,0.0
1023,-67.5,0.2173583984375,0.0
1024,-67.5,0.224853515625,0.0
1025,-71.25,0.2323486328125,0.0
1026,-71.25,0.23984375,0.0
1027,-67.5,0.2323486328125,0.0
1028,-67.5,0.23984375,0.0
1029,-71.25,0.2473388671875,0.0
1030,-71.25,0.254833984375,0.0
1031,-67.5,0.2473388671875,0.0
1032,-67.5,0.254833984375,0.0
1033,-71.25,0.2623291015625,0.0
1034,-71.25,0.26982421875,0.0
1035,-67.5,0.2623291015625,0.0
1036,-67.5,0.26982421875,0.0
1037,-71.25,0.2773193359375,0.0
1038,-71.25,0.284814453125,0.0
1039,-67.5,0.2773193359375,0.0
1040,-67.5,0.284814453125,0.0
1041,-71.25,0.2923095703125,0.0
1042,-71.25,0.2998046875,0.0
1043,-67.5,0.2923095703125,0.0
1044,-67.5,0.2998046875,0.0
1045,-71.25,0.3072998046875,0.0
1046,-71.25,0.314794921875,0.0
1047,-67.5,0.3072998046875,0.0
1048,-67.5,0.314794921875,0.0
1049,-71.25,0.32978515625,0.0
1050,-67.5,0.32978515625,0.0
1051,-71.25,0.359765625,0.0
1052,-67.5,0.359765625,0.0
1053,-71.25,0.4197265625,0.0
1054,-67.5,0.4197265625,0.0
1055,-71.25,0.4796875,0.0
1056,-67.5,0.4796875,0.0
1057,-71.25,0.599609375,0.0
1058,-67.5,0.599609375,0.0
1059,-71.25,0.71953125,0.0
1060,-67.5,0.71953125,0.0
1061,-71.25,0.959375,0.0
1062,-67.5,0.959375,0.0
1063,-71.25,1.4390625,0.0
1064,-67.5,1.4390625,0.0
1065,-71.25,1.91875,0.0
1066,-67.5,1.91875,0.0
1067,-71.25,2.3984375,0.0
1068,-71.25,2.878125,0.0
1069,-67.5,2.3984375,0.0
1070,-67.5,2.878125,0.0
1071,-71.25,3.3578125,0.0
1072,-71.25,3.8375,0.0
1073,-67.5,3.3578125,0.0
1074,-67.5,3.8375,0.0
1075,-71.25,4.3171875,3541738.196238976
1076,-71.25,4.796875,2864724.502832966
1077,-67.5,4.3171875,7083476.392477952
1078,-67.5,4.796875,5729449.005665932
1079,-71.25,5.2765625,1048287.7171251192
1080,-71.25,5.75625,961332.5627136137
1081,-67.5,5.2765625,2096575.4342502384
1082,-67.5,5.75625,1922665.1254272275
1083,-71.25,6.235937499999999,4989338.803495661
1084,-71.25,6.715624999999999,638930.2327726958
1085,-67.5,6.235937499999999,9978677.606991323
1086,-67.5,6.715624999999999,1277860.4655453917
1087,-71.25,7.1953125,549598.8807710379
1088,-71.25,7.675,600970.7303733621
1089,-67.5,7.1953125,1099197.7615420758
1090,-67.5,7.675,1201941.4607467242
1091,-63.75,0.014990234375,0.0
1092,-63.75,-0.0,0.0
1093,-63.75,0.02998046875,0.0
1094,-60.0,0.014990234375,0.0
1095,-60.0,-0.0,0.0
1096,-60.0,0.02998046875,0.0
1097,-63.75,0.044970703125,0.0
1098,-63.75,0.0599609375,0.0
1099,-60.0,0.044970703125,0.0
1100,-60.0,0.0599609375,0.0
1101,-63.75,0.074951171875,0.0
1102,-60.0,0.074951171875,0.0
1103,-63.75,0.08994140625,0.0
1104,-60.0,0.08994140625,0.0
1105,-63.75,0.09743652343749999,0.0
1106,-63.75,0.104931640625,2046879.085396031
1107,-60.0,0.09743652343749999,0.0
1108,-60.0,0.104931640625,8187516.341584124
1109,-63.75,0.1124267578125,2059037.3670599514
1110,-63.75,0.119921875,2071195.6487238721
1111,-60.0,0.1124267578125,8236149.468239806
1112,-60.0,0.119921875,8284782.594895489
1113,-63.75,0.1274169921875,2083353.9303877926
1114,-63.75,0.134912109375,2095512.2120517134
1115,-60.0,0.1274169921875,8333415.721551171
1116,-60.0,0.134912109375,8382048.8482068535
1117,-63.75,0.1424072265625,2107670.493715634
1118,-63.75,0.14990234375,2119828.775379555
1119,-60.0,0.1424072265625,8430681.974862536
1120,-60.0,0.14990234375,8479315.10151822
1121,-63.75,0.1573974609375,2131987.0570434756
1122,-63.75,0.164892578125,2144145.338707396
1123,-60.0,0.1573974609375,8527948.228173902
1124,-60.0,0.164892578125,8576581.354829583
1125,-63.75,0.1723876953125,2156303.6203713166
1126,-63.75,0.1798828125,2168461.9020352373
1127,-60.0,0.1723876953125,8625214.481485266
1128,-60.0,0.1798828125,8673847.60814095
1129,-63.75,0.1873779296875,2180620.183699158
1130,-63.75,0.194873046875,2192778.4653630788
1131,-60.0,0.1873779296875,8722480.734796632
1132,-60.0,0.194873046875,8771113.861452315
1133,-63.75,0.2,2201095.2052634805
1134,-63.75,0.2023681640625,2204936.747026999
1135,-63.75,0.20986328125,2217095.0286909197
1136,-60.0,0.2,8804380.821053922
1137,-60.0,0.2023681640625,8819746.988107996
1138,-60.0,0.20986328125,8868380.114763679
1139,-63.75,0.2173583984375,2229253.3103548405
1140,-63.75,0.224853515625,2241411.592018761
1141,-60.0,0.2173583984375,8917013.241419362
1142,-60.0,0.224853515625,8965646.368075045
1143,-63.75,0.2323486328125,2253569.873682682
1144,-63.75,0.23984375,2265728.155346602
1145,-60.0,0.2323486328125,9014279.494730728
1146,-60.0,0.23984375,9062912.621386409
1147,-63.75,0.2473388671875,2277886.437010523
1148,-63.75,0.254833984375,2290044.7186744437
1149,-60.0,0.2473388671875,9111545.748042092
1150,-60.0,0.254833984375,9160178.874697775
1151,-63.75,0.2623291015625,2302203.0003383644
1152,-63.75,0.26982421875,2314361.282002285
1153,-60.0,0.2623291015625,9208812.001353458
1154,-60.0,0.26982421875,9257445.12800914
1155,-63.75,0.2773193359375,2326519.563666206
1156,-63.75,0.284814453125,2338677.845330126
1157,-60.0,0.2773193359375,9306078.254664823
1158,-60.0,0.284814453125,9354711.381320504
1159,-63.75,0.2923095703125,2350836.126994047
1160,-63.75,0.2998046875,2362994.4086579676
1161,-60.0,0.2923095703125,9403344.507976187
1162,-60.0,0.2998046875,9451977.63463187
1163,-63.75,0.3072998046875,2316280.230544254
1164,-63.75,0.314794921875,2267990.869560236
1165,-60.0,0.3072998046875,9265120.922177017
1166,-60.0,0.314794921875,9071963.478240944
1167,-63.75,0.32978515625,2171412.1475922004
1168,-60.0,0.32978515625,8685648.590368802
1169,-63.75,0.359765625,1978254.7036561288
1170,-60.0,0.359765625,7913018.814624515
1171,-63.75,0.4197265625,1591939.8157839857
1172,-60.0,0.4197265625,6367759.263135943
1173,-63.75,0.4796875,1205624.9279118427
1174,-60.0,0.4796875,4822499.711647371
1175,-63.75,0.599609375,1660503.3024890535
1176,-60.0,0.599609375,6642013.209956214
1177,-63.75,0.71953125,2152038.5132118547
1178,-60.0,0.71953125,8608154.052847419
1179,-63.75,0.959375,1675542.7856457024
1180,-60.0,0.959375,6702171.14258281
1181,-63.75,1.4390625,3044763.9681484667
1182,-60.0,1.4390625,12179055.872593867
1183,-63.75,1.91875,2520518.4130133884
1184,-60.0,1.91875,10082073.652053554
1185,-63.75,2.3984375,3323718.9739107294
1186,-63.75,2.878125,1036940.2356911411
1187,-60.0,2.3984375,13294875.895642918
1188,-60.0,2.878125,4147760.9427645644
1189,-63.75,3.3578125,1407615.2015992338
1190,-63.75,3.8375,1350232.1878340761
1191,-60.0,3.3578125,5630460.806396935
1192,-60.0,3.8375,5400928.7513363045
1193,-63.75,4.3171875,8912395.915969843
1194,-63.75,4.796875,8435600.950428039
1195,-60.0,4.3171875,7315678.09396757
1196,-60.0,4.796875,10824607.779048422
1197,-63.75,5.2765625,5331138.645244146
1198,-63.75,5.75625,2536136.1193492
1199,-60.0,5.2765625,12938252.843975632
1200,-60.0,5.75625,2453883.97568789
1201,-63.75,6.235937499999999,13596329.65230915
1202,-63.75,6.715624999999999,2810965.886414958
1203,-60.0,6.235937499999999,14470608.18127131
1204,-60.0,6.715624999999999,6132421.683478267
1205,-63.75,7.1953125,2552115.830866204
1206,-63.75,7.675,4531657.31011121
1207,-60.0,7.1953125,5811672.277296515
1208,-60.0,7.675,13318863.397457942
1209,-71.25,8.1546875,215986.17471552687
1210,-71.25,8.634375,370209.3307594681
1211,-67.5,8.1546875,431972.34943105374
1212,-67.5,8.634375,740418.6615189362
1213,-71.25,9.1140625,225776.7760843936
1214,-71.25,9.59375,4219991.98755659
1215,-67.5,9.1140625,451553.5521687872
1216,-67.5,9.59375,6014983.225430283
1217,-71.25,10.0734375,6773416.708366845
1218,-71.25,10.553125,5634492.800218699
1219,-67.5,10.0734375,11515262.402176205
1220,-67.5,10.553125,9973500.527808057
1221,-71.25,11.0328125,5211228.829749608
1222,-71.25,11.5125,5652240.334392668
1223,-67.5,11.0328125,8138781.375652919
1224,-67.5,11.5125,2926854.3877929486
1225,-71.25,11.9921875,12490403.683828931
1226,-71.25,12.471875,6307736.925939383
1227,-67.5,11.9921875,20231565.720181264
1228,-67.5,12.471875,7987869.480633128
1229,-71.25,12.9515625,9680074.15317493
1230,-71.25,13.43125,13839607.15089674
1231,-67.5,12.9515625,10789044.065974398
1232,-67.5,13.43125,27679214.30179348
1233,-71.25,13.9109375,10765004.123123975
1234,-71.25,14.390625,6691803.505691648
1235,-67.5,13.9109375,21530008.24624795
1236,-67.5,14.390625,13383607.011383297
1237,-71.25,14.8703125,5335227.131023988
1238,-71.25,15.35,13462855.87462381
1239,-67.5,14.8703125,10670454.262047976
1240,-67.5,15.35,26925711.74924762
1241,-63.75,8.1546875,1442356.687849225
1242,-63.75,8.634375,1796559.976094268
1243,-60.0,8.1546875,4041537.353672685
1244,-60.0,8.634375,4224565.258301327
1245,-63.75,9.1140625,3968501.464197551
1246,-63.75,9.59375,11872911.147465715
1247,-60.0,9.1140625,14067791.648115054
1248,-60.0,9.59375,25856712.43782463
1249,-63.75,10.0734375,17579032.362488136
1250,-63.75,10.553125,18822480.239878464
1251,-60.0,10.0734375,26286650.855805203
1252,-60.0,10.553125,36691403.92091097
1253,-63.75,11.0328125,14427522.0889159
1254,-63.75,11.5125,4667952.150349994
1255,-60.0,11.0328125,27438639.136898227
1256,-60.0,11.5125,15342017.33122057
1257,-63.75,11.9921875,25129279.296199284
1258,-63.75,12.471875,12962645.438058523
1259,-60.0,11.9921875,24340095.951548677
1260,-60.0,12.471875,24526708.200947218
1261,-63.75,12.9515625,12453929.53693085
1262,-63.75,13.43125,42537015.90374498
1263,-60.0,12.9515625,15230646.124201262
1264,-60.0,13.43125,59431206.407806024
1265,-63.75,13.9109375,27805650.411509283
1266,-63.75,14.390625,19733937.989878926
1267,-60.0,13.9109375,25102568.66104533
1268,-60.0,14.390625,25401323.913982518
1269,-63.75,14.8703125,17157418.88522462
1270,-63.75,15.35,37197864.12098487
1271,-60.0,14.8703125,25947858.492706586
1272,-60.0,15.35,41088609.48694896
1273,-56.25,0.014990234375,0.0
1274,-56.25,-0.0,0.0
1275,-56.25,0.02998046875,0.0
1276,-52.5,0.014990234375,0.0
1277,-52.5,-0.0,0.0
1278,-52.5,0.02998046875,0.0
1279,-56.25,0.044970703125,0.0
1280,-56.25,0.0599609375,0.0
1281,-52.5,0.044970703125,0.0
1282,-52.5,0.0599609375,0.0
1283,-56.25,0.074951171875,0.0
1284,-52.5,0.074951171875,0.0
1285,-56.25,0.08994140625,0.0
1286,-52.5,0.08994140625,0.0
1287,-56.25,0.09743652343749999,0.0
1288,-56.25,0.104931640625,14328153.597772216
1289,-52.5,0.09743652343749999,0.0
1290,-52.5,0.104931640625,25140610.012797683
1291,-56.25,0.1124267578125,14413261.56941966
1292,-56.25,0.119921875,14498369.541067103
1293,-52.5,0.1124267578125,25389898.066758804
1294,-52.5,0.119921875,25639186.120719932
1295,-56.25,0.1274169921875,14583477.512714548
1296,-56.25,0.134912109375,14668585.484361993
1297,-52.5,0.1274169921875,25888474.174681053
1298,-52.5,0.134912109375,26137762.228642177
1299,-56.25,0.1424072265625,14753693.456009436
1300,-56.25,0.14990234375,14838801.427656882
1301,-52.5,0.1424072265625,26387050.282603294
1302,-52.5,0.14990234375,26636338.336564418
1303,-56.25,0.1573974609375,14923909.399304327
1304,-56.25,0.164892578125,15009017.370951772
1305,-52.5,0.1573974609375,26885626.390525542
1306,-52.5,0.164892578125,27134914.44448666
1307,-56.25,0.1723876953125,15094125.342599217
1308,-56.25,0.1798828125,15179233.314246658
1309,-52.5,0.1723876953125,27384202.498447783
1310,-52.5,0.1798828125,27633490.552408904
1311,-56.25,0.1873779296875,15264341.285894105
1312,-56.25,0.194873046875,15349449.25754155
1313,-52.5,0.1873779296875,27882778.60637003
1314,-52.5,0.194873046875,28132066.660331152
1315,-56.25,0.2,15407666.436844362
1316,-56.25,0.2023681640625,15434557.229188994
1317,-56.25,0.20986328125,15519665.200836439
1318,-52.5,0.2,28302589.43339902
1319,-52.5,0.2023681640625,28381354.714292273
1320,-52.5,0.20986328125,28630642.768253393
1321,-56.25,0.2173583984375,15604773.172483884
1322,-56.25,0.224853515625,15689881.144131327
1323,-52.5,0.2173583984375,28879930.822214514
1324,-52.5,0.224853515625,29129218.876175635
1325,-56.25,0.2323486328125,15774989.115778772
1326,-56.25,0.23984375,15860097.087426217
1327,-52.5,0.2323486328125,29378506.930136763
1328,-52.5,0.23984375,29627794.984097883
1329,-56.25,0.2473388671875,15945205.059073662
1330,-56.25,0.254833984375,16030313.030721106
1331,-52.5,0.2473388671875,29877083.038059004
1332,-52.5,0.254833984375,30126371.092020124
1333,-56.25,0.2623291015625,16115421.00236855
1334,-56.25,0.26982421875,16200528.974015996
1335,-52.5,0.2623291015625,30375659.14598125
1336,-52.5,0.26982421875,30624947.199942373
1337,-56.25,0.2773193359375,16285636.94566344
1338,-56.25,0.284814453125,16370744.917310884
1339,-52.5,0.2773193359375,30874235.253903493
1340,-52.5,0.284814453125,31123523.307864614
1341,-56.25,0.2923095703125,16455852.88895833
1342,-56.25,0.2998046875,16540960.860605773
1343,-52.5,0.2923095703125,31372811.361825734
1344,-52.5,0.2998046875,31622099.415786855
1345,-56.25,0.3072998046875,16213961.61380978
1346,-56.25,0.314794921875,15875936.08692165
1347,-52.5,0.3072998046875,31446815.635875504
1348,-52.5,0.314794921875,31260172.074455857
1349,-56.25,0.32978515625,15199885.033145403
1350,-52.5,0.32978515625,30886884.95161656
1351,-56.25,0.359765625,13847782.925592903
1352,-52.5,0.359765625,30140310.70593797
1353,-56.25,0.4197265625,11143578.710487898
1354,-52.5,0.4197265625,28647162.214580793
1355,-56.25,0.4796875,8439374.495382898
1356,-52.5,0.4796875,27154013.723223615
1357,-56.25,0.599609375,11623523.117423374
1358,-52.5,0.599609375,25776314.290993586
1359,-56.25,0.71953125,15064269.592482984
1360,-52.5,0.71953125,25307332.233225062
1361,-56.25,0.959375,11728799.499519916
1362,-52.5,0.959375,34284160.05935075
1363,-56.25,1.4390625,21313347.77703927
1364,-52.5,1.4390625,44930064.33055651
1365,-56.25,1.91875,17643628.89109372
1366,-52.5,1.91875,33033664.975909237
1367,-56.25,2.3984375,23266032.81737511
1368,-56.25,2.878125,7258581.649837988
1369,-52.5,2.3984375,55355289.64671765
1370,-52.5,2.878125,30815362.33494458
1371,-56.25,3.3578125,9853306.411194636
1372,-56.25,3.8375,9451625.314838532
1373,-52.5,3.3578125,32107442.349276513
1374,-52.5,3.8375,34174857.32710426
1375,-56.25,4.3171875,5718960.271965297
1376,-56.25,4.796875,13213614.60766881
1377,-52.5,4.3171875,21655540.911822632
1378,-52.5,4.796875,31501636.069328234
1379,-56.25,5.2765625,20545367.042707115
1380,-56.25,5.75625,2371631.8320265794
1381,-52.5,5.2765625,36602684.000447795
1382,-52.5,5.75625,22874764.94183829
1383,-56.25,6.235937499999999,15344886.710233472
1384,-56.25,6.715624999999999,9453877.480541574
1385,-52.5,6.235937499999999,43745761.9129089
1386,-52.5,6.715624999999999,28556300.19382506
1387,-56.25,7.1953125,9071228.723726824
1388,-56.25,7.675,22106069.484804675
1389,-52.5,7.1953125,40612828.56678547
1390,-52.5,7.675,45220184.12113999
1391,-48.75,0.014990234375,0.0
1392,-48.75,-0.0,0.0
1393,-48.75,0.02998046875,0.0
1394,-45.0,0.014990234375,0.0
1395,-45.0,-0.0,0.0
1396,-45.0,0.02998046875,0.0
1397,-48.75,0.044970703125,0.0
1398,-48.75,0.0599609375,0.0
1399,-45.0,0.044970703125,0.0
1400,-45.0,0.0599609375,0.0
1401,-48.75,0.074951171875,0.0
1402,-45.0,0.074951171875,0.0
1403,-48.75,0.08994140625,0.0
1404,-45.0,0.08994140625,0.0
1405,-48.75,0.09743652343749999,0.0
1406,-48.75,0.104931640625,38288976.007241845
1407,-45.0,0.09743652343749999,0.0
1408,-45.0,0.104931640625,51437342.001686
1409,-48.75,0.1124267578125,38766296.76217761
1410,-48.75,0.119921875,39243617.51711336
1411,-45.0,0.1124267578125,52142695.45759639
1412,-45.0,0.119921875,52848048.91350679
1413,-48.75,0.1274169921875,39720938.272049114
1414,-48.75,0.134912109375,40198259.02698487
1415,-45.0,0.1274169921875,53553402.36941718
1416,-45.0,0.134912109375,54258755.825327575
1417,-48.75,0.1424072265625,40675579.78192063
1418,-48.75,0.14990234375,41152900.53685639
1419,-45.0,0.1424072265625,54964109.28123797
1420,-45.0,0.14990234375,55669462.73714836
1421,-48.75,0.1573974609375,41630221.291792154
1422,-48.75,0.164892578125,42107542.0467279
1423,-45.0,0.1573974609375,56374816.19305876
1424,-45.0,0.164892578125,57080169.64896914
1425,-48.75,0.1723876953125,42584862.80166366
1426,-48.75,0.1798828125,43062183.55659941
1427,-45.0,0.1723876953125,57785523.10487954
1428,-45.0,0.1798828125,58490876.56078993
1429,-48.75,0.1873779296875,43539504.31153518
1430,-48.75,0.194873046875,44016825.066470936
1431,-45.0,0.1873779296875,59196230.01670033
1432,-45.0,0.194873046875,59901583.47261072
1433,-48.75,0.2,44343331.12033579
1434,-48.75,0.2023681640625,44494145.82140669
1435,-48.75,0.20986328125,44971466.57634245
1436,-45.0,0.2,60384072.807272546
1437,-45.0,0.2023681640625,60606936.928521104
1438,-45.0,0.20986328125,61312290.384431496
1439,-48.75,0.2173583984375,45448787.331278205
1440,-48.75,0.224853515625,45926108.08621396
1441,-45.0,0.2173583984375,62017643.84034189
1442,-45.0,0.224853515625,62722997.29625228
1443,-48.75,0.2323486328125,46403428.84114972
1444,-48.75,0.23984375,46880749.596085474
1445,-45.0,0.2323486328125,63428350.75216268
1446,-45.0,0.23984375,64133704.20807307
1447,-48.75,0.2473388671875,47358070.35102123
1448,-48.75,0.254833984375,47835391.10595699
1449,-45.0,0.2473388671875,64839057.663983464
1450,-45.0,0.254833984375,65544411.11989386
1451,-48.75,0.2623291015625,48312711.86089275
1452,-48.75,0.26982421875,48790032.61582851
1453,-45.0,0.2623291015625,66249764.57580425
1454,-45.0,0.26982421875,66955118.03171464
1455,-48.75,0.2773193359375,49267353.37076427
1456,-48.75,0.284814453125,49744674.12570001
1457,-45.0,0.2773193359375,67660471.48762503
1458,-45.0,0.284814453125,68365824.94353542
1459,-48.75,0.2923095703125,50221994.880635776
1460,-48.75,0.2998046875,50699315.63557154
1461,-45.0,0.2923095703125,69071178.39944582
1462,-45.0,0.2998046875,69776531.8553562
1463,-48.75,0.3072998046875,50821676.323157705
1464,-48.75,0.314794921875,50934539.75141681
1465,-45.0,0.3072998046875,70196537.01043992
1466,-45.0,0.314794921875,70608907.42837775
1467,-48.75,0.32978515625,51160266.607935004
1468,-45.0,0.32978515625,71433648.26425344
1469,-48.75,0.359765625,51611720.320971385
1470,-45.0,0.359765625,73083129.93600479
1471,-48.75,0.4197265625,52514627.74704416
1472,-45.0,0.4197265625,76382093.27950752
1473,-48.75,0.4796875,53417535.17311693
1474,-45.0,0.4796875,79681056.62301025
1475,-48.75,0.599609375,44514746.097615324
1476,-45.0,0.599609375,63253177.904237054
1477,-48.75,0.71953125,37443868.42452039
1478,-45.0,0.71953125,49580404.61581573
1479,-48.75,0.959375,65603886.720628455
1480,-45.0,0.959375,96923613.38190615
1481,-48.75,1.4390625,75787993.20860967
1482,-45.0,1.4390625,106645922.08666283
1483,-48.75,1.91875,52337941.48361243
1484,-45.0,1.91875,71642217.99131563
1485,-48.75,2.3984375,98503596.42986538
1486,-48.75,2.878125,64595123.00906776
1487,-45.0,2.3984375,141651903.2130131
1488,-45.0,2.878125,98374883.68319094
1489,-48.75,3.3578125,63377223.45400049
1490,-48.75,3.8375,69234357.06375174
1491,-45.0,3.3578125,94647004.55872446
1492,-45.0,3.8375,104293856.80039921
1493,-48.75,4.3171875,46358770.78260979
1494,-48.75,4.796875,57739164.84750718
1495,-45.0,4.3171875,71062000.65339692
1496,-45.0,4.796875,83976693.62568612
1497,-48.75,5.2765625,56885102.33769306
1498,-48.75,5.75625,53670590.678386495
1499,-45.0,5.2765625,77167520.67493832
1500,-45.0,5.75625,84466416.41493472
1501,-48.75,6.235937499999999,85909935.45244095
1502,-48.75,6.715624999999999,55549206.36521863
1503,-45.0,6.235937499999999,128074108.99197301
1504,-45.0,6.715624999999999,82542112.53661218
1505,-48.75,7.1953125,86295450.10815826
1506,-48.75,7.675,75497753.03196959
1507,-45.0,7.1953125,131978071.64953107
1508,-45.0,7.675,105775321.9427992
1509,-56.25,8.1546875,6640718.019496145
1510,-56.25,8.634375,6652570.540508387
1511,-52.5,8.1546875,44575765.40370969
1512,-52.5,8.634375,37573351.95130096
1513,-56.25,9.1140625,24167081.83203256
1514,-56.25,9.59375,39840513.72818354
1515,-52.5,9.1140625,50930018.338236526
1516,-52.5,9.59375,63204623.324051514
1517,-56.25,10.0734375,34994269.34912227
1518,-56.25,10.553125,54560327.60194346
1519,-52.5,10.0734375,57124575.430660024
1520,-52.5,10.553125,100784000.83870402
1521,-56.25,11.0328125,40449756.184880555
1522,-56.25,11.5125,26016082.51209114
1523,-52.5,11.0328125,68157046.43744229
1524,-52.5,11.5125,81802637.13612173
1525,-56.25,11.9921875,23550912.60689807
1526,-56.25,12.471875,36090770.9638359
1527,-52.5,11.9921875,67464759.45451203
1528,-52.5,12.471875,59915939.63876459
1529,-56.25,12.9515625,18007362.711471677
1530,-56.25,13.43125,76325396.91186705
1531,-52.5,12.9515625,33879059.17406934
1532,-52.5,13.43125,84042132.34848197
1533,-56.25,13.9109375,22399486.91058138
1534,-56.25,14.390625,31068709.838086106
1535,-52.5,13.9109375,80334972.98644653
1536,-52.5,14.390625,62851467.714890815
1537,-56.25,14.8703125,34738298.100188546
1538,-56.25,15.35,44979354.85291306
1539,-52.5,14.8703125,78519271.22224548
1540,-52.5,15.35,77921618.3448522
1541,-48.75,8.1546875,100178746.14711827
1542,-48.75,8.634375,82740521.4263863
1543,-45.0,8.1546875,155781726.89052683
1544,-45.0,8.634375,127907690.90147161
1545,-48.75,9.1140625,86024778.00558372
1546,-48.75,9.59375,91258887.07267405
1547,-45.0,9.1140625,121119537.67293094
1548,-45.0,9.59375,119313150.82129657
1549,-48.75,10.0734375,85966225.30630812
1550,-48.75,10.553125,161185048.8533286
1551,-45.0,10.0734375,114807875.18195622
1552,-45.0,10.553125,221586096.86795318
1553,-48.75,11.0328125,103212423.29229373
1554,-48.75,11.5125,160145436.48173234
1555,-45.0,11.0328125,138267800.14714515
1556,-45.0,11.5125,238488235.82734293
1557,-48.75,11.9921875,133730121.39825827
1558,-48.75,12.471875,89871661.26971328
1559,-45.0,11.9921875,199995483.34200454
1560,-45.0,12.471875,119827382.90066198
1561,-48.75,12.9515625,56298245.57433063
1562,-48.75,13.43125,87170140.2513738
1563,-45.0,12.9515625,78717431.97459191
1564,-45.0,13.43125,90298148.15426564
1565,-48.75,13.9109375,168589742.97547626
1566,-48.75,14.390625,107691911.56804608
1567,-45.0,13.9109375,256844512.96450594
1568,-45.0,14.390625,152532355.42120135
1569,-48.75,14.8703125,139795511.1015899
1570,-48.75,15.35,125389640.89977883
1571,-45.0,14.8703125,201071750.9809343
1572,-45.0,15.35,172857663.45470545
1573,-41.25,0.014990234375,0.0
1574,-41.25,-0.0,0.0
1575,-41.25,0.02998046875,0.0
1576,-37.5,0.014990234375,0.0
1577,-37.5,-0.0,0.0
1578,-37.5,0.02998046875,0.0
1579,-41.25,0.044970703125,0.0
1580,-41.25,0.0599609375,0.0
1581,-37.5,0.044970703125,0.0
1582,-37.5,0.0599609375,0.0
1583,-41.25,0.074951171875,0.0
1584,-37.5,0.074951171875,0.0
1585,-41.25,0.08994140625,0.0
1586,-37.5,0.08994140625,0.0
1587,-41.25,0.09743652343749999,0.0
1588,-41.25,0.104931640625,83067627.66127233
1589,-37.5,0.09743652343749999,0.0
1590,-37.5,0.104931640625,114697913.32085866
1591,-41.25,0.1124267578125,84930780.5429526
1592,-41.25,0.119921875,86793933.42463285
1593,-37.5,0.1124267578125,117718865.62830877
1594,-37.5,0.119921875,120739817.93575892
1595,-41.25,0.1274169921875,88657086.30631311
1596,-41.25,0.134912109375,90520239.18799339
1597,-37.5,0.1274169921875,123760770.24320906
1598,-37.5,0.134912109375,126781722.5506592
1599,-41.25,0.1424072265625,92383392.06967364
1600,-41.25,0.14990234375,94246544.95135391
1601,-37.5,0.1424072265625,129802674.85810933
1602,-37.5,0.14990234375,132823627.16555947
1603,-41.25,0.1573974609375,96109697.83303419
1604,-41.25,0.164892578125,97972850.71471444
1605,-37.5,0.1573974609375,135844579.47300965
1606,-37.5,0.164892578125,138865531.7804597
1607,-41.25,0.1723876953125,99836003.59639472
1608,-41.25,0.1798828125,101699156.47807497
1609,-37.5,0.1723876953125,141886484.08790988
1610,-37.5,0.1798828125,144907436.39536
1611,-41.25,0.1873779296875,103562309.35975523
1612,-41.25,0.194873046875,105425462.24143551
1613,-37.5,0.1873779296875,147928388.70281014
1614,-37.5,0.194873046875,150949341.0102603
1615,-41.25,0.2,106699931.63932754
1616,-41.25,0.2023681640625,107288615.12311576
1617,-41.25,0.20986328125,109151768.00479603
1618,-37.5,0.2,153015790.47138253
1619,-37.5,0.2023681640625,153970293.31771043
1620,-37.5,0.20986328125,156991245.62516057
1621,-41.25,0.2173583984375,111014920.88647631
1622,-41.25,0.224853515625,112878073.76815656
1623,-37.5,0.2173583984375,160012197.9326107
1624,-37.5,0.224853515625,163033150.24006084
1625,-41.25,0.2323486328125,114741226.64983682
1626,-41.25,0.23984375,116604379.53151709
1627,-37.5,0.2323486328125,166054102.54751098
1628,-37.5,0.23984375,169075054.8549611
1629,-41.25,0.2473388671875,118467532.41319737
1630,-41.25,0.254833984375,120330685.29487762
1631,-37.5,0.2473388671875,172096007.16241127
1632,-37.5,0.254833984375,175116959.4698614
1633,-41.25,0.2623291015625,122193838.17655788
1634,-41.25,0.26982421875,124056991.05823815
1635,-37.5,0.2623291015625,178137911.7773115
1636,-37.5,0.26982421875,181158864.08476165
1637,-41.25,0.2773193359375,125920143.93991841
1638,-41.25,0.284814453125,127783296.82159866
1639,-37.5,0.2773193359375,184179816.3922118
1640,-37.5,0.284814453125,187200768.6996619
1641,-41.25,0.2923095703125,129646449.70327893
1642,-41.25,0.2998046875,131509602.58495921
1643,-37.5,0.2923095703125,190221721.00711206
1644,-37.5,0.2998046875,193242673.3145622
1645,-41.25,0.3072998046875,131706971.99704075
1646,-41.25,0.314794921875,131859771.95174173
1647,-37.5,0.3072998046875,193217406.9836416
1648,-37.5,0.314794921875,193110636.47510567
1649,-41.25,0.32978515625,132165371.86114371
1650,-37.5,0.32978515625,192897095.45803398
1651,-41.25,0.359765625,132776571.67994761
1652,-37.5,0.359765625,192470013.4238904
1653,-41.25,0.4197265625,133998971.31755549
1654,-37.5,0.4197265625,191615849.35560346
1655,-41.25,0.4796875,135221370.95516333
1656,-37.5,0.4796875,190761685.2873164
1657,-41.25,0.599609375,121706054.59150052
1658,-37.5,0.599609375,180158931.27876398
1659,-41.25,0.71953125,110099526.82556282
1660,-37.5,0.71953125,170618649.0353099
1661,-41.25,0.959375,133802261.84968856
1662,-37.5,0.959375,170680910.31747097
1663,-41.25,1.4390625,177234261.90342396
1664,-37.5,1.4390625,247822601.72018513
1665,-41.25,1.91875,200266078.58384517
1666,-37.5,1.91875,328889939.1763747
1667,-41.25,2.3984375,162935776.37721086
1668,-41.25,2.878125,147151070.09477523
1669,-37.5,2.3984375,184219649.54140857
1670,-37.5,2.878125,195927256.50635952
1671,-41.25,3.3578125,131743226.46320757
1672,-41.25,3.8375,128874841.76760158
1673,-37.5,3.3578125,168839448.3676907
1674,-37.5,3.8375,153455826.73480394
1675,-41.25,4.3171875,150510103.44378653
1676,-41.25,4.796875,174782691.44650444
1677,-37.5,4.3171875,229958206.2341761
1678,-37.5,4.796875,265588689.26732275
1679,-41.25,5.2765625,159129231.63030317
1680,-41.25,5.75625,150001470.84435976
1681,-37.5,5.2765625,241090942.58566803
1682,-37.5,5.75625,215536525.27378482
1683,-41.25,6.235937499999999,205498687.41013438
1684,-41.25,6.715624999999999,178931335.7113723
1685,-37.5,6.235937499999999,282923265.8282957
1686,-37.5,6.715624999999999,275320558.88613236
1687,-41.25,7.1953125,237324024.25901532
1688,-41.25,7.675,240864349.5118373
1689,-37.5,7.1953125,342669976.86849964
1690,-37.5,7.675,375953377.0808754
1691,-33.75,0.014990234375,0.0
1692,-33.75,-0.0,0.0
1693,-33.75,0.02998046875,0.0
1694,-30.0,0.014990234375,0.0
1695,-30.0,-0.0,0.0
1696,-30.0,0.02998046875,0.0
1697,-33.75,0.044970703125,0.0
1698,-33.75,0.0599609375,0.0
1699,-30.0,0.044970703125,0.0
1700,-30.0,0.0599609375,0.0
1701,-33.75,0.074951171875,0.0
1702,-30.0,0.074951171875,0.0
1703,-33.75,0.08994140625,0.0
1704,-30.0,0.08994140625,0.0
1705,-33.75,0.09743652343749999,0.0
1706,-33.75,0.104931640625,185966693.9300252
1707,-30.0,0.09743652343749999,0.0
1708,-30.0,0.104931640625,336512464.43835217
1709,-33.75,0.1124267578125,189818373.47164565
1710,-33.75,0.119921875,193670053.01326612
1711,-30.0,0.1124267578125,340540726.8309438
1712,-30.0,0.119921875,344568989.2235355
1713,-33.75,0.1274169921875,197521732.55488655
1714,-33.75,0.134912109375,201373412.09650704
1715,-30.0,0.1274169921875,348597251.6161272
1716,-30.0,0.134912109375,352625514.0087189
1717,-33.75,0.1424072265625,205225091.63812748
1718,-33.75,0.14990234375,209076771.17974797
1719,-30.0,0.1424072265625,356653776.40131056
1720,-30.0,0.14990234375,360682038.7939023
1721,-33.75,0.1573974609375,212928450.7213684
1722,-33.75,0.164892578125,216780130.26298884
1723,-30.0,0.1573974609375,364710301.18649393
1724,-30.0,0.164892578125,368738563.5790856
1725,-33.75,0.1723876953125,220631809.80460933
1726,-33.75,0.1798828125,224483489.34622976
1727,-30.0,0.1723876953125,372766825.9716773
1728,-30.0,0.1798828125,376795088.3642689
1729,-33.75,0.1873779296875,228335168.8878502
1730,-33.75,0.194873046875,232186848.42947072
1731,-30.0,0.1873779296875,380823350.7568606
1732,-30.0,0.194873046875,384851613.1494523
1733,-33.75,0.2,234821547.79018825
1734,-33.75,0.2023681640625,236038527.97109112
1735,-33.75,0.20986328125,239890207.51271158
1736,-30.0,0.2,387607102.08249545
1737,-30.0,0.2023681640625,388879875.5420439
1738,-30.0,0.20986328125,392908137.93463564
1739,-33.75,0.2173583984375,243741887.05433208
1740,-33.75,0.224853515625,247593566.5959525
1741,-30.0,0.2173583984375,396936400.3272273
1742,-30.0,0.224853515625,400964662.719819
1743,-33.75,0.2323486328125,251445246.137573
1744,-33.75,0.23984375,255296925.67919344
1745,-30.0,0.2323486328125,404992925.11241066
1746,-30.0,0.23984375,409021187.5050023
1747,-33.75,0.2473388671875,259148605.2208139
1748,-33.75,0.254833984375,263000284.76243436
1749,-30.0,0.2473388671875,413049449.89759403
1750,-30.0,0.254833984375,417077712.2901857
1751,-33.75,0.2623291015625,266851964.3040548
1752,-33.75,0.26982421875,270703643.84567523
1753,-30.0,0.2623291015625,421105974.68277735
1754,-30.0,0.26982421875,425134237.075369
1755,-33.75,0.2773193359375,274555323.3872957
1756,-33.75,0.284814453125,278407002.92891616
1757,-30.0,0.2773193359375,429162499.4679607
1758,-30.0,0.284814453125,433190761.8605523
1759,-33.75,0.2923095703125,282258682.4705366
1760,-33.75,0.2998046875,286110362.0121571
1761,-30.0,0.2923095703125,437219024.253144
1762,-30.0,0.2998046875,441247286.64573574
1763,-33.75,0.3072998046875,285990089.34044236
1764,-33.75,0.314794921875,285763543.69980896
1765,-30.0,0.3072998046875,441287266.437643
1766,-30.0,0.314794921875,441220536.3271908
1767,-33.75,0.32978515625,285310452.4185422
1768,-30.0,0.32978515625,441087076.1062864
1769,-33.75,0.359765625,284404269.85600865
1770,-30.0,0.359765625,440820155.6644776
1771,-33.75,0.4197265625,282591904.7309416
1772,-30.0,0.4197265625,440286314.78086007
1773,-33.75,0.4796875,280779539.60587454
1774,-30.0,0.4796875,439752473.89724255
1775,-33.75,0.599609375,285972397.55651635
1776,-30.0,0.599609375,486507043.0152466
1777,-33.75,0.71953125,291397102.7197695
1778,-30.0,0.71953125,532694219.35365415
1779,-33.75,0.959375,282182702.73297024
1780,-30.0,0.959375,542930783.043903
1781,-33.75,1.4390625,360024797.56202435
1782,-30.0,1.4390625,555454705.4540194
1783,-33.75,1.91875,479509126.0133578
1784,-30.0,1.91875,674118965.3392482
1785,-33.75,2.3984375,315822914.5711465
1786,-33.75,2.878125,344311902.51253283
1787,-30.0,2.3984375,668064963.3319649
1788,-30.0,2.878125,691913467.7078842
1789,-33.75,3.3578125,307346202.91293275
1790,-33.75,3.8375,304053276.46799976
1791,-30.0,3.3578125,648674022.7396927
1792,-30.0,3.8375,706683655.7331827
1793,-33.75,4.3171875,425112680.3665341
1794,-33.75,4.796875,444544520.24525464
1795,-30.0,4.3171875,851679897.1828288
1796,-30.0,4.796875,799800017.5374136
1797,-33.75,5.2765625,415302019.16000104
1798,-33.75,5.75625,409240166.832832
1799,-30.0,5.2765625,774011826.9722704
1800,-30.0,5.75625,859280982.6511232
1801,-33.75,6.235937499999999,489985834.43955386
1802,-33.75,6.715624999999999,521493743.98870206
1803,-30.0,6.235937499999999,956324383.4370056
1804,-30.0,6.715624999999999,1067234852.946891
1805,-33.75,7.1953125,557144276.3639417
1806,-33.75,7.675,597910321.631349
1807,-30.0,7.1953125,989875269.631299
1808,-30.0,7.675,993603100.1446934
1809,-41.25,8.1546875,303914937.3112181
1810,-41.25,8.634375,259570372.35348773
1811,-37.5,8.1546875,452048147.7319093
1812,-37.5,8.634375,391233053.8055037
1813,-41.25,9.1140625,261192774.47255653
1814,-41.25,9.59375,237065540.64624947
1815,-37.5,9.1140625,401266011.27218217
1816,-37.5,9.59375,354817930.47120243
1817,-41.25,10.0734375,267319688.0317675
1818,-41.25,10.553125,329906273.54684997
1819,-37.5,10.0734375,419831500.8815787
1820,-37.5,10.553125,438226450.22574675
1821,-41.25,11.0328125,314670530.662214
1822,-41.25,11.5125,317207937.85062003
1823,-37.5,11.0328125,491073261.1772828
1824,-37.5,11.5125,395927639.8738971
1825,-41.25,11.9921875,379594918.7061591
1826,-41.25,12.471875,314468645.970302
1827,-37.5,11.9921875,559194354.0703138
1828,-37.5,12.471875,509109909.03994197
1829,-41.25,12.9515625,233794919.7674008
1830,-41.25,13.43125,224409260.1562066
1831,-37.5,12.9515625,388872407.56020963
1832,-37.5,13.43125,358520372.1581476
1833,-41.25,13.9109375,371461756.328527
1834,-41.25,14.390625,302198306.2009758
1835,-37.5,13.9109375,486078999.6925481
1836,-37.5,14.390625,451864256.9807502
1837,-41.25,14.8703125,317091096.42492175
1838,-41.25,15.35,388530269.3559381
1839,-37.5,14.8703125,433110441.86890924
1840,-37.5,15.35,604202875.2571707
1841,-33.75,8.1546875,682400300.3043319
1842,-33.75,8.634375,599541084.6338674
1843,-30.0,8.1546875,1077190337.1802175
1844,-30.0,8.634375,961139814.2149258
1845,-33.75,9.1140625,599471655.1814213
1846,-33.75,9.59375,557642706.1622038
1847,-30.0,9.1140625,913942113.3098878
1848,-30.0,9.59375,930612253.5853019
1849,-33.75,10.0734375,645770614.4110725
1850,-33.75,10.553125,677327248.8890694
1851,-30.0,10.0734375,1018564329.2999314
1852,-30.0,10.553125,1177989291.521244
1853,-33.75,11.0328125,768308672.3584052
1854,-33.75,11.5125,614251969.9794307
1855,-30.0,11.0328125,1247209444.871635
1856,-30.0,11.5125,1111785556.249477
1857,-33.75,11.9921875,825681624.220855
1858,-33.75,12.471875,780902543.9653947
1859,-30.0,11.9921875,1265944563.944169
1860,-30.0,12.471875,1206997922.6024733
1861,-33.75,12.9515625,716809701.7089944
1862,-33.75,13.43125,653545782.7317175
1863,-30.0,12.9515625,1390466608.5697305
1864,-30.0,13.43125,1270399790.4485452
1865,-33.75,13.9109375,706323922.6408688
1866,-33.75,14.390625,740009935.6839131
1867,-30.0,13.9109375,1137824204.7577884
1868,-30.0,14.390625,1305115070.2338526
1869,-33.75,14.8703125,701223550.1090397
1870,-33.75,15.35,948504389.4952028
1871,-30.0,14.8703125,1273524183.9414558
1872,-30.0,15.35,1550063720.4068344
1873,-26.25,0.014990234375,0.0
1874,-26.25,-0.0,0.0
1875,-26.25,0.02998046875,0.0
1876,-22.5,0.014990234375,0.0
1877,-22.5,-0.0,0.0
1878,-22.5,0.02998046875,0.0
1879,-26.25,0.044970703125,0.0
1880,-26.25,0.0599609375,0.0
1881,-22.5,0.044970703125,0.0
1882,-22.5,0.0599609375,0.0
1883,-26.25,0.074951171875,0.0
1884,-22.5,0.074951171875,0.0
1885,-26.25,0.08994140625,0.0
1886,-22.5,0.08994140625,0.0
1887,-26.25,0.09743652343749999,0.0
1888,-26.25,0.104931640625,487058234.9466792
1889,-22.5,0.09743652343749999,0.0
1890,-22.5,0.104931640625,890098000.0089417
1891,-26.25,0.1124267578125,491263080.1902421
1892,-26.25,0.119921875,495467925.4338049
1893,-22.5,0.1124267578125,897720573.0994267
1894,-22.5,0.119921875,905343146.1899116
1895,-26.25,0.1274169921875,499672770.6773678
1896,-26.25,0.134912109375,503877615.9209308
1897,-22.5,0.1274169921875,912965719.2803967
1898,-22.5,0.134912109375,920588292.3708817
1899,-26.25,0.1424072265625,508082461.16449356
1900,-26.25,0.14990234375,512287306.4080565
1901,-22.5,0.1424072265625,928210865.4613667
1902,-22.5,0.14990234375,935833438.5518517
1903,-26.25,0.1573974609375,516492151.65161943
1904,-26.25,0.164892578125,520696996.89518225
1905,-22.5,0.1573974609375,943456011.6423368
1906,-22.5,0.164892578125,951078584.7328217
1907,-26.25,0.1723876953125,524901842.1387452
1908,-26.25,0.1798828125,529106687.382308
1909,-22.5,0.1723876953125,958701157.8233068
1910,-22.5,0.1798828125,966323730.9137919
1911,-26.25,0.1873779296875,533311532.62587094
1912,-26.25,0.194873046875,537516377.8694339
1913,-22.5,0.1873779296875,973946304.0042768
1914,-22.5,0.194873046875,981568877.0947618
1915,-26.25,0.2,540392656.3748026
1916,-26.25,0.2023681640625,541721223.1129968
1917,-26.25,0.20986328125,545926068.3565596
1918,-22.5,0.2,986783015.0393932
1919,-22.5,0.2023681640625,989191450.185247
1920,-22.5,0.20986328125,996814023.2757318
1921,-26.25,0.2173583984375,550130913.6001226
1922,-26.25,0.224853515625,554335758.8436854
1923,-22.5,0.2173583984375,1004436596.3662169
1924,-22.5,0.224853515625,1012059169.456702
1925,-26.25,0.2323486328125,558540604.0872483
1926,-26.25,0.23984375,562745449.3308113
1927,-22.5,0.2323486328125,1019681742.5471869
1928,-22.5,0.23984375,1027304315.637672
1929,-26.25,0.2473388671875,566950294.5743742
1930,-26.25,0.254833984375,571155139.817937
1931,-22.5,0.2473388671875,1034926888.728157
1932,-22.5,0.254833984375,1042549461.8186419
1933,-26.25,0.2623291015625,575359985.0614998
1934,-26.25,0.26982421875,579564830.3050628
1935,-22.5,0.2623291015625,1050172034.909127
1936,-22.5,0.26982421875,1057794607.999612
1937,-26.25,0.2773193359375,583769675.5486257
1938,-26.25,0.284814453125,587974520.7921885
1939,-22.5,0.2773193359375,1065417181.0900971
1940,-22.5,0.284814453125,1073039754.1805819
1941,-26.25,0.2923095703125,592179366.0357515
1942,-26.25,0.2998046875,596384211.2793144
1943,-22.5,0.2923095703125,1080662327.271067
1944,-22.5,0.2998046875,1088284900.361552
1945,-26.25,0.3072998046875,596584443.5348436
1946,-26.25,0.314794921875,596677528.9545724
1947,-22.5,0.3072998046875,1093886361.7299488
1948,-22.5,0.314794921875,1099433746.5305305
1949,-26.25,0.32978515625,596863699.7940305
1950,-22.5,0.32978515625,1110528516.131694
1951,-26.25,0.359765625,597236041.4729466
1952,-22.5,0.359765625,1132718055.3340206
1953,-26.25,0.4197265625,597980724.8307786
1954,-22.5,0.4197265625,1177097133.7386746
1955,-26.25,0.4796875,598725408.1886106
1956,-22.5,0.4796875,1221476212.1433282
1957,-26.25,0.599609375,687041688.4739769
1958,-22.5,0.599609375,1361737719.2386873
1959,-26.25,0.71953125,773991335.9875388
1960,-22.5,0.71953125,1480236307.0844781
1961,-26.25,0.959375,803678863.3548359
1962,-22.5,0.959375,1477595668.9445224
1963,-26.25,1.4390625,750884613.3460146
1964,-22.5,1.4390625,1622455836.4396954
1965,-26.25,1.91875,868728804.6651387
1966,-22.5,1.91875,1842338036.7884185
1967,-26.25,2.3984375,1020307012.0927832
1968,-26.25,2.878125,1039515032.9032356
1969,-22.5,2.3984375,2106942245.2687385
1970,-22.5,2.878125,2069063831.8090339
1971,-26.25,3.3578125,990001842.5664525
1972,-26.25,3.8375,1109314034.9983654
1973,-22.5,3.3578125,2103991125.7509863
1974,-22.5,3.8375,2286660083.8955126
1975,-26.25,4.3171875,1278247113.9991236
1976,-26.25,4.796875,1155055514.8295722
1977,-22.5,4.3171875,2504862359.02313
1978,-22.5,4.796875,2379003479.7158303
1979,-26.25,5.2765625,1132721634.7845397
1980,-26.25,5.75625,1309321798.4694147
1981,-22.5,5.2765625,2423324834.9489
1982,-22.5,5.75625,2848879580.3914127
1983,-26.25,6.235937499999999,1422662932.4344575
1984,-26.25,6.715624999999999,1612975961.9050798
1985,-22.5,6.235937499999999,3043252864.246154
1986,-22.5,6.715624999999999,3419985164.2295713
1987,-26.25,7.1953125,1422606262.8986564
1988,-26.25,7.675,1389295878.6580377
1989,-22.5,7.1953125,3122596297.234086
1990,-22.5,7.675,3091488164.4057164
1991,-18.75,0.014990234375,0.0
1992,-18.75,-0.0,0.0
1993,-18.75,0.02998046875,0.0
1994,-15.0,0.014990234375,0.0
1995,-15.0,-0.0,0.0
1996,-15.0,0.02998046875,0.0
1997,-18.75,0.044970703125,0.0
1998,-18.75,0.0599609375,0.0
1999,-15.0,0.044970703125,0.0
2000,-15.0,0.0599609375,0.0
2001,-18.75,0.074951171875,0.0
2002,-15.0,0.074951171875,0.0
2003,-18.75,0.08994140625,0.0
2004,-15.0,0.08994140625,0.0
2005,-18.75,0.09743652343749999,0.0
2006,-18.75,0.104931640625,1419384762.3481717
2007,-15.0,0.09743652343749999,0.0
2008,-15.0,0.104931640625,1948671524.6874022
2009,-18.75,0.1124267578125,1432045635.783554
2010,-18.75,0.119921875,1444706509.2189367
2011,-15.0,0.1124267578125,1966370698.4676824
2012,-15.0,0.119921875,1984069872.2479625
2013,-18.75,0.1274169921875,1457367382.6543198
2014,-18.75,0.134912109375,1470028256.0897024
2015,-15.0,0.1274169921875,2001769046.0282426
2016,-15.0,0.134912109375,2019468219.8085227
2017,-18.75,0.1424072265625,1482689129.5250847
2018,-18.75,0.14990234375,1495350002.9604673
2019,-15.0,0.1424072265625,2037167393.5888028
2020,-15.0,0.14990234375,2054866567.369083
2021,-18.75,0.1573974609375,1508010876.39585
2022,-18.75,0.164892578125,1520671749.8312325
2023,-15.0,0.1573974609375,2072565741.1493633
2024,-15.0,0.164892578125,2090264914.9296432
2025,-18.75,0.1723876953125,1533332623.2666154
2026,-18.75,0.1798828125,1545993496.7019975
2027,-15.0,0.1723876953125,2107964088.7099237
2028,-15.0,0.1798828125,2125663262.4902039
2029,-18.75,0.1873779296875,1558654370.1373801
2030,-18.75,0.194873046875,1571315243.572763
2031,-15.0,0.1873779296875,2143362436.270484
2032,-15.0,0.194873046875,2161061610.050764
2033,-18.75,0.2,1579975775.8901258
2034,-18.75,0.2023681640625,1583976117.0081453
2035,-18.75,0.20986328125,1596636990.4435282
2036,-15.0,0.2,2173168536.740858
2037,-15.0,0.2023681640625,2178760783.831044
2038,-15.0,0.20986328125,2196459957.6113243
2039,-18.75,0.2173583984375,1609297863.8789105
2040,-18.75,0.224853515625,1621958737.3142931
2041,-15.0,0.2173583984375,2214159131.3916044
2042,-15.0,0.224853515625,2231858305.1718845
2043,-18.75,0.2323486328125,1634619610.7496758
2044,-18.75,0.23984375,1647280484.1850586
2045,-15.0,0.2323486328125,2249557478.9521646
2046,-15.0,0.23984375,2267256652.732445
2047,-18.75,0.2473388671875,1659941357.6204412
2048,-18.75,0.254833984375,1672602231.0558238
2049,-15.0,0.2473388671875,2284955826.5127254
2050,-15.0,0.254833984375,2302655000.2930055
2051,-18.75,0.2623291015625,1685263104.4912062
2052,-18.75,0.26982421875,1697923977.9265888
2053,-15.0,0.2623291015625,2320354174.0732856
2054,-15.0,0.26982421875,2338053347.8535657
2055,-18.75,0.2773193359375,1710584851.3619714
2056,-18.75,0.284814453125,1723245724.797354
2057,-15.0,0.2773193359375,2355752521.633846
2058,-15.0,0.284814453125,2373451695.414126
2059,-18.75,0.2923095703125,1735906598.2327366
2060,-18.75,0.2998046875,1748567471.6681192
2061,-15.0,0.2923095703125,2391150869.194406
2062,-15.0,0.2998046875,2408850042.974686
2063,-18.75,0.3072998046875,1762190650.4740064
2064,-18.75,0.314794921875,1775839576.5807765
2065,-15.0,0.3072998046875,2430494939.218064
2066,-15.0,0.314794921875,2452245406.6310225
2067,-18.75,0.32978515625,1803137428.7943168
2068,-15.0,0.32978515625,2495746341.4569397
2069,-18.75,0.359765625,1857733133.2213974
2070,-15.0,0.359765625,2582748211.108774
2071,-18.75,0.4197265625,1966924542.075559
2072,-15.0,0.4197265625,2756751950.412443
2073,-18.75,0.4796875,2076115950.9297204
2074,-15.0,0.4796875,2930755689.7161126
2075,-18.75,0.599609375,2273514442.656388
2076,-15.0,0.599609375,3185291166.0740886
2077,-18.75,0.71953125,2418955205.4129453
2078,-15.0,0.71953125,3357674103.741412
2079,-18.75,0.959375,2358096837.173586
2080,-15.0,0.959375,3238598005.4026494
2081,-18.75,1.4390625,2832097717.1342187
2082,-15.0,1.4390625,4041739597.828742
2083,-18.75,1.91875,3205446965.3103924
2084,-15.0,1.91875,4568555893.832367
2085,-18.75,2.3984375,3560774070.652262
2086,-18.75,2.878125,3439586247.5700555
2087,-15.0,2.3984375,5014605896.035786
2088,-15.0,2.878125,4810108663.331077
2089,-18.75,3.3578125,3604311140.6144075
2090,-18.75,3.8375,3851363967.6086416
2091,-15.0,3.3578125,5104631155.477828
2092,-15.0,3.8375,5416067851.321771
2093,-18.75,4.3171875,4131501618.150993
2094,-18.75,4.796875,4037297678.399137
2095,-15.0,4.3171875,5758140877.278855
2096,-15.0,4.796875,5695591877.082444
2097,-18.75,5.2765625,4179874731.289307
2098,-18.75,5.75625,4933195845.365263
2099,-15.0,5.2765625,5936424627.629714
2100,-15.0,5.75625,7017512110.339115
2101,-18.75,6.235937499999999,5240968487.464973
2102,-18.75,6.715624999999999,5857628413.237215
2103,-15.0,6.235937499999999,7438684110.683792
2104,-15.0,6.715624999999999,8295271662.244857
2105,-18.75,7.1953125,5456215852.103553
2106,-18.75,7.675,5446930203.770563
2107,-15.0,7.1953125,7789835406.973019
2108,-15.0,7.675,7802372243.135409
2109,-26.25,8.1546875,1471980374.0561028
2110,-26.25,8.634375,1322738543.7959843
2111,-22.5,8.1546875,3247515010.7862005
2112,-22.5,8.634375,3106877532.4565554
2113,-26.25,9.1140625,1228412571.4383543
2114,-26.25,9.59375,1303581801.0084002
2115,-22.5,9.1140625,3070905198.5326695
2116,-22.5,9.59375,3132041880.6345763
2117,-26.25,10.0734375,1391358044.18879
2118,-26.25,10.553125,1678651334.153419
2119,-22.5,10.0734375,3132456199.652199
2120,-22.5,10.553125,3477946242.156764
2121,-26.25,11.0328125,1726110217.3848643
2122,-26.25,11.5125,1609319142.5195231
2123,-22.5,11.0328125,3600853077.1132994
2124,-22.5,11.5125,3392356966.069541
2125,-26.25,11.9921875,1706207503.6674833
2126,-26.25,12.471875,1633093301.239552
2127,-22.5,11.9921875,3526282923.609215
2128,-22.5,12.471875,3437901211.3366323
2129,-26.25,12.9515625,2064123515.4304667
2130,-26.25,13.43125,1887253798.1653728
2131,-22.5,12.9515625,3784326219.9056864
2132,-22.5,13.43125,3622565695.5624895
2133,-26.25,13.9109375,1569324486.8747082
2134,-26.25,14.390625,1870220204.7837925
2135,-22.5,13.9109375,3341236568.2858505
2136,-22.5,14.390625,3675620780.0781317
2137,-26.25,14.8703125,1845824817.773872
2138,-26.25,15.35,2151623051.318466
2139,-22.5,14.8703125,3588427004.2249117
2140,-22.5,15.35,3808491929.5429015
2141,-18.75,8.1546875,5713421947.443402
2142,-18.75,8.634375,5602286650.656883
2143,-15.0,8.1546875,8179328884.100605
2144,-15.0,8.634375,8097695768.85721
2145,-18.75,9.1140625,5677408910.109909
2146,-18.75,9.59375,5688247226.362291
2147,-15.0,9.1140625,8283912621.68715
2148,-15.0,9.59375,8244452572.090008
2149,-18.75,10.0734375,5557706575.402883
2150,-18.75,10.553125,5926557582.845695
2151,-15.0,10.0734375,7982956951.153565
2152,-15.0,10.553125,8375168923.534624
2153,-18.75,11.0328125,6173516980.449337
2154,-18.75,11.5125,5818146908.259544
2155,-15.0,11.0328125,8746180883.785376
2156,-15.0,11.5125,8243936850.449549
2157,-18.75,11.9921875,6036264583.660152
2158,-18.75,12.471875,5932065387.163714
2159,-15.0,11.9921875,8546246243.711093
2160,-15.0,12.471875,8426229562.990795
2161,-18.75,12.9515625,6027801823.188146
2162,-18.75,13.43125,5917106537.79975
2163,-15.0,12.9515625,8271277426.470607
2164,-15.0,13.43125,8211647380.03701
2165,-18.75,13.9109375,5783354549.344105
2166,-18.75,14.390625,6101169075.744669
2167,-15.0,13.9109375,8225472530.402359
2168,-15.0,14.390625,8526717371.411208
2169,-18.75,14.8703125,5916179966.985262
2170,-18.75,15.35,5993015581.42374
2171,-15.0,14.8703125,8243932929.745615
2172,-15.0,15.35,8177539233.304579
2173,-11.25,0.014990234375,0.0
2174,-11.25,-0.0,0.0
2175,-11.25,0.02998046875,0.0
2176,-7.5,0.014990234375,0.0
2177,-7.5,-0.0,0.0
2178,-7.5,0.02998046875,0.0
2179,-11.25,0.044970703125,0.0
2180,-11.25,0.0599609375,0.0
2181,-7.5,0.044970703125,0.0
2182,-7.5,0.0599609375,0.0
2183,-11.25,0.074951171875,0.0
2184,-7.5,0.074951171875,0.0
2185,-11.25,0.08994140625,0.0
2186,-7.5,0.08994140625,0.0
2187,-11.25,0.09743652343749999,0.0
2188,-11.25,0.104931640625,59041895892.69686
2189,-7.5,0.09743652343749999,0.0
2190,-7.5,0.104931640625,116135120260.70633
2191,-11.25,0.1124267578125,59136066837.680626
2192,-11.25,0.119921875,59230237782.66438
2193,-7.5,0.1124267578125,116305762976.89359
2194,-7.5,0.119921875,116476405693.08081
2195,-11.25,0.1274169921875,59324408727.64815
2196,-11.25,0.134912109375,59418579672.63192
2197,-7.5,0.1274169921875,116647048409.26805
2198,-7.5,0.134912109375,116817691125.4553
2199,-11.25,0.1424072265625,59512750617.615654
2200,-11.25,0.14990234375,59606921562.59943
2201,-7.5,0.1424072265625,116988333841.6425
2202,-7.5,0.14990234375,117158976557.82977
2203,-11.25,0.1573974609375,59701092507.58319
2204,-11.25,0.164892578125,59795263452.56694
2205,-7.5,0.1573974609375,117329619274.01703
2206,-7.5,0.164892578125,117500261990.20422
2207,-11.25,0.1723876953125,59889434397.55071
2208,-11.25,0.1798828125,59983605342.53447
2209,-7.5,0.1723876953125,117670904706.3915
2210,-7.5,0.1798828125,117841547422.57872
2211,-11.25,0.1873779296875,60077776287.518234
2212,-11.25,0.194873046875,60171947232.50199
2213,-7.5,0.1873779296875,118012190138.76598
2214,-7.5,0.194873046875,118182832854.95322
2215,-11.25,0.2,60236363839.81987
2216,-11.25,0.2023681640625,60266118177.48575
2217,-11.25,0.20986328125,60360289122.46951
2218,-7.5,0.2,118299559142.8989
2219,-7.5,0.2023681640625,118353475571.14046
2220,-7.5,0.20986328125,118524118287.3277
2221,-11.25,0.2173583984375,60454460067.45328
2222,-11.25,0.224853515625,60548631012.43703
2223,-7.5,0.2173583984375,118694761003.51494
2224,-7.5,0.224853515625,118865403719.70218
2225,-11.25,0.2323486328125,60642801957.42079
2226,-11.25,0.23984375,60736972902.40455
2227,-7.5,0.2323486328125,119036046435.88942
2228,-7.5,0.23984375,119206689152.07664
2229,-11.25,0.2473388671875,60831143847.38832
2230,-11.25,0.254833984375,60925314792.37207
2231,-7.5,0.2473388671875,119377331868.26392
2232,-7.5,0.254833984375,119547974584.45114
2233,-11.25,0.2623291015625,61019485737.355835
2234,-11.25,0.26982421875,61113656682.33959
2235,-7.5,0.2623291015625,119718617300.63838
2236,-7.5,0.26982421875,119889260016.82562
2237,-11.25,0.2773193359375,61207827627.32336
2238,-11.25,0.284814453125,61301998572.30711
2239,-7.5,0.2773193359375,120059902733.01288
2240,-7.5,0.284814453125,120230545449.2001
2241,-11.25,0.2923095703125,61396169517.29088
2242,-11.25,0.2998046875,61490340462.274635
2243,-7.5,0.2923095703125,120401188165.38734
2244,-7.5,0.2998046875,120571830881.57458
2245,-11.25,0.3072998046875,61493137104.7153
2246,-11.25,0.314794921875,61493488949.763504
2247,-7.5,0.3072998046875,120555779270.21255
2248,-7.5,0.314794921875,120534732492.896
2249,-11.25,0.32978515625,61494192639.85993
2250,-7.5,0.32978515625,120492638938.26294
2251,-11.25,0.359765625,61495600020.05277
2252,-7.5,0.359765625,120408451828.99677
2253,-11.25,0.4197265625,61498414780.43847
2254,-7.5,0.4197265625,120240077610.4645
2255,-11.25,0.4796875,61501229540.82415
2256,-7.5,0.4796875,120071703391.93219
2257,-11.25,0.599609375,60017011449.71431
2258,-7.5,0.599609375,116848731733.35454
2259,-11.25,0.71953125,58334441901.74445
2260,-7.5,0.71953125,113311209699.7475
2261,-11.25,0.959375,56076643892.97389
2262,-7.5,0.959375,108914689780.54514
2263,-11.25,1.4390625,52435848044.76489
2264,-7.5,1.4390625,100829956491.70105
2265,-11.25,1.91875,50322083709.99432
2266,-7.5,1.91875,96075611526.15628
2267,-11.25,2.3984375,46891871795.6888
2268,-11.25,2.878125,44203826011.742355
2269,-7.5,2.3984375,88769137695.3418
2270,-7.5,2.878125,83597543360.15364
2271,-11.25,3.3578125,43550034129.8087
2272,-11.25,3.8375,40892981346.4192
2273,-7.5,3.3578125,81995437104.13957
2274,-7.5,3.8375,76369894841.51663
2275,-11.25,4.3171875,39364880886.184044
2276,-11.25,4.796875,37314783358.27905
2277,-7.5,4.3171875,72971620895.08923
2278,-7.5,4.796875,68933974839.47566
2279,-11.25,5.2765625,36085707423.176865
2280,-11.25,5.75625,34767768011.75015
2281,-7.5,5.2765625,66234990218.72401
2282,-7.5,5.75625,62518023913.16118
2283,-11.25,6.235937499999999,33102850083.328125
2284,-11.25,6.715624999999999,32060666430.175632
2285,-7.5,6.235937499999999,58767016055.97246
2286,-7.5,6.715624999999999,55826061198.10641
2287,-11.25,7.1953125,30914708829.4861
2288,-11.25,7.675,29927840249.679447
2289,-7.5,7.1953125,54039582251.99918
2290,-7.5,7.675,52053308256.22348
2291,-3.75,0.014990234375,0.0
2292,-3.75,-0.0,0.0
2293,-3.75,0.02998046875,0.0
2294,0.0,0.014990234375,0.0
2295,0.0,-0.0,0.0
2296,0.0,0.02998046875,0.0
2297,-3.75,0.044970703125,0.0
2298,-3.75,0.0599609375,0.0
2299,0.0,0.044970703125,0.0
2300,0.0,0.0599609375,0.0
2301,-3.75,0.074951171875,0.0
2302,0.0,0.074951171875,0.0
2303,-3.75,0.08994140625,0.0
2304,0.0,0.08994140625,0.0
2305,-3.75,0.09743652343749999,0.0
2306,-3.75,0.104931640625,159034900013.21588
2307,0.0,0.09743652343749999,0.0
2308,0.0,0.104931640625,173547790534.72568
2309,-3.75,0.1124267578125,159089923282.99823
2310,-3.75,0.119921875,159144946552.78055
2311,0.0,0.1124267578125,173103011922.88635
2312,0.0,0.119921875,172658233311.04697
2313,-3.75,0.1274169921875,159199969822.56287
2314,-3.75,0.134912109375,159254993092.3452
2315,0.0,0.1274169921875,172213454699.2076
2316,0.0,0.134912109375,171768676087.3683
2317,-3.75,0.1424072265625,159310016362.12756
2318,-3.75,0.14990234375,159365039631.90988
2319,0.0,0.1424072265625,171323897475.5289
2320,0.0,0.14990234375,170879118863.68958
2321,-3.75,0.1573974609375,159420062901.69223
2322,-3.75,0.164892578125,159475086171.47455
2323,0.0,0.1573974609375,170434340251.85022
2324,0.0,0.164892578125,169989561640.01083
2325,-3.75,0.1723876953125,159530109441.25687
2326,-3.75,0.1798828125,159585132711.0392
2327,0.0,0.1723876953125,169544783028.1715
2328,0.0,0.1798828125,169100004416.33215
2329,-3.75,0.1873779296875,159640155980.82153
2330,-3.75,0.194873046875,159695179250.60388
2331,0.0,0.1873779296875,168655225804.49277
2332,0.0,0.194873046875,168210447192.65344
2333,-3.75,0.2,159732817317.88168
2334,-3.75,0.2023681640625,159750202520.3862
2335,-3.75,0.20986328125,159805225790.16855
2336,0.0,0.2,167906201236.67212
2337,0.0,0.2023681640625,167765668580.8141
2338,0.0,0.20986328125,167320889968.97473
2339,-3.75,0.2173583984375,159860249059.95087
2340,-3.75,0.224853515625,159915272329.73322
2341,0.0,0.2173583984375,166876111357.13538
2342,0.0,0.224853515625,166431332745.29602
2343,-3.75,0.2323486328125,159970295599.51553
2344,-3.75,0.23984375,160025318869.29785
2345,0.0,0.2323486328125,165986554133.45667
2346,0.0,0.23984375,165541775521.6173
2347,-3.75,0.2473388671875,160080342139.08023
2348,-3.75,0.254833984375,160135365408.86255
2349,0.0,0.2473388671875,165096996909.77795
2350,0.0,0.254833984375,164652218297.9386
2351,-3.75,0.2623291015625,160190388678.64487
2352,-3.75,0.26982421875,160245411948.42722
2353,0.0,0.2623291015625,164207439686.09924
2354,0.0,0.26982421875,163762661074.2599
2355,-3.75,0.2773193359375,160300435218.20953
2356,-3.75,0.284814453125,160355458487.99185
2357,0.0,0.2773193359375,163317882462.42053
2358,0.0,0.284814453125,162873103850.58118
2359,-3.75,0.2923095703125,160410481757.7742
2360,-3.75,0.2998046875,160465505027.55652
2361,0.0,0.2923095703125,162428325238.74182
2362,0.0,0.2998046875,161983546626.9025
2363,-3.75,0.3072998046875,160411031454.75058
2364,-3.75,0.314794921875,160353628200.5376
2365,0.0,0.3072998046875,161851503677.3703
2366,0.0,0.314794921875,161727828237.19745
2367,-3.75,0.32978515625,160238821692.11163
2368,0.0,0.32978515625,161480477356.8518
2369,-3.75,0.359765625,160009208675.2597
2370,0.0,0.359765625,160985775596.16052
2371,-3.75,0.4197265625,159549982641.55588
2372,0.0,0.4197265625,159996372074.77795
2373,-3.75,0.4796875,159090756607.852
2374,0.0,0.4796875,159006968553.3954
2375,-3.75,0.599609375,154725103013.58975
2376,0.0,0.599609375,154690776287.01492
2377,-3.75,0.71953125,150024795363.8647
2378,0.0,0.71953125,150212016760.2102
2379,-3.75,0.959375,144276394110.38882
2380,0.0,0.959375,144685415324.7772
2381,-3.75,1.4390625,133341217757.97372
2382,0.0,1.4390625,134086784662.9194
2383,-3.75,1.91875,126620938587.87692
2384,0.0,1.91875,126749864140.71498
2385,-3.75,2.3984375,116921543180.08134
2386,-3.75,2.878125,110487520519.12836
2387,0.0,2.3984375,117624227834.99399
2388,0.0,2.878125,112370017299.22992
2389,-3.75,3.3578125,107422735046.09087
2390,-3.75,3.8375,100171298936.75807
2391,0.0,3.3578125,106813822923.28296
2392,0.0,3.8375,100621684232.28761
2393,-3.75,4.3171875,95141012610.34166
2394,-3.75,4.796875,89964514005.35062
2395,0.0,4.3171875,94435707738.28856
2396,0.0,4.796875,89817748540.58226
2397,-3.75,5.2765625,86161045708.0286
2398,-3.75,5.75625,80728060495.49953
2399,0.0,5.2765625,85640646584.84802
2400,0.0,5.75625,79857658439.69254
2401,-3.75,6.235937499999999,76017735770.9353
2402,-3.75,6.715624999999999,72077601438.34375
2403,0.0,6.235937499999999,76441562970.53516
2404,0.0,6.715624999999999,73301432623.1942
2405,-3.75,7.1953125,69400490979.16302
2406,-3.75,7.675,66574076621.94896
2407,0.0,7.1953125,69233470315.6284
2408,0.0,7.675,65885445706.03733
2409,-11.25,8.1546875,28604701021.240425
2410,-11.25,8.634375,27941017426.20815
2411,-7.5,8.1546875,49030073158.38025
2412,-7.5,8.634375,47784339083.55909
2413,-11.25,9.1140625,26843870066.689316
2414,-11.25,9.59375,25557194074.7247
2415,-7.5,9.1140625,45403827511.69149
2416,-7.5,9.59375,42869935577.35939
2417,-11.25,10.0734375,24459859751.903503
2418,-11.25,10.553125,23405733900.99032
2419,-7.5,10.0734375,40936762552.65344
2420,-7.5,10.553125,38436298878.446014
2421,-11.25,11.0328125,22935541395.302166
2422,-11.25,11.5125,21176789980.361423
2423,-7.5,11.0328125,37124901906.818954
2424,-7.5,11.5125,34109643110.273296
2425,-11.25,11.9921875,20747529752.31479
2426,-11.25,12.471875,19700869490.871605
2427,-7.5,11.9921875,32948813260.918484
2428,-7.5,12.471875,30975509418.75242
2429,-11.25,12.9515625,19528130856.046234
2430,-11.25,13.43125,18475460175.883644
2431,-7.5,12.9515625,30784984285.62186
2432,-7.5,13.43125,28739272971.73027
2433,-11.25,13.9109375,17591181487.45564
2434,-11.25,14.390625,17463868885.087025
2435,-7.5,13.9109375,26956890444.508923
2436,-7.5,14.390625,26401020398.762848
2437,-11.25,14.8703125,16014968862.920748
2438,-11.25,15.35,15513277920.02961
2439,-7.5,14.8703125,23786004796.095882
2440,-7.5,15.35,22849016606.75464
2441,-3.75,8.1546875,62554815386.14117
2442,-3.75,8.634375,60629385766.93884
2443,0.0,8.1546875,62278297795.14432
2444,0.0,8.634375,59477882502.376205
2445,-3.75,9.1140625,57507733527.3655
2446,-3.75,9.59375,54278262715.067215
2447,0.0,9.1140625,56699536684.383194
2448,0.0,9.59375,53877761122.921326
2449,-3.75,10.0734375,51973373177.692345
2450,-3.75,10.553125,48394575334.63007
2451,0.0,10.0734375,52129399451.3092
2452,0.0,10.553125,48208274748.27087
2453,-3.75,11.0328125,46425948152.102104
2454,-3.75,11.5125,42541161844.57135
2455,0.0,11.0328125,45950365864.918
2456,0.0,11.5125,41970011787.64173
2457,-3.75,11.9921875,41052364722.332306
2458,-3.75,12.471875,38432847770.65901
2459,0.0,11.9921875,40960452089.36639
2460,0.0,12.471875,38255582970.617195
2461,-3.75,12.9515625,38049760817.141655
2462,-3.75,13.43125,35401512902.56206
2463,0.0,12.9515625,37330383552.54978
2464,0.0,13.43125,34860607103.36418
2465,-3.75,13.9109375,33007485738.398518
2466,-3.75,14.390625,32065771805.007744
2467,0.0,13.9109375,32427853705.960747
2468,0.0,14.390625,31185722996.390812
2469,-3.75,14.8703125,28864302416.627754
2470,-3.75,15.35,27662376323.203526
2471,0.0,14.8703125,28557123411.87309
2472,0.0,15.35,27430978099.10012
2473,-116.25,15.8296875,0.0
2474,-120.0,15.8296875,0.0
2475,-116.25,16.309375,0.0
2476,-120.0,16.309375,0.0
2477,-112.5,15.8296875,0.0
2478,-112.5,16.309375,0.0
2479,-116.25,16.7890625,0.0
2480,-120.0,16.7890625,0.0
2481,-116.25,17.26875,0.0
2482,-120.0,17.26875,0.0
2483,-112.5,16.7890625,0.0
2484,-112.5,17.26875,0.0
2485,-116.25,17.7484375,0.0
2486,-120.0,17.7484375,0.0
2487,-116.25,18.228125,0.0
2488,-120.0,18.228125,0.0
2489,-112.5,17.7484375,0.0
2490,-112.5,18.228125,0.0
2491,-116.25,18.7078125,0.0
2492,-120.0,18.7078125,0.0
2493,-116.25,19.1875,0.0
2494,-120.0,19.1875,0.0
2495,-112.5,18.7078125,0.0
2496,-112.5,19.1875,0.0
2497,-116.25,19.6671875,0.0
2498,-120.0,19.6671875,0.0
2499,-116.25,20.146875,0.0
2500,-120.0,20.146875,0.0
2501,-112.5,19.6671875,0.0
2502,-112.5,20.146875,0.0
2503,-116.25,20.6265625,0.0
2504,-120.0,20.6265625,0.0
2505,-116.25,21.10625,0.0
2506,-120.0,21.10625,0.0
2507,-112.5,20.6265625,0.0
2508,-112.5,21.10625,0.0
2509,-116.25,21.5859375,0.0
2510,-120.0,21.5859375,0.0
2511,-116.25,22.065625,0.0
2512,-120.0,22.065625,0.0
2513,-112.5,21.5859375,0.0
2514,-112.5,22.065625,0.0
2515,-116.25,22.5453125,0.0
2516,-120.0,22.5453125,0.0
2517,-116.25,23.025,0.0
2518,-120.0,23.025,0.0
2519,-112.5,22.5453125,0.0
2520,-112.5,23.025,0.0
2521,-108.75,15.8296875,0.0
2522,-108.75,16.309375,0.0
2523,-105.0,15.8296875,0.0
2524,-105.0,16.309375,0.0
2525,-108.75,16.7890625,0.0
2526,-108.75,17.26875,0.0
2527,-105.0,16.7890625,0.0
2528,-105.0,17.26875,0.0
2529,-108.75,17.7484375,0.0
2530,-108.75,18.228125,0.0
2531,-105.0,17.7484375,0.0
2532,-105.0,18.228125,0.0
2533,-108.75,18.7078125,0.0
2534,-108.75,19.1875,0.0
2535,-105.0,18.7078125,0.0
2536,-105.0,19.1875,0.0
2537,-108.75,19.6671875,0.0
2538,-108.75,20.146875,0.0
2539,-105.0,19.6671875,0.0
2540,-105.0,20.146875,0.0
2541,-108.75,20.6265625,0.0
2542,-108.75,21.10625,0.0
2543,-105.0,20.6265625,0.0
2544,-105.0,21.10625,0.0
2545,-108.75,21.5859375,0.0
2546,-108.75,22.065625,0.0
2547,-105.0,21.5859375,0.0
2548,-105.0,22.065625,0.0
2549,-108.75,22.5453125,0.0
2550,-108.75,23.025,0.0
2551,-105.0,22.5453125,0.0
2552,-105.0,23.025,0.0
2553,-101.25,15.8296875,0.0
2554,-101.25,16.309375,0.0
2555,-97.5,15.8296875,0.0
2556,-97.5,16.309375,0.0
2557,-101.25,16.7890625,0.0
2558,-101.25,17.26875,0.0
2559,-97.5,16.7890625,0.0
2560,-97.5,17.26875,0.0
2561,-101.25,17.7484375,0.0
2562,-101.25,18.228125,0.0
2563,-97.5,17.7484375,0.0
2564,-97.5,18.228125,0.0
2565,-101.25,18.7078125,0.0
2566,-101.25,19.1875,0.0
2567,-97.5,18.7078125,0.0
2568,-97.5,19.1875,0.0
2569,-101.25,19.6671875,0.0
2570,-101.25,20.146875,0.0
2571,-97.5,19.6671875,0.0
2572,-97.5,20.146875,0.0
2573,-101.25,20.6265625,0.0
2574,-101.25,21.10625,0.0
2575,-97.5,20.6265625,0.0
2576,-97.5,21.10625,0.0
2577,-101.25,21.5859375,0.0
2578,-101.25,22.065625,0.0
2579,-97.5,21.5859375,0.0
2580,-97.5,22.065625,0.0
2581,-101.25,22.5453125,0.0
2582,-101.25,23.025,0.0
2583,-97.5,22.5453125,0.0
2584,-97.5,23.025,0.0
2585,-93.75,15.8296875,0.0
2586,-93.75,16.309375,0.0
2587,-90.0,15.8296875,0.0
2588,-90.0,16.309375,0.0
2589,-93.75,16.7890625,0.0
2590,-93.75,17.26875,0.0
2591,-90.0,16.7890625,0.0
2592,-90.0,17.26875,0.0
2593,-93.75,17.7484375,0.0
2594,-93.75,18.228125,0.0
2595,-90.0,17.7484375,0.0
2596,-90.0,18.228125,0.0
2597,-93.75,18.7078125,0.0
2598,-93.75,19.1875,0.0
2599,-90.0,18.7078125,0.0
2600,-90.0,19.1875,0.0
2601,-93.75,19.6671875,0.0
2602,-93.75,20.146875,0.0
2603,-90.0,19.6671875,0.0
2604,-90.0,20.146875,0.0
2605,-93.75,20.6265625,0.0
2606,-93.75,21.10625,0.0
2607,-90.0,20.6265625,0.0
2608,-90.0,21.10625,0.0
2609,-93.75,21.5859375,0.0
2610,-93.75,22.065625,0.0
2611,-90.0,21.5859375,0.0
2612,-90.0,22.065625,0.0
2613,-93.75,22.5453125,0.0
2614,-93.75,23.025,0.0
2615,-90.0,22.5453125,0.0
2616,-90.0,23.025,0.0
2617,-86.25,15.8296875,0.0
2618,-86.25,16.309375,0.0
2619,-82.5,15.8296875,0.0
2620,-82.5,16.309375,0.0
2621,-86.25,16.7890625,0.0
2622,-86.25,17.26875,0.0
2623,-82.5,16.7890625,0.0
2624,-82.5,17.26875,0.0
2625,-86.25,17.7484375,0.0
2626,-86.25,18.228125,0.0
2627,-82.5,17.7484375,0.0
2628,-82.5,18.228125,0.0
2629,-86.25,18.7078125,0.0
2630,-86.25,19.1875,0.0
2631,-82.5,18.7078125,0.0
2632,-82.5,19.1875,0.0
2633,-86.25,19.6671875,0.0
2634,-86.25,20.146875,0.0
2635,-82.5,19.6671875,0.0
2636,-82.5,20.146875,2475415.7345219566
2637,-86.25,20.6265625,0.0
2638,-86.25,21.10625,0.0
2639,-82.5,20.6265625,0.0
2640,-82.5,21.10625,0.0
2641,-86.25,21.5859375,0.0
2642,-86.25,22.065625,0.0
2643,-82.5,21.5859375,0.0
2644,-82.5,22.065625,0.0
2645,-86.25,22.5453125,0.0
2646,-86.25,23.025,0.0
2647,-82.5,22.5453125,0.0
2648,-82.5,23.025,0.0
2649,-78.75,15.8296875,0.0
2650,-78.75,16.309375,0.0
2651,-75.0,15.8296875,0.0
2652,-75.0,16.309375,0.0
2653,-78.75,16.7890625,0.0
2654,-78.75,17.26875,0.0
2655,-75.0,16.7890625,0.0
2656,-75.0,17.26875,0.0
2657,-78.75,17.7484375,0.0
2658,-78.75,18.228125,0.0
2659,-75.0,17.7484375,0.0
2660,-75.0,18.228125,0.0
2661,-78.75,18.7078125,0.0
2662,-78.75,19.1875,0.0
2663,-75.0,18.7078125,0.0
2664,-75.0,19.1875,0.0
2665,-78.75,19.6671875,0.0
2666,-78.75,20.146875,6188539.336304892
2667,-75.0,19.6671875,0.0
2668,-75.0,20.146875,9901662.938087827
2669,-78.75,20.6265625,0.0
2670,-78.75,21.10625,0.0
2671,-75.0,20.6265625,0.0
2672,-75.0,21.10625,0.0
2673,-78.75,21.5859375,0.0
2674,-78.75,22.065625,0.0
2675,-75.0,21.5859375,0.0
2676,-75.0,22.065625,0.0
2677,-78.75,22.5453125,0.0
2678,-78.75,23.025,0.0
2679,-75.0,22.5453125,0.0
2680,-75.0,23.025,0.0
2681,-71.25,15.8296875,5673891.853231746
2682,-71.25,16.309375,3462257.3256086605
2683,-67.5,15.8296875,11347783.706463492
2684,-67.5,16.309375,6924514.651217321
2685,-71.25,16.7890625,5321659.780788695
2686,-71.25,17.26875,5750314.203586513
2687,-67.5,16.7890625,10643319.56157739
2688,-67.5,17.26875,11500628.407173026
2689,-71.25,17.7484375,8632965.033589793
2690,-71.25,18.228125,15081291.256552624
2691,-67.5,17.7484375,17265930.067179587
2692,-67.5,18.228125,30162582.513105247
2693,-71.25,18.7078125,6496826.815397211
2694,-71.25,19.1875,7596804.27644055
2695,-67.5,18.7078125,12993653.630794423
2696,-67.5,19.1875,15193608.5528811
2697,-71.25,19.6671875,12912522.635224285
2698,-71.25,20.146875,19096823.8593962
2699,-67.5,19.6671875,25825045.27044857
2700,-67.5,20.146875,28291984.780704573
2701,-71.25,20.6265625,22340587.478103243
2702,-71.25,21.10625,5991673.921724879
2703,-67.5,20.6265625,44681174.956206486
2704,-67.5,21.10625,11983347.843449758
2705,-71.25,21.5859375,1124741.1122782356
2706,-71.25,22.065625,686527.5431027695
2707,-67.5,21.5859375,2249482.224556471
2708,-67.5,22.065625,1373055.086205539
2709,-71.25,22.5453125,907616.9965557137
2710,-71.25,23.025,1944852.9864289488
2711,-67.5,22.5453125,1815233.9931114274
2712,-67.5,23.025,3889705.9728578976
2713,-63.75,15.8296875,16526658.00459432
2714,-63.75,16.309375,10868068.139832746
2715,-60.0,15.8296875,20715497.19252332
2716,-60.0,16.309375,15774213.954461705
2717,-63.75,16.7890625,16787212.058671918
2718,-63.75,17.26875,17890426.567835838
2719,-60.0,16.7890625,24575569.988378108
2720,-60.0,17.26875,25559192.642651234
2721,-63.75,17.7484375,30078810.352775533
2722,-63.75,18.228125,44089800.073570065
2723,-60.0,17.7484375,51251521.14238376
2724,-60.0,18.228125,55708870.24185927
2725,-63.75,18.7078125,24748136.27470948
2726,-63.75,19.1875,26911096.049684376
2727,-60.0,18.7078125,47017930.575660236
2728,-60.0,19.1875,46869949.987213105
2729,-63.75,19.6671875,34149079.23644686
2730,-63.75,20.146875,35864904.73601338
2731,-60.0,19.6671875,33296135.863993127
2732,-60.0,20.146875,40193342.75932307
2733,-63.75,20.6265625,61081962.16839274
2734,-63.75,21.10625,19505806.375614967
2735,-60.0,20.6265625,65603148.848744996
2736,-60.0,21.10625,30089834.128660824
2737,-63.75,21.5859375,9214809.634513874
2738,-63.75,22.065625,6576838.025459273
2739,-60.0,21.5859375,27861309.63982961
2740,-60.0,22.065625,20815131.757014934
2741,-63.75,22.5453125,7631280.53036947
2742,-63.75,23.025,12697541.420772128
2743,-60.0,22.5453125,23264186.14903217
2744,-60.0,23.025,35231341.79165691
2745,-56.25,15.8296875,24904336.380452316
2746,-56.25,16.309375,20680359.769090667
2747,-52.5,15.8296875,44985666.21254237
2748,-52.5,16.309375,65125252.82400619
2749,-56.25,16.7890625,32363927.918084294
2750,-56.25,17.26875,33227958.71746663
2751,-52.5,16.7890625,56236841.65154126
2752,-52.5,17.26875,47951918.96837418
2753,-56.25,17.7484375,72424231.931992
2754,-56.25,18.228125,67327940.41014847
2755,-52.5,17.7484375,76975908.42323568
2756,-52.5,18.228125,108241743.30321854
2757,-56.25,18.7078125,69287724.87661098
2758,-56.25,19.1875,66828803.924741834
2759,-52.5,18.7078125,75768067.93523027
2760,-52.5,19.1875,91863079.39137381
2761,-56.25,19.6671875,32443192.491539404
2762,-56.25,20.146875,44521780.78263274
2763,-52.5,19.6671875,49269854.57856232
2764,-52.5,20.146875,65278185.46656432
2765,-56.25,20.6265625,70124335.52909726
2766,-56.25,21.10625,40673861.88170668
2767,-52.5,20.6265625,94832209.57650688
2768,-52.5,21.10625,62552181.422816575
2769,-56.25,21.5859375,46507809.64514534
2770,-56.25,22.065625,35053425.48857059
2771,-52.5,21.5859375,72878641.76027937
2772,-52.5,22.065625,49890742.11956946
2773,-56.25,22.5453125,38897091.767694876
2774,-56.25,23.025,57765142.1625417
2775,-52.5,22.5453125,76559209.00979301
2776,-52.5,23.025,101462929.6757766
2777,-48.75,15.8296875,73013241.36671296
2778,-48.75,16.309375,129339519.49906501
2779,-45.0,15.8296875,101040816.52088355
2780,-45.0,16.309375,193553786.17412382
2781,-48.75,16.7890625,88152033.28687362
2782,-48.75,17.26875,66203476.307327814
2783,-45.0,16.7890625,120067224.92220598
2784,-45.0,17.26875,84455033.64628145
2785,-48.75,17.7484375,73217067.76529709
2786,-48.75,18.228125,163802912.55867904
2787,-45.0,17.7484375,69458227.10735849
2788,-45.0,18.228125,219364081.81413954
2789,-48.75,18.7078125,74353685.37268381
2790,-48.75,19.1875,119435065.62255737
2791,-45.0,18.7078125,72939302.81013735
2792,-45.0,19.1875,147007051.85374093
2793,-48.75,19.6671875,74936319.39532357
2794,-48.75,20.146875,94248573.48080684
2795,-45.0,19.6671875,100602784.21208481
2796,-45.0,20.146875,123218961.49504936
2797,-48.75,20.6265625,129633427.3074452
2798,-48.75,21.10625,90077646.85795848
2799,-45.0,20.6265625,164434645.03838348
2800,-45.0,21.10625,117603112.29310039
2801,-48.75,21.5859375,103111639.93032253
2802,-48.75,22.065625,65027570.20028993
2803,-45.0,21.5859375,133344638.1003657
2804,-45.0,22.065625,80164398.28101039
2805,-48.75,22.5453125,125235932.06360883
2806,-48.75,23.025,155742710.76018655
2807,-45.0,22.5453125,173912655.11742467
2808,-45.0,23.025,210022491.8445965
2809,-41.25,15.8296875,289084394.4121628
2810,-41.25,16.309375,304159005.6235653
2811,-37.5,15.8296875,477127972.30344206
2812,-37.5,16.309375,414764225.07300687
2813,-41.25,16.7890625,337186485.8348624
2814,-41.25,17.26875,289430963.14739496
2815,-37.5,16.7890625,554305746.7475188
2816,-37.5,17.26875,494406892.6485084
2817,-41.25,17.7484375,279589316.2859868
2818,-41.25,18.228125,318082980.6782126
2819,-37.5,17.7484375,489720405.4646151
2820,-37.5,18.228125,416801879.5422856
2821,-41.25,18.7078125,222434001.2350816
2822,-41.25,19.1875,306366982.3153161
2823,-37.5,18.7078125,371928699.6600259
2824,-37.5,19.1875,465726912.77689123
2825,-41.25,19.6671875,255406231.17343283
2826,-41.25,20.146875,267188259.72329673
2827,-37.5,19.6671875,410209678.1347809
2828,-37.5,20.146875,411157557.95154405
2829,-41.25,20.6265625,373228018.507465
2830,-41.25,21.10625,327734158.9370422
2831,-37.5,20.6265625,582021391.9765465
2832,-37.5,21.10625,537865205.580984
2833,-41.25,21.5859375,242783423.05239117
2834,-41.25,22.065625,224747243.1449541
2835,-37.5,21.5859375,352222208.0044166
2836,-37.5,22.065625,369330088.0088978
2837,-41.25,22.5453125,314952328.5318588
2838,-41.25,23.025,294704803.40633166
2839,-37.5,22.5453125,455992001.946293
2840,-37.5,23.025,379387114.9680668
2841,-33.75,15.8296875,814094137.5131488
2842,-33.75,16.309375,702192442.7614408
2843,-30.0,15.8296875,1448905477.3597102
2844,-30.0,16.309375,1343266656.9278595
2845,-33.75,16.7890625,851657647.5636704
2846,-33.75,17.26875,801019600.5454664
2847,-30.0,16.7890625,1309474828.1868122
2848,-30.0,17.26875,1310905865.2341132
2849,-33.75,17.7484375,816065225.6374274
2850,-33.75,18.228125,665303269.3336637
2851,-30.0,17.7484375,1374837507.7986078
2852,-30.0,18.228125,1213369640.9796515
2853,-33.75,18.7078125,687796276.6222432
2854,-33.75,19.1875,776309117.0078303
2855,-30.0,18.7078125,1336409610.6590064
2856,-30.0,19.1875,1389335868.7774968
2857,-33.75,19.6671875,733284034.1626256
2858,-33.75,20.146875,750625933.5765244
2859,-30.0,19.6671875,1392900208.3234634
2860,-30.0,20.146875,1481092463.9949703
2861,-33.75,20.6265625,873342428.5546404
2862,-33.75,21.10625,840673183.3418479
2863,-30.0,20.6265625,1329718791.3507586
2864,-30.0,21.10625,1328835023.3365564
2865,-33.75,21.5859375,643328430.5570027
2866,-33.75,22.065625,647117048.1481421
2867,-30.0,21.5859375,1297769528.31071
2868,-30.0,22.065625,1191312238.8379874
2869,-33.75,22.5453125,755072560.1046281
2870,-33.75,23.025,622787340.6625926
2871,-30.0,22.5453125,1370234887.7507653
2872,-30.0,23.025,1183623394.6227002
2873,-26.25,15.8296875,2083716817.2062716
2874,-26.25,16.309375,1984340871.0942783
2875,-22.5,15.8296875,3853878771.3482065
2876,-22.5,16.309375,3600304720.208594
2877,-26.25,16.7890625,1767292008.8099542
2878,-26.25,17.26875,1820792129.9227602
2879,-22.5,16.7890625,3356812933.33536
2880,-22.5,17.26875,3344211263.62856
2881,-26.25,17.7484375,1933609789.9597878
2882,-26.25,18.228125,1761436012.6256394
2883,-22.5,17.7484375,3452617253.8013816
2884,-22.5,18.228125,3297534444.1641436
2885,-26.25,18.7078125,1985022944.69577
2886,-26.25,19.1875,2002362620.5471635
2887,-22.5,18.7078125,3559795640.4338527
2888,-22.5,19.1875,3447415867.9772058
2889,-26.25,19.6671875,2052516382.4843016
2890,-26.25,20.146875,2211558994.4134164
2891,-22.5,19.6671875,3497377024.1922674
2892,-22.5,20.146875,3656211307.0007143
2893,-26.25,20.6265625,1786095154.1468768
2894,-26.25,21.10625,1816996863.331265
2895,-22.5,20.6265625,3282035839.749899
2896,-22.5,21.10625,3351156249.4334006
2897,-26.25,21.5859375,1952210626.064417
2898,-26.25,22.065625,1735507429.5278325
2899,-22.5,21.5859375,3346284525.7081833
2900,-22.5,22.065625,3000707012.6613617
2901,-26.25,22.5453125,1985397215.396903
2902,-26.25,23.025,1744459448.5828073
2903,-22.5,22.5453125,3078197198.018723
2904,-22.5,23.025,2800790184.3026
2905,-18.75,15.8296875,6191716032.637827
2906,-18.75,16.309375,5703713386.796858
2907,-15.0,15.8296875,8529553293.927448
2908,-15.0,16.309375,7807122053.385122
2909,-18.75,16.7890625,5512185729.811899
2910,-18.75,17.26875,5374396831.842937
2911,-15.0,16.7890625,7667558526.288437
2912,-15.0,17.26875,7404582400.057314
2913,-18.75,17.7484375,5451742308.483181
2914,-18.75,18.228125,5327648905.648905
2915,-15.0,17.7484375,7450867363.164982
2916,-15.0,18.228125,7357763367.133667
2917,-18.75,18.7078125,5597648017.022594
2918,-18.75,19.1875,5308482363.237436
2919,-15.0,18.7078125,7635500393.611336
2920,-15.0,19.1875,7169548858.497666
2921,-18.75,19.6671875,5334859899.6737995
2922,-18.75,20.146875,5457956510.672439
2923,-15.0,19.6671875,7172342775.15533
2924,-15.0,20.146875,7259701714.344162
2925,-18.75,20.6265625,5297758686.756372
2926,-18.75,21.10625,5408314408.5892515
2927,-15.0,20.6265625,7313481533.762846
2928,-15.0,21.10625,7465472567.7451
2929,-18.75,21.5859375,5110174826.296978
2930,-18.75,22.065625,4626408792.016734
2931,-15.0,21.5859375,6874065126.885774
2932,-15.0,22.065625,6252110571.372106
2933,-18.75,22.5453125,4409816008.128385
2934,-18.75,23.025,4104868260.902235
2935,-15.0,22.5453125,5741434818.238046
2936,-15.0,23.025,5408946337.501869
2937,-11.25,15.8296875,15388791938.301273
2938,-11.25,16.309375,14138752795.082441
2939,-7.5,15.8296875,22248030582.675102
2940,-7.5,16.309375,20470383536.779762
2941,-11.25,16.7890625,14018327129.790998
2942,-11.25,17.26875,13099376204.715534
2943,-7.5,16.7890625,20369095733.29356
2944,-7.5,17.26875,18794170009.373753
2945,-11.25,17.7484375,12752050033.300901
2946,-11.25,18.228125,12436388295.331406
2947,-7.5,17.7484375,18053232703.436825
2948,-7.5,18.228125,17515013223.529144
2949,-11.25,18.7078125,12792634777.387878
2950,-11.25,19.1875,11873505759.573229
2951,-7.5,18.7078125,17949769161.164425
2952,-7.5,19.1875,16577462660.648792
2953,-11.25,19.6671875,11557959235.663315
2954,-11.25,20.146875,10869890057.038132
2955,-7.5,19.6671875,15943575696.171299
2956,-7.5,20.146875,14480078399.732103
2957,-11.25,20.6265625,10885741008.412666
2958,-11.25,21.10625,10739794181.884863
2959,-7.5,20.6265625,14458000483.062487
2960,-7.5,21.10625,14014115796.024628
2961,-11.25,21.5859375,9777711742.268143
2962,-11.25,22.065625,9176279728.320951
2963,-7.5,21.5859375,12681358357.650513
2964,-7.5,22.065625,12100448885.269796
2965,-11.25,22.5453125,8973458039.027939
2966,-11.25,23.025,7902255194.885801
2967,-7.5,22.5453125,12205481259.81783
2968,-7.5,23.025,10395564052.269733
2969,-3.75,15.8296875,26763588351.036026
2970,-3.75,16.309375,24605497577.087593
2971,0.0,15.8296875,26591784367.37114
2972,0.0,16.309375,24347578214.61644
2973,-3.75,16.7890625,24477521672.772778
2974,-3.75,17.26875,22562748442.145126
2975,0.0,16.7890625,24101262284.205303
2976,0.0,17.26875,22478896131.14279
2977,-3.75,17.7484375,21576699703.279545
2978,-3.75,18.228125,20780191985.686104
2979,0.0,17.7484375,21544735362.535877
2980,0.0,18.228125,20418478415.761486
2981,-3.75,18.7078125,21206534547.647743
2982,-3.75,19.1875,19563326275.507683
2983,0.0,18.7078125,20662561939.54463
2984,0.0,19.1875,19113003317.933235
2985,-3.75,19.6671875,18660070788.118813
2986,-3.75,20.146875,16818127450.80881
2987,0.0,19.6671875,18038323142.945374
2988,0.0,20.146875,16611897918.65099
2989,-3.75,20.6265625,16621020810.448837
2990,-3.75,21.10625,15965476581.70863
2991,0.0,20.6265625,15965562843.308247
2992,0.0,21.10625,15270915710.48111
2993,-3.75,21.5859375,14540275942.906706
2994,-3.75,22.065625,13900918956.809227
2995,0.0,21.5859375,14309735467.91054
2996,0.0,22.065625,13453990857.529823
2997,-3.75,22.5453125,14101516858.585611
2998,-3.75,23.025,12004364215.028511
2999,0.0,22.5453125,13325577213.30918
3000,0.0,23.025,11844146988.53699
3001,-116.25,23.5046875,0.0
3002,-120.0,23.5046875,0.0
3003,-116.25,23.984375,0.0
3004,-120.0,23.984375,0.0
3005,-112.5,23.5046875,0.0
3006,-112.5,23.984375,0.0
3007,-116.25,24.4640625,0.0
3008,-120.0,24.4640625,0.0
3009,-116.25,24.94375,0.0
3010,-120.0,24.94375,0.0
3011,-112.5,24.4640625,0.0
3012,-112.5,24.94375,0.0
3013,-116.25,25.4234375,0.0
3014,-120.0,25.4234375,0.0
3015,-116.25,25.903125,0.0
3016,-120.0,25.903125,0.0
3017,-112.5,25.4234375,0.0
3018,-112.5,25.903125,0.0
3019,-116.25,26.3828125,0.0
3020,-120.0,26.3828125,0.0
3021,-116.25,26.8625,0.0
3022,-120.0,26.8625,0.0
3023,-112.5,26.3828125,0.0
3024,-112.5,26.8625,0.0
3025,-108.75,23.5046875,0.0
3026,-108.75,23.984375,0.0
3027,-105.0,23.5046875,0.0
3028,-105.0,23.984375,0.0
3029,-108.75,24.4640625,0.0
3030,-108.75,24.94375,0.0
3031,-105.0,24.4640625,0.0
3032,-105.0,24.94375,0.0
3033,-108.75,25.4234375,0.0
3034,-108.75,25.903125,0.0
3035,-105.0,25.4234375,0.0
3036,-105.0,25.903125,0.0
3037,-108.75,26.3828125,0.0
3038,-108.75,26.8625,0.0
3039,-105.0,26.3828125,0.0
3040,-105.0,26.8625,0.0
3041,-101.25,23.5046875,0.0
3042,-101.25,23.984375,0.0
3043,-97.5,23.5046875,0.0
3044,-97.5,23.984375,0.0
3045,-101.25,24.4640625,0.0
3046,-101.25,24.94375,0.0
3047,-97.5,24.4640625,0.0
3048,-97.5,24.94375,0.0
3049,-101.25,25.4234375,0.0
3050,-101.25,25.903125,0.0
3051,-97.5,25.4234375,0.0
3052,-97.5,25.903125,0.0
3053,-101.25,26.3828125,0.0
3054,-101.25,26.8625,0.0
3055,-97.5,26.3828125,0.0
3056,-97.5,26.8625,0.0
3057,-93.75,23.5046875,0.0
3058,-93.75,23.984375,0.0
3059,-90.0,23.5046875,0.0
3060,-90.0,23.984375,0.0
3061,-93.75,24.4640625,0.0
3062,-93.75,24.94375,0.0
3063,-90.0,24.4640625,0.0
3064,-90.0,24.94375,0.0
3065,-93.75,25.4234375,0.0
3066,-93.75,25.903125,0.0
3067,-90.0,25.4234375,0.0
3068,-90.0,25.903125,0.0
3069,-93.75,26.3828125,0.0
3070,-93.75,26.8625,0.0
3071,-90.0,26.3828125,0.0
3072,-90.0,26.8625,0.0
3073,-86.25,23.5046875,0.0
3074,-86.25,23.984375,0.0
3075,-82.5,23.5046875,0.0
3076,-82.5,23.984375,0.0
3077,-86.25,24.4640625,0.0
3078,-86.25,24.94375,0.0
3079,-82.5,24.4640625,0.0
3080,-82.5,24.94375,0.0
3081,-86.25,25.4234375,0.0
3082,-86.25,25.903125,0.0
3083,-82.5,25.4234375,0.0
3084,-82.5,25.903125,0.0
3085,-86.25,26.3828125,0.0
3086,-86.25,26.8625,0.0
3087,-82.5,26.3828125,0.0
3088,-82.5,26.8625,0.0
3089,-78.75,23.5046875,0.0
3090,-78.75,23.984375,0.0
3091,-75.0,23.5046875,0.0
3092,-75.0,23.984375,0.0
3093,-78.75,24.4640625,0.0
3094,-78.75,24.94375,0.0
3095,-75.0,24.4640625,0.0
3096,-75.0,24.94375,0.0
3097,-78.75,25.4234375,0.0
3098,-78.75,25.903125,0.0
3099,-75.0,25.4234375,0.0
3100,-75.0,25.903125,0.0
3101,-78.75,26.3828125,0.0
3102,-78.75,26.8625,0.0
3103,-75.0,26.3828125,0.0
3104,-75.0,26.8625,0.0
3105,-71.25,23.5046875,396251.497383645
3106,-71.25,23.984375,1067595.2616226266
3107,-67.5,23.5046875,792502.99476729
3108,-67.5,23.984375,2135190.523245253
3109,-71.25,24.4640625,1016528.4464980067
3110,-71.25,24.94375,2247116.633018395
3111,-67.5,24.4640625,2033056.8929960134
3112,-67.5,24.94375,4494233.26603679
3113,-71.25,25.4234375,204690.1326342554
3114,-71.25,25.903125,358690.27433676604
3115,-67.5,25.4234375,409380.2652685108
3116,-67.5,25.903125,717380.5486735321
3117,-71.25,26.3828125,3680923.2961558416
3118,-71.25,26.8625,253748.91275238356
3119,-67.5,26.3828125,7361846.592311683
3120,-67.5,26.8625,507497.8255047671
3121,-63.75,23.5046875,4077645.547581297
3122,-63.75,23.984375,8847248.421370706
3123,-60.0,23.5046875,13140570.211256027
3124,-60.0,23.984375,26848231.592501808
3125,-63.75,24.4640625,4996607.631843951
3126,-63.75,24.94375,10352689.133776955
3127,-60.0,24.4640625,11854202.955391746
3128,-60.0,24.94375,23433823.470960658
3129,-63.75,25.4234375,8403718.318157375
3130,-63.75,25.903125,6433775.478103485
3131,-60.0,25.4234375,31977352.211555455
3132,-60.0,25.903125,22865579.71771981
3133,-63.75,26.3828125,10981585.304727873
3134,-63.75,26.8625,6322856.589745139
3135,-60.0,26.3828125,14478954.849664763
3136,-60.0,26.8625,23261435.056961488
3137,-56.25,23.5046875,22203494.874930758
3138,-56.25,23.984375,44849214.76363291
3139,-52.5,23.5046875,50250642.662296265
3140,-52.5,23.984375,64333825.503881656
3141,-56.25,24.4640625,18711798.278939545
3142,-56.25,24.94375,36514957.80814436
3143,-52.5,24.4640625,46538147.10083473
3144,-52.5,24.94375,53688355.742007755
3145,-56.25,25.4234375,55550986.10495354
3146,-56.25,25.903125,39297383.957336135
3147,-52.5,25.4234375,69891263.15543109
3148,-52.5,25.903125,73103850.5675429
3149,-56.25,26.3828125,17976324.39460165
3150,-56.25,26.8625,40200013.52417784
3151,-52.5,26.3828125,41964062.709834814
3152,-52.5,26.8625,65618563.139840186
3153,-48.75,23.5046875,87789902.01150715
3154,-48.75,23.984375,84560250.0286892
3155,-45.0,23.5046875,125329161.36071807
3156,-45.0,23.984375,104786674.55349678
3157,-48.75,24.4640625,84848872.67190361
3158,-48.75,24.94375,72907885.47421099
3159,-45.0,24.4640625,123159598.2429725
3160,-45.0,24.94375,92127415.20641422
3161,-48.75,25.4234375,79614861.78444837
3162,-48.75,25.903125,115597648.36304489
3163,-45.0,25.4234375,89338460.41346566
3164,-45.0,25.903125,158091446.15854686
3165,-48.75,26.3828125,76196985.41021612
3166,-48.75,26.8625,95277098.3297255
3167,-45.0,26.3828125,110429908.11059743
3168,-45.0,26.8625,124935633.51961084
3169,-41.25,23.5046875,267720080.39336097
3170,-41.25,23.984375,276158767.2262061
3171,-37.5,23.5046875,410110999.42600393
3172,-37.5,23.984375,447530859.8989154
3173,-41.25,24.4640625,263933497.30448365
3174,-41.25,24.94375,266414439.9521896
3175,-37.5,24.4640625,404707396.3659949
3176,-37.5,24.94375,440701464.69796497
3177,-41.25,25.4234375,336296889.5151477
3178,-41.25,25.903125,362553778.51454985
3179,-37.5,25.4234375,583255318.6168296
3180,-37.5,25.903125,567016110.8705528
3181,-41.25,26.3828125,329651252.75485605
3182,-41.25,26.8625,289831527.2202359
3183,-37.5,26.3828125,548872597.3991147
3184,-37.5,26.8625,454727420.92086095
3185,-33.75,23.5046875,669155908.5538254
3186,-33.75,23.984375,711141628.4906182
3187,-30.0,23.5046875,1161508797.872004
3188,-30.0,23.984375,1159229748.9203076
3189,-33.75,24.4640625,687320418.1379578
3190,-33.75,24.94375,697291051.4779353
3191,-30.0,24.4640625,1253611685.3308246
3192,-30.0,24.94375,1118485762.3262959
3193,-33.75,25.4234375,860766146.4332339
3194,-33.75,25.903125,873309216.0302331
3195,-30.0,25.4234375,1199381771.6790822
3196,-30.0,25.903125,1383263866.7972677
3197,-33.75,26.3828125,824000871.3594196
3198,-33.75,26.8625,726187266.0667872
3199,-30.0,26.3828125,1210943003.951817
3200,-30.0,26.8625,1210775014.1033158
3201,-26.25,23.5046875,1653861687.1901827
3202,-26.25,23.984375,1607317869.3499973
3203,-22.5,23.5046875,2876248271.0679684
3204,-22.5,23.984375,2668907738.232982
3205,-26.25,24.4640625,1819902952.5236914
3206,-26.25,24.94375,1539680473.174656
3207,-22.5,24.4640625,2835507148.5499434
3208,-22.5,24.94375,2466776455.4624963
3209,-26.25,25.4234375,1537997396.9249306
3210,-26.25,25.903125,1893218517.5643022
3211,-22.5,25.4234375,2415193556.8395367
3212,-22.5,25.903125,2678051813.0788703
3213,-26.25,26.3828125,1597885136.5442142
3214,-26.25,26.8625,1695362762.1398444
3215,-22.5,26.3828125,2445164887.220601
3216,-22.5,26.8625,2460081565.6692953
3217,-18.75,23.5046875,4463651702.225557
3218,-18.75,23.984375,4037248481.342615
3219,-15.0,23.5046875,6051055133.383147
3220,-15.0,23.984375,5405589224.452249
3221,-18.75,24.4640625,4075767808.9928875
3222,-18.75,24.94375,3646823073.470076
3223,-15.0,24.4640625,5316028469.435833
3224,-15.0,24.94375,4826869691.477655
3225,-18.75,25.4234375,3561679984.088523
3226,-18.75,25.903125,3600324430.9672036
3227,-15.0,25.4234375,4708166411.337508
3228,-15.0,25.903125,4522597048.855538
3229,-18.75,26.3828125,3522613446.938983
3230,-18.75,26.8625,3364865896.945207
3231,-15.0,26.3828125,4600062006.657365
3232,-15.0,26.8625,4269650228.221119
3233,-11.25,23.5046875,8217268482.880581
3234,-11.25,23.984375,7508704230.006976
3235,-7.5,23.5046875,10383481832.378016
3236,-7.5,23.984375,9611819235.561705
3237,-11.25,24.4640625,7438977116.683134
3238,-11.25,24.94375,6918262052.799399
3239,-7.5,24.4640625,9561925763.930435
3240,-7.5,24.94375,9009654414.121141
3241,-11.25,25.4234375,6509500802.949028
3242,-11.25,25.903125,6375468836.5118
3243,-7.5,25.4234375,8310835194.560547
3244,-7.5,25.903125,8228340624.168061
3245,-11.25,26.3828125,6042618986.441992
3246,-11.25,26.8625,5723349227.937759
3247,-7.5,26.3828125,7485175966.226618
3248,-7.5,26.8625,7177048227.6544
3249,-3.75,23.5046875,11806708875.718647
3250,-3.75,23.984375,11117628035.8674
3251,0.0,23.5046875,11743963306.745678
3252,0.0,23.984375,11428824425.67502
3253,-3.75,24.4640625,11058672843.838114
3254,-3.75,24.94375,10380751944.972486
3255,0.0,24.4640625,11303016789.066544
3256,0.0,24.94375,10311259814.883041
3257,-3.75,25.4234375,9564417834.517982
3258,-3.75,25.903125,9327378035.386236
3259,0.0,25.4234375,9722496971.167248
3260,0.0,25.903125,8918746693.72824
3261,-3.75,26.3828125,8462756989.944036
3262,-3.75,26.8625,8077815743.547565
3263,0.0,26.3828125,8510386101.527027
3264,0.0,26.8625,7872720291.7937765
3265,-116.25,27.3421875,0.0
3266,-120.0,27.3421875,0.0
3267,-116.25,27.821875,0.0
3268,-120.0,27.821875,0.0
3269,-112.5,27.3421875,0.0
3270,-112.5,27.821875,0.0
3271,-116.25,28.3015625,0.0
3272,-120.0,28.3015625,0.0
3273,-116.25,28.78125,0.0
3274,-120.0,28.78125,0.0
3275,-112.5,28.3015625,0.0
3276,-112.5,28.78125,0.0
3277,-108.75,27.3421875,0.0
3278,-108.75,27.821875,0.0
3279,-105.0,27.3421875,0.0
3280,-105.0,27.821875,0.0
3281,-108.75,28.3015625,0.0
3282,-108.75,28.78125,0.0
3283,-105.0,28.3015625,0.0
3284,-105.0,28.78125,0.0
3285,-101.25,27.3421875,0.0
3286,-101.25,27.821875,0.0
3287,-97.5,27.3421875,0.0
3288,-97.5,27.821875,0.0
3289,-101.25,28.3015625,0.0
3290,-101.25,28.78125,0.0
3291,-97.5,28.3015625,0.0
3292,-97.5,28.78125,0.0
3293,-93.75,27.3421875,0.0
3294,-93.75,27.821875,0.0
3295,-90.0,27.3421875,0.0
3296,-90.0,27.821875,0.0
3297,-93.75,28.3015625,0.0
3298,-93.75,28.78125,0.0
3299,-90.0,28.3015625,0.0
3300,-90.0,28.78125,0.0
3301,-86.25,27.3421875,0.0
3302,-86.25,27.821875,0.0
3303,-82.5,27.3421875,0.0
3304,-82.5,27.821875,0.0
3305,-86.25,28.3015625,0.0
3306,-86.25,28.78125,0.0
3307,-82.5,28.3015625,0.0
3308,-82.5,28.78125,0.0
3309,-78.75,27.3421875,0.0
3310,-78.75,27.821875,0.0
3311,-75.0,27.3421875,0.0
3312,-75.0,27.821875,0.0
3313,-78.75,28.3015625,0.0
3314,-78.75,28.78125,0.0
3315,-75.0,28.3015625,0.0
3316,-75.0,28.78125,0.0
3317,-71.25,27.3421875,268809.72769959643
3318,-71.25,27.821875,568323.7552810791
3319,-67.5,27.3421875,537619.4553991929
3320,-67.5,27.821875,1136647.5105621582
3321,-71.25,28.3015625,245759.57256585904
3322,-71.25,28.78125,676285.1902020973
3323,-67.5,28.3015625,491519.1451317181
3324,-67.5,28.78125,1352570.3804041946
3325,-63.75,27.3421875,14821770.552341297
3326,-63.75,27.821875,5159357.059462193
3327,-60.0,27.3421875,57136604.38776842
3328,-60.0,27.821875,16090838.19560014
3329,-63.75,28.3015625,7254630.748122954
3330,-63.75,28.78125,4287634.589057096
3331,-60.0,28.3015625,27052446.41196494
3332,-60.0,28.78125,11740256.83461161
3333,-56.25,27.3421875,99451438.22319554
3334,-56.25,27.821875,27022319.33173809
3335,-52.5,27.3421875,114017202.54136166
3336,-52.5,27.821875,64391191.312273294
3337,-56.25,28.3015625,46850262.07580693
3338,-56.25,28.78125,19192879.08016612
3339,-52.5,28.3015625,70655275.49542786
3340,-52.5,28.78125,41361815.202286385
3341,-48.75,27.3421875,114708432.10089733
3342,-48.75,27.821875,114978758.71500716
3343,-45.0,27.3421875,115399661.66043296
3344,-45.0,27.821875,165566326.117741
3345,-48.75,28.3015625,96463887.79293826
3346,-48.75,28.78125,70888908.26268953
3347,-45.0,28.3015625,122272500.09044865
3348,-45.0,28.78125,100416001.32309267
3349,-41.25,27.3421875,225029110.17489725
3350,-41.25,27.821875,307533639.42934716
3351,-37.5,27.3421875,334658558.6893615
3352,-37.5,27.821875,449500952.7409533
3353,-41.25,28.3015625,302838664.64177877
3354,-41.25,28.78125,267494178.2301721
3355,-37.5,28.3015625,483404829.1931089
3356,-37.5,28.78125,434572355.1372515
3357,-33.75,27.3421875,573624519.629333
3358,-33.75,27.821875,691799684.9203063
3359,-30.0,27.3421875,1071263505.4203191
3360,-30.0,27.821875,1134761254.835153
3361,-33.75,28.3015625,754851444.172873
3362,-33.75,28.78125,737777209.4675989
3363,-30.0,28.3015625,1208058960.009505
3364,-30.0,28.78125,1313235418.6444821
3365,-26.25,27.3421875,1568902491.211305
3366,-26.25,27.821875,1577722824.7499995
3367,-22.5,27.3421875,2347949162.069491
3368,-22.5,27.821875,2447974061.464934
3369,-26.25,28.3015625,1661266475.8461375
3370,-26.25,28.78125,1888693627.8213654
3371,-22.5,28.3015625,2333596660.96947
3372,-22.5,28.78125,2574200123.769139
3373,-18.75,27.3421875,3267699675.461276
3374,-18.75,27.821875,3531870131.579912
3375,-15.0,27.3421875,4187450188.853062
3376,-15.0,27.821875,4615766201.694891
3377,-18.75,28.3015625,3115488180.736152
3378,-18.75,28.78125,3314730763.102357
3379,-15.0,28.3015625,3897379700.5028343
3380,-15.0,28.78125,4055261402.4355755
3381,-11.25,27.3421875,5559952738.522357
3382,-11.25,27.821875,5344011493.363615
3383,-7.5,27.3421875,6932455288.19165
3384,-7.5,27.821875,6072256785.03234
3385,-11.25,28.3015625,4853958644.362883
3386,-11.25,28.78125,5032605714.618205
3387,-7.5,28.3015625,5810537588.222932
3388,-7.5,28.78125,6009950026.800835
3389,-3.75,27.3421875,7888133061.214751
3390,-3.75,27.821875,6662076339.696097
3391,0.0,27.3421875,8010161280.945463
3392,0.0,27.821875,6975044420.349915
3393,-3.75,28.3015625,6486971932.992959
3394,-3.75,28.78125,6641063597.508264
3395,0.0,28.3015625,6603117079.582948
3396,0.0,28.78125,6579715685.265286
3397,-116.25,29.2609375,0.0
3398,-120.0,29.2609375,0.0
3399,-112.5,29.2609375,0.0
3400,-116.25,29.50078125,0.0
3401,-120.0,29.50078125,0.0
3402,-112.5,29.50078125,0.0
3403,-116.25,29.740625,0.0
3404,-120.0,29.740625,0.0
3405,-112.5,29.740625,0.0
3406,-108.75,29.2609375,0.0
3407,-105.0,29.2609375,0.0
3408,-108.75,29.50078125,0.0
3409,-105.0,29.50078125,0.0
3410,-108.75,29.740625,0.0
3411,-105.0,29.740625,0.0
3412,-101.25,29.2609375,0.0
3413,-97.5,29.2609375,0.0
3414,-101.25,29.50078125,0.0
3415,-97.5,29.50078125,0.0
3416,-101.25,29.740625,0.0
3417,-97.5,29.740625,0.0
3418,-93.75,29.2609375,0.0
3419,-90.0,29.2609375,0.0
3420,-93.75,29.50078125,0.0
3421,-90.0,29.50078125,0.0
3422,-93.75,29.740625,0.0
3423,-90.0,29.740625,0.0
3424,-86.25,29.2609375,0.0
3425,-82.5,29.2609375,0.0
3426,-86.25,29.50078125,0.0
3427,-82.5,29.50078125,0.0
3428,-86.25,29.740625,0.0
3429,-82.5,29.740625,0.0
3430,-78.75,29.2609375,0.0
3431,-75.0,29.2609375,0.0
3432,-78.75,29.50078125,0.0
3433,-75.0,29.50078125,0.0
3434,-78.75,29.740625,0.0
3435,-75.0,29.740625,0.0
3436,-71.25,29.2609375,549254.405037075
3437,-67.5,29.2609375,1098508.81007415
3438,-71.25,29.50078125,883397.8556166276
3439,-67.5,29.50078125,1766795.7112332552
3440,-71.25,29.740625,1041760.9073318635
3441,-67.5,29.740625,2083521.814663727
3442,-63.75,29.2609375,4842968.45313071
3443,-60.0,29.2609375,14977838.57222624
3444,-63.75,29.50078125,4429595.362780075
3445,-60.0,29.50078125,10651198.606187275
3446,-63.75,29.740625,8013533.254252511
3447,-60.0,29.740625,23720045.758355137
3448,-56.25,29.2609375,25112708.691321768
3449,-52.5,29.2609375,69087058.70224096
3450,-56.25,29.50078125,16872801.849594478
3451,-52.5,29.50078125,69240956.27458118
3452,-56.25,29.740625,39426558.262457766
3453,-52.5,29.740625,82283383.49317151
3454,-48.75,29.2609375,129981148.65907195
3455,-45.0,29.2609375,190875238.615903
3456,-48.75,29.50078125,144682386.29035765
3457,-45.0,29.50078125,220123816.3061341
3458,-48.75,29.740625,138715365.08719084
3459,-45.0,29.740625,195147346.68121016
3460,-41.25,29.2609375,275374598.12101245
3461,-37.5,29.2609375,359873957.6261219
3462,-41.25,29.50078125,269196674.7431589
3463,-37.5,29.50078125,318269533.18018365
3464,-41.25,29.740625,247317246.02259183
3465,-37.5,29.740625,299487145.36397356
3466,-33.75,29.2609375,545656980.8690608
3467,-30.0,29.2609375,934007331.5876584
3468,-33.75,29.50078125,506378815.3985282
3469,-30.0,29.50078125,972560945.1795125
3470,-33.75,29.740625,478858638.64548826
3471,-30.0,29.740625,912633319.8072691
3472,-26.25,29.2609375,1322357682.3062563
3473,-22.5,29.2609375,1953455329.8383174
3474,-26.25,29.50078125,1438743074.9604967
3475,-22.5,29.50078125,2043869872.0491111
3476,-26.25,29.740625,1346408000.9690504
3477,-22.5,29.740625,1901998150.20128
3478,-18.75,29.2609375,2705926625.77711
3479,-15.0,29.2609375,3458397921.7159023
3480,-18.75,29.50078125,2718469002.791541
3481,-15.0,29.50078125,3393068133.53397
3482,-18.75,29.740625,2518496033.468734
3483,-15.0,29.740625,3134993916.736189
3484,-11.25,29.2609375,4485171245.575943
3485,-7.5,29.2609375,5511944569.435985
3486,-11.25,29.50078125,4413925003.195764
3487,-7.5,29.50078125,5434781872.857559
3488,-11.25,29.740625,4172492822.2446404
3489,-7.5,29.740625,5209991727.753093
3490,-3.75,29.2609375,6268979451.247256
3491,0.0,29.2609375,6486537448.960991
3492,-3.75,29.50078125,6159165682.602242
3493,0.0,29.50078125,6290603372.51271
3494,-3.75,29.740625,5930756800.744259
3495,0.0,29.740625,6018054208.700853
3496,-116.25,29.860546875,0.0
3497,-120.0,29.860546875,0.0
3498,-112.5,29.860546875,0.0
3499,-116.25,29.98046875,0.0
3500,-120.0,29.98046875,0.0
3501,-112.5,29.98046875,0.0
3502,-108.75,29.860546875,0.0
3503,-105.0,29.860546875,0.0
3504,-108.75,29.98046875,0.0
3505,-105.0,29.98046875,0.0
3506,-101.25,29.860546875,0.0
3507,-97.5,29.860546875,0.0
3508,-101.25,29.98046875,0.0
3509,-97.5,29.98046875,0.0
3510,-93.75,29.860546875,0.0
3511,-90.0,29.860546875,0.0
3512,-93.75,29.98046875,0.0
3513,-90.0,29.98046875,0.0
3514,-86.25,29.860546875,0.0
3515,-82.5,29.860546875,0.0
3516,-86.25,29.98046875,0.0
3517,-82.5,29.98046875,0.0
3518,-78.75,29.860546875,0.0
3519,-75.0,29.860546875,0.0
3520,-78.75,29.98046875,0.0
3521,-75.0,29.98046875,0.0
3522,-71.25,29.860546875,1073880.562771097
3523,-67.5,29.860546875,2147761.125542194
3524,-71.25,29.98046875,904795.1790576216
3525,-67.5,29.98046875,1809590.3581152433
3526,-63.75,29.860546875,6717805.890413779
3527,-60.0,29.860546875,18280179.05948634
3528,-63.75,29.98046875,6922343.743340582
3529,-60.0,29.98046875,20451013.54090135
3530,-116.25,30.0404296875,0.0
3531,-120.0,30.0404296875,0.0
3532,-112.5,30.0404296875,0.0
3533,-116.25,30.07041015625,0.0
3534,-120.0,30.07041015625,0.0
3535,-112.5,30.07041015625,0.0
3536,-116.25,30.085400390625,0.0
3537,-120.0,30.085400390625,0.0
3538,-112.5,30.085400390625,0.0
3539,-116.25,30.0928955078125,0.0
3540,-120.0,30.0928955078125,0.0
3541,-116.25,30.100390625,0.0
3542,-120.0,30.100390625,0.0
3543,-112.5,30.0928955078125,0.0
3544,-112.5,30.100390625,0.0
3545,-108.75,30.0404296875,0.0
3546,-105.0,30.0404296875,0.0
3547,-108.75,30.07041015625,0.0
3548,-105.0,30.07041015625,0.0
3549,-108.75,30.085400390625,0.0
3550,-105.0,30.085400390625,0.0
3551,-108.75,30.0928955078125,0.0
3552,-108.75,30.100390625,0.0
3553,-105.0,30.0928955078125,0.0
3554,-105.0,30.100390625,0.0
3555,-101.25,30.0404296875,0.0
3556,-97.5,30.0404296875,0.0
3557,-101.25,30.07041015625,0.0
3558,-97.5,30.07041015625,0.0
3559,-101.25,30.085400390625,0.0
3560,-97.5,30.085400390625,0.0
3561,-101.25,30.0928955078125,0.0
3562,-101.25,30.100390625,0.0
3563,-97.5,30.0928955078125,0.0
3564,-97.5,30.100390625,0.0
3565,-93.75,30.0404296875,0.0
3566,-90.0,30.0404296875,0.0
3567,-93.75,30.07041015625,0.0
3568,-90.0,30.07041015625,0.0
3569,-93.75,30.085400390625,0.0
3570,-90.0,30.085400390625,0.0
3571,-93.75,30.0928955078125,0.0
3572,-93.75,30.100390625,0.0
3573,-90.0,30.0928955078125,0.0
3574,-90.0,30.100390625,0.0
3575,-86.25,30.0404296875,0.0
3576,-82.5,30.0404296875,0.0
3577,-86.25,30.07041015625,0.0
3578,-82.5,30.07041015625,0.0
3579,-86.25,30.085400390625,0.0
3580,-82.5,30.085400390625,0.0
3581,-86.25,30.0928955078125,0.0
3582,-86.25,30.100390625,0.0
3583,-82.5,30.0928955078125,0.0
3584,-82.5,30.100390625,0.0
3585,-78.75,30.0404296875,0.0
3586,-75.0,30.0404296875,0.0
3587,-78.75,30.07041015625,0.0
3588,-75.0,30.07041015625,0.0
3589,-78.75,30.085400390625,0.0
3590,-75.0,30.085400390625,0.0
3591,-78.75,30.0928955078125,0.0
3592,-78.75,30.100390625,0.0
3593,-75.0,30.0928955078125,0.0
3594,-75.0,30.100390625,0.0
3595,-71.25,30.0404296875,770927.9509037387
3596,-67.5,30.0404296875,1541855.9018074775
3597,-71.25,30.07041015625,703994.3368268053
3598,-67.5,30.07041015625,1407988.6736536105
3599,-71.25,30.085400390625,670527.5297883307
3600,-67.5,30.085400390625,1341055.0595766613
3601,-71.25,30.0928955078125,653794.1262690972
3602,-71.25,30.100390625,637922.5197231702
3603,-67.5,30.0928955078125,1307588.2525381944
3604,-67.5,30.100390625,1275845.0394463404
3605,-63.75,30.0404296875,7392396.133137267
3606,-60.0,30.0404296875,23402160.925319158
3607,-63.75,30.07041015625,7627422.328035583
3608,-60.0,30.07041015625,24877734.617527887
3609,-63.75,30.085400390625,7744935.425484768
3610,-60.0,30.085400390625,25615521.463632427
3611,-63.75,30.0928955078125,7803691.974209347
3612,-63.75,30.100390625,7853916.805630668
3613,-60.0,30.0928955078125,25984414.88668461
3614,-60.0,30.100390625,26312287.064737312
3615,-116.25,30.1078857421875,0.0
3616,-120.0,30.1078857421875,0.0
3617,-116.25,30.115380859375,0.0
3618,-120.0,30.115380859375,0.0
3619,-112.5,30.1078857421875,0.0
3620,-112.5,30.115380859375,0.0
3621,-116.25,30.1228759765625,0.0
3622,-120.0,30.1228759765625,0.0
3623,-116.25,30.13037109375,0.0
3624,-120.0,30.13037109375,0.0
3625,-112.5,30.1228759765625,0.0
3626,-112.5,30.13037109375,0.0
3627,-116.25,30.1378662109375,0.0
3628,-120.0,30.1378662109375,0.0
3629,-116.25,30.145361328125,0.0
3630,-120.0,30.145361328125,0.0
3631,-112.5,30.1378662109375,0.0
3632,-112.5,30.145361328125,0.0
3633,-116.25,30.1528564453125,0.0
3634,-120.0,30.1528564453125,0.0
3635,-116.25,30.1603515625,0.0
3636,-120.0,30.1603515625,0.0
3637,-112.5,30.1528564453125,0.0
3638,-112.5,30.1603515625,0.0
3639,-108.75,30.1078857421875,0.0
3640,-108.75,30.115380859375,0.0
3641,-105.0,30.1078857421875,0.0
3642,-105.0,30.115380859375,0.0
3643,-108.75,30.1228759765625,0.0
3644,-108.75,30.13037109375,0.0
3645,-105.0,30.1228759765625,0.0
3646,-105.0,30.13037109375,0.0
3647,-108.75,30.1378662109375,0.0
3648,-108.75,30.145361328125,0.0
3649,-105.0,30.1378662109375,0.0
3650,-105.0,30.145361328125,0.0
3651,-108.75,30.1528564453125,0.0
3652,-108.75,30.1603515625,0.0
3653,-105.0,30.1528564453125,0.0
3654,-105.0,30.1603515625,0.0
3655,-101.25,30.1078857421875,0.0
3656,-101.25,30.115380859375,0.0
3657,-97.5,30.1078857421875,0.0
3658,-97.5,30.115380859375,0.0
3659,-101.25,30.1228759765625,0.0
3660,-101.25,30.13037109375,0.0
3661,-97.5,30.1228759765625,0.0
3662,-97.5,30.13037109375,0.0
3663,-101.25,30.1378662109375,0.0
3664,-101.25,30.145361328125,0.0
3665,-97.5,30.1378662109375,0.0
3666,-97.5,30.145361328125,0.0
3667,-101.25,30.1528564453125,0.0
3668,-101.25,30.1603515625,0.0
3669,-97.5,30.1528564453125,0.0
3670,-97.5,30.1603515625,0.0
3671,-93.75,30.1078857421875,0.0
3672,-93.75,30.115380859375,0.0
3673,-90.0,30.1078857421875,0.0
3674,-90.0,30.115380859375,0.0
3675,-93.75,30.1228759765625,0.0
3676,-93.75,30.13037109375,0.0
3677,-90.0,30.1228759765625,0.0
3678,-90.0,30.13037109375,0.0
3679,-93.75,30.1378662109375,0.0
3680,-93.75,30.145361328125,0.0
3681,-90.0,30.1378662109375,0.0
3682,-90.0,30.145361328125,0.0
3683,-93.75,30.1528564453125,0.0
3684,-93.75,30.1603515625,0.0
3685,-90.0,30.1528564453125,0.0
3686,-90.0,30.1603515625,0.0
3687,-86.25,30.1078857421875,0.0
3688,-86.25,30.115380859375,0.0
3689,-82.5,30.1078857421875,0.0
3690,-82.5,30.115380859375,0.0
3691,-86.25,30.1228759765625,0.0
3692,-86.25,30.13037109375,0.0
3693,-82.5,30.1228759765625,0.0
3694,-82.5,30.13037109375,0.0
3695,-86.25,30.1378662109375,0.0
3696,-86.25,30.145361328125,0.0
3697,-82.5,30.1378662109375,0.0
3698,-82.5,30.145361328125,0.0
3699,-86.25,30.1528564453125,0.0
3700,-86.25,30.1603515625,0.0
3701,-82.5,30.1528564453125,0.0
3702,-82.5,30.1603515625,0.0
3703,-78.75,30.1078857421875,0.0
3704,-78.75,30.115380859375,0.0
3705,-75.0,30.1078857421875,0.0
3706,-75.0,30.115380859375,0.0
3707,-78.75,30.1228759765625,0.0
3708,-78.75,30.13037109375,0.0
3709,-75.0,30.1228759765625,0.0
3710,-75.0,30.13037109375,0.0
3711,-78.75,30.1378662109375,0.0
3712,-78.75,30.145361328125,0.0
3713,-75.0,30.1378662109375,0.0
3714,-75.0,30.145361328125,0.0
3715,-78.75,30.1528564453125,0.0
3716,-78.75,30.1603515625,0.0
3717,-75.0,30.1528564453125,0.0
3718,-75.0,30.1603515625,0.0
3719,-71.25,30.1078857421875,637724.8456293405
3720,-71.25,30.115380859375,637527.1715355107
3721,-67.5,30.1078857421875,1275449.691258681
3722,-67.5,30.115380859375,1275054.3430710214
3723,-71.25,30.1228759765625,637329.4974416809
3724,-71.25,30.13037109375,637131.823347851
3725,-67.5,30.1228759765625,1274658.9948833617
3726,-67.5,30.13037109375,1274263.646695702
3727,-71.25,30.1378662109375,636934.1492540215
3728,-71.25,30.145361328125,636736.4751601917
3729,-67.5,30.1378662109375,1273868.298508043
3730,-67.5,30.145361328125,1273472.9503203833
3731,-71.25,30.1528564453125,636538.8010663618
3732,-71.25,30.1603515625,636341.1269725319
3733,-67.5,30.1528564453125,1273077.6021327237
3734,-67.5,30.1603515625,1272682.2539450638
3735,-63.75,30.1078857421875,7748971.02859812
3736,-63.75,30.115380859375,7644025.2515655225
3737,-60.0,30.1078857421875,25894085.349357758
3738,-60.0,30.115380859375,25475883.633978005
3739,-63.75,30.1228759765625,7539079.474532974
3740,-63.75,30.13037109375,7434133.697500426
3741,-60.0,30.1228759765625,25057681.91859845
3742,-60.0,30.13037109375,24639480.2032189
3743,-63.75,30.1378662109375,7329187.92046788
3744,-63.75,30.145361328125,7224242.143435331
3745,-60.0,30.1378662109375,24221278.48783935
3746,-60.0,30.145361328125,23803076.77245979
3747,-63.75,30.1528564453125,7119296.366402735
3748,-63.75,30.1603515625,7014350.5893701855
3749,-60.0,30.1528564453125,23384875.057080045
3750,-60.0,30.1603515625,22966673.341700483
3751,-116.25,30.1678466796875,0.0
3752,-120.0,30.1678466796875,0.0
3753,-116.25,30.175341796875,0.0
3754,-120.0,30.175341796875,0.0
3755,-112.5,30.1678466796875,0.0
3756,-112.5,30.175341796875,0.0
3757,-116.25,30.1828369140625,0.0
3758,-120.0,30.1828369140625,0.0
3759,-116.25,30.19033203125,0.0
3760,-120.0,30.19033203125,0.0
3761,-112.5,30.1828369140625,0.0
3762,-112.5,30.19033203125,0.0
3763,-108.75,30.1678466796875,0.0
3764,-108.75,30.175341796875,0.0
3765,-105.0,30.1678466796875,0.0
3766,-105.0,30.175341796875,0.0
3767,-108.75,30.1828369140625,0.0
3768,-108.75,30.19033203125,0.0
3769,-105.0,30.1828369140625,0.0
3770,-105.0,30.19033203125,0.0
3771,-101.25,30.1678466796875,0.0
3772,-101.25,30.175341796875,0.0
3773,-97.5,30.1678466796875,0.0
3774,-97.5,30.175341796875,0.0
3775,-101.25,30.1828369140625,0.0
3776,-101.25,30.19033203125,0.0
3777,-97.5,30.1828369140625,0.0
3778,-97.5,30.19033203125,0.0
3779,-93.75,30.1678466796875,0.0
3780,-93.75,30.175341796875,0.0
3781,-90.0,30.1678466796875,0.0
3782,-90.0,30.175341796875,0.0
3783,-93.75,30.1828369140625,0.0
3784,-93.75,30.19033203125,0.0
3785,-90.0,30.1828369140625,0.0
3786,-90.0,30.19033203125,0.0
3787,-86.25,30.1678466796875,0.0
3788,-86.25,30.175341796875,0.0
3789,-82.5,30.1678466796875,0.0
3790,-82.5,30.175341796875,0.0
3791,-86.25,30.1828369140625,0.0
3792,-86.25,30.19033203125,0.0
3793,-82.5,30.1828369140625,0.0
3794,-82.5,30.19033203125,0.0
3795,-78.75,30.1678466796875,0.0
3796,-78.75,30.175341796875,0.0
3797,-75.0,30.1678466796875,0.0
3798,-75.0,30.175341796875,0.0
3799,-78.75,30.1828369140625,0.0
3800,-78.75,30.19033203125,0.0
3801,-75.0,30.1828369140625,0.0
3802,-75.0,30.19033203125,0.0
3803,-71.25,30.1678466796875,636143.4528787023
3804,-71.25,30.175341796875,635945.7787848725
3805,-67.5,30.1678466796875,1272286.9057574046
3806,-67.5,30.175341796875,1271891.557569745
3807,-71.25,30.1828369140625,635748.1046910428
3808,-71.25,30.19033203125,635550.430597213
3809,-67.5,30.1828369140625,1271496.2093820856
3810,-67.5,30.19033203125,1271100.861194426
3811,-63.75,30.1678466796875,6909404.812337637
3812,-63.75,30.175341796875,6804459.03530509
3813,-60.0,30.1678466796875,22548471.626320936
3814,-60.0,30.175341796875,22130269.91094138
3815,-63.75,30.1828369140625,6699513.258272542
3816,-63.75,30.19033203125,6594567.481239945
3817,-60.0,30.1828369140625,21712068.195561826
3818,-60.0,30.19033203125,21293866.480182078
3819,-116.25,30.1978271484375,0.0
3820,-120.0,30.1978271484375,0.0
3821,-116.25,30.2,0.0
3822,-116.25,30.205322265625,0.0
3823,-120.0,30.205322265625,0.0
3824,-112.5,30.1978271484375,0.0
3825,-112.5,30.2,0.0
3826,-112.5,30.205322265625,0.0
3827,-108.75,30.1978271484375,0.0
3828,-108.75,30.2,0.0
3829,-108.75,30.205322265625,0.0
3830,-105.0,30.1978271484375,0.0
3831,-105.0,30.2,0.0
3832,-105.0,30.205322265625,0.0
3833,-101.25,30.1978271484375,0.0
3834,-101.25,30.2,0.0
3835,-101.25,30.205322265625,0.0
3836,-97.5,30.1978271484375,0.0
3837,-97.5,30.2,0.0
3838,-97.5,30.205322265625,0.0
3839,-93.75,30.1978271484375,0.0
3840,-93.75,30.2,0.0
3841,-93.75,30.205322265625,0.0
3842,-90.0,30.1978271484375,0.0
3843,-90.0,30.2,0.0
3844,-90.0,30.205322265625,0.0
3845,-86.25,30.1978271484375,0.0
3846,-86.25,30.2,0.0
3847,-86.25,30.205322265625,0.0
3848,-82.5,30.1978271484375,0.0
3849,-82.5,30.2,0.0
3850,-82.5,30.205322265625,0.0
3851,-78.75,30.1978271484375,0.0
3852,-78.75,30.2,0.0
3853,-78.75,30.205322265625,0.0
3854,-75.0,30.1978271484375,0.0
3855,-75.0,30.2,0.0
3856,-75.0,30.205322265625,0.0
3857,-71.25,30.1978271484375,635352.7565033832
3858,-71.25,30.2,635295.4503328593
3859,-71.25,30.205322265625,635155.0824095535
3860,-67.5,30.1978271484375,1270705.5130067663
3861,-67.5,30.2,1270590.9006657186
3862,-67.5,30.205322265625,1270310.164819107
3863,-63.75,30.1978271484375,6489621.704207396
3864,-63.75,30.2,6459197.684155634
3865,-63.75,30.205322265625,6384675.927174849
3866,-60.0,30.1978271484375,20875664.76480252
3867,-60.0,30.2,20754427.13395966
3868,-60.0,30.205322265625,20457463.049422964
3869,-116.25,30.2128173828125,0.0
3870,-120.0,30.2128173828125,0.0
3871,-112.5,30.2128173828125,0.0
3872,-108.75,30.2128173828125,0.0
3873,-105.0,30.2128173828125,0.0
3874,-101.25,30.2128173828125,0.0
3875,-97.5,30.2128173828125,0.0
3876,-93.75,30.2128173828125,0.0
3877,-90.0,30.2128173828125,0.0
3878,-116.25,30.2203125,0.0
3879,-120.0,30.2203125,0.0
3880,-112.5,30.2203125,0.0
3881,-108.75,30.2203125,0.0
3882,-105.0,30.2203125,0.0
3883,-101.25,30.2203125,0.0
3884,-97.5,30.2203125,0.0
3885,-93.75,30.2203125,0.0
3886,-90.0,30.2203125,0.0
3887,-86.25,30.2128173828125,0.0
3888,-82.5,30.2128173828125,0.0
3889,-78.75,30.2128173828125,0.0
3890,-75.0,30.2128173828125,0.0
3891,-86.25,30.2203125,0.0
3892,-82.5,30.2203125,0.0
3893,-78.75,30.2203125,0.0
3894,-75.0,30.2203125,0.0
3895,-71.25,30.2128173828125,634957.4083157238
3896,-67.5,30.2128173828125,1269914.8166314475
3897,-71.25,30.2203125,634759.734221894
3898,-67.5,30.2203125,1269519.468443788
3899,-63.75,30.2128173828125,6279730.150142301
3900,-60.0,30.2128173828125,20039261.334043413
3901,-63.75,30.2203125,6174784.373109753
3902,-60.0,30.2203125,19621059.618663862
3903,-56.25,29.860546875,29842552.228558905
3904,-52.5,29.860546875,61257626.40520775
3905,-56.25,29.98046875,33979683.33846212
3906,-52.5,29.98046875,61700966.0855943
3907,-48.75,29.860546875,102599051.08564475
3908,-45.0,29.860546875,143940475.76608175
3909,-48.75,29.98046875,96518555.30751216
3910,-45.0,29.98046875,131336144.52943003
3911,-41.25,29.860546875,194449039.34957057
3912,-37.5,29.860546875,244957602.9330594
3913,-41.25,29.98046875,202030758.64546975
3914,-37.5,29.98046875,272725372.7615095
3915,-33.75,29.860546875,423595197.1356341
3916,-30.0,29.860546875,858490852.5763807
3917,-33.75,29.98046875,444524130.07325816
3918,-30.0,29.98046875,818531173.7764249
3919,-56.25,30.0404296875,39411925.71750105
3920,-52.5,30.0404296875,67185691.20152369
3921,-56.25,30.07041015625,42128046.9070202
3922,-52.5,30.07041015625,69928053.75948808
3923,-56.25,30.085400390625,43486107.501780085
3924,-52.5,30.085400390625,71299235.0384706
3925,-56.25,30.0928955078125,44165137.79915987
3926,-56.25,30.100390625,44770657.323843956
3927,-52.5,30.0928955078125,71984825.67796168
3928,-52.5,30.100390625,72579524.66972215
3929,-48.75,30.0404296875,100841457.03146672
3930,-45.0,30.0404296875,134497222.86140975
3931,-48.75,30.07041015625,103002907.89344376
3932,-45.0,30.07041015625,136077762.02739942
3933,-48.75,30.085400390625,104083633.32443254
3934,-45.0,30.085400390625,136868031.61039445
3935,-48.75,30.0928955078125,104623996.03992678
3936,-48.75,30.100390625,105063640.55898616
3937,-45.0,30.0928955078125,137263166.4018919
3938,-45.0,30.100390625,137547756.44825017
3939,-41.25,30.0404296875,220640653.54308134
3940,-37.5,30.0404296875,306784084.22475296
3941,-41.25,30.07041015625,229945600.99188608
3942,-37.5,30.07041015625,323813439.95637274
3943,-41.25,30.085400390625,234598074.71628955
3944,-37.5,30.085400390625,332328117.8221846
3945,-41.25,30.0928955078125,236924311.57849073
3946,-41.25,30.100390625,239063265.78752837
3947,-37.5,30.0928955078125,336585456.7550896
3948,-37.5,30.100390625,340578775.12680656
3949,-33.75,30.0404296875,473666824.25856316
3950,-30.0,30.0404296875,802028182.9966503
3951,-33.75,30.07041015625,488238171.35121393
3952,-30.0,30.07041015625,793776687.6067642
3953,-33.75,30.085400390625,495523844.89754105
3954,-30.0,30.085400390625,789650939.9118202
3955,-33.75,30.0928955078125,499166681.67070365
3956,-33.75,30.100390625,502702286.101375
3957,-30.0,30.0928955078125,787588066.0643485
3958,-30.0,30.100390625,786041800.3465238
3959,-56.25,30.1078857421875,44039199.67011739
3960,-56.25,30.115380859375,43307742.01639049
3961,-52.5,30.1078857421875,71521131.81837264
3962,-52.5,30.115380859375,70462738.96702261
3963,-56.25,30.1228759765625,42576284.362663925
3964,-56.25,30.13037109375,41844826.70893737
3965,-52.5,30.1228759765625,69404346.11567308
3966,-52.5,30.13037109375,68345953.26432356
3967,-56.25,30.1378662109375,41113369.05521082
3968,-56.25,30.145361328125,40381911.40148426
3969,-52.5,30.1378662109375,67287560.41297403
3970,-52.5,30.145361328125,66229167.56162451
3971,-56.25,30.1528564453125,39650453.747757345
3972,-56.25,30.1603515625,38918996.09403079
3973,-52.5,30.1528564453125,65170774.71027449
3974,-52.5,30.1603515625,64112381.85892495
3975,-48.75,30.1078857421875,103671472.88037568
3976,-48.75,30.115380859375,102279305.20176455
3977,-45.0,30.1078857421875,135821813.94237873
3978,-45.0,30.115380859375,134095871.4365065
3979,-48.75,30.1228759765625,100887137.52315408
3980,-48.75,30.13037109375,99494969.8445436
3981,-45.0,30.1228759765625,132369928.93063506
3982,-45.0,30.13037109375,130643986.42476365
3983,-48.75,30.1378662109375,98102802.16593313
3984,-48.75,30.145361328125,96710634.48732267
3985,-45.0,30.1378662109375,128918043.91889223
3986,-45.0,30.145361328125,127192101.41302082
3987,-48.75,30.1528564453125,95318466.80871153
3988,-48.75,30.1603515625,93926299.13010105
3989,-45.0,30.1528564453125,125466158.90714858
3990,-45.0,30.1603515625,123740216.40127715
3991,-41.25,30.1078857421875,237796016.74213514
3992,-41.25,30.115380859375,236528767.6967413
3993,-37.5,30.1078857421875,339770219.5418915
3994,-37.5,30.115380859375,338961663.9569761
3995,-41.25,30.1228759765625,235261518.65134808
3996,-41.25,30.13037109375,233994269.60595486
3997,-37.5,30.1228759765625,338153108.3720611
3998,-37.5,30.13037109375,337344552.78714603
3999,-41.25,30.1378662109375,232727020.56056163
4000,-41.25,30.145361328125,231459771.51516837
4001,-37.5,30.1378662109375,336535997.202231
4002,-37.5,30.145361328125,335727441.617316
4003,-41.25,30.1528564453125,230192522.46977454
4004,-41.25,30.1603515625,228925273.4243813
4005,-37.5,30.1528564453125,334918886.03240055
4006,-37.5,30.1603515625,334110330.44748545
4007,-33.75,30.1078857421875,504287602.30297273
4008,-33.75,30.115380859375,505872918.5045712
4009,-30.0,30.1078857421875,793891344.9867033
4010,-30.0,30.115380859375,801740889.6268867
4011,-33.75,30.1228759765625,507458234.70616883
4012,-33.75,30.13037109375,509043550.9077665
4013,-30.0,30.1228759765625,809590434.2670661
4014,-30.0,30.13037109375,817439978.9072458
4015,-33.75,30.1378662109375,510628867.1093643
4016,-33.75,30.145361328125,512214183.31096196
4017,-30.0,30.1378662109375,825289523.5474252
4018,-30.0,30.145361328125,833139068.1876048
4019,-33.75,30.1528564453125,513799499.5125604
4020,-33.75,30.1603515625,515384815.7141581
4021,-30.0,30.1528564453125,840988612.827788
4022,-30.0,30.1603515625,848838157.4679675
4023,-56.25,30.1678466796875,38187538.44030422
4024,-56.25,30.175341796875,37456080.78657767
4025,-52.5,30.1678466796875,63053989.00757543
4026,-52.5,30.175341796875,61995596.156225905
4027,-56.25,30.1828369140625,36724623.13285111
4028,-56.25,30.19033203125,35993165.4791242
4029,-52.5,30.1828369140625,60937203.30487637
4030,-52.5,30.19033203125,59878810.45352636
4031,-48.75,30.1678466796875,92534131.45149058
4032,-48.75,30.175341796875,91141963.7728801
4033,-45.0,30.1678466796875,122014273.89540574
4034,-45.0,30.175341796875,120288331.38953432
4035,-48.75,30.1828369140625,89749796.09426963
4036,-48.75,30.19033203125,88357628.4156585
4037,-45.0,30.1828369140625,118562388.88366288
4038,-45.0,30.19033203125,116836446.37779067
4039,-41.25,30.1678466796875,227658024.3789881
4040,-41.25,30.175341796875,226390775.33359486
4041,-37.5,30.1678466796875,333301774.86257046
4042,-37.5,30.175341796875,332493219.2776554
4043,-41.25,30.1828369140625,225123526.28820157
4044,-41.25,30.19033203125,223856277.2428078
4045,-37.5,30.1828369140625,331684663.6927403
4046,-37.5,30.19033203125,330876108.1078249
4047,-33.75,30.1678466796875,516970131.91575575
4048,-33.75,30.175341796875,518555448.11735344
4049,-30.0,30.1678466796875,856687702.1081471
4050,-30.0,30.175341796875,864537246.7483267
4051,-33.75,30.1828369140625,520140764.31895113
4052,-33.75,30.19033203125,521726080.52054965
4053,-30.0,30.1828369140625,872386791.3885062
4054,-30.0,30.19033203125,880236336.0286895
4055,-56.25,30.1978271484375,35261707.82539764
4056,-56.25,30.2,35049656.583763674
4057,-56.25,30.205322265625,34530250.171671085
4058,-52.5,30.1978271484375,58820417.60217683
4059,-52.5,30.2,58513587.10129717
4060,-52.5,30.205322265625,57762024.7508273
4061,-48.75,30.1978271484375,86965460.73704803
4062,-48.75,30.2,86561868.15269539
4063,-48.75,30.205322265625,85573293.05843756
4064,-45.0,30.1978271484375,115110503.87191923
4065,-45.0,30.2,114610149.2040936
4066,-45.0,30.205322265625,113384561.36604783
4067,-41.25,30.1978271484375,222589028.19741458
4068,-41.25,30.2,222221649.8096623
4069,-41.25,30.205322265625,221321779.15202132
4070,-37.5,30.1978271484375,330067552.5229099
4071,-37.5,30.2,329833150.41523105
4072,-37.5,30.205322265625,329258996.93799484
4073,-33.75,30.1978271484375,523311396.7221473
4074,-33.75,30.2,523770983.5037178
4075,-33.75,30.205322265625,524896712.923745
4076,-30.0,30.1978271484375,888085880.668869
4077,-30.0,30.2,890361481.5580404
4078,-30.0,30.205322265625,895935425.3090487
4079,-56.25,30.2128173828125,33798792.51794453
4080,-52.5,30.2128173828125,56703631.89947777
4081,-48.75,30.2128173828125,84181125.37982708
4082,-45.0,30.2128173828125,111658618.86017641
4083,-56.25,30.2203125,33067334.864217974
4084,-52.5,30.2203125,55645239.04812825
4085,-48.75,30.2203125,82788957.70121661
4086,-45.0,30.2203125,109932676.35430498
4087,-41.25,30.2128173828125,220054530.10662812
4088,-37.5,30.2128173828125,328450441.3530798
4089,-41.25,30.2203125,218787281.0612349
4090,-37.5,30.2203125,327641885.76816475
4091,-33.75,30.2128173828125,526482029.1253427
4092,-30.0,30.2128173828125,903784969.949228
4093,-33.75,30.2203125,528067345.3269404
4094,-30.0,30.2203125,911634514.5894077
4095,-26.25,29.860546875,1293386508.0171273
4096,-22.5,29.860546875,1849243600.30268
4097,-26.25,29.98046875,1192538217.4795916
4098,-22.5,29.98046875,1765125226.5769732
4099,-18.75,29.860546875,2465581411.0106354
4100,-15.0,29.860546875,3081919221.7185907
4101,-18.75,29.98046875,2437002218.371463
4102,-15.0,29.98046875,3108879210.1659527
4103,-26.25,30.0404296875,1130389541.7347376
4104,-22.5,30.0404296875,1715377335.3293185
4105,-26.25,30.07041015625,1099315203.8623145
4106,-22.5,30.07041015625,1690503389.7054944
4107,-26.25,30.085400390625,1083778034.926099
4108,-22.5,30.085400390625,1678066416.893579
4109,-26.25,30.0928955078125,1076009450.4579933
4110,-26.25,30.100390625,1069381314.5916725
4111,-22.5,30.0928955078125,1671847930.487623
4112,-22.5,30.100390625,1666641780.7070246
4113,-18.75,30.0404296875,2428678346.3521466
4114,-15.0,30.0404296875,3141979357.3749743
4115,-18.75,30.07041015625,2424516410.3424892
4116,-15.0,30.07041015625,3158529430.9794836
4117,-18.75,30.085400390625,2422435442.33766
4118,-15.0,30.085400390625,3166804467.7817397
4119,-18.75,30.0928955078125,2421394958.335245
4120,-18.75,30.100390625,2420862722.757478
4121,-15.0,30.0928955078125,3170941986.182867
4122,-15.0,30.100390625,3175083664.8079324
4123,-26.25,30.1078857421875,1083495087.670434
4124,-26.25,30.115380859375,1097608860.749202
4125,-22.5,30.1078857421875,1679847503.3002245
4126,-22.5,30.115380859375,1693053225.8934312
4127,-26.25,30.1228759765625,1111722633.8279634
4128,-26.25,30.13037109375,1125836406.9067247
4129,-22.5,30.1228759765625,1706258948.4866314
4130,-22.5,30.13037109375,1719464671.0798311
4131,-26.25,30.1378662109375,1139950179.9854863
4132,-26.25,30.145361328125,1154063953.0642476
4133,-22.5,30.1378662109375,1732670393.6730313
4134,-22.5,30.145361328125,1745876116.2662315
4135,-26.25,30.1528564453125,1168177726.1430159
4136,-26.25,30.1603515625,1182291499.221777
4137,-22.5,30.1528564453125,1759081838.859438
4138,-22.5,30.1603515625,1772287561.4526377
4139,-18.75,30.1078857421875,2429574255.4030457
4140,-18.75,30.115380859375,2438285788.0486174
4141,-15.0,30.1078857421875,3179301007.5058665
4142,-15.0,30.115380859375,3183518350.203803
4143,-18.75,30.1228759765625,2446997320.694184
4144,-18.75,30.13037109375,2455708853.3397512
4145,-15.0,30.1228759765625,3187735692.901737
4146,-15.0,30.13037109375,3191953035.5996714
4147,-18.75,30.1378662109375,2464420385.9853187
4148,-18.75,30.145361328125,2473131918.630886
4149,-15.0,30.1378662109375,3196170378.297606
4150,-15.0,30.145361328125,3200387720.99554
4151,-18.75,30.1528564453125,2481843451.2764573
4152,-18.75,30.1603515625,2490554983.9220243
4153,-15.0,30.1528564453125,3204605063.6934767
4154,-15.0,30.1603515625,3208822406.391411
4155,-26.25,30.1678466796875,1196405272.3005383
4156,-26.25,30.175341796875,1210519045.3792999
4157,-22.5,30.1678466796875,1785493284.0458379
4158,-22.5,30.175341796875,1798699006.6390383
4159,-26.25,30.1828369140625,1224632818.4580612
4160,-26.25,30.19033203125,1238746591.5368295
4161,-22.5,30.1828369140625,1811904729.232238
4162,-22.5,30.19033203125,1825110451.8254445
4163,-18.75,30.1678466796875,2499266516.5675917
4164,-18.75,30.175341796875,2507978049.213159
4165,-15.0,30.1678466796875,3213039749.089345
4166,-15.0,30.175341796875,3217257091.7872796
4167,-18.75,30.1828369140625,2516689581.8587255
4168,-18.75,30.19033203125,2525401114.5042973
4169,-15.0,30.1828369140625,3221474434.4852133
4170,-15.0,30.19033203125,3225691777.1831503
4171,-26.25,30.1978271484375,1252860364.6155906
4172,-26.25,30.2,1256951979.6123629
4173,-26.25,30.205322265625,1266974137.6943521
4174,-22.5,30.1978271484375,1838316174.4186444
4175,-22.5,30.2,1842144543.5091796
4176,-22.5,30.205322265625,1851521897.0118449
4177,-18.75,30.1978271484375,2534112647.149864
4178,-18.75,30.2,2536638140.3272424
4179,-18.75,30.205322265625,2542824179.795432
4180,-15.0,30.1978271484375,3229909119.8810844
4181,-15.0,30.2,3231131737.1453056
4182,-15.0,30.205322265625,3234126462.5790186
4183,-26.25,30.2128173828125,1281087910.7731135
4184,-22.5,30.2128173828125,1864727619.6050448
4185,-26.25,30.2203125,1295201683.8518748
4186,-22.5,30.2203125,1877933342.1982448
4187,-18.75,30.2128173828125,2551535712.440999
4188,-15.0,30.2128173828125,3238343805.276953
4189,-18.75,30.2203125,2560247245.086566
4190,-15.0,30.2203125,3242561147.9748874
4191,-11.25,29.860546875,4019748682.652405
4192,-7.5,29.860546875,4957578143.58622
4193,-11.25,29.98046875,4017085879.355031
4194,-7.5,29.98046875,4925292548.544109
4195,-3.75,29.860546875,5639398125.877996
4196,0.0,29.860546875,5809199150.8857
4197,-3.75,29.98046875,5569871683.175338
4198,0.0,29.98046875,5687195748.690864
4199,-11.25,30.0404296875,4052546261.6038685
4200,-7.5,30.0404296875,4963113165.832762
4201,-11.25,30.07041015625,4070276452.728285
4202,-7.5,30.07041015625,4982023474.477087
4203,-11.25,30.085400390625,4079141548.290496
4204,-7.5,30.085400390625,4991478628.799252
4205,-11.25,30.0928955078125,4083574096.0716
4206,-11.25,30.100390625,4088092467.88823
4207,-7.5,30.0928955078125,4996206205.960332
4208,-7.5,30.100390625,5001101270.968527
4209,-3.75,30.0404296875,5589489664.368964
4210,0.0,30.0404296875,5647485351.519781
4211,-3.75,30.07041015625,5599298654.965777
4212,0.0,30.07041015625,5627630152.934242
4213,-3.75,30.085400390625,5604203150.264184
4214,0.0,30.085400390625,5617702553.641472
4215,-3.75,30.0928955078125,5606655397.913387
4216,-3.75,30.100390625,5609422656.790763
4217,0.0,30.0928955078125,5612738753.995087
4218,0.0,30.100390625,5608369208.096872
4219,-11.25,30.1078857421875,4094171764.3509994
4220,-11.25,30.115380859375,4100251060.813773
4221,-7.5,30.1078857421875,5009042521.196134
4222,-7.5,30.115380859375,5016983771.423743
4223,-11.25,30.1228759765625,4106330357.2765427
4224,-11.25,30.13037109375,4112409653.7393126
4225,-7.5,30.1228759765625,5024925021.651348
4226,-7.5,30.13037109375,5032866271.878953
4227,-11.25,30.1378662109375,4118488950.2020826
4228,-11.25,30.145361328125,4124568246.664853
4229,-7.5,30.1378662109375,5040807522.10656
4230,-7.5,30.145361328125,5048748772.334166
4231,-11.25,30.1528564453125,4130647543.1276255
4232,-11.25,30.1603515625,4136726839.590395
4233,-7.5,30.1528564453125,5056690022.561775
4234,-7.5,30.1603515625,5064631272.789379
4235,-3.75,30.1078857421875,5617919182.380559
4236,-3.75,30.115380859375,5626415707.970359
4237,0.0,30.1078857421875,5614807652.243567
4238,0.0,30.115380859375,5621246096.390267
4239,-3.75,30.1228759765625,5634912233.560155
4240,-3.75,30.13037109375,5643408759.149951
4241,0.0,30.1228759765625,5627684540.536962
4242,0.0,30.13037109375,5634122984.683658
4243,-3.75,30.1378662109375,5651905284.739748
4244,-3.75,30.145361328125,5660401810.329542
4245,0.0,30.1378662109375,5640561428.830354
4246,0.0,30.145361328125,5646999872.97705
4247,-3.75,30.1528564453125,5668898335.919343
4248,-3.75,30.1603515625,5677394861.509139
4249,0.0,30.1528564453125,5653438317.123749
4250,0.0,30.1603515625,5659876761.270444
4251,-11.25,30.1678466796875,4142806136.0531654
4252,-11.25,30.175341796875,4148885432.5159354
4253,-7.5,30.1678466796875,5072572523.016986
4254,-7.5,30.175341796875,5080513773.244592
4255,-11.25,30.1828369140625,4154964728.978705
4256,-11.25,30.19033203125,4161044025.4414783
4257,-7.5,30.1828369140625,5088455023.472197
4258,-7.5,30.19033203125,5096396273.699807
4259,-3.75,30.1678466796875,5685891387.098934
4260,-3.75,30.175341796875,5694387912.688731
4261,0.0,30.1678466796875,5666315205.41714
4262,0.0,30.175341796875,5672753649.563835
4263,-3.75,30.1828369140625,5702884438.278526
4264,-3.75,30.19033203125,5711380963.868326
4265,0.0,30.1828369140625,5679192093.710531
4266,0.0,30.19033203125,5685630537.85723
4267,-11.25,30.1978271484375,4167123321.904248
4268,-11.25,30.2,4168885723.8103924
4269,-11.25,30.205322265625,4173202618.3670187
4270,-7.5,30.1978271484375,5104337523.927412
4271,-7.5,30.2,5106639710.475479
4272,-7.5,30.205322265625,5112278774.155018
4273,-3.75,30.1978271484375,5719877489.458122
4274,-3.75,30.2,5722340651.599789
4275,-3.75,30.205322265625,5728374015.047919
4276,0.0,30.1978271484375,5692068982.003925
4277,0.0,30.2,5693935501.642544
4278,0.0,30.205322265625,5698507426.150621
4279,-11.25,30.2128173828125,4179281914.829788
4280,-7.5,30.2128173828125,5120220024.382624
4281,-11.25,30.2203125,4185361211.292558
4282,-7.5,30.2203125,5128161274.6102295
4283,-3.75,30.2128173828125,5736870540.637714
4284,0.0,30.2128173828125,5704945870.2973175
4285,-3.75,30.2203125,5745367066.22751
4286,0.0,30.2203125,5711384314.444014
4287,-116.25,30.2278076171875,0.0
4288,-120.0,30.2278076171875,0.0
4289,-112.5,30.2278076171875,0.0
4290,-108.75,30.2278076171875,0.0
4291,-105.0,30.2278076171875,0.0
4292,-101.25,30.2278076171875,0.0
4293,-97.5,30.2278076171875,0.0
4294,-93.75,30.2278076171875,0.0
4295,-90.0,30.2278076171875,0.0
4296,-116.25,30.235302734375,0.0
4297,-120.0,30.235302734375,0.0
4298,-112.5,30.235302734375,0.0
4299,-108.75,30.235302734375,0.0
4300,-105.0,30.235302734375,0.0
4301,-101.25,30.235302734375,0.0
4302,-97.5,30.235302734375,0.0
4303,-93.75,30.235302734375,0.0
4304,-90.0,30.235302734375,0.0
4305,-86.25,30.2278076171875,0.0
4306,-82.5,30.2278076171875,0.0
4307,-78.75,30.2278076171875,0.0
4308,-75.0,30.2278076171875,0.0
4309,-71.25,30.2278076171875,634562.0601280641
4310,-67.5,30.2278076171875,1269124.1202561283
4311,-63.75,30.2278076171875,6069838.596077155
4312,-60.0,30.2278076171875,19202857.90328411
4313,-86.25,30.235302734375,0.0
4314,-82.5,30.235302734375,0.0
4315,-78.75,30.235302734375,0.0
4316,-75.0,30.235302734375,0.0
4317,-71.25,30.235302734375,634364.3860342343
4318,-67.5,30.235302734375,1268728.7720684686
4319,-63.75,30.235302734375,5964892.819044608
4320,-60.0,30.235302734375,18784656.187904555
4321,-116.25,30.2427978515625,0.0
4322,-120.0,30.2427978515625,0.0
4323,-112.5,30.2427978515625,0.0
4324,-108.75,30.2427978515625,0.0
4325,-105.0,30.2427978515625,0.0
4326,-101.25,30.2427978515625,0.0
4327,-97.5,30.2427978515625,0.0
4328,-93.75,30.2427978515625,0.0
4329,-90.0,30.2427978515625,0.0
4330,-116.25,30.25029296875,0.0
4331,-120.0,30.25029296875,0.0
4332,-112.5,30.25029296875,0.0
4333,-108.75,30.25029296875,0.0
4334,-105.0,30.25029296875,0.0
4335,-101.25,30.25029296875,0.0
4336,-97.5,30.25029296875,0.0
4337,-93.75,30.25029296875,0.0
4338,-90.0,30.25029296875,0.0
4339,-86.25,30.2427978515625,0.0
4340,-82.5,30.2427978515625,0.0
4341,-78.75,30.2427978515625,0.0
4342,-75.0,30.2427978515625,0.0
4343,-71.25,30.2427978515625,634166.7119404046
4344,-67.5,30.2427978515625,1268333.4238808092
4345,-63.75,30.2427978515625,5859947.04201206
4346,-60.0,30.2427978515625,18366454.472525
4347,-86.25,30.25029296875,0.0
4348,-82.5,30.25029296875,0.0
4349,-78.75,30.25029296875,0.0
4350,-75.0,30.25029296875,0.0
4351,-71.25,30.25029296875,633969.0378465749
4352,-67.5,30.25029296875,1267938.0756931498
4353,-63.75,30.25029296875,5755001.2649795115
4354,-60.0,30.25029296875,17948252.75714545
4355,-116.25,30.2577880859375,0.0
4356,-120.0,30.2577880859375,0.0
4357,-112.5,30.2577880859375,0.0
4358,-108.75,30.2577880859375,0.0
4359,-105.0,30.2577880859375,0.0
4360,-101.25,30.2577880859375,0.0
4361,-97.5,30.2577880859375,0.0
4362,-93.75,30.2577880859375,0.0
4363,-90.0,30.2577880859375,0.0
4364,-116.25,30.265283203125,0.0
4365,-120.0,30.265283203125,0.0
4366,-112.5,30.265283203125,0.0
4367,-108.75,30.265283203125,0.0
4368,-105.0,30.265283203125,0.0
4369,-101.25,30.265283203125,0.0
4370,-97.5,30.265283203125,0.0
4371,-93.75,30.265283203125,0.0
4372,-90.0,30.265283203125,0.0
4373,-86.25,30.2577880859375,0.0
4374,-82.5,30.2577880859375,0.0
4375,-78.75,30.2577880859375,0.0
4376,-75.0,30.2577880859375,0.0
4377,-71.25,30.2577880859375,633771.3637527452
4378,-67.5,30.2577880859375,1267542.7275054904
4379,-63.75,30.2577880859375,5650055.487946964
4380,-60.0,30.2577880859375,17530051.041765895
4381,-86.25,30.265283203125,0.0
4382,-82.5,30.265283203125,0.0
4383,-78.75,30.265283203125,0.0
4384,-75.0,30.265283203125,0.0
4385,-71.25,30.265283203125,633573.6896589154
4386,-67.5,30.265283203125,1267147.3793178308
4387,-63.75,30.265283203125,5545109.710914366
4388,-60.0,30.265283203125,17111849.326386143
4389,-116.25,30.2727783203125,0.0
4390,-120.0,30.2727783203125,0.0
4391,-112.5,30.2727783203125,0.0
4392,-108.75,30.2727783203125,0.0
4393,-105.0,30.2727783203125,0.0
4394,-101.25,30.2727783203125,0.0
4395,-97.5,30.2727783203125,0.0
4396,-93.75,30.2727783203125,0.0
4397,-90.0,30.2727783203125,0.0
4398,-116.25,30.2802734375,0.0
4399,-120.0,30.2802734375,0.0
4400,-112.5,30.2802734375,0.0
4401,-108.75,30.2802734375,0.0
4402,-105.0,30.2802734375,0.0
4403,-101.25,30.2802734375,0.0
4404,-97.5,30.2802734375,0.0
4405,-93.75,30.2802734375,0.0
4406,-90.0,30.2802734375,0.0
4407,-86.25,30.2727783203125,0.0
4408,-82.5,30.2727783203125,0.0
4409,-78.75,30.2727783203125,0.0
4410,-75.0,30.2727783203125,0.0
4411,-71.25,30.2727783203125,633376.0155650856
4412,-67.5,30.2727783203125,1266752.0311301711
4413,-63.75,30.2727783203125,5440163.933881818
4414,-60.0,30.2727783203125,16693647.61100659
4415,-86.25,30.2802734375,0.0
4416,-82.5,30.2802734375,0.0
4417,-78.75,30.2802734375,0.0
4418,-75.0,30.2802734375,0.0
4419,-71.25,30.2802734375,633178.3414712559
4420,-67.5,30.2802734375,1266356.6829425117
4421,-63.75,30.2802734375,5335218.156849271
4422,-60.0,30.2802734375,16275445.895627035
4423,-116.25,30.2877685546875,0.0
4424,-120.0,30.2877685546875,0.0
4425,-112.5,30.2877685546875,0.0
4426,-108.75,30.2877685546875,0.0
4427,-105.0,30.2877685546875,0.0
4428,-101.25,30.2877685546875,0.0
4429,-97.5,30.2877685546875,0.0
4430,-93.75,30.2877685546875,0.0
4431,-90.0,30.2877685546875,0.0
4432,-116.25,30.295263671875,0.0
4433,-120.0,30.295263671875,0.0
4434,-112.5,30.295263671875,0.0
4435,-108.75,30.295263671875,0.0
4436,-105.0,30.295263671875,0.0
4437,-101.25,30.295263671875,0.0
4438,-97.5,30.295263671875,0.0
4439,-93.75,30.295263671875,0.0
4440,-90.0,30.295263671875,0.0
4441,-86.25,30.2877685546875,0.0
4442,-82.5,30.2877685546875,0.0
4443,-78.75,30.2877685546875,0.0
4444,-75.0,30.2877685546875,0.0
4445,-71.25,30.2877685546875,632980.667377426
4446,-67.5,30.2877685546875,1265961.334754852
4447,-63.75,30.2877685546875,5230272.379816723
4448,-60.0,30.2877685546875,15857244.180247482
4449,-86.25,30.295263671875,0.0
4450,-82.5,30.295263671875,0.0
4451,-78.75,30.295263671875,0.0
4452,-75.0,30.295263671875,0.0
4453,-71.25,30.295263671875,632782.9932835964
4454,-67.5,30.295263671875,1265565.9865671927
4455,-63.75,30.295263671875,5125326.6027841745
4456,-60.0,30.295263671875,15439042.464867929
4457,-116.25,30.3027587890625,0.0
4458,-120.0,30.3027587890625,0.0
4459,-112.5,30.3027587890625,0.0
4460,-108.75,30.3027587890625,0.0
4461,-105.0,30.3027587890625,0.0
4462,-101.25,30.3027587890625,0.0
4463,-97.5,30.3027587890625,0.0
4464,-93.75,30.3027587890625,0.0
4465,-90.0,30.3027587890625,0.0
4466,-116.25,30.31025390625,0.0
4467,-120.0,30.31025390625,0.0
4468,-112.5,30.31025390625,0.0
4469,-108.75,30.31025390625,0.0
4470,-105.0,30.31025390625,0.0
4471,-101.25,30.31025390625,0.0
4472,-97.5,30.31025390625,0.0
4473,-93.75,30.31025390625,0.0
4474,-90.0,30.31025390625,0.0
4475,-86.25,30.3027587890625,0.0
4476,-82.5,30.3027587890625,0.0
4477,-78.75,30.3027587890625,0.0
4478,-75.0,30.3027587890625,0.0
4479,-71.25,30.3027587890625,634711.9258538896
4480,-67.5,30.3027587890625,1269423.851707779
4481,-63.75,30.3027587890625,5057506.061915615
4482,-60.0,30.3027587890625,15152328.84083134
4483,-86.25,30.31025390625,0.0
4484,-82.5,30.31025390625,0.0
4485,-78.75,30.31025390625,0.0
4486,-75.0,30.31025390625,0.0
4487,-71.25,30.31025390625,640291.8468563918
4488,-67.5,30.31025390625,1280583.6937127835
4489,-63.75,30.31025390625,5053422.652160546
4490,-60.0,30.31025390625,15091355.833791047
4491,-116.25,30.325244140625,0.0
4492,-120.0,30.325244140625,0.0
4493,-112.5,30.325244140625,0.0
4494,-108.75,30.325244140625,0.0
4495,-105.0,30.325244140625,0.0
4496,-101.25,30.325244140625,0.0
4497,-97.5,30.325244140625,0.0
4498,-93.75,30.325244140625,0.0
4499,-90.0,30.325244140625,0.0
4500,-86.25,30.325244140625,0.0
4501,-82.5,30.325244140625,0.0
4502,-78.75,30.325244140625,0.0
4503,-75.0,30.325244140625,0.0
4504,-71.25,30.325244140625,651451.6888613965
4505,-67.5,30.325244140625,1302903.377722793
4506,-63.75,30.325244140625,5045255.832650409
4507,-60.0,30.325244140625,14969409.819710463
4508,-116.25,30.340234375,0.0
4509,-120.0,30.340234375,0.0
4510,-112.5,30.340234375,0.0
4511,-108.75,30.340234375,0.0
4512,-105.0,30.340234375,0.0
4513,-101.25,30.340234375,0.0
4514,-97.5,30.340234375,0.0
4515,-93.75,30.340234375,0.0
4516,-90.0,30.340234375,0.0
4517,-86.25,30.340234375,0.0
4518,-82.5,30.340234375,0.0
4519,-78.75,30.340234375,0.0
4520,-75.0,30.340234375,0.0
4521,-71.25,30.340234375,662611.530866404
4522,-67.5,30.340234375,1325223.061732808
4523,-63.75,30.340234375,5037089.013140271
4524,-60.0,30.340234375,14847463.805629853
4525,-116.25,30.355224609375,0.0
4526,-120.0,30.355224609375,0.0
4527,-112.5,30.355224609375,0.0
4528,-108.75,30.355224609375,0.0
4529,-105.0,30.355224609375,0.0
4530,-101.25,30.355224609375,0.0
4531,-97.5,30.355224609375,0.0
4532,-93.75,30.355224609375,0.0
4533,-90.0,30.355224609375,0.0
4534,-116.25,30.37021484375,0.0
4535,-120.0,30.37021484375,0.0
4536,-112.5,30.37021484375,0.0
4537,-108.75,30.37021484375,0.0
4538,-105.0,30.37021484375,0.0
4539,-101.25,30.37021484375,0.0
4540,-97.5,30.37021484375,0.0
4541,-93.75,30.37021484375,0.0
4542,-90.0,30.37021484375,0.0
4543,-86.25,30.355224609375,0.0
4544,-82.5,30.355224609375,0.0
4545,-78.75,30.355224609375,0.0
4546,-75.0,30.355224609375,0.0
4547,-71.25,30.355224609375,673771.3728714085
4548,-67.5,30.355224609375,1347542.745742817
4549,-63.75,30.355224609375,5028922.193630134
4550,-60.0,30.355224609375,14725517.791549267
4551,-86.25,30.37021484375,0.0
4552,-82.5,30.37021484375,0.0
4553,-78.75,30.37021484375,0.0
4554,-75.0,30.37021484375,0.0
4555,-71.25,30.37021484375,684931.2148764132
4556,-67.5,30.37021484375,1369862.4297528265
4557,-63.75,30.37021484375,5020755.374119997
4558,-60.0,30.37021484375,14603571.777468681
4559,-116.25,30.385205078125,0.0
4560,-120.0,30.385205078125,0.0
4561,-112.5,30.385205078125,0.0
4562,-108.75,30.385205078125,0.0
4563,-105.0,30.385205078125,0.0
4564,-101.25,30.385205078125,0.0
4565,-97.5,30.385205078125,0.0
4566,-93.75,30.385205078125,0.0
4567,-90.0,30.385205078125,0.0
4568,-116.25,30.4001953125,0.0
4569,-120.0,30.4001953125,0.0
4570,-112.5,30.4001953125,0.0
4571,-108.75,30.4001953125,0.0
4572,-105.0,30.4001953125,0.0
4573,-101.25,30.4001953125,0.0
4574,-97.5,30.4001953125,0.0
4575,-93.75,30.4001953125,0.0
4576,-90.0,30.4001953125,0.0
4577,-86.25,30.385205078125,0.0
4578,-82.5,30.385205078125,0.0
4579,-78.75,30.385205078125,0.0
4580,-75.0,30.385205078125,0.0
4581,-71.25,30.385205078125,696091.0568814205
4582,-67.5,30.385205078125,1392182.113762841
4583,-63.75,30.385205078125,5012588.554609858
4584,-60.0,30.385205078125,14481625.76338807
4585,-86.25,30.4001953125,0.0
4586,-82.5,30.4001953125,0.0
4587,-78.75,30.4001953125,0.0
4588,-75.0,30.4001953125,0.0
4589,-71.25,30.4001953125,707250.8988864252
4590,-67.5,30.4001953125,1414501.7977728504
4591,-63.75,30.4001953125,5004421.735099722
4592,-60.0,30.4001953125,14359679.749307487
4593,-116.25,30.41518554687499,0.0
4594,-120.0,30.41518554687499,0.0
4595,-112.5,30.41518554687499,0.0
4596,-108.75,30.41518554687499,0.0
4597,-105.0,30.41518554687499,0.0
4598,-101.25,30.41518554687499,0.0
4599,-97.5,30.41518554687499,0.0
4600,-93.75,30.41518554687499,0.0
4601,-90.0,30.41518554687499,0.0
4602,-116.25,30.43017578125,0.0
4603,-120.0,30.43017578125,0.0
4604,-112.5,30.43017578125,0.0
4605,-108.75,30.43017578125,0.0
4606,-105.0,30.43017578125,0.0
4607,-101.25,30.43017578125,0.0
4608,-97.5,30.43017578125,0.0
4609,-93.75,30.43017578125,0.0
4610,-90.0,30.43017578125,0.0
4611,-86.25,30.41518554687499,0.0
4612,-82.5,30.41518554687499,0.0
4613,-78.75,30.41518554687499,0.0
4614,-75.0,30.41518554687499,0.0
4615,-71.25,30.41518554687499,718410.7408914246
4616,-67.5,30.41518554687499,1436821.4817828492
4617,-63.75,30.41518554687499,4996254.91558959
4618,-60.0,30.41518554687499,14237733.73522696
4619,-86.25,30.43017578125,0.0
4620,-82.5,30.43017578125,0.0
4621,-78.75,30.43017578125,0.0
4622,-75.0,30.43017578125,0.0
4623,-71.25,30.43017578125,729570.5828964373
4624,-67.5,30.43017578125,1459141.1657928745
4625,-63.75,30.43017578125,4988088.096079446
4626,-60.0,30.43017578125,14115787.721146291
4627,-116.25,30.445166015625,0.0
4628,-120.0,30.445166015625,0.0
4629,-112.5,30.445166015625,0.0
4630,-108.75,30.445166015625,0.0
4631,-105.0,30.445166015625,0.0
4632,-101.25,30.445166015625,0.0
4633,-97.5,30.445166015625,0.0
4634,-93.75,30.445166015625,0.0
4635,-90.0,30.445166015625,0.0
4636,-116.25,30.46015625,0.0
4637,-120.0,30.46015625,0.0
4638,-112.5,30.46015625,0.0
4639,-108.75,30.46015625,0.0
4640,-105.0,30.46015625,0.0
4641,-101.25,30.46015625,0.0
4642,-97.5,30.46015625,0.0
4643,-93.75,30.46015625,0.0
4644,-90.0,30.46015625,0.0
4645,-86.25,30.445166015625,0.0
4646,-82.5,30.445166015625,0.0
4647,-78.75,30.445166015625,0.0
4648,-75.0,30.445166015625,0.0
4649,-71.25,30.445166015625,740730.4249014419
4650,-67.5,30.445166015625,1481460.8498028838
4651,-63.75,30.445166015625,4979921.276569311
4652,-60.0,30.445166015625,13993841.707065705
4653,-86.25,30.46015625,0.0
4654,-82.5,30.46015625,0.0
4655,-78.75,30.46015625,0.0
4656,-75.0,30.46015625,0.0
4657,-71.25,30.46015625,751890.2669064493
4658,-67.5,30.46015625,1503780.5338128987
4659,-63.75,30.46015625,4971754.457059172
4660,-60.0,30.46015625,13871895.692985093
4661,-56.25,30.2278076171875,32335877.21049106
4662,-52.5,30.2278076171875,54586846.19677822
4663,-48.75,30.2278076171875,81396790.02260548
4664,-45.0,30.2278076171875,108206733.84843275
4665,-41.25,30.2278076171875,217520032.01584104
4666,-37.5,30.2278076171875,326833330.18324935
4667,-33.75,30.2278076171875,529652661.5285389
4668,-30.0,30.2278076171875,919484059.2295909
4669,-56.25,30.235302734375,31604419.556764506
4670,-52.5,30.235302734375,53528453.34542869
4671,-48.75,30.235302734375,80004622.343995
4672,-45.0,30.235302734375,106480791.34256133
4673,-41.25,30.235302734375,216252782.97044778
4674,-37.5,30.235302734375,326024774.59833425
4675,-33.75,30.235302734375,531237977.7301365
4676,-30.0,30.235302734375,927333603.8697705
4677,-56.25,30.2427978515625,30872961.903037943
4678,-52.5,30.2427978515625,52470060.49407917
4679,-48.75,30.2427978515625,78612454.66538453
4680,-45.0,30.2427978515625,104754848.8366899
4681,-41.25,30.2427978515625,214985533.92505455
4682,-37.5,30.2427978515625,325216219.0134192
4683,-33.75,30.2427978515625,532823293.9317343
4684,-30.0,30.2427978515625,935183148.50995
4685,-56.25,30.25029296875,30141504.24931138
4686,-52.5,30.25029296875,51411667.64272964
4687,-48.75,30.25029296875,77220286.98677406
4688,-45.0,30.25029296875,103028906.33081849
4689,-41.25,30.25029296875,213718284.87966132
4690,-37.5,30.25029296875,324407663.42850417
4691,-33.75,30.25029296875,534408610.13333195
4692,-30.0,30.25029296875,943032693.1501296
4693,-56.25,30.2577880859375,29410046.595584825
4694,-52.5,30.2577880859375,50353274.79138012
4695,-48.75,30.2577880859375,75828119.30816358
4696,-45.0,30.2577880859375,101302963.82494706
4697,-41.25,30.2577880859375,212451035.83426812
4698,-37.5,30.2577880859375,323599107.8435892
4699,-33.75,30.2577880859375,535993926.33492965
4700,-30.0,30.2577880859375,950882237.7903092
4701,-56.25,30.265283203125,28678588.941857923
4702,-52.5,30.265283203125,49294881.9400301
4703,-48.75,30.265283203125,74435951.62955245
4704,-45.0,30.265283203125,99577021.31907484
4705,-41.25,30.265283203125,211183786.78887427
4706,-37.5,30.265283203125,322790552.2586737
4707,-33.75,30.265283203125,537579242.5365281
4708,-30.0,30.265283203125,958731782.4304924
4709,-56.25,30.2727783203125,27947131.288131356
4710,-52.5,30.2727783203125,48236489.088680565
4711,-48.75,30.2727783203125,73043783.95094198
4712,-45.0,30.2727783203125,97851078.81320341
4713,-41.25,30.2727783203125,209916537.74348104
4714,-37.5,30.2727783203125,321981996.6737587
4715,-33.75,30.2727783203125,539164558.7381258
4716,-30.0,30.2727783203125,966581327.0706719
4717,-56.25,30.2802734375,27215673.634404797
4718,-52.5,30.2802734375,47178096.23733103
4719,-48.75,30.2802734375,71651616.2723315
4720,-45.0,30.2802734375,96125136.30733198
4721,-41.25,30.2802734375,208649288.6980878
4722,-37.5,30.2802734375,321173441.08884364
4723,-33.75,30.2802734375,540749874.9397235
4724,-30.0,30.2802734375,974430871.7108514
4725,-56.25,30.2877685546875,26484215.98067824
4726,-52.5,30.2877685546875,46119703.385981515
4727,-48.75,30.2877685546875,70259448.59372105
4728,-45.0,30.2877685546875,94399193.80146058
4729,-41.25,30.2877685546875,207382039.65269458
4730,-37.5,30.2877685546875,320364885.50392854
4731,-33.75,30.2877685546875,542335191.1413212
4732,-30.0,30.2877685546875,982280416.3510311
4733,-56.25,30.295263671875,25752758.326951683
4734,-52.5,30.295263671875,45061310.53463198
4735,-48.75,30.295263671875,68867280.91511057
4736,-45.0,30.295263671875,92673251.29558915
4737,-41.25,30.295263671875,206114790.60730135
4738,-37.5,30.295263671875,319556329.91901356
4739,-33.75,30.295263671875,543920507.3429189
4740,-30.0,30.295263671875,990129960.9912106
4741,-56.25,30.3027587890625,25247151.619747065
4742,-52.5,30.3027587890625,44509635.0064664
4743,-48.75,30.3027587890625,68355948.69708756
4744,-45.0,30.3027587890625,92202262.3877087
4745,-41.25,30.3027587890625,205729274.8125499
4746,-37.5,30.3027587890625,319256287.2373911
4747,-33.75,30.3027587890625,544759545.0469788
4748,-30.0,30.3027587890625,994215293.6260595
4749,-56.25,30.31025390625,25129289.01542155
4750,-52.5,30.31025390625,44827898.95350244
4751,-48.75,30.31025390625,69356847.26980852
4752,-45.0,30.31025390625,93885795.5861146
4753,-41.25,30.31025390625,206857531.1472196
4754,-37.5,30.31025390625,319829266.7083246
4755,-33.75,30.31025390625,544317361.2596893
4756,-30.0,30.31025390625,991838173.7915735
4757,-56.25,30.325244140625,24893563.80677052
4758,-52.5,30.325244140625,45464426.84757452
4759,-48.75,30.325244140625,71358644.4152505
4760,-45.0,30.325244140625,97252861.98292644
4761,-41.25,30.325244140625,209114043.8165591
4762,-37.5,30.325244140625,320975225.6501917
4763,-33.75,30.325244140625,543432993.6851103
4764,-30.0,30.325244140625,987083934.1226014
4765,-56.25,30.340234375,24657838.598119434
4766,-52.5,30.340234375,46100954.741646744
4767,-48.75,30.340234375,73360441.56069292
4768,-45.0,30.340234375,100619928.3797391
4769,-41.25,30.340234375,211370556.4858991
4770,-37.5,30.340234375,322121184.5920591
4771,-33.75,30.340234375,542548626.1105313
4772,-30.0,30.340234375,982329694.4536282
4773,-56.25,30.355224609375,24422113.389468398
4774,-52.5,30.355224609375,46737482.635718815
4775,-48.75,30.355224609375,75362238.70613487
4776,-45.0,30.355224609375,103986994.77655092
4777,-41.25,30.355224609375,213627069.1552385
4778,-37.5,30.355224609375,323267143.53392607
4779,-33.75,30.355224609375,541664258.5359523
4780,-30.0,30.355224609375,977575454.784656
4781,-56.25,30.37021484375,24186388.180817366
4782,-52.5,30.37021484375,47374010.52979089
4783,-48.75,30.37021484375,77364035.85157683
4784,-45.0,30.37021484375,107354061.17336276
4785,-41.25,30.37021484375,215883581.82457796
4786,-37.5,30.37021484375,324413102.4757932
4787,-33.75,30.37021484375,540779890.9613734
4788,-30.0,30.37021484375,972821215.115684
4789,-56.25,30.385205078125,23950662.97216628
4790,-52.5,30.385205078125,48010538.42386311
4791,-48.75,30.385205078125,79365832.99701926
4792,-45.0,30.385205078125,110721127.57017541
4793,-41.25,30.385205078125,218140094.49391794
4794,-37.5,30.385205078125,325559061.4176605
4795,-33.75,30.385205078125,539895523.3867943
4796,-30.0,30.385205078125,968066975.4467108
4797,-56.25,30.4001953125,23714937.763515253
4798,-52.5,30.4001953125,48647066.31793519
4799,-48.75,30.4001953125,81367630.14246121
4800,-45.0,30.4001953125,114088193.96698725
4801,-41.25,30.4001953125,220396607.16325742
4802,-37.5,30.4001953125,326705020.3595276
4803,-33.75,30.4001953125,539011155.8122154
4804,-30.0,30.4001953125,963312735.7777387
4805,-56.25,30.41518554687499,23479212.554864332
4806,-52.5,30.41518554687499,49283594.212006964
4807,-48.75,30.41518554687499,83369427.28790222
4808,-45.0,30.41518554687499,117455260.36379749
4809,-41.25,30.41518554687499,222653119.83259577
4810,-37.5,30.41518554687499,327850979.3013941
4811,-33.75,30.41518554687499,538126788.237637
4812,-30.0,30.41518554687499,958558496.1087689
4813,-56.25,30.43017578125,23243487.346213132
4814,-52.5,30.43017578125,49920122.1060795
4815,-48.75,30.43017578125,85371224.43334562
4816,-45.0,30.43017578125,120822326.76061174
4817,-41.25,30.43017578125,224909632.50193685
4818,-37.5,30.43017578125,328996938.24326193
4819,-33.75,30.43017578125,537242420.6630574
4820,-30.0,30.43017578125,953804256.4397933
4821,-56.25,30.445166015625,23007762.137562104
4822,-52.5,30.445166015625,50556650.00015157
4823,-48.75,30.445166015625,87373021.57878757
4824,-45.0,30.445166015625,124189393.15742357
4825,-41.25,30.445166015625,227166145.1712763
4826,-37.5,30.445166015625,330142897.18512905
4827,-33.75,30.445166015625,536358053.08847845
4828,-30.0,30.445166015625,949050016.7708213
4829,-56.25,30.46015625,22772036.92891102
4830,-52.5,30.46015625,51193177.894223794
4831,-48.75,30.46015625,89374818.72422999
4832,-45.0,30.46015625,127556459.5542362
4833,-41.25,30.46015625,229422657.8406163
4834,-37.5,30.46015625,331288856.1269964
4835,-33.75,30.46015625,535473685.5138993
4836,-30.0,30.46015625,944295777.1018481
4837,-26.25,30.2278076171875,1309315456.930643
4838,-22.5,30.2278076171875,1891139064.7914512
4839,-18.75,30.2278076171875,2568958777.7321377
4840,-15.0,30.2278076171875,3246778490.672824
4841,-26.25,30.235302734375,1323429230.0094044
4842,-22.5,30.235302734375,1904344787.3846512
4843,-18.75,30.235302734375,2577670310.3777046
4844,-15.0,30.235302734375,3250995833.370758
4845,-26.25,30.2427978515625,1337543003.0881658
4846,-22.5,30.2427978515625,1917550509.9778512
4847,-18.75,30.2427978515625,2586381843.0232716
4848,-15.0,30.2427978515625,3255213176.068692
4849,-26.25,30.25029296875,1351656776.166927
4850,-22.5,30.25029296875,1930756232.5710516
4851,-18.75,30.25029296875,2595093375.668839
4852,-15.0,30.25029296875,3259430518.766627
4853,-26.25,30.2577880859375,1365770549.2456887
4854,-22.5,30.2577880859375,1943961955.1642516
4855,-18.75,30.2577880859375,2603804908.3144064
4856,-15.0,30.2577880859375,3263647861.4645615
4857,-26.25,30.265283203125,1379884322.3244567
4858,-22.5,30.265283203125,1957167677.757458
4859,-18.75,30.265283203125,2612516440.9599776
4860,-15.0,30.265283203125,3267865204.1624975
4861,-26.25,30.2727783203125,1393998095.403218
4862,-22.5,30.2727783203125,1970373400.350658
4863,-18.75,30.2727783203125,2621227973.605545
4864,-15.0,30.2727783203125,3272082546.8604317
4865,-26.25,30.2802734375,1408111868.4819794
4866,-22.5,30.2802734375,1983579122.9438581
4867,-18.75,30.2802734375,2629939506.251112
4868,-15.0,30.2802734375,3276299889.5583663
4869,-26.25,30.2877685546875,1422225641.5607407
4870,-22.5,30.2877685546875,1996784845.537058
4871,-18.75,30.2877685546875,2638651038.8966794
4872,-15.0,30.2877685546875,3280517232.2563004
4873,-26.25,30.295263671875,1436339414.639502
4874,-22.5,30.295263671875,2009990568.1302583
4875,-18.75,30.295263671875,2647362571.5422463
4876,-15.0,30.295263671875,3284734574.9542346
4877,-26.25,30.3027587890625,1443671042.2051406
4878,-22.5,30.3027587890625,2017998463.3713243
4879,-18.75,30.3027587890625,2654761720.8310604
4880,-15.0,30.3027587890625,3291524978.290796
4881,-26.25,30.31025390625,1439358986.3234577
4882,-22.5,30.31025390625,2017082655.0166793
4883,-18.75,30.31025390625,2659907751.7905693
4884,-15.0,30.31025390625,3302732848.5644603
4885,-26.25,30.325244140625,1430734874.5600924
4886,-22.5,30.325244140625,2015251038.3073893
4887,-18.75,30.325244140625,2670199813.7095895
4888,-15.0,30.325244140625,3325148589.1117897
4889,-26.25,30.340234375,1422110762.7967253
4890,-22.5,30.340234375,2013419421.5980992
4891,-18.75,30.340234375,2680491875.6286116
4892,-15.0,30.340234375,3347564329.6591244
4893,-26.25,30.355224609375,1413486651.0333598
4894,-22.5,30.355224609375,2011587804.8888092
4895,-18.75,30.355224609375,2690783937.5476313
4896,-15.0,30.355224609375,3369980070.2064533
4897,-26.25,30.37021484375,1404862539.2699945
4898,-22.5,30.37021484375,2009756188.1795192
4899,-18.75,30.37021484375,2701075999.466651
4900,-15.0,30.37021484375,3392395810.7537823
4901,-26.25,30.385205078125,1396238427.506627
4902,-22.5,30.385205078125,2007924571.4702287
4903,-18.75,30.385205078125,2711368061.3856726
4904,-15.0,30.385205078125,3414811551.301117
4905,-26.25,30.4001953125,1387614315.7432618
4906,-22.5,30.4001953125,2006092954.760939
4907,-18.75,30.4001953125,2721660123.3046923
4908,-15.0,30.4001953125,3437227291.848446
4909,-26.25,30.41518554687499,1378990203.9799008
4910,-22.5,30.41518554687499,2004261338.0516498
4911,-18.75,30.41518554687499,2731952185.223707
4912,-15.0,30.41518554687499,3459643032.3957644
4913,-26.25,30.43017578125,1370366092.2165294
4914,-22.5,30.43017578125,2002429721.3423586
4915,-18.75,30.43017578125,2742244247.1427345
4916,-15.0,30.43017578125,3482058772.9431095
4917,-26.25,30.445166015625,1361741980.453164
4918,-22.5,30.445166015625,2000598104.6330686
4919,-18.75,30.445166015625,2752536309.0617533
4920,-15.0,30.445166015625,3504474513.4904385
4921,-26.25,30.46015625,1353117868.689797
4922,-22.5,30.46015625,1998766487.9237785
4923,-18.75,30.46015625,2762828370.980776
4924,-15.0,30.46015625,3526890254.037773
4925,-11.25,30.2278076171875,4191440507.755331
4926,-7.5,30.2278076171875,5136102524.837839
4927,-11.25,30.235302734375,4197519804.2181005
4928,-7.5,30.235302734375,5144043775.065443
4929,-3.75,30.2278076171875,5753863591.81731
4930,0.0,30.2278076171875,5717822758.590712
4931,-3.75,30.235302734375,5762360117.407106
4932,0.0,30.235302734375,5724261202.737408
4933,-11.25,30.2427978515625,4203599100.680871
4934,-7.5,30.2427978515625,5151985025.29305
4935,-11.25,30.25029296875,4209678397.1436415
4936,-7.5,30.25029296875,5159926275.520656
4937,-3.75,30.2427978515625,5770856642.996902
4938,0.0,30.2427978515625,5730699646.884104
4939,-3.75,30.25029296875,5779353168.586699
4940,0.0,30.25029296875,5737138091.0308
4941,-11.25,30.2577880859375,4215757693.606411
4942,-7.5,30.2577880859375,5167867525.7482605
4943,-11.25,30.265283203125,4221836990.0691843
4944,-7.5,30.265283203125,5175808775.975871
4945,-3.75,30.2577880859375,5787849694.176495
4946,0.0,30.2577880859375,5743576535.177495
4947,-3.75,30.265283203125,5796346219.7662945
4948,0.0,30.265283203125,5750014979.324194
4949,-11.25,30.2727783203125,4227916286.5319543
4950,-7.5,30.2727783203125,5183750026.203476
4951,-11.25,30.2802734375,4233995582.9947243
4952,-7.5,30.2802734375,5191691276.431082
4953,-3.75,30.2727783203125,5804842745.356091
4954,0.0,30.2727783203125,5756453423.470889
4955,-3.75,30.2802734375,5813339270.945886
4956,0.0,30.2802734375,5762891867.617585
4957,-11.25,30.2877685546875,4240074879.457494
4958,-7.5,30.2877685546875,5199632526.658688
4959,-11.25,30.295263671875,4246154175.920264
4960,-7.5,30.295263671875,5207573776.886293
4961,-3.75,30.2877685546875,5821835796.535683
4962,0.0,30.2877685546875,5769330311.76428
4963,-3.75,30.295263671875,5830332322.125479
4964,0.0,30.295263671875,5775768755.910976
4965,-11.25,30.3027587890625,4250166422.6045194
4966,-7.5,30.3027587890625,5208807866.918242
4967,-11.25,30.31025390625,4250629928.961053
4968,-7.5,30.31025390625,5198527009.357645
4969,-3.75,30.3027587890625,5830086014.715107
4970,0.0,30.3027587890625,5776637569.478254
4971,-3.75,30.31025390625,5814829887.817719
4972,0.0,30.31025390625,5767944362.404756
4973,-11.25,30.325244140625,4251556941.674121
4974,-7.5,30.325244140625,5177965294.236452
4975,-11.25,30.340234375,4252483954.3871894
4976,-7.5,30.340234375,5157403579.115255
4977,-3.75,30.325244140625,5784317634.022944
4978,0.0,30.325244140625,5750557948.257761
4979,-3.75,30.340234375,5753805380.228165
4980,0.0,30.340234375,5733171534.110762
4981,-11.25,30.355224609375,4253410967.1002574
4982,-7.5,30.355224609375,5136841863.9940605
4983,-11.25,30.37021484375,4254337979.813325
4984,-7.5,30.37021484375,5116280148.872868
4985,-3.75,30.355224609375,5723293126.433389
4986,0.0,30.355224609375,5715785119.963765
4987,-3.75,30.37021484375,5692780872.638614
4988,0.0,30.37021484375,5698398705.816769
4989,-11.25,30.385205078125,4255264992.526393
4990,-7.5,30.385205078125,5095718433.751669
4991,-11.25,30.4001953125,4256192005.239461
4992,-7.5,30.4001953125,5075156718.630476
4993,-3.75,30.385205078125,5662268618.843833
4994,0.0,30.385205078125,5681012291.669769
4995,-3.75,30.4001953125,5631756365.049057
4996,0.0,30.4001953125,5663625877.522775
4997,-11.25,30.41518554687499,4257119017.9525285
4998,-7.5,30.41518554687499,5054595003.509293
4999,-11.25,30.43017578125,4258046030.665597
5000,-7.5,30.43017578125,5034033288.388084
5001,-3.75,30.41518554687499,5601244111.254298
5002,0.0,30.41518554687499,5646239463.375788
5003,-3.75,30.43017578125,5570731857.459502
5004,0.0,30.43017578125,5628853049.228779
5005,-11.25,30.445166015625,4258973043.378665
5006,-7.5,30.445166015625,5013471573.2668915
5007,-11.25,30.46015625,4259900056.091733
5008,-7.5,30.46015625,4992909858.145693
5009,-3.75,30.445166015625,5540219603.664727
5010,0.0,30.445166015625,5611466635.081784
5011,-3.75,30.46015625,5509707349.8699465
5012,0.0,30.46015625,5594080220.934784
5013,-116.25,30.475146484375,0.0
5014,-120.0,30.475146484375,0.0
5015,-112.5,30.475146484375,0.0
5016,-108.75,30.475146484375,0.0
5017,-105.0,30.475146484375,0.0
5018,-101.25,30.475146484375,0.0
5019,-97.5,30.475146484375,0.0
5020,-93.75,30.475146484375,0.0
5021,-90.0,30.475146484375,0.0
5022,-116.25,30.49013671875,0.0
5023,-120.0,30.49013671875,0.0
5024,-112.5,30.49013671875,0.0
5025,-108.75,30.49013671875,0.0
5026,-105.0,30.49013671875,0.0
5027,-101.25,30.49013671875,0.0
5028,-97.5,30.49013671875,0.0
5029,-93.75,30.49013671875,0.0
5030,-90.0,30.49013671875,0.0
5031,-86.25,30.475146484375,0.0
5032,-82.5,30.475146484375,0.0
5033,-78.75,30.475146484375,0.0
5034,-75.0,30.475146484375,0.0
5035,-71.25,30.475146484375,763050.108911454
5036,-67.5,30.475146484375,1526100.217822908
5037,-63.75,30.475146484375,4963587.637549035
5038,-60.0,30.475146484375,13749949.678904511
5039,-86.25,30.49013671875,0.0
5040,-82.5,30.49013671875,0.0
5041,-78.75,30.49013671875,0.0
5042,-75.0,30.49013671875,0.0
5043,-71.25,30.49013671875,774209.9509164612
5044,-67.5,30.49013671875,1548419.9018329224
5045,-63.75,30.49013671875,4955420.818038898
5046,-60.0,30.49013671875,13628003.664823897
5047,-116.25,30.505126953125,0.0
5048,-120.0,30.505126953125,0.0
5049,-112.5,30.505126953125,0.0
5050,-108.75,30.505126953125,0.0
5051,-105.0,30.505126953125,0.0
5052,-101.25,30.505126953125,0.0
5053,-97.5,30.505126953125,0.0
5054,-93.75,30.505126953125,0.0
5055,-90.0,30.505126953125,0.0
5056,-116.25,30.5201171875,0.0
5057,-120.0,30.5201171875,0.0
5058,-112.5,30.5201171875,0.0
5059,-108.75,30.5201171875,0.0
5060,-105.0,30.5201171875,0.0
5061,-101.25,30.5201171875,0.0
5062,-97.5,30.5201171875,0.0
5063,-93.75,30.5201171875,0.0
5064,-90.0,30.5201171875,0.0
5065,-86.25,30.505126953125,0.0
5066,-82.5,30.505126953125,0.0
5067,-78.75,30.505126953125,0.0
5068,-75.0,30.505126953125,0.0
5069,-71.25,30.505126953125,885202.935253928
5070,-67.5,30.505126953125,1770405.870507856
5071,-63.75,30.505126953125,5272482.622122244
5072,-60.0,30.505126953125,14008307.006457556
5073,-86.25,30.5201171875,0.0
5074,-82.5,30.5201171875,0.0
5075,-78.75,30.5201171875,0.0
5076,-75.0,30.5201171875,0.0
5077,-71.25,30.5201171875,1188255.8696023892
5078,-67.5,30.5201171875,2376511.7392047783
5079,-63.75,30.5201171875,6215222.349690111
5080,-60.0,30.5201171875,15354842.441941334
5081,-116.25,30.535107421875,0.0
5082,-120.0,30.535107421875,0.0
5083,-112.5,30.535107421875,0.0
5084,-108.75,30.535107421875,0.0
5085,-105.0,30.535107421875,0.0
5086,-101.25,30.535107421875,0.0
5087,-97.5,30.535107421875,0.0
5088,-93.75,30.535107421875,0.0
5089,-90.0,30.535107421875,0.0
5090,-116.25,30.55009765625,0.0
5091,-120.0,30.55009765625,0.0
5092,-112.5,30.55009765625,0.0
5093,-108.75,30.55009765625,0.0
5094,-105.0,30.55009765625,0.0
5095,-101.25,30.55009765625,0.0
5096,-97.5,30.55009765625,0.0
5097,-93.75,30.55009765625,0.0
5098,-90.0,30.55009765625,0.0
5099,-86.25,30.535107421875,0.0
5100,-82.5,30.535107421875,0.0
5101,-78.75,30.535107421875,0.0
5102,-75.0,30.535107421875,0.0
5103,-71.25,30.535107421875,1491308.8039509216
5104,-67.5,30.535107421875,2982617.6079018433
5105,-63.75,30.535107421875,7157962.077258201
5106,-60.0,30.535107421875,16701377.877425432
5107,-86.25,30.55009765625,0.0
5108,-82.5,30.55009765625,0.0
5109,-78.75,30.55009765625,0.0
5110,-75.0,30.55009765625,0.0
5111,-71.25,30.55009765625,1794361.7382993829
5112,-67.5,30.55009765625,3588723.4765987657
5113,-63.75,30.55009765625,8100701.804826068
5114,-60.0,30.55009765625,18047913.312909212
5115,-116.25,30.565087890625,0.0
5116,-120.0,30.565087890625,0.0
5117,-112.5,30.565087890625,0.0
5118,-108.75,30.565087890625,0.0
5119,-105.0,30.565087890625,0.0
5120,-101.25,30.565087890625,0.0
5121,-97.5,30.565087890625,0.0
5122,-93.75,30.565087890625,0.0
5123,-90.0,30.565087890625,0.0
5124,-116.25,30.580078125,0.0
5125,-120.0,30.580078125,0.0
5126,-112.5,30.580078125,0.0
5127,-108.75,30.580078125,0.0
5128,-105.0,30.580078125,0.0
5129,-101.25,30.580078125,0.0
5130,-97.5,30.580078125,0.0
5131,-93.75,30.580078125,0.0
5132,-90.0,30.580078125,0.0
5133,-86.25,30.565087890625,0.0
5134,-82.5,30.565087890625,0.0
5135,-78.75,30.565087890625,0.0
5136,-75.0,30.565087890625,0.0
5137,-71.25,30.565087890625,2097414.672647916
5138,-67.5,30.565087890625,4194829.345295832
5139,-63.75,30.565087890625,9043441.53239416
5140,-60.0,30.565087890625,19394448.748393305
5141,-86.25,30.580078125,0.0
5142,-82.5,30.580078125,0.0
5143,-78.75,30.580078125,0.0
5144,-75.0,30.580078125,0.0
5145,-71.25,30.580078125,2400467.606996377
5146,-67.5,30.580078125,4800935.213992754
5147,-63.75,30.580078125,9986181.259962026
5148,-60.0,30.580078125,20740984.183877088
5149,-56.25,30.475146484375,22536311.720259987
5150,-52.5,30.475146484375,51829705.788295865
5151,-48.75,30.475146484375,91376615.86967197
5152,-45.0,30.475146484375,130923525.95104805
5153,-41.25,30.475146484375,231679170.50995576
5154,-37.5,30.475146484375,332434815.06886345
5155,-33.75,30.475146484375,534589317.93932045
5156,-30.0,30.475146484375,939541537.432876
5157,-56.25,30.49013671875,22300586.5116089
5158,-52.5,30.49013671875,52466233.6823681
5159,-48.75,30.49013671875,93378413.0151144
5160,-45.0,30.49013671875,134290592.3478607
5161,-41.25,30.49013671875,233935683.17929575
5162,-37.5,30.49013671875,333580774.0107308
5163,-33.75,30.49013671875,533704950.3647413
5164,-30.0,30.49013671875,934787297.7639028
5165,-56.25,30.505126953125,22744131.39079287
5166,-52.5,30.505126953125,53865204.440533794
5167,-48.75,30.505126953125,96178901.82297753
5168,-45.0,30.505126953125,138492599.20542127
5169,-41.25,30.505126953125,236179153.28737703
5170,-37.5,30.505126953125,333865707.3693329
5171,-33.75,30.505126953125,531493637.1874927
5172,-30.0,30.505126953125,929004318.4780604
5173,-56.25,30.5201171875,24494462.534192555
5174,-52.5,30.5201171875,56730970.042003214
5175,-48.75,30.5201171875,100515921.25759357
5176,-45.0,30.5201171875,144300872.47318396
5177,-41.25,30.5201171875,238397531.9918953
5178,-37.5,30.5201171875,332494191.51060665
5179,-33.75,30.5201171875,526729533.42225134
5180,-30.0,30.5201171875,921242240.1197629
5181,-56.25,30.535107421875,26244793.67759266
5182,-52.5,30.535107421875,59596735.6434733
5183,-48.75,30.535107421875,104852940.69221064
5184,-45.0,30.535107421875,150109145.740948
5185,-41.25,30.535107421875,240615910.69641393
5186,-37.5,30.535107421875,331122675.65187985
5187,-33.75,30.535107421875,521965429.6570087
5188,-30.0,30.535107421875,913480161.7614636
5189,-56.25,30.55009765625,27995124.82099235
5190,-52.5,30.55009765625,62462501.24494273
5191,-48.75,30.55009765625,109189960.1268267
5192,-45.0,30.55009765625,155917419.0087107
5193,-41.25,30.55009765625,242834289.40093207
5194,-37.5,30.55009765625,329751159.79315346
5195,-33.75,30.55009765625,517201325.8917674
5196,-30.0,30.55009765625,905718083.4031663
5197,-56.25,30.565087890625,29745455.964392453
5198,-52.5,30.565087890625,65328266.84641282
5199,-48.75,30.565087890625,113526979.5614438
5200,-45.0,30.565087890625,161725692.27647477
5201,-41.25,30.565087890625,245052668.10545075
5202,-37.5,30.565087890625,328379643.9344267
5203,-33.75,30.565087890625,512437222.12652487
5204,-30.0,30.565087890625,897956005.044867
5205,-56.25,30.580078125,31495787.107792147
5206,-52.5,30.580078125,68194032.44788224
5207,-48.75,30.580078125,117863998.99605983
5208,-45.0,30.580078125,167533965.54423743
5209,-41.25,30.580078125,247271046.80996892
5210,-37.5,30.580078125,327008128.0757004
5211,-33.75,30.580078125,507673118.3612834
5212,-30.0,30.580078125,890193926.6865697
5213,-26.25,30.475146484375,1344493756.9264317
5214,-22.5,30.475146484375,1996934871.2144885
5215,-18.75,30.475146484375,2773120432.8997955
5216,-15.0,30.475146484375,3549305994.5851026
5217,-26.25,30.49013671875,1335869645.1630642
5218,-22.5,30.49013671875,1995103254.5051978
5219,-18.75,30.49013671875,2783412494.818817
5220,-15.0,30.49013671875,3571721735.1324368
5221,-26.25,30.505126953125,1326514999.7686281
5222,-22.5,30.505126953125,1989016772.830532
5223,-18.75,30.505126953125,2784014091.7781043
5224,-15.0,30.505126953125,3579011410.7256765
5225,-26.25,30.5201171875,1315754946.8172748
5226,-22.5,30.5201171875,1974744741.4129546
5227,-18.75,30.5201171875,2765973079.957718
5228,-15.0,30.5201171875,3557201418.5024815
5229,-26.25,30.535107421875,1304994893.8659186
5230,-22.5,30.535107421875,1960472709.9953728
5231,-18.75,30.535107421875,2747932068.1373267
5232,-15.0,30.535107421875,3535391426.2792807
5233,-26.25,30.55009765625,1294234840.914565
5234,-22.5,30.55009765625,1946200678.577795
5235,-18.75,30.55009765625,2729891056.3169403
5236,-15.0,30.55009765625,3513581434.0560856
5237,-26.25,30.565087890625,1283474787.9632094
5238,-22.5,30.565087890625,1931928647.160214
5239,-18.75,30.565087890625,2711850044.49655
5240,-15.0,30.565087890625,3491771441.8328857
5241,-26.25,30.580078125,1272714735.011856
5242,-22.5,30.580078125,1917656615.742636
5243,-18.75,30.580078125,2693809032.676163
5244,-15.0,30.580078125,3469961449.6096907
5245,-11.25,30.475146484375,4260827068.804801
5246,-7.5,30.475146484375,4972348143.0245
5247,-11.25,30.49013671875,4261754081.517869
5248,-7.5,30.49013671875,4951786427.903301
5249,-3.75,30.475146484375,5479195096.0751705
5250,0.0,30.475146484375,5576693806.787788
5251,-3.75,30.49013671875,5448682842.28039
5252,0.0,30.49013671875,5559307392.640789
5253,-11.25,30.505126953125,4256537436.8047423
5254,-7.5,30.505126953125,4934063462.883808
5255,-11.25,30.5201171875,4239501565.424082
5256,-7.5,30.5201171875,4921801712.345681
5257,-3.75,30.505126953125,5425627330.039638
5258,0.0,30.505126953125,5545266879.348992
5259,-3.75,30.5201171875,5416917168.217098
5260,0.0,30.5201171875,5537663241.988147
5261,-11.25,30.535107421875,4222465694.043416
5262,-7.5,30.535107421875,4909539961.807552
5263,-11.25,30.55009765625,4205429822.6627555
5264,-7.5,30.55009765625,4897278211.269425
5265,-3.75,30.535107421875,5408207006.394556
5266,0.0,30.535107421875,5530059604.627298
5267,-3.75,30.55009765625,5399496844.572017
5268,0.0,30.55009765625,5522455967.266454
5269,-11.25,30.565087890625,4188393951.282091
5270,-7.5,30.565087890625,4885016460.731296
5271,-11.25,30.580078125,4171358079.90143
5272,-7.5,30.580078125,4872754710.193169
5273,-3.75,30.565087890625,5390786682.749476
5274,0.0,30.565087890625,5514852329.905606
5275,-3.75,30.580078125,5382076520.926936
5276,0.0,30.580078125,5507248692.544761
5277,-116.25,30.595068359375,0.0
5278,-120.0,30.595068359375,0.0
5279,-112.5,30.595068359375,0.0
5280,-108.75,30.595068359375,0.0
5281,-105.0,30.595068359375,0.0
5282,-101.25,30.595068359375,0.0
5283,-97.5,30.595068359375,0.0
5284,-93.75,30.595068359375,0.0
5285,-90.0,30.595068359375,0.0
5286,-116.25,30.61005859375,0.0
5287,-120.0,30.61005859375,0.0
5288,-112.5,30.61005859375,0.0
5289,-108.75,30.61005859375,0.0
5290,-105.0,30.61005859375,0.0
5291,-101.25,30.61005859375,0.0
5292,-97.5,30.61005859375,0.0
5293,-93.75,30.61005859375,0.0
5294,-90.0,30.61005859375,0.0
5295,-86.25,30.595068359375,0.0
5296,-82.5,30.595068359375,0.0
5297,-78.75,30.595068359375,0.0
5298,-75.0,30.595068359375,0.0
5299,-71.25,30.595068359375,2703520.5413448378
5300,-67.5,30.595068359375,5407041.0826896755
5301,-63.75,30.595068359375,10928920.98752989
5302,-60.0,30.595068359375,22087519.619360864
5303,-86.25,30.61005859375,0.0
5304,-82.5,30.61005859375,0.0
5305,-78.75,30.61005859375,0.0
5306,-75.0,30.61005859375,0.0
5307,-71.25,30.61005859375,3006573.475693371
5308,-67.5,30.61005859375,6013146.951386742
5309,-63.75,30.61005859375,11871660.715097982
5310,-60.0,30.61005859375,23434055.05484496
5311,-116.25,30.625048828125,0.0
5312,-120.0,30.625048828125,0.0
5313,-112.5,30.625048828125,0.0
5314,-108.75,30.625048828125,0.0
5315,-105.0,30.625048828125,0.0
5316,-101.25,30.625048828125,0.0
5317,-97.5,30.625048828125,0.0
5318,-93.75,30.625048828125,0.0
5319,-90.0,30.625048828125,0.0
5320,-116.25,30.6400390625,0.0
5321,-120.0,30.6400390625,0.0
5322,-112.5,30.6400390625,0.0
5323,-108.75,30.6400390625,0.0
5324,-105.0,30.6400390625,0.0
5325,-101.25,30.6400390625,0.0
5326,-97.5,30.6400390625,0.0
5327,-93.75,30.6400390625,0.0
5328,-90.0,30.6400390625,0.0
5329,-86.25,30.625048828125,0.0
5330,-82.5,30.625048828125,0.0
5331,-78.75,30.625048828125,0.0
5332,-75.0,30.625048828125,0.0
5333,-71.25,30.625048828125,3309626.410041832
5334,-67.5,30.625048828125,6619252.820083664
5335,-63.75,30.625048828125,12814400.442665849
5336,-60.0,30.625048828125,24780590.490328737
5337,-86.25,30.6400390625,0.0
5338,-82.5,30.6400390625,0.0
5339,-78.75,30.6400390625,0.0
5340,-75.0,30.6400390625,0.0
5341,-71.25,30.6400390625,3612679.3443903644
5342,-67.5,30.6400390625,7225358.688780729
5343,-63.75,30.6400390625,13757140.170233939
5344,-60.0,30.6400390625,26127125.925812837
5345,-56.25,30.595068359375,33246118.251191832
5346,-52.5,30.595068359375,71059798.04935165
5347,-48.75,30.595068359375,122201018.4306759
5348,-45.0,30.595068359375,173342238.8120001
5349,-41.25,30.595068359375,249489425.51448706
5350,-37.5,30.595068359375,325636612.216974
5351,-33.75,30.595068359375,502909014.596042
5352,-30.0,30.595068359375,882431848.3282723
5353,-56.25,30.61005859375,34996449.39459194
5354,-52.5,30.61005859375,73925563.65082175
5355,-48.75,30.61005859375,126538037.86529297
5356,-45.0,30.61005859375,179150512.0797642
5357,-41.25,30.61005859375,251707804.21900573
5358,-37.5,30.61005859375,324265096.3582473
5359,-33.75,30.61005859375,498144910.83079946
5360,-30.0,30.61005859375,874669769.969973
5361,-56.25,30.625048828125,36746780.53799163
5362,-52.5,30.625048828125,76791329.25229117
5363,-48.75,30.625048828125,130875057.29990901
5364,-45.0,30.625048828125,184958785.34752688
5365,-41.25,30.625048828125,253926182.9235239
5366,-37.5,30.625048828125,322893580.4995209
5367,-33.75,30.625048828125,493380807.0655581
5368,-30.0,30.625048828125,866907691.6116755
5369,-56.25,30.6400390625,38497111.68139173
5370,-52.5,30.6400390625,79657094.85376126
5371,-48.75,30.6400390625,135212076.7345261
5372,-45.0,30.6400390625,190767058.6152909
5373,-41.25,30.6400390625,256144561.62804258
5374,-37.5,30.6400390625,321522064.64079416
5375,-33.75,30.6400390625,488616703.3003155
5376,-30.0,30.6400390625,859145613.2533764
5377,-26.25,30.595068359375,1261954682.0605025
5378,-22.5,30.595068359375,1903384584.3250582
5379,-18.75,30.595068359375,2675768020.855777
5380,-15.0,30.595068359375,3448151457.3864956
5381,-26.25,30.61005859375,1251194629.1091466
5382,-22.5,30.61005859375,1889112552.9074771
5383,-18.75,30.61005859375,2657727009.035386
5384,-15.0,30.61005859375,3426341465.163295
5385,-26.25,30.625048828125,1240434576.157793
5386,-22.5,30.625048828125,1874840521.4898992
5387,-18.75,30.625048828125,2639685997.2149997
5388,-15.0,30.625048828125,3404531472.9400997
5389,-26.25,30.6400390625,1229674523.206437
5390,-22.5,30.6400390625,1860568490.0723178
5391,-18.75,30.6400390625,2621644985.3946085
5392,-15.0,30.6400390625,3382721480.7169
5393,-11.25,30.595068359375,4154322208.520768
5394,-7.5,30.595068359375,4860492959.655043
5395,-11.25,30.61005859375,4137286337.1401043
5396,-7.5,30.61005859375,4848231209.116913
5397,-3.75,30.595068359375,5373366359.104397
5398,0.0,30.595068359375,5499645055.183915
5399,-3.75,30.61005859375,5364656197.281856
5400,0.0,30.61005859375,5492041417.823069
5401,-11.25,30.625048828125,4120250465.759443
5402,-7.5,30.625048828125,4835969458.578786
5403,-11.25,30.6400390625,4103214594.3787775
5404,-7.5,30.6400390625,4823707708.040656
5405,-3.75,30.625048828125,5355946035.459316
5406,0.0,30.625048828125,5484437780.462222
5407,-3.75,30.6400390625,5347235873.636775
5408,0.0,30.6400390625,5476834143.101375
5409,-116.25,30.655029296875,0.0
5410,-120.0,30.655029296875,0.0
5411,-112.5,30.655029296875,0.0
5412,-108.75,30.655029296875,0.0
5413,-105.0,30.655029296875,0.0
5414,-101.25,30.655029296875,0.0
5415,-97.5,30.655029296875,0.0
5416,-93.75,30.655029296875,0.0
5417,-90.0,30.655029296875,0.0
5418,-116.25,30.67001953125,0.0
5419,-120.0,30.67001953125,0.0
5420,-112.5,30.67001953125,0.0
5421,-108.75,30.67001953125,0.0
5422,-105.0,30.67001953125,0.0
5423,-101.25,30.67001953125,0.0
5424,-97.5,30.67001953125,0.0
5425,-93.75,30.67001953125,0.0
5426,-90.0,30.67001953125,0.0
5427,-86.25,30.655029296875,0.0
5428,-82.5,30.655029296875,0.0
5429,-78.75,30.655029296875,0.0
5430,-75.0,30.655029296875,0.0
5431,-71.25,30.655029296875,3915732.278738826
5432,-67.5,30.655029296875,7831464.557477652
5433,-63.75,30.655029296875,14699879.897801805
5434,-60.0,30.655029296875,27473661.361296613
5435,-86.25,30.67001953125,0.0
5436,-82.5,30.67001953125,0.0
5437,-78.75,30.67001953125,0.0
5438,-75.0,30.67001953125,0.0
5439,-71.25,30.67001953125,4218785.213087287
5440,-67.5,30.67001953125,8437570.426174574
5441,-63.75,30.67001953125,15642619.625369672
5442,-60.0,30.67001953125,28820196.796780393
5443,-56.25,30.655029296875,40247442.824791424
5444,-52.5,30.655029296875,82522860.45523067
5445,-48.75,30.655029296875,139549096.16914216
5446,-45.0,30.655029296875,196575331.8830536
5447,-41.25,30.655029296875,258362940.33256072
5448,-37.5,30.655029296875,320150548.7820678
5449,-33.75,30.655029296875,483852599.5350742
5450,-30.0,30.655029296875,851383534.8950789
5451,-56.25,30.67001953125,41997773.96819111
5452,-52.5,30.67001953125,85388626.05670008
5453,-48.75,30.67001953125,143886115.6037582
5454,-45.0,30.67001953125,202383605.1508163
5455,-41.25,30.67001953125,260581319.03707886
5456,-37.5,30.67001953125,318779032.9233414
5457,-33.75,30.67001953125,479088495.76983273
5458,-30.0,30.67001953125,843621456.5367814
5459,-26.25,30.655029296875,1218914470.2550836
5460,-22.5,30.655029296875,1846296458.6547403
5461,-18.75,30.655029296875,2603603973.5742226
5462,-15.0,30.655029296875,3360911488.493705
5463,-26.25,30.67001953125,1208154417.3037302
5464,-22.5,30.67001953125,1832024427.237162
5465,-18.75,30.67001953125,2585562961.7538357
5466,-15.0,30.67001953125,3339101496.2705097
5467,-11.25,30.655029296875,4086178722.998117
5468,-7.5,30.655029296875,4811445957.502529
5469,-11.25,30.67001953125,4069142851.617456
5470,-7.5,30.67001953125,4799184206.964402
5471,-3.75,30.655029296875,5338525711.814236
5472,0.0,30.655029296875,5469230505.74053
5473,-3.75,30.67001953125,5329815549.991697
5474,0.0,30.67001953125,5461626868.3796835
5475,-116.25,30.685009765625,0.0
5476,-120.0,30.685009765625,0.0
5477,-112.5,30.685009765625,0.0
5478,-108.75,30.685009765625,0.0
5479,-105.0,30.685009765625,0.0
5480,-101.25,30.685009765625,0.0
5481,-97.5,30.685009765625,0.0
5482,-93.75,30.685009765625,0.0
5483,-90.0,30.685009765625,0.0
5484,-116.25,30.7,0.0
5485,-112.5,30.7,0.0
5486,-108.75,30.7,0.0
5487,-105.0,30.7,0.0
5488,-101.25,30.7,0.0
5489,-97.5,30.7,0.0
5490,-93.75,30.7,0.0
5491,-90.0,30.7,0.0
5492,-86.25,30.685009765625,0.0
5493,-82.5,30.685009765625,0.0
5494,-78.75,30.685009765625,0.0
5495,-75.0,30.685009765625,0.0
5496,-71.25,30.685009765625,4521838.14743582
5497,-67.5,30.685009765625,9043676.29487164
5498,-63.75,30.685009765625,16585359.352937762
5499,-60.0,30.685009765625,30166732.23226449
5500,-86.25,30.7,0.0
5501,-82.5,30.7,0.0
5502,-78.75,30.7,0.0
5503,-75.0,30.7,0.0
5504,-71.25,30.7,4824891.081784281
5505,-67.5,30.7,9649782.163568562
5506,-63.75,30.7,17528099.08050563
5507,-60.0,30.7,31513267.667748265
5508,-56.25,30.685009765625,43748105.11159121
5509,-52.5,30.685009765625,88254391.6581702
5510,-48.75,30.685009765625,148223135.0383753
5511,-45.0,30.685009765625,208191878.41858035
5512,-41.25,30.685009765625,262799697.74159753
5513,-37.5,30.685009765625,317407517.0646147
5514,-33.75,30.685009765625,474324392.0045903
5515,-30.0,30.685009765625,835859378.1784823
5516,-56.25,30.7,45498436.254990906
5517,-52.5,30.7,91120157.25963959
5518,-48.75,30.7,152560154.47299132
5519,-45.0,30.7,214000151.68634304
5520,-41.25,30.7,265018076.4461157
5521,-37.5,30.7,316036001.20588833
5522,-33.75,30.7,469560288.23934877
5523,-30.0,30.7,828097299.8201848
5524,-26.25,30.685009765625,1197394364.352374
5525,-22.5,30.685009765625,1817752395.8195808
5526,-18.75,30.685009765625,2567521949.933445
5527,-15.0,30.685009765625,3317291504.047309
5528,-26.25,30.7,1186634311.4010208
5529,-22.5,30.7,1803480364.402003
5530,-18.75,30.7,2549480938.1130586
5531,-15.0,30.7,3295481511.824114
5532,-11.25,30.685009765625,4052106980.2367907
5533,-7.5,30.685009765625,4786922456.426272
5534,-11.25,30.7,4035071108.8561296
5535,-7.5,30.7,4774660705.888145
5536,-3.75,30.685009765625,5321105388.169154
5537,0.0,30.685009765625,5454023231.018837
5538,-3.75,30.7,5312395226.346616
5539,0.0,30.7,5446419593.657991
5540,3.75,0.014990234375,0.0
5541,3.75,-0.0,0.0
5542,3.75,0.02998046875,0.0
5543,7.5,0.014990234375,0.0
5544,7.5,-0.0,0.0
5545,7.5,0.02998046875,0.0
5546,3.75,0.044970703125,0.0
5547,3.75,0.0599609375,0.0
5548,7.5,0.044970703125,0.0
5549,7.5,0.0599609375,0.0
5550,3.75,0.074951171875,0.0
5551,7.5,0.074951171875,0.0
5552,3.75,0.08994140625,0.0
5553,7.5,0.08994140625,0.0
5554,3.75,0.09743652343749999,0.0
5555,3.75,0.104931640625,188060681056.23547
5556,7.5,0.09743652343749999,0.0
5557,7.5,0.104931640625,145176923877.0062
5558,3.75,0.1124267578125,187116100562.7744
5559,3.75,0.119921875,186171520069.31335
5560,7.5,0.1124267578125,144348687639.2004
5561,7.5,0.119921875,143520451401.39468
5562,3.75,0.1274169921875,185226939575.8523
5563,3.75,0.134912109375,184282359082.3913
5564,7.5,0.1274169921875,142692215163.5889
5565,7.5,0.134912109375,141863978925.78314
5566,3.75,0.1424072265625,183337778588.93024
5567,3.75,0.14990234375,182393198095.46924
5568,7.5,0.1424072265625,141035742687.9774
5569,7.5,0.14990234375,140207506450.17163
5570,3.75,0.1573974609375,181448617602.00818
5571,3.75,0.164892578125,180504037108.54712
5572,7.5,0.1573974609375,139379270212.36588
5573,7.5,0.164892578125,138551033974.5601
5574,3.75,0.1723876953125,179559456615.08612
5575,3.75,0.1798828125,178614876121.62506
5576,7.5,0.1723876953125,137722797736.75433
5577,7.5,0.1798828125,136894561498.94856
5578,3.75,0.1873779296875,177670295628.16403
5579,3.75,0.194873046875,176725715134.703
5580,7.5,0.1873779296875,136066325261.14282
5581,7.5,0.194873046875,135238089023.33707
5582,3.75,0.2,176079585155.46252
5583,3.75,0.2023681640625,175781134641.24194
5584,3.75,0.20986328125,174836554147.7809
5585,7.5,0.2,134671543062.62302
5586,7.5,0.2023681640625,134409852785.53127
5587,7.5,0.20986328125,133581616547.72552
5588,3.75,0.2173583984375,173891973654.3199
5589,3.75,0.224853515625,172947393160.85883
5590,7.5,0.2173583984375,132753380309.91975
5591,7.5,0.224853515625,131925144072.11398
5592,3.75,0.2323486328125,172002812667.39777
5593,3.75,0.23984375,171058232173.93677
5594,7.5,0.2323486328125,131096907834.30821
5595,7.5,0.23984375,130268671596.50247
5596,3.75,0.2473388671875,170113651680.4757
5597,3.75,0.254833984375,169169071187.01468
5598,7.5,0.2473388671875,129440435358.6967
5599,7.5,0.254833984375,128612199120.89095
5600,3.75,0.2623291015625,168224490693.55365
5601,3.75,0.26982421875,167279910200.0926
5602,7.5,0.2623291015625,127783962883.08519
5603,7.5,0.26982421875,126955726645.27942
5604,3.75,0.2773193359375,166335329706.63156
5605,3.75,0.284814453125,165390749213.17053
5606,7.5,0.2773193359375,126127490407.47366
5607,7.5,0.284814453125,125299254169.6679
5608,3.75,0.2923095703125,164446168719.7095
5609,3.75,0.2998046875,163501588226.24844
5610,7.5,0.2923095703125,124471017931.86212
5611,7.5,0.2998046875,123642781694.05637
5612,3.75,0.3072998046875,163291975899.98996
5613,3.75,0.314794921875,163102028273.8573
5614,7.5,0.3072998046875,123469921433.78185
5615,7.5,0.314794921875,123314596316.71886
5616,3.75,0.32978515625,162722133021.59198
5617,7.5,0.32978515625,123003946082.5929
5618,3.75,0.359765625,161962342517.06134
5619,7.5,0.359765625,122382645614.34096
5620,3.75,0.4197265625,160442761508.00006
5621,7.5,0.4197265625,121140044677.83711
5622,3.75,0.4796875,158923180498.93878
5623,7.5,0.4796875,119897443741.33325
5624,3.75,0.599609375,154656449560.44006
5625,7.5,0.599609375,116687343948.2317
5626,3.75,0.71953125,150399238156.5557
5627,7.5,0.71953125,113525798678.0136
5628,3.75,0.959375,145094436539.1656
5629,7.5,0.959375,109701526430.54913
5630,3.75,1.4390625,134832351567.86511
5631,7.5,1.4390625,102228411624.52782
5632,3.75,1.91875,126878789693.55304
5633,7.5,1.91875,96143241784.86363
5634,3.75,2.3984375,118326912489.90665
5635,3.75,2.878125,114252514079.3315
5636,7.5,2.3984375,89986489642.71144
5637,7.5,2.878125,87374764983.7027
5638,3.75,3.3578125,106204910800.47502
5639,3.75,3.8375,101072069527.81714
5640,7.5,3.3578125,80816643677.87785
5641,7.5,3.8375,77194869368.4192
5642,3.75,4.3171875,93730402866.2355
5643,3.75,4.796875,89670983075.8139
5644,7.5,4.3171875,71404065932.66411
5645,7.5,4.796875,68739339885.16571
5646,3.75,5.2765625,85120247461.66747
5647,3.75,5.75625,78987256383.88553
5648,7.5,5.2765625,65208199190.56419
5649,7.5,5.75625,60681224584.81163
5650,3.75,6.235937499999999,76865390170.13503
5651,3.75,6.715624999999999,74525263808.04466
5652,7.5,6.235937499999999,59428824255.13855
5653,7.5,6.715624999999999,58018340932.08004
5654,3.75,7.1953125,69066449652.09378
5655,3.75,7.675,65196814790.12571
5656,7.5,7.1953125,53679883574.306206
5657,7.5,7.675,50773787274.16407
5658,11.25,0.014990234375,0.0
5659,11.25,-0.0,0.0
5660,11.25,0.02998046875,0.0
5661,15.0,0.014990234375,0.0
5662,15.0,-0.0,0.0
5663,15.0,0.02998046875,0.0
5664,11.25,0.044970703125,0.0
5665,11.25,0.0599609375,0.0
5666,15.0,0.044970703125,0.0
5667,15.0,0.0599609375,0.0
5668,11.25,0.074951171875,0.0
5669,15.0,0.074951171875,0.0
5670,11.25,0.08994140625,0.0
5671,15.0,0.08994140625,0.0
5672,11.25,0.09743652343749999,0.0
5673,11.25,0.104931640625,73594842847.40741
5674,15.0,0.09743652343749999,0.0
5675,15.0,0.104931640625,2012761817.808641
5676,11.25,0.1124267578125,73191023933.89542
5677,11.25,0.119921875,72787205020.3834
5678,15.0,0.1124267578125,2033360228.590393
5679,15.0,0.119921875,2053958639.3721452
5680,11.25,0.1274169921875,72383386106.8714
5681,11.25,0.134912109375,71979567193.35939
5682,15.0,0.1274169921875,2074557050.153897
5683,15.0,0.134912109375,2095155460.9356494
5684,11.25,0.1424072265625,71575748279.8474
5685,11.25,0.14990234375,71171929366.33539
5686,15.0,0.1424072265625,2115753871.717401
5687,15.0,0.14990234375,2136352282.4991536
5688,11.25,0.1573974609375,70768110452.82338
5689,11.25,0.164892578125,70364291539.31137
5690,15.0,0.1573974609375,2156950693.2809057
5691,15.0,0.164892578125,2177549104.0626574
5692,11.25,0.1723876953125,69960472625.79938
5693,11.25,0.1798828125,69556653712.28737
5694,15.0,0.1723876953125,2198147514.84441
5695,15.0,0.1798828125,2218745925.6261616
5696,11.25,0.1873779296875,69152834798.77536
5697,11.25,0.194873046875,68749015885.26337
5698,15.0,0.1873779296875,2239344336.4079137
5699,15.0,0.194873046875,2259942747.189666
5700,11.25,0.2,68472787963.968506
5701,11.25,0.2023681640625,68345196971.75135
5702,11.25,0.20986328125,67941378058.23935
5703,15.0,0.2,2274032865.3139915
5704,15.0,0.2023681640625,2280541157.971418
5705,15.0,0.20986328125,2301139568.75317
5706,11.25,0.2173583984375,67537559144.72734
5707,11.25,0.224853515625,67133740231.21534
5708,15.0,0.2173583984375,2321737979.534922
5709,15.0,0.224853515625,2342336390.316674
5710,11.25,0.2323486328125,66729921317.703316
5711,11.25,0.23984375,66326102404.19132
5712,15.0,0.2323486328125,2362934801.0984263
5713,15.0,0.23984375,2383533211.8801785
5714,11.25,0.2473388671875,65922283490.67932
5715,11.25,0.254833984375,65518464577.16731
5716,15.0,0.2473388671875,2404131622.6619306
5717,15.0,0.254833984375,2424730033.443682
5718,11.25,0.2623291015625,65114645663.655304
5719,11.25,0.26982421875,64710826750.1433
5720,15.0,0.2623291015625,2445328444.2254343
5721,15.0,0.26982421875,2465926855.0071864
5722,11.25,0.2773193359375,64307007836.6313
5723,11.25,0.284814453125,63903188923.11929
5724,15.0,0.2773193359375,2486525265.7889385
5725,15.0,0.284814453125,2507123676.57069
5726,11.25,0.2923095703125,63499370009.60729
5727,11.25,0.2998046875,63095551096.09528
5728,15.0,0.2923095703125,2527722087.3524427
5729,15.0,0.2998046875,2548320498.1341944
5730,11.25,0.3072998046875,63016603623.159836
5731,11.25,0.314794921875,62946348362.68128
5732,15.0,0.3072998046875,2563285812.537825
5733,15.0,0.314794921875,2578100408.643713
5734,11.25,0.32978515625,62805837841.72419
5735,15.0,0.32978515625,2607729600.8554897
5736,11.25,0.359765625,62524816799.810005
5737,15.0,0.359765625,2666987985.279042
5738,11.25,0.4197265625,61962774715.98163
5739,15.0,0.4197265625,2785504754.126147
5740,11.25,0.4796875,61400732632.15325
5741,15.0,0.4796875,2904021522.973252
5742,11.25,0.599609375,59750848893.20657
5743,15.0,0.599609375,2814353838.181442
5744,11.25,0.71953125,58122028762.02773
5745,15.0,0.71953125,2718258846.041865
5746,11.25,0.959375,56407650660.430244
5747,15.0,0.959375,3113774890.3113613
5748,11.25,1.4390625,52949718257.04908
5749,15.0,1.4390625,3671024889.5703516
5750,11.25,1.91875,49975457145.410484
5751,15.0,1.91875,3807672505.95734
5752,11.25,2.3984375,47124513044.462326
5753,11.25,2.878125,46116892950.208755
5754,15.0,2.3984375,4262536446.213208
5755,15.0,2.878125,4859020916.714815
5756,11.25,3.3578125,43038699055.38604
5757,11.25,3.8375,41153876481.55754
5758,15.0,3.3578125,5260754432.894223
5759,15.0,3.8375,5112883594.695872
5760,11.25,4.3171875,38267212968.33354
5761,11.25,4.796875,37415257831.57759
5762,15.0,4.3171875,5130360004.002999
5763,15.0,4.796875,6091175777.989464
5764,11.25,5.2765625,35600326345.49956
5765,11.25,5.75625,33657377914.10427
5766,15.0,5.2765625,5992453500.434918
5767,15.0,5.75625,6633531243.39691
5768,11.25,6.235937499999999,33062061782.84392
5769,11.25,6.715624999999999,32646041025.70789
5770,15.0,6.235937499999999,6695299310.5492935
5771,15.0,6.715624999999999,7273741119.335739
5772,11.25,7.1953125,30683544789.39215
5773,11.25,7.675,29483561458.177402
5774,15.0,7.1953125,7687206004.478096
5775,15.0,7.675,8193335642.190742
5776,3.75,8.1546875,62001780204.14746
5777,3.75,8.634375,58326379237.81357
5778,7.5,8.1546875,48486690125.393745
5779,7.5,8.634375,45360126257.19239
5780,3.75,9.1140625,55891339841.40088
5781,3.75,9.59375,53477259530.77542
5782,7.5,9.1140625,43892178881.586876
5783,7.5,9.59375,42016516487.52611
5784,3.75,10.0734375,52285425724.92604
5785,3.75,10.553125,48021974161.91168
5786,7.5,10.0734375,41511034926.29313
5787,7.5,10.553125,38088201655.55034
5788,3.75,11.0328125,45474783577.73388
5789,3.75,11.5125,41398861730.71212
5790,7.5,11.0328125,36187631237.4695
5791,7.5,11.5125,33044898307.645153
5792,3.75,11.9921875,40868539456.40047
5793,3.75,12.471875,38078318170.57536
5794,7.5,11.9921875,32663308525.21299
5795,7.5,12.471875,30546325992.590767
5796,3.75,12.9515625,36611006287.95792
5797,3.75,13.43125,34319701304.16629
5798,7.5,12.9515625,29304558982.22424
5799,7.5,13.43125,27671731895.69132
5800,3.75,13.9109375,31848221673.52297
5801,3.75,14.390625,30305674187.773876
5802,7.5,13.9109375,25769021696.102917
5803,7.5,14.390625,24532149061.779305
5804,3.75,14.8703125,28249944407.118423
5805,3.75,15.35,27199579874.99671
5806,7.5,14.8703125,23119045278.96322
5807,7.5,15.35,22494909410.81471
5808,11.25,8.1546875,28352313802.761597
5809,11.25,8.634375,26486498418.541943
5810,15.0,8.1546875,8217937480.129446
5811,15.0,8.634375,7612870579.891492
5812,11.25,9.1140625,26297535863.35703
5813,11.25,9.59375,25025652718.72509
5814,15.0,9.1140625,8702892845.127178
5815,15.0,9.59375,8034788949.924065
5816,11.25,10.0734375,25271435591.535324
5817,11.25,10.553125,23280693189.18793
5818,15.0,10.0734375,9031836256.777523
5819,15.0,10.553125,8473184722.825526
5820,11.25,11.0328125,22494693870.66499
5821,11.25,11.5125,20799528201.509514
5822,15.0,11.0328125,8801756503.860477
5823,15.0,11.5125,8554158095.373877
5824,11.25,11.9921875,20401418444.914722
5825,11.25,12.471875,19336970125.634773
5826,15.0,11.9921875,8139528364.616455
5827,15.0,12.471875,8127614258.678779
5828,11.25,12.9515625,18704576655.919666
5829,11.25,13.43125,17970230682.577793
5830,15.0,12.9515625,8104594329.615091
5831,15.0,13.43125,8268729469.46427
5832,11.25,13.9109375,16940037746.191713
5833,11.25,14.390625,16311885777.095913
5834,15.0,13.9109375,8111053796.280511
5835,15.0,14.390625,8091622492.412518
5836,11.25,14.8703125,15576286089.10773
5837,11.25,15.35,15553602826.593401
5838,15.0,14.8703125,8033526899.252243
5839,15.0,15.35,8612296242.372093
5840,18.75,0.014990234375,0.0
5841,18.75,-0.0,0.0
5842,18.75,0.02998046875,0.0
5843,22.5,0.014990234375,0.0
5844,22.5,-0.0,0.0
5845,22.5,0.02998046875,0.0
5846,18.75,0.044970703125,0.0
5847,18.75,0.0599609375,0.0
5848,22.5,0.044970703125,0.0
5849,22.5,0.0599609375,0.0
5850,18.75,0.074951171875,0.0
5851,22.5,0.074951171875,0.0
5852,18.75,0.08994140625,0.0
5853,22.5,0.08994140625,0.0
5854,18.75,0.09743652343749999,0.0
5855,18.75,0.104931640625,1425276104.113733
5856,22.5,0.09743652343749999,0.0
5857,22.5,0.104931640625,837790390.4188255
5858,18.75,0.1124267578125,1438321837.7040453
5859,18.75,0.119921875,1451367571.2943578
5860,22.5,0.1124267578125,843283446.8176979
5861,22.5,0.119921875,848776503.2165703
5862,18.75,0.1274169921875,1464413304.8846698
5863,18.75,0.134912109375,1477459038.474982
5864,22.5,0.1274169921875,854269559.6154425
5865,22.5,0.134912109375,859762616.014315
5866,18.75,0.1424072265625,1490504772.0652943
5867,18.75,0.14990234375,1503550505.6556067
5868,22.5,0.1424072265625,865255672.4131871
5869,22.5,0.14990234375,870748728.8120596
5870,18.75,0.1573974609375,1516596239.245919
5871,18.75,0.164892578125,1529641972.8362308
5872,22.5,0.1573974609375,876241785.210932
5873,22.5,0.164892578125,881734841.6098043
5874,18.75,0.1723876953125,1542687706.4265432
5875,18.75,0.1798828125,1555733440.0168552
5876,22.5,0.1723876953125,887227898.0086768
5877,22.5,0.1798828125,892720954.4075489
5878,18.75,0.1873779296875,1568779173.6071677
5879,18.75,0.194873046875,1581824907.19748
5880,22.5,0.1873779296875,898214010.8064213
5881,22.5,0.194873046875,903707067.2052938
5882,18.75,0.2,1590748698.9042082
5883,18.75,0.2023681640625,1594870640.787792
5884,18.75,0.20986328125,1607916374.3781044
5885,22.5,0.2,907464532.4944246
5886,22.5,0.2023681640625,909200123.6041659
5887,22.5,0.20986328125,914693180.0030385
5888,18.75,0.2173583984375,1620962107.9684165
5889,18.75,0.224853515625,1634007841.5587285
5890,22.5,0.2173583984375,920186236.4019108
5891,22.5,0.224853515625,925679292.8007832
5892,18.75,0.2323486328125,1647053575.1490407
5893,18.75,0.23984375,1660099308.739353
5894,22.5,0.2323486328125,931172349.1996555
5895,22.5,0.23984375,936665405.5985277
5896,18.75,0.2473388671875,1673145042.3296652
5897,18.75,0.254833984375,1686190775.9199774
5898,22.5,0.2473388671875,942158461.9974
5899,22.5,0.254833984375,947651518.3962724
5900,18.75,0.2623291015625,1699236509.5102894
5901,18.75,0.26982421875,1712282243.100602
5902,22.5,0.2623291015625,953144574.7951448
5903,22.5,0.26982421875,958637631.194017
5904,18.75,0.2773193359375,1725327976.6909144
5905,18.75,0.284814453125,1738373710.281226
5906,22.5,0.2773193359375,964130687.5928895
5907,22.5,0.284814453125,969623743.9917617
5908,18.75,0.2923095703125,1751419443.8715384
5909,18.75,0.2998046875,1764465177.4618504
5910,22.5,0.2923095703125,975116800.3906342
5911,22.5,0.2998046875,980609856.7895064
5912,18.75,0.3072998046875,1777486716.126995
5913,18.75,0.314794921875,1790507607.4362822
5914,22.5,0.3072998046875,991687619.7161648
5915,22.5,0.314794921875,1002914806.2288508
5916,18.75,0.32978515625,1816549390.054856
5917,22.5,0.32978515625,1025369179.254223
5918,18.75,0.359765625,1868632955.2920046
5919,22.5,0.359765625,1070277925.3049673
5920,18.75,0.4197265625,1972800085.7663014
5921,22.5,0.4197265625,1160095417.406456
5922,18.75,0.4796875,2076967216.2405982
5923,22.5,0.4796875,1249912909.5079446
5924,18.75,0.599609375,2018839653.0880654
5925,22.5,0.599609375,1223325467.9946887
5926,18.75,0.71953125,1953395992.051813
5927,22.5,0.71953125,1188533138.061761
5928,18.75,0.959375,2288109771.0225616
5929,22.5,0.959375,1462444651.7337623
5930,18.75,1.4390625,2608992796.815219
5931,22.5,1.4390625,1546960704.0600865
5932,18.75,1.91875,2704932642.961738
5933,22.5,1.91875,1602192779.9661381
5934,18.75,2.3984375,3022930072.0197678
5935,18.75,2.878125,3511978369.126902
5936,22.5,2.3984375,1783323697.8263268
5937,22.5,2.878125,2164935821.5389886
5938,18.75,3.3578125,3791795620.6310554
5939,18.75,3.8375,3591979760.341612
5940,22.5,3.3578125,2322836808.367887
5941,22.5,3.8375,2071075925.9873524
5942,18.75,4.3171875,3692483202.193307
5943,18.75,4.796875,4404543603.221831
5944,22.5,4.3171875,2254606400.383614
5945,22.5,4.796875,2717911428.454199
5946,18.75,5.2765625,4297471793.013816
5947,18.75,5.75625,4661536005.872081
5948,22.5,5.2765625,2602490085.592712
5949,22.5,5.75625,2689540768.3472524
5950,18.75,6.235937499999999,4624692120.618223
5951,18.75,6.715624999999999,5003470796.670616
5952,22.5,6.235937499999999,2554084930.6871543
5953,22.5,6.715624999999999,2733200474.0054927
5954,18.75,7.1953125,5317905268.173364
5955,18.75,7.675,5579784900.89162
5956,22.5,7.1953125,2948604531.86863
5957,22.5,7.675,2966234159.592496
5958,26.25,0.014990234375,0.0
5959,26.25,-0.0,0.0
5960,26.25,0.02998046875,0.0
5961,30.0,0.014990234375,0.0
5962,30.0,-0.0,0.0
5963,30.0,0.02998046875,0.0
5964,26.25,0.044970703125,0.0
5965,26.25,0.0599609375,0.0
5966,30.0,0.044970703125,0.0
5967,30.0,0.0599609375,0.0
5968,26.25,0.074951171875,0.0
5969,30.0,0.074951171875,0.0
5970,26.25,0.08994140625,0.0
5971,30.0,0.08994140625,0.0
5972,26.25,0.09743652343749999,0.0
5973,26.25,0.104931640625,401363186.2128627
5974,30.0,0.09743652343749999,0.0
5975,30.0,0.104931640625,267053000.9847895
5976,26.25,0.1124267578125,401750577.09082013
5977,26.25,0.119921875,402137967.9687777
5978,30.0,0.1124267578125,267228749.6828822
5979,30.0,0.119921875,267404498.38097486
5980,26.25,0.1274169921875,402525358.8467351
5981,26.25,0.134912109375,402912749.7246927
5982,30.0,0.1274169921875,267580247.07906756
5983,30.0,0.134912109375,267755995.77716026
5984,26.25,0.1424072265625,403300140.60265017
5985,26.25,0.14990234375,403687531.4806077
5986,30.0,0.1424072265625,267931744.47525293
5987,30.0,0.14990234375,268107493.17334566
5988,26.25,0.1573974609375,404074922.3585652
5989,26.25,0.164892578125,404462313.2365227
5990,30.0,0.1573974609375,268283241.87143835
5991,30.0,0.164892578125,268458990.569531
5992,26.25,0.1723876953125,404849704.1144802
5993,26.25,0.1798828125,405237094.99243766
5994,30.0,0.1723876953125,268634739.2676238
5995,30.0,0.1798828125,268810487.9657164
5996,26.25,0.1873779296875,405624485.87039524
5997,26.25,0.194873046875,406011876.74835277
5998,30.0,0.1873779296875,268986236.6638091
5999,30.0,0.194873046875,269161985.3619018
6000,26.25,0.2,406276867.2511901
6001,26.25,0.2023681640625,406399267.6263102
6002,26.25,0.20986328125,406786658.5042677
6003,30.0,0.2,269282204.3410532
6004,30.0,0.2023681640625,269337734.0599946
6005,30.0,0.20986328125,269513482.7580872
6006,26.25,0.2173583984375,407174049.3822253
6007,26.25,0.224853515625,407561440.26018274
6008,30.0,0.2173583984375,269689231.4561799
6009,30.0,0.224853515625,269864980.1542726
6010,26.25,0.2323486328125,407948831.1381402
6011,26.25,0.23984375,408336222.0160977
6012,30.0,0.2323486328125,270040728.8523653
6013,30.0,0.23984375,270216477.550458
6014,26.25,0.2473388671875,408723612.8940552
6015,26.25,0.254833984375,409111003.7720127
6016,30.0,0.2473388671875,270392226.2485507
6017,30.0,0.254833984375,270567974.9466434
6018,26.25,0.2623291015625,409498394.64997023
6019,26.25,0.26982421875,409885785.5279277
6020,30.0,0.2623291015625,270743723.6447361
6021,30.0,0.26982421875,270919472.3428288
6022,26.25,0.2773193359375,410273176.4058852
6023,26.25,0.284814453125,410660567.28384274
6024,30.0,0.2773193359375,271095221.04092145
6025,30.0,0.284814453125,271270969.7390142
6026,26.25,0.2923095703125,411047958.1618002
6027,26.25,0.2998046875,411435349.03975767
6028,30.0,0.2923095703125,271446718.4371069
6029,30.0,0.2998046875,271622467.1351996
6030,26.25,0.3072998046875,420091499.9430223
6031,26.25,0.314794921875,428968888.5727165
6032,30.0,0.3072998046875,276901333.44525486
6033,30.0,0.314794921875,282316738.01917535
6034,26.25,0.32978515625,446723665.8321047
6035,30.0,0.32978515625,293147547.1670163
6036,26.25,0.359765625,482233220.35088134
6037,30.0,0.359765625,314809165.4626983
6038,26.25,0.4197265625,553252329.3884346
6039,30.0,0.4197265625,358132402.0540622
6040,26.25,0.4796875,624271438.4259881
6041,30.0,0.4796875,401455638.64542615
6042,26.25,0.599609375,620905997.7473066
6043,30.0,0.599609375,404675957.19191283
6044,26.25,0.71953125,609738561.8918542
6045,30.0,0.71953125,403080541.3622381
6046,26.25,0.959375,816059705.9238391
6047,30.0,0.959375,528235107.0716691
6048,26.25,1.4390625,753748193.7209767
6049,30.0,1.4390625,498174848.213913
6050,26.25,1.91875,785896728.9687097
6051,30.0,1.91875,542488301.9676265
6052,26.25,2.3984375,866889405.2978802
6053,26.25,2.878125,1142774303.6727064
6054,30.0,2.3984375,596799276.0994221
6055,30.0,2.878125,770374845.2496864
6056,26.25,3.3578125,1218178733.7944257
6057,26.25,3.8375,950449220.6803015
6058,30.0,3.3578125,842122134.6003774
6059,30.0,3.8375,630376773.4676692
6060,26.25,4.3171875,1180010575.1071796
6061,26.25,4.796875,1441333726.6848192
6062,30.0,4.3171875,831976702.8972614
6063,30.0,4.796875,984864970.9119451
6064,26.25,5.2765625,1331884392.2463012
6065,26.25,5.75625,1228325830.9055088
6066,30.0,5.2765625,910030727.0492747
6067,30.0,5.75625,788671493.6299354
6068,26.25,6.235937499999999,1056315636.2737741
6069,26.25,6.715624999999999,1126163232.360885
6070,30.0,6.235937499999999,704222132.8957732
6071,30.0,6.715624999999999,845592152.757308
6072,26.25,7.1953125,1235964237.5318077
6073,26.25,7.675,1113910577.7783494
6074,30.0,7.1953125,836644827.1308067
6075,30.0,7.675,784041314.9341542
6076,18.75,8.1546875,5645513031.951837
6077,18.75,8.634375,5315294310.620938
6078,22.5,8.1546875,3073088583.774226
6079,22.5,8.634375,3017718041.350384
6080,18.75,9.1140625,5993880765.815421
6081,18.75,9.59375,5560703903.582037
6082,22.5,9.1140625,3284868686.5036645
6083,22.5,9.59375,3086618857.2400084
6084,18.75,10.0734375,6287189347.792585
6085,18.75,10.553125,5992866170.874317
6086,22.5,10.0734375,3542542438.8076468
6087,22.5,10.553125,3512547618.9231076
6088,18.75,11.0328125,6271588370.570572
6089,18.75,11.5125,6077270462.073902
6090,22.5,11.0328125,3741420237.2806654
6091,22.5,11.5125,3600382828.7739267
6092,18.75,11.9921875,5897598918.348989
6093,18.75,12.471875,5913450007.1050415
6094,22.5,11.9921875,3655669472.081523
6095,22.5,12.471875,3699285755.5313044
6096,18.75,12.9515625,5786442303.72918
6097,18.75,13.43125,6048168733.718816
6098,22.5,12.9515625,3468290277.843269
6099,22.5,13.43125,3827607997.973361
6100,18.75,13.9109375,5878004969.125258
6101,18.75,14.390625,5739018726.277515
6102,22.5,13.9109375,3644956141.9700055
6103,22.5,14.390625,3386414960.142514
6104,18.75,14.8703125,5703363305.690706
6105,18.75,15.35,6174013057.545361
6106,22.5,14.8703125,3373199712.1291676
6107,22.5,15.35,3735729872.718627
6108,26.25,8.1546875,1234951536.6106505
6109,26.25,8.634375,1358323281.0187914
6110,30.0,8.1546875,865389291.4751432
6111,30.0,8.634375,975291538.5651201
6112,26.25,9.1140625,1356972613.2389238
6113,26.25,9.59375,1302390124.2911084
6114,30.0,9.1140625,991308552.0682154
6115,30.0,9.59375,897874018.1284637
6116,26.25,10.0734375,1538003179.3224428
6117,26.25,10.553125,1685994260.6535742
6118,30.0,10.0734375,1013679218.8367052
6119,30.0,10.553125,1166971289.7473922
6120,26.25,11.0328125,1856280569.3776417
6121,26.25,11.5125,1758027116.1158388
6122,30.0,11.0328125,1261197832.2483845
6123,30.0,11.5125,1184735244.7415252
6124,26.25,11.9921875,1954837163.3107944
6125,26.25,12.471875,1989887605.0738518
6126,30.0,11.9921875,1336199129.53354
6127,30.0,12.471875,1290021656.8489695
6128,26.25,12.9515625,1743032624.4582675
6129,26.25,13.43125,2116167010.8853812
6130,30.0,12.9515625,1203563716.0750864
6131,30.0,13.43125,1422965521.112353
6132,26.25,13.9109375,1955639155.3341498
6133,26.25,14.390625,1642678447.6173918
6134,30.0,13.9109375,1353785849.737087
6135,30.0,14.390625,1116676442.3120294
6136,26.25,14.8703125,1654271320.8001566
6137,26.25,15.35,1902858126.3216743
6138,30.0,14.8703125,1157813333.9362004
6139,30.0,15.35,1280809256.784283
6140,33.75,0.014990234375,0.0
6141,33.75,-0.0,0.0
6142,33.75,0.02998046875,0.0
6143,37.5,0.014990234375,0.0
6144,37.5,-0.0,0.0
6145,37.5,0.02998046875,0.0
6146,33.75,0.044970703125,0.0
6147,33.75,0.0599609375,0.0
6148,37.5,0.044970703125,0.0
6149,37.5,0.0599609375,0.0
6150,33.75,0.074951171875,0.0
6151,37.5,0.074951171875,0.0
6152,33.75,0.08994140625,0.0
6153,37.5,0.08994140625,0.0
6154,33.75,0.09743652343749999,0.0
6155,33.75,0.104931640625,132742815.75671625
6156,37.5,0.09743652343749999,0.0
6157,37.5,0.104931640625,68880745.71888478
6158,33.75,0.1124267578125,132706922.27494414
6159,33.75,0.119921875,132671028.79317202
6160,37.5,0.1124267578125,68880816.7331705
6161,37.5,0.119921875,68880887.74745621
6162,33.75,0.1274169921875,132635135.31139992
6163,33.75,0.134912109375,132599241.82962784
6164,37.5,0.1274169921875,68880958.76174194
6165,37.5,0.134912109375,68881029.77602766
6166,33.75,0.1424072265625,132563348.34785572
6167,33.75,0.14990234375,132527454.8660836
6168,37.5,0.1424072265625,68881100.79031336
6169,37.5,0.14990234375,68881171.8045991
6170,33.75,0.1573974609375,132491561.38431151
6171,33.75,0.164892578125,132455667.90253939
6172,37.5,0.1573974609375,68881242.81888483
6173,37.5,0.164892578125,68881313.83317053
6174,33.75,0.1723876953125,132419774.42076728
6175,33.75,0.1798828125,132383880.93899517
6176,37.5,0.1723876953125,68881384.84745626
6177,37.5,0.1798828125,68881455.86174197
6178,33.75,0.1873779296875,132347987.45722307
6179,33.75,0.194873046875,132312093.975451
6180,37.5,0.1873779296875,68881526.8760277
6181,37.5,0.194873046875,68881597.89031342
6182,33.75,0.2,132287541.43091631
6183,33.75,0.2023681640625,132276200.49367887
6184,33.75,0.20986328125,132240307.01190674
6185,37.5,0.2,68881646.46686065
6186,37.5,0.2023681640625,68881668.90459913
6187,37.5,0.20986328125,68881739.91888486
6188,33.75,0.2173583984375,132204413.53013465
6189,33.75,0.224853515625,132168520.04836255
6190,37.5,0.2173583984375,68881810.93317057
6191,37.5,0.224853515625,68881881.9474563
6192,33.75,0.2323486328125,132132626.56659043
6193,33.75,0.23984375,132096733.08481832
6194,37.5,0.2323486328125,68881952.96174201
6195,37.5,0.23984375,68882023.97602773
6196,33.75,0.2473388671875,132060839.60304622
6197,33.75,0.254833984375,132024946.1212741
6198,37.5,0.2473388671875,68882094.99031346
6199,37.5,0.254833984375,68882166.00459917
6200,33.75,0.2623291015625,131989052.639502
6201,33.75,0.26982421875,131953159.1577299
6202,37.5,0.2623291015625,68882237.01888488
6203,37.5,0.26982421875,68882308.03317061
6204,33.75,0.2773193359375,131917265.6759578
6205,33.75,0.284814453125,131881372.19418567
6206,37.5,0.2773193359375,68882379.04745632
6207,37.5,0.284814453125,68882450.06174204
6208,33.75,0.2923095703125,131845478.71241358
6209,33.75,0.2998046875,131809585.23064147
6210,37.5,0.2923095703125,68882521.07602777
6211,37.5,0.2998046875,68882592.0903135
6212,33.75,0.3072998046875,133711166.94748747
6213,33.75,0.314794921875,135664587.4656343
6214,37.5,0.3072998046875,69903483.41678753
6215,37.5,0.314794921875,70951687.66131344
6216,33.75,0.32978515625,139571428.5019279
6217,37.5,0.32978515625,73048096.1503653
6218,33.75,0.359765625,147385110.57451513
6219,37.5,0.359765625,77240913.12846895
6220,33.75,0.4197265625,163012474.7196897
6221,37.5,0.4197265625,85626547.08467631
6222,33.75,0.4796875,178639838.8648642
6223,37.5,0.4796875,94012181.04088365
6224,33.75,0.599609375,188445916.6365191
6225,37.5,0.599609375,99629710.53793903
6226,33.75,0.71953125,196422520.83262202
6227,37.5,0.71953125,103400840.3603213
6228,33.75,0.959375,240410508.21949902
6229,37.5,0.959375,116710845.60515784
6230,33.75,1.4390625,242601502.70684934
6231,37.5,1.4390625,135535608.3558329
6232,33.75,1.91875,299079874.9665434
6233,37.5,1.91875,170568700.1717302
6234,33.75,2.3984375,326709146.900964
6235,33.75,2.878125,397975386.8266665
6236,37.5,2.3984375,198657403.71597755
6237,37.5,2.878125,232146967.48468015
6238,33.75,3.3578125,466065535.40632933
6239,33.75,3.8375,310304326.25503707
6240,37.5,3.3578125,268205121.08198568
6241,37.5,3.8375,166162409.81499484
6242,33.75,4.3171875,483942830.68734306
6243,33.75,4.796875,528396215.13907105
6244,37.5,4.3171875,292358353.84788936
6245,37.5,4.796875,295950704.0216545
6246,33.75,5.2765625,488177061.852248
6247,33.75,5.75625,349017156.35436183
6248,37.5,5.2765625,269737160.1600654
6249,37.5,5.75625,164021480.1507275
6250,33.75,6.235937499999999,352128629.5177722
6251,33.75,6.715624999999999,565021073.1537309
6252,37.5,6.235937499999999,198470096.71124363
6253,37.5,6.715624999999999,362290563.21418464
6254,33.75,7.1953125,437325416.7298058
6255,33.75,7.675,454172052.0899591
6256,37.5,7.1953125,244411352.99425963
6257,37.5,7.675,275018266.0728997
6258,41.25,0.014990234375,0.0
6259,41.25,-0.0,0.0
6260,41.25,0.02998046875,0.0
6261,45.0,0.014990234375,0.0
6262,45.0,-0.0,0.0
6263,45.0,0.02998046875,0.0
6264,41.25,0.044970703125,0.0
6265,41.25,0.0599609375,0.0
6266,45.0,0.044970703125,0.0
6267,45.0,0.0599609375,0.0
6268,41.25,0.074951171875,0.0
6269,45.0,0.074951171875,0.0
6270,41.25,0.08994140625,0.0
6271,45.0,0.08994140625,0.0
6272,41.25,0.09743652343749999,0.0
6273,41.25,0.104931640625,40242733.276174195
6274,45.0,0.09743652343749999,0.0
6275,45.0,0.104931640625,11604720.8334636
6276,41.25,0.1124267578125,40402572.12447905
6277,41.25,0.119921875,40562410.97278391
6278,45.0,0.1124267578125,11924327.515787601
6279,45.0,0.119921875,12243934.198111603
6280,41.25,0.1274169921875,40722249.82108877
6281,41.25,0.134912109375,40882088.66939364
6282,45.0,0.1274169921875,12563540.880435605
6283,45.0,0.134912109375,12883147.562759608
6284,41.25,0.1424072265625,41041927.5176985
6285,41.25,0.14990234375,41201766.36600336
6286,45.0,0.1424072265625,13202754.245083608
6287,45.0,0.14990234375,13522360.927407611
6288,41.25,0.1573974609375,41361605.21430822
6289,41.25,0.164892578125,41521444.06261308
6290,45.0,0.1573974609375,13841967.609731615
6291,45.0,0.164892578125,14161574.292055614
6292,41.25,0.1723876953125,41681282.91091794
6293,41.25,0.1798828125,41841121.75922279
6294,45.0,0.1723876953125,14481180.974379618
6295,45.0,0.1798828125,14800787.656703617
6296,41.25,0.1873779296875,42000960.60752766
6297,41.25,0.194873046875,42160799.455832526
6298,45.0,0.1873779296875,15120394.33902762
6299,45.0,0.194873046875,15440001.021351626
6300,41.25,0.2,42270135.47584562
6301,41.25,0.2023681640625,42320638.30413738
6302,41.25,0.20986328125,42480477.15244224
6303,45.0,0.2,15658624.484830584
6304,45.0,0.2023681640625,15759607.703675628
6305,45.0,0.20986328125,16079214.38599963
6306,41.25,0.2173583984375,42640316.0007471
6307,41.25,0.224853515625,42800154.84905197
6308,45.0,0.2173583984375,16398821.06832363
6309,45.0,0.224853515625,16718427.750647632
6310,41.25,0.2323486328125,42959993.69735682
6311,41.25,0.23984375,43119832.54566168
6312,45.0,0.2323486328125,17038034.432971634
6313,45.0,0.23984375,17357641.115295637
6314,41.25,0.2473388671875,43279671.39396654
6315,41.25,0.254833984375,43439510.24227141
6316,45.0,0.2473388671875,17677247.79761964
6317,45.0,0.254833984375,17996854.47994364
6318,41.25,0.2623291015625,43599349.09057626
6319,41.25,0.26982421875,43759187.93888113
6320,45.0,0.2623291015625,18316461.162267644
6321,45.0,0.26982421875,18636067.844591647
6322,41.25,0.2773193359375,43919026.78718599
6323,41.25,0.284814453125,44078865.63549084
6324,45.0,0.2773193359375,18955674.526915647
6325,45.0,0.284814453125,19275281.209239647
6326,41.25,0.2923095703125,44238704.48379571
6327,41.25,0.2998046875,44398543.33210057
6328,45.0,0.2923095703125,19594887.89156365
6329,45.0,0.2998046875,19914494.573887654
6330,41.25,0.3072998046875,45787041.36962136
6331,41.25,0.314794921875,47208413.23160276
6332,45.0,0.3072998046875,21670599.322455168
6333,45.0,0.314794921875,23465138.80189207
6334,41.25,0.32978515625,50051156.95556558
6335,45.0,0.32978515625,27054217.760765865
6336,41.25,0.359765625,55736644.40349121
6337,45.0,0.359765625,34232375.67851346
6338,41.25,0.4197265625,67107619.29934249
6339,45.0,0.4197265625,48588691.51400867
6340,41.25,0.4796875,78478594.19519377
6341,45.0,0.4796875,62945007.34950387
6342,41.25,0.599609375,74520421.66776583
6343,45.0,0.599609375,49411132.7975926
6344,41.25,0.71953125,67197329.91667826
6345,45.0,0.71953125,30993819.473035224
6346,41.25,0.959375,75073651.10973111
6347,45.0,0.959375,33436456.61430441
6348,41.25,1.4390625,102723439.58284009
6349,45.0,1.4390625,69911270.80984727
6350,41.25,1.91875,99506151.48005204
6351,45.0,1.91875,28443602.788373902
6352,41.25,2.3984375,141624853.53772685
6353,41.25,2.878125,169604067.6832107
6354,45.0,2.3984375,84592303.35947613
6355,45.0,2.878125,107061167.88174126
6356,41.25,3.3578125,159442799.19249445
6357,41.25,3.8375,109985758.76124763
6358,45.0,3.3578125,50680477.30300321
6359,45.0,3.8375,53809107.70750045
6360,41.25,4.3171875,178998574.69366783
6361,41.25,4.796875,175516815.23196673
6362,45.0,4.3171875,65638795.53944635
6363,45.0,4.796875,55082926.442279
6364,41.25,5.2765625,153004140.2203049
6365,41.25,5.75625,106355134.48306267
6366,45.0,5.2765625,36271120.280544385
6367,45.0,5.75625,48688788.81539785
6368,41.25,6.235937499999999,144029049.19045135
6369,41.25,6.715624999999999,198480338.10665375
6370,45.0,6.235937499999999,89588001.66965903
6371,45.0,6.715624999999999,34670112.9991228
6372,41.25,7.1953125,154699962.5914408
6373,41.25,7.675,171222218.46940815
6374,45.0,7.1953125,64988572.188622
6375,45.0,7.675,67426170.86591661
6376,33.75,8.1546875,495827046.3396358
6377,33.75,8.634375,592259796.1114488
6378,37.5,8.1546875,300971614.8179393
6379,37.5,8.634375,369566516.36945724
6380,33.75,9.1140625,625644490.8975072
6381,33.75,9.59375,493357911.96581924
6382,37.5,9.1140625,401790207.95845884
6383,37.5,9.59375,295144748.9290847
6384,33.75,10.0734375,489355258.35096776
6385,33.75,10.553125,647948318.8412097
6386,37.5,10.0734375,260468738.69984025
6387,37.5,10.553125,374276303.7829884
6388,33.75,11.0328125,666115095.1191268
6389,33.75,11.5125,611443373.3672109
6390,37.5,11.0328125,380718811.2237893
6391,37.5,11.5125,350509121.04642576
6392,33.75,11.9921875,717561095.7562857
6393,33.75,12.471875,590155708.6240873
6394,37.5,11.9921875,413165179.46930665
6395,37.5,12.471875,284289763.5018287
6396,33.75,12.9515625,664094807.6919048
6397,33.75,13.43125,729764031.3393247
6398,37.5,12.9515625,378325833.8280656
6399,37.5,13.43125,399175372.3546376
6400,33.75,13.9109375,751932544.140024
6401,33.75,14.390625,590674437.006667
6402,37.5,13.9109375,464289038.6559443
6403,37.5,14.390625,341652406.2816334
6404,33.75,14.8703125,661355347.0722439
6405,33.75,15.35,658760387.2468917
6406,37.5,14.8703125,401309793.6444927
6407,37.5,15.35,362363368.31154597
6408,41.25,8.1546875,193469590.10314822
6409,41.25,8.634375,227042467.98330563
6410,45.0,8.1546875,85967565.3883571
6411,45.0,8.634375,84518419.59715404
6412,41.25,9.1140625,248840814.13524064
6413,41.25,9.59375,200083057.45530525
6414,45.0,9.1140625,95891420.31202242
6415,45.0,9.59375,105021365.98152573
6416,41.25,10.0734375,179300939.4660176
6417,41.25,10.553125,223279766.64874792
6418,45.0,10.0734375,98133140.23219496
6419,45.0,10.553125,72283229.51450741
6420,41.25,11.0328125,250165753.94541183
6421,41.25,11.5125,245753678.25240502
6422,45.0,11.0328125,119612696.66703439
6423,45.0,11.5125,140998235.45838436
6424,41.25,11.9921875,265890321.9274652
6425,41.25,12.471875,175423819.93088198
6426,45.0,11.9921875,118615464.3856237
6427,45.0,12.471875,66557876.35993526
6428,41.25,12.9515625,219406827.22389752
6429,41.25,13.43125,249893128.76412094
6430,45.0,12.9515625,60487820.61972949
6431,45.0,13.43125,100610885.17360424
6432,41.25,13.9109375,333750433.22835624
6433,41.25,14.390625,231120362.8467643
6434,45.0,13.9109375,203211827.8007682
6435,45.0,14.390625,120588319.41189522
6436,41.25,14.8703125,259470456.93484384
6437,41.25,15.35,228792274.67722288
6438,45.0,14.8703125,117631120.225195
6439,45.0,15.35,95221181.04289976
6440,48.75,0.014990234375,0.0
6441,48.75,-0.0,0.0
6442,48.75,0.02998046875,0.0
6443,52.5,0.014990234375,0.0
6444,52.5,-0.0,0.0
6445,52.5,0.02998046875,0.0
6446,48.75,0.044970703125,0.0
6447,48.75,0.0599609375,0.0
6448,52.5,0.044970703125,0.0
6449,52.5,0.0599609375,0.0
6450,48.75,0.074951171875,0.0
6451,52.5,0.074951171875,0.0
6452,48.75,0.08994140625,0.0
6453,52.5,0.08994140625,0.0
6454,48.75,0.09743652343749999,0.0
6455,48.75,0.104931640625,11965787.422775207
6456,52.5,0.09743652343749999,0.0
6457,52.5,0.104931640625,12326854.012086818
6458,48.75,0.1124267578125,12066251.43877335
6459,48.75,0.119921875,12166715.454771496
6460,52.5,0.1124267578125,12208175.361759102
6461,52.5,0.119921875,12089496.711431392
6462,48.75,0.1274169921875,12267179.47076964
6463,48.75,0.134912109375,12367643.486767786
6464,52.5,0.1274169921875,11970818.06110368
6465,52.5,0.134912109375,11852139.410775965
6466,48.75,0.1424072265625,12468107.50276593
6467,48.75,0.14990234375,12568571.518764075
6468,52.5,0.1424072265625,11733460.76044825
6469,52.5,0.14990234375,11614782.110120539
6470,48.75,0.1573974609375,12669035.534762222
6471,48.75,0.164892578125,12769499.550760364
6472,52.5,0.1573974609375,11496103.459792828
6473,52.5,0.164892578125,11377424.809465114
6474,48.75,0.1723876953125,12869963.566758512
6475,48.75,0.1798828125,12970427.582756652
6476,52.5,0.1723876953125,11258746.159137404
6477,52.5,0.1798828125,11140067.508809688
6478,48.75,0.1873779296875,13070891.598754799
6479,48.75,0.194873046875,13171355.614752945
6480,52.5,0.1873779296875,11021388.858481977
6481,52.5,0.194873046875,10902710.208154265
6482,48.75,0.2,13240076.928627897
6483,48.75,0.2023681640625,13271819.63075109
6484,48.75,0.20986328125,13372283.646749234
6485,52.5,0.2,10821529.37242521
6486,52.5,0.2023681640625,10784031.557826553
6487,52.5,0.20986328125,10665352.907498838
6488,48.75,0.2173583984375,13472747.662747378
6489,48.75,0.224853515625,13573211.678745523
6490,52.5,0.2173583984375,10546674.257171126
6491,52.5,0.224853515625,10427995.606843414
6492,48.75,0.2323486328125,13673675.694743669
6493,48.75,0.23984375,13774139.710741814
6494,52.5,0.2323486328125,10309316.9565157
6495,52.5,0.23984375,10190638.306187987
6496,48.75,0.2473388671875,13874603.726739958
6497,48.75,0.254833984375,13975067.742738102
6498,52.5,0.2473388671875,10071959.655860275
6499,52.5,0.254833984375,9953281.005532563
6500,48.75,0.2623291015625,14075531.758736247
6501,48.75,0.26982421875,14175995.774734393
6502,52.5,0.2623291015625,9834602.355204849
6503,52.5,0.26982421875,9715923.704877138
6504,48.75,0.2773193359375,14276459.790732536
6505,48.75,0.284814453125,14376923.80673068
6506,52.5,0.2773193359375,9597245.054549424
6507,52.5,0.284814453125,9478566.404221712
6508,48.75,0.2923095703125,14477387.822728826
6509,48.75,0.2998046875,14577851.838726971
6510,52.5,0.2923095703125,9359887.753893998
6511,52.5,0.2998046875,9241209.103566285
6512,48.75,0.3072998046875,15818194.595557902
6513,48.75,0.314794921875,17089035.780237205
6514,52.5,0.3072998046875,9965789.86866064
6515,52.5,0.314794921875,10712932.758582337
6516,48.75,0.32978515625,19630718.149595797
6517,52.5,0.32978515625,12207218.53842573
6518,48.75,0.359765625,24714082.888312988
6519,52.5,0.359765625,15195790.09811252
6520,48.75,0.4197265625,34880812.365747385
6521,52.5,0.4197265625,21172933.217486106
6522,48.75,0.4796875,45047541.843181774
6523,52.5,0.4796875,27150076.33685968
6524,48.75,0.599609375,34745683.48002689
6525,52.5,0.599609375,20080234.162461195
6526,48.75,0.71953125,20963263.632693417
6527,52.5,0.71953125,10932707.792351613
6528,48.75,0.959375,24900942.97039898
6529,52.5,0.959375,16365429.32649355
6530,48.75,1.4390625,50496648.052215576
6531,52.5,1.4390625,31082025.294583894
6532,48.75,1.91875,28250158.56212879
6533,52.5,1.91875,28056714.335883677
6534,48.75,2.3984375,57227510.22293557
6535,48.75,2.878125,70598866.618087
6536,52.5,2.3984375,29862717.086395003
6537,52.5,2.878125,34136565.354432724
6538,48.75,3.3578125,32838531.33077426
6539,48.75,3.8375,35447530.254720524
6540,52.5,3.3578125,14996585.358545303
6541,52.5,3.8375,17085952.801940594
6542,48.75,4.3171875,50016347.974268936
6543,48.75,4.796875,35373847.837985866
6544,52.5,4.3171875,34393900.409091525
6545,52.5,4.796875,15664769.23369272
6546,48.75,5.2765625,23647472.68679614
6547,48.75,5.75625,41199229.57925061
6548,52.5,5.2765625,11023825.093047885
6549,52.5,5.75625,33709670.34310337
6550,48.75,6.235937499999999,66052314.50720557
6551,48.75,6.715624999999999,48760766.994230986
6552,52.5,6.235937499999999,42516627.3447521
6553,52.5,6.715624999999999,62851420.989339165
6554,48.75,7.1953125,53000191.442009844
6555,48.75,7.675,49430847.08418829
6556,52.5,7.1953125,41011810.69539769
6557,52.5,7.675,31435523.302459963
6558,56.25,0.014990234375,0.0
6559,56.25,-0.0,0.0
6560,56.25,0.02998046875,0.0
6561,60.0,0.014990234375,0.0
6562,60.0,-0.0,0.0
6563,60.0,0.02998046875,0.0
6564,56.25,0.044970703125,0.0
6565,56.25,0.0599609375,0.0
6566,60.0,0.044970703125,0.0
6567,60.0,0.0599609375,0.0
6568,56.25,0.074951171875,0.0
6569,60.0,0.074951171875,0.0
6570,56.25,0.08994140625,0.0
6571,60.0,0.08994140625,0.0
6572,56.25,0.09743652343749999,0.0
6573,56.25,0.104931640625,10996619.437674401
6574,60.0,0.09743652343749999,0.0
6575,60.0,0.104931640625,6283782.535813944
6576,56.25,0.1124267578125,10764942.396614237
6577,56.25,0.119921875,10533265.35555407
6578,60.0,0.1124267578125,6151395.655208135
6579,60.0,0.119921875,6019008.774602327
6580,56.25,0.1274169921875,10301588.314493906
6581,56.25,0.134912109375,10069911.273433741
6582,60.0,0.1274169921875,5886621.893996517
6583,60.0,0.134912109375,5754235.013390709
6584,56.25,0.1424072265625,9838234.232373577
6585,56.25,0.14990234375,9606557.19131341
6586,60.0,0.1424072265625,5621848.132784899
6587,60.0,0.14990234375,5489461.252179092
6588,56.25,0.1573974609375,9374880.150253246
6589,56.25,0.164892578125,9143203.10919308
6590,60.0,0.1573974609375,5357074.371573283
6591,60.0,0.164892578125,5224687.490967474
6592,56.25,0.1723876953125,8911526.068132915
6593,56.25,0.1798828125,8679849.027072748
6594,60.0,0.1723876953125,5092300.6103616655
6595,60.0,0.1798828125,4959913.729755856
6596,56.25,0.1873779296875,8448171.986012584
6597,56.25,0.194873046875,8216494.944952418
6598,60.0,0.1873779296875,4827526.849150047
6599,60.0,0.194873046875,4695139.968544238
6600,56.25,0.2,8058018.7930871565
6601,56.25,0.2023681640625,7984817.903892252
6602,56.25,0.20986328125,7753140.862832086
6603,60.0,0.2,4604582.167478375
6604,60.0,0.2023681640625,4562753.08793843
6605,60.0,0.20986328125,4430366.20733262
6606,56.25,0.2173583984375,7521463.821771921
6607,56.25,0.224853515625,7289786.780711755
6608,60.0,0.2173583984375,4297979.326726813
6609,60.0,0.224853515625,4165592.4461210035
6610,56.25,0.2323486328125,7058109.739651589
6611,56.25,0.23984375,6826432.698591424
6612,60.0,0.2323486328125,4033205.565515194
6613,60.0,0.23984375,3900818.6849093856
6614,56.25,0.2473388671875,6594755.657531259
6615,56.25,0.254833984375,6363078.616471094
6616,60.0,0.2473388671875,3768431.8043035762
6617,60.0,0.254833984375,3636044.9236977682
6618,56.25,0.2623291015625,6131401.575410929
6619,56.25,0.26982421875,5899724.534350762
6620,60.0,0.2623291015625,3503658.0430919593
6621,60.0,0.26982421875,3371271.16248615
6622,56.25,0.2773193359375,5668047.493290597
6623,56.25,0.284814453125,5436370.452230433
6624,60.0,0.2773193359375,3238884.2818803415
6625,60.0,0.284814453125,3106497.401274533
6626,56.25,0.2923095703125,5204693.411170267
6627,56.25,0.2998046875,4973016.370110101
6628,60.0,0.2923095703125,2974110.520668724
6629,60.0,0.2998046875,2841723.640062915
6630,56.25,0.3072998046875,5306163.377721323
6631,56.25,0.314794921875,5654422.7344608735
6632,60.0,0.3072998046875,3032093.358697898
6633,60.0,0.314794921875,3231098.705406213
6634,56.25,0.32978515625,6350941.447939975
6635,60.0,0.32978515625,3629109.3988228426
6636,56.25,0.359765625,7743978.8748981785
6637,60.0,0.359765625,4425130.785656102
6638,56.25,0.4197265625,10530053.72881459
6639,60.0,0.4197265625,6017173.559322624
6640,56.25,0.4796875,13316128.582731
6641,60.0,0.4796875,7609216.332989142
6642,56.25,0.599609375,9015359.456906885
6643,60.0,0.599609375,5151633.975375364
6644,56.25,0.71953125,3714961.744774942
6645,60.0,0.71953125,2122835.2827285384
6646,56.25,0.959375,9340701.035070356
6647,60.0,0.959375,5337543.448611633
6648,56.25,1.4390625,15871575.524142422
6649,60.0,1.4390625,9069471.728081383
6650,56.25,1.91875,24436782.578588564
6651,60.0,1.91875,13963875.759193467
6652,56.25,2.3984375,10167081.454280298
6653,56.25,2.878125,8599818.947996985
6654,60.0,2.3984375,5809760.831017313
6655,60.0,2.878125,4914182.255998276
6656,56.25,3.3578125,2714210.3715935852
6657,56.25,3.8375,4239288.520909727
6658,60.0,3.3578125,1550977.3551963344
6659,60.0,3.8375,2422450.583376987
6660,56.25,4.3171875,20981568.44493493
6661,56.25,4.796875,2209710.560310133
6662,60.0,4.3171875,11989467.68281996
6663,60.0,4.796875,1262691.7487486475
6664,56.25,5.2765625,2282052.526730419
6665,56.25,5.75625,25127051.995796226
6666,60.0,5.2765625,1304030.015274525
6667,60.0,5.75625,14358315.426169273
6668,56.25,6.235937499999999,23472898.081893574
6669,56.25,6.715624999999999,66497464.139844425
6670,60.0,6.235937499999999,13413084.618224902
6671,60.0,6.715624999999999,49254285.601143815
6672,56.25,7.1953125,31448029.472990397
6673,56.25,7.675,20447445.974316716
6674,60.0,7.1953125,26733447.29899282
6675,60.0,7.675,23473861.553343635
6676,48.75,8.1546875,59072575.836704254
6677,48.75,8.634375,57807638.58786181
6678,52.5,8.1546875,32177586.285051405
6679,52.5,8.634375,31096857.57856959
6680,48.75,9.1140625,67510668.36236559
6681,48.75,9.59375,75160008.91508435
6682,52.5,9.1140625,39129916.41270875
6683,52.5,9.59375,45298651.84864296
6684,48.75,10.0734375,68775022.02055624
6685,48.75,10.553125,46573110.31986156
6686,52.5,10.0734375,39416903.80891753
6687,52.5,10.553125,20862991.125215724
6688,48.75,11.0328125,77271298.09595749
6689,48.75,11.5125,116621302.09528773
6690,52.5,11.0328125,34929899.52488058
6691,52.5,11.5125,92244368.7321911
6692,48.75,11.9921875,92349032.01634665
6693,48.75,12.471875,50904413.781741224
6694,52.5,11.9921875,66082599.64706962
6695,52.5,12.471875,35250951.20354719
6696,48.75,12.9515625,52936058.30213212
6697,48.75,13.43125,84720144.4396566
6698,52.5,12.9515625,45384295.98453475
6699,52.5,13.43125,68829403.70570895
6700,48.75,13.9109375,130340603.1583856
6701,48.75,14.390625,80778111.7410678
6702,52.5,13.9109375,57469378.51600299
6703,52.5,14.390625,40967904.07024035
6704,48.75,14.8703125,89370145.95730019
6705,48.75,15.35,72960783.48315382
6706,52.5,14.8703125,61109171.68940538
6707,52.5,15.35,50700385.92340787
6708,56.25,8.1546875,23059368.846887115
6709,56.25,8.634375,12705070.171050146
6710,60.0,8.1546875,49494695.63569996
6711,60.0,8.634375,10951269.96707624
6712,56.25,9.1140625,20143142.791272935
6713,56.25,9.59375,25993726.26528166
6714,60.0,9.1140625,19944325.82627915
6715,60.0,9.59375,27801663.648080513
6716,56.25,10.0734375,18024783.4466651
6717,56.25,10.553125,5387366.18855508
6718,60.0,10.0734375,12564658.783185273
6719,60.0,10.553125,10380729.767864842
6720,56.25,11.0328125,6886127.003117462
6721,56.25,11.5125,68836821.7553183
6722,60.0,11.0328125,7437606.579981914
6723,60.0,11.5125,47368047.55089321
6724,56.25,11.9921875,42500189.142440975
6725,56.25,12.471875,21713395.79915727
6726,60.0,11.9921875,24285822.367109127
6727,60.0,12.471875,12407654.742375582
6728,56.25,12.9515625,35306064.30120278
6729,56.25,13.43125,50956129.481025875
6730,60.0,12.9515625,20174893.886401586
6731,60.0,13.43125,29117788.27487193
6732,56.25,13.9109375,7777491.826779429
6733,56.25,14.390625,12624294.920144306
6734,60.0,13.9109375,4444281.043873959
6735,60.0,14.390625,7213882.811511033
6736,56.25,14.8703125,36984956.90529107
6737,56.25,15.35,31377605.773130078
6738,60.0,14.8703125,21134261.088737752
6739,60.0,15.35,17930060.441788618
6740,3.75,15.8296875,26419980383.706257
6741,3.75,16.309375,24089658852.145275
6742,7.5,15.8296875,21903852717.18054
6743,7.5,16.309375,20127235219.529766
6744,3.75,16.7890625,23725002895.637825
6745,3.75,17.26875,22395043820.140465
6746,7.5,16.7890625,19670775733.166542
6747,7.5,17.26875,18688792949.401264
6748,3.75,17.7484375,21512771021.792206
6749,3.75,18.228125,20056764845.83687
6750,7.5,17.7484375,18161018445.3484
6751,7.5,18.228125,16828037680.932789
6752,3.75,18.7078125,20118589331.44151
6753,3.75,19.1875,18662680360.358788
6754,7.5,18.7078125,16615951779.500675
6755,7.5,19.1875,15610576803.228537
6756,3.75,19.6671875,17416575497.771942
6757,3.75,20.146875,16405668386.493166
6758,7.5,19.6671875,14536744436.052216
6759,7.5,20.146875,13918634138.178736
6760,3.75,20.6265625,15310104876.16766
6761,3.75,21.10625,14576354839.253586
6762,7.5,20.6265625,12968792521.35691
6763,7.5,21.10625,12511414557.495533
6764,3.75,21.5859375,14079194992.914371
6765,3.75,22.065625,13007062758.250418
6766,7.5,21.5859375,12032688200.478008
6767,7.5,22.065625,11184039590.9852
6768,3.75,22.5453125,12549637568.032745
6769,3.75,23.025,11683929762.045465
6770,7.5,22.5453125,10747754730.322575
6771,7.5,23.025,10078582611.670212
6772,11.25,15.8296875,15215563209.22441
6773,11.25,16.309375,14312559451.842073
6774,15.0,15.8296875,8527273701.268276
6775,15.0,16.309375,8497883684.154385
6776,11.25,16.7890625,13777564683.743351
6777,11.25,17.26875,13171342798.793627
6778,15.0,16.7890625,7884353634.320158
6779,15.0,17.26875,7653892648.185987
6780,11.25,17.7484375,13149371751.054527
6781,11.25,18.228125,12165803718.538973
6782,15.0,17.7484375,8137725056.760654
6783,15.0,18.228125,7503569756.145161
6784,11.25,18.7078125,11633981755.64099
6785,11.25,19.1875,11257582946.320383
6786,15.0,18.7078125,6652011731.781303
6787,15.0,19.1875,6904589089.412225
6788,11.25,19.6671875,10527871666.059345
6789,11.25,20.146875,10291197531.786
6790,15.0,19.6671875,6518998896.066475
6791,15.0,20.146875,6663760925.393263
6792,11.25,20.6265625,9784552972.711082
6793,11.25,21.10625,9761284570.472208
6794,15.0,20.6265625,6600313424.065254
6795,15.0,21.10625,7011154583.448884
6796,11.25,21.5859375,9078198249.321545
6797,11.25,22.065625,8672968889.727077
6798,15.0,21.5859375,6123708298.165078
6799,15.0,22.065625,6161898188.468954
6800,11.25,22.5453125,8432900296.395534
6801,11.25,23.025,7750670499.353096
6802,15.0,22.5453125,6118045862.468493
6803,15.0,23.025,5422758387.03598
6804,18.75,15.8296875,6111513861.565126
6805,18.75,16.309375,6040569106.729989
6806,22.5,15.8296875,3695754021.861979
6807,22.5,16.309375,3583254529.305595
6808,18.75,16.7890625,5617598767.943682
6809,18.75,17.26875,5533600049.046298
6810,22.5,16.7890625,3350843901.567204
6811,22.5,17.26875,3413307449.9066076
6812,18.75,17.7484375,5840858199.203628
6813,18.75,18.228125,5503676689.279135
6814,22.5,17.7484375,3543991341.6466007
6815,22.5,18.228125,3503783622.4131107
6816,18.75,18.7078125,4826084162.109454
6817,18.75,19.1875,5063912352.807232
6818,22.5,18.7078125,3000156592.437604
6819,22.5,19.1875,3223235616.20224
6820,18.75,19.6671875,4863920077.965387
6821,18.75,20.146875,5008639563.876154
6822,22.5,19.6671875,3208841259.8643007
6823,22.5,20.146875,3353518202.3590455
6824,18.75,20.6265625,4998918789.918695
6825,18.75,21.10625,5189264281.089937
6826,22.5,20.6265625,3397524155.772135
6827,22.5,21.10625,3367373978.730991
6828,18.75,21.5859375,4507852360.364722
6829,18.75,22.065625,4504520350.698805
6830,22.5,21.5859375,2891996422.5643663
6831,22.5,22.065625,2847142512.928655
6832,18.75,22.5453125,4462410633.86015
6833,18.75,23.025,4055542303.7255545
6834,22.5,22.5453125,2806775405.2518077
6835,22.5,23.025,2688326220.415129
6836,26.25,15.8296875,1893749616.9933627
6837,26.25,16.309375,1770241630.6721308
6838,30.0,15.8296875,1319256081.7938116
6839,30.0,16.309375,1245832089.620526
6840,26.25,16.7890625,1673537957.496915
6841,26.25,17.26875,1806793443.7748046
6842,30.0,16.7890625,1175129858.0390027
6843,30.0,17.26875,1227836623.6587765
6844,26.25,17.7484375,1822844506.6014056
6845,26.25,18.228125,1957155288.6042674
6846,30.0,17.7484375,1253137716.5798738
6847,30.0,18.228125,1317056420.9097867
6848,26.25,18.7078125,1606191933.9520605
6849,26.25,19.1875,1829720889.2425969
6850,30.0,18.7078125,1076153097.839126
6851,30.0,19.1875,1330530181.5736532
6852,26.25,19.6671875,1911556882.7771645
6853,26.25,20.146875,2038468797.6855175
6854,30.0,19.6671875,1329861387.7179303
6855,30.0,20.146875,1403563306.6991513
6856,26.25,20.6265625,2105702062.9137719
6857,26.25,21.10625,1955647570.5367925
6858,30.0,20.6265625,1433025052.631802
6859,30.0,21.10625,1364248950.6720884
6860,26.25,21.5859375,1634461042.1412547
6861,26.25,22.065625,1568858501.4685793
6862,30.0,21.5859375,1093566776.4726326
6863,30.0,22.065625,1048762142.6286503
6864,26.25,22.5453125,1548819073.1359386
6865,26.25,23.025,1608937273.9704137
6866,30.0,22.5453125,1086220534.0050178
6867,30.0,23.025,1105202601.257118
6868,33.75,15.8296875,744762546.5942603
6869,33.75,16.309375,721422548.5689214
6870,37.5,15.8296875,453035128.0781452
6871,37.5,16.309375,457395001.8212053
6872,33.75,16.7890625,676721758.5810902
6873,33.75,17.26875,648879803.5427487
6874,37.5,16.7890625,452297509.7900129
6875,37.5,17.26875,387781139.7375968
6876,33.75,17.7484375,683430926.5583417
6877,33.75,18.228125,676957553.2153059
6878,37.5,17.7484375,400824630.83896255
6879,37.5,18.228125,382872647.7758597
6880,33.75,18.7078125,546114261.7261921
6881,33.75,19.1875,831339473.9047096
6882,37.5,18.7078125,313485634.4161285
6883,37.5,19.1875,532075139.30488676
6884,33.75,19.6671875,748165892.6586967
6885,33.75,20.146875,768657815.7127854
6886,37.5,19.6671875,442036475.8384454
6887,37.5,20.146875,460283600.17905873
6888,33.75,20.6265625,760348042.3498328
6889,33.75,21.10625,772850330.8073847
6890,37.5,20.6265625,439229000.9267147
6891,37.5,21.10625,464037695.69665086
6892,33.75,21.5859375,552672510.8040106
6893,33.75,22.065625,528665783.7887213
6894,37.5,21.5859375,310461705.7795525
6895,37.5,22.065625,305484629.9291897
6896,33.75,22.5453125,623621994.8740966
6897,33.75,23.025,601467928.5438223
6898,37.5,22.5453125,416570487.3698174
6899,37.5,23.025,343642016.95524716
6900,41.25,15.8296875,302690767.9037481
6901,41.25,16.309375,323558452.2254335
6902,45.0,15.8296875,152346407.729351
6903,45.0,16.309375,189721902.62966168
6904,41.25,16.7890625,364865186.3323529
6905,41.25,17.26875,285611554.0878829
6906,45.0,16.7890625,277432862.8746929
6907,45.0,17.26875,183441968.43816888
6908,41.25,17.7484375,261768582.2706596
6909,41.25,18.228125,261794723.46393067
6910,45.0,17.7484375,122712533.70235674
6911,45.0,18.228125,140716799.15200168
6912,41.25,18.7078125,229562111.50750002
6913,41.25,19.1875,332773991.2396244
6914,45.0,18.7078125,145638588.5988715
6915,45.0,19.1875,133472843.174362
6916,41.25,19.6671875,273690098.1376858
6917,41.25,20.146875,315175022.37165207
6918,45.0,19.6671875,105343720.43692613
6919,45.0,20.146875,170066444.5642454
6920,41.25,20.6265625,293888943.9330225
6921,41.25,21.10625,296518052.962902
6922,45.0,20.6265625,148548886.93933028
6923,45.0,21.10625,128998410.22915326
6924,41.25,21.5859375,217592631.07717645
6925,41.25,22.065625,230761078.55985668
6926,45.0,21.5859375,124723556.37480041
6927,45.0,22.065625,156037527.19052365
6928,41.25,22.5453125,337292495.6788592
6929,41.25,23.025,208770485.9290324
6930,45.0,22.5453125,258014503.98790088
6931,45.0,23.025,73898954.9028176
6932,48.75,15.8296875,101024821.32379389
6933,48.75,16.309375,135111078.28789416
6934,52.5,15.8296875,49703234.91823677
6935,52.5,16.309375,80500253.94612661
6936,48.75,16.7890625,184192649.62986565
6937,48.75,17.26875,120706588.67735818
6938,52.5,16.7890625,90952436.3850384
6939,52.5,17.26875,57971208.916547425
6940,48.75,17.7484375,88553620.14403729
6941,48.75,18.228125,96511182.0942518
6942,52.5,17.7484375,54394706.58571788
6943,52.5,18.228125,52305565.03650192
6944,48.75,18.7078125,94689731.77615713
6945,48.75,19.1875,85532383.75067367
6946,52.5,18.7078125,43740874.95344274
6947,52.5,19.1875,37591924.32698536
6948,48.75,19.6671875,68133545.78288022
6949,48.75,20.146875,107463841.30684735
6950,52.5,19.6671875,30923371.12883431
6951,52.5,20.146875,44861238.04944931
6952,48.75,20.6265625,95969287.04095435
6953,48.75,21.10625,103109940.76712246
6954,52.5,20.6265625,43389687.14257845
6955,52.5,21.10625,77221471.30509166
6956,48.75,21.5859375,91482026.0646776
6957,48.75,22.065625,98811816.0560028
6958,52.5,21.5859375,58240495.75455478
6959,52.5,22.065625,41586104.921481945
6960,48.75,22.5453125,176348262.39795622
6961,48.75,23.025,53779671.78833585
6962,52.5,22.5453125,94682020.80801153
6963,52.5,23.025,33660388.673854105
6964,56.25,15.8296875,13552738.483548848
6965,56.25,16.309375,38581408.0034964
6966,60.0,15.8296875,7744421.990599342
6967,60.0,16.309375,22046518.8591408
6968,56.25,16.7890625,25193257.44409271
6969,56.25,17.26875,14129169.608172733
6970,60.0,16.7890625,14396147.11091012
6971,60.0,17.26875,8073811.204670133
6972,56.25,17.7484375,27669335.35348347
6973,56.25,18.228125,19980759.45658509
6974,60.0,17.7484375,15811048.773419125
6975,60.0,18.228125,11417576.832334336
6976,56.25,18.7078125,8553099.104345674
6977,56.25,19.1875,4927665.788960667
6978,60.0,18.7078125,4887485.202483242
6979,60.0,19.1875,2815809.022263238
6980,56.25,19.6671875,5352014.522869911
6981,56.25,20.146875,2735398.05978596
6982,60.0,19.6671875,3058294.0130685205
6983,60.0,20.146875,1563084.605591977
6984,56.25,20.6265625,7294542.975703534
6985,56.25,21.10625,52467180.205770575
6986,60.0,20.6265625,4168310.2718305904
6987,60.0,21.10625,29981245.8318689
6988,56.25,21.5859375,31569541.104330458
6989,56.25,22.065625,3006176.9778262097
6990,60.0,21.5859375,18039737.773903117
6991,60.0,22.065625,1717815.4159006914
6992,56.25,22.5453125,35208127.27954236
6993,56.25,23.025,17716591.60617465
6994,60.0,22.5453125,20118929.874024205
6995,60.0,23.025,10123766.6320998
6996,3.75,23.5046875,11681217737.772707
6997,3.75,23.984375,11740020815.482641
6998,7.5,23.5046875,10122583436.762493
6999,7.5,23.984375,10168168242.548418
7000,3.75,24.4640625,11547360734.294975
7001,3.75,24.94375,10241767684.793594
7002,7.5,24.4640625,10130619696.208548
7003,7.5,24.94375,8946008305.039867
7004,3.75,25.4234375,9880576107.816513
7005,3.75,25.903125,8510115352.070246
7006,7.5,25.4234375,8717497399.939295
7007,7.5,25.903125,7469369657.5925
7008,3.75,26.3828125,8558015213.11002
7009,3.75,26.8625,7667624840.039989
7010,7.5,26.3828125,7491545981.787398
7011,7.5,26.8625,6772189143.273426
7012,11.25,23.5046875,7816004769.733661
7013,11.25,23.984375,7654791188.243272
7014,15.0,23.5046875,5509426102.704828
7015,15.0,23.984375,5141414133.938126
7016,11.25,24.4640625,7883336166.464693
7017,11.25,24.94375,7037115300.453996
7018,15.0,24.4640625,5636052636.720839
7019,15.0,24.94375,5128222295.868126
7020,11.25,25.4234375,6893839769.798833
7021,11.25,25.903125,6112566786.70488
7022,15.0,25.4234375,5070182139.658372
7023,15.0,25.903125,4755763915.817261
7024,11.25,26.3828125,5868027579.011974
7025,11.25,26.8625,5531583324.000477
7026,15.0,26.3828125,4244509176.2365503
7027,15.0,26.8625,4290977504.7275286
7028,18.75,23.5046875,4118930922.682832
7029,18.75,23.984375,3830329590.6727905
7030,22.5,23.5046875,2728435742.6608367
7031,22.5,23.984375,2519245047.4074554
7032,18.75,24.4640625,4328915518.911764
7033,18.75,24.94375,3928791951.858453
7034,22.5,24.4640625,3021778401.1026897
7035,22.5,24.94375,2729361607.8487797
7036,18.75,25.4234375,3825377202.0106554
7037,18.75,25.903125,3573280555.8804374
7038,22.5,25.4234375,2580572264.362938
7039,22.5,25.903125,2390797195.943614
7040,18.75,26.3828125,3253284832.9076505
7041,18.75,26.8625,3313420930.398132
7042,22.5,26.3828125,2262060489.57875
7043,22.5,26.8625,2335864356.068735
7044,26.25,23.5046875,1634833162.7341602
7045,26.25,23.984375,1514876534.3352518
7046,30.0,23.5046875,1135015782.9981222
7047,30.0,23.984375,1123940081.6493113
7048,26.25,24.4640625,1961923398.9840996
7049,26.25,24.94375,1792809341.0957966
7050,30.0,24.4640625,1396632628.2464786
7051,30.0,24.94375,1382013228.8561952
7052,26.25,25.4234375,1611356369.2666054
7053,26.25,25.903125,1485886802.4876091
7054,30.0,25.4234375,1193318559.2730393
7055,30.0,25.903125,1136122341.9932413
7056,26.25,26.3828125,1466364263.127724
7057,26.25,26.8625,1541645128.2495887
7058,30.0,26.3828125,1061724270.432444
7059,30.0,26.8625,1114100593.4509444
7060,33.75,23.5046875,635198403.2620841
7061,33.75,23.984375,733003628.9633703
7062,37.5,23.5046875,372449068.30538946
7063,37.5,23.984375,474737067.3597609
7064,33.75,24.4640625,831341857.5088575
7065,33.75,24.94375,971217116.6165935
7066,37.5,24.4640625,503494641.12919486
7067,37.5,24.94375,657010888.6072294
7068,33.75,25.4234375,775280749.2794738
7069,33.75,25.903125,786357881.4988736
7070,37.5,25.4234375,521004583.29075587
7071,37.5,25.903125,545524633.4688389
7072,33.75,26.3828125,657084277.7371643
7073,33.75,26.8625,686556058.6523
7074,37.5,26.3828125,447138399.2476094
7075,37.5,26.8625,446788842.18354243
7076,41.25,23.5046875,228233755.73836654
7077,41.25,23.984375,282805451.29731697
7078,45.0,23.5046875,84018443.17134362
7079,45.0,23.984375,90873835.23487307
7080,41.25,24.4640625,294369201.92851144
7081,41.25,24.94375,391099602.7129839
7082,45.0,24.4640625,85243762.72782809
7083,45.0,24.94375,125188316.8187384
7084,41.25,25.4234375,348609239.304462
7085,41.25,25.903125,359156991.6709709
7086,45.0,25.4234375,176213895.31816816
7087,45.0,25.903125,172789349.87310284
7088,41.25,26.3828125,334539577.86091685
7089,41.25,26.8625,300910284.8797282
7090,45.0,26.3828125,221940756.47422445
7091,45.0,26.8625,155031727.57591397
7092,48.75,23.5046875,60414932.73623844
7093,48.75,23.984375,61980093.844795465
7094,52.5,23.5046875,36811422.30113326
7095,52.5,23.984375,33086352.454717867
7096,48.75,24.4640625,65418720.88631616
7097,48.75,24.94375,80900942.34546638
7098,52.5,24.4640625,45593679.04480424
7099,52.5,24.94375,36613567.872194335
7100,48.75,25.4234375,116213495.34096333
7101,48.75,25.903125,121326567.9573087
7102,52.5,25.4234375,56213095.363758475
7103,52.5,25.903125,69863786.04151456
7104,48.75,26.3828125,140116255.51777142
7105,48.75,26.8625,100606323.98197469
7106,52.5,26.3828125,58291754.5613184
7107,52.5,26.8625,46180920.38803545
7108,56.25,23.5046875,18441280.093013573
7109,56.25,23.984375,12095875.920332864
7110,60.0,23.5046875,10537874.3388649
7111,60.0,23.984375,6911929.097333066
7112,56.25,24.4640625,28329861.423321754
7113,56.25,24.94375,6202570.112094689
7114,60.0,24.4640625,16188492.241898146
7115,60.0,24.94375,3544325.7783398223
7116,56.25,25.4234375,14186225.123252498
7117,56.25,25.903125,31110856.668778636
7118,60.0,25.4234375,8106414.356144285
7119,60.0,25.903125,17777632.38215922
7120,56.25,26.3828125,3274326.349889333
7121,56.25,26.8625,8660153.243066445
7122,60.0,26.3828125,1871043.6285081902
7123,60.0,26.8625,4948658.996037969
7124,3.75,27.3421875,8132189500.676176
7125,3.75,27.821875,7288012501.003735
7126,7.5,27.3421875,7079321277.121855
7127,7.5,27.821875,6532297427.956663
7128,3.75,28.3015625,6719262226.1729355
7129,3.75,28.78125,6518367773.022309
7130,7.5,28.3015625,6000808292.7695675
7131,7.5,28.78125,5848709870.418028
7132,11.25,27.3421875,5439004831.925017
7133,11.25,27.821875,5242240778.059144
7134,15.0,27.3421875,3798688386.728179
7135,15.0,27.821875,3952184128.161627
7136,11.25,28.3015625,4865054819.369523
7137,11.25,28.78125,4874896972.633094
7138,15.0,28.3015625,3729301345.9694777
7139,15.0,28.78125,3901084074.8481603
7140,18.75,27.3421875,3055824687.71215
7141,18.75,27.821875,3120026222.8528013
7142,22.5,27.3421875,2312960988.696121
7143,22.5,27.821875,2287868317.543977
7144,18.75,28.3015625,2981349674.9588184
7145,18.75,28.78125,2999594588.7845798
7146,22.5,28.3015625,2233398003.9481587
7147,22.5,28.78125,2098105102.7210002
7148,26.25,27.3421875,1666280991.3918655
7149,26.25,27.821875,1576948074.9606986
7150,30.0,27.3421875,1211968397.5111578
7151,30.0,27.821875,1108503157.8285124
7152,26.25,28.3015625,1566733175.4576287
7153,26.25,28.78125,1368362270.670237
7154,30.0,28.3015625,1062642032.007357
7155,30.0,28.78125,982112746.6451085
7156,33.75,27.3421875,757655803.6304495
7157,33.75,27.821875,640058240.696327
7158,37.5,27.3421875,483709027.0447967
7159,37.5,27.821875,396919295.6698792
7160,33.75,28.3015625,558550888.5570855
7161,33.75,28.78125,595863222.6199797
7162,37.5,28.3015625,326116614.758102
7163,37.5,28.78125,373325017.3612117
7164,41.25,27.3421875,299945159.1066714
7165,41.25,27.821875,266433336.69630045
7166,45.0,27.3421875,116181291.16854613
7167,45.0,27.821875,135947377.72272173
7168,41.25,28.3015625,229510775.78476265
7169,41.25,28.78125,232642471.48562416
7170,45.0,28.3015625,132904936.8114233
7171,45.0,28.78125,91959925.61003661
7172,48.75,27.3421875,83338916.6906001
7173,48.75,27.821875,118413159.39207086
7174,52.5,27.3421875,50496542.21265409
7175,52.5,27.821875,100878941.06142
7176,48.75,28.3015625,94717352.36638986
7177,48.75,28.78125,80422000.71129644
7178,52.5,28.3015625,56529767.9213564
7179,52.5,28.78125,68884075.81255624
7180,56.25,27.3421875,25026422.65727049
7181,56.25,27.821875,78040779.40252948
7182,60.0,27.3421875,14300812.947011707
7183,60.0,27.821875,44594731.0871597
7184,56.25,28.3015625,27214760.32856846
7185,56.25,28.78125,57376374.53857821
7186,60.0,28.3015625,15644906.440271493
7187,60.0,28.78125,45929120.51412454
7188,3.75,29.2609375,6704095446.6747265
7189,7.5,29.2609375,5890098642.3011465
7190,3.75,29.50078125,6422041062.423177
7191,7.5,29.50078125,5628390223.302966
7192,3.75,29.740625,6105351616.657446
7193,7.5,29.740625,5483092921.036153
7194,11.25,29.2609375,4560324436.883908
7195,15.0,29.2609375,3230550231.46667
7196,11.25,29.50078125,4372195119.6674185
7197,15.0,29.50078125,3116000016.031872
7198,11.25,29.740625,4506056173.625914
7199,15.0,29.740625,3529019426.2156754
7200,18.75,29.2609375,2552855683.650653
7201,22.5,29.2609375,1875161135.8346357
7202,18.75,29.50078125,2558726781.1775556
7203,22.5,29.50078125,2001453546.3232403
7204,18.75,29.740625,2743097375.8573294
7205,22.5,29.740625,1957175325.4989839
7206,26.25,29.2609375,1298189916.1629035
7207,30.0,29.2609375,922665352.7797403
7208,26.25,29.50078125,1485931237.2389224
7209,30.0,29.50078125,1053910779.6946017
7210,26.25,29.740625,1305287579.5863044
7211,30.0,29.740625,921468442.564959
7212,33.75,29.2609375,547140789.396577
7213,37.5,29.2609375,339836314.89232373
7214,33.75,29.50078125,621890322.1502808
7215,37.5,29.50078125,382472322.56014985
7216,33.75,29.740625,537649305.5436133
7217,37.5,29.740625,329972810.76203066
7218,41.25,29.2609375,216641884.82752547
7219,45.0,29.2609375,93447454.76272717
7220,41.25,29.50078125,239355551.94711357
7221,45.0,29.50078125,96238781.33407725
7222,41.25,29.740625,210367637.10032946
7223,45.0,29.740625,90762463.43862826
7224,48.75,29.2609375,74354012.20849082
7225,52.5,29.2609375,55260569.65425448
7226,48.75,29.50078125,88627133.98714885
7227,52.5,29.50078125,81015486.64022046
7228,48.75,29.740625,68515331.61951105
7229,52.5,29.740625,46268199.80039385
7230,56.25,29.2609375,37683654.89318333
7231,60.0,29.2609375,23139795.71844255
7232,56.25,29.50078125,66764725.38393677
7233,60.0,29.50078125,39235736.30894251
7234,56.25,29.740625,27693361.523196973
7235,60.0,29.740625,16463110.329840744
7236,3.75,29.860546875,5979000175.893404
7237,7.5,29.860546875,5420601107.089144
7238,3.75,29.98046875,5804519814.20639
7239,7.5,29.98046875,5258907229.976824
7240,11.25,29.860546875,4498101991.378903
7241,15.0,29.860546875,3575602875.668662
7242,11.25,29.98046875,4381826320.874713
7243,15.0,29.98046875,3504745411.772601
7244,18.75,29.860546875,2721910404.328416
7245,22.5,29.860546875,1868217932.9881706
7246,18.75,29.98046875,2686874705.916861
7247,22.5,29.98046875,1869004000.0611205
7248,26.25,29.860546875,1184875751.068285
7249,30.0,29.860546875,842234147.9891202
7250,26.25,29.98046875,1208612722.8889372
7251,30.0,29.98046875,863180303.0838671
7252,3.75,30.0404296875,5705481038.670599
7253,7.5,30.0404296875,5153741339.042758
7254,3.75,30.07041015625,5655961650.90271
7255,7.5,30.07041015625,5101158393.575731
7256,3.75,30.085400390625,5631201957.018759
7257,7.5,30.085400390625,5074866920.842213
7258,3.75,30.0928955078125,5618822110.076786
7259,3.75,30.100390625,5607315759.402983
7260,7.5,30.0928955078125,5061721184.475456
7261,7.5,30.100390625,5049452975.8274975
7262,11.25,30.0404296875,4297133946.025589
7263,15.0,30.0404296875,3440526553.00842
7264,11.25,30.07041015625,4254787758.6010327
7265,15.0,30.07041015625,3408417123.626333
7266,11.25,30.085400390625,4233614664.888749
7267,15.0,30.085400390625,3392362408.935286
7268,11.25,30.0928955078125,4223028118.03261
7269,11.25,30.100390625,4213185524.811215
7270,15.0,30.0928955078125,3384335051.5897646
7271,15.0,30.100390625,3376918073.794933
7272,18.75,30.0404296875,2665961901.819949
7273,22.5,30.0404296875,1891397250.631478
7274,18.75,30.07041015625,2655505499.7714944
7275,22.5,30.07041015625,1902593875.9166558
7276,18.75,30.085400390625,2650277298.747266
7277,22.5,30.085400390625,1908192188.559246
7278,18.75,30.0928955078125,2647663198.2351522
7279,18.75,30.100390625,2645133572.5343204
7280,22.5,30.0928955078125,1910991344.8805404
7281,22.5,30.100390625,1913349071.2737079
7282,26.25,30.0404296875,1255818657.425975
7283,30.0,30.0404296875,898212180.1864077
7284,26.25,30.07041015625,1279421624.6944914
7285,30.0,30.07041015625,915728118.7376759
7286,26.25,30.085400390625,1291223108.3287523
7287,30.0,30.085400390625,924486088.0133121
7288,26.25,30.0928955078125,1297123850.1458812
7289,26.25,30.100390625,1302279797.006866
7290,30.0,30.0928955078125,928865072.6511291
7291,30.0,30.100390625,932640976.7275653
7292,3.75,30.1078857421875,5611696122.106578
7293,3.75,30.115380859375,5616076484.810176
7294,7.5,30.1078857421875,5053144802.565269
7295,7.5,30.115380859375,5056836629.303042
7296,3.75,30.1228759765625,5620456847.513769
7297,3.75,30.13037109375,5624837210.217366
7298,7.5,30.1228759765625,5060528456.040813
7299,7.5,30.13037109375,5064220282.778585
7300,3.75,30.1378662109375,5629217572.920961
7301,3.75,30.145361328125,5633597935.6245575
7302,7.5,30.1378662109375,5067912109.516357
7303,7.5,30.145361328125,5071603936.254129
7304,3.75,30.1528564453125,5637978298.3281555
7305,3.75,30.1603515625,5642358661.03175
7306,7.5,30.1528564453125,5075295762.991902
7307,7.5,30.1603515625,5078987589.7296715
7308,11.25,30.1078857421875,4216873588.3218007
7309,11.25,30.115380859375,4220561651.832388
7310,15.0,30.1078857421875,3380602374.0783324
7311,15.0,30.115380859375,3384286674.3617344
7312,11.25,30.1228759765625,4224249715.342974
7313,11.25,30.13037109375,4227937778.8535595
7314,15.0,30.1228759765625,3387970974.645134
7315,15.0,30.13037109375,3391655274.928534
7316,11.25,30.1378662109375,4231625842.3641458
7317,11.25,30.145361328125,4235313905.874731
7318,15.0,30.1378662109375,3395339575.211934
7319,15.0,30.145361328125,3399023875.4953346
7320,11.25,30.1528564453125,4239001969.385319
7321,11.25,30.1603515625,4242690032.8959045
7322,15.0,30.1528564453125,3402708175.7787366
7323,15.0,30.1603515625,3406392476.062136
7324,18.75,30.1078857421875,2644140332.463679
7325,18.75,30.115380859375,2643147092.3930364
7326,22.5,30.1078857421875,1907678290.8490245
7327,22.5,30.115380859375,1902007510.4243388
7328,18.75,30.1228759765625,2642153852.322395
7329,18.75,30.13037109375,2641160612.251753
7330,22.5,30.1228759765625,1896336729.9996552
7331,22.5,30.13037109375,1890665949.5749724
7332,18.75,30.1378662109375,2640167372.181112
7333,18.75,30.145361328125,2639174132.1104703
7334,22.5,30.1378662109375,1884995169.150289
7335,22.5,30.145361328125,1879324388.725606
7336,18.75,30.1528564453125,2638180892.0398283
7337,18.75,30.1603515625,2637187651.9691863
7338,22.5,30.1528564453125,1873653608.30092
7339,22.5,30.1603515625,1867982827.8762367
7340,26.25,30.1078857421875,1293889785.6028981
7341,26.25,30.115380859375,1285499774.198926
7342,30.0,30.1078857421875,925448353.0938259
7343,30.0,30.115380859375,918255729.4600831
7344,26.25,30.1228759765625,1277109762.7949576
7345,26.25,30.13037109375,1268719751.3909898
7346,30.0,30.1228759765625,911063105.8263438
7347,30.0,30.13037109375,903870482.1926042
7348,26.25,30.1378662109375,1260329739.9870217
7349,26.25,30.145361328125,1251939728.5830536
7350,30.0,30.1378662109375,896677858.5588651
7351,30.0,30.145361328125,889485234.9251257
7352,26.25,30.1528564453125,1243549717.1790817
7353,26.25,30.1603515625,1235159705.7751136
7354,30.0,30.1528564453125,882292611.2913829
7355,30.0,30.1603515625,875099987.6576434
7356,3.75,30.1678466796875,5646739023.735346
7357,3.75,30.175341796875,5651119386.438941
7358,7.5,30.1678466796875,5082679416.467443
7359,7.5,30.175341796875,5086371243.205215
7360,3.75,30.1828369140625,5655499749.142536
7361,3.75,30.19033203125,5659880111.846134
7362,7.5,30.1828369140625,5090063069.9429865
7363,7.5,30.19033203125,5093754896.680761
7364,11.25,30.1678466796875,4246378096.40649
7365,11.25,30.175341796875,4250066159.917076
7366,15.0,30.1678466796875,3410076776.345536
7367,15.0,30.175341796875,3413761076.6289363
7368,11.25,30.1828369140625,4253754223.427661
7369,11.25,30.19033203125,4257442286.93825
7370,15.0,30.1828369140625,3417445376.9123363
7371,15.0,30.19033203125,3421129677.1957383
7372,18.75,30.1678466796875,2636194411.898545
7373,18.75,30.175341796875,2635201171.8279033
7374,22.5,30.1678466796875,1862312047.4515533
7375,22.5,30.175341796875,1856641267.0268703
7376,18.75,30.1828369140625,2634207931.7572613
7377,18.75,30.19033203125,2633214691.6866198
7378,22.5,30.1828369140625,1850970486.602187
7379,22.5,30.19033203125,1845299706.1775012
7380,26.25,30.1678466796875,1226769694.3711452
7381,26.25,30.175341796875,1218379682.9671776
7382,30.0,30.1678466796875,867907364.023904
7383,30.0,30.175341796875,860714740.3901647
7384,26.25,30.1828369140625,1209989671.5632093
7385,26.25,30.19033203125,1201599660.1592374
7386,30.0,30.1828369140625,853522116.7564254
7387,30.0,30.19033203125,846329493.1226826
7388,3.75,30.1978271484375,5664260474.549729
7389,3.75,30.2,5665530351.685299
7390,3.75,30.205322265625,5668640837.2533245
7391,7.5,30.1978271484375,5097446723.418532
7392,7.5,30.2,5098516992.407658
7393,7.5,30.205322265625,5101138550.156303
7394,11.25,30.1978271484375,4261130350.4488354
7395,11.25,30.2,4262199528.469819
7396,11.25,30.205322265625,4264818413.959421
7397,15.0,30.1978271484375,3424813977.479138
7398,15.0,30.2,3425882064.53198
7399,15.0,30.205322265625,3428498277.762538
7400,18.75,30.1978271484375,2632221451.615978
7401,18.75,30.2,2631933509.0547824
7402,18.75,30.205322265625,2631228211.5453362
7403,22.5,30.1978271484375,1839628925.752818
7404,22.5,30.2,1837984953.577585
7405,22.5,30.205322265625,1833958145.328135
7406,26.25,30.1978271484375,1193209648.755269
7407,26.25,30.2,1190777365.318941
7408,26.25,30.205322265625,1184819637.3513012
7409,30.0,30.1978271484375,839136869.4889431
7410,30.0,30.2,837051711.4974043
7411,30.0,30.205322265625,831944245.8552037
7412,3.75,30.2128173828125,5673021199.956921
7413,7.5,30.2128173828125,5104830376.894075
7414,11.25,30.2128173828125,4268506477.470007
7415,15.0,30.2128173828125,3432182578.0459385
7416,3.75,30.2203125,5677401562.660517
7417,7.5,30.2203125,5108522203.631847
7418,11.25,30.2203125,4272194540.9805927
7419,15.0,30.2203125,3435866878.329338
7420,18.75,30.2128173828125,2630234971.4746947
7421,22.5,30.2128173828125,1828287364.9034517
7422,18.75,30.2203125,2629241731.404053
7423,22.5,30.2203125,1822616584.4787683
7424,26.25,30.2128173828125,1176429625.947333
7425,30.0,30.2128173828125,824751622.2214644
7426,26.25,30.2203125,1168039614.5433652
7427,30.0,30.2203125,817558998.5877249
7428,33.75,29.860546875,499592544.9099554
7429,37.5,29.860546875,306453371.13232344
7430,33.75,29.98046875,517747883.27879715
7431,37.5,29.98046875,322186330.32450676
7432,41.25,29.860546875,188065412.00545785
7433,45.0,29.860546875,69677452.87859231
7434,41.25,29.98046875,201560210.79560623
7435,45.0,29.98046875,80934091.26670563
7436,33.75,30.0404296875,540605702.9468402
7437,37.5,30.0404296875,339675364.00072193
7438,33.75,30.07041015625,552034612.7808604
7439,37.5,30.07041015625,348419880.8388285
7440,33.75,30.085400390625,557749067.6978719
7441,37.5,30.085400390625,352792139.25788283
7442,33.75,30.0928955078125,560606295.1563768
7443,33.75,30.100390625,563002156.4482646
7444,37.5,30.0928955078125,354978268.46740943
7445,37.5,30.100390625,356864687.03230006
7446,41.25,30.0404296875,217083094.20132828
7447,45.0,30.0404296875,94490824.40193464
7448,41.25,30.07041015625,224844535.9041884
7449,45.0,30.07041015625,101269190.96954834
7450,41.25,30.085400390625,228725256.7556194
7451,45.0,30.085400390625,104658374.25335598
7452,41.25,30.0928955078125,230665617.18133444
7453,41.25,30.100390625,232477893.04800344
7454,45.0,30.0928955078125,106352965.89525941
7455,45.0,30.100390625,108091099.06370682
7456,33.75,30.1078857421875,557006920.584754
7457,33.75,30.115380859375,551011684.7212404
7458,37.5,30.1078857421875,353300118.2478419
7459,37.5,30.115380859375,349735549.46338195
7460,33.75,30.1228759765625,545016448.8577297
7461,33.75,30.13037109375,539021212.9942191
7462,37.5,30.1228759765625,346170980.67892367
7463,37.5,30.13037109375,342606411.89446557
7464,33.75,30.1378662109375,533025977.1307084
7465,33.75,30.145361328125,527030741.2671978
7466,37.5,30.1378662109375,339041843.11000735
7467,37.5,30.145361328125,335477274.3255492
7468,33.75,30.1528564453125,521035505.40368414
7469,33.75,30.1603515625,515040269.54017335
7470,37.5,30.1528564453125,331912705.5410893
7471,37.5,30.1603515625,328348136.756631
7472,41.25,30.1078857421875,231960630.99700966
7473,41.25,30.115380859375,231443368.9460156
7474,45.0,30.1078857421875,110621143.74617742
7475,45.0,30.115380859375,113151188.42864922
7476,41.25,30.1228759765625,230926106.89502174
7477,41.25,30.13037109375,230408844.844028
7478,45.0,30.1228759765625,115681233.11111984
7479,45.0,30.13037109375,118211277.79359043
7480,41.25,30.1378662109375,229891582.7930342
7481,41.25,30.145361328125,229374320.7420404
7482,45.0,30.1378662109375,120741322.47606102
7483,45.0,30.145361328125,123271367.15853164
7484,41.25,30.1528564453125,228857058.69104636
7485,41.25,30.1603515625,228339796.64005253
7486,45.0,30.1528564453125,125801411.84100343
7487,45.0,30.1603515625,128331456.52347402
7488,33.75,30.1678466796875,509045033.67666274
7489,33.75,30.175341796875,503049797.8131521
7490,37.5,30.1678466796875,324783567.97217286
7491,37.5,30.175341796875,321218999.18771464
7492,33.75,30.1828369140625,497054561.9496413
7493,33.75,30.19033203125,491059326.0861279
7494,37.5,30.1828369140625,317654430.4032564
7495,37.5,30.19033203125,314089861.61879665
7496,41.25,30.1678466796875,227822534.58905876
7497,41.25,30.175341796875,227305272.53806496
7498,45.0,30.1678466796875,130861501.20594463
7499,45.0,30.175341796875,133391545.88841525
7500,41.25,30.1828369140625,226788010.48707113
7501,41.25,30.19033203125,226270748.43607715
7502,45.0,30.1828369140625,135921590.57088584
7503,45.0,30.19033203125,138451635.25335765
7504,33.75,30.1978271484375,485064090.2226171
7505,33.75,30.2,483326057.67586744
7506,33.75,30.205322265625,479068854.3591064
7507,37.5,30.1978271484375,310525292.83433837
7508,37.5,30.2,309491916.21604323
7509,37.5,30.205322265625,306960724.0498802
7510,41.25,30.1978271484375,225753486.3850833
7511,41.25,30.2,225603530.9370754
7512,41.25,30.205322265625,225236224.33408952
7513,45.0,30.1978271484375,140981679.93582824
7514,45.0,30.2,141715145.65810758
7515,45.0,30.205322265625,143511724.61829883
7516,33.75,30.2128173828125,473073618.4955957
7517,37.5,30.2128173828125,303396155.26542205
7518,33.75,30.2203125,467078382.6320851
7519,37.5,30.2203125,299831586.48096377
7520,41.25,30.2128173828125,224718962.28309572
7521,45.0,30.2128173828125,146041769.30076945
7522,41.25,30.2203125,224201700.23210192
7523,45.0,30.2203125,148571813.98324004
7524,48.75,29.860546875,56053185.126572385
7525,52.5,29.860546875,42428917.37455247
7526,48.75,29.98046875,64182815.127248794
7527,52.5,29.98046875,47431538.98779194
7528,56.25,29.860546875,29443625.538665038
7529,60.0,29.860546875,17736285.535042584
7530,56.25,29.98046875,31952913.274917215
7531,60.0,29.98046875,19019588.415206708
7532,48.75,30.0404296875,73295614.17092456
7533,52.5,30.0404296875,52100403.93991448
7534,48.75,30.07041015625,77852013.69276191
7535,52.5,30.07041015625,54434836.41597548
7536,48.75,30.085400390625,80130213.45368111
7537,52.5,30.085400390625,55602052.65400626
7538,48.75,30.0928955078125,81269313.33414046
7539,48.75,30.100390625,82433559.73142622
7540,52.5,30.0928955078125,56185660.773021504
7541,52.5,30.100390625,56776020.39914564
7542,56.25,30.0404296875,33393628.49207049
7543,60.0,30.0404296875,19663722.61055867
7544,56.25,30.07041015625,34113986.100647055
7545,60.0,30.07041015625,19985789.708234612
7546,56.25,30.085400390625,34474164.90493542
7547,60.0,30.085400390625,20146823.257072616
7548,56.25,30.0928955078125,34654254.30707955
7549,56.25,30.100390625,34830042.56841653
7550,60.0,30.0928955078125,20227340.031491607
7551,60.0,30.100390625,20307187.740790367
7552,48.75,30.1078857421875,84055158.40349542
7553,48.75,30.115380859375,85676757.07556538
7554,52.5,30.1078857421875,57489173.06081342
7555,52.5,30.115380859375,58202325.722481534
7556,48.75,30.1228759765625,87298355.74763456
7557,48.75,30.13037109375,88919954.41970375
7558,52.5,30.1228759765625,58915478.384149306
7559,52.5,30.13037109375,59628631.045817085
7560,48.75,30.1378662109375,90541553.09177294
7561,48.75,30.145361328125,92163151.76384212
7562,52.5,30.1378662109375,60341783.70748486
7563,52.5,30.145361328125,61054936.369152635
7564,48.75,30.1528564453125,93784750.4359121
7565,48.75,30.1603515625,95406349.10798128
7566,52.5,30.1528564453125,61768089.03082075
7567,52.5,30.1603515625,62481241.69248852
7568,56.25,30.1078857421875,34927603.83132279
7569,56.25,30.115380859375,35025165.094229095
7570,60.0,30.1078857421875,20374866.828214895
7571,60.0,30.115380859375,20442545.915639464
7572,56.25,30.1228759765625,35122726.35713534
7573,56.25,30.13037109375,35220287.62004161
7574,60.0,30.1228759765625,20510225.003063988
7575,60.0,30.13037109375,20577904.09048852
7576,56.25,30.1378662109375,35317848.88294786
7577,56.25,30.145361328125,35415410.14585412
7578,60.0,30.1378662109375,20645583.17791306
7579,60.0,30.145361328125,20713262.26533759
7580,56.25,30.1528564453125,35512971.408760436
7581,56.25,30.1603515625,35610532.67166668
7582,60.0,30.1528564453125,20780941.35276215
7583,60.0,30.1603515625,20848620.440186687
7584,48.75,30.1678466796875,97027947.78005047
7585,48.75,30.175341796875,98649546.45211966
7586,52.5,30.1678466796875,63194394.3541563
7587,52.5,30.175341796875,63907547.01582408
7588,48.75,30.1828369140625,100271145.12418884
7589,48.75,30.19033203125,101892743.7962588
7590,52.5,30.1828369140625,64620699.67749185
7591,52.5,30.19033203125,65333852.33915997
7592,56.25,30.1678466796875,35708093.93457294
7593,56.25,30.175341796875,35805655.19747921
7594,60.0,30.1678466796875,20916299.527611215
7595,60.0,30.175341796875,20983978.61503575
7596,56.25,30.1828369140625,35903216.460385464
7597,56.25,30.19033203125,36000777.72329177
7598,60.0,30.1828369140625,21051657.702460278
7599,60.0,30.19033203125,21119336.789884847
7600,48.75,30.1978271484375,103514342.46832798
7601,48.75,30.2,103984447.62081684
7602,48.75,30.205322265625,105135941.14039719
7603,52.5,30.1978271484375,66047005.00082774
7604,52.5,30.2,66253749.583526105
7605,52.5,30.205322265625,66760157.66249552
7606,56.25,30.1978271484375,36098338.98619803
7607,56.25,30.2,36126622.21876693
7608,56.25,30.205322265625,36195900.24910429
7609,60.0,30.1978271484375,21187015.87730938
7610,60.0,30.2,21206636.19907088
7611,60.0,30.205322265625,21254694.96473391
7612,48.75,30.2128173828125,106757539.81246637
7613,52.5,30.2128173828125,67473310.32416329
7614,48.75,30.2203125,108379138.48453556
7615,52.5,30.2203125,68186462.98583107
7616,56.25,30.2128173828125,36293461.512010545
7617,60.0,30.2128173828125,21322374.05215844
7618,56.25,30.2203125,36391022.774916805
7619,60.0,30.2203125,21390053.139582973
7620,3.75,30.2278076171875,5681781925.364114
7621,7.5,30.2278076171875,5112214030.36962
7622,11.25,30.2278076171875,4275882604.4911804
7623,15.0,30.2278076171875,3439551178.61274
7624,18.75,30.2278076171875,2628248491.333411
7625,22.5,30.2278076171875,1816945804.0540824
7626,26.25,30.2278076171875,1159649603.139393
7627,30.0,30.2278076171875,810366374.9539824
7628,3.75,30.235302734375,5686162288.067709
7629,7.5,30.235302734375,5115905857.107391
7630,11.25,30.235302734375,4279570668.001766
7631,15.0,30.235302734375,3443235478.89614
7632,18.75,30.235302734375,2627255251.2627697
7633,22.5,30.235302734375,1811275023.6293993
7634,26.25,30.235302734375,1151259591.735425
7635,30.0,30.235302734375,803173751.3202429
7636,3.75,30.2427978515625,5690542650.771304
7637,7.5,30.2427978515625,5119597683.845163
7638,11.25,30.2427978515625,4283258731.5123515
7639,15.0,30.2427978515625,3446919779.17954
7640,18.75,30.2427978515625,2626262011.192128
7641,22.5,30.2427978515625,1805604243.204716
7642,26.25,30.2427978515625,1142869580.331457
7643,30.0,30.2427978515625,795981127.6865035
7644,3.75,30.25029296875,5694923013.474899
7645,7.5,30.25029296875,5123289510.582935
7646,11.25,30.25029296875,4286946795.022938
7647,15.0,30.25029296875,3450604079.46294
7648,18.75,30.25029296875,2625268771.1214867
7649,22.5,30.25029296875,1799933462.7800329
7650,26.25,30.25029296875,1134479568.9274888
7651,30.0,30.25029296875,788788504.052764
7652,3.75,30.2577880859375,5699303376.178495
7653,7.5,30.2577880859375,5126981337.320707
7654,11.25,30.2577880859375,4290634858.5335236
7655,15.0,30.2577880859375,3454288379.74634
7656,18.75,30.2577880859375,2624275531.0508447
7657,22.5,30.2577880859375,1794262682.3553495
7658,26.25,30.2577880859375,1126089557.523521
7659,30.0,30.2577880859375,781595880.4190247
7660,3.75,30.265283203125,5703683738.882093
7661,7.5,30.265283203125,5130673164.05848
7662,11.25,30.265283203125,4294322922.044111
7663,15.0,30.265283203125,3457972680.0297422
7664,18.75,30.265283203125,2623282290.9802027
7665,22.5,30.265283203125,1788591901.9306638
7666,26.25,30.265283203125,1117699546.1195488
7667,30.0,30.265283203125,774403256.785282
7668,3.75,30.2727783203125,5708064101.585688
7669,7.5,30.2727783203125,5134364990.796251
7670,11.25,30.2727783203125,4298010985.554697
7671,15.0,30.2727783203125,3461656980.313142
7672,18.75,30.2727783203125,2622289050.9095616
7673,22.5,30.2727783203125,1782921121.5059805
7674,26.25,30.2727783203125,1109309534.7155807
7675,30.0,30.2727783203125,767210633.1515425
7676,3.75,30.2802734375,5712444464.289283
7677,7.5,30.2802734375,5138056817.534023
7678,11.25,30.2802734375,4301699049.065282
7679,15.0,30.2802734375,3465341280.596542
7680,18.75,30.2802734375,2621295810.8389196
7681,22.5,30.2802734375,1777250341.0812974
7682,26.25,30.2802734375,1100919523.3116126
7683,30.0,30.2802734375,760018009.5178032
7684,3.75,30.2877685546875,5716824826.992879
7685,7.5,30.2877685546875,5141748644.271794
7686,11.25,30.2877685546875,4305387112.575869
7687,15.0,30.2877685546875,3469025580.879942
7688,18.75,30.2877685546875,2620302570.7682786
7689,22.5,30.2877685546875,1771579560.656614
7690,26.25,30.2877685546875,1092529511.9076445
7691,30.0,30.2877685546875,752825385.8840637
7692,3.75,30.295263671875,5721205189.696474
7693,7.5,30.295263671875,5145440471.009565
7694,11.25,30.295263671875,4309075176.086453
7695,15.0,30.295263671875,3472709881.163342
7696,18.75,30.295263671875,2619309330.6976366
7697,22.5,30.295263671875,1765908780.2319307
7698,26.25,30.295263671875,1084139500.5036764
7699,30.0,30.295263671875,745632762.2503244
7700,3.75,30.3027587890625,5723189124.241401
7701,7.5,30.3027587890625,5146250388.096934
7702,11.25,30.3027587890625,4307566506.498664
7703,15.0,30.3027587890625,3468882624.9003925
7704,18.75,30.3027587890625,2615737788.3119307
7705,22.5,30.3027587890625,1762592951.7234685
7706,26.25,30.3027587890625,1080948593.222115
7707,30.0,30.3027587890625,742305190.8949778
7708,3.75,30.31025390625,5721058836.991793
7709,7.5,30.31025390625,5142112601.89069
7710,11.25,30.31025390625,4297136011.945519
7711,15.0,30.31025390625,3452159422.000349
7712,18.75,30.31025390625,2607739780.00479
7713,22.5,30.31025390625,1763320138.009231
7714,26.25,30.31025390625,1086683581.51354
7715,30.0,30.31025390625,745613196.0175853
7716,3.75,30.325244140625,5716798262.492576
7717,7.5,30.325244140625,5133837029.478201
7718,11.25,30.325244140625,4276275022.8392324
7719,15.0,30.325244140625,3418713016.200263
7720,18.75,30.325244140625,2591743763.39051
7721,22.5,30.325244140625,1764774510.580756
7722,26.25,30.325244140625,1098153558.0963905
7723,30.0,30.325244140625,752229206.2628003
7724,3.75,30.340234375,5712537687.993358
7725,7.5,30.340234375,5125561457.06571
7726,11.25,30.340234375,4255414033.7329397
7727,15.0,30.340234375,3385266610.4001684
7728,18.75,30.340234375,2575747746.776225
7729,22.5,30.340234375,1766228883.1522818
7730,26.25,30.340234375,1109623534.6792436
7731,30.0,30.340234375,758845216.508017
7732,3.75,30.355224609375,5708277113.494142
7733,7.5,30.355224609375,5117285884.65322
7734,11.25,30.355224609375,4234553044.6266513
7735,15.0,30.355224609375,3351820204.6000824
7736,18.75,30.355224609375,2559751730.1619444
7737,22.5,30.355224609375,1767683255.7238069
7738,26.25,30.355224609375,1121093511.262094
7739,30.0,30.355224609375,765461226.7532318
7740,3.75,30.37021484375,5704016538.994925
7741,7.5,30.37021484375,5109010312.240731
7742,11.25,30.37021484375,4213692055.5203633
7743,15.0,30.37021484375,3318373798.7999954
7744,18.75,30.37021484375,2543755713.547663
7745,22.5,30.37021484375,1769137628.2953315
7746,26.25,30.37021484375,1132563487.8449445
7747,30.0,30.37021484375,772077236.9984467
7748,3.75,30.385205078125,5699755964.4957075
7749,7.5,30.385205078125,5100734739.828239
7750,11.25,30.385205078125,4192831066.41407
7751,15.0,30.385205078125,3284927392.999901
7752,18.75,30.385205078125,2527759696.9333787
7753,22.5,30.385205078125,1770592000.8668568
7754,26.25,30.385205078125,1144033464.4277973
7755,30.0,30.385205078125,778693247.2436633
7756,3.75,30.4001953125,5695495389.9964905
7757,7.5,30.4001953125,5092459167.4157505
7758,11.25,30.4001953125,4171970077.3077826
7759,15.0,30.4001953125,3251480987.199815
7760,18.75,30.4001953125,2511763680.3190985
7761,22.5,30.4001953125,1772046373.4383821
7762,26.25,30.4001953125,1155503441.010648
7763,30.0,30.4001953125,785309257.4888784
7764,3.75,30.41518554687499,5691234815.497276
7765,7.5,30.41518554687499,5084183595.003265
7766,11.25,30.41518554687499,4151109088.2015047
7767,15.0,30.41518554687499,3218034581.399744
7768,18.75,30.41518554687499,2495767663.704825
7769,22.5,30.41518554687499,1773500746.0099068
7770,26.25,30.41518554687499,1166973417.593493
7771,30.0,30.41518554687499,791925267.7340901
7772,3.75,30.43017578125,5686974240.998056
7773,7.5,30.43017578125,5075908022.590771
7774,11.25,30.43017578125,4130248099.0952024
7775,15.0,30.43017578125,3184588175.599634
7776,18.75,30.43017578125,2479771647.0905333
7777,22.5,30.43017578125,1774955118.5814328
7778,26.25,30.43017578125,1178443394.1763513
7779,30.0,30.43017578125,798541277.9793099
7780,3.75,30.445166015625,5682713666.49884
7781,7.5,30.445166015625,5067632450.178282
7782,11.25,30.445166015625,4109387109.9889145
7783,15.0,30.445166015625,3151141769.7995477
7784,18.75,30.445166015625,2463775630.4762526
7785,22.5,30.445166015625,1776409491.1529574
7786,26.25,30.445166015625,1189913370.7592018
7787,30.0,30.445166015625,805157288.2245249
7788,3.75,30.46015625,5678453091.999623
7789,7.5,30.46015625,5059356877.765791
7790,11.25,30.46015625,4088526120.882622
7791,15.0,30.46015625,3117695363.999453
7792,18.75,30.46015625,2447779613.861968
7793,22.5,30.46015625,1777863863.724483
7794,26.25,30.46015625,1201383347.342055
7795,30.0,30.46015625,811773298.4697413
7796,33.75,30.2278076171875,461083146.7685715
7797,37.5,30.2278076171875,296267017.6965039
7798,41.25,30.2278076171875,223684438.18110788
7799,45.0,30.2278076171875,151101858.66571185
7800,33.75,30.235302734375,455087910.90506077
7801,37.5,30.235302734375,292702448.91204566
7802,41.25,30.235302734375,223167176.13011408
7803,45.0,30.235302734375,153631903.34818244
7804,33.75,30.2427978515625,449092675.04155004
7805,37.5,30.2427978515625,289137880.12758744
7806,41.25,30.2427978515625,222649914.07912028
7807,45.0,30.2427978515625,156161948.03065306
7808,33.75,30.25029296875,443097439.17803943
7809,37.5,30.25029296875,285573311.3431293
7810,41.25,30.25029296875,222132652.02812648
7811,45.0,30.25029296875,158691992.71312365
7812,33.75,30.2577880859375,437102203.3145287
7813,37.5,30.2577880859375,282008742.5586711
7814,41.25,30.2577880859375,221615389.97713268
7815,45.0,30.2577880859375,161222037.39559427
7816,33.75,30.265283203125,431106967.4510151
7817,37.5,30.265283203125,278444173.7742112
7818,41.25,30.265283203125,221098127.92613864
7819,45.0,30.265283203125,163752082.07806605
7820,33.75,30.2727783203125,425111731.5875045
7821,37.5,30.2727783203125,274879604.989753
7822,41.25,30.2727783203125,220580865.87514484
7823,45.0,30.2727783203125,166282126.76053667
7824,33.75,30.2802734375,419116495.7239938
7825,37.5,30.2802734375,271315036.20529485
7826,41.25,30.2802734375,220063603.82415104
7827,45.0,30.2802734375,168812171.44300726
7828,33.75,30.2877685546875,413121259.86048305
7829,37.5,30.2877685546875,267750467.42083657
7830,41.25,30.2877685546875,219546341.77315724
7831,45.0,30.2877685546875,171342216.12547788
7832,33.75,30.295263671875,407126023.9969724
7833,37.5,30.295263671875,264185898.6363784
7834,41.25,30.295263671875,219029079.72216344
7835,45.0,30.295263671875,173872260.80794847
7836,33.75,30.3027587890625,403661788.5678407
7837,37.5,30.3027587890625,261697678.53024745
7838,41.25,30.3027587890625,218073214.6374261
7839,45.0,30.3027587890625,174448750.74460474
7840,33.75,30.31025390625,404542810.5216304
7841,37.5,30.31025390625,261057349.07540745
7842,41.25,30.31025390625,216364349.65405044
7843,45.0,30.31025390625,171671350.2326934
7844,33.75,30.325244140625,406304854.42921007
7845,37.5,30.325244140625,259776690.16572767
7846,41.25,30.325244140625,212946619.68729928
7847,45.0,30.325244140625,166116549.20887077
7848,33.75,30.340234375,408066898.3367901
7849,37.5,30.340234375,258496031.25604758
7850,41.25,30.340234375,209528889.7205472
7851,45.0,30.340234375,160561748.18504685
7852,33.75,30.355224609375,409828942.24436957
7853,37.5,30.355224609375,257215372.34636772
7854,41.25,30.355224609375,206111159.75379592
7855,45.0,30.355224609375,155006947.1612242
7856,33.75,30.37021484375,411590986.15194917
7857,37.5,30.37021484375,255934713.43668786
7858,41.25,30.37021484375,202693429.7870447
7859,45.0,30.37021484375,149452146.13740158
7860,33.75,30.385205078125,413353030.0595292
7861,37.5,30.385205078125,254654054.52700773
7862,41.25,30.385205078125,199275699.82029265
7863,45.0,30.385205078125,143897345.1135776
7864,33.75,30.4001953125,415115073.9671087
7865,37.5,30.4001953125,253373395.6173279
7866,41.25,30.4001953125,195857969.85354146
7867,45.0,30.4001953125,138342544.089755
7868,33.75,30.41518554687499,416877117.87468743
7869,37.5,30.41518554687499,252092736.70764866
7870,41.25,30.41518554687499,192440239.88679183
7871,45.0,30.41518554687499,132787743.06593499
7872,33.75,30.43017578125,418639161.7822683
7873,37.5,30.43017578125,250812077.7979679
7874,41.25,30.43017578125,189022509.92003816
7875,45.0,30.43017578125,127232942.0421084
7876,33.75,30.445166015625,420401205.6898479
7877,37.5,30.445166015625,249531418.8882881
7878,41.25,30.445166015625,185604779.95328695
7879,45.0,30.445166015625,121678141.01828578
7880,33.75,30.46015625,422163249.59742785
7881,37.5,30.46015625,248250759.97860798
7882,41.25,30.46015625,182187049.9865349
7883,45.0,30.46015625,116123339.99446182
7884,48.75,30.2278076171875,110000737.1566055
7885,52.5,30.2278076171875,68899615.64749919
7886,48.75,30.235302734375,111622335.82867472
7887,52.5,30.235302734375,69612768.30916695
7888,56.25,30.2278076171875,36488584.0378231
7889,60.0,30.2278076171875,21457732.227007538
7890,56.25,30.235302734375,36586145.300729364
7891,60.0,30.235302734375,21525411.31443207
7892,48.75,30.2427978515625,113243934.5007439
7893,52.5,30.2427978515625,70325920.97083473
7894,48.75,30.25029296875,114865533.17281309
7895,52.5,30.25029296875,71039073.63250253
7896,56.25,30.2427978515625,36683706.563635625
7897,60.0,30.2427978515625,21593090.4018566
7898,56.25,30.25029296875,36781267.826541886
7899,60.0,30.25029296875,21660769.489281133
7900,48.75,30.2577880859375,116487131.84488228
7901,52.5,30.2577880859375,71752226.29417029
7902,48.75,30.265283203125,118108730.51695222
7903,52.5,30.265283203125,72465378.95583841
7904,56.25,30.2577880859375,36878829.08944815
7905,60.0,30.2577880859375,21728448.576705664
7906,56.25,30.265283203125,36976390.352354445
7907,60.0,30.265283203125,21796127.664130233
7908,48.75,30.2727783203125,119730329.18902142
7909,52.5,30.2727783203125,73178531.61750618
7910,48.75,30.2802734375,121351927.8610906
7911,52.5,30.2802734375,73891684.27917396
7912,56.25,30.2727783203125,37073951.615260705
7913,60.0,30.2727783203125,21863806.75155476
7914,56.25,30.2802734375,37171512.87816696
7915,60.0,30.2802734375,21931485.838979296
7916,48.75,30.2877685546875,122973526.5331598
7917,52.5,30.2877685546875,74604836.94084173
7918,48.75,30.295263671875,124595125.20522898
7919,52.5,30.295263671875,75317989.60250951
7920,56.25,30.2877685546875,37269074.14107322
7921,60.0,30.2877685546875,21999164.926403828
7922,56.25,30.295263671875,37366635.40397948
7923,60.0,30.295263671875,22066844.01382836
7924,48.75,30.3027587890625,125125427.5326228
7925,52.5,30.3027587890625,75802104.32064082
7926,48.75,30.31025390625,123782176.84349315
7927,52.5,30.31025390625,75893003.4542929
7928,56.25,30.3027587890625,37763397.96139522
7929,60.0,30.3027587890625,22293925.307622362
7930,56.25,30.31025390625,38673833.537702955
7931,60.0,30.31025390625,22794670.566333614
7932,48.75,30.325244140625,121095675.46523394
7933,52.5,30.325244140625,76074801.72159708
7934,48.75,30.340234375,118409174.08697405
7935,52.5,30.340234375,76256599.98890129
7936,56.25,30.325244140625,40494704.69031841
7937,60.0,30.325244140625,23796161.083756123
7938,56.25,30.340234375,42315575.8429343
7939,60.0,30.340234375,24797651.601178873
7940,48.75,30.355224609375,115722672.70871483
7941,52.5,30.355224609375,76438398.25620545
7942,48.75,30.37021484375,113036171.3304556
7943,52.5,30.37021484375,76620196.52350962
7944,56.25,30.355224609375,44136446.99554975
7945,60.0,30.355224609375,25799142.118601386
7946,56.25,30.37021484375,45957318.14816521
7947,60.0,30.37021484375,26800632.636023894
7948,48.75,30.385205078125,110349669.95219572
7949,52.5,30.385205078125,76801994.79081383
7950,48.75,30.4001953125,107663168.57393649
7951,52.5,30.4001953125,76983793.05811802
7952,56.25,30.385205078125,47778189.3007811
7953,60.0,30.385205078125,27802123.153446637
7954,56.25,30.4001953125,49599060.45339655
7955,60.0,30.4001953125,28803613.670869153
7956,48.75,30.41518554687499,104976667.19567853
7957,52.5,30.41518554687499,77165591.3254221
7958,48.75,30.43017578125,102290165.8174174
7959,52.5,30.43017578125,77347389.59272641
7960,56.25,30.41518554687499,51419931.60601115
7961,60.0,30.41518554687499,29805104.188291185
7962,56.25,30.43017578125,53240802.75862789
7963,60.0,30.43017578125,30806594.70571441
7964,48.75,30.445166015625,99603664.43915817
7965,52.5,30.445166015625,77529187.86003056
7966,48.75,30.46015625,96917163.06089829
7967,52.5,30.46015625,77710986.12733477
7968,56.25,30.445166015625,55061673.91124335
7969,60.0,30.445166015625,31808085.223136917
7970,56.25,30.46015625,56882545.06385925
7971,60.0,30.46015625,32809575.740559667
7972,3.75,30.475146484375,5674192517.500406
7973,7.5,30.475146484375,5051081305.3533
7974,11.25,30.475146484375,4067665131.7763343
7975,15.0,30.475146484375,3084248958.1993666
7976,18.75,30.475146484375,2431783597.2476873
7977,22.5,30.475146484375,1779318236.296008
7978,26.25,30.475146484375,1212853323.9249053
7979,30.0,30.475146484375,818389308.7149565
7980,3.75,30.49013671875,5669931943.001189
7981,7.5,30.49013671875,5042805732.940809
7982,11.25,30.49013671875,4046804142.670041
7983,15.0,30.49013671875,3050802552.399272
7984,18.75,30.49013671875,2415787580.633403
7985,22.5,30.49013671875,1780772608.8675332
7986,26.25,30.49013671875,1224323300.5077584
7987,30.0,30.49013671875,825005318.960173
7988,3.75,30.505126953125,5664906428.658346
7989,7.5,30.505126953125,5036224073.06526
7990,11.25,30.505126953125,4033380765.0209537
7991,15.0,30.505126953125,3030537456.9766474
7992,18.75,30.505126953125,2407177042.6908174
7993,22.5,30.505126953125,1783816628.4049861
7994,26.25,30.505126953125,1233879277.3894026
7995,30.0,30.505126953125,830788052.9143122
7996,3.75,30.5201171875,5658409315.759194
7997,7.5,30.5201171875,5032901178.260776
7998,11.25,30.5201171875,4034265935.127622
7999,15.0,30.5201171875,3035630691.9944696
8000,18.75,30.5201171875,2412774758.9547276
8001,22.5,30.5201171875,1789918825.9149864
8002,26.25,30.5201171875,1239753083.4172976
8003,30.0,30.5201171875,834967722.0037154
8004,3.75,30.535107421875,5651912202.860041
8005,7.5,30.535107421875,5029578283.456289
8006,11.25,30.535107421875,4035151105.234291
8007,15.0,30.535107421875,3040723927.0122924
8008,18.75,30.535107421875,2418372475.21864
8009,22.5,30.535107421875,1796021023.424987
8010,26.25,30.535107421875,1245626889.4451938
8011,30.0,30.535107421875,839147391.0931193
8012,3.75,30.55009765625,5645415089.96089
8013,7.5,30.55009765625,5026255388.651805
8014,11.25,30.55009765625,4036036275.34096
8015,15.0,30.55009765625,3045817162.030114
8016,18.75,30.55009765625,2423970191.4825506
8017,22.5,30.55009765625,1802123220.9349868
8018,26.25,30.55009765625,1251500695.473089
8019,30.0,30.55009765625,843327060.1825223
8020,3.75,30.565087890625,5638917977.061736
8021,7.5,30.565087890625,5022932493.847319
8022,11.25,30.565087890625,4036921445.447628
8023,15.0,30.565087890625,3050910397.0479374
8024,18.75,30.565087890625,2429567907.746463
8025,22.5,30.565087890625,1808225418.444988
8026,26.25,30.565087890625,1257374501.5009851
8027,30.0,30.565087890625,847506729.2719264
8028,3.75,30.580078125,5632420864.162585
8029,7.5,30.580078125,5019609599.042833
8030,11.25,30.580078125,4037806615.5542965
8031,15.0,30.580078125,3056003632.065759
8032,18.75,30.580078125,2435165624.010373
8033,22.5,30.580078125,1814327615.9549875
8034,26.25,30.580078125,1263248307.5288801
8035,30.0,30.580078125,851686398.3613294
8036,33.75,30.475146484375,423925293.5050074
8037,37.5,30.475146484375,246970101.06892812
8038,41.25,30.475146484375,178769320.01978365
8039,45.0,30.475146484375,110568538.97063918
8040,33.75,30.49013671875,425687337.4125874
8041,37.5,30.49013671875,245689442.159248
8042,41.25,30.49013671875,175351590.05303162
8043,45.0,30.49013671875,105013737.94681524
8044,33.75,30.505126953125,427696828.4392218
8045,37.5,30.505126953125,245235333.5014097
8046,41.25,30.505126953125,173088703.3322368
8047,45.0,30.505126953125,100942073.1630639
8048,33.75,30.5201171875,430182360.59013295
8049,37.5,30.5201171875,246371350.08997124
8050,41.25,30.5201171875,173047515.04651982
8051,45.0,30.5201171875,99723680.00306837
8052,33.75,30.535107421875,432667892.74104464
8053,37.5,30.535107421875,247507366.678533
8054,41.25,30.535107421875,173006326.76080275
8055,45.0,30.535107421875,98505286.84307253
8056,33.75,30.55009765625,435153424.89195573
8057,37.5,30.55009765625,248643383.26709446
8058,41.25,30.55009765625,172965138.47508574
8059,45.0,30.55009765625,97286893.68307701
8060,33.75,30.565087890625,437638957.04286754
8061,37.5,30.565087890625,249779399.85565627
8062,41.25,30.565087890625,172923950.18936872
8063,45.0,30.565087890625,96068500.52308118
8064,33.75,30.580078125,440124489.19377863
8065,37.5,30.580078125,250915416.44421774
8066,41.25,30.580078125,172882761.90365168
8067,45.0,30.580078125,94850107.36308566
8068,48.75,30.475146484375,94230661.68263908
8069,52.5,30.475146484375,77892784.39463896
8070,48.75,30.49013671875,91544160.30437921
8071,52.5,30.49013671875,78074582.66194317
8072,56.25,30.475146484375,58703416.2164747
8073,60.0,30.475146484375,33811066.25798217
8074,56.25,30.49013671875,60524287.36909058
8075,60.0,30.49013671875,34812556.77540492
8076,48.75,30.505126953125,89264344.82466416
8077,52.5,30.505126953125,77586616.48626444
8078,48.75,30.5201171875,87766915.5497674
8079,52.5,30.5201171875,75810151.09646644
8080,56.25,30.505126953125,61142820.559639685
8081,60.0,30.505126953125,35166889.456564896
8082,56.25,30.5201171875,59448284.52792813
8083,60.0,30.5201171875,34276213.72891519
8084,48.75,30.535107421875,86269486.27487026
8085,52.5,30.535107421875,74033685.70666799
8086,48.75,30.55009765625,84772056.9999735
8087,52.5,30.55009765625,72257220.31686999
8088,56.25,30.535107421875,57753748.49621617
8089,60.0,30.535107421875,33385538.001265272
8090,56.25,30.55009765625,56059212.46450462
8091,60.0,30.55009765625,32494862.273615576
8092,48.75,30.565087890625,83274627.72507638
8093,52.5,30.565087890625,70480754.92707154
8094,48.75,30.580078125,81777198.4501796
8095,52.5,30.580078125,68704289.53727354
8096,56.25,30.565087890625,54364676.43279267
8097,60.0,30.565087890625,31604186.545965664
8098,56.25,30.580078125,52670140.401081115
8099,60.0,30.580078125,30713510.818315964
8100,3.75,30.595068359375,5625923751.2634325
8101,7.5,30.595068359375,5016286704.238349
8102,11.25,30.595068359375,4038691785.6609654
8103,15.0,30.595068359375,3061096867.083581
8104,18.75,30.595068359375,2440763340.2742844
8105,22.5,30.595068359375,1820429813.4649873
8106,26.25,30.595068359375,1269122113.556775
8107,30.0,30.595068359375,855866067.4507325
8108,3.75,30.61005859375,5619426638.36428
8109,7.5,30.61005859375,5012963809.433863
8110,11.25,30.61005859375,4039576955.767634
8111,15.0,30.61005859375,3066190102.101404
8112,18.75,30.61005859375,2446361056.538196
8113,22.5,30.61005859375,1826532010.9749885
8114,26.25,30.61005859375,1274995919.5846715
8115,30.0,30.61005859375,860045736.5401365
8116,3.75,30.625048828125,5612929525.465128
8117,7.5,30.625048828125,5009640914.629379
8118,11.25,30.625048828125,4040462125.874303
8119,15.0,30.625048828125,3071283337.119226
8120,18.75,30.625048828125,2451958772.802107
8121,22.5,30.625048828125,1832634208.484988
8122,26.25,30.625048828125,1280869725.6125665
8123,30.0,30.625048828125,864225405.6295395
8124,3.75,30.6400390625,5606432412.565975
8125,7.5,30.6400390625,5006318019.824893
8126,11.25,30.6400390625,4041347295.9809713
8127,15.0,30.6400390625,3076376572.137049
8128,18.75,30.6400390625,2457556489.066019
8129,22.5,30.6400390625,1838736405.9949892
8130,26.25,30.6400390625,1286743531.6404626
8131,30.0,30.6400390625,868405074.7189436
8132,33.75,30.595068359375,442610021.3446898
8133,37.5,30.595068359375,252051433.03277922
8134,41.25,30.595068359375,172841573.61793467
8135,45.0,30.595068359375,93631714.20309013
8136,33.75,30.61005859375,445095553.49560153
8137,37.5,30.61005859375,253187449.621341
8138,41.25,30.61005859375,172800385.33221763
8139,45.0,30.61005859375,92413321.04309429
8140,33.75,30.625048828125,447581085.6465126
8141,37.5,30.625048828125,254323466.20990247
8142,41.25,30.625048828125,172759197.04650062
8143,45.0,30.625048828125,91194927.88309875
8144,33.75,30.6400390625,450066617.7974244
8145,37.5,30.6400390625,255459482.7984642
8146,41.25,30.6400390625,172718008.76078358
8147,45.0,30.6400390625,89976534.72310294
8148,48.75,30.595068359375,80279769.17528282
8149,52.5,30.595068359375,66927824.147475526
8150,48.75,30.61005859375,78782339.9003857
8151,52.5,30.61005859375,65151358.75767709
8152,56.25,30.595068359375,50975604.36936956
8153,60.0,30.595068359375,29822835.09066626
8154,56.25,30.61005859375,49281068.3376576
8155,60.0,30.61005859375,28932159.363016352
8156,48.75,30.625048828125,77284910.62548892
8157,52.5,30.625048828125,63374893.367879085
8158,48.75,30.6400390625,75787481.3505918
8159,52.5,30.6400390625,61598427.978080645
8160,56.25,30.625048828125,47586532.30594606
8161,60.0,30.625048828125,28041483.63536665
8162,56.25,30.6400390625,45891996.274234094
8163,60.0,30.6400390625,27150807.907716736
8164,3.75,30.655029296875,5599935299.666823
8165,7.5,30.655029296875,5002995125.020409
8166,11.25,30.655029296875,4042232466.08764
8167,15.0,30.655029296875,3081469807.154871
8168,18.75,30.655029296875,2463154205.32993
8169,22.5,30.655029296875,1844838603.5049887
8170,26.25,30.655029296875,1292617337.6683574
8171,30.0,30.655029296875,872584743.8083466
8172,3.75,30.67001953125,5593438186.767672
8173,7.5,30.67001953125,4999672230.215923
8174,11.25,30.67001953125,4043117636.1943083
8175,15.0,30.67001953125,3086563042.1726933
8176,18.75,30.67001953125,2468751921.5938406
8177,22.5,30.67001953125,1850940801.0149884
8178,26.25,30.67001953125,1298491143.6962526
8179,30.0,30.67001953125,876764412.8977497
8180,33.75,30.655029296875,452552149.9483355
8181,37.5,30.655029296875,256595499.38702577
8182,41.25,30.655029296875,172676820.4750666
8183,45.0,30.655029296875,88758141.5631074
8184,33.75,30.67001953125,455037682.0992467
8185,37.5,30.67001953125,257731515.97558722
8186,41.25,30.67001953125,172635632.18934953
8187,45.0,30.67001953125,87539748.40311188
8188,48.75,30.655029296875,74290052.07569502
8189,52.5,30.655029296875,59821962.58828264
8190,48.75,30.67001953125,72792622.80079824
8191,52.5,30.67001953125,58045497.19848462
8192,56.25,30.655029296875,44197460.24252254
8193,60.0,30.655029296875,26260132.180067036
8194,56.25,30.67001953125,42502924.21081099
8195,60.0,30.67001953125,25369456.452417336
8196,3.75,30.685009765625,5586941073.868518
8197,7.5,30.685009765625,4996349335.411438
8198,11.25,30.685009765625,4044002806.3009768
8199,15.0,30.685009765625,3091656277.1905155
8200,18.75,30.685009765625,2474349637.857753
8201,22.5,30.685009765625,1857042998.5249891
8202,26.25,30.685009765625,1304364949.724149
8203,30.0,30.685009765625,880944081.9871536
8204,3.75,30.7,5580443960.969366
8205,7.5,30.7,4993026440.606953
8206,11.25,30.7,4044887976.407645
8207,15.0,30.7,3096749512.208338
8208,18.75,30.7,2479947354.1216636
8209,22.5,30.7,1863145196.034989
8210,26.25,30.7,1310238755.7520437
8211,30.0,30.7,885123751.0765567
8212,33.75,30.685009765625,457523214.2501584
8213,37.5,30.685009765625,258867532.564149
8214,41.25,30.685009765625,172594443.90363252
8215,45.0,30.685009765625,86321355.24311604
8216,33.75,30.7,460008746.4010695
8217,37.5,30.7,260003549.15271047
8218,41.25,30.7,172553255.6179155
8219,45.0,30.7,85102962.08312051
8220,48.75,30.685009765625,71295193.52590112
8221,52.5,30.685009765625,56269031.80868618
8222,48.75,30.7,69797764.25100434
8223,52.5,30.7,54492566.41888818
8224,56.25,30.685009765625,40808388.17909903
8225,60.0,30.685009765625,24478780.72476742
8226,56.25,30.7,39113852.14738748
8227,60.0,30.7,23588104.99711772
8228,63.75,0.014990234375,0.0
8229,63.75,-0.0,0.0
8230,63.75,0.02998046875,0.0
8231,67.5,0.014990234375,0.0
8232,67.5,-0.0,0.0
8233,67.5,0.02998046875,0.0
8234,63.75,0.044970703125,0.0
8235,63.75,0.0599609375,0.0
8236,67.5,0.044970703125,0.0
8237,67.5,0.0599609375,0.0
8238,63.75,0.074951171875,0.0
8239,67.5,0.074951171875,0.0
8240,63.75,0.08994140625,0.0
8241,67.5,0.08994140625,0.0
8242,63.75,0.09743652343749999,0.0
8243,63.75,0.104931640625,1570945.633953486
8244,67.5,0.09743652343749999,0.0
8245,67.5,0.104931640625,0.0
8246,63.75,0.1124267578125,1537848.9138020338
8247,63.75,0.119921875,1504752.1936505816
8248,67.5,0.1124267578125,0.0
8249,67.5,0.119921875,0.0
8250,63.75,0.1274169921875,1471655.4734991293
8251,63.75,0.134912109375,1438558.7533476772
8252,67.5,0.1274169921875,0.0
8253,67.5,0.134912109375,0.0
8254,63.75,0.1424072265625,1405462.0331962248
8255,63.75,0.14990234375,1372365.313044773
8256,67.5,0.1424072265625,0.0
8257,67.5,0.14990234375,0.0
8258,63.75,0.1573974609375,1339268.5928933208
8259,63.75,0.164892578125,1306171.8727418685
8260,67.5,0.1573974609375,0.0
8261,67.5,0.164892578125,0.0
8262,63.75,0.1723876953125,1273075.1525904164
8263,63.75,0.1798828125,1239978.432438964
8264,67.5,0.1723876953125,0.0
8265,67.5,0.1798828125,0.0
8266,63.75,0.1873779296875,1206881.7122875117
8267,63.75,0.194873046875,1173784.9921360596
8268,67.5,0.1873779296875,0.0
8269,67.5,0.194873046875,0.0
8270,63.75,0.2,1151145.5418695938
8271,63.75,0.2023681640625,1140688.2719846074
8272,63.75,0.20986328125,1107591.551833155
8273,67.5,0.2,0.0
8274,67.5,0.2023681640625,0.0
8275,67.5,0.20986328125,0.0
8276,63.75,0.2173583984375,1074494.8316817032
8277,63.75,0.224853515625,1041398.1115302509
8278,67.5,0.2173583984375,0.0
8279,67.5,0.224853515625,0.0
8280,63.75,0.2323486328125,1008301.3913787985
8281,63.75,0.23984375,975204.6712273464
8282,67.5,0.2323486328125,0.0
8283,67.5,0.23984375,0.0
8284,63.75,0.2473388671875,942107.9510758941
8285,63.75,0.254833984375,909011.2309244421
8286,67.5,0.2473388671875,0.0
8287,67.5,0.254833984375,0.0
8288,63.75,0.2623291015625,875914.5107729898
8289,63.75,0.26982421875,842817.7906215375
8290,67.5,0.2623291015625,0.0
8291,67.5,0.26982421875,0.0
8292,63.75,0.2773193359375,809721.0704700854
8293,63.75,0.284814453125,776624.3503186333
8294,67.5,0.2773193359375,0.0
8295,67.5,0.284814453125,0.0
8296,63.75,0.2923095703125,743527.630167181
8297,63.75,0.2998046875,710430.9100157288
8298,67.5,0.2923095703125,0.0
8299,67.5,0.2998046875,0.0
8300,63.75,0.3072998046875,758023.3396744746
8301,63.75,0.314794921875,807774.6763515533
8302,67.5,0.3072998046875,0.0
8303,67.5,0.314794921875,0.0
8304,63.75,0.32978515625,907277.3497057107
8305,67.5,0.32978515625,0.0
8306,63.75,0.359765625,1106282.6964140255
8307,67.5,0.359765625,0.0
8308,63.75,0.4197265625,1504293.389830656
8309,67.5,0.4197265625,0.0
8310,63.75,0.4796875,1902304.0832472856
8311,67.5,0.4796875,0.0
8312,63.75,0.599609375,1287908.493843841
8313,67.5,0.599609375,0.0
8314,63.75,0.71953125,530708.8206821346
8315,67.5,0.71953125,0.0
8316,63.75,0.959375,1334385.8621529082
8317,67.5,0.959375,0.0
8318,63.75,1.4390625,2267367.9320203457
8319,67.5,1.4390625,0.0
8320,63.75,1.91875,3490968.9397983667
8321,67.5,1.91875,0.0
8322,63.75,2.3984375,1452440.2077543281
8323,63.75,2.878125,1228545.563999569
8324,67.5,2.3984375,0.0
8325,67.5,2.878125,0.0
8326,63.75,3.3578125,387744.3387990836
8327,63.75,3.8375,605612.6458442467
8328,67.5,3.3578125,0.0
8329,67.5,3.8375,0.0
8330,63.75,4.3171875,2997366.92070499
8331,63.75,4.796875,315672.9371871619
8332,67.5,4.3171875,0.0
8333,67.5,4.796875,0.0
8334,63.75,5.2765625,326007.50381863123
8335,63.75,5.75625,3589578.856542318
8336,67.5,5.2765625,0.0
8337,67.5,5.75625,0.0
8338,63.75,6.235937499999999,3353271.1545562255
8339,63.75,6.715624999999999,32011107.06244321
8340,67.5,6.235937499999999,0.0
8341,67.5,6.715624999999999,19697535.662157256
8342,63.75,7.1953125,22018865.124995243
8343,63.75,7.675,26500277.132370554
8344,67.5,7.1953125,15335503.30024704
8345,67.5,7.675,20631811.744034644
8346,71.25,0.014990234375,0.0
8347,71.25,-0.0,0.0
8348,71.25,0.02998046875,0.0
8349,75.0,0.014990234375,0.0
8350,75.0,-0.0,0.0
8351,75.0,0.02998046875,0.0
8352,71.25,0.044970703125,0.0
8353,71.25,0.0599609375,0.0
8354,75.0,0.044970703125,0.0
8355,75.0,0.0599609375,0.0
8356,71.25,0.074951171875,0.0
8357,75.0,0.074951171875,0.0
8358,71.25,0.08994140625,0.0
8359,75.0,0.08994140625,0.0
8360,71.25,0.09743652343749999,0.0
8361,71.25,0.104931640625,0.0
8362,75.0,0.09743652343749999,0.0
8363,75.0,0.104931640625,0.0
8364,71.25,0.1124267578125,0.0
8365,71.25,0.119921875,0.0
8366,75.0,0.1124267578125,0.0
8367,75.0,0.119921875,0.0
8368,71.25,0.1274169921875,0.0
8369,71.25,0.134912109375,0.0
8370,75.0,0.1274169921875,0.0
8371,75.0,0.134912109375,0.0
8372,71.25,0.1424072265625,0.0
8373,71.25,0.14990234375,0.0
8374,75.0,0.1424072265625,0.0
8375,75.0,0.14990234375,0.0
8376,71.25,0.1573974609375,0.0
8377,71.25,0.164892578125,0.0
8378,75.0,0.1573974609375,0.0
8379,75.0,0.164892578125,0.0
8380,71.25,0.1723876953125,0.0
8381,71.25,0.1798828125,0.0
8382,75.0,0.1723876953125,0.0
8383,75.0,0.1798828125,0.0
8384,71.25,0.1873779296875,0.0
8385,71.25,0.194873046875,0.0
8386,75.0,0.1873779296875,0.0
8387,75.0,0.194873046875,0.0
8388,71.25,0.2,0.0
8389,71.25,0.2023681640625,0.0
8390,71.25,0.20986328125,0.0
8391,75.0,0.2,0.0
8392,75.0,0.2023681640625,0.0
8393,75.0,0.20986328125,0.0
8394,71.25,0.2173583984375,0.0
8395,71.25,0.224853515625,0.0
8396,75.0,0.2173583984375,0.0
8397,75.0,0.224853515625,0.0
8398,71.25,0.2323486328125,0.0
8399,71.25,0.23984375,0.0
8400,75.0,0.2323486328125,0.0
8401,75.0,0.23984375,0.0
8402,71.25,0.2473388671875,0.0
8403,71.25,0.254833984375,0.0
8404,75.0,0.2473388671875,0.0
8405,75.0,0.254833984375,0.0
8406,71.25,0.2623291015625,0.0
8407,71.25,0.26982421875,0.0
8408,75.0,0.2623291015625,0.0
8409,75.0,0.26982421875,0.0
8410,71.25,0.2773193359375,0.0
8411,71.25,0.284814453125,0.0
8412,75.0,0.2773193359375,0.0
8413,75.0,0.284814453125,0.0
8414,71.25,0.2923095703125,0.0
8415,71.25,0.2998046875,0.0
8416,75.0,0.2923095703125,0.0
8417,75.0,0.2998046875,0.0
8418,71.25,0.3072998046875,0.0
8419,71.25,0.314794921875,0.0
8420,75.0,0.3072998046875,0.0
8421,75.0,0.314794921875,0.0
8422,71.25,0.32978515625,0.0
8423,75.0,0.32978515625,0.0
8424,71.25,0.359765625,0.0
8425,75.0,0.359765625,0.0
8426,71.25,0.4197265625,0.0
8427,75.0,0.4197265625,0.0
8428,71.25,0.4796875,0.0
8429,75.0,0.4796875,0.0
8430,71.25,0.599609375,0.0
8431,75.0,0.599609375,0.0
8432,71.25,0.71953125,0.0
8433,75.0,0.71953125,0.0
8434,71.25,0.959375,0.0
8435,75.0,0.959375,0.0
8436,71.25,1.4390625,0.0
8437,75.0,1.4390625,0.0
8438,71.25,1.91875,0.0
8439,75.0,1.91875,0.0
8440,71.25,2.3984375,0.0
8441,71.25,2.878125,0.0
8442,75.0,2.3984375,0.0
8443,75.0,2.878125,0.0
8444,71.25,3.3578125,0.0
8445,71.25,3.8375,0.0
8446,75.0,3.3578125,0.0
8447,75.0,3.8375,0.0
8448,71.25,4.3171875,0.0
8449,71.25,4.796875,0.0
8450,75.0,4.3171875,0.0
8451,75.0,4.796875,0.0
8452,71.25,5.2765625,0.0
8453,71.25,5.75625,0.0
8454,75.0,5.2765625,0.0
8455,75.0,5.75625,0.0
8456,71.25,6.235937499999999,0.0
8457,71.25,6.715624999999999,9848767.831078628
8458,75.0,6.235937499999999,0.0
8459,75.0,6.715624999999999,0.0
8460,71.25,7.1953125,7667751.65012352
8461,71.25,7.675,10315905.872017322
8462,75.0,7.1953125,0.0
8463,75.0,7.675,0.0
8464,63.75,8.1546875,75930022.4245128
8465,63.75,8.634375,9197469.763102334
8466,67.5,8.1546875,63556348.515587814
8467,67.5,8.634375,6459652.271333274
8468,63.75,9.1140625,19745508.861285355
8469,63.75,9.59375,29609601.03087938
8470,67.5,9.1140625,14759427.40471557
8471,67.5,9.59375,22659185.11885925
8472,63.75,10.0734375,7104534.119705444
8473,63.75,10.553125,15374093.347174603
8474,67.5,10.0734375,3963369.423909126
8475,67.5,10.553125,12778910.905208394
8476,63.75,11.0328125,7989086.156846366
8477,63.75,11.5125,25899273.346468113
8478,67.5,11.0328125,6129684.511850887
8479,67.5,11.5125,14057261.458744805
8480,63.75,11.9921875,6071455.591777282
8481,63.75,12.471875,3101913.6855938956
8482,67.5,11.9921875,0.0
8483,67.5,12.471875,0.0
8484,63.75,12.9515625,5043723.471600397
8485,63.75,13.43125,7279447.068717983
8486,67.5,12.9515625,0.0
8487,67.5,13.43125,0.0
8488,63.75,13.9109375,1111070.2609684898
8489,63.75,14.390625,1803470.7028777583
8490,67.5,13.9109375,0.0
8491,67.5,14.390625,0.0
8492,63.75,14.8703125,5283565.272184438
8493,63.75,15.35,4482515.110447154
8494,67.5,14.8703125,0.0
8495,67.5,15.35,0.0
8496,71.25,8.1546875,31778174.257793907
8497,71.25,8.634375,3229826.135666637
8498,75.0,8.1546875,0.0
8499,75.0,8.634375,0.0
8500,71.25,9.1140625,7379713.702357785
8501,71.25,9.59375,11329592.559429625
8502,75.0,9.1140625,0.0
8503,75.0,9.59375,0.0
8504,71.25,10.0734375,1981684.711954563
8505,71.25,10.553125,6389455.452604197
8506,75.0,10.0734375,0.0
8507,75.0,10.553125,0.0
8508,71.25,11.0328125,3064842.2559254435
8509,71.25,11.5125,7028630.729372403
8510,75.0,11.0328125,0.0
8511,75.0,11.5125,0.0
8512,71.25,11.9921875,0.0
8513,71.25,12.471875,0.0
8514,75.0,11.9921875,0.0
8515,75.0,12.471875,0.0
8516,71.25,12.9515625,0.0
8517,71.25,13.43125,0.0
8518,75.0,12.9515625,0.0
8519,75.0,13.43125,0.0
8520,71.25,13.9109375,0.0
8521,71.25,14.390625,0.0
8522,75.0,13.9109375,0.0
8523,75.0,14.390625,0.0
8524,71.25,14.8703125,0.0
8525,71.25,15.35,0.0
8526,75.0,14.8703125,0.0
8527,75.0,15.35,0.0
8528,78.75,0.014990234375,0.0
8529,78.75,-0.0,0.0
8530,78.75,0.02998046875,0.0
8531,82.5,0.014990234375,0.0
8532,82.5,-0.0,0.0
8533,82.5,0.02998046875,0.0
8534,78.75,0.044970703125,0.0
8535,78.75,0.0599609375,0.0
8536,82.5,0.044970703125,0.0
8537,82.5,0.0599609375,0.0
8538,78.75,0.074951171875,0.0
8539,82.5,0.074951171875,0.0
8540,78.75,0.08994140625,0.0
8541,82.5,0.08994140625,0.0
8542,78.75,0.09743652343749999,0.0
8543,78.75,0.104931640625,0.0
8544,82.5,0.09743652343749999,0.0
8545,82.5,0.104931640625,0.0
8546,78.75,0.1124267578125,0.0
8547,78.75,0.119921875,0.0
8548,82.5,0.1124267578125,0.0
8549,82.5,0.119921875,0.0
8550,78.75,0.1274169921875,0.0
8551,78.75,0.134912109375,0.0
8552,82.5,0.1274169921875,0.0
8553,82.5,0.134912109375,0.0
8554,78.75,0.1424072265625,0.0
8555,78.75,0.14990234375,0.0
8556,82.5,0.1424072265625,0.0
8557,82.5,0.14990234375,0.0
8558,78.75,0.1573974609375,0.0
8559,78.75,0.164892578125,0.0
8560,82.5,0.1573974609375,0.0
8561,82.5,0.164892578125,0.0
8562,78.75,0.1723876953125,0.0
8563,78.75,0.1798828125,0.0
8564,82.5,0.1723876953125,0.0
8565,82.5,0.1798828125,0.0
8566,78.75,0.1873779296875,0.0
8567,78.75,0.194873046875,0.0
8568,82.5,0.1873779296875,0.0
8569,82.5,0.194873046875,0.0
8570,78.75,0.2,0.0
8571,78.75,0.2023681640625,0.0
8572,78.75,0.20986328125,0.0
8573,82.5,0.2,0.0
8574,82.5,0.2023681640625,0.0
8575,82.5,0.20986328125,0.0
8576,78.75,0.2173583984375,0.0
8577,78.75,0.224853515625,0.0
8578,82.5,0.2173583984375,0.0
8579,82.5,0.224853515625,0.0
8580,78.75,0.2323486328125,0.0
8581,78.75,0.23984375,0.0
8582,82.5,0.2323486328125,0.0
8583,82.5,0.23984375,0.0
8584,78.75,0.2473388671875,0.0
8585,78.75,0.254833984375,0.0
8586,82.5,0.2473388671875,0.0
8587,82.5,0.254833984375,0.0
8588,78.75,0.2623291015625,0.0
8589,78.75,0.26982421875,0.0
8590,82.5,0.2623291015625,0.0
8591,82.5,0.26982421875,0.0
8592,78.75,0.2773193359375,0.0
8593,78.75,0.284814453125,0.0
8594,82.5,0.2773193359375,0.0
8595,82.5,0.284814453125,0.0
8596,78.75,0.2923095703125,0.0
8597,78.75,0.2998046875,0.0
8598,82.5,0.2923095703125,0.0
8599,82.5,0.2998046875,0.0
8600,78.75,0.3072998046875,0.0
8601,78.75,0.314794921875,0.0
8602,82.5,0.3072998046875,0.0
8603,82.5,0.314794921875,0.0
8604,78.75,0.32978515625,0.0
8605,82.5,0.32978515625,0.0
8606,78.75,0.359765625,0.0
8607,82.5,0.359765625,0.0
8608,78.75,0.4197265625,0.0
8609,82.5,0.4197265625,0.0
8610,78.75,0.4796875,0.0
8611,82.5,0.4796875,0.0
8612,78.75,0.599609375,0.0
8613,82.5,0.599609375,0.0
8614,78.75,0.71953125,0.0
8615,82.5,0.71953125,0.0
8616,78.75,0.959375,0.0
8617,82.5,0.959375,0.0
8618,78.75,1.4390625,0.0
8619,82.5,1.4390625,0.0
8620,78.75,1.91875,0.0
8621,82.5,1.91875,0.0
8622,78.75,2.3984375,0.0
8623,78.75,2.878125,0.0
8624,82.5,2.3984375,0.0
8625,82.5,2.878125,0.0
8626,78.75,3.3578125,0.0
8627,78.75,3.8375,0.0
8628,82.5,3.3578125,0.0
8629,82.5,3.8375,0.0
8630,78.75,4.3171875,0.0
8631,78.75,4.796875,0.0
8632,82.5,4.3171875,0.0
8633,82.5,4.796875,0.0
8634,78.75,5.2765625,0.0
8635,78.75,5.75625,0.0
8636,82.5,5.2765625,0.0
8637,82.5,5.75625,0.0
8638,78.75,6.235937499999999,0.0
8639,78.75,6.715624999999999,0.0
8640,82.5,6.235937499999999,0.0
8641,82.5,6.715624999999999,0.0
8642,78.75,7.1953125,0.0
8643,78.75,7.675,0.0
8644,82.5,7.1953125,0.0
8645,82.5,7.675,0.0
8646,86.25,0.014990234375,0.0
8647,86.25,-0.0,0.0
8648,86.25,0.02998046875,0.0
8649,90.0,0.014990234375,0.0
8650,90.0,-0.0,0.0
8651,90.0,0.02998046875,0.0
8652,86.25,0.044970703125,0.0
8653,86.25,0.0599609375,0.0
8654,90.0,0.044970703125,0.0
8655,90.0,0.0599609375,0.0
8656,86.25,0.074951171875,0.0
8657,90.0,0.074951171875,0.0
8658,86.25,0.08994140625,0.0
8659,90.0,0.08994140625,0.0
8660,86.25,0.09743652343749999,0.0
8661,86.25,0.104931640625,0.0
8662,90.0,0.09743652343749999,0.0
8663,90.0,0.104931640625,0.0
8664,86.25,0.1124267578125,0.0
8665,86.25,0.119921875,0.0
8666,90.0,0.1124267578125,0.0
8667,90.0,0.119921875,0.0
8668,86.25,0.1274169921875,0.0
8669,86.25,0.134912109375,0.0
8670,90.0,0.1274169921875,0.0
8671,90.0,0.134912109375,0.0
8672,86.25,0.1424072265625,0.0
8673,86.25,0.14990234375,0.0
8674,90.0,0.1424072265625,0.0
8675,90.0,0.14990234375,0.0
8676,86.25,0.1573974609375,0.0
8677,86.25,0.164892578125,0.0
8678,90.0,0.1573974609375,0.0
8679,90.0,0.164892578125,0.0
8680,86.25,0.1723876953125,0.0
8681,86.25,0.1798828125,0.0
8682,90.0,0.1723876953125,0.0
8683,90.0,0.1798828125,0.0
8684,86.25,0.1873779296875,0.0
8685,86.25,0.194873046875,0.0
8686,90.0,0.1873779296875,0.0
8687,90.0,0.194873046875,0.0
8688,86.25,0.2,0.0
8689,86.25,0.2023681640625,0.0
8690,86.25,0.20986328125,0.0
8691,90.0,0.2,0.0
8692,90.0,0.2023681640625,0.0
8693,90.0,0.20986328125,0.0
8694,86.25,0.2173583984375,0.0
8695,86.25,0.224853515625,0.0
8696,90.0,0.2173583984375,0.0
8697,90.0,0.224853515625,0.0
8698,86.25,0.2323486328125,0.0
8699,86.25,0.23984375,0.0
8700,90.0,0.2323486328125,0.0
8701,90.0,0.23984375,0.0
8702,86.25,0.2473388671875,0.0
8703,86.25,0.254833984375,0.0
8704,90.0,0.2473388671875,0.0
8705,90.0,0.254833984375,0.0
8706,86.25,0.2623291015625,0.0
8707,86.25,0.26982421875,0.0
8708,90.0,0.2623291015625,0.0
8709,90.0,0.26982421875,0.0
8710,86.25,0.2773193359375,0.0
8711,86.25,0.284814453125,0.0
8712,90.0,0.2773193359375,0.0
8713,90.0,0.284814453125,0.0
8714,86.25,0.2923095703125,0.0
8715,86.25,0.2998046875,0.0
8716,90.0,0.2923095703125,0.0
8717,90.0,0.2998046875,0.0
8718,86.25,0.3072998046875,0.0
8719,86.25,0.314794921875,0.0
8720,90.0,0.3072998046875,0.0
8721,90.0,0.314794921875,0.0
8722,86.25,0.32978515625,0.0
8723,90.0,0.32978515625,0.0
8724,86.25,0.359765625,0.0
8725,90.0,0.359765625,0.0
8726,86.25,0.4197265625,0.0
8727,90.0,0.4197265625,0.0
8728,86.25,0.4796875,0.0
8729,90.0,0.4796875,0.0
8730,86.25,0.599609375,0.0
8731,90.0,0.599609375,0.0
8732,86.25,0.71953125,0.0
8733,90.0,0.71953125,0.0
8734,86.25,0.959375,0.0
8735,90.0,0.959375,0.0
8736,86.25,1.4390625,0.0
8737,90.0,1.4390625,0.0
8738,86.25,1.91875,0.0
8739,90.0,1.91875,0.0
8740,86.25,2.3984375,0.0
8741,86.25,2.878125,0.0
8742,90.0,2.3984375,0.0
8743,90.0,2.878125,0.0
8744,86.25,3.3578125,0.0
8745,86.25,3.8375,0.0
8746,90.0,3.3578125,0.0
8747,90.0,3.8375,0.0
8748,86.25,4.3171875,0.0
8749,86.25,4.796875,0.0
8750,90.0,4.3171875,0.0
8751,90.0,4.796875,0.0
8752,86.25,5.2765625,0.0
8753,86.25,5.75625,0.0
8754,90.0,5.2765625,0.0
8755,90.0,5.75625,0.0
8756,86.25,6.235937499999999,0.0
8757,86.25,6.715624999999999,0.0
8758,90.0,6.235937499999999,0.0
8759,90.0,6.715624999999999,0.0
8760,86.25,7.1953125,0.0
8761,86.25,7.675,0.0
8762,90.0,7.1953125,0.0
8763,90.0,7.675,0.0
8764,78.75,8.1546875,0.0
8765,78.75,8.634375,0.0
8766,82.5,8.1546875,0.0
8767,82.5,8.634375,0.0
8768,78.75,9.1140625,0.0
8769,78.75,9.59375,0.0
8770,82.5,9.1140625,0.0
8771,82.5,9.59375,0.0
8772,78.75,10.0734375,0.0
8773,78.75,10.553125,0.0
8774,82.5,10.0734375,0.0
8775,82.5,10.553125,0.0
8776,78.75,11.0328125,0.0
8777,78.75,11.5125,0.0
8778,82.5,11.0328125,0.0
8779,82.5,11.5125,0.0
8780,78.75,11.9921875,0.0
8781,78.75,12.471875,0.0
8782,82.5,11.9921875,0.0
8783,82.5,12.471875,0.0
8784,78.75,12.9515625,0.0
8785,78.75,13.43125,0.0
8786,82.5,12.9515625,0.0
8787,82.5,13.43125,0.0
8788,78.75,13.9109375,0.0
8789,78.75,14.390625,0.0
8790,82.5,13.9109375,0.0
8791,82.5,14.390625,0.0
8792,78.75,14.8703125,0.0
8793,78.75,15.35,0.0
8794,82.5,14.8703125,0.0
8795,82.5,15.35,0.0
8796,86.25,8.1546875,0.0
8797,86.25,8.634375,0.0
8798,90.0,8.1546875,0.0
8799,90.0,8.634375,0.0
8800,86.25,9.1140625,0.0
8801,86.25,9.59375,0.0
8802,90.0,9.1140625,0.0
8803,90.0,9.59375,0.0
8804,86.25,10.0734375,0.0
8805,86.25,10.553125,0.0
8806,90.0,10.0734375,0.0
8807,90.0,10.553125,0.0
8808,86.25,11.0328125,0.0
8809,86.25,11.5125,0.0
8810,90.0,11.0328125,0.0
8811,90.0,11.5125,0.0
8812,86.25,11.9921875,0.0
8813,86.25,12.471875,0.0
8814,90.0,11.9921875,0.0
8815,90.0,12.471875,0.0
8816,86.25,12.9515625,0.0
8817,86.25,13.43125,0.0
8818,90.0,12.9515625,0.0
8819,90.0,13.43125,0.0
8820,86.25,13.9109375,0.0
8821,86.25,14.390625,0.0
8822,90.0,13.9109375,0.0
8823,90.0,14.390625,0.0
8824,86.25,14.8703125,0.0
8825,86.25,15.35,0.0
8826,90.0,14.8703125,0.0
8827,90.0,15.35,0.0
8828,63.75,15.8296875,1936105.4976498354
8829,63.75,16.309375,5511629.7147852
8830,67.5,15.8296875,0.0
8831,67.5,16.309375,0.0
8832,63.75,16.7890625,3599036.77772753
8833,63.75,17.26875,2018452.8011675333
8834,67.5,16.7890625,0.0
8835,67.5,17.26875,0.0
8836,63.75,17.7484375,3952762.1933547813
8837,63.75,18.228125,2854394.208083584
8838,67.5,17.7484375,0.0
8839,67.5,18.228125,0.0
8840,63.75,18.7078125,1221871.3006208106
8841,63.75,19.1875,703952.2555658096
8842,67.5,18.7078125,0.0
8843,67.5,19.1875,0.0
8844,63.75,19.6671875,764573.5032671301
8845,63.75,20.146875,390771.15139799425
8846,67.5,19.6671875,0.0
8847,67.5,20.146875,0.0
8848,63.75,20.6265625,1042077.5679576476
8849,63.75,21.10625,7495311.457967225
8850,67.5,20.6265625,0.0
8851,67.5,21.10625,0.0
8852,63.75,21.5859375,4509934.443475779
8853,63.75,22.065625,429453.85397517285
8854,67.5,21.5859375,0.0
8855,67.5,22.065625,0.0
8856,63.75,22.5453125,5029732.468506051
8857,63.75,23.025,2530941.65802495
8858,67.5,22.5453125,0.0
8859,67.5,23.025,0.0
8860,71.25,15.8296875,0.0
8861,71.25,16.309375,0.0
8862,75.0,15.8296875,0.0
8863,75.0,16.309375,0.0
8864,71.25,16.7890625,0.0
8865,71.25,17.26875,0.0
8866,75.0,16.7890625,0.0
8867,75.0,17.26875,0.0
8868,71.25,17.7484375,0.0
8869,71.25,18.228125,0.0
8870,75.0,17.7484375,0.0
8871,75.0,18.228125,0.0
8872,71.25,18.7078125,0.0
8873,71.25,19.1875,0.0
8874,75.0,18.7078125,0.0
8875,75.0,19.1875,0.0
8876,71.25,19.6671875,0.0
8877,71.25,20.146875,0.0
8878,75.0,19.6671875,0.0
8879,75.0,20.146875,0.0
8880,71.25,20.6265625,0.0
8881,71.25,21.10625,0.0
8882,75.0,20.6265625,0.0
8883,75.0,21.10625,0.0
8884,71.25,21.5859375,0.0
8885,71.25,22.065625,0.0
8886,75.0,21.5859375,0.0
8887,75.0,22.065625,0.0
8888,71.25,22.5453125,0.0
8889,71.25,23.025,0.0
8890,75.0,22.5453125,0.0
8891,75.0,23.025,0.0
8892,78.75,15.8296875,0.0
8893,78.75,16.309375,0.0
8894,82.5,15.8296875,0.0
8895,82.5,16.309375,0.0
8896,78.75,16.7890625,0.0
8897,78.75,17.26875,0.0
8898,82.5,16.7890625,0.0
8899,82.5,17.26875,0.0
8900,78.75,17.7484375,0.0
8901,78.75,18.228125,0.0
8902,82.5,17.7484375,0.0
8903,82.5,18.228125,0.0
8904,78.75,18.7078125,6197300.7455274025
8905,78.75,19.1875,0.0
8906,82.5,18.7078125,12394601.491054805
8907,82.5,19.1875,0.0
8908,78.75,19.6671875,0.0
8909,78.75,20.146875,0.0
8910,82.5,19.6671875,0.0
8911,82.5,20.146875,0.0
8912,78.75,20.6265625,0.0
8913,78.75,21.10625,0.0
8914,82.5,20.6265625,0.0
8915,82.5,21.10625,0.0
8916,78.75,21.5859375,0.0
8917,78.75,22.065625,0.0
8918,82.5,21.5859375,0.0
8919,82.5,22.065625,0.0
8920,78.75,22.5453125,0.0
8921,78.75,23.025,0.0
8922,82.5,22.5453125,0.0
8923,82.5,23.025,0.0
8924,86.25,15.8296875,0.0
8925,86.25,16.309375,0.0
8926,90.0,15.8296875,0.0
8927,90.0,16.309375,0.0
8928,86.25,16.7890625,0.0
8929,86.25,17.26875,0.0
8930,90.0,16.7890625,0.0
8931,90.0,17.26875,0.0
8932,86.25,17.7484375,0.0
8933,86.25,18.228125,0.0
8934,90.0,17.7484375,0.0
8935,90.0,18.228125,0.0
8936,86.25,18.7078125,0.0
8937,86.25,19.1875,0.0
8938,90.0,18.7078125,0.0
8939,90.0,19.1875,0.0
8940,86.25,19.6671875,0.0
8941,86.25,20.146875,0.0
8942,90.0,19.6671875,0.0
8943,90.0,20.146875,0.0
8944,86.25,20.6265625,0.0
8945,86.25,21.10625,0.0
8946,90.0,20.6265625,0.0
8947,90.0,21.10625,0.0
8948,86.25,21.5859375,0.0
8949,86.25,22.065625,0.0
8950,90.0,21.5859375,0.0
8951,90.0,22.065625,0.0
8952,86.25,22.5453125,0.0
8953,86.25,23.025,0.0
8954,90.0,22.5453125,0.0
8955,90.0,23.025,0.0
8956,63.75,23.5046875,2634468.584716225
8957,63.75,23.984375,1727982.2743332665
8958,67.5,23.5046875,0.0
8959,67.5,23.984375,0.0
8960,63.75,24.4640625,4047123.0604745364
8961,63.75,24.94375,886081.4445849556
8962,67.5,24.4640625,0.0
8963,67.5,24.94375,0.0
8964,63.75,25.4234375,2026603.5890360712
8965,63.75,25.903125,4444408.095539805
8966,67.5,25.4234375,0.0
8967,67.5,25.903125,0.0
8968,63.75,26.3828125,467760.90712704754
8969,63.75,26.8625,1237164.7490094923
8970,67.5,26.3828125,0.0
8971,67.5,26.8625,0.0
8972,71.25,23.5046875,0.0
8973,71.25,23.984375,0.0
8974,75.0,23.5046875,0.0
8975,75.0,23.984375,0.0
8976,71.25,24.4640625,0.0
8977,71.25,24.94375,0.0
8978,75.0,24.4640625,0.0
8979,75.0,24.94375,0.0
8980,71.25,25.4234375,0.0
8981,71.25,25.903125,0.0
8982,75.0,25.4234375,0.0
8983,75.0,25.903125,0.0
8984,71.25,26.3828125,0.0
8985,71.25,26.8625,0.0
8986,75.0,26.3828125,0.0
8987,75.0,26.8625,0.0
8988,78.75,23.5046875,0.0
8989,78.75,23.984375,0.0
8990,82.5,23.5046875,0.0
8991,82.5,23.984375,0.0
8992,78.75,24.4640625,0.0
8993,78.75,24.94375,0.0
8994,82.5,24.4640625,0.0
8995,82.5,24.94375,0.0
8996,78.75,25.4234375,0.0
8997,78.75,25.903125,0.0
8998,82.5,25.4234375,0.0
8999,82.5,25.903125,0.0
9000,78.75,26.3828125,0.0
9001,78.75,26.8625,0.0
9002,82.5,26.3828125,0.0
9003,82.5,26.8625,0.0
9004,86.25,23.5046875,0.0
9005,86.25,23.984375,0.0
9006,90.0,23.5046875,0.0
9007,90.0,23.984375,0.0
9008,86.25,24.4640625,0.0
9009,86.25,24.94375,0.0
9010,90.0,24.4640625,0.0
9011,90.0,24.94375,0.0
9012,86.25,25.4234375,0.0
9013,86.25,25.903125,0.0
9014,90.0,25.4234375,0.0
9015,90.0,25.903125,0.0
9016,86.25,26.3828125,0.0
9017,86.25,26.8625,0.0
9018,90.0,26.3828125,0.0
9019,90.0,26.8625,0.0
9020,63.75,27.3421875,3575203.236752927
9021,63.75,27.821875,11148682.771789925
9022,67.5,27.3421875,0.0
9023,67.5,27.821875,0.0
9024,63.75,28.3015625,4075052.551974525
9025,63.75,28.78125,34481866.48967087
9026,67.5,28.3015625,163825.94190665212
9027,67.5,28.78125,22999586.36113973
9028,71.25,27.3421875,0.0
9029,71.25,27.821875,0.0
9030,75.0,27.3421875,0.0
9031,75.0,27.821875,0.0
9032,71.25,28.3015625,81912.97095332606
9033,71.25,28.78125,11499793.180569865
9034,75.0,28.3015625,0.0
9035,75.0,28.78125,0.0
9036,78.75,27.3421875,0.0
9037,78.75,27.821875,0.0
9038,82.5,27.3421875,0.0
9039,82.5,27.821875,0.0
9040,78.75,28.3015625,0.0
9041,78.75,28.78125,0.0
9042,82.5,28.3015625,0.0
9043,82.5,28.78125,0.0
9044,86.25,27.3421875,0.0
9045,86.25,27.821875,0.0
9046,90.0,27.3421875,0.0
9047,90.0,27.821875,0.0
9048,86.25,28.3015625,0.0
9049,86.25,28.78125,0.0
9050,90.0,28.3015625,0.0
9051,90.0,28.78125,0.0
9052,63.75,29.2609375,8595936.54370178
9053,67.5,29.2609375,2810987.6140911416
9054,63.75,29.50078125,11706747.233948234
9055,67.5,29.50078125,1897813.1567126084
9056,63.75,29.740625,5232859.136484518
9057,67.5,29.740625,1117081.5540243315
9058,71.25,29.2609375,1405493.8070455708
9059,75.0,29.2609375,0.0
9060,71.25,29.50078125,948906.5783563042
9061,75.0,29.50078125,0.0
9062,71.25,29.740625,558540.7770121658
9063,75.0,29.740625,0.0
9064,78.75,29.2609375,0.0
9065,82.5,29.2609375,0.0
9066,78.75,29.50078125,0.0
9067,82.5,29.50078125,0.0
9068,78.75,29.740625,0.0
9069,82.5,29.740625,0.0
9070,86.25,29.2609375,0.0
9071,90.0,29.2609375,0.0
9072,86.25,29.50078125,0.0
9073,90.0,29.50078125,0.0
9074,86.25,29.740625,0.0
9075,90.0,29.740625,0.0
9076,63.75,29.860546875,6028945.531420126
9077,67.5,29.860546875,1594874.1476594796
9078,63.75,29.98046875,6086263.555496205
9079,67.5,29.98046875,1331366.451694528
9080,71.25,29.860546875,797437.0738297398
9081,75.0,29.860546875,0.0
9082,71.25,29.98046875,665683.225847264
9083,75.0,29.98046875,0.0
9084,63.75,30.0404296875,5933816.729046845
9085,67.5,30.0404296875,1017886.0764071774
9086,63.75,30.07041015625,5857593.315822174
9087,67.5,30.07041015625,861145.8887635206
9088,63.75,30.085400390625,5819481.609209828
9089,67.5,30.085400390625,782775.7949416736
9090,63.75,30.0928955078125,5800425.755903661
9091,63.75,30.100390625,5784332.913164199
9092,67.5,30.0928955078125,743590.7480307594
9093,67.5,30.100390625,707535.9779666081
9094,71.25,30.0404296875,508943.0382035887
9095,75.0,30.0404296875,0.0
9096,71.25,30.07041015625,430572.9443817603
9097,75.0,30.07041015625,0.0
9098,71.25,30.085400390625,391387.8974708368
9099,75.0,30.085400390625,0.0
9100,71.25,30.0928955078125,371795.3740153797
9101,71.25,30.100390625,353767.98898330407
9102,75.0,30.0928955078125,0.0
9103,75.0,30.100390625,0.0
9104,63.75,30.1078857421875,5822129.825107005
9105,63.75,30.115380859375,5859926.737049829
9106,67.5,30.1078857421875,728413.1180532809
9107,67.5,30.115380859375,749290.2581399635
9108,63.75,30.1228759765625,5897723.648992633
9109,63.75,30.13037109375,5935520.5609354405
9110,67.5,30.1228759765625,770167.3982266362
9111,67.5,30.13037109375,791044.538313309
9112,63.75,30.1378662109375,5973317.472878246
9113,63.75,30.145361328125,6011114.384821052
9114,67.5,30.1378662109375,811921.6783999817
9115,67.5,30.145361328125,832798.8184866544
9116,63.75,30.1528564453125,6048911.296763875
9117,63.75,30.1603515625,6086708.208706682
9118,67.5,30.1528564453125,853675.9585733372
9119,67.5,30.1603515625,874553.0986600097
9120,71.25,30.1078857421875,364206.55902664043
9121,71.25,30.115380859375,374645.12906998175
9122,75.0,30.1078857421875,0.0
9123,75.0,30.115380859375,0.0
9124,71.25,30.1228759765625,385083.6991133181
9125,71.25,30.13037109375,395522.2691566545
9126,75.0,30.1228759765625,0.0
9127,75.0,30.13037109375,0.0
9128,71.25,30.1378662109375,405960.83919999085
9129,71.25,30.145361328125,416399.4092433272
9130,75.0,30.1378662109375,0.0
9131,75.0,30.145361328125,0.0
9132,71.25,30.1528564453125,426837.9792866686
9133,71.25,30.1603515625,437276.54933000484
9134,75.0,30.1528564453125,0.0
9135,75.0,30.1603515625,0.0
9136,63.75,30.1678466796875,6124505.120649486
9137,63.75,30.175341796875,6162302.032592293
9138,67.5,30.1678466796875,895430.2387466824
9139,67.5,30.175341796875,916307.3788333551
9140,63.75,30.1828369140625,6200098.944535097
9141,63.75,30.19033203125,6237895.856477923
9142,67.5,30.1828369140625,937184.5189200279
9143,67.5,30.19033203125,958061.6590067106
9144,71.25,30.1678466796875,447715.1193733412
9145,71.25,30.175341796875,458153.6894166776
9146,75.0,30.1678466796875,0.0
9147,75.0,30.175341796875,0.0
9148,71.25,30.1828369140625,468592.25946001394
9149,71.25,30.19033203125,479030.8295033553
9150,75.0,30.1828369140625,0.0
9151,75.0,30.19033203125,0.0
9152,63.75,30.1978271484375,6275692.768420727
9153,63.75,30.2,6286650.179374825
9154,63.75,30.205322265625,6313489.680363534
9155,67.5,30.1978271484375,978938.7990933832
9156,67.5,30.2,984991.1296071059
9157,67.5,30.205322265625,999815.9391800561
9158,71.25,30.1978271484375,489469.3995466916
9159,71.25,30.2,492495.56480355293
9160,71.25,30.205322265625,499907.96959002805
9161,75.0,30.1978271484375,0.0
9162,75.0,30.2,0.0
9163,75.0,30.205322265625,0.0
9164,63.75,30.2128173828125,6351286.592306339
9165,67.5,30.2128173828125,1020693.0792667287
9166,63.75,30.2203125,6389083.504249145
9167,67.5,30.2203125,1041570.2193534013
9168,71.25,30.2128173828125,510346.53963336436
9169,75.0,30.2128173828125,0.0
9170,71.25,30.2203125,520785.10967670067
9171,75.0,30.2203125,0.0
9172,78.75,29.860546875,0.0
9173,82.5,29.860546875,0.0
9174,78.75,29.98046875,0.0
9175,82.5,29.98046875,0.0
9176,86.25,29.860546875,0.0
9177,90.0,29.860546875,0.0
9178,86.25,29.98046875,0.0
9179,90.0,29.98046875,0.0
9180,78.75,30.0404296875,0.0
9181,82.5,30.0404296875,0.0
9182,78.75,30.07041015625,0.0
9183,82.5,30.07041015625,0.0
9184,78.75,30.085400390625,0.0
9185,82.5,30.085400390625,0.0
9186,78.75,30.0928955078125,0.0
9187,78.75,30.100390625,0.0
9188,82.5,30.0928955078125,0.0
9189,82.5,30.100390625,0.0
9190,86.25,30.0404296875,0.0
9191,90.0,30.0404296875,0.0
9192,86.25,30.07041015625,0.0
9193,90.0,30.07041015625,0.0
9194,86.25,30.085400390625,0.0
9195,90.0,30.085400390625,0.0
9196,86.25,30.0928955078125,0.0
9197,86.25,30.100390625,0.0
9198,90.0,30.0928955078125,0.0
9199,90.0,30.100390625,0.0
9200,78.75,30.1078857421875,0.0
9201,78.75,30.115380859375,0.0
9202,82.5,30.1078857421875,0.0
9203,82.5,30.115380859375,0.0
9204,78.75,30.1228759765625,0.0
9205,78.75,30.13037109375,0.0
9206,82.5,30.1228759765625,0.0
9207,82.5,30.13037109375,0.0
9208,78.75,30.1378662109375,0.0
9209,78.75,30.145361328125,0.0
9210,82.5,30.1378662109375,0.0
9211,82.5,30.145361328125,0.0
9212,78.75,30.1528564453125,0.0
9213,78.75,30.1603515625,0.0
9214,82.5,30.1528564453125,0.0
9215,82.5,30.1603515625,0.0
9216,86.25,30.1078857421875,0.0
9217,86.25,30.115380859375,0.0
9218,90.0,30.1078857421875,0.0
9219,90.0,30.115380859375,0.0
9220,86.25,30.1228759765625,0.0
9221,86.25,30.13037109375,0.0
9222,90.0,30.1228759765625,0.0
9223,90.0,30.13037109375,0.0
9224,86.25,30.1378662109375,0.0
9225,86.25,30.145361328125,0.0
9226,90.0,30.1378662109375,0.0
9227,90.0,30.145361328125,0.0
9228,86.25,30.1528564453125,0.0
9229,86.25,30.1603515625,0.0
9230,90.0,30.1528564453125,0.0
9231,90.0,30.1603515625,0.0
9232,78.75,30.1678466796875,0.0
9233,78.75,30.175341796875,0.0
9234,82.5,30.1678466796875,0.0
9235,82.5,30.175341796875,0.0
9236,78.75,30.1828369140625,0.0
9237,78.75,30.19033203125,0.0
9238,82.5,30.1828369140625,0.0
9239,82.5,30.19033203125,0.0
9240,86.25,30.1678466796875,0.0
9241,86.25,30.175341796875,0.0
9242,90.0,30.1678466796875,0.0
9243,90.0,30.175341796875,0.0
9244,86.25,30.1828369140625,0.0
9245,86.25,30.19033203125,0.0
9246,90.0,30.1828369140625,0.0
9247,90.0,30.19033203125,0.0
9248,78.75,30.1978271484375,0.0
9249,78.75,30.2,0.0
9250,78.75,30.205322265625,0.0
9251,82.5,30.1978271484375,0.0
9252,82.5,30.2,0.0
9253,82.5,30.205322265625,0.0
9254,86.25,30.1978271484375,0.0
9255,86.25,30.2,0.0
9256,86.25,30.205322265625,0.0
9257,90.0,30.1978271484375,0.0
9258,90.0,30.2,0.0
9259,90.0,30.205322265625,0.0
9260,78.75,30.2128173828125,0.0
9261,82.5,30.2128173828125,0.0
9262,78.75,30.2203125,0.0
9263,82.5,30.2203125,0.0
9264,86.25,30.2128173828125,0.0
9265,90.0,30.2128173828125,0.0
9266,86.25,30.2203125,0.0
9267,90.0,30.2203125,0.0
9268,63.75,30.2278076171875,6426880.416191968
9269,67.5,30.2278076171875,1062447.359440084
9270,71.25,30.2278076171875,531223.679720042
9271,75.0,30.2278076171875,0.0
9272,63.75,30.235302734375,6464677.328134774
9273,67.5,30.235302734375,1083324.4995267568
9274,71.25,30.235302734375,541662.2497633784
9275,75.0,30.235302734375,0.0
9276,63.75,30.2427978515625,6502474.240077579
9277,67.5,30.2427978515625,1104201.6396134296
9278,71.25,30.2427978515625,552100.8198067148
9279,75.0,30.2427978515625,0.0
9280,63.75,30.25029296875,6540271.152020386
9281,67.5,30.25029296875,1125078.7797001023
9282,71.25,30.25029296875,562539.3898500511
9283,75.0,30.25029296875,0.0
9284,63.75,30.2577880859375,6578068.063963192
9285,67.5,30.2577880859375,1145955.919786775
9286,71.25,30.2577880859375,572977.9598933875
9287,75.0,30.2577880859375,0.0
9288,63.75,30.265283203125,6615864.975906016
9289,67.5,30.265283203125,1166833.0598734578
9290,71.25,30.265283203125,583416.5299367289
9291,75.0,30.265283203125,0.0
9292,63.75,30.2727783203125,6653661.887848821
9293,67.5,30.2727783203125,1187710.1999601303
9294,71.25,30.2727783203125,593855.0999800651
9295,75.0,30.2727783203125,0.0
9296,63.75,30.2802734375,6691458.799791628
9297,67.5,30.2802734375,1208587.3400468032
9298,71.25,30.2802734375,604293.6700234016
9299,75.0,30.2802734375,0.0
9300,63.75,30.2877685546875,6729255.711734432
9301,67.5,30.2877685546875,1229464.4801334755
9302,71.25,30.2877685546875,614732.2400667378
9303,75.0,30.2877685546875,0.0
9304,63.75,30.295263671875,6767052.623677239
9305,67.5,30.295263671875,1250341.6202201485
9306,71.25,30.295263671875,625170.8101100742
9307,75.0,30.295263671875,0.0
9308,63.75,30.3027587890625,6824452.653849495
9309,67.5,30.3027587890625,1250971.3269439035
9310,71.25,30.3027587890625,625485.6634719517
9311,75.0,30.3027587890625,0.0
9312,63.75,30.31025390625,6915507.594964275
9313,67.5,30.31025390625,1216839.9533808716
9314,71.25,30.31025390625,608419.9766904358
9315,75.0,30.31025390625,0.0
9316,63.75,30.325244140625,7097617.47719384
9317,67.5,30.325244140625,1148577.2062548085
9318,71.25,30.325244140625,574288.6031274042
9319,75.0,30.325244140625,0.0
9320,63.75,30.340234375,7279727.359423447
9321,67.5,30.340234375,1080314.459128729
9322,71.25,30.340234375,540157.2295643645
9323,75.0,30.340234375,0.0
9324,63.75,30.355224609375,7461837.241653012
9325,67.5,30.355224609375,1012051.7120026654
9326,71.25,30.355224609375,506025.8560013327
9327,75.0,30.355224609375,0.0
9328,63.75,30.37021484375,7643947.123882575
9329,67.5,30.37021484375,943788.9648766022
9330,71.25,30.37021484375,471894.4824383011
9331,75.0,30.37021484375,0.0
9332,63.75,30.385205078125,7826057.006112182
9333,67.5,30.385205078125,875526.2177505225
9334,71.25,30.385205078125,437763.10887526127
9335,75.0,30.385205078125,0.0
9336,63.75,30.4001953125,8008166.888341747
9337,67.5,30.4001953125,807263.4706244592
9338,71.25,30.4001953125,403631.7353122296
9339,75.0,30.4001953125,0.0
9340,63.75,30.41518554687499,8190276.770571224
9341,67.5,30.41518554687499,739000.7234984282
9342,71.25,30.41518554687499,369500.3617492141
9343,75.0,30.41518554687499,0.0
9344,63.75,30.43017578125,8372386.652800919
9345,67.5,30.43017578125,670737.9763723162
9346,71.25,30.43017578125,335368.9881861581
9347,75.0,30.43017578125,0.0
9348,63.75,30.445166015625,8554496.535030482
9349,67.5,30.445166015625,602475.229246253
9350,71.25,30.445166015625,301237.6146231265
9351,75.0,30.445166015625,0.0
9352,63.75,30.46015625,8736606.41726009
9353,67.5,30.46015625,534212.4821201735
9354,71.25,30.46015625,267106.24106008676
9355,75.0,30.46015625,0.0
9356,78.75,30.2278076171875,0.0
9357,82.5,30.2278076171875,0.0
9358,78.75,30.235302734375,0.0
9359,82.5,30.235302734375,0.0
9360,86.25,30.2278076171875,0.0
9361,90.0,30.2278076171875,0.0
9362,86.25,30.235302734375,0.0
9363,90.0,30.235302734375,0.0
9364,78.75,30.2427978515625,0.0
9365,82.5,30.2427978515625,0.0
9366,78.75,30.25029296875,0.0
9367,82.5,30.25029296875,0.0
9368,86.25,30.2427978515625,0.0
9369,90.0,30.2427978515625,0.0
9370,86.25,30.25029296875,0.0
9371,90.0,30.25029296875,0.0
9372,78.75,30.2577880859375,0.0
9373,82.5,30.2577880859375,0.0
9374,78.75,30.265283203125,0.0
9375,82.5,30.265283203125,0.0
9376,86.25,30.2577880859375,0.0
9377,90.0,30.2577880859375,0.0
9378,86.25,30.265283203125,0.0
9379,90.0,30.265283203125,0.0
9380,78.75,30.2727783203125,0.0
9381,82.5,30.2727783203125,0.0
9382,78.75,30.2802734375,0.0
9383,82.5,30.2802734375,0.0
9384,86.25,30.2727783203125,0.0
9385,90.0,30.2727783203125,0.0
9386,86.25,30.2802734375,0.0
9387,90.0,30.2802734375,0.0
9388,78.75,30.2877685546875,0.0
9389,82.5,30.2877685546875,0.0
9390,78.75,30.295263671875,0.0
9391,82.5,30.295263671875,0.0
9392,86.25,30.2877685546875,0.0
9393,90.0,30.2877685546875,0.0
9394,86.25,30.295263671875,0.0
9395,90.0,30.295263671875,0.0
9396,78.75,30.3027587890625,0.0
9397,82.5,30.3027587890625,0.0
9398,78.75,30.31025390625,0.0
9399,82.5,30.31025390625,0.0
9400,86.25,30.3027587890625,0.0
9401,90.0,30.3027587890625,0.0
9402,86.25,30.31025390625,0.0
9403,90.0,30.31025390625,0.0
9404,78.75,30.325244140625,0.0
9405,82.5,30.325244140625,0.0
9406,78.75,30.340234375,0.0
9407,82.5,30.340234375,0.0
9408,86.25,30.325244140625,0.0
9409,90.0,30.325244140625,0.0
9410,86.25,30.340234375,0.0
9411,90.0,30.340234375,0.0
9412,78.75,30.355224609375,0.0
9413,82.5,30.355224609375,0.0
9414,78.75,30.37021484375,0.0
9415,82.5,30.37021484375,0.0
9416,86.25,30.355224609375,0.0
9417,90.0,30.355224609375,0.0
9418,86.25,30.37021484375,0.0
9419,90.0,30.37021484375,0.0
9420,78.75,30.385205078125,0.0
9421,82.5,30.385205078125,0.0
9422,78.75,30.4001953125,0.0
9423,82.5,30.4001953125,0.0
9424,86.25,30.385205078125,0.0
9425,90.0,30.385205078125,0.0
9426,86.25,30.4001953125,0.0
9427,90.0,30.4001953125,0.0
9428,78.75,30.41518554687499,0.0
9429,82.5,30.41518554687499,0.0
9430,78.75,30.43017578125,0.0
9431,82.5,30.43017578125,0.0
9432,86.25,30.41518554687499,0.0
9433,90.0,30.41518554687499,0.0
9434,86.25,30.43017578125,0.0
9435,90.0,30.43017578125,0.0
9436,78.75,30.445166015625,0.0
9437,82.5,30.445166015625,0.0
9438,78.75,30.46015625,0.0
9439,82.5,30.46015625,0.0
9440,86.25,30.445166015625,0.0
9441,90.0,30.445166015625,0.0
9442,86.25,30.46015625,0.0
9443,90.0,30.46015625,0.0
9444,63.75,30.475146484375,8918716.299489653
9445,67.5,30.475146484375,465949.73499411007
9446,71.25,30.475146484375,232974.86749705503
9447,75.0,30.475146484375,0.0
9448,63.75,30.49013671875,9100826.18171926
9449,67.5,30.49013671875,397686.9878680306
9450,71.25,30.49013671875,198843.4939340153
9451,75.0,30.49013671875,0.0
9452,63.75,30.505126953125,9190958.353490094
9453,67.5,30.505126953125,399235.98934887024
9454,71.25,30.505126953125,199617.99467443512
9455,75.0,30.505126953125,0.0
9456,63.75,30.5201171875,9104142.929902244
9457,67.5,30.5201171875,535089.4976734471
9458,71.25,30.5201171875,267544.74883672356
9459,75.0,30.5201171875,0.0
9460,63.75,30.535107421875,9017327.506314375
9461,67.5,30.535107421875,670943.005998056
9462,71.25,30.535107421875,335471.502999028
9463,75.0,30.535107421875,0.0
9464,63.75,30.55009765625,8930512.082726527
9465,67.5,30.55009765625,806796.5143226329
9466,71.25,30.55009765625,403398.25716131646
9467,75.0,30.55009765625,0.0
9468,63.75,30.565087890625,8843696.659138657
9469,67.5,30.565087890625,942650.022647242
9470,71.25,30.565087890625,471325.011323621
9471,75.0,30.565087890625,0.0
9472,63.75,30.580078125,8756881.23555081
9473,67.5,30.580078125,1078503.5309718188
9474,71.25,30.580078125,539251.7654859094
9475,75.0,30.580078125,0.0
9476,78.75,30.475146484375,0.0
9477,82.5,30.475146484375,0.0
9478,78.75,30.49013671875,0.0
9479,82.5,30.49013671875,0.0
9480,86.25,30.475146484375,0.0
9481,90.0,30.475146484375,0.0
9482,86.25,30.49013671875,0.0
9483,90.0,30.49013671875,0.0
9484,78.75,30.505126953125,0.0
9485,82.5,30.505126953125,0.0
9486,78.75,30.5201171875,0.0
9487,82.5,30.5201171875,0.0
9488,86.25,30.505126953125,0.0
9489,90.0,30.505126953125,0.0
9490,86.25,30.5201171875,0.0
9491,90.0,30.5201171875,0.0
9492,78.75,30.535107421875,0.0
9493,82.5,30.535107421875,0.0
9494,78.75,30.55009765625,0.0
9495,82.5,30.55009765625,0.0
9496,86.25,30.535107421875,0.0
9497,90.0,30.535107421875,0.0
9498,86.25,30.55009765625,0.0
9499,90.0,30.55009765625,0.0
9500,78.75,30.565087890625,0.0
9501,82.5,30.565087890625,0.0
9502,78.75,30.580078125,0.0
9503,82.5,30.580078125,0.0
9504,86.25,30.565087890625,0.0
9505,90.0,30.565087890625,0.0
9506,86.25,30.580078125,0.0
9507,90.0,30.580078125,0.0
9508,63.75,30.595068359375,8670065.81196296
9509,67.5,30.595068359375,1214357.0392963954
9510,71.25,30.595068359375,607178.5196481977
9511,75.0,30.595068359375,0.0
9512,63.75,30.61005859375,8583250.388375092
9513,67.5,30.61005859375,1350210.5476210047
9514,71.25,30.61005859375,675105.2738105024
9515,75.0,30.61005859375,0.0
9516,63.75,30.625048828125,8496434.964787243
9517,67.5,30.625048828125,1486064.0559455815
9518,71.25,30.625048828125,743032.0279727908
9519,75.0,30.625048828125,0.0
9520,63.75,30.6400390625,8409619.541199375
9521,67.5,30.6400390625,1621917.5642701902
9522,71.25,30.6400390625,810958.7821350951
9523,75.0,30.6400390625,0.0
9524,78.75,30.595068359375,0.0
9525,82.5,30.595068359375,0.0
9526,78.75,30.61005859375,0.0
9527,82.5,30.61005859375,0.0
9528,86.25,30.595068359375,0.0
9529,90.0,30.595068359375,0.0
9530,86.25,30.61005859375,0.0
9531,90.0,30.61005859375,0.0
9532,78.75,30.625048828125,0.0
9533,82.5,30.625048828125,0.0
9534,78.75,30.6400390625,0.0
9535,82.5,30.6400390625,0.0
9536,86.25,30.625048828125,0.0
9537,90.0,30.625048828125,0.0
9538,86.25,30.6400390625,0.0
9539,90.0,30.6400390625,0.0
9540,63.75,30.655029296875,8322804.117611526
9541,67.5,30.655029296875,1757771.0725947674
9542,71.25,30.655029296875,878885.5362973837
9543,75.0,30.655029296875,0.0
9544,63.75,30.67001953125,8235988.694023678
9545,67.5,30.67001953125,1893624.580919344
9546,71.25,30.67001953125,946812.290459672
9547,75.0,30.67001953125,0.0
9548,78.75,30.655029296875,0.0
9549,82.5,30.655029296875,0.0
9550,78.75,30.67001953125,0.0
9551,82.5,30.67001953125,0.0
9552,86.25,30.655029296875,0.0
9553,90.0,30.655029296875,0.0
9554,86.25,30.67001953125,0.0
9555,90.0,30.67001953125,0.0
9556,63.75,30.685009765625,8149173.270435809
9557,67.5,30.685009765625,2029478.089243953
9558,71.25,30.685009765625,1014739.0446219766
9559,75.0,30.685009765625,0.0
9560,63.75,30.7,8062357.84684796
9561,67.5,30.7,2165331.5975685297
9562,71.25,30.7,1082665.7987842648
9563,75.0,30.7,0.0
9564,78.75,30.685009765625,0.0
9565,82.5,30.685009765625,0.0
9566,78.75,30.7,0.0
9567,82.5,30.7,0.0
9568,86.25,30.685009765625,0.0
9569,90.0,30.685009765625,0.0
9570,86.25,30.7,0.0
9571,90.0,30.7,0.0
9572,93.75,0.014990234375,0.0
9573,93.75,-0.0,0.0
9574,93.75,0.02998046875,0.0
9575,97.5,0.014990234375,0.0
9576,97.5,-0.0,0.0
9577,97.5,0.02998046875,0.0
9578,93.75,0.044970703125,0.0
9579,93.75,0.0599609375,0.0
9580,97.5,0.044970703125,0.0
9581,97.5,0.0599609375,0.0
9582,93.75,0.074951171875,0.0
9583,97.5,0.074951171875,0.0
9584,93.75,0.08994140625,0.0
9585,97.5,0.08994140625,0.0
9586,93.75,0.09743652343749999,0.0
9587,93.75,0.104931640625,0.0
9588,97.5,0.09743652343749999,0.0
9589,97.5,0.104931640625,0.0
9590,93.75,0.1124267578125,0.0
9591,93.75,0.119921875,0.0
9592,97.5,0.1124267578125,0.0
9593,97.5,0.119921875,0.0
9594,93.75,0.1274169921875,0.0
9595,93.75,0.134912109375,0.0
9596,97.5,0.1274169921875,0.0
9597,97.5,0.134912109375,0.0
9598,93.75,0.1424072265625,0.0
9599,93.75,0.14990234375,0.0
9600,97.5,0.1424072265625,0.0
9601,97.5,0.14990234375,0.0
9602,93.75,0.1573974609375,0.0
9603,93.75,0.164892578125,0.0
9604,97.5,0.1573974609375,0.0
9605,97.5,0.164892578125,0.0
9606,93.75,0.1723876953125,0.0
9607,93.75,0.1798828125,0.0
9608,97.5,0.1723876953125,0.0
9609,97.5,0.1798828125,0.0
9610,93.75,0.1873779296875,0.0
9611,93.75,0.194873046875,0.0
9612,97.5,0.1873779296875,0.0
9613,97.5,0.194873046875,0.0
9614,93.75,0.2,0.0
9615,93.75,0.2023681640625,0.0
9616,93.75,0.20986328125,0.0
9617,97.5,0.2,0.0
9618,97.5,0.2023681640625,0.0
9619,97.5,0.20986328125,0.0
9620,93.75,0.2173583984375,0.0
9621,93.75,0.224853515625,0.0
9622,97.5,0.2173583984375,0.0
9623,97.5,0.224853515625,0.0
9624,93.75,0.2323486328125,0.0
9625,93.75,0.23984375,0.0
9626,97.5,0.2323486328125,0.0
9627,97.5,0.23984375,0.0
9628,93.75,0.2473388671875,0.0
9629,93.75,0.254833984375,0.0
9630,97.5,0.2473388671875,0.0
9631,97.5,0.254833984375,0.0
9632,93.75,0.2623291015625,0.0
9633,93.75,0.26982421875,0.0
9634,97.5,0.2623291015625,0.0
9635,97.5,0.26982421875,0.0
9636,93.75,0.2773193359375,0.0
9637,93.75,0.284814453125,0.0
9638,97.5,0.2773193359375,0.0
9639,97.5,0.284814453125,0.0
9640,93.75,0.2923095703125,0.0
9641,93.75,0.2998046875,0.0
9642,97.5,0.2923095703125,0.0
9643,97.5,0.2998046875,0.0
9644,93.75,0.3072998046875,0.0
9645,93.75,0.314794921875,0.0
9646,97.5,0.3072998046875,0.0
9647,97.5,0.314794921875,0.0
9648,93.75,0.32978515625,0.0
9649,97.5,0.32978515625,0.0
9650,93.75,0.359765625,0.0
9651,97.5,0.359765625,0.0
9652,93.75,0.4197265625,0.0
9653,97.5,0.4197265625,0.0
9654,93.75,0.4796875,0.0
9655,97.5,0.4796875,0.0
9656,93.75,0.599609375,0.0
9657,97.5,0.599609375,0.0
9658,93.75,0.71953125,0.0
9659,97.5,0.71953125,0.0
9660,93.75,0.959375,0.0
9661,97.5,0.959375,0.0
9662,93.75,1.4390625,0.0
9663,97.5,1.4390625,0.0
9664,93.75,1.91875,0.0
9665,97.5,1.91875,0.0
9666,93.75,2.3984375,0.0
9667,93.75,2.878125,0.0
9668,97.5,2.3984375,0.0
9669,97.5,2.878125,0.0
9670,93.75,3.3578125,0.0
9671,93.75,3.8375,0.0
9672,97.5,3.3578125,0.0
9673,97.5,3.8375,0.0
9674,93.75,4.3171875,0.0
9675,93.75,4.796875,0.0
9676,97.5,4.3171875,0.0
9677,97.5,4.796875,0.0
9678,93.75,5.2765625,0.0
9679,93.75,5.75625,0.0
9680,97.5,5.2765625,0.0
9681,97.5,5.75625,0.0
9682,93.75,6.235937499999999,0.0
9683,93.75,6.715624999999999,0.0
9684,97.5,6.235937499999999,0.0
9685,97.5,6.715624999999999,0.0
9686,93.75,7.1953125,0.0
9687,93.75,7.675,0.0
9688,97.5,7.1953125,0.0
9689,97.5,7.675,0.0
9690,101.25,0.014990234375,0.0
9691,101.25,-0.0,0.0
9692,101.25,0.02998046875,0.0
9693,105.0,0.014990234375,0.0
9694,105.0,-0.0,0.0
9695,105.0,0.02998046875,0.0
9696,101.25,0.044970703125,0.0
9697,101.25,0.0599609375,0.0
9698,105.0,0.044970703125,0.0
9699,105.0,0.0599609375,0.0
9700,101.25,0.074951171875,0.0
9701,105.0,0.074951171875,0.0
9702,101.25,0.08994140625,0.0
9703,105.0,0.08994140625,0.0
9704,101.25,0.09743652343749999,0.0
9705,101.25,0.104931640625,0.0
9706,105.0,0.09743652343749999,0.0
9707,105.0,0.104931640625,0.0
9708,101.25,0.1124267578125,0.0
9709,101.25,0.119921875,0.0
9710,105.0,0.1124267578125,0.0
9711,105.0,0.119921875,0.0
9712,101.25,0.1274169921875,0.0
9713,101.25,0.134912109375,0.0
9714,105.0,0.1274169921875,0.0
9715,105.0,0.134912109375,0.0
9716,101.25,0.1424072265625,0.0
9717,101.25,0.14990234375,0.0
9718,105.0,0.1424072265625,0.0
9719,105.0,0.14990234375,0.0
9720,101.25,0.1573974609375,0.0
9721,101.25,0.164892578125,0.0
9722,105.0,0.1573974609375,0.0
9723,105.0,0.164892578125,0.0
9724,101.25,0.1723876953125,0.0
9725,101.25,0.1798828125,0.0
9726,105.0,0.1723876953125,0.0
9727,105.0,0.1798828125,0.0
9728,101.25,0.1873779296875,0.0
9729,101.25,0.194873046875,0.0
9730,105.0,0.1873779296875,0.0
9731,105.0,0.194873046875,0.0
9732,101.25,0.2,0.0
9733,101.25,0.2023681640625,0.0
9734,101.25,0.20986328125,0.0
9735,105.0,0.2,0.0
9736,105.0,0.2023681640625,0.0
9737,105.0,0.20986328125,0.0
9738,101.25,0.2173583984375,0.0
9739,101.25,0.224853515625,0.0
9740,105.0,0.2173583984375,0.0
9741,105.0,0.224853515625,0.0
9742,101.25,0.2323486328125,0.0
9743,101.25,0.23984375,0.0
9744,105.0,0.2323486328125,0.0
9745,105.0,0.23984375,0.0
9746,101.25,0.2473388671875,0.0
9747,101.25,0.254833984375,0.0
9748,105.0,0.2473388671875,0.0
9749,105.0,0.254833984375,0.0
9750,101.25,0.2623291015625,0.0
9751,101.25,0.26982421875,0.0
9752,105.0,0.2623291015625,0.0
9753,105.0,0.26982421875,0.0
9754,101.25,0.2773193359375,0.0
9755,101.25,0.284814453125,0.0
9756,105.0,0.2773193359375,0.0
9757,105.0,0.284814453125,0.0
9758,101.25,0.2923095703125,0.0
9759,101.25,0.2998046875,0.0
9760,105.0,0.2923095703125,0.0
9761,105.0,0.2998046875,0.0
9762,101.25,0.3072998046875,0.0
9763,101.25,0.314794921875,0.0
9764,105.0,0.3072998046875,0.0
9765,105.0,0.314794921875,0.0
9766,101.25,0.32978515625,0.0
9767,105.0,0.32978515625,0.0
9768,101.25,0.359765625,0.0
9769,105.0,0.359765625,0.0
9770,101.25,0.4197265625,0.0
9771,105.0,0.4197265625,0.0
9772,101.25,0.4796875,0.0
9773,105.0,0.4796875,0.0
9774,101.25,0.599609375,0.0
9775,105.0,0.599609375,0.0
9776,101.25,0.71953125,0.0
9777,105.0,0.71953125,0.0
9778,101.25,0.959375,0.0
9779,105.0,0.959375,0.0
9780,101.25,1.4390625,0.0
9781,105.0,1.4390625,0.0
9782,101.25,1.91875,0.0
9783,105.0,1.91875,0.0
9784,101.25,2.3984375,0.0
9785,101.25,2.878125,0.0
9786,105.0,2.3984375,0.0
9787,105.0,2.878125,0.0
9788,101.25,3.3578125,0.0
9789,101.25,3.8375,0.0
9790,105.0,3.3578125,0.0
9791,105.0,3.8375,0.0
9792,101.25,4.3171875,0.0
9793,101.25,4.796875,0.0
9794,105.0,4.3171875,0.0
9795,105.0,4.796875,0.0
9796,101.25,5.2765625,0.0
9797,101.25,5.75625,0.0
9798,105.0,5.2765625,0.0
9799,105.0,5.75625,0.0
9800,101.25,6.235937499999999,0.0
9801,101.25,6.715624999999999,0.0
9802,105.0,6.235937499999999,0.0
9803,105.0,6.715624999999999,0.0
9804,101.25,7.1953125,0.0
9805,101.25,7.675,0.0
9806,105.0,7.1953125,0.0
9807,105.0,7.675,0.0
9808,93.75,8.1546875,0.0
9809,93.75,8.634375,0.0
9810,97.5,8.1546875,0.0
9811,97.5,8.634375,0.0
9812,93.75,9.1140625,0.0
9813,93.75,9.59375,0.0
9814,97.5,9.1140625,0.0
9815,97.5,9.59375,0.0
9816,93.75,10.0734375,0.0
9817,93.75,10.553125,0.0
9818,97.5,10.0734375,0.0
9819,97.5,10.553125,0.0
9820,93.75,11.0328125,0.0
9821,93.75,11.5125,0.0
9822,97.5,11.0328125,0.0
9823,97.5,11.5125,0.0
9824,93.75,11.9921875,0.0
9825,93.75,12.471875,0.0
9826,97.5,11.9921875,0.0
9827,97.5,12.471875,0.0
9828,93.75,12.9515625,0.0
9829,93.75,13.43125,0.0
9830,97.5,12.9515625,0.0
9831,97.5,13.43125,0.0
9832,93.75,13.9109375,0.0
9833,93.75,14.390625,0.0
9834,97.5,13.9109375,0.0
9835,97.5,14.390625,0.0
9836,93.75,14.8703125,0.0
9837,93.75,15.35,0.0
9838,97.5,14.8703125,0.0
9839,97.5,15.35,0.0
9840,101.25,8.1546875,0.0
9841,101.25,8.634375,0.0
9842,105.0,8.1546875,0.0
9843,105.0,8.634375,0.0
9844,101.25,9.1140625,0.0
9845,101.25,9.59375,0.0
9846,105.0,9.1140625,0.0
9847,105.0,9.59375,0.0
9848,101.25,10.0734375,0.0
9849,101.25,10.553125,0.0
9850,105.0,10.0734375,0.0
9851,105.0,10.553125,0.0
9852,101.25,11.0328125,0.0
9853,101.25,11.5125,0.0
9854,105.0,11.0328125,0.0
9855,105.0,11.5125,0.0
9856,101.25,11.9921875,0.0
9857,101.25,12.471875,0.0
9858,105.0,11.9921875,0.0
9859,105.0,12.471875,0.0
9860,101.25,12.9515625,0.0
9861,101.25,13.43125,0.0
9862,105.0,12.9515625,0.0
9863,105.0,13.43125,0.0
9864,101.25,13.9109375,0.0
9865,101.25,14.390625,0.0
9866,105.0,13.9109375,0.0
9867,105.0,14.390625,0.0
9868,101.25,14.8703125,0.0
9869,101.25,15.35,0.0
9870,105.0,14.8703125,0.0
9871,105.0,15.35,0.0
9872,108.75,0.014990234375,0.0
9873,108.75,-0.0,0.0
9874,108.75,0.02998046875,0.0
9875,112.5,0.014990234375,0.0
9876,112.5,-0.0,0.0
9877,112.5,0.02998046875,0.0
9878,108.75,0.044970703125,0.0
9879,108.75,0.0599609375,0.0
9880,112.5,0.044970703125,0.0
9881,112.5,0.0599609375,0.0
9882,108.75,0.074951171875,0.0
9883,112.5,0.074951171875,0.0
9884,108.75,0.08994140625,0.0
9885,112.5,0.08994140625,0.0
9886,108.75,0.09743652343749999,0.0
9887,108.75,0.104931640625,0.0
9888,112.5,0.09743652343749999,0.0
9889,112.5,0.104931640625,0.0
9890,108.75,0.1124267578125,0.0
9891,108.75,0.119921875,0.0
9892,112.5,0.1124267578125,0.0
9893,112.5,0.119921875,0.0
9894,108.75,0.1274169921875,0.0
9895,108.75,0.134912109375,0.0
9896,112.5,0.1274169921875,0.0
9897,112.5,0.134912109375,0.0
9898,108.75,0.1424072265625,0.0
9899,108.75,0.14990234375,0.0
9900,112.5,0.1424072265625,0.0
9901,112.5,0.14990234375,0.0
9902,108.75,0.1573974609375,0.0
9903,108.75,0.164892578125,0.0
9904,112.5,0.1573974609375,0.0
9905,112.5,0.164892578125,0.0
9906,108.75,0.1723876953125,0.0
9907,108.75,0.1798828125,0.0
9908,112.5,0.1723876953125,0.0
9909,112.5,0.1798828125,0.0
9910,108.75,0.1873779296875,0.0
9911,108.75,0.194873046875,0.0
9912,112.5,0.1873779296875,0.0
9913,112.5,0.194873046875,0.0
9914,108.75,0.2,0.0
9915,108.75,0.2023681640625,0.0
9916,108.75,0.20986328125,0.0
9917,112.5,0.2,0.0
9918,112.5,0.2023681640625,0.0
9919,112.5,0.20986328125,0.0
9920,108.75,0.2173583984375,0.0
9921,108.75,0.224853515625,0.0
9922,112.5,0.2173583984375,0.0
9923,112.5,0.224853515625,0.0
9924,108.75,0.2323486328125,0.0
9925,108.75,0.23984375,0.0
9926,112.5,0.2323486328125,0.0
9927,112.5,0.23984375,0.0
9928,108.75,0.2473388671875,0.0
9929,108.75,0.254833984375,0.0
9930,112.5,0.2473388671875,0.0
9931,112.5,0.254833984375,0.0
9932,108.75,0.2623291015625,0.0
9933,108.75,0.26982421875,0.0
9934,112.5,0.2623291015625,0.0
9935,112.5,0.26982421875,0.0
9936,108.75,0.2773193359375,0.0
9937,108.75,0.284814453125,0.0
9938,112.5,0.2773193359375,0.0
9939,112.5,0.284814453125,0.0
9940,108.75,0.2923095703125,0.0
9941,108.75,0.2998046875,0.0
9942,112.5,0.2923095703125,0.0
9943,112.5,0.2998046875,0.0
9944,108.75,0.3072998046875,0.0
9945,108.75,0.314794921875,0.0
9946,112.5,0.3072998046875,0.0
9947,112.5,0.314794921875,0.0
9948,108.75,0.32978515625,0.0
9949,112.5,0.32978515625,0.0
9950,108.75,0.359765625,0.0
9951,112.5,0.359765625,0.0
9952,108.75,0.4197265625,0.0
9953,112.5,0.4197265625,0.0
9954,108.75,0.4796875,0.0
9955,112.5,0.4796875,0.0
9956,108.75,0.599609375,0.0
9957,112.5,0.599609375,0.0
9958,108.75,0.71953125,0.0
9959,112.5,0.71953125,0.0
9960,108.75,0.959375,0.0
9961,112.5,0.959375,0.0
9962,108.75,1.4390625,0.0
9963,112.5,1.4390625,0.0
9964,108.75,1.91875,0.0
9965,112.5,1.91875,0.0
9966,108.75,2.3984375,0.0
9967,108.75,2.878125,0.0
9968,112.5,2.3984375,0.0
9969,112.5,2.878125,0.0
9970,108.75,3.3578125,0.0
9971,108.75,3.8375,0.0
9972,112.5,3.3578125,0.0
9973,112.5,3.8375,0.0
9974,108.75,4.3171875,0.0
9975,108.75,4.796875,0.0
9976,112.5,4.3171875,0.0
9977,112.5,4.796875,0.0
9978,108.75,5.2765625,0.0
9979,108.75,5.75625,0.0
9980,112.5,5.2765625,0.0
9981,112.5,5.75625,0.0
9982,108.75,6.235937499999999,0.0
9983,108.75,6.715624999999999,0.0
9984,112.5,6.235937499999999,0.0
9985,112.5,6.715624999999999,0.0
9986,108.75,7.1953125,0.0
9987,108.75,7.675,0.0
9988,112.5,7.1953125,0.0
9989,112.5,7.675,0.0
9990,108.75,8.1546875,0.0
9991,108.75,8.634375,0.0
9992,112.5,8.1546875,0.0
9993,112.5,8.634375,0.0
9994,108.75,9.1140625,0.0
9995,108.75,9.59375,0.0
9996,112.5,9.1140625,0.0
9997,112.5,9.59375,0.0
9998,108.75,10.0734375,0.0
9999,108.75,10.553125,0.0
10000,112.5,10.0734375,0.0
10001,112.5,10.553125,0.0
10002,108.75,11.0328125,0.0
10003,108.75,11.5125,0.0
10004,112.5,11.0328125,0.0
10005,112.5,11.5125,0.0
10006,108.75,11.9921875,0.0
10007,108.75,12.471875,0.0
10008,112.5,11.9921875,0.0
10009,112.5,12.471875,0.0
10010,108.75,12.9515625,0.0
10011,108.75,13.43125,0.0
10012,112.5,12.9515625,0.0
10013,112.5,13.43125,0.0
10014,108.75,13.9109375,0.0
10015,108.75,14.390625,0.0
10016,112.5,13.9109375,0.0
10017,112.5,14.390625,0.0
10018,108.75,14.8703125,0.0
10019,108.75,15.35,0.0
10020,112.5,14.8703125,0.0
10021,112.5,15.35,0.0
10022,116.25,0.014990234375,0.0
10023,116.25,-0.0,0.0
10024,116.25,0.02998046875,0.0
10025,116.25,0.044970703125,0.0
10026,116.25,0.0599609375,0.0
10027,116.25,0.074951171875,0.0
10028,116.25,0.08994140625,0.0
10029,116.25,0.09743652343749999,0.0
10030,116.25,0.104931640625,0.0
10031,116.25,0.1124267578125,0.0
10032,116.25,0.119921875,0.0
10033,116.25,0.1274169921875,0.0
10034,116.25,0.134912109375,0.0
10035,116.25,0.1424072265625,0.0
10036,116.25,0.14990234375,0.0
10037,116.25,0.1573974609375,0.0
10038,116.25,0.164892578125,0.0
10039,116.25,0.1723876953125,0.0
10040,116.25,0.1798828125,0.0
10041,116.25,0.1873779296875,0.0
10042,116.25,0.194873046875,0.0
10043,116.25,0.2,0.0
10044,116.25,0.2023681640625,0.0
10045,116.25,0.20986328125,0.0
10046,116.25,0.2173583984375,0.0
10047,116.25,0.224853515625,0.0
10048,116.25,0.2323486328125,0.0
10049,116.25,0.23984375,0.0
10050,116.25,0.2473388671875,0.0
10051,116.25,0.254833984375,0.0
10052,116.25,0.2623291015625,0.0
10053,116.25,0.26982421875,0.0
10054,116.25,0.2773193359375,0.0
10055,116.25,0.284814453125,0.0
10056,116.25,0.2923095703125,0.0
10057,116.25,0.2998046875,0.0
10058,116.25,0.3072998046875,0.0
10059,116.25,0.314794921875,0.0
10060,116.25,0.32978515625,0.0
10061,116.25,0.359765625,0.0
10062,116.25,0.4197265625,0.0
10063,116.25,0.4796875,0.0
10064,116.25,0.599609375,0.0
10065,116.25,0.71953125,0.0
10066,116.25,0.959375,0.0
10067,120.0,0.014990234375,0.0
10068,120.0,0.02998046875,0.0
10069,120.0,0.044970703125,0.0
10070,120.0,0.0599609375,0.0
10071,120.0,0.074951171875,0.0
10072,120.0,0.08994140625,0.0
10073,120.0,0.09743652343749999,0.0
10074,120.0,0.104931640625,0.0
10075,120.0,0.1124267578125,0.0
10076,120.0,0.119921875,0.0
10077,120.0,0.1274169921875,0.0
10078,120.0,0.134912109375,0.0
10079,120.0,0.1424072265625,0.0
10080,120.0,0.14990234375,0.0
10081,120.0,0.1573974609375,0.0
10082,120.0,0.164892578125,0.0
10083,120.0,0.1723876953125,0.0
10084,120.0,0.1798828125,0.0
10085,120.0,0.1873779296875,0.0
10086,120.0,0.194873046875,0.0
10087,120.0,0.2023681640625,0.0
10088,120.0,0.20986328125,0.0
10089,120.0,0.2173583984375,0.0
10090,120.0,0.224853515625,0.0
10091,120.0,0.2323486328125,0.0
10092,120.0,0.23984375,0.0
10093,120.0,0.2473388671875,0.0
10094,120.0,0.254833984375,0.0
10095,120.0,0.2623291015625,0.0
10096,120.0,0.26982421875,0.0
10097,120.0,0.2773193359375,0.0
10098,120.0,0.284814453125,0.0
10099,120.0,0.2923095703125,0.0
10100,120.0,0.2998046875,0.0
10101,120.0,0.3072998046875,0.0
10102,120.0,0.314794921875,0.0
10103,120.0,0.32978515625,0.0
10104,120.0,0.359765625,0.0
10105,120.0,0.4197265625,0.0
10106,120.0,0.4796875,0.0
10107,120.0,0.599609375,0.0
10108,120.0,0.71953125,0.0
10109,120.0,0.959375,0.0
10110,116.25,1.4390625,0.0
10111,116.25,1.91875,0.0
10112,120.0,1.4390625,0.0
10113,120.0,1.91875,0.0
10114,116.25,2.3984375,0.0
10115,116.25,2.878125,0.0
10116,120.0,2.3984375,0.0
10117,120.0,2.878125,0.0
10118,116.25,3.3578125,0.0
10119,116.25,3.8375,0.0
10120,120.0,3.3578125,0.0
10121,120.0,3.8375,0.0
10122,116.25,4.3171875,0.0
10123,116.25,4.796875,0.0
10124,120.0,4.3171875,0.0
10125,120.0,4.796875,0.0
10126,116.25,5.2765625,0.0
10127,116.25,5.75625,0.0
10128,120.0,5.2765625,0.0
10129,120.0,5.75625,0.0
10130,116.25,6.235937499999999,0.0
10131,116.25,6.715624999999999,0.0
10132,120.0,6.235937499999999,0.0
10133,120.0,6.715624999999999,0.0
10134,116.25,7.1953125,0.0
10135,116.25,7.675,0.0
10136,120.0,7.1953125,0.0
10137,120.0,7.675,0.0
10138,116.25,8.1546875,0.0
10139,116.25,8.634375,0.0
10140,120.0,8.1546875,0.0
10141,120.0,8.634375,0.0
10142,116.25,9.1140625,0.0
10143,116.25,9.59375,0.0
10144,120.0,9.1140625,0.0
10145,120.0,9.59375,0.0
10146,116.25,10.0734375,0.0
10147,116.25,10.553125,0.0
10148,120.0,10.0734375,0.0
10149,120.0,10.553125,0.0
10150,116.25,11.0328125,0.0
10151,116.25,11.5125,0.0
10152,120.0,11.0328125,0.0
10153,120.0,11.5125,0.0
10154,116.25,11.9921875,0.0
10155,116.25,12.471875,0.0
10156,120.0,11.9921875,0.0
10157,120.0,12.471875,0.0
10158,116.25,12.9515625,0.0
10159,116.25,13.43125,0.0
10160,120.0,12.9515625,0.0
10161,120.0,13.43125,0.0
10162,116.25,13.9109375,0.0
10163,116.25,14.390625,0.0
10164,120.0,13.9109375,0.0
10165,120.0,14.390625,0.0
10166,116.25,14.8703125,0.0
10167,116.25,15.35,0.0
10168,120.0,14.8703125,0.0
10169,120.0,15.35,0.0
10170,93.75,15.8296875,0.0
10171,93.75,16.309375,0.0
10172,97.5,15.8296875,0.0
10173,97.5,16.309375,0.0
10174,93.75,16.7890625,0.0
10175,93.75,17.26875,0.0
10176,97.5,16.7890625,0.0
10177,97.5,17.26875,0.0
10178,93.75,17.7484375,0.0
10179,93.75,18.228125,0.0
10180,97.5,17.7484375,0.0
10181,97.5,18.228125,0.0
10182,93.75,18.7078125,0.0
10183,93.75,19.1875,0.0
10184,97.5,18.7078125,0.0
10185,97.5,19.1875,0.0
10186,93.75,19.6671875,0.0
10187,93.75,20.146875,0.0
10188,97.5,19.6671875,0.0
10189,97.5,20.146875,0.0
10190,93.75,20.6265625,0.0
10191,93.75,21.10625,0.0
10192,97.5,20.6265625,0.0
10193,97.5,21.10625,0.0
10194,93.75,21.5859375,0.0
10195,93.75,22.065625,0.0
10196,97.5,21.5859375,0.0
10197,97.5,22.065625,0.0
10198,93.75,22.5453125,0.0
10199,93.75,23.025,0.0
10200,97.5,22.5453125,0.0
10201,97.5,23.025,0.0
10202,101.25,15.8296875,0.0
10203,101.25,16.309375,0.0
10204,105.0,15.8296875,0.0
10205,105.0,16.309375,0.0
10206,101.25,16.7890625,0.0
10207,101.25,17.26875,0.0
10208,105.0,16.7890625,0.0
10209,105.0,17.26875,0.0
10210,101.25,17.7484375,0.0
10211,101.25,18.228125,0.0
10212,105.0,17.7484375,0.0
10213,105.0,18.228125,0.0
10214,101.25,18.7078125,0.0
10215,101.25,19.1875,0.0
10216,105.0,18.7078125,0.0
10217,105.0,19.1875,0.0
10218,101.25,19.6671875,0.0
10219,101.25,20.146875,0.0
10220,105.0,19.6671875,0.0
10221,105.0,20.146875,0.0
10222,101.25,20.6265625,0.0
10223,101.25,21.10625,0.0
10224,105.0,20.6265625,0.0
10225,105.0,21.10625,0.0
10226,101.25,21.5859375,0.0
10227,101.25,22.065625,0.0
10228,105.0,21.5859375,0.0
10229,105.0,22.065625,0.0
10230,101.25,22.5453125,0.0
10231,101.25,23.025,0.0
10232,105.0,22.5453125,0.0
10233,105.0,23.025,0.0
10234,93.75,23.5046875,0.0
10235,93.75,23.984375,0.0
10236,97.5,23.5046875,0.0
10237,97.5,23.984375,0.0
10238,93.75,24.4640625,0.0
10239,93.75,24.94375,0.0
10240,97.5,24.4640625,0.0
10241,97.5,24.94375,0.0
10242,93.75,25.4234375,0.0
10243,93.75,25.903125,0.0
10244,97.5,25.4234375,0.0
10245,97.5,25.903125,0.0
10246,93.75,26.3828125,0.0
10247,93.75,26.8625,0.0
10248,97.5,26.3828125,0.0
10249,97.5,26.8625,0.0
10250,101.25,23.5046875,0.0
10251,101.25,23.984375,0.0
10252,105.0,23.5046875,0.0
10253,105.0,23.984375,0.0
10254,101.25,24.4640625,0.0
10255,101.25,24.94375,0.0
10256,105.0,24.4640625,0.0
10257,105.0,24.94375,0.0
10258,101.25,25.4234375,0.0
10259,101.25,25.903125,0.0
10260,105.0,25.4234375,0.0
10261,105.0,25.903125,0.0
10262,101.25,26.3828125,0.0
10263,101.25,26.8625,0.0
10264,105.0,26.3828125,0.0
10265,105.0,26.8625,0.0
10266,93.75,27.3421875,0.0
10267,93.75,27.821875,0.0
10268,97.5,27.3421875,0.0
10269,97.5,27.821875,0.0
10270,93.75,28.3015625,0.0
10271,93.75,28.78125,0.0
10272,97.5,28.3015625,0.0
10273,97.5,28.78125,0.0
10274,101.25,27.3421875,0.0
10275,101.25,27.821875,0.0
10276,105.0,27.3421875,0.0
10277,105.0,27.821875,0.0
10278,101.25,28.3015625,0.0
10279,101.25,28.78125,0.0
10280,105.0,28.3015625,0.0
10281,105.0,28.78125,0.0
10282,93.75,29.2609375,0.0
10283,97.5,29.2609375,0.0
10284,93.75,29.50078125,0.0
10285,97.5,29.50078125,0.0
10286,93.75,29.740625,0.0
10287,97.5,29.740625,0.0
10288,101.25,29.2609375,0.0
10289,105.0,29.2609375,0.0
10290,101.25,29.50078125,0.0
10291,105.0,29.50078125,0.0
10292,101.25,29.740625,0.0
10293,105.0,29.740625,0.0
10294,93.75,29.860546875,0.0
10295,97.5,29.860546875,0.0
10296,93.75,29.98046875,0.0
10297,97.5,29.98046875,0.0
10298,101.25,29.860546875,0.0
10299,105.0,29.860546875,0.0
10300,101.25,29.98046875,0.0
10301,105.0,29.98046875,0.0
10302,93.75,30.0404296875,0.0
10303,97.5,30.0404296875,0.0
10304,93.75,30.07041015625,0.0
10305,97.5,30.07041015625,0.0
10306,93.75,30.085400390625,0.0
10307,97.5,30.085400390625,0.0
10308,93.75,30.0928955078125,0.0
10309,93.75,30.100390625,0.0
10310,97.5,30.0928955078125,0.0
10311,97.5,30.100390625,0.0
10312,101.25,30.0404296875,0.0
10313,105.0,30.0404296875,0.0
10314,101.25,30.07041015625,0.0
10315,105.0,30.07041015625,0.0
10316,101.25,30.085400390625,0.0
10317,105.0,30.085400390625,0.0
10318,101.25,30.0928955078125,0.0
10319,101.25,30.100390625,0.0
10320,105.0,30.0928955078125,0.0
10321,105.0,30.100390625,0.0
10322,93.75,30.1078857421875,0.0
10323,93.75,30.115380859375,0.0
10324,97.5,30.1078857421875,0.0
10325,97.5,30.115380859375,0.0
10326,93.75,30.1228759765625,0.0
10327,93.75,30.13037109375,0.0
10328,97.5,30.1228759765625,0.0
10329,97.5,30.13037109375,0.0
10330,93.75,30.1378662109375,0.0
10331,93.75,30.145361328125,0.0
10332,97.5,30.1378662109375,0.0
10333,97.5,30.145361328125,0.0
10334,93.75,30.1528564453125,0.0
10335,93.75,30.1603515625,0.0
10336,97.5,30.1528564453125,0.0
10337,97.5,30.1603515625,0.0
10338,101.25,30.1078857421875,0.0
10339,101.25,30.115380859375,0.0
10340,105.0,30.1078857421875,0.0
10341,105.0,30.115380859375,0.0
10342,101.25,30.1228759765625,0.0
10343,101.25,30.13037109375,0.0
10344,105.0,30.1228759765625,0.0
10345,105.0,30.13037109375,0.0
10346,101.25,30.1378662109375,0.0
10347,101.25,30.145361328125,0.0
10348,105.0,30.1378662109375,0.0
10349,105.0,30.145361328125,0.0
10350,101.25,30.1528564453125,0.0
10351,101.25,30.1603515625,0.0
10352,105.0,30.1528564453125,0.0
10353,105.0,30.1603515625,0.0
10354,93.75,30.1678466796875,0.0
10355,93.75,30.175341796875,0.0
10356,97.5,30.1678466796875,0.0
10357,97.5,30.175341796875,0.0
10358,93.75,30.1828369140625,0.0
10359,93.75,30.19033203125,0.0
10360,97.5,30.1828369140625,0.0
10361,97.5,30.19033203125,0.0
10362,101.25,30.1678466796875,0.0
10363,101.25,30.175341796875,0.0
10364,105.0,30.1678466796875,0.0
10365,105.0,30.175341796875,0.0
10366,101.25,30.1828369140625,0.0
10367,101.25,30.19033203125,0.0
10368,105.0,30.1828369140625,0.0
10369,105.0,30.19033203125,0.0
10370,93.75,30.1978271484375,0.0
10371,93.75,30.2,0.0
10372,93.75,30.205322265625,0.0
10373,97.5,30.1978271484375,0.0
10374,97.5,30.2,0.0
10375,97.5,30.205322265625,0.0
10376,101.25,30.1978271484375,0.0
10377,101.25,30.2,0.0
10378,101.25,30.205322265625,0.0
10379,105.0,30.1978271484375,0.0
10380,105.0,30.2,0.0
10381,105.0,30.205322265625,0.0
10382,93.75,30.2128173828125,0.0
10383,97.5,30.2128173828125,0.0
10384,93.75,30.2203125,0.0
10385,97.5,30.2203125,0.0
10386,101.25,30.2128173828125,0.0
10387,105.0,30.2128173828125,0.0
10388,101.25,30.2203125,0.0
10389,105.0,30.2203125,0.0
10390,93.75,30.2278076171875,0.0
10391,97.5,30.2278076171875,0.0
10392,93.75,30.235302734375,0.0
10393,97.5,30.235302734375,0.0
10394,101.25,30.2278076171875,0.0
10395,105.0,30.2278076171875,0.0
10396,101.25,30.235302734375,0.0
10397,105.0,30.235302734375,0.0
10398,93.75,30.2427978515625,0.0
10399,97.5,30.2427978515625,0.0
10400,93.75,30.25029296875,0.0
10401,97.5,30.25029296875,0.0
10402,101.25,30.2427978515625,0.0
10403,105.0,30.2427978515625,0.0
10404,101.25,30.25029296875,0.0
10405,105.0,30.25029296875,0.0
10406,93.75,30.2577880859375,0.0
10407,97.5,30.2577880859375,0.0
10408,93.75,30.265283203125,0.0
10409,97.5,30.265283203125,0.0
10410,101.25,30.2577880859375,0.0
10411,105.0,30.2577880859375,0.0
10412,101.25,30.265283203125,0.0
10413,105.0,30.265283203125,0.0
10414,93.75,30.2727783203125,0.0
10415,97.5,30.2727783203125,0.0
10416,93.75,30.2802734375,0.0
10417,97.5,30.2802734375,0.0
10418,101.25,30.2727783203125,0.0
10419,105.0,30.2727783203125,0.0
10420,101.25,30.2802734375,0.0
10421,105.0,30.2802734375,0.0
10422,93.75,30.2877685546875,0.0
10423,97.5,30.2877685546875,0.0
10424,93.75,30.295263671875,0.0
10425,97.5,30.295263671875,0.0
10426,101.25,30.2877685546875,0.0
10427,105.0,30.2877685546875,0.0
10428,101.25,30.295263671875,0.0
10429,105.0,30.295263671875,0.0
10430,93.75,30.3027587890625,0.0
10431,97.5,30.3027587890625,0.0
10432,93.75,30.31025390625,0.0
10433,97.5,30.31025390625,0.0
10434,101.25,30.3027587890625,0.0
10435,105.0,30.3027587890625,0.0
10436,101.25,30.31025390625,0.0
10437,105.0,30.31025390625,0.0
10438,93.75,30.325244140625,0.0
10439,97.5,30.325244140625,0.0
10440,93.75,30.340234375,0.0
10441,97.5,30.340234375,0.0
10442,101.25,30.325244140625,0.0
10443,105.0,30.325244140625,0.0
10444,101.25,30.340234375,0.0
10445,105.0,30.340234375,0.0
10446,93.75,30.355224609375,0.0
10447,97.5,30.355224609375,0.0
10448,93.75,30.37021484375,0.0
10449,97.5,30.37021484375,0.0
10450,101.25,30.355224609375,0.0
10451,105.0,30.355224609375,0.0
10452,101.25,30.37021484375,0.0
10453,105.0,30.37021484375,0.0
10454,93.75,30.385205078125,0.0
10455,97.5,30.385205078125,0.0
10456,93.75,30.4001953125,0.0
10457,97.5,30.4001953125,0.0
10458,101.25,30.385205078125,0.0
10459,105.0,30.385205078125,0.0
10460,101.25,30.4001953125,0.0
10461,105.0,30.4001953125,0.0
10462,93.75,30.41518554687499,0.0
10463,97.5,30.41518554687499,0.0
10464,93.75,30.43017578125,0.0
10465,97.5,30.43017578125,0.0
10466,101.25,30.41518554687499,0.0
10467,105.0,30.41518554687499,0.0
10468,101.25,30.43017578125,0.0
10469,105.0,30.43017578125,0.0
10470,93.75,30.445166015625,0.0
10471,97.5,30.445166015625,0.0
10472,93.75,30.46015625,0.0
10473,97.5,30.46015625,0.0
10474,101.25,30.445166015625,0.0
10475,105.0,30.445166015625,0.0
10476,101.25,30.46015625,0.0
10477,105.0,30.46015625,0.0
10478,93.75,30.475146484375,0.0
10479,97.5,30.475146484375,0.0
10480,93.75,30.49013671875,0.0
10481,97.5,30.49013671875,0.0
10482,101.25,30.475146484375,0.0
10483,105.0,30.475146484375,0.0
10484,101.25,30.49013671875,0.0
10485,105.0,30.49013671875,0.0
10486,93.75,30.505126953125,0.0
10487,97.5,30.505126953125,0.0
10488,93.75,30.5201171875,0.0
10489,97.5,30.5201171875,0.0
10490,101.25,30.505126953125,0.0
10491,105.0,30.505126953125,0.0
10492,101.25,30.5201171875,0.0
10493,105.0,30.5201171875,0.0
10494,93.75,30.535107421875,0.0
10495,97.5,30.535107421875,0.0
10496,93.75,30.55009765625,0.0
10497,97.5,30.55009765625,0.0
10498,101.25,30.535107421875,0.0
10499,105.0,30.535107421875,0.0
10500,101.25,30.55009765625,0.0
10501,105.0,30.55009765625,0.0
10502,93.75,30.565087890625,0.0
10503,97.5,30.565087890625,0.0
10504,93.75,30.580078125,0.0
10505,97.5,30.580078125,0.0
10506,101.25,30.565087890625,0.0
10507,105.0,30.565087890625,0.0
10508,101.25,30.580078125,0.0
10509,105.0,30.580078125,0.0
10510,93.75,30.595068359375,0.0
10511,97.5,30.595068359375,0.0
10512,93.75,30.61005859375,0.0
10513,97.5,30.61005859375,0.0
10514,101.25,30.595068359375,0.0
10515,105.0,30.595068359375,0.0
10516,101.25,30.61005859375,0.0
10517,105.0,30.61005859375,0.0
10518,93.75,30.625048828125,0.0
10519,97.5,30.625048828125,0.0
10520,93.75,30.6400390625,0.0
10521,97.5,30.6400390625,0.0
10522,101.25,30.625048828125,0.0
10523,105.0,30.625048828125,0.0
10524,101.25,30.6400390625,0.0
10525,105.0,30.6400390625,0.0
10526,93.75,30.655029296875,0.0
10527,97.5,30.655029296875,0.0
10528,93.75,30.67001953125,0.0
10529,97.5,30.67001953125,0.0
10530,101.25,30.655029296875,0.0
10531,105.0,30.655029296875,0.0
10532,101.25,30.67001953125,0.0
10533,105.0,30.67001953125,0.0
10534,93.75,30.685009765625,0.0
10535,97.5,30.685009765625,0.0
10536,93.75,30.7,0.0
10537,97.5,30.7,0.0
10538,101.25,30.685009765625,0.0
10539,105.0,30.685009765625,0.0
10540,101.25,30.7,0.0
10541,105.0,30.7,0.0
10542,108.75,15.8296875,0.0
10543,108.75,16.309375,0.0
10544,112.5,15.8296875,0.0
10545,112.5,16.309375,0.0
10546,108.75,16.7890625,0.0
10547,108.75,17.26875,0.0
10548,112.5,16.7890625,0.0
10549,112.5,17.26875,0.0
10550,108.75,17.7484375,0.0
10551,108.75,18.228125,0.0
10552,112.5,17.7484375,0.0
10553,112.5,18.228125,0.0
10554,108.75,18.7078125,0.0
10555,108.75,19.1875,0.0
10556,112.5,18.7078125,0.0
10557,112.5,19.1875,0.0
10558,108.75,19.6671875,0.0
10559,108.75,20.146875,0.0
10560,112.5,19.6671875,0.0
10561,112.5,20.146875,0.0
10562,108.75,20.6265625,0.0
10563,108.75,21.10625,0.0
10564,112.5,20.6265625,0.0
10565,112.5,21.10625,0.0
10566,108.75,21.5859375,0.0
10567,108.75,22.065625,0.0
10568,112.5,21.5859375,0.0
10569,112.5,22.065625,0.0
10570,108.75,22.5453125,0.0
10571,108.75,23.025,0.0
10572,112.5,22.5453125,0.0
10573,112.5,23.025,0.0
10574,116.25,15.8296875,0.0
10575,116.25,16.309375,0.0
10576,120.0,15.8296875,0.0
10577,120.0,16.309375,0.0
10578,116.25,16.7890625,0.0
10579,116.25,17.26875,0.0
10580,120.0,16.7890625,0.0
10581,120.0,17.26875,0.0
10582,116.25,17.7484375,0.0
10583,116.25,18.228125,0.0
10584,120.0,17.7484375,0.0
10585,120.0,18.228125,0.0
10586,116.25,18.7078125,0.0
10587,116.25,19.1875,0.0
10588,120.0,18.7078125,0.0
10589,120.0,19.1875,0.0
10590,116.25,19.6671875,0.0
10591,116.25,20.146875,0.0
10592,120.0,19.6671875,0.0
10593,120.0,20.146875,0.0
10594,116.25,20.6265625,0.0
10595,116.25,21.10625,0.0
10596,120.0,20.6265625,0.0
10597,120.0,21.10625,0.0
10598,116.25,21.5859375,0.0
10599,116.25,22.065625,0.0
10600,120.0,21.5859375,0.0
10601,120.0,22.065625,0.0
10602,116.25,22.5453125,0.0
10603,116.25,23.025,0.0
10604,120.0,22.5453125,0.0
10605,120.0,23.025,0.0
10606,108.75,23.5046875,0.0
10607,108.75,23.984375,0.0
10608,112.5,23.5046875,0.0
10609,112.5,23.984375,0.0
10610,108.75,24.4640625,0.0
10611,108.75,24.94375,0.0
10612,112.5,24.4640625,0.0
10613,112.5,24.94375,0.0
10614,108.75,25.4234375,0.0
10615,108.75,25.903125,0.0
10616,112.5,25.4234375,0.0
10617,112.5,25.903125,0.0
10618,108.75,26.3828125,0.0
10619,108.75,26.8625,0.0
10620,112.5,26.3828125,0.0
10621,112.5,26.8625,0.0
10622,108.75,27.3421875,0.0
10623,108.75,27.821875,0.0
10624,112.5,27.3421875,0.0
10625,112.5,27.821875,0.0
10626,108.75,28.3015625,0.0
10627,108.75,28.78125,0.0
10628,112.5,28.3015625,0.0
10629,112.5,28.78125,0.0
10630,108.75,29.2609375,0.0
10631,112.5,29.2609375,0.0
10632,108.75,29.50078125,0.0
10633,112.5,29.50078125,0.0
10634,108.75,29.740625,0.0
10635,112.5,29.740625,0.0
10636,108.75,29.860546875,0.0
10637,112.5,29.860546875,0.0
10638,108.75,29.98046875,0.0
10639,112.5,29.98046875,0.0
10640,108.75,30.0404296875,0.0
10641,112.5,30.0404296875,0.0
10642,108.75,30.07041015625,0.0
10643,112.5,30.07041015625,0.0
10644,108.75,30.085400390625,0.0
10645,112.5,30.085400390625,0.0
10646,108.75,30.0928955078125,0.0
10647,108.75,30.100390625,0.0
10648,112.5,30.0928955078125,0.0
10649,112.5,30.100390625,0.0
10650,108.75,30.1078857421875,0.0
10651,108.75,30.115380859375,0.0
10652,112.5,30.1078857421875,0.0
10653,112.5,30.115380859375,0.0
10654,108.75,30.1228759765625,0.0
10655,108.75,30.13037109375,0.0
10656,112.5,30.1228759765625,0.0
10657,112.5,30.13037109375,0.0
10658,108.75,30.1378662109375,0.0
10659,108.75,30.145361328125,0.0
10660,112.5,30.1378662109375,0.0
10661,112.5,30.145361328125,0.0
10662,108.75,30.1528564453125,0.0
10663,108.75,30.1603515625,0.0
10664,112.5,30.1528564453125,0.0
10665,112.5,30.1603515625,0.0
10666,108.75,30.1678466796875,0.0
10667,108.75,30.175341796875,0.0
10668,112.5,30.1678466796875,0.0
10669,112.5,30.175341796875,0.0
10670,108.75,30.1828369140625,0.0
10671,108.75,30.19033203125,0.0
10672,112.5,30.1828369140625,0.0
10673,112.5,30.19033203125,0.0
10674,108.75,30.1978271484375,0.0
10675,108.75,30.2,0.0
10676,108.75,30.205322265625,0.0
10677,112.5,30.1978271484375,0.0
10678,112.5,30.2,0.0
10679,112.5,30.205322265625,0.0
10680,108.75,30.2128173828125,0.0
10681,112.5,30.2128173828125,0.0
10682,108.75,30.2203125,0.0
10683,112.5,30.2203125,0.0
10684,108.75,30.2278076171875,0.0
10685,112.5,30.2278076171875,0.0
10686,108.75,30.235302734375,0.0
10687,112.5,30.235302734375,0.0
10688,108.75,30.2427978515625,0.0
10689,112.5,30.2427978515625,0.0
10690,108.75,30.25029296875,0.0
10691,112.5,30.25029296875,0.0
10692,108.75,30.2577880859375,0.0
10693,112.5,30.2577880859375,0.0
10694,108.75,30.265283203125,0.0
10695,112.5,30.265283203125,0.0
10696,108.75,30.2727783203125,0.0
10697,112.5,30.2727783203125,0.0
10698,108.75,30.2802734375,0.0
10699,112.5,30.2802734375,0.0
10700,108.75,30.2877685546875,0.0
10701,112.5,30.2877685546875,0.0
10702,108.75,30.295263671875,0.0
10703,112.5,30.295263671875,0.0
10704,108.75,30.3027587890625,0.0
10705,112.5,30.3027587890625,0.0
10706,108.75,30.31025390625,0.0
10707,112.5,30.31025390625,0.0
10708,108.75,30.325244140625,0.0
10709,112.5,30.325244140625,0.0
10710,108.75,30.340234375,0.0
10711,112.5,30.340234375,0.0
10712,108.75,30.355224609375,0.0
10713,112.5,30.355224609375,0.0
10714,108.75,30.37021484375,0.0
10715,112.5,30.37021484375,0.0
10716,108.75,30.385205078125,0.0
10717,112.5,30.385205078125,0.0
10718,108.75,30.4001953125,0.0
10719,112.5,30.4001953125,0.0
10720,108.75,30.41518554687499,0.0
10721,112.5,30.41518554687499,0.0
10722,108.75,30.43017578125,0.0
10723,112.5,30.43017578125,0.0
10724,108.75,30.445166015625,0.0
10725,112.5,30.445166015625,0.0
10726,108.75,30.46015625,0.0
10727,112.5,30.46015625,0.0
10728,108.75,30.475146484375,0.0
10729,112.5,30.475146484375,0.0
10730,108.75,30.49013671875,0.0
10731,112.5,30.49013671875,0.0
10732,108.75,30.505126953125,0.0
10733,112.5,30.505126953125,0.0
10734,108.75,30.5201171875,0.0
10735,112.5,30.5201171875,0.0
10736,108.75,30.535107421875,0.0
10737,112.5,30.535107421875,0.0
10738,108.75,30.55009765625,0.0
10739,112.5,30.55009765625,0.0
10740,108.75,30.565087890625,0.0
10741,112.5,30.565087890625,0.0
10742,108.75,30.580078125,0.0
10743,112.5,30.580078125,0.0
10744,108.75,30.595068359375,0.0
10745,112.5,30.595068359375,0.0
10746,108.75,30.61005859375,0.0
10747,112.5,30.61005859375,0.0
10748,108.75,30.625048828125,0.0
10749,112.5,30.625048828125,0.0
10750,108.75,30.6400390625,0.0
10751,112.5,30.6400390625,0.0
10752,108.75,30.655029296875,0.0
10753,112.5,30.655029296875,0.0
10754,108.75,30.67001953125,0.0
10755,112.5,30.67001953125,0.0
10756,108.75,30.685009765625,0.0
10757,112.5,30.685009765625,0.0
10758,108.75,30.7,0.0
10759,112.5,30.7,0.0
10760,116.25,23.5046875,0.0
10761,116.25,23.984375,0.0
10762,120.0,23.5046875,0.0
10763,120.0,23.984375,0.0
10764,116.25,24.4640625,0.0
10765,116.25,24.94375,0.0
10766,120.0,24.4640625,0.0
10767,120.0,24.94375,0.0
10768,116.25,25.4234375,0.0
10769,116.25,25.903125,0.0
10770,120.0,25.4234375,0.0
10771,120.0,25.903125,0.0
10772,116.25,26.3828125,0.0
10773,116.25,26.8625,0.0
10774,120.0,26.3828125,0.0
10775,120.0,26.8625,0.0
10776,116.25,27.3421875,0.0
10777,116.25,27.821875,0.0
10778,116.25,28.3015625,0.0
10779,116.25,28.78125,0.0
10780,116.25,29.2609375,0.0
10781,116.25,29.50078125,0.0
10782,116.25,29.740625,0.0
10783,116.25,29.860546875,0.0
10784,116.25,29.98046875,0.0
10785,116.25,30.0404296875,0.0
10786,116.25,30.07041015625,0.0
10787,116.25,30.085400390625,0.0
10788,116.25,30.0928955078125,0.0
10789,116.25,30.100390625,0.0
10790,116.25,30.1078857421875,0.0
10791,116.25,30.115380859375,0.0
10792,116.25,30.1228759765625,0.0
10793,116.25,30.13037109375,0.0
10794,116.25,30.1378662109375,0.0
10795,116.25,30.145361328125,0.0
10796,116.25,30.1528564453125,0.0
10797,116.25,30.1603515625,0.0
10798,116.25,30.1678466796875,0.0
10799,116.25,30.175341796875,0.0
10800,116.25,30.1828369140625,0.0
10801,116.25,30.19033203125,0.0
10802,116.25,30.1978271484375,0.0
10803,116.25,30.2,0.0
10804,116.25,30.205322265625,0.0
10805,116.25,30.2128173828125,0.0
10806,116.25,30.2203125,0.0
10807,116.25,30.2278076171875,0.0
10808,116.25,30.235302734375,0.0
10809,116.25,30.2427978515625,0.0
10810,116.25,30.25029296875,0.0
10811,116.25,30.2577880859375,0.0
10812,116.25,30.265283203125,0.0
10813,116.25,30.2727783203125,0.0
10814,116.25,30.2802734375,0.0
10815,116.25,30.2877685546875,0.0
10816,116.25,30.295263671875,0.0
10817,116.25,30.3027587890625,0.0
10818,116.25,30.31025390625,0.0
10819,116.25,30.325244140625,0.0
10820,116.25,30.340234375,0.0
10821,116.25,30.355224609375,0.0
10822,116.25,30.37021484375,0.0
10823,116.25,30.385205078125,0.0
10824,116.25,30.4001953125,0.0
10825,116.25,30.41518554687499,0.0
10826,116.25,30.43017578125,0.0
10827,116.25,30.445166015625,0.0
10828,116.25,30.46015625,0.0
10829,116.25,30.475146484375,0.0
10830,116.25,30.49013671875,0.0
10831,116.25,30.505126953125,0.0
10832,116.25,30.5201171875,0.0
10833,116.25,30.535107421875,0.0
10834,116.25,30.55009765625,0.0
10835,116.25,30.565087890625,0.0
10836,116.25,30.580078125,0.0
10837,116.25,30.595068359375,0.0
10838,116.25,30.61005859375,0.0
10839,116.25,30.625048828125,0.0
10840,116.25,30.6400390625,0.0
10841,116.25,30.655029296875,0.0
10842,116.25,30.67001953125,0.0
10843,116.25,30.685009765625,0.0
10844,116.25,30.7,0.0
10845,120.0,27.3421875,0.0
10846,120.0,27.821875,0.0
10847,120.0,28.3015625,0.0
10848,120.0,28.78125,0.0
10849,120.0,29.2609375,0.0
10850,120.0,29.50078125,0.0
10851,120.0,29.740625,0.0
10852,120.0,29.860546875,0.0
10853,120.0,29.98046875,0.0
10854,120.0,30.0404296875,0.0
10855,120.0,30.07041015625,0.0
10856,120.0,30.085400390625,0.0
10857,120.0,30.0928955078125,0.0
10858,120.0,30.100390625,0.0
10859,120.0,30.1078857421875,0.0
10860,120.0,30.115380859375,0.0
10861,120.0,30.1228759765625,0.0
10862,120.0,30.13037109375,0.0
10863,120.0,30.1378662109375,0.0
10864,120.0,30.145361328125,0.0
10865,120.0,30.1528564453125,0.0
10866,120.0,30.1603515625,0.0
10867,120.0,30.1678466796875,0.0
10868,120.0,30.175341796875,0.0
10869,120.0,30.1828369140625,0.0
10870,120.0,30.19033203125,0.0
10871,120.0,30.1978271484375,0.0
10872,120.0,30.205322265625,0.0
10873,120.0,30.2128173828125,0.0
10874,120.0,30.2203125,0.0
10875,120.0,30.2278076171875,0.0
10876,120.0,30.235302734375,0.0
10877,120.0,30.2427978515625,0.0
10878,120.0,30.25029296875,0.0
10879,120.0,30.2577880859375,0.0
10880,120.0,30.265283203125,0.0
10881,120.0,30.2727783203125,0.0
10882,120.0,30.2802734375,0.0
10883,120.0,30.2877685546875,0.0
10884,120.0,30.295263671875,0.0
10885,120.0,30.3027587890625,0.0
10886,120.0,30.31025390625,0.0
10887,120.0,30.325244140625,0.0
10888,120.0,30.340234375,0.0
10889,120.0,30.355224609375,0.0
10890,120.0,30.37021484375,0.0
10891,120.0,30.385205078125,0.0
10892,120.0,30.4001953125,0.0
10893,120.0,30.41518554687499,0.0
10894,120.0,30.43017578125,0.0
10895,120.0,30.445166015625,0.0
10896,120.0,30.46015625,0.0
10897,120.0,30.475146484375,0.0
10898,120.0,30.49013671875,0.0
10899,120.0,30.505126953125,0.0
10900,120.0,30.5201171875,0.0
10901,120.0,30.535107421875,0.0
10902,120.0,30.55009765625,0.0
10903,120.0,30.565087890625,0.0
10904,120.0,30.580078125,0.0
10905,120.0,30.595068359375,0.0
10906,120.0,30.61005859375,0.0
10907,120.0,30.625048828125,0.0
10908,120.0,30.6400390625,0.0
10909,120.0,30.655029296875,0.0
10910,120.0,30.67001953125,0.0
10911,120.0,30.685009765625,0.0
10912,-120.0,30.2,0.0
10913,120.0,30.2,0.0
10914,120.0,30.7,0.0
10915,-120.0,30.7,0.0
10916,-120.0,-0.0,0.0
10917,120.0,-0.0,0.0
10918,120.0,0.2,0.0
10919,-120.0,0.2,0.0
