vertex_id,tcad_lateral_um,tcad_depth_um,optical_generation_cm^-3_s^-1
0,-116.25,0.0172607421875,0.0
1,-116.25,-0.0,0.0
2,-120.0,0.0172607421875,0.0
3,-116.25,0.034521484375,0.0
4,-120.0,0.034521484375,0.0
5,-112.5,0.0172607421875,0.0
6,-112.5,-0.0,0.0
7,-112.5,0.034521484375,0.0
8,-116.25,0.05178222656250001,0.0
9,-120.0,0.05178222656250001,0.0
10,-116.25,0.06904296875,0.0
11,-120.0,0.06904296875,0.0
12,-112.5,0.05178222656250001,0.0
13,-112.5,0.06904296875,0.0
14,-116.25,0.0863037109375,0.0
15,-120.0,0.0863037109375,0.0
16,-112.5,0.0863037109375,0.0
17,-116.25,0.09493408203125,0.0
18,-120.0,0.09493408203125,0.0
19,-116.25,0.103564453125,0.0
20,-120.0,0.103564453125,0.0
21,-112.5,0.09493408203125,0.0
22,-112.5,0.103564453125,0.0
23,-116.25,0.11219482421875,0.0
24,-120.0,0.11219482421875,0.0
25,-116.25,0.1208251953125,0.0
26,-120.0,0.1208251953125,0.0
27,-112.5,0.11219482421875,0.0
28,-112.5,0.1208251953125,0.0
29,-116.25,0.12945556640625,0.0
30,-120.0,0.12945556640625,0.0
31,-116.25,0.1380859375,0.0
32,-120.0,0.1380859375,0.0
33,-112.5,0.12945556640625,0.0
34,-112.5,0.1380859375,0.0
35,-116.25,0.14671630859375,0.0
36,-120.0,0.14671630859375,0.0
37,-116.25,0.1553466796875,0.0
38,-120.0,0.1553466796875,0.0
39,-112.5,0.14671630859375,0.0
40,-112.5,0.1553466796875,0.0
41,-116.25,0.16397705078125,0.0
42,-120.0,0.16397705078125,0.0
43,-116.25,0.172607421875,0.0
44,-120.0,0.172607421875,0.0
45,-112.5,0.16397705078125,0.0
46,-112.5,0.172607421875,0.0
47,-116.25,0.18123779296875,0.0
48,-120.0,0.18123779296875,0.0
49,-116.25,0.1898681640625,0.0
50,-120.0,0.1898681640625,0.0
51,-112.5,0.18123779296875,0.0
52,-112.5,0.1898681640625,0.0
53,-116.25,0.19849853515625,0.0
54,-120.0,0.19849853515625,0.0
55,-116.25,0.2,0.0
56,-116.25,0.20712890625,0.0
57,-120.0,0.20712890625,0.0
58,-112.5,0.19849853515625,0.0
59,-112.5,0.2,0.0
60,-112.5,0.20712890625,0.0
61,-116.25,0.21575927734375,0.0
62,-120.0,0.21575927734375,0.0
63,-116.25,0.2243896484375,0.0
64,-120.0,0.2243896484375,0.0
65,-112.5,0.21575927734375,0.0
66,-112.5,0.2243896484375,0.0
67,-116.25,0.23302001953125,0.0
68,-120.0,0.23302001953125,0.0
69,-116.25,0.241650390625,0.0
70,-120.0,0.241650390625,0.0
71,-112.5,0.23302001953125,0.0
72,-112.5,0.241650390625,0.0
73,-116.25,0.25028076171875,0.0
74,-120.0,0.25028076171875,0.0
75,-116.25,0.2589111328125,0.0
76,-120.0,0.2589111328125,0.0
77,-112.5,0.25028076171875,0.0
78,-112.5,0.2589111328125,0.0
79,-116.25,0.26754150390625,0.0
80,-120.0,0.26754150390625,0.0
81,-116.25,0.276171875,0.0
82,-120.0,0.276171875,0.0
83,-112.5,0.26754150390625,0.0
84,-112.5,0.276171875,0.0
85,-116.25,0.28480224609375,0.0
86,-120.0,0.28480224609375,0.0
87,-116.25,0.2934326171875,0.0
88,-120.0,0.2934326171875,0.0
89,-112.5,0.28480224609375,0.0
90,-112.5,0.2934326171875,0.0
91,-116.25,0.30206298828125,0.0
92,-120.0,0.30206298828125,0.0
93,-116.25,0.310693359375,0.0
94,-120.0,0.310693359375,0.0
95,-112.5,0.30206298828125,0.0
96,-112.5,0.310693359375,0.0
97,-116.25,0.3279541015625,0.0
98,-120.0,0.3279541015625,0.0
99,-112.5,0.3279541015625,0.0
100,-116.25,0.34521484375,0.0
101,-120.0,0.34521484375,0.0
102,-112.5,0.34521484375,0.0
103,-116.25,0.379736328125,0.0
104,-120.0,0.379736328125,0.0
105,-112.5,0.379736328125,0.0
106,-116.25,0.4142578125,0.0
107,-120.0,0.4142578125,0.0
108,-112.5,0.4142578125,0.0
109,-116.25,0.48330078125,0.0
110,-120.0,0.48330078125,0.0
111,-112.5,0.48330078125,0.0
112,-116.25,0.55234375,0.0
113,-120.0,0.55234375,0.0
114,-112.5,0.55234375,0.0
115,-116.25,0.6904296875,0.0
116,-120.0,0.6904296875,0.0
117,-112.5,0.6904296875,0.0
118,-116.25,0.8285156250000001,0.0
119,-120.0,0.8285156250000001,0.0
120,-112.5,0.8285156250000001,0.0
121,-116.25,1.1046875,0.0
122,-120.0,1.1046875,0.0
123,-112.5,1.1046875,0.0
124,-116.25,1.380859375,0.0
125,-120.0,1.380859375,0.0
126,-116.25,1.65703125,0.0
127,-120.0,1.65703125,0.0
128,-112.5,1.380859375,0.0
129,-112.5,1.65703125,0.0
130,-116.25,1.933203125,0.0
131,-120.0,1.933203125,0.0
132,-116.25,2.209375,0.0
133,-120.0,2.209375,0.0
134,-112.5,1.933203125,0.0
135,-112.5,2.209375,0.0
136,-116.25,2.485546875,0.0
137,-120.0,2.485546875,0.0
138,-116.25,2.76171875,0.0
139,-120.0,2.76171875,0.0
140,-112.5,2.485546875,0.0
141,-112.5,2.76171875,0.0
142,-116.25,3.037890625,0.0
143,-120.0,3.037890625,0.0
144,-116.25,3.3140625,0.0
145,-120.0,3.3140625,0.0
146,-112.5,3.037890625,0.0
147,-112.5,3.3140625,0.0
148,-116.25,3.590234375000001,0.0
149,-120.0,3.590234375000001,0.0
150,-116.25,3.86640625,0.0
151,-120.0,3.86640625,0.0
152,-112.5,3.590234375000001,0.0
153,-112.5,3.86640625,0.0
154,-116.25,4.142578125,0.0
155,-120.0,4.142578125,0.0
156,-116.25,4.41875,0.0
157,-120.0,4.41875,0.0
158,-112.5,4.142578125,0.0
159,-112.5,4.41875,0.0
160,-116.25,4.694921875,0.0
161,-120.0,4.694921875,0.0
162,-116.25,4.97109375,0.0
163,-120.0,4.97109375,0.0
164,-112.5,4.694921875,0.0
165,-112.5,4.97109375,0.0
166,-116.25,5.247265625,0.0
167,-120.0,5.247265625,0.0
168,-116.25,5.5234375,0.0
169,-120.0,5.5234375,0.0
170,-112.5,5.247265625,0.0
171,-112.5,5.5234375,0.0
172,-116.25,5.799609375,0.0
173,-120.0,5.799609375,0.0
174,-116.25,6.07578125,0.0
175,-120.0,6.07578125,0.0
176,-112.5,5.799609375,0.0
177,-112.5,6.07578125,0.0
178,-116.25,6.351953125000001,0.0
179,-120.0,6.351953125000001,0.0
180,-116.25,6.628125000000001,0.0
181,-120.0,6.628125000000001,0.0
182,-112.5,6.351953125000001,0.0
183,-112.5,6.628125000000001,0.0
184,-116.25,6.904296875000001,0.0
185,-120.0,6.904296875000001,0.0
186,-116.25,7.180468750000001,0.0
187,-120.0,7.180468750000001,0.0
188,-112.5,6.904296875000001,0.0
189,-112.5,7.180468750000001,0.0
190,-116.25,7.456640625,0.0
191,-120.0,7.456640625,0.0
192,-116.25,7.732812500000001,0.0
193,-120.0,7.732812500000001,0.0
194,-112.5,7.456640625,0.0
195,-112.5,7.732812500000001,0.0
196,-116.25,8.008984375,0.0
197,-120.0,8.008984375,0.0
198,-116.25,8.28515625,0.0
199,-120.0,8.28515625,0.0
200,-112.5,8.008984375,0.0
201,-112.5,8.28515625,0.0
202,-116.25,8.561328125,0.0
203,-120.0,8.561328125,0.0
204,-116.25,8.8375,0.0
205,-120.0,8.8375,0.0
206,-112.5,8.561328125,0.0
207,-112.5,8.8375,0.0
208,-108.75,0.0172607421875,0.0
209,-108.75,-0.0,0.0
210,-108.75,0.034521484375,0.0
211,-105.0,0.0172607421875,0.0
212,-105.0,-0.0,0.0
213,-105.0,0.034521484375,0.0
214,-108.75,0.05178222656250001,0.0
215,-108.75,0.06904296875,0.0
216,-105.0,0.05178222656250001,0.0
217,-105.0,0.06904296875,0.0
218,-108.75,0.0863037109375,0.0
219,-105.0,0.0863037109375,0.0
220,-108.75,0.09493408203125,0.0
221,-108.75,0.103564453125,0.0
222,-105.0,0.09493408203125,0.0
223,-105.0,0.103564453125,0.0
224,-108.75,0.11219482421875,0.0
225,-108.75,0.1208251953125,0.0
226,-105.0,0.11219482421875,0.0
227,-105.0,0.1208251953125,0.0
228,-108.75,0.12945556640625,0.0
229,-108.75,0.1380859375,0.0
230,-105.0,0.12945556640625,0.0
231,-105.0,0.1380859375,0.0
232,-108.75,0.14671630859375,0.0
233,-108.75,0.1553466796875,0.0
234,-105.0,0.14671630859375,0.0
235,-105.0,0.1553466796875,0.0
236,-108.75,0.16397705078125,0.0
237,-108.75,0.172607421875,0.0
238,-105.0,0.16397705078125,0.0
239,-105.0,0.172607421875,0.0
240,-108.75,0.18123779296875,0.0
241,-108.75,0.1898681640625,0.0
242,-105.0,0.18123779296875,0.0
243,-105.0,0.1898681640625,0.0
244,-108.75,0.19849853515625,0.0
245,-108.75,0.2,0.0
246,-108.75,0.20712890625,0.0
247,-105.0,0.19849853515625,0.0
248,-105.0,0.2,0.0
249,-105.0,0.20712890625,0.0
250,-108.75,0.21575927734375,0.0
251,-108.75,0.2243896484375,0.0
252,-105.0,0.21575927734375,0.0
253,-105.0,0.2243896484375,0.0
254,-108.75,0.23302001953125,0.0
255,-108.75,0.241650390625,0.0
256,-105.0,0.23302001953125,0.0
257,-105.0,0.241650390625,0.0
258,-108.75,0.25028076171875,0.0
259,-108.75,0.2589111328125,0.0
260,-105.0,0.25028076171875,0.0
261,-105.0,0.2589111328125,0.0
262,-108.75,0.26754150390625,0.0
263,-108.75,0.276171875,0.0
264,-105.0,0.26754150390625,0.0
265,-105.0,0.276171875,0.0
266,-108.75,0.28480224609375,0.0
267,-108.75,0.2934326171875,0.0
268,-105.0,0.28480224609375,0.0
269,-105.0,0.2934326171875,0.0
270,-108.75,0.30206298828125,0.0
271,-108.75,0.310693359375,0.0
272,-105.0,0.30206298828125,0.0
273,-105.0,0.310693359375,0.0
274,-108.75,0.3279541015625,0.0
275,-105.0,0.3279541015625,0.0
276,-108.75,0.34521484375,0.0
277,-105.0,0.34521484375,0.0
278,-108.75,0.379736328125,0.0
279,-105.0,0.379736328125,0.0
280,-108.75,0.4142578125,0.0
281,-105.0,0.4142578125,0.0
282,-108.75,0.48330078125,0.0
283,-105.0,0.48330078125,0.0
284,-108.75,0.55234375,0.0
285,-105.0,0.55234375,0.0
286,-108.75,0.6904296875,0.0
287,-105.0,0.6904296875,0.0
288,-108.75,0.8285156250000001,0.0
289,-105.0,0.8285156250000001,0.0
290,-108.75,1.1046875,0.0
291,-105.0,1.1046875,0.0
292,-108.75,1.380859375,0.0
293,-108.75,1.65703125,0.0
294,-105.0,1.380859375,0.0
295,-105.0,1.65703125,0.0
296,-108.75,1.933203125,0.0
297,-108.75,2.209375,0.0
298,-105.0,1.933203125,0.0
299,-105.0,2.209375,0.0
300,-108.75,2.485546875,0.0
301,-108.75,2.76171875,0.0
302,-105.0,2.485546875,0.0
303,-105.0,2.76171875,0.0
304,-108.75,3.037890625,0.0
305,-108.75,3.3140625,0.0
306,-105.0,3.037890625,0.0
307,-105.0,3.3140625,0.0
308,-108.75,3.590234375000001,0.0
309,-108.75,3.86640625,0.0
310,-105.0,3.590234375000001,0.0
311,-105.0,3.86640625,0.0
312,-108.75,4.142578125,0.0
313,-108.75,4.41875,0.0
314,-105.0,4.142578125,0.0
315,-105.0,4.41875,0.0
316,-108.75,4.694921875,0.0
317,-108.75,4.97109375,0.0
318,-105.0,4.694921875,0.0
319,-105.0,4.97109375,0.0
320,-108.75,5.247265625,0.0
321,-108.75,5.5234375,0.0
322,-105.0,5.247265625,0.0
323,-105.0,5.5234375,0.0
324,-108.75,5.799609375,0.0
325,-108.75,6.07578125,0.0
326,-105.0,5.799609375,0.0
327,-105.0,6.07578125,0.0
328,-108.75,6.351953125000001,0.0
329,-108.75,6.628125000000001,0.0
330,-105.0,6.351953125000001,0.0
331,-105.0,6.628125000000001,0.0
332,-108.75,6.904296875000001,0.0
333,-108.75,7.180468750000001,0.0
334,-105.0,6.904296875000001,0.0
335,-105.0,7.180468750000001,0.0
336,-108.75,7.456640625,0.0
337,-108.75,7.732812500000001,0.0
338,-105.0,7.456640625,0.0
339,-105.0,7.732812500000001,0.0
340,-108.75,8.008984375,0.0
341,-108.75,8.28515625,0.0
342,-105.0,8.008984375,0.0
343,-105.0,8.28515625,0.0
344,-108.75,8.561328125,0.0
345,-108.75,8.8375,0.0
346,-105.0,8.561328125,0.0
347,-105.0,8.8375,0.0
348,-116.25,9.113671875000001,0.0
349,-120.0,9.113671875000001,0.0
350,-116.25,9.38984375,0.0
351,-120.0,9.38984375,0.0
352,-112.5,9.113671875000001,0.0
353,-112.5,9.38984375,0.0
354,-116.25,9.666015625,0.0
355,-120.0,9.666015625,0.0
356,-116.25,9.9421875,0.0
357,-120.0,9.9421875,0.0
358,-112.5,9.666015625,0.0
359,-112.5,9.9421875,0.0
360,-116.25,10.218359375,0.0
361,-120.0,10.218359375,0.0
362,-116.25,10.49453125,0.0
363,-120.0,10.49453125,0.0
364,-112.5,10.218359375,0.0
365,-112.5,10.49453125,0.0
366,-116.25,10.770703125,0.0
367,-120.0,10.770703125,0.0
368,-116.25,11.046875,0.0
369,-120.0,11.046875,0.0
370,-112.5,10.770703125,0.0
371,-112.5,11.046875,0.0
372,-116.25,11.323046875,0.0
373,-120.0,11.323046875,0.0
374,-116.25,11.59921875,0.0
375,-120.0,11.59921875,0.0
376,-112.5,11.323046875,0.0
377,-112.5,11.59921875,0.0
378,-116.25,11.875390625,0.0
379,-120.0,11.875390625,0.0
380,-116.25,12.1515625,0.0
381,-120.0,12.1515625,0.0
382,-112.5,11.875390625,0.0
383,-112.5,12.1515625,0.0
384,-116.25,12.427734375,0.0
385,-120.0,12.427734375,0.0
386,-116.25,12.70390625,0.0
387,-120.0,12.70390625,0.0
388,-112.5,12.427734375,0.0
389,-112.5,12.70390625,0.0
390,-116.25,12.980078125,0.0
391,-120.0,12.980078125,0.0
392,-116.25,13.25625,0.0
393,-120.0,13.25625,0.0
394,-112.5,12.980078125,0.0
395,-112.5,13.25625,0.0
396,-116.25,13.532421875,0.0
397,-120.0,13.532421875,0.0
398,-116.25,13.80859375,0.0
399,-120.0,13.80859375,0.0
400,-112.5,13.532421875,0.0
401,-112.5,13.80859375,0.0
402,-116.25,14.084765625,0.0
403,-120.0,14.084765625,0.0
404,-116.25,14.3609375,0.0
405,-120.0,14.3609375,0.0
406,-112.5,14.084765625,0.0
407,-112.5,14.3609375,0.0
408,-116.25,14.637109375,0.0
409,-120.0,14.637109375,0.0
410,-116.25,14.91328125,0.0
411,-120.0,14.91328125,0.0
412,-112.5,14.637109375,0.0
413,-112.5,14.91328125,0.0
414,-116.25,15.189453125,0.0
415,-120.0,15.189453125,0.0
416,-116.25,15.465625,0.0
417,-120.0,15.465625,0.0
418,-112.5,15.189453125,0.0
419,-112.5,15.465625,0.0
420,-116.25,15.741796875,0.0
421,-120.0,15.741796875,0.0
422,-116.25,16.01796875,0.0
423,-120.0,16.01796875,0.0
424,-112.5,15.741796875,0.0
425,-112.5,16.01796875,0.0
426,-116.25,16.294140625,0.0
427,-120.0,16.294140625,0.0
428,-116.25,16.5703125,0.0
429,-120.0,16.5703125,0.0
430,-112.5,16.294140625,0.0
431,-112.5,16.5703125,0.0
432,-116.25,16.846484375,0.0
433,-120.0,16.846484375,0.0
434,-116.25,17.12265625,0.0
435,-120.0,17.12265625,0.0
436,-112.5,16.846484375,0.0
437,-112.5,17.12265625,0.0
438,-116.25,17.398828125,0.0
439,-120.0,17.398828125,0.0
440,-116.25,17.675,0.0
441,-120.0,17.675,0.0
442,-112.5,17.398828125,0.0
443,-112.5,17.675,0.0
444,-108.75,9.113671875000001,0.0
445,-108.75,9.38984375,0.0
446,-105.0,9.113671875000001,0.0
447,-105.0,9.38984375,0.0
448,-108.75,9.666015625,0.0
449,-108.75,9.9421875,0.0
450,-105.0,9.666015625,0.0
451,-105.0,9.9421875,0.0
452,-108.75,10.218359375,0.0
453,-108.75,10.49453125,0.0
454,-105.0,10.218359375,0.0
455,-105.0,10.49453125,0.0
456,-108.75,10.770703125,0.0
457,-108.75,11.046875,0.0
458,-105.0,10.770703125,0.0
459,-105.0,11.046875,0.0
460,-108.75,11.323046875,0.0
461,-108.75,11.59921875,0.0
462,-105.0,11.323046875,0.0
463,-105.0,11.59921875,0.0
464,-108.75,11.875390625,0.0
465,-108.75,12.1515625,0.0
466,-105.0,11.875390625,0.0
467,-105.0,12.1515625,0.0
468,-108.75,12.427734375,0.0
469,-108.75,12.70390625,0.0
470,-105.0,12.427734375,0.0
471,-105.0,12.70390625,0.0
472,-108.75,12.980078125,0.0
473,-108.75,13.25625,0.0
474,-105.0,12.980078125,0.0
475,-105.0,13.25625,0.0
476,-108.75,13.532421875,0.0
477,-108.75,13.80859375,0.0
478,-105.0,13.532421875,0.0
479,-105.0,13.80859375,0.0
480,-108.75,14.084765625,0.0
481,-108.75,14.3609375,0.0
482,-105.0,14.084765625,0.0
483,-105.0,14.3609375,0.0
484,-108.75,14.637109375,0.0
485,-108.75,14.91328125,0.0
486,-105.0,14.637109375,0.0
487,-105.0,14.91328125,0.0
488,-108.75,15.189453125,0.0
489,-108.75,15.465625,0.0
490,-105.0,15.189453125,0.0
491,-105.0,15.465625,0.0
492,-108.75,15.741796875,0.0
493,-108.75,16.01796875,0.0
494,-105.0,15.741796875,0.0
495,-105.0,16.01796875,0.0
496,-108.75,16.294140625,0.0
497,-108.75,16.5703125,0.0
498,-105.0,16.294140625,0.0
499,-105.0,16.5703125,0.0
500,-108.75,16.846484375,0.0
501,-108.75,17.12265625,0.0
502,-105.0,16.846484375,0.0
503,-105.0,17.12265625,0.0
504,-108.75,17.398828125,0.0
505,-108.75,17.675,0.0
506,-105.0,17.398828125,0.0
507,-105.0,17.675,0.0
508,-101.25,0.0172607421875,0.0
509,-101.25,-0.0,0.0
510,-101.25,0.034521484375,0.0
511,-97.5,0.0172607421875,0.0
512,-97.5,-0.0,0.0
513,-97.5,0.034521484375,0.0
514,-101.25,0.05178222656250001,0.0
515,-101.25,0.06904296875,0.0
516,-97.5,0.05178222656250001,0.0
517,-97.5,0.06904296875,0.0
518,-101.25,0.0863037109375,0.0
519,-97.5,0.0863037109375,0.0
520,-101.25,0.09493408203125,0.0
521,-101.25,0.103564453125,0.0
522,-97.5,0.09493408203125,0.0
523,-97.5,0.103564453125,0.0
524,-101.25,0.11219482421875,0.0
525,-101.25,0.1208251953125,0.0
526,-97.5,0.11219482421875,0.0
527,-97.5,0.1208251953125,0.0
528,-101.25,0.12945556640625,0.0
529,-101.25,0.1380859375,0.0
530,-97.5,0.12945556640625,0.0
531,-97.5,0.1380859375,0.0
532,-101.25,0.14671630859375,0.0
533,-101.25,0.1553466796875,0.0
534,-97.5,0.14671630859375,0.0
535,-97.5,0.1553466796875,0.0
536,-101.25,0.16397705078125,0.0
537,-101.25,0.172607421875,0.0
538,-97.5,0.16397705078125,0.0
539,-97.5,0.172607421875,0.0
540,-101.25,0.18123779296875,0.0
541,-101.25,0.1898681640625,0.0
542,-97.5,0.18123779296875,0.0
543,-97.5,0.1898681640625,0.0
544,-101.25,0.19849853515625,0.0
545,-101.25,0.2,0.0
546,-101.25,0.20712890625,0.0
547,-97.5,0.19849853515625,0.0
548,-97.5,0.2,0.0
549,-97.5,0.20712890625,0.0
550,-101.25,0.21575927734375,0.0
551,-101.25,0.2243896484375,0.0
552,-97.5,0.21575927734375,0.0
553,-97.5,0.2243896484375,0.0
554,-101.25,0.23302001953125,0.0
555,-101.25,0.241650390625,0.0
556,-97.5,0.23302001953125,0.0
557,-97.5,0.241650390625,0.0
558,-101.25,0.25028076171875,0.0
559,-101.25,0.2589111328125,0.0
560,-97.5,0.25028076171875,0.0
561,-97.5,0.2589111328125,0.0
562,-101.25,0.26754150390625,0.0
563,-101.25,0.276171875,0.0
564,-97.5,0.26754150390625,0.0
565,-97.5,0.276171875,0.0
566,-101.25,0.28480224609375,0.0
567,-101.25,0.2934326171875,0.0
568,-97.5,0.28480224609375,0.0
569,-97.5,0.2934326171875,0.0
570,-101.25,0.30206298828125,0.0
571,-101.25,0.310693359375,0.0
572,-97.5,0.30206298828125,0.0
573,-97.5,0.310693359375,0.0
574,-101.25,0.3279541015625,0.0
575,-97.5,0.3279541015625,0.0
576,-101.25,0.34521484375,0.0
577,-97.5,0.34521484375,0.0
578,-101.25,0.379736328125,0.0
579,-97.5,0.379736328125,0.0
580,-101.25,0.4142578125,0.0
581,-97.5,0.4142578125,0.0
582,-101.25,0.48330078125,0.0
583,-97.5,0.48330078125,0.0
584,-101.25,0.55234375,0.0
585,-97.5,0.55234375,0.0
586,-101.25,0.6904296875,0.0
587,-97.5,0.6904296875,0.0
588,-101.25,0.8285156250000001,0.0
589,-97.5,0.8285156250000001,0.0
590,-101.25,1.1046875,0.0
591,-97.5,1.1046875,0.0
592,-101.25,1.380859375,0.0
593,-101.25,1.65703125,0.0
594,-97.5,1.380859375,0.0
595,-97.5,1.65703125,0.0
596,-101.25,1.933203125,0.0
597,-101.25,2.209375,0.0
598,-97.5,1.933203125,0.0
599,-97.5,2.209375,0.0
600,-101.25,2.485546875,0.0
601,-101.25,2.76171875,0.0
602,-97.5,2.485546875,0.0
603,-97.5,2.76171875,0.0
604,-101.25,3.037890625,0.0
605,-101.25,3.3140625,0.0
606,-97.5,3.037890625,0.0
607,-97.5,3.3140625,0.0
608,-101.25,3.590234375000001,0.0
609,-101.25,3.86640625,0.0
610,-97.5,3.590234375000001,0.0
611,-97.5,3.86640625,0.0
612,-101.25,4.142578125,0.0
613,-101.25,4.41875,0.0
614,-97.5,4.142578125,0.0
615,-97.5,4.41875,0.0
616,-101.25,4.694921875,0.0
617,-101.25,4.97109375,0.0
618,-97.5,4.694921875,0.0
619,-97.5,4.97109375,0.0
620,-101.25,5.247265625,0.0
621,-101.25,5.5234375,0.0
622,-97.5,5.247265625,0.0
623,-97.5,5.5234375,0.0
624,-101.25,5.799609375,0.0
625,-101.25,6.07578125,0.0
626,-97.5,5.799609375,0.0
627,-97.5,6.07578125,0.0
628,-101.25,6.351953125000001,0.0
629,-101.25,6.628125000000001,0.0
630,-97.5,6.351953125000001,0.0
631,-97.5,6.628125000000001,0.0
632,-101.25,6.904296875000001,0.0
633,-101.25,7.180468750000001,0.0
634,-97.5,6.904296875000001,0.0
635,-97.5,7.180468750000001,0.0
636,-101.25,7.456640625,0.0
637,-101.25,7.732812500000001,0.0
638,-97.5,7.456640625,0.0
639,-97.5,7.732812500000001,0.0
640,-101.25,8.008984375,0.0
641,-101.25,8.28515625,0.0
642,-97.5,8.008984375,0.0
643,-97.5,8.28515625,0.0
644,-101.25,8.561328125,0.0
645,-101.25,8.8375,0.0
646,-97.5,8.561328125,0.0
647,-97.5,8.8375,0.0
648,-93.75,0.0172607421875,0.0
649,-93.75,-0.0,0.0
650,-93.75,0.034521484375,0.0
651,-90.0,0.0172607421875,0.0
652,-90.0,-0.0,0.0
653,-90.0,0.034521484375,0.0
654,-93.75,0.05178222656250001,0.0
655,-93.75,0.06904296875,0.0
656,-90.0,0.05178222656250001,0.0
657,-90.0,0.06904296875,0.0
658,-93.75,0.0863037109375,0.0
659,-90.0,0.0863037109375,0.0
660,-93.75,0.09493408203125,0.0
661,-93.75,0.103564453125,0.0
662,-90.0,0.09493408203125,0.0
663,-90.0,0.103564453125,0.0
664,-93.75,0.11219482421875,0.0
665,-93.75,0.1208251953125,0.0
666,-90.0,0.11219482421875,0.0
667,-90.0,0.1208251953125,0.0
668,-93.75,0.12945556640625,0.0
669,-93.75,0.1380859375,0.0
670,-90.0,0.12945556640625,0.0
671,-90.0,0.1380859375,0.0
672,-93.75,0.14671630859375,0.0
673,-93.75,0.1553466796875,0.0
674,-90.0,0.14671630859375,0.0
675,-90.0,0.1553466796875,0.0
676,-93.75,0.16397705078125,0.0
677,-93.75,0.172607421875,0.0
678,-90.0,0.16397705078125,0.0
679,-90.0,0.172607421875,0.0
680,-93.75,0.18123779296875,0.0
681,-93.75,0.1898681640625,0.0
682,-90.0,0.18123779296875,0.0
683,-90.0,0.1898681640625,0.0
684,-93.75,0.19849853515625,0.0
685,-93.75,0.2,0.0
686,-93.75,0.20712890625,0.0
687,-90.0,0.19849853515625,0.0
688,-90.0,0.2,0.0
689,-90.0,0.20712890625,0.0
690,-93.75,0.21575927734375,0.0
691,-93.75,0.2243896484375,0.0
692,-90.0,0.21575927734375,0.0
693,-90.0,0.2243896484375,0.0
694,-93.75,0.23302001953125,0.0
695,-93.75,0.241650390625,0.0
696,-90.0,0.23302001953125,0.0
697,-90.0,0.241650390625,0.0
698,-93.75,0.25028076171875,0.0
699,-93.75,0.2589111328125,0.0
700,-90.0,0.25028076171875,0.0
701,-90.0,0.2589111328125,0.0
702,-93.75,0.26754150390625,0.0
703,-93.75,0.276171875,0.0
704,-90.0,0.26754150390625,0.0
705,-90.0,0.276171875,0.0
706,-93.75,0.28480224609375,0.0
707,-93.75,0.2934326171875,0.0
708,-90.0,0.28480224609375,0.0
709,-90.0,0.2934326171875,0.0
710,-93.75,0.30206298828125,0.0
711,-93.75,0.310693359375,0.0
712,-90.0,0.30206298828125,0.0
713,-90.0,0.310693359375,0.0
714,-93.75,0.3279541015625,0.0
715,-90.0,0.3279541015625,0.0
716,-93.75,0.34521484375,0.0
717,-90.0,0.34521484375,0.0
718,-93.75,0.379736328125,0.0
719,-90.0,0.379736328125,0.0
720,-93.75,0.4142578125,0.0
721,-90.0,0.4142578125,0.0
722,-93.75,0.48330078125,0.0
723,-90.0,0.48330078125,0.0
724,-93.75,0.55234375,0.0
725,-90.0,0.55234375,0.0
726,-93.75,0.6904296875,0.0
727,-90.0,0.6904296875,0.0
728,-93.75,0.8285156250000001,0.0
729,-90.0,0.8285156250000001,0.0
730,-93.75,1.1046875,0.0
731,-90.0,1.1046875,0.0
732,-93.75,1.380859375,0.0
733,-93.75,1.65703125,0.0
734,-90.0,1.380859375,0.0
735,-90.0,1.65703125,0.0
736,-93.75,1.933203125,0.0
737,-93.75,2.209375,0.0
738,-90.0,1.933203125,0.0
739,-90.0,2.209375,0.0
740,-93.75,2.485546875,0.0
741,-93.75,2.76171875,0.0
742,-90.0,2.485546875,0.0
743,-90.0,2.76171875,0.0
744,-93.75,3.037890625,0.0
745,-93.75,3.3140625,0.0
746,-90.0,3.037890625,0.0
747,-90.0,3.3140625,0.0
748,-93.75,3.590234375000001,0.0
749,-93.75,3.86640625,0.0
750,-90.0,3.590234375000001,0.0
751,-90.0,3.86640625,0.0
752,-93.75,4.142578125,0.0
753,-93.75,4.41875,0.0
754,-90.0,4.142578125,0.0
755,-90.0,4.41875,0.0
756,-93.75,4.694921875,0.0
757,-93.75,4.97109375,0.0
758,-90.0,4.694921875,0.0
759,-90.0,4.97109375,0.0
760,-93.75,5.247265625,0.0
761,-93.75,5.5234375,0.0
762,-90.0,5.247265625,0.0
763,-90.0,5.5234375,0.0
764,-93.75,5.799609375,0.0
765,-93.75,6.07578125,0.0
766,-90.0,5.799609375,0.0
767,-90.0,6.07578125,0.0
768,-93.75,6.351953125000001,0.0
769,-93.75,6.628125000000001,0.0
770,-90.0,6.351953125000001,0.0
771,-90.0,6.628125000000001,0.0
772,-93.75,6.904296875000001,0.0
773,-93.75,7.180468750000001,0.0
774,-90.0,6.904296875000001,0.0
775,-90.0,7.180468750000001,0.0
776,-93.75,7.456640625,0.0
777,-93.75,7.732812500000001,0.0
778,-90.0,7.456640625,0.0
779,-90.0,7.732812500000001,0.0
780,-93.75,8.008984375,0.0
781,-93.75,8.28515625,0.0
782,-90.0,8.008984375,0.0
783,-90.0,8.28515625,0.0
784,-93.75,8.561328125,0.0
785,-93.75,8.8375,0.0
786,-90.0,8.561328125,0.0
787,-90.0,8.8375,0.0
788,-101.25,9.113671875000001,0.0
789,-101.25,9.38984375,0.0
790,-97.5,9.113671875000001,0.0
791,-97.5,9.38984375,0.0
792,-101.25,9.666015625,0.0
793,-101.25,9.9421875,0.0
794,-97.5,9.666015625,0.0
795,-97.5,9.9421875,0.0
796,-101.25,10.218359375,0.0
797,-101.25,10.49453125,0.0
798,-97.5,10.218359375,0.0
799,-97.5,10.49453125,0.0
800,-101.25,10.770703125,0.0
801,-101.25,11.046875,0.0
802,-97.5,10.770703125,0.0
803,-97.5,11.046875,0.0
804,-101.25,11.323046875,0.0
805,-101.25,11.59921875,0.0
806,-97.5,11.323046875,0.0
807,-97.5,11.59921875,0.0
808,-101.25,11.875390625,0.0
809,-101.25,12.1515625,0.0
810,-97.5,11.875390625,0.0
811,-97.5,12.1515625,0.0
812,-101.25,12.427734375,0.0
813,-101.25,12.70390625,0.0
814,-97.5,12.427734375,0.0
815,-97.5,12.70390625,0.0
816,-101.25,12.980078125,0.0
817,-101.25,13.25625,0.0
818,-97.5,12.980078125,0.0
819,-97.5,13.25625,0.0
820,-101.25,13.532421875,0.0
821,-101.25,13.80859375,0.0
822,-97.5,13.532421875,0.0
823,-97.5,13.80859375,0.0
824,-101.25,14.084765625,0.0
825,-101.25,14.3609375,0.0
826,-97.5,14.084765625,0.0
827,-97.5,14.3609375,0.0
828,-101.25,14.637109375,0.0
829,-101.25,14.91328125,0.0
830,-97.5,14.637109375,0.0
831,-97.5,14.91328125,0.0
832,-101.25,15.189453125,0.0
833,-101.25,15.465625,0.0
834,-97.5,15.189453125,0.0
835,-97.5,15.465625,0.0
836,-101.25,15.741796875,0.0
837,-101.25,16.01796875,0.0
838,-97.5,15.741796875,0.0
839,-97.5,16.01796875,0.0
840,-101.25,16.294140625,0.0
841,-101.25,16.5703125,0.0
842,-97.5,16.294140625,0.0
843,-97.5,16.5703125,0.0
844,-101.25,16.846484375,0.0
845,-101.25,17.12265625,0.0
846,-97.5,16.846484375,0.0
847,-97.5,17.12265625,0.0
848,-101.25,17.398828125,0.0
849,-101.25,17.675,0.0
850,-97.5,17.398828125,0.0
851,-97.5,17.675,0.0
852,-93.75,9.113671875000001,0.0
853,-93.75,9.38984375,0.0
854,-90.0,9.113671875000001,0.0
855,-90.0,9.38984375,0.0
856,-93.75,9.666015625,0.0
857,-93.75,9.9421875,0.0
858,-90.0,9.666015625,0.0
859,-90.0,9.9421875,0.0
860,-93.75,10.218359375,0.0
861,-93.75,10.49453125,0.0
862,-90.0,10.218359375,0.0
863,-90.0,10.49453125,0.0
864,-93.75,10.770703125,0.0
865,-93.75,11.046875,0.0
866,-90.0,10.770703125,0.0
867,-90.0,11.046875,0.0
868,-93.75,11.323046875,0.0
869,-93.75,11.59921875,0.0
870,-90.0,11.323046875,0.0
871,-90.0,11.59921875,0.0
872,-93.75,11.875390625,0.0
873,-93.75,12.1515625,0.0
874,-90.0,11.875390625,0.0
875,-90.0,12.1515625,0.0
876,-93.75,12.427734375,0.0
877,-93.75,12.70390625,0.0
878,-90.0,12.427734375,0.0
879,-90.0,12.70390625,0.0
880,-93.75,12.980078125,0.0
881,-93.75,13.25625,0.0
882,-90.0,12.980078125,0.0
883,-90.0,13.25625,0.0
884,-93.75,13.532421875,0.0
885,-93.75,13.80859375,0.0
886,-90.0,13.532421875,0.0
887,-90.0,13.80859375,0.0
888,-93.75,14.084765625,0.0
889,-93.75,14.3609375,0.0
890,-90.0,14.084765625,0.0
891,-90.0,14.3609375,0.0
892,-93.75,14.637109375,0.0
893,-93.75,14.91328125,0.0
894,-90.0,14.637109375,0.0
895,-90.0,14.91328125,0.0
896,-93.75,15.189453125,0.0
897,-93.75,15.465625,0.0
898,-90.0,15.189453125,0.0
899,-90.0,15.465625,0.0
900,-93.75,15.741796875,0.0
901,-93.75,16.01796875,0.0
902,-90.0,15.741796875,0.0
903,-90.0,16.01796875,0.0
904,-93.75,16.294140625,0.0
905,-93.75,16.5703125,0.0
906,-90.0,16.294140625,0.0
907,-90.0,16.5703125,0.0
908,-93.75,16.846484375,0.0
909,-93.75,17.12265625,0.0
910,-90.0,16.846484375,0.0
911,-90.0,17.12265625,0.0
912,-93.75,17.398828125,0.0
913,-93.75,17.675,0.0
914,-90.0,17.398828125,0.0
915,-90.0,17.675,0.0
916,-116.25,17.951171875,0.0
917,-120.0,17.951171875,0.0
918,-116.25,18.22734375,0.0
919,-120.0,18.22734375,0.0
920,-112.5,17.951171875,0.0
921,-112.5,18.22734375,0.0
922,-116.25,18.503515625,0.0
923,-120.0,18.503515625,0.0
924,-116.25,18.7796875,0.0
925,-120.0,18.7796875,0.0
926,-112.5,18.503515625,0.0
927,-112.5,18.7796875,0.0
928,-116.25,19.055859375,0.0
929,-120.0,19.055859375,0.0
930,-116.25,19.33203125,0.0
931,-120.0,19.33203125,0.0
932,-112.5,19.055859375,0.0
933,-112.5,19.33203125,0.0
934,-116.25,19.608203125,0.0
935,-120.0,19.608203125,0.0
936,-116.25,19.884375,0.0
937,-120.0,19.884375,0.0
938,-112.5,19.608203125,0.0
939,-112.5,19.884375,0.0
940,-116.25,20.160546875,0.0
941,-120.0,20.160546875,0.0
942,-116.25,20.43671875,0.0
943,-120.0,20.43671875,0.0
944,-112.5,20.160546875,0.0
945,-112.5,20.43671875,0.0
946,-116.25,20.712890625,0.0
947,-120.0,20.712890625,0.0
948,-116.25,20.9890625,0.0
949,-120.0,20.9890625,0.0
950,-112.5,20.712890625,0.0
951,-112.5,20.9890625,0.0
952,-116.25,21.265234375,0.0
953,-120.0,21.265234375,0.0
954,-116.25,21.54140625,0.0
955,-120.0,21.54140625,0.0
956,-112.5,21.265234375,0.0
957,-112.5,21.54140625,0.0
958,-116.25,21.817578125,0.0
959,-120.0,21.817578125,0.0
960,-116.25,22.09375,0.0
961,-120.0,22.09375,0.0
962,-112.5,21.817578125,0.0
963,-112.5,22.09375,0.0
964,-116.25,22.369921875,0.0
965,-120.0,22.369921875,0.0
966,-116.25,22.64609375,0.0
967,-120.0,22.64609375,0.0
968,-112.5,22.369921875,0.0
969,-112.5,22.64609375,0.0
970,-116.25,22.922265625,0.0
971,-120.0,22.922265625,0.0
972,-116.25,23.1984375,0.0
973,-120.0,23.1984375,0.0
974,-112.5,22.922265625,0.0
975,-112.5,23.1984375,0.0
976,-116.25,23.474609375,0.0
977,-120.0,23.474609375,0.0
978,-116.25,23.75078125,0.0
979,-120.0,23.75078125,0.0
980,-112.5,23.474609375,0.0
981,-112.5,23.75078125,0.0
982,-116.25,24.026953125,0.0
983,-120.0,24.026953125,0.0
984,-116.25,24.303125,0.0
985,-120.0,24.303125,0.0
986,-112.5,24.026953125,0.0
987,-112.5,24.303125,0.0
988,-116.25,24.579296875,0.0
989,-120.0,24.579296875,0.0
990,-116.25,24.85546875,0.0
991,-120.0,24.85546875,0.0
992,-112.5,24.579296875,0.0
993,-112.5,24.85546875,0.0
994,-116.25,25.131640625,0.0
995,-120.0,25.131640625,0.0
996,-116.25,25.4078125,0.0
997,-120.0,25.4078125,0.0
998,-112.5,25.131640625,0.0
999,-112.5,25.4078125,0.0
1000,-116.25,25.683984375,0.0
1001,-120.0,25.683984375,0.0
1002,-116.25,25.96015625,0.0
1003,-120.0,25.96015625,0.0
1004,-112.5,25.683984375,0.0
1005,-112.5,25.96015625,0.0
1006,-116.25,26.236328125,0.0
1007,-120.0,26.236328125,0.0
1008,-116.25,26.5125,0.0
1009,-120.0,26.5125,0.0
1010,-112.5,26.236328125,0.0
1011,-112.5,26.5125,0.0
1012,-108.75,17.951171875,0.0
1013,-108.75,18.22734375,0.0
1014,-105.0,17.951171875,0.0
1015,-105.0,18.22734375,0.0
1016,-108.75,18.503515625,0.0
1017,-108.75,18.7796875,0.0
1018,-105.0,18.503515625,0.0
1019,-105.0,18.7796875,0.0
1020,-108.75,19.055859375,0.0
1021,-108.75,19.33203125,0.0
1022,-105.0,19.055859375,0.0
1023,-105.0,19.33203125,0.0
1024,-108.75,19.608203125,0.0
1025,-108.75,19.884375,0.0
1026,-105.0,19.608203125,0.0
1027,-105.0,19.884375,0.0
1028,-108.75,20.160546875,0.0
1029,-108.75,20.43671875,0.0
1030,-105.0,20.160546875,0.0
1031,-105.0,20.43671875,0.0
1032,-108.75,20.712890625,0.0
1033,-108.75,20.9890625,0.0
1034,-105.0,20.712890625,0.0
1035,-105.0,20.9890625,0.0
1036,-108.75,21.265234375,0.0
1037,-108.75,21.54140625,0.0
1038,-105.0,21.265234375,0.0
1039,-105.0,21.54140625,0.0
1040,-108.75,21.817578125,0.0
1041,-108.75,22.09375,0.0
1042,-105.0,21.817578125,0.0
1043,-105.0,22.09375,0.0
1044,-108.75,22.369921875,0.0
1045,-108.75,22.64609375,0.0
1046,-105.0,22.369921875,0.0
1047,-105.0,22.64609375,0.0
1048,-108.75,22.922265625,0.0
1049,-108.75,23.1984375,0.0
1050,-105.0,22.922265625,0.0
1051,-105.0,23.1984375,0.0
1052,-108.75,23.474609375,0.0
1053,-108.75,23.75078125,0.0
1054,-105.0,23.474609375,0.0
1055,-105.0,23.75078125,0.0
1056,-108.75,24.026953125,0.0
1057,-108.75,24.303125,0.0
1058,-105.0,24.026953125,0.0
1059,-105.0,24.303125,0.0
1060,-108.75,24.579296875,0.0
1061,-108.75,24.85546875,0.0
1062,-105.0,24.579296875,0.0
1063,-105.0,24.85546875,0.0
1064,-108.75,25.131640625,0.0
1065,-108.75,25.4078125,0.0
1066,-105.0,25.131640625,0.0
1067,-105.0,25.4078125,0.0
1068,-108.75,25.683984375,0.0
1069,-108.75,25.96015625,0.0
1070,-105.0,25.683984375,0.0
1071,-105.0,25.96015625,0.0
1072,-108.75,26.236328125,0.0
1073,-108.75,26.5125,0.0
1074,-105.0,26.236328125,0.0
1075,-105.0,26.5125,0.0
1076,-116.25,26.788671875,0.0
1077,-120.0,26.788671875,0.0
1078,-116.25,27.06484375,0.0
1079,-120.0,27.06484375,0.0
1080,-112.5,26.788671875,0.0
1081,-112.5,27.06484375,0.0
1082,-116.25,27.341015625,0.0
1083,-120.0,27.341015625,0.0
1084,-116.25,27.6171875,0.0
1085,-120.0,27.6171875,0.0
1086,-112.5,27.341015625,0.0
1087,-112.5,27.6171875,0.0
1088,-116.25,27.893359375,0.0
1089,-120.0,27.893359375,0.0
1090,-116.25,28.16953125000001,0.0
1091,-120.0,28.16953125000001,0.0
1092,-112.5,27.893359375,0.0
1093,-112.5,28.16953125000001,0.0
1094,-116.25,28.445703125,0.0
1095,-120.0,28.445703125,0.0
1096,-116.25,28.721875,0.0
1097,-120.0,28.721875,0.0
1098,-112.5,28.445703125,0.0
1099,-112.5,28.721875,0.0
1100,-116.25,28.998046875,0.0
1101,-120.0,28.998046875,0.0
1102,-116.25,29.27421875,0.0
1103,-120.0,29.27421875,0.0
1104,-112.5,28.998046875,0.0
1105,-112.5,29.27421875,0.0
1106,-116.25,29.550390625,0.0
1107,-120.0,29.550390625,0.0
1108,-116.25,29.8265625,0.0
1109,-120.0,29.8265625,0.0
1110,-112.5,29.550390625,0.0
1111,-112.5,29.8265625,0.0
1112,-116.25,30.102734375,0.0
1113,-120.0,30.102734375,0.0
1114,-116.25,30.37890625,0.0
1115,-120.0,30.37890625,0.0
1116,-112.5,30.102734375,0.0
1117,-112.5,30.37890625,0.0
1118,-116.25,30.655078125,0.0
1119,-120.0,30.655078125,0.0
1120,-116.25,30.93125,0.0
1121,-120.0,30.93125,0.0
1122,-112.5,30.655078125,0.0
1123,-112.5,30.93125,0.0
1124,-116.25,31.207421875,0.0
1125,-120.0,31.207421875,0.0
1126,-116.25,31.48359375,0.0
1127,-120.0,31.48359375,0.0
1128,-112.5,31.207421875,0.0
1129,-112.5,31.48359375,0.0
1130,-116.25,31.759765625,0.0
1131,-120.0,31.759765625,0.0
1132,-116.25,32.0359375,0.0
1133,-120.0,32.0359375,0.0
1134,-112.5,31.759765625,0.0
1135,-112.5,32.0359375,0.0
1136,-116.25,32.31210937500001,0.0
1137,-120.0,32.31210937500001,0.0
1138,-116.25,32.58828125,0.0
1139,-120.0,32.58828125,0.0
1140,-112.5,32.31210937500001,0.0
1141,-112.5,32.58828125,0.0
1142,-116.25,32.864453125,0.0
1143,-120.0,32.864453125,0.0
1144,-116.25,33.140625,0.0
1145,-120.0,33.140625,0.0
1146,-112.5,32.864453125,0.0
1147,-112.5,33.140625,0.0
1148,-116.25,33.416796875,0.0
1149,-120.0,33.416796875,0.0
1150,-116.25,33.69296875,0.0
1151,-120.0,33.69296875,0.0
1152,-112.5,33.416796875,0.0
1153,-112.5,33.69296875,0.0
1154,-116.25,33.96914062499999,0.0
1155,-120.0,33.96914062499999,0.0
1156,-116.25,34.2453125,0.0
1157,-120.0,34.2453125,0.0
1158,-112.5,33.96914062499999,0.0
1159,-112.5,34.2453125,0.0
1160,-116.25,34.521484375,0.0
1161,-120.0,34.521484375,0.0
1162,-116.25,34.79765625,0.0
1163,-120.0,34.79765625,0.0
1164,-112.5,34.521484375,0.0
1165,-112.5,34.79765625,0.0
1166,-116.25,35.07382812500001,0.0
1167,-120.0,35.07382812500001,0.0
1168,-116.25,35.35,0.0
1169,-120.0,35.35,0.0
1170,-112.5,35.07382812500001,0.0
1171,-112.5,35.35,0.0
1172,-108.75,26.788671875,0.0
1173,-108.75,27.06484375,0.0
1174,-105.0,26.788671875,0.0
1175,-105.0,27.06484375,0.0
1176,-108.75,27.341015625,0.0
1177,-108.75,27.6171875,0.0
1178,-105.0,27.341015625,0.0
1179,-105.0,27.6171875,0.0
1180,-108.75,27.893359375,0.0
1181,-108.75,28.16953125000001,0.0
1182,-105.0,27.893359375,0.0
1183,-105.0,28.16953125000001,0.0
1184,-108.75,28.445703125,0.0
1185,-108.75,28.721875,0.0
1186,-105.0,28.445703125,0.0
1187,-105.0,28.721875,0.0
1188,-108.75,28.998046875,0.0
1189,-108.75,29.27421875,0.0
1190,-105.0,28.998046875,0.0
1191,-105.0,29.27421875,0.0
1192,-108.75,29.550390625,0.0
1193,-108.75,29.8265625,0.0
1194,-105.0,29.550390625,0.0
1195,-105.0,29.8265625,0.0
1196,-108.75,30.102734375,0.0
1197,-108.75,30.37890625,0.0
1198,-105.0,30.102734375,0.0
1199,-105.0,30.37890625,0.0
1200,-108.75,30.655078125,0.0
1201,-108.75,30.93125,0.0
1202,-105.0,30.655078125,0.0
1203,-105.0,30.93125,0.0
1204,-108.75,31.207421875,0.0
1205,-108.75,31.48359375,0.0
1206,-105.0,31.207421875,0.0
1207,-105.0,31.48359375,0.0
1208,-108.75,31.759765625,0.0
1209,-108.75,32.0359375,0.0
1210,-105.0,31.759765625,0.0
1211,-105.0,32.0359375,0.0
1212,-108.75,32.31210937500001,0.0
1213,-108.75,32.58828125,0.0
1214,-105.0,32.31210937500001,0.0
1215,-105.0,32.58828125,0.0
1216,-108.75,32.864453125,0.0
1217,-108.75,33.140625,0.0
1218,-105.0,32.864453125,0.0
1219,-105.0,33.140625,0.0
1220,-108.75,33.416796875,0.0
1221,-108.75,33.69296875,0.0
1222,-105.0,33.416796875,0.0
1223,-105.0,33.69296875,0.0
1224,-108.75,33.96914062499999,0.0
1225,-108.75,34.2453125,0.0
1226,-105.0,33.96914062499999,0.0
1227,-105.0,34.2453125,0.0
1228,-108.75,34.521484375,0.0
1229,-108.75,34.79765625,0.0
1230,-105.0,34.521484375,0.0
1231,-105.0,34.79765625,0.0
1232,-108.75,35.07382812500001,0.0
1233,-108.75,35.35,0.0
1234,-105.0,35.07382812500001,0.0
1235,-105.0,35.35,0.0
1236,-101.25,17.951171875,0.0
1237,-101.25,18.22734375,0.0
1238,-97.5,17.951171875,0.0
1239,-97.5,18.22734375,0.0
1240,-101.25,18.503515625,0.0
1241,-101.25,18.7796875,0.0
1242,-97.5,18.503515625,0.0
1243,-97.5,18.7796875,0.0
1244,-101.25,19.055859375,0.0
1245,-101.25,19.33203125,0.0
1246,-97.5,19.055859375,0.0
1247,-97.5,19.33203125,0.0
1248,-101.25,19.608203125,0.0
1249,-101.25,19.884375,0.0
1250,-97.5,19.608203125,0.0
1251,-97.5,19.884375,0.0
1252,-101.25,20.160546875,0.0
1253,-101.25,20.43671875,0.0
1254,-97.5,20.160546875,0.0
1255,-97.5,20.43671875,0.0
1256,-101.25,20.712890625,0.0
1257,-101.25,20.9890625,0.0
1258,-97.5,20.712890625,0.0
1259,-97.5,20.9890625,0.0
1260,-101.25,21.265234375,0.0
1261,-101.25,21.54140625,0.0
1262,-97.5,21.265234375,0.0
1263,-97.5,21.54140625,0.0
1264,-101.25,21.817578125,0.0
1265,-101.25,22.09375,0.0
1266,-97.5,21.817578125,0.0
1267,-97.5,22.09375,0.0
1268,-101.25,22.369921875,0.0
1269,-101.25,22.64609375,0.0
1270,-97.5,22.369921875,0.0
1271,-97.5,22.64609375,0.0
1272,-101.25,22.922265625,0.0
1273,-101.25,23.1984375,0.0
1274,-97.5,22.922265625,0.0
1275,-97.5,23.1984375,0.0
1276,-101.25,23.474609375,0.0
1277,-101.25,23.75078125,0.0
1278,-97.5,23.474609375,0.0
1279,-97.5,23.75078125,0.0
1280,-101.25,24.026953125,0.0
1281,-101.25,24.303125,0.0
1282,-97.5,24.026953125,0.0
1283,-97.5,24.303125,0.0
1284,-101.25,24.579296875,0.0
1285,-101.25,24.85546875,0.0
1286,-97.5,24.579296875,0.0
1287,-97.5,24.85546875,0.0
1288,-101.25,25.131640625,0.0
1289,-101.25,25.4078125,0.0
1290,-97.5,25.131640625,0.0
1291,-97.5,25.4078125,0.0
1292,-101.25,25.683984375,0.0
1293,-101.25,25.96015625,0.0
1294,-97.5,25.683984375,0.0
1295,-97.5,25.96015625,0.0
1296,-101.25,26.236328125,0.0
1297,-101.25,26.5125,0.0
1298,-97.5,26.236328125,0.0
1299,-97.5,26.5125,0.0
1300,-93.75,17.951171875,0.0
1301,-93.75,18.22734375,0.0
1302,-90.0,17.951171875,0.0
1303,-90.0,18.22734375,0.0
1304,-93.75,18.503515625,0.0
1305,-93.75,18.7796875,0.0
1306,-90.0,18.503515625,0.0
1307,-90.0,18.7796875,0.0
1308,-93.75,19.055859375,0.0
1309,-93.75,19.33203125,0.0
1310,-90.0,19.055859375,0.0
1311,-90.0,19.33203125,0.0
1312,-93.75,19.608203125,0.0
1313,-93.75,19.884375,0.0
1314,-90.0,19.608203125,0.0
1315,-90.0,19.884375,0.0
1316,-93.75,20.160546875,0.0
1317,-93.75,20.43671875,0.0
1318,-90.0,20.160546875,0.0
1319,-90.0,20.43671875,0.0
1320,-93.75,20.712890625,0.0
1321,-93.75,20.9890625,0.0
1322,-90.0,20.712890625,0.0
1323,-90.0,20.9890625,0.0
1324,-93.75,21.265234375,0.0
1325,-93.75,21.54140625,0.0
1326,-90.0,21.265234375,0.0
1327,-90.0,21.54140625,0.0
1328,-93.75,21.817578125,0.0
1329,-93.75,22.09375,0.0
1330,-90.0,21.817578125,0.0
1331,-90.0,22.09375,0.0
1332,-93.75,22.369921875,0.0
1333,-93.75,22.64609375,0.0
1334,-90.0,22.369921875,0.0
1335,-90.0,22.64609375,0.0
1336,-93.75,22.922265625,0.0
1337,-93.75,23.1984375,0.0
1338,-90.0,22.922265625,0.0
1339,-90.0,23.1984375,0.0
1340,-93.75,23.474609375,0.0
1341,-93.75,23.75078125,0.0
1342,-90.0,23.474609375,0.0
1343,-90.0,23.75078125,0.0
1344,-93.75,24.026953125,0.0
1345,-93.75,24.303125,0.0
1346,-90.0,24.026953125,0.0
1347,-90.0,24.303125,0.0
1348,-93.75,24.579296875,0.0
1349,-93.75,24.85546875,0.0
1350,-90.0,24.579296875,0.0
1351,-90.0,24.85546875,0.0
1352,-93.75,25.131640625,0.0
1353,-93.75,25.4078125,0.0
1354,-90.0,25.131640625,0.0
1355,-90.0,25.4078125,0.0
1356,-93.75,25.683984375,0.0
1357,-93.75,25.96015625,0.0
1358,-90.0,25.683984375,0.0
1359,-90.0,25.96015625,0.0
1360,-93.75,26.236328125,0.0
1361,-93.75,26.5125,0.0
1362,-90.0,26.236328125,0.0
1363,-90.0,26.5125,0.0
1364,-101.25,26.788671875,0.0
1365,-101.25,27.06484375,0.0
1366,-97.5,26.788671875,0.0
1367,-97.5,27.06484375,0.0
1368,-101.25,27.341015625,0.0
1369,-101.25,27.6171875,0.0
1370,-97.5,27.341015625,0.0
1371,-97.5,27.6171875,0.0
1372,-101.25,27.893359375,0.0
1373,-101.25,28.16953125000001,0.0
1374,-97.5,27.893359375,0.0
1375,-97.5,28.16953125000001,0.0
1376,-101.25,28.445703125,0.0
1377,-101.25,28.721875,0.0
1378,-97.5,28.445703125,0.0
1379,-97.5,28.721875,0.0
1380,-101.25,28.998046875,0.0
1381,-101.25,29.27421875,0.0
1382,-97.5,28.998046875,0.0
1383,-97.5,29.27421875,0.0
1384,-101.25,29.550390625,0.0
1385,-101.25,29.8265625,0.0
1386,-97.5,29.550390625,0.0
1387,-97.5,29.8265625,0.0
1388,-101.25,30.102734375,0.0
1389,-101.25,30.37890625,0.0
1390,-97.5,30.102734375,0.0
1391,-97.5,30.37890625,0.0
1392,-101.25,30.655078125,0.0
1393,-101.25,30.93125,0.0
1394,-97.5,30.655078125,0.0
1395,-97.5,30.93125,0.0
1396,-101.25,31.207421875,0.0
1397,-101.25,31.48359375,0.0
1398,-97.5,31.207421875,0.0
1399,-97.5,31.48359375,0.0
1400,-101.25,31.759765625,0.0
1401,-101.25,32.0359375,0.0
1402,-97.5,31.759765625,0.0
1403,-97.5,32.0359375,0.0
1404,-101.25,32.31210937500001,0.0
1405,-101.25,32.58828125,0.0
1406,-97.5,32.31210937500001,0.0
1407,-97.5,32.58828125,0.0
1408,-101.25,32.864453125,0.0
1409,-101.25,33.140625,0.0
1410,-97.5,32.864453125,0.0
1411,-97.5,33.140625,0.0
1412,-101.25,33.416796875,0.0
1413,-101.25,33.69296875,0.0
1414,-97.5,33.416796875,0.0
1415,-97.5,33.69296875,0.0
1416,-101.25,33.96914062499999,0.0
1417,-101.25,34.2453125,0.0
1418,-97.5,33.96914062499999,0.0
1419,-97.5,34.2453125,0.0
1420,-101.25,34.521484375,0.0
1421,-101.25,34.79765625,0.0
1422,-97.5,34.521484375,0.0
1423,-97.5,34.79765625,0.0
1424,-101.25,35.07382812500001,0.0
1425,-101.25,35.35,0.0
1426,-97.5,35.07382812500001,0.0
1427,-97.5,35.35,0.0
1428,-93.75,26.788671875,0.0
1429,-93.75,27.06484375,0.0
1430,-90.0,26.788671875,0.0
1431,-90.0,27.06484375,0.0
1432,-93.75,27.341015625,0.0
1433,-93.75,27.6171875,0.0
1434,-90.0,27.341015625,0.0
1435,-90.0,27.6171875,0.0
1436,-93.75,27.893359375,0.0
1437,-93.75,28.16953125000001,0.0
1438,-90.0,27.893359375,0.0
1439,-90.0,28.16953125000001,0.0
1440,-93.75,28.445703125,0.0
1441,-93.75,28.721875,0.0
1442,-90.0,28.445703125,0.0
1443,-90.0,28.721875,0.0
1444,-93.75,28.998046875,0.0
1445,-93.75,29.27421875,0.0
1446,-90.0,28.998046875,0.0
1447,-90.0,29.27421875,0.0
1448,-93.75,29.550390625,0.0
1449,-93.75,29.8265625,0.0
1450,-90.0,29.550390625,0.0
1451,-90.0,29.8265625,0.0
1452,-93.75,30.102734375,0.0
1453,-93.75,30.37890625,0.0
1454,-90.0,30.102734375,0.0
1455,-90.0,30.37890625,0.0
1456,-93.75,30.655078125,0.0
1457,-93.75,30.93125,0.0
1458,-90.0,30.655078125,0.0
1459,-90.0,30.93125,0.0
1460,-93.75,31.207421875,0.0
1461,-93.75,31.48359375,0.0
1462,-90.0,31.207421875,0.0
1463,-90.0,31.48359375,0.0
1464,-93.75,31.759765625,0.0
1465,-93.75,32.0359375,0.0
1466,-90.0,31.759765625,0.0
1467,-90.0,32.0359375,0.0
1468,-93.75,32.31210937500001,0.0
1469,-93.75,32.58828125,0.0
1470,-90.0,32.31210937500001,0.0
1471,-90.0,32.58828125,0.0
1472,-93.75,32.864453125,0.0
1473,-93.75,33.140625,0.0
1474,-90.0,32.864453125,0.0
1475,-90.0,33.140625,0.0
1476,-93.75,33.416796875,0.0
1477,-93.75,33.69296875,0.0
1478,-90.0,33.416796875,0.0
1479,-90.0,33.69296875,0.0
1480,-93.75,33.96914062499999,0.0
1481,-93.75,34.2453125,0.0
1482,-90.0,33.96914062499999,0.0
1483,-90.0,34.2453125,0.0
1484,-93.75,34.521484375,0.0
1485,-93.75,34.79765625,0.0
1486,-90.0,34.521484375,0.0
1487,-90.0,34.79765625,0.0
1488,-93.75,35.07382812500001,0.0
1489,-93.75,35.35,0.0
1490,-90.0,35.07382812500001,0.0
1491,-90.0,35.35,0.0
1492,-86.25,0.0172607421875,0.0
1493,-86.25,-0.0,0.0
1494,-86.25,0.034521484375,0.0
1495,-82.5,0.0172607421875,0.0
1496,-82.5,-0.0,0.0
1497,-82.5,0.034521484375,0.0
1498,-86.25,0.05178222656250001,0.0
1499,-86.25,0.06904296875,0.0
1500,-82.5,0.05178222656250001,0.0
1501,-82.5,0.06904296875,0.0
1502,-86.25,0.0863037109375,0.0
1503,-82.5,0.0863037109375,0.0
1504,-86.25,0.09493408203125,0.0
1505,-86.25,0.103564453125,0.0
1506,-82.5,0.09493408203125,0.0
1507,-82.5,0.103564453125,0.0
1508,-86.25,0.11219482421875,0.0
1509,-86.25,0.1208251953125,0.0
1510,-82.5,0.11219482421875,0.0
1511,-82.5,0.1208251953125,0.0
1512,-86.25,0.12945556640625,0.0
1513,-86.25,0.1380859375,0.0
1514,-82.5,0.12945556640625,0.0
1515,-82.5,0.1380859375,0.0
1516,-86.25,0.14671630859375,0.0
1517,-86.25,0.1553466796875,0.0
1518,-82.5,0.14671630859375,0.0
1519,-82.5,0.1553466796875,0.0
1520,-86.25,0.16397705078125,0.0
1521,-86.25,0.172607421875,0.0
1522,-82.5,0.16397705078125,0.0
1523,-82.5,0.172607421875,0.0
1524,-86.25,0.18123779296875,0.0
1525,-86.25,0.1898681640625,0.0
1526,-82.5,0.18123779296875,0.0
1527,-82.5,0.1898681640625,0.0
1528,-86.25,0.19849853515625,0.0
1529,-86.25,0.2,0.0
1530,-86.25,0.20712890625,0.0
1531,-82.5,0.19849853515625,0.0
1532,-82.5,0.2,0.0
1533,-82.5,0.20712890625,0.0
1534,-86.25,0.21575927734375,0.0
1535,-86.25,0.2243896484375,0.0
1536,-82.5,0.21575927734375,0.0
1537,-82.5,0.2243896484375,0.0
1538,-86.25,0.23302001953125,0.0
1539,-86.25,0.241650390625,0.0
1540,-82.5,0.23302001953125,0.0
1541,-82.5,0.241650390625,0.0
1542,-86.25,0.25028076171875,0.0
1543,-86.25,0.2589111328125,0.0
1544,-82.5,0.25028076171875,0.0
1545,-82.5,0.2589111328125,0.0
1546,-86.25,0.26754150390625,0.0
1547,-86.25,0.276171875,0.0
1548,-82.5,0.26754150390625,0.0
1549,-82.5,0.276171875,0.0
1550,-86.25,0.28480224609375,0.0
1551,-86.25,0.2934326171875,0.0
1552,-82.5,0.28480224609375,0.0
1553,-82.5,0.2934326171875,0.0
1554,-86.25,0.30206298828125,0.0
1555,-86.25,0.310693359375,0.0
1556,-82.5,0.30206298828125,0.0
1557,-82.5,0.310693359375,0.0
1558,-86.25,0.3279541015625,0.0
1559,-82.5,0.3279541015625,0.0
1560,-86.25,0.34521484375,0.0
1561,-82.5,0.34521484375,0.0
1562,-86.25,0.379736328125,0.0
1563,-82.5,0.379736328125,0.0
1564,-86.25,0.4142578125,0.0
1565,-82.5,0.4142578125,0.0
1566,-86.25,0.48330078125,0.0
1567,-82.5,0.48330078125,0.0
1568,-86.25,0.55234375,0.0
1569,-82.5,0.55234375,0.0
1570,-86.25,0.6904296875,0.0
1571,-82.5,0.6904296875,0.0
1572,-86.25,0.8285156250000001,0.0
1573,-82.5,0.8285156250000001,0.0
1574,-86.25,1.1046875,0.0
1575,-82.5,1.1046875,0.0
1576,-86.25,1.380859375,0.0
1577,-86.25,1.65703125,0.0
1578,-82.5,1.380859375,0.0
1579,-82.5,1.65703125,0.0
1580,-86.25,1.933203125,0.0
1581,-86.25,2.209375,0.0
1582,-82.5,1.933203125,0.0
1583,-82.5,2.209375,0.0
1584,-86.25,2.485546875,0.0
1585,-86.25,2.76171875,0.0
1586,-82.5,2.485546875,0.0
1587,-82.5,2.76171875,0.0
1588,-86.25,3.037890625,0.0
1589,-86.25,3.3140625,0.0
1590,-82.5,3.037890625,0.0
1591,-82.5,3.3140625,0.0
1592,-86.25,3.590234375000001,0.0
1593,-86.25,3.86640625,0.0
1594,-82.5,3.590234375000001,0.0
1595,-82.5,3.86640625,0.0
1596,-86.25,4.142578125,0.0
1597,-86.25,4.41875,0.0
1598,-82.5,4.142578125,0.0
1599,-82.5,4.41875,0.0
1600,-86.25,4.694921875,0.0
1601,-86.25,4.97109375,0.0
1602,-82.5,4.694921875,0.0
1603,-82.5,4.97109375,0.0
1604,-86.25,5.247265625,0.0
1605,-86.25,5.5234375,0.0
1606,-82.5,5.247265625,0.0
1607,-82.5,5.5234375,0.0
1608,-86.25,5.799609375,0.0
1609,-86.25,6.07578125,0.0
1610,-82.5,5.799609375,0.0
1611,-82.5,6.07578125,0.0
1612,-86.25,6.351953125000001,0.0
1613,-86.25,6.628125000000001,0.0
1614,-82.5,6.351953125000001,0.0
1615,-82.5,6.628125000000001,0.0
1616,-86.25,6.904296875000001,0.0
1617,-86.25,7.180468750000001,0.0
1618,-82.5,6.904296875000001,0.0
1619,-82.5,7.180468750000001,0.0
1620,-86.25,7.456640625,0.0
1621,-86.25,7.732812500000001,0.0
1622,-82.5,7.456640625,0.0
1623,-82.5,7.732812500000001,0.0
1624,-86.25,8.008984375,0.0
1625,-86.25,8.28515625,0.0
1626,-82.5,8.008984375,0.0
1627,-82.5,8.28515625,0.0
1628,-86.25,8.561328125,0.0
1629,-86.25,8.8375,0.0
1630,-82.5,8.561328125,0.0
1631,-82.5,8.8375,0.0
1632,-78.75,0.0172607421875,0.0
1633,-78.75,-0.0,0.0
1634,-78.75,0.034521484375,0.0
1635,-75.0,0.0172607421875,0.0
1636,-75.0,-0.0,0.0
1637,-75.0,0.034521484375,0.0
1638,-78.75,0.05178222656250001,0.0
1639,-78.75,0.06904296875,0.0
1640,-75.0,0.05178222656250001,0.0
1641,-75.0,0.06904296875,0.0
1642,-78.75,0.0863037109375,0.0
1643,-75.0,0.0863037109375,0.0
1644,-78.75,0.09493408203125,0.0
1645,-78.75,0.103564453125,0.0
1646,-75.0,0.09493408203125,0.0
1647,-75.0,0.103564453125,0.0
1648,-78.75,0.11219482421875,0.0
1649,-78.75,0.1208251953125,0.0
1650,-75.0,0.11219482421875,0.0
1651,-75.0,0.1208251953125,0.0
1652,-78.75,0.12945556640625,0.0
1653,-78.75,0.1380859375,0.0
1654,-75.0,0.12945556640625,0.0
1655,-75.0,0.1380859375,0.0
1656,-78.75,0.14671630859375,0.0
1657,-78.75,0.1553466796875,0.0
1658,-75.0,0.14671630859375,0.0
1659,-75.0,0.1553466796875,0.0
1660,-78.75,0.16397705078125,0.0
1661,-78.75,0.172607421875,0.0
1662,-75.0,0.16397705078125,0.0
1663,-75.0,0.172607421875,0.0
1664,-78.75,0.18123779296875,0.0
1665,-78.75,0.1898681640625,0.0
1666,-75.0,0.18123779296875,0.0
1667,-75.0,0.1898681640625,0.0
1668,-78.75,0.19849853515625,0.0
1669,-78.75,0.2,0.0
1670,-78.75,0.20712890625,0.0
1671,-75.0,0.19849853515625,0.0
1672,-75.0,0.2,0.0
1673,-75.0,0.20712890625,0.0
1674,-78.75,0.21575927734375,0.0
1675,-78.75,0.2243896484375,0.0
1676,-75.0,0.21575927734375,0.0
1677,-75.0,0.2243896484375,0.0
1678,-78.75,0.23302001953125,0.0
1679,-78.75,0.241650390625,0.0
1680,-75.0,0.23302001953125,0.0
1681,-75.0,0.241650390625,0.0
1682,-78.75,0.25028076171875,0.0
1683,-78.75,0.2589111328125,0.0
1684,-75.0,0.25028076171875,0.0
1685,-75.0,0.2589111328125,0.0
1686,-78.75,0.26754150390625,0.0
1687,-78.75,0.276171875,0.0
1688,-75.0,0.26754150390625,0.0
1689,-75.0,0.276171875,0.0
1690,-78.75,0.28480224609375,0.0
1691,-78.75,0.2934326171875,0.0
1692,-75.0,0.28480224609375,0.0
1693,-75.0,0.2934326171875,0.0
1694,-78.75,0.30206298828125,0.0
1695,-78.75,0.310693359375,0.0
1696,-75.0,0.30206298828125,0.0
1697,-75.0,0.310693359375,0.0
1698,-78.75,0.3279541015625,0.0
1699,-75.0,0.3279541015625,0.0
1700,-78.75,0.34521484375,0.0
1701,-75.0,0.34521484375,0.0
1702,-78.75,0.379736328125,0.0
1703,-75.0,0.379736328125,0.0
1704,-78.75,0.4142578125,0.0
1705,-75.0,0.4142578125,0.0
1706,-78.75,0.48330078125,0.0
1707,-75.0,0.48330078125,0.0
1708,-78.75,0.55234375,0.0
1709,-75.0,0.55234375,0.0
1710,-78.75,0.6904296875,0.0
1711,-75.0,0.6904296875,0.0
1712,-78.75,0.8285156250000001,0.0
1713,-75.0,0.8285156250000001,0.0
1714,-78.75,1.1046875,0.0
1715,-75.0,1.1046875,0.0
1716,-78.75,1.380859375,0.0
1717,-78.75,1.65703125,0.0
1718,-75.0,1.380859375,0.0
1719,-75.0,1.65703125,0.0
1720,-78.75,1.933203125,0.0
1721,-78.75,2.209375,0.0
1722,-75.0,1.933203125,0.0
1723,-75.0,2.209375,0.0
1724,-78.75,2.485546875,0.0
1725,-78.75,2.76171875,0.0
1726,-75.0,2.485546875,0.0
1727,-75.0,2.76171875,0.0
1728,-78.75,3.037890625,0.0
1729,-78.75,3.3140625,0.0
1730,-75.0,3.037890625,0.0
1731,-75.0,3.3140625,0.0
1732,-78.75,3.590234375000001,0.0
1733,-78.75,3.86640625,0.0
1734,-75.0,3.590234375000001,0.0
1735,-75.0,3.86640625,0.0
1736,-78.75,4.142578125,0.0
1737,-78.75,4.41875,0.0
1738,-75.0,4.142578125,0.0
1739,-75.0,4.41875,0.0
1740,-78.75,4.694921875,0.0
1741,-78.75,4.97109375,0.0
1742,-75.0,4.694921875,0.0
1743,-75.0,4.97109375,0.0
1744,-78.75,5.247265625,0.0
1745,-78.75,5.5234375,0.0
1746,-75.0,5.247265625,0.0
1747,-75.0,5.5234375,0.0
1748,-78.75,5.799609375,0.0
1749,-78.75,6.07578125,0.0
1750,-75.0,5.799609375,0.0
1751,-75.0,6.07578125,0.0
1752,-78.75,6.351953125000001,0.0
1753,-78.75,6.628125000000001,0.0
1754,-75.0,6.351953125000001,0.0
1755,-75.0,6.628125000000001,0.0
1756,-78.75,6.904296875000001,0.0
1757,-78.75,7.180468750000001,0.0
1758,-75.0,6.904296875000001,0.0
1759,-75.0,7.180468750000001,0.0
1760,-78.75,7.456640625,0.0
1761,-78.75,7.732812500000001,0.0
1762,-75.0,7.456640625,0.0
1763,-75.0,7.732812500000001,0.0
1764,-78.75,8.008984375,0.0
1765,-78.75,8.28515625,0.0
1766,-75.0,8.008984375,0.0
1767,-75.0,8.28515625,0.0
1768,-78.75,8.561328125,0.0
1769,-78.75,8.8375,0.0
1770,-75.0,8.561328125,0.0
1771,-75.0,8.8375,0.0
1772,-86.25,9.113671875000001,0.0
1773,-86.25,9.38984375,0.0
1774,-82.5,9.113671875000001,0.0
1775,-82.5,9.38984375,407704.5605932615
1776,-86.25,9.666015625,0.0
1777,-86.25,9.9421875,0.0
1778,-82.5,9.666015625,373970.64929315576
1779,-82.5,9.9421875,460934.45794856624
1780,-86.25,10.218359375,0.0
1781,-86.25,10.49453125,0.0
1782,-82.5,10.218359375,540148.2991211885
1783,-82.5,10.49453125,307880.9874147969
1784,-86.25,10.770703125,0.0
1785,-86.25,11.046875,0.0
1786,-82.5,10.770703125,451325.06171642966
1787,-82.5,11.046875,571194.8283162804
1788,-86.25,11.323046875,0.0
1789,-86.25,11.59921875,0.0
1790,-82.5,11.323046875,6475406.530589976
1791,-82.5,11.59921875,1632450.0276811323
1792,-86.25,11.875390625,0.0
1793,-86.25,12.1515625,0.0
1794,-82.5,11.875390625,1597257.4527775934
1795,-82.5,12.1515625,596548.0066459611
1796,-86.25,12.427734375,0.0
1797,-86.25,12.70390625,0.0
1798,-82.5,12.427734375,991543.6075195208
1799,-82.5,12.70390625,18058044.762594964
1800,-86.25,12.980078125,0.0
1801,-86.25,13.25625,0.0
1802,-82.5,12.980078125,1731137.501181086
1803,-82.5,13.25625,0.0
1804,-86.25,13.532421875,0.0
1805,-86.25,13.80859375,0.0
1806,-82.5,13.532421875,0.0
1807,-82.5,13.80859375,0.0
1808,-86.25,14.084765625,0.0
1809,-86.25,14.3609375,0.0
1810,-82.5,14.084765625,0.0
1811,-82.5,14.3609375,0.0
1812,-86.25,14.637109375,0.0
1813,-86.25,14.91328125,0.0
1814,-82.5,14.637109375,0.0
1815,-82.5,14.91328125,0.0
1816,-86.25,15.189453125,0.0
1817,-86.25,15.465625,0.0
1818,-82.5,15.189453125,0.0
1819,-82.5,15.465625,0.0
1820,-86.25,15.741796875,0.0
1821,-86.25,16.01796875,0.0
1822,-82.5,15.741796875,0.0
1823,-82.5,16.01796875,0.0
1824,-86.25,16.294140625,0.0
1825,-86.25,16.5703125,0.0
1826,-82.5,16.294140625,0.0
1827,-82.5,16.5703125,0.0
1828,-86.25,16.846484375,0.0
1829,-86.25,17.12265625,0.0
1830,-82.5,16.846484375,0.0
1831,-82.5,17.12265625,0.0
1832,-86.25,17.398828125,0.0
1833,-86.25,17.675,0.0
1834,-82.5,17.398828125,0.0
1835,-82.5,17.675,0.0
1836,-78.75,9.113671875000001,0.0
1837,-78.75,9.38984375,1019261.4014831537
1838,-75.0,9.113671875000001,0.0
1839,-75.0,9.38984375,1630818.242373046
1840,-78.75,9.666015625,934926.6232328893
1841,-78.75,9.9421875,1152336.1448714156
1842,-75.0,9.666015625,1495882.597172623
1843,-75.0,9.9421875,1843737.831794265
1844,-78.75,10.218359375,1350370.747802971
1845,-78.75,10.49453125,769702.4685369922
1846,-75.0,10.218359375,2160593.196484754
1847,-75.0,10.49453125,1231523.9496591876
1848,-78.75,10.770703125,1128312.6542910743
1849,-78.75,11.046875,1427987.070790701
1850,-75.0,10.770703125,1805300.2468657186
1851,-75.0,11.046875,2284779.3132651215
1852,-78.75,11.323046875,16188516.326474944
1853,-78.75,11.59921875,4081125.0692028305
1854,-75.0,11.323046875,25901626.122359905
1855,-75.0,11.59921875,6529800.110724529
1856,-78.75,11.875390625,3993143.631943984
1857,-78.75,12.1515625,1491370.016614903
1858,-75.0,11.875390625,6389029.811110374
1859,-75.0,12.1515625,2386192.0265838443
1860,-78.75,12.427734375,2478859.0187988016
1861,-78.75,12.70390625,45145111.906487405
1862,-75.0,12.427734375,3966174.430078083
1863,-75.0,12.70390625,72232179.05037986
1864,-78.75,12.980078125,4327843.752952715
1865,-78.75,13.25625,0.0
1866,-75.0,12.980078125,6924550.004724344
1867,-75.0,13.25625,0.0
1868,-78.75,13.532421875,0.0
1869,-78.75,13.80859375,0.0
1870,-75.0,13.532421875,0.0
1871,-75.0,13.80859375,0.0
1872,-78.75,14.084765625,0.0
1873,-78.75,14.3609375,0.0
1874,-75.0,14.084765625,0.0
1875,-75.0,14.3609375,0.0
1876,-78.75,14.637109375,0.0
1877,-78.75,14.91328125,0.0
1878,-75.0,14.637109375,0.0
1879,-75.0,14.91328125,0.0
1880,-78.75,15.189453125,0.0
1881,-78.75,15.465625,0.0
1882,-75.0,15.189453125,0.0
1883,-75.0,15.465625,0.0
1884,-78.75,15.741796875,0.0
1885,-78.75,16.01796875,0.0
1886,-75.0,15.741796875,0.0
1887,-75.0,16.01796875,0.0
1888,-78.75,16.294140625,0.0
1889,-78.75,16.5703125,0.0
1890,-75.0,16.294140625,0.0
1891,-75.0,16.5703125,0.0
1892,-78.75,16.846484375,0.0
1893,-78.75,17.12265625,0.0
1894,-75.0,16.846484375,0.0
1895,-75.0,17.12265625,0.0
1896,-78.75,17.398828125,0.0
1897,-78.75,17.675,0.0
1898,-75.0,17.398828125,0.0
1899,-75.0,17.675,0.0
1900,-71.25,0.0172607421875,0.0
1901,-71.25,-0.0,0.0
1902,-71.25,0.034521484375,0.0
1903,-67.5,0.0172607421875,0.0
1904,-67.5,-0.0,0.0
1905,-67.5,0.034521484375,0.0
1906,-71.25,0.05178222656250001,0.0
1907,-71.25,0.06904296875,0.0
1908,-67.5,0.05178222656250001,0.0
1909,-67.5,0.06904296875,0.0
1910,-71.25,0.0863037109375,0.0
1911,-67.5,0.0863037109375,0.0
1912,-71.25,0.09493408203125,0.0
1913,-71.25,0.103564453125,0.0
1914,-67.5,0.09493408203125,0.0
1915,-67.5,0.103564453125,0.0
1916,-71.25,0.11219482421875,0.0
1917,-71.25,0.1208251953125,0.0
1918,-67.5,0.11219482421875,0.0
1919,-67.5,0.1208251953125,0.0
1920,-71.25,0.12945556640625,0.0
1921,-71.25,0.1380859375,0.0
1922,-67.5,0.12945556640625,0.0
1923,-67.5,0.1380859375,0.0
1924,-71.25,0.14671630859375,0.0
1925,-71.25,0.1553466796875,0.0
1926,-67.5,0.14671630859375,0.0
1927,-67.5,0.1553466796875,0.0
1928,-71.25,0.16397705078125,0.0
1929,-71.25,0.172607421875,0.0
1930,-67.5,0.16397705078125,0.0
1931,-67.5,0.172607421875,0.0
1932,-71.25,0.18123779296875,0.0
1933,-71.25,0.1898681640625,0.0
1934,-67.5,0.18123779296875,0.0
1935,-67.5,0.1898681640625,0.0
1936,-71.25,0.19849853515625,0.0
1937,-71.25,0.2,0.0
1938,-71.25,0.20712890625,0.0
1939,-67.5,0.19849853515625,0.0
1940,-67.5,0.2,0.0
1941,-67.5,0.20712890625,0.0
1942,-71.25,0.21575927734375,0.0
1943,-71.25,0.2243896484375,0.0
1944,-67.5,0.21575927734375,0.0
1945,-67.5,0.2243896484375,0.0
1946,-71.25,0.23302001953125,0.0
1947,-71.25,0.241650390625,0.0
1948,-67.5,0.23302001953125,0.0
1949,-67.5,0.241650390625,0.0
1950,-71.25,0.25028076171875,0.0
1951,-71.25,0.2589111328125,0.0
1952,-67.5,0.25028076171875,0.0
1953,-67.5,0.2589111328125,0.0
1954,-71.25,0.26754150390625,0.0
1955,-71.25,0.276171875,0.0
1956,-67.5,0.26754150390625,0.0
1957,-67.5,0.276171875,0.0
1958,-71.25,0.28480224609375,0.0
1959,-71.25,0.2934326171875,0.0
1960,-67.5,0.28480224609375,0.0
1961,-67.5,0.2934326171875,0.0
1962,-71.25,0.30206298828125,0.0
1963,-71.25,0.310693359375,0.0
1964,-67.5,0.30206298828125,0.0
1965,-67.5,0.310693359375,0.0
1966,-71.25,0.3279541015625,0.0
1967,-67.5,0.3279541015625,0.0
1968,-71.25,0.34521484375,0.0
1969,-67.5,0.34521484375,0.0
1970,-71.25,0.379736328125,0.0
1971,-67.5,0.379736328125,0.0
1972,-71.25,0.4142578125,0.0
1973,-67.5,0.4142578125,0.0
1974,-71.25,0.48330078125,0.0
1975,-67.5,0.48330078125,0.0
1976,-71.25,0.55234375,0.0
1977,-67.5,0.55234375,0.0
1978,-71.25,0.6904296875,0.0
1979,-67.5,0.6904296875,0.0
1980,-71.25,0.8285156250000001,0.0
1981,-67.5,0.8285156250000001,0.0
1982,-71.25,1.1046875,0.0
1983,-67.5,1.1046875,0.0
1984,-71.25,1.380859375,0.0
1985,-71.25,1.65703125,0.0
1986,-67.5,1.380859375,0.0
1987,-67.5,1.65703125,0.0
1988,-71.25,1.933203125,0.0
1989,-71.25,2.209375,0.0
1990,-67.5,1.933203125,0.0
1991,-67.5,2.209375,0.0
1992,-71.25,2.485546875,0.0
1993,-71.25,2.76171875,0.0
1994,-67.5,2.485546875,0.0
1995,-67.5,2.76171875,0.0
1996,-71.25,3.037890625,0.0
1997,-71.25,3.3140625,0.0
1998,-67.5,3.037890625,0.0
1999,-67.5,3.3140625,0.0
2000,-71.25,3.590234375000001,0.0
2001,-71.25,3.86640625,0.0
2002,-67.5,3.590234375000001,0.0
2003,-67.5,3.86640625,0.0
2004,-71.25,4.142578125,1398377.9470616304
2005,-71.25,4.41875,8846447.959049407
2006,-67.5,4.142578125,2796755.894123261
2007,-67.5,4.41875,17692895.918098815
2008,-71.25,4.694921875,3794975.8917559334
2009,-71.25,4.97109375,1477340.695474675
2010,-67.5,4.694921875,7589951.783511867
2011,-67.5,4.97109375,2954681.39094935
2012,-71.25,5.247265625,922446.4946113256
2013,-71.25,5.5234375,1268102.34521109
2014,-67.5,5.247265625,1844892.989222651
2015,-67.5,5.5234375,2536204.69042218
2016,-71.25,5.799609375,1020980.999746948
2017,-71.25,6.07578125,2336183.7175551574
2018,-67.5,5.799609375,2041961.999493896
2019,-67.5,6.07578125,4672367.435110315
2020,-71.25,6.351953125000001,4984547.574697486
2021,-71.25,6.628125000000001,1009905.4088778432
2022,-67.5,6.351953125000001,9969095.149394972
2023,-67.5,6.628125000000001,2019810.8177556864
2024,-71.25,6.904296875000001,348064.33588499436
2025,-71.25,7.180468750000001,592052.4215501964
2026,-67.5,6.904296875000001,696128.6717699887
2027,-67.5,7.180468750000001,1184104.8431003927
2028,-71.25,7.456640625,539052.1838908462
2029,-71.25,7.732812500000001,525148.7267595634
2030,-67.5,7.456640625,1078104.3677816924
2031,-67.5,7.732812500000001,1050297.4535191269
2032,-71.25,8.008984375,168632.7759639183
2033,-71.25,8.28515625,295718.33144488063
2034,-67.5,8.008984375,337265.5519278366
2035,-67.5,8.28515625,591436.6628897613
2036,-71.25,8.561328125,521164.63509848143
2037,-71.25,8.8375,1049323.022482072
2038,-67.5,8.561328125,1042329.2701969629
2039,-67.5,8.8375,2098646.044964144
2040,-63.75,0.0172607421875,0.0
2041,-63.75,-0.0,0.0
2042,-63.75,0.034521484375,0.0
2043,-60.0,0.0172607421875,0.0
2044,-60.0,-0.0,0.0
2045,-60.0,0.034521484375,0.0
2046,-63.75,0.05178222656250001,0.0
2047,-63.75,0.06904296875,0.0
2048,-60.0,0.05178222656250001,0.0
2049,-60.0,0.06904296875,0.0
2050,-63.75,0.0863037109375,0.0
2051,-60.0,0.0863037109375,0.0
2052,-63.75,0.09493408203125,0.0
2053,-63.75,0.103564453125,2044661.2880892567
2054,-60.0,0.09493408203125,0.0
2055,-60.0,0.103564453125,8178645.152357027
2056,-63.75,0.11219482421875,2058661.1335882666
2057,-63.75,0.1208251953125,2072660.9790872764
2058,-60.0,0.11219482421875,8234644.534353066
2059,-60.0,0.1208251953125,8290643.916349106
2060,-63.75,0.12945556640625,2086660.8245862857
2061,-63.75,0.1380859375,2100660.6700852956
2062,-60.0,0.12945556640625,8346643.298345143
2063,-60.0,0.1380859375,8402642.680341182
2064,-63.75,0.14671630859375,2114660.515584305
2065,-63.75,0.1553466796875,2128660.3610833148
2066,-60.0,0.14671630859375,8458642.06233722
2067,-60.0,0.1553466796875,8514641.444333259
2068,-63.75,0.16397705078125,2142660.206582324
2069,-63.75,0.172607421875,2156660.052081334
2070,-60.0,0.16397705078125,8570640.826329296
2071,-60.0,0.172607421875,8626640.208325336
2072,-63.75,0.18123779296875,2170659.8975803433
2073,-63.75,0.1898681640625,2184659.743079353
2074,-60.0,0.18123779296875,8682639.590321373
2075,-60.0,0.1898681640625,8738638.972317412
2076,-63.75,0.19849853515625,2198659.5885783625
2077,-63.75,0.2,2201095.2052634805
2078,-63.75,0.20712890625,2212659.4340773723
2079,-60.0,0.19849853515625,8794638.35431345
2080,-60.0,0.2,8804380.821053922
2081,-60.0,0.20712890625,8850637.73630949
2082,-63.75,0.21575927734375,2226659.2795763817
2083,-63.75,0.2243896484375,2240659.1250753915
2084,-60.0,0.21575927734375,8906637.118305527
2085,-60.0,0.2243896484375,8962636.500301566
2086,-63.75,0.23302001953125,2254658.970574401
2087,-63.75,0.241650390625,2268658.8160734107
2088,-60.0,0.23302001953125,9018635.882297603
2089,-60.0,0.241650390625,9074635.264293643
2090,-63.75,0.25028076171875,2282658.66157242
2091,-63.75,0.2589111328125,2296658.50707143
2092,-60.0,0.25028076171875,9130634.64628968
2093,-60.0,0.2589111328125,9186634.02828572
2094,-63.75,0.26754150390625,2310658.352570439
2095,-63.75,0.276171875,2324658.198069449
2096,-60.0,0.26754150390625,9242633.410281757
2097,-60.0,0.276171875,9298632.792277796
2098,-63.75,0.28480224609375,2338658.0435684584
2099,-63.75,0.2934326171875,2352657.8890674682
2100,-60.0,0.28480224609375,9354632.174273834
2101,-60.0,0.2934326171875,9410631.556269873
2102,-63.75,0.30206298828125,2350019.8654988855
2103,-63.75,0.310693359375,2294416.3179163113
2104,-60.0,0.30206298828125,9400079.461995542
2105,-60.0,0.310693359375,9177665.271665245
2106,-63.75,0.3279541015625,2183209.2227511625
2107,-60.0,0.3279541015625,8732836.89100465
2108,-63.75,0.34521484375,2072002.1275860139
2109,-60.0,0.34521484375,8288008.5103440555
2110,-63.75,0.379736328125,1849587.9372557162
2111,-60.0,0.379736328125,7398351.749022865
2112,-63.75,0.4142578125,1627173.7469254192
2113,-60.0,0.4142578125,6508694.987701677
2114,-63.75,0.48330078125,1182345.3662648243
2115,-60.0,0.48330078125,4729381.465059297
2116,-63.75,0.55234375,1382560.4842045456
2117,-60.0,0.55234375,5530241.9368181825
2118,-63.75,0.6904296875,2194566.9822506076
2119,-60.0,0.6904296875,8778267.92900243
2120,-63.75,0.8285156250000001,1600700.2122758196
2121,-60.0,0.8285156250000001,6402800.8491032785
2122,-63.75,1.1046875,2726087.824193639
2123,-60.0,1.1046875,10904351.296774557
2124,-63.75,1.380859375,3204241.382659383
2125,-63.75,1.65703125,2876865.357473555
2126,-60.0,1.380859375,12816965.530637532
2127,-60.0,1.65703125,11507461.42989422
2128,-63.75,1.933203125,2557084.3519780557
2129,-63.75,2.209375,3461392.637749633
2130,-60.0,1.933203125,10228337.407912223
2131,-60.0,2.209375,13845570.550998531
2132,-63.75,2.485546875,2848243.83028025
2133,-63.75,2.76171875,1779020.8618921326
2134,-60.0,2.485546875,11392975.321121
2135,-60.0,2.76171875,7116083.44756853
2136,-63.75,3.037890625,862337.7650439811
2137,-63.75,3.3140625,1663041.9328719748
2138,-60.0,3.037890625,3449351.0601759246
2139,-60.0,3.3140625,6652167.731487899
2140,-63.75,3.590234375000001,567858.467222874
2141,-63.75,3.86640625,1517168.5773211445
2142,-60.0,3.590234375000001,2271433.868891496
2143,-60.0,3.86640625,6068674.309284578
2144,-63.75,4.142578125,4671788.760805668
2145,-63.75,4.41875,21685299.68952478
2146,-60.0,4.142578125,7500131.466729628
2147,-60.0,4.41875,15969615.085703863
2148,-63.75,4.694921875,10846925.309164409
2149,-63.75,4.97109375,6973427.719646726
2150,-60.0,4.694921875,13027894.102610167
2151,-60.0,4.97109375,16074985.314789504
2152,-63.75,5.247265625,5760317.791421852
2153,-63.75,5.5234375,3269260.8367992593
2154,-60.0,5.247265625,15661699.208796807
2155,-60.0,5.5234375,2932224.585508319
2156,-63.75,5.799609375,2650195.5646912963
2157,-63.75,6.07578125,5777134.33149785
2158,-60.0,5.799609375,2432934.2607896
2159,-60.0,6.07578125,4419067.58555014
2160,-63.75,6.351953125000001,14154291.000071965
2161,-63.75,6.628125000000001,3901224.0717897993
2162,-60.0,6.351953125000001,16740783.402707972
2163,-60.0,6.628125000000001,7525653.016136453
2164,-63.75,6.904296875000001,2353336.1711876257
2165,-63.75,7.180468750000001,2625640.1143100997
2166,-60.0,6.904296875000001,6628829.997670551
2167,-60.0,7.180468750000001,5766141.084838828
2168,-63.75,7.456640625,6021460.779686433
2169,-63.75,7.732812500000001,4119014.269680412
2170,-60.0,7.456640625,19773425.647618964
2171,-60.0,7.732812500000001,12274867.264645142
2172,-63.75,8.008984375,2572671.2160616475
2173,-63.75,8.28515625,1399081.9513899633
2174,-60.0,8.008984375,8941622.656535244
2175,-60.0,8.28515625,3230581.1540008085
2176,-63.75,8.561328125,2774450.9890760453
2177,-63.75,8.8375,3242125.473450401
2178,-60.0,8.561328125,6928486.875516331
2179,-60.0,8.8375,4573917.713945026
2180,-71.25,9.113671875000001,225001.09804457772
2181,-71.25,9.38984375,2492029.1208256194
2182,-67.5,9.113671875000001,450002.19608915545
2183,-67.5,9.38984375,3353239.9992781933
2184,-71.25,9.666015625,3759064.195217156
2185,-71.25,9.9421875,5477887.44385372
2186,-67.5,9.666015625,6022245.793261689
2187,-67.5,9.9421875,9112037.055913176
2188,-71.25,10.218359375,5761339.986519953
2189,-71.25,10.49453125,4658761.140777434
2190,-67.5,10.218359375,9362086.77655515
2191,-67.5,10.49453125,8085998.33189568
2192,-71.25,10.770703125,9492711.84413988
2193,-71.25,11.046875,4536532.116809533
2194,-67.5,10.770703125,17180123.44141404
2195,-67.5,11.046875,6788284.9203539435
2196,-71.25,11.323046875,16992531.168863907
2197,-71.25,11.59921875,5071367.07843914
2198,-67.5,11.323046875,8083436.215367905
2199,-67.5,11.59921875,3612934.046153751
2200,-71.25,11.875390625,14309959.23255647
2201,-71.25,12.1515625,7233529.270930452
2202,-67.5,11.875390625,22230888.654002566
2203,-67.5,12.1515625,12080866.51527706
2204,-71.25,12.427734375,5434918.146964433
2205,-71.25,12.70390625,46816468.39498386
2206,-67.5,12.427734375,6903661.863850782
2207,-67.5,12.70390625,21400757.739587873
2208,-71.25,12.980078125,8220519.475639627
2209,-71.25,13.25625,6097931.9804860195
2210,-67.5,12.980078125,9516488.94655491
2211,-67.5,13.25625,12195863.960972039
2212,-71.25,13.532421875,16310656.487929787
2213,-71.25,13.80859375,10982553.696207464
2214,-67.5,13.532421875,32621312.975859575
2215,-67.5,13.80859375,21965107.392414927
2216,-71.25,14.084765625,9774360.188704804
2217,-71.25,14.3609375,6092542.006902687
2218,-67.5,14.084765625,19548720.377409607
2219,-67.5,14.3609375,12185084.013805375
2220,-71.25,14.637109375,6789037.637027504
2221,-71.25,14.91328125,5258753.960002887
2222,-67.5,14.637109375,13578075.274055008
2223,-67.5,14.91328125,10517507.920005774
2224,-71.25,15.189453125,8840611.840779485
2225,-71.25,15.465625,14244695.146878716
2226,-67.5,15.189453125,17681223.68155897
2227,-67.5,15.465625,28489390.29375743
2228,-71.25,15.741796875,5043618.920968718
2229,-71.25,16.01796875,19401451.53239456
2230,-67.5,15.741796875,10087237.841937436
2231,-67.5,16.01796875,38802903.06478912
2232,-71.25,16.294140625,4116630.1083445437
2233,-71.25,16.5703125,4932784.350724584
2234,-67.5,16.294140625,8233260.216689087
2235,-67.5,16.5703125,9865568.701449169
2236,-71.25,16.846484375,5865806.4326601215
2237,-71.25,17.12265625,5703354.692618905
2238,-67.5,16.846484375,11731612.865320243
2239,-67.5,17.12265625,11406709.38523781
2240,-71.25,17.398828125,6673173.781831361
2241,-71.25,17.675,9508141.873069318
2242,-67.5,17.398828125,13346347.563662723
2243,-67.5,17.675,19016283.746138636
2244,-63.75,9.113671875000001,3971874.069080278
2245,-63.75,9.38984375,5385247.519167589
2246,-60.0,9.113671875000001,14087487.49196449
2247,-60.0,9.38984375,9758848.321930632
2248,-63.75,9.666015625,14017599.88752887
2249,-63.75,9.9421875,17465348.74149755
2250,-60.0,9.666015625,33477298.974241346
2251,-60.0,9.9421875,35256984.574131764
2252,-63.75,10.218359375,17827747.322520766
2253,-63.75,10.49453125,17164522.988326155
2254,-60.0,10.218359375,36023235.380347215
2255,-60.0,10.49453125,37545622.575381085
2256,-63.75,10.770703125,26553441.410302386
2257,-63.75,11.046875,12546533.113792557
2258,-60.0,10.770703125,39298572.12241909
2259,-60.0,11.046875,25317772.087019578
2260,-63.75,11.323046875,4100593.5458103972
2261,-63.75,11.59921875,6326580.934402745
2262,-60.0,11.323046875,9970255.444129873
2263,-60.0,11.59921875,17384387.663720507
2264,-63.75,11.875390625,26391152.0551793
2265,-63.75,12.1515625,17141073.117603693
2266,-60.0,11.875390625,23030083.4158173
2267,-60.0,12.1515625,22627018.435890365
2268,-63.75,12.427734375,11421268.235625274
2269,-63.75,12.70390625,10801222.42847631
2270,-60.0,12.427734375,22036599.917176053
2271,-60.0,12.70390625,29834037.805933595
2272,-63.75,12.980078125,11415285.232740367
2273,-63.75,13.25625,16961554.048546117
2274,-60.0,12.980078125,14519735.149466174
2275,-60.0,13.25625,19062760.35029631
2276,-63.75,13.532421875,50437398.899899974
2277,-63.75,13.80859375,28713963.33448522
2278,-60.0,13.532421875,71264343.6961616
2279,-60.0,13.80859375,26995423.768281177
2280,-63.75,14.084765625,24481851.55156199
2281,-63.75,14.3609375,18711127.66710345
2282,-60.0,14.084765625,19732524.69660951
2283,-60.0,14.3609375,26104174.61319229
2284,-63.75,14.637109375,18765827.77319183
2285,-63.75,14.91328125,17307427.24035429
2286,-60.0,14.637109375,20751009.996547274
2287,-60.0,14.91328125,27159677.28139406
2288,-63.75,15.189453125,26029326.84727605
2289,-63.75,15.465625,40175876.653795555
2290,-60.0,15.189453125,33392412.662868332
2291,-60.0,15.465625,46745945.440152526
2292,-63.75,15.741796875,15826331.891034408
2293,-63.75,16.01796875,47801141.94145972
2294,-60.0,15.741796875,22956376.196387876
2295,-60.0,16.01796875,35992955.5066824
2296,-63.75,16.294140625,12329336.910059664
2297,-63.75,16.5703125,15714753.77485327
2298,-60.0,16.294140625,16384306.773482304
2299,-60.0,16.5703125,23396740.2936164
2300,-63.75,16.846484375,17854471.18577863
2301,-63.75,17.12265625,18447880.519119896
2302,-60.0,16.846484375,24491433.28183355
2303,-60.0,17.12265625,28164684.535528358
2304,-63.75,17.398828125,21181424.158570025
2305,-63.75,17.675,29405984.17179562
2306,-60.0,17.398828125,31340306.379629217
2307,-60.0,17.675,41558801.70262795
2308,-86.25,17.951171875,0.0
2309,-86.25,18.22734375,0.0
2310,-82.5,17.951171875,0.0
2311,-82.5,18.22734375,0.0
2312,-86.25,18.503515625,0.0
2313,-86.25,18.7796875,0.0
2314,-82.5,18.503515625,0.0
2315,-82.5,18.7796875,0.0
2316,-86.25,19.055859375,0.0
2317,-86.25,19.33203125,0.0
2318,-82.5,19.055859375,0.0
2319,-82.5,19.33203125,0.0
2320,-86.25,19.608203125,0.0
2321,-86.25,19.884375,0.0
2322,-82.5,19.608203125,0.0
2323,-82.5,19.884375,4205869.734567452
2324,-86.25,20.160546875,0.0
2325,-86.25,20.43671875,0.0
2326,-82.5,20.160546875,2254396.4725110666
2327,-82.5,20.43671875,0.0
2328,-86.25,20.712890625,0.0
2329,-86.25,20.9890625,0.0
2330,-82.5,20.712890625,0.0
2331,-82.5,20.9890625,0.0
2332,-86.25,21.265234375,0.0
2333,-86.25,21.54140625,0.0
2334,-82.5,21.265234375,0.0
2335,-82.5,21.54140625,0.0
2336,-86.25,21.817578125,0.0
2337,-86.25,22.09375,0.0
2338,-82.5,21.817578125,0.0
2339,-82.5,22.09375,0.0
2340,-86.25,22.369921875,0.0
2341,-86.25,22.64609375,0.0
2342,-82.5,22.369921875,0.0
2343,-82.5,22.64609375,0.0
2344,-86.25,22.922265625,0.0
2345,-86.25,23.1984375,0.0
2346,-82.5,22.922265625,0.0
2347,-82.5,23.1984375,0.0
2348,-86.25,23.474609375,0.0
2349,-86.25,23.75078125,0.0
2350,-82.5,23.474609375,0.0
2351,-82.5,23.75078125,0.0
2352,-86.25,24.026953125,0.0
2353,-86.25,24.303125,0.0
2354,-82.5,24.026953125,0.0
2355,-82.5,24.303125,0.0
2356,-86.25,24.579296875,0.0
2357,-86.25,24.85546875,0.0
2358,-82.5,24.579296875,0.0
2359,-82.5,24.85546875,0.0
2360,-86.25,25.131640625,0.0
2361,-86.25,25.4078125,0.0
2362,-82.5,25.131640625,0.0
2363,-82.5,25.4078125,0.0
2364,-86.25,25.683984375,0.0
2365,-86.25,25.96015625,0.0
2366,-82.5,25.683984375,0.0
2367,-82.5,25.96015625,0.0
2368,-86.25,26.236328125,0.0
2369,-86.25,26.5125,0.0
2370,-82.5,26.236328125,0.0
2371,-82.5,26.5125,0.0
2372,-78.75,17.951171875,0.0
2373,-78.75,18.22734375,0.0
2374,-75.0,17.951171875,0.0
2375,-75.0,18.22734375,0.0
2376,-78.75,18.503515625,0.0
2377,-78.75,18.7796875,0.0
2378,-75.0,18.503515625,0.0
2379,-75.0,18.7796875,0.0
2380,-78.75,19.055859375,0.0
2381,-78.75,19.33203125,0.0
2382,-75.0,19.055859375,0.0
2383,-75.0,19.33203125,0.0
2384,-78.75,19.608203125,0.0
2385,-78.75,19.884375,10514674.33641863
2386,-75.0,19.608203125,0.0
2387,-75.0,19.884375,16823478.93826981
2388,-78.75,20.160546875,5635991.181277667
2389,-78.75,20.43671875,0.0
2390,-75.0,20.160546875,9017585.890044266
2391,-75.0,20.43671875,0.0
2392,-78.75,20.712890625,0.0
2393,-78.75,20.9890625,0.0
2394,-75.0,20.712890625,0.0
2395,-75.0,20.9890625,0.0
2396,-78.75,21.265234375,0.0
2397,-78.75,21.54140625,0.0
2398,-75.0,21.265234375,0.0
2399,-75.0,21.54140625,0.0
2400,-78.75,21.817578125,0.0
2401,-78.75,22.09375,0.0
2402,-75.0,21.817578125,0.0
2403,-75.0,22.09375,0.0
2404,-78.75,22.369921875,0.0
2405,-78.75,22.64609375,0.0
2406,-75.0,22.369921875,0.0
2407,-75.0,22.64609375,0.0
2408,-78.75,22.922265625,0.0
2409,-78.75,23.1984375,0.0
2410,-75.0,22.922265625,0.0
2411,-75.0,23.1984375,0.0
2412,-78.75,23.474609375,0.0
2413,-78.75,23.75078125,0.0
2414,-75.0,23.474609375,0.0
2415,-75.0,23.75078125,0.0
2416,-78.75,24.026953125,0.0
2417,-78.75,24.303125,0.0
2418,-75.0,24.026953125,0.0
2419,-75.0,24.303125,0.0
2420,-78.75,24.579296875,0.0
2421,-78.75,24.85546875,0.0
2422,-75.0,24.579296875,0.0
2423,-75.0,24.85546875,0.0
2424,-78.75,25.131640625,0.0
2425,-78.75,25.4078125,0.0
2426,-75.0,25.131640625,0.0
2427,-75.0,25.4078125,0.0
2428,-78.75,25.683984375,0.0
2429,-78.75,25.96015625,0.0
2430,-75.0,25.683984375,0.0
2431,-75.0,25.96015625,0.0
2432,-78.75,26.236328125,0.0
2433,-78.75,26.5125,0.0
2434,-75.0,26.236328125,0.0
2435,-75.0,26.5125,0.0
2436,-86.25,26.788671875,0.0
2437,-86.25,27.06484375,0.0
2438,-82.5,26.788671875,0.0
2439,-82.5,27.06484375,0.0
2440,-86.25,27.341015625,0.0
2441,-86.25,27.6171875,0.0
2442,-82.5,27.341015625,0.0
2443,-82.5,27.6171875,0.0
2444,-86.25,27.893359375,0.0
2445,-86.25,28.16953125000001,0.0
2446,-82.5,27.893359375,0.0
2447,-82.5,28.16953125000001,0.0
2448,-86.25,28.445703125,0.0
2449,-86.25,28.721875,0.0
2450,-82.5,28.445703125,0.0
2451,-82.5,28.721875,0.0
2452,-86.25,28.998046875,0.0
2453,-86.25,29.27421875,0.0
2454,-82.5,28.998046875,0.0
2455,-82.5,29.27421875,0.0
2456,-86.25,29.550390625,0.0
2457,-86.25,29.8265625,0.0
2458,-82.5,29.550390625,0.0
2459,-82.5,29.8265625,0.0
2460,-86.25,30.102734375,0.0
2461,-86.25,30.37890625,0.0
2462,-82.5,30.102734375,0.0
2463,-82.5,30.37890625,0.0
2464,-86.25,30.655078125,0.0
2465,-86.25,30.93125,0.0
2466,-82.5,30.655078125,0.0
2467,-82.5,30.93125,0.0
2468,-86.25,31.207421875,0.0
2469,-86.25,31.48359375,0.0
2470,-82.5,31.207421875,0.0
2471,-82.5,31.48359375,0.0
2472,-86.25,31.759765625,0.0
2473,-86.25,32.0359375,0.0
2474,-82.5,31.759765625,0.0
2475,-82.5,32.0359375,0.0
2476,-86.25,32.31210937500001,0.0
2477,-86.25,32.58828125,0.0
2478,-82.5,32.31210937500001,890452.979380327
2479,-82.5,32.58828125,728941.7678360059
2480,-86.25,32.864453125,0.0
2481,-86.25,33.140625,0.0
2482,-82.5,32.864453125,162310.6261497039
2483,-82.5,33.140625,231786.72497042592
2484,-86.25,33.416796875,0.0
2485,-86.25,33.69296875,0.0
2486,-82.5,33.416796875,264460.04947340593
2487,-82.5,33.69296875,242889.08875577763
2488,-86.25,33.96914062499999,0.0
2489,-86.25,34.2453125,0.0
2490,-82.5,33.96914062499999,398975.982257692
2491,-82.5,34.2453125,318341.24312901753
2492,-86.25,34.521484375,0.0
2493,-86.25,34.79765625,0.0
2494,-82.5,34.521484375,533592.1477584401
2495,-82.5,34.79765625,201306.28275842126
2496,-86.25,35.07382812500001,0.0
2497,-86.25,35.35,0.0
2498,-82.5,35.07382812500001,396521.84123259597
2499,-82.5,35.35,105275.67318507405
2500,-78.75,26.788671875,0.0
2501,-78.75,27.06484375,0.0
2502,-75.0,26.788671875,0.0
2503,-75.0,27.06484375,0.0
2504,-78.75,27.341015625,0.0
2505,-78.75,27.6171875,0.0
2506,-75.0,27.341015625,0.0
2507,-75.0,27.6171875,0.0
2508,-78.75,27.893359375,0.0
2509,-78.75,28.16953125000001,0.0
2510,-75.0,27.893359375,0.0
2511,-75.0,28.16953125000001,0.0
2512,-78.75,28.445703125,0.0
2513,-78.75,28.721875,0.0
2514,-75.0,28.445703125,0.0
2515,-75.0,28.721875,0.0
2516,-78.75,28.998046875,0.0
2517,-78.75,29.27421875,0.0
2518,-75.0,28.998046875,0.0
2519,-75.0,29.27421875,0.0
2520,-78.75,29.550390625,0.0
2521,-78.75,29.8265625,0.0
2522,-75.0,29.550390625,0.0
2523,-75.0,29.8265625,0.0
2524,-78.75,30.102734375,0.0
2525,-78.75,30.37890625,0.0
2526,-75.0,30.102734375,0.0
2527,-75.0,30.37890625,0.0
2528,-78.75,30.655078125,0.0
2529,-78.75,30.93125,0.0
2530,-75.0,30.655078125,0.0
2531,-75.0,30.93125,0.0
2532,-78.75,31.207421875,0.0
2533,-78.75,31.48359375,0.0
2534,-75.0,31.207421875,0.0
2535,-75.0,31.48359375,0.0
2536,-78.75,31.759765625,0.0
2537,-78.75,32.0359375,0.0
2538,-75.0,31.759765625,0.0
2539,-75.0,32.0359375,0.0
2540,-78.75,32.31210937500001,2226132.4484508177
2541,-78.75,32.58828125,1822354.419590015
2542,-75.0,32.31210937500001,3561811.917521308
2543,-75.0,32.58828125,2915767.0713440236
2544,-78.75,32.864453125,405776.5653742598
2545,-78.75,33.140625,579466.8124260649
2546,-75.0,32.864453125,649242.5045988156
2547,-75.0,33.140625,927146.8998817037
2548,-78.75,33.416796875,661150.1236835148
2549,-78.75,33.69296875,607222.721889444
2550,-75.0,33.416796875,1057840.1978936237
2551,-75.0,33.69296875,971556.3550231105
2552,-78.75,33.96914062499999,997439.9556442301
2553,-78.75,34.2453125,795853.1078225438
2554,-75.0,33.96914062499999,1595903.929030768
2555,-75.0,34.2453125,1273364.9725160701
2556,-78.75,34.521484375,1333980.3693961005
2557,-78.75,34.79765625,503265.70689605316
2558,-75.0,34.521484375,2134368.5910337605
2559,-75.0,34.79765625,805225.1310336851
2560,-78.75,35.07382812500001,991304.60308149
2561,-78.75,35.35,263189.1829626851
2562,-75.0,35.07382812500001,1586087.3649303839
2563,-75.0,35.35,421102.6927402962
2564,-71.25,17.951171875,5363947.933442853
2565,-71.25,18.22734375,15027695.892318614
2566,-67.5,17.951171875,10727895.866885707
2567,-67.5,18.22734375,30055391.784637228
2568,-71.25,18.503515625,8017250.9240943715
2569,-71.25,18.7796875,6268738.582832377
2570,-67.5,18.503515625,16034501.848188743
2571,-67.5,18.7796875,12537477.165664755
2572,-71.25,19.055859375,8262372.070325403
2573,-71.25,19.33203125,6925825.824408694
2574,-67.5,19.055859375,16524744.140650805
2575,-67.5,19.33203125,13851651.648817388
2576,-71.25,19.608203125,12742420.175305907
2577,-71.25,19.884375,22129657.418337245
2578,-67.5,19.608203125,25484840.350611813
2579,-67.5,19.884375,27435835.89840468
2580,-71.25,20.160546875,18011730.48535358
2581,-71.25,20.43671875,11308832.770199828
2582,-67.5,20.160546875,27005875.0806629
2583,-67.5,20.43671875,22617665.540399656
2584,-71.25,20.712890625,27368011.741915025
2585,-71.25,20.9890625,16300285.70236699
2586,-67.5,20.712890625,54736023.48383005
2587,-67.5,20.9890625,32600571.40473398
2588,-71.25,21.265234375,1828713.1529187383
2589,-71.25,21.54140625,1119382.0730135222
2590,-67.5,21.265234375,3657426.3058374766
2591,-67.5,21.54140625,2238764.1460270444
2592,-71.25,21.817578125,925664.6028270889
2593,-71.25,22.09375,671250.8508033591
2594,-67.5,21.817578125,1851329.2056541778
2595,-67.5,22.09375,1342501.7016067181
2596,-71.25,22.369921875,643780.2367762658
2597,-71.25,22.64609375,1221906.6357145365
2598,-67.5,22.369921875,1287560.4735525316
2599,-67.5,22.64609375,2443813.271429073
2600,-71.25,22.922265625,1309859.5876216635
2601,-71.25,23.1984375,1831308.5698722436
2602,-67.5,22.922265625,2619719.175243327
2603,-67.5,23.1984375,3662617.139744487
2604,-71.25,23.474609375,484489.65266061825
2605,-71.25,23.75078125,1242799.2326030596
2606,-67.5,23.474609375,968979.3053212365
2607,-67.5,23.75078125,2485598.465206119
2608,-71.25,24.026953125,1022825.0441967647
2609,-71.25,24.303125,565698.9783447402
2610,-67.5,24.026953125,2045650.0883935294
2611,-67.5,24.303125,1131397.9566894805
2612,-71.25,24.579296875,2007554.9169110397
2613,-71.25,24.85546875,2948179.77052983
2614,-67.5,24.579296875,4015109.8338220795
2615,-67.5,24.85546875,5896359.54105966
2616,-71.25,25.131640625,197373.2437710524
2617,-71.25,25.4078125,223891.06421217532
2618,-67.5,25.131640625,394746.4875421048
2619,-67.5,25.4078125,447782.12842435064
2620,-71.25,25.683984375,793494.0640486045
2621,-71.25,25.96015625,364767.2659931291
2622,-67.5,25.683984375,1586988.128097209
2623,-67.5,25.96015625,729534.5319862582
2624,-71.25,26.236328125,4068572.290965662
2625,-71.25,26.5125,683019.1494505088
2626,-67.5,26.236328125,8137144.581931324
2627,-67.5,26.5125,1366038.2989010175
2628,-63.75,17.951171875,29481486.03283141
2629,-63.75,18.22734375,43990319.53988944
2630,-60.0,17.951171875,75014360.66378282
2631,-60.0,18.22734375,55739711.02100883
2632,-63.75,18.503515625,26625402.985876467
2633,-63.75,18.7796875,22711430.310564484
2634,-60.0,18.503515625,42363604.550750904
2635,-60.0,18.7796875,40695812.57959892
2636,-63.75,19.055859375,26558706.08240258
2637,-63.75,19.33203125,26346717.362789635
2638,-60.0,19.055859375,40135847.76700711
2639,-60.0,19.33203125,49980262.85588899
2640,-63.75,19.608203125,34402432.33538564
2641,-63.75,19.884375,30585399.379555944
2642,-60.0,19.608203125,35670367.9390953
2643,-60.0,19.884375,29421732.862874888
2644,-63.75,20.160546875,34403645.14941236
2645,-63.75,20.43671875,31013662.464809775
2646,-60.0,20.160546875,38608666.1650421
2647,-60.0,20.43671875,33583987.69764048
2648,-63.75,20.712890625,74546900.66655767
2649,-63.75,20.9890625,42991977.195185535
2650,-60.0,20.712890625,79243508.73091048
2651,-60.0,20.9890625,41565623.16180625
2652,-63.75,21.265234375,12791094.36819034
2653,-63.75,21.54140625,10272941.126891972
2654,-60.0,21.265234375,36534672.249411464
2655,-60.0,21.54140625,32136707.923459712
2656,-63.75,21.817578125,7874691.4239994865
2657,-63.75,22.09375,6193345.056358298
2658,-60.0,21.817578125,24093448.873381235
2659,-60.0,22.09375,19403373.41900632
2660,-63.75,22.369921875,5000646.346514684
2661,-63.75,22.64609375,7843049.252657689
2662,-60.0,22.369921875,14852343.49184861
2663,-60.0,22.64609375,21596943.924914464
2664,-63.75,22.922265625,9359039.074084602
2665,-63.75,23.1984375,12828373.370819429
2666,-60.0,22.922265625,26957279.5953651
2667,-60.0,23.1984375,36663024.92429977
2668,-63.75,23.474609375,4826968.965745723
2669,-63.75,23.75078125,6355999.268880282
2670,-60.0,23.474609375,15431958.641697945
2671,-60.0,23.75078125,15481603.214696648
2672,-63.75,24.026953125,10937352.138376016
2673,-63.75,24.303125,6986411.27668418
2674,-60.0,24.026953125,35566808.19992995
2675,-60.0,24.303125,23420053.279978797
2676,-63.75,24.579296875,7249745.142033037
2677,-63.75,24.85546875,11397129.965833496
2678,-60.0,24.579296875,12938541.23284383
2679,-60.0,24.85546875,22003081.699095346
2680,-63.75,25.131640625,6760209.632463931
2681,-63.75,25.4078125,8316925.163826445
2682,-60.0,25.131640625,25461852.579687305
2683,-60.0,25.4078125,31476572.14160838
2684,-63.75,25.683984375,8655114.528671153
2685,-63.75,25.96015625,6642786.891995953
2686,-60.0,25.683984375,28272505.60229578
2687,-60.0,25.96015625,23653009.44003878
2688,-63.75,26.236328125,13137382.074344069
2689,-63.75,26.5125,4074753.2992684618
2690,-60.0,26.236328125,20000949.969650988
2691,-60.0,26.5125,10834860.001469776
2692,-71.25,26.788671875,371896.9359407498
2693,-71.25,27.06484375,550410.5199562751
2694,-67.5,26.788671875,743793.8718814997
2695,-67.5,27.06484375,1100821.0399125502
2696,-71.25,27.341015625,268371.0680133541
2697,-71.25,27.6171875,554487.4974330534
2698,-67.5,27.341015625,536742.1360267082
2699,-67.5,27.6171875,1108974.994866107
2700,-71.25,27.893359375,482514.4135558693
2701,-71.25,28.16953125000001,452642.27446523047
2702,-67.5,27.893359375,965028.8271117386
2703,-67.5,28.16953125000001,905284.5489304609
2704,-71.25,28.445703125,532402.6311404286
2705,-71.25,28.721875,492730.22370636277
2706,-67.5,28.445703125,1064805.2622808572
2707,-67.5,28.721875,985460.4474127255
2708,-71.25,28.998046875,800955.1068366438
2709,-71.25,29.27421875,549287.2727506267
2710,-67.5,28.998046875,1601910.2136732875
2711,-67.5,29.27421875,1098574.5455012533
2712,-71.25,29.550390625,920123.7968204586
2713,-71.25,29.8265625,1064778.2499919008
2714,-67.5,29.550390625,1840247.5936409172
2715,-67.5,29.8265625,2129556.4999838015
2716,-71.25,30.102734375,637860.7063257511
2717,-71.25,30.37890625,691401.7421627042
2718,-67.5,30.102734375,1275721.4126515023
2719,-67.5,30.37890625,1382803.4843254085
2720,-71.25,30.655078125,3916719.4218474384
2721,-71.25,30.93125,5299857.49397282
2722,-67.5,30.655078125,7833438.843694877
2723,-67.5,30.93125,10599714.98794564
2724,-71.25,31.207421875,4911572.10841679
2725,-71.25,31.48359375,2094575.9724691934
2726,-67.5,31.207421875,9823144.21683358
2727,-67.5,31.48359375,4189151.944938387
2728,-71.25,31.759765625,1266150.5830445897
2729,-71.25,32.0359375,1061233.618994955
2730,-67.5,31.759765625,2532301.1660891795
2731,-67.5,32.0359375,2122467.23798991
2732,-71.25,32.31210937500001,2226132.4484508177
2733,-71.25,32.58828125,1822354.419590015
2734,-67.5,32.31210937500001,890452.979380327
2735,-67.5,32.58828125,728941.7678360059
2736,-71.25,32.864453125,405776.5653742598
2737,-71.25,33.140625,579466.8124260649
2738,-67.5,32.864453125,162310.6261497039
2739,-67.5,33.140625,231786.72497042592
2740,-71.25,33.416796875,661150.1236835148
2741,-71.25,33.69296875,607222.721889444
2742,-67.5,33.416796875,264460.04947340593
2743,-67.5,33.69296875,242889.08875577763
2744,-71.25,33.96914062499999,997439.9556442301
2745,-71.25,34.2453125,8342042.607917446
2746,-67.5,33.96914062499999,398975.982257692
2747,-67.5,34.2453125,15410720.24331882
2748,-71.25,34.521484375,5898366.81467682
2749,-71.25,34.79765625,10389017.17310078
2750,-67.5,34.521484375,9662365.03831988
2751,-67.5,34.79765625,19972809.215167876
2752,-71.25,35.07382812500001,6213052.445337008
2753,-71.25,35.35,8320960.501500997
2754,-67.5,35.07382812500001,10840017.525743632
2755,-67.5,35.35,16220818.310261697
2756,-63.75,26.788671875,5965889.439816218
2757,-63.75,27.06484375,5922581.642303914
2758,-60.0,26.788671875,20888382.271738872
2759,-60.0,27.06484375,19287042.409565452
2760,-63.75,27.341015625,14831845.611341994
2761,-63.75,27.6171875,8439917.503154665
2762,-60.0,27.341015625,57180413.901261136
2763,-60.0,27.6171875,29323770.033154234
2764,-63.75,27.893359375,5318012.771927677
2765,-63.75,28.16953125000001,6375573.769182369
2766,-60.0,27.893359375,17411935.77926375
2767,-60.0,28.16953125000001,21881156.881007634
2768,-63.75,28.445703125,5339702.240546921
2769,-63.75,28.721875,4204166.8003264945
2770,-60.0,28.445703125,17099587.913064256
2771,-60.0,28.721875,12874825.411655076
2772,-63.75,28.998046875,4453375.448147301
2773,-63.75,29.27421875,4875221.8534648325
2774,-60.0,28.998046875,11405860.937896054
2775,-60.0,29.27421875,15106589.231854318
2776,-63.75,29.550390625,5431371.702258898
2777,-63.75,29.8265625,7084998.987006509
2778,-60.0,29.550390625,14364496.434471924
2779,-60.0,29.8265625,19821769.94809083
2780,-63.75,30.102734375,7821099.885125354
2781,-63.75,30.37890625,5016020.214925194
2782,-60.0,30.102734375,26181513.889895406
2783,-60.0,30.37890625,14532866.922399145
2784,-63.75,30.655078125,14702950.711246608
2785,-63.75,30.93125,17127312.8697958
2786,-60.0,30.655078125,27478047.47020692
2787,-60.0,30.93125,26110391.52740063
2788,-63.75,31.207421875,14247873.68494522
2789,-63.75,31.48359375,6656483.418790145
2790,-60.0,31.207421875,17698917.872446556
2791,-60.0,31.48359375,9869325.895407034
2792,-63.75,31.759765625,9226035.507249055
2793,-63.75,32.0359375,11639948.918387095
2794,-60.0,31.759765625,26774937.364639502
2795,-60.0,32.0359375,38069926.72158874
2796,-63.75,32.31210937500001,3967186.985821376
2797,-63.75,32.58828125,1506836.218442535
2798,-60.0,32.31210937500001,15868747.943285504
2799,-60.0,32.58828125,6027344.87377014
2800,-63.75,32.864453125,457207.20399195526
2801,-63.75,33.140625,62022.13041673808
2802,-60.0,32.864453125,1828828.815967821
2803,-60.0,33.140625,248088.52166695232
2804,-63.75,33.416796875,98962.01557785811
2805,-63.75,33.69296875,106637.64862949091
2806,-60.0,33.416796875,395848.06231143244
2807,-60.0,33.69296875,426550.59451796365
2808,-63.75,33.96914062499999,602609.5495562103
2809,-63.75,34.2453125,18956429.301273637
2810,-60.0,33.96914062499999,2410438.198224841
2811,-60.0,34.2453125,15456201.204335334
2812,-63.75,34.521484375,20495669.37500139
2813,-63.75,34.79765625,26970435.316616364
2814,-60.0,34.521484375,45467585.937759794
2815,-60.0,34.79765625,28795729.536827642
2816,-63.75,35.07382812500001,17756905.03529487
2817,-63.75,35.35,19790227.401827727
2818,-60.0,35.07382812500001,29253637.403135337
2819,-60.0,35.35,14698739.059004402
2820,-56.25,0.0172607421875,0.0
2821,-56.25,-0.0,0.0
2822,-56.25,0.034521484375,0.0
2823,-52.5,0.0172607421875,0.0
2824,-52.5,-0.0,0.0
2825,-52.5,0.034521484375,0.0
2826,-56.25,0.05178222656250001,0.0
2827,-56.25,0.06904296875,0.0
2828,-52.5,0.05178222656250001,0.0
2829,-52.5,0.06904296875,0.0
2830,-56.25,0.0863037109375,0.0
2831,-52.5,0.0863037109375,0.0
2832,-56.25,0.09493408203125,0.0
2833,-56.25,0.103564453125,14312629.016624799
2834,-52.5,0.09493408203125,0.0
2835,-52.5,0.103564453125,25095137.273312923
2836,-56.25,0.11219482421875,14410627.935117867
2837,-56.25,0.1208251953125,14508626.853610933
2838,-52.5,0.11219482421875,25382183.941310503
2839,-52.5,0.1208251953125,25669230.609308075
2840,-56.25,0.12945556640625,14606625.772104
2841,-56.25,0.1380859375,14704624.690597069
2842,-52.5,0.12945556640625,25956277.277305655
2843,-52.5,0.1380859375,26243323.945303235
2844,-56.25,0.14671630859375,14802623.609090136
2845,-56.25,0.1553466796875,14900622.5275832
2846,-52.5,0.14671630859375,26530370.61330082
2847,-52.5,0.1553466796875,26817417.281298388
2848,-56.25,0.16397705078125,14998621.44607627
2849,-56.25,0.172607421875,15096620.364569336
2850,-52.5,0.16397705078125,27104463.949295968
2851,-52.5,0.172607421875,27391510.61729355
2852,-56.25,0.18123779296875,15194619.283062406
2853,-56.25,0.1898681640625,15292618.201555472
2854,-52.5,0.18123779296875,27678557.28529113
2855,-52.5,0.1898681640625,27965603.953288704
2856,-56.25,0.19849853515625,15390617.120048538
2857,-56.25,0.2,15407666.436844362
2858,-56.25,0.20712890625,15488616.038541606
2859,-52.5,0.19849853515625,28252650.621286284
2860,-52.5,0.2,28302589.43339902
2861,-52.5,0.20712890625,28539697.289283864
2862,-56.25,0.21575927734375,15586614.957034674
2863,-56.25,0.2243896484375,15684613.87552774
2864,-52.5,0.21575927734375,28826743.95728144
2865,-52.5,0.2243896484375,29113790.62527902
2866,-56.25,0.23302001953125,15782612.79402081
2867,-56.25,0.241650390625,15880611.712513875
2868,-52.5,0.23302001953125,29400837.2932766
2869,-52.5,0.241650390625,29687883.961274177
2870,-56.25,0.25028076171875,15978610.631006941
2871,-56.25,0.2589111328125,16076609.549500009
2872,-52.5,0.25028076171875,29974930.62927176
2873,-52.5,0.2589111328125,30261977.297269337
2874,-56.25,0.26754150390625,16174608.467993077
2875,-56.25,0.276171875,16272607.386486143
2876,-52.5,0.26754150390625,30549023.965266913
2877,-52.5,0.276171875,30836070.633264497
2878,-56.25,0.28480224609375,16370606.304979209
2879,-56.25,0.2934326171875,16468605.223472279
2880,-52.5,0.28480224609375,31123117.301262073
2881,-52.5,0.2934326171875,31410163.96925965
2882,-56.25,0.30206298828125,16450139.0584922
2883,-56.25,0.310693359375,16060914.22541418
2884,-52.5,0.30206298828125,31577222.94507588
2885,-52.5,0.310693359375,31362309.267675728
2886,-56.25,0.3279541015625,15282464.559258139
2887,-52.5,0.3279541015625,30932481.912875433
2888,-56.25,0.34521484375,14504014.893102096
2889,-52.5,0.34521484375,30502654.558075137
2890,-56.25,0.379736328125,12947115.560790012
2891,-52.5,0.379736328125,29642999.848474547
2892,-56.25,0.4142578125,11390216.228477933
2893,-52.5,0.4142578125,28783345.138873957
2894,-56.25,0.48330078125,8276417.5638537705
2895,-52.5,0.48330078125,27064035.719672777
2896,-56.25,0.55234375,9677923.38943182
2897,-52.5,0.55234375,26190028.542686887
2898,-56.25,0.6904296875,15361968.875754256
2899,-52.5,0.6904296875,24981367.485053975
2900,-56.25,0.8285156250000001,11204901.485930737
2901,-52.5,0.8285156250000001,27593644.249912217
2902,-56.25,1.1046875,19082614.769355476
2903,-52.5,1.1046875,46367424.8681599
2904,-56.25,1.380859375,22429689.67861568
2905,-56.25,1.65703125,20138057.502314884
2906,-52.5,1.380859375,41852824.4651458
2907,-52.5,1.65703125,39720471.74212993
2908,-56.25,1.933203125,17899590.463846393
2909,-56.25,2.209375,24229748.46424743
2910,-52.5,1.933203125,33305729.896180395
2911,-52.5,2.209375,46676588.63548075
2912,-56.25,2.485546875,19937706.811961748
2913,-56.25,2.76171875,12453146.03324493
2914,-52.5,2.485546875,55533617.41122725
2915,-52.5,2.76171875,44106709.80328126
2916,-56.25,3.037890625,6036364.355307868
2917,-56.25,3.3140625,11641293.530103823
2918,-52.5,3.037890625,32670773.94815325
2919,-52.5,3.3140625,31590754.67423612
2920,-56.25,3.590234375000001,3975009.270560119
2921,-56.25,3.86640625,10620180.041248012
2922,-52.5,3.590234375000001,27803554.528561775
2923,-52.5,3.86640625,37044348.974158734
2924,-56.25,4.142578125,10328474.17265359
2925,-56.25,4.41875,10253930.481882945
2926,-52.5,4.142578125,25811407.194785938
2927,-52.5,4.41875,24657118.06694725
2928,-56.25,4.694921875,15208862.896055926
2929,-56.25,4.97109375,25176542.90993228
2930,-52.5,4.694921875,30975015.91671747
2931,-52.5,4.97109375,42034437.32724291
2932,-56.25,5.247265625,25563080.62617176
2933,-56.25,5.5234375,2595188.3342173784
2934,-52.5,5.247265625,40536894.07273151
2935,-52.5,5.5234375,27339214.984695952
2936,-56.25,5.799609375,2215672.9568879046
2937,-56.25,6.07578125,3061000.8396024285
2938,-52.5,5.799609375,20922666.21547897
2939,-52.5,6.07578125,18745231.571267746
2940,-56.25,6.351953125000001,19327275.805343978
2941,-56.25,6.628125000000001,11150081.960483106
2942,-52.5,6.351953125000001,51115757.21238801
2943,-52.5,6.628125000000001,31941313.20004089
2944,-56.25,6.904296875000001,10904323.824153474
2945,-56.25,7.180468750000001,8906642.055367557
2946,-52.5,6.904296875000001,35184967.39780249
2947,-52.5,7.180468750000001,39761069.41528912
2948,-56.25,7.456640625,33525390.515551496
2949,-56.25,7.732812500000001,20430720.25960987
2950,-52.5,7.456640625,60084937.06221615
2951,-52.5,7.732812500000001,45846835.712661244
2952,-56.25,8.008984375,15310574.09700884
2953,-56.25,8.28515625,5062080.356611654
2954,-52.5,8.008984375,53393124.46036166
2955,-52.5,8.28515625,41829183.40928625
2956,-56.25,8.561328125,11082522.761956614
2957,-56.25,8.8375,5905709.954439651
2958,-52.5,8.561328125,32750564.034918204
2959,-52.5,8.8375,43463603.2901863
2960,-48.75,0.0172607421875,0.0
2961,-48.75,-0.0,0.0
2962,-48.75,0.034521484375,0.0
2963,-45.0,0.0172607421875,0.0
2964,-45.0,-0.0,0.0
2965,-45.0,0.034521484375,0.0
2966,-48.75,0.05178222656250001,0.0
2967,-48.75,0.06904296875,0.0
2968,-45.0,0.05178222656250001,0.0
2969,-45.0,0.06904296875,0.0
2970,-48.75,0.0863037109375,0.0
2971,-45.0,0.0863037109375,0.0
2972,-48.75,0.09493408203125,0.0
2973,-48.75,0.103564453125,38201907.72621121
2974,-45.0,0.09493408203125,0.0
2975,-45.0,0.103564453125,51308678.179109514
2976,-48.75,0.11219482421875,38751526.25021704
2977,-48.75,0.1208251953125,39301144.77422287
2978,-45.0,0.11219482421875,52120868.5591236
2979,-45.0,0.1208251953125,52933058.93913768
2980,-48.75,0.12945556640625,39850763.29822871
2981,-48.75,0.1380859375,40400381.82223454
2982,-45.0,0.12945556640625,53745249.31915177
2983,-45.0,0.1380859375,54557439.69916585
2984,-48.75,0.14671630859375,40950000.34624038
2985,-48.75,0.1553466796875,41499618.87024621
2986,-45.0,0.14671630859375,55369630.079179935
2987,-45.0,0.1553466796875,56181820.45919402
2988,-48.75,0.16397705078125,42049237.39425203
2989,-48.75,0.172607421875,42598855.91825787
2990,-45.0,0.16397705078125,56994010.839208096
2991,-45.0,0.172607421875,57806201.21922219
2992,-48.75,0.18123779296875,43148474.44226371
2993,-48.75,0.1898681640625,43698092.96626954
2994,-45.0,0.18123779296875,58618391.59923628
2995,-45.0,0.1898681640625,59430581.97925036
2996,-48.75,0.19849853515625,44247711.49027535
2997,-48.75,0.2,44343331.12033579
2998,-48.75,0.20712890625,44797330.01428119
2999,-45.0,0.19849853515625,60242772.35926443
3000,-45.0,0.2,60384072.807272546
3001,-45.0,0.20712890625,61054962.73927852
3002,-48.75,0.21575927734375,45346948.53828702
3003,-48.75,0.2243896484375,45896567.06229286
3004,-45.0,0.21575927734375,61867153.1192926
3005,-45.0,0.2243896484375,62679343.499306686
3006,-48.75,0.23302001953125,46446185.58629869
3007,-48.75,0.241650390625,46995804.11030452
3008,-45.0,0.23302001953125,63491533.87932078
3009,-45.0,0.241650390625,64303724.259334855
3010,-48.75,0.25028076171875,47545422.63431035
3011,-48.75,0.2589111328125,48095041.15831618
3012,-45.0,0.25028076171875,65115914.63934894
3013,-45.0,0.2589111328125,65928105.01936302
3014,-48.75,0.26754150390625,48644659.68232201
3015,-48.75,0.276171875,49194278.20632785
3016,-45.0,0.26754150390625,66740295.39937711
3017,-45.0,0.276171875,67552485.7793912
3018,-48.75,0.28480224609375,49743896.73033368
3019,-48.75,0.2934326171875,50293515.25433951
3020,-45.0,0.28480224609375,68364676.15940528
3021,-45.0,0.2934326171875,69176866.53941935
3022,-48.75,0.30206298828125,50742818.97670307
3023,-48.75,0.310693359375,50872777.35419358
3024,-45.0,0.30206298828125,69908415.00833026
3025,-45.0,0.310693359375,70383245.44071144
3026,-48.75,0.3279541015625,51132694.10917464
3027,-45.0,0.3279541015625,71332906.30547383
3028,-48.75,0.34521484375,51392610.86415568
3029,-45.0,0.34521484375,72282567.17023623
3030,-48.75,0.379736328125,51912444.37411777
3031,-45.0,0.379736328125,74181888.89976099
3032,-48.75,0.4142578125,52432277.884079866
3033,-45.0,0.4142578125,76081210.62928578
3034,-48.75,0.48330078125,53471944.904004045
3035,-45.0,0.48330078125,79879854.08833532
3036,-48.75,0.55234375,48884345.546262674
3037,-45.0,0.55234375,71578662.54983845
3038,-48.75,0.6904296875,36118614.92562764
3039,-45.0,0.6904296875,47255862.36620131
3040,-48.75,0.8285156250000001,49775708.077470705
3041,-45.0,0.8285156250000001,71957771.90502921
3042,-48.75,1.1046875,83205508.28007609
3043,-45.0,1.1046875,120043591.69199224
3044,-48.75,1.380859375,66181164.570951894
3045,-48.75,1.65703125,64778795.06564216
3046,-45.0,1.380859375,90509504.67675799
3047,-45.0,1.65703125,89837118.3891544
3048,-48.75,1.933203125,52579312.51671432
3049,-48.75,2.209375,75154759.93570629
3050,-45.0,1.933203125,71852895.13724823
3051,-45.0,2.209375,103632931.23593181
3052,-48.75,2.485546875,104655117.56470512
3053,-48.75,2.76171875,88918524.16549756
3054,-45.0,2.485546875,153776617.71818298
3055,-45.0,2.76171875,133730338.52771387
3056,-48.75,3.037890625,71328881.68985535
3057,-48.75,3.3140625,59020383.491126604
3058,-45.0,3.037890625,109986989.43155745
3059,-45.0,3.3140625,86450012.30801708
3060,-48.75,3.590234375000001,62694584.71472994
3061,-48.75,3.86640625,74404849.50754309
3062,-45.0,3.590234375000001,97585614.90089811
3063,-45.0,3.86640625,111765350.04092745
3064,-48.75,4.142578125,47621635.375022486
3065,-48.75,4.41875,49119741.74645418
3066,-45.0,4.142578125,69431863.55525902
3067,-45.0,4.41875,73582365.42596109
3068,-48.75,4.694921875,53533761.0509869
3069,-48.75,4.97109375,62770500.15563746
3070,-45.0,4.694921875,76092506.18525633
3071,-45.0,4.97109375,83506562.984032
3072,-48.75,5.247265625,58046923.53388365
3073,-48.75,5.5234375,64623773.08605929
3074,-45.0,5.247265625,75556952.99503581
3075,-45.0,5.5234375,101908331.18742262
3076,-48.75,5.799609375,49091786.75531642
3077,-48.75,6.07578125,42950611.041739576
3078,-45.0,5.799609375,77260907.29515387
3079,-45.0,6.07578125,67155990.5122114
3080,-48.75,6.351953125000001,97505233.12163603
3081,-48.75,6.628125000000001,61315945.58720424
3082,-45.0,6.351953125000001,143894709.0308841
3083,-45.0,6.628125000000001,90690577.97436759
3084,-48.75,6.904296875000001,69468185.84503454
3085,-48.75,7.180468750000001,84472459.9699071
3086,-45.0,6.904296875000001,103751404.29226658
3087,-45.0,7.180468750000001,129183850.52452508
3088,-48.75,7.456640625,93048274.44824685
3089,-48.75,7.732812500000001,79893082.39475596
3090,-45.0,7.456640625,126011611.83427756
3091,-45.0,7.732812500000001,113939329.07685067
3092,-48.75,8.008984375,107332474.28515409
3093,-48.75,8.28515625,96064088.38699272
3094,-45.0,8.008984375,161271824.10994652
3095,-45.0,8.28515625,150298993.3646992
3096,-48.75,8.561328125,63175608.00114044
3097,-48.75,8.8375,99134547.17355897
3098,-45.0,8.561328125,93600651.96736267
3099,-45.0,8.8375,154805491.05693164
3100,-56.25,9.113671875000001,24203100.914848696
3101,-56.25,9.38984375,14132449.124693673
3102,-52.5,9.113671875000001,50971965.10858837
3103,-52.5,9.38984375,36213642.92447273
3104,-56.25,9.666015625,52936998.060953826
3105,-56.25,9.9421875,53048620.406765975
3106,-52.5,9.666015625,79048078.55823569
3107,-52.5,9.9421875,82288028.87034054
3108,-56.25,10.218359375,54218723.438173674
3109,-56.25,10.49453125,57926722.16243601
3110,-52.5,10.218359375,74312647.15063542
3111,-52.5,10.49453125,110367023.35460967
3112,-56.25,10.770703125,52043702.83453579
3113,-56.25,11.046875,38089011.0602466
3114,-52.5,10.770703125,79913658.33838387
3115,-52.5,11.046875,65511962.00475447
3116,-56.25,11.323046875,15839917.342449348
3117,-56.25,11.59921875,28442194.39303827
3118,-52.5,11.323046875,64279693.9190124
3119,-52.5,11.59921875,81302462.59073134
3120,-56.25,11.875390625,19669014.776455298
3121,-56.25,12.1515625,28112963.754177045
3122,-52.5,11.875390625,60851526.58080749
3123,-52.5,12.1515625,75325464.2706682
3124,-56.25,12.427734375,32651931.59872684
3125,-56.25,12.70390625,48866853.18339088
3126,-52.5,12.427734375,61556418.558368266
3127,-52.5,12.70390625,61761004.70013469
3128,-56.25,12.980078125,17624185.066191982
3129,-56.25,13.25625,21163966.652046505
3130,-52.5,12.980078125,33688206.14997687
3131,-52.5,13.25625,38241957.32863566
3132,-56.25,13.532421875,92091288.4924232
3133,-56.25,13.80859375,25276884.202077135
3134,-52.5,13.532421875,99096753.38335821
3135,-52.5,13.80859375,69451296.65626363
3136,-56.25,14.084765625,14983197.84165703
3137,-56.25,14.3609375,33497221.559281126
3138,-52.5,14.084765625,86343543.9143024
3139,-52.5,14.3609375,63110252.14549215
3140,-56.25,14.637109375,22736192.219902717
3141,-56.25,14.91328125,37011927.32243382
3142,-52.5,14.637109375,74106008.29586801
3143,-52.5,14.91328125,77863135.54240635
3144,-56.25,15.189453125,40755498.4784606
3145,-56.25,15.465625,53316014.22650948
3146,-52.5,15.189453125,73948724.0048621
3147,-52.5,15.465625,80242566.06346756
3148,-56.25,15.741796875,30086420.50174135
3149,-56.25,16.01796875,24184769.071905084
3150,-52.5,15.741796875,48012475.63516134
3151,-52.5,16.01796875,58321919.00210032
3152,-56.25,16.294140625,20439276.636904947
3153,-56.25,16.5703125,31078726.812379535
3154,-52.5,16.294140625,65979182.150530525
3155,-52.5,16.5703125,50701576.423295245
3156,-56.25,16.846484375,31128395.37788847
3157,-56.25,17.12265625,37881488.551936805
3158,-52.5,16.846484375,58718297.956242025
3159,-52.5,17.12265625,50663161.007961765
3160,-56.25,17.398828125,41499188.600688405
3161,-56.25,17.675,53711619.23346027
3162,-52.5,17.398828125,51894570.463815406
3163,-52.5,17.675,57568525.4009612
3164,-48.75,9.113671875000001,86067454.68775578
3165,-48.75,9.38984375,67148633.22275978
3166,-45.0,9.113671875000001,121162944.26692316
3167,-45.0,9.38984375,98083623.52104685
3168,-48.75,9.666015625,108484849.76080224
3169,-48.75,9.9421875,117251323.6493853
3170,-45.0,9.666015625,137921620.9633688
3171,-45.0,9.9421875,152214618.42843005
3172,-48.75,10.218359375,95355788.69041485
3173,-48.75,10.49453125,178836925.34934264
3174,-45.0,10.218359375,116398930.23019427
3175,-45.0,10.49453125,247306827.34407568
3176,-48.75,10.770703125,115346026.23809761
3177,-48.75,11.046875,100260768.93490277
3178,-45.0,10.770703125,150778394.13781136
3179,-45.0,11.046875,135009575.86505106
3180,-48.75,11.323046875,134004527.83469725
3181,-48.75,11.59921875,155063961.52261204
3182,-45.0,11.323046875,203729361.75038207
3183,-45.0,11.59921875,228825460.4544928
3184,-48.75,11.875390625,124305828.60701677
3185,-48.75,12.1515625,143401242.38626158
3186,-45.0,11.875390625,187760130.63322607
3187,-45.0,12.1515625,211477020.50185496
3188,-48.75,12.427734375,99605483.157055
3189,-48.75,12.70390625,71585824.28652173
3190,-45.0,12.427734375,137654547.75574178
3191,-45.0,12.70390625,81410643.8729088
3192,-48.75,12.980078125,56232012.8172913
3193,-48.75,13.25625,62808340.19264431
3194,-45.0,12.980078125,78775819.48460571
3195,-45.0,13.25625,87374723.05665296
3196,-48.75,13.532421875,99191478.32162996
3197,-48.75,13.80859375,136572185.1206454
3198,-45.0,13.532421875,99286203.25990169
3199,-45.0,13.80859375,203693073.58502716
3200,-48.75,14.084765625,195758726.4507467
3201,-48.75,14.3609375,103833274.55176428
3202,-45.0,14.084765625,305173908.98719096
3203,-45.0,14.3609375,144556296.95803642
3204,-48.75,14.637109375,150168141.29813826
3205,-48.75,14.91328125,134213822.85184528
3206,-45.0,14.637109375,226230274.30040848
3207,-45.0,14.91328125,190564510.16128418
3208,-48.75,15.189453125,120057019.38666818
3209,-48.75,15.465625,117347359.4257262
3210,-45.0,15.189453125,166165314.76847428
3211,-45.0,15.465625,154452152.78798485
3212,-48.75,15.741796875,71336536.18261458
3213,-48.75,16.01796875,115431737.11478183
3214,-45.0,15.741796875,94660596.73006785
3215,-45.0,16.01796875,172541555.22746333
3216,-48.75,16.294140625,132261555.48925754
3217,-48.75,16.5703125,76294857.58028722
3218,-45.0,16.294140625,198543928.8279846
3219,-45.0,16.5703125,101888138.73727924
3220,-48.75,16.846484375,96784670.7757449
3221,-48.75,17.12265625,64977267.683794975
3222,-45.0,16.846484375,134851043.59524778
3223,-45.0,17.12265625,79291374.35962817
3224,-48.75,17.398828125,62408202.14797633
3225,-48.75,17.675,57277475.88679643
3226,-45.0,17.398828125,72921833.83213724
3227,-45.0,17.675,56986426.37263166
3228,-41.25,0.0172607421875,0.0
3229,-41.25,-0.0,0.0
3230,-41.25,0.034521484375,0.0
3231,-37.5,0.0172607421875,0.0
3232,-37.5,-0.0,0.0
3233,-37.5,0.034521484375,0.0
3234,-41.25,0.05178222656250001,0.0
3235,-41.25,0.06904296875,0.0
3236,-37.5,0.05178222656250001,0.0
3237,-37.5,0.06904296875,0.0
3238,-41.25,0.0863037109375,0.0
3239,-37.5,0.0863037109375,0.0
3240,-41.25,0.09493408203125,0.0
3241,-41.25,0.103564453125,82727769.15516777
3242,-37.5,0.09493408203125,0.0
3243,-37.5,0.103564453125,114146860.13122605
3244,-41.25,0.11219482421875,84873125.97495273
3245,-41.25,0.1208251953125,87018482.79473764
3246,-37.5,0.11219482421875,117625383.39078183
3247,-37.5,0.1208251953125,121103906.6503376
3248,-41.25,0.12945556640625,89163839.61452256
3249,-41.25,0.1380859375,91309196.4343075
3250,-37.5,0.12945556640625,124582429.90989336
3251,-37.5,0.1380859375,128060953.16944915
3252,-41.25,0.14671630859375,93454553.25409244
3253,-41.25,0.1553466796875,95599910.07387735
3254,-37.5,0.14671630859375,131539476.42900494
3255,-37.5,0.1553466796875,135017999.6885607
3256,-41.25,0.16397705078125,97745266.89366229
3257,-41.25,0.172607421875,99890623.71344723
3258,-37.5,0.16397705078125,138496522.94811648
3259,-37.5,0.172607421875,141975046.20767227
3260,-41.25,0.18123779296875,102035980.53323217
3261,-41.25,0.1898681640625,104181337.35301709
3262,-37.5,0.18123779296875,145453569.46722806
3263,-37.5,0.1898681640625,148932092.7267838
3264,-41.25,0.19849853515625,106326694.172802
3265,-41.25,0.2,106699931.63932754
3266,-41.25,0.20712890625,108472050.99258694
3267,-37.5,0.19849853515625,152410615.98633957
3268,-37.5,0.2,153015790.47138253
3269,-37.5,0.20712890625,155889139.24589536
3270,-41.25,0.21575927734375,110617407.81237188
3271,-41.25,0.2243896484375,112762764.6321568
3272,-37.5,0.21575927734375,159367662.50545114
3273,-37.5,0.2243896484375,162846185.7650069
3274,-41.25,0.23302001953125,114908121.45194173
3275,-41.25,0.241650390625,117053478.27172667
3276,-37.5,0.23302001953125,166324709.0245627
3277,-37.5,0.241650390625,169803232.28411847
3278,-41.25,0.25028076171875,119198835.09151159
3279,-41.25,0.2589111328125,121344191.91129652
3280,-37.5,0.25028076171875,173281755.54367426
3281,-37.5,0.2589111328125,176760278.80323002
3282,-41.25,0.26754150390625,123489548.73108144
3283,-41.25,0.276171875,125634905.5508664
3284,-37.5,0.26754150390625,180238802.06278577
3285,-37.5,0.276171875,183717325.32234156
3286,-41.25,0.28480224609375,127780262.3706513
3287,-41.25,0.2934326171875,129925619.19043626
3288,-37.5,0.28480224609375,187195848.58189735
3289,-37.5,0.2934326171875,190674371.84145314
3290,-41.25,0.30206298828125,131600211.11663893
3291,-41.25,0.310693359375,131776155.03842002
3292,-37.5,0.30206298828125,193292007.2249476
3293,-37.5,0.310693359375,193169064.6361286
3294,-41.25,0.3279541015625,132128042.88198224
3295,-37.5,0.3279541015625,192923179.4584906
3296,-41.25,0.34521484375,132479930.72554442
3297,-37.5,0.34521484375,192677294.28085262
3298,-41.25,0.379736328125,133183706.41266881
3299,-37.5,0.379736328125,192185523.92557663
3300,-41.25,0.4142578125,133887482.0997932
3301,-37.5,0.4142578125,191693753.57030064
3302,-41.25,0.48330078125,135295033.47404197
3303,-37.5,0.48330078125,190710212.85974863
3304,-41.25,0.55234375,128315700.55178204
3305,-37.5,0.55234375,185052738.5537256
3306,-41.25,0.6904296875,109005701.81657939
3307,-37.5,0.6904296875,170755541.26695746
3308,-41.25,0.8285156250000001,123670877.80734399
3309,-37.5,0.8285156250000001,175383983.7096588
3310,-41.25,1.1046875,137026146.4970624
3311,-37.5,1.1046875,154008701.30213264
3312,-41.25,1.380859375,165834914.2599701
3313,-41.25,1.65703125,160983904.1360972
3314,-37.5,1.380859375,241160323.84318218
3315,-37.5,1.65703125,232130689.88303995
3316,-41.25,1.933203125,195169415.25174662
3317,-41.25,2.209375,141069079.5409042
3318,-37.5,1.933203125,318485935.36624503
3319,-37.5,2.209375,178505227.84587657
3320,-41.25,2.485546875,178826798.8666407
3321,-41.25,2.76171875,165033274.8473373
3322,-37.5,2.485546875,203876980.0150984
3323,-37.5,2.76171875,196336211.16696075
3324,-41.25,3.037890625,138735997.15451193
3325,-41.25,3.3140625,124142078.68435661
3326,-37.5,3.037890625,167485004.87746644
3327,-37.5,3.3140625,161834145.06069613
3328,-41.25,3.590234375000001,133886630.47155625
3329,-41.25,3.86640625,133590602.15246022
3330,-37.5,3.590234375000001,170187646.0422144
3331,-37.5,3.86640625,155415854.263993
3332,-41.25,4.142578125,118032405.1044866
3333,-41.25,4.41875,168012394.02225333
3334,-37.5,4.142578125,166632946.65371415
3335,-37.5,4.41875,262442422.61854562
3336,-41.25,4.694921875,166327507.3875637
3337,-41.25,4.97109375,171168974.68843615
3338,-37.5,4.694921875,256562508.58987105
3339,-37.5,4.97109375,258831386.39284033
3340,-41.25,5.247265625,157200915.3296396
3341,-41.25,5.5234375,161839520.04586557
3342,-37.5,5.247265625,238844877.6642434
3343,-37.5,5.5234375,221770708.90430853
3344,-41.25,5.799609375,145948327.97008175
3345,-41.25,6.07578125,161228168.43024266
3346,-37.5,5.799609375,214635748.64500958
3347,-37.5,6.07578125,255300346.34827387
3348,-41.25,6.351953125000001,210936434.21513218
3349,-41.25,6.628125000000001,174959273.96488574
3350,-37.5,6.351953125000001,277978159.3993803
3351,-37.5,6.628125000000001,259227969.95540386
3352,-41.25,6.904296875000001,204152345.35557225
3353,-41.25,7.180468750000001,238981413.15690908
3354,-37.5,6.904296875000001,304553286.41887796
3355,-37.5,7.180468750000001,348778975.78929305
3356,-41.25,7.456640625,247237427.65486366
3357,-41.25,7.732812500000001,243678294.18900427
3358,-37.5,7.456640625,368463243.47544974
3359,-37.5,7.732812500000001,373417259.3011579
3360,-41.25,8.008984375,293570332.4749379
3361,-41.25,8.28515625,275671186.86684805
3362,-37.5,8.008984375,425868840.83992934
3363,-37.5,8.28515625,401043380.3689969
3364,-41.25,8.561328125,232847325.43020606
3365,-41.25,8.8375,289926606.35277295
3366,-37.5,8.561328125,372093998.8930495
3367,-37.5,8.8375,425047721.6486143
3368,-33.75,0.0172607421875,0.0
3369,-33.75,-0.0,0.0
3370,-33.75,0.034521484375,0.0
3371,-30.0,0.0172607421875,0.0
3372,-30.0,-0.0,0.0
3373,-30.0,0.034521484375,0.0
3374,-33.75,0.05178222656250001,0.0
3375,-33.75,0.06904296875,0.0
3376,-30.0,0.05178222656250001,0.0
3377,-30.0,0.06904296875,0.0
3378,-33.75,0.0863037109375,0.0
3379,-30.0,0.0863037109375,0.0
3380,-33.75,0.09493408203125,0.0
3381,-33.75,0.103564453125,185264107.43383384
3382,-30.0,0.09493408203125,0.0
3383,-30.0,0.103564453125,335777667.3895407
3384,-33.75,0.11219482421875,189699184.69104177
3385,-33.75,0.1208251953125,194134261.94824967
3386,-30.0,0.11219482421875,340416073.76016337
3387,-30.0,0.1208251953125,345054480.13078594
3388,-33.75,0.12945556640625,198569339.2054576
3389,-33.75,0.1380859375,203004416.46266553
3390,-30.0,0.12945556640625,349692886.5014086
3391,-30.0,0.1380859375,354331292.87203133
3392,-33.75,0.14671630859375,207439493.7198735
3393,-33.75,0.1553466796875,211874570.97708136
3394,-30.0,0.14671630859375,358969699.24265397
3395,-30.0,0.1553466796875,363608105.6132766
3396,-33.75,0.16397705078125,216309648.23428926
3397,-33.75,0.172607421875,220744725.49149722
3398,-30.0,0.16397705078125,368246511.9838993
3399,-30.0,0.172607421875,372884918.35452193
3400,-33.75,0.18123779296875,225179802.74870515
3401,-33.75,0.1898681640625,229614880.00591305
3402,-30.0,0.18123779296875,377523324.7251446
3403,-30.0,0.1898681640625,382161731.0957673
3404,-33.75,0.19849853515625,234049957.26312095
3405,-33.75,0.2,234821547.79018825
3406,-33.75,0.20712890625,238485034.52032888
3407,-30.0,0.19849853515625,386800137.4663899
3408,-30.0,0.2,387607102.08249545
3409,-30.0,0.20712890625,391438543.83701265
3410,-33.75,0.21575927734375,242920111.77753678
3411,-33.75,0.2243896484375,247355189.03474474
3412,-30.0,0.21575927734375,396076950.2076353
3413,-30.0,0.2243896484375,400715356.5782579
3414,-33.75,0.23302001953125,251790266.29195267
3415,-33.75,0.241650390625,256225343.54916057
3416,-30.0,0.23302001953125,405353762.94888055
3417,-30.0,0.241650390625,409992169.3195033
3418,-33.75,0.25028076171875,260660420.80636847
3419,-33.75,0.2589111328125,265095498.0635764
3420,-30.0,0.25028076171875,414630575.69012594
3421,-30.0,0.2589111328125,419268982.0607486
3422,-33.75,0.26754150390625,269530575.32078433
3423,-33.75,0.276171875,273965652.57799226
3424,-30.0,0.26754150390625,423907388.4313712
3425,-30.0,0.276171875,428545794.80199385
3426,-33.75,0.28480224609375,278400729.83520013
3427,-33.75,0.2934326171875,282835807.0924081
3428,-30.0,0.28480224609375,433184201.17261654
3429,-30.0,0.2934326171875,437822607.54323924
3430,-33.75,0.30206298828125,286148376.1154126
3431,-33.75,0.310693359375,285887516.5585269
3432,-30.0,0.30206298828125,441333890.5701902
3433,-30.0,0.310693359375,441257053.1303047
3434,-33.75,0.3279541015625,285365797.44475555
3435,-30.0,0.3279541015625,441103378.2505337
3436,-33.75,0.34521484375,284844078.3309843
3437,-30.0,0.34521484375,440949703.3707627
3438,-33.75,0.379736328125,283800640.1034415
3439,-30.0,0.379736328125,440642353.61122066
3440,-33.75,0.4142578125,282757201.87589884
3441,-30.0,0.4142578125,440335003.85167867
3442,-33.75,0.48330078125,280670325.42081344
3443,-30.0,0.48330078125,439720304.33259463
3444,-33.75,0.55234375,283217005.1182927
3445,-30.0,0.55234375,464235728.8081068
3446,-33.75,0.6904296875,291266849.96880555
3447,-30.0,0.6904296875,529301097.17359364
3448,-33.75,0.8285156250000001,289010775.0517224
3449,-30.0,0.8285156250000001,526464937.27328366
3450,-33.75,1.1046875,271964988.90660924
3451,-30.0,1.1046875,591868742.1098986
3452,-33.75,1.380859375,362352705.5207463
3453,-33.75,1.65703125,360216602.26938164
3454,-30.0,1.380859375,575279031.3870143
3455,-30.0,1.65703125,602180767.9345212
3456,-33.75,1.933203125,466506728.0424561
3457,-33.75,2.209375,311419694.04780895
3458,-30.0,1.933203125,663936065.8420925
3459,-30.0,2.209375,635290796.0436611
3460,-33.75,2.485546875,323409222.31033623
3461,-33.75,2.76171875,323213276.1090344
3462,-30.0,2.485546875,631905586.8991344
3463,-30.0,2.76171875,641238598.2960085
3464,-33.75,3.037890625,311822237.8986291
3465,-33.75,3.3140625,294399918.7538463
3466,-30.0,3.037890625,687335921.5162082
3467,-30.0,3.3140625,616713107.0806179
3468,-33.75,3.590234375000001,318782115.60046536
3469,-33.75,3.86640625,308792345.88036466
3470,-30.0,3.590234375000001,691963493.1339021
3471,-30.0,3.86640625,725271316.5064139
3472,-33.75,4.142578125,316368536.46778464
3473,-33.75,4.41875,470459442.9689086
3474,-30.0,4.142578125,668374222.811541
3475,-30.0,4.41875,905650446.8274131
3476,-33.75,4.694921875,428615698.7021867
3477,-33.75,4.97109375,444568734.37778044
3478,-30.0,4.694921875,764305266.6345189
3479,-30.0,4.97109375,826455954.9237922
3480,-33.75,5.247265625,414412145.14953786
3481,-33.75,5.5234375,418965628.51801574
3482,-30.0,5.247265625,777826022.9362139
3483,-30.0,5.5234375,890688009.6422515
3484,-33.75,5.799609375,412381621.5470722
3485,-33.75,6.07578125,462215981.95810294
3486,-30.0,5.799609375,868244398.903404
3487,-30.0,6.07578125,894818532.9515276
3488,-33.75,6.351953125000001,479058032.25932574
3489,-33.75,6.628125000000001,486640046.81224835
3490,-30.0,6.351953125000001,948214200.4706662
3491,-30.0,6.628125000000001,1000338885.4017454
3492,-33.75,6.904296875000001,484553441.7390609
3493,-33.75,7.180468750000001,565988550.9661467
3494,-30.0,6.904296875000001,823752025.5729982
3495,-30.0,7.180468750000001,998022151.2319396
3496,-33.75,7.456640625,573725254.4207417
3497,-33.75,7.732812500000001,594526511.1231167
3498,-30.0,7.456640625,947059655.6154453
3499,-30.0,7.732812500000001,998376336.3646863
3500,-33.75,8.008984375,650195090.3356166
3501,-33.75,8.28515625,610591150.3445591
3502,-30.0,8.008984375,1058576822.0926948
3503,-30.0,8.28515625,988490073.2669477
3504,-33.75,8.561328125,594726119.8593616
3505,-33.75,8.8375,629275566.8167443
3506,-30.0,8.561328125,984129135.8326108
3507,-30.0,8.8375,971716871.7294519
3508,-41.25,9.113671875000001,261276550.51808926
3509,-41.25,9.38984375,223487989.92985478
3510,-37.5,9.113671875000001,401390156.7692554
3511,-37.5,9.38984375,348892356.33866274
3512,-41.25,9.666015625,245478213.76099545
3513,-41.25,9.9421875,263047826.6013626
3514,-37.5,9.666015625,353034806.5586221
3515,-37.5,9.9421875,373881034.7742951
3516,-41.25,10.218359375,290506492.4016317
3517,-41.25,10.49453125,348030925.4766953
3518,-37.5,10.218359375,464614054.57306916
3519,-37.5,10.49453125,448755023.6093149
3520,-41.25,10.770703125,296528555.8729912
3521,-41.25,11.046875,312717708.88482445
3522,-37.5,10.770703125,442278717.6081711
3523,-37.5,11.046875,490425841.9045979
3524,-41.25,11.323046875,389965709.5720591
3525,-41.25,11.59921875,326729783.5716058
3526,-37.5,11.323046875,576202057.3937361
3527,-37.5,11.59921875,424634106.6887187
3528,-41.25,11.875390625,362714818.5945803
3529,-41.25,12.1515625,395824725.5350988
3530,-37.5,11.875390625,537669506.5559345
3531,-37.5,12.1515625,580172430.5683427
3532,-41.25,12.427734375,335789500.5950172
3533,-41.25,12.70390625,239554471.86078316
3534,-37.5,12.427734375,533924453.4342927
3535,-37.5,12.70390625,397698299.84865755
3536,-41.25,12.980078125,229537817.74672377
3537,-41.25,13.25625,208113637.5077616
3538,-37.5,12.980078125,380299816.0088419
3539,-37.5,13.25625,328852551.9588703
3540,-41.25,13.532421875,235852826.89826262
3541,-41.25,13.80859375,314732311.13667977
3542,-37.5,13.532421875,372419450.5366236
3543,-37.5,13.80859375,425771548.68833244
3544,-41.25,14.084765625,383195548.6178683
3545,-41.25,14.3609375,307444422.6926788
3546,-37.5,14.084765625,461217188.2485457
3547,-37.5,14.3609375,470332548.42732126
3548,-41.25,14.637109375,303778908.4232597
3549,-41.25,14.91328125,315068542.6169406
3550,-37.5,14.637109375,381327542.54611087
3551,-37.5,14.91328125,439572575.072597
3552,-41.25,15.189453125,338443512.28538454
3553,-41.25,15.465625,330229127.2232307
3554,-37.5,15.189453125,510721709.8022948
3555,-37.5,15.465625,506006101.6584766
3556,-41.25,15.741796875,314477201.35327977
3557,-41.25,16.01796875,306594936.94108576
3558,-37.5,15.741796875,534293805.9764917
3559,-37.5,16.01796875,440648318.65470815
3560,-41.25,16.294140625,304136256.9951787
3561,-41.25,16.5703125,310396917.5686511
3562,-37.5,16.294140625,409728585.16237277
3563,-37.5,16.5703125,518905696.40002286
3564,-41.25,16.846484375,368579712.96199965
3565,-41.25,17.12265625,286159009.8095974
3566,-37.5,16.846484375,602308382.3287516
3567,-37.5,17.12265625,493026645.2595666
3568,-41.25,17.398828125,259581381.58287734
3569,-41.25,17.675,273732808.43331003
3570,-37.5,17.398828125,446240929.33361745
3571,-37.5,17.675,490479190.4939884
3572,-33.75,9.113671875000001,599597808.2853922
3573,-33.75,9.38984375,553710605.6999716
3574,-30.0,9.113671875000001,913993550.3314705
3575,-30.0,9.38984375,917356620.966282
3576,-33.75,9.666015625,547170149.7752403
3577,-33.75,9.9421875,576030556.319617
3578,-30.0,9.666015625,914462993.8298416
3579,-30.0,9.9421875,960812704.6097178
3580,-33.75,10.218359375,716351725.1399571
3581,-33.75,10.49453125,675204469.7116201
3582,-30.0,10.218359375,1123349612.497746
3583,-30.0,10.49453125,1153104611.7532969
3584,-33.75,10.770703125,707600823.8203042
3585,-33.75,11.046875,771216481.2963979
3586,-30.0,10.770703125,1212066818.9863439
3587,-30.0,11.046875,1258172133.432251
3588,-33.75,11.323046875,839361583.1648183
3589,-33.75,11.59921875,660276081.838916
3590,-30.0,11.323046875,1256367464.8347118
3591,-30.0,11.59921875,1171393361.055282
3592,-33.75,11.875390625,806061521.1815482
3593,-33.75,12.1515625,843988775.170547
3594,-30.0,11.875390625,1261328189.135681
3595,-30.0,12.1515625,1266742398.9106724
3596,-33.75,12.427734375,804872396.4995115
3597,-33.75,12.70390625,698252057.7885422
3598,-30.0,12.427734375,1221446320.0166168
3599,-30.0,12.70390625,1283625675.6324468
3600,-33.75,12.980078125,703096636.0102159
3601,-33.75,13.25625,626265521.5023727
3602,-30.0,12.980078125,1369963099.4901018
3603,-30.0,13.25625,1277026601.2306628
3604,-33.75,13.532421875,665777157.8045324
3605,-33.75,13.80859375,676750469.2562022
3606,-30.0,13.532421875,1272717032.331537
3607,-30.0,13.80859375,1207608755.8565063
3608,-33.75,14.084765625,692904421.4623938
3609,-33.75,14.3609375,768542051.4900327
3610,-30.0,14.084765625,1231922841.8425832
3611,-30.0,14.3609375,1337394309.208882
3612,-33.75,14.637109375,631709344.2586762
3613,-33.75,14.91328125,712011734.1825423
3614,-30.0,14.637109375,1227757481.1506698
3615,-30.0,14.91328125,1280321146.6010656
3616,-33.75,15.189453125,830145553.1143513
3617,-33.75,15.465625,820988441.5246537
3618,-30.0,15.189453125,1443860688.0167003
3619,-30.0,15.465625,1414381512.2526932
3620,-33.75,15.741796875,881977123.7575608
3621,-33.75,16.01796875,757839302.5377004
3622,-30.0,15.741796875,1485393867.8543446
3623,-30.0,16.01796875,1441305490.7594323
3624,-33.75,16.294140625,696450341.025625
3625,-33.75,16.5703125,823112376.669715
3626,-30.0,16.294140625,1345430952.280994
3627,-30.0,16.5703125,1318714859.8160477
3628,-33.75,16.846484375,908921872.560152
3629,-33.75,17.12265625,798561126.5613577
3630,-30.0,16.846484375,1361305004.5208492
3631,-30.0,17.12265625,1301429299.5667922
3632,-33.75,17.398828125,742190438.4840705
3633,-33.75,17.675,809235217.4655883
3634,-30.0,17.398828125,1256719870.4339497
3635,-30.0,17.675,1332010534.2590313
3636,-56.25,17.951171875,120547235.29473424
3637,-56.25,18.22734375,67489102.50212823
3638,-52.5,17.951171875,136672713.93368357
3639,-52.5,18.22734375,108405122.06008805
3640,-56.25,18.503515625,58101806.11562534
3641,-56.25,18.7796875,58680194.848633364
3642,-52.5,18.503515625,75020836.5240168
3643,-52.5,18.7796875,72265721.05842456
3644,-56.25,19.055859375,53712989.45161164
3645,-56.25,19.33203125,73613808.34898835
3646,-52.5,19.055859375,77698442.44526035
3647,-52.5,19.33203125,97796693.44171135
3648,-56.25,19.608203125,36938303.54280497
3649,-56.25,19.884375,28258066.34619382
3650,-52.5,19.608203125,51284220.92677672
3651,-52.5,19.884375,85403772.52380416
3652,-56.25,20.160546875,42813687.18067184
3653,-56.25,20.43671875,36154312.93047118
3654,-52.5,20.160546875,64857398.81944609
3655,-52.5,20.43671875,82593896.65966366
3656,-56.25,20.712890625,83940116.79526328
3657,-56.25,20.9890625,40139269.128426954
3658,-52.5,20.712890625,93245837.89204416
3659,-52.5,20.9890625,56713996.887732714
3660,-56.25,21.265234375,60278250.13063259
3661,-56.25,21.54140625,54000474.720027454
3662,-52.5,21.265234375,93977144.83159505
3663,-52.5,21.54140625,74086096.90978801
3664,-56.25,21.817578125,40312206.32276299
3665,-56.25,22.09375,32613401.781654347
3666,-52.5,21.817578125,74903380.37080212
3667,-52.5,22.09375,45034138.058156505
3668,-56.25,22.369921875,24704040.637182537
3669,-56.25,22.64609375,35350838.59717124
3670,-52.5,22.369921875,47450285.46108489
3671,-52.5,22.64609375,76198935.6717
3672,-56.25,22.922265625,44555520.1166456
3673,-56.25,23.1984375,60497676.4777801
3674,-52.5,22.922265625,91041265.41158032
3675,-52.5,23.1984375,93212697.97490197
3676,-56.25,23.474609375,26036948.31765017
3677,-56.25,23.75078125,24607207.160513014
3678,-52.5,23.474609375,53507286.200708106
3679,-52.5,23.75078125,50185099.101621546
3680,-56.25,24.026953125,60196264.26148389
3681,-56.25,24.303125,39853695.283273414
3682,-52.5,24.026953125,80086614.6180887
3683,-52.5,24.303125,69869806.74375889
3684,-56.25,24.579296875,18627337.32365462
3685,-56.25,24.85546875,32609033.4323572
3686,-52.5,24.579296875,46481625.64467032
3687,-52.5,24.85546875,52002412.61747677
3688,-56.25,25.131640625,44163495.526910685
3689,-56.25,25.4078125,54636219.11939031
3690,-52.5,25.131640625,61908430.20537775
3691,-52.5,25.4078125,68760770.69044
3692,-56.25,25.683984375,47889896.675920404
3693,-56.25,25.96015625,40663231.988081604
3694,-52.5,25.683984375,60662572.02899346
3695,-52.5,25.96015625,68367397.03113243
3696,-56.25,26.236328125,26864517.864957906
3697,-56.25,26.5125,17594966.70367109
3698,-52.5,26.236328125,42199463.13955799
3699,-52.5,26.5125,51443094.87349485
3700,-48.75,17.951171875,138094494.5766319
3701,-48.75,18.22734375,163904455.65646806
3702,-45.0,17.951171875,139516275.2195802
3703,-45.0,18.22734375,219403789.2528481
3704,-48.75,18.503515625,92530281.35416678
3705,-48.75,18.7796875,83651819.23859417
3706,-45.0,18.503515625,110039726.18431677
3707,-45.0,18.7796875,95037917.41876379
3708,-48.75,19.055859375,106888051.09343114
3709,-48.75,19.33203125,122254248.33424622
3710,-45.0,19.055859375,136077659.7416019
3711,-45.0,19.33203125,146711803.22678104
3712,-48.75,19.608203125,72169129.20087951
3713,-48.75,19.884375,171704165.0485602
3714,-45.0,19.608203125,93054037.47498232
3715,-45.0,19.884375,258004557.57331625
3716,-48.75,20.160546875,95820455.76979259
3717,-48.75,20.43671875,150968109.63703707
3718,-45.0,20.160546875,126783512.72013909
3719,-45.0,20.43671875,219342322.61441043
3720,-48.75,20.712890625,104856115.5050391
3721,-48.75,20.9890625,82289265.54338098
3722,-45.0,20.712890625,116466393.11803405
3723,-45.0,20.9890625,107864534.19902924
3724,-48.75,21.265234375,132653697.94242817
3725,-48.75,21.54140625,93282646.79614496
3726,-45.0,21.265234375,171330251.0532613
3727,-45.0,21.54140625,112479196.68250194
3728,-48.75,21.817578125,118680762.71816996
3729,-48.75,22.09375,57060228.29158573
3730,-45.0,21.817578125,162458145.0655378
3731,-45.0,22.09375,69086318.52501497
3732,-48.75,22.369921875,76643804.12427144
3733,-48.75,22.64609375,130594133.94736475
3734,-45.0,22.369921875,105837322.787458
3735,-45.0,22.64609375,184989332.2230295
3736,-48.75,22.922265625,151970763.09334219
3737,-48.75,23.1984375,130367904.44384459
3738,-45.0,22.922265625,212900260.77510402
3739,-45.0,23.1984375,167523110.9127872
3740,-48.75,23.474609375,89410298.1873189
3741,-48.75,23.75078125,83989135.04037619
3742,-45.0,23.474609375,125313310.17392969
3743,-45.0,23.75078125,117793170.97913079
3744,-48.75,24.026953125,97607412.12221898
3745,-48.75,24.303125,106677152.93283977
3746,-45.0,24.026953125,115128209.62634926
3747,-45.0,24.303125,143484499.12192068
3748,-48.75,24.579296875,85418660.0807885
3749,-48.75,24.85546875,75789505.5285252
3750,-45.0,24.579296875,124355694.51690665
3751,-45.0,24.85546875,99576598.43957362
3752,-48.75,25.131640625,79175010.74946667
3753,-48.75,25.4078125,78367774.55812356
3754,-45.0,25.131640625,96441591.29355559
3755,-45.0,25.4078125,87974778.4258071
3756,-48.75,25.683984375,70012889.52179071
3757,-48.75,25.96015625,101418533.32168727
3758,-45.0,25.683984375,79363207.01458795
3759,-45.0,25.96015625,134469669.6122421
3760,-48.75,26.236328125,61770097.103804655
3761,-48.75,26.5125,98835233.77712983
3762,-45.0,26.236328125,81340731.06805132
3763,-45.0,26.5125,146227372.68076482
3764,-56.25,26.788671875,35810875.10366154
3765,-56.25,27.06484375,32651503.176826995
3766,-52.5,26.788671875,60495029.107743144
3767,-52.5,27.06484375,73688717.17151591
3768,-56.25,27.341015625,99528982.1911803
3769,-56.25,27.6171875,50207622.56315381
3770,-52.5,27.341015625,114038953.78655182
3771,-52.5,27.6171875,81487824.99790773
3772,-56.25,27.893359375,29505858.786599826
3773,-56.25,28.16953125000001,37386739.9928329
3774,-52.5,27.893359375,66632265.5890243
3775,-52.5,28.16953125000001,61491050.9182181
3776,-56.25,28.445703125,28859473.585581597
3777,-56.25,28.721875,21545484.02298366
3778,-52.5,28.445703125,49906945.11057898
3779,-52.5,28.721875,37491946.52413266
3780,-56.25,28.998046875,18358346.427644808
3781,-56.25,29.27421875,25337956.610243797
3782,-52.5,28.998046875,53967781.446571864
3783,-52.5,29.27421875,69917184.77027903
3784,-56.25,29.550390625,23297621.166684948
3785,-56.25,29.8265625,32558540.909175158
3786,-52.5,29.550390625,74262476.32595405
3787,-52.5,29.8265625,67216065.7102658
3788,-56.25,30.102734375,44541927.89466546
3789,-56.25,30.37890625,24049713.62987309
3790,-52.5,30.102734375,72248561.43281785
3791,-52.5,30.37890625,47743072.30550704
3792,-56.25,30.655078125,40253144.22916723
3793,-56.25,30.93125,35093470.18500547
3794,-52.5,30.655078125,82532195.1966034
3795,-52.5,30.93125,65451684.27529633
3796,-56.25,31.207421875,21149962.059947893
3797,-56.25,31.48359375,13082168.372023923
3798,-52.5,31.207421875,61934870.19102222
3799,-52.5,31.48359375,35746455.16766477
3800,-56.25,31.759765625,44323839.22202995
3801,-56.25,32.0359375,64499904.52479038
3802,-52.5,31.759765625,62341011.88723293
3803,-52.5,32.0359375,73122987.1851992
3804,-56.25,32.31210937500001,27770308.900749635
3805,-56.25,32.58828125,10547853.529097745
3806,-52.5,32.31210937500001,40018473.67075435
3807,-52.5,32.58828125,25851967.40795824
3808,-56.25,32.864453125,3200450.4279436865
3809,-56.25,33.140625,434154.91291716654
3810,-52.5,32.864453125,21151024.78268609
3811,-52.5,33.140625,25931317.323306296
3812,-56.25,33.416796875,692734.1090450067
3813,-56.25,33.69296875,746463.5404064364
3814,-52.5,33.416796875,30891721.28835948
3815,-52.5,33.69296875,31004937.046193928
3816,-56.25,33.96914062499999,4218266.846893473
3817,-56.25,34.2453125,11955973.107397033
3818,-52.5,33.96914062499999,28810127.639236808
3819,-52.5,34.2453125,34837342.4231499
3820,-56.25,34.521484375,70439502.50051819
3821,-56.25,34.79765625,30621023.75703892
3822,-52.5,34.521484375,96278307.08890378
3823,-52.5,34.79765625,71253591.25107804
3824,-56.25,35.07382812500001,40750369.770975806
3825,-56.25,35.35,9607250.716181083
3826,-52.5,35.07382812500001,60492709.125909075
3827,-52.5,35.35,27795846.405269302
3828,-48.75,26.788671875,90060013.69790423
3829,-48.75,27.06484375,128562307.77991852
3830,-45.0,26.788671875,119624998.28806533
3831,-45.0,27.06484375,183435898.3883211
3832,-48.75,27.341015625,114629627.03464952
3833,-48.75,27.6171875,117966202.38503882
3834,-45.0,27.341015625,115220300.28274721
3835,-45.0,27.6171875,154444579.77216992
3836,-48.75,27.893359375,116274914.28899296
3837,-48.75,28.16953125000001,89894725.75038324
3838,-45.0,27.893359375,165917562.98896164
3839,-45.0,28.16953125000001,118298400.58254838
3840,-48.75,28.445703125,75598209.5618164
3841,-48.75,28.721875,57076310.97019188
3842,-45.0,28.445703125,101289474.0130538
3843,-45.0,28.721875,76660675.4162511
3844,-48.75,28.998046875,103905691.23008808
3845,-48.75,29.27421875,131670343.32113716
3846,-45.0,28.998046875,153843601.01360428
3847,-45.0,29.27421875,193423501.87199524
3848,-48.75,29.550390625,146243196.69875115
3849,-48.75,29.8265625,112833967.43135962
3850,-45.0,29.550390625,218223917.07154828
3851,-45.0,29.8265625,158451869.15245342
3852,-48.75,30.102734375,104628304.73766142
3853,-48.75,30.37890625,78524686.965221
3854,-45.0,30.102734375,137008048.04250497
3855,-45.0,30.37890625,109306301.62493497
3856,-48.75,30.655078125,139563223.2682775
3857,-48.75,30.93125,106497466.0819302
3858,-45.0,30.655078125,196594251.3399516
3859,-45.0,30.93125,147543247.88856408
3860,-48.75,31.207421875,121386710.29388306
3861,-48.75,31.48359375,68136464.12281758
3862,-45.0,31.207421875,180838550.3967439
3863,-45.0,31.48359375,100526473.07797039
3864,-48.75,31.759765625,80592319.95634219
3865,-48.75,32.0359375,72842622.27421163
3866,-45.0,31.759765625,98843628.02545142
3867,-45.0,32.0359375,72562257.36322404
3868,-48.75,32.31210937500001,52439940.34702937
3869,-48.75,32.58828125,46547883.898585185
3870,-45.0,32.31210937500001,64861407.02330439
3871,-45.0,32.58828125,67243800.38921213
3872,-48.75,32.864453125,47391075.508811764
3873,-48.75,33.140625,64084027.743264884
3874,-45.0,32.864453125,73631126.23493743
3875,-45.0,33.140625,102236738.16322348
3876,-48.75,33.416796875,76041759.0339644
3877,-48.75,33.69296875,76232690.83193094
3878,-45.0,33.416796875,121191796.77956933
3879,-45.0,33.69296875,121460444.61766793
3880,-48.75,33.96914062499999,64794004.50341749
3881,-48.75,34.2453125,70909510.44524837
3882,-45.0,33.96914062499999,100777881.36759818
3883,-45.0,34.2453125,106981678.46734682
3884,-48.75,34.521484375,122550555.690103
3885,-48.75,34.79765625,131289795.38203108
3886,-45.0,34.521484375,148822804.2913022
3887,-45.0,34.79765625,191325999.5129841
3888,-48.75,35.07382812500001,84357851.97438876
3889,-48.75,35.35,57624484.1103133
3890,-45.0,35.07382812500001,108222994.82286845
3891,-45.0,35.35,87453121.81535728
3892,-41.25,17.951171875,295822562.97433263
3893,-41.25,18.22734375,318270245.203498
3894,-37.5,17.951171875,452128850.7290851
3895,-37.5,18.22734375,417136701.15414786
3896,-41.25,18.503515625,225730029.81307602
3897,-41.25,18.7796875,248186589.73596203
3898,-37.5,18.503515625,341420333.44183534
3899,-37.5,18.7796875,401335262.0531603
3900,-41.25,19.055859375,306846797.53188264
3901,-41.25,19.33203125,288213656.4080354
3902,-37.5,19.055859375,477615935.32216334
3903,-37.5,19.33203125,429715509.5892898
3904,-41.25,19.608203125,245014338.55414146
3905,-41.25,19.884375,360211939.65737855
3906,-37.5,19.608203125,396974639.63330066
3907,-37.5,19.884375,462419321.7414408
3908,-41.25,20.160546875,268811394.76475805
3909,-41.25,20.43671875,347343060.5711863
3910,-37.5,20.160546875,410839276.809377
3911,-37.5,20.43671875,475343798.5279621
3912,-41.25,20.712890625,365648492.62784266
3913,-41.25,20.9890625,301262001.23288786
3914,-37.5,20.712890625,614830592.1376513
3915,-37.5,20.9890625,494659468.2667465
3916,-41.25,21.265234375,302744347.38652444
3917,-41.25,21.54140625,230267563.1752692
3918,-37.5,21.265234375,434158443.7197876
3919,-37.5,21.54140625,348055929.66803646
3920,-41.25,21.817578125,256074008.4685185
3921,-41.25,22.09375,221661643.6297843
3922,-37.5,21.817578125,349689871.8714992
3923,-37.5,22.09375,374236968.73455364
3924,-41.25,22.369921875,270637267.0424284
3925,-41.25,22.64609375,299290343.38316107
3926,-37.5,22.369921875,435437211.2973986
3927,-37.5,22.64609375,413591354.5432927
3928,-41.25,22.922265625,311774551.31148684
3929,-41.25,23.1984375,263892952.6321241
3930,-37.5,22.922265625,410648841.84786963
3931,-37.5,23.1984375,360262794.35146105
3932,-41.25,23.474609375,263901787.89703232
3933,-41.25,23.75078125,300463955.7657118
3934,-37.5,23.474609375,402490265.6201349
3935,-37.5,23.75078125,483134740.5522928
3936,-41.25,24.026953125,281073400.20719534
3937,-41.25,24.303125,329232258.5600044
3938,-37.5,24.026953125,447018590.78804135
3939,-37.5,24.303125,514980017.9980881
3940,-41.25,24.579296875,261727559.83892402
3941,-41.25,24.85546875,261053104.72025016
3942,-37.5,24.579296875,399099425.16094136
3943,-37.5,24.85546875,422529611.00092673
3944,-41.25,25.131640625,302925235.04139555
3945,-41.25,25.4078125,330323539.97898626
3946,-37.5,25.131640625,509408878.7892355
3947,-37.5,25.4078125,572672301.5321654
3948,-41.25,25.683984375,332504129.6530235
3949,-41.25,25.96015625,331709972.0110132
3950,-37.5,25.683984375,585645052.291459
3951,-37.5,25.96015625,528950274.4097842
3952,-41.25,26.236328125,305952241.2154871
3953,-41.25,26.5125,326987805.30553323
3954,-37.5,26.236328125,530563751.3629229
3955,-37.5,26.5125,507748237.93030167
3956,-33.75,17.951171875,771112803.2979105
3957,-33.75,18.22734375,665785415.6748605
3958,-30.0,17.951171875,1415452085.4948819
3959,-30.0,18.22734375,1213998647.3356986
3960,-33.75,18.503515625,672654384.1985968
3961,-33.75,18.7796875,722247604.4653096
3962,-30.0,18.503515625,1434975929.2113626
3963,-30.0,18.7796875,1378687287.0673609
3964,-33.75,19.055859375,802051167.373086
3965,-33.75,19.33203125,726603677.0545343
3966,-30.0,19.055859375,1433818587.9452927
3967,-30.0,19.33203125,1334264473.087759
3968,-33.75,19.608203125,715111671.5978875
3969,-33.75,19.884375,758645396.3504345
3970,-30.0,19.608203125,1365602165.33333
3971,-30.0,19.884375,1442908856.0092912
3972,-33.75,20.160546875,749120769.7815098
3973,-33.75,20.43671875,774967398.7417798
3974,-30.0,20.160546875,1479909484.6086698
3975,-30.0,20.43671875,1417836723.4696813
3976,-33.75,20.712890625,909881550.6984226
3977,-33.75,20.9890625,804376141.9362477
3978,-30.0,20.712890625,1296670227.3611188
3979,-30.0,20.9890625,1346731228.877034
3980,-33.75,21.265234375,747980754.8678192
3981,-33.75,21.54140625,637587645.2835934
3982,-30.0,21.265234375,1426619495.6453876
3983,-30.0,21.54140625,1270606059.1447299
3984,-33.75,21.817578125,638716128.1318763
3985,-33.75,22.09375,650843033.134817
3986,-30.0,21.817578125,1318563170.1070461
3987,-30.0,22.09375,1175510576.1260684
3988,-33.75,22.369921875,736861042.4629033
3989,-33.75,22.64609375,680488097.8283465
3990,-30.0,22.369921875,1311532647.4494765
3991,-30.0,22.64609375,1252576305.3632445
3992,-33.75,22.922265625,636777384.6273448
3993,-33.75,23.1984375,618620945.5491593
3994,-30.0,22.922265625,1117414431.8930054
3995,-30.0,23.1984375,1200955715.70358
3996,-33.75,23.474609375,660751555.1780442
3997,-33.75,23.75078125,781812200.2700803
3998,-30.0,23.474609375,1158358468.405567
3999,-30.0,23.75078125,1312503009.850281
4000,-33.75,24.026953125,705224843.2997655
4001,-33.75,24.303125,815984608.0852587
4002,-30.0,24.026953125,1147953219.6732454
4003,-30.0,24.303125,1347502859.4706032
4004,-33.75,24.579296875,666573906.4783725
4005,-33.75,24.85546875,676913395.1530603
4006,-30.0,24.579296875,1194253619.7866309
4007,-30.0,24.85546875,1117111735.048108
4008,-33.75,25.131640625,768914638.5485263
4009,-33.75,25.4078125,847112398.8555712
4010,-30.0,25.131640625,1134464630.330719
4011,-30.0,25.4078125,1185735167.7194304
4012,-33.75,25.683984375,897482925.5823841
4013,-33.75,25.96015625,828440077.1882424
4014,-30.0,25.683984375,1326714700.1782892
4015,-30.0,25.96015625,1332428880.726075
4016,-33.75,26.236328125,809814724.31678
4017,-33.75,26.5125,779140089.1492516
4018,-30.0,26.236328125,1198344622.8834796
4019,-30.0,26.5125,1231794777.5565639
4020,-41.25,26.788671875,284647058.18726945
4021,-41.25,27.06484375,332858129.60336375
4022,-37.5,26.788671875,449669118.0864735
4023,-37.5,27.06484375,482280360.81840646
4024,-41.25,27.341015625,224909059.66349274
4025,-41.25,27.6171875,264343477.47089195
4026,-37.5,27.341015625,334597819.0442383
4027,-37.5,27.6171875,374242375.1696141
4028,-41.25,27.893359375,323271961.6104446
4029,-41.25,28.16953125000001,324811633.3099822
4030,-37.5,27.893359375,480626360.23192763
4031,-37.5,28.16953125000001,531324866.0374159
4032,-41.25,28.445703125,279094682.43244046
4033,-41.25,28.721875,255583547.8442139
4034,-37.5,28.445703125,456899890.85182714
4035,-37.5,28.721875,434506420.27217674
4036,-41.25,28.998046875,285533907.7153348
4037,-41.25,29.27421875,275032333.78573906
4038,-37.5,28.998046875,417224214.4170654
4039,-37.5,29.27421875,356641165.6994828
4040,-41.25,29.550390625,268208147.10281348
4041,-41.25,29.8265625,209431234.72596398
4042,-37.5,29.550390625,318192377.1340787
4043,-37.5,29.8265625,260410600.29947454
4044,-41.25,30.102734375,238666992.47040188
4045,-41.25,30.37890625,217191918.16054714
4046,-37.5,30.102734375,340325936.8982988
4047,-37.5,30.37890625,325077534.6961593
4048,-41.25,30.655078125,258370166.32182616
4049,-41.25,30.93125,232437799.280164
4050,-37.5,30.655078125,320146081.3037007
4051,-37.5,30.93125,317332350.6717639
4052,-41.25,31.207421875,259976554.45765156
4053,-41.25,31.48359375,235900354.68002886
4054,-37.5,31.207421875,339114558.5185592
4055,-37.5,31.48359375,371274236.2820873
4056,-41.25,31.759765625,216456434.52637497
4057,-41.25,32.0359375,211947308.7280837
4058,-37.5,31.759765625,334069241.0272985
4059,-37.5,32.0359375,351332360.0929433
4060,-41.25,32.31210937500001,180827011.43556416
4061,-41.25,32.58828125,201584587.0018654
4062,-37.5,32.31210937500001,296792615.847824
4063,-37.5,32.58828125,335925373.61451864
4064,-41.25,32.864453125,157262392.7490558
4065,-41.25,33.140625,159035892.9730121
4066,-37.5,32.864453125,240893659.26317415
4067,-37.5,33.140625,215835047.7828007
4068,-41.25,33.416796875,179467290.37749177
4069,-41.25,33.69296875,185497221.93847692
4070,-37.5,33.416796875,237742783.97541422
4071,-37.5,33.69296875,249533999.2592859
4072,-41.25,33.96914062499999,193546797.62635317
4073,-41.25,34.2453125,186332460.2893489
4074,-37.5,33.96914062499999,286315713.8851082
4075,-37.5,34.2453125,265683242.11135095
4076,-41.25,34.521484375,215879838.62126425
4077,-41.25,34.79765625,285695350.44326943
4078,-37.5,34.521484375,282936872.9512263
4079,-37.5,34.79765625,380064701.3735547
4080,-41.25,35.07382812500001,192714101.70083535
4081,-41.25,35.35,173164835.93574443
4082,-37.5,35.07382812500001,277205208.5788022
4083,-37.5,35.35,258876550.0561316
4084,-33.75,26.788671875,719372939.3204546
4085,-33.75,27.06484375,733640545.9428117
4086,-30.0,26.788671875,1198440283.2239895
4087,-30.0,27.06484375,1188876638.885942
4088,-33.75,27.341015625,573488520.5708963
4089,-33.75,27.6171875,610760114.8818835
4090,-30.0,27.341015625,1070783106.3893791
4091,-30.0,27.6171875,1100515538.6212478
4092,-33.75,27.893359375,731531423.493683
4093,-33.75,28.16953125000001,797655769.721868
4094,-30.0,27.893359375,1169537816.0359828
4095,-30.0,28.16953125000001,1183622015.3203573
4096,-33.75,28.445703125,718463114.3224592
4097,-33.75,28.721875,761260723.9793237
4098,-30.0,28.445703125,1147542367.8955822
4099,-30.0,28.721875,1383677890.2448397
4100,-33.75,28.998046875,661903833.3477674
4101,-33.75,29.27421875,538544308.1142554
4102,-30.0,28.998046875,1132562076.7364125
4103,-30.0,29.27421875,921036071.5310861
4104,-33.75,29.550390625,504187689.1549179
4105,-33.75,29.8265625,439256172.41692805
4106,-30.0,29.550390625,962205165.1549053
4107,-30.0,29.8265625,873834157.6222674
4108,-33.75,30.102734375,503198020.15790105
4109,-33.75,30.37890625,540267130.608686
4110,-30.0,30.102734375,788496381.0809139
4111,-30.0,30.37890625,970064685.2750416
4112,-33.75,30.655078125,483837081.28176737
4113,-33.75,30.93125,507776940.2641952
4114,-30.0,30.655078125,851358251.2522184
4115,-30.0,30.93125,909321606.2582893
4116,-33.75,31.207421875,505327979.00657296
4117,-33.75,31.48359375,538742649.7218859
4118,-30.0,31.207421875,845692232.3487988
4119,-30.0,31.48359375,770400126.8371645
4120,-33.75,31.759765625,486626986.0943403
4121,-33.75,32.0359375,522532643.35739774
4122,-30.0,31.759765625,709074608.2936187
4123,-30.0,32.0359375,757363390.4210417
4124,-33.75,32.31210937500001,478866326.51417565
4125,-33.75,32.58828125,512595364.23205614
4126,-30.0,32.31210937500001,793156249.6887108
4127,-30.0,32.58828125,773923762.8593622
4128,-33.75,32.864453125,397225922.23384726
4129,-33.75,33.140625,343113212.4401729
4130,-30.0,32.864453125,698960178.11763
4131,-30.0,33.140625,611349396.7927123
4132,-33.75,33.416796875,367612808.5098128
4133,-33.75,33.69296875,394208360.9461746
4134,-30.0,33.416796875,640671894.9171636
4135,-30.0,33.69296875,700157891.3652232
4136,-33.75,33.96914062499999,425194252.93661565
4137,-33.75,34.2453125,411139822.2386991
4138,-30.0,33.96914062499999,656292037.5736282
4139,-30.0,34.2453125,688807998.9767389
4140,-33.75,34.521484375,416824857.3332084
4141,-33.75,34.79765625,511196161.19490385
4142,-30.0,34.521484375,684374741.8192306
4143,-30.0,34.79765625,715851838.7983809
4144,-33.75,35.07382812500001,427626910.41718733
4145,-33.75,35.35,447301106.25101805
4146,-30.0,35.07382812500001,709909802.176409
4147,-30.0,35.35,841151346.5949031
4148,-26.25,0.0172607421875,0.0
4149,-26.25,-0.0,0.0
4150,-26.25,0.034521484375,0.0
4151,-22.5,0.0172607421875,0.0
4152,-22.5,-0.0,0.0
4153,-22.5,0.034521484375,0.0
4154,-26.25,0.05178222656250001,0.0
4155,-26.25,0.06904296875,0.0
4156,-22.5,0.05178222656250001,0.0
4157,-22.5,0.06904296875,0.0
4158,-26.25,0.0863037109375,0.0
4159,-22.5,0.0863037109375,0.0
4160,-26.25,0.09493408203125,0.0
4161,-26.25,0.103564453125,486291227.34524745
4162,-22.5,0.09493408203125,0.0
4163,-22.5,0.103564453125,888707563.2237065
4164,-26.25,0.11219482421875,491132962.8292849
4165,-26.25,0.1208251953125,495974698.3133223
4166,-22.5,0.11219482421875,897484695.4305028
4167,-22.5,0.1208251953125,906261827.6372991
4168,-26.25,0.12945556640625,500816433.7973597
4169,-26.25,0.1380859375,505658169.2813971
4170,-22.5,0.12945556640625,915038959.8440953
4171,-22.5,0.1380859375,923816092.0508918
4172,-26.25,0.14671630859375,510499904.7654345
4173,-26.25,0.1553466796875,515341640.2494719
4174,-22.5,0.14671630859375,932593224.257688
4175,-22.5,0.1553466796875,941370356.4644841
4176,-26.25,0.16397705078125,520183375.7335093
4177,-26.25,0.172607421875,525025111.21754676
4178,-22.5,0.16397705078125,950147488.6712804
4179,-22.5,0.172607421875,958924620.8780766
4180,-26.25,0.18123779296875,529866846.7015842
4181,-26.25,0.1898681640625,534708582.1856216
4182,-22.5,0.18123779296875,967701753.084873
4183,-22.5,0.1898681640625,976478885.2916694
4184,-26.25,0.19849853515625,539550317.6696589
4185,-26.25,0.2,540392656.3748026
4186,-26.25,0.20712890625,544392053.1536963
4187,-22.5,0.19849853515625,985256017.4984654
4188,-22.5,0.2,986783015.0393932
4189,-22.5,0.20712890625,994033149.7052617
4190,-26.25,0.21575927734375,549233788.6377337
4191,-26.25,0.2243896484375,554075524.1217711
4192,-22.5,0.21575927734375,1002810281.9120579
4193,-22.5,0.2243896484375,1011587414.1188542
4194,-26.25,0.23302001953125,558917259.6058085
4195,-26.25,0.241650390625,563758995.0898459
4196,-22.5,0.23302001953125,1020364546.3256505
4197,-22.5,0.241650390625,1029141678.5324467
4198,-26.25,0.25028076171875,568600730.5738833
4199,-26.25,0.2589111328125,573442466.0579207
4200,-22.5,0.25028076171875,1037918810.739243
4201,-22.5,0.2589111328125,1046695942.9460393
4202,-26.25,0.26754150390625,578284201.5419581
4203,-26.25,0.276171875,583125937.0259955
4204,-22.5,0.26754150390625,1055473075.1528356
4205,-22.5,0.276171875,1064250207.3596319
4206,-26.25,0.28480224609375,587967672.5100329
4207,-26.25,0.2934326171875,592809407.9940704
4208,-22.5,0.28480224609375,1073027339.5664281
4209,-22.5,0.2934326171875,1081804471.7732244
4210,-26.25,0.30206298828125,596519405.0249679
4211,-26.25,0.310693359375,596626589.7020824
4212,-22.5,0.30206298828125,1090010420.2324739
4213,-22.5,0.310693359375,1096398044.0989416
4214,-26.25,0.3279541015625,596840959.0563117
4215,-22.5,0.3279541015625,1109173291.8318775
4216,-26.25,0.34521484375,597055328.4105412
4217,-22.5,0.34521484375,1121948539.5648134
4218,-26.25,0.379736328125,597484067.1189997
4219,-22.5,0.379736328125,1147499035.0306847
4220,-26.25,0.4142578125,597912805.8274584
4221,-22.5,0.4142578125,1173049530.4965563
4222,-26.25,0.48330078125,598770283.2443757
4223,-22.5,0.48330078125,1224150521.428299
4224,-26.25,0.55234375,645254452.4979208
4225,-22.5,0.55234375,1302316018.0005555
4226,-26.25,0.6904296875,767335344.3783817
4227,-22.5,0.6904296875,1475915781.5350974
4228,-26.25,0.8285156250000001,763919099.4948449
4229,-22.5,0.8285156250000001,1437208139.019735
4230,-26.25,1.1046875,911772495.3131882
4231,-22.5,1.1046875,1638081369.968308
4232,-26.25,1.380859375,788205357.2532823
4233,-26.25,1.65703125,844144933.5996608
4234,-22.5,1.380859375,1593901317.234026
4235,-22.5,1.65703125,1893830674.519926
4236,-26.25,1.933203125,861365403.6417288
4237,-26.25,2.209375,959161898.0395132
4238,-22.5,1.933203125,1835246181.541125
4239,-22.5,2.209375,1974440898.4220912
4240,-26.25,2.485546875,940401951.4879326
4241,-26.25,2.76171875,959263920.4829824
4242,-22.5,2.485546875,2062125538.4046574
4243,-22.5,2.76171875,2021885722.4476337
4244,-26.25,3.037890625,1062849605.1337872
4245,-26.25,3.3140625,939026295.4073893
4246,-22.5,3.037890625,2100388162.7306147
4247,-22.5,3.3140625,2050597991.0602036
4248,-26.25,3.590234375000001,1065144870.6673388
4249,-26.25,3.86640625,1141750287.1324635
4250,-22.5,3.590234375000001,2176493285.695003
4251,-22.5,3.86640625,2335655509.8293724
4252,-26.25,4.142578125,1020379909.1552973
4253,-26.25,4.41875,1340841450.6859174
4254,-22.5,4.142578125,2179916467.455872
4255,-22.5,4.41875,2488745471.479725
4256,-26.25,4.694921875,1099994834.566851
4257,-26.25,4.97109375,1208343175.4698043
4258,-22.5,4.694921875,2283913749.964864
4259,-22.5,4.97109375,2523788996.513268
4260,-26.25,5.247265625,1141239900.72289
4261,-26.25,5.5234375,1362410390.7664871
4262,-22.5,5.247265625,2451499072.14933
4263,-22.5,5.5234375,2807880217.8131413
4264,-26.25,5.799609375,1324107176.259736
4265,-26.25,6.07578125,1327421083.9449525
4266,-22.5,5.799609375,2859311575.745813
4267,-22.5,6.07578125,2859172675.1863875
4268,-26.25,6.351953125000001,1417370368.6820068
4269,-26.25,6.628125000000001,1514037723.991243
4270,-22.5,6.351953125000001,3071597787.883833
4271,-22.5,6.628125000000001,3252888995.819658
4272,-26.25,6.904296875000001,1162950609.4069352
4273,-26.25,7.180468750000001,1430055751.4977326
4274,-22.5,6.904296875000001,3061439402.563681
4275,-22.5,7.180468750000001,3121879101.1865273
4276,-26.25,7.456640625,1320394056.810149
4277,-26.25,7.732812500000001,1402226161.6062558
4278,-22.5,7.456640625,2994431088.6439486
4279,-22.5,7.732812500000001,3112582341.39359
4280,-26.25,8.008984375,1466958553.8497734
4281,-26.25,8.28515625,1366388996.1893368
4282,-22.5,8.008984375,3231082703.6171684
4283,-22.5,8.28515625,3070525373.0921955
4284,-26.25,8.561328125,1373532151.80586
4285,-26.25,8.8375,1314158176.6421595
4286,-22.5,8.561328125,3169887251.9700956
4287,-22.5,8.8375,3044296029.4242473
4288,-18.75,0.0172607421875,0.0
4289,-18.75,-0.0,0.0
4290,-18.75,0.034521484375,0.0
4291,-15.0,0.0172607421875,0.0
4292,-15.0,-0.0,0.0
4293,-15.0,0.034521484375,0.0
4294,-18.75,0.05178222656250001,0.0
4295,-18.75,0.06904296875,0.0
4296,-15.0,0.05178222656250001,0.0
4297,-15.0,0.06904296875,0.0
4298,-18.75,0.0863037109375,0.0
4299,-15.0,0.0863037109375,0.0
4300,-18.75,0.09493408203125,0.0
4301,-18.75,0.103564453125,1417075287.0635417
4302,-15.0,0.09493408203125,0.0
4303,-15.0,0.103564453125,1945443010.903377
4304,-18.75,0.11219482421875,1431653849.797769
4305,-18.75,0.1208251953125,1446232412.5319963
4306,-15.0,0.11219482421875,1965823004.165035
4307,-15.0,0.1208251953125,1986202997.4266932
4308,-18.75,0.12945556640625,1460810975.2662232
4309,-18.75,0.1380859375,1475389538.0004506
4310,-15.0,0.12945556640625,2006582990.6883512
4311,-15.0,0.1380859375,2026962983.9500096
4312,-18.75,0.14671630859375,1489968100.7346778
4313,-18.75,0.1553466796875,1504546663.4689047
4314,-15.0,0.14671630859375,2047342977.2116675
4315,-15.0,0.1553466796875,2067722970.4733257
4316,-18.75,0.16397705078125,1519125226.2031322
4317,-18.75,0.172607421875,1533703788.9373593
4318,-15.0,0.16397705078125,2088102963.7349837
4319,-15.0,0.172607421875,2108482956.9966416
4320,-18.75,0.18123779296875,1548282351.6715865
4321,-18.75,0.1898681640625,1562860914.4058137
4322,-15.0,0.18123779296875,2128862950.2583
4323,-15.0,0.1898681640625,2149242943.519958
4324,-18.75,0.19849853515625,1577439477.1400406
4325,-18.75,0.2,1579975775.8901258
4326,-18.75,0.20712890625,1592018039.874268
4327,-15.0,0.19849853515625,2169622936.781616
4328,-15.0,0.2,2173168536.740858
4329,-15.0,0.20712890625,2190002930.043274
4330,-18.75,0.21575927734375,1606596602.6084952
4331,-18.75,0.2243896484375,1621175165.3427224
4332,-15.0,0.21575927734375,2210382923.304932
4333,-15.0,0.2243896484375,2230762916.5665903
4334,-18.75,0.23302001953125,1635753728.0769496
4335,-18.75,0.241650390625,1650332290.8111768
4336,-15.0,0.23302001953125,2251142909.8282485
4337,-15.0,0.241650390625,2271522903.0899067
4338,-18.75,0.25028076171875,1664910853.545404
4339,-18.75,0.2589111328125,1679489416.2796311
4340,-15.0,0.25028076171875,2291902896.351565
4341,-15.0,0.2589111328125,2312282889.613223
4342,-18.75,0.26754150390625,1694067979.013858
4343,-18.75,0.276171875,1708646541.7480857
4344,-15.0,0.26754150390625,2332662882.874881
4345,-15.0,0.276171875,2353042876.136539
4346,-18.75,0.28480224609375,1723225104.4823127
4347,-18.75,0.2934326171875,1737803667.2165399
4348,-15.0,0.28480224609375,2373422869.398197
4349,-15.0,0.2934326171875,2393802862.6598554
4350,-18.75,0.30206298828125,1752654185.8163447
4351,-18.75,0.310693359375,1768370457.4083416
4352,-15.0,0.30206298828125,2415297951.4002147
4353,-15.0,0.310693359375,2440342870.717742
4354,-18.75,0.3279541015625,1799803000.5923374
4355,-15.0,0.3279541015625,2490432709.3527966
4356,-18.75,0.34521484375,1831235543.7763321
4357,-15.0,0.34521484375,2540522547.9878516
4358,-18.75,0.379736328125,1894100630.1443229
4359,-15.0,0.379736328125,2640702225.2579603
4360,-18.75,0.4142578125,1956965716.512313
4361,-15.0,0.4142578125,2740881902.5280695
4362,-18.75,0.48330078125,2082695889.2482934
4363,-15.0,0.48330078125,2941241257.068288
4364,-18.75,0.55234375,2197399004.4096003
4365,-15.0,0.55234375,3092481990.8186455
4366,-18.75,0.6904296875,2419769313.667777
4367,-15.0,0.6904296875,3363622845.800456
4368,-18.75,0.8285156250000001,2328414617.1962895
4369,-15.0,0.8285156250000001,3219621095.3728437
4370,-18.75,1.1046875,2567592805.349344
4371,-15.0,1.1046875,3497104240.7303786
4372,-18.75,1.380859375,2695982094.2720075
4373,-18.75,1.65703125,3347377203.0677543
4374,-15.0,1.380859375,3798062871.309989
4375,-15.0,1.65703125,4800923731.615582
4376,-18.75,1.933203125,3197352679.4904013
4377,-18.75,2.209375,3335423847.9980316
4378,-15.0,1.933203125,4559459177.439677
4379,-15.0,2.209375,4696406797.573973
4380,-18.75,2.485546875,3590462736.485345
4381,-18.75,2.76171875,3456805764.301124
4382,-15.0,2.485546875,5118799934.566032
4383,-15.0,2.76171875,4891725806.154614
4384,-18.75,3.037890625,3468939157.317066
4385,-18.75,3.3140625,3556798940.3760395
4386,-15.0,3.037890625,4837490151.903518
4387,-15.0,3.3140625,5062999889.6918745
4388,-18.75,3.590234375000001,3656925219.469781
4389,-18.75,3.86640625,3918273858.561712
4390,-15.0,3.590234375000001,5137357153.244558
4391,-15.0,3.86640625,5500892207.29405
4392,-18.75,4.142578125,3743218461.7348557
4393,-18.75,4.41875,3993006000.7411833
4394,-15.0,4.142578125,5306520456.013839
4395,-15.0,4.41875,5497266530.002642
4396,-18.75,4.694921875,3891947339.095716
4397,-18.75,4.97109375,4306014117.805458
4398,-15.0,4.694921875,5499980928.226569
4399,-15.0,4.97109375,6088239239.097649
4400,-18.75,5.247265625,4235180890.395652
4401,-18.75,5.5234375,4740223767.821004
4402,-15.0,5.247265625,6018862708.641974
4403,-15.0,5.5234375,6672567317.828867
4404,-18.75,5.799609375,4934186786.2967615
4405,-18.75,6.07578125,4940498786.551828
4406,-15.0,5.799609375,7009061996.847711
4407,-15.0,6.07578125,7021824897.917269
4408,-18.75,6.351953125000001,5318360832.580901
4409,-18.75,6.628125000000001,5604316484.267532
4410,-15.0,6.351953125000001,7565123877.277969
4411,-15.0,6.628125000000001,7955743972.715406
4412,-18.75,6.904296875000001,5739573300.381831
4413,-18.75,7.180468750000001,5443597325.586824
4414,-15.0,6.904296875000001,8417707198.199983
4415,-15.0,7.180468750000001,7765315549.987121
4416,-18.75,7.456640625,5318819435.797296
4417,-18.75,7.732812500000001,5476191698.453808
4418,-15.0,7.456640625,7643207782.950643
4419,-15.0,7.732812500000001,7839801055.514024
4420,-18.75,8.008984375,5673078062.389722
4421,-18.75,8.28515625,5437780476.985289
4422,-15.0,8.008984375,8115073421.162274
4423,-15.0,8.28515625,7805035580.878383
4424,-18.75,8.561328125,5669718394.229824
4425,-18.75,8.8375,5468282156.141025
4426,-15.0,8.561328125,8169549536.489552
4427,-15.0,8.8375,7892268282.857803
4428,-26.25,9.113671875000001,1228389292.377549
4429,-26.25,9.38984375,1281002636.2325926
4430,-22.5,9.113671875000001,3071196594.071124
4431,-22.5,9.38984375,2987016546.084305
4432,-26.25,9.666015625,1281755837.8844428
4433,-26.25,9.9421875,1345594852.8998187
4434,-22.5,9.666015625,3192025519.919198
4435,-22.5,9.9421875,3118583574.535346
4436,-26.25,10.218359375,1530347499.855535
4437,-26.25,10.49453125,1631004753.7949731
4438,-22.5,10.218359375,3317430862.3057594
4439,-22.5,10.49453125,3440140369.0850377
4440,-26.25,10.770703125,1716532814.1523833
4441,-26.25,11.046875,1745127785.5681043
4442,-22.5,10.770703125,3501205624.0219774
4443,-22.5,11.046875,3627183202.029373
4444,-26.25,11.323046875,1673373346.5046043
4445,-26.25,11.59921875,1682510640.2716482
4446,-22.5,11.323046875,3480801616.1541505
4447,-22.5,11.59921875,3369319658.068816
4448,-26.25,11.875390625,1716594857.0898135
4449,-26.25,12.1515625,1689496022.6507974
4450,-22.5,11.875390625,3503829639.8820133
4451,-22.5,12.1515625,3500210461.062351
4452,-26.25,12.427734375,1638020243.5337222
4453,-26.25,12.70390625,1868999293.476352
4454,-22.5,12.427734375,3434780058.839651
4455,-22.5,12.70390625,3681604968.082561
4456,-26.25,12.980078125,2036829562.9699879
4457,-26.25,13.25625,1927787680.958953
4458,-22.5,12.980078125,3767480069.1500463
4459,-22.5,13.25625,3600821013.102806
4460,-26.25,13.532421875,1879656906.858542
4461,-26.25,13.80859375,1738467042.4568107
4462,-22.5,13.532421875,3664318676.674907
4463,-22.5,13.80859375,3523336420.5965996
4464,-26.25,14.084765625,1770941262.2227728
4465,-26.25,14.3609375,1906246566.9277313
4466,-22.5,14.084765625,3460888296.1821194
4467,-22.5,14.3609375,3720730330.407485
4468,-26.25,14.637109375,1823805618.0426636
4469,-26.25,14.91328125,1848630559.0195887
4470,-22.5,14.637109375,3634121642.5743074
4471,-22.5,14.91328125,3578214798.180331
4472,-26.25,15.189453125,2057575822.9190488
4473,-26.25,15.465625,2007774582.980733
4474,-22.5,15.189453125,3766056777.632626
4475,-22.5,15.465625,3680090220.813537
4476,-26.25,15.741796875,2088810611.9511285
4477,-26.25,16.01796875,2124771678.9811642
4478,-22.5,15.741796875,3887508011.3175464
4479,-22.5,16.01796875,3894336868.2539897
4480,-26.25,16.294140625,1994411563.5363626
4481,-26.25,16.5703125,1814317342.9623804
4482,-22.5,16.294140625,3614056767.41153
4483,-22.5,16.5703125,3460897886.2628155
4484,-26.25,16.846484375,1813688136.4815464
4485,-26.25,17.12265625,1804297472.572227
4486,-22.5,16.846484375,3361686785.654727
4487,-22.5,17.12265625,3366434475.1543536
4488,-26.25,17.398828125,1771249302.3838289
4489,-26.25,17.675,1854785851.0524745
4490,-22.5,17.398828125,3344430803.180583
4491,-22.5,17.675,3373154394.6781206
4492,-18.75,9.113671875000001,5678209675.588449
4493,-18.75,9.38984375,5364214403.228717
4494,-15.0,9.113671875000001,8285222757.105772
4495,-15.0,9.38984375,7741412260.37313
4496,-18.75,9.666015625,5873783620.944032
4497,-18.75,9.9421875,5585675582.843586
4498,-15.0,9.666015625,8555541721.968864
4499,-15.0,9.9421875,8052767591.151826
4500,-18.75,10.218359375,5794556962.3022
4501,-18.75,10.49453125,5914893720.999295
4502,-15.0,10.218359375,8271683062.298642
4503,-15.0,10.49453125,8389647072.913555
4504,-18.75,10.770703125,5925981841.243349
4505,-18.75,11.046875,6206788500.653349
4506,-15.0,10.770703125,8350758058.464721
4507,-15.0,11.046875,8786393799.277325
4508,-18.75,11.323046875,5983441079.793524
4509,-18.75,11.59921875,5643974545.156385
4510,-15.0,11.323046875,8486080543.432896
4511,-15.0,11.59921875,7918629432.243954
4512,-18.75,11.875390625,5957048480.093246
4513,-18.75,12.1515625,6004905306.80962
4514,-15.0,11.875390625,8410267320.30448
4515,-15.0,12.1515625,8509600152.556887
4516,-18.75,12.427734375,5921632820.03999
4517,-18.75,12.70390625,6107826671.069922
4518,-15.0,12.427734375,8408485581.240331
4519,-15.0,12.70390625,8534048374.057283
4520,-18.75,12.980078125,6030022596.680192
4521,-18.75,13.25625,5784990471.454441
4522,-15.0,12.980078125,8292565124.210337
4523,-15.0,13.25625,7969159929.806078
4524,-18.75,13.532421875,6037841394.135952
4525,-18.75,13.80859375,5935211344.50613
4526,-15.0,13.532421875,8411364111.596997
4527,-15.0,13.80859375,8347086268.415662
4528,-18.75,14.084765625,5726299636.931046
4529,-18.75,14.3609375,6158029846.767691
4530,-15.0,14.084765625,7991710977.67997
4531,-15.0,14.3609375,8595329363.127895
4532,-18.75,14.637109375,6051571610.925777
4533,-18.75,14.91328125,5888436450.712184
4534,-15.0,14.637109375,8469021579.277246
4535,-15.0,14.91328125,8198658103.244035
4536,-18.75,15.189453125,6021920642.251819
4537,-18.75,15.465625,5891867142.198724
4538,-15.0,15.189453125,8277784506.87101
4539,-15.0,15.465625,8103644063.58391
4540,-18.75,15.741796875,6283845738.318781
4541,-18.75,16.01796875,6206951558.052362
4542,-15.0,15.741796875,8680183465.320017
4543,-15.0,16.01796875,8519566247.850735
4544,-18.75,16.294140625,5719034267.596596
4545,-18.75,16.5703125,5682967459.640303
4546,-15.0,16.294140625,7824011767.781663
4547,-15.0,16.5703125,7905037033.01779
4548,-18.75,16.846484375,5457493193.43415
4549,-18.75,17.12265625,5458205892.524826
4550,-15.0,16.846484375,7553299601.2135725
4551,-15.0,17.12265625,7549977309.895296
4552,-18.75,17.398828125,5446938338.400776
4553,-18.75,17.675,5389319551.719869
4554,-15.0,17.398828125,7549445873.620966
4555,-15.0,17.675,7405484708.761615
4556,-11.25,0.0172607421875,0.0
4557,-11.25,-0.0,0.0
4558,-11.25,0.034521484375,0.0
4559,-7.5,0.0172607421875,0.0
4560,-7.5,-0.0,0.0
4561,-7.5,0.034521484375,0.0
4562,-11.25,0.05178222656250001,0.0
4563,-11.25,0.06904296875,0.0
4564,-7.5,0.05178222656250001,0.0
4565,-7.5,0.06904296875,0.0
4566,-11.25,0.0863037109375,0.0
4567,-7.5,0.0863037109375,0.0
4568,-11.25,0.09493408203125,0.0
4569,-11.25,0.103564453125,59024718130.74543
4570,-7.5,0.09493408203125,0.0
4571,-7.5,0.103564453125,116103993250.58748
4572,-11.25,0.11219482421875,59133152753.063866
4573,-11.25,0.1208251953125,59241587375.38229
4574,-7.5,0.11219482421875,116300482501.96269
4575,-7.5,0.1208251953125,116496971753.33789
4576,-11.25,0.12945556640625,59350021997.70072
4577,-11.25,0.1380859375,59458456620.01917
4578,-7.5,0.12945556640625,116693461004.7131
4579,-7.5,0.1380859375,116889950256.08833
4580,-11.25,0.14671630859375,59566891242.3376
4581,-11.25,0.1553466796875,59675325864.65604
4582,-7.5,0.14671630859375,117086439507.46353
4583,-7.5,0.1553466796875,117282928758.83875
4584,-11.25,0.16397705078125,59783760486.974464
4585,-11.25,0.172607421875,59892195109.29291
4586,-7.5,0.16397705078125,117479418010.21394
4587,-7.5,0.172607421875,117675907261.58917
4588,-11.25,0.18123779296875,60000629731.61134
4589,-11.25,0.1898681640625,60109064353.92978
4590,-7.5,0.18123779296875,117872396512.96439
4591,-7.5,0.1898681640625,118068885764.3396
4592,-11.25,0.19849853515625,60217498976.2482
4593,-11.25,0.2,60236363839.81987
4594,-11.25,0.20712890625,60325933598.566635
4595,-7.5,0.19849853515625,118265375015.71478
4596,-7.5,0.2,118299559142.8989
4597,-7.5,0.20712890625,118461864267.09
4598,-11.25,0.21575927734375,60434368220.88508
4599,-11.25,0.2243896484375,60542802843.20351
4600,-7.5,0.21575927734375,118658353518.46523
4601,-7.5,0.2243896484375,118854842769.84042
4602,-11.25,0.23302001953125,60651237465.52194
4603,-11.25,0.241650390625,60759672087.84038
4604,-7.5,0.23302001953125,119051332021.21564
4605,-7.5,0.241650390625,119247821272.59084
4606,-11.25,0.25028076171875,60868106710.15881
4607,-11.25,0.2589111328125,60976541332.47725
4608,-7.5,0.25028076171875,119444310523.96606
4609,-7.5,0.2589111328125,119640799775.34128
4610,-11.25,0.26754150390625,61084975954.79567
4611,-11.25,0.276171875,61193410577.11411
4612,-7.5,0.26754150390625,119837289026.71646
4613,-7.5,0.276171875,120033778278.09169
4614,-11.25,0.28480224609375,61301845199.43255
4615,-11.25,0.2934326171875,61410279821.75098
4616,-7.5,0.28480224609375,120230267529.4669
4617,-7.5,0.2934326171875,120426756780.8421
4618,-11.25,0.30206298828125,61492891271.61159
4619,-11.25,0.310693359375,61493296409.1508
4620,-7.5,0.30206298828125,120570484591.82295
4621,-7.5,0.310693359375,120546249947.58388
4622,-11.25,0.3279541015625,61494106684.22926
4623,-7.5,0.3279541015625,120497780659.10573
4624,-11.25,0.34521484375,61494916959.307724
4625,-7.5,0.34521484375,120449311370.6276
4626,-11.25,0.379736328125,61496537509.46462
4627,-7.5,0.379736328125,120352372793.67128
4628,-11.25,0.4142578125,61498158059.62153
4629,-7.5,0.4142578125,120255434216.715
4630,-11.25,0.48330078125,61501399159.93534
4631,-7.5,0.48330078125,120061557062.80238
4632,-11.25,0.55234375,60721739946.554695
4633,-7.5,0.55234375,118350997902.29074
4634,-11.25,0.6904296875,58662884379.33916
4635,-7.5,0.6904296875,113962145912.87787
4636,-11.25,0.8285156250000001,57297959594.14662
4637,-7.5,0.8285156250000001,111376298092.9204
4638,-11.25,1.1046875,54746825952.285545
4639,-7.5,1.1046875,105996547663.8407
4640,-11.25,1.380859375,52576761860.22834
4641,-11.25,1.65703125,51341614689.18646
4642,-7.5,1.380859375,101355460849.1467
4643,-7.5,1.65703125,97882305646.75734
4644,-11.25,1.933203125,50209643427.579865
4645,-11.25,2.209375,48023856289.67482
4646,-7.5,1.933203125,95859827677.72005
4647,-7.5,2.209375,91351305781.77567
4648,-11.25,2.485546875,46541376026.40895
4649,-11.25,2.76171875,44689096547.49175
4650,-7.5,2.485546875,87963952118.25186
4651,-7.5,2.76171875,84486467288.82889
4652,-11.25,3.037890625,43901811575.964264
4653,-11.25,3.3140625,43714686768.548615
4654,-7.5,3.037890625,82966133000.02501
4655,-7.5,3.3140625,82366373647.40535
4656,-11.25,3.590234375000001,42166745798.69577
4657,-11.25,3.86640625,40842103989.5418
4658,-7.5,3.590234375000001,79196134444.14699
4659,-7.5,3.86640625,76183315771.78955
4660,-11.25,4.142578125,40289239108.61369
4661,-11.25,4.41875,38646489985.83726
4662,-7.5,4.142578125,75271957761.21353
4663,-7.5,4.41875,71795713441.67188
4664,-11.25,4.694921875,37181076072.79736
4665,-11.25,4.97109375,37090218925.209564
4666,-7.5,4.694921875,68862171217.36815
4667,-7.5,4.97109375,68092198611.32149
4668,-11.25,5.247265625,36134568276.13358
4669,-11.25,5.5234375,35342982849.04932
4670,-7.5,5.247265625,66250273843.62518
4671,-7.5,5.5234375,64013398380.26976
4672,-11.25,5.799609375,34827623942.93533
4673,-11.25,6.07578125,33288010441.161106
4674,-7.5,5.799609375,62646185889.02295
4675,-7.5,6.07578125,59554195984.40494
4676,-11.25,6.351953125000001,32987116479.934643
4677,-11.25,6.628125000000001,32241498111.238655
4678,-7.5,6.351953125000001,58409109082.59132
4679,-7.5,6.628125000000001,56527252249.7619
4680,-11.25,6.904296875000001,32245950226.297447
4681,-11.25,7.180468750000001,30951793947.958824
4682,-7.5,6.904296875000001,56074193254.39491
4683,-7.5,7.180468750000001,54138272345.93053
4684,-11.25,7.456640625,30126385597.17738
4685,-11.25,7.732812500000001,29888713991.875965
4686,-7.5,7.456640625,52609563411.40411
4687,-7.5,7.732812500000001,51937626928.23791
4688,-11.25,8.008984375,29097060673.399086
4689,-11.25,8.28515625,28686614307.09782
4690,-7.5,8.008984375,50079047925.635895
4691,-7.5,8.28515625,49568193033.31726
4692,-11.25,8.561328125,28316560241.631084
4693,-11.25,8.8375,27022311226.94661
4694,-7.5,8.561328125,48463570946.77262
4695,-7.5,8.8375,46152354171.035416
4696,-3.75,0.0172607421875,0.0
4697,-3.75,-0.0,0.0
4698,-3.75,0.034521484375,0.0
4699,0.0,0.0172607421875,0.0
4700,0.0,-0.0,0.0
4701,0.0,0.034521484375,0.0
4702,-3.75,0.05178222656250001,0.0
4703,-3.75,0.06904296875,0.0
4704,0.0,0.05178222656250001,0.0
4705,0.0,0.06904296875,0.0
4706,-3.75,0.0863037109375,0.0
4707,0.0,0.0863037109375,0.0
4708,-3.75,0.09493408203125,0.0
4709,-3.75,0.103564453125,159024863195.27512
4710,0.0,0.09493408203125,0.0
4711,0.0,0.103564453125,173628922789.65402
4712,-3.75,0.11219482421875,159088220608.52615
4713,-3.75,0.1208251953125,159151578021.77713
4714,0.0,0.11219482421875,173116775430.4188
4715,0.0,0.1208251953125,172604628071.18362
4716,-3.75,0.12945556640625,159214935435.0281
4717,-3.75,0.1380859375,159278292848.2791
4718,0.0,0.12945556640625,172092480711.9484
4719,0.0,0.1380859375,171580333352.71317
4720,-3.75,0.14671630859375,159341650261.5301
4721,-3.75,0.1553466796875,159405007674.78107
4722,0.0,0.14671630859375,171068185993.47794
4723,0.0,0.1553466796875,170556038634.24274
4724,-3.75,0.16397705078125,159468365088.03207
4725,-3.75,0.172607421875,159531722501.28305
4726,0.0,0.16397705078125,170043891275.0075
4727,0.0,0.172607421875,169531743915.77228
4728,-3.75,0.18123779296875,159595079914.53406
4729,-3.75,0.1898681640625,159658437327.78506
4730,0.0,0.18123779296875,169019596556.53708
4731,0.0,0.1898681640625,168507449197.30188
4732,-3.75,0.19849853515625,159721794741.03604
4733,-3.75,0.2,159732817317.88168
4734,-3.75,0.20712890625,159785152154.28705
4735,0.0,0.19849853515625,167995301838.06665
4736,0.0,0.2,167906201236.67212
4737,0.0,0.20712890625,167483154478.83142
4738,-3.75,0.21575927734375,159848509567.53806
4739,-3.75,0.2243896484375,159911866980.789
4740,0.0,0.21575927734375,166971007119.59622
4741,0.0,0.2243896484375,166458859760.36102
4742,-3.75,0.23302001953125,159975224394.04
4743,-3.75,0.241650390625,160038581807.29105
4744,0.0,0.23302001953125,165946712401.1258
4745,0.0,0.241650390625,165434565041.89056
4746,-3.75,0.25028076171875,160101939220.542
4747,-3.75,0.2589111328125,160165296633.793
4748,0.0,0.25028076171875,164922417682.65533
4749,0.0,0.2589111328125,164410270323.42014
4750,-3.75,0.26754150390625,160228654047.044
4751,-3.75,0.276171875,160292011460.29498
4752,0.0,0.26754150390625,163898122964.1849
4753,0.0,0.276171875,163385975604.9497
4754,-3.75,0.28480224609375,160355368873.54596
4755,-3.75,0.2934326171875,160418726286.79697
4756,0.0,0.28480224609375,162873828245.71448
4757,0.0,0.2934326171875,162361680886.47925
4758,-3.75,0.30206298828125,160451138940.18604
4759,-3.75,0.310693359375,160385041056.26328
4760,0.0,0.30206298828125,161937915344.85257
4761,0.0,0.310693359375,161795507305.43536
4762,-3.75,0.3279541015625,160252845288.41776
4763,0.0,0.3279541015625,161510691226.6009
4764,-3.75,0.34521484375,160120649520.57224
4765,0.0,0.34521484375,161225875147.76642
4766,-3.75,0.379736328125,159856257984.88113
4767,0.0,0.379736328125,160656242990.09744
4768,-3.75,0.4142578125,159591866449.1901
4769,0.0,0.4142578125,160086610832.4285
4770,-3.75,0.48330078125,159063083377.80798
4771,0.0,0.48330078125,158947346517.09058
4772,-3.75,0.55234375,156722829700.15714
4773,0.0,0.55234375,156579809182.2842
4774,-3.75,0.6904296875,150886495950.55725
4775,0.0,0.6904296875,151061022996.51807
4776,-3.75,0.8285156250000001,147473607043.1833
4777,0.0,0.8285156250000001,147608856896.42438
4778,-3.75,1.1046875,140538321436.2917
4779,0.0,1.1046875,141664199330.5343
4780,-3.75,1.380859375,134104755366.22607
4781,-3.75,1.65703125,129119918762.4397
4782,0.0,1.380859375,134795240939.62744
4783,0.0,1.65703125,129751376194.34506
4784,-3.75,1.933203125,126357048651.72755
4785,-3.75,2.209375,120417165929.92386
4786,0.0,1.933203125,126548343073.46965
4787,0.0,2.209375,120959847390.16678
4788,-3.75,2.485546875,115950463132.53851
4789,-3.75,2.76171875,111544679055.15259
4790,0.0,2.485546875,117064843991.71268
4791,0.0,2.76171875,113124572871.44931
4792,-3.75,3.037890625,109283379460.40659
4793,-3.75,3.3140625,107955626789.53914
4794,0.0,3.037890625,110106475993.42975
4795,0.0,3.3140625,107420012458.22705
4796,-3.75,3.590234375000001,103775283880.3094
4797,-3.75,3.86640625,99903509317.12123
4798,0.0,3.590234375000001,103453954897.89429
4799,0.0,3.86640625,100381666388.62076
4800,-3.75,4.142578125,98163112909.2024
4801,-3.75,4.41875,93931145935.51442
4802,0.0,4.142578125,96871141047.96924
4803,0.0,4.41875,94038996505.37277
4804,-3.75,4.694921875,90078219924.2308
4805,-3.75,4.97109375,88650112836.79993
4806,0.0,4.694921875,90364175755.67712
4807,0.0,4.97109375,88319896141.01137
4808,-3.75,5.247265625,86190947817.50238
4809,-3.75,5.5234375,83064991491.51184
4810,0.0,5.247265625,85781558604.15077
4811,0.0,5.5234375,82878939762.79721
4812,-3.75,5.799609375,80856681770.86687
4813,-3.75,6.07578125,77083556141.09612
4814,0.0,5.799609375,79851045524.22336
4815,0.0,6.07578125,77139265524.68195
4816,-3.75,6.351953125000001,75504816413.49309
4817,-3.75,6.628125000000001,73038950646.3723
4818,0.0,6.351953125000001,75947953200.88507
4819,0.0,6.628125000000001,74002537559.15692
4820,-3.75,6.904296875000001,71835679930.57185
4821,-3.75,7.180468750000001,69537019086.345
4822,0.0,6.904296875000001,71463653902.90773
4823,0.0,7.180468750000001,69360302511.64494
4824,-3.75,7.456640625,67511047907.0182
4825,-3.75,7.732812500000001,66370437166.00824
4826,0.0,7.456640625,67249145765.407
4827,0.0,7.732812500000001,65571042006.595345
4828,-3.75,8.008984375,63900611782.17382
4829,-3.75,8.28515625,63184539627.8876
4830,0.0,8.008984375,63401328847.31398
4831,0.0,8.28515625,62270421959.15974
4832,-3.75,8.561328125,61510747803.59611
4833,-3.75,8.8375,58667019332.62976
4834,0.0,8.561328125,60358256963.78346
4835,0.0,8.8375,57950928929.23515
4836,-11.25,9.113671875000001,26846319714.10878
4837,-11.25,9.38984375,25639138150.30121
4838,-7.5,9.113671875000001,45407416671.11179
4839,-7.5,9.38984375,43536864040.229294
4840,-11.25,9.666015625,25530604315.052525
4841,-11.25,9.9421875,24643565121.056454
4842,-7.5,9.666015625,42505666908.136185
4843,-7.5,9.9421875,41234362650.96109
4844,-11.25,10.218359375,24361779241.774323
4845,-11.25,10.49453125,23626390368.44249
4846,-7.5,10.218359375,40451875421.25001
4847,-7.5,10.49453125,38863133663.97143
4848,-11.25,10.770703125,22846496557.097824
4849,-11.25,11.046875,22945565760.135788
4850,-7.5,10.770703125,37342235055.73093
4851,-7.5,11.046875,37104737720.994255
4852,-11.25,11.323046875,21727912142.246445
4853,-11.25,11.59921875,20928416629.390488
4854,-7.5,11.323046875,34969743741.06
4855,-7.5,11.59921875,33938203826.537025
4856,-11.25,11.875390625,20792695532.240532
4857,-11.25,12.1515625,20543765643.922432
4858,-7.5,11.875390625,33175123744.176582
4859,-7.5,12.1515625,32577931135.28798
4860,-11.25,12.427734375,19824297627.218708
4861,-11.25,12.70390625,19400020260.854027
4862,-7.5,12.427734375,31240109673.197086
4863,-7.5,12.70390625,30265992147.65077
4864,-11.25,12.980078125,19517728905.317368
4865,-11.25,13.25625,18998300761.143288
4866,-7.5,12.980078125,30742892686.4244
4867,-7.5,13.25625,30027441592.480495
4868,-11.25,13.532421875,18256056279.824535
4869,-11.25,13.80859375,17880760598.037937
4870,-7.5,13.532421875,28100748448.052074
4871,-7.5,13.80859375,27414434927.66021
4872,-11.25,14.084765625,16951412150.840384
4873,-11.25,14.3609375,17480478107.410427
4874,-7.5,14.084765625,25911113324.000797
4875,-7.5,14.3609375,26365626851.692963
4876,-11.25,14.637109375,17074823300.223244
4877,-11.25,14.91328125,15867656068.31862
4878,-7.5,14.637109375,25680625021.169235
4879,-7.5,14.91328125,23536654033.393208
4880,-11.25,15.189453125,15855078414.84389
4881,-11.25,15.465625,15209555499.283342
4882,-7.5,15.189453125,23432372322.816765
4883,-7.5,15.465625,22315466934.982773
4884,-11.25,15.741796875,15496082883.604301
4885,-11.25,16.01796875,15293877069.205593
4886,-7.5,15.741796875,22311982301.888588
4887,-7.5,16.01796875,22068187890.560448
4888,-11.25,16.294140625,14189092107.783611
4889,-11.25,16.5703125,13949083787.522963
4890,-7.5,16.294140625,20554172447.78556
4891,-7.5,16.5703125,19993130542.028133
4892,-11.25,16.846484375,13872956456.881193
4893,-11.25,17.12265625,12985588330.651953
4894,-7.5,16.846484375,20192613312.548813
4895,-7.5,17.12265625,18421199351.408607
4896,-11.25,17.398828125,13254266044.949905
4897,-11.25,17.675,12715984485.112501
4898,-7.5,17.398828125,18959086216.278843
4899,-7.5,17.675,18026484261.463387
4900,-3.75,9.113671875000001,57511738360.082115
4901,-3.75,9.38984375,55378612373.634155
4902,0.0,9.113671875000001,56702509512.98706
4903,0.0,9.38984375,55108405593.99259
4904,-3.75,9.666015625,53640666377.24929
4905,-3.75,9.9421875,52205117981.50531
4906,0.0,9.666015625,53095539598.42128
4907,0.0,9.9421875,51935788913.32871
4908,-3.75,10.218359375,51170443700.414246
4909,-3.75,10.49453125,48878701988.84536
4910,0.0,10.218359375,51145956178.95561
4911,0.0,10.49453125,48451920372.409256
4912,-3.75,10.770703125,47105716981.45847
4913,-3.75,11.046875,46371008129.713005
4914,0.0,10.770703125,47404685761.374916
4915,0.0,11.046875,45851475434.15228
4916,-3.75,11.323046875,43728944787.0697
4917,-3.75,11.59921875,42492114553.95631
4918,0.0,11.323046875,43522884727.47175
4919,0.0,11.59921875,42134272341.921104
4920,-3.75,11.875390625,41412430650.27487
4921,-3.75,12.1515625,40556766518.507034
4922,0.0,11.875390625,41359494944.69763
4923,0.0,12.1515625,40424941685.433105
4924,-3.75,12.427734375,38799155655.936165
4925,-3.75,12.70390625,37483394524.74325
4926,0.0,12.427734375,38644669512.196625
4927,0.0,12.70390625,37403657882.42721
4928,-3.75,12.980078125,37973644200.803696
4929,-3.75,13.25625,37093203206.987144
4930,0.0,12.980078125,37215571181.72749
4931,0.0,13.25625,36232206387.83268
4932,-3.75,13.532421875,34539462836.56474
4933,-3.75,13.80859375,33610624510.050037
4934,0.0,13.532421875,34166221665.647655
4935,0.0,13.80859375,33131844597.97496
4936,-3.75,14.084765625,31829505517.381104
4937,-3.75,14.3609375,32019241250.735416
4938,0.0,14.084765625,31665279751.201218
4939,0.0,14.3609375,31209786959.297714
4940,-3.75,14.637109375,31140545383.71071
4941,-3.75,14.91328125,28568976478.30898
4942,0.0,14.637109375,30308703029.44313
4943,0.0,14.91328125,28327947882.907135
4944,-3.75,15.189453125,28384116233.786034
4945,-3.75,15.465625,27074780690.03145
4946,0.0,15.189453125,28084760150.748077
4947,0.0,15.465625,27140899083.77861
4948,-3.75,15.741796875,26795455127.39688
4949,-3.75,16.01796875,26370902246.53031
4950,0.0,15.741796875,26614074767.353172
4951,0.0,16.01796875,25730423671.730164
4952,-3.75,16.294140625,24700965324.442463
4953,-3.75,16.5703125,23979324055.574596
4954,0.0,16.294140625,24411183274.40926
4955,0.0,16.5703125,23849811087.203625
4956,-3.75,16.846484375,24267298724.742596
4957,-3.75,17.12265625,22090323679.326443
4958,0.0,16.846484375,23852041249.9887
4959,0.0,17.12265625,22226474621.566654
4960,-3.75,17.398828125,22654767289.24491
4961,-3.75,17.675,21588815681.093475
4962,0.0,17.398828125,22332170165.485233
4963,0.0,17.675,21654810387.281963
4964,-26.25,17.951171875,2059791367.691853
4965,-26.25,18.22734375,1762211878.9965367
4966,-22.5,17.951171875,3633359166.970242
4967,-22.5,18.22734375,3298565350.0349317
4968,-26.25,18.503515625,2197297474.2241282
4969,-26.25,18.7796875,2035126969.6694121
4970,-22.5,18.503515625,3733635297.059184
4971,-22.5,18.7796875,3618442933.3202257
4972,-26.25,19.055859375,2065586008.5174992
4973,-26.25,19.33203125,1941925269.1209834
4974,-22.5,19.055859375,3472686388.4264936
4975,-22.5,19.33203125,3476310832.89324
4976,-26.25,19.608203125,2016092659.0687723
4977,-26.25,19.884375,2127172315.668148
4978,-22.5,19.608203125,3439189662.921107
4979,-22.5,19.884375,3636800542.1945353
4980,-26.25,20.160546875,2210698199.43583
4981,-26.25,20.43671875,2060706048.1975825
4982,-22.5,20.160546875,3661294212.5431786
4983,-22.5,20.43671875,3455533157.03528
4984,-26.25,20.712890625,1683458904.0238154
4985,-26.25,20.9890625,1889086315.8178203
4986,-22.5,20.712890625,3263436217.218843
4987,-22.5,20.9890625,3405616170.276607
4988,-26.25,21.265234375,2105258236.422956
4989,-26.25,21.54140625,1903624473.005866
4990,-22.5,21.265234375,3387244438.154989
4991,-22.5,21.54140625,3325831547.690742
4992,-26.25,21.817578125,1998410212.0822163
4993,-26.25,22.09375,1700178119.1173198
4994,-22.5,21.817578125,3271195688.7204714
4995,-22.5,22.09375,2969949494.70345
4996,-26.25,22.369921875,1886204252.4360495
4997,-26.25,22.64609375,1824664512.8981423
4998,-22.5,22.369921875,3096859083.940263
4999,-22.5,22.64609375,2996778597.0288787
5000,-26.25,22.922265625,1598051479.1586657
5001,-26.25,23.1984375,1783290485.858001
5002,-22.5,22.922265625,2622436377.0923986
5003,-22.5,23.1984375,2840951260.726259
5004,-26.25,23.474609375,1655965381.6330895
5005,-26.25,23.75078125,1843193819.4304814
5006,-22.5,23.474609375,2859350378.0795016
5007,-22.5,23.75078125,2847612972.578884
5008,-26.25,24.026953125,1590681596.0467253
5009,-26.25,24.303125,1879021110.8559475
5010,-22.5,24.026953125,2665247346.2098255
5011,-22.5,24.303125,2900367714.8963118
5012,-26.25,24.579296875,1721933333.0948896
5013,-26.25,24.85546875,1557310074.9431562
5014,-22.5,24.579296875,2710146812.4851527
5015,-22.5,24.85546875,2495623298.621019
5016,-26.25,25.131640625,1500014622.1129117
5017,-26.25,25.4078125,1524357936.5832899
5018,-22.5,25.131640625,2389479811.5903516
5019,-22.5,25.4078125,2397744770.84781
5020,-26.25,25.683984375,1755946474.7741942
5021,-26.25,25.96015625,1836417684.2639072
5022,-22.5,25.683984375,2668665586.633116
5023,-22.5,25.96015625,2645124051.153588
5024,-26.25,26.236328125,1586874521.450179
5025,-26.25,26.5125,1684449465.9638762
5026,-22.5,26.236328125,2427044902.108354
5027,-22.5,26.5125,2559836247.825543
5028,-18.75,17.951171875,5671541224.789339
5029,-18.75,18.22734375,5328988940.762105
5030,-15.0,17.951171875,7709723282.608438
5031,-15.0,18.22734375,7359412531.489279
5032,-18.75,18.503515625,5656981258.805384
5033,-18.75,18.7796875,5665197037.495422
5034,-15.0,18.503515625,7580327220.551584
5035,-15.0,18.7796875,7711951141.670617
5036,-18.75,19.055859375,5267453248.003882
5037,-18.75,19.33203125,5474058780.535012
5038,-15.0,19.055859375,7062220107.58127
5039,-15.0,19.33203125,7471806728.1767845
5040,-18.75,19.608203125,5248589921.831888
5041,-18.75,19.884375,5559111152.154687
5042,-15.0,19.608203125,7057990180.742669
5043,-15.0,19.884375,7481421762.11484
5044,-18.75,20.160546875,5471793874.790621
5045,-18.75,20.43671875,5226339157.927877
5046,-15.0,20.160546875,7282293537.038064
5047,-15.0,20.43671875,6997145158.820473
5048,-18.75,20.712890625,5440007848.680036
5049,-18.75,20.9890625,5409233408.494394
5050,-15.0,20.712890625,7616579480.141229
5051,-15.0,20.9890625,7412850646.712182
5052,-18.75,21.265234375,4970904370.364254
5053,-18.75,21.54140625,5142632952.787488
5054,-15.0,21.265234375,6554564302.573519
5055,-15.0,21.54140625,6959434357.884233
5056,-18.75,21.817578125,4840450382.6902685
5057,-18.75,22.09375,4612272786.587021
5058,-15.0,21.817578125,6409705076.660066
5059,-15.0,22.09375,6254596078.4705925
5060,-18.75,22.369921875,4625505528.703296
5061,-18.75,22.64609375,4468905619.457534
5062,-15.0,22.369921875,6154151973.466329
5063,-15.0,22.64609375,5941032641.886189
5064,-18.75,22.922265625,3918695200.3601685
5065,-18.75,23.1984375,4136275037.951436
5066,-15.0,22.922265625,5214954023.627937
5067,-15.0,23.1984375,5431598815.176614
5068,-18.75,23.474609375,4415624416.135359
5069,-18.75,23.75078125,4088896297.511388
5070,-15.0,23.474609375,5971898454.1912155
5071,-15.0,23.75078125,5330179622.443892
5072,-18.75,24.026953125,4055731783.267736
5073,-18.75,24.303125,4166628495.2641854
5074,-15.0,24.026953125,5446216220.325646
5075,-15.0,24.303125,5432889275.632059
5076,-18.75,24.579296875,3928627174.9164186
5077,-18.75,24.85546875,3682993964.1902885
5078,-15.0,24.579296875,5147107537.347684
5079,-15.0,24.85546875,4870364629.759559
5080,-18.75,25.131640625,3540902599.9154162
5081,-18.75,25.4078125,3538513637.8126593
5082,-15.0,25.131640625,4692325388.24048
5083,-15.0,25.4078125,4679282504.77751
5084,-18.75,25.683984375,3823128367.1235447
5085,-18.75,25.96015625,3606189199.719193
5086,-15.0,25.683984375,4977591147.613974
5087,-15.0,25.96015625,4567254348.284798
5088,-18.75,26.236328125,3493035523.8122673
5089,-18.75,26.5125,3646589076.4143863
5090,-15.0,26.236328125,4559026145.51618
5091,-15.0,26.5125,4733341905.00323
5092,-26.25,26.788671875,1677507627.1275244
5093,-26.25,27.06484375,1644112731.8290725
5094,-22.5,26.788671875,2493547634.0128098
5095,-22.5,27.06484375,2495025844.666025
5096,-26.25,27.341015625,1568077692.207862
5097,-26.25,27.6171875,1590270962.360612
5098,-22.5,27.341015625,2346836855.503747
5099,-22.5,27.6171875,2413010995.710327
5100,-26.25,27.893359375,1607544208.5782826
5101,-26.25,28.16953125000001,1569588260.9188461
5102,-22.5,27.893359375,2503600238.9148116
5103,-22.5,28.16953125000001,2227944625.507182
5104,-26.25,28.445703125,1576621621.4687052
5105,-26.25,28.721875,2006095056.510355
5106,-22.5,28.445703125,2202974334.7362
5107,-22.5,28.721875,2646144809.5735464
5108,-26.25,28.998046875,1603220320.1250577
5109,-26.25,29.27421875,1303527834.9479165
5110,-22.5,28.998046875,2402563660.6349535
5111,-22.5,29.27421875,1918774027.8151286
5112,-26.25,29.550390625,1420222641.1548924
5113,-26.25,29.8265625,1308412142.827607
5114,-22.5,29.550390625,2012991322.722521
5115,-22.5,29.8265625,1864193586.756029
5116,-26.25,30.102734375,1073794742.0039268
5117,-26.25,30.37890625,1399862239.9413972
5118,-22.5,30.102734375,1670771257.4788427
5119,-22.5,30.37890625,2008694208.4588232
5120,-26.25,30.655078125,1218879421.2226694
5121,-26.25,30.93125,1310866272.2523837
5122,-22.5,30.655078125,1846249969.953055
5123,-22.5,30.93125,1867924975.1579866
5124,-26.25,31.207421875,1186056485.6910248
5125,-26.25,31.48359375,1002057603.9524431
5126,-22.5,31.207421875,1784214305.0353813
5127,-22.5,31.48359375,1545908154.1094246
5128,-26.25,31.759765625,931522230.4928969
5129,-26.25,32.0359375,992194137.4846857
5130,-22.5,31.759765625,1477171806.9657998
5131,-22.5,32.0359375,1607995928.0709767
5132,-26.25,32.31210937500001,1107446172.8632462
5133,-26.25,32.58828125,1035252161.4866683
5134,-22.5,32.31210937500001,1621729877.0126777
5135,-22.5,32.58828125,1539741287.8355029
5136,-26.25,32.864453125,1000694434.0014126
5137,-26.25,33.140625,879585581.145252
5138,-22.5,32.864453125,1676421460.014996
5139,-22.5,33.140625,1431839396.4694498
5140,-26.25,33.416796875,913730981.3245142
5141,-26.25,33.69296875,1006107421.7842715
5142,-22.5,33.416796875,1318124239.2483573
5143,-22.5,33.69296875,1509052539.1401143
5144,-26.25,33.96914062499999,887389822.2106407
5145,-26.25,34.2453125,966476175.714779
5146,-22.5,33.96914062499999,1310755038.9921763
5147,-22.5,34.2453125,1384384656.7058523
5148,-26.25,34.521484375,951924626.3052527
5149,-26.25,34.79765625,920507516.4018579
5150,-22.5,34.521484375,1410940501.2431753
5151,-22.5,34.79765625,1312793998.4532988
5152,-26.25,35.07382812500001,992192693.9356308
5153,-26.25,35.35,1235001586.9387882
5154,-22.5,35.07382812500001,1388657225.6372766
5155,-22.5,35.35,1610502183.406187
5156,-18.75,26.788671875,3478073972.3889694
5157,-18.75,27.06484375,3543777467.449889
5158,-15.0,26.788671875,4462600310.76513
5159,-15.0,27.06484375,4592529090.233753
5160,-18.75,27.341015625,3266328307.538333
5161,-18.75,27.6171875,3402243333.8652177
5162,-15.0,27.341015625,4185819759.572919
5163,-15.0,27.6171875,4391475672.020108
5164,-18.75,27.893359375,3628681088.148455
5165,-18.75,28.16953125000001,3022496049.5904417
5166,-15.0,27.893359375,4753761937.382099
5167,-15.0,28.16953125000001,3817047473.673701
5168,-18.75,28.445703125,2927963777.8508806
5169,-18.75,28.721875,3295010856.0355744
5170,-15.0,28.445703125,3652953220.965561
5171,-15.0,28.721875,3943876902.4976025
5172,-18.75,28.998046875,3366249549.705475
5173,-18.75,29.27421875,2650397435.4075313
5174,-15.0,28.998046875,4329935438.775996
5175,-15.0,29.27421875,3382020842.9999337
5176,-18.75,29.550390625,2673135607.073969
5177,-18.75,29.8265625,2480576760.0459924
5178,-15.0,29.550390625,3333279891.425418
5179,-15.0,29.8265625,3096959933.3359556
5180,-18.75,30.102734375,2423586850.2297096
5181,-18.75,30.37890625,2707043383.9017844
5182,-15.0,30.102734375,3176402442.9805775
5183,-15.0,30.37890625,3405392559.3447456
5184,-18.75,30.655078125,2603545208.0634074
5185,-18.75,30.93125,2502740696.5193434
5186,-15.0,30.655078125,3360840446.1737604
5187,-15.0,30.93125,3137556417.8807006
5188,-18.75,31.207421875,2511268907.380803
5189,-18.75,31.48359375,2245855240.787257
5190,-15.0,31.207421875,3238323509.726225
5191,-15.0,31.48359375,2945802327.4650903
5192,-18.75,31.759765625,2184422360.5755153
5193,-18.75,32.0359375,2414283240.4185915
5194,-15.0,31.759765625,2891672914.1852303
5195,-15.0,32.0359375,3220570552.766206
5196,-18.75,32.31210937500001,2236010471.649557
5197,-18.75,32.58828125,2165810778.045101
5198,-15.0,32.31210937500001,2850291066.2864366
5199,-15.0,32.58828125,2791880268.2546997
5200,-18.75,32.864453125,2539144871.0934796
5201,-18.75,33.140625,2126102027.2794771
5202,-15.0,32.864453125,3401868282.1719637
5203,-15.0,33.140625,2820364658.0895047
5204,-18.75,33.416796875,1788184582.9304461
5205,-18.75,33.69296875,2110495449.964354
5206,-15.0,33.416796875,2258244926.6125355
5207,-15.0,33.69296875,2711938360.788594
5208,-18.75,33.96914062499999,1830253971.8459733
5209,-18.75,34.2453125,1872413289.8234425
5210,-15.0,33.96914062499999,2349752904.6997705
5211,-15.0,34.2453125,2360441922.941033
5212,-18.75,34.521484375,1965689371.4070482
5213,-18.75,34.79765625,1798895882.7287216
5214,-15.0,34.521484375,2520438241.570921
5215,-15.0,34.79765625,2284997767.0041447
5216,-18.75,35.07382812500001,1842212577.3101344
5217,-18.75,35.35,1976827957.935343
5218,-15.0,35.07382812500001,2295767928.982992
5219,-15.0,35.35,2343153732.464499
5220,-11.25,17.951171875,13116484405.709602
5221,-11.25,18.22734375,12439670316.758774
5222,-7.5,17.951171875,18523245528.81077
5223,-7.5,18.22734375,17519928102.028267
5224,-11.25,18.503515625,12675188406.18467
5225,-11.25,18.7796875,12691550820.381794
5226,-7.5,18.503515625,17770049591.817757
5227,-7.5,18.7796875,17671150499.09297
5228,-11.25,19.055859375,11960131316.461174
5229,-11.25,19.33203125,11828116618.703587
5230,-7.5,19.055859375,16858042525.341076
5231,-7.5,19.33203125,16184426509.230389
5232,-11.25,19.608203125,11396613115.375809
5233,-11.25,19.884375,11394701488.14005
5234,-7.5,19.608203125,15735236050.00895
5235,-7.5,19.884375,15307981214.165264
5236,-11.25,20.160546875,10877213312.939053
5237,-11.25,20.43671875,10780079901.848114
5238,-7.5,20.160546875,14472133088.840042
5239,-7.5,20.43671875,14563014644.875751
5240,-11.25,20.712890625,10996954808.862978
5241,-11.25,20.9890625,10925845186.47863
5242,-7.5,20.712890625,14377330137.584724
5243,-7.5,20.9890625,14438839726.245079
5244,-11.25,21.265234375,9987458449.66842
5245,-11.25,21.54140625,9880168323.489561
5246,-7.5,21.265234375,13420352596.763325
5247,-7.5,21.54140625,12800902289.094889
5248,-11.25,21.817578125,9465489352.689808
5249,-11.25,22.09375,9133095490.210863
5250,-7.5,21.817578125,12521273628.719551
5251,-7.5,22.09375,12011594901.951136
5252,-11.25,22.369921875,9370418925.889229
5253,-11.25,22.64609375,8837579795.401209
5254,-7.5,22.369921875,12586685878.312126
5255,-7.5,22.64609375,11734126948.91623
5256,-11.25,22.922265625,7803614095.888345
5257,-11.25,23.1984375,7888918106.239908
5258,-7.5,22.922265625,10392274168.14875
5259,-7.5,23.1984375,10346237397.3032
5260,-11.25,23.474609375,8170490804.556038
5261,-11.25,23.75078125,7784076040.375067
5262,-7.5,23.474609375,10369083154.92086
5263,-7.5,23.75078125,10237972458.306242
5264,-11.25,24.026953125,7581345134.588561
5265,-11.25,24.303125,7593434799.6066265
5266,-7.5,24.026953125,9716474048.851475
5267,-7.5,24.303125,9753980323.581196
5268,-11.25,24.579296875,7183585619.18502
5269,-11.25,24.85546875,6869999078.098679
5270,-7.5,24.579296875,9220063701.022354
5271,-7.5,24.85546875,8869633526.437798
5272,-11.25,25.131640625,6973134278.081143
5273,-11.25,25.4078125,6504664573.923891
5274,-7.5,25.131640625,9253943167.921804
5275,-7.5,25.4078125,8330046643.070272
5276,-11.25,25.683984375,6660393336.768073
5277,-11.25,25.96015625,6327953427.497068
5278,-7.5,25.683984375,8343195525.922173
5279,-7.5,25.96015625,8088652506.709336
5280,-11.25,26.236328125,6043502991.236307
5281,-11.25,26.5125,6150446664.609961
5282,-7.5,26.236328125,7527979836.956434
5283,-7.5,26.5125,7567551424.216691
5284,-3.75,17.951171875,21909440389.32437
5285,-3.75,18.22734375,20785274102.974247
5286,0.0,17.951171875,21254502724.662846
5287,0.0,18.22734375,20420796535.27319
5288,-3.75,18.503515625,21045524134.724762
5289,-3.75,18.7796875,20842330868.1136
5290,0.0,18.503515625,20682225392.1796
5291,0.0,18.7796875,20396672617.753136
5292,-3.75,19.055859375,19936120978.81983
5293,-3.75,19.33203125,19036744958.448166
5294,0.0,19.055859375,19374533921.496307
5295,0.0,19.33203125,18881080525.047894
5296,-3.75,19.608203125,18505720658.72994
5297,-3.75,19.884375,17891869020.162285
5298,0.0,19.608203125,18139928615.62663
5299,0.0,19.884375,17816972986.102936
5300,-3.75,20.160546875,16792154043.073114
5301,-3.75,20.43671875,16862140160.700596
5302,0.0,20.160546875,16562377353.970371
5303,0.0,20.43671875,16193647222.11985
5304,-3.75,20.712890625,16430937835.749607
5305,-3.75,20.9890625,16551486304.338547
5306,0.0,20.712890625,15831010272.80076
5307,0.0,20.9890625,15863436959.086044
5308,-3.75,21.265234375,15532140459.958944
5309,-3.75,21.54140625,14669522826.366282
5310,0.0,21.265234375,15001715755.356003
5311,0.0,21.54140625,14433916506.969803
5312,-3.75,21.817578125,14412657146.916489
5313,-3.75,22.09375,13789803736.50599
5314,0.0,21.817578125,13975239149.447815
5315,0.0,22.09375,13367431416.689999
5316,-3.75,22.369921875,14401545495.516262
5317,-3.75,22.64609375,13491078124.556704
5318,0.0,22.369921875,13413590442.282871
5319,0.0,22.64609375,12968837344.448086
5320,-3.75,22.922265625,12065752213.238535
5321,-3.75,23.1984375,11993409364.616598
5322,0.0,22.922265625,11908866203.987091
5323,0.0,23.1984375,12020286684.430206
5324,-3.75,23.474609375,11827269792.32933
5325,-3.75,23.75078125,11849353860.986073
5326,0.0,23.474609375,11804645003.825104
5327,0.0,23.75078125,11775705233.16321
5328,-3.75,24.026953125,11221323470.151917
5329,-3.75,24.303125,11173257054.91064
5330,0.0,24.026953125,11465613905.52741
5331,0.0,24.303125,11109996200.949848
5332,-3.75,24.579296875,10666964916.230034
5333,-3.75,24.85546875,10233353670.492012
5334,0.0,24.579296875,10934712398.178398
5335,0.0,24.85546875,10325245205.976421
5336,-3.75,25.131640625,10633676810.453
5337,-3.75,25.4078125,9600776674.848158
5338,0.0,25.131640625,10211259958.365253
5339,0.0,25.4078125,9762202631.889053
5340,-3.75,25.683984375,9419553717.759874
5341,-3.75,25.96015625,9162810984.26449
5342,0.0,25.683984375,9283023914.964785
5343,0.0,25.96015625,8863888258.505415
5344,-3.75,26.236328125,8513213485.895126
5345,-3.75,26.5125,8547482180.691727
5346,0.0,26.236328125,8499960741.27095
5347,0.0,26.5125,8653064930.903374
5348,-11.25,26.788671875,5904333932.466877
5349,-11.25,27.06484375,5965036411.709513
5350,-7.5,26.788671875,7346067554.168623
5351,-7.5,27.06484375,7337543733.185272
5352,-11.25,27.341015625,5559201703.672219
5353,-11.25,27.6171875,5476470486.156463
5354,-7.5,27.341015625,6932583647.771521
5355,-7.5,27.6171875,6561465300.292816
5356,-11.25,27.893359375,5342842490.820593
5357,-11.25,28.16953125000001,4754947129.879531
5358,-7.5,27.893359375,5931923044.259087
5359,-7.5,28.16953125000001,5692846786.085361
5360,-11.25,28.445703125,4877135927.724886
5361,-11.25,28.721875,4961261319.998209
5362,-7.5,28.445703125,6101318634.48421
5363,-7.5,28.721875,5978645737.498816
5364,-11.25,28.998046875,5229813124.949093
5365,-11.25,29.27421875,4419041859.797403
5366,-7.5,28.998046875,6129690811.122189
5367,-7.5,29.27421875,5456062876.594873
5368,-11.25,29.550390625,4366688912.582179
5369,-11.25,29.8265625,4063034481.1687713
5370,-7.5,29.550390625,5400097933.738942
5371,-7.5,29.8265625,5029109029.001586
5372,-11.25,30.102734375,4089993485.674635
5373,-11.25,30.37890625,4254875466.0117817
5374,-7.5,30.102734375,5003584528.368693
5375,-7.5,30.37890625,5104358372.678818
5376,-11.25,30.655078125,4086123231.5603957
5377,-11.25,30.93125,4151851319.957031
5378,-7.5,30.655078125,4811406016.947031
5379,-7.5,30.93125,5166146222.033361
5380,-11.25,31.207421875,3908828254.2069044
5381,-11.25,31.48359375,3814327510.384259
5382,-7.5,31.207421875,4579332998.687584
5383,-7.5,31.48359375,4682852693.303429
5384,-11.25,31.759765625,3795515411.9595027
5385,-11.25,32.0359375,3751243489.049494
5386,-7.5,31.759765625,4699357909.733775
5387,-7.5,32.0359375,4281916425.332782
5388,-11.25,32.31210937500001,3469193614.588877
5389,-11.25,32.58828125,3414744071.206062
5390,-7.5,32.31210937500001,4088096162.8913174
5391,-7.5,32.58828125,4037607874.157424
5392,-11.25,32.864453125,3713578525.5094347
5393,-11.25,33.140625,3335367314.3522735
5394,-7.5,32.864453125,4025288768.846906
5395,-7.5,33.140625,3850369970.615042
5396,-11.25,33.416796875,3073040775.2543154
5397,-11.25,33.69296875,3330422260.014537
5398,-7.5,33.416796875,3887836623.8960953
5399,-7.5,33.69296875,3948906159.2404795
5400,-11.25,33.96914062499999,3038195968.3432674
5401,-11.25,34.2453125,2827666654.877097
5402,-7.5,33.96914062499999,3726639031.9867644
5403,-7.5,34.2453125,3294891386.813162
5404,-11.25,34.521484375,2923444355.7542896
5405,-11.25,34.79765625,2752609630.0613775
5406,-7.5,34.521484375,3326450469.9376583
5407,-7.5,34.79765625,3220221493.1186113
5408,-11.25,35.07382812500001,2917679319.9121723
5409,-11.25,35.35,2878070090.5355897
5410,-7.5,35.07382812500001,3539590710.8413525
5411,-7.5,35.35,3412986448.6066813
5412,-3.75,26.788671875,8246858425.085679
5413,-3.75,27.06484375,8128425872.435267
5414,0.0,26.788671875,8065763794.433355
5415,0.0,27.06484375,7756057647.23374
5416,-3.75,27.341015625,7888796806.736976
5417,-3.75,27.6171875,7336781631.60658
5418,0.0,27.341015625,8010672395.434736
5419,0.0,27.6171875,7492740997.275162
5420,-3.75,27.893359375,6457815148.151864
5421,-3.75,28.16953125000001,6400008949.3447895
5422,0.0,27.893359375,6857330352.953205
5423,0.0,28.16953125000001,6645696126.711416
5424,-3.75,28.445703125,6893924224.990762
5425,-3.75,28.721875,6636091711.501171
5426,0.0,28.445703125,6823375582.991766
5427,0.0,28.721875,6573660798.507028
5428,-3.75,28.998046875,6703005916.848012
5429,-3.75,29.27421875,6228699629.114394
5430,0.0,28.998046875,6623195861.679287
5431,0.0,29.27421875,6472567853.078018
5432,-3.75,29.550390625,6126865953.936936
5433,-3.75,29.8265625,5721965567.941072
5434,0.0,29.550390625,6240351972.217393
5435,0.0,29.8265625,5868386089.093902
5436,-3.75,30.102734375,5612079550.786272
5437,-3.75,30.37890625,5675089728.744572
5438,0.0,30.102734375,5610382532.65089
5439,0.0,30.37890625,5688317983.60776
5440,-3.75,30.655078125,5338497339.951622
5441,-3.75,30.93125,5887112709.610545
5442,0.0,30.655078125,5469205738.192123
5443,0.0,30.93125,6021422368.189438
5444,-3.75,31.207421875,5091102166.062468
5445,-3.75,31.48359375,5269585952.2273
5446,0.0,31.207421875,5285400179.2257595
5447,0.0,31.48359375,5292735363.160572
5448,-3.75,31.759765625,5248044769.372741
5449,-3.75,32.0359375,4672835757.677856
5450,0.0,31.759765625,5086420352.741095
5451,0.0,32.0359375,4784247882.146507
5452,-3.75,32.31210937500001,4598645975.352719
5453,-3.75,32.58828125,4502694425.878825
5454,0.0,32.31210937500001,4892490316.132045
5455,0.0,32.58828125,4652226475.1403055
5456,-3.75,32.864453125,4247865071.3302393
5457,-3.75,33.140625,4264120826.4309382
5458,0.0,32.864453125,4292173492.105296
5459,0.0,33.140625,4475368081.353088
5460,-3.75,33.416796875,4424314975.401514
5461,-3.75,33.69296875,4406215779.119924
5462,0.0,33.416796875,4404158332.63421
5463,0.0,33.69296875,4541176840.306372
5464,-3.75,33.96914062499999,4190381434.0635934
5465,-3.75,34.2453125,3661849842.06937
5466,0.0,33.96914062499999,4204722513.0070896
5467,0.0,34.2453125,3828275743.9658637
5468,-3.75,34.521484375,3643841576.9135957
5469,-3.75,34.79765625,3592600361.8985186
5470,0.0,34.521484375,3790002669.47467
5471,0.0,34.79765625,3774513242.1237736
5472,-3.75,35.07382812500001,3959580458.708352
5473,-3.75,35.35,3731247505.2679887
5474,0.0,35.07382812500001,3975726920.4509926
5475,0.0,35.35,3616197959.109727
5476,-116.25,35.626171875,0.0
5477,-120.0,35.626171875,0.0
5478,-116.25,35.90234375,0.0
5479,-120.0,35.90234375,0.0
5480,-112.5,35.626171875,0.0
5481,-112.5,35.90234375,0.0
5482,-116.25,36.178515625,0.0
5483,-120.0,36.178515625,0.0
5484,-116.25,36.45468750000001,0.0
5485,-120.0,36.45468750000001,0.0
5486,-112.5,36.178515625,0.0
5487,-112.5,36.45468750000001,0.0
5488,-116.25,36.73085937500001,0.0
5489,-120.0,36.73085937500001,0.0
5490,-116.25,37.00703125,0.0
5491,-120.0,37.00703125,0.0
5492,-112.5,36.73085937500001,0.0
5493,-112.5,37.00703125,0.0
5494,-116.25,37.283203125,0.0
5495,-120.0,37.283203125,0.0
5496,-116.25,37.559375,0.0
5497,-120.0,37.559375,0.0
5498,-112.5,37.283203125,0.0
5499,-112.5,37.559375,0.0
5500,-116.25,37.83554687500001,0.0
5501,-120.0,37.83554687500001,0.0
5502,-116.25,38.11171875,0.0
5503,-120.0,38.11171875,0.0
5504,-112.5,37.83554687500001,0.0
5505,-112.5,38.11171875,0.0
5506,-116.25,38.387890625,0.0
5507,-120.0,38.387890625,0.0
5508,-116.25,38.6640625,0.0
5509,-120.0,38.6640625,0.0
5510,-112.5,38.387890625,0.0
5511,-112.5,38.6640625,0.0
5512,-116.25,38.940234375,0.0
5513,-120.0,38.940234375,0.0
5514,-116.25,39.21640625,0.0
5515,-120.0,39.21640625,0.0
5516,-112.5,38.940234375,0.0
5517,-112.5,39.21640625,0.0
5518,-116.25,39.49257812499999,0.0
5519,-120.0,39.49257812499999,0.0
5520,-116.25,39.76875,0.0
5521,-120.0,39.76875,0.0
5522,-112.5,39.49257812499999,0.0
5523,-112.5,39.76875,0.0
5524,-116.25,40.044921875,0.0
5525,-120.0,40.044921875,0.0
5526,-116.25,40.32109375,0.0
5527,-120.0,40.32109375,0.0
5528,-112.5,40.044921875,0.0
5529,-112.5,40.32109375,0.0
5530,-116.25,40.59726562499999,0.0
5531,-120.0,40.59726562499999,0.0
5532,-116.25,40.87343749999999,0.0
5533,-120.0,40.87343749999999,0.0
5534,-112.5,40.59726562499999,0.0
5535,-112.5,40.87343749999999,0.0
5536,-116.25,41.149609375,0.0
5537,-120.0,41.149609375,0.0
5538,-116.25,41.42578125,0.0
5539,-120.0,41.42578125,0.0
5540,-112.5,41.149609375,0.0
5541,-112.5,41.42578125,0.0
5542,-116.25,41.701953125,0.0
5543,-120.0,41.701953125,0.0
5544,-116.25,41.978125,0.0
5545,-120.0,41.978125,0.0
5546,-112.5,41.701953125,0.0
5547,-112.5,41.978125,0.0
5548,-116.25,42.25429687499999,0.0
5549,-120.0,42.25429687499999,0.0
5550,-116.25,42.53046875,0.0
5551,-120.0,42.53046875,0.0
5552,-112.5,42.25429687499999,0.0
5553,-112.5,42.53046875,0.0
5554,-116.25,42.806640625,0.0
5555,-120.0,42.806640625,0.0
5556,-116.25,43.0828125,0.0
5557,-120.0,43.0828125,0.0
5558,-112.5,42.806640625,0.0
5559,-112.5,43.0828125,0.0
5560,-116.25,43.35898437500001,0.0
5561,-120.0,43.35898437500001,0.0
5562,-116.25,43.63515625,0.0
5563,-120.0,43.63515625,0.0
5564,-112.5,43.35898437500001,0.0
5565,-112.5,43.63515625,0.0
5566,-116.25,43.911328125,0.0
5567,-120.0,43.911328125,0.0
5568,-116.25,44.1875,0.0
5569,-120.0,44.1875,0.0
5570,-112.5,43.911328125,0.0
5571,-112.5,44.1875,0.0
5572,-108.75,35.626171875,0.0
5573,-108.75,35.90234375,0.0
5574,-105.0,35.626171875,0.0
5575,-105.0,35.90234375,0.0
5576,-108.75,36.178515625,0.0
5577,-108.75,36.45468750000001,0.0
5578,-105.0,36.178515625,0.0
5579,-105.0,36.45468750000001,0.0
5580,-108.75,36.73085937500001,0.0
5581,-108.75,37.00703125,0.0
5582,-105.0,36.73085937500001,0.0
5583,-105.0,37.00703125,0.0
5584,-108.75,37.283203125,0.0
5585,-108.75,37.559375,0.0
5586,-105.0,37.283203125,0.0
5587,-105.0,37.559375,0.0
5588,-108.75,37.83554687500001,0.0
5589,-108.75,38.11171875,0.0
5590,-105.0,37.83554687500001,0.0
5591,-105.0,38.11171875,0.0
5592,-108.75,38.387890625,0.0
5593,-108.75,38.6640625,0.0
5594,-105.0,38.387890625,0.0
5595,-105.0,38.6640625,0.0
5596,-108.75,38.940234375,0.0
5597,-108.75,39.21640625,0.0
5598,-105.0,38.940234375,0.0
5599,-105.0,39.21640625,0.0
5600,-108.75,39.49257812499999,0.0
5601,-108.75,39.76875,0.0
5602,-105.0,39.49257812499999,0.0
5603,-105.0,39.76875,0.0
5604,-108.75,40.044921875,0.0
5605,-108.75,40.32109375,0.0
5606,-105.0,40.044921875,0.0
5607,-105.0,40.32109375,0.0
5608,-108.75,40.59726562499999,0.0
5609,-108.75,40.87343749999999,0.0
5610,-105.0,40.59726562499999,0.0
5611,-105.0,40.87343749999999,0.0
5612,-108.75,41.149609375,0.0
5613,-108.75,41.42578125,0.0
5614,-105.0,41.149609375,0.0
5615,-105.0,41.42578125,0.0
5616,-108.75,41.701953125,0.0
5617,-108.75,41.978125,0.0
5618,-105.0,41.701953125,0.0
5619,-105.0,41.978125,0.0
5620,-108.75,42.25429687499999,0.0
5621,-108.75,42.53046875,0.0
5622,-105.0,42.25429687499999,0.0
5623,-105.0,42.53046875,0.0
5624,-108.75,42.806640625,0.0
5625,-108.75,43.0828125,0.0
5626,-105.0,42.806640625,0.0
5627,-105.0,43.0828125,0.0
5628,-108.75,43.35898437500001,0.0
5629,-108.75,43.63515625,0.0
5630,-105.0,43.35898437500001,0.0
5631,-105.0,43.63515625,0.0
5632,-108.75,43.911328125,0.0
5633,-108.75,44.1875,0.0
5634,-105.0,43.911328125,0.0
5635,-105.0,44.1875,0.0
5636,-116.25,44.463671875,0.0
5637,-120.0,44.463671875,0.0
5638,-116.25,44.73984375,0.0
5639,-120.0,44.73984375,0.0
5640,-112.5,44.463671875,0.0
5641,-112.5,44.73984375,0.0
5642,-116.25,45.01601562499999,0.0
5643,-120.0,45.01601562499999,0.0
5644,-116.25,45.2921875,0.0
5645,-120.0,45.2921875,0.0
5646,-112.5,45.01601562499999,0.0
5647,-112.5,45.2921875,0.0
5648,-116.25,45.568359375,0.0
5649,-120.0,45.568359375,0.0
5650,-116.25,45.84453125,0.0
5651,-120.0,45.84453125,0.0
5652,-112.5,45.568359375,0.0
5653,-112.5,45.84453125,0.0
5654,-116.25,46.12070312500001,0.0
5655,-120.0,46.12070312500001,0.0
5656,-116.25,46.396875,0.0
5657,-120.0,46.396875,0.0
5658,-112.5,46.12070312500001,0.0
5659,-112.5,46.396875,0.0
5660,-116.25,46.673046875,0.0
5661,-120.0,46.673046875,0.0
5662,-116.25,46.94921875,0.0
5663,-120.0,46.94921875,0.0
5664,-112.5,46.673046875,0.0
5665,-112.5,46.94921875,0.0
5666,-116.25,47.225390625,0.0
5667,-120.0,47.225390625,0.0
5668,-116.25,47.50156250000001,0.0
5669,-120.0,47.50156250000001,0.0
5670,-112.5,47.225390625,0.0
5671,-112.5,47.50156250000001,0.0
5672,-116.25,47.77773437500001,0.0
5673,-120.0,47.77773437500001,0.0
5674,-116.25,48.05390625,0.0
5675,-120.0,48.05390625,0.0
5676,-112.5,47.77773437500001,0.0
5677,-112.5,48.05390625,0.0
5678,-116.25,48.330078125,0.0
5679,-120.0,48.330078125,0.0
5680,-116.25,48.60625,0.0
5681,-120.0,48.60625,0.0
5682,-112.5,48.330078125,0.0
5683,-112.5,48.60625,0.0
5684,-116.25,48.88242187500001,0.0
5685,-120.0,48.88242187500001,0.0
5686,-116.25,49.15859375,0.0
5687,-120.0,49.15859375,0.0
5688,-112.5,48.88242187500001,0.0
5689,-112.5,49.15859375,0.0
5690,-116.25,49.434765625,0.0
5691,-120.0,49.434765625,0.0
5692,-116.25,49.7109375,0.0
5693,-120.0,49.7109375,0.0
5694,-112.5,49.434765625,0.0
5695,-112.5,49.7109375,0.0
5696,-116.25,49.987109375,0.0
5697,-120.0,49.987109375,0.0
5698,-116.25,50.26328125000001,0.0
5699,-120.0,50.26328125000001,0.0
5700,-112.5,49.987109375,0.0
5701,-112.5,50.26328125000001,0.0
5702,-116.25,50.53945312500001,0.0
5703,-120.0,50.53945312500001,0.0
5704,-116.25,50.815625,0.0
5705,-120.0,50.815625,0.0
5706,-112.5,50.53945312500001,0.0
5707,-112.5,50.815625,0.0
5708,-116.25,51.091796875,0.0
5709,-120.0,51.091796875,0.0
5710,-116.25,51.36796875,0.0
5711,-120.0,51.36796875,0.0
5712,-112.5,51.091796875,0.0
5713,-112.5,51.36796875,0.0
5714,-116.25,51.64414062500001,0.0
5715,-120.0,51.64414062500001,0.0
5716,-116.25,51.92031250000001,0.0
5717,-120.0,51.92031250000001,0.0
5718,-112.5,51.64414062500001,0.0
5719,-112.5,51.92031250000001,0.0
5720,-116.25,52.19648437500001,0.0
5721,-120.0,52.19648437500001,0.0
5722,-116.25,52.47265625000001,0.0
5723,-120.0,52.47265625000001,0.0
5724,-112.5,52.19648437500001,0.0
5725,-112.5,52.47265625000001,0.0
5726,-116.25,52.748828125,0.0
5727,-120.0,52.748828125,0.0
5728,-116.25,53.02500000000001,0.0
5729,-120.0,53.02500000000001,0.0
5730,-112.5,52.748828125,0.0
5731,-112.5,53.02500000000001,0.0
5732,-108.75,44.463671875,0.0
5733,-108.75,44.73984375,0.0
5734,-105.0,44.463671875,0.0
5735,-105.0,44.73984375,0.0
5736,-108.75,45.01601562499999,0.0
5737,-108.75,45.2921875,0.0
5738,-105.0,45.01601562499999,0.0
5739,-105.0,45.2921875,0.0
5740,-108.75,45.568359375,0.0
5741,-108.75,45.84453125,0.0
5742,-105.0,45.568359375,0.0
5743,-105.0,45.84453125,0.0
5744,-108.75,46.12070312500001,0.0
5745,-108.75,46.396875,0.0
5746,-105.0,46.12070312500001,0.0
5747,-105.0,46.396875,0.0
5748,-108.75,46.673046875,0.0
5749,-108.75,46.94921875,0.0
5750,-105.0,46.673046875,0.0
5751,-105.0,46.94921875,0.0
5752,-108.75,47.225390625,0.0
5753,-108.75,47.50156250000001,0.0
5754,-105.0,47.225390625,0.0
5755,-105.0,47.50156250000001,0.0
5756,-108.75,47.77773437500001,0.0
5757,-108.75,48.05390625,0.0
5758,-105.0,47.77773437500001,0.0
5759,-105.0,48.05390625,0.0
5760,-108.75,48.330078125,0.0
5761,-108.75,48.60625,0.0
5762,-105.0,48.330078125,0.0
5763,-105.0,48.60625,0.0
5764,-108.75,48.88242187500001,0.0
5765,-108.75,49.15859375,0.0
5766,-105.0,48.88242187500001,0.0
5767,-105.0,49.15859375,0.0
5768,-108.75,49.434765625,0.0
5769,-108.75,49.7109375,0.0
5770,-105.0,49.434765625,0.0
5771,-105.0,49.7109375,0.0
5772,-108.75,49.987109375,0.0
5773,-108.75,50.26328125000001,0.0
5774,-105.0,49.987109375,0.0
5775,-105.0,50.26328125000001,0.0
5776,-108.75,50.53945312500001,0.0
5777,-108.75,50.815625,0.0
5778,-105.0,50.53945312500001,0.0
5779,-105.0,50.815625,0.0
5780,-108.75,51.091796875,0.0
5781,-108.75,51.36796875,0.0
5782,-105.0,51.091796875,0.0
5783,-105.0,51.36796875,0.0
5784,-108.75,51.64414062500001,0.0
5785,-108.75,51.92031250000001,0.0
5786,-105.0,51.64414062500001,0.0
5787,-105.0,51.92031250000001,0.0
5788,-108.75,52.19648437500001,0.0
5789,-108.75,52.47265625000001,0.0
5790,-105.0,52.19648437500001,0.0
5791,-105.0,52.47265625000001,0.0
5792,-108.75,52.748828125,0.0
5793,-108.75,53.02500000000001,0.0
5794,-105.0,52.748828125,0.0
5795,-105.0,53.02500000000001,0.0
5796,-101.25,35.626171875,0.0
5797,-101.25,35.90234375,0.0
5798,-97.5,35.626171875,0.0
5799,-97.5,35.90234375,0.0
5800,-101.25,36.178515625,0.0
5801,-101.25,36.45468750000001,0.0
5802,-97.5,36.178515625,0.0
5803,-97.5,36.45468750000001,0.0
5804,-101.25,36.73085937500001,0.0
5805,-101.25,37.00703125,0.0
5806,-97.5,36.73085937500001,0.0
5807,-97.5,37.00703125,0.0
5808,-101.25,37.283203125,0.0
5809,-101.25,37.559375,0.0
5810,-97.5,37.283203125,0.0
5811,-97.5,37.559375,0.0
5812,-101.25,37.83554687500001,0.0
5813,-101.25,38.11171875,0.0
5814,-97.5,37.83554687500001,0.0
5815,-97.5,38.11171875,0.0
5816,-101.25,38.387890625,0.0
5817,-101.25,38.6640625,0.0
5818,-97.5,38.387890625,0.0
5819,-97.5,38.6640625,0.0
5820,-101.25,38.940234375,0.0
5821,-101.25,39.21640625,0.0
5822,-97.5,38.940234375,0.0
5823,-97.5,39.21640625,0.0
5824,-101.25,39.49257812499999,0.0
5825,-101.25,39.76875,0.0
5826,-97.5,39.49257812499999,0.0
5827,-97.5,39.76875,0.0
5828,-101.25,40.044921875,0.0
5829,-101.25,40.32109375,0.0
5830,-97.5,40.044921875,0.0
5831,-97.5,40.32109375,0.0
5832,-101.25,40.59726562499999,0.0
5833,-101.25,40.87343749999999,0.0
5834,-97.5,40.59726562499999,0.0
5835,-97.5,40.87343749999999,0.0
5836,-101.25,41.149609375,0.0
5837,-101.25,41.42578125,0.0
5838,-97.5,41.149609375,0.0
5839,-97.5,41.42578125,0.0
5840,-101.25,41.701953125,0.0
5841,-101.25,41.978125,0.0
5842,-97.5,41.701953125,0.0
5843,-97.5,41.978125,0.0
5844,-101.25,42.25429687499999,0.0
5845,-101.25,42.53046875,0.0
5846,-97.5,42.25429687499999,0.0
5847,-97.5,42.53046875,0.0
5848,-101.25,42.806640625,0.0
5849,-101.25,43.0828125,0.0
5850,-97.5,42.806640625,0.0
5851,-97.5,43.0828125,0.0
5852,-101.25,43.35898437500001,0.0
5853,-101.25,43.63515625,0.0
5854,-97.5,43.35898437500001,0.0
5855,-97.5,43.63515625,0.0
5856,-101.25,43.911328125,0.0
5857,-101.25,44.1875,0.0
5858,-97.5,43.911328125,0.0
5859,-97.5,44.1875,0.0
5860,-93.75,35.626171875,0.0
5861,-93.75,35.90234375,0.0
5862,-90.0,35.626171875,0.0
5863,-90.0,35.90234375,0.0
5864,-93.75,36.178515625,0.0
5865,-93.75,36.45468750000001,0.0
5866,-90.0,36.178515625,0.0
5867,-90.0,36.45468750000001,0.0
5868,-93.75,36.73085937500001,0.0
5869,-93.75,37.00703125,0.0
5870,-90.0,36.73085937500001,0.0
5871,-90.0,37.00703125,0.0
5872,-93.75,37.283203125,0.0
5873,-93.75,37.559375,0.0
5874,-90.0,37.283203125,0.0
5875,-90.0,37.559375,0.0
5876,-93.75,37.83554687500001,0.0
5877,-93.75,38.11171875,0.0
5878,-90.0,37.83554687500001,0.0
5879,-90.0,38.11171875,0.0
5880,-93.75,38.387890625,0.0
5881,-93.75,38.6640625,0.0
5882,-90.0,38.387890625,0.0
5883,-90.0,38.6640625,0.0
5884,-93.75,38.940234375,0.0
5885,-93.75,39.21640625,0.0
5886,-90.0,38.940234375,0.0
5887,-90.0,39.21640625,0.0
5888,-93.75,39.49257812499999,0.0
5889,-93.75,39.76875,0.0
5890,-90.0,39.49257812499999,0.0
5891,-90.0,39.76875,0.0
5892,-93.75,40.044921875,0.0
5893,-93.75,40.32109375,0.0
5894,-90.0,40.044921875,0.0
5895,-90.0,40.32109375,0.0
5896,-93.75,40.59726562499999,0.0
5897,-93.75,40.87343749999999,0.0
5898,-90.0,40.59726562499999,0.0
5899,-90.0,40.87343749999999,0.0
5900,-93.75,41.149609375,0.0
5901,-93.75,41.42578125,0.0
5902,-90.0,41.149609375,0.0
5903,-90.0,41.42578125,0.0
5904,-93.75,41.701953125,0.0
5905,-93.75,41.978125,0.0
5906,-90.0,41.701953125,0.0
5907,-90.0,41.978125,0.0
5908,-93.75,42.25429687499999,0.0
5909,-93.75,42.53046875,0.0
5910,-90.0,42.25429687499999,0.0
5911,-90.0,42.53046875,0.0
5912,-93.75,42.806640625,0.0
5913,-93.75,43.0828125,0.0
5914,-90.0,42.806640625,0.0
5915,-90.0,43.0828125,0.0
5916,-93.75,43.35898437500001,0.0
5917,-93.75,43.63515625,0.0
5918,-90.0,43.35898437500001,0.0
5919,-90.0,43.63515625,0.0
5920,-93.75,43.911328125,0.0
5921,-93.75,44.1875,0.0
5922,-90.0,43.911328125,0.0
5923,-90.0,44.1875,0.0
5924,-101.25,44.463671875,0.0
5925,-101.25,44.73984375,0.0
5926,-97.5,44.463671875,0.0
5927,-97.5,44.73984375,0.0
5928,-101.25,45.01601562499999,0.0
5929,-101.25,45.2921875,0.0
5930,-97.5,45.01601562499999,0.0
5931,-97.5,45.2921875,0.0
5932,-101.25,45.568359375,0.0
5933,-101.25,45.84453125,0.0
5934,-97.5,45.568359375,0.0
5935,-97.5,45.84453125,0.0
5936,-101.25,46.12070312500001,0.0
5937,-101.25,46.396875,0.0
5938,-97.5,46.12070312500001,0.0
5939,-97.5,46.396875,0.0
5940,-101.25,46.673046875,0.0
5941,-101.25,46.94921875,0.0
5942,-97.5,46.673046875,0.0
5943,-97.5,46.94921875,0.0
5944,-101.25,47.225390625,0.0
5945,-101.25,47.50156250000001,0.0
5946,-97.5,47.225390625,0.0
5947,-97.5,47.50156250000001,0.0
5948,-101.25,47.77773437500001,0.0
5949,-101.25,48.05390625,0.0
5950,-97.5,47.77773437500001,0.0
5951,-97.5,48.05390625,0.0
5952,-101.25,48.330078125,0.0
5953,-101.25,48.60625,0.0
5954,-97.5,48.330078125,0.0
5955,-97.5,48.60625,0.0
5956,-101.25,48.88242187500001,0.0
5957,-101.25,49.15859375,0.0
5958,-97.5,48.88242187500001,0.0
5959,-97.5,49.15859375,0.0
5960,-101.25,49.434765625,0.0
5961,-101.25,49.7109375,0.0
5962,-97.5,49.434765625,0.0
5963,-97.5,49.7109375,0.0
5964,-101.25,49.987109375,0.0
5965,-101.25,50.26328125000001,0.0
5966,-97.5,49.987109375,0.0
5967,-97.5,50.26328125000001,0.0
5968,-101.25,50.53945312500001,0.0
5969,-101.25,50.815625,0.0
5970,-97.5,50.53945312500001,0.0
5971,-97.5,50.815625,0.0
5972,-101.25,51.091796875,0.0
5973,-101.25,51.36796875,0.0
5974,-97.5,51.091796875,0.0
5975,-97.5,51.36796875,0.0
5976,-101.25,51.64414062500001,0.0
5977,-101.25,51.92031250000001,0.0
5978,-97.5,51.64414062500001,0.0
5979,-97.5,51.92031250000001,0.0
5980,-101.25,52.19648437500001,0.0
5981,-101.25,52.47265625000001,0.0
5982,-97.5,52.19648437500001,0.0
5983,-97.5,52.47265625000001,0.0
5984,-101.25,52.748828125,0.0
5985,-101.25,53.02500000000001,0.0
5986,-97.5,52.748828125,0.0
5987,-97.5,53.02500000000001,0.0
5988,-93.75,44.463671875,0.0
5989,-93.75,44.73984375,0.0
5990,-90.0,44.463671875,0.0
5991,-90.0,44.73984375,0.0
5992,-93.75,45.01601562499999,0.0
5993,-93.75,45.2921875,0.0
5994,-90.0,45.01601562499999,0.0
5995,-90.0,45.2921875,0.0
5996,-93.75,45.568359375,0.0
5997,-93.75,45.84453125,0.0
5998,-90.0,45.568359375,0.0
5999,-90.0,45.84453125,0.0
6000,-93.75,46.12070312500001,0.0
6001,-93.75,46.396875,0.0
6002,-90.0,46.12070312500001,0.0
6003,-90.0,46.396875,0.0
6004,-93.75,46.673046875,0.0
6005,-93.75,46.94921875,0.0
6006,-90.0,46.673046875,0.0
6007,-90.0,46.94921875,0.0
6008,-93.75,47.225390625,0.0
6009,-93.75,47.50156250000001,0.0
6010,-90.0,47.225390625,0.0
6011,-90.0,47.50156250000001,0.0
6012,-93.75,47.77773437500001,0.0
6013,-93.75,48.05390625,0.0
6014,-90.0,47.77773437500001,0.0
6015,-90.0,48.05390625,0.0
6016,-93.75,48.330078125,0.0
6017,-93.75,48.60625,0.0
6018,-90.0,48.330078125,0.0
6019,-90.0,48.60625,0.0
6020,-93.75,48.88242187500001,0.0
6021,-93.75,49.15859375,0.0
6022,-90.0,48.88242187500001,0.0
6023,-90.0,49.15859375,0.0
6024,-93.75,49.434765625,0.0
6025,-93.75,49.7109375,0.0
6026,-90.0,49.434765625,0.0
6027,-90.0,49.7109375,0.0
6028,-93.75,49.987109375,0.0
6029,-93.75,50.26328125000001,0.0
6030,-90.0,49.987109375,0.0
6031,-90.0,50.26328125000001,0.0
6032,-93.75,50.53945312500001,0.0
6033,-93.75,50.815625,0.0
6034,-90.0,50.53945312500001,0.0
6035,-90.0,50.815625,0.0
6036,-93.75,51.091796875,0.0
6037,-93.75,51.36796875,0.0
6038,-90.0,51.091796875,0.0
6039,-90.0,51.36796875,0.0
6040,-93.75,51.64414062500001,0.0
6041,-93.75,51.92031250000001,0.0
6042,-90.0,51.64414062500001,0.0
6043,-90.0,51.92031250000001,0.0
6044,-93.75,52.19648437500001,0.0
6045,-93.75,52.47265625000001,0.0
6046,-90.0,52.19648437500001,0.0
6047,-90.0,52.47265625000001,0.0
6048,-93.75,52.748828125,0.0
6049,-93.75,53.02500000000001,0.0
6050,-90.0,52.748828125,0.0
6051,-90.0,53.02500000000001,0.0
6052,-86.25,35.626171875,0.0
6053,-86.25,35.90234375,0.0
6054,-82.5,35.626171875,0.0
6055,-82.5,35.90234375,0.0
6056,-86.25,36.178515625,0.0
6057,-86.25,36.45468750000001,0.0
6058,-82.5,36.178515625,0.0
6059,-82.5,36.45468750000001,0.0
6060,-86.25,36.73085937500001,0.0
6061,-86.25,37.00703125,0.0
6062,-82.5,36.73085937500001,0.0
6063,-82.5,37.00703125,0.0
6064,-86.25,37.283203125,0.0
6065,-86.25,37.559375,0.0
6066,-82.5,37.283203125,0.0
6067,-82.5,37.559375,0.0
6068,-86.25,37.83554687500001,0.0
6069,-86.25,38.11171875,0.0
6070,-82.5,37.83554687500001,0.0
6071,-82.5,38.11171875,0.0
6072,-86.25,38.387890625,0.0
6073,-86.25,38.6640625,0.0
6074,-82.5,38.387890625,0.0
6075,-82.5,38.6640625,142011.72328231757
6076,-86.25,38.940234375,0.0
6077,-86.25,39.21640625,0.0
6078,-82.5,38.940234375,3645045.581334269
6079,-82.5,39.21640625,422346.4364823592
6080,-86.25,39.49257812499999,0.0
6081,-86.25,39.76875,0.0
6082,-82.5,39.49257812499999,103183.70306069504
6083,-82.5,39.76875,208204.9046484112
6084,-86.25,40.044921875,0.0
6085,-86.25,40.32109375,0.0
6086,-82.5,40.044921875,89791.74857072528
6087,-82.5,40.32109375,329781.0119469251
6088,-86.25,40.59726562499999,0.0
6089,-86.25,40.87343749999999,0.0
6090,-82.5,40.59726562499999,280481.3934275812
6091,-82.5,40.87343749999999,277235.278605467
6092,-86.25,41.149609375,0.0
6093,-86.25,41.42578125,0.0
6094,-82.5,41.149609375,317681.6424372191
6095,-82.5,41.42578125,487493.2645205516
6096,-86.25,41.701953125,0.0
6097,-86.25,41.978125,0.0
6098,-82.5,41.701953125,115749.2969441327
6099,-82.5,41.978125,494525.44533125265
6100,-86.25,42.25429687499999,0.0
6101,-86.25,42.53046875,0.0
6102,-82.5,42.25429687499999,395950.4770020613
6103,-82.5,42.53046875,160515.8225063708
6104,-86.25,42.806640625,0.0
6105,-86.25,43.0828125,0.0
6106,-82.5,42.806640625,283274.92812005104
6107,-82.5,43.0828125,347472.6802144934
6108,-86.25,43.35898437500001,0.0
6109,-86.25,43.63515625,0.0
6110,-82.5,43.35898437500001,265854.85580485075
6111,-82.5,43.63515625,5227480.174045507
6112,-86.25,43.911328125,0.0
6113,-86.25,44.1875,0.0
6114,-82.5,43.911328125,5539796.848140301
6115,-82.5,44.1875,3719826.4794064346
6116,-78.75,35.626171875,0.0
6117,-78.75,35.90234375,0.0
6118,-75.0,35.626171875,0.0
6119,-75.0,35.90234375,0.0
6120,-78.75,36.178515625,0.0
6121,-78.75,36.45468750000001,0.0
6122,-75.0,36.178515625,0.0
6123,-75.0,36.45468750000001,0.0
6124,-78.75,36.73085937500001,0.0
6125,-78.75,37.00703125,0.0
6126,-75.0,36.73085937500001,0.0
6127,-75.0,37.00703125,0.0
6128,-78.75,37.283203125,0.0
6129,-78.75,37.559375,0.0
6130,-75.0,37.283203125,0.0
6131,-75.0,37.559375,0.0
6132,-78.75,37.83554687500001,0.0
6133,-78.75,38.11171875,0.0
6134,-75.0,37.83554687500001,0.0
6135,-75.0,38.11171875,0.0
6136,-78.75,38.387890625,0.0
6137,-78.75,38.6640625,355029.3082057939
6138,-75.0,38.387890625,0.0
6139,-75.0,38.6640625,568046.8931292703
6140,-78.75,38.940234375,9112613.953335673
6141,-78.75,39.21640625,1055866.0912058977
6142,-75.0,38.940234375,14580182.325337077
6143,-75.0,39.21640625,1689385.7459294368
6144,-78.75,39.49257812499999,257959.2576517376
6145,-78.75,39.76875,520512.26162102807
6146,-75.0,39.49257812499999,412734.8122427802
6147,-75.0,39.76875,832819.6185936448
6148,-78.75,40.044921875,224479.37142681322
6149,-78.75,40.32109375,824452.5298673129
6150,-75.0,40.044921875,359166.9942829011
6151,-75.0,40.32109375,1319124.0477877003
6152,-78.75,40.59726562499999,701203.483568953
6153,-78.75,40.87343749999999,693088.1965136676
6154,-75.0,40.59726562499999,1121925.5737103247
6155,-75.0,40.87343749999999,1108941.114421868
6156,-78.75,41.149609375,794204.1060930478
6157,-78.75,41.42578125,1218733.161301379
6158,-75.0,41.149609375,1270726.5697488764
6159,-75.0,41.42578125,1949973.0580822064
6160,-78.75,41.701953125,289373.24236033176
6161,-78.75,41.978125,1236313.6133281314
6162,-75.0,41.701953125,462997.1877765308
6163,-75.0,41.978125,1978101.7813250106
6164,-78.75,42.25429687499999,989876.1925051534
6165,-78.75,42.53046875,401289.55626592704
6166,-75.0,42.25429687499999,1583801.9080082453
6167,-75.0,42.53046875,642063.2900254832
6168,-78.75,42.806640625,708187.3203001276
6169,-78.75,43.0828125,868681.7005362336
6170,-75.0,42.806640625,1133099.7124802042
6171,-75.0,43.0828125,1389890.7208579737
6172,-78.75,43.35898437500001,664637.1395121268
6173,-78.75,43.63515625,5343229.986561621
6174,-75.0,43.35898437500001,1063419.423219403
6175,-75.0,43.63515625,5458979.799077733
6176,-78.75,43.911328125,3769051.9844540353
6177,-78.75,44.1875,5267675.4911509035
6178,-75.0,43.911328125,1998307.1207677694
6179,-75.0,44.1875,6815524.502895374
6180,-86.25,44.463671875,0.0
6181,-86.25,44.73984375,0.0
6182,-82.5,44.463671875,3211286.0384706105
6183,-82.5,44.73984375,3026976.0352274673
6184,-86.25,45.01601562499999,0.0
6185,-86.25,45.2921875,0.0
6186,-82.5,45.01601562499999,1637256.097586873
6187,-82.5,45.2921875,2388926.17843251
6188,-86.25,45.568359375,0.0
6189,-86.25,45.84453125,0.0
6190,-82.5,45.568359375,1660586.484503603
6191,-82.5,45.84453125,2194551.9339935337
6192,-86.25,46.12070312500001,0.0
6193,-86.25,46.396875,0.0
6194,-82.5,46.12070312500001,1463146.1629768896
6195,-82.5,46.396875,365265.4521468111
6196,-86.25,46.673046875,0.0
6197,-86.25,46.94921875,0.0
6198,-82.5,46.673046875,654544.6615437921
6199,-82.5,46.94921875,1706067.0036012465
6200,-86.25,47.225390625,0.0
6201,-86.25,47.50156250000001,0.0
6202,-82.5,47.225390625,1711114.545325195
6203,-82.5,47.50156250000001,668045.8344331501
6204,-86.25,47.77773437500001,0.0
6205,-86.25,48.05390625,0.0
6206,-82.5,47.77773437500001,506494.50402369426
6207,-82.5,48.05390625,552349.273136984
6208,-86.25,48.330078125,0.0
6209,-86.25,48.60625,0.0
6210,-82.5,48.330078125,20752437.74424516
6211,-82.5,48.60625,5308321.123551861
6212,-86.25,48.88242187500001,0.0
6213,-86.25,49.15859375,0.0
6214,-82.5,48.88242187500001,2684224.189822792
6215,-82.5,49.15859375,15773493.81088924
6216,-86.25,49.434765625,0.0
6217,-86.25,49.7109375,0.0
6218,-82.5,49.434765625,13350520.10608821
6219,-82.5,49.7109375,4358927.219197337
6220,-86.25,49.987109375,0.0
6221,-86.25,50.26328125000001,0.0
6222,-82.5,49.987109375,4125103.377278243
6223,-82.5,50.26328125000001,2314039.827477602
6224,-86.25,50.53945312500001,0.0
6225,-86.25,50.815625,0.0
6226,-82.5,50.53945312500001,7087545.360175796
6227,-82.5,50.815625,3286557.0245338078
6228,-86.25,51.091796875,0.0
6229,-86.25,51.36796875,0.0
6230,-82.5,51.091796875,0.0
6231,-82.5,51.36796875,0.0
6232,-86.25,51.64414062500001,0.0
6233,-86.25,51.92031250000001,0.0
6234,-82.5,51.64414062500001,0.0
6235,-82.5,51.92031250000001,0.0
6236,-86.25,52.19648437500001,0.0
6237,-86.25,52.47265625000001,0.0
6238,-82.5,52.19648437500001,0.0
6239,-82.5,52.47265625000001,0.0
6240,-86.25,52.748828125,0.0
6241,-86.25,53.02500000000001,0.0
6242,-82.5,52.748828125,0.0
6243,-82.5,53.02500000000001,0.0
6244,-78.75,44.463671875,5092914.055853197
6245,-78.75,44.73984375,2855374.8628109964
6246,-75.0,44.463671875,6974542.073235786
6247,-75.0,44.73984375,2683773.6903945254
6248,-78.75,45.01601562499999,909911.3563010943
6249,-78.75,45.2921875,1194463.089216255
6250,-75.0,45.01601562499999,182566.6150153155
6251,-75.0,45.2921875,0.0
6252,-78.75,45.568359375,830293.2422518015
6253,-78.75,45.84453125,1097275.9669967669
6254,-75.0,45.568359375,0.0
6255,-75.0,45.84453125,0.0
6256,-78.75,46.12070312500001,731573.0814884448
6257,-78.75,46.396875,182632.72607340556
6258,-75.0,46.12070312500001,0.0
6259,-75.0,46.396875,0.0
6260,-78.75,46.673046875,327272.33077189606
6261,-78.75,46.94921875,853033.5018006233
6262,-75.0,46.673046875,0.0
6263,-75.0,46.94921875,0.0
6264,-78.75,47.225390625,855557.2726625975
6265,-78.75,47.50156250000001,334022.91721657506
6266,-75.0,47.225390625,0.0
6267,-75.0,47.50156250000001,0.0
6268,-78.75,47.77773437500001,253247.25201184713
6269,-78.75,48.05390625,276174.636568492
6270,-75.0,47.77773437500001,0.0
6271,-75.0,48.05390625,0.0
6272,-78.75,48.330078125,10376218.87212258
6273,-78.75,48.60625,2654160.5617759307
6274,-75.0,48.330078125,0.0
6275,-75.0,48.60625,0.0
6276,-78.75,48.88242187500001,1342112.094911396
6277,-78.75,49.15859375,7886746.90544462
6278,-75.0,48.88242187500001,0.0
6279,-75.0,49.15859375,0.0
6280,-78.75,49.434765625,6675260.053044105
6281,-78.75,49.7109375,2179463.6095986683
6282,-75.0,49.434765625,0.0
6283,-75.0,49.7109375,0.0
6284,-78.75,49.987109375,2062551.6886391216
6285,-78.75,50.26328125000001,1157019.913738801
6286,-75.0,49.987109375,0.0
6287,-75.0,50.26328125000001,0.0
6288,-78.75,50.53945312500001,3543772.680087898
6289,-78.75,50.815625,1643278.5122669039
6290,-75.0,50.53945312500001,0.0
6291,-75.0,50.815625,0.0
6292,-78.75,51.091796875,0.0
6293,-78.75,51.36796875,0.0
6294,-75.0,51.091796875,0.0
6295,-75.0,51.36796875,0.0
6296,-78.75,51.64414062500001,0.0
6297,-78.75,51.92031250000001,0.0
6298,-75.0,51.64414062500001,0.0
6299,-75.0,51.92031250000001,0.0
6300,-78.75,52.19648437500001,0.0
6301,-78.75,52.47265625000001,0.0
6302,-75.0,52.19648437500001,0.0
6303,-75.0,52.47265625000001,0.0
6304,-78.75,52.748828125,0.0
6305,-78.75,53.02500000000001,0.0
6306,-75.0,52.748828125,0.0
6307,-75.0,53.02500000000001,0.0
6308,-71.25,35.626171875,10153853.822707111
6309,-71.25,35.90234375,3551070.693492712
6310,-67.5,35.626171875,20307707.645414222
6311,-67.5,35.90234375,7102141.386985424
6312,-71.25,36.178515625,6352021.087883839
6313,-71.25,36.45468750000001,14587632.229929432
6314,-67.5,36.178515625,12704042.175767679
6315,-67.5,36.45468750000001,29175264.459858865
6316,-71.25,36.73085937500001,5427763.99655462
6317,-71.25,37.00703125,5180363.192665491
6318,-67.5,36.73085937500001,10855527.99310924
6319,-67.5,37.00703125,10360726.385330983
6320,-71.25,37.283203125,6235546.335134314
6321,-71.25,37.559375,1128272.043791218
6322,-67.5,37.283203125,12471092.670268629
6323,-67.5,37.559375,2256544.087582436
6324,-71.25,37.83554687500001,1661122.366334183
6325,-71.25,38.11171875,2189166.6005579648
6326,-67.5,37.83554687500001,3322244.732668366
6327,-67.5,38.11171875,4378333.2011159295
6328,-71.25,38.387890625,1446448.9943856844
6329,-71.25,38.6640625,2322288.6845017057
6330,-67.5,38.387890625,2892897.9887713687
6331,-67.5,38.6640625,4076530.475874142
6332,-71.25,38.940234375,15016355.168560104
6333,-71.25,39.21640625,3051970.0624350854
6334,-67.5,38.940234375,15452528.011783134
6335,-67.5,39.21640625,4414554.378940735
6336,-71.25,39.49257812499999,269366.3705088937
6337,-71.25,39.76875,520512.26162102807
6338,-67.5,39.49257812499999,125997.92877500723
6339,-67.5,39.76875,208204.9046484112
6340,-71.25,40.044921875,224479.37142681322
6341,-71.25,40.32109375,824452.5298673129
6342,-67.5,40.044921875,89791.74857072528
6343,-67.5,40.32109375,329781.0119469251
6344,-71.25,40.59726562499999,701203.483568953
6345,-71.25,40.87343749999999,693088.1965136676
6346,-67.5,40.59726562499999,280481.3934275812
6347,-67.5,40.87343749999999,277235.278605467
6348,-71.25,41.149609375,794204.1060930478
6349,-71.25,41.42578125,1218733.161301379
6350,-67.5,41.149609375,317681.6424372191
6351,-67.5,41.42578125,487493.2645205516
6352,-71.25,41.701953125,289373.24236033176
6353,-71.25,41.978125,1236313.6133281314
6354,-67.5,41.701953125,115749.2969441327
6355,-67.5,41.978125,494525.44533125265
6356,-71.25,42.25429687499999,989876.1925051534
6357,-71.25,42.53046875,401289.55626592704
6358,-67.5,42.25429687499999,395950.4770020613
6359,-67.5,42.53046875,160515.8225063708
6360,-71.25,42.806640625,708187.3203001276
6361,-71.25,43.0828125,868681.7005362336
6362,-67.5,42.806640625,283274.92812005104
6363,-67.5,43.0828125,347472.6802144934
6364,-71.25,43.35898437500001,664637.1395121268
6365,-71.25,43.63515625,3411862.3744235835
6366,-67.5,43.35898437500001,265854.85580485075
6367,-67.5,43.63515625,1364744.9497694334
6368,-71.25,43.911328125,1248941.950479856
6369,-71.25,44.1875,4259702.814309608
6370,-67.5,43.911328125,499576.78019194235
6371,-67.5,44.1875,1703881.1257238435
6372,-63.75,35.626171875,25872014.749448635
6373,-63.75,35.90234375,9496016.375108302
6374,-60.0,35.626171875,22257228.416137666
6375,-60.0,35.90234375,9575499.952491513
6376,-63.75,36.178515625,19056524.62691798
6377,-63.75,36.45468750000001,37192180.34502749
6378,-60.0,36.178515625,25409929.804601207
6379,-60.0,36.45468750000001,32067663.540674537
6380,-63.75,36.73085937500001,16102871.185217887
6381,-63.75,37.00703125,13426896.110204954
6382,-60.0,36.73085937500001,20989372.76843459
6383,-60.0,37.00703125,12264678.89949588
6384,-63.75,37.283203125,15145442.96622842
6385,-63.75,37.559375,3611463.7821808127
6386,-60.0,37.283203125,10697401.183839165
6387,-60.0,37.559375,5419678.778393503
6388,-63.75,37.83554687500001,4425190.987891205
6389,-63.75,38.11171875,5683269.168420963
6390,-60.0,37.83554687500001,4411785.020891357
6391,-60.0,38.11171875,5219743.869220134
6392,-63.75,38.387890625,3967892.592105664
6393,-63.75,38.6640625,5037043.3527970165
6394,-60.0,38.387890625,4299978.41333718
6395,-60.0,38.6640625,4410098.400820769
6396,-63.75,38.940234375,14247304.023943461
6397,-63.75,39.21640625,5254420.2276814375
6398,-60.0,38.940234375,9759286.373978395
6399,-60.0,39.21640625,5048849.140892251
6400,-63.75,39.49257812499999,985019.5873389613
6401,-63.75,39.76875,818383.8978422991
6402,-60.0,39.49257812499999,3848821.4464985966
6403,-60.0,39.76875,3273535.5913691963
6404,-63.75,40.044921875,642409.9661470046
6405,-63.75,40.32109375,1283475.0388539885
6406,-60.0,40.044921875,2569639.8645880185
6407,-60.0,40.32109375,5133900.155415954
6408,-63.75,40.59726562499999,1046873.7241508416
6409,-63.75,40.87343749999999,7596548.361241195
6410,-60.0,40.59726562499999,4187494.8966033664
6411,-60.0,40.87343749999999,30386193.44496478
6412,-63.75,41.149609375,1649248.7436973564
6413,-63.75,41.42578125,778628.7687258008
6414,-60.0,41.149609375,6596994.974789426
6415,-60.0,41.42578125,3114515.074903203
6416,-63.75,41.701953125,719097.0535054664
6417,-63.75,41.978125,2025354.5422679659
6418,-60.0,41.701953125,2876388.2140218657
6419,-60.0,41.978125,8101418.169071863
6420,-63.75,42.25429687499999,4555528.900297688
6421,-63.75,42.53046875,2408435.9376248037
6422,-60.0,42.25429687499999,18222115.601190753
6423,-60.0,42.53046875,9633743.750499215
6424,-63.75,42.806640625,1891440.9816859714
6425,-63.75,43.0828125,1039814.0338925117
6426,-60.0,42.806640625,7565763.9267438855
6427,-60.0,43.0828125,4159256.135570047
6428,-63.75,43.35898437500001,2426148.376077894
6429,-63.75,43.63515625,2859266.7683611745
6430,-60.0,43.35898437500001,9704593.504311576
6431,-60.0,43.63515625,11437067.073444698
6432,-63.75,43.911328125,442530.71112723474
6433,-63.75,44.1875,462039.69696157996
6434,-60.0,43.911328125,1770122.844508939
6435,-60.0,44.1875,1848158.7878463198
6436,-71.25,44.463671875,4359088.795772365
6437,-71.25,44.73984375,1677358.5564965785
6438,-67.5,44.463671875,1743635.5183089464
6439,-67.5,44.73984375,670943.4225986314
6440,-71.25,45.01601562499999,114104.13438457219
6441,-71.25,45.2921875,0.0
6442,-67.5,45.01601562499999,45641.653753828876
6443,-67.5,45.2921875,0.0
6444,-71.25,45.568359375,471990.03357697255
6445,-71.25,45.84453125,2024421.9093876632
6446,-67.5,45.568359375,943980.0671539451
6447,-67.5,45.84453125,4048843.8187753265
6448,-71.25,46.12070312500001,3662818.323295298
6449,-71.25,46.396875,2790914.1137682316
6450,-67.5,46.12070312500001,7325636.646590596
6451,-67.5,46.396875,5581828.227536463
6452,-71.25,46.673046875,5316601.301573354
6453,-71.25,46.94921875,3817593.9331262116
6454,-67.5,46.673046875,10633202.603146708
6455,-67.5,46.94921875,7635187.866252423
6456,-71.25,47.225390625,2185119.92214148
6457,-71.25,47.50156250000001,2166230.902403806
6458,-67.5,47.225390625,4370239.84428296
6459,-67.5,47.50156250000001,4332461.804807612
6460,-71.25,47.77773437500001,8711327.159062358
6461,-71.25,48.05390625,2045157.0174504386
6462,-67.5,47.77773437500001,17422654.318124715
6463,-67.5,48.05390625,4090314.034900877
6464,-71.25,48.330078125,4145936.7018026426
6465,-71.25,48.60625,3642056.4239030625
6466,-67.5,48.330078125,8291873.403605285
6467,-67.5,48.60625,7284112.847806125
6468,-71.25,48.88242187500001,2030286.7247619038
6469,-71.25,49.15859375,3399057.960234954
6470,-67.5,48.88242187500001,4060573.4495238075
6471,-67.5,49.15859375,6798115.920469908
6472,-71.25,49.434765625,1502313.7223309178
6473,-71.25,49.7109375,673559.7662504774
6474,-67.5,49.434765625,3004627.4446618357
6475,-67.5,49.7109375,1347119.5325009548
6476,-71.25,49.987109375,264124.2335073254
6477,-71.25,50.26328125000001,496230.04413321125
6478,-67.5,49.987109375,528248.4670146508
6479,-67.5,50.26328125000001,992460.0882664225
6480,-71.25,50.53945312500001,522663.4856962067
6481,-71.25,50.815625,377166.0171020661
6482,-67.5,50.53945312500001,1045326.9713924134
6483,-67.5,50.815625,754332.0342041322
6484,-71.25,51.091796875,347935.9308427234
6485,-71.25,51.36796875,178893.6065960062
6486,-67.5,51.091796875,695871.8616854468
6487,-67.5,51.36796875,357787.2131920124
6488,-71.25,51.64414062500001,509175.5151321313
6489,-71.25,51.92031250000001,372275.63276469795
6490,-67.5,51.64414062500001,1018351.0302642626
6491,-67.5,51.92031250000001,744551.2655293959
6492,-71.25,52.19648437500001,380314.85454004887
6493,-71.25,52.47265625000001,554043.4242410501
6494,-67.5,52.19648437500001,760629.7090800977
6495,-67.5,52.47265625000001,1108086.8484821003
6496,-71.25,52.748828125,405590.09864136163
6497,-71.25,53.02500000000001,349510.07336242136
6498,-67.5,52.748828125,811180.1972827233
6499,-67.5,53.02500000000001,699020.1467248427
6500,-63.75,44.463671875,403126.72335383133
6501,-63.75,44.73984375,857687.7541723973
6502,-60.0,44.463671875,1612506.8934153253
6503,-60.0,44.73984375,3430751.0166895892
6504,-63.75,45.01601562499999,798504.1236898224
6505,-63.75,45.2921875,541777.1383037006
6506,-60.0,45.01601562499999,3194016.4947592895
6507,-60.0,45.2921875,2167108.5532148024
6508,-63.75,45.568359375,2212518.4021249646
6509,-63.75,45.84453125,5678793.580152638
6510,-60.0,45.568359375,5074153.339884078
6511,-60.0,45.84453125,6519799.045509247
6512,-63.75,46.12070312500001,8994536.453028612
6513,-63.75,46.396875,7370577.288174921
6514,-60.0,46.12070312500001,6675599.225752058
6515,-60.0,46.396875,7154996.242553831
6516,-63.75,46.673046875,13114709.654860657
6517,-63.75,46.94921875,9585715.5324759
6518,-60.0,46.673046875,9926028.206855798
6519,-60.0,46.94921875,7802110.664893905
6520,-63.75,47.225390625,6562660.458962281
6521,-63.75,47.50156250000001,5930250.075762623
6522,-60.0,47.225390625,8769682.458717285
6523,-60.0,47.50156250000001,6391153.083820046
6524,-63.75,47.77773437500001,21377905.01169417
6525,-63.75,48.05390625,5486714.698983144
6526,-60.0,47.77773437500001,15821002.774277825
6527,-60.0,48.05390625,5585602.656329069
6528,-63.75,48.330078125,11839060.422286177
6529,-63.75,48.60625,11932800.282959294
6530,-60.0,48.330078125,14188748.074723557
6531,-60.0,48.60625,18594749.74061268
6532,-63.75,48.88242187500001,5580056.933974815
6533,-63.75,49.15859375,9012279.678493956
6534,-60.0,48.88242187500001,6077933.937804027
6535,-60.0,49.15859375,8856655.032096187
6536,-63.75,49.434765625,3958895.4191833325
6537,-63.75,49.7109375,1880490.8699881556
6538,-60.0,49.434765625,3817071.8980859895
6539,-60.0,49.7109375,2133485.3499488025
6540,-63.75,49.987109375,1488627.573264022
6541,-63.75,50.26328125000001,1577953.8965976955
6542,-60.0,49.987109375,3841516.424997485
6543,-60.0,50.26328125000001,2341975.233325092
6544,-63.75,50.53945312500001,1641707.9603376465
6545,-63.75,50.815625,1120304.24714802
6546,-60.0,50.53945312500001,2385523.9557809313
6547,-60.0,50.815625,1463888.8517755507
6548,-63.75,51.091796875,1095835.3668258132
6549,-63.75,51.36796875,2842180.0317426403
6550,-60.0,51.091796875,1599854.0205614655
6551,-60.0,51.36796875,9937571.274202513
6552,-63.75,51.64414062500001,3422216.7445427612
6553,-63.75,51.92031250000001,1609377.2242069782
6554,-60.0,51.64414062500001,9615462.857113995
6555,-60.0,51.92031250000001,3459303.834710329
6556,-63.75,52.19648437500001,1754318.409050922
6557,-63.75,52.47265625000001,2636202.4532758626
6558,-60.0,52.19648437500001,3974754.7998832976
6559,-60.0,52.47265625000001,6112462.419175047
6560,-63.75,52.748828125,2202710.584334726
6561,-63.75,53.02500000000001,1510855.6912305222
6562,-60.0,52.748828125,5566121.54820801
6563,-60.0,53.02500000000001,3247342.178022718
6564,-56.25,35.626171875,18642442.082826693
6565,-56.25,35.90234375,9654983.52987472
6566,-52.5,35.626171875,40838768.68343756
6567,-52.5,35.90234375,37880775.62637202
6568,-56.25,36.178515625,31763334.982284434
6569,-56.25,36.45468750000001,26943146.736321572
6570,-52.5,36.178515625,62977902.59091658
6571,-52.5,36.45468750000001,45170114.15706631
6572,-56.25,36.73085937500001,25875874.351651303
6573,-56.25,37.00703125,11102461.688786808
6574,-52.5,36.73085937500001,38558059.99506547
6575,-52.5,37.00703125,29309491.782815404
6576,-56.25,37.283203125,6249359.401449911
6577,-56.25,37.559375,7227893.774606195
6578,-52.5,37.283203125,39485257.7892672
6579,-52.5,37.559375,20838671.005822167
6580,-56.25,37.83554687500001,4398379.05389151
6581,-56.25,38.11171875,4756218.570019306
6582,-52.5,37.83554687500001,16631916.825941196
6583,-52.5,38.11171875,17751736.637976572
6584,-56.25,38.387890625,4632064.2345686965
6585,-56.25,38.6640625,3783153.4488445222
6586,-52.5,38.387890625,18108859.68398215
6587,-52.5,38.6640625,15614021.837503968
6588,-56.25,38.940234375,5271268.724013328
6589,-56.25,39.21640625,4843278.054103065
6590,-52.5,38.940234375,15212830.331980009
6591,-52.5,39.21640625,14372769.928471146
6592,-56.25,39.49257812499999,6712623.305658231
6593,-56.25,39.76875,5728687.284896093
6594,-52.5,39.49257812499999,13133069.136145629
6595,-52.5,39.76875,12846581.78951446
6596,-56.25,40.044921875,4496869.763029032
6597,-56.25,40.32109375,8984325.27197792
6598,-52.5,40.044921875,14298025.562356312
6599,-52.5,40.32109375,19592704.194739684
6600,-56.25,40.59726562499999,7328116.069055891
6601,-56.25,40.87343749999999,53175838.528688364
6602,-52.5,40.59726562499999,16292867.57910445
6603,-52.5,40.87343749999999,70414184.97951105
6604,-56.25,41.149609375,11544741.205881495
6605,-56.25,41.42578125,5450401.381080605
6606,-52.5,41.149609375,33863890.84395166
6607,-52.5,41.42578125,23640814.01946964
6608,-56.25,41.701953125,5033679.374538264
6609,-56.25,41.978125,14177481.79587576
6610,-52.5,41.701953125,29067011.248025123
6611,-52.5,41.978125,30370857.388236556
6612,-56.25,42.25429687499999,31888702.302083824
6613,-56.25,42.53046875,16859051.563373625
6614,-52.5,42.25429687499999,49652807.01463612
6615,-52.5,42.53046875,39829125.25877719
6616,-56.25,42.806640625,13240086.871801801
6617,-56.25,43.0828125,7278698.2372475825
6618,-52.5,42.806640625,35660966.72346232
6619,-52.5,43.0828125,24820112.604848772
6620,-56.25,43.35898437500001,16983038.63254526
6621,-56.25,43.63515625,20014867.378528222
6622,-52.5,43.35898437500001,32413223.419392876
6623,-52.5,43.63515625,24713956.032748666
6624,-56.25,43.911328125,3097714.9778906433
6625,-56.25,44.1875,3234277.87873106
6626,-52.5,43.911328125,9470843.923169918
6627,-52.5,44.1875,12439994.068303736
6628,-48.75,35.626171875,75940651.75100936
6629,-48.75,35.90234375,80179721.98242635
6630,-45.0,35.626171875,111042534.81858116
6631,-45.0,35.90234375,122478668.3384807
6632,-48.75,36.178515625,106623051.41502316
6633,-48.75,36.45468750000001,75072823.69035989
6634,-45.0,36.178515625,150268200.23912978
6635,-45.0,36.45468750000001,104975533.22365347
6636,-48.75,36.73085937500001,55138087.66857838
6637,-48.75,37.00703125,57201145.52921283
6638,-45.0,36.73085937500001,71718115.34209129
6639,-45.0,37.00703125,85092799.27561027
6640,-48.75,37.283203125,91563126.26218776
6641,-48.75,37.559375,40350729.354539774
6642,-45.0,37.283203125,143640994.73510832
6643,-45.0,37.559375,59862787.70325739
6644,-48.75,37.83554687500001,34988926.467515655
6645,-48.75,38.11171875,37476776.3895129
6646,-45.0,37.83554687500001,53345936.109090105
6647,-45.0,38.11171875,57201816.14104921
6648,-48.75,38.387890625,38158009.947486565
6649,-48.75,38.6640625,33673796.89648126
6650,-45.0,38.387890625,58207160.21099098
6651,-45.0,38.6640625,51733571.95545855
6652,-48.75,38.940234375,32369181.56891256
6653,-48.75,39.21640625,28769793.283417866
6654,-45.0,38.940234375,49525532.80584512
6655,-45.0,39.21640625,43166816.638364576
6656,-48.75,39.49257812499999,21331836.952296905
6657,-48.75,39.76875,22295847.699678555
6658,-45.0,39.49257812499999,29530604.768448185
6659,-45.0,39.76875,31745113.609842654
6660,-48.75,40.044921875,28036144.312126722
6661,-48.75,40.32109375,33580060.020601355
6662,-45.0,40.044921875,41774263.061897136
6663,-45.0,40.32109375,47567415.846463025
6664,-48.75,40.59726562499999,28169684.25795103
6665,-48.75,40.87343749999999,84876882.11388327
6666,-45.0,40.59726562499999,40046500.936797604
6667,-45.0,40.87343749999999,99339579.24825549
6668,-48.75,41.149609375,64868742.18551086
6669,-48.75,41.42578125,49758489.82396449
6670,-45.0,41.149609375,95873593.52707008
6671,-45.0,41.42578125,75876165.62845933
6672,-48.75,41.701953125,64038363.47799722
6673,-48.75,41.978125,51622888.96337581
6674,-45.0,41.701953125,99009715.70796931
6675,-45.0,41.978125,72874920.53851505
6676,-48.75,42.25429687499999,69465670.73301804
6677,-48.75,42.53046875,70671581.89544535
6678,-45.0,42.25429687499999,89278534.45139995
6679,-45.0,42.53046875,101514038.53211349
6680,-48.75,42.806640625,66455125.028424144
6681,-48.75,43.0828125,49572513.1054118
6682,-45.0,42.806640625,97249283.33338597
6683,-45.0,43.0828125,74324913.60597481
6684,-48.75,43.35898437500001,51919278.03554746
6685,-48.75,43.63515625,27473688.861537572
6686,-45.0,43.35898437500001,71425332.65170203
6687,-45.0,43.63515625,30233421.69032648
6688,-48.75,43.911328125,18366741.274397984
6689,-48.75,44.1875,25555508.807220377
6690,-45.0,43.911328125,27262638.62562605
6691,-45.0,44.1875,38671023.54613702
6692,-56.25,44.463671875,2821887.0634768195
6693,-56.25,44.73984375,6003814.279206782
6694,-52.5,44.463671875,10352576.168274142
6695,-52.5,44.73984375,13960167.91283925
6696,-56.25,45.01601562499999,5589528.865828757
6697,-56.25,45.2921875,3792439.968125904
6698,-52.5,45.01601562499999,16602000.94609126
6699,-52.5,45.2921875,25791334.817673426
6700,-56.25,45.568359375,7935788.277643191
6701,-56.25,45.84453125,7360804.510865856
6702,-52.5,45.568359375,44032874.46421546
6703,-52.5,45.84453125,47080990.44198751
6704,-56.25,46.12070312500001,4356661.998475506
6705,-56.25,46.396875,6939415.1969327405
6706,-52.5,46.12070312500001,10204333.297314463
6707,-52.5,46.396875,12602580.722483411
6708,-56.25,46.673046875,6737346.7588509405
6709,-56.25,46.94921875,6018505.79731191
6710,-52.5,46.673046875,13885031.67519491
6711,-52.5,46.94921875,10259668.901104478
6712,-56.25,47.225390625,10976704.45847229
6713,-56.25,47.50156250000001,6852056.09187747
6714,-52.5,47.225390625,14488123.413443137
6715,-52.5,47.50156250000001,13936900.59142406
6716,-56.25,47.77773437500001,10264100.53686148
6717,-56.25,48.05390625,5684490.613674995
6718,-52.5,47.77773437500001,19751254.524292547
6719,-52.5,48.05390625,9184874.008258238
6720,-56.25,48.330078125,16538435.727160942
6721,-56.25,48.60625,25256699.19826606
6722,-52.5,48.330078125,17025426.51154975
6723,-52.5,48.60625,27956136.55455552
6724,-56.25,48.88242187500001,6575810.94163324
6725,-56.25,49.15859375,8701030.385698419
6726,-52.5,48.88242187500001,10430223.775431946
6727,-52.5,49.15859375,21429157.764170364
6728,-56.25,49.434765625,3675248.3769886466
6729,-56.25,49.7109375,2386479.8299094494
6730,-52.5,49.434765625,10110637.462805364
6731,-52.5,49.7109375,5071392.010026721
6732,-56.25,49.987109375,6194405.276730948
6733,-56.25,50.26328125000001,3105996.5700524887
6734,-52.5,49.987109375,13350565.310702395
6735,-52.5,50.26328125000001,5382539.7719693165
6736,-56.25,50.53945312500001,3129339.951224217
6737,-56.25,50.815625,1807473.4564030818
6738,-52.5,50.53945312500001,16984324.358575244
6739,-52.5,50.815625,2952530.019567849
6740,-56.25,51.091796875,2103872.6742971176
6741,-56.25,51.36796875,17032962.516662385
6742,-52.5,51.091796875,2448275.3443463217
6743,-52.5,51.36796875,15143397.388375811
6744,-56.25,51.64414062500001,15808708.96968523
6745,-56.25,51.92031250000001,5309230.445213679
6746,-52.5,51.64414062500001,13896423.053898912
6747,-52.5,51.92031250000001,5880486.77390159
6748,-56.25,52.19648437500001,6195191.190715673
6749,-56.25,52.47265625000001,9588722.385074234
6750,-52.5,52.19648437500001,9408444.688678358
6751,-52.5,52.47265625000001,11277513.271421451
6752,-56.25,52.748828125,8929532.512081295
6753,-56.25,53.02500000000001,4983828.664814914
6754,-52.5,52.748828125,11643592.953502553
6755,-52.5,53.02500000000001,8983939.986880783
6756,-48.75,44.463671875,21043919.74043938
6757,-48.75,44.73984375,24608166.73202936
6758,-45.0,44.463671875,31735263.31260462
6759,-45.0,44.73984375,35256165.55121946
6760,-48.75,45.01601562499999,31922952.880950283
6761,-48.75,45.2921875,57977011.38453916
6762,-45.0,45.01601562499999,47243904.81580931
6763,-45.0,45.2921875,90162687.95140488
6764,-48.75,45.568359375,96747686.27519429
6765,-48.75,45.84453125,106240766.60599166
6766,-45.0,45.568359375,149462498.08617315
6767,-45.0,45.84453125,165400542.76999584
6768,-48.75,46.12070312500001,20135308.859211177
6769,-48.75,46.396875,21205119.533619963
6770,-45.0,46.12070312500001,30066284.421107884
6771,-45.0,46.396875,29807658.344756514
6772,-48.75,46.673046875,26200899.77371329
6773,-48.75,46.94921875,17513215.99058432
6774,-45.0,46.673046875,38516767.87223168
6775,-45.0,46.94921875,24766763.08006417
6776,-48.75,47.225390625,18651740.846021906
6777,-48.75,47.50156250000001,24333715.83671523
6778,-45.0,47.225390625,22815358.27860068
6779,-45.0,47.50156250000001,34730531.0820064
6780,-48.75,47.77773437500001,36760436.624147326
6781,-48.75,48.05390625,14386005.121460142
6782,-45.0,47.77773437500001,53769618.72400211
6783,-45.0,48.05390625,19587136.23466205
6784,-48.75,48.330078125,16581068.861914275
6785,-48.75,48.60625,28674317.860163014
6786,-45.0,48.330078125,16136711.212278802
6787,-45.0,48.60625,29392499.16577051
6788,-48.75,48.88242187500001,15962904.524215396
6789,-48.75,49.15859375,40599161.15507716
6790,-45.0,48.88242187500001,21495585.27299885
6791,-45.0,49.15859375,59769164.545983955
6792,-48.75,49.434765625,19834632.852079116
6793,-48.75,49.7109375,8972263.040222308
6794,-45.0,49.434765625,29558628.241352864
6795,-45.0,49.7109375,12873134.070417892
6796,-48.75,49.987109375,22908360.935792834
6797,-48.75,50.26328125000001,8415343.90648086
6798,-45.0,49.987109375,32466156.560883265
6799,-45.0,50.26328125000001,11448148.040992402
6800,-48.75,50.53945312500001,37394892.97188013
6801,-48.75,50.815625,4498322.562001234
6802,-45.0,50.53945312500001,57805461.585185036
6803,-45.0,50.815625,6044115.10443462
6804,-48.75,51.091796875,2712870.022552301
6805,-48.75,51.36796875,8761354.074716015
6806,-45.0,51.091796875,2977464.7007582807
6807,-45.0,51.36796875,2379310.7610562183
6808,-48.75,51.64414062500001,7931371.123933818
6809,-48.75,51.92031250000001,5812407.96168178
6810,-45.0,51.64414062500001,1966319.1939687259
6811,-45.0,51.92031250000001,5744329.149461972
6812,-48.75,52.19648437500001,13118106.7402062
6813,-48.75,52.47265625000001,12072569.617992684
6814,-45.0,52.19648437500001,16827768.79173404
6815,-45.0,52.47265625000001,12867625.964563917
6816,-48.75,52.748828125,14032978.133697793
6817,-48.75,53.02500000000001,14115863.726583488
6818,-45.0,52.748828125,16422363.313893037
6819,-45.0,53.02500000000001,19247787.466286194
6820,-41.25,35.626171875,222641280.86663908
6821,-41.25,35.90234375,206120197.8652048
6822,-37.5,35.626171875,334240026.91469705
6823,-37.5,35.90234375,289761727.391929
6824,-41.25,36.178515625,239372074.04955786
6825,-41.25,36.45468750000001,227196426.31948262
6826,-37.5,36.178515625,328475947.85998595
6827,-37.5,36.45468750000001,349417319.41531175
6828,-41.25,36.73085937500001,132060260.57486163
6829,-41.25,37.00703125,163832367.79337865
6830,-37.5,36.73085937500001,192402405.807632
6831,-37.5,37.00703125,242571936.31114703
6832,-41.25,37.283203125,196204246.55867815
6833,-41.25,37.559375,190832049.00405955
6834,-37.5,37.283203125,248767498.38224798
6835,-37.5,37.559375,321801310.3048617
6836,-41.25,37.83554687500001,181441402.02575782
6837,-41.25,38.11171875,175983244.20676512
6838,-37.5,37.83554687500001,309536867.94242555
6839,-37.5,38.11171875,294764672.2724811
6840,-41.25,38.387890625,179583976.54973724
6841,-41.25,38.6640625,149609075.23614103
6842,-37.5,38.387890625,300960792.8884835
6843,-37.5,38.6640625,247484578.51682347
6844,-41.25,38.940234375,128788139.36314513
6845,-41.25,39.21640625,149789266.64788342
6846,-37.5,38.940234375,208050745.92044514
6847,-37.5,39.21640625,256411716.65740222
6848,-41.25,39.49257812499999,158987889.21151456
6849,-41.25,39.76875,118090627.72721544
6850,-37.5,39.49257812499999,288445173.65458095
6851,-37.5,39.76875,204436141.84458822
6852,-41.25,40.044921875,124967450.81970531
6853,-41.25,40.32109375,159345417.6259872
6854,-37.5,40.044921875,208160638.57751346
6855,-37.5,40.32109375,271123419.4055114
6856,-41.25,40.59726562499999,151380886.57887882
6857,-41.25,40.87343749999999,148371292.1690223
6858,-37.5,40.59726562499999,262715272.22096005
6859,-37.5,40.87343749999999,197403005.0897891
6860,-41.25,41.149609375,138507494.1442913
6861,-41.25,41.42578125,166293223.99622238
6862,-37.5,41.149609375,181141394.76151258
6863,-37.5,41.42578125,256710282.36398542
6864,-41.25,41.701953125,140082012.70010328
6865,-41.25,41.978125,104944393.00029947
6866,-37.5,41.701953125,181154309.6922372
6867,-37.5,41.978125,137013865.4620839
6868,-41.25,42.25429687499999,126812252.93936454
6869,-41.25,42.53046875,155422953.24083602
6870,-37.5,42.25429687499999,164345971.42732912
6871,-37.5,42.53046875,209331867.94955853
6872,-41.25,42.806640625,137509172.947245
6873,-41.25,43.0828125,134067904.73175767
6874,-37.5,42.806640625,177769062.561104
6875,-37.5,43.0828125,193810895.85754055
6876,-41.25,43.35898437500001,129569266.54763754
6877,-41.25,43.63515625,104915543.93093792
6878,-37.5,43.35898437500001,187713200.44357303
6879,-37.5,43.63515625,179597666.17154932
6880,-41.25,43.911328125,159281303.73719865
6881,-41.25,44.1875,91979144.07106191
6882,-37.5,43.911328125,291299968.8487713
6883,-37.5,44.1875,145287264.5959868
6884,-33.75,35.626171875,468976100.3067046
6885,-33.75,35.90234375,422955411.92801064
6886,-30.0,35.626171875,649986828.3866117
6887,-30.0,35.90234375,655253406.4828078
6888,-33.75,36.178515625,448345496.92529047
6889,-33.75,36.45468750000001,479519101.04218036
6890,-30.0,36.178515625,629746396.5003479
6891,-30.0,36.45468750000001,625382659.731128
6892,-33.75,36.73085937500001,319765079.6888751
6893,-33.75,37.00703125,386543809.7109413
6894,-30.0,36.73085937500001,581168810.8670636
6895,-30.0,37.00703125,660980292.8747874
6896,-33.75,37.283203125,363795710.8994153
6897,-33.75,37.559375,476003132.93787503
6898,-30.0,37.283203125,603753844.8037775
6899,-30.0,37.559375,676670078.2353104
6900,-33.75,37.83554687500001,440190758.3851868
6901,-33.75,38.11171875,442770311.3712982
6902,-30.0,37.83554687500001,575961497.8801352
6903,-30.0,38.11171875,649224372.536318
6904,-33.75,38.387890625,445245335.2085129
6905,-33.75,38.6640625,366542640.26966596
6906,-30.0,38.387890625,635345329.4911082
6907,-30.0,38.6640625,527965818.9668285
6908,-33.75,38.940234375,315704465.89584243
6909,-33.75,39.21640625,366941603.4178637
6910,-30.0,38.940234375,480140412.7074342
6911,-30.0,39.21640625,485286363.68021053
6912,-33.75,39.49257812499999,419428064.8371327
6913,-33.75,39.76875,329501671.0723619
6914,-30.0,39.49257812499999,553462169.4986553
6915,-30.0,39.76875,532007230.5209371
6916,-33.75,40.044921875,318313384.8665438
6917,-33.75,40.32109375,384171473.4602906
6918,-30.0,40.044921875,482385248.2180184
6919,-30.0,40.32109375,499759632.06557965
6920,-33.75,40.59726562499999,371466596.71159834
6921,-33.75,40.87343749999999,286076758.4761202
6922,-30.0,40.59726562499999,475051798.89935064
6923,-30.0,40.87343749999999,454034592.7935799
6924,-33.75,41.149609375,266606582.08299232
6925,-33.75,41.42578125,359915382.28778124
6926,-30.0,41.149609375,437734342.81298906
6927,-30.0,41.42578125,488696565.3236428
6928,-33.75,41.701953125,265451204.8091929
6929,-33.75,41.978125,221833537.24199146
6930,-30.0,41.701953125,436197296.17579204
6931,-30.0,41.978125,412153607.65814537
6932,-33.75,42.25429687499999,245171921.01146787
6933,-33.75,42.53046875,297705874.34342754
6934,-30.0,42.25429687499999,412582332.7879549
6935,-30.0,42.53046875,455010064.1075897
6936,-33.75,42.806640625,250496866.95597553
6937,-33.75,43.0828125,272840991.6923968
6938,-30.0,42.806640625,388160500.9128721
6939,-30.0,43.0828125,390445296.9454
6940,-33.75,43.35898437500001,264269135.0483746
6941,-33.75,43.63515625,260582094.85897267
6942,-30.0,43.35898437500001,377649071.07090807
6943,-30.0,43.63515625,354171136.4400198
6944,-33.75,43.911328125,388814977.4636763
6945,-33.75,44.1875,232824697.4548689
6946,-30.0,43.911328125,417322673.08524597
6947,-30.0,44.1875,388820754.98166555
6948,-41.25,44.463671875,94608756.90682963
6949,-41.25,44.73984375,153375769.43629137
6950,-37.5,44.463671875,157482250.50105464
6951,-37.5,44.73984375,271495373.3213633
6952,-41.25,45.01601562499999,115242263.72262856
6953,-41.25,45.2921875,155194654.5075982
6954,-37.5,45.01601562499999,183240622.62944782
6955,-37.5,45.2921875,220226621.06379148
6956,-41.25,45.568359375,209765853.0091292
6957,-41.25,45.84453125,214363609.56523377
6958,-37.5,45.568359375,270069207.9320853
6959,-37.5,45.84453125,263326676.36047173
6960,-41.25,46.12070312500001,84207812.5063362
6961,-41.25,46.396875,85860796.83968562
6962,-37.5,46.12070312500001,138349340.5915645
6963,-37.5,46.396875,141913935.3346147
6964,-41.25,46.673046875,85085395.8829768
6965,-41.25,46.94921875,55652196.54465505
6966,-37.5,46.673046875,131654023.89372194
6967,-37.5,46.94921875,86537630.00924592
6968,-41.25,47.225390625,56624204.697243206
6969,-41.25,47.50156250000001,80528576.64228135
6970,-37.5,47.225390625,90433051.11588573
6971,-37.5,47.50156250000001,126326622.20255631
6972,-41.25,47.77773437500001,114722768.7581737
6973,-41.25,48.05390625,68849024.01826409
6974,-37.5,47.77773437500001,175675918.79234532
6975,-37.5,48.05390625,118110911.80186613
6976,-41.25,48.330078125,36874559.86231633
6977,-41.25,48.60625,58050475.706962265
6978,-37.5,48.330078125,57612408.51235385
6979,-37.5,48.60625,86708452.24815401
6980,-41.25,48.88242187500001,68903690.49709067
6981,-41.25,49.15859375,69630560.64976785
6982,-37.5,48.88242187500001,116311795.72118248
6983,-37.5,49.15859375,79491956.75355172
6984,-41.25,49.434765625,47579810.70776584
6985,-41.25,49.7109375,66703546.51568054
6986,-37.5,49.434765625,65600993.17417882
6987,-37.5,49.7109375,120533958.96094318
6988,-41.25,49.987109375,72984993.05562928
6989,-41.25,50.26328125000001,57422442.88154061
6990,-37.5,49.987109375,113503829.55037531
6991,-37.5,50.26328125000001,103396737.72208883
6992,-41.25,50.53945312500001,88867733.12614003
6993,-41.25,50.815625,76184320.49507387
6994,-37.5,50.53945312500001,119930004.66709502
6995,-37.5,50.815625,146324525.8857131
6996,-41.25,51.091796875,45803468.43103218
6997,-41.25,51.36796875,39025921.29142185
6998,-37.5,51.091796875,88629472.16130607
6999,-37.5,51.36796875,75672531.82178748
7000,-41.25,51.64414062500001,39516306.15058492
7001,-41.25,51.92031250000001,84078277.65620533
7002,-37.5,51.64414062500001,77066293.10720113
7003,-37.5,51.92031250000001,162412226.16294867
7004,-41.25,52.19648437500001,49872497.57401037
7005,-41.25,52.47265625000001,39504344.0613191
7006,-37.5,52.19648437500001,82917226.3562867
7007,-37.5,52.47265625000001,66141062.158074275
7008,-41.25,52.748828125,33043556.376202926
7009,-41.25,53.02500000000001,39343385.67551242
7010,-37.5,52.748828125,49664749.43851282
7011,-37.5,53.02500000000001,59438983.88473864
7012,-33.75,44.463671875,245317696.80607164
7013,-33.75,44.73984375,369201711.10213
7014,-30.0,44.463671875,383077048.53267264
7015,-30.0,44.73984375,426081516.67428654
7016,-33.75,45.01601562499999,255709038.8681398
7017,-33.75,45.2921875,275320579.5458382
7018,-30.0,45.01601562499999,337117569.7705771
7019,-30.0,45.2921875,310538521.8795917
7020,-33.75,45.568359375,347698041.4487704
7021,-33.75,45.84453125,320533800.1861343
7022,-30.0,45.568359375,459977832.152914
7023,-30.0,45.84453125,394229038.0726459
7024,-33.75,46.12070312500001,195762733.69158697
7025,-33.75,46.396875,201579857.95473176
7026,-30.0,46.12070312500001,259719856.8211977
7027,-30.0,46.396875,268471348.8252246
7028,-33.75,46.673046875,186629213.93075597
7029,-33.75,46.94921875,149439395.0849118
7030,-30.0,46.673046875,258417528.02036786
7031,-30.0,46.94921875,276373823.3827277
7032,-33.75,47.225390625,153521793.8746852
7033,-33.75,47.50156250000001,178206788.0051501
7034,-30.0,47.225390625,275170329.3137985
7035,-30.0,47.50156250000001,242251194.2923816
7036,-33.75,47.77773437500001,240009470.86078742
7037,-33.75,48.05390625,186092683.46924755
7038,-30.0,47.77773437500001,311103826.99777067
7039,-30.0,48.05390625,291514222.9041877
7040,-33.75,48.330078125,107594862.02989173
7041,-33.75,48.60625,138530762.0807111
7042,-30.0,48.330078125,216066525.28243026
7043,-30.0,48.60625,236681738.49599886
7044,-33.75,48.88242187500001,185016073.81368047
7045,-33.75,49.15859375,125700925.41718821
7046,-30.0,48.88242187500001,296312697.64299077
7047,-30.0,49.15859375,244605039.20052987
7048,-33.75,49.434765625,115795021.37020534
7049,-33.75,49.7109375,196432081.1684983
7050,-30.0,49.434765625,230334741.02545905
7051,-30.0,49.7109375,316465622.90063834
7052,-33.75,49.987109375,176497648.66117698
7053,-33.75,50.26328125000001,166131877.62408522
7054,-30.0,49.987109375,284441433.00408995
7055,-30.0,50.26328125000001,262388707.648978
7056,-33.75,50.53945312500001,152096737.02132258
7057,-33.75,50.815625,199341523.1991416
7058,-30.0,50.53945312500001,186472391.00209513
7059,-30.0,50.815625,218112104.35814863
7060,-33.75,51.091796875,127871731.44271329
7061,-33.75,51.36796875,117474958.40803619
7062,-30.0,51.091796875,159946501.82638714
7063,-30.0,51.36796875,169589017.10605106
7064,-33.75,51.64414062500001,119385070.1567963
7065,-33.75,51.92031250000001,210226880.57384714
7066,-30.0,51.64414062500001,171241427.39234942
7067,-30.0,51.92031250000001,197002946.7930559
7068,-33.75,52.19648437500001,111531021.72840136
7069,-33.75,52.47265625000001,85847757.76659232
7070,-30.0,52.19648437500001,131282950.28019269
7071,-30.0,52.47265625000001,91694408.3986361
7072,-33.75,52.748828125,85088088.73382686
7073,-33.75,53.02500000000001,94014796.35339294
7074,-30.0,52.748828125,158115720.4951492
7075,-30.0,53.02500000000001,157551037.34090346
7076,-26.25,35.626171875,830997556.4665186
7077,-26.25,35.90234375,887551401.0376047
7078,-22.5,35.626171875,1229525188.7061849
7079,-22.5,35.90234375,1237973275.981305
7080,-26.25,36.178515625,811147296.0754051
7081,-26.25,36.45468750000001,771246218.4200757
7082,-22.5,36.178515625,1208254371.9346123
7083,-22.5,36.45468750000001,1185859360.685959
7084,-26.25,36.73085937500001,842572542.0452521
7085,-26.25,37.00703125,935416776.0386338
7086,-22.5,36.73085937500001,1187786576.7652276
7087,-22.5,37.00703125,1255334753.39403
7088,-26.25,37.283203125,843711978.7081397
7089,-26.25,37.559375,877337023.5327457
7090,-22.5,37.283203125,1189600875.455529
7091,-22.5,37.559375,1148765332.9821506
7092,-26.25,37.83554687500001,711732237.3750834
7093,-26.25,38.11171875,855678433.7013376
7094,-22.5,37.83554687500001,956056830.1950411
7095,-22.5,38.11171875,1121824568.1147118
7096,-26.25,38.387890625,825445323.7737036
7097,-26.25,38.6640625,689388997.6639911
7098,-22.5,38.387890625,1072902422.8012967
7099,-22.5,38.6640625,893504930.9005778
7100,-26.25,38.940234375,644576359.519026
7101,-26.25,39.21640625,603631123.9425573
7102,-22.5,38.940234375,860652951.5560662
7103,-22.5,39.21640625,847799906.5010043
7104,-26.25,39.49257812499999,687496274.160178
7105,-26.25,39.76875,734512789.9695123
7106,-22.5,39.49257812499999,906050515.6381251
7107,-22.5,39.76875,962315991.2476739
7108,-26.25,40.044921875,646457111.569493
7109,-26.25,40.32109375,615347790.670869
7110,-22.5,40.044921875,843649310.8606492
7111,-22.5,40.32109375,792351588.8438421
7112,-26.25,40.59726562499999,578637001.087103
7113,-26.25,40.87343749999999,621992427.1110396
7114,-22.5,40.59726562499999,782077930.5563293
7115,-22.5,40.87343749999999,777041710.4209929
7116,-26.25,41.149609375,608862103.5429859
7117,-26.25,41.42578125,617477748.3595043
7118,-22.5,41.149609375,853122792.919594
7119,-22.5,41.42578125,826143143.4847322
7120,-26.25,41.701953125,606943387.5423912
7121,-26.25,41.978125,602473678.0742992
7122,-22.5,41.701953125,792712470.8514813
7123,-22.5,41.978125,775064880.968193
7124,-26.25,42.25429687499999,579992744.564442
7125,-26.25,42.53046875,612314253.8717519
7126,-22.5,42.25429687499999,749684377.6735656
7127,-22.5,42.53046875,787124743.743994
7128,-26.25,42.806640625,525824134.8697687
7129,-26.25,43.0828125,508049602.1984032
7130,-22.5,42.806640625,731614697.698025
7131,-22.5,43.0828125,690030059.7426964
7132,-26.25,43.35898437500001,491029007.0934416
7133,-26.25,43.63515625,447760178.0210669
7134,-22.5,43.35898437500001,624440256.5224603
7135,-22.5,43.63515625,604384396.1080827
7136,-26.25,43.911328125,445830368.7068157
7137,-26.25,44.1875,544816812.5084621
7138,-22.5,43.911328125,574743819.7079874
7139,-22.5,44.1875,713803596.3220195
7140,-18.75,35.626171875,1736811273.025731
7141,-18.75,35.90234375,1647457091.1194568
7142,-15.0,35.626171875,2244097357.345277
7143,-15.0,35.90234375,2056940906.2576087
7144,-18.75,36.178515625,1713214535.9358943
7145,-18.75,36.45468750000001,1734847294.7403102
7146,-15.0,36.178515625,2218174699.937176
7147,-15.0,36.45468750000001,2283835228.7946615
7148,-18.75,36.73085937500001,1574905763.256096
7149,-18.75,37.00703125,1597993477.8452015
7150,-15.0,36.73085937500001,1962024949.7469645
7151,-15.0,37.00703125,1940652202.296373
7152,-18.75,37.283203125,1588455153.6244318
7153,-18.75,37.559375,1455574324.5075402
7154,-15.0,37.283203125,1987309431.7933345
7155,-15.0,37.559375,1762383316.03293
7156,-18.75,37.83554687500001,1254658349.677503
7157,-18.75,38.11171875,1417816739.152263
7158,-15.0,37.83554687500001,1553259869.159965
7159,-15.0,38.11171875,1713808910.1898139
7160,-18.75,38.387890625,1349038074.2013886
7161,-18.75,38.6640625,1118967241.4068768
7162,-15.0,38.387890625,1625173725.6014805
7163,-15.0,38.6640625,1344429551.9131758
7164,-18.75,38.940234375,1102549866.20583
7165,-18.75,39.21640625,1154880700.2075014
7166,-15.0,38.940234375,1344446780.8555944
7167,-15.0,39.21640625,1461961493.9139986
7168,-18.75,39.49257812499999,1166864825.5242844
7169,-18.75,39.76875,1202768013.4406285
7170,-15.0,39.49257812499999,1427679135.4104438
7171,-15.0,39.76875,1443220035.633583
7172,-18.75,40.044921875,1057401678.1216464
7173,-18.75,40.32109375,1000063206.8006574
7174,-15.0,40.044921875,1271154045.3826437
7175,-15.0,40.32109375,1207774824.7574725
7176,-18.75,40.59726562499999,1035446723.6662927
7177,-18.75,40.87343749999999,925636718.227193
7178,-15.0,40.59726562499999,1288815516.776256
7179,-15.0,40.87343749999999,1074231726.0333931
7180,-18.75,41.149609375,1133949946.619508
7181,-18.75,41.42578125,1074750644.654643
7182,-15.0,41.149609375,1414777100.319422
7183,-15.0,41.42578125,1323358145.8245542
7184,-18.75,41.701953125,985993050.1318171
7185,-18.75,41.978125,938791650.1009566
7186,-15.0,41.701953125,1179273629.4121525
7187,-15.0,41.978125,1102518419.2337203
7188,-18.75,42.25429687499999,920516621.4490077
7189,-18.75,42.53046875,970688383.6702764
7190,-15.0,42.25429687499999,1091348865.2244496
7191,-15.0,42.53046875,1154252023.5965586
7192,-18.75,42.806640625,971468724.9619615
7193,-18.75,43.0828125,904198593.4326346
7194,-15.0,42.806640625,1211322752.225898
7195,-15.0,43.0828125,1118367127.122573
7196,-18.75,43.35898437500001,767867162.6547217
7197,-18.75,43.63515625,792526202.4480824
7198,-15.0,43.35898437500001,911294068.7869833
7199,-15.0,43.63515625,980668008.7880824
7200,-18.75,43.911328125,753860148.3989602
7201,-18.75,44.1875,889285743.2789571
7202,-15.0,43.911328125,932976477.089933
7203,-15.0,44.1875,1064767890.2358949
7204,-26.25,44.463671875,520836400.2592736
7205,-26.25,44.73984375,482961322.2464431
7206,-22.5,44.463671875,690512687.0278475
7207,-22.5,44.73984375,621615272.8784457
7208,-26.25,45.01601562499999,418526100.6730144
7209,-26.25,45.2921875,345756464.21334517
7210,-22.5,45.01601562499999,594508380.003395
7211,-22.5,45.2921875,504868753.3382904
7212,-26.25,45.568359375,572257622.8570575
7213,-26.25,45.84453125,467924275.9591576
7214,-22.5,45.568359375,728379476.8068458
7215,-22.5,45.84453125,574395744.8581171
7216,-26.25,46.12070312500001,323676979.95080835
7217,-26.25,46.396875,335362839.69571745
7218,-22.5,46.12070312500001,459309271.9654576
7219,-22.5,46.396875,453107138.244539
7220,-26.25,46.673046875,330205842.10997975
7221,-26.25,46.94921875,403308251.68054354
7222,-22.5,46.673046875,425206165.9673654
7223,-22.5,46.94921875,513715984.37752
7224,-26.25,47.225390625,396818864.7529118
7225,-26.25,47.50156250000001,306295600.57961315
7226,-22.5,47.225390625,500786299.98995453
7227,-22.5,47.50156250000001,430062696.0165795
7228,-26.25,47.77773437500001,382198183.1347538
7229,-26.25,48.05390625,396935762.33912784
7230,-22.5,47.77773437500001,469097933.527909
7231,-22.5,48.05390625,475125260.2093535
7232,-26.25,48.330078125,324538188.5349688
7233,-26.25,48.60625,334832714.91128665
7234,-22.5,48.330078125,415558704.7062896
7235,-22.5,48.60625,436386404.62584114
7236,-26.25,48.88242187500001,407609321.47230107
7237,-26.25,49.15859375,363509152.9838716
7238,-22.5,48.88242187500001,506448649.0704572
7239,-22.5,49.15859375,489565144.60948825
7240,-26.25,49.434765625,344874460.6807127
7241,-26.25,49.7109375,436499164.63277835
7242,-22.5,49.434765625,456441068.8579905
7243,-22.5,49.7109375,512948081.8996489
7244,-26.25,49.987109375,392385217.34700286
7245,-26.25,50.26328125000001,358645537.6738707
7246,-22.5,49.987109375,455773077.15861225
7247,-22.5,50.26328125000001,453724783.9389265
7248,-26.25,50.53945312500001,220848044.98286772
7249,-26.25,50.815625,236882685.51715562
7250,-22.5,50.53945312500001,291460586.8521189
7251,-22.5,50.815625,299134581.95551777
7252,-26.25,51.091796875,192021272.21006098
7253,-26.25,51.36796875,221703075.80406594
7254,-22.5,51.091796875,259388451.42976874
7255,-22.5,51.36796875,312406265.5896608
7256,-26.25,51.64414062500001,223097784.62790257
7257,-26.25,51.92031250000001,183779013.01226458
7258,-22.5,51.64414062500001,289533695.3198782
7259,-22.5,51.92031250000001,223123885.74466455
7260,-26.25,52.19648437500001,151034878.83198398
7261,-26.25,52.47265625000001,97541059.03067988
7262,-22.5,52.19648437500001,231743983.70365742
7263,-22.5,52.47265625000001,164686959.11431944
7264,-26.25,52.748828125,231143352.25647154
7265,-26.25,53.02500000000001,221087278.32841396
7266,-22.5,52.748828125,270181752.24948585
7267,-22.5,53.02500000000001,275414512.8933035
7268,-18.75,44.463671875,876147441.3174078
7269,-18.75,44.73984375,801156296.0403712
7270,-15.0,44.463671875,1061782195.6069684
7271,-15.0,44.73984375,980697319.2022969
7272,-18.75,45.01601562499999,817777533.5477469
7273,-18.75,45.2921875,725928215.8588314
7274,-15.0,45.01601562499999,1041046687.092099
7275,-15.0,45.2921875,946987678.3793725
7276,-18.75,45.568359375,906422362.3794564
7277,-18.75,45.84453125,697255329.2633007
7278,-15.0,45.568359375,1084465247.952067
7279,-15.0,45.84453125,820114913.6684842
7280,-18.75,46.12070312500001,630779148.4226261
7281,-18.75,46.396875,596277840.632525
7282,-15.0,46.12070312500001,802249024.8797945
7283,-15.0,46.396875,739448543.020511
7284,-18.75,46.673046875,531812494.7086379
7285,-18.75,46.94921875,615860369.2740767
7286,-15.0,46.673046875,638418823.4499104
7287,-15.0,46.94921875,718004754.1706336
7288,-18.75,47.225390625,595913185.1259619
7289,-18.75,47.50156250000001,583691136.0284137
7290,-15.0,47.225390625,691040070.2619693
7291,-15.0,47.50156250000001,737319576.0402474
7292,-18.75,47.77773437500001,563900381.04915
7293,-18.75,48.05390625,539698737.2972219
7294,-15.0,47.77773437500001,658702828.5703912
7295,-15.0,48.05390625,604272214.3850902
7296,-18.75,48.330078125,497853647.33700156
7297,-18.75,48.60625,539641450.9900291
7298,-15.0,48.330078125,580148589.9677134
7299,-15.0,48.60625,642896497.354217
7300,-18.75,48.88242187500001,599059328.5530363
7301,-18.75,49.15859375,619197075.1562425
7302,-15.0,48.88242187500001,691670008.0356156
7303,-15.0,49.15859375,748829005.7029967
7304,-18.75,49.434765625,566521121.2962801
7305,-18.75,49.7109375,567604686.9338847
7306,-15.0,49.434765625,676601173.73457
7307,-15.0,49.7109375,622261291.9681206
7308,-18.75,49.987109375,496882974.7045698
7309,-18.75,50.26328125000001,548215238.3240639
7310,-15.0,49.987109375,537992872.2505274
7311,-15.0,50.26328125000001,642705692.7092012
7312,-18.75,50.53945312500001,380191572.66560936
7313,-18.75,50.815625,383127136.03355753
7314,-15.0,50.53945312500001,468922558.4790998
7315,-15.0,50.815625,467119690.11159736
7316,-18.75,51.091796875,344401835.06749344
7317,-18.75,51.36796875,422404020.91904587
7318,-15.0,51.091796875,429415218.7052181
7319,-15.0,51.36796875,532401776.24843085
7320,-18.75,51.64414062500001,363259382.7400651
7321,-18.75,51.92031250000001,288753161.73366016
7322,-15.0,51.64414062500001,436985070.160252
7323,-15.0,51.92031250000001,354382437.7226557
7324,-18.75,52.19648437500001,342931676.73527193
7325,-18.75,52.47265625000001,262482483.92375687
7326,-15.0,52.19648437500001,454119369.76688635
7327,-15.0,52.47265625000001,360278008.7331943
7328,-18.75,52.748828125,292225536.35834616
7329,-18.75,53.02500000000001,325137244.2468827
7330,-15.0,52.748828125,314269320.4672064
7331,-15.0,53.02500000000001,374859975.6004617
7332,-11.25,35.626171875,2711983639.240305
7333,-11.25,35.90234375,2643026861.875661
7334,-7.5,35.626171875,3179869921.135332
7335,-7.5,35.90234375,3229112817.493714
7336,-11.25,36.178515625,2685585183.949718
7337,-11.25,36.45468750000001,2661350111.1000166
7338,-7.5,36.178515625,3152995667.96226
7339,-7.5,36.45468750000001,3038864993.405372
7340,-11.25,36.73085937500001,2328995364.9564953
7341,-11.25,37.00703125,2348168331.9379883
7342,-7.5,36.73085937500001,2695965780.1660256
7343,-7.5,37.00703125,2755684461.5796027
7344,-11.25,37.283203125,2388056460.082446
7345,-11.25,37.559375,2213271885.5277095
7346,-7.5,37.283203125,2788803488.371557
7347,-7.5,37.559375,2664160455.022489
7348,-11.25,37.83554687500001,2099409410.362564
7349,-11.25,38.11171875,2072972623.3358264
7350,-7.5,37.83554687500001,2645558951.5651636
7351,-7.5,38.11171875,2432136336.4818387
7352,-11.25,38.387890625,2030740218.5128694
7353,-11.25,38.6640625,1823074047.4064605
7354,-7.5,38.387890625,2436306711.424258
7355,-7.5,38.6640625,2301718542.8997455
7356,-11.25,38.940234375,1863307170.4842727
7357,-11.25,39.21640625,1822311055.659605
7358,-7.5,38.940234375,2382167560.1129513
7359,-7.5,39.21640625,2182660617.4052114
7360,-11.25,39.49257812499999,1636883405.7494903
7361,-11.25,39.76875,1738327987.4099226
7362,-7.5,39.49257812499999,1846087676.0885372
7363,-7.5,39.76875,2033435939.1862624
7364,-11.25,40.044921875,1672623971.9803681
7365,-11.25,40.32109375,1535192230.7445133
7366,-7.5,40.044921875,2074093898.578093
7367,-7.5,40.32109375,1862609636.7315543
7368,-11.25,40.59726562499999,1559658950.1388469
7369,-11.25,40.87343749999999,1404025134.4592228
7370,-7.5,40.59726562499999,1830502383.5014377
7371,-7.5,40.87343749999999,1733818542.8850522
7372,-11.25,41.149609375,1673665491.922248
7373,-11.25,41.42578125,1545967222.1044776
7374,-7.5,41.149609375,1932553883.525074
7375,-7.5,41.42578125,1768576298.3844013
7376,-11.25,41.701953125,1399220386.3694794
7377,-11.25,41.978125,1290212777.1713536
7378,-7.5,41.701953125,1619167143.3268063
7379,-7.5,41.978125,1477907135.1089869
7380,-11.25,42.25429687499999,1406393344.4446135
7381,-11.25,42.53046875,1315262897.3212018
7382,-7.5,42.25429687499999,1721437823.6647775
7383,-7.5,42.53046875,1476273771.0458448
7384,-11.25,42.806640625,1324833677.0879517
7385,-11.25,43.0828125,1207425312.971675
7386,-7.5,42.806640625,1438344601.9500055
7387,-7.5,43.0828125,1296483498.820777
7388,-11.25,43.35898437500001,1186876190.2448928
7389,-11.25,43.63515625,1120640093.956356
7390,-7.5,43.35898437500001,1462458311.7028022
7391,-7.5,43.63515625,1260612179.1246295
7392,-11.25,43.911328125,1094339790.2767663
7393,-11.25,44.1875,1169835013.9669356
7394,-7.5,43.911328125,1255703103.4635997
7395,-7.5,44.1875,1274902137.697976
7396,-3.75,35.626171875,3461758709.136531
7397,-3.75,35.90234375,3585326549.5159473
7398,0.0,35.626171875,3371652509.3500733
7399,0.0,35.90234375,3481795834.346541
7400,-3.75,36.178515625,3433581508.68616
7401,-3.75,36.45468750000001,3263742141.649255
7402,0.0,36.178515625,3340518062.832778
7403,0.0,36.45468750000001,3183343821.770193
7404,-3.75,36.73085937500001,2974906533.1527295
7405,-3.75,37.00703125,3017409316.294301
7406,0.0,36.73085937500001,3077787961.69378
7407,0.0,37.00703125,2987551621.155166
7408,-3.75,37.283203125,3086661158.051795
7409,-3.75,37.559375,2950683150.3728313
7410,0.0,37.283203125,3178740110.5142846
7411,0.0,37.559375,2908474097.4343004
7412,-3.75,37.83554687500001,3010690857.2110195
7413,-3.75,38.11171875,2672933994.0332484
7414,0.0,37.83554687500001,3013787491.743392
7415,0.0,38.11171875,2676999540.395453
7416,-3.75,38.387890625,2702895775.7892857
7417,-3.75,38.6640625,2612336260.57549
7418,0.0,38.387890625,2691529983.0615892
7419,0.0,38.6640625,2586900422.616153
7420,-3.75,38.940234375,2712369836.439669
7421,-3.75,39.21640625,2449419458.0388155
7422,0.0,38.940234375,2665255886.162467
7423,0.0,39.21640625,2528996856.4484124
7424,-3.75,39.49257812499999,2072249727.8518333
7425,-3.75,39.76875,2253403319.8770566
7426,0.0,39.49257812499999,2332327342.463629
7427,0.0,39.76875,2323089558.396761
7428,-3.75,40.044921875,2339145374.5520964
7429,-3.75,40.32109375,2103519413.5112696
7430,0.0,40.044921875,2331359949.278656
7431,0.0,40.32109375,2171413931.876334
7432,-3.75,40.59726562499999,2036758072.498303
7433,-3.75,40.87343749999999,1937066306.0231721
7434,0.0,40.59726562499999,2113838272.763716
7435,0.0,40.87343749999999,1887222778.5858722
7436,-3.75,41.149609375,2064076320.1558006
7437,-3.75,41.42578125,1906232232.0160313
7438,0.0,41.149609375,1940866846.8423274
7439,0.0,41.42578125,1873981880.3510733
7440,-3.75,41.701953125,1765511708.0314205
7441,-3.75,41.978125,1618714455.0301762
7442,0.0,41.701953125,1764651888.2306094
7443,0.0,41.978125,1665747698.9184775
7444,-3.75,42.25429687499999,1902998516.7321918
7445,-3.75,42.53046875,1596915293.91362
7446,0.0,42.25429687499999,1817591637.4941053
7447,0.0,42.53046875,1636818115.067658
7448,-3.75,42.806640625,1542044080.4602957
7449,-3.75,43.0828125,1416399009.9567704
7450,0.0,42.806640625,1626120666.267059
7451,0.0,43.0828125,1598029171.6665466
7452,-3.75,43.35898437500001,1615895045.1685016
7453,-3.75,43.63515625,1377257261.3513174
7454,0.0,43.35898437500001,1525041002.6497803
7455,0.0,43.63515625,1447248337.6948342
7456,-3.75,43.911328125,1359908452.9313545
7457,-3.75,44.1875,1345197078.9073377
7458,0.0,43.911328125,1349797874.9609528
7459,0.0,44.1875,1345947655.073341
7460,-11.25,44.463671875,1118699618.829686
7461,-11.25,44.73984375,1028792621.7389178
7462,-7.5,44.463671875,1175617042.0524035
7463,-7.5,44.73984375,1076887924.275539
7464,-11.25,45.01601562499999,1078405920.1691172
7465,-11.25,45.2921875,1042271007.2859633
7466,-7.5,45.01601562499999,1115765153.2461355
7467,-7.5,45.2921875,1137554336.1925545
7468,-11.25,45.568359375,1084688772.1269743
7469,-11.25,45.84453125,855022643.3957971
7470,-7.5,45.568359375,1084912296.3018818
7471,-7.5,45.84453125,889930373.12311
7472,-11.25,46.12070312500001,948453539.2202967
7473,-11.25,46.396875,818150634.8874485
7474,-7.5,46.12070312500001,1094658053.560799
7475,-7.5,46.396875,896852726.754386
7476,-11.25,46.673046875,700123152.0683191
7477,-11.25,46.94921875,757765308.6694579
7478,-7.5,46.673046875,761827480.6867278
7479,-7.5,46.94921875,797525863.1682824
7480,-11.25,47.225390625,746695830.4769601
7481,-11.25,47.50156250000001,771530182.2812467
7482,-7.5,47.225390625,802351590.6919508
7483,-7.5,47.50156250000001,805740788.5222458
7484,-11.25,47.77773437500001,722293684.8984377
7485,-11.25,48.05390625,709413516.1816684
7486,-7.5,47.77773437500001,785884541.2264843
7487,-7.5,48.05390625,814554817.9782465
7488,-11.25,48.330078125,761792863.6512622
7489,-11.25,48.60625,737040226.4009705
7490,-7.5,48.330078125,943437137.334811
7491,-7.5,48.60625,831183955.447724
7492,-11.25,48.88242187500001,710947099.6298181
7493,-11.25,49.15859375,671921735.0180387
7494,-7.5,48.88242187500001,730224191.2240207
7495,-7.5,49.15859375,595014464.3330805
7496,-11.25,49.434765625,635813011.3122544
7497,-11.25,49.7109375,577784022.429268
7498,-7.5,49.434765625,595024848.8899391
7499,-7.5,49.7109375,533306752.8904154
7500,-11.25,49.987109375,552847290.4408407
7501,-11.25,50.26328125000001,622127700.5479627
7502,-7.5,49.987109375,567701708.6311541
7503,-7.5,50.26328125000001,601549708.386724
7504,-11.25,50.53945312500001,481663229.2689711
7505,-11.25,50.815625,512583320.8389325
7506,-7.5,50.53945312500001,494403900.0588423
7507,-7.5,50.815625,558046951.5662676
7508,-11.25,51.091796875,536447908.76624787
7509,-11.25,51.36796875,525724294.3379512
7510,-7.5,51.091796875,643480598.8272775
7511,-7.5,51.36796875,519046812.4274715
7512,-11.25,51.64414062500001,469436715.46909153
7513,-11.25,51.92031250000001,444253655.8950817
7514,-7.5,51.64414062500001,501888360.7779311
7515,-7.5,51.92031250000001,534124874.06750757
7516,-11.25,52.19648437500001,502804133.4787076
7517,-11.25,52.47265625000001,445979428.63046145
7518,-7.5,52.19648437500001,551488897.1905289
7519,-7.5,52.47265625000001,531680848.5277286
7520,-11.25,52.748828125,481458008.69194776
7521,-11.25,53.02500000000001,438613824.4943448
7522,-7.5,52.748828125,648646696.916689
7523,-7.5,53.02500000000001,502367673.3882278
7524,-3.75,44.463671875,1228919536.8400452
7525,-3.75,44.73984375,1112615643.0235636
7526,0.0,44.463671875,1274992174.7575355
7527,0.0,44.73984375,1123608194.1943958
7528,-3.75,45.01601562499999,1151716012.5706296
7529,-3.75,45.2921875,1210810625.9671292
7530,0.0,45.01601562499999,1184850124.3900754
7531,0.0,45.2921875,1240012837.4776723
7532,-3.75,45.568359375,1117005739.0205195
7533,-3.75,45.84453125,955728313.8719478
7534,0.0,45.568359375,1212839018.826618
7535,0.0,45.84453125,1083306676.663835
7536,-3.75,46.12070312500001,1203657718.8958743
7537,-3.75,46.396875,1012879447.0872405
7538,0.0,46.12070312500001,1238247686.2200963
7539,0.0,46.396875,1203555424.3519297
7540,-3.75,46.673046875,845940584.1712356
7541,-3.75,46.94921875,847033666.4481467
7542,0.0,46.673046875,974871237.3879418
7543,0.0,46.94921875,916035967.2900904
7544,-3.75,47.225390625,852639968.2513975
7545,-3.75,47.50156250000001,864488642.2128974
7546,0.0,47.225390625,892193580.4997557
7547,0.0,47.50156250000001,972310990.8028544
7548,-3.75,47.77773437500001,844633974.8966663
7549,-3.75,48.05390625,904887764.0002396
7550,0.0,47.77773437500001,893700563.2511197
7551,0.0,48.05390625,965603998.4730626
7552,-3.75,48.330078125,1054080455.0767881
7553,-3.75,48.60625,910805183.6254268
7554,0.0,48.330078125,1022721860.9356217
7555,0.0,48.60625,961381410.0650284
7556,-3.75,48.88242187500001,749808697.7009528
7557,-3.75,49.15859375,555716202.7691251
7558,0.0,48.88242187500001,770008033.9433436
7559,0.0,49.15859375,591635959.4471745
7560,-3.75,49.434765625,597563856.629198
7561,-3.75,49.7109375,543582133.4056083
7562,0.0,49.434765625,686757204.6916058
7563,0.0,49.7109375,663362814.0288928
7564,-3.75,49.987109375,607110998.0864326
7565,-3.75,50.26328125000001,603887800.015203
7566,0.0,49.987109375,695630030.0716414
7567,0.0,50.26328125000001,652058059.2231176
7568,-3.75,50.53945312500001,522269823.3221301
7569,-3.75,50.815625,584837588.6868402
7570,0.0,50.53945312500001,580386251.5322509
7571,0.0,50.815625,574282238.5938874
7572,-3.75,51.091796875,690032603.7110903
7573,-3.75,51.36796875,532061600.01649386
7574,0.0,51.091796875,615623238.2404693
7575,0.0,51.36796875,584460926.6045201
7576,-3.75,51.64414062500001,534850555.5459802
7577,-3.75,51.92031250000001,598832438.183831
7578,0.0,51.64414062500001,568833849.2324483
7579,0.0,51.92031250000001,613212694.1879493
7580,-3.75,52.19648437500001,571663095.4598486
7581,-3.75,52.47265625000001,589138977.410497
7582,0.0,52.19648437500001,534816162.8441652
7583,0.0,52.47265625000001,590110524.2642676
7584,-3.75,52.748828125,738656234.9671868
7585,-3.75,53.02500000000001,556369825.3854256
7586,0.0,52.748828125,674307472.6691977
7587,0.0,53.02500000000001,590868583.5892527
7588,-116.25,53.30117187500001,0.0
7589,-120.0,53.30117187500001,0.0
7590,-116.25,53.57734375,0.0
7591,-120.0,53.57734375,0.0
7592,-112.5,53.30117187500001,0.0
7593,-112.5,53.57734375,0.0
7594,-116.25,53.853515625,0.0
7595,-120.0,53.853515625,0.0
7596,-116.25,54.1296875,0.0
7597,-120.0,54.1296875,0.0
7598,-112.5,53.853515625,0.0
7599,-112.5,54.1296875,0.0
7600,-116.25,54.40585937500001,0.0
7601,-120.0,54.40585937500001,0.0
7602,-116.25,54.68203125000001,0.0
7603,-120.0,54.68203125000001,0.0
7604,-112.5,54.40585937500001,0.0
7605,-112.5,54.68203125000001,0.0
7606,-116.25,54.95820312500001,0.0
7607,-120.0,54.95820312500001,0.0
7608,-116.25,55.23437500000001,0.0
7609,-120.0,55.23437500000001,0.0
7610,-112.5,54.95820312500001,0.0
7611,-112.5,55.23437500000001,0.0
7612,-116.25,55.510546875,0.0
7613,-120.0,55.510546875,0.0
7614,-116.25,55.78671875000001,0.0
7615,-120.0,55.78671875000001,0.0
7616,-112.5,55.510546875,0.0
7617,-112.5,55.78671875000001,0.0
7618,-116.25,56.06289062500001,0.0
7619,-120.0,56.06289062500001,0.0
7620,-116.25,56.33906250000001,0.0
7621,-120.0,56.33906250000001,0.0
7622,-112.5,56.06289062500001,0.0
7623,-112.5,56.33906250000001,0.0
7624,-116.25,56.61523437500001,0.0
7625,-120.0,56.61523437500001,0.0
7626,-116.25,56.89140625000001,0.0
7627,-120.0,56.89140625000001,0.0
7628,-112.5,56.61523437500001,0.0
7629,-112.5,56.89140625000001,0.0
7630,-116.25,57.16757812500001,0.0
7631,-120.0,57.16757812500001,0.0
7632,-116.25,57.44375000000001,0.0
7633,-120.0,57.44375000000001,0.0
7634,-112.5,57.16757812500001,0.0
7635,-112.5,57.44375000000001,0.0
7636,-116.25,57.71992187500001,0.0
7637,-120.0,57.71992187500001,0.0
7638,-116.25,57.99609375000001,0.0
7639,-120.0,57.99609375000001,0.0
7640,-112.5,57.71992187500001,0.0
7641,-112.5,57.99609375000001,0.0
7642,-116.25,58.272265625,0.0
7643,-120.0,58.272265625,0.0
7644,-116.25,58.54843750000001,0.0
7645,-120.0,58.54843750000001,0.0
7646,-112.5,58.272265625,0.0
7647,-112.5,58.54843750000001,0.0
7648,-116.25,58.82460937500001,0.0
7649,-120.0,58.82460937500001,0.0
7650,-116.25,59.10078125,0.0
7651,-120.0,59.10078125,0.0
7652,-112.5,58.82460937500001,0.0
7653,-112.5,59.10078125,0.0
7654,-116.25,59.376953125,0.0
7655,-120.0,59.376953125,0.0
7656,-116.25,59.653125,0.0
7657,-120.0,59.653125,0.0
7658,-112.5,59.376953125,0.0
7659,-112.5,59.653125,0.0
7660,-116.25,59.92929687500001,0.0
7661,-120.0,59.92929687500001,0.0
7662,-116.25,60.20546875,0.0
7663,-120.0,60.20546875,0.0
7664,-112.5,59.92929687500001,0.0
7665,-112.5,60.20546875,0.0
7666,-116.25,60.481640625,0.0
7667,-120.0,60.481640625,0.0
7668,-116.25,60.7578125,0.0
7669,-120.0,60.7578125,0.0
7670,-112.5,60.481640625,0.0
7671,-112.5,60.7578125,0.0
7672,-116.25,61.033984375,0.0
7673,-120.0,61.033984375,0.0
7674,-116.25,61.31015625000001,0.0
7675,-120.0,61.31015625000001,0.0
7676,-112.5,61.033984375,0.0
7677,-112.5,61.31015625000001,0.0
7678,-116.25,61.58632812500001,0.0
7679,-120.0,61.58632812500001,0.0
7680,-116.25,61.8625,0.0
7681,-120.0,61.8625,0.0
7682,-112.5,61.58632812500001,0.0
7683,-112.5,61.8625,0.0
7684,-108.75,53.30117187500001,0.0
7685,-108.75,53.57734375,0.0
7686,-105.0,53.30117187500001,0.0
7687,-105.0,53.57734375,0.0
7688,-108.75,53.853515625,0.0
7689,-108.75,54.1296875,0.0
7690,-105.0,53.853515625,0.0
7691,-105.0,54.1296875,0.0
7692,-108.75,54.40585937500001,0.0
7693,-108.75,54.68203125000001,0.0
7694,-105.0,54.40585937500001,0.0
7695,-105.0,54.68203125000001,0.0
7696,-108.75,54.95820312500001,0.0
7697,-108.75,55.23437500000001,0.0
7698,-105.0,54.95820312500001,0.0
7699,-105.0,55.23437500000001,0.0
7700,-108.75,55.510546875,0.0
7701,-108.75,55.78671875000001,0.0
7702,-105.0,55.510546875,0.0
7703,-105.0,55.78671875000001,0.0
7704,-108.75,56.06289062500001,0.0
7705,-108.75,56.33906250000001,0.0
7706,-105.0,56.06289062500001,0.0
7707,-105.0,56.33906250000001,0.0
7708,-108.75,56.61523437500001,0.0
7709,-108.75,56.89140625000001,0.0
7710,-105.0,56.61523437500001,0.0
7711,-105.0,56.89140625000001,0.0
7712,-108.75,57.16757812500001,0.0
7713,-108.75,57.44375000000001,0.0
7714,-105.0,57.16757812500001,0.0
7715,-105.0,57.44375000000001,0.0
7716,-108.75,57.71992187500001,0.0
7717,-108.75,57.99609375000001,0.0
7718,-105.0,57.71992187500001,0.0
7719,-105.0,57.99609375000001,0.0
7720,-108.75,58.272265625,0.0
7721,-108.75,58.54843750000001,0.0
7722,-105.0,58.272265625,0.0
7723,-105.0,58.54843750000001,0.0
7724,-108.75,58.82460937500001,0.0
7725,-108.75,59.10078125,0.0
7726,-105.0,58.82460937500001,0.0
7727,-105.0,59.10078125,0.0
7728,-108.75,59.376953125,0.0
7729,-108.75,59.653125,0.0
7730,-105.0,59.376953125,0.0
7731,-105.0,59.653125,0.0
7732,-108.75,59.92929687500001,0.0
7733,-108.75,60.20546875,0.0
7734,-105.0,59.92929687500001,0.0
7735,-105.0,60.20546875,0.0
7736,-108.75,60.481640625,0.0
7737,-108.75,60.7578125,0.0
7738,-105.0,60.481640625,0.0
7739,-105.0,60.7578125,0.0
7740,-108.75,61.033984375,0.0
7741,-108.75,61.31015625000001,0.0
7742,-105.0,61.033984375,0.0
7743,-105.0,61.31015625000001,0.0
7744,-108.75,61.58632812500001,0.0
7745,-108.75,61.8625,0.0
7746,-105.0,61.58632812500001,0.0
7747,-105.0,61.8625,0.0
7748,-101.25,53.30117187500001,0.0
7749,-101.25,53.57734375,0.0
7750,-97.5,53.30117187500001,0.0
7751,-97.5,53.57734375,0.0
7752,-101.25,53.853515625,0.0
7753,-101.25,54.1296875,0.0
7754,-97.5,53.853515625,0.0
7755,-97.5,54.1296875,0.0
7756,-101.25,54.40585937500001,0.0
7757,-101.25,54.68203125000001,0.0
7758,-97.5,54.40585937500001,0.0
7759,-97.5,54.68203125000001,0.0
7760,-101.25,54.95820312500001,0.0
7761,-101.25,55.23437500000001,0.0
7762,-97.5,54.95820312500001,0.0
7763,-97.5,55.23437500000001,0.0
7764,-101.25,55.510546875,0.0
7765,-101.25,55.78671875000001,0.0
7766,-97.5,55.510546875,0.0
7767,-97.5,55.78671875000001,0.0
7768,-101.25,56.06289062500001,0.0
7769,-101.25,56.33906250000001,0.0
7770,-97.5,56.06289062500001,0.0
7771,-97.5,56.33906250000001,0.0
7772,-101.25,56.61523437500001,0.0
7773,-101.25,56.89140625000001,0.0
7774,-97.5,56.61523437500001,0.0
7775,-97.5,56.89140625000001,0.0
7776,-101.25,57.16757812500001,0.0
7777,-101.25,57.44375000000001,0.0
7778,-97.5,57.16757812500001,0.0
7779,-97.5,57.44375000000001,0.0
7780,-101.25,57.71992187500001,0.0
7781,-101.25,57.99609375000001,0.0
7782,-97.5,57.71992187500001,0.0
7783,-97.5,57.99609375000001,0.0
7784,-101.25,58.272265625,0.0
7785,-101.25,58.54843750000001,0.0
7786,-97.5,58.272265625,0.0
7787,-97.5,58.54843750000001,0.0
7788,-101.25,58.82460937500001,0.0
7789,-101.25,59.10078125,0.0
7790,-97.5,58.82460937500001,0.0
7791,-97.5,59.10078125,0.0
7792,-101.25,59.376953125,0.0
7793,-101.25,59.653125,0.0
7794,-97.5,59.376953125,0.0
7795,-97.5,59.653125,0.0
7796,-101.25,59.92929687500001,0.0
7797,-101.25,60.20546875,0.0
7798,-97.5,59.92929687500001,0.0
7799,-97.5,60.20546875,0.0
7800,-101.25,60.481640625,0.0
7801,-101.25,60.7578125,0.0
7802,-97.5,60.481640625,0.0
7803,-97.5,60.7578125,0.0
7804,-101.25,61.033984375,0.0
7805,-101.25,61.31015625000001,0.0
7806,-97.5,61.033984375,0.0
7807,-97.5,61.31015625000001,0.0
7808,-101.25,61.58632812500001,0.0
7809,-101.25,61.8625,0.0
7810,-97.5,61.58632812500001,0.0
7811,-97.5,61.8625,0.0
7812,-93.75,53.30117187500001,0.0
7813,-93.75,53.57734375,0.0
7814,-90.0,53.30117187500001,0.0
7815,-90.0,53.57734375,0.0
7816,-93.75,53.853515625,0.0
7817,-93.75,54.1296875,0.0
7818,-90.0,53.853515625,0.0
7819,-90.0,54.1296875,0.0
7820,-93.75,54.40585937500001,0.0
7821,-93.75,54.68203125000001,0.0
7822,-90.0,54.40585937500001,0.0
7823,-90.0,54.68203125000001,0.0
7824,-93.75,54.95820312500001,0.0
7825,-93.75,55.23437500000001,0.0
7826,-90.0,54.95820312500001,0.0
7827,-90.0,55.23437500000001,0.0
7828,-93.75,55.510546875,0.0
7829,-93.75,55.78671875000001,0.0
7830,-90.0,55.510546875,0.0
7831,-90.0,55.78671875000001,0.0
7832,-93.75,56.06289062500001,0.0
7833,-93.75,56.33906250000001,0.0
7834,-90.0,56.06289062500001,0.0
7835,-90.0,56.33906250000001,0.0
7836,-93.75,56.61523437500001,0.0
7837,-93.75,56.89140625000001,0.0
7838,-90.0,56.61523437500001,0.0
7839,-90.0,56.89140625000001,0.0
7840,-93.75,57.16757812500001,0.0
7841,-93.75,57.44375000000001,0.0
7842,-90.0,57.16757812500001,0.0
7843,-90.0,57.44375000000001,0.0
7844,-93.75,57.71992187500001,0.0
7845,-93.75,57.99609375000001,0.0
7846,-90.0,57.71992187500001,0.0
7847,-90.0,57.99609375000001,0.0
7848,-93.75,58.272265625,0.0
7849,-93.75,58.54843750000001,0.0
7850,-90.0,58.272265625,0.0
7851,-90.0,58.54843750000001,0.0
7852,-93.75,58.82460937500001,0.0
7853,-93.75,59.10078125,0.0
7854,-90.0,58.82460937500001,0.0
7855,-90.0,59.10078125,0.0
7856,-93.75,59.376953125,0.0
7857,-93.75,59.653125,0.0
7858,-90.0,59.376953125,0.0
7859,-90.0,59.653125,0.0
7860,-93.75,59.92929687500001,0.0
7861,-93.75,60.20546875,0.0
7862,-90.0,59.92929687500001,0.0
7863,-90.0,60.20546875,0.0
7864,-93.75,60.481640625,0.0
7865,-93.75,60.7578125,0.0
7866,-90.0,60.481640625,0.0
7867,-90.0,60.7578125,0.0
7868,-93.75,61.033984375,0.0
7869,-93.75,61.31015625000001,0.0
7870,-90.0,61.033984375,0.0
7871,-90.0,61.31015625000001,0.0
7872,-93.75,61.58632812500001,0.0
7873,-93.75,61.8625,0.0
7874,-90.0,61.58632812500001,0.0
7875,-90.0,61.8625,0.0
7876,-86.25,53.30117187500001,0.0
7877,-86.25,53.57734375,0.0
7878,-82.5,53.30117187500001,0.0
7879,-82.5,53.57734375,0.0
7880,-86.25,53.853515625,0.0
7881,-86.25,54.1296875,0.0
7882,-82.5,53.853515625,0.0
7883,-82.5,54.1296875,0.0
7884,-86.25,54.40585937500001,0.0
7885,-86.25,54.68203125000001,0.0
7886,-82.5,54.40585937500001,0.0
7887,-82.5,54.68203125000001,0.0
7888,-86.25,54.95820312500001,0.0
7889,-86.25,55.23437500000001,0.0
7890,-82.5,54.95820312500001,0.0
7891,-82.5,55.23437500000001,0.0
7892,-86.25,55.510546875,0.0
7893,-86.25,55.78671875000001,0.0
7894,-82.5,55.510546875,0.0
7895,-82.5,55.78671875000001,0.0
7896,-86.25,56.06289062500001,0.0
7897,-86.25,56.33906250000001,0.0
7898,-82.5,56.06289062500001,0.0
7899,-82.5,56.33906250000001,0.0
7900,-86.25,56.61523437500001,0.0
7901,-86.25,56.89140625000001,0.0
7902,-82.5,56.61523437500001,0.0
7903,-82.5,56.89140625000001,0.0
7904,-86.25,57.16757812500001,0.0
7905,-86.25,57.44375000000001,0.0
7906,-82.5,57.16757812500001,0.0
7907,-82.5,57.44375000000001,0.0
7908,-86.25,57.71992187500001,0.0
7909,-86.25,57.99609375000001,0.0
7910,-82.5,57.71992187500001,0.0
7911,-82.5,57.99609375000001,0.0
7912,-86.25,58.272265625,0.0
7913,-86.25,58.54843750000001,0.0
7914,-82.5,58.272265625,0.0
7915,-82.5,58.54843750000001,0.0
7916,-86.25,58.82460937500001,0.0
7917,-86.25,59.10078125,0.0
7918,-82.5,58.82460937500001,0.0
7919,-82.5,59.10078125,0.0
7920,-86.25,59.376953125,0.0
7921,-86.25,59.653125,0.0
7922,-82.5,59.376953125,0.0
7923,-82.5,59.653125,0.0
7924,-86.25,59.92929687500001,0.0
7925,-86.25,60.20546875,0.0
7926,-82.5,59.92929687500001,0.0
7927,-82.5,60.20546875,0.0
7928,-86.25,60.481640625,0.0
7929,-86.25,60.7578125,0.0
7930,-82.5,60.481640625,0.0
7931,-82.5,60.7578125,0.0
7932,-86.25,61.033984375,0.0
7933,-86.25,61.31015625000001,0.0
7934,-82.5,61.033984375,0.0
7935,-82.5,61.31015625000001,0.0
7936,-86.25,61.58632812500001,0.0
7937,-86.25,61.8625,0.0
7938,-82.5,61.58632812500001,0.0
7939,-82.5,61.8625,0.0
7940,-78.75,53.30117187500001,0.0
7941,-78.75,53.57734375,0.0
7942,-75.0,53.30117187500001,0.0
7943,-75.0,53.57734375,0.0
7944,-78.75,53.853515625,0.0
7945,-78.75,54.1296875,0.0
7946,-75.0,53.853515625,0.0
7947,-75.0,54.1296875,0.0
7948,-78.75,54.40585937500001,0.0
7949,-78.75,54.68203125000001,0.0
7950,-75.0,54.40585937500001,0.0
7951,-75.0,54.68203125000001,0.0
7952,-78.75,54.95820312500001,0.0
7953,-78.75,55.23437500000001,0.0
7954,-75.0,54.95820312500001,0.0
7955,-75.0,55.23437500000001,0.0
7956,-78.75,55.510546875,0.0
7957,-78.75,55.78671875000001,0.0
7958,-75.0,55.510546875,0.0
7959,-75.0,55.78671875000001,0.0
7960,-78.75,56.06289062500001,0.0
7961,-78.75,56.33906250000001,0.0
7962,-75.0,56.06289062500001,0.0
7963,-75.0,56.33906250000001,0.0
7964,-78.75,56.61523437500001,0.0
7965,-78.75,56.89140625000001,0.0
7966,-75.0,56.61523437500001,0.0
7967,-75.0,56.89140625000001,0.0
7968,-78.75,57.16757812500001,0.0
7969,-78.75,57.44375000000001,0.0
7970,-75.0,57.16757812500001,0.0
7971,-75.0,57.44375000000001,0.0
7972,-78.75,57.71992187500001,0.0
7973,-78.75,57.99609375000001,0.0
7974,-75.0,57.71992187500001,0.0
7975,-75.0,57.99609375000001,0.0
7976,-78.75,58.272265625,0.0
7977,-78.75,58.54843750000001,0.0
7978,-75.0,58.272265625,0.0
7979,-75.0,58.54843750000001,0.0
7980,-78.75,58.82460937500001,0.0
7981,-78.75,59.10078125,0.0
7982,-75.0,58.82460937500001,0.0
7983,-75.0,59.10078125,0.0
7984,-78.75,59.376953125,0.0
7985,-78.75,59.653125,0.0
7986,-75.0,59.376953125,0.0
7987,-75.0,59.653125,0.0
7988,-78.75,59.92929687500001,0.0
7989,-78.75,60.20546875,0.0
7990,-75.0,59.92929687500001,0.0
7991,-75.0,60.20546875,0.0
7992,-78.75,60.481640625,0.0
7993,-78.75,60.7578125,0.0
7994,-75.0,60.481640625,0.0
7995,-75.0,60.7578125,0.0
7996,-78.75,61.033984375,0.0
7997,-78.75,61.31015625000001,0.0
7998,-75.0,61.033984375,0.0
7999,-75.0,61.31015625000001,0.0
8000,-78.75,61.58632812500001,0.0
8001,-78.75,61.8625,0.0
8002,-75.0,61.58632812500001,0.0
8003,-75.0,61.8625,0.0
8004,-71.25,53.30117187500001,229499.47275300405
8005,-71.25,53.57734375,606378.6569094786
8006,-67.5,53.30117187500001,458998.9455060081
8007,-67.5,53.57734375,1212757.3138189572
8008,-71.25,53.853515625,456219.1931572694
8009,-71.25,54.1296875,311406.61590172583
8010,-67.5,53.853515625,912438.3863145388
8011,-67.5,54.1296875,622813.2318034517
8012,-71.25,54.40585937500001,173927.53537169402
8013,-71.25,54.68203125000001,116429.22958511396
8014,-67.5,54.40585937500001,347855.07074338803
8015,-67.5,54.68203125000001,232858.45917022793
8016,-71.25,54.95820312500001,316718.50795044756
8017,-71.25,55.23437500000001,459044.2974267211
8018,-67.5,54.95820312500001,633437.0159008951
8019,-67.5,55.23437500000001,918088.5948534422
8020,-71.25,55.510546875,322454.83542282076
8021,-71.25,55.78671875000001,500248.0364931139
8022,-67.5,55.510546875,644909.6708456415
8023,-67.5,55.78671875000001,1000496.0729862278
8024,-71.25,56.06289062500001,1017304.5940766034
8025,-71.25,56.33906250000001,543985.5172152414
8026,-67.5,56.06289062500001,2034609.1881532068
8027,-67.5,56.33906250000001,1087971.034430483
8028,-71.25,56.61523437500001,246398.78054461247
8029,-71.25,56.89140625000001,104710.35955996043
8030,-67.5,56.61523437500001,492797.56108922494
8031,-67.5,56.89140625000001,209420.71911992086
8032,-71.25,57.16757812500001,521070.8378252325
8033,-71.25,57.44375000000001,414872.0790479594
8034,-67.5,57.16757812500001,1042141.675650465
8035,-67.5,57.44375000000001,829744.1580959188
8036,-71.25,57.71992187500001,242111.97447973967
8037,-71.25,57.99609375000001,324265.29404097074
8038,-67.5,57.71992187500001,484223.94895947934
8039,-67.5,57.99609375000001,648530.5880819415
8040,-71.25,58.272265625,507015.9682521553
8041,-71.25,58.54843750000001,469307.7519519308
8042,-67.5,58.272265625,1014031.9365043106
8043,-67.5,58.54843750000001,938615.5039038616
8044,-71.25,58.82460937500001,1117519.771791733
8045,-71.25,59.10078125,4073194.320088956
8046,-67.5,58.82460937500001,2235039.543583466
8047,-67.5,59.10078125,8146388.640177912
8048,-71.25,59.376953125,303306.7131460018
8049,-71.25,59.653125,570985.4324403658
8050,-67.5,59.376953125,606613.4262920036
8051,-67.5,59.653125,1141970.8648807316
8052,-71.25,59.92929687500001,268293.6493569868
8053,-71.25,60.20546875,310349.82224129303
8054,-67.5,59.92929687500001,536587.2987139736
8055,-67.5,60.20546875,620699.6444825861
8056,-71.25,60.481640625,24734.694503080686
8057,-71.25,60.7578125,0.0
8058,-67.5,60.481640625,49469.38900616137
8059,-67.5,60.7578125,0.0
8060,-71.25,61.033984375,0.0
8061,-71.25,61.31015625000001,0.0
8062,-67.5,61.033984375,0.0
8063,-67.5,61.31015625000001,0.0
8064,-71.25,61.58632812500001,0.0
8065,-71.25,61.8625,0.0
8066,-67.5,61.58632812500001,0.0
8067,-67.5,61.8625,0.0
8068,-63.75,53.30117187500001,1055757.2594854964
8069,-63.75,53.57734375,2293672.690500479
8070,-60.0,53.30117187500001,2387033.2559179533
8071,-60.0,53.57734375,4323661.506726088
8072,-63.75,53.853515625,2214059.0232595173
8073,-63.75,54.1296875,1913235.4244424528
8074,-60.0,53.853515625,5206482.547779913
8075,-60.0,54.1296875,5161688.770556005
8076,-63.75,54.40585937500001,964425.4228447444
8077,-63.75,54.68203125000001,1098336.2554986859
8078,-60.0,54.40585937500001,2466281.4084054255
8079,-60.0,54.68203125000001,3461911.185313831
8080,-63.75,54.95820312500001,2512803.9371373435
8081,-63.75,55.23437500000001,3195770.323319845
8082,-60.0,54.95820312500001,7517467.684945794
8083,-60.0,55.23437500000001,9110726.913865611
8084,-63.75,55.510546875,752394.6159865819
8085,-63.75,55.78671875000001,1167245.4184839325
8086,-60.0,55.510546875,429939.7805637611
8087,-60.0,55.78671875000001,666997.3819908185
8088,-63.75,56.06289062500001,2373710.7195120743
8089,-63.75,56.33906250000001,1269299.5401688968
8090,-60.0,56.06289062500001,1356406.125435471
8091,-60.0,56.33906250000001,725314.0229536552
8092,-63.75,56.61523437500001,574930.4879374292
8093,-63.75,56.89140625000001,244324.17230657433
8094,-60.0,56.61523437500001,328531.70739281666
8095,-60.0,56.89140625000001,139613.8127466139
8096,-63.75,57.16757812500001,1215831.9549255422
8097,-63.75,57.44375000000001,968034.8511119053
8098,-60.0,57.16757812500001,694761.1171003098
8099,-60.0,57.44375000000001,553162.7720639459
8100,-63.75,57.71992187500001,564927.9404527259
8101,-63.75,57.99609375000001,756619.0194289316
8102,-60.0,57.71992187500001,322815.9659729862
8103,-60.0,57.99609375000001,432353.725387961
8104,-63.75,58.272265625,1183037.2592550288
8105,-63.75,58.54843750000001,1095051.421221172
8106,-60.0,58.272265625,676021.2910028737
8107,-60.0,58.54843750000001,625743.669269241
8108,-63.75,58.82460937500001,2607546.1341807107
8109,-63.75,59.10078125,9504120.080207564
8110,-60.0,58.82460937500001,1490026.3623889775
8111,-60.0,59.10078125,5430925.760118608
8112,-63.75,59.376953125,707715.6640073375
8113,-63.75,59.653125,1332299.3423608537
8114,-60.0,59.376953125,404408.9508613358
8115,-60.0,59.653125,761313.9099204878
8116,-63.75,59.92929687500001,3540010.0634177118
8117,-63.75,60.20546875,5021900.6907984335
8118,-60.0,59.92929687500001,12013691.058814952
8119,-60.0,60.20546875,17604804.185263388
8120,-63.75,60.481640625,3254971.39118323
8121,-63.75,60.7578125,2575279.080395819
8122,-60.0,60.481640625,12822008.008708276
8123,-60.0,60.7578125,10301116.321583277
8124,-63.75,61.033984375,682614.3517951781
8125,-63.75,61.31015625000001,0.0
8126,-60.0,61.033984375,2730457.4071807126
8127,-60.0,61.31015625000001,0.0
8128,-63.75,61.58632812500001,0.0
8129,-63.75,61.8625,0.0
8130,-60.0,61.58632812500001,0.0
8131,-60.0,61.8625,0.0
8132,-56.25,53.30117187500001,3718309.2523504104
8133,-56.25,53.57734375,6353650.322951697
8134,-52.5,53.30117187500001,6550488.743656146
8135,-52.5,53.57734375,8983116.40483871
8136,-56.25,53.853515625,8198906.072300309
8137,-56.25,54.1296875,8410142.11666956
8138,-52.5,53.853515625,13720757.738066489
8139,-52.5,54.1296875,12797587.13181975
8140,-56.25,54.40585937500001,3968137.393966106
8141,-56.25,54.68203125000001,5825486.115128977
8142,-52.5,54.40585937500001,9507460.010715257
8143,-52.5,54.68203125000001,8376259.20506818
8144,-56.25,54.95820312500001,12522131.432754243
8145,-56.25,55.23437500000001,15025683.504411373
8146,-52.5,54.95820312500001,26998582.195358533
8147,-52.5,55.23437500000001,21006827.030536603
8148,-56.25,55.510546875,107484.94514094027
8149,-56.25,55.78671875000001,166749.34549770463
8150,-52.5,55.510546875,5418099.968106067
8151,-52.5,55.78671875000001,4308282.031470519
8152,-56.25,56.06289062500001,339101.53135886777
8153,-56.25,56.33906250000001,181328.5057384138
8154,-52.5,56.06289062500001,2442518.3203415787
8155,-52.5,56.33906250000001,2165159.3228749307
8156,-56.25,56.61523437500001,82132.92684820417
8157,-56.25,56.89140625000001,34903.453186653474
8158,-52.5,56.61523437500001,1989019.8465417863
8159,-52.5,56.89140625000001,3873714.9924106477
8160,-56.25,57.16757812500001,173690.27927507745
8161,-56.25,57.44375000000001,138290.69301598647
8162,-52.5,57.16757812500001,2505930.101369973
8163,-52.5,57.44375000000001,5462356.058997799
8164,-56.25,57.71992187500001,80703.99149324655
8165,-56.25,57.99609375000001,108088.43134699026
8166,-52.5,57.71992187500001,12319272.20853175
8167,-52.5,57.99609375000001,7086100.248749589
8168,-56.25,58.272265625,169005.32275071842
8169,-56.25,58.54843750000001,156435.91731731026
8170,-52.5,58.272265625,597928.1375892789
8171,-52.5,58.54843750000001,2207696.220594955
8172,-56.25,58.82460937500001,372506.5905972444
8173,-56.25,59.10078125,1357731.440029652
8174,-52.5,58.82460937500001,3208338.5503030736
8175,-52.5,59.10078125,9320911.504427193
8176,-56.25,59.376953125,101102.23771533395
8177,-56.25,59.653125,190328.47748012195
8178,-52.5,59.376953125,7730541.172601793
8179,-52.5,59.653125,1765425.983795899
8180,-56.25,59.92929687500001,20487372.054212194
8181,-56.25,60.20546875,30187707.67972835
8182,-52.5,59.92929687500001,19492049.902530998
8183,-52.5,60.20546875,32459025.169294
8184,-56.25,60.481640625,22389044.62623332
8185,-56.25,60.7578125,18026953.562770735
8186,-52.5,60.481640625,22156379.05358783
8187,-52.5,60.7578125,16948491.14866409
8188,-56.25,61.033984375,4778300.462566246
8189,-56.25,61.31015625000001,0.0
8190,-52.5,61.033984375,10937204.169218559
8191,-52.5,61.31015625000001,1445731.069613942
8192,-56.25,61.58632812500001,0.0
8193,-56.25,61.8625,0.0
8194,-52.5,61.58632812500001,953924.0143594776
8195,-52.5,61.8625,1450973.331825811
8196,-48.75,53.30117187500001,10133119.982398517
8197,-48.75,53.57734375,11912321.119556423
8198,-45.0,53.30117187500001,13715751.221140893
8199,-45.0,53.57734375,14841525.83427414
8200,-48.75,53.853515625,20507323.474455565
8201,-48.75,54.1296875,17754527.981488265
8202,-45.0,53.853515625,27293889.210844636
8203,-45.0,54.1296875,22711468.83115678
8204,-48.75,54.40585937500001,17065515.94305864
8205,-48.75,54.68203125000001,11020631.375069413
8206,-45.0,54.40585937500001,24623571.875402026
8207,-45.0,54.68203125000001,13665003.545070646
8208,-48.75,54.95820312500001,46210926.46536074
8209,-48.75,55.23437500000001,27021064.024451565
8210,-45.0,54.95820312500001,65423270.73536295
8211,-45.0,55.23437500000001,33035301.018366523
8212,-48.75,55.510546875,13545249.920265166
8213,-48.75,55.78671875000001,10770705.078676296
8214,-45.0,55.510546875,21672399.872424267
8215,-45.0,55.78671875000001,17233128.125882074
8216,-48.75,56.06289062500001,6106295.800853946
8217,-48.75,56.33906250000001,5412898.307187327
8218,-45.0,56.06289062500001,9770073.281366315
8219,-45.0,56.33906250000001,8660637.291499723
8220,-48.75,56.61523437500001,4972549.6163544655
8221,-48.75,56.89140625000001,9684287.48102662
8222,-45.0,56.61523437500001,7956079.386167145
8223,-45.0,56.89140625000001,15494859.96964259
8224,-48.75,57.16757812500001,6264825.253424933
8225,-48.75,57.44375000000001,13655890.147494497
8226,-45.0,57.16757812500001,10023720.405479891
8227,-45.0,57.44375000000001,21849424.235991195
8228,-48.75,57.71992187500001,30798180.521329373
8229,-48.75,57.99609375000001,17715250.62187397
8230,-45.0,57.71992187500001,49277088.834127
8231,-45.0,57.99609375000001,28344400.994998354
8232,-48.75,58.272265625,1494820.3439731968
8233,-48.75,58.54843750000001,5519240.551487388
8234,-45.0,58.272265625,2391712.5503571155
8235,-45.0,58.54843750000001,8830784.88237982
8236,-48.75,58.82460937500001,8020846.375757685
8237,-48.75,59.10078125,23302278.761067975
8238,-45.0,58.82460937500001,12833354.201212294
8239,-45.0,59.10078125,37283646.01770877
8240,-48.75,59.376953125,19326352.93150448
8241,-48.75,59.653125,4413564.959489748
8242,-45.0,59.376953125,30922164.69040717
8243,-45.0,59.653125,7061703.935183596
8244,-48.75,59.92929687500001,13762226.177310593
8245,-48.75,60.20546875,29574549.656410005
8246,-45.0,59.92929687500001,8032402.45209019
8247,-45.0,60.20546875,26690074.143526006
8248,-48.75,60.481640625,17023862.385857083
8249,-48.75,60.7578125,11467878.9069104
8250,-45.0,60.481640625,11891345.718126327
8251,-45.0,60.7578125,5987266.665156707
8252,-48.75,61.033984375,19151638.20150426
8253,-48.75,61.31015625000001,3614327.674034855
8254,-45.0,61.033984375,27366072.23378996
8255,-45.0,61.31015625000001,5782924.278455768
8256,-48.75,61.58632812500001,2384810.035898694
8257,-48.75,61.8625,3627433.329564528
8258,-45.0,61.58632812500001,3815696.05743791
8259,-45.0,61.8625,5803893.327303244
8260,-41.25,53.30117187500001,40809407.81682281
8261,-41.25,53.57734375,47704234.87609706
8262,-37.5,53.30117187500001,67903064.41250475
8263,-37.5,53.57734375,80566943.91792
8264,-41.25,53.853515625,50357415.70380969
8265,-41.25,54.1296875,50948764.3143712
8266,-37.5,53.853515625,73420942.19677475
8267,-37.5,54.1296875,79186059.7975856
8268,-41.25,54.40585937500001,54177734.70182696
8269,-41.25,54.68203125000001,50849349.0373722
8270,-37.5,54.40585937500001,83731897.52825192
8271,-37.5,54.68203125000001,88033694.52967376
8272,-41.25,54.95820312500001,64144187.12133435
8273,-41.25,55.23437500000001,41827395.14788164
8274,-37.5,54.95820312500001,62865103.507305756
8275,-37.5,55.23437500000001,50619489.27739677
8276,-41.25,55.510546875,47077100.94857733
8277,-41.25,55.78671875000001,27510862.1534983
8278,-37.5,55.510546875,72481802.0247304
8279,-37.5,55.78671875000001,37788596.181114525
8280,-41.25,56.06289062500001,29532420.12499847
8281,-41.25,56.33906250000001,41080960.829358414
8282,-37.5,56.06289062500001,49294766.96863063
8283,-37.5,56.33906250000001,73501284.36721711
8284,-41.25,56.61523437500001,24622806.67452333
8285,-41.25,56.89140625000001,29005198.642377578
8286,-37.5,56.61523437500001,41289533.96287952
8287,-37.5,56.89140625000001,42515537.31511257
8288,-41.25,57.16757812500001,25386141.00974898
8289,-41.25,57.44375000000001,27360077.45745101
8290,-37.5,57.16757812500001,40748561.61401807
8291,-37.5,57.44375000000001,32870730.67891082
8292,-41.25,57.71992187500001,59041441.52217527
8293,-41.25,57.99609375000001,59922935.82160052
8294,-37.5,57.71992187500001,68805794.21022353
8295,-37.5,57.99609375000001,91501470.64820269
8296,-41.25,58.272265625,25055236.400744937
8297,-41.25,58.54843750000001,30718374.407641694
8298,-37.5,58.272265625,47718760.25113276
8299,-37.5,58.54843750000001,52605963.93290357
8300,-41.25,58.82460937500001,26190802.655596733
8301,-41.25,59.10078125,36033718.30281482
8302,-37.5,58.82460937500001,39548251.10998117
8303,-37.5,59.10078125,34783790.587920874
8304,-41.25,59.376953125,39277544.75869803
8305,-41.25,59.653125,14934846.203490943
8306,-37.5,59.376953125,47632924.82698888
8307,-37.5,59.653125,22807988.471798286
8308,-41.25,59.92929687500001,16292132.778557735
8309,-41.25,60.20546875,28780118.044975318
8310,-37.5,59.92929687500001,24551863.10502528
8311,-37.5,60.20546875,30870161.94642463
8312,-41.25,60.481640625,31334979.527707174
8313,-41.25,60.7578125,16841645.415184416
8314,-37.5,60.481640625,50778613.33728802
8315,-37.5,60.7578125,27696024.16521213
8316,-41.25,61.033984375,29272422.51394602
8317,-41.25,61.31015625000001,10111858.631860076
8318,-37.5,61.033984375,31178772.794102076
8319,-37.5,61.31015625000001,14440792.985264383
8320,-41.25,61.58632812500001,10394616.781932741
8321,-41.25,61.8625,14208595.680867096
8322,-37.5,61.58632812500001,16973537.50642757
8323,-37.5,61.8625,22613298.034430947
8324,-33.75,53.30117187500001,107995704.18016219
8325,-33.75,53.57734375,116019414.24706858
8326,-30.0,53.30117187500001,174086310.29177073
8327,-30.0,53.57734375,156651407.15086854
8328,-33.75,53.853515625,102604455.1140891
8329,-33.75,54.1296875,112463753.05167836
8330,-30.0,53.853515625,144027940.8801021
8331,-30.0,54.1296875,155822241.8475277
8332,-33.75,54.40585937500001,113933183.81793879
8333,-33.75,54.68203125000001,117601072.02748115
8334,-30.0,54.40585937500001,145428717.03414953
8335,-30.0,54.68203125000001,131934513.53630014
8336,-33.75,54.95820312500001,69898526.68995965
8337,-33.75,55.23437500000001,64315382.86083719
8338,-30.0,54.95820312500001,93556963.4659785
8339,-30.0,55.23437500000001,87818875.35212821
8340,-33.75,55.510546875,90816783.35641645
8341,-33.75,55.78671875000001,54311638.89925542
8342,-30.0,55.510546875,95012325.19916838
8343,-30.0,55.78671875000001,83325298.99844566
8344,-33.75,56.06289062500001,66489987.11248399
8345,-33.75,56.33906250000001,107359671.27776404
8346,-30.0,56.06289062500001,78550953.85677978
8347,-30.0,56.33906250000001,144094184.93368748
8348,-33.75,56.61523437500001,59761863.28079295
8349,-33.75,56.89140625000001,68189490.57178892
8350,-30.0,56.61523437500001,81845396.6578209
8351,-30.0,56.89140625000001,118190672.996348
8352,-33.75,57.16757812500001,63326079.14656503
8353,-33.75,57.44375000000001,48756655.82328405
8354,-30.0,57.16757812500001,100333790.53566775
8355,-30.0,57.44375000000001,85393124.81348412
8356,-33.75,57.71992187500001,92509050.06331931
8357,-33.75,57.99609375000001,112392532.93673253
8358,-30.0,57.71992187500001,144090112.24651018
8359,-30.0,57.99609375000001,111908650.14911768
8360,-33.75,58.272265625,66888223.368640654
8361,-33.75,58.54843750000001,70522547.23482254
8362,-30.0,58.272265625,79069565.0203887
8363,-30.0,58.54843750000001,80497118.09005572
8364,-33.75,58.82460937500001,57161994.06122697
8365,-33.75,59.10078125,37508403.71053993
8366,-30.0,58.82460937500001,83288326.00619546
8367,-30.0,59.10078125,48182098.50818497
8368,-33.75,59.376953125,54007153.606982194
8369,-33.75,59.653125,40618662.75718439
8370,-30.0,59.376953125,56419079.8103804
8371,-30.0,59.653125,78304401.07672803
8372,-33.75,59.92929687500001,38954055.25317704
8373,-33.75,60.20546875,41802262.330540456
8374,-30.0,59.92929687500001,65641171.04469722
8375,-30.0,60.20546875,70418475.67998931
8376,-33.75,60.481640625,70247419.81608413
8377,-33.75,60.7578125,49999604.476011336
8378,-30.0,60.481640625,89766571.63331078
8379,-30.0,60.7578125,95201587.90835354
8380,-33.75,61.033984375,38224482.12970697
8381,-33.75,61.31015625000001,24992269.125620633
8382,-30.0,61.033984375,55548909.57620956
8383,-30.0,61.31015625000001,47988828.83988076
8384,-33.75,61.58632812500001,26148380.94218135
8385,-33.75,61.8625,29222991.473367617
8386,-30.0,61.58632812500001,40515069.800453015
8387,-30.0,61.8625,32242667.083049916
8388,-26.25,53.30117187500001,240176916.40337926
8389,-26.25,53.57734375,197283400.0546685
8390,-22.5,53.30117187500001,285723086.41114074
8391,-22.5,53.57734375,239799230.2036156
8392,-26.25,53.853515625,185451426.6461151
8393,-26.25,54.1296875,199180730.6433771
8394,-22.5,53.853515625,238583055.79289493
8395,-22.5,54.1296875,244248475.34389123
8396,-26.25,54.40585937500001,176924250.25036028
8397,-26.25,54.68203125000001,146267955.04511914
8398,-22.5,54.40585937500001,248308252.97491688
8399,-22.5,54.68203125000001,238610393.26414293
8400,-26.25,54.95820312500001,117215400.24199733
8401,-26.25,55.23437500000001,111322367.84341922
8402,-22.5,54.95820312500001,186955939.12457362
8403,-22.5,55.23437500000001,161906312.02725613
8404,-26.25,55.510546875,99207867.04192035
8405,-26.25,55.78671875000001,112338959.0976359
8406,-22.5,55.510546875,162234330.63005212
8407,-22.5,55.78671875000001,165579679.43195587
8408,-26.25,56.06289062500001,90611920.60107559
8409,-26.25,56.33906250000001,180828698.5896109
8410,-22.5,56.06289062500001,182045300.67097515
8411,-22.5,56.33906250000001,218326085.83434004
8412,-26.25,56.61523437500001,103928930.03484884
8413,-26.25,56.89140625000001,168191855.42090708
8414,-22.5,56.61523437500001,152280770.59236214
8415,-22.5,56.89140625000001,208889654.02058834
8416,-26.25,57.16757812500001,137341501.92477044
8417,-26.25,57.44375000000001,122029593.8036842
8418,-22.5,57.16757812500001,182425316.80679274
8419,-22.5,57.44375000000001,155068919.759904
8420,-26.25,57.71992187500001,195671174.429701
8421,-26.25,57.99609375000001,111424767.36150286
8422,-22.5,57.71992187500001,229682927.87897617
8423,-22.5,57.99609375000001,144206252.82575923
8424,-26.25,58.272265625,91250906.67213674
8425,-26.25,58.54843750000001,90471688.9452889
8426,-22.5,58.272265625,126218078.39593744
8427,-22.5,58.54843750000001,110694572.05037546
8428,-26.25,58.82460937500001,109414657.95116395
8429,-26.25,59.10078125,58855793.305829994
8430,-22.5,58.82460937500001,128052539.02557382
8431,-22.5,59.10078125,114779641.09789802
8432,-26.25,59.376953125,58831006.01377861
8433,-26.25,59.653125,115990139.39627166
8434,-22.5,59.376953125,90846231.21659692
8435,-22.5,59.653125,140204931.043805
8436,-26.25,59.92929687500001,92328286.83621739
8437,-26.25,60.20546875,99034689.02943817
8438,-22.5,59.92929687500001,121838123.1317292
8439,-22.5,60.20546875,136965860.03970742
8440,-26.25,60.481640625,109285723.45053743
8441,-26.25,60.7578125,140403571.34069574
8442,-22.5,60.481640625,125550139.87412974
8443,-22.5,60.7578125,155609452.79356614
8444,-26.25,61.033984375,72873337.02271214
8445,-26.25,61.31015625000001,70985388.5541409
8446,-22.5,61.033984375,97533491.98077
8447,-22.5,61.31015625000001,101522410.40461084
8448,-26.25,61.58632812500001,54881758.65872468
8449,-26.25,61.8625,35262342.692732215
8450,-22.5,61.58632812500001,79641323.60824747
8451,-22.5,61.8625,62905983.4119308
8452,-18.75,53.30117187500001,320997038.3669788
8453,-18.75,53.57734375,283256978.97513634
8454,-15.0,53.30117187500001,356270990.3228168
8455,-15.0,53.57734375,326714727.7466571
8456,-18.75,53.853515625,297568756.63005817
8457,-18.75,54.1296875,290170847.9967378
8458,-15.0,53.853515625,356554457.4672214
8459,-15.0,54.1296875,336093220.64958435
8460,-18.75,54.40585937500001,339636490.4536464
8461,-18.75,54.68203125000001,369957329.8382691
8462,-15.0,54.40585937500001,430964727.9323759
8463,-15.0,54.68203125000001,501304266.41239524
8464,-18.75,54.95820312500001,279737529.0604286
8465,-18.75,55.23437500000001,226030482.05736604
8466,-15.0,54.95820312500001,372519118.9962836
8467,-15.0,55.23437500000001,290154652.08747596
8468,-18.75,55.510546875,254676255.09087378
8469,-18.75,55.78671875000001,230933929.88384068
8470,-15.0,55.510546875,347118179.55169547
8471,-15.0,55.78671875000001,296288180.33572555
8472,-18.75,56.06289062500001,313164887.4036766
8473,-18.75,56.33906250000001,256204909.873472
8474,-15.0,56.06289062500001,444284474.13637805
8475,-15.0,56.33906250000001,294083733.912604
8476,-18.75,56.61523437500001,213766764.74011815
8477,-18.75,56.89140625000001,244935760.70783073
8478,-15.0,56.61523437500001,275252758.8878741
8479,-15.0,56.89140625000001,280981867.3950731
8480,-18.75,57.16757812500001,231547183.43527484
8481,-18.75,57.44375000000001,186309674.1991337
8482,-15.0,57.16757812500001,280669050.06375694
8483,-15.0,57.44375000000001,217550428.63836336
8484,-18.75,57.71992187500001,254910026.96129343
8485,-18.75,57.99609375000001,193620422.41595125
8486,-15.0,57.71992187500001,280137126.0436107
8487,-15.0,57.99609375000001,243034592.00614327
8488,-18.75,58.272265625,172578165.1557645
8489,-18.75,58.54843750000001,136041611.28038874
8490,-15.0,58.272265625,218938251.91559154
8491,-15.0,58.54843750000001,161388650.51040202
8492,-18.75,58.82460937500001,142946194.66470432
8493,-18.75,59.10078125,193328565.38717753
8494,-15.0,58.82460937500001,157839850.3038349
8495,-15.0,59.10078125,271877489.67645705
8496,-18.75,59.376953125,137663105.91912526
8497,-18.75,59.653125,157684249.3553332
8498,-15.0,59.376953125,184479980.62165362
8499,-15.0,59.653125,175163567.6668614
8500,-18.75,59.92929687500001,152759319.67923686
8501,-18.75,60.20546875,179554509.88038683
8502,-15.0,59.92929687500001,183680516.22674447
8503,-15.0,60.20546875,222143159.72106624
8504,-18.75,60.481640625,140187188.60090485
8505,-18.75,60.7578125,155817283.25670063
8506,-15.0,60.481640625,154824237.32767996
8507,-15.0,60.7578125,156025113.7198351
8508,-18.75,61.033984375,125861510.6946055
8509,-18.75,61.31015625000001,135829663.32318574
8510,-15.0,61.033984375,154189529.408441
8511,-15.0,61.31015625000001,170136916.2417606
8512,-18.75,61.58632812500001,109597326.6033958
8513,-18.75,61.8625,102861606.68588755
8514,-15.0,61.58632812500001,139553329.59854412
8515,-15.0,61.8625,142817229.95984426
8516,-11.25,53.30117187500001,410510926.7398323
8517,-11.25,53.57734375,394731918.5828277
8518,-7.5,53.30117187500001,464750863.1568477
8519,-7.5,53.57734375,462749109.41899836
8520,-11.25,53.853515625,381276322.4864226
8521,-11.25,54.1296875,355498473.4021005
8522,-7.5,53.853515625,405998187.50562376
8523,-7.5,54.1296875,374903726.1546167
8524,-11.25,54.40585937500001,472417254.21252275
8525,-11.25,54.68203125000001,480034554.2721956
8526,-7.5,54.40585937500001,513869780.49266946
8527,-7.5,54.68203125000001,458764842.1319959
8528,-11.25,54.95820312500001,457633850.64856476
8529,-11.25,55.23437500000001,367911732.3382163
8530,-7.5,54.95820312500001,542748582.300846
8531,-7.5,55.23437500000001,445668812.5889567
8532,-11.25,55.510546875,377951733.07050085
8533,-11.25,55.78671875000001,333244999.9924199
8534,-7.5,55.510546875,408785286.5893063
8535,-7.5,55.78671875000001,370201819.64911425
8536,-11.25,56.06289062500001,392038688.7131483
8537,-11.25,56.33906250000001,305921789.7797209
8538,-7.5,56.06289062500001,339792903.2899184
8539,-7.5,56.33906250000001,317759845.6468379
8540,-11.25,56.61523437500001,285892889.1211989
8541,-11.25,56.89140625000001,306841662.6771245
8542,-7.5,56.61523437500001,296533019.35452366
8543,-7.5,56.89140625000001,332701457.9591759
8544,-11.25,57.16757812500001,267109410.34547487
8545,-11.25,57.44375000000001,213379842.58763245
8546,-7.5,57.16757812500001,253549770.6271928
8547,-7.5,57.44375000000001,209209256.53690153
8548,-11.25,57.71992187500001,278894231.831604
8549,-11.25,57.99609375000001,287012531.48440766
8550,-7.5,57.71992187500001,277651337.6195973
8551,-7.5,57.99609375000001,330990470.96267205
8552,-11.25,58.272265625,251227773.55388498
8553,-11.25,58.54843750000001,179859781.30023634
8554,-7.5,58.272265625,283517295.19217837
8555,-7.5,58.54843750000001,198330912.09007072
8556,-11.25,58.82460937500001,200705827.22255284
8557,-11.25,59.10078125,281906452.4877731
8558,-7.5,58.82460937500001,243571804.14127073
8559,-7.5,59.10078125,291935415.2990894
8560,-11.25,59.376953125,176808559.52608144
8561,-11.25,59.653125,184611606.72194853
8562,-7.5,59.376953125,169137138.4305093
8563,-7.5,59.653125,194059645.77703565
8564,-11.25,59.92929687500001,182159839.1195122
8565,-11.25,60.20546875,205066059.14266914
8566,-7.5,59.92929687500001,180639162.01227984
8567,-7.5,60.20546875,187988958.564272
8568,-11.25,60.481640625,148733243.1967458
8569,-11.25,60.7578125,152291036.1938767
8570,-7.5,60.481640625,142642249.06581163
8571,-7.5,60.7578125,148556958.66791826
8572,-11.25,61.033984375,194696412.48750085
8573,-11.25,61.31015625000001,170093350.20345172
8574,-7.5,61.033984375,235203295.5665607
8575,-7.5,61.31015625000001,170049784.16514277
8576,-11.25,61.58632812500001,164503286.16470337
8577,-11.25,61.8625,161678756.38054436
8578,-7.5,61.58632812500001,189453242.73086262
8579,-7.5,61.8625,180540282.8012445
8580,-3.75,53.30117187500001,511346748.85960037
8581,-3.75,53.57734375,521671049.3205842
8582,0.0,53.30117187500001,542654533.1338277
8583,0.0,53.57734375,562402487.353
8584,-3.75,53.853515625,446057757.93426013
8585,-3.75,54.1296875,397331603.4780455
8586,0.0,53.853515625,516792739.1817664
8587,0.0,54.1296875,425804729.94329953
8588,-3.75,54.40585937500001,528044806.9322469
8589,-3.75,54.68203125000001,444424003.3437515
8590,0.0,54.40585937500001,487664833.6906855
8591,0.0,54.68203125000001,443940911.2594173
8592,-3.75,54.95820312500001,575117372.2237931
8593,-3.75,55.23437500000001,486095192.22481525
8594,0.0,54.95820312500001,501994278.6880726
8595,0.0,55.23437500000001,451860170.6309099
8596,-3.75,55.510546875,434140077.7846458
8597,-3.75,55.78671875000001,425955140.35249984
8598,0.0,55.510546875,448537344.3330535
8599,0.0,55.78671875000001,519301463.1492679
8600,-3.75,56.06289062500001,328809629.69871485
8601,-3.75,56.33906250000001,341753258.3104268
8602,0.0,56.06289062500001,400351379.7715637
8603,0.0,56.33906250000001,390057384.56695956
8604,-3.75,56.61523437500001,309080105.61996603
8605,-3.75,56.89140625000001,360259173.876148
8606,0.0,56.61523437500001,325441103.9496433
8607,0.0,56.89140625000001,391212731.06296134
8608,-3.75,57.16757812500001,248748327.8602098
8609,-3.75,57.44375000000001,210008687.41963327
8610,0.0,57.16757812500001,261463278.99582487
8611,0.0,57.44375000000001,220748152.16929018
8612,-3.75,57.71992187500001,267880944.0133623
8613,-3.75,57.99609375000001,341045669.246959
8614,0.0,57.71992187500001,241055551.61867073
8615,0.0,57.99609375000001,283255385.14329106
8616,-3.75,58.272265625,289429603.961562
8617,-3.75,58.54843750000001,212371146.67378607
8618,0.0,58.272265625,242587486.99312603
8619,0.0,58.54843750000001,217549588.84526348
8620,-3.75,58.82460937500001,262389420.70528188
8621,-3.75,59.10078125,278315346.29344016
8622,0.0,58.82460937500001,233110316.55987945
8623,0.0,59.10078125,217397213.65386012
8624,-3.75,59.376953125,169990295.43021175
8625,-3.75,59.653125,198063117.46467358
8626,0.0,59.376953125,187892608.6204634
8627,0.0,59.653125,191177454.41741312
8628,-3.75,59.92929687500001,183655372.27764922
8629,-3.75,60.20546875,182650404.77871758
8630,0.0,59.92929687500001,195745357.28822193
8631,0.0,60.20546875,200788944.5788486
8632,-3.75,60.481640625,165377554.64921921
8633,-3.75,60.7578125,166539916.23849458
8634,0.0,60.481640625,245765459.66131026
8635,0.0,60.7578125,227956944.0021403
8636,-3.75,61.033984375,270660986.9255623
8637,-3.75,61.31015625000001,184027804.24012262
8638,0.0,61.033984375,296020294.8444475
8639,0.0,61.31015625000001,226048996.54167998
8640,-3.75,61.58632812500001,206446686.2964077
8641,-3.75,61.8625,194606847.53536013
8642,0.0,61.58632812500001,207527103.86072436
8643,0.0,61.8625,199083488.89630678
8644,-116.25,62.138671875,0.0
8645,-120.0,62.138671875,0.0
8646,-116.25,62.41484375,0.0
8647,-120.0,62.41484375,0.0
8648,-112.5,62.138671875,0.0
8649,-112.5,62.41484375,0.0
8650,-116.25,62.69101562500001,0.0
8651,-120.0,62.69101562500001,0.0
8652,-116.25,62.96718750000001,0.0
8653,-120.0,62.96718750000001,0.0
8654,-112.5,62.69101562500001,0.0
8655,-112.5,62.96718750000001,0.0
8656,-116.25,63.24335937500001,0.0
8657,-120.0,63.24335937500001,0.0
8658,-116.25,63.51953125000001,0.0
8659,-120.0,63.51953125000001,0.0
8660,-112.5,63.24335937500001,0.0
8661,-112.5,63.51953125000001,0.0
8662,-116.25,63.795703125,0.0
8663,-120.0,63.795703125,0.0
8664,-116.25,64.071875,0.0
8665,-120.0,64.071875,0.0
8666,-112.5,63.795703125,0.0
8667,-112.5,64.071875,0.0
8668,-116.25,64.34804687500001,0.0
8669,-120.0,64.34804687500001,0.0
8670,-116.25,64.62421875000001,0.0
8671,-120.0,64.62421875000001,0.0
8672,-112.5,64.34804687500001,0.0
8673,-112.5,64.62421875000001,0.0
8674,-116.25,64.900390625,0.0
8675,-120.0,64.900390625,0.0
8676,-116.25,65.1765625,0.0
8677,-120.0,65.1765625,0.0
8678,-112.5,64.900390625,0.0
8679,-112.5,65.1765625,0.0
8680,-116.25,65.452734375,0.0
8681,-120.0,65.452734375,0.0
8682,-116.25,65.72890625,0.0
8683,-120.0,65.72890625,0.0
8684,-112.5,65.452734375,0.0
8685,-112.5,65.72890625,0.0
8686,-116.25,66.005078125,0.0
8687,-120.0,66.005078125,0.0
8688,-116.25,66.28125,0.0
8689,-120.0,66.28125,0.0
8690,-112.5,66.005078125,0.0
8691,-112.5,66.28125,0.0
8692,-108.75,62.138671875,0.0
8693,-108.75,62.41484375,0.0
8694,-105.0,62.138671875,0.0
8695,-105.0,62.41484375,0.0
8696,-108.75,62.69101562500001,0.0
8697,-108.75,62.96718750000001,0.0
8698,-105.0,62.69101562500001,0.0
8699,-105.0,62.96718750000001,0.0
8700,-108.75,63.24335937500001,0.0
8701,-108.75,63.51953125000001,0.0
8702,-105.0,63.24335937500001,0.0
8703,-105.0,63.51953125000001,0.0
8704,-108.75,63.795703125,0.0
8705,-108.75,64.071875,0.0
8706,-105.0,63.795703125,0.0
8707,-105.0,64.071875,0.0
8708,-108.75,64.34804687500001,0.0
8709,-108.75,64.62421875000001,0.0
8710,-105.0,64.34804687500001,0.0
8711,-105.0,64.62421875000001,0.0
8712,-108.75,64.900390625,0.0
8713,-108.75,65.1765625,0.0
8714,-105.0,64.900390625,0.0
8715,-105.0,65.1765625,0.0
8716,-108.75,65.452734375,0.0
8717,-108.75,65.72890625,0.0
8718,-105.0,65.452734375,0.0
8719,-105.0,65.72890625,0.0
8720,-108.75,66.005078125,0.0
8721,-108.75,66.28125,0.0
8722,-105.0,66.005078125,0.0
8723,-105.0,66.28125,0.0
8724,-101.25,62.138671875,0.0
8725,-101.25,62.41484375,0.0
8726,-97.5,62.138671875,0.0
8727,-97.5,62.41484375,0.0
8728,-101.25,62.69101562500001,0.0
8729,-101.25,62.96718750000001,0.0
8730,-97.5,62.69101562500001,0.0
8731,-97.5,62.96718750000001,0.0
8732,-101.25,63.24335937500001,0.0
8733,-101.25,63.51953125000001,0.0
8734,-97.5,63.24335937500001,0.0
8735,-97.5,63.51953125000001,0.0
8736,-101.25,63.795703125,0.0
8737,-101.25,64.071875,0.0
8738,-97.5,63.795703125,0.0
8739,-97.5,64.071875,0.0
8740,-101.25,64.34804687500001,0.0
8741,-101.25,64.62421875000001,0.0
8742,-97.5,64.34804687500001,0.0
8743,-97.5,64.62421875000001,0.0
8744,-101.25,64.900390625,0.0
8745,-101.25,65.1765625,0.0
8746,-97.5,64.900390625,0.0
8747,-97.5,65.1765625,0.0
8748,-101.25,65.452734375,0.0
8749,-101.25,65.72890625,0.0
8750,-97.5,65.452734375,0.0
8751,-97.5,65.72890625,0.0
8752,-101.25,66.005078125,0.0
8753,-101.25,66.28125,0.0
8754,-97.5,66.005078125,0.0
8755,-97.5,66.28125,0.0
8756,-93.75,62.138671875,0.0
8757,-93.75,62.41484375,0.0
8758,-90.0,62.138671875,0.0
8759,-90.0,62.41484375,0.0
8760,-93.75,62.69101562500001,0.0
8761,-93.75,62.96718750000001,0.0
8762,-90.0,62.69101562500001,0.0
8763,-90.0,62.96718750000001,0.0
8764,-93.75,63.24335937500001,0.0
8765,-93.75,63.51953125000001,0.0
8766,-90.0,63.24335937500001,0.0
8767,-90.0,63.51953125000001,0.0
8768,-93.75,63.795703125,0.0
8769,-93.75,64.071875,0.0
8770,-90.0,63.795703125,0.0
8771,-90.0,64.071875,0.0
8772,-93.75,64.34804687500001,0.0
8773,-93.75,64.62421875000001,0.0
8774,-90.0,64.34804687500001,0.0
8775,-90.0,64.62421875000001,0.0
8776,-93.75,64.900390625,0.0
8777,-93.75,65.1765625,0.0
8778,-90.0,64.900390625,0.0
8779,-90.0,65.1765625,0.0
8780,-93.75,65.452734375,0.0
8781,-93.75,65.72890625,0.0
8782,-90.0,65.452734375,0.0
8783,-90.0,65.72890625,0.0
8784,-93.75,66.005078125,0.0
8785,-93.75,66.28125,0.0
8786,-90.0,66.005078125,0.0
8787,-90.0,66.28125,0.0
8788,-86.25,62.138671875,0.0
8789,-86.25,62.41484375,0.0
8790,-82.5,62.138671875,0.0
8791,-82.5,62.41484375,0.0
8792,-86.25,62.69101562500001,0.0
8793,-86.25,62.96718750000001,0.0
8794,-82.5,62.69101562500001,0.0
8795,-82.5,62.96718750000001,0.0
8796,-86.25,63.24335937500001,0.0
8797,-86.25,63.51953125000001,0.0
8798,-82.5,63.24335937500001,0.0
8799,-82.5,63.51953125000001,0.0
8800,-86.25,63.795703125,0.0
8801,-86.25,64.071875,0.0
8802,-82.5,63.795703125,0.0
8803,-82.5,64.071875,0.0
8804,-86.25,64.34804687500001,0.0
8805,-86.25,64.62421875000001,0.0
8806,-82.5,64.34804687500001,0.0
8807,-82.5,64.62421875000001,0.0
8808,-86.25,64.900390625,0.0
8809,-86.25,65.1765625,0.0
8810,-82.5,64.900390625,0.0
8811,-82.5,65.1765625,0.0
8812,-86.25,65.452734375,0.0
8813,-86.25,65.72890625,0.0
8814,-82.5,65.452734375,0.0
8815,-82.5,65.72890625,0.0
8816,-86.25,66.005078125,0.0
8817,-86.25,66.28125,0.0
8818,-82.5,66.005078125,0.0
8819,-82.5,66.28125,0.0
8820,-78.75,62.138671875,0.0
8821,-78.75,62.41484375,0.0
8822,-75.0,62.138671875,0.0
8823,-75.0,62.41484375,0.0
8824,-78.75,62.69101562500001,0.0
8825,-78.75,62.96718750000001,0.0
8826,-75.0,62.69101562500001,0.0
8827,-75.0,62.96718750000001,0.0
8828,-78.75,63.24335937500001,0.0
8829,-78.75,63.51953125000001,0.0
8830,-75.0,63.24335937500001,0.0
8831,-75.0,63.51953125000001,0.0
8832,-78.75,63.795703125,0.0
8833,-78.75,64.071875,0.0
8834,-75.0,63.795703125,0.0
8835,-75.0,64.071875,0.0
8836,-78.75,64.34804687500001,0.0
8837,-78.75,64.62421875000001,0.0
8838,-75.0,64.34804687500001,0.0
8839,-75.0,64.62421875000001,0.0
8840,-78.75,64.900390625,0.0
8841,-78.75,65.1765625,0.0
8842,-75.0,64.900390625,0.0
8843,-75.0,65.1765625,0.0
8844,-78.75,65.452734375,0.0
8845,-78.75,65.72890625,0.0
8846,-75.0,65.452734375,0.0
8847,-75.0,65.72890625,0.0
8848,-78.75,66.005078125,0.0
8849,-78.75,66.28125,0.0
8850,-75.0,66.005078125,0.0
8851,-75.0,66.28125,0.0
8852,-71.25,62.138671875,0.0
8853,-71.25,62.41484375,0.0
8854,-67.5,62.138671875,0.0
8855,-67.5,62.41484375,0.0
8856,-71.25,62.69101562500001,0.0
8857,-71.25,62.96718750000001,0.0
8858,-67.5,62.69101562500001,0.0
8859,-67.5,62.96718750000001,0.0
8860,-71.25,63.24335937500001,0.0
8861,-71.25,63.51953125000001,0.0
8862,-67.5,63.24335937500001,0.0
8863,-67.5,63.51953125000001,0.0
8864,-71.25,63.795703125,0.0
8865,-71.25,64.071875,0.0
8866,-67.5,63.795703125,0.0
8867,-67.5,64.071875,0.0
8868,-71.25,64.34804687500001,0.0
8869,-71.25,64.62421875000001,0.0
8870,-67.5,64.34804687500001,0.0
8871,-67.5,64.62421875000001,0.0
8872,-71.25,64.900390625,0.0
8873,-71.25,65.1765625,0.0
8874,-67.5,64.900390625,0.0
8875,-67.5,65.1765625,0.0
8876,-71.25,65.452734375,0.0
8877,-71.25,65.72890625,0.0
8878,-67.5,65.452734375,0.0
8879,-67.5,65.72890625,0.0
8880,-71.25,66.005078125,0.0
8881,-71.25,66.28125,0.0
8882,-67.5,66.005078125,0.0
8883,-67.5,66.28125,0.0
8884,-63.75,62.138671875,0.0
8885,-63.75,62.41484375,256137.31835043748
8886,-60.0,62.138671875,0.0
8887,-60.0,62.41484375,1024549.2734017499
8888,-63.75,62.69101562500001,4105061.3912926484
8889,-63.75,62.96718750000001,2025226.3858052152
8890,-60.0,62.69101562500001,16420245.565170594
8891,-60.0,62.96718750000001,8100905.543220861
8892,-63.75,63.24335937500001,1448174.5861734555
8893,-63.75,63.51953125000001,246185.58232537084
8894,-60.0,63.24335937500001,5792698.344693822
8895,-60.0,63.51953125000001,984742.3293014833
8896,-63.75,63.795703125,131086.84515014812
8897,-63.75,64.071875,334353.36202745826
8898,-60.0,63.795703125,524347.3806005925
8899,-60.0,64.071875,1337413.448109833
8900,-63.75,64.34804687500001,167747.92555791634
8901,-63.75,64.62421875000001,232428.79621498723
8902,-60.0,64.34804687500001,670991.7022316654
8903,-60.0,64.62421875000001,929715.1848599489
8904,-63.75,64.900390625,3378577.314563011
8905,-63.75,65.1765625,336002.30851707794
8906,-60.0,64.900390625,13514309.258252043
8907,-60.0,65.1765625,1344009.2340683118
8908,-63.75,65.452734375,102578.57807226613
8909,-63.75,65.72890625,0.0
8910,-60.0,65.452734375,410314.3122890645
8911,-60.0,65.72890625,0.0
8912,-63.75,66.005078125,0.0
8913,-63.75,66.28125,0.0
8914,-60.0,66.005078125,0.0
8915,-60.0,66.28125,0.0
8916,-56.25,62.138671875,0.0
8917,-56.25,62.41484375,1792961.2284530622
8918,-52.5,62.138671875,3736331.2273291587
8919,-52.5,62.41484375,4918496.009905619
8920,-56.25,62.69101562500001,28735429.739048537
8921,-56.25,62.96718750000001,14176584.70063651
8922,-52.5,62.69101562500001,25067876.078639753
8923,-52.5,62.96718750000001,18407326.14296059
8924,-56.25,63.24335937500001,10137222.103214188
8925,-56.25,63.51953125000001,1723299.0762775955
8926,-52.5,63.24335937500001,14797578.939260557
8927,-52.5,63.51953125000001,2787972.6283315625
8928,-56.25,63.795703125,917607.9160510369
8929,-56.25,64.071875,2340473.5341922077
8930,-52.5,63.795703125,2158481.1558798114
8931,-52.5,64.071875,3493382.5531835514
8932,-56.25,64.34804687500001,1174235.4789054142
8933,-56.25,64.62421875000001,1627001.5735049108
8934,-52.5,64.34804687500001,4468627.052346485
8935,-52.5,64.62421875000001,6790322.681767278
8936,-56.25,64.900390625,23650041.201941073
8937,-56.25,65.1765625,2352016.1596195456
8938,-52.5,64.900390625,22748040.72681942
8939,-52.5,65.1765625,5504872.702104162
8940,-56.25,65.452734375,718050.0465058628
8941,-56.25,65.72890625,0.0
8942,-52.5,65.452734375,6716109.759881595
8943,-52.5,65.72890625,1948388.5949163262
8944,-56.25,66.005078125,0.0
8945,-56.25,66.28125,0.0
8946,-52.5,66.005078125,2655199.089457721
8947,-52.5,66.28125,1521906.019072742
8948,-48.75,62.138671875,9340828.068322897
8949,-48.75,62.41484375,9222592.204558797
8950,-45.0,62.138671875,14945324.909316635
8951,-45.0,62.41484375,13526688.399211975
8952,-48.75,62.69101562500001,13408953.501087602
8953,-48.75,62.96718750000001,21715598.727738883
8954,-45.0,62.69101562500001,1750030.9235354543
8955,-45.0,62.96718750000001,25023871.31251718
8956,-48.75,63.24335937500001,19615852.314069934
8957,-48.75,63.51953125000001,4015704.5829244563
8958,-45.0,63.24335937500001,24434125.688879307
8959,-45.0,63.51953125000001,5243436.53751735
8960,-48.75,63.795703125,3823160.7478977507
8961,-48.75,64.071875,4721216.038629379
8962,-45.0,63.795703125,5487840.339915691
8963,-45.0,64.071875,5949049.524075206
8964,-48.75,64.34804687500001,9158592.524171216
8965,-48.75,64.62421875000001,14186661.149838349
8966,-45.0,64.34804687500001,13848557.995995946
8967,-45.0,64.62421875000001,21582999.61790942
8968,-48.75,64.900390625,16327174.042292424
8969,-48.75,65.1765625,9730154.05305547
8970,-45.0,64.900390625,9906307.357765427
8971,-45.0,65.1765625,13955435.40400678
8972,-48.75,65.452734375,15559331.462836795
8973,-48.75,65.72890625,4870971.487290815
8974,-45.0,65.452734375,24402553.165791992
8975,-45.0,65.72890625,7793554.379665305
8976,-48.75,66.005078125,6637997.723644302
8977,-48.75,66.28125,3804765.047681855
8978,-45.0,66.005078125,10620796.357830884
8979,-45.0,66.28125,6087624.076290968
8980,-41.25,62.138671875,18961412.789624237
8981,-41.25,62.41484375,28458445.03762942
8982,-37.5,62.138671875,22977500.66993184
8983,-37.5,62.41484375,43390201.67604686
8984,-41.25,62.69101562500001,19878522.79019633
8985,-41.25,62.96718750000001,24721659.812349334
8986,-37.5,62.69101562500001,38007014.65685721
8987,-37.5,62.96718750000001,24419448.3121815
8988,-41.25,63.24335937500001,22609326.252048317
8989,-41.25,63.51953125000001,9162645.895816226
8990,-37.5,63.24335937500001,20784526.815217324
8991,-37.5,63.51953125000001,13081855.254115101
8992,-41.25,63.795703125,17111005.880552806
8993,-41.25,64.071875,22213814.674108468
8994,-37.5,63.795703125,28734171.421189923
8995,-37.5,64.071875,38478579.824141726
8996,-41.25,64.34804687500001,17558779.859258596
8997,-41.25,64.62421875000001,26416162.92317673
8998,-37.5,64.34804687500001,21269001.722521245
8999,-37.5,64.62421875000001,31249326.228444036
9000,-41.25,64.900390625,16442850.441041308
9001,-41.25,65.1765625,21028435.988909967
9002,-37.5,64.900390625,22979393.524317186
9003,-37.5,65.1765625,28101436.573813155
9004,-41.25,65.452734375,28137702.474745072
9005,-41.25,65.72890625,13560978.465369575
9006,-37.5,65.452734375,31872851.783698156
9007,-37.5,65.72890625,19328402.551073845
9008,-41.25,66.005078125,16763191.035471626
9009,-41.25,66.28125,16631207.726656716
9010,-37.5,66.005078125,22905585.71311237
9011,-37.5,66.28125,27174791.377022468
9012,-33.75,62.138671875,34142622.315197095
9013,-33.75,62.41484375,53101521.148240745
9014,-30.0,62.138671875,59605811.49037765
9015,-30.0,62.41484375,52371966.287987456
9016,-33.75,62.69101562500001,52351950.329179235
9017,-33.75,62.96718750000001,29400540.68920597
9018,-30.0,62.69101562500001,59129773.61282356
9019,-30.0,62.96718750000001,44948240.820615076
9020,-33.75,63.24335937500001,29092088.402007896
9021,-33.75,63.51953125000001,23616962.260391902
9022,-30.0,63.24335937500001,57664372.03604159
9023,-30.0,63.51953125000001,47383864.56262456
9024,-33.75,63.795703125,36813246.07255617
9025,-33.75,64.071875,48821151.815355614
9026,-30.0,63.795703125,37804138.945380665
9027,-30.0,64.071875,47319337.488930784
9028,-33.75,64.34804687500001,29786471.814759944
9029,-33.75,64.62421875000001,34552242.830562614
9030,-30.0,64.34804687500001,47918438.364950754
9031,-30.0,64.62421875000001,34794666.026383735
9032,-33.75,64.900390625,32109126.115287885
9033,-33.75,65.1765625,31993181.29871928
9034,-30.0,64.900390625,46425237.72164821
9035,-30.0,65.1765625,29522414.303631302
9036,-33.75,65.452734375,31667476.744073942
9037,-33.75,65.72890625,25000850.986901242
9038,-30.0,65.452734375,23581053.007295124
9039,-30.0,65.72890625,30483348.122974887
9040,-33.75,66.005078125,34148781.80481462
9041,-33.75,66.28125,33551412.35759182
9042,-30.0,66.005078125,55593580.72463992
9043,-30.0,66.28125,31594107.998568386
9044,-26.25,62.138671875,85069000.6655582
9045,-26.25,62.41484375,51642411.42773418
9046,-22.5,62.138671875,102128633.89645156
9047,-22.5,62.41484375,73306502.41582584
9048,-26.25,62.69101562500001,65907596.89646787
9049,-26.25,62.96718750000001,60495940.952024184
9050,-22.5,62.69101562500001,91005940.20762815
9051,-22.5,62.96718750000001,82224180.51032719
9052,-26.25,63.24335937500001,86236655.67007528
9053,-26.25,63.51953125000001,71150766.8648572
9054,-22.5,63.24335937500001,101279353.55610079
9055,-22.5,63.51953125000001,97115104.36297736
9056,-26.25,63.795703125,38795031.81820517
9057,-26.25,64.071875,45817523.16250594
9058,-22.5,63.795703125,56175712.67592192
9059,-22.5,64.071875,58742971.77642554
9060,-26.25,64.34804687500001,66050404.915141545
9061,-26.25,64.62421875000001,35037089.22220485
9062,-22.5,64.34804687500001,92780184.21412838
9063,-22.5,64.62421875000001,50442628.23598541
9064,-26.25,64.900390625,60741349.32800853
9065,-26.25,65.1765625,27051647.308543324
9066,-22.5,64.900390625,84896790.68641791
9067,-22.5,65.1765625,50124124.908075154
9068,-26.25,65.452734375,15494629.270516302
9069,-26.25,65.72890625,35965845.25904853
9070,-22.5,65.452734375,39558584.663883165
9071,-22.5,65.72890625,43721334.47352105
9072,-26.25,66.005078125,77038379.64446522
9073,-26.25,66.28125,29636803.63954495
9074,-22.5,66.005078125,79494944.75463034
9075,-22.5,66.28125,50720786.193250306
9076,-18.75,62.138671875,114986489.15520135
9077,-18.75,62.41484375,106167416.32808995
9078,-15.0,62.138671875,127844344.41395111
9079,-15.0,62.41484375,139028330.2403541
9080,-18.75,62.69101562500001,125264543.5325464
9081,-18.75,62.96718750000001,107042689.78207716
9082,-15.0,62.69101562500001,159523146.85746467
9083,-15.0,62.96718750000001,131861199.05382714
9084,-18.75,63.24335937500001,109557258.56812218
9085,-18.75,63.51953125000001,124178159.45904127
9086,-15.0,63.24335937500001,117835163.58014359
9087,-15.0,63.51953125000001,151241214.55510518
9088,-18.75,63.795703125,81751287.5260848
9089,-18.75,64.071875,78882051.86051735
9090,-15.0,63.795703125,107326862.37624767
9091,-15.0,64.071875,99021131.94460917
9092,-18.75,64.34804687500001,123808869.88751325
9093,-18.75,64.62421875000001,73429725.15874568
9094,-15.0,64.34804687500001,154837555.56089807
9095,-15.0,64.62421875000001,96416822.08150594
9096,-18.75,64.900390625,113971896.92085177
9097,-18.75,65.1765625,85968224.80491689
9098,-15.0,64.900390625,143047003.1552857
9099,-15.0,65.1765625,121812324.70175862
9100,-18.75,65.452734375,79697729.62232287
9101,-18.75,65.72890625,52613319.727193
9102,-15.0,65.452734375,119836874.58076258
9103,-15.0,65.72890625,61505304.980864935
9104,-18.75,66.005078125,72457392.95996541
9105,-18.75,66.28125,83325412.20332009
9106,-15.0,66.005078125,65419841.16530048
9107,-15.0,66.28125,115930038.21338981
9108,-11.25,62.138671875,136993835.2136466
9109,-11.25,62.41484375,131800507.53918613
9110,-7.5,62.138671875,146143326.01334205
9111,-7.5,62.41484375,124572684.83801818
9112,-11.25,62.69101562500001,126061526.64524868
9113,-11.25,62.96718750000001,121056803.94270799
9114,-7.5,62.69101562500001,92599906.43303269
9115,-7.5,62.96718750000001,110252408.83158882
9116,-11.25,63.24335937500001,135727316.08962375
9117,-11.25,63.51953125000001,154125722.60536852
9118,-7.5,63.24335937500001,153619468.59910387
9119,-7.5,63.51953125000001,157010230.6556319
9120,-11.25,63.795703125,110184669.71685405
9121,-11.25,64.071875,121402338.07228708
9122,-7.5,63.795703125,113042477.05746043
9123,-7.5,64.071875,143783544.19996503
9124,-11.25,64.34804687500001,150521284.40007487
9125,-11.25,64.62421875000001,104290884.90541925
9126,-7.5,64.34804687500001,146205013.23925164
9127,-7.5,64.62421875000001,112164947.72933254
9128,-11.25,64.900390625,129972607.16891897
9129,-11.25,65.1765625,105910105.67840108
9130,-7.5,64.900390625,116898211.18255231
9131,-7.5,65.1765625,90007886.65504354
9132,-11.25,65.452734375,107976506.45249318
9133,-11.25,65.72890625,89632560.08827516
9134,-7.5,65.452734375,96116138.32422379
9135,-7.5,65.72890625,117759815.19568537
9136,-11.25,66.005078125,89910082.23665217
9137,-11.25,66.28125,119070166.75681756
9138,-7.5,66.005078125,114400323.30800384
9139,-7.5,66.28125,122210295.30024529
9140,-3.75,62.138671875,157297457.42620298
9141,-3.75,62.41484375,134624945.54600897
9142,0.0,62.138671875,172460870.06539476
9143,0.0,62.41484375,179237373.0723173
9144,-3.75,62.69101562500001,87491284.20453331
9145,-3.75,62.96718750000001,108070771.82831934
9146,0.0,62.69101562500001,139088657.9434671
9147,0.0,62.96718750000001,123134651.0407492
9148,-3.75,63.24335937500001,165530554.50027147
9149,-3.75,63.51953125000001,154118454.03664774
9150,0.0,63.24335937500001,165479507.18481404
9151,0.0,63.51953125000001,139674108.0791686
9152,-3.75,63.795703125,114248981.99308436
9153,-3.75,64.071875,158590135.76089737
9154,0.0,63.795703125,112152882.11874348
9155,0.0,64.071875,158247498.18833858
9156,-3.75,64.34804687500001,139175257.90561512
9157,-3.75,64.62421875000001,113601090.86155656
9158,0.0,64.34804687500001,126718534.22635202
9159,0.0,64.62421875000001,102161394.61040208
9160,-3.75,64.900390625,103783257.05634902
9161,-3.75,65.1765625,78125533.9778987
9162,0.0,64.900390625,90587186.65047258
9163,0.0,65.1765625,74282913.99317926
9164,-3.75,65.452734375,82722968.77841844
9165,-3.75,65.72890625,125340410.09170647
9166,0.0,65.452734375,66264196.39754125
9167,0.0,65.72890625,91827684.56494933
9168,-3.75,66.005078125,120707539.32763724
9169,-3.75,66.28125,114720750.14657801
9170,0.0,66.005078125,90648705.24383408
9171,0.0,66.28125,85971857.59872088
9172,-116.25,66.557421875,0.0
9173,-120.0,66.557421875,0.0
9174,-116.25,66.83359375,0.0
9175,-120.0,66.83359375,0.0
9176,-112.5,66.557421875,0.0
9177,-112.5,66.83359375,0.0
9178,-116.25,67.109765625,0.0
9179,-120.0,67.109765625,0.0
9180,-116.25,67.3859375,0.0
9181,-120.0,67.3859375,0.0
9182,-112.5,67.109765625,0.0
9183,-112.5,67.3859375,0.0
9184,-116.25,67.662109375,0.0
9185,-120.0,67.662109375,0.0
9186,-116.25,67.93828124999999,0.0
9187,-120.0,67.93828124999999,0.0
9188,-112.5,67.662109375,0.0
9189,-112.5,67.93828124999999,0.0
9190,-116.25,68.21445312499999,0.0
9191,-120.0,68.21445312499999,0.0
9192,-116.25,68.490625,0.0
9193,-120.0,68.490625,0.0
9194,-112.5,68.21445312499999,0.0
9195,-112.5,68.490625,0.0
9196,-108.75,66.557421875,0.0
9197,-108.75,66.83359375,0.0
9198,-105.0,66.557421875,0.0
9199,-105.0,66.83359375,0.0
9200,-108.75,67.109765625,0.0
9201,-108.75,67.3859375,0.0
9202,-105.0,67.109765625,0.0
9203,-105.0,67.3859375,0.0
9204,-108.75,67.662109375,0.0
9205,-108.75,67.93828124999999,0.0
9206,-105.0,67.662109375,0.0
9207,-105.0,67.93828124999999,0.0
9208,-108.75,68.21445312499999,0.0
9209,-108.75,68.490625,0.0
9210,-105.0,68.21445312499999,0.0
9211,-105.0,68.490625,0.0
9212,-101.25,66.557421875,0.0
9213,-101.25,66.83359375,0.0
9214,-97.5,66.557421875,0.0
9215,-97.5,66.83359375,0.0
9216,-101.25,67.109765625,0.0
9217,-101.25,67.3859375,0.0
9218,-97.5,67.109765625,0.0
9219,-97.5,67.3859375,0.0
9220,-101.25,67.662109375,0.0
9221,-101.25,67.93828124999999,0.0
9222,-97.5,67.662109375,0.0
9223,-97.5,67.93828124999999,0.0
9224,-101.25,68.21445312499999,0.0
9225,-101.25,68.490625,0.0
9226,-97.5,68.21445312499999,0.0
9227,-97.5,68.490625,0.0
9228,-93.75,66.557421875,0.0
9229,-93.75,66.83359375,0.0
9230,-90.0,66.557421875,0.0
9231,-90.0,66.83359375,0.0
9232,-93.75,67.109765625,0.0
9233,-93.75,67.3859375,0.0
9234,-90.0,67.109765625,0.0
9235,-90.0,67.3859375,0.0
9236,-93.75,67.662109375,0.0
9237,-93.75,67.93828124999999,0.0
9238,-90.0,67.662109375,0.0
9239,-90.0,67.93828124999999,0.0
9240,-93.75,68.21445312499999,0.0
9241,-93.75,68.490625,0.0
9242,-90.0,68.21445312499999,0.0
9243,-90.0,68.490625,0.0
9244,-86.25,66.557421875,0.0
9245,-86.25,66.83359375,0.0
9246,-82.5,66.557421875,0.0
9247,-82.5,66.83359375,0.0
9248,-86.25,67.109765625,0.0
9249,-86.25,67.3859375,0.0
9250,-82.5,67.109765625,0.0
9251,-82.5,67.3859375,0.0
9252,-86.25,67.662109375,0.0
9253,-86.25,67.93828124999999,0.0
9254,-82.5,67.662109375,0.0
9255,-82.5,67.93828124999999,0.0
9256,-86.25,68.21445312499999,0.0
9257,-86.25,68.490625,0.0
9258,-82.5,68.21445312499999,0.0
9259,-82.5,68.490625,0.0
9260,-78.75,66.557421875,0.0
9261,-78.75,66.83359375,0.0
9262,-75.0,66.557421875,0.0
9263,-75.0,66.83359375,0.0
9264,-78.75,67.109765625,0.0
9265,-78.75,67.3859375,0.0
9266,-75.0,67.109765625,0.0
9267,-75.0,67.3859375,0.0
9268,-78.75,67.662109375,0.0
9269,-78.75,67.93828124999999,0.0
9270,-75.0,67.662109375,0.0
9271,-75.0,67.93828124999999,0.0
9272,-78.75,68.21445312499999,0.0
9273,-78.75,68.490625,0.0
9274,-75.0,68.21445312499999,0.0
9275,-75.0,68.490625,0.0
9276,-71.25,66.557421875,0.0
9277,-71.25,66.83359375,3603654.7817066573
9278,-67.5,66.557421875,0.0
9279,-67.5,66.83359375,7207309.5634133145
9280,-71.25,67.109765625,4171672.6739121885
9281,-71.25,67.3859375,2067628.8665452052
9282,-67.5,67.109765625,8343345.347824377
9283,-67.5,67.3859375,4135257.7330904105
9284,-71.25,67.662109375,0.0
9285,-71.25,67.93828124999999,0.0
9286,-67.5,67.662109375,0.0
9287,-67.5,67.93828124999999,0.0
9288,-71.25,68.21445312499999,0.0
9289,-71.25,68.490625,0.0
9290,-67.5,68.21445312499999,0.0
9291,-67.5,68.490625,0.0
9292,-63.75,66.557421875,0.0
9293,-63.75,66.83359375,8408527.8239822
9294,-60.0,66.557421875,0.0
9295,-60.0,66.83359375,4804873.042275542
9296,-63.75,67.109765625,9733902.905795107
9297,-63.75,67.3859375,4824467.355272146
9298,-60.0,67.109765625,5562230.231882918
9299,-60.0,67.3859375,2756838.4887269405
9300,-63.75,67.662109375,0.0
9301,-63.75,67.93828124999999,0.0
9302,-60.0,67.662109375,0.0
9303,-60.0,67.93828124999999,0.0
9304,-63.75,68.21445312499999,0.0
9305,-63.75,68.490625,0.0
9306,-60.0,68.21445312499999,0.0
9307,-60.0,68.490625,0.0
9308,-56.25,66.557421875,0.0
9309,-56.25,66.83359375,1201218.2605688856
9310,-52.5,66.557421875,1851360.0479064444
9311,-52.5,66.83359375,3249478.929256069
9312,-56.25,67.109765625,1390557.5579707294
9313,-56.25,67.3859375,689209.6221817351
9314,-52.5,67.109765625,3843192.4684772324
9315,-52.5,67.3859375,0.0
9316,-56.25,67.662109375,0.0
9317,-56.25,67.93828124999999,0.0
9318,-52.5,67.662109375,0.0
9319,-52.5,67.93828124999999,0.0
9320,-56.25,68.21445312499999,0.0
9321,-56.25,68.490625,0.0
9322,-52.5,68.21445312499999,0.0
9323,-52.5,68.490625,0.0
9324,-48.75,66.557421875,4628400.1197661115
9325,-48.75,66.83359375,8123697.323140172
9326,-45.0,66.557421875,7405440.191625778
9327,-45.0,66.83359375,12997915.717024276
9328,-48.75,67.109765625,9607981.171193082
9329,-48.75,67.3859375,0.0
9330,-45.0,67.109765625,15372769.87390893
9331,-45.0,67.3859375,0.0
9332,-48.75,67.662109375,0.0
9333,-48.75,67.93828124999999,0.0
9334,-45.0,67.662109375,0.0
9335,-45.0,67.93828124999999,0.0
9336,-48.75,68.21445312499999,0.0
9337,-48.75,68.490625,0.0
9338,-45.0,68.21445312499999,0.0
9339,-45.0,68.490625,0.0
9340,-41.25,66.557421875,14164269.444566878
9341,-41.25,66.83359375,11063759.597020559
9342,-37.5,66.557421875,20923098.69750798
9343,-37.5,66.83359375,9129603.477016838
9344,-41.25,67.109765625,13612056.979374714
9345,-41.25,67.3859375,2098777.073899512
9346,-37.5,67.109765625,11851344.084840495
9347,-37.5,67.3859375,4197554.147799024
9348,-41.25,67.662109375,873403.4468038271
9349,-41.25,67.93828124999999,2945161.9067875626
9350,-37.5,67.662109375,1746806.8936076541
9351,-37.5,67.93828124999999,5890323.813575125
9352,-41.25,68.21445312499999,992355.8451365174
9353,-41.25,68.490625,809933.3785220967
9354,-37.5,68.21445312499999,1984711.6902730349
9355,-37.5,68.490625,1619866.7570441933
9356,-33.75,66.557421875,24163735.594973534
9357,-33.75,66.83359375,8915358.609828021
9358,-30.0,66.557421875,20367987.781488005
9359,-30.0,66.83359375,12140936.248269014
9360,-33.75,67.109765625,11315849.530805076
9361,-33.75,67.3859375,6871524.421178345
9362,-30.0,67.109765625,13230791.65776725
9363,-30.0,67.3859375,10695881.093517285
9364,-33.75,67.662109375,3482453.541268845
9365,-33.75,67.93828124999999,9518941.798650365
9366,-30.0,67.662109375,6942586.590644764
9367,-30.0,67.93828124999999,14514471.940300956
9368,-33.75,68.21445312499999,6407699.331603364
9369,-33.75,68.490625,11474385.616761701
9370,-30.0,68.21445312499999,17691950.56532132
9371,-30.0,68.490625,39418075.438870035
9372,-26.25,66.557421875,16572239.968002476
9373,-26.25,66.83359375,15366513.886710003
9374,-22.5,66.557421875,31856336.95818447
9375,-22.5,66.83359375,29343955.744035415
9376,-26.25,67.109765625,15145733.784729423
9377,-26.25,67.3859375,14520237.765856225
9378,-22.5,67.109765625,65751549.44606225
9379,-22.5,67.3859375,38662731.970292136
9380,-26.25,67.662109375,10402719.640020682
9381,-26.25,67.93828124999999,19510002.081951547
9382,-22.5,67.662109375,38245390.79494907
9383,-22.5,67.93828124999999,50499491.87358957
9384,-26.25,68.21445312499999,28976201.799039267
9385,-26.25,68.490625,67361765.26097836
9386,-22.5,68.21445312499999,66910988.344340585
9387,-22.5,68.490625,94105035.70866328
9388,-18.75,66.557421875,56680356.35020023
9389,-18.75,66.83359375,48697329.71080303
9390,-15.0,66.557421875,81504375.74221599
9391,-15.0,66.83359375,68050703.67757064
9392,-18.75,67.109765625,140702801.8745804
9393,-18.75,67.3859375,72964294.94077654
9394,-15.0,67.109765625,215654054.3030986
9395,-15.0,67.3859375,107265857.91126095
9396,-18.75,67.662109375,78279331.00265369
9397,-18.75,67.93828124999999,94485961.49022132
9398,-15.0,67.662109375,118313271.21035832
9399,-15.0,67.93828124999999,138472431.10685307
9400,-18.75,68.21445312499999,118171042.54543358
9401,-18.75,68.490625,120248096.46913654
9402,-15.0,68.21445312499999,169431096.74652657
9403,-15.0,68.490625,146391157.22960976
9404,-11.25,66.557421875,86763515.80118349
9405,-11.25,66.83359375,89505194.56800357
9406,-7.5,66.557421875,92022655.86015102
9407,-7.5,66.83359375,110959685.45843647
9408,-11.25,67.109765625,156060359.46586052
9409,-11.25,67.3859375,90906793.57861295
9410,-7.5,67.109765625,96466664.62862244
9411,-7.5,67.3859375,74547729.24596499
9412,-11.25,67.662109375,103137229.21852179
9413,-11.25,67.93828124999999,133081602.07911168
9414,-7.5,67.662109375,87961187.22668526
9415,-7.5,67.93828124999999,127690773.05137026
9416,-11.25,68.21445312499999,142149806.3010994
9417,-11.25,68.490625,118803415.92898434
9418,-7.5,68.21445312499999,114868515.85567218
9419,-7.5,68.490625,91215674.6283589
9420,-3.75,66.557421875,91240666.74979028
9421,-3.75,66.83359375,117265596.21001902
9422,0.0,66.557421875,78376419.30077311
9423,0.0,66.83359375,93274346.6839009
9424,-3.75,67.109765625,56487604.933006376
9425,-3.75,67.3859375,62604544.16493302
9426,0.0,67.109765625,55737815.520634286
9427,0.0,67.3859375,59493117.58713309
9428,-3.75,67.662109375,82018970.15267813
9429,-3.75,67.93828124999999,119096289.813005
9430,0.0,67.662109375,94544402.91432983
9431,0.0,67.93828124999999,104094498.15339199
9432,-3.75,68.21445312499999,96959007.61910553
9433,-3.75,68.490625,73364401.63498665
9434,0.0,68.21445312499999,97793063.80026
9435,0.0,68.490625,74986065.25612077
9436,-116.25,68.766796875,0.0
9437,-120.0,68.766796875,0.0
9438,-116.25,69.04296875,0.0
9439,-120.0,69.04296875,0.0
9440,-112.5,68.766796875,0.0
9441,-112.5,69.04296875,0.0
9442,-116.25,69.319140625,0.0
9443,-120.0,69.319140625,0.0
9444,-112.5,69.319140625,0.0
9445,-116.25,69.5953125,0.0
9446,-120.0,69.5953125,0.0
9447,-112.5,69.5953125,0.0
9448,-108.75,68.766796875,0.0
9449,-108.75,69.04296875,0.0
9450,-105.0,68.766796875,0.0
9451,-105.0,69.04296875,0.0
9452,-108.75,69.319140625,0.0
9453,-105.0,69.319140625,0.0
9454,-108.75,69.5953125,0.0
9455,-105.0,69.5953125,0.0
9456,-101.25,68.766796875,0.0
9457,-101.25,69.04296875,0.0
9458,-97.5,68.766796875,0.0
9459,-97.5,69.04296875,0.0
9460,-101.25,69.319140625,0.0
9461,-97.5,69.319140625,0.0
9462,-101.25,69.5953125,0.0
9463,-97.5,69.5953125,0.0
9464,-93.75,68.766796875,0.0
9465,-93.75,69.04296875,0.0
9466,-90.0,68.766796875,0.0
9467,-90.0,69.04296875,0.0
9468,-93.75,69.319140625,0.0
9469,-90.0,69.319140625,0.0
9470,-93.75,69.5953125,0.0
9471,-90.0,69.5953125,0.0
9472,-86.25,68.766796875,0.0
9473,-86.25,69.04296875,0.0
9474,-82.5,68.766796875,0.0
9475,-82.5,69.04296875,0.0
9476,-86.25,69.319140625,0.0
9477,-82.5,69.319140625,0.0
9478,-86.25,69.5953125,0.0
9479,-82.5,69.5953125,0.0
9480,-78.75,68.766796875,0.0
9481,-78.75,69.04296875,0.0
9482,-75.0,68.766796875,0.0
9483,-75.0,69.04296875,0.0
9484,-78.75,69.319140625,0.0
9485,-75.0,69.319140625,0.0
9486,-78.75,69.5953125,0.0
9487,-75.0,69.5953125,0.0
9488,-71.25,68.766796875,0.0
9489,-71.25,69.04296875,0.0
9490,-67.5,68.766796875,0.0
9491,-67.5,69.04296875,0.0
9492,-71.25,69.319140625,0.0
9493,-67.5,69.319140625,0.0
9494,-71.25,69.5953125,0.0
9495,-67.5,69.5953125,0.0
9496,-63.75,68.766796875,0.0
9497,-63.75,69.04296875,0.0
9498,-60.0,68.766796875,0.0
9499,-60.0,69.04296875,0.0
9500,-63.75,69.319140625,0.0
9501,-60.0,69.319140625,0.0
9502,-63.75,69.5953125,0.0
9503,-60.0,69.5953125,0.0
9504,-56.25,68.766796875,0.0
9505,-56.25,69.04296875,0.0
9506,-52.5,68.766796875,0.0
9507,-52.5,69.04296875,0.0
9508,-56.25,69.319140625,0.0
9509,-52.5,69.319140625,0.0
9510,-56.25,69.5953125,0.0
9511,-52.5,69.5953125,0.0
9512,-48.75,68.766796875,0.0
9513,-48.75,69.04296875,0.0
9514,-45.0,68.766796875,0.0
9515,-45.0,69.04296875,0.0
9516,-48.75,69.319140625,0.0
9517,-45.0,69.319140625,0.0
9518,-48.75,69.5953125,0.0
9519,-45.0,69.5953125,0.0
9520,-41.25,68.766796875,928273.3878255067
9521,-41.25,69.04296875,618953.070756406
9522,-37.5,68.766796875,1856546.7756510135
9523,-37.5,69.04296875,1237906.141512812
9524,-41.25,69.319140625,510605.6860185219
9525,-37.5,69.319140625,1021211.3720370438
9526,-41.25,69.5953125,866466.088886378
9527,-37.5,69.5953125,1732932.177772756
9528,-33.75,68.766796875,5685540.395556592
9529,-33.75,69.04296875,5733393.42590471
9530,-30.0,68.766796875,15315974.479622316
9531,-30.0,69.04296875,17981949.13756759
9532,-33.75,69.319140625,5429677.567726825
9533,-30.0,69.319140625,17633864.782759126
9534,-33.75,69.5953125,4905492.820623767
9535,-30.0,69.5953125,12690242.571404044
9536,-26.25,68.766796875,24946408.56368804
9537,-26.25,69.04296875,30230504.849230476
9538,-22.5,68.766796875,44350693.54709402
9539,-22.5,69.04296875,40073524.49099843
9540,-26.25,69.319140625,29838051.99779142
9541,-22.5,69.319140625,37455402.17474478
9542,-26.25,69.5953125,20474992.322184317
9543,-22.5,69.5953125,39603263.4869694
9544,-18.75,68.766796875,68641903.9801701
9545,-18.75,69.04296875,48713776.097818926
9546,-15.0,68.766796875,92933114.41324621
9547,-15.0,69.04296875,57354027.70463942
9548,-18.75,69.319140625,42779333.832658656
9549,-15.0,69.319140625,48103265.49057253
9550,-18.75,69.5953125,64403295.35875686
9551,-15.0,69.5953125,89203327.23054434
9552,-11.25,68.766796875,96473516.57835905
9553,-11.25,69.04296875,77882636.76704077
9554,-7.5,68.766796875,100013918.74347188
9555,-7.5,69.04296875,98411245.82944213
9556,-11.25,69.319140625,73456267.11716466
9557,-7.5,69.319140625,98809268.7437568
9558,-11.25,69.5953125,94125484.2065807
9559,-7.5,69.5953125,99047641.18261704
9560,-3.75,68.766796875,96239759.76724158
9561,-3.75,69.04296875,107588315.7406842
9562,0.0,68.766796875,77836478.508325
9563,0.0,69.04296875,94062307.34960768
9564,-3.75,69.319140625,111227731.88734788
9565,0.0,69.319140625,97777118.06493683
9566,-3.75,69.5953125,95705263.21692955
9567,0.0,69.5953125,75833815.36779435
9568,-116.25,69.7333984375,0.0
9569,-120.0,69.7333984375,0.0
9570,-112.5,69.7333984375,0.0
9571,-116.25,69.87148437500001,0.0
9572,-120.0,69.87148437500001,0.0
9573,-112.5,69.87148437500001,0.0
9574,-116.25,69.94052734375,0.0
9575,-120.0,69.94052734375,0.0
9576,-112.5,69.94052734375,0.0
9577,-116.25,70.00957031250002,0.0
9578,-120.0,70.00957031250002,0.0
9579,-112.5,70.00957031250002,0.0
9580,-116.25,70.04409179687502,0.0
9581,-120.0,70.04409179687502,0.0
9582,-112.5,70.04409179687502,0.0
9583,-116.25,70.07861328125001,0.0
9584,-120.0,70.07861328125001,0.0
9585,-112.5,70.07861328125001,0.0
9586,-116.25,70.09587402343752,0.0
9587,-120.0,70.09587402343752,0.0
9588,-112.5,70.09587402343752,0.0
9589,-116.25,70.10450439453126,0.0
9590,-120.0,70.10450439453126,0.0
9591,-116.25,70.113134765625,0.0
9592,-120.0,70.113134765625,0.0
9593,-112.5,70.10450439453126,0.0
9594,-112.5,70.113134765625,0.0
9595,-116.25,70.12176513671875,0.0
9596,-120.0,70.12176513671875,0.0
9597,-116.25,70.13039550781251,0.0
9598,-120.0,70.13039550781251,0.0
9599,-112.5,70.12176513671875,0.0
9600,-112.5,70.13039550781251,0.0
9601,-116.25,70.13902587890627,0.0
9602,-120.0,70.13902587890627,0.0
9603,-116.25,70.14765625000001,0.0
9604,-120.0,70.14765625000001,0.0
9605,-112.5,70.13902587890627,0.0
9606,-112.5,70.14765625000001,0.0
9607,-108.75,69.7333984375,0.0
9608,-105.0,69.7333984375,0.0
9609,-108.75,69.87148437500001,0.0
9610,-105.0,69.87148437500001,0.0
9611,-108.75,69.94052734375,0.0
9612,-105.0,69.94052734375,0.0
9613,-108.75,70.00957031250002,0.0
9614,-105.0,70.00957031250002,0.0
9615,-108.75,70.04409179687502,0.0
9616,-105.0,70.04409179687502,0.0
9617,-108.75,70.07861328125001,0.0
9618,-105.0,70.07861328125001,0.0
9619,-108.75,70.09587402343752,0.0
9620,-105.0,70.09587402343752,0.0
9621,-108.75,70.10450439453126,0.0
9622,-108.75,70.113134765625,0.0
9623,-105.0,70.10450439453126,0.0
9624,-105.0,70.113134765625,0.0
9625,-108.75,70.12176513671875,0.0
9626,-108.75,70.13039550781251,0.0
9627,-105.0,70.12176513671875,0.0
9628,-105.0,70.13039550781251,0.0
9629,-108.75,70.13902587890627,0.0
9630,-108.75,70.14765625000001,0.0
9631,-105.0,70.13902587890627,0.0
9632,-105.0,70.14765625000001,0.0
9633,-101.25,69.7333984375,0.0
9634,-97.5,69.7333984375,0.0
9635,-101.25,69.87148437500001,0.0
9636,-97.5,69.87148437500001,0.0
9637,-101.25,69.94052734375,0.0
9638,-97.5,69.94052734375,0.0
9639,-101.25,70.00957031250002,0.0
9640,-97.5,70.00957031250002,0.0
9641,-101.25,70.04409179687502,0.0
9642,-97.5,70.04409179687502,0.0
9643,-101.25,70.07861328125001,0.0
9644,-97.5,70.07861328125001,0.0
9645,-101.25,70.09587402343752,0.0
9646,-97.5,70.09587402343752,0.0
9647,-101.25,70.10450439453126,0.0
9648,-101.25,70.113134765625,0.0
9649,-97.5,70.10450439453126,0.0
9650,-97.5,70.113134765625,0.0
9651,-101.25,70.12176513671875,0.0
9652,-101.25,70.13039550781251,0.0
9653,-97.5,70.12176513671875,0.0
9654,-97.5,70.13039550781251,0.0
9655,-101.25,70.13902587890627,0.0
9656,-101.25,70.14765625000001,0.0
9657,-97.5,70.13902587890627,0.0
9658,-97.5,70.14765625000001,0.0
9659,-93.75,69.7333984375,0.0
9660,-90.0,69.7333984375,0.0
9661,-93.75,69.87148437500001,0.0
9662,-90.0,69.87148437500001,0.0
9663,-93.75,69.94052734375,0.0
9664,-90.0,69.94052734375,0.0
9665,-93.75,70.00957031250002,0.0
9666,-90.0,70.00957031250002,0.0
9667,-93.75,70.04409179687502,0.0
9668,-90.0,70.04409179687502,0.0
9669,-93.75,70.07861328125001,0.0
9670,-90.0,70.07861328125001,0.0
9671,-93.75,70.09587402343752,0.0
9672,-90.0,70.09587402343752,0.0
9673,-93.75,70.10450439453126,0.0
9674,-93.75,70.113134765625,0.0
9675,-90.0,70.10450439453126,0.0
9676,-90.0,70.113134765625,0.0
9677,-93.75,70.12176513671875,0.0
9678,-93.75,70.13039550781251,0.0
9679,-90.0,70.12176513671875,0.0
9680,-90.0,70.13039550781251,0.0
9681,-93.75,70.13902587890627,0.0
9682,-93.75,70.14765625000001,0.0
9683,-90.0,70.13902587890627,0.0
9684,-90.0,70.14765625000001,0.0
9685,-86.25,69.7333984375,0.0
9686,-82.5,69.7333984375,0.0
9687,-86.25,69.87148437500001,0.0
9688,-82.5,69.87148437500001,0.0
9689,-86.25,69.94052734375,0.0
9690,-82.5,69.94052734375,0.0
9691,-86.25,70.00957031250002,0.0
9692,-82.5,70.00957031250002,0.0
9693,-86.25,70.04409179687502,0.0
9694,-82.5,70.04409179687502,0.0
9695,-86.25,70.07861328125001,0.0
9696,-82.5,70.07861328125001,0.0
9697,-86.25,70.09587402343752,0.0
9698,-82.5,70.09587402343752,0.0
9699,-86.25,70.10450439453126,0.0
9700,-86.25,70.113134765625,0.0
9701,-82.5,70.10450439453126,0.0
9702,-82.5,70.113134765625,0.0
9703,-86.25,70.12176513671875,0.0
9704,-86.25,70.13039550781251,0.0
9705,-82.5,70.12176513671875,0.0
9706,-82.5,70.13039550781251,0.0
9707,-86.25,70.13902587890627,0.0
9708,-86.25,70.14765625000001,0.0
9709,-82.5,70.13902587890627,0.0
9710,-82.5,70.14765625000001,0.0
9711,-78.75,69.7333984375,0.0
9712,-75.0,69.7333984375,0.0
9713,-78.75,69.87148437500001,0.0
9714,-75.0,69.87148437500001,0.0
9715,-78.75,69.94052734375,0.0
9716,-75.0,69.94052734375,0.0
9717,-78.75,70.00957031250002,0.0
9718,-75.0,70.00957031250002,0.0
9719,-78.75,70.04409179687502,0.0
9720,-75.0,70.04409179687502,0.0
9721,-78.75,70.07861328125001,0.0
9722,-75.0,70.07861328125001,0.0
9723,-78.75,70.09587402343752,0.0
9724,-75.0,70.09587402343752,0.0
9725,-78.75,70.10450439453126,0.0
9726,-78.75,70.113134765625,0.0
9727,-75.0,70.10450439453126,0.0
9728,-75.0,70.113134765625,0.0
9729,-78.75,70.12176513671875,0.0
9730,-78.75,70.13039550781251,0.0
9731,-75.0,70.12176513671875,0.0
9732,-75.0,70.13039550781251,0.0
9733,-78.75,70.13902587890627,0.0
9734,-78.75,70.14765625000001,0.0
9735,-75.0,70.13902587890627,0.0
9736,-75.0,70.14765625000001,0.0
9737,-71.25,69.7333984375,0.0
9738,-67.5,69.7333984375,0.0
9739,-71.25,69.87148437500001,0.0
9740,-67.5,69.87148437500001,0.0
9741,-71.25,69.94052734375,0.0
9742,-67.5,69.94052734375,0.0
9743,-71.25,70.00957031250002,0.0
9744,-67.5,70.00957031250002,0.0
9745,-71.25,70.04409179687502,0.0
9746,-67.5,70.04409179687502,0.0
9747,-71.25,70.07861328125001,0.0
9748,-67.5,70.07861328125001,0.0
9749,-71.25,70.09587402343752,0.0
9750,-67.5,70.09587402343752,0.0
9751,-71.25,70.10450439453126,0.0
9752,-71.25,70.113134765625,0.0
9753,-67.5,70.10450439453126,0.0
9754,-67.5,70.113134765625,0.0
9755,-71.25,70.12176513671875,0.0
9756,-71.25,70.13039550781251,0.0
9757,-67.5,70.12176513671875,0.0
9758,-67.5,70.13039550781251,0.0
9759,-71.25,70.13902587890627,0.0
9760,-71.25,70.14765625000001,0.0
9761,-67.5,70.13902587890627,0.0
9762,-67.5,70.14765625000001,0.0
9763,-63.75,69.7333984375,0.0
9764,-60.0,69.7333984375,0.0
9765,-63.75,69.87148437500001,0.0
9766,-60.0,69.87148437500001,0.0
9767,-63.75,69.94052734375,0.0
9768,-60.0,69.94052734375,0.0
9769,-63.75,70.00957031250002,0.0
9770,-60.0,70.00957031250002,0.0
9771,-63.75,70.04409179687502,0.0
9772,-60.0,70.04409179687502,0.0
9773,-63.75,70.07861328125001,0.0
9774,-60.0,70.07861328125001,0.0
9775,-63.75,70.09587402343752,0.0
9776,-60.0,70.09587402343752,0.0
9777,-63.75,70.10450439453126,0.0
9778,-63.75,70.113134765625,0.0
9779,-60.0,70.10450439453126,0.0
9780,-60.0,70.113134765625,0.0
9781,-63.75,70.12176513671875,0.0
9782,-63.75,70.13039550781251,0.0
9783,-60.0,70.12176513671875,0.0
9784,-60.0,70.13039550781251,0.0
9785,-63.75,70.13902587890627,0.0
9786,-63.75,70.14765625000001,0.0
9787,-60.0,70.13902587890627,0.0
9788,-60.0,70.14765625000001,0.0
9789,-56.25,69.7333984375,0.0
9790,-52.5,69.7333984375,0.0
9791,-56.25,69.87148437500001,0.0
9792,-52.5,69.87148437500001,0.0
9793,-56.25,69.94052734375,0.0
9794,-52.5,69.94052734375,0.0
9795,-56.25,70.00957031250002,0.0
9796,-52.5,70.00957031250002,0.0
9797,-56.25,70.04409179687502,0.0
9798,-52.5,70.04409179687502,0.0
9799,-56.25,70.07861328125001,0.0
9800,-52.5,70.07861328125001,0.0
9801,-56.25,70.09587402343752,0.0
9802,-52.5,70.09587402343752,0.0
9803,-56.25,70.10450439453126,0.0
9804,-56.25,70.113134765625,0.0
9805,-52.5,70.10450439453126,0.0
9806,-52.5,70.113134765625,0.0
9807,-56.25,70.12176513671875,0.0
9808,-56.25,70.13039550781251,0.0
9809,-52.5,70.12176513671875,0.0
9810,-52.5,70.13039550781251,0.0
9811,-56.25,70.13902587890627,0.0
9812,-56.25,70.14765625000001,0.0
9813,-52.5,70.13902587890627,0.0
9814,-52.5,70.14765625000001,0.0
9815,-48.75,69.7333984375,0.0
9816,-45.0,69.7333984375,0.0
9817,-48.75,69.87148437500001,0.0
9818,-45.0,69.87148437500001,0.0
9819,-48.75,69.94052734375,0.0
9820,-45.0,69.94052734375,0.0
9821,-48.75,70.00957031250002,0.0
9822,-45.0,70.00957031250002,0.0
9823,-48.75,70.04409179687502,0.0
9824,-45.0,70.04409179687502,0.0
9825,-48.75,70.07861328125001,0.0
9826,-45.0,70.07861328125001,0.0
9827,-48.75,70.09587402343752,0.0
9828,-45.0,70.09587402343752,0.0
9829,-48.75,70.10450439453126,0.0
9830,-48.75,70.113134765625,0.0
9831,-45.0,70.10450439453126,0.0
9832,-45.0,70.113134765625,0.0
9833,-48.75,70.12176513671875,0.0
9834,-48.75,70.13039550781251,0.0
9835,-45.0,70.12176513671875,0.0
9836,-45.0,70.13039550781251,0.0
9837,-48.75,70.13902587890627,0.0
9838,-48.75,70.14765625000001,0.0
9839,-45.0,70.13902587890627,0.0
9840,-45.0,70.14765625000001,0.0
9841,-41.25,69.7333984375,892615.3863037828
9842,-37.5,69.7333984375,1785230.7726075656
9843,-41.25,69.87148437500001,763443.3483176575
9844,-37.5,69.87148437500001,1526886.696635315
9845,-41.25,69.94052734375,735632.3028044679
9846,-37.5,69.94052734375,1471264.6056089357
9847,-41.25,70.00957031250002,733696.6603180731
9848,-37.5,70.00957031250002,1467393.3206361462
9849,-41.25,70.04409179687502,732728.8390748758
9850,-37.5,70.04409179687502,1465457.6781497516
9851,-41.25,70.07861328125001,731761.0178316789
9852,-37.5,70.07861328125001,1463522.0356633577
9853,-41.25,70.09587402343752,731277.1072100801
9854,-37.5,70.09587402343752,1462554.2144201603
9855,-41.25,70.10450439453126,739009.2114473394
9856,-41.25,70.113134765625,754045.4677908823
9857,-37.5,70.10450439453126,1478018.4228946788
9858,-37.5,70.113134765625,1508090.9355817647
9859,-41.25,70.12176513671875,769081.7241344254
9860,-41.25,70.13039550781251,784117.9804779933
9861,-37.5,70.12176513671875,1538163.4482688508
9862,-37.5,70.13039550781251,1568235.9609559865
9863,-41.25,70.13902587890627,799154.236821561
9864,-41.25,70.14765625000001,814190.4931651038
9865,-37.5,70.13902587890627,1598308.473643122
9866,-37.5,70.14765625000001,1628380.9863302077
9867,-33.75,69.7333984375,4051373.3055812693
9868,-30.0,69.7333984375,9064570.131894814
9869,-33.75,69.87148437500001,4092838.526642901
9870,-30.0,69.87148437500001,10263807.320030343
9871,-33.75,69.94052734375,3861464.051874664
9872,-30.0,69.94052734375,9560797.785062913
9873,-33.75,70.00957031250002,3452703.386968234
9874,-30.0,70.00957031250002,7941240.265328351
9875,-33.75,70.04409179687502,3248323.054515019
9876,-30.0,70.04409179687502,7131461.505461071
9877,-33.75,70.07861328125001,3043942.7220618883
9878,-30.0,70.07861328125001,6321682.745594123
9879,-33.75,70.09587402343752,2941752.5558352806
9880,-30.0,70.09587402343752,5916793.365660483
9881,-33.75,70.10450439453126,2954632.944158365
9882,-33.75,70.113134765625,3026114.1708155517
9883,-30.0,70.10450439453126,5906458.085054745
9884,-30.0,70.113134765625,6072092.940935148
9885,-33.75,70.12176513671875,3097595.3974727388
9886,-33.75,70.13039550781251,3169076.624130043
9887,-30.0,70.12176513671875,6237727.796815551
9888,-30.0,70.13039550781251,6403362.652696229
9889,-33.75,70.13902587890627,3240557.8507873476
9890,-33.75,70.14765625000001,3312039.0774445347
9891,-30.0,70.13902587890627,6568997.5085769035
9892,-30.0,70.14765625000001,6734632.364457306
9893,-26.25,69.7333984375,14077766.958208356
9894,-22.5,69.7333984375,29546307.4520922
9895,-26.25,69.87148437500001,16434776.113417786
9896,-22.5,69.87148437500001,28204301.049436018
9897,-26.25,69.94052734375,15260131.518251162
9898,-22.5,69.94052734375,24930170.515624844
9899,-26.25,70.00957031250002,12429777.143688466
9900,-22.5,70.00957031250002,19824441.955101762
9901,-26.25,70.04409179687502,11014599.956407122
9902,-22.5,70.04409179687502,17271577.67484022
9903,-26.25,70.07861328125001,9599422.769126358
9904,-22.5,70.07861328125001,14718713.39457973
9905,-26.25,70.09587402343752,8891834.175485684
9906,-22.5,70.09587402343752,13442281.254448961
9907,-26.25,70.10450439453126,8858283.225951124
9908,-26.25,70.113134765625,9118071.711054744
9909,-22.5,70.10450439453126,13289597.546270302
9910,-22.5,70.113134765625,13581656.218351832
9911,-26.25,70.12176513671875,9377860.196158364
9912,-26.25,70.13039550781251,9637648.681262413
9913,-22.5,70.12176513671875,13873714.890433362
9914,-22.5,70.13039550781251,14165773.562515374
9915,-26.25,70.13902587890627,9897437.16636646
9916,-26.25,70.14765625000001,10157225.65147008
9917,-22.5,70.13902587890627,14457832.234597383
9918,-22.5,70.14765625000001,14749890.906678913
9919,-18.75,69.7333984375,50242519.779761165
9920,-15.0,69.7333984375,70938732.10743016
9921,-18.75,69.87148437500001,42773104.05676965
9922,-15.0,69.87148437500001,57341907.06410327
9923,-18.75,69.94052734375,36585562.14509124
9924,-15.0,69.94052734375,48240953.774557635
9925,-18.75,70.00957031250002,28672170.733041644
9926,-15.0,70.00957031250002,37519899.51098152
9927,-18.75,70.04409179687502,24715475.027016845
9928,-15.0,70.04409179687502,32159372.379193466
9929,-18.75,70.07861328125001,20758779.320993677
9930,-15.0,70.07861328125001,26798845.24740762
9931,-18.75,70.09587402343752,18780431.467981275
9932,-15.0,70.09587402343752,24118581.68151359
9933,-18.75,70.10450439453126,18460656.456300873
9934,-18.75,70.113134765625,18754043.594237667
9935,-15.0,70.10450439453126,23631715.36633145
9936,-15.0,70.113134765625,23926430.970123492
9937,-18.75,70.12176513671875,19047430.732174452
9938,-18.75,70.13039550781251,19340817.870111722
9939,-15.0,70.12176513671875,24221146.573915545
9940,-15.0,70.13039550781251,24515862.177708074
9941,-18.75,70.13902587890627,19634205.008048996
9942,-18.75,70.14765625000001,19927592.145985782
9943,-15.0,70.13902587890627,24810577.781500604
9944,-15.0,70.14765625000001,25105293.38529265
9945,-11.25,69.7333984375,74818202.54950899
9946,-7.5,69.7333984375,78697672.99158782
9947,-11.25,69.87148437500001,80653470.6136044
9948,-7.5,69.87148437500001,103965034.16310555
9949,-11.25,69.94052734375,79063993.99587977
9950,-7.5,69.94052734375,109887034.2172019
9951,-11.25,70.00957031250002,74303249.16192935
9952,-7.5,70.00957031250002,111086598.81287718
9953,-11.25,70.04409179687502,71922876.74495414
9954,-7.5,70.04409179687502,111686381.11071481
9955,-11.25,70.07861328125001,69542504.3279799
9956,-7.5,70.07861328125001,112286163.4085522
9957,-11.25,70.09587402343752,68352318.1194923
9958,-7.5,70.09587402343752,112586054.557471
9959,-11.25,70.10450439453126,67734288.89934275
9960,-11.25,70.113134765625,67095250.44565324
9961,-7.5,70.10450439453126,111836862.43235403
9962,-7.5,70.113134765625,110264069.92118298
9963,-11.25,70.12176513671875,66456211.991963744
9964,-11.25,70.13039550781251,65817173.5382732
9965,-7.5,70.12176513671875,108691277.41001195
9966,-7.5,70.13039550781251,107118484.89883833
9967,-11.25,70.13902587890627,65178135.08458266
9968,-11.25,70.14765625000001,64539096.63089314
9969,-7.5,70.13902587890627,105545692.3876647
9970,-7.5,70.14765625000001,103972899.87649363
9971,-3.75,69.7333984375,74873064.94108318
9972,0.0,69.7333984375,55640299.90541161
9973,-3.75,69.87148437500001,108839364.54658864
9974,0.0,69.87148437500001,76839228.5980357
9975,-3.75,69.94052734375,119363329.47392567
9976,0.0,69.94052734375,86146134.80145264
9977,-3.75,70.00957031250002,125342518.53711769
9978,0.0,70.00957031250002,94543578.40794358
9979,-3.75,70.04409179687502,128332113.0687137
9980,0.0,70.04409179687502,98742300.21118905
9981,-3.75,70.07861328125001,131321707.60030848
9982,0.0,70.07861328125001,102941022.01443277
9983,-3.75,70.09587402343752,132816504.86610648
9984,0.0,70.09587402343752,105040382.9160555
9985,-3.75,70.10450439453126,132078579.04601589
9986,-3.75,70.113134765625,129980112.12807804
9987,0.0,70.10450439453126,104598581.82097879
9988,0.0,70.113134765625,102790599.79770368
9989,-3.75,70.12176513671875,127881645.2101402
9990,-3.75,70.13039550781251,125783178.29219896
9991,0.0,70.12176513671875,100982617.7744286
9992,0.0,70.13039550781251,99174635.75115055
9993,-3.75,70.13902587890627,123684711.37425767
9994,-3.75,70.14765625000001,121586244.45631981
9995,0.0,70.13902587890627,97366653.72787248
9996,0.0,70.14765625000001,95558671.7045974
9997,-116.25,70.15628662109376,0.0
9998,-120.0,70.15628662109376,0.0
9999,-116.25,70.16491699218751,0.0
10000,-120.0,70.16491699218751,0.0
10001,-112.5,70.15628662109376,0.0
10002,-112.5,70.16491699218751,0.0
10003,-116.25,70.17354736328127,0.0
10004,-120.0,70.17354736328127,0.0
10005,-116.25,70.18217773437502,0.0
10006,-120.0,70.18217773437502,0.0
10007,-112.5,70.17354736328127,0.0
10008,-112.5,70.18217773437502,0.0
10009,-108.75,70.15628662109376,0.0
10010,-108.75,70.16491699218751,0.0
10011,-105.0,70.15628662109376,0.0
10012,-105.0,70.16491699218751,0.0
10013,-108.75,70.17354736328127,0.0
10014,-108.75,70.18217773437502,0.0
10015,-105.0,70.17354736328127,0.0
10016,-105.0,70.18217773437502,0.0
10017,-116.25,70.19080810546876,0.0
10018,-120.0,70.19080810546876,0.0
10019,-116.25,70.1994384765625,0.0
10020,-112.5,70.19080810546876,0.0
10021,-112.5,70.1994384765625,0.0
10022,-108.75,70.19080810546876,0.0
10023,-108.75,70.1994384765625,0.0
10024,-105.0,70.19080810546876,0.0
10025,-105.0,70.1994384765625,0.0
10026,-116.25,70.2,0.0
10027,-116.25,70.20806884765625,0.0
10028,-120.0,70.20806884765625,0.0
10029,-116.25,70.21669921875001,0.0
10030,-120.0,70.21669921875001,0.0
10031,-112.5,70.2,0.0
10032,-112.5,70.20806884765625,0.0
10033,-112.5,70.21669921875001,0.0
10034,-108.75,70.2,0.0
10035,-108.75,70.20806884765625,0.0
10036,-108.75,70.21669921875001,0.0
10037,-105.0,70.2,0.0
10038,-105.0,70.20806884765625,0.0
10039,-105.0,70.21669921875001,0.0
10040,-101.25,70.15628662109376,0.0
10041,-101.25,70.16491699218751,0.0
10042,-97.5,70.15628662109376,0.0
10043,-97.5,70.16491699218751,0.0
10044,-101.25,70.17354736328127,0.0
10045,-101.25,70.18217773437502,0.0
10046,-97.5,70.17354736328127,0.0
10047,-97.5,70.18217773437502,0.0
10048,-93.75,70.15628662109376,0.0
10049,-93.75,70.16491699218751,0.0
10050,-90.0,70.15628662109376,0.0
10051,-90.0,70.16491699218751,0.0
10052,-93.75,70.17354736328127,0.0
10053,-93.75,70.18217773437502,0.0
10054,-90.0,70.17354736328127,0.0
10055,-90.0,70.18217773437502,0.0
10056,-101.25,70.19080810546876,0.0
10057,-101.25,70.1994384765625,0.0
10058,-97.5,70.19080810546876,0.0
10059,-97.5,70.1994384765625,0.0
10060,-93.75,70.19080810546876,0.0
10061,-93.75,70.1994384765625,0.0
10062,-90.0,70.19080810546876,0.0
10063,-90.0,70.1994384765625,0.0
10064,-101.25,70.2,0.0
10065,-101.25,70.20806884765625,0.0
10066,-101.25,70.21669921875001,0.0
10067,-97.5,70.2,0.0
10068,-97.5,70.20806884765625,0.0
10069,-97.5,70.21669921875001,0.0
10070,-93.75,70.2,0.0
10071,-93.75,70.20806884765625,0.0
10072,-93.75,70.21669921875001,0.0
10073,-90.0,70.2,0.0
10074,-90.0,70.20806884765625,0.0
10075,-90.0,70.21669921875001,0.0
10076,-116.25,70.22532958984377,0.0
10077,-120.0,70.22532958984377,0.0
10078,-112.5,70.22532958984377,0.0
10079,-108.75,70.22532958984377,0.0
10080,-105.0,70.22532958984377,0.0
10081,-116.25,70.23395996093751,0.0
10082,-120.0,70.23395996093751,0.0
10083,-112.5,70.23395996093751,0.0
10084,-108.75,70.23395996093751,0.0
10085,-105.0,70.23395996093751,0.0
10086,-116.25,70.24259033203126,0.0
10087,-120.0,70.24259033203126,0.0
10088,-112.5,70.24259033203126,0.0
10089,-108.75,70.24259033203126,0.0
10090,-105.0,70.24259033203126,0.0
10091,-116.25,70.251220703125,0.0
10092,-120.0,70.251220703125,0.0
10093,-112.5,70.251220703125,0.0
10094,-108.75,70.251220703125,0.0
10095,-105.0,70.251220703125,0.0
10096,-101.25,70.22532958984377,0.0
10097,-97.5,70.22532958984377,0.0
10098,-101.25,70.23395996093751,0.0
10099,-97.5,70.23395996093751,0.0
10100,-93.75,70.22532958984377,0.0
10101,-90.0,70.22532958984377,0.0
10102,-93.75,70.23395996093751,0.0
10103,-90.0,70.23395996093751,0.0
10104,-101.25,70.24259033203126,0.0
10105,-97.5,70.24259033203126,0.0
10106,-101.25,70.251220703125,0.0
10107,-97.5,70.251220703125,0.0
10108,-93.75,70.24259033203126,0.0
10109,-90.0,70.24259033203126,0.0
10110,-93.75,70.251220703125,0.0
10111,-90.0,70.251220703125,0.0
10112,-116.25,70.25985107421874,0.0
10113,-120.0,70.25985107421874,0.0
10114,-112.5,70.25985107421874,0.0
10115,-108.75,70.25985107421874,0.0
10116,-105.0,70.25985107421874,0.0
10117,-116.25,70.2684814453125,0.0
10118,-120.0,70.2684814453125,0.0
10119,-112.5,70.2684814453125,0.0
10120,-108.75,70.2684814453125,0.0
10121,-105.0,70.2684814453125,0.0
10122,-101.25,70.25985107421874,0.0
10123,-97.5,70.25985107421874,0.0
10124,-101.25,70.2684814453125,0.0
10125,-97.5,70.2684814453125,0.0
10126,-93.75,70.25985107421874,0.0
10127,-90.0,70.25985107421874,0.0
10128,-93.75,70.2684814453125,0.0
10129,-90.0,70.2684814453125,0.0
10130,-116.25,70.27711181640626,0.0
10131,-120.0,70.27711181640626,0.0
10132,-112.5,70.27711181640626,0.0
10133,-108.75,70.27711181640626,0.0
10134,-105.0,70.27711181640626,0.0
10135,-116.25,70.2857421875,0.0
10136,-120.0,70.2857421875,0.0
10137,-112.5,70.2857421875,0.0
10138,-108.75,70.2857421875,0.0
10139,-105.0,70.2857421875,0.0
10140,-101.25,70.27711181640626,0.0
10141,-97.5,70.27711181640626,0.0
10142,-101.25,70.2857421875,0.0
10143,-97.5,70.2857421875,0.0
10144,-93.75,70.27711181640626,0.0
10145,-90.0,70.27711181640626,0.0
10146,-93.75,70.2857421875,0.0
10147,-90.0,70.2857421875,0.0
10148,-86.25,70.15628662109376,0.0
10149,-86.25,70.16491699218751,0.0
10150,-82.5,70.15628662109376,0.0
10151,-82.5,70.16491699218751,0.0
10152,-86.25,70.17354736328127,0.0
10153,-86.25,70.18217773437502,0.0
10154,-82.5,70.17354736328127,0.0
10155,-82.5,70.18217773437502,0.0
10156,-78.75,70.15628662109376,0.0
10157,-78.75,70.16491699218751,0.0
10158,-75.0,70.15628662109376,0.0
10159,-75.0,70.16491699218751,0.0
10160,-78.75,70.17354736328127,0.0
10161,-78.75,70.18217773437502,0.0
10162,-75.0,70.17354736328127,0.0
10163,-75.0,70.18217773437502,0.0
10164,-86.25,70.19080810546876,0.0
10165,-86.25,70.1994384765625,0.0
10166,-82.5,70.19080810546876,0.0
10167,-82.5,70.1994384765625,0.0
10168,-78.75,70.19080810546876,0.0
10169,-78.75,70.1994384765625,0.0
10170,-75.0,70.19080810546876,0.0
10171,-75.0,70.1994384765625,0.0
10172,-86.25,70.2,0.0
10173,-86.25,70.20806884765625,0.0
10174,-86.25,70.21669921875001,0.0
10175,-82.5,70.2,0.0
10176,-82.5,70.20806884765625,0.0
10177,-82.5,70.21669921875001,0.0
10178,-78.75,70.2,0.0
10179,-78.75,70.20806884765625,0.0
10180,-78.75,70.21669921875001,0.0
10181,-75.0,70.2,0.0
10182,-75.0,70.20806884765625,0.0
10183,-75.0,70.21669921875001,0.0
10184,-86.25,70.22532958984377,0.0
10185,-82.5,70.22532958984377,0.0
10186,-86.25,70.23395996093751,0.0
10187,-82.5,70.23395996093751,0.0
10188,-78.75,70.22532958984377,0.0
10189,-75.0,70.22532958984377,0.0
10190,-78.75,70.23395996093751,0.0
10191,-75.0,70.23395996093751,0.0
10192,-86.25,70.24259033203126,0.0
10193,-82.5,70.24259033203126,0.0
10194,-86.25,70.251220703125,0.0
10195,-82.5,70.251220703125,0.0
10196,-78.75,70.24259033203126,0.0
10197,-75.0,70.24259033203126,0.0
10198,-78.75,70.251220703125,0.0
10199,-75.0,70.251220703125,0.0
10200,-86.25,70.25985107421874,0.0
10201,-82.5,70.25985107421874,0.0
10202,-86.25,70.2684814453125,0.0
10203,-82.5,70.2684814453125,0.0
10204,-78.75,70.25985107421874,0.0
10205,-75.0,70.25985107421874,0.0
10206,-78.75,70.2684814453125,0.0
10207,-75.0,70.2684814453125,0.0
10208,-86.25,70.27711181640626,0.0
10209,-82.5,70.27711181640626,0.0
10210,-86.25,70.2857421875,0.0
10211,-82.5,70.2857421875,0.0
10212,-78.75,70.27711181640626,0.0
10213,-75.0,70.27711181640626,0.0
10214,-78.75,70.2857421875,0.0
10215,-75.0,70.2857421875,0.0
10216,-71.25,70.15628662109376,0.0
10217,-71.25,70.16491699218751,0.0
10218,-67.5,70.15628662109376,0.0
10219,-67.5,70.16491699218751,0.0
10220,-71.25,70.17354736328127,0.0
10221,-71.25,70.18217773437502,0.0
10222,-67.5,70.17354736328127,0.0
10223,-67.5,70.18217773437502,0.0
10224,-63.75,70.15628662109376,0.0
10225,-63.75,70.16491699218751,0.0
10226,-60.0,70.15628662109376,0.0
10227,-60.0,70.16491699218751,0.0
10228,-63.75,70.17354736328127,0.0
10229,-63.75,70.18217773437502,0.0
10230,-60.0,70.17354736328127,0.0
10231,-60.0,70.18217773437502,0.0
10232,-71.25,70.19080810546876,0.0
10233,-71.25,70.1994384765625,0.0
10234,-67.5,70.19080810546876,0.0
10235,-67.5,70.1994384765625,0.0
10236,-63.75,70.19080810546876,0.0
10237,-63.75,70.1994384765625,0.0
10238,-60.0,70.19080810546876,0.0
10239,-60.0,70.1994384765625,0.0
10240,-71.25,70.2,0.0
10241,-71.25,70.20806884765625,0.0
10242,-71.25,70.21669921875001,0.0
10243,-67.5,70.2,0.0
10244,-67.5,70.20806884765625,0.0
10245,-67.5,70.21669921875001,0.0
10246,-63.75,70.2,0.0
10247,-63.75,70.20806884765625,0.0
10248,-63.75,70.21669921875001,0.0
10249,-60.0,70.2,0.0
10250,-60.0,70.20806884765625,0.0
10251,-60.0,70.21669921875001,0.0
10252,-71.25,70.22532958984377,0.0
10253,-67.5,70.22532958984377,0.0
10254,-71.25,70.23395996093751,0.0
10255,-67.5,70.23395996093751,0.0
10256,-63.75,70.22532958984377,0.0
10257,-60.0,70.22532958984377,0.0
10258,-63.75,70.23395996093751,0.0
10259,-60.0,70.23395996093751,0.0
10260,-71.25,70.24259033203126,0.0
10261,-67.5,70.24259033203126,0.0
10262,-71.25,70.251220703125,0.0
10263,-67.5,70.251220703125,0.0
10264,-63.75,70.24259033203126,0.0
10265,-60.0,70.24259033203126,0.0
10266,-63.75,70.251220703125,0.0
10267,-60.0,70.251220703125,0.0
10268,-71.25,70.25985107421874,0.0
10269,-67.5,70.25985107421874,0.0
10270,-71.25,70.2684814453125,0.0
10271,-67.5,70.2684814453125,0.0
10272,-63.75,70.25985107421874,0.0
10273,-60.0,70.25985107421874,0.0
10274,-63.75,70.2684814453125,0.0
10275,-60.0,70.2684814453125,0.0
10276,-71.25,70.27711181640626,0.0
10277,-67.5,70.27711181640626,0.0
10278,-71.25,70.2857421875,0.0
10279,-67.5,70.2857421875,0.0
10280,-63.75,70.27711181640626,0.0
10281,-60.0,70.27711181640626,0.0
10282,-63.75,70.2857421875,0.0
10283,-60.0,70.2857421875,0.0
10284,-116.25,70.29437255859375,0.0
10285,-120.0,70.29437255859375,0.0
10286,-112.5,70.29437255859375,0.0
10287,-108.75,70.29437255859375,0.0
10288,-105.0,70.29437255859375,0.0
10289,-101.25,70.29437255859375,0.0
10290,-97.5,70.29437255859375,0.0
10291,-93.75,70.29437255859375,0.0
10292,-90.0,70.29437255859375,0.0
10293,-116.25,70.30300292968751,0.0
10294,-120.0,70.30300292968751,0.0
10295,-112.5,70.30300292968751,0.0
10296,-108.75,70.30300292968751,0.0
10297,-105.0,70.30300292968751,0.0
10298,-101.25,70.30300292968751,0.0
10299,-97.5,70.30300292968751,0.0
10300,-93.75,70.30300292968751,0.0
10301,-90.0,70.30300292968751,0.0
10302,-116.25,70.32026367187501,0.0
10303,-120.0,70.32026367187501,0.0
10304,-112.5,70.32026367187501,0.0
10305,-108.75,70.32026367187501,0.0
10306,-105.0,70.32026367187501,0.0
10307,-101.25,70.32026367187501,0.0
10308,-97.5,70.32026367187501,0.0
10309,-93.75,70.32026367187501,0.0
10310,-90.0,70.32026367187501,0.0
10311,-116.25,70.3375244140625,0.0
10312,-120.0,70.3375244140625,0.0
10313,-112.5,70.3375244140625,0.0
10314,-108.75,70.3375244140625,0.0
10315,-105.0,70.3375244140625,0.0
10316,-101.25,70.3375244140625,0.0
10317,-97.5,70.3375244140625,0.0
10318,-93.75,70.3375244140625,0.0
10319,-90.0,70.3375244140625,0.0
10320,-116.25,70.35478515625,0.0
10321,-120.0,70.35478515625,0.0
10322,-112.5,70.35478515625,0.0
10323,-108.75,70.35478515625,0.0
10324,-105.0,70.35478515625,0.0
10325,-101.25,70.35478515625,0.0
10326,-97.5,70.35478515625,0.0
10327,-93.75,70.35478515625,0.0
10328,-90.0,70.35478515625,0.0
10329,-86.25,70.29437255859375,0.0
10330,-82.5,70.29437255859375,0.0
10331,-78.75,70.29437255859375,0.0
10332,-75.0,70.29437255859375,0.0
10333,-86.25,70.30300292968751,0.0
10334,-82.5,70.30300292968751,0.0
10335,-78.75,70.30300292968751,0.0
10336,-75.0,70.30300292968751,0.0
10337,-86.25,70.32026367187501,0.0
10338,-82.5,70.32026367187501,0.0
10339,-78.75,70.32026367187501,0.0
10340,-75.0,70.32026367187501,0.0
10341,-86.25,70.3375244140625,0.0
10342,-82.5,70.3375244140625,0.0
10343,-78.75,70.3375244140625,0.0
10344,-75.0,70.3375244140625,0.0
10345,-86.25,70.35478515625,0.0
10346,-82.5,70.35478515625,0.0
10347,-78.75,70.35478515625,0.0
10348,-75.0,70.35478515625,0.0
10349,-71.25,70.29437255859375,0.0
10350,-67.5,70.29437255859375,0.0
10351,-71.25,70.30300292968751,0.0
10352,-67.5,70.30300292968751,0.0
10353,-63.75,70.29437255859375,0.0
10354,-60.0,70.29437255859375,0.0
10355,-63.75,70.30300292968751,0.0
10356,-60.0,70.30300292968751,0.0
10357,-71.25,70.32026367187501,0.0
10358,-67.5,70.32026367187501,0.0
10359,-63.75,70.32026367187501,0.0
10360,-60.0,70.32026367187501,0.0
10361,-71.25,70.3375244140625,0.0
10362,-67.5,70.3375244140625,0.0
10363,-71.25,70.35478515625,0.0
10364,-67.5,70.35478515625,0.0
10365,-63.75,70.3375244140625,0.0
10366,-60.0,70.3375244140625,0.0
10367,-63.75,70.35478515625,0.0
10368,-60.0,70.35478515625,0.0
10369,-116.25,70.3720458984375,0.0
10370,-120.0,70.3720458984375,0.0
10371,-112.5,70.3720458984375,0.0
10372,-108.75,70.3720458984375,0.0
10373,-105.0,70.3720458984375,0.0
10374,-101.25,70.3720458984375,0.0
10375,-97.5,70.3720458984375,0.0
10376,-93.75,70.3720458984375,0.0
10377,-90.0,70.3720458984375,0.0
10378,-116.25,70.389306640625,0.0
10379,-120.0,70.389306640625,0.0
10380,-112.5,70.389306640625,0.0
10381,-108.75,70.389306640625,0.0
10382,-105.0,70.389306640625,0.0
10383,-101.25,70.389306640625,0.0
10384,-97.5,70.389306640625,0.0
10385,-93.75,70.389306640625,0.0
10386,-90.0,70.389306640625,0.0
10387,-86.25,70.3720458984375,0.0
10388,-82.5,70.3720458984375,0.0
10389,-78.75,70.3720458984375,0.0
10390,-75.0,70.3720458984375,0.0
10391,-86.25,70.389306640625,0.0
10392,-82.5,70.389306640625,0.0
10393,-78.75,70.389306640625,0.0
10394,-75.0,70.389306640625,0.0
10395,-71.25,70.3720458984375,0.0
10396,-67.5,70.3720458984375,0.0
10397,-71.25,70.389306640625,0.0
10398,-67.5,70.389306640625,0.0
10399,-63.75,70.3720458984375,0.0
10400,-60.0,70.3720458984375,0.0
10401,-63.75,70.389306640625,0.0
10402,-60.0,70.389306640625,0.0
10403,-116.25,70.4065673828125,0.0
10404,-120.0,70.4065673828125,0.0
10405,-112.5,70.4065673828125,0.0
10406,-108.75,70.4065673828125,0.0
10407,-105.0,70.4065673828125,0.0
10408,-101.25,70.4065673828125,0.0
10409,-97.5,70.4065673828125,0.0
10410,-93.75,70.4065673828125,0.0
10411,-90.0,70.4065673828125,0.0
10412,-116.25,70.423828125,0.0
10413,-120.0,70.423828125,0.0
10414,-112.5,70.423828125,0.0
10415,-108.75,70.423828125,0.0
10416,-105.0,70.423828125,0.0
10417,-101.25,70.423828125,0.0
10418,-97.5,70.423828125,0.0
10419,-93.75,70.423828125,0.0
10420,-90.0,70.423828125,0.0
10421,-86.25,70.4065673828125,0.0
10422,-82.5,70.4065673828125,0.0
10423,-78.75,70.4065673828125,0.0
10424,-75.0,70.4065673828125,0.0
10425,-86.25,70.423828125,0.0
10426,-82.5,70.423828125,0.0
10427,-78.75,70.423828125,0.0
10428,-75.0,70.423828125,0.0
10429,-71.25,70.4065673828125,0.0
10430,-67.5,70.4065673828125,0.0
10431,-71.25,70.423828125,0.0
10432,-67.5,70.423828125,0.0
10433,-63.75,70.4065673828125,0.0
10434,-60.0,70.4065673828125,0.0
10435,-63.75,70.423828125,0.0
10436,-60.0,70.423828125,0.0
10437,-56.25,70.15628662109376,0.0
10438,-56.25,70.16491699218751,0.0
10439,-52.5,70.15628662109376,0.0
10440,-52.5,70.16491699218751,0.0
10441,-56.25,70.17354736328127,0.0
10442,-56.25,70.18217773437502,0.0
10443,-52.5,70.17354736328127,0.0
10444,-52.5,70.18217773437502,0.0
10445,-48.75,70.15628662109376,0.0
10446,-48.75,70.16491699218751,0.0
10447,-45.0,70.15628662109376,0.0
10448,-45.0,70.16491699218751,0.0
10449,-48.75,70.17354736328127,0.0
10450,-48.75,70.18217773437502,0.0
10451,-45.0,70.17354736328127,0.0
10452,-45.0,70.18217773437502,0.0
10453,-56.25,70.19080810546876,0.0
10454,-56.25,70.1994384765625,0.0
10455,-52.5,70.19080810546876,0.0
10456,-52.5,70.1994384765625,0.0
10457,-48.75,70.19080810546876,0.0
10458,-48.75,70.1994384765625,0.0
10459,-45.0,70.19080810546876,0.0
10460,-45.0,70.1994384765625,0.0
10461,-56.25,70.2,0.0
10462,-56.25,70.20806884765625,0.0
10463,-56.25,70.21669921875001,0.0
10464,-52.5,70.2,0.0
10465,-52.5,70.20806884765625,0.0
10466,-52.5,70.21669921875001,0.0
10467,-48.75,70.2,0.0
10468,-48.75,70.20806884765625,0.0
10469,-48.75,70.21669921875001,0.0
10470,-45.0,70.2,0.0
10471,-45.0,70.20806884765625,0.0
10472,-45.0,70.21669921875001,0.0
10473,-56.25,70.22532958984377,0.0
10474,-52.5,70.22532958984377,0.0
10475,-56.25,70.23395996093751,0.0
10476,-52.5,70.23395996093751,0.0
10477,-48.75,70.22532958984377,0.0
10478,-45.0,70.22532958984377,0.0
10479,-48.75,70.23395996093751,0.0
10480,-45.0,70.23395996093751,0.0
10481,-56.25,70.24259033203126,0.0
10482,-52.5,70.24259033203126,0.0
10483,-56.25,70.251220703125,0.0
10484,-52.5,70.251220703125,0.0
10485,-48.75,70.24259033203126,0.0
10486,-45.0,70.24259033203126,0.0
10487,-48.75,70.251220703125,0.0
10488,-45.0,70.251220703125,0.0
10489,-56.25,70.25985107421874,0.0
10490,-52.5,70.25985107421874,0.0
10491,-56.25,70.2684814453125,0.0
10492,-52.5,70.2684814453125,0.0
10493,-48.75,70.25985107421874,0.0
10494,-45.0,70.25985107421874,0.0
10495,-48.75,70.2684814453125,0.0
10496,-45.0,70.2684814453125,0.0
10497,-56.25,70.27711181640626,0.0
10498,-52.5,70.27711181640626,0.0
10499,-56.25,70.2857421875,0.0
10500,-52.5,70.2857421875,0.0
10501,-48.75,70.27711181640626,0.0
10502,-45.0,70.27711181640626,0.0
10503,-48.75,70.2857421875,0.0
10504,-45.0,70.2857421875,0.0
10505,-41.25,70.15628662109376,829226.749508647
10506,-41.25,70.16491699218751,844263.0058522149
10507,-37.5,70.15628662109376,1658453.499017294
10508,-37.5,70.16491699218751,1688526.0117044298
10509,-41.25,70.17354736328127,859299.2621957825
10510,-41.25,70.18217773437502,874335.5185393255
10511,-37.5,70.17354736328127,1718598.524391565
10512,-37.5,70.18217773437502,1748671.037078651
10513,-33.75,70.15628662109376,3383520.304101722
10514,-33.75,70.16491699218751,3455001.5307590268
10515,-30.0,70.15628662109376,6900267.220337711
10516,-30.0,70.16491699218751,7065902.076218387
10517,-33.75,70.17354736328127,3526482.7574163303
10518,-33.75,70.18217773437502,3597963.9840735174
10519,-30.0,70.17354736328127,7231536.932099062
10520,-30.0,70.18217773437502,7397171.787979467
10521,-41.25,70.19080810546876,889371.7748828686
10522,-41.25,70.1994384765625,904408.0312264116
10523,-37.5,70.19080810546876,1778743.5497657373
10524,-37.5,70.1994384765625,1808816.0624528232
10525,-33.75,70.19080810546876,3669445.2107307045
10526,-33.75,70.1994384765625,3740926.437387892
10527,-30.0,70.19080810546876,7562806.643859871
10528,-30.0,70.1994384765625,7728441.499740273
10529,-41.25,70.2,905386.3449347566
10530,-41.25,70.20806884765625,919444.2875699545
10531,-41.25,70.21669921875001,934480.5439135223
10532,-37.5,70.2,1810772.6898695133
10533,-37.5,70.20806884765625,1838888.575139909
10534,-37.5,70.21669921875001,1868961.0878270445
10535,-33.75,70.2,3745577.2668450573
10536,-33.75,70.20806884765625,3812407.664045078
10537,-33.75,70.21669921875001,3883888.8907023827
10538,-30.0,70.2,7739218.307902175
10539,-30.0,70.20806884765625,7894076.355620677
10540,-30.0,70.21669921875001,8059711.2115013525
10541,-41.25,70.22532958984377,949516.8002570901
10542,-37.5,70.22532958984377,1899033.6005141803
10543,-41.25,70.23395996093751,964553.0566006332
10544,-37.5,70.23395996093751,1929106.1132012664
10545,-33.75,70.22532958984377,3955370.1173596876
10546,-30.0,70.22532958984377,8225346.067382028
10547,-33.75,70.23395996093751,4026851.344016874
10548,-30.0,70.23395996093751,8390980.923262432
10549,-41.25,70.24259033203126,979589.3129441761
10550,-37.5,70.24259033203126,1959178.6258883523
10551,-41.25,70.251220703125,994625.5692877191
10552,-37.5,70.251220703125,1989251.1385754382
10553,-33.75,70.24259033203126,4098332.570674061
10554,-30.0,70.24259033203126,8556615.779142834
10555,-33.75,70.251220703125,4169813.797331248
10556,-30.0,70.251220703125,8722250.635023238
10557,-41.25,70.25985107421874,1009661.8256312623
10558,-37.5,70.25985107421874,2019323.6512625245
10559,-41.25,70.2684814453125,1024698.0819748298
10560,-37.5,70.2684814453125,2049396.1639496596
10561,-33.75,70.25985107421874,4241295.023988435
10562,-30.0,70.25985107421874,8887885.490903642
10563,-33.75,70.2684814453125,4312776.250645739
10564,-30.0,70.2684814453125,9053520.34678432
10565,-41.25,70.27711181640626,1039734.3383183975
10566,-37.5,70.27711181640626,2079468.676636795
10567,-41.25,70.2857421875,1054770.5946619408
10568,-37.5,70.2857421875,2109541.1893238816
10569,-33.75,70.27711181640626,4384257.477303044
10570,-30.0,70.27711181640626,9219155.202664996
10571,-33.75,70.2857421875,4455738.703960231
10572,-30.0,70.2857421875,9384790.058545398
10573,-56.25,70.29437255859375,0.0
10574,-52.5,70.29437255859375,0.0
10575,-48.75,70.29437255859375,0.0
10576,-45.0,70.29437255859375,0.0
10577,-56.25,70.30300292968751,0.0
10578,-52.5,70.30300292968751,0.0
10579,-48.75,70.30300292968751,0.0
10580,-45.0,70.30300292968751,0.0
10581,-56.25,70.32026367187501,0.0
10582,-52.5,70.32026367187501,0.0
10583,-48.75,70.32026367187501,0.0
10584,-45.0,70.32026367187501,0.0
10585,-56.25,70.3375244140625,0.0
10586,-52.5,70.3375244140625,0.0
10587,-48.75,70.3375244140625,0.0
10588,-45.0,70.3375244140625,0.0
10589,-56.25,70.35478515625,0.0
10590,-52.5,70.35478515625,0.0
10591,-48.75,70.35478515625,0.0
10592,-45.0,70.35478515625,0.0
10593,-41.25,70.29437255859375,1069806.8510054837
10594,-37.5,70.29437255859375,2139613.7020109673
10595,-41.25,70.30300292968751,1081471.250736159
10596,-37.5,70.30300292968751,2162942.501472318
10597,-33.75,70.29437255859375,4527219.930617418
10598,-30.0,70.29437255859375,9550424.914425801
10599,-33.75,70.30300292968751,4588470.1375207
10600,-30.0,70.30300292968751,9702110.544193527
10601,-41.25,70.32026367187501,1092162.4412663083
10602,-37.5,70.32026367187501,2184324.8825326166
10603,-33.75,70.32026367187501,4672625.022005374
10604,-30.0,70.32026367187501,9953200.557891026
10605,-41.25,70.3375244140625,1102853.631796449
10606,-37.5,70.3375244140625,2205707.263592898
10607,-41.25,70.35478515625,1113544.822326598
10608,-37.5,70.35478515625,2227089.644653196
10609,-33.75,70.3375244140625,4756779.906489977
10610,-30.0,70.3375244140625,10204290.571588317
10611,-33.75,70.35478515625,4840934.7909746505
10612,-30.0,70.35478515625,10455380.585285814
10613,-56.25,70.3720458984375,0.0
10614,-52.5,70.3720458984375,0.0
10615,-48.75,70.3720458984375,0.0
10616,-45.0,70.3720458984375,0.0
10617,-56.25,70.389306640625,0.0
10618,-52.5,70.389306640625,0.0
10619,-48.75,70.389306640625,0.0
10620,-45.0,70.389306640625,0.0
10621,-41.25,70.3720458984375,1124236.0128567475
10622,-37.5,70.3720458984375,2248472.025713495
10623,-41.25,70.389306640625,1134927.203386888
10624,-37.5,70.389306640625,2269854.406773776
10625,-33.75,70.3720458984375,4925089.675459323
10626,-30.0,70.3720458984375,10706470.598983314
10627,-33.75,70.389306640625,5009244.5599439265
10628,-30.0,70.389306640625,10957560.612680605
10629,-56.25,70.4065673828125,0.0
10630,-52.5,70.4065673828125,0.0
10631,-48.75,70.4065673828125,0.0
10632,-45.0,70.4065673828125,0.0
10633,-56.25,70.423828125,0.0
10634,-52.5,70.423828125,0.0
10635,-48.75,70.423828125,0.0
10636,-45.0,70.423828125,0.0
10637,-41.25,70.4065673828125,1145618.3939170372
10638,-37.5,70.4065673828125,2291236.7878340743
10639,-41.25,70.423828125,1156309.5844471864
10640,-37.5,70.423828125,2312619.168894373
10641,-33.75,70.4065673828125,5093399.444428599
10642,-30.0,70.4065673828125,11208650.626378102
10643,-33.75,70.423828125,5177554.328913273
10644,-30.0,70.423828125,11459740.6400756
10645,-26.25,70.15628662109376,10417014.1365737
10646,-26.25,70.16491699218751,10676802.621677747
10647,-22.5,70.15628662109376,15041949.578760445
10648,-22.5,70.16491699218751,15334008.250842458
10649,-26.25,70.17354736328127,10936591.106781796
10650,-26.25,70.18217773437502,11196379.591885414
10651,-22.5,70.17354736328127,15626066.922924468
10652,-22.5,70.18217773437502,15918125.595005998
10653,-18.75,70.15628662109376,20220979.283922568
10654,-18.75,70.16491699218751,20514366.421859846
10655,-15.0,70.15628662109376,25400008.9890847
10656,-15.0,70.16491699218751,25694724.59287723
10657,-18.75,70.17354736328127,20807753.559797116
10658,-18.75,70.18217773437502,21101140.6977339
10659,-15.0,70.17354736328127,25989440.196669757
10660,-15.0,70.18217773437502,26284155.800461806
10661,-26.25,70.19080810546876,11456168.076989036
10662,-26.25,70.1994384765625,11715956.562092654
10663,-22.5,70.19080810546876,16210184.26708753
10664,-22.5,70.1994384765625,16502242.939169064
10665,-18.75,70.19080810546876,21394527.835670695
10666,-18.75,70.1994384765625,21687914.97360748
10667,-15.0,70.19080810546876,26578871.40425385
10668,-15.0,70.1994384765625,26873587.0080459
10669,-26.25,70.2,11732859.348959293
10670,-26.25,70.20806884765625,11975745.047196275
10671,-26.25,70.21669921875001,12235533.532300323
10672,-22.5,70.2,16521245.342161551
10673,-22.5,70.20806884765625,16794301.611250594
10674,-22.5,70.21669921875001,17086360.283332605
10675,-18.75,70.2,21707003.811436377
10676,-18.75,70.20806884765625,21981302.111544266
10677,-18.75,70.21669921875001,22274689.249481536
10678,-15.0,70.2,26892762.280711208
10679,-15.0,70.20806884765625,27168302.611837946
10680,-15.0,70.21669921875001,27463018.215630475
10681,-26.25,70.22532958984377,12495322.01740437
10682,-22.5,70.22532958984377,17378418.955414616
10683,-26.25,70.23395996093751,12755110.502507988
10684,-22.5,70.23395996093751,17670477.627496146
10685,-18.75,70.22532958984377,22568076.38741881
10686,-15.0,70.22532958984377,27757733.819423005
10687,-18.75,70.23395996093751,22861463.5253556
10688,-15.0,70.23395996093751,28052449.423215054
10689,-26.25,70.24259033203126,13014898.987611609
10690,-22.5,70.24259033203126,17962536.299577676
10691,-26.25,70.251220703125,13274687.47271523
10692,-22.5,70.251220703125,18254594.971659206
10693,-18.75,70.24259033203126,23154850.663292386
10694,-15.0,70.24259033203126,28347165.0270071
10695,-18.75,70.251220703125,23448237.801229175
10696,-15.0,70.251220703125,28641880.630799145
10697,-26.25,70.25985107421874,13534475.95781885
10698,-22.5,70.25985107421874,18546653.643740736
10699,-26.25,70.2684814453125,13794264.442922898
10700,-22.5,70.2684814453125,18838712.31582275
10701,-18.75,70.25985107421874,23741624.939165965
10702,-15.0,70.25985107421874,28936596.234591193
10703,-18.75,70.2684814453125,24035012.077103235
10704,-15.0,70.2684814453125,29231311.838383723
10705,-26.25,70.27711181640626,14054052.928026944
10706,-22.5,70.27711181640626,19130770.98790476
10707,-26.25,70.2857421875,14313841.413130565
10708,-22.5,70.2857421875,19422829.65998629
10709,-18.75,70.27711181640626,24328399.215040505
10710,-15.0,70.27711181640626,29526027.442176253
10711,-18.75,70.2857421875,24621786.3529773
10712,-15.0,70.2857421875,29820743.045968298
10713,-26.25,70.29437255859375,14573629.898234185
10714,-22.5,70.29437255859375,19714888.33206782
10715,-26.25,70.30300292968751,14815750.950866356
10716,-22.5,70.30300292968751,20348821.721220985
10717,-18.75,70.29437255859375,24915173.490914084
10718,-15.0,70.29437255859375,30115458.649760343
10719,-18.75,70.30300292968751,26091607.67341651
10720,-15.0,70.30300292968751,31834393.625612043
10721,-26.25,70.32026367187501,15233776.093776677
10722,-22.5,70.32026367187501,22898023.8212254
10723,-18.75,70.32026367187501,31754107.64445566
10724,-15.0,70.32026367187501,40610191.46768592
10725,-26.25,70.3375244140625,15651801.236686656
10726,-22.5,70.3375244140625,25447225.921227723
10727,-26.25,70.35478515625,16069826.379596982
10728,-22.5,70.35478515625,27996428.021232136
10729,-18.75,70.3375244140625,37416607.61549015
10730,-15.0,70.3375244140625,49385989.309752576
10731,-18.75,70.35478515625,43079107.5865293
10732,-15.0,70.35478515625,58161787.151826456
10733,-26.25,70.3720458984375,16487851.522507302
10734,-22.5,70.3720458984375,30545630.12123656
10735,-26.25,70.389306640625,16905876.665417284
10736,-22.5,70.389306640625,33094832.22123888
10737,-18.75,70.3720458984375,48741607.55756845
10738,-15.0,70.3720458984375,66937584.993900344
10739,-18.75,70.389306640625,54404107.52860294
10740,-15.0,70.389306640625,75713382.835967
10741,-26.25,70.4065673828125,17323901.808327604
10742,-22.5,70.4065673828125,35644034.3212433
10743,-26.25,70.423828125,17741926.951237928
10744,-22.5,70.423828125,38193236.42124772
10745,-18.75,70.4065673828125,60066607.49964209
10746,-15.0,70.4065673828125,84489180.67804088
10747,-18.75,70.423828125,65729107.470681235
10748,-15.0,70.423828125,93264978.52011476
10749,-11.25,70.15628662109376,63900058.177203655
10750,-11.25,70.16491699218751,63261019.723513104
10751,-7.5,70.15628662109376,102400107.3653226
10752,-7.5,70.16491699218751,100827314.85414898
10753,-11.25,70.17354736328127,62621981.26982255
10754,-11.25,70.18217773437502,61982942.81613305
10755,-7.5,70.17354736328127,99254522.34297535
10756,-7.5,70.18217773437502,97681729.8318043
10757,-3.75,70.15628662109376,119487777.53838202
10758,-3.75,70.16491699218751,117389310.62044075
10759,0.0,70.15628662109376,93750689.6813223
10760,0.0,70.16491699218751,91942707.65804425
10761,-3.75,70.17354736328127,115290843.70249945
10762,-3.75,70.18217773437502,113192376.78456162
10763,0.0,70.17354736328127,90134725.63476619
10764,0.0,70.18217773437502,88326743.6114911
10765,-11.25,70.19080810546876,61343904.36244355
10766,-11.25,70.1994384765625,60704865.908754066
10767,-7.5,70.19080810546876,96108937.32063326
10768,-7.5,70.1994384765625,94536144.80946223
10769,-3.75,70.19080810546876,111093909.8666238
10770,-3.75,70.1994384765625,108995442.948686
10771,0.0,70.19080810546876,86518761.588216
10772,0.0,70.1994384765625,84710779.56494093
10773,-11.25,70.2,60663287.73496398
10774,-11.25,70.20806884765625,60065827.455064565
10775,-11.25,70.21669921875001,59426789.00137401
10776,-7.5,70.2,94433813.18921675
10777,-7.5,70.20806884765625,92963352.29829118
10778,-7.5,70.21669921875001,91390559.78711756
10779,-3.75,70.2,108858909.03323378
10780,-3.75,70.20806884765625,106896976.03074816
10781,-3.75,70.21669921875001,104798509.11280687
10782,0.0,70.2,84593145.65677929
10783,0.0,70.20806884765625,82902797.54166584
10784,0.0,70.21669921875001,81094815.51838778
10785,-11.25,70.22532958984377,58787750.54768346
10786,-7.5,70.22532958984377,89817767.27594393
10787,-11.25,70.23395996093751,58148712.09399397
10788,-7.5,70.23395996093751,88244974.76477289
10789,-3.75,70.22532958984377,102700042.1948656
10790,0.0,70.22532958984377,79286833.4951097
10791,-3.75,70.23395996093751,100601575.27692778
10792,0.0,70.23395996093751,77478851.47183463
10793,-11.25,70.24259033203126,57509673.640304476
10794,-7.5,70.24259033203126,86672182.25360185
10795,-11.25,70.251220703125,56870635.186614975
10796,-7.5,70.251220703125,85099389.7424308
10797,-3.75,70.24259033203126,98503108.35898994
10798,0.0,70.24259033203126,75670869.44855954
10799,-3.75,70.251220703125,96404641.44105214
10800,0.0,70.251220703125,73862887.42528446
10801,-11.25,70.25985107421874,56231596.732925475
10802,-7.5,70.25985107421874,83526597.23125976
10803,-11.25,70.2684814453125,55592558.27923492
10804,-7.5,70.2684814453125,81953804.72008613
10805,-3.75,70.25985107421874,94306174.5231143
10806,0.0,70.25985107421874,72054905.40200937
10807,-3.75,70.2684814453125,92207707.60517304
10808,0.0,70.2684814453125,70246923.37873131
10809,-11.25,70.27711181640626,54953519.82554437
10810,-7.5,70.27711181640626,80381012.20891249
10811,-11.25,70.2857421875,54314481.37185488
10812,-7.5,70.2857421875,78808219.69774145
10813,-3.75,70.27711181640626,90109240.68723175
10814,0.0,70.27711181640626,68438941.35545324
10815,-3.75,70.2857421875,88010773.76929392
10816,0.0,70.2857421875,66630959.33217816
10817,-11.25,70.29437255859375,53675442.91816538
10818,-7.5,70.29437255859375,77235427.1865704
10819,-11.25,70.30300292968751,54620691.265632
10820,-7.5,70.30300292968751,77406988.90565197
10821,-3.75,70.29437255859375,85912306.8513561
10822,0.0,70.29437255859375,64822977.30890307
10823,-3.75,70.30300292968751,85553319.67460081
10824,0.0,70.30300292968751,64419716.70140742
10825,-11.25,70.32026367187501,62449043.36974839
10826,-7.5,70.32026367187501,84287895.27181087
10827,-3.75,70.32026367187501,91354858.82257564
10828,0.0,70.32026367187501,68878045.67074502
10829,-11.25,70.3375244140625,70277395.47385836
10830,-7.5,70.3375244140625,91168801.63796411
10831,-11.25,70.35478515625,78105747.57797475
10832,-7.5,70.35478515625,98049708.00412305
10833,-3.75,70.3375244140625,97156397.97054572
10834,0.0,70.3375244140625,73336374.64007896
10835,-3.75,70.35478515625,102957937.11852057
10836,0.0,70.35478515625,77794703.60941657
10837,-11.25,70.3720458984375,85934099.68209115
10838,-7.5,70.3720458984375,104930614.37028196
10839,-11.25,70.389306640625,93762451.7862011
10840,-7.5,70.389306640625,111811520.7364352
10841,-3.75,70.3720458984375,108759476.26649544
10842,0.0,70.3720458984375,82253032.57875419
10843,-3.75,70.389306640625,114561015.4144655
10844,0.0,70.389306640625,86711361.54808812
10845,-11.25,70.4065673828125,101590803.89031751
10846,-7.5,70.4065673828125,118692427.10259414
10847,-11.25,70.423828125,109419155.99443391
10848,-7.5,70.423828125,125573333.46875307
10849,-3.75,70.4065673828125,120362554.56244035
10850,0.0,70.4065673828125,91169690.51742573
10851,-3.75,70.423828125,126164093.71041521
10852,0.0,70.423828125,95628019.48676334
10853,-116.25,70.4410888671875,0.0
10854,-120.0,70.4410888671875,0.0
10855,-112.5,70.4410888671875,0.0
10856,-108.75,70.4410888671875,0.0
10857,-105.0,70.4410888671875,0.0
10858,-101.25,70.4410888671875,0.0
10859,-97.5,70.4410888671875,0.0
10860,-93.75,70.4410888671875,0.0
10861,-90.0,70.4410888671875,0.0
10862,-116.25,70.458349609375,0.0
10863,-120.0,70.458349609375,0.0
10864,-112.5,70.458349609375,0.0
10865,-108.75,70.458349609375,0.0
10866,-105.0,70.458349609375,0.0
10867,-101.25,70.458349609375,0.0
10868,-97.5,70.458349609375,0.0
10869,-93.75,70.458349609375,0.0
10870,-90.0,70.458349609375,0.0
10871,-86.25,70.4410888671875,0.0
10872,-82.5,70.4410888671875,0.0
10873,-78.75,70.4410888671875,0.0
10874,-75.0,70.4410888671875,0.0
10875,-71.25,70.4410888671875,0.0
10876,-67.5,70.4410888671875,0.0
10877,-63.75,70.4410888671875,0.0
10878,-60.0,70.4410888671875,0.0
10879,-86.25,70.458349609375,0.0
10880,-82.5,70.458349609375,0.0
10881,-78.75,70.458349609375,0.0
10882,-75.0,70.458349609375,0.0
10883,-71.25,70.458349609375,0.0
10884,-67.5,70.458349609375,0.0
10885,-63.75,70.458349609375,0.0
10886,-60.0,70.458349609375,0.0
10887,-116.25,70.4756103515625,0.0
10888,-120.0,70.4756103515625,0.0
10889,-112.5,70.4756103515625,0.0
10890,-108.75,70.4756103515625,0.0
10891,-105.0,70.4756103515625,0.0
10892,-101.25,70.4756103515625,0.0
10893,-97.5,70.4756103515625,0.0
10894,-93.75,70.4756103515625,0.0
10895,-90.0,70.4756103515625,0.0
10896,-116.25,70.49287109375,0.0
10897,-120.0,70.49287109375,0.0
10898,-112.5,70.49287109375,0.0
10899,-108.75,70.49287109375,0.0
10900,-105.0,70.49287109375,0.0
10901,-101.25,70.49287109375,0.0
10902,-97.5,70.49287109375,0.0
10903,-93.75,70.49287109375,0.0
10904,-90.0,70.49287109375,0.0
10905,-86.25,70.4756103515625,0.0
10906,-82.5,70.4756103515625,0.0
10907,-78.75,70.4756103515625,0.0
10908,-75.0,70.4756103515625,0.0
10909,-71.25,70.4756103515625,0.0
10910,-67.5,70.4756103515625,0.0
10911,-63.75,70.4756103515625,0.0
10912,-60.0,70.4756103515625,0.0
10913,-86.25,70.49287109375,0.0
10914,-82.5,70.49287109375,0.0
10915,-78.75,70.49287109375,0.0
10916,-75.0,70.49287109375,0.0
10917,-71.25,70.49287109375,0.0
10918,-67.5,70.49287109375,0.0
10919,-63.75,70.49287109375,0.0
10920,-60.0,70.49287109375,0.0
10921,-116.25,70.5101318359375,0.0
10922,-120.0,70.5101318359375,0.0
10923,-112.5,70.5101318359375,0.0
10924,-108.75,70.5101318359375,0.0
10925,-105.0,70.5101318359375,0.0
10926,-101.25,70.5101318359375,0.0
10927,-97.5,70.5101318359375,0.0
10928,-93.75,70.5101318359375,0.0
10929,-90.0,70.5101318359375,0.0
10930,-116.25,70.52739257812499,0.0
10931,-120.0,70.52739257812499,0.0
10932,-112.5,70.52739257812499,0.0
10933,-108.75,70.52739257812499,0.0
10934,-105.0,70.52739257812499,0.0
10935,-101.25,70.52739257812499,0.0
10936,-97.5,70.52739257812499,0.0
10937,-93.75,70.52739257812499,0.0
10938,-90.0,70.52739257812499,0.0
10939,-86.25,70.5101318359375,0.0
10940,-82.5,70.5101318359375,0.0
10941,-78.75,70.5101318359375,0.0
10942,-75.0,70.5101318359375,0.0
10943,-71.25,70.5101318359375,0.0
10944,-67.5,70.5101318359375,0.0
10945,-63.75,70.5101318359375,0.0
10946,-60.0,70.5101318359375,0.0
10947,-86.25,70.52739257812499,0.0
10948,-82.5,70.52739257812499,0.0
10949,-78.75,70.52739257812499,0.0
10950,-75.0,70.52739257812499,0.0
10951,-71.25,70.52739257812499,0.0
10952,-67.5,70.52739257812499,0.0
10953,-63.75,70.52739257812499,0.0
10954,-60.0,70.52739257812499,0.0
10955,-116.25,70.54465332031249,0.0
10956,-120.0,70.54465332031249,0.0
10957,-112.5,70.54465332031249,0.0
10958,-108.75,70.54465332031249,0.0
10959,-105.0,70.54465332031249,0.0
10960,-101.25,70.54465332031249,0.0
10961,-97.5,70.54465332031249,0.0
10962,-93.75,70.54465332031249,0.0
10963,-90.0,70.54465332031249,0.0
10964,-116.25,70.5619140625,0.0
10965,-120.0,70.5619140625,0.0
10966,-112.5,70.5619140625,0.0
10967,-108.75,70.5619140625,0.0
10968,-105.0,70.5619140625,0.0
10969,-101.25,70.5619140625,0.0
10970,-97.5,70.5619140625,0.0
10971,-93.75,70.5619140625,0.0
10972,-90.0,70.5619140625,0.0
10973,-86.25,70.54465332031249,0.0
10974,-82.5,70.54465332031249,0.0
10975,-78.75,70.54465332031249,0.0
10976,-75.0,70.54465332031249,0.0
10977,-71.25,70.54465332031249,0.0
10978,-67.5,70.54465332031249,0.0
10979,-63.75,70.54465332031249,0.0
10980,-60.0,70.54465332031249,0.0
10981,-86.25,70.5619140625,0.0
10982,-82.5,70.5619140625,0.0
10983,-78.75,70.5619140625,0.0
10984,-75.0,70.5619140625,0.0
10985,-71.25,70.5619140625,0.0
10986,-67.5,70.5619140625,0.0
10987,-63.75,70.5619140625,0.0
10988,-60.0,70.5619140625,0.0
10989,-56.25,70.4410888671875,0.0
10990,-52.5,70.4410888671875,0.0
10991,-48.75,70.4410888671875,0.0
10992,-45.0,70.4410888671875,0.0
10993,-41.25,70.4410888671875,1167000.7749773357
10994,-37.5,70.4410888671875,2334001.5499546714
10995,-33.75,70.4410888671875,5261709.213397946
10996,-30.0,70.4410888671875,11710830.6537731
10997,-56.25,70.458349609375,0.0
10998,-52.5,70.458349609375,0.0
10999,-48.75,70.458349609375,0.0
11000,-45.0,70.458349609375,0.0
11001,-41.25,70.458349609375,1177691.965507485
11002,-37.5,70.458349609375,2355383.93101497
11003,-33.75,70.458349609375,5345864.097882619
11004,-30.0,70.458349609375,11961920.667470597
11005,-56.25,70.4756103515625,0.0
11006,-52.5,70.4756103515625,0.0
11007,-48.75,70.4756103515625,0.0
11008,-45.0,70.4756103515625,0.0
11009,-41.25,70.4756103515625,1188383.1560376254
11010,-37.5,70.4756103515625,2376766.312075251
11011,-33.75,70.4756103515625,5430018.982367223
11012,-30.0,70.4756103515625,12213010.681167888
11013,-56.25,70.49287109375,0.0
11014,-52.5,70.49287109375,0.0
11015,-48.75,70.49287109375,0.0
11016,-45.0,70.49287109375,0.0
11017,-41.25,70.49287109375,1199074.3465677747
11018,-37.5,70.49287109375,2398148.6931355493
11019,-33.75,70.49287109375,5514173.866851896
11020,-30.0,70.49287109375,12464100.694865387
11021,-56.25,70.5101318359375,0.0
11022,-52.5,70.5101318359375,0.0
11023,-48.75,70.5101318359375,0.0
11024,-45.0,70.5101318359375,0.0
11025,-41.25,70.5101318359375,1157937.3795389023
11026,-37.5,70.5101318359375,2315874.7590778046
11027,-33.75,70.5101318359375,5497742.62907813
11028,-30.0,70.5101318359375,12727471.4800013
11029,-56.25,70.52739257812499,0.0
11030,-52.5,70.52739257812499,0.0
11031,-48.75,70.52739257812499,0.0
11032,-45.0,70.52739257812499,0.0
11033,-41.25,70.52739257812499,1080333.3715287924
11034,-37.5,70.52739257812499,2160666.743057585
11035,-33.75,70.52739257812499,5410537.541426182
11036,-30.0,70.52739257812499,12999483.193474386
11037,-56.25,70.54465332031249,0.0
11038,-52.5,70.54465332031249,0.0
11039,-48.75,70.54465332031249,0.0
11040,-45.0,70.54465332031249,0.0
11041,-41.25,70.54465332031249,1002729.3635186182
11042,-37.5,70.54465332031249,2005458.7270372363
11043,-33.75,70.54465332031249,5323332.45377416
11044,-30.0,70.54465332031249,13271494.906947697
11045,-56.25,70.5619140625,0.0
11046,-52.5,70.5619140625,0.0
11047,-48.75,70.5619140625,0.0
11048,-45.0,70.5619140625,0.0
11049,-41.25,70.5619140625,925125.3555084441
11050,-37.5,70.5619140625,1850250.7110168883
11051,-33.75,70.5619140625,5236127.36612214
11052,-30.0,70.5619140625,13543506.620421004
11053,-26.25,70.4410888671875,18159952.094148252
11054,-22.5,70.4410888671875,40742438.52125213
11055,-18.75,70.4410888671875,71391607.4417204
11056,-15.0,70.4410888671875,102040776.36218864
11057,-26.25,70.458349609375,18577977.237058576
11058,-22.5,70.458349609375,43291640.62125655
11059,-18.75,70.458349609375,77054107.41275954
11060,-15.0,70.458349609375,110816574.20426252
11061,-26.25,70.4756103515625,18996002.379968554
11062,-22.5,70.4756103515625,45840842.72125888
11063,-18.75,70.4756103515625,82716607.38379402
11064,-15.0,70.4756103515625,119592372.04632917
11065,-26.25,70.49287109375,19414027.522878874
11066,-22.5,70.49287109375,48390044.8212633
11067,-18.75,70.49287109375,88379107.35483317
11068,-15.0,70.49287109375,128368169.88840306
11069,-26.25,70.5101318359375,19957200.33092447
11070,-22.5,70.5101318359375,48791691.32481164
11071,-18.75,70.5101318359375,88428563.3901808
11072,-15.0,70.5101318359375,128065435.45554996
11073,-26.25,70.52739257812499,20588428.84552259
11074,-22.5,70.52739257812499,47682286.661697224
11075,-18.75,70.52739257812499,84528600.55993508
11076,-15.0,70.52739257812499,121374914.4581729
11077,-26.25,70.54465332031249,21219657.360121228
11078,-22.5,70.54465332031249,46572881.99858188
11079,-18.75,70.54465332031249,80628637.72968613
11080,-15.0,70.54465332031249,114684393.46079032
11081,-26.25,70.5619140625,21850885.874719873
11082,-22.5,70.5619140625,45463477.33546657
11083,-18.75,70.5619140625,76728674.89943716
11084,-15.0,70.5619140625,107993872.46340777
11085,-11.25,70.4410888671875,117247508.0985503
11086,-7.5,70.4410888671875,132454239.83491196
11087,-11.25,70.458349609375,125075860.2026667
11088,-7.5,70.458349609375,139335146.20107087
11089,-3.75,70.4410888671875,131965632.85839005
11090,0.0,70.4410888671875,100086348.45610096
11091,-3.75,70.458349609375,137767172.0063649
11092,0.0,70.458349609375,104544677.42543855
11093,-11.25,70.4756103515625,132904212.30677666
11094,-7.5,70.4756103515625,146216052.56722414
11095,-11.25,70.49287109375,140732564.41089305
11096,-7.5,70.49287109375,153096958.93338305
11097,-3.75,70.4756103515625,143568711.154335
11098,0.0,70.4756103515625,109003006.3947725
11099,-3.75,70.49287109375,149370250.3023098
11100,0.0,70.49287109375,113461335.36411011
11101,-11.25,70.5101318359375,140801881.34389937
11102,-7.5,70.5101318359375,153538327.23224875
11103,-11.25,70.52739257812499,135411828.95169318
11104,-7.5,70.52739257812499,149448743.4452134
11105,-3.75,70.5101318359375,149776350.02141044
11106,0.0,70.5101318359375,113017526.61219676
11107,-3.75,70.52739257812499,146386140.55200338
11108,0.0,70.52739257812499,109124502.8853328
11109,-11.25,70.54465332031249,130021776.55948247
11110,-7.5,70.54465332031249,145359159.6581746
11111,-11.25,70.5619140625,124631724.16727181
11112,-7.5,70.5619140625,141269575.87113586
11113,-3.75,70.54465332031249,142995931.0825934
11114,0.0,70.54465332031249,105231479.1584656
11115,-3.75,70.5619140625,139605721.6131835
11116,0.0,70.5619140625,101338455.43159842
11117,-116.25,70.5791748046875,0.0
11118,-120.0,70.5791748046875,0.0
11119,-112.5,70.5791748046875,0.0
11120,-108.75,70.5791748046875,0.0
11121,-105.0,70.5791748046875,0.0
11122,-101.25,70.5791748046875,0.0
11123,-97.5,70.5791748046875,0.0
11124,-93.75,70.5791748046875,0.0
11125,-90.0,70.5791748046875,0.0
11126,-116.25,70.596435546875,0.0
11127,-120.0,70.596435546875,0.0
11128,-112.5,70.596435546875,0.0
11129,-108.75,70.596435546875,0.0
11130,-105.0,70.596435546875,0.0
11131,-101.25,70.596435546875,0.0
11132,-97.5,70.596435546875,0.0
11133,-93.75,70.596435546875,0.0
11134,-90.0,70.596435546875,0.0
11135,-86.25,70.5791748046875,0.0
11136,-82.5,70.5791748046875,0.0
11137,-78.75,70.5791748046875,0.0
11138,-75.0,70.5791748046875,0.0
11139,-71.25,70.5791748046875,0.0
11140,-67.5,70.5791748046875,0.0
11141,-63.75,70.5791748046875,0.0
11142,-60.0,70.5791748046875,0.0
11143,-86.25,70.596435546875,0.0
11144,-82.5,70.596435546875,0.0
11145,-78.75,70.596435546875,0.0
11146,-75.0,70.596435546875,0.0
11147,-71.25,70.596435546875,0.0
11148,-67.5,70.596435546875,0.0
11149,-63.75,70.596435546875,0.0
11150,-60.0,70.596435546875,0.0
11151,-116.25,70.6136962890625,0.0
11152,-120.0,70.6136962890625,0.0
11153,-112.5,70.6136962890625,0.0
11154,-108.75,70.6136962890625,0.0
11155,-105.0,70.6136962890625,0.0
11156,-101.25,70.6136962890625,0.0
11157,-97.5,70.6136962890625,0.0
11158,-93.75,70.6136962890625,0.0
11159,-90.0,70.6136962890625,0.0
11160,-116.25,70.63095703125,0.0
11161,-120.0,70.63095703125,0.0
11162,-112.5,70.63095703125,0.0
11163,-108.75,70.63095703125,0.0
11164,-105.0,70.63095703125,0.0
11165,-101.25,70.63095703125,0.0
11166,-97.5,70.63095703125,0.0
11167,-93.75,70.63095703125,0.0
11168,-90.0,70.63095703125,0.0
11169,-86.25,70.6136962890625,0.0
11170,-82.5,70.6136962890625,0.0
11171,-78.75,70.6136962890625,0.0
11172,-75.0,70.6136962890625,0.0
11173,-71.25,70.6136962890625,0.0
11174,-67.5,70.6136962890625,0.0
11175,-63.75,70.6136962890625,0.0
11176,-60.0,70.6136962890625,0.0
11177,-86.25,70.63095703125,0.0
11178,-82.5,70.63095703125,0.0
11179,-78.75,70.63095703125,0.0
11180,-75.0,70.63095703125,0.0
11181,-71.25,70.63095703125,0.0
11182,-67.5,70.63095703125,0.0
11183,-63.75,70.63095703125,0.0
11184,-60.0,70.63095703125,0.0
11185,-56.25,70.5791748046875,0.0
11186,-52.5,70.5791748046875,0.0
11187,-48.75,70.5791748046875,0.0
11188,-45.0,70.5791748046875,0.0
11189,-41.25,70.5791748046875,847521.3474982699
11190,-37.5,70.5791748046875,1695042.6949965397
11191,-33.75,70.5791748046875,5148922.2784701185
11192,-30.0,70.5791748046875,13815518.333894312
11193,-56.25,70.596435546875,0.0
11194,-52.5,70.596435546875,0.0
11195,-48.75,70.596435546875,0.0
11196,-45.0,70.596435546875,0.0
11197,-41.25,70.596435546875,769917.339488096
11198,-37.5,70.596435546875,1539834.678976192
11199,-33.75,70.596435546875,5061717.190818097
11200,-30.0,70.596435546875,14087530.047367623
11201,-56.25,70.6136962890625,0.0
11202,-52.5,70.6136962890625,0.0
11203,-48.75,70.6136962890625,0.0
11204,-45.0,70.6136962890625,0.0
11205,-41.25,70.6136962890625,692313.3314779218
11206,-37.5,70.6136962890625,1384626.6629558436
11207,-33.75,70.6136962890625,4974512.103166076
11208,-30.0,70.6136962890625,14359541.760840932
11209,-56.25,70.63095703125,0.0
11210,-52.5,70.63095703125,0.0
11211,-48.75,70.63095703125,0.0
11212,-45.0,70.63095703125,0.0
11213,-41.25,70.63095703125,614709.3234677477
11214,-37.5,70.63095703125,1229418.6469354953
11215,-33.75,70.63095703125,4887307.015514055
11216,-30.0,70.63095703125,14631553.47431424
11217,-26.25,70.5791748046875,22482114.38931851
11218,-22.5,70.5791748046875,44354072.672351226
11219,-18.75,70.5791748046875,72828712.06918819
11220,-15.0,70.5791748046875,101303351.46602519
11221,-26.25,70.596435546875,23113342.90391715
11222,-22.5,70.596435546875,43244668.0092359
11223,-18.75,70.596435546875,68928749.23893927
11224,-15.0,70.596435546875,94612830.46864264
11225,-26.25,70.6136962890625,23744571.418515787
11226,-22.5,70.6136962890625,42135263.346120566
11227,-18.75,70.6136962890625,65028786.40869032
11228,-15.0,70.6136962890625,87922309.47126007
11229,-26.25,70.63095703125,24375799.933114428
11230,-22.5,70.63095703125,41025858.68300524
11231,-18.75,70.63095703125,61128823.57844137
11232,-15.0,70.63095703125,81231788.47387749
11233,-11.25,70.5791748046875,119241671.77506112
11234,-7.5,70.5791748046875,137179992.08409706
11235,-11.25,70.596435546875,113851619.3828505
11236,-7.5,70.596435546875,133090408.29705834
11237,-3.75,70.5791748046875,136215512.1437736
11238,0.0,70.5791748046875,97445431.70473123
11239,-3.75,70.596435546875,132825302.67436366
11240,0.0,70.596435546875,93552407.97786406
11241,-11.25,70.6136962890625,108461566.9906398
11242,-7.5,70.6136962890625,129000824.51001956
11243,-11.25,70.63095703125,103071514.59842914
11244,-7.5,70.63095703125,124911240.7229808
11245,-3.75,70.6136962890625,129435093.20495375
11246,0.0,70.6136962890625,89659384.25099686
11247,-3.75,70.63095703125,126044883.73554383
11248,0.0,70.63095703125,85766360.52412966
11249,-116.25,70.64821777343751,0.0
11250,-120.0,70.64821777343751,0.0
11251,-112.5,70.64821777343751,0.0
11252,-108.75,70.64821777343751,0.0
11253,-105.0,70.64821777343751,0.0
11254,-101.25,70.64821777343751,0.0
11255,-97.5,70.64821777343751,0.0
11256,-93.75,70.64821777343751,0.0
11257,-90.0,70.64821777343751,0.0
11258,-116.25,70.66547851562501,0.0
11259,-120.0,70.66547851562501,0.0
11260,-112.5,70.66547851562501,0.0
11261,-108.75,70.66547851562501,0.0
11262,-105.0,70.66547851562501,0.0
11263,-101.25,70.66547851562501,0.0
11264,-97.5,70.66547851562501,0.0
11265,-93.75,70.66547851562501,0.0
11266,-90.0,70.66547851562501,0.0
11267,-86.25,70.64821777343751,0.0
11268,-82.5,70.64821777343751,0.0
11269,-78.75,70.64821777343751,0.0
11270,-75.0,70.64821777343751,0.0
11271,-71.25,70.64821777343751,0.0
11272,-67.5,70.64821777343751,0.0
11273,-63.75,70.64821777343751,0.0
11274,-60.0,70.64821777343751,0.0
11275,-86.25,70.66547851562501,0.0
11276,-82.5,70.66547851562501,0.0
11277,-78.75,70.66547851562501,0.0
11278,-75.0,70.66547851562501,0.0
11279,-71.25,70.66547851562501,0.0
11280,-67.5,70.66547851562501,0.0
11281,-63.75,70.66547851562501,0.0
11282,-60.0,70.66547851562501,0.0
11283,-56.25,70.64821777343751,0.0
11284,-52.5,70.64821777343751,0.0
11285,-48.75,70.64821777343751,0.0
11286,-45.0,70.64821777343751,0.0
11287,-41.25,70.64821777343751,537105.3154575735
11288,-37.5,70.64821777343751,1074210.630915147
11289,-33.75,70.64821777343751,4800101.927862035
11290,-30.0,70.64821777343751,14903565.18778755
11291,-56.25,70.66547851562501,0.0
11292,-52.5,70.66547851562501,0.0
11293,-48.75,70.66547851562501,0.0
11294,-45.0,70.66547851562501,0.0
11295,-41.25,70.66547851562501,459501.30744739936
11296,-37.5,70.66547851562501,919002.6148947987
11297,-33.75,70.66547851562501,4712896.840210013
11298,-30.0,70.66547851562501,15175576.90126086
11299,-26.25,70.64821777343751,25007028.447713066
11300,-22.5,70.64821777343751,39916454.01988991
11301,-18.75,70.64821777343751,57228860.748192415
11302,-15.0,70.64821777343751,74541267.47649492
11303,-26.25,70.66547851562501,25638256.962311704
11304,-22.5,70.66547851562501,38807049.356774576
11305,-18.75,70.66547851562501,53328897.91794346
11306,-15.0,70.66547851562501,67850746.47911236
11307,-11.25,70.64821777343751,97681462.20621848
11308,-7.5,70.64821777343751,120821656.93594204
11309,-11.25,70.66547851562501,92291409.8140078
11310,-7.5,70.66547851562501,116732073.14890325
11311,-3.75,70.64821777343751,122654674.2661339
11312,0.0,70.64821777343751,81873336.79726247
11313,-3.75,70.66547851562501,119264464.79672399
11314,0.0,70.66547851562501,77980313.07039529
11315,-116.25,70.6827392578125,0.0
11316,-120.0,70.6827392578125,0.0
11317,-112.5,70.6827392578125,0.0
11318,-108.75,70.6827392578125,0.0
11319,-105.0,70.6827392578125,0.0
11320,-101.25,70.6827392578125,0.0
11321,-97.5,70.6827392578125,0.0
11322,-93.75,70.6827392578125,0.0
11323,-90.0,70.6827392578125,0.0
11324,-116.25,70.7,0.0
11325,-112.5,70.7,0.0
11326,-108.75,70.7,0.0
11327,-105.0,70.7,0.0
11328,-101.25,70.7,0.0
11329,-97.5,70.7,0.0
11330,-93.75,70.7,0.0
11331,-90.0,70.7,0.0
11332,-86.25,70.6827392578125,0.0
11333,-82.5,70.6827392578125,0.0
11334,-78.75,70.6827392578125,0.0
11335,-75.0,70.6827392578125,0.0
11336,-71.25,70.6827392578125,0.0
11337,-67.5,70.6827392578125,0.0
11338,-63.75,70.6827392578125,0.0
11339,-60.0,70.6827392578125,0.0
11340,-86.25,70.7,0.0
11341,-82.5,70.7,0.0
11342,-78.75,70.7,0.0
11343,-75.0,70.7,0.0
11344,-71.25,70.7,0.0
11345,-67.5,70.7,0.0
11346,-63.75,70.7,0.0
11347,-60.0,70.7,0.0
11348,-56.25,70.6827392578125,0.0
11349,-52.5,70.6827392578125,0.0
11350,-48.75,70.6827392578125,0.0
11351,-45.0,70.6827392578125,0.0
11352,-41.25,70.6827392578125,381897.2994372892
11353,-37.5,70.6827392578125,763794.5988745784
11354,-33.75,70.6827392578125,4625691.752558065
11355,-30.0,70.6827392578125,15447588.614733946
11356,-56.25,70.7,0.0
11357,-52.5,70.7,0.0
11358,-48.75,70.7,0.0
11359,-45.0,70.7,0.0
11360,-41.25,70.7,304293.2914271151
11361,-37.5,70.7,608586.5828542302
11362,-33.75,70.7,4538486.664906044
11363,-30.0,70.7,15719600.328207254
11364,-26.25,70.6827392578125,26269485.476909827
11365,-22.5,70.6827392578125,37697644.69366016
11366,-18.75,70.6827392578125,49428935.08769773
11367,-15.0,70.6827392578125,61160225.48173529
11368,-26.25,70.7,26900713.991508465
11369,-22.5,70.7,36588240.03054483
11370,-18.75,70.7,45528972.25744878
11371,-15.0,70.7,54469704.48435272
11372,-11.25,70.6827392578125,86901357.42180158
11373,-7.5,70.6827392578125,112642489.36186787
11374,-11.25,70.7,81511305.0295909
11375,-7.5,70.7,108552905.5748291
11376,-3.75,70.6827392578125,115874255.32731688
11377,0.0,70.6827392578125,74087289.34353131
11378,-3.75,70.7,112484045.85790695
11379,0.0,70.7,70194265.61666413
11380,3.75,0.0172607421875,0.0
11381,3.75,-0.0,0.0
11382,3.75,0.034521484375,0.0
11383,7.5,0.0172607421875,0.0
11384,7.5,-0.0,0.0
11385,7.5,0.034521484375,0.0
11386,3.75,0.05178222656250001,0.0
11387,3.75,0.06904296875,0.0
11388,7.5,0.05178222656250001,0.0
11389,7.5,0.06904296875,0.0
11390,3.75,0.0863037109375,0.0
11391,7.5,0.0863037109375,0.0
11392,3.75,0.09493408203125,0.0
11393,3.75,0.103564453125,188232982384.03287
11394,7.5,0.09493408203125,0.0
11395,7.5,0.103564453125,145328002799.86328
11396,3.75,0.11219482421875,187145330252.3115
11397,3.75,0.1208251953125,186057678120.59003
11398,7.5,0.11219482421875,144374317099.32797
11399,7.5,0.1208251953125,143420631398.79266
11400,3.75,0.12945556640625,184970025988.86862
11401,3.75,0.1380859375,183882373857.1472
11402,7.5,0.12945556640625,142466945698.25735
11403,7.5,0.1380859375,141513259997.72208
11404,3.75,0.14671630859375,182794721725.4258
11405,3.75,0.1553466796875,181707069593.70435
11406,7.5,0.14671630859375,140559574297.18677
11407,7.5,0.1553466796875,139605888596.65146
11408,3.75,0.16397705078125,180619417461.98294
11409,3.75,0.172607421875,179531765330.26154
11410,7.5,0.16397705078125,138652202896.11615
11411,7.5,0.172607421875,137698517195.58087
11412,3.75,0.18123779296875,178444113198.5401
11413,3.75,0.1898681640625,177356461066.8187
11414,7.5,0.18123779296875,136744831495.04558
11415,7.5,0.1898681640625,135791145794.51028
11416,3.75,0.19849853515625,176268808935.09723
11417,3.75,0.2,176079585155.46252
11418,3.75,0.20712890625,175181156803.3758
11419,7.5,0.19849853515625,134837460093.97496
11420,7.5,0.2,134671543062.62302
11421,7.5,0.20712890625,133883774393.43968
11422,3.75,0.21575927734375,174093504671.6544
11423,3.75,0.2243896484375,173005852539.93298
11424,7.5,0.21575927734375,132930088692.90437
11425,7.5,0.2243896484375,131976402992.36908
11426,3.75,0.23302001953125,171918200408.21155
11427,3.75,0.241650390625,170830548276.4901
11428,7.5,0.23302001953125,131022717291.83379
11429,7.5,0.241650390625,130069031591.2985
11430,3.75,0.25028076171875,169742896144.76868
11431,3.75,0.2589111328125,168655244013.04727
11432,7.5,0.25028076171875,129115345890.76317
11433,7.5,0.2589111328125,128161660190.22787
11434,3.75,0.26754150390625,167567591881.32584
11435,3.75,0.276171875,166479939749.60443
11436,7.5,0.26754150390625,127207974489.69258
11437,7.5,0.276171875,126254288789.15727
11438,3.75,0.28480224609375,165392287617.883
11439,3.75,0.2934326171875,164304635486.16156
11440,7.5,0.28480224609375,125300603088.62198
11441,7.5,0.2934326171875,124346917388.08669
11442,3.75,0.30206298828125,163424691749.51913
11443,3.75,0.310693359375,163205973554.60742
11444,7.5,0.30206298828125,123578446637.72325
11445,7.5,0.310693359375,123399595077.8478
11446,3.75,0.3279541015625,162768537164.784
11447,7.5,0.3279541015625,123041891958.0969
11448,3.75,0.34521484375,162331100774.9606
11449,7.5,0.34521484375,122684188838.34601
11450,3.75,0.379736328125,161456227995.31375
11451,7.5,0.379736328125,121968782598.84416
11452,3.75,0.4142578125,160581355215.6669
11453,7.5,0.4142578125,121253376359.34235
11454,3.75,0.48330078125,158831609656.3732
11455,7.5,0.48330078125,119822563880.33873
11456,3.75,0.55234375,156436788664.41125
11457,7.5,0.55234375,118010824651.1681
11458,3.75,0.6904296875,151235550042.47888
11459,7.5,0.6904296875,114144292184.32492
11460,3.75,0.8285156250000001,147744106749.6655
11461,7.5,0.8285156250000001,111569919349.97372
11462,3.75,1.1046875,142790077224.7769
11463,7.5,1.1046875,108198473895.71077
11464,3.75,1.380859375,135485726513.02882
11465,3.75,1.65703125,130382833626.25044
11466,7.5,1.380859375,102698391810.64185
11467,7.5,1.65703125,98862438135.16765
11468,3.75,1.933203125,126739637495.21176
11469,3.75,2.209375,121502528850.4097
11470,7.5,1.933203125,96064810278.33586
11471,7.5,2.209375,92311834904.22423
11472,3.75,2.485546875,118179224850.88684
11473,3.75,2.76171875,114704466687.74603
11474,7.5,2.485546875,90016831909.01886
11475,7.5,2.76171875,87557143961.26845
11476,3.75,3.037890625,110929572526.45291
11477,3.75,3.3140625,106884398126.91496
11478,7.5,3.037890625,84602174025.06691
11479,7.5,3.3140625,81373578010.97575
11480,3.75,3.590234375000001,103132625915.47919
11481,3.75,3.86640625,100859823460.12032
11482,7.5,3.590234375000001,78516049165.02458
11483,7.5,3.86640625,77042572218.6649
11484,3.75,4.142578125,95579169186.7361
11485,3.75,4.41875,94146847075.23116
11486,7.5,4.142578125,72731727870.91934
11487,7.5,4.41875,71931898303.63184
11488,3.75,4.694921875,90650131587.12343
11489,3.75,4.97109375,87989679445.22284
11490,7.5,4.694921875,69549065929.8236
11491,7.5,4.97109375,67463546818.68906
11492,3.75,5.247265625,85372169390.79916
11493,3.75,5.5234375,82692888034.08261
11494,7.5,5.247265625,65434518086.439705
11495,7.5,5.5234375,63510558700.515366
11496,3.75,5.799609375,78845409277.57985
11497,3.75,6.07578125,77194974908.26779
11498,7.5,5.799609375,60529954272.21819
11499,7.5,6.07578125,59560426222.57674
11500,3.75,6.351953125000001,76391089988.27704
11501,3.75,6.628125000000001,74966124471.94159
11502,7.5,6.351953125000001,59088176244.03504
11503,7.5,6.628125000000001,58234134904.65585
11504,3.75,6.904296875000001,71091627875.2436
11505,3.75,7.180468750000001,69183585936.94493
11506,7.5,6.904296875000001,55092595438.73486
11507,7.5,7.180468750000001,53769278044.97885
11508,3.75,7.456640625,66987243623.79579
11509,3.75,7.732812500000001,64771646847.182465
11510,7.5,7.456640625,52199140309.642006
11511,7.5,7.732812500000001,50422573674.68404
11512,3.75,8.008984375,62902045912.45413
11513,3.75,8.28515625,61356304290.43188
11514,7.5,8.008984375,49109855596.266685
11515,7.5,8.28515625,47775792748.6118
11516,3.75,8.561328125,59205766123.97081
11517,3.75,8.8375,57234838525.84056
11518,7.5,8.561328125,45997600027.78035
11519,7.5,8.8375,44746429818.19862
11520,11.25,0.0172607421875,0.0
11521,11.25,-0.0,0.0
11522,11.25,0.034521484375,0.0
11523,15.0,0.0172607421875,0.0
11524,15.0,-0.0,0.0
11525,15.0,0.034521484375,0.0
11526,11.25,0.05178222656250001,0.0
11527,11.25,0.06904296875,0.0
11528,15.0,0.05178222656250001,0.0
11529,15.0,0.06904296875,0.0
11530,11.25,0.0863037109375,0.0
11531,15.0,0.0863037109375,0.0
11532,11.25,0.09493408203125,0.0
11533,11.25,0.103564453125,73668503626.41937
11534,15.0,0.09493408203125,0.0
11535,15.0,0.103564453125,2009004452.9754875
11536,11.25,0.11219482421875,73203519958.90637
11537,11.25,0.1208251953125,72738536291.39336
11538,15.0,0.11219482421875,2032722818.4847689
11539,15.0,0.1208251953125,2056441183.99405
11540,11.25,0.12945556640625,72273552623.88036
11541,11.25,0.1380859375,71808568956.36736
11542,15.0,0.12945556640625,2080159549.5033312
11543,15.0,0.1380859375,2103877915.0126128
11544,11.25,0.14671630859375,71343585288.85434
11545,11.25,0.1553466796875,70878601621.34132
11546,15.0,0.14671630859375,2127596280.521894
11547,15.0,0.1553466796875,2151314646.031175
11548,11.25,0.16397705078125,70413617953.82831
11549,11.25,0.172607421875,69948634286.3153
11550,15.0,0.16397705078125,2175033011.540457
11551,15.0,0.172607421875,2198751377.049738
11552,11.25,0.18123779296875,69483650618.80229
11553,11.25,0.1898681640625,69018666951.28929
11554,15.0,0.18123779296875,2222469742.559019
11555,15.0,0.1898681640625,2246188108.0683007
11556,11.25,0.19849853515625,68553683283.77627
11557,11.25,0.2,68472787963.968506
11558,11.25,0.20712890625,68088699616.26327
11559,15.0,0.19849853515625,2269906473.5775814
11560,15.0,0.2,2274032865.3139915
11561,15.0,0.20712890625,2293624839.086863
11562,11.25,0.21575927734375,67623715948.75025
11563,11.25,0.2243896484375,67158732281.23725
11564,15.0,0.21575927734375,2317343204.5961447
11565,15.0,0.2243896484375,2341061570.105426
11566,11.25,0.23302001953125,66693748613.72424
11567,11.25,0.241650390625,66228764946.211235
11568,15.0,0.23302001953125,2364779935.614707
11569,15.0,0.241650390625,2388498301.123988
11570,11.25,0.25028076171875,65763781278.69823
11571,11.25,0.2589111328125,65298797611.18521
11572,15.0,0.25028076171875,2412216666.6332693
11573,15.0,0.2589111328125,2435935032.1425505
11574,11.25,0.26754150390625,64833813943.6722
11575,11.25,0.276171875,64368830276.15919
11576,15.0,0.26754150390625,2459653397.6518316
11577,15.0,0.276171875,2483371763.1611133
11578,11.25,0.28480224609375,63903846608.64618
11579,11.25,0.2934326171875,63438862941.13319
11580,15.0,0.28480224609375,2507090128.6703944
11581,15.0,0.2934326171875,2530808494.179676
11582,11.25,0.30206298828125,63065690767.69615
11583,11.25,0.310693359375,62984794238.12232
11584,15.0,0.30206298828125,2552934897.6690536
11585,15.0,0.310693359375,2569993398.396843
11586,11.25,0.3279541015625,62823001178.974655
11587,15.0,0.3279541015625,2604110399.8524227
11588,11.25,0.34521484375,62661208119.826996
11589,15.0,0.34521484375,2638227401.308002
11590,11.25,0.379736328125,62337622001.53166
11591,15.0,0.379736328125,2706461404.219161
11592,11.25,0.4142578125,62014035883.236336
11593,15.0,0.4142578125,2774695407.1303196
11594,11.25,0.48330078125,61366863646.64568
11595,15.0,0.48330078125,2911163412.9526377
11596,11.25,0.55234375,60443388890.239914
11597,15.0,0.55234375,2875953129.3117137
11598,11.25,0.6904296875,58420141874.11356
11599,15.0,0.6904296875,2695991563.9022
11600,11.25,0.8285156250000001,57241013323.81556
11601,15.0,0.8285156250000001,2912107297.6573896
11602,11.25,1.1046875,55748129954.99025
11603,15.0,1.1046875,3297786014.269717
11604,11.25,1.380859375,53172146970.360695
11605,11.25,1.65703125,51266116182.59079
11606,15.0,1.380859375,3645902130.079532
11607,15.0,1.65703125,3669794230.0139384
11608,11.25,1.933203125,49956922242.150986
11609,11.25,2.209375,48254453254.824554
11610,15.0,1.933203125,3849034205.966115
11611,15.0,2.209375,4197071605.4248896
11612,11.25,2.485546875,47216052066.62978
11613,11.25,2.76171875,46046212963.403694
11614,15.0,2.485546875,4415272224.240703
11615,15.0,2.76171875,4535281965.538956
11616,11.25,3.037890625,44699528006.47637
11617,11.25,3.3140625,43375155002.72297
11618,15.0,3.037890625,4796881987.885813
11619,15.0,3.3140625,5376731994.47019
11620,11.25,3.590234375000001,41751848530.55024
11621,11.25,3.86640625,41077616820.73197
11622,15.0,3.590234375000001,4987647896.07589
11623,15.0,3.86640625,5112661422.799053
11624,11.25,4.142578125,39106551827.81077
11625,11.25,4.41875,38555549861.30367
11626,15.0,4.142578125,5481375784.702199
11627,15.0,4.41875,5179201418.97551
11628,11.25,4.694921875,37754489528.15066
11629,11.25,4.97109375,36839456226.78266
11630,15.0,4.694921875,5959913126.477722
11631,15.0,4.97109375,6215365634.876262
11632,11.25,5.247265625,35732735736.576324
11633,11.25,5.5234375,34830090564.52181
11634,15.0,5.247265625,6030953386.712939
11635,15.0,5.5234375,6149622428.528258
11636,11.25,5.799609375,33559589887.497467
11637,11.25,6.07578125,33080748502.24724
11638,15.0,5.799609375,6589225502.776743
11639,15.0,6.07578125,6601070781.917739
11640,11.25,6.351953125000001,32912237233.976055
11641,11.25,6.628125000000001,32654357097.334934
11642,15.0,6.351953125000001,6736298223.917068
11643,15.0,6.628125000000001,7074579290.014017
11644,11.25,6.904296875000001,31280059797.803833
11645,11.25,7.180468750000001,30736174494.379776
11646,15.0,6.904296875000001,7467524156.872809
11647,15.0,7.180468750000001,7703070943.7807045
11648,11.25,7.456640625,30147936409.21692
11649,11.25,7.732812500000001,29298661495.642826
11650,15.0,7.456640625,8096732508.791835
11651,15.0,7.732812500000001,8174749316.6016245
11652,11.25,8.008984375,28671211589.41543
11653,11.25,8.28515625,27862084270.245617
11654,15.0,8.008984375,8232567582.564178
11655,15.0,8.28515625,7948375791.879435
11656,11.25,8.561328125,26761596303.400978
11657,11.25,8.8375,26371861958.433018
11658,15.0,8.561328125,7525592579.021612
11659,15.0,8.8375,7997294098.667413
11660,3.75,9.113671875000001,55893280665.892006
11661,3.75,9.38984375,54838198814.35103
11662,7.5,9.113671875000001,43893606492.032326
11663,7.5,9.38984375,43108467720.202255
11664,3.75,9.666015625,52550412819.59327
11665,3.75,9.9421875,51666459845.152115
11666,7.5,9.666015625,41273254718.60874
11667,7.5,9.9421875,40925448361.11281
11668,3.75,10.218359375,51121468657.49699
11669,3.75,10.49453125,48025138755.97316
11670,7.5,10.218359375,40500889416.528725
11671,7.5,10.49453125,38000297893.98259
11672,3.75,10.770703125,47703654541.29136
11673,3.75,11.046875,45331942738.591576
11674,7.5,10.770703125,38035917232.12277
11675,7.5,11.046875,36075028108.36847
11676,3.75,11.323046875,43316824667.87378
11677,3.75,11.59921875,41776430129.885895
11678,7.5,11.323046875,34507557502.707054
11679,7.5,11.59921875,33379521935.301918
11680,3.75,11.875390625,41306559239.12038
11681,3.75,12.1515625,40293116852.35918
11682,7.5,11.875390625,33023503966.27248
11683,7.5,12.1515625,32231049510.98647
11684,3.75,12.427734375,38490183368.45709
11685,3.75,12.70390625,37323921240.11118
11686,7.5,12.427734375,30880480389.29739
11687,7.5,12.70390625,30294779144.42944
11688,3.75,12.980078125,36457498162.65129
11689,3.75,13.25625,35371209568.67821
11690,7.5,12.980078125,29194945892.440342
11691,7.5,13.25625,28359057983.62955
11692,3.75,13.532421875,33792980494.730568
11693,3.75,13.80859375,32653064685.899887
11694,7.5,13.532421875,27332709976.86728
11695,7.5,13.80859375,26403925007.03
11696,3.75,14.084765625,31501053985.021328
11697,3.75,14.3609375,30400332667.860016
11698,7.5,14.084765625,25753782675.358948
11699,7.5,14.3609375,24648204256.563236
11700,3.75,14.637109375,29476860675.175545
11701,3.75,14.91328125,28086919287.50528
11702,7.5,14.637109375,23822373333.08285
11703,7.5,14.91328125,23030341821.412987
11704,3.75,15.189453125,27785404067.71012
11705,3.75,15.465625,27207017477.525772
11706,7.5,15.189453125,22889270042.852783
11707,7.5,15.465625,22441371439.463936
11708,3.75,15.741796875,26432694407.30947
11709,3.75,16.01796875,25089945096.930016
11710,7.5,15.741796875,21898388566.13929
11711,7.5,16.01796875,20827145051.08331
11712,3.75,16.294140625,24121401224.376053
11713,3.75,16.5703125,23720298118.832657
11714,7.5,16.294140625,20142597465.3938
11715,7.5,16.5703125,19861325565.067284
11716,3.75,16.846484375,23436783775.234806
11717,3.75,17.12265625,22362625563.806858
11718,7.5,16.846484375,19443638310.745464
11719,7.5,17.12265625,18809877445.856495
11720,3.75,17.398828125,22009573041.725555
11721,3.75,17.675,21720805093.47045
11722,7.5,17.398828125,18352906594.568592
11723,7.5,17.675,18398894122.36124
11724,11.25,9.113671875000001,26298709654.79035
11725,11.25,9.38984375,25648974468.799885
11726,15.0,9.113671875000001,8703812817.548378
11727,15.0,9.38984375,8189481217.397516
11728,11.25,9.666015625,24630080956.54597
11729,11.25,9.9421875,24948595669.142147
11730,15.0,9.666015625,7986907194.4832
11731,15.0,9.9421875,8971742977.17149
11732,11.25,10.218359375,24582264315.80565
11733,11.25,10.49453125,23176427409.214775
11734,15.0,10.218359375,8663639215.082577
11735,15.0,10.49453125,8352556924.446961
11736,11.25,10.770703125,23384826878.411674
11737,11.25,11.046875,22449422510.814148
11738,15.0,10.770703125,8733736524.700573
11739,15.0,11.046875,8823816913.25983
11740,11.25,11.323046875,21396686784.755943
11741,11.25,11.59921875,20963080749.443558
11742,15.0,11.323046875,8285816066.804834
11743,15.0,11.59921875,8546639563.5851965
11744,11.25,11.875390625,20625388909.789257
11745,11.25,12.1515625,20203860915.46437
11746,15.0,11.875390625,8227273853.306033
11747,15.0,12.1515625,8176672319.942271
11748,11.25,12.427734375,19543168992.427605
11749,11.25,12.70390625,19790934322.064857
11750,15.0,12.427734375,8205857595.557825
11751,15.0,12.70390625,9287089499.700275
11752,11.25,12.980078125,18680153996.662037
11753,11.25,13.25625,18271329015.633804
11754,15.0,12.980078125,8165362100.883726
11755,15.0,13.25625,8183600047.638052
11756,11.25,13.532421875,17828924785.530888
11757,11.25,13.80859375,17269605444.762707
11758,15.0,13.532421875,8325139594.194496
11759,15.0,13.80859375,8135285882.495412
11760,11.25,14.084765625,17214988593.955334
11761,11.25,14.3609375,16424738785.336922
11762,15.0,14.084765625,8676194512.551718
11763,15.0,14.3609375,8201273314.110605
11764,11.25,14.637109375,15756563497.07761
11765,11.25,14.91328125,15565989919.975468
11766,15.0,14.637109375,7690753661.072369
11767,15.0,14.91328125,8101638018.53795
11768,11.25,15.189453125,15694747047.08575
11769,11.25,15.465625,15259843185.497595
11770,15.0,15.189453125,8500224051.318714
11771,15.0,15.465625,8078314931.531254
11772,11.25,15.741796875,15187619984.405872
11773,11.25,16.01796875,14753184269.713326
11774,15.0,15.741796875,8476851402.672453
11775,15.0,16.01796875,8679223488.343342
11776,11.25,16.294140625,14319282851.937021
11777,11.25,16.5703125,14137623218.60472
11778,15.0,16.294140625,8495968238.480243
11779,15.0,16.5703125,8413920872.142151
11780,11.25,16.846484375,13661548851.388401
11781,11.25,17.12265625,13412679797.810844
11782,15.0,16.846484375,7879459392.031342
11783,15.0,17.12265625,8015482149.765192
11784,11.25,17.398828125,13029205485.71299
11785,11.25,17.675,13383030312.60318
11786,15.0,17.398828125,7705504376.857386
11787,15.0,17.675,8367166502.845119
11788,18.75,0.0172607421875,0.0
11789,18.75,-0.0,0.0
11790,18.75,0.034521484375,0.0
11791,22.5,0.0172607421875,0.0
11792,22.5,-0.0,0.0
11793,22.5,0.034521484375,0.0
11794,18.75,0.05178222656250001,0.0
11795,18.75,0.06904296875,0.0
11796,22.5,0.05178222656250001,0.0
11797,22.5,0.06904296875,0.0
11798,18.75,0.0863037109375,0.0
11799,22.5,0.0863037109375,0.0
11800,18.75,0.09493408203125,0.0
11801,18.75,0.103564453125,1422896426.3252723
11802,22.5,0.09493408203125,0.0
11803,22.5,0.103564453125,836788399.6750573
11804,18.75,0.11219482421875,1437918142.3649318
11805,18.75,0.1208251953125,1452939858.4045906
11806,22.5,0.11219482421875,843113466.2450944
11807,22.5,0.1208251953125,849438532.8151313
11808,18.75,0.12945556640625,1467961574.4442499
11809,18.75,0.1380859375,1482983290.4839091
11810,22.5,0.12945556640625,855763599.3851684
11811,22.5,0.1380859375,862088665.9552056
11812,18.75,0.14671630859375,1498005006.5235686
11813,18.75,0.1553466796875,1513026722.5632272
11814,22.5,0.14671630859375,868413732.5252427
11815,22.5,0.1553466796875,874738799.0952796
11816,18.75,0.16397705078125,1528048438.6028864
11817,18.75,0.172607421875,1543070154.642546
11818,22.5,0.16397705078125,881063865.6653167
11819,22.5,0.172607421875,887388932.2353537
11820,18.75,0.18123779296875,1558091870.682205
11821,18.75,0.1898681640625,1573113586.7218642
11822,22.5,0.18123779296875,893713998.8053907
11823,22.5,0.1898681640625,900039065.375428
11824,18.75,0.19849853515625,1588135302.761523
11825,18.75,0.2,1590748698.9042082
11826,18.75,0.20712890625,1603157018.8011823
11827,22.5,0.19849853515625,906364131.9454648
11828,22.5,0.2,907464532.4944246
11829,22.5,0.20712890625,912689198.5155019
11830,18.75,0.21575927734375,1618178734.8408415
11831,18.75,0.2243896484375,1633200450.8805008
11832,22.5,0.21575927734375,919014265.0855391
11833,22.5,0.2243896484375,925339331.6555761
11834,18.75,0.23302001953125,1648222166.9201598
11835,18.75,0.241650390625,1663243882.9598193
11836,22.5,0.23302001953125,931664398.2256131
11837,22.5,0.241650390625,937989464.79565
11838,18.75,0.25028076171875,1678265598.9994783
11839,18.75,0.2589111328125,1693287315.0391374
11840,22.5,0.25028076171875,944314531.365687
11841,22.5,0.2589111328125,950639597.9357243
11842,18.75,0.26754150390625,1708309031.0787964
11843,18.75,0.276171875,1723330747.1184556
11844,22.5,0.26754150390625,956964664.5057611
11845,22.5,0.276171875,963289731.0757983
11846,18.75,0.28480224609375,1738352463.158115
11847,18.75,0.2934326171875,1753374179.1977742
11848,22.5,0.28480224609375,969614797.6458354
11849,22.5,0.2934326171875,975939864.2158724
11850,18.75,0.30206298828125,1768389057.5411901
11851,18.75,0.310693359375,1783382168.543903
11852,22.5,0.30206298828125,983843217.4133273
11853,22.5,0.310693359375,996770938.6909641
11854,18.75,0.3279541015625,1813368390.5493302
11855,22.5,0.3279541015625,1022626381.246238
11856,18.75,0.34521484375,1843354612.5547569
11857,22.5,0.34521484375,1048481823.8015118
11858,18.75,0.379736328125,1903327056.56561
11859,22.5,0.379736328125,1100192708.912059
11860,18.75,0.4142578125,1963299500.5764632
11861,22.5,0.4142578125,1151903594.0226068
11862,18.75,0.48330078125,2083244388.5981696
11863,22.5,0.48330078125,1255325364.243702
11864,18.75,0.55234375,2063166200.4255588
11865,22.5,0.55234375,1250379271.539404
11866,18.75,0.6904296875,1933666741.8817244
11867,22.5,0.6904296875,1171341919.8612483
11868,18.75,0.8285156250000001,2113566879.7902374
11869,22.5,0.8285156250000001,1315026461.923085
11870,18.75,1.1046875,2456040321.6024256
11871,22.5,1.1046875,1614294628.935134
11872,18.75,1.380859375,2603603751.0588813
11873,18.75,1.65703125,2671417453.6085696
11874,22.5,1.380859375,1561305372.038231
11875,22.5,1.65703125,1673040677.2032008
11876,18.75,1.933203125,2734410315.7229533
11877,18.75,2.209375,2998561143.53767
11878,22.5,1.933203125,1619786425.4797904
11879,22.5,2.209375,1800050681.6504502
11880,18.75,2.485546875,3100246815.124803
11881,18.75,2.76171875,3247808069.852626
11882,22.5,2.485546875,1785221406.008902
11883,22.5,2.76171875,1960334174.1662958
11884,18.75,3.037890625,3455057558.881701
11885,18.75,3.3140625,3881202328.632911
11886,22.5,3.037890625,2113233129.8775887
11887,22.5,3.3140625,2385672662.7956305
11888,18.75,3.590234375000001,3552092244.1258545
11889,18.75,3.86640625,3587356570.4449425
11890,22.5,3.590234375000001,2116536592.1758187
11891,22.5,3.86640625,2062051718.090832
11892,18.75,4.142578125,3906947621.031685
11893,18.75,4.41875,3741354742.2205834
11894,22.5,4.142578125,2332519457.3611703
11895,22.5,4.41875,2303508065.4656563
11896,18.75,4.694921875,4264932247.8753986
11897,18.75,4.97109375,4511078663.560242
11898,22.5,4.694921875,2569951369.273075
11899,22.5,4.97109375,2806791692.2442226
11900,18.75,5.247265625,4324296522.635205
11901,18.75,5.5234375,4460475241.729982
11902,22.5,5.247265625,2617639658.5574713
11903,22.5,5.5234375,2771328054.9317064
11904,18.75,5.799609375,4642256616.852319
11905,18.75,6.07578125,4585419223.612008
11906,22.5,5.799609375,2695287730.927894
11907,22.5,6.07578125,2569767665.306277
11908,18.75,6.351953125000001,4646429134.125196
11909,18.75,6.628125000000001,4873776986.346551
11910,22.5,6.351953125000001,2556560044.333324
11911,22.5,6.628125000000001,2672974682.6790833
11912,18.75,6.904296875000001,5081382403.445474
11913,18.75,7.180468750000001,5327085797.824834
11914,22.5,6.904296875000001,2695240650.01814
11915,22.5,7.180468750000001,2951100651.868962
11916,18.75,7.456640625,5576614179.918222
11917,18.75,7.732812500000001,5583656182.67891
11918,22.5,7.456640625,3056495851.04461
11919,22.5,7.732812500000001,2992563048.756195
11920,18.75,8.008984375,5702439541.2560215
11921,18.75,8.28515625,5437590075.738506
11922,22.5,8.008984375,3172311499.947864
11923,22.5,8.28515625,2926804359.5975785
11924,18.75,8.561328125,5234102257.724028
11925,18.75,8.8375,5602105842.80519
11926,22.5,8.561328125,2942611936.4264417
11927,22.5,8.8375,3206917586.9429665
11928,26.25,0.0172607421875,0.0
11929,26.25,-0.0,0.0
11930,26.25,0.034521484375,0.0
11931,30.0,0.0172607421875,0.0
11932,30.0,-0.0,0.0
11933,30.0,0.034521484375,0.0
11934,26.25,0.05178222656250001,0.0
11935,26.25,0.06904296875,0.0
11936,30.0,0.05178222656250001,0.0
11937,30.0,0.06904296875,0.0
11938,26.25,0.0863037109375,0.0
11939,30.0,0.0863037109375,0.0
11940,26.25,0.09493408203125,0.0
11941,26.25,0.103564453125,401292522.0787727
11942,30.0,0.09493408203125,0.0
11943,30.0,0.103564453125,267020942.5903491
11944,26.25,0.11219482421875,401738589.42521566
11945,26.25,0.1208251953125,402184656.7716585
11946,30.0,0.11219482421875,267223311.2052539
11947,30.0,0.1208251953125,267425679.82015866
11948,26.25,0.12945556640625,402630724.1181015
11949,26.25,0.1380859375,403076791.4645445
11950,30.0,0.12945556640625,267628048.43506348
11951,30.0,0.1380859375,267830417.0499682
11952,26.25,0.14671630859375,403522858.81098735
11953,26.25,0.1553466796875,403968926.1574302
11954,30.0,0.14671630859375,268032785.66487306
11955,30.0,0.1553466796875,268235154.2797778
11956,26.25,0.16397705078125,404414993.50387317
11957,26.25,0.172607421875,404861060.8503161
11958,30.0,0.16397705078125,268437522.8946826
11959,30.0,0.172607421875,268639891.50958735
11960,26.25,0.18123779296875,405307128.196759
11961,26.25,0.1898681640625,405753195.5432019
11962,30.0,0.18123779296875,268842260.12449217
11963,30.0,0.1898681640625,269044628.7393969
11964,26.25,0.19849853515625,406199262.88964486
11965,26.25,0.2,406276867.2511901
11966,26.25,0.20712890625,406645330.23608774
11967,30.0,0.19849853515625,269246997.3543017
11968,30.0,0.2,269282204.3410532
11969,30.0,0.20712890625,269449365.9692065
11970,26.25,0.21575927734375,407091397.5825307
11971,26.25,0.2243896484375,407537464.92897356
11972,30.0,0.21575927734375,269651734.5841113
11973,30.0,0.2243896484375,269854103.19901603
11974,26.25,0.23302001953125,407983532.2754165
11975,26.25,0.241650390625,408429599.62185943
11976,30.0,0.23302001953125,270056471.81392086
11977,30.0,0.241650390625,270258840.4288256
11978,26.25,0.25028076171875,408875666.9683023
11979,26.25,0.2589111328125,409321734.3147453
11980,30.0,0.25028076171875,270461209.04373044
11981,30.0,0.2589111328125,270663577.6586352
11982,26.25,0.26754150390625,409767801.6611882
11983,26.25,0.276171875,410213869.0076312
11984,30.0,0.26754150390625,270865946.27353996
11985,30.0,0.276171875,271068314.8884448
11986,26.25,0.28480224609375,410659936.35407406
11987,26.25,0.2934326171875,411106003.700517
11988,30.0,0.28480224609375,271270683.50334954
11989,30.0,0.2934326171875,271473052.11825436
11990,26.25,0.30206298828125,413888894.53237283
11991,26.25,0.310693359375,424110903.91542447
11992,30.0,0.30206298828125,273117606.14523554
11993,30.0,0.310693359375,279353259.29468465
11994,26.25,0.3279541015625,444554922.68152803
11995,30.0,0.3279541015625,291824565.5935829
11996,26.25,0.34521484375,464998941.4476316
11997,30.0,0.34521484375,304295871.8924813
11998,26.25,0.379736328125,505886978.97983855
11999,30.0,0.379736328125,329238484.490278
12000,26.25,0.4142578125,546775016.5120455
12001,30.0,0.4142578125,354181097.0880746
12002,26.25,0.48330078125,628551091.5764594
12003,30.0,0.48330078125,404066322.2836679
12004,26.25,0.55234375,633918969.491824
12005,30.0,0.55234375,410111921.1213933
12006,26.25,0.6904296875,595901733.8580478
12007,30.0,0.6904296875,394230819.88939863
12008,26.25,0.8285156250000001,701650569.487378
12009,30.0,0.8285156250000001,458603727.91456056
12010,26.25,1.1046875,941320337.788776
12011,30.0,1.1046875,605888849.684285
12012,26.25,1.380859375,781247364.9116242
12013,26.25,1.65703125,900168364.874085
12014,30.0,1.380859375,525670101.5731051
12015,30.0,1.65703125,578304980.6974756
12016,26.25,1.933203125,793920889.7228606
12017,26.25,2.209375,900334848.1844423
12018,30.0,1.933203125,545572062.9383948
12019,30.0,2.209375,598208271.5608577
12020,26.25,2.485546875,827166484.2132274
12021,26.25,2.76171875,1010156839.2634164
12022,30.0,2.485546875,583052537.0580034
12023,30.0,2.76171875,734572625.9274385
12024,26.25,3.037890625,1107988975.2624698
12025,26.25,3.3140625,1259469155.9773428
12026,30.0,3.037890625,775905369.4253356
12027,30.0,3.3140625,871917967.1970382
12028,26.25,3.590234375000001,1044776107.5834421
12029,26.25,3.86640625,940646030.848251
12030,30.0,3.590234375000001,700605957.7063837
12031,30.0,3.86640625,627038673.8287292
12032,26.25,4.142578125,1166711351.788938
12033,26.25,4.41875,1221752760.606407
12034,30.0,4.142578125,818143362.4132688
12035,30.0,4.41875,852180199.5385122
12036,26.25,4.694921875,1303751317.8798256
12037,26.25,4.97109375,1510903783.6925375
12038,30.0,4.694921875,895112920.9047251
12039,30.0,4.97109375,1031814000.6695212
12040,26.25,5.247265625,1338861718.2701147
12041,26.25,5.5234375,1483773048.5780733
12042,30.0,5.247265625,915841625.5635129
12043,30.0,5.5234375,999402403.1137236
12044,26.25,5.799609375,1245994420.8732374
12045,26.25,6.07578125,1097640520.6870613
12046,30.0,5.799609375,792052262.5581139
12047,30.0,6.07578125,712562203.4408772
12048,26.25,6.351953125000001,1053085296.1312594
12049,26.25,6.628125000000001,1110385203.5420568
12050,30.0,6.351953125000001,722399231.1088089
12051,30.0,6.628125000000001,824221373.4659109
12052,26.25,6.904296875000001,1012248999.7811728
12053,26.25,7.180468750000001,1233629302.1649988
12054,30.0,6.904296875000001,735557555.9249399
12055,30.0,7.180468750000001,833185544.9648504
12056,26.25,7.456640625,1245908123.1393845
12057,26.25,7.732812500000001,1150557811.9850898
12058,30.0,7.456640625,854381597.1709323
12059,30.0,7.732812500000001,806728369.5172058
12060,26.25,8.008984375,1346194161.4058824
12061,26.25,8.28515625,1140614351.5899758
12062,30.0,8.008984375,928098228.39625
12063,30.0,8.28515625,803615759.8490236
12064,26.25,8.561328125,1296105375.8864346
12065,26.25,8.8375,1466149032.707873
12066,30.0,8.561328125,939566336.8615834
12067,30.0,8.8375,1034219881.7270391
12068,18.75,9.113671875000001,5994594642.509315
12069,18.75,9.38984375,5644263174.667757
12070,22.5,9.113671875000001,3285376467.470248
12071,22.5,9.38984375,3099045131.937998
12072,18.75,9.666015625,5505567307.859073
12073,18.75,9.9421875,6264723685.561525
12074,22.5,9.666015625,3024227421.234947
12075,22.5,9.9421875,3557704393.951559
12076,18.75,10.218359375,6009492144.094437
12077,18.75,10.49453125,5932137421.425728
12078,22.5,10.218359375,3355345073.1062956
12079,22.5,10.49453125,3511717918.404496
12080,18.75,10.770703125,6141672336.649784
12081,18.75,11.046875,6287275045.94569
12082,22.5,10.770703125,3549608148.5989957
12083,22.5,11.046875,3750733178.631549
12084,18.75,11.323046875,5841413126.995855
12085,18.75,11.59921875,6072783975.368891
12086,22.5,11.323046875,3397010187.1868744
12087,22.5,11.59921875,3598928387.152583
12088,18.75,11.875390625,5964108113.353272
12089,18.75,12.1515625,5908862320.415393
12090,22.5,11.875390625,3700942373.4005127
12091,22.5,12.1515625,3641052320.8885145
12092,18.75,12.427734375,5965553433.502814
12093,18.75,12.70390625,6519248621.547583
12094,22.5,12.427734375,3725249271.4478025
12095,22.5,12.70390625,3751407743.3948884
12096,18.75,12.980078125,5814020369.327335
12097,18.75,13.25625,5765952684.526887
12098,22.5,12.980078125,3462678637.7709427
12099,22.5,13.25625,3348305321.4157214
12100,18.75,13.532421875,6172899793.111326
12101,18.75,13.80859375,5890224084.682701
12102,22.5,13.532421875,4020659992.0281563
12103,22.5,13.80859375,3645162286.8699927
12104,18.75,14.084765625,6204708727.580942
12105,18.75,14.3609375,5819573503.875221
12106,22.5,14.084765625,3733222942.610166
12107,22.5,14.3609375,3437873693.6398354
12108,18.75,14.637109375,5454352978.30225
12109,18.75,14.91328125,5747236535.133485
12110,22.5,14.637109375,3217952295.53213
12111,22.5,14.91328125,3392835051.729018
12112,18.75,15.189453125,6012607767.685918
12113,18.75,15.465625,5846594807.382858
12114,22.5,15.189453125,3524991484.0531225
12115,22.5,15.465625,3614874683.234464
12116,18.75,15.741796875,6070368898.394658
12117,18.75,16.01796875,6184912168.402837
12118,22.5,15.741796875,3663886394.116865
12119,22.5,16.01796875,3690600848.4623322
12120,18.75,16.294140625,6042197200.883376
12121,18.75,16.5703125,5913733168.331127
12122,22.5,16.294140625,3588426163.2865086
12123,22.5,16.5703125,3413545464.5201035
12124,18.75,16.846484375,5662827272.798102
12125,18.75,17.12265625,5743214452.2255
12126,22.5,16.846484375,3446195153.5648637
12127,22.5,17.12265625,3470946754.6858068
12128,18.75,17.398828125,5560777827.433763
12129,18.75,17.675,5981126839.270449
12130,22.5,17.398828125,3416051278.0101414
12131,22.5,17.675,3595087175.695777
12132,26.25,9.113671875000001,1357284524.2683504
12133,26.25,9.38984375,1285090702.6314588
12134,30.0,9.113671875000001,991445044.7407866
12135,30.0,9.38984375,933663500.17136
12136,26.25,9.666015625,1243341356.666064
12137,26.25,9.9421875,1582905527.6082983
12138,30.0,9.666015625,863362936.2076669
12139,30.0,9.9421875,1072547511.7984462
12140,26.25,10.218359375,1431602454.6323447
12141,26.25,10.49453125,1715592335.6751738
12142,30.0,10.218359375,968668741.1867714
12143,30.0,10.49453125,1168054593.5296712
12144,26.25,10.770703125,1661839219.9682455
12145,26.25,11.046875,1860416804.0828028
12146,30.0,10.770703125,1182660810.177574
12147,30.0,11.046875,1262551415.0648453
12148,26.25,11.323046875,1587875010.3079174
12149,26.25,11.59921875,1761870330.07262
12150,30.0,11.323046875,1049275359.2890054
12151,30.0,11.59921875,1198407335.2653422
12152,26.25,11.875390625,1978234324.5689292
12153,26.25,12.1515625,1924282138.198767
12154,30.0,11.875390625,1336441657.979697
12155,30.0,12.1515625,1309591589.1832812
12156,26.25,12.427734375,1996385898.1115062
12157,26.25,12.70390625,1725146438.1016788
12158,30.0,12.427734375,1290404102.2126396
12159,30.0,12.70390625,1182044278.527435
12160,26.25,12.980078125,1719511649.7590306
12161,26.25,13.25625,1582233894.534527
12162,30.0,12.980078125,1192694148.836076
12163,30.0,13.25625,1119314340.1132727
12164,26.25,13.532421875,2324374862.101287
12165,26.25,13.80859375,1943357766.397018
12166,30.0,13.532421875,1539999074.4870205
12167,30.0,13.80859375,1328067800.603512
12168,26.25,14.084765625,1917047162.3525538
12169,26.25,14.3609375,1671160331.404119
12170,30.0,14.084765625,1411491391.5212693
12171,30.0,14.3609375,1134419865.1677392
12172,26.25,14.637109375,1571827146.0585625
12173,26.25,14.91328125,1656893892.3589504
12174,30.0,14.637109375,1106253063.1781
12175,30.0,14.91328125,1157873381.0576782
12176,26.25,15.189453125,1692210286.1539245
12177,26.25,15.465625,1926516953.4317129
12178,30.0,15.189453125,1169099259.7219217
12179,30.0,15.465625,1324884012.32025
12180,26.25,15.741796875,1881926994.7825944
12181,26.25,16.01796875,1840713835.433628
12182,30.0,15.741796875,1349013805.3353724
12183,30.0,16.01796875,1279675436.2285259
12184,26.25,16.294140625,1776895370.161617
12185,26.25,16.5703125,1595825081.8719342
12186,30.0,16.294140625,1249845065.980679
12187,30.0,16.5703125,1143039341.549473
12188,26.25,16.846484375,1785027755.277668
12189,26.25,17.12265625,1762877954.4990025
12190,30.0,16.846484375,1234789798.8825586
12191,30.0,17.12265625,1183206949.0179775
12192,26.25,17.398828125,1790404900.3530452
12193,26.25,17.675,1814069469.2132692
12194,30.0,17.398828125,1202918866.2290025
12195,30.0,17.675,1243095676.9150891
12196,3.75,17.951171875,20599565060.001324
12197,3.75,18.22734375,20056318967.572136
12198,7.5,17.951171875,17097373584.74679
12199,7.5,18.22734375,16826897199.518526
12200,3.75,18.503515625,20318926649.63444
12201,3.75,18.7796875,19951014367.39267
12202,7.5,18.503515625,16945433258.288618
12203,7.5,18.7796875,16523757087.159637
12204,3.75,19.055859375,18812946864.172775
12205,3.75,19.33203125,18725416091.647625
12206,7.5,19.055859375,15739154840.428192
12207,7.5,19.33203125,15641449832.031353
12208,3.75,19.608203125,17774136572.523315
12209,3.75,19.884375,17742076952.043583
12210,7.5,19.608203125,14864860125.488876
12211,7.5,19.884375,14987087287.707945
12212,3.75,20.160546875,16332600664.867622
12213,3.75,20.43671875,15525154283.539099
12214,7.5,20.160546875,13866834836.872557
12215,7.5,20.43671875,13189901705.049711
12216,3.75,20.712890625,15231082709.85191
12217,3.75,20.9890625,15175387613.833542
12218,7.5,20.712890625,12897247159.58267
12219,7.5,20.9890625,12863463551.692041
12220,3.75,21.265234375,14471291050.753065
12221,3.75,21.54140625,14198310187.573326
12222,7.5,21.265234375,12375362180.142385
12223,7.5,21.54140625,12151758918.049828
12224,3.75,21.817578125,13537821151.979143
12225,3.75,22.09375,12945059096.874014
12226,7.5,21.817578125,11537144446.301327
12227,7.5,22.09375,11146761588.860277
12228,3.75,22.369921875,12425635389.049477
12229,3.75,22.64609375,12446596564.339466
12230,7.5,22.369921875,10655441184.830809
12231,7.5,22.64609375,10806471260.621876
12232,3.75,22.922265625,11751980194.735638
12233,3.75,23.1984375,12047164004.243813
12234,7.5,22.922265625,10250160082.301964
12235,7.5,23.1984375,10372909487.080883
12236,3.75,23.474609375,11782020215.320873
12237,3.75,23.75078125,11702056605.340345
12238,7.5,23.474609375,10210000748.605505
12239,7.5,23.75078125,10134685942.846388
12240,3.75,24.026953125,11709904340.902905
12241,3.75,24.303125,11046735346.989056
12242,7.5,24.026953125,10119067485.574469
12243,7.5,24.303125,9514263197.434238
12244,3.75,24.579296875,11202459880.12676
12245,3.75,24.85546875,10417136741.460829
12246,7.5,24.579296875,9864854366.420988
12247,7.5,24.85546875,9158700448.778526
12248,3.75,25.131640625,9788843106.277506
12249,3.75,25.4078125,9923628588.929949
12250,7.5,25.131640625,8391477481.165853
12251,7.5,25.4078125,8750893856.122702
12252,3.75,25.683984375,9146494112.169695
12253,3.75,25.96015625,8564965532.746339
12254,7.5,25.683984375,7969514556.747172
12255,7.5,25.96015625,7495351013.459447
12256,3.75,26.236328125,8486707996.646774
12257,3.75,26.5125,8758647681.11502
12258,7.5,26.236328125,7414138864.576834
12259,7.5,26.5125,7660867855.641689
12260,11.25,17.951171875,12171555204.19575
12261,11.25,18.22734375,12165003331.28864
12262,15.0,17.951171875,7245736823.644706
12263,15.0,18.22734375,7503109463.058751
12264,11.25,18.503515625,12066842542.542467
12265,11.25,18.7796875,11605700291.990318
12266,15.0,18.503515625,7188251826.796318
12267,15.0,18.7796875,6687643496.820999
12268,11.25,19.055859375,11409260333.473076
12269,11.25,19.33203125,11093332659.307087
12270,15.0,19.055859375,7079365826.51796
12271,15.0,19.33203125,6545215486.582819
12272,11.25,19.608203125,10683841476.488869
12273,11.25,19.884375,10892050808.234156
12274,15.0,19.608203125,6502822827.48886
12275,15.0,19.884375,6797014328.760366
12276,11.25,20.160546875,10283074439.431335
12277,11.25,20.43671875,10021269306.60601
12278,15.0,20.160546875,6699314041.99011
12279,15.0,20.43671875,6852636908.162306
12280,11.25,20.712890625,9696457615.653238
12281,11.25,20.9890625,9739602131.10604
12282,15.0,20.712890625,6495668071.723805
12283,15.0,20.9890625,6615740710.520039
12284,11.25,21.265234375,9496681226.527838
12285,11.25,21.54140625,9199735173.46281
12286,15.0,21.265234375,6618000272.913289
12287,15.0,21.54140625,6247711428.875796
12288,11.25,21.817578125,8754838386.518936
12289,11.25,22.09375,8660501486.747665
12290,15.0,21.817578125,5972532326.736547
12291,15.0,22.09375,6174241384.635054
12292,11.25,22.369921875,8494127405.119501
12293,11.25,22.64609375,8607403695.0998
12294,15.0,22.369921875,6332813625.408193
12295,15.0,22.64609375,6408336129.5777235
12296,11.25,22.922265625,8075872918.277179
12297,11.25,23.1984375,7848089051.429679
12298,15.0,22.922265625,5901585754.252392
12299,15.0,23.1984375,5323268615.778478
12300,11.25,23.474609375,7863283942.784565
12301,11.25,23.75078125,7820454263.016885
12302,15.0,23.474609375,5516567136.963625
12303,15.0,23.75078125,5506222583.187382
12304,11.25,24.026953125,7610666984.894067
12305,11.25,24.303125,7247185400.082411
12306,15.0,24.026953125,5102266484.213665
12307,15.0,24.303125,4980107602.730583
12308,11.25,24.579296875,7724572354.888154
12309,11.25,24.85546875,7225100242.012869
12310,15.0,24.579296875,5584290343.355318
12311,15.0,24.85546875,5291500035.2472105
12312,11.25,25.131640625,6506637469.542244
12313,11.25,25.4078125,6911078778.391381
12314,15.0,25.131640625,4621797457.918635
12315,15.0,25.4078125,5071263700.660062
12316,11.25,25.683984375,6272310125.010935
12317,11.25,25.96015625,6040390597.4086485
12318,15.0,25.683984375,4575105693.274696
12319,15.0,25.96015625,4585430181.357849
12320,11.25,26.236328125,5811911538.78401
12321,11.25,26.5125,5961406742.3258705
12322,15.0,26.236328125,4209684212.991187
12323,15.0,26.5125,4261945629.0100493
12324,3.75,26.788671875,7884669163.781031
12325,3.75,27.06484375,7383689422.032209
12326,7.5,26.788671875,6930626169.605819
12327,7.5,27.06484375,6419698374.488926
12328,3.75,27.341015625,8132547984.132497
12329,3.75,27.6171875,7648700362.943747
12330,7.5,27.341015625,7079155190.765094
12331,7.5,27.6171875,6815758848.772335
12332,3.75,27.893359375,7256845557.754546
12333,3.75,28.16953125000001,6891383304.078043
12334,7.5,27.893359375,6484550192.794116
12335,7.5,28.16953125000001,6194383574.428343
12336,3.75,28.445703125,6752826940.992771
12337,3.75,28.721875,6511229885.512882
12338,7.5,28.445703125,6047257411.785204
12339,7.5,28.721875,5846397211.623743
12340,3.75,28.998046875,6543385806.510563
12341,3.75,29.27421875,6716436077.041641
12342,7.5,28.998046875,5773587140.538717
12343,7.5,29.27421875,5906557015.887096
12344,3.75,29.550390625,6353837990.497849
12345,3.75,29.8265625,6014806610.246731
12346,7.5,29.550390625,5597480057.629665
12347,7.5,29.8265625,5438310513.647417
12348,3.75,30.102734375,5608685514.515508
12349,3.75,30.37890625,5701546238.470949
12350,7.5,30.102734375,5050607423.276443
12351,7.5,30.37890625,5104212097.617203
12352,3.75,30.655078125,5599914136.432625
12353,3.75,30.93125,6155732026.768332
12354,7.5,30.655078125,5002984301.25883
12355,7.5,30.93125,5440229581.317818
12356,3.75,31.207421875,5479698192.389051
12357,3.75,31.48359375,5315884774.093844
12358,7.5,31.207421875,4934612223.504388
12359,7.5,31.48359375,4707258864.532398
12360,3.75,31.759765625,4924795936.1094475
12361,3.75,32.0359375,4895660006.615158
12362,7.5,31.759765625,4363592119.382537
12363,7.5,32.0359375,4458680351.912479
12364,3.75,32.31210937500001,5186334656.911369
12365,3.75,32.58828125,4801758524.401786
12366,7.5,32.31210937500001,4781801875.355676
12367,7.5,32.58828125,4395419291.170497
12368,3.75,32.864453125,4336481912.880354
12369,3.75,33.140625,4686615336.275239
12370,7.5,32.864453125,4045879183.899064
12371,7.5,33.140625,4338748296.395812
12372,3.75,33.416796875,4384001689.866904
12373,3.75,33.69296875,4676137901.49282
12374,7.5,33.416796875,4021655588.2155485
12375,7.5,33.69296875,4227871162.679906
12376,3.75,33.96914062499999,4219063591.9505854
12377,3.75,34.2453125,3994701645.862359
12378,7.5,33.96914062499999,3778729529.0821996
12379,7.5,34.2453125,3728366087.3989143
12380,3.75,34.521484375,3936163762.035744
12381,3.75,34.79765625,3956426122.349028
12382,7.5,34.521484375,3549383720.936675
12383,7.5,34.79765625,3555457642.711763
12384,3.75,35.07382812500001,3991873382.193632
12385,3.75,35.35,3501148412.9514656
12386,7.5,35.07382812500001,3584359342.2131114
12387,7.5,35.35,3168103196.087512
12388,11.25,26.788671875,5590108993.669164
12389,11.25,27.06484375,5159895915.774765
12390,15.0,26.788671875,4249591817.732508
12391,15.0,27.06484375,3900093457.060604
12392,11.25,27.341015625,5438128206.365108
12393,11.25,27.6171875,5488366894.680925
12394,15.0,27.341015625,3797101221.965122
12395,15.0,27.6171875,4160974940.5895166
12396,11.25,27.893359375,5126349542.952801
12397,11.25,28.16953125000001,5026040391.270479
12398,15.0,27.893359375,3768148893.1114855
12399,15.0,28.16953125000001,3857697208.1126146
12400,11.25,28.445703125,5024177438.973353
12401,11.25,28.721875,4880363657.2871065
12402,15.0,28.445703125,4001097466.1615014
12403,15.0,28.721875,3914330102.950468
12404,11.25,28.998046875,4658794169.165309
12405,11.25,29.27421875,4569804312.17347
12406,15.0,28.998046875,3544001197.791902
12407,15.0,29.27421875,3233051608.459842
12408,11.25,29.550390625,4406200149.187162
12409,11.25,29.8265625,4500356108.1720295
12410,15.0,29.550390625,3214920240.7446585
12411,15.0,29.8265625,3562401702.6966434
12412,11.25,30.102734375,4214338795.4855356
12413,11.25,30.37890625,4201596758.904989
12414,15.0,30.102734375,3378070167.6946282
12415,15.0,30.37890625,3298981420.1927743
12416,11.25,30.655078125,4042235349.3778896
12417,11.25,30.93125,4299821083.852598
12418,15.0,30.655078125,3081486397.4969487
12419,15.0,30.93125,3159412586.387379
12420,11.25,31.207421875,4019834263.5957465
12421,11.25,31.48359375,3782745294.723591
12422,15.0,31.207421875,3105056303.687105
12423,15.0,31.48359375,2858231724.914784
12424,11.25,31.759765625,3602598602.6079965
12425,11.25,32.0359375,3747504807.624136
12426,15.0,31.759765625,2841605085.8334546
12427,15.0,32.0359375,3036329263.335793
12428,11.25,32.31210937500001,4028080532.6324716
12429,11.25,32.58828125,3711144416.6928234
12430,15.0,32.31210937500001,3274359189.9092674
12431,15.0,32.58828125,3026869542.2151504
12432,11.25,32.864453125,3587820880.0396028
12433,11.25,33.140625,3711324109.1155944
12434,15.0,32.864453125,3129762576.1801405
12435,15.0,33.140625,3083899921.8353767
12436,11.25,33.416796875,3488214757.122166
12437,11.25,33.69296875,3487990523.8673096
12438,15.0,33.416796875,2954773926.028784
12439,15.0,33.69296875,2748109885.0547137
12440,11.25,33.96914062499999,3111057895.3078723
12441,11.25,34.2453125,3245649798.7555013
12442,15.0,33.96914062499999,2443386261.533545
12443,15.0,34.2453125,2762933510.112088
12444,11.25,34.521484375,2896133113.0075345
12445,11.25,34.79765625,2863048483.143237
12446,15.0,34.521484375,2242882505.0783954
12447,15.0,34.79765625,2170639323.574712
12448,11.25,35.07382812500001,2965015051.371011
12449,11.25,35.35,2726060143.870712
12450,15.0,35.07382812500001,2345670760.528909
12451,15.0,35.35,2284017091.6539116
12452,18.75,17.951171875,5269346942.749544
12453,18.75,18.22734375,5502643981.705246
12454,22.5,17.951171875,3292957061.854382
12455,22.5,18.22734375,3502178500.35174
12456,18.75,18.503515625,5285111538.767694
12457,18.75,18.7796875,4865697878.818264
12458,22.5,18.503515625,3381971250.7390714
12459,22.5,18.7796875,3043752260.8155293
12460,18.75,19.055859375,5202026834.84811
12461,18.75,19.33203125,4819750895.918941
12462,22.5,19.055859375,3324687843.178261
12463,22.5,19.33203125,3094286305.2550626
12464,18.75,19.608203125,4907048722.694907
12465,18.75,19.884375,4998802216.921864
12466,22.5,19.608203125,3311274617.900953
12467,22.5,19.884375,3200590105.0833597
12468,18.75,20.160546875,5036484864.267715
12469,18.75,20.43671875,5150390970.484782
12470,22.5,20.160546875,3373655686.5453215
12471,22.5,20.43671875,3448145032.8072577
12472,18.75,20.712890625,4940955521.178862
12473,18.75,20.9890625,4930590242.440276
12474,22.5,20.712890625,3386242970.6339164
12475,22.5,20.9890625,3245439774.3605165
12476,18.75,21.265234375,4849286708.525969
12477,18.75,21.54140625,4592277295.26882
12478,22.5,21.265234375,3080573144.138648
12479,22.5,21.54140625,2936843161.6618423
12480,18.75,21.817578125,4395757853.855489
12481,18.75,22.09375,4510591516.097211
12482,22.5,21.817578125,2818983380.97443
12483,22.5,22.09375,2846941647.559369
12484,18.75,22.369921875,4602916716.931329
12485,18.75,22.64609375,4641105147.789031
12486,22.5,22.369921875,2873019808.4544635
12487,22.5,22.64609375,2873874166.00034
12488,18.75,22.922265625,4275352118.2289896
12489,18.75,23.1984375,4045213819.2193604
12490,22.5,22.922265625,2649118482.2055874
12491,22.5,23.1984375,2767159022.660244
12492,18.75,23.474609375,4127927045.012247
12493,18.75,23.75078125,4094356783.4158964
12494,22.5,23.474609375,2739286953.0608683
12495,22.5,23.75078125,2682490983.644412
12496,18.75,24.026953125,3826328515.7899704
12497,18.75,24.303125,3735457119.7049494
12498,22.5,24.026953125,2550390547.366276
12499,22.5,24.303125,2490806636.6793156
12500,18.75,24.579296875,4288877024.6733522
12501,18.75,24.85546875,4037299629.7838316
12502,22.5,24.579296875,2993463705.991386
12503,22.5,24.85546875,2783099224.3204517
12504,18.75,25.131640625,3572533063.9249244
12505,18.75,25.4078125,3822070241.0409875
12506,22.5,25.131640625,2523268669.9312124
12507,22.5,25.4078125,2572876781.421913
12508,18.75,25.683984375,3523681503.5316453
12509,18.75,25.96015625,3449085181.70692
12510,22.5,25.683984375,2472257313.7885947
12511,22.5,25.96015625,2312740182.055991
12512,18.75,26.236328125,3241583071.0797954
12513,18.75,26.5125,3208925478.1785254
12514,22.5,26.236328125,2273481929.1684036
12515,22.5,26.5125,2155905327.3470016
12516,26.25,17.951171875,1790159887.2955585
12517,26.25,18.22734375,1955467281.6451132
12518,30.0,17.951171875,1234548125.4094102
12519,30.0,18.22734375,1316264588.2322438
12520,26.25,18.503515625,1914942651.7592099
12521,26.25,18.7796875,1647972371.135693
12522,30.0,18.503515625,1320137430.876872
12523,30.0,18.7796875,1104523938.1016536
12524,26.25,19.055859375,1907522395.999177
12525,26.25,19.33203125,1757835492.5675836
12526,30.0,19.055859375,1410704037.8016255
12527,30.0,19.33203125,1199412235.8329024
12528,26.25,19.608203125,2037127744.7089446
12529,26.25,19.884375,1825321740.3679292
12530,30.0,19.608203125,1406235334.7208264
12531,30.0,19.884375,1295940869.8986454
12532,26.25,20.160546875,2050141262.8262608
12533,26.25,20.43671875,2076456661.5704267
12534,30.0,20.160546875,1405256347.1138685
12535,30.0,20.43671875,1365883423.2149816
12536,26.25,20.712890625,2131008600.0788467
12537,26.25,20.9890625,1923268626.5590878
12538,30.0,20.712890625,1474730589.5035264
12539,30.0,20.9890625,1327056119.3143234
12540,26.25,21.265234375,1740151679.5086334
12541,26.25,21.54140625,1651342726.3753529
12542,30.0,21.265234375,1256314414.3932314
12543,30.0,21.54140625,1105709687.7298398
12544,26.25,21.817578125,1597714980.5016372
12545,26.25,22.09375,1563185228.7436392
12546,30.0,21.817578125,1087458724.845377
12547,30.0,22.09375,1039215709.3721349
12548,26.25,22.369921875,1560984008.7266858
12549,26.25,22.64609375,1540993562.310668
12550,30.0,22.369921875,1084670426.497083
12551,30.0,22.64609375,1076813714.8190348
12552,26.25,22.922265625,1417153647.4213438
12553,26.25,23.1984375,1737898673.7952106
12554,30.0,22.922265625,973726415.115416
12555,30.0,23.1984375,1206227220.3183448
12556,26.25,23.474609375,1645769484.8748088
12557,26.25,23.75078125,1607270900.5403206
12558,30.0,23.474609375,1142497264.2193859
12559,30.0,23.75078125,1205342250.7710166
12560,26.25,24.026953125,1558736008.5478406
12561,26.25,24.303125,1529110099.3113406
12562,30.0,24.026953125,1135648328.9399266
12563,30.0,24.303125,1133321453.2586827
12564,26.25,24.579296875,1946650636.3905005
12565,26.25,24.85546875,1807778688.8383412
12566,30.0,24.579296875,1397038064.9517756
12567,30.0,24.85546875,1390217893.3187683
12568,26.25,25.131640625,1684396785.4637036
12569,26.25,25.4078125,1605287256.8389847
12570,30.0,25.131640625,1266309920.0486004
12571,30.0,25.4078125,1200905602.3283486
12572,26.25,25.683984375,1614209811.0613372
12573,26.25,25.96015625,1438751542.7036026
12574,30.0,25.683984375,1142915682.3656669
12575,30.0,25.96015625,1089475623.9482934
12576,26.25,26.236328125,1493912746.632849
12577,26.25,26.5125,1329982174.2267463
12578,30.0,26.236328125,1091407482.848969
12579,30.0,26.5125,958253016.5290291
12580,18.75,26.788671875,3287832432.2668185
12581,18.75,27.06484375,3159211650.513624
12582,22.5,26.788671875,2326073046.8011284
12583,22.5,27.06484375,2418329843.9666443
12584,18.75,27.341015625,3054825473.7561913
12585,18.75,27.6171875,3269234695.053591
12586,22.5,27.341015625,2312549725.5472608
12587,22.5,27.6171875,2377494449.517665
12588,18.75,27.893359375,2999827734.842688
12589,18.75,28.16953125000001,3080637544.7314787
12590,22.5,27.893359375,2231506576.57389
12591,22.5,28.16953125000001,2303577881.3503428
12592,18.75,28.445703125,3122676270.475956
12593,18.75,28.721875,3026470410.695874
12594,22.5,28.445703125,2244255074.79041
12595,22.5,28.721875,2138610718.441279
12596,18.75,28.998046875,2744042880.0473146
12597,18.75,29.27421875,2554394985.105066
12598,22.5,28.998046875,1944084562.302727
12599,22.5,29.27421875,1875738361.750289
12600,18.75,29.550390625,2606425974.1003604
12601,18.75,29.8265625,2727914529.810551
12602,22.5,29.550390625,1997931707.4560618
12603,22.5,29.8265625,1893427356.924459
12604,18.75,30.102734375,2644822982.8053894
12605,18.75,30.37890625,2534481150.1686974
12606,22.5,30.102734375,1911575797.916151
12607,22.5,30.37890625,1769980880.14462
12608,18.75,30.655078125,2463172438.933395
12609,18.75,30.93125,2415952853.3163123
12610,22.5,30.655078125,1844858480.369842
12611,22.5,30.93125,1672493120.2452457
12612,18.75,31.207421875,2400503198.080793
12613,18.75,31.48359375,2308315215.9182477
12614,22.5,31.207421875,1695950092.4744806
12615,22.5,31.48359375,1758398706.9217122
12616,18.75,31.759765625,2297362938.090816
12617,18.75,32.0359375,2373999972.883921
12618,22.5,31.759765625,1753120790.348177
12619,22.5,32.0359375,1711670682.4320493
12620,18.75,32.31210937500001,2484057300.2075663
12621,18.75,32.58828125,2386922050.504119
12622,22.5,32.31210937500001,1693755410.5058646
12623,22.5,32.58828125,1746974558.793088
12624,18.75,32.864453125,2444325752.681252
12625,18.75,33.140625,2420443541.1411686
12626,22.5,32.864453125,1758888929.182363
12627,22.5,33.140625,1756987160.4469595
12628,18.75,33.416796875,2297271229.3996
12629,18.75,33.69296875,2058606584.8439882
12630,22.5,33.416796875,1639768532.7704165
12631,22.5,33.69296875,1369103284.633263
12632,18.75,33.96914062499999,1936607742.3216586
12633,18.75,34.2453125,2082765279.3326766
12634,22.5,33.96914062499999,1429829223.109772
12635,22.5,34.2453125,1402597048.5532653
12636,18.75,34.521484375,1691405055.694087
12637,18.75,34.79765625,1635830008.7416792
12638,22.5,34.521484375,1139927606.309779
12639,22.5,34.79765625,1101020693.9086473
12640,18.75,35.07382812500001,1765911958.9495375
12641,18.75,35.35,1752870138.6420126
12642,22.5,35.07382812500001,1186153157.3701658
12643,22.5,35.35,1221723185.6301136
12644,26.25,26.788671875,1550746568.1838415
12645,26.25,27.06484375,1753201523.5063138
12646,30.0,26.788671875,1148285903.2633579
12647,30.0,27.06484375,1239580175.2192829
12648,26.25,27.341015625,1666436083.995603
12649,26.25,27.6171875,1618210707.5562534
12650,30.0,27.341015625,1212646655.7584908
12651,30.0,27.6171875,1123839972.7438698
12652,26.25,27.893359375,1564013572.3044255
12653,26.25,28.16953125000001,1615220205.0713305
12654,30.0,27.893359375,1098176876.033626
12655,30.0,28.16953125000001,1104266502.9965663
12656,26.25,28.445703125,1505132873.843107
12657,26.25,28.721875,1411638329.8662326
12658,30.0,28.445703125,1044608662.3722882
12659,30.0,28.721875,1006440548.6502829
12660,26.25,28.998046875,1288334724.2129214
12661,26.25,29.27421875,1298443321.538999
12662,30.0,28.998046875,921001845.4326789
12663,30.0,29.27421875,923871447.6146826
12664,26.25,29.550390625,1451105177.7310233
12665,26.25,29.8265625,1218998972.83072
12666,30.0,29.550390625,1027614121.8445036
12667,30.0,29.8265625,864688166.3216865
12668,26.25,30.102734375,1299656210.3789132
12669,26.25,30.37890625,1139213832.573765
12670,30.0,30.102734375,930391817.5456778
12671,30.0,30.37890625,775913229.9093543
12672,26.25,30.655078125,1292636470.5870152
12673,26.25,30.93125,1076067045.782686
12674,30.0,30.655078125,872598358.3656409
12675,30.0,30.93125,773708288.5371404
12676,26.25,31.207421875,1108348405.3918004
12677,26.25,31.48359375,1251029239.137067
12678,30.0,31.207421875,754649555.3563851
12679,30.0,31.48359375,828753853.7762041
12680,26.25,31.759765625,1255836377.1054518
12681,26.25,32.0359375,1155355537.4320805
12682,30.0,31.759765625,852467432.8625542
12683,30.0,32.0359375,811068683.3359178
12684,26.25,32.31210937500001,1075417766.455207
12685,26.25,32.58828125,1204317683.434183
12686,30.0,32.31210937500001,801008613.7066363
12687,30.0,32.58828125,856242040.7795285
12688,26.25,32.864453125,1173893027.214915
12689,26.25,33.140625,1183494380.910885
12690,30.0,32.864453125,789778968.3103484
12691,30.0,33.140625,789928803.6910791
12692,26.25,33.416796875,1082701503.4142072
12693,26.25,33.69296875,840900304.4718667
12694,30.0,33.416796875,726505808.6039467
12695,30.0,33.69296875,635297964.4091288
12696,26.25,33.96914062499999,991519044.9800367
12697,26.25,34.2453125,863963805.8859332
12698,30.0,33.96914062499999,690145549.014604
12699,30.0,34.2453125,608400539.4427595
12700,26.25,34.521484375,704180081.0325181
12701,26.25,34.79765625,683370112.3320501
12702,30.0,34.521484375,499892403.9693527
12703,30.0,34.79765625,500036997.2683227
12704,26.25,35.07382812500001,726181180.9732858
12705,26.25,35.35,796633081.6080654
12706,30.0,35.07382812500001,505782854.94138885
12707,30.0,35.35,583656675.5657188
12708,33.75,0.0172607421875,0.0
12709,33.75,-0.0,0.0
12710,33.75,0.034521484375,0.0
12711,37.5,0.0172607421875,0.0
12712,37.5,-0.0,0.0
12713,37.5,0.034521484375,0.0
12714,33.75,0.05178222656250001,0.0
12715,33.75,0.06904296875,0.0
12716,37.5,0.05178222656250001,0.0
12717,37.5,0.06904296875,0.0
12718,33.75,0.0863037109375,0.0
12719,37.5,0.0863037109375,0.0
12720,33.75,0.09493408203125,0.0
12721,33.75,0.103564453125,132749363.10192549
12722,37.5,0.09493408203125,0.0
12723,37.5,0.103564453125,68880732.76513885
12724,33.75,0.11219482421875,132708032.98529215
12725,33.75,0.1208251953125,132666702.86865878
12726,37.5,0.11219482421875,68880814.53566003
12727,37.5,0.1208251953125,68880896.30618119
12728,33.75,0.12945556640625,132625372.75202543
12729,33.75,0.1380859375,132584042.63539207
12730,37.5,0.12945556640625,68880978.07670239
12731,37.5,0.1380859375,68881059.84722355
12732,33.75,0.14671630859375,132542712.51875873
12733,33.75,0.1553466796875,132501382.40212536
12734,37.5,0.14671630859375,68881141.61774474
12735,37.5,0.1553466796875,68881223.38826592
12736,33.75,0.16397705078125,132460052.28549203
12737,33.75,0.172607421875,132418722.16885866
12738,37.5,0.16397705078125,68881305.1587871
12739,37.5,0.172607421875,68881386.92930828
12740,33.75,0.18123779296875,132377392.0522253
12741,33.75,0.1898681640625,132336061.93559195
12742,37.5,0.18123779296875,68881468.69982947
12743,37.5,0.1898681640625,68881550.47035064
12744,33.75,0.19849853515625,132294731.81895861
12745,33.75,0.2,132287541.43091631
12746,33.75,0.20712890625,132253401.70232524
12747,37.5,0.19849853515625,68881632.24087182
12748,37.5,0.2,68881646.46686065
12749,37.5,0.20712890625,68881714.011393
12750,33.75,0.21575927734375,132212071.5856919
12751,33.75,0.2243896484375,132170741.46905854
12752,37.5,0.21575927734375,68881795.78191416
12753,37.5,0.2243896484375,68881877.55243535
12754,33.75,0.23302001953125,132129411.35242519
12755,33.75,0.241650390625,132088081.23579183
12756,37.5,0.23302001953125,68881959.32295653
12757,37.5,0.241650390625,68882041.09347771
12758,33.75,0.25028076171875,132046751.11915848
12759,33.75,0.2589111328125,132005421.00252512
12760,37.5,0.25028076171875,68882122.86399889
12761,37.5,0.2589111328125,68882204.63452007
12762,33.75,0.26754150390625,131964090.88589175
12763,33.75,0.276171875,131922760.76925841
12764,37.5,0.26754150390625,68882286.40504125
12765,37.5,0.276171875,68882368.17556243
12766,33.75,0.28480224609375,131881430.65262505
12767,33.75,0.2934326171875,131840100.5359917
12768,37.5,0.28480224609375,68882449.9460836
12769,37.5,0.2934326171875,68882531.71660478
12770,33.75,0.30206298828125,132346317.75809826
12771,33.75,0.310693359375,134595614.6739448
12772,37.5,0.30206298828125,69171106.18404876
12773,37.5,0.310693359375,70378077.52098657
12774,33.75,0.3279541015625,139094208.50563797
12775,37.5,0.3279541015625,72792020.19486222
12776,33.75,0.34521484375,143592802.33733112
12777,37.5,0.34521484375,75205962.86873788
12778,33.75,0.379736328125,152589990.00071746
12779,37.5,0.379736328125,80033848.21648917
12780,33.75,0.4142578125,161587177.66410375
12781,37.5,0.4142578125,84861733.56424046
12782,33.75,0.48330078125,179581552.99087632
12783,37.5,0.48330078125,94517504.25974303
12784,33.75,0.55234375,186304872.75096262
12785,37.5,0.55234375,98312094.76835093
12786,33.75,0.6904296875,192559905.9207495
12787,37.5,0.6904296875,102161492.90512276
12788,33.75,0.8285156250000001,215556886.3417433
12789,37.5,0.8285156250000001,108827711.1284252
12790,33.75,1.1046875,270457361.57979417
12791,37.5,1.1046875,128037486.14675187
12792,33.75,1.380859375,270092838.2345861
12793,33.75,1.65703125,256441596.52086604
12794,37.5,1.380859375,151346659.19154003
12795,37.5,1.65703125,131134790.65569544
12796,33.75,1.933203125,297223236.15392905
12797,33.75,2.209375,296081694.937273
12798,37.5,1.933203125,167916965.2435317
12799,37.5,2.209375,163671111.22283453
12800,33.75,2.485546875,338938589.9027795
12801,33.75,2.76171875,458988412.59146047
12802,37.5,2.485546875,210292310.5171943
12803,37.5,2.76171875,296010835.6822063
12804,33.75,3.037890625,443821763.5882013
12805,33.75,3.3140625,484366778.4167336
12806,37.5,3.037890625,270594094.7740587
12807,37.5,3.3140625,281429453.62087774
12808,33.75,3.590234375000001,356435807.82932526
12809,33.75,3.86640625,313431316.80920744
12810,37.5,3.590234375000001,186737094.36103106
12811,37.5,3.86640625,171679867.07666582
12812,33.75,4.142578125,469575373.0375997
12813,33.75,4.41875,482607638.47061765
12814,37.5,4.142578125,279357408.9171738
12815,37.5,4.41875,286449130.3440776
12816,33.75,4.694921875,486474523.9296246
12817,33.75,4.97109375,552724217.6465052
12818,37.5,4.694921875,273151615.46933174
12819,37.5,4.97109375,308657605.3423311
12820,33.75,5.247265625,492821532.8569112
12821,33.75,5.5234375,515031757.6493743
12822,37.5,5.247265625,272644811.1396936
12823,37.5,5.5234375,268995887.0411085
12824,33.75,5.799609375,338110104.2429908
12825,33.75,6.07578125,327483886.19469327
12826,37.5,5.799609375,152244181.58339313
12827,37.5,6.07578125,184753547.78240877
12828,33.75,6.351953125000001,391713166.08635837
12829,33.75,6.628125000000001,538057543.389765
12830,37.5,6.351953125000001,224165675.7265737
12831,37.5,6.628125000000001,340242739.42763865
12832,33.75,6.904296875000001,458866112.06870705
12833,33.75,7.180468750000001,432741787.7647022
12834,37.5,6.904296875000001,288589111.0391982
12835,37.5,7.180468750000001,240852131.14831558
12836,33.75,7.456640625,462855071.2024799
12837,33.75,7.732812500000001,462898927.0493218
12838,37.5,7.456640625,263353539.0893583
12839,37.5,7.732812500000001,278796246.71444315
12840,33.75,8.008984375,510002295.3866175
12841,33.75,8.28515625,466617168.10807127
12842,37.5,8.008984375,300400148.0990581
12843,37.5,8.28515625,278255308.6695325
12844,33.75,8.561328125,583027297.8367319
12845,33.75,8.8375,602290730.7462049
12846,37.5,8.561328125,363255576.45445025
12847,37.5,8.8375,377812647.9473562
12848,41.25,0.0172607421875,0.0
12849,41.25,-0.0,0.0
12850,41.25,0.034521484375,0.0
12851,45.0,0.0172607421875,0.0
12852,45.0,-0.0,0.0
12853,45.0,0.034521484375,0.0
12854,41.25,0.05178222656250001,0.0
12855,41.25,0.06904296875,0.0
12856,45.0,0.05178222656250001,0.0
12857,45.0,0.06904296875,0.0
12858,41.25,0.0863037109375,0.0
12859,45.0,0.0863037109375,0.0
12860,41.25,0.09493408203125,0.0
12861,41.25,0.103564453125,40213577.00417069
12862,45.0,0.09493408203125,0.0
12863,45.0,0.103564453125,11546421.243202543
12864,41.25,0.11219482421875,40397625.97119274
12865,41.25,0.1208251953125,40581674.93821479
12866,45.0,0.11219482421875,11914437.406725459
12867,45.0,0.1208251953125,12282453.570248371
12868,41.25,0.12945556640625,40765723.905236825
12869,41.25,0.1380859375,40949772.87225889
12870,45.0,0.12945556640625,12650469.733771287
12871,45.0,0.1380859375,13018485.897294201
12872,41.25,0.14671630859375,41133821.83928093
12873,41.25,0.1553466796875,41317870.80630297
12874,45.0,0.14671630859375,13386502.060817117
12875,45.0,0.1553466796875,13754518.224340029
12876,41.25,0.16397705078125,41501919.773325026
12877,41.25,0.172607421875,41685968.74034707
12878,45.0,0.16397705078125,14122534.387862943
12879,45.0,0.172607421875,14490550.551385859
12880,41.25,0.18123779296875,41870017.70736912
12881,41.25,0.1898681640625,42054066.674391165
12882,45.0,0.18123779296875,14858566.714908775
12883,45.0,0.1898681640625,15226582.878431689
12884,41.25,0.19849853515625,42238115.641413204
12885,41.25,0.2,42270135.47584562
12886,41.25,0.20712890625,42422164.60843526
12887,45.0,0.19849853515625,15594599.041954601
12888,45.0,0.2,15658624.484830584
12889,45.0,0.20712890625,15962615.205477517
12890,41.25,0.21575927734375,42606213.5754573
12891,41.25,0.2243896484375,42790262.54247935
12892,45.0,0.21575927734375,16330631.369000431
12893,45.0,0.2243896484375,16698647.532523345
12894,41.25,0.23302001953125,42974311.5095014
12895,41.25,0.241650390625,43158360.47652344
12896,45.0,0.23302001953125,17066663.696046263
12897,45.0,0.241650390625,17434679.859569177
12898,41.25,0.25028076171875,43342409.44354549
12899,41.25,0.2589111328125,43526458.41056754
12900,45.0,0.25028076171875,17802696.02309209
12901,45.0,0.2589111328125,18170712.186615005
12902,41.25,0.26754150390625,43710507.37758958
12903,41.25,0.276171875,43894556.34461163
12904,45.0,0.26754150390625,18538728.35013792
12905,45.0,0.276171875,18906744.513660833
12906,41.25,0.28480224609375,44078605.31163368
12907,41.25,0.2934326171875,44262654.27865572
12908,45.0,0.28480224609375,19274760.677183747
12909,45.0,0.2934326171875,19642776.84070666
12910,41.25,0.30206298828125,44793933.016543135
12911,41.25,0.310693359375,46430594.10191912
12912,45.0,0.30206298828125,20416759.849037524
12913,45.0,0.310693359375,22483110.682851672
12914,41.25,0.3279541015625,49703916.2726711
12915,45.0,0.3279541015625,26615812.350479975
12916,41.25,0.34521484375,52977238.44342308
12917,45.0,0.34521484375,30748514.01810828
12918,41.25,0.379736328125,59523882.784927025
12919,45.0,0.379736328125,39013917.353364885
12920,41.25,0.4142578125,66070527.12643096
12921,45.0,0.4142578125,47279320.68862148
12922,41.25,0.48330078125,79163815.80943885
12923,45.0,0.48330078125,63810127.359134674
12924,41.25,0.55234375,78226451.97964878
12925,45.0,0.55234375,58140809.190946616
12926,41.25,0.6904296875,67399330.36600722
12927,45.0,0.6904296875,32637167.82689169
12928,41.25,0.8285156250000001,70257369.09485671
12929,45.0,0.8285156250000001,31687027.061288208
12930,41.25,1.1046875,82123417.04943392
12931,45.0,1.1046875,36209347.952115975
12932,41.25,1.380859375,101016022.29623035
12933,41.25,1.65703125,104106273.9462443
12934,45.0,1.380859375,50685385.40092069
12935,45.0,1.65703125,77077757.23679315
12936,41.25,1.933203125,98131972.27016851
12937,41.25,2.209375,116118523.96296914
12938,45.0,1.933203125,28346979.29680529
12939,45.0,2.209375,68565936.70310372
12940,41.25,2.485546875,139379865.01642844
12941,41.25,2.76171875,189336576.98631403
12942,45.0,2.485546875,68467419.51566254
12943,45.0,2.76171875,82662318.29042174
12944,41.25,3.037890625,176794394.47141182
12945,41.25,3.3140625,170799060.81724617
12946,45.0,3.037890625,82994694.16876501
12947,45.0,3.3140625,60168668.01361454
12948,41.25,3.590234375000001,104274099.09711888
12949,41.25,3.86640625,115856370.98761429
12950,45.0,3.590234375000001,21811103.833206758
12951,45.0,3.86640625,60032874.89856275
12952,41.25,4.142578125,168314457.4243695
12953,41.25,4.41875,176997648.68821484
12954,45.0,4.142578125,57271505.93156524
12955,45.0,4.41875,67546167.03235205
12956,41.25,4.694921875,157486451.26644278
12957,41.25,4.97109375,182102578.39757797
12958,45.0,4.694921875,41821287.06355377
12959,45.0,4.97109375,55547551.452824846
12960,41.25,5.247265625,153889774.9171682
12961,41.25,5.5234375,142127403.8608845
12962,45.0,5.247265625,35134738.694642805
12963,45.0,5.5234375,15258920.680660482
12964,41.25,5.799609375,100416376.75155818
12965,41.25,6.07578125,163197198.7870741
12966,45.0,5.799609375,48588571.91972323
12967,45.0,6.07578125,141640849.79173934
12968,41.25,6.351953125000001,138187472.6981219
12969,41.25,6.628125000000001,186602448.52252218
12970,45.0,6.351953125000001,52209269.66967009
12971,45.0,6.628125000000001,32962157.61740578
12972,41.25,6.904296875000001,171519331.4230515
12973,41.25,7.180468750000001,153239524.82380968
12974,45.0,6.904296875000001,54449551.80690478
12975,45.0,7.180468750000001,65626918.4993038
12976,41.25,7.456640625,159864503.90390205
12977,41.25,7.732812500000001,174556947.44606724
12978,45.0,7.456640625,56375468.71844581
12979,45.0,7.732812500000001,70317648.17769137
12980,41.25,8.008984375,195044893.67253533
12981,41.25,8.28515625,164211815.38220045
12982,45.0,8.008984375,89689639.24601252
12983,45.0,8.28515625,50168322.094868444
12984,41.25,8.561328125,211867513.89345357
12985,41.25,8.8375,257060099.23950028
12986,45.0,8.561328125,60479451.33245684
12987,45.0,8.8375,136307550.5316444
12988,33.75,9.113671875000001,625605565.2132225
12989,33.75,9.38984375,582236297.7112617
12990,37.5,9.113671875000001,401722051.23963094
12991,37.5,9.38984375,377676405.03994596
12992,33.75,9.666015625,483384515.74927014
12993,33.75,9.9421875,562189495.9885942
12994,37.5,9.666015625,284978543.79985946
12995,37.5,9.9421875,326763099.4460991
12996,33.75,10.218359375,505735027.7411982
12997,33.75,10.49453125,620516851.3841683
12998,37.5,10.218359375,293498114.0432459
12999,37.5,10.49453125,343192639.33778256
13000,33.75,10.770703125,703482400.3869027
13001,33.75,11.046875,664686026.0468886
13002,37.5,10.770703125,433944269.6332641
13003,37.5,11.046875,379903953.5436591
13004,33.75,11.323046875,510675708.27009356
13005,33.75,11.59921875,634944340.4580648
13006,37.5,11.323046875,269301733.1211682
13007,37.5,11.59921875,365065498.01416254
13008,33.75,11.875390625,694648991.3904651
13009,33.75,12.1515625,694901040.1677953
13010,37.5,11.875390625,384690335.02615756
13011,37.5,12.1515625,399976099.1643606
13012,33.75,12.427734375,584422306.3137726
13013,33.75,12.70390625,638942118.9531914
13014,37.5,12.427734375,279957296.2651032
13015,37.5,12.70390625,376441993.55577505
13016,33.75,12.980078125,665876647.9131215
13017,33.75,13.25625,656394785.6920185
13018,37.5,12.980078125,383207226.7742794
13019,37.5,13.25625,398200879.44893813
13020,33.75,13.532421875,755623286.8727534
13021,33.75,13.80859375,712777834.8100063
13022,37.5,13.532421875,396410849.1551095
13023,37.5,13.80859375,419412018.39587265
13024,33.75,14.084765625,905935620.6899848
13025,33.75,14.3609375,597679398.9313593
13026,37.5,14.084765625,587242601.6316291
13027,37.5,14.3609375,341798343.71725696
13028,33.75,14.637109375,640678980.2976377
13029,33.75,14.91328125,658852869.7564058
13030,37.5,14.637109375,394060974.957683
13031,37.5,14.91328125,399572948.87200284
13032,33.75,15.189453125,645988233.2899185
13033,33.75,15.465625,723251071.2087874
13034,37.5,15.189453125,382463902.1833769
13035,37.5,15.465625,414310637.28004503
13036,33.75,15.741796875,816100615.8881509
13037,33.75,16.01796875,718637037.0234236
13038,37.5,15.741796875,517574822.37664735
13039,37.5,16.01796875,434414709.02888
13040,33.75,16.294140625,722794761.7997413
13041,33.75,16.5703125,690253601.2270122
13042,37.5,16.294140625,457881275.8868926
13043,37.5,16.5703125,458331236.4873712
13044,33.75,16.846484375,684551842.4874492
13045,33.75,17.12265625,603535943.5369523
13046,37.5,16.846484375,435162472.9338793
13047,37.5,17.12265625,362407206.0268258
13048,33.75,17.398828125,615432832.10496
13049,33.75,17.675,672121884.616909
13050,37.5,17.398828125,353764724.39995974
13051,37.5,17.675,392829215.7414832
13052,41.25,9.113671875000001,248816520.0430255
13053,41.25,9.38984375,246550167.26302165
13054,45.0,9.113671875000001,95910988.84642003
13055,45.0,9.38984375,115423929.48609732
13056,41.25,9.666015625,177358796.10494196
13057,41.25,9.9421875,228802512.53728256
13058,45.0,9.666015625,69739048.4100245
13059,45.0,9.9421875,130841925.62846605
13060,41.25,10.218359375,206609600.21910402
13061,41.25,10.49453125,200975192.3409553
13062,45.0,10.218359375,119721086.39496216
13063,45.0,10.49453125,58757745.344128065
13064,41.25,10.770703125,269226278.3981421
13065,41.25,11.046875,251663539.29779315
13066,45.0,10.770703125,104508287.16302001
13067,45.0,11.046875,123423125.05192727
13068,41.25,11.323046875,176540595.90723622
13069,41.25,11.59921875,241978731.75194797
13070,45.0,11.323046875,83779458.69330418
13071,45.0,11.59921875,118891965.48973337
13072,41.25,11.875390625,240648683.77431226
13073,41.25,12.1515625,264933962.16695166
13074,45.0,11.875390625,96607032.52246697
13075,45.0,12.1515625,129891825.16954274
13076,41.25,12.427734375,176250679.14153263
13077,41.25,12.70390625,254242885.24677235
13078,45.0,12.427734375,72544062.01796204
13079,45.0,12.70390625,132043776.93776967
13080,41.25,12.980078125,222611845.52749354
13081,41.25,13.25625,242369797.29494497
13082,45.0,12.980078125,62016464.28070772
13083,45.0,13.25625,86538715.14095175
13084,41.25,13.532421875,249780086.385777
13085,41.25,13.80859375,287008276.6714251
13086,45.0,13.532421875,103149323.61644451
13087,45.0,13.80859375,154604534.9469776
13088,41.25,14.084765625,361980958.4597379
13089,41.25,14.3609375,226346994.01429343
13090,45.0,14.084765625,136719315.28784668
13091,45.0,14.3609375,110895644.31132993
13092,41.25,14.637109375,256921008.3879822
13093,41.25,14.91328125,260163323.1960346
13094,45.0,14.637109375,119781041.81828134
13095,45.0,14.91328125,120753697.52006635
13096,41.25,15.189453125,248732918.739566
13097,41.25,15.465625,251716456.9426629
13098,45.0,15.189453125,115001935.29575509
13099,45.0,15.465625,89122276.60528082
13100,41.25,15.741796875,336242726.83300275
13101,41.25,16.01796875,288600416.639616
13102,45.0,15.741796875,154910631.28935826
13103,45.0,16.01796875,142786124.25035197
13104,41.25,16.294140625,324036199.10808873
13105,41.25,16.5703125,336840559.5391402
13106,45.0,16.294140625,190191122.32928488
13107,45.0,16.5703125,215349882.59090918
13108,41.25,16.846484375,336197396.8010794
13109,41.25,17.12265625,290549602.5021487
13110,45.0,16.846484375,237232320.6682794
13111,45.0,17.12265625,218691998.97747168
13112,41.25,17.398828125,255005579.9044809
13113,41.25,17.675,259377108.5774346
13114,45.0,17.398828125,156246435.409002
13115,45.0,17.675,125925001.41338602
13116,48.75,0.0172607421875,0.0
13117,48.75,-0.0,0.0
13118,48.75,0.034521484375,0.0
13119,52.5,0.0172607421875,0.0
13120,52.5,-0.0,0.0
13121,52.5,0.034521484375,0.0
13122,48.75,0.05178222656250001,0.0
13123,48.75,0.06904296875,0.0
13124,52.5,0.05178222656250001,0.0
13125,52.5,0.06904296875,0.0
13126,48.75,0.0863037109375,0.0
13127,52.5,0.0863037109375,0.0
13128,48.75,0.09493408203125,0.0
13129,48.75,0.103564453125,11947461.73907522
13130,52.5,0.09493408203125,0.0
13131,52.5,0.103564453125,12348502.234947897
13132,48.75,0.11219482421875,12063142.617431391
13133,48.75,0.1208251953125,12178823.495787561
13134,52.5,0.11219482421875,12211847.828137323
13135,52.5,0.1208251953125,12075193.421326745
13136,48.75,0.12945556640625,12294504.374143729
13137,48.75,0.1380859375,12410185.252499899
13138,52.5,0.12945556640625,11938539.014516171
13139,52.5,0.1380859375,11801884.6077056
13140,48.75,0.14671630859375,12525866.13085607
13141,48.75,0.1553466796875,12641547.009212239
13142,52.5,0.14671630859375,11665230.200895026
13143,52.5,0.1553466796875,11528575.794084448
13144,48.75,0.16397705078125,12757227.887568409
13145,48.75,0.172607421875,12872908.76592458
13146,52.5,0.16397705078125,11391921.387273874
13147,52.5,0.172607421875,11255266.980463298
13148,48.75,0.18123779296875,12988589.64428075
13149,48.75,0.1898681640625,13104270.52263692
13150,52.5,0.18123779296875,11118612.573652724
13151,52.5,0.1898681640625,10981958.166842151
13152,48.75,0.19849853515625,13219951.40099309
13153,48.75,0.2,13240076.928627897
13154,48.75,0.20712890625,13335632.27934926
13155,52.5,0.19849853515625,10845303.760031575
13156,52.5,0.2,10821529.37242521
13157,52.5,0.20712890625,10708649.353221003
13158,48.75,0.21575927734375,13451313.15770543
13159,48.75,0.2243896484375,13566994.0360616
13160,52.5,0.21575927734375,10571994.946410425
13161,52.5,0.2243896484375,10435340.53959985
13162,48.75,0.23302001953125,13682674.91441777
13163,48.75,0.241650390625,13798355.79277394
13164,52.5,0.23302001953125,10298686.132789277
13165,52.5,0.241650390625,10162031.725978702
13166,48.75,0.25028076171875,13914036.67113011
13167,48.75,0.2589111328125,14029717.549486278
13168,52.5,0.25028076171875,10025377.319168128
13169,52.5,0.2589111328125,9888722.912357552
13170,48.75,0.26754150390625,14145398.427842446
13171,48.75,0.276171875,14261079.30619862
13172,52.5,0.26754150390625,9752068.505546978
13173,52.5,0.276171875,9615414.098736404
13174,48.75,0.28480224609375,14376760.184554787
13175,48.75,0.2934326171875,14492441.06291096
13176,52.5,0.28480224609375,9478759.691925827
13177,52.5,0.2934326171875,9342105.285115253
13178,48.75,0.30206298828125,14930261.585415527
13179,48.75,0.310693359375,16393591.744321488
13180,52.5,0.30206298828125,9443763.321793525
13181,52.5,0.310693359375,10304072.805791307
13182,48.75,0.3279541015625,19320252.062133428
13183,52.5,0.3279541015625,12024691.77378688
13184,48.75,0.34521484375,22246912.379945364
13185,52.5,0.34521484375,13745310.741782453
13186,48.75,0.379736328125,28100233.01556924
13187,52.5,0.379736328125,17186548.677773595
13188,48.75,0.4142578125,33953553.651193105
13189,52.5,0.4142578125,20627786.613764733
13190,48.75,0.48330078125,45660194.92244084
13191,52.5,0.48330078125,27510262.48574701
13192,48.75,0.55234375,41268277.28931537
13193,52.5,0.55234375,24395745.38768413
13194,48.75,0.6904296875,22212600.33408002
13195,52.5,0.6904296875,11788032.841268359
13196,48.75,0.8285156250000001,21361417.72877287
13197,52.5,0.8285156250000001,11035808.396257533
13198,48.75,1.1046875,32358230.88456193
13199,52.5,1.1046875,28507113.8170079
13200,48.75,1.380859375,37546420.79128162
13201,48.75,1.65703125,63161859.09591612
13202,52.5,1.380859375,24407456.181642536
13203,52.5,1.65703125,49245960.95503912
13204,48.75,1.933203125,28169686.7897781
13205,48.75,2.209375,49165019.39534408
13206,52.5,1.933203125,27992394.282750905
13207,52.5,2.209375,29764102.087584432
13208,48.75,2.485546875,48287045.51344137
13209,48.75,2.76171875,54590843.23930821
13210,52.5,2.485546875,28106671.511220198
13211,52.5,2.76171875,26519368.188194677
13212,48.75,3.037890625,54962211.04188735
13213,48.75,3.3140625,38748614.36672523
13214,52.5,3.037890625,26929727.915009685
13215,52.5,3.3140625,17328560.719835907
13216,48.75,3.590234375000001,15016209.832502587
13217,48.75,3.86640625,39388448.91274605
13218,52.5,3.590234375000001,8221315.831798417
13219,52.5,3.86640625,18744022.926929362
13220,48.75,4.142578125,38780684.34312182
13221,48.75,4.41875,46620061.029279016
13222,52.5,4.142578125,20289862.754678402
13223,52.5,4.41875,25693955.026206
13224,48.75,4.694921875,26845674.36930439
13225,48.75,4.97109375,35786340.478705645
13226,52.5,4.694921875,11870061.675055016
13227,52.5,4.97109375,16025129.504586449
13228,48.75,5.247265625,22912119.395664316
13229,48.75,5.5234375,14284998.63466759
13230,52.5,5.247265625,10689500.096685834
13231,52.5,5.5234375,13311076.5886747
13232,48.75,5.799609375,39211570.704629205
13233,48.75,6.07578125,93096592.14152242
13234,52.5,5.799609375,29834569.489535183
13235,52.5,6.07578125,44552334.49130549
13236,48.75,6.351953125000001,45725964.85258756
13237,48.75,6.628125000000001,44016754.86697312
13238,52.5,6.351953125000001,39242660.035505034
13239,52.5,6.628125000000001,55071352.11654045
13240,48.75,6.904296875000001,44871637.27433074
13241,48.75,7.180468750000001,53092926.47131251
13242,52.5,6.904296875000001,35293722.7417567
13243,52.5,7.180468750000001,40558934.44332122
13244,48.75,7.456640625,42757893.52340304
13245,48.75,7.732812500000001,51712359.015287295
13246,52.5,7.456640625,29140318.328360274
13247,52.5,7.732812500000001,33107069.852883223
13248,48.75,8.008984375,63433385.62094341
13249,48.75,8.28515625,34950924.697420485
13250,52.5,8.008984375,37177131.9958743
13251,52.5,8.28515625,19733527.29997252
13252,48.75,8.561328125,42858128.3711097
13253,48.75,8.8375,91550399.71778063
13254,52.5,8.561328125,25236805.409762565
13255,52.5,8.8375,46793248.903916866
13256,56.25,0.0172607421875,0.0
13257,56.25,-0.0,0.0
13258,56.25,0.034521484375,0.0
13259,60.0,0.0172607421875,0.0
13260,60.0,-0.0,0.0
13261,60.0,0.034521484375,0.0
13262,56.25,0.05178222656250001,0.0
13263,56.25,0.06904296875,0.0
13264,60.0,0.05178222656250001,0.0
13265,60.0,0.06904296875,0.0
13266,56.25,0.0863037109375,0.0
13267,60.0,0.0863037109375,0.0
13268,56.25,0.09493408203125,0.0
13269,56.25,0.103564453125,11038879.744838472
13270,60.0,0.09493408203125,0.0
13271,60.0,0.103564453125,6307931.282764841
13272,56.25,0.11219482421875,10772111.555865284
13273,56.25,0.1208251953125,10505343.366892098
13274,60.0,0.11219482421875,6155492.317637305
13275,60.0,0.1208251953125,6003053.35250977
13276,56.25,0.12945556640625,10238575.17791891
13277,56.25,0.1380859375,9971806.988945723
13278,60.0,0.12945556640625,5850614.387382234
13279,60.0,0.1380859375,5698175.422254699
13280,56.25,0.14671630859375,9705038.799972536
13281,56.25,0.1553466796875,9438270.61099935
13282,60.0,0.14671630859375,5545736.457127163
13283,60.0,0.1553466796875,5393297.491999627
13284,56.25,0.16397705078125,9171502.422026161
13285,56.25,0.172607421875,8904734.233052973
13286,60.0,0.16397705078125,5240858.526872092
13287,60.0,0.172607421875,5088419.561744557
13288,56.25,0.18123779296875,8637966.044079788
13289,56.25,0.1898681640625,8371197.8551066
13290,60.0,0.18123779296875,4935980.596617021
13291,60.0,0.1898681640625,4783541.6314894855
13292,56.25,0.19849853515625,8104429.666133411
13293,56.25,0.2,8058018.7930871565
13294,56.25,0.20712890625,7837661.477160226
13295,60.0,0.19849853515625,4631102.666361949
13296,60.0,0.2,4604582.167478375
13297,60.0,0.20712890625,4478663.701234414
13298,56.25,0.21575927734375,7570893.288187038
13299,56.25,0.2243896484375,7304125.09921385
13300,60.0,0.21575927734375,4326224.736106879
13301,60.0,0.2243896484375,4173785.7709793434
13302,56.25,0.23302001953125,7037356.910240663
13303,56.25,0.241650390625,6770588.721267477
13304,60.0,0.23302001953125,4021346.8058518074
13305,60.0,0.241650390625,3868907.8407242717
13306,56.25,0.25028076171875,6503820.532294288
13307,56.25,0.2589111328125,6237052.343321102
13308,60.0,0.25028076171875,3716468.8755967366
13309,60.0,0.2589111328125,3564029.9104692005
13310,56.25,0.26754150390625,5970284.154347915
13311,56.25,0.276171875,5703515.965374727
13312,60.0,0.26754150390625,3411590.9453416658
13313,60.0,0.276171875,3259151.980214129
13314,56.25,0.28480224609375,5436747.77640154
13315,56.25,0.2934326171875,5169979.587428353
13316,60.0,0.28480224609375,3106713.015086594
13317,60.0,0.2934326171875,2954274.0499590584
13318,56.25,0.30206298828125,5062835.586123167
13319,56.25,0.310693359375,5463844.324258121
13320,60.0,0.30206298828125,2893048.906356095
13321,60.0,0.310693359375,3122196.756718926
13322,56.25,0.3279541015625,6265861.800528033
13323,60.0,0.3279541015625,3580492.4574445896
13324,56.25,0.34521484375,7067879.276797945
13325,60.0,0.34521484375,4038788.158170254
13326,56.25,0.379736328125,8671914.229337767
13327,60.0,0.379736328125,4955379.559621582
13328,56.25,0.4142578125,10275949.181877589
13329,60.0,0.4142578125,5871970.961072908
13330,56.25,0.48330078125,13484019.086957231
13331,60.0,0.48330078125,7705153.763975562
13332,56.25,0.55234375,11503966.938272055
13333,60.0,0.55234375,6573695.393298318
13334,56.25,0.6904296875,4233531.031969676
13335,60.0,0.6904296875,2419160.5896969577
13336,56.25,0.8285156250000001,3633060.236091394
13337,60.0,0.8285156250000001,2076034.420623654
13338,56.25,1.1046875,22697239.63380872
13339,60.0,1.1046875,12969851.219319269
13340,56.25,1.380859375,13692128.136647757
13341,56.25,1.65703125,34972608.58681431
13342,60.0,1.380859375,7824073.220941575
13343,60.0,1.65703125,19984347.76389389
13344,56.25,1.933203125,24389924.36830785
13345,56.25,2.209375,14726387.563776584
13346,60.0,1.933203125,13937099.639033057
13347,60.0,2.209375,8415078.607872333
13348,56.25,2.485546875,12821452.737688657
13349,56.25,2.76171875,6829420.051520787
13350,60.0,2.485546875,7326544.421536376
13351,60.0,2.76171875,3902525.743726164
13352,56.25,3.037890625,7211230.101621505
13353,56.25,3.3140625,2667459.3358376483
13354,60.0,3.037890625,4120702.915212289
13355,60.0,3.3140625,1524262.477621513
13356,56.25,3.590234375000001,3229963.1857461818
13357,56.25,3.86640625,4358438.23600345
13358,60.0,3.590234375000001,1845693.2489978182
13359,60.0,3.86640625,2490536.134859114
13360,56.25,4.142578125,6967317.317084942
13361,56.25,4.41875,10275315.479470987
13362,60.0,4.142578125,3981324.1811913955
13363,60.0,4.41875,5871608.845411993
13364,56.25,4.694921875,1650529.8940276697
13365,56.25,4.97109375,2494615.2482769443
13366,60.0,4.694921875,943159.9394443827
13367,60.0,4.97109375,1425494.427586825
13368,56.25,5.247265625,2223451.3268626537
13369,56.25,5.5234375,11079070.821594507
13370,60.0,5.247265625,1270543.6153500876
13371,60.0,5.5234375,6330897.612339717
13372,56.25,5.799609375,20635330.92787177
13373,56.25,6.07578125,10665809.050599098
13374,60.0,5.799609375,11791617.673069583
13375,60.0,6.07578125,6094748.028913771
13376,56.25,6.351953125000001,30555399.721102085
13377,56.25,6.628125000000001,56704360.70017118
13378,60.0,6.351953125000001,17460228.412058335
13379,60.0,6.628125000000001,39494191.95192865
13380,56.25,6.904296875000001,29208247.256441053
13381,56.25,7.180468750000001,30881745.062665496
13382,60.0,6.904296875000001,30107649.865642145
13383,60.0,7.180468750000001,26918160.976680912
13384,56.25,7.456640625,27301269.19098721
13385,56.25,7.732812500000001,20265340.041276425
13386,60.0,7.456640625,49019272.16895354
13387,60.0,7.732812500000001,18950728.931264162
13388,56.25,8.008984375,25697127.462109935
13389,56.25,8.28515625,10767338.780343438
13390,60.0,8.008984375,43769621.110955074
13391,60.0,8.28515625,14303568.01635211
13392,56.25,8.561328125,13105908.058644058
13393,56.25,8.8375,15949573.830725472
13394,60.0,8.561328125,11955861.92798281
13395,60.0,8.8375,12932850.238878846
13396,48.75,9.113671875000001,67518520.82739875
13397,48.75,9.38984375,81394281.96604376
13398,52.5,9.113671875000001,39126052.80837745
13399,52.5,9.38984375,47364634.445990205
13400,48.75,9.666015625,53700297.39344599
13401,48.75,9.9421875,93708376.71791993
13402,52.5,9.666015625,37661546.376867495
13403,52.5,9.9421875,56574827.807373844
13404,48.75,10.218359375,78102953.37810014
13405,48.75,10.49453125,38372021.07643687
13406,52.5,10.218359375,36484820.361238115
13407,52.5,10.49453125,17986296.80874568
13408,48.75,10.770703125,66263572.14115098
13409,48.75,11.046875,79761587.1981863
13410,52.5,10.770703125,28018857.119281944
13411,52.5,11.046875,36100049.3444453
13412,48.75,11.323046875,57699765.42622798
13413,48.75,11.59921875,92032184.32999578
13414,52.5,11.323046875,31620072.15915177
13415,52.5,11.59921875,65172403.17025822
13416,48.75,11.875390625,67779404.89725767
13417,48.75,12.1515625,108211623.73561133
13418,52.5,11.875390625,38951777.27204836
13419,52.5,12.1515625,86531422.30167991
13420,48.75,12.427734375,56630366.14143078
13421,48.75,12.70390625,93610734.1430982
13422,52.5,12.427734375,40716670.26489951
13423,52.5,12.70390625,55177691.34842676
13424,48.75,12.980078125,52763716.91566255
13425,48.75,13.25625,84498153.58225437
13426,52.5,12.980078125,43510969.55061739
13427,52.5,13.25625,82457592.02355696
13428,48.75,13.532421875,77441092.71337207
13429,48.75,13.80859375,101312712.58212551
13430,52.5,13.532421875,51732861.81029962
13431,52.5,13.80859375,48020890.217273444
13432,48.75,14.084765625,90166396.53889404
13433,48.75,14.3609375,73977684.73238319
13434,52.5,14.084765625,43613477.7899414
13435,52.5,14.3609375,37059725.15343647
13436,48.75,14.637109375,92888123.01544207
13437,48.75,14.91328125,89457854.91476904
13438,52.5,14.637109375,65995204.21260282
13439,52.5,14.91328125,58162012.30947173
13440,48.75,15.189453125,80768412.49721208
13441,48.75,15.465625,66318359.64221364
13442,52.5,15.189453125,46534889.69866906
13443,52.5,15.465625,43514442.67914648
13444,48.75,15.741796875,107307439.54157017
13445,48.75,16.01796875,97420524.90355492
13446,52.5,15.741796875,59704247.7937821
13447,52.5,16.01796875,52054925.55675787
13448,48.75,16.294140625,135744938.385842
13449,48.75,16.5703125,142126518.89999893
13450,52.5,16.294140625,81298754.44239914
13451,52.5,16.5703125,68903155.20908865
13452,48.75,16.846484375,160398000.67728916
13453,48.75,17.12265625,145800762.42720413
13454,52.5,16.846484375,83563680.68629885
13455,52.5,17.12265625,72909525.87693658
13456,48.75,17.398828125,104870750.14892644
13457,48.75,17.675,91546221.91136527
13458,52.5,17.398828125,53495064.88885084
13459,52.5,17.675,57167442.409344524
13460,56.25,9.113671875000001,20133082.9784722
13461,56.25,9.38984375,25404253.71618991
13462,60.0,9.113671875000001,19939109.526799027
13463,60.0,9.38984375,27582406.566896133
13464,56.25,9.666015625,26001415.1512951
13465,56.25,9.9421875,28290473.19732042
13466,60.0,9.666015625,23098523.507734887
13467,60.0,9.9421875,17704507.188252322
13468,56.25,10.218359375,8209956.013463539
13469,56.25,10.49453125,6008849.336723563
13470,60.0,10.218359375,6621629.003863858
13471,60.0,10.49453125,10847955.4560396
13472,56.25,10.770703125,3686291.809055631
13473,56.25,11.046875,7174421.3742887555
13474,60.0,10.770703125,7178025.922114758
13475,60.0,11.046875,7720613.171301069
13476,56.25,11.323046875,13492938.495973721
13477,56.25,11.59921875,42616943.4364749
13478,60.0,11.323046875,11270924.040591978
13479,60.0,11.59921875,28670126.554600082
13480,56.25,11.875390625,17266688.99833688
13481,56.25,12.1515625,63068210.34417658
13482,60.0,11.875390625,9866679.427621076
13483,60.0,12.1515625,36038977.33952948
13484,56.25,12.427734375,26344097.220477164
13485,56.25,12.70390625,25861204.96631506
13486,60.0,12.427734375,15053769.840272665
13487,60.0,12.70390625,14777831.409322891
13488,56.25,12.980078125,32674662.3938472
13489,56.25,13.25625,70960065.44470555
13490,60.0,12.980078125,18671235.65362697
13491,60.0,13.25625,40548608.82554601
13492,56.25,13.532421875,30269786.05721991
13493,56.25,13.80859375,10931382.560617216
13494,60.0,13.532421875,17297020.604125664
13495,60.0,13.80859375,6246504.320352696
13496,56.25,14.084765625,11005923.79597634
13497,56.25,14.3609375,10891783.088204648
13498,60.0,14.084765625,6289099.311986481
13499,60.0,14.3609375,6223876.050402656
13500,56.25,14.637109375,42058267.717704564
13501,56.25,14.91328125,32635852.58436432
13502,60.0,14.637109375,24033295.83868832
13503,60.0,14.91328125,18649058.619636755
13504,56.25,15.189453125,20748473.52051867
13505,56.25,15.465625,24772852.449130654
13506,60.0,15.189453125,11856270.583153527
13507,60.0,15.465625,14155915.685217516
13508,56.25,15.741796875,24472688.30001629
13509,56.25,16.01796875,19084793.576531526
13510,60.0,15.741796875,13984393.314295024
13511,60.0,16.01796875,10905596.329446584
13512,56.25,16.294140625,39376136.17009091
13513,56.25,16.5703125,17576631.988254912
13514,60.0,16.294140625,22500649.24005195
13515,60.0,16.5703125,10043789.707574235
13516,56.25,16.846484375,28298200.605767157
13517,56.25,17.12265625,21275947.15466344
13518,60.0,16.846484375,16170400.34615266
13519,60.0,17.12265625,12157684.088379107
13520,56.25,17.398828125,16839032.04270039
13521,56.25,17.675,29967224.065331027
13522,60.0,17.398828125,9622304.024400223
13523,60.0,17.675,17124128.037332017
13524,33.75,17.951171875,678936363.5232618
13525,33.75,18.22734375,677061894.8193743
13526,37.5,17.951171875,401431171.827392
13527,37.5,18.22734375,383182665.88277316
13528,33.75,18.503515625,725332209.9945341
13529,33.75,18.7796875,561075505.0676142
13530,37.5,18.503515625,435787607.17865914
13531,37.5,18.7796875,327814751.67546827
13532,33.75,19.055859375,913885679.6040736
13533,33.75,19.33203125,640988979.0982217
13534,37.5,19.055859375,599471243.5966289
13535,37.5,19.33203125,372517636.7084418
13536,33.75,19.608203125,775342924.7327082
13537,33.75,19.884375,766559999.4293613
13538,37.5,19.608203125,449474822.3839013
13539,37.5,19.884375,481136400.8326455
13540,33.75,20.160546875,760371431.4014759
13541,33.75,20.43671875,655310184.8595369
13542,37.5,20.160546875,452250301.7733522
13543,37.5,20.43671875,361463500.9068424
13544,33.75,20.712890625,818452578.9282055
13545,33.75,20.9890625,730843612.0695591
13546,37.5,20.712890625,481177610.539457
13547,37.5,20.9890625,428412503.9713417
13548,33.75,21.265234375,772477149.2778294
13549,33.75,21.54140625,560076649.0843269
13550,37.5,21.265234375,489281961.80303186
13551,37.5,21.54140625,312578331.07146776
13552,33.75,21.817578125,577202469.1891166
13553,33.75,22.09375,515246190.0006306
13554,37.5,21.817578125,340488475.5306319
13555,37.5,22.09375,295320915.15992147
13556,33.75,22.369921875,608356844.2674799
13557,33.75,22.64609375,612633867.3274016
13558,37.5,22.369921875,385594969.5474627
13559,37.5,22.64609375,388990438.6277364
13560,33.75,22.922265625,530299182.80948806
13561,33.75,23.1984375,674555766.8414791
13562,37.5,22.922265625,305798945.0523356
13563,37.5,23.1984375,395216557.2726162
13564,33.75,23.474609375,639225043.5639628
13565,33.75,23.75078125,803413601.0017126
13566,37.5,23.474609375,375330360.1060746
13567,37.5,23.75078125,522787520.4189719
13568,33.75,24.026953125,712560649.3320127
13569,33.75,24.303125,737532807.206025
13570,37.5,24.026953125,450191947.4390411
13571,37.5,24.303125,483752335.3972863
13572,33.75,24.579296875,847425493.5130506
13573,33.75,24.85546875,972657097.7991953
13574,37.5,24.579296875,523052400.37604237
13575,37.5,24.85546875,659779035.2245204
13576,33.75,25.131640625,848223054.6334971
13577,33.75,25.4078125,796523947.8177122
13578,37.5,25.131640625,554804226.6115001
13579,37.5,25.4078125,541419500.5327308
13580,33.75,25.683984375,671621553.6699965
13581,33.75,25.96015625,740199705.1929845
13582,37.5,25.683984375,420003819.73386985
13583,37.5,25.96015625,508524749.465875
13584,33.75,26.236328125,688902219.0650891
13585,33.75,26.5125,586523858.8313113
13586,37.5,26.236328125,459228869.2300403
13587,37.5,26.5125,411810151.2836332
13588,41.25,17.951171875,262979265.22666147
13589,41.25,18.22734375,261965169.18430603
13590,45.0,17.951171875,124527358.62593094
13591,45.0,18.22734375,140747672.48583892
13592,41.25,18.503515625,298873313.3960159
13593,41.25,18.7796875,249647838.1042691
13594,45.0,18.503515625,161959019.6133726
13595,45.0,18.7796875,171480924.5330699
13596,41.25,19.055859375,376258768.6842377
13597,41.25,19.33203125,249022251.49111268
13598,45.0,19.055859375,153046293.77184647
13599,45.0,19.33203125,125526866.27378352
13600,41.25,19.608203125,276118873.85474986
13601,41.25,19.884375,317691438.1722135
13602,45.0,19.608203125,102762925.32559845
13603,45.0,19.884375,154246475.5117815
13604,41.25,20.160546875,312511065.1873631
13605,41.25,20.43671875,275980094.1555233
13606,45.0,20.160546875,172771828.6013739
13607,45.0,20.43671875,190496687.40420425
13608,41.25,20.712890625,303404163.24399465
13609,41.25,20.9890625,272872095.4463981
13610,45.0,20.712890625,125630715.9485324
13611,45.0,20.9890625,117331686.92145443
13612,41.25,21.265234375,306407813.14853644
13613,41.25,21.54140625,214147373.37493563
13614,45.0,21.265234375,123533664.49404103
13615,45.0,21.54140625,115716415.67840354
13616,41.25,21.817578125,240545612.87103516
13617,41.25,22.09375,227417762.58460987
13618,45.0,21.817578125,140602750.21143842
13619,45.0,22.09375,159514610.00929832
13620,41.25,22.369921875,289608948.5822383
13621,41.25,22.64609375,285615219.3240551
13622,45.0,22.369921875,193622927.61701396
13623,45.0,22.64609375,182240000.02037376
13624,41.25,22.922265625,190762204.56957102
13625,41.25,23.1984375,242043469.65775493
13626,45.0,22.922265625,75725464.08680639
13627,45.0,23.1984375,88870382.04289371
13628,41.25,23.474609375,231124445.2469536
13629,41.25,23.75078125,302812724.4295129
13630,45.0,23.474609375,86918530.38783263
13631,45.0,23.75078125,82837928.44005388
13632,41.25,24.026953125,268182734.40354094
13633,41.25,24.303125,300975950.7105072
13634,45.0,24.026953125,86173521.36804071
13635,45.0,24.303125,118199566.02372824
13636,41.25,24.579296875,311299046.3898927
13637,41.25,24.85546875,399242339.12229484
13638,45.0,24.579296875,99545692.40374291
13639,45.0,24.85546875,138705643.02006912
13640,41.25,25.131640625,323719417.28605664
13641,41.25,25.4078125,360953656.8605768
13642,45.0,25.131640625,92634607.9606132
13643,45.0,25.4078125,180487813.18842286
13644,41.25,25.683984375,278224283.17751515
13645,41.25,25.96015625,335650275.2528655
13646,45.0,25.683984375,136444746.6211605
13647,45.0,25.96015625,162775801.03985596
13648,41.25,26.236328125,315971476.3694073
13649,41.25,26.5125,335604168.8109748
13650,45.0,26.236328125,172714083.5087742
13651,45.0,26.5125,259398186.33831635
13652,33.75,26.788671875,745825238.3428742
13653,33.75,27.06484375,725958826.9322519
13654,37.5,26.788671875,493339654.01538813
13655,37.5,27.06484375,449439001.20707107
13656,33.75,27.341015625,758857227.5213784
13657,33.75,27.6171875,629469237.9314861
13658,37.5,27.341015625,484745148.73632145
13659,37.5,27.6171875,387783858.1645003
13660,33.75,27.893359375,632340179.7628262
13661,33.75,28.16953125000001,593312800.9218022
13662,37.5,27.893359375,384203500.60738397
13663,37.5,28.16953125000001,346095110.48544025
13664,33.75,28.445703125,584084450.9014697
13665,33.75,28.721875,601242767.4343328
13666,37.5,28.445703125,349720117.2386686
13667,37.5,28.721875,374665022.0740793
13668,33.75,28.998046875,553668966.6524366
13669,33.75,29.27421875,549299573.6903659
13670,37.5,28.998046875,342938485.9956406
13671,37.5,29.27421875,341957865.0750721
13672,33.75,29.550390625,604123065.957984
13673,33.75,29.8265625,510377359.81265306
13674,37.5,29.550390625,371382977.81423646
13675,37.5,29.8265625,313118489.20328265
13676,33.75,30.102734375,561127424.7124425
13677,33.75,30.37890625,412612627.2449435
13678,37.5,30.102734375,355750033.6013287
13679,37.5,30.37890625,255192181.560717
13680,33.75,30.655078125,452560246.1442667
13681,33.75,30.93125,471349531.2915948
13682,37.5,30.655078125,256599199.766793
13683,37.5,30.93125,305162286.22714794
13684,33.75,31.207421875,400950705.3209696
13685,33.75,31.48359375,406478468.4153409
13686,37.5,31.207421875,242494423.94956666
13687,37.5,31.48359375,225673122.3638233
13688,33.75,31.759765625,449098488.61965674
13689,33.75,32.0359375,466781829.2397551
13690,37.5,31.759765625,281596126.60648257
13691,37.5,32.0359375,276573361.0068668
13692,33.75,32.31210937500001,526599460.95806545
13693,33.75,32.58828125,508166398.12487423
13694,37.5,32.31210937500001,348906843.56137425
13695,37.5,32.58828125,308928642.88968825
13696,33.75,32.864453125,405664909.4057817
13697,33.75,33.140625,396363226.4712731
13698,37.5,32.864453125,235298609.1793904
13699,37.5,33.140625,236401205.383337
13700,33.75,33.416796875,370310113.7936863
13701,33.75,33.69296875,429695624.34639084
13702,37.5,33.416796875,218024241.43984103
13703,37.5,33.69296875,295278920.09152156
13704,33.75,33.96914062499999,388772053.04917115
13705,33.75,34.2453125,352837272.999586
13706,37.5,33.96914062499999,240253187.12033802
13707,37.5,34.2453125,253367326.88402948
13708,33.75,34.521484375,295604726.9061871
13709,33.75,34.79765625,316703882.2045954
13710,37.5,34.521484375,214600420.47099337
13711,37.5,34.79765625,221374928.05048713
13712,33.75,35.07382812500001,285384528.90949196
13713,33.75,35.35,370680269.5233724
13714,37.5,35.07382812500001,178997429.19216266
13715,37.5,35.35,249741128.42300457
13716,41.25,26.788671875,315841609.98440087
13717,41.25,27.06484375,291469936.76281554
13718,45.0,26.788671875,138343565.95341346
13719,45.0,27.06484375,133500872.31855993
13720,41.25,27.341015625,300471744.67729217
13721,41.25,27.6171875,272441155.92021346
13722,45.0,27.341015625,116198340.61826287
13723,45.0,27.6171875,157098453.6759266
13724,41.25,27.893359375,244916830.00962055
13725,41.25,28.16953125000001,230745425.86827946
13726,45.0,27.893359375,105630159.41185711
13727,45.0,28.16953125000001,115395741.25111869
13728,41.25,28.445703125,228435722.4798761
13729,41.25,28.721875,237397294.6416736
13730,45.0,28.445703125,107151327.72108363
13731,45.0,28.721875,100129567.20926794
13732,41.25,28.998046875,210509204.40056777
13733,41.25,29.27421875,218231239.1142897
13734,45.0,28.998046875,78079922.80549487
13735,45.0,29.27421875,94504613.1535073
13736,41.25,29.550390625,234018373.54187515
13737,41.25,29.8265625,194385586.54374385
13738,45.0,29.550390625,96653769.26951385
13739,45.0,29.8265625,75652683.88420501
13740,41.25,30.102734375,232316143.35127562
13741,41.25,30.37890625,200711814.36658257
13742,45.0,30.102734375,108882253.10122262
13743,45.0,30.37890625,146231447.17244822
13744,41.25,30.655078125,172676686.31126946
13745,41.25,30.93125,207060797.25325054
13746,45.0,30.655078125,88754172.85574591
13747,45.0,30.93125,108959308.27935313
13748,41.25,31.207421875,181659426.91017008
13749,41.25,31.48359375,165602795.96697837
13750,45.0,31.207421875,120824429.87077352
13751,45.0,31.48359375,105532469.57013345
13752,41.25,31.759765625,232027055.70817015
13753,41.25,32.0359375,163404085.70561573
13754,45.0,31.759765625,182457984.8098577
13755,45.0,32.0359375,50234810.40436466
13756,41.25,32.31210937500001,219572493.84062287
13757,41.25,32.58828125,184109831.3642364
13758,45.0,32.31210937500001,90238144.11987144
13759,45.0,32.58828125,59291019.838784516
13760,41.25,32.864453125,171806188.29208675
13761,41.25,33.140625,193240962.3613358
13762,45.0,32.864453125,108313767.40478311
13763,45.0,33.140625,150080719.33933458
13764,41.25,33.416796875,167693280.31420338
13765,41.25,33.69296875,196455033.74058664
13766,45.0,33.416796875,117362319.18856576
13767,45.0,33.69296875,97631147.38965167
13768,41.25,33.96914062499999,168161636.20980465
13769,41.25,34.2453125,231944040.93228146
13770,45.0,33.96914062499999,96070085.29927129
13771,45.0,34.2453125,210520754.98053345
13772,41.25,34.521484375,195237799.3497856
13773,41.25,34.79765625,170048054.3511884
13774,45.0,34.521484375,175875178.2285778
13775,45.0,34.79765625,118721180.65188964
13776,41.25,35.07382812500001,129615942.6321171
13777,41.25,35.35,174820619.79362607
13778,45.0,35.07382812500001,80234456.07207154
13779,45.0,35.35,99900111.1642476
13780,48.75,17.951171875,84945612.69194588
13781,48.75,18.22734375,96522061.30743739
13782,52.5,17.951171875,45363866.75796081
13783,52.5,18.22734375,52296450.12903586
13784,48.75,18.503515625,116184323.73529673
13785,48.75,18.7796875,109740339.8712796
13786,52.5,18.503515625,70409627.8572209
13787,52.5,18.7796875,47999755.20948931
13788,48.75,19.055859375,96476107.28151184
13789,48.75,19.33203125,82529695.28015207
13790,52.5,19.055859375,39905920.79117722
13791,52.5,19.33203125,39532524.286520615
13792,48.75,19.608203125,67781574.18476538
13793,48.75,19.884375,98003870.50206569
13794,52.5,19.608203125,32800223.04393233
13795,52.5,19.884375,41761265.49234987
13796,48.75,20.160546875,109162849.78943385
13797,48.75,20.43671875,120424158.6520225
13798,52.5,20.160546875,45553870.97749377
13799,52.5,20.43671875,50351629.89984076
13800,48.75,20.712890625,82872650.23789895
13801,48.75,20.9890625,87860180.898247
13802,52.5,20.712890625,40114584.52726547
13803,52.5,20.9890625,58388674.875039585
13804,48.75,21.265234375,86193773.26547444
13805,48.75,21.54140625,87940170.89252241
13806,52.5,21.265234375,48853882.03690786
13807,52.5,21.54140625,60163926.10664126
13808,48.75,21.817578125,91575518.54102655
13809,48.75,22.09375,101109411.75209165
13810,52.5,21.817578125,42548286.87061469
13811,52.5,22.09375,42704213.49488497
13812,48.75,22.369921875,126652319.10555577
13813,48.75,22.64609375,130935306.22753762
13814,52.5,22.369921875,59681710.59409759
13815,52.5,22.64609375,79630612.43470147
13816,48.75,22.922265625,54977892.2832627
13817,48.75,23.1984375,69123348.48796523
13818,52.5,22.922265625,34230320.47971901
13819,52.5,23.1984375,49376314.93303678
13820,48.75,23.474609375,63698914.37747254
13821,48.75,23.75078125,60401877.533109434
13822,52.5,23.474609375,40479298.36711246
13823,52.5,23.75078125,37965826.62616497
13824,48.75,24.026953125,58968876.49721985
13825,48.75,24.303125,99192999.63091114
13826,52.5,24.026953125,31764231.626398996
13827,52.5,24.303125,80186433.23809405
13828,48.75,24.579296875,73194389.19025213
13829,48.75,24.85546875,91479208.65531985
13830,52.5,24.579296875,46843085.97676137
13831,52.5,24.85546875,44252774.29057057
13832,48.75,25.131640625,61834689.40932245
13833,48.75,25.4078125,118467868.4286026
13834,52.5,25.131640625,31034770.85803168
13835,52.5,25.4078125,56447923.6687823
13836,48.75,25.683984375,88362597.08062401
13837,48.75,25.96015625,116309516.01841041
13838,52.5,25.683984375,40280447.54008755
13839,52.5,25.96015625,69843230.99696486
13840,48.75,26.236328125,114336295.47462355
13841,48.75,26.5125,163879075.2817167
13842,52.5,26.236328125,55958507.44047291
13843,52.5,26.5125,68359964.22511704
13844,56.25,17.951171875,16604031.618391087
13845,56.25,18.22734375,19961120.67550548
13846,60.0,17.951171875,9488018.06765205
13847,60.0,18.22734375,11406354.671717416
13848,56.25,18.503515625,34906518.446190715
13849,56.25,18.7796875,5984444.755592145
13850,60.0,18.503515625,19946581.969251838
13851,60.0,18.7796875,3419682.7174812257
13852,56.25,19.055859375,1918405.2395848674
13853,56.25,19.33203125,9509275.671087187
13854,60.0,19.055859375,1096231.5654770671
13855,60.0,19.33203125,5433871.812049821
13856,56.25,19.608203125,8294406.99795484
13857,56.25,19.884375,3732921.050138574
13858,60.0,19.608203125,4739661.14168848
13859,60.0,19.884375,2133097.742936328
13860,56.25,20.160546875,2754399.4650086714
13861,56.25,20.43671875,3182034.3902546386
13862,60.0,20.160546875,1573942.5514335267
13863,60.0,20.43671875,1818305.3658597935
13864,56.25,20.712890625,10158056.46348776
13865,56.25,20.9890625,33898378.66878865
13866,60.0,20.712890625,5804603.693421576
13867,60.0,20.9890625,19370502.096450657
13868,56.25,21.265234375,20965543.565630544
13869,56.25,21.54140625,36440625.88488044
13870,60.0,21.265234375,11980310.608931739
13871,60.0,21.54140625,20823214.791360248
13872,56.25,21.817578125,8630532.537380943
13873,56.25,22.09375,3296487.8246537866
13874,60.0,21.817578125,4931732.878503396
13875,60.0,22.09375,1883707.3283735923
13876,56.25,22.369921875,13155308.471484782
13877,56.25,22.64609375,39749047.83454269
13878,60.0,22.369921875,7517319.126562733
13879,60.0,22.64609375,22713741.619738683
13880,56.25,22.922265625,17848780.201020315
13881,56.25,23.1984375,31685172.659365583
13882,60.0,22.922265625,10199302.97201161
13883,60.0,23.1984375,18105812.948208906
13884,56.25,23.474609375,21874610.06518002
13885,56.25,23.75078125,20132401.935510084
13886,60.0,23.474609375,12499777.180102866
13887,60.0,23.75078125,11504229.677434335
13888,56.25,24.026953125,11924326.498453619
13889,56.25,24.303125,59075965.354188986
13890,60.0,24.026953125,6813900.85625921
13891,60.0,24.303125,33757694.488107994
13892,56.25,24.579296875,25616106.688463256
13893,56.25,24.85546875,11172424.12481217
13894,60.0,24.579296875,14637775.25055043
13895,60.0,24.85546875,6384242.357035526
13896,56.25,25.131640625,9188805.345858108
13897,56.25,25.4078125,13213632.100289352
13898,60.0,25.131640625,5250745.9119189195
13899,60.0,25.4078125,7550646.914451059
13900,56.25,25.683984375,7197471.032263662
13901,56.25,25.96015625,34007494.19316769
13902,60.0,25.683984375,4112840.5898649497
13903,60.0,25.96015625,19432853.82466725
13904,56.25,26.236328125,14909984.323825922
13905,56.25,26.5125,4095487.247294265
13906,60.0,26.236328125,8519991.042186242
13907,60.0,26.5125,2340278.4270252944
13908,48.75,26.788671875,89201315.15566373
13909,48.75,27.06484375,88425784.75356197
13910,52.5,26.788671875,40059064.35791397
13911,52.5,27.06484375,43350697.18856401
13912,48.75,27.341015625,83269695.10388592
13913,48.75,27.6171875,130975163.07163963
13914,52.5,27.341015625,50341049.589509
13915,52.5,27.6171875,104851872.46735267
13916,48.75,27.893359375,95164230.9880676
13917,48.75,28.16953125000001,79080046.50662144
13918,52.5,27.893359375,84698302.56427805
13919,52.5,28.16953125000001,42764351.762124196
13920,48.75,28.445703125,81925798.43943478
13921,48.75,28.721875,87779410.5342269
13922,52.5,28.445703125,56700269.15778592
13923,52.5,28.721875,75429253.85918583
13924,48.75,28.998046875,68625530.72243547
13925,48.75,29.27421875,74576321.28428258
13926,52.5,28.998046875,59171138.63937606
13927,52.5,29.27421875,54648029.415057845
13928,48.75,29.550390625,84670188.01005824
13929,48.75,29.8265625,59584803.188089155
13930,52.5,29.550390625,72686606.75060262
13931,52.5,29.8265625,43516922.491973296
13932,48.75,30.102734375,82940639.44647102
13933,48.75,30.37890625,111478525.58019415
13934,52.5,30.102734375,56999025.79171944
13935,52.5,30.37890625,76725603.9879401
13936,48.75,30.655078125,74285174.45590715
13937,48.75,30.93125,75134877.12336178
13938,52.5,30.655078125,59816176.05606839
13939,52.5,30.93125,41310445.96737045
13940,48.75,31.207421875,80764596.63852848
13941,48.75,31.48359375,72999422.45233795
13942,52.5,31.207421875,40704763.40628343
13943,52.5,31.48359375,40466375.33454247
13944,48.75,31.759765625,119521837.70288335
13945,48.75,32.0359375,39365255.24446975
13946,52.5,31.759765625,56585690.595909014
13947,52.5,32.0359375,28495700.08457485
13948,48.75,32.31210937500001,65200671.41095861
13949,48.75,32.58828125,40436854.79712706
13950,52.5,32.31210937500001,40163198.702045806
13951,52.5,32.58828125,21582689.755469617
13952,48.75,32.864453125,70706373.58091304
13953,48.75,33.140625,96329014.03110558
13954,52.5,32.864453125,33098979.75704293
13955,52.5,33.140625,42577308.72287659
13956,48.75,33.416796875,75780564.07696499
13957,48.75,33.69296875,72845270.60358119
13958,52.5,33.416796875,34198808.96536422
13959,52.5,33.69296875,48059393.817510694
13960,48.75,33.96914062499999,83621811.43962525
13961,48.75,34.2453125,183201186.4920836
13962,52.5,33.96914062499999,71173537.57997921
13963,52.5,34.2453125,155881618.00363374
13964,48.75,34.521484375,127640515.64741941
13965,48.75,34.79765625,88169847.05363306
13966,52.5,34.521484375,79405853.06626101
13967,52.5,34.79765625,57618513.45537649
13968,48.75,35.07382812500001,59118869.19184916
13969,48.75,35.35,70470579.19988047
13970,52.5,35.07382812500001,38003282.31162677
13971,52.5,35.35,41041047.23551332
13972,56.25,26.788671875,6385368.347820707
13973,56.25,27.06484375,11638058.960411364
13974,60.0,26.788671875,3648781.913040404
13975,60.0,27.06484375,6650319.40594935
13976,56.25,27.341015625,24840041.84076716
13977,56.25,27.6171875,76506802.22309953
13978,60.0,27.341015625,14194309.62329552
13979,60.0,27.6171875,43718172.698914014
13980,56.25,27.893359375,68005889.82986607
13981,56.25,28.16953125000001,16234652.524235275
13982,60.0,27.893359375,38860508.47420918
13983,60.0,28.16953125000001,9276944.299563015
13984,56.25,28.445703125,37443971.612569064
13985,56.25,28.721875,61956473.42286287
13986,60.0,28.445703125,30126137.540216196
13987,60.0,28.721875,46238445.463976115
13988,56.25,28.998046875,49161687.28771946
13989,56.25,29.27421875,36655302.39261159
13990,60.0,28.998046875,38042117.39886849
13991,60.0,29.27421875,22533705.063722294
13992,56.25,29.550390625,56887540.146134734
13993,56.25,29.8265625,28947622.381187122
13994,60.0,29.550390625,33457502.851642303
13995,60.0,29.8265625,17375483.441060305
13996,56.25,30.102734375,34860550.32489538
13997,56.25,30.37890625,47013067.54609888
13998,60.0,30.102734375,20328351.23392639
13999,60.0,30.37890625,27381301.40508335
14000,56.25,30.655078125,44191940.58118154
14001,56.25,30.93125,16636590.283368986
14002,60.0,30.655078125,26257230.956198514
14003,60.0,30.93125,10263885.543347247
14004,56.25,31.207421875,12378620.527434422
14005,56.25,31.48359375,16678301.925279493
14006,60.0,31.207421875,7519858.355377515
14007,60.0,31.48359375,10380175.933081541
14008,56.25,31.759765625,13015641.044776717
14009,56.25,32.0359375,18762292.21994439
14010,60.0,31.759765625,8177786.605328511
14011,60.0,32.0359375,11301178.945842845
14012,56.25,32.31210937500001,20537606.450757593
14013,56.25,32.58828125,7886590.595069068
14014,60.0,32.31210937500001,11735775.114718627
14015,60.0,32.58828125,4506623.197182325
14016,56.25,32.864453125,7023960.890155012
14017,56.25,33.140625,5899983.702716765
14018,60.0,32.864453125,4013691.9372314354
14019,60.0,33.140625,3371419.2586952946
14020,56.25,33.416796875,5667934.029593239
14021,56.25,33.69296875,27593541.46511407
14022,60.0,33.416796875,3238819.445481851
14023,60.0,33.69296875,15767737.980065182
14024,56.25,33.96914062499999,55577637.39777222
14025,56.25,34.2453125,120460000.80158378
14026,60.0,33.96914062499999,33686484.57044334
14027,60.0,34.2453125,68834286.17233358
14028,56.25,34.521484375,41343234.92730266
14029,56.25,34.79765625,32594588.00780477
14030,60.0,34.521484375,23624705.67274437
14031,60.0,34.79765625,18625478.861602727
14032,56.25,35.07382812500001,20935446.3425437
14033,56.25,35.35,18743689.351859994
14034,60.0,35.07382812500001,11963112.195739254
14035,60.0,35.35,10710679.629634282
14036,3.75,35.626171875,3281546309.563615
14037,3.75,35.90234375,3378265119.177135
14038,7.5,35.626171875,3004676234.158658
14039,7.5,35.90234375,3041013171.1130776
14040,3.75,36.178515625,3247454616.979396
14041,3.75,36.45468750000001,3102945501.8911314
14042,7.5,36.178515625,2894462955.8407335
14043,7.5,36.45468750000001,2801710857.975332
14044,3.75,36.73085937500001,3180669390.23483
14045,3.75,37.00703125,2957693926.0160313
14046,7.5,36.73085937500001,2910278312.733586
14047,7.5,37.00703125,2804613606.5743837
14048,3.75,37.283203125,3270819062.976774
14049,3.75,37.559375,2866265044.4957695
14050,7.5,37.283203125,3061146772.7109294
14051,7.5,37.559375,2650758368.1437635
14052,3.75,37.83554687500001,3016884126.2757635
14053,3.75,38.11171875,2681065086.7576575
14054,7.5,37.83554687500001,2726295701.4523034
14055,7.5,38.11171875,2511694378.8463464
14056,3.75,38.387890625,2680164190.333893
14057,3.75,38.6640625,2561464584.6568155
14058,7.5,38.387890625,2456771956.3536887
14059,7.5,38.6640625,2372465033.9786186
14060,3.75,38.940234375,2618141935.8852654
14061,3.75,39.21640625,2608574254.8580103
14062,7.5,38.940234375,2372249415.425137
14063,7.5,39.21640625,2375379974.2713747
14064,3.75,39.49257812499999,2592404957.0754237
14065,3.75,39.76875,2392775796.9164653
14066,7.5,39.49257812499999,2418479184.8586054
14067,7.5,39.76875,2182377395.2679853
14068,3.75,40.044921875,2323574524.005216
14069,3.75,40.32109375,2239308450.2413993
14070,7.5,40.044921875,2132247073.5345888
14071,7.5,40.32109375,2068587624.525581
14072,3.75,40.59726562499999,2190918473.0291295
14073,3.75,40.87343749999999,1837379251.1485722
14074,7.5,40.59726562499999,2058666111.311437
14075,7.5,40.87343749999999,1721710882.2856092
14076,3.75,41.149609375,1817657373.5288544
14077,3.75,41.42578125,1841731528.6861157
14078,7.5,41.149609375,1669842024.4826734
14079,7.5,41.42578125,1711899498.541767
14080,3.75,41.701953125,1763792068.429798
14081,3.75,41.978125,1712780942.8067787
14082,7.5,41.701953125,1744913725.6807752
14083,7.5,41.978125,1628004358.673308
14084,3.75,42.25429687499999,1732184758.2560196
14085,3.75,42.53046875,1676720936.221696
14086,7.5,42.25429687499999,1572329992.099077
14087,7.5,42.53046875,1540454129.8040648
14088,3.75,42.806640625,1710197252.073822
14089,3.75,43.0828125,1779659333.3763227
14090,7.5,42.806640625,1572962914.1322231
14091,7.5,43.0828125,1612893970.4198754
14092,3.75,43.35898437500001,1434186960.1310592
14093,3.75,43.63515625,1517239414.038351
14094,7.5,43.35898437500001,1338848656.3185248
14095,7.5,43.63515625,1458150787.6726363
14096,3.75,43.911328125,1339687296.9905515
14097,3.75,44.1875,1346698231.2393441
14098,7.5,43.911328125,1221018461.876325
14099,7.5,44.1875,1231741523.390499
14100,11.25,35.626171875,2634424220.944451
14101,11.25,35.90234375,2586900606.601694
14102,15.0,35.626171875,2264172207.7302437
14103,15.0,35.90234375,2132788042.0903113
14104,11.25,36.178515625,2411507187.0594316
14105,11.25,36.45468750000001,2390058052.0411625
14106,15.0,36.178515625,1928551418.2781293
14107,15.0,36.45468750000001,1978405246.106993
14108,11.25,36.73085937500001,2453250982.211193
14109,11.25,37.00703125,2589921974.9814806
14110,15.0,36.73085937500001,1996223651.6888006
14111,15.0,37.00703125,2375230343.3885775
14112,11.25,37.283203125,2700598861.0809174
14113,11.25,37.559375,2348602880.0850205
14114,15.0,37.283203125,2340050949.450905
14115,15.0,37.559375,2046447392.0262773
14116,11.25,37.83554687500001,2288864746.950927
14117,11.25,38.11171875,2255605543.798278
14118,15.0,37.83554687500001,1851433792.4495492
14119,15.0,38.11171875,1999516708.7502086
14120,11.25,38.387890625,2127366501.7472296
14121,11.25,38.6640625,2101683626.9409919
14122,15.0,38.387890625,1797961047.1407707
14123,15.0,38.6640625,1830902219.9033651
14124,11.25,38.940234375,2026967609.873546
14125,11.25,39.21640625,1985799854.1866236
14126,15.0,38.940234375,1681685804.3219545
14127,15.0,39.21640625,1596219734.1018722
14128,11.25,39.49257812499999,2027551719.22748
14129,11.25,39.76875,1831936673.5354133
14130,15.0,39.49257812499999,1636624253.5963545
14131,15.0,39.76875,1481495951.8028412
14132,11.25,40.044921875,1849148610.4653683
14133,11.25,40.32109375,1778559126.7693212
14134,15.0,40.044921875,1566050147.3961477
14135,15.0,40.32109375,1488530629.0130615
14136,11.25,40.59726562499999,1821747468.6021914
14137,11.25,40.87343749999999,1573130092.709815
14138,15.0,40.59726562499999,1584828825.8929458
14139,15.0,40.87343749999999,1424549303.1340203
14140,11.25,41.149609375,1509723737.5701382
14141,11.25,41.42578125,1533276629.1577227
14142,15.0,41.149609375,1349605450.6576028
14143,15.0,41.42578125,1354653759.773678
14144,11.25,41.701953125,1717026121.4576466
14145,11.25,41.978125,1477322860.5289512
14146,15.0,41.701953125,1689138517.234518
14147,15.0,41.978125,1326641362.3845944
14148,11.25,42.25429687499999,1375251282.482706
14149,11.25,42.53046875,1316102509.6005986
14150,15.0,42.25429687499999,1178172572.866335
14151,15.0,42.53046875,1091750889.3971329
14152,11.25,42.806640625,1325073114.3164423
14153,11.25,43.0828125,1271930845.1303163
14154,15.0,42.806640625,1077183314.5006616
14155,15.0,43.0828125,930967719.8407571
14156,11.25,43.35898437500001,1241268221.8590841
14157,11.25,43.63515625,1334522309.9523058
14158,15.0,43.35898437500001,1143687787.3996434
14159,15.0,43.63515625,1210893832.231975
14160,11.25,43.911328125,1048070498.1901863
14161,11.25,44.1875,1058931173.5342301
14162,15.0,43.911328125,875122534.5040476
14163,15.0,44.1875,886120823.677961
14164,3.75,44.463671875,1321064812.6750257
14165,3.75,44.73984375,1134600745.365228
14166,7.5,44.463671875,1240665254.1342912
14167,7.5,44.73984375,1109540456.5340328
14168,3.75,45.01601562499999,1217984236.2095213
14169,3.75,45.2921875,1269215048.9882152
14170,7.5,45.01601562499999,1158149287.1714733
14171,7.5,45.2921875,1168621546.8578105
14172,3.75,45.568359375,1308672298.6327162
14173,3.75,45.84453125,1210885039.4557226
14174,7.5,45.568359375,1231647223.6186595
14175,7.5,45.84453125,1151427676.7575932
14176,3.75,46.12070312500001,1272837653.5443182
14177,3.75,46.396875,1394231401.6166186
14178,7.5,46.12070312500001,1139573915.242317
14179,7.5,46.396875,1275602378.8664432
14180,3.75,46.673046875,1103801890.6046484
14181,3.75,46.94921875,985038268.1320343
14182,7.5,46.673046875,1049951536.6694254
14183,7.5,46.94921875,943049874.8808869
14184,3.75,47.225390625,931747192.7481141
14185,3.75,47.50156250000001,1080133339.3928115
14186,7.5,47.225390625,898543465.674206
14187,7.5,47.50156250000001,1036078598.3020836
14188,3.75,47.77773437500001,942767151.6055729
14189,3.75,48.05390625,1026320232.9458859
14190,7.5,47.77773437500001,920422836.8735099
14191,7.5,48.05390625,946121956.6143813
14192,3.75,48.330078125,991363266.7944555
14193,3.75,48.60625,1011957636.5046301
14194,7.5,48.330078125,903569264.8625183
14195,7.5,48.60625,928620188.3471541
14196,3.75,48.88242187500001,790207370.1857344
14197,3.75,49.15859375,627555716.125224
14198,7.5,48.88242187500001,723840210.8512113
14199,7.5,49.15859375,623879423.0705162
14200,3.75,49.434765625,775950552.7540137
14201,3.75,49.7109375,783143494.6521772
14202,7.5,49.434765625,727794303.9623233
14203,7.5,49.7109375,735904665.6424814
14204,3.75,49.987109375,784149062.0568502
14205,3.75,50.26328125000001,700228318.4310321
14206,7.5,49.987109375,736713353.5095847
14207,7.5,50.26328125000001,643115047.7261589
14208,3.75,50.53945312500001,638502679.7423717
14209,3.75,50.815625,563726888.5009348
14210,7.5,50.53945312500001,606632399.4512453
14211,7.5,50.815625,524162623.6148576
14212,3.75,51.091796875,541213872.7698483
14213,3.75,51.36796875,636860253.1925462
14214,7.5,51.091796875,537650151.7813613
14215,7.5,51.36796875,614254748.8387358
14216,3.75,51.64414062500001,602817142.9189167
14217,3.75,51.92031250000001,627592950.1920674
14218,7.5,51.64414062500001,540250811.8993807
14219,7.5,51.92031250000001,557804856.6572198
14220,3.75,52.19648437500001,497969230.228482
14221,3.75,52.47265625000001,591082071.1180382
14222,7.5,52.19648437500001,465034133.279091
14223,7.5,52.47265625000001,533933342.61330503
14224,3.75,52.748828125,609958710.3712085
14225,3.75,53.02500000000001,625367341.7930796
14226,7.5,52.748828125,528774448.3533398
14227,7.5,53.02500000000001,585265277.811595
14228,11.25,44.463671875,1097029597.3644443
14229,11.25,44.73984375,1066453747.7018243
14230,15.0,44.463671875,953393940.5945977
14231,15.0,44.73984375,1023367038.8696158
14232,11.25,45.01601562499999,1051829807.7046783
14233,11.25,45.2921875,1003130187.9069315
14234,15.0,45.01601562499999,945510328.2378833
14235,15.0,45.2921875,837638828.9560527
14236,11.25,45.568359375,1068192971.1945248
14237,11.25,45.84453125,998452451.3144557
14238,15.0,45.568359375,904738718.77039
14239,15.0,45.84453125,845477225.8713183
14240,11.25,46.12070312500001,922383324.1272041
14241,11.25,46.396875,1002320856.1088359
14242,15.0,46.12070312500001,705192733.0120914
14243,15.0,46.396875,729039333.3512285
14244,11.25,46.673046875,904710679.1582377
14245,11.25,46.94921875,845566134.5831939
14246,15.0,46.673046875,759469821.64705
14247,15.0,46.94921875,748082394.285501
14248,11.25,47.225390625,828961068.9391649
14249,11.25,47.50156250000001,916085312.3710133
14250,15.0,47.225390625,759378672.2041237
14251,15.0,47.50156250000001,796092026.4399431
14252,11.25,47.77773437500001,862373070.5981884
14253,11.25,48.05390625,795466424.880713
14254,15.0,47.77773437500001,804323304.322867
14255,15.0,48.05390625,644810893.1470447
14256,11.25,48.330078125,787557559.0351961
14257,11.25,48.60625,778325902.8911396
14258,15.0,48.330078125,671545853.2078738
14259,15.0,48.60625,628031617.4351251
14260,11.25,48.88242187500001,614189803.7282314
14261,11.25,49.15859375,600405105.14943
14262,15.0,48.88242187500001,504539396.60525155
14263,15.0,49.15859375,576930787.2283438
14264,11.25,49.434765625,610963256.7435839
14265,11.25,49.7109375,605156081.8162957
14266,15.0,49.434765625,494132209.5248443
14267,15.0,49.7109375,474407497.99010986
14268,11.25,49.987109375,621300274.6960819
14269,11.25,50.26328125000001,533360012.0648917
14270,15.0,49.987109375,505887195.88257915
14271,15.0,50.26328125000001,423604976.4036245
14272,11.25,50.53945312500001,529768764.9094952
14273,11.25,50.815625,470093901.3322183
14274,15.0,50.53945312500001,452905130.3677451
14275,15.0,50.815625,416025179.04957896
14276,11.25,51.091796875,569509253.0339415
14277,11.25,51.36796875,554146829.0140071
14278,15.0,51.091796875,601368354.2865217
14279,15.0,51.36796875,494038909.1892782
14280,11.25,51.64414062500001,429409668.5268429
14281,11.25,51.92031250000001,445932588.35288906
14282,15.0,51.64414062500001,318568525.15430504
14283,15.0,51.92031250000001,334060320.0485584
14284,11.25,52.19648437500001,434054954.1628461
14285,11.25,52.47265625000001,447724476.42932004
14286,15.0,52.19648437500001,403075775.0466011
14287,15.0,52.47265625000001,361515610.245335
14288,11.25,52.748828125,439172436.4755311
14289,11.25,53.02500000000001,507862802.7374544
14290,15.0,52.748828125,349570424.5977225
14291,15.0,53.02500000000001,430460327.66331387
14292,18.75,35.626171875,1684452434.710185
14293,18.75,35.90234375,1691659912.5065706
14294,22.5,35.626171875,1104732661.6901264
14295,22.5,35.90234375,1250531782.9228299
14296,18.75,36.178515625,1545236849.2156336
14297,18.75,36.45468750000001,1585848230.641839
14298,22.5,36.178515625,1161922280.1531377
14299,22.5,36.45468750000001,1193291215.176685
14300,18.75,36.73085937500001,1537837698.7903783
14301,18.75,37.00703125,1778590209.4253721
14302,22.5,36.73085937500001,1079451745.8919559
14303,22.5,37.00703125,1181950075.4621673
14304,18.75,37.283203125,1754003021.8050528
14305,18.75,37.559375,1564953884.6753922
14306,22.5,37.283203125,1167955094.1592002
14307,22.5,37.559375,1083460377.3245075
14308,18.75,37.83554687500001,1467446090.1829607
14309,18.75,38.11171875,1516628371.9776673
14310,22.5,37.83554687500001,1083458387.9163718
14311,22.5,38.11171875,1033740035.2051259
14312,18.75,38.387890625,1385974304.1321132
14313,18.75,38.6640625,1363171929.060698
14314,22.5,38.387890625,973987561.1234559
14315,22.5,38.6640625,895441638.2180309
14316,18.75,38.940234375,1329492018.6774325
14317,18.75,39.21640625,1246887923.893576
14318,22.5,38.940234375,977298233.0329105
14319,22.5,39.21640625,897556113.6852797
14320,18.75,39.49257812499999,1274459991.11558
14321,18.75,39.76875,1241627097.2421584
14322,22.5,39.49257812499999,912295728.6348057
14323,22.5,39.76875,1001758242.6814756
14324,18.75,40.044921875,1242023893.3584752
14325,18.75,40.32109375,1163469043.793804
14326,22.5,40.044921875,917997639.3208025
14327,22.5,40.32109375,838407458.5745462
14328,18.75,40.59726562499999,1221611486.9520342
14329,18.75,40.87343749999999,1099202175.206474
14330,22.5,40.59726562499999,858394148.0111226
14331,22.5,40.87343749999999,773855047.2789273
14332,18.75,41.149609375,1039572314.1670269
14333,18.75,41.42578125,1062821638.7788897
14334,22.5,41.149609375,729539177.6764508
14335,22.5,41.42578125,770989517.7841012
14336,18.75,41.701953125,1299722691.4897351
14337,18.75,41.978125,1035160653.2056456
14338,22.5,41.701953125,910306865.7449521
14339,22.5,41.978125,743679944.0266964
14340,18.75,42.25429687499999,982054160.4244529
14341,18.75,42.53046875,866547490.4872639
14342,22.5,42.25429687499999,785935747.9825709
14343,22.5,42.53046875,641344091.5773952
14344,18.75,42.806640625,838905003.2609321
14345,18.75,43.0828125,755530214.8177315
14346,22.5,42.806640625,600626692.0212027
14347,22.5,43.0828125,580092709.7947059
14348,18.75,43.35898437500001,905770645.1238604
14349,18.75,43.63515625,953211139.0628945
14350,22.5,43.35898437500001,667853502.8480769
14351,22.5,43.63515625,695528445.8938138
14352,18.75,43.911328125,712249345.1676271
14353,18.75,44.1875,745710633.7077858
14354,22.5,43.911328125,549376155.8312068
14355,22.5,44.1875,605300443.7376107
14356,26.25,35.626171875,662308568.5544195
14357,26.25,35.90234375,879071358.9243585
14358,30.0,35.626171875,494475835.18741614
14359,30.0,35.90234375,646946346.0964271
14360,26.25,36.178515625,836703555.2976416
14361,26.25,36.45468750000001,855479643.542397
14362,30.0,36.178515625,627676518.8561449
14363,30.0,36.45468750000001,627158959.5698409
14364,26.25,36.73085937500001,723397507.6398329
14365,26.25,37.00703125,738946823.8454134
14366,30.0,36.73085937500001,572006698.680309
14367,30.0,37.00703125,603217336.9215622
14368,26.25,37.283203125,736416218.064117
14369,26.25,37.559375,710304768.8500122
14370,30.0,37.283203125,613895445.0705724
14371,30.0,37.559375,553824958.1282964
14372,26.25,37.83554687500001,749163116.5712628
14373,26.25,38.11171875,657972556.8073018
14374,30.0,37.83554687500001,514252707.0691132
14375,30.0,38.11171875,496446795.1589125
14376,26.25,38.387890625,645856089.6050744
14377,26.25,38.6640625,541868202.9534512
14378,30.0,38.387890625,485435161.0672453
14379,30.0,38.6640625,416608478.845046
14380,26.25,38.940234375,673250688.7217726
14381,26.25,39.21640625,612443521.4659392
14382,30.0,38.940234375,465495627.0774023
14383,30.0,39.21640625,455769365.2245102
14384,26.25,39.49257812499999,613217320.2735204
14385,26.25,39.76875,756881763.4523251
14386,30.0,39.49257812499999,440310620.15121365
14387,30.0,39.76875,501990034.8862386
14388,26.25,40.044921875,636702500.2926455
14389,26.25,40.32109375,567258234.3680674
14390,30.0,40.044921875,440869591.2835194
14391,30.0,40.32109375,403933732.18714607
14392,26.25,40.59726562499999,564574917.253487
14393,26.25,40.87343749999999,512608064.0219618
14394,30.0,40.59726562499999,409551902.8624037
14395,30.0,40.87343749999999,379561370.10615814
14396,26.25,41.149609375,480058304.95154625
14397,26.25,41.42578125,536291869.34219474
14398,30.0,41.149609375,351681959.7579841
14399,30.0,41.42578125,415863166.00605214
14400,26.25,41.701953125,596815463.7972779
14401,26.25,41.978125,505540217.8568511
14402,30.0,41.701953125,435172909.44382143
14403,30.0,41.978125,374082457.7052134
14404,26.25,42.25429687499999,598345915.0637339
14405,26.25,42.53046875,451880180.1598002
14406,30.0,42.25429687499999,427813241.1909871
14407,30.0,42.53046875,333895243.7267529
14408,26.25,42.806640625,404413568.0330354
14409,26.25,43.0828125,421657913.6094159
14410,30.0,42.806640625,292330818.54799235
14411,30.0,43.0828125,297228535.09959733
14412,26.25,43.35898437500001,476852688.9159011
14413,26.25,43.63515625,485164383.5486149
14414,30.0,43.35898437500001,379684531.6709399
14415,30.0,43.63515625,369437582.8511795
14416,26.25,43.911328125,416430259.51452816
14417,26.25,44.1875,473291578.09340423
14418,30.0,43.911328125,343338949.237333
14419,30.0,44.1875,358085361.10113543
14420,18.75,44.463671875,732893139.1634716
14421,18.75,44.73984375,796764196.2756922
14422,22.5,44.463671875,512392337.7323456
14423,22.5,44.73984375,570161353.6817689
14424,18.75,45.01601562499999,715935327.7992178
14425,18.75,45.2921875,672649858.3098376
14426,22.5,45.01601562499999,486360327.3605523
14427,22.5,45.2921875,507660887.6636225
14428,18.75,45.568359375,697947068.9113402
14429,18.75,45.84453125,682054729.0996016
14430,22.5,45.568359375,491155419.05229056
14431,22.5,45.84453125,518632232.327885
14432,18.75,46.12070312500001,602346619.199669
14433,18.75,46.396875,587142930.3363161
14434,22.5,46.12070312500001,499500505.3872466
14435,22.5,46.396875,445246527.3214035
14436,18.75,46.673046875,595902421.5362358
14437,18.75,46.94921875,593936002.0625983
14438,22.5,46.673046875,432335021.4254215
14439,22.5,46.94921875,439789609.83969593
14440,18.75,47.225390625,594268404.6171864
14441,18.75,47.50156250000001,655202039.2549461
14442,22.5,47.225390625,429158137.03024906
14443,22.5,47.50156250000001,514312052.06994903
14444,18.75,47.77773437500001,654391238.3575081
14445,18.75,48.05390625,498802468.31475914
14446,22.5,47.77773437500001,504459172.3921492
14447,22.5,48.05390625,352794043.4824737
14448,18.75,48.330078125,578910140.9012902
14449,18.75,48.60625,520951512.30004597
14450,22.5,48.330078125,486274428.59470636
14451,22.5,48.60625,413871407.1649667
14452,18.75,48.88242187500001,435694850.87280416
14453,18.75,49.15859375,535741202.49089867
14454,22.5,48.88242187500001,366850305.1403569
14455,22.5,49.15859375,494551617.7534535
14456,18.75,49.434765625,410361112.7369267
14457,18.75,49.7109375,426164164.85087705
14458,22.5,49.434765625,326590015.94900894
14459,22.5,49.7109375,377920831.7116443
14460,18.75,49.987109375,428320914.36620384
14461,18.75,50.26328125000001,354255275.706009
14462,22.5,49.987109375,350754632.84982866
14463,22.5,50.26328125000001,284905575.0083934
14464,18.75,50.53945312500001,354557406.4933837
14465,18.75,50.815625,358203354.7123574
14466,22.5,50.53945312500001,256209682.6190223
14467,22.5,50.815625,300381530.3751359
14468,18.75,51.091796875,465115321.5860175
14469,18.75,51.36796875,442396863.22842133
14470,22.5,51.091796875,328862288.8855133
14471,22.5,51.36796875,390754817.2675646
14472,18.75,51.64414062500001,276889183.0640371
14473,18.75,51.92031250000001,298106967.76138926
14474,22.5,51.64414062500001,235209840.97376904
14475,22.5,51.92031250000001,262153615.47422
14476,18.75,52.19648437500001,358816218.8393871
14477,18.75,52.47265625000001,310935874.74919933
14478,22.5,52.19648437500001,314556662.63217306
14479,22.5,52.47265625000001,260356139.25306368
14480,18.75,52.748828125,321063681.22838634
14481,18.75,53.02500000000001,324597634.2417321
14482,22.5,52.748828125,292556937.85905015
14483,22.5,53.02500000000001,218734940.8201503
14484,26.25,44.463671875,350544489.7720173
14485,26.25,44.73984375,391930136.10129964
14486,30.0,44.463671875,306002548.7532844
14487,30.0,44.73984375,310442168.5477391
14488,26.25,45.01601562499999,314955974.31624043
14489,26.25,45.2921875,365121982.0913586
14490,30.0,45.01601562499999,259892916.06063566
14491,30.0,45.2921875,267483206.6669972
14492,26.25,45.568359375,322010344.0522277
14493,26.25,45.84453125,372076568.64739484
14494,30.0,45.568359375,228158418.7701385
14495,30.0,45.84453125,259254571.14935783
14496,26.25,46.12070312500001,397545275.71968657
14497,26.25,46.396875,325458628.4694781
14498,30.0,46.12070312500001,297371814.3418511
14499,30.0,46.396875,249887737.94352683
14500,26.25,46.673046875,292534532.1256191
14501,26.25,46.94921875,307834616.9300819
14502,30.0,46.673046875,200267864.4478406
14503,30.0,46.94921875,220262422.6470451
14504,26.25,47.225390625,302028434.6132695
14505,26.25,47.50156250000001,401000456.2398946
14506,30.0,47.225390625,250859862.5362058
14507,30.0,47.50156250000001,342845643.1197253
14508,26.25,47.77773437500001,379354575.2632467
14509,26.25,48.05390625,246251444.00501096
14510,30.0,47.77773437500001,303904915.8072571
14511,30.0,48.05390625,218640495.23719382
14512,26.25,48.330078125,389814845.8185718
14513,26.25,48.60625,316837032.71865004
14514,30.0,48.330078125,285707522.1033353
14515,30.0,48.60625,239894119.64985818
14516,26.25,48.88242187500001,294528244.76998264
14517,26.25,49.15859375,428345665.743144
14518,30.0,48.88242187500001,215251155.12375447
14519,30.0,49.15859375,312106979.1871056
14520,26.25,49.434765625,258827271.2630385
14521,26.25,49.7109375,323841737.74119234
14522,30.0,49.434765625,223081230.78096247
14523,30.0,49.7109375,258091122.10830215
14524,26.25,49.987109375,277104026.2617148
14525,26.25,50.26328125000001,216449917.19942215
14526,30.0,49.987109375,211284769.53012386
14527,30.0,50.26328125000001,149782345.1677394
14528,26.25,50.53945312500001,176658945.1581726
14529,26.25,50.815625,241845329.9039196
14530,30.0,50.53945312500001,134702180.52434617
14531,30.0,50.815625,181880377.16471365
14532,26.25,51.091796875,215795672.87696958
14533,26.25,51.36796875,320310463.0045742
14534,30.0,51.091796875,149101890.25234687
14535,30.0,51.36796875,212261492.13731685
14536,26.25,51.64414062500001,196887341.22101074
14537,26.25,51.92031250000001,214671085.7549945
14538,30.0,51.64414062500001,165278526.1432719
14539,30.0,51.92031250000001,144130201.1716564
14540,26.25,52.19648437500001,258977230.14167216
14541,26.25,52.47265625000001,205679299.86004677
14542,30.0,52.19648437500001,180758045.08459738
14543,30.0,52.47265625000001,142808252.67326742
14544,26.25,52.748828125,245577233.77842003
14545,26.25,53.02500000000001,141326034.0592506
14546,30.0,52.748828125,161651608.27520207
14547,30.0,53.02500000000001,120824700.61971508
14548,33.75,35.626171875,326643101.8204128
14549,33.75,35.90234375,414821333.2684955
14550,37.5,35.626171875,222895148.58559096
14551,37.5,35.90234375,271109208.2531808
14552,33.75,36.178515625,418649482.4146482
14553,33.75,36.45468750000001,398838275.5972848
14554,37.5,36.178515625,287777615.772199
14555,37.5,36.45468750000001,253099107.8545029
14556,33.75,36.73085937500001,420615889.72078526
14557,33.75,37.00703125,467487849.99771076
14558,37.5,36.73085937500001,300404577.93951786
14559,37.5,37.00703125,327644165.8299917
14560,33.75,37.283203125,491374672.0770278
14561,33.75,37.559375,397345147.40658057
14562,37.5,37.283203125,348703782.5919932
14563,37.5,37.559375,264123790.04177666
14564,33.75,37.83554687500001,279342297.5669635
14565,33.75,38.11171875,334921033.5105231
14566,37.5,37.83554687500001,161955827.72751492
14567,37.5,38.11171875,225512278.5638863
14568,33.75,38.387890625,325014232.5294161
14569,33.75,38.6640625,291348754.7366407
14570,37.5,38.387890625,214241573.80710405
14571,37.5,38.6640625,209038460.4669556
14572,33.75,38.940234375,257740565.4330322
14573,33.75,39.21640625,299095208.9830812
14574,37.5,38.940234375,151110320.11331657
14575,37.5,39.21640625,191473130.4240811
14576,33.75,39.49257812499999,267403920.0289066
14577,33.75,39.76875,247098306.32015222
14578,37.5,39.49257812499999,167126541.43638977
14579,37.5,39.76875,135268590.65321156
14580,33.75,40.044921875,245036682.27439338
14581,33.75,40.32109375,240609230.00622472
14582,37.5,40.044921875,148478091.53969392
14583,37.5,40.32109375,150906024.3122275
14584,33.75,40.59726562499999,254528888.47132027
14585,33.75,40.87343749999999,246514676.19035435
14586,37.5,40.59726562499999,156726996.80829144
14587,37.5,40.87343749999999,156484902.84199885
14588,33.75,41.149609375,223305614.5644219
14589,33.75,41.42578125,295434462.66990966
14590,37.5,41.149609375,143773606.9920177
14591,37.5,41.42578125,207920638.036
14592,33.75,41.701953125,273530355.0903649
14593,33.75,41.978125,242624697.55357575
14594,37.5,41.701953125,170037951.58940062
14595,37.5,41.978125,172623525.13229334
14596,33.75,42.25429687499999,257280567.3182403
14597,33.75,42.53046875,215910307.29370552
14598,37.5,42.25429687499999,164070397.06385157
14599,37.5,42.53046875,156826966.36198983
14600,33.75,42.806640625,180248069.06294936
14601,33.75,43.0828125,172799156.58977872
14602,37.5,42.806640625,139381294.5538978
14603,37.5,43.0828125,109446897.95583318
14604,33.75,43.35898437500001,282516374.4259787
14605,33.75,43.63515625,253710782.15374398
14606,37.5,43.35898437500001,203753643.3675921
14607,37.5,43.63515625,177061155.8500589
14608,33.75,43.911328125,270247638.96013784
14609,33.75,44.1875,242879144.10886657
14610,37.5,43.911328125,201389464.76376075
14611,37.5,44.1875,168795835.39760104
14612,41.25,35.626171875,151189585.41685984
14613,41.25,35.90234375,171603527.1441744
14614,45.0,35.626171875,79484022.2481287
14615,45.0,35.90234375,72097846.03516804
14616,41.25,36.178515625,195983334.02927348
14617,41.25,36.45468750000001,148650698.2266081
14618,45.0,36.178515625,104189052.28634802
14619,45.0,36.45468750000001,44202288.59871328
14620,41.25,36.73085937500001,195783014.74737856
14621,41.25,37.00703125,185743383.0403388
14622,45.0,36.73085937500001,91161451.55523933
14623,45.0,37.00703125,43842600.250685945
14624,41.25,37.283203125,195957834.86121362
14625,41.25,37.559375,142531659.35542876
14626,45.0,37.283203125,43211887.130434036
14627,45.0,37.559375,20939528.66908083
14628,41.25,37.83554687500001,103331327.71941686
14629,41.25,38.11171875,142162026.96812582
14630,45.0,37.83554687500001,44706827.7113188
14631,45.0,38.11171875,58811775.37236534
14632,41.25,38.387890625,128293049.99255055
14633,41.25,38.6640625,148202881.1166305
14634,45.0,38.387890625,42344526.17799707
14635,45.0,38.6640625,87367301.76630543
14636,41.25,38.940234375,95042482.95592807
14637,41.25,39.21640625,108377090.7062954
14638,45.0,38.940234375,38974645.798539594
14639,45.0,39.21640625,25281050.988509707
14640,41.25,39.49257812499999,103163823.60876799
14641,41.25,39.76875,94969881.4358438
14642,45.0,39.49257812499999,39201105.781146176
14643,45.0,39.76875,54671172.218476035
14644,41.25,40.044921875,101556659.94220778
14645,41.25,40.32109375,98013466.86169237
14646,45.0,40.044921875,54635228.344721645
14647,45.0,40.32109375,45120909.41115724
14648,41.25,40.59726562499999,87535666.50928985
14649,41.25,40.87343749999999,87963589.77736744
14650,45.0,40.59726562499999,18344336.210288275
14651,45.0,40.87343749999999,19442276.71273606
14652,41.25,41.149609375,88663768.23019244
14653,41.25,41.42578125,136864252.7532068
14654,45.0,41.149609375,33553929.468367178
14655,45.0,41.42578125,65807867.470413566
14656,41.25,41.701953125,95620623.51468252
14657,41.25,41.978125,133350646.57618862
14658,45.0,41.701953125,21203295.439964395
14659,45.0,41.978125,94077768.02008387
14660,41.25,42.25429687499999,109521478.61864185
14661,41.25,42.53046875,127194423.18093987
14662,45.0,42.25429687499999,54972560.17343213
14663,45.0,42.53046875,97561879.99988994
14664,41.25,42.806640625,134122507.53284195
14665,41.25,43.0828125,76633199.25982422
14666,45.0,42.806640625,128863720.51178607
14667,45.0,43.0828125,43819500.56381525
14668,41.25,43.35898437500001,134193625.40249287
14669,41.25,43.63515625,119950116.74324897
14670,45.0,43.35898437500001,64633607.4373936
14671,45.0,43.63515625,62839077.63643907
14672,41.25,43.911328125,134647858.60779274
14673,41.25,44.1875,115273980.8268372
14674,45.0,43.911328125,67906252.45182472
14675,45.0,44.1875,61752126.25607337
14676,33.75,44.463671875,261460607.7345515
14677,33.75,44.73984375,228954200.99417856
14678,37.5,44.463671875,202815812.26963094
14679,37.5,44.73984375,170528780.06694534
14680,33.75,45.01601562499999,204829857.805031
14681,33.75,45.2921875,169844431.24263573
14682,37.5,45.01601562499999,153484786.7239592
14683,37.5,45.2921875,119512949.18491434
14684,33.75,45.568359375,134306493.48804933
14685,33.75,45.84453125,146432573.65132076
14686,37.5,45.568359375,94827404.48250526
14687,37.5,45.84453125,90072768.62638979
14688,33.75,46.12070312500001,197198352.96401563
14689,33.75,46.396875,174316847.4175755
14690,37.5,46.12070312500001,140060803.4628441
14691,37.5,46.396875,137638508.22314435
14692,33.75,46.673046875,108001196.77006212
14693,33.75,46.94921875,132690228.36400832
14694,37.5,46.673046875,73686350.39416392
14695,37.5,46.94921875,93999052.01153028
14696,33.75,47.225390625,199691290.45914203
14697,33.75,47.50156250000001,284690829.99955595
14698,37.5,47.225390625,151278615.1804296
14699,37.5,47.50156250000001,263344382.57522622
14700,33.75,47.77773437500001,228455256.35126746
14701,33.75,48.05390625,191029546.46937668
14702,37.5,47.77773437500001,171764432.039393
14703,37.5,48.05390625,153720875.7331963
14704,33.75,48.330078125,181600198.3880988
14705,33.75,48.60625,162951206.58106637
14706,37.5,48.330078125,144998718.69934317
14707,37.5,48.60625,115067255.02453849
14708,33.75,48.88242187500001,135974065.47752625
14709,33.75,49.15859375,195868292.63106722
14710,37.5,48.88242187500001,104568123.83906417
14711,37.5,49.15859375,130049057.4982592
14712,33.75,49.434765625,187335190.29888648
14713,33.75,49.7109375,192340506.47541192
14714,37.5,49.434765625,140775271.52332184
14715,37.5,49.7109375,134658260.18497142
14716,33.75,49.987109375,145465512.7985329
14717,33.75,50.26328125000001,83114773.1360566
14718,37.5,49.987109375,107868608.81960547
14719,37.5,50.26328125000001,58330822.911730565
14720,33.75,50.53945312500001,92745415.89051978
14721,33.75,50.815625,121915424.42550772
14722,37.5,50.53945312500001,67157474.01165438
14723,37.5,50.815625,85163564.18100552
14724,33.75,51.091796875,82408107.62772413
14725,33.75,51.36796875,104212521.27005944
14726,37.5,51.091796875,55224313.34388229
14727,37.5,51.36796875,67584622.08043975
14728,33.75,51.64414062500001,133669711.06553303
14729,33.75,51.92031250000001,73589316.58831829
14730,37.5,51.64414062500001,103072178.48942064
14731,37.5,51.92031250000001,54049905.6363156
14732,33.75,52.19648437500001,102538860.02752262
14733,33.75,52.47265625000001,79937205.48648804
14734,37.5,52.19648437500001,62447412.151796184
14735,37.5,52.47265625000001,48712448.99529344
14736,33.75,52.748828125,77725982.77198412
14737,33.75,53.02500000000001,100323367.18017957
14738,37.5,52.748828125,48013206.942708604
14739,37.5,53.02500000000001,72823456.90973715
14740,41.25,44.463671875,137119589.58161652
14741,41.25,44.73984375,123634632.45287576
14742,45.0,44.463671875,71423366.89360215
14743,45.0,44.73984375,76740484.83880618
14744,41.25,45.01601562499999,103998709.23015395
14745,41.25,45.2921875,92835113.81051296
14746,45.0,45.01601562499999,54512631.73634869
14747,45.0,45.2921875,66157278.4361116
14748,41.25,45.568359375,82534733.61523376
14749,41.25,45.84453125,61944059.838011846
14750,45.0,45.568359375,70242062.74796227
14751,45.0,45.84453125,33815351.049633905
14752,41.25,46.12070312500001,104441209.90000449
14753,41.25,46.396875,120406444.69447324
14754,45.0,46.12070312500001,68821616.33716488
14755,45.0,46.396875,103174381.16580215
14756,41.25,46.673046875,68347414.66920586
14757,41.25,46.94921875,79748384.62433162
14758,45.0,46.673046875,63008478.9442478
14759,45.0,46.94921875,65497717.23713297
14760,41.25,47.225390625,104243888.3008928
14761,41.25,47.50156250000001,260402117.99881616
14762,45.0,47.225390625,57209161.42135598
14763,45.0,47.50156250000001,257459853.42240608
14764,41.25,47.77773437500001,124453025.29957621
14765,41.25,48.05390625,111563344.01283434
14766,45.0,47.77773437500001,77141618.55975941
14767,45.0,48.05390625,69405812.29247238
14768,41.25,48.330078125,142150161.0238279
14769,41.25,48.60625,81712784.2241426
14770,45.0,48.330078125,139301603.34831265
14771,45.0,48.60625,48358313.423746705
14772,41.25,48.88242187500001,97097756.20448509
14773,41.25,49.15859375,89439548.07706639
14774,45.0,48.88242187500001,89627388.56990601
14775,45.0,49.15859375,48830038.65587357
14776,41.25,49.434765625,88808413.60101287
14777,41.25,49.7109375,81010198.56575581
14778,45.0,49.434765625,36841555.67870388
14779,45.0,49.7109375,27362136.946540207
14780,41.25,49.987109375,84382881.21700984
14781,41.25,50.26328125000001,54488683.591082886
14782,45.0,49.987109375,60897153.61441422
14783,45.0,50.26328125000001,50646544.270435214
14784,41.25,50.53945312500001,49753943.51026949
14785,41.25,50.815625,60018250.18385521
14786,45.0,50.53945312500001,32350413.00888459
14787,45.0,50.815625,34872936.18670492
14788,41.25,51.091796875,47795513.23043093
14789,41.25,51.36796875,66667258.72963891
14790,45.0,51.091796875,40366713.11697956
14791,45.0,51.36796875,65749895.37883806
14792,41.25,51.64414062500001,72980287.16412146
14793,41.25,51.92031250000001,60011231.499980606
14794,45.0,51.64414062500001,42888395.83882232
14795,45.0,51.92031250000001,65972557.36364563
14796,41.25,52.19648437500001,41419832.86674393
14797,41.25,52.47265625000001,33310837.85189119
14798,45.0,52.19648437500001,20392253.58169166
14799,45.0,52.47265625000001,17909226.70848894
14800,41.25,52.748828125,45406855.95040433
14801,41.25,53.02500000000001,41824258.22384127
14802,45.0,52.748828125,42800504.95810006
14803,45.0,53.02500000000001,10825059.537945397
14804,48.75,35.626171875,60204543.7121817
14805,48.75,35.90234375,58708800.60484874
14806,52.5,35.626171875,40925065.17623471
14807,52.5,35.90234375,45319755.17452944
14808,48.75,36.178515625,82833032.34759788
14809,48.75,36.45468750000001,33290393.194982238
14810,52.5,36.178515625,61477012.40884774
14811,52.5,36.45468750000001,22378497.791251194
14812,48.75,36.73085937500001,62583835.70089241
14813,48.75,37.00703125,32982452.161848564
14814,52.5,36.73085937500001,34006219.8465455
14815,52.5,37.00703125,22122304.073011182
14816,48.75,37.283203125,32275958.46787391
14817,48.75,37.559375,32323764.492788367
14818,52.5,37.283203125,21340029.805313773
14819,52.5,37.559375,43708000.316495895
14820,48.75,37.83554687500001,38501639.42989338
14821,48.75,38.11171875,42953512.08239592
14822,52.5,37.83554687500001,32296451.14846797
14823,52.5,38.11171875,27095248.792426497
14824,48.75,38.387890625,34414430.81850724
14825,48.75,38.6640625,60244298.99781055
14826,52.5,38.387890625,26484335.459017426
14827,52.5,38.6640625,33121296.229315672
14828,48.75,38.940234375,31204348.815529898
14829,48.75,39.21640625,29640670.47356625
14830,52.5,38.940234375,23434051.832520194
14831,52.5,39.21640625,34000289.958622776
14832,48.75,39.49257812499999,40419664.4673668
14833,48.75,39.76875,53530669.01024741
14834,52.5,39.49257812499999,41638223.15358742
14835,52.5,39.76875,52390165.8020188
14836,48.75,40.044921875,39800784.66767508
14837,48.75,40.32109375,32868722.783844743
14838,52.5,40.044921875,24966340.990628496
14839,52.5,40.32109375,20616536.15653224
14840,48.75,40.59726562499999,16426810.656183027
14841,48.75,40.87343749999999,13600951.092207028
14842,52.5,40.59726562499999,14509285.102077778
14843,52.5,40.87343749999999,7759625.471677998
14844,48.75,41.149609375,21399580.86000641
14845,48.75,41.42578125,41674491.15639594
14846,52.5,41.149609375,9245232.25164564
14847,52.5,41.42578125,17541114.84237832
14848,48.75,41.701953125,13821807.792532418
14849,48.75,41.978125,59603031.86139772
14850,52.5,41.701953125,6440320.145100441
14851,52.5,41.978125,25128295.70271158
14852,48.75,42.25429687499999,34976661.35082454
14853,48.75,42.53046875,62045689.57030568
14854,52.5,42.25429687499999,14980762.528216943
14855,52.5,42.53046875,26529499.140721455
14856,48.75,42.806640625,81841738.21246925
14857,48.75,43.0828125,30267866.730054487
14858,52.5,42.806640625,34819755.913152434
14859,52.5,43.0828125,16716232.896293722
14860,48.75,43.35898437500001,46310683.46530808
14861,48.75,43.63515625,51653215.31217173
14862,52.5,43.35898437500001,27987759.49322255
14863,52.5,43.63515625,40467352.987904385
14864,48.75,43.911328125,48309988.11197462
14865,48.75,44.1875,58780278.638354465
14866,52.5,43.911328125,28713723.772124518
14867,52.5,44.1875,55808431.02063556
14868,56.25,35.626171875,24563069.54990296
14869,56.25,35.90234375,31874665.32838289
14870,60.0,35.626171875,14036039.742801692
14871,60.0,35.90234375,18317486.650581826
14872,56.25,36.178515625,41507847.070441216
14873,56.25,36.45468750000001,13312910.345620982
14874,60.0,36.178515625,24312390.932721898
14875,60.0,36.45468750000001,7939938.816192451
14876,56.25,36.73085937500001,13308278.769210706
14877,56.25,37.00703125,13301847.93866504
14878,60.0,36.73085937500001,8369687.245900139
14879,60.0,37.00703125,8560775.713301357
14880,56.25,37.283203125,12627376.420199353
14881,56.25,37.559375,45110540.52216334
14882,60.0,37.283203125,8361273.589976352
14883,60.0,37.559375,26549689.491750583
14884,56.25,37.83554687500001,24943502.47042425
14885,56.25,38.11171875,14655106.66289886
14886,60.0,37.83554687500001,15295032.999143925
14887,60.0,38.11171875,9051206.854254805
14888,56.25,38.387890625,20164971.491946116
14889,56.25,38.6640625,13648367.068507588
14890,60.0,38.387890625,17067070.30971183
14891,60.0,38.6640625,9475585.1230731
14892,56.25,38.940234375,16243180.434591541
14893,56.25,39.21640625,32431666.581692144
14894,60.0,38.940234375,10211160.206824988
14895,60.0,39.21640625,19006557.480787184
14896,56.25,39.49257812499999,37317808.10232939
14897,56.25,39.76875,45460713.91570205
14898,60.0,39.49257812499999,21919445.576114055
14899,60.0,39.76875,26953364.67320909
14900,56.25,40.044921875,13451075.377175435
14901,56.25,40.32109375,10981980.785261191
14902,60.0,40.044921875,8574165.890909385
14903,60.0,40.32109375,6582687.926073041
14904,56.25,40.59726562499999,11714906.685267903
14905,56.25,40.87343749999999,3531875.783059109
14906,60.0,40.59726562499999,7166822.54304878
14907,60.0,40.87343749999999,2531277.9582604985
14908,56.25,41.149609375,1136981.2642403382
14909,56.25,41.42578125,2154146.3740011305
14910,60.0,41.149609375,1120925.5187459777
14911,60.0,41.42578125,4259993.596904826
14912,56.25,41.701953125,2060093.8281304257
14913,56.25,41.978125,4882965.47757096
14914,60.0,41.701953125,3682390.1720843376
14915,60.0,41.978125,13096447.119521394
14916,56.25,42.25429687499999,7045789.12128918
14917,56.25,42.53046875,2783658.6902913875
14918,60.0,42.25429687499999,23232666.545721076
14919,60.0,42.53046875,2578518.1981696794
14920,56.25,42.806640625,3037796.7494068984
14921,56.25,43.0828125,6721584.047896561
14922,60.0,42.806640625,1735883.8568039422
14923,60.0,43.0828125,3840905.1702266056
14924,56.25,43.35898437500001,13800917.239519842
14925,56.25,43.63515625,28883847.508593716
14926,60.0,43.35898437500001,7886238.422582768
14927,60.0,43.63515625,16505055.719196409
14928,56.25,43.911328125,13693354.10236306
14929,56.25,44.1875,47098799.366053425
14930,60.0,43.911328125,7824773.772778891
14931,60.0,44.1875,26913599.637744814
14932,48.75,44.463671875,68524757.35243315
14933,48.75,44.73984375,75840601.62077285
14934,52.5,44.463671875,65626147.81126414
14935,52.5,44.73984375,74940718.40273952
14936,48.75,45.01601562499999,53730887.783226736
14937,48.75,45.2921875,61769145.78420207
14938,52.5,45.01601562499999,52949143.83010478
14939,52.5,45.2921875,57381013.132292554
14940,48.75,45.568359375,54488230.81761847
14941,48.75,45.84453125,30540125.100297205
14942,52.5,45.568359375,38734398.88727467
14943,52.5,45.84453125,27264899.1509605
14944,48.75,46.12070312500001,47559610.910723716
14945,48.75,46.396875,75465131.98278242
14946,52.5,46.12070312500001,26297605.484282535
14947,52.5,46.396875,47755882.799762696
14948,48.75,46.673046875,47110748.61205213
14949,48.75,46.94921875,43356110.703532144
14950,52.5,46.673046875,31213018.27985646
14951,52.5,46.94921875,21214504.169931307
14952,48.75,47.225390625,37416908.65946274
14953,48.75,47.50156250000001,161441938.32121602
14954,52.5,47.225390625,17624655.89756952
14955,52.5,47.50156250000001,65424023.22002591
14956,48.75,47.77773437500001,49037879.87052522
14957,48.75,48.05390625,44127347.04473491
14958,52.5,47.77773437500001,20934141.181291007
14959,52.5,48.05390625,18848881.796997443
14960,48.75,48.330078125,88318156.70957659
14961,48.75,48.60625,31796179.85047313
14962,52.5,48.330078125,37334710.07084051
14963,52.5,48.60625,15234046.277199546
14964,48.75,48.88242187500001,56971971.98541437
14965,48.75,49.15859375,31029788.129229628
14966,52.5,48.88242187500001,24316555.40092274
14967,52.5,49.15859375,13229537.6025857
14968,48.75,49.434765625,24118108.763914544
14969,48.75,49.7109375,17599528.484526135
14970,52.5,49.434765625,11394661.849125214
14971,52.5,49.7109375,7836920.0225120615
14972,48.75,49.987109375,38455340.988997735
14973,48.75,50.26328125000001,32530764.908973757
14974,52.5,49.987109375,16013528.363581242
14975,52.5,50.26328125000001,14414985.547512304
14976,48.75,50.53945312500001,20654420.227068752
14977,48.75,50.815625,22558137.76930493
14978,52.5,50.53945312500001,8958427.445252907
14979,52.5,50.815625,10243339.35190494
14980,48.75,51.091796875,26213876.269256163
14981,48.75,51.36796875,41631505.58216295
14982,52.5,51.091796875,12061039.421532765
14983,52.5,51.36796875,17513115.785487834
14984,48.75,51.64414062500001,27004039.45108326
14985,48.75,51.92031250000001,41655859.913438134
14986,52.5,51.64414062500001,11119683.06334421
14987,52.5,51.92031250000001,17339162.46323065
14988,48.75,52.19648437500001,13478988.444025807
14989,48.75,52.47265625000001,17419643.488257706
14990,52.5,52.19648437500001,6565723.306359949
14991,52.5,52.47265625000001,16930060.26802647
14992,48.75,52.748828125,30908157.04170348
14993,48.75,53.02500000000001,10061832.296225285
14994,52.5,52.748828125,19015809.125306897
14995,52.5,53.02500000000001,9298605.054505173
14996,56.25,44.463671875,55732023.769174196
14997,56.25,44.73984375,65048196.72521097
14998,60.0,44.463671875,31846870.7252424
14999,60.0,44.73984375,37170398.128691986
15000,56.25,45.01601562499999,45874483.545353875
15001,56.25,45.2921875,47648642.44380876
15002,60.0,45.01601562499999,26213990.597345073
15003,60.0,45.2921875,27227795.682176434
15004,56.25,45.568359375,24702863.733664773
15005,56.25,45.84453125,21946238.286644034
15006,60.0,45.568359375,14115922.133522728
15007,60.0,45.84453125,12540707.592368018
15008,56.25,46.12070312500001,10607568.299989864
15009,56.25,46.396875,25622668.759697534
15010,60.0,46.12070312500001,6061467.599994209
15011,60.0,46.396875,14641525.005541446
15012,56.25,46.673046875,18037714.96776026
15013,56.25,46.94921875,5646754.004089408
15014,60.0,46.673046875,10307265.695863007
15015,60.0,46.94921875,3226716.5737653757
15016,56.25,47.225390625,3876093.1326022767
15017,56.25,47.50156250000001,1235569.8418284648
15018,60.0,47.225390625,2214910.361487015
15019,60.0,47.50156250000001,706039.9096162656
15020,56.25,47.77773437500001,1923525.9649096816
15021,56.25,48.05390625,1747000.1778592388
15022,60.0,47.77773437500001,1099157.694234104
15023,60.0,48.05390625,998285.815919565
15024,56.25,48.330078125,2927527.439389402
15025,56.25,48.60625,3668545.908140014
15026,60.0,48.330078125,1672872.8225082299
15027,60.0,48.60625,2096311.9475085794
15028,56.25,48.88242187500001,2227992.9681872795
15029,56.25,49.15859375,1192365.9283868605
15030,60.0,48.88242187500001,1273138.8389641598
15031,60.0,49.15859375,681351.959078206
15032,56.25,49.434765625,2548318.4176907823
15033,56.25,49.7109375,1162450.0835231785
15034,60.0,49.434765625,1456181.9529661613
15035,60.0,49.7109375,664257.1905846734
15036,56.25,49.987109375,920779.9533073015
15037,56.25,50.26328125000001,2045574.3932207506
15038,60.0,49.987109375,526159.9733184581
15039,60.0,50.26328125000001,1168899.6532690006
15040,56.25,50.53945312500001,1015961.5585370518
15041,56.25,50.815625,1779289.522766829
15042,60.0,50.53945312500001,580549.4620211725
15043,60.0,50.815625,1016736.8701524737
15044,56.25,51.091796875,2297587.9993358534
15045,56.25,51.36796875,1254915.5975747074
15046,60.0,51.091796875,1312907.4281919166
15047,60.0,51.36796875,717094.6271855471
15048,56.25,51.64414062500001,463848.1209117353
15049,56.25,51.92031250000001,987026.9760391207
15050,60.0,51.64414062500001,265056.06909242016
15051,60.0,51.92031250000001,564015.4148794976
15052,56.25,52.19648437500001,1712269.8960932055
15053,56.25,52.47265625000001,14528212.522721611
15054,60.0,52.19648437500001,978439.940624689
15055,60.0,52.47265625000001,8301835.727269492
15056,56.25,52.748828125,9701630.033412198
15057,56.25,53.02500000000001,7691063.531688628
15058,60.0,52.748828125,5543788.590521256
15059,60.0,53.02500000000001,4394893.446679216
15060,3.75,53.30117187500001,573962317.4080551
15061,3.75,53.57734375,603133925.385416
15062,7.5,53.30117187500001,513567440.8728576
15063,7.5,53.57734375,536687637.8075568
15064,3.75,53.853515625,587527720.4292729
15065,3.75,54.1296875,454277856.4085535
15066,7.5,53.853515625,531553160.7491951
15067,7.5,54.1296875,384817311.0317998
15068,3.75,54.40585937500001,447284860.4491241
15069,3.75,54.68203125000001,443457819.1750833
15070,7.5,54.40585937500001,378375199.16360056
15071,7.5,54.68203125000001,401480525.74668866
15072,3.75,54.95820312500001,428871185.152352
15073,3.75,55.23437500000001,417625149.0370047
15074,7.5,54.95820312500001,368582482.7619746
15075,7.5,55.23437500000001,356478065.0936885
15076,3.75,55.510546875,462934610.8814612
15077,3.75,55.78671875000001,612647785.9460359
15078,7.5,55.510546875,407128678.7185136
15079,7.5,55.78671875000001,558646687.3912784
15080,3.75,56.06289062500001,471893129.84441257
15081,3.75,56.33906250000001,438361510.8234924
15082,7.5,56.06289062500001,437430097.7790923
15083,7.5,56.33906250000001,391014287.0406313
15084,3.75,56.61523437500001,341802102.2793207
15085,3.75,56.89140625000001,422166288.2497747
15086,7.5,56.61523437500001,321212646.6255962
15087,7.5,56.89140625000001,391395444.66386485
15088,3.75,57.16757812500001,274178230.13144004
15089,3.75,57.44375000000001,231487616.91894716
15090,7.5,57.16757812500001,281947656.2673454
15091,7.5,57.44375000000001,225559781.56136835
15092,3.75,57.71992187500001,214230159.22397915
15093,3.75,57.99609375000001,225465101.0396232
15094,7.5,57.71992187500001,227294304.88633254
15095,7.5,57.99609375000001,207997895.46564972
15096,3.75,58.272265625,195745370.0246901
15097,3.75,58.54843750000001,222728031.0167409
15098,7.5,58.272265625,195695921.45190293
15099,7.5,58.54843750000001,231521347.11076295
15100,3.75,58.82460937500001,203831212.414477
15101,3.75,59.10078125,156479081.01428014
15102,7.5,58.82460937500001,193966970.14162517
15103,7.5,59.10078125,135643205.7711576
15104,3.75,59.376953125,205794921.81071508
15105,3.75,59.653125,184291791.37015262
15106,7.5,59.376953125,195748485.9944139
15107,7.5,59.653125,168663859.72477537
15108,3.75,59.92929687500001,207835342.29879466
15109,3.75,60.20546875,218927484.3789796
15110,7.5,59.92929687500001,188523035.97942612
15111,7.5,60.20546875,197349453.95426548
15112,3.75,60.481640625,326153364.6734013
15113,3.75,60.7578125,289373971.7657861
15114,7.5,60.481640625,293663096.1000701
15115,7.5,60.7578125,260017610.89964533
15116,3.75,61.033984375,321379602.7633327
15117,3.75,61.31015625000001,268070188.84323734
15118,7.5,61.033984375,288758034.6622044
15119,7.5,61.31015625000001,242274045.34097302
15120,3.75,61.58632812500001,208607521.42504108
15121,3.75,61.8625,203560130.2572534
15122,7.5,61.58632812500001,196396284.79252172
15123,7.5,61.8625,187111194.03221214
15124,11.25,53.30117187500001,407321233.932948
15125,11.25,53.57734375,416652487.42456
15126,15.0,53.30117187500001,301075026.9930383
15127,15.0,53.57734375,296617337.0415632
15128,11.25,53.853515625,412223830.60532534
15129,11.25,54.1296875,266389929.73404223
15130,15.0,53.853515625,292894500.46145564
15131,15.0,54.1296875,147962548.43628472
15132,11.25,54.40585937500001,295200693.8560959
15133,11.25,54.68203125000001,338756131.6462639
15134,15.0,54.40585937500001,212026188.54859126
15135,15.0,54.68203125000001,276031737.5458391
15136,11.25,54.95820312500001,314710975.9442688
15137,11.25,55.23437500000001,281874949.9756667
15138,15.0,54.95820312500001,260839469.12656304
15139,15.0,55.23437500000001,207271834.85764498
15140,11.25,55.510546875,316221147.19988817
15141,11.25,55.78671875000001,430971878.16075814
15142,15.0,55.510546875,225313615.68126282
15143,15.0,55.78671875000001,303297068.9302379
15144,11.25,56.06289062500001,349964674.6446878
15145,11.25,56.33906250000001,295841388.2380733
15146,15.0,56.06289062500001,262499251.5102831
15147,15.0,56.33906250000001,200668489.4355152
15148,11.25,56.61523437500001,282147963.98017085
15149,11.25,56.89140625000001,329762400.69159347
15150,15.0,56.61523437500001,243083281.3347454
15151,15.0,56.89140625000001,268129356.7193221
15152,11.25,57.16757812500001,287244319.90339595
15153,11.25,57.44375000000001,211298296.15017176
15154,15.0,57.16757812500001,292540983.53944653
15155,15.0,57.44375000000001,197036810.73897514
15156,11.25,57.71992187500001,260303219.57720834
15157,11.25,57.99609375000001,210692229.15652347
15158,15.0,57.71992187500001,293312134.26808417
15159,15.0,57.99609375000001,213386562.84739727
15160,11.25,58.272265625,219042807.07694015
15161,11.25,58.54843750000001,242122100.16605738
15162,15.0,58.272265625,242389692.7019774
15163,15.0,58.54843750000001,252722853.22135177
15164,11.25,58.82460937500001,193810158.80504864
15165,11.25,59.10078125,134848459.22626373
15166,15.0,58.82460937500001,193653347.46847218
15167,15.0,59.10078125,134053712.68136992
15168,11.25,59.376953125,171727675.67483637
15169,11.25,59.653125,148664793.78033978
15170,15.0,59.376953125,147706865.3552588
15171,15.0,59.653125,128665727.83590417
15172,11.25,59.92929687500001,153509583.99508694
15173,11.25,60.20546875,155913138.41712883
15174,15.0,59.92929687500001,118496132.01074776
15175,15.0,60.20546875,114476822.87999219
15176,11.25,60.481640625,204733740.7340279
15177,11.25,60.7578125,185274555.71861133
15178,15.0,60.481640625,115804385.36798562
15179,15.0,60.7578125,110531500.53757732
15180,11.25,61.033984375,227146028.5510692
15181,11.25,61.31015625000001,182569233.93679792
15182,15.0,61.033984375,165534022.43993402
15183,15.0,61.31015625000001,122864422.53262274
15184,11.25,61.58632812500001,177539221.06158444
15185,11.25,61.8625,160199469.0141769
15186,15.0,61.58632812500001,158682157.33064714
15187,15.0,61.8625,133287743.99614163
15188,18.75,53.30117187500001,296374629.86132836
15189,18.75,53.57734375,246762417.89780158
15190,22.5,53.30117187500001,291674232.7296185
15191,22.5,53.57734375,196907498.75403994
15192,18.75,53.853515625,244896083.6142143
15193,18.75,54.1296875,144222560.80931926
15194,22.5,53.853515625,196897666.76697296
15195,22.5,54.1296875,140482573.18235382
15196,18.75,54.40585937500001,201160007.3837808
15197,18.75,54.68203125000001,220082762.6353394
15198,22.5,54.40585937500001,190293826.21897036
15199,22.5,54.68203125000001,164133787.7248397
15200,18.75,54.95820312500001,222314675.52949107
15201,18.75,55.23437500000001,159519297.6633669
15202,22.5,54.95820312500001,183789881.93241912
15203,22.5,55.23437500000001,111766760.46908888
15204,18.75,55.510546875,175569257.45502886
15205,18.75,55.78671875000001,233270253.94744232
15206,22.5,55.510546875,125824899.22879498
15207,22.5,55.78671875000001,163243438.9646468
15208,18.75,56.06289062500001,215534868.3985377
15209,18.75,56.33906250000001,178847331.69096884
15210,22.5,56.06289062500001,168570485.28679234
15211,22.5,56.33906250000001,157026173.94642246
15212,18.75,56.61523437500001,225307624.803931
15213,18.75,56.89140625000001,219453822.7972864
15214,22.5,56.61523437500001,207531968.2731166
15215,22.5,56.89140625000001,170778288.8752507
15216,18.75,57.16757812500001,228035438.684848
15217,18.75,57.44375000000001,169674212.72378114
15218,22.5,57.16757812500001,163529893.8302495
15219,22.5,57.44375000000001,142311614.70858717
15220,18.75,57.71992187500001,220967873.89314714
15221,18.75,57.99609375000001,165672156.17810768
15222,22.5,57.71992187500001,148623613.51821017
15223,22.5,57.99609375000001,117957749.50881809
15224,18.75,58.272265625,190891842.15110013
15225,18.75,58.54843750000001,202240548.8971199
15226,22.5,58.272265625,139393991.60022286
15227,22.5,58.54843750000001,151758244.57288805
15228,18.75,58.82460937500001,171552407.17910215
15229,18.75,59.10078125,132297890.93624544
15230,22.5,58.82460937500001,149451466.88973215
15231,22.5,59.10078125,130542069.19112098
15232,18.75,59.376953125,134782790.0363504
15233,18.75,59.653125,113511169.52949752
15234,22.5,59.376953125,121858714.71744205
15235,22.5,59.653125,98356611.22309086
15236,18.75,59.92929687500001,138310822.92542052
15237,18.75,60.20546875,114152835.77386016
15238,22.5,59.92929687500001,158125513.84009328
15239,22.5,60.20546875,113828848.66772813
15240,18.75,60.481640625,98296112.47897398
15241,18.75,60.7578125,101752692.78630094
15242,22.5,60.481640625,80787839.58996235
15243,22.5,60.7578125,92973885.03502461
15244,18.75,61.033984375,150243776.2964313
15245,18.75,61.31015625000001,101302830.62324707
15246,22.5,61.033984375,134953530.15292862
15247,22.5,61.31015625000001,79741238.71387136
15248,18.75,61.58632812500001,141692111.91841772
15249,18.75,61.8625,128912991.44240755
15250,22.5,61.58632812500001,124702066.50618833
15251,22.5,61.8625,124538238.88867347
15252,26.25,53.30117187500001,263561206.5728184
15253,26.25,53.57734375,158737275.39988774
15254,30.0,53.30117187500001,188622922.36583787
15255,30.0,53.57734375,143936443.62495446
15256,26.25,53.853515625,152964612.08095792
15257,26.25,54.1296875,128887501.08510557
15258,30.0,53.853515625,117162281.71739544
15259,30.0,54.1296875,101582260.04729162
15260,26.25,54.40585937500001,168967430.26346907
15261,26.25,54.68203125000001,121639272.00640678
15262,30.0,54.40585937500001,126720604.72658604
15263,30.0,54.68203125000001,106053674.67210746
15264,26.25,54.95820312500001,147314622.18141368
15265,26.25,55.23437500000001,75751746.91506422
15266,30.0,54.95820312500001,114938430.12254141
15267,30.0,55.23437500000001,63211780.64154626
15268,26.25,55.510546875,90912905.45423837
15269,26.25,55.78671875000001,104263909.9862271
15270,30.0,55.510546875,85665640.58303638
15271,30.0,55.78671875000001,67378953.01655903
15272,26.25,56.06289062500001,124636140.7133431
15273,26.25,56.33906250000001,131346935.89284669
15274,30.0,56.06289062500001,86761873.2164861
15275,30.0,56.33906250000001,97951537.22121221
15276,26.25,56.61523437500001,175231389.45723853
15277,26.25,56.89140625000001,122300843.0614695
15278,30.0,56.61523437500001,113880966.07123303
15279,30.0,56.89140625000001,74219573.46419723
15280,26.25,57.16757812500001,106796267.34046161
15281,26.25,57.44375000000001,109988908.90602782
15282,30.0,57.16757812500001,65606477.58029504
15283,30.0,57.44375000000001,67745987.5287378
15284,26.25,57.71992187500001,88995324.72472359
15285,26.25,57.99609375000001,77484574.074508
15286,30.0,57.71992187500001,54798979.094138
15287,30.0,57.99609375000001,51493861.11015686
15288,26.25,58.272265625,97564083.86754827
15289,26.25,58.54843750000001,107743073.17476541
15290,30.0,58.272265625,75070061.77127908
15291,30.0,58.54843750000001,76662167.6288611
15292,26.25,58.82460937500001,121504527.22779317
15293,26.25,59.10078125,117833908.93942524
15294,30.0,58.82460937500001,81865588.82071617
15295,30.0,59.10078125,83221071.67458692
15296,26.25,59.376953125,103168958.8713801
15297,26.25,59.653125,83767935.8069186
15298,30.0,59.376953125,72947841.97101104
15299,30.0,59.653125,70311026.17121512
15300,26.25,59.92929687500001,153462293.60934892
15301,26.25,60.20546875,103015635.78432266
15302,30.0,59.92929687500001,99843251.08777025
15303,30.0,60.20546875,71223971.34637034
15304,26.25,60.481640625,69770047.92089763
15305,26.25,60.7578125,83607608.94154131
15306,30.0,60.481640625,71733218.69172676
15307,30.0,60.7578125,73066396.16364412
15308,26.25,61.033984375,113022308.11187497
15309,26.25,61.31015625000001,61646672.13974909
15310,30.0,61.033984375,77809134.27571948
15311,30.0,61.31015625000001,50486156.23613367
15312,26.25,61.58632812500001,103853808.1816622
15313,26.25,61.8625,109190292.47971399
15314,30.0,61.58632812500001,75289124.03254266
15315,30.0,61.8625,71895958.36030373
15316,33.75,53.30117187500001,113684638.15885736
15317,33.75,53.57734375,129135611.85002115
15318,37.5,53.30117187500001,67331271.25002038
15319,37.5,53.57734375,94023000.97065805
15320,33.75,53.853515625,81359951.35383298
15321,33.75,54.1296875,74277019.0094777
15322,37.5,53.853515625,54377723.31334722
15323,37.5,54.1296875,52865781.20148096
15324,33.75,54.40585937500001,84473779.18970303
15325,33.75,54.68203125000001,90468077.33780812
15326,37.5,54.40585937500001,56752431.06620293
15327,37.5,54.68203125000001,75444659.11304136
15328,33.75,54.95820312500001,82562238.06366912
15329,33.75,55.23437500000001,50671814.3680283
15330,37.5,54.95820312500001,57522250.12765893
15331,37.5,55.23437500000001,37225448.10560706
15332,33.75,55.510546875,80418375.71183437
15333,33.75,55.78671875000001,30493996.04689098
15334,37.5,55.510546875,62562023.17629075
15335,37.5,55.78671875000001,21871845.687924083
15336,33.75,56.06289062500001,48887605.719629124
15337,33.75,56.33906250000001,64556138.54957773
15338,37.5,56.06289062500001,31460437.136129707
15339,37.5,56.33906250000001,43534434.70436489
15340,33.75,56.61523437500001,52530542.685227536
15341,33.75,56.89140625000001,26138303.866924956
15342,37.5,56.61523437500001,28100237.73639029
15343,37.5,56.89140625000001,11617864.632111914
15344,33.75,57.16757812500001,24416687.82012845
15345,33.75,57.44375000000001,25503066.151447784
15346,37.5,57.16757812500001,11590185.837486558
15347,37.5,57.44375000000001,11887510.672799654
15348,33.75,57.71992187500001,20602633.463552386
15349,33.75,57.99609375000001,25503148.145805717
15350,37.5,57.71992187500001,10688490.882953692
15351,37.5,57.99609375000001,14777450.143845847
15352,33.75,58.272265625,52576039.67500989
15353,33.75,58.54843750000001,45581262.08295682
15354,37.5,58.272265625,35760508.978474535
15355,37.5,58.54843750000001,29855419.75428132
15356,33.75,58.82460937500001,42226650.41363919
15357,33.75,59.10078125,48608234.4097486
15358,37.5,58.82460937500001,25789454.139993344
15359,37.5,59.10078125,32012900.774178784
15360,33.75,59.376953125,42726725.07064198
15361,33.75,59.653125,56854116.535511635
15362,37.5,59.376953125,28398977.67683969
15363,37.5,59.653125,42943439.48156886
15364,33.75,59.92929687500001,46224208.566191606
15365,33.75,60.20546875,39432306.908418015
15366,37.5,59.92929687500001,24529165.822083075
15367,37.5,60.20546875,24402983.39587616
15368,33.75,60.481640625,73696389.46255589
15369,33.75,60.7578125,62525183.385746926
15370,37.5,60.481640625,68196646.30573997
15371,37.5,60.7578125,53002535.78461712
15372,33.75,61.033984375,42595960.439564
15373,33.75,61.31015625000001,39325640.33251826
15374,37.5,61.033984375,46428851.93644833
15375,37.5,61.31015625000001,30985440.912831925
15376,33.75,61.58632812500001,46724439.883423105
15377,33.75,61.8625,34601624.240893476
15378,37.5,61.58632812500001,29201571.575239714
15379,37.5,61.8625,18120008.117806517
15380,41.25,53.30117187500001,35270362.99025518
15381,41.25,53.57734375,48754500.53908002
15382,45.0,53.30117187500001,3209454.7304899693
15383,45.0,53.57734375,3486000.1075019967
15384,41.25,53.853515625,31805546.434399843
15385,41.25,54.1296875,34401545.008392826
15386,45.0,53.853515625,9233369.555452462
15387,45.0,54.1296875,15937308.815304691
15388,41.25,54.40585937500001,36293821.649394296
15389,41.25,54.68203125000001,60702330.44304091
15390,45.0,54.40585937500001,15835212.232585657
15391,45.0,54.68203125000001,45960001.77304045
15392,41.25,54.95820312500001,36150364.25307982
15393,41.25,55.23437500000001,23325881.84873418
15394,45.0,54.95820312500001,14778478.378500689
15395,45.0,55.23437500000001,9426315.5918613
15396,41.25,55.510546875,38401126.80857633
15397,41.25,55.78671875000001,27381098.634307757
15398,45.0,55.510546875,14240230.440861914
15399,45.0,55.78671875000001,32890351.580691434
15400,41.25,56.06289062500001,24256818.009309083
15401,41.25,56.33906250000001,28699578.272362858
15402,45.0,56.06289062500001,17053198.882488463
15403,45.0,56.33906250000001,13864721.840360826
15404,41.25,56.61523437500001,22129992.00613717
15405,41.25,56.89140625000001,13877840.578528486
15406,45.0,56.61523437500001,16159746.275884043
15407,45.0,56.89140625000001,16137816.52494506
15408,41.25,57.16757812500001,12945327.743607013
15409,41.25,57.44375000000001,12585638.14347247
15410,45.0,57.16757812500001,14300469.649727467
15411,45.0,57.44375000000001,13283765.614145286
15412,41.25,57.71992187500001,12915449.827348446
15413,41.25,57.99609375000001,11684259.623081602
15414,45.0,57.71992187500001,15142408.771743206
15415,45.0,57.99609375000001,8591069.10231736
15416,41.25,58.272265625,21784223.9818061
15417,41.25,58.54843750000001,21807109.034220222
15418,45.0,58.272265625,7807938.98513766
15419,45.0,58.54843750000001,13758798.314159121
15420,41.25,58.82460937500001,20953128.933063086
15421,41.25,59.10078125,24426318.95324322
15422,45.0,58.82460937500001,16116803.726132825
15423,45.0,59.10078125,16839737.132307652
15424,41.25,59.376953125,22017915.036320794
15425,41.25,59.653125,28805878.71850643
15426,45.0,59.376953125,15636852.395801894
15427,45.0,59.653125,14668317.955443997
15428,41.25,59.92929687500001,18796122.96670961
15429,41.25,60.20546875,17754830.34603955
15430,45.0,59.92929687500001,13063080.111336151
15431,45.0,60.20546875,11106677.296202932
15432,41.25,60.481640625,58965446.18510153
15433,41.25,60.7578125,43989170.771871
15434,45.0,60.481640625,49734246.064463094
15435,45.0,60.7578125,34975805.759124875
15436,41.25,61.033984375,69784776.09985256
15437,41.25,61.31015625000001,24055399.735110145
15438,45.0,61.033984375,93140700.26325679
15439,45.0,61.31015625000001,17125358.55738837
15440,41.25,61.58632812500001,17199611.187524397
15441,41.25,61.8625,12044750.9928812
15442,45.0,61.58632812500001,5197650.799809082
15443,45.0,61.8625,5969493.867955882
15444,48.75,53.30117187500001,6007263.791777628
15445,48.75,53.57734375,12105346.986762257
15446,52.5,53.30117187500001,8805072.853065286
15447,52.5,53.57734375,20724693.86602252
15448,48.75,53.853515625,7681599.1492819805
15449,48.75,54.1296875,10843754.05999669
15450,52.5,53.853515625,6129828.7431115005
15451,52.5,54.1296875,5750199.304688696
15452,48.75,54.40585937500001,10490525.58026164
15453,48.75,54.68203125000001,29453139.39756893
15454,52.5,54.40585937500001,5145838.927937624
15455,52.5,54.68203125000001,12946277.022097409
15456,48.75,54.95820312500001,9993098.348535063
15457,48.75,55.23437500000001,6623119.227837681
15458,52.5,54.95820312500001,5207718.318569436
15459,52.5,55.23437500000001,3819922.863814063
15460,48.75,55.510546875,10224542.742919713
15461,48.75,55.78671875000001,22849835.44214663
15462,52.5,55.510546875,6208855.044977511
15463,52.5,55.78671875000001,12809319.303601831
15464,48.75,56.06289062500001,11149156.554816384
15465,48.75,56.33906250000001,9500016.642840499
15466,52.5,56.06289062500001,5245114.2271443
15467,52.5,56.33906250000001,5135311.445320172
15468,48.75,56.61523437500001,11064397.12018369
15469,48.75,56.89140625000001,11095433.65096526
15470,52.5,56.61523437500001,5969047.964483334
15471,52.5,56.89140625000001,6053050.776985462
15472,48.75,57.16757812500001,9832130.286544897
15473,48.75,57.44375000000001,9089051.236797057
15474,52.5,57.16757812500001,5363790.923362327
15475,52.5,57.44375000000001,4894336.85944883
15476,48.75,57.71992187500001,11268405.890385378
15477,48.75,57.99609375000001,8771758.16991097
15478,52.5,57.71992187500001,7394403.009027548
15479,52.5,57.99609375000001,8952447.237504577
15480,48.75,58.272265625,9517885.428495277
15481,48.75,58.54843750000001,12322277.93791945
15482,52.5,58.272265625,11227831.871852893
15483,52.5,58.54843750000001,10885757.561679779
15484,48.75,58.82460937500001,17175117.780706815
15485,48.75,59.10078125,17252499.21462526
15486,52.5,58.82460937500001,18233431.835280806
15487,52.5,59.10078125,17665261.29694287
15488,48.75,59.376953125,16912605.847569063
15489,48.75,59.653125,10606600.576912591
15490,52.5,59.376953125,18188359.299336236
15491,52.5,59.653125,6544883.198381182
15492,48.75,59.92929687500001,10004735.16712158
15493,48.75,60.20546875,9160029.20231146
15494,52.5,59.92929687500001,6946390.2229070105
15495,52.5,60.20546875,7213381.108419988
15496,48.75,60.481640625,32917956.06850522
15497,48.75,60.7578125,23156457.752644755
15498,52.5,60.481640625,16101666.072547344
15499,52.5,60.7578125,11337109.746164633
15500,48.75,61.033984375,59206296.88639294
15501,48.75,61.31015625000001,11667896.620625349
15502,52.5,61.033984375,25271893.5095291
15503,52.5,61.31015625000001,6210434.683862327
15504,48.75,61.58632812500001,3732034.072998165
15505,48.75,61.8625,4314390.270471255
15506,52.5,61.58632812500001,2266417.3461872474
15507,52.5,61.8625,2659286.672986627
15508,56.25,53.30117187500001,9336494.032183262
15509,56.25,53.57734375,23162059.479004852
15510,60.0,53.30117187500001,5335139.446961863
15511,60.0,53.57734375,13235462.559431344
15512,56.25,53.853515625,4458400.746623116
15513,56.25,54.1296875,2060184.1176729435
15514,60.0,53.853515625,2547657.5694989227
15515,60.0,54.1296875,1177248.0672416817
15516,56.25,54.40585937500001,1384875.1814230778
15517,56.25,54.68203125000001,1698989.3419768463
15518,60.0,54.40585937500001,791357.246527473
15519,60.0,54.68203125000001,970851.052558198
15520,56.25,54.95820312500001,1765281.8446016405
15521,56.25,55.23437500000001,1707234.626823527
15522,60.0,54.95820312500001,1008732.4826295087
15523,60.0,55.23437500000001,975562.6438991583
15524,56.25,55.510546875,3090263.673889037
15525,56.25,55.78671875000001,5351186.643167136
15526,60.0,55.510546875,1765864.9565080213
15527,60.0,55.78671875000001,3057820.938952649
15528,56.25,56.06289062500001,1145450.2576092146
15529,56.25,56.33906250000001,1947319.482768294
15530,60.0,56.06289062500001,654543.0043481227
15531,60.0,56.33906250000001,1112753.9901533108
15532,56.25,56.61523437500001,2250629.9614310437
15533,56.25,56.89140625000001,2355029.4200407295
15534,60.0,56.61523437500001,1286074.263674882
15535,60.0,56.89140625000001,1345731.097166131
15536,56.25,57.16757812500001,2086785.7627522035
15537,56.25,57.44375000000001,1835628.031897927
15538,60.0,57.16757812500001,1192449.0072869735
15539,60.0,57.44375000000001,1048930.3039416724
15540,56.25,57.71992187500001,4210267.618773704
15541,56.25,57.99609375000001,7938793.288912776
15542,60.0,57.71992187500001,2405867.2107278313
15543,60.0,57.99609375000001,4536453.307950158
15544,56.25,58.272265625,10821821.646496557
15545,56.25,58.54843750000001,8687067.646996666
15546,60.0,58.272265625,6183898.083712319
15547,60.0,58.54843750000001,4964038.655426666
15548,56.25,58.82460937500001,16571602.721038867
15549,56.25,59.10078125,15723007.014238795
15550,60.0,58.82460937500001,9469487.269165067
15551,60.0,59.10078125,9070720.001491332
15552,56.25,59.376953125,17287153.21935859
15553,56.25,59.653125,3740200.4329817602
15554,60.0,59.376953125,12032028.075891297
15555,60.0,59.653125,3449586.893846309
15556,56.25,59.92929687500001,4294056.894251802
15557,56.25,60.20546875,5176163.748430798
15558,60.0,59.92929687500001,2453746.7967153154
15559,60.0,60.20546875,2957807.8562461706
15560,56.25,60.481640625,4279455.315836833
15561,56.25,60.7578125,3025351.3574473173
15562,60.0,60.481640625,2445403.0376210473
15563,60.0,60.7578125,1728772.20425561
15564,56.25,61.033984375,2317838.184334052
15565,56.25,61.31015625000001,2250610.8852677722
15566,60.0,61.033984375,1324478.962476601
15567,60.0,61.31015625000001,1286063.363010156
15568,56.25,61.58632812500001,1128172.0872741393
15569,56.25,61.8625,1361398.7403305992
15570,60.0,61.58632812500001,644669.7641566511
15571,60.0,61.8625,777942.137331771
15572,3.75,62.138671875,187624282.7045866
15573,3.75,62.41484375,223849800.5986256
15574,7.5,62.138671875,173995338.20560527
15575,7.5,62.41484375,208990704.91285262
15576,3.75,62.69101562500001,190686031.6824009
15577,3.75,62.96718750000001,138198530.2531791
15578,7.5,62.69101562500001,179655576.0685739
15579,7.5,62.96718750000001,133627802.23575166
15580,3.75,63.24335937500001,165428459.8693566
15581,3.75,63.51953125000001,125229762.12168942
15582,7.5,63.24335937500001,158970858.9668537
15583,7.5,63.51953125000001,143420234.98993286
15584,3.75,63.795703125,110056782.24440257
15585,3.75,64.071875,157904860.61577976
15586,7.5,63.795703125,113218887.7614806
15587,7.5,64.071875,146857680.72348118
15588,3.75,64.34804687500001,114261810.54708889
15589,3.75,64.62421875000001,90721698.35924758
15590,7.5,64.34804687500001,131028153.04389152
15591,7.5,64.62421875000001,104222756.69956496
15592,3.75,64.900390625,77391116.24459612
15593,3.75,65.1765625,70440294.0084598
15594,7.5,64.900390625,92686109.4323778
15595,7.5,65.1765625,81479340.27407019
15596,3.75,65.452734375,49805424.016664036
15597,3.75,65.72890625,58314959.038192175
15598,7.5,65.452734375,63878767.04553555
15599,7.5,65.72890625,65443586.4440333
15600,3.75,66.005078125,60589871.16003094
15601,3.75,66.28125,57222965.0508637
15602,7.5,66.005078125,74265718.0455258
15603,7.5,66.28125,55284622.00029367
15604,11.25,62.138671875,145970215.1375374
15605,11.25,62.41484375,164395847.62103897
15606,15.0,62.138671875,117945092.06946953
15607,15.0,62.41484375,119800990.3292253
15608,11.25,62.69101562500001,137311205.77836654
15609,11.25,62.96718750000001,119239770.6033956
15610,15.0,62.69101562500001,94966835.48815913
15611,15.0,62.96718750000001,104851738.97103952
15612,11.25,63.24335937500001,149309981.27082813
15613,11.25,63.51953125000001,177928117.2710376
15614,15.0,63.24335937500001,139649103.57480255
15615,15.0,63.51953125000001,212435999.55214232
15616,11.25,63.795703125,119010095.97426808
15617,11.25,64.071875,130458229.67131266
15618,15.0,63.795703125,124801304.18705554
15619,15.0,64.071875,114058778.61914413
15620,11.25,64.34804687500001,162406028.628727
15621,11.25,64.62421875000001,130194192.33561835
15622,15.0,64.34804687500001,193783904.21356246
15623,15.0,64.62421875000001,156165627.9716717
15624,11.25,64.900390625,122226634.41698857
15625,11.25,65.1765625,99959219.66484545
15626,15.0,64.900390625,151767159.40159932
15627,15.0,65.1765625,118439099.05562073
15628,11.25,65.452734375,93218167.77928141
15629,11.25,65.72890625,92892890.31617355
15630,15.0,65.452734375,122557568.51302728
15631,15.0,65.72890625,120342194.18831381
15632,11.25,66.005078125,109808905.41566971
15633,11.25,66.28125,66751553.698367216
15634,15.0,66.005078125,145352092.78581357
15635,15.0,66.28125,78218485.39644074
15636,18.75,62.138671875,100173159.4588882
15637,18.75,62.41484375,100559680.5608199
15638,22.5,62.138671875,82401226.84830688
15639,22.5,62.41484375,81318370.79241446
15640,18.75,62.69101562500001,93360145.9029232
15641,18.75,62.96718750000001,83619717.70182808
15642,22.5,62.69101562500001,91753456.31768726
15643,22.5,62.96718750000001,62387696.43261663
15644,18.75,63.24335937500001,96734636.53160405
15645,18.75,63.51953125000001,149283212.64487258
15646,22.5,63.24335937500001,53820169.48840555
15647,22.5,63.51953125000001,86130425.73760282
15648,18.75,63.795703125,97301899.67246838
15649,18.75,64.071875,96114979.17111355
15650,22.5,63.795703125,69802495.1578812
15651,22.5,64.071875,78171179.72308296
15652,18.75,64.34804687500001,161052534.0579334
15653,18.75,64.62421875000001,119887710.54853345
15654,22.5,64.34804687500001,128321163.90230435
15655,22.5,64.62421875000001,83609793.12539524
15656,18.75,64.900390625,129028461.59395283
15657,18.75,65.1765625,129328815.52511288
15658,22.5,64.900390625,106289763.78630634
15659,22.5,65.1765625,140218531.99460503
15660,18.75,65.452734375,118815666.33345997
15661,18.75,65.72890625,102618168.17601098
15662,22.5,65.452734375,115073764.1538927
15663,22.5,65.72890625,84894142.16370817
15664,18.75,66.005078125,113111872.77584888
15665,18.75,66.28125,74424570.06017949
15666,22.5,66.005078125,80871652.76588416
15667,22.5,66.28125,70630654.72391821
15668,26.25,62.138671875,66139367.018178
15669,26.25,62.41484375,62640334.28039249
15670,30.0,62.138671875,52897652.74895396
15671,30.0,62.41484375,45088844.28113738
15672,26.25,62.69101562500001,82649031.84405589
15673,26.25,62.96718750000001,45013107.84037524
15674,30.0,62.69101562500001,58549137.59363368
15675,30.0,62.96718750000001,35353384.60207397
15676,26.25,63.24335937500001,22928853.605339717
15677,26.25,63.51953125000001,38962072.5263167
15678,30.0,63.24335937500001,16083840.042539215
15679,30.0,63.51953125000001,23762586.706997897
15680,26.25,63.795703125,45625008.84397446
15681,26.25,64.071875,59655756.24043013
15682,30.0,63.795703125,28091358.931428563
15683,30.0,64.071875,39997084.688532814
15684,26.25,64.34804687500001,94355205.30163008
15685,26.25,64.62421875000001,53584669.521987244
15686,30.0,64.34804687500001,57920069.81086541
15687,30.0,64.62421875000001,36065133.55803967
15688,26.25,64.900390625,81141745.4207954
15689,26.25,65.1765625,129958625.95248735
15690,30.0,64.900390625,51175085.939555496
15691,30.0,65.1765625,77399474.88715006
15692,26.25,65.452734375,99576799.38374867
15693,26.25,65.72890625,64368269.208647706
15694,30.0,65.452734375,60569709.43245116
15695,30.0,65.72890625,38238702.36807199
15696,26.25,66.005078125,52708015.99045837
15697,26.25,66.28125,60751258.54407535
15698,30.0,66.005078125,32697545.68411044
15699,30.0,66.28125,38700900.6770693
15700,33.75,62.138671875,39655938.479729936
15701,33.75,62.41484375,27537354.28188228
15702,37.5,62.138671875,30023377.782785643
15703,37.5,62.41484375,22415431.89095985
15704,33.75,62.69101562500001,34449243.34321146
15705,33.75,62.96718750000001,25693661.3637727
15706,37.5,62.69101562500001,22441238.555353846
15707,37.5,62.96718750000001,17335898.413869526
15708,33.75,63.24335937500001,9238826.479738714
15709,33.75,63.51953125000001,8563100.88767909
15710,37.5,63.24335937500001,7694419.131902391
15711,37.5,63.51953125000001,3398618.913869703
15712,33.75,63.795703125,10557709.01888266
15713,33.75,64.071875,20338413.13663549
15714,37.5,63.795703125,4773048.478140173
15715,37.5,64.071875,26543930.84737815
15716,33.75,64.34804687500001,21484934.32010074
15717,33.75,64.62421875000001,18545597.59409211
15718,37.5,64.34804687500001,15316546.068495393
15719,37.5,64.62421875000001,20024907.11164154
15720,33.75,64.900390625,21208426.45831559
15721,33.75,65.1765625,24840323.82181277
15722,37.5,64.900390625,17089500.618435834
15723,37.5,65.1765625,13980015.518982539
15724,33.75,65.452734375,21562619.481153652
15725,33.75,65.72890625,12109135.52749627
15726,37.5,65.452734375,10223373.278368877
15727,37.5,65.72890625,5713279.269048741
15728,33.75,66.005078125,12687075.377762504
15729,33.75,66.28125,16650542.810063247
15730,37.5,66.005078125,5558540.835640057
15731,37.5,66.28125,7621820.152852081
15732,41.25,62.138671875,22195393.871981226
15733,41.25,62.41484375,23508293.304203756
15734,45.0,62.138671875,14367409.961176807
15735,45.0,62.41484375,24601154.71744766
15736,41.25,62.69101562500001,16479178.49877855
15737,41.25,62.96718750000001,9629115.6081654
15738,45.0,62.69101562500001,10517118.442203252
15739,45.0,62.96718750000001,1922332.802461273
15740,41.25,63.24335937500001,8800314.891548157
15741,41.25,63.51953125000001,3251638.862815024
15742,45.0,63.24335937500001,9906210.651193922
15743,45.0,63.51953125000001,3104658.811760344
15744,41.25,63.795703125,4862882.623299392
15745,41.25,64.071875,45681543.18944079
15746,45.0,63.795703125,4952716.768458613
15747,45.0,64.071875,64819155.531503424
15748,41.25,64.34804687500001,24281531.43646971
15749,41.25,64.62421875000001,31003639.369939476
15750,45.0,64.34804687500001,33246516.80444403
15751,45.0,64.62421875000001,41982371.62823741
15752,41.25,64.900390625,25894441.59923616
15753,41.25,65.1765625,23969128.597405847
15754,45.0,64.900390625,34699382.58003649
15755,45.0,65.1765625,33958241.67582916
15756,41.25,65.452734375,12718048.949840466
15757,41.25,65.72890625,9184278.301665304
15758,45.0,65.452734375,15212724.621312054
15759,45.0,65.72890625,12655277.33428187
15760,41.25,66.005078125,4870974.175630354
15761,41.25,66.28125,5103915.100538357
15762,45.0,66.005078125,4183407.5156206517
15763,45.0,66.28125,2586010.0482246345
15764,48.75,62.138671875,9340093.37365191
15765,48.75,62.41484375,15375721.698404789
15766,52.5,62.138671875,4312776.786127011
15767,52.5,62.41484375,6150288.679361915
15768,48.75,62.69101562500001,6573199.0263770325
15769,48.75,62.96718750000001,1201458.0015382958
15770,52.5,62.69101562500001,2629279.610550813
15771,52.5,62.96718750000001,480583.20061531826
15772,48.75,63.24335937500001,6191381.656996202
15773,48.75,63.51953125000001,1940411.7573502152
15774,52.5,63.24335937500001,2476552.6627984806
15775,52.5,63.51953125000001,776164.702940086
15776,48.75,63.795703125,3095447.980286633
15777,48.75,64.071875,40511972.20718964
15778,52.5,63.795703125,1238179.1921146533
15779,52.5,64.071875,16204788.882875856
15780,48.75,64.34804687500001,20779073.00277752
15781,48.75,64.62421875000001,26238982.267648377
15782,52.5,64.34804687500001,8311629.2011110075
15783,52.5,64.62421875000001,10495592.907059353
15784,48.75,64.900390625,21687114.112522807
15785,48.75,65.1765625,21223901.04739322
15786,52.5,64.900390625,8674845.645009123
15787,52.5,65.1765625,8489560.41895729
15788,48.75,65.452734375,9507952.888320034
15789,48.75,65.72890625,7909548.333926167
15790,52.5,65.452734375,3803181.1553280135
15791,52.5,65.72890625,3163819.3335704673
15792,48.75,66.005078125,2614629.6972629074
15793,48.75,66.28125,1616256.2801403964
15794,52.5,66.005078125,1045851.8789051629
15795,52.5,66.28125,646502.5120561586
15796,56.25,62.138671875,1035295.4321906202
15797,56.25,62.41484375,901253.807212116
15798,60.0,62.138671875,1257484.5454312423
15799,60.0,62.41484375,3605015.228848464
15800,56.25,62.69101562500001,937228.4679785912
15801,56.25,62.96718750000001,271271.10514571023
15802,60.0,62.69101562500001,3748913.871914365
15803,60.0,62.96718750000001,1085084.420582841
15804,56.25,63.24335937500001,1392457.0724414128
15805,56.25,63.51953125000001,1184136.6244302532
15806,60.0,63.24335937500001,5569828.289765651
15807,60.0,63.51953125000001,4736546.497721013
15808,56.25,63.795703125,2133325.9019495184
15809,56.25,64.071875,0.0
15810,60.0,63.795703125,8533303.607798073
15811,60.0,64.071875,0.0
15812,56.25,64.34804687500001,0.0
15813,56.25,64.62421875000001,0.0
15814,60.0,64.34804687500001,0.0
15815,60.0,64.62421875000001,0.0
15816,56.25,64.900390625,0.0
15817,56.25,65.1765625,0.0
15818,60.0,64.900390625,0.0
15819,60.0,65.1765625,0.0
15820,56.25,65.452734375,0.0
15821,56.25,65.72890625,0.0
15822,60.0,65.452734375,0.0
15823,60.0,65.72890625,0.0
15824,56.25,66.005078125,0.0
15825,56.25,66.28125,0.0
15826,60.0,66.005078125,0.0
15827,60.0,66.28125,0.0
15828,3.75,66.557421875,65512171.851755925
15829,3.75,66.83359375,69283097.15778276
15830,7.5,66.557421875,65159728.532901876
15831,7.5,66.83359375,64362085.76426637
15832,3.75,67.109765625,54988026.108262196
15833,3.75,67.3859375,56381691.00933315
15834,7.5,67.109765625,57084757.72399497
15835,7.5,67.3859375,66468522.646840416
15836,3.75,67.662109375,107069835.67598154
15837,3.75,67.93828124999999,89092706.49377899
15838,7.5,67.662109375,100192308.56627549
15839,7.5,67.93828124999999,80525124.58591193
15840,3.75,68.21445312499999,98627119.98141447
15841,3.75,68.490625,76607728.87725487
15842,7.5,68.21445312499999,103055968.6670782
15843,7.5,68.490625,80490806.64940771
15844,11.25,66.557421875,71063187.27912939
15845,11.25,66.83359375,68976193.43705082
15846,15.0,66.557421875,76966646.02535687
15847,15.0,66.83359375,73590301.10983525
15848,11.25,67.109765625,60604749.85378017
15849,11.25,67.3859375,83154483.3920013
15850,15.0,67.109765625,64124741.983565375
15851,15.0,67.3859375,99840444.13716218
15852,11.25,67.662109375,83613301.52089056
15853,11.25,67.93828124999999,75174647.55391787
15854,15.0,67.662109375,67034294.475505635
15855,15.0,67.93828124999999,69824170.5219238
15856,11.25,68.21445312499999,109282213.60499653
15857,11.25,68.490625,85504591.49706993
15858,15.0,68.21445312499999,115508458.54291487
15859,15.0,68.490625,90518376.34473214
15860,18.75,66.557421875,59320520.780782215
15861,18.75,66.83359375,51729869.09910433
15862,22.5,66.557421875,41674395.53620756
15863,22.5,66.83359375,29869437.08837341
15864,18.75,67.109765625,88646229.0561485
15865,18.75,67.3859375,67600666.05432153
15866,22.5,67.109765625,113167716.12873161
15867,22.5,67.3859375,35360887.97148089
15868,18.75,67.662109375,47884102.99935165
15869,18.75,67.93828124999999,51097288.76128236
15870,22.5,67.662109375,28733911.523197666
15871,22.5,67.93828124999999,32370407.000640925
15872,18.75,68.21445312499999,86355643.28381129
15873,18.75,68.490625,82606097.34643272
15874,22.5,68.21445312499999,57202828.02470772
15875,22.5,68.490625,74693818.34813328
15876,26.25,66.557421875,27147038.15405721
15877,26.25,66.83359375,14257921.8513433
15878,30.0,66.557421875,18857216.496755484
15879,30.0,66.83359375,11144240.161714802
15880,26.25,67.109765625,113544997.7996762
15881,26.25,67.3859375,12231171.600493008
15882,30.0,67.109765625,65633868.66734365
15883,30.0,67.3859375,7321578.653210635
15884,26.25,67.662109375,14036365.793282248
15885,26.25,67.93828124999999,17538999.04546088
15886,30.0,67.662109375,8244111.555843978
15887,30.0,67.93828124999999,10498538.70120361
15888,26.25,68.21445312499999,33266352.847043227
15889,26.25,68.490625,60899354.178725414
15890,30.0,68.21445312499999,19762557.83225693
15891,30.0,68.490625,35340519.667100675
15892,33.75,66.557421875,10567394.839453762
15893,33.75,66.83359375,8030558.472086301
15894,37.5,66.557421875,6367855.214763611
15895,37.5,66.83359375,6021359.81964528
15896,33.75,67.109765625,17722739.535011113
15897,33.75,67.3859375,2411985.7059282656
15898,37.5,67.109765625,2150368.465097731
15899,37.5,67.3859375,1243064.218186096
15900,33.75,67.662109375,2451857.3184057064
15901,33.75,67.93828124999999,3458078.356946342
15902,37.5,67.662109375,2877085.248921844
15903,37.5,67.93828124999999,4051416.7439011238
15904,33.75,68.21445312499999,6258762.817470626
15905,33.75,68.490625,9781685.155475935
15906,37.5,68.21445312499999,4811097.358624448
15907,37.5,68.490625,4790050.053316069
15908,41.25,66.557421875,4213456.606379243
15909,41.25,66.83359375,4564402.685797997
15910,45.0,66.557421875,2059057.9979948746
15911,45.0,66.83359375,3107445.551950715
15912,41.25,67.109765625,2747376.426393926
15913,41.25,67.3859375,1944478.460214027
15914,45.0,67.109765625,3344384.3876901194
15915,45.0,67.3859375,2645892.702241958
15916,41.25,67.662109375,6411054.263415187
15917,41.25,67.93828124999999,8461654.49646193
15918,45.0,67.662109375,9945023.277908528
15919,45.0,67.93828124999999,12871892.249022737
15920,41.25,68.21445312499999,9391496.677748332
15921,41.25,68.490625,10082014.655888641
15922,45.0,68.21445312499999,13971895.996872216
15923,45.0,68.490625,15373979.258461215
15924,48.75,66.557421875,1286911.2487467967
15925,48.75,66.83359375,1942153.4699691967
15926,52.5,66.557421875,514764.49949871865
15927,52.5,66.83359375,776861.3879876788
15928,48.75,67.109765625,2090240.242306325
15929,48.75,67.3859375,1653682.9389012237
15930,52.5,67.109765625,836096.0969225299
15931,52.5,67.3859375,661473.1755604895
15932,48.75,67.662109375,6215639.54869283
15933,48.75,67.93828124999999,8044932.655639211
15934,52.5,67.662109375,2486255.819477132
15935,52.5,67.93828124999999,3217973.0622556843
15936,48.75,68.21445312499999,8732434.998045135
15937,48.75,68.490625,9608737.036538258
15938,52.5,68.21445312499999,3492973.999218054
15939,52.5,68.490625,3843494.8146153037
15940,56.25,66.557421875,0.0
15941,56.25,66.83359375,0.0
15942,60.0,66.557421875,0.0
15943,60.0,66.83359375,0.0
15944,56.25,67.109765625,0.0
15945,56.25,67.3859375,0.0
15946,60.0,67.109765625,0.0
15947,60.0,67.3859375,0.0
15948,56.25,67.662109375,0.0
15949,56.25,67.93828124999999,0.0
15950,60.0,67.662109375,0.0
15951,60.0,67.93828124999999,0.0
15952,56.25,68.21445312499999,0.0
15953,56.25,68.490625,0.0
15954,60.0,68.21445312499999,0.0
15955,60.0,68.490625,0.0
15956,3.75,68.766796875,59433197.2494084
15957,3.75,69.04296875,80536298.95853114
15958,7.5,68.766796875,49925665.19763582
15959,7.5,69.04296875,77928969.19702013
15960,3.75,69.319140625,84326504.24252582
15961,7.5,69.319140625,65886452.527368
15962,3.75,69.5953125,55962367.51865919
15963,7.5,69.5953125,44519292.18298573
15964,11.25,68.766796875,44866007.74943524
15965,11.25,69.04296875,80780978.75029187
15966,15.0,68.766796875,39806350.30123467
15967,15.0,69.04296875,83632988.30356361
15968,11.25,69.319140625,44951681.86583679
15969,15.0,69.319140625,24016911.204305585
15970,11.25,69.5953125,37290403.104043126
15971,15.0,69.5953125,30061514.02510053
15972,18.75,68.766796875,43543027.63295229
15973,18.75,69.04296875,74482329.60352558
15974,22.5,68.766796875,47279704.96466991
15975,22.5,69.04296875,65331670.90348753
15976,18.75,69.319140625,27843857.27797803
15977,22.5,69.319140625,31670803.35165047
15978,18.75,69.5953125,42214168.554169774
15979,22.5,69.5953125,54366823.08323902
15980,26.25,68.766796875,46488277.42910947
15981,26.25,69.04296875,56316443.38697331
15982,30.0,68.766796875,36640640.158992864
15983,30.0,69.04296875,47572078.23750672
15984,26.25,69.319140625,30640134.656860024
15985,30.0,69.319140625,19894236.42514379
15986,26.25,69.5953125,54660018.67312454
15987,30.0,69.5953125,31234296.384642594
15988,33.75,68.766796875,26793002.888876263
15989,33.75,69.04296875,38827713.08804012
15990,37.5,68.766796875,22473392.551567297
15991,37.5,69.04296875,27738661.746773668
15992,33.75,69.319140625,9148338.193427557
15993,37.5,69.319140625,4552252.274662422
15994,33.75,69.5953125,7808574.096160648
15995,37.5,69.5953125,91323.32325839315
15996,41.25,68.766796875,20917795.680662163
15997,41.25,69.04296875,15477267.30960729
15998,45.0,68.766796875,19362198.80975703
15999,45.0,69.04296875,3215872.872440908
16000,41.25,69.319140625,3031072.5123728355
16001,45.0,69.319140625,1509892.7500832493
16002,41.25,69.5953125,228308.3081459829
16003,45.0,69.5953125,365293.2930335726
16004,48.75,68.766796875,12101374.256098144
16005,48.75,69.04296875,2009920.5452755676
16006,52.5,68.766796875,4840549.702439258
16007,52.5,69.04296875,803968.218110227
16008,48.75,69.319140625,943682.9688020308
16009,52.5,69.319140625,377473.1875208123
16010,48.75,69.5953125,228308.3081459829
16011,52.5,69.5953125,91323.32325839315
16012,56.25,68.766796875,0.0
16013,56.25,69.04296875,0.0
16014,60.0,68.766796875,0.0
16015,60.0,69.04296875,0.0
16016,56.25,69.319140625,0.0
16017,60.0,69.319140625,0.0
16018,56.25,69.5953125,0.0
16019,60.0,69.5953125,0.0
16020,3.75,69.7333984375,36407534.869740024
16021,7.5,69.7333984375,32585743.67435351
16022,3.75,69.87148437500001,44839092.649482764
16023,7.5,69.87148437500001,36578000.20026428
16024,3.75,69.94052734375,52928940.12897962
16025,7.5,69.94052734375,42338154.4863197
16026,3.75,70.00957031250002,63744638.278769456
16027,7.5,70.00957031250002,50746731.90188328
16028,3.75,70.04409179687502,69152487.35366437
16029,7.5,70.04409179687502,54951020.609665066
16030,3.75,70.07861328125001,74560336.42855705
16031,7.5,70.07861328125001,59155309.317445114
16032,3.75,70.09587402343752,77264260.9660045
16033,7.5,70.09587402343752,61257453.67133602
16034,3.75,70.10450439453126,77118584.5959417
16035,3.75,70.113134765625,75601087.46732932
16036,7.5,70.10450439453126,61177594.26061992
16037,7.5,70.113134765625,60061813.775037296
16038,3.75,70.12176513671875,74083590.33871698
16039,3.75,70.13039550781251,72566093.21010216
16040,7.5,70.12176513671875,58946033.28945467
16041,7.5,70.13039550781251,57830252.8038702
16042,3.75,70.13902587890627,71048596.0814873
16043,3.75,70.14765625000001,69531098.95287494
16044,7.5,70.13902587890627,56714472.31828574
16045,7.5,70.14765625000001,55598691.8327031
16046,11.25,69.7333984375,36469439.39910953
16047,15.0,69.7333984375,40353135.12386554
16048,11.25,69.87148437500001,40186429.50071302
16049,15.0,69.87148437500001,43794858.80116176
16050,11.25,69.94052734375,43060573.35856633
16051,15.0,69.94052734375,43782992.23081296
16052,11.25,70.00957031250002,46649342.40114106
16053,15.0,70.00957031250002,42551952.90039886
16054,11.25,70.04409179687502,48443726.92242844
16055,15.0,70.04409179687502,41936433.23519181
16056,11.25,70.07861328125001,50238111.443715066
16057,15.0,70.07861328125001,41320913.56998502
16058,11.25,70.09587402343752,51135303.70435876
16059,15.0,70.09587402343752,41013153.73738149
16060,11.25,70.10450439453126,51006107.37015581
16061,11.25,70.113134765625,50347659.4017864
16062,15.0,70.10450439453126,40834620.47969172
16063,15.0,70.113134765625,40633505.02853551
16064,11.25,70.12176513671875,49689211.433416985
16065,11.25,70.13039550781251,49030763.46504649
16066,15.0,70.12176513671875,40432389.5773793
16067,15.0,70.13039550781251,40231274.12622277
16068,11.25,70.13902587890627,48372315.49667599
16069,11.25,70.14765625000001,47713867.528306566
16070,15.0,70.13902587890627,40030158.675066225
16071,15.0,70.14765625000001,39829043.22391002
16072,18.75,69.7333984375,56461013.189670995
16073,22.5,69.7333984375,72568891.25547644
16074,18.75,69.87148437500001,57618346.769114934
16075,22.5,69.87148437500001,71441834.73706812
16076,18.75,69.94052734375,54266999.540441506
16077,22.5,69.94052734375,64751006.85007006
16078,18.75,70.00957031250002,48150437.62894435
16079,22.5,70.00957031250002,53748922.35748985
16080,18.75,70.04409179687502,45092156.67319577
16081,22.5,70.04409179687502,48247880.111199744
16082,18.75,70.07861328125001,42033875.717448466
16083,22.5,70.07861328125001,42746837.86491191
16084,18.75,70.09587402343752,40504735.23957417
16085,22.5,70.09587402343752,39996316.741766855
16086,18.75,70.10450439453126,40055202.283611245
16087,18.75,70.113134765625,39894240.06381118
16088,22.5,70.10450439453126,39275784.0875308
16089,22.5,70.113134765625,39154975.099086866
16090,18.75,70.12176513671875,39733277.84401111
16091,18.75,70.13039550781251,39572315.62421077
16092,22.5,70.12176513671875,39034166.11064292
16093,22.5,70.13039550781251,38913357.12219878
16094,18.75,70.13902587890627,39411353.40441044
16095,18.75,70.14765625000001,39250391.18461036
16096,22.5,70.13902587890627,38792548.13375465
16097,22.5,70.14765625000001,38671739.1453107
16098,26.25,69.7333984375,72894042.05359507
16099,30.0,69.7333984375,41653738.316340044
16100,26.25,69.87148437500001,70575306.70957395
16101,30.0,69.87148437500001,40328746.69118512
16102,26.25,69.94052734375,62772801.92442796
16103,30.0,69.94052734375,35870172.52824455
16104,26.25,70.00957031250002,50296089.82112183
16105,30.0,70.00957031250002,28740622.754926756
16106,26.25,70.04409179687502,44057733.769468755
16107,30.0,70.04409179687502,25175847.86826786
16108,26.25,70.07861328125001,37819377.71781826
16109,30.0,70.07861328125001,21611072.981610432
16110,26.25,70.09587402343752,34700199.691991724
16111,30.0,70.09587402343752,19828685.538280986
16112,26.25,70.10450439453126,33911650.46220919
16113,26.25,70.113134765625,33829365.31561181
16114,30.0,70.10450439453126,19378085.978405245
16115,30.0,70.113134765625,19331065.89463532
16116,26.25,70.12176513671875,33747080.16901445
16117,26.25,70.13039550781251,33664795.02241694
16118,30.0,70.12176513671875,19284045.810865395
16119,30.0,70.13039550781251,19237025.727095395
16120,26.25,70.13902587890627,33582509.87581944
16121,26.25,70.14765625000001,33500224.72922206
16122,30.0,70.13902587890627,19190005.64332539
16123,30.0,70.14765625000001,19142985.559555463
16124,33.75,69.7333984375,10413434.579085011
16125,37.5,69.7333984375,84330.39036446069
16126,33.75,69.87148437500001,10082186.67279628
16127,37.5,69.87148437500001,202016.15171799806
16128,33.75,69.94052734375,8967543.132061137
16129,37.5,69.94052734375,196750.93918783133
16130,33.75,70.00957031250002,7185155.688731689
16131,37.5,70.00957031250002,146378.34541326502
16132,33.75,70.04409179687502,6293961.967066965
16133,37.5,70.04409179687502,121192.0485259819
16134,33.75,70.07861328125001,5402768.245402608
16135,37.5,70.07861328125001,96005.7516387091
16136,33.75,70.09587402343752,4957171.384570247
16137,37.5,70.09587402343752,83412.60319506754
16138,33.75,70.10450439453126,4844521.494601311
16139,33.75,70.113134765625,4832766.47365883
16140,37.5,70.10450439453126,101047.36957889228
16141,37.5,70.113134765625,140602.9845389534
16142,33.75,70.12176513671875,4821011.452716349
16143,33.75,70.13039550781251,4809256.431773849
16144,37.5,70.12176513671875,180158.59949901458
16145,37.5,70.13039550781251,219714.21445914084
16146,33.75,70.13902587890627,4797501.410831347
16147,33.75,70.14765625000001,4785746.389888866
16148,37.5,70.13902587890627,259269.82941926713
16149,37.5,70.14765625000001,298825.4443793283
16150,41.25,69.7333984375,210825.97591115173
16151,45.0,69.7333984375,337321.56145784276
16152,41.25,69.87148437500001,505040.37929499516
16153,45.0,69.87148437500001,808064.6068719922
16154,41.25,69.94052734375,491877.34796957835
16155,45.0,69.94052734375,787003.7567513253
16156,41.25,70.00957031250002,365945.86353316257
16157,45.0,70.00957031250002,585513.3816530601
16158,41.25,70.04409179687502,302980.1213149547
16159,45.0,70.04409179687502,484768.1941039276
16160,41.25,70.07861328125001,240014.37909677278
16161,45.0,70.07861328125001,384023.0065548364
16162,41.25,70.09587402343752,208531.50798766885
16163,45.0,70.09587402343752,333650.41278027016
16164,41.25,70.10450439453126,252618.4239472307
16165,41.25,70.113134765625,351507.46134738356
16166,45.0,70.10450439453126,404189.4783155691
16167,45.0,70.113134765625,562411.9381558136
16168,41.25,70.12176513671875,450396.4987475365
16169,41.25,70.13039550781251,549285.5361478521
16170,45.0,70.12176513671875,720634.3979960583
16171,45.0,70.13039550781251,878856.8578365634
16172,41.25,70.13902587890627,648174.5735481678
16173,41.25,70.14765625000001,747063.6109483207
16174,45.0,70.13902587890627,1037079.3176770685
16175,45.0,70.14765625000001,1195301.7775173131
16176,48.75,69.7333984375,210825.97591115173
16177,52.5,69.7333984375,84330.39036446069
16178,48.75,69.87148437500001,505040.37929499516
16179,52.5,69.87148437500001,202016.15171799806
16180,48.75,69.94052734375,491877.34796957835
16181,52.5,69.94052734375,196750.93918783133
16182,48.75,70.00957031250002,365945.86353316257
16183,52.5,70.00957031250002,146378.34541326502
16184,48.75,70.04409179687502,302980.1213149547
16185,52.5,70.04409179687502,121192.0485259819
16186,48.75,70.07861328125001,240014.37909677278
16187,52.5,70.07861328125001,96005.7516387091
16188,48.75,70.09587402343752,208531.50798766885
16189,52.5,70.09587402343752,83412.60319506754
16190,48.75,70.10450439453126,252618.4239472307
16191,48.75,70.113134765625,351507.46134738356
16192,52.5,70.10450439453126,101047.36957889228
16193,52.5,70.113134765625,140602.9845389534
16194,48.75,70.12176513671875,450396.4987475365
16195,48.75,70.13039550781251,549285.5361478521
16196,52.5,70.12176513671875,180158.59949901458
16197,52.5,70.13039550781251,219714.21445914084
16198,48.75,70.13902587890627,648174.5735481678
16199,48.75,70.14765625000001,747063.6109483207
16200,52.5,70.13902587890627,259269.82941926713
16201,52.5,70.14765625000001,298825.4443793283
16202,56.25,69.7333984375,0.0
16203,60.0,69.7333984375,0.0
16204,56.25,69.87148437500001,0.0
16205,60.0,69.87148437500001,0.0
16206,56.25,69.94052734375,0.0
16207,60.0,69.94052734375,0.0
16208,56.25,70.00957031250002,0.0
16209,60.0,70.00957031250002,0.0
16210,56.25,70.04409179687502,0.0
16211,60.0,70.04409179687502,0.0
16212,56.25,70.07861328125001,0.0
16213,60.0,70.07861328125001,0.0
16214,56.25,70.09587402343752,0.0
16215,60.0,70.09587402343752,0.0
16216,56.25,70.10450439453126,0.0
16217,56.25,70.113134765625,0.0
16218,60.0,70.10450439453126,0.0
16219,60.0,70.113134765625,0.0
16220,56.25,70.12176513671875,0.0
16221,56.25,70.13039550781251,0.0
16222,60.0,70.12176513671875,0.0
16223,60.0,70.13039550781251,0.0
16224,56.25,70.13902587890627,0.0
16225,56.25,70.14765625000001,0.0
16226,60.0,70.13902587890627,0.0
16227,60.0,70.14765625000001,0.0
16228,3.75,70.15628662109376,68013601.8242626
16229,3.75,70.16491699218751,66496104.69564776
16230,7.5,70.15628662109376,54482911.34712048
16231,7.5,70.16491699218751,53367130.86153602
16232,3.75,70.17354736328127,64978607.56703291
16233,3.75,70.18217773437502,63461110.438420564
16234,7.5,70.17354736328127,52251350.37595154
16235,7.5,70.18217773437502,51135569.890368916
16236,11.25,70.15628662109376,47055419.55993715
16237,11.25,70.16491699218751,46396971.59156665
16238,15.0,70.15628662109376,39627927.77275381
16239,15.0,70.16491699218751,39426812.32159728
16240,11.25,70.17354736328127,45738523.62319614
16241,11.25,70.18217773437502,45080075.654826716
16242,15.0,70.17354736328127,39225696.87044074
16243,15.0,70.18217773437502,39024581.41928453
16244,3.75,70.19080810546876,61943613.30980822
16245,3.75,70.1994384765625,60426116.18119588
16246,7.5,70.19080810546876,50019789.40478629
16247,7.5,70.1994384765625,48904008.91920367
16248,11.25,70.19080810546876,44421627.68645731
16249,11.25,70.1994384765625,43763179.7180879
16250,15.0,70.19080810546876,38823465.96812832
16251,15.0,70.1994384765625,38622350.516972125
16252,3.75,70.2,60327382.28032477
16253,3.75,70.20806884765625,58908619.05258352
16254,3.75,70.21669921875001,57391121.92396867
16255,7.5,70.2,48831412.16908121
16256,7.5,70.20806884765625,47788228.43362104
16257,7.5,70.21669921875001,46672447.948036574
16258,11.25,70.2,43720338.69044311
16259,11.25,70.20806884765625,43104731.74971848
16260,11.25,70.21669921875001,42446283.781347975
16261,15.0,70.2,38609265.211805016
16262,15.0,70.20806884765625,38421235.06581592
16263,15.0,70.21669921875001,38220119.614659384
16264,3.75,70.22532958984377,55873624.79535383
16265,7.5,70.22532958984377,45556667.462452106
16266,3.75,70.23395996093751,54356127.666741475
16267,7.5,70.23395996093751,44440886.97686948
16268,11.25,70.22532958984377,41787835.81297748
16269,15.0,70.22532958984377,38019004.16350284
16270,11.25,70.23395996093751,41129387.84460805
16271,15.0,70.23395996093751,37817888.712346636
16272,3.75,70.24259033203126,52838630.53812913
16273,7.5,70.24259033203126,43325106.49128686
16274,3.75,70.251220703125,51321133.40951678
16275,7.5,70.251220703125,42209326.005704224
16276,11.25,70.24259033203126,40470939.876238644
16277,15.0,70.24259033203126,37616773.26119043
16278,11.25,70.251220703125,39812491.90786922
16279,15.0,70.251220703125,37415657.81003422
16280,3.75,70.25985107421874,49803636.280904435
16281,7.5,70.25985107421874,41093545.5201216
16282,3.75,70.2684814453125,48286139.15228959
16283,7.5,70.2684814453125,39977765.03453713
16284,11.25,70.25985107421874,39154043.93949981
16285,15.0,70.25985107421874,37214542.35887802
16286,11.25,70.2684814453125,38495595.9711293
16287,15.0,70.2684814453125,37013426.907721475
16288,3.75,70.27711181640626,46768642.02367474
16289,7.5,70.27711181640626,38861984.54895267
16290,3.75,70.2857421875,45251144.8950624
16291,7.5,70.2857421875,37746204.06337004
16292,11.25,70.27711181640626,37837148.0027588
16293,15.0,70.27711181640626,36812311.45656494
16294,11.25,70.2857421875,37178700.03438939
16295,15.0,70.2857421875,36611196.005408734
16296,18.75,70.15628662109376,39089428.96481028
16297,18.75,70.16491699218751,38928466.74500995
16298,22.5,70.15628662109376,38550930.15686677
16299,22.5,70.16491699218751,38430121.16842263
16300,18.75,70.17354736328127,38767504.52520961
16301,18.75,70.18217773437502,38606542.305409536
16302,22.5,70.17354736328127,38309312.17997849
16303,22.5,70.18217773437502,38188503.19153454
16304,26.25,70.15628662109376,33417939.582624696
16305,26.25,70.16491699218751,33335654.43602719
16306,30.0,70.15628662109376,19095965.47578554
16307,30.0,70.16491699218751,19048945.39201554
16308,26.25,70.17354736328127,33253369.289429687
16309,26.25,70.18217773437502,33171084.142832316
16310,30.0,70.17354736328127,19001925.308245532
16311,30.0,70.18217773437502,18954905.224475607
16312,18.75,70.19080810546876,38445580.085609466
16313,18.75,70.1994384765625,38284617.865809396
16314,22.5,70.19080810546876,38067694.20309061
16315,22.5,70.1994384765625,37946885.21464667
16316,26.25,70.19080810546876,33088798.996234946
16317,26.25,70.1994384765625,33006513.849637575
16318,30.0,70.19080810546876,18907885.140705682
16319,30.0,70.1994384765625,18860865.056935757
16320,18.75,70.2,38274145.07640236
16321,18.75,70.20806884765625,38123655.64600932
16322,18.75,70.21669921875001,37962693.42620898
16323,22.5,70.2,37939024.94099971
16324,22.5,70.20806884765625,37826076.22620273
16325,22.5,70.21669921875001,37705267.23775859
16326,26.25,70.2,33001160.0777232
16327,26.25,70.20806884765625,32924228.703040205
16328,26.25,70.21669921875001,32841943.5564427
16329,30.0,70.2,18857805.75869897
16330,30.0,70.20806884765625,18813844.973165832
16331,30.0,70.21669921875001,18766824.88939583
16332,18.75,70.22532958984377,37801731.20640864
16333,22.5,70.22532958984377,37584458.24931445
16334,18.75,70.23395996093751,37640768.98660857
16335,22.5,70.23395996093751,37463649.26087051
16336,26.25,70.22532958984377,32759658.409845196
16337,30.0,70.22532958984377,18719804.805625826
16338,26.25,70.23395996093751,32677373.263247825
16339,30.0,70.23395996093751,18672784.7218559
16340,18.75,70.24259033203126,37479806.766808495
16341,22.5,70.24259033203126,37342840.272426575
16342,18.75,70.251220703125,37318844.547008425
16343,22.5,70.251220703125,37222031.28398263
16344,26.25,70.24259033203126,32595088.116650455
16345,30.0,70.24259033203126,18625764.638085976
16346,26.25,70.251220703125,32512802.970053084
16347,30.0,70.251220703125,18578744.55431605
16348,18.75,70.25985107421874,37157882.327208355
16349,22.5,70.25985107421874,37101222.29553869
16350,18.75,70.2684814453125,36996920.10740801
16351,22.5,70.2684814453125,36980413.30709455
16352,26.25,70.25985107421874,32430517.823455717
16353,30.0,70.25985107421874,18531724.470546123
16354,26.25,70.2684814453125,32348232.676858213
16355,30.0,70.2684814453125,18484704.386776123
16356,18.75,70.27711181640626,36835957.88760767
16357,22.5,70.27711181640626,36859604.31865041
16358,18.75,70.2857421875,36674995.66780761
16359,22.5,70.2857421875,36738795.330206476
16360,26.25,70.27711181640626,32265947.530260704
16361,30.0,70.27711181640626,18437684.303006116
16362,26.25,70.2857421875,32183662.383663338
16363,30.0,70.2857421875,18390664.21923619
16364,3.75,70.29437255859375,43733647.76645005
16365,7.5,70.29437255859375,36630423.57778741
16366,11.25,70.29437255859375,36520252.06601997
16367,15.0,70.29437255859375,36410080.55425253
16368,3.75,70.30300292968751,43286113.72821403
16369,7.5,70.30300292968751,36308979.87131055
16370,11.25,70.30300292968751,36410080.572551996
16371,15.0,70.30300292968751,36511181.27379347
16372,3.75,70.32026367187501,46401232.518914394
16373,7.5,70.32026367187501,38643240.87434699
16374,11.25,70.32026367187501,38244659.98341117
16375,15.0,70.32026367187501,37846079.09247537
16376,3.75,70.3375244140625,49516351.30961219
16377,7.5,70.3375244140625,40977501.877381496
16378,11.25,70.3375244140625,40079239.39426884
16379,15.0,70.3375244140625,39180976.91115617
16380,3.75,70.35478515625,52631470.10031256
16381,7.5,70.35478515625,43311762.88041794
16382,11.25,70.35478515625,41913818.80512801
16383,15.0,70.35478515625,40515874.72983807
16384,18.75,70.29437255859375,36514033.448007524
16385,22.5,70.29437255859375,36617986.34176253
16386,18.75,70.30300292968751,36492859.68716389
16387,22.5,70.30300292968751,36474538.100534335
16388,26.25,70.29437255859375,32101377.23706597
16389,30.0,70.29437255859375,18343644.135466266
16390,26.25,70.30300292968751,31904533.245766953
16391,30.0,70.30300292968751,18231161.85472397
16392,18.75,70.32026367187501,36974434.76367756
16393,22.5,70.32026367187501,36102790.43487974
16394,26.25,70.32026367187501,31081482.438721053
16395,30.0,70.32026367187501,17760847.1078406
16396,18.75,70.3375244140625,37456009.84019082
16397,22.5,70.3375244140625,35731042.76922547
16398,18.75,70.35478515625,37937584.916704476
16399,22.5,70.35478515625,35359295.103570886
16400,26.25,70.3375244140625,30258431.631675832
16401,30.0,70.3375244140625,17290532.36095762
16402,26.25,70.35478515625,29435380.824629933
16403,30.0,70.35478515625,16820217.614074245
16404,3.75,70.3720458984375,55746588.89101294
16405,7.5,70.3720458984375,45646023.88345438
16406,11.25,70.3720458984375,43748398.215987176
16407,15.0,70.3720458984375,41850772.54851997
16408,3.75,70.389306640625,58861707.681710735
16409,7.5,70.389306640625,47980284.8864889
16410,11.25,70.389306640625,45582977.62684484
16411,15.0,70.389306640625,43185670.36720078
16412,18.75,70.3720458984375,38419159.99321814
16413,22.5,70.3720458984375,34987547.43791631
16414,18.75,70.389306640625,38900735.06973141
16415,22.5,70.389306640625,34615799.77226204
16416,26.25,70.3720458984375,28612330.017584033
16417,30.0,70.3720458984375,16349902.867190875
16418,26.25,70.389306640625,27789279.210538812
16419,30.0,70.389306640625,15879588.120307893
16420,3.75,70.4065673828125,61976826.47241111
16421,7.5,70.4065673828125,50314545.88952534
16422,11.25,70.4065673828125,47417557.037704006
16423,15.0,70.4065673828125,44520568.18588267
16424,3.75,70.423828125,65091945.26311147
16425,7.5,70.423828125,52648806.892561786
16426,11.25,70.423828125,49252136.44856318
16427,15.0,70.423828125,45855466.00456458
16428,18.75,70.4065673828125,39382310.14624507
16429,22.5,70.4065673828125,34244052.10660745
16430,18.75,70.423828125,39863885.222758725
16431,22.5,70.423828125,33872304.440952875
16432,26.25,70.4065673828125,26966228.403492913
16433,30.0,70.4065673828125,15409273.373424523
16434,26.25,70.423828125,26143177.596447013
16435,30.0,70.423828125,14938958.626541153
16436,33.75,70.15628662109376,4773991.368946385
16437,33.75,70.16491699218751,4762236.348003885
16438,37.5,70.15628662109376,338381.05933938944
16439,37.5,70.16491699218751,377936.6742995157
16440,33.75,70.17354736328127,4750481.327061383
16441,33.75,70.18217773437502,4738726.306118902
16442,37.5,70.17354736328127,417492.289259642
16443,37.5,70.18217773437502,457047.90421970317
16444,41.25,70.15628662109376,845952.6483484736
16445,41.25,70.16491699218751,944841.6857487893
16446,45.0,70.15628662109376,1353524.2373575578
16447,45.0,70.16491699218751,1511746.697198063
16448,41.25,70.17354736328127,1043730.723149105
16449,41.25,70.18217773437502,1142619.7605492577
16450,45.0,70.17354736328127,1669969.157038568
16451,45.0,70.18217773437502,1828191.6168788127
16452,33.75,70.19080810546876,4726971.285176421
16453,33.75,70.1994384765625,4715216.264233939
16454,37.5,70.19080810546876,496603.5191797643
16455,37.5,70.1994384765625,536159.1341398255
16456,41.25,70.19080810546876,1241508.7979494107
16457,41.25,70.1994384765625,1340397.8353495637
16458,45.0,70.19080810546876,1986414.0767190573
16459,45.0,70.1994384765625,2144636.536559302
16460,33.75,70.2,4714451.4396747425
16461,33.75,70.20806884765625,4703461.243291458
16462,33.75,70.21669921875001,4691706.222348957
16463,37.5,70.2,538732.7667963386
16464,37.5,70.20806884765625,575714.7490998866
16465,37.5,70.21669921875001,615270.3640600129
16466,41.25,70.2,1346831.9169908464
16467,41.25,70.20806884765625,1439286.8727497165
16468,41.25,70.21669921875001,1538175.910150032
16469,45.0,70.2,2154931.0671853544
16470,45.0,70.20806884765625,2302858.9963995465
16471,45.0,70.21669921875001,2461081.4562400514
16472,33.75,70.22532958984377,4679951.2014064565
16473,37.5,70.22532958984377,654825.9790201392
16474,33.75,70.23395996093751,4668196.180463975
16475,37.5,70.23395996093751,694381.5939802004
16476,41.25,70.22532958984377,1637064.947550348
16477,45.0,70.22532958984377,2619303.916080557
16478,41.25,70.23395996093751,1735953.9849505005
16479,45.0,70.23395996093751,2777526.3759208014
16480,33.75,70.24259033203126,4656441.159521494
16481,37.5,70.24259033203126,733937.2089402615
16482,33.75,70.251220703125,4644686.138579013
16483,37.5,70.251220703125,773492.8239003225
16484,41.25,70.24259033203126,1834843.0223506538
16485,45.0,70.24259033203126,2935748.835761046
16486,41.25,70.251220703125,1933732.0597508065
16487,45.0,70.251220703125,3093971.29560129
16488,33.75,70.25985107421874,4632931.117636531
16489,37.5,70.25985107421874,813048.4388603838
16490,33.75,70.2684814453125,4621176.096694031
16491,37.5,70.2684814453125,852604.05382051
16492,41.25,70.25985107421874,2032621.0971509593
16493,45.0,70.25985107421874,3252193.7554415353
16494,41.25,70.2684814453125,2131510.134551275
16495,45.0,70.2684814453125,3410416.21528204
16496,33.75,70.27711181640626,4609421.075751529
16497,37.5,70.27711181640626,892159.6687806364
16498,33.75,70.2857421875,4597666.054809048
16499,37.5,70.2857421875,931715.2837406974
16500,41.25,70.27711181640626,2230399.1719515906
16501,45.0,70.27711181640626,3568638.6751225456
16502,41.25,70.2857421875,2329288.2093517436
16503,45.0,70.2857421875,3726861.1349627897
16504,33.75,70.29437255859375,4585911.033866567
16505,37.5,70.29437255859375,971270.8987007586
16506,33.75,70.30300292968751,4557790.463680993
16507,37.5,70.30300292968751,988907.3648608075
16508,41.25,70.29437255859375,2428177.246751896
16509,45.0,70.29437255859375,3885083.5948030343
16510,41.25,70.30300292968751,2472268.412152019
16511,45.0,70.30300292968751,3955629.45944323
16512,33.75,70.32026367187501,4440211.77696015
16513,37.5,70.32026367187501,942028.0402964535
16514,41.25,70.32026367187501,2355070.1007411336
16515,45.0,70.32026367187501,3768112.161185814
16516,33.75,70.3375244140625,4322633.090239405
16517,37.5,70.3375244140625,895148.7157321381
16518,33.75,70.35478515625,4205054.403518561
16519,37.5,70.35478515625,848269.3911677842
16520,41.25,70.3375244140625,2237871.7893303456
16521,45.0,70.3375244140625,3580594.8629285526
16522,41.25,70.35478515625,2120673.4779194607
16523,45.0,70.35478515625,3393077.564671137
16524,33.75,70.3720458984375,4087475.716797719
16525,37.5,70.3720458984375,801390.0666034303
16526,33.75,70.389306640625,3969897.030076973
16527,37.5,70.389306640625,754510.7420391149
16528,41.25,70.3720458984375,2003475.1665085757
16529,45.0,70.3720458984375,3205560.2664137213
16530,41.25,70.389306640625,1886276.8550977872
16531,45.0,70.389306640625,3018042.9681564597
16532,33.75,70.4065673828125,3852318.3433561306
16533,37.5,70.4065673828125,707631.4174747609
16534,33.75,70.423828125,3734739.656635288
16535,37.5,70.423828125,660752.0929104069
16536,41.25,70.4065673828125,1769078.5436869022
16537,45.0,70.4065673828125,2830525.6698990436
16538,41.25,70.423828125,1651880.2322760173
16539,45.0,70.423828125,2643008.3716416275
16540,48.75,70.15628662109376,845952.6483484736
16541,48.75,70.16491699218751,944841.6857487893
16542,52.5,70.15628662109376,338381.05933938944
16543,52.5,70.16491699218751,377936.6742995157
16544,48.75,70.17354736328127,1043730.723149105
16545,48.75,70.18217773437502,1142619.7605492577
16546,52.5,70.17354736328127,417492.289259642
16547,52.5,70.18217773437502,457047.90421970317
16548,56.25,70.15628662109376,0.0
16549,56.25,70.16491699218751,0.0
16550,60.0,70.15628662109376,0.0
16551,60.0,70.16491699218751,0.0
16552,56.25,70.17354736328127,0.0
16553,56.25,70.18217773437502,0.0
16554,60.0,70.17354736328127,0.0
16555,60.0,70.18217773437502,0.0
16556,48.75,70.19080810546876,1241508.7979494107
16557,48.75,70.1994384765625,1340397.8353495637
16558,52.5,70.19080810546876,496603.5191797643
16559,52.5,70.1994384765625,536159.1341398255
16560,56.25,70.19080810546876,0.0
16561,56.25,70.1994384765625,0.0
16562,60.0,70.19080810546876,0.0
16563,60.0,70.1994384765625,0.0
16564,48.75,70.2,1346831.9169908464
16565,48.75,70.20806884765625,1439286.8727497165
16566,48.75,70.21669921875001,1538175.910150032
16567,52.5,70.2,538732.7667963386
16568,52.5,70.20806884765625,575714.7490998866
16569,52.5,70.21669921875001,615270.3640600129
16570,56.25,70.2,0.0
16571,56.25,70.20806884765625,0.0
16572,56.25,70.21669921875001,0.0
16573,60.0,70.2,0.0
16574,60.0,70.20806884765625,0.0
16575,60.0,70.21669921875001,0.0
16576,48.75,70.22532958984377,1637064.947550348
16577,52.5,70.22532958984377,654825.9790201392
16578,48.75,70.23395996093751,1735953.9849505005
16579,52.5,70.23395996093751,694381.5939802004
16580,56.25,70.22532958984377,0.0
16581,60.0,70.22532958984377,0.0
16582,56.25,70.23395996093751,0.0
16583,60.0,70.23395996093751,0.0
16584,48.75,70.24259033203126,1834843.0223506538
16585,52.5,70.24259033203126,733937.2089402615
16586,48.75,70.251220703125,1933732.0597508065
16587,52.5,70.251220703125,773492.8239003225
16588,56.25,70.24259033203126,0.0
16589,60.0,70.24259033203126,0.0
16590,56.25,70.251220703125,0.0
16591,60.0,70.251220703125,0.0
16592,48.75,70.25985107421874,2032621.0971509593
16593,52.5,70.25985107421874,813048.4388603838
16594,48.75,70.2684814453125,2131510.134551275
16595,52.5,70.2684814453125,852604.05382051
16596,56.25,70.25985107421874,0.0
16597,60.0,70.25985107421874,0.0
16598,56.25,70.2684814453125,0.0
16599,60.0,70.2684814453125,0.0
16600,48.75,70.27711181640626,2230399.1719515906
16601,52.5,70.27711181640626,892159.6687806364
16602,48.75,70.2857421875,2329288.2093517436
16603,52.5,70.2857421875,931715.2837406974
16604,56.25,70.27711181640626,0.0
16605,60.0,70.27711181640626,0.0
16606,56.25,70.2857421875,0.0
16607,60.0,70.2857421875,0.0
16608,48.75,70.29437255859375,2428177.246751896
16609,52.5,70.29437255859375,971270.8987007586
16610,48.75,70.30300292968751,2472268.412152019
16611,52.5,70.30300292968751,988907.3648608075
16612,56.25,70.29437255859375,0.0
16613,60.0,70.29437255859375,0.0
16614,56.25,70.30300292968751,0.0
16615,60.0,70.30300292968751,0.0
16616,48.75,70.32026367187501,2355070.1007411336
16617,52.5,70.32026367187501,942028.0402964535
16618,56.25,70.32026367187501,0.0
16619,60.0,70.32026367187501,0.0
16620,48.75,70.3375244140625,2237871.7893303456
16621,52.5,70.3375244140625,895148.7157321381
16622,48.75,70.35478515625,2120673.4779194607
16623,52.5,70.35478515625,848269.3911677842
16624,56.25,70.3375244140625,0.0
16625,60.0,70.3375244140625,0.0
16626,56.25,70.35478515625,0.0
16627,60.0,70.35478515625,0.0
16628,48.75,70.3720458984375,2003475.1665085757
16629,52.5,70.3720458984375,801390.0666034303
16630,48.75,70.389306640625,1886276.8550977872
16631,52.5,70.389306640625,754510.7420391149
16632,56.25,70.3720458984375,0.0
16633,60.0,70.3720458984375,0.0
16634,56.25,70.389306640625,0.0
16635,60.0,70.389306640625,0.0
16636,48.75,70.4065673828125,1769078.5436869022
16637,52.5,70.4065673828125,707631.4174747609
16638,48.75,70.423828125,1651880.2322760173
16639,52.5,70.423828125,660752.0929104069
16640,56.25,70.4065673828125,0.0
16641,60.0,70.4065673828125,0.0
16642,56.25,70.423828125,0.0
16643,60.0,70.423828125,0.0
16644,3.75,70.4410888671875,68207064.05381185
16645,7.5,70.4410888671875,54983067.89559822
16646,11.25,70.4410888671875,51086715.85942235
16647,15.0,70.4410888671875,47190363.82324649
16648,18.75,70.4410888671875,40345460.29927239
16649,22.5,70.4410888671875,33500556.775298294
16650,26.25,70.4410888671875,25320126.789401114
16651,30.0,70.4410888671875,14468643.87965778
16652,3.75,70.458349609375,71322182.84451221
16653,7.5,70.458349609375,57317328.898634665
16654,11.25,70.458349609375,52921295.27028152
16655,15.0,70.458349609375,48525261.64192838
16656,18.75,70.458349609375,40827035.37578604
16657,22.5,70.458349609375,33128809.109643713
16658,26.25,70.458349609375,24497075.98235522
16659,30.0,70.458349609375,13998329.13277441
16660,3.75,70.4756103515625,74437301.63521
16661,7.5,70.4756103515625,59651589.90166919
16662,11.25,70.4756103515625,54755874.681139186
16663,15.0,70.4756103515625,49860159.46060918
16664,18.75,70.4756103515625,41308610.45229931
16665,22.5,70.4756103515625,32757061.443989437
16666,26.25,70.4756103515625,23674025.175309997
16667,30.0,70.4756103515625,13528014.385891426
16668,3.75,70.49287109375,77552420.42591038
16669,7.5,70.49287109375,61985850.90470563
16670,11.25,70.49287109375,56590454.09199835
16671,15.0,70.49287109375,51195057.279291086
16672,18.75,70.49287109375,41790185.52881297
16673,22.5,70.49287109375,32385313.778334856
16674,26.25,70.49287109375,22850974.368264094
16675,30.0,70.49287109375,13057699.639008056
16676,3.75,70.5101318359375,76258703.20298304
16677,7.5,70.5101318359375,61449305.13669582
16678,11.25,70.5101318359375,57614619.74187186
16679,15.0,70.5101318359375,53779934.34704789
16680,18.75,70.5101318359375,42980539.613520496
16681,22.5,70.5101318359375,32181144.879993096
16682,26.25,70.5101318359375,21858854.84210298
16683,30.0,70.5101318359375,12490774.195487417
16684,3.75,70.52739257812499,71862865.2186622
16685,7.5,70.52739257812499,58892818.21893913
16686,11.25,70.52739257812499,58068566.55268978
16687,15.0,70.52739257812499,57244314.88644045
16688,18.75,70.52739257812499,44669600.85579938
16689,22.5,70.52739257812499,32094886.825158317
16690,26.25,70.52739257812499,20747776.12080624
16691,30.0,70.52739257812499,11855872.069032136
16692,3.75,70.54465332031249,67467027.23433773
16693,7.5,70.54465332031249,56336331.30118032
16694,11.25,70.54465332031249,58522513.36350808
16695,15.0,70.54465332031249,60708695.425835855
16696,18.75,70.54465332031249,46358662.09807965
16697,22.5,70.54465332031249,32008628.77032346
16698,26.25,70.54465332031249,19636697.399508577
16699,30.0,70.54465332031249,11220969.94257633
16700,3.75,70.5619140625,63071189.2500133
16701,7.5,70.5619140625,53779844.38342152
16702,11.25,70.5619140625,58976460.17432639
16703,15.0,70.5619140625,64173075.96523127
16704,18.75,70.5619140625,48047723.34035994
16705,22.5,70.5619140625,31922370.71548861
16706,26.25,70.5619140625,18525618.67821092
16707,30.0,70.5619140625,10586067.816120528
16708,33.75,70.4410888671875,3617160.969914445
16709,37.5,70.4410888671875,613872.768346053
16710,41.25,70.4410888671875,1534681.9208651325
16711,45.0,70.4410888671875,2455491.073384212
16712,33.75,70.458349609375,3499582.2831936027
16713,37.5,70.458349609375,566993.443781699
16714,41.25,70.458349609375,1417483.6094542474
16715,45.0,70.458349609375,2267973.775126796
16716,33.75,70.4756103515625,3382003.5964728566
16717,37.5,70.4756103515625,520114.1192173837
16718,41.25,70.4756103515625,1300285.2980434592
16719,45.0,70.4756103515625,2080456.4768695347
16720,33.75,70.49287109375,3264424.909752014
16721,37.5,70.49287109375,473234.79465302965
16722,41.25,70.49287109375,1183086.9866325743
16723,45.0,70.49287109375,1892939.1786121186
16724,33.75,70.5101318359375,3122693.5488718543
16725,37.5,70.5101318359375,451367.0980950318
16726,41.25,70.5101318359375,1128417.7452375796
16727,45.0,70.5101318359375,1805468.3923801272
16728,33.75,70.52739257812499,2963968.017258034
16729,37.5,70.52739257812499,447097.9446162154
16730,41.25,70.52739257812499,1117744.8615405385
16731,45.0,70.52739257812499,1788391.7784648617
16732,33.75,70.54465332031249,2805242.4856440825
16733,37.5,70.54465332031249,442828.7911373955
16734,41.25,70.54465332031249,1107071.9778434888
16735,45.0,70.54465332031249,1771315.164549582
16736,33.75,70.5619140625,2646516.954030132
16737,37.5,70.5619140625,438559.63765857567
16738,41.25,70.5619140625,1096399.094146439
16739,45.0,70.5619140625,1754238.5506343027
16740,48.75,70.4410888671875,1534681.9208651325
16741,52.5,70.4410888671875,613872.768346053
16742,48.75,70.458349609375,1417483.6094542474
16743,52.5,70.458349609375,566993.443781699
16744,56.25,70.4410888671875,0.0
16745,60.0,70.4410888671875,0.0
16746,56.25,70.458349609375,0.0
16747,60.0,70.458349609375,0.0
16748,48.75,70.4756103515625,1300285.2980434592
16749,52.5,70.4756103515625,520114.1192173837
16750,48.75,70.49287109375,1183086.9866325743
16751,52.5,70.49287109375,473234.79465302965
16752,56.25,70.4756103515625,0.0
16753,60.0,70.4756103515625,0.0
16754,56.25,70.49287109375,0.0
16755,60.0,70.49287109375,0.0
16756,48.75,70.5101318359375,1128417.7452375796
16757,52.5,70.5101318359375,451367.0980950318
16758,48.75,70.52739257812499,1117744.8615405385
16759,52.5,70.52739257812499,447097.9446162154
16760,56.25,70.5101318359375,0.0
16761,60.0,70.5101318359375,0.0
16762,56.25,70.52739257812499,0.0
16763,60.0,70.52739257812499,0.0
16764,48.75,70.54465332031249,1107071.9778434888
16765,52.5,70.54465332031249,442828.7911373955
16766,48.75,70.5619140625,1096399.094146439
16767,52.5,70.5619140625,438559.63765857567
16768,56.25,70.54465332031249,0.0
16769,60.0,70.54465332031249,0.0
16770,56.25,70.5619140625,0.0
16771,60.0,70.5619140625,0.0
16772,3.75,70.5791748046875,58675351.26568884
16773,7.5,70.5791748046875,51223357.465662695
16774,11.25,70.5791748046875,59430406.98514469
16775,15.0,70.5791748046875,67637456.50462666
16776,18.75,70.5791748046875,49736784.582640216
16777,22.5,70.5791748046875,31836112.660653748
16778,26.25,70.5791748046875,17414539.956913263
16779,30.0,70.5791748046875,9951165.689664721
16780,3.75,70.596435546875,54279513.28136439
16781,7.5,70.596435546875,48666870.5479039
16782,11.25,70.596435546875,59884353.795963
16783,15.0,70.596435546875,71101837.04402208
16784,18.75,70.596435546875,51425845.82492049
16785,22.5,70.596435546875,31749854.6058189
16786,26.25,70.596435546875,16303461.235615607
16787,30.0,70.596435546875,9316263.563208919
16788,3.75,70.6136962890625,49883675.29703993
16789,7.5,70.6136962890625,46110383.6301451
16790,11.25,70.6136962890625,60338300.60678129
16791,15.0,70.6136962890625,74566217.58341748
16792,18.75,70.6136962890625,53114907.06720076
16793,22.5,70.6136962890625,31663596.550984044
16794,26.25,70.6136962890625,15192382.514317952
16795,30.0,70.6136962890625,8681361.436753115
16796,3.75,70.63095703125,45487837.312715486
16797,7.5,70.63095703125,43553896.712386295
16798,11.25,70.63095703125,60792247.41759959
16799,15.0,70.63095703125,78030598.1228129
16800,18.75,70.63095703125,54803968.30948104
16801,22.5,70.63095703125,31577338.496149186
16802,26.25,70.63095703125,14081303.793020293
16803,30.0,70.63095703125,8046459.31029731
16804,33.75,70.5791748046875,2487791.4224161804
16805,37.5,70.5791748046875,434290.4841797557
16806,41.25,70.5791748046875,1085726.2104493892
16807,45.0,70.5791748046875,1737161.9367190227
16808,33.75,70.596435546875,2329065.8908022298
16809,37.5,70.596435546875,430021.3307009359
16810,41.25,70.596435546875,1075053.3267523397
16811,45.0,70.596435546875,1720085.3228037436
16812,33.75,70.6136962890625,2170340.3591882787
16813,37.5,70.6136962890625,425752.1772221159
16814,41.25,70.6136962890625,1064380.44305529
16815,45.0,70.6136962890625,1703008.7088884637
16816,33.75,70.63095703125,2011614.8275743276
16817,37.5,70.63095703125,421483.02374329604
16818,41.25,70.63095703125,1053707.55935824
16819,45.0,70.63095703125,1685932.0949731842
16820,48.75,70.5791748046875,1085726.2104493892
16821,52.5,70.5791748046875,434290.4841797557
16822,48.75,70.596435546875,1075053.3267523397
16823,52.5,70.596435546875,430021.3307009359
16824,56.25,70.5791748046875,0.0
16825,60.0,70.5791748046875,0.0
16826,56.25,70.596435546875,0.0
16827,60.0,70.596435546875,0.0
16828,48.75,70.6136962890625,1064380.44305529
16829,52.5,70.6136962890625,425752.1772221159
16830,48.75,70.63095703125,1053707.55935824
16831,52.5,70.63095703125,421483.02374329604
16832,56.25,70.6136962890625,0.0
16833,60.0,70.6136962890625,0.0
16834,56.25,70.63095703125,0.0
16835,60.0,70.63095703125,0.0
16836,3.75,70.64821777343751,41091999.32839103
16837,7.5,70.64821777343751,40997409.79462749
16838,11.25,70.64821777343751,61246194.22841789
16839,15.0,70.64821777343751,81494978.6622083
16840,18.75,70.64821777343751,56493029.551761314
16841,22.5,70.64821777343751,31491080.441314332
16842,26.25,70.64821777343751,12970225.071722634
16843,30.0,70.64821777343751,7411557.183841506
16844,3.75,70.66547851562501,36696161.344066575
16845,7.5,70.66547851562501,38440922.87686868
16846,11.25,70.66547851562501,61700141.03923619
16847,15.0,70.66547851562501,84959359.2016037
16848,18.75,70.66547851562501,58182090.79404159
16849,22.5,70.66547851562501,31404822.386479475
16850,26.25,70.66547851562501,11859146.350424977
16851,30.0,70.66547851562501,6776655.057385702
16852,33.75,70.64821777343751,1852889.2959603765
16853,37.5,70.64821777343751,417213.87026447617
16854,41.25,70.64821777343751,1043034.6756611904
16855,45.0,70.64821777343751,1668855.4810579047
16856,33.75,70.66547851562501,1694163.7643464254
16857,37.5,70.66547851562501,412944.7167856563
16858,41.25,70.66547851562501,1032361.7919641407
16859,45.0,70.66547851562501,1651778.8671426252
16860,48.75,70.64821777343751,1043034.6756611904
16861,52.5,70.64821777343751,417213.87026447617
16862,48.75,70.66547851562501,1032361.7919641407
16863,52.5,70.66547851562501,412944.7167856563
16864,56.25,70.64821777343751,0.0
16865,60.0,70.64821777343751,0.0
16866,56.25,70.66547851562501,0.0
16867,60.0,70.66547851562501,0.0
16868,3.75,70.6827392578125,32300323.35974575
16869,7.5,70.6827392578125,35884435.95911198
16870,11.25,70.6827392578125,62154087.85005412
16871,15.0,70.6827392578125,88423739.74099626
16872,18.75,70.6827392578125,59871152.036320485
16873,22.5,70.6827392578125,31318564.33164469
16874,26.25,70.6827392578125,10748067.629128236
16875,30.0,70.6827392578125,6141752.93093042
16876,3.75,70.7,27904485.37542129
16877,7.5,70.7,33327949.041353174
16878,11.25,70.7,62608034.66087242
16879,15.0,70.7,91888120.28039166
16880,18.75,70.7,61560213.27860075
16881,22.5,70.7,31232306.27680984
16882,26.25,70.7,9636988.907830577
16883,30.0,70.7,5506850.8044746155
16884,33.75,70.6827392578125,1535438.232732605
16885,37.5,70.6827392578125,408675.5633068399
16886,41.25,70.6827392578125,1021688.9082670998
16887,45.0,70.6827392578125,1634702.2532273596
16888,33.75,70.7,1376712.7011186539
16889,37.5,70.7,404406.40982802
16890,41.25,70.7,1011016.0245700501
16891,45.0,70.7,1617625.63931208
16892,48.75,70.6827392578125,1021688.9082670998
16893,52.5,70.6827392578125,408675.5633068399
16894,48.75,70.7,1011016.0245700501
16895,52.5,70.7,404406.40982802
16896,56.25,70.6827392578125,0.0
16897,60.0,70.6827392578125,0.0
16898,56.25,70.7,0.0
16899,60.0,70.7,0.0
16900,63.75,0.0172607421875,0.0
16901,63.75,-0.0,0.0
16902,63.75,0.034521484375,0.0
16903,67.5,0.0172607421875,0.0
16904,67.5,-0.0,0.0
16905,67.5,0.034521484375,0.0
16906,63.75,0.05178222656250001,0.0
16907,63.75,0.06904296875,0.0
16908,67.5,0.05178222656250001,0.0
16909,67.5,0.06904296875,0.0
16910,63.75,0.0863037109375,0.0
16911,67.5,0.0863037109375,0.0
16912,63.75,0.09493408203125,0.0
16913,63.75,0.103564453125,1576982.8206912102
16914,67.5,0.09493408203125,0.0
16915,67.5,0.103564453125,0.0
16916,63.75,0.11219482421875,1538873.0794093262
16917,63.75,0.1208251953125,1500763.3381274424
16918,67.5,0.11219482421875,0.0
16919,67.5,0.1208251953125,0.0
16920,63.75,0.12945556640625,1462653.5968455586
16921,63.75,0.1380859375,1424543.8555636748
16922,67.5,0.12945556640625,0.0
16923,67.5,0.1380859375,0.0
16924,63.75,0.14671630859375,1386434.1142817908
16925,63.75,0.1553466796875,1348324.3729999068
16926,67.5,0.14671630859375,0.0
16927,67.5,0.1553466796875,0.0
16928,63.75,0.16397705078125,1310214.631718023
16929,63.75,0.172607421875,1272104.8904361392
16930,67.5,0.16397705078125,0.0
16931,67.5,0.172607421875,0.0
16932,63.75,0.18123779296875,1233995.1491542552
16933,63.75,0.1898681640625,1195885.4078723714
16934,67.5,0.18123779296875,0.0
16935,67.5,0.1898681640625,0.0
16936,63.75,0.19849853515625,1157775.6665904874
16937,63.75,0.2,1151145.5418695938
16938,63.75,0.20712890625,1119665.9253086036
16939,67.5,0.19849853515625,0.0
16940,67.5,0.2,0.0
16941,67.5,0.20712890625,0.0
16942,63.75,0.21575927734375,1081556.1840267198
16943,63.75,0.2243896484375,1043446.4427448359
16944,67.5,0.21575927734375,0.0
16945,67.5,0.2243896484375,0.0
16946,63.75,0.23302001953125,1005336.7014629518
16947,63.75,0.241650390625,967226.9601810679
16948,67.5,0.23302001953125,0.0
16949,67.5,0.241650390625,0.0
16950,63.75,0.25028076171875,929117.2188991841
16951,63.75,0.2589111328125,891007.4776173001
16952,67.5,0.25028076171875,0.0
16953,67.5,0.2589111328125,0.0
16954,63.75,0.26754150390625,852897.7363354164
16955,63.75,0.276171875,814787.9950535323
16956,67.5,0.26754150390625,0.0
16957,67.5,0.276171875,0.0
16958,63.75,0.28480224609375,776678.2537716485
16959,63.75,0.2934326171875,738568.5124897646
16960,67.5,0.28480224609375,0.0
16961,67.5,0.2934326171875,0.0
16962,63.75,0.30206298828125,723262.2265890237
16963,63.75,0.310693359375,780549.1891797315
16964,67.5,0.30206298828125,0.0
16965,67.5,0.310693359375,0.0
16966,63.75,0.3279541015625,895123.1143611474
16967,67.5,0.3279541015625,0.0
16968,63.75,0.34521484375,1009697.0395425635
16969,67.5,0.34521484375,0.0
16970,63.75,0.379736328125,1238844.8899053955
16971,67.5,0.379736328125,0.0
16972,63.75,0.4142578125,1467992.740268227
16973,67.5,0.4142578125,0.0
16974,63.75,0.48330078125,1926288.4409938904
16975,67.5,0.48330078125,0.0
16976,63.75,0.55234375,1643423.8483245794
16977,67.5,0.55234375,0.0
16978,63.75,0.6904296875,604790.1474242394
16979,67.5,0.6904296875,0.0
16980,63.75,0.8285156250000001,519008.6051559135
16981,67.5,0.8285156250000001,0.0
16982,63.75,1.1046875,3242462.8048298173
16983,67.5,1.1046875,0.0
16984,63.75,1.380859375,1956018.3052353938
16985,63.75,1.65703125,4996086.940973473
16986,67.5,1.380859375,0.0
16987,67.5,1.65703125,0.0
16988,63.75,1.933203125,3484274.909758264
16989,63.75,2.209375,2103769.6519680833
16990,67.5,1.933203125,0.0
16991,67.5,2.209375,0.0
16992,63.75,2.485546875,1831636.105384094
16993,63.75,2.76171875,975631.435931541
16994,67.5,2.485546875,0.0
16995,67.5,2.76171875,0.0
16996,63.75,3.037890625,1030175.7288030722
16997,63.75,3.3140625,381065.61940537824
16998,67.5,3.037890625,0.0
16999,67.5,3.3140625,0.0
17000,63.75,3.590234375000001,461423.31224945455
17001,63.75,3.86640625,622634.0337147785
17002,67.5,3.590234375000001,0.0
17003,67.5,3.86640625,0.0
17004,63.75,4.142578125,995331.0452978489
17005,63.75,4.41875,1467902.2113529982
17006,67.5,4.142578125,0.0
17007,67.5,4.41875,0.0
17008,63.75,4.694921875,235789.98486109567
17009,63.75,4.97109375,356373.6068967063
17010,67.5,4.694921875,0.0
17011,67.5,4.97109375,0.0
17012,63.75,5.247265625,317635.9038375219
17013,63.75,5.5234375,1582724.4030849293
17014,67.5,5.247265625,0.0
17015,67.5,5.5234375,0.0
17016,63.75,5.799609375,2947904.418267396
17017,63.75,6.07578125,1523687.0072284427
17018,67.5,5.799609375,0.0
17019,67.5,6.07578125,0.0
17020,63.75,6.351953125000001,4365057.103014584
17021,63.75,6.628125000000001,22284023.20368613
17022,67.5,6.351953125000001,0.0
17023,67.5,6.628125000000001,12410475.215703966
17024,63.75,6.904296875000001,31007052.474843245
17025,63.75,7.180468750000001,22954576.89069633
17026,67.5,6.904296875000001,23480140.00843271
17027,67.5,7.180468750000001,16225036.6465261
17028,63.75,7.456640625,70737275.14691988
17029,63.75,7.732812500000001,17636117.821251903
17030,67.5,7.456640625,58482457.10468149
17031,67.5,7.732812500000001,12898435.588435862
17032,63.75,8.008984375,61842114.75980021
17033,63.75,8.28515625,17839797.252360784
17034,67.5,8.008984375,50899709.482061446
17035,67.5,8.28515625,14263905.248272756
17036,63.75,8.561328125,10805815.797321558
17037,63.75,8.8375,9916126.647032222
17038,67.5,8.561328125,7816850.315325856
17039,67.5,8.8375,6682914.087312509
17040,71.25,0.0172607421875,0.0
17041,71.25,-0.0,0.0
17042,71.25,0.034521484375,0.0
17043,75.0,0.0172607421875,0.0
17044,75.0,-0.0,0.0
17045,75.0,0.034521484375,0.0
17046,71.25,0.05178222656250001,0.0
17047,71.25,0.06904296875,0.0
17048,75.0,0.05178222656250001,0.0
17049,75.0,0.06904296875,0.0
17050,71.25,0.0863037109375,0.0
17051,75.0,0.0863037109375,0.0
17052,71.25,0.09493408203125,0.0
17053,71.25,0.103564453125,0.0
17054,75.0,0.09493408203125,0.0
17055,75.0,0.103564453125,0.0
17056,71.25,0.11219482421875,0.0
17057,71.25,0.1208251953125,0.0
17058,75.0,0.11219482421875,0.0
17059,75.0,0.1208251953125,0.0
17060,71.25,0.12945556640625,0.0
17061,71.25,0.1380859375,0.0
17062,75.0,0.12945556640625,0.0
17063,75.0,0.1380859375,0.0
17064,71.25,0.14671630859375,0.0
17065,71.25,0.1553466796875,0.0
17066,75.0,0.14671630859375,0.0
17067,75.0,0.1553466796875,0.0
17068,71.25,0.16397705078125,0.0
17069,71.25,0.172607421875,0.0
17070,75.0,0.16397705078125,0.0
17071,75.0,0.172607421875,0.0
17072,71.25,0.18123779296875,0.0
17073,71.25,0.1898681640625,0.0
17074,75.0,0.18123779296875,0.0
17075,75.0,0.1898681640625,0.0
17076,71.25,0.19849853515625,0.0
17077,71.25,0.2,0.0
17078,71.25,0.20712890625,0.0
17079,75.0,0.19849853515625,0.0
17080,75.0,0.2,0.0
17081,75.0,0.20712890625,0.0
17082,71.25,0.21575927734375,0.0
17083,71.25,0.2243896484375,0.0
17084,75.0,0.21575927734375,0.0
17085,75.0,0.2243896484375,0.0
17086,71.25,0.23302001953125,0.0
17087,71.25,0.241650390625,0.0
17088,75.0,0.23302001953125,0.0
17089,75.0,0.241650390625,0.0
17090,71.25,0.25028076171875,0.0
17091,71.25,0.2589111328125,0.0
17092,75.0,0.25028076171875,0.0
17093,75.0,0.2589111328125,0.0
17094,71.25,0.26754150390625,0.0
17095,71.25,0.276171875,0.0
17096,75.0,0.26754150390625,0.0
17097,75.0,0.276171875,0.0
17098,71.25,0.28480224609375,0.0
17099,71.25,0.2934326171875,0.0
17100,75.0,0.28480224609375,0.0
17101,75.0,0.2934326171875,0.0
17102,71.25,0.30206298828125,0.0
17103,71.25,0.310693359375,0.0
17104,75.0,0.30206298828125,0.0
17105,75.0,0.310693359375,0.0
17106,71.25,0.3279541015625,0.0
17107,75.0,0.3279541015625,0.0
17108,71.25,0.34521484375,0.0
17109,75.0,0.34521484375,0.0
17110,71.25,0.379736328125,0.0
17111,75.0,0.379736328125,0.0
17112,71.25,0.4142578125,0.0
17113,75.0,0.4142578125,0.0
17114,71.25,0.48330078125,0.0
17115,75.0,0.48330078125,0.0
17116,71.25,0.55234375,0.0
17117,75.0,0.55234375,0.0
17118,71.25,0.6904296875,0.0
17119,75.0,0.6904296875,0.0
17120,71.25,0.8285156250000001,0.0
17121,75.0,0.8285156250000001,0.0
17122,71.25,1.1046875,0.0
17123,75.0,1.1046875,0.0
17124,71.25,1.380859375,0.0
17125,71.25,1.65703125,0.0
17126,75.0,1.380859375,0.0
17127,75.0,1.65703125,0.0
17128,71.25,1.933203125,0.0
17129,71.25,2.209375,0.0
17130,75.0,1.933203125,0.0
17131,75.0,2.209375,0.0
17132,71.25,2.485546875,0.0
17133,71.25,2.76171875,0.0
17134,75.0,2.485546875,0.0
17135,75.0,2.76171875,0.0
17136,71.25,3.037890625,0.0
17137,71.25,3.3140625,0.0
17138,75.0,3.037890625,0.0
17139,75.0,3.3140625,0.0
17140,71.25,3.590234375000001,0.0
17141,71.25,3.86640625,0.0
17142,75.0,3.590234375000001,0.0
17143,75.0,3.86640625,0.0
17144,71.25,4.142578125,0.0
17145,71.25,4.41875,0.0
17146,75.0,4.142578125,0.0
17147,75.0,4.41875,0.0
17148,71.25,4.694921875,0.0
17149,71.25,4.97109375,0.0
17150,75.0,4.694921875,0.0
17151,75.0,4.97109375,0.0
17152,71.25,5.247265625,0.0
17153,71.25,5.5234375,0.0
17154,75.0,5.247265625,0.0
17155,75.0,5.5234375,0.0
17156,71.25,5.799609375,0.0
17157,71.25,6.07578125,0.0
17158,75.0,5.799609375,0.0
17159,75.0,6.07578125,0.0
17160,71.25,6.351953125000001,0.0
17161,71.25,6.628125000000001,6205237.607851983
17162,75.0,6.351953125000001,0.0
17163,75.0,6.628125000000001,0.0
17164,71.25,6.904296875000001,11740070.004216354
17165,71.25,7.180468750000001,8112518.32326305
17166,75.0,6.904296875000001,0.0
17167,75.0,7.180468750000001,0.0
17168,71.25,7.456640625,29241228.552340746
17169,71.25,7.732812500000001,6449217.794217931
17170,75.0,7.456640625,0.0
17171,75.0,7.732812500000001,0.0
17172,71.25,8.008984375,25449854.741030723
17173,71.25,8.28515625,7131952.624136378
17174,75.0,8.008984375,0.0
17175,75.0,8.28515625,0.0
17176,71.25,8.561328125,3908425.157662928
17177,71.25,8.8375,3341457.0436562547
17178,75.0,8.561328125,0.0
17179,75.0,8.8375,0.0
17180,63.75,9.113671875000001,19745136.07512586
17181,63.75,9.38984375,29760559.41760236
17182,67.5,9.113671875000001,14760358.693426099
17183,67.5,9.38984375,22864957.775878325
17184,63.75,9.666015625,20195631.864174686
17185,63.75,9.9421875,7118541.17918423
17186,67.5,9.666015625,14421000.987240959
17187,67.5,9.9421875,2692414.3821211495
17188,63.75,10.218359375,5033301.994264178
17189,63.75,10.49453125,15687061.575355634
17190,67.5,10.218359375,3377894.7432982135
17191,67.5,10.49453125,12975072.711345736
17192,63.75,10.770703125,10669760.035173886
17193,63.75,11.046875,8266804.968313381
17194,67.5,10.770703125,8875253.554645196
17195,67.5,11.046875,6336651.675488113
17196,63.75,11.323046875,9048909.585210234
17197,63.75,11.59921875,14723309.672725273
17198,67.5,11.323046875,6231178.57506224
17199,67.5,11.59921875,7555778.034075254
17200,63.75,11.875390625,2466669.856905269
17201,63.75,12.1515625,9009744.33488237
17202,67.5,11.875390625,0.0
17203,67.5,12.1515625,0.0
17204,63.75,12.427734375,3763442.4600681663
17205,63.75,12.70390625,3694457.852330723
17206,67.5,12.427734375,0.0
17207,67.5,12.70390625,0.0
17208,63.75,12.980078125,4667808.913406743
17209,63.75,13.25625,10137152.206386503
17210,67.5,12.980078125,0.0
17211,67.5,13.25625,0.0
17212,63.75,13.532421875,4324255.151031416
17213,63.75,13.80859375,1561626.080088174
17214,67.5,13.532421875,0.0
17215,67.5,13.80859375,0.0
17216,63.75,14.084765625,1572274.8279966202
17217,63.75,14.3609375,1555969.012600664
17218,67.5,14.084765625,0.0
17219,67.5,14.3609375,0.0
17220,63.75,14.637109375,6008323.95967208
17221,63.75,14.91328125,4662264.654909189
17222,67.5,14.637109375,0.0
17223,67.5,14.91328125,0.0
17224,63.75,15.189453125,2964067.645788382
17225,63.75,15.465625,3538978.921304379
17226,67.5,15.189453125,0.0
17227,67.5,15.465625,0.0
17228,63.75,15.741796875,3496098.328573756
17229,63.75,16.01796875,2726399.082361646
17230,67.5,15.741796875,0.0
17231,67.5,16.01796875,0.0
17232,63.75,16.294140625,5625162.310012988
17233,63.75,16.5703125,2510947.426893559
17234,67.5,16.294140625,0.0
17235,67.5,16.5703125,0.0
17236,63.75,16.846484375,4042600.086538165
17237,63.75,17.12265625,3039421.022094777
17238,67.5,16.846484375,0.0
17239,67.5,17.12265625,0.0
17240,63.75,17.398828125,2405576.0061000558
17241,63.75,17.675,4281032.009333004
17242,67.5,17.398828125,0.0
17243,67.5,17.675,0.0
17244,71.25,9.113671875000001,7380179.346713049
17245,71.25,9.38984375,11432478.887939163
17246,75.0,9.113671875000001,0.0
17247,75.0,9.38984375,0.0
17248,71.25,9.666015625,7210500.4936204795
17249,71.25,9.9421875,1346207.1910605747
17250,75.0,9.666015625,0.0
17251,75.0,9.9421875,0.0
17252,71.25,10.218359375,1688947.3716491067
17253,71.25,10.49453125,6487536.355672868
17254,75.0,10.218359375,0.0
17255,75.0,10.49453125,0.0
17256,71.25,10.770703125,4437626.777322598
17257,71.25,11.046875,3168325.8377440567
17258,75.0,10.770703125,0.0
17259,75.0,11.046875,0.0
17260,71.25,11.323046875,3115589.28753112
17261,71.25,11.59921875,3777889.017037627
17262,75.0,11.323046875,0.0
17263,75.0,11.59921875,0.0
17264,71.25,11.875390625,0.0
17265,71.25,12.1515625,0.0
17266,75.0,11.875390625,0.0
17267,75.0,12.1515625,0.0
17268,71.25,12.427734375,0.0
17269,71.25,12.70390625,0.0
17270,75.0,12.427734375,0.0
17271,75.0,12.70390625,0.0
17272,71.25,12.980078125,0.0
17273,71.25,13.25625,0.0
17274,75.0,12.980078125,0.0
17275,75.0,13.25625,0.0
17276,71.25,13.532421875,0.0
17277,71.25,13.80859375,0.0
17278,75.0,13.532421875,0.0
17279,75.0,13.80859375,0.0
17280,71.25,14.084765625,0.0
17281,71.25,14.3609375,0.0
17282,75.0,14.084765625,0.0
17283,75.0,14.3609375,0.0
17284,71.25,14.637109375,0.0
17285,71.25,14.91328125,0.0
17286,75.0,14.637109375,0.0
17287,75.0,14.91328125,0.0
17288,71.25,15.189453125,0.0
17289,71.25,15.465625,0.0
17290,75.0,15.189453125,0.0
17291,75.0,15.465625,0.0
17292,71.25,15.741796875,0.0
17293,71.25,16.01796875,0.0
17294,75.0,15.741796875,0.0
17295,75.0,16.01796875,0.0
17296,71.25,16.294140625,0.0
17297,71.25,16.5703125,0.0
17298,75.0,16.294140625,0.0
17299,75.0,16.5703125,0.0
17300,71.25,16.846484375,0.0
17301,71.25,17.12265625,0.0
17302,75.0,16.846484375,0.0
17303,75.0,17.12265625,0.0
17304,71.25,17.398828125,0.0
17305,71.25,17.675,0.0
17306,75.0,17.398828125,0.0
17307,75.0,17.675,0.0
17308,78.75,0.0172607421875,0.0
17309,78.75,-0.0,0.0
17310,78.75,0.034521484375,0.0
17311,82.5,0.0172607421875,0.0
17312,82.5,-0.0,0.0
17313,82.5,0.034521484375,0.0
17314,78.75,0.05178222656250001,0.0
17315,78.75,0.06904296875,0.0
17316,82.5,0.05178222656250001,0.0
17317,82.5,0.06904296875,0.0
17318,78.75,0.0863037109375,0.0
17319,82.5,0.0863037109375,0.0
17320,78.75,0.09493408203125,0.0
17321,78.75,0.103564453125,0.0
17322,82.5,0.09493408203125,0.0
17323,82.5,0.103564453125,0.0
17324,78.75,0.11219482421875,0.0
17325,78.75,0.1208251953125,0.0
17326,82.5,0.11219482421875,0.0
17327,82.5,0.1208251953125,0.0
17328,78.75,0.12945556640625,0.0
17329,78.75,0.1380859375,0.0
17330,82.5,0.12945556640625,0.0
17331,82.5,0.1380859375,0.0
17332,78.75,0.14671630859375,0.0
17333,78.75,0.1553466796875,0.0
17334,82.5,0.14671630859375,0.0
17335,82.5,0.1553466796875,0.0
17336,78.75,0.16397705078125,0.0
17337,78.75,0.172607421875,0.0
17338,82.5,0.16397705078125,0.0
17339,82.5,0.172607421875,0.0
17340,78.75,0.18123779296875,0.0
17341,78.75,0.1898681640625,0.0
17342,82.5,0.18123779296875,0.0
17343,82.5,0.1898681640625,0.0
17344,78.75,0.19849853515625,0.0
17345,78.75,0.2,0.0
17346,78.75,0.20712890625,0.0
17347,82.5,0.19849853515625,0.0
17348,82.5,0.2,0.0
17349,82.5,0.20712890625,0.0
17350,78.75,0.21575927734375,0.0
17351,78.75,0.2243896484375,0.0
17352,82.5,0.21575927734375,0.0
17353,82.5,0.2243896484375,0.0
17354,78.75,0.23302001953125,0.0
17355,78.75,0.241650390625,0.0
17356,82.5,0.23302001953125,0.0
17357,82.5,0.241650390625,0.0
17358,78.75,0.25028076171875,0.0
17359,78.75,0.2589111328125,0.0
17360,82.5,0.25028076171875,0.0
17361,82.5,0.2589111328125,0.0
17362,78.75,0.26754150390625,0.0
17363,78.75,0.276171875,0.0
17364,82.5,0.26754150390625,0.0
17365,82.5,0.276171875,0.0
17366,78.75,0.28480224609375,0.0
17367,78.75,0.2934326171875,0.0
17368,82.5,0.28480224609375,0.0
17369,82.5,0.2934326171875,0.0
17370,78.75,0.30206298828125,0.0
17371,78.75,0.310693359375,0.0
17372,82.5,0.30206298828125,0.0
17373,82.5,0.310693359375,0.0
17374,78.75,0.3279541015625,0.0
17375,82.5,0.3279541015625,0.0
17376,78.75,0.34521484375,0.0
17377,82.5,0.34521484375,0.0
17378,78.75,0.379736328125,0.0
17379,82.5,0.379736328125,0.0
17380,78.75,0.4142578125,0.0
17381,82.5,0.4142578125,0.0
17382,78.75,0.48330078125,0.0
17383,82.5,0.48330078125,0.0
17384,78.75,0.55234375,0.0
17385,82.5,0.55234375,0.0
17386,78.75,0.6904296875,0.0
17387,82.5,0.6904296875,0.0
17388,78.75,0.8285156250000001,0.0
17389,82.5,0.8285156250000001,0.0
17390,78.75,1.1046875,0.0
17391,82.5,1.1046875,0.0
17392,78.75,1.380859375,0.0
17393,78.75,1.65703125,0.0
17394,82.5,1.380859375,0.0
17395,82.5,1.65703125,0.0
17396,78.75,1.933203125,0.0
17397,78.75,2.209375,0.0
17398,82.5,1.933203125,0.0
17399,82.5,2.209375,0.0
17400,78.75,2.485546875,0.0
17401,78.75,2.76171875,0.0
17402,82.5,2.485546875,0.0
17403,82.5,2.76171875,0.0
17404,78.75,3.037890625,0.0
17405,78.75,3.3140625,0.0
17406,82.5,3.037890625,0.0
17407,82.5,3.3140625,0.0
17408,78.75,3.590234375000001,0.0
17409,78.75,3.86640625,0.0
17410,82.5,3.590234375000001,0.0
17411,82.5,3.86640625,0.0
17412,78.75,4.142578125,0.0
17413,78.75,4.41875,0.0
17414,82.5,4.142578125,0.0
17415,82.5,4.41875,0.0
17416,78.75,4.694921875,0.0
17417,78.75,4.97109375,0.0
17418,82.5,4.694921875,0.0
17419,82.5,4.97109375,0.0
17420,78.75,5.247265625,0.0
17421,78.75,5.5234375,0.0
17422,82.5,5.247265625,0.0
17423,82.5,5.5234375,0.0
17424,78.75,5.799609375,0.0
17425,78.75,6.07578125,0.0
17426,82.5,5.799609375,0.0
17427,82.5,6.07578125,0.0
17428,78.75,6.351953125000001,0.0
17429,78.75,6.628125000000001,0.0
17430,82.5,6.351953125000001,0.0
17431,82.5,6.628125000000001,0.0
17432,78.75,6.904296875000001,0.0
17433,78.75,7.180468750000001,0.0
17434,82.5,6.904296875000001,0.0
17435,82.5,7.180468750000001,0.0
17436,78.75,7.456640625,0.0
17437,78.75,7.732812500000001,0.0
17438,82.5,7.456640625,0.0
17439,82.5,7.732812500000001,0.0
17440,78.75,8.008984375,0.0
17441,78.75,8.28515625,0.0
17442,82.5,8.008984375,0.0
17443,82.5,8.28515625,0.0
17444,78.75,8.561328125,0.0
17445,78.75,8.8375,0.0
17446,82.5,8.561328125,0.0
17447,82.5,8.8375,0.0
17448,86.25,0.0172607421875,0.0
17449,86.25,-0.0,0.0
17450,86.25,0.034521484375,0.0
17451,90.0,0.0172607421875,0.0
17452,90.0,-0.0,0.0
17453,90.0,0.034521484375,0.0
17454,86.25,0.05178222656250001,0.0
17455,86.25,0.06904296875,0.0
17456,90.0,0.05178222656250001,0.0
17457,90.0,0.06904296875,0.0
17458,86.25,0.0863037109375,0.0
17459,90.0,0.0863037109375,0.0
17460,86.25,0.09493408203125,0.0
17461,86.25,0.103564453125,0.0
17462,90.0,0.09493408203125,0.0
17463,90.0,0.103564453125,0.0
17464,86.25,0.11219482421875,0.0
17465,86.25,0.1208251953125,0.0
17466,90.0,0.11219482421875,0.0
17467,90.0,0.1208251953125,0.0
17468,86.25,0.12945556640625,0.0
17469,86.25,0.1380859375,0.0
17470,90.0,0.12945556640625,0.0
17471,90.0,0.1380859375,0.0
17472,86.25,0.14671630859375,0.0
17473,86.25,0.1553466796875,0.0
17474,90.0,0.14671630859375,0.0
17475,90.0,0.1553466796875,0.0
17476,86.25,0.16397705078125,0.0
17477,86.25,0.172607421875,0.0
17478,90.0,0.16397705078125,0.0
17479,90.0,0.172607421875,0.0
17480,86.25,0.18123779296875,0.0
17481,86.25,0.1898681640625,0.0
17482,90.0,0.18123779296875,0.0
17483,90.0,0.1898681640625,0.0
17484,86.25,0.19849853515625,0.0
17485,86.25,0.2,0.0
17486,86.25,0.20712890625,0.0
17487,90.0,0.19849853515625,0.0
17488,90.0,0.2,0.0
17489,90.0,0.20712890625,0.0
17490,86.25,0.21575927734375,0.0
17491,86.25,0.2243896484375,0.0
17492,90.0,0.21575927734375,0.0
17493,90.0,0.2243896484375,0.0
17494,86.25,0.23302001953125,0.0
17495,86.25,0.241650390625,0.0
17496,90.0,0.23302001953125,0.0
17497,90.0,0.241650390625,0.0
17498,86.25,0.25028076171875,0.0
17499,86.25,0.2589111328125,0.0
17500,90.0,0.25028076171875,0.0
17501,90.0,0.2589111328125,0.0
17502,86.25,0.26754150390625,0.0
17503,86.25,0.276171875,0.0
17504,90.0,0.26754150390625,0.0
17505,90.0,0.276171875,0.0
17506,86.25,0.28480224609375,0.0
17507,86.25,0.2934326171875,0.0
17508,90.0,0.28480224609375,0.0
17509,90.0,0.2934326171875,0.0
17510,86.25,0.30206298828125,0.0
17511,86.25,0.310693359375,0.0
17512,90.0,0.30206298828125,0.0
17513,90.0,0.310693359375,0.0
17514,86.25,0.3279541015625,0.0
17515,90.0,0.3279541015625,0.0
17516,86.25,0.34521484375,0.0
17517,90.0,0.34521484375,0.0
17518,86.25,0.379736328125,0.0
17519,90.0,0.379736328125,0.0
17520,86.25,0.4142578125,0.0
17521,90.0,0.4142578125,0.0
17522,86.25,0.48330078125,0.0
17523,90.0,0.48330078125,0.0
17524,86.25,0.55234375,0.0
17525,90.0,0.55234375,0.0
17526,86.25,0.6904296875,0.0
17527,90.0,0.6904296875,0.0
17528,86.25,0.8285156250000001,0.0
17529,90.0,0.8285156250000001,0.0
17530,86.25,1.1046875,0.0
17531,90.0,1.1046875,0.0
17532,86.25,1.380859375,0.0
17533,86.25,1.65703125,0.0
17534,90.0,1.380859375,0.0
17535,90.0,1.65703125,0.0
17536,86.25,1.933203125,0.0
17537,86.25,2.209375,0.0
17538,90.0,1.933203125,0.0
17539,90.0,2.209375,0.0
17540,86.25,2.485546875,0.0
17541,86.25,2.76171875,0.0
17542,90.0,2.485546875,0.0
17543,90.0,2.76171875,0.0
17544,86.25,3.037890625,0.0
17545,86.25,3.3140625,0.0
17546,90.0,3.037890625,0.0
17547,90.0,3.3140625,0.0
17548,86.25,3.590234375000001,0.0
17549,86.25,3.86640625,0.0
17550,90.0,3.590234375000001,0.0
17551,90.0,3.86640625,0.0
17552,86.25,4.142578125,0.0
17553,86.25,4.41875,0.0
17554,90.0,4.142578125,0.0
17555,90.0,4.41875,0.0
17556,86.25,4.694921875,0.0
17557,86.25,4.97109375,0.0
17558,90.0,4.694921875,0.0
17559,90.0,4.97109375,0.0
17560,86.25,5.247265625,0.0
17561,86.25,5.5234375,0.0
17562,90.0,5.247265625,0.0
17563,90.0,5.5234375,0.0
17564,86.25,5.799609375,0.0
17565,86.25,6.07578125,0.0
17566,90.0,5.799609375,0.0
17567,90.0,6.07578125,0.0
17568,86.25,6.351953125000001,0.0
17569,86.25,6.628125000000001,0.0
17570,90.0,6.351953125000001,0.0
17571,90.0,6.628125000000001,0.0
17572,86.25,6.904296875000001,0.0
17573,86.25,7.180468750000001,0.0
17574,90.0,6.904296875000001,0.0
17575,90.0,7.180468750000001,0.0
17576,86.25,7.456640625,0.0
17577,86.25,7.732812500000001,0.0
17578,90.0,7.456640625,0.0
17579,90.0,7.732812500000001,0.0
17580,86.25,8.008984375,0.0
17581,86.25,8.28515625,0.0
17582,90.0,8.008984375,0.0
17583,90.0,8.28515625,0.0
17584,86.25,8.561328125,0.0
17585,86.25,8.8375,0.0
17586,90.0,8.561328125,0.0
17587,90.0,8.8375,0.0
17588,78.75,9.113671875000001,0.0
17589,78.75,9.38984375,0.0
17590,82.5,9.113671875000001,0.0
17591,82.5,9.38984375,0.0
17592,78.75,9.666015625,0.0
17593,78.75,9.9421875,0.0
17594,82.5,9.666015625,0.0
17595,82.5,9.9421875,0.0
17596,78.75,10.218359375,0.0
17597,78.75,10.49453125,0.0
17598,82.5,10.218359375,0.0
17599,82.5,10.49453125,0.0
17600,78.75,10.770703125,0.0
17601,78.75,11.046875,0.0
17602,82.5,10.770703125,0.0
17603,82.5,11.046875,0.0
17604,78.75,11.323046875,0.0
17605,78.75,11.59921875,0.0
17606,82.5,11.323046875,0.0
17607,82.5,11.59921875,0.0
17608,78.75,11.875390625,0.0
17609,78.75,12.1515625,0.0
17610,82.5,11.875390625,0.0
17611,82.5,12.1515625,0.0
17612,78.75,12.427734375,0.0
17613,78.75,12.70390625,0.0
17614,82.5,12.427734375,0.0
17615,82.5,12.70390625,0.0
17616,78.75,12.980078125,0.0
17617,78.75,13.25625,0.0
17618,82.5,12.980078125,0.0
17619,82.5,13.25625,0.0
17620,78.75,13.532421875,0.0
17621,78.75,13.80859375,0.0
17622,82.5,13.532421875,0.0
17623,82.5,13.80859375,0.0
17624,78.75,14.084765625,0.0
17625,78.75,14.3609375,0.0
17626,82.5,14.084765625,0.0
17627,82.5,14.3609375,0.0
17628,78.75,14.637109375,0.0
17629,78.75,14.91328125,0.0
17630,82.5,14.637109375,0.0
17631,82.5,14.91328125,0.0
17632,78.75,15.189453125,0.0
17633,78.75,15.465625,0.0
17634,82.5,15.189453125,0.0
17635,82.5,15.465625,0.0
17636,78.75,15.741796875,0.0
17637,78.75,16.01796875,0.0
17638,82.5,15.741796875,0.0
17639,82.5,16.01796875,0.0
17640,78.75,16.294140625,0.0
17641,78.75,16.5703125,0.0
17642,82.5,16.294140625,0.0
17643,82.5,16.5703125,0.0
17644,78.75,16.846484375,0.0
17645,78.75,17.12265625,0.0
17646,82.5,16.846484375,0.0
17647,82.5,17.12265625,0.0
17648,78.75,17.398828125,0.0
17649,78.75,17.675,0.0
17650,82.5,17.398828125,0.0
17651,82.5,17.675,0.0
17652,86.25,9.113671875000001,0.0
17653,86.25,9.38984375,0.0
17654,90.0,9.113671875000001,0.0
17655,90.0,9.38984375,0.0
17656,86.25,9.666015625,0.0
17657,86.25,9.9421875,0.0
17658,90.0,9.666015625,0.0
17659,90.0,9.9421875,0.0
17660,86.25,10.218359375,0.0
17661,86.25,10.49453125,0.0
17662,90.0,10.218359375,0.0
17663,90.0,10.49453125,0.0
17664,86.25,10.770703125,0.0
17665,86.25,11.046875,0.0
17666,90.0,10.770703125,0.0
17667,90.0,11.046875,0.0
17668,86.25,11.323046875,0.0
17669,86.25,11.59921875,0.0
17670,90.0,11.323046875,0.0
17671,90.0,11.59921875,0.0
17672,86.25,11.875390625,0.0
17673,86.25,12.1515625,0.0
17674,90.0,11.875390625,0.0
17675,90.0,12.1515625,0.0
17676,86.25,12.427734375,0.0
17677,86.25,12.70390625,0.0
17678,90.0,12.427734375,0.0
17679,90.0,12.70390625,0.0
17680,86.25,12.980078125,0.0
17681,86.25,13.25625,0.0
17682,90.0,12.980078125,0.0
17683,90.0,13.25625,0.0
17684,86.25,13.532421875,0.0
17685,86.25,13.80859375,0.0
17686,90.0,13.532421875,0.0
17687,90.0,13.80859375,0.0
17688,86.25,14.084765625,0.0
17689,86.25,14.3609375,0.0
17690,90.0,14.084765625,0.0
17691,90.0,14.3609375,0.0
17692,86.25,14.637109375,0.0
17693,86.25,14.91328125,0.0
17694,90.0,14.637109375,0.0
17695,90.0,14.91328125,0.0
17696,86.25,15.189453125,0.0
17697,86.25,15.465625,0.0
17698,90.0,15.189453125,0.0
17699,90.0,15.465625,0.0
17700,86.25,15.741796875,0.0
17701,86.25,16.01796875,0.0
17702,90.0,15.741796875,0.0
17703,90.0,16.01796875,0.0
17704,86.25,16.294140625,0.0
17705,86.25,16.5703125,0.0
17706,90.0,16.294140625,0.0
17707,90.0,16.5703125,0.0
17708,86.25,16.846484375,0.0
17709,86.25,17.12265625,0.0
17710,90.0,16.846484375,0.0
17711,90.0,17.12265625,0.0
17712,86.25,17.398828125,0.0
17713,86.25,17.675,0.0
17714,90.0,17.398828125,0.0
17715,90.0,17.675,0.0
17716,63.75,17.951171875,2372004.5169130126
17717,63.75,18.22734375,2851588.667929354
17718,67.5,17.951171875,0.0
17719,67.5,18.22734375,0.0
17720,63.75,18.503515625,4986645.492312959
17721,63.75,18.7796875,854920.6793703064
17722,67.5,18.503515625,0.0
17723,67.5,18.7796875,0.0
17724,63.75,19.055859375,274057.8913692668
17725,63.75,19.33203125,1358467.9530124553
17726,67.5,19.055859375,0.0
17727,67.5,19.33203125,0.0
17728,63.75,19.608203125,1184915.28542212
17729,63.75,19.884375,533274.435734082
17730,67.5,19.608203125,0.0
17731,67.5,19.884375,0.0
17732,63.75,20.160546875,393485.63785838167
17733,63.75,20.43671875,454576.3414649484
17734,67.5,20.160546875,0.0
17735,67.5,20.43671875,0.0
17736,63.75,20.712890625,1451150.923355394
17737,63.75,20.9890625,4842625.524112664
17738,67.5,20.712890625,0.0
17739,67.5,20.9890625,0.0
17740,63.75,21.265234375,2995077.6522329347
17741,63.75,21.54140625,5205803.697840062
17742,67.5,21.265234375,0.0
17743,67.5,21.54140625,0.0
17744,63.75,21.817578125,1232933.219625849
17745,63.75,22.09375,470926.8320933981
17746,67.5,21.817578125,0.0
17747,67.5,22.09375,0.0
17748,63.75,22.369921875,1879329.7816406833
17749,63.75,22.64609375,5678435.404934671
17750,67.5,22.369921875,0.0
17751,67.5,22.64609375,0.0
17752,63.75,22.922265625,2549825.7430029027
17753,63.75,23.1984375,4526453.237052226
17754,67.5,22.922265625,0.0
17755,67.5,23.1984375,0.0
17756,63.75,23.474609375,3124944.2950257165
17757,63.75,23.75078125,2876057.4193585836
17758,67.5,23.474609375,0.0
17759,67.5,23.75078125,0.0
17760,63.75,24.026953125,1703475.2140648025
17761,63.75,24.303125,8439423.622026999
17762,67.5,24.026953125,0.0
17763,67.5,24.303125,0.0
17764,63.75,24.579296875,3659443.8126376076
17765,63.75,24.85546875,1596060.5892588815
17766,67.5,24.579296875,0.0
17767,67.5,24.85546875,0.0
17768,63.75,25.131640625,1312686.4779797299
17769,63.75,25.4078125,1887661.7286127647
17770,67.5,25.131640625,0.0
17771,67.5,25.4078125,0.0
17772,63.75,25.683984375,1028210.1474662374
17773,63.75,25.96015625,4858213.456166812
17774,67.5,25.683984375,0.0
17775,67.5,25.96015625,0.0
17776,63.75,26.236328125,2129997.7605465604
17777,63.75,26.5125,585069.6067563236
17778,67.5,26.236328125,0.0
17779,67.5,26.5125,0.0
17780,71.25,17.951171875,0.0
17781,71.25,18.22734375,0.0
17782,75.0,17.951171875,0.0
17783,75.0,18.22734375,0.0
17784,71.25,18.503515625,0.0
17785,71.25,18.7796875,0.0
17786,75.0,18.503515625,0.0
17787,75.0,18.7796875,0.0
17788,71.25,19.055859375,0.0
17789,71.25,19.33203125,0.0
17790,75.0,19.055859375,0.0
17791,75.0,19.33203125,0.0
17792,71.25,19.608203125,0.0
17793,71.25,19.884375,0.0
17794,75.0,19.608203125,0.0
17795,75.0,19.884375,0.0
17796,71.25,20.160546875,0.0
17797,71.25,20.43671875,0.0
17798,75.0,20.160546875,0.0
17799,75.0,20.43671875,0.0
17800,71.25,20.712890625,0.0
17801,71.25,20.9890625,0.0
17802,75.0,20.712890625,0.0
17803,75.0,20.9890625,0.0
17804,71.25,21.265234375,0.0
17805,71.25,21.54140625,0.0
17806,75.0,21.265234375,0.0
17807,75.0,21.54140625,0.0
17808,71.25,21.817578125,0.0
17809,71.25,22.09375,0.0
17810,75.0,21.817578125,0.0
17811,75.0,22.09375,0.0
17812,71.25,22.369921875,0.0
17813,71.25,22.64609375,0.0
17814,75.0,22.369921875,0.0
17815,75.0,22.64609375,0.0
17816,71.25,22.922265625,0.0
17817,71.25,23.1984375,0.0
17818,75.0,22.922265625,0.0
17819,75.0,23.1984375,0.0
17820,71.25,23.474609375,0.0
17821,71.25,23.75078125,0.0
17822,75.0,23.474609375,0.0
17823,75.0,23.75078125,0.0
17824,71.25,24.026953125,0.0
17825,71.25,24.303125,0.0
17826,75.0,24.026953125,0.0
17827,75.0,24.303125,0.0
17828,71.25,24.579296875,0.0
17829,71.25,24.85546875,0.0
17830,75.0,24.579296875,0.0
17831,75.0,24.85546875,0.0
17832,71.25,25.131640625,0.0
17833,71.25,25.4078125,0.0
17834,75.0,25.131640625,0.0
17835,75.0,25.4078125,0.0
17836,71.25,25.683984375,0.0
17837,71.25,25.96015625,0.0
17838,75.0,25.683984375,0.0
17839,75.0,25.96015625,0.0
17840,71.25,26.236328125,0.0
17841,71.25,26.5125,0.0
17842,75.0,26.236328125,0.0
17843,75.0,26.5125,0.0
17844,63.75,26.788671875,912195.478260101
17845,63.75,27.06484375,1662579.8514873376
17846,67.5,26.788671875,0.0
17847,67.5,27.06484375,0.0
17848,63.75,27.341015625,3548577.40582388
17849,63.75,27.6171875,10929543.174728503
17850,67.5,27.341015625,0.0
17851,67.5,27.6171875,0.0
17852,63.75,27.893359375,9715127.118552295
17853,63.75,28.16953125000001,2319236.0748907537
17854,67.5,27.893359375,0.0
17855,67.5,28.16953125000001,0.0
17856,63.75,28.445703125,22808303.467863325
17857,63.75,28.721875,30520417.50508933
17858,67.5,28.445703125,15276769.082809277
17859,67.5,28.721875,18960806.139095303
17860,63.75,28.998046875,26922547.510017514
17861,63.75,29.27421875,8412107.734832987
17862,67.5,28.998046875,17412018.16030039
17863,67.5,29.27421875,2778681.468902414
17864,63.75,29.550390625,10027465.557149874
17865,63.75,29.8265625,5803344.50093349
17866,67.5,29.550390625,1663089.8442392987
17867,67.5,29.8265625,1459473.6406684134
17868,63.75,30.102734375,5796152.142957398
17869,63.75,30.37890625,7749535.264067822
17870,67.5,30.102734375,714064.3344758004
17871,67.5,30.37890625,904209.9127969852
17872,63.75,30.655078125,8322521.3312154785
17873,63.75,30.93125,3891180.803325507
17874,67.5,30.655078125,1758213.5921658508
17875,67.5,30.93125,1325209.4174886951
17876,63.75,31.207421875,2661096.1833206085
17877,63.75,31.48359375,4082049.940883592
17878,67.5,31.207421875,781131.5944762295
17879,67.5,31.48359375,1487005.9576132065
17880,63.75,31.759765625,3339932.1658803048
17881,63.75,32.0359375,3840065.671741299
17882,67.5,31.759765625,1295485.5145481771
17883,67.5,32.0359375,1014770.9352805879
17884,63.75,32.31210937500001,2933943.778679657
17885,63.75,32.58828125,1126655.7992955812
17886,67.5,32.31210937500001,0.0
17887,67.5,32.58828125,0.0
17888,63.75,32.864453125,1003422.9843078589
17889,63.75,33.140625,842854.8146738237
17890,67.5,32.864453125,0.0
17891,67.5,33.140625,0.0
17892,63.75,33.416796875,809704.8613704628
17893,63.75,33.69296875,3941934.4950162955
17894,67.5,33.416796875,0.0
17895,67.5,33.69296875,0.0
17896,63.75,33.96914062499999,11795331.743114453
17897,63.75,34.2453125,17208571.543083396
17898,67.5,33.96914062499999,3373710.600503619
17899,67.5,34.2453125,0.0
17900,63.75,34.521484375,5906176.418186093
17901,63.75,34.79765625,4656369.715400682
17902,67.5,34.521484375,0.0
17903,67.5,34.79765625,0.0
17904,63.75,35.07382812500001,2990778.0489348136
17905,63.75,35.35,2677669.9074085704
17906,67.5,35.07382812500001,0.0
17907,67.5,35.35,0.0
17908,71.25,26.788671875,0.0
17909,71.25,27.06484375,0.0
17910,75.0,26.788671875,0.0
17911,75.0,27.06484375,0.0
17912,71.25,27.341015625,0.0
17913,71.25,27.6171875,0.0
17914,75.0,27.341015625,0.0
17915,75.0,27.6171875,0.0
17916,71.25,27.893359375,0.0
17917,71.25,28.16953125000001,0.0
17918,75.0,27.893359375,0.0
17919,75.0,28.16953125000001,0.0
17920,71.25,28.445703125,7638384.541404638
17921,71.25,28.721875,9480403.069547651
17922,75.0,28.445703125,0.0
17923,75.0,28.721875,0.0
17924,71.25,28.998046875,8706009.080150194
17925,71.25,29.27421875,1389340.734451207
17926,75.0,28.998046875,0.0
17927,75.0,29.27421875,0.0
17928,71.25,29.550390625,831544.9221196494
17929,71.25,29.8265625,729736.8203342067
17930,75.0,29.550390625,0.0
17931,75.0,29.8265625,0.0
17932,71.25,30.102734375,357032.1672379002
17933,71.25,30.37890625,452104.9563984926
17934,75.0,30.102734375,0.0
17935,75.0,30.37890625,0.0
17936,71.25,30.655078125,879106.7960829254
17937,71.25,30.93125,662604.7087443476
17938,75.0,30.655078125,0.0
17939,75.0,30.93125,0.0
17940,71.25,31.207421875,390565.79723811476
17941,71.25,31.48359375,743502.9788066032
17942,75.0,31.207421875,0.0
17943,75.0,31.48359375,0.0
17944,71.25,31.759765625,647742.7572740886
17945,71.25,32.0359375,507385.46764029394
17946,75.0,31.759765625,0.0
17947,75.0,32.0359375,0.0
17948,71.25,32.31210937500001,0.0
17949,71.25,32.58828125,0.0
17950,75.0,32.31210937500001,0.0
17951,75.0,32.58828125,0.0
17952,71.25,32.864453125,0.0
17953,71.25,33.140625,0.0
17954,75.0,32.864453125,0.0
17955,75.0,33.140625,0.0
17956,71.25,33.416796875,0.0
17957,71.25,33.69296875,0.0
17958,75.0,33.416796875,0.0
17959,75.0,33.69296875,0.0
17960,71.25,33.96914062499999,1686855.3002518094
17961,71.25,34.2453125,0.0
17962,75.0,33.96914062499999,0.0
17963,75.0,34.2453125,0.0
17964,71.25,34.521484375,0.0
17965,71.25,34.79765625,0.0
17966,75.0,34.521484375,0.0
17967,75.0,34.79765625,0.0
17968,71.25,35.07382812500001,0.0
17969,71.25,35.35,0.0
17970,75.0,35.07382812500001,0.0
17971,75.0,35.35,0.0
17972,78.75,17.951171875,0.0
17973,78.75,18.22734375,0.0
17974,82.5,17.951171875,0.0
17975,82.5,18.22734375,0.0
17976,78.75,18.503515625,110789.32880307548
17977,78.75,18.7796875,5227794.893911051
17978,82.5,18.503515625,221578.65760615095
17979,82.5,18.7796875,10455589.787822101
17980,78.75,19.055859375,795618.5225728708
17981,78.75,19.33203125,0.0
17982,82.5,19.055859375,1591237.0451457417
17983,82.5,19.33203125,0.0
17984,78.75,19.608203125,0.0
17985,78.75,19.884375,0.0
17986,82.5,19.608203125,0.0
17987,82.5,19.884375,0.0
17988,78.75,20.160546875,0.0
17989,78.75,20.43671875,0.0
17990,82.5,20.160546875,0.0
17991,82.5,20.43671875,0.0
17992,78.75,20.712890625,0.0
17993,78.75,20.9890625,0.0
17994,82.5,20.712890625,0.0
17995,82.5,20.9890625,0.0
17996,78.75,21.265234375,0.0
17997,78.75,21.54140625,0.0
17998,82.5,21.265234375,0.0
17999,82.5,21.54140625,0.0
18000,78.75,21.817578125,0.0
18001,78.75,22.09375,0.0
18002,82.5,21.817578125,0.0
18003,82.5,22.09375,0.0
18004,78.75,22.369921875,0.0
18005,78.75,22.64609375,0.0
18006,82.5,22.369921875,0.0
18007,82.5,22.64609375,0.0
18008,78.75,22.922265625,0.0
18009,78.75,23.1984375,0.0
18010,82.5,22.922265625,0.0
18011,82.5,23.1984375,0.0
18012,78.75,23.474609375,0.0
18013,78.75,23.75078125,0.0
18014,82.5,23.474609375,0.0
18015,82.5,23.75078125,0.0
18016,78.75,24.026953125,0.0
18017,78.75,24.303125,0.0
18018,82.5,24.026953125,0.0
18019,82.5,24.303125,0.0
18020,78.75,24.579296875,0.0
18021,78.75,24.85546875,0.0
18022,82.5,24.579296875,0.0
18023,82.5,24.85546875,0.0
18024,78.75,25.131640625,0.0
18025,78.75,25.4078125,0.0
18026,82.5,25.131640625,0.0
18027,82.5,25.4078125,0.0
18028,78.75,25.683984375,0.0
18029,78.75,25.96015625,0.0
18030,82.5,25.683984375,0.0
18031,82.5,25.96015625,0.0
18032,78.75,26.236328125,0.0
18033,78.75,26.5125,0.0
18034,82.5,26.236328125,0.0
18035,82.5,26.5125,0.0
18036,86.25,17.951171875,0.0
18037,86.25,18.22734375,0.0
18038,90.0,17.951171875,0.0
18039,90.0,18.22734375,0.0
18040,86.25,18.503515625,0.0
18041,86.25,18.7796875,0.0
18042,90.0,18.503515625,0.0
18043,90.0,18.7796875,0.0
18044,86.25,19.055859375,0.0
18045,86.25,19.33203125,0.0
18046,90.0,19.055859375,0.0
18047,90.0,19.33203125,0.0
18048,86.25,19.608203125,0.0
18049,86.25,19.884375,0.0
18050,90.0,19.608203125,0.0
18051,90.0,19.884375,0.0
18052,86.25,20.160546875,0.0
18053,86.25,20.43671875,0.0
18054,90.0,20.160546875,0.0
18055,90.0,20.43671875,0.0
18056,86.25,20.712890625,0.0
18057,86.25,20.9890625,0.0
18058,90.0,20.712890625,0.0
18059,90.0,20.9890625,0.0
18060,86.25,21.265234375,0.0
18061,86.25,21.54140625,0.0
18062,90.0,21.265234375,0.0
18063,90.0,21.54140625,0.0
18064,86.25,21.817578125,0.0
18065,86.25,22.09375,0.0
18066,90.0,21.817578125,0.0
18067,90.0,22.09375,0.0
18068,86.25,22.369921875,0.0
18069,86.25,22.64609375,0.0
18070,90.0,22.369921875,0.0
18071,90.0,22.64609375,0.0
18072,86.25,22.922265625,0.0
18073,86.25,23.1984375,0.0
18074,90.0,22.922265625,0.0
18075,90.0,23.1984375,0.0
18076,86.25,23.474609375,0.0
18077,86.25,23.75078125,0.0
18078,90.0,23.474609375,0.0
18079,90.0,23.75078125,0.0
18080,86.25,24.026953125,0.0
18081,86.25,24.303125,0.0
18082,90.0,24.026953125,0.0
18083,90.0,24.303125,0.0
18084,86.25,24.579296875,0.0
18085,86.25,24.85546875,0.0
18086,90.0,24.579296875,0.0
18087,90.0,24.85546875,0.0
18088,86.25,25.131640625,0.0
18089,86.25,25.4078125,0.0
18090,90.0,25.131640625,0.0
18091,90.0,25.4078125,0.0
18092,86.25,25.683984375,0.0
18093,86.25,25.96015625,0.0
18094,90.0,25.683984375,0.0
18095,90.0,25.96015625,0.0
18096,86.25,26.236328125,0.0
18097,86.25,26.5125,0.0
18098,90.0,26.236328125,0.0
18099,90.0,26.5125,0.0
18100,78.75,26.788671875,0.0
18101,78.75,27.06484375,0.0
18102,82.5,26.788671875,0.0
18103,82.5,27.06484375,0.0
18104,78.75,27.341015625,0.0
18105,78.75,27.6171875,0.0
18106,82.5,27.341015625,0.0
18107,82.5,27.6171875,0.0
18108,78.75,27.893359375,0.0
18109,78.75,28.16953125000001,0.0
18110,82.5,27.893359375,0.0
18111,82.5,28.16953125000001,0.0
18112,78.75,28.445703125,0.0
18113,78.75,28.721875,0.0
18114,82.5,28.445703125,0.0
18115,82.5,28.721875,0.0
18116,78.75,28.998046875,0.0
18117,78.75,29.27421875,0.0
18118,82.5,28.998046875,0.0
18119,82.5,29.27421875,0.0
18120,78.75,29.550390625,0.0
18121,78.75,29.8265625,0.0
18122,82.5,29.550390625,0.0
18123,82.5,29.8265625,0.0
18124,78.75,30.102734375,0.0
18125,78.75,30.37890625,0.0
18126,82.5,30.102734375,0.0
18127,82.5,30.37890625,0.0
18128,78.75,30.655078125,0.0
18129,78.75,30.93125,0.0
18130,82.5,30.655078125,0.0
18131,82.5,30.93125,0.0
18132,78.75,31.207421875,0.0
18133,78.75,31.48359375,0.0
18134,82.5,31.207421875,0.0
18135,82.5,31.48359375,0.0
18136,78.75,31.759765625,0.0
18137,78.75,32.0359375,0.0
18138,82.5,31.759765625,0.0
18139,82.5,32.0359375,0.0
18140,78.75,32.31210937500001,0.0
18141,78.75,32.58828125,0.0
18142,82.5,32.31210937500001,0.0
18143,82.5,32.58828125,0.0
18144,78.75,32.864453125,0.0
18145,78.75,33.140625,0.0
18146,82.5,32.864453125,0.0
18147,82.5,33.140625,0.0
18148,78.75,33.416796875,0.0
18149,78.75,33.69296875,0.0
18150,82.5,33.416796875,0.0
18151,82.5,33.69296875,0.0
18152,78.75,33.96914062499999,0.0
18153,78.75,34.2453125,0.0
18154,82.5,33.96914062499999,0.0
18155,82.5,34.2453125,0.0
18156,78.75,34.521484375,0.0
18157,78.75,34.79765625,0.0
18158,82.5,34.521484375,0.0
18159,82.5,34.79765625,0.0
18160,78.75,35.07382812500001,0.0
18161,78.75,35.35,0.0
18162,82.5,35.07382812500001,0.0
18163,82.5,35.35,0.0
18164,86.25,26.788671875,0.0
18165,86.25,27.06484375,0.0
18166,90.0,26.788671875,0.0
18167,90.0,27.06484375,0.0
18168,86.25,27.341015625,0.0
18169,86.25,27.6171875,0.0
18170,90.0,27.341015625,0.0
18171,90.0,27.6171875,0.0
18172,86.25,27.893359375,0.0
18173,86.25,28.16953125000001,0.0
18174,90.0,27.893359375,0.0
18175,90.0,28.16953125000001,0.0
18176,86.25,28.445703125,0.0
18177,86.25,28.721875,0.0
18178,90.0,28.445703125,0.0
18179,90.0,28.721875,0.0
18180,86.25,28.998046875,0.0
18181,86.25,29.27421875,0.0
18182,90.0,28.998046875,0.0
18183,90.0,29.27421875,0.0
18184,86.25,29.550390625,0.0
18185,86.25,29.8265625,0.0
18186,90.0,29.550390625,0.0
18187,90.0,29.8265625,0.0
18188,86.25,30.102734375,0.0
18189,86.25,30.37890625,0.0
18190,90.0,30.102734375,0.0
18191,90.0,30.37890625,0.0
18192,86.25,30.655078125,0.0
18193,86.25,30.93125,0.0
18194,90.0,30.655078125,0.0
18195,90.0,30.93125,0.0
18196,86.25,31.207421875,0.0
18197,86.25,31.48359375,0.0
18198,90.0,31.207421875,0.0
18199,90.0,31.48359375,0.0
18200,86.25,31.759765625,0.0
18201,86.25,32.0359375,0.0
18202,90.0,31.759765625,0.0
18203,90.0,32.0359375,0.0
18204,86.25,32.31210937500001,0.0
18205,86.25,32.58828125,0.0
18206,90.0,32.31210937500001,0.0
18207,90.0,32.58828125,0.0
18208,86.25,32.864453125,0.0
18209,86.25,33.140625,0.0
18210,90.0,32.864453125,0.0
18211,90.0,33.140625,0.0
18212,86.25,33.416796875,0.0
18213,86.25,33.69296875,0.0
18214,90.0,33.416796875,0.0
18215,90.0,33.69296875,0.0
18216,86.25,33.96914062499999,0.0
18217,86.25,34.2453125,0.0
18218,90.0,33.96914062499999,0.0
18219,90.0,34.2453125,0.0
18220,86.25,34.521484375,0.0
18221,86.25,34.79765625,0.0
18222,90.0,34.521484375,0.0
18223,90.0,34.79765625,0.0
18224,86.25,35.07382812500001,0.0
18225,86.25,35.35,0.0
18226,90.0,35.07382812500001,0.0
18227,90.0,35.35,0.0
18228,93.75,0.0172607421875,0.0
18229,93.75,-0.0,0.0
18230,93.75,0.034521484375,0.0
18231,97.5,0.0172607421875,0.0
18232,97.5,-0.0,0.0
18233,97.5,0.034521484375,0.0
18234,93.75,0.05178222656250001,0.0
18235,93.75,0.06904296875,0.0
18236,97.5,0.05178222656250001,0.0
18237,97.5,0.06904296875,0.0
18238,93.75,0.0863037109375,0.0
18239,97.5,0.0863037109375,0.0
18240,93.75,0.09493408203125,0.0
18241,93.75,0.103564453125,0.0
18242,97.5,0.09493408203125,0.0
18243,97.5,0.103564453125,0.0
18244,93.75,0.11219482421875,0.0
18245,93.75,0.1208251953125,0.0
18246,97.5,0.11219482421875,0.0
18247,97.5,0.1208251953125,0.0
18248,93.75,0.12945556640625,0.0
18249,93.75,0.1380859375,0.0
18250,97.5,0.12945556640625,0.0
18251,97.5,0.1380859375,0.0
18252,93.75,0.14671630859375,0.0
18253,93.75,0.1553466796875,0.0
18254,97.5,0.14671630859375,0.0
18255,97.5,0.1553466796875,0.0
18256,93.75,0.16397705078125,0.0
18257,93.75,0.172607421875,0.0
18258,97.5,0.16397705078125,0.0
18259,97.5,0.172607421875,0.0
18260,93.75,0.18123779296875,0.0
18261,93.75,0.1898681640625,0.0
18262,97.5,0.18123779296875,0.0
18263,97.5,0.1898681640625,0.0
18264,93.75,0.19849853515625,0.0
18265,93.75,0.2,0.0
18266,93.75,0.20712890625,0.0
18267,97.5,0.19849853515625,0.0
18268,97.5,0.2,0.0
18269,97.5,0.20712890625,0.0
18270,93.75,0.21575927734375,0.0
18271,93.75,0.2243896484375,0.0
18272,97.5,0.21575927734375,0.0
18273,97.5,0.2243896484375,0.0
18274,93.75,0.23302001953125,0.0
18275,93.75,0.241650390625,0.0
18276,97.5,0.23302001953125,0.0
18277,97.5,0.241650390625,0.0
18278,93.75,0.25028076171875,0.0
18279,93.75,0.2589111328125,0.0
18280,97.5,0.25028076171875,0.0
18281,97.5,0.2589111328125,0.0
18282,93.75,0.26754150390625,0.0
18283,93.75,0.276171875,0.0
18284,97.5,0.26754150390625,0.0
18285,97.5,0.276171875,0.0
18286,93.75,0.28480224609375,0.0
18287,93.75,0.2934326171875,0.0
18288,97.5,0.28480224609375,0.0
18289,97.5,0.2934326171875,0.0
18290,93.75,0.30206298828125,0.0
18291,93.75,0.310693359375,0.0
18292,97.5,0.30206298828125,0.0
18293,97.5,0.310693359375,0.0
18294,93.75,0.3279541015625,0.0
18295,97.5,0.3279541015625,0.0
18296,93.75,0.34521484375,0.0
18297,97.5,0.34521484375,0.0
18298,93.75,0.379736328125,0.0
18299,97.5,0.379736328125,0.0
18300,93.75,0.4142578125,0.0
18301,97.5,0.4142578125,0.0
18302,93.75,0.48330078125,0.0
18303,97.5,0.48330078125,0.0
18304,93.75,0.55234375,0.0
18305,97.5,0.55234375,0.0
18306,93.75,0.6904296875,0.0
18307,97.5,0.6904296875,0.0
18308,93.75,0.8285156250000001,0.0
18309,97.5,0.8285156250000001,0.0
18310,93.75,1.1046875,0.0
18311,97.5,1.1046875,0.0
18312,93.75,1.380859375,0.0
18313,93.75,1.65703125,0.0
18314,97.5,1.380859375,0.0
18315,97.5,1.65703125,0.0
18316,93.75,1.933203125,0.0
18317,93.75,2.209375,0.0
18318,97.5,1.933203125,0.0
18319,97.5,2.209375,0.0
18320,93.75,2.485546875,0.0
18321,93.75,2.76171875,0.0
18322,97.5,2.485546875,0.0
18323,97.5,2.76171875,0.0
18324,93.75,3.037890625,0.0
18325,93.75,3.3140625,0.0
18326,97.5,3.037890625,0.0
18327,97.5,3.3140625,0.0
18328,93.75,3.590234375000001,0.0
18329,93.75,3.86640625,0.0
18330,97.5,3.590234375000001,0.0
18331,97.5,3.86640625,0.0
18332,93.75,4.142578125,0.0
18333,93.75,4.41875,0.0
18334,97.5,4.142578125,0.0
18335,97.5,4.41875,0.0
18336,93.75,4.694921875,0.0
18337,93.75,4.97109375,0.0
18338,97.5,4.694921875,0.0
18339,97.5,4.97109375,0.0
18340,93.75,5.247265625,0.0
18341,93.75,5.5234375,0.0
18342,97.5,5.247265625,0.0
18343,97.5,5.5234375,0.0
18344,93.75,5.799609375,0.0
18345,93.75,6.07578125,0.0
18346,97.5,5.799609375,0.0
18347,97.5,6.07578125,0.0
18348,93.75,6.351953125000001,0.0
18349,93.75,6.628125000000001,0.0
18350,97.5,6.351953125000001,0.0
18351,97.5,6.628125000000001,0.0
18352,93.75,6.904296875000001,0.0
18353,93.75,7.180468750000001,0.0
18354,97.5,6.904296875000001,0.0
18355,97.5,7.180468750000001,0.0
18356,93.75,7.456640625,0.0
18357,93.75,7.732812500000001,0.0
18358,97.5,7.456640625,0.0
18359,97.5,7.732812500000001,0.0
18360,93.75,8.008984375,0.0
18361,93.75,8.28515625,0.0
18362,97.5,8.008984375,0.0
18363,97.5,8.28515625,0.0
18364,93.75,8.561328125,0.0
18365,93.75,8.8375,0.0
18366,97.5,8.561328125,0.0
18367,97.5,8.8375,0.0
18368,101.25,0.0172607421875,0.0
18369,101.25,-0.0,0.0
18370,101.25,0.034521484375,0.0
18371,105.0,0.0172607421875,0.0
18372,105.0,-0.0,0.0
18373,105.0,0.034521484375,0.0
18374,101.25,0.05178222656250001,0.0
18375,101.25,0.06904296875,0.0
18376,105.0,0.05178222656250001,0.0
18377,105.0,0.06904296875,0.0
18378,101.25,0.0863037109375,0.0
18379,105.0,0.0863037109375,0.0
18380,101.25,0.09493408203125,0.0
18381,101.25,0.103564453125,0.0
18382,105.0,0.09493408203125,0.0
18383,105.0,0.103564453125,0.0
18384,101.25,0.11219482421875,0.0
18385,101.25,0.1208251953125,0.0
18386,105.0,0.11219482421875,0.0
18387,105.0,0.1208251953125,0.0
18388,101.25,0.12945556640625,0.0
18389,101.25,0.1380859375,0.0
18390,105.0,0.12945556640625,0.0
18391,105.0,0.1380859375,0.0
18392,101.25,0.14671630859375,0.0
18393,101.25,0.1553466796875,0.0
18394,105.0,0.14671630859375,0.0
18395,105.0,0.1553466796875,0.0
18396,101.25,0.16397705078125,0.0
18397,101.25,0.172607421875,0.0
18398,105.0,0.16397705078125,0.0
18399,105.0,0.172607421875,0.0
18400,101.25,0.18123779296875,0.0
18401,101.25,0.1898681640625,0.0
18402,105.0,0.18123779296875,0.0
18403,105.0,0.1898681640625,0.0
18404,101.25,0.19849853515625,0.0
18405,101.25,0.2,0.0
18406,101.25,0.20712890625,0.0
18407,105.0,0.19849853515625,0.0
18408,105.0,0.2,0.0
18409,105.0,0.20712890625,0.0
18410,101.25,0.21575927734375,0.0
18411,101.25,0.2243896484375,0.0
18412,105.0,0.21575927734375,0.0
18413,105.0,0.2243896484375,0.0
18414,101.25,0.23302001953125,0.0
18415,101.25,0.241650390625,0.0
18416,105.0,0.23302001953125,0.0
18417,105.0,0.241650390625,0.0
18418,101.25,0.25028076171875,0.0
18419,101.25,0.2589111328125,0.0
18420,105.0,0.25028076171875,0.0
18421,105.0,0.2589111328125,0.0
18422,101.25,0.26754150390625,0.0
18423,101.25,0.276171875,0.0
18424,105.0,0.26754150390625,0.0
18425,105.0,0.276171875,0.0
18426,101.25,0.28480224609375,0.0
18427,101.25,0.2934326171875,0.0
18428,105.0,0.28480224609375,0.0
18429,105.0,0.2934326171875,0.0
18430,101.25,0.30206298828125,0.0
18431,101.25,0.310693359375,0.0
18432,105.0,0.30206298828125,0.0
18433,105.0,0.310693359375,0.0
18434,101.25,0.3279541015625,0.0
18435,105.0,0.3279541015625,0.0
18436,101.25,0.34521484375,0.0
18437,105.0,0.34521484375,0.0
18438,101.25,0.379736328125,0.0
18439,105.0,0.379736328125,0.0
18440,101.25,0.4142578125,0.0
18441,105.0,0.4142578125,0.0
18442,101.25,0.48330078125,0.0
18443,105.0,0.48330078125,0.0
18444,101.25,0.55234375,0.0
18445,105.0,0.55234375,0.0
18446,101.25,0.6904296875,0.0
18447,105.0,0.6904296875,0.0
18448,101.25,0.8285156250000001,0.0
18449,105.0,0.8285156250000001,0.0
18450,101.25,1.1046875,0.0
18451,105.0,1.1046875,0.0
18452,101.25,1.380859375,0.0
18453,101.25,1.65703125,0.0
18454,105.0,1.380859375,0.0
18455,105.0,1.65703125,0.0
18456,101.25,1.933203125,0.0
18457,101.25,2.209375,0.0
18458,105.0,1.933203125,0.0
18459,105.0,2.209375,0.0
18460,101.25,2.485546875,0.0
18461,101.25,2.76171875,0.0
18462,105.0,2.485546875,0.0
18463,105.0,2.76171875,0.0
18464,101.25,3.037890625,0.0
18465,101.25,3.3140625,0.0
18466,105.0,3.037890625,0.0
18467,105.0,3.3140625,0.0
18468,101.25,3.590234375000001,0.0
18469,101.25,3.86640625,0.0
18470,105.0,3.590234375000001,0.0
18471,105.0,3.86640625,0.0
18472,101.25,4.142578125,0.0
18473,101.25,4.41875,0.0
18474,105.0,4.142578125,0.0
18475,105.0,4.41875,0.0
18476,101.25,4.694921875,0.0
18477,101.25,4.97109375,0.0
18478,105.0,4.694921875,0.0
18479,105.0,4.97109375,0.0
18480,101.25,5.247265625,0.0
18481,101.25,5.5234375,0.0
18482,105.0,5.247265625,0.0
18483,105.0,5.5234375,0.0
18484,101.25,5.799609375,0.0
18485,101.25,6.07578125,0.0
18486,105.0,5.799609375,0.0
18487,105.0,6.07578125,0.0
18488,101.25,6.351953125000001,0.0
18489,101.25,6.628125000000001,0.0
18490,105.0,6.351953125000001,0.0
18491,105.0,6.628125000000001,0.0
18492,101.25,6.904296875000001,0.0
18493,101.25,7.180468750000001,0.0
18494,105.0,6.904296875000001,0.0
18495,105.0,7.180468750000001,0.0
18496,101.25,7.456640625,0.0
18497,101.25,7.732812500000001,0.0
18498,105.0,7.456640625,0.0
18499,105.0,7.732812500000001,0.0
18500,101.25,8.008984375,0.0
18501,101.25,8.28515625,0.0
18502,105.0,8.008984375,0.0
18503,105.0,8.28515625,0.0
18504,101.25,8.561328125,0.0
18505,101.25,8.8375,0.0
18506,105.0,8.561328125,0.0
18507,105.0,8.8375,0.0
18508,93.75,9.113671875000001,0.0
18509,93.75,9.38984375,0.0
18510,97.5,9.113671875000001,0.0
18511,97.5,9.38984375,0.0
18512,93.75,9.666015625,0.0
18513,93.75,9.9421875,0.0
18514,97.5,9.666015625,0.0
18515,97.5,9.9421875,0.0
18516,93.75,10.218359375,0.0
18517,93.75,10.49453125,0.0
18518,97.5,10.218359375,0.0
18519,97.5,10.49453125,0.0
18520,93.75,10.770703125,0.0
18521,93.75,11.046875,0.0
18522,97.5,10.770703125,0.0
18523,97.5,11.046875,0.0
18524,93.75,11.323046875,0.0
18525,93.75,11.59921875,0.0
18526,97.5,11.323046875,0.0
18527,97.5,11.59921875,0.0
18528,93.75,11.875390625,0.0
18529,93.75,12.1515625,0.0
18530,97.5,11.875390625,0.0
18531,97.5,12.1515625,0.0
18532,93.75,12.427734375,0.0
18533,93.75,12.70390625,0.0
18534,97.5,12.427734375,0.0
18535,97.5,12.70390625,0.0
18536,93.75,12.980078125,0.0
18537,93.75,13.25625,0.0
18538,97.5,12.980078125,0.0
18539,97.5,13.25625,0.0
18540,93.75,13.532421875,0.0
18541,93.75,13.80859375,0.0
18542,97.5,13.532421875,0.0
18543,97.5,13.80859375,0.0
18544,93.75,14.084765625,0.0
18545,93.75,14.3609375,0.0
18546,97.5,14.084765625,0.0
18547,97.5,14.3609375,0.0
18548,93.75,14.637109375,0.0
18549,93.75,14.91328125,0.0
18550,97.5,14.637109375,0.0
18551,97.5,14.91328125,0.0
18552,93.75,15.189453125,0.0
18553,93.75,15.465625,0.0
18554,97.5,15.189453125,0.0
18555,97.5,15.465625,0.0
18556,93.75,15.741796875,0.0
18557,93.75,16.01796875,0.0
18558,97.5,15.741796875,0.0
18559,97.5,16.01796875,0.0
18560,93.75,16.294140625,0.0
18561,93.75,16.5703125,0.0
18562,97.5,16.294140625,0.0
18563,97.5,16.5703125,0.0
18564,93.75,16.846484375,0.0
18565,93.75,17.12265625,0.0
18566,97.5,16.846484375,0.0
18567,97.5,17.12265625,0.0
18568,93.75,17.398828125,0.0
18569,93.75,17.675,0.0
18570,97.5,17.398828125,0.0
18571,97.5,17.675,0.0
18572,101.25,9.113671875000001,0.0
18573,101.25,9.38984375,0.0
18574,105.0,9.113671875000001,0.0
18575,105.0,9.38984375,0.0
18576,101.25,9.666015625,0.0
18577,101.25,9.9421875,0.0
18578,105.0,9.666015625,0.0
18579,105.0,9.9421875,0.0
18580,101.25,10.218359375,0.0
18581,101.25,10.49453125,0.0
18582,105.0,10.218359375,0.0
18583,105.0,10.49453125,0.0
18584,101.25,10.770703125,0.0
18585,101.25,11.046875,0.0
18586,105.0,10.770703125,0.0
18587,105.0,11.046875,0.0
18588,101.25,11.323046875,0.0
18589,101.25,11.59921875,0.0
18590,105.0,11.323046875,0.0
18591,105.0,11.59921875,0.0
18592,101.25,11.875390625,0.0
18593,101.25,12.1515625,0.0
18594,105.0,11.875390625,0.0
18595,105.0,12.1515625,0.0
18596,101.25,12.427734375,0.0
18597,101.25,12.70390625,0.0
18598,105.0,12.427734375,0.0
18599,105.0,12.70390625,0.0
18600,101.25,12.980078125,0.0
18601,101.25,13.25625,0.0
18602,105.0,12.980078125,0.0
18603,105.0,13.25625,0.0
18604,101.25,13.532421875,0.0
18605,101.25,13.80859375,0.0
18606,105.0,13.532421875,0.0
18607,105.0,13.80859375,0.0
18608,101.25,14.084765625,0.0
18609,101.25,14.3609375,0.0
18610,105.0,14.084765625,0.0
18611,105.0,14.3609375,0.0
18612,101.25,14.637109375,0.0
18613,101.25,14.91328125,0.0
18614,105.0,14.637109375,0.0
18615,105.0,14.91328125,0.0
18616,101.25,15.189453125,0.0
18617,101.25,15.465625,0.0
18618,105.0,15.189453125,0.0
18619,105.0,15.465625,0.0
18620,101.25,15.741796875,0.0
18621,101.25,16.01796875,0.0
18622,105.0,15.741796875,0.0
18623,105.0,16.01796875,0.0
18624,101.25,16.294140625,0.0
18625,101.25,16.5703125,0.0
18626,105.0,16.294140625,0.0
18627,105.0,16.5703125,0.0
18628,101.25,16.846484375,0.0
18629,101.25,17.12265625,0.0
18630,105.0,16.846484375,0.0
18631,105.0,17.12265625,0.0
18632,101.25,17.398828125,0.0
18633,101.25,17.675,0.0
18634,105.0,17.398828125,0.0
18635,105.0,17.675,0.0
18636,93.75,17.951171875,0.0
18637,93.75,18.22734375,0.0
18638,97.5,17.951171875,0.0
18639,97.5,18.22734375,0.0
18640,93.75,18.503515625,0.0
18641,93.75,18.7796875,0.0
18642,97.5,18.503515625,0.0
18643,97.5,18.7796875,0.0
18644,93.75,19.055859375,0.0
18645,93.75,19.33203125,0.0
18646,97.5,19.055859375,0.0
18647,97.5,19.33203125,0.0
18648,93.75,19.608203125,0.0
18649,93.75,19.884375,0.0
18650,97.5,19.608203125,0.0
18651,97.5,19.884375,0.0
18652,93.75,20.160546875,0.0
18653,93.75,20.43671875,0.0
18654,97.5,20.160546875,0.0
18655,97.5,20.43671875,0.0
18656,93.75,20.712890625,0.0
18657,93.75,20.9890625,0.0
18658,97.5,20.712890625,0.0
18659,97.5,20.9890625,0.0
18660,93.75,21.265234375,0.0
18661,93.75,21.54140625,0.0
18662,97.5,21.265234375,0.0
18663,97.5,21.54140625,0.0
18664,93.75,21.817578125,0.0
18665,93.75,22.09375,0.0
18666,97.5,21.817578125,0.0
18667,97.5,22.09375,0.0
18668,93.75,22.369921875,0.0
18669,93.75,22.64609375,0.0
18670,97.5,22.369921875,0.0
18671,97.5,22.64609375,0.0
18672,93.75,22.922265625,0.0
18673,93.75,23.1984375,0.0
18674,97.5,22.922265625,0.0
18675,97.5,23.1984375,0.0
18676,93.75,23.474609375,0.0
18677,93.75,23.75078125,0.0
18678,97.5,23.474609375,0.0
18679,97.5,23.75078125,0.0
18680,93.75,24.026953125,0.0
18681,93.75,24.303125,0.0
18682,97.5,24.026953125,0.0
18683,97.5,24.303125,0.0
18684,93.75,24.579296875,0.0
18685,93.75,24.85546875,0.0
18686,97.5,24.579296875,0.0
18687,97.5,24.85546875,0.0
18688,93.75,25.131640625,0.0
18689,93.75,25.4078125,0.0
18690,97.5,25.131640625,0.0
18691,97.5,25.4078125,0.0
18692,93.75,25.683984375,0.0
18693,93.75,25.96015625,0.0
18694,97.5,25.683984375,0.0
18695,97.5,25.96015625,0.0
18696,93.75,26.236328125,0.0
18697,93.75,26.5125,0.0
18698,97.5,26.236328125,0.0
18699,97.5,26.5125,0.0
18700,101.25,17.951171875,0.0
18701,101.25,18.22734375,0.0
18702,105.0,17.951171875,0.0
18703,105.0,18.22734375,0.0
18704,101.25,18.503515625,0.0
18705,101.25,18.7796875,0.0
18706,105.0,18.503515625,0.0
18707,105.0,18.7796875,0.0
18708,101.25,19.055859375,0.0
18709,101.25,19.33203125,0.0
18710,105.0,19.055859375,0.0
18711,105.0,19.33203125,0.0
18712,101.25,19.608203125,0.0
18713,101.25,19.884375,0.0
18714,105.0,19.608203125,0.0
18715,105.0,19.884375,0.0
18716,101.25,20.160546875,0.0
18717,101.25,20.43671875,0.0
18718,105.0,20.160546875,0.0
18719,105.0,20.43671875,0.0
18720,101.25,20.712890625,0.0
18721,101.25,20.9890625,0.0
18722,105.0,20.712890625,0.0
18723,105.0,20.9890625,0.0
18724,101.25,21.265234375,0.0
18725,101.25,21.54140625,0.0
18726,105.0,21.265234375,0.0
18727,105.0,21.54140625,0.0
18728,101.25,21.817578125,0.0
18729,101.25,22.09375,0.0
18730,105.0,21.817578125,0.0
18731,105.0,22.09375,0.0
18732,101.25,22.369921875,0.0
18733,101.25,22.64609375,0.0
18734,105.0,22.369921875,0.0
18735,105.0,22.64609375,0.0
18736,101.25,22.922265625,0.0
18737,101.25,23.1984375,0.0
18738,105.0,22.922265625,0.0
18739,105.0,23.1984375,0.0
18740,101.25,23.474609375,0.0
18741,101.25,23.75078125,0.0
18742,105.0,23.474609375,0.0
18743,105.0,23.75078125,0.0
18744,101.25,24.026953125,0.0
18745,101.25,24.303125,0.0
18746,105.0,24.026953125,0.0
18747,105.0,24.303125,0.0
18748,101.25,24.579296875,0.0
18749,101.25,24.85546875,0.0
18750,105.0,24.579296875,0.0
18751,105.0,24.85546875,0.0
18752,101.25,25.131640625,0.0
18753,101.25,25.4078125,0.0
18754,105.0,25.131640625,0.0
18755,105.0,25.4078125,0.0
18756,101.25,25.683984375,0.0
18757,101.25,25.96015625,0.0
18758,105.0,25.683984375,0.0
18759,105.0,25.96015625,0.0
18760,101.25,26.236328125,0.0
18761,101.25,26.5125,0.0
18762,105.0,26.236328125,0.0
18763,105.0,26.5125,0.0
18764,93.75,26.788671875,0.0
18765,93.75,27.06484375,0.0
18766,97.5,26.788671875,0.0
18767,97.5,27.06484375,0.0
18768,93.75,27.341015625,0.0
18769,93.75,27.6171875,0.0
18770,97.5,27.341015625,0.0
18771,97.5,27.6171875,0.0
18772,93.75,27.893359375,0.0
18773,93.75,28.16953125000001,0.0
18774,97.5,27.893359375,0.0
18775,97.5,28.16953125000001,0.0
18776,93.75,28.445703125,0.0
18777,93.75,28.721875,0.0
18778,97.5,28.445703125,0.0
18779,97.5,28.721875,0.0
18780,93.75,28.998046875,0.0
18781,93.75,29.27421875,0.0
18782,97.5,28.998046875,0.0
18783,97.5,29.27421875,0.0
18784,93.75,29.550390625,0.0
18785,93.75,29.8265625,0.0
18786,97.5,29.550390625,0.0
18787,97.5,29.8265625,0.0
18788,93.75,30.102734375,0.0
18789,93.75,30.37890625,0.0
18790,97.5,30.102734375,0.0
18791,97.5,30.37890625,0.0
18792,93.75,30.655078125,0.0
18793,93.75,30.93125,0.0
18794,97.5,30.655078125,0.0
18795,97.5,30.93125,0.0
18796,93.75,31.207421875,0.0
18797,93.75,31.48359375,0.0
18798,97.5,31.207421875,0.0
18799,97.5,31.48359375,0.0
18800,93.75,31.759765625,0.0
18801,93.75,32.0359375,0.0
18802,97.5,31.759765625,0.0
18803,97.5,32.0359375,0.0
18804,93.75,32.31210937500001,0.0
18805,93.75,32.58828125,0.0
18806,97.5,32.31210937500001,0.0
18807,97.5,32.58828125,0.0
18808,93.75,32.864453125,0.0
18809,93.75,33.140625,0.0
18810,97.5,32.864453125,0.0
18811,97.5,33.140625,0.0
18812,93.75,33.416796875,0.0
18813,93.75,33.69296875,0.0
18814,97.5,33.416796875,0.0
18815,97.5,33.69296875,0.0
18816,93.75,33.96914062499999,0.0
18817,93.75,34.2453125,0.0
18818,97.5,33.96914062499999,0.0
18819,97.5,34.2453125,0.0
18820,93.75,34.521484375,0.0
18821,93.75,34.79765625,0.0
18822,97.5,34.521484375,0.0
18823,97.5,34.79765625,0.0
18824,93.75,35.07382812500001,0.0
18825,93.75,35.35,0.0
18826,97.5,35.07382812500001,0.0
18827,97.5,35.35,0.0
18828,101.25,26.788671875,0.0
18829,101.25,27.06484375,0.0
18830,105.0,26.788671875,0.0
18831,105.0,27.06484375,0.0
18832,101.25,27.341015625,0.0
18833,101.25,27.6171875,0.0
18834,105.0,27.341015625,0.0
18835,105.0,27.6171875,0.0
18836,101.25,27.893359375,0.0
18837,101.25,28.16953125000001,0.0
18838,105.0,27.893359375,0.0
18839,105.0,28.16953125000001,0.0
18840,101.25,28.445703125,0.0
18841,101.25,28.721875,0.0
18842,105.0,28.445703125,0.0
18843,105.0,28.721875,0.0
18844,101.25,28.998046875,0.0
18845,101.25,29.27421875,0.0
18846,105.0,28.998046875,0.0
18847,105.0,29.27421875,0.0
18848,101.25,29.550390625,0.0
18849,101.25,29.8265625,0.0
18850,105.0,29.550390625,0.0
18851,105.0,29.8265625,0.0
18852,101.25,30.102734375,0.0
18853,101.25,30.37890625,0.0
18854,105.0,30.102734375,0.0
18855,105.0,30.37890625,0.0
18856,101.25,30.655078125,0.0
18857,101.25,30.93125,0.0
18858,105.0,30.655078125,0.0
18859,105.0,30.93125,0.0
18860,101.25,31.207421875,0.0
18861,101.25,31.48359375,0.0
18862,105.0,31.207421875,0.0
18863,105.0,31.48359375,0.0
18864,101.25,31.759765625,0.0
18865,101.25,32.0359375,0.0
18866,105.0,31.759765625,0.0
18867,105.0,32.0359375,0.0
18868,101.25,32.31210937500001,0.0
18869,101.25,32.58828125,0.0
18870,105.0,32.31210937500001,0.0
18871,105.0,32.58828125,0.0
18872,101.25,32.864453125,0.0
18873,101.25,33.140625,0.0
18874,105.0,32.864453125,0.0
18875,105.0,33.140625,0.0
18876,101.25,33.416796875,0.0
18877,101.25,33.69296875,0.0
18878,105.0,33.416796875,0.0
18879,105.0,33.69296875,0.0
18880,101.25,33.96914062499999,0.0
18881,101.25,34.2453125,0.0
18882,105.0,33.96914062499999,0.0
18883,105.0,34.2453125,0.0
18884,101.25,34.521484375,0.0
18885,101.25,34.79765625,0.0
18886,105.0,34.521484375,0.0
18887,105.0,34.79765625,0.0
18888,101.25,35.07382812500001,0.0
18889,101.25,35.35,0.0
18890,105.0,35.07382812500001,0.0
18891,105.0,35.35,0.0
18892,108.75,0.0172607421875,0.0
18893,108.75,-0.0,0.0
18894,108.75,0.034521484375,0.0
18895,112.5,0.0172607421875,0.0
18896,112.5,-0.0,0.0
18897,112.5,0.034521484375,0.0
18898,108.75,0.05178222656250001,0.0
18899,108.75,0.06904296875,0.0
18900,112.5,0.05178222656250001,0.0
18901,112.5,0.06904296875,0.0
18902,108.75,0.0863037109375,0.0
18903,112.5,0.0863037109375,0.0
18904,108.75,0.09493408203125,0.0
18905,108.75,0.103564453125,0.0
18906,112.5,0.09493408203125,0.0
18907,112.5,0.103564453125,0.0
18908,108.75,0.11219482421875,0.0
18909,108.75,0.1208251953125,0.0
18910,112.5,0.11219482421875,0.0
18911,112.5,0.1208251953125,0.0
18912,108.75,0.12945556640625,0.0
18913,108.75,0.1380859375,0.0
18914,112.5,0.12945556640625,0.0
18915,112.5,0.1380859375,0.0
18916,108.75,0.14671630859375,0.0
18917,108.75,0.1553466796875,0.0
18918,112.5,0.14671630859375,0.0
18919,112.5,0.1553466796875,0.0
18920,108.75,0.16397705078125,0.0
18921,108.75,0.172607421875,0.0
18922,112.5,0.16397705078125,0.0
18923,112.5,0.172607421875,0.0
18924,108.75,0.18123779296875,0.0
18925,108.75,0.1898681640625,0.0
18926,112.5,0.18123779296875,0.0
18927,112.5,0.1898681640625,0.0
18928,108.75,0.19849853515625,0.0
18929,108.75,0.2,0.0
18930,108.75,0.20712890625,0.0
18931,112.5,0.19849853515625,0.0
18932,112.5,0.2,0.0
18933,112.5,0.20712890625,0.0
18934,108.75,0.21575927734375,0.0
18935,108.75,0.2243896484375,0.0
18936,112.5,0.21575927734375,0.0
18937,112.5,0.2243896484375,0.0
18938,108.75,0.23302001953125,0.0
18939,108.75,0.241650390625,0.0
18940,112.5,0.23302001953125,0.0
18941,112.5,0.241650390625,0.0
18942,108.75,0.25028076171875,0.0
18943,108.75,0.2589111328125,0.0
18944,112.5,0.25028076171875,0.0
18945,112.5,0.2589111328125,0.0
18946,108.75,0.26754150390625,0.0
18947,108.75,0.276171875,0.0
18948,112.5,0.26754150390625,0.0
18949,112.5,0.276171875,0.0
18950,108.75,0.28480224609375,0.0
18951,108.75,0.2934326171875,0.0
18952,112.5,0.28480224609375,0.0
18953,112.5,0.2934326171875,0.0
18954,108.75,0.30206298828125,0.0
18955,108.75,0.310693359375,0.0
18956,112.5,0.30206298828125,0.0
18957,112.5,0.310693359375,0.0
18958,108.75,0.3279541015625,0.0
18959,112.5,0.3279541015625,0.0
18960,108.75,0.34521484375,0.0
18961,112.5,0.34521484375,0.0
18962,108.75,0.379736328125,0.0
18963,112.5,0.379736328125,0.0
18964,108.75,0.4142578125,0.0
18965,112.5,0.4142578125,0.0
18966,108.75,0.48330078125,0.0
18967,112.5,0.48330078125,0.0
18968,108.75,0.55234375,0.0
18969,112.5,0.55234375,0.0
18970,108.75,0.6904296875,0.0
18971,112.5,0.6904296875,0.0
18972,108.75,0.8285156250000001,0.0
18973,112.5,0.8285156250000001,0.0
18974,108.75,1.1046875,0.0
18975,112.5,1.1046875,0.0
18976,108.75,1.380859375,0.0
18977,108.75,1.65703125,0.0
18978,112.5,1.380859375,0.0
18979,112.5,1.65703125,0.0
18980,108.75,1.933203125,0.0
18981,108.75,2.209375,0.0
18982,112.5,1.933203125,0.0
18983,112.5,2.209375,0.0
18984,108.75,2.485546875,0.0
18985,108.75,2.76171875,0.0
18986,112.5,2.485546875,0.0
18987,112.5,2.76171875,0.0
18988,108.75,3.037890625,0.0
18989,108.75,3.3140625,0.0
18990,112.5,3.037890625,0.0
18991,112.5,3.3140625,0.0
18992,108.75,3.590234375000001,0.0
18993,108.75,3.86640625,0.0
18994,112.5,3.590234375000001,0.0
18995,112.5,3.86640625,0.0
18996,108.75,4.142578125,0.0
18997,108.75,4.41875,0.0
18998,112.5,4.142578125,0.0
18999,112.5,4.41875,0.0
19000,108.75,4.694921875,0.0
19001,108.75,4.97109375,0.0
19002,112.5,4.694921875,0.0
19003,112.5,4.97109375,0.0
19004,108.75,5.247265625,0.0
19005,108.75,5.5234375,0.0
19006,112.5,5.247265625,0.0
19007,112.5,5.5234375,0.0
19008,108.75,5.799609375,0.0
19009,108.75,6.07578125,0.0
19010,112.5,5.799609375,0.0
19011,112.5,6.07578125,0.0
19012,108.75,6.351953125000001,0.0
19013,108.75,6.628125000000001,0.0
19014,112.5,6.351953125000001,0.0
19015,112.5,6.628125000000001,0.0
19016,108.75,6.904296875000001,0.0
19017,108.75,7.180468750000001,0.0
19018,112.5,6.904296875000001,0.0
19019,112.5,7.180468750000001,0.0
19020,108.75,7.456640625,0.0
19021,108.75,7.732812500000001,0.0
19022,112.5,7.456640625,0.0
19023,112.5,7.732812500000001,0.0
19024,108.75,8.008984375,0.0
19025,108.75,8.28515625,0.0
19026,112.5,8.008984375,0.0
19027,112.5,8.28515625,0.0
19028,108.75,8.561328125,0.0
19029,108.75,8.8375,0.0
19030,112.5,8.561328125,0.0
19031,112.5,8.8375,0.0
19032,108.75,9.113671875000001,0.0
19033,108.75,9.38984375,0.0
19034,112.5,9.113671875000001,0.0
19035,112.5,9.38984375,0.0
19036,108.75,9.666015625,0.0
19037,108.75,9.9421875,0.0
19038,112.5,9.666015625,0.0
19039,112.5,9.9421875,0.0
19040,108.75,10.218359375,0.0
19041,108.75,10.49453125,0.0
19042,112.5,10.218359375,0.0
19043,112.5,10.49453125,0.0
19044,108.75,10.770703125,0.0
19045,108.75,11.046875,0.0
19046,112.5,10.770703125,0.0
19047,112.5,11.046875,0.0
19048,108.75,11.323046875,0.0
19049,108.75,11.59921875,0.0
19050,112.5,11.323046875,0.0
19051,112.5,11.59921875,0.0
19052,108.75,11.875390625,0.0
19053,108.75,12.1515625,0.0
19054,112.5,11.875390625,0.0
19055,112.5,12.1515625,0.0
19056,108.75,12.427734375,0.0
19057,108.75,12.70390625,0.0
19058,112.5,12.427734375,0.0
19059,112.5,12.70390625,0.0
19060,108.75,12.980078125,0.0
19061,108.75,13.25625,0.0
19062,112.5,12.980078125,0.0
19063,112.5,13.25625,0.0
19064,108.75,13.532421875,0.0
19065,108.75,13.80859375,0.0
19066,112.5,13.532421875,0.0
19067,112.5,13.80859375,0.0
19068,108.75,14.084765625,0.0
19069,108.75,14.3609375,0.0
19070,112.5,14.084765625,0.0
19071,112.5,14.3609375,0.0
19072,108.75,14.637109375,0.0
19073,108.75,14.91328125,0.0
19074,112.5,14.637109375,0.0
19075,112.5,14.91328125,0.0
19076,108.75,15.189453125,0.0
19077,108.75,15.465625,0.0
19078,112.5,15.189453125,0.0
19079,112.5,15.465625,0.0
19080,108.75,15.741796875,0.0
19081,108.75,16.01796875,0.0
19082,112.5,15.741796875,0.0
19083,112.5,16.01796875,0.0
19084,108.75,16.294140625,0.0
19085,108.75,16.5703125,0.0
19086,112.5,16.294140625,0.0
19087,112.5,16.5703125,0.0
19088,108.75,16.846484375,0.0
19089,108.75,17.12265625,0.0
19090,112.5,16.846484375,0.0
19091,112.5,17.12265625,0.0
19092,108.75,17.398828125,0.0
19093,108.75,17.675,0.0
19094,112.5,17.398828125,0.0
19095,112.5,17.675,0.0
19096,108.75,17.951171875,0.0
19097,108.75,18.22734375,0.0
19098,112.5,17.951171875,0.0
19099,112.5,18.22734375,0.0
19100,108.75,18.503515625,0.0
19101,108.75,18.7796875,0.0
19102,112.5,18.503515625,0.0
19103,112.5,18.7796875,0.0
19104,108.75,19.055859375,0.0
19105,108.75,19.33203125,0.0
19106,112.5,19.055859375,0.0
19107,112.5,19.33203125,0.0
19108,108.75,19.608203125,0.0
19109,108.75,19.884375,0.0
19110,112.5,19.608203125,0.0
19111,112.5,19.884375,0.0
19112,108.75,20.160546875,0.0
19113,108.75,20.43671875,0.0
19114,112.5,20.160546875,0.0
19115,112.5,20.43671875,0.0
19116,108.75,20.712890625,0.0
19117,108.75,20.9890625,0.0
19118,112.5,20.712890625,0.0
19119,112.5,20.9890625,0.0
19120,108.75,21.265234375,0.0
19121,108.75,21.54140625,0.0
19122,112.5,21.265234375,0.0
19123,112.5,21.54140625,0.0
19124,108.75,21.817578125,0.0
19125,108.75,22.09375,0.0
19126,112.5,21.817578125,0.0
19127,112.5,22.09375,0.0
19128,108.75,22.369921875,0.0
19129,108.75,22.64609375,0.0
19130,112.5,22.369921875,0.0
19131,112.5,22.64609375,0.0
19132,108.75,22.922265625,0.0
19133,108.75,23.1984375,0.0
19134,112.5,22.922265625,0.0
19135,112.5,23.1984375,0.0
19136,108.75,23.474609375,0.0
19137,108.75,23.75078125,0.0
19138,112.5,23.474609375,0.0
19139,112.5,23.75078125,0.0
19140,108.75,24.026953125,0.0
19141,108.75,24.303125,0.0
19142,112.5,24.026953125,0.0
19143,112.5,24.303125,0.0
19144,108.75,24.579296875,0.0
19145,108.75,24.85546875,0.0
19146,112.5,24.579296875,0.0
19147,112.5,24.85546875,0.0
19148,108.75,25.131640625,0.0
19149,108.75,25.4078125,0.0
19150,112.5,25.131640625,0.0
19151,112.5,25.4078125,0.0
19152,108.75,25.683984375,0.0
19153,108.75,25.96015625,0.0
19154,112.5,25.683984375,0.0
19155,112.5,25.96015625,0.0
19156,108.75,26.236328125,0.0
19157,108.75,26.5125,0.0
19158,112.5,26.236328125,0.0
19159,112.5,26.5125,0.0
19160,108.75,26.788671875,0.0
19161,108.75,27.06484375,0.0
19162,112.5,26.788671875,0.0
19163,112.5,27.06484375,0.0
19164,108.75,27.341015625,0.0
19165,108.75,27.6171875,0.0
19166,112.5,27.341015625,0.0
19167,112.5,27.6171875,0.0
19168,108.75,27.893359375,0.0
19169,108.75,28.16953125000001,0.0
19170,112.5,27.893359375,0.0
19171,112.5,28.16953125000001,0.0
19172,108.75,28.445703125,0.0
19173,108.75,28.721875,0.0
19174,112.5,28.445703125,0.0
19175,112.5,28.721875,0.0
19176,108.75,28.998046875,0.0
19177,108.75,29.27421875,0.0
19178,112.5,28.998046875,0.0
19179,112.5,29.27421875,0.0
19180,108.75,29.550390625,0.0
19181,108.75,29.8265625,0.0
19182,112.5,29.550390625,0.0
19183,112.5,29.8265625,0.0
19184,108.75,30.102734375,0.0
19185,108.75,30.37890625,0.0
19186,112.5,30.102734375,0.0
19187,112.5,30.37890625,0.0
19188,108.75,30.655078125,0.0
19189,108.75,30.93125,0.0
19190,112.5,30.655078125,0.0
19191,112.5,30.93125,0.0
19192,108.75,31.207421875,0.0
19193,108.75,31.48359375,0.0
19194,112.5,31.207421875,0.0
19195,112.5,31.48359375,0.0
19196,108.75,31.759765625,0.0
19197,108.75,32.0359375,0.0
19198,112.5,31.759765625,0.0
19199,112.5,32.0359375,0.0
19200,108.75,32.31210937500001,0.0
19201,108.75,32.58828125,0.0
19202,112.5,32.31210937500001,0.0
19203,112.5,32.58828125,0.0
19204,108.75,32.864453125,0.0
19205,108.75,33.140625,0.0
19206,112.5,32.864453125,0.0
19207,112.5,33.140625,0.0
19208,108.75,33.416796875,0.0
19209,108.75,33.69296875,0.0
19210,112.5,33.416796875,0.0
19211,112.5,33.69296875,0.0
19212,108.75,33.96914062499999,0.0
19213,108.75,34.2453125,0.0
19214,112.5,33.96914062499999,0.0
19215,112.5,34.2453125,0.0
19216,108.75,34.521484375,0.0
19217,108.75,34.79765625,0.0
19218,112.5,34.521484375,0.0
19219,112.5,34.79765625,0.0
19220,108.75,35.07382812500001,0.0
19221,108.75,35.35,0.0
19222,112.5,35.07382812500001,0.0
19223,112.5,35.35,0.0
19224,116.25,0.0172607421875,0.0
19225,116.25,-0.0,0.0
19226,116.25,0.034521484375,0.0
19227,116.25,0.05178222656250001,0.0
19228,116.25,0.06904296875,0.0
19229,116.25,0.0863037109375,0.0
19230,116.25,0.09493408203125,0.0
19231,116.25,0.103564453125,0.0
19232,116.25,0.11219482421875,0.0
19233,116.25,0.1208251953125,0.0
19234,116.25,0.12945556640625,0.0
19235,116.25,0.1380859375,0.0
19236,116.25,0.14671630859375,0.0
19237,116.25,0.1553466796875,0.0
19238,116.25,0.16397705078125,0.0
19239,116.25,0.172607421875,0.0
19240,116.25,0.18123779296875,0.0
19241,116.25,0.1898681640625,0.0
19242,116.25,0.19849853515625,0.0
19243,116.25,0.2,0.0
19244,116.25,0.20712890625,0.0
19245,116.25,0.21575927734375,0.0
19246,116.25,0.2243896484375,0.0
19247,116.25,0.23302001953125,0.0
19248,116.25,0.241650390625,0.0
19249,116.25,0.25028076171875,0.0
19250,116.25,0.2589111328125,0.0
19251,116.25,0.26754150390625,0.0
19252,116.25,0.276171875,0.0
19253,116.25,0.28480224609375,0.0
19254,116.25,0.2934326171875,0.0
19255,116.25,0.30206298828125,0.0
19256,116.25,0.310693359375,0.0
19257,116.25,0.3279541015625,0.0
19258,116.25,0.34521484375,0.0
19259,116.25,0.379736328125,0.0
19260,116.25,0.4142578125,0.0
19261,116.25,0.48330078125,0.0
19262,116.25,0.55234375,0.0
19263,120.0,0.0172607421875,0.0
19264,120.0,0.034521484375,0.0
19265,120.0,0.05178222656250001,0.0
19266,120.0,0.06904296875,0.0
19267,120.0,0.0863037109375,0.0
19268,120.0,0.09493408203125,0.0
19269,120.0,0.103564453125,0.0
19270,120.0,0.11219482421875,0.0
19271,120.0,0.1208251953125,0.0
19272,120.0,0.12945556640625,0.0
19273,120.0,0.1380859375,0.0
19274,120.0,0.14671630859375,0.0
19275,120.0,0.1553466796875,0.0
19276,120.0,0.16397705078125,0.0
19277,120.0,0.172607421875,0.0
19278,120.0,0.18123779296875,0.0
19279,120.0,0.1898681640625,0.0
19280,120.0,0.19849853515625,0.0
19281,120.0,0.20712890625,0.0
19282,120.0,0.21575927734375,0.0
19283,120.0,0.2243896484375,0.0
19284,120.0,0.23302001953125,0.0
19285,120.0,0.241650390625,0.0
19286,120.0,0.25028076171875,0.0
19287,120.0,0.2589111328125,0.0
19288,120.0,0.26754150390625,0.0
19289,120.0,0.276171875,0.0
19290,120.0,0.28480224609375,0.0
19291,120.0,0.2934326171875,0.0
19292,120.0,0.30206298828125,0.0
19293,120.0,0.310693359375,0.0
19294,120.0,0.3279541015625,0.0
19295,120.0,0.34521484375,0.0
19296,120.0,0.379736328125,0.0
19297,120.0,0.4142578125,0.0
19298,120.0,0.48330078125,0.0
19299,120.0,0.55234375,0.0
19300,116.25,0.6904296875,0.0
19301,116.25,0.8285156250000001,0.0
19302,116.25,1.1046875,0.0
19303,120.0,0.6904296875,0.0
19304,120.0,0.8285156250000001,0.0
19305,120.0,1.1046875,0.0
19306,116.25,1.380859375,0.0
19307,116.25,1.65703125,0.0
19308,120.0,1.380859375,0.0
19309,120.0,1.65703125,0.0
19310,116.25,1.933203125,0.0
19311,116.25,2.209375,0.0
19312,120.0,1.933203125,0.0
19313,120.0,2.209375,0.0
19314,116.25,2.485546875,0.0
19315,116.25,2.76171875,0.0
19316,120.0,2.485546875,0.0
19317,120.0,2.76171875,0.0
19318,116.25,3.037890625,0.0
19319,116.25,3.3140625,0.0
19320,120.0,3.037890625,0.0
19321,120.0,3.3140625,0.0
19322,116.25,3.590234375000001,0.0
19323,116.25,3.86640625,0.0
19324,120.0,3.590234375000001,0.0
19325,120.0,3.86640625,0.0
19326,116.25,4.142578125,0.0
19327,116.25,4.41875,0.0
19328,120.0,4.142578125,0.0
19329,120.0,4.41875,0.0
19330,116.25,4.694921875,0.0
19331,116.25,4.97109375,0.0
19332,120.0,4.694921875,0.0
19333,120.0,4.97109375,0.0
19334,116.25,5.247265625,0.0
19335,116.25,5.5234375,0.0
19336,120.0,5.247265625,0.0
19337,120.0,5.5234375,0.0
19338,116.25,5.799609375,0.0
19339,116.25,6.07578125,0.0
19340,120.0,5.799609375,0.0
19341,120.0,6.07578125,0.0
19342,116.25,6.351953125000001,0.0
19343,116.25,6.628125000000001,0.0
19344,120.0,6.351953125000001,0.0
19345,120.0,6.628125000000001,0.0
19346,116.25,6.904296875000001,0.0
19347,116.25,7.180468750000001,0.0
19348,120.0,6.904296875000001,0.0
19349,120.0,7.180468750000001,0.0
19350,116.25,7.456640625,0.0
19351,116.25,7.732812500000001,0.0
19352,120.0,7.456640625,0.0
19353,120.0,7.732812500000001,0.0
19354,116.25,8.008984375,0.0
19355,116.25,8.28515625,0.0
19356,120.0,8.008984375,0.0
19357,120.0,8.28515625,0.0
19358,116.25,8.561328125,0.0
19359,116.25,8.8375,0.0
19360,120.0,8.561328125,0.0
19361,120.0,8.8375,0.0
19362,116.25,9.113671875000001,0.0
19363,116.25,9.38984375,0.0
19364,120.0,9.113671875000001,0.0
19365,120.0,9.38984375,0.0
19366,116.25,9.666015625,0.0
19367,116.25,9.9421875,0.0
19368,120.0,9.666015625,0.0
19369,120.0,9.9421875,0.0
19370,116.25,10.218359375,0.0
19371,116.25,10.49453125,0.0
19372,120.0,10.218359375,0.0
19373,120.0,10.49453125,0.0
19374,116.25,10.770703125,0.0
19375,116.25,11.046875,0.0
19376,120.0,10.770703125,0.0
19377,120.0,11.046875,0.0
19378,116.25,11.323046875,0.0
19379,116.25,11.59921875,0.0
19380,120.0,11.323046875,0.0
19381,120.0,11.59921875,0.0
19382,116.25,11.875390625,0.0
19383,116.25,12.1515625,0.0
19384,120.0,11.875390625,0.0
19385,120.0,12.1515625,0.0
19386,116.25,12.427734375,0.0
19387,116.25,12.70390625,0.0
19388,120.0,12.427734375,0.0
19389,120.0,12.70390625,0.0
19390,116.25,12.980078125,0.0
19391,116.25,13.25625,0.0
19392,120.0,12.980078125,0.0
19393,120.0,13.25625,0.0
19394,116.25,13.532421875,0.0
19395,116.25,13.80859375,0.0
19396,120.0,13.532421875,0.0
19397,120.0,13.80859375,0.0
19398,116.25,14.084765625,0.0
19399,116.25,14.3609375,0.0
19400,120.0,14.084765625,0.0
19401,120.0,14.3609375,0.0
19402,116.25,14.637109375,0.0
19403,116.25,14.91328125,0.0
19404,120.0,14.637109375,0.0
19405,120.0,14.91328125,0.0
19406,116.25,15.189453125,0.0
19407,116.25,15.465625,0.0
19408,120.0,15.189453125,0.0
19409,120.0,15.465625,0.0
19410,116.25,15.741796875,0.0
19411,116.25,16.01796875,0.0
19412,120.0,15.741796875,0.0
19413,120.0,16.01796875,0.0
19414,116.25,16.294140625,0.0
19415,116.25,16.5703125,0.0
19416,120.0,16.294140625,0.0
19417,120.0,16.5703125,0.0
19418,116.25,16.846484375,0.0
19419,116.25,17.12265625,0.0
19420,120.0,16.846484375,0.0
19421,120.0,17.12265625,0.0
19422,116.25,17.398828125,0.0
19423,116.25,17.675,0.0
19424,120.0,17.398828125,0.0
19425,120.0,17.675,0.0
19426,116.25,17.951171875,0.0
19427,116.25,18.22734375,0.0
19428,120.0,17.951171875,0.0
19429,120.0,18.22734375,0.0
19430,116.25,18.503515625,0.0
19431,116.25,18.7796875,0.0
19432,120.0,18.503515625,0.0
19433,120.0,18.7796875,0.0
19434,116.25,19.055859375,0.0
19435,116.25,19.33203125,0.0
19436,120.0,19.055859375,0.0
19437,120.0,19.33203125,0.0
19438,116.25,19.608203125,0.0
19439,116.25,19.884375,0.0
19440,120.0,19.608203125,0.0
19441,120.0,19.884375,0.0
19442,116.25,20.160546875,0.0
19443,116.25,20.43671875,0.0
19444,120.0,20.160546875,0.0
19445,120.0,20.43671875,0.0
19446,116.25,20.712890625,0.0
19447,116.25,20.9890625,0.0
19448,120.0,20.712890625,0.0
19449,120.0,20.9890625,0.0
19450,116.25,21.265234375,0.0
19451,116.25,21.54140625,0.0
19452,120.0,21.265234375,0.0
19453,120.0,21.54140625,0.0
19454,116.25,21.817578125,0.0
19455,116.25,22.09375,0.0
19456,120.0,21.817578125,0.0
19457,120.0,22.09375,0.0
19458,116.25,22.369921875,0.0
19459,116.25,22.64609375,0.0
19460,120.0,22.369921875,0.0
19461,120.0,22.64609375,0.0
19462,116.25,22.922265625,0.0
19463,116.25,23.1984375,0.0
19464,120.0,22.922265625,0.0
19465,120.0,23.1984375,0.0
19466,116.25,23.474609375,0.0
19467,116.25,23.75078125,0.0
19468,120.0,23.474609375,0.0
19469,120.0,23.75078125,0.0
19470,116.25,24.026953125,0.0
19471,116.25,24.303125,0.0
19472,120.0,24.026953125,0.0
19473,120.0,24.303125,0.0
19474,116.25,24.579296875,0.0
19475,116.25,24.85546875,0.0
19476,120.0,24.579296875,0.0
19477,120.0,24.85546875,0.0
19478,116.25,25.131640625,0.0
19479,116.25,25.4078125,0.0
19480,120.0,25.131640625,0.0
19481,120.0,25.4078125,0.0
19482,116.25,25.683984375,0.0
19483,116.25,25.96015625,0.0
19484,120.0,25.683984375,0.0
19485,120.0,25.96015625,0.0
19486,116.25,26.236328125,0.0
19487,116.25,26.5125,0.0
19488,120.0,26.236328125,0.0
19489,120.0,26.5125,0.0
19490,116.25,26.788671875,0.0
19491,116.25,27.06484375,0.0
19492,120.0,26.788671875,0.0
19493,120.0,27.06484375,0.0
19494,116.25,27.341015625,0.0
19495,116.25,27.6171875,0.0
19496,120.0,27.341015625,0.0
19497,120.0,27.6171875,0.0
19498,116.25,27.893359375,0.0
19499,116.25,28.16953125000001,0.0
19500,120.0,27.893359375,0.0
19501,120.0,28.16953125000001,0.0
19502,116.25,28.445703125,0.0
19503,116.25,28.721875,0.0
19504,120.0,28.445703125,0.0
19505,120.0,28.721875,0.0
19506,116.25,28.998046875,0.0
19507,116.25,29.27421875,0.0
19508,120.0,28.998046875,0.0
19509,120.0,29.27421875,0.0
19510,116.25,29.550390625,0.0
19511,116.25,29.8265625,0.0
19512,120.0,29.550390625,0.0
19513,120.0,29.8265625,0.0
19514,116.25,30.102734375,0.0
19515,116.25,30.37890625,0.0
19516,120.0,30.102734375,0.0
19517,120.0,30.37890625,0.0
19518,116.25,30.655078125,0.0
19519,116.25,30.93125,0.0
19520,120.0,30.655078125,0.0
19521,120.0,30.93125,0.0
19522,116.25,31.207421875,0.0
19523,116.25,31.48359375,0.0
19524,120.0,31.207421875,0.0
19525,120.0,31.48359375,0.0
19526,116.25,31.759765625,0.0
19527,116.25,32.0359375,0.0
19528,120.0,31.759765625,0.0
19529,120.0,32.0359375,0.0
19530,116.25,32.31210937500001,0.0
19531,116.25,32.58828125,0.0
19532,120.0,32.31210937500001,0.0
19533,120.0,32.58828125,0.0
19534,116.25,32.864453125,0.0
19535,116.25,33.140625,0.0
19536,120.0,32.864453125,0.0
19537,120.0,33.140625,0.0
19538,116.25,33.416796875,0.0
19539,116.25,33.69296875,0.0
19540,120.0,33.416796875,0.0
19541,120.0,33.69296875,0.0
19542,116.25,33.96914062499999,0.0
19543,116.25,34.2453125,0.0
19544,120.0,33.96914062499999,0.0
19545,120.0,34.2453125,0.0
19546,116.25,34.521484375,0.0
19547,116.25,34.79765625,0.0
19548,120.0,34.521484375,0.0
19549,120.0,34.79765625,0.0
19550,116.25,35.07382812500001,0.0
19551,116.25,35.35,0.0
19552,120.0,35.07382812500001,0.0
19553,120.0,35.35,0.0
19554,63.75,35.626171875,3509009.935700423
19555,63.75,35.90234375,4760307.972780763
19556,67.5,35.626171875,0.0
19557,67.5,35.90234375,180936.31013530667
19558,63.75,36.178515625,7116934.795002586
19559,63.75,36.45468750000001,2566967.286763917
19560,67.5,36.178515625,1038837.0618221101
19561,67.5,36.45468750000001,581982.5827158046
19562,63.75,36.73085937500001,3431095.722589575
19563,63.75,37.00703125,3819703.487937675
19564,67.5,36.73085937500001,1338673.9111145404
19565,67.5,37.00703125,1679509.5596123356
19566,63.75,37.283203125,4095170.75975335
19567,63.75,37.559375,7988838.461337831
19568,67.5,37.283203125,2004852.3622592618
19569,67.5,37.559375,1351416.0884001846
19570,63.75,37.83554687500001,5646563.527863596
19571,63.75,38.11171875,3447307.0456107478
19572,67.5,37.83554687500001,1822805.2780776147
19573,67.5,38.11171875,1184505.3320470466
19574,63.75,38.387890625,13969169.127477545
19575,63.75,38.6640625,5302803.17763861
19576,67.5,38.387890625,9702401.550049588
19577,67.5,38.6640625,2933906.896870335
19578,63.75,38.940234375,4179139.9790584375
19579,63.75,39.21640625,5581448.379882218
19580,67.5,38.940234375,1626349.9273521907
19581,67.5,39.21640625,829809.0096854229
19582,63.75,39.49257812499999,6521083.0498987185
19583,63.75,39.76875,8446015.43071612
19584,67.5,39.49257812499999,1041221.6558702048
19585,67.5,39.76875,1707674.2624138475
19586,63.75,40.044921875,3697256.404643337
19587,63.75,40.32109375,2183395.0668848916
19588,67.5,40.044921875,1553714.93191599
19589,67.5,40.32109375,537723.0853666312
19590,63.75,40.59726562499999,2618738.4008296565
19591,63.75,40.87343749999999,1530680.1334618884
19592,67.5,40.59726562499999,827032.7650674615
19593,67.5,40.87343749999999,897860.6438967637
19594,63.75,41.149609375,1104869.7732516169
19595,63.75,41.42578125,6365840.819808522
19596,67.5,41.149609375,824638.3935651225
19597,67.5,41.42578125,5300842.420582315
19598,63.75,41.701953125,5304686.516038249
19599,63.75,41.978125,21309928.76147183
19600,67.5,41.701953125,4405706.169493184
19601,67.5,41.978125,19807314.93021697
19602,63.75,42.25429687499999,39419543.970152974
19603,63.75,42.53046875,2373377.7060479717
19604,67.5,42.25429687499999,34088591.40035953
19605,67.5,42.53046875,3737963.3809028426
19606,63.75,42.806640625,433970.96420098556
19607,63.75,43.0828125,960226.2925566514
19608,67.5,42.806640625,4531918.189531737
19609,67.5,43.0828125,0.0
19610,63.75,43.35898437500001,1971559.605645692
19611,63.75,43.63515625,4126263.9297991022
19612,67.5,43.35898437500001,0.0
19613,67.5,43.63515625,0.0
19614,63.75,43.911328125,1956193.4431947228
19615,63.75,44.1875,6728399.909436204
19616,67.5,43.911328125,0.0
19617,67.5,44.1875,0.0
19618,71.25,35.626171875,0.0
19619,71.25,35.90234375,90468.15506765334
19620,75.0,35.626171875,0.0
19621,75.0,35.90234375,0.0
19622,71.25,36.178515625,519418.53091105504
19623,71.25,36.45468750000001,290991.2913579023
19624,75.0,36.178515625,0.0
19625,75.0,36.45468750000001,0.0
19626,71.25,36.73085937500001,669336.9555572702
19627,71.25,37.00703125,839754.7798061678
19628,75.0,36.73085937500001,0.0
19629,75.0,37.00703125,0.0
19630,71.25,37.283203125,1002426.1811296309
19631,71.25,37.559375,675708.0442000923
19632,75.0,37.283203125,0.0
19633,75.0,37.559375,0.0
19634,71.25,37.83554687500001,911402.6390388074
19635,71.25,38.11171875,592252.6660235233
19636,75.0,37.83554687500001,0.0
19637,75.0,38.11171875,0.0
19638,71.25,38.387890625,4851200.775024794
19639,71.25,38.6640625,1466953.4484351675
19640,75.0,38.387890625,0.0
19641,75.0,38.6640625,0.0
19642,71.25,38.940234375,813174.9636760954
19643,71.25,39.21640625,414904.50484271144
19644,75.0,38.940234375,0.0
19645,75.0,39.21640625,0.0
19646,71.25,39.49257812499999,520610.8279351024
19647,71.25,39.76875,853837.1312069237
19648,75.0,39.49257812499999,0.0
19649,75.0,39.76875,0.0
19650,71.25,40.044921875,776857.465957995
19651,71.25,40.32109375,268861.5426833156
19652,75.0,40.044921875,0.0
19653,75.0,40.32109375,0.0
19654,71.25,40.59726562499999,413516.38253373076
19655,71.25,40.87343749999999,448930.32194838184
19656,75.0,40.59726562499999,0.0
19657,75.0,40.87343749999999,0.0
19658,71.25,41.149609375,412319.19678256125
19659,71.25,41.42578125,2650421.2102911575
19660,75.0,41.149609375,0.0
19661,75.0,41.42578125,0.0
19662,71.25,41.701953125,2246087.477698633
19663,71.25,41.978125,13446653.362359462
19664,75.0,41.701953125,86468.78590408083
19665,75.0,41.978125,7085991.7945019575
19666,71.25,42.25429687499999,17998723.833453417
19667,71.25,42.53046875,5887412.139246002
19668,75.0,42.25429687499999,1908856.2665473097
19669,75.0,42.53046875,8036860.897589162
19670,71.25,42.806640625,11329795.473829342
19671,71.25,43.0828125,0.0
19672,75.0,42.806640625,18127672.758126948
19673,75.0,43.0828125,0.0
19674,71.25,43.35898437500001,0.0
19675,71.25,43.63515625,0.0
19676,75.0,43.35898437500001,0.0
19677,75.0,43.63515625,0.0
19678,71.25,43.911328125,0.0
19679,71.25,44.1875,0.0
19680,75.0,43.911328125,0.0
19681,75.0,44.1875,0.0
19682,63.75,44.463671875,7961717.6813106
19683,63.75,44.73984375,9292599.532172997
19684,67.5,44.463671875,0.0
19685,67.5,44.73984375,0.0
19686,63.75,45.01601562499999,6553497.649336268
19687,63.75,45.2921875,6806948.920544108
19688,67.5,45.01601562499999,0.0
19689,67.5,45.2921875,0.0
19690,63.75,45.568359375,3528980.533380682
19691,63.75,45.84453125,3135176.8980920045
19692,67.5,45.568359375,0.0
19693,67.5,45.84453125,0.0
19694,63.75,46.12070312500001,1515366.8999985522
19695,63.75,46.396875,3660381.2513853614
19696,67.5,46.12070312500001,0.0
19697,67.5,46.396875,0.0
19698,63.75,46.673046875,2576816.4239657517
19699,63.75,46.94921875,806679.1434413439
19700,67.5,46.673046875,0.0
19701,67.5,46.94921875,0.0
19702,63.75,47.225390625,553727.5903717538
19703,63.75,47.50156250000001,176509.9774040664
19704,67.5,47.225390625,0.0
19705,67.5,47.50156250000001,0.0
19706,63.75,47.77773437500001,274789.423558526
19707,63.75,48.05390625,249571.45397989126
19708,67.5,47.77773437500001,0.0
19709,67.5,48.05390625,0.0
19710,63.75,48.330078125,418218.20562705747
19711,63.75,48.60625,524077.98687714484
19712,67.5,48.330078125,0.0
19713,67.5,48.60625,0.0
19714,63.75,48.88242187500001,318284.70974103996
19715,63.75,49.15859375,170337.9897695515
19716,67.5,48.88242187500001,0.0
19717,67.5,49.15859375,0.0
19718,63.75,49.434765625,364045.4882415403
19719,63.75,49.7109375,166064.29764616836
19720,67.5,49.434765625,0.0
19721,67.5,49.7109375,0.0
19722,63.75,49.987109375,131539.99332961452
19723,63.75,50.26328125000001,292224.91331725015
19724,67.5,49.987109375,0.0
19725,67.5,50.26328125000001,0.0
19726,63.75,50.53945312500001,145137.36550529313
19727,63.75,50.815625,254184.21753811842
19728,67.5,50.53945312500001,0.0
19729,67.5,50.815625,0.0
19730,63.75,51.091796875,328226.85704797914
19731,63.75,51.36796875,179273.6567963868
19732,67.5,51.091796875,0.0
19733,67.5,51.36796875,0.0
19734,63.75,51.64414062500001,66264.01727310504
19735,63.75,51.92031250000001,141003.8537198744
19736,67.5,51.64414062500001,0.0
19737,67.5,51.92031250000001,0.0
19738,63.75,52.19648437500001,244609.98515617225
19739,63.75,52.47265625000001,2075458.931817373
19740,67.5,52.19648437500001,0.0
19741,67.5,52.47265625000001,0.0
19742,63.75,52.748828125,1385947.147630314
19743,63.75,53.02500000000001,1098723.361669804
19744,67.5,52.748828125,0.0
19745,67.5,53.02500000000001,0.0
19746,71.25,44.463671875,0.0
19747,71.25,44.73984375,0.0
19748,75.0,44.463671875,0.0
19749,75.0,44.73984375,0.0
19750,71.25,45.01601562499999,0.0
19751,71.25,45.2921875,0.0
19752,75.0,45.01601562499999,0.0
19753,75.0,45.2921875,0.0
19754,71.25,45.568359375,0.0
19755,71.25,45.84453125,0.0
19756,75.0,45.568359375,0.0
19757,75.0,45.84453125,0.0
19758,71.25,46.12070312500001,0.0
19759,71.25,46.396875,0.0
19760,75.0,46.12070312500001,0.0
19761,75.0,46.396875,0.0
19762,71.25,46.673046875,0.0
19763,71.25,46.94921875,0.0
19764,75.0,46.673046875,0.0
19765,75.0,46.94921875,0.0
19766,71.25,47.225390625,0.0
19767,71.25,47.50156250000001,0.0
19768,75.0,47.225390625,0.0
19769,75.0,47.50156250000001,0.0
19770,71.25,47.77773437500001,0.0
19771,71.25,48.05390625,0.0
19772,75.0,47.77773437500001,0.0
19773,75.0,48.05390625,0.0
19774,71.25,48.330078125,0.0
19775,71.25,48.60625,0.0
19776,75.0,48.330078125,0.0
19777,75.0,48.60625,0.0
19778,71.25,48.88242187500001,0.0
19779,71.25,49.15859375,0.0
19780,75.0,48.88242187500001,0.0
19781,75.0,49.15859375,0.0
19782,71.25,49.434765625,0.0
19783,71.25,49.7109375,0.0
19784,75.0,49.434765625,0.0
19785,75.0,49.7109375,0.0
19786,71.25,49.987109375,0.0
19787,71.25,50.26328125000001,0.0
19788,75.0,49.987109375,0.0
19789,75.0,50.26328125000001,0.0
19790,71.25,50.53945312500001,0.0
19791,71.25,50.815625,0.0
19792,75.0,50.53945312500001,0.0
19793,75.0,50.815625,0.0
19794,71.25,51.091796875,0.0
19795,71.25,51.36796875,0.0
19796,75.0,51.091796875,0.0
19797,75.0,51.36796875,0.0
19798,71.25,51.64414062500001,0.0
19799,71.25,51.92031250000001,0.0
19800,75.0,51.64414062500001,0.0
19801,75.0,51.92031250000001,0.0
19802,71.25,52.19648437500001,0.0
19803,71.25,52.47265625000001,0.0
19804,75.0,52.19648437500001,0.0
19805,75.0,52.47265625000001,0.0
19806,71.25,52.748828125,0.0
19807,71.25,53.02500000000001,0.0
19808,75.0,52.748828125,0.0
19809,75.0,53.02500000000001,0.0
19810,78.75,35.626171875,0.0
19811,78.75,35.90234375,0.0
19812,82.5,35.626171875,0.0
19813,82.5,35.90234375,0.0
19814,78.75,36.178515625,0.0
19815,78.75,36.45468750000001,0.0
19816,82.5,36.178515625,0.0
19817,82.5,36.45468750000001,0.0
19818,78.75,36.73085937500001,0.0
19819,78.75,37.00703125,0.0
19820,82.5,36.73085937500001,0.0
19821,82.5,37.00703125,0.0
19822,78.75,37.283203125,0.0
19823,78.75,37.559375,0.0
19824,82.5,37.283203125,0.0
19825,82.5,37.559375,0.0
19826,78.75,37.83554687500001,0.0
19827,78.75,38.11171875,0.0
19828,82.5,37.83554687500001,0.0
19829,82.5,38.11171875,0.0
19830,78.75,38.387890625,0.0
19831,78.75,38.6640625,0.0
19832,82.5,38.387890625,0.0
19833,82.5,38.6640625,0.0
19834,78.75,38.940234375,0.0
19835,78.75,39.21640625,0.0
19836,82.5,38.940234375,0.0
19837,82.5,39.21640625,0.0
19838,78.75,39.49257812499999,0.0
19839,78.75,39.76875,0.0
19840,82.5,39.49257812499999,0.0
19841,82.5,39.76875,0.0
19842,78.75,40.044921875,0.0
19843,78.75,40.32109375,0.0
19844,82.5,40.044921875,0.0
19845,82.5,40.32109375,0.0
19846,78.75,40.59726562499999,0.0
19847,78.75,40.87343749999999,0.0
19848,82.5,40.59726562499999,0.0
19849,82.5,40.87343749999999,0.0
19850,78.75,41.149609375,0.0
19851,78.75,41.42578125,0.0
19852,82.5,41.149609375,0.0
19853,82.5,41.42578125,0.0
19854,78.75,41.701953125,54042.99119005051
19855,78.75,41.978125,4428744.871563723
19856,82.5,41.701953125,21617.196476020206
19857,82.5,41.978125,1771497.9486254894
19858,78.75,42.25429687499999,1193035.1665920685
19859,78.75,42.53046875,5023038.060993225
19860,82.5,42.25429687499999,477214.0666368274
19861,82.5,42.53046875,2009215.2243972905
19862,78.75,42.806640625,11329795.473829342
19863,78.75,43.0828125,0.0
19864,82.5,42.806640625,4531918.189531737
19865,82.5,43.0828125,0.0
19866,78.75,43.35898437500001,0.0
19867,78.75,43.63515625,0.0
19868,82.5,43.35898437500001,0.0
19869,82.5,43.63515625,0.0
19870,78.75,43.911328125,0.0
19871,78.75,44.1875,0.0
19872,82.5,43.911328125,0.0
19873,82.5,44.1875,0.0
19874,86.25,35.626171875,0.0
19875,86.25,35.90234375,0.0
19876,90.0,35.626171875,0.0
19877,90.0,35.90234375,0.0
19878,86.25,36.178515625,0.0
19879,86.25,36.45468750000001,0.0
19880,90.0,36.178515625,0.0
19881,90.0,36.45468750000001,0.0
19882,86.25,36.73085937500001,0.0
19883,86.25,37.00703125,0.0
19884,90.0,36.73085937500001,0.0
19885,90.0,37.00703125,0.0
19886,86.25,37.283203125,0.0
19887,86.25,37.559375,0.0
19888,90.0,37.283203125,0.0
19889,90.0,37.559375,0.0
19890,86.25,37.83554687500001,0.0
19891,86.25,38.11171875,0.0
19892,90.0,37.83554687500001,0.0
19893,90.0,38.11171875,0.0
19894,86.25,38.387890625,0.0
19895,86.25,38.6640625,0.0
19896,90.0,38.387890625,0.0
19897,90.0,38.6640625,0.0
19898,86.25,38.940234375,0.0
19899,86.25,39.21640625,0.0
19900,90.0,38.940234375,0.0
19901,90.0,39.21640625,0.0
19902,86.25,39.49257812499999,0.0
19903,86.25,39.76875,0.0
19904,90.0,39.49257812499999,0.0
19905,90.0,39.76875,0.0
19906,86.25,40.044921875,0.0
19907,86.25,40.32109375,0.0
19908,90.0,40.044921875,0.0
19909,90.0,40.32109375,0.0
19910,86.25,40.59726562499999,0.0
19911,86.25,40.87343749999999,0.0
19912,90.0,40.59726562499999,0.0
19913,90.0,40.87343749999999,0.0
19914,86.25,41.149609375,0.0
19915,86.25,41.42578125,0.0
19916,90.0,41.149609375,0.0
19917,90.0,41.42578125,0.0
19918,86.25,41.701953125,0.0
19919,86.25,41.978125,0.0
19920,90.0,41.701953125,0.0
19921,90.0,41.978125,0.0
19922,86.25,42.25429687499999,0.0
19923,86.25,42.53046875,0.0
19924,90.0,42.25429687499999,0.0
19925,90.0,42.53046875,0.0
19926,86.25,42.806640625,0.0
19927,86.25,43.0828125,0.0
19928,90.0,42.806640625,0.0
19929,90.0,43.0828125,0.0
19930,86.25,43.35898437500001,0.0
19931,86.25,43.63515625,0.0
19932,90.0,43.35898437500001,0.0
19933,90.0,43.63515625,0.0
19934,86.25,43.911328125,0.0
19935,86.25,44.1875,0.0
19936,90.0,43.911328125,0.0
19937,90.0,44.1875,0.0
19938,78.75,44.463671875,0.0
19939,78.75,44.73984375,0.0
19940,82.5,44.463671875,0.0
19941,82.5,44.73984375,0.0
19942,78.75,45.01601562499999,0.0
19943,78.75,45.2921875,0.0
19944,82.5,45.01601562499999,0.0
19945,82.5,45.2921875,0.0
19946,78.75,45.568359375,0.0
19947,78.75,45.84453125,0.0
19948,82.5,45.568359375,0.0
19949,82.5,45.84453125,0.0
19950,78.75,46.12070312500001,0.0
19951,78.75,46.396875,0.0
19952,82.5,46.12070312500001,0.0
19953,82.5,46.396875,0.0
19954,78.75,46.673046875,0.0
19955,78.75,46.94921875,0.0
19956,82.5,46.673046875,0.0
19957,82.5,46.94921875,0.0
19958,78.75,47.225390625,0.0
19959,78.75,47.50156250000001,0.0
19960,82.5,47.225390625,0.0
19961,82.5,47.50156250000001,0.0
19962,78.75,47.77773437500001,0.0
19963,78.75,48.05390625,0.0
19964,82.5,47.77773437500001,0.0
19965,82.5,48.05390625,0.0
19966,78.75,48.330078125,0.0
19967,78.75,48.60625,0.0
19968,82.5,48.330078125,0.0
19969,82.5,48.60625,0.0
19970,78.75,48.88242187500001,0.0
19971,78.75,49.15859375,0.0
19972,82.5,48.88242187500001,0.0
19973,82.5,49.15859375,0.0
19974,78.75,49.434765625,0.0
19975,78.75,49.7109375,0.0
19976,82.5,49.434765625,0.0
19977,82.5,49.7109375,0.0
19978,78.75,49.987109375,0.0
19979,78.75,50.26328125000001,0.0
19980,82.5,49.987109375,0.0
19981,82.5,50.26328125000001,0.0
19982,78.75,50.53945312500001,0.0
19983,78.75,50.815625,0.0
19984,82.5,50.53945312500001,0.0
19985,82.5,50.815625,0.0
19986,78.75,51.091796875,0.0
19987,78.75,51.36796875,0.0
19988,82.5,51.091796875,0.0
19989,82.5,51.36796875,0.0
19990,78.75,51.64414062500001,0.0
19991,78.75,51.92031250000001,0.0
19992,82.5,51.64414062500001,0.0
19993,82.5,51.92031250000001,0.0
19994,78.75,52.19648437500001,0.0
19995,78.75,52.47265625000001,0.0
19996,82.5,52.19648437500001,0.0
19997,82.5,52.47265625000001,0.0
19998,78.75,52.748828125,0.0
19999,78.75,53.02500000000001,0.0
20000,82.5,52.748828125,0.0
20001,82.5,53.02500000000001,0.0
20002,86.25,44.463671875,0.0
20003,86.25,44.73984375,0.0
20004,90.0,44.463671875,0.0
20005,90.0,44.73984375,0.0
20006,86.25,45.01601562499999,0.0
20007,86.25,45.2921875,0.0
20008,90.0,45.01601562499999,0.0
20009,90.0,45.2921875,0.0
20010,86.25,45.568359375,0.0
20011,86.25,45.84453125,0.0
20012,90.0,45.568359375,0.0
20013,90.0,45.84453125,0.0
20014,86.25,46.12070312500001,0.0
20015,86.25,46.396875,0.0
20016,90.0,46.12070312500001,0.0
20017,90.0,46.396875,0.0
20018,86.25,46.673046875,0.0
20019,86.25,46.94921875,0.0
20020,90.0,46.673046875,0.0
20021,90.0,46.94921875,0.0
20022,86.25,47.225390625,0.0
20023,86.25,47.50156250000001,0.0
20024,90.0,47.225390625,0.0
20025,90.0,47.50156250000001,0.0
20026,86.25,47.77773437500001,0.0
20027,86.25,48.05390625,0.0
20028,90.0,47.77773437500001,0.0
20029,90.0,48.05390625,0.0
20030,86.25,48.330078125,0.0
20031,86.25,48.60625,0.0
20032,90.0,48.330078125,0.0
20033,90.0,48.60625,0.0
20034,86.25,48.88242187500001,0.0
20035,86.25,49.15859375,0.0
20036,90.0,48.88242187500001,0.0
20037,90.0,49.15859375,0.0
20038,86.25,49.434765625,0.0
20039,86.25,49.7109375,0.0
20040,90.0,49.434765625,0.0
20041,90.0,49.7109375,0.0
20042,86.25,49.987109375,0.0
20043,86.25,50.26328125000001,0.0
20044,90.0,49.987109375,0.0
20045,90.0,50.26328125000001,0.0
20046,86.25,50.53945312500001,0.0
20047,86.25,50.815625,0.0
20048,90.0,50.53945312500001,0.0
20049,90.0,50.815625,0.0
20050,86.25,51.091796875,0.0
20051,86.25,51.36796875,0.0
20052,90.0,51.091796875,0.0
20053,90.0,51.36796875,0.0
20054,86.25,51.64414062500001,0.0
20055,86.25,51.92031250000001,0.0
20056,90.0,51.64414062500001,0.0
20057,90.0,51.92031250000001,0.0
20058,86.25,52.19648437500001,0.0
20059,86.25,52.47265625000001,0.0
20060,90.0,52.19648437500001,0.0
20061,90.0,52.47265625000001,0.0
20062,86.25,52.748828125,0.0
20063,86.25,53.02500000000001,0.0
20064,90.0,52.748828125,0.0
20065,90.0,53.02500000000001,0.0
20066,63.75,53.30117187500001,1333784.8617404657
20067,63.75,53.57734375,3308865.639857836
20068,67.5,53.30117187500001,0.0
20069,67.5,53.57734375,0.0
20070,63.75,53.853515625,636914.3923747307
20071,63.75,54.1296875,294312.01681042043
20072,67.5,53.853515625,0.0
20073,67.5,54.1296875,0.0
20074,63.75,54.40585937500001,197839.31163186824
20075,63.75,54.68203125000001,242712.7631395495
20076,67.5,54.40585937500001,0.0
20077,67.5,54.68203125000001,0.0
20078,63.75,54.95820312500001,252183.12065737718
20079,63.75,55.23437500000001,243890.6609747896
20080,67.5,54.95820312500001,0.0
20081,67.5,55.23437500000001,0.0
20082,63.75,55.510546875,441466.23912700533
20083,63.75,55.78671875000001,764455.2347381623
20084,67.5,55.510546875,0.0
20085,67.5,55.78671875000001,0.0
20086,63.75,56.06289062500001,163635.7510870307
20087,63.75,56.33906250000001,278188.4975383277
20088,67.5,56.06289062500001,0.0
20089,67.5,56.33906250000001,0.0
20090,63.75,56.61523437500001,321518.5659187205
20091,63.75,56.89140625000001,336432.77429153275
20092,67.5,56.61523437500001,0.0
20093,67.5,56.89140625000001,0.0
20094,63.75,57.16757812500001,298112.2518217434
20095,63.75,57.44375000000001,262232.5759854181
20096,67.5,57.16757812500001,0.0
20097,67.5,57.44375000000001,0.0
20098,63.75,57.71992187500001,601466.8026819578
20099,63.75,57.99609375000001,1134113.3269875394
20100,67.5,57.71992187500001,0.0
20101,67.5,57.99609375000001,0.0
20102,63.75,58.272265625,1545974.5209280797
20103,63.75,58.54843750000001,1241009.6638566665
20104,67.5,58.272265625,0.0
20105,67.5,58.54843750000001,0.0
20106,63.75,58.82460937500001,2367371.8172912668
20107,63.75,59.10078125,2418432.9887438715
20108,67.5,58.82460937500001,0.0
20109,67.5,59.10078125,150752.98837103808
20110,63.75,59.376953125,6776902.932424014
20111,63.75,59.653125,3158973.3547108574
20112,67.5,59.376953125,3768895.9134511896
20113,67.5,59.653125,2296576.6312492797
20114,63.75,59.92929687500001,613436.6991788289
20115,63.75,60.20546875,739451.9640615426
20116,67.5,59.92929687500001,0.0
20117,67.5,60.20546875,0.0
20118,63.75,60.481640625,611350.7594052618
20119,63.75,60.7578125,432193.0510639025
20120,67.5,60.481640625,0.0
20121,67.5,60.7578125,0.0
20122,63.75,61.033984375,331119.7406191502
20123,63.75,61.31015625000001,321515.840752539
20124,67.5,61.033984375,0.0
20125,67.5,61.31015625000001,0.0
20126,63.75,61.58632812500001,161167.44103916278
20127,63.75,61.8625,194485.53433294274
20128,67.5,61.58632812500001,0.0
20129,67.5,61.8625,0.0
20130,71.25,53.30117187500001,0.0
20131,71.25,53.57734375,0.0
20132,75.0,53.30117187500001,0.0
20133,75.0,53.57734375,0.0
20134,71.25,53.853515625,0.0
20135,71.25,54.1296875,0.0
20136,75.0,53.853515625,0.0
20137,75.0,54.1296875,0.0
20138,71.25,54.40585937500001,0.0
20139,71.25,54.68203125000001,0.0
20140,75.0,54.40585937500001,0.0
20141,75.0,54.68203125000001,0.0
20142,71.25,54.95820312500001,0.0
20143,71.25,55.23437500000001,0.0
20144,75.0,54.95820312500001,0.0
20145,75.0,55.23437500000001,0.0
20146,71.25,55.510546875,0.0
20147,71.25,55.78671875000001,0.0
20148,75.0,55.510546875,0.0
20149,75.0,55.78671875000001,0.0
20150,71.25,56.06289062500001,0.0
20151,71.25,56.33906250000001,0.0
20152,75.0,56.06289062500001,0.0
20153,75.0,56.33906250000001,0.0
20154,71.25,56.61523437500001,0.0
20155,71.25,56.89140625000001,0.0
20156,75.0,56.61523437500001,0.0
20157,75.0,56.89140625000001,0.0
20158,71.25,57.16757812500001,0.0
20159,71.25,57.44375000000001,0.0
20160,75.0,57.16757812500001,0.0
20161,75.0,57.44375000000001,0.0
20162,71.25,57.71992187500001,0.0
20163,71.25,57.99609375000001,0.0
20164,75.0,57.71992187500001,0.0
20165,75.0,57.99609375000001,0.0
20166,71.25,58.272265625,0.0
20167,71.25,58.54843750000001,0.0
20168,75.0,58.272265625,0.0
20169,75.0,58.54843750000001,0.0
20170,71.25,58.82460937500001,0.0
20171,71.25,59.10078125,75376.49418551904
20172,75.0,58.82460937500001,0.0
20173,75.0,59.10078125,0.0
20174,71.25,59.376953125,1884447.9567255948
20175,71.25,59.653125,1148288.3156246399
20176,75.0,59.376953125,0.0
20177,75.0,59.653125,0.0
20178,71.25,59.92929687500001,0.0
20179,71.25,60.20546875,0.0
20180,75.0,59.92929687500001,0.0
20181,75.0,60.20546875,0.0
20182,71.25,60.481640625,0.0
20183,71.25,60.7578125,0.0
20184,75.0,60.481640625,0.0
20185,75.0,60.7578125,0.0
20186,71.25,61.033984375,0.0
20187,71.25,61.31015625000001,0.0
20188,75.0,61.033984375,0.0
20189,75.0,61.31015625000001,0.0
20190,71.25,61.58632812500001,0.0
20191,71.25,61.8625,0.0
20192,75.0,61.58632812500001,0.0
20193,75.0,61.8625,0.0
20194,78.75,53.30117187500001,0.0
20195,78.75,53.57734375,0.0
20196,82.5,53.30117187500001,0.0
20197,82.5,53.57734375,0.0
20198,78.75,53.853515625,0.0
20199,78.75,54.1296875,0.0
20200,82.5,53.853515625,0.0
20201,82.5,54.1296875,0.0
20202,78.75,54.40585937500001,0.0
20203,78.75,54.68203125000001,0.0
20204,82.5,54.40585937500001,0.0
20205,82.5,54.68203125000001,0.0
20206,78.75,54.95820312500001,0.0
20207,78.75,55.23437500000001,0.0
20208,82.5,54.95820312500001,0.0
20209,82.5,55.23437500000001,0.0
20210,78.75,55.510546875,0.0
20211,78.75,55.78671875000001,0.0
20212,82.5,55.510546875,0.0
20213,82.5,55.78671875000001,0.0
20214,78.75,56.06289062500001,0.0
20215,78.75,56.33906250000001,0.0
20216,82.5,56.06289062500001,0.0
20217,82.5,56.33906250000001,0.0
20218,78.75,56.61523437500001,0.0
20219,78.75,56.89140625000001,0.0
20220,82.5,56.61523437500001,0.0
20221,82.5,56.89140625000001,0.0
20222,78.75,57.16757812500001,0.0
20223,78.75,57.44375000000001,0.0
20224,82.5,57.16757812500001,0.0
20225,82.5,57.44375000000001,0.0
20226,78.75,57.71992187500001,0.0
20227,78.75,57.99609375000001,0.0
20228,82.5,57.71992187500001,0.0
20229,82.5,57.99609375000001,0.0
20230,78.75,58.272265625,0.0
20231,78.75,58.54843750000001,0.0
20232,82.5,58.272265625,0.0
20233,82.5,58.54843750000001,0.0
20234,78.75,58.82460937500001,0.0
20235,78.75,59.10078125,0.0
20236,82.5,58.82460937500001,0.0
20237,82.5,59.10078125,0.0
20238,78.75,59.376953125,0.0
20239,78.75,59.653125,0.0
20240,82.5,59.376953125,0.0
20241,82.5,59.653125,0.0
20242,78.75,59.92929687500001,0.0
20243,78.75,60.20546875,0.0
20244,82.5,59.92929687500001,0.0
20245,82.5,60.20546875,0.0
20246,78.75,60.481640625,0.0
20247,78.75,60.7578125,0.0
20248,82.5,60.481640625,0.0
20249,82.5,60.7578125,0.0
20250,78.75,61.033984375,0.0
20251,78.75,61.31015625000001,0.0
20252,82.5,61.033984375,0.0
20253,82.5,61.31015625000001,0.0
20254,78.75,61.58632812500001,0.0
20255,78.75,61.8625,0.0
20256,82.5,61.58632812500001,0.0
20257,82.5,61.8625,0.0
20258,86.25,53.30117187500001,0.0
20259,86.25,53.57734375,0.0
20260,90.0,53.30117187500001,0.0
20261,90.0,53.57734375,0.0
20262,86.25,53.853515625,0.0
20263,86.25,54.1296875,0.0
20264,90.0,53.853515625,0.0
20265,90.0,54.1296875,0.0
20266,86.25,54.40585937500001,0.0
20267,86.25,54.68203125000001,0.0
20268,90.0,54.40585937500001,0.0
20269,90.0,54.68203125000001,0.0
20270,86.25,54.95820312500001,0.0
20271,86.25,55.23437500000001,0.0
20272,90.0,54.95820312500001,0.0
20273,90.0,55.23437500000001,0.0
20274,86.25,55.510546875,0.0
20275,86.25,55.78671875000001,0.0
20276,90.0,55.510546875,0.0
20277,90.0,55.78671875000001,0.0
20278,86.25,56.06289062500001,0.0
20279,86.25,56.33906250000001,0.0
20280,90.0,56.06289062500001,0.0
20281,90.0,56.33906250000001,0.0
20282,86.25,56.61523437500001,0.0
20283,86.25,56.89140625000001,0.0
20284,90.0,56.61523437500001,0.0
20285,90.0,56.89140625000001,0.0
20286,86.25,57.16757812500001,0.0
20287,86.25,57.44375000000001,0.0
20288,90.0,57.16757812500001,0.0
20289,90.0,57.44375000000001,0.0
20290,86.25,57.71992187500001,0.0
20291,86.25,57.99609375000001,0.0
20292,90.0,57.71992187500001,0.0
20293,90.0,57.99609375000001,0.0
20294,86.25,58.272265625,0.0
20295,86.25,58.54843750000001,0.0
20296,90.0,58.272265625,0.0
20297,90.0,58.54843750000001,0.0
20298,86.25,58.82460937500001,0.0
20299,86.25,59.10078125,0.0
20300,90.0,58.82460937500001,0.0
20301,90.0,59.10078125,0.0
20302,86.25,59.376953125,0.0
20303,86.25,59.653125,0.0
20304,90.0,59.376953125,0.0
20305,90.0,59.653125,0.0
20306,86.25,59.92929687500001,0.0
20307,86.25,60.20546875,0.0
20308,90.0,59.92929687500001,0.0
20309,90.0,60.20546875,0.0
20310,86.25,60.481640625,0.0
20311,86.25,60.7578125,0.0
20312,90.0,60.481640625,0.0
20313,90.0,60.7578125,0.0
20314,86.25,61.033984375,0.0
20315,86.25,61.31015625000001,0.0
20316,90.0,61.033984375,0.0
20317,90.0,61.31015625000001,0.0
20318,86.25,61.58632812500001,0.0
20319,86.25,61.8625,0.0
20320,90.0,61.58632812500001,0.0
20321,90.0,61.8625,0.0
20322,63.75,62.138671875,1479673.6586718643
20323,63.75,62.41484375,6308776.6504848115
20324,67.5,62.138671875,1165302.5223140537
20325,67.5,62.41484375,5407522.843272696
20326,63.75,62.69101562500001,6560599.275850139
20327,63.75,62.96718750000001,1898897.736019972
20328,67.5,62.69101562500001,5623370.807871547
20329,67.5,62.96718750000001,1627626.6308742617
20330,63.75,63.24335937500001,9747199.507089889
20331,63.75,63.51953125000001,8288956.371011771
20332,67.5,63.24335937500001,8354742.434648477
20333,67.5,63.51953125000001,7104819.746581518
20334,63.75,63.795703125,14933281.313646628
20335,63.75,64.071875,0.0
20336,67.5,63.795703125,12799955.411697108
20337,67.5,64.071875,0.0
20338,63.75,64.34804687500001,0.0
20339,63.75,64.62421875000001,0.0
20340,67.5,64.34804687500001,0.0
20341,67.5,64.62421875000001,0.0
20342,63.75,64.900390625,0.0
20343,63.75,65.1765625,0.0
20344,67.5,64.900390625,0.0
20345,67.5,65.1765625,0.0
20346,63.75,65.452734375,0.0
20347,63.75,65.72890625,0.0
20348,67.5,65.452734375,0.0
20349,67.5,65.72890625,0.0
20350,63.75,66.005078125,0.0
20351,63.75,66.28125,0.0
20352,67.5,66.005078125,0.0
20353,67.5,66.28125,0.0
20354,71.25,62.138671875,582651.2611570269
20355,71.25,62.41484375,2703761.421636348
20356,75.0,62.138671875,0.0
20357,75.0,62.41484375,0.0
20358,71.25,62.69101562500001,2811685.4039357733
20359,71.25,62.96718750000001,813813.3154371309
20360,75.0,62.69101562500001,0.0
20361,75.0,62.96718750000001,0.0
20362,71.25,63.24335937500001,4177371.2173242383
20363,71.25,63.51953125000001,3552409.873290759
20364,75.0,63.24335937500001,0.0
20365,75.0,63.51953125000001,0.0
20366,71.25,63.795703125,6399977.705848554
20367,71.25,64.071875,0.0
20368,75.0,63.795703125,0.0
20369,75.0,64.071875,0.0
20370,71.25,64.34804687500001,0.0
20371,71.25,64.62421875000001,0.0
20372,75.0,64.34804687500001,0.0
20373,75.0,64.62421875000001,0.0
20374,71.25,64.900390625,0.0
20375,71.25,65.1765625,0.0
20376,75.0,64.900390625,0.0
20377,75.0,65.1765625,0.0
20378,71.25,65.452734375,0.0
20379,71.25,65.72890625,0.0
20380,75.0,65.452734375,0.0
20381,75.0,65.72890625,0.0
20382,71.25,66.005078125,0.0
20383,71.25,66.28125,0.0
20384,75.0,66.005078125,0.0
20385,75.0,66.28125,0.0
20386,78.75,62.138671875,0.0
20387,78.75,62.41484375,0.0
20388,82.5,62.138671875,0.0
20389,82.5,62.41484375,0.0
20390,78.75,62.69101562500001,0.0
20391,78.75,62.96718750000001,0.0
20392,82.5,62.69101562500001,0.0
20393,82.5,62.96718750000001,0.0
20394,78.75,63.24335937500001,0.0
20395,78.75,63.51953125000001,0.0
20396,82.5,63.24335937500001,0.0
20397,82.5,63.51953125000001,0.0
20398,78.75,63.795703125,0.0
20399,78.75,64.071875,0.0
20400,82.5,63.795703125,0.0
20401,82.5,64.071875,0.0
20402,78.75,64.34804687500001,0.0
20403,78.75,64.62421875000001,0.0
20404,82.5,64.34804687500001,0.0
20405,82.5,64.62421875000001,0.0
20406,78.75,64.900390625,0.0
20407,78.75,65.1765625,0.0
20408,82.5,64.900390625,0.0
20409,82.5,65.1765625,0.0
20410,78.75,65.452734375,0.0
20411,78.75,65.72890625,0.0
20412,82.5,65.452734375,0.0
20413,82.5,65.72890625,0.0
20414,78.75,66.005078125,0.0
20415,78.75,66.28125,0.0
20416,82.5,66.005078125,0.0
20417,82.5,66.28125,0.0
20418,86.25,62.138671875,0.0
20419,86.25,62.41484375,0.0
20420,90.0,62.138671875,0.0
20421,90.0,62.41484375,0.0
20422,86.25,62.69101562500001,0.0
20423,86.25,62.96718750000001,0.0
20424,90.0,62.69101562500001,0.0
20425,90.0,62.96718750000001,0.0
20426,86.25,63.24335937500001,0.0
20427,86.25,63.51953125000001,0.0
20428,90.0,63.24335937500001,0.0
20429,90.0,63.51953125000001,0.0
20430,86.25,63.795703125,0.0
20431,86.25,64.071875,0.0
20432,90.0,63.795703125,0.0
20433,90.0,64.071875,0.0
20434,86.25,64.34804687500001,0.0
20435,86.25,64.62421875000001,0.0
20436,90.0,64.34804687500001,0.0
20437,90.0,64.62421875000001,0.0
20438,86.25,64.900390625,0.0
20439,86.25,65.1765625,0.0
20440,90.0,64.900390625,0.0
20441,90.0,65.1765625,0.0
20442,86.25,65.452734375,0.0
20443,86.25,65.72890625,0.0
20444,90.0,65.452734375,0.0
20445,90.0,65.72890625,0.0
20446,86.25,66.005078125,0.0
20447,86.25,66.28125,0.0
20448,90.0,66.005078125,0.0
20449,90.0,66.28125,0.0
20450,63.75,66.557421875,0.0
20451,63.75,66.83359375,0.0
20452,67.5,66.557421875,0.0
20453,67.5,66.83359375,0.0
20454,63.75,67.109765625,0.0
20455,63.75,67.3859375,0.0
20456,67.5,67.109765625,0.0
20457,67.5,67.3859375,0.0
20458,63.75,67.662109375,0.0
20459,63.75,67.93828124999999,0.0
20460,67.5,67.662109375,0.0
20461,67.5,67.93828124999999,0.0
20462,63.75,68.21445312499999,0.0
20463,63.75,68.490625,0.0
20464,67.5,68.21445312499999,0.0
20465,67.5,68.490625,0.0
20466,71.25,66.557421875,0.0
20467,71.25,66.83359375,0.0
20468,75.0,66.557421875,0.0
20469,75.0,66.83359375,0.0
20470,71.25,67.109765625,0.0
20471,71.25,67.3859375,0.0
20472,75.0,67.109765625,0.0
20473,75.0,67.3859375,0.0
20474,71.25,67.662109375,0.0
20475,71.25,67.93828124999999,0.0
20476,75.0,67.662109375,0.0
20477,75.0,67.93828124999999,0.0
20478,71.25,68.21445312499999,0.0
20479,71.25,68.490625,0.0
20480,75.0,68.21445312499999,0.0
20481,75.0,68.490625,0.0
20482,78.75,66.557421875,0.0
20483,78.75,66.83359375,0.0
20484,82.5,66.557421875,0.0
20485,82.5,66.83359375,0.0
20486,78.75,67.109765625,0.0
20487,78.75,67.3859375,0.0
20488,82.5,67.109765625,0.0
20489,82.5,67.3859375,0.0
20490,78.75,67.662109375,0.0
20491,78.75,67.93828124999999,0.0
20492,82.5,67.662109375,0.0
20493,82.5,67.93828124999999,0.0
20494,78.75,68.21445312499999,0.0
20495,78.75,68.490625,0.0
20496,82.5,68.21445312499999,0.0
20497,82.5,68.490625,0.0
20498,86.25,66.557421875,0.0
20499,86.25,66.83359375,0.0
20500,90.0,66.557421875,0.0
20501,90.0,66.83359375,0.0
20502,86.25,67.109765625,0.0
20503,86.25,67.3859375,0.0
20504,90.0,67.109765625,0.0
20505,90.0,67.3859375,0.0
20506,86.25,67.662109375,0.0
20507,86.25,67.93828124999999,0.0
20508,90.0,67.662109375,0.0
20509,90.0,67.93828124999999,0.0
20510,86.25,68.21445312499999,0.0
20511,86.25,68.490625,0.0
20512,90.0,68.21445312499999,0.0
20513,90.0,68.490625,0.0
20514,63.75,68.766796875,0.0
20515,63.75,69.04296875,0.0
20516,67.5,68.766796875,0.0
20517,67.5,69.04296875,0.0
20518,63.75,69.319140625,0.0
20519,67.5,69.319140625,0.0
20520,63.75,69.5953125,0.0
20521,67.5,69.5953125,0.0
20522,71.25,68.766796875,0.0
20523,71.25,69.04296875,0.0
20524,75.0,68.766796875,0.0
20525,75.0,69.04296875,0.0
20526,71.25,69.319140625,0.0
20527,75.0,69.319140625,0.0
20528,71.25,69.5953125,0.0
20529,75.0,69.5953125,0.0
20530,78.75,68.766796875,0.0
20531,78.75,69.04296875,0.0
20532,82.5,68.766796875,0.0
20533,82.5,69.04296875,0.0
20534,78.75,69.319140625,0.0
20535,82.5,69.319140625,0.0
20536,78.75,69.5953125,0.0
20537,82.5,69.5953125,0.0
20538,86.25,68.766796875,0.0
20539,86.25,69.04296875,0.0
20540,90.0,68.766796875,0.0
20541,90.0,69.04296875,0.0
20542,86.25,69.319140625,0.0
20543,90.0,69.319140625,0.0
20544,86.25,69.5953125,0.0
20545,90.0,69.5953125,0.0
20546,63.75,69.7333984375,0.0
20547,67.5,69.7333984375,0.0
20548,63.75,69.87148437500001,0.0
20549,67.5,69.87148437500001,0.0
20550,63.75,69.94052734375,0.0
20551,67.5,69.94052734375,0.0
20552,63.75,70.00957031250002,0.0
20553,67.5,70.00957031250002,0.0
20554,63.75,70.04409179687502,0.0
20555,67.5,70.04409179687502,0.0
20556,63.75,70.07861328125001,0.0
20557,67.5,70.07861328125001,0.0
20558,63.75,70.09587402343752,0.0
20559,67.5,70.09587402343752,0.0
20560,63.75,70.10450439453126,0.0
20561,63.75,70.113134765625,0.0
20562,67.5,70.10450439453126,0.0
20563,67.5,70.113134765625,0.0
20564,63.75,70.12176513671875,0.0
20565,63.75,70.13039550781251,0.0
20566,67.5,70.12176513671875,0.0
20567,67.5,70.13039550781251,0.0
20568,63.75,70.13902587890627,0.0
20569,63.75,70.14765625000001,0.0
20570,67.5,70.13902587890627,0.0
20571,67.5,70.14765625000001,0.0
20572,71.25,69.7333984375,0.0
20573,75.0,69.7333984375,0.0
20574,71.25,69.87148437500001,0.0
20575,75.0,69.87148437500001,0.0
20576,71.25,69.94052734375,0.0
20577,75.0,69.94052734375,0.0
20578,71.25,70.00957031250002,0.0
20579,75.0,70.00957031250002,0.0
20580,71.25,70.04409179687502,0.0
20581,75.0,70.04409179687502,0.0
20582,71.25,70.07861328125001,0.0
20583,75.0,70.07861328125001,0.0
20584,71.25,70.09587402343752,0.0
20585,75.0,70.09587402343752,0.0
20586,71.25,70.10450439453126,0.0
20587,71.25,70.113134765625,0.0
20588,75.0,70.10450439453126,0.0
20589,75.0,70.113134765625,0.0
20590,71.25,70.12176513671875,0.0
20591,71.25,70.13039550781251,0.0
20592,75.0,70.12176513671875,0.0
20593,75.0,70.13039550781251,0.0
20594,71.25,70.13902587890627,0.0
20595,71.25,70.14765625000001,0.0
20596,75.0,70.13902587890627,0.0
20597,75.0,70.14765625000001,0.0
20598,78.75,69.7333984375,0.0
20599,82.5,69.7333984375,0.0
20600,78.75,69.87148437500001,0.0
20601,82.5,69.87148437500001,0.0
20602,78.75,69.94052734375,0.0
20603,82.5,69.94052734375,0.0
20604,78.75,70.00957031250002,0.0
20605,82.5,70.00957031250002,0.0
20606,78.75,70.04409179687502,0.0
20607,82.5,70.04409179687502,0.0
20608,78.75,70.07861328125001,0.0
20609,82.5,70.07861328125001,0.0
20610,78.75,70.09587402343752,0.0
20611,82.5,70.09587402343752,0.0
20612,78.75,70.10450439453126,0.0
20613,78.75,70.113134765625,0.0
20614,82.5,70.10450439453126,0.0
20615,82.5,70.113134765625,0.0
20616,78.75,70.12176513671875,0.0
20617,78.75,70.13039550781251,0.0
20618,82.5,70.12176513671875,0.0
20619,82.5,70.13039550781251,0.0
20620,78.75,70.13902587890627,0.0
20621,78.75,70.14765625000001,0.0
20622,82.5,70.13902587890627,0.0
20623,82.5,70.14765625000001,0.0
20624,86.25,69.7333984375,0.0
20625,90.0,69.7333984375,0.0
20626,86.25,69.87148437500001,0.0
20627,90.0,69.87148437500001,0.0
20628,86.25,69.94052734375,0.0
20629,90.0,69.94052734375,0.0
20630,86.25,70.00957031250002,0.0
20631,90.0,70.00957031250002,0.0
20632,86.25,70.04409179687502,0.0
20633,90.0,70.04409179687502,0.0
20634,86.25,70.07861328125001,0.0
20635,90.0,70.07861328125001,0.0
20636,86.25,70.09587402343752,0.0
20637,90.0,70.09587402343752,0.0
20638,86.25,70.10450439453126,0.0
20639,86.25,70.113134765625,0.0
20640,90.0,70.10450439453126,0.0
20641,90.0,70.113134765625,0.0
20642,86.25,70.12176513671875,0.0
20643,86.25,70.13039550781251,0.0
20644,90.0,70.12176513671875,0.0
20645,90.0,70.13039550781251,0.0
20646,86.25,70.13902587890627,0.0
20647,86.25,70.14765625000001,0.0
20648,90.0,70.13902587890627,0.0
20649,90.0,70.14765625000001,0.0
20650,63.75,70.15628662109376,0.0
20651,63.75,70.16491699218751,0.0
20652,67.5,70.15628662109376,0.0
20653,67.5,70.16491699218751,0.0
20654,63.75,70.17354736328127,0.0
20655,63.75,70.18217773437502,0.0
20656,67.5,70.17354736328127,0.0
20657,67.5,70.18217773437502,0.0
20658,71.25,70.15628662109376,0.0
20659,71.25,70.16491699218751,0.0
20660,75.0,70.15628662109376,0.0
20661,75.0,70.16491699218751,0.0
20662,71.25,70.17354736328127,0.0
20663,71.25,70.18217773437502,0.0
20664,75.0,70.17354736328127,0.0
20665,75.0,70.18217773437502,0.0
20666,63.75,70.19080810546876,0.0
20667,63.75,70.1994384765625,0.0
20668,67.5,70.19080810546876,0.0
20669,67.5,70.1994384765625,0.0
20670,71.25,70.19080810546876,0.0
20671,71.25,70.1994384765625,0.0
20672,75.0,70.19080810546876,0.0
20673,75.0,70.1994384765625,0.0
20674,63.75,70.2,0.0
20675,63.75,70.20806884765625,0.0
20676,63.75,70.21669921875001,0.0
20677,67.5,70.2,0.0
20678,67.5,70.20806884765625,0.0
20679,67.5,70.21669921875001,0.0
20680,71.25,70.2,0.0
20681,71.25,70.20806884765625,0.0
20682,71.25,70.21669921875001,0.0
20683,75.0,70.2,0.0
20684,75.0,70.20806884765625,0.0
20685,75.0,70.21669921875001,0.0
20686,63.75,70.22532958984377,0.0
20687,67.5,70.22532958984377,0.0
20688,63.75,70.23395996093751,0.0
20689,67.5,70.23395996093751,0.0
20690,71.25,70.22532958984377,0.0
20691,75.0,70.22532958984377,0.0
20692,71.25,70.23395996093751,0.0
20693,75.0,70.23395996093751,0.0
20694,63.75,70.24259033203126,0.0
20695,67.5,70.24259033203126,0.0
20696,63.75,70.251220703125,0.0
20697,67.5,70.251220703125,0.0
20698,71.25,70.24259033203126,0.0
20699,75.0,70.24259033203126,0.0
20700,71.25,70.251220703125,0.0
20701,75.0,70.251220703125,0.0
20702,63.75,70.25985107421874,0.0
20703,67.5,70.25985107421874,0.0
20704,63.75,70.2684814453125,0.0
20705,67.5,70.2684814453125,0.0
20706,71.25,70.25985107421874,0.0
20707,75.0,70.25985107421874,0.0
20708,71.25,70.2684814453125,0.0
20709,75.0,70.2684814453125,0.0
20710,63.75,70.27711181640626,0.0
20711,67.5,70.27711181640626,0.0
20712,63.75,70.2857421875,0.0
20713,67.5,70.2857421875,0.0
20714,71.25,70.27711181640626,0.0
20715,75.0,70.27711181640626,0.0
20716,71.25,70.2857421875,0.0
20717,75.0,70.2857421875,0.0
20718,63.75,70.29437255859375,0.0
20719,67.5,70.29437255859375,0.0
20720,63.75,70.30300292968751,0.0
20721,67.5,70.30300292968751,0.0
20722,71.25,70.29437255859375,0.0
20723,75.0,70.29437255859375,0.0
20724,71.25,70.30300292968751,0.0
20725,75.0,70.30300292968751,0.0
20726,63.75,70.32026367187501,0.0
20727,67.5,70.32026367187501,0.0
20728,71.25,70.32026367187501,0.0
20729,75.0,70.32026367187501,0.0
20730,63.75,70.3375244140625,0.0
20731,67.5,70.3375244140625,0.0
20732,63.75,70.35478515625,0.0
20733,67.5,70.35478515625,0.0
20734,71.25,70.3375244140625,0.0
20735,75.0,70.3375244140625,0.0
20736,71.25,70.35478515625,0.0
20737,75.0,70.35478515625,0.0
20738,63.75,70.3720458984375,0.0
20739,67.5,70.3720458984375,0.0
20740,63.75,70.389306640625,0.0
20741,67.5,70.389306640625,0.0
20742,71.25,70.3720458984375,0.0
20743,75.0,70.3720458984375,0.0
20744,71.25,70.389306640625,0.0
20745,75.0,70.389306640625,0.0
20746,63.75,70.4065673828125,0.0
20747,67.5,70.4065673828125,0.0
20748,63.75,70.423828125,0.0
20749,67.5,70.423828125,0.0
20750,71.25,70.4065673828125,0.0
20751,75.0,70.4065673828125,0.0
20752,71.25,70.423828125,0.0
20753,75.0,70.423828125,0.0
20754,78.75,70.15628662109376,0.0
20755,78.75,70.16491699218751,0.0
20756,82.5,70.15628662109376,0.0
20757,82.5,70.16491699218751,0.0
20758,78.75,70.17354736328127,0.0
20759,78.75,70.18217773437502,0.0
20760,82.5,70.17354736328127,0.0
20761,82.5,70.18217773437502,0.0
20762,86.25,70.15628662109376,0.0
20763,86.25,70.16491699218751,0.0
20764,90.0,70.15628662109376,0.0
20765,90.0,70.16491699218751,0.0
20766,86.25,70.17354736328127,0.0
20767,86.25,70.18217773437502,0.0
20768,90.0,70.17354736328127,0.0
20769,90.0,70.18217773437502,0.0
20770,78.75,70.19080810546876,0.0
20771,78.75,70.1994384765625,0.0
20772,82.5,70.19080810546876,0.0
20773,82.5,70.1994384765625,0.0
20774,86.25,70.19080810546876,0.0
20775,86.25,70.1994384765625,0.0
20776,90.0,70.19080810546876,0.0
20777,90.0,70.1994384765625,0.0
20778,78.75,70.2,0.0
20779,78.75,70.20806884765625,0.0
20780,78.75,70.21669921875001,0.0
20781,82.5,70.2,0.0
20782,82.5,70.20806884765625,0.0
20783,82.5,70.21669921875001,0.0
20784,86.25,70.2,0.0
20785,86.25,70.20806884765625,0.0
20786,86.25,70.21669921875001,0.0
20787,90.0,70.2,0.0
20788,90.0,70.20806884765625,0.0
20789,90.0,70.21669921875001,0.0
20790,78.75,70.22532958984377,0.0
20791,82.5,70.22532958984377,0.0
20792,78.75,70.23395996093751,0.0
20793,82.5,70.23395996093751,0.0
20794,86.25,70.22532958984377,0.0
20795,90.0,70.22532958984377,0.0
20796,86.25,70.23395996093751,0.0
20797,90.0,70.23395996093751,0.0
20798,78.75,70.24259033203126,0.0
20799,82.5,70.24259033203126,0.0
20800,78.75,70.251220703125,0.0
20801,82.5,70.251220703125,0.0
20802,86.25,70.24259033203126,0.0
20803,90.0,70.24259033203126,0.0
20804,86.25,70.251220703125,0.0
20805,90.0,70.251220703125,0.0
20806,78.75,70.25985107421874,0.0
20807,82.5,70.25985107421874,0.0
20808,78.75,70.2684814453125,0.0
20809,82.5,70.2684814453125,0.0
20810,86.25,70.25985107421874,0.0
20811,90.0,70.25985107421874,0.0
20812,86.25,70.2684814453125,0.0
20813,90.0,70.2684814453125,0.0
20814,78.75,70.27711181640626,0.0
20815,82.5,70.27711181640626,0.0
20816,78.75,70.2857421875,0.0
20817,82.5,70.2857421875,0.0
20818,86.25,70.27711181640626,0.0
20819,90.0,70.27711181640626,0.0
20820,86.25,70.2857421875,0.0
20821,90.0,70.2857421875,0.0
20822,78.75,70.29437255859375,0.0
20823,82.5,70.29437255859375,0.0
20824,78.75,70.30300292968751,0.0
20825,82.5,70.30300292968751,0.0
20826,86.25,70.29437255859375,0.0
20827,90.0,70.29437255859375,0.0
20828,86.25,70.30300292968751,0.0
20829,90.0,70.30300292968751,0.0
20830,78.75,70.32026367187501,0.0
20831,82.5,70.32026367187501,0.0
20832,86.25,70.32026367187501,0.0
20833,90.0,70.32026367187501,0.0
20834,78.75,70.3375244140625,0.0
20835,82.5,70.3375244140625,0.0
20836,78.75,70.35478515625,0.0
20837,82.5,70.35478515625,0.0
20838,86.25,70.3375244140625,0.0
20839,90.0,70.3375244140625,0.0
20840,86.25,70.35478515625,0.0
20841,90.0,70.35478515625,0.0
20842,78.75,70.3720458984375,0.0
20843,82.5,70.3720458984375,0.0
20844,78.75,70.389306640625,0.0
20845,82.5,70.389306640625,0.0
20846,86.25,70.3720458984375,0.0
20847,90.0,70.3720458984375,0.0
20848,86.25,70.389306640625,0.0
20849,90.0,70.389306640625,0.0
20850,78.75,70.4065673828125,0.0
20851,82.5,70.4065673828125,0.0
20852,78.75,70.423828125,0.0
20853,82.5,70.423828125,0.0
20854,86.25,70.4065673828125,0.0
20855,90.0,70.4065673828125,0.0
20856,86.25,70.423828125,0.0
20857,90.0,70.423828125,0.0
20858,63.75,70.4410888671875,0.0
20859,67.5,70.4410888671875,0.0
20860,71.25,70.4410888671875,0.0
20861,75.0,70.4410888671875,0.0
20862,63.75,70.458349609375,0.0
20863,67.5,70.458349609375,0.0
20864,71.25,70.458349609375,0.0
20865,75.0,70.458349609375,0.0
20866,63.75,70.4756103515625,0.0
20867,67.5,70.4756103515625,0.0
20868,71.25,70.4756103515625,0.0
20869,75.0,70.4756103515625,0.0
20870,63.75,70.49287109375,0.0
20871,67.5,70.49287109375,0.0
20872,71.25,70.49287109375,0.0
20873,75.0,70.49287109375,0.0
20874,63.75,70.5101318359375,0.0
20875,67.5,70.5101318359375,0.0
20876,71.25,70.5101318359375,0.0
20877,75.0,70.5101318359375,0.0
20878,63.75,70.52739257812499,0.0
20879,67.5,70.52739257812499,0.0
20880,71.25,70.52739257812499,0.0
20881,75.0,70.52739257812499,0.0
20882,63.75,70.54465332031249,0.0
20883,67.5,70.54465332031249,0.0
20884,71.25,70.54465332031249,0.0
20885,75.0,70.54465332031249,0.0
20886,63.75,70.5619140625,0.0
20887,67.5,70.5619140625,0.0
20888,71.25,70.5619140625,0.0
20889,75.0,70.5619140625,0.0
20890,78.75,70.4410888671875,0.0
20891,82.5,70.4410888671875,0.0
20892,78.75,70.458349609375,0.0
20893,82.5,70.458349609375,0.0
20894,86.25,70.4410888671875,0.0
20895,90.0,70.4410888671875,0.0
20896,86.25,70.458349609375,0.0
20897,90.0,70.458349609375,0.0
20898,78.75,70.4756103515625,0.0
20899,82.5,70.4756103515625,0.0
20900,78.75,70.49287109375,0.0
20901,82.5,70.49287109375,0.0
20902,86.25,70.4756103515625,0.0
20903,90.0,70.4756103515625,0.0
20904,86.25,70.49287109375,0.0
20905,90.0,70.49287109375,0.0
20906,78.75,70.5101318359375,0.0
20907,82.5,70.5101318359375,0.0
20908,78.75,70.52739257812499,0.0
20909,82.5,70.52739257812499,0.0
20910,86.25,70.5101318359375,0.0
20911,90.0,70.5101318359375,0.0
20912,86.25,70.52739257812499,0.0
20913,90.0,70.52739257812499,0.0
20914,78.75,70.54465332031249,0.0
20915,82.5,70.54465332031249,0.0
20916,78.75,70.5619140625,0.0
20917,82.5,70.5619140625,0.0
20918,86.25,70.54465332031249,0.0
20919,90.0,70.54465332031249,0.0
20920,86.25,70.5619140625,0.0
20921,90.0,70.5619140625,0.0
20922,63.75,70.5791748046875,0.0
20923,67.5,70.5791748046875,0.0
20924,71.25,70.5791748046875,0.0
20925,75.0,70.5791748046875,0.0
20926,63.75,70.596435546875,0.0
20927,67.5,70.596435546875,0.0
20928,71.25,70.596435546875,0.0
20929,75.0,70.596435546875,0.0
20930,63.75,70.6136962890625,0.0
20931,67.5,70.6136962890625,0.0
20932,71.25,70.6136962890625,0.0
20933,75.0,70.6136962890625,0.0
20934,63.75,70.63095703125,0.0
20935,67.5,70.63095703125,0.0
20936,71.25,70.63095703125,0.0
20937,75.0,70.63095703125,0.0
20938,78.75,70.5791748046875,0.0
20939,82.5,70.5791748046875,0.0
20940,78.75,70.596435546875,0.0
20941,82.5,70.596435546875,0.0
20942,86.25,70.5791748046875,0.0
20943,90.0,70.5791748046875,0.0
20944,86.25,70.596435546875,0.0
20945,90.0,70.596435546875,0.0
20946,78.75,70.6136962890625,0.0
20947,82.5,70.6136962890625,0.0
20948,78.75,70.63095703125,0.0
20949,82.5,70.63095703125,0.0
20950,86.25,70.6136962890625,0.0
20951,90.0,70.6136962890625,0.0
20952,86.25,70.63095703125,0.0
20953,90.0,70.63095703125,0.0
20954,63.75,70.64821777343751,0.0
20955,67.5,70.64821777343751,0.0
20956,71.25,70.64821777343751,0.0
20957,75.0,70.64821777343751,0.0
20958,63.75,70.66547851562501,0.0
20959,67.5,70.66547851562501,0.0
20960,71.25,70.66547851562501,0.0
20961,75.0,70.66547851562501,0.0
20962,78.75,70.64821777343751,0.0
20963,82.5,70.64821777343751,0.0
20964,78.75,70.66547851562501,0.0
20965,82.5,70.66547851562501,0.0
20966,86.25,70.64821777343751,0.0
20967,90.0,70.64821777343751,0.0
20968,86.25,70.66547851562501,0.0
20969,90.0,70.66547851562501,0.0
20970,63.75,70.6827392578125,0.0
20971,67.5,70.6827392578125,0.0
20972,71.25,70.6827392578125,0.0
20973,75.0,70.6827392578125,0.0
20974,63.75,70.7,0.0
20975,67.5,70.7,0.0
20976,71.25,70.7,0.0
20977,75.0,70.7,0.0
20978,78.75,70.6827392578125,0.0
20979,82.5,70.6827392578125,0.0
20980,78.75,70.7,0.0
20981,82.5,70.7,0.0
20982,86.25,70.6827392578125,0.0
20983,90.0,70.6827392578125,0.0
20984,86.25,70.7,0.0
20985,90.0,70.7,0.0
20986,93.75,35.626171875,0.0
20987,93.75,35.90234375,0.0
20988,97.5,35.626171875,0.0
20989,97.5,35.90234375,0.0
20990,93.75,36.178515625,0.0
20991,93.75,36.45468750000001,0.0
20992,97.5,36.178515625,0.0
20993,97.5,36.45468750000001,0.0
20994,93.75,36.73085937500001,0.0
20995,93.75,37.00703125,0.0
20996,97.5,36.73085937500001,0.0
20997,97.5,37.00703125,0.0
20998,93.75,37.283203125,0.0
20999,93.75,37.559375,0.0
21000,97.5,37.283203125,0.0
21001,97.5,37.559375,0.0
21002,93.75,37.83554687500001,0.0
21003,93.75,38.11171875,0.0
21004,97.5,37.83554687500001,0.0
21005,97.5,38.11171875,0.0
21006,93.75,38.387890625,0.0
21007,93.75,38.6640625,0.0
21008,97.5,38.387890625,0.0
21009,97.5,38.6640625,0.0
21010,93.75,38.940234375,0.0
21011,93.75,39.21640625,0.0
21012,97.5,38.940234375,0.0
21013,97.5,39.21640625,0.0
21014,93.75,39.49257812499999,0.0
21015,93.75,39.76875,0.0
21016,97.5,39.49257812499999,0.0
21017,97.5,39.76875,0.0
21018,93.75,40.044921875,0.0
21019,93.75,40.32109375,0.0
21020,97.5,40.044921875,0.0
21021,97.5,40.32109375,0.0
21022,93.75,40.59726562499999,0.0
21023,93.75,40.87343749999999,0.0
21024,97.5,40.59726562499999,0.0
21025,97.5,40.87343749999999,0.0
21026,93.75,41.149609375,0.0
21027,93.75,41.42578125,0.0
21028,97.5,41.149609375,0.0
21029,97.5,41.42578125,0.0
21030,93.75,41.701953125,0.0
21031,93.75,41.978125,0.0
21032,97.5,41.701953125,0.0
21033,97.5,41.978125,0.0
21034,93.75,42.25429687499999,0.0
21035,93.75,42.53046875,0.0
21036,97.5,42.25429687499999,0.0
21037,97.5,42.53046875,0.0
21038,93.75,42.806640625,0.0
21039,93.75,43.0828125,0.0
21040,97.5,42.806640625,0.0
21041,97.5,43.0828125,0.0
21042,93.75,43.35898437500001,0.0
21043,93.75,43.63515625,0.0
21044,97.5,43.35898437500001,0.0
21045,97.5,43.63515625,0.0
21046,93.75,43.911328125,0.0
21047,93.75,44.1875,0.0
21048,97.5,43.911328125,0.0
21049,97.5,44.1875,0.0
21050,101.25,35.626171875,0.0
21051,101.25,35.90234375,0.0
21052,105.0,35.626171875,0.0
21053,105.0,35.90234375,0.0
21054,101.25,36.178515625,0.0
21055,101.25,36.45468750000001,0.0
21056,105.0,36.178515625,0.0
21057,105.0,36.45468750000001,0.0
21058,101.25,36.73085937500001,0.0
21059,101.25,37.00703125,0.0
21060,105.0,36.73085937500001,0.0
21061,105.0,37.00703125,0.0
21062,101.25,37.283203125,0.0
21063,101.25,37.559375,0.0
21064,105.0,37.283203125,0.0
21065,105.0,37.559375,0.0
21066,101.25,37.83554687500001,0.0
21067,101.25,38.11171875,0.0
21068,105.0,37.83554687500001,0.0
21069,105.0,38.11171875,0.0
21070,101.25,38.387890625,0.0
21071,101.25,38.6640625,0.0
21072,105.0,38.387890625,0.0
21073,105.0,38.6640625,0.0
21074,101.25,38.940234375,0.0
21075,101.25,39.21640625,0.0
21076,105.0,38.940234375,0.0
21077,105.0,39.21640625,0.0
21078,101.25,39.49257812499999,0.0
21079,101.25,39.76875,0.0
21080,105.0,39.49257812499999,0.0
21081,105.0,39.76875,0.0
21082,101.25,40.044921875,0.0
21083,101.25,40.32109375,0.0
21084,105.0,40.044921875,0.0
21085,105.0,40.32109375,0.0
21086,101.25,40.59726562499999,0.0
21087,101.25,40.87343749999999,0.0
21088,105.0,40.59726562499999,0.0
21089,105.0,40.87343749999999,0.0
21090,101.25,41.149609375,0.0
21091,101.25,41.42578125,0.0
21092,105.0,41.149609375,0.0
21093,105.0,41.42578125,0.0
21094,101.25,41.701953125,0.0
21095,101.25,41.978125,0.0
21096,105.0,41.701953125,0.0
21097,105.0,41.978125,0.0
21098,101.25,42.25429687499999,0.0
21099,101.25,42.53046875,0.0
21100,105.0,42.25429687499999,0.0
21101,105.0,42.53046875,0.0
21102,101.25,42.806640625,0.0
21103,101.25,43.0828125,0.0
21104,105.0,42.806640625,0.0
21105,105.0,43.0828125,0.0
21106,101.25,43.35898437500001,0.0
21107,101.25,43.63515625,0.0
21108,105.0,43.35898437500001,0.0
21109,105.0,43.63515625,0.0
21110,101.25,43.911328125,0.0
21111,101.25,44.1875,0.0
21112,105.0,43.911328125,0.0
21113,105.0,44.1875,0.0
21114,93.75,44.463671875,0.0
21115,93.75,44.73984375,0.0
21116,97.5,44.463671875,0.0
21117,97.5,44.73984375,0.0
21118,93.75,45.01601562499999,0.0
21119,93.75,45.2921875,0.0
21120,97.5,45.01601562499999,0.0
21121,97.5,45.2921875,0.0
21122,93.75,45.568359375,0.0
21123,93.75,45.84453125,0.0
21124,97.5,45.568359375,0.0
21125,97.5,45.84453125,0.0
21126,93.75,46.12070312500001,0.0
21127,93.75,46.396875,0.0
21128,97.5,46.12070312500001,0.0
21129,97.5,46.396875,0.0
21130,93.75,46.673046875,0.0
21131,93.75,46.94921875,0.0
21132,97.5,46.673046875,0.0
21133,97.5,46.94921875,0.0
21134,93.75,47.225390625,0.0
21135,93.75,47.50156250000001,0.0
21136,97.5,47.225390625,0.0
21137,97.5,47.50156250000001,0.0
21138,93.75,47.77773437500001,0.0
21139,93.75,48.05390625,0.0
21140,97.5,47.77773437500001,0.0
21141,97.5,48.05390625,0.0
21142,93.75,48.330078125,0.0
21143,93.75,48.60625,0.0
21144,97.5,48.330078125,0.0
21145,97.5,48.60625,0.0
21146,93.75,48.88242187500001,0.0
21147,93.75,49.15859375,0.0
21148,97.5,48.88242187500001,0.0
21149,97.5,49.15859375,0.0
21150,93.75,49.434765625,0.0
21151,93.75,49.7109375,0.0
21152,97.5,49.434765625,0.0
21153,97.5,49.7109375,0.0
21154,93.75,49.987109375,0.0
21155,93.75,50.26328125000001,0.0
21156,97.5,49.987109375,0.0
21157,97.5,50.26328125000001,0.0
21158,93.75,50.53945312500001,0.0
21159,93.75,50.815625,0.0
21160,97.5,50.53945312500001,0.0
21161,97.5,50.815625,0.0
21162,93.75,51.091796875,0.0
21163,93.75,51.36796875,0.0
21164,97.5,51.091796875,0.0
21165,97.5,51.36796875,0.0
21166,93.75,51.64414062500001,0.0
21167,93.75,51.92031250000001,0.0
21168,97.5,51.64414062500001,0.0
21169,97.5,51.92031250000001,0.0
21170,93.75,52.19648437500001,0.0
21171,93.75,52.47265625000001,0.0
21172,97.5,52.19648437500001,0.0
21173,97.5,52.47265625000001,0.0
21174,93.75,52.748828125,0.0
21175,93.75,53.02500000000001,0.0
21176,97.5,52.748828125,0.0
21177,97.5,53.02500000000001,0.0
21178,101.25,44.463671875,0.0
21179,101.25,44.73984375,0.0
21180,105.0,44.463671875,0.0
21181,105.0,44.73984375,0.0
21182,101.25,45.01601562499999,0.0
21183,101.25,45.2921875,0.0
21184,105.0,45.01601562499999,0.0
21185,105.0,45.2921875,0.0
21186,101.25,45.568359375,0.0
21187,101.25,45.84453125,0.0
21188,105.0,45.568359375,0.0
21189,105.0,45.84453125,0.0
21190,101.25,46.12070312500001,0.0
21191,101.25,46.396875,0.0
21192,105.0,46.12070312500001,0.0
21193,105.0,46.396875,0.0
21194,101.25,46.673046875,0.0
21195,101.25,46.94921875,0.0
21196,105.0,46.673046875,0.0
21197,105.0,46.94921875,0.0
21198,101.25,47.225390625,0.0
21199,101.25,47.50156250000001,0.0
21200,105.0,47.225390625,0.0
21201,105.0,47.50156250000001,0.0
21202,101.25,47.77773437500001,0.0
21203,101.25,48.05390625,0.0
21204,105.0,47.77773437500001,0.0
21205,105.0,48.05390625,0.0
21206,101.25,48.330078125,0.0
21207,101.25,48.60625,0.0
21208,105.0,48.330078125,0.0
21209,105.0,48.60625,0.0
21210,101.25,48.88242187500001,0.0
21211,101.25,49.15859375,0.0
21212,105.0,48.88242187500001,0.0
21213,105.0,49.15859375,0.0
21214,101.25,49.434765625,0.0
21215,101.25,49.7109375,0.0
21216,105.0,49.434765625,0.0
21217,105.0,49.7109375,0.0
21218,101.25,49.987109375,0.0
21219,101.25,50.26328125000001,0.0
21220,105.0,49.987109375,0.0
21221,105.0,50.26328125000001,0.0
21222,101.25,50.53945312500001,0.0
21223,101.25,50.815625,0.0
21224,105.0,50.53945312500001,0.0
21225,105.0,50.815625,0.0
21226,101.25,51.091796875,0.0
21227,101.25,51.36796875,0.0
21228,105.0,51.091796875,0.0
21229,105.0,51.36796875,0.0
21230,101.25,51.64414062500001,0.0
21231,101.25,51.92031250000001,0.0
21232,105.0,51.64414062500001,0.0
21233,105.0,51.92031250000001,0.0
21234,101.25,52.19648437500001,0.0
21235,101.25,52.47265625000001,0.0
21236,105.0,52.19648437500001,0.0
21237,105.0,52.47265625000001,0.0
21238,101.25,52.748828125,0.0
21239,101.25,53.02500000000001,0.0
21240,105.0,52.748828125,0.0
21241,105.0,53.02500000000001,0.0
21242,108.75,35.626171875,0.0
21243,108.75,35.90234375,0.0
21244,112.5,35.626171875,0.0
21245,112.5,35.90234375,0.0
21246,108.75,36.178515625,0.0
21247,108.75,36.45468750000001,0.0
21248,112.5,36.178515625,0.0
21249,112.5,36.45468750000001,0.0
21250,108.75,36.73085937500001,0.0
21251,108.75,37.00703125,0.0
21252,112.5,36.73085937500001,0.0
21253,112.5,37.00703125,0.0
21254,108.75,37.283203125,0.0
21255,108.75,37.559375,0.0
21256,112.5,37.283203125,0.0
21257,112.5,37.559375,0.0
21258,108.75,37.83554687500001,0.0
21259,108.75,38.11171875,0.0
21260,112.5,37.83554687500001,0.0
21261,112.5,38.11171875,0.0
21262,108.75,38.387890625,0.0
21263,108.75,38.6640625,0.0
21264,112.5,38.387890625,0.0
21265,112.5,38.6640625,0.0
21266,108.75,38.940234375,0.0
21267,108.75,39.21640625,0.0
21268,112.5,38.940234375,0.0
21269,112.5,39.21640625,0.0
21270,108.75,39.49257812499999,0.0
21271,108.75,39.76875,0.0
21272,112.5,39.49257812499999,0.0
21273,112.5,39.76875,0.0
21274,108.75,40.044921875,0.0
21275,108.75,40.32109375,0.0
21276,112.5,40.044921875,0.0
21277,112.5,40.32109375,0.0
21278,108.75,40.59726562499999,0.0
21279,108.75,40.87343749999999,0.0
21280,112.5,40.59726562499999,0.0
21281,112.5,40.87343749999999,0.0
21282,108.75,41.149609375,0.0
21283,108.75,41.42578125,0.0
21284,112.5,41.149609375,0.0
21285,112.5,41.42578125,0.0
21286,108.75,41.701953125,0.0
21287,108.75,41.978125,0.0
21288,112.5,41.701953125,0.0
21289,112.5,41.978125,0.0
21290,108.75,42.25429687499999,0.0
21291,108.75,42.53046875,0.0
21292,112.5,42.25429687499999,0.0
21293,112.5,42.53046875,0.0
21294,108.75,42.806640625,0.0
21295,108.75,43.0828125,0.0
21296,112.5,42.806640625,0.0
21297,112.5,43.0828125,0.0
21298,108.75,43.35898437500001,0.0
21299,108.75,43.63515625,0.0
21300,112.5,43.35898437500001,0.0
21301,112.5,43.63515625,0.0
21302,108.75,43.911328125,0.0
21303,108.75,44.1875,0.0
21304,112.5,43.911328125,0.0
21305,112.5,44.1875,0.0
21306,108.75,44.463671875,0.0
21307,108.75,44.73984375,0.0
21308,112.5,44.463671875,0.0
21309,112.5,44.73984375,0.0
21310,108.75,45.01601562499999,0.0
21311,108.75,45.2921875,0.0
21312,112.5,45.01601562499999,0.0
21313,112.5,45.2921875,0.0
21314,108.75,45.568359375,0.0
21315,108.75,45.84453125,0.0
21316,112.5,45.568359375,0.0
21317,112.5,45.84453125,0.0
21318,108.75,46.12070312500001,0.0
21319,108.75,46.396875,0.0
21320,112.5,46.12070312500001,0.0
21321,112.5,46.396875,0.0
21322,108.75,46.673046875,0.0
21323,108.75,46.94921875,0.0
21324,112.5,46.673046875,0.0
21325,112.5,46.94921875,0.0
21326,108.75,47.225390625,0.0
21327,108.75,47.50156250000001,0.0
21328,112.5,47.225390625,0.0
21329,112.5,47.50156250000001,0.0
21330,108.75,47.77773437500001,0.0
21331,108.75,48.05390625,0.0
21332,112.5,47.77773437500001,0.0
21333,112.5,48.05390625,0.0
21334,108.75,48.330078125,0.0
21335,108.75,48.60625,0.0
21336,112.5,48.330078125,0.0
21337,112.5,48.60625,0.0
21338,108.75,48.88242187500001,0.0
21339,108.75,49.15859375,0.0
21340,112.5,48.88242187500001,0.0
21341,112.5,49.15859375,0.0
21342,108.75,49.434765625,0.0
21343,108.75,49.7109375,0.0
21344,112.5,49.434765625,0.0
21345,112.5,49.7109375,0.0
21346,108.75,49.987109375,0.0
21347,108.75,50.26328125000001,0.0
21348,112.5,49.987109375,0.0
21349,112.5,50.26328125000001,0.0
21350,108.75,50.53945312500001,0.0
21351,108.75,50.815625,0.0
21352,112.5,50.53945312500001,0.0
21353,112.5,50.815625,0.0
21354,108.75,51.091796875,0.0
21355,108.75,51.36796875,0.0
21356,112.5,51.091796875,0.0
21357,112.5,51.36796875,0.0
21358,108.75,51.64414062500001,0.0
21359,108.75,51.92031250000001,0.0
21360,112.5,51.64414062500001,0.0
21361,112.5,51.92031250000001,0.0
21362,108.75,52.19648437500001,0.0
21363,108.75,52.47265625000001,0.0
21364,112.5,52.19648437500001,0.0
21365,112.5,52.47265625000001,0.0
21366,108.75,52.748828125,0.0
21367,108.75,53.02500000000001,0.0
21368,112.5,52.748828125,0.0
21369,112.5,53.02500000000001,0.0
21370,116.25,35.626171875,0.0
21371,116.25,35.90234375,0.0
21372,120.0,35.626171875,0.0
21373,120.0,35.90234375,0.0
21374,116.25,36.178515625,0.0
21375,116.25,36.45468750000001,0.0
21376,120.0,36.178515625,0.0
21377,120.0,36.45468750000001,0.0
21378,116.25,36.73085937500001,0.0
21379,116.25,37.00703125,0.0
21380,120.0,36.73085937500001,0.0
21381,120.0,37.00703125,0.0
21382,116.25,37.283203125,0.0
21383,116.25,37.559375,0.0
21384,120.0,37.283203125,0.0
21385,120.0,37.559375,0.0
21386,116.25,37.83554687500001,0.0
21387,116.25,38.11171875,0.0
21388,120.0,37.83554687500001,0.0
21389,120.0,38.11171875,0.0
21390,116.25,38.387890625,0.0
21391,116.25,38.6640625,0.0
21392,120.0,38.387890625,0.0
21393,120.0,38.6640625,0.0
21394,116.25,38.940234375,0.0
21395,116.25,39.21640625,0.0
21396,120.0,38.940234375,0.0
21397,120.0,39.21640625,0.0
21398,116.25,39.49257812499999,0.0
21399,116.25,39.76875,0.0
21400,120.0,39.49257812499999,0.0
21401,120.0,39.76875,0.0
21402,116.25,40.044921875,0.0
21403,116.25,40.32109375,0.0
21404,120.0,40.044921875,0.0
21405,120.0,40.32109375,0.0
21406,116.25,40.59726562499999,0.0
21407,116.25,40.87343749999999,0.0
21408,120.0,40.59726562499999,0.0
21409,120.0,40.87343749999999,0.0
21410,116.25,41.149609375,0.0
21411,116.25,41.42578125,0.0
21412,120.0,41.149609375,0.0
21413,120.0,41.42578125,0.0
21414,116.25,41.701953125,0.0
21415,116.25,41.978125,0.0
21416,120.0,41.701953125,0.0
21417,120.0,41.978125,0.0
21418,116.25,42.25429687499999,0.0
21419,116.25,42.53046875,0.0
21420,120.0,42.25429687499999,0.0
21421,120.0,42.53046875,0.0
21422,116.25,42.806640625,0.0
21423,116.25,43.0828125,0.0
21424,120.0,42.806640625,0.0
21425,120.0,43.0828125,0.0
21426,116.25,43.35898437500001,0.0
21427,116.25,43.63515625,0.0
21428,120.0,43.35898437500001,0.0
21429,120.0,43.63515625,0.0
21430,116.25,43.911328125,0.0
21431,116.25,44.1875,0.0
21432,120.0,43.911328125,0.0
21433,120.0,44.1875,0.0
21434,116.25,44.463671875,0.0
21435,116.25,44.73984375,0.0
21436,120.0,44.463671875,0.0
21437,120.0,44.73984375,0.0
21438,116.25,45.01601562499999,0.0
21439,116.25,45.2921875,0.0
21440,120.0,45.01601562499999,0.0
21441,120.0,45.2921875,0.0
21442,116.25,45.568359375,0.0
21443,116.25,45.84453125,0.0
21444,120.0,45.568359375,0.0
21445,120.0,45.84453125,0.0
21446,116.25,46.12070312500001,0.0
21447,116.25,46.396875,0.0
21448,120.0,46.12070312500001,0.0
21449,120.0,46.396875,0.0
21450,116.25,46.673046875,0.0
21451,116.25,46.94921875,0.0
21452,120.0,46.673046875,0.0
21453,120.0,46.94921875,0.0
21454,116.25,47.225390625,0.0
21455,116.25,47.50156250000001,0.0
21456,120.0,47.225390625,0.0
21457,120.0,47.50156250000001,0.0
21458,116.25,47.77773437500001,0.0
21459,116.25,48.05390625,0.0
21460,120.0,47.77773437500001,0.0
21461,120.0,48.05390625,0.0
21462,116.25,48.330078125,0.0
21463,116.25,48.60625,0.0
21464,120.0,48.330078125,0.0
21465,120.0,48.60625,0.0
21466,116.25,48.88242187500001,0.0
21467,116.25,49.15859375,0.0
21468,120.0,48.88242187500001,0.0
21469,120.0,49.15859375,0.0
21470,116.25,49.434765625,0.0
21471,116.25,49.7109375,0.0
21472,120.0,49.434765625,0.0
21473,120.0,49.7109375,0.0
21474,116.25,49.987109375,0.0
21475,116.25,50.26328125000001,0.0
21476,120.0,49.987109375,0.0
21477,120.0,50.26328125000001,0.0
21478,116.25,50.53945312500001,0.0
21479,116.25,50.815625,0.0
21480,120.0,50.53945312500001,0.0
21481,120.0,50.815625,0.0
21482,116.25,51.091796875,0.0
21483,116.25,51.36796875,0.0
21484,120.0,51.091796875,0.0
21485,120.0,51.36796875,0.0
21486,116.25,51.64414062500001,0.0
21487,116.25,51.92031250000001,0.0
21488,120.0,51.64414062500001,0.0
21489,120.0,51.92031250000001,0.0
21490,116.25,52.19648437500001,0.0
21491,116.25,52.47265625000001,0.0
21492,120.0,52.19648437500001,0.0
21493,120.0,52.47265625000001,0.0
21494,116.25,52.748828125,0.0
21495,116.25,53.02500000000001,0.0
21496,120.0,52.748828125,0.0
21497,120.0,53.02500000000001,0.0
21498,93.75,53.30117187500001,0.0
21499,93.75,53.57734375,0.0
21500,97.5,53.30117187500001,0.0
21501,97.5,53.57734375,0.0
21502,93.75,53.853515625,0.0
21503,93.75,54.1296875,0.0
21504,97.5,53.853515625,0.0
21505,97.5,54.1296875,0.0
21506,93.75,54.40585937500001,0.0
21507,93.75,54.68203125000001,0.0
21508,97.5,54.40585937500001,0.0
21509,97.5,54.68203125000001,0.0
21510,93.75,54.95820312500001,0.0
21511,93.75,55.23437500000001,0.0
21512,97.5,54.95820312500001,0.0
21513,97.5,55.23437500000001,0.0
21514,93.75,55.510546875,0.0
21515,93.75,55.78671875000001,0.0
21516,97.5,55.510546875,0.0
21517,97.5,55.78671875000001,0.0
21518,93.75,56.06289062500001,0.0
21519,93.75,56.33906250000001,0.0
21520,97.5,56.06289062500001,0.0
21521,97.5,56.33906250000001,0.0
21522,93.75,56.61523437500001,0.0
21523,93.75,56.89140625000001,0.0
21524,97.5,56.61523437500001,0.0
21525,97.5,56.89140625000001,0.0
21526,93.75,57.16757812500001,0.0
21527,93.75,57.44375000000001,0.0
21528,97.5,57.16757812500001,0.0
21529,97.5,57.44375000000001,0.0
21530,93.75,57.71992187500001,0.0
21531,93.75,57.99609375000001,0.0
21532,97.5,57.71992187500001,0.0
21533,97.5,57.99609375000001,0.0
21534,93.75,58.272265625,0.0
21535,93.75,58.54843750000001,0.0
21536,97.5,58.272265625,0.0
21537,97.5,58.54843750000001,0.0
21538,93.75,58.82460937500001,0.0
21539,93.75,59.10078125,0.0
21540,97.5,58.82460937500001,0.0
21541,97.5,59.10078125,0.0
21542,93.75,59.376953125,0.0
21543,93.75,59.653125,0.0
21544,97.5,59.376953125,0.0
21545,97.5,59.653125,0.0
21546,93.75,59.92929687500001,0.0
21547,93.75,60.20546875,0.0
21548,97.5,59.92929687500001,0.0
21549,97.5,60.20546875,0.0
21550,93.75,60.481640625,0.0
21551,93.75,60.7578125,0.0
21552,97.5,60.481640625,0.0
21553,97.5,60.7578125,0.0
21554,93.75,61.033984375,0.0
21555,93.75,61.31015625000001,0.0
21556,97.5,61.033984375,0.0
21557,97.5,61.31015625000001,0.0
21558,93.75,61.58632812500001,0.0
21559,93.75,61.8625,0.0
21560,97.5,61.58632812500001,0.0
21561,97.5,61.8625,0.0
21562,101.25,53.30117187500001,0.0
21563,101.25,53.57734375,0.0
21564,105.0,53.30117187500001,0.0
21565,105.0,53.57734375,0.0
21566,101.25,53.853515625,0.0
21567,101.25,54.1296875,0.0
21568,105.0,53.853515625,0.0
21569,105.0,54.1296875,0.0
21570,101.25,54.40585937500001,0.0
21571,101.25,54.68203125000001,0.0
21572,105.0,54.40585937500001,0.0
21573,105.0,54.68203125000001,0.0
21574,101.25,54.95820312500001,0.0
21575,101.25,55.23437500000001,0.0
21576,105.0,54.95820312500001,0.0
21577,105.0,55.23437500000001,0.0
21578,101.25,55.510546875,0.0
21579,101.25,55.78671875000001,0.0
21580,105.0,55.510546875,0.0
21581,105.0,55.78671875000001,0.0
21582,101.25,56.06289062500001,0.0
21583,101.25,56.33906250000001,0.0
21584,105.0,56.06289062500001,0.0
21585,105.0,56.33906250000001,0.0
21586,101.25,56.61523437500001,0.0
21587,101.25,56.89140625000001,0.0
21588,105.0,56.61523437500001,0.0
21589,105.0,56.89140625000001,0.0
21590,101.25,57.16757812500001,0.0
21591,101.25,57.44375000000001,0.0
21592,105.0,57.16757812500001,0.0
21593,105.0,57.44375000000001,0.0
21594,101.25,57.71992187500001,0.0
21595,101.25,57.99609375000001,0.0
21596,105.0,57.71992187500001,0.0
21597,105.0,57.99609375000001,0.0
21598,101.25,58.272265625,0.0
21599,101.25,58.54843750000001,0.0
21600,105.0,58.272265625,0.0
21601,105.0,58.54843750000001,0.0
21602,101.25,58.82460937500001,0.0
21603,101.25,59.10078125,0.0
21604,105.0,58.82460937500001,0.0
21605,105.0,59.10078125,0.0
21606,101.25,59.376953125,0.0
21607,101.25,59.653125,0.0
21608,105.0,59.376953125,0.0
21609,105.0,59.653125,0.0
21610,101.25,59.92929687500001,0.0
21611,101.25,60.20546875,0.0
21612,105.0,59.92929687500001,0.0
21613,105.0,60.20546875,0.0
21614,101.25,60.481640625,0.0
21615,101.25,60.7578125,0.0
21616,105.0,60.481640625,0.0
21617,105.0,60.7578125,0.0
21618,101.25,61.033984375,0.0
21619,101.25,61.31015625000001,0.0
21620,105.0,61.033984375,0.0
21621,105.0,61.31015625000001,0.0
21622,101.25,61.58632812500001,0.0
21623,101.25,61.8625,0.0
21624,105.0,61.58632812500001,0.0
21625,105.0,61.8625,0.0
21626,93.75,62.138671875,0.0
21627,93.75,62.41484375,0.0
21628,97.5,62.138671875,0.0
21629,97.5,62.41484375,0.0
21630,93.75,62.69101562500001,0.0
21631,93.75,62.96718750000001,0.0
21632,97.5,62.69101562500001,0.0
21633,97.5,62.96718750000001,0.0
21634,93.75,63.24335937500001,0.0
21635,93.75,63.51953125000001,0.0
21636,97.5,63.24335937500001,0.0
21637,97.5,63.51953125000001,0.0
21638,93.75,63.795703125,0.0
21639,93.75,64.071875,0.0
21640,97.5,63.795703125,0.0
21641,97.5,64.071875,0.0
21642,93.75,64.34804687500001,0.0
21643,93.75,64.62421875000001,0.0
21644,97.5,64.34804687500001,0.0
21645,97.5,64.62421875000001,0.0
21646,93.75,64.900390625,0.0
21647,93.75,65.1765625,0.0
21648,97.5,64.900390625,0.0
21649,97.5,65.1765625,0.0
21650,93.75,65.452734375,0.0
21651,93.75,65.72890625,0.0
21652,97.5,65.452734375,0.0
21653,97.5,65.72890625,0.0
21654,93.75,66.005078125,0.0
21655,93.75,66.28125,0.0
21656,97.5,66.005078125,0.0
21657,97.5,66.28125,0.0
21658,101.25,62.138671875,0.0
21659,101.25,62.41484375,0.0
21660,105.0,62.138671875,0.0
21661,105.0,62.41484375,0.0
21662,101.25,62.69101562500001,0.0
21663,101.25,62.96718750000001,0.0
21664,105.0,62.69101562500001,0.0
21665,105.0,62.96718750000001,0.0
21666,101.25,63.24335937500001,0.0
21667,101.25,63.51953125000001,0.0
21668,105.0,63.24335937500001,0.0
21669,105.0,63.51953125000001,0.0
21670,101.25,63.795703125,0.0
21671,101.25,64.071875,0.0
21672,105.0,63.795703125,0.0
21673,105.0,64.071875,0.0
21674,101.25,64.34804687500001,0.0
21675,101.25,64.62421875000001,0.0
21676,105.0,64.34804687500001,0.0
21677,105.0,64.62421875000001,0.0
21678,101.25,64.900390625,0.0
21679,101.25,65.1765625,0.0
21680,105.0,64.900390625,0.0
21681,105.0,65.1765625,0.0
21682,101.25,65.452734375,0.0
21683,101.25,65.72890625,0.0
21684,105.0,65.452734375,0.0
21685,105.0,65.72890625,0.0
21686,101.25,66.005078125,0.0
21687,101.25,66.28125,0.0
21688,105.0,66.005078125,0.0
21689,105.0,66.28125,0.0
21690,93.75,66.557421875,0.0
21691,93.75,66.83359375,0.0
21692,97.5,66.557421875,0.0
21693,97.5,66.83359375,0.0
21694,93.75,67.109765625,0.0
21695,93.75,67.3859375,0.0
21696,97.5,67.109765625,0.0
21697,97.5,67.3859375,0.0
21698,93.75,67.662109375,0.0
21699,93.75,67.93828124999999,0.0
21700,97.5,67.662109375,0.0
21701,97.5,67.93828124999999,0.0
21702,93.75,68.21445312499999,0.0
21703,93.75,68.490625,0.0
21704,97.5,68.21445312499999,0.0
21705,97.5,68.490625,0.0
21706,101.25,66.557421875,0.0
21707,101.25,66.83359375,0.0
21708,105.0,66.557421875,0.0
21709,105.0,66.83359375,0.0
21710,101.25,67.109765625,0.0
21711,101.25,67.3859375,0.0
21712,105.0,67.109765625,0.0
21713,105.0,67.3859375,0.0
21714,101.25,67.662109375,0.0
21715,101.25,67.93828124999999,0.0
21716,105.0,67.662109375,0.0
21717,105.0,67.93828124999999,0.0
21718,101.25,68.21445312499999,0.0
21719,101.25,68.490625,0.0
21720,105.0,68.21445312499999,0.0
21721,105.0,68.490625,0.0
21722,93.75,68.766796875,0.0
21723,93.75,69.04296875,0.0
21724,97.5,68.766796875,0.0
21725,97.5,69.04296875,0.0
21726,93.75,69.319140625,0.0
21727,97.5,69.319140625,0.0
21728,93.75,69.5953125,0.0
21729,97.5,69.5953125,0.0
21730,101.25,68.766796875,0.0
21731,101.25,69.04296875,0.0
21732,105.0,68.766796875,0.0
21733,105.0,69.04296875,0.0
21734,101.25,69.319140625,0.0
21735,105.0,69.319140625,0.0
21736,101.25,69.5953125,0.0
21737,105.0,69.5953125,0.0
21738,93.75,69.7333984375,0.0
21739,97.5,69.7333984375,0.0
21740,93.75,69.87148437500001,0.0
21741,97.5,69.87148437500001,0.0
21742,93.75,69.94052734375,0.0
21743,97.5,69.94052734375,0.0
21744,93.75,70.00957031250002,0.0
21745,97.5,70.00957031250002,0.0
21746,93.75,70.04409179687502,0.0
21747,97.5,70.04409179687502,0.0
21748,93.75,70.07861328125001,0.0
21749,97.5,70.07861328125001,0.0
21750,93.75,70.09587402343752,0.0
21751,97.5,70.09587402343752,0.0
21752,93.75,70.10450439453126,0.0
21753,93.75,70.113134765625,0.0
21754,97.5,70.10450439453126,0.0
21755,97.5,70.113134765625,0.0
21756,93.75,70.12176513671875,0.0
21757,93.75,70.13039550781251,0.0
21758,97.5,70.12176513671875,0.0
21759,97.5,70.13039550781251,0.0
21760,93.75,70.13902587890627,0.0
21761,93.75,70.14765625000001,0.0
21762,97.5,70.13902587890627,0.0
21763,97.5,70.14765625000001,0.0
21764,101.25,69.7333984375,0.0
21765,105.0,69.7333984375,0.0
21766,101.25,69.87148437500001,0.0
21767,105.0,69.87148437500001,0.0
21768,101.25,69.94052734375,0.0
21769,105.0,69.94052734375,0.0
21770,101.25,70.00957031250002,0.0
21771,105.0,70.00957031250002,0.0
21772,101.25,70.04409179687502,0.0
21773,105.0,70.04409179687502,0.0
21774,101.25,70.07861328125001,0.0
21775,105.0,70.07861328125001,0.0
21776,101.25,70.09587402343752,0.0
21777,105.0,70.09587402343752,0.0
21778,101.25,70.10450439453126,0.0
21779,101.25,70.113134765625,0.0
21780,105.0,70.10450439453126,0.0
21781,105.0,70.113134765625,0.0
21782,101.25,70.12176513671875,0.0
21783,101.25,70.13039550781251,0.0
21784,105.0,70.12176513671875,0.0
21785,105.0,70.13039550781251,0.0
21786,101.25,70.13902587890627,0.0
21787,101.25,70.14765625000001,0.0
21788,105.0,70.13902587890627,0.0
21789,105.0,70.14765625000001,0.0
21790,93.75,70.15628662109376,0.0
21791,93.75,70.16491699218751,0.0
21792,97.5,70.15628662109376,0.0
21793,97.5,70.16491699218751,0.0
21794,93.75,70.17354736328127,0.0
21795,93.75,70.18217773437502,0.0
21796,97.5,70.17354736328127,0.0
21797,97.5,70.18217773437502,0.0
21798,101.25,70.15628662109376,0.0
21799,101.25,70.16491699218751,0.0
21800,105.0,70.15628662109376,0.0
21801,105.0,70.16491699218751,0.0
21802,101.25,70.17354736328127,0.0
21803,101.25,70.18217773437502,0.0
21804,105.0,70.17354736328127,0.0
21805,105.0,70.18217773437502,0.0
21806,93.75,70.19080810546876,0.0
21807,93.75,70.1994384765625,0.0
21808,97.5,70.19080810546876,0.0
21809,97.5,70.1994384765625,0.0
21810,101.25,70.19080810546876,0.0
21811,101.25,70.1994384765625,0.0
21812,105.0,70.19080810546876,0.0
21813,105.0,70.1994384765625,0.0
21814,93.75,70.2,0.0
21815,93.75,70.20806884765625,0.0
21816,93.75,70.21669921875001,0.0
21817,97.5,70.2,0.0
21818,97.5,70.20806884765625,0.0
21819,97.5,70.21669921875001,0.0
21820,101.25,70.2,0.0
21821,101.25,70.20806884765625,0.0
21822,101.25,70.21669921875001,0.0
21823,105.0,70.2,0.0
21824,105.0,70.20806884765625,0.0
21825,105.0,70.21669921875001,0.0
21826,93.75,70.22532958984377,0.0
21827,97.5,70.22532958984377,0.0
21828,93.75,70.23395996093751,0.0
21829,97.5,70.23395996093751,0.0
21830,101.25,70.22532958984377,0.0
21831,105.0,70.22532958984377,0.0
21832,101.25,70.23395996093751,0.0
21833,105.0,70.23395996093751,0.0
21834,93.75,70.24259033203126,0.0
21835,97.5,70.24259033203126,0.0
21836,93.75,70.251220703125,0.0
21837,97.5,70.251220703125,0.0
21838,101.25,70.24259033203126,0.0
21839,105.0,70.24259033203126,0.0
21840,101.25,70.251220703125,0.0
21841,105.0,70.251220703125,0.0
21842,93.75,70.25985107421874,0.0
21843,97.5,70.25985107421874,0.0
21844,93.75,70.2684814453125,0.0
21845,97.5,70.2684814453125,0.0
21846,101.25,70.25985107421874,0.0
21847,105.0,70.25985107421874,0.0
21848,101.25,70.2684814453125,0.0
21849,105.0,70.2684814453125,0.0
21850,93.75,70.27711181640626,0.0
21851,97.5,70.27711181640626,0.0
21852,93.75,70.2857421875,0.0
21853,97.5,70.2857421875,0.0
21854,101.25,70.27711181640626,0.0
21855,105.0,70.27711181640626,0.0
21856,101.25,70.2857421875,0.0
21857,105.0,70.2857421875,0.0
21858,93.75,70.29437255859375,0.0
21859,97.5,70.29437255859375,0.0
21860,93.75,70.30300292968751,0.0
21861,97.5,70.30300292968751,0.0
21862,101.25,70.29437255859375,0.0
21863,105.0,70.29437255859375,0.0
21864,101.25,70.30300292968751,0.0
21865,105.0,70.30300292968751,0.0
21866,93.75,70.32026367187501,0.0
21867,97.5,70.32026367187501,0.0
21868,101.25,70.32026367187501,0.0
21869,105.0,70.32026367187501,0.0
21870,93.75,70.3375244140625,0.0
21871,97.5,70.3375244140625,0.0
21872,93.75,70.35478515625,0.0
21873,97.5,70.35478515625,0.0
21874,101.25,70.3375244140625,0.0
21875,105.0,70.3375244140625,0.0
21876,101.25,70.35478515625,0.0
21877,105.0,70.35478515625,0.0
21878,93.75,70.3720458984375,0.0
21879,97.5,70.3720458984375,0.0
21880,93.75,70.389306640625,0.0
21881,97.5,70.389306640625,0.0
21882,101.25,70.3720458984375,0.0
21883,105.0,70.3720458984375,0.0
21884,101.25,70.389306640625,0.0
21885,105.0,70.389306640625,0.0
21886,93.75,70.4065673828125,0.0
21887,97.5,70.4065673828125,0.0
21888,93.75,70.423828125,0.0
21889,97.5,70.423828125,0.0
21890,101.25,70.4065673828125,0.0
21891,105.0,70.4065673828125,0.0
21892,101.25,70.423828125,0.0
21893,105.0,70.423828125,0.0
21894,93.75,70.4410888671875,0.0
21895,97.5,70.4410888671875,0.0
21896,93.75,70.458349609375,0.0
21897,97.5,70.458349609375,0.0
21898,101.25,70.4410888671875,0.0
21899,105.0,70.4410888671875,0.0
21900,101.25,70.458349609375,0.0
21901,105.0,70.458349609375,0.0
21902,93.75,70.4756103515625,0.0
21903,97.5,70.4756103515625,0.0
21904,93.75,70.49287109375,0.0
21905,97.5,70.49287109375,0.0
21906,101.25,70.4756103515625,0.0
21907,105.0,70.4756103515625,0.0
21908,101.25,70.49287109375,0.0
21909,105.0,70.49287109375,0.0
21910,93.75,70.5101318359375,0.0
21911,97.5,70.5101318359375,0.0
21912,93.75,70.52739257812499,0.0
21913,97.5,70.52739257812499,0.0
21914,101.25,70.5101318359375,0.0
21915,105.0,70.5101318359375,0.0
21916,101.25,70.52739257812499,0.0
21917,105.0,70.52739257812499,0.0
21918,93.75,70.54465332031249,0.0
21919,97.5,70.54465332031249,0.0
21920,93.75,70.5619140625,0.0
21921,97.5,70.5619140625,0.0
21922,101.25,70.54465332031249,0.0
21923,105.0,70.54465332031249,0.0
21924,101.25,70.5619140625,0.0
21925,105.0,70.5619140625,0.0
21926,93.75,70.5791748046875,0.0
21927,97.5,70.5791748046875,0.0
21928,93.75,70.596435546875,0.0
21929,97.5,70.596435546875,0.0
21930,101.25,70.5791748046875,0.0
21931,105.0,70.5791748046875,0.0
21932,101.25,70.596435546875,0.0
21933,105.0,70.596435546875,0.0
21934,93.75,70.6136962890625,0.0
21935,97.5,70.6136962890625,0.0
21936,93.75,70.63095703125,0.0
21937,97.5,70.63095703125,0.0
21938,101.25,70.6136962890625,0.0
21939,105.0,70.6136962890625,0.0
21940,101.25,70.63095703125,0.0
21941,105.0,70.63095703125,0.0
21942,93.75,70.64821777343751,0.0
21943,97.5,70.64821777343751,0.0
21944,93.75,70.66547851562501,0.0
21945,97.5,70.66547851562501,0.0
21946,101.25,70.64821777343751,0.0
21947,105.0,70.64821777343751,0.0
21948,101.25,70.66547851562501,0.0
21949,105.0,70.66547851562501,0.0
21950,93.75,70.6827392578125,0.0
21951,97.5,70.6827392578125,0.0
21952,93.75,70.7,0.0
21953,97.5,70.7,0.0
21954,101.25,70.6827392578125,0.0
21955,105.0,70.6827392578125,0.0
21956,101.25,70.7,0.0
21957,105.0,70.7,0.0
21958,108.75,53.30117187500001,0.0
21959,108.75,53.57734375,0.0
21960,112.5,53.30117187500001,0.0
21961,112.5,53.57734375,0.0
21962,108.75,53.853515625,0.0
21963,108.75,54.1296875,0.0
21964,112.5,53.853515625,0.0
21965,112.5,54.1296875,0.0
21966,108.75,54.40585937500001,0.0
21967,108.75,54.68203125000001,0.0
21968,112.5,54.40585937500001,0.0
21969,112.5,54.68203125000001,0.0
21970,108.75,54.95820312500001,0.0
21971,108.75,55.23437500000001,0.0
21972,112.5,54.95820312500001,0.0
21973,112.5,55.23437500000001,0.0
21974,108.75,55.510546875,0.0
21975,108.75,55.78671875000001,0.0
21976,112.5,55.510546875,0.0
21977,112.5,55.78671875000001,0.0
21978,108.75,56.06289062500001,0.0
21979,108.75,56.33906250000001,0.0
21980,112.5,56.06289062500001,0.0
21981,112.5,56.33906250000001,0.0
21982,108.75,56.61523437500001,0.0
21983,108.75,56.89140625000001,0.0
21984,112.5,56.61523437500001,0.0
21985,112.5,56.89140625000001,0.0
21986,108.75,57.16757812500001,0.0
21987,108.75,57.44375000000001,0.0
21988,112.5,57.16757812500001,0.0
21989,112.5,57.44375000000001,0.0
21990,108.75,57.71992187500001,0.0
21991,108.75,57.99609375000001,0.0
21992,112.5,57.71992187500001,0.0
21993,112.5,57.99609375000001,0.0
21994,108.75,58.272265625,0.0
21995,108.75,58.54843750000001,0.0
21996,112.5,58.272265625,0.0
21997,112.5,58.54843750000001,0.0
21998,108.75,58.82460937500001,0.0
21999,108.75,59.10078125,0.0
22000,112.5,58.82460937500001,0.0
22001,112.5,59.10078125,0.0
22002,108.75,59.376953125,0.0
22003,108.75,59.653125,0.0
22004,112.5,59.376953125,0.0
22005,112.5,59.653125,0.0
22006,108.75,59.92929687500001,0.0
22007,108.75,60.20546875,0.0
22008,112.5,59.92929687500001,0.0
22009,112.5,60.20546875,0.0
22010,108.75,60.481640625,0.0
22011,108.75,60.7578125,0.0
22012,112.5,60.481640625,0.0
22013,112.5,60.7578125,0.0
22014,108.75,61.033984375,0.0
22015,108.75,61.31015625000001,0.0
22016,112.5,61.033984375,0.0
22017,112.5,61.31015625000001,0.0
22018,108.75,61.58632812500001,0.0
22019,108.75,61.8625,0.0
22020,112.5,61.58632812500001,0.0
22021,112.5,61.8625,0.0
22022,116.25,53.30117187500001,0.0
22023,116.25,53.57734375,0.0
22024,120.0,53.30117187500001,0.0
22025,120.0,53.57734375,0.0
22026,116.25,53.853515625,0.0
22027,116.25,54.1296875,0.0
22028,120.0,53.853515625,0.0
22029,120.0,54.1296875,0.0
22030,116.25,54.40585937500001,0.0
22031,116.25,54.68203125000001,0.0
22032,120.0,54.40585937500001,0.0
22033,120.0,54.68203125000001,0.0
22034,116.25,54.95820312500001,0.0
22035,116.25,55.23437500000001,0.0
22036,120.0,54.95820312500001,0.0
22037,120.0,55.23437500000001,0.0
22038,116.25,55.510546875,0.0
22039,116.25,55.78671875000001,0.0
22040,120.0,55.510546875,0.0
22041,120.0,55.78671875000001,0.0
22042,116.25,56.06289062500001,0.0
22043,116.25,56.33906250000001,0.0
22044,120.0,56.06289062500001,0.0
22045,120.0,56.33906250000001,0.0
22046,116.25,56.61523437500001,0.0
22047,116.25,56.89140625000001,0.0
22048,120.0,56.61523437500001,0.0
22049,120.0,56.89140625000001,0.0
22050,116.25,57.16757812500001,0.0
22051,116.25,57.44375000000001,0.0
22052,120.0,57.16757812500001,0.0
22053,120.0,57.44375000000001,0.0
22054,116.25,57.71992187500001,0.0
22055,116.25,57.99609375000001,0.0
22056,120.0,57.71992187500001,0.0
22057,120.0,57.99609375000001,0.0
22058,116.25,58.272265625,0.0
22059,116.25,58.54843750000001,0.0
22060,120.0,58.272265625,0.0
22061,120.0,58.54843750000001,0.0
22062,116.25,58.82460937500001,0.0
22063,116.25,59.10078125,0.0
22064,120.0,58.82460937500001,0.0
22065,120.0,59.10078125,0.0
22066,116.25,59.376953125,0.0
22067,116.25,59.653125,0.0
22068,120.0,59.376953125,0.0
22069,120.0,59.653125,0.0
22070,116.25,59.92929687500001,0.0
22071,116.25,60.20546875,0.0
22072,120.0,59.92929687500001,0.0
22073,120.0,60.20546875,0.0
22074,116.25,60.481640625,0.0
22075,116.25,60.7578125,0.0
22076,120.0,60.481640625,0.0
22077,120.0,60.7578125,0.0
22078,116.25,61.033984375,0.0
22079,116.25,61.31015625000001,0.0
22080,120.0,61.033984375,0.0
22081,120.0,61.31015625000001,0.0
22082,116.25,61.58632812500001,0.0
22083,116.25,61.8625,0.0
22084,120.0,61.58632812500001,0.0
22085,120.0,61.8625,0.0
22086,108.75,62.138671875,0.0
22087,108.75,62.41484375,0.0
22088,112.5,62.138671875,0.0
22089,112.5,62.41484375,0.0
22090,108.75,62.69101562500001,0.0
22091,108.75,62.96718750000001,0.0
22092,112.5,62.69101562500001,0.0
22093,112.5,62.96718750000001,0.0
22094,108.75,63.24335937500001,0.0
22095,108.75,63.51953125000001,0.0
22096,112.5,63.24335937500001,0.0
22097,112.5,63.51953125000001,0.0
22098,108.75,63.795703125,0.0
22099,108.75,64.071875,0.0
22100,112.5,63.795703125,0.0
22101,112.5,64.071875,0.0
22102,108.75,64.34804687500001,0.0
22103,108.75,64.62421875000001,0.0
22104,112.5,64.34804687500001,0.0
22105,112.5,64.62421875000001,0.0
22106,108.75,64.900390625,0.0
22107,108.75,65.1765625,0.0
22108,112.5,64.900390625,0.0
22109,112.5,65.1765625,0.0
22110,108.75,65.452734375,0.0
22111,108.75,65.72890625,0.0
22112,112.5,65.452734375,0.0
22113,112.5,65.72890625,0.0
22114,108.75,66.005078125,0.0
22115,108.75,66.28125,0.0
22116,112.5,66.005078125,0.0
22117,112.5,66.28125,0.0
22118,108.75,66.557421875,0.0
22119,108.75,66.83359375,0.0
22120,112.5,66.557421875,0.0
22121,112.5,66.83359375,0.0
22122,108.75,67.109765625,0.0
22123,108.75,67.3859375,0.0
22124,112.5,67.109765625,0.0
22125,112.5,67.3859375,0.0
22126,108.75,67.662109375,0.0
22127,108.75,67.93828124999999,0.0
22128,112.5,67.662109375,0.0
22129,112.5,67.93828124999999,0.0
22130,108.75,68.21445312499999,0.0
22131,108.75,68.490625,0.0
22132,112.5,68.21445312499999,0.0
22133,112.5,68.490625,0.0
22134,108.75,68.766796875,0.0
22135,108.75,69.04296875,0.0
22136,112.5,68.766796875,0.0
22137,112.5,69.04296875,0.0
22138,108.75,69.319140625,0.0
22139,112.5,69.319140625,0.0
22140,108.75,69.5953125,0.0
22141,112.5,69.5953125,0.0
22142,108.75,69.7333984375,0.0
22143,112.5,69.7333984375,0.0
22144,108.75,69.87148437500001,0.0
22145,112.5,69.87148437500001,0.0
22146,108.75,69.94052734375,0.0
22147,112.5,69.94052734375,0.0
22148,108.75,70.00957031250002,0.0
22149,112.5,70.00957031250002,0.0
22150,108.75,70.04409179687502,0.0
22151,112.5,70.04409179687502,0.0
22152,108.75,70.07861328125001,0.0
22153,112.5,70.07861328125001,0.0
22154,108.75,70.09587402343752,0.0
22155,112.5,70.09587402343752,0.0
22156,108.75,70.10450439453126,0.0
22157,108.75,70.113134765625,0.0
22158,112.5,70.10450439453126,0.0
22159,112.5,70.113134765625,0.0
22160,108.75,70.12176513671875,0.0
22161,108.75,70.13039550781251,0.0
22162,112.5,70.12176513671875,0.0
22163,112.5,70.13039550781251,0.0
22164,108.75,70.13902587890627,0.0
22165,108.75,70.14765625000001,0.0
22166,112.5,70.13902587890627,0.0
22167,112.5,70.14765625000001,0.0
22168,108.75,70.15628662109376,0.0
22169,108.75,70.16491699218751,0.0
22170,112.5,70.15628662109376,0.0
22171,112.5,70.16491699218751,0.0
22172,108.75,70.17354736328127,0.0
22173,108.75,70.18217773437502,0.0
22174,112.5,70.17354736328127,0.0
22175,112.5,70.18217773437502,0.0
22176,108.75,70.19080810546876,0.0
22177,108.75,70.1994384765625,0.0
22178,112.5,70.19080810546876,0.0
22179,112.5,70.1994384765625,0.0
22180,108.75,70.2,0.0
22181,108.75,70.20806884765625,0.0
22182,108.75,70.21669921875001,0.0
22183,112.5,70.2,0.0
22184,112.5,70.20806884765625,0.0
22185,112.5,70.21669921875001,0.0
22186,108.75,70.22532958984377,0.0
22187,112.5,70.22532958984377,0.0
22188,108.75,70.23395996093751,0.0
22189,112.5,70.23395996093751,0.0
22190,108.75,70.24259033203126,0.0
22191,112.5,70.24259033203126,0.0
22192,108.75,70.251220703125,0.0
22193,112.5,70.251220703125,0.0
22194,108.75,70.25985107421874,0.0
22195,112.5,70.25985107421874,0.0
22196,108.75,70.2684814453125,0.0
22197,112.5,70.2684814453125,0.0
22198,108.75,70.27711181640626,0.0
22199,112.5,70.27711181640626,0.0
22200,108.75,70.2857421875,0.0
22201,112.5,70.2857421875,0.0
22202,108.75,70.29437255859375,0.0
22203,112.5,70.29437255859375,0.0
22204,108.75,70.30300292968751,0.0
22205,112.5,70.30300292968751,0.0
22206,108.75,70.32026367187501,0.0
22207,112.5,70.32026367187501,0.0
22208,108.75,70.3375244140625,0.0
22209,112.5,70.3375244140625,0.0
22210,108.75,70.35478515625,0.0
22211,112.5,70.35478515625,0.0
22212,108.75,70.3720458984375,0.0
22213,112.5,70.3720458984375,0.0
22214,108.75,70.389306640625,0.0
22215,112.5,70.389306640625,0.0
22216,108.75,70.4065673828125,0.0
22217,112.5,70.4065673828125,0.0
22218,108.75,70.423828125,0.0
22219,112.5,70.423828125,0.0
22220,108.75,70.4410888671875,0.0
22221,112.5,70.4410888671875,0.0
22222,108.75,70.458349609375,0.0
22223,112.5,70.458349609375,0.0
22224,108.75,70.4756103515625,0.0
22225,112.5,70.4756103515625,0.0
22226,108.75,70.49287109375,0.0
22227,112.5,70.49287109375,0.0
22228,108.75,70.5101318359375,0.0
22229,112.5,70.5101318359375,0.0
22230,108.75,70.52739257812499,0.0
22231,112.5,70.52739257812499,0.0
22232,108.75,70.54465332031249,0.0
22233,112.5,70.54465332031249,0.0
22234,108.75,70.5619140625,0.0
22235,112.5,70.5619140625,0.0
22236,108.75,70.5791748046875,0.0
22237,112.5,70.5791748046875,0.0
22238,108.75,70.596435546875,0.0
22239,112.5,70.596435546875,0.0
22240,108.75,70.6136962890625,0.0
22241,112.5,70.6136962890625,0.0
22242,108.75,70.63095703125,0.0
22243,112.5,70.63095703125,0.0
22244,108.75,70.64821777343751,0.0
22245,112.5,70.64821777343751,0.0
22246,108.75,70.66547851562501,0.0
22247,112.5,70.66547851562501,0.0
22248,108.75,70.6827392578125,0.0
22249,112.5,70.6827392578125,0.0
22250,108.75,70.7,0.0
22251,112.5,70.7,0.0
22252,116.25,62.138671875,0.0
22253,116.25,62.41484375,0.0
22254,120.0,62.138671875,0.0
22255,120.0,62.41484375,0.0
22256,116.25,62.69101562500001,0.0
22257,116.25,62.96718750000001,0.0
22258,120.0,62.69101562500001,0.0
22259,120.0,62.96718750000001,0.0
22260,116.25,63.24335937500001,0.0
22261,116.25,63.51953125000001,0.0
22262,120.0,63.24335937500001,0.0
22263,120.0,63.51953125000001,0.0
22264,116.25,63.795703125,0.0
22265,116.25,64.071875,0.0
22266,120.0,63.795703125,0.0
22267,120.0,64.071875,0.0
22268,116.25,64.34804687500001,0.0
22269,116.25,64.62421875000001,0.0
22270,120.0,64.34804687500001,0.0
22271,120.0,64.62421875000001,0.0
22272,116.25,64.900390625,0.0
22273,116.25,65.1765625,0.0
22274,120.0,64.900390625,0.0
22275,120.0,65.1765625,0.0
22276,116.25,65.452734375,0.0
22277,116.25,65.72890625,0.0
22278,120.0,65.452734375,0.0
22279,120.0,65.72890625,0.0
22280,116.25,66.005078125,0.0
22281,116.25,66.28125,0.0
22282,120.0,66.005078125,0.0
22283,120.0,66.28125,0.0
22284,116.25,66.557421875,0.0
22285,116.25,66.83359375,0.0
22286,116.25,67.109765625,0.0
22287,116.25,67.3859375,0.0
22288,116.25,67.662109375,0.0
22289,116.25,67.93828124999999,0.0
22290,116.25,68.21445312499999,0.0
22291,116.25,68.490625,0.0
22292,116.25,68.766796875,0.0
22293,116.25,69.04296875,0.0
22294,116.25,69.319140625,0.0
22295,116.25,69.5953125,0.0
22296,116.25,69.7333984375,0.0
22297,116.25,69.87148437500001,0.0
22298,116.25,69.94052734375,0.0
22299,116.25,70.00957031250002,0.0
22300,116.25,70.04409179687502,0.0
22301,116.25,70.07861328125001,0.0
22302,116.25,70.09587402343752,0.0
22303,116.25,70.10450439453126,0.0
22304,116.25,70.113134765625,0.0
22305,116.25,70.12176513671875,0.0
22306,116.25,70.13039550781251,0.0
22307,116.25,70.13902587890627,0.0
22308,116.25,70.14765625000001,0.0
22309,116.25,70.15628662109376,0.0
22310,116.25,70.16491699218751,0.0
22311,116.25,70.17354736328127,0.0
22312,116.25,70.18217773437502,0.0
22313,116.25,70.19080810546876,0.0
22314,116.25,70.1994384765625,0.0
22315,116.25,70.2,0.0
22316,116.25,70.20806884765625,0.0
22317,116.25,70.21669921875001,0.0
22318,116.25,70.22532958984377,0.0
22319,116.25,70.23395996093751,0.0
22320,116.25,70.24259033203126,0.0
22321,116.25,70.251220703125,0.0
22322,116.25,70.25985107421874,0.0
22323,116.25,70.2684814453125,0.0
22324,116.25,70.27711181640626,0.0
22325,116.25,70.2857421875,0.0
22326,116.25,70.29437255859375,0.0
22327,116.25,70.30300292968751,0.0
22328,116.25,70.32026367187501,0.0
22329,116.25,70.3375244140625,0.0
22330,116.25,70.35478515625,0.0
22331,116.25,70.3720458984375,0.0
22332,116.25,70.389306640625,0.0
22333,116.25,70.4065673828125,0.0
22334,116.25,70.423828125,0.0
22335,116.25,70.4410888671875,0.0
22336,116.25,70.458349609375,0.0
22337,116.25,70.4756103515625,0.0
22338,116.25,70.49287109375,0.0
22339,116.25,70.5101318359375,0.0
22340,116.25,70.52739257812499,0.0
22341,116.25,70.54465332031249,0.0
22342,116.25,70.5619140625,0.0
22343,116.25,70.5791748046875,0.0
22344,116.25,70.596435546875,0.0
22345,116.25,70.6136962890625,0.0
22346,116.25,70.63095703125,0.0
22347,116.25,70.64821777343751,0.0
22348,116.25,70.66547851562501,0.0
22349,116.25,70.6827392578125,0.0
22350,116.25,70.7,0.0
22351,120.0,66.557421875,0.0
22352,120.0,66.83359375,0.0
22353,120.0,67.109765625,0.0
22354,120.0,67.3859375,0.0
22355,120.0,67.662109375,0.0
22356,120.0,67.93828124999999,0.0
22357,120.0,68.21445312499999,0.0
22358,120.0,68.490625,0.0
22359,120.0,68.766796875,0.0
22360,120.0,69.04296875,0.0
22361,120.0,69.319140625,0.0
22362,120.0,69.5953125,0.0
22363,120.0,69.7333984375,0.0
22364,120.0,69.87148437500001,0.0
22365,120.0,69.94052734375,0.0
22366,120.0,70.00957031250002,0.0
22367,120.0,70.04409179687502,0.0
22368,120.0,70.07861328125001,0.0
22369,120.0,70.09587402343752,0.0
22370,120.0,70.10450439453126,0.0
22371,120.0,70.113134765625,0.0
22372,120.0,70.12176513671875,0.0
22373,120.0,70.13039550781251,0.0
22374,120.0,70.13902587890627,0.0
22375,120.0,70.14765625000001,0.0
22376,120.0,70.15628662109376,0.0
22377,120.0,70.16491699218751,0.0
22378,120.0,70.17354736328127,0.0
22379,120.0,70.18217773437502,0.0
22380,120.0,70.19080810546876,0.0
22381,120.0,70.20806884765625,0.0
22382,120.0,70.21669921875001,0.0
22383,120.0,70.22532958984377,0.0
22384,120.0,70.23395996093751,0.0
22385,120.0,70.24259033203126,0.0
22386,120.0,70.251220703125,0.0
22387,120.0,70.25985107421874,0.0
22388,120.0,70.2684814453125,0.0
22389,120.0,70.27711181640626,0.0
22390,120.0,70.2857421875,0.0
22391,120.0,70.29437255859375,0.0
22392,120.0,70.30300292968751,0.0
22393,120.0,70.32026367187501,0.0
22394,120.0,70.3375244140625,0.0
22395,120.0,70.35478515625,0.0
22396,120.0,70.3720458984375,0.0
22397,120.0,70.389306640625,0.0
22398,120.0,70.4065673828125,0.0
22399,120.0,70.423828125,0.0
22400,120.0,70.4410888671875,0.0
22401,120.0,70.458349609375,0.0
22402,120.0,70.4756103515625,0.0
22403,120.0,70.49287109375,0.0
22404,120.0,70.5101318359375,0.0
22405,120.0,70.52739257812499,0.0
22406,120.0,70.54465332031249,0.0
22407,120.0,70.5619140625,0.0
22408,120.0,70.5791748046875,0.0
22409,120.0,70.596435546875,0.0
22410,120.0,70.6136962890625,0.0
22411,120.0,70.63095703125,0.0
22412,120.0,70.64821777343751,0.0
22413,120.0,70.66547851562501,0.0
22414,120.0,70.6827392578125,0.0
22415,-120.0,70.2,0.0
22416,120.0,70.2,0.0
22417,120.0,70.7,0.0
22418,-120.0,70.7,0.0
22419,-120.0,-0.0,0.0
22420,120.0,-0.0,0.0
22421,120.0,0.2,0.0
22422,-120.0,0.2,0.0
