DF-ISE text

Info {
  version = 1.0
  type    = dataset
  dimension   = 2
  nb_vertices = 7995
  nb_edges    = 23610
  nb_faces    = 0
  nb_elements = 16002
  nb_regions  = 7
  datasets    = [ "DopingConcentration" "NitrogenActiveConcentration" "PMIUserField0" "AluminumActiveConcentration" "DopingConcentration" "NitrogenActiveConcentration" "PMIUserField0" "AluminumActiveConcentration" "DopingConcentration" "NitrogenActiveConcentration" "PMIUserField0" "AluminumActiveConcentration" "OpticalGeneration" ]
  functions   = [ DopingConcentration NitrogenActiveConcentration PMIUserField0 AluminumActiveConcentration DopingConcentration NitrogenActiveConcentration PMIUserField0 AluminumActiveConcentration DopingConcentration NitrogenActiveConcentration PMIUserField0 AluminumActiveConcentration OpticalGeneration ]
}

Data {

  Dataset ("DopingConcentration") {
    function  = DopingConcentration
    type      = scalar
    dimension = 1
    location  = vertex
    validity  = [ "n_plus" ]
    Values (2405) {
 1.000000560000002e+19 1.000000000000005e+19 1.000000000000005e+19 1.000000560000002e+19 1.000000000000005e+19 1.000000560000002e+19 1.000000000000005e+19 1.000000560000002e+19 1.000000000000005e+19 1.000000000000005e+19
 1.000000000000005e+19 1.000000000000005e+19 1.000000000000005e+19 1.000000000000005e+19 1.000000000000005e+19 1.000000000000005e+19 1.000000000000005e+19 1.000000000000005e+19 1.000000000000005e+19 1.000000560000002e+19
 1.000000000000005e+19 1.000000560000002e+19 1.000000000000005e+19 1.000000560000002e+19 1.000000000000005e+19 1.000000560000002e+19 1.000000000000005e+19 1.000000000000005e+19 1.000000000000005e+19 1.000000000000005e+19
 1.000000000000005e+19 1.000000000000005e+19 1.000000000000005e+19 1.000000000000005e+19 1.000000000000005e+19 1.000000000000005e+19 1.000000000000005e+19 1.000000000000005e+19 1.000000000000005e+19 1.000000000000005e+19
 1.000000000000005e+19 1.000000000000005e+19 1.000000000000005e+19 1.000000000000005e+19 1.000000000000005e+19 1.000000000000005e+19 1.000000000000005e+19 1.000000000000005e+19 1.000000000000005e+19 1.000000000000005e+19
 1.000000000000005e+19 1.000000000000005e+19 1.000000000000005e+19 1.000000000000005e+19 1.000000000000005e+19 1.000000000000005e+19 1.000000000000005e+19 1.000000000000005e+19 1.000000000000005e+19 1.000000000000005e+19
 1.000000000000005e+19 1.000000000000005e+19 1.000000000000005e+19 1.000000000000005e+19 1.000000000000005e+19 1.000000000000005e+19 1.000000000000005e+19 1.000000000000005e+19 1.000000000000005e+19 1.000000000000005e+19
 1.000000000000005e+19 1.000000000000005e+19 1.000000000000005e+19 1.000000000000005e+19 1.000000000000005e+19 1.000000000000005e+19 1.000000000000005e+19 1.000000000000005e+19 1.000000000000005e+19 1.000000000000005e+19
 1.000000000000005e+19 1.000000000000005e+19 1.000000000000005e+19 1.000000000000005e+19 1.000000000000005e+19 1.000000000000005e+19 1.000000000000005e+19 1.000000000000005e+19 1.000000000000005e+19 1.000000000000005e+19
 1.000000000000005e+19 1.000000000000005e+19 1.000000000000005e+19 1.000000000000005e+19 1.000000000000005e+19 1.000000000000005e+19 1.000000000000005e+19 1.000000000000005e+19 1.000000000000005e+19 1.000000000000005e+19
 1.000000000000005e+19 1.000000000000005e+19 1.000000000000005e+19 1.000000000000005e+19 1.000000000000005e+19 1.000000000000005e+19 1.000000000000005e+19 1.000000560000002e+19 1.000000000000005e+19 1.000000560000002e+19
 1.000000000000005e+19 1.000000560000002e+19 1.000000000000005e+19 1.000000560000002e+19 1.000000000000005e+19 1.000000000000005e+19 1.000000000000005e+19 1.000000000000005e+19 1.000000000000005e+19 1.000000000000005e+19
 1.000000000000005e+19 1.000000000000005e+19 1.000000000000005e+19 1.000000000000005e+19 1.000000000000005e+19 1.000000000000005e+19 1.000000000000005e+19 1.000000000000005e+19 1.000000000000005e+19 1.000000000000005e+19
 1.000000000000005e+19 1.000000000000005e+19 1.000000000000005e+19 1.000000000000005e+19 1.000000000000005e+19 1.000000000000005e+19 1.000000000000005e+19 1.000000000000005e+19 1.000000000000005e+19 1.000000000000005e+19
 1.000000000000005e+19 1.000000000000005e+19 1.000000000000005e+19 1.000000000000005e+19 1.000000000000005e+19 1.000000000000005e+19 1.000000000000005e+19 1.000000000000005e+19 1.000000000000005e+19 1.000000000000005e+19
 1.000000000000005e+19 1.000000000000005e+19 1.000000000000005e+19 1.000000000000005e+19 1.000000000000005e+19 1.000000560000002e+19 1.000000000000005e+19 1.000000560000002e+19 1.000000000000005e+19 1.000000560000002e+19
 1.000000000000005e+19 1.000000560000002e+19 1.000000000000005e+19 1.000000000000005e+19 1.000000000000005e+19 1.000000000000005e+19 1.000000000000005e+19 1.000000000000005e+19 1.000000000000005e+19 1.000000000000005e+19
 1.000000000000005e+19 1.000000000000005e+19 1.000000000000005e+19 1.000000000000005e+19 1.000000000000005e+19 1.000000000000005e+19 1.000000000000005e+19 1.000000000000005e+19 1.000000000000005e+19 1.000000000000005e+19
 1.000000000000005e+19 1.000000000000005e+19 1.000000000000005e+19 1.000000000000005e+19 1.000000000000005e+19 1.000000000000005e+19 1.000000000000005e+19 1.000000000000005e+19 1.000000000000005e+19 1.000000000000005e+19
 1.000000000000005e+19 1.000000000000005e+19 1.000000000000005e+19 1.000000000000005e+19 1.000000000000005e+19 1.000000000000005e+19 1.000000000000005e+19 1.000000000000005e+19 1.000000000000005e+19 1.000000000000005e+19
 1.000000000000005e+19 1.000000000000005e+19 1.000000000000005e+19 1.000000000000005e+19 1.000000000000005e+19 1.000000000000005e+19 1.000000000000005e+19 1.000000000000005e+19 1.000000000000005e+19 1.000000000000005e+19
 1.000000000000005e+19 1.000000000000005e+19 1.000000000000005e+19 1.000000000000005e+19 1.000000000000005e+19 1.000000000000005e+19 1.000000000000005e+19 1.000000000000005e+19 1.000000000000005e+19 1.000000000000005e+19
 1.000000000000005e+19 1.000000000000005e+19 1.000000000000005e+19 1.000000000000005e+19 1.000000000000005e+19 1.000000000000005e+19 1.000000000000005e+19 1.000000000000005e+19 1.000000000000005e+19 1.000000000000005e+19
 1.000000000000005e+19 1.000000000000005e+19 1.000000000000005e+19 1.000000000000005e+19 1.000000000000005e+19 1.000000000000005e+19 1.000000000000005e+19 1.000000000000005e+19 1.000000000000005e+19 1.000000000000005e+19
 1.000000000000005e+19 1.000000000000005e+19 1.000000000000005e+19 1.000000000000005e+19 1.000000000000005e+19 1.000000000000005e+19 1.000000000000005e+19 1.000000000000005e+19 1.000000000000005e+19 1.000000000000005e+19
 1.000000000000005e+19 1.000000000000005e+19 1.000000000000005e+19 1.000000000000005e+19 1.000000000000005e+19 1.000000000000005e+19 1.000000000000005e+19 1.000000000000005e+19 1.000000000000005e+19 1.000000000000005e+19
 1.000000000000005e+19 1.000000000000005e+19 1.000000000000005e+19 1.000000000000005e+19 1.000000000000005e+19 1.000000000000005e+19 1.000000000000005e+19 1.000000000000005e+19 1.000000000000005e+19 1.000000000000005e+19
 1.000000000000005e+19 1.000000000000005e+19 1.000000000000005e+19 1.000000000000005e+19 1.000000000000005e+19 1.000000000000005e+19 1.000000000000005e+19 1.000000000000005e+19 1.000000000000005e+19 1.000000000000005e+19
 1.000000000000005e+19 1.000000000000005e+19 1.000000000000005e+19 1.000000000000005e+19 1.000000000000005e+19 1.000000000000005e+19 1.000000000000005e+19 1.000000000000005e+19 1.000000000000005e+19 1.000000000000005e+19
 1.000000000000005e+19 1.000000000000005e+19 1.000000000000005e+19 1.000000000000005e+19 1.000000000000005e+19 1.000000000000005e+19 1.000000000000005e+19 1.000000000000005e+19 1.000000000000005e+19 1.000000000000005e+19
 1.000000000000005e+19 1.000000000000005e+19 1.000000000000005e+19 1.000000000000005e+19 1.000000000000005e+19 1.000000000000005e+19 1.000000000000005e+19 1.000000000000005e+19 1.000000000000005e+19 1.000000000000005e+19
 1.000000000000005e+19 1.000000000000005e+19 1.000000000000005e+19 1.000000000000005e+19 1.000000000000005e+19 1.000000000000005e+19 1.000000000000005e+19 1.000000000000005e+19 1.000000000000005e+19 1.000000000000005e+19
 1.000000000000005e+19 1.000000000000005e+19 1.000000000000005e+19 1.000000000000005e+19 1.000000000000005e+19 1.000000000000005e+19 1.000000000000005e+19 1.000000000000005e+19 1.000000000000005e+19 1.000000000000005e+19
 1.000000000000005e+19 1.000000000000005e+19 1.000000000000005e+19 1.000000000000005e+19 1.000000000000005e+19 1.000000000000005e+19 1.000000000000005e+19 1.000000000000005e+19 1.000000000000005e+19 1.000000000000005e+19
 1.000000000000005e+19 1.000000000000005e+19 1.000000000000005e+19 1.000000000000005e+19 1.000000000000005e+19 1.000000000000005e+19 1.000000000000005e+19 1.000000000000005e+19 1.000000000000005e+19 1.000000000000005e+19
 1.000000000000005e+19 1.000000000000005e+19 1.000000000000005e+19 1.000000000000005e+19 1.000000000000005e+19 1.000000000000005e+19 1.000000560000002e+19 1.000000000000005e+19 1.000000560000002e+19 1.000000000000005e+19
 1.000000560000002e+19 1.000000000000005e+19 1.000000560000002e+19 1.000000000000005e+19 1.000000000000005e+19 1.000000000000005e+19 1.000000000000005e+19 1.000000000000005e+19 1.000000000000005e+19 1.000000000000005e+19
 1.000000000000005e+19 1.000000000000005e+19 1.000000000000005e+19 1.000000000000005e+19 1.000000000000005e+19 1.000000000000005e+19 1.000000000000005e+19 1.000000000000005e+19 1.000000000000005e+19 1.000000000000005e+19
 1.000000000000005e+19 1.000000000000005e+19 1.000000000000005e+19 1.000000000000005e+19 1.000000000000005e+19 1.000000000000005e+19 1.000000000000005e+19 1.000000000000005e+19 1.000000000000005e+19 1.000000000000005e+19
 1.000000000000005e+19 1.000000000000005e+19 1.000000000000005e+19 1.000000000000005e+19 1.000000000000005e+19 1.000000000000005e+19 1.000000000000005e+19 1.000000000000005e+19 1.000000000000005e+19 1.000000000000005e+19
 1.000000000000005e+19 1.000000000000005e+19 1.000000000000005e+19 1.000000000000005e+19 1.000000560000002e+19 1.000000000000005e+19 1.000000560000002e+19 1.000000000000005e+19 1.000000560000002e+19 1.000000000000005e+19
 1.000000560000002e+19 1.000000000000005e+19 1.000000000000005e+19 1.000000000000005e+19 1.000000000000005e+19 1.000000000000005e+19 1.000000000000005e+19 1.000000000000005e+19 1.000000000000005e+19 1.000000000000005e+19
 1.000000000000005e+19 1.000000000000005e+19 1.000000000000005e+19 1.000000000000005e+19 1.000000000000005e+19 1.000000000000005e+19 1.000000000000005e+19 1.000000000000005e+19 1.000000000000005e+19 1.000000000000005e+19
 1.000000000000005e+19 1.000000000000005e+19 1.000000000000005e+19 1.000000000000005e+19 1.000000000000005e+19 1.000000000000005e+19 1.000000000000005e+19 1.000000000000005e+19 1.000000000000005e+19 1.000000000000005e+19
 1.000000000000005e+19 1.000000000000005e+19 1.000000000000005e+19 1.000000000000005e+19 1.000000000000005e+19 1.000000000000005e+19 1.000000000000005e+19 1.000000000000005e+19 1.000000000000005e+19 1.000000000000005e+19
 1.000000000000005e+19 1.000000000000005e+19 1.000000000000005e+19 1.000000000000005e+19 1.000000000000005e+19 1.000000000000005e+19 1.000000000000005e+19 1.000000000000005e+19 1.000000000000005e+19 1.000000000000005e+19
 1.000000000000005e+19 1.000000000000005e+19 1.000000000000005e+19 1.000000000000005e+19 1.000000000000005e+19 1.000000000000005e+19 1.000000000000005e+19 1.000000000000005e+19 1.000000000000005e+19 1.000000000000005e+19
 1.000000000000005e+19 1.000000000000005e+19 1.000000000000005e+19 1.000000000000005e+19 1.000000000000005e+19 1.000000000000005e+19 1.000000000000005e+19 1.000000000000005e+19 1.000000000000005e+19 1.000000000000005e+19
 1.000000000000005e+19 1.000000000000005e+19 1.000000000000005e+19 1.000000000000005e+19 1.000000000000005e+19 1.000000000000005e+19 1.000000000000005e+19 1.000000000000005e+19 1.000000000000005e+19 1.000000000000005e+19
 1.000000000000005e+19 1.000000000000005e+19 1.000000000000005e+19 1.000000000000005e+19 1.000000000000005e+19 1.000000000000005e+19 1.000000000000005e+19 1.000000000000005e+19 1.000000000000005e+19 1.000000000000005e+19
 1.000000000000005e+19 1.000000000000005e+19 1.000000000000005e+19 1.000000000000005e+19 1.000000000000005e+19 1.000000000000005e+19 1.000000000000005e+19 1.000000000000005e+19 1.000000000000005e+19 1.000000000000005e+19
 1.000000000000005e+19 1.000000000000005e+19 1.000000000000005e+19 1.000000000000005e+19 1.000000000000005e+19 1.000000000000005e+19 1.000000000000005e+19 1.000000000000005e+19 1.000000000000005e+19 1.000000000000005e+19
 1.000000000000005e+19 1.000000000000005e+19 1.000000000000005e+19 1.000000000000005e+19 1.000000560000002e+19 1.000000000000005e+19 1.000000560000002e+19 1.000000000000005e+19 1.000000560000002e+19 1.000000000000005e+19
 1.000000560000002e+19 1.000000000000005e+19 1.000000000000005e+19 1.000000000000005e+19 1.000000000000005e+19 1.000000000000005e+19 1.000000000000005e+19 1.000000000000005e+19 1.000000000000005e+19 1.000000000000005e+19
 1.000000000000005e+19 1.000000000000005e+19 1.000000000000005e+19 1.000000000000005e+19 1.000000000000005e+19 1.000000000000005e+19 1.000000000000005e+19 1.000000000000005e+19 1.000000000000005e+19 1.000000000000005e+19
 1.000000000000005e+19 1.000000000000005e+19 1.000000000000005e+19 1.000000000000005e+19 1.000000000000005e+19 1.000000000000005e+19 1.000000000000005e+19 1.000000000000005e+19 1.000000000000005e+19 1.000000000000005e+19
 1.000000000000005e+19 1.000000000000005e+19 1.000000000000005e+19 1.000000000000005e+19 1.000000000000005e+19 1.000000000000005e+19 1.000000000000005e+19 1.000000000000005e+19 1.000000000000005e+19 1.000000000000005e+19
 1.000000000000005e+19 1.000000000000005e+19 1.000000000000005e+19 1.000000000000005e+19 1.000000000000005e+19 1.000000000000005e+19 1.000000000000005e+19 1.000000000000005e+19 1.000000000000005e+19 1.000000000000005e+19
 1.000000000000005e+19 1.000000000000005e+19 1.000000000000005e+19 1.000000000000005e+19 1.000000000000005e+19 1.000000000000005e+19 1.000000000000005e+19 1.000000000000005e+19 1.000000000000005e+19 1.000000000000005e+19
 1.000000000000005e+19 1.000000000000005e+19 1.000000000000005e+19 1.000000000000005e+19 1.000000000000005e+19 1.000000000000005e+19 1.000000000000005e+19 1.000000000000005e+19 1.000000000000005e+19 1.000000000000005e+19
 1.000000000000005e+19 1.000000000000005e+19 1.000000000000005e+19 1.000000000000005e+19 1.000000000000005e+19 1.000000000000005e+19 1.000000000000005e+19 1.000000000000005e+19 1.000000560000002e+19 1.000000000000005e+19
 1.000000560000002e+19 1.000000000000005e+19 1.000000560000002e+19 1.000000000000005e+19 1.000000560000002e+19 1.000000000000005e+19 1.000000000000005e+19 1.000000000000005e+19 1.000000000000005e+19 1.000000000000005e+19
 1.000000000000005e+19 1.000000000000005e+19 1.000000000000005e+19 1.000000000000005e+19 1.000000000000005e+19 1.000000000000005e+19 1.000000000000005e+19 1.000000000000005e+19 1.000000000000005e+19 1.000000000000005e+19
 1.000000000000005e+19 1.000000000000005e+19 1.000000000000005e+19 1.000000000000005e+19 1.000000000000005e+19 1.000000000000005e+19 1.000000000000005e+19 1.000000000000005e+19 1.000000000000005e+19 1.000000000000005e+19
 1.000000000000005e+19 1.000000000000005e+19 1.000000000000005e+19 1.000000000000005e+19 1.000000000000005e+19 1.000000000000005e+19 1.000000000000005e+19 1.000000000000005e+19 1.000000000000005e+19 1.000000000000005e+19
 1.000000000000005e+19 1.000000000000005e+19 1.000000000000005e+19 1.000000000000005e+19 1.000000000000005e+19 1.000000000000005e+19 1.000000000000005e+19 1.000000000000005e+19 1.000000000000005e+19 1.000000000000005e+19
 1.000000000000005e+19 1.000000000000005e+19 1.000000000000005e+19 1.000000000000005e+19 1.000000000000005e+19 1.000000000000005e+19 1.000000000000005e+19 1.000000000000005e+19 1.000000000000005e+19 1.000000000000005e+19
 1.000000000000005e+19 1.000000000000005e+19 1.000000000000005e+19 1.000000000000005e+19 1.000000000000005e+19 1.000000000000005e+19 1.000000000000005e+19 1.000000000000005e+19 1.000000000000005e+19 1.000000000000005e+19
 1.000000000000005e+19 1.000000000000005e+19 1.000000000000005e+19 1.000000000000005e+19 1.000000000000005e+19 1.000000000000005e+19 1.000000000000005e+19 1.000000000000005e+19 1.000000000000005e+19 1.000000000000005e+19
 1.000000000000005e+19 1.000000000000005e+19 1.000000000000005e+19 1.000000000000005e+19 1.000000000000005e+19 1.000000000000005e+19 1.000000000000005e+19 1.000000000000005e+19 1.000000000000005e+19 1.000000000000005e+19
 1.000000000000005e+19 1.000000000000005e+19 1.000000000000005e+19 1.000000000000005e+19 1.000000000000005e+19 1.000000000000005e+19 1.000000000000005e+19 1.000000000000005e+19 1.000000000000005e+19 1.000000000000005e+19
 1.000000000000005e+19 1.000000000000005e+19 1.000000000000005e+19 1.000000000000005e+19 1.000000000000005e+19 1.000000000000005e+19 1.000000000000005e+19 1.000000000000005e+19 1.000000000000005e+19 1.000000000000005e+19
 1.000000000000005e+19 1.000000000000005e+19 1.000000000000005e+19 1.000000000000005e+19 1.000000000000005e+19 1.000000000000005e+19 1.000000000000005e+19 1.000000000000005e+19 1.000000000000005e+19 1.000000000000005e+19
 1.000000000000005e+19 1.000000000000005e+19 1.000000000000005e+19 1.000000000000005e+19 1.000000000000005e+19 1.000000000000005e+19 1.000000000000005e+19 1.000000000000005e+19 1.000000000000005e+19 1.000000000000005e+19
 1.000000000000005e+19 1.000000000000005e+19 1.000000000000005e+19 1.000000000000005e+19 1.000000000000005e+19 1.000000000000005e+19 1.000000000000005e+19 1.000000000000005e+19 1.000000000000005e+19 1.000000000000005e+19
 1.000000000000005e+19 1.000000000000005e+19 1.000000000000005e+19 1.000000000000005e+19 1.000000000000005e+19 1.000000000000005e+19 1.000000000000005e+19 1.000000000000005e+19 1.000000000000005e+19 1.000000000000005e+19
 1.000000000000005e+19 1.000000000000005e+19 1.000000000000005e+19 1.000000000000005e+19 1.000000000000005e+19 1.000000000000005e+19 1.000000000000005e+19 1.000000000000005e+19 1.000000000000005e+19 1.000000000000005e+19
 1.000000000000005e+19 1.000000000000005e+19 1.000000000000005e+19 1.000000000000005e+19 1.000000000000005e+19 1.000000000000005e+19 1.000000000000005e+19 1.000000000000005e+19 1.000000000000005e+19 1.000000000000005e+19
 1.000000000000005e+19 1.000000000000005e+19 1.000000000000005e+19 1.000000000000005e+19 1.000000000000005e+19 1.000000000000005e+19 1.000000000000005e+19 1.000000000000005e+19 1.000000000000005e+19 1.000000000000005e+19
 1.000000000000005e+19 1.000000000000005e+19 1.000000000000005e+19 1.000000000000005e+19 1.000000000000005e+19 1.000000000000005e+19 1.000000000000005e+19 1.000000000000005e+19 1.000000000000005e+19 1.000000000000005e+19
 1.000000000000005e+19 1.000000000000005e+19 1.000000000000005e+19 1.000000000000005e+19 1.000000000000005e+19 1.000000000000005e+19 1.000000000000005e+19 1.000000000000005e+19 1.000000000000005e+19 1.000000000000005e+19
 1.000000000000005e+19 1.000000000000005e+19 1.000000000000005e+19 1.000000000000005e+19 1.000000000000005e+19 1.000000000000005e+19 1.000000000000005e+19 1.000000000000005e+19 1.000000000000005e+19 1.000000000000005e+19
 1.000000000000005e+19 1.000000000000005e+19 1.000000000000005e+19 1.000000000000005e+19 1.000000000000005e+19 1.000000000000005e+19 1.000000000000005e+19 1.000000000000005e+19 1.000000000000005e+19 1.000000000000005e+19
 1.000000000000005e+19 1.000000000000005e+19 1.000000000000005e+19 1.000000000000005e+19 1.000000000000005e+19 1.000000000000005e+19 1.000000000000005e+19 1.000000000000005e+19 1.000000000000005e+19 1.000000000000005e+19
 1.000000000000005e+19 1.000000000000005e+19 1.000000000000005e+19 1.000000000000005e+19 1.000000000000005e+19 1.000000000000005e+19 1.000000000000005e+19 1.000000000000005e+19 1.000000000000005e+19 1.000000000000005e+19
 1.000000000000005e+19 1.000000000000005e+19 1.000000000000005e+19 1.000000000000005e+19 1.000000000000005e+19 1.000000000000005e+19 1.000000000000005e+19 1.000000000000005e+19 1.000000000000005e+19 1.000000000000005e+19
 1.000000000000005e+19 1.000000000000005e+19 1.000000000000005e+19 1.000000000000005e+19 1.000000000000005e+19 1.000000000000005e+19 1.000000000000005e+19 1.000000000000005e+19 1.000000000000005e+19 1.000000000000005e+19
 1.000000000000005e+19 1.000000000000005e+19 1.000000000000005e+19 1.000000000000005e+19 1.000000000000005e+19 1.000000000000005e+19 1.000000000000005e+19 1.000000000000005e+19 1.000000000000005e+19 1.000000000000005e+19
 1.000000000000005e+19 1.000000000000005e+19 1.000000000000005e+19 1.000000000000005e+19 1.000000000000005e+19 1.000000000000005e+19 1.000000000000005e+19 1.000000000000005e+19 1.000000000000005e+19 1.000000000000005e+19
 1.000000000000005e+19 1.000000000000005e+19 1.000000000000005e+19 1.000000000000005e+19 1.000000000000005e+19 1.000000000000005e+19 1.000000000000005e+19 1.000000000000005e+19 1.000000000000005e+19 1.000000000000005e+19
 1.000000000000005e+19 1.000000000000005e+19 1.000000000000005e+19 1.000000000000005e+19 1.000000000000005e+19 1.000000000000005e+19 1.000000000000005e+19 1.000000000000005e+19 1.000000000000005e+19 1.000000000000005e+19
 1.000000000000005e+19 1.000000000000005e+19 1.000000000000005e+19 1.000000000000005e+19 1.000000000000005e+19 1.000000000000005e+19 1.000000000000005e+19 1.000000000000005e+19 1.000000000000005e+19 1.000000000000005e+19
 1.000000000000005e+19 1.000000000000005e+19 1.000000000000005e+19 1.000000000000005e+19 1.000000000000005e+19 1.000000000000005e+19 1.000000000000005e+19 1.000000000000005e+19 1.000000000000005e+19 1.000000000000005e+19
 1.000000000000005e+19 1.000000000000005e+19 1.000000000000005e+19 1.000000000000005e+19 1.000000000000005e+19 1.000000000000005e+19 1.000000000000005e+19 1.000000000000005e+19 1.000000000000005e+19 1.000000000000005e+19
 1.000000000000005e+19 1.000000000000005e+19 1.000000000000005e+19 1.000000000000005e+19 1.000000000000005e+19 1.000000000000005e+19 1.000000000000005e+19 1.000000000000005e+19 1.000000000000005e+19 1.000000000000005e+19
 1.000000000000005e+19 1.000000000000005e+19 1.000000000000005e+19 1.000000000000005e+19 1.000000000000005e+19 1.000000000000005e+19 1.000000000000005e+19 1.000000000000005e+19 1.000000000000005e+19 1.000000000000005e+19
 1.000000000000005e+19 1.000000000000005e+19 1.000000000000005e+19 1.000000000000005e+19 1.000000000000005e+19 1.000000000000005e+19 1.000000000000005e+19 1.000000000000005e+19 1.000000000000005e+19 1.000000000000005e+19
 1.000000000000005e+19 1.000000000000005e+19 1.000000000000005e+19 1.000000000000005e+19 1.000000000000005e+19 1.000000000000005e+19 1.000000000000005e+19 1.000000000000005e+19 1.000000000000005e+19 1.000000000000005e+19
 1.000000000000005e+19 1.000000000000005e+19 1.000000000000005e+19 1.000000000000005e+19 1.000000000000005e+19 1.000000000000005e+19 1.000000000000005e+19 1.000000000000005e+19 1.000000000000005e+19 1.000000000000005e+19
 1.000000000000005e+19 1.000000000000005e+19 1.000000000000005e+19 1.000000000000005e+19 1.000000000000005e+19 1.000000000000005e+19 1.000000000000005e+19 1.000000000000005e+19 1.000000000000005e+19 1.000000000000005e+19
 1.000000000000005e+19 1.000000000000005e+19 1.000000000000005e+19 1.000000000000005e+19 1.000000000000005e+19 1.000000000000005e+19 1.000000000000005e+19 1.000000000000005e+19 1.000000000000005e+19 1.000000000000005e+19
 1.000000000000005e+19 1.000000000000005e+19 1.000000000000005e+19 1.000000000000005e+19 1.000000000000005e+19 1.000000000000005e+19 1.000000000000005e+19 1.000000000000005e+19 1.000000000000005e+19 1.000000000000005e+19
 1.000000000000005e+19 1.000000000000005e+19 1.000000000000005e+19 1.000000000000005e+19 1.000000000000005e+19 1.000000000000005e+19 1.000000000000005e+19 1.000000000000005e+19 1.000000000000005e+19 1.000000000000005e+19
 1.000000000000005e+19 1.000000000000005e+19 1.000000000000005e+19 1.000000000000005e+19 1.000000000000005e+19 1.000000000000005e+19 1.000000000000005e+19 1.000000000000005e+19 1.000000000000005e+19 1.000000000000005e+19
 1.000000000000005e+19 1.000000000000005e+19 1.000000000000005e+19 1.000000000000005e+19 1.000000000000005e+19 1.000000000000005e+19 1.000000000000005e+19 1.000000000000005e+19 1.000000000000005e+19 1.000000000000005e+19
 1.000000000000005e+19 1.000000000000005e+19 1.000000000000005e+19 1.000000000000005e+19 1.000000000000005e+19 1.000000000000005e+19 1.000000000000005e+19 1.000000000000005e+19 1.000000000000005e+19 1.000000000000005e+19
 1.000000000000005e+19 1.000000000000005e+19 1.000000000000005e+19 1.000000000000005e+19 1.000000000000005e+19 1.000000000000005e+19 1.000000000000005e+19 1.000000000000005e+19 1.000000000000005e+19 1.000000000000005e+19
 1.000000000000005e+19 1.000000000000005e+19 1.000000000000005e+19 1.000000000000005e+19 1.000000000000005e+19 1.000000000000005e+19 1.000000000000005e+19 1.000000000000005e+19 1.000000000000005e+19 1.000000000000005e+19
 1.000000000000005e+19 1.000000000000005e+19 1.000000000000005e+19 1.000000000000005e+19 1.000000000000005e+19 1.000000000000005e+19 1.000000000000005e+19 1.000000000000005e+19 1.000000000000005e+19 1.000000000000005e+19
 1.000000000000005e+19 1.000000000000005e+19 1.000000000000005e+19 1.000000000000005e+19 1.000000000000005e+19 1.000000000000005e+19 1.000000000000005e+19 1.000000000000005e+19 1.000000000000005e+19 1.000000000000005e+19
 1.000000000000005e+19 1.000000000000005e+19 1.000000000000005e+19 1.000000000000005e+19 1.000000000000005e+19 1.000000000000005e+19 1.000000000000005e+19 1.000000000000005e+19 1.000000000000005e+19 1.000000000000005e+19
 1.000000000000005e+19 1.000000000000005e+19 1.000000000000005e+19 1.000000000000005e+19 1.000000000000005e+19 1.000000000000005e+19 1.000000000000005e+19 1.000000000000005e+19 1.000000000000005e+19 1.000000000000005e+19
 1.000000000000005e+19 1.000000000000005e+19 1.000000000000005e+19 1.000000000000005e+19 1.000000000000005e+19 1.000000000000005e+19 1.000000000000005e+19 1.000000000000005e+19 1.000000000000005e+19 1.000000000000005e+19
 1.000000000000005e+19 1.000000000000005e+19 1.000000000000005e+19 1.000000000000005e+19 1.000000000000005e+19 1.000000000000005e+19 1.000000000000005e+19 1.000000000000005e+19 1.000000000000005e+19 1.000000000000005e+19
 1.000000000000005e+19 1.000000000000005e+19 1.000000000000005e+19 1.000000000000005e+19 1.000000000000005e+19 1.000000000000005e+19 1.000000000000005e+19 1.000000000000005e+19 1.000000000000005e+19 1.000000000000005e+19
 1.000000000000005e+19 1.000000000000005e+19 1.000000000000005e+19 1.000000000000005e+19 1.000000000000005e+19 1.000000000000005e+19 1.000000000000005e+19 1.000000000000005e+19 1.000000000000005e+19 1.000000000000005e+19
 1.000000000000005e+19 1.000000000000005e+19 1.000000000000005e+19 1.000000000000005e+19 1.000000000000005e+19 1.000000000000005e+19 1.000000000000005e+19 1.000000000000005e+19 1.000000000000005e+19 1.000000000000005e+19
 1.000000000000005e+19 1.000000000000005e+19 1.000000000000005e+19 1.000000000000005e+19 1.000000000000005e+19 1.000000000000005e+19 1.000000000000005e+19 1.000000000000005e+19 1.000000000000005e+19 1.000000000000005e+19
 1.000000000000005e+19 1.000000000000005e+19 1.000000000000005e+19 1.000000000000005e+19 1.000000000000005e+19 1.000000000000005e+19 1.000000000000005e+19 1.000000000000005e+19 1.000000000000005e+19 1.000000000000005e+19
 1.000000000000005e+19 1.000000000000005e+19 1.000000000000005e+19 1.000000000000005e+19 1.000000000000005e+19 1.000000000000005e+19 1.000000000000005e+19 1.000000000000005e+19 1.000000000000005e+19 1.000000000000005e+19
 1.000000000000005e+19 1.000000000000005e+19 1.000000000000005e+19 1.000000000000005e+19 1.000000000000005e+19 1.000000000000005e+19 1.000000000000005e+19 1.000000000000005e+19 1.000000000000005e+19 1.000000000000005e+19
 1.000000000000005e+19 1.000000000000005e+19 1.000000000000005e+19 1.000000000000005e+19 1.000000000000005e+19 1.000000000000005e+19 1.000000000000005e+19 1.000000000000005e+19 1.000000000000005e+19 1.000000560000002e+19
 1.000000000000005e+19 1.000000560000002e+19 1.000000000000005e+19 1.000000560000002e+19 1.000000000000005e+19 1.000000560000002e+19 1.000000000000005e+19 1.000000000000005e+19 1.000000000000005e+19 1.000000000000005e+19
 1.000000000000005e+19 1.000000000000005e+19 1.000000000000005e+19 1.000000000000005e+19 1.000000000000005e+19 1.000000000000005e+19 1.000000000000005e+19 1.000000000000005e+19 1.000000000000005e+19 1.000000000000005e+19
 1.000000000000005e+19 1.000000000000005e+19 1.000000000000005e+19 1.000000000000005e+19 1.000000000000005e+19 1.000000000000005e+19 1.000000000000005e+19 1.000000000000005e+19 1.000000000000005e+19 1.000000000000005e+19
 1.000000000000005e+19 1.000000000000005e+19 1.000000000000005e+19 1.000000000000005e+19 1.000000000000005e+19 1.000000000000005e+19 1.000000000000005e+19 1.000000000000005e+19 1.000000000000005e+19 1.000000000000005e+19
 1.000000000000005e+19 1.000000000000005e+19 1.000000000000005e+19 1.000000000000005e+19 1.000000000000005e+19 1.000000000000005e+19 1.000000000000005e+19 1.000000560000002e+19 1.000000000000005e+19 1.000000560000002e+19
 1.000000000000005e+19 1.000000560000002e+19 1.000000000000005e+19 1.000000560000002e+19 1.000000000000005e+19 1.000000000000005e+19 1.000000000000005e+19 1.000000000000005e+19 1.000000000000005e+19 1.000000000000005e+19
 1.000000000000005e+19 1.000000000000005e+19 1.000000000000005e+19 1.000000000000005e+19 1.000000000000005e+19 1.000000000000005e+19 1.000000000000005e+19 1.000000000000005e+19 1.000000000000005e+19 1.000000000000005e+19
 1.000000000000005e+19 1.000000000000005e+19 1.000000000000005e+19 1.000000000000005e+19 1.000000000000005e+19 1.000000000000005e+19 1.000000000000005e+19 1.000000000000005e+19 1.000000000000005e+19 1.000000000000005e+19
 1.000000000000005e+19 1.000000000000005e+19 1.000000000000005e+19 1.000000000000005e+19 1.000000000000005e+19 1.000000000000005e+19 1.000000000000005e+19 1.000000000000005e+19 1.000000000000005e+19 1.000000000000005e+19
 1.000000000000005e+19 1.000000000000005e+19 1.000000000000005e+19 1.000000000000005e+19 1.000000000000005e+19 1.000000000000005e+19 1.000000000000005e+19 1.000000000000005e+19 1.000000000000005e+19 1.000000000000005e+19
 1.000000000000005e+19 1.000000000000005e+19 1.000000000000005e+19 1.000000000000005e+19 1.000000000000005e+19 1.000000000000005e+19 1.000000000000005e+19 1.000000000000005e+19 1.000000000000005e+19 1.000000000000005e+19
 1.000000000000005e+19 1.000000000000005e+19 1.000000000000005e+19 1.000000000000005e+19 1.000000000000005e+19 1.000000000000005e+19 1.000000000000005e+19 1.000000000000005e+19 1.000000000000005e+19 1.000000000000005e+19
 1.000000000000005e+19 1.000000000000005e+19 1.000000000000005e+19 1.000000000000005e+19 1.000000000000005e+19 1.000000000000005e+19 1.000000000000005e+19 1.000000000000005e+19 1.000000000000005e+19 1.000000000000005e+19
 1.000000000000005e+19 1.000000000000005e+19 1.000000000000005e+19 1.000000000000005e+19 1.000000000000005e+19 1.000000000000005e+19 1.000000000000005e+19 1.000000000000005e+19 1.000000000000005e+19 1.000000000000005e+19
 1.000000000000005e+19 1.000000000000005e+19 1.000000000000005e+19 1.000000000000005e+19 1.000000000000005e+19 1.000000000000005e+19 1.000000000000005e+19 1.000000000000005e+19 1.000000000000005e+19 1.000000000000005e+19
 1.000000000000005e+19 1.000000000000005e+19 1.000000000000005e+19 1.000000000000005e+19 1.000000000000005e+19 1.000000000000005e+19 1.000000000000005e+19 1.000000000000005e+19 1.000000000000005e+19 1.000000000000005e+19
 1.000000000000005e+19 1.000000000000005e+19 1.000000000000005e+19 1.000000000000005e+19 1.000000000000005e+19 1.000000000000005e+19 1.000000000000005e+19 1.000000560000002e+19 1.000000000000005e+19 1.000000560000002e+19
 1.000000000000005e+19 1.000000560000002e+19 1.000000000000005e+19 1.000000560000002e+19 1.000000000000005e+19 1.000000000000005e+19 1.000000000000005e+19 1.000000000000005e+19 1.000000000000005e+19 1.000000000000005e+19
 1.000000000000005e+19 1.000000000000005e+19 1.000000000000005e+19 1.000000000000005e+19 1.000000000000005e+19 1.000000000000005e+19 1.000000000000005e+19 1.000000000000005e+19 1.000000000000005e+19 1.000000000000005e+19
 1.000000000000005e+19 1.000000000000005e+19 1.000000000000005e+19 1.000000000000005e+19 1.000000000000005e+19 1.000000000000005e+19 1.000000000000005e+19 1.000000000000005e+19 1.000000000000005e+19 1.000000000000005e+19
 1.000000000000005e+19 1.000000000000005e+19 1.000000000000005e+19 1.000000000000005e+19 1.000000000000005e+19 1.000000000000005e+19 1.000000000000005e+19 1.000000000000005e+19 1.000000000000005e+19 1.000000000000005e+19
 1.000000000000005e+19 1.000000000000005e+19 1.000000000000005e+19 1.000000000000005e+19 1.000000000000005e+19 1.000000000000005e+19 1.000000000000005e+19 1.000000000000005e+19 1.000000000000005e+19 1.000000000000005e+19
 1.000000000000005e+19 1.000000000000005e+19 1.000000000000005e+19 1.000000000000005e+19 1.000000000000005e+19 1.000000000000005e+19 1.000000000000005e+19 1.000000000000005e+19 1.000000000000005e+19 1.000000000000005e+19
 1.000000000000005e+19 1.000000000000005e+19 1.000000000000005e+19 1.000000000000005e+19 1.000000000000005e+19 1.000000000000005e+19 1.000000000000005e+19 1.000000000000005e+19 1.000000000000005e+19 1.000000000000005e+19
 1.000000000000005e+19 1.000000000000005e+19 1.000000000000005e+19 1.000000000000005e+19 1.000000000000005e+19 1.000000000000005e+19 1.000000000000005e+19 1.000000000000005e+19 1.000000000000005e+19 1.000000000000005e+19
 1.000000000000005e+19 1.000000560000002e+19 1.000000000000005e+19 1.000000560000002e+19 1.000000000000005e+19 1.000000560000002e+19 1.000000000000005e+19 1.000000560000002e+19 1.000000000000005e+19 1.000000000000005e+19
 1.000000000000005e+19 1.000000000000005e+19 1.000000000000005e+19 1.000000000000005e+19 1.000000000000005e+19 1.000000000000005e+19 1.000000000000005e+19 1.000000000000005e+19 1.000000000000005e+19 1.000000000000005e+19
 1.000000000000005e+19 1.000000000000005e+19 1.000000000000005e+19 1.000000000000005e+19 1.000000000000005e+19 1.000000000000005e+19 1.000000000000005e+19 1.000000000000005e+19 1.000000000000005e+19 1.000000000000005e+19
 1.000000000000005e+19 1.000000000000005e+19 1.000000000000005e+19 1.000000000000005e+19 1.000000000000005e+19 1.000000000000005e+19 1.000000000000005e+19 1.000000000000005e+19 1.000000000000005e+19 1.000000000000005e+19
 1.000000000000005e+19 1.000000000000005e+19 1.000000000000005e+19 1.000000000000005e+19 1.000000000000005e+19 1.000000000000005e+19 1.000000000000005e+19 1.000000000000005e+19 1.000000000000005e+19 1.000000000000005e+19
 1.000000000000005e+19 1.000000000000005e+19 1.000000000000005e+19 1.000000000000005e+19 1.000000000000005e+19 1.000000000000005e+19 1.000000000000005e+19 1.000000000000005e+19 1.000000000000005e+19 1.000000000000005e+19
 1.000000000000005e+19 1.000000000000005e+19 1.000000000000005e+19 1.000000000000005e+19 1.000000000000005e+19 1.000000000000005e+19 1.000000000000005e+19 1.000000000000005e+19 1.000000000000005e+19 1.000000000000005e+19
 1.000000000000005e+19 1.000000000000005e+19 1.000000000000005e+19 1.000000000000005e+19 1.000000000000005e+19 1.000000000000005e+19 1.000000000000005e+19 1.000000000000005e+19 1.000000000000005e+19 1.000000000000005e+19
 1.000000000000005e+19 1.000000000000005e+19 1.000000000000005e+19 1.000000000000005e+19 1.000000000000005e+19 1.000000000000005e+19 1.000000000000005e+19 1.000000000000005e+19 1.000000000000005e+19 1.000000000000005e+19
 1.000000000000005e+19 1.000000000000005e+19 1.000000000000005e+19 1.000000000000005e+19 1.000000000000005e+19 1.000000000000005e+19 1.000000000000005e+19 1.000000000000005e+19 1.000000000000005e+19 1.000000000000005e+19
 1.000000000000005e+19 1.000000000000005e+19 1.000000000000005e+19 1.000000000000005e+19 1.000000000000005e+19 1.000000000000005e+19 1.000000000000005e+19 1.000000000000005e+19 1.000000000000005e+19 1.000000000000005e+19
 1.000000000000005e+19 1.000000000000005e+19 1.000000000000005e+19 1.000000000000005e+19 1.000000000000005e+19 1.000000000000005e+19 1.000000000000005e+19 1.000000000000005e+19 1.000000000000005e+19 1.000000000000005e+19
 1.000000000000005e+19 1.000000000000005e+19 1.000000000000005e+19 1.000000000000005e+19 1.000000000000005e+19 1.000000000000005e+19 1.000000000000005e+19 1.000000000000005e+19 1.000000000000005e+19 1.000000000000005e+19
 1.000000000000005e+19 1.000000000000005e+19 1.000000000000005e+19 1.000000000000005e+19 1.000000000000005e+19 1.000000000000005e+19 1.000000000000005e+19 1.000000000000005e+19 1.000000000000005e+19 1.000000000000005e+19
 1.000000000000005e+19 1.000000000000005e+19 1.000000000000005e+19 1.000000000000005e+19 1.000000000000005e+19 1.000000000000005e+19 1.000000000000005e+19 1.000000000000005e+19 1.000000000000005e+19 1.000000000000005e+19
 1.000000000000005e+19 1.000000000000005e+19 1.000000000000005e+19 1.000000000000005e+19 1.000000000000005e+19 1.000000000000005e+19 1.000000000000005e+19 1.000000000000005e+19 1.000000000000005e+19 1.000000000000005e+19
 1.000000000000005e+19 1.000000000000005e+19 1.000000000000005e+19 1.000000000000005e+19 1.000000000000005e+19 1.000000000000005e+19 1.000000000000005e+19 1.000000000000005e+19 1.000000000000005e+19 1.000000000000005e+19
 1.000000000000005e+19 1.000000000000005e+19 1.000000000000005e+19 1.000000000000005e+19 1.000000000000005e+19 1.000000000000005e+19 1.000000000000005e+19 1.000000000000005e+19 1.000000000000005e+19 1.000000000000005e+19
 1.000000000000005e+19 1.000000000000005e+19 1.000000000000005e+19 1.000000000000005e+19 1.000000000000005e+19 1.000000000000005e+19 1.000000000000005e+19 1.000000000000005e+19 1.000000000000005e+19 1.000000000000005e+19
 1.000000000000005e+19 1.000000000000005e+19 1.000000000000005e+19 1.000000000000005e+19 1.000000000000005e+19 1.000000000000005e+19 1.000000000000005e+19 1.000000000000005e+19 1.000000000000005e+19 1.000000000000005e+19
 1.000000000000005e+19 1.000000000000005e+19 1.000000000000005e+19 1.000000000000005e+19 1.000000000000005e+19 1.000000000000005e+19 1.000000000000005e+19 1.000000000000005e+19 1.000000000000005e+19 1.000000000000005e+19
 1.000000000000005e+19 1.000000000000005e+19 1.000000000000005e+19 1.000000000000005e+19 1.000000000000005e+19 1.000000000000005e+19 1.000000000000005e+19 1.000000000000005e+19 1.000000000000005e+19 1.000000000000005e+19
 1.000000000000005e+19 1.000000000000005e+19 1.000000000000005e+19 1.000000000000005e+19 1.000000000000005e+19 1.000000000000005e+19 1.000000000000005e+19 1.000000000000005e+19 1.000000000000005e+19 1.000000000000005e+19
 1.000000000000005e+19 1.000000000000005e+19 1.000000000000005e+19 1.000000000000005e+19 1.000000000000005e+19 1.000000000000005e+19 1.000000000000005e+19 1.000000000000005e+19 1.000000000000005e+19 1.000000000000005e+19
 1.000000000000005e+19 1.000000000000005e+19 1.000000000000005e+19 1.000000000000005e+19 1.000000000000005e+19 1.000000000000005e+19 1.000000000000005e+19 1.000000000000005e+19 1.000000000000005e+19 1.000000000000005e+19
 1.000000000000005e+19 1.000000000000005e+19 1.000000000000005e+19 1.000000000000005e+19 1.000000000000005e+19 1.000000000000005e+19 1.000000000000005e+19 1.000000000000005e+19 1.000000000000005e+19 1.000000000000005e+19
 1.000000000000005e+19 1.000000000000005e+19 1.000000000000005e+19 1.000000000000005e+19 1.000000000000005e+19 1.000000000000005e+19 1.000000000000005e+19 1.000000000000005e+19 1.000000000000005e+19 1.000000000000005e+19
 1.000000000000005e+19 1.000000000000005e+19 1.000000000000005e+19 1.000000000000005e+19 1.000000000000005e+19 1.000000000000005e+19 1.000000000000005e+19 1.000000000000005e+19 1.000000000000005e+19 1.000000000000005e+19
 1.000000000000005e+19 1.000000000000005e+19 1.000000000000005e+19 1.000000000000005e+19 1.000000000000005e+19 1.000000000000005e+19 1.000000000000005e+19 1.000000000000005e+19 1.000000000000005e+19 1.000000000000005e+19
 1.000000000000005e+19 1.000000000000005e+19 1.000000000000005e+19 1.000000000000005e+19 1.000000000000005e+19 1.000000000000005e+19 1.000000000000005e+19 1.000000000000005e+19 1.000000000000005e+19 1.000000000000005e+19
 1.000000000000005e+19 1.000000000000005e+19 1.000000000000005e+19 1.000000000000005e+19 1.000000000000005e+19 1.000000000000005e+19 1.000000000000005e+19 1.000000000000005e+19 1.000000000000005e+19 1.000000000000005e+19
 1.000000000000005e+19 1.000000000000005e+19 1.000000000000005e+19 1.000000000000005e+19 1.000000000000005e+19 1.000000000000005e+19 1.000000000000005e+19 1.000000000000005e+19 1.000000000000005e+19 1.000000000000005e+19
 1.000000000000005e+19 1.000000000000005e+19 1.000000000000005e+19 1.000000000000005e+19 1.000000000000005e+19 1.000000000000005e+19 1.000000000000005e+19 1.000000000000005e+19 1.000000000000005e+19 1.000000000000005e+19
 1.000000000000005e+19 1.000000000000005e+19 1.000000000000005e+19 1.000000000000005e+19 1.000000000000005e+19 1.000000000000005e+19 1.000000000000005e+19 1.000000000000005e+19 1.000000000000005e+19 1.000000000000005e+19
 1.000000000000005e+19 1.000000560000002e+19 1.000000000000005e+19 1.000000560000002e+19 1.000000000000005e+19 1.000000560000002e+19 1.000000000000005e+19 1.000000560000002e+19 1.000000000000005e+19 1.000000000000005e+19
 1.000000000000005e+19 1.000000000000005e+19 1.000000000000005e+19 1.000000000000005e+19 1.000000000000005e+19 1.000000000000005e+19 1.000000000000005e+19 1.000000000000005e+19 1.000000000000005e+19 1.000000000000005e+19
 1.000000000000005e+19 1.000000000000005e+19 1.000000000000005e+19 1.000000000000005e+19 1.000000000000005e+19 1.000000000000005e+19 1.000000000000005e+19 1.000000000000005e+19 1.000000000000005e+19 1.000000000000005e+19
 1.000000000000005e+19 1.000000000000005e+19 1.000000000000005e+19 1.000000000000005e+19 1.000000000000005e+19 1.000000000000005e+19 1.000000000000005e+19 1.000000000000005e+19 1.000000000000005e+19 1.000000000000005e+19
 1.000000000000005e+19 1.000000000000005e+19 1.000000000000005e+19 1.000000000000005e+19 1.000000000000005e+19 1.000000000000005e+19 1.000000000000005e+19 1.000000000000005e+19 1.000000000000005e+19 1.000000000000005e+19
 1.000000000000005e+19 1.000000000000005e+19 1.000000000000005e+19 1.000000000000005e+19 1.000000000000005e+19 1.000000000000005e+19 1.000000000000005e+19 1.000000000000005e+19 1.000000000000005e+19 1.000000000000005e+19
 1.000000000000005e+19 1.000000000000005e+19 1.000000000000005e+19 1.000000000000005e+19 1.000000000000005e+19 1.000000000000005e+19 1.000000000000005e+19 1.000000000000005e+19 1.000000000000005e+19 1.000000000000005e+19
 1.000000000000005e+19 1.000000000000005e+19 1.000000000000005e+19 1.000000000000005e+19 1.000000000000005e+19 1.000000000000005e+19 1.000000000000005e+19 1.000000000000005e+19 1.000000000000005e+19 1.000000000000005e+19
 1.000000000000005e+19 1.000000000000005e+19 1.000000000000005e+19 1.000000000000005e+19 1.000000000000005e+19 1.000000560000002e+19 1.000000000000005e+19 1.000000560000002e+19 1.000000000000005e+19 1.000000560000002e+19
 1.000000000000005e+19 1.000000560000002e+19 1.000000000000005e+19 1.000000000000005e+19 1.000000000000005e+19 1.000000000000005e+19 1.000000000000005e+19 1.000000000000005e+19 1.000000000000005e+19 1.000000000000005e+19
 1.000000000000005e+19 1.000000000000005e+19 1.000000000000005e+19 1.000000000000005e+19 1.000000000000005e+19 1.000000000000005e+19 1.000000000000005e+19 1.000000000000005e+19 1.000000000000005e+19 1.000000000000005e+19
 1.000000000000005e+19 1.000000000000005e+19 1.000000000000005e+19 1.000000000000005e+19 1.000000000000005e+19 1.000000000000005e+19 1.000000000000005e+19 1.000000000000005e+19 1.000000000000005e+19 1.000000000000005e+19
 1.000000000000005e+19 1.000000000000005e+19 1.000000000000005e+19 1.000000000000005e+19 1.000000000000005e+19 1.000000000000005e+19 1.000000000000005e+19 1.000000000000005e+19 1.000000000000005e+19 1.000000000000005e+19
 1.000000000000005e+19 1.000000000000005e+19 1.000000000000005e+19 1.000000000000005e+19 1.000000000000005e+19 1.000000000000005e+19 1.000000000000005e+19 1.000000000000005e+19 1.000000000000005e+19 1.000000000000005e+19
 1.000000000000005e+19 1.000000000000005e+19 1.000000000000005e+19 1.000000000000005e+19 1.000000000000005e+19 1.000000000000005e+19 1.000000000000005e+19 1.000000000000005e+19 1.000000000000005e+19 1.000000000000005e+19
 1.000000000000005e+19 1.000000000000005e+19 1.000000000000005e+19 1.000000000000005e+19 1.000000000000005e+19 1.000000000000005e+19 1.000000000000005e+19 1.000000000000005e+19 1.000000000000005e+19 1.000000000000005e+19
 1.000000000000005e+19 1.000000000000005e+19 1.000000000000005e+19 1.000000000000005e+19 1.000000000000005e+19 1.000000000000005e+19 1.000000000000005e+19 1.000000000000005e+19 1.000000000000005e+19 1.000000000000005e+19
 1.000000000000005e+19 1.000000000000005e+19 1.000000000000005e+19 1.000000000000005e+19 1.000000000000005e+19 1.000000000000005e+19 1.000000000000005e+19 1.000000000000005e+19 1.000000000000005e+19 1.000000000000005e+19
 1.000000000000005e+19 1.000000000000005e+19 1.000000000000005e+19 1.000000000000005e+19 1.000000000000005e+19 1.000000000000005e+19 1.000000000000005e+19 1.000000000000005e+19 1.000000000000005e+19 1.000000000000005e+19
 1.000000000000005e+19 1.000000000000005e+19 1.000000000000005e+19 1.000000000000005e+19 1.000000000000005e+19 1.000000000000005e+19 1.000000000000005e+19 1.000000000000005e+19 1.000000000000005e+19 1.000000000000005e+19
 1.000000000000005e+19 1.000000000000005e+19 1.000000000000005e+19 1.000000000000005e+19 1.000000000000005e+19 1.000000000000005e+19 1.000000000000005e+19 1.000000000000005e+19 1.000000000000005e+19 1.000000000000005e+19
 1.000000000000005e+19 1.000000000000005e+19 1.000000000000005e+19 1.000000000000005e+19 1.000000000000005e+19 1.000000000000005e+19 1.000000000000005e+19 1.000000000000005e+19 1.000000000000005e+19 1.000000000000005e+19
 1.000000000000005e+19 1.000000000000005e+19 1.000000000000005e+19 1.000000000000005e+19 1.000000000000005e+19 1.000000000000005e+19 1.000000000000005e+19 1.000000000000005e+19 1.000000000000005e+19 1.000000000000005e+19
 1.000000000000005e+19 1.000000000000005e+19 1.000000000000005e+19 1.000000000000005e+19 1.000000000000005e+19 1.000000000000005e+19 1.000000000000005e+19 1.000000000000005e+19 1.000000000000005e+19 1.000000000000005e+19
 1.000000000000005e+19 1.000000000000005e+19 1.000000000000005e+19 1.000000000000005e+19 1.000000000000005e+19 1.000000000000005e+19 1.000000000000005e+19 1.000000000000005e+19 1.000000000000005e+19 1.000000000000005e+19
 1.000000000000005e+19 1.000000000000005e+19 1.000000000000005e+19 1.000000000000005e+19 1.000000000000005e+19 1.000000000000005e+19 1.000000000000005e+19 1.000000000000005e+19 1.000000000000005e+19 1.000000000000005e+19
 1.000000000000005e+19 1.000000000000005e+19 1.000000000000005e+19 1.000000000000005e+19 1.000000000000005e+19 1.000000000000005e+19 1.000000000000005e+19 1.000000000000005e+19 1.000000000000005e+19 1.000000000000005e+19
 1.000000000000005e+19 1.000000000000005e+19 1.000000000000005e+19 1.000000000000005e+19 1.000000000000005e+19 1.000000000000005e+19 1.000000000000005e+19 1.000000000000005e+19 1.000000000000005e+19 1.000000000000005e+19
 1.000000000000005e+19 1.000000000000005e+19 1.000000000000005e+19 1.000000000000005e+19 1.000000000000005e+19 1.000000000000005e+19 1.000000000000005e+19 1.000000000000005e+19 1.000000000000005e+19 1.000000000000005e+19
 1.000000000000005e+19 1.000000000000005e+19 1.000000000000005e+19 1.000000000000005e+19 1.000000000000005e+19 1.000000000000005e+19 1.000000000000005e+19 1.000000560000002e+19 1.000000000000005e+19 1.000000560000002e+19
 1.000000000000005e+19 1.000000560000002e+19 1.000000000000005e+19 1.000000560000002e+19 1.000000000000005e+19 1.000000000000005e+19 1.000000000000005e+19 1.000000000000005e+19 1.000000000000005e+19 1.000000000000005e+19
 1.000000000000005e+19 1.000000000000005e+19 1.000000000000005e+19 1.000000000000005e+19 1.000000000000005e+19 1.000000000000005e+19 1.000000000000005e+19 1.000000000000005e+19 1.000000000000005e+19 1.000000000000005e+19
 1.000000000000005e+19 1.000000000000005e+19 1.000000000000005e+19 1.000000000000005e+19 1.000000000000005e+19 1.000000000000005e+19 1.000000000000005e+19 1.000000000000005e+19 1.000000000000005e+19 1.000000000000005e+19
 1.000000000000005e+19 1.000000000000005e+19 1.000000000000005e+19 1.000000000000005e+19 1.000000000000005e+19 1.000000000000005e+19 1.000000000000005e+19 1.000000000000005e+19 1.000000000000005e+19 1.000000000000005e+19
 1.000000000000005e+19 1.000000000000005e+19 1.000000000000005e+19 1.000000000000005e+19 1.000000000000005e+19 1.000000000000005e+19 1.000000000000005e+19 1.000000000000005e+19 1.000000000000005e+19 1.000000000000005e+19
 1.000000000000005e+19 1.000000000000005e+19 1.000000000000005e+19 1.000000000000005e+19 1.000000000000005e+19 1.000000000000005e+19 1.000000000000005e+19 1.000000000000005e+19 1.000000000000005e+19 1.000000000000005e+19
 1.000000000000005e+19 1.000000000000005e+19 1.000000000000005e+19 1.000000000000005e+19 1.000000000000005e+19 1.000000000000005e+19 1.000000000000005e+19 1.000000000000005e+19 1.000000000000005e+19 1.000000000000005e+19
 1.000000000000005e+19 1.000000000000005e+19 1.000000000000005e+19 1.000000000000005e+19 1.000000000000005e+19 1.000000000000005e+19 1.000000000000005e+19 1.000000000000005e+19 1.000000000000005e+19 1.000000000000005e+19
 1.000000000000005e+19 1.000000000000005e+19 1.000000000000005e+19 1.000000000000005e+19 1.000000000000005e+19 1.000000000000005e+19 1.000000000000005e+19 1.000000000000005e+19 1.000000000000005e+19 1.000000000000005e+19
 1.000000000000005e+19 1.000000000000005e+19 1.000000000000005e+19 1.000000000000005e+19 1.000000000000005e+19 1.000000000000005e+19 1.000000000000005e+19 1.000000000000005e+19 1.000000000000005e+19 1.000000000000005e+19
 1.000000000000005e+19 1.000000000000005e+19 1.000000000000005e+19 1.000000000000005e+19 1.000000000000005e+19 1.000000000000005e+19 1.000000000000005e+19 1.000000000000005e+19 1.000000000000005e+19 1.000000000000005e+19
 1.000000000000005e+19 1.000000000000005e+19 1.000000000000005e+19 1.000000000000005e+19 1.000000000000005e+19 1.000000000000005e+19 1.000000000000005e+19 1.000000000000005e+19 1.000000000000005e+19 1.000000000000005e+19
 1.000000000000005e+19 1.000000000000005e+19 1.000000000000005e+19 1.000000000000005e+19 1.000000000000005e+19 1.000000000000005e+19 1.000000000000005e+19 1.000000000000005e+19 1.000000000000005e+19 1.000000000000005e+19
 1.000000000000005e+19 1.000000000000005e+19 1.000000000000005e+19 1.000000000000005e+19 1.000000000000005e+19 1.000000000000005e+19 1.000000000000005e+19 1.000000000000005e+19 1.000000000000005e+19 1.000000000000005e+19
 1.000000000000005e+19 1.000000000000005e+19 1.000000000000005e+19 1.000000000000005e+19 1.000000000000005e+19 1.000000560000002e+19 1.000000000000005e+19 1.000000560000002e+19 1.000000000000005e+19 1.000000000000005e+19
 1.000000000000005e+19 1.000000000000005e+19 1.000000000000005e+19 1.000000000000005e+19 1.000000000000005e+19 1.000000000000005e+19 1.000000000000005e+19 1.000000000000005e+19 1.000000000000005e+19 1.000000000000005e+19
 1.000000000000005e+19 1.000000000000005e+19 1.000000000000005e+19 1.000000000000005e+19 1.000000000000005e+19 1.000000000000005e+19 1.000000000000005e+19 1.000000000000005e+19 1.000000000000005e+19 1.000000000000005e+19
 1.000000000000005e+19 1.000000000000005e+19 1.000000000000005e+19 1.000000000000005e+19 1.000000000000005e+19 1.000000000000005e+19 1.000000000000005e+19 1.000000000000005e+19 1.000000000000005e+19 1.000000000000005e+19
 1.000000000000005e+19 1.000000000000005e+19 1.000000000000005e+19 1.000000000000005e+19 1.000000000000005e+19 1.000000000000005e+19 1.000000000000005e+19 1.000000000000005e+19 1.000000000000005e+19 1.000000000000005e+19
 1.000000000000005e+19 1.000000000000005e+19 1.000000000000005e+19 1.000000000000005e+19 1.000000000000005e+19 1.000000000000005e+19 1.000000000000005e+19 1.000000000000005e+19 1.000000000000005e+19 1.000000000000005e+19
 1.000000000000005e+19 1.000000000000005e+19 1.000000000000005e+19 1.000000000000005e+19 1.000000000000005e+19 1.000000000000005e+19 1.000000000000005e+19 1.000000000000005e+19 1.000000000000005e+19 1.000000000000005e+19
 1.000000000000005e+19 1.000000000000005e+19 1.000000000000005e+19 1.000000000000005e+19 1.000000000000005e+19 1.000000000000005e+19 1.000000000000005e+19 1.000000000000005e+19 1.000000000000005e+19 1.000000560000002e+19
 1.000000000000005e+19 1.000000000000005e+19 1.000000000000005e+19 1.000000000000005e+19 1.000000000000005e+19 1.000000000000005e+19 1.000000000000005e+19 1.000000000000005e+19 1.000000000000005e+19 1.000000000000005e+19
 1.000000000000005e+19 1.000000000000005e+19 1.000000000000005e+19 1.000000000000005e+19 1.000000000000005e+19 1.000000000000005e+19 1.000000000000005e+19 1.000000000000005e+19 1.000000000000005e+19 1.000000000000005e+19
 1.000000000000005e+19 1.000000000000005e+19 1.000000000000005e+19 1.000000000000005e+19 1.000000000000005e+19 1.000000000000005e+19 1.000000000000005e+19 1.000000000000005e+19 1.000000000000005e+19 1.000000000000005e+19
 1.000000000000005e+19 1.000000000000005e+19 1.000000000000005e+19 1.000000000000005e+19 1.000000000000005e+19 1.000000000000005e+19 1.000000000000005e+19 1.000000000000005e+19 1.000000000000005e+19 1.000000000000005e+19
 1.000000000000005e+19 1.000000000000005e+19 1.000000000000005e+19 1.000000000000005e+19 1.000000000000005e+19 1.000000000000005e+19 1.000000000000005e+19 1.000000000000005e+19 1.000000000000005e+19 1.000000000000005e+19
 1.000000000000005e+19 1.000000000000005e+19 1.000000000000005e+19 1.000000000000005e+19 1.000000000000005e+19 1.000000000000005e+19 1.000000000000005e+19 1.000000000000005e+19 1.000000000000005e+19 1.000000000000005e+19
 1.000000000000005e+19 1.000000000000005e+19 1.000000000000005e+19 1.000000000000005e+19 1.000000000000005e+19 1.000000000000005e+19 1.000000000000005e+19 1.000000000000005e+19 1.000000000000005e+19 1.000000000000005e+19
 1.000000000000005e+19 1.000000560000002e+19 1.000000560000002e+19 1.000000000000005e+19 1.000000000000005e+19
    }
  }

  Dataset ("NitrogenActiveConcentration") {
    function  = NitrogenActiveConcentration
    type      = scalar
    dimension = 1
    location  = vertex
    validity  = [ "n_plus" ]
    Values (2405) {
 1.000000560000000e+19 1.000000000000003e+19 1.000000000000003e+19 1.000000560000000e+19 1.000000000000003e+19 1.000000560000000e+19 1.000000000000003e+19 1.000000560000000e+19 1.000000000000003e+19 1.000000000000003e+19
 1.000000000000003e+19 1.000000000000003e+19 1.000000000000003e+19 1.000000000000003e+19 1.000000000000003e+19 1.000000000000003e+19 1.000000000000003e+19 1.000000000000003e+19 1.000000000000003e+19 1.000000560000000e+19
 1.000000000000003e+19 1.000000560000000e+19 1.000000000000003e+19 1.000000560000000e+19 1.000000000000003e+19 1.000000560000000e+19 1.000000000000003e+19 1.000000000000003e+19 1.000000000000003e+19 1.000000000000003e+19
 1.000000000000003e+19 1.000000000000003e+19 1.000000000000003e+19 1.000000000000003e+19 1.000000000000003e+19 1.000000000000003e+19 1.000000000000003e+19 1.000000000000003e+19 1.000000000000003e+19 1.000000000000003e+19
 1.000000000000003e+19 1.000000000000003e+19 1.000000000000003e+19 1.000000000000003e+19 1.000000000000003e+19 1.000000000000003e+19 1.000000000000003e+19 1.000000000000003e+19 1.000000000000003e+19 1.000000000000003e+19
 1.000000000000003e+19 1.000000000000003e+19 1.000000000000003e+19 1.000000000000003e+19 1.000000000000003e+19 1.000000000000003e+19 1.000000000000003e+19 1.000000000000003e+19 1.000000000000003e+19 1.000000000000003e+19
 1.000000000000003e+19 1.000000000000003e+19 1.000000000000003e+19 1.000000000000003e+19 1.000000000000003e+19 1.000000000000003e+19 1.000000000000003e+19 1.000000000000003e+19 1.000000000000003e+19 1.000000000000003e+19
 1.000000000000003e+19 1.000000000000003e+19 1.000000000000003e+19 1.000000000000003e+19 1.000000000000003e+19 1.000000000000003e+19 1.000000000000003e+19 1.000000000000003e+19 1.000000000000003e+19 1.000000000000003e+19
 1.000000000000003e+19 1.000000000000003e+19 1.000000000000003e+19 1.000000000000003e+19 1.000000000000003e+19 1.000000000000003e+19 1.000000000000003e+19 1.000000000000003e+19 1.000000000000003e+19 1.000000000000003e+19
 1.000000000000003e+19 1.000000000000003e+19 1.000000000000003e+19 1.000000000000003e+19 1.000000000000003e+19 1.000000000000003e+19 1.000000000000003e+19 1.000000000000003e+19 1.000000000000003e+19 1.000000000000003e+19
 1.000000000000003e+19 1.000000000000003e+19 1.000000000000003e+19 1.000000000000003e+19 1.000000000000003e+19 1.000000000000003e+19 1.000000000000003e+19 1.000000560000000e+19 1.000000000000003e+19 1.000000560000000e+19
 1.000000000000003e+19 1.000000560000000e+19 1.000000000000003e+19 1.000000560000000e+19 1.000000000000003e+19 1.000000000000003e+19 1.000000000000003e+19 1.000000000000003e+19 1.000000000000003e+19 1.000000000000003e+19
 1.000000000000003e+19 1.000000000000003e+19 1.000000000000003e+19 1.000000000000003e+19 1.000000000000003e+19 1.000000000000003e+19 1.000000000000003e+19 1.000000000000003e+19 1.000000000000003e+19 1.000000000000003e+19
 1.000000000000003e+19 1.000000000000003e+19 1.000000000000003e+19 1.000000000000003e+19 1.000000000000003e+19 1.000000000000003e+19 1.000000000000003e+19 1.000000000000003e+19 1.000000000000003e+19 1.000000000000003e+19
 1.000000000000003e+19 1.000000000000003e+19 1.000000000000003e+19 1.000000000000003e+19 1.000000000000003e+19 1.000000000000003e+19 1.000000000000003e+19 1.000000000000003e+19 1.000000000000003e+19 1.000000000000003e+19
 1.000000000000003e+19 1.000000000000003e+19 1.000000000000003e+19 1.000000000000003e+19 1.000000000000003e+19 1.000000560000000e+19 1.000000000000003e+19 1.000000560000000e+19 1.000000000000003e+19 1.000000560000000e+19
 1.000000000000003e+19 1.000000560000000e+19 1.000000000000003e+19 1.000000000000003e+19 1.000000000000003e+19 1.000000000000003e+19 1.000000000000003e+19 1.000000000000003e+19 1.000000000000003e+19 1.000000000000003e+19
 1.000000000000003e+19 1.000000000000003e+19 1.000000000000003e+19 1.000000000000003e+19 1.000000000000003e+19 1.000000000000003e+19 1.000000000000003e+19 1.000000000000003e+19 1.000000000000003e+19 1.000000000000003e+19
 1.000000000000003e+19 1.000000000000003e+19 1.000000000000003e+19 1.000000000000003e+19 1.000000000000003e+19 1.000000000000003e+19 1.000000000000003e+19 1.000000000000003e+19 1.000000000000003e+19 1.000000000000003e+19
 1.000000000000003e+19 1.000000000000003e+19 1.000000000000003e+19 1.000000000000003e+19 1.000000000000003e+19 1.000000000000003e+19 1.000000000000003e+19 1.000000000000003e+19 1.000000000000003e+19 1.000000000000003e+19
 1.000000000000003e+19 1.000000000000003e+19 1.000000000000003e+19 1.000000000000003e+19 1.000000000000003e+19 1.000000000000003e+19 1.000000000000003e+19 1.000000000000003e+19 1.000000000000003e+19 1.000000000000003e+19
 1.000000000000003e+19 1.000000000000003e+19 1.000000000000003e+19 1.000000000000003e+19 1.000000000000003e+19 1.000000000000003e+19 1.000000000000003e+19 1.000000000000003e+19 1.000000000000003e+19 1.000000000000003e+19
 1.000000000000003e+19 1.000000000000003e+19 1.000000000000003e+19 1.000000000000003e+19 1.000000000000003e+19 1.000000000000003e+19 1.000000000000003e+19 1.000000000000003e+19 1.000000000000003e+19 1.000000000000003e+19
 1.000000000000003e+19 1.000000000000003e+19 1.000000000000003e+19 1.000000000000003e+19 1.000000000000003e+19 1.000000000000003e+19 1.000000000000003e+19 1.000000000000003e+19 1.000000000000003e+19 1.000000000000003e+19
 1.000000000000003e+19 1.000000000000003e+19 1.000000000000003e+19 1.000000000000003e+19 1.000000000000003e+19 1.000000000000003e+19 1.000000000000003e+19 1.000000000000003e+19 1.000000000000003e+19 1.000000000000003e+19
 1.000000000000003e+19 1.000000000000003e+19 1.000000000000003e+19 1.000000000000003e+19 1.000000000000003e+19 1.000000000000003e+19 1.000000000000003e+19 1.000000000000003e+19 1.000000000000003e+19 1.000000000000003e+19
 1.000000000000003e+19 1.000000000000003e+19 1.000000000000003e+19 1.000000000000003e+19 1.000000000000003e+19 1.000000000000003e+19 1.000000000000003e+19 1.000000000000003e+19 1.000000000000003e+19 1.000000000000003e+19
 1.000000000000003e+19 1.000000000000003e+19 1.000000000000003e+19 1.000000000000003e+19 1.000000000000003e+19 1.000000000000003e+19 1.000000000000003e+19 1.000000000000003e+19 1.000000000000003e+19 1.000000000000003e+19
 1.000000000000003e+19 1.000000000000003e+19 1.000000000000003e+19 1.000000000000003e+19 1.000000000000003e+19 1.000000000000003e+19 1.000000000000003e+19 1.000000000000003e+19 1.000000000000003e+19 1.000000000000003e+19
 1.000000000000003e+19 1.000000000000003e+19 1.000000000000003e+19 1.000000000000003e+19 1.000000000000003e+19 1.000000000000003e+19 1.000000000000003e+19 1.000000000000003e+19 1.000000000000003e+19 1.000000000000003e+19
 1.000000000000003e+19 1.000000000000003e+19 1.000000000000003e+19 1.000000000000003e+19 1.000000000000003e+19 1.000000000000003e+19 1.000000000000003e+19 1.000000000000003e+19 1.000000000000003e+19 1.000000000000003e+19
 1.000000000000003e+19 1.000000000000003e+19 1.000000000000003e+19 1.000000000000003e+19 1.000000000000003e+19 1.000000000000003e+19 1.000000000000003e+19 1.000000000000003e+19 1.000000000000003e+19 1.000000000000003e+19
 1.000000000000003e+19 1.000000000000003e+19 1.000000000000003e+19 1.000000000000003e+19 1.000000000000003e+19 1.000000000000003e+19 1.000000000000003e+19 1.000000000000003e+19 1.000000000000003e+19 1.000000000000003e+19
 1.000000000000003e+19 1.000000000000003e+19 1.000000000000003e+19 1.000000000000003e+19 1.000000000000003e+19 1.000000000000003e+19 1.000000000000003e+19 1.000000000000003e+19 1.000000000000003e+19 1.000000000000003e+19
 1.000000000000003e+19 1.000000000000003e+19 1.000000000000003e+19 1.000000000000003e+19 1.000000000000003e+19 1.000000000000003e+19 1.000000000000003e+19 1.000000000000003e+19 1.000000000000003e+19 1.000000000000003e+19
 1.000000000000003e+19 1.000000000000003e+19 1.000000000000003e+19 1.000000000000003e+19 1.000000000000003e+19 1.000000000000003e+19 1.000000560000000e+19 1.000000000000003e+19 1.000000560000000e+19 1.000000000000003e+19
 1.000000560000000e+19 1.000000000000003e+19 1.000000560000000e+19 1.000000000000003e+19 1.000000000000003e+19 1.000000000000003e+19 1.000000000000003e+19 1.000000000000003e+19 1.000000000000003e+19 1.000000000000003e+19
 1.000000000000003e+19 1.000000000000003e+19 1.000000000000003e+19 1.000000000000003e+19 1.000000000000003e+19 1.000000000000003e+19 1.000000000000003e+19 1.000000000000003e+19 1.000000000000003e+19 1.000000000000003e+19
 1.000000000000003e+19 1.000000000000003e+19 1.000000000000003e+19 1.000000000000003e+19 1.000000000000003e+19 1.000000000000003e+19 1.000000000000003e+19 1.000000000000003e+19 1.000000000000003e+19 1.000000000000003e+19
 1.000000000000003e+19 1.000000000000003e+19 1.000000000000003e+19 1.000000000000003e+19 1.000000000000003e+19 1.000000000000003e+19 1.000000000000003e+19 1.000000000000003e+19 1.000000000000003e+19 1.000000000000003e+19
 1.000000000000003e+19 1.000000000000003e+19 1.000000000000003e+19 1.000000000000003e+19 1.000000560000000e+19 1.000000000000003e+19 1.000000560000000e+19 1.000000000000003e+19 1.000000560000000e+19 1.000000000000003e+19
 1.000000560000000e+19 1.000000000000003e+19 1.000000000000003e+19 1.000000000000003e+19 1.000000000000003e+19 1.000000000000003e+19 1.000000000000003e+19 1.000000000000003e+19 1.000000000000003e+19 1.000000000000003e+19
 1.000000000000003e+19 1.000000000000003e+19 1.000000000000003e+19 1.000000000000003e+19 1.000000000000003e+19 1.000000000000003e+19 1.000000000000003e+19 1.000000000000003e+19 1.000000000000003e+19 1.000000000000003e+19
 1.000000000000003e+19 1.000000000000003e+19 1.000000000000003e+19 1.000000000000003e+19 1.000000000000003e+19 1.000000000000003e+19 1.000000000000003e+19 1.000000000000003e+19 1.000000000000003e+19 1.000000000000003e+19
 1.000000000000003e+19 1.000000000000003e+19 1.000000000000003e+19 1.000000000000003e+19 1.000000000000003e+19 1.000000000000003e+19 1.000000000000003e+19 1.000000000000003e+19 1.000000000000003e+19 1.000000000000003e+19
 1.000000000000003e+19 1.000000000000003e+19 1.000000000000003e+19 1.000000000000003e+19 1.000000000000003e+19 1.000000000000003e+19 1.000000000000003e+19 1.000000000000003e+19 1.000000000000003e+19 1.000000000000003e+19
 1.000000000000003e+19 1.000000000000003e+19 1.000000000000003e+19 1.000000000000003e+19 1.000000000000003e+19 1.000000000000003e+19 1.000000000000003e+19 1.000000000000003e+19 1.000000000000003e+19 1.000000000000003e+19
 1.000000000000003e+19 1.000000000000003e+19 1.000000000000003e+19 1.000000000000003e+19 1.000000000000003e+19 1.000000000000003e+19 1.000000000000003e+19 1.000000000000003e+19 1.000000000000003e+19 1.000000000000003e+19
 1.000000000000003e+19 1.000000000000003e+19 1.000000000000003e+19 1.000000000000003e+19 1.000000000000003e+19 1.000000000000003e+19 1.000000000000003e+19 1.000000000000003e+19 1.000000000000003e+19 1.000000000000003e+19
 1.000000000000003e+19 1.000000000000003e+19 1.000000000000003e+19 1.000000000000003e+19 1.000000000000003e+19 1.000000000000003e+19 1.000000000000003e+19 1.000000000000003e+19 1.000000000000003e+19 1.000000000000003e+19
 1.000000000000003e+19 1.000000000000003e+19 1.000000000000003e+19 1.000000000000003e+19 1.000000000000003e+19 1.000000000000003e+19 1.000000000000003e+19 1.000000000000003e+19 1.000000000000003e+19 1.000000000000003e+19
 1.000000000000003e+19 1.000000000000003e+19 1.000000000000003e+19 1.000000000000003e+19 1.000000000000003e+19 1.000000000000003e+19 1.000000000000003e+19 1.000000000000003e+19 1.000000000000003e+19 1.000000000000003e+19
 1.000000000000003e+19 1.000000000000003e+19 1.000000000000003e+19 1.000000000000003e+19 1.000000560000000e+19 1.000000000000003e+19 1.000000560000000e+19 1.000000000000003e+19 1.000000560000000e+19 1.000000000000003e+19
 1.000000560000000e+19 1.000000000000003e+19 1.000000000000003e+19 1.000000000000003e+19 1.000000000000003e+19 1.000000000000003e+19 1.000000000000003e+19 1.000000000000003e+19 1.000000000000003e+19 1.000000000000003e+19
 1.000000000000003e+19 1.000000000000003e+19 1.000000000000003e+19 1.000000000000003e+19 1.000000000000003e+19 1.000000000000003e+19 1.000000000000003e+19 1.000000000000003e+19 1.000000000000003e+19 1.000000000000003e+19
 1.000000000000003e+19 1.000000000000003e+19 1.000000000000003e+19 1.000000000000003e+19 1.000000000000003e+19 1.000000000000003e+19 1.000000000000003e+19 1.000000000000003e+19 1.000000000000003e+19 1.000000000000003e+19
 1.000000000000003e+19 1.000000000000003e+19 1.000000000000003e+19 1.000000000000003e+19 1.000000000000003e+19 1.000000000000003e+19 1.000000000000003e+19 1.000000000000003e+19 1.000000000000003e+19 1.000000000000003e+19
 1.000000000000003e+19 1.000000000000003e+19 1.000000000000003e+19 1.000000000000003e+19 1.000000000000003e+19 1.000000000000003e+19 1.000000000000003e+19 1.000000000000003e+19 1.000000000000003e+19 1.000000000000003e+19
 1.000000000000003e+19 1.000000000000003e+19 1.000000000000003e+19 1.000000000000003e+19 1.000000000000003e+19 1.000000000000003e+19 1.000000000000003e+19 1.000000000000003e+19 1.000000000000003e+19 1.000000000000003e+19
 1.000000000000003e+19 1.000000000000003e+19 1.000000000000003e+19 1.000000000000003e+19 1.000000000000003e+19 1.000000000000003e+19 1.000000000000003e+19 1.000000000000003e+19 1.000000000000003e+19 1.000000000000003e+19
 1.000000000000003e+19 1.000000000000003e+19 1.000000000000003e+19 1.000000000000003e+19 1.000000000000003e+19 1.000000000000003e+19 1.000000000000003e+19 1.000000000000003e+19 1.000000560000000e+19 1.000000000000003e+19
 1.000000560000000e+19 1.000000000000003e+19 1.000000560000000e+19 1.000000000000003e+19 1.000000560000000e+19 1.000000000000003e+19 1.000000000000003e+19 1.000000000000003e+19 1.000000000000003e+19 1.000000000000003e+19
 1.000000000000003e+19 1.000000000000003e+19 1.000000000000003e+19 1.000000000000003e+19 1.000000000000003e+19 1.000000000000003e+19 1.000000000000003e+19 1.000000000000003e+19 1.000000000000003e+19 1.000000000000003e+19
 1.000000000000003e+19 1.000000000000003e+19 1.000000000000003e+19 1.000000000000003e+19 1.000000000000003e+19 1.000000000000003e+19 1.000000000000003e+19 1.000000000000003e+19 1.000000000000003e+19 1.000000000000003e+19
 1.000000000000003e+19 1.000000000000003e+19 1.000000000000003e+19 1.000000000000003e+19 1.000000000000003e+19 1.000000000000003e+19 1.000000000000003e+19 1.000000000000003e+19 1.000000000000003e+19 1.000000000000003e+19
 1.000000000000003e+19 1.000000000000003e+19 1.000000000000003e+19 1.000000000000003e+19 1.000000000000003e+19 1.000000000000003e+19 1.000000000000003e+19 1.000000000000003e+19 1.000000000000003e+19 1.000000000000003e+19
 1.000000000000003e+19 1.000000000000003e+19 1.000000000000003e+19 1.000000000000003e+19 1.000000000000003e+19 1.000000000000003e+19 1.000000000000003e+19 1.000000000000003e+19 1.000000000000003e+19 1.000000000000003e+19
 1.000000000000003e+19 1.000000000000003e+19 1.000000000000003e+19 1.000000000000003e+19 1.000000000000003e+19 1.000000000000003e+19 1.000000000000003e+19 1.000000000000003e+19 1.000000000000003e+19 1.000000000000003e+19
 1.000000000000003e+19 1.000000000000003e+19 1.000000000000003e+19 1.000000000000003e+19 1.000000000000003e+19 1.000000000000003e+19 1.000000000000003e+19 1.000000000000003e+19 1.000000000000003e+19 1.000000000000003e+19
 1.000000000000003e+19 1.000000000000003e+19 1.000000000000003e+19 1.000000000000003e+19 1.000000000000003e+19 1.000000000000003e+19 1.000000000000003e+19 1.000000000000003e+19 1.000000000000003e+19 1.000000000000003e+19
 1.000000000000003e+19 1.000000000000003e+19 1.000000000000003e+19 1.000000000000003e+19 1.000000000000003e+19 1.000000000000003e+19 1.000000000000003e+19 1.000000000000003e+19 1.000000000000003e+19 1.000000000000003e+19
 1.000000000000003e+19 1.000000000000003e+19 1.000000000000003e+19 1.000000000000003e+19 1.000000000000003e+19 1.000000000000003e+19 1.000000000000003e+19 1.000000000000003e+19 1.000000000000003e+19 1.000000000000003e+19
 1.000000000000003e+19 1.000000000000003e+19 1.000000000000003e+19 1.000000000000003e+19 1.000000000000003e+19 1.000000000000003e+19 1.000000000000003e+19 1.000000000000003e+19 1.000000000000003e+19 1.000000000000003e+19
 1.000000000000003e+19 1.000000000000003e+19 1.000000000000003e+19 1.000000000000003e+19 1.000000000000003e+19 1.000000000000003e+19 1.000000000000003e+19 1.000000000000003e+19 1.000000000000003e+19 1.000000000000003e+19
 1.000000000000003e+19 1.000000000000003e+19 1.000000000000003e+19 1.000000000000003e+19 1.000000000000003e+19 1.000000000000003e+19 1.000000000000003e+19 1.000000000000003e+19 1.000000000000003e+19 1.000000000000003e+19
 1.000000000000003e+19 1.000000000000003e+19 1.000000000000003e+19 1.000000000000003e+19 1.000000000000003e+19 1.000000000000003e+19 1.000000000000003e+19 1.000000000000003e+19 1.000000000000003e+19 1.000000000000003e+19
 1.000000000000003e+19 1.000000000000003e+19 1.000000000000003e+19 1.000000000000003e+19 1.000000000000003e+19 1.000000000000003e+19 1.000000000000003e+19 1.000000000000003e+19 1.000000000000003e+19 1.000000000000003e+19
 1.000000000000003e+19 1.000000000000003e+19 1.000000000000003e+19 1.000000000000003e+19 1.000000000000003e+19 1.000000000000003e+19 1.000000000000003e+19 1.000000000000003e+19 1.000000000000003e+19 1.000000000000003e+19
 1.000000000000003e+19 1.000000000000003e+19 1.000000000000003e+19 1.000000000000003e+19 1.000000000000003e+19 1.000000000000003e+19 1.000000000000003e+19 1.000000000000003e+19 1.000000000000003e+19 1.000000000000003e+19
 1.000000000000003e+19 1.000000000000003e+19 1.000000000000003e+19 1.000000000000003e+19 1.000000000000003e+19 1.000000000000003e+19 1.000000000000003e+19 1.000000000000003e+19 1.000000000000003e+19 1.000000000000003e+19
 1.000000000000003e+19 1.000000000000003e+19 1.000000000000003e+19 1.000000000000003e+19 1.000000000000003e+19 1.000000000000003e+19 1.000000000000003e+19 1.000000000000003e+19 1.000000000000003e+19 1.000000000000003e+19
 1.000000000000003e+19 1.000000000000003e+19 1.000000000000003e+19 1.000000000000003e+19 1.000000000000003e+19 1.000000000000003e+19 1.000000000000003e+19 1.000000000000003e+19 1.000000000000003e+19 1.000000000000003e+19
 1.000000000000003e+19 1.000000000000003e+19 1.000000000000003e+19 1.000000000000003e+19 1.000000000000003e+19 1.000000000000003e+19 1.000000000000003e+19 1.000000000000003e+19 1.000000000000003e+19 1.000000000000003e+19
 1.000000000000003e+19 1.000000000000003e+19 1.000000000000003e+19 1.000000000000003e+19 1.000000000000003e+19 1.000000000000003e+19 1.000000000000003e+19 1.000000000000003e+19 1.000000000000003e+19 1.000000000000003e+19
 1.000000000000003e+19 1.000000000000003e+19 1.000000000000003e+19 1.000000000000003e+19 1.000000000000003e+19 1.000000000000003e+19 1.000000000000003e+19 1.000000000000003e+19 1.000000000000003e+19 1.000000000000003e+19
 1.000000000000003e+19 1.000000000000003e+19 1.000000000000003e+19 1.000000000000003e+19 1.000000000000003e+19 1.000000000000003e+19 1.000000000000003e+19 1.000000000000003e+19 1.000000000000003e+19 1.000000000000003e+19
 1.000000000000003e+19 1.000000000000003e+19 1.000000000000003e+19 1.000000000000003e+19 1.000000000000003e+19 1.000000000000003e+19 1.000000000000003e+19 1.000000000000003e+19 1.000000000000003e+19 1.000000000000003e+19
 1.000000000000003e+19 1.000000000000003e+19 1.000000000000003e+19 1.000000000000003e+19 1.000000000000003e+19 1.000000000000003e+19 1.000000000000003e+19 1.000000000000003e+19 1.000000000000003e+19 1.000000000000003e+19
 1.000000000000003e+19 1.000000000000003e+19 1.000000000000003e+19 1.000000000000003e+19 1.000000000000003e+19 1.000000000000003e+19 1.000000000000003e+19 1.000000000000003e+19 1.000000000000003e+19 1.000000000000003e+19
 1.000000000000003e+19 1.000000000000003e+19 1.000000000000003e+19 1.000000000000003e+19 1.000000000000003e+19 1.000000000000003e+19 1.000000000000003e+19 1.000000000000003e+19 1.000000000000003e+19 1.000000000000003e+19
 1.000000000000003e+19 1.000000000000003e+19 1.000000000000003e+19 1.000000000000003e+19 1.000000000000003e+19 1.000000000000003e+19 1.000000000000003e+19 1.000000000000003e+19 1.000000000000003e+19 1.000000000000003e+19
 1.000000000000003e+19 1.000000000000003e+19 1.000000000000003e+19 1.000000000000003e+19 1.000000000000003e+19 1.000000000000003e+19 1.000000000000003e+19 1.000000000000003e+19 1.000000000000003e+19 1.000000000000003e+19
 1.000000000000003e+19 1.000000000000003e+19 1.000000000000003e+19 1.000000000000003e+19 1.000000000000003e+19 1.000000000000003e+19 1.000000000000003e+19 1.000000000000003e+19 1.000000000000003e+19 1.000000000000003e+19
 1.000000000000003e+19 1.000000000000003e+19 1.000000000000003e+19 1.000000000000003e+19 1.000000000000003e+19 1.000000000000003e+19 1.000000000000003e+19 1.000000000000003e+19 1.000000000000003e+19 1.000000000000003e+19
 1.000000000000003e+19 1.000000000000003e+19 1.000000000000003e+19 1.000000000000003e+19 1.000000000000003e+19 1.000000000000003e+19 1.000000000000003e+19 1.000000000000003e+19 1.000000000000003e+19 1.000000000000003e+19
 1.000000000000003e+19 1.000000000000003e+19 1.000000000000003e+19 1.000000000000003e+19 1.000000000000003e+19 1.000000000000003e+19 1.000000000000003e+19 1.000000000000003e+19 1.000000000000003e+19 1.000000000000003e+19
 1.000000000000003e+19 1.000000000000003e+19 1.000000000000003e+19 1.000000000000003e+19 1.000000000000003e+19 1.000000000000003e+19 1.000000000000003e+19 1.000000000000003e+19 1.000000000000003e+19 1.000000000000003e+19
 1.000000000000003e+19 1.000000000000003e+19 1.000000000000003e+19 1.000000000000003e+19 1.000000000000003e+19 1.000000000000003e+19 1.000000000000003e+19 1.000000000000003e+19 1.000000000000003e+19 1.000000000000003e+19
 1.000000000000003e+19 1.000000000000003e+19 1.000000000000003e+19 1.000000000000003e+19 1.000000000000003e+19 1.000000000000003e+19 1.000000000000003e+19 1.000000000000003e+19 1.000000000000003e+19 1.000000000000003e+19
 1.000000000000003e+19 1.000000000000003e+19 1.000000000000003e+19 1.000000000000003e+19 1.000000000000003e+19 1.000000000000003e+19 1.000000000000003e+19 1.000000000000003e+19 1.000000000000003e+19 1.000000000000003e+19
 1.000000000000003e+19 1.000000000000003e+19 1.000000000000003e+19 1.000000000000003e+19 1.000000000000003e+19 1.000000000000003e+19 1.000000000000003e+19 1.000000000000003e+19 1.000000000000003e+19 1.000000000000003e+19
 1.000000000000003e+19 1.000000000000003e+19 1.000000000000003e+19 1.000000000000003e+19 1.000000000000003e+19 1.000000000000003e+19 1.000000000000003e+19 1.000000000000003e+19 1.000000000000003e+19 1.000000000000003e+19
 1.000000000000003e+19 1.000000000000003e+19 1.000000000000003e+19 1.000000000000003e+19 1.000000000000003e+19 1.000000000000003e+19 1.000000000000003e+19 1.000000000000003e+19 1.000000000000003e+19 1.000000000000003e+19
 1.000000000000003e+19 1.000000000000003e+19 1.000000000000003e+19 1.000000000000003e+19 1.000000000000003e+19 1.000000000000003e+19 1.000000000000003e+19 1.000000000000003e+19 1.000000000000003e+19 1.000000000000003e+19
 1.000000000000003e+19 1.000000000000003e+19 1.000000000000003e+19 1.000000000000003e+19 1.000000000000003e+19 1.000000000000003e+19 1.000000000000003e+19 1.000000000000003e+19 1.000000000000003e+19 1.000000000000003e+19
 1.000000000000003e+19 1.000000000000003e+19 1.000000000000003e+19 1.000000000000003e+19 1.000000000000003e+19 1.000000000000003e+19 1.000000000000003e+19 1.000000000000003e+19 1.000000000000003e+19 1.000000000000003e+19
 1.000000000000003e+19 1.000000000000003e+19 1.000000000000003e+19 1.000000000000003e+19 1.000000000000003e+19 1.000000000000003e+19 1.000000000000003e+19 1.000000000000003e+19 1.000000000000003e+19 1.000000000000003e+19
 1.000000000000003e+19 1.000000000000003e+19 1.000000000000003e+19 1.000000000000003e+19 1.000000000000003e+19 1.000000000000003e+19 1.000000000000003e+19 1.000000000000003e+19 1.000000000000003e+19 1.000000000000003e+19
 1.000000000000003e+19 1.000000000000003e+19 1.000000000000003e+19 1.000000000000003e+19 1.000000000000003e+19 1.000000000000003e+19 1.000000000000003e+19 1.000000000000003e+19 1.000000000000003e+19 1.000000000000003e+19
 1.000000000000003e+19 1.000000000000003e+19 1.000000000000003e+19 1.000000000000003e+19 1.000000000000003e+19 1.000000000000003e+19 1.000000000000003e+19 1.000000000000003e+19 1.000000000000003e+19 1.000000000000003e+19
 1.000000000000003e+19 1.000000000000003e+19 1.000000000000003e+19 1.000000000000003e+19 1.000000000000003e+19 1.000000000000003e+19 1.000000000000003e+19 1.000000000000003e+19 1.000000000000003e+19 1.000000000000003e+19
 1.000000000000003e+19 1.000000000000003e+19 1.000000000000003e+19 1.000000000000003e+19 1.000000000000003e+19 1.000000000000003e+19 1.000000000000003e+19 1.000000000000003e+19 1.000000000000003e+19 1.000000000000003e+19
 1.000000000000003e+19 1.000000000000003e+19 1.000000000000003e+19 1.000000000000003e+19 1.000000000000003e+19 1.000000000000003e+19 1.000000000000003e+19 1.000000000000003e+19 1.000000000000003e+19 1.000000000000003e+19
 1.000000000000003e+19 1.000000000000003e+19 1.000000000000003e+19 1.000000000000003e+19 1.000000000000003e+19 1.000000000000003e+19 1.000000000000003e+19 1.000000000000003e+19 1.000000000000003e+19 1.000000000000003e+19
 1.000000000000003e+19 1.000000000000003e+19 1.000000000000003e+19 1.000000000000003e+19 1.000000000000003e+19 1.000000000000003e+19 1.000000000000003e+19 1.000000000000003e+19 1.000000000000003e+19 1.000000000000003e+19
 1.000000000000003e+19 1.000000000000003e+19 1.000000000000003e+19 1.000000000000003e+19 1.000000000000003e+19 1.000000000000003e+19 1.000000000000003e+19 1.000000000000003e+19 1.000000000000003e+19 1.000000000000003e+19
 1.000000000000003e+19 1.000000000000003e+19 1.000000000000003e+19 1.000000000000003e+19 1.000000000000003e+19 1.000000000000003e+19 1.000000000000003e+19 1.000000000000003e+19 1.000000000000003e+19 1.000000000000003e+19
 1.000000000000003e+19 1.000000000000003e+19 1.000000000000003e+19 1.000000000000003e+19 1.000000000000003e+19 1.000000000000003e+19 1.000000000000003e+19 1.000000000000003e+19 1.000000000000003e+19 1.000000000000003e+19
 1.000000000000003e+19 1.000000000000003e+19 1.000000000000003e+19 1.000000000000003e+19 1.000000000000003e+19 1.000000000000003e+19 1.000000000000003e+19 1.000000000000003e+19 1.000000000000003e+19 1.000000000000003e+19
 1.000000000000003e+19 1.000000000000003e+19 1.000000000000003e+19 1.000000000000003e+19 1.000000000000003e+19 1.000000000000003e+19 1.000000000000003e+19 1.000000000000003e+19 1.000000000000003e+19 1.000000000000003e+19
 1.000000000000003e+19 1.000000000000003e+19 1.000000000000003e+19 1.000000000000003e+19 1.000000000000003e+19 1.000000000000003e+19 1.000000000000003e+19 1.000000000000003e+19 1.000000000000003e+19 1.000000000000003e+19
 1.000000000000003e+19 1.000000000000003e+19 1.000000000000003e+19 1.000000000000003e+19 1.000000000000003e+19 1.000000000000003e+19 1.000000000000003e+19 1.000000000000003e+19 1.000000000000003e+19 1.000000560000000e+19
 1.000000000000003e+19 1.000000560000000e+19 1.000000000000003e+19 1.000000560000000e+19 1.000000000000003e+19 1.000000560000000e+19 1.000000000000003e+19 1.000000000000003e+19 1.000000000000003e+19 1.000000000000003e+19
 1.000000000000003e+19 1.000000000000003e+19 1.000000000000003e+19 1.000000000000003e+19 1.000000000000003e+19 1.000000000000003e+19 1.000000000000003e+19 1.000000000000003e+19 1.000000000000003e+19 1.000000000000003e+19
 1.000000000000003e+19 1.000000000000003e+19 1.000000000000003e+19 1.000000000000003e+19 1.000000000000003e+19 1.000000000000003e+19 1.000000000000003e+19 1.000000000000003e+19 1.000000000000003e+19 1.000000000000003e+19
 1.000000000000003e+19 1.000000000000003e+19 1.000000000000003e+19 1.000000000000003e+19 1.000000000000003e+19 1.000000000000003e+19 1.000000000000003e+19 1.000000000000003e+19 1.000000000000003e+19 1.000000000000003e+19
 1.000000000000003e+19 1.000000000000003e+19 1.000000000000003e+19 1.000000000000003e+19 1.000000000000003e+19 1.000000000000003e+19 1.000000000000003e+19 1.000000560000000e+19 1.000000000000003e+19 1.000000560000000e+19
 1.000000000000003e+19 1.000000560000000e+19 1.000000000000003e+19 1.000000560000000e+19 1.000000000000003e+19 1.000000000000003e+19 1.000000000000003e+19 1.000000000000003e+19 1.000000000000003e+19 1.000000000000003e+19
 1.000000000000003e+19 1.000000000000003e+19 1.000000000000003e+19 1.000000000000003e+19 1.000000000000003e+19 1.000000000000003e+19 1.000000000000003e+19 1.000000000000003e+19 1.000000000000003e+19 1.000000000000003e+19
 1.000000000000003e+19 1.000000000000003e+19 1.000000000000003e+19 1.000000000000003e+19 1.000000000000003e+19 1.000000000000003e+19 1.000000000000003e+19 1.000000000000003e+19 1.000000000000003e+19 1.000000000000003e+19
 1.000000000000003e+19 1.000000000000003e+19 1.000000000000003e+19 1.000000000000003e+19 1.000000000000003e+19 1.000000000000003e+19 1.000000000000003e+19 1.000000000000003e+19 1.000000000000003e+19 1.000000000000003e+19
 1.000000000000003e+19 1.000000000000003e+19 1.000000000000003e+19 1.000000000000003e+19 1.000000000000003e+19 1.000000000000003e+19 1.000000000000003e+19 1.000000000000003e+19 1.000000000000003e+19 1.000000000000003e+19
 1.000000000000003e+19 1.000000000000003e+19 1.000000000000003e+19 1.000000000000003e+19 1.000000000000003e+19 1.000000000000003e+19 1.000000000000003e+19 1.000000000000003e+19 1.000000000000003e+19 1.000000000000003e+19
 1.000000000000003e+19 1.000000000000003e+19 1.000000000000003e+19 1.000000000000003e+19 1.000000000000003e+19 1.000000000000003e+19 1.000000000000003e+19 1.000000000000003e+19 1.000000000000003e+19 1.000000000000003e+19
 1.000000000000003e+19 1.000000000000003e+19 1.000000000000003e+19 1.000000000000003e+19 1.000000000000003e+19 1.000000000000003e+19 1.000000000000003e+19 1.000000000000003e+19 1.000000000000003e+19 1.000000000000003e+19
 1.000000000000003e+19 1.000000000000003e+19 1.000000000000003e+19 1.000000000000003e+19 1.000000000000003e+19 1.000000000000003e+19 1.000000000000003e+19 1.000000000000003e+19 1.000000000000003e+19 1.000000000000003e+19
 1.000000000000003e+19 1.000000000000003e+19 1.000000000000003e+19 1.000000000000003e+19 1.000000000000003e+19 1.000000000000003e+19 1.000000000000003e+19 1.000000000000003e+19 1.000000000000003e+19 1.000000000000003e+19
 1.000000000000003e+19 1.000000000000003e+19 1.000000000000003e+19 1.000000000000003e+19 1.000000000000003e+19 1.000000000000003e+19 1.000000000000003e+19 1.000000000000003e+19 1.000000000000003e+19 1.000000000000003e+19
 1.000000000000003e+19 1.000000000000003e+19 1.000000000000003e+19 1.000000000000003e+19 1.000000000000003e+19 1.000000000000003e+19 1.000000000000003e+19 1.000000560000000e+19 1.000000000000003e+19 1.000000560000000e+19
 1.000000000000003e+19 1.000000560000000e+19 1.000000000000003e+19 1.000000560000000e+19 1.000000000000003e+19 1.000000000000003e+19 1.000000000000003e+19 1.000000000000003e+19 1.000000000000003e+19 1.000000000000003e+19
 1.000000000000003e+19 1.000000000000003e+19 1.000000000000003e+19 1.000000000000003e+19 1.000000000000003e+19 1.000000000000003e+19 1.000000000000003e+19 1.000000000000003e+19 1.000000000000003e+19 1.000000000000003e+19
 1.000000000000003e+19 1.000000000000003e+19 1.000000000000003e+19 1.000000000000003e+19 1.000000000000003e+19 1.000000000000003e+19 1.000000000000003e+19 1.000000000000003e+19 1.000000000000003e+19 1.000000000000003e+19
 1.000000000000003e+19 1.000000000000003e+19 1.000000000000003e+19 1.000000000000003e+19 1.000000000000003e+19 1.000000000000003e+19 1.000000000000003e+19 1.000000000000003e+19 1.000000000000003e+19 1.000000000000003e+19
 1.000000000000003e+19 1.000000000000003e+19 1.000000000000003e+19 1.000000000000003e+19 1.000000000000003e+19 1.000000000000003e+19 1.000000000000003e+19 1.000000000000003e+19 1.000000000000003e+19 1.000000000000003e+19
 1.000000000000003e+19 1.000000000000003e+19 1.000000000000003e+19 1.000000000000003e+19 1.000000000000003e+19 1.000000000000003e+19 1.000000000000003e+19 1.000000000000003e+19 1.000000000000003e+19 1.000000000000003e+19
 1.000000000000003e+19 1.000000000000003e+19 1.000000000000003e+19 1.000000000000003e+19 1.000000000000003e+19 1.000000000000003e+19 1.000000000000003e+19 1.000000000000003e+19 1.000000000000003e+19 1.000000000000003e+19
 1.000000000000003e+19 1.000000000000003e+19 1.000000000000003e+19 1.000000000000003e+19 1.000000000000003e+19 1.000000000000003e+19 1.000000000000003e+19 1.000000000000003e+19 1.000000000000003e+19 1.000000000000003e+19
 1.000000000000003e+19 1.000000560000000e+19 1.000000000000003e+19 1.000000560000000e+19 1.000000000000003e+19 1.000000560000000e+19 1.000000000000003e+19 1.000000560000000e+19 1.000000000000003e+19 1.000000000000003e+19
 1.000000000000003e+19 1.000000000000003e+19 1.000000000000003e+19 1.000000000000003e+19 1.000000000000003e+19 1.000000000000003e+19 1.000000000000003e+19 1.000000000000003e+19 1.000000000000003e+19 1.000000000000003e+19
 1.000000000000003e+19 1.000000000000003e+19 1.000000000000003e+19 1.000000000000003e+19 1.000000000000003e+19 1.000000000000003e+19 1.000000000000003e+19 1.000000000000003e+19 1.000000000000003e+19 1.000000000000003e+19
 1.000000000000003e+19 1.000000000000003e+19 1.000000000000003e+19 1.000000000000003e+19 1.000000000000003e+19 1.000000000000003e+19 1.000000000000003e+19 1.000000000000003e+19 1.000000000000003e+19 1.000000000000003e+19
 1.000000000000003e+19 1.000000000000003e+19 1.000000000000003e+19 1.000000000000003e+19 1.000000000000003e+19 1.000000000000003e+19 1.000000000000003e+19 1.000000000000003e+19 1.000000000000003e+19 1.000000000000003e+19
 1.000000000000003e+19 1.000000000000003e+19 1.000000000000003e+19 1.000000000000003e+19 1.000000000000003e+19 1.000000000000003e+19 1.000000000000003e+19 1.000000000000003e+19 1.000000000000003e+19 1.000000000000003e+19
 1.000000000000003e+19 1.000000000000003e+19 1.000000000000003e+19 1.000000000000003e+19 1.000000000000003e+19 1.000000000000003e+19 1.000000000000003e+19 1.000000000000003e+19 1.000000000000003e+19 1.000000000000003e+19
 1.000000000000003e+19 1.000000000000003e+19 1.000000000000003e+19 1.000000000000003e+19 1.000000000000003e+19 1.000000000000003e+19 1.000000000000003e+19 1.000000000000003e+19 1.000000000000003e+19 1.000000000000003e+19
 1.000000000000003e+19 1.000000000000003e+19 1.000000000000003e+19 1.000000000000003e+19 1.000000000000003e+19 1.000000000000003e+19 1.000000000000003e+19 1.000000000000003e+19 1.000000000000003e+19 1.000000000000003e+19
 1.000000000000003e+19 1.000000000000003e+19 1.000000000000003e+19 1.000000000000003e+19 1.000000000000003e+19 1.000000000000003e+19 1.000000000000003e+19 1.000000000000003e+19 1.000000000000003e+19 1.000000000000003e+19
 1.000000000000003e+19 1.000000000000003e+19 1.000000000000003e+19 1.000000000000003e+19 1.000000000000003e+19 1.000000000000003e+19 1.000000000000003e+19 1.000000000000003e+19 1.000000000000003e+19 1.000000000000003e+19
 1.000000000000003e+19 1.000000000000003e+19 1.000000000000003e+19 1.000000000000003e+19 1.000000000000003e+19 1.000000000000003e+19 1.000000000000003e+19 1.000000000000003e+19 1.000000000000003e+19 1.000000000000003e+19
 1.000000000000003e+19 1.000000000000003e+19 1.000000000000003e+19 1.000000000000003e+19 1.000000000000003e+19 1.000000000000003e+19 1.000000000000003e+19 1.000000000000003e+19 1.000000000000003e+19 1.000000000000003e+19
 1.000000000000003e+19 1.000000000000003e+19 1.000000000000003e+19 1.000000000000003e+19 1.000000000000003e+19 1.000000000000003e+19 1.000000000000003e+19 1.000000000000003e+19 1.000000000000003e+19 1.000000000000003e+19
 1.000000000000003e+19 1.000000000000003e+19 1.000000000000003e+19 1.000000000000003e+19 1.000000000000003e+19 1.000000000000003e+19 1.000000000000003e+19 1.000000000000003e+19 1.000000000000003e+19 1.000000000000003e+19
 1.000000000000003e+19 1.000000000000003e+19 1.000000000000003e+19 1.000000000000003e+19 1.000000000000003e+19 1.000000000000003e+19 1.000000000000003e+19 1.000000000000003e+19 1.000000000000003e+19 1.000000000000003e+19
 1.000000000000003e+19 1.000000000000003e+19 1.000000000000003e+19 1.000000000000003e+19 1.000000000000003e+19 1.000000000000003e+19 1.000000000000003e+19 1.000000000000003e+19 1.000000000000003e+19 1.000000000000003e+19
 1.000000000000003e+19 1.000000000000003e+19 1.000000000000003e+19 1.000000000000003e+19 1.000000000000003e+19 1.000000000000003e+19 1.000000000000003e+19 1.000000000000003e+19 1.000000000000003e+19 1.000000000000003e+19
 1.000000000000003e+19 1.000000000000003e+19 1.000000000000003e+19 1.000000000000003e+19 1.000000000000003e+19 1.000000000000003e+19 1.000000000000003e+19 1.000000000000003e+19 1.000000000000003e+19 1.000000000000003e+19
 1.000000000000003e+19 1.000000000000003e+19 1.000000000000003e+19 1.000000000000003e+19 1.000000000000003e+19 1.000000000000003e+19 1.000000000000003e+19 1.000000000000003e+19 1.000000000000003e+19 1.000000000000003e+19
 1.000000000000003e+19 1.000000000000003e+19 1.000000000000003e+19 1.000000000000003e+19 1.000000000000003e+19 1.000000000000003e+19 1.000000000000003e+19 1.000000000000003e+19 1.000000000000003e+19 1.000000000000003e+19
 1.000000000000003e+19 1.000000000000003e+19 1.000000000000003e+19 1.000000000000003e+19 1.000000000000003e+19 1.000000000000003e+19 1.000000000000003e+19 1.000000000000003e+19 1.000000000000003e+19 1.000000000000003e+19
 1.000000000000003e+19 1.000000000000003e+19 1.000000000000003e+19 1.000000000000003e+19 1.000000000000003e+19 1.000000000000003e+19 1.000000000000003e+19 1.000000000000003e+19 1.000000000000003e+19 1.000000000000003e+19
 1.000000000000003e+19 1.000000000000003e+19 1.000000000000003e+19 1.000000000000003e+19 1.000000000000003e+19 1.000000000000003e+19 1.000000000000003e+19 1.000000000000003e+19 1.000000000000003e+19 1.000000000000003e+19
 1.000000000000003e+19 1.000000000000003e+19 1.000000000000003e+19 1.000000000000003e+19 1.000000000000003e+19 1.000000000000003e+19 1.000000000000003e+19 1.000000000000003e+19 1.000000000000003e+19 1.000000000000003e+19
 1.000000000000003e+19 1.000000000000003e+19 1.000000000000003e+19 1.000000000000003e+19 1.000000000000003e+19 1.000000000000003e+19 1.000000000000003e+19 1.000000000000003e+19 1.000000000000003e+19 1.000000000000003e+19
 1.000000000000003e+19 1.000000000000003e+19 1.000000000000003e+19 1.000000000000003e+19 1.000000000000003e+19 1.000000000000003e+19 1.000000000000003e+19 1.000000000000003e+19 1.000000000000003e+19 1.000000000000003e+19
 1.000000000000003e+19 1.000000000000003e+19 1.000000000000003e+19 1.000000000000003e+19 1.000000000000003e+19 1.000000000000003e+19 1.000000000000003e+19 1.000000000000003e+19 1.000000000000003e+19 1.000000000000003e+19
 1.000000000000003e+19 1.000000000000003e+19 1.000000000000003e+19 1.000000000000003e+19 1.000000000000003e+19 1.000000000000003e+19 1.000000000000003e+19 1.000000000000003e+19 1.000000000000003e+19 1.000000000000003e+19
 1.000000000000003e+19 1.000000000000003e+19 1.000000000000003e+19 1.000000000000003e+19 1.000000000000003e+19 1.000000000000003e+19 1.000000000000003e+19 1.000000000000003e+19 1.000000000000003e+19 1.000000000000003e+19
 1.000000000000003e+19 1.000000000000003e+19 1.000000000000003e+19 1.000000000000003e+19 1.000000000000003e+19 1.000000000000003e+19 1.000000000000003e+19 1.000000000000003e+19 1.000000000000003e+19 1.000000000000003e+19
 1.000000000000003e+19 1.000000000000003e+19 1.000000000000003e+19 1.000000000000003e+19 1.000000000000003e+19 1.000000000000003e+19 1.000000000000003e+19 1.000000000000003e+19 1.000000000000003e+19 1.000000000000003e+19
 1.000000000000003e+19 1.000000000000003e+19 1.000000000000003e+19 1.000000000000003e+19 1.000000000000003e+19 1.000000000000003e+19 1.000000000000003e+19 1.000000000000003e+19 1.000000000000003e+19 1.000000000000003e+19
 1.000000000000003e+19 1.000000000000003e+19 1.000000000000003e+19 1.000000000000003e+19 1.000000000000003e+19 1.000000000000003e+19 1.000000000000003e+19 1.000000000000003e+19 1.000000000000003e+19 1.000000000000003e+19
 1.000000000000003e+19 1.000000560000000e+19 1.000000000000003e+19 1.000000560000000e+19 1.000000000000003e+19 1.000000560000000e+19 1.000000000000003e+19 1.000000560000000e+19 1.000000000000003e+19 1.000000000000003e+19
 1.000000000000003e+19 1.000000000000003e+19 1.000000000000003e+19 1.000000000000003e+19 1.000000000000003e+19 1.000000000000003e+19 1.000000000000003e+19 1.000000000000003e+19 1.000000000000003e+19 1.000000000000003e+19
 1.000000000000003e+19 1.000000000000003e+19 1.000000000000003e+19 1.000000000000003e+19 1.000000000000003e+19 1.000000000000003e+19 1.000000000000003e+19 1.000000000000003e+19 1.000000000000003e+19 1.000000000000003e+19
 1.000000000000003e+19 1.000000000000003e+19 1.000000000000003e+19 1.000000000000003e+19 1.000000000000003e+19 1.000000000000003e+19 1.000000000000003e+19 1.000000000000003e+19 1.000000000000003e+19 1.000000000000003e+19
 1.000000000000003e+19 1.000000000000003e+19 1.000000000000003e+19 1.000000000000003e+19 1.000000000000003e+19 1.000000000000003e+19 1.000000000000003e+19 1.000000000000003e+19 1.000000000000003e+19 1.000000000000003e+19
 1.000000000000003e+19 1.000000000000003e+19 1.000000000000003e+19 1.000000000000003e+19 1.000000000000003e+19 1.000000000000003e+19 1.000000000000003e+19 1.000000000000003e+19 1.000000000000003e+19 1.000000000000003e+19
 1.000000000000003e+19 1.000000000000003e+19 1.000000000000003e+19 1.000000000000003e+19 1.000000000000003e+19 1.000000000000003e+19 1.000000000000003e+19 1.000000000000003e+19 1.000000000000003e+19 1.000000000000003e+19
 1.000000000000003e+19 1.000000000000003e+19 1.000000000000003e+19 1.000000000000003e+19 1.000000000000003e+19 1.000000000000003e+19 1.000000000000003e+19 1.000000000000003e+19 1.000000000000003e+19 1.000000000000003e+19
 1.000000000000003e+19 1.000000000000003e+19 1.000000000000003e+19 1.000000000000003e+19 1.000000000000003e+19 1.000000560000000e+19 1.000000000000003e+19 1.000000560000000e+19 1.000000000000003e+19 1.000000560000000e+19
 1.000000000000003e+19 1.000000560000000e+19 1.000000000000003e+19 1.000000000000003e+19 1.000000000000003e+19 1.000000000000003e+19 1.000000000000003e+19 1.000000000000003e+19 1.000000000000003e+19 1.000000000000003e+19
 1.000000000000003e+19 1.000000000000003e+19 1.000000000000003e+19 1.000000000000003e+19 1.000000000000003e+19 1.000000000000003e+19 1.000000000000003e+19 1.000000000000003e+19 1.000000000000003e+19 1.000000000000003e+19
 1.000000000000003e+19 1.000000000000003e+19 1.000000000000003e+19 1.000000000000003e+19 1.000000000000003e+19 1.000000000000003e+19 1.000000000000003e+19 1.000000000000003e+19 1.000000000000003e+19 1.000000000000003e+19
 1.000000000000003e+19 1.000000000000003e+19 1.000000000000003e+19 1.000000000000003e+19 1.000000000000003e+19 1.000000000000003e+19 1.000000000000003e+19 1.000000000000003e+19 1.000000000000003e+19 1.000000000000003e+19
 1.000000000000003e+19 1.000000000000003e+19 1.000000000000003e+19 1.000000000000003e+19 1.000000000000003e+19 1.000000000000003e+19 1.000000000000003e+19 1.000000000000003e+19 1.000000000000003e+19 1.000000000000003e+19
 1.000000000000003e+19 1.000000000000003e+19 1.000000000000003e+19 1.000000000000003e+19 1.000000000000003e+19 1.000000000000003e+19 1.000000000000003e+19 1.000000000000003e+19 1.000000000000003e+19 1.000000000000003e+19
 1.000000000000003e+19 1.000000000000003e+19 1.000000000000003e+19 1.000000000000003e+19 1.000000000000003e+19 1.000000000000003e+19 1.000000000000003e+19 1.000000000000003e+19 1.000000000000003e+19 1.000000000000003e+19
 1.000000000000003e+19 1.000000000000003e+19 1.000000000000003e+19 1.000000000000003e+19 1.000000000000003e+19 1.000000000000003e+19 1.000000000000003e+19 1.000000000000003e+19 1.000000000000003e+19 1.000000000000003e+19
 1.000000000000003e+19 1.000000000000003e+19 1.000000000000003e+19 1.000000000000003e+19 1.000000000000003e+19 1.000000000000003e+19 1.000000000000003e+19 1.000000000000003e+19 1.000000000000003e+19 1.000000000000003e+19
 1.000000000000003e+19 1.000000000000003e+19 1.000000000000003e+19 1.000000000000003e+19 1.000000000000003e+19 1.000000000000003e+19 1.000000000000003e+19 1.000000000000003e+19 1.000000000000003e+19 1.000000000000003e+19
 1.000000000000003e+19 1.000000000000003e+19 1.000000000000003e+19 1.000000000000003e+19 1.000000000000003e+19 1.000000000000003e+19 1.000000000000003e+19 1.000000000000003e+19 1.000000000000003e+19 1.000000000000003e+19
 1.000000000000003e+19 1.000000000000003e+19 1.000000000000003e+19 1.000000000000003e+19 1.000000000000003e+19 1.000000000000003e+19 1.000000000000003e+19 1.000000000000003e+19 1.000000000000003e+19 1.000000000000003e+19
 1.000000000000003e+19 1.000000000000003e+19 1.000000000000003e+19 1.000000000000003e+19 1.000000000000003e+19 1.000000000000003e+19 1.000000000000003e+19 1.000000000000003e+19 1.000000000000003e+19 1.000000000000003e+19
 1.000000000000003e+19 1.000000000000003e+19 1.000000000000003e+19 1.000000000000003e+19 1.000000000000003e+19 1.000000000000003e+19 1.000000000000003e+19 1.000000000000003e+19 1.000000000000003e+19 1.000000000000003e+19
 1.000000000000003e+19 1.000000000000003e+19 1.000000000000003e+19 1.000000000000003e+19 1.000000000000003e+19 1.000000000000003e+19 1.000000000000003e+19 1.000000000000003e+19 1.000000000000003e+19 1.000000000000003e+19
 1.000000000000003e+19 1.000000000000003e+19 1.000000000000003e+19 1.000000000000003e+19 1.000000000000003e+19 1.000000000000003e+19 1.000000000000003e+19 1.000000000000003e+19 1.000000000000003e+19 1.000000000000003e+19
 1.000000000000003e+19 1.000000000000003e+19 1.000000000000003e+19 1.000000000000003e+19 1.000000000000003e+19 1.000000000000003e+19 1.000000000000003e+19 1.000000000000003e+19 1.000000000000003e+19 1.000000000000003e+19
 1.000000000000003e+19 1.000000000000003e+19 1.000000000000003e+19 1.000000000000003e+19 1.000000000000003e+19 1.000000000000003e+19 1.000000000000003e+19 1.000000000000003e+19 1.000000000000003e+19 1.000000000000003e+19
 1.000000000000003e+19 1.000000000000003e+19 1.000000000000003e+19 1.000000000000003e+19 1.000000000000003e+19 1.000000000000003e+19 1.000000000000003e+19 1.000000000000003e+19 1.000000000000003e+19 1.000000000000003e+19
 1.000000000000003e+19 1.000000000000003e+19 1.000000000000003e+19 1.000000000000003e+19 1.000000000000003e+19 1.000000000000003e+19 1.000000000000003e+19 1.000000000000003e+19 1.000000000000003e+19 1.000000000000003e+19
 1.000000000000003e+19 1.000000000000003e+19 1.000000000000003e+19 1.000000000000003e+19 1.000000000000003e+19 1.000000000000003e+19 1.000000000000003e+19 1.000000560000000e+19 1.000000000000003e+19 1.000000560000000e+19
 1.000000000000003e+19 1.000000560000000e+19 1.000000000000003e+19 1.000000560000000e+19 1.000000000000003e+19 1.000000000000003e+19 1.000000000000003e+19 1.000000000000003e+19 1.000000000000003e+19 1.000000000000003e+19
 1.000000000000003e+19 1.000000000000003e+19 1.000000000000003e+19 1.000000000000003e+19 1.000000000000003e+19 1.000000000000003e+19 1.000000000000003e+19 1.000000000000003e+19 1.000000000000003e+19 1.000000000000003e+19
 1.000000000000003e+19 1.000000000000003e+19 1.000000000000003e+19 1.000000000000003e+19 1.000000000000003e+19 1.000000000000003e+19 1.000000000000003e+19 1.000000000000003e+19 1.000000000000003e+19 1.000000000000003e+19
 1.000000000000003e+19 1.000000000000003e+19 1.000000000000003e+19 1.000000000000003e+19 1.000000000000003e+19 1.000000000000003e+19 1.000000000000003e+19 1.000000000000003e+19 1.000000000000003e+19 1.000000000000003e+19
 1.000000000000003e+19 1.000000000000003e+19 1.000000000000003e+19 1.000000000000003e+19 1.000000000000003e+19 1.000000000000003e+19 1.000000000000003e+19 1.000000000000003e+19 1.000000000000003e+19 1.000000000000003e+19
 1.000000000000003e+19 1.000000000000003e+19 1.000000000000003e+19 1.000000000000003e+19 1.000000000000003e+19 1.000000000000003e+19 1.000000000000003e+19 1.000000000000003e+19 1.000000000000003e+19 1.000000000000003e+19
 1.000000000000003e+19 1.000000000000003e+19 1.000000000000003e+19 1.000000000000003e+19 1.000000000000003e+19 1.000000000000003e+19 1.000000000000003e+19 1.000000000000003e+19 1.000000000000003e+19 1.000000000000003e+19
 1.000000000000003e+19 1.000000000000003e+19 1.000000000000003e+19 1.000000000000003e+19 1.000000000000003e+19 1.000000000000003e+19 1.000000000000003e+19 1.000000000000003e+19 1.000000000000003e+19 1.000000000000003e+19
 1.000000000000003e+19 1.000000000000003e+19 1.000000000000003e+19 1.000000000000003e+19 1.000000000000003e+19 1.000000000000003e+19 1.000000000000003e+19 1.000000000000003e+19 1.000000000000003e+19 1.000000000000003e+19
 1.000000000000003e+19 1.000000000000003e+19 1.000000000000003e+19 1.000000000000003e+19 1.000000000000003e+19 1.000000000000003e+19 1.000000000000003e+19 1.000000000000003e+19 1.000000000000003e+19 1.000000000000003e+19
 1.000000000000003e+19 1.000000000000003e+19 1.000000000000003e+19 1.000000000000003e+19 1.000000000000003e+19 1.000000000000003e+19 1.000000000000003e+19 1.000000000000003e+19 1.000000000000003e+19 1.000000000000003e+19
 1.000000000000003e+19 1.000000000000003e+19 1.000000000000003e+19 1.000000000000003e+19 1.000000000000003e+19 1.000000000000003e+19 1.000000000000003e+19 1.000000000000003e+19 1.000000000000003e+19 1.000000000000003e+19
 1.000000000000003e+19 1.000000000000003e+19 1.000000000000003e+19 1.000000000000003e+19 1.000000000000003e+19 1.000000000000003e+19 1.000000000000003e+19 1.000000000000003e+19 1.000000000000003e+19 1.000000000000003e+19
 1.000000000000003e+19 1.000000000000003e+19 1.000000000000003e+19 1.000000000000003e+19 1.000000000000003e+19 1.000000000000003e+19 1.000000000000003e+19 1.000000000000003e+19 1.000000000000003e+19 1.000000000000003e+19
 1.000000000000003e+19 1.000000000000003e+19 1.000000000000003e+19 1.000000000000003e+19 1.000000000000003e+19 1.000000560000000e+19 1.000000000000003e+19 1.000000560000000e+19 1.000000000000003e+19 1.000000000000003e+19
 1.000000000000003e+19 1.000000000000003e+19 1.000000000000003e+19 1.000000000000003e+19 1.000000000000003e+19 1.000000000000003e+19 1.000000000000003e+19 1.000000000000003e+19 1.000000000000003e+19 1.000000000000003e+19
 1.000000000000003e+19 1.000000000000003e+19 1.000000000000003e+19 1.000000000000003e+19 1.000000000000003e+19 1.000000000000003e+19 1.000000000000003e+19 1.000000000000003e+19 1.000000000000003e+19 1.000000000000003e+19
 1.000000000000003e+19 1.000000000000003e+19 1.000000000000003e+19 1.000000000000003e+19 1.000000000000003e+19 1.000000000000003e+19 1.000000000000003e+19 1.000000000000003e+19 1.000000000000003e+19 1.000000000000003e+19
 1.000000000000003e+19 1.000000000000003e+19 1.000000000000003e+19 1.000000000000003e+19 1.000000000000003e+19 1.000000000000003e+19 1.000000000000003e+19 1.000000000000003e+19 1.000000000000003e+19 1.000000000000003e+19
 1.000000000000003e+19 1.000000000000003e+19 1.000000000000003e+19 1.000000000000003e+19 1.000000000000003e+19 1.000000000000003e+19 1.000000000000003e+19 1.000000000000003e+19 1.000000000000003e+19 1.000000000000003e+19
 1.000000000000003e+19 1.000000000000003e+19 1.000000000000003e+19 1.000000000000003e+19 1.000000000000003e+19 1.000000000000003e+19 1.000000000000003e+19 1.000000000000003e+19 1.000000000000003e+19 1.000000000000003e+19
 1.000000000000003e+19 1.000000000000003e+19 1.000000000000003e+19 1.000000000000003e+19 1.000000000000003e+19 1.000000000000003e+19 1.000000000000003e+19 1.000000000000003e+19 1.000000000000003e+19 1.000000560000000e+19
 1.000000000000003e+19 1.000000000000003e+19 1.000000000000003e+19 1.000000000000003e+19 1.000000000000003e+19 1.000000000000003e+19 1.000000000000003e+19 1.000000000000003e+19 1.000000000000003e+19 1.000000000000003e+19
 1.000000000000003e+19 1.000000000000003e+19 1.000000000000003e+19 1.000000000000003e+19 1.000000000000003e+19 1.000000000000003e+19 1.000000000000003e+19 1.000000000000003e+19 1.000000000000003e+19 1.000000000000003e+19
 1.000000000000003e+19 1.000000000000003e+19 1.000000000000003e+19 1.000000000000003e+19 1.000000000000003e+19 1.000000000000003e+19 1.000000000000003e+19 1.000000000000003e+19 1.000000000000003e+19 1.000000000000003e+19
 1.000000000000003e+19 1.000000000000003e+19 1.000000000000003e+19 1.000000000000003e+19 1.000000000000003e+19 1.000000000000003e+19 1.000000000000003e+19 1.000000000000003e+19 1.000000000000003e+19 1.000000000000003e+19
 1.000000000000003e+19 1.000000000000003e+19 1.000000000000003e+19 1.000000000000003e+19 1.000000000000003e+19 1.000000000000003e+19 1.000000000000003e+19 1.000000000000003e+19 1.000000000000003e+19 1.000000000000003e+19
 1.000000000000003e+19 1.000000000000003e+19 1.000000000000003e+19 1.000000000000003e+19 1.000000000000003e+19 1.000000000000003e+19 1.000000000000003e+19 1.000000000000003e+19 1.000000000000003e+19 1.000000000000003e+19
 1.000000000000003e+19 1.000000000000003e+19 1.000000000000003e+19 1.000000000000003e+19 1.000000000000003e+19 1.000000000000003e+19 1.000000000000003e+19 1.000000000000003e+19 1.000000000000003e+19 1.000000000000003e+19
 1.000000000000003e+19 1.000000560000000e+19 1.000000560000000e+19 1.000000000000003e+19 1.000000000000003e+19
    }
  }

  Dataset ("PMIUserField0") {
    function  = PMIUserField0
    type      = scalar
    dimension = 1
    location  = vertex
    validity  = [ "n_plus" ]
    Values (2405) {
 0.000000000000000e+00 0.000000000000000e+00 0.000000000000000e+00 0.000000000000000e+00 0.000000000000000e+00 0.000000000000000e+00 0.000000000000000e+00 0.000000000000000e+00 0.000000000000000e+00 0.000000000000000e+00
 0.000000000000000e+00 0.000000000000000e+00 0.000000000000000e+00 0.000000000000000e+00 0.000000000000000e+00 0.000000000000000e+00 0.000000000000000e+00 0.000000000000000e+00 0.000000000000000e+00 0.000000000000000e+00
 0.000000000000000e+00 0.000000000000000e+00 0.000000000000000e+00 0.000000000000000e+00 0.000000000000000e+00 0.000000000000000e+00 0.000000000000000e+00 0.000000000000000e+00 0.000000000000000e+00 0.000000000000000e+00
 0.000000000000000e+00 0.000000000000000e+00 0.000000000000000e+00 0.000000000000000e+00 0.000000000000000e+00 0.000000000000000e+00 0.000000000000000e+00 0.000000000000000e+00 0.000000000000000e+00 0.000000000000000e+00
 0.000000000000000e+00 0.000000000000000e+00 0.000000000000000e+00 0.000000000000000e+00 0.000000000000000e+00 0.000000000000000e+00 0.000000000000000e+00 0.000000000000000e+00 0.000000000000000e+00 0.000000000000000e+00
 0.000000000000000e+00 0.000000000000000e+00 0.000000000000000e+00 0.000000000000000e+00 0.000000000000000e+00 0.000000000000000e+00 0.000000000000000e+00 0.000000000000000e+00 0.000000000000000e+00 0.000000000000000e+00
 0.000000000000000e+00 0.000000000000000e+00 0.000000000000000e+00 0.000000000000000e+00 0.000000000000000e+00 0.000000000000000e+00 0.000000000000000e+00 0.000000000000000e+00 0.000000000000000e+00 0.000000000000000e+00
 0.000000000000000e+00 0.000000000000000e+00 0.000000000000000e+00 0.000000000000000e+00 0.000000000000000e+00 0.000000000000000e+00 0.000000000000000e+00 0.000000000000000e+00 0.000000000000000e+00 0.000000000000000e+00
 0.000000000000000e+00 0.000000000000000e+00 0.000000000000000e+00 0.000000000000000e+00 0.000000000000000e+00 0.000000000000000e+00 0.000000000000000e+00 0.000000000000000e+00 0.000000000000000e+00 0.000000000000000e+00
 0.000000000000000e+00 0.000000000000000e+00 0.000000000000000e+00 0.000000000000000e+00 0.000000000000000e+00 0.000000000000000e+00 0.000000000000000e+00 0.000000000000000e+00 0.000000000000000e+00 0.000000000000000e+00
 0.000000000000000e+00 0.000000000000000e+00 0.000000000000000e+00 0.000000000000000e+00 0.000000000000000e+00 0.000000000000000e+00 0.000000000000000e+00 0.000000000000000e+00 0.000000000000000e+00 0.000000000000000e+00
 0.000000000000000e+00 0.000000000000000e+00 0.000000000000000e+00 0.000000000000000e+00 0.000000000000000e+00 0.000000000000000e+00 0.000000000000000e+00 0.000000000000000e+00 0.000000000000000e+00 0.000000000000000e+00
 0.000000000000000e+00 0.000000000000000e+00 0.000000000000000e+00 0.000000000000000e+00 0.000000000000000e+00 0.000000000000000e+00 0.000000000000000e+00 0.000000000000000e+00 0.000000000000000e+00 0.000000000000000e+00
 0.000000000000000e+00 0.000000000000000e+00 0.000000000000000e+00 0.000000000000000e+00 0.000000000000000e+00 0.000000000000000e+00 0.000000000000000e+00 0.000000000000000e+00 0.000000000000000e+00 0.000000000000000e+00
 0.000000000000000e+00 0.000000000000000e+00 0.000000000000000e+00 0.000000000000000e+00 0.000000000000000e+00 0.000000000000000e+00 0.000000000000000e+00 0.000000000000000e+00 0.000000000000000e+00 0.000000000000000e+00
 0.000000000000000e+00 0.000000000000000e+00 0.000000000000000e+00 0.000000000000000e+00 0.000000000000000e+00 0.000000000000000e+00 0.000000000000000e+00 0.000000000000000e+00 0.000000000000000e+00 0.000000000000000e+00
 0.000000000000000e+00 0.000000000000000e+00 0.000000000000000e+00 0.000000000000000e+00 0.000000000000000e+00 0.000000000000000e+00 0.000000000000000e+00 0.000000000000000e+00 0.000000000000000e+00 0.000000000000000e+00
 0.000000000000000e+00 0.000000000000000e+00 0.000000000000000e+00 0.000000000000000e+00 0.000000000000000e+00 0.000000000000000e+00 0.000000000000000e+00 0.000000000000000e+00 0.000000000000000e+00 0.000000000000000e+00
 0.000000000000000e+00 0.000000000000000e+00 0.000000000000000e+00 0.000000000000000e+00 0.000000000000000e+00 0.000000000000000e+00 0.000000000000000e+00 0.000000000000000e+00 0.000000000000000e+00 0.000000000000000e+00
 0.000000000000000e+00 0.000000000000000e+00 0.000000000000000e+00 0.000000000000000e+00 0.000000000000000e+00 0.000000000000000e+00 0.000000000000000e+00 0.000000000000000e+00 0.000000000000000e+00 0.000000000000000e+00
 0.000000000000000e+00 0.000000000000000e+00 0.000000000000000e+00 0.000000000000000e+00 0.000000000000000e+00 0.000000000000000e+00 0.000000000000000e+00 0.000000000000000e+00 0.000000000000000e+00 0.000000000000000e+00
 0.000000000000000e+00 0.000000000000000e+00 0.000000000000000e+00 0.000000000000000e+00 0.000000000000000e+00 0.000000000000000e+00 0.000000000000000e+00 0.000000000000000e+00 0.000000000000000e+00 0.000000000000000e+00
 0.000000000000000e+00 0.000000000000000e+00 0.000000000000000e+00 0.000000000000000e+00 0.000000000000000e+00 0.000000000000000e+00 0.000000000000000e+00 0.000000000000000e+00 0.000000000000000e+00 0.000000000000000e+00
 0.000000000000000e+00 0.000000000000000e+00 0.000000000000000e+00 0.000000000000000e+00 0.000000000000000e+00 0.000000000000000e+00 0.000000000000000e+00 0.000000000000000e+00 0.000000000000000e+00 0.000000000000000e+00
 0.000000000000000e+00 0.000000000000000e+00 0.000000000000000e+00 0.000000000000000e+00 0.000000000000000e+00 0.000000000000000e+00 0.000000000000000e+00 0.000000000000000e+00 0.000000000000000e+00 0.000000000000000e+00
 0.000000000000000e+00 0.000000000000000e+00 0.000000000000000e+00 0.000000000000000e+00 0.000000000000000e+00 0.000000000000000e+00 0.000000000000000e+00 0.000000000000000e+00 0.000000000000000e+00 0.000000000000000e+00
 0.000000000000000e+00 0.000000000000000e+00 0.000000000000000e+00 0.000000000000000e+00 0.000000000000000e+00 0.000000000000000e+00 0.000000000000000e+00 0.000000000000000e+00 0.000000000000000e+00 0.000000000000000e+00
 0.000000000000000e+00 0.000000000000000e+00 0.000000000000000e+00 0.000000000000000e+00 0.000000000000000e+00 0.000000000000000e+00 0.000000000000000e+00 0.000000000000000e+00 0.000000000000000e+00 0.000000000000000e+00
 0.000000000000000e+00 0.000000000000000e+00 0.000000000000000e+00 0.000000000000000e+00 0.000000000000000e+00 0.000000000000000e+00 0.000000000000000e+00 0.000000000000000e+00 0.000000000000000e+00 0.000000000000000e+00
 0.000000000000000e+00 0.000000000000000e+00 0.000000000000000e+00 0.000000000000000e+00 0.000000000000000e+00 0.000000000000000e+00 0.000000000000000e+00 0.000000000000000e+00 0.000000000000000e+00 0.000000000000000e+00
 0.000000000000000e+00 0.000000000000000e+00 0.000000000000000e+00 0.000000000000000e+00 0.000000000000000e+00 0.000000000000000e+00 0.000000000000000e+00 0.000000000000000e+00 0.000000000000000e+00 0.000000000000000e+00
 0.000000000000000e+00 0.000000000000000e+00 0.000000000000000e+00 0.000000000000000e+00 0.000000000000000e+00 0.000000000000000e+00 0.000000000000000e+00 0.000000000000000e+00 0.000000000000000e+00 0.000000000000000e+00
 0.000000000000000e+00 0.000000000000000e+00 0.000000000000000e+00 0.000000000000000e+00 0.000000000000000e+00 0.000000000000000e+00 0.000000000000000e+00 0.000000000000000e+00 0.000000000000000e+00 0.000000000000000e+00
 0.000000000000000e+00 0.000000000000000e+00 0.000000000000000e+00 0.000000000000000e+00 0.000000000000000e+00 0.000000000000000e+00 0.000000000000000e+00 0.000000000000000e+00 0.000000000000000e+00 0.000000000000000e+00
 0.000000000000000e+00 0.000000000000000e+00 0.000000000000000e+00 0.000000000000000e+00 0.000000000000000e+00 0.000000000000000e+00 0.000000000000000e+00 0.000000000000000e+00 0.000000000000000e+00 0.000000000000000e+00
 0.000000000000000e+00 0.000000000000000e+00 0.000000000000000e+00 0.000000000000000e+00 0.000000000000000e+00 0.000000000000000e+00 0.000000000000000e+00 0.000000000000000e+00 0.000000000000000e+00 0.000000000000000e+00
 0.000000000000000e+00 0.000000000000000e+00 0.000000000000000e+00 0.000000000000000e+00 0.000000000000000e+00 0.000000000000000e+00 0.000000000000000e+00 0.000000000000000e+00 0.000000000000000e+00 0.000000000000000e+00
 0.000000000000000e+00 0.000000000000000e+00 0.000000000000000e+00 0.000000000000000e+00 0.000000000000000e+00 0.000000000000000e+00 0.000000000000000e+00 0.000000000000000e+00 0.000000000000000e+00 0.000000000000000e+00
 0.000000000000000e+00 0.000000000000000e+00 0.000000000000000e+00 0.000000000000000e+00 0.000000000000000e+00 0.000000000000000e+00 0.000000000000000e+00 0.000000000000000e+00 0.000000000000000e+00 0.000000000000000e+00
 0.000000000000000e+00 0.000000000000000e+00 0.000000000000000e+00 0.000000000000000e+00 0.000000000000000e+00 0.000000000000000e+00 0.000000000000000e+00 0.000000000000000e+00 0.000000000000000e+00 0.000000000000000e+00
 0.000000000000000e+00 0.000000000000000e+00 0.000000000000000e+00 0.000000000000000e+00 0.000000000000000e+00 0.000000000000000e+00 0.000000000000000e+00 0.000000000000000e+00 0.000000000000000e+00 0.000000000000000e+00
 0.000000000000000e+00 0.000000000000000e+00 0.000000000000000e+00 0.000000000000000e+00 0.000000000000000e+00 0.000000000000000e+00 0.000000000000000e+00 0.000000000000000e+00 0.000000000000000e+00 0.000000000000000e+00
 0.000000000000000e+00 0.000000000000000e+00 0.000000000000000e+00 0.000000000000000e+00 0.000000000000000e+00 0.000000000000000e+00 0.000000000000000e+00 0.000000000000000e+00 0.000000000000000e+00 0.000000000000000e+00
 0.000000000000000e+00 0.000000000000000e+00 0.000000000000000e+00 0.000000000000000e+00 0.000000000000000e+00 0.000000000000000e+00 0.000000000000000e+00 0.000000000000000e+00 0.000000000000000e+00 0.000000000000000e+00
 0.000000000000000e+00 0.000000000000000e+00 0.000000000000000e+00 0.000000000000000e+00 0.000000000000000e+00 0.000000000000000e+00 0.000000000000000e+00 0.000000000000000e+00 0.000000000000000e+00 0.000000000000000e+00
 0.000000000000000e+00 0.000000000000000e+00 0.000000000000000e+00 0.000000000000000e+00 0.000000000000000e+00 0.000000000000000e+00 0.000000000000000e+00 0.000000000000000e+00 0.000000000000000e+00 0.000000000000000e+00
 0.000000000000000e+00 0.000000000000000e+00 0.000000000000000e+00 0.000000000000000e+00 0.000000000000000e+00 0.000000000000000e+00 0.000000000000000e+00 0.000000000000000e+00 0.000000000000000e+00 0.000000000000000e+00
 0.000000000000000e+00 0.000000000000000e+00 0.000000000000000e+00 0.000000000000000e+00 0.000000000000000e+00 0.000000000000000e+00 0.000000000000000e+00 0.000000000000000e+00 0.000000000000000e+00 0.000000000000000e+00
 0.000000000000000e+00 0.000000000000000e+00 0.000000000000000e+00 0.000000000000000e+00 0.000000000000000e+00 0.000000000000000e+00 0.000000000000000e+00 0.000000000000000e+00 0.000000000000000e+00 0.000000000000000e+00
 0.000000000000000e+00 0.000000000000000e+00 0.000000000000000e+00 0.000000000000000e+00 0.000000000000000e+00 0.000000000000000e+00 0.000000000000000e+00 0.000000000000000e+00 0.000000000000000e+00 0.000000000000000e+00
 0.000000000000000e+00 0.000000000000000e+00 0.000000000000000e+00 0.000000000000000e+00 0.000000000000000e+00 0.000000000000000e+00 0.000000000000000e+00 0.000000000000000e+00 0.000000000000000e+00 0.000000000000000e+00
 0.000000000000000e+00 0.000000000000000e+00 0.000000000000000e+00 0.000000000000000e+00 0.000000000000000e+00 0.000000000000000e+00 0.000000000000000e+00 0.000000000000000e+00 0.000000000000000e+00 0.000000000000000e+00
 0.000000000000000e+00 0.000000000000000e+00 0.000000000000000e+00 0.000000000000000e+00 0.000000000000000e+00 0.000000000000000e+00 0.000000000000000e+00 0.000000000000000e+00 0.000000000000000e+00 0.000000000000000e+00
 0.000000000000000e+00 0.000000000000000e+00 0.000000000000000e+00 0.000000000000000e+00 0.000000000000000e+00 0.000000000000000e+00 0.000000000000000e+00 0.000000000000000e+00 0.000000000000000e+00 0.000000000000000e+00
 0.000000000000000e+00 0.000000000000000e+00 0.000000000000000e+00 0.000000000000000e+00 0.000000000000000e+00 0.000000000000000e+00 0.000000000000000e+00 0.000000000000000e+00 0.000000000000000e+00 0.000000000000000e+00
 0.000000000000000e+00 0.000000000000000e+00 0.000000000000000e+00 0.000000000000000e+00 0.000000000000000e+00 0.000000000000000e+00 0.000000000000000e+00 0.000000000000000e+00 0.000000000000000e+00 0.000000000000000e+00
 0.000000000000000e+00 0.000000000000000e+00 0.000000000000000e+00 0.000000000000000e+00 0.000000000000000e+00 0.000000000000000e+00 0.000000000000000e+00 0.000000000000000e+00 0.000000000000000e+00 0.000000000000000e+00
 0.000000000000000e+00 0.000000000000000e+00 0.000000000000000e+00 0.000000000000000e+00 0.000000000000000e+00 0.000000000000000e+00 0.000000000000000e+00 0.000000000000000e+00 0.000000000000000e+00 0.000000000000000e+00
 0.000000000000000e+00 0.000000000000000e+00 0.000000000000000e+00 0.000000000000000e+00 0.000000000000000e+00 0.000000000000000e+00 0.000000000000000e+00 0.000000000000000e+00 0.000000000000000e+00 0.000000000000000e+00
 0.000000000000000e+00 0.000000000000000e+00 0.000000000000000e+00 0.000000000000000e+00 0.000000000000000e+00 0.000000000000000e+00 0.000000000000000e+00 0.000000000000000e+00 0.000000000000000e+00 0.000000000000000e+00
 0.000000000000000e+00 0.000000000000000e+00 0.000000000000000e+00 0.000000000000000e+00 0.000000000000000e+00 0.000000000000000e+00 0.000000000000000e+00 0.000000000000000e+00 0.000000000000000e+00 0.000000000000000e+00
 0.000000000000000e+00 0.000000000000000e+00 0.000000000000000e+00 0.000000000000000e+00 0.000000000000000e+00 0.000000000000000e+00 0.000000000000000e+00 0.000000000000000e+00 0.000000000000000e+00 0.000000000000000e+00
 0.000000000000000e+00 0.000000000000000e+00 0.000000000000000e+00 0.000000000000000e+00 0.000000000000000e+00 0.000000000000000e+00 0.000000000000000e+00 0.000000000000000e+00 0.000000000000000e+00 0.000000000000000e+00
 0.000000000000000e+00 0.000000000000000e+00 0.000000000000000e+00 0.000000000000000e+00 0.000000000000000e+00 0.000000000000000e+00 0.000000000000000e+00 0.000000000000000e+00 0.000000000000000e+00 0.000000000000000e+00
 0.000000000000000e+00 0.000000000000000e+00 0.000000000000000e+00 0.000000000000000e+00 0.000000000000000e+00 0.000000000000000e+00 0.000000000000000e+00 0.000000000000000e+00 0.000000000000000e+00 0.000000000000000e+00
 0.000000000000000e+00 0.000000000000000e+00 0.000000000000000e+00 0.000000000000000e+00 0.000000000000000e+00 0.000000000000000e+00 0.000000000000000e+00 0.000000000000000e+00 0.000000000000000e+00 0.000000000000000e+00
 0.000000000000000e+00 0.000000000000000e+00 0.000000000000000e+00 0.000000000000000e+00 0.000000000000000e+00 0.000000000000000e+00 0.000000000000000e+00 0.000000000000000e+00 0.000000000000000e+00 0.000000000000000e+00
 0.000000000000000e+00 0.000000000000000e+00 0.000000000000000e+00 0.000000000000000e+00 0.000000000000000e+00 0.000000000000000e+00 0.000000000000000e+00 0.000000000000000e+00 0.000000000000000e+00 0.000000000000000e+00
 0.000000000000000e+00 0.000000000000000e+00 0.000000000000000e+00 0.000000000000000e+00 0.000000000000000e+00 0.000000000000000e+00 0.000000000000000e+00 0.000000000000000e+00 0.000000000000000e+00 0.000000000000000e+00
 0.000000000000000e+00 0.000000000000000e+00 0.000000000000000e+00 0.000000000000000e+00 0.000000000000000e+00 0.000000000000000e+00 0.000000000000000e+00 0.000000000000000e+00 0.000000000000000e+00 0.000000000000000e+00
 0.000000000000000e+00 0.000000000000000e+00 0.000000000000000e+00 0.000000000000000e+00 0.000000000000000e+00 0.000000000000000e+00 0.000000000000000e+00 0.000000000000000e+00 0.000000000000000e+00 0.000000000000000e+00
 0.000000000000000e+00 0.000000000000000e+00 0.000000000000000e+00 0.000000000000000e+00 0.000000000000000e+00 0.000000000000000e+00 0.000000000000000e+00 0.000000000000000e+00 0.000000000000000e+00 0.000000000000000e+00
 0.000000000000000e+00 0.000000000000000e+00 0.000000000000000e+00 0.000000000000000e+00 0.000000000000000e+00 0.000000000000000e+00 0.000000000000000e+00 0.000000000000000e+00 0.000000000000000e+00 0.000000000000000e+00
 0.000000000000000e+00 0.000000000000000e+00 0.000000000000000e+00 0.000000000000000e+00 0.000000000000000e+00 0.000000000000000e+00 0.000000000000000e+00 0.000000000000000e+00 0.000000000000000e+00 0.000000000000000e+00
 0.000000000000000e+00 0.000000000000000e+00 0.000000000000000e+00 0.000000000000000e+00 0.000000000000000e+00 0.000000000000000e+00 0.000000000000000e+00 0.000000000000000e+00 0.000000000000000e+00 0.000000000000000e+00
 0.000000000000000e+00 0.000000000000000e+00 0.000000000000000e+00 0.000000000000000e+00 0.000000000000000e+00 0.000000000000000e+00 0.000000000000000e+00 0.000000000000000e+00 0.000000000000000e+00 0.000000000000000e+00
 0.000000000000000e+00 0.000000000000000e+00 0.000000000000000e+00 0.000000000000000e+00 0.000000000000000e+00 0.000000000000000e+00 0.000000000000000e+00 0.000000000000000e+00 0.000000000000000e+00 0.000000000000000e+00
 0.000000000000000e+00 0.000000000000000e+00 0.000000000000000e+00 0.000000000000000e+00 0.000000000000000e+00 0.000000000000000e+00 0.000000000000000e+00 0.000000000000000e+00 0.000000000000000e+00 0.000000000000000e+00
 0.000000000000000e+00 0.000000000000000e+00 0.000000000000000e+00 0.000000000000000e+00 0.000000000000000e+00 0.000000000000000e+00 0.000000000000000e+00 0.000000000000000e+00 0.000000000000000e+00 0.000000000000000e+00
 0.000000000000000e+00 0.000000000000000e+00 0.000000000000000e+00 0.000000000000000e+00 0.000000000000000e+00 0.000000000000000e+00 0.000000000000000e+00 0.000000000000000e+00 0.000000000000000e+00 0.000000000000000e+00
 0.000000000000000e+00 0.000000000000000e+00 0.000000000000000e+00 0.000000000000000e+00 0.000000000000000e+00 0.000000000000000e+00 0.000000000000000e+00 0.000000000000000e+00 0.000000000000000e+00 0.000000000000000e+00
 0.000000000000000e+00 0.000000000000000e+00 0.000000000000000e+00 0.000000000000000e+00 0.000000000000000e+00 0.000000000000000e+00 0.000000000000000e+00 0.000000000000000e+00 0.000000000000000e+00 0.000000000000000e+00
 0.000000000000000e+00 0.000000000000000e+00 0.000000000000000e+00 0.000000000000000e+00 0.000000000000000e+00 0.000000000000000e+00 0.000000000000000e+00 0.000000000000000e+00 0.000000000000000e+00 0.000000000000000e+00
 0.000000000000000e+00 0.000000000000000e+00 0.000000000000000e+00 0.000000000000000e+00 0.000000000000000e+00 0.000000000000000e+00 0.000000000000000e+00 0.000000000000000e+00 0.000000000000000e+00 0.000000000000000e+00
 0.000000000000000e+00 0.000000000000000e+00 0.000000000000000e+00 0.000000000000000e+00 0.000000000000000e+00 0.000000000000000e+00 0.000000000000000e+00 0.000000000000000e+00 0.000000000000000e+00 0.000000000000000e+00
 0.000000000000000e+00 0.000000000000000e+00 0.000000000000000e+00 0.000000000000000e+00 0.000000000000000e+00 0.000000000000000e+00 0.000000000000000e+00 0.000000000000000e+00 0.000000000000000e+00 0.000000000000000e+00
 0.000000000000000e+00 0.000000000000000e+00 0.000000000000000e+00 0.000000000000000e+00 0.000000000000000e+00 0.000000000000000e+00 0.000000000000000e+00 0.000000000000000e+00 0.000000000000000e+00 0.000000000000000e+00
 0.000000000000000e+00 0.000000000000000e+00 0.000000000000000e+00 0.000000000000000e+00 0.000000000000000e+00 0.000000000000000e+00 0.000000000000000e+00 0.000000000000000e+00 0.000000000000000e+00 0.000000000000000e+00
 0.000000000000000e+00 0.000000000000000e+00 0.000000000000000e+00 0.000000000000000e+00 0.000000000000000e+00 0.000000000000000e+00 0.000000000000000e+00 0.000000000000000e+00 0.000000000000000e+00 0.000000000000000e+00
 0.000000000000000e+00 0.000000000000000e+00 0.000000000000000e+00 0.000000000000000e+00 0.000000000000000e+00 0.000000000000000e+00 0.000000000000000e+00 0.000000000000000e+00 0.000000000000000e+00 0.000000000000000e+00
 0.000000000000000e+00 0.000000000000000e+00 0.000000000000000e+00 0.000000000000000e+00 0.000000000000000e+00 0.000000000000000e+00 0.000000000000000e+00 0.000000000000000e+00 0.000000000000000e+00 0.000000000000000e+00
 0.000000000000000e+00 0.000000000000000e+00 0.000000000000000e+00 0.000000000000000e+00 0.000000000000000e+00 0.000000000000000e+00 0.000000000000000e+00 0.000000000000000e+00 0.000000000000000e+00 0.000000000000000e+00
 0.000000000000000e+00 0.000000000000000e+00 0.000000000000000e+00 0.000000000000000e+00 0.000000000000000e+00 0.000000000000000e+00 0.000000000000000e+00 0.000000000000000e+00 0.000000000000000e+00 0.000000000000000e+00
 0.000000000000000e+00 0.000000000000000e+00 0.000000000000000e+00 0.000000000000000e+00 0.000000000000000e+00 0.000000000000000e+00 0.000000000000000e+00 0.000000000000000e+00 0.000000000000000e+00 0.000000000000000e+00
 0.000000000000000e+00 0.000000000000000e+00 0.000000000000000e+00 0.000000000000000e+00 0.000000000000000e+00 0.000000000000000e+00 0.000000000000000e+00 0.000000000000000e+00 0.000000000000000e+00 0.000000000000000e+00
 0.000000000000000e+00 0.000000000000000e+00 0.000000000000000e+00 0.000000000000000e+00 0.000000000000000e+00 0.000000000000000e+00 0.000000000000000e+00 0.000000000000000e+00 0.000000000000000e+00 0.000000000000000e+00
 0.000000000000000e+00 0.000000000000000e+00 0.000000000000000e+00 0.000000000000000e+00 0.000000000000000e+00 0.000000000000000e+00 0.000000000000000e+00 0.000000000000000e+00 0.000000000000000e+00 0.000000000000000e+00
 0.000000000000000e+00 0.000000000000000e+00 0.000000000000000e+00 0.000000000000000e+00 0.000000000000000e+00 0.000000000000000e+00 0.000000000000000e+00 0.000000000000000e+00 0.000000000000000e+00 0.000000000000000e+00
 0.000000000000000e+00 0.000000000000000e+00 0.000000000000000e+00 0.000000000000000e+00 0.000000000000000e+00 0.000000000000000e+00 0.000000000000000e+00 0.000000000000000e+00 0.000000000000000e+00 0.000000000000000e+00
 0.000000000000000e+00 0.000000000000000e+00 0.000000000000000e+00 0.000000000000000e+00 0.000000000000000e+00 0.000000000000000e+00 0.000000000000000e+00 0.000000000000000e+00 0.000000000000000e+00 0.000000000000000e+00
 0.000000000000000e+00 0.000000000000000e+00 0.000000000000000e+00 0.000000000000000e+00 0.000000000000000e+00 0.000000000000000e+00 0.000000000000000e+00 0.000000000000000e+00 0.000000000000000e+00 0.000000000000000e+00
 0.000000000000000e+00 0.000000000000000e+00 0.000000000000000e+00 0.000000000000000e+00 0.000000000000000e+00 0.000000000000000e+00 0.000000000000000e+00 0.000000000000000e+00 0.000000000000000e+00 0.000000000000000e+00
 0.000000000000000e+00 0.000000000000000e+00 0.000000000000000e+00 0.000000000000000e+00 0.000000000000000e+00 0.000000000000000e+00 0.000000000000000e+00 0.000000000000000e+00 0.000000000000000e+00 0.000000000000000e+00
 0.000000000000000e+00 0.000000000000000e+00 0.000000000000000e+00 0.000000000000000e+00 0.000000000000000e+00 0.000000000000000e+00 0.000000000000000e+00 0.000000000000000e+00 0.000000000000000e+00 0.000000000000000e+00
 0.000000000000000e+00 0.000000000000000e+00 0.000000000000000e+00 0.000000000000000e+00 0.000000000000000e+00 0.000000000000000e+00 0.000000000000000e+00 0.000000000000000e+00 0.000000000000000e+00 0.000000000000000e+00
 0.000000000000000e+00 0.000000000000000e+00 0.000000000000000e+00 0.000000000000000e+00 0.000000000000000e+00 0.000000000000000e+00 0.000000000000000e+00 0.000000000000000e+00 0.000000000000000e+00 0.000000000000000e+00
 0.000000000000000e+00 0.000000000000000e+00 0.000000000000000e+00 0.000000000000000e+00 0.000000000000000e+00 0.000000000000000e+00 0.000000000000000e+00 0.000000000000000e+00 0.000000000000000e+00 0.000000000000000e+00
 0.000000000000000e+00 0.000000000000000e+00 0.000000000000000e+00 0.000000000000000e+00 0.000000000000000e+00 0.000000000000000e+00 0.000000000000000e+00 0.000000000000000e+00 0.000000000000000e+00 0.000000000000000e+00
 0.000000000000000e+00 0.000000000000000e+00 0.000000000000000e+00 0.000000000000000e+00 0.000000000000000e+00 0.000000000000000e+00 0.000000000000000e+00 0.000000000000000e+00 0.000000000000000e+00 0.000000000000000e+00
 0.000000000000000e+00 0.000000000000000e+00 0.000000000000000e+00 0.000000000000000e+00 0.000000000000000e+00 0.000000000000000e+00 0.000000000000000e+00 0.000000000000000e+00 0.000000000000000e+00 0.000000000000000e+00
 0.000000000000000e+00 0.000000000000000e+00 0.000000000000000e+00 0.000000000000000e+00 0.000000000000000e+00 0.000000000000000e+00 0.000000000000000e+00 0.000000000000000e+00 0.000000000000000e+00 0.000000000000000e+00
 0.000000000000000e+00 0.000000000000000e+00 0.000000000000000e+00 0.000000000000000e+00 0.000000000000000e+00 0.000000000000000e+00 0.000000000000000e+00 0.000000000000000e+00 0.000000000000000e+00 0.000000000000000e+00
 0.000000000000000e+00 0.000000000000000e+00 0.000000000000000e+00 0.000000000000000e+00 0.000000000000000e+00 0.000000000000000e+00 0.000000000000000e+00 0.000000000000000e+00 0.000000000000000e+00 0.000000000000000e+00
 0.000000000000000e+00 0.000000000000000e+00 0.000000000000000e+00 0.000000000000000e+00 0.000000000000000e+00 0.000000000000000e+00 0.000000000000000e+00 0.000000000000000e+00 0.000000000000000e+00 0.000000000000000e+00
 0.000000000000000e+00 0.000000000000000e+00 0.000000000000000e+00 0.000000000000000e+00 0.000000000000000e+00 0.000000000000000e+00 0.000000000000000e+00 0.000000000000000e+00 0.000000000000000e+00 0.000000000000000e+00
 0.000000000000000e+00 0.000000000000000e+00 0.000000000000000e+00 0.000000000000000e+00 0.000000000000000e+00 0.000000000000000e+00 0.000000000000000e+00 0.000000000000000e+00 0.000000000000000e+00 0.000000000000000e+00
 0.000000000000000e+00 0.000000000000000e+00 0.000000000000000e+00 0.000000000000000e+00 0.000000000000000e+00 0.000000000000000e+00 0.000000000000000e+00 0.000000000000000e+00 0.000000000000000e+00 0.000000000000000e+00
 0.000000000000000e+00 0.000000000000000e+00 0.000000000000000e+00 0.000000000000000e+00 0.000000000000000e+00 0.000000000000000e+00 0.000000000000000e+00 0.000000000000000e+00 0.000000000000000e+00 0.000000000000000e+00
 0.000000000000000e+00 0.000000000000000e+00 0.000000000000000e+00 0.000000000000000e+00 0.000000000000000e+00 0.000000000000000e+00 0.000000000000000e+00 0.000000000000000e+00 0.000000000000000e+00 0.000000000000000e+00
 0.000000000000000e+00 0.000000000000000e+00 0.000000000000000e+00 0.000000000000000e+00 0.000000000000000e+00 0.000000000000000e+00 0.000000000000000e+00 0.000000000000000e+00 0.000000000000000e+00 0.000000000000000e+00
 0.000000000000000e+00 0.000000000000000e+00 0.000000000000000e+00 0.000000000000000e+00 0.000000000000000e+00 0.000000000000000e+00 0.000000000000000e+00 0.000000000000000e+00 0.000000000000000e+00 0.000000000000000e+00
 0.000000000000000e+00 0.000000000000000e+00 0.000000000000000e+00 0.000000000000000e+00 0.000000000000000e+00 0.000000000000000e+00 0.000000000000000e+00 0.000000000000000e+00 0.000000000000000e+00 0.000000000000000e+00
 0.000000000000000e+00 0.000000000000000e+00 0.000000000000000e+00 0.000000000000000e+00 0.000000000000000e+00 0.000000000000000e+00 0.000000000000000e+00 0.000000000000000e+00 0.000000000000000e+00 0.000000000000000e+00
 0.000000000000000e+00 0.000000000000000e+00 0.000000000000000e+00 0.000000000000000e+00 0.000000000000000e+00 0.000000000000000e+00 0.000000000000000e+00 0.000000000000000e+00 0.000000000000000e+00 0.000000000000000e+00
 0.000000000000000e+00 0.000000000000000e+00 0.000000000000000e+00 0.000000000000000e+00 0.000000000000000e+00 0.000000000000000e+00 0.000000000000000e+00 0.000000000000000e+00 0.000000000000000e+00 0.000000000000000e+00
 0.000000000000000e+00 0.000000000000000e+00 0.000000000000000e+00 0.000000000000000e+00 0.000000000000000e+00 0.000000000000000e+00 0.000000000000000e+00 0.000000000000000e+00 0.000000000000000e+00 0.000000000000000e+00
 0.000000000000000e+00 0.000000000000000e+00 0.000000000000000e+00 0.000000000000000e+00 0.000000000000000e+00 0.000000000000000e+00 0.000000000000000e+00 0.000000000000000e+00 0.000000000000000e+00 0.000000000000000e+00
 0.000000000000000e+00 0.000000000000000e+00 0.000000000000000e+00 0.000000000000000e+00 0.000000000000000e+00 0.000000000000000e+00 0.000000000000000e+00 0.000000000000000e+00 0.000000000000000e+00 0.000000000000000e+00
 0.000000000000000e+00 0.000000000000000e+00 0.000000000000000e+00 0.000000000000000e+00 0.000000000000000e+00 0.000000000000000e+00 0.000000000000000e+00 0.000000000000000e+00 0.000000000000000e+00 0.000000000000000e+00
 0.000000000000000e+00 0.000000000000000e+00 0.000000000000000e+00 0.000000000000000e+00 0.000000000000000e+00 0.000000000000000e+00 0.000000000000000e+00 0.000000000000000e+00 0.000000000000000e+00 0.000000000000000e+00
 0.000000000000000e+00 0.000000000000000e+00 0.000000000000000e+00 0.000000000000000e+00 0.000000000000000e+00 0.000000000000000e+00 0.000000000000000e+00 0.000000000000000e+00 0.000000000000000e+00 0.000000000000000e+00
 0.000000000000000e+00 0.000000000000000e+00 0.000000000000000e+00 0.000000000000000e+00 0.000000000000000e+00 0.000000000000000e+00 0.000000000000000e+00 0.000000000000000e+00 0.000000000000000e+00 0.000000000000000e+00
 0.000000000000000e+00 0.000000000000000e+00 0.000000000000000e+00 0.000000000000000e+00 0.000000000000000e+00 0.000000000000000e+00 0.000000000000000e+00 0.000000000000000e+00 0.000000000000000e+00 0.000000000000000e+00
 0.000000000000000e+00 0.000000000000000e+00 0.000000000000000e+00 0.000000000000000e+00 0.000000000000000e+00 0.000000000000000e+00 0.000000000000000e+00 0.000000000000000e+00 0.000000000000000e+00 0.000000000000000e+00
 0.000000000000000e+00 0.000000000000000e+00 0.000000000000000e+00 0.000000000000000e+00 0.000000000000000e+00 0.000000000000000e+00 0.000000000000000e+00 0.000000000000000e+00 0.000000000000000e+00 0.000000000000000e+00
 0.000000000000000e+00 0.000000000000000e+00 0.000000000000000e+00 0.000000000000000e+00 0.000000000000000e+00 0.000000000000000e+00 0.000000000000000e+00 0.000000000000000e+00 0.000000000000000e+00 0.000000000000000e+00
 0.000000000000000e+00 0.000000000000000e+00 0.000000000000000e+00 0.000000000000000e+00 0.000000000000000e+00 0.000000000000000e+00 0.000000000000000e+00 0.000000000000000e+00 0.000000000000000e+00 0.000000000000000e+00
 0.000000000000000e+00 0.000000000000000e+00 0.000000000000000e+00 0.000000000000000e+00 0.000000000000000e+00 0.000000000000000e+00 0.000000000000000e+00 0.000000000000000e+00 0.000000000000000e+00 0.000000000000000e+00
 0.000000000000000e+00 0.000000000000000e+00 0.000000000000000e+00 0.000000000000000e+00 0.000000000000000e+00 0.000000000000000e+00 0.000000000000000e+00 0.000000000000000e+00 0.000000000000000e+00 0.000000000000000e+00
 0.000000000000000e+00 0.000000000000000e+00 0.000000000000000e+00 0.000000000000000e+00 0.000000000000000e+00 0.000000000000000e+00 0.000000000000000e+00 0.000000000000000e+00 0.000000000000000e+00 0.000000000000000e+00
 0.000000000000000e+00 0.000000000000000e+00 0.000000000000000e+00 0.000000000000000e+00 0.000000000000000e+00 0.000000000000000e+00 0.000000000000000e+00 0.000000000000000e+00 0.000000000000000e+00 0.000000000000000e+00
 0.000000000000000e+00 0.000000000000000e+00 0.000000000000000e+00 0.000000000000000e+00 0.000000000000000e+00 0.000000000000000e+00 0.000000000000000e+00 0.000000000000000e+00 0.000000000000000e+00 0.000000000000000e+00
 0.000000000000000e+00 0.000000000000000e+00 0.000000000000000e+00 0.000000000000000e+00 0.000000000000000e+00 0.000000000000000e+00 0.000000000000000e+00 0.000000000000000e+00 0.000000000000000e+00 0.000000000000000e+00
 0.000000000000000e+00 0.000000000000000e+00 0.000000000000000e+00 0.000000000000000e+00 0.000000000000000e+00 0.000000000000000e+00 0.000000000000000e+00 0.000000000000000e+00 0.000000000000000e+00 0.000000000000000e+00
 0.000000000000000e+00 0.000000000000000e+00 0.000000000000000e+00 0.000000000000000e+00 0.000000000000000e+00 0.000000000000000e+00 0.000000000000000e+00 0.000000000000000e+00 0.000000000000000e+00 0.000000000000000e+00
 0.000000000000000e+00 0.000000000000000e+00 0.000000000000000e+00 0.000000000000000e+00 0.000000000000000e+00 0.000000000000000e+00 0.000000000000000e+00 0.000000000000000e+00 0.000000000000000e+00 0.000000000000000e+00
 0.000000000000000e+00 0.000000000000000e+00 0.000000000000000e+00 0.000000000000000e+00 0.000000000000000e+00 0.000000000000000e+00 0.000000000000000e+00 0.000000000000000e+00 0.000000000000000e+00 0.000000000000000e+00
 0.000000000000000e+00 0.000000000000000e+00 0.000000000000000e+00 0.000000000000000e+00 0.000000000000000e+00 0.000000000000000e+00 0.000000000000000e+00 0.000000000000000e+00 0.000000000000000e+00 0.000000000000000e+00
 0.000000000000000e+00 0.000000000000000e+00 0.000000000000000e+00 0.000000000000000e+00 0.000000000000000e+00 0.000000000000000e+00 0.000000000000000e+00 0.000000000000000e+00 0.000000000000000e+00 0.000000000000000e+00
 0.000000000000000e+00 0.000000000000000e+00 0.000000000000000e+00 0.000000000000000e+00 0.000000000000000e+00 0.000000000000000e+00 0.000000000000000e+00 0.000000000000000e+00 0.000000000000000e+00 0.000000000000000e+00
 0.000000000000000e+00 0.000000000000000e+00 0.000000000000000e+00 0.000000000000000e+00 0.000000000000000e+00 0.000000000000000e+00 0.000000000000000e+00 0.000000000000000e+00 0.000000000000000e+00 0.000000000000000e+00
 0.000000000000000e+00 0.000000000000000e+00 0.000000000000000e+00 0.000000000000000e+00 0.000000000000000e+00 0.000000000000000e+00 0.000000000000000e+00 0.000000000000000e+00 0.000000000000000e+00 0.000000000000000e+00
 0.000000000000000e+00 0.000000000000000e+00 0.000000000000000e+00 0.000000000000000e+00 0.000000000000000e+00 0.000000000000000e+00 0.000000000000000e+00 0.000000000000000e+00 0.000000000000000e+00 0.000000000000000e+00
 0.000000000000000e+00 0.000000000000000e+00 0.000000000000000e+00 0.000000000000000e+00 0.000000000000000e+00 0.000000000000000e+00 0.000000000000000e+00 0.000000000000000e+00 0.000000000000000e+00 0.000000000000000e+00
 0.000000000000000e+00 0.000000000000000e+00 0.000000000000000e+00 0.000000000000000e+00 0.000000000000000e+00 0.000000000000000e+00 0.000000000000000e+00 0.000000000000000e+00 0.000000000000000e+00 0.000000000000000e+00
 0.000000000000000e+00 0.000000000000000e+00 0.000000000000000e+00 0.000000000000000e+00 0.000000000000000e+00 0.000000000000000e+00 0.000000000000000e+00 0.000000000000000e+00 0.000000000000000e+00 0.000000000000000e+00
 0.000000000000000e+00 0.000000000000000e+00 0.000000000000000e+00 0.000000000000000e+00 0.000000000000000e+00 0.000000000000000e+00 0.000000000000000e+00 0.000000000000000e+00 0.000000000000000e+00 0.000000000000000e+00
 0.000000000000000e+00 0.000000000000000e+00 0.000000000000000e+00 0.000000000000000e+00 0.000000000000000e+00 0.000000000000000e+00 0.000000000000000e+00 0.000000000000000e+00 0.000000000000000e+00 0.000000000000000e+00
 0.000000000000000e+00 0.000000000000000e+00 0.000000000000000e+00 0.000000000000000e+00 0.000000000000000e+00 0.000000000000000e+00 0.000000000000000e+00 0.000000000000000e+00 0.000000000000000e+00 0.000000000000000e+00
 0.000000000000000e+00 0.000000000000000e+00 0.000000000000000e+00 0.000000000000000e+00 0.000000000000000e+00 0.000000000000000e+00 0.000000000000000e+00 0.000000000000000e+00 0.000000000000000e+00 0.000000000000000e+00
 0.000000000000000e+00 0.000000000000000e+00 0.000000000000000e+00 0.000000000000000e+00 0.000000000000000e+00 0.000000000000000e+00 0.000000000000000e+00 0.000000000000000e+00 0.000000000000000e+00 0.000000000000000e+00
 0.000000000000000e+00 0.000000000000000e+00 0.000000000000000e+00 0.000000000000000e+00 0.000000000000000e+00 0.000000000000000e+00 0.000000000000000e+00 0.000000000000000e+00 0.000000000000000e+00 0.000000000000000e+00
 0.000000000000000e+00 0.000000000000000e+00 0.000000000000000e+00 0.000000000000000e+00 0.000000000000000e+00 0.000000000000000e+00 0.000000000000000e+00 0.000000000000000e+00 0.000000000000000e+00 0.000000000000000e+00
 0.000000000000000e+00 0.000000000000000e+00 0.000000000000000e+00 0.000000000000000e+00 0.000000000000000e+00 0.000000000000000e+00 0.000000000000000e+00 0.000000000000000e+00 0.000000000000000e+00 0.000000000000000e+00
 0.000000000000000e+00 0.000000000000000e+00 0.000000000000000e+00 0.000000000000000e+00 0.000000000000000e+00 0.000000000000000e+00 0.000000000000000e+00 0.000000000000000e+00 0.000000000000000e+00 0.000000000000000e+00
 0.000000000000000e+00 0.000000000000000e+00 0.000000000000000e+00 0.000000000000000e+00 0.000000000000000e+00 0.000000000000000e+00 0.000000000000000e+00 0.000000000000000e+00 0.000000000000000e+00 0.000000000000000e+00
 0.000000000000000e+00 0.000000000000000e+00 0.000000000000000e+00 0.000000000000000e+00 0.000000000000000e+00 0.000000000000000e+00 0.000000000000000e+00 0.000000000000000e+00 0.000000000000000e+00 0.000000000000000e+00
 0.000000000000000e+00 0.000000000000000e+00 0.000000000000000e+00 0.000000000000000e+00 0.000000000000000e+00 0.000000000000000e+00 0.000000000000000e+00 0.000000000000000e+00 0.000000000000000e+00 0.000000000000000e+00
 0.000000000000000e+00 0.000000000000000e+00 0.000000000000000e+00 0.000000000000000e+00 0.000000000000000e+00 0.000000000000000e+00 0.000000000000000e+00 0.000000000000000e+00 0.000000000000000e+00 0.000000000000000e+00
 0.000000000000000e+00 0.000000000000000e+00 0.000000000000000e+00 0.000000000000000e+00 0.000000000000000e+00 0.000000000000000e+00 0.000000000000000e+00 0.000000000000000e+00 0.000000000000000e+00 0.000000000000000e+00
 0.000000000000000e+00 0.000000000000000e+00 0.000000000000000e+00 0.000000000000000e+00 0.000000000000000e+00 0.000000000000000e+00 0.000000000000000e+00 0.000000000000000e+00 0.000000000000000e+00 0.000000000000000e+00
 0.000000000000000e+00 0.000000000000000e+00 0.000000000000000e+00 0.000000000000000e+00 0.000000000000000e+00 0.000000000000000e+00 0.000000000000000e+00 0.000000000000000e+00 0.000000000000000e+00 0.000000000000000e+00
 0.000000000000000e+00 0.000000000000000e+00 0.000000000000000e+00 0.000000000000000e+00 0.000000000000000e+00 0.000000000000000e+00 0.000000000000000e+00 0.000000000000000e+00 0.000000000000000e+00 0.000000000000000e+00
 0.000000000000000e+00 0.000000000000000e+00 0.000000000000000e+00 0.000000000000000e+00 0.000000000000000e+00 0.000000000000000e+00 0.000000000000000e+00 0.000000000000000e+00 0.000000000000000e+00 0.000000000000000e+00
 0.000000000000000e+00 0.000000000000000e+00 0.000000000000000e+00 0.000000000000000e+00 0.000000000000000e+00 0.000000000000000e+00 0.000000000000000e+00 0.000000000000000e+00 0.000000000000000e+00 0.000000000000000e+00
 0.000000000000000e+00 0.000000000000000e+00 0.000000000000000e+00 0.000000000000000e+00 0.000000000000000e+00 0.000000000000000e+00 0.000000000000000e+00 0.000000000000000e+00 0.000000000000000e+00 0.000000000000000e+00
 0.000000000000000e+00 0.000000000000000e+00 0.000000000000000e+00 0.000000000000000e+00 0.000000000000000e+00 0.000000000000000e+00 0.000000000000000e+00 0.000000000000000e+00 0.000000000000000e+00 0.000000000000000e+00
 0.000000000000000e+00 0.000000000000000e+00 0.000000000000000e+00 0.000000000000000e+00 0.000000000000000e+00 0.000000000000000e+00 0.000000000000000e+00 0.000000000000000e+00 0.000000000000000e+00 0.000000000000000e+00
 0.000000000000000e+00 0.000000000000000e+00 0.000000000000000e+00 0.000000000000000e+00 0.000000000000000e+00 0.000000000000000e+00 0.000000000000000e+00 0.000000000000000e+00 0.000000000000000e+00 0.000000000000000e+00
 0.000000000000000e+00 0.000000000000000e+00 0.000000000000000e+00 0.000000000000000e+00 0.000000000000000e+00 0.000000000000000e+00 0.000000000000000e+00 0.000000000000000e+00 0.000000000000000e+00 0.000000000000000e+00
 0.000000000000000e+00 0.000000000000000e+00 0.000000000000000e+00 0.000000000000000e+00 0.000000000000000e+00 0.000000000000000e+00 0.000000000000000e+00 0.000000000000000e+00 0.000000000000000e+00 0.000000000000000e+00
 0.000000000000000e+00 0.000000000000000e+00 0.000000000000000e+00 0.000000000000000e+00 0.000000000000000e+00 0.000000000000000e+00 0.000000000000000e+00 0.000000000000000e+00 0.000000000000000e+00 0.000000000000000e+00
 0.000000000000000e+00 0.000000000000000e+00 0.000000000000000e+00 0.000000000000000e+00 0.000000000000000e+00 0.000000000000000e+00 0.000000000000000e+00 0.000000000000000e+00 0.000000000000000e+00 0.000000000000000e+00
 0.000000000000000e+00 0.000000000000000e+00 0.000000000000000e+00 0.000000000000000e+00 0.000000000000000e+00 0.000000000000000e+00 0.000000000000000e+00 0.000000000000000e+00 0.000000000000000e+00 0.000000000000000e+00
 0.000000000000000e+00 0.000000000000000e+00 0.000000000000000e+00 0.000000000000000e+00 0.000000000000000e+00 0.000000000000000e+00 0.000000000000000e+00 0.000000000000000e+00 0.000000000000000e+00 0.000000000000000e+00
 0.000000000000000e+00 0.000000000000000e+00 0.000000000000000e+00 0.000000000000000e+00 0.000000000000000e+00 0.000000000000000e+00 0.000000000000000e+00 0.000000000000000e+00 0.000000000000000e+00 0.000000000000000e+00
 0.000000000000000e+00 0.000000000000000e+00 0.000000000000000e+00 0.000000000000000e+00 0.000000000000000e+00 0.000000000000000e+00 0.000000000000000e+00 0.000000000000000e+00 0.000000000000000e+00 0.000000000000000e+00
 0.000000000000000e+00 0.000000000000000e+00 0.000000000000000e+00 0.000000000000000e+00 0.000000000000000e+00 0.000000000000000e+00 0.000000000000000e+00 0.000000000000000e+00 0.000000000000000e+00 0.000000000000000e+00
 0.000000000000000e+00 0.000000000000000e+00 0.000000000000000e+00 0.000000000000000e+00 0.000000000000000e+00 0.000000000000000e+00 0.000000000000000e+00 0.000000000000000e+00 0.000000000000000e+00 0.000000000000000e+00
 0.000000000000000e+00 0.000000000000000e+00 0.000000000000000e+00 0.000000000000000e+00 0.000000000000000e+00 0.000000000000000e+00 0.000000000000000e+00 0.000000000000000e+00 0.000000000000000e+00 0.000000000000000e+00
 0.000000000000000e+00 0.000000000000000e+00 0.000000000000000e+00 0.000000000000000e+00 0.000000000000000e+00 0.000000000000000e+00 0.000000000000000e+00 0.000000000000000e+00 0.000000000000000e+00 0.000000000000000e+00
 0.000000000000000e+00 0.000000000000000e+00 0.000000000000000e+00 0.000000000000000e+00 0.000000000000000e+00 0.000000000000000e+00 0.000000000000000e+00 0.000000000000000e+00 0.000000000000000e+00 0.000000000000000e+00
 0.000000000000000e+00 0.000000000000000e+00 0.000000000000000e+00 0.000000000000000e+00 0.000000000000000e+00 0.000000000000000e+00 0.000000000000000e+00 0.000000000000000e+00 0.000000000000000e+00 0.000000000000000e+00
 0.000000000000000e+00 0.000000000000000e+00 0.000000000000000e+00 0.000000000000000e+00 0.000000000000000e+00 0.000000000000000e+00 0.000000000000000e+00 0.000000000000000e+00 0.000000000000000e+00 0.000000000000000e+00
 0.000000000000000e+00 0.000000000000000e+00 0.000000000000000e+00 0.000000000000000e+00 0.000000000000000e+00 0.000000000000000e+00 0.000000000000000e+00 0.000000000000000e+00 0.000000000000000e+00 0.000000000000000e+00
 0.000000000000000e+00 0.000000000000000e+00 0.000000000000000e+00 0.000000000000000e+00 0.000000000000000e+00 0.000000000000000e+00 0.000000000000000e+00 0.000000000000000e+00 0.000000000000000e+00 0.000000000000000e+00
 0.000000000000000e+00 0.000000000000000e+00 0.000000000000000e+00 0.000000000000000e+00 0.000000000000000e+00 0.000000000000000e+00 0.000000000000000e+00 0.000000000000000e+00 0.000000000000000e+00 0.000000000000000e+00
 0.000000000000000e+00 0.000000000000000e+00 0.000000000000000e+00 0.000000000000000e+00 0.000000000000000e+00 0.000000000000000e+00 0.000000000000000e+00 0.000000000000000e+00 0.000000000000000e+00 0.000000000000000e+00
 0.000000000000000e+00 0.000000000000000e+00 0.000000000000000e+00 0.000000000000000e+00 0.000000000000000e+00 0.000000000000000e+00 0.000000000000000e+00 0.000000000000000e+00 0.000000000000000e+00 0.000000000000000e+00
 0.000000000000000e+00 0.000000000000000e+00 0.000000000000000e+00 0.000000000000000e+00 0.000000000000000e+00 0.000000000000000e+00 0.000000000000000e+00 0.000000000000000e+00 0.000000000000000e+00 0.000000000000000e+00
 0.000000000000000e+00 0.000000000000000e+00 0.000000000000000e+00 0.000000000000000e+00 0.000000000000000e+00 0.000000000000000e+00 0.000000000000000e+00 0.000000000000000e+00 0.000000000000000e+00 0.000000000000000e+00
 0.000000000000000e+00 0.000000000000000e+00 0.000000000000000e+00 0.000000000000000e+00 0.000000000000000e+00 0.000000000000000e+00 0.000000000000000e+00 0.000000000000000e+00 0.000000000000000e+00 0.000000000000000e+00
 0.000000000000000e+00 0.000000000000000e+00 0.000000000000000e+00 0.000000000000000e+00 0.000000000000000e+00 0.000000000000000e+00 0.000000000000000e+00 0.000000000000000e+00 0.000000000000000e+00 0.000000000000000e+00
 0.000000000000000e+00 0.000000000000000e+00 0.000000000000000e+00 0.000000000000000e+00 0.000000000000000e+00 0.000000000000000e+00 0.000000000000000e+00 0.000000000000000e+00 0.000000000000000e+00 0.000000000000000e+00
 0.000000000000000e+00 0.000000000000000e+00 0.000000000000000e+00 0.000000000000000e+00 0.000000000000000e+00 0.000000000000000e+00 0.000000000000000e+00 0.000000000000000e+00 0.000000000000000e+00 0.000000000000000e+00
 0.000000000000000e+00 0.000000000000000e+00 0.000000000000000e+00 0.000000000000000e+00 0.000000000000000e+00 0.000000000000000e+00 0.000000000000000e+00 0.000000000000000e+00 0.000000000000000e+00 0.000000000000000e+00
 0.000000000000000e+00 0.000000000000000e+00 0.000000000000000e+00 0.000000000000000e+00 0.000000000000000e+00 0.000000000000000e+00 0.000000000000000e+00 0.000000000000000e+00 0.000000000000000e+00 0.000000000000000e+00
 0.000000000000000e+00 0.000000000000000e+00 0.000000000000000e+00 0.000000000000000e+00 0.000000000000000e+00 0.000000000000000e+00 0.000000000000000e+00 0.000000000000000e+00 0.000000000000000e+00 0.000000000000000e+00
 0.000000000000000e+00 0.000000000000000e+00 0.000000000000000e+00 0.000000000000000e+00 0.000000000000000e+00 0.000000000000000e+00 0.000000000000000e+00 0.000000000000000e+00 0.000000000000000e+00 0.000000000000000e+00
 0.000000000000000e+00 0.000000000000000e+00 0.000000000000000e+00 0.000000000000000e+00 0.000000000000000e+00 0.000000000000000e+00 0.000000000000000e+00 0.000000000000000e+00 0.000000000000000e+00 0.000000000000000e+00
 0.000000000000000e+00 0.000000000000000e+00 0.000000000000000e+00 0.000000000000000e+00 0.000000000000000e+00 0.000000000000000e+00 0.000000000000000e+00 0.000000000000000e+00 0.000000000000000e+00 0.000000000000000e+00
 0.000000000000000e+00 0.000000000000000e+00 0.000000000000000e+00 0.000000000000000e+00 0.000000000000000e+00 0.000000000000000e+00 0.000000000000000e+00 0.000000000000000e+00 0.000000000000000e+00 0.000000000000000e+00
 0.000000000000000e+00 0.000000000000000e+00 0.000000000000000e+00 0.000000000000000e+00 0.000000000000000e+00 0.000000000000000e+00 0.000000000000000e+00 0.000000000000000e+00 0.000000000000000e+00 0.000000000000000e+00
 0.000000000000000e+00 0.000000000000000e+00 0.000000000000000e+00 0.000000000000000e+00 0.000000000000000e+00 0.000000000000000e+00 0.000000000000000e+00 0.000000000000000e+00 0.000000000000000e+00 0.000000000000000e+00
 0.000000000000000e+00 0.000000000000000e+00 0.000000000000000e+00 0.000000000000000e+00 0.000000000000000e+00 0.000000000000000e+00 0.000000000000000e+00 0.000000000000000e+00 0.000000000000000e+00 0.000000000000000e+00
 0.000000000000000e+00 0.000000000000000e+00 0.000000000000000e+00 0.000000000000000e+00 0.000000000000000e+00 0.000000000000000e+00 0.000000000000000e+00 0.000000000000000e+00 0.000000000000000e+00 0.000000000000000e+00
 0.000000000000000e+00 0.000000000000000e+00 0.000000000000000e+00 0.000000000000000e+00 0.000000000000000e+00 0.000000000000000e+00 0.000000000000000e+00 0.000000000000000e+00 0.000000000000000e+00 0.000000000000000e+00
 0.000000000000000e+00 0.000000000000000e+00 0.000000000000000e+00 0.000000000000000e+00 0.000000000000000e+00 0.000000000000000e+00 0.000000000000000e+00 0.000000000000000e+00 0.000000000000000e+00 0.000000000000000e+00
 0.000000000000000e+00 0.000000000000000e+00 0.000000000000000e+00 0.000000000000000e+00 0.000000000000000e+00 0.000000000000000e+00 0.000000000000000e+00 0.000000000000000e+00 0.000000000000000e+00 0.000000000000000e+00
 0.000000000000000e+00 0.000000000000000e+00 0.000000000000000e+00 0.000000000000000e+00 0.000000000000000e+00 0.000000000000000e+00 0.000000000000000e+00 0.000000000000000e+00 0.000000000000000e+00 0.000000000000000e+00
 0.000000000000000e+00 0.000000000000000e+00 0.000000000000000e+00 0.000000000000000e+00 0.000000000000000e+00 0.000000000000000e+00 0.000000000000000e+00 0.000000000000000e+00 0.000000000000000e+00 0.000000000000000e+00
 0.000000000000000e+00 0.000000000000000e+00 0.000000000000000e+00 0.000000000000000e+00 0.000000000000000e+00 0.000000000000000e+00 0.000000000000000e+00 0.000000000000000e+00 0.000000000000000e+00 0.000000000000000e+00
 0.000000000000000e+00 0.000000000000000e+00 0.000000000000000e+00 0.000000000000000e+00 0.000000000000000e+00 0.000000000000000e+00 0.000000000000000e+00 0.000000000000000e+00 0.000000000000000e+00 0.000000000000000e+00
 0.000000000000000e+00 0.000000000000000e+00 0.000000000000000e+00 0.000000000000000e+00 0.000000000000000e+00 0.000000000000000e+00 0.000000000000000e+00 0.000000000000000e+00 0.000000000000000e+00 0.000000000000000e+00
 0.000000000000000e+00 0.000000000000000e+00 0.000000000000000e+00 0.000000000000000e+00 0.000000000000000e+00 0.000000000000000e+00 0.000000000000000e+00 0.000000000000000e+00 0.000000000000000e+00 0.000000000000000e+00
 0.000000000000000e+00 0.000000000000000e+00 0.000000000000000e+00 0.000000000000000e+00 0.000000000000000e+00 0.000000000000000e+00 0.000000000000000e+00 0.000000000000000e+00 0.000000000000000e+00 0.000000000000000e+00
 0.000000000000000e+00 0.000000000000000e+00 0.000000000000000e+00 0.000000000000000e+00 0.000000000000000e+00 0.000000000000000e+00 0.000000000000000e+00 0.000000000000000e+00 0.000000000000000e+00 0.000000000000000e+00
 0.000000000000000e+00 0.000000000000000e+00 0.000000000000000e+00 0.000000000000000e+00 0.000000000000000e+00 0.000000000000000e+00 0.000000000000000e+00 0.000000000000000e+00 0.000000000000000e+00 0.000000000000000e+00
 0.000000000000000e+00 0.000000000000000e+00 0.000000000000000e+00 0.000000000000000e+00 0.000000000000000e+00 0.000000000000000e+00 0.000000000000000e+00 0.000000000000000e+00 0.000000000000000e+00 0.000000000000000e+00
 0.000000000000000e+00 0.000000000000000e+00 0.000000000000000e+00 0.000000000000000e+00 0.000000000000000e+00 0.000000000000000e+00 0.000000000000000e+00 0.000000000000000e+00 0.000000000000000e+00 0.000000000000000e+00
 0.000000000000000e+00 0.000000000000000e+00 0.000000000000000e+00 0.000000000000000e+00 0.000000000000000e+00 0.000000000000000e+00 0.000000000000000e+00 0.000000000000000e+00 0.000000000000000e+00 0.000000000000000e+00
 0.000000000000000e+00 0.000000000000000e+00 0.000000000000000e+00 0.000000000000000e+00 0.000000000000000e+00 0.000000000000000e+00 0.000000000000000e+00 0.000000000000000e+00 0.000000000000000e+00 0.000000000000000e+00
 0.000000000000000e+00 0.000000000000000e+00 0.000000000000000e+00 0.000000000000000e+00 0.000000000000000e+00 0.000000000000000e+00 0.000000000000000e+00 0.000000000000000e+00 0.000000000000000e+00 0.000000000000000e+00
 0.000000000000000e+00 0.000000000000000e+00 0.000000000000000e+00 0.000000000000000e+00 0.000000000000000e+00 0.000000000000000e+00 0.000000000000000e+00 0.000000000000000e+00 0.000000000000000e+00 0.000000000000000e+00
 0.000000000000000e+00 0.000000000000000e+00 0.000000000000000e+00 0.000000000000000e+00 0.000000000000000e+00 0.000000000000000e+00 0.000000000000000e+00 0.000000000000000e+00 0.000000000000000e+00 0.000000000000000e+00
 0.000000000000000e+00 0.000000000000000e+00 0.000000000000000e+00 0.000000000000000e+00 0.000000000000000e+00 0.000000000000000e+00 0.000000000000000e+00 0.000000000000000e+00 0.000000000000000e+00 0.000000000000000e+00
 0.000000000000000e+00 0.000000000000000e+00 0.000000000000000e+00 0.000000000000000e+00 0.000000000000000e+00 0.000000000000000e+00 0.000000000000000e+00 0.000000000000000e+00 0.000000000000000e+00 0.000000000000000e+00
 0.000000000000000e+00 0.000000000000000e+00 0.000000000000000e+00 0.000000000000000e+00 0.000000000000000e+00 0.000000000000000e+00 0.000000000000000e+00 0.000000000000000e+00 0.000000000000000e+00 0.000000000000000e+00
 0.000000000000000e+00 0.000000000000000e+00 0.000000000000000e+00 0.000000000000000e+00 0.000000000000000e+00 0.000000000000000e+00 0.000000000000000e+00 0.000000000000000e+00 0.000000000000000e+00 0.000000000000000e+00
 0.000000000000000e+00 0.000000000000000e+00 0.000000000000000e+00 0.000000000000000e+00 0.000000000000000e+00 0.000000000000000e+00 0.000000000000000e+00 0.000000000000000e+00 0.000000000000000e+00 0.000000000000000e+00
 0.000000000000000e+00 0.000000000000000e+00 0.000000000000000e+00 0.000000000000000e+00 0.000000000000000e+00
    }
  }

  Dataset ("AluminumActiveConcentration") {
    function  = AluminumActiveConcentration
    type      = scalar
    dimension = 1
    location  = vertex
    validity  = [ "n_plus" ]
    Values (2405) {
 0.000000000000000e+00 0.000000000000000e+00 0.000000000000000e+00 0.000000000000000e+00 0.000000000000000e+00 0.000000000000000e+00 0.000000000000000e+00 0.000000000000000e+00 0.000000000000000e+00 0.000000000000000e+00
 0.000000000000000e+00 0.000000000000000e+00 0.000000000000000e+00 0.000000000000000e+00 0.000000000000000e+00 0.000000000000000e+00 0.000000000000000e+00 0.000000000000000e+00 0.000000000000000e+00 0.000000000000000e+00
 0.000000000000000e+00 0.000000000000000e+00 0.000000000000000e+00 0.000000000000000e+00 0.000000000000000e+00 0.000000000000000e+00 0.000000000000000e+00 0.000000000000000e+00 0.000000000000000e+00 0.000000000000000e+00
 0.000000000000000e+00 0.000000000000000e+00 0.000000000000000e+00 0.000000000000000e+00 0.000000000000000e+00 0.000000000000000e+00 0.000000000000000e+00 0.000000000000000e+00 0.000000000000000e+00 0.000000000000000e+00
 0.000000000000000e+00 0.000000000000000e+00 0.000000000000000e+00 0.000000000000000e+00 0.000000000000000e+00 0.000000000000000e+00 0.000000000000000e+00 0.000000000000000e+00 0.000000000000000e+00 0.000000000000000e+00
 0.000000000000000e+00 0.000000000000000e+00 0.000000000000000e+00 0.000000000000000e+00 0.000000000000000e+00 0.000000000000000e+00 0.000000000000000e+00 0.000000000000000e+00 0.000000000000000e+00 0.000000000000000e+00
 0.000000000000000e+00 0.000000000000000e+00 0.000000000000000e+00 0.000000000000000e+00 0.000000000000000e+00 0.000000000000000e+00 0.000000000000000e+00 0.000000000000000e+00 0.000000000000000e+00 0.000000000000000e+00
 0.000000000000000e+00 0.000000000000000e+00 0.000000000000000e+00 0.000000000000000e+00 0.000000000000000e+00 0.000000000000000e+00 0.000000000000000e+00 0.000000000000000e+00 0.000000000000000e+00 0.000000000000000e+00
 0.000000000000000e+00 0.000000000000000e+00 0.000000000000000e+00 0.000000000000000e+00 0.000000000000000e+00 0.000000000000000e+00 0.000000000000000e+00 0.000000000000000e+00 0.000000000000000e+00 0.000000000000000e+00
 0.000000000000000e+00 0.000000000000000e+00 0.000000000000000e+00 0.000000000000000e+00 0.000000000000000e+00 0.000000000000000e+00 0.000000000000000e+00 0.000000000000000e+00 0.000000000000000e+00 0.000000000000000e+00
 0.000000000000000e+00 0.000000000000000e+00 0.000000000000000e+00 0.000000000000000e+00 0.000000000000000e+00 0.000000000000000e+00 0.000000000000000e+00 0.000000000000000e+00 0.000000000000000e+00 0.000000000000000e+00
 0.000000000000000e+00 0.000000000000000e+00 0.000000000000000e+00 0.000000000000000e+00 0.000000000000000e+00 0.000000000000000e+00 0.000000000000000e+00 0.000000000000000e+00 0.000000000000000e+00 0.000000000000000e+00
 0.000000000000000e+00 0.000000000000000e+00 0.000000000000000e+00 0.000000000000000e+00 0.000000000000000e+00 0.000000000000000e+00 0.000000000000000e+00 0.000000000000000e+00 0.000000000000000e+00 0.000000000000000e+00
 0.000000000000000e+00 0.000000000000000e+00 0.000000000000000e+00 0.000000000000000e+00 0.000000000000000e+00 0.000000000000000e+00 0.000000000000000e+00 0.000000000000000e+00 0.000000000000000e+00 0.000000000000000e+00
 0.000000000000000e+00 0.000000000000000e+00 0.000000000000000e+00 0.000000000000000e+00 0.000000000000000e+00 0.000000000000000e+00 0.000000000000000e+00 0.000000000000000e+00 0.000000000000000e+00 0.000000000000000e+00
 0.000000000000000e+00 0.000000000000000e+00 0.000000000000000e+00 0.000000000000000e+00 0.000000000000000e+00 0.000000000000000e+00 0.000000000000000e+00 0.000000000000000e+00 0.000000000000000e+00 0.000000000000000e+00
 0.000000000000000e+00 0.000000000000000e+00 0.000000000000000e+00 0.000000000000000e+00 0.000000000000000e+00 0.000000000000000e+00 0.000000000000000e+00 0.000000000000000e+00 0.000000000000000e+00 0.000000000000000e+00
 0.000000000000000e+00 0.000000000000000e+00 0.000000000000000e+00 0.000000000000000e+00 0.000000000000000e+00 0.000000000000000e+00 0.000000000000000e+00 0.000000000000000e+00 0.000000000000000e+00 0.000000000000000e+00
 0.000000000000000e+00 0.000000000000000e+00 0.000000000000000e+00 0.000000000000000e+00 0.000000000000000e+00 0.000000000000000e+00 0.000000000000000e+00 0.000000000000000e+00 0.000000000000000e+00 0.000000000000000e+00
 0.000000000000000e+00 0.000000000000000e+00 0.000000000000000e+00 0.000000000000000e+00 0.000000000000000e+00 0.000000000000000e+00 0.000000000000000e+00 0.000000000000000e+00 0.000000000000000e+00 0.000000000000000e+00
 0.000000000000000e+00 0.000000000000000e+00 0.000000000000000e+00 0.000000000000000e+00 0.000000000000000e+00 0.000000000000000e+00 0.000000000000000e+00 0.000000000000000e+00 0.000000000000000e+00 0.000000000000000e+00
 0.000000000000000e+00 0.000000000000000e+00 0.000000000000000e+00 0.000000000000000e+00 0.000000000000000e+00 0.000000000000000e+00 0.000000000000000e+00 0.000000000000000e+00 0.000000000000000e+00 0.000000000000000e+00
 0.000000000000000e+00 0.000000000000000e+00 0.000000000000000e+00 0.000000000000000e+00 0.000000000000000e+00 0.000000000000000e+00 0.000000000000000e+00 0.000000000000000e+00 0.000000000000000e+00 0.000000000000000e+00
 0.000000000000000e+00 0.000000000000000e+00 0.000000000000000e+00 0.000000000000000e+00 0.000000000000000e+00 0.000000000000000e+00 0.000000000000000e+00 0.000000000000000e+00 0.000000000000000e+00 0.000000000000000e+00
 0.000000000000000e+00 0.000000000000000e+00 0.000000000000000e+00 0.000000000000000e+00 0.000000000000000e+00 0.000000000000000e+00 0.000000000000000e+00 0.000000000000000e+00 0.000000000000000e+00 0.000000000000000e+00
 0.000000000000000e+00 0.000000000000000e+00 0.000000000000000e+00 0.000000000000000e+00 0.000000000000000e+00 0.000000000000000e+00 0.000000000000000e+00 0.000000000000000e+00 0.000000000000000e+00 0.000000000000000e+00
 0.000000000000000e+00 0.000000000000000e+00 0.000000000000000e+00 0.000000000000000e+00 0.000000000000000e+00 0.000000000000000e+00 0.000000000000000e+00 0.000000000000000e+00 0.000000000000000e+00 0.000000000000000e+00
 0.000000000000000e+00 0.000000000000000e+00 0.000000000000000e+00 0.000000000000000e+00 0.000000000000000e+00 0.000000000000000e+00 0.000000000000000e+00 0.000000000000000e+00 0.000000000000000e+00 0.000000000000000e+00
 0.000000000000000e+00 0.000000000000000e+00 0.000000000000000e+00 0.000000000000000e+00 0.000000000000000e+00 0.000000000000000e+00 0.000000000000000e+00 0.000000000000000e+00 0.000000000000000e+00 0.000000000000000e+00
 0.000000000000000e+00 0.000000000000000e+00 0.000000000000000e+00 0.000000000000000e+00 0.000000000000000e+00 0.000000000000000e+00 0.000000000000000e+00 0.000000000000000e+00 0.000000000000000e+00 0.000000000000000e+00
 0.000000000000000e+00 0.000000000000000e+00 0.000000000000000e+00 0.000000000000000e+00 0.000000000000000e+00 0.000000000000000e+00 0.000000000000000e+00 0.000000000000000e+00 0.000000000000000e+00 0.000000000000000e+00
 0.000000000000000e+00 0.000000000000000e+00 0.000000000000000e+00 0.000000000000000e+00 0.000000000000000e+00 0.000000000000000e+00 0.000000000000000e+00 0.000000000000000e+00 0.000000000000000e+00 0.000000000000000e+00
 0.000000000000000e+00 0.000000000000000e+00 0.000000000000000e+00 0.000000000000000e+00 0.000000000000000e+00 0.000000000000000e+00 0.000000000000000e+00 0.000000000000000e+00 0.000000000000000e+00 0.000000000000000e+00
 0.000000000000000e+00 0.000000000000000e+00 0.000000000000000e+00 0.000000000000000e+00 0.000000000000000e+00 0.000000000000000e+00 0.000000000000000e+00 0.000000000000000e+00 0.000000000000000e+00 0.000000000000000e+00
 0.000000000000000e+00 0.000000000000000e+00 0.000000000000000e+00 0.000000000000000e+00 0.000000000000000e+00 0.000000000000000e+00 0.000000000000000e+00 0.000000000000000e+00 0.000000000000000e+00 0.000000000000000e+00
 0.000000000000000e+00 0.000000000000000e+00 0.000000000000000e+00 0.000000000000000e+00 0.000000000000000e+00 0.000000000000000e+00 0.000000000000000e+00 0.000000000000000e+00 0.000000000000000e+00 0.000000000000000e+00
 0.000000000000000e+00 0.000000000000000e+00 0.000000000000000e+00 0.000000000000000e+00 0.000000000000000e+00 0.000000000000000e+00 0.000000000000000e+00 0.000000000000000e+00 0.000000000000000e+00 0.000000000000000e+00
 0.000000000000000e+00 0.000000000000000e+00 0.000000000000000e+00 0.000000000000000e+00 0.000000000000000e+00 0.000000000000000e+00 0.000000000000000e+00 0.000000000000000e+00 0.000000000000000e+00 0.000000000000000e+00
 0.000000000000000e+00 0.000000000000000e+00 0.000000000000000e+00 0.000000000000000e+00 0.000000000000000e+00 0.000000000000000e+00 0.000000000000000e+00 0.000000000000000e+00 0.000000000000000e+00 0.000000000000000e+00
 0.000000000000000e+00 0.000000000000000e+00 0.000000000000000e+00 0.000000000000000e+00 0.000000000000000e+00 0.000000000000000e+00 0.000000000000000e+00 0.000000000000000e+00 0.000000000000000e+00 0.000000000000000e+00
 0.000000000000000e+00 0.000000000000000e+00 0.000000000000000e+00 0.000000000000000e+00 0.000000000000000e+00 0.000000000000000e+00 0.000000000000000e+00 0.000000000000000e+00 0.000000000000000e+00 0.000000000000000e+00
 0.000000000000000e+00 0.000000000000000e+00 0.000000000000000e+00 0.000000000000000e+00 0.000000000000000e+00 0.000000000000000e+00 0.000000000000000e+00 0.000000000000000e+00 0.000000000000000e+00 0.000000000000000e+00
 0.000000000000000e+00 0.000000000000000e+00 0.000000000000000e+00 0.000000000000000e+00 0.000000000000000e+00 0.000000000000000e+00 0.000000000000000e+00 0.000000000000000e+00 0.000000000000000e+00 0.000000000000000e+00
 0.000000000000000e+00 0.000000000000000e+00 0.000000000000000e+00 0.000000000000000e+00 0.000000000000000e+00 0.000000000000000e+00 0.000000000000000e+00 0.000000000000000e+00 0.000000000000000e+00 0.000000000000000e+00
 0.000000000000000e+00 0.000000000000000e+00 0.000000000000000e+00 0.000000000000000e+00 0.000000000000000e+00 0.000000000000000e+00 0.000000000000000e+00 0.000000000000000e+00 0.000000000000000e+00 0.000000000000000e+00
 0.000000000000000e+00 0.000000000000000e+00 0.000000000000000e+00 0.000000000000000e+00 0.000000000000000e+00 0.000000000000000e+00 0.000000000000000e+00 0.000000000000000e+00 0.000000000000000e+00 0.000000000000000e+00
 0.000000000000000e+00 0.000000000000000e+00 0.000000000000000e+00 0.000000000000000e+00 0.000000000000000e+00 0.000000000000000e+00 0.000000000000000e+00 0.000000000000000e+00 0.000000000000000e+00 0.000000000000000e+00
 0.000000000000000e+00 0.000000000000000e+00 0.000000000000000e+00 0.000000000000000e+00 0.000000000000000e+00 0.000000000000000e+00 0.000000000000000e+00 0.000000000000000e+00 0.000000000000000e+00 0.000000000000000e+00
 0.000000000000000e+00 0.000000000000000e+00 0.000000000000000e+00 0.000000000000000e+00 0.000000000000000e+00 0.000000000000000e+00 0.000000000000000e+00 0.000000000000000e+00 0.000000000000000e+00 0.000000000000000e+00
 0.000000000000000e+00 0.000000000000000e+00 0.000000000000000e+00 0.000000000000000e+00 0.000000000000000e+00 0.000000000000000e+00 0.000000000000000e+00 0.000000000000000e+00 0.000000000000000e+00 0.000000000000000e+00
 0.000000000000000e+00 0.000000000000000e+00 0.000000000000000e+00 0.000000000000000e+00 0.000000000000000e+00 0.000000000000000e+00 0.000000000000000e+00 0.000000000000000e+00 0.000000000000000e+00 0.000000000000000e+00
 0.000000000000000e+00 0.000000000000000e+00 0.000000000000000e+00 0.000000000000000e+00 0.000000000000000e+00 0.000000000000000e+00 0.000000000000000e+00 0.000000000000000e+00 0.000000000000000e+00 0.000000000000000e+00
 0.000000000000000e+00 0.000000000000000e+00 0.000000000000000e+00 0.000000000000000e+00 0.000000000000000e+00 0.000000000000000e+00 0.000000000000000e+00 0.000000000000000e+00 0.000000000000000e+00 0.000000000000000e+00
 0.000000000000000e+00 0.000000000000000e+00 0.000000000000000e+00 0.000000000000000e+00 0.000000000000000e+00 0.000000000000000e+00 0.000000000000000e+00 0.000000000000000e+00 0.000000000000000e+00 0.000000000000000e+00
 0.000000000000000e+00 0.000000000000000e+00 0.000000000000000e+00 0.000000000000000e+00 0.000000000000000e+00 0.000000000000000e+00 0.000000000000000e+00 0.000000000000000e+00 0.000000000000000e+00 0.000000000000000e+00
 0.000000000000000e+00 0.000000000000000e+00 0.000000000000000e+00 0.000000000000000e+00 0.000000000000000e+00 0.000000000000000e+00 0.000000000000000e+00 0.000000000000000e+00 0.000000000000000e+00 0.000000000000000e+00
 0.000000000000000e+00 0.000000000000000e+00 0.000000000000000e+00 0.000000000000000e+00 0.000000000000000e+00 0.000000000000000e+00 0.000000000000000e+00 0.000000000000000e+00 0.000000000000000e+00 0.000000000000000e+00
 0.000000000000000e+00 0.000000000000000e+00 0.000000000000000e+00 0.000000000000000e+00 0.000000000000000e+00 0.000000000000000e+00 0.000000000000000e+00 0.000000000000000e+00 0.000000000000000e+00 0.000000000000000e+00
 0.000000000000000e+00 0.000000000000000e+00 0.000000000000000e+00 0.000000000000000e+00 0.000000000000000e+00 0.000000000000000e+00 0.000000000000000e+00 0.000000000000000e+00 0.000000000000000e+00 0.000000000000000e+00
 0.000000000000000e+00 0.000000000000000e+00 0.000000000000000e+00 0.000000000000000e+00 0.000000000000000e+00 0.000000000000000e+00 0.000000000000000e+00 0.000000000000000e+00 0.000000000000000e+00 0.000000000000000e+00
 0.000000000000000e+00 0.000000000000000e+00 0.000000000000000e+00 0.000000000000000e+00 0.000000000000000e+00 0.000000000000000e+00 0.000000000000000e+00 0.000000000000000e+00 0.000000000000000e+00 0.000000000000000e+00
 0.000000000000000e+00 0.000000000000000e+00 0.000000000000000e+00 0.000000000000000e+00 0.000000000000000e+00 0.000000000000000e+00 0.000000000000000e+00 0.000000000000000e+00 0.000000000000000e+00 0.000000000000000e+00
 0.000000000000000e+00 0.000000000000000e+00 0.000000000000000e+00 0.000000000000000e+00 0.000000000000000e+00 0.000000000000000e+00 0.000000000000000e+00 0.000000000000000e+00 0.000000000000000e+00 0.000000000000000e+00
 0.000000000000000e+00 0.000000000000000e+00 0.000000000000000e+00 0.000000000000000e+00 0.000000000000000e+00 0.000000000000000e+00 0.000000000000000e+00 0.000000000000000e+00 0.000000000000000e+00 0.000000000000000e+00
 0.000000000000000e+00 0.000000000000000e+00 0.000000000000000e+00 0.000000000000000e+00 0.000000000000000e+00 0.000000000000000e+00 0.000000000000000e+00 0.000000000000000e+00 0.000000000000000e+00 0.000000000000000e+00
 0.000000000000000e+00 0.000000000000000e+00 0.000000000000000e+00 0.000000000000000e+00 0.000000000000000e+00 0.000000000000000e+00 0.000000000000000e+00 0.000000000000000e+00 0.000000000000000e+00 0.000000000000000e+00
 0.000000000000000e+00 0.000000000000000e+00 0.000000000000000e+00 0.000000000000000e+00 0.000000000000000e+00 0.000000000000000e+00 0.000000000000000e+00 0.000000000000000e+00 0.000000000000000e+00 0.000000000000000e+00
 0.000000000000000e+00 0.000000000000000e+00 0.000000000000000e+00 0.000000000000000e+00 0.000000000000000e+00 0.000000000000000e+00 0.000000000000000e+00 0.000000000000000e+00 0.000000000000000e+00 0.000000000000000e+00
 0.000000000000000e+00 0.000000000000000e+00 0.000000000000000e+00 0.000000000000000e+00 0.000000000000000e+00 0.000000000000000e+00 0.000000000000000e+00 0.000000000000000e+00 0.000000000000000e+00 0.000000000000000e+00
 0.000000000000000e+00 0.000000000000000e+00 0.000000000000000e+00 0.000000000000000e+00 0.000000000000000e+00 0.000000000000000e+00 0.000000000000000e+00 0.000000000000000e+00 0.000000000000000e+00 0.000000000000000e+00
 0.000000000000000e+00 0.000000000000000e+00 0.000000000000000e+00 0.000000000000000e+00 0.000000000000000e+00 0.000000000000000e+00 0.000000000000000e+00 0.000000000000000e+00 0.000000000000000e+00 0.000000000000000e+00
 0.000000000000000e+00 0.000000000000000e+00 0.000000000000000e+00 0.000000000000000e+00 0.000000000000000e+00 0.000000000000000e+00 0.000000000000000e+00 0.000000000000000e+00 0.000000000000000e+00 0.000000000000000e+00
 0.000000000000000e+00 0.000000000000000e+00 0.000000000000000e+00 0.000000000000000e+00 0.000000000000000e+00 0.000000000000000e+00 0.000000000000000e+00 0.000000000000000e+00 0.000000000000000e+00 0.000000000000000e+00
 0.000000000000000e+00 0.000000000000000e+00 0.000000000000000e+00 0.000000000000000e+00 0.000000000000000e+00 0.000000000000000e+00 0.000000000000000e+00 0.000000000000000e+00 0.000000000000000e+00 0.000000000000000e+00
 0.000000000000000e+00 0.000000000000000e+00 0.000000000000000e+00 0.000000000000000e+00 0.000000000000000e+00 0.000000000000000e+00 0.000000000000000e+00 0.000000000000000e+00 0.000000000000000e+00 0.000000000000000e+00
 0.000000000000000e+00 0.000000000000000e+00 0.000000000000000e+00 0.000000000000000e+00 0.000000000000000e+00 0.000000000000000e+00 0.000000000000000e+00 0.000000000000000e+00 0.000000000000000e+00 0.000000000000000e+00
 0.000000000000000e+00 0.000000000000000e+00 0.000000000000000e+00 0.000000000000000e+00 0.000000000000000e+00 0.000000000000000e+00 0.000000000000000e+00 0.000000000000000e+00 0.000000000000000e+00 0.000000000000000e+00
 0.000000000000000e+00 0.000000000000000e+00 0.000000000000000e+00 0.000000000000000e+00 0.000000000000000e+00 0.000000000000000e+00 0.000000000000000e+00 0.000000000000000e+00 0.000000000000000e+00 0.000000000000000e+00
 0.000000000000000e+00 0.000000000000000e+00 0.000000000000000e+00 0.000000000000000e+00 0.000000000000000e+00 0.000000000000000e+00 0.000000000000000e+00 0.000000000000000e+00 0.000000000000000e+00 0.000000000000000e+00
 0.000000000000000e+00 0.000000000000000e+00 0.000000000000000e+00 0.000000000000000e+00 0.000000000000000e+00 0.000000000000000e+00 0.000000000000000e+00 0.000000000000000e+00 0.000000000000000e+00 0.000000000000000e+00
 0.000000000000000e+00 0.000000000000000e+00 0.000000000000000e+00 0.000000000000000e+00 0.000000000000000e+00 0.000000000000000e+00 0.000000000000000e+00 0.000000000000000e+00 0.000000000000000e+00 0.000000000000000e+00
 0.000000000000000e+00 0.000000000000000e+00 0.000000000000000e+00 0.000000000000000e+00 0.000000000000000e+00 0.000000000000000e+00 0.000000000000000e+00 0.000000000000000e+00 0.000000000000000e+00 0.000000000000000e+00
 0.000000000000000e+00 0.000000000000000e+00 0.000000000000000e+00 0.000000000000000e+00 0.000000000000000e+00 0.000000000000000e+00 0.000000000000000e+00 0.000000000000000e+00 0.000000000000000e+00 0.000000000000000e+00
 0.000000000000000e+00 0.000000000000000e+00 0.000000000000000e+00 0.000000000000000e+00 0.000000000000000e+00 0.000000000000000e+00 0.000000000000000e+00 0.000000000000000e+00 0.000000000000000e+00 0.000000000000000e+00
 0.000000000000000e+00 0.000000000000000e+00 0.000000000000000e+00 0.000000000000000e+00 0.000000000000000e+00 0.000000000000000e+00 0.000000000000000e+00 0.000000000000000e+00 0.000000000000000e+00 0.000000000000000e+00
 0.000000000000000e+00 0.000000000000000e+00 0.000000000000000e+00 0.000000000000000e+00 0.000000000000000e+00 0.000000000000000e+00 0.000000000000000e+00 0.000000000000000e+00 0.000000000000000e+00 0.000000000000000e+00
 0.000000000000000e+00 0.000000000000000e+00 0.000000000000000e+00 0.000000000000000e+00 0.000000000000000e+00 0.000000000000000e+00 0.000000000000000e+00 0.000000000000000e+00 0.000000000000000e+00 0.000000000000000e+00
 0.000000000000000e+00 0.000000000000000e+00 0.000000000000000e+00 0.000000000000000e+00 0.000000000000000e+00 0.000000000000000e+00 0.000000000000000e+00 0.000000000000000e+00 0.000000000000000e+00 0.000000000000000e+00
 0.000000000000000e+00 0.000000000000000e+00 0.000000000000000e+00 0.000000000000000e+00 0.000000000000000e+00 0.000000000000000e+00 0.000000000000000e+00 0.000000000000000e+00 0.000000000000000e+00 0.000000000000000e+00
 0.000000000000000e+00 0.000000000000000e+00 0.000000000000000e+00 0.000000000000000e+00 0.000000000000000e+00 0.000000000000000e+00 0.000000000000000e+00 0.000000000000000e+00 0.000000000000000e+00 0.000000000000000e+00
 0.000000000000000e+00 0.000000000000000e+00 0.000000000000000e+00 0.000000000000000e+00 0.000000000000000e+00 0.000000000000000e+00 0.000000000000000e+00 0.000000000000000e+00 0.000000000000000e+00 0.000000000000000e+00
 0.000000000000000e+00 0.000000000000000e+00 0.000000000000000e+00 0.000000000000000e+00 0.000000000000000e+00 0.000000000000000e+00 0.000000000000000e+00 0.000000000000000e+00 0.000000000000000e+00 0.000000000000000e+00
 0.000000000000000e+00 0.000000000000000e+00 0.000000000000000e+00 0.000000000000000e+00 0.000000000000000e+00 0.000000000000000e+00 0.000000000000000e+00 0.000000000000000e+00 0.000000000000000e+00 0.000000000000000e+00
 0.000000000000000e+00 0.000000000000000e+00 0.000000000000000e+00 0.000000000000000e+00 0.000000000000000e+00 0.000000000000000e+00 0.000000000000000e+00 0.000000000000000e+00 0.000000000000000e+00 0.000000000000000e+00
 0.000000000000000e+00 0.000000000000000e+00 0.000000000000000e+00 0.000000000000000e+00 0.000000000000000e+00 0.000000000000000e+00 0.000000000000000e+00 0.000000000000000e+00 0.000000000000000e+00 0.000000000000000e+00
 0.000000000000000e+00 0.000000000000000e+00 0.000000000000000e+00 0.000000000000000e+00 0.000000000000000e+00 0.000000000000000e+00 0.000000000000000e+00 0.000000000000000e+00 0.000000000000000e+00 0.000000000000000e+00
 0.000000000000000e+00 0.000000000000000e+00 0.000000000000000e+00 0.000000000000000e+00 0.000000000000000e+00 0.000000000000000e+00 0.000000000000000e+00 0.000000000000000e+00 0.000000000000000e+00 0.000000000000000e+00
 0.000000000000000e+00 0.000000000000000e+00 0.000000000000000e+00 0.000000000000000e+00 0.000000000000000e+00 0.000000000000000e+00 0.000000000000000e+00 0.000000000000000e+00 0.000000000000000e+00 0.000000000000000e+00
 0.000000000000000e+00 0.000000000000000e+00 0.000000000000000e+00 0.000000000000000e+00 0.000000000000000e+00 0.000000000000000e+00 0.000000000000000e+00 0.000000000000000e+00 0.000000000000000e+00 0.000000000000000e+00
 0.000000000000000e+00 0.000000000000000e+00 0.000000000000000e+00 0.000000000000000e+00 0.000000000000000e+00 0.000000000000000e+00 0.000000000000000e+00 0.000000000000000e+00 0.000000000000000e+00 0.000000000000000e+00
 0.000000000000000e+00 0.000000000000000e+00 0.000000000000000e+00 0.000000000000000e+00 0.000000000000000e+00 0.000000000000000e+00 0.000000000000000e+00 0.000000000000000e+00 0.000000000000000e+00 0.000000000000000e+00
 0.000000000000000e+00 0.000000000000000e+00 0.000000000000000e+00 0.000000000000000e+00 0.000000000000000e+00 0.000000000000000e+00 0.000000000000000e+00 0.000000000000000e+00 0.000000000000000e+00 0.000000000000000e+00
 0.000000000000000e+00 0.000000000000000e+00 0.000000000000000e+00 0.000000000000000e+00 0.000000000000000e+00 0.000000000000000e+00 0.000000000000000e+00 0.000000000000000e+00 0.000000000000000e+00 0.000000000000000e+00
 0.000000000000000e+00 0.000000000000000e+00 0.000000000000000e+00 0.000000000000000e+00 0.000000000000000e+00 0.000000000000000e+00 0.000000000000000e+00 0.000000000000000e+00 0.000000000000000e+00 0.000000000000000e+00
 0.000000000000000e+00 0.000000000000000e+00 0.000000000000000e+00 0.000000000000000e+00 0.000000000000000e+00 0.000000000000000e+00 0.000000000000000e+00 0.000000000000000e+00 0.000000000000000e+00 0.000000000000000e+00
 0.000000000000000e+00 0.000000000000000e+00 0.000000000000000e+00 0.000000000000000e+00 0.000000000000000e+00 0.000000000000000e+00 0.000000000000000e+00 0.000000000000000e+00 0.000000000000000e+00 0.000000000000000e+00
 0.000000000000000e+00 0.000000000000000e+00 0.000000000000000e+00 0.000000000000000e+00 0.000000000000000e+00 0.000000000000000e+00 0.000000000000000e+00 0.000000000000000e+00 0.000000000000000e+00 0.000000000000000e+00
 0.000000000000000e+00 0.000000000000000e+00 0.000000000000000e+00 0.000000000000000e+00 0.000000000000000e+00 0.000000000000000e+00 0.000000000000000e+00 0.000000000000000e+00 0.000000000000000e+00 0.000000000000000e+00
 0.000000000000000e+00 0.000000000000000e+00 0.000000000000000e+00 0.000000000000000e+00 0.000000000000000e+00 0.000000000000000e+00 0.000000000000000e+00 0.000000000000000e+00 0.000000000000000e+00 0.000000000000000e+00
 0.000000000000000e+00 0.000000000000000e+00 0.000000000000000e+00 0.000000000000000e+00 0.000000000000000e+00 0.000000000000000e+00 0.000000000000000e+00 0.000000000000000e+00 0.000000000000000e+00 0.000000000000000e+00
 0.000000000000000e+00 0.000000000000000e+00 0.000000000000000e+00 0.000000000000000e+00 0.000000000000000e+00 0.000000000000000e+00 0.000000000000000e+00 0.000000000000000e+00 0.000000000000000e+00 0.000000000000000e+00
 0.000000000000000e+00 0.000000000000000e+00 0.000000000000000e+00 0.000000000000000e+00 0.000000000000000e+00 0.000000000000000e+00 0.000000000000000e+00 0.000000000000000e+00 0.000000000000000e+00 0.000000000000000e+00
 0.000000000000000e+00 0.000000000000000e+00 0.000000000000000e+00 0.000000000000000e+00 0.000000000000000e+00 0.000000000000000e+00 0.000000000000000e+00 0.000000000000000e+00 0.000000000000000e+00 0.000000000000000e+00
 0.000000000000000e+00 0.000000000000000e+00 0.000000000000000e+00 0.000000000000000e+00 0.000000000000000e+00 0.000000000000000e+00 0.000000000000000e+00 0.000000000000000e+00 0.000000000000000e+00 0.000000000000000e+00
 0.000000000000000e+00 0.000000000000000e+00 0.000000000000000e+00 0.000000000000000e+00 0.000000000000000e+00 0.000000000000000e+00 0.000000000000000e+00 0.000000000000000e+00 0.000000000000000e+00 0.000000000000000e+00
 0.000000000000000e+00 0.000000000000000e+00 0.000000000000000e+00 0.000000000000000e+00 0.000000000000000e+00 0.000000000000000e+00 0.000000000000000e+00 0.000000000000000e+00 0.000000000000000e+00 0.000000000000000e+00
 0.000000000000000e+00 0.000000000000000e+00 0.000000000000000e+00 0.000000000000000e+00 0.000000000000000e+00 0.000000000000000e+00 0.000000000000000e+00 0.000000000000000e+00 0.000000000000000e+00 0.000000000000000e+00
 0.000000000000000e+00 0.000000000000000e+00 0.000000000000000e+00 0.000000000000000e+00 0.000000000000000e+00 0.000000000000000e+00 0.000000000000000e+00 0.000000000000000e+00 0.000000000000000e+00 0.000000000000000e+00
 0.000000000000000e+00 0.000000000000000e+00 0.000000000000000e+00 0.000000000000000e+00 0.000000000000000e+00 0.000000000000000e+00 0.000000000000000e+00 0.000000000000000e+00 0.000000000000000e+00 0.000000000000000e+00
 0.000000000000000e+00 0.000000000000000e+00 0.000000000000000e+00 0.000000000000000e+00 0.000000000000000e+00 0.000000000000000e+00 0.000000000000000e+00 0.000000000000000e+00 0.000000000000000e+00 0.000000000000000e+00
 0.000000000000000e+00 0.000000000000000e+00 0.000000000000000e+00 0.000000000000000e+00 0.000000000000000e+00 0.000000000000000e+00 0.000000000000000e+00 0.000000000000000e+00 0.000000000000000e+00 0.000000000000000e+00
 0.000000000000000e+00 0.000000000000000e+00 0.000000000000000e+00 0.000000000000000e+00 0.000000000000000e+00 0.000000000000000e+00 0.000000000000000e+00 0.000000000000000e+00 0.000000000000000e+00 0.000000000000000e+00
 0.000000000000000e+00 0.000000000000000e+00 0.000000000000000e+00 0.000000000000000e+00 0.000000000000000e+00 0.000000000000000e+00 0.000000000000000e+00 0.000000000000000e+00 0.000000000000000e+00 0.000000000000000e+00
 0.000000000000000e+00 0.000000000000000e+00 0.000000000000000e+00 0.000000000000000e+00 0.000000000000000e+00 0.000000000000000e+00 0.000000000000000e+00 0.000000000000000e+00 0.000000000000000e+00 0.000000000000000e+00
 0.000000000000000e+00 0.000000000000000e+00 0.000000000000000e+00 0.000000000000000e+00 0.000000000000000e+00 0.000000000000000e+00 0.000000000000000e+00 0.000000000000000e+00 0.000000000000000e+00 0.000000000000000e+00
 0.000000000000000e+00 0.000000000000000e+00 0.000000000000000e+00 0.000000000000000e+00 0.000000000000000e+00 0.000000000000000e+00 0.000000000000000e+00 0.000000000000000e+00 0.000000000000000e+00 0.000000000000000e+00
 0.000000000000000e+00 0.000000000000000e+00 0.000000000000000e+00 0.000000000000000e+00 0.000000000000000e+00 0.000000000000000e+00 0.000000000000000e+00 0.000000000000000e+00 0.000000000000000e+00 0.000000000000000e+00
 0.000000000000000e+00 0.000000000000000e+00 0.000000000000000e+00 0.000000000000000e+00 0.000000000000000e+00 0.000000000000000e+00 0.000000000000000e+00 0.000000000000000e+00 0.000000000000000e+00 0.000000000000000e+00
 0.000000000000000e+00 0.000000000000000e+00 0.000000000000000e+00 0.000000000000000e+00 0.000000000000000e+00 0.000000000000000e+00 0.000000000000000e+00 0.000000000000000e+00 0.000000000000000e+00 0.000000000000000e+00
 0.000000000000000e+00 0.000000000000000e+00 0.000000000000000e+00 0.000000000000000e+00 0.000000000000000e+00 0.000000000000000e+00 0.000000000000000e+00 0.000000000000000e+00 0.000000000000000e+00 0.000000000000000e+00
 0.000000000000000e+00 0.000000000000000e+00 0.000000000000000e+00 0.000000000000000e+00 0.000000000000000e+00 0.000000000000000e+00 0.000000000000000e+00 0.000000000000000e+00 0.000000000000000e+00 0.000000000000000e+00
 0.000000000000000e+00 0.000000000000000e+00 0.000000000000000e+00 0.000000000000000e+00 0.000000000000000e+00 0.000000000000000e+00 0.000000000000000e+00 0.000000000000000e+00 0.000000000000000e+00 0.000000000000000e+00
 0.000000000000000e+00 0.000000000000000e+00 0.000000000000000e+00 0.000000000000000e+00 0.000000000000000e+00 0.000000000000000e+00 0.000000000000000e+00 0.000000000000000e+00 0.000000000000000e+00 0.000000000000000e+00
 0.000000000000000e+00 0.000000000000000e+00 0.000000000000000e+00 0.000000000000000e+00 0.000000000000000e+00 0.000000000000000e+00 0.000000000000000e+00 0.000000000000000e+00 0.000000000000000e+00 0.000000000000000e+00
 0.000000000000000e+00 0.000000000000000e+00 0.000000000000000e+00 0.000000000000000e+00 0.000000000000000e+00 0.000000000000000e+00 0.000000000000000e+00 0.000000000000000e+00 0.000000000000000e+00 0.000000000000000e+00
 0.000000000000000e+00 0.000000000000000e+00 0.000000000000000e+00 0.000000000000000e+00 0.000000000000000e+00 0.000000000000000e+00 0.000000000000000e+00 0.000000000000000e+00 0.000000000000000e+00 0.000000000000000e+00
 0.000000000000000e+00 0.000000000000000e+00 0.000000000000000e+00 0.000000000000000e+00 0.000000000000000e+00 0.000000000000000e+00 0.000000000000000e+00 0.000000000000000e+00 0.000000000000000e+00 0.000000000000000e+00
 0.000000000000000e+00 0.000000000000000e+00 0.000000000000000e+00 0.000000000000000e+00 0.000000000000000e+00 0.000000000000000e+00 0.000000000000000e+00 0.000000000000000e+00 0.000000000000000e+00 0.000000000000000e+00
 0.000000000000000e+00 0.000000000000000e+00 0.000000000000000e+00 0.000000000000000e+00 0.000000000000000e+00 0.000000000000000e+00 0.000000000000000e+00 0.000000000000000e+00 0.000000000000000e+00 0.000000000000000e+00
 0.000000000000000e+00 0.000000000000000e+00 0.000000000000000e+00 0.000000000000000e+00 0.000000000000000e+00 0.000000000000000e+00 0.000000000000000e+00 0.000000000000000e+00 0.000000000000000e+00 0.000000000000000e+00
 0.000000000000000e+00 0.000000000000000e+00 0.000000000000000e+00 0.000000000000000e+00 0.000000000000000e+00 0.000000000000000e+00 0.000000000000000e+00 0.000000000000000e+00 0.000000000000000e+00 0.000000000000000e+00
 0.000000000000000e+00 0.000000000000000e+00 0.000000000000000e+00 0.000000000000000e+00 0.000000000000000e+00 0.000000000000000e+00 0.000000000000000e+00 0.000000000000000e+00 0.000000000000000e+00 0.000000000000000e+00
 0.000000000000000e+00 0.000000000000000e+00 0.000000000000000e+00 0.000000000000000e+00 0.000000000000000e+00 0.000000000000000e+00 0.000000000000000e+00 0.000000000000000e+00 0.000000000000000e+00 0.000000000000000e+00
 0.000000000000000e+00 0.000000000000000e+00 0.000000000000000e+00 0.000000000000000e+00 0.000000000000000e+00 0.000000000000000e+00 0.000000000000000e+00 0.000000000000000e+00 0.000000000000000e+00 0.000000000000000e+00
 0.000000000000000e+00 0.000000000000000e+00 0.000000000000000e+00 0.000000000000000e+00 0.000000000000000e+00 0.000000000000000e+00 0.000000000000000e+00 0.000000000000000e+00 0.000000000000000e+00 0.000000000000000e+00
 0.000000000000000e+00 0.000000000000000e+00 0.000000000000000e+00 0.000000000000000e+00 0.000000000000000e+00 0.000000000000000e+00 0.000000000000000e+00 0.000000000000000e+00 0.000000000000000e+00 0.000000000000000e+00
 0.000000000000000e+00 0.000000000000000e+00 0.000000000000000e+00 0.000000000000000e+00 0.000000000000000e+00 0.000000000000000e+00 0.000000000000000e+00 0.000000000000000e+00 0.000000000000000e+00 0.000000000000000e+00
 0.000000000000000e+00 0.000000000000000e+00 0.000000000000000e+00 0.000000000000000e+00 0.000000000000000e+00 0.000000000000000e+00 0.000000000000000e+00 0.000000000000000e+00 0.000000000000000e+00 0.000000000000000e+00
 0.000000000000000e+00 0.000000000000000e+00 0.000000000000000e+00 0.000000000000000e+00 0.000000000000000e+00 0.000000000000000e+00 0.000000000000000e+00 0.000000000000000e+00 0.000000000000000e+00 0.000000000000000e+00
 0.000000000000000e+00 0.000000000000000e+00 0.000000000000000e+00 0.000000000000000e+00 0.000000000000000e+00 0.000000000000000e+00 0.000000000000000e+00 0.000000000000000e+00 0.000000000000000e+00 0.000000000000000e+00
 0.000000000000000e+00 0.000000000000000e+00 0.000000000000000e+00 0.000000000000000e+00 0.000000000000000e+00 0.000000000000000e+00 0.000000000000000e+00 0.000000000000000e+00 0.000000000000000e+00 0.000000000000000e+00
 0.000000000000000e+00 0.000000000000000e+00 0.000000000000000e+00 0.000000000000000e+00 0.000000000000000e+00 0.000000000000000e+00 0.000000000000000e+00 0.000000000000000e+00 0.000000000000000e+00 0.000000000000000e+00
 0.000000000000000e+00 0.000000000000000e+00 0.000000000000000e+00 0.000000000000000e+00 0.000000000000000e+00 0.000000000000000e+00 0.000000000000000e+00 0.000000000000000e+00 0.000000000000000e+00 0.000000000000000e+00
 0.000000000000000e+00 0.000000000000000e+00 0.000000000000000e+00 0.000000000000000e+00 0.000000000000000e+00 0.000000000000000e+00 0.000000000000000e+00 0.000000000000000e+00 0.000000000000000e+00 0.000000000000000e+00
 0.000000000000000e+00 0.000000000000000e+00 0.000000000000000e+00 0.000000000000000e+00 0.000000000000000e+00 0.000000000000000e+00 0.000000000000000e+00 0.000000000000000e+00 0.000000000000000e+00 0.000000000000000e+00
 0.000000000000000e+00 0.000000000000000e+00 0.000000000000000e+00 0.000000000000000e+00 0.000000000000000e+00 0.000000000000000e+00 0.000000000000000e+00 0.000000000000000e+00 0.000000000000000e+00 0.000000000000000e+00
 0.000000000000000e+00 0.000000000000000e+00 0.000000000000000e+00 0.000000000000000e+00 0.000000000000000e+00 0.000000000000000e+00 0.000000000000000e+00 0.000000000000000e+00 0.000000000000000e+00 0.000000000000000e+00
 0.000000000000000e+00 0.000000000000000e+00 0.000000000000000e+00 0.000000000000000e+00 0.000000000000000e+00 0.000000000000000e+00 0.000000000000000e+00 0.000000000000000e+00 0.000000000000000e+00 0.000000000000000e+00
 0.000000000000000e+00 0.000000000000000e+00 0.000000000000000e+00 0.000000000000000e+00 0.000000000000000e+00 0.000000000000000e+00 0.000000000000000e+00 0.000000000000000e+00 0.000000000000000e+00 0.000000000000000e+00
 0.000000000000000e+00 0.000000000000000e+00 0.000000000000000e+00 0.000000000000000e+00 0.000000000000000e+00 0.000000000000000e+00 0.000000000000000e+00 0.000000000000000e+00 0.000000000000000e+00 0.000000000000000e+00
 0.000000000000000e+00 0.000000000000000e+00 0.000000000000000e+00 0.000000000000000e+00 0.000000000000000e+00 0.000000000000000e+00 0.000000000000000e+00 0.000000000000000e+00 0.000000000000000e+00 0.000000000000000e+00
 0.000000000000000e+00 0.000000000000000e+00 0.000000000000000e+00 0.000000000000000e+00 0.000000000000000e+00 0.000000000000000e+00 0.000000000000000e+00 0.000000000000000e+00 0.000000000000000e+00 0.000000000000000e+00
 0.000000000000000e+00 0.000000000000000e+00 0.000000000000000e+00 0.000000000000000e+00 0.000000000000000e+00 0.000000000000000e+00 0.000000000000000e+00 0.000000000000000e+00 0.000000000000000e+00 0.000000000000000e+00
 0.000000000000000e+00 0.000000000000000e+00 0.000000000000000e+00 0.000000000000000e+00 0.000000000000000e+00 0.000000000000000e+00 0.000000000000000e+00 0.000000000000000e+00 0.000000000000000e+00 0.000000000000000e+00
 0.000000000000000e+00 0.000000000000000e+00 0.000000000000000e+00 0.000000000000000e+00 0.000000000000000e+00 0.000000000000000e+00 0.000000000000000e+00 0.000000000000000e+00 0.000000000000000e+00 0.000000000000000e+00
 0.000000000000000e+00 0.000000000000000e+00 0.000000000000000e+00 0.000000000000000e+00 0.000000000000000e+00 0.000000000000000e+00 0.000000000000000e+00 0.000000000000000e+00 0.000000000000000e+00 0.000000000000000e+00
 0.000000000000000e+00 0.000000000000000e+00 0.000000000000000e+00 0.000000000000000e+00 0.000000000000000e+00 0.000000000000000e+00 0.000000000000000e+00 0.000000000000000e+00 0.000000000000000e+00 0.000000000000000e+00
 0.000000000000000e+00 0.000000000000000e+00 0.000000000000000e+00 0.000000000000000e+00 0.000000000000000e+00 0.000000000000000e+00 0.000000000000000e+00 0.000000000000000e+00 0.000000000000000e+00 0.000000000000000e+00
 0.000000000000000e+00 0.000000000000000e+00 0.000000000000000e+00 0.000000000000000e+00 0.000000000000000e+00 0.000000000000000e+00 0.000000000000000e+00 0.000000000000000e+00 0.000000000000000e+00 0.000000000000000e+00
 0.000000000000000e+00 0.000000000000000e+00 0.000000000000000e+00 0.000000000000000e+00 0.000000000000000e+00 0.000000000000000e+00 0.000000000000000e+00 0.000000000000000e+00 0.000000000000000e+00 0.000000000000000e+00
 0.000000000000000e+00 0.000000000000000e+00 0.000000000000000e+00 0.000000000000000e+00 0.000000000000000e+00 0.000000000000000e+00 0.000000000000000e+00 0.000000000000000e+00 0.000000000000000e+00 0.000000000000000e+00
 0.000000000000000e+00 0.000000000000000e+00 0.000000000000000e+00 0.000000000000000e+00 0.000000000000000e+00 0.000000000000000e+00 0.000000000000000e+00 0.000000000000000e+00 0.000000000000000e+00 0.000000000000000e+00
 0.000000000000000e+00 0.000000000000000e+00 0.000000000000000e+00 0.000000000000000e+00 0.000000000000000e+00 0.000000000000000e+00 0.000000000000000e+00 0.000000000000000e+00 0.000000000000000e+00 0.000000000000000e+00
 0.000000000000000e+00 0.000000000000000e+00 0.000000000000000e+00 0.000000000000000e+00 0.000000000000000e+00 0.000000000000000e+00 0.000000000000000e+00 0.000000000000000e+00 0.000000000000000e+00 0.000000000000000e+00
 0.000000000000000e+00 0.000000000000000e+00 0.000000000000000e+00 0.000000000000000e+00 0.000000000000000e+00 0.000000000000000e+00 0.000000000000000e+00 0.000000000000000e+00 0.000000000000000e+00 0.000000000000000e+00
 0.000000000000000e+00 0.000000000000000e+00 0.000000000000000e+00 0.000000000000000e+00 0.000000000000000e+00 0.000000000000000e+00 0.000000000000000e+00 0.000000000000000e+00 0.000000000000000e+00 0.000000000000000e+00
 0.000000000000000e+00 0.000000000000000e+00 0.000000000000000e+00 0.000000000000000e+00 0.000000000000000e+00 0.000000000000000e+00 0.000000000000000e+00 0.000000000000000e+00 0.000000000000000e+00 0.000000000000000e+00
 0.000000000000000e+00 0.000000000000000e+00 0.000000000000000e+00 0.000000000000000e+00 0.000000000000000e+00 0.000000000000000e+00 0.000000000000000e+00 0.000000000000000e+00 0.000000000000000e+00 0.000000000000000e+00
 0.000000000000000e+00 0.000000000000000e+00 0.000000000000000e+00 0.000000000000000e+00 0.000000000000000e+00 0.000000000000000e+00 0.000000000000000e+00 0.000000000000000e+00 0.000000000000000e+00 0.000000000000000e+00
 0.000000000000000e+00 0.000000000000000e+00 0.000000000000000e+00 0.000000000000000e+00 0.000000000000000e+00 0.000000000000000e+00 0.000000000000000e+00 0.000000000000000e+00 0.000000000000000e+00 0.000000000000000e+00
 0.000000000000000e+00 0.000000000000000e+00 0.000000000000000e+00 0.000000000000000e+00 0.000000000000000e+00 0.000000000000000e+00 0.000000000000000e+00 0.000000000000000e+00 0.000000000000000e+00 0.000000000000000e+00
 0.000000000000000e+00 0.000000000000000e+00 0.000000000000000e+00 0.000000000000000e+00 0.000000000000000e+00 0.000000000000000e+00 0.000000000000000e+00 0.000000000000000e+00 0.000000000000000e+00 0.000000000000000e+00
 0.000000000000000e+00 0.000000000000000e+00 0.000000000000000e+00 0.000000000000000e+00 0.000000000000000e+00 0.000000000000000e+00 0.000000000000000e+00 0.000000000000000e+00 0.000000000000000e+00 0.000000000000000e+00
 0.000000000000000e+00 0.000000000000000e+00 0.000000000000000e+00 0.000000000000000e+00 0.000000000000000e+00 0.000000000000000e+00 0.000000000000000e+00 0.000000000000000e+00 0.000000000000000e+00 0.000000000000000e+00
 0.000000000000000e+00 0.000000000000000e+00 0.000000000000000e+00 0.000000000000000e+00 0.000000000000000e+00 0.000000000000000e+00 0.000000000000000e+00 0.000000000000000e+00 0.000000000000000e+00 0.000000000000000e+00
 0.000000000000000e+00 0.000000000000000e+00 0.000000000000000e+00 0.000000000000000e+00 0.000000000000000e+00 0.000000000000000e+00 0.000000000000000e+00 0.000000000000000e+00 0.000000000000000e+00 0.000000000000000e+00
 0.000000000000000e+00 0.000000000000000e+00 0.000000000000000e+00 0.000000000000000e+00 0.000000000000000e+00 0.000000000000000e+00 0.000000000000000e+00 0.000000000000000e+00 0.000000000000000e+00 0.000000000000000e+00
 0.000000000000000e+00 0.000000000000000e+00 0.000000000000000e+00 0.000000000000000e+00 0.000000000000000e+00 0.000000000000000e+00 0.000000000000000e+00 0.000000000000000e+00 0.000000000000000e+00 0.000000000000000e+00
 0.000000000000000e+00 0.000000000000000e+00 0.000000000000000e+00 0.000000000000000e+00 0.000000000000000e+00 0.000000000000000e+00 0.000000000000000e+00 0.000000000000000e+00 0.000000000000000e+00 0.000000000000000e+00
 0.000000000000000e+00 0.000000000000000e+00 0.000000000000000e+00 0.000000000000000e+00 0.000000000000000e+00 0.000000000000000e+00 0.000000000000000e+00 0.000000000000000e+00 0.000000000000000e+00 0.000000000000000e+00
 0.000000000000000e+00 0.000000000000000e+00 0.000000000000000e+00 0.000000000000000e+00 0.000000000000000e+00 0.000000000000000e+00 0.000000000000000e+00 0.000000000000000e+00 0.000000000000000e+00 0.000000000000000e+00
 0.000000000000000e+00 0.000000000000000e+00 0.000000000000000e+00 0.000000000000000e+00 0.000000000000000e+00 0.000000000000000e+00 0.000000000000000e+00 0.000000000000000e+00 0.000000000000000e+00 0.000000000000000e+00
 0.000000000000000e+00 0.000000000000000e+00 0.000000000000000e+00 0.000000000000000e+00 0.000000000000000e+00 0.000000000000000e+00 0.000000000000000e+00 0.000000000000000e+00 0.000000000000000e+00 0.000000000000000e+00
 0.000000000000000e+00 0.000000000000000e+00 0.000000000000000e+00 0.000000000000000e+00 0.000000000000000e+00 0.000000000000000e+00 0.000000000000000e+00 0.000000000000000e+00 0.000000000000000e+00 0.000000000000000e+00
 0.000000000000000e+00 0.000000000000000e+00 0.000000000000000e+00 0.000000000000000e+00 0.000000000000000e+00 0.000000000000000e+00 0.000000000000000e+00 0.000000000000000e+00 0.000000000000000e+00 0.000000000000000e+00
 0.000000000000000e+00 0.000000000000000e+00 0.000000000000000e+00 0.000000000000000e+00 0.000000000000000e+00 0.000000000000000e+00 0.000000000000000e+00 0.000000000000000e+00 0.000000000000000e+00 0.000000000000000e+00
 0.000000000000000e+00 0.000000000000000e+00 0.000000000000000e+00 0.000000000000000e+00 0.000000000000000e+00 0.000000000000000e+00 0.000000000000000e+00 0.000000000000000e+00 0.000000000000000e+00 0.000000000000000e+00
 0.000000000000000e+00 0.000000000000000e+00 0.000000000000000e+00 0.000000000000000e+00 0.000000000000000e+00 0.000000000000000e+00 0.000000000000000e+00 0.000000000000000e+00 0.000000000000000e+00 0.000000000000000e+00
 0.000000000000000e+00 0.000000000000000e+00 0.000000000000000e+00 0.000000000000000e+00 0.000000000000000e+00 0.000000000000000e+00 0.000000000000000e+00 0.000000000000000e+00 0.000000000000000e+00 0.000000000000000e+00
 0.000000000000000e+00 0.000000000000000e+00 0.000000000000000e+00 0.000000000000000e+00 0.000000000000000e+00 0.000000000000000e+00 0.000000000000000e+00 0.000000000000000e+00 0.000000000000000e+00 0.000000000000000e+00
 0.000000000000000e+00 0.000000000000000e+00 0.000000000000000e+00 0.000000000000000e+00 0.000000000000000e+00 0.000000000000000e+00 0.000000000000000e+00 0.000000000000000e+00 0.000000000000000e+00 0.000000000000000e+00
 0.000000000000000e+00 0.000000000000000e+00 0.000000000000000e+00 0.000000000000000e+00 0.000000000000000e+00 0.000000000000000e+00 0.000000000000000e+00 0.000000000000000e+00 0.000000000000000e+00 0.000000000000000e+00
 0.000000000000000e+00 0.000000000000000e+00 0.000000000000000e+00 0.000000000000000e+00 0.000000000000000e+00 0.000000000000000e+00 0.000000000000000e+00 0.000000000000000e+00 0.000000000000000e+00 0.000000000000000e+00
 0.000000000000000e+00 0.000000000000000e+00 0.000000000000000e+00 0.000000000000000e+00 0.000000000000000e+00 0.000000000000000e+00 0.000000000000000e+00 0.000000000000000e+00 0.000000000000000e+00 0.000000000000000e+00
 0.000000000000000e+00 0.000000000000000e+00 0.000000000000000e+00 0.000000000000000e+00 0.000000000000000e+00 0.000000000000000e+00 0.000000000000000e+00 0.000000000000000e+00 0.000000000000000e+00 0.000000000000000e+00
 0.000000000000000e+00 0.000000000000000e+00 0.000000000000000e+00 0.000000000000000e+00 0.000000000000000e+00 0.000000000000000e+00 0.000000000000000e+00 0.000000000000000e+00 0.000000000000000e+00 0.000000000000000e+00
 0.000000000000000e+00 0.000000000000000e+00 0.000000000000000e+00 0.000000000000000e+00 0.000000000000000e+00 0.000000000000000e+00 0.000000000000000e+00 0.000000000000000e+00 0.000000000000000e+00 0.000000000000000e+00
 0.000000000000000e+00 0.000000000000000e+00 0.000000000000000e+00 0.000000000000000e+00 0.000000000000000e+00 0.000000000000000e+00 0.000000000000000e+00 0.000000000000000e+00 0.000000000000000e+00 0.000000000000000e+00
 0.000000000000000e+00 0.000000000000000e+00 0.000000000000000e+00 0.000000000000000e+00 0.000000000000000e+00 0.000000000000000e+00 0.000000000000000e+00 0.000000000000000e+00 0.000000000000000e+00 0.000000000000000e+00
 0.000000000000000e+00 0.000000000000000e+00 0.000000000000000e+00 0.000000000000000e+00 0.000000000000000e+00 0.000000000000000e+00 0.000000000000000e+00 0.000000000000000e+00 0.000000000000000e+00 0.000000000000000e+00
 0.000000000000000e+00 0.000000000000000e+00 0.000000000000000e+00 0.000000000000000e+00 0.000000000000000e+00 0.000000000000000e+00 0.000000000000000e+00 0.000000000000000e+00 0.000000000000000e+00 0.000000000000000e+00
 0.000000000000000e+00 0.000000000000000e+00 0.000000000000000e+00 0.000000000000000e+00 0.000000000000000e+00 0.000000000000000e+00 0.000000000000000e+00 0.000000000000000e+00 0.000000000000000e+00 0.000000000000000e+00
 0.000000000000000e+00 0.000000000000000e+00 0.000000000000000e+00 0.000000000000000e+00 0.000000000000000e+00 0.000000000000000e+00 0.000000000000000e+00 0.000000000000000e+00 0.000000000000000e+00 0.000000000000000e+00
 0.000000000000000e+00 0.000000000000000e+00 0.000000000000000e+00 0.000000000000000e+00 0.000000000000000e+00 0.000000000000000e+00 0.000000000000000e+00 0.000000000000000e+00 0.000000000000000e+00 0.000000000000000e+00
 0.000000000000000e+00 0.000000000000000e+00 0.000000000000000e+00 0.000000000000000e+00 0.000000000000000e+00 0.000000000000000e+00 0.000000000000000e+00 0.000000000000000e+00 0.000000000000000e+00 0.000000000000000e+00
 0.000000000000000e+00 0.000000000000000e+00 0.000000000000000e+00 0.000000000000000e+00 0.000000000000000e+00 0.000000000000000e+00 0.000000000000000e+00 0.000000000000000e+00 0.000000000000000e+00 0.000000000000000e+00
 0.000000000000000e+00 0.000000000000000e+00 0.000000000000000e+00 0.000000000000000e+00 0.000000000000000e+00 0.000000000000000e+00 0.000000000000000e+00 0.000000000000000e+00 0.000000000000000e+00 0.000000000000000e+00
 0.000000000000000e+00 0.000000000000000e+00 0.000000000000000e+00 0.000000000000000e+00 0.000000000000000e+00 0.000000000000000e+00 0.000000000000000e+00 0.000000000000000e+00 0.000000000000000e+00 0.000000000000000e+00
 0.000000000000000e+00 0.000000000000000e+00 0.000000000000000e+00 0.000000000000000e+00 0.000000000000000e+00 0.000000000000000e+00 0.000000000000000e+00 0.000000000000000e+00 0.000000000000000e+00 0.000000000000000e+00
 0.000000000000000e+00 0.000000000000000e+00 0.000000000000000e+00 0.000000000000000e+00 0.000000000000000e+00 0.000000000000000e+00 0.000000000000000e+00 0.000000000000000e+00 0.000000000000000e+00 0.000000000000000e+00
 0.000000000000000e+00 0.000000000000000e+00 0.000000000000000e+00 0.000000000000000e+00 0.000000000000000e+00 0.000000000000000e+00 0.000000000000000e+00 0.000000000000000e+00 0.000000000000000e+00 0.000000000000000e+00
 0.000000000000000e+00 0.000000000000000e+00 0.000000000000000e+00 0.000000000000000e+00 0.000000000000000e+00 0.000000000000000e+00 0.000000000000000e+00 0.000000000000000e+00 0.000000000000000e+00 0.000000000000000e+00
 0.000000000000000e+00 0.000000000000000e+00 0.000000000000000e+00 0.000000000000000e+00 0.000000000000000e+00 0.000000000000000e+00 0.000000000000000e+00 0.000000000000000e+00 0.000000000000000e+00 0.000000000000000e+00
 0.000000000000000e+00 0.000000000000000e+00 0.000000000000000e+00 0.000000000000000e+00 0.000000000000000e+00 0.000000000000000e+00 0.000000000000000e+00 0.000000000000000e+00 0.000000000000000e+00 0.000000000000000e+00
 0.000000000000000e+00 0.000000000000000e+00 0.000000000000000e+00 0.000000000000000e+00 0.000000000000000e+00 0.000000000000000e+00 0.000000000000000e+00 0.000000000000000e+00 0.000000000000000e+00 0.000000000000000e+00
 0.000000000000000e+00 0.000000000000000e+00 0.000000000000000e+00 0.000000000000000e+00 0.000000000000000e+00 0.000000000000000e+00 0.000000000000000e+00 0.000000000000000e+00 0.000000000000000e+00 0.000000000000000e+00
 0.000000000000000e+00 0.000000000000000e+00 0.000000000000000e+00 0.000000000000000e+00 0.000000000000000e+00 0.000000000000000e+00 0.000000000000000e+00 0.000000000000000e+00 0.000000000000000e+00 0.000000000000000e+00
 0.000000000000000e+00 0.000000000000000e+00 0.000000000000000e+00 0.000000000000000e+00 0.000000000000000e+00 0.000000000000000e+00 0.000000000000000e+00 0.000000000000000e+00 0.000000000000000e+00 0.000000000000000e+00
 0.000000000000000e+00 0.000000000000000e+00 0.000000000000000e+00 0.000000000000000e+00 0.000000000000000e+00 0.000000000000000e+00 0.000000000000000e+00 0.000000000000000e+00 0.000000000000000e+00 0.000000000000000e+00
 0.000000000000000e+00 0.000000000000000e+00 0.000000000000000e+00 0.000000000000000e+00 0.000000000000000e+00 0.000000000000000e+00 0.000000000000000e+00 0.000000000000000e+00 0.000000000000000e+00 0.000000000000000e+00
 0.000000000000000e+00 0.000000000000000e+00 0.000000000000000e+00 0.000000000000000e+00 0.000000000000000e+00 0.000000000000000e+00 0.000000000000000e+00 0.000000000000000e+00 0.000000000000000e+00 0.000000000000000e+00
 0.000000000000000e+00 0.000000000000000e+00 0.000000000000000e+00 0.000000000000000e+00 0.000000000000000e+00 0.000000000000000e+00 0.000000000000000e+00 0.000000000000000e+00 0.000000000000000e+00 0.000000000000000e+00
 0.000000000000000e+00 0.000000000000000e+00 0.000000000000000e+00 0.000000000000000e+00 0.000000000000000e+00 0.000000000000000e+00 0.000000000000000e+00 0.000000000000000e+00 0.000000000000000e+00 0.000000000000000e+00
 0.000000000000000e+00 0.000000000000000e+00 0.000000000000000e+00 0.000000000000000e+00 0.000000000000000e+00 0.000000000000000e+00 0.000000000000000e+00 0.000000000000000e+00 0.000000000000000e+00 0.000000000000000e+00
 0.000000000000000e+00 0.000000000000000e+00 0.000000000000000e+00 0.000000000000000e+00 0.000000000000000e+00 0.000000000000000e+00 0.000000000000000e+00 0.000000000000000e+00 0.000000000000000e+00 0.000000000000000e+00
 0.000000000000000e+00 0.000000000000000e+00 0.000000000000000e+00 0.000000000000000e+00 0.000000000000000e+00 0.000000000000000e+00 0.000000000000000e+00 0.000000000000000e+00 0.000000000000000e+00 0.000000000000000e+00
 0.000000000000000e+00 0.000000000000000e+00 0.000000000000000e+00 0.000000000000000e+00 0.000000000000000e+00 0.000000000000000e+00 0.000000000000000e+00 0.000000000000000e+00 0.000000000000000e+00 0.000000000000000e+00
 0.000000000000000e+00 0.000000000000000e+00 0.000000000000000e+00 0.000000000000000e+00 0.000000000000000e+00 0.000000000000000e+00 0.000000000000000e+00 0.000000000000000e+00 0.000000000000000e+00 0.000000000000000e+00
 0.000000000000000e+00 0.000000000000000e+00 0.000000000000000e+00 0.000000000000000e+00 0.000000000000000e+00 0.000000000000000e+00 0.000000000000000e+00 0.000000000000000e+00 0.000000000000000e+00 0.000000000000000e+00
 0.000000000000000e+00 0.000000000000000e+00 0.000000000000000e+00 0.000000000000000e+00 0.000000000000000e+00 0.000000000000000e+00 0.000000000000000e+00 0.000000000000000e+00 0.000000000000000e+00 0.000000000000000e+00
 0.000000000000000e+00 0.000000000000000e+00 0.000000000000000e+00 0.000000000000000e+00 0.000000000000000e+00
    }
  }

  Dataset ("DopingConcentration") {
    function  = DopingConcentration
    type      = scalar
    dimension = 1
    location  = vertex
    validity  = [ "p_plus" ]
    Values (1300) {
 -1.000000000000005e+19 -1.000000000000005e+19 -1.000000000000005e+19 -1.000000000000005e+19 -1.000000000000005e+19 -1.000000000000005e+19 -1.000000000000005e+19 -1.000000000000005e+19 -1.000000000000005e+19 -1.000000000000005e+19
 -1.000000000000005e+19 -1.000000000000005e+19 -1.000000000000005e+19 -1.000000000000005e+19 -1.000000000000005e+19 -1.000000000000005e+19 -1.000000000000005e+19 -1.000000000000005e+19 -1.000000000000005e+19 -1.000000000000005e+19
 -1.000000000000005e+19 -1.000000000000005e+19 -1.000000000000005e+19 -1.000000000000005e+19 -1.000000000000005e+19 -1.000000000000005e+19 -1.000000000000005e+19 -1.000000000000005e+19 -1.000000000000005e+19 -1.000000000000005e+19
 -1.000000000000005e+19 -1.000000000000005e+19 -1.000000000000005e+19 -1.000000000000005e+19 -1.000000000000005e+19 -1.000000000000005e+19 -1.000000000000005e+19 -1.000000000000005e+19 -1.000000000000005e+19 -1.000000000000005e+19
 -1.000000000000005e+19 -1.000000000000005e+19 -1.000000000000005e+19 -1.000000000000005e+19 -1.000000000000005e+19 -1.000000000000005e+19 -1.000000000000005e+19 -1.000000000000005e+19 -1.000000000000005e+19 -1.000000000000005e+19
 -1.000000000000005e+19 -1.000000000000005e+19 -1.000000000000005e+19 -1.000000000000005e+19 -1.000000000000005e+19 -9.999994400000018e+18 -1.000000000000005e+19 -9.999994400000018e+18 -1.000000000000005e+19 -1.000000000000005e+19
 -1.000000000000005e+19 -1.000000000000005e+19 -1.000000000000005e+19 -1.000000000000005e+19 -1.000000000000005e+19 -1.000000000000005e+19 -1.000000000000005e+19 -1.000000000000005e+19 -1.000000000000005e+19 -1.000000000000005e+19
 -1.000000000000005e+19 -1.000000000000005e+19 -1.000000000000005e+19 -1.000000000000005e+19 -1.000000000000005e+19 -1.000000000000005e+19 -1.000000000000005e+19 -1.000000000000005e+19 -1.000000000000005e+19 -1.000000000000005e+19
 -1.000000000000005e+19 -1.000000000000005e+19 -1.000000000000005e+19 -1.000000000000005e+19 -1.000000000000005e+19 -1.000000000000005e+19 -1.000000000000005e+19 -1.000000000000005e+19 -1.000000000000005e+19 -1.000000000000005e+19
 -1.000000000000005e+19 -1.000000000000005e+19 -1.000000000000005e+19 -1.000000000000005e+19 -1.000000000000005e+19 -9.999994400000018e+18 -1.000000000000005e+19 -9.999994400000018e+18 -1.000000000000005e+19 -1.000000000000005e+19
 -1.000000000000005e+19 -1.000000000000005e+19 -1.000000000000005e+19 -1.000000000000005e+19 -1.000000000000005e+19 -1.000000000000005e+19 -1.000000000000005e+19 -1.000000000000005e+19 -1.000000000000005e+19 -1.000000000000005e+19
 -1.000000000000005e+19 -1.000000000000005e+19 -1.000000000000005e+19 -1.000000000000005e+19 -1.000000000000005e+19 -1.000000000000005e+19 -1.000000000000005e+19 -1.000000000000005e+19 -1.000000000000005e+19 -1.000000000000005e+19
 -1.000000000000005e+19 -1.000000000000005e+19 -1.000000000000005e+19 -1.000000000000005e+19 -1.000000000000005e+19 -1.000000000000005e+19 -1.000000000000005e+19 -1.000000000000005e+19 -1.000000000000005e+19 -1.000000000000005e+19
 -1.000000000000005e+19 -1.000000000000005e+19 -1.000000000000005e+19 -1.000000000000005e+19 -1.000000000000005e+19 -9.999994400000018e+18 -1.000000000000005e+19 -9.999994400000018e+18 -1.000000000000005e+19 -1.000000000000005e+19
 -1.000000000000005e+19 -1.000000000000005e+19 -1.000000000000005e+19 -1.000000000000005e+19 -1.000000000000005e+19 -1.000000000000005e+19 -1.000000000000005e+19 -1.000000000000005e+19 -1.000000000000005e+19 -1.000000000000005e+19
 -1.000000000000005e+19 -1.000000000000005e+19 -1.000000000000005e+19 -1.000000000000005e+19 -1.000000000000005e+19 -1.000000000000005e+19 -1.000000000000005e+19 -1.000000000000005e+19 -1.000000000000005e+19 -1.000000000000005e+19
 -1.000000000000005e+19 -1.000000000000005e+19 -1.000000000000005e+19 -1.000000000000005e+19 -1.000000000000005e+19 -1.000000000000005e+19 -1.000000000000005e+19 -1.000000000000005e+19 -1.000000000000005e+19 -1.000000000000005e+19
 -1.000000000000005e+19 -1.000000000000005e+19 -1.000000000000005e+19 -1.000000000000005e+19 -1.000000000000005e+19 -9.999994400000018e+18 -1.000000000000005e+19 -9.999994400000018e+18 -1.000000000000005e+19 -1.000000000000005e+19
 -1.000000000000005e+19 -1.000000000000005e+19 -1.000000000000005e+19 -1.000000000000005e+19 -1.000000000000005e+19 -1.000000000000005e+19 -1.000000000000005e+19 -1.000000000000005e+19 -1.000000000000005e+19 -1.000000000000005e+19
 -1.000000000000005e+19 -1.000000000000005e+19 -1.000000000000005e+19 -1.000000000000005e+19 -1.000000000000005e+19 -1.000000000000005e+19 -1.000000000000005e+19 -1.000000000000005e+19 -1.000000000000005e+19 -1.000000000000005e+19
 -1.000000000000005e+19 -1.000000000000005e+19 -1.000000000000005e+19 -1.000000000000005e+19 -1.000000000000005e+19 -1.000000000000005e+19 -1.000000000000005e+19 -1.000000000000005e+19 -1.000000000000005e+19 -1.000000000000005e+19
 -1.000000000000005e+19 -1.000000000000005e+19 -1.000000000000005e+19 -1.000000000000005e+19 -1.000000000000005e+19 -9.999994400000018e+18 -1.000000000000005e+19 -9.999994400000018e+18 -1.000000000000005e+19 -1.000000000000005e+19
 -1.000000000000005e+19 -1.000000000000005e+19 -1.000000000000005e+19 -1.000000000000005e+19 -1.000000000000005e+19 -1.000000000000005e+19 -1.000000000000005e+19 -1.000000000000005e+19 -1.000000000000005e+19 -1.000000000000005e+19
 -1.000000000000005e+19 -1.000000000000005e+19 -1.000000000000005e+19 -1.000000000000005e+19 -1.000000000000005e+19 -1.000000000000005e+19 -1.000000000000005e+19 -1.000000000000005e+19 -1.000000000000005e+19 -1.000000000000005e+19
 -1.000000000000005e+19 -1.000000000000005e+19 -1.000000000000005e+19 -1.000000000000005e+19 -1.000000000000005e+19 -1.000000000000005e+19 -1.000000000000005e+19 -1.000000000000005e+19 -1.000000000000005e+19 -1.000000000000005e+19
 -1.000000000000005e+19 -1.000000000000005e+19 -1.000000000000005e+19 -1.000000000000005e+19 -1.000000000000005e+19 -9.999994400000018e+18 -1.000000000000005e+19 -9.999994400000018e+18 -1.000000000000005e+19 -1.000000000000005e+19
 -1.000000000000005e+19 -1.000000000000005e+19 -1.000000000000005e+19 -1.000000000000005e+19 -1.000000000000005e+19 -1.000000000000005e+19 -1.000000000000005e+19 -1.000000000000005e+19 -1.000000000000005e+19 -1.000000000000005e+19
 -1.000000000000005e+19 -1.000000000000005e+19 -1.000000000000005e+19 -1.000000000000005e+19 -1.000000000000005e+19 -1.000000000000005e+19 -1.000000000000005e+19 -1.000000000000005e+19 -1.000000000000005e+19 -1.000000000000005e+19
 -1.000000000000005e+19 -1.000000000000005e+19 -1.000000000000005e+19 -1.000000000000005e+19 -1.000000000000005e+19 -1.000000000000005e+19 -1.000000000000005e+19 -1.000000000000005e+19 -1.000000000000005e+19 -1.000000000000005e+19
 -1.000000000000005e+19 -1.000000000000005e+19 -1.000000000000005e+19 -1.000000000000005e+19 -1.000000000000005e+19 -9.999994400000018e+18 -1.000000000000005e+19 -9.999994400000018e+18 -1.000000000000005e+19 -1.000000000000005e+19
 -1.000000000000005e+19 -1.000000000000005e+19 -1.000000000000005e+19 -1.000000000000005e+19 -1.000000000000005e+19 -1.000000000000005e+19 -1.000000000000005e+19 -1.000000000000005e+19 -1.000000000000005e+19 -1.000000000000005e+19
 -1.000000000000005e+19 -1.000000000000005e+19 -1.000000000000005e+19 -1.000000000000005e+19 -1.000000000000005e+19 -1.000000000000005e+19 -1.000000000000005e+19 -1.000000000000005e+19 -1.000000000000005e+19 -1.000000000000005e+19
 -1.000000000000005e+19 -1.000000000000005e+19 -1.000000000000005e+19 -1.000000000000005e+19 -1.000000000000005e+19 -1.000000000000005e+19 -1.000000000000005e+19 -1.000000000000005e+19 -1.000000000000005e+19 -1.000000000000005e+19
 -1.000000000000005e+19 -1.000000000000005e+19 -1.000000000000005e+19 -1.000000000000005e+19 -1.000000000000005e+19 -9.999994400000018e+18 -1.000000000000005e+19 -9.999994400000018e+18 -1.000000000000005e+19 -1.000000000000005e+19
 -1.000000000000005e+19 -1.000000000000005e+19 -1.000000000000005e+19 -1.000000000000005e+19 -1.000000000000005e+19 -1.000000000000005e+19 -1.000000000000005e+19 -1.000000000000005e+19 -1.000000000000005e+19 -1.000000000000005e+19
 -1.000000000000005e+19 -1.000000000000005e+19 -1.000000000000005e+19 -1.000000000000005e+19 -1.000000000000005e+19 -1.000000000000005e+19 -1.000000000000005e+19 -1.000000000000005e+19 -1.000000000000005e+19 -1.000000000000005e+19
 -1.000000000000005e+19 -1.000000000000005e+19 -1.000000000000005e+19 -1.000000000000005e+19 -1.000000000000005e+19 -1.000000000000005e+19 -1.000000000000005e+19 -1.000000000000005e+19 -1.000000000000005e+19 -1.000000000000005e+19
 -1.000000000000005e+19 -1.000000000000005e+19 -1.000000000000005e+19 -1.000000000000005e+19 -1.000000000000005e+19 -9.999994400000018e+18 -1.000000000000005e+19 -9.999994400000018e+18 -1.000000000000005e+19 -1.000000000000005e+19
 -1.000000000000005e+19 -1.000000000000005e+19 -1.000000000000005e+19 -1.000000000000005e+19 -1.000000000000005e+19 -1.000000000000005e+19 -1.000000000000005e+19 -1.000000000000005e+19 -1.000000000000005e+19 -1.000000000000005e+19
 -1.000000000000005e+19 -1.000000000000005e+19 -1.000000000000005e+19 -1.000000000000005e+19 -1.000000000000005e+19 -1.000000000000005e+19 -1.000000000000005e+19 -1.000000000000005e+19 -1.000000000000005e+19 -1.000000000000005e+19
 -1.000000000000005e+19 -1.000000000000005e+19 -1.000000000000005e+19 -1.000000000000005e+19 -1.000000000000005e+19 -1.000000000000005e+19 -1.000000000000005e+19 -1.000000000000005e+19 -1.000000000000005e+19 -1.000000000000005e+19
 -1.000000000000005e+19 -1.000000000000005e+19 -1.000000000000005e+19 -1.000000000000005e+19 -1.000000000000005e+19 -9.999994400000018e+18 -1.000000000000005e+19 -9.999994400000018e+18 -1.000000000000005e+19 -1.000000000000005e+19
 -1.000000000000005e+19 -1.000000000000005e+19 -1.000000000000005e+19 -1.000000000000005e+19 -1.000000000000005e+19 -1.000000000000005e+19 -1.000000000000005e+19 -1.000000000000005e+19 -1.000000000000005e+19 -1.000000000000005e+19
 -1.000000000000005e+19 -1.000000000000005e+19 -1.000000000000005e+19 -1.000000000000005e+19 -1.000000000000005e+19 -1.000000000000005e+19 -1.000000000000005e+19 -1.000000000000005e+19 -1.000000000000005e+19 -1.000000000000005e+19
 -1.000000000000005e+19 -1.000000000000005e+19 -1.000000000000005e+19 -1.000000000000005e+19 -1.000000000000005e+19 -1.000000000000005e+19 -1.000000000000005e+19 -1.000000000000005e+19 -1.000000000000005e+19 -1.000000000000005e+19
 -1.000000000000005e+19 -1.000000000000005e+19 -1.000000000000005e+19 -1.000000000000005e+19 -1.000000000000005e+19 -9.999994400000018e+18 -1.000000000000005e+19 -9.999994400000018e+18 -1.000000000000005e+19 -1.000000000000005e+19
 -1.000000000000005e+19 -1.000000000000005e+19 -1.000000000000005e+19 -1.000000000000005e+19 -1.000000000000005e+19 -1.000000000000005e+19 -1.000000000000005e+19 -1.000000000000005e+19 -1.000000000000005e+19 -1.000000000000005e+19
 -1.000000000000005e+19 -1.000000000000005e+19 -1.000000000000005e+19 -1.000000000000005e+19 -1.000000000000005e+19 -1.000000000000005e+19 -1.000000000000005e+19 -1.000000000000005e+19 -1.000000000000005e+19 -1.000000000000005e+19
 -1.000000000000005e+19 -1.000000000000005e+19 -1.000000000000005e+19 -1.000000000000005e+19 -1.000000000000005e+19 -1.000000000000005e+19 -1.000000000000005e+19 -1.000000000000005e+19 -1.000000000000005e+19 -1.000000000000005e+19
 -1.000000000000005e+19 -1.000000000000005e+19 -1.000000000000005e+19 -1.000000000000005e+19 -1.000000000000005e+19 -9.999994400000018e+18 -1.000000000000005e+19 -9.999994400000018e+18 -1.000000000000005e+19 -1.000000000000005e+19
 -1.000000000000005e+19 -1.000000000000005e+19 -1.000000000000005e+19 -1.000000000000005e+19 -1.000000000000005e+19 -1.000000000000005e+19 -1.000000000000005e+19 -1.000000000000005e+19 -1.000000000000005e+19 -1.000000000000005e+19
 -1.000000000000005e+19 -1.000000000000005e+19 -1.000000000000005e+19 -1.000000000000005e+19 -1.000000000000005e+19 -1.000000000000005e+19 -1.000000000000005e+19 -1.000000000000005e+19 -1.000000000000005e+19 -1.000000000000005e+19
 -1.000000000000005e+19 -1.000000000000005e+19 -1.000000000000005e+19 -1.000000000000005e+19 -1.000000000000005e+19 -1.000000000000005e+19 -1.000000000000005e+19 -1.000000000000005e+19 -1.000000000000005e+19 -1.000000000000005e+19
 -1.000000000000005e+19 -1.000000000000005e+19 -1.000000000000005e+19 -1.000000000000005e+19 -1.000000000000005e+19 -9.999994400000018e+18 -1.000000000000005e+19 -9.999994400000018e+18 -1.000000000000005e+19 -1.000000000000005e+19
 -1.000000000000005e+19 -1.000000000000005e+19 -1.000000000000005e+19 -1.000000000000005e+19 -1.000000000000005e+19 -1.000000000000005e+19 -1.000000000000005e+19 -1.000000000000005e+19 -1.000000000000005e+19 -1.000000000000005e+19
 -1.000000000000005e+19 -1.000000000000005e+19 -1.000000000000005e+19 -1.000000000000005e+19 -1.000000000000005e+19 -1.000000000000005e+19 -1.000000000000005e+19 -1.000000000000005e+19 -1.000000000000005e+19 -1.000000000000005e+19
 -1.000000000000005e+19 -1.000000000000005e+19 -1.000000000000005e+19 -1.000000000000005e+19 -1.000000000000005e+19 -1.000000000000005e+19 -1.000000000000005e+19 -1.000000000000005e+19 -1.000000000000005e+19 -1.000000000000005e+19
 -1.000000000000005e+19 -1.000000000000005e+19 -1.000000000000005e+19 -1.000000000000005e+19 -1.000000000000005e+19 -9.999994400000018e+18 -1.000000000000005e+19 -9.999994400000018e+18 -1.000000000000005e+19 -1.000000000000005e+19
 -1.000000000000005e+19 -1.000000000000005e+19 -1.000000000000005e+19 -1.000000000000005e+19 -1.000000000000005e+19 -1.000000000000005e+19 -1.000000000000005e+19 -1.000000000000005e+19 -1.000000000000005e+19 -1.000000000000005e+19
 -1.000000000000005e+19 -1.000000000000005e+19 -1.000000000000005e+19 -1.000000000000005e+19 -1.000000000000005e+19 -1.000000000000005e+19 -1.000000000000005e+19 -1.000000000000005e+19 -1.000000000000005e+19 -1.000000000000005e+19
 -1.000000000000005e+19 -1.000000000000005e+19 -1.000000000000005e+19 -1.000000000000005e+19 -1.000000000000005e+19 -1.000000000000005e+19 -1.000000000000005e+19 -1.000000000000005e+19 -1.000000000000005e+19 -1.000000000000005e+19
 -1.000000000000005e+19 -1.000000000000005e+19 -1.000000000000005e+19 -1.000000000000005e+19 -1.000000000000005e+19 -9.999994400000018e+18 -1.000000000000005e+19 -9.999994400000018e+18 -1.000000000000005e+19 -1.000000000000005e+19
 -1.000000000000005e+19 -1.000000000000005e+19 -1.000000000000005e+19 -1.000000000000005e+19 -1.000000000000005e+19 -1.000000000000005e+19 -1.000000000000005e+19 -1.000000000000005e+19 -1.000000000000005e+19 -1.000000000000005e+19
 -1.000000000000005e+19 -1.000000000000005e+19 -1.000000000000005e+19 -1.000000000000005e+19 -1.000000000000005e+19 -1.000000000000005e+19 -1.000000000000005e+19 -1.000000000000005e+19 -1.000000000000005e+19 -1.000000000000005e+19
 -1.000000000000005e+19 -1.000000000000005e+19 -1.000000000000005e+19 -1.000000000000005e+19 -1.000000000000005e+19 -1.000000000000005e+19 -1.000000000000005e+19 -1.000000000000005e+19 -1.000000000000005e+19 -1.000000000000005e+19
 -1.000000000000005e+19 -1.000000000000005e+19 -1.000000000000005e+19 -1.000000000000005e+19 -1.000000000000005e+19 -9.999994400000018e+18 -1.000000000000005e+19 -9.999994400000018e+18 -1.000000000000005e+19 -1.000000000000005e+19
 -1.000000000000005e+19 -1.000000000000005e+19 -1.000000000000005e+19 -1.000000000000005e+19 -1.000000000000005e+19 -1.000000000000005e+19 -1.000000000000005e+19 -1.000000000000005e+19 -1.000000000000005e+19 -1.000000000000005e+19
 -1.000000000000005e+19 -1.000000000000005e+19 -1.000000000000005e+19 -1.000000000000005e+19 -1.000000000000005e+19 -1.000000000000005e+19 -1.000000000000005e+19 -1.000000000000005e+19 -1.000000000000005e+19 -1.000000000000005e+19
 -1.000000000000005e+19 -1.000000000000005e+19 -1.000000000000005e+19 -1.000000000000005e+19 -1.000000000000005e+19 -1.000000000000005e+19 -1.000000000000005e+19 -1.000000000000005e+19 -1.000000000000005e+19 -1.000000000000005e+19
 -1.000000000000005e+19 -1.000000000000005e+19 -1.000000000000005e+19 -1.000000000000005e+19 -1.000000000000005e+19 -9.999994400000018e+18 -1.000000000000005e+19 -9.999994400000018e+18 -1.000000000000005e+19 -1.000000000000005e+19
 -1.000000000000005e+19 -1.000000000000005e+19 -1.000000000000005e+19 -1.000000000000005e+19 -1.000000000000005e+19 -1.000000000000005e+19 -1.000000000000005e+19 -1.000000000000005e+19 -1.000000000000005e+19 -1.000000000000005e+19
 -1.000000000000005e+19 -1.000000000000005e+19 -1.000000000000005e+19 -1.000000000000005e+19 -1.000000000000005e+19 -1.000000000000005e+19 -1.000000000000005e+19 -1.000000000000005e+19 -1.000000000000005e+19 -1.000000000000005e+19
 -1.000000000000005e+19 -1.000000000000005e+19 -1.000000000000005e+19 -1.000000000000005e+19 -1.000000000000005e+19 -1.000000000000005e+19 -1.000000000000005e+19 -1.000000000000005e+19 -1.000000000000005e+19 -1.000000000000005e+19
 -1.000000000000005e+19 -1.000000000000005e+19 -1.000000000000005e+19 -1.000000000000005e+19 -1.000000000000005e+19 -9.999994400000018e+18 -1.000000000000005e+19 -9.999994400000018e+18 -1.000000000000005e+19 -1.000000000000005e+19
 -1.000000000000005e+19 -1.000000000000005e+19 -1.000000000000005e+19 -1.000000000000005e+19 -1.000000000000005e+19 -1.000000000000005e+19 -1.000000000000005e+19 -1.000000000000005e+19 -1.000000000000005e+19 -1.000000000000005e+19
 -1.000000000000005e+19 -1.000000000000005e+19 -1.000000000000005e+19 -1.000000000000005e+19 -1.000000000000005e+19 -1.000000000000005e+19 -1.000000000000005e+19 -1.000000000000005e+19 -1.000000000000005e+19 -1.000000000000005e+19
 -1.000000000000005e+19 -1.000000000000005e+19 -1.000000000000005e+19 -1.000000000000005e+19 -1.000000000000005e+19 -1.000000000000005e+19 -1.000000000000005e+19 -1.000000000000005e+19 -1.000000000000005e+19 -1.000000000000005e+19
 -1.000000000000005e+19 -1.000000000000005e+19 -1.000000000000005e+19 -1.000000000000005e+19 -1.000000000000005e+19 -9.999994400000018e+18 -1.000000000000005e+19 -9.999994400000018e+18 -1.000000000000005e+19 -1.000000000000005e+19
 -1.000000000000005e+19 -1.000000000000005e+19 -1.000000000000005e+19 -1.000000000000005e+19 -1.000000000000005e+19 -1.000000000000005e+19 -1.000000000000005e+19 -1.000000000000005e+19 -1.000000000000005e+19 -1.000000000000005e+19
 -1.000000000000005e+19 -1.000000000000005e+19 -1.000000000000005e+19 -1.000000000000005e+19 -1.000000000000005e+19 -1.000000000000005e+19 -1.000000000000005e+19 -1.000000000000005e+19 -1.000000000000005e+19 -1.000000000000005e+19
 -1.000000000000005e+19 -1.000000000000005e+19 -1.000000000000005e+19 -1.000000000000005e+19 -1.000000000000005e+19 -1.000000000000005e+19 -1.000000000000005e+19 -1.000000000000005e+19 -1.000000000000005e+19 -1.000000000000005e+19
 -1.000000000000005e+19 -1.000000000000005e+19 -1.000000000000005e+19 -1.000000000000005e+19 -1.000000000000005e+19 -9.999994400000018e+18 -1.000000000000005e+19 -9.999994400000018e+18 -1.000000000000005e+19 -1.000000000000005e+19
 -1.000000000000005e+19 -1.000000000000005e+19 -1.000000000000005e+19 -1.000000000000005e+19 -1.000000000000005e+19 -1.000000000000005e+19 -1.000000000000005e+19 -1.000000000000005e+19 -1.000000000000005e+19 -1.000000000000005e+19
 -1.000000000000005e+19 -1.000000000000005e+19 -1.000000000000005e+19 -1.000000000000005e+19 -1.000000000000005e+19 -1.000000000000005e+19 -1.000000000000005e+19 -1.000000000000005e+19 -1.000000000000005e+19 -1.000000000000005e+19
 -1.000000000000005e+19 -1.000000000000005e+19 -1.000000000000005e+19 -1.000000000000005e+19 -1.000000000000005e+19 -1.000000000000005e+19 -1.000000000000005e+19 -1.000000000000005e+19 -1.000000000000005e+19 -1.000000000000005e+19
 -1.000000000000005e+19 -1.000000000000005e+19 -1.000000000000005e+19 -1.000000000000005e+19 -1.000000000000005e+19 -9.999994400000018e+18 -1.000000000000005e+19 -9.999994400000018e+18 -1.000000000000005e+19 -1.000000000000005e+19
 -1.000000000000005e+19 -1.000000000000005e+19 -1.000000000000005e+19 -1.000000000000005e+19 -1.000000000000005e+19 -1.000000000000005e+19 -1.000000000000005e+19 -1.000000000000005e+19 -1.000000000000005e+19 -1.000000000000005e+19
 -1.000000000000005e+19 -1.000000000000005e+19 -1.000000000000005e+19 -1.000000000000005e+19 -1.000000000000005e+19 -1.000000000000005e+19 -1.000000000000005e+19 -1.000000000000005e+19 -1.000000000000005e+19 -1.000000000000005e+19
 -1.000000000000005e+19 -1.000000000000005e+19 -1.000000000000005e+19 -1.000000000000005e+19 -1.000000000000005e+19 -1.000000000000005e+19 -1.000000000000005e+19 -1.000000000000005e+19 -1.000000000000005e+19 -1.000000000000005e+19
 -1.000000000000005e+19 -1.000000000000005e+19 -1.000000000000005e+19 -1.000000000000005e+19 -1.000000000000005e+19 -9.999994400000018e+18 -1.000000000000005e+19 -9.999994400000018e+18 -1.000000000000005e+19 -1.000000000000005e+19
 -1.000000000000005e+19 -1.000000000000005e+19 -1.000000000000005e+19 -1.000000000000005e+19 -1.000000000000005e+19 -1.000000000000005e+19 -1.000000000000005e+19 -1.000000000000005e+19 -1.000000000000005e+19 -1.000000000000005e+19
 -1.000000000000005e+19 -1.000000000000005e+19 -1.000000000000005e+19 -1.000000000000005e+19 -1.000000000000005e+19 -1.000000000000005e+19 -1.000000000000005e+19 -1.000000000000005e+19 -1.000000000000005e+19 -1.000000000000005e+19
 -1.000000000000005e+19 -1.000000000000005e+19 -1.000000000000005e+19 -1.000000000000005e+19 -1.000000000000005e+19 -1.000000000000005e+19 -1.000000000000005e+19 -1.000000000000005e+19 -1.000000000000005e+19 -1.000000000000005e+19
 -1.000000000000005e+19 -1.000000000000005e+19 -1.000000000000005e+19 -1.000000000000005e+19 -1.000000000000005e+19 -9.999994400000018e+18 -1.000000000000005e+19 -9.999994400000018e+18 -1.000000000000005e+19 -1.000000000000005e+19
 -1.000000000000005e+19 -1.000000000000005e+19 -1.000000000000005e+19 -1.000000000000005e+19 -1.000000000000005e+19 -1.000000000000005e+19 -1.000000000000005e+19 -1.000000000000005e+19 -1.000000000000005e+19 -1.000000000000005e+19
 -1.000000000000005e+19 -1.000000000000005e+19 -1.000000000000005e+19 -1.000000000000005e+19 -1.000000000000005e+19 -1.000000000000005e+19 -1.000000000000005e+19 -1.000000000000005e+19 -1.000000000000005e+19 -1.000000000000005e+19
 -1.000000000000005e+19 -1.000000000000005e+19 -1.000000000000005e+19 -1.000000000000005e+19 -1.000000000000005e+19 -1.000000000000005e+19 -1.000000000000005e+19 -1.000000000000005e+19 -1.000000000000005e+19 -1.000000000000005e+19
 -1.000000000000005e+19 -1.000000000000005e+19 -1.000000000000005e+19 -1.000000000000005e+19 -1.000000000000005e+19 -9.999994400000018e+18 -1.000000000000005e+19 -9.999994400000018e+18 -1.000000000000005e+19 -1.000000000000005e+19
 -1.000000000000005e+19 -1.000000000000005e+19 -1.000000000000005e+19 -1.000000000000005e+19 -1.000000000000005e+19 -1.000000000000005e+19 -1.000000000000005e+19 -1.000000000000005e+19 -1.000000000000005e+19 -1.000000000000005e+19
 -1.000000000000005e+19 -1.000000000000005e+19 -1.000000000000005e+19 -1.000000000000005e+19 -1.000000000000005e+19 -1.000000000000005e+19 -1.000000000000005e+19 -1.000000000000005e+19 -1.000000000000005e+19 -1.000000000000005e+19
 -1.000000000000005e+19 -1.000000000000005e+19 -1.000000000000005e+19 -1.000000000000005e+19 -1.000000000000005e+19 -1.000000000000005e+19 -1.000000000000005e+19 -1.000000000000005e+19 -1.000000000000005e+19 -1.000000000000005e+19
 -1.000000000000005e+19 -1.000000000000005e+19 -1.000000000000005e+19 -1.000000000000005e+19 -1.000000000000005e+19 -9.999994400000018e+18 -1.000000000000005e+19 -9.999994400000018e+18 -1.000000000000005e+19 -1.000000000000005e+19
 -1.000000000000005e+19 -1.000000000000005e+19 -1.000000000000005e+19 -1.000000000000005e+19 -1.000000000000005e+19 -1.000000000000005e+19 -1.000000000000005e+19 -1.000000000000005e+19 -1.000000000000005e+19 -1.000000000000005e+19
 -1.000000000000005e+19 -1.000000000000005e+19 -1.000000000000005e+19 -1.000000000000005e+19 -1.000000000000005e+19 -1.000000000000005e+19 -1.000000000000005e+19 -1.000000000000005e+19 -1.000000000000005e+19 -1.000000000000005e+19
 -1.000000000000005e+19 -1.000000000000005e+19 -1.000000000000005e+19 -1.000000000000005e+19 -1.000000000000005e+19 -1.000000000000005e+19 -1.000000000000005e+19 -1.000000000000005e+19 -1.000000000000005e+19 -1.000000000000005e+19
 -1.000000000000005e+19 -1.000000000000005e+19 -1.000000000000005e+19 -1.000000000000005e+19 -1.000000000000005e+19 -9.999994400000018e+18 -1.000000000000005e+19 -9.999994400000018e+18 -1.000000000000005e+19 -1.000000000000005e+19
 -1.000000000000005e+19 -1.000000000000005e+19 -1.000000000000005e+19 -1.000000000000005e+19 -1.000000000000005e+19 -1.000000000000005e+19 -1.000000000000005e+19 -1.000000000000005e+19 -1.000000000000005e+19 -1.000000000000005e+19
 -1.000000000000005e+19 -1.000000000000005e+19 -1.000000000000005e+19 -1.000000000000005e+19 -1.000000000000005e+19 -1.000000000000005e+19 -1.000000000000005e+19 -1.000000000000005e+19 -1.000000000000005e+19 -1.000000000000005e+19
 -1.000000000000005e+19 -1.000000000000005e+19 -1.000000000000005e+19 -1.000000000000005e+19 -1.000000000000005e+19 -1.000000000000005e+19 -1.000000000000005e+19 -1.000000000000005e+19 -1.000000000000005e+19 -1.000000000000005e+19
 -1.000000000000005e+19 -1.000000000000005e+19 -1.000000000000005e+19 -1.000000000000005e+19 -1.000000000000005e+19 -9.999994400000018e+18 -1.000000000000005e+19 -9.999994400000018e+18 -1.000000000000005e+19 -1.000000000000005e+19
 -1.000000000000005e+19 -1.000000000000005e+19 -1.000000000000005e+19 -1.000000000000005e+19 -1.000000000000005e+19 -1.000000000000005e+19 -1.000000000000005e+19 -1.000000000000005e+19 -1.000000000000005e+19 -1.000000000000005e+19
 -1.000000000000005e+19 -1.000000000000005e+19 -1.000000000000005e+19 -1.000000000000005e+19 -1.000000000000005e+19 -1.000000000000005e+19 -1.000000000000005e+19 -1.000000000000005e+19 -1.000000000000005e+19 -1.000000000000005e+19
 -1.000000000000005e+19 -1.000000000000005e+19 -1.000000000000005e+19 -1.000000000000005e+19 -1.000000000000005e+19 -1.000000000000005e+19 -1.000000000000005e+19 -1.000000000000005e+19 -1.000000000000005e+19 -1.000000000000005e+19
 -1.000000000000005e+19 -1.000000000000005e+19 -1.000000000000005e+19 -1.000000000000005e+19 -1.000000000000005e+19 -9.999994400000018e+18 -1.000000000000005e+19 -9.999994400000018e+18 -1.000000000000005e+19 -1.000000000000005e+19
 -1.000000000000005e+19 -1.000000000000005e+19 -1.000000000000005e+19 -1.000000000000005e+19 -1.000000000000005e+19 -1.000000000000005e+19 -1.000000000000005e+19 -1.000000000000005e+19 -1.000000000000005e+19 -1.000000000000005e+19
 -1.000000000000005e+19 -1.000000000000005e+19 -1.000000000000005e+19 -1.000000000000005e+19 -1.000000000000005e+19 -1.000000000000005e+19 -1.000000000000005e+19 -1.000000000000005e+19 -1.000000000000005e+19 -1.000000000000005e+19
 -1.000000000000005e+19 -1.000000000000005e+19 -1.000000000000005e+19 -1.000000000000005e+19 -1.000000000000005e+19 -1.000000000000005e+19 -1.000000000000005e+19 -1.000000000000005e+19 -1.000000000000005e+19 -1.000000000000005e+19
 -1.000000000000005e+19 -1.000000000000005e+19 -1.000000000000005e+19 -1.000000000000005e+19 -1.000000000000005e+19 -9.999994400000018e+18 -1.000000000000005e+19 -9.999994400000018e+18 -1.000000000000005e+19 -1.000000000000005e+19
 -1.000000000000005e+19 -1.000000000000005e+19 -1.000000000000005e+19 -1.000000000000005e+19 -1.000000000000005e+19 -1.000000000000005e+19 -1.000000000000005e+19 -1.000000000000005e+19 -1.000000000000005e+19 -1.000000000000005e+19
 -1.000000000000005e+19 -1.000000000000005e+19 -1.000000000000005e+19 -1.000000000000005e+19 -1.000000000000005e+19 -1.000000000000005e+19 -1.000000000000005e+19 -1.000000000000005e+19 -1.000000000000005e+19 -1.000000000000005e+19
 -1.000000000000005e+19 -1.000000000000005e+19 -1.000000000000005e+19 -1.000000000000005e+19 -1.000000000000005e+19 -1.000000000000005e+19 -1.000000000000005e+19 -1.000000000000005e+19 -1.000000000000005e+19 -1.000000000000005e+19
 -1.000000000000005e+19 -1.000000000000005e+19 -1.000000000000005e+19 -1.000000000000005e+19 -1.000000000000005e+19 -9.999994400000018e+18 -1.000000000000005e+19 -9.999994400000018e+18 -1.000000000000005e+19 -1.000000000000005e+19
 -1.000000000000005e+19 -1.000000000000005e+19 -1.000000000000005e+19 -1.000000000000005e+19 -1.000000000000005e+19 -1.000000000000005e+19 -1.000000000000005e+19 -1.000000000000005e+19 -1.000000000000005e+19 -1.000000000000005e+19
 -1.000000000000005e+19 -1.000000000000005e+19 -1.000000000000005e+19 -1.000000000000005e+19 -1.000000000000005e+19 -1.000000000000005e+19 -1.000000000000005e+19 -1.000000000000005e+19 -1.000000000000005e+19 -1.000000000000005e+19
 -1.000000000000005e+19 -1.000000000000005e+19 -1.000000000000005e+19 -1.000000000000005e+19 -1.000000000000005e+19 -1.000000000000005e+19 -1.000000000000005e+19 -1.000000000000005e+19 -1.000000000000005e+19 -1.000000000000005e+19
 -1.000000000000005e+19 -1.000000000000005e+19 -1.000000000000005e+19 -1.000000000000005e+19 -1.000000000000005e+19 -9.999994400000018e+18 -1.000000000000005e+19 -9.999994400000018e+18 -1.000000000000005e+19 -1.000000000000005e+19
 -1.000000000000005e+19 -1.000000000000005e+19 -1.000000000000005e+19 -1.000000000000005e+19 -1.000000000000005e+19 -1.000000000000005e+19 -1.000000000000005e+19 -1.000000000000005e+19 -1.000000000000005e+19 -1.000000000000005e+19
 -1.000000000000005e+19 -1.000000000000005e+19 -1.000000000000005e+19 -1.000000000000005e+19 -1.000000000000005e+19 -1.000000000000005e+19 -1.000000000000005e+19 -9.999994400000018e+18 -1.000000000000005e+19 -1.000000000000005e+19
 -1.000000000000005e+19 -1.000000000000005e+19 -1.000000000000005e+19 -1.000000000000005e+19 -1.000000000000005e+19 -1.000000000000005e+19 -1.000000000000005e+19 -1.000000000000005e+19 -1.000000000000005e+19 -1.000000000000005e+19
 -1.000000000000005e+19 -1.000000000000005e+19 -1.000000000000005e+19 -1.000000000000005e+19 -1.000000000000005e+19 -1.000000000000005e+19 -1.000000000000005e+19 -1.000000000000005e+19 -9.999994400000018e+18 -9.999994400000018e+18

    }
  }

  Dataset ("NitrogenActiveConcentration") {
    function  = NitrogenActiveConcentration
    type      = scalar
    dimension = 1
    location  = vertex
    validity  = [ "p_plus" ]
    Values (1300) {
 0.000000000000000e+00 0.000000000000000e+00 0.000000000000000e+00 0.000000000000000e+00 0.000000000000000e+00 0.000000000000000e+00 0.000000000000000e+00 0.000000000000000e+00 0.000000000000000e+00 0.000000000000000e+00
 0.000000000000000e+00 0.000000000000000e+00 0.000000000000000e+00 0.000000000000000e+00 0.000000000000000e+00 0.000000000000000e+00 0.000000000000000e+00 0.000000000000000e+00 0.000000000000000e+00 0.000000000000000e+00
 0.000000000000000e+00 0.000000000000000e+00 0.000000000000000e+00 0.000000000000000e+00 0.000000000000000e+00 0.000000000000000e+00 0.000000000000000e+00 0.000000000000000e+00 0.000000000000000e+00 0.000000000000000e+00
 0.000000000000000e+00 0.000000000000000e+00 0.000000000000000e+00 0.000000000000000e+00 0.000000000000000e+00 0.000000000000000e+00 0.000000000000000e+00 0.000000000000000e+00 0.000000000000000e+00 0.000000000000000e+00
 0.000000000000000e+00 0.000000000000000e+00 0.000000000000000e+00 0.000000000000000e+00 0.000000000000000e+00 0.000000000000000e+00 0.000000000000000e+00 0.000000000000000e+00 0.000000000000000e+00 0.000000000000000e+00
 0.000000000000000e+00 0.000000000000000e+00 0.000000000000000e+00 0.000000000000000e+00 0.000000000000000e+00 5.599999999999991e+12 0.000000000000000e+00 5.599999999999991e+12 0.000000000000000e+00 0.000000000000000e+00
 0.000000000000000e+00 0.000000000000000e+00 0.000000000000000e+00 0.000000000000000e+00 0.000000000000000e+00 0.000000000000000e+00 0.000000000000000e+00 0.000000000000000e+00 0.000000000000000e+00 0.000000000000000e+00
 0.000000000000000e+00 0.000000000000000e+00 0.000000000000000e+00 0.000000000000000e+00 0.000000000000000e+00 0.000000000000000e+00 0.000000000000000e+00 0.000000000000000e+00 0.000000000000000e+00 0.000000000000000e+00
 0.000000000000000e+00 0.000000000000000e+00 0.000000000000000e+00 0.000000000000000e+00 0.000000000000000e+00 0.000000000000000e+00 0.000000000000000e+00 0.000000000000000e+00 0.000000000000000e+00 0.000000000000000e+00
 0.000000000000000e+00 0.000000000000000e+00 0.000000000000000e+00 0.000000000000000e+00 0.000000000000000e+00 5.599999999999991e+12 0.000000000000000e+00 5.599999999999991e+12 0.000000000000000e+00 0.000000000000000e+00
 0.000000000000000e+00 0.000000000000000e+00 0.000000000000000e+00 0.000000000000000e+00 0.000000000000000e+00 0.000000000000000e+00 0.000000000000000e+00 0.000000000000000e+00 0.000000000000000e+00 0.000000000000000e+00
 0.000000000000000e+00 0.000000000000000e+00 0.000000000000000e+00 0.000000000000000e+00 0.000000000000000e+00 0.000000000000000e+00 0.000000000000000e+00 0.000000000000000e+00 0.000000000000000e+00 0.000000000000000e+00
 0.000000000000000e+00 0.000000000000000e+00 0.000000000000000e+00 0.000000000000000e+00 0.000000000000000e+00 0.000000000000000e+00 0.000000000000000e+00 0.000000000000000e+00 0.000000000000000e+00 0.000000000000000e+00
 0.000000000000000e+00 0.000000000000000e+00 0.000000000000000e+00 0.000000000000000e+00 0.000000000000000e+00 5.599999999999991e+12 0.000000000000000e+00 5.599999999999991e+12 0.000000000000000e+00 0.000000000000000e+00
 0.000000000000000e+00 0.000000000000000e+00 0.000000000000000e+00 0.000000000000000e+00 0.000000000000000e+00 0.000000000000000e+00 0.000000000000000e+00 0.000000000000000e+00 0.000000000000000e+00 0.000000000000000e+00
 0.000000000000000e+00 0.000000000000000e+00 0.000000000000000e+00 0.000000000000000e+00 0.000000000000000e+00 0.000000000000000e+00 0.000000000000000e+00 0.000000000000000e+00 0.000000000000000e+00 0.000000000000000e+00
 0.000000000000000e+00 0.000000000000000e+00 0.000000000000000e+00 0.000000000000000e+00 0.000000000000000e+00 0.000000000000000e+00 0.000000000000000e+00 0.000000000000000e+00 0.000000000000000e+00 0.000000000000000e+00
 0.000000000000000e+00 0.000000000000000e+00 0.000000000000000e+00 0.000000000000000e+00 0.000000000000000e+00 5.599999999999991e+12 0.000000000000000e+00 5.599999999999991e+12 0.000000000000000e+00 0.000000000000000e+00
 0.000000000000000e+00 0.000000000000000e+00 0.000000000000000e+00 0.000000000000000e+00 0.000000000000000e+00 0.000000000000000e+00 0.000000000000000e+00 0.000000000000000e+00 0.000000000000000e+00 0.000000000000000e+00
 0.000000000000000e+00 0.000000000000000e+00 0.000000000000000e+00 0.000000000000000e+00 0.000000000000000e+00 0.000000000000000e+00 0.000000000000000e+00 0.000000000000000e+00 0.000000000000000e+00 0.000000000000000e+00
 0.000000000000000e+00 0.000000000000000e+00 0.000000000000000e+00 0.000000000000000e+00 0.000000000000000e+00 0.000000000000000e+00 0.000000000000000e+00 0.000000000000000e+00 0.000000000000000e+00 0.000000000000000e+00
 0.000000000000000e+00 0.000000000000000e+00 0.000000000000000e+00 0.000000000000000e+00 0.000000000000000e+00 5.599999999999991e+12 0.000000000000000e+00 5.599999999999991e+12 0.000000000000000e+00 0.000000000000000e+00
 0.000000000000000e+00 0.000000000000000e+00 0.000000000000000e+00 0.000000000000000e+00 0.000000000000000e+00 0.000000000000000e+00 0.000000000000000e+00 0.000000000000000e+00 0.000000000000000e+00 0.000000000000000e+00
 0.000000000000000e+00 0.000000000000000e+00 0.000000000000000e+00 0.000000000000000e+00 0.000000000000000e+00 0.000000000000000e+00 0.000000000000000e+00 0.000000000000000e+00 0.000000000000000e+00 0.000000000000000e+00
 0.000000000000000e+00 0.000000000000000e+00 0.000000000000000e+00 0.000000000000000e+00 0.000000000000000e+00 0.000000000000000e+00 0.000000000000000e+00 0.000000000000000e+00 0.000000000000000e+00 0.000000000000000e+00
 0.000000000000000e+00 0.000000000000000e+00 0.000000000000000e+00 0.000000000000000e+00 0.000000000000000e+00 5.599999999999991e+12 0.000000000000000e+00 5.599999999999991e+12 0.000000000000000e+00 0.000000000000000e+00
 0.000000000000000e+00 0.000000000000000e+00 0.000000000000000e+00 0.000000000000000e+00 0.000000000000000e+00 0.000000000000000e+00 0.000000000000000e+00 0.000000000000000e+00 0.000000000000000e+00 0.000000000000000e+00
 0.000000000000000e+00 0.000000000000000e+00 0.000000000000000e+00 0.000000000000000e+00 0.000000000000000e+00 0.000000000000000e+00 0.000000000000000e+00 0.000000000000000e+00 0.000000000000000e+00 0.000000000000000e+00
 0.000000000000000e+00 0.000000000000000e+00 0.000000000000000e+00 0.000000000000000e+00 0.000000000000000e+00 0.000000000000000e+00 0.000000000000000e+00 0.000000000000000e+00 0.000000000000000e+00 0.000000000000000e+00
 0.000000000000000e+00 0.000000000000000e+00 0.000000000000000e+00 0.000000000000000e+00 0.000000000000000e+00 5.599999999999991e+12 0.000000000000000e+00 5.599999999999991e+12 0.000000000000000e+00 0.000000000000000e+00
 0.000000000000000e+00 0.000000000000000e+00 0.000000000000000e+00 0.000000000000000e+00 0.000000000000000e+00 0.000000000000000e+00 0.000000000000000e+00 0.000000000000000e+00 0.000000000000000e+00 0.000000000000000e+00
 0.000000000000000e+00 0.000000000000000e+00 0.000000000000000e+00 0.000000000000000e+00 0.000000000000000e+00 0.000000000000000e+00 0.000000000000000e+00 0.000000000000000e+00 0.000000000000000e+00 0.000000000000000e+00
 0.000000000000000e+00 0.000000000000000e+00 0.000000000000000e+00 0.000000000000000e+00 0.000000000000000e+00 0.000000000000000e+00 0.000000000000000e+00 0.000000000000000e+00 0.000000000000000e+00 0.000000000000000e+00
 0.000000000000000e+00 0.000000000000000e+00 0.000000000000000e+00 0.000000000000000e+00 0.000000000000000e+00 5.599999999999991e+12 0.000000000000000e+00 5.599999999999991e+12 0.000000000000000e+00 0.000000000000000e+00
 0.000000000000000e+00 0.000000000000000e+00 0.000000000000000e+00 0.000000000000000e+00 0.000000000000000e+00 0.000000000000000e+00 0.000000000000000e+00 0.000000000000000e+00 0.000000000000000e+00 0.000000000000000e+00
 0.000000000000000e+00 0.000000000000000e+00 0.000000000000000e+00 0.000000000000000e+00 0.000000000000000e+00 0.000000000000000e+00 0.000000000000000e+00 0.000000000000000e+00 0.000000000000000e+00 0.000000000000000e+00
 0.000000000000000e+00 0.000000000000000e+00 0.000000000000000e+00 0.000000000000000e+00 0.000000000000000e+00 0.000000000000000e+00 0.000000000000000e+00 0.000000000000000e+00 0.000000000000000e+00 0.000000000000000e+00
 0.000000000000000e+00 0.000000000000000e+00 0.000000000000000e+00 0.000000000000000e+00 0.000000000000000e+00 5.599999999999991e+12 0.000000000000000e+00 5.599999999999991e+12 0.000000000000000e+00 0.000000000000000e+00
 0.000000000000000e+00 0.000000000000000e+00 0.000000000000000e+00 0.000000000000000e+00 0.000000000000000e+00 0.000000000000000e+00 0.000000000000000e+00 0.000000000000000e+00 0.000000000000000e+00 0.000000000000000e+00
 0.000000000000000e+00 0.000000000000000e+00 0.000000000000000e+00 0.000000000000000e+00 0.000000000000000e+00 0.000000000000000e+00 0.000000000000000e+00 0.000000000000000e+00 0.000000000000000e+00 0.000000000000000e+00
 0.000000000000000e+00 0.000000000000000e+00 0.000000000000000e+00 0.000000000000000e+00 0.000000000000000e+00 0.000000000000000e+00 0.000000000000000e+00 0.000000000000000e+00 0.000000000000000e+00 0.000000000000000e+00
 0.000000000000000e+00 0.000000000000000e+00 0.000000000000000e+00 0.000000000000000e+00 0.000000000000000e+00 5.599999999999991e+12 0.000000000000000e+00 5.599999999999991e+12 0.000000000000000e+00 0.000000000000000e+00
 0.000000000000000e+00 0.000000000000000e+00 0.000000000000000e+00 0.000000000000000e+00 0.000000000000000e+00 0.000000000000000e+00 0.000000000000000e+00 0.000000000000000e+00 0.000000000000000e+00 0.000000000000000e+00
 0.000000000000000e+00 0.000000000000000e+00 0.000000000000000e+00 0.000000000000000e+00 0.000000000000000e+00 0.000000000000000e+00 0.000000000000000e+00 0.000000000000000e+00 0.000000000000000e+00 0.000000000000000e+00
 0.000000000000000e+00 0.000000000000000e+00 0.000000000000000e+00 0.000000000000000e+00 0.000000000000000e+00 0.000000000000000e+00 0.000000000000000e+00 0.000000000000000e+00 0.000000000000000e+00 0.000000000000000e+00
 0.000000000000000e+00 0.000000000000000e+00 0.000000000000000e+00 0.000000000000000e+00 0.000000000000000e+00 5.599999999999991e+12 0.000000000000000e+00 5.599999999999991e+12 0.000000000000000e+00 0.000000000000000e+00
 0.000000000000000e+00 0.000000000000000e+00 0.000000000000000e+00 0.000000000000000e+00 0.000000000000000e+00 0.000000000000000e+00 0.000000000000000e+00 0.000000000000000e+00 0.000000000000000e+00 0.000000000000000e+00
 0.000000000000000e+00 0.000000000000000e+00 0.000000000000000e+00 0.000000000000000e+00 0.000000000000000e+00 0.000000000000000e+00 0.000000000000000e+00 0.000000000000000e+00 0.000000000000000e+00 0.000000000000000e+00
 0.000000000000000e+00 0.000000000000000e+00 0.000000000000000e+00 0.000000000000000e+00 0.000000000000000e+00 0.000000000000000e+00 0.000000000000000e+00 0.000000000000000e+00 0.000000000000000e+00 0.000000000000000e+00
 0.000000000000000e+00 0.000000000000000e+00 0.000000000000000e+00 0.000000000000000e+00 0.000000000000000e+00 5.599999999999991e+12 0.000000000000000e+00 5.599999999999991e+12 0.000000000000000e+00 0.000000000000000e+00
 0.000000000000000e+00 0.000000000000000e+00 0.000000000000000e+00 0.000000000000000e+00 0.000000000000000e+00 0.000000000000000e+00 0.000000000000000e+00 0.000000000000000e+00 0.000000000000000e+00 0.000000000000000e+00
 0.000000000000000e+00 0.000000000000000e+00 0.000000000000000e+00 0.000000000000000e+00 0.000000000000000e+00 0.000000000000000e+00 0.000000000000000e+00 0.000000000000000e+00 0.000000000000000e+00 0.000000000000000e+00
 0.000000000000000e+00 0.000000000000000e+00 0.000000000000000e+00 0.000000000000000e+00 0.000000000000000e+00 0.000000000000000e+00 0.000000000000000e+00 0.000000000000000e+00 0.000000000000000e+00 0.000000000000000e+00
 0.000000000000000e+00 0.000000000000000e+00 0.000000000000000e+00 0.000000000000000e+00 0.000000000000000e+00 5.599999999999991e+12 0.000000000000000e+00 5.599999999999991e+12 0.000000000000000e+00 0.000000000000000e+00
 0.000000000000000e+00 0.000000000000000e+00 0.000000000000000e+00 0.000000000000000e+00 0.000000000000000e+00 0.000000000000000e+00 0.000000000000000e+00 0.000000000000000e+00 0.000000000000000e+00 0.000000000000000e+00
 0.000000000000000e+00 0.000000000000000e+00 0.000000000000000e+00 0.000000000000000e+00 0.000000000000000e+00 0.000000000000000e+00 0.000000000000000e+00 0.000000000000000e+00 0.000000000000000e+00 0.000000000000000e+00
 0.000000000000000e+00 0.000000000000000e+00 0.000000000000000e+00 0.000000000000000e+00 0.000000000000000e+00 0.000000000000000e+00 0.000000000000000e+00 0.000000000000000e+00 0.000000000000000e+00 0.000000000000000e+00
 0.000000000000000e+00 0.000000000000000e+00 0.000000000000000e+00 0.000000000000000e+00 0.000000000000000e+00 5.599999999999991e+12 0.000000000000000e+00 5.599999999999991e+12 0.000000000000000e+00 0.000000000000000e+00
 0.000000000000000e+00 0.000000000000000e+00 0.000000000000000e+00 0.000000000000000e+00 0.000000000000000e+00 0.000000000000000e+00 0.000000000000000e+00 0.000000000000000e+00 0.000000000000000e+00 0.000000000000000e+00
 0.000000000000000e+00 0.000000000000000e+00 0.000000000000000e+00 0.000000000000000e+00 0.000000000000000e+00 0.000000000000000e+00 0.000000000000000e+00 0.000000000000000e+00 0.000000000000000e+00 0.000000000000000e+00
 0.000000000000000e+00 0.000000000000000e+00 0.000000000000000e+00 0.000000000000000e+00 0.000000000000000e+00 0.000000000000000e+00 0.000000000000000e+00 0.000000000000000e+00 0.000000000000000e+00 0.000000000000000e+00
 0.000000000000000e+00 0.000000000000000e+00 0.000000000000000e+00 0.000000000000000e+00 0.000000000000000e+00 5.599999999999991e+12 0.000000000000000e+00 5.599999999999991e+12 0.000000000000000e+00 0.000000000000000e+00
 0.000000000000000e+00 0.000000000000000e+00 0.000000000000000e+00 0.000000000000000e+00 0.000000000000000e+00 0.000000000000000e+00 0.000000000000000e+00 0.000000000000000e+00 0.000000000000000e+00 0.000000000000000e+00
 0.000000000000000e+00 0.000000000000000e+00 0.000000000000000e+00 0.000000000000000e+00 0.000000000000000e+00 0.000000000000000e+00 0.000000000000000e+00 0.000000000000000e+00 0.000000000000000e+00 0.000000000000000e+00
 0.000000000000000e+00 0.000000000000000e+00 0.000000000000000e+00 0.000000000000000e+00 0.000000000000000e+00 0.000000000000000e+00 0.000000000000000e+00 0.000000000000000e+00 0.000000000000000e+00 0.000000000000000e+00
 0.000000000000000e+00 0.000000000000000e+00 0.000000000000000e+00 0.000000000000000e+00 0.000000000000000e+00 5.599999999999991e+12 0.000000000000000e+00 5.599999999999991e+12 0.000000000000000e+00 0.000000000000000e+00
 0.000000000000000e+00 0.000000000000000e+00 0.000000000000000e+00 0.000000000000000e+00 0.000000000000000e+00 0.000000000000000e+00 0.000000000000000e+00 0.000000000000000e+00 0.000000000000000e+00 0.000000000000000e+00
 0.000000000000000e+00 0.000000000000000e+00 0.000000000000000e+00 0.000000000000000e+00 0.000000000000000e+00 0.000000000000000e+00 0.000000000000000e+00 0.000000000000000e+00 0.000000000000000e+00 0.000000000000000e+00
 0.000000000000000e+00 0.000000000000000e+00 0.000000000000000e+00 0.000000000000000e+00 0.000000000000000e+00 0.000000000000000e+00 0.000000000000000e+00 0.000000000000000e+00 0.000000000000000e+00 0.000000000000000e+00
 0.000000000000000e+00 0.000000000000000e+00 0.000000000000000e+00 0.000000000000000e+00 0.000000000000000e+00 5.599999999999991e+12 0.000000000000000e+00 5.599999999999991e+12 0.000000000000000e+00 0.000000000000000e+00
 0.000000000000000e+00 0.000000000000000e+00 0.000000000000000e+00 0.000000000000000e+00 0.000000000000000e+00 0.000000000000000e+00 0.000000000000000e+00 0.000000000000000e+00 0.000000000000000e+00 0.000000000000000e+00
 0.000000000000000e+00 0.000000000000000e+00 0.000000000000000e+00 0.000000000000000e+00 0.000000000000000e+00 0.000000000000000e+00 0.000000000000000e+00 0.000000000000000e+00 0.000000000000000e+00 0.000000000000000e+00
 0.000000000000000e+00 0.000000000000000e+00 0.000000000000000e+00 0.000000000000000e+00 0.000000000000000e+00 0.000000000000000e+00 0.000000000000000e+00 0.000000000000000e+00 0.000000000000000e+00 0.000000000000000e+00
 0.000000000000000e+00 0.000000000000000e+00 0.000000000000000e+00 0.000000000000000e+00 0.000000000000000e+00 5.599999999999991e+12 0.000000000000000e+00 5.599999999999991e+12 0.000000000000000e+00 0.000000000000000e+00
 0.000000000000000e+00 0.000000000000000e+00 0.000000000000000e+00 0.000000000000000e+00 0.000000000000000e+00 0.000000000000000e+00 0.000000000000000e+00 0.000000000000000e+00 0.000000000000000e+00 0.000000000000000e+00
 0.000000000000000e+00 0.000000000000000e+00 0.000000000000000e+00 0.000000000000000e+00 0.000000000000000e+00 0.000000000000000e+00 0.000000000000000e+00 0.000000000000000e+00 0.000000000000000e+00 0.000000000000000e+00
 0.000000000000000e+00 0.000000000000000e+00 0.000000000000000e+00 0.000000000000000e+00 0.000000000000000e+00 0.000000000000000e+00 0.000000000000000e+00 0.000000000000000e+00 0.000000000000000e+00 0.000000000000000e+00
 0.000000000000000e+00 0.000000000000000e+00 0.000000000000000e+00 0.000000000000000e+00 0.000000000000000e+00 5.599999999999991e+12 0.000000000000000e+00 5.599999999999991e+12 0.000000000000000e+00 0.000000000000000e+00
 0.000000000000000e+00 0.000000000000000e+00 0.000000000000000e+00 0.000000000000000e+00 0.000000000000000e+00 0.000000000000000e+00 0.000000000000000e+00 0.000000000000000e+00 0.000000000000000e+00 0.000000000000000e+00
 0.000000000000000e+00 0.000000000000000e+00 0.000000000000000e+00 0.000000000000000e+00 0.000000000000000e+00 0.000000000000000e+00 0.000000000000000e+00 0.000000000000000e+00 0.000000000000000e+00 0.000000000000000e+00
 0.000000000000000e+00 0.000000000000000e+00 0.000000000000000e+00 0.000000000000000e+00 0.000000000000000e+00 0.000000000000000e+00 0.000000000000000e+00 0.000000000000000e+00 0.000000000000000e+00 0.000000000000000e+00
 0.000000000000000e+00 0.000000000000000e+00 0.000000000000000e+00 0.000000000000000e+00 0.000000000000000e+00 5.599999999999991e+12 0.000000000000000e+00 5.599999999999991e+12 0.000000000000000e+00 0.000000000000000e+00
 0.000000000000000e+00 0.000000000000000e+00 0.000000000000000e+00 0.000000000000000e+00 0.000000000000000e+00 0.000000000000000e+00 0.000000000000000e+00 0.000000000000000e+00 0.000000000000000e+00 0.000000000000000e+00
 0.000000000000000e+00 0.000000000000000e+00 0.000000000000000e+00 0.000000000000000e+00 0.000000000000000e+00 0.000000000000000e+00 0.000000000000000e+00 0.000000000000000e+00 0.000000000000000e+00 0.000000000000000e+00
 0.000000000000000e+00 0.000000000000000e+00 0.000000000000000e+00 0.000000000000000e+00 0.000000000000000e+00 0.000000000000000e+00 0.000000000000000e+00 0.000000000000000e+00 0.000000000000000e+00 0.000000000000000e+00
 0.000000000000000e+00 0.000000000000000e+00 0.000000000000000e+00 0.000000000000000e+00 0.000000000000000e+00 5.599999999999991e+12 0.000000000000000e+00 5.599999999999991e+12 0.000000000000000e+00 0.000000000000000e+00
 0.000000000000000e+00 0.000000000000000e+00 0.000000000000000e+00 0.000000000000000e+00 0.000000000000000e+00 0.000000000000000e+00 0.000000000000000e+00 0.000000000000000e+00 0.000000000000000e+00 0.000000000000000e+00
 0.000000000000000e+00 0.000000000000000e+00 0.000000000000000e+00 0.000000000000000e+00 0.000000000000000e+00 0.000000000000000e+00 0.000000000000000e+00 0.000000000000000e+00 0.000000000000000e+00 0.000000000000000e+00
 0.000000000000000e+00 0.000000000000000e+00 0.000000000000000e+00 0.000000000000000e+00 0.000000000000000e+00 0.000000000000000e+00 0.000000000000000e+00 0.000000000000000e+00 0.000000000000000e+00 0.000000000000000e+00
 0.000000000000000e+00 0.000000000000000e+00 0.000000000000000e+00 0.000000000000000e+00 0.000000000000000e+00 5.599999999999991e+12 0.000000000000000e+00 5.599999999999991e+12 0.000000000000000e+00 0.000000000000000e+00
 0.000000000000000e+00 0.000000000000000e+00 0.000000000000000e+00 0.000000000000000e+00 0.000000000000000e+00 0.000000000000000e+00 0.000000000000000e+00 0.000000000000000e+00 0.000000000000000e+00 0.000000000000000e+00
 0.000000000000000e+00 0.000000000000000e+00 0.000000000000000e+00 0.000000000000000e+00 0.000000000000000e+00 0.000000000000000e+00 0.000000000000000e+00 0.000000000000000e+00 0.000000000000000e+00 0.000000000000000e+00
 0.000000000000000e+00 0.000000000000000e+00 0.000000000000000e+00 0.000000000000000e+00 0.000000000000000e+00 0.000000000000000e+00 0.000000000000000e+00 0.000000000000000e+00 0.000000000000000e+00 0.000000000000000e+00
 0.000000000000000e+00 0.000000000000000e+00 0.000000000000000e+00 0.000000000000000e+00 0.000000000000000e+00 5.599999999999991e+12 0.000000000000000e+00 5.599999999999991e+12 0.000000000000000e+00 0.000000000000000e+00
 0.000000000000000e+00 0.000000000000000e+00 0.000000000000000e+00 0.000000000000000e+00 0.000000000000000e+00 0.000000000000000e+00 0.000000000000000e+00 0.000000000000000e+00 0.000000000000000e+00 0.000000000000000e+00
 0.000000000000000e+00 0.000000000000000e+00 0.000000000000000e+00 0.000000000000000e+00 0.000000000000000e+00 0.000000000000000e+00 0.000000000000000e+00 0.000000000000000e+00 0.000000000000000e+00 0.000000000000000e+00
 0.000000000000000e+00 0.000000000000000e+00 0.000000000000000e+00 0.000000000000000e+00 0.000000000000000e+00 0.000000000000000e+00 0.000000000000000e+00 0.000000000000000e+00 0.000000000000000e+00 0.000000000000000e+00
 0.000000000000000e+00 0.000000000000000e+00 0.000000000000000e+00 0.000000000000000e+00 0.000000000000000e+00 5.599999999999991e+12 0.000000000000000e+00 5.599999999999991e+12 0.000000000000000e+00 0.000000000000000e+00
 0.000000000000000e+00 0.000000000000000e+00 0.000000000000000e+00 0.000000000000000e+00 0.000000000000000e+00 0.000000000000000e+00 0.000000000000000e+00 0.000000000000000e+00 0.000000000000000e+00 0.000000000000000e+00
 0.000000000000000e+00 0.000000000000000e+00 0.000000000000000e+00 0.000000000000000e+00 0.000000000000000e+00 0.000000000000000e+00 0.000000000000000e+00 0.000000000000000e+00 0.000000000000000e+00 0.000000000000000e+00
 0.000000000000000e+00 0.000000000000000e+00 0.000000000000000e+00 0.000000000000000e+00 0.000000000000000e+00 0.000000000000000e+00 0.000000000000000e+00 0.000000000000000e+00 0.000000000000000e+00 0.000000000000000e+00
 0.000000000000000e+00 0.000000000000000e+00 0.000000000000000e+00 0.000000000000000e+00 0.000000000000000e+00 5.599999999999991e+12 0.000000000000000e+00 5.599999999999991e+12 0.000000000000000e+00 0.000000000000000e+00
 0.000000000000000e+00 0.000000000000000e+00 0.000000000000000e+00 0.000000000000000e+00 0.000000000000000e+00 0.000000000000000e+00 0.000000000000000e+00 0.000000000000000e+00 0.000000000000000e+00 0.000000000000000e+00
 0.000000000000000e+00 0.000000000000000e+00 0.000000000000000e+00 0.000000000000000e+00 0.000000000000000e+00 0.000000000000000e+00 0.000000000000000e+00 0.000000000000000e+00 0.000000000000000e+00 0.000000000000000e+00
 0.000000000000000e+00 0.000000000000000e+00 0.000000000000000e+00 0.000000000000000e+00 0.000000000000000e+00 0.000000000000000e+00 0.000000000000000e+00 0.000000000000000e+00 0.000000000000000e+00 0.000000000000000e+00
 0.000000000000000e+00 0.000000000000000e+00 0.000000000000000e+00 0.000000000000000e+00 0.000000000000000e+00 5.599999999999991e+12 0.000000000000000e+00 5.599999999999991e+12 0.000000000000000e+00 0.000000000000000e+00
 0.000000000000000e+00 0.000000000000000e+00 0.000000000000000e+00 0.000000000000000e+00 0.000000000000000e+00 0.000000000000000e+00 0.000000000000000e+00 0.000000000000000e+00 0.000000000000000e+00 0.000000000000000e+00
 0.000000000000000e+00 0.000000000000000e+00 0.000000000000000e+00 0.000000000000000e+00 0.000000000000000e+00 0.000000000000000e+00 0.000000000000000e+00 0.000000000000000e+00 0.000000000000000e+00 0.000000000000000e+00
 0.000000000000000e+00 0.000000000000000e+00 0.000000000000000e+00 0.000000000000000e+00 0.000000000000000e+00 0.000000000000000e+00 0.000000000000000e+00 0.000000000000000e+00 0.000000000000000e+00 0.000000000000000e+00
 0.000000000000000e+00 0.000000000000000e+00 0.000000000000000e+00 0.000000000000000e+00 0.000000000000000e+00 5.599999999999991e+12 0.000000000000000e+00 5.599999999999991e+12 0.000000000000000e+00 0.000000000000000e+00
 0.000000000000000e+00 0.000000000000000e+00 0.000000000000000e+00 0.000000000000000e+00 0.000000000000000e+00 0.000000000000000e+00 0.000000000000000e+00 0.000000000000000e+00 0.000000000000000e+00 0.000000000000000e+00
 0.000000000000000e+00 0.000000000000000e+00 0.000000000000000e+00 0.000000000000000e+00 0.000000000000000e+00 0.000000000000000e+00 0.000000000000000e+00 0.000000000000000e+00 0.000000000000000e+00 0.000000000000000e+00
 0.000000000000000e+00 0.000000000000000e+00 0.000000000000000e+00 0.000000000000000e+00 0.000000000000000e+00 0.000000000000000e+00 0.000000000000000e+00 0.000000000000000e+00 0.000000000000000e+00 0.000000000000000e+00
 0.000000000000000e+00 0.000000000000000e+00 0.000000000000000e+00 0.000000000000000e+00 0.000000000000000e+00 5.599999999999991e+12 0.000000000000000e+00 5.599999999999991e+12 0.000000000000000e+00 0.000000000000000e+00
 0.000000000000000e+00 0.000000000000000e+00 0.000000000000000e+00 0.000000000000000e+00 0.000000000000000e+00 0.000000000000000e+00 0.000000000000000e+00 0.000000000000000e+00 0.000000000000000e+00 0.000000000000000e+00
 0.000000000000000e+00 0.000000000000000e+00 0.000000000000000e+00 0.000000000000000e+00 0.000000000000000e+00 0.000000000000000e+00 0.000000000000000e+00 0.000000000000000e+00 0.000000000000000e+00 0.000000000000000e+00
 0.000000000000000e+00 0.000000000000000e+00 0.000000000000000e+00 0.000000000000000e+00 0.000000000000000e+00 0.000000000000000e+00 0.000000000000000e+00 0.000000000000000e+00 0.000000000000000e+00 0.000000000000000e+00
 0.000000000000000e+00 0.000000000000000e+00 0.000000000000000e+00 0.000000000000000e+00 0.000000000000000e+00 5.599999999999991e+12 0.000000000000000e+00 5.599999999999991e+12 0.000000000000000e+00 0.000000000000000e+00
 0.000000000000000e+00 0.000000000000000e+00 0.000000000000000e+00 0.000000000000000e+00 0.000000000000000e+00 0.000000000000000e+00 0.000000000000000e+00 0.000000000000000e+00 0.000000000000000e+00 0.000000000000000e+00
 0.000000000000000e+00 0.000000000000000e+00 0.000000000000000e+00 0.000000000000000e+00 0.000000000000000e+00 0.000000000000000e+00 0.000000000000000e+00 0.000000000000000e+00 0.000000000000000e+00 0.000000000000000e+00
 0.000000000000000e+00 0.000000000000000e+00 0.000000000000000e+00 0.000000000000000e+00 0.000000000000000e+00 0.000000000000000e+00 0.000000000000000e+00 0.000000000000000e+00 0.000000000000000e+00 0.000000000000000e+00
 0.000000000000000e+00 0.000000000000000e+00 0.000000000000000e+00 0.000000000000000e+00 0.000000000000000e+00 5.599999999999991e+12 0.000000000000000e+00 5.599999999999991e+12 0.000000000000000e+00 0.000000000000000e+00
 0.000000000000000e+00 0.000000000000000e+00 0.000000000000000e+00 0.000000000000000e+00 0.000000000000000e+00 0.000000000000000e+00 0.000000000000000e+00 0.000000000000000e+00 0.000000000000000e+00 0.000000000000000e+00
 0.000000000000000e+00 0.000000000000000e+00 0.000000000000000e+00 0.000000000000000e+00 0.000000000000000e+00 0.000000000000000e+00 0.000000000000000e+00 0.000000000000000e+00 0.000000000000000e+00 0.000000000000000e+00
 0.000000000000000e+00 0.000000000000000e+00 0.000000000000000e+00 0.000000000000000e+00 0.000000000000000e+00 0.000000000000000e+00 0.000000000000000e+00 0.000000000000000e+00 0.000000000000000e+00 0.000000000000000e+00
 0.000000000000000e+00 0.000000000000000e+00 0.000000000000000e+00 0.000000000000000e+00 0.000000000000000e+00 5.599999999999991e+12 0.000000000000000e+00 5.599999999999991e+12 0.000000000000000e+00 0.000000000000000e+00
 0.000000000000000e+00 0.000000000000000e+00 0.000000000000000e+00 0.000000000000000e+00 0.000000000000000e+00 0.000000000000000e+00 0.000000000000000e+00 0.000000000000000e+00 0.000000000000000e+00 0.000000000000000e+00
 0.000000000000000e+00 0.000000000000000e+00 0.000000000000000e+00 0.000000000000000e+00 0.000000000000000e+00 0.000000000000000e+00 0.000000000000000e+00 5.599999999999991e+12 0.000000000000000e+00 0.000000000000000e+00
 0.000000000000000e+00 0.000000000000000e+00 0.000000000000000e+00 0.000000000000000e+00 0.000000000000000e+00 0.000000000000000e+00 0.000000000000000e+00 0.000000000000000e+00 0.000000000000000e+00 0.000000000000000e+00
 0.000000000000000e+00 0.000000000000000e+00 0.000000000000000e+00 0.000000000000000e+00 0.000000000000000e+00 0.000000000000000e+00 0.000000000000000e+00 0.000000000000000e+00 5.599999999999991e+12 5.599999999999991e+12

    }
  }

  Dataset ("PMIUserField0") {
    function  = PMIUserField0
    type      = scalar
    dimension = 1
    location  = vertex
    validity  = [ "p_plus" ]
    Values (1300) {
 0.000000000000000e+00 0.000000000000000e+00 0.000000000000000e+00 0.000000000000000e+00 0.000000000000000e+00 0.000000000000000e+00 0.000000000000000e+00 0.000000000000000e+00 0.000000000000000e+00 0.000000000000000e+00
 0.000000000000000e+00 0.000000000000000e+00 0.000000000000000e+00 0.000000000000000e+00 0.000000000000000e+00 0.000000000000000e+00 0.000000000000000e+00 0.000000000000000e+00 0.000000000000000e+00 0.000000000000000e+00
 0.000000000000000e+00 0.000000000000000e+00 0.000000000000000e+00 0.000000000000000e+00 0.000000000000000e+00 0.000000000000000e+00 0.000000000000000e+00 0.000000000000000e+00 0.000000000000000e+00 0.000000000000000e+00
 0.000000000000000e+00 0.000000000000000e+00 0.000000000000000e+00 0.000000000000000e+00 0.000000000000000e+00 0.000000000000000e+00 0.000000000000000e+00 0.000000000000000e+00 0.000000000000000e+00 0.000000000000000e+00
 0.000000000000000e+00 0.000000000000000e+00 0.000000000000000e+00 0.000000000000000e+00 0.000000000000000e+00 0.000000000000000e+00 0.000000000000000e+00 0.000000000000000e+00 0.000000000000000e+00 0.000000000000000e+00
 0.000000000000000e+00 0.000000000000000e+00 0.000000000000000e+00 0.000000000000000e+00 0.000000000000000e+00 0.000000000000000e+00 0.000000000000000e+00 0.000000000000000e+00 0.000000000000000e+00 0.000000000000000e+00
 0.000000000000000e+00 0.000000000000000e+00 0.000000000000000e+00 0.000000000000000e+00 0.000000000000000e+00 0.000000000000000e+00 0.000000000000000e+00 0.000000000000000e+00 0.000000000000000e+00 0.000000000000000e+00
 0.000000000000000e+00 0.000000000000000e+00 0.000000000000000e+00 0.000000000000000e+00 0.000000000000000e+00 0.000000000000000e+00 0.000000000000000e+00 0.000000000000000e+00 0.000000000000000e+00 0.000000000000000e+00
 0.000000000000000e+00 0.000000000000000e+00 0.000000000000000e+00 0.000000000000000e+00 0.000000000000000e+00 0.000000000000000e+00 0.000000000000000e+00 0.000000000000000e+00 0.000000000000000e+00 0.000000000000000e+00
 0.000000000000000e+00 0.000000000000000e+00 0.000000000000000e+00 0.000000000000000e+00 0.000000000000000e+00 0.000000000000000e+00 0.000000000000000e+00 0.000000000000000e+00 0.000000000000000e+00 0.000000000000000e+00
 0.000000000000000e+00 0.000000000000000e+00 0.000000000000000e+00 0.000000000000000e+00 0.000000000000000e+00 0.000000000000000e+00 0.000000000000000e+00 0.000000000000000e+00 0.000000000000000e+00 0.000000000000000e+00
 0.000000000000000e+00 0.000000000000000e+00 0.000000000000000e+00 0.000000000000000e+00 0.000000000000000e+00 0.000000000000000e+00 0.000000000000000e+00 0.000000000000000e+00 0.000000000000000e+00 0.000000000000000e+00
 0.000000000000000e+00 0.000000000000000e+00 0.000000000000000e+00 0.000000000000000e+00 0.000000000000000e+00 0.000000000000000e+00 0.000000000000000e+00 0.000000000000000e+00 0.000000000000000e+00 0.000000000000000e+00
 0.000000000000000e+00 0.000000000000000e+00 0.000000000000000e+00 0.000000000000000e+00 0.000000000000000e+00 0.000000000000000e+00 0.000000000000000e+00 0.000000000000000e+00 0.000000000000000e+00 0.000000000000000e+00
 0.000000000000000e+00 0.000000000000000e+00 0.000000000000000e+00 0.000000000000000e+00 0.000000000000000e+00 0.000000000000000e+00 0.000000000000000e+00 0.000000000000000e+00 0.000000000000000e+00 0.000000000000000e+00
 0.000000000000000e+00 0.000000000000000e+00 0.000000000000000e+00 0.000000000000000e+00 0.000000000000000e+00 0.000000000000000e+00 0.000000000000000e+00 0.000000000000000e+00 0.000000000000000e+00 0.000000000000000e+00
 0.000000000000000e+00 0.000000000000000e+00 0.000000000000000e+00 0.000000000000000e+00 0.000000000000000e+00 0.000000000000000e+00 0.000000000000000e+00 0.000000000000000e+00 0.000000000000000e+00 0.000000000000000e+00
 0.000000000000000e+00 0.000000000000000e+00 0.000000000000000e+00 0.000000000000000e+00 0.000000000000000e+00 0.000000000000000e+00 0.000000000000000e+00 0.000000000000000e+00 0.000000000000000e+00 0.000000000000000e+00
 0.000000000000000e+00 0.000000000000000e+00 0.000000000000000e+00 0.000000000000000e+00 0.000000000000000e+00 0.000000000000000e+00 0.000000000000000e+00 0.000000000000000e+00 0.000000000000000e+00 0.000000000000000e+00
 0.000000000000000e+00 0.000000000000000e+00 0.000000000000000e+00 0.000000000000000e+00 0.000000000000000e+00 0.000000000000000e+00 0.000000000000000e+00 0.000000000000000e+00 0.000000000000000e+00 0.000000000000000e+00
 0.000000000000000e+00 0.000000000000000e+00 0.000000000000000e+00 0.000000000000000e+00 0.000000000000000e+00 0.000000000000000e+00 0.000000000000000e+00 0.000000000000000e+00 0.000000000000000e+00 0.000000000000000e+00
 0.000000000000000e+00 0.000000000000000e+00 0.000000000000000e+00 0.000000000000000e+00 0.000000000000000e+00 0.000000000000000e+00 0.000000000000000e+00 0.000000000000000e+00 0.000000000000000e+00 0.000000000000000e+00
 0.000000000000000e+00 0.000000000000000e+00 0.000000000000000e+00 0.000000000000000e+00 0.000000000000000e+00 0.000000000000000e+00 0.000000000000000e+00 0.000000000000000e+00 0.000000000000000e+00 0.000000000000000e+00
 0.000000000000000e+00 0.000000000000000e+00 0.000000000000000e+00 0.000000000000000e+00 0.000000000000000e+00 0.000000000000000e+00 0.000000000000000e+00 0.000000000000000e+00 0.000000000000000e+00 0.000000000000000e+00
 0.000000000000000e+00 0.000000000000000e+00 0.000000000000000e+00 0.000000000000000e+00 0.000000000000000e+00 0.000000000000000e+00 0.000000000000000e+00 0.000000000000000e+00 0.000000000000000e+00 0.000000000000000e+00
 0.000000000000000e+00 0.000000000000000e+00 0.000000000000000e+00 0.000000000000000e+00 0.000000000000000e+00 0.000000000000000e+00 0.000000000000000e+00 0.000000000000000e+00 0.000000000000000e+00 0.000000000000000e+00
 0.000000000000000e+00 0.000000000000000e+00 0.000000000000000e+00 0.000000000000000e+00 0.000000000000000e+00 0.000000000000000e+00 0.000000000000000e+00 0.000000000000000e+00 0.000000000000000e+00 0.000000000000000e+00
 0.000000000000000e+00 0.000000000000000e+00 0.000000000000000e+00 0.000000000000000e+00 0.000000000000000e+00 0.000000000000000e+00 0.000000000000000e+00 0.000000000000000e+00 0.000000000000000e+00 0.000000000000000e+00
 0.000000000000000e+00 0.000000000000000e+00 0.000000000000000e+00 0.000000000000000e+00 0.000000000000000e+00 0.000000000000000e+00 0.000000000000000e+00 0.000000000000000e+00 0.000000000000000e+00 0.000000000000000e+00
 0.000000000000000e+00 0.000000000000000e+00 0.000000000000000e+00 0.000000000000000e+00 0.000000000000000e+00 0.000000000000000e+00 0.000000000000000e+00 0.000000000000000e+00 0.000000000000000e+00 0.000000000000000e+00
 0.000000000000000e+00 0.000000000000000e+00 0.000000000000000e+00 0.000000000000000e+00 0.000000000000000e+00 0.000000000000000e+00 0.000000000000000e+00 0.000000000000000e+00 0.000000000000000e+00 0.000000000000000e+00
 0.000000000000000e+00 0.000000000000000e+00 0.000000000000000e+00 0.000000000000000e+00 0.000000000000000e+00 0.000000000000000e+00 0.000000000000000e+00 0.000000000000000e+00 0.000000000000000e+00 0.000000000000000e+00
 0.000000000000000e+00 0.000000000000000e+00 0.000000000000000e+00 0.000000000000000e+00 0.000000000000000e+00 0.000000000000000e+00 0.000000000000000e+00 0.000000000000000e+00 0.000000000000000e+00 0.000000000000000e+00
 0.000000000000000e+00 0.000000000000000e+00 0.000000000000000e+00 0.000000000000000e+00 0.000000000000000e+00 0.000000000000000e+00 0.000000000000000e+00 0.000000000000000e+00 0.000000000000000e+00 0.000000000000000e+00
 0.000000000000000e+00 0.000000000000000e+00 0.000000000000000e+00 0.000000000000000e+00 0.000000000000000e+00 0.000000000000000e+00 0.000000000000000e+00 0.000000000000000e+00 0.000000000000000e+00 0.000000000000000e+00
 0.000000000000000e+00 0.000000000000000e+00 0.000000000000000e+00 0.000000000000000e+00 0.000000000000000e+00 0.000000000000000e+00 0.000000000000000e+00 0.000000000000000e+00 0.000000000000000e+00 0.000000000000000e+00
 0.000000000000000e+00 0.000000000000000e+00 0.000000000000000e+00 0.000000000000000e+00 0.000000000000000e+00 0.000000000000000e+00 0.000000000000000e+00 0.000000000000000e+00 0.000000000000000e+00 0.000000000000000e+00
 0.000000000000000e+00 0.000000000000000e+00 0.000000000000000e+00 0.000000000000000e+00 0.000000000000000e+00 0.000000000000000e+00 0.000000000000000e+00 0.000000000000000e+00 0.000000000000000e+00 0.000000000000000e+00
 0.000000000000000e+00 0.000000000000000e+00 0.000000000000000e+00 0.000000000000000e+00 0.000000000000000e+00 0.000000000000000e+00 0.000000000000000e+00 0.000000000000000e+00 0.000000000000000e+00 0.000000000000000e+00
 0.000000000000000e+00 0.000000000000000e+00 0.000000000000000e+00 0.000000000000000e+00 0.000000000000000e+00 0.000000000000000e+00 0.000000000000000e+00 0.000000000000000e+00 0.000000000000000e+00 0.000000000000000e+00
 0.000000000000000e+00 0.000000000000000e+00 0.000000000000000e+00 0.000000000000000e+00 0.000000000000000e+00 0.000000000000000e+00 0.000000000000000e+00 0.000000000000000e+00 0.000000000000000e+00 0.000000000000000e+00
 0.000000000000000e+00 0.000000000000000e+00 0.000000000000000e+00 0.000000000000000e+00 0.000000000000000e+00 0.000000000000000e+00 0.000000000000000e+00 0.000000000000000e+00 0.000000000000000e+00 0.000000000000000e+00
 0.000000000000000e+00 0.000000000000000e+00 0.000000000000000e+00 0.000000000000000e+00 0.000000000000000e+00 0.000000000000000e+00 0.000000000000000e+00 0.000000000000000e+00 0.000000000000000e+00 0.000000000000000e+00
 0.000000000000000e+00 0.000000000000000e+00 0.000000000000000e+00 0.000000000000000e+00 0.000000000000000e+00 0.000000000000000e+00 0.000000000000000e+00 0.000000000000000e+00 0.000000000000000e+00 0.000000000000000e+00
 0.000000000000000e+00 0.000000000000000e+00 0.000000000000000e+00 0.000000000000000e+00 0.000000000000000e+00 0.000000000000000e+00 0.000000000000000e+00 0.000000000000000e+00 0.000000000000000e+00 0.000000000000000e+00
 0.000000000000000e+00 0.000000000000000e+00 0.000000000000000e+00 0.000000000000000e+00 0.000000000000000e+00 0.000000000000000e+00 0.000000000000000e+00 0.000000000000000e+00 0.000000000000000e+00 0.000000000000000e+00
 0.000000000000000e+00 0.000000000000000e+00 0.000000000000000e+00 0.000000000000000e+00 0.000000000000000e+00 0.000000000000000e+00 0.000000000000000e+00 0.000000000000000e+00 0.000000000000000e+00 0.000000000000000e+00
 0.000000000000000e+00 0.000000000000000e+00 0.000000000000000e+00 0.000000000000000e+00 0.000000000000000e+00 0.000000000000000e+00 0.000000000000000e+00 0.000000000000000e+00 0.000000000000000e+00 0.000000000000000e+00
 0.000000000000000e+00 0.000000000000000e+00 0.000000000000000e+00 0.000000000000000e+00 0.000000000000000e+00 0.000000000000000e+00 0.000000000000000e+00 0.000000000000000e+00 0.000000000000000e+00 0.000000000000000e+00
 0.000000000000000e+00 0.000000000000000e+00 0.000000000000000e+00 0.000000000000000e+00 0.000000000000000e+00 0.000000000000000e+00 0.000000000000000e+00 0.000000000000000e+00 0.000000000000000e+00 0.000000000000000e+00
 0.000000000000000e+00 0.000000000000000e+00 0.000000000000000e+00 0.000000000000000e+00 0.000000000000000e+00 0.000000000000000e+00 0.000000000000000e+00 0.000000000000000e+00 0.000000000000000e+00 0.000000000000000e+00
 0.000000000000000e+00 0.000000000000000e+00 0.000000000000000e+00 0.000000000000000e+00 0.000000000000000e+00 0.000000000000000e+00 0.000000000000000e+00 0.000000000000000e+00 0.000000000000000e+00 0.000000000000000e+00
 0.000000000000000e+00 0.000000000000000e+00 0.000000000000000e+00 0.000000000000000e+00 0.000000000000000e+00 0.000000000000000e+00 0.000000000000000e+00 0.000000000000000e+00 0.000000000000000e+00 0.000000000000000e+00
 0.000000000000000e+00 0.000000000000000e+00 0.000000000000000e+00 0.000000000000000e+00 0.000000000000000e+00 0.000000000000000e+00 0.000000000000000e+00 0.000000000000000e+00 0.000000000000000e+00 0.000000000000000e+00
 0.000000000000000e+00 0.000000000000000e+00 0.000000000000000e+00 0.000000000000000e+00 0.000000000000000e+00 0.000000000000000e+00 0.000000000000000e+00 0.000000000000000e+00 0.000000000000000e+00 0.000000000000000e+00
 0.000000000000000e+00 0.000000000000000e+00 0.000000000000000e+00 0.000000000000000e+00 0.000000000000000e+00 0.000000000000000e+00 0.000000000000000e+00 0.000000000000000e+00 0.000000000000000e+00 0.000000000000000e+00
 0.000000000000000e+00 0.000000000000000e+00 0.000000000000000e+00 0.000000000000000e+00 0.000000000000000e+00 0.000000000000000e+00 0.000000000000000e+00 0.000000000000000e+00 0.000000000000000e+00 0.000000000000000e+00
 0.000000000000000e+00 0.000000000000000e+00 0.000000000000000e+00 0.000000000000000e+00 0.000000000000000e+00 0.000000000000000e+00 0.000000000000000e+00 0.000000000000000e+00 0.000000000000000e+00 0.000000000000000e+00
 0.000000000000000e+00 0.000000000000000e+00 0.000000000000000e+00 0.000000000000000e+00 0.000000000000000e+00 0.000000000000000e+00 0.000000000000000e+00 0.000000000000000e+00 0.000000000000000e+00 0.000000000000000e+00
 0.000000000000000e+00 0.000000000000000e+00 0.000000000000000e+00 0.000000000000000e+00 0.000000000000000e+00 0.000000000000000e+00 0.000000000000000e+00 0.000000000000000e+00 0.000000000000000e+00 0.000000000000000e+00
 0.000000000000000e+00 0.000000000000000e+00 0.000000000000000e+00 0.000000000000000e+00 0.000000000000000e+00 0.000000000000000e+00 0.000000000000000e+00 0.000000000000000e+00 0.000000000000000e+00 0.000000000000000e+00
 0.000000000000000e+00 0.000000000000000e+00 0.000000000000000e+00 0.000000000000000e+00 0.000000000000000e+00 0.000000000000000e+00 0.000000000000000e+00 0.000000000000000e+00 0.000000000000000e+00 0.000000000000000e+00
 0.000000000000000e+00 0.000000000000000e+00 0.000000000000000e+00 0.000000000000000e+00 0.000000000000000e+00 0.000000000000000e+00 0.000000000000000e+00 0.000000000000000e+00 0.000000000000000e+00 0.000000000000000e+00
 0.000000000000000e+00 0.000000000000000e+00 0.000000000000000e+00 0.000000000000000e+00 0.000000000000000e+00 0.000000000000000e+00 0.000000000000000e+00 0.000000000000000e+00 0.000000000000000e+00 0.000000000000000e+00
 0.000000000000000e+00 0.000000000000000e+00 0.000000000000000e+00 0.000000000000000e+00 0.000000000000000e+00 0.000000000000000e+00 0.000000000000000e+00 0.000000000000000e+00 0.000000000000000e+00 0.000000000000000e+00
 0.000000000000000e+00 0.000000000000000e+00 0.000000000000000e+00 0.000000000000000e+00 0.000000000000000e+00 0.000000000000000e+00 0.000000000000000e+00 0.000000000000000e+00 0.000000000000000e+00 0.000000000000000e+00
 0.000000000000000e+00 0.000000000000000e+00 0.000000000000000e+00 0.000000000000000e+00 0.000000000000000e+00 0.000000000000000e+00 0.000000000000000e+00 0.000000000000000e+00 0.000000000000000e+00 0.000000000000000e+00
 0.000000000000000e+00 0.000000000000000e+00 0.000000000000000e+00 0.000000000000000e+00 0.000000000000000e+00 0.000000000000000e+00 0.000000000000000e+00 0.000000000000000e+00 0.000000000000000e+00 0.000000000000000e+00
 0.000000000000000e+00 0.000000000000000e+00 0.000000000000000e+00 0.000000000000000e+00 0.000000000000000e+00 0.000000000000000e+00 0.000000000000000e+00 0.000000000000000e+00 0.000000000000000e+00 0.000000000000000e+00
 0.000000000000000e+00 0.000000000000000e+00 0.000000000000000e+00 0.000000000000000e+00 0.000000000000000e+00 0.000000000000000e+00 0.000000000000000e+00 0.000000000000000e+00 0.000000000000000e+00 0.000000000000000e+00
 0.000000000000000e+00 0.000000000000000e+00 0.000000000000000e+00 0.000000000000000e+00 0.000000000000000e+00 0.000000000000000e+00 0.000000000000000e+00 0.000000000000000e+00 0.000000000000000e+00 0.000000000000000e+00
 0.000000000000000e+00 0.000000000000000e+00 0.000000000000000e+00 0.000000000000000e+00 0.000000000000000e+00 0.000000000000000e+00 0.000000000000000e+00 0.000000000000000e+00 0.000000000000000e+00 0.000000000000000e+00
 0.000000000000000e+00 0.000000000000000e+00 0.000000000000000e+00 0.000000000000000e+00 0.000000000000000e+00 0.000000000000000e+00 0.000000000000000e+00 0.000000000000000e+00 0.000000000000000e+00 0.000000000000000e+00
 0.000000000000000e+00 0.000000000000000e+00 0.000000000000000e+00 0.000000000000000e+00 0.000000000000000e+00 0.000000000000000e+00 0.000000000000000e+00 0.000000000000000e+00 0.000000000000000e+00 0.000000000000000e+00
 0.000000000000000e+00 0.000000000000000e+00 0.000000000000000e+00 0.000000000000000e+00 0.000000000000000e+00 0.000000000000000e+00 0.000000000000000e+00 0.000000000000000e+00 0.000000000000000e+00 0.000000000000000e+00
 0.000000000000000e+00 0.000000000000000e+00 0.000000000000000e+00 0.000000000000000e+00 0.000000000000000e+00 0.000000000000000e+00 0.000000000000000e+00 0.000000000000000e+00 0.000000000000000e+00 0.000000000000000e+00
 0.000000000000000e+00 0.000000000000000e+00 0.000000000000000e+00 0.000000000000000e+00 0.000000000000000e+00 0.000000000000000e+00 0.000000000000000e+00 0.000000000000000e+00 0.000000000000000e+00 0.000000000000000e+00
 0.000000000000000e+00 0.000000000000000e+00 0.000000000000000e+00 0.000000000000000e+00 0.000000000000000e+00 0.000000000000000e+00 0.000000000000000e+00 0.000000000000000e+00 0.000000000000000e+00 0.000000000000000e+00
 0.000000000000000e+00 0.000000000000000e+00 0.000000000000000e+00 0.000000000000000e+00 0.000000000000000e+00 0.000000000000000e+00 0.000000000000000e+00 0.000000000000000e+00 0.000000000000000e+00 0.000000000000000e+00
 0.000000000000000e+00 0.000000000000000e+00 0.000000000000000e+00 0.000000000000000e+00 0.000000000000000e+00 0.000000000000000e+00 0.000000000000000e+00 0.000000000000000e+00 0.000000000000000e+00 0.000000000000000e+00
 0.000000000000000e+00 0.000000000000000e+00 0.000000000000000e+00 0.000000000000000e+00 0.000000000000000e+00 0.000000000000000e+00 0.000000000000000e+00 0.000000000000000e+00 0.000000000000000e+00 0.000000000000000e+00
 0.000000000000000e+00 0.000000000000000e+00 0.000000000000000e+00 0.000000000000000e+00 0.000000000000000e+00 0.000000000000000e+00 0.000000000000000e+00 0.000000000000000e+00 0.000000000000000e+00 0.000000000000000e+00
 0.000000000000000e+00 0.000000000000000e+00 0.000000000000000e+00 0.000000000000000e+00 0.000000000000000e+00 0.000000000000000e+00 0.000000000000000e+00 0.000000000000000e+00 0.000000000000000e+00 0.000000000000000e+00
 0.000000000000000e+00 0.000000000000000e+00 0.000000000000000e+00 0.000000000000000e+00 0.000000000000000e+00 0.000000000000000e+00 0.000000000000000e+00 0.000000000000000e+00 0.000000000000000e+00 0.000000000000000e+00
 0.000000000000000e+00 0.000000000000000e+00 0.000000000000000e+00 0.000000000000000e+00 0.000000000000000e+00 0.000000000000000e+00 0.000000000000000e+00 0.000000000000000e+00 0.000000000000000e+00 0.000000000000000e+00
 0.000000000000000e+00 0.000000000000000e+00 0.000000000000000e+00 0.000000000000000e+00 0.000000000000000e+00 0.000000000000000e+00 0.000000000000000e+00 0.000000000000000e+00 0.000000000000000e+00 0.000000000000000e+00
 0.000000000000000e+00 0.000000000000000e+00 0.000000000000000e+00 0.000000000000000e+00 0.000000000000000e+00 0.000000000000000e+00 0.000000000000000e+00 0.000000000000000e+00 0.000000000000000e+00 0.000000000000000e+00
 0.000000000000000e+00 0.000000000000000e+00 0.000000000000000e+00 0.000000000000000e+00 0.000000000000000e+00 0.000000000000000e+00 0.000000000000000e+00 0.000000000000000e+00 0.000000000000000e+00 0.000000000000000e+00
 0.000000000000000e+00 0.000000000000000e+00 0.000000000000000e+00 0.000000000000000e+00 0.000000000000000e+00 0.000000000000000e+00 0.000000000000000e+00 0.000000000000000e+00 0.000000000000000e+00 0.000000000000000e+00
 0.000000000000000e+00 0.000000000000000e+00 0.000000000000000e+00 0.000000000000000e+00 0.000000000000000e+00 0.000000000000000e+00 0.000000000000000e+00 0.000000000000000e+00 0.000000000000000e+00 0.000000000000000e+00
 0.000000000000000e+00 0.000000000000000e+00 0.000000000000000e+00 0.000000000000000e+00 0.000000000000000e+00 0.000000000000000e+00 0.000000000000000e+00 0.000000000000000e+00 0.000000000000000e+00 0.000000000000000e+00
 0.000000000000000e+00 0.000000000000000e+00 0.000000000000000e+00 0.000000000000000e+00 0.000000000000000e+00 0.000000000000000e+00 0.000000000000000e+00 0.000000000000000e+00 0.000000000000000e+00 0.000000000000000e+00
 0.000000000000000e+00 0.000000000000000e+00 0.000000000000000e+00 0.000000000000000e+00 0.000000000000000e+00 0.000000000000000e+00 0.000000000000000e+00 0.000000000000000e+00 0.000000000000000e+00 0.000000000000000e+00
 0.000000000000000e+00 0.000000000000000e+00 0.000000000000000e+00 0.000000000000000e+00 0.000000000000000e+00 0.000000000000000e+00 0.000000000000000e+00 0.000000000000000e+00 0.000000000000000e+00 0.000000000000000e+00
 0.000000000000000e+00 0.000000000000000e+00 0.000000000000000e+00 0.000000000000000e+00 0.000000000000000e+00 0.000000000000000e+00 0.000000000000000e+00 0.000000000000000e+00 0.000000000000000e+00 0.000000000000000e+00
 0.000000000000000e+00 0.000000000000000e+00 0.000000000000000e+00 0.000000000000000e+00 0.000000000000000e+00 0.000000000000000e+00 0.000000000000000e+00 0.000000000000000e+00 0.000000000000000e+00 0.000000000000000e+00
 0.000000000000000e+00 0.000000000000000e+00 0.000000000000000e+00 0.000000000000000e+00 0.000000000000000e+00 0.000000000000000e+00 0.000000000000000e+00 0.000000000000000e+00 0.000000000000000e+00 0.000000000000000e+00
 0.000000000000000e+00 0.000000000000000e+00 0.000000000000000e+00 0.000000000000000e+00 0.000000000000000e+00 0.000000000000000e+00 0.000000000000000e+00 0.000000000000000e+00 0.000000000000000e+00 0.000000000000000e+00
 0.000000000000000e+00 0.000000000000000e+00 0.000000000000000e+00 0.000000000000000e+00 0.000000000000000e+00 0.000000000000000e+00 0.000000000000000e+00 0.000000000000000e+00 0.000000000000000e+00 0.000000000000000e+00
 0.000000000000000e+00 0.000000000000000e+00 0.000000000000000e+00 0.000000000000000e+00 0.000000000000000e+00 0.000000000000000e+00 0.000000000000000e+00 0.000000000000000e+00 0.000000000000000e+00 0.000000000000000e+00
 0.000000000000000e+00 0.000000000000000e+00 0.000000000000000e+00 0.000000000000000e+00 0.000000000000000e+00 0.000000000000000e+00 0.000000000000000e+00 0.000000000000000e+00 0.000000000000000e+00 0.000000000000000e+00
 0.000000000000000e+00 0.000000000000000e+00 0.000000000000000e+00 0.000000000000000e+00 0.000000000000000e+00 0.000000000000000e+00 0.000000000000000e+00 0.000000000000000e+00 0.000000000000000e+00 0.000000000000000e+00
 0.000000000000000e+00 0.000000000000000e+00 0.000000000000000e+00 0.000000000000000e+00 0.000000000000000e+00 0.000000000000000e+00 0.000000000000000e+00 0.000000000000000e+00 0.000000000000000e+00 0.000000000000000e+00
 0.000000000000000e+00 0.000000000000000e+00 0.000000000000000e+00 0.000000000000000e+00 0.000000000000000e+00 0.000000000000000e+00 0.000000000000000e+00 0.000000000000000e+00 0.000000000000000e+00 0.000000000000000e+00
 0.000000000000000e+00 0.000000000000000e+00 0.000000000000000e+00 0.000000000000000e+00 0.000000000000000e+00 0.000000000000000e+00 0.000000000000000e+00 0.000000000000000e+00 0.000000000000000e+00 0.000000000000000e+00
 0.000000000000000e+00 0.000000000000000e+00 0.000000000000000e+00 0.000000000000000e+00 0.000000000000000e+00 0.000000000000000e+00 0.000000000000000e+00 0.000000000000000e+00 0.000000000000000e+00 0.000000000000000e+00
 0.000000000000000e+00 0.000000000000000e+00 0.000000000000000e+00 0.000000000000000e+00 0.000000000000000e+00 0.000000000000000e+00 0.000000000000000e+00 0.000000000000000e+00 0.000000000000000e+00 0.000000000000000e+00
 0.000000000000000e+00 0.000000000000000e+00 0.000000000000000e+00 0.000000000000000e+00 0.000000000000000e+00 0.000000000000000e+00 0.000000000000000e+00 0.000000000000000e+00 0.000000000000000e+00 0.000000000000000e+00
 0.000000000000000e+00 0.000000000000000e+00 0.000000000000000e+00 0.000000000000000e+00 0.000000000000000e+00 0.000000000000000e+00 0.000000000000000e+00 0.000000000000000e+00 0.000000000000000e+00 0.000000000000000e+00
 0.000000000000000e+00 0.000000000000000e+00 0.000000000000000e+00 0.000000000000000e+00 0.000000000000000e+00 0.000000000000000e+00 0.000000000000000e+00 0.000000000000000e+00 0.000000000000000e+00 0.000000000000000e+00
 0.000000000000000e+00 0.000000000000000e+00 0.000000000000000e+00 0.000000000000000e+00 0.000000000000000e+00 0.000000000000000e+00 0.000000000000000e+00 0.000000000000000e+00 0.000000000000000e+00 0.000000000000000e+00
 0.000000000000000e+00 0.000000000000000e+00 0.000000000000000e+00 0.000000000000000e+00 0.000000000000000e+00 0.000000000000000e+00 0.000000000000000e+00 0.000000000000000e+00 0.000000000000000e+00 0.000000000000000e+00
 0.000000000000000e+00 0.000000000000000e+00 0.000000000000000e+00 0.000000000000000e+00 0.000000000000000e+00 0.000000000000000e+00 0.000000000000000e+00 0.000000000000000e+00 0.000000000000000e+00 0.000000000000000e+00
 0.000000000000000e+00 0.000000000000000e+00 0.000000000000000e+00 0.000000000000000e+00 0.000000000000000e+00 0.000000000000000e+00 0.000000000000000e+00 0.000000000000000e+00 0.000000000000000e+00 0.000000000000000e+00
 0.000000000000000e+00 0.000000000000000e+00 0.000000000000000e+00 0.000000000000000e+00 0.000000000000000e+00 0.000000000000000e+00 0.000000000000000e+00 0.000000000000000e+00 0.000000000000000e+00 0.000000000000000e+00
 0.000000000000000e+00 0.000000000000000e+00 0.000000000000000e+00 0.000000000000000e+00 0.000000000000000e+00 0.000000000000000e+00 0.000000000000000e+00 0.000000000000000e+00 0.000000000000000e+00 0.000000000000000e+00
 0.000000000000000e+00 0.000000000000000e+00 0.000000000000000e+00 0.000000000000000e+00 0.000000000000000e+00 0.000000000000000e+00 0.000000000000000e+00 0.000000000000000e+00 0.000000000000000e+00 0.000000000000000e+00
 0.000000000000000e+00 0.000000000000000e+00 0.000000000000000e+00 0.000000000000000e+00 0.000000000000000e+00 0.000000000000000e+00 0.000000000000000e+00 0.000000000000000e+00 0.000000000000000e+00 0.000000000000000e+00
 0.000000000000000e+00 0.000000000000000e+00 0.000000000000000e+00 0.000000000000000e+00 0.000000000000000e+00 0.000000000000000e+00 0.000000000000000e+00 0.000000000000000e+00 0.000000000000000e+00 0.000000000000000e+00
 0.000000000000000e+00 0.000000000000000e+00 0.000000000000000e+00 0.000000000000000e+00 0.000000000000000e+00 0.000000000000000e+00 0.000000000000000e+00 0.000000000000000e+00 0.000000000000000e+00 0.000000000000000e+00
 0.000000000000000e+00 0.000000000000000e+00 0.000000000000000e+00 0.000000000000000e+00 0.000000000000000e+00 0.000000000000000e+00 0.000000000000000e+00 0.000000000000000e+00 0.000000000000000e+00 0.000000000000000e+00
 0.000000000000000e+00 0.000000000000000e+00 0.000000000000000e+00 0.000000000000000e+00 0.000000000000000e+00 0.000000000000000e+00 0.000000000000000e+00 0.000000000000000e+00 0.000000000000000e+00 0.000000000000000e+00
 0.000000000000000e+00 0.000000000000000e+00 0.000000000000000e+00 0.000000000000000e+00 0.000000000000000e+00 0.000000000000000e+00 0.000000000000000e+00 0.000000000000000e+00 0.000000000000000e+00 0.000000000000000e+00
 0.000000000000000e+00 0.000000000000000e+00 0.000000000000000e+00 0.000000000000000e+00 0.000000000000000e+00 0.000000000000000e+00 0.000000000000000e+00 0.000000000000000e+00 0.000000000000000e+00 0.000000000000000e+00
 0.000000000000000e+00 0.000000000000000e+00 0.000000000000000e+00 0.000000000000000e+00 0.000000000000000e+00 0.000000000000000e+00 0.000000000000000e+00 0.000000000000000e+00 0.000000000000000e+00 0.000000000000000e+00
 0.000000000000000e+00 0.000000000000000e+00 0.000000000000000e+00 0.000000000000000e+00 0.000000000000000e+00 0.000000000000000e+00 0.000000000000000e+00 0.000000000000000e+00 0.000000000000000e+00 0.000000000000000e+00
 0.000000000000000e+00 0.000000000000000e+00 0.000000000000000e+00 0.000000000000000e+00 0.000000000000000e+00 0.000000000000000e+00 0.000000000000000e+00 0.000000000000000e+00 0.000000000000000e+00 0.000000000000000e+00
 0.000000000000000e+00 0.000000000000000e+00 0.000000000000000e+00 0.000000000000000e+00 0.000000000000000e+00 0.000000000000000e+00 0.000000000000000e+00 0.000000000000000e+00 0.000000000000000e+00 0.000000000000000e+00
 0.000000000000000e+00 0.000000000000000e+00 0.000000000000000e+00 0.000000000000000e+00 0.000000000000000e+00 0.000000000000000e+00 0.000000000000000e+00 0.000000000000000e+00 0.000000000000000e+00 0.000000000000000e+00
 0.000000000000000e+00 0.000000000000000e+00 0.000000000000000e+00 0.000000000000000e+00 0.000000000000000e+00 0.000000000000000e+00 0.000000000000000e+00 0.000000000000000e+00 0.000000000000000e+00 0.000000000000000e+00

    }
  }

  Dataset ("AluminumActiveConcentration") {
    function  = AluminumActiveConcentration
    type      = scalar
    dimension = 1
    location  = vertex
    validity  = [ "p_plus" ]
    Values (1300) {
 1.000000000000005e+19 1.000000000000005e+19 1.000000000000005e+19 1.000000000000005e+19 1.000000000000005e+19 1.000000000000005e+19 1.000000000000005e+19 1.000000000000005e+19 1.000000000000005e+19 1.000000000000005e+19
 1.000000000000005e+19 1.000000000000005e+19 1.000000000000005e+19 1.000000000000005e+19 1.000000000000005e+19 1.000000000000005e+19 1.000000000000005e+19 1.000000000000005e+19 1.000000000000005e+19 1.000000000000005e+19
 1.000000000000005e+19 1.000000000000005e+19 1.000000000000005e+19 1.000000000000005e+19 1.000000000000005e+19 1.000000000000005e+19 1.000000000000005e+19 1.000000000000005e+19 1.000000000000005e+19 1.000000000000005e+19
 1.000000000000005e+19 1.000000000000005e+19 1.000000000000005e+19 1.000000000000005e+19 1.000000000000005e+19 1.000000000000005e+19 1.000000000000005e+19 1.000000000000005e+19 1.000000000000005e+19 1.000000000000005e+19
 1.000000000000005e+19 1.000000000000005e+19 1.000000000000005e+19 1.000000000000005e+19 1.000000000000005e+19 1.000000000000005e+19 1.000000000000005e+19 1.000000000000005e+19 1.000000000000005e+19 1.000000000000005e+19
 1.000000000000005e+19 1.000000000000005e+19 1.000000000000005e+19 1.000000000000005e+19 1.000000000000005e+19 1.000000000000005e+19 1.000000000000005e+19 1.000000000000005e+19 1.000000000000005e+19 1.000000000000005e+19
 1.000000000000005e+19 1.000000000000005e+19 1.000000000000005e+19 1.000000000000005e+19 1.000000000000005e+19 1.000000000000005e+19 1.000000000000005e+19 1.000000000000005e+19 1.000000000000005e+19 1.000000000000005e+19
 1.000000000000005e+19 1.000000000000005e+19 1.000000000000005e+19 1.000000000000005e+19 1.000000000000005e+19 1.000000000000005e+19 1.000000000000005e+19 1.000000000000005e+19 1.000000000000005e+19 1.000000000000005e+19
 1.000000000000005e+19 1.000000000000005e+19 1.000000000000005e+19 1.000000000000005e+19 1.000000000000005e+19 1.000000000000005e+19 1.000000000000005e+19 1.000000000000005e+19 1.000000000000005e+19 1.000000000000005e+19
 1.000000000000005e+19 1.000000000000005e+19 1.000000000000005e+19 1.000000000000005e+19 1.000000000000005e+19 1.000000000000005e+19 1.000000000000005e+19 1.000000000000005e+19 1.000000000000005e+19 1.000000000000005e+19
 1.000000000000005e+19 1.000000000000005e+19 1.000000000000005e+19 1.000000000000005e+19 1.000000000000005e+19 1.000000000000005e+19 1.000000000000005e+19 1.000000000000005e+19 1.000000000000005e+19 1.000000000000005e+19
 1.000000000000005e+19 1.000000000000005e+19 1.000000000000005e+19 1.000000000000005e+19 1.000000000000005e+19 1.000000000000005e+19 1.000000000000005e+19 1.000000000000005e+19 1.000000000000005e+19 1.000000000000005e+19
 1.000000000000005e+19 1.000000000000005e+19 1.000000000000005e+19 1.000000000000005e+19 1.000000000000005e+19 1.000000000000005e+19 1.000000000000005e+19 1.000000000000005e+19 1.000000000000005e+19 1.000000000000005e+19
 1.000000000000005e+19 1.000000000000005e+19 1.000000000000005e+19 1.000000000000005e+19 1.000000000000005e+19 1.000000000000005e+19 1.000000000000005e+19 1.000000000000005e+19 1.000000000000005e+19 1.000000000000005e+19
 1.000000000000005e+19 1.000000000000005e+19 1.000000000000005e+19 1.000000000000005e+19 1.000000000000005e+19 1.000000000000005e+19 1.000000000000005e+19 1.000000000000005e+19 1.000000000000005e+19 1.000000000000005e+19
 1.000000000000005e+19 1.000000000000005e+19 1.000000000000005e+19 1.000000000000005e+19 1.000000000000005e+19 1.000000000000005e+19 1.000000000000005e+19 1.000000000000005e+19 1.000000000000005e+19 1.000000000000005e+19
 1.000000000000005e+19 1.000000000000005e+19 1.000000000000005e+19 1.000000000000005e+19 1.000000000000005e+19 1.000000000000005e+19 1.000000000000005e+19 1.000000000000005e+19 1.000000000000005e+19 1.000000000000005e+19
 1.000000000000005e+19 1.000000000000005e+19 1.000000000000005e+19 1.000000000000005e+19 1.000000000000005e+19 1.000000000000005e+19 1.000000000000005e+19 1.000000000000005e+19 1.000000000000005e+19 1.000000000000005e+19
 1.000000000000005e+19 1.000000000000005e+19 1.000000000000005e+19 1.000000000000005e+19 1.000000000000005e+19 1.000000000000005e+19 1.000000000000005e+19 1.000000000000005e+19 1.000000000000005e+19 1.000000000000005e+19
 1.000000000000005e+19 1.000000000000005e+19 1.000000000000005e+19 1.000000000000005e+19 1.000000000000005e+19 1.000000000000005e+19 1.000000000000005e+19 1.000000000000005e+19 1.000000000000005e+19 1.000000000000005e+19
 1.000000000000005e+19 1.000000000000005e+19 1.000000000000005e+19 1.000000000000005e+19 1.000000000000005e+19 1.000000000000005e+19 1.000000000000005e+19 1.000000000000005e+19 1.000000000000005e+19 1.000000000000005e+19
 1.000000000000005e+19 1.000000000000005e+19 1.000000000000005e+19 1.000000000000005e+19 1.000000000000005e+19 1.000000000000005e+19 1.000000000000005e+19 1.000000000000005e+19 1.000000000000005e+19 1.000000000000005e+19
 1.000000000000005e+19 1.000000000000005e+19 1.000000000000005e+19 1.000000000000005e+19 1.000000000000005e+19 1.000000000000005e+19 1.000000000000005e+19 1.000000000000005e+19 1.000000000000005e+19 1.000000000000005e+19
 1.000000000000005e+19 1.000000000000005e+19 1.000000000000005e+19 1.000000000000005e+19 1.000000000000005e+19 1.000000000000005e+19 1.000000000000005e+19 1.000000000000005e+19 1.000000000000005e+19 1.000000000000005e+19
 1.000000000000005e+19 1.000000000000005e+19 1.000000000000005e+19 1.000000000000005e+19 1.000000000000005e+19 1.000000000000005e+19 1.000000000000005e+19 1.000000000000005e+19 1.000000000000005e+19 1.000000000000005e+19
 1.000000000000005e+19 1.000000000000005e+19 1.000000000000005e+19 1.000000000000005e+19 1.000000000000005e+19 1.000000000000005e+19 1.000000000000005e+19 1.000000000000005e+19 1.000000000000005e+19 1.000000000000005e+19
 1.000000000000005e+19 1.000000000000005e+19 1.000000000000005e+19 1.000000000000005e+19 1.000000000000005e+19 1.000000000000005e+19 1.000000000000005e+19 1.000000000000005e+19 1.000000000000005e+19 1.000000000000005e+19
 1.000000000000005e+19 1.000000000000005e+19 1.000000000000005e+19 1.000000000000005e+19 1.000000000000005e+19 1.000000000000005e+19 1.000000000000005e+19 1.000000000000005e+19 1.000000000000005e+19 1.000000000000005e+19
 1.000000000000005e+19 1.000000000000005e+19 1.000000000000005e+19 1.000000000000005e+19 1.000000000000005e+19 1.000000000000005e+19 1.000000000000005e+19 1.000000000000005e+19 1.000000000000005e+19 1.000000000000005e+19
 1.000000000000005e+19 1.000000000000005e+19 1.000000000000005e+19 1.000000000000005e+19 1.000000000000005e+19 1.000000000000005e+19 1.000000000000005e+19 1.000000000000005e+19 1.000000000000005e+19 1.000000000000005e+19
 1.000000000000005e+19 1.000000000000005e+19 1.000000000000005e+19 1.000000000000005e+19 1.000000000000005e+19 1.000000000000005e+19 1.000000000000005e+19 1.000000000000005e+19 1.000000000000005e+19 1.000000000000005e+19
 1.000000000000005e+19 1.000000000000005e+19 1.000000000000005e+19 1.000000000000005e+19 1.000000000000005e+19 1.000000000000005e+19 1.000000000000005e+19 1.000000000000005e+19 1.000000000000005e+19 1.000000000000005e+19
 1.000000000000005e+19 1.000000000000005e+19 1.000000000000005e+19 1.000000000000005e+19 1.000000000000005e+19 1.000000000000005e+19 1.000000000000005e+19 1.000000000000005e+19 1.000000000000005e+19 1.000000000000005e+19
 1.000000000000005e+19 1.000000000000005e+19 1.000000000000005e+19 1.000000000000005e+19 1.000000000000005e+19 1.000000000000005e+19 1.000000000000005e+19 1.000000000000005e+19 1.000000000000005e+19 1.000000000000005e+19
 1.000000000000005e+19 1.000000000000005e+19 1.000000000000005e+19 1.000000000000005e+19 1.000000000000005e+19 1.000000000000005e+19 1.000000000000005e+19 1.000000000000005e+19 1.000000000000005e+19 1.000000000000005e+19
 1.000000000000005e+19 1.000000000000005e+19 1.000000000000005e+19 1.000000000000005e+19 1.000000000000005e+19 1.000000000000005e+19 1.000000000000005e+19 1.000000000000005e+19 1.000000000000005e+19 1.000000000000005e+19
 1.000000000000005e+19 1.000000000000005e+19 1.000000000000005e+19 1.000000000000005e+19 1.000000000000005e+19 1.000000000000005e+19 1.000000000000005e+19 1.000000000000005e+19 1.000000000000005e+19 1.000000000000005e+19
 1.000000000000005e+19 1.000000000000005e+19 1.000000000000005e+19 1.000000000000005e+19 1.000000000000005e+19 1.000000000000005e+19 1.000000000000005e+19 1.000000000000005e+19 1.000000000000005e+19 1.000000000000005e+19
 1.000000000000005e+19 1.000000000000005e+19 1.000000000000005e+19 1.000000000000005e+19 1.000000000000005e+19 1.000000000000005e+19 1.000000000000005e+19 1.000000000000005e+19 1.000000000000005e+19 1.000000000000005e+19
 1.000000000000005e+19 1.000000000000005e+19 1.000000000000005e+19 1.000000000000005e+19 1.000000000000005e+19 1.000000000000005e+19 1.000000000000005e+19 1.000000000000005e+19 1.000000000000005e+19 1.000000000000005e+19
 1.000000000000005e+19 1.000000000000005e+19 1.000000000000005e+19 1.000000000000005e+19 1.000000000000005e+19 1.000000000000005e+19 1.000000000000005e+19 1.000000000000005e+19 1.000000000000005e+19 1.000000000000005e+19
 1.000000000000005e+19 1.000000000000005e+19 1.000000000000005e+19 1.000000000000005e+19 1.000000000000005e+19 1.000000000000005e+19 1.000000000000005e+19 1.000000000000005e+19 1.000000000000005e+19 1.000000000000005e+19
 1.000000000000005e+19 1.000000000000005e+19 1.000000000000005e+19 1.000000000000005e+19 1.000000000000005e+19 1.000000000000005e+19 1.000000000000005e+19 1.000000000000005e+19 1.000000000000005e+19 1.000000000000005e+19
 1.000000000000005e+19 1.000000000000005e+19 1.000000000000005e+19 1.000000000000005e+19 1.000000000000005e+19 1.000000000000005e+19 1.000000000000005e+19 1.000000000000005e+19 1.000000000000005e+19 1.000000000000005e+19
 1.000000000000005e+19 1.000000000000005e+19 1.000000000000005e+19 1.000000000000005e+19 1.000000000000005e+19 1.000000000000005e+19 1.000000000000005e+19 1.000000000000005e+19 1.000000000000005e+19 1.000000000000005e+19
 1.000000000000005e+19 1.000000000000005e+19 1.000000000000005e+19 1.000000000000005e+19 1.000000000000005e+19 1.000000000000005e+19 1.000000000000005e+19 1.000000000000005e+19 1.000000000000005e+19 1.000000000000005e+19
 1.000000000000005e+19 1.000000000000005e+19 1.000000000000005e+19 1.000000000000005e+19 1.000000000000005e+19 1.000000000000005e+19 1.000000000000005e+19 1.000000000000005e+19 1.000000000000005e+19 1.000000000000005e+19
 1.000000000000005e+19 1.000000000000005e+19 1.000000000000005e+19 1.000000000000005e+19 1.000000000000005e+19 1.000000000000005e+19 1.000000000000005e+19 1.000000000000005e+19 1.000000000000005e+19 1.000000000000005e+19
 1.000000000000005e+19 1.000000000000005e+19 1.000000000000005e+19 1.000000000000005e+19 1.000000000000005e+19 1.000000000000005e+19 1.000000000000005e+19 1.000000000000005e+19 1.000000000000005e+19 1.000000000000005e+19
 1.000000000000005e+19 1.000000000000005e+19 1.000000000000005e+19 1.000000000000005e+19 1.000000000000005e+19 1.000000000000005e+19 1.000000000000005e+19 1.000000000000005e+19 1.000000000000005e+19 1.000000000000005e+19
 1.000000000000005e+19 1.000000000000005e+19 1.000000000000005e+19 1.000000000000005e+19 1.000000000000005e+19 1.000000000000005e+19 1.000000000000005e+19 1.000000000000005e+19 1.000000000000005e+19 1.000000000000005e+19
 1.000000000000005e+19 1.000000000000005e+19 1.000000000000005e+19 1.000000000000005e+19 1.000000000000005e+19 1.000000000000005e+19 1.000000000000005e+19 1.000000000000005e+19 1.000000000000005e+19 1.000000000000005e+19
 1.000000000000005e+19 1.000000000000005e+19 1.000000000000005e+19 1.000000000000005e+19 1.000000000000005e+19 1.000000000000005e+19 1.000000000000005e+19 1.000000000000005e+19 1.000000000000005e+19 1.000000000000005e+19
 1.000000000000005e+19 1.000000000000005e+19 1.000000000000005e+19 1.000000000000005e+19 1.000000000000005e+19 1.000000000000005e+19 1.000000000000005e+19 1.000000000000005e+19 1.000000000000005e+19 1.000000000000005e+19
 1.000000000000005e+19 1.000000000000005e+19 1.000000000000005e+19 1.000000000000005e+19 1.000000000000005e+19 1.000000000000005e+19 1.000000000000005e+19 1.000000000000005e+19 1.000000000000005e+19 1.000000000000005e+19
 1.000000000000005e+19 1.000000000000005e+19 1.000000000000005e+19 1.000000000000005e+19 1.000000000000005e+19 1.000000000000005e+19 1.000000000000005e+19 1.000000000000005e+19 1.000000000000005e+19 1.000000000000005e+19
 1.000000000000005e+19 1.000000000000005e+19 1.000000000000005e+19 1.000000000000005e+19 1.000000000000005e+19 1.000000000000005e+19 1.000000000000005e+19 1.000000000000005e+19 1.000000000000005e+19 1.000000000000005e+19
 1.000000000000005e+19 1.000000000000005e+19 1.000000000000005e+19 1.000000000000005e+19 1.000000000000005e+19 1.000000000000005e+19 1.000000000000005e+19 1.000000000000005e+19 1.000000000000005e+19 1.000000000000005e+19
 1.000000000000005e+19 1.000000000000005e+19 1.000000000000005e+19 1.000000000000005e+19 1.000000000000005e+19 1.000000000000005e+19 1.000000000000005e+19 1.000000000000005e+19 1.000000000000005e+19 1.000000000000005e+19
 1.000000000000005e+19 1.000000000000005e+19 1.000000000000005e+19 1.000000000000005e+19 1.000000000000005e+19 1.000000000000005e+19 1.000000000000005e+19 1.000000000000005e+19 1.000000000000005e+19 1.000000000000005e+19
 1.000000000000005e+19 1.000000000000005e+19 1.000000000000005e+19 1.000000000000005e+19 1.000000000000005e+19 1.000000000000005e+19 1.000000000000005e+19 1.000000000000005e+19 1.000000000000005e+19 1.000000000000005e+19
 1.000000000000005e+19 1.000000000000005e+19 1.000000000000005e+19 1.000000000000005e+19 1.000000000000005e+19 1.000000000000005e+19 1.000000000000005e+19 1.000000000000005e+19 1.000000000000005e+19 1.000000000000005e+19
 1.000000000000005e+19 1.000000000000005e+19 1.000000000000005e+19 1.000000000000005e+19 1.000000000000005e+19 1.000000000000005e+19 1.000000000000005e+19 1.000000000000005e+19 1.000000000000005e+19 1.000000000000005e+19
 1.000000000000005e+19 1.000000000000005e+19 1.000000000000005e+19 1.000000000000005e+19 1.000000000000005e+19 1.000000000000005e+19 1.000000000000005e+19 1.000000000000005e+19 1.000000000000005e+19 1.000000000000005e+19
 1.000000000000005e+19 1.000000000000005e+19 1.000000000000005e+19 1.000000000000005e+19 1.000000000000005e+19 1.000000000000005e+19 1.000000000000005e+19 1.000000000000005e+19 1.000000000000005e+19 1.000000000000005e+19
 1.000000000000005e+19 1.000000000000005e+19 1.000000000000005e+19 1.000000000000005e+19 1.000000000000005e+19 1.000000000000005e+19 1.000000000000005e+19 1.000000000000005e+19 1.000000000000005e+19 1.000000000000005e+19
 1.000000000000005e+19 1.000000000000005e+19 1.000000000000005e+19 1.000000000000005e+19 1.000000000000005e+19 1.000000000000005e+19 1.000000000000005e+19 1.000000000000005e+19 1.000000000000005e+19 1.000000000000005e+19
 1.000000000000005e+19 1.000000000000005e+19 1.000000000000005e+19 1.000000000000005e+19 1.000000000000005e+19 1.000000000000005e+19 1.000000000000005e+19 1.000000000000005e+19 1.000000000000005e+19 1.000000000000005e+19
 1.000000000000005e+19 1.000000000000005e+19 1.000000000000005e+19 1.000000000000005e+19 1.000000000000005e+19 1.000000000000005e+19 1.000000000000005e+19 1.000000000000005e+19 1.000000000000005e+19 1.000000000000005e+19
 1.000000000000005e+19 1.000000000000005e+19 1.000000000000005e+19 1.000000000000005e+19 1.000000000000005e+19 1.000000000000005e+19 1.000000000000005e+19 1.000000000000005e+19 1.000000000000005e+19 1.000000000000005e+19
 1.000000000000005e+19 1.000000000000005e+19 1.000000000000005e+19 1.000000000000005e+19 1.000000000000005e+19 1.000000000000005e+19 1.000000000000005e+19 1.000000000000005e+19 1.000000000000005e+19 1.000000000000005e+19
 1.000000000000005e+19 1.000000000000005e+19 1.000000000000005e+19 1.000000000000005e+19 1.000000000000005e+19 1.000000000000005e+19 1.000000000000005e+19 1.000000000000005e+19 1.000000000000005e+19 1.000000000000005e+19
 1.000000000000005e+19 1.000000000000005e+19 1.000000000000005e+19 1.000000000000005e+19 1.000000000000005e+19 1.000000000000005e+19 1.000000000000005e+19 1.000000000000005e+19 1.000000000000005e+19 1.000000000000005e+19
 1.000000000000005e+19 1.000000000000005e+19 1.000000000000005e+19 1.000000000000005e+19 1.000000000000005e+19 1.000000000000005e+19 1.000000000000005e+19 1.000000000000005e+19 1.000000000000005e+19 1.000000000000005e+19
 1.000000000000005e+19 1.000000000000005e+19 1.000000000000005e+19 1.000000000000005e+19 1.000000000000005e+19 1.000000000000005e+19 1.000000000000005e+19 1.000000000000005e+19 1.000000000000005e+19 1.000000000000005e+19
 1.000000000000005e+19 1.000000000000005e+19 1.000000000000005e+19 1.000000000000005e+19 1.000000000000005e+19 1.000000000000005e+19 1.000000000000005e+19 1.000000000000005e+19 1.000000000000005e+19 1.000000000000005e+19
 1.000000000000005e+19 1.000000000000005e+19 1.000000000000005e+19 1.000000000000005e+19 1.000000000000005e+19 1.000000000000005e+19 1.000000000000005e+19 1.000000000000005e+19 1.000000000000005e+19 1.000000000000005e+19
 1.000000000000005e+19 1.000000000000005e+19 1.000000000000005e+19 1.000000000000005e+19 1.000000000000005e+19 1.000000000000005e+19 1.000000000000005e+19 1.000000000000005e+19 1.000000000000005e+19 1.000000000000005e+19
 1.000000000000005e+19 1.000000000000005e+19 1.000000000000005e+19 1.000000000000005e+19 1.000000000000005e+19 1.000000000000005e+19 1.000000000000005e+19 1.000000000000005e+19 1.000000000000005e+19 1.000000000000005e+19
 1.000000000000005e+19 1.000000000000005e+19 1.000000000000005e+19 1.000000000000005e+19 1.000000000000005e+19 1.000000000000005e+19 1.000000000000005e+19 1.000000000000005e+19 1.000000000000005e+19 1.000000000000005e+19
 1.000000000000005e+19 1.000000000000005e+19 1.000000000000005e+19 1.000000000000005e+19 1.000000000000005e+19 1.000000000000005e+19 1.000000000000005e+19 1.000000000000005e+19 1.000000000000005e+19 1.000000000000005e+19
 1.000000000000005e+19 1.000000000000005e+19 1.000000000000005e+19 1.000000000000005e+19 1.000000000000005e+19 1.000000000000005e+19 1.000000000000005e+19 1.000000000000005e+19 1.000000000000005e+19 1.000000000000005e+19
 1.000000000000005e+19 1.000000000000005e+19 1.000000000000005e+19 1.000000000000005e+19 1.000000000000005e+19 1.000000000000005e+19 1.000000000000005e+19 1.000000000000005e+19 1.000000000000005e+19 1.000000000000005e+19
 1.000000000000005e+19 1.000000000000005e+19 1.000000000000005e+19 1.000000000000005e+19 1.000000000000005e+19 1.000000000000005e+19 1.000000000000005e+19 1.000000000000005e+19 1.000000000000005e+19 1.000000000000005e+19
 1.000000000000005e+19 1.000000000000005e+19 1.000000000000005e+19 1.000000000000005e+19 1.000000000000005e+19 1.000000000000005e+19 1.000000000000005e+19 1.000000000000005e+19 1.000000000000005e+19 1.000000000000005e+19
 1.000000000000005e+19 1.000000000000005e+19 1.000000000000005e+19 1.000000000000005e+19 1.000000000000005e+19 1.000000000000005e+19 1.000000000000005e+19 1.000000000000005e+19 1.000000000000005e+19 1.000000000000005e+19
 1.000000000000005e+19 1.000000000000005e+19 1.000000000000005e+19 1.000000000000005e+19 1.000000000000005e+19 1.000000000000005e+19 1.000000000000005e+19 1.000000000000005e+19 1.000000000000005e+19 1.000000000000005e+19
 1.000000000000005e+19 1.000000000000005e+19 1.000000000000005e+19 1.000000000000005e+19 1.000000000000005e+19 1.000000000000005e+19 1.000000000000005e+19 1.000000000000005e+19 1.000000000000005e+19 1.000000000000005e+19
 1.000000000000005e+19 1.000000000000005e+19 1.000000000000005e+19 1.000000000000005e+19 1.000000000000005e+19 1.000000000000005e+19 1.000000000000005e+19 1.000000000000005e+19 1.000000000000005e+19 1.000000000000005e+19
 1.000000000000005e+19 1.000000000000005e+19 1.000000000000005e+19 1.000000000000005e+19 1.000000000000005e+19 1.000000000000005e+19 1.000000000000005e+19 1.000000000000005e+19 1.000000000000005e+19 1.000000000000005e+19
 1.000000000000005e+19 1.000000000000005e+19 1.000000000000005e+19 1.000000000000005e+19 1.000000000000005e+19 1.000000000000005e+19 1.000000000000005e+19 1.000000000000005e+19 1.000000000000005e+19 1.000000000000005e+19
 1.000000000000005e+19 1.000000000000005e+19 1.000000000000005e+19 1.000000000000005e+19 1.000000000000005e+19 1.000000000000005e+19 1.000000000000005e+19 1.000000000000005e+19 1.000000000000005e+19 1.000000000000005e+19
 1.000000000000005e+19 1.000000000000005e+19 1.000000000000005e+19 1.000000000000005e+19 1.000000000000005e+19 1.000000000000005e+19 1.000000000000005e+19 1.000000000000005e+19 1.000000000000005e+19 1.000000000000005e+19
 1.000000000000005e+19 1.000000000000005e+19 1.000000000000005e+19 1.000000000000005e+19 1.000000000000005e+19 1.000000000000005e+19 1.000000000000005e+19 1.000000000000005e+19 1.000000000000005e+19 1.000000000000005e+19
 1.000000000000005e+19 1.000000000000005e+19 1.000000000000005e+19 1.000000000000005e+19 1.000000000000005e+19 1.000000000000005e+19 1.000000000000005e+19 1.000000000000005e+19 1.000000000000005e+19 1.000000000000005e+19
 1.000000000000005e+19 1.000000000000005e+19 1.000000000000005e+19 1.000000000000005e+19 1.000000000000005e+19 1.000000000000005e+19 1.000000000000005e+19 1.000000000000005e+19 1.000000000000005e+19 1.000000000000005e+19
 1.000000000000005e+19 1.000000000000005e+19 1.000000000000005e+19 1.000000000000005e+19 1.000000000000005e+19 1.000000000000005e+19 1.000000000000005e+19 1.000000000000005e+19 1.000000000000005e+19 1.000000000000005e+19
 1.000000000000005e+19 1.000000000000005e+19 1.000000000000005e+19 1.000000000000005e+19 1.000000000000005e+19 1.000000000000005e+19 1.000000000000005e+19 1.000000000000005e+19 1.000000000000005e+19 1.000000000000005e+19
 1.000000000000005e+19 1.000000000000005e+19 1.000000000000005e+19 1.000000000000005e+19 1.000000000000005e+19 1.000000000000005e+19 1.000000000000005e+19 1.000000000000005e+19 1.000000000000005e+19 1.000000000000005e+19
 1.000000000000005e+19 1.000000000000005e+19 1.000000000000005e+19 1.000000000000005e+19 1.000000000000005e+19 1.000000000000005e+19 1.000000000000005e+19 1.000000000000005e+19 1.000000000000005e+19 1.000000000000005e+19
 1.000000000000005e+19 1.000000000000005e+19 1.000000000000005e+19 1.000000000000005e+19 1.000000000000005e+19 1.000000000000005e+19 1.000000000000005e+19 1.000000000000005e+19 1.000000000000005e+19 1.000000000000005e+19
 1.000000000000005e+19 1.000000000000005e+19 1.000000000000005e+19 1.000000000000005e+19 1.000000000000005e+19 1.000000000000005e+19 1.000000000000005e+19 1.000000000000005e+19 1.000000000000005e+19 1.000000000000005e+19
 1.000000000000005e+19 1.000000000000005e+19 1.000000000000005e+19 1.000000000000005e+19 1.000000000000005e+19 1.000000000000005e+19 1.000000000000005e+19 1.000000000000005e+19 1.000000000000005e+19 1.000000000000005e+19
 1.000000000000005e+19 1.000000000000005e+19 1.000000000000005e+19 1.000000000000005e+19 1.000000000000005e+19 1.000000000000005e+19 1.000000000000005e+19 1.000000000000005e+19 1.000000000000005e+19 1.000000000000005e+19
 1.000000000000005e+19 1.000000000000005e+19 1.000000000000005e+19 1.000000000000005e+19 1.000000000000005e+19 1.000000000000005e+19 1.000000000000005e+19 1.000000000000005e+19 1.000000000000005e+19 1.000000000000005e+19
 1.000000000000005e+19 1.000000000000005e+19 1.000000000000005e+19 1.000000000000005e+19 1.000000000000005e+19 1.000000000000005e+19 1.000000000000005e+19 1.000000000000005e+19 1.000000000000005e+19 1.000000000000005e+19
 1.000000000000005e+19 1.000000000000005e+19 1.000000000000005e+19 1.000000000000005e+19 1.000000000000005e+19 1.000000000000005e+19 1.000000000000005e+19 1.000000000000005e+19 1.000000000000005e+19 1.000000000000005e+19
 1.000000000000005e+19 1.000000000000005e+19 1.000000000000005e+19 1.000000000000005e+19 1.000000000000005e+19 1.000000000000005e+19 1.000000000000005e+19 1.000000000000005e+19 1.000000000000005e+19 1.000000000000005e+19
 1.000000000000005e+19 1.000000000000005e+19 1.000000000000005e+19 1.000000000000005e+19 1.000000000000005e+19 1.000000000000005e+19 1.000000000000005e+19 1.000000000000005e+19 1.000000000000005e+19 1.000000000000005e+19
 1.000000000000005e+19 1.000000000000005e+19 1.000000000000005e+19 1.000000000000005e+19 1.000000000000005e+19 1.000000000000005e+19 1.000000000000005e+19 1.000000000000005e+19 1.000000000000005e+19 1.000000000000005e+19
 1.000000000000005e+19 1.000000000000005e+19 1.000000000000005e+19 1.000000000000005e+19 1.000000000000005e+19 1.000000000000005e+19 1.000000000000005e+19 1.000000000000005e+19 1.000000000000005e+19 1.000000000000005e+19
 1.000000000000005e+19 1.000000000000005e+19 1.000000000000005e+19 1.000000000000005e+19 1.000000000000005e+19 1.000000000000005e+19 1.000000000000005e+19 1.000000000000005e+19 1.000000000000005e+19 1.000000000000005e+19
 1.000000000000005e+19 1.000000000000005e+19 1.000000000000005e+19 1.000000000000005e+19 1.000000000000005e+19 1.000000000000005e+19 1.000000000000005e+19 1.000000000000005e+19 1.000000000000005e+19 1.000000000000005e+19
 1.000000000000005e+19 1.000000000000005e+19 1.000000000000005e+19 1.000000000000005e+19 1.000000000000005e+19 1.000000000000005e+19 1.000000000000005e+19 1.000000000000005e+19 1.000000000000005e+19 1.000000000000005e+19
 1.000000000000005e+19 1.000000000000005e+19 1.000000000000005e+19 1.000000000000005e+19 1.000000000000005e+19 1.000000000000005e+19 1.000000000000005e+19 1.000000000000005e+19 1.000000000000005e+19 1.000000000000005e+19
 1.000000000000005e+19 1.000000000000005e+19 1.000000000000005e+19 1.000000000000005e+19 1.000000000000005e+19 1.000000000000005e+19 1.000000000000005e+19 1.000000000000005e+19 1.000000000000005e+19 1.000000000000005e+19
 1.000000000000005e+19 1.000000000000005e+19 1.000000000000005e+19 1.000000000000005e+19 1.000000000000005e+19 1.000000000000005e+19 1.000000000000005e+19 1.000000000000005e+19 1.000000000000005e+19 1.000000000000005e+19
 1.000000000000005e+19 1.000000000000005e+19 1.000000000000005e+19 1.000000000000005e+19 1.000000000000005e+19 1.000000000000005e+19 1.000000000000005e+19 1.000000000000005e+19 1.000000000000005e+19 1.000000000000005e+19
 1.000000000000005e+19 1.000000000000005e+19 1.000000000000005e+19 1.000000000000005e+19 1.000000000000005e+19 1.000000000000005e+19 1.000000000000005e+19 1.000000000000005e+19 1.000000000000005e+19 1.000000000000005e+19
 1.000000000000005e+19 1.000000000000005e+19 1.000000000000005e+19 1.000000000000005e+19 1.000000000000005e+19 1.000000000000005e+19 1.000000000000005e+19 1.000000000000005e+19 1.000000000000005e+19 1.000000000000005e+19
 1.000000000000005e+19 1.000000000000005e+19 1.000000000000005e+19 1.000000000000005e+19 1.000000000000005e+19 1.000000000000005e+19 1.000000000000005e+19 1.000000000000005e+19 1.000000000000005e+19 1.000000000000005e+19
 1.000000000000005e+19 1.000000000000005e+19 1.000000000000005e+19 1.000000000000005e+19 1.000000000000005e+19 1.000000000000005e+19 1.000000000000005e+19 1.000000000000005e+19 1.000000000000005e+19 1.000000000000005e+19
 1.000000000000005e+19 1.000000000000005e+19 1.000000000000005e+19 1.000000000000005e+19 1.000000000000005e+19 1.000000000000005e+19 1.000000000000005e+19 1.000000000000005e+19 1.000000000000005e+19 1.000000000000005e+19
 1.000000000000005e+19 1.000000000000005e+19 1.000000000000005e+19 1.000000000000005e+19 1.000000000000005e+19 1.000000000000005e+19 1.000000000000005e+19 1.000000000000005e+19 1.000000000000005e+19 1.000000000000005e+19
 1.000000000000005e+19 1.000000000000005e+19 1.000000000000005e+19 1.000000000000005e+19 1.000000000000005e+19 1.000000000000005e+19 1.000000000000005e+19 1.000000000000005e+19 1.000000000000005e+19 1.000000000000005e+19
 1.000000000000005e+19 1.000000000000005e+19 1.000000000000005e+19 1.000000000000005e+19 1.000000000000005e+19 1.000000000000005e+19 1.000000000000005e+19 1.000000000000005e+19 1.000000000000005e+19 1.000000000000005e+19
 1.000000000000005e+19 1.000000000000005e+19 1.000000000000005e+19 1.000000000000005e+19 1.000000000000005e+19 1.000000000000005e+19 1.000000000000005e+19 1.000000000000005e+19 1.000000000000005e+19 1.000000000000005e+19
 1.000000000000005e+19 1.000000000000005e+19 1.000000000000005e+19 1.000000000000005e+19 1.000000000000005e+19 1.000000000000005e+19 1.000000000000005e+19 1.000000000000005e+19 1.000000000000005e+19 1.000000000000005e+19
 1.000000000000005e+19 1.000000000000005e+19 1.000000000000005e+19 1.000000000000005e+19 1.000000000000005e+19 1.000000000000005e+19 1.000000000000005e+19 1.000000000000005e+19 1.000000000000005e+19 1.000000000000005e+19
 1.000000000000005e+19 1.000000000000005e+19 1.000000000000005e+19 1.000000000000005e+19 1.000000000000005e+19 1.000000000000005e+19 1.000000000000005e+19 1.000000000000005e+19 1.000000000000005e+19 1.000000000000005e+19

    }
  }

  Dataset ("DopingConcentration") {
    function  = DopingConcentration
    type      = scalar
    dimension = 1
    location  = vertex
    validity  = [ "i_layer" ]
    Values (4420) {
 -9.999994400000018e+18 5.599999999999981e+12 5.599999999999981e+12 -9.999994400000018e+18 5.599999999999981e+12 5.599999999999981e+12 5.599999999999981e+12 5.599999999999981e+12 5.599999999999981e+12 5.599999999999981e+12
 5.599999999999981e+12 5.599999999999981e+12 5.599999999999981e+12 5.599999999999981e+12 5.599999999999981e+12 5.599999999999981e+12 5.599999999999981e+12 5.599999999999981e+12 5.599999999999981e+12 5.599999999999981e+12
 5.599999999999981e+12 5.599999999999981e+12 5.599999999999981e+12 5.599999999999981e+12 5.599999999999981e+12 5.599999999999981e+12 5.599999999999981e+12 5.599999999999981e+12 5.599999999999981e+12 5.599999999999981e+12
 5.599999999999981e+12 5.599999999999981e+12 5.599999999999981e+12 5.599999999999981e+12 5.599999999999981e+12 5.599999999999981e+12 5.599999999999981e+12 5.599999999999981e+12 5.599999999999981e+12 5.599999999999981e+12
 5.599999999999981e+12 5.599999999999981e+12 5.599999999999981e+12 5.599999999999981e+12 5.599999999999981e+12 5.599999999999981e+12 5.599999999999981e+12 5.599999999999981e+12 5.599999999999981e+12 5.599999999999981e+12
 5.599999999999981e+12 5.599999999999981e+12 5.599999999999981e+12 5.599999999999981e+12 5.599999999999981e+12 5.599999999999981e+12 5.599999999999981e+12 5.599999999999981e+12 5.599999999999981e+12 5.599999999999981e+12
 5.599999999999981e+12 5.599999999999981e+12 5.599999999999981e+12 5.599999999999981e+12 5.599999999999981e+12 5.599999999999981e+12 5.599999999999981e+12 5.599999999999981e+12 5.599999999999981e+12 5.599999999999981e+12
 5.599999999999981e+12 5.599999999999981e+12 5.599999999999981e+12 5.599999999999981e+12 5.599999999999981e+12 5.599999999999981e+12 5.599999999999981e+12 5.599999999999981e+12 5.599999999999981e+12 5.599999999999981e+12
 5.599999999999981e+12 5.599999999999981e+12 5.599999999999981e+12 5.599999999999981e+12 5.599999999999981e+12 5.599999999999981e+12 5.599999999999981e+12 5.599999999999981e+12 5.599999999999981e+12 5.599999999999981e+12
 5.599999999999981e+12 5.599999999999981e+12 5.599999999999981e+12 5.599999999999981e+12 5.599999999999981e+12 5.599999999999981e+12 5.599999999999981e+12 5.599999999999981e+12 5.599999999999981e+12 5.599999999999981e+12
 5.599999999999981e+12 5.599999999999981e+12 5.599999999999981e+12 5.599999999999981e+12 -9.999994400000018e+18 5.599999999999981e+12 -9.999994400000018e+18 5.599999999999981e+12 5.599999999999981e+12 5.599999999999981e+12
 5.599999999999981e+12 5.599999999999981e+12 5.599999999999981e+12 5.599999999999981e+12 5.599999999999981e+12 5.599999999999981e+12 5.599999999999981e+12 5.599999999999981e+12 5.599999999999981e+12 5.599999999999981e+12
 5.599999999999981e+12 5.599999999999981e+12 5.599999999999981e+12 5.599999999999981e+12 5.599999999999981e+12 5.599999999999981e+12 5.599999999999981e+12 5.599999999999981e+12 5.599999999999981e+12 5.599999999999981e+12
 5.599999999999981e+12 5.599999999999981e+12 5.599999999999981e+12 5.599999999999981e+12 5.599999999999981e+12 5.599999999999981e+12 5.599999999999981e+12 5.599999999999981e+12 5.599999999999981e+12 5.599999999999981e+12
 5.599999999999981e+12 5.599999999999981e+12 5.599999999999981e+12 5.599999999999981e+12 5.599999999999981e+12 5.599999999999981e+12 5.599999999999981e+12 5.599999999999981e+12 5.599999999999981e+12 5.599999999999981e+12
 5.599999999999981e+12 5.599999999999981e+12 5.599999999999981e+12 5.599999999999981e+12 5.599999999999981e+12 5.599999999999981e+12 5.599999999999981e+12 5.599999999999981e+12 5.599999999999981e+12 5.599999999999981e+12
 5.599999999999981e+12 5.599999999999981e+12 5.599999999999981e+12 5.599999999999981e+12 5.599999999999981e+12 5.599999999999981e+12 5.599999999999981e+12 5.599999999999981e+12 5.599999999999981e+12 5.599999999999981e+12
 5.599999999999981e+12 5.599999999999981e+12 5.599999999999981e+12 5.599999999999981e+12 -9.999994400000018e+18 5.599999999999981e+12 -9.999994400000018e+18 5.599999999999981e+12 5.599999999999981e+12 5.599999999999981e+12
 5.599999999999981e+12 5.599999999999981e+12 5.599999999999981e+12 5.599999999999981e+12 5.599999999999981e+12 5.599999999999981e+12 5.599999999999981e+12 5.599999999999981e+12 5.599999999999981e+12 5.599999999999981e+12
 5.599999999999981e+12 5.599999999999981e+12 5.599999999999981e+12 5.599999999999981e+12 5.599999999999981e+12 5.599999999999981e+12 5.599999999999981e+12 5.599999999999981e+12 5.599999999999981e+12 5.599999999999981e+12
 5.599999999999981e+12 5.599999999999981e+12 5.599999999999981e+12 5.599999999999981e+12 5.599999999999981e+12 5.599999999999981e+12 5.599999999999981e+12 5.599999999999981e+12 5.599999999999981e+12 5.599999999999981e+12
 5.599999999999981e+12 5.599999999999981e+12 5.599999999999981e+12 5.599999999999981e+12 5.599999999999981e+12 5.599999999999981e+12 5.599999999999981e+12 5.599999999999981e+12 5.599999999999981e+12 5.599999999999981e+12
 5.599999999999981e+12 5.599999999999981e+12 5.599999999999981e+12 5.599999999999981e+12 5.599999999999981e+12 5.599999999999981e+12 5.599999999999981e+12 5.599999999999981e+12 5.599999999999981e+12 5.599999999999981e+12
 5.599999999999981e+12 5.599999999999981e+12 5.599999999999981e+12 5.599999999999981e+12 5.599999999999981e+12 5.599999999999981e+12 5.599999999999981e+12 5.599999999999981e+12 5.599999999999981e+12 5.599999999999981e+12
 5.599999999999981e+12 5.599999999999981e+12 5.599999999999981e+12 5.599999999999981e+12 -9.999994400000018e+18 5.599999999999981e+12 -9.999994400000018e+18 5.599999999999981e+12 5.599999999999981e+12 5.599999999999981e+12
 5.599999999999981e+12 5.599999999999981e+12 5.599999999999981e+12 5.599999999999981e+12 5.599999999999981e+12 5.599999999999981e+12 5.599999999999981e+12 5.599999999999981e+12 5.599999999999981e+12 5.599999999999981e+12
 5.599999999999981e+12 5.599999999999981e+12 5.599999999999981e+12 5.599999999999981e+12 5.599999999999981e+12 5.599999999999981e+12 5.599999999999981e+12 5.599999999999981e+12 5.599999999999981e+12 5.599999999999981e+12
 5.599999999999981e+12 5.599999999999981e+12 5.599999999999981e+12 5.599999999999981e+12 5.599999999999981e+12 5.599999999999981e+12 5.599999999999981e+12 5.599999999999981e+12 5.599999999999981e+12 5.599999999999981e+12
 5.599999999999981e+12 5.599999999999981e+12 5.599999999999981e+12 5.599999999999981e+12 5.599999999999981e+12 5.599999999999981e+12 5.599999999999981e+12 5.599999999999981e+12 5.599999999999981e+12 5.599999999999981e+12
 5.599999999999981e+12 5.599999999999981e+12 5.599999999999981e+12 5.599999999999981e+12 5.599999999999981e+12 5.599999999999981e+12 5.599999999999981e+12 5.599999999999981e+12 5.599999999999981e+12 5.599999999999981e+12
 5.599999999999981e+12 5.599999999999981e+12 5.599999999999981e+12 5.599999999999981e+12 5.599999999999981e+12 5.599999999999981e+12 5.599999999999981e+12 5.599999999999981e+12 5.599999999999981e+12 5.599999999999981e+12
 5.599999999999981e+12 5.599999999999981e+12 5.599999999999981e+12 5.599999999999981e+12 -9.999994400000018e+18 5.599999999999981e+12 -9.999994400000018e+18 5.599999999999981e+12 5.599999999999981e+12 5.599999999999981e+12
 5.599999999999981e+12 5.599999999999981e+12 5.599999999999981e+12 5.599999999999981e+12 5.599999999999981e+12 5.599999999999981e+12 5.599999999999981e+12 5.599999999999981e+12 5.599999999999981e+12 5.599999999999981e+12
 5.599999999999981e+12 5.599999999999981e+12 5.599999999999981e+12 5.599999999999981e+12 5.599999999999981e+12 5.599999999999981e+12 5.599999999999981e+12 5.599999999999981e+12 5.599999999999981e+12 5.599999999999981e+12
 5.599999999999981e+12 5.599999999999981e+12 5.599999999999981e+12 5.599999999999981e+12 5.599999999999981e+12 5.599999999999981e+12 5.599999999999981e+12 5.599999999999981e+12 5.599999999999981e+12 5.599999999999981e+12
 5.599999999999981e+12 5.599999999999981e+12 5.599999999999981e+12 5.599999999999981e+12 5.599999999999981e+12 5.599999999999981e+12 5.599999999999981e+12 5.599999999999981e+12 5.599999999999981e+12 5.599999999999981e+12
 5.599999999999981e+12 5.599999999999981e+12 5.599999999999981e+12 5.599999999999981e+12 5.599999999999981e+12 5.599999999999981e+12 5.599999999999981e+12 5.599999999999981e+12 5.599999999999981e+12 5.599999999999981e+12
 5.599999999999981e+12 5.599999999999981e+12 5.599999999999981e+12 5.599999999999981e+12 5.599999999999981e+12 5.599999999999981e+12 5.599999999999981e+12 5.599999999999981e+12 5.599999999999981e+12 5.599999999999981e+12
 5.599999999999981e+12 5.599999999999981e+12 5.599999999999981e+12 5.599999999999981e+12 -9.999994400000018e+18 5.599999999999981e+12 -9.999994400000018e+18 5.599999999999981e+12 5.599999999999981e+12 5.599999999999981e+12
 5.599999999999981e+12 5.599999999999981e+12 5.599999999999981e+12 5.599999999999981e+12 5.599999999999981e+12 5.599999999999981e+12 5.599999999999981e+12 5.599999999999981e+12 5.599999999999981e+12 5.599999999999981e+12
 5.599999999999981e+12 5.599999999999981e+12 5.599999999999981e+12 5.599999999999981e+12 5.599999999999981e+12 5.599999999999981e+12 5.599999999999981e+12 5.599999999999981e+12 5.599999999999981e+12 5.599999999999981e+12
 5.599999999999981e+12 5.599999999999981e+12 5.599999999999981e+12 5.599999999999981e+12 5.599999999999981e+12 5.599999999999981e+12 5.599999999999981e+12 5.599999999999981e+12 5.599999999999981e+12 5.599999999999981e+12
 5.599999999999981e+12 5.599999999999981e+12 5.599999999999981e+12 5.599999999999981e+12 5.599999999999981e+12 5.599999999999981e+12 5.599999999999981e+12 5.599999999999981e+12 5.599999999999981e+12 5.599999999999981e+12
 5.599999999999981e+12 5.599999999999981e+12 5.599999999999981e+12 5.599999999999981e+12 5.599999999999981e+12 5.599999999999981e+12 5.599999999999981e+12 5.599999999999981e+12 5.599999999999981e+12 5.599999999999981e+12
 5.599999999999981e+12 5.599999999999981e+12 5.599999999999981e+12 5.599999999999981e+12 5.599999999999981e+12 5.599999999999981e+12 5.599999999999981e+12 5.599999999999981e+12 5.599999999999981e+12 5.599999999999981e+12
 5.599999999999981e+12 5.599999999999981e+12 5.599999999999981e+12 5.599999999999981e+12 -9.999994400000018e+18 5.599999999999981e+12 -9.999994400000018e+18 5.599999999999981e+12 5.599999999999981e+12 5.599999999999981e+12
 5.599999999999981e+12 5.599999999999981e+12 5.599999999999981e+12 5.599999999999981e+12 5.599999999999981e+12 5.599999999999981e+12 5.599999999999981e+12 5.599999999999981e+12 5.599999999999981e+12 5.599999999999981e+12
 5.599999999999981e+12 5.599999999999981e+12 5.599999999999981e+12 5.599999999999981e+12 5.599999999999981e+12 5.599999999999981e+12 5.599999999999981e+12 5.599999999999981e+12 5.599999999999981e+12 5.599999999999981e+12
 5.599999999999981e+12 5.599999999999981e+12 5.599999999999981e+12 5.599999999999981e+12 5.599999999999981e+12 5.599999999999981e+12 5.599999999999981e+12 5.599999999999981e+12 5.599999999999981e+12 5.599999999999981e+12
 5.599999999999981e+12 5.599999999999981e+12 5.599999999999981e+12 5.599999999999981e+12 5.599999999999981e+12 5.599999999999981e+12 5.599999999999981e+12 5.599999999999981e+12 5.599999999999981e+12 5.599999999999981e+12
 5.599999999999981e+12 5.599999999999981e+12 5.599999999999981e+12 5.599999999999981e+12 5.599999999999981e+12 5.599999999999981e+12 5.599999999999981e+12 5.599999999999981e+12 5.599999999999981e+12 5.599999999999981e+12
 5.599999999999981e+12 5.599999999999981e+12 5.599999999999981e+12 5.599999999999981e+12 5.599999999999981e+12 5.599999999999981e+12 5.599999999999981e+12 5.599999999999981e+12 5.599999999999981e+12 5.599999999999981e+12
 5.599999999999981e+12 5.599999999999981e+12 5.599999999999981e+12 5.599999999999981e+12 -9.999994400000018e+18 5.599999999999981e+12 -9.999994400000018e+18 5.599999999999981e+12 5.599999999999981e+12 5.599999999999981e+12
 5.599999999999981e+12 5.599999999999981e+12 5.599999999999981e+12 5.599999999999981e+12 5.599999999999981e+12 5.599999999999981e+12 5.599999999999981e+12 5.599999999999981e+12 5.599999999999981e+12 5.599999999999981e+12
 5.599999999999981e+12 5.599999999999981e+12 5.599999999999981e+12 5.599999999999981e+12 5.599999999999981e+12 5.599999999999981e+12 5.599999999999981e+12 5.599999999999981e+12 5.599999999999981e+12 5.599999999999981e+12
 5.599999999999981e+12 5.599999999999981e+12 5.599999999999981e+12 5.599999999999981e+12 5.599999999999981e+12 5.599999999999981e+12 5.599999999999981e+12 5.599999999999981e+12 5.599999999999981e+12 5.599999999999981e+12
 5.599999999999981e+12 5.599999999999981e+12 5.599999999999981e+12 5.599999999999981e+12 5.599999999999981e+12 5.599999999999981e+12 5.599999999999981e+12 5.599999999999981e+12 5.599999999999981e+12 5.599999999999981e+12
 5.599999999999981e+12 5.599999999999981e+12 5.599999999999981e+12 5.599999999999981e+12 5.599999999999981e+12 5.599999999999981e+12 5.599999999999981e+12 5.599999999999981e+12 5.599999999999981e+12 5.599999999999981e+12
 5.599999999999981e+12 5.599999999999981e+12 5.599999999999981e+12 5.599999999999981e+12 5.599999999999981e+12 5.599999999999981e+12 5.599999999999981e+12 5.599999999999981e+12 5.599999999999981e+12 5.599999999999981e+12
 5.599999999999981e+12 5.599999999999981e+12 5.599999999999981e+12 5.599999999999981e+12 -9.999994400000018e+18 5.599999999999981e+12 -9.999994400000018e+18 5.599999999999981e+12 5.599999999999981e+12 5.599999999999981e+12
 5.599999999999981e+12 5.599999999999981e+12 5.599999999999981e+12 5.599999999999981e+12 5.599999999999981e+12 5.599999999999981e+12 5.599999999999981e+12 5.599999999999981e+12 5.599999999999981e+12 5.599999999999981e+12
 5.599999999999981e+12 5.599999999999981e+12 5.599999999999981e+12 5.599999999999981e+12 5.599999999999981e+12 5.599999999999981e+12 5.599999999999981e+12 5.599999999999981e+12 5.599999999999981e+12 5.599999999999981e+12
 5.599999999999981e+12 5.599999999999981e+12 5.599999999999981e+12 5.599999999999981e+12 5.599999999999981e+12 5.599999999999981e+12 5.599999999999981e+12 5.599999999999981e+12 5.599999999999981e+12 5.599999999999981e+12
 5.599999999999981e+12 5.599999999999981e+12 5.599999999999981e+12 5.599999999999981e+12 5.599999999999981e+12 5.599999999999981e+12 5.599999999999981e+12 5.599999999999981e+12 5.599999999999981e+12 5.599999999999981e+12
 5.599999999999981e+12 5.599999999999981e+12 5.599999999999981e+12 5.599999999999981e+12 5.599999999999981e+12 5.599999999999981e+12 5.599999999999981e+12 5.599999999999981e+12 5.599999999999981e+12 5.599999999999981e+12
 5.599999999999981e+12 5.599999999999981e+12 5.599999999999981e+12 5.599999999999981e+12 5.599999999999981e+12 5.599999999999981e+12 5.599999999999981e+12 5.599999999999981e+12 5.599999999999981e+12 5.599999999999981e+12
 5.599999999999981e+12 5.599999999999981e+12 5.599999999999981e+12 5.599999999999981e+12 -9.999994400000018e+18 5.599999999999981e+12 -9.999994400000018e+18 5.599999999999981e+12 5.599999999999981e+12 5.599999999999981e+12
 5.599999999999981e+12 5.599999999999981e+12 5.599999999999981e+12 5.599999999999981e+12 5.599999999999981e+12 5.599999999999981e+12 5.599999999999981e+12 5.599999999999981e+12 5.599999999999981e+12 5.599999999999981e+12
 5.599999999999981e+12 5.599999999999981e+12 5.599999999999981e+12 5.599999999999981e+12 5.599999999999981e+12 5.599999999999981e+12 5.599999999999981e+12 5.599999999999981e+12 5.599999999999981e+12 5.599999999999981e+12
 5.599999999999981e+12 5.599999999999981e+12 5.599999999999981e+12 5.599999999999981e+12 5.599999999999981e+12 5.599999999999981e+12 5.599999999999981e+12 5.599999999999981e+12 5.599999999999981e+12 5.599999999999981e+12
 5.599999999999981e+12 5.599999999999981e+12 5.599999999999981e+12 5.599999999999981e+12 5.599999999999981e+12 5.599999999999981e+12 5.599999999999981e+12 5.599999999999981e+12 5.599999999999981e+12 5.599999999999981e+12
 5.599999999999981e+12 5.599999999999981e+12 5.599999999999981e+12 5.599999999999981e+12 5.599999999999981e+12 5.599999999999981e+12 5.599999999999981e+12 5.599999999999981e+12 5.599999999999981e+12 5.599999999999981e+12
 5.599999999999981e+12 5.599999999999981e+12 5.599999999999981e+12 5.599999999999981e+12 5.599999999999981e+12 5.599999999999981e+12 5.599999999999981e+12 5.599999999999981e+12 5.599999999999981e+12 5.599999999999981e+12
 5.599999999999981e+12 5.599999999999981e+12 5.599999999999981e+12 5.599999999999981e+12 -9.999994400000018e+18 5.599999999999981e+12 -9.999994400000018e+18 5.599999999999981e+12 5.599999999999981e+12 5.599999999999981e+12
 5.599999999999981e+12 5.599999999999981e+12 5.599999999999981e+12 5.599999999999981e+12 5.599999999999981e+12 5.599999999999981e+12 5.599999999999981e+12 5.599999999999981e+12 5.599999999999981e+12 5.599999999999981e+12
 5.599999999999981e+12 5.599999999999981e+12 5.599999999999981e+12 5.599999999999981e+12 5.599999999999981e+12 5.599999999999981e+12 5.599999999999981e+12 5.599999999999981e+12 5.599999999999981e+12 5.599999999999981e+12
 5.599999999999981e+12 5.599999999999981e+12 5.599999999999981e+12 5.599999999999981e+12 5.599999999999981e+12 5.599999999999981e+12 5.599999999999981e+12 5.599999999999981e+12 5.599999999999981e+12 5.599999999999981e+12
 5.599999999999981e+12 5.599999999999981e+12 5.599999999999981e+12 5.599999999999981e+12 5.599999999999981e+12 5.599999999999981e+12 5.599999999999981e+12 5.599999999999981e+12 5.599999999999981e+12 5.599999999999981e+12
 5.599999999999981e+12 5.599999999999981e+12 5.599999999999981e+12 5.599999999999981e+12 5.599999999999981e+12 5.599999999999981e+12 5.599999999999981e+12 5.599999999999981e+12 5.599999999999981e+12 5.599999999999981e+12
 5.599999999999981e+12 5.599999999999981e+12 5.599999999999981e+12 5.599999999999981e+12 5.599999999999981e+12 5.599999999999981e+12 5.599999999999981e+12 5.599999999999981e+12 5.599999999999981e+12 5.599999999999981e+12
 5.599999999999981e+12 5.599999999999981e+12 5.599999999999981e+12 5.599999999999981e+12 -9.999994400000018e+18 5.599999999999981e+12 -9.999994400000018e+18 5.599999999999981e+12 5.599999999999981e+12 5.599999999999981e+12
 5.599999999999981e+12 5.599999999999981e+12 5.599999999999981e+12 5.599999999999981e+12 5.599999999999981e+12 5.599999999999981e+12 5.599999999999981e+12 5.599999999999981e+12 5.599999999999981e+12 5.599999999999981e+12
 5.599999999999981e+12 5.599999999999981e+12 5.599999999999981e+12 5.599999999999981e+12 5.599999999999981e+12 5.599999999999981e+12 5.599999999999981e+12 5.599999999999981e+12 5.599999999999981e+12 5.599999999999981e+12
 5.599999999999981e+12 5.599999999999981e+12 5.599999999999981e+12 5.599999999999981e+12 5.599999999999981e+12 5.599999999999981e+12 5.599999999999981e+12 5.599999999999981e+12 5.599999999999981e+12 5.599999999999981e+12
 5.599999999999981e+12 5.599999999999981e+12 5.599999999999981e+12 5.599999999999981e+12 5.599999999999981e+12 5.599999999999981e+12 5.599999999999981e+12 5.599999999999981e+12 5.599999999999981e+12 5.599999999999981e+12
 5.599999999999981e+12 5.599999999999981e+12 5.599999999999981e+12 5.599999999999981e+12 5.599999999999981e+12 5.599999999999981e+12 5.599999999999981e+12 5.599999999999981e+12 5.599999999999981e+12 5.599999999999981e+12
 5.599999999999981e+12 5.599999999999981e+12 5.599999999999981e+12 5.599999999999981e+12 5.599999999999981e+12 5.599999999999981e+12 5.599999999999981e+12 5.599999999999981e+12 5.599999999999981e+12 5.599999999999981e+12
 5.599999999999981e+12 5.599999999999981e+12 5.599999999999981e+12 5.599999999999981e+12 -9.999994400000018e+18 5.599999999999981e+12 -9.999994400000018e+18 5.599999999999981e+12 5.599999999999981e+12 5.599999999999981e+12
 5.599999999999981e+12 5.599999999999981e+12 5.599999999999981e+12 5.599999999999981e+12 5.599999999999981e+12 5.599999999999981e+12 5.599999999999981e+12 5.599999999999981e+12 5.599999999999981e+12 5.599999999999981e+12
 5.599999999999981e+12 5.599999999999981e+12 5.599999999999981e+12 5.599999999999981e+12 5.599999999999981e+12 5.599999999999981e+12 5.599999999999981e+12 5.599999999999981e+12 5.599999999999981e+12 5.599999999999981e+12
 5.599999999999981e+12 5.599999999999981e+12 5.599999999999981e+12 5.599999999999981e+12 5.599999999999981e+12 5.599999999999981e+12 5.599999999999981e+12 5.599999999999981e+12 5.599999999999981e+12 5.599999999999981e+12
 5.599999999999981e+12 5.599999999999981e+12 5.599999999999981e+12 5.599999999999981e+12 5.599999999999981e+12 5.599999999999981e+12 5.599999999999981e+12 5.599999999999981e+12 5.599999999999981e+12 5.599999999999981e+12
 5.599999999999981e+12 5.599999999999981e+12 5.599999999999981e+12 5.599999999999981e+12 5.599999999999981e+12 5.599999999999981e+12 5.599999999999981e+12 5.599999999999981e+12 5.599999999999981e+12 5.599999999999981e+12
 5.599999999999981e+12 5.599999999999981e+12 5.599999999999981e+12 5.599999999999981e+12 5.599999999999981e+12 5.599999999999981e+12 5.599999999999981e+12 5.599999999999981e+12 5.599999999999981e+12 5.599999999999981e+12
 5.599999999999981e+12 5.599999999999981e+12 5.599999999999981e+12 5.599999999999981e+12 -9.999994400000018e+18 5.599999999999981e+12 -9.999994400000018e+18 5.599999999999981e+12 5.599999999999981e+12 5.599999999999981e+12
 5.599999999999981e+12 5.599999999999981e+12 5.599999999999981e+12 5.599999999999981e+12 5.599999999999981e+12 5.599999999999981e+12 5.599999999999981e+12 5.599999999999981e+12 5.599999999999981e+12 5.599999999999981e+12
 5.599999999999981e+12 5.599999999999981e+12 5.599999999999981e+12 5.599999999999981e+12 5.599999999999981e+12 5.599999999999981e+12 5.599999999999981e+12 5.599999999999981e+12 5.599999999999981e+12 5.599999999999981e+12
 5.599999999999981e+12 5.599999999999981e+12 5.599999999999981e+12 5.599999999999981e+12 5.599999999999981e+12 5.599999999999981e+12 5.599999999999981e+12 5.599999999999981e+12 5.599999999999981e+12 5.599999999999981e+12
 5.599999999999981e+12 5.599999999999981e+12 5.599999999999981e+12 5.599999999999981e+12 5.599999999999981e+12 5.599999999999981e+12 5.599999999999981e+12 5.599999999999981e+12 5.599999999999981e+12 5.599999999999981e+12
 5.599999999999981e+12 5.599999999999981e+12 5.599999999999981e+12 5.599999999999981e+12 5.599999999999981e+12 5.599999999999981e+12 5.599999999999981e+12 5.599999999999981e+12 5.599999999999981e+12 5.599999999999981e+12
 5.599999999999981e+12 5.599999999999981e+12 5.599999999999981e+12 5.599999999999981e+12 5.599999999999981e+12 5.599999999999981e+12 5.599999999999981e+12 5.599999999999981e+12 5.599999999999981e+12 5.599999999999981e+12
 5.599999999999981e+12 5.599999999999981e+12 5.599999999999981e+12 5.599999999999981e+12 -9.999994400000018e+18 5.599999999999981e+12 -9.999994400000018e+18 5.599999999999981e+12 5.599999999999981e+12 5.599999999999981e+12
 5.599999999999981e+12 5.599999999999981e+12 5.599999999999981e+12 5.599999999999981e+12 5.599999999999981e+12 5.599999999999981e+12 5.599999999999981e+12 5.599999999999981e+12 5.599999999999981e+12 5.599999999999981e+12
 5.599999999999981e+12 5.599999999999981e+12 5.599999999999981e+12 5.599999999999981e+12 5.599999999999981e+12 5.599999999999981e+12 5.599999999999981e+12 5.599999999999981e+12 5.599999999999981e+12 5.599999999999981e+12
 5.599999999999981e+12 5.599999999999981e+12 5.599999999999981e+12 5.599999999999981e+12 5.599999999999981e+12 5.599999999999981e+12 5.599999999999981e+12 5.599999999999981e+12 5.599999999999981e+12 5.599999999999981e+12
 5.599999999999981e+12 5.599999999999981e+12 5.599999999999981e+12 5.599999999999981e+12 5.599999999999981e+12 5.599999999999981e+12 5.599999999999981e+12 5.599999999999981e+12 5.599999999999981e+12 5.599999999999981e+12
 5.599999999999981e+12 5.599999999999981e+12 5.599999999999981e+12 5.599999999999981e+12 5.599999999999981e+12 5.599999999999981e+12 5.599999999999981e+12 5.599999999999981e+12 5.599999999999981e+12 5.599999999999981e+12
 5.599999999999981e+12 5.599999999999981e+12 5.599999999999981e+12 5.599999999999981e+12 5.599999999999981e+12 5.599999999999981e+12 5.599999999999981e+12 5.599999999999981e+12 5.599999999999981e+12 5.599999999999981e+12
 5.599999999999981e+12 5.599999999999981e+12 5.599999999999981e+12 5.599999999999981e+12 -9.999994400000018e+18 5.599999999999981e+12 -9.999994400000018e+18 5.599999999999981e+12 5.599999999999981e+12 5.599999999999981e+12
 5.599999999999981e+12 5.599999999999981e+12 5.599999999999981e+12 5.599999999999981e+12 5.599999999999981e+12 5.599999999999981e+12 5.599999999999981e+12 5.599999999999981e+12 5.599999999999981e+12 5.599999999999981e+12
 5.599999999999981e+12 5.599999999999981e+12 5.599999999999981e+12 5.599999999999981e+12 5.599999999999981e+12 5.599999999999981e+12 5.599999999999981e+12 5.599999999999981e+12 5.599999999999981e+12 5.599999999999981e+12
 5.599999999999981e+12 5.599999999999981e+12 5.599999999999981e+12 5.599999999999981e+12 5.599999999999981e+12 5.599999999999981e+12 5.599999999999981e+12 5.599999999999981e+12 5.599999999999981e+12 5.599999999999981e+12
 5.599999999999981e+12 5.599999999999981e+12 5.599999999999981e+12 5.599999999999981e+12 5.599999999999981e+12 5.599999999999981e+12 5.599999999999981e+12 5.599999999999981e+12 5.599999999999981e+12 5.599999999999981e+12
 5.599999999999981e+12 5.599999999999981e+12 5.599999999999981e+12 5.599999999999981e+12 5.599999999999981e+12 5.599999999999981e+12 5.599999999999981e+12 5.599999999999981e+12 5.599999999999981e+12 5.599999999999981e+12
 5.599999999999981e+12 5.599999999999981e+12 5.599999999999981e+12 5.599999999999981e+12 5.599999999999981e+12 5.599999999999981e+12 5.599999999999981e+12 5.599999999999981e+12 5.599999999999981e+12 5.599999999999981e+12
 5.599999999999981e+12 5.599999999999981e+12 5.599999999999981e+12 5.599999999999981e+12 5.599999999999981e+12 5.599999999999981e+12 5.599999999999981e+12 5.599999999999981e+12 5.599999999999981e+12 5.599999999999981e+12
 5.599999999999981e+12 5.599999999999981e+12 5.599999999999981e+12 5.599999999999981e+12 5.599999999999981e+12 5.599999999999981e+12 5.599999999999981e+12 5.599999999999981e+12 5.599999999999981e+12 5.599999999999981e+12
 5.599999999999981e+12 5.599999999999981e+12 5.599999999999981e+12 5.599999999999981e+12 5.599999999999981e+12 5.599999999999981e+12 5.599999999999981e+12 5.599999999999981e+12 5.599999999999981e+12 5.599999999999981e+12
 5.599999999999981e+12 5.599999999999981e+12 5.599999999999981e+12 5.599999999999981e+12 5.599999999999981e+12 5.599999999999981e+12 5.599999999999981e+12 5.599999999999981e+12 5.599999999999981e+12 5.599999999999981e+12
 5.599999999999981e+12 5.599999999999981e+12 5.599999999999981e+12 5.599999999999981e+12 5.599999999999981e+12 5.599999999999981e+12 5.599999999999981e+12 5.599999999999981e+12 5.599999999999981e+12 5.599999999999981e+12
 5.599999999999981e+12 5.599999999999981e+12 5.599999999999981e+12 5.599999999999981e+12 5.599999999999981e+12 5.599999999999981e+12 5.599999999999981e+12 5.599999999999981e+12 5.599999999999981e+12 5.599999999999981e+12
 5.599999999999981e+12 5.599999999999981e+12 5.599999999999981e+12 5.599999999999981e+12 5.599999999999981e+12 5.599999999999981e+12 5.599999999999981e+12 5.599999999999981e+12 5.599999999999981e+12 5.599999999999981e+12
 5.599999999999981e+12 5.599999999999981e+12 5.599999999999981e+12 5.599999999999981e+12 5.599999999999981e+12 5.599999999999981e+12 5.599999999999981e+12 5.599999999999981e+12 5.599999999999981e+12 5.599999999999981e+12
 5.599999999999981e+12 5.599999999999981e+12 5.599999999999981e+12 5.599999999999981e+12 5.599999999999981e+12 5.599999999999981e+12 5.599999999999981e+12 5.599999999999981e+12 5.599999999999981e+12 5.599999999999981e+12
 5.599999999999981e+12 5.599999999999981e+12 5.599999999999981e+12 5.599999999999981e+12 5.599999999999981e+12 5.599999999999981e+12 5.599999999999981e+12 5.599999999999981e+12 5.599999999999981e+12 5.599999999999981e+12
 5.599999999999981e+12 5.599999999999981e+12 5.599999999999981e+12 5.599999999999981e+12 5.599999999999981e+12 5.599999999999981e+12 5.599999999999981e+12 5.599999999999981e+12 5.599999999999981e+12 5.599999999999981e+12
 5.599999999999981e+12 5.599999999999981e+12 5.599999999999981e+12 5.599999999999981e+12 5.599999999999981e+12 5.599999999999981e+12 5.599999999999981e+12 5.599999999999981e+12 5.599999999999981e+12 5.599999999999981e+12
 5.599999999999981e+12 5.599999999999981e+12 5.599999999999981e+12 5.599999999999981e+12 5.599999999999981e+12 5.599999999999981e+12 5.599999999999981e+12 5.599999999999981e+12 5.599999999999981e+12 5.599999999999981e+12
 5.599999999999981e+12 5.599999999999981e+12 5.599999999999981e+12 5.599999999999981e+12 5.599999999999981e+12 5.599999999999981e+12 5.599999999999981e+12 5.599999999999981e+12 5.599999999999981e+12 5.599999999999981e+12
 5.599999999999981e+12 5.599999999999981e+12 5.599999999999981e+12 5.599999999999981e+12 5.599999999999981e+12 5.599999999999981e+12 5.599999999999981e+12 5.599999999999981e+12 5.599999999999981e+12 5.599999999999981e+12
 5.599999999999981e+12 5.599999999999981e+12 5.599999999999981e+12 5.599999999999981e+12 5.599999999999981e+12 5.599999999999981e+12 5.599999999999981e+12 5.599999999999981e+12 5.599999999999981e+12 5.599999999999981e+12
 5.599999999999981e+12 5.599999999999981e+12 5.599999999999981e+12 5.599999999999981e+12 5.599999999999981e+12 5.599999999999981e+12 5.599999999999981e+12 5.599999999999981e+12 5.599999999999981e+12 5.599999999999981e+12
 5.599999999999981e+12 5.599999999999981e+12 5.599999999999981e+12 5.599999999999981e+12 5.599999999999981e+12 5.599999999999981e+12 5.599999999999981e+12 5.599999999999981e+12 5.599999999999981e+12 5.599999999999981e+12
 5.599999999999981e+12 5.599999999999981e+12 5.599999999999981e+12 5.599999999999981e+12 5.599999999999981e+12 5.599999999999981e+12 5.599999999999981e+12 5.599999999999981e+12 5.599999999999981e+12 5.599999999999981e+12
 5.599999999999981e+12 5.599999999999981e+12 5.599999999999981e+12 5.599999999999981e+12 5.599999999999981e+12 5.599999999999981e+12 5.599999999999981e+12 5.599999999999981e+12 5.599999999999981e+12 5.599999999999981e+12
 5.599999999999981e+12 5.599999999999981e+12 5.599999999999981e+12 5.599999999999981e+12 5.599999999999981e+12 5.599999999999981e+12 5.599999999999981e+12 5.599999999999981e+12 5.599999999999981e+12 5.599999999999981e+12
 5.599999999999981e+12 5.599999999999981e+12 5.599999999999981e+12 5.599999999999981e+12 5.599999999999981e+12 5.599999999999981e+12 5.599999999999981e+12 5.599999999999981e+12 5.599999999999981e+12 5.599999999999981e+12
 5.599999999999981e+12 5.599999999999981e+12 5.599999999999981e+12 5.599999999999981e+12 5.599999999999981e+12 5.599999999999981e+12 5.599999999999981e+12 5.599999999999981e+12 5.599999999999981e+12 5.599999999999981e+12
 5.599999999999981e+12 5.599999999999981e+12 5.599999999999981e+12 5.599999999999981e+12 5.599999999999981e+12 5.599999999999981e+12 5.599999999999981e+12 5.599999999999981e+12 5.599999999999981e+12 5.599999999999981e+12
 5.599999999999981e+12 5.599999999999981e+12 5.599999999999981e+12 5.599999999999981e+12 5.599999999999981e+12 5.599999999999981e+12 5.599999999999981e+12 5.599999999999981e+12 5.599999999999981e+12 5.599999999999981e+12
 5.599999999999981e+12 5.599999999999981e+12 5.599999999999981e+12 5.599999999999981e+12 5.599999999999981e+12 5.599999999999981e+12 5.599999999999981e+12 5.599999999999981e+12 5.599999999999981e+12 5.599999999999981e+12
 5.599999999999981e+12 5.599999999999981e+12 5.599999999999981e+12 5.599999999999981e+12 5.599999999999981e+12 5.599999999999981e+12 5.599999999999981e+12 5.599999999999981e+12 5.599999999999981e+12 5.599999999999981e+12
 5.599999999999981e+12 5.599999999999981e+12 5.599999999999981e+12 5.599999999999981e+12 5.599999999999981e+12 5.599999999999981e+12 5.599999999999981e+12 5.599999999999981e+12 5.599999999999981e+12 5.599999999999981e+12
 5.599999999999981e+12 5.599999999999981e+12 5.599999999999981e+12 5.599999999999981e+12 5.599999999999981e+12 5.599999999999981e+12 5.599999999999981e+12 5.599999999999981e+12 5.599999999999981e+12 5.599999999999981e+12
 5.599999999999981e+12 5.599999999999981e+12 5.599999999999981e+12 5.599999999999981e+12 5.599999999999981e+12 5.599999999999981e+12 5.599999999999981e+12 5.599999999999981e+12 5.599999999999981e+12 5.599999999999981e+12
 5.599999999999981e+12 5.599999999999981e+12 5.599999999999981e+12 5.599999999999981e+12 5.599999999999981e+12 5.599999999999981e+12 5.599999999999981e+12 5.599999999999981e+12 5.599999999999981e+12 5.599999999999981e+12
 5.599999999999981e+12 5.599999999999981e+12 5.599999999999981e+12 5.599999999999981e+12 5.599999999999981e+12 5.599999999999981e+12 5.599999999999981e+12 5.599999999999981e+12 5.599999999999981e+12 5.599999999999981e+12
 5.599999999999981e+12 5.599999999999981e+12 5.599999999999981e+12 5.599999999999981e+12 5.599999999999981e+12 5.599999999999981e+12 5.599999999999981e+12 5.599999999999981e+12 5.599999999999981e+12 5.599999999999981e+12
 5.599999999999981e+12 5.599999999999981e+12 5.599999999999981e+12 5.599999999999981e+12 5.599999999999981e+12 5.599999999999981e+12 5.599999999999981e+12 5.599999999999981e+12 5.599999999999981e+12 5.599999999999981e+12
 5.599999999999981e+12 5.599999999999981e+12 5.599999999999981e+12 5.599999999999981e+12 5.599999999999981e+12 5.599999999999981e+12 5.599999999999981e+12 5.599999999999981e+12 5.599999999999981e+12 5.599999999999981e+12
 5.599999999999981e+12 5.599999999999981e+12 5.599999999999981e+12 5.599999999999981e+12 5.599999999999981e+12 5.599999999999981e+12 5.599999999999981e+12 5.599999999999981e+12 5.599999999999981e+12 5.599999999999981e+12
 5.599999999999981e+12 5.599999999999981e+12 5.599999999999981e+12 5.599999999999981e+12 5.599999999999981e+12 5.599999999999981e+12 5.599999999999981e+12 5.599999999999981e+12 5.599999999999981e+12 5.599999999999981e+12
 5.599999999999981e+12 5.599999999999981e+12 5.599999999999981e+12 5.599999999999981e+12 5.599999999999981e+12 5.599999999999981e+12 5.599999999999981e+12 5.599999999999981e+12 5.599999999999981e+12 5.599999999999981e+12
 5.599999999999981e+12 5.599999999999981e+12 5.599999999999981e+12 5.599999999999981e+12 5.599999999999981e+12 5.599999999999981e+12 5.599999999999981e+12 5.599999999999981e+12 5.599999999999981e+12 5.599999999999981e+12
 5.599999999999981e+12 5.599999999999981e+12 5.599999999999981e+12 5.599999999999981e+12 5.599999999999981e+12 5.599999999999981e+12 5.599999999999981e+12 5.599999999999981e+12 5.599999999999981e+12 5.599999999999981e+12
 5.599999999999981e+12 5.599999999999981e+12 5.599999999999981e+12 5.599999999999981e+12 5.599999999999981e+12 5.599999999999981e+12 5.599999999999981e+12 5.599999999999981e+12 5.599999999999981e+12 5.599999999999981e+12
 5.599999999999981e+12 5.599999999999981e+12 5.599999999999981e+12 5.599999999999981e+12 5.599999999999981e+12 5.599999999999981e+12 5.599999999999981e+12 5.599999999999981e+12 5.599999999999981e+12 5.599999999999981e+12
 5.599999999999981e+12 5.599999999999981e+12 5.599999999999981e+12 5.599999999999981e+12 5.599999999999981e+12 5.599999999999981e+12 5.599999999999981e+12 5.599999999999981e+12 5.599999999999981e+12 5.599999999999981e+12
 5.599999999999981e+12 5.599999999999981e+12 5.599999999999981e+12 5.599999999999981e+12 5.599999999999981e+12 5.599999999999981e+12 5.599999999999981e+12 5.599999999999981e+12 5.599999999999981e+12 5.599999999999981e+12
 5.599999999999981e+12 5.599999999999981e+12 5.599999999999981e+12 5.599999999999981e+12 5.599999999999981e+12 5.599999999999981e+12 5.599999999999981e+12 5.599999999999981e+12 5.599999999999981e+12 5.599999999999981e+12
 5.599999999999981e+12 5.599999999999981e+12 5.599999999999981e+12 5.599999999999981e+12 5.599999999999981e+12 5.599999999999981e+12 5.599999999999981e+12 5.599999999999981e+12 5.599999999999981e+12 5.599999999999981e+12
 5.599999999999981e+12 5.599999999999981e+12 5.599999999999981e+12 5.599999999999981e+12 5.599999999999981e+12 5.599999999999981e+12 5.599999999999981e+12 5.599999999999981e+12 5.599999999999981e+12 5.599999999999981e+12
 5.599999999999981e+12 5.599999999999981e+12 5.599999999999981e+12 5.599999999999981e+12 5.599999999999981e+12 5.599999999999981e+12 5.599999999999981e+12 5.599999999999981e+12 5.599999999999981e+12 5.599999999999981e+12
 5.599999999999981e+12 5.599999999999981e+12 5.599999999999981e+12 5.599999999999981e+12 5.599999999999981e+12 5.599999999999981e+12 5.599999999999981e+12 5.599999999999981e+12 5.599999999999981e+12 5.599999999999981e+12
 5.599999999999981e+12 5.599999999999981e+12 5.599999999999981e+12 5.599999999999981e+12 5.599999999999981e+12 5.599999999999981e+12 5.599999999999981e+12 5.599999999999981e+12 5.599999999999981e+12 5.599999999999981e+12
 5.599999999999981e+12 5.599999999999981e+12 5.599999999999981e+12 5.599999999999981e+12 5.599999999999981e+12 5.599999999999981e+12 5.599999999999981e+12 5.599999999999981e+12 5.599999999999981e+12 5.599999999999981e+12
 5.599999999999981e+12 5.599999999999981e+12 5.599999999999981e+12 5.599999999999981e+12 5.599999999999981e+12 5.599999999999981e+12 5.599999999999981e+12 5.599999999999981e+12 5.599999999999981e+12 5.599999999999981e+12
 5.599999999999981e+12 5.599999999999981e+12 5.599999999999981e+12 5.599999999999981e+12 5.599999999999981e+12 5.599999999999981e+12 5.599999999999981e+12 5.599999999999981e+12 5.599999999999981e+12 5.599999999999981e+12
 5.599999999999981e+12 5.599999999999981e+12 5.599999999999981e+12 5.599999999999981e+12 5.599999999999981e+12 5.599999999999981e+12 5.599999999999981e+12 5.599999999999981e+12 5.599999999999981e+12 5.599999999999981e+12
 5.599999999999981e+12 5.599999999999981e+12 5.599999999999981e+12 5.599999999999981e+12 5.599999999999981e+12 5.599999999999981e+12 5.599999999999981e+12 5.599999999999981e+12 5.599999999999981e+12 5.599999999999981e+12
 5.599999999999981e+12 5.599999999999981e+12 5.599999999999981e+12 5.599999999999981e+12 5.599999999999981e+12 5.599999999999981e+12 5.599999999999981e+12 5.599999999999981e+12 5.599999999999981e+12 5.599999999999981e+12
 5.599999999999981e+12 5.599999999999981e+12 5.599999999999981e+12 5.599999999999981e+12 5.599999999999981e+12 5.599999999999981e+12 5.599999999999981e+12 5.599999999999981e+12 5.599999999999981e+12 5.599999999999981e+12
 5.599999999999981e+12 5.599999999999981e+12 5.599999999999981e+12 5.599999999999981e+12 5.599999999999981e+12 5.599999999999981e+12 5.599999999999981e+12 5.599999999999981e+12 5.599999999999981e+12 5.599999999999981e+12
 5.599999999999981e+12 5.599999999999981e+12 5.599999999999981e+12 5.599999999999981e+12 5.599999999999981e+12 5.599999999999981e+12 5.599999999999981e+12 5.599999999999981e+12 5.599999999999981e+12 5.599999999999981e+12
 5.599999999999981e+12 5.599999999999981e+12 5.599999999999981e+12 5.599999999999981e+12 5.599999999999981e+12 5.599999999999981e+12 5.599999999999981e+12 5.599999999999981e+12 5.599999999999981e+12 5.599999999999981e+12
 5.599999999999981e+12 5.599999999999981e+12 5.599999999999981e+12 5.599999999999981e+12 5.599999999999981e+12 5.599999999999981e+12 5.599999999999981e+12 5.599999999999981e+12 5.599999999999981e+12 5.599999999999981e+12
 5.599999999999981e+12 5.599999999999981e+12 5.599999999999981e+12 5.599999999999981e+12 5.599999999999981e+12 5.599999999999981e+12 5.599999999999981e+12 5.599999999999981e+12 5.599999999999981e+12 5.599999999999981e+12
 5.599999999999981e+12 5.599999999999981e+12 5.599999999999981e+12 5.599999999999981e+12 5.599999999999981e+12 5.599999999999981e+12 5.599999999999981e+12 5.599999999999981e+12 5.599999999999981e+12 5.599999999999981e+12
 5.599999999999981e+12 5.599999999999981e+12 5.599999999999981e+12 5.599999999999981e+12 5.599999999999981e+12 5.599999999999981e+12 5.599999999999981e+12 5.599999999999981e+12 5.599999999999981e+12 5.599999999999981e+12
 5.599999999999981e+12 5.599999999999981e+12 5.599999999999981e+12 5.599999999999981e+12 5.599999999999981e+12 5.599999999999981e+12 5.599999999999981e+12 5.599999999999981e+12 5.599999999999981e+12 5.599999999999981e+12
 5.599999999999981e+12 5.599999999999981e+12 5.599999999999981e+12 5.599999999999981e+12 5.599999999999981e+12 5.599999999999981e+12 5.599999999999981e+12 5.599999999999981e+12 5.599999999999981e+12 5.599999999999981e+12
 5.599999999999981e+12 5.599999999999981e+12 5.599999999999981e+12 5.599999999999981e+12 5.599999999999981e+12 5.599999999999981e+12 5.599999999999981e+12 5.599999999999981e+12 5.599999999999981e+12 5.599999999999981e+12
 5.599999999999981e+12 5.599999999999981e+12 5.599999999999981e+12 5.599999999999981e+12 5.599999999999981e+12 5.599999999999981e+12 5.599999999999981e+12 5.599999999999981e+12 5.599999999999981e+12 5.599999999999981e+12
 5.599999999999981e+12 5.599999999999981e+12 5.599999999999981e+12 5.599999999999981e+12 5.599999999999981e+12 5.599999999999981e+12 5.599999999999981e+12 5.599999999999981e+12 5.599999999999981e+12 5.599999999999981e+12
 5.599999999999981e+12 5.599999999999981e+12 5.599999999999981e+12 5.599999999999981e+12 5.599999999999981e+12 5.599999999999981e+12 5.599999999999981e+12 5.599999999999981e+12 5.599999999999981e+12 5.599999999999981e+12
 5.599999999999981e+12 5.599999999999981e+12 5.599999999999981e+12 5.599999999999981e+12 5.599999999999981e+12 5.599999999999981e+12 5.599999999999981e+12 5.599999999999981e+12 5.599999999999981e+12 5.599999999999981e+12
 5.599999999999981e+12 5.599999999999981e+12 5.599999999999981e+12 5.599999999999981e+12 5.599999999999981e+12 5.599999999999981e+12 5.599999999999981e+12 5.599999999999981e+12 5.599999999999981e+12 5.599999999999981e+12
 5.599999999999981e+12 5.599999999999981e+12 5.599999999999981e+12 5.599999999999981e+12 5.599999999999981e+12 5.599999999999981e+12 5.599999999999981e+12 5.599999999999981e+12 5.599999999999981e+12 5.599999999999981e+12
 5.599999999999981e+12 5.599999999999981e+12 5.599999999999981e+12 5.599999999999981e+12 5.599999999999981e+12 5.599999999999981e+12 5.599999999999981e+12 5.599999999999981e+12 5.599999999999981e+12 5.599999999999981e+12
 5.599999999999981e+12 5.599999999999981e+12 5.599999999999981e+12 5.599999999999981e+12 5.599999999999981e+12 5.599999999999981e+12 5.599999999999981e+12 5.599999999999981e+12 5.599999999999981e+12 5.599999999999981e+12
 5.599999999999981e+12 5.599999999999981e+12 5.599999999999981e+12 5.599999999999981e+12 5.599999999999981e+12 5.599999999999981e+12 5.599999999999981e+12 5.599999999999981e+12 5.599999999999981e+12 5.599999999999981e+12
 5.599999999999981e+12 5.599999999999981e+12 5.599999999999981e+12 5.599999999999981e+12 5.599999999999981e+12 5.599999999999981e+12 5.599999999999981e+12 5.599999999999981e+12 5.599999999999981e+12 5.599999999999981e+12
 5.599999999999981e+12 5.599999999999981e+12 5.599999999999981e+12 5.599999999999981e+12 5.599999999999981e+12 5.599999999999981e+12 5.599999999999981e+12 5.599999999999981e+12 5.599999999999981e+12 5.599999999999981e+12
 5.599999999999981e+12 5.599999999999981e+12 5.599999999999981e+12 5.599999999999981e+12 5.599999999999981e+12 5.599999999999981e+12 5.599999999999981e+12 5.599999999999981e+12 5.599999999999981e+12 5.599999999999981e+12
 5.599999999999981e+12 5.599999999999981e+12 5.599999999999981e+12 5.599999999999981e+12 5.599999999999981e+12 5.599999999999981e+12 5.599999999999981e+12 5.599999999999981e+12 5.599999999999981e+12 5.599999999999981e+12
 5.599999999999981e+12 5.599999999999981e+12 5.599999999999981e+12 5.599999999999981e+12 5.599999999999981e+12 5.599999999999981e+12 5.599999999999981e+12 5.599999999999981e+12 5.599999999999981e+12 5.599999999999981e+12
 5.599999999999981e+12 5.599999999999981e+12 5.599999999999981e+12 5.599999999999981e+12 5.599999999999981e+12 5.599999999999981e+12 5.599999999999981e+12 5.599999999999981e+12 5.599999999999981e+12 5.599999999999981e+12
 5.599999999999981e+12 5.599999999999981e+12 5.599999999999981e+12 5.599999999999981e+12 5.599999999999981e+12 5.599999999999981e+12 5.599999999999981e+12 5.599999999999981e+12 5.599999999999981e+12 5.599999999999981e+12
 5.599999999999981e+12 5.599999999999981e+12 5.599999999999981e+12 5.599999999999981e+12 5.599999999999981e+12 5.599999999999981e+12 5.599999999999981e+12 5.599999999999981e+12 5.599999999999981e+12 5.599999999999981e+12
 5.599999999999981e+12 5.599999999999981e+12 5.599999999999981e+12 5.599999999999981e+12 5.599999999999981e+12 5.599999999999981e+12 5.599999999999981e+12 5.599999999999981e+12 5.599999999999981e+12 5.599999999999981e+12
 5.599999999999981e+12 5.599999999999981e+12 5.599999999999981e+12 5.599999999999981e+12 5.599999999999981e+12 5.599999999999981e+12 5.599999999999981e+12 5.599999999999981e+12 5.599999999999981e+12 5.599999999999981e+12
 5.599999999999981e+12 5.599999999999981e+12 5.599999999999981e+12 5.599999999999981e+12 5.599999999999981e+12 5.599999999999981e+12 5.599999999999981e+12 5.599999999999981e+12 5.599999999999981e+12 5.599999999999981e+12
 5.599999999999981e+12 5.599999999999981e+12 5.599999999999981e+12 5.599999999999981e+12 5.599999999999981e+12 5.599999999999981e+12 5.599999999999981e+12 5.599999999999981e+12 5.599999999999981e+12 5.599999999999981e+12
 5.599999999999981e+12 5.599999999999981e+12 5.599999999999981e+12 5.599999999999981e+12 5.599999999999981e+12 5.599999999999981e+12 5.599999999999981e+12 5.599999999999981e+12 5.599999999999981e+12 5.599999999999981e+12
 5.599999999999981e+12 5.599999999999981e+12 5.599999999999981e+12 5.599999999999981e+12 5.599999999999981e+12 5.599999999999981e+12 5.599999999999981e+12 5.599999999999981e+12 5.599999999999981e+12 5.599999999999981e+12
 5.599999999999981e+12 5.599999999999981e+12 5.599999999999981e+12 5.599999999999981e+12 5.599999999999981e+12 5.599999999999981e+12 5.599999999999981e+12 5.599999999999981e+12 5.599999999999981e+12 5.599999999999981e+12
 5.599999999999981e+12 5.599999999999981e+12 5.599999999999981e+12 5.599999999999981e+12 5.599999999999981e+12 5.599999999999981e+12 5.599999999999981e+12 1.000000560000002e+19 5.599999999999981e+12 1.000000560000002e+19
 5.599999999999981e+12 1.000000560000002e+19 5.599999999999981e+12 1.000000560000002e+19 5.599999999999981e+12 5.599999999999981e+12 5.599999999999981e+12 5.599999999999981e+12 5.599999999999981e+12 5.599999999999981e+12
 5.599999999999981e+12 5.599999999999981e+12 5.599999999999981e+12 5.599999999999981e+12 5.599999999999981e+12 5.599999999999981e+12 5.599999999999981e+12 5.599999999999981e+12 5.599999999999981e+12 5.599999999999981e+12
 5.599999999999981e+12 1.000000560000002e+19 5.599999999999981e+12 1.000000560000002e+19 5.599999999999981e+12 1.000000560000002e+19 5.599999999999981e+12 1.000000560000002e+19 5.599999999999981e+12 5.599999999999981e+12
 5.599999999999981e+12 5.599999999999981e+12 5.599999999999981e+12 5.599999999999981e+12 5.599999999999981e+12 5.599999999999981e+12 5.599999999999981e+12 5.599999999999981e+12 5.599999999999981e+12 5.599999999999981e+12
 5.599999999999981e+12 5.599999999999981e+12 5.599999999999981e+12 5.599999999999981e+12 5.599999999999981e+12 1.000000560000002e+19 5.599999999999981e+12 1.000000560000002e+19 5.599999999999981e+12 1.000000560000002e+19
 5.599999999999981e+12 1.000000560000002e+19 5.599999999999981e+12 5.599999999999981e+12 5.599999999999981e+12 5.599999999999981e+12 5.599999999999981e+12 5.599999999999981e+12 5.599999999999981e+12 5.599999999999981e+12
 5.599999999999981e+12 5.599999999999981e+12 5.599999999999981e+12 5.599999999999981e+12 5.599999999999981e+12 5.599999999999981e+12 5.599999999999981e+12 5.599999999999981e+12 5.599999999999981e+12 1.000000560000002e+19
 5.599999999999981e+12 1.000000560000002e+19 5.599999999999981e+12 1.000000560000002e+19 5.599999999999981e+12 1.000000560000002e+19 5.599999999999981e+12 5.599999999999981e+12 5.599999999999981e+12 5.599999999999981e+12
 5.599999999999981e+12 5.599999999999981e+12 5.599999999999981e+12 5.599999999999981e+12 5.599999999999981e+12 5.599999999999981e+12 5.599999999999981e+12 5.599999999999981e+12 5.599999999999981e+12 5.599999999999981e+12
 5.599999999999981e+12 5.599999999999981e+12 5.599999999999981e+12 1.000000560000002e+19 5.599999999999981e+12 1.000000560000002e+19 5.599999999999981e+12 1.000000560000002e+19 5.599999999999981e+12 1.000000560000002e+19
 5.599999999999981e+12 5.599999999999981e+12 5.599999999999981e+12 5.599999999999981e+12 5.599999999999981e+12 5.599999999999981e+12 5.599999999999981e+12 5.599999999999981e+12 5.599999999999981e+12 5.599999999999981e+12
 5.599999999999981e+12 5.599999999999981e+12 5.599999999999981e+12 5.599999999999981e+12 5.599999999999981e+12 5.599999999999981e+12 5.599999999999981e+12 1.000000560000002e+19 5.599999999999981e+12 1.000000560000002e+19
 5.599999999999981e+12 1.000000560000002e+19 5.599999999999981e+12 1.000000560000002e+19 5.599999999999981e+12 5.599999999999981e+12 5.599999999999981e+12 5.599999999999981e+12 5.599999999999981e+12 5.599999999999981e+12
 5.599999999999981e+12 5.599999999999981e+12 5.599999999999981e+12 5.599999999999981e+12 5.599999999999981e+12 5.599999999999981e+12 5.599999999999981e+12 5.599999999999981e+12 5.599999999999981e+12 5.599999999999981e+12
 5.599999999999981e+12 1.000000560000002e+19 5.599999999999981e+12 1.000000560000002e+19 5.599999999999981e+12 1.000000560000002e+19 5.599999999999981e+12 1.000000560000002e+19 5.599999999999981e+12 5.599999999999981e+12
 5.599999999999981e+12 5.599999999999981e+12 5.599999999999981e+12 5.599999999999981e+12 5.599999999999981e+12 5.599999999999981e+12 5.599999999999981e+12 5.599999999999981e+12 5.599999999999981e+12 5.599999999999981e+12
 5.599999999999981e+12 5.599999999999981e+12 5.599999999999981e+12 5.599999999999981e+12 5.599999999999981e+12 1.000000560000002e+19 5.599999999999981e+12 1.000000560000002e+19 5.599999999999981e+12 1.000000560000002e+19
 5.599999999999981e+12 1.000000560000002e+19 -9.999994400000018e+18 5.599999999999981e+12 -9.999994400000018e+18 5.599999999999981e+12 5.599999999999981e+12 5.599999999999981e+12 5.599999999999981e+12 5.599999999999981e+12
 5.599999999999981e+12 5.599999999999981e+12 5.599999999999981e+12 5.599999999999981e+12 5.599999999999981e+12 5.599999999999981e+12 5.599999999999981e+12 5.599999999999981e+12 5.599999999999981e+12 5.599999999999981e+12
 5.599999999999981e+12 5.599999999999981e+12 5.599999999999981e+12 5.599999999999981e+12 5.599999999999981e+12 5.599999999999981e+12 5.599999999999981e+12 5.599999999999981e+12 5.599999999999981e+12 5.599999999999981e+12
 5.599999999999981e+12 5.599999999999981e+12 5.599999999999981e+12 5.599999999999981e+12 5.599999999999981e+12 5.599999999999981e+12 5.599999999999981e+12 5.599999999999981e+12 5.599999999999981e+12 5.599999999999981e+12
 5.599999999999981e+12 5.599999999999981e+12 5.599999999999981e+12 5.599999999999981e+12 5.599999999999981e+12 5.599999999999981e+12 5.599999999999981e+12 5.599999999999981e+12 5.599999999999981e+12 5.599999999999981e+12
 5.599999999999981e+12 5.599999999999981e+12 5.599999999999981e+12 5.599999999999981e+12 5.599999999999981e+12 5.599999999999981e+12 5.599999999999981e+12 5.599999999999981e+12 5.599999999999981e+12 5.599999999999981e+12
 5.599999999999981e+12 5.599999999999981e+12 5.599999999999981e+12 5.599999999999981e+12 5.599999999999981e+12 5.599999999999981e+12 5.599999999999981e+12 5.599999999999981e+12 5.599999999999981e+12 5.599999999999981e+12
 5.599999999999981e+12 5.599999999999981e+12 -9.999994400000018e+18 5.599999999999981e+12 -9.999994400000018e+18 5.599999999999981e+12 5.599999999999981e+12 5.599999999999981e+12 5.599999999999981e+12 5.599999999999981e+12
 5.599999999999981e+12 5.599999999999981e+12 5.599999999999981e+12 5.599999999999981e+12 5.599999999999981e+12 5.599999999999981e+12 5.599999999999981e+12 5.599999999999981e+12 5.599999999999981e+12 5.599999999999981e+12
 5.599999999999981e+12 5.599999999999981e+12 5.599999999999981e+12 5.599999999999981e+12 5.599999999999981e+12 5.599999999999981e+12 5.599999999999981e+12 5.599999999999981e+12 5.599999999999981e+12 5.599999999999981e+12
 5.599999999999981e+12 5.599999999999981e+12 5.599999999999981e+12 5.599999999999981e+12 5.599999999999981e+12 5.599999999999981e+12 5.599999999999981e+12 5.599999999999981e+12 5.599999999999981e+12 5.599999999999981e+12
 5.599999999999981e+12 5.599999999999981e+12 5.599999999999981e+12 5.599999999999981e+12 5.599999999999981e+12 5.599999999999981e+12 5.599999999999981e+12 5.599999999999981e+12 5.599999999999981e+12 5.599999999999981e+12
 5.599999999999981e+12 5.599999999999981e+12 5.599999999999981e+12 5.599999999999981e+12 5.599999999999981e+12 5.599999999999981e+12 5.599999999999981e+12 5.599999999999981e+12 5.599999999999981e+12 5.599999999999981e+12
 5.599999999999981e+12 5.599999999999981e+12 5.599999999999981e+12 5.599999999999981e+12 5.599999999999981e+12 5.599999999999981e+12 5.599999999999981e+12 5.599999999999981e+12 5.599999999999981e+12 5.599999999999981e+12
 5.599999999999981e+12 5.599999999999981e+12 -9.999994400000018e+18 5.599999999999981e+12 -9.999994400000018e+18 5.599999999999981e+12 5.599999999999981e+12 5.599999999999981e+12 5.599999999999981e+12 5.599999999999981e+12
 5.599999999999981e+12 5.599999999999981e+12 5.599999999999981e+12 5.599999999999981e+12 5.599999999999981e+12 5.599999999999981e+12 5.599999999999981e+12 5.599999999999981e+12 5.599999999999981e+12 5.599999999999981e+12
 5.599999999999981e+12 5.599999999999981e+12 5.599999999999981e+12 5.599999999999981e+12 5.599999999999981e+12 5.599999999999981e+12 5.599999999999981e+12 5.599999999999981e+12 5.599999999999981e+12 5.599999999999981e+12
 5.599999999999981e+12 5.599999999999981e+12 5.599999999999981e+12 5.599999999999981e+12 5.599999999999981e+12 5.599999999999981e+12 5.599999999999981e+12 5.599999999999981e+12 5.599999999999981e+12 5.599999999999981e+12
 5.599999999999981e+12 5.599999999999981e+12 5.599999999999981e+12 5.599999999999981e+12 5.599999999999981e+12 5.599999999999981e+12 5.599999999999981e+12 5.599999999999981e+12 5.599999999999981e+12 5.599999999999981e+12
 5.599999999999981e+12 5.599999999999981e+12 5.599999999999981e+12 5.599999999999981e+12 5.599999999999981e+12 5.599999999999981e+12 5.599999999999981e+12 5.599999999999981e+12 5.599999999999981e+12 5.599999999999981e+12
 5.599999999999981e+12 5.599999999999981e+12 5.599999999999981e+12 5.599999999999981e+12 5.599999999999981e+12 5.599999999999981e+12 5.599999999999981e+12 5.599999999999981e+12 5.599999999999981e+12 5.599999999999981e+12
 5.599999999999981e+12 5.599999999999981e+12 -9.999994400000018e+18 5.599999999999981e+12 -9.999994400000018e+18 5.599999999999981e+12 5.599999999999981e+12 5.599999999999981e+12 5.599999999999981e+12 5.599999999999981e+12
 5.599999999999981e+12 5.599999999999981e+12 5.599999999999981e+12 5.599999999999981e+12 5.599999999999981e+12 5.599999999999981e+12 5.599999999999981e+12 5.599999999999981e+12 5.599999999999981e+12 5.599999999999981e+12
 5.599999999999981e+12 5.599999999999981e+12 5.599999999999981e+12 5.599999999999981e+12 5.599999999999981e+12 5.599999999999981e+12 5.599999999999981e+12 5.599999999999981e+12 5.599999999999981e+12 5.599999999999981e+12
 5.599999999999981e+12 5.599999999999981e+12 5.599999999999981e+12 5.599999999999981e+12 5.599999999999981e+12 5.599999999999981e+12 5.599999999999981e+12 5.599999999999981e+12 5.599999999999981e+12 5.599999999999981e+12
 5.599999999999981e+12 5.599999999999981e+12 5.599999999999981e+12 5.599999999999981e+12 5.599999999999981e+12 5.599999999999981e+12 5.599999999999981e+12 5.599999999999981e+12 5.599999999999981e+12 5.599999999999981e+12
 5.599999999999981e+12 5.599999999999981e+12 5.599999999999981e+12 5.599999999999981e+12 5.599999999999981e+12 5.599999999999981e+12 5.599999999999981e+12 5.599999999999981e+12 5.599999999999981e+12 5.599999999999981e+12
 5.599999999999981e+12 5.599999999999981e+12 5.599999999999981e+12 5.599999999999981e+12 5.599999999999981e+12 5.599999999999981e+12 5.599999999999981e+12 5.599999999999981e+12 5.599999999999981e+12 5.599999999999981e+12
 5.599999999999981e+12 5.599999999999981e+12 -9.999994400000018e+18 5.599999999999981e+12 -9.999994400000018e+18 5.599999999999981e+12 5.599999999999981e+12 5.599999999999981e+12 5.599999999999981e+12 5.599999999999981e+12
 5.599999999999981e+12 5.599999999999981e+12 5.599999999999981e+12 5.599999999999981e+12 5.599999999999981e+12 5.599999999999981e+12 5.599999999999981e+12 5.599999999999981e+12 5.599999999999981e+12 5.599999999999981e+12
 5.599999999999981e+12 5.599999999999981e+12 5.599999999999981e+12 5.599999999999981e+12 5.599999999999981e+12 5.599999999999981e+12 5.599999999999981e+12 5.599999999999981e+12 5.599999999999981e+12 5.599999999999981e+12
 5.599999999999981e+12 5.599999999999981e+12 5.599999999999981e+12 5.599999999999981e+12 5.599999999999981e+12 5.599999999999981e+12 5.599999999999981e+12 5.599999999999981e+12 5.599999999999981e+12 5.599999999999981e+12
 5.599999999999981e+12 5.599999999999981e+12 5.599999999999981e+12 5.599999999999981e+12 5.599999999999981e+12 5.599999999999981e+12 5.599999999999981e+12 5.599999999999981e+12 5.599999999999981e+12 5.599999999999981e+12
 5.599999999999981e+12 5.599999999999981e+12 5.599999999999981e+12 5.599999999999981e+12 5.599999999999981e+12 5.599999999999981e+12 5.599999999999981e+12 5.599999999999981e+12 5.599999999999981e+12 5.599999999999981e+12
 5.599999999999981e+12 5.599999999999981e+12 5.599999999999981e+12 5.599999999999981e+12 5.599999999999981e+12 5.599999999999981e+12 5.599999999999981e+12 5.599999999999981e+12 5.599999999999981e+12 5.599999999999981e+12
 5.599999999999981e+12 5.599999999999981e+12 -9.999994400000018e+18 5.599999999999981e+12 -9.999994400000018e+18 5.599999999999981e+12 5.599999999999981e+12 5.599999999999981e+12 5.599999999999981e+12 5.599999999999981e+12
 5.599999999999981e+12 5.599999999999981e+12 5.599999999999981e+12 5.599999999999981e+12 5.599999999999981e+12 5.599999999999981e+12 5.599999999999981e+12 5.599999999999981e+12 5.599999999999981e+12 5.599999999999981e+12
 5.599999999999981e+12 5.599999999999981e+12 5.599999999999981e+12 5.599999999999981e+12 5.599999999999981e+12 5.599999999999981e+12 5.599999999999981e+12 5.599999999999981e+12 5.599999999999981e+12 5.599999999999981e+12
 5.599999999999981e+12 5.599999999999981e+12 5.599999999999981e+12 5.599999999999981e+12 5.599999999999981e+12 5.599999999999981e+12 5.599999999999981e+12 5.599999999999981e+12 5.599999999999981e+12 5.599999999999981e+12
 5.599999999999981e+12 5.599999999999981e+12 5.599999999999981e+12 5.599999999999981e+12 5.599999999999981e+12 5.599999999999981e+12 5.599999999999981e+12 5.599999999999981e+12 5.599999999999981e+12 5.599999999999981e+12
 5.599999999999981e+12 5.599999999999981e+12 5.599999999999981e+12 5.599999999999981e+12 5.599999999999981e+12 5.599999999999981e+12 5.599999999999981e+12 5.599999999999981e+12 5.599999999999981e+12 5.599999999999981e+12
 5.599999999999981e+12 5.599999999999981e+12 5.599999999999981e+12 5.599999999999981e+12 5.599999999999981e+12 5.599999999999981e+12 5.599999999999981e+12 5.599999999999981e+12 5.599999999999981e+12 5.599999999999981e+12
 5.599999999999981e+12 5.599999999999981e+12 -9.999994400000018e+18 5.599999999999981e+12 -9.999994400000018e+18 5.599999999999981e+12 5.599999999999981e+12 5.599999999999981e+12 5.599999999999981e+12 5.599999999999981e+12
 5.599999999999981e+12 5.599999999999981e+12 5.599999999999981e+12 5.599999999999981e+12 5.599999999999981e+12 5.599999999999981e+12 5.599999999999981e+12 5.599999999999981e+12 5.599999999999981e+12 5.599999999999981e+12
 5.599999999999981e+12 5.599999999999981e+12 5.599999999999981e+12 5.599999999999981e+12 5.599999999999981e+12 5.599999999999981e+12 5.599999999999981e+12 5.599999999999981e+12 5.599999999999981e+12 5.599999999999981e+12
 5.599999999999981e+12 5.599999999999981e+12 5.599999999999981e+12 5.599999999999981e+12 5.599999999999981e+12 5.599999999999981e+12 5.599999999999981e+12 5.599999999999981e+12 5.599999999999981e+12 5.599999999999981e+12
 5.599999999999981e+12 5.599999999999981e+12 5.599999999999981e+12 5.599999999999981e+12 5.599999999999981e+12 5.599999999999981e+12 5.599999999999981e+12 5.599999999999981e+12 5.599999999999981e+12 5.599999999999981e+12
 5.599999999999981e+12 5.599999999999981e+12 5.599999999999981e+12 5.599999999999981e+12 5.599999999999981e+12 5.599999999999981e+12 5.599999999999981e+12 5.599999999999981e+12 5.599999999999981e+12 5.599999999999981e+12
 5.599999999999981e+12 5.599999999999981e+12 5.599999999999981e+12 5.599999999999981e+12 5.599999999999981e+12 5.599999999999981e+12 5.599999999999981e+12 5.599999999999981e+12 5.599999999999981e+12 5.599999999999981e+12
 5.599999999999981e+12 5.599999999999981e+12 -9.999994400000018e+18 5.599999999999981e+12 -9.999994400000018e+18 5.599999999999981e+12 5.599999999999981e+12 5.599999999999981e+12 5.599999999999981e+12 5.599999999999981e+12
 5.599999999999981e+12 5.599999999999981e+12 5.599999999999981e+12 5.599999999999981e+12 5.599999999999981e+12 5.599999999999981e+12 5.599999999999981e+12 5.599999999999981e+12 5.599999999999981e+12 5.599999999999981e+12
 5.599999999999981e+12 5.599999999999981e+12 5.599999999999981e+12 5.599999999999981e+12 5.599999999999981e+12 5.599999999999981e+12 5.599999999999981e+12 5.599999999999981e+12 5.599999999999981e+12 5.599999999999981e+12
 5.599999999999981e+12 5.599999999999981e+12 5.599999999999981e+12 5.599999999999981e+12 5.599999999999981e+12 5.599999999999981e+12 5.599999999999981e+12 5.599999999999981e+12 5.599999999999981e+12 5.599999999999981e+12
 5.599999999999981e+12 5.599999999999981e+12 5.599999999999981e+12 5.599999999999981e+12 5.599999999999981e+12 5.599999999999981e+12 5.599999999999981e+12 5.599999999999981e+12 5.599999999999981e+12 5.599999999999981e+12
 5.599999999999981e+12 5.599999999999981e+12 5.599999999999981e+12 5.599999999999981e+12 5.599999999999981e+12 5.599999999999981e+12 5.599999999999981e+12 5.599999999999981e+12 5.599999999999981e+12 5.599999999999981e+12
 5.599999999999981e+12 5.599999999999981e+12 5.599999999999981e+12 5.599999999999981e+12 5.599999999999981e+12 5.599999999999981e+12 5.599999999999981e+12 5.599999999999981e+12 5.599999999999981e+12 5.599999999999981e+12
 5.599999999999981e+12 5.599999999999981e+12 5.599999999999981e+12 5.599999999999981e+12 5.599999999999981e+12 5.599999999999981e+12 5.599999999999981e+12 5.599999999999981e+12 5.599999999999981e+12 5.599999999999981e+12
 5.599999999999981e+12 5.599999999999981e+12 5.599999999999981e+12 5.599999999999981e+12 5.599999999999981e+12 5.599999999999981e+12 5.599999999999981e+12 5.599999999999981e+12 5.599999999999981e+12 5.599999999999981e+12
 5.599999999999981e+12 5.599999999999981e+12 5.599999999999981e+12 5.599999999999981e+12 5.599999999999981e+12 5.599999999999981e+12 5.599999999999981e+12 5.599999999999981e+12 5.599999999999981e+12 5.599999999999981e+12
 5.599999999999981e+12 5.599999999999981e+12 5.599999999999981e+12 5.599999999999981e+12 5.599999999999981e+12 5.599999999999981e+12 5.599999999999981e+12 5.599999999999981e+12 5.599999999999981e+12 5.599999999999981e+12
 5.599999999999981e+12 5.599999999999981e+12 5.599999999999981e+12 5.599999999999981e+12 5.599999999999981e+12 5.599999999999981e+12 5.599999999999981e+12 5.599999999999981e+12 5.599999999999981e+12 5.599999999999981e+12
 5.599999999999981e+12 5.599999999999981e+12 5.599999999999981e+12 5.599999999999981e+12 5.599999999999981e+12 5.599999999999981e+12 5.599999999999981e+12 5.599999999999981e+12 5.599999999999981e+12 5.599999999999981e+12
 5.599999999999981e+12 5.599999999999981e+12 5.599999999999981e+12 5.599999999999981e+12 5.599999999999981e+12 5.599999999999981e+12 5.599999999999981e+12 5.599999999999981e+12 5.599999999999981e+12 5.599999999999981e+12
 5.599999999999981e+12 5.599999999999981e+12 5.599999999999981e+12 5.599999999999981e+12 5.599999999999981e+12 5.599999999999981e+12 5.599999999999981e+12 5.599999999999981e+12 5.599999999999981e+12 5.599999999999981e+12
 5.599999999999981e+12 5.599999999999981e+12 5.599999999999981e+12 5.599999999999981e+12 5.599999999999981e+12 5.599999999999981e+12 5.599999999999981e+12 5.599999999999981e+12 5.599999999999981e+12 5.599999999999981e+12
 5.599999999999981e+12 5.599999999999981e+12 5.599999999999981e+12 5.599999999999981e+12 5.599999999999981e+12 5.599999999999981e+12 5.599999999999981e+12 5.599999999999981e+12 5.599999999999981e+12 5.599999999999981e+12
 5.599999999999981e+12 5.599999999999981e+12 5.599999999999981e+12 5.599999999999981e+12 5.599999999999981e+12 5.599999999999981e+12 5.599999999999981e+12 5.599999999999981e+12 5.599999999999981e+12 5.599999999999981e+12
 5.599999999999981e+12 5.599999999999981e+12 5.599999999999981e+12 5.599999999999981e+12 5.599999999999981e+12 5.599999999999981e+12 5.599999999999981e+12 5.599999999999981e+12 5.599999999999981e+12 5.599999999999981e+12
 5.599999999999981e+12 5.599999999999981e+12 5.599999999999981e+12 5.599999999999981e+12 5.599999999999981e+12 5.599999999999981e+12 5.599999999999981e+12 5.599999999999981e+12 5.599999999999981e+12 5.599999999999981e+12
 5.599999999999981e+12 5.599999999999981e+12 5.599999999999981e+12 5.599999999999981e+12 5.599999999999981e+12 5.599999999999981e+12 5.599999999999981e+12 5.599999999999981e+12 5.599999999999981e+12 5.599999999999981e+12
 5.599999999999981e+12 5.599999999999981e+12 5.599999999999981e+12 5.599999999999981e+12 5.599999999999981e+12 5.599999999999981e+12 5.599999999999981e+12 5.599999999999981e+12 5.599999999999981e+12 5.599999999999981e+12
 5.599999999999981e+12 5.599999999999981e+12 5.599999999999981e+12 5.599999999999981e+12 5.599999999999981e+12 5.599999999999981e+12 5.599999999999981e+12 5.599999999999981e+12 5.599999999999981e+12 5.599999999999981e+12
 5.599999999999981e+12 5.599999999999981e+12 5.599999999999981e+12 5.599999999999981e+12 5.599999999999981e+12 5.599999999999981e+12 5.599999999999981e+12 5.599999999999981e+12 5.599999999999981e+12 5.599999999999981e+12
 5.599999999999981e+12 5.599999999999981e+12 5.599999999999981e+12 5.599999999999981e+12 5.599999999999981e+12 5.599999999999981e+12 5.599999999999981e+12 5.599999999999981e+12 5.599999999999981e+12 5.599999999999981e+12
 5.599999999999981e+12 5.599999999999981e+12 5.599999999999981e+12 5.599999999999981e+12 5.599999999999981e+12 5.599999999999981e+12 5.599999999999981e+12 5.599999999999981e+12 5.599999999999981e+12 5.599999999999981e+12
 5.599999999999981e+12 5.599999999999981e+12 5.599999999999981e+12 5.599999999999981e+12 5.599999999999981e+12 5.599999999999981e+12 5.599999999999981e+12 5.599999999999981e+12 5.599999999999981e+12 5.599999999999981e+12
 5.599999999999981e+12 5.599999999999981e+12 5.599999999999981e+12 5.599999999999981e+12 5.599999999999981e+12 5.599999999999981e+12 5.599999999999981e+12 5.599999999999981e+12 5.599999999999981e+12 5.599999999999981e+12
 5.599999999999981e+12 5.599999999999981e+12 5.599999999999981e+12 5.599999999999981e+12 5.599999999999981e+12 5.599999999999981e+12 5.599999999999981e+12 5.599999999999981e+12 5.599999999999981e+12 5.599999999999981e+12
 5.599999999999981e+12 5.599999999999981e+12 5.599999999999981e+12 5.599999999999981e+12 5.599999999999981e+12 5.599999999999981e+12 5.599999999999981e+12 5.599999999999981e+12 5.599999999999981e+12 5.599999999999981e+12
 5.599999999999981e+12 5.599999999999981e+12 5.599999999999981e+12 5.599999999999981e+12 5.599999999999981e+12 5.599999999999981e+12 5.599999999999981e+12 5.599999999999981e+12 5.599999999999981e+12 5.599999999999981e+12
 5.599999999999981e+12 5.599999999999981e+12 5.599999999999981e+12 5.599999999999981e+12 5.599999999999981e+12 5.599999999999981e+12 5.599999999999981e+12 5.599999999999981e+12 5.599999999999981e+12 5.599999999999981e+12
 5.599999999999981e+12 5.599999999999981e+12 5.599999999999981e+12 5.599999999999981e+12 5.599999999999981e+12 5.599999999999981e+12 5.599999999999981e+12 5.599999999999981e+12 5.599999999999981e+12 5.599999999999981e+12
 5.599999999999981e+12 5.599999999999981e+12 5.599999999999981e+12 5.599999999999981e+12 5.599999999999981e+12 5.599999999999981e+12 5.599999999999981e+12 5.599999999999981e+12 5.599999999999981e+12 5.599999999999981e+12
 5.599999999999981e+12 5.599999999999981e+12 5.599999999999981e+12 5.599999999999981e+12 5.599999999999981e+12 5.599999999999981e+12 5.599999999999981e+12 5.599999999999981e+12 5.599999999999981e+12 5.599999999999981e+12
 5.599999999999981e+12 5.599999999999981e+12 5.599999999999981e+12 5.599999999999981e+12 5.599999999999981e+12 5.599999999999981e+12 5.599999999999981e+12 5.599999999999981e+12 5.599999999999981e+12 5.599999999999981e+12
 5.599999999999981e+12 5.599999999999981e+12 5.599999999999981e+12 5.599999999999981e+12 5.599999999999981e+12 5.599999999999981e+12 5.599999999999981e+12 5.599999999999981e+12 5.599999999999981e+12 5.599999999999981e+12
 5.599999999999981e+12 5.599999999999981e+12 5.599999999999981e+12 5.599999999999981e+12 5.599999999999981e+12 5.599999999999981e+12 5.599999999999981e+12 5.599999999999981e+12 5.599999999999981e+12 5.599999999999981e+12
 5.599999999999981e+12 5.599999999999981e+12 5.599999999999981e+12 5.599999999999981e+12 5.599999999999981e+12 5.599999999999981e+12 5.599999999999981e+12 5.599999999999981e+12 5.599999999999981e+12 5.599999999999981e+12
 5.599999999999981e+12 5.599999999999981e+12 5.599999999999981e+12 5.599999999999981e+12 5.599999999999981e+12 5.599999999999981e+12 5.599999999999981e+12 5.599999999999981e+12 5.599999999999981e+12 5.599999999999981e+12
 5.599999999999981e+12 5.599999999999981e+12 5.599999999999981e+12 5.599999999999981e+12 5.599999999999981e+12 5.599999999999981e+12 5.599999999999981e+12 5.599999999999981e+12 5.599999999999981e+12 5.599999999999981e+12
 5.599999999999981e+12 5.599999999999981e+12 5.599999999999981e+12 5.599999999999981e+12 5.599999999999981e+12 5.599999999999981e+12 5.599999999999981e+12 5.599999999999981e+12 5.599999999999981e+12 5.599999999999981e+12
 5.599999999999981e+12 5.599999999999981e+12 5.599999999999981e+12 5.599999999999981e+12 5.599999999999981e+12 5.599999999999981e+12 5.599999999999981e+12 5.599999999999981e+12 5.599999999999981e+12 5.599999999999981e+12
 5.599999999999981e+12 5.599999999999981e+12 5.599999999999981e+12 5.599999999999981e+12 5.599999999999981e+12 5.599999999999981e+12 5.599999999999981e+12 5.599999999999981e+12 5.599999999999981e+12 5.599999999999981e+12
 5.599999999999981e+12 5.599999999999981e+12 5.599999999999981e+12 5.599999999999981e+12 5.599999999999981e+12 5.599999999999981e+12 5.599999999999981e+12 5.599999999999981e+12 5.599999999999981e+12 5.599999999999981e+12
 5.599999999999981e+12 5.599999999999981e+12 5.599999999999981e+12 5.599999999999981e+12 5.599999999999981e+12 5.599999999999981e+12 5.599999999999981e+12 5.599999999999981e+12 5.599999999999981e+12 5.599999999999981e+12
 5.599999999999981e+12 5.599999999999981e+12 5.599999999999981e+12 5.599999999999981e+12 5.599999999999981e+12 5.599999999999981e+12 5.599999999999981e+12 5.599999999999981e+12 5.599999999999981e+12 5.599999999999981e+12
 5.599999999999981e+12 5.599999999999981e+12 5.599999999999981e+12 5.599999999999981e+12 5.599999999999981e+12 5.599999999999981e+12 5.599999999999981e+12 5.599999999999981e+12 5.599999999999981e+12 5.599999999999981e+12
 5.599999999999981e+12 5.599999999999981e+12 5.599999999999981e+12 5.599999999999981e+12 5.599999999999981e+12 5.599999999999981e+12 5.599999999999981e+12 5.599999999999981e+12 5.599999999999981e+12 5.599999999999981e+12
 5.599999999999981e+12 5.599999999999981e+12 5.599999999999981e+12 5.599999999999981e+12 5.599999999999981e+12 5.599999999999981e+12 5.599999999999981e+12 5.599999999999981e+12 5.599999999999981e+12 5.599999999999981e+12
 5.599999999999981e+12 5.599999999999981e+12 5.599999999999981e+12 5.599999999999981e+12 5.599999999999981e+12 5.599999999999981e+12 5.599999999999981e+12 5.599999999999981e+12 5.599999999999981e+12 5.599999999999981e+12
 5.599999999999981e+12 5.599999999999981e+12 5.599999999999981e+12 5.599999999999981e+12 5.599999999999981e+12 5.599999999999981e+12 5.599999999999981e+12 5.599999999999981e+12 5.599999999999981e+12 5.599999999999981e+12
 5.599999999999981e+12 1.000000560000002e+19 5.599999999999981e+12 1.000000560000002e+19 5.599999999999981e+12 1.000000560000002e+19 5.599999999999981e+12 1.000000560000002e+19 5.599999999999981e+12 5.599999999999981e+12
 5.599999999999981e+12 5.599999999999981e+12 5.599999999999981e+12 5.599999999999981e+12 5.599999999999981e+12 5.599999999999981e+12 5.599999999999981e+12 5.599999999999981e+12 5.599999999999981e+12 5.599999999999981e+12
 5.599999999999981e+12 5.599999999999981e+12 5.599999999999981e+12 5.599999999999981e+12 5.599999999999981e+12 1.000000560000002e+19 5.599999999999981e+12 1.000000560000002e+19 5.599999999999981e+12 1.000000560000002e+19
 5.599999999999981e+12 1.000000560000002e+19 5.599999999999981e+12 5.599999999999981e+12 5.599999999999981e+12 5.599999999999981e+12 5.599999999999981e+12 5.599999999999981e+12 5.599999999999981e+12 5.599999999999981e+12
 5.599999999999981e+12 5.599999999999981e+12 5.599999999999981e+12 5.599999999999981e+12 5.599999999999981e+12 5.599999999999981e+12 5.599999999999981e+12 5.599999999999981e+12 5.599999999999981e+12 1.000000560000002e+19
 5.599999999999981e+12 1.000000560000002e+19 5.599999999999981e+12 1.000000560000002e+19 5.599999999999981e+12 1.000000560000002e+19 5.599999999999981e+12 5.599999999999981e+12 5.599999999999981e+12 5.599999999999981e+12
 5.599999999999981e+12 5.599999999999981e+12 5.599999999999981e+12 5.599999999999981e+12 5.599999999999981e+12 5.599999999999981e+12 5.599999999999981e+12 5.599999999999981e+12 5.599999999999981e+12 5.599999999999981e+12
 5.599999999999981e+12 5.599999999999981e+12 5.599999999999981e+12 1.000000560000002e+19 5.599999999999981e+12 1.000000560000002e+19 5.599999999999981e+12 1.000000560000002e+19 5.599999999999981e+12 1.000000560000002e+19
 -9.999994400000018e+18 5.599999999999981e+12 -9.999994400000018e+18 5.599999999999981e+12 5.599999999999981e+12 5.599999999999981e+12 5.599999999999981e+12 5.599999999999981e+12 5.599999999999981e+12 5.599999999999981e+12
 5.599999999999981e+12 5.599999999999981e+12 5.599999999999981e+12 5.599999999999981e+12 5.599999999999981e+12 5.599999999999981e+12 5.599999999999981e+12 5.599999999999981e+12 5.599999999999981e+12 5.599999999999981e+12
 5.599999999999981e+12 5.599999999999981e+12 5.599999999999981e+12 5.599999999999981e+12 5.599999999999981e+12 5.599999999999981e+12 5.599999999999981e+12 5.599999999999981e+12 5.599999999999981e+12 5.599999999999981e+12
 5.599999999999981e+12 5.599999999999981e+12 5.599999999999981e+12 5.599999999999981e+12 5.599999999999981e+12 5.599999999999981e+12 5.599999999999981e+12 5.599999999999981e+12 5.599999999999981e+12 5.599999999999981e+12
 5.599999999999981e+12 5.599999999999981e+12 5.599999999999981e+12 5.599999999999981e+12 5.599999999999981e+12 5.599999999999981e+12 5.599999999999981e+12 5.599999999999981e+12 5.599999999999981e+12 5.599999999999981e+12
 5.599999999999981e+12 5.599999999999981e+12 5.599999999999981e+12 5.599999999999981e+12 5.599999999999981e+12 5.599999999999981e+12 5.599999999999981e+12 5.599999999999981e+12 5.599999999999981e+12 5.599999999999981e+12
 5.599999999999981e+12 5.599999999999981e+12 5.599999999999981e+12 5.599999999999981e+12 5.599999999999981e+12 5.599999999999981e+12 5.599999999999981e+12 5.599999999999981e+12 5.599999999999981e+12 5.599999999999981e+12
 -9.999994400000018e+18 5.599999999999981e+12 -9.999994400000018e+18 5.599999999999981e+12 5.599999999999981e+12 5.599999999999981e+12 5.599999999999981e+12 5.599999999999981e+12 5.599999999999981e+12 5.599999999999981e+12
 5.599999999999981e+12 5.599999999999981e+12 5.599999999999981e+12 5.599999999999981e+12 5.599999999999981e+12 5.599999999999981e+12 5.599999999999981e+12 5.599999999999981e+12 5.599999999999981e+12 5.599999999999981e+12
 5.599999999999981e+12 5.599999999999981e+12 5.599999999999981e+12 5.599999999999981e+12 5.599999999999981e+12 5.599999999999981e+12 5.599999999999981e+12 5.599999999999981e+12 5.599999999999981e+12 5.599999999999981e+12
 5.599999999999981e+12 5.599999999999981e+12 5.599999999999981e+12 5.599999999999981e+12 5.599999999999981e+12 5.599999999999981e+12 5.599999999999981e+12 5.599999999999981e+12 5.599999999999981e+12 5.599999999999981e+12
 5.599999999999981e+12 5.599999999999981e+12 5.599999999999981e+12 5.599999999999981e+12 5.599999999999981e+12 5.599999999999981e+12 5.599999999999981e+12 5.599999999999981e+12 5.599999999999981e+12 5.599999999999981e+12
 5.599999999999981e+12 5.599999999999981e+12 5.599999999999981e+12 5.599999999999981e+12 5.599999999999981e+12 5.599999999999981e+12 5.599999999999981e+12 5.599999999999981e+12 5.599999999999981e+12 5.599999999999981e+12
 5.599999999999981e+12 5.599999999999981e+12 5.599999999999981e+12 5.599999999999981e+12 5.599999999999981e+12 5.599999999999981e+12 5.599999999999981e+12 5.599999999999981e+12 5.599999999999981e+12 5.599999999999981e+12
 -9.999994400000018e+18 5.599999999999981e+12 -9.999994400000018e+18 5.599999999999981e+12 5.599999999999981e+12 5.599999999999981e+12 5.599999999999981e+12 5.599999999999981e+12 5.599999999999981e+12 5.599999999999981e+12
 5.599999999999981e+12 5.599999999999981e+12 5.599999999999981e+12 5.599999999999981e+12 5.599999999999981e+12 5.599999999999981e+12 5.599999999999981e+12 5.599999999999981e+12 5.599999999999981e+12 5.599999999999981e+12
 5.599999999999981e+12 5.599999999999981e+12 5.599999999999981e+12 5.599999999999981e+12 5.599999999999981e+12 5.599999999999981e+12 5.599999999999981e+12 5.599999999999981e+12 5.599999999999981e+12 5.599999999999981e+12
 5.599999999999981e+12 5.599999999999981e+12 5.599999999999981e+12 5.599999999999981e+12 5.599999999999981e+12 5.599999999999981e+12 5.599999999999981e+12 5.599999999999981e+12 5.599999999999981e+12 5.599999999999981e+12
 5.599999999999981e+12 5.599999999999981e+12 5.599999999999981e+12 5.599999999999981e+12 5.599999999999981e+12 5.599999999999981e+12 5.599999999999981e+12 5.599999999999981e+12 5.599999999999981e+12 5.599999999999981e+12
 5.599999999999981e+12 5.599999999999981e+12 5.599999999999981e+12 5.599999999999981e+12 5.599999999999981e+12 5.599999999999981e+12 5.599999999999981e+12 5.599999999999981e+12 5.599999999999981e+12 5.599999999999981e+12
 5.599999999999981e+12 5.599999999999981e+12 5.599999999999981e+12 5.599999999999981e+12 5.599999999999981e+12 5.599999999999981e+12 5.599999999999981e+12 5.599999999999981e+12 5.599999999999981e+12 5.599999999999981e+12
 -9.999994400000018e+18 5.599999999999981e+12 -9.999994400000018e+18 5.599999999999981e+12 5.599999999999981e+12 5.599999999999981e+12 5.599999999999981e+12 5.599999999999981e+12 5.599999999999981e+12 5.599999999999981e+12
 5.599999999999981e+12 5.599999999999981e+12 5.599999999999981e+12 5.599999999999981e+12 5.599999999999981e+12 5.599999999999981e+12 5.599999999999981e+12 5.599999999999981e+12 5.599999999999981e+12 5.599999999999981e+12
 5.599999999999981e+12 5.599999999999981e+12 5.599999999999981e+12 5.599999999999981e+12 5.599999999999981e+12 5.599999999999981e+12 5.599999999999981e+12 5.599999999999981e+12 5.599999999999981e+12 5.599999999999981e+12
 5.599999999999981e+12 5.599999999999981e+12 5.599999999999981e+12 5.599999999999981e+12 5.599999999999981e+12 5.599999999999981e+12 5.599999999999981e+12 5.599999999999981e+12 5.599999999999981e+12 5.599999999999981e+12
 5.599999999999981e+12 5.599999999999981e+12 5.599999999999981e+12 5.599999999999981e+12 5.599999999999981e+12 5.599999999999981e+12 5.599999999999981e+12 5.599999999999981e+12 5.599999999999981e+12 5.599999999999981e+12
 5.599999999999981e+12 5.599999999999981e+12 5.599999999999981e+12 5.599999999999981e+12 5.599999999999981e+12 5.599999999999981e+12 5.599999999999981e+12 5.599999999999981e+12 5.599999999999981e+12 5.599999999999981e+12
 5.599999999999981e+12 5.599999999999981e+12 5.599999999999981e+12 5.599999999999981e+12 5.599999999999981e+12 5.599999999999981e+12 5.599999999999981e+12 5.599999999999981e+12 5.599999999999981e+12 5.599999999999981e+12
 5.599999999999981e+12 5.599999999999981e+12 5.599999999999981e+12 5.599999999999981e+12 5.599999999999981e+12 5.599999999999981e+12 5.599999999999981e+12 5.599999999999981e+12 5.599999999999981e+12 5.599999999999981e+12
 5.599999999999981e+12 5.599999999999981e+12 5.599999999999981e+12 5.599999999999981e+12 5.599999999999981e+12 5.599999999999981e+12 5.599999999999981e+12 5.599999999999981e+12 5.599999999999981e+12 5.599999999999981e+12
 5.599999999999981e+12 5.599999999999981e+12 5.599999999999981e+12 5.599999999999981e+12 5.599999999999981e+12 5.599999999999981e+12 5.599999999999981e+12 5.599999999999981e+12 5.599999999999981e+12 5.599999999999981e+12
 5.599999999999981e+12 5.599999999999981e+12 5.599999999999981e+12 5.599999999999981e+12 5.599999999999981e+12 5.599999999999981e+12 5.599999999999981e+12 5.599999999999981e+12 5.599999999999981e+12 5.599999999999981e+12
 5.599999999999981e+12 5.599999999999981e+12 5.599999999999981e+12 5.599999999999981e+12 5.599999999999981e+12 5.599999999999981e+12 5.599999999999981e+12 5.599999999999981e+12 5.599999999999981e+12 5.599999999999981e+12
 5.599999999999981e+12 5.599999999999981e+12 5.599999999999981e+12 5.599999999999981e+12 5.599999999999981e+12 5.599999999999981e+12 5.599999999999981e+12 5.599999999999981e+12 5.599999999999981e+12 5.599999999999981e+12
 5.599999999999981e+12 5.599999999999981e+12 5.599999999999981e+12 5.599999999999981e+12 5.599999999999981e+12 5.599999999999981e+12 5.599999999999981e+12 5.599999999999981e+12 5.599999999999981e+12 5.599999999999981e+12
 5.599999999999981e+12 5.599999999999981e+12 5.599999999999981e+12 5.599999999999981e+12 5.599999999999981e+12 5.599999999999981e+12 5.599999999999981e+12 5.599999999999981e+12 5.599999999999981e+12 5.599999999999981e+12
 5.599999999999981e+12 5.599999999999981e+12 5.599999999999981e+12 5.599999999999981e+12 5.599999999999981e+12 5.599999999999981e+12 5.599999999999981e+12 5.599999999999981e+12 5.599999999999981e+12 5.599999999999981e+12
 5.599999999999981e+12 5.599999999999981e+12 5.599999999999981e+12 5.599999999999981e+12 5.599999999999981e+12 5.599999999999981e+12 5.599999999999981e+12 5.599999999999981e+12 5.599999999999981e+12 5.599999999999981e+12
 5.599999999999981e+12 5.599999999999981e+12 5.599999999999981e+12 5.599999999999981e+12 5.599999999999981e+12 5.599999999999981e+12 5.599999999999981e+12 5.599999999999981e+12 5.599999999999981e+12 5.599999999999981e+12
 5.599999999999981e+12 5.599999999999981e+12 5.599999999999981e+12 5.599999999999981e+12 5.599999999999981e+12 5.599999999999981e+12 5.599999999999981e+12 5.599999999999981e+12 5.599999999999981e+12 5.599999999999981e+12
 5.599999999999981e+12 5.599999999999981e+12 5.599999999999981e+12 5.599999999999981e+12 5.599999999999981e+12 5.599999999999981e+12 5.599999999999981e+12 5.599999999999981e+12 5.599999999999981e+12 5.599999999999981e+12
 5.599999999999981e+12 5.599999999999981e+12 5.599999999999981e+12 5.599999999999981e+12 5.599999999999981e+12 5.599999999999981e+12 5.599999999999981e+12 5.599999999999981e+12 5.599999999999981e+12 5.599999999999981e+12
 5.599999999999981e+12 5.599999999999981e+12 5.599999999999981e+12 5.599999999999981e+12 5.599999999999981e+12 5.599999999999981e+12 5.599999999999981e+12 5.599999999999981e+12 5.599999999999981e+12 5.599999999999981e+12
 5.599999999999981e+12 5.599999999999981e+12 5.599999999999981e+12 5.599999999999981e+12 5.599999999999981e+12 5.599999999999981e+12 5.599999999999981e+12 5.599999999999981e+12 5.599999999999981e+12 5.599999999999981e+12
 5.599999999999981e+12 5.599999999999981e+12 5.599999999999981e+12 5.599999999999981e+12 5.599999999999981e+12 5.599999999999981e+12 5.599999999999981e+12 5.599999999999981e+12 5.599999999999981e+12 5.599999999999981e+12
 5.599999999999981e+12 5.599999999999981e+12 5.599999999999981e+12 5.599999999999981e+12 5.599999999999981e+12 5.599999999999981e+12 5.599999999999981e+12 5.599999999999981e+12 5.599999999999981e+12 5.599999999999981e+12
 5.599999999999981e+12 5.599999999999981e+12 5.599999999999981e+12 5.599999999999981e+12 5.599999999999981e+12 5.599999999999981e+12 5.599999999999981e+12 5.599999999999981e+12 5.599999999999981e+12 5.599999999999981e+12
 5.599999999999981e+12 5.599999999999981e+12 5.599999999999981e+12 5.599999999999981e+12 5.599999999999981e+12 5.599999999999981e+12 5.599999999999981e+12 5.599999999999981e+12 5.599999999999981e+12 5.599999999999981e+12
 5.599999999999981e+12 5.599999999999981e+12 5.599999999999981e+12 5.599999999999981e+12 5.599999999999981e+12 5.599999999999981e+12 5.599999999999981e+12 5.599999999999981e+12 5.599999999999981e+12 5.599999999999981e+12
 5.599999999999981e+12 5.599999999999981e+12 5.599999999999981e+12 5.599999999999981e+12 5.599999999999981e+12 5.599999999999981e+12 5.599999999999981e+12 5.599999999999981e+12 5.599999999999981e+12 5.599999999999981e+12
 5.599999999999981e+12 5.599999999999981e+12 5.599999999999981e+12 5.599999999999981e+12 5.599999999999981e+12 5.599999999999981e+12 5.599999999999981e+12 5.599999999999981e+12 5.599999999999981e+12 5.599999999999981e+12
 5.599999999999981e+12 5.599999999999981e+12 5.599999999999981e+12 1.000000560000002e+19 5.599999999999981e+12 1.000000560000002e+19 5.599999999999981e+12 1.000000560000002e+19 5.599999999999981e+12 1.000000560000002e+19
 5.599999999999981e+12 5.599999999999981e+12 5.599999999999981e+12 5.599999999999981e+12 5.599999999999981e+12 5.599999999999981e+12 5.599999999999981e+12 5.599999999999981e+12 5.599999999999981e+12 5.599999999999981e+12
 5.599999999999981e+12 5.599999999999981e+12 5.599999999999981e+12 5.599999999999981e+12 5.599999999999981e+12 5.599999999999981e+12 5.599999999999981e+12 1.000000560000002e+19 5.599999999999981e+12 1.000000560000002e+19
 5.599999999999981e+12 1.000000560000002e+19 5.599999999999981e+12 1.000000560000002e+19 -9.999994400000018e+18 5.599999999999981e+12 -9.999994400000018e+18 5.599999999999981e+12 5.599999999999981e+12 5.599999999999981e+12
 5.599999999999981e+12 5.599999999999981e+12 5.599999999999981e+12 5.599999999999981e+12 5.599999999999981e+12 5.599999999999981e+12 5.599999999999981e+12 5.599999999999981e+12 5.599999999999981e+12 5.599999999999981e+12
 5.599999999999981e+12 5.599999999999981e+12 5.599999999999981e+12 5.599999999999981e+12 5.599999999999981e+12 5.599999999999981e+12 5.599999999999981e+12 5.599999999999981e+12 5.599999999999981e+12 5.599999999999981e+12
 5.599999999999981e+12 5.599999999999981e+12 5.599999999999981e+12 5.599999999999981e+12 5.599999999999981e+12 5.599999999999981e+12 5.599999999999981e+12 5.599999999999981e+12 5.599999999999981e+12 5.599999999999981e+12
 5.599999999999981e+12 5.599999999999981e+12 5.599999999999981e+12 5.599999999999981e+12 5.599999999999981e+12 5.599999999999981e+12 5.599999999999981e+12 5.599999999999981e+12 5.599999999999981e+12 5.599999999999981e+12
 5.599999999999981e+12 5.599999999999981e+12 5.599999999999981e+12 5.599999999999981e+12 5.599999999999981e+12 5.599999999999981e+12 5.599999999999981e+12 5.599999999999981e+12 5.599999999999981e+12 5.599999999999981e+12
 5.599999999999981e+12 5.599999999999981e+12 5.599999999999981e+12 5.599999999999981e+12 5.599999999999981e+12 5.599999999999981e+12 5.599999999999981e+12 5.599999999999981e+12 5.599999999999981e+12 5.599999999999981e+12
 5.599999999999981e+12 5.599999999999981e+12 5.599999999999981e+12 5.599999999999981e+12 -9.999994400000018e+18 5.599999999999981e+12 -9.999994400000018e+18 5.599999999999981e+12 5.599999999999981e+12 5.599999999999981e+12
 5.599999999999981e+12 5.599999999999981e+12 5.599999999999981e+12 5.599999999999981e+12 5.599999999999981e+12 5.599999999999981e+12 5.599999999999981e+12 5.599999999999981e+12 5.599999999999981e+12 5.599999999999981e+12
 5.599999999999981e+12 5.599999999999981e+12 5.599999999999981e+12 5.599999999999981e+12 5.599999999999981e+12 5.599999999999981e+12 5.599999999999981e+12 5.599999999999981e+12 5.599999999999981e+12 5.599999999999981e+12
 5.599999999999981e+12 5.599999999999981e+12 5.599999999999981e+12 5.599999999999981e+12 5.599999999999981e+12 5.599999999999981e+12 5.599999999999981e+12 5.599999999999981e+12 5.599999999999981e+12 5.599999999999981e+12
 5.599999999999981e+12 5.599999999999981e+12 5.599999999999981e+12 5.599999999999981e+12 5.599999999999981e+12 5.599999999999981e+12 5.599999999999981e+12 5.599999999999981e+12 5.599999999999981e+12 5.599999999999981e+12
 5.599999999999981e+12 5.599999999999981e+12 5.599999999999981e+12 5.599999999999981e+12 5.599999999999981e+12 5.599999999999981e+12 5.599999999999981e+12 5.599999999999981e+12 5.599999999999981e+12 5.599999999999981e+12
 5.599999999999981e+12 5.599999999999981e+12 5.599999999999981e+12 5.599999999999981e+12 5.599999999999981e+12 5.599999999999981e+12 5.599999999999981e+12 5.599999999999981e+12 5.599999999999981e+12 5.599999999999981e+12
 5.599999999999981e+12 5.599999999999981e+12 5.599999999999981e+12 5.599999999999981e+12 5.599999999999981e+12 5.599999999999981e+12 5.599999999999981e+12 5.599999999999981e+12 5.599999999999981e+12 5.599999999999981e+12
 5.599999999999981e+12 5.599999999999981e+12 5.599999999999981e+12 5.599999999999981e+12 5.599999999999981e+12 5.599999999999981e+12 5.599999999999981e+12 5.599999999999981e+12 5.599999999999981e+12 5.599999999999981e+12
 5.599999999999981e+12 5.599999999999981e+12 5.599999999999981e+12 5.599999999999981e+12 5.599999999999981e+12 5.599999999999981e+12 5.599999999999981e+12 5.599999999999981e+12 5.599999999999981e+12 5.599999999999981e+12
 5.599999999999981e+12 5.599999999999981e+12 5.599999999999981e+12 5.599999999999981e+12 5.599999999999981e+12 5.599999999999981e+12 5.599999999999981e+12 5.599999999999981e+12 5.599999999999981e+12 5.599999999999981e+12
 5.599999999999981e+12 5.599999999999981e+12 5.599999999999981e+12 5.599999999999981e+12 5.599999999999981e+12 5.599999999999981e+12 5.599999999999981e+12 5.599999999999981e+12 5.599999999999981e+12 5.599999999999981e+12
 5.599999999999981e+12 5.599999999999981e+12 5.599999999999981e+12 5.599999999999981e+12 5.599999999999981e+12 5.599999999999981e+12 5.599999999999981e+12 5.599999999999981e+12 5.599999999999981e+12 5.599999999999981e+12
 5.599999999999981e+12 5.599999999999981e+12 5.599999999999981e+12 5.599999999999981e+12 5.599999999999981e+12 5.599999999999981e+12 5.599999999999981e+12 5.599999999999981e+12 5.599999999999981e+12 5.599999999999981e+12
 5.599999999999981e+12 5.599999999999981e+12 5.599999999999981e+12 5.599999999999981e+12 5.599999999999981e+12 5.599999999999981e+12 5.599999999999981e+12 5.599999999999981e+12 5.599999999999981e+12 5.599999999999981e+12
 5.599999999999981e+12 5.599999999999981e+12 5.599999999999981e+12 5.599999999999981e+12 5.599999999999981e+12 5.599999999999981e+12 5.599999999999981e+12 5.599999999999981e+12 5.599999999999981e+12 5.599999999999981e+12
 5.599999999999981e+12 5.599999999999981e+12 5.599999999999981e+12 5.599999999999981e+12 5.599999999999981e+12 5.599999999999981e+12 5.599999999999981e+12 5.599999999999981e+12 5.599999999999981e+12 5.599999999999981e+12
 5.599999999999981e+12 5.599999999999981e+12 5.599999999999981e+12 5.599999999999981e+12 5.599999999999981e+12 5.599999999999981e+12 5.599999999999981e+12 5.599999999999981e+12 5.599999999999981e+12 5.599999999999981e+12
 5.599999999999981e+12 5.599999999999981e+12 5.599999999999981e+12 5.599999999999981e+12 5.599999999999981e+12 5.599999999999981e+12 5.599999999999981e+12 5.599999999999981e+12 5.599999999999981e+12 5.599999999999981e+12
 5.599999999999981e+12 5.599999999999981e+12 5.599999999999981e+12 5.599999999999981e+12 5.599999999999981e+12 5.599999999999981e+12 5.599999999999981e+12 5.599999999999981e+12 5.599999999999981e+12 1.000000560000002e+19
 5.599999999999981e+12 1.000000560000002e+19 5.599999999999981e+12 1.000000560000002e+19 5.599999999999981e+12 1.000000560000002e+19 -9.999994400000018e+18 5.599999999999981e+12 -9.999994400000018e+18 5.599999999999981e+12
 5.599999999999981e+12 5.599999999999981e+12 5.599999999999981e+12 5.599999999999981e+12 5.599999999999981e+12 5.599999999999981e+12 5.599999999999981e+12 5.599999999999981e+12 5.599999999999981e+12 5.599999999999981e+12
 5.599999999999981e+12 5.599999999999981e+12 5.599999999999981e+12 5.599999999999981e+12 5.599999999999981e+12 5.599999999999981e+12 5.599999999999981e+12 5.599999999999981e+12 5.599999999999981e+12 5.599999999999981e+12
 5.599999999999981e+12 5.599999999999981e+12 5.599999999999981e+12 5.599999999999981e+12 5.599999999999981e+12 5.599999999999981e+12 5.599999999999981e+12 5.599999999999981e+12 5.599999999999981e+12 5.599999999999981e+12
 5.599999999999981e+12 5.599999999999981e+12 5.599999999999981e+12 5.599999999999981e+12 5.599999999999981e+12 5.599999999999981e+12 5.599999999999981e+12 5.599999999999981e+12 5.599999999999981e+12 5.599999999999981e+12
 5.599999999999981e+12 5.599999999999981e+12 5.599999999999981e+12 5.599999999999981e+12 5.599999999999981e+12 5.599999999999981e+12 5.599999999999981e+12 5.599999999999981e+12 5.599999999999981e+12 5.599999999999981e+12
 5.599999999999981e+12 5.599999999999981e+12 5.599999999999981e+12 5.599999999999981e+12 5.599999999999981e+12 5.599999999999981e+12 5.599999999999981e+12 5.599999999999981e+12 5.599999999999981e+12 5.599999999999981e+12
 5.599999999999981e+12 5.599999999999981e+12 5.599999999999981e+12 5.599999999999981e+12 5.599999999999981e+12 5.599999999999981e+12 5.599999999999981e+12 5.599999999999981e+12 5.599999999999981e+12 5.599999999999981e+12
 5.599999999999981e+12 5.599999999999981e+12 5.599999999999981e+12 5.599999999999981e+12 5.599999999999981e+12 5.599999999999981e+12 5.599999999999981e+12 5.599999999999981e+12 5.599999999999981e+12 5.599999999999981e+12
 5.599999999999981e+12 5.599999999999981e+12 5.599999999999981e+12 5.599999999999981e+12 5.599999999999981e+12 5.599999999999981e+12 5.599999999999981e+12 5.599999999999981e+12 5.599999999999981e+12 5.599999999999981e+12
 5.599999999999981e+12 5.599999999999981e+12 5.599999999999981e+12 5.599999999999981e+12 5.599999999999981e+12 5.599999999999981e+12 5.599999999999981e+12 5.599999999999981e+12 5.599999999999981e+12 5.599999999999981e+12
 5.599999999999981e+12 5.599999999999981e+12 5.599999999999981e+12 5.599999999999981e+12 5.599999999999981e+12 5.599999999999981e+12 5.599999999999981e+12 5.599999999999981e+12 5.599999999999981e+12 5.599999999999981e+12
 5.599999999999981e+12 5.599999999999981e+12 5.599999999999981e+12 5.599999999999981e+12 5.599999999999981e+12 5.599999999999981e+12 5.599999999999981e+12 5.599999999999981e+12 5.599999999999981e+12 5.599999999999981e+12
 5.599999999999981e+12 5.599999999999981e+12 5.599999999999981e+12 5.599999999999981e+12 5.599999999999981e+12 5.599999999999981e+12 5.599999999999981e+12 5.599999999999981e+12 5.599999999999981e+12 1.000000560000002e+19
 5.599999999999981e+12 1.000000560000002e+19 -9.999994400000018e+18 5.599999999999981e+12 5.599999999999981e+12 5.599999999999981e+12 5.599999999999981e+12 5.599999999999981e+12 5.599999999999981e+12 5.599999999999981e+12
 5.599999999999981e+12 5.599999999999981e+12 5.599999999999981e+12 5.599999999999981e+12 5.599999999999981e+12 5.599999999999981e+12 5.599999999999981e+12 5.599999999999981e+12 5.599999999999981e+12 5.599999999999981e+12
 5.599999999999981e+12 5.599999999999981e+12 5.599999999999981e+12 5.599999999999981e+12 5.599999999999981e+12 5.599999999999981e+12 5.599999999999981e+12 5.599999999999981e+12 5.599999999999981e+12 5.599999999999981e+12
 5.599999999999981e+12 5.599999999999981e+12 5.599999999999981e+12 5.599999999999981e+12 5.599999999999981e+12 5.599999999999981e+12 5.599999999999981e+12 5.599999999999981e+12 5.599999999999981e+12 5.599999999999981e+12
 5.599999999999981e+12 5.599999999999981e+12 5.599999999999981e+12 5.599999999999981e+12 5.599999999999981e+12 5.599999999999981e+12 5.599999999999981e+12 5.599999999999981e+12 5.599999999999981e+12 5.599999999999981e+12
 5.599999999999981e+12 5.599999999999981e+12 5.599999999999981e+12 5.599999999999981e+12 5.599999999999981e+12 5.599999999999981e+12 5.599999999999981e+12 5.599999999999981e+12 5.599999999999981e+12 5.599999999999981e+12
 5.599999999999981e+12 5.599999999999981e+12 5.599999999999981e+12 5.599999999999981e+12 5.599999999999981e+12 5.599999999999981e+12 5.599999999999981e+12 5.599999999999981e+12 5.599999999999981e+12 5.599999999999981e+12
 5.599999999999981e+12 5.599999999999981e+12 5.599999999999981e+12 5.599999999999981e+12 5.599999999999981e+12 5.599999999999981e+12 5.599999999999981e+12 5.599999999999981e+12 5.599999999999981e+12 5.599999999999981e+12
 5.599999999999981e+12 5.599999999999981e+12 5.599999999999981e+12 5.599999999999981e+12 5.599999999999981e+12 5.599999999999981e+12 5.599999999999981e+12 5.599999999999981e+12 5.599999999999981e+12 5.599999999999981e+12
 5.599999999999981e+12 5.599999999999981e+12 5.599999999999981e+12 5.599999999999981e+12 5.599999999999981e+12 5.599999999999981e+12 5.599999999999981e+12 5.599999999999981e+12 5.599999999999981e+12 5.599999999999981e+12
 5.599999999999981e+12 5.599999999999981e+12 5.599999999999981e+12 1.000000560000002e+19 5.599999999999981e+12 5.599999999999981e+12 5.599999999999981e+12 5.599999999999981e+12 5.599999999999981e+12 5.599999999999981e+12
 5.599999999999981e+12 5.599999999999981e+12 5.599999999999981e+12 5.599999999999981e+12 5.599999999999981e+12 5.599999999999981e+12 5.599999999999981e+12 5.599999999999981e+12 5.599999999999981e+12 5.599999999999981e+12
 5.599999999999981e+12 5.599999999999981e+12 5.599999999999981e+12 5.599999999999981e+12 5.599999999999981e+12 5.599999999999981e+12 5.599999999999981e+12 5.599999999999981e+12 5.599999999999981e+12 5.599999999999981e+12
 5.599999999999981e+12 5.599999999999981e+12 5.599999999999981e+12 5.599999999999981e+12 5.599999999999981e+12 5.599999999999981e+12 1.000000560000002e+19 1.000000560000002e+19 -9.999994400000018e+18 -9.999994400000018e+18

    }
  }

  Dataset ("NitrogenActiveConcentration") {
    function  = NitrogenActiveConcentration
    type      = scalar
    dimension = 1
    location  = vertex
    validity  = [ "i_layer" ]
    Values (4420) {
 5.599999999999991e+12 5.599999999999991e+12 5.599999999999991e+12 5.599999999999991e+12 5.599999999999991e+12 5.599999999999991e+12 5.599999999999991e+12 5.599999999999991e+12 5.599999999999991e+12 5.599999999999991e+12
 5.599999999999991e+12 5.599999999999991e+12 5.599999999999991e+12 5.599999999999991e+12 5.599999999999991e+12 5.599999999999991e+12 5.599999999999991e+12 5.599999999999991e+12 5.599999999999991e+12 5.599999999999991e+12
 5.599999999999991e+12 5.599999999999991e+12 5.599999999999991e+12 5.599999999999991e+12 5.599999999999991e+12 5.599999999999991e+12 5.599999999999991e+12 5.599999999999991e+12 5.599999999999991e+12 5.599999999999991e+12
 5.599999999999991e+12 5.599999999999991e+12 5.599999999999991e+12 5.599999999999991e+12 5.599999999999991e+12 5.599999999999991e+12 5.599999999999991e+12 5.599999999999991e+12 5.599999999999991e+12 5.599999999999991e+12
 5.599999999999991e+12 5.599999999999991e+12 5.599999999999991e+12 5.599999999999991e+12 5.599999999999991e+12 5.599999999999991e+12 5.599999999999991e+12 5.599999999999991e+12 5.599999999999991e+12 5.599999999999991e+12
 5.599999999999991e+12 5.599999999999991e+12 5.599999999999991e+12 5.599999999999991e+12 5.599999999999991e+12 5.599999999999991e+12 5.599999999999991e+12 5.599999999999991e+12 5.599999999999991e+12 5.599999999999991e+12
 5.599999999999991e+12 5.599999999999991e+12 5.599999999999991e+12 5.599999999999991e+12 5.599999999999991e+12 5.599999999999991e+12 5.599999999999991e+12 5.599999999999991e+12 5.599999999999991e+12 5.599999999999991e+12
 5.599999999999991e+12 5.599999999999991e+12 5.599999999999991e+12 5.599999999999991e+12 5.599999999999991e+12 5.599999999999991e+12 5.599999999999991e+12 5.599999999999991e+12 5.599999999999991e+12 5.599999999999991e+12
 5.599999999999991e+12 5.599999999999991e+12 5.599999999999991e+12 5.599999999999991e+12 5.599999999999991e+12 5.599999999999991e+12 5.599999999999991e+12 5.599999999999991e+12 5.599999999999991e+12 5.599999999999991e+12
 5.599999999999991e+12 5.599999999999991e+12 5.599999999999991e+12 5.599999999999991e+12 5.599999999999991e+12 5.599999999999991e+12 5.599999999999991e+12 5.599999999999991e+12 5.599999999999991e+12 5.599999999999991e+12
 5.599999999999991e+12 5.599999999999991e+12 5.599999999999991e+12 5.599999999999991e+12 5.599999999999991e+12 5.599999999999991e+12 5.599999999999991e+12 5.599999999999991e+12 5.599999999999991e+12 5.599999999999991e+12
 5.599999999999991e+12 5.599999999999991e+12 5.599999999999991e+12 5.599999999999991e+12 5.599999999999991e+12 5.599999999999991e+12 5.599999999999991e+12 5.599999999999991e+12 5.599999999999991e+12 5.599999999999991e+12
 5.599999999999991e+12 5.599999999999991e+12 5.599999999999991e+12 5.599999999999991e+12 5.599999999999991e+12 5.599999999999991e+12 5.599999999999991e+12 5.599999999999991e+12 5.599999999999991e+12 5.599999999999991e+12
 5.599999999999991e+12 5.599999999999991e+12 5.599999999999991e+12 5.599999999999991e+12 5.599999999999991e+12 5.599999999999991e+12 5.599999999999991e+12 5.599999999999991e+12 5.599999999999991e+12 5.599999999999991e+12
 5.599999999999991e+12 5.599999999999991e+12 5.599999999999991e+12 5.599999999999991e+12 5.599999999999991e+12 5.599999999999991e+12 5.599999999999991e+12 5.599999999999991e+12 5.599999999999991e+12 5.599999999999991e+12
 5.599999999999991e+12 5.599999999999991e+12 5.599999999999991e+12 5.599999999999991e+12 5.599999999999991e+12 5.599999999999991e+12 5.599999999999991e+12 5.599999999999991e+12 5.599999999999991e+12 5.599999999999991e+12
 5.599999999999991e+12 5.599999999999991e+12 5.599999999999991e+12 5.599999999999991e+12 5.599999999999991e+12 5.599999999999991e+12 5.599999999999991e+12 5.599999999999991e+12 5.599999999999991e+12 5.599999999999991e+12
 5.599999999999991e+12 5.599999999999991e+12 5.599999999999991e+12 5.599999999999991e+12 5.599999999999991e+12 5.599999999999991e+12 5.599999999999991e+12 5.599999999999991e+12 5.599999999999991e+12 5.599999999999991e+12
 5.599999999999991e+12 5.599999999999991e+12 5.599999999999991e+12 5.599999999999991e+12 5.599999999999991e+12 5.599999999999991e+12 5.599999999999991e+12 5.599999999999991e+12 5.599999999999991e+12 5.599999999999991e+12
 5.599999999999991e+12 5.599999999999991e+12 5.599999999999991e+12 5.599999999999991e+12 5.599999999999991e+12 5.599999999999991e+12 5.599999999999991e+12 5.599999999999991e+12 5.599999999999991e+12 5.599999999999991e+12
 5.599999999999991e+12 5.599999999999991e+12 5.599999999999991e+12 5.599999999999991e+12 5.599999999999991e+12 5.599999999999991e+12 5.599999999999991e+12 5.599999999999991e+12 5.599999999999991e+12 5.599999999999991e+12
 5.599999999999991e+12 5.599999999999991e+12 5.599999999999991e+12 5.599999999999991e+12 5.599999999999991e+12 5.599999999999991e+12 5.599999999999991e+12 5.599999999999991e+12 5.599999999999991e+12 5.599999999999991e+12
 5.599999999999991e+12 5.599999999999991e+12 5.599999999999991e+12 5.599999999999991e+12 5.599999999999991e+12 5.599999999999991e+12 5.599999999999991e+12 5.599999999999991e+12 5.599999999999991e+12 5.599999999999991e+12
 5.599999999999991e+12 5.599999999999991e+12 5.599999999999991e+12 5.599999999999991e+12 5.599999999999991e+12 5.599999999999991e+12 5.599999999999991e+12 5.599999999999991e+12 5.599999999999991e+12 5.599999999999991e+12
 5.599999999999991e+12 5.599999999999991e+12 5.599999999999991e+12 5.599999999999991e+12 5.599999999999991e+12 5.599999999999991e+12 5.599999999999991e+12 5.599999999999991e+12 5.599999999999991e+12 5.599999999999991e+12
 5.599999999999991e+12 5.599999999999991e+12 5.599999999999991e+12 5.599999999999991e+12 5.599999999999991e+12 5.599999999999991e+12 5.599999999999991e+12 5.599999999999991e+12 5.599999999999991e+12 5.599999999999991e+12
 5.599999999999991e+12 5.599999999999991e+12 5.599999999999991e+12 5.599999999999991e+12 5.599999999999991e+12 5.599999999999991e+12 5.599999999999991e+12 5.599999999999991e+12 5.599999999999991e+12 5.599999999999991e+12
 5.599999999999991e+12 5.599999999999991e+12 5.599999999999991e+12 5.599999999999991e+12 5.599999999999991e+12 5.599999999999991e+12 5.599999999999991e+12 5.599999999999991e+12 5.599999999999991e+12 5.599999999999991e+12
 5.599999999999991e+12 5.599999999999991e+12 5.599999999999991e+12 5.599999999999991e+12 5.599999999999991e+12 5.599999999999991e+12 5.599999999999991e+12 5.599999999999991e+12 5.599999999999991e+12 5.599999999999991e+12
 5.599999999999991e+12 5.599999999999991e+12 5.599999999999991e+12 5.599999999999991e+12 5.599999999999991e+12 5.599999999999991e+12 5.599999999999991e+12 5.599999999999991e+12 5.599999999999991e+12 5.599999999999991e+12
 5.599999999999991e+12 5.599999999999991e+12 5.599999999999991e+12 5.599999999999991e+12 5.599999999999991e+12 5.599999999999991e+12 5.599999999999991e+12 5.599999999999991e+12 5.599999999999991e+12 5.599999999999991e+12
 5.599999999999991e+12 5.599999999999991e+12 5.599999999999991e+12 5.599999999999991e+12 5.599999999999991e+12 5.599999999999991e+12 5.599999999999991e+12 5.599999999999991e+12 5.599999999999991e+12 5.599999999999991e+12
 5.599999999999991e+12 5.599999999999991e+12 5.599999999999991e+12 5.599999999999991e+12 5.599999999999991e+12 5.599999999999991e+12 5.599999999999991e+12 5.599999999999991e+12 5.599999999999991e+12 5.599999999999991e+12
 5.599999999999991e+12 5.599999999999991e+12 5.599999999999991e+12 5.599999999999991e+12 5.599999999999991e+12 5.599999999999991e+12 5.599999999999991e+12 5.599999999999991e+12 5.599999999999991e+12 5.599999999999991e+12
 5.599999999999991e+12 5.599999999999991e+12 5.599999999999991e+12 5.599999999999991e+12 5.599999999999991e+12 5.599999999999991e+12 5.599999999999991e+12 5.599999999999991e+12 5.599999999999991e+12 5.599999999999991e+12
 5.599999999999991e+12 5.599999999999991e+12 5.599999999999991e+12 5.599999999999991e+12 5.599999999999991e+12 5.599999999999991e+12 5.599999999999991e+12 5.599999999999991e+12 5.599999999999991e+12 5.599999999999991e+12
 5.599999999999991e+12 5.599999999999991e+12 5.599999999999991e+12 5.599999999999991e+12 5.599999999999991e+12 5.599999999999991e+12 5.599999999999991e+12 5.599999999999991e+12 5.599999999999991e+12 5.599999999999991e+12
 5.599999999999991e+12 5.599999999999991e+12 5.599999999999991e+12 5.599999999999991e+12 5.599999999999991e+12 5.599999999999991e+12 5.599999999999991e+12 5.599999999999991e+12 5.599999999999991e+12 5.599999999999991e+12
 5.599999999999991e+12 5.599999999999991e+12 5.599999999999991e+12 5.599999999999991e+12 5.599999999999991e+12 5.599999999999991e+12 5.599999999999991e+12 5.599999999999991e+12 5.599999999999991e+12 5.599999999999991e+12
 5.599999999999991e+12 5.599999999999991e+12 5.599999999999991e+12 5.599999999999991e+12 5.599999999999991e+12 5.599999999999991e+12 5.599999999999991e+12 5.599999999999991e+12 5.599999999999991e+12 5.599999999999991e+12
 5.599999999999991e+12 5.599999999999991e+12 5.599999999999991e+12 5.599999999999991e+12 5.599999999999991e+12 5.599999999999991e+12 5.599999999999991e+12 5.599999999999991e+12 5.599999999999991e+12 5.599999999999991e+12
 5.599999999999991e+12 5.599999999999991e+12 5.599999999999991e+12 5.599999999999991e+12 5.599999999999991e+12 5.599999999999991e+12 5.599999999999991e+12 5.599999999999991e+12 5.599999999999991e+12 5.599999999999991e+12
 5.599999999999991e+12 5.599999999999991e+12 5.599999999999991e+12 5.599999999999991e+12 5.599999999999991e+12 5.599999999999991e+12 5.599999999999991e+12 5.599999999999991e+12 5.599999999999991e+12 5.599999999999991e+12
 5.599999999999991e+12 5.599999999999991e+12 5.599999999999991e+12 5.599999999999991e+12 5.599999999999991e+12 5.599999999999991e+12 5.599999999999991e+12 5.599999999999991e+12 5.599999999999991e+12 5.599999999999991e+12
 5.599999999999991e+12 5.599999999999991e+12 5.599999999999991e+12 5.599999999999991e+12 5.599999999999991e+12 5.599999999999991e+12 5.599999999999991e+12 5.599999999999991e+12 5.599999999999991e+12 5.599999999999991e+12
 5.599999999999991e+12 5.599999999999991e+12 5.599999999999991e+12 5.599999999999991e+12 5.599999999999991e+12 5.599999999999991e+12 5.599999999999991e+12 5.599999999999991e+12 5.599999999999991e+12 5.599999999999991e+12
 5.599999999999991e+12 5.599999999999991e+12 5.599999999999991e+12 5.599999999999991e+12 5.599999999999991e+12 5.599999999999991e+12 5.599999999999991e+12 5.599999999999991e+12 5.599999999999991e+12 5.599999999999991e+12
 5.599999999999991e+12 5.599999999999991e+12 5.599999999999991e+12 5.599999999999991e+12 5.599999999999991e+12 5.599999999999991e+12 5.599999999999991e+12 5.599999999999991e+12 5.599999999999991e+12 5.599999999999991e+12
 5.599999999999991e+12 5.599999999999991e+12 5.599999999999991e+12 5.599999999999991e+12 5.599999999999991e+12 5.599999999999991e+12 5.599999999999991e+12 5.599999999999991e+12 5.599999999999991e+12 5.599999999999991e+12
 5.599999999999991e+12 5.599999999999991e+12 5.599999999999991e+12 5.599999999999991e+12 5.599999999999991e+12 5.599999999999991e+12 5.599999999999991e+12 5.599999999999991e+12 5.599999999999991e+12 5.599999999999991e+12
 5.599999999999991e+12 5.599999999999991e+12 5.599999999999991e+12 5.599999999999991e+12 5.599999999999991e+12 5.599999999999991e+12 5.599999999999991e+12 5.599999999999991e+12 5.599999999999991e+12 5.599999999999991e+12
 5.599999999999991e+12 5.599999999999991e+12 5.599999999999991e+12 5.599999999999991e+12 5.599999999999991e+12 5.599999999999991e+12 5.599999999999991e+12 5.599999999999991e+12 5.599999999999991e+12 5.599999999999991e+12
 5.599999999999991e+12 5.599999999999991e+12 5.599999999999991e+12 5.599999999999991e+12 5.599999999999991e+12 5.599999999999991e+12 5.599999999999991e+12 5.599999999999991e+12 5.599999999999991e+12 5.599999999999991e+12
 5.599999999999991e+12 5.599999999999991e+12 5.599999999999991e+12 5.599999999999991e+12 5.599999999999991e+12 5.599999999999991e+12 5.599999999999991e+12 5.599999999999991e+12 5.599999999999991e+12 5.599999999999991e+12
 5.599999999999991e+12 5.599999999999991e+12 5.599999999999991e+12 5.599999999999991e+12 5.599999999999991e+12 5.599999999999991e+12 5.599999999999991e+12 5.599999999999991e+12 5.599999999999991e+12 5.599999999999991e+12
 5.599999999999991e+12 5.599999999999991e+12 5.599999999999991e+12 5.599999999999991e+12 5.599999999999991e+12 5.599999999999991e+12 5.599999999999991e+12 5.599999999999991e+12 5.599999999999991e+12 5.599999999999991e+12
 5.599999999999991e+12 5.599999999999991e+12 5.599999999999991e+12 5.599999999999991e+12 5.599999999999991e+12 5.599999999999991e+12 5.599999999999991e+12 5.599999999999991e+12 5.599999999999991e+12 5.599999999999991e+12
 5.599999999999991e+12 5.599999999999991e+12 5.599999999999991e+12 5.599999999999991e+12 5.599999999999991e+12 5.599999999999991e+12 5.599999999999991e+12 5.599999999999991e+12 5.599999999999991e+12 5.599999999999991e+12
 5.599999999999991e+12 5.599999999999991e+12 5.599999999999991e+12 5.599999999999991e+12 5.599999999999991e+12 5.599999999999991e+12 5.599999999999991e+12 5.599999999999991e+12 5.599999999999991e+12 5.599999999999991e+12
 5.599999999999991e+12 5.599999999999991e+12 5.599999999999991e+12 5.599999999999991e+12 5.599999999999991e+12 5.599999999999991e+12 5.599999999999991e+12 5.599999999999991e+12 5.599999999999991e+12 5.599999999999991e+12
 5.599999999999991e+12 5.599999999999991e+12 5.599999999999991e+12 5.599999999999991e+12 5.599999999999991e+12 5.599999999999991e+12 5.599999999999991e+12 5.599999999999991e+12 5.599999999999991e+12 5.599999999999991e+12
 5.599999999999991e+12 5.599999999999991e+12 5.599999999999991e+12 5.599999999999991e+12 5.599999999999991e+12 5.599999999999991e+12 5.599999999999991e+12 5.599999999999991e+12 5.599999999999991e+12 5.599999999999991e+12
 5.599999999999991e+12 5.599999999999991e+12 5.599999999999991e+12 5.599999999999991e+12 5.599999999999991e+12 5.599999999999991e+12 5.599999999999991e+12 5.599999999999991e+12 5.599999999999991e+12 5.599999999999991e+12
 5.599999999999991e+12 5.599999999999991e+12 5.599999999999991e+12 5.599999999999991e+12 5.599999999999991e+12 5.599999999999991e+12 5.599999999999991e+12 5.599999999999991e+12 5.599999999999991e+12 5.599999999999991e+12
 5.599999999999991e+12 5.599999999999991e+12 5.599999999999991e+12 5.599999999999991e+12 5.599999999999991e+12 5.599999999999991e+12 5.599999999999991e+12 5.599999999999991e+12 5.599999999999991e+12 5.599999999999991e+12
 5.599999999999991e+12 5.599999999999991e+12 5.599999999999991e+12 5.599999999999991e+12 5.599999999999991e+12 5.599999999999991e+12 5.599999999999991e+12 5.599999999999991e+12 5.599999999999991e+12 5.599999999999991e+12
 5.599999999999991e+12 5.599999999999991e+12 5.599999999999991e+12 5.599999999999991e+12 5.599999999999991e+12 5.599999999999991e+12 5.599999999999991e+12 5.599999999999991e+12 5.599999999999991e+12 5.599999999999991e+12
 5.599999999999991e+12 5.599999999999991e+12 5.599999999999991e+12 5.599999999999991e+12 5.599999999999991e+12 5.599999999999991e+12 5.599999999999991e+12 5.599999999999991e+12 5.599999999999991e+12 5.599999999999991e+12
 5.599999999999991e+12 5.599999999999991e+12 5.599999999999991e+12 5.599999999999991e+12 5.599999999999991e+12 5.599999999999991e+12 5.599999999999991e+12 5.599999999999991e+12 5.599999999999991e+12 5.599999999999991e+12
 5.599999999999991e+12 5.599999999999991e+12 5.599999999999991e+12 5.599999999999991e+12 5.599999999999991e+12 5.599999999999991e+12 5.599999999999991e+12 5.599999999999991e+12 5.599999999999991e+12 5.599999999999991e+12
 5.599999999999991e+12 5.599999999999991e+12 5.599999999999991e+12 5.599999999999991e+12 5.599999999999991e+12 5.599999999999991e+12 5.599999999999991e+12 5.599999999999991e+12 5.599999999999991e+12 5.599999999999991e+12
 5.599999999999991e+12 5.599999999999991e+12 5.599999999999991e+12 5.599999999999991e+12 5.599999999999991e+12 5.599999999999991e+12 5.599999999999991e+12 5.599999999999991e+12 5.599999999999991e+12 5.599999999999991e+12
 5.599999999999991e+12 5.599999999999991e+12 5.599999999999991e+12 5.599999999999991e+12 5.599999999999991e+12 5.599999999999991e+12 5.599999999999991e+12 5.599999999999991e+12 5.599999999999991e+12 5.599999999999991e+12
 5.599999999999991e+12 5.599999999999991e+12 5.599999999999991e+12 5.599999999999991e+12 5.599999999999991e+12 5.599999999999991e+12 5.599999999999991e+12 5.599999999999991e+12 5.599999999999991e+12 5.599999999999991e+12
 5.599999999999991e+12 5.599999999999991e+12 5.599999999999991e+12 5.599999999999991e+12 5.599999999999991e+12 5.599999999999991e+12 5.599999999999991e+12 5.599999999999991e+12 5.599999999999991e+12 5.599999999999991e+12
 5.599999999999991e+12 5.599999999999991e+12 5.599999999999991e+12 5.599999999999991e+12 5.599999999999991e+12 5.599999999999991e+12 5.599999999999991e+12 5.599999999999991e+12 5.599999999999991e+12 5.599999999999991e+12
 5.599999999999991e+12 5.599999999999991e+12 5.599999999999991e+12 5.599999999999991e+12 5.599999999999991e+12 5.599999999999991e+12 5.599999999999991e+12 5.599999999999991e+12 5.599999999999991e+12 5.599999999999991e+12
 5.599999999999991e+12 5.599999999999991e+12 5.599999999999991e+12 5.599999999999991e+12 5.599999999999991e+12 5.599999999999991e+12 5.599999999999991e+12 5.599999999999991e+12 5.599999999999991e+12 5.599999999999991e+12
 5.599999999999991e+12 5.599999999999991e+12 5.599999999999991e+12 5.599999999999991e+12 5.599999999999991e+12 5.599999999999991e+12 5.599999999999991e+12 5.599999999999991e+12 5.599999999999991e+12 5.599999999999991e+12
 5.599999999999991e+12 5.599999999999991e+12 5.599999999999991e+12 5.599999999999991e+12 5.599999999999991e+12 5.599999999999991e+12 5.599999999999991e+12 5.599999999999991e+12 5.599999999999991e+12 5.599999999999991e+12
 5.599999999999991e+12 5.599999999999991e+12 5.599999999999991e+12 5.599999999999991e+12 5.599999999999991e+12 5.599999999999991e+12 5.599999999999991e+12 5.599999999999991e+12 5.599999999999991e+12 5.599999999999991e+12
 5.599999999999991e+12 5.599999999999991e+12 5.599999999999991e+12 5.599999999999991e+12 5.599999999999991e+12 5.599999999999991e+12 5.599999999999991e+12 5.599999999999991e+12 5.599999999999991e+12 5.599999999999991e+12
 5.599999999999991e+12 5.599999999999991e+12 5.599999999999991e+12 5.599999999999991e+12 5.599999999999991e+12 5.599999999999991e+12 5.599999999999991e+12 5.599999999999991e+12 5.599999999999991e+12 5.599999999999991e+12
 5.599999999999991e+12 5.599999999999991e+12 5.599999999999991e+12 5.599999999999991e+12 5.599999999999991e+12 5.599999999999991e+12 5.599999999999991e+12 5.599999999999991e+12 5.599999999999991e+12 5.599999999999991e+12
 5.599999999999991e+12 5.599999999999991e+12 5.599999999999991e+12 5.599999999999991e+12 5.599999999999991e+12 5.599999999999991e+12 5.599999999999991e+12 5.599999999999991e+12 5.599999999999991e+12 5.599999999999991e+12
 5.599999999999991e+12 5.599999999999991e+12 5.599999999999991e+12 5.599999999999991e+12 5.599999999999991e+12 5.599999999999991e+12 5.599999999999991e+12 5.599999999999991e+12 5.599999999999991e+12 5.599999999999991e+12
 5.599999999999991e+12 5.599999999999991e+12 5.599999999999991e+12 5.599999999999991e+12 5.599999999999991e+12 5.599999999999991e+12 5.599999999999991e+12 5.599999999999991e+12 5.599999999999991e+12 5.599999999999991e+12
 5.599999999999991e+12 5.599999999999991e+12 5.599999999999991e+12 5.599999999999991e+12 5.599999999999991e+12 5.599999999999991e+12 5.599999999999991e+12 5.599999999999991e+12 5.599999999999991e+12 5.599999999999991e+12
 5.599999999999991e+12 5.599999999999991e+12 5.599999999999991e+12 5.599999999999991e+12 5.599999999999991e+12 5.599999999999991e+12 5.599999999999991e+12 5.599999999999991e+12 5.599999999999991e+12 5.599999999999991e+12
 5.599999999999991e+12 5.599999999999991e+12 5.599999999999991e+12 5.599999999999991e+12 5.599999999999991e+12 5.599999999999991e+12 5.599999999999991e+12 5.599999999999991e+12 5.599999999999991e+12 5.599999999999991e+12
 5.599999999999991e+12 5.599999999999991e+12 5.599999999999991e+12 5.599999999999991e+12 5.599999999999991e+12 5.599999999999991e+12 5.599999999999991e+12 5.599999999999991e+12 5.599999999999991e+12 5.599999999999991e+12
 5.599999999999991e+12 5.599999999999991e+12 5.599999999999991e+12 5.599999999999991e+12 5.599999999999991e+12 5.599999999999991e+12 5.599999999999991e+12 5.599999999999991e+12 5.599999999999991e+12 5.599999999999991e+12
 5.599999999999991e+12 5.599999999999991e+12 5.599999999999991e+12 5.599999999999991e+12 5.599999999999991e+12 5.599999999999991e+12 5.599999999999991e+12 5.599999999999991e+12 5.599999999999991e+12 5.599999999999991e+12
 5.599999999999991e+12 5.599999999999991e+12 5.599999999999991e+12 5.599999999999991e+12 5.599999999999991e+12 5.599999999999991e+12 5.599999999999991e+12 5.599999999999991e+12 5.599999999999991e+12 5.599999999999991e+12
 5.599999999999991e+12 5.599999999999991e+12 5.599999999999991e+12 5.599999999999991e+12 5.599999999999991e+12 5.599999999999991e+12 5.599999999999991e+12 5.599999999999991e+12 5.599999999999991e+12 5.599999999999991e+12
 5.599999999999991e+12 5.599999999999991e+12 5.599999999999991e+12 5.599999999999991e+12 5.599999999999991e+12 5.599999999999991e+12 5.599999999999991e+12 5.599999999999991e+12 5.599999999999991e+12 5.599999999999991e+12
 5.599999999999991e+12 5.599999999999991e+12 5.599999999999991e+12 5.599999999999991e+12 5.599999999999991e+12 5.599999999999991e+12 5.599999999999991e+12 5.599999999999991e+12 5.599999999999991e+12 5.599999999999991e+12
 5.599999999999991e+12 5.599999999999991e+12 5.599999999999991e+12 5.599999999999991e+12 5.599999999999991e+12 5.599999999999991e+12 5.599999999999991e+12 5.599999999999991e+12 5.599999999999991e+12 5.599999999999991e+12
 5.599999999999991e+12 5.599999999999991e+12 5.599999999999991e+12 5.599999999999991e+12 5.599999999999991e+12 5.599999999999991e+12 5.599999999999991e+12 5.599999999999991e+12 5.599999999999991e+12 5.599999999999991e+12
 5.599999999999991e+12 5.599999999999991e+12 5.599999999999991e+12 5.599999999999991e+12 5.599999999999991e+12 5.599999999999991e+12 5.599999999999991e+12 5.599999999999991e+12 5.599999999999991e+12 5.599999999999991e+12
 5.599999999999991e+12 5.599999999999991e+12 5.599999999999991e+12 5.599999999999991e+12 5.599999999999991e+12 5.599999999999991e+12 5.599999999999991e+12 5.599999999999991e+12 5.599999999999991e+12 5.599999999999991e+12
 5.599999999999991e+12 5.599999999999991e+12 5.599999999999991e+12 5.599999999999991e+12 5.599999999999991e+12 5.599999999999991e+12 5.599999999999991e+12 5.599999999999991e+12 5.599999999999991e+12 5.599999999999991e+12
 5.599999999999991e+12 5.599999999999991e+12 5.599999999999991e+12 5.599999999999991e+12 5.599999999999991e+12 5.599999999999991e+12 5.599999999999991e+12 5.599999999999991e+12 5.599999999999991e+12 5.599999999999991e+12
 5.599999999999991e+12 5.599999999999991e+12 5.599999999999991e+12 5.599999999999991e+12 5.599999999999991e+12 5.599999999999991e+12 5.599999999999991e+12 5.599999999999991e+12 5.599999999999991e+12 5.599999999999991e+12
 5.599999999999991e+12 5.599999999999991e+12 5.599999999999991e+12 5.599999999999991e+12 5.599999999999991e+12 5.599999999999991e+12 5.599999999999991e+12 5.599999999999991e+12 5.599999999999991e+12 5.599999999999991e+12
 5.599999999999991e+12 5.599999999999991e+12 5.599999999999991e+12 5.599999999999991e+12 5.599999999999991e+12 5.599999999999991e+12 5.599999999999991e+12 5.599999999999991e+12 5.599999999999991e+12 5.599999999999991e+12
 5.599999999999991e+12 5.599999999999991e+12 5.599999999999991e+12 5.599999999999991e+12 5.599999999999991e+12 5.599999999999991e+12 5.599999999999991e+12 5.599999999999991e+12 5.599999999999991e+12 5.599999999999991e+12
 5.599999999999991e+12 5.599999999999991e+12 5.599999999999991e+12 5.599999999999991e+12 5.599999999999991e+12 5.599999999999991e+12 5.599999999999991e+12 5.599999999999991e+12 5.599999999999991e+12 5.599999999999991e+12
 5.599999999999991e+12 5.599999999999991e+12 5.599999999999991e+12 5.599999999999991e+12 5.599999999999991e+12 5.599999999999991e+12 5.599999999999991e+12 5.599999999999991e+12 5.599999999999991e+12 5.599999999999991e+12
 5.599999999999991e+12 5.599999999999991e+12 5.599999999999991e+12 5.599999999999991e+12 5.599999999999991e+12 5.599999999999991e+12 5.599999999999991e+12 5.599999999999991e+12 5.599999999999991e+12 5.599999999999991e+12
 5.599999999999991e+12 5.599999999999991e+12 5.599999999999991e+12 5.599999999999991e+12 5.599999999999991e+12 5.599999999999991e+12 5.599999999999991e+12 5.599999999999991e+12 5.599999999999991e+12 5.599999999999991e+12
 5.599999999999991e+12 5.599999999999991e+12 5.599999999999991e+12 5.599999999999991e+12 5.599999999999991e+12 5.599999999999991e+12 5.599999999999991e+12 5.599999999999991e+12 5.599999999999991e+12 5.599999999999991e+12
 5.599999999999991e+12 5.599999999999991e+12 5.599999999999991e+12 5.599999999999991e+12 5.599999999999991e+12 5.599999999999991e+12 5.599999999999991e+12 5.599999999999991e+12 5.599999999999991e+12 5.599999999999991e+12
 5.599999999999991e+12 5.599999999999991e+12 5.599999999999991e+12 5.599999999999991e+12 5.599999999999991e+12 5.599999999999991e+12 5.599999999999991e+12 5.599999999999991e+12 5.599999999999991e+12 5.599999999999991e+12
 5.599999999999991e+12 5.599999999999991e+12 5.599999999999991e+12 5.599999999999991e+12 5.599999999999991e+12 5.599999999999991e+12 5.599999999999991e+12 5.599999999999991e+12 5.599999999999991e+12 5.599999999999991e+12
 5.599999999999991e+12 5.599999999999991e+12 5.599999999999991e+12 5.599999999999991e+12 5.599999999999991e+12 5.599999999999991e+12 5.599999999999991e+12 5.599999999999991e+12 5.599999999999991e+12 5.599999999999991e+12
 5.599999999999991e+12 5.599999999999991e+12 5.599999999999991e+12 5.599999999999991e+12 5.599999999999991e+12 5.599999999999991e+12 5.599999999999991e+12 5.599999999999991e+12 5.599999999999991e+12 5.599999999999991e+12
 5.599999999999991e+12 5.599999999999991e+12 5.599999999999991e+12 5.599999999999991e+12 5.599999999999991e+12 5.599999999999991e+12 5.599999999999991e+12 5.599999999999991e+12 5.599999999999991e+12 5.599999999999991e+12
 5.599999999999991e+12 5.599999999999991e+12 5.599999999999991e+12 5.599999999999991e+12 5.599999999999991e+12 5.599999999999991e+12 5.599999999999991e+12 5.599999999999991e+12 5.599999999999991e+12 5.599999999999991e+12
 5.599999999999991e+12 5.599999999999991e+12 5.599999999999991e+12 5.599999999999991e+12 5.599999999999991e+12 5.599999999999991e+12 5.599999999999991e+12 5.599999999999991e+12 5.599999999999991e+12 5.599999999999991e+12
 5.599999999999991e+12 5.599999999999991e+12 5.599999999999991e+12 5.599999999999991e+12 5.599999999999991e+12 5.599999999999991e+12 5.599999999999991e+12 5.599999999999991e+12 5.599999999999991e+12 5.599999999999991e+12
 5.599999999999991e+12 5.599999999999991e+12 5.599999999999991e+12 5.599999999999991e+12 5.599999999999991e+12 5.599999999999991e+12 5.599999999999991e+12 5.599999999999991e+12 5.599999999999991e+12 5.599999999999991e+12
 5.599999999999991e+12 5.599999999999991e+12 5.599999999999991e+12 5.599999999999991e+12 5.599999999999991e+12 5.599999999999991e+12 5.599999999999991e+12 5.599999999999991e+12 5.599999999999991e+12 5.599999999999991e+12
 5.599999999999991e+12 5.599999999999991e+12 5.599999999999991e+12 5.599999999999991e+12 5.599999999999991e+12 5.599999999999991e+12 5.599999999999991e+12 5.599999999999991e+12 5.599999999999991e+12 5.599999999999991e+12
 5.599999999999991e+12 5.599999999999991e+12 5.599999999999991e+12 5.599999999999991e+12 5.599999999999991e+12 5.599999999999991e+12 5.599999999999991e+12 5.599999999999991e+12 5.599999999999991e+12 5.599999999999991e+12
 5.599999999999991e+12 5.599999999999991e+12 5.599999999999991e+12 5.599999999999991e+12 5.599999999999991e+12 5.599999999999991e+12 5.599999999999991e+12 5.599999999999991e+12 5.599999999999991e+12 5.599999999999991e+12
 5.599999999999991e+12 5.599999999999991e+12 5.599999999999991e+12 5.599999999999991e+12 5.599999999999991e+12 5.599999999999991e+12 5.599999999999991e+12 5.599999999999991e+12 5.599999999999991e+12 5.599999999999991e+12
 5.599999999999991e+12 5.599999999999991e+12 5.599999999999991e+12 5.599999999999991e+12 5.599999999999991e+12 5.599999999999991e+12 5.599999999999991e+12 5.599999999999991e+12 5.599999999999991e+12 5.599999999999991e+12
 5.599999999999991e+12 5.599999999999991e+12 5.599999999999991e+12 5.599999999999991e+12 5.599999999999991e+12 5.599999999999991e+12 5.599999999999991e+12 5.599999999999991e+12 5.599999999999991e+12 5.599999999999991e+12
 5.599999999999991e+12 5.599999999999991e+12 5.599999999999991e+12 5.599999999999991e+12 5.599999999999991e+12 5.599999999999991e+12 5.599999999999991e+12 5.599999999999991e+12 5.599999999999991e+12 5.599999999999991e+12
 5.599999999999991e+12 5.599999999999991e+12 5.599999999999991e+12 5.599999999999991e+12 5.599999999999991e+12 5.599999999999991e+12 5.599999999999991e+12 5.599999999999991e+12 5.599999999999991e+12 5.599999999999991e+12
 5.599999999999991e+12 5.599999999999991e+12 5.599999999999991e+12 5.599999999999991e+12 5.599999999999991e+12 5.599999999999991e+12 5.599999999999991e+12 5.599999999999991e+12 5.599999999999991e+12 5.599999999999991e+12
 5.599999999999991e+12 5.599999999999991e+12 5.599999999999991e+12 5.599999999999991e+12 5.599999999999991e+12 5.599999999999991e+12 5.599999999999991e+12 5.599999999999991e+12 5.599999999999991e+12 5.599999999999991e+12
 5.599999999999991e+12 5.599999999999991e+12 5.599999999999991e+12 5.599999999999991e+12 5.599999999999991e+12 5.599999999999991e+12 5.599999999999991e+12 5.599999999999991e+12 5.599999999999991e+12 5.599999999999991e+12
 5.599999999999991e+12 5.599999999999991e+12 5.599999999999991e+12 5.599999999999991e+12 5.599999999999991e+12 5.599999999999991e+12 5.599999999999991e+12 5.599999999999991e+12 5.599999999999991e+12 5.599999999999991e+12
 5.599999999999991e+12 5.599999999999991e+12 5.599999999999991e+12 5.599999999999991e+12 5.599999999999991e+12 5.599999999999991e+12 5.599999999999991e+12 5.599999999999991e+12 5.599999999999991e+12 5.599999999999991e+12
 5.599999999999991e+12 5.599999999999991e+12 5.599999999999991e+12 5.599999999999991e+12 5.599999999999991e+12 5.599999999999991e+12 5.599999999999991e+12 5.599999999999991e+12 5.599999999999991e+12 5.599999999999991e+12
 5.599999999999991e+12 5.599999999999991e+12 5.599999999999991e+12 5.599999999999991e+12 5.599999999999991e+12 5.599999999999991e+12 5.599999999999991e+12 5.599999999999991e+12 5.599999999999991e+12 5.599999999999991e+12
 5.599999999999991e+12 5.599999999999991e+12 5.599999999999991e+12 5.599999999999991e+12 5.599999999999991e+12 5.599999999999991e+12 5.599999999999991e+12 5.599999999999991e+12 5.599999999999991e+12 5.599999999999991e+12
 5.599999999999991e+12 5.599999999999991e+12 5.599999999999991e+12 5.599999999999991e+12 5.599999999999991e+12 5.599999999999991e+12 5.599999999999991e+12 5.599999999999991e+12 5.599999999999991e+12 5.599999999999991e+12
 5.599999999999991e+12 5.599999999999991e+12 5.599999999999991e+12 5.599999999999991e+12 5.599999999999991e+12 5.599999999999991e+12 5.599999999999991e+12 5.599999999999991e+12 5.599999999999991e+12 5.599999999999991e+12
 5.599999999999991e+12 5.599999999999991e+12 5.599999999999991e+12 5.599999999999991e+12 5.599999999999991e+12 5.599999999999991e+12 5.599999999999991e+12 5.599999999999991e+12 5.599999999999991e+12 5.599999999999991e+12
 5.599999999999991e+12 5.599999999999991e+12 5.599999999999991e+12 5.599999999999991e+12 5.599999999999991e+12 5.599999999999991e+12 5.599999999999991e+12 5.599999999999991e+12 5.599999999999991e+12 5.599999999999991e+12
 5.599999999999991e+12 5.599999999999991e+12 5.599999999999991e+12 5.599999999999991e+12 5.599999999999991e+12 5.599999999999991e+12 5.599999999999991e+12 5.599999999999991e+12 5.599999999999991e+12 5.599999999999991e+12
 5.599999999999991e+12 5.599999999999991e+12 5.599999999999991e+12 5.599999999999991e+12 5.599999999999991e+12 5.599999999999991e+12 5.599999999999991e+12 5.599999999999991e+12 5.599999999999991e+12 5.599999999999991e+12
 5.599999999999991e+12 5.599999999999991e+12 5.599999999999991e+12 5.599999999999991e+12 5.599999999999991e+12 5.599999999999991e+12 5.599999999999991e+12 5.599999999999991e+12 5.599999999999991e+12 5.599999999999991e+12
 5.599999999999991e+12 5.599999999999991e+12 5.599999999999991e+12 5.599999999999991e+12 5.599999999999991e+12 5.599999999999991e+12 5.599999999999991e+12 5.599999999999991e+12 5.599999999999991e+12 5.599999999999991e+12
 5.599999999999991e+12 5.599999999999991e+12 5.599999999999991e+12 5.599999999999991e+12 5.599999999999991e+12 5.599999999999991e+12 5.599999999999991e+12 5.599999999999991e+12 5.599999999999991e+12 5.599999999999991e+12
 5.599999999999991e+12 5.599999999999991e+12 5.599999999999991e+12 5.599999999999991e+12 5.599999999999991e+12 5.599999999999991e+12 5.599999999999991e+12 5.599999999999991e+12 5.599999999999991e+12 5.599999999999991e+12
 5.599999999999991e+12 5.599999999999991e+12 5.599999999999991e+12 5.599999999999991e+12 5.599999999999991e+12 5.599999999999991e+12 5.599999999999991e+12 5.599999999999991e+12 5.599999999999991e+12 5.599999999999991e+12
 5.599999999999991e+12 5.599999999999991e+12 5.599999999999991e+12 5.599999999999991e+12 5.599999999999991e+12 5.599999999999991e+12 5.599999999999991e+12 5.599999999999991e+12 5.599999999999991e+12 5.599999999999991e+12
 5.599999999999991e+12 5.599999999999991e+12 5.599999999999991e+12 5.599999999999991e+12 5.599999999999991e+12 5.599999999999991e+12 5.599999999999991e+12 5.599999999999991e+12 5.599999999999991e+12 5.599999999999991e+12
 5.599999999999991e+12 5.599999999999991e+12 5.599999999999991e+12 5.599999999999991e+12 5.599999999999991e+12 5.599999999999991e+12 5.599999999999991e+12 5.599999999999991e+12 5.599999999999991e+12 5.599999999999991e+12
 5.599999999999991e+12 5.599999999999991e+12 5.599999999999991e+12 5.599999999999991e+12 5.599999999999991e+12 5.599999999999991e+12 5.599999999999991e+12 5.599999999999991e+12 5.599999999999991e+12 5.599999999999991e+12
 5.599999999999991e+12 5.599999999999991e+12 5.599999999999991e+12 5.599999999999991e+12 5.599999999999991e+12 5.599999999999991e+12 5.599999999999991e+12 5.599999999999991e+12 5.599999999999991e+12 5.599999999999991e+12
 5.599999999999991e+12 5.599999999999991e+12 5.599999999999991e+12 5.599999999999991e+12 5.599999999999991e+12 5.599999999999991e+12 5.599999999999991e+12 5.599999999999991e+12 5.599999999999991e+12 5.599999999999991e+12
 5.599999999999991e+12 5.599999999999991e+12 5.599999999999991e+12 5.599999999999991e+12 5.599999999999991e+12 5.599999999999991e+12 5.599999999999991e+12 5.599999999999991e+12 5.599999999999991e+12 5.599999999999991e+12
 5.599999999999991e+12 5.599999999999991e+12 5.599999999999991e+12 5.599999999999991e+12 5.599999999999991e+12 5.599999999999991e+12 5.599999999999991e+12 5.599999999999991e+12 5.599999999999991e+12 5.599999999999991e+12
 5.599999999999991e+12 5.599999999999991e+12 5.599999999999991e+12 5.599999999999991e+12 5.599999999999991e+12 5.599999999999991e+12 5.599999999999991e+12 5.599999999999991e+12 5.599999999999991e+12 5.599999999999991e+12
 5.599999999999991e+12 5.599999999999991e+12 5.599999999999991e+12 5.599999999999991e+12 5.599999999999991e+12 5.599999999999991e+12 5.599999999999991e+12 5.599999999999991e+12 5.599999999999991e+12 5.599999999999991e+12
 5.599999999999991e+12 5.599999999999991e+12 5.599999999999991e+12 5.599999999999991e+12 5.599999999999991e+12 5.599999999999991e+12 5.599999999999991e+12 5.599999999999991e+12 5.599999999999991e+12 5.599999999999991e+12
 5.599999999999991e+12 5.599999999999991e+12 5.599999999999991e+12 5.599999999999991e+12 5.599999999999991e+12 5.599999999999991e+12 5.599999999999991e+12 5.599999999999991e+12 5.599999999999991e+12 5.599999999999991e+12
 5.599999999999991e+12 5.599999999999991e+12 5.599999999999991e+12 5.599999999999991e+12 5.599999999999991e+12 5.599999999999991e+12 5.599999999999991e+12 5.599999999999991e+12 5.599999999999991e+12 5.599999999999991e+12
 5.599999999999991e+12 5.599999999999991e+12 5.599999999999991e+12 5.599999999999991e+12 5.599999999999991e+12 5.599999999999991e+12 5.599999999999991e+12 5.599999999999991e+12 5.599999999999991e+12 5.599999999999991e+12
 5.599999999999991e+12 5.599999999999991e+12 5.599999999999991e+12 5.599999999999991e+12 5.599999999999991e+12 5.599999999999991e+12 5.599999999999991e+12 5.599999999999991e+12 5.599999999999991e+12 5.599999999999991e+12
 5.599999999999991e+12 5.599999999999991e+12 5.599999999999991e+12 5.599999999999991e+12 5.599999999999991e+12 5.599999999999991e+12 5.599999999999991e+12 5.599999999999991e+12 5.599999999999991e+12 5.599999999999991e+12
 5.599999999999991e+12 5.599999999999991e+12 5.599999999999991e+12 5.599999999999991e+12 5.599999999999991e+12 5.599999999999991e+12 5.599999999999991e+12 5.599999999999991e+12 5.599999999999991e+12 5.599999999999991e+12
 5.599999999999991e+12 5.599999999999991e+12 5.599999999999991e+12 5.599999999999991e+12 5.599999999999991e+12 5.599999999999991e+12 5.599999999999991e+12 5.599999999999991e+12 5.599999999999991e+12 5.599999999999991e+12
 5.599999999999991e+12 5.599999999999991e+12 5.599999999999991e+12 5.599999999999991e+12 5.599999999999991e+12 5.599999999999991e+12 5.599999999999991e+12 5.599999999999991e+12 5.599999999999991e+12 5.599999999999991e+12
 5.599999999999991e+12 5.599999999999991e+12 5.599999999999991e+12 5.599999999999991e+12 5.599999999999991e+12 5.599999999999991e+12 5.599999999999991e+12 5.599999999999991e+12 5.599999999999991e+12 5.599999999999991e+12
 5.599999999999991e+12 5.599999999999991e+12 5.599999999999991e+12 5.599999999999991e+12 5.599999999999991e+12 5.599999999999991e+12 5.599999999999991e+12 5.599999999999991e+12 5.599999999999991e+12 5.599999999999991e+12
 5.599999999999991e+12 5.599999999999991e+12 5.599999999999991e+12 5.599999999999991e+12 5.599999999999991e+12 5.599999999999991e+12 5.599999999999991e+12 5.599999999999991e+12 5.599999999999991e+12 5.599999999999991e+12
 5.599999999999991e+12 5.599999999999991e+12 5.599999999999991e+12 5.599999999999991e+12 5.599999999999991e+12 5.599999999999991e+12 5.599999999999991e+12 5.599999999999991e+12 5.599999999999991e+12 5.599999999999991e+12
 5.599999999999991e+12 5.599999999999991e+12 5.599999999999991e+12 5.599999999999991e+12 5.599999999999991e+12 5.599999999999991e+12 5.599999999999991e+12 5.599999999999991e+12 5.599999999999991e+12 5.599999999999991e+12
 5.599999999999991e+12 5.599999999999991e+12 5.599999999999991e+12 5.599999999999991e+12 5.599999999999991e+12 5.599999999999991e+12 5.599999999999991e+12 5.599999999999991e+12 5.599999999999991e+12 5.599999999999991e+12
 5.599999999999991e+12 5.599999999999991e+12 5.599999999999991e+12 5.599999999999991e+12 5.599999999999991e+12 5.599999999999991e+12 5.599999999999991e+12 5.599999999999991e+12 5.599999999999991e+12 5.599999999999991e+12
 5.599999999999991e+12 5.599999999999991e+12 5.599999999999991e+12 5.599999999999991e+12 5.599999999999991e+12 5.599999999999991e+12 5.599999999999991e+12 5.599999999999991e+12 5.599999999999991e+12 5.599999999999991e+12
 5.599999999999991e+12 5.599999999999991e+12 5.599999999999991e+12 5.599999999999991e+12 5.599999999999991e+12 5.599999999999991e+12 5.599999999999991e+12 5.599999999999991e+12 5.599999999999991e+12 5.599999999999991e+12
 5.599999999999991e+12 5.599999999999991e+12 5.599999999999991e+12 5.599999999999991e+12 5.599999999999991e+12 5.599999999999991e+12 5.599999999999991e+12 5.599999999999991e+12 5.599999999999991e+12 5.599999999999991e+12
 5.599999999999991e+12 5.599999999999991e+12 5.599999999999991e+12 5.599999999999991e+12 5.599999999999991e+12 5.599999999999991e+12 5.599999999999991e+12 5.599999999999991e+12 5.599999999999991e+12 5.599999999999991e+12
 5.599999999999991e+12 5.599999999999991e+12 5.599999999999991e+12 5.599999999999991e+12 5.599999999999991e+12 5.599999999999991e+12 5.599999999999991e+12 5.599999999999991e+12 5.599999999999991e+12 5.599999999999991e+12
 5.599999999999991e+12 5.599999999999991e+12 5.599999999999991e+12 5.599999999999991e+12 5.599999999999991e+12 5.599999999999991e+12 5.599999999999991e+12 5.599999999999991e+12 5.599999999999991e+12 5.599999999999991e+12
 5.599999999999991e+12 5.599999999999991e+12 5.599999999999991e+12 5.599999999999991e+12 5.599999999999991e+12 5.599999999999991e+12 5.599999999999991e+12 5.599999999999991e+12 5.599999999999991e+12 5.599999999999991e+12
 5.599999999999991e+12 5.599999999999991e+12 5.599999999999991e+12 5.599999999999991e+12 5.599999999999991e+12 5.599999999999991e+12 5.599999999999991e+12 5.599999999999991e+12 5.599999999999991e+12 5.599999999999991e+12
 5.599999999999991e+12 5.599999999999991e+12 5.599999999999991e+12 5.599999999999991e+12 5.599999999999991e+12 5.599999999999991e+12 5.599999999999991e+12 5.599999999999991e+12 5.599999999999991e+12 5.599999999999991e+12
 5.599999999999991e+12 5.599999999999991e+12 5.599999999999991e+12 5.599999999999991e+12 5.599999999999991e+12 5.599999999999991e+12 5.599999999999991e+12 5.599999999999991e+12 5.599999999999991e+12 5.599999999999991e+12
 5.599999999999991e+12 5.599999999999991e+12 5.599999999999991e+12 5.599999999999991e+12 5.599999999999991e+12 5.599999999999991e+12 5.599999999999991e+12 5.599999999999991e+12 5.599999999999991e+12 5.599999999999991e+12
 5.599999999999991e+12 5.599999999999991e+12 5.599999999999991e+12 5.599999999999991e+12 5.599999999999991e+12 5.599999999999991e+12 5.599999999999991e+12 5.599999999999991e+12 5.599999999999991e+12 5.599999999999991e+12
 5.599999999999991e+12 5.599999999999991e+12 5.599999999999991e+12 5.599999999999991e+12 5.599999999999991e+12 5.599999999999991e+12 5.599999999999991e+12 5.599999999999991e+12 5.599999999999991e+12 5.599999999999991e+12
 5.599999999999991e+12 5.599999999999991e+12 5.599999999999991e+12 5.599999999999991e+12 5.599999999999991e+12 5.599999999999991e+12 5.599999999999991e+12 5.599999999999991e+12 5.599999999999991e+12 5.599999999999991e+12
 5.599999999999991e+12 5.599999999999991e+12 5.599999999999991e+12 5.599999999999991e+12 5.599999999999991e+12 5.599999999999991e+12 5.599999999999991e+12 5.599999999999991e+12 5.599999999999991e+12 5.599999999999991e+12
 5.599999999999991e+12 5.599999999999991e+12 5.599999999999991e+12 5.599999999999991e+12 5.599999999999991e+12 5.599999999999991e+12 5.599999999999991e+12 5.599999999999991e+12 5.599999999999991e+12 5.599999999999991e+12
 5.599999999999991e+12 5.599999999999991e+12 5.599999999999991e+12 5.599999999999991e+12 5.599999999999991e+12 5.599999999999991e+12 5.599999999999991e+12 5.599999999999991e+12 5.599999999999991e+12 5.599999999999991e+12
 5.599999999999991e+12 5.599999999999991e+12 5.599999999999991e+12 5.599999999999991e+12 5.599999999999991e+12 5.599999999999991e+12 5.599999999999991e+12 5.599999999999991e+12 5.599999999999991e+12 5.599999999999991e+12
 5.599999999999991e+12 5.599999999999991e+12 5.599999999999991e+12 5.599999999999991e+12 5.599999999999991e+12 5.599999999999991e+12 5.599999999999991e+12 5.599999999999991e+12 5.599999999999991e+12 5.599999999999991e+12
 5.599999999999991e+12 5.599999999999991e+12 5.599999999999991e+12 5.599999999999991e+12 5.599999999999991e+12 5.599999999999991e+12 5.599999999999991e+12 5.599999999999991e+12 5.599999999999991e+12 5.599999999999991e+12
 5.599999999999991e+12 5.599999999999991e+12 5.599999999999991e+12 5.599999999999991e+12 5.599999999999991e+12 5.599999999999991e+12 5.599999999999991e+12 5.599999999999991e+12 5.599999999999991e+12 5.599999999999991e+12
 5.599999999999991e+12 5.599999999999991e+12 5.599999999999991e+12 5.599999999999991e+12 5.599999999999991e+12 5.599999999999991e+12 5.599999999999991e+12 5.599999999999991e+12 5.599999999999991e+12 5.599999999999991e+12
 5.599999999999991e+12 5.599999999999991e+12 5.599999999999991e+12 5.599999999999991e+12 5.599999999999991e+12 5.599999999999991e+12 5.599999999999991e+12 5.599999999999991e+12 5.599999999999991e+12 5.599999999999991e+12
 5.599999999999991e+12 5.599999999999991e+12 5.599999999999991e+12 5.599999999999991e+12 5.599999999999991e+12 5.599999999999991e+12 5.599999999999991e+12 5.599999999999991e+12 5.599999999999991e+12 5.599999999999991e+12
 5.599999999999991e+12 5.599999999999991e+12 5.599999999999991e+12 5.599999999999991e+12 5.599999999999991e+12 5.599999999999991e+12 5.599999999999991e+12 5.599999999999991e+12 5.599999999999991e+12 5.599999999999991e+12
 5.599999999999991e+12 5.599999999999991e+12 5.599999999999991e+12 5.599999999999991e+12 5.599999999999991e+12 5.599999999999991e+12 5.599999999999991e+12 5.599999999999991e+12 5.599999999999991e+12 5.599999999999991e+12
 5.599999999999991e+12 5.599999999999991e+12 5.599999999999991e+12 5.599999999999991e+12 5.599999999999991e+12 5.599999999999991e+12 5.599999999999991e+12 5.599999999999991e+12 5.599999999999991e+12 5.599999999999991e+12
 5.599999999999991e+12 5.599999999999991e+12 5.599999999999991e+12 5.599999999999991e+12 5.599999999999991e+12 5.599999999999991e+12 5.599999999999991e+12 5.599999999999991e+12 5.599999999999991e+12 5.599999999999991e+12
 5.599999999999991e+12 5.599999999999991e+12 5.599999999999991e+12 5.599999999999991e+12 5.599999999999991e+12 5.599999999999991e+12 5.599999999999991e+12 5.599999999999991e+12 5.599999999999991e+12 5.599999999999991e+12
 5.599999999999991e+12 5.599999999999991e+12 5.599999999999991e+12 5.599999999999991e+12 5.599999999999991e+12 5.599999999999991e+12 5.599999999999991e+12 5.599999999999991e+12 5.599999999999991e+12 5.599999999999991e+12
 5.599999999999991e+12 5.599999999999991e+12 5.599999999999991e+12 5.599999999999991e+12 5.599999999999991e+12 5.599999999999991e+12 5.599999999999991e+12 1.000000560000000e+19 5.599999999999991e+12 1.000000560000000e+19
 5.599999999999991e+12 1.000000560000000e+19 5.599999999999991e+12 1.000000560000000e+19 5.599999999999991e+12 5.599999999999991e+12 5.599999999999991e+12 5.599999999999991e+12 5.599999999999991e+12 5.599999999999991e+12
 5.599999999999991e+12 5.599999999999991e+12 5.599999999999991e+12 5.599999999999991e+12 5.599999999999991e+12 5.599999999999991e+12 5.599999999999991e+12 5.599999999999991e+12 5.599999999999991e+12 5.599999999999991e+12
 5.599999999999991e+12 1.000000560000000e+19 5.599999999999991e+12 1.000000560000000e+19 5.599999999999991e+12 1.000000560000000e+19 5.599999999999991e+12 1.000000560000000e+19 5.599999999999991e+12 5.599999999999991e+12
 5.599999999999991e+12 5.599999999999991e+12 5.599999999999991e+12 5.599999999999991e+12 5.599999999999991e+12 5.599999999999991e+12 5.599999999999991e+12 5.599999999999991e+12 5.599999999999991e+12 5.599999999999991e+12
 5.599999999999991e+12 5.599999999999991e+12 5.599999999999991e+12 5.599999999999991e+12 5.599999999999991e+12 1.000000560000000e+19 5.599999999999991e+12 1.000000560000000e+19 5.599999999999991e+12 1.000000560000000e+19
 5.599999999999991e+12 1.000000560000000e+19 5.599999999999991e+12 5.599999999999991e+12 5.599999999999991e+12 5.599999999999991e+12 5.599999999999991e+12 5.599999999999991e+12 5.599999999999991e+12 5.599999999999991e+12
 5.599999999999991e+12 5.599999999999991e+12 5.599999999999991e+12 5.599999999999991e+12 5.599999999999991e+12 5.599999999999991e+12 5.599999999999991e+12 5.599999999999991e+12 5.599999999999991e+12 1.000000560000000e+19
 5.599999999999991e+12 1.000000560000000e+19 5.599999999999991e+12 1.000000560000000e+19 5.599999999999991e+12 1.000000560000000e+19 5.599999999999991e+12 5.599999999999991e+12 5.599999999999991e+12 5.599999999999991e+12
 5.599999999999991e+12 5.599999999999991e+12 5.599999999999991e+12 5.599999999999991e+12 5.599999999999991e+12 5.599999999999991e+12 5.599999999999991e+12 5.599999999999991e+12 5.599999999999991e+12 5.599999999999991e+12
 5.599999999999991e+12 5.599999999999991e+12 5.599999999999991e+12 1.000000560000000e+19 5.599999999999991e+12 1.000000560000000e+19 5.599999999999991e+12 1.000000560000000e+19 5.599999999999991e+12 1.000000560000000e+19
 5.599999999999991e+12 5.599999999999991e+12 5.599999999999991e+12 5.599999999999991e+12 5.599999999999991e+12 5.599999999999991e+12 5.599999999999991e+12 5.599999999999991e+12 5.599999999999991e+12 5.599999999999991e+12
 5.599999999999991e+12 5.599999999999991e+12 5.599999999999991e+12 5.599999999999991e+12 5.599999999999991e+12 5.599999999999991e+12 5.599999999999991e+12 1.000000560000000e+19 5.599999999999991e+12 1.000000560000000e+19
 5.599999999999991e+12 1.000000560000000e+19 5.599999999999991e+12 1.000000560000000e+19 5.599999999999991e+12 5.599999999999991e+12 5.599999999999991e+12 5.599999999999991e+12 5.599999999999991e+12 5.599999999999991e+12
 5.599999999999991e+12 5.599999999999991e+12 5.599999999999991e+12 5.599999999999991e+12 5.599999999999991e+12 5.599999999999991e+12 5.599999999999991e+12 5.599999999999991e+12 5.599999999999991e+12 5.599999999999991e+12
 5.599999999999991e+12 1.000000560000000e+19 5.599999999999991e+12 1.000000560000000e+19 5.599999999999991e+12 1.000000560000000e+19 5.599999999999991e+12 1.000000560000000e+19 5.599999999999991e+12 5.599999999999991e+12
 5.599999999999991e+12 5.599999999999991e+12 5.599999999999991e+12 5.599999999999991e+12 5.599999999999991e+12 5.599999999999991e+12 5.599999999999991e+12 5.599999999999991e+12 5.599999999999991e+12 5.599999999999991e+12
 5.599999999999991e+12 5.599999999999991e+12 5.599999999999991e+12 5.599999999999991e+12 5.599999999999991e+12 1.000000560000000e+19 5.599999999999991e+12 1.000000560000000e+19 5.599999999999991e+12 1.000000560000000e+19
 5.599999999999991e+12 1.000000560000000e+19 5.599999999999991e+12 5.599999999999991e+12 5.599999999999991e+12 5.599999999999991e+12 5.599999999999991e+12 5.599999999999991e+12 5.599999999999991e+12 5.599999999999991e+12
 5.599999999999991e+12 5.599999999999991e+12 5.599999999999991e+12 5.599999999999991e+12 5.599999999999991e+12 5.599999999999991e+12 5.599999999999991e+12 5.599999999999991e+12 5.599999999999991e+12 5.599999999999991e+12
 5.599999999999991e+12 5.599999999999991e+12 5.599999999999991e+12 5.599999999999991e+12 5.599999999999991e+12 5.599999999999991e+12 5.599999999999991e+12 5.599999999999991e+12 5.599999999999991e+12 5.599999999999991e+12
 5.599999999999991e+12 5.599999999999991e+12 5.599999999999991e+12 5.599999999999991e+12 5.599999999999991e+12 5.599999999999991e+12 5.599999999999991e+12 5.599999999999991e+12 5.599999999999991e+12 5.599999999999991e+12
 5.599999999999991e+12 5.599999999999991e+12 5.599999999999991e+12 5.599999999999991e+12 5.599999999999991e+12 5.599999999999991e+12 5.599999999999991e+12 5.599999999999991e+12 5.599999999999991e+12 5.599999999999991e+12
 5.599999999999991e+12 5.599999999999991e+12 5.599999999999991e+12 5.599999999999991e+12 5.599999999999991e+12 5.599999999999991e+12 5.599999999999991e+12 5.599999999999991e+12 5.599999999999991e+12 5.599999999999991e+12
 5.599999999999991e+12 5.599999999999991e+12 5.599999999999991e+12 5.599999999999991e+12 5.599999999999991e+12 5.599999999999991e+12 5.599999999999991e+12 5.599999999999991e+12 5.599999999999991e+12 5.599999999999991e+12
 5.599999999999991e+12 5.599999999999991e+12 5.599999999999991e+12 5.599999999999991e+12 5.599999999999991e+12 5.599999999999991e+12 5.599999999999991e+12 5.599999999999991e+12 5.599999999999991e+12 5.599999999999991e+12
 5.599999999999991e+12 5.599999999999991e+12 5.599999999999991e+12 5.599999999999991e+12 5.599999999999991e+12 5.599999999999991e+12 5.599999999999991e+12 5.599999999999991e+12 5.599999999999991e+12 5.599999999999991e+12
 5.599999999999991e+12 5.599999999999991e+12 5.599999999999991e+12 5.599999999999991e+12 5.599999999999991e+12 5.599999999999991e+12 5.599999999999991e+12 5.599999999999991e+12 5.599999999999991e+12 5.599999999999991e+12
 5.599999999999991e+12 5.599999999999991e+12 5.599999999999991e+12 5.599999999999991e+12 5.599999999999991e+12 5.599999999999991e+12 5.599999999999991e+12 5.599999999999991e+12 5.599999999999991e+12 5.599999999999991e+12
 5.599999999999991e+12 5.599999999999991e+12 5.599999999999991e+12 5.599999999999991e+12 5.599999999999991e+12 5.599999999999991e+12 5.599999999999991e+12 5.599999999999991e+12 5.599999999999991e+12 5.599999999999991e+12
 5.599999999999991e+12 5.599999999999991e+12 5.599999999999991e+12 5.599999999999991e+12 5.599999999999991e+12 5.599999999999991e+12 5.599999999999991e+12 5.599999999999991e+12 5.599999999999991e+12 5.599999999999991e+12
 5.599999999999991e+12 5.599999999999991e+12 5.599999999999991e+12 5.599999999999991e+12 5.599999999999991e+12 5.599999999999991e+12 5.599999999999991e+12 5.599999999999991e+12 5.599999999999991e+12 5.599999999999991e+12
 5.599999999999991e+12 5.599999999999991e+12 5.599999999999991e+12 5.599999999999991e+12 5.599999999999991e+12 5.599999999999991e+12 5.599999999999991e+12 5.599999999999991e+12 5.599999999999991e+12 5.599999999999991e+12
 5.599999999999991e+12 5.599999999999991e+12 5.599999999999991e+12 5.599999999999991e+12 5.599999999999991e+12 5.599999999999991e+12 5.599999999999991e+12 5.599999999999991e+12 5.599999999999991e+12 5.599999999999991e+12
 5.599999999999991e+12 5.599999999999991e+12 5.599999999999991e+12 5.599999999999991e+12 5.599999999999991e+12 5.599999999999991e+12 5.599999999999991e+12 5.599999999999991e+12 5.599999999999991e+12 5.599999999999991e+12
 5.599999999999991e+12 5.599999999999991e+12 5.599999999999991e+12 5.599999999999991e+12 5.599999999999991e+12 5.599999999999991e+12 5.599999999999991e+12 5.599999999999991e+12 5.599999999999991e+12 5.599999999999991e+12
 5.599999999999991e+12 5.599999999999991e+12 5.599999999999991e+12 5.599999999999991e+12 5.599999999999991e+12 5.599999999999991e+12 5.599999999999991e+12 5.599999999999991e+12 5.599999999999991e+12 5.599999999999991e+12
 5.599999999999991e+12 5.599999999999991e+12 5.599999999999991e+12 5.599999999999991e+12 5.599999999999991e+12 5.599999999999991e+12 5.599999999999991e+12 5.599999999999991e+12 5.599999999999991e+12 5.599999999999991e+12
 5.599999999999991e+12 5.599999999999991e+12 5.599999999999991e+12 5.599999999999991e+12 5.599999999999991e+12 5.599999999999991e+12 5.599999999999991e+12 5.599999999999991e+12 5.599999999999991e+12 5.599999999999991e+12
 5.599999999999991e+12 5.599999999999991e+12 5.599999999999991e+12 5.599999999999991e+12 5.599999999999991e+12 5.599999999999991e+12 5.599999999999991e+12 5.599999999999991e+12 5.599999999999991e+12 5.599999999999991e+12
 5.599999999999991e+12 5.599999999999991e+12 5.599999999999991e+12 5.599999999999991e+12 5.599999999999991e+12 5.599999999999991e+12 5.599999999999991e+12 5.599999999999991e+12 5.599999999999991e+12 5.599999999999991e+12
 5.599999999999991e+12 5.599999999999991e+12 5.599999999999991e+12 5.599999999999991e+12 5.599999999999991e+12 5.599999999999991e+12 5.599999999999991e+12 5.599999999999991e+12 5.599999999999991e+12 5.599999999999991e+12
 5.599999999999991e+12 5.599999999999991e+12 5.599999999999991e+12 5.599999999999991e+12 5.599999999999991e+12 5.599999999999991e+12 5.599999999999991e+12 5.599999999999991e+12 5.599999999999991e+12 5.599999999999991e+12
 5.599999999999991e+12 5.599999999999991e+12 5.599999999999991e+12 5.599999999999991e+12 5.599999999999991e+12 5.599999999999991e+12 5.599999999999991e+12 5.599999999999991e+12 5.599999999999991e+12 5.599999999999991e+12
 5.599999999999991e+12 5.599999999999991e+12 5.599999999999991e+12 5.599999999999991e+12 5.599999999999991e+12 5.599999999999991e+12 5.599999999999991e+12 5.599999999999991e+12 5.599999999999991e+12 5.599999999999991e+12
 5.599999999999991e+12 5.599999999999991e+12 5.599999999999991e+12 5.599999999999991e+12 5.599999999999991e+12 5.599999999999991e+12 5.599999999999991e+12 5.599999999999991e+12 5.599999999999991e+12 5.599999999999991e+12
 5.599999999999991e+12 5.599999999999991e+12 5.599999999999991e+12 5.599999999999991e+12 5.599999999999991e+12 5.599999999999991e+12 5.599999999999991e+12 5.599999999999991e+12 5.599999999999991e+12 5.599999999999991e+12
 5.599999999999991e+12 5.599999999999991e+12 5.599999999999991e+12 5.599999999999991e+12 5.599999999999991e+12 5.599999999999991e+12 5.599999999999991e+12 5.599999999999991e+12 5.599999999999991e+12 5.599999999999991e+12
 5.599999999999991e+12 5.599999999999991e+12 5.599999999999991e+12 5.599999999999991e+12 5.599999999999991e+12 5.599999999999991e+12 5.599999999999991e+12 5.599999999999991e+12 5.599999999999991e+12 5.599999999999991e+12
 5.599999999999991e+12 5.599999999999991e+12 5.599999999999991e+12 5.599999999999991e+12 5.599999999999991e+12 5.599999999999991e+12 5.599999999999991e+12 5.599999999999991e+12 5.599999999999991e+12 5.599999999999991e+12
 5.599999999999991e+12 5.599999999999991e+12 5.599999999999991e+12 5.599999999999991e+12 5.599999999999991e+12 5.599999999999991e+12 5.599999999999991e+12 5.599999999999991e+12 5.599999999999991e+12 5.599999999999991e+12
 5.599999999999991e+12 5.599999999999991e+12 5.599999999999991e+12 5.599999999999991e+12 5.599999999999991e+12 5.599999999999991e+12 5.599999999999991e+12 5.599999999999991e+12 5.599999999999991e+12 5.599999999999991e+12
 5.599999999999991e+12 5.599999999999991e+12 5.599999999999991e+12 5.599999999999991e+12 5.599999999999991e+12 5.599999999999991e+12 5.599999999999991e+12 5.599999999999991e+12 5.599999999999991e+12 5.599999999999991e+12
 5.599999999999991e+12 5.599999999999991e+12 5.599999999999991e+12 5.599999999999991e+12 5.599999999999991e+12 5.599999999999991e+12 5.599999999999991e+12 5.599999999999991e+12 5.599999999999991e+12 5.599999999999991e+12
 5.599999999999991e+12 5.599999999999991e+12 5.599999999999991e+12 5.599999999999991e+12 5.599999999999991e+12 5.599999999999991e+12 5.599999999999991e+12 5.599999999999991e+12 5.599999999999991e+12 5.599999999999991e+12
 5.599999999999991e+12 5.599999999999991e+12 5.599999999999991e+12 5.599999999999991e+12 5.599999999999991e+12 5.599999999999991e+12 5.599999999999991e+12 5.599999999999991e+12 5.599999999999991e+12 5.599999999999991e+12
 5.599999999999991e+12 5.599999999999991e+12 5.599999999999991e+12 5.599999999999991e+12 5.599999999999991e+12 5.599999999999991e+12 5.599999999999991e+12 5.599999999999991e+12 5.599999999999991e+12 5.599999999999991e+12
 5.599999999999991e+12 5.599999999999991e+12 5.599999999999991e+12 5.599999999999991e+12 5.599999999999991e+12 5.599999999999991e+12 5.599999999999991e+12 5.599999999999991e+12 5.599999999999991e+12 5.599999999999991e+12
 5.599999999999991e+12 5.599999999999991e+12 5.599999999999991e+12 5.599999999999991e+12 5.599999999999991e+12 5.599999999999991e+12 5.599999999999991e+12 5.599999999999991e+12 5.599999999999991e+12 5.599999999999991e+12
 5.599999999999991e+12 5.599999999999991e+12 5.599999999999991e+12 5.599999999999991e+12 5.599999999999991e+12 5.599999999999991e+12 5.599999999999991e+12 5.599999999999991e+12 5.599999999999991e+12 5.599999999999991e+12
 5.599999999999991e+12 5.599999999999991e+12 5.599999999999991e+12 5.599999999999991e+12 5.599999999999991e+12 5.599999999999991e+12 5.599999999999991e+12 5.599999999999991e+12 5.599999999999991e+12 5.599999999999991e+12
 5.599999999999991e+12 5.599999999999991e+12 5.599999999999991e+12 5.599999999999991e+12 5.599999999999991e+12 5.599999999999991e+12 5.599999999999991e+12 5.599999999999991e+12 5.599999999999991e+12 5.599999999999991e+12
 5.599999999999991e+12 5.599999999999991e+12 5.599999999999991e+12 5.599999999999991e+12 5.599999999999991e+12 5.599999999999991e+12 5.599999999999991e+12 5.599999999999991e+12 5.599999999999991e+12 5.599999999999991e+12
 5.599999999999991e+12 5.599999999999991e+12 5.599999999999991e+12 5.599999999999991e+12 5.599999999999991e+12 5.599999999999991e+12 5.599999999999991e+12 5.599999999999991e+12 5.599999999999991e+12 5.599999999999991e+12
 5.599999999999991e+12 5.599999999999991e+12 5.599999999999991e+12 5.599999999999991e+12 5.599999999999991e+12 5.599999999999991e+12 5.599999999999991e+12 5.599999999999991e+12 5.599999999999991e+12 5.599999999999991e+12
 5.599999999999991e+12 5.599999999999991e+12 5.599999999999991e+12 5.599999999999991e+12 5.599999999999991e+12 5.599999999999991e+12 5.599999999999991e+12 5.599999999999991e+12 5.599999999999991e+12 5.599999999999991e+12
 5.599999999999991e+12 5.599999999999991e+12 5.599999999999991e+12 5.599999999999991e+12 5.599999999999991e+12 5.599999999999991e+12 5.599999999999991e+12 5.599999999999991e+12 5.599999999999991e+12 5.599999999999991e+12
 5.599999999999991e+12 5.599999999999991e+12 5.599999999999991e+12 5.599999999999991e+12 5.599999999999991e+12 5.599999999999991e+12 5.599999999999991e+12 5.599999999999991e+12 5.599999999999991e+12 5.599999999999991e+12
 5.599999999999991e+12 5.599999999999991e+12 5.599999999999991e+12 5.599999999999991e+12 5.599999999999991e+12 5.599999999999991e+12 5.599999999999991e+12 5.599999999999991e+12 5.599999999999991e+12 5.599999999999991e+12
 5.599999999999991e+12 5.599999999999991e+12 5.599999999999991e+12 5.599999999999991e+12 5.599999999999991e+12 5.599999999999991e+12 5.599999999999991e+12 5.599999999999991e+12 5.599999999999991e+12 5.599999999999991e+12
 5.599999999999991e+12 5.599999999999991e+12 5.599999999999991e+12 5.599999999999991e+12 5.599999999999991e+12 5.599999999999991e+12 5.599999999999991e+12 5.599999999999991e+12 5.599999999999991e+12 5.599999999999991e+12
 5.599999999999991e+12 5.599999999999991e+12 5.599999999999991e+12 5.599999999999991e+12 5.599999999999991e+12 5.599999999999991e+12 5.599999999999991e+12 5.599999999999991e+12 5.599999999999991e+12 5.599999999999991e+12
 5.599999999999991e+12 5.599999999999991e+12 5.599999999999991e+12 5.599999999999991e+12 5.599999999999991e+12 5.599999999999991e+12 5.599999999999991e+12 5.599999999999991e+12 5.599999999999991e+12 5.599999999999991e+12
 5.599999999999991e+12 5.599999999999991e+12 5.599999999999991e+12 5.599999999999991e+12 5.599999999999991e+12 5.599999999999991e+12 5.599999999999991e+12 5.599999999999991e+12 5.599999999999991e+12 5.599999999999991e+12
 5.599999999999991e+12 5.599999999999991e+12 5.599999999999991e+12 5.599999999999991e+12 5.599999999999991e+12 5.599999999999991e+12 5.599999999999991e+12 5.599999999999991e+12 5.599999999999991e+12 5.599999999999991e+12
 5.599999999999991e+12 5.599999999999991e+12 5.599999999999991e+12 5.599999999999991e+12 5.599999999999991e+12 5.599999999999991e+12 5.599999999999991e+12 5.599999999999991e+12 5.599999999999991e+12 5.599999999999991e+12
 5.599999999999991e+12 5.599999999999991e+12 5.599999999999991e+12 5.599999999999991e+12 5.599999999999991e+12 5.599999999999991e+12 5.599999999999991e+12 5.599999999999991e+12 5.599999999999991e+12 5.599999999999991e+12
 5.599999999999991e+12 5.599999999999991e+12 5.599999999999991e+12 5.599999999999991e+12 5.599999999999991e+12 5.599999999999991e+12 5.599999999999991e+12 5.599999999999991e+12 5.599999999999991e+12 5.599999999999991e+12
 5.599999999999991e+12 5.599999999999991e+12 5.599999999999991e+12 5.599999999999991e+12 5.599999999999991e+12 5.599999999999991e+12 5.599999999999991e+12 5.599999999999991e+12 5.599999999999991e+12 5.599999999999991e+12
 5.599999999999991e+12 5.599999999999991e+12 5.599999999999991e+12 5.599999999999991e+12 5.599999999999991e+12 5.599999999999991e+12 5.599999999999991e+12 5.599999999999991e+12 5.599999999999991e+12 5.599999999999991e+12
 5.599999999999991e+12 5.599999999999991e+12 5.599999999999991e+12 5.599999999999991e+12 5.599999999999991e+12 5.599999999999991e+12 5.599999999999991e+12 5.599999999999991e+12 5.599999999999991e+12 5.599999999999991e+12
 5.599999999999991e+12 5.599999999999991e+12 5.599999999999991e+12 5.599999999999991e+12 5.599999999999991e+12 5.599999999999991e+12 5.599999999999991e+12 5.599999999999991e+12 5.599999999999991e+12 5.599999999999991e+12
 5.599999999999991e+12 5.599999999999991e+12 5.599999999999991e+12 5.599999999999991e+12 5.599999999999991e+12 5.599999999999991e+12 5.599999999999991e+12 5.599999999999991e+12 5.599999999999991e+12 5.599999999999991e+12
 5.599999999999991e+12 5.599999999999991e+12 5.599999999999991e+12 5.599999999999991e+12 5.599999999999991e+12 5.599999999999991e+12 5.599999999999991e+12 5.599999999999991e+12 5.599999999999991e+12 5.599999999999991e+12
 5.599999999999991e+12 5.599999999999991e+12 5.599999999999991e+12 5.599999999999991e+12 5.599999999999991e+12 5.599999999999991e+12 5.599999999999991e+12 5.599999999999991e+12 5.599999999999991e+12 5.599999999999991e+12
 5.599999999999991e+12 5.599999999999991e+12 5.599999999999991e+12 5.599999999999991e+12 5.599999999999991e+12 5.599999999999991e+12 5.599999999999991e+12 5.599999999999991e+12 5.599999999999991e+12 5.599999999999991e+12
 5.599999999999991e+12 5.599999999999991e+12 5.599999999999991e+12 5.599999999999991e+12 5.599999999999991e+12 5.599999999999991e+12 5.599999999999991e+12 5.599999999999991e+12 5.599999999999991e+12 5.599999999999991e+12
 5.599999999999991e+12 5.599999999999991e+12 5.599999999999991e+12 5.599999999999991e+12 5.599999999999991e+12 5.599999999999991e+12 5.599999999999991e+12 5.599999999999991e+12 5.599999999999991e+12 5.599999999999991e+12
 5.599999999999991e+12 5.599999999999991e+12 5.599999999999991e+12 5.599999999999991e+12 5.599999999999991e+12 5.599999999999991e+12 5.599999999999991e+12 5.599999999999991e+12 5.599999999999991e+12 5.599999999999991e+12
 5.599999999999991e+12 5.599999999999991e+12 5.599999999999991e+12 5.599999999999991e+12 5.599999999999991e+12 5.599999999999991e+12 5.599999999999991e+12 5.599999999999991e+12 5.599999999999991e+12 5.599999999999991e+12
 5.599999999999991e+12 5.599999999999991e+12 5.599999999999991e+12 5.599999999999991e+12 5.599999999999991e+12 5.599999999999991e+12 5.599999999999991e+12 5.599999999999991e+12 5.599999999999991e+12 5.599999999999991e+12
 5.599999999999991e+12 5.599999999999991e+12 5.599999999999991e+12 5.599999999999991e+12 5.599999999999991e+12 5.599999999999991e+12 5.599999999999991e+12 5.599999999999991e+12 5.599999999999991e+12 5.599999999999991e+12
 5.599999999999991e+12 5.599999999999991e+12 5.599999999999991e+12 5.599999999999991e+12 5.599999999999991e+12 5.599999999999991e+12 5.599999999999991e+12 5.599999999999991e+12 5.599999999999991e+12 5.599999999999991e+12
 5.599999999999991e+12 5.599999999999991e+12 5.599999999999991e+12 5.599999999999991e+12 5.599999999999991e+12 5.599999999999991e+12 5.599999999999991e+12 5.599999999999991e+12 5.599999999999991e+12 5.599999999999991e+12
 5.599999999999991e+12 5.599999999999991e+12 5.599999999999991e+12 5.599999999999991e+12 5.599999999999991e+12 5.599999999999991e+12 5.599999999999991e+12 5.599999999999991e+12 5.599999999999991e+12 5.599999999999991e+12
 5.599999999999991e+12 5.599999999999991e+12 5.599999999999991e+12 5.599999999999991e+12 5.599999999999991e+12 5.599999999999991e+12 5.599999999999991e+12 5.599999999999991e+12 5.599999999999991e+12 5.599999999999991e+12
 5.599999999999991e+12 5.599999999999991e+12 5.599999999999991e+12 5.599999999999991e+12 5.599999999999991e+12 5.599999999999991e+12 5.599999999999991e+12 5.599999999999991e+12 5.599999999999991e+12 5.599999999999991e+12
 5.599999999999991e+12 5.599999999999991e+12 5.599999999999991e+12 5.599999999999991e+12 5.599999999999991e+12 5.599999999999991e+12 5.599999999999991e+12 5.599999999999991e+12 5.599999999999991e+12 5.599999999999991e+12
 5.599999999999991e+12 5.599999999999991e+12 5.599999999999991e+12 5.599999999999991e+12 5.599999999999991e+12 5.599999999999991e+12 5.599999999999991e+12 5.599999999999991e+12 5.599999999999991e+12 5.599999999999991e+12
 5.599999999999991e+12 5.599999999999991e+12 5.599999999999991e+12 5.599999999999991e+12 5.599999999999991e+12 5.599999999999991e+12 5.599999999999991e+12 5.599999999999991e+12 5.599999999999991e+12 5.599999999999991e+12
 5.599999999999991e+12 5.599999999999991e+12 5.599999999999991e+12 5.599999999999991e+12 5.599999999999991e+12 5.599999999999991e+12 5.599999999999991e+12 5.599999999999991e+12 5.599999999999991e+12 5.599999999999991e+12
 5.599999999999991e+12 5.599999999999991e+12 5.599999999999991e+12 5.599999999999991e+12 5.599999999999991e+12 5.599999999999991e+12 5.599999999999991e+12 5.599999999999991e+12 5.599999999999991e+12 5.599999999999991e+12
 5.599999999999991e+12 5.599999999999991e+12 5.599999999999991e+12 5.599999999999991e+12 5.599999999999991e+12 5.599999999999991e+12 5.599999999999991e+12 5.599999999999991e+12 5.599999999999991e+12 5.599999999999991e+12
 5.599999999999991e+12 5.599999999999991e+12 5.599999999999991e+12 5.599999999999991e+12 5.599999999999991e+12 5.599999999999991e+12 5.599999999999991e+12 5.599999999999991e+12 5.599999999999991e+12 5.599999999999991e+12
 5.599999999999991e+12 5.599999999999991e+12 5.599999999999991e+12 5.599999999999991e+12 5.599999999999991e+12 5.599999999999991e+12 5.599999999999991e+12 5.599999999999991e+12 5.599999999999991e+12 5.599999999999991e+12
 5.599999999999991e+12 5.599999999999991e+12 5.599999999999991e+12 5.599999999999991e+12 5.599999999999991e+12 5.599999999999991e+12 5.599999999999991e+12 5.599999999999991e+12 5.599999999999991e+12 5.599999999999991e+12
 5.599999999999991e+12 5.599999999999991e+12 5.599999999999991e+12 5.599999999999991e+12 5.599999999999991e+12 5.599999999999991e+12 5.599999999999991e+12 5.599999999999991e+12 5.599999999999991e+12 5.599999999999991e+12
 5.599999999999991e+12 5.599999999999991e+12 5.599999999999991e+12 5.599999999999991e+12 5.599999999999991e+12 5.599999999999991e+12 5.599999999999991e+12 5.599999999999991e+12 5.599999999999991e+12 5.599999999999991e+12
 5.599999999999991e+12 5.599999999999991e+12 5.599999999999991e+12 5.599999999999991e+12 5.599999999999991e+12 5.599999999999991e+12 5.599999999999991e+12 5.599999999999991e+12 5.599999999999991e+12 5.599999999999991e+12
 5.599999999999991e+12 5.599999999999991e+12 5.599999999999991e+12 5.599999999999991e+12 5.599999999999991e+12 5.599999999999991e+12 5.599999999999991e+12 5.599999999999991e+12 5.599999999999991e+12 5.599999999999991e+12
 5.599999999999991e+12 5.599999999999991e+12 5.599999999999991e+12 5.599999999999991e+12 5.599999999999991e+12 5.599999999999991e+12 5.599999999999991e+12 5.599999999999991e+12 5.599999999999991e+12 5.599999999999991e+12
 5.599999999999991e+12 5.599999999999991e+12 5.599999999999991e+12 5.599999999999991e+12 5.599999999999991e+12 5.599999999999991e+12 5.599999999999991e+12 5.599999999999991e+12 5.599999999999991e+12 5.599999999999991e+12
 5.599999999999991e+12 5.599999999999991e+12 5.599999999999991e+12 5.599999999999991e+12 5.599999999999991e+12 5.599999999999991e+12 5.599999999999991e+12 5.599999999999991e+12 5.599999999999991e+12 5.599999999999991e+12
 5.599999999999991e+12 5.599999999999991e+12 5.599999999999991e+12 5.599999999999991e+12 5.599999999999991e+12 5.599999999999991e+12 5.599999999999991e+12 5.599999999999991e+12 5.599999999999991e+12 5.599999999999991e+12
 5.599999999999991e+12 5.599999999999991e+12 5.599999999999991e+12 5.599999999999991e+12 5.599999999999991e+12 5.599999999999991e+12 5.599999999999991e+12 5.599999999999991e+12 5.599999999999991e+12 5.599999999999991e+12
 5.599999999999991e+12 5.599999999999991e+12 5.599999999999991e+12 5.599999999999991e+12 5.599999999999991e+12 5.599999999999991e+12 5.599999999999991e+12 5.599999999999991e+12 5.599999999999991e+12 5.599999999999991e+12
 5.599999999999991e+12 5.599999999999991e+12 5.599999999999991e+12 5.599999999999991e+12 5.599999999999991e+12 5.599999999999991e+12 5.599999999999991e+12 5.599999999999991e+12 5.599999999999991e+12 5.599999999999991e+12
 5.599999999999991e+12 5.599999999999991e+12 5.599999999999991e+12 5.599999999999991e+12 5.599999999999991e+12 5.599999999999991e+12 5.599999999999991e+12 5.599999999999991e+12 5.599999999999991e+12 5.599999999999991e+12
 5.599999999999991e+12 5.599999999999991e+12 5.599999999999991e+12 5.599999999999991e+12 5.599999999999991e+12 5.599999999999991e+12 5.599999999999991e+12 5.599999999999991e+12 5.599999999999991e+12 5.599999999999991e+12
 5.599999999999991e+12 1.000000560000000e+19 5.599999999999991e+12 1.000000560000000e+19 5.599999999999991e+12 1.000000560000000e+19 5.599999999999991e+12 1.000000560000000e+19 5.599999999999991e+12 5.599999999999991e+12
 5.599999999999991e+12 5.599999999999991e+12 5.599999999999991e+12 5.599999999999991e+12 5.599999999999991e+12 5.599999999999991e+12 5.599999999999991e+12 5.599999999999991e+12 5.599999999999991e+12 5.599999999999991e+12
 5.599999999999991e+12 5.599999999999991e+12 5.599999999999991e+12 5.599999999999991e+12 5.599999999999991e+12 1.000000560000000e+19 5.599999999999991e+12 1.000000560000000e+19 5.599999999999991e+12 1.000000560000000e+19
 5.599999999999991e+12 1.000000560000000e+19 5.599999999999991e+12 5.599999999999991e+12 5.599999999999991e+12 5.599999999999991e+12 5.599999999999991e+12 5.599999999999991e+12 5.599999999999991e+12 5.599999999999991e+12
 5.599999999999991e+12 5.599999999999991e+12 5.599999999999991e+12 5.599999999999991e+12 5.599999999999991e+12 5.599999999999991e+12 5.599999999999991e+12 5.599999999999991e+12 5.599999999999991e+12 1.000000560000000e+19
 5.599999999999991e+12 1.000000560000000e+19 5.599999999999991e+12 1.000000560000000e+19 5.599999999999991e+12 1.000000560000000e+19 5.599999999999991e+12 5.599999999999991e+12 5.599999999999991e+12 5.599999999999991e+12
 5.599999999999991e+12 5.599999999999991e+12 5.599999999999991e+12 5.599999999999991e+12 5.599999999999991e+12 5.599999999999991e+12 5.599999999999991e+12 5.599999999999991e+12 5.599999999999991e+12 5.599999999999991e+12
 5.599999999999991e+12 5.599999999999991e+12 5.599999999999991e+12 1.000000560000000e+19 5.599999999999991e+12 1.000000560000000e+19 5.599999999999991e+12 1.000000560000000e+19 5.599999999999991e+12 1.000000560000000e+19
 5.599999999999991e+12 5.599999999999991e+12 5.599999999999991e+12 5.599999999999991e+12 5.599999999999991e+12 5.599999999999991e+12 5.599999999999991e+12 5.599999999999991e+12 5.599999999999991e+12 5.599999999999991e+12
 5.599999999999991e+12 5.599999999999991e+12 5.599999999999991e+12 5.599999999999991e+12 5.599999999999991e+12 5.599999999999991e+12 5.599999999999991e+12 5.599999999999991e+12 5.599999999999991e+12 5.599999999999991e+12
 5.599999999999991e+12 5.599999999999991e+12 5.599999999999991e+12 5.599999999999991e+12 5.599999999999991e+12 5.599999999999991e+12 5.599999999999991e+12 5.599999999999991e+12 5.599999999999991e+12 5.599999999999991e+12
 5.599999999999991e+12 5.599999999999991e+12 5.599999999999991e+12 5.599999999999991e+12 5.599999999999991e+12 5.599999999999991e+12 5.599999999999991e+12 5.599999999999991e+12 5.599999999999991e+12 5.599999999999991e+12
 5.599999999999991e+12 5.599999999999991e+12 5.599999999999991e+12 5.599999999999991e+12 5.599999999999991e+12 5.599999999999991e+12 5.599999999999991e+12 5.599999999999991e+12 5.599999999999991e+12 5.599999999999991e+12
 5.599999999999991e+12 5.599999999999991e+12 5.599999999999991e+12 5.599999999999991e+12 5.599999999999991e+12 5.599999999999991e+12 5.599999999999991e+12 5.599999999999991e+12 5.599999999999991e+12 5.599999999999991e+12
 5.599999999999991e+12 5.599999999999991e+12 5.599999999999991e+12 5.599999999999991e+12 5.599999999999991e+12 5.599999999999991e+12 5.599999999999991e+12 5.599999999999991e+12 5.599999999999991e+12 5.599999999999991e+12
 5.599999999999991e+12 5.599999999999991e+12 5.599999999999991e+12 5.599999999999991e+12 5.599999999999991e+12 5.599999999999991e+12 5.599999999999991e+12 5.599999999999991e+12 5.599999999999991e+12 5.599999999999991e+12
 5.599999999999991e+12 5.599999999999991e+12 5.599999999999991e+12 5.599999999999991e+12 5.599999999999991e+12 5.599999999999991e+12 5.599999999999991e+12 5.599999999999991e+12 5.599999999999991e+12 5.599999999999991e+12
 5.599999999999991e+12 5.599999999999991e+12 5.599999999999991e+12 5.599999999999991e+12 5.599999999999991e+12 5.599999999999991e+12 5.599999999999991e+12 5.599999999999991e+12 5.599999999999991e+12 5.599999999999991e+12
 5.599999999999991e+12 5.599999999999991e+12 5.599999999999991e+12 5.599999999999991e+12 5.599999999999991e+12 5.599999999999991e+12 5.599999999999991e+12 5.599999999999991e+12 5.599999999999991e+12 5.599999999999991e+12
 5.599999999999991e+12 5.599999999999991e+12 5.599999999999991e+12 5.599999999999991e+12 5.599999999999991e+12 5.599999999999991e+12 5.599999999999991e+12 5.599999999999991e+12 5.599999999999991e+12 5.599999999999991e+12
 5.599999999999991e+12 5.599999999999991e+12 5.599999999999991e+12 5.599999999999991e+12 5.599999999999991e+12 5.599999999999991e+12 5.599999999999991e+12 5.599999999999991e+12 5.599999999999991e+12 5.599999999999991e+12
 5.599999999999991e+12 5.599999999999991e+12 5.599999999999991e+12 5.599999999999991e+12 5.599999999999991e+12 5.599999999999991e+12 5.599999999999991e+12 5.599999999999991e+12 5.599999999999991e+12 5.599999999999991e+12
 5.599999999999991e+12 5.599999999999991e+12 5.599999999999991e+12 5.599999999999991e+12 5.599999999999991e+12 5.599999999999991e+12 5.599999999999991e+12 5.599999999999991e+12 5.599999999999991e+12 5.599999999999991e+12
 5.599999999999991e+12 5.599999999999991e+12 5.599999999999991e+12 5.599999999999991e+12 5.599999999999991e+12 5.599999999999991e+12 5.599999999999991e+12 5.599999999999991e+12 5.599999999999991e+12 5.599999999999991e+12
 5.599999999999991e+12 5.599999999999991e+12 5.599999999999991e+12 5.599999999999991e+12 5.599999999999991e+12 5.599999999999991e+12 5.599999999999991e+12 5.599999999999991e+12 5.599999999999991e+12 5.599999999999991e+12
 5.599999999999991e+12 5.599999999999991e+12 5.599999999999991e+12 5.599999999999991e+12 5.599999999999991e+12 5.599999999999991e+12 5.599999999999991e+12 5.599999999999991e+12 5.599999999999991e+12 5.599999999999991e+12
 5.599999999999991e+12 5.599999999999991e+12 5.599999999999991e+12 5.599999999999991e+12 5.599999999999991e+12 5.599999999999991e+12 5.599999999999991e+12 5.599999999999991e+12 5.599999999999991e+12 5.599999999999991e+12
 5.599999999999991e+12 5.599999999999991e+12 5.599999999999991e+12 5.599999999999991e+12 5.599999999999991e+12 5.599999999999991e+12 5.599999999999991e+12 5.599999999999991e+12 5.599999999999991e+12 5.599999999999991e+12
 5.599999999999991e+12 5.599999999999991e+12 5.599999999999991e+12 5.599999999999991e+12 5.599999999999991e+12 5.599999999999991e+12 5.599999999999991e+12 5.599999999999991e+12 5.599999999999991e+12 5.599999999999991e+12
 5.599999999999991e+12 5.599999999999991e+12 5.599999999999991e+12 5.599999999999991e+12 5.599999999999991e+12 5.599999999999991e+12 5.599999999999991e+12 5.599999999999991e+12 5.599999999999991e+12 5.599999999999991e+12
 5.599999999999991e+12 5.599999999999991e+12 5.599999999999991e+12 5.599999999999991e+12 5.599999999999991e+12 5.599999999999991e+12 5.599999999999991e+12 5.599999999999991e+12 5.599999999999991e+12 5.599999999999991e+12
 5.599999999999991e+12 5.599999999999991e+12 5.599999999999991e+12 5.599999999999991e+12 5.599999999999991e+12 5.599999999999991e+12 5.599999999999991e+12 5.599999999999991e+12 5.599999999999991e+12 5.599999999999991e+12
 5.599999999999991e+12 5.599999999999991e+12 5.599999999999991e+12 5.599999999999991e+12 5.599999999999991e+12 5.599999999999991e+12 5.599999999999991e+12 5.599999999999991e+12 5.599999999999991e+12 5.599999999999991e+12
 5.599999999999991e+12 5.599999999999991e+12 5.599999999999991e+12 5.599999999999991e+12 5.599999999999991e+12 5.599999999999991e+12 5.599999999999991e+12 5.599999999999991e+12 5.599999999999991e+12 5.599999999999991e+12
 5.599999999999991e+12 5.599999999999991e+12 5.599999999999991e+12 5.599999999999991e+12 5.599999999999991e+12 5.599999999999991e+12 5.599999999999991e+12 5.599999999999991e+12 5.599999999999991e+12 5.599999999999991e+12
 5.599999999999991e+12 5.599999999999991e+12 5.599999999999991e+12 5.599999999999991e+12 5.599999999999991e+12 5.599999999999991e+12 5.599999999999991e+12 5.599999999999991e+12 5.599999999999991e+12 5.599999999999991e+12
 5.599999999999991e+12 5.599999999999991e+12 5.599999999999991e+12 5.599999999999991e+12 5.599999999999991e+12 5.599999999999991e+12 5.599999999999991e+12 5.599999999999991e+12 5.599999999999991e+12 5.599999999999991e+12
 5.599999999999991e+12 5.599999999999991e+12 5.599999999999991e+12 5.599999999999991e+12 5.599999999999991e+12 5.599999999999991e+12 5.599999999999991e+12 5.599999999999991e+12 5.599999999999991e+12 5.599999999999991e+12
 5.599999999999991e+12 5.599999999999991e+12 5.599999999999991e+12 5.599999999999991e+12 5.599999999999991e+12 5.599999999999991e+12 5.599999999999991e+12 5.599999999999991e+12 5.599999999999991e+12 5.599999999999991e+12
 5.599999999999991e+12 5.599999999999991e+12 5.599999999999991e+12 5.599999999999991e+12 5.599999999999991e+12 5.599999999999991e+12 5.599999999999991e+12 5.599999999999991e+12 5.599999999999991e+12 5.599999999999991e+12
 5.599999999999991e+12 5.599999999999991e+12 5.599999999999991e+12 5.599999999999991e+12 5.599999999999991e+12 5.599999999999991e+12 5.599999999999991e+12 5.599999999999991e+12 5.599999999999991e+12 5.599999999999991e+12
 5.599999999999991e+12 5.599999999999991e+12 5.599999999999991e+12 5.599999999999991e+12 5.599999999999991e+12 5.599999999999991e+12 5.599999999999991e+12 5.599999999999991e+12 5.599999999999991e+12 5.599999999999991e+12
 5.599999999999991e+12 5.599999999999991e+12 5.599999999999991e+12 5.599999999999991e+12 5.599999999999991e+12 5.599999999999991e+12 5.599999999999991e+12 5.599999999999991e+12 5.599999999999991e+12 5.599999999999991e+12
 5.599999999999991e+12 5.599999999999991e+12 5.599999999999991e+12 5.599999999999991e+12 5.599999999999991e+12 5.599999999999991e+12 5.599999999999991e+12 5.599999999999991e+12 5.599999999999991e+12 5.599999999999991e+12
 5.599999999999991e+12 5.599999999999991e+12 5.599999999999991e+12 5.599999999999991e+12 5.599999999999991e+12 5.599999999999991e+12 5.599999999999991e+12 5.599999999999991e+12 5.599999999999991e+12 5.599999999999991e+12
 5.599999999999991e+12 5.599999999999991e+12 5.599999999999991e+12 5.599999999999991e+12 5.599999999999991e+12 5.599999999999991e+12 5.599999999999991e+12 5.599999999999991e+12 5.599999999999991e+12 5.599999999999991e+12
 5.599999999999991e+12 5.599999999999991e+12 5.599999999999991e+12 5.599999999999991e+12 5.599999999999991e+12 5.599999999999991e+12 5.599999999999991e+12 5.599999999999991e+12 5.599999999999991e+12 5.599999999999991e+12
 5.599999999999991e+12 5.599999999999991e+12 5.599999999999991e+12 5.599999999999991e+12 5.599999999999991e+12 5.599999999999991e+12 5.599999999999991e+12 5.599999999999991e+12 5.599999999999991e+12 5.599999999999991e+12
 5.599999999999991e+12 5.599999999999991e+12 5.599999999999991e+12 5.599999999999991e+12 5.599999999999991e+12 5.599999999999991e+12 5.599999999999991e+12 5.599999999999991e+12 5.599999999999991e+12 5.599999999999991e+12
 5.599999999999991e+12 5.599999999999991e+12 5.599999999999991e+12 5.599999999999991e+12 5.599999999999991e+12 5.599999999999991e+12 5.599999999999991e+12 5.599999999999991e+12 5.599999999999991e+12 5.599999999999991e+12
 5.599999999999991e+12 5.599999999999991e+12 5.599999999999991e+12 5.599999999999991e+12 5.599999999999991e+12 5.599999999999991e+12 5.599999999999991e+12 5.599999999999991e+12 5.599999999999991e+12 5.599999999999991e+12
 5.599999999999991e+12 5.599999999999991e+12 5.599999999999991e+12 5.599999999999991e+12 5.599999999999991e+12 5.599999999999991e+12 5.599999999999991e+12 5.599999999999991e+12 5.599999999999991e+12 5.599999999999991e+12
 5.599999999999991e+12 5.599999999999991e+12 5.599999999999991e+12 5.599999999999991e+12 5.599999999999991e+12 5.599999999999991e+12 5.599999999999991e+12 5.599999999999991e+12 5.599999999999991e+12 5.599999999999991e+12
 5.599999999999991e+12 5.599999999999991e+12 5.599999999999991e+12 5.599999999999991e+12 5.599999999999991e+12 5.599999999999991e+12 5.599999999999991e+12 5.599999999999991e+12 5.599999999999991e+12 5.599999999999991e+12
 5.599999999999991e+12 5.599999999999991e+12 5.599999999999991e+12 5.599999999999991e+12 5.599999999999991e+12 5.599999999999991e+12 5.599999999999991e+12 5.599999999999991e+12 5.599999999999991e+12 5.599999999999991e+12
 5.599999999999991e+12 5.599999999999991e+12 5.599999999999991e+12 5.599999999999991e+12 5.599999999999991e+12 5.599999999999991e+12 5.599999999999991e+12 5.599999999999991e+12 5.599999999999991e+12 5.599999999999991e+12
 5.599999999999991e+12 5.599999999999991e+12 5.599999999999991e+12 5.599999999999991e+12 5.599999999999991e+12 5.599999999999991e+12 5.599999999999991e+12 5.599999999999991e+12 5.599999999999991e+12 5.599999999999991e+12
 5.599999999999991e+12 5.599999999999991e+12 5.599999999999991e+12 5.599999999999991e+12 5.599999999999991e+12 5.599999999999991e+12 5.599999999999991e+12 5.599999999999991e+12 5.599999999999991e+12 5.599999999999991e+12
 5.599999999999991e+12 5.599999999999991e+12 5.599999999999991e+12 5.599999999999991e+12 5.599999999999991e+12 5.599999999999991e+12 5.599999999999991e+12 5.599999999999991e+12 5.599999999999991e+12 5.599999999999991e+12
 5.599999999999991e+12 5.599999999999991e+12 5.599999999999991e+12 1.000000560000000e+19 5.599999999999991e+12 1.000000560000000e+19 5.599999999999991e+12 1.000000560000000e+19 5.599999999999991e+12 1.000000560000000e+19
 5.599999999999991e+12 5.599999999999991e+12 5.599999999999991e+12 5.599999999999991e+12 5.599999999999991e+12 5.599999999999991e+12 5.599999999999991e+12 5.599999999999991e+12 5.599999999999991e+12 5.599999999999991e+12
 5.599999999999991e+12 5.599999999999991e+12 5.599999999999991e+12 5.599999999999991e+12 5.599999999999991e+12 5.599999999999991e+12 5.599999999999991e+12 1.000000560000000e+19 5.599999999999991e+12 1.000000560000000e+19
 5.599999999999991e+12 1.000000560000000e+19 5.599999999999991e+12 1.000000560000000e+19 5.599999999999991e+12 5.599999999999991e+12 5.599999999999991e+12 5.599999999999991e+12 5.599999999999991e+12 5.599999999999991e+12
 5.599999999999991e+12 5.599999999999991e+12 5.599999999999991e+12 5.599999999999991e+12 5.599999999999991e+12 5.599999999999991e+12 5.599999999999991e+12 5.599999999999991e+12 5.599999999999991e+12 5.599999999999991e+12
 5.599999999999991e+12 5.599999999999991e+12 5.599999999999991e+12 5.599999999999991e+12 5.599999999999991e+12 5.599999999999991e+12 5.599999999999991e+12 5.599999999999991e+12 5.599999999999991e+12 5.599999999999991e+12
 5.599999999999991e+12 5.599999999999991e+12 5.599999999999991e+12 5.599999999999991e+12 5.599999999999991e+12 5.599999999999991e+12 5.599999999999991e+12 5.599999999999991e+12 5.599999999999991e+12 5.599999999999991e+12
 5.599999999999991e+12 5.599999999999991e+12 5.599999999999991e+12 5.599999999999991e+12 5.599999999999991e+12 5.599999999999991e+12 5.599999999999991e+12 5.599999999999991e+12 5.599999999999991e+12 5.599999999999991e+12
 5.599999999999991e+12 5.599999999999991e+12 5.599999999999991e+12 5.599999999999991e+12 5.599999999999991e+12 5.599999999999991e+12 5.599999999999991e+12 5.599999999999991e+12 5.599999999999991e+12 5.599999999999991e+12
 5.599999999999991e+12 5.599999999999991e+12 5.599999999999991e+12 5.599999999999991e+12 5.599999999999991e+12 5.599999999999991e+12 5.599999999999991e+12 5.599999999999991e+12 5.599999999999991e+12 5.599999999999991e+12
 5.599999999999991e+12 5.599999999999991e+12 5.599999999999991e+12 5.599999999999991e+12 5.599999999999991e+12 5.599999999999991e+12 5.599999999999991e+12 5.599999999999991e+12 5.599999999999991e+12 5.599999999999991e+12
 5.599999999999991e+12 5.599999999999991e+12 5.599999999999991e+12 5.599999999999991e+12 5.599999999999991e+12 5.599999999999991e+12 5.599999999999991e+12 5.599999999999991e+12 5.599999999999991e+12 5.599999999999991e+12
 5.599999999999991e+12 5.599999999999991e+12 5.599999999999991e+12 5.599999999999991e+12 5.599999999999991e+12 5.599999999999991e+12 5.599999999999991e+12 5.599999999999991e+12 5.599999999999991e+12 5.599999999999991e+12
 5.599999999999991e+12 5.599999999999991e+12 5.599999999999991e+12 5.599999999999991e+12 5.599999999999991e+12 5.599999999999991e+12 5.599999999999991e+12 5.599999999999991e+12 5.599999999999991e+12 5.599999999999991e+12
 5.599999999999991e+12 5.599999999999991e+12 5.599999999999991e+12 5.599999999999991e+12 5.599999999999991e+12 5.599999999999991e+12 5.599999999999991e+12 5.599999999999991e+12 5.599999999999991e+12 5.599999999999991e+12
 5.599999999999991e+12 5.599999999999991e+12 5.599999999999991e+12 5.599999999999991e+12 5.599999999999991e+12 5.599999999999991e+12 5.599999999999991e+12 5.599999999999991e+12 5.599999999999991e+12 5.599999999999991e+12
 5.599999999999991e+12 5.599999999999991e+12 5.599999999999991e+12 5.599999999999991e+12 5.599999999999991e+12 5.599999999999991e+12 5.599999999999991e+12 5.599999999999991e+12 5.599999999999991e+12 5.599999999999991e+12
 5.599999999999991e+12 5.599999999999991e+12 5.599999999999991e+12 5.599999999999991e+12 5.599999999999991e+12 5.599999999999991e+12 5.599999999999991e+12 5.599999999999991e+12 5.599999999999991e+12 5.599999999999991e+12
 5.599999999999991e+12 5.599999999999991e+12 5.599999999999991e+12 5.599999999999991e+12 5.599999999999991e+12 5.599999999999991e+12 5.599999999999991e+12 5.599999999999991e+12 5.599999999999991e+12 5.599999999999991e+12
 5.599999999999991e+12 5.599999999999991e+12 5.599999999999991e+12 5.599999999999991e+12 5.599999999999991e+12 5.599999999999991e+12 5.599999999999991e+12 5.599999999999991e+12 5.599999999999991e+12 5.599999999999991e+12
 5.599999999999991e+12 5.599999999999991e+12 5.599999999999991e+12 5.599999999999991e+12 5.599999999999991e+12 5.599999999999991e+12 5.599999999999991e+12 5.599999999999991e+12 5.599999999999991e+12 5.599999999999991e+12
 5.599999999999991e+12 5.599999999999991e+12 5.599999999999991e+12 5.599999999999991e+12 5.599999999999991e+12 5.599999999999991e+12 5.599999999999991e+12 5.599999999999991e+12 5.599999999999991e+12 5.599999999999991e+12
 5.599999999999991e+12 5.599999999999991e+12 5.599999999999991e+12 5.599999999999991e+12 5.599999999999991e+12 5.599999999999991e+12 5.599999999999991e+12 5.599999999999991e+12 5.599999999999991e+12 5.599999999999991e+12
 5.599999999999991e+12 5.599999999999991e+12 5.599999999999991e+12 5.599999999999991e+12 5.599999999999991e+12 5.599999999999991e+12 5.599999999999991e+12 5.599999999999991e+12 5.599999999999991e+12 5.599999999999991e+12
 5.599999999999991e+12 5.599999999999991e+12 5.599999999999991e+12 5.599999999999991e+12 5.599999999999991e+12 5.599999999999991e+12 5.599999999999991e+12 5.599999999999991e+12 5.599999999999991e+12 5.599999999999991e+12
 5.599999999999991e+12 5.599999999999991e+12 5.599999999999991e+12 5.599999999999991e+12 5.599999999999991e+12 5.599999999999991e+12 5.599999999999991e+12 5.599999999999991e+12 5.599999999999991e+12 5.599999999999991e+12
 5.599999999999991e+12 5.599999999999991e+12 5.599999999999991e+12 5.599999999999991e+12 5.599999999999991e+12 5.599999999999991e+12 5.599999999999991e+12 5.599999999999991e+12 5.599999999999991e+12 5.599999999999991e+12
 5.599999999999991e+12 5.599999999999991e+12 5.599999999999991e+12 5.599999999999991e+12 5.599999999999991e+12 5.599999999999991e+12 5.599999999999991e+12 5.599999999999991e+12 5.599999999999991e+12 5.599999999999991e+12
 5.599999999999991e+12 5.599999999999991e+12 5.599999999999991e+12 5.599999999999991e+12 5.599999999999991e+12 5.599999999999991e+12 5.599999999999991e+12 5.599999999999991e+12 5.599999999999991e+12 5.599999999999991e+12
 5.599999999999991e+12 5.599999999999991e+12 5.599999999999991e+12 5.599999999999991e+12 5.599999999999991e+12 5.599999999999991e+12 5.599999999999991e+12 5.599999999999991e+12 5.599999999999991e+12 1.000000560000000e+19
 5.599999999999991e+12 1.000000560000000e+19 5.599999999999991e+12 1.000000560000000e+19 5.599999999999991e+12 1.000000560000000e+19 5.599999999999991e+12 5.599999999999991e+12 5.599999999999991e+12 5.599999999999991e+12
 5.599999999999991e+12 5.599999999999991e+12 5.599999999999991e+12 5.599999999999991e+12 5.599999999999991e+12 5.599999999999991e+12 5.599999999999991e+12 5.599999999999991e+12 5.599999999999991e+12 5.599999999999991e+12
 5.599999999999991e+12 5.599999999999991e+12 5.599999999999991e+12 5.599999999999991e+12 5.599999999999991e+12 5.599999999999991e+12 5.599999999999991e+12 5.599999999999991e+12 5.599999999999991e+12 5.599999999999991e+12
 5.599999999999991e+12 5.599999999999991e+12 5.599999999999991e+12 5.599999999999991e+12 5.599999999999991e+12 5.599999999999991e+12 5.599999999999991e+12 5.599999999999991e+12 5.599999999999991e+12 5.599999999999991e+12
 5.599999999999991e+12 5.599999999999991e+12 5.599999999999991e+12 5.599999999999991e+12 5.599999999999991e+12 5.599999999999991e+12 5.599999999999991e+12 5.599999999999991e+12 5.599999999999991e+12 5.599999999999991e+12
 5.599999999999991e+12 5.599999999999991e+12 5.599999999999991e+12 5.599999999999991e+12 5.599999999999991e+12 5.599999999999991e+12 5.599999999999991e+12 5.599999999999991e+12 5.599999999999991e+12 5.599999999999991e+12
 5.599999999999991e+12 5.599999999999991e+12 5.599999999999991e+12 5.599999999999991e+12 5.599999999999991e+12 5.599999999999991e+12 5.599999999999991e+12 5.599999999999991e+12 5.599999999999991e+12 5.599999999999991e+12
 5.599999999999991e+12 5.599999999999991e+12 5.599999999999991e+12 5.599999999999991e+12 5.599999999999991e+12 5.599999999999991e+12 5.599999999999991e+12 5.599999999999991e+12 5.599999999999991e+12 5.599999999999991e+12
 5.599999999999991e+12 5.599999999999991e+12 5.599999999999991e+12 5.599999999999991e+12 5.599999999999991e+12 5.599999999999991e+12 5.599999999999991e+12 5.599999999999991e+12 5.599999999999991e+12 5.599999999999991e+12
 5.599999999999991e+12 5.599999999999991e+12 5.599999999999991e+12 5.599999999999991e+12 5.599999999999991e+12 5.599999999999991e+12 5.599999999999991e+12 5.599999999999991e+12 5.599999999999991e+12 5.599999999999991e+12
 5.599999999999991e+12 5.599999999999991e+12 5.599999999999991e+12 5.599999999999991e+12 5.599999999999991e+12 5.599999999999991e+12 5.599999999999991e+12 5.599999999999991e+12 5.599999999999991e+12 5.599999999999991e+12
 5.599999999999991e+12 5.599999999999991e+12 5.599999999999991e+12 5.599999999999991e+12 5.599999999999991e+12 5.599999999999991e+12 5.599999999999991e+12 5.599999999999991e+12 5.599999999999991e+12 5.599999999999991e+12
 5.599999999999991e+12 5.599999999999991e+12 5.599999999999991e+12 5.599999999999991e+12 5.599999999999991e+12 5.599999999999991e+12 5.599999999999991e+12 5.599999999999991e+12 5.599999999999991e+12 5.599999999999991e+12
 5.599999999999991e+12 5.599999999999991e+12 5.599999999999991e+12 5.599999999999991e+12 5.599999999999991e+12 5.599999999999991e+12 5.599999999999991e+12 5.599999999999991e+12 5.599999999999991e+12 1.000000560000000e+19
 5.599999999999991e+12 1.000000560000000e+19 5.599999999999991e+12 5.599999999999991e+12 5.599999999999991e+12 5.599999999999991e+12 5.599999999999991e+12 5.599999999999991e+12 5.599999999999991e+12 5.599999999999991e+12
 5.599999999999991e+12 5.599999999999991e+12 5.599999999999991e+12 5.599999999999991e+12 5.599999999999991e+12 5.599999999999991e+12 5.599999999999991e+12 5.599999999999991e+12 5.599999999999991e+12 5.599999999999991e+12
 5.599999999999991e+12 5.599999999999991e+12 5.599999999999991e+12 5.599999999999991e+12 5.599999999999991e+12 5.599999999999991e+12 5.599999999999991e+12 5.599999999999991e+12 5.599999999999991e+12 5.599999999999991e+12
 5.599999999999991e+12 5.599999999999991e+12 5.599999999999991e+12 5.599999999999991e+12 5.599999999999991e+12 5.599999999999991e+12 5.599999999999991e+12 5.599999999999991e+12 5.599999999999991e+12 5.599999999999991e+12
 5.599999999999991e+12 5.599999999999991e+12 5.599999999999991e+12 5.599999999999991e+12 5.599999999999991e+12 5.599999999999991e+12 5.599999999999991e+12 5.599999999999991e+12 5.599999999999991e+12 5.599999999999991e+12
 5.599999999999991e+12 5.599999999999991e+12 5.599999999999991e+12 5.599999999999991e+12 5.599999999999991e+12 5.599999999999991e+12 5.599999999999991e+12 5.599999999999991e+12 5.599999999999991e+12 5.599999999999991e+12
 5.599999999999991e+12 5.599999999999991e+12 5.599999999999991e+12 5.599999999999991e+12 5.599999999999991e+12 5.599999999999991e+12 5.599999999999991e+12 5.599999999999991e+12 5.599999999999991e+12 5.599999999999991e+12
 5.599999999999991e+12 5.599999999999991e+12 5.599999999999991e+12 5.599999999999991e+12 5.599999999999991e+12 5.599999999999991e+12 5.599999999999991e+12 5.599999999999991e+12 5.599999999999991e+12 5.599999999999991e+12
 5.599999999999991e+12 5.599999999999991e+12 5.599999999999991e+12 5.599999999999991e+12 5.599999999999991e+12 5.599999999999991e+12 5.599999999999991e+12 5.599999999999991e+12 5.599999999999991e+12 5.599999999999991e+12
 5.599999999999991e+12 5.599999999999991e+12 5.599999999999991e+12 5.599999999999991e+12 5.599999999999991e+12 5.599999999999991e+12 5.599999999999991e+12 5.599999999999991e+12 5.599999999999991e+12 5.599999999999991e+12
 5.599999999999991e+12 5.599999999999991e+12 5.599999999999991e+12 1.000000560000000e+19 5.599999999999991e+12 5.599999999999991e+12 5.599999999999991e+12 5.599999999999991e+12 5.599999999999991e+12 5.599999999999991e+12
 5.599999999999991e+12 5.599999999999991e+12 5.599999999999991e+12 5.599999999999991e+12 5.599999999999991e+12 5.599999999999991e+12 5.599999999999991e+12 5.599999999999991e+12 5.599999999999991e+12 5.599999999999991e+12
 5.599999999999991e+12 5.599999999999991e+12 5.599999999999991e+12 5.599999999999991e+12 5.599999999999991e+12 5.599999999999991e+12 5.599999999999991e+12 5.599999999999991e+12 5.599999999999991e+12 5.599999999999991e+12
 5.599999999999991e+12 5.599999999999991e+12 5.599999999999991e+12 5.599999999999991e+12 5.599999999999991e+12 5.599999999999991e+12 1.000000560000000e+19 1.000000560000000e+19 5.599999999999991e+12 5.599999999999991e+12

    }
  }

  Dataset ("PMIUserField0") {
    function  = PMIUserField0
    type      = scalar
    dimension = 1
    location  = vertex
    validity  = [ "i_layer" ]
    Values (4420) {
 0.000000000000000e+00 0.000000000000000e+00 0.000000000000000e+00 0.000000000000000e+00 0.000000000000000e+00 0.000000000000000e+00 0.000000000000000e+00 0.000000000000000e+00 0.000000000000000e+00 0.000000000000000e+00
 0.000000000000000e+00 0.000000000000000e+00 0.000000000000000e+00 0.000000000000000e+00 0.000000000000000e+00 0.000000000000000e+00 0.000000000000000e+00 0.000000000000000e+00 0.000000000000000e+00 0.000000000000000e+00
 0.000000000000000e+00 0.000000000000000e+00 0.000000000000000e+00 0.000000000000000e+00 0.000000000000000e+00 0.000000000000000e+00 0.000000000000000e+00 0.000000000000000e+00 0.000000000000000e+00 0.000000000000000e+00
 0.000000000000000e+00 0.000000000000000e+00 0.000000000000000e+00 0.000000000000000e+00 0.000000000000000e+00 0.000000000000000e+00 0.000000000000000e+00 0.000000000000000e+00 0.000000000000000e+00 0.000000000000000e+00
 0.000000000000000e+00 0.000000000000000e+00 0.000000000000000e+00 0.000000000000000e+00 0.000000000000000e+00 0.000000000000000e+00 0.000000000000000e+00 0.000000000000000e+00 0.000000000000000e+00 0.000000000000000e+00
 0.000000000000000e+00 0.000000000000000e+00 0.000000000000000e+00 0.000000000000000e+00 0.000000000000000e+00 0.000000000000000e+00 0.000000000000000e+00 0.000000000000000e+00 0.000000000000000e+00 0.000000000000000e+00
 0.000000000000000e+00 0.000000000000000e+00 0.000000000000000e+00 0.000000000000000e+00 0.000000000000000e+00 0.000000000000000e+00 0.000000000000000e+00 0.000000000000000e+00 0.000000000000000e+00 0.000000000000000e+00
 0.000000000000000e+00 0.000000000000000e+00 0.000000000000000e+00 0.000000000000000e+00 0.000000000000000e+00 0.000000000000000e+00 0.000000000000000e+00 0.000000000000000e+00 0.000000000000000e+00 0.000000000000000e+00
 0.000000000000000e+00 0.000000000000000e+00 0.000000000000000e+00 0.000000000000000e+00 0.000000000000000e+00 0.000000000000000e+00 0.000000000000000e+00 0.000000000000000e+00 0.000000000000000e+00 0.000000000000000e+00
 0.000000000000000e+00 0.000000000000000e+00 0.000000000000000e+00 0.000000000000000e+00 0.000000000000000e+00 0.000000000000000e+00 0.000000000000000e+00 0.000000000000000e+00 0.000000000000000e+00 0.000000000000000e+00
 0.000000000000000e+00 0.000000000000000e+00 0.000000000000000e+00 0.000000000000000e+00 0.000000000000000e+00 0.000000000000000e+00 0.000000000000000e+00 0.000000000000000e+00 0.000000000000000e+00 0.000000000000000e+00
 0.000000000000000e+00 0.000000000000000e+00 0.000000000000000e+00 0.000000000000000e+00 0.000000000000000e+00 0.000000000000000e+00 0.000000000000000e+00 0.000000000000000e+00 0.000000000000000e+00 0.000000000000000e+00
 0.000000000000000e+00 0.000000000000000e+00 0.000000000000000e+00 0.000000000000000e+00 0.000000000000000e+00 0.000000000000000e+00 0.000000000000000e+00 0.000000000000000e+00 0.000000000000000e+00 0.000000000000000e+00
 0.000000000000000e+00 0.000000000000000e+00 0.000000000000000e+00 0.000000000000000e+00 0.000000000000000e+00 0.000000000000000e+00 0.000000000000000e+00 0.000000000000000e+00 0.000000000000000e+00 0.000000000000000e+00
 0.000000000000000e+00 0.000000000000000e+00 0.000000000000000e+00 0.000000000000000e+00 0.000000000000000e+00 0.000000000000000e+00 0.000000000000000e+00 0.000000000000000e+00 0.000000000000000e+00 0.000000000000000e+00
 0.000000000000000e+00 0.000000000000000e+00 0.000000000000000e+00 0.000000000000000e+00 0.000000000000000e+00 0.000000000000000e+00 0.000000000000000e+00 0.000000000000000e+00 0.000000000000000e+00 0.000000000000000e+00
 0.000000000000000e+00 0.000000000000000e+00 0.000000000000000e+00 0.000000000000000e+00 0.000000000000000e+00 0.000000000000000e+00 0.000000000000000e+00 0.000000000000000e+00 0.000000000000000e+00 0.000000000000000e+00
 0.000000000000000e+00 0.000000000000000e+00 0.000000000000000e+00 0.000000000000000e+00 0.000000000000000e+00 0.000000000000000e+00 0.000000000000000e+00 0.000000000000000e+00 0.000000000000000e+00 0.000000000000000e+00
 0.000000000000000e+00 0.000000000000000e+00 0.000000000000000e+00 0.000000000000000e+00 0.000000000000000e+00 0.000000000000000e+00 0.000000000000000e+00 0.000000000000000e+00 0.000000000000000e+00 0.000000000000000e+00
 0.000000000000000e+00 0.000000000000000e+00 0.000000000000000e+00 0.000000000000000e+00 0.000000000000000e+00 0.000000000000000e+00 0.000000000000000e+00 0.000000000000000e+00 0.000000000000000e+00 0.000000000000000e+00
 0.000000000000000e+00 0.000000000000000e+00 0.000000000000000e+00 0.000000000000000e+00 0.000000000000000e+00 0.000000000000000e+00 0.000000000000000e+00 0.000000000000000e+00 0.000000000000000e+00 0.000000000000000e+00
 0.000000000000000e+00 0.000000000000000e+00 0.000000000000000e+00 0.000000000000000e+00 0.000000000000000e+00 0.000000000000000e+00 0.000000000000000e+00 0.000000000000000e+00 0.000000000000000e+00 0.000000000000000e+00
 0.000000000000000e+00 0.000000000000000e+00 0.000000000000000e+00 0.000000000000000e+00 0.000000000000000e+00 0.000000000000000e+00 0.000000000000000e+00 0.000000000000000e+00 0.000000000000000e+00 0.000000000000000e+00
 0.000000000000000e+00 0.000000000000000e+00 0.000000000000000e+00 0.000000000000000e+00 0.000000000000000e+00 0.000000000000000e+00 0.000000000000000e+00 0.000000000000000e+00 0.000000000000000e+00 0.000000000000000e+00
 0.000000000000000e+00 0.000000000000000e+00 0.000000000000000e+00 0.000000000000000e+00 0.000000000000000e+00 0.000000000000000e+00 0.000000000000000e+00 0.000000000000000e+00 0.000000000000000e+00 0.000000000000000e+00
 0.000000000000000e+00 0.000000000000000e+00 0.000000000000000e+00 0.000000000000000e+00 0.000000000000000e+00 0.000000000000000e+00 0.000000000000000e+00 0.000000000000000e+00 0.000000000000000e+00 0.000000000000000e+00
 0.000000000000000e+00 0.000000000000000e+00 0.000000000000000e+00 0.000000000000000e+00 0.000000000000000e+00 0.000000000000000e+00 0.000000000000000e+00 0.000000000000000e+00 0.000000000000000e+00 0.000000000000000e+00
 0.000000000000000e+00 0.000000000000000e+00 0.000000000000000e+00 0.000000000000000e+00 0.000000000000000e+00 0.000000000000000e+00 0.000000000000000e+00 0.000000000000000e+00 0.000000000000000e+00 0.000000000000000e+00
 0.000000000000000e+00 0.000000000000000e+00 0.000000000000000e+00 0.000000000000000e+00 0.000000000000000e+00 0.000000000000000e+00 0.000000000000000e+00 0.000000000000000e+00 0.000000000000000e+00 0.000000000000000e+00
 0.000000000000000e+00 0.000000000000000e+00 0.000000000000000e+00 0.000000000000000e+00 0.000000000000000e+00 0.000000000000000e+00 0.000000000000000e+00 0.000000000000000e+00 0.000000000000000e+00 0.000000000000000e+00
 0.000000000000000e+00 0.000000000000000e+00 0.000000000000000e+00 0.000000000000000e+00 0.000000000000000e+00 0.000000000000000e+00 0.000000000000000e+00 0.000000000000000e+00 0.000000000000000e+00 0.000000000000000e+00
 0.000000000000000e+00 0.000000000000000e+00 0.000000000000000e+00 0.000000000000000e+00 0.000000000000000e+00 0.000000000000000e+00 0.000000000000000e+00 0.000000000000000e+00 0.000000000000000e+00 0.000000000000000e+00
 0.000000000000000e+00 0.000000000000000e+00 0.000000000000000e+00 0.000000000000000e+00 0.000000000000000e+00 0.000000000000000e+00 0.000000000000000e+00 0.000000000000000e+00 0.000000000000000e+00 0.000000000000000e+00
 0.000000000000000e+00 0.000000000000000e+00 0.000000000000000e+00 0.000000000000000e+00 0.000000000000000e+00 0.000000000000000e+00 0.000000000000000e+00 0.000000000000000e+00 0.000000000000000e+00 0.000000000000000e+00
 0.000000000000000e+00 0.000000000000000e+00 0.000000000000000e+00 0.000000000000000e+00 0.000000000000000e+00 0.000000000000000e+00 0.000000000000000e+00 0.000000000000000e+00 0.000000000000000e+00 0.000000000000000e+00
 0.000000000000000e+00 0.000000000000000e+00 0.000000000000000e+00 0.000000000000000e+00 0.000000000000000e+00 0.000000000000000e+00 0.000000000000000e+00 0.000000000000000e+00 0.000000000000000e+00 0.000000000000000e+00
 0.000000000000000e+00 0.000000000000000e+00 0.000000000000000e+00 0.000000000000000e+00 0.000000000000000e+00 0.000000000000000e+00 0.000000000000000e+00 0.000000000000000e+00 0.000000000000000e+00 0.000000000000000e+00
 0.000000000000000e+00 0.000000000000000e+00 0.000000000000000e+00 0.000000000000000e+00 0.000000000000000e+00 0.000000000000000e+00 0.000000000000000e+00 0.000000000000000e+00 0.000000000000000e+00 0.000000000000000e+00
 0.000000000000000e+00 0.000000000000000e+00 0.000000000000000e+00 0.000000000000000e+00 0.000000000000000e+00 0.000000000000000e+00 0.000000000000000e+00 0.000000000000000e+00 0.000000000000000e+00 0.000000000000000e+00
 0.000000000000000e+00 0.000000000000000e+00 0.000000000000000e+00 0.000000000000000e+00 0.000000000000000e+00 0.000000000000000e+00 0.000000000000000e+00 0.000000000000000e+00 0.000000000000000e+00 0.000000000000000e+00
 0.000000000000000e+00 0.000000000000000e+00 0.000000000000000e+00 0.000000000000000e+00 0.000000000000000e+00 0.000000000000000e+00 0.000000000000000e+00 0.000000000000000e+00 0.000000000000000e+00 0.000000000000000e+00
 0.000000000000000e+00 0.000000000000000e+00 0.000000000000000e+00 0.000000000000000e+00 0.000000000000000e+00 0.000000000000000e+00 0.000000000000000e+00 0.000000000000000e+00 0.000000000000000e+00 0.000000000000000e+00
 0.000000000000000e+00 0.000000000000000e+00 0.000000000000000e+00 0.000000000000000e+00 0.000000000000000e+00 0.000000000000000e+00 0.000000000000000e+00 0.000000000000000e+00 0.000000000000000e+00 0.000000000000000e+00
 0.000000000000000e+00 0.000000000000000e+00 0.000000000000000e+00 0.000000000000000e+00 0.000000000000000e+00 0.000000000000000e+00 0.000000000000000e+00 0.000000000000000e+00 0.000000000000000e+00 0.000000000000000e+00
 0.000000000000000e+00 0.000000000000000e+00 0.000000000000000e+00 0.000000000000000e+00 0.000000000000000e+00 0.000000000000000e+00 0.000000000000000e+00 0.000000000000000e+00 0.000000000000000e+00 0.000000000000000e+00
 0.000000000000000e+00 0.000000000000000e+00 0.000000000000000e+00 0.000000000000000e+00 0.000000000000000e+00 0.000000000000000e+00 0.000000000000000e+00 0.000000000000000e+00 0.000000000000000e+00 0.000000000000000e+00
 0.000000000000000e+00 0.000000000000000e+00 0.000000000000000e+00 0.000000000000000e+00 0.000000000000000e+00 0.000000000000000e+00 0.000000000000000e+00 0.000000000000000e+00 0.000000000000000e+00 0.000000000000000e+00
 0.000000000000000e+00 0.000000000000000e+00 0.000000000000000e+00 0.000000000000000e+00 0.000000000000000e+00 0.000000000000000e+00 0.000000000000000e+00 0.000000000000000e+00 0.000000000000000e+00 0.000000000000000e+00
 0.000000000000000e+00 0.000000000000000e+00 0.000000000000000e+00 0.000000000000000e+00 0.000000000000000e+00 0.000000000000000e+00 0.000000000000000e+00 0.000000000000000e+00 0.000000000000000e+00 0.000000000000000e+00
 0.000000000000000e+00 0.000000000000000e+00 0.000000000000000e+00 0.000000000000000e+00 0.000000000000000e+00 0.000000000000000e+00 0.000000000000000e+00 0.000000000000000e+00 0.000000000000000e+00 0.000000000000000e+00
 0.000000000000000e+00 0.000000000000000e+00 0.000000000000000e+00 0.000000000000000e+00 0.000000000000000e+00 0.000000000000000e+00 0.000000000000000e+00 0.000000000000000e+00 0.000000000000000e+00 0.000000000000000e+00
 0.000000000000000e+00 0.000000000000000e+00 0.000000000000000e+00 0.000000000000000e+00 0.000000000000000e+00 0.000000000000000e+00 0.000000000000000e+00 0.000000000000000e+00 0.000000000000000e+00 0.000000000000000e+00
 0.000000000000000e+00 0.000000000000000e+00 0.000000000000000e+00 0.000000000000000e+00 0.000000000000000e+00 0.000000000000000e+00 0.000000000000000e+00 0.000000000000000e+00 0.000000000000000e+00 0.000000000000000e+00
 0.000000000000000e+00 0.000000000000000e+00 0.000000000000000e+00 0.000000000000000e+00 0.000000000000000e+00 0.000000000000000e+00 0.000000000000000e+00 0.000000000000000e+00 0.000000000000000e+00 0.000000000000000e+00
 0.000000000000000e+00 0.000000000000000e+00 0.000000000000000e+00 0.000000000000000e+00 0.000000000000000e+00 0.000000000000000e+00 0.000000000000000e+00 0.000000000000000e+00 0.000000000000000e+00 0.000000000000000e+00
 0.000000000000000e+00 0.000000000000000e+00 0.000000000000000e+00 0.000000000000000e+00 0.000000000000000e+00 0.000000000000000e+00 0.000000000000000e+00 0.000000000000000e+00 0.000000000000000e+00 0.000000000000000e+00
 0.000000000000000e+00 0.000000000000000e+00 0.000000000000000e+00 0.000000000000000e+00 0.000000000000000e+00 0.000000000000000e+00 0.000000000000000e+00 0.000000000000000e+00 0.000000000000000e+00 0.000000000000000e+00
 0.000000000000000e+00 0.000000000000000e+00 0.000000000000000e+00 0.000000000000000e+00 0.000000000000000e+00 0.000000000000000e+00 0.000000000000000e+00 0.000000000000000e+00 0.000000000000000e+00 0.000000000000000e+00
 0.000000000000000e+00 0.000000000000000e+00 0.000000000000000e+00 0.000000000000000e+00 0.000000000000000e+00 0.000000000000000e+00 0.000000000000000e+00 0.000000000000000e+00 0.000000000000000e+00 0.000000000000000e+00
 0.000000000000000e+00 0.000000000000000e+00 0.000000000000000e+00 0.000000000000000e+00 0.000000000000000e+00 0.000000000000000e+00 0.000000000000000e+00 0.000000000000000e+00 0.000000000000000e+00 0.000000000000000e+00
 0.000000000000000e+00 0.000000000000000e+00 0.000000000000000e+00 0.000000000000000e+00 0.000000000000000e+00 0.000000000000000e+00 0.000000000000000e+00 0.000000000000000e+00 0.000000000000000e+00 0.000000000000000e+00
 0.000000000000000e+00 0.000000000000000e+00 0.000000000000000e+00 0.000000000000000e+00 0.000000000000000e+00 0.000000000000000e+00 0.000000000000000e+00 0.000000000000000e+00 0.000000000000000e+00 0.000000000000000e+00
 0.000000000000000e+00 0.000000000000000e+00 0.000000000000000e+00 0.000000000000000e+00 0.000000000000000e+00 0.000000000000000e+00 0.000000000000000e+00 0.000000000000000e+00 0.000000000000000e+00 0.000000000000000e+00
 0.000000000000000e+00 0.000000000000000e+00 0.000000000000000e+00 0.000000000000000e+00 0.000000000000000e+00 0.000000000000000e+00 0.000000000000000e+00 0.000000000000000e+00 0.000000000000000e+00 0.000000000000000e+00
 0.000000000000000e+00 0.000000000000000e+00 0.000000000000000e+00 0.000000000000000e+00 0.000000000000000e+00 0.000000000000000e+00 0.000000000000000e+00 0.000000000000000e+00 0.000000000000000e+00 0.000000000000000e+00
 0.000000000000000e+00 0.000000000000000e+00 0.000000000000000e+00 0.000000000000000e+00 0.000000000000000e+00 0.000000000000000e+00 0.000000000000000e+00 0.000000000000000e+00 0.000000000000000e+00 0.000000000000000e+00
 0.000000000000000e+00 0.000000000000000e+00 0.000000000000000e+00 0.000000000000000e+00 0.000000000000000e+00 0.000000000000000e+00 0.000000000000000e+00 0.000000000000000e+00 0.000000000000000e+00 0.000000000000000e+00
 0.000000000000000e+00 0.000000000000000e+00 0.000000000000000e+00 0.000000000000000e+00 0.000000000000000e+00 0.000000000000000e+00 0.000000000000000e+00 0.000000000000000e+00 0.000000000000000e+00 0.000000000000000e+00
 0.000000000000000e+00 0.000000000000000e+00 0.000000000000000e+00 0.000000000000000e+00 0.000000000000000e+00 0.000000000000000e+00 0.000000000000000e+00 0.000000000000000e+00 0.000000000000000e+00 0.000000000000000e+00
 0.000000000000000e+00 0.000000000000000e+00 0.000000000000000e+00 0.000000000000000e+00 0.000000000000000e+00 0.000000000000000e+00 0.000000000000000e+00 0.000000000000000e+00 0.000000000000000e+00 0.000000000000000e+00
 0.000000000000000e+00 0.000000000000000e+00 0.000000000000000e+00 0.000000000000000e+00 0.000000000000000e+00 0.000000000000000e+00 0.000000000000000e+00 0.000000000000000e+00 0.000000000000000e+00 0.000000000000000e+00
 0.000000000000000e+00 0.000000000000000e+00 0.000000000000000e+00 0.000000000000000e+00 0.000000000000000e+00 0.000000000000000e+00 0.000000000000000e+00 0.000000000000000e+00 0.000000000000000e+00 0.000000000000000e+00
 0.000000000000000e+00 0.000000000000000e+00 0.000000000000000e+00 0.000000000000000e+00 0.000000000000000e+00 0.000000000000000e+00 0.000000000000000e+00 0.000000000000000e+00 0.000000000000000e+00 0.000000000000000e+00
 0.000000000000000e+00 0.000000000000000e+00 0.000000000000000e+00 0.000000000000000e+00 0.000000000000000e+00 0.000000000000000e+00 0.000000000000000e+00 0.000000000000000e+00 0.000000000000000e+00 0.000000000000000e+00
 0.000000000000000e+00 0.000000000000000e+00 0.000000000000000e+00 0.000000000000000e+00 0.000000000000000e+00 0.000000000000000e+00 0.000000000000000e+00 0.000000000000000e+00 0.000000000000000e+00 0.000000000000000e+00
 0.000000000000000e+00 0.000000000000000e+00 0.000000000000000e+00 0.000000000000000e+00 0.000000000000000e+00 0.000000000000000e+00 0.000000000000000e+00 0.000000000000000e+00 0.000000000000000e+00 0.000000000000000e+00
 0.000000000000000e+00 0.000000000000000e+00 0.000000000000000e+00 0.000000000000000e+00 0.000000000000000e+00 0.000000000000000e+00 0.000000000000000e+00 0.000000000000000e+00 0.000000000000000e+00 0.000000000000000e+00
 0.000000000000000e+00 0.000000000000000e+00 0.000000000000000e+00 0.000000000000000e+00 0.000000000000000e+00 0.000000000000000e+00 0.000000000000000e+00 0.000000000000000e+00 0.000000000000000e+00 0.000000000000000e+00
 0.000000000000000e+00 0.000000000000000e+00 0.000000000000000e+00 0.000000000000000e+00 0.000000000000000e+00 0.000000000000000e+00 0.000000000000000e+00 0.000000000000000e+00 0.000000000000000e+00 0.000000000000000e+00
 0.000000000000000e+00 0.000000000000000e+00 0.000000000000000e+00 0.000000000000000e+00 0.000000000000000e+00 0.000000000000000e+00 0.000000000000000e+00 0.000000000000000e+00 0.000000000000000e+00 0.000000000000000e+00
 0.000000000000000e+00 0.000000000000000e+00 0.000000000000000e+00 0.000000000000000e+00 0.000000000000000e+00 0.000000000000000e+00 0.000000000000000e+00 0.000000000000000e+00 0.000000000000000e+00 0.000000000000000e+00
 0.000000000000000e+00 0.000000000000000e+00 0.000000000000000e+00 0.000000000000000e+00 0.000000000000000e+00 0.000000000000000e+00 0.000000000000000e+00 0.000000000000000e+00 0.000000000000000e+00 0.000000000000000e+00
 0.000000000000000e+00 0.000000000000000e+00 0.000000000000000e+00 0.000000000000000e+00 0.000000000000000e+00 0.000000000000000e+00 0.000000000000000e+00 0.000000000000000e+00 0.000000000000000e+00 0.000000000000000e+00
 0.000000000000000e+00 0.000000000000000e+00 0.000000000000000e+00 0.000000000000000e+00 0.000000000000000e+00 0.000000000000000e+00 0.000000000000000e+00 0.000000000000000e+00 0.000000000000000e+00 0.000000000000000e+00
 0.000000000000000e+00 0.000000000000000e+00 0.000000000000000e+00 0.000000000000000e+00 0.000000000000000e+00 0.000000000000000e+00 0.000000000000000e+00 0.000000000000000e+00 0.000000000000000e+00 0.000000000000000e+00
 0.000000000000000e+00 0.000000000000000e+00 0.000000000000000e+00 0.000000000000000e+00 0.000000000000000e+00 0.000000000000000e+00 0.000000000000000e+00 0.000000000000000e+00 0.000000000000000e+00 0.000000000000000e+00
 0.000000000000000e+00 0.000000000000000e+00 0.000000000000000e+00 0.000000000000000e+00 0.000000000000000e+00 0.000000000000000e+00 0.000000000000000e+00 0.000000000000000e+00 0.000000000000000e+00 0.000000000000000e+00
 0.000000000000000e+00 0.000000000000000e+00 0.000000000000000e+00 0.000000000000000e+00 0.000000000000000e+00 0.000000000000000e+00 0.000000000000000e+00 0.000000000000000e+00 0.000000000000000e+00 0.000000000000000e+00
 0.000000000000000e+00 0.000000000000000e+00 0.000000000000000e+00 0.000000000000000e+00 0.000000000000000e+00 0.000000000000000e+00 0.000000000000000e+00 0.000000000000000e+00 0.000000000000000e+00 0.000000000000000e+00
 0.000000000000000e+00 0.000000000000000e+00 0.000000000000000e+00 0.000000000000000e+00 0.000000000000000e+00 0.000000000000000e+00 0.000000000000000e+00 0.000000000000000e+00 0.000000000000000e+00 0.000000000000000e+00
 0.000000000000000e+00 0.000000000000000e+00 0.000000000000000e+00 0.000000000000000e+00 0.000000000000000e+00 0.000000000000000e+00 0.000000000000000e+00 0.000000000000000e+00 0.000000000000000e+00 0.000000000000000e+00
 0.000000000000000e+00 0.000000000000000e+00 0.000000000000000e+00 0.000000000000000e+00 0.000000000000000e+00 0.000000000000000e+00 0.000000000000000e+00 0.000000000000000e+00 0.000000000000000e+00 0.000000000000000e+00
 0.000000000000000e+00 0.000000000000000e+00 0.000000000000000e+00 0.000000000000000e+00 0.000000000000000e+00 0.000000000000000e+00 0.000000000000000e+00 0.000000000000000e+00 0.000000000000000e+00 0.000000000000000e+00
 0.000000000000000e+00 0.000000000000000e+00 0.000000000000000e+00 0.000000000000000e+00 0.000000000000000e+00 0.000000000000000e+00 0.000000000000000e+00 0.000000000000000e+00 0.000000000000000e+00 0.000000000000000e+00
 0.000000000000000e+00 0.000000000000000e+00 0.000000000000000e+00 0.000000000000000e+00 0.000000000000000e+00 0.000000000000000e+00 0.000000000000000e+00 0.000000000000000e+00 0.000000000000000e+00 0.000000000000000e+00
 0.000000000000000e+00 0.000000000000000e+00 0.000000000000000e+00 0.000000000000000e+00 0.000000000000000e+00 0.000000000000000e+00 0.000000000000000e+00 0.000000000000000e+00 0.000000000000000e+00 0.000000000000000e+00
 0.000000000000000e+00 0.000000000000000e+00 0.000000000000000e+00 0.000000000000000e+00 0.000000000000000e+00 0.000000000000000e+00 0.000000000000000e+00 0.000000000000000e+00 0.000000000000000e+00 0.000000000000000e+00
 0.000000000000000e+00 0.000000000000000e+00 0.000000000000000e+00 0.000000000000000e+00 0.000000000000000e+00 0.000000000000000e+00 0.000000000000000e+00 0.000000000000000e+00 0.000000000000000e+00 0.000000000000000e+00
 0.000000000000000e+00 0.000000000000000e+00 0.000000000000000e+00 0.000000000000000e+00 0.000000000000000e+00 0.000000000000000e+00 0.000000000000000e+00 0.000000000000000e+00 0.000000000000000e+00 0.000000000000000e+00
 0.000000000000000e+00 0.000000000000000e+00 0.000000000000000e+00 0.000000000000000e+00 0.000000000000000e+00 0.000000000000000e+00 0.000000000000000e+00 0.000000000000000e+00 0.000000000000000e+00 0.000000000000000e+00
 0.000000000000000e+00 0.000000000000000e+00 0.000000000000000e+00 0.000000000000000e+00 0.000000000000000e+00 0.000000000000000e+00 0.000000000000000e+00 0.000000000000000e+00 0.000000000000000e+00 0.000000000000000e+00
 0.000000000000000e+00 0.000000000000000e+00 0.000000000000000e+00 0.000000000000000e+00 0.000000000000000e+00 0.000000000000000e+00 0.000000000000000e+00 0.000000000000000e+00 0.000000000000000e+00 0.000000000000000e+00
 0.000000000000000e+00 0.000000000000000e+00 0.000000000000000e+00 0.000000000000000e+00 0.000000000000000e+00 0.000000000000000e+00 0.000000000000000e+00 0.000000000000000e+00 0.000000000000000e+00 0.000000000000000e+00
 0.000000000000000e+00 0.000000000000000e+00 0.000000000000000e+00 0.000000000000000e+00 0.000000000000000e+00 0.000000000000000e+00 0.000000000000000e+00 0.000000000000000e+00 0.000000000000000e+00 0.000000000000000e+00
 0.000000000000000e+00 0.000000000000000e+00 0.000000000000000e+00 0.000000000000000e+00 0.000000000000000e+00 0.000000000000000e+00 0.000000000000000e+00 0.000000000000000e+00 0.000000000000000e+00 0.000000000000000e+00
 0.000000000000000e+00 0.000000000000000e+00 0.000000000000000e+00 0.000000000000000e+00 0.000000000000000e+00 0.000000000000000e+00 0.000000000000000e+00 0.000000000000000e+00 0.000000000000000e+00 0.000000000000000e+00
 0.000000000000000e+00 0.000000000000000e+00 0.000000000000000e+00 0.000000000000000e+00 0.000000000000000e+00 0.000000000000000e+00 0.000000000000000e+00 0.000000000000000e+00 0.000000000000000e+00 0.000000000000000e+00
 0.000000000000000e+00 0.000000000000000e+00 0.000000000000000e+00 0.000000000000000e+00 0.000000000000000e+00 0.000000000000000e+00 0.000000000000000e+00 0.000000000000000e+00 0.000000000000000e+00 0.000000000000000e+00
 0.000000000000000e+00 0.000000000000000e+00 0.000000000000000e+00 0.000000000000000e+00 0.000000000000000e+00 0.000000000000000e+00 0.000000000000000e+00 0.000000000000000e+00 0.000000000000000e+00 0.000000000000000e+00
 0.000000000000000e+00 0.000000000000000e+00 0.000000000000000e+00 0.000000000000000e+00 0.000000000000000e+00 0.000000000000000e+00 0.000000000000000e+00 0.000000000000000e+00 0.000000000000000e+00 0.000000000000000e+00
 0.000000000000000e+00 0.000000000000000e+00 0.000000000000000e+00 0.000000000000000e+00 0.000000000000000e+00 0.000000000000000e+00 0.000000000000000e+00 0.000000000000000e+00 0.000000000000000e+00 0.000000000000000e+00
 0.000000000000000e+00 0.000000000000000e+00 0.000000000000000e+00 0.000000000000000e+00 0.000000000000000e+00 0.000000000000000e+00 0.000000000000000e+00 0.000000000000000e+00 0.000000000000000e+00 0.000000000000000e+00
 0.000000000000000e+00 0.000000000000000e+00 0.000000000000000e+00 0.000000000000000e+00 0.000000000000000e+00 0.000000000000000e+00 0.000000000000000e+00 0.000000000000000e+00 0.000000000000000e+00 0.000000000000000e+00
 0.000000000000000e+00 0.000000000000000e+00 0.000000000000000e+00 0.000000000000000e+00 0.000000000000000e+00 0.000000000000000e+00 0.000000000000000e+00 0.000000000000000e+00 0.000000000000000e+00 0.000000000000000e+00
 0.000000000000000e+00 0.000000000000000e+00 0.000000000000000e+00 0.000000000000000e+00 0.000000000000000e+00 0.000000000000000e+00 0.000000000000000e+00 0.000000000000000e+00 0.000000000000000e+00 0.000000000000000e+00
 0.000000000000000e+00 0.000000000000000e+00 0.000000000000000e+00 0.000000000000000e+00 0.000000000000000e+00 0.000000000000000e+00 0.000000000000000e+00 0.000000000000000e+00 0.000000000000000e+00 0.000000000000000e+00
 0.000000000000000e+00 0.000000000000000e+00 0.000000000000000e+00 0.000000000000000e+00 0.000000000000000e+00 0.000000000000000e+00 0.000000000000000e+00 0.000000000000000e+00 0.000000000000000e+00 0.000000000000000e+00
 0.000000000000000e+00 0.000000000000000e+00 0.000000000000000e+00 0.000000000000000e+00 0.000000000000000e+00 0.000000000000000e+00 0.000000000000000e+00 0.000000000000000e+00 0.000000000000000e+00 0.000000000000000e+00
 0.000000000000000e+00 0.000000000000000e+00 0.000000000000000e+00 0.000000000000000e+00 0.000000000000000e+00 0.000000000000000e+00 0.000000000000000e+00 0.000000000000000e+00 0.000000000000000e+00 0.000000000000000e+00
 0.000000000000000e+00 0.000000000000000e+00 0.000000000000000e+00 0.000000000000000e+00 0.000000000000000e+00 0.000000000000000e+00 0.000000000000000e+00 0.000000000000000e+00 0.000000000000000e+00 0.000000000000000e+00
 0.000000000000000e+00 0.000000000000000e+00 0.000000000000000e+00 0.000000000000000e+00 0.000000000000000e+00 0.000000000000000e+00 0.000000000000000e+00 0.000000000000000e+00 0.000000000000000e+00 0.000000000000000e+00
 0.000000000000000e+00 0.000000000000000e+00 0.000000000000000e+00 0.000000000000000e+00 0.000000000000000e+00 0.000000000000000e+00 0.000000000000000e+00 0.000000000000000e+00 0.000000000000000e+00 0.000000000000000e+00
 0.000000000000000e+00 0.000000000000000e+00 0.000000000000000e+00 0.000000000000000e+00 0.000000000000000e+00 0.000000000000000e+00 0.000000000000000e+00 0.000000000000000e+00 0.000000000000000e+00 0.000000000000000e+00
 0.000000000000000e+00 0.000000000000000e+00 0.000000000000000e+00 0.000000000000000e+00 0.000000000000000e+00 0.000000000000000e+00 0.000000000000000e+00 0.000000000000000e+00 0.000000000000000e+00 0.000000000000000e+00
 0.000000000000000e+00 0.000000000000000e+00 0.000000000000000e+00 0.000000000000000e+00 0.000000000000000e+00 0.000000000000000e+00 0.000000000000000e+00 0.000000000000000e+00 0.000000000000000e+00 0.000000000000000e+00
 0.000000000000000e+00 0.000000000000000e+00 0.000000000000000e+00 0.000000000000000e+00 0.000000000000000e+00 0.000000000000000e+00 0.000000000000000e+00 0.000000000000000e+00 0.000000000000000e+00 0.000000000000000e+00
 0.000000000000000e+00 0.000000000000000e+00 0.000000000000000e+00 0.000000000000000e+00 0.000000000000000e+00 0.000000000000000e+00 0.000000000000000e+00 0.000000000000000e+00 0.000000000000000e+00 0.000000000000000e+00
 0.000000000000000e+00 0.000000000000000e+00 0.000000000000000e+00 0.000000000000000e+00 0.000000000000000e+00 0.000000000000000e+00 0.000000000000000e+00 0.000000000000000e+00 0.000000000000000e+00 0.000000000000000e+00
 0.000000000000000e+00 0.000000000000000e+00 0.000000000000000e+00 0.000000000000000e+00 0.000000000000000e+00 0.000000000000000e+00 0.000000000000000e+00 0.000000000000000e+00 0.000000000000000e+00 0.000000000000000e+00
 0.000000000000000e+00 0.000000000000000e+00 0.000000000000000e+00 0.000000000000000e+00 0.000000000000000e+00 0.000000000000000e+00 0.000000000000000e+00 0.000000000000000e+00 0.000000000000000e+00 0.000000000000000e+00
 0.000000000000000e+00 0.000000000000000e+00 0.000000000000000e+00 0.000000000000000e+00 0.000000000000000e+00 0.000000000000000e+00 0.000000000000000e+00 0.000000000000000e+00 0.000000000000000e+00 0.000000000000000e+00
 0.000000000000000e+00 0.000000000000000e+00 0.000000000000000e+00 0.000000000000000e+00 0.000000000000000e+00 0.000000000000000e+00 0.000000000000000e+00 0.000000000000000e+00 0.000000000000000e+00 0.000000000000000e+00
 0.000000000000000e+00 0.000000000000000e+00 0.000000000000000e+00 0.000000000000000e+00 0.000000000000000e+00 0.000000000000000e+00 0.000000000000000e+00 0.000000000000000e+00 0.000000000000000e+00 0.000000000000000e+00
 0.000000000000000e+00 0.000000000000000e+00 0.000000000000000e+00 0.000000000000000e+00 0.000000000000000e+00 0.000000000000000e+00 0.000000000000000e+00 0.000000000000000e+00 0.000000000000000e+00 0.000000000000000e+00
 0.000000000000000e+00 0.000000000000000e+00 0.000000000000000e+00 0.000000000000000e+00 0.000000000000000e+00 0.000000000000000e+00 0.000000000000000e+00 0.000000000000000e+00 0.000000000000000e+00 0.000000000000000e+00
 0.000000000000000e+00 0.000000000000000e+00 0.000000000000000e+00 0.000000000000000e+00 0.000000000000000e+00 0.000000000000000e+00 0.000000000000000e+00 0.000000000000000e+00 0.000000000000000e+00 0.000000000000000e+00
 0.000000000000000e+00 0.000000000000000e+00 0.000000000000000e+00 0.000000000000000e+00 0.000000000000000e+00 0.000000000000000e+00 0.000000000000000e+00 0.000000000000000e+00 0.000000000000000e+00 0.000000000000000e+00
 0.000000000000000e+00 0.000000000000000e+00 0.000000000000000e+00 0.000000000000000e+00 0.000000000000000e+00 0.000000000000000e+00 0.000000000000000e+00 0.000000000000000e+00 0.000000000000000e+00 0.000000000000000e+00
 0.000000000000000e+00 0.000000000000000e+00 0.000000000000000e+00 0.000000000000000e+00 0.000000000000000e+00 0.000000000000000e+00 0.000000000000000e+00 0.000000000000000e+00 0.000000000000000e+00 0.000000000000000e+00
 0.000000000000000e+00 0.000000000000000e+00 0.000000000000000e+00 0.000000000000000e+00 0.000000000000000e+00 0.000000000000000e+00 0.000000000000000e+00 0.000000000000000e+00 0.000000000000000e+00 0.000000000000000e+00
 0.000000000000000e+00 0.000000000000000e+00 0.000000000000000e+00 0.000000000000000e+00 0.000000000000000e+00 0.000000000000000e+00 0.000000000000000e+00 0.000000000000000e+00 0.000000000000000e+00 0.000000000000000e+00
 0.000000000000000e+00 0.000000000000000e+00 0.000000000000000e+00 0.000000000000000e+00 0.000000000000000e+00 0.000000000000000e+00 0.000000000000000e+00 0.000000000000000e+00 0.000000000000000e+00 0.000000000000000e+00
 0.000000000000000e+00 0.000000000000000e+00 0.000000000000000e+00 0.000000000000000e+00 0.000000000000000e+00 0.000000000000000e+00 0.000000000000000e+00 0.000000000000000e+00 0.000000000000000e+00 0.000000000000000e+00
 0.000000000000000e+00 0.000000000000000e+00 0.000000000000000e+00 0.000000000000000e+00 0.000000000000000e+00 0.000000000000000e+00 0.000000000000000e+00 0.000000000000000e+00 0.000000000000000e+00 0.000000000000000e+00
 0.000000000000000e+00 0.000000000000000e+00 0.000000000000000e+00 0.000000000000000e+00 0.000000000000000e+00 0.000000000000000e+00 0.000000000000000e+00 0.000000000000000e+00 0.000000000000000e+00 0.000000000000000e+00
 0.000000000000000e+00 0.000000000000000e+00 0.000000000000000e+00 0.000000000000000e+00 0.000000000000000e+00 0.000000000000000e+00 0.000000000000000e+00 0.000000000000000e+00 0.000000000000000e+00 0.000000000000000e+00
 0.000000000000000e+00 0.000000000000000e+00 0.000000000000000e+00 0.000000000000000e+00 0.000000000000000e+00 0.000000000000000e+00 0.000000000000000e+00 0.000000000000000e+00 0.000000000000000e+00 0.000000000000000e+00
 0.000000000000000e+00 0.000000000000000e+00 0.000000000000000e+00 0.000000000000000e+00 0.000000000000000e+00 0.000000000000000e+00 0.000000000000000e+00 0.000000000000000e+00 0.000000000000000e+00 0.000000000000000e+00
 0.000000000000000e+00 0.000000000000000e+00 0.000000000000000e+00 0.000000000000000e+00 0.000000000000000e+00 0.000000000000000e+00 0.000000000000000e+00 0.000000000000000e+00 0.000000000000000e+00 0.000000000000000e+00
 0.000000000000000e+00 0.000000000000000e+00 0.000000000000000e+00 0.000000000000000e+00 0.000000000000000e+00 0.000000000000000e+00 0.000000000000000e+00 0.000000000000000e+00 0.000000000000000e+00 0.000000000000000e+00
 0.000000000000000e+00 0.000000000000000e+00 0.000000000000000e+00 0.000000000000000e+00 0.000000000000000e+00 0.000000000000000e+00 0.000000000000000e+00 0.000000000000000e+00 0.000000000000000e+00 0.000000000000000e+00
 0.000000000000000e+00 0.000000000000000e+00 0.000000000000000e+00 0.000000000000000e+00 0.000000000000000e+00 0.000000000000000e+00 0.000000000000000e+00 0.000000000000000e+00 0.000000000000000e+00 0.000000000000000e+00
 0.000000000000000e+00 0.000000000000000e+00 0.000000000000000e+00 0.000000000000000e+00 0.000000000000000e+00 0.000000000000000e+00 0.000000000000000e+00 0.000000000000000e+00 0.000000000000000e+00 0.000000000000000e+00
 0.000000000000000e+00 0.000000000000000e+00 0.000000000000000e+00 0.000000000000000e+00 0.000000000000000e+00 0.000000000000000e+00 0.000000000000000e+00 0.000000000000000e+00 0.000000000000000e+00 0.000000000000000e+00
 0.000000000000000e+00 0.000000000000000e+00 0.000000000000000e+00 0.000000000000000e+00 0.000000000000000e+00 0.000000000000000e+00 0.000000000000000e+00 0.000000000000000e+00 0.000000000000000e+00 0.000000000000000e+00
 0.000000000000000e+00 0.000000000000000e+00 0.000000000000000e+00 0.000000000000000e+00 0.000000000000000e+00 0.000000000000000e+00 0.000000000000000e+00 0.000000000000000e+00 0.000000000000000e+00 0.000000000000000e+00
 0.000000000000000e+00 0.000000000000000e+00 0.000000000000000e+00 0.000000000000000e+00 0.000000000000000e+00 0.000000000000000e+00 0.000000000000000e+00 0.000000000000000e+00 0.000000000000000e+00 0.000000000000000e+00
 0.000000000000000e+00 0.000000000000000e+00 0.000000000000000e+00 0.000000000000000e+00 0.000000000000000e+00 0.000000000000000e+00 0.000000000000000e+00 0.000000000000000e+00 0.000000000000000e+00 0.000000000000000e+00
 0.000000000000000e+00 0.000000000000000e+00 0.000000000000000e+00 0.000000000000000e+00 0.000000000000000e+00 0.000000000000000e+00 0.000000000000000e+00 0.000000000000000e+00 0.000000000000000e+00 0.000000000000000e+00
 0.000000000000000e+00 0.000000000000000e+00 0.000000000000000e+00 0.000000000000000e+00 0.000000000000000e+00 0.000000000000000e+00 0.000000000000000e+00 0.000000000000000e+00 0.000000000000000e+00 0.000000000000000e+00
 0.000000000000000e+00 0.000000000000000e+00 0.000000000000000e+00 0.000000000000000e+00 0.000000000000000e+00 0.000000000000000e+00 0.000000000000000e+00 0.000000000000000e+00 0.000000000000000e+00 0.000000000000000e+00
 0.000000000000000e+00 0.000000000000000e+00 0.000000000000000e+00 0.000000000000000e+00 0.000000000000000e+00 0.000000000000000e+00 0.000000000000000e+00 0.000000000000000e+00 0.000000000000000e+00 0.000000000000000e+00
 0.000000000000000e+00 0.000000000000000e+00 0.000000000000000e+00 0.000000000000000e+00 0.000000000000000e+00 0.000000000000000e+00 0.000000000000000e+00 0.000000000000000e+00 0.000000000000000e+00 0.000000000000000e+00
 0.000000000000000e+00 0.000000000000000e+00 0.000000000000000e+00 0.000000000000000e+00 0.000000000000000e+00 0.000000000000000e+00 0.000000000000000e+00 0.000000000000000e+00 0.000000000000000e+00 0.000000000000000e+00
 0.000000000000000e+00 0.000000000000000e+00 0.000000000000000e+00 0.000000000000000e+00 0.000000000000000e+00 0.000000000000000e+00 0.000000000000000e+00 0.000000000000000e+00 0.000000000000000e+00 0.000000000000000e+00
 0.000000000000000e+00 0.000000000000000e+00 0.000000000000000e+00 0.000000000000000e+00 0.000000000000000e+00 0.000000000000000e+00 0.000000000000000e+00 0.000000000000000e+00 0.000000000000000e+00 0.000000000000000e+00
 0.000000000000000e+00 0.000000000000000e+00 0.000000000000000e+00 0.000000000000000e+00 0.000000000000000e+00 0.000000000000000e+00 0.000000000000000e+00 0.000000000000000e+00 0.000000000000000e+00 0.000000000000000e+00
 0.000000000000000e+00 0.000000000000000e+00 0.000000000000000e+00 0.000000000000000e+00 0.000000000000000e+00 0.000000000000000e+00 0.000000000000000e+00 0.000000000000000e+00 0.000000000000000e+00 0.000000000000000e+00
 0.000000000000000e+00 0.000000000000000e+00 0.000000000000000e+00 0.000000000000000e+00 0.000000000000000e+00 0.000000000000000e+00 0.000000000000000e+00 0.000000000000000e+00 0.000000000000000e+00 0.000000000000000e+00
 0.000000000000000e+00 0.000000000000000e+00 0.000000000000000e+00 0.000000000000000e+00 0.000000000000000e+00 0.000000000000000e+00 0.000000000000000e+00 0.000000000000000e+00 0.000000000000000e+00 0.000000000000000e+00
 0.000000000000000e+00 0.000000000000000e+00 0.000000000000000e+00 0.000000000000000e+00 0.000000000000000e+00 0.000000000000000e+00 0.000000000000000e+00 0.000000000000000e+00 0.000000000000000e+00 0.000000000000000e+00
 0.000000000000000e+00 0.000000000000000e+00 0.000000000000000e+00 0.000000000000000e+00 0.000000000000000e+00 0.000000000000000e+00 0.000000000000000e+00 0.000000000000000e+00 0.000000000000000e+00 0.000000000000000e+00
 0.000000000000000e+00 0.000000000000000e+00 0.000000000000000e+00 0.000000000000000e+00 0.000000000000000e+00 0.000000000000000e+00 0.000000000000000e+00 0.000000000000000e+00 0.000000000000000e+00 0.000000000000000e+00
 0.000000000000000e+00 0.000000000000000e+00 0.000000000000000e+00 0.000000000000000e+00 0.000000000000000e+00 0.000000000000000e+00 0.000000000000000e+00 0.000000000000000e+00 0.000000000000000e+00 0.000000000000000e+00
 0.000000000000000e+00 0.000000000000000e+00 0.000000000000000e+00 0.000000000000000e+00 0.000000000000000e+00 0.000000000000000e+00 0.000000000000000e+00 0.000000000000000e+00 0.000000000000000e+00 0.000000000000000e+00
 0.000000000000000e+00 0.000000000000000e+00 0.000000000000000e+00 0.000000000000000e+00 0.000000000000000e+00 0.000000000000000e+00 0.000000000000000e+00 0.000000000000000e+00 0.000000000000000e+00 0.000000000000000e+00
 0.000000000000000e+00 0.000000000000000e+00 0.000000000000000e+00 0.000000000000000e+00 0.000000000000000e+00 0.000000000000000e+00 0.000000000000000e+00 0.000000000000000e+00 0.000000000000000e+00 0.000000000000000e+00
 0.000000000000000e+00 0.000000000000000e+00 0.000000000000000e+00 0.000000000000000e+00 0.000000000000000e+00 0.000000000000000e+00 0.000000000000000e+00 0.000000000000000e+00 0.000000000000000e+00 0.000000000000000e+00
 0.000000000000000e+00 0.000000000000000e+00 0.000000000000000e+00 0.000000000000000e+00 0.000000000000000e+00 0.000000000000000e+00 0.000000000000000e+00 0.000000000000000e+00 0.000000000000000e+00 0.000000000000000e+00
 0.000000000000000e+00 0.000000000000000e+00 0.000000000000000e+00 0.000000000000000e+00 0.000000000000000e+00 0.000000000000000e+00 0.000000000000000e+00 0.000000000000000e+00 0.000000000000000e+00 0.000000000000000e+00
 0.000000000000000e+00 0.000000000000000e+00 0.000000000000000e+00 0.000000000000000e+00 0.000000000000000e+00 0.000000000000000e+00 0.000000000000000e+00 0.000000000000000e+00 0.000000000000000e+00 0.000000000000000e+00
 0.000000000000000e+00 0.000000000000000e+00 0.000000000000000e+00 0.000000000000000e+00 0.000000000000000e+00 0.000000000000000e+00 0.000000000000000e+00 0.000000000000000e+00 0.000000000000000e+00 0.000000000000000e+00
 0.000000000000000e+00 0.000000000000000e+00 0.000000000000000e+00 0.000000000000000e+00 0.000000000000000e+00 0.000000000000000e+00 0.000000000000000e+00 0.000000000000000e+00 0.000000000000000e+00 0.000000000000000e+00
 0.000000000000000e+00 0.000000000000000e+00 0.000000000000000e+00 0.000000000000000e+00 0.000000000000000e+00 0.000000000000000e+00 0.000000000000000e+00 0.000000000000000e+00 0.000000000000000e+00 0.000000000000000e+00
 0.000000000000000e+00 0.000000000000000e+00 0.000000000000000e+00 0.000000000000000e+00 0.000000000000000e+00 0.000000000000000e+00 0.000000000000000e+00 0.000000000000000e+00 0.000000000000000e+00 0.000000000000000e+00
 0.000000000000000e+00 0.000000000000000e+00 0.000000000000000e+00 0.000000000000000e+00 0.000000000000000e+00 0.000000000000000e+00 0.000000000000000e+00 0.000000000000000e+00 0.000000000000000e+00 0.000000000000000e+00
 0.000000000000000e+00 0.000000000000000e+00 0.000000000000000e+00 0.000000000000000e+00 0.000000000000000e+00 0.000000000000000e+00 0.000000000000000e+00 0.000000000000000e+00 0.000000000000000e+00 0.000000000000000e+00
 0.000000000000000e+00 0.000000000000000e+00 0.000000000000000e+00 0.000000000000000e+00 0.000000000000000e+00 0.000000000000000e+00 0.000000000000000e+00 0.000000000000000e+00 0.000000000000000e+00 0.000000000000000e+00
 0.000000000000000e+00 0.000000000000000e+00 0.000000000000000e+00 0.000000000000000e+00 0.000000000000000e+00 0.000000000000000e+00 0.000000000000000e+00 0.000000000000000e+00 0.000000000000000e+00 0.000000000000000e+00
 0.000000000000000e+00 0.000000000000000e+00 0.000000000000000e+00 0.000000000000000e+00 0.000000000000000e+00 0.000000000000000e+00 0.000000000000000e+00 0.000000000000000e+00 0.000000000000000e+00 0.000000000000000e+00
 0.000000000000000e+00 0.000000000000000e+00 0.000000000000000e+00 0.000000000000000e+00 0.000000000000000e+00 0.000000000000000e+00 0.000000000000000e+00 0.000000000000000e+00 0.000000000000000e+00 0.000000000000000e+00
 0.000000000000000e+00 0.000000000000000e+00 0.000000000000000e+00 0.000000000000000e+00 0.000000000000000e+00 0.000000000000000e+00 0.000000000000000e+00 0.000000000000000e+00 0.000000000000000e+00 0.000000000000000e+00
 0.000000000000000e+00 0.000000000000000e+00 0.000000000000000e+00 0.000000000000000e+00 0.000000000000000e+00 0.000000000000000e+00 0.000000000000000e+00 0.000000000000000e+00 0.000000000000000e+00 0.000000000000000e+00
 0.000000000000000e+00 0.000000000000000e+00 0.000000000000000e+00 0.000000000000000e+00 0.000000000000000e+00 0.000000000000000e+00 0.000000000000000e+00 0.000000000000000e+00 0.000000000000000e+00 0.000000000000000e+00
 0.000000000000000e+00 0.000000000000000e+00 0.000000000000000e+00 0.000000000000000e+00 0.000000000000000e+00 0.000000000000000e+00 0.000000000000000e+00 0.000000000000000e+00 0.000000000000000e+00 0.000000000000000e+00
 0.000000000000000e+00 0.000000000000000e+00 0.000000000000000e+00 0.000000000000000e+00 0.000000000000000e+00 0.000000000000000e+00 0.000000000000000e+00 0.000000000000000e+00 0.000000000000000e+00 0.000000000000000e+00
 0.000000000000000e+00 0.000000000000000e+00 0.000000000000000e+00 0.000000000000000e+00 0.000000000000000e+00 0.000000000000000e+00 0.000000000000000e+00 0.000000000000000e+00 0.000000000000000e+00 0.000000000000000e+00
 0.000000000000000e+00 0.000000000000000e+00 0.000000000000000e+00 0.000000000000000e+00 0.000000000000000e+00 0.000000000000000e+00 0.000000000000000e+00 0.000000000000000e+00 0.000000000000000e+00 0.000000000000000e+00
 0.000000000000000e+00 0.000000000000000e+00 0.000000000000000e+00 0.000000000000000e+00 0.000000000000000e+00 0.000000000000000e+00 0.000000000000000e+00 0.000000000000000e+00 0.000000000000000e+00 0.000000000000000e+00
 0.000000000000000e+00 0.000000000000000e+00 0.000000000000000e+00 0.000000000000000e+00 0.000000000000000e+00 0.000000000000000e+00 0.000000000000000e+00 0.000000000000000e+00 0.000000000000000e+00 0.000000000000000e+00
 0.000000000000000e+00 0.000000000000000e+00 0.000000000000000e+00 0.000000000000000e+00 0.000000000000000e+00 0.000000000000000e+00 0.000000000000000e+00 0.000000000000000e+00 0.000000000000000e+00 0.000000000000000e+00
 0.000000000000000e+00 0.000000000000000e+00 0.000000000000000e+00 0.000000000000000e+00 0.000000000000000e+00 0.000000000000000e+00 0.000000000000000e+00 0.000000000000000e+00 0.000000000000000e+00 0.000000000000000e+00
 0.000000000000000e+00 0.000000000000000e+00 0.000000000000000e+00 0.000000000000000e+00 0.000000000000000e+00 0.000000000000000e+00 0.000000000000000e+00 0.000000000000000e+00 0.000000000000000e+00 0.000000000000000e+00
 0.000000000000000e+00 0.000000000000000e+00 0.000000000000000e+00 0.000000000000000e+00 0.000000000000000e+00 0.000000000000000e+00 0.000000000000000e+00 0.000000000000000e+00 0.000000000000000e+00 0.000000000000000e+00
 0.000000000000000e+00 0.000000000000000e+00 0.000000000000000e+00 0.000000000000000e+00 0.000000000000000e+00 0.000000000000000e+00 0.000000000000000e+00 0.000000000000000e+00 0.000000000000000e+00 0.000000000000000e+00
 0.000000000000000e+00 0.000000000000000e+00 0.000000000000000e+00 0.000000000000000e+00 0.000000000000000e+00 0.000000000000000e+00 0.000000000000000e+00 0.000000000000000e+00 0.000000000000000e+00 0.000000000000000e+00
 0.000000000000000e+00 0.000000000000000e+00 0.000000000000000e+00 0.000000000000000e+00 0.000000000000000e+00 0.000000000000000e+00 0.000000000000000e+00 0.000000000000000e+00 0.000000000000000e+00 0.000000000000000e+00
 0.000000000000000e+00 0.000000000000000e+00 0.000000000000000e+00 0.000000000000000e+00 0.000000000000000e+00 0.000000000000000e+00 0.000000000000000e+00 0.000000000000000e+00 0.000000000000000e+00 0.000000000000000e+00
 0.000000000000000e+00 0.000000000000000e+00 0.000000000000000e+00 0.000000000000000e+00 0.000000000000000e+00 0.000000000000000e+00 0.000000000000000e+00 0.000000000000000e+00 0.000000000000000e+00 0.000000000000000e+00
 0.000000000000000e+00 0.000000000000000e+00 0.000000000000000e+00 0.000000000000000e+00 0.000000000000000e+00 0.000000000000000e+00 0.000000000000000e+00 0.000000000000000e+00 0.000000000000000e+00 0.000000000000000e+00
 0.000000000000000e+00 0.000000000000000e+00 0.000000000000000e+00 0.000000000000000e+00 0.000000000000000e+00 0.000000000000000e+00 0.000000000000000e+00 0.000000000000000e+00 0.000000000000000e+00 0.000000000000000e+00
 0.000000000000000e+00 0.000000000000000e+00 0.000000000000000e+00 0.000000000000000e+00 0.000000000000000e+00 0.000000000000000e+00 0.000000000000000e+00 0.000000000000000e+00 0.000000000000000e+00 0.000000000000000e+00
 0.000000000000000e+00 0.000000000000000e+00 0.000000000000000e+00 0.000000000000000e+00 0.000000000000000e+00 0.000000000000000e+00 0.000000000000000e+00 0.000000000000000e+00 0.000000000000000e+00 0.000000000000000e+00
 0.000000000000000e+00 0.000000000000000e+00 0.000000000000000e+00 0.000000000000000e+00 0.000000000000000e+00 0.000000000000000e+00 0.000000000000000e+00 0.000000000000000e+00 0.000000000000000e+00 0.000000000000000e+00
 0.000000000000000e+00 0.000000000000000e+00 0.000000000000000e+00 0.000000000000000e+00 0.000000000000000e+00 0.000000000000000e+00 0.000000000000000e+00 0.000000000000000e+00 0.000000000000000e+00 0.000000000000000e+00
 0.000000000000000e+00 0.000000000000000e+00 0.000000000000000e+00 0.000000000000000e+00 0.000000000000000e+00 0.000000000000000e+00 0.000000000000000e+00 0.000000000000000e+00 0.000000000000000e+00 0.000000000000000e+00
 0.000000000000000e+00 0.000000000000000e+00 0.000000000000000e+00 0.000000000000000e+00 0.000000000000000e+00 0.000000000000000e+00 0.000000000000000e+00 0.000000000000000e+00 0.000000000000000e+00 0.000000000000000e+00
 0.000000000000000e+00 0.000000000000000e+00 0.000000000000000e+00 0.000000000000000e+00 0.000000000000000e+00 0.000000000000000e+00 0.000000000000000e+00 0.000000000000000e+00 0.000000000000000e+00 0.000000000000000e+00
 0.000000000000000e+00 0.000000000000000e+00 0.000000000000000e+00 0.000000000000000e+00 0.000000000000000e+00 0.000000000000000e+00 0.000000000000000e+00 0.000000000000000e+00 0.000000000000000e+00 0.000000000000000e+00
 0.000000000000000e+00 0.000000000000000e+00 0.000000000000000e+00 0.000000000000000e+00 0.000000000000000e+00 0.000000000000000e+00 0.000000000000000e+00 0.000000000000000e+00 0.000000000000000e+00 0.000000000000000e+00
 0.000000000000000e+00 0.000000000000000e+00 0.000000000000000e+00 0.000000000000000e+00 0.000000000000000e+00 0.000000000000000e+00 0.000000000000000e+00 0.000000000000000e+00 0.000000000000000e+00 0.000000000000000e+00
 0.000000000000000e+00 0.000000000000000e+00 0.000000000000000e+00 0.000000000000000e+00 0.000000000000000e+00 0.000000000000000e+00 0.000000000000000e+00 0.000000000000000e+00 0.000000000000000e+00 0.000000000000000e+00
 0.000000000000000e+00 0.000000000000000e+00 0.000000000000000e+00 0.000000000000000e+00 0.000000000000000e+00 0.000000000000000e+00 0.000000000000000e+00 0.000000000000000e+00 0.000000000000000e+00 0.000000000000000e+00
 0.000000000000000e+00 0.000000000000000e+00 0.000000000000000e+00 0.000000000000000e+00 0.000000000000000e+00 0.000000000000000e+00 0.000000000000000e+00 0.000000000000000e+00 0.000000000000000e+00 0.000000000000000e+00
 0.000000000000000e+00 0.000000000000000e+00 0.000000000000000e+00 0.000000000000000e+00 0.000000000000000e+00 0.000000000000000e+00 0.000000000000000e+00 0.000000000000000e+00 0.000000000000000e+00 0.000000000000000e+00
 0.000000000000000e+00 0.000000000000000e+00 0.000000000000000e+00 0.000000000000000e+00 0.000000000000000e+00 0.000000000000000e+00 0.000000000000000e+00 0.000000000000000e+00 0.000000000000000e+00 0.000000000000000e+00
 0.000000000000000e+00 0.000000000000000e+00 0.000000000000000e+00 0.000000000000000e+00 0.000000000000000e+00 0.000000000000000e+00 0.000000000000000e+00 0.000000000000000e+00 0.000000000000000e+00 0.000000000000000e+00
 0.000000000000000e+00 0.000000000000000e+00 0.000000000000000e+00 0.000000000000000e+00 0.000000000000000e+00 0.000000000000000e+00 0.000000000000000e+00 0.000000000000000e+00 0.000000000000000e+00 0.000000000000000e+00
 0.000000000000000e+00 0.000000000000000e+00 0.000000000000000e+00 0.000000000000000e+00 0.000000000000000e+00 0.000000000000000e+00 0.000000000000000e+00 0.000000000000000e+00 0.000000000000000e+00 0.000000000000000e+00
 0.000000000000000e+00 0.000000000000000e+00 0.000000000000000e+00 0.000000000000000e+00 0.000000000000000e+00 0.000000000000000e+00 0.000000000000000e+00 0.000000000000000e+00 0.000000000000000e+00 0.000000000000000e+00
 0.000000000000000e+00 0.000000000000000e+00 0.000000000000000e+00 0.000000000000000e+00 0.000000000000000e+00 0.000000000000000e+00 0.000000000000000e+00 0.000000000000000e+00 0.000000000000000e+00 0.000000000000000e+00
 0.000000000000000e+00 0.000000000000000e+00 0.000000000000000e+00 0.000000000000000e+00 0.000000000000000e+00 0.000000000000000e+00 0.000000000000000e+00 0.000000000000000e+00 0.000000000000000e+00 0.000000000000000e+00
 0.000000000000000e+00 0.000000000000000e+00 0.000000000000000e+00 0.000000000000000e+00 0.000000000000000e+00 0.000000000000000e+00 0.000000000000000e+00 0.000000000000000e+00 0.000000000000000e+00 0.000000000000000e+00
 0.000000000000000e+00 0.000000000000000e+00 0.000000000000000e+00 0.000000000000000e+00 0.000000000000000e+00 0.000000000000000e+00 0.000000000000000e+00 0.000000000000000e+00 0.000000000000000e+00 0.000000000000000e+00
 0.000000000000000e+00 0.000000000000000e+00 0.000000000000000e+00 0.000000000000000e+00 0.000000000000000e+00 0.000000000000000e+00 0.000000000000000e+00 0.000000000000000e+00 0.000000000000000e+00 0.000000000000000e+00
 0.000000000000000e+00 0.000000000000000e+00 0.000000000000000e+00 0.000000000000000e+00 0.000000000000000e+00 0.000000000000000e+00 0.000000000000000e+00 0.000000000000000e+00 0.000000000000000e+00 0.000000000000000e+00
 0.000000000000000e+00 0.000000000000000e+00 0.000000000000000e+00 0.000000000000000e+00 0.000000000000000e+00 0.000000000000000e+00 0.000000000000000e+00 0.000000000000000e+00 0.000000000000000e+00 0.000000000000000e+00
 0.000000000000000e+00 0.000000000000000e+00 0.000000000000000e+00 0.000000000000000e+00 0.000000000000000e+00 0.000000000000000e+00 0.000000000000000e+00 0.000000000000000e+00 0.000000000000000e+00 0.000000000000000e+00
 0.000000000000000e+00 0.000000000000000e+00 0.000000000000000e+00 0.000000000000000e+00 0.000000000000000e+00 0.000000000000000e+00 0.000000000000000e+00 0.000000000000000e+00 0.000000000000000e+00 0.000000000000000e+00
 0.000000000000000e+00 0.000000000000000e+00 0.000000000000000e+00 0.000000000000000e+00 0.000000000000000e+00 0.000000000000000e+00 0.000000000000000e+00 0.000000000000000e+00 0.000000000000000e+00 0.000000000000000e+00
 0.000000000000000e+00 0.000000000000000e+00 0.000000000000000e+00 0.000000000000000e+00 0.000000000000000e+00 0.000000000000000e+00 0.000000000000000e+00 0.000000000000000e+00 0.000000000000000e+00 0.000000000000000e+00
 0.000000000000000e+00 0.000000000000000e+00 0.000000000000000e+00 0.000000000000000e+00 0.000000000000000e+00 0.000000000000000e+00 0.000000000000000e+00 0.000000000000000e+00 0.000000000000000e+00 0.000000000000000e+00
 0.000000000000000e+00 0.000000000000000e+00 0.000000000000000e+00 0.000000000000000e+00 0.000000000000000e+00 0.000000000000000e+00 0.000000000000000e+00 0.000000000000000e+00 0.000000000000000e+00 0.000000000000000e+00
 0.000000000000000e+00 0.000000000000000e+00 0.000000000000000e+00 0.000000000000000e+00 0.000000000000000e+00 0.000000000000000e+00 0.000000000000000e+00 0.000000000000000e+00 0.000000000000000e+00 0.000000000000000e+00
 0.000000000000000e+00 0.000000000000000e+00 0.000000000000000e+00 0.000000000000000e+00 0.000000000000000e+00 0.000000000000000e+00 0.000000000000000e+00 0.000000000000000e+00 0.000000000000000e+00 0.000000000000000e+00
 0.000000000000000e+00 0.000000000000000e+00 0.000000000000000e+00 0.000000000000000e+00 0.000000000000000e+00 0.000000000000000e+00 0.000000000000000e+00 0.000000000000000e+00 0.000000000000000e+00 0.000000000000000e+00
 0.000000000000000e+00 0.000000000000000e+00 0.000000000000000e+00 0.000000000000000e+00 0.000000000000000e+00 0.000000000000000e+00 0.000000000000000e+00 0.000000000000000e+00 0.000000000000000e+00 0.000000000000000e+00
 0.000000000000000e+00 0.000000000000000e+00 0.000000000000000e+00 0.000000000000000e+00 0.000000000000000e+00 0.000000000000000e+00 0.000000000000000e+00 0.000000000000000e+00 0.000000000000000e+00 0.000000000000000e+00
 0.000000000000000e+00 0.000000000000000e+00 0.000000000000000e+00 0.000000000000000e+00 0.000000000000000e+00 0.000000000000000e+00 0.000000000000000e+00 0.000000000000000e+00 0.000000000000000e+00 0.000000000000000e+00
 0.000000000000000e+00 0.000000000000000e+00 0.000000000000000e+00 0.000000000000000e+00 0.000000000000000e+00 0.000000000000000e+00 0.000000000000000e+00 0.000000000000000e+00 0.000000000000000e+00 0.000000000000000e+00
 0.000000000000000e+00 0.000000000000000e+00 0.000000000000000e+00 0.000000000000000e+00 0.000000000000000e+00 0.000000000000000e+00 0.000000000000000e+00 0.000000000000000e+00 0.000000000000000e+00 0.000000000000000e+00
 0.000000000000000e+00 0.000000000000000e+00 0.000000000000000e+00 0.000000000000000e+00 0.000000000000000e+00 0.000000000000000e+00 0.000000000000000e+00 0.000000000000000e+00 0.000000000000000e+00 0.000000000000000e+00
 0.000000000000000e+00 0.000000000000000e+00 0.000000000000000e+00 0.000000000000000e+00 0.000000000000000e+00 0.000000000000000e+00 0.000000000000000e+00 0.000000000000000e+00 0.000000000000000e+00 0.000000000000000e+00
 0.000000000000000e+00 0.000000000000000e+00 0.000000000000000e+00 0.000000000000000e+00 0.000000000000000e+00 0.000000000000000e+00 0.000000000000000e+00 0.000000000000000e+00 0.000000000000000e+00 0.000000000000000e+00
 0.000000000000000e+00 0.000000000000000e+00 0.000000000000000e+00 0.000000000000000e+00 0.000000000000000e+00 0.000000000000000e+00 0.000000000000000e+00 0.000000000000000e+00 0.000000000000000e+00 0.000000000000000e+00
 0.000000000000000e+00 0.000000000000000e+00 0.000000000000000e+00 0.000000000000000e+00 0.000000000000000e+00 0.000000000000000e+00 0.000000000000000e+00 0.000000000000000e+00 0.000000000000000e+00 0.000000000000000e+00
 0.000000000000000e+00 0.000000000000000e+00 0.000000000000000e+00 0.000000000000000e+00 0.000000000000000e+00 0.000000000000000e+00 0.000000000000000e+00 0.000000000000000e+00 0.000000000000000e+00 0.000000000000000e+00
 0.000000000000000e+00 0.000000000000000e+00 0.000000000000000e+00 0.000000000000000e+00 0.000000000000000e+00 0.000000000000000e+00 0.000000000000000e+00 0.000000000000000e+00 0.000000000000000e+00 0.000000000000000e+00
 0.000000000000000e+00 0.000000000000000e+00 0.000000000000000e+00 0.000000000000000e+00 0.000000000000000e+00 0.000000000000000e+00 0.000000000000000e+00 0.000000000000000e+00 0.000000000000000e+00 0.000000000000000e+00
 0.000000000000000e+00 0.000000000000000e+00 0.000000000000000e+00 0.000000000000000e+00 0.000000000000000e+00 0.000000000000000e+00 0.000000000000000e+00 0.000000000000000e+00 0.000000000000000e+00 0.000000000000000e+00
 0.000000000000000e+00 0.000000000000000e+00 0.000000000000000e+00 0.000000000000000e+00 0.000000000000000e+00 0.000000000000000e+00 0.000000000000000e+00 0.000000000000000e+00 0.000000000000000e+00 0.000000000000000e+00
 0.000000000000000e+00 0.000000000000000e+00 0.000000000000000e+00 0.000000000000000e+00 0.000000000000000e+00 0.000000000000000e+00 0.000000000000000e+00 0.000000000000000e+00 0.000000000000000e+00 0.000000000000000e+00
 0.000000000000000e+00 0.000000000000000e+00 0.000000000000000e+00 0.000000000000000e+00 0.000000000000000e+00 0.000000000000000e+00 0.000000000000000e+00 0.000000000000000e+00 0.000000000000000e+00 0.000000000000000e+00
 0.000000000000000e+00 0.000000000000000e+00 0.000000000000000e+00 0.000000000000000e+00 0.000000000000000e+00 0.000000000000000e+00 0.000000000000000e+00 0.000000000000000e+00 0.000000000000000e+00 0.000000000000000e+00
 0.000000000000000e+00 0.000000000000000e+00 0.000000000000000e+00 0.000000000000000e+00 0.000000000000000e+00 0.000000000000000e+00 0.000000000000000e+00 0.000000000000000e+00 0.000000000000000e+00 0.000000000000000e+00
 0.000000000000000e+00 0.000000000000000e+00 0.000000000000000e+00 0.000000000000000e+00 0.000000000000000e+00 0.000000000000000e+00 0.000000000000000e+00 0.000000000000000e+00 0.000000000000000e+00 0.000000000000000e+00
 0.000000000000000e+00 0.000000000000000e+00 0.000000000000000e+00 0.000000000000000e+00 0.000000000000000e+00 0.000000000000000e+00 0.000000000000000e+00 0.000000000000000e+00 0.000000000000000e+00 0.000000000000000e+00
 0.000000000000000e+00 0.000000000000000e+00 0.000000000000000e+00 0.000000000000000e+00 0.000000000000000e+00 0.000000000000000e+00 0.000000000000000e+00 0.000000000000000e+00 0.000000000000000e+00 0.000000000000000e+00
 0.000000000000000e+00 0.000000000000000e+00 0.000000000000000e+00 0.000000000000000e+00 0.000000000000000e+00 0.000000000000000e+00 0.000000000000000e+00 0.000000000000000e+00 0.000000000000000e+00 0.000000000000000e+00
 0.000000000000000e+00 0.000000000000000e+00 0.000000000000000e+00 0.000000000000000e+00 0.000000000000000e+00 0.000000000000000e+00 0.000000000000000e+00 0.000000000000000e+00 0.000000000000000e+00 0.000000000000000e+00
 0.000000000000000e+00 0.000000000000000e+00 0.000000000000000e+00 0.000000000000000e+00 0.000000000000000e+00 0.000000000000000e+00 0.000000000000000e+00 0.000000000000000e+00 0.000000000000000e+00 0.000000000000000e+00
 0.000000000000000e+00 0.000000000000000e+00 0.000000000000000e+00 0.000000000000000e+00 0.000000000000000e+00 0.000000000000000e+00 0.000000000000000e+00 0.000000000000000e+00 0.000000000000000e+00 0.000000000000000e+00
 0.000000000000000e+00 0.000000000000000e+00 0.000000000000000e+00 0.000000000000000e+00 0.000000000000000e+00 0.000000000000000e+00 0.000000000000000e+00 0.000000000000000e+00 0.000000000000000e+00 0.000000000000000e+00
 0.000000000000000e+00 0.000000000000000e+00 0.000000000000000e+00 0.000000000000000e+00 0.000000000000000e+00 0.000000000000000e+00 0.000000000000000e+00 0.000000000000000e+00 0.000000000000000e+00 0.000000000000000e+00
 0.000000000000000e+00 0.000000000000000e+00 0.000000000000000e+00 0.000000000000000e+00 0.000000000000000e+00 0.000000000000000e+00 0.000000000000000e+00 0.000000000000000e+00 0.000000000000000e+00 0.000000000000000e+00
 0.000000000000000e+00 0.000000000000000e+00 0.000000000000000e+00 0.000000000000000e+00 0.000000000000000e+00 0.000000000000000e+00 0.000000000000000e+00 0.000000000000000e+00 0.000000000000000e+00 0.000000000000000e+00
 0.000000000000000e+00 0.000000000000000e+00 0.000000000000000e+00 0.000000000000000e+00 0.000000000000000e+00 0.000000000000000e+00 0.000000000000000e+00 0.000000000000000e+00 0.000000000000000e+00 0.000000000000000e+00
 0.000000000000000e+00 0.000000000000000e+00 0.000000000000000e+00 0.000000000000000e+00 0.000000000000000e+00 0.000000000000000e+00 0.000000000000000e+00 0.000000000000000e+00 0.000000000000000e+00 0.000000000000000e+00
 0.000000000000000e+00 0.000000000000000e+00 0.000000000000000e+00 0.000000000000000e+00 0.000000000000000e+00 0.000000000000000e+00 0.000000000000000e+00 0.000000000000000e+00 0.000000000000000e+00 0.000000000000000e+00
 0.000000000000000e+00 0.000000000000000e+00 0.000000000000000e+00 0.000000000000000e+00 0.000000000000000e+00 0.000000000000000e+00 0.000000000000000e+00 0.000000000000000e+00 0.000000000000000e+00 0.000000000000000e+00
 0.000000000000000e+00 0.000000000000000e+00 0.000000000000000e+00 0.000000000000000e+00 0.000000000000000e+00 0.000000000000000e+00 0.000000000000000e+00 0.000000000000000e+00 0.000000000000000e+00 0.000000000000000e+00
 0.000000000000000e+00 0.000000000000000e+00 0.000000000000000e+00 0.000000000000000e+00 0.000000000000000e+00 0.000000000000000e+00 0.000000000000000e+00 0.000000000000000e+00 0.000000000000000e+00 0.000000000000000e+00
 0.000000000000000e+00 0.000000000000000e+00 0.000000000000000e+00 0.000000000000000e+00 0.000000000000000e+00 0.000000000000000e+00 0.000000000000000e+00 0.000000000000000e+00 0.000000000000000e+00 0.000000000000000e+00
 0.000000000000000e+00 0.000000000000000e+00 0.000000000000000e+00 0.000000000000000e+00 0.000000000000000e+00 0.000000000000000e+00 0.000000000000000e+00 0.000000000000000e+00 0.000000000000000e+00 0.000000000000000e+00
 0.000000000000000e+00 0.000000000000000e+00 0.000000000000000e+00 0.000000000000000e+00 0.000000000000000e+00 0.000000000000000e+00 0.000000000000000e+00 0.000000000000000e+00 0.000000000000000e+00 0.000000000000000e+00
 0.000000000000000e+00 0.000000000000000e+00 0.000000000000000e+00 0.000000000000000e+00 0.000000000000000e+00 0.000000000000000e+00 0.000000000000000e+00 0.000000000000000e+00 0.000000000000000e+00 0.000000000000000e+00
 0.000000000000000e+00 0.000000000000000e+00 0.000000000000000e+00 0.000000000000000e+00 0.000000000000000e+00 0.000000000000000e+00 0.000000000000000e+00 0.000000000000000e+00 0.000000000000000e+00 0.000000000000000e+00
 0.000000000000000e+00 0.000000000000000e+00 0.000000000000000e+00 0.000000000000000e+00 0.000000000000000e+00 0.000000000000000e+00 0.000000000000000e+00 0.000000000000000e+00 0.000000000000000e+00 0.000000000000000e+00
 0.000000000000000e+00 0.000000000000000e+00 0.000000000000000e+00 0.000000000000000e+00 0.000000000000000e+00 0.000000000000000e+00 0.000000000000000e+00 0.000000000000000e+00 0.000000000000000e+00 0.000000000000000e+00
 0.000000000000000e+00 0.000000000000000e+00 0.000000000000000e+00 0.000000000000000e+00 0.000000000000000e+00 0.000000000000000e+00 0.000000000000000e+00 0.000000000000000e+00 0.000000000000000e+00 0.000000000000000e+00
 0.000000000000000e+00 0.000000000000000e+00 0.000000000000000e+00 0.000000000000000e+00 0.000000000000000e+00 0.000000000000000e+00 0.000000000000000e+00 0.000000000000000e+00 0.000000000000000e+00 0.000000000000000e+00
 0.000000000000000e+00 0.000000000000000e+00 0.000000000000000e+00 0.000000000000000e+00 0.000000000000000e+00 0.000000000000000e+00 0.000000000000000e+00 0.000000000000000e+00 0.000000000000000e+00 0.000000000000000e+00
 0.000000000000000e+00 0.000000000000000e+00 0.000000000000000e+00 0.000000000000000e+00 0.000000000000000e+00 0.000000000000000e+00 0.000000000000000e+00 0.000000000000000e+00 0.000000000000000e+00 0.000000000000000e+00
 0.000000000000000e+00 0.000000000000000e+00 0.000000000000000e+00 0.000000000000000e+00 0.000000000000000e+00 0.000000000000000e+00 0.000000000000000e+00 0.000000000000000e+00 0.000000000000000e+00 0.000000000000000e+00
 0.000000000000000e+00 0.000000000000000e+00 0.000000000000000e+00 0.000000000000000e+00 0.000000000000000e+00 0.000000000000000e+00 0.000000000000000e+00 0.000000000000000e+00 0.000000000000000e+00 0.000000000000000e+00
 0.000000000000000e+00 0.000000000000000e+00 0.000000000000000e+00 0.000000000000000e+00 0.000000000000000e+00 0.000000000000000e+00 0.000000000000000e+00 0.000000000000000e+00 0.000000000000000e+00 0.000000000000000e+00
 0.000000000000000e+00 0.000000000000000e+00 0.000000000000000e+00 0.000000000000000e+00 0.000000000000000e+00 0.000000000000000e+00 0.000000000000000e+00 0.000000000000000e+00 0.000000000000000e+00 0.000000000000000e+00
 0.000000000000000e+00 0.000000000000000e+00 0.000000000000000e+00 0.000000000000000e+00 0.000000000000000e+00 0.000000000000000e+00 0.000000000000000e+00 0.000000000000000e+00 0.000000000000000e+00 0.000000000000000e+00
 0.000000000000000e+00 0.000000000000000e+00 0.000000000000000e+00 0.000000000000000e+00 0.000000000000000e+00 0.000000000000000e+00 0.000000000000000e+00 0.000000000000000e+00 0.000000000000000e+00 0.000000000000000e+00
 0.000000000000000e+00 0.000000000000000e+00 0.000000000000000e+00 0.000000000000000e+00 0.000000000000000e+00 0.000000000000000e+00 0.000000000000000e+00 0.000000000000000e+00 0.000000000000000e+00 0.000000000000000e+00
 0.000000000000000e+00 0.000000000000000e+00 0.000000000000000e+00 0.000000000000000e+00 0.000000000000000e+00 0.000000000000000e+00 0.000000000000000e+00 0.000000000000000e+00 0.000000000000000e+00 0.000000000000000e+00
 0.000000000000000e+00 0.000000000000000e+00 0.000000000000000e+00 0.000000000000000e+00 0.000000000000000e+00 0.000000000000000e+00 0.000000000000000e+00 0.000000000000000e+00 0.000000000000000e+00 0.000000000000000e+00
 0.000000000000000e+00 0.000000000000000e+00 0.000000000000000e+00 0.000000000000000e+00 0.000000000000000e+00 0.000000000000000e+00 0.000000000000000e+00 0.000000000000000e+00 0.000000000000000e+00 0.000000000000000e+00
 0.000000000000000e+00 0.000000000000000e+00 0.000000000000000e+00 0.000000000000000e+00 0.000000000000000e+00 0.000000000000000e+00 0.000000000000000e+00 0.000000000000000e+00 0.000000000000000e+00 0.000000000000000e+00
 0.000000000000000e+00 0.000000000000000e+00 0.000000000000000e+00 0.000000000000000e+00 0.000000000000000e+00 0.000000000000000e+00 0.000000000000000e+00 0.000000000000000e+00 0.000000000000000e+00 0.000000000000000e+00
 0.000000000000000e+00 0.000000000000000e+00 0.000000000000000e+00 0.000000000000000e+00 0.000000000000000e+00 0.000000000000000e+00 0.000000000000000e+00 0.000000000000000e+00 0.000000000000000e+00 0.000000000000000e+00
 0.000000000000000e+00 0.000000000000000e+00 0.000000000000000e+00 0.000000000000000e+00 0.000000000000000e+00 0.000000000000000e+00 0.000000000000000e+00 0.000000000000000e+00 0.000000000000000e+00 0.000000000000000e+00
 0.000000000000000e+00 0.000000000000000e+00 0.000000000000000e+00 0.000000000000000e+00 0.000000000000000e+00 0.000000000000000e+00 0.000000000000000e+00 0.000000000000000e+00 0.000000000000000e+00 0.000000000000000e+00
 0.000000000000000e+00 0.000000000000000e+00 0.000000000000000e+00 0.000000000000000e+00 0.000000000000000e+00 0.000000000000000e+00 0.000000000000000e+00 0.000000000000000e+00 0.000000000000000e+00 0.000000000000000e+00
 0.000000000000000e+00 0.000000000000000e+00 0.000000000000000e+00 0.000000000000000e+00 0.000000000000000e+00 0.000000000000000e+00 0.000000000000000e+00 0.000000000000000e+00 0.000000000000000e+00 0.000000000000000e+00
 0.000000000000000e+00 0.000000000000000e+00 0.000000000000000e+00 0.000000000000000e+00 0.000000000000000e+00 0.000000000000000e+00 0.000000000000000e+00 0.000000000000000e+00 0.000000000000000e+00 0.000000000000000e+00
 0.000000000000000e+00 0.000000000000000e+00 0.000000000000000e+00 0.000000000000000e+00 0.000000000000000e+00 0.000000000000000e+00 0.000000000000000e+00 0.000000000000000e+00 0.000000000000000e+00 0.000000000000000e+00
 0.000000000000000e+00 0.000000000000000e+00 0.000000000000000e+00 0.000000000000000e+00 0.000000000000000e+00 0.000000000000000e+00 0.000000000000000e+00 0.000000000000000e+00 0.000000000000000e+00 0.000000000000000e+00
 0.000000000000000e+00 0.000000000000000e+00 0.000000000000000e+00 0.000000000000000e+00 0.000000000000000e+00 0.000000000000000e+00 0.000000000000000e+00 0.000000000000000e+00 0.000000000000000e+00 0.000000000000000e+00
 0.000000000000000e+00 0.000000000000000e+00 0.000000000000000e+00 0.000000000000000e+00 0.000000000000000e+00 0.000000000000000e+00 0.000000000000000e+00 0.000000000000000e+00 0.000000000000000e+00 0.000000000000000e+00
 0.000000000000000e+00 0.000000000000000e+00 0.000000000000000e+00 0.000000000000000e+00 0.000000000000000e+00 0.000000000000000e+00 0.000000000000000e+00 0.000000000000000e+00 0.000000000000000e+00 0.000000000000000e+00
 0.000000000000000e+00 0.000000000000000e+00 0.000000000000000e+00 0.000000000000000e+00 0.000000000000000e+00 0.000000000000000e+00 0.000000000000000e+00 0.000000000000000e+00 0.000000000000000e+00 0.000000000000000e+00
 0.000000000000000e+00 0.000000000000000e+00 0.000000000000000e+00 0.000000000000000e+00 0.000000000000000e+00 0.000000000000000e+00 0.000000000000000e+00 0.000000000000000e+00 0.000000000000000e+00 0.000000000000000e+00
 0.000000000000000e+00 0.000000000000000e+00 0.000000000000000e+00 0.000000000000000e+00 0.000000000000000e+00 0.000000000000000e+00 0.000000000000000e+00 0.000000000000000e+00 0.000000000000000e+00 0.000000000000000e+00
 0.000000000000000e+00 0.000000000000000e+00 0.000000000000000e+00 0.000000000000000e+00 0.000000000000000e+00 0.000000000000000e+00 0.000000000000000e+00 0.000000000000000e+00 0.000000000000000e+00 0.000000000000000e+00
 0.000000000000000e+00 0.000000000000000e+00 0.000000000000000e+00 0.000000000000000e+00 0.000000000000000e+00 0.000000000000000e+00 0.000000000000000e+00 0.000000000000000e+00 0.000000000000000e+00 0.000000000000000e+00
 0.000000000000000e+00 0.000000000000000e+00 0.000000000000000e+00 0.000000000000000e+00 0.000000000000000e+00 0.000000000000000e+00 0.000000000000000e+00 0.000000000000000e+00 0.000000000000000e+00 0.000000000000000e+00
 0.000000000000000e+00 0.000000000000000e+00 0.000000000000000e+00 0.000000000000000e+00 0.000000000000000e+00 0.000000000000000e+00 0.000000000000000e+00 0.000000000000000e+00 0.000000000000000e+00 0.000000000000000e+00
 0.000000000000000e+00 0.000000000000000e+00 0.000000000000000e+00 0.000000000000000e+00 0.000000000000000e+00 0.000000000000000e+00 0.000000000000000e+00 0.000000000000000e+00 0.000000000000000e+00 0.000000000000000e+00
 0.000000000000000e+00 0.000000000000000e+00 0.000000000000000e+00 0.000000000000000e+00 0.000000000000000e+00 0.000000000000000e+00 0.000000000000000e+00 0.000000000000000e+00 0.000000000000000e+00 0.000000000000000e+00
 0.000000000000000e+00 0.000000000000000e+00 0.000000000000000e+00 0.000000000000000e+00 0.000000000000000e+00 0.000000000000000e+00 0.000000000000000e+00 0.000000000000000e+00 0.000000000000000e+00 0.000000000000000e+00
 0.000000000000000e+00 0.000000000000000e+00 0.000000000000000e+00 0.000000000000000e+00 0.000000000000000e+00 0.000000000000000e+00 0.000000000000000e+00 0.000000000000000e+00 0.000000000000000e+00 0.000000000000000e+00
 0.000000000000000e+00 0.000000000000000e+00 0.000000000000000e+00 0.000000000000000e+00 0.000000000000000e+00 0.000000000000000e+00 0.000000000000000e+00 0.000000000000000e+00 0.000000000000000e+00 0.000000000000000e+00
 0.000000000000000e+00 0.000000000000000e+00 0.000000000000000e+00 0.000000000000000e+00 0.000000000000000e+00 0.000000000000000e+00 0.000000000000000e+00 0.000000000000000e+00 0.000000000000000e+00 0.000000000000000e+00
 0.000000000000000e+00 0.000000000000000e+00 0.000000000000000e+00 0.000000000000000e+00 0.000000000000000e+00 0.000000000000000e+00 0.000000000000000e+00 0.000000000000000e+00 0.000000000000000e+00 0.000000000000000e+00
 0.000000000000000e+00 0.000000000000000e+00 0.000000000000000e+00 0.000000000000000e+00 0.000000000000000e+00 0.000000000000000e+00 0.000000000000000e+00 0.000000000000000e+00 0.000000000000000e+00 0.000000000000000e+00
 0.000000000000000e+00 0.000000000000000e+00 0.000000000000000e+00 0.000000000000000e+00 0.000000000000000e+00 0.000000000000000e+00 0.000000000000000e+00 0.000000000000000e+00 0.000000000000000e+00 0.000000000000000e+00
 0.000000000000000e+00 0.000000000000000e+00 0.000000000000000e+00 0.000000000000000e+00 0.000000000000000e+00 0.000000000000000e+00 0.000000000000000e+00 0.000000000000000e+00 0.000000000000000e+00 0.000000000000000e+00
 0.000000000000000e+00 0.000000000000000e+00 0.000000000000000e+00 0.000000000000000e+00 0.000000000000000e+00 0.000000000000000e+00 0.000000000000000e+00 0.000000000000000e+00 0.000000000000000e+00 0.000000000000000e+00
 0.000000000000000e+00 0.000000000000000e+00 0.000000000000000e+00 0.000000000000000e+00 0.000000000000000e+00 0.000000000000000e+00 0.000000000000000e+00 0.000000000000000e+00 0.000000000000000e+00 0.000000000000000e+00
 0.000000000000000e+00 0.000000000000000e+00 0.000000000000000e+00 0.000000000000000e+00 0.000000000000000e+00 0.000000000000000e+00 0.000000000000000e+00 0.000000000000000e+00 0.000000000000000e+00 0.000000000000000e+00
 0.000000000000000e+00 0.000000000000000e+00 0.000000000000000e+00 0.000000000000000e+00 0.000000000000000e+00 0.000000000000000e+00 0.000000000000000e+00 0.000000000000000e+00 0.000000000000000e+00 0.000000000000000e+00
 0.000000000000000e+00 0.000000000000000e+00 0.000000000000000e+00 0.000000000000000e+00 0.000000000000000e+00 0.000000000000000e+00 0.000000000000000e+00 0.000000000000000e+00 0.000000000000000e+00 0.000000000000000e+00
 0.000000000000000e+00 0.000000000000000e+00 0.000000000000000e+00 0.000000000000000e+00 0.000000000000000e+00 0.000000000000000e+00 0.000000000000000e+00 0.000000000000000e+00 0.000000000000000e+00 0.000000000000000e+00
 0.000000000000000e+00 0.000000000000000e+00 0.000000000000000e+00 0.000000000000000e+00 0.000000000000000e+00 0.000000000000000e+00 0.000000000000000e+00 0.000000000000000e+00 0.000000000000000e+00 0.000000000000000e+00
 0.000000000000000e+00 0.000000000000000e+00 0.000000000000000e+00 0.000000000000000e+00 0.000000000000000e+00 0.000000000000000e+00 0.000000000000000e+00 0.000000000000000e+00 0.000000000000000e+00 0.000000000000000e+00
 0.000000000000000e+00 0.000000000000000e+00 0.000000000000000e+00 0.000000000000000e+00 0.000000000000000e+00 0.000000000000000e+00 0.000000000000000e+00 0.000000000000000e+00 0.000000000000000e+00 0.000000000000000e+00
 0.000000000000000e+00 0.000000000000000e+00 0.000000000000000e+00 0.000000000000000e+00 0.000000000000000e+00 0.000000000000000e+00 0.000000000000000e+00 0.000000000000000e+00 0.000000000000000e+00 0.000000000000000e+00
 0.000000000000000e+00 0.000000000000000e+00 0.000000000000000e+00 0.000000000000000e+00 0.000000000000000e+00 0.000000000000000e+00 0.000000000000000e+00 0.000000000000000e+00 0.000000000000000e+00 0.000000000000000e+00
 0.000000000000000e+00 0.000000000000000e+00 0.000000000000000e+00 0.000000000000000e+00 0.000000000000000e+00 0.000000000000000e+00 0.000000000000000e+00 0.000000000000000e+00 0.000000000000000e+00 0.000000000000000e+00
 0.000000000000000e+00 0.000000000000000e+00 0.000000000000000e+00 0.000000000000000e+00 0.000000000000000e+00 0.000000000000000e+00 0.000000000000000e+00 0.000000000000000e+00 0.000000000000000e+00 0.000000000000000e+00
 0.000000000000000e+00 0.000000000000000e+00 0.000000000000000e+00 0.000000000000000e+00 0.000000000000000e+00 0.000000000000000e+00 0.000000000000000e+00 0.000000000000000e+00 0.000000000000000e+00 0.000000000000000e+00
 0.000000000000000e+00 0.000000000000000e+00 0.000000000000000e+00 0.000000000000000e+00 0.000000000000000e+00 0.000000000000000e+00 0.000000000000000e+00 0.000000000000000e+00 0.000000000000000e+00 0.000000000000000e+00
 0.000000000000000e+00 0.000000000000000e+00 0.000000000000000e+00 0.000000000000000e+00 0.000000000000000e+00 0.000000000000000e+00 0.000000000000000e+00 0.000000000000000e+00 0.000000000000000e+00 0.000000000000000e+00
 0.000000000000000e+00 0.000000000000000e+00 0.000000000000000e+00 0.000000000000000e+00 0.000000000000000e+00 0.000000000000000e+00 0.000000000000000e+00 0.000000000000000e+00 0.000000000000000e+00 0.000000000000000e+00
 0.000000000000000e+00 0.000000000000000e+00 0.000000000000000e+00 0.000000000000000e+00 0.000000000000000e+00 0.000000000000000e+00 0.000000000000000e+00 0.000000000000000e+00 0.000000000000000e+00 0.000000000000000e+00
 0.000000000000000e+00 0.000000000000000e+00 0.000000000000000e+00 0.000000000000000e+00 0.000000000000000e+00 0.000000000000000e+00 0.000000000000000e+00 0.000000000000000e+00 0.000000000000000e+00 0.000000000000000e+00
 0.000000000000000e+00 0.000000000000000e+00 0.000000000000000e+00 0.000000000000000e+00 0.000000000000000e+00 0.000000000000000e+00 0.000000000000000e+00 0.000000000000000e+00 0.000000000000000e+00 0.000000000000000e+00
 0.000000000000000e+00 0.000000000000000e+00 0.000000000000000e+00 0.000000000000000e+00 0.000000000000000e+00 0.000000000000000e+00 0.000000000000000e+00 0.000000000000000e+00 0.000000000000000e+00 0.000000000000000e+00
 0.000000000000000e+00 0.000000000000000e+00 0.000000000000000e+00 0.000000000000000e+00 0.000000000000000e+00 0.000000000000000e+00 0.000000000000000e+00 0.000000000000000e+00 0.000000000000000e+00 0.000000000000000e+00
 0.000000000000000e+00 0.000000000000000e+00 0.000000000000000e+00 0.000000000000000e+00 0.000000000000000e+00 0.000000000000000e+00 0.000000000000000e+00 0.000000000000000e+00 0.000000000000000e+00 0.000000000000000e+00
 0.000000000000000e+00 0.000000000000000e+00 0.000000000000000e+00 0.000000000000000e+00 0.000000000000000e+00 0.000000000000000e+00 0.000000000000000e+00 0.000000000000000e+00 0.000000000000000e+00 0.000000000000000e+00
 0.000000000000000e+00 0.000000000000000e+00 0.000000000000000e+00 0.000000000000000e+00 0.000000000000000e+00 0.000000000000000e+00 0.000000000000000e+00 0.000000000000000e+00 0.000000000000000e+00 0.000000000000000e+00
 0.000000000000000e+00 0.000000000000000e+00 0.000000000000000e+00 0.000000000000000e+00 0.000000000000000e+00 0.000000000000000e+00 0.000000000000000e+00 0.000000000000000e+00 0.000000000000000e+00 0.000000000000000e+00
 0.000000000000000e+00 0.000000000000000e+00 0.000000000000000e+00 0.000000000000000e+00 0.000000000000000e+00 0.000000000000000e+00 0.000000000000000e+00 0.000000000000000e+00 0.000000000000000e+00 0.000000000000000e+00
 0.000000000000000e+00 0.000000000000000e+00 0.000000000000000e+00 0.000000000000000e+00 0.000000000000000e+00 0.000000000000000e+00 0.000000000000000e+00 0.000000000000000e+00 0.000000000000000e+00 0.000000000000000e+00
 0.000000000000000e+00 0.000000000000000e+00 0.000000000000000e+00 0.000000000000000e+00 0.000000000000000e+00 0.000000000000000e+00 0.000000000000000e+00 0.000000000000000e+00 0.000000000000000e+00 0.000000000000000e+00
 0.000000000000000e+00 0.000000000000000e+00 0.000000000000000e+00 0.000000000000000e+00 0.000000000000000e+00 0.000000000000000e+00 0.000000000000000e+00 0.000000000000000e+00 0.000000000000000e+00 0.000000000000000e+00
 0.000000000000000e+00 0.000000000000000e+00 0.000000000000000e+00 0.000000000000000e+00 0.000000000000000e+00 0.000000000000000e+00 0.000000000000000e+00 0.000000000000000e+00 0.000000000000000e+00 0.000000000000000e+00
 0.000000000000000e+00 0.000000000000000e+00 0.000000000000000e+00 0.000000000000000e+00 0.000000000000000e+00 0.000000000000000e+00 0.000000000000000e+00 0.000000000000000e+00 0.000000000000000e+00 0.000000000000000e+00
 0.000000000000000e+00 0.000000000000000e+00 0.000000000000000e+00 0.000000000000000e+00 0.000000000000000e+00 0.000000000000000e+00 0.000000000000000e+00 0.000000000000000e+00 0.000000000000000e+00 0.000000000000000e+00
 0.000000000000000e+00 0.000000000000000e+00 0.000000000000000e+00 0.000000000000000e+00 0.000000000000000e+00 0.000000000000000e+00 0.000000000000000e+00 0.000000000000000e+00 0.000000000000000e+00 0.000000000000000e+00
 0.000000000000000e+00 0.000000000000000e+00 0.000000000000000e+00 0.000000000000000e+00 0.000000000000000e+00 0.000000000000000e+00 0.000000000000000e+00 0.000000000000000e+00 0.000000000000000e+00 0.000000000000000e+00
 0.000000000000000e+00 0.000000000000000e+00 0.000000000000000e+00 0.000000000000000e+00 0.000000000000000e+00 0.000000000000000e+00 0.000000000000000e+00 0.000000000000000e+00 0.000000000000000e+00 0.000000000000000e+00
 0.000000000000000e+00 0.000000000000000e+00 0.000000000000000e+00 0.000000000000000e+00 0.000000000000000e+00 0.000000000000000e+00 0.000000000000000e+00 0.000000000000000e+00 0.000000000000000e+00 0.000000000000000e+00
 0.000000000000000e+00 0.000000000000000e+00 0.000000000000000e+00 0.000000000000000e+00 0.000000000000000e+00 0.000000000000000e+00 0.000000000000000e+00 0.000000000000000e+00 0.000000000000000e+00 0.000000000000000e+00
 0.000000000000000e+00 0.000000000000000e+00 0.000000000000000e+00 0.000000000000000e+00 0.000000000000000e+00 0.000000000000000e+00 0.000000000000000e+00 0.000000000000000e+00 0.000000000000000e+00 0.000000000000000e+00
 0.000000000000000e+00 0.000000000000000e+00 0.000000000000000e+00 0.000000000000000e+00 0.000000000000000e+00 0.000000000000000e+00 0.000000000000000e+00 0.000000000000000e+00 0.000000000000000e+00 0.000000000000000e+00
 0.000000000000000e+00 0.000000000000000e+00 0.000000000000000e+00 0.000000000000000e+00 0.000000000000000e+00 0.000000000000000e+00 0.000000000000000e+00 0.000000000000000e+00 0.000000000000000e+00 0.000000000000000e+00
 0.000000000000000e+00 0.000000000000000e+00 0.000000000000000e+00 0.000000000000000e+00 0.000000000000000e+00 0.000000000000000e+00 0.000000000000000e+00 0.000000000000000e+00 0.000000000000000e+00 0.000000000000000e+00
 0.000000000000000e+00 0.000000000000000e+00 0.000000000000000e+00 0.000000000000000e+00 0.000000000000000e+00 0.000000000000000e+00 0.000000000000000e+00 0.000000000000000e+00 0.000000000000000e+00 0.000000000000000e+00
 0.000000000000000e+00 0.000000000000000e+00 0.000000000000000e+00 0.000000000000000e+00 0.000000000000000e+00 0.000000000000000e+00 0.000000000000000e+00 0.000000000000000e+00 0.000000000000000e+00 0.000000000000000e+00
 0.000000000000000e+00 0.000000000000000e+00 0.000000000000000e+00 0.000000000000000e+00 0.000000000000000e+00 0.000000000000000e+00 0.000000000000000e+00 0.000000000000000e+00 0.000000000000000e+00 0.000000000000000e+00
 0.000000000000000e+00 0.000000000000000e+00 0.000000000000000e+00 0.000000000000000e+00 0.000000000000000e+00 0.000000000000000e+00 0.000000000000000e+00 0.000000000000000e+00 0.000000000000000e+00 0.000000000000000e+00
 0.000000000000000e+00 0.000000000000000e+00 0.000000000000000e+00 0.000000000000000e+00 0.000000000000000e+00 0.000000000000000e+00 0.000000000000000e+00 0.000000000000000e+00 0.000000000000000e+00 0.000000000000000e+00
 0.000000000000000e+00 0.000000000000000e+00 0.000000000000000e+00 0.000000000000000e+00 0.000000000000000e+00 0.000000000000000e+00 0.000000000000000e+00 0.000000000000000e+00 0.000000000000000e+00 0.000000000000000e+00
 0.000000000000000e+00 0.000000000000000e+00 0.000000000000000e+00 0.000000000000000e+00 0.000000000000000e+00 0.000000000000000e+00 0.000000000000000e+00 0.000000000000000e+00 0.000000000000000e+00 0.000000000000000e+00
 0.000000000000000e+00 0.000000000000000e+00 0.000000000000000e+00 0.000000000000000e+00 0.000000000000000e+00 0.000000000000000e+00 0.000000000000000e+00 0.000000000000000e+00 0.000000000000000e+00 0.000000000000000e+00
 0.000000000000000e+00 0.000000000000000e+00 0.000000000000000e+00 0.000000000000000e+00 0.000000000000000e+00 0.000000000000000e+00 0.000000000000000e+00 0.000000000000000e+00 0.000000000000000e+00 0.000000000000000e+00
 0.000000000000000e+00 0.000000000000000e+00 0.000000000000000e+00 0.000000000000000e+00 0.000000000000000e+00 0.000000000000000e+00 0.000000000000000e+00 0.000000000000000e+00 0.000000000000000e+00 0.000000000000000e+00
 0.000000000000000e+00 0.000000000000000e+00 0.000000000000000e+00 0.000000000000000e+00 0.000000000000000e+00 0.000000000000000e+00 0.000000000000000e+00 0.000000000000000e+00 0.000000000000000e+00 0.000000000000000e+00
 0.000000000000000e+00 0.000000000000000e+00 0.000000000000000e+00 0.000000000000000e+00 0.000000000000000e+00 0.000000000000000e+00 0.000000000000000e+00 0.000000000000000e+00 0.000000000000000e+00 0.000000000000000e+00
 0.000000000000000e+00 0.000000000000000e+00 0.000000000000000e+00 0.000000000000000e+00 0.000000000000000e+00 0.000000000000000e+00 0.000000000000000e+00 0.000000000000000e+00 0.000000000000000e+00 0.000000000000000e+00
 0.000000000000000e+00 0.000000000000000e+00 0.000000000000000e+00 0.000000000000000e+00 0.000000000000000e+00 0.000000000000000e+00 0.000000000000000e+00 0.000000000000000e+00 0.000000000000000e+00 0.000000000000000e+00
 0.000000000000000e+00 0.000000000000000e+00 0.000000000000000e+00 0.000000000000000e+00 0.000000000000000e+00 0.000000000000000e+00 0.000000000000000e+00 0.000000000000000e+00 0.000000000000000e+00 0.000000000000000e+00
 0.000000000000000e+00 0.000000000000000e+00 0.000000000000000e+00 0.000000000000000e+00 0.000000000000000e+00 0.000000000000000e+00 0.000000000000000e+00 0.000000000000000e+00 0.000000000000000e+00 0.000000000000000e+00
 0.000000000000000e+00 0.000000000000000e+00 0.000000000000000e+00 0.000000000000000e+00 0.000000000000000e+00 0.000000000000000e+00 0.000000000000000e+00 0.000000000000000e+00 0.000000000000000e+00 0.000000000000000e+00
 0.000000000000000e+00 0.000000000000000e+00 0.000000000000000e+00 0.000000000000000e+00 0.000000000000000e+00 0.000000000000000e+00 0.000000000000000e+00 0.000000000000000e+00 0.000000000000000e+00 0.000000000000000e+00
 0.000000000000000e+00 0.000000000000000e+00 0.000000000000000e+00 0.000000000000000e+00 0.000000000000000e+00 0.000000000000000e+00 0.000000000000000e+00 0.000000000000000e+00 0.000000000000000e+00 0.000000000000000e+00
 0.000000000000000e+00 0.000000000000000e+00 0.000000000000000e+00 0.000000000000000e+00 0.000000000000000e+00 0.000000000000000e+00 0.000000000000000e+00 0.000000000000000e+00 0.000000000000000e+00 0.000000000000000e+00
 0.000000000000000e+00 0.000000000000000e+00 0.000000000000000e+00 0.000000000000000e+00 0.000000000000000e+00 0.000000000000000e+00 0.000000000000000e+00 0.000000000000000e+00 0.000000000000000e+00 0.000000000000000e+00
 0.000000000000000e+00 0.000000000000000e+00 0.000000000000000e+00 0.000000000000000e+00 0.000000000000000e+00 0.000000000000000e+00 0.000000000000000e+00 0.000000000000000e+00 0.000000000000000e+00 0.000000000000000e+00
 0.000000000000000e+00 0.000000000000000e+00 0.000000000000000e+00 0.000000000000000e+00 0.000000000000000e+00 0.000000000000000e+00 0.000000000000000e+00 0.000000000000000e+00 0.000000000000000e+00 0.000000000000000e+00
 0.000000000000000e+00 0.000000000000000e+00 0.000000000000000e+00 0.000000000000000e+00 0.000000000000000e+00 0.000000000000000e+00 0.000000000000000e+00 0.000000000000000e+00 0.000000000000000e+00 0.000000000000000e+00
 0.000000000000000e+00 0.000000000000000e+00 0.000000000000000e+00 0.000000000000000e+00 0.000000000000000e+00 0.000000000000000e+00 0.000000000000000e+00 0.000000000000000e+00 0.000000000000000e+00 0.000000000000000e+00
 0.000000000000000e+00 0.000000000000000e+00 0.000000000000000e+00 0.000000000000000e+00 0.000000000000000e+00 0.000000000000000e+00 0.000000000000000e+00 0.000000000000000e+00 0.000000000000000e+00 0.000000000000000e+00
 0.000000000000000e+00 0.000000000000000e+00 0.000000000000000e+00 0.000000000000000e+00 0.000000000000000e+00 0.000000000000000e+00 0.000000000000000e+00 0.000000000000000e+00 0.000000000000000e+00 0.000000000000000e+00
 0.000000000000000e+00 0.000000000000000e+00 0.000000000000000e+00 0.000000000000000e+00 0.000000000000000e+00 0.000000000000000e+00 0.000000000000000e+00 0.000000000000000e+00 0.000000000000000e+00 0.000000000000000e+00
 0.000000000000000e+00 0.000000000000000e+00 0.000000000000000e+00 0.000000000000000e+00 0.000000000000000e+00 0.000000000000000e+00 0.000000000000000e+00 0.000000000000000e+00 0.000000000000000e+00 0.000000000000000e+00
 0.000000000000000e+00 0.000000000000000e+00 0.000000000000000e+00 0.000000000000000e+00 0.000000000000000e+00 0.000000000000000e+00 0.000000000000000e+00 0.000000000000000e+00 0.000000000000000e+00 0.000000000000000e+00
 0.000000000000000e+00 0.000000000000000e+00 0.000000000000000e+00 0.000000000000000e+00 0.000000000000000e+00 0.000000000000000e+00 0.000000000000000e+00 0.000000000000000e+00 0.000000000000000e+00 0.000000000000000e+00
 0.000000000000000e+00 0.000000000000000e+00 0.000000000000000e+00 0.000000000000000e+00 0.000000000000000e+00 0.000000000000000e+00 0.000000000000000e+00 0.000000000000000e+00 0.000000000000000e+00 0.000000000000000e+00
 0.000000000000000e+00 0.000000000000000e+00 0.000000000000000e+00 0.000000000000000e+00 0.000000000000000e+00 0.000000000000000e+00 0.000000000000000e+00 0.000000000000000e+00 0.000000000000000e+00 0.000000000000000e+00
 0.000000000000000e+00 0.000000000000000e+00 0.000000000000000e+00 0.000000000000000e+00 0.000000000000000e+00 0.000000000000000e+00 0.000000000000000e+00 0.000000000000000e+00 0.000000000000000e+00 0.000000000000000e+00
 0.000000000000000e+00 0.000000000000000e+00 0.000000000000000e+00 0.000000000000000e+00 0.000000000000000e+00 0.000000000000000e+00 0.000000000000000e+00 0.000000000000000e+00 0.000000000000000e+00 0.000000000000000e+00
 0.000000000000000e+00 0.000000000000000e+00 0.000000000000000e+00 0.000000000000000e+00 0.000000000000000e+00 0.000000000000000e+00 0.000000000000000e+00 0.000000000000000e+00 0.000000000000000e+00 0.000000000000000e+00
 0.000000000000000e+00 0.000000000000000e+00 0.000000000000000e+00 0.000000000000000e+00 0.000000000000000e+00 0.000000000000000e+00 0.000000000000000e+00 0.000000000000000e+00 0.000000000000000e+00 0.000000000000000e+00
 0.000000000000000e+00 0.000000000000000e+00 0.000000000000000e+00 0.000000000000000e+00 0.000000000000000e+00 0.000000000000000e+00 0.000000000000000e+00 0.000000000000000e+00 0.000000000000000e+00 0.000000000000000e+00
 0.000000000000000e+00 0.000000000000000e+00 0.000000000000000e+00 0.000000000000000e+00 0.000000000000000e+00 0.000000000000000e+00 0.000000000000000e+00 0.000000000000000e+00 0.000000000000000e+00 0.000000000000000e+00
 0.000000000000000e+00 0.000000000000000e+00 0.000000000000000e+00 0.000000000000000e+00 0.000000000000000e+00 0.000000000000000e+00 0.000000000000000e+00 0.000000000000000e+00 0.000000000000000e+00 0.000000000000000e+00
 0.000000000000000e+00 0.000000000000000e+00 0.000000000000000e+00 0.000000000000000e+00 0.000000000000000e+00 0.000000000000000e+00 0.000000000000000e+00 0.000000000000000e+00 0.000000000000000e+00 0.000000000000000e+00
 0.000000000000000e+00 0.000000000000000e+00 0.000000000000000e+00 0.000000000000000e+00 0.000000000000000e+00 0.000000000000000e+00 0.000000000000000e+00 0.000000000000000e+00 0.000000000000000e+00 0.000000000000000e+00
 0.000000000000000e+00 0.000000000000000e+00 0.000000000000000e+00 0.000000000000000e+00 0.000000000000000e+00 0.000000000000000e+00 0.000000000000000e+00 0.000000000000000e+00 0.000000000000000e+00 0.000000000000000e+00
 0.000000000000000e+00 0.000000000000000e+00 0.000000000000000e+00 0.000000000000000e+00 0.000000000000000e+00 0.000000000000000e+00 0.000000000000000e+00 0.000000000000000e+00 0.000000000000000e+00 0.000000000000000e+00
 0.000000000000000e+00 0.000000000000000e+00 0.000000000000000e+00 0.000000000000000e+00 0.000000000000000e+00 0.000000000000000e+00 0.000000000000000e+00 0.000000000000000e+00 0.000000000000000e+00 0.000000000000000e+00
 0.000000000000000e+00 0.000000000000000e+00 0.000000000000000e+00 0.000000000000000e+00 0.000000000000000e+00 0.000000000000000e+00 0.000000000000000e+00 0.000000000000000e+00 0.000000000000000e+00 0.000000000000000e+00
 0.000000000000000e+00 0.000000000000000e+00 0.000000000000000e+00 0.000000000000000e+00 0.000000000000000e+00 0.000000000000000e+00 0.000000000000000e+00 0.000000000000000e+00 0.000000000000000e+00 0.000000000000000e+00
 0.000000000000000e+00 0.000000000000000e+00 0.000000000000000e+00 0.000000000000000e+00 0.000000000000000e+00 0.000000000000000e+00 0.000000000000000e+00 0.000000000000000e+00 0.000000000000000e+00 0.000000000000000e+00
 0.000000000000000e+00 0.000000000000000e+00 0.000000000000000e+00 0.000000000000000e+00 0.000000000000000e+00 0.000000000000000e+00 0.000000000000000e+00 0.000000000000000e+00 0.000000000000000e+00 0.000000000000000e+00
 0.000000000000000e+00 0.000000000000000e+00 0.000000000000000e+00 0.000000000000000e+00 0.000000000000000e+00 0.000000000000000e+00 0.000000000000000e+00 0.000000000000000e+00 0.000000000000000e+00 0.000000000000000e+00
 0.000000000000000e+00 0.000000000000000e+00 0.000000000000000e+00 0.000000000000000e+00 0.000000000000000e+00 0.000000000000000e+00 0.000000000000000e+00 0.000000000000000e+00 0.000000000000000e+00 0.000000000000000e+00
 0.000000000000000e+00 0.000000000000000e+00 0.000000000000000e+00 0.000000000000000e+00 0.000000000000000e+00 0.000000000000000e+00 0.000000000000000e+00 0.000000000000000e+00 0.000000000000000e+00 0.000000000000000e+00
 0.000000000000000e+00 0.000000000000000e+00 0.000000000000000e+00 0.000000000000000e+00 0.000000000000000e+00 0.000000000000000e+00 0.000000000000000e+00 0.000000000000000e+00 0.000000000000000e+00 0.000000000000000e+00
 0.000000000000000e+00 0.000000000000000e+00 0.000000000000000e+00 0.000000000000000e+00 0.000000000000000e+00 0.000000000000000e+00 0.000000000000000e+00 0.000000000000000e+00 0.000000000000000e+00 0.000000000000000e+00
 0.000000000000000e+00 0.000000000000000e+00 0.000000000000000e+00 0.000000000000000e+00 0.000000000000000e+00 0.000000000000000e+00 0.000000000000000e+00 0.000000000000000e+00 0.000000000000000e+00 0.000000000000000e+00
 0.000000000000000e+00 0.000000000000000e+00 0.000000000000000e+00 0.000000000000000e+00 0.000000000000000e+00 0.000000000000000e+00 0.000000000000000e+00 0.000000000000000e+00 0.000000000000000e+00 0.000000000000000e+00
 0.000000000000000e+00 0.000000000000000e+00 0.000000000000000e+00 0.000000000000000e+00 0.000000000000000e+00 0.000000000000000e+00 0.000000000000000e+00 0.000000000000000e+00 0.000000000000000e+00 0.000000000000000e+00
 0.000000000000000e+00 0.000000000000000e+00 0.000000000000000e+00 0.000000000000000e+00 0.000000000000000e+00 0.000000000000000e+00 0.000000000000000e+00 0.000000000000000e+00 0.000000000000000e+00 0.000000000000000e+00
 0.000000000000000e+00 0.000000000000000e+00 0.000000000000000e+00 0.000000000000000e+00 0.000000000000000e+00 0.000000000000000e+00 0.000000000000000e+00 0.000000000000000e+00 0.000000000000000e+00 0.000000000000000e+00
 0.000000000000000e+00 0.000000000000000e+00 0.000000000000000e+00 0.000000000000000e+00 0.000000000000000e+00 0.000000000000000e+00 0.000000000000000e+00 0.000000000000000e+00 0.000000000000000e+00 0.000000000000000e+00
 0.000000000000000e+00 0.000000000000000e+00 0.000000000000000e+00 0.000000000000000e+00 0.000000000000000e+00 0.000000000000000e+00 0.000000000000000e+00 0.000000000000000e+00 0.000000000000000e+00 0.000000000000000e+00
 0.000000000000000e+00 0.000000000000000e+00 0.000000000000000e+00 0.000000000000000e+00 0.000000000000000e+00 0.000000000000000e+00 0.000000000000000e+00 0.000000000000000e+00 0.000000000000000e+00 0.000000000000000e+00
 0.000000000000000e+00 0.000000000000000e+00 0.000000000000000e+00 0.000000000000000e+00 0.000000000000000e+00 0.000000000000000e+00 0.000000000000000e+00 0.000000000000000e+00 0.000000000000000e+00 0.000000000000000e+00
 0.000000000000000e+00 0.000000000000000e+00 0.000000000000000e+00 0.000000000000000e+00 0.000000000000000e+00 0.000000000000000e+00 0.000000000000000e+00 0.000000000000000e+00 0.000000000000000e+00 0.000000000000000e+00
 0.000000000000000e+00 0.000000000000000e+00 0.000000000000000e+00 0.000000000000000e+00 0.000000000000000e+00 0.000000000000000e+00 0.000000000000000e+00 0.000000000000000e+00 0.000000000000000e+00 0.000000000000000e+00
 0.000000000000000e+00 0.000000000000000e+00 0.000000000000000e+00 0.000000000000000e+00 0.000000000000000e+00 0.000000000000000e+00 0.000000000000000e+00 0.000000000000000e+00 0.000000000000000e+00 0.000000000000000e+00
 0.000000000000000e+00 0.000000000000000e+00 0.000000000000000e+00 0.000000000000000e+00 0.000000000000000e+00 0.000000000000000e+00 0.000000000000000e+00 0.000000000000000e+00 0.000000000000000e+00 0.000000000000000e+00

    }
  }

  Dataset ("AluminumActiveConcentration") {
    function  = AluminumActiveConcentration
    type      = scalar
    dimension = 1
    location  = vertex
    validity  = [ "i_layer" ]
    Values (4420) {
 1.000000000000005e+19 0.000000000000000e+00 0.000000000000000e+00 1.000000000000005e+19 0.000000000000000e+00 0.000000000000000e+00 0.000000000000000e+00 0.000000000000000e+00 0.000000000000000e+00 0.000000000000000e+00
 0.000000000000000e+00 0.000000000000000e+00 0.000000000000000e+00 0.000000000000000e+00 0.000000000000000e+00 0.000000000000000e+00 0.000000000000000e+00 0.000000000000000e+00 0.000000000000000e+00 0.000000000000000e+00
 0.000000000000000e+00 0.000000000000000e+00 0.000000000000000e+00 0.000000000000000e+00 0.000000000000000e+00 0.000000000000000e+00 0.000000000000000e+00 0.000000000000000e+00 0.000000000000000e+00 0.000000000000000e+00
 0.000000000000000e+00 0.000000000000000e+00 0.000000000000000e+00 0.000000000000000e+00 0.000000000000000e+00 0.000000000000000e+00 0.000000000000000e+00 0.000000000000000e+00 0.000000000000000e+00 0.000000000000000e+00
 0.000000000000000e+00 0.000000000000000e+00 0.000000000000000e+00 0.000000000000000e+00 0.000000000000000e+00 0.000000000000000e+00 0.000000000000000e+00 0.000000000000000e+00 0.000000000000000e+00 0.000000000000000e+00
 0.000000000000000e+00 0.000000000000000e+00 0.000000000000000e+00 0.000000000000000e+00 0.000000000000000e+00 0.000000000000000e+00 0.000000000000000e+00 0.000000000000000e+00 0.000000000000000e+00 0.000000000000000e+00
 0.000000000000000e+00 0.000000000000000e+00 0.000000000000000e+00 0.000000000000000e+00 0.000000000000000e+00 0.000000000000000e+00 0.000000000000000e+00 0.000000000000000e+00 0.000000000000000e+00 0.000000000000000e+00
 0.000000000000000e+00 0.000000000000000e+00 0.000000000000000e+00 0.000000000000000e+00 0.000000000000000e+00 0.000000000000000e+00 0.000000000000000e+00 0.000000000000000e+00 0.000000000000000e+00 0.000000000000000e+00
 0.000000000000000e+00 0.000000000000000e+00 0.000000000000000e+00 0.000000000000000e+00 0.000000000000000e+00 0.000000000000000e+00 0.000000000000000e+00 0.000000000000000e+00 0.000000000000000e+00 0.000000000000000e+00
 0.000000000000000e+00 0.000000000000000e+00 0.000000000000000e+00 0.000000000000000e+00 0.000000000000000e+00 0.000000000000000e+00 0.000000000000000e+00 0.000000000000000e+00 0.000000000000000e+00 0.000000000000000e+00
 0.000000000000000e+00 0.000000000000000e+00 0.000000000000000e+00 0.000000000000000e+00 1.000000000000005e+19 0.000000000000000e+00 1.000000000000005e+19 0.000000000000000e+00 0.000000000000000e+00 0.000000000000000e+00
 0.000000000000000e+00 0.000000000000000e+00 0.000000000000000e+00 0.000000000000000e+00 0.000000000000000e+00 0.000000000000000e+00 0.000000000000000e+00 0.000000000000000e+00 0.000000000000000e+00 0.000000000000000e+00
 0.000000000000000e+00 0.000000000000000e+00 0.000000000000000e+00 0.000000000000000e+00 0.000000000000000e+00 0.000000000000000e+00 0.000000000000000e+00 0.000000000000000e+00 0.000000000000000e+00 0.000000000000000e+00
 0.000000000000000e+00 0.000000000000000e+00 0.000000000000000e+00 0.000000000000000e+00 0.000000000000000e+00 0.000000000000000e+00 0.000000000000000e+00 0.000000000000000e+00 0.000000000000000e+00 0.000000000000000e+00
 0.000000000000000e+00 0.000000000000000e+00 0.000000000000000e+00 0.000000000000000e+00 0.000000000000000e+00 0.000000000000000e+00 0.000000000000000e+00 0.000000000000000e+00 0.000000000000000e+00 0.000000000000000e+00
 0.000000000000000e+00 0.000000000000000e+00 0.000000000000000e+00 0.000000000000000e+00 0.000000000000000e+00 0.000000000000000e+00 0.000000000000000e+00 0.000000000000000e+00 0.000000000000000e+00 0.000000000000000e+00
 0.000000000000000e+00 0.000000000000000e+00 0.000000000000000e+00 0.000000000000000e+00 0.000000000000000e+00 0.000000000000000e+00 0.000000000000000e+00 0.000000000000000e+00 0.000000000000000e+00 0.000000000000000e+00
 0.000000000000000e+00 0.000000000000000e+00 0.000000000000000e+00 0.000000000000000e+00 1.000000000000005e+19 0.000000000000000e+00 1.000000000000005e+19 0.000000000000000e+00 0.000000000000000e+00 0.000000000000000e+00
 0.000000000000000e+00 0.000000000000000e+00 0.000000000000000e+00 0.000000000000000e+00 0.000000000000000e+00 0.000000000000000e+00 0.000000000000000e+00 0.000000000000000e+00 0.000000000000000e+00 0.000000000000000e+00
 0.000000000000000e+00 0.000000000000000e+00 0.000000000000000e+00 0.000000000000000e+00 0.000000000000000e+00 0.000000000000000e+00 0.000000000000000e+00 0.000000000000000e+00 0.000000000000000e+00 0.000000000000000e+00
 0.000000000000000e+00 0.000000000000000e+00 0.000000000000000e+00 0.000000000000000e+00 0.000000000000000e+00 0.000000000000000e+00 0.000000000000000e+00 0.000000000000000e+00 0.000000000000000e+00 0.000000000000000e+00
 0.000000000000000e+00 0.000000000000000e+00 0.000000000000000e+00 0.000000000000000e+00 0.000000000000000e+00 0.000000000000000e+00 0.000000000000000e+00 0.000000000000000e+00 0.000000000000000e+00 0.000000000000000e+00
 0.000000000000000e+00 0.000000000000000e+00 0.000000000000000e+00 0.000000000000000e+00 0.000000000000000e+00 0.000000000000000e+00 0.000000000000000e+00 0.000000000000000e+00 0.000000000000000e+00 0.000000000000000e+00
 0.000000000000000e+00 0.000000000000000e+00 0.000000000000000e+00 0.000000000000000e+00 0.000000000000000e+00 0.000000000000000e+00 0.000000000000000e+00 0.000000000000000e+00 0.000000000000000e+00 0.000000000000000e+00
 0.000000000000000e+00 0.000000000000000e+00 0.000000000000000e+00 0.000000000000000e+00 1.000000000000005e+19 0.000000000000000e+00 1.000000000000005e+19 0.000000000000000e+00 0.000000000000000e+00 0.000000000000000e+00
 0.000000000000000e+00 0.000000000000000e+00 0.000000000000000e+00 0.000000000000000e+00 0.000000000000000e+00 0.000000000000000e+00 0.000000000000000e+00 0.000000000000000e+00 0.000000000000000e+00 0.000000000000000e+00
 0.000000000000000e+00 0.000000000000000e+00 0.000000000000000e+00 0.000000000000000e+00 0.000000000000000e+00 0.000000000000000e+00 0.000000000000000e+00 0.000000000000000e+00 0.000000000000000e+00 0.000000000000000e+00
 0.000000000000000e+00 0.000000000000000e+00 0.000000000000000e+00 0.000000000000000e+00 0.000000000000000e+00 0.000000000000000e+00 0.000000000000000e+00 0.000000000000000e+00 0.000000000000000e+00 0.000000000000000e+00
 0.000000000000000e+00 0.000000000000000e+00 0.000000000000000e+00 0.000000000000000e+00 0.000000000000000e+00 0.000000000000000e+00 0.000000000000000e+00 0.000000000000000e+00 0.000000000000000e+00 0.000000000000000e+00
 0.000000000000000e+00 0.000000000000000e+00 0.000000000000000e+00 0.000000000000000e+00 0.000000000000000e+00 0.000000000000000e+00 0.000000000000000e+00 0.000000000000000e+00 0.000000000000000e+00 0.000000000000000e+00
 0.000000000000000e+00 0.000000000000000e+00 0.000000000000000e+00 0.000000000000000e+00 0.000000000000000e+00 0.000000000000000e+00 0.000000000000000e+00 0.000000000000000e+00 0.000000000000000e+00 0.000000000000000e+00
 0.000000000000000e+00 0.000000000000000e+00 0.000000000000000e+00 0.000000000000000e+00 1.000000000000005e+19 0.000000000000000e+00 1.000000000000005e+19 0.000000000000000e+00 0.000000000000000e+00 0.000000000000000e+00
 0.000000000000000e+00 0.000000000000000e+00 0.000000000000000e+00 0.000000000000000e+00 0.000000000000000e+00 0.000000000000000e+00 0.000000000000000e+00 0.000000000000000e+00 0.000000000000000e+00 0.000000000000000e+00
 0.000000000000000e+00 0.000000000000000e+00 0.000000000000000e+00 0.000000000000000e+00 0.000000000000000e+00 0.000000000000000e+00 0.000000000000000e+00 0.000000000000000e+00 0.000000000000000e+00 0.000000000000000e+00
 0.000000000000000e+00 0.000000000000000e+00 0.000000000000000e+00 0.000000000000000e+00 0.000000000000000e+00 0.000000000000000e+00 0.000000000000000e+00 0.000000000000000e+00 0.000000000000000e+00 0.000000000000000e+00
 0.000000000000000e+00 0.000000000000000e+00 0.000000000000000e+00 0.000000000000000e+00 0.000000000000000e+00 0.000000000000000e+00 0.000000000000000e+00 0.000000000000000e+00 0.000000000000000e+00 0.000000000000000e+00
 0.000000000000000e+00 0.000000000000000e+00 0.000000000000000e+00 0.000000000000000e+00 0.000000000000000e+00 0.000000000000000e+00 0.000000000000000e+00 0.000000000000000e+00 0.000000000000000e+00 0.000000000000000e+00
 0.000000000000000e+00 0.000000000000000e+00 0.000000000000000e+00 0.000000000000000e+00 0.000000000000000e+00 0.000000000000000e+00 0.000000000000000e+00 0.000000000000000e+00 0.000000000000000e+00 0.000000000000000e+00
 0.000000000000000e+00 0.000000000000000e+00 0.000000000000000e+00 0.000000000000000e+00 1.000000000000005e+19 0.000000000000000e+00 1.000000000000005e+19 0.000000000000000e+00 0.000000000000000e+00 0.000000000000000e+00
 0.000000000000000e+00 0.000000000000000e+00 0.000000000000000e+00 0.000000000000000e+00 0.000000000000000e+00 0.000000000000000e+00 0.000000000000000e+00 0.000000000000000e+00 0.000000000000000e+00 0.000000000000000e+00
 0.000000000000000e+00 0.000000000000000e+00 0.000000000000000e+00 0.000000000000000e+00 0.000000000000000e+00 0.000000000000000e+00 0.000000000000000e+00 0.000000000000000e+00 0.000000000000000e+00 0.000000000000000e+00
 0.000000000000000e+00 0.000000000000000e+00 0.000000000000000e+00 0.000000000000000e+00 0.000000000000000e+00 0.000000000000000e+00 0.000000000000000e+00 0.000000000000000e+00 0.000000000000000e+00 0.000000000000000e+00
 0.000000000000000e+00 0.000000000000000e+00 0.000000000000000e+00 0.000000000000000e+00 0.000000000000000e+00 0.000000000000000e+00 0.000000000000000e+00 0.000000000000000e+00 0.000000000000000e+00 0.000000000000000e+00
 0.000000000000000e+00 0.000000000000000e+00 0.000000000000000e+00 0.000000000000000e+00 0.000000000000000e+00 0.000000000000000e+00 0.000000000000000e+00 0.000000000000000e+00 0.000000000000000e+00 0.000000000000000e+00
 0.000000000000000e+00 0.000000000000000e+00 0.000000000000000e+00 0.000000000000000e+00 0.000000000000000e+00 0.000000000000000e+00 0.000000000000000e+00 0.000000000000000e+00 0.000000000000000e+00 0.000000000000000e+00
 0.000000000000000e+00 0.000000000000000e+00 0.000000000000000e+00 0.000000000000000e+00 1.000000000000005e+19 0.000000000000000e+00 1.000000000000005e+19 0.000000000000000e+00 0.000000000000000e+00 0.000000000000000e+00
 0.000000000000000e+00 0.000000000000000e+00 0.000000000000000e+00 0.000000000000000e+00 0.000000000000000e+00 0.000000000000000e+00 0.000000000000000e+00 0.000000000000000e+00 0.000000000000000e+00 0.000000000000000e+00
 0.000000000000000e+00 0.000000000000000e+00 0.000000000000000e+00 0.000000000000000e+00 0.000000000000000e+00 0.000000000000000e+00 0.000000000000000e+00 0.000000000000000e+00 0.000000000000000e+00 0.000000000000000e+00
 0.000000000000000e+00 0.000000000000000e+00 0.000000000000000e+00 0.000000000000000e+00 0.000000000000000e+00 0.000000000000000e+00 0.000000000000000e+00 0.000000000000000e+00 0.000000000000000e+00 0.000000000000000e+00
 0.000000000000000e+00 0.000000000000000e+00 0.000000000000000e+00 0.000000000000000e+00 0.000000000000000e+00 0.000000000000000e+00 0.000000000000000e+00 0.000000000000000e+00 0.000000000000000e+00 0.000000000000000e+00
 0.000000000000000e+00 0.000000000000000e+00 0.000000000000000e+00 0.000000000000000e+00 0.000000000000000e+00 0.000000000000000e+00 0.000000000000000e+00 0.000000000000000e+00 0.000000000000000e+00 0.000000000000000e+00
 0.000000000000000e+00 0.000000000000000e+00 0.000000000000000e+00 0.000000000000000e+00 0.000000000000000e+00 0.000000000000000e+00 0.000000000000000e+00 0.000000000000000e+00 0.000000000000000e+00 0.000000000000000e+00
 0.000000000000000e+00 0.000000000000000e+00 0.000000000000000e+00 0.000000000000000e+00 1.000000000000005e+19 0.000000000000000e+00 1.000000000000005e+19 0.000000000000000e+00 0.000000000000000e+00 0.000000000000000e+00
 0.000000000000000e+00 0.000000000000000e+00 0.000000000000000e+00 0.000000000000000e+00 0.000000000000000e+00 0.000000000000000e+00 0.000000000000000e+00 0.000000000000000e+00 0.000000000000000e+00 0.000000000000000e+00
 0.000000000000000e+00 0.000000000000000e+00 0.000000000000000e+00 0.000000000000000e+00 0.000000000000000e+00 0.000000000000000e+00 0.000000000000000e+00 0.000000000000000e+00 0.000000000000000e+00 0.000000000000000e+00
 0.000000000000000e+00 0.000000000000000e+00 0.000000000000000e+00 0.000000000000000e+00 0.000000000000000e+00 0.000000000000000e+00 0.000000000000000e+00 0.000000000000000e+00 0.000000000000000e+00 0.000000000000000e+00
 0.000000000000000e+00 0.000000000000000e+00 0.000000000000000e+00 0.000000000000000e+00 0.000000000000000e+00 0.000000000000000e+00 0.000000000000000e+00 0.000000000000000e+00 0.000000000000000e+00 0.000000000000000e+00
 0.000000000000000e+00 0.000000000000000e+00 0.000000000000000e+00 0.000000000000000e+00 0.000000000000000e+00 0.000000000000000e+00 0.000000000000000e+00 0.000000000000000e+00 0.000000000000000e+00 0.000000000000000e+00
 0.000000000000000e+00 0.000000000000000e+00 0.000000000000000e+00 0.000000000000000e+00 0.000000000000000e+00 0.000000000000000e+00 0.000000000000000e+00 0.000000000000000e+00 0.000000000000000e+00 0.000000000000000e+00
 0.000000000000000e+00 0.000000000000000e+00 0.000000000000000e+00 0.000000000000000e+00 1.000000000000005e+19 0.000000000000000e+00 1.000000000000005e+19 0.000000000000000e+00 0.000000000000000e+00 0.000000000000000e+00
 0.000000000000000e+00 0.000000000000000e+00 0.000000000000000e+00 0.000000000000000e+00 0.000000000000000e+00 0.000000000000000e+00 0.000000000000000e+00 0.000000000000000e+00 0.000000000000000e+00 0.000000000000000e+00
 0.000000000000000e+00 0.000000000000000e+00 0.000000000000000e+00 0.000000000000000e+00 0.000000000000000e+00 0.000000000000000e+00 0.000000000000000e+00 0.000000000000000e+00 0.000000000000000e+00 0.000000000000000e+00
 0.000000000000000e+00 0.000000000000000e+00 0.000000000000000e+00 0.000000000000000e+00 0.000000000000000e+00 0.000000000000000e+00 0.000000000000000e+00 0.000000000000000e+00 0.000000000000000e+00 0.000000000000000e+00
 0.000000000000000e+00 0.000000000000000e+00 0.000000000000000e+00 0.000000000000000e+00 0.000000000000000e+00 0.000000000000000e+00 0.000000000000000e+00 0.000000000000000e+00 0.000000000000000e+00 0.000000000000000e+00
 0.000000000000000e+00 0.000000000000000e+00 0.000000000000000e+00 0.000000000000000e+00 0.000000000000000e+00 0.000000000000000e+00 0.000000000000000e+00 0.000000000000000e+00 0.000000000000000e+00 0.000000000000000e+00
 0.000000000000000e+00 0.000000000000000e+00 0.000000000000000e+00 0.000000000000000e+00 0.000000000000000e+00 0.000000000000000e+00 0.000000000000000e+00 0.000000000000000e+00 0.000000000000000e+00 0.000000000000000e+00
 0.000000000000000e+00 0.000000000000000e+00 0.000000000000000e+00 0.000000000000000e+00 1.000000000000005e+19 0.000000000000000e+00 1.000000000000005e+19 0.000000000000000e+00 0.000000000000000e+00 0.000000000000000e+00
 0.000000000000000e+00 0.000000000000000e+00 0.000000000000000e+00 0.000000000000000e+00 0.000000000000000e+00 0.000000000000000e+00 0.000000000000000e+00 0.000000000000000e+00 0.000000000000000e+00 0.000000000000000e+00
 0.000000000000000e+00 0.000000000000000e+00 0.000000000000000e+00 0.000000000000000e+00 0.000000000000000e+00 0.000000000000000e+00 0.000000000000000e+00 0.000000000000000e+00 0.000000000000000e+00 0.000000000000000e+00
 0.000000000000000e+00 0.000000000000000e+00 0.000000000000000e+00 0.000000000000000e+00 0.000000000000000e+00 0.000000000000000e+00 0.000000000000000e+00 0.000000000000000e+00 0.000000000000000e+00 0.000000000000000e+00
 0.000000000000000e+00 0.000000000000000e+00 0.000000000000000e+00 0.000000000000000e+00 0.000000000000000e+00 0.000000000000000e+00 0.000000000000000e+00 0.000000000000000e+00 0.000000000000000e+00 0.000000000000000e+00
 0.000000000000000e+00 0.000000000000000e+00 0.000000000000000e+00 0.000000000000000e+00 0.000000000000000e+00 0.000000000000000e+00 0.000000000000000e+00 0.000000000000000e+00 0.000000000000000e+00 0.000000000000000e+00
 0.000000000000000e+00 0.000000000000000e+00 0.000000000000000e+00 0.000000000000000e+00 0.000000000000000e+00 0.000000000000000e+00 0.000000000000000e+00 0.000000000000000e+00 0.000000000000000e+00 0.000000000000000e+00
 0.000000000000000e+00 0.000000000000000e+00 0.000000000000000e+00 0.000000000000000e+00 1.000000000000005e+19 0.000000000000000e+00 1.000000000000005e+19 0.000000000000000e+00 0.000000000000000e+00 0.000000000000000e+00
 0.000000000000000e+00 0.000000000000000e+00 0.000000000000000e+00 0.000000000000000e+00 0.000000000000000e+00 0.000000000000000e+00 0.000000000000000e+00 0.000000000000000e+00 0.000000000000000e+00 0.000000000000000e+00
 0.000000000000000e+00 0.000000000000000e+00 0.000000000000000e+00 0.000000000000000e+00 0.000000000000000e+00 0.000000000000000e+00 0.000000000000000e+00 0.000000000000000e+00 0.000000000000000e+00 0.000000000000000e+00
 0.000000000000000e+00 0.000000000000000e+00 0.000000000000000e+00 0.000000000000000e+00 0.000000000000000e+00 0.000000000000000e+00 0.000000000000000e+00 0.000000000000000e+00 0.000000000000000e+00 0.000000000000000e+00
 0.000000000000000e+00 0.000000000000000e+00 0.000000000000000e+00 0.000000000000000e+00 0.000000000000000e+00 0.000000000000000e+00 0.000000000000000e+00 0.000000000000000e+00 0.000000000000000e+00 0.000000000000000e+00
 0.000000000000000e+00 0.000000000000000e+00 0.000000000000000e+00 0.000000000000000e+00 0.000000000000000e+00 0.000000000000000e+00 0.000000000000000e+00 0.000000000000000e+00 0.000000000000000e+00 0.000000000000000e+00
 0.000000000000000e+00 0.000000000000000e+00 0.000000000000000e+00 0.000000000000000e+00 0.000000000000000e+00 0.000000000000000e+00 0.000000000000000e+00 0.000000000000000e+00 0.000000000000000e+00 0.000000000000000e+00
 0.000000000000000e+00 0.000000000000000e+00 0.000000000000000e+00 0.000000000000000e+00 1.000000000000005e+19 0.000000000000000e+00 1.000000000000005e+19 0.000000000000000e+00 0.000000000000000e+00 0.000000000000000e+00
 0.000000000000000e+00 0.000000000000000e+00 0.000000000000000e+00 0.000000000000000e+00 0.000000000000000e+00 0.000000000000000e+00 0.000000000000000e+00 0.000000000000000e+00 0.000000000000000e+00 0.000000000000000e+00
 0.000000000000000e+00 0.000000000000000e+00 0.000000000000000e+00 0.000000000000000e+00 0.000000000000000e+00 0.000000000000000e+00 0.000000000000000e+00 0.000000000000000e+00 0.000000000000000e+00 0.000000000000000e+00
 0.000000000000000e+00 0.000000000000000e+00 0.000000000000000e+00 0.000000000000000e+00 0.000000000000000e+00 0.000000000000000e+00 0.000000000000000e+00 0.000000000000000e+00 0.000000000000000e+00 0.000000000000000e+00
 0.000000000000000e+00 0.000000000000000e+00 0.000000000000000e+00 0.000000000000000e+00 0.000000000000000e+00 0.000000000000000e+00 0.000000000000000e+00 0.000000000000000e+00 0.000000000000000e+00 0.000000000000000e+00
 0.000000000000000e+00 0.000000000000000e+00 0.000000000000000e+00 0.000000000000000e+00 0.000000000000000e+00 0.000000000000000e+00 0.000000000000000e+00 0.000000000000000e+00 0.000000000000000e+00 0.000000000000000e+00
 0.000000000000000e+00 0.000000000000000e+00 0.000000000000000e+00 0.000000000000000e+00 0.000000000000000e+00 0.000000000000000e+00 0.000000000000000e+00 0.000000000000000e+00 0.000000000000000e+00 0.000000000000000e+00
 0.000000000000000e+00 0.000000000000000e+00 0.000000000000000e+00 0.000000000000000e+00 1.000000000000005e+19 0.000000000000000e+00 1.000000000000005e+19 0.000000000000000e+00 0.000000000000000e+00 0.000000000000000e+00
 0.000000000000000e+00 0.000000000000000e+00 0.000000000000000e+00 0.000000000000000e+00 0.000000000000000e+00 0.000000000000000e+00 0.000000000000000e+00 0.000000000000000e+00 0.000000000000000e+00 0.000000000000000e+00
 0.000000000000000e+00 0.000000000000000e+00 0.000000000000000e+00 0.000000000000000e+00 0.000000000000000e+00 0.000000000000000e+00 0.000000000000000e+00 0.000000000000000e+00 0.000000000000000e+00 0.000000000000000e+00
 0.000000000000000e+00 0.000000000000000e+00 0.000000000000000e+00 0.000000000000000e+00 0.000000000000000e+00 0.000000000000000e+00 0.000000000000000e+00 0.000000000000000e+00 0.000000000000000e+00 0.000000000000000e+00
 0.000000000000000e+00 0.000000000000000e+00 0.000000000000000e+00 0.000000000000000e+00 0.000000000000000e+00 0.000000000000000e+00 0.000000000000000e+00 0.000000000000000e+00 0.000000000000000e+00 0.000000000000000e+00
 0.000000000000000e+00 0.000000000000000e+00 0.000000000000000e+00 0.000000000000000e+00 0.000000000000000e+00 0.000000000000000e+00 0.000000000000000e+00 0.000000000000000e+00 0.000000000000000e+00 0.000000000000000e+00
 0.000000000000000e+00 0.000000000000000e+00 0.000000000000000e+00 0.000000000000000e+00 0.000000000000000e+00 0.000000000000000e+00 0.000000000000000e+00 0.000000000000000e+00 0.000000000000000e+00 0.000000000000000e+00
 0.000000000000000e+00 0.000000000000000e+00 0.000000000000000e+00 0.000000000000000e+00 1.000000000000005e+19 0.000000000000000e+00 1.000000000000005e+19 0.000000000000000e+00 0.000000000000000e+00 0.000000000000000e+00
 0.000000000000000e+00 0.000000000000000e+00 0.000000000000000e+00 0.000000000000000e+00 0.000000000000000e+00 0.000000000000000e+00 0.000000000000000e+00 0.000000000000000e+00 0.000000000000000e+00 0.000000000000000e+00
 0.000000000000000e+00 0.000000000000000e+00 0.000000000000000e+00 0.000000000000000e+00 0.000000000000000e+00 0.000000000000000e+00 0.000000000000000e+00 0.000000000000000e+00 0.000000000000000e+00 0.000000000000000e+00
 0.000000000000000e+00 0.000000000000000e+00 0.000000000000000e+00 0.000000000000000e+00 0.000000000000000e+00 0.000000000000000e+00 0.000000000000000e+00 0.000000000000000e+00 0.000000000000000e+00 0.000000000000000e+00
 0.000000000000000e+00 0.000000000000000e+00 0.000000000000000e+00 0.000000000000000e+00 0.000000000000000e+00 0.000000000000000e+00 0.000000000000000e+00 0.000000000000000e+00 0.000000000000000e+00 0.000000000000000e+00
 0.000000000000000e+00 0.000000000000000e+00 0.000000000000000e+00 0.000000000000000e+00 0.000000000000000e+00 0.000000000000000e+00 0.000000000000000e+00 0.000000000000000e+00 0.000000000000000e+00 0.000000000000000e+00
 0.000000000000000e+00 0.000000000000000e+00 0.000000000000000e+00 0.000000000000000e+00 0.000000000000000e+00 0.000000000000000e+00 0.000000000000000e+00 0.000000000000000e+00 0.000000000000000e+00 0.000000000000000e+00
 0.000000000000000e+00 0.000000000000000e+00 0.000000000000000e+00 0.000000000000000e+00 1.000000000000005e+19 0.000000000000000e+00 1.000000000000005e+19 0.000000000000000e+00 0.000000000000000e+00 0.000000000000000e+00
 0.000000000000000e+00 0.000000000000000e+00 0.000000000000000e+00 0.000000000000000e+00 0.000000000000000e+00 0.000000000000000e+00 0.000000000000000e+00 0.000000000000000e+00 0.000000000000000e+00 0.000000000000000e+00
 0.000000000000000e+00 0.000000000000000e+00 0.000000000000000e+00 0.000000000000000e+00 0.000000000000000e+00 0.000000000000000e+00 0.000000000000000e+00 0.000000000000000e+00 0.000000000000000e+00 0.000000000000000e+00
 0.000000000000000e+00 0.000000000000000e+00 0.000000000000000e+00 0.000000000000000e+00 0.000000000000000e+00 0.000000000000000e+00 0.000000000000000e+00 0.000000000000000e+00 0.000000000000000e+00 0.000000000000000e+00
 0.000000000000000e+00 0.000000000000000e+00 0.000000000000000e+00 0.000000000000000e+00 0.000000000000000e+00 0.000000000000000e+00 0.000000000000000e+00 0.000000000000000e+00 0.000000000000000e+00 0.000000000000000e+00
 0.000000000000000e+00 0.000000000000000e+00 0.000000000000000e+00 0.000000000000000e+00 0.000000000000000e+00 0.000000000000000e+00 0.000000000000000e+00 0.000000000000000e+00 0.000000000000000e+00 0.000000000000000e+00
 0.000000000000000e+00 0.000000000000000e+00 0.000000000000000e+00 0.000000000000000e+00 0.000000000000000e+00 0.000000000000000e+00 0.000000000000000e+00 0.000000000000000e+00 0.000000000000000e+00 0.000000000000000e+00
 0.000000000000000e+00 0.000000000000000e+00 0.000000000000000e+00 0.000000000000000e+00 1.000000000000005e+19 0.000000000000000e+00 1.000000000000005e+19 0.000000000000000e+00 0.000000000000000e+00 0.000000000000000e+00
 0.000000000000000e+00 0.000000000000000e+00 0.000000000000000e+00 0.000000000000000e+00 0.000000000000000e+00 0.000000000000000e+00 0.000000000000000e+00 0.000000000000000e+00 0.000000000000000e+00 0.000000000000000e+00
 0.000000000000000e+00 0.000000000000000e+00 0.000000000000000e+00 0.000000000000000e+00 0.000000000000000e+00 0.000000000000000e+00 0.000000000000000e+00 0.000000000000000e+00 0.000000000000000e+00 0.000000000000000e+00
 0.000000000000000e+00 0.000000000000000e+00 0.000000000000000e+00 0.000000000000000e+00 0.000000000000000e+00 0.000000000000000e+00 0.000000000000000e+00 0.000000000000000e+00 0.000000000000000e+00 0.000000000000000e+00
 0.000000000000000e+00 0.000000000000000e+00 0.000000000000000e+00 0.000000000000000e+00 0.000000000000000e+00 0.000000000000000e+00 0.000000000000000e+00 0.000000000000000e+00 0.000000000000000e+00 0.000000000000000e+00
 0.000000000000000e+00 0.000000000000000e+00 0.000000000000000e+00 0.000000000000000e+00 0.000000000000000e+00 0.000000000000000e+00 0.000000000000000e+00 0.000000000000000e+00 0.000000000000000e+00 0.000000000000000e+00
 0.000000000000000e+00 0.000000000000000e+00 0.000000000000000e+00 0.000000000000000e+00 0.000000000000000e+00 0.000000000000000e+00 0.000000000000000e+00 0.000000000000000e+00 0.000000000000000e+00 0.000000000000000e+00
 0.000000000000000e+00 0.000000000000000e+00 0.000000000000000e+00 0.000000000000000e+00 0.000000000000000e+00 0.000000000000000e+00 0.000000000000000e+00 0.000000000000000e+00 0.000000000000000e+00 0.000000000000000e+00
 0.000000000000000e+00 0.000000000000000e+00 0.000000000000000e+00 0.000000000000000e+00 0.000000000000000e+00 0.000000000000000e+00 0.000000000000000e+00 0.000000000000000e+00 0.000000000000000e+00 0.000000000000000e+00
 0.000000000000000e+00 0.000000000000000e+00 0.000000000000000e+00 0.000000000000000e+00 0.000000000000000e+00 0.000000000000000e+00 0.000000000000000e+00 0.000000000000000e+00 0.000000000000000e+00 0.000000000000000e+00
 0.000000000000000e+00 0.000000000000000e+00 0.000000000000000e+00 0.000000000000000e+00 0.000000000000000e+00 0.000000000000000e+00 0.000000000000000e+00 0.000000000000000e+00 0.000000000000000e+00 0.000000000000000e+00
 0.000000000000000e+00 0.000000000000000e+00 0.000000000000000e+00 0.000000000000000e+00 0.000000000000000e+00 0.000000000000000e+00 0.000000000000000e+00 0.000000000000000e+00 0.000000000000000e+00 0.000000000000000e+00
 0.000000000000000e+00 0.000000000000000e+00 0.000000000000000e+00 0.000000000000000e+00 0.000000000000000e+00 0.000000000000000e+00 0.000000000000000e+00 0.000000000000000e+00 0.000000000000000e+00 0.000000000000000e+00
 0.000000000000000e+00 0.000000000000000e+00 0.000000000000000e+00 0.000000000000000e+00 0.000000000000000e+00 0.000000000000000e+00 0.000000000000000e+00 0.000000000000000e+00 0.000000000000000e+00 0.000000000000000e+00
 0.000000000000000e+00 0.000000000000000e+00 0.000000000000000e+00 0.000000000000000e+00 0.000000000000000e+00 0.000000000000000e+00 0.000000000000000e+00 0.000000000000000e+00 0.000000000000000e+00 0.000000000000000e+00
 0.000000000000000e+00 0.000000000000000e+00 0.000000000000000e+00 0.000000000000000e+00 0.000000000000000e+00 0.000000000000000e+00 0.000000000000000e+00 0.000000000000000e+00 0.000000000000000e+00 0.000000000000000e+00
 0.000000000000000e+00 0.000000000000000e+00 0.000000000000000e+00 0.000000000000000e+00 0.000000000000000e+00 0.000000000000000e+00 0.000000000000000e+00 0.000000000000000e+00 0.000000000000000e+00 0.000000000000000e+00
 0.000000000000000e+00 0.000000000000000e+00 0.000000000000000e+00 0.000000000000000e+00 0.000000000000000e+00 0.000000000000000e+00 0.000000000000000e+00 0.000000000000000e+00 0.000000000000000e+00 0.000000000000000e+00
 0.000000000000000e+00 0.000000000000000e+00 0.000000000000000e+00 0.000000000000000e+00 0.000000000000000e+00 0.000000000000000e+00 0.000000000000000e+00 0.000000000000000e+00 0.000000000000000e+00 0.000000000000000e+00
 0.000000000000000e+00 0.000000000000000e+00 0.000000000000000e+00 0.000000000000000e+00 0.000000000000000e+00 0.000000000000000e+00 0.000000000000000e+00 0.000000000000000e+00 0.000000000000000e+00 0.000000000000000e+00
 0.000000000000000e+00 0.000000000000000e+00 0.000000000000000e+00 0.000000000000000e+00 0.000000000000000e+00 0.000000000000000e+00 0.000000000000000e+00 0.000000000000000e+00 0.000000000000000e+00 0.000000000000000e+00
 0.000000000000000e+00 0.000000000000000e+00 0.000000000000000e+00 0.000000000000000e+00 0.000000000000000e+00 0.000000000000000e+00 0.000000000000000e+00 0.000000000000000e+00 0.000000000000000e+00 0.000000000000000e+00
 0.000000000000000e+00 0.000000000000000e+00 0.000000000000000e+00 0.000000000000000e+00 0.000000000000000e+00 0.000000000000000e+00 0.000000000000000e+00 0.000000000000000e+00 0.000000000000000e+00 0.000000000000000e+00
 0.000000000000000e+00 0.000000000000000e+00 0.000000000000000e+00 0.000000000000000e+00 0.000000000000000e+00 0.000000000000000e+00 0.000000000000000e+00 0.000000000000000e+00 0.000000000000000e+00 0.000000000000000e+00
 0.000000000000000e+00 0.000000000000000e+00 0.000000000000000e+00 0.000000000000000e+00 0.000000000000000e+00 0.000000000000000e+00 0.000000000000000e+00 0.000000000000000e+00 0.000000000000000e+00 0.000000000000000e+00
 0.000000000000000e+00 0.000000000000000e+00 0.000000000000000e+00 0.000000000000000e+00 0.000000000000000e+00 0.000000000000000e+00 0.000000000000000e+00 0.000000000000000e+00 0.000000000000000e+00 0.000000000000000e+00
 0.000000000000000e+00 0.000000000000000e+00 0.000000000000000e+00 0.000000000000000e+00 0.000000000000000e+00 0.000000000000000e+00 0.000000000000000e+00 0.000000000000000e+00 0.000000000000000e+00 0.000000000000000e+00
 0.000000000000000e+00 0.000000000000000e+00 0.000000000000000e+00 0.000000000000000e+00 0.000000000000000e+00 0.000000000000000e+00 0.000000000000000e+00 0.000000000000000e+00 0.000000000000000e+00 0.000000000000000e+00
 0.000000000000000e+00 0.000000000000000e+00 0.000000000000000e+00 0.000000000000000e+00 0.000000000000000e+00 0.000000000000000e+00 0.000000000000000e+00 0.000000000000000e+00 0.000000000000000e+00 0.000000000000000e+00
 0.000000000000000e+00 0.000000000000000e+00 0.000000000000000e+00 0.000000000000000e+00 0.000000000000000e+00 0.000000000000000e+00 0.000000000000000e+00 0.000000000000000e+00 0.000000000000000e+00 0.000000000000000e+00
 0.000000000000000e+00 0.000000000000000e+00 0.000000000000000e+00 0.000000000000000e+00 0.000000000000000e+00 0.000000000000000e+00 0.000000000000000e+00 0.000000000000000e+00 0.000000000000000e+00 0.000000000000000e+00
 0.000000000000000e+00 0.000000000000000e+00 0.000000000000000e+00 0.000000000000000e+00 0.000000000000000e+00 0.000000000000000e+00 0.000000000000000e+00 0.000000000000000e+00 0.000000000000000e+00 0.000000000000000e+00
 0.000000000000000e+00 0.000000000000000e+00 0.000000000000000e+00 0.000000000000000e+00 0.000000000000000e+00 0.000000000000000e+00 0.000000000000000e+00 0.000000000000000e+00 0.000000000000000e+00 0.000000000000000e+00
 0.000000000000000e+00 0.000000000000000e+00 0.000000000000000e+00 0.000000000000000e+00 0.000000000000000e+00 0.000000000000000e+00 0.000000000000000e+00 0.000000000000000e+00 0.000000000000000e+00 0.000000000000000e+00
 0.000000000000000e+00 0.000000000000000e+00 0.000000000000000e+00 0.000000000000000e+00 0.000000000000000e+00 0.000000000000000e+00 0.000000000000000e+00 0.000000000000000e+00 0.000000000000000e+00 0.000000000000000e+00
 0.000000000000000e+00 0.000000000000000e+00 0.000000000000000e+00 0.000000000000000e+00 0.000000000000000e+00 0.000000000000000e+00 0.000000000000000e+00 0.000000000000000e+00 0.000000000000000e+00 0.000000000000000e+00
 0.000000000000000e+00 0.000000000000000e+00 0.000000000000000e+00 0.000000000000000e+00 0.000000000000000e+00 0.000000000000000e+00 0.000000000000000e+00 0.000000000000000e+00 0.000000000000000e+00 0.000000000000000e+00
 0.000000000000000e+00 0.000000000000000e+00 0.000000000000000e+00 0.000000000000000e+00 0.000000000000000e+00 0.000000000000000e+00 0.000000000000000e+00 0.000000000000000e+00 0.000000000000000e+00 0.000000000000000e+00
 0.000000000000000e+00 0.000000000000000e+00 0.000000000000000e+00 0.000000000000000e+00 0.000000000000000e+00 0.000000000000000e+00 0.000000000000000e+00 0.000000000000000e+00 0.000000000000000e+00 0.000000000000000e+00
 0.000000000000000e+00 0.000000000000000e+00 0.000000000000000e+00 0.000000000000000e+00 0.000000000000000e+00 0.000000000000000e+00 0.000000000000000e+00 0.000000000000000e+00 0.000000000000000e+00 0.000000000000000e+00
 0.000000000000000e+00 0.000000000000000e+00 0.000000000000000e+00 0.000000000000000e+00 0.000000000000000e+00 0.000000000000000e+00 0.000000000000000e+00 0.000000000000000e+00 0.000000000000000e+00 0.000000000000000e+00
 0.000000000000000e+00 0.000000000000000e+00 0.000000000000000e+00 0.000000000000000e+00 0.000000000000000e+00 0.000000000000000e+00 0.000000000000000e+00 0.000000000000000e+00 0.000000000000000e+00 0.000000000000000e+00
 0.000000000000000e+00 0.000000000000000e+00 0.000000000000000e+00 0.000000000000000e+00 0.000000000000000e+00 0.000000000000000e+00 0.000000000000000e+00 0.000000000000000e+00 0.000000000000000e+00 0.000000000000000e+00
 0.000000000000000e+00 0.000000000000000e+00 0.000000000000000e+00 0.000000000000000e+00 0.000000000000000e+00 0.000000000000000e+00 0.000000000000000e+00 0.000000000000000e+00 0.000000000000000e+00 0.000000000000000e+00
 0.000000000000000e+00 0.000000000000000e+00 0.000000000000000e+00 0.000000000000000e+00 0.000000000000000e+00 0.000000000000000e+00 0.000000000000000e+00 0.000000000000000e+00 0.000000000000000e+00 0.000000000000000e+00
 0.000000000000000e+00 0.000000000000000e+00 0.000000000000000e+00 0.000000000000000e+00 0.000000000000000e+00 0.000000000000000e+00 0.000000000000000e+00 0.000000000000000e+00 0.000000000000000e+00 0.000000000000000e+00
 0.000000000000000e+00 0.000000000000000e+00 0.000000000000000e+00 0.000000000000000e+00 0.000000000000000e+00 0.000000000000000e+00 0.000000000000000e+00 0.000000000000000e+00 0.000000000000000e+00 0.000000000000000e+00
 0.000000000000000e+00 0.000000000000000e+00 0.000000000000000e+00 0.000000000000000e+00 0.000000000000000e+00 0.000000000000000e+00 0.000000000000000e+00 0.000000000000000e+00 0.000000000000000e+00 0.000000000000000e+00
 0.000000000000000e+00 0.000000000000000e+00 0.000000000000000e+00 0.000000000000000e+00 0.000000000000000e+00 0.000000000000000e+00 0.000000000000000e+00 0.000000000000000e+00 0.000000000000000e+00 0.000000000000000e+00
 0.000000000000000e+00 0.000000000000000e+00 0.000000000000000e+00 0.000000000000000e+00 0.000000000000000e+00 0.000000000000000e+00 0.000000000000000e+00 0.000000000000000e+00 0.000000000000000e+00 0.000000000000000e+00
 0.000000000000000e+00 0.000000000000000e+00 0.000000000000000e+00 0.000000000000000e+00 0.000000000000000e+00 0.000000000000000e+00 0.000000000000000e+00 0.000000000000000e+00 0.000000000000000e+00 0.000000000000000e+00
 0.000000000000000e+00 0.000000000000000e+00 0.000000000000000e+00 0.000000000000000e+00 0.000000000000000e+00 0.000000000000000e+00 0.000000000000000e+00 0.000000000000000e+00 0.000000000000000e+00 0.000000000000000e+00
 0.000000000000000e+00 0.000000000000000e+00 0.000000000000000e+00 0.000000000000000e+00 0.000000000000000e+00 0.000000000000000e+00 0.000000000000000e+00 0.000000000000000e+00 0.000000000000000e+00 0.000000000000000e+00
 0.000000000000000e+00 0.000000000000000e+00 0.000000000000000e+00 0.000000000000000e+00 0.000000000000000e+00 0.000000000000000e+00 0.000000000000000e+00 0.000000000000000e+00 0.000000000000000e+00 0.000000000000000e+00
 0.000000000000000e+00 0.000000000000000e+00 0.000000000000000e+00 0.000000000000000e+00 0.000000000000000e+00 0.000000000000000e+00 0.000000000000000e+00 0.000000000000000e+00 0.000000000000000e+00 0.000000000000000e+00
 0.000000000000000e+00 0.000000000000000e+00 0.000000000000000e+00 0.000000000000000e+00 0.000000000000000e+00 0.000000000000000e+00 0.000000000000000e+00 0.000000000000000e+00 0.000000000000000e+00 0.000000000000000e+00
 0.000000000000000e+00 0.000000000000000e+00 0.000000000000000e+00 0.000000000000000e+00 0.000000000000000e+00 0.000000000000000e+00 0.000000000000000e+00 0.000000000000000e+00 0.000000000000000e+00 0.000000000000000e+00
 0.000000000000000e+00 0.000000000000000e+00 0.000000000000000e+00 0.000000000000000e+00 0.000000000000000e+00 0.000000000000000e+00 0.000000000000000e+00 0.000000000000000e+00 0.000000000000000e+00 0.000000000000000e+00
 0.000000000000000e+00 0.000000000000000e+00 0.000000000000000e+00 0.000000000000000e+00 0.000000000000000e+00 0.000000000000000e+00 0.000000000000000e+00 0.000000000000000e+00 0.000000000000000e+00 0.000000000000000e+00
 0.000000000000000e+00 0.000000000000000e+00 0.000000000000000e+00 0.000000000000000e+00 0.000000000000000e+00 0.000000000000000e+00 0.000000000000000e+00 0.000000000000000e+00 0.000000000000000e+00 0.000000000000000e+00
 0.000000000000000e+00 0.000000000000000e+00 0.000000000000000e+00 0.000000000000000e+00 0.000000000000000e+00 0.000000000000000e+00 0.000000000000000e+00 0.000000000000000e+00 0.000000000000000e+00 0.000000000000000e+00
 0.000000000000000e+00 0.000000000000000e+00 0.000000000000000e+00 0.000000000000000e+00 0.000000000000000e+00 0.000000000000000e+00 0.000000000000000e+00 0.000000000000000e+00 0.000000000000000e+00 0.000000000000000e+00
 0.000000000000000e+00 0.000000000000000e+00 0.000000000000000e+00 0.000000000000000e+00 0.000000000000000e+00 0.000000000000000e+00 0.000000000000000e+00 0.000000000000000e+00 0.000000000000000e+00 0.000000000000000e+00
 0.000000000000000e+00 0.000000000000000e+00 0.000000000000000e+00 0.000000000000000e+00 0.000000000000000e+00 0.000000000000000e+00 0.000000000000000e+00 0.000000000000000e+00 0.000000000000000e+00 0.000000000000000e+00
 0.000000000000000e+00 0.000000000000000e+00 0.000000000000000e+00 0.000000000000000e+00 0.000000000000000e+00 0.000000000000000e+00 0.000000000000000e+00 0.000000000000000e+00 0.000000000000000e+00 0.000000000000000e+00
 0.000000000000000e+00 0.000000000000000e+00 0.000000000000000e+00 0.000000000000000e+00 0.000000000000000e+00 0.000000000000000e+00 0.000000000000000e+00 0.000000000000000e+00 0.000000000000000e+00 0.000000000000000e+00
 0.000000000000000e+00 0.000000000000000e+00 0.000000000000000e+00 0.000000000000000e+00 0.000000000000000e+00 0.000000000000000e+00 0.000000000000000e+00 0.000000000000000e+00 0.000000000000000e+00 0.000000000000000e+00
 0.000000000000000e+00 0.000000000000000e+00 0.000000000000000e+00 0.000000000000000e+00 0.000000000000000e+00 0.000000000000000e+00 0.000000000000000e+00 0.000000000000000e+00 0.000000000000000e+00 0.000000000000000e+00
 0.000000000000000e+00 0.000000000000000e+00 0.000000000000000e+00 0.000000000000000e+00 0.000000000000000e+00 0.000000000000000e+00 0.000000000000000e+00 0.000000000000000e+00 0.000000000000000e+00 0.000000000000000e+00
 0.000000000000000e+00 0.000000000000000e+00 0.000000000000000e+00 0.000000000000000e+00 0.000000000000000e+00 0.000000000000000e+00 0.000000000000000e+00 0.000000000000000e+00 0.000000000000000e+00 0.000000000000000e+00
 0.000000000000000e+00 0.000000000000000e+00 0.000000000000000e+00 0.000000000000000e+00 0.000000000000000e+00 0.000000000000000e+00 0.000000000000000e+00 0.000000000000000e+00 0.000000000000000e+00 0.000000000000000e+00
 0.000000000000000e+00 0.000000000000000e+00 0.000000000000000e+00 0.000000000000000e+00 0.000000000000000e+00 0.000000000000000e+00 0.000000000000000e+00 0.000000000000000e+00 0.000000000000000e+00 0.000000000000000e+00
 0.000000000000000e+00 0.000000000000000e+00 0.000000000000000e+00 0.000000000000000e+00 0.000000000000000e+00 0.000000000000000e+00 0.000000000000000e+00 0.000000000000000e+00 0.000000000000000e+00 0.000000000000000e+00
 0.000000000000000e+00 0.000000000000000e+00 0.000000000000000e+00 0.000000000000000e+00 0.000000000000000e+00 0.000000000000000e+00 0.000000000000000e+00 0.000000000000000e+00 0.000000000000000e+00 0.000000000000000e+00
 0.000000000000000e+00 0.000000000000000e+00 0.000000000000000e+00 0.000000000000000e+00 0.000000000000000e+00 0.000000000000000e+00 0.000000000000000e+00 0.000000000000000e+00 0.000000000000000e+00 0.000000000000000e+00
 0.000000000000000e+00 0.000000000000000e+00 0.000000000000000e+00 0.000000000000000e+00 0.000000000000000e+00 0.000000000000000e+00 0.000000000000000e+00 0.000000000000000e+00 0.000000000000000e+00 0.000000000000000e+00
 0.000000000000000e+00 0.000000000000000e+00 0.000000000000000e+00 0.000000000000000e+00 0.000000000000000e+00 0.000000000000000e+00 0.000000000000000e+00 0.000000000000000e+00 0.000000000000000e+00 0.000000000000000e+00
 0.000000000000000e+00 0.000000000000000e+00 0.000000000000000e+00 0.000000000000000e+00 0.000000000000000e+00 0.000000000000000e+00 0.000000000000000e+00 0.000000000000000e+00 0.000000000000000e+00 0.000000000000000e+00
 0.000000000000000e+00 0.000000000000000e+00 0.000000000000000e+00 0.000000000000000e+00 0.000000000000000e+00 0.000000000000000e+00 0.000000000000000e+00 0.000000000000000e+00 0.000000000000000e+00 0.000000000000000e+00
 0.000000000000000e+00 0.000000000000000e+00 0.000000000000000e+00 0.000000000000000e+00 0.000000000000000e+00 0.000000000000000e+00 0.000000000000000e+00 0.000000000000000e+00 0.000000000000000e+00 0.000000000000000e+00
 0.000000000000000e+00 0.000000000000000e+00 0.000000000000000e+00 0.000000000000000e+00 0.000000000000000e+00 0.000000000000000e+00 0.000000000000000e+00 0.000000000000000e+00 0.000000000000000e+00 0.000000000000000e+00
 0.000000000000000e+00 0.000000000000000e+00 0.000000000000000e+00 0.000000000000000e+00 0.000000000000000e+00 0.000000000000000e+00 0.000000000000000e+00 0.000000000000000e+00 0.000000000000000e+00 0.000000000000000e+00
 0.000000000000000e+00 0.000000000000000e+00 0.000000000000000e+00 0.000000000000000e+00 0.000000000000000e+00 0.000000000000000e+00 0.000000000000000e+00 0.000000000000000e+00 0.000000000000000e+00 0.000000000000000e+00
 0.000000000000000e+00 0.000000000000000e+00 0.000000000000000e+00 0.000000000000000e+00 0.000000000000000e+00 0.000000000000000e+00 0.000000000000000e+00 0.000000000000000e+00 0.000000000000000e+00 0.000000000000000e+00
 0.000000000000000e+00 0.000000000000000e+00 0.000000000000000e+00 0.000000000000000e+00 0.000000000000000e+00 0.000000000000000e+00 0.000000000000000e+00 0.000000000000000e+00 0.000000000000000e+00 0.000000000000000e+00
 0.000000000000000e+00 0.000000000000000e+00 0.000000000000000e+00 0.000000000000000e+00 0.000000000000000e+00 0.000000000000000e+00 0.000000000000000e+00 0.000000000000000e+00 0.000000000000000e+00 0.000000000000000e+00
 0.000000000000000e+00 0.000000000000000e+00 0.000000000000000e+00 0.000000000000000e+00 0.000000000000000e+00 0.000000000000000e+00 0.000000000000000e+00 0.000000000000000e+00 0.000000000000000e+00 0.000000000000000e+00
 0.000000000000000e+00 0.000000000000000e+00 0.000000000000000e+00 0.000000000000000e+00 0.000000000000000e+00 0.000000000000000e+00 0.000000000000000e+00 0.000000000000000e+00 0.000000000000000e+00 0.000000000000000e+00
 0.000000000000000e+00 0.000000000000000e+00 0.000000000000000e+00 0.000000000000000e+00 0.000000000000000e+00 0.000000000000000e+00 0.000000000000000e+00 0.000000000000000e+00 0.000000000000000e+00 0.000000000000000e+00
 0.000000000000000e+00 0.000000000000000e+00 0.000000000000000e+00 0.000000000000000e+00 0.000000000000000e+00 0.000000000000000e+00 0.000000000000000e+00 0.000000000000000e+00 0.000000000000000e+00 0.000000000000000e+00
 0.000000000000000e+00 0.000000000000000e+00 0.000000000000000e+00 0.000000000000000e+00 0.000000000000000e+00 0.000000000000000e+00 0.000000000000000e+00 0.000000000000000e+00 0.000000000000000e+00 0.000000000000000e+00
 0.000000000000000e+00 0.000000000000000e+00 0.000000000000000e+00 0.000000000000000e+00 0.000000000000000e+00 0.000000000000000e+00 0.000000000000000e+00 0.000000000000000e+00 0.000000000000000e+00 0.000000000000000e+00
 0.000000000000000e+00 0.000000000000000e+00 0.000000000000000e+00 0.000000000000000e+00 0.000000000000000e+00 0.000000000000000e+00 0.000000000000000e+00 0.000000000000000e+00 0.000000000000000e+00 0.000000000000000e+00
 0.000000000000000e+00 0.000000000000000e+00 0.000000000000000e+00 0.000000000000000e+00 0.000000000000000e+00 0.000000000000000e+00 0.000000000000000e+00 0.000000000000000e+00 0.000000000000000e+00 0.000000000000000e+00
 0.000000000000000e+00 0.000000000000000e+00 0.000000000000000e+00 0.000000000000000e+00 0.000000000000000e+00 0.000000000000000e+00 0.000000000000000e+00 0.000000000000000e+00 0.000000000000000e+00 0.000000000000000e+00
 0.000000000000000e+00 0.000000000000000e+00 0.000000000000000e+00 0.000000000000000e+00 0.000000000000000e+00 0.000000000000000e+00 0.000000000000000e+00 0.000000000000000e+00 0.000000000000000e+00 0.000000000000000e+00
 0.000000000000000e+00 0.000000000000000e+00 0.000000000000000e+00 0.000000000000000e+00 0.000000000000000e+00 0.000000000000000e+00 0.000000000000000e+00 0.000000000000000e+00 0.000000000000000e+00 0.000000000000000e+00
 0.000000000000000e+00 0.000000000000000e+00 0.000000000000000e+00 0.000000000000000e+00 0.000000000000000e+00 0.000000000000000e+00 0.000000000000000e+00 0.000000000000000e+00 0.000000000000000e+00 0.000000000000000e+00
 0.000000000000000e+00 0.000000000000000e+00 0.000000000000000e+00 0.000000000000000e+00 0.000000000000000e+00 0.000000000000000e+00 0.000000000000000e+00 0.000000000000000e+00 0.000000000000000e+00 0.000000000000000e+00
 0.000000000000000e+00 0.000000000000000e+00 0.000000000000000e+00 0.000000000000000e+00 0.000000000000000e+00 0.000000000000000e+00 0.000000000000000e+00 0.000000000000000e+00 0.000000000000000e+00 0.000000000000000e+00
 0.000000000000000e+00 0.000000000000000e+00 0.000000000000000e+00 0.000000000000000e+00 0.000000000000000e+00 0.000000000000000e+00 0.000000000000000e+00 0.000000000000000e+00 0.000000000000000e+00 0.000000000000000e+00
 0.000000000000000e+00 0.000000000000000e+00 0.000000000000000e+00 0.000000000000000e+00 0.000000000000000e+00 0.000000000000000e+00 0.000000000000000e+00 0.000000000000000e+00 0.000000000000000e+00 0.000000000000000e+00
 0.000000000000000e+00 0.000000000000000e+00 0.000000000000000e+00 0.000000000000000e+00 0.000000000000000e+00 0.000000000000000e+00 0.000000000000000e+00 0.000000000000000e+00 0.000000000000000e+00 0.000000000000000e+00
 0.000000000000000e+00 0.000000000000000e+00 0.000000000000000e+00 0.000000000000000e+00 0.000000000000000e+00 0.000000000000000e+00 0.000000000000000e+00 0.000000000000000e+00 0.000000000000000e+00 0.000000000000000e+00
 0.000000000000000e+00 0.000000000000000e+00 0.000000000000000e+00 0.000000000000000e+00 0.000000000000000e+00 0.000000000000000e+00 0.000000000000000e+00 0.000000000000000e+00 0.000000000000000e+00 0.000000000000000e+00
 0.000000000000000e+00 0.000000000000000e+00 0.000000000000000e+00 0.000000000000000e+00 0.000000000000000e+00 0.000000000000000e+00 0.000000000000000e+00 0.000000000000000e+00 0.000000000000000e+00 0.000000000000000e+00
 0.000000000000000e+00 0.000000000000000e+00 0.000000000000000e+00 0.000000000000000e+00 0.000000000000000e+00 0.000000000000000e+00 0.000000000000000e+00 0.000000000000000e+00 0.000000000000000e+00 0.000000000000000e+00
 0.000000000000000e+00 0.000000000000000e+00 0.000000000000000e+00 0.000000000000000e+00 0.000000000000000e+00 0.000000000000000e+00 0.000000000000000e+00 0.000000000000000e+00 0.000000000000000e+00 0.000000000000000e+00
 0.000000000000000e+00 0.000000000000000e+00 0.000000000000000e+00 0.000000000000000e+00 0.000000000000000e+00 0.000000000000000e+00 0.000000000000000e+00 0.000000000000000e+00 0.000000000000000e+00 0.000000000000000e+00
 0.000000000000000e+00 0.000000000000000e+00 0.000000000000000e+00 0.000000000000000e+00 0.000000000000000e+00 0.000000000000000e+00 0.000000000000000e+00 0.000000000000000e+00 0.000000000000000e+00 0.000000000000000e+00
 0.000000000000000e+00 0.000000000000000e+00 0.000000000000000e+00 0.000000000000000e+00 0.000000000000000e+00 0.000000000000000e+00 0.000000000000000e+00 0.000000000000000e+00 0.000000000000000e+00 0.000000000000000e+00
 0.000000000000000e+00 0.000000000000000e+00 0.000000000000000e+00 0.000000000000000e+00 0.000000000000000e+00 0.000000000000000e+00 0.000000000000000e+00 0.000000000000000e+00 0.000000000000000e+00 0.000000000000000e+00
 0.000000000000000e+00 0.000000000000000e+00 0.000000000000000e+00 0.000000000000000e+00 0.000000000000000e+00 0.000000000000000e+00 0.000000000000000e+00 0.000000000000000e+00 0.000000000000000e+00 0.000000000000000e+00
 0.000000000000000e+00 0.000000000000000e+00 0.000000000000000e+00 0.000000000000000e+00 0.000000000000000e+00 0.000000000000000e+00 0.000000000000000e+00 0.000000000000000e+00 0.000000000000000e+00 0.000000000000000e+00
 0.000000000000000e+00 0.000000000000000e+00 0.000000000000000e+00 0.000000000000000e+00 0.000000000000000e+00 0.000000000000000e+00 0.000000000000000e+00 0.000000000000000e+00 0.000000000000000e+00 0.000000000000000e+00
 0.000000000000000e+00 0.000000000000000e+00 0.000000000000000e+00 0.000000000000000e+00 0.000000000000000e+00 0.000000000000000e+00 0.000000000000000e+00 0.000000000000000e+00 0.000000000000000e+00 0.000000000000000e+00
 0.000000000000000e+00 0.000000000000000e+00 1.000000000000005e+19 0.000000000000000e+00 1.000000000000005e+19 0.000000000000000e+00 0.000000000000000e+00 0.000000000000000e+00 0.000000000000000e+00 0.000000000000000e+00
 0.000000000000000e+00 0.000000000000000e+00 0.000000000000000e+00 0.000000000000000e+00 0.000000000000000e+00 0.000000000000000e+00 0.000000000000000e+00 0.000000000000000e+00 0.000000000000000e+00 0.000000000000000e+00
 0.000000000000000e+00 0.000000000000000e+00 0.000000000000000e+00 0.000000000000000e+00 0.000000000000000e+00 0.000000000000000e+00 0.000000000000000e+00 0.000000000000000e+00 0.000000000000000e+00 0.000000000000000e+00
 0.000000000000000e+00 0.000000000000000e+00 0.000000000000000e+00 0.000000000000000e+00 0.000000000000000e+00 0.000000000000000e+00 0.000000000000000e+00 0.000000000000000e+00 0.000000000000000e+00 0.000000000000000e+00
 0.000000000000000e+00 0.000000000000000e+00 0.000000000000000e+00 0.000000000000000e+00 0.000000000000000e+00 0.000000000000000e+00 0.000000000000000e+00 0.000000000000000e+00 0.000000000000000e+00 0.000000000000000e+00
 0.000000000000000e+00 0.000000000000000e+00 0.000000000000000e+00 0.000000000000000e+00 0.000000000000000e+00 0.000000000000000e+00 0.000000000000000e+00 0.000000000000000e+00 0.000000000000000e+00 0.000000000000000e+00
 0.000000000000000e+00 0.000000000000000e+00 0.000000000000000e+00 0.000000000000000e+00 0.000000000000000e+00 0.000000000000000e+00 0.000000000000000e+00 0.000000000000000e+00 0.000000000000000e+00 0.000000000000000e+00
 0.000000000000000e+00 0.000000000000000e+00 1.000000000000005e+19 0.000000000000000e+00 1.000000000000005e+19 0.000000000000000e+00 0.000000000000000e+00 0.000000000000000e+00 0.000000000000000e+00 0.000000000000000e+00
 0.000000000000000e+00 0.000000000000000e+00 0.000000000000000e+00 0.000000000000000e+00 0.000000000000000e+00 0.000000000000000e+00 0.000000000000000e+00 0.000000000000000e+00 0.000000000000000e+00 0.000000000000000e+00
 0.000000000000000e+00 0.000000000000000e+00 0.000000000000000e+00 0.000000000000000e+00 0.000000000000000e+00 0.000000000000000e+00 0.000000000000000e+00 0.000000000000000e+00 0.000000000000000e+00 0.000000000000000e+00
 0.000000000000000e+00 0.000000000000000e+00 0.000000000000000e+00 0.000000000000000e+00 0.000000000000000e+00 0.000000000000000e+00 0.000000000000000e+00 0.000000000000000e+00 0.000000000000000e+00 0.000000000000000e+00
 0.000000000000000e+00 0.000000000000000e+00 0.000000000000000e+00 0.000000000000000e+00 0.000000000000000e+00 0.000000000000000e+00 0.000000000000000e+00 0.000000000000000e+00 0.000000000000000e+00 0.000000000000000e+00
 0.000000000000000e+00 0.000000000000000e+00 0.000000000000000e+00 0.000000000000000e+00 0.000000000000000e+00 0.000000000000000e+00 0.000000000000000e+00 0.000000000000000e+00 0.000000000000000e+00 0.000000000000000e+00
 0.000000000000000e+00 0.000000000000000e+00 0.000000000000000e+00 0.000000000000000e+00 0.000000000000000e+00 0.000000000000000e+00 0.000000000000000e+00 0.000000000000000e+00 0.000000000000000e+00 0.000000000000000e+00
 0.000000000000000e+00 0.000000000000000e+00 1.000000000000005e+19 0.000000000000000e+00 1.000000000000005e+19 0.000000000000000e+00 0.000000000000000e+00 0.000000000000000e+00 0.000000000000000e+00 0.000000000000000e+00
 0.000000000000000e+00 0.000000000000000e+00 0.000000000000000e+00 0.000000000000000e+00 0.000000000000000e+00 0.000000000000000e+00 0.000000000000000e+00 0.000000000000000e+00 0.000000000000000e+00 0.000000000000000e+00
 0.000000000000000e+00 0.000000000000000e+00 0.000000000000000e+00 0.000000000000000e+00 0.000000000000000e+00 0.000000000000000e+00 0.000000000000000e+00 0.000000000000000e+00 0.000000000000000e+00 0.000000000000000e+00
 0.000000000000000e+00 0.000000000000000e+00 0.000000000000000e+00 0.000000000000000e+00 0.000000000000000e+00 0.000000000000000e+00 0.000000000000000e+00 0.000000000000000e+00 0.000000000000000e+00 0.000000000000000e+00
 0.000000000000000e+00 0.000000000000000e+00 0.000000000000000e+00 0.000000000000000e+00 0.000000000000000e+00 0.000000000000000e+00 0.000000000000000e+00 0.000000000000000e+00 0.000000000000000e+00 0.000000000000000e+00
 0.000000000000000e+00 0.000000000000000e+00 0.000000000000000e+00 0.000000000000000e+00 0.000000000000000e+00 0.000000000000000e+00 0.000000000000000e+00 0.000000000000000e+00 0.000000000000000e+00 0.000000000000000e+00
 0.000000000000000e+00 0.000000000000000e+00 0.000000000000000e+00 0.000000000000000e+00 0.000000000000000e+00 0.000000000000000e+00 0.000000000000000e+00 0.000000000000000e+00 0.000000000000000e+00 0.000000000000000e+00
 0.000000000000000e+00 0.000000000000000e+00 1.000000000000005e+19 0.000000000000000e+00 1.000000000000005e+19 0.000000000000000e+00 0.000000000000000e+00 0.000000000000000e+00 0.000000000000000e+00 0.000000000000000e+00
 0.000000000000000e+00 0.000000000000000e+00 0.000000000000000e+00 0.000000000000000e+00 0.000000000000000e+00 0.000000000000000e+00 0.000000000000000e+00 0.000000000000000e+00 0.000000000000000e+00 0.000000000000000e+00
 0.000000000000000e+00 0.000000000000000e+00 0.000000000000000e+00 0.000000000000000e+00 0.000000000000000e+00 0.000000000000000e+00 0.000000000000000e+00 0.000000000000000e+00 0.000000000000000e+00 0.000000000000000e+00
 0.000000000000000e+00 0.000000000000000e+00 0.000000000000000e+00 0.000000000000000e+00 0.000000000000000e+00 0.000000000000000e+00 0.000000000000000e+00 0.000000000000000e+00 0.000000000000000e+00 0.000000000000000e+00
 0.000000000000000e+00 0.000000000000000e+00 0.000000000000000e+00 0.000000000000000e+00 0.000000000000000e+00 0.000000000000000e+00 0.000000000000000e+00 0.000000000000000e+00 0.000000000000000e+00 0.000000000000000e+00
 0.000000000000000e+00 0.000000000000000e+00 0.000000000000000e+00 0.000000000000000e+00 0.000000000000000e+00 0.000000000000000e+00 0.000000000000000e+00 0.000000000000000e+00 0.000000000000000e+00 0.000000000000000e+00
 0.000000000000000e+00 0.000000000000000e+00 0.000000000000000e+00 0.000000000000000e+00 0.000000000000000e+00 0.000000000000000e+00 0.000000000000000e+00 0.000000000000000e+00 0.000000000000000e+00 0.000000000000000e+00
 0.000000000000000e+00 0.000000000000000e+00 1.000000000000005e+19 0.000000000000000e+00 1.000000000000005e+19 0.000000000000000e+00 0.000000000000000e+00 0.000000000000000e+00 0.000000000000000e+00 0.000000000000000e+00
 0.000000000000000e+00 0.000000000000000e+00 0.000000000000000e+00 0.000000000000000e+00 0.000000000000000e+00 0.000000000000000e+00 0.000000000000000e+00 0.000000000000000e+00 0.000000000000000e+00 0.000000000000000e+00
 0.000000000000000e+00 0.000000000000000e+00 0.000000000000000e+00 0.000000000000000e+00 0.000000000000000e+00 0.000000000000000e+00 0.000000000000000e+00 0.000000000000000e+00 0.000000000000000e+00 0.000000000000000e+00
 0.000000000000000e+00 0.000000000000000e+00 0.000000000000000e+00 0.000000000000000e+00 0.000000000000000e+00 0.000000000000000e+00 0.000000000000000e+00 0.000000000000000e+00 0.000000000000000e+00 0.000000000000000e+00
 0.000000000000000e+00 0.000000000000000e+00 0.000000000000000e+00 0.000000000000000e+00 0.000000000000000e+00 0.000000000000000e+00 0.000000000000000e+00 0.000000000000000e+00 0.000000000000000e+00 0.000000000000000e+00
 0.000000000000000e+00 0.000000000000000e+00 0.000000000000000e+00 0.000000000000000e+00 0.000000000000000e+00 0.000000000000000e+00 0.000000000000000e+00 0.000000000000000e+00 0.000000000000000e+00 0.000000000000000e+00
 0.000000000000000e+00 0.000000000000000e+00 0.000000000000000e+00 0.000000000000000e+00 0.000000000000000e+00 0.000000000000000e+00 0.000000000000000e+00 0.000000000000000e+00 0.000000000000000e+00 0.000000000000000e+00
 0.000000000000000e+00 0.000000000000000e+00 1.000000000000005e+19 0.000000000000000e+00 1.000000000000005e+19 0.000000000000000e+00 0.000000000000000e+00 0.000000000000000e+00 0.000000000000000e+00 0.000000000000000e+00
 0.000000000000000e+00 0.000000000000000e+00 0.000000000000000e+00 0.000000000000000e+00 0.000000000000000e+00 0.000000000000000e+00 0.000000000000000e+00 0.000000000000000e+00 0.000000000000000e+00 0.000000000000000e+00
 0.000000000000000e+00 0.000000000000000e+00 0.000000000000000e+00 0.000000000000000e+00 0.000000000000000e+00 0.000000000000000e+00 0.000000000000000e+00 0.000000000000000e+00 0.000000000000000e+00 0.000000000000000e+00
 0.000000000000000e+00 0.000000000000000e+00 0.000000000000000e+00 0.000000000000000e+00 0.000000000000000e+00 0.000000000000000e+00 0.000000000000000e+00 0.000000000000000e+00 0.000000000000000e+00 0.000000000000000e+00
 0.000000000000000e+00 0.000000000000000e+00 0.000000000000000e+00 0.000000000000000e+00 0.000000000000000e+00 0.000000000000000e+00 0.000000000000000e+00 0.000000000000000e+00 0.000000000000000e+00 0.000000000000000e+00
 0.000000000000000e+00 0.000000000000000e+00 0.000000000000000e+00 0.000000000000000e+00 0.000000000000000e+00 0.000000000000000e+00 0.000000000000000e+00 0.000000000000000e+00 0.000000000000000e+00 0.000000000000000e+00
 0.000000000000000e+00 0.000000000000000e+00 0.000000000000000e+00 0.000000000000000e+00 0.000000000000000e+00 0.000000000000000e+00 0.000000000000000e+00 0.000000000000000e+00 0.000000000000000e+00 0.000000000000000e+00
 0.000000000000000e+00 0.000000000000000e+00 1.000000000000005e+19 0.000000000000000e+00 1.000000000000005e+19 0.000000000000000e+00 0.000000000000000e+00 0.000000000000000e+00 0.000000000000000e+00 0.000000000000000e+00
 0.000000000000000e+00 0.000000000000000e+00 0.000000000000000e+00 0.000000000000000e+00 0.000000000000000e+00 0.000000000000000e+00 0.000000000000000e+00 0.000000000000000e+00 0.000000000000000e+00 0.000000000000000e+00
 0.000000000000000e+00 0.000000000000000e+00 0.000000000000000e+00 0.000000000000000e+00 0.000000000000000e+00 0.000000000000000e+00 0.000000000000000e+00 0.000000000000000e+00 0.000000000000000e+00 0.000000000000000e+00
 0.000000000000000e+00 0.000000000000000e+00 0.000000000000000e+00 0.000000000000000e+00 0.000000000000000e+00 0.000000000000000e+00 0.000000000000000e+00 0.000000000000000e+00 0.000000000000000e+00 0.000000000000000e+00
 0.000000000000000e+00 0.000000000000000e+00 0.000000000000000e+00 0.000000000000000e+00 0.000000000000000e+00 0.000000000000000e+00 0.000000000000000e+00 0.000000000000000e+00 0.000000000000000e+00 0.000000000000000e+00
 0.000000000000000e+00 0.000000000000000e+00 0.000000000000000e+00 0.000000000000000e+00 0.000000000000000e+00 0.000000000000000e+00 0.000000000000000e+00 0.000000000000000e+00 0.000000000000000e+00 0.000000000000000e+00
 0.000000000000000e+00 0.000000000000000e+00 0.000000000000000e+00 0.000000000000000e+00 0.000000000000000e+00 0.000000000000000e+00 0.000000000000000e+00 0.000000000000000e+00 0.000000000000000e+00 0.000000000000000e+00
 0.000000000000000e+00 0.000000000000000e+00 1.000000000000005e+19 0.000000000000000e+00 1.000000000000005e+19 0.000000000000000e+00 0.000000000000000e+00 0.000000000000000e+00 0.000000000000000e+00 0.000000000000000e+00
 0.000000000000000e+00 0.000000000000000e+00 0.000000000000000e+00 0.000000000000000e+00 0.000000000000000e+00 0.000000000000000e+00 0.000000000000000e+00 0.000000000000000e+00 0.000000000000000e+00 0.000000000000000e+00
 0.000000000000000e+00 0.000000000000000e+00 0.000000000000000e+00 0.000000000000000e+00 0.000000000000000e+00 0.000000000000000e+00 0.000000000000000e+00 0.000000000000000e+00 0.000000000000000e+00 0.000000000000000e+00
 0.000000000000000e+00 0.000000000000000e+00 0.000000000000000e+00 0.000000000000000e+00 0.000000000000000e+00 0.000000000000000e+00 0.000000000000000e+00 0.000000000000000e+00 0.000000000000000e+00 0.000000000000000e+00
 0.000000000000000e+00 0.000000000000000e+00 0.000000000000000e+00 0.000000000000000e+00 0.000000000000000e+00 0.000000000000000e+00 0.000000000000000e+00 0.000000000000000e+00 0.000000000000000e+00 0.000000000000000e+00
 0.000000000000000e+00 0.000000000000000e+00 0.000000000000000e+00 0.000000000000000e+00 0.000000000000000e+00 0.000000000000000e+00 0.000000000000000e+00 0.000000000000000e+00 0.000000000000000e+00 0.000000000000000e+00
 0.000000000000000e+00 0.000000000000000e+00 0.000000000000000e+00 0.000000000000000e+00 0.000000000000000e+00 0.000000000000000e+00 0.000000000000000e+00 0.000000000000000e+00 0.000000000000000e+00 0.000000000000000e+00
 0.000000000000000e+00 0.000000000000000e+00 0.000000000000000e+00 0.000000000000000e+00 0.000000000000000e+00 0.000000000000000e+00 0.000000000000000e+00 0.000000000000000e+00 0.000000000000000e+00 0.000000000000000e+00
 0.000000000000000e+00 0.000000000000000e+00 0.000000000000000e+00 0.000000000000000e+00 0.000000000000000e+00 0.000000000000000e+00 0.000000000000000e+00 0.000000000000000e+00 0.000000000000000e+00 0.000000000000000e+00
 0.000000000000000e+00 0.000000000000000e+00 0.000000000000000e+00 0.000000000000000e+00 0.000000000000000e+00 0.000000000000000e+00 0.000000000000000e+00 0.000000000000000e+00 0.000000000000000e+00 0.000000000000000e+00
 0.000000000000000e+00 0.000000000000000e+00 0.000000000000000e+00 0.000000000000000e+00 0.000000000000000e+00 0.000000000000000e+00 0.000000000000000e+00 0.000000000000000e+00 0.000000000000000e+00 0.000000000000000e+00
 0.000000000000000e+00 0.000000000000000e+00 0.000000000000000e+00 0.000000000000000e+00 0.000000000000000e+00 0.000000000000000e+00 0.000000000000000e+00 0.000000000000000e+00 0.000000000000000e+00 0.000000000000000e+00
 0.000000000000000e+00 0.000000000000000e+00 0.000000000000000e+00 0.000000000000000e+00 0.000000000000000e+00 0.000000000000000e+00 0.000000000000000e+00 0.000000000000000e+00 0.000000000000000e+00 0.000000000000000e+00
 0.000000000000000e+00 0.000000000000000e+00 0.000000000000000e+00 0.000000000000000e+00 0.000000000000000e+00 0.000000000000000e+00 0.000000000000000e+00 0.000000000000000e+00 0.000000000000000e+00 0.000000000000000e+00
 0.000000000000000e+00 0.000000000000000e+00 0.000000000000000e+00 0.000000000000000e+00 0.000000000000000e+00 0.000000000000000e+00 0.000000000000000e+00 0.000000000000000e+00 0.000000000000000e+00 0.000000000000000e+00
 0.000000000000000e+00 0.000000000000000e+00 0.000000000000000e+00 0.000000000000000e+00 0.000000000000000e+00 0.000000000000000e+00 0.000000000000000e+00 0.000000000000000e+00 0.000000000000000e+00 0.000000000000000e+00
 0.000000000000000e+00 0.000000000000000e+00 0.000000000000000e+00 0.000000000000000e+00 0.000000000000000e+00 0.000000000000000e+00 0.000000000000000e+00 0.000000000000000e+00 0.000000000000000e+00 0.000000000000000e+00
 0.000000000000000e+00 0.000000000000000e+00 0.000000000000000e+00 0.000000000000000e+00 0.000000000000000e+00 0.000000000000000e+00 0.000000000000000e+00 0.000000000000000e+00 0.000000000000000e+00 0.000000000000000e+00
 0.000000000000000e+00 0.000000000000000e+00 0.000000000000000e+00 0.000000000000000e+00 0.000000000000000e+00 0.000000000000000e+00 0.000000000000000e+00 0.000000000000000e+00 0.000000000000000e+00 0.000000000000000e+00
 0.000000000000000e+00 0.000000000000000e+00 0.000000000000000e+00 0.000000000000000e+00 0.000000000000000e+00 0.000000000000000e+00 0.000000000000000e+00 0.000000000000000e+00 0.000000000000000e+00 0.000000000000000e+00
 0.000000000000000e+00 0.000000000000000e+00 0.000000000000000e+00 0.000000000000000e+00 0.000000000000000e+00 0.000000000000000e+00 0.000000000000000e+00 0.000000000000000e+00 0.000000000000000e+00 0.000000000000000e+00
 0.000000000000000e+00 0.000000000000000e+00 0.000000000000000e+00 0.000000000000000e+00 0.000000000000000e+00 0.000000000000000e+00 0.000000000000000e+00 0.000000000000000e+00 0.000000000000000e+00 0.000000000000000e+00
 0.000000000000000e+00 0.000000000000000e+00 0.000000000000000e+00 0.000000000000000e+00 0.000000000000000e+00 0.000000000000000e+00 0.000000000000000e+00 0.000000000000000e+00 0.000000000000000e+00 0.000000000000000e+00
 0.000000000000000e+00 0.000000000000000e+00 0.000000000000000e+00 0.000000000000000e+00 0.000000000000000e+00 0.000000000000000e+00 0.000000000000000e+00 0.000000000000000e+00 0.000000000000000e+00 0.000000000000000e+00
 0.000000000000000e+00 0.000000000000000e+00 0.000000000000000e+00 0.000000000000000e+00 0.000000000000000e+00 0.000000000000000e+00 0.000000000000000e+00 0.000000000000000e+00 0.000000000000000e+00 0.000000000000000e+00
 0.000000000000000e+00 0.000000000000000e+00 0.000000000000000e+00 0.000000000000000e+00 0.000000000000000e+00 0.000000000000000e+00 0.000000000000000e+00 0.000000000000000e+00 0.000000000000000e+00 0.000000000000000e+00
 0.000000000000000e+00 0.000000000000000e+00 0.000000000000000e+00 0.000000000000000e+00 0.000000000000000e+00 0.000000000000000e+00 0.000000000000000e+00 0.000000000000000e+00 0.000000000000000e+00 0.000000000000000e+00
 0.000000000000000e+00 0.000000000000000e+00 0.000000000000000e+00 0.000000000000000e+00 0.000000000000000e+00 0.000000000000000e+00 0.000000000000000e+00 0.000000000000000e+00 0.000000000000000e+00 0.000000000000000e+00
 0.000000000000000e+00 0.000000000000000e+00 0.000000000000000e+00 0.000000000000000e+00 0.000000000000000e+00 0.000000000000000e+00 0.000000000000000e+00 0.000000000000000e+00 0.000000000000000e+00 0.000000000000000e+00
 0.000000000000000e+00 0.000000000000000e+00 0.000000000000000e+00 0.000000000000000e+00 0.000000000000000e+00 0.000000000000000e+00 0.000000000000000e+00 0.000000000000000e+00 0.000000000000000e+00 0.000000000000000e+00
 0.000000000000000e+00 0.000000000000000e+00 0.000000000000000e+00 0.000000000000000e+00 0.000000000000000e+00 0.000000000000000e+00 0.000000000000000e+00 0.000000000000000e+00 0.000000000000000e+00 0.000000000000000e+00
 0.000000000000000e+00 0.000000000000000e+00 0.000000000000000e+00 0.000000000000000e+00 0.000000000000000e+00 0.000000000000000e+00 0.000000000000000e+00 0.000000000000000e+00 0.000000000000000e+00 0.000000000000000e+00
 0.000000000000000e+00 0.000000000000000e+00 0.000000000000000e+00 0.000000000000000e+00 0.000000000000000e+00 0.000000000000000e+00 0.000000000000000e+00 0.000000000000000e+00 0.000000000000000e+00 0.000000000000000e+00
 0.000000000000000e+00 0.000000000000000e+00 0.000000000000000e+00 0.000000000000000e+00 0.000000000000000e+00 0.000000000000000e+00 0.000000000000000e+00 0.000000000000000e+00 0.000000000000000e+00 0.000000000000000e+00
 0.000000000000000e+00 0.000000000000000e+00 0.000000000000000e+00 0.000000000000000e+00 0.000000000000000e+00 0.000000000000000e+00 0.000000000000000e+00 0.000000000000000e+00 0.000000000000000e+00 0.000000000000000e+00
 0.000000000000000e+00 0.000000000000000e+00 0.000000000000000e+00 0.000000000000000e+00 0.000000000000000e+00 0.000000000000000e+00 0.000000000000000e+00 0.000000000000000e+00 0.000000000000000e+00 0.000000000000000e+00
 0.000000000000000e+00 0.000000000000000e+00 0.000000000000000e+00 0.000000000000000e+00 0.000000000000000e+00 0.000000000000000e+00 0.000000000000000e+00 0.000000000000000e+00 0.000000000000000e+00 0.000000000000000e+00
 0.000000000000000e+00 0.000000000000000e+00 0.000000000000000e+00 0.000000000000000e+00 0.000000000000000e+00 0.000000000000000e+00 0.000000000000000e+00 0.000000000000000e+00 0.000000000000000e+00 0.000000000000000e+00
 0.000000000000000e+00 0.000000000000000e+00 0.000000000000000e+00 0.000000000000000e+00 0.000000000000000e+00 0.000000000000000e+00 0.000000000000000e+00 0.000000000000000e+00 0.000000000000000e+00 0.000000000000000e+00
 0.000000000000000e+00 0.000000000000000e+00 0.000000000000000e+00 0.000000000000000e+00 0.000000000000000e+00 0.000000000000000e+00 0.000000000000000e+00 0.000000000000000e+00 0.000000000000000e+00 0.000000000000000e+00
 0.000000000000000e+00 0.000000000000000e+00 0.000000000000000e+00 0.000000000000000e+00 0.000000000000000e+00 0.000000000000000e+00 0.000000000000000e+00 0.000000000000000e+00 0.000000000000000e+00 0.000000000000000e+00
 0.000000000000000e+00 0.000000000000000e+00 0.000000000000000e+00 0.000000000000000e+00 0.000000000000000e+00 0.000000000000000e+00 0.000000000000000e+00 0.000000000000000e+00 0.000000000000000e+00 0.000000000000000e+00
 0.000000000000000e+00 0.000000000000000e+00 0.000000000000000e+00 0.000000000000000e+00 0.000000000000000e+00 0.000000000000000e+00 0.000000000000000e+00 0.000000000000000e+00 0.000000000000000e+00 0.000000000000000e+00
 0.000000000000000e+00 0.000000000000000e+00 0.000000000000000e+00 0.000000000000000e+00 0.000000000000000e+00 0.000000000000000e+00 0.000000000000000e+00 0.000000000000000e+00 0.000000000000000e+00 0.000000000000000e+00
 0.000000000000000e+00 0.000000000000000e+00 0.000000000000000e+00 0.000000000000000e+00 0.000000000000000e+00 0.000000000000000e+00 0.000000000000000e+00 0.000000000000000e+00 0.000000000000000e+00 0.000000000000000e+00
 0.000000000000000e+00 0.000000000000000e+00 0.000000000000000e+00 0.000000000000000e+00 0.000000000000000e+00 0.000000000000000e+00 0.000000000000000e+00 0.000000000000000e+00 0.000000000000000e+00 0.000000000000000e+00
 0.000000000000000e+00 0.000000000000000e+00 0.000000000000000e+00 0.000000000000000e+00 0.000000000000000e+00 0.000000000000000e+00 0.000000000000000e+00 0.000000000000000e+00 0.000000000000000e+00 0.000000000000000e+00
 0.000000000000000e+00 0.000000000000000e+00 0.000000000000000e+00 0.000000000000000e+00 0.000000000000000e+00 0.000000000000000e+00 0.000000000000000e+00 0.000000000000000e+00 0.000000000000000e+00 0.000000000000000e+00
 0.000000000000000e+00 0.000000000000000e+00 0.000000000000000e+00 0.000000000000000e+00 0.000000000000000e+00 0.000000000000000e+00 0.000000000000000e+00 0.000000000000000e+00 0.000000000000000e+00 0.000000000000000e+00
 0.000000000000000e+00 0.000000000000000e+00 0.000000000000000e+00 0.000000000000000e+00 0.000000000000000e+00 0.000000000000000e+00 0.000000000000000e+00 0.000000000000000e+00 0.000000000000000e+00 0.000000000000000e+00
 0.000000000000000e+00 0.000000000000000e+00 0.000000000000000e+00 0.000000000000000e+00 0.000000000000000e+00 0.000000000000000e+00 0.000000000000000e+00 0.000000000000000e+00 0.000000000000000e+00 0.000000000000000e+00
 0.000000000000000e+00 0.000000000000000e+00 0.000000000000000e+00 0.000000000000000e+00 0.000000000000000e+00 0.000000000000000e+00 0.000000000000000e+00 0.000000000000000e+00 0.000000000000000e+00 0.000000000000000e+00
 0.000000000000000e+00 0.000000000000000e+00 0.000000000000000e+00 0.000000000000000e+00 0.000000000000000e+00 0.000000000000000e+00 0.000000000000000e+00 0.000000000000000e+00 0.000000000000000e+00 0.000000000000000e+00
 0.000000000000000e+00 0.000000000000000e+00 0.000000000000000e+00 0.000000000000000e+00 0.000000000000000e+00 0.000000000000000e+00 0.000000000000000e+00 0.000000000000000e+00 0.000000000000000e+00 0.000000000000000e+00
 0.000000000000000e+00 0.000000000000000e+00 0.000000000000000e+00 0.000000000000000e+00 0.000000000000000e+00 0.000000000000000e+00 0.000000000000000e+00 0.000000000000000e+00 0.000000000000000e+00 0.000000000000000e+00
 0.000000000000000e+00 0.000000000000000e+00 0.000000000000000e+00 0.000000000000000e+00 0.000000000000000e+00 0.000000000000000e+00 0.000000000000000e+00 0.000000000000000e+00 0.000000000000000e+00 0.000000000000000e+00
 0.000000000000000e+00 0.000000000000000e+00 0.000000000000000e+00 0.000000000000000e+00 0.000000000000000e+00 0.000000000000000e+00 0.000000000000000e+00 0.000000000000000e+00 0.000000000000000e+00 0.000000000000000e+00
 0.000000000000000e+00 0.000000000000000e+00 0.000000000000000e+00 0.000000000000000e+00 0.000000000000000e+00 0.000000000000000e+00 0.000000000000000e+00 0.000000000000000e+00 0.000000000000000e+00 0.000000000000000e+00
 0.000000000000000e+00 0.000000000000000e+00 0.000000000000000e+00 0.000000000000000e+00 0.000000000000000e+00 0.000000000000000e+00 0.000000000000000e+00 0.000000000000000e+00 0.000000000000000e+00 0.000000000000000e+00
 0.000000000000000e+00 0.000000000000000e+00 0.000000000000000e+00 0.000000000000000e+00 0.000000000000000e+00 0.000000000000000e+00 0.000000000000000e+00 0.000000000000000e+00 0.000000000000000e+00 0.000000000000000e+00
 1.000000000000005e+19 0.000000000000000e+00 1.000000000000005e+19 0.000000000000000e+00 0.000000000000000e+00 0.000000000000000e+00 0.000000000000000e+00 0.000000000000000e+00 0.000000000000000e+00 0.000000000000000e+00
 0.000000000000000e+00 0.000000000000000e+00 0.000000000000000e+00 0.000000000000000e+00 0.000000000000000e+00 0.000000000000000e+00 0.000000000000000e+00 0.000000000000000e+00 0.000000000000000e+00 0.000000000000000e+00
 0.000000000000000e+00 0.000000000000000e+00 0.000000000000000e+00 0.000000000000000e+00 0.000000000000000e+00 0.000000000000000e+00 0.000000000000000e+00 0.000000000000000e+00 0.000000000000000e+00 0.000000000000000e+00
 0.000000000000000e+00 0.000000000000000e+00 0.000000000000000e+00 0.000000000000000e+00 0.000000000000000e+00 0.000000000000000e+00 0.000000000000000e+00 0.000000000000000e+00 0.000000000000000e+00 0.000000000000000e+00
 0.000000000000000e+00 0.000000000000000e+00 0.000000000000000e+00 0.000000000000000e+00 0.000000000000000e+00 0.000000000000000e+00 0.000000000000000e+00 0.000000000000000e+00 0.000000000000000e+00 0.000000000000000e+00
 0.000000000000000e+00 0.000000000000000e+00 0.000000000000000e+00 0.000000000000000e+00 0.000000000000000e+00 0.000000000000000e+00 0.000000000000000e+00 0.000000000000000e+00 0.000000000000000e+00 0.000000000000000e+00
 0.000000000000000e+00 0.000000000000000e+00 0.000000000000000e+00 0.000000000000000e+00 0.000000000000000e+00 0.000000000000000e+00 0.000000000000000e+00 0.000000000000000e+00 0.000000000000000e+00 0.000000000000000e+00
 1.000000000000005e+19 0.000000000000000e+00 1.000000000000005e+19 0.000000000000000e+00 0.000000000000000e+00 0.000000000000000e+00 0.000000000000000e+00 0.000000000000000e+00 0.000000000000000e+00 0.000000000000000e+00
 0.000000000000000e+00 0.000000000000000e+00 0.000000000000000e+00 0.000000000000000e+00 0.000000000000000e+00 0.000000000000000e+00 0.000000000000000e+00 0.000000000000000e+00 0.000000000000000e+00 0.000000000000000e+00
 0.000000000000000e+00 0.000000000000000e+00 0.000000000000000e+00 0.000000000000000e+00 0.000000000000000e+00 0.000000000000000e+00 0.000000000000000e+00 0.000000000000000e+00 0.000000000000000e+00 0.000000000000000e+00
 0.000000000000000e+00 0.000000000000000e+00 0.000000000000000e+00 0.000000000000000e+00 0.000000000000000e+00 0.000000000000000e+00 0.000000000000000e+00 0.000000000000000e+00 0.000000000000000e+00 0.000000000000000e+00
 0.000000000000000e+00 0.000000000000000e+00 0.000000000000000e+00 0.000000000000000e+00 0.000000000000000e+00 0.000000000000000e+00 0.000000000000000e+00 0.000000000000000e+00 0.000000000000000e+00 0.000000000000000e+00
 0.000000000000000e+00 0.000000000000000e+00 0.000000000000000e+00 0.000000000000000e+00 0.000000000000000e+00 0.000000000000000e+00 0.000000000000000e+00 0.000000000000000e+00 0.000000000000000e+00 0.000000000000000e+00
 0.000000000000000e+00 0.000000000000000e+00 0.000000000000000e+00 0.000000000000000e+00 0.000000000000000e+00 0.000000000000000e+00 0.000000000000000e+00 0.000000000000000e+00 0.000000000000000e+00 0.000000000000000e+00
 1.000000000000005e+19 0.000000000000000e+00 1.000000000000005e+19 0.000000000000000e+00 0.000000000000000e+00 0.000000000000000e+00 0.000000000000000e+00 0.000000000000000e+00 0.000000000000000e+00 0.000000000000000e+00
 0.000000000000000e+00 0.000000000000000e+00 0.000000000000000e+00 0.000000000000000e+00 0.000000000000000e+00 0.000000000000000e+00 0.000000000000000e+00 0.000000000000000e+00 0.000000000000000e+00 0.000000000000000e+00
 0.000000000000000e+00 0.000000000000000e+00 0.000000000000000e+00 0.000000000000000e+00 0.000000000000000e+00 0.000000000000000e+00 0.000000000000000e+00 0.000000000000000e+00 0.000000000000000e+00 0.000000000000000e+00
 0.000000000000000e+00 0.000000000000000e+00 0.000000000000000e+00 0.000000000000000e+00 0.000000000000000e+00 0.000000000000000e+00 0.000000000000000e+00 0.000000000000000e+00 0.000000000000000e+00 0.000000000000000e+00
 0.000000000000000e+00 0.000000000000000e+00 0.000000000000000e+00 0.000000000000000e+00 0.000000000000000e+00 0.000000000000000e+00 0.000000000000000e+00 0.000000000000000e+00 0.000000000000000e+00 0.000000000000000e+00
 0.000000000000000e+00 0.000000000000000e+00 0.000000000000000e+00 0.000000000000000e+00 0.000000000000000e+00 0.000000000000000e+00 0.000000000000000e+00 0.000000000000000e+00 0.000000000000000e+00 0.000000000000000e+00
 0.000000000000000e+00 0.000000000000000e+00 0.000000000000000e+00 0.000000000000000e+00 0.000000000000000e+00 0.000000000000000e+00 0.000000000000000e+00 0.000000000000000e+00 0.000000000000000e+00 0.000000000000000e+00
 1.000000000000005e+19 0.000000000000000e+00 1.000000000000005e+19 0.000000000000000e+00 0.000000000000000e+00 0.000000000000000e+00 0.000000000000000e+00 0.000000000000000e+00 0.000000000000000e+00 0.000000000000000e+00
 0.000000000000000e+00 0.000000000000000e+00 0.000000000000000e+00 0.000000000000000e+00 0.000000000000000e+00 0.000000000000000e+00 0.000000000000000e+00 0.000000000000000e+00 0.000000000000000e+00 0.000000000000000e+00
 0.000000000000000e+00 0.000000000000000e+00 0.000000000000000e+00 0.000000000000000e+00 0.000000000000000e+00 0.000000000000000e+00 0.000000000000000e+00 0.000000000000000e+00 0.000000000000000e+00 0.000000000000000e+00
 0.000000000000000e+00 0.000000000000000e+00 0.000000000000000e+00 0.000000000000000e+00 0.000000000000000e+00 0.000000000000000e+00 0.000000000000000e+00 0.000000000000000e+00 0.000000000000000e+00 0.000000000000000e+00
 0.000000000000000e+00 0.000000000000000e+00 0.000000000000000e+00 0.000000000000000e+00 0.000000000000000e+00 0.000000000000000e+00 0.000000000000000e+00 0.000000000000000e+00 0.000000000000000e+00 0.000000000000000e+00
 0.000000000000000e+00 0.000000000000000e+00 0.000000000000000e+00 0.000000000000000e+00 0.000000000000000e+00 0.000000000000000e+00 0.000000000000000e+00 0.000000000000000e+00 0.000000000000000e+00 0.000000000000000e+00
 0.000000000000000e+00 0.000000000000000e+00 0.000000000000000e+00 0.000000000000000e+00 0.000000000000000e+00 0.000000000000000e+00 0.000000000000000e+00 0.000000000000000e+00 0.000000000000000e+00 0.000000000000000e+00
 0.000000000000000e+00 0.000000000000000e+00 0.000000000000000e+00 0.000000000000000e+00 0.000000000000000e+00 0.000000000000000e+00 0.000000000000000e+00 0.000000000000000e+00 0.000000000000000e+00 0.000000000000000e+00
 0.000000000000000e+00 0.000000000000000e+00 0.000000000000000e+00 0.000000000000000e+00 0.000000000000000e+00 0.000000000000000e+00 0.000000000000000e+00 0.000000000000000e+00 0.000000000000000e+00 0.000000000000000e+00
 0.000000000000000e+00 0.000000000000000e+00 0.000000000000000e+00 0.000000000000000e+00 0.000000000000000e+00 0.000000000000000e+00 0.000000000000000e+00 0.000000000000000e+00 0.000000000000000e+00 0.000000000000000e+00
 0.000000000000000e+00 0.000000000000000e+00 0.000000000000000e+00 0.000000000000000e+00 0.000000000000000e+00 0.000000000000000e+00 0.000000000000000e+00 0.000000000000000e+00 0.000000000000000e+00 0.000000000000000e+00
 0.000000000000000e+00 0.000000000000000e+00 0.000000000000000e+00 0.000000000000000e+00 0.000000000000000e+00 0.000000000000000e+00 0.000000000000000e+00 0.000000000000000e+00 0.000000000000000e+00 0.000000000000000e+00
 0.000000000000000e+00 0.000000000000000e+00 0.000000000000000e+00 0.000000000000000e+00 0.000000000000000e+00 0.000000000000000e+00 0.000000000000000e+00 0.000000000000000e+00 0.000000000000000e+00 0.000000000000000e+00
 0.000000000000000e+00 0.000000000000000e+00 0.000000000000000e+00 0.000000000000000e+00 0.000000000000000e+00 0.000000000000000e+00 0.000000000000000e+00 0.000000000000000e+00 0.000000000000000e+00 0.000000000000000e+00
 0.000000000000000e+00 0.000000000000000e+00 0.000000000000000e+00 0.000000000000000e+00 0.000000000000000e+00 0.000000000000000e+00 0.000000000000000e+00 0.000000000000000e+00 0.000000000000000e+00 0.000000000000000e+00
 0.000000000000000e+00 0.000000000000000e+00 0.000000000000000e+00 0.000000000000000e+00 0.000000000000000e+00 0.000000000000000e+00 0.000000000000000e+00 0.000000000000000e+00 0.000000000000000e+00 0.000000000000000e+00
 0.000000000000000e+00 0.000000000000000e+00 0.000000000000000e+00 0.000000000000000e+00 0.000000000000000e+00 0.000000000000000e+00 0.000000000000000e+00 0.000000000000000e+00 0.000000000000000e+00 0.000000000000000e+00
 0.000000000000000e+00 0.000000000000000e+00 0.000000000000000e+00 0.000000000000000e+00 0.000000000000000e+00 0.000000000000000e+00 0.000000000000000e+00 0.000000000000000e+00 0.000000000000000e+00 0.000000000000000e+00
 0.000000000000000e+00 0.000000000000000e+00 0.000000000000000e+00 0.000000000000000e+00 0.000000000000000e+00 0.000000000000000e+00 0.000000000000000e+00 0.000000000000000e+00 0.000000000000000e+00 0.000000000000000e+00
 0.000000000000000e+00 0.000000000000000e+00 0.000000000000000e+00 0.000000000000000e+00 0.000000000000000e+00 0.000000000000000e+00 0.000000000000000e+00 0.000000000000000e+00 0.000000000000000e+00 0.000000000000000e+00
 0.000000000000000e+00 0.000000000000000e+00 0.000000000000000e+00 0.000000000000000e+00 0.000000000000000e+00 0.000000000000000e+00 0.000000000000000e+00 0.000000000000000e+00 0.000000000000000e+00 0.000000000000000e+00
 0.000000000000000e+00 0.000000000000000e+00 0.000000000000000e+00 0.000000000000000e+00 0.000000000000000e+00 0.000000000000000e+00 0.000000000000000e+00 0.000000000000000e+00 0.000000000000000e+00 0.000000000000000e+00
 0.000000000000000e+00 0.000000000000000e+00 0.000000000000000e+00 0.000000000000000e+00 0.000000000000000e+00 0.000000000000000e+00 0.000000000000000e+00 0.000000000000000e+00 0.000000000000000e+00 0.000000000000000e+00
 0.000000000000000e+00 0.000000000000000e+00 0.000000000000000e+00 0.000000000000000e+00 0.000000000000000e+00 0.000000000000000e+00 0.000000000000000e+00 0.000000000000000e+00 0.000000000000000e+00 0.000000000000000e+00
 0.000000000000000e+00 0.000000000000000e+00 0.000000000000000e+00 0.000000000000000e+00 0.000000000000000e+00 0.000000000000000e+00 0.000000000000000e+00 0.000000000000000e+00 0.000000000000000e+00 0.000000000000000e+00
 0.000000000000000e+00 0.000000000000000e+00 0.000000000000000e+00 0.000000000000000e+00 0.000000000000000e+00 0.000000000000000e+00 0.000000000000000e+00 0.000000000000000e+00 0.000000000000000e+00 0.000000000000000e+00
 0.000000000000000e+00 0.000000000000000e+00 0.000000000000000e+00 0.000000000000000e+00 0.000000000000000e+00 0.000000000000000e+00 0.000000000000000e+00 0.000000000000000e+00 0.000000000000000e+00 0.000000000000000e+00
 0.000000000000000e+00 0.000000000000000e+00 0.000000000000000e+00 0.000000000000000e+00 0.000000000000000e+00 0.000000000000000e+00 0.000000000000000e+00 0.000000000000000e+00 0.000000000000000e+00 0.000000000000000e+00
 0.000000000000000e+00 0.000000000000000e+00 0.000000000000000e+00 0.000000000000000e+00 0.000000000000000e+00 0.000000000000000e+00 0.000000000000000e+00 0.000000000000000e+00 0.000000000000000e+00 0.000000000000000e+00
 0.000000000000000e+00 0.000000000000000e+00 0.000000000000000e+00 0.000000000000000e+00 0.000000000000000e+00 0.000000000000000e+00 0.000000000000000e+00 0.000000000000000e+00 0.000000000000000e+00 0.000000000000000e+00
 0.000000000000000e+00 0.000000000000000e+00 0.000000000000000e+00 0.000000000000000e+00 0.000000000000000e+00 0.000000000000000e+00 0.000000000000000e+00 0.000000000000000e+00 0.000000000000000e+00 0.000000000000000e+00
 0.000000000000000e+00 0.000000000000000e+00 0.000000000000000e+00 0.000000000000000e+00 0.000000000000000e+00 0.000000000000000e+00 0.000000000000000e+00 0.000000000000000e+00 0.000000000000000e+00 0.000000000000000e+00
 0.000000000000000e+00 0.000000000000000e+00 0.000000000000000e+00 0.000000000000000e+00 0.000000000000000e+00 0.000000000000000e+00 0.000000000000000e+00 0.000000000000000e+00 0.000000000000000e+00 0.000000000000000e+00
 0.000000000000000e+00 0.000000000000000e+00 0.000000000000000e+00 0.000000000000000e+00 1.000000000000005e+19 0.000000000000000e+00 1.000000000000005e+19 0.000000000000000e+00 0.000000000000000e+00 0.000000000000000e+00
 0.000000000000000e+00 0.000000000000000e+00 0.000000000000000e+00 0.000000000000000e+00 0.000000000000000e+00 0.000000000000000e+00 0.000000000000000e+00 0.000000000000000e+00 0.000000000000000e+00 0.000000000000000e+00
 0.000000000000000e+00 0.000000000000000e+00 0.000000000000000e+00 0.000000000000000e+00 0.000000000000000e+00 0.000000000000000e+00 0.000000000000000e+00 0.000000000000000e+00 0.000000000000000e+00 0.000000000000000e+00
 0.000000000000000e+00 0.000000000000000e+00 0.000000000000000e+00 0.000000000000000e+00 0.000000000000000e+00 0.000000000000000e+00 0.000000000000000e+00 0.000000000000000e+00 0.000000000000000e+00 0.000000000000000e+00
 0.000000000000000e+00 0.000000000000000e+00 0.000000000000000e+00 0.000000000000000e+00 0.000000000000000e+00 0.000000000000000e+00 0.000000000000000e+00 0.000000000000000e+00 0.000000000000000e+00 0.000000000000000e+00
 0.000000000000000e+00 0.000000000000000e+00 0.000000000000000e+00 0.000000000000000e+00 0.000000000000000e+00 0.000000000000000e+00 0.000000000000000e+00 0.000000000000000e+00 0.000000000000000e+00 0.000000000000000e+00
 0.000000000000000e+00 0.000000000000000e+00 0.000000000000000e+00 0.000000000000000e+00 0.000000000000000e+00 0.000000000000000e+00 0.000000000000000e+00 0.000000000000000e+00 0.000000000000000e+00 0.000000000000000e+00
 0.000000000000000e+00 0.000000000000000e+00 0.000000000000000e+00 0.000000000000000e+00 1.000000000000005e+19 0.000000000000000e+00 1.000000000000005e+19 0.000000000000000e+00 0.000000000000000e+00 0.000000000000000e+00
 0.000000000000000e+00 0.000000000000000e+00 0.000000000000000e+00 0.000000000000000e+00 0.000000000000000e+00 0.000000000000000e+00 0.000000000000000e+00 0.000000000000000e+00 0.000000000000000e+00 0.000000000000000e+00
 0.000000000000000e+00 0.000000000000000e+00 0.000000000000000e+00 0.000000000000000e+00 0.000000000000000e+00 0.000000000000000e+00 0.000000000000000e+00 0.000000000000000e+00 0.000000000000000e+00 0.000000000000000e+00
 0.000000000000000e+00 0.000000000000000e+00 0.000000000000000e+00 0.000000000000000e+00 0.000000000000000e+00 0.000000000000000e+00 0.000000000000000e+00 0.000000000000000e+00 0.000000000000000e+00 0.000000000000000e+00
 0.000000000000000e+00 0.000000000000000e+00 0.000000000000000e+00 0.000000000000000e+00 0.000000000000000e+00 0.000000000000000e+00 0.000000000000000e+00 0.000000000000000e+00 0.000000000000000e+00 0.000000000000000e+00
 0.000000000000000e+00 0.000000000000000e+00 0.000000000000000e+00 0.000000000000000e+00 0.000000000000000e+00 0.000000000000000e+00 0.000000000000000e+00 0.000000000000000e+00 0.000000000000000e+00 0.000000000000000e+00
 0.000000000000000e+00 0.000000000000000e+00 0.000000000000000e+00 0.000000000000000e+00 0.000000000000000e+00 0.000000000000000e+00 0.000000000000000e+00 0.000000000000000e+00 0.000000000000000e+00 0.000000000000000e+00
 0.000000000000000e+00 0.000000000000000e+00 0.000000000000000e+00 0.000000000000000e+00 0.000000000000000e+00 0.000000000000000e+00 0.000000000000000e+00 0.000000000000000e+00 0.000000000000000e+00 0.000000000000000e+00
 0.000000000000000e+00 0.000000000000000e+00 0.000000000000000e+00 0.000000000000000e+00 0.000000000000000e+00 0.000000000000000e+00 0.000000000000000e+00 0.000000000000000e+00 0.000000000000000e+00 0.000000000000000e+00
 0.000000000000000e+00 0.000000000000000e+00 0.000000000000000e+00 0.000000000000000e+00 0.000000000000000e+00 0.000000000000000e+00 0.000000000000000e+00 0.000000000000000e+00 0.000000000000000e+00 0.000000000000000e+00
 0.000000000000000e+00 0.000000000000000e+00 0.000000000000000e+00 0.000000000000000e+00 0.000000000000000e+00 0.000000000000000e+00 0.000000000000000e+00 0.000000000000000e+00 0.000000000000000e+00 0.000000000000000e+00
 0.000000000000000e+00 0.000000000000000e+00 0.000000000000000e+00 0.000000000000000e+00 0.000000000000000e+00 0.000000000000000e+00 0.000000000000000e+00 0.000000000000000e+00 0.000000000000000e+00 0.000000000000000e+00
 0.000000000000000e+00 0.000000000000000e+00 0.000000000000000e+00 0.000000000000000e+00 0.000000000000000e+00 0.000000000000000e+00 0.000000000000000e+00 0.000000000000000e+00 0.000000000000000e+00 0.000000000000000e+00
 0.000000000000000e+00 0.000000000000000e+00 0.000000000000000e+00 0.000000000000000e+00 0.000000000000000e+00 0.000000000000000e+00 0.000000000000000e+00 0.000000000000000e+00 0.000000000000000e+00 0.000000000000000e+00
 0.000000000000000e+00 0.000000000000000e+00 0.000000000000000e+00 0.000000000000000e+00 0.000000000000000e+00 0.000000000000000e+00 0.000000000000000e+00 0.000000000000000e+00 0.000000000000000e+00 0.000000000000000e+00
 0.000000000000000e+00 0.000000000000000e+00 0.000000000000000e+00 0.000000000000000e+00 0.000000000000000e+00 0.000000000000000e+00 0.000000000000000e+00 0.000000000000000e+00 0.000000000000000e+00 0.000000000000000e+00
 0.000000000000000e+00 0.000000000000000e+00 0.000000000000000e+00 0.000000000000000e+00 0.000000000000000e+00 0.000000000000000e+00 0.000000000000000e+00 0.000000000000000e+00 0.000000000000000e+00 0.000000000000000e+00
 0.000000000000000e+00 0.000000000000000e+00 0.000000000000000e+00 0.000000000000000e+00 0.000000000000000e+00 0.000000000000000e+00 0.000000000000000e+00 0.000000000000000e+00 0.000000000000000e+00 0.000000000000000e+00
 0.000000000000000e+00 0.000000000000000e+00 0.000000000000000e+00 0.000000000000000e+00 0.000000000000000e+00 0.000000000000000e+00 0.000000000000000e+00 0.000000000000000e+00 0.000000000000000e+00 0.000000000000000e+00
 0.000000000000000e+00 0.000000000000000e+00 0.000000000000000e+00 0.000000000000000e+00 0.000000000000000e+00 0.000000000000000e+00 0.000000000000000e+00 0.000000000000000e+00 0.000000000000000e+00 0.000000000000000e+00
 0.000000000000000e+00 0.000000000000000e+00 0.000000000000000e+00 0.000000000000000e+00 0.000000000000000e+00 0.000000000000000e+00 1.000000000000005e+19 0.000000000000000e+00 1.000000000000005e+19 0.000000000000000e+00
 0.000000000000000e+00 0.000000000000000e+00 0.000000000000000e+00 0.000000000000000e+00 0.000000000000000e+00 0.000000000000000e+00 0.000000000000000e+00 0.000000000000000e+00 0.000000000000000e+00 0.000000000000000e+00
 0.000000000000000e+00 0.000000000000000e+00 0.000000000000000e+00 0.000000000000000e+00 0.000000000000000e+00 0.000000000000000e+00 0.000000000000000e+00 0.000000000000000e+00 0.000000000000000e+00 0.000000000000000e+00
 0.000000000000000e+00 0.000000000000000e+00 0.000000000000000e+00 0.000000000000000e+00 0.000000000000000e+00 0.000000000000000e+00 0.000000000000000e+00 0.000000000000000e+00 0.000000000000000e+00 0.000000000000000e+00
 0.000000000000000e+00 0.000000000000000e+00 0.000000000000000e+00 0.000000000000000e+00 0.000000000000000e+00 0.000000000000000e+00 0.000000000000000e+00 0.000000000000000e+00 0.000000000000000e+00 0.000000000000000e+00
 0.000000000000000e+00 0.000000000000000e+00 0.000000000000000e+00 0.000000000000000e+00 0.000000000000000e+00 0.000000000000000e+00 0.000000000000000e+00 0.000000000000000e+00 0.000000000000000e+00 0.000000000000000e+00
 0.000000000000000e+00 0.000000000000000e+00 0.000000000000000e+00 0.000000000000000e+00 0.000000000000000e+00 0.000000000000000e+00 0.000000000000000e+00 0.000000000000000e+00 0.000000000000000e+00 0.000000000000000e+00
 0.000000000000000e+00 0.000000000000000e+00 0.000000000000000e+00 0.000000000000000e+00 0.000000000000000e+00 0.000000000000000e+00 0.000000000000000e+00 0.000000000000000e+00 0.000000000000000e+00 0.000000000000000e+00
 0.000000000000000e+00 0.000000000000000e+00 0.000000000000000e+00 0.000000000000000e+00 0.000000000000000e+00 0.000000000000000e+00 0.000000000000000e+00 0.000000000000000e+00 0.000000000000000e+00 0.000000000000000e+00
 0.000000000000000e+00 0.000000000000000e+00 0.000000000000000e+00 0.000000000000000e+00 0.000000000000000e+00 0.000000000000000e+00 0.000000000000000e+00 0.000000000000000e+00 0.000000000000000e+00 0.000000000000000e+00
 0.000000000000000e+00 0.000000000000000e+00 0.000000000000000e+00 0.000000000000000e+00 0.000000000000000e+00 0.000000000000000e+00 0.000000000000000e+00 0.000000000000000e+00 0.000000000000000e+00 0.000000000000000e+00
 0.000000000000000e+00 0.000000000000000e+00 0.000000000000000e+00 0.000000000000000e+00 0.000000000000000e+00 0.000000000000000e+00 0.000000000000000e+00 0.000000000000000e+00 0.000000000000000e+00 0.000000000000000e+00
 0.000000000000000e+00 0.000000000000000e+00 0.000000000000000e+00 0.000000000000000e+00 0.000000000000000e+00 0.000000000000000e+00 0.000000000000000e+00 0.000000000000000e+00 0.000000000000000e+00 0.000000000000000e+00
 0.000000000000000e+00 0.000000000000000e+00 0.000000000000000e+00 0.000000000000000e+00 0.000000000000000e+00 0.000000000000000e+00 0.000000000000000e+00 0.000000000000000e+00 0.000000000000000e+00 0.000000000000000e+00
 0.000000000000000e+00 0.000000000000000e+00 1.000000000000005e+19 0.000000000000000e+00 0.000000000000000e+00 0.000000000000000e+00 0.000000000000000e+00 0.000000000000000e+00 0.000000000000000e+00 0.000000000000000e+00
 0.000000000000000e+00 0.000000000000000e+00 0.000000000000000e+00 0.000000000000000e+00 0.000000000000000e+00 0.000000000000000e+00 0.000000000000000e+00 0.000000000000000e+00 0.000000000000000e+00 0.000000000000000e+00
 0.000000000000000e+00 0.000000000000000e+00 0.000000000000000e+00 0.000000000000000e+00 0.000000000000000e+00 0.000000000000000e+00 0.000000000000000e+00 0.000000000000000e+00 0.000000000000000e+00 0.000000000000000e+00
 0.000000000000000e+00 0.000000000000000e+00 0.000000000000000e+00 0.000000000000000e+00 0.000000000000000e+00 0.000000000000000e+00 0.000000000000000e+00 0.000000000000000e+00 0.000000000000000e+00 0.000000000000000e+00
 0.000000000000000e+00 0.000000000000000e+00 0.000000000000000e+00 0.000000000000000e+00 0.000000000000000e+00 0.000000000000000e+00 0.000000000000000e+00 0.000000000000000e+00 0.000000000000000e+00 0.000000000000000e+00
 0.000000000000000e+00 0.000000000000000e+00 0.000000000000000e+00 0.000000000000000e+00 0.000000000000000e+00 0.000000000000000e+00 0.000000000000000e+00 0.000000000000000e+00 0.000000000000000e+00 0.000000000000000e+00
 0.000000000000000e+00 0.000000000000000e+00 0.000000000000000e+00 0.000000000000000e+00 0.000000000000000e+00 0.000000000000000e+00 0.000000000000000e+00 0.000000000000000e+00 0.000000000000000e+00 0.000000000000000e+00
 0.000000000000000e+00 0.000000000000000e+00 0.000000000000000e+00 0.000000000000000e+00 0.000000000000000e+00 0.000000000000000e+00 0.000000000000000e+00 0.000000000000000e+00 0.000000000000000e+00 0.000000000000000e+00
 0.000000000000000e+00 0.000000000000000e+00 0.000000000000000e+00 0.000000000000000e+00 0.000000000000000e+00 0.000000000000000e+00 0.000000000000000e+00 0.000000000000000e+00 0.000000000000000e+00 0.000000000000000e+00
 0.000000000000000e+00 0.000000000000000e+00 0.000000000000000e+00 0.000000000000000e+00 0.000000000000000e+00 0.000000000000000e+00 0.000000000000000e+00 0.000000000000000e+00 0.000000000000000e+00 0.000000000000000e+00
 0.000000000000000e+00 0.000000000000000e+00 0.000000000000000e+00 0.000000000000000e+00 0.000000000000000e+00 0.000000000000000e+00 0.000000000000000e+00 0.000000000000000e+00 0.000000000000000e+00 0.000000000000000e+00
 0.000000000000000e+00 0.000000000000000e+00 0.000000000000000e+00 0.000000000000000e+00 0.000000000000000e+00 0.000000000000000e+00 0.000000000000000e+00 0.000000000000000e+00 0.000000000000000e+00 0.000000000000000e+00
 0.000000000000000e+00 0.000000000000000e+00 0.000000000000000e+00 0.000000000000000e+00 0.000000000000000e+00 0.000000000000000e+00 0.000000000000000e+00 0.000000000000000e+00 0.000000000000000e+00 0.000000000000000e+00
 0.000000000000000e+00 0.000000000000000e+00 0.000000000000000e+00 0.000000000000000e+00 0.000000000000000e+00 0.000000000000000e+00 0.000000000000000e+00 0.000000000000000e+00 1.000000000000005e+19 1.000000000000005e+19

    }
  }

  Dataset ("OpticalGeneration") {
    function  = OpticalGeneration
    type      = scalar
    dimension = 1
    location  = vertex
    validity  = [ "p_plus" "i_layer" "n_plus" ]
    Values (7995) {
 0.000000000000000e+00 0.000000000000000e+00 0.000000000000000e+00 0.000000000000000e+00 0.000000000000000e+00 0.000000000000000e+00 0.000000000000000e+00 0.000000000000000e+00 0.000000000000000e+00 0.000000000000000e+00
 0.000000000000000e+00 0.000000000000000e+00 0.000000000000000e+00 0.000000000000000e+00 0.000000000000000e+00 0.000000000000000e+00 0.000000000000000e+00 0.000000000000000e+00 0.000000000000000e+00 0.000000000000000e+00
 0.000000000000000e+00 0.000000000000000e+00 0.000000000000000e+00 0.000000000000000e+00 0.000000000000000e+00 0.000000000000000e+00 0.000000000000000e+00 0.000000000000000e+00 0.000000000000000e+00 0.000000000000000e+00
 0.000000000000000e+00 0.000000000000000e+00 0.000000000000000e+00 0.000000000000000e+00 0.000000000000000e+00 0.000000000000000e+00 0.000000000000000e+00 0.000000000000000e+00 0.000000000000000e+00 0.000000000000000e+00
 0.000000000000000e+00 0.000000000000000e+00 0.000000000000000e+00 0.000000000000000e+00 0.000000000000000e+00 0.000000000000000e+00 0.000000000000000e+00 0.000000000000000e+00 0.000000000000000e+00 0.000000000000000e+00
 0.000000000000000e+00 0.000000000000000e+00 0.000000000000000e+00 0.000000000000000e+00 0.000000000000000e+00 0.000000000000000e+00 0.000000000000000e+00 0.000000000000000e+00 0.000000000000000e+00 0.000000000000000e+00
 0.000000000000000e+00 0.000000000000000e+00 0.000000000000000e+00 0.000000000000000e+00 0.000000000000000e+00 0.000000000000000e+00 0.000000000000000e+00 0.000000000000000e+00 0.000000000000000e+00 0.000000000000000e+00
 0.000000000000000e+00 0.000000000000000e+00 0.000000000000000e+00 0.000000000000000e+00 0.000000000000000e+00 0.000000000000000e+00 0.000000000000000e+00 0.000000000000000e+00 0.000000000000000e+00 0.000000000000000e+00
 0.000000000000000e+00 0.000000000000000e+00 0.000000000000000e+00 0.000000000000000e+00 0.000000000000000e+00 0.000000000000000e+00 0.000000000000000e+00 0.000000000000000e+00 0.000000000000000e+00 0.000000000000000e+00
 0.000000000000000e+00 0.000000000000000e+00 0.000000000000000e+00 0.000000000000000e+00 0.000000000000000e+00 0.000000000000000e+00 0.000000000000000e+00 0.000000000000000e+00 0.000000000000000e+00 0.000000000000000e+00
 0.000000000000000e+00 0.000000000000000e+00 0.000000000000000e+00 0.000000000000000e+00 0.000000000000000e+00 0.000000000000000e+00 0.000000000000000e+00 0.000000000000000e+00 0.000000000000000e+00 0.000000000000000e+00
 0.000000000000000e+00 0.000000000000000e+00 0.000000000000000e+00 0.000000000000000e+00 0.000000000000000e+00 0.000000000000000e+00 0.000000000000000e+00 0.000000000000000e+00 0.000000000000000e+00 0.000000000000000e+00
 0.000000000000000e+00 0.000000000000000e+00 0.000000000000000e+00 0.000000000000000e+00 0.000000000000000e+00 0.000000000000000e+00 0.000000000000000e+00 0.000000000000000e+00 0.000000000000000e+00 0.000000000000000e+00
 0.000000000000000e+00 0.000000000000000e+00 0.000000000000000e+00 0.000000000000000e+00 0.000000000000000e+00 0.000000000000000e+00 0.000000000000000e+00 0.000000000000000e+00 0.000000000000000e+00 0.000000000000000e+00
 0.000000000000000e+00 0.000000000000000e+00 0.000000000000000e+00 0.000000000000000e+00 0.000000000000000e+00 0.000000000000000e+00 0.000000000000000e+00 0.000000000000000e+00 0.000000000000000e+00 0.000000000000000e+00
 0.000000000000000e+00 0.000000000000000e+00 0.000000000000000e+00 0.000000000000000e+00 0.000000000000000e+00 0.000000000000000e+00 0.000000000000000e+00 0.000000000000000e+00 0.000000000000000e+00 0.000000000000000e+00
 0.000000000000000e+00 0.000000000000000e+00 0.000000000000000e+00 0.000000000000000e+00 0.000000000000000e+00 0.000000000000000e+00 0.000000000000000e+00 0.000000000000000e+00 0.000000000000000e+00 0.000000000000000e+00
 0.000000000000000e+00 0.000000000000000e+00 0.000000000000000e+00 0.000000000000000e+00 0.000000000000000e+00 0.000000000000000e+00 0.000000000000000e+00 0.000000000000000e+00 0.000000000000000e+00 0.000000000000000e+00
 0.000000000000000e+00 0.000000000000000e+00 0.000000000000000e+00 0.000000000000000e+00 0.000000000000000e+00 0.000000000000000e+00 0.000000000000000e+00 0.000000000000000e+00 0.000000000000000e+00 0.000000000000000e+00
 0.000000000000000e+00 0.000000000000000e+00 0.000000000000000e+00 0.000000000000000e+00 0.000000000000000e+00 0.000000000000000e+00 0.000000000000000e+00 0.000000000000000e+00 0.000000000000000e+00 0.000000000000000e+00
 0.000000000000000e+00 0.000000000000000e+00 0.000000000000000e+00 0.000000000000000e+00 0.000000000000000e+00 0.000000000000000e+00 0.000000000000000e+00 0.000000000000000e+00 0.000000000000000e+00 0.000000000000000e+00
 0.000000000000000e+00 0.000000000000000e+00 0.000000000000000e+00 0.000000000000000e+00 0.000000000000000e+00 0.000000000000000e+00 0.000000000000000e+00 0.000000000000000e+00 0.000000000000000e+00 0.000000000000000e+00
 0.000000000000000e+00 0.000000000000000e+00 0.000000000000000e+00 0.000000000000000e+00 0.000000000000000e+00 0.000000000000000e+00 0.000000000000000e+00 0.000000000000000e+00 0.000000000000000e+00 0.000000000000000e+00
 0.000000000000000e+00 0.000000000000000e+00 0.000000000000000e+00 0.000000000000000e+00 0.000000000000000e+00 0.000000000000000e+00 0.000000000000000e+00 0.000000000000000e+00 0.000000000000000e+00 0.000000000000000e+00
 0.000000000000000e+00 0.000000000000000e+00 0.000000000000000e+00 0.000000000000000e+00 0.000000000000000e+00 0.000000000000000e+00 0.000000000000000e+00 0.000000000000000e+00 0.000000000000000e+00 0.000000000000000e+00
 0.000000000000000e+00 0.000000000000000e+00 0.000000000000000e+00 0.000000000000000e+00 0.000000000000000e+00 0.000000000000000e+00 0.000000000000000e+00 0.000000000000000e+00 0.000000000000000e+00 0.000000000000000e+00
 0.000000000000000e+00 0.000000000000000e+00 0.000000000000000e+00 0.000000000000000e+00 0.000000000000000e+00 0.000000000000000e+00 0.000000000000000e+00 0.000000000000000e+00 0.000000000000000e+00 0.000000000000000e+00
 0.000000000000000e+00 0.000000000000000e+00 0.000000000000000e+00 0.000000000000000e+00 0.000000000000000e+00 0.000000000000000e+00 0.000000000000000e+00 0.000000000000000e+00 0.000000000000000e+00 0.000000000000000e+00
 0.000000000000000e+00 0.000000000000000e+00 0.000000000000000e+00 0.000000000000000e+00 0.000000000000000e+00 0.000000000000000e+00 0.000000000000000e+00 0.000000000000000e+00 0.000000000000000e+00 0.000000000000000e+00
 0.000000000000000e+00 0.000000000000000e+00 0.000000000000000e+00 0.000000000000000e+00 0.000000000000000e+00 0.000000000000000e+00 0.000000000000000e+00 0.000000000000000e+00 0.000000000000000e+00 0.000000000000000e+00
 0.000000000000000e+00 0.000000000000000e+00 0.000000000000000e+00 0.000000000000000e+00 0.000000000000000e+00 0.000000000000000e+00 0.000000000000000e+00 0.000000000000000e+00 0.000000000000000e+00 0.000000000000000e+00
 0.000000000000000e+00 0.000000000000000e+00 0.000000000000000e+00 0.000000000000000e+00 0.000000000000000e+00 0.000000000000000e+00 0.000000000000000e+00 0.000000000000000e+00 0.000000000000000e+00 0.000000000000000e+00
 0.000000000000000e+00 0.000000000000000e+00 0.000000000000000e+00 0.000000000000000e+00 0.000000000000000e+00 0.000000000000000e+00 0.000000000000000e+00 0.000000000000000e+00 0.000000000000000e+00 0.000000000000000e+00
 0.000000000000000e+00 0.000000000000000e+00 0.000000000000000e+00 0.000000000000000e+00 0.000000000000000e+00 0.000000000000000e+00 0.000000000000000e+00 0.000000000000000e+00 0.000000000000000e+00 0.000000000000000e+00
 0.000000000000000e+00 0.000000000000000e+00 0.000000000000000e+00 0.000000000000000e+00 0.000000000000000e+00 0.000000000000000e+00 0.000000000000000e+00 0.000000000000000e+00 0.000000000000000e+00 0.000000000000000e+00
 0.000000000000000e+00 0.000000000000000e+00 0.000000000000000e+00 0.000000000000000e+00 0.000000000000000e+00 0.000000000000000e+00 0.000000000000000e+00 0.000000000000000e+00 0.000000000000000e+00 0.000000000000000e+00
 0.000000000000000e+00 0.000000000000000e+00 0.000000000000000e+00 0.000000000000000e+00 0.000000000000000e+00 0.000000000000000e+00 0.000000000000000e+00 0.000000000000000e+00 0.000000000000000e+00 0.000000000000000e+00
 0.000000000000000e+00 0.000000000000000e+00 0.000000000000000e+00 0.000000000000000e+00 0.000000000000000e+00 0.000000000000000e+00 0.000000000000000e+00 0.000000000000000e+00 0.000000000000000e+00 0.000000000000000e+00
 0.000000000000000e+00 0.000000000000000e+00 0.000000000000000e+00 0.000000000000000e+00 0.000000000000000e+00 0.000000000000000e+00 0.000000000000000e+00 0.000000000000000e+00 0.000000000000000e+00 0.000000000000000e+00
 0.000000000000000e+00 0.000000000000000e+00 0.000000000000000e+00 0.000000000000000e+00 0.000000000000000e+00 0.000000000000000e+00 0.000000000000000e+00 0.000000000000000e+00 0.000000000000000e+00 0.000000000000000e+00
 0.000000000000000e+00 0.000000000000000e+00 0.000000000000000e+00 0.000000000000000e+00 0.000000000000000e+00 0.000000000000000e+00 0.000000000000000e+00 0.000000000000000e+00 0.000000000000000e+00 0.000000000000000e+00
 0.000000000000000e+00 0.000000000000000e+00 0.000000000000000e+00 0.000000000000000e+00 0.000000000000000e+00 0.000000000000000e+00 0.000000000000000e+00 0.000000000000000e+00 0.000000000000000e+00 0.000000000000000e+00
 0.000000000000000e+00 0.000000000000000e+00 0.000000000000000e+00 0.000000000000000e+00 0.000000000000000e+00 0.000000000000000e+00 0.000000000000000e+00 0.000000000000000e+00 0.000000000000000e+00 0.000000000000000e+00
 0.000000000000000e+00 0.000000000000000e+00 0.000000000000000e+00 0.000000000000000e+00 0.000000000000000e+00 0.000000000000000e+00 0.000000000000000e+00 0.000000000000000e+00 0.000000000000000e+00 0.000000000000000e+00
 0.000000000000000e+00 0.000000000000000e+00 0.000000000000000e+00 0.000000000000000e+00 0.000000000000000e+00 0.000000000000000e+00 0.000000000000000e+00 0.000000000000000e+00 0.000000000000000e+00 0.000000000000000e+00
 0.000000000000000e+00 0.000000000000000e+00 0.000000000000000e+00 0.000000000000000e+00 0.000000000000000e+00 0.000000000000000e+00 0.000000000000000e+00 0.000000000000000e+00 0.000000000000000e+00 0.000000000000000e+00
 0.000000000000000e+00 0.000000000000000e+00 0.000000000000000e+00 0.000000000000000e+00 0.000000000000000e+00 0.000000000000000e+00 0.000000000000000e+00 0.000000000000000e+00 0.000000000000000e+00 0.000000000000000e+00
 0.000000000000000e+00 0.000000000000000e+00 0.000000000000000e+00 0.000000000000000e+00 0.000000000000000e+00 0.000000000000000e+00 0.000000000000000e+00 0.000000000000000e+00 0.000000000000000e+00 0.000000000000000e+00
 0.000000000000000e+00 0.000000000000000e+00 0.000000000000000e+00 0.000000000000000e+00 0.000000000000000e+00 0.000000000000000e+00 0.000000000000000e+00 0.000000000000000e+00 0.000000000000000e+00 0.000000000000000e+00
 0.000000000000000e+00 0.000000000000000e+00 0.000000000000000e+00 0.000000000000000e+00 0.000000000000000e+00 0.000000000000000e+00 0.000000000000000e+00 0.000000000000000e+00 0.000000000000000e+00 0.000000000000000e+00
 0.000000000000000e+00 0.000000000000000e+00 0.000000000000000e+00 0.000000000000000e+00 0.000000000000000e+00 0.000000000000000e+00 0.000000000000000e+00 0.000000000000000e+00 0.000000000000000e+00 0.000000000000000e+00
 0.000000000000000e+00 0.000000000000000e+00 0.000000000000000e+00 0.000000000000000e+00 0.000000000000000e+00 0.000000000000000e+00 0.000000000000000e+00 0.000000000000000e+00 0.000000000000000e+00 0.000000000000000e+00
 0.000000000000000e+00 0.000000000000000e+00 0.000000000000000e+00 0.000000000000000e+00 0.000000000000000e+00 0.000000000000000e+00 0.000000000000000e+00 0.000000000000000e+00 0.000000000000000e+00 0.000000000000000e+00
 0.000000000000000e+00 0.000000000000000e+00 0.000000000000000e+00 0.000000000000000e+00 0.000000000000000e+00 0.000000000000000e+00 0.000000000000000e+00 0.000000000000000e+00 0.000000000000000e+00 0.000000000000000e+00
 0.000000000000000e+00 0.000000000000000e+00 0.000000000000000e+00 0.000000000000000e+00 0.000000000000000e+00 0.000000000000000e+00 0.000000000000000e+00 0.000000000000000e+00 0.000000000000000e+00 0.000000000000000e+00
 0.000000000000000e+00 0.000000000000000e+00 0.000000000000000e+00 0.000000000000000e+00 0.000000000000000e+00 0.000000000000000e+00 0.000000000000000e+00 0.000000000000000e+00 0.000000000000000e+00 0.000000000000000e+00
 0.000000000000000e+00 0.000000000000000e+00 0.000000000000000e+00 0.000000000000000e+00 0.000000000000000e+00 0.000000000000000e+00 0.000000000000000e+00 0.000000000000000e+00 0.000000000000000e+00 0.000000000000000e+00
 0.000000000000000e+00 0.000000000000000e+00 0.000000000000000e+00 0.000000000000000e+00 0.000000000000000e+00 0.000000000000000e+00 0.000000000000000e+00 0.000000000000000e+00 0.000000000000000e+00 0.000000000000000e+00
 0.000000000000000e+00 0.000000000000000e+00 0.000000000000000e+00 0.000000000000000e+00 0.000000000000000e+00 0.000000000000000e+00 0.000000000000000e+00 0.000000000000000e+00 0.000000000000000e+00 0.000000000000000e+00
 0.000000000000000e+00 0.000000000000000e+00 0.000000000000000e+00 0.000000000000000e+00 0.000000000000000e+00 0.000000000000000e+00 0.000000000000000e+00 0.000000000000000e+00 0.000000000000000e+00 0.000000000000000e+00
 0.000000000000000e+00 0.000000000000000e+00 0.000000000000000e+00 0.000000000000000e+00 0.000000000000000e+00 0.000000000000000e+00 0.000000000000000e+00 0.000000000000000e+00 0.000000000000000e+00 0.000000000000000e+00
 0.000000000000000e+00 0.000000000000000e+00 0.000000000000000e+00 0.000000000000000e+00 0.000000000000000e+00 0.000000000000000e+00 0.000000000000000e+00 0.000000000000000e+00 0.000000000000000e+00 0.000000000000000e+00
 0.000000000000000e+00 0.000000000000000e+00 0.000000000000000e+00 0.000000000000000e+00 0.000000000000000e+00 0.000000000000000e+00 0.000000000000000e+00 0.000000000000000e+00 0.000000000000000e+00 0.000000000000000e+00
 0.000000000000000e+00 0.000000000000000e+00 0.000000000000000e+00 0.000000000000000e+00 0.000000000000000e+00 0.000000000000000e+00 0.000000000000000e+00 0.000000000000000e+00 0.000000000000000e+00 0.000000000000000e+00
 0.000000000000000e+00 0.000000000000000e+00 0.000000000000000e+00 0.000000000000000e+00 0.000000000000000e+00 0.000000000000000e+00 0.000000000000000e+00 0.000000000000000e+00 0.000000000000000e+00 0.000000000000000e+00
 0.000000000000000e+00 0.000000000000000e+00 0.000000000000000e+00 0.000000000000000e+00 0.000000000000000e+00 0.000000000000000e+00 0.000000000000000e+00 0.000000000000000e+00 0.000000000000000e+00 0.000000000000000e+00
 0.000000000000000e+00 0.000000000000000e+00 0.000000000000000e+00 0.000000000000000e+00 0.000000000000000e+00 0.000000000000000e+00 0.000000000000000e+00 0.000000000000000e+00 0.000000000000000e+00 0.000000000000000e+00
 0.000000000000000e+00 0.000000000000000e+00 0.000000000000000e+00 0.000000000000000e+00 0.000000000000000e+00 0.000000000000000e+00 0.000000000000000e+00 0.000000000000000e+00 0.000000000000000e+00 0.000000000000000e+00
 0.000000000000000e+00 0.000000000000000e+00 0.000000000000000e+00 0.000000000000000e+00 0.000000000000000e+00 0.000000000000000e+00 0.000000000000000e+00 0.000000000000000e+00 0.000000000000000e+00 0.000000000000000e+00
 0.000000000000000e+00 0.000000000000000e+00 0.000000000000000e+00 0.000000000000000e+00 0.000000000000000e+00 0.000000000000000e+00 0.000000000000000e+00 0.000000000000000e+00 0.000000000000000e+00 0.000000000000000e+00
 0.000000000000000e+00 0.000000000000000e+00 0.000000000000000e+00 0.000000000000000e+00 0.000000000000000e+00 0.000000000000000e+00 0.000000000000000e+00 0.000000000000000e+00 0.000000000000000e+00 0.000000000000000e+00
 0.000000000000000e+00 0.000000000000000e+00 0.000000000000000e+00 0.000000000000000e+00 0.000000000000000e+00 0.000000000000000e+00 0.000000000000000e+00 0.000000000000000e+00 0.000000000000000e+00 0.000000000000000e+00
 0.000000000000000e+00 0.000000000000000e+00 0.000000000000000e+00 0.000000000000000e+00 0.000000000000000e+00 0.000000000000000e+00 0.000000000000000e+00 0.000000000000000e+00 0.000000000000000e+00 0.000000000000000e+00
 0.000000000000000e+00 0.000000000000000e+00 0.000000000000000e+00 0.000000000000000e+00 0.000000000000000e+00 0.000000000000000e+00 0.000000000000000e+00 0.000000000000000e+00 0.000000000000000e+00 0.000000000000000e+00
 0.000000000000000e+00 0.000000000000000e+00 0.000000000000000e+00 0.000000000000000e+00 0.000000000000000e+00 0.000000000000000e+00 0.000000000000000e+00 0.000000000000000e+00 0.000000000000000e+00 0.000000000000000e+00
 0.000000000000000e+00 0.000000000000000e+00 0.000000000000000e+00 0.000000000000000e+00 0.000000000000000e+00 0.000000000000000e+00 0.000000000000000e+00 0.000000000000000e+00 0.000000000000000e+00 0.000000000000000e+00
 0.000000000000000e+00 0.000000000000000e+00 0.000000000000000e+00 0.000000000000000e+00 0.000000000000000e+00 0.000000000000000e+00 0.000000000000000e+00 0.000000000000000e+00 0.000000000000000e+00 0.000000000000000e+00
 0.000000000000000e+00 0.000000000000000e+00 0.000000000000000e+00 0.000000000000000e+00 0.000000000000000e+00 0.000000000000000e+00 0.000000000000000e+00 0.000000000000000e+00 0.000000000000000e+00 0.000000000000000e+00
 0.000000000000000e+00 0.000000000000000e+00 0.000000000000000e+00 0.000000000000000e+00 0.000000000000000e+00 0.000000000000000e+00 0.000000000000000e+00 0.000000000000000e+00 0.000000000000000e+00 0.000000000000000e+00
 0.000000000000000e+00 0.000000000000000e+00 0.000000000000000e+00 0.000000000000000e+00 0.000000000000000e+00 0.000000000000000e+00 0.000000000000000e+00 0.000000000000000e+00 0.000000000000000e+00 0.000000000000000e+00
 0.000000000000000e+00 0.000000000000000e+00 0.000000000000000e+00 0.000000000000000e+00 0.000000000000000e+00 0.000000000000000e+00 0.000000000000000e+00 0.000000000000000e+00 0.000000000000000e+00 0.000000000000000e+00
 0.000000000000000e+00 0.000000000000000e+00 0.000000000000000e+00 0.000000000000000e+00 0.000000000000000e+00 0.000000000000000e+00 0.000000000000000e+00 0.000000000000000e+00 0.000000000000000e+00 0.000000000000000e+00
 0.000000000000000e+00 0.000000000000000e+00 0.000000000000000e+00 0.000000000000000e+00 0.000000000000000e+00 0.000000000000000e+00 0.000000000000000e+00 0.000000000000000e+00 0.000000000000000e+00 0.000000000000000e+00
 0.000000000000000e+00 0.000000000000000e+00 0.000000000000000e+00 0.000000000000000e+00 0.000000000000000e+00 0.000000000000000e+00 0.000000000000000e+00 0.000000000000000e+00 0.000000000000000e+00 0.000000000000000e+00
 0.000000000000000e+00 0.000000000000000e+00 0.000000000000000e+00 0.000000000000000e+00 0.000000000000000e+00 0.000000000000000e+00 0.000000000000000e+00 0.000000000000000e+00 0.000000000000000e+00 0.000000000000000e+00
 0.000000000000000e+00 0.000000000000000e+00 0.000000000000000e+00 0.000000000000000e+00 0.000000000000000e+00 0.000000000000000e+00 0.000000000000000e+00 0.000000000000000e+00 0.000000000000000e+00 0.000000000000000e+00
 0.000000000000000e+00 0.000000000000000e+00 0.000000000000000e+00 0.000000000000000e+00 0.000000000000000e+00 0.000000000000000e+00 0.000000000000000e+00 0.000000000000000e+00 0.000000000000000e+00 0.000000000000000e+00
 0.000000000000000e+00 0.000000000000000e+00 0.000000000000000e+00 0.000000000000000e+00 0.000000000000000e+00 0.000000000000000e+00 0.000000000000000e+00 0.000000000000000e+00 0.000000000000000e+00 0.000000000000000e+00
 0.000000000000000e+00 0.000000000000000e+00 0.000000000000000e+00 0.000000000000000e+00 0.000000000000000e+00 0.000000000000000e+00 0.000000000000000e+00 0.000000000000000e+00 0.000000000000000e+00 0.000000000000000e+00
 0.000000000000000e+00 0.000000000000000e+00 0.000000000000000e+00 0.000000000000000e+00 0.000000000000000e+00 0.000000000000000e+00 0.000000000000000e+00 0.000000000000000e+00 0.000000000000000e+00 0.000000000000000e+00
 0.000000000000000e+00 0.000000000000000e+00 0.000000000000000e+00 0.000000000000000e+00 0.000000000000000e+00 0.000000000000000e+00 0.000000000000000e+00 0.000000000000000e+00 0.000000000000000e+00 0.000000000000000e+00
 0.000000000000000e+00 0.000000000000000e+00 0.000000000000000e+00 0.000000000000000e+00 0.000000000000000e+00 0.000000000000000e+00 0.000000000000000e+00 0.000000000000000e+00 0.000000000000000e+00 0.000000000000000e+00
 0.000000000000000e+00 0.000000000000000e+00 0.000000000000000e+00 0.000000000000000e+00 0.000000000000000e+00 0.000000000000000e+00 0.000000000000000e+00 0.000000000000000e+00 0.000000000000000e+00 0.000000000000000e+00
 0.000000000000000e+00 0.000000000000000e+00 0.000000000000000e+00 0.000000000000000e+00 0.000000000000000e+00 0.000000000000000e+00 0.000000000000000e+00 0.000000000000000e+00 0.000000000000000e+00 0.000000000000000e+00
 0.000000000000000e+00 0.000000000000000e+00 0.000000000000000e+00 0.000000000000000e+00 0.000000000000000e+00 0.000000000000000e+00 0.000000000000000e+00 0.000000000000000e+00 0.000000000000000e+00 0.000000000000000e+00
 0.000000000000000e+00 0.000000000000000e+00 0.000000000000000e+00 0.000000000000000e+00 0.000000000000000e+00 0.000000000000000e+00 0.000000000000000e+00 0.000000000000000e+00 0.000000000000000e+00 0.000000000000000e+00
 0.000000000000000e+00 0.000000000000000e+00 0.000000000000000e+00 0.000000000000000e+00 0.000000000000000e+00 0.000000000000000e+00 0.000000000000000e+00 0.000000000000000e+00 0.000000000000000e+00 0.000000000000000e+00
 0.000000000000000e+00 0.000000000000000e+00 0.000000000000000e+00 0.000000000000000e+00 0.000000000000000e+00 0.000000000000000e+00 0.000000000000000e+00 0.000000000000000e+00 0.000000000000000e+00 0.000000000000000e+00
 0.000000000000000e+00 0.000000000000000e+00 0.000000000000000e+00 0.000000000000000e+00 0.000000000000000e+00 0.000000000000000e+00 0.000000000000000e+00 0.000000000000000e+00 0.000000000000000e+00 0.000000000000000e+00
 0.000000000000000e+00 0.000000000000000e+00 0.000000000000000e+00 0.000000000000000e+00 0.000000000000000e+00 0.000000000000000e+00 0.000000000000000e+00 0.000000000000000e+00 0.000000000000000e+00 0.000000000000000e+00
 0.000000000000000e+00 0.000000000000000e+00 0.000000000000000e+00 0.000000000000000e+00 0.000000000000000e+00 0.000000000000000e+00 0.000000000000000e+00 0.000000000000000e+00 0.000000000000000e+00 0.000000000000000e+00
 0.000000000000000e+00 0.000000000000000e+00 0.000000000000000e+00 0.000000000000000e+00 0.000000000000000e+00 0.000000000000000e+00 0.000000000000000e+00 0.000000000000000e+00 0.000000000000000e+00 0.000000000000000e+00
 0.000000000000000e+00 0.000000000000000e+00 0.000000000000000e+00 0.000000000000000e+00 0.000000000000000e+00 0.000000000000000e+00 0.000000000000000e+00 0.000000000000000e+00 0.000000000000000e+00 0.000000000000000e+00
 0.000000000000000e+00 0.000000000000000e+00 0.000000000000000e+00 0.000000000000000e+00 0.000000000000000e+00 0.000000000000000e+00 0.000000000000000e+00 0.000000000000000e+00 0.000000000000000e+00 0.000000000000000e+00
 0.000000000000000e+00 0.000000000000000e+00 0.000000000000000e+00 0.000000000000000e+00 0.000000000000000e+00 0.000000000000000e+00 0.000000000000000e+00 0.000000000000000e+00 0.000000000000000e+00 0.000000000000000e+00
 0.000000000000000e+00 0.000000000000000e+00 0.000000000000000e+00 0.000000000000000e+00 0.000000000000000e+00 0.000000000000000e+00 0.000000000000000e+00 0.000000000000000e+00 0.000000000000000e+00 0.000000000000000e+00
 0.000000000000000e+00 0.000000000000000e+00 0.000000000000000e+00 0.000000000000000e+00 0.000000000000000e+00 0.000000000000000e+00 0.000000000000000e+00 0.000000000000000e+00 0.000000000000000e+00 0.000000000000000e+00
 0.000000000000000e+00 0.000000000000000e+00 0.000000000000000e+00 0.000000000000000e+00 0.000000000000000e+00 0.000000000000000e+00 0.000000000000000e+00 0.000000000000000e+00 0.000000000000000e+00 0.000000000000000e+00
 0.000000000000000e+00 0.000000000000000e+00 0.000000000000000e+00 0.000000000000000e+00 0.000000000000000e+00 0.000000000000000e+00 0.000000000000000e+00 0.000000000000000e+00 0.000000000000000e+00 0.000000000000000e+00
 0.000000000000000e+00 0.000000000000000e+00 0.000000000000000e+00 0.000000000000000e+00 0.000000000000000e+00 0.000000000000000e+00 0.000000000000000e+00 0.000000000000000e+00 0.000000000000000e+00 0.000000000000000e+00
 0.000000000000000e+00 0.000000000000000e+00 0.000000000000000e+00 0.000000000000000e+00 0.000000000000000e+00 0.000000000000000e+00 0.000000000000000e+00 0.000000000000000e+00 0.000000000000000e+00 0.000000000000000e+00
 0.000000000000000e+00 0.000000000000000e+00 0.000000000000000e+00 0.000000000000000e+00 0.000000000000000e+00 0.000000000000000e+00 0.000000000000000e+00 0.000000000000000e+00 0.000000000000000e+00 0.000000000000000e+00
 0.000000000000000e+00 0.000000000000000e+00 0.000000000000000e+00 0.000000000000000e+00 0.000000000000000e+00 0.000000000000000e+00 0.000000000000000e+00 0.000000000000000e+00 0.000000000000000e+00 0.000000000000000e+00
 0.000000000000000e+00 0.000000000000000e+00 0.000000000000000e+00 0.000000000000000e+00 0.000000000000000e+00 0.000000000000000e+00 0.000000000000000e+00 0.000000000000000e+00 0.000000000000000e+00 0.000000000000000e+00
 0.000000000000000e+00 0.000000000000000e+00 0.000000000000000e+00 0.000000000000000e+00 0.000000000000000e+00 0.000000000000000e+00 0.000000000000000e+00 0.000000000000000e+00 0.000000000000000e+00 0.000000000000000e+00
 0.000000000000000e+00 0.000000000000000e+00 0.000000000000000e+00 0.000000000000000e+00 0.000000000000000e+00 0.000000000000000e+00 0.000000000000000e+00 0.000000000000000e+00 0.000000000000000e+00 0.000000000000000e+00
 0.000000000000000e+00 0.000000000000000e+00 0.000000000000000e+00 0.000000000000000e+00 0.000000000000000e+00 0.000000000000000e+00 0.000000000000000e+00 0.000000000000000e+00 0.000000000000000e+00 0.000000000000000e+00
 0.000000000000000e+00 0.000000000000000e+00 0.000000000000000e+00 0.000000000000000e+00 0.000000000000000e+00 0.000000000000000e+00 0.000000000000000e+00 0.000000000000000e+00 0.000000000000000e+00 0.000000000000000e+00
 0.000000000000000e+00 0.000000000000000e+00 0.000000000000000e+00 0.000000000000000e+00 0.000000000000000e+00 0.000000000000000e+00 0.000000000000000e+00 0.000000000000000e+00 0.000000000000000e+00 0.000000000000000e+00
 0.000000000000000e+00 0.000000000000000e+00 0.000000000000000e+00 0.000000000000000e+00 0.000000000000000e+00 0.000000000000000e+00 0.000000000000000e+00 0.000000000000000e+00 0.000000000000000e+00 0.000000000000000e+00
 0.000000000000000e+00 0.000000000000000e+00 0.000000000000000e+00 0.000000000000000e+00 0.000000000000000e+00 0.000000000000000e+00 0.000000000000000e+00 0.000000000000000e+00 0.000000000000000e+00 0.000000000000000e+00
 0.000000000000000e+00 0.000000000000000e+00 0.000000000000000e+00 0.000000000000000e+00 0.000000000000000e+00 0.000000000000000e+00 0.000000000000000e+00 0.000000000000000e+00 0.000000000000000e+00 0.000000000000000e+00
 0.000000000000000e+00 0.000000000000000e+00 0.000000000000000e+00 0.000000000000000e+00 0.000000000000000e+00 0.000000000000000e+00 0.000000000000000e+00 0.000000000000000e+00 0.000000000000000e+00 0.000000000000000e+00
 0.000000000000000e+00 0.000000000000000e+00 0.000000000000000e+00 0.000000000000000e+00 0.000000000000000e+00 0.000000000000000e+00 0.000000000000000e+00 0.000000000000000e+00 0.000000000000000e+00 0.000000000000000e+00
 0.000000000000000e+00 0.000000000000000e+00 0.000000000000000e+00 0.000000000000000e+00 0.000000000000000e+00 0.000000000000000e+00 0.000000000000000e+00 0.000000000000000e+00 0.000000000000000e+00 0.000000000000000e+00
 0.000000000000000e+00 0.000000000000000e+00 0.000000000000000e+00 0.000000000000000e+00 0.000000000000000e+00 0.000000000000000e+00 0.000000000000000e+00 0.000000000000000e+00 0.000000000000000e+00 0.000000000000000e+00
 0.000000000000000e+00 0.000000000000000e+00 0.000000000000000e+00 0.000000000000000e+00 0.000000000000000e+00 0.000000000000000e+00 0.000000000000000e+00 0.000000000000000e+00 0.000000000000000e+00 0.000000000000000e+00
 0.000000000000000e+00 0.000000000000000e+00 0.000000000000000e+00 0.000000000000000e+00 0.000000000000000e+00 0.000000000000000e+00 0.000000000000000e+00 0.000000000000000e+00 0.000000000000000e+00 0.000000000000000e+00
 0.000000000000000e+00 0.000000000000000e+00 0.000000000000000e+00 0.000000000000000e+00 0.000000000000000e+00 0.000000000000000e+00 0.000000000000000e+00 0.000000000000000e+00 0.000000000000000e+00 0.000000000000000e+00
 0.000000000000000e+00 0.000000000000000e+00 0.000000000000000e+00 0.000000000000000e+00 0.000000000000000e+00 0.000000000000000e+00 0.000000000000000e+00 0.000000000000000e+00 0.000000000000000e+00 0.000000000000000e+00
 0.000000000000000e+00 0.000000000000000e+00 0.000000000000000e+00 0.000000000000000e+00 0.000000000000000e+00 0.000000000000000e+00 0.000000000000000e+00 0.000000000000000e+00 0.000000000000000e+00 0.000000000000000e+00
 0.000000000000000e+00 0.000000000000000e+00 0.000000000000000e+00 0.000000000000000e+00 0.000000000000000e+00 0.000000000000000e+00 0.000000000000000e+00 0.000000000000000e+00 0.000000000000000e+00 0.000000000000000e+00
 0.000000000000000e+00 0.000000000000000e+00 0.000000000000000e+00 0.000000000000000e+00 0.000000000000000e+00 0.000000000000000e+00 0.000000000000000e+00 0.000000000000000e+00 0.000000000000000e+00 0.000000000000000e+00
 0.000000000000000e+00 0.000000000000000e+00 0.000000000000000e+00 0.000000000000000e+00 0.000000000000000e+00 0.000000000000000e+00 0.000000000000000e+00 0.000000000000000e+00 0.000000000000000e+00 0.000000000000000e+00
 0.000000000000000e+00 0.000000000000000e+00 0.000000000000000e+00 0.000000000000000e+00 0.000000000000000e+00 0.000000000000000e+00 0.000000000000000e+00 0.000000000000000e+00 0.000000000000000e+00 0.000000000000000e+00
 0.000000000000000e+00 0.000000000000000e+00 0.000000000000000e+00 0.000000000000000e+00 0.000000000000000e+00 0.000000000000000e+00 0.000000000000000e+00 0.000000000000000e+00 0.000000000000000e+00 0.000000000000000e+00
 0.000000000000000e+00 0.000000000000000e+00 0.000000000000000e+00 0.000000000000000e+00 0.000000000000000e+00 0.000000000000000e+00 0.000000000000000e+00 0.000000000000000e+00 0.000000000000000e+00 0.000000000000000e+00
 0.000000000000000e+00 0.000000000000000e+00 0.000000000000000e+00 0.000000000000000e+00 0.000000000000000e+00 0.000000000000000e+00 0.000000000000000e+00 0.000000000000000e+00 0.000000000000000e+00 0.000000000000000e+00
 0.000000000000000e+00 0.000000000000000e+00 0.000000000000000e+00 0.000000000000000e+00 0.000000000000000e+00 0.000000000000000e+00 0.000000000000000e+00 0.000000000000000e+00 0.000000000000000e+00 0.000000000000000e+00
 0.000000000000000e+00 0.000000000000000e+00 0.000000000000000e+00 0.000000000000000e+00 0.000000000000000e+00 0.000000000000000e+00 0.000000000000000e+00 0.000000000000000e+00 0.000000000000000e+00 0.000000000000000e+00
 0.000000000000000e+00 0.000000000000000e+00 0.000000000000000e+00 0.000000000000000e+00 0.000000000000000e+00 0.000000000000000e+00 0.000000000000000e+00 0.000000000000000e+00 0.000000000000000e+00 0.000000000000000e+00
 0.000000000000000e+00 0.000000000000000e+00 0.000000000000000e+00 0.000000000000000e+00 0.000000000000000e+00 0.000000000000000e+00 0.000000000000000e+00 0.000000000000000e+00 0.000000000000000e+00 0.000000000000000e+00
 0.000000000000000e+00 0.000000000000000e+00 0.000000000000000e+00 0.000000000000000e+00 0.000000000000000e+00 0.000000000000000e+00 0.000000000000000e+00 0.000000000000000e+00 0.000000000000000e+00 0.000000000000000e+00
 0.000000000000000e+00 0.000000000000000e+00 0.000000000000000e+00 0.000000000000000e+00 0.000000000000000e+00 0.000000000000000e+00 0.000000000000000e+00 0.000000000000000e+00 0.000000000000000e+00 0.000000000000000e+00
 0.000000000000000e+00 0.000000000000000e+00 0.000000000000000e+00 0.000000000000000e+00 0.000000000000000e+00 0.000000000000000e+00 0.000000000000000e+00 0.000000000000000e+00 0.000000000000000e+00 0.000000000000000e+00
 0.000000000000000e+00 0.000000000000000e+00 0.000000000000000e+00 0.000000000000000e+00 0.000000000000000e+00 0.000000000000000e+00 0.000000000000000e+00 0.000000000000000e+00 0.000000000000000e+00 0.000000000000000e+00
 0.000000000000000e+00 0.000000000000000e+00 0.000000000000000e+00 0.000000000000000e+00 0.000000000000000e+00 0.000000000000000e+00 0.000000000000000e+00 0.000000000000000e+00 0.000000000000000e+00 0.000000000000000e+00
 0.000000000000000e+00 0.000000000000000e+00 0.000000000000000e+00 0.000000000000000e+00 0.000000000000000e+00 0.000000000000000e+00 0.000000000000000e+00 0.000000000000000e+00 0.000000000000000e+00 0.000000000000000e+00
 0.000000000000000e+00 0.000000000000000e+00 0.000000000000000e+00 0.000000000000000e+00 0.000000000000000e+00 0.000000000000000e+00 0.000000000000000e+00 0.000000000000000e+00 0.000000000000000e+00 0.000000000000000e+00
 0.000000000000000e+00 0.000000000000000e+00 0.000000000000000e+00 0.000000000000000e+00 0.000000000000000e+00 0.000000000000000e+00 0.000000000000000e+00 0.000000000000000e+00 0.000000000000000e+00 0.000000000000000e+00
 0.000000000000000e+00 0.000000000000000e+00 0.000000000000000e+00 0.000000000000000e+00 0.000000000000000e+00 0.000000000000000e+00 0.000000000000000e+00 0.000000000000000e+00 0.000000000000000e+00 0.000000000000000e+00
 0.000000000000000e+00 0.000000000000000e+00 0.000000000000000e+00 0.000000000000000e+00 0.000000000000000e+00 0.000000000000000e+00 0.000000000000000e+00 0.000000000000000e+00 0.000000000000000e+00 0.000000000000000e+00
 0.000000000000000e+00 0.000000000000000e+00 0.000000000000000e+00 0.000000000000000e+00 0.000000000000000e+00 0.000000000000000e+00 0.000000000000000e+00 0.000000000000000e+00 0.000000000000000e+00 0.000000000000000e+00
 0.000000000000000e+00 0.000000000000000e+00 0.000000000000000e+00 0.000000000000000e+00 0.000000000000000e+00 0.000000000000000e+00 0.000000000000000e+00 0.000000000000000e+00 0.000000000000000e+00 0.000000000000000e+00
 0.000000000000000e+00 0.000000000000000e+00 0.000000000000000e+00 0.000000000000000e+00 0.000000000000000e+00 0.000000000000000e+00 0.000000000000000e+00 0.000000000000000e+00 0.000000000000000e+00 0.000000000000000e+00
 0.000000000000000e+00 0.000000000000000e+00 0.000000000000000e+00 0.000000000000000e+00 0.000000000000000e+00 0.000000000000000e+00 0.000000000000000e+00 0.000000000000000e+00 0.000000000000000e+00 0.000000000000000e+00
 0.000000000000000e+00 0.000000000000000e+00 0.000000000000000e+00 0.000000000000000e+00 0.000000000000000e+00 0.000000000000000e+00 0.000000000000000e+00 0.000000000000000e+00 0.000000000000000e+00 0.000000000000000e+00
 0.000000000000000e+00 0.000000000000000e+00 0.000000000000000e+00 0.000000000000000e+00 0.000000000000000e+00 0.000000000000000e+00 0.000000000000000e+00 0.000000000000000e+00 0.000000000000000e+00 0.000000000000000e+00
 0.000000000000000e+00 0.000000000000000e+00 0.000000000000000e+00 0.000000000000000e+00 0.000000000000000e+00 0.000000000000000e+00 0.000000000000000e+00 0.000000000000000e+00 0.000000000000000e+00 0.000000000000000e+00
 0.000000000000000e+00 0.000000000000000e+00 0.000000000000000e+00 0.000000000000000e+00 0.000000000000000e+00 0.000000000000000e+00 0.000000000000000e+00 0.000000000000000e+00 0.000000000000000e+00 0.000000000000000e+00
 0.000000000000000e+00 0.000000000000000e+00 0.000000000000000e+00 0.000000000000000e+00 0.000000000000000e+00 0.000000000000000e+00 0.000000000000000e+00 0.000000000000000e+00 0.000000000000000e+00 0.000000000000000e+00
 0.000000000000000e+00 0.000000000000000e+00 0.000000000000000e+00 0.000000000000000e+00 0.000000000000000e+00 0.000000000000000e+00 0.000000000000000e+00 0.000000000000000e+00 0.000000000000000e+00 0.000000000000000e+00
 0.000000000000000e+00 0.000000000000000e+00 0.000000000000000e+00 0.000000000000000e+00 0.000000000000000e+00 0.000000000000000e+00 0.000000000000000e+00 0.000000000000000e+00 0.000000000000000e+00 0.000000000000000e+00
 0.000000000000000e+00 0.000000000000000e+00 0.000000000000000e+00 0.000000000000000e+00 0.000000000000000e+00 0.000000000000000e+00 0.000000000000000e+00 0.000000000000000e+00 0.000000000000000e+00 0.000000000000000e+00
 0.000000000000000e+00 0.000000000000000e+00 0.000000000000000e+00 0.000000000000000e+00 0.000000000000000e+00 0.000000000000000e+00 0.000000000000000e+00 0.000000000000000e+00 0.000000000000000e+00 0.000000000000000e+00
 0.000000000000000e+00 0.000000000000000e+00 0.000000000000000e+00 0.000000000000000e+00 0.000000000000000e+00 0.000000000000000e+00 0.000000000000000e+00 0.000000000000000e+00 0.000000000000000e+00 0.000000000000000e+00
 0.000000000000000e+00 0.000000000000000e+00 0.000000000000000e+00 0.000000000000000e+00 0.000000000000000e+00 0.000000000000000e+00 0.000000000000000e+00 0.000000000000000e+00 0.000000000000000e+00 0.000000000000000e+00
 0.000000000000000e+00 0.000000000000000e+00 0.000000000000000e+00 0.000000000000000e+00 0.000000000000000e+00 0.000000000000000e+00 0.000000000000000e+00 0.000000000000000e+00 0.000000000000000e+00 0.000000000000000e+00
 0.000000000000000e+00 0.000000000000000e+00 0.000000000000000e+00 0.000000000000000e+00 0.000000000000000e+00 4.131950152631363e+11 0.000000000000000e+00 4.421913079434039e+11 4.198947768367321e+11 4.265945384103281e+11
 4.477428214822535e+11 4.532943350211031e+11 4.332942999839240e+11 4.399940615575198e+11 4.588458485599529e+11 4.643973620988025e+11 4.466938231311157e+11 4.533935847047115e+11 4.699488756376522e+11 4.755003891765018e+11
 4.600933462783076e+11 4.667931078519033e+11 4.810519027153516e+11 4.866034162542011e+11 4.734928694254991e+11 4.801926309990951e+11 4.921549297930508e+11 4.977064433319005e+11 4.868923925726910e+11 4.905118039975071e+11
 4.935921541462868e+11 5.032579568707501e+11 5.062570503917379e+11 5.088094704095998e+11 5.002919157198827e+11 5.069916772934786e+11 5.143609839484495e+11 5.199124974872991e+11 5.136914388670745e+11 5.203912004406703e+11
 5.254640110261487e+11 5.310155245649984e+11 5.270909620142662e+11 5.337907235878621e+11 5.365670381038481e+11 5.421185516426978e+11 5.404904851614579e+11 5.471902467350538e+11 5.476700651815474e+11 5.532215787203970e+11
 5.538900083086498e+11 5.605897698822456e+11 5.587730922592467e+11 5.643246057980964e+11 5.672895314558414e+11 5.724757963435941e+11 5.698761193369460e+11 5.746815390736289e+11 5.814861791018406e+11 5.836208941250444e+11
 5.904965618600873e+11 5.925602491764602e+11 6.085173273765802e+11 6.104389592792913e+11 6.265380928930732e+11 6.283176693821224e+11 6.625796239260594e+11 6.640750895877848e+11 6.869845503889556e+11 6.876688654847756e+11
 7.229110196835770e+11 7.213895253655850e+11 7.277515783294938e+11 7.274060930655715e+11 7.007855902777778e+11 7.026055021367522e+11 6.233380492120728e+11 5.010541710904113e+11 6.230941172542736e+11 5.004314433092948e+11
 3.699162688078703e+11 2.353449964387466e+11 3.656953904024216e+11 2.338826566951568e+11 1.255450415108618e+11 5.309899172008549e+10 1.261706508190883e+11 5.279580662393165e+10 1.737071884459579e+10 3.805389178240732e+09
 1.730722767539173e+10 3.757160345441586e+09 5.291441180889428e+08 6.833112479967989e+07 5.834954760950860e+08 8.348829460470131e+07 5.206632278311914e+06 1.702918419471154e+06 1.127467948717943e+07 6.811673677884615e+06
 0.000000000000000e+00 0.000000000000000e+00 0.000000000000000e+00 0.000000000000000e+00 0.000000000000000e+00 0.000000000000000e+00 0.000000000000000e+00 0.000000000000000e+00 0.000000000000000e+00 0.000000000000000e+00
 0.000000000000000e+00 0.000000000000000e+00 0.000000000000000e+00 0.000000000000000e+00 0.000000000000000e+00 0.000000000000000e+00 0.000000000000000e+00 0.000000000000000e+00 0.000000000000000e+00 0.000000000000000e+00
 0.000000000000000e+00 0.000000000000000e+00 0.000000000000000e+00 0.000000000000000e+00 0.000000000000000e+00 0.000000000000000e+00 0.000000000000000e+00 0.000000000000000e+00 0.000000000000000e+00 0.000000000000000e+00
 0.000000000000000e+00 0.000000000000000e+00 0.000000000000000e+00 0.000000000000000e+00 0.000000000000000e+00 0.000000000000000e+00 0.000000000000000e+00 0.000000000000000e+00 0.000000000000000e+00 0.000000000000000e+00
 0.000000000000000e+00 0.000000000000000e+00 0.000000000000000e+00 0.000000000000000e+00 0.000000000000000e+00 0.000000000000000e+00 0.000000000000000e+00 0.000000000000000e+00 0.000000000000000e+00 0.000000000000000e+00
 0.000000000000000e+00 0.000000000000000e+00 0.000000000000000e+00 0.000000000000000e+00 0.000000000000000e+00 0.000000000000000e+00 0.000000000000000e+00 0.000000000000000e+00 0.000000000000000e+00 0.000000000000000e+00
 0.000000000000000e+00 0.000000000000000e+00 0.000000000000000e+00 0.000000000000000e+00 0.000000000000000e+00 0.000000000000000e+00 0.000000000000000e+00 0.000000000000000e+00 0.000000000000000e+00 0.000000000000000e+00
 0.000000000000000e+00 0.000000000000000e+00 0.000000000000000e+00 0.000000000000000e+00 0.000000000000000e+00 0.000000000000000e+00 0.000000000000000e+00 0.000000000000000e+00 0.000000000000000e+00 0.000000000000000e+00
 0.000000000000000e+00 0.000000000000000e+00 0.000000000000000e+00 0.000000000000000e+00 0.000000000000000e+00 0.000000000000000e+00 0.000000000000000e+00 0.000000000000000e+00 0.000000000000000e+00 0.000000000000000e+00
 0.000000000000000e+00 0.000000000000000e+00 0.000000000000000e+00 0.000000000000000e+00 0.000000000000000e+00 0.000000000000000e+00 0.000000000000000e+00 0.000000000000000e+00 0.000000000000000e+00 0.000000000000000e+00
 0.000000000000000e+00 0.000000000000000e+00 0.000000000000000e+00 0.000000000000000e+00 0.000000000000000e+00 0.000000000000000e+00 0.000000000000000e+00 0.000000000000000e+00 0.000000000000000e+00 0.000000000000000e+00
 0.000000000000000e+00 0.000000000000000e+00 0.000000000000000e+00 0.000000000000000e+00 0.000000000000000e+00 0.000000000000000e+00 0.000000000000000e+00 0.000000000000000e+00 0.000000000000000e+00 0.000000000000000e+00
 0.000000000000000e+00 0.000000000000000e+00 0.000000000000000e+00 0.000000000000000e+00 0.000000000000000e+00 0.000000000000000e+00 0.000000000000000e+00 0.000000000000000e+00 0.000000000000000e+00 0.000000000000000e+00
 0.000000000000000e+00 0.000000000000000e+00 0.000000000000000e+00 0.000000000000000e+00 0.000000000000000e+00 0.000000000000000e+00 0.000000000000000e+00 0.000000000000000e+00 0.000000000000000e+00 0.000000000000000e+00
 0.000000000000000e+00 0.000000000000000e+00 0.000000000000000e+00 0.000000000000000e+00 0.000000000000000e+00 0.000000000000000e+00 0.000000000000000e+00 0.000000000000000e+00 0.000000000000000e+00 0.000000000000000e+00
 0.000000000000000e+00 0.000000000000000e+00 0.000000000000000e+00 0.000000000000000e+00 0.000000000000000e+00 0.000000000000000e+00 0.000000000000000e+00 0.000000000000000e+00 0.000000000000000e+00 0.000000000000000e+00
 0.000000000000000e+00 0.000000000000000e+00 0.000000000000000e+00 0.000000000000000e+00 0.000000000000000e+00 0.000000000000000e+00 0.000000000000000e+00 0.000000000000000e+00 0.000000000000000e+00 0.000000000000000e+00
 0.000000000000000e+00 0.000000000000000e+00 0.000000000000000e+00 0.000000000000000e+00 0.000000000000000e+00 0.000000000000000e+00 0.000000000000000e+00 0.000000000000000e+00 0.000000000000000e+00 0.000000000000000e+00
 0.000000000000000e+00 0.000000000000000e+00 0.000000000000000e+00 0.000000000000000e+00 0.000000000000000e+00 0.000000000000000e+00 0.000000000000000e+00 0.000000000000000e+00 0.000000000000000e+00 0.000000000000000e+00
 0.000000000000000e+00 0.000000000000000e+00 0.000000000000000e+00 0.000000000000000e+00 0.000000000000000e+00 0.000000000000000e+00 0.000000000000000e+00 0.000000000000000e+00 0.000000000000000e+00 0.000000000000000e+00
 0.000000000000000e+00 0.000000000000000e+00 0.000000000000000e+00 0.000000000000000e+00 0.000000000000000e+00 0.000000000000000e+00 0.000000000000000e+00 0.000000000000000e+00 0.000000000000000e+00 0.000000000000000e+00
 0.000000000000000e+00 0.000000000000000e+00 0.000000000000000e+00 0.000000000000000e+00 0.000000000000000e+00 0.000000000000000e+00 0.000000000000000e+00 0.000000000000000e+00 0.000000000000000e+00 0.000000000000000e+00
 0.000000000000000e+00 0.000000000000000e+00 0.000000000000000e+00 0.000000000000000e+00 0.000000000000000e+00 0.000000000000000e+00 0.000000000000000e+00 0.000000000000000e+00 0.000000000000000e+00 0.000000000000000e+00
 0.000000000000000e+00 0.000000000000000e+00 0.000000000000000e+00 0.000000000000000e+00 0.000000000000000e+00 0.000000000000000e+00 0.000000000000000e+00 0.000000000000000e+00 0.000000000000000e+00 0.000000000000000e+00
 0.000000000000000e+00 0.000000000000000e+00 0.000000000000000e+00 0.000000000000000e+00 0.000000000000000e+00 0.000000000000000e+00 0.000000000000000e+00 0.000000000000000e+00 1.548118108765692e+06 1.393317798060230e+06
 6.192472435062768e+06 5.573271192240918e+06 1.238517487354767e+06 1.083717176649305e+06 4.954069949419069e+06 4.334868706597221e+06 9.289168659438434e+05 7.741165552383815e+05 3.715667463775374e+06 3.096466220953526e+06
 6.193162445329197e+05 4.645159338274578e+05 2.477264978131679e+06 1.858063735309831e+06 0.000000000000000e+00 0.000000000000000e+00 0.000000000000000e+00 0.000000000000000e+00 0.000000000000000e+00 0.000000000000000e+00
 0.000000000000000e+00 0.000000000000000e+00 0.000000000000000e+00 0.000000000000000e+00 0.000000000000000e+00 0.000000000000000e+00 0.000000000000000e+00 0.000000000000000e+00 0.000000000000000e+00 0.000000000000000e+00
 0.000000000000000e+00 0.000000000000000e+00 0.000000000000000e+00 0.000000000000000e+00 0.000000000000000e+00 0.000000000000000e+00 0.000000000000000e+00 0.000000000000000e+00 0.000000000000000e+00 0.000000000000000e+00
 0.000000000000000e+00 0.000000000000000e+00 0.000000000000000e+00 0.000000000000000e+00 0.000000000000000e+00 0.000000000000000e+00 0.000000000000000e+00 0.000000000000000e+00 0.000000000000000e+00 0.000000000000000e+00
 0.000000000000000e+00 0.000000000000000e+00 0.000000000000000e+00 0.000000000000000e+00 0.000000000000000e+00 0.000000000000000e+00 0.000000000000000e+00 0.000000000000000e+00 0.000000000000000e+00 0.000000000000000e+00
 0.000000000000000e+00 0.000000000000000e+00 0.000000000000000e+00 0.000000000000000e+00 0.000000000000000e+00 0.000000000000000e+00 0.000000000000000e+00 0.000000000000000e+00 0.000000000000000e+00 0.000000000000000e+00
 0.000000000000000e+00 0.000000000000000e+00 0.000000000000000e+00 0.000000000000000e+00 0.000000000000000e+00 0.000000000000000e+00 0.000000000000000e+00 0.000000000000000e+00 0.000000000000000e+00 0.000000000000000e+00
 0.000000000000000e+00 0.000000000000000e+00 0.000000000000000e+00 0.000000000000000e+00 0.000000000000000e+00 0.000000000000000e+00 0.000000000000000e+00 0.000000000000000e+00 0.000000000000000e+00 0.000000000000000e+00
 0.000000000000000e+00 0.000000000000000e+00 0.000000000000000e+00 0.000000000000000e+00 0.000000000000000e+00 0.000000000000000e+00 0.000000000000000e+00 0.000000000000000e+00 0.000000000000000e+00 0.000000000000000e+00
 0.000000000000000e+00 0.000000000000000e+00 0.000000000000000e+00 0.000000000000000e+00 0.000000000000000e+00 0.000000000000000e+00 0.000000000000000e+00 0.000000000000000e+00 0.000000000000000e+00 0.000000000000000e+00
 0.000000000000000e+00 0.000000000000000e+00 0.000000000000000e+00 0.000000000000000e+00 0.000000000000000e+00 0.000000000000000e+00 0.000000000000000e+00 0.000000000000000e+00 0.000000000000000e+00 0.000000000000000e+00
 0.000000000000000e+00 0.000000000000000e+00 0.000000000000000e+00 0.000000000000000e+00 0.000000000000000e+00 0.000000000000000e+00 0.000000000000000e+00 0.000000000000000e+00 0.000000000000000e+00 0.000000000000000e+00
 0.000000000000000e+00 0.000000000000000e+00 0.000000000000000e+00 0.000000000000000e+00 0.000000000000000e+00 0.000000000000000e+00 0.000000000000000e+00 0.000000000000000e+00 3.097156231219950e+05 1.549153124165331e+05
 1.238862492487980e+06 6.196612496661325e+05 2.257153111645300e+04 9.028612446581200e+04 1.805722489316241e+04 7.222889957264962e+04 0.000000000000000e+00 0.000000000000000e+00 0.000000000000000e+00 0.000000000000000e+00
 0.000000000000000e+00 0.000000000000000e+00 0.000000000000000e+00 0.000000000000000e+00 0.000000000000000e+00 0.000000000000000e+00 0.000000000000000e+00 0.000000000000000e+00 0.000000000000000e+00 0.000000000000000e+00
 0.000000000000000e+00 0.000000000000000e+00 0.000000000000000e+00 0.000000000000000e+00 0.000000000000000e+00 0.000000000000000e+00 0.000000000000000e+00 0.000000000000000e+00 0.000000000000000e+00 0.000000000000000e+00
 0.000000000000000e+00 0.000000000000000e+00 0.000000000000000e+00 0.000000000000000e+00 0.000000000000000e+00 0.000000000000000e+00 0.000000000000000e+00 0.000000000000000e+00 0.000000000000000e+00 0.000000000000000e+00
 0.000000000000000e+00 0.000000000000000e+00 0.000000000000000e+00 0.000000000000000e+00 0.000000000000000e+00 0.000000000000000e+00 0.000000000000000e+00 0.000000000000000e+00 0.000000000000000e+00 0.000000000000000e+00
 0.000000000000000e+00 0.000000000000000e+00 0.000000000000000e+00 0.000000000000000e+00 0.000000000000000e+00 0.000000000000000e+00 0.000000000000000e+00 0.000000000000000e+00 0.000000000000000e+00 0.000000000000000e+00
 0.000000000000000e+00 0.000000000000000e+00 0.000000000000000e+00 0.000000000000000e+00 0.000000000000000e+00 0.000000000000000e+00 0.000000000000000e+00 0.000000000000000e+00 0.000000000000000e+00 0.000000000000000e+00
 0.000000000000000e+00 0.000000000000000e+00 0.000000000000000e+00 0.000000000000000e+00 0.000000000000000e+00 0.000000000000000e+00 0.000000000000000e+00 0.000000000000000e+00 0.000000000000000e+00 0.000000000000000e+00
 0.000000000000000e+00 0.000000000000000e+00 0.000000000000000e+00 0.000000000000000e+00 0.000000000000000e+00 0.000000000000000e+00 0.000000000000000e+00 0.000000000000000e+00 0.000000000000000e+00 0.000000000000000e+00
 0.000000000000000e+00 0.000000000000000e+00 0.000000000000000e+00 0.000000000000000e+00 0.000000000000000e+00 0.000000000000000e+00 0.000000000000000e+00 0.000000000000000e+00 0.000000000000000e+00 0.000000000000000e+00
 0.000000000000000e+00 0.000000000000000e+00 0.000000000000000e+00 0.000000000000000e+00 0.000000000000000e+00 0.000000000000000e+00 0.000000000000000e+00 0.000000000000000e+00 0.000000000000000e+00 0.000000000000000e+00
 0.000000000000000e+00 0.000000000000000e+00 0.000000000000000e+00 0.000000000000000e+00 0.000000000000000e+00 0.000000000000000e+00 0.000000000000000e+00 0.000000000000000e+00 0.000000000000000e+00 0.000000000000000e+00
 0.000000000000000e+00 0.000000000000000e+00 0.000000000000000e+00 0.000000000000000e+00 0.000000000000000e+00 0.000000000000000e+00 0.000000000000000e+00 0.000000000000000e+00 0.000000000000000e+00 0.000000000000000e+00
 0.000000000000000e+00 0.000000000000000e+00 0.000000000000000e+00 0.000000000000000e+00 0.000000000000000e+00 0.000000000000000e+00 0.000000000000000e+00 0.000000000000000e+00 0.000000000000000e+00 0.000000000000000e+00
 0.000000000000000e+00 0.000000000000000e+00 0.000000000000000e+00 0.000000000000000e+00 0.000000000000000e+00 0.000000000000000e+00 0.000000000000000e+00 0.000000000000000e+00 0.000000000000000e+00 0.000000000000000e+00
 0.000000000000000e+00 0.000000000000000e+00 0.000000000000000e+00 0.000000000000000e+00 0.000000000000000e+00 0.000000000000000e+00 0.000000000000000e+00 0.000000000000000e+00 0.000000000000000e+00 0.000000000000000e+00
 0.000000000000000e+00 0.000000000000000e+00 0.000000000000000e+00 0.000000000000000e+00 0.000000000000000e+00 0.000000000000000e+00 0.000000000000000e+00 0.000000000000000e+00 0.000000000000000e+00 0.000000000000000e+00
 0.000000000000000e+00 0.000000000000000e+00 0.000000000000000e+00 0.000000000000000e+00 0.000000000000000e+00 0.000000000000000e+00 0.000000000000000e+00 0.000000000000000e+00 0.000000000000000e+00 0.000000000000000e+00
 0.000000000000000e+00 0.000000000000000e+00 0.000000000000000e+00 0.000000000000000e+00 0.000000000000000e+00 0.000000000000000e+00 0.000000000000000e+00 0.000000000000000e+00 0.000000000000000e+00 0.000000000000000e+00
 0.000000000000000e+00 0.000000000000000e+00 0.000000000000000e+00 0.000000000000000e+00 0.000000000000000e+00 0.000000000000000e+00 0.000000000000000e+00 0.000000000000000e+00 0.000000000000000e+00 0.000000000000000e+00
 0.000000000000000e+00 0.000000000000000e+00 0.000000000000000e+00 0.000000000000000e+00 0.000000000000000e+00 0.000000000000000e+00 0.000000000000000e+00 0.000000000000000e+00 0.000000000000000e+00 0.000000000000000e+00
 0.000000000000000e+00 0.000000000000000e+00 0.000000000000000e+00 0.000000000000000e+00 0.000000000000000e+00 0.000000000000000e+00 0.000000000000000e+00 0.000000000000000e+00 0.000000000000000e+00 0.000000000000000e+00
 0.000000000000000e+00 0.000000000000000e+00 0.000000000000000e+00 0.000000000000000e+00 0.000000000000000e+00 0.000000000000000e+00 0.000000000000000e+00 0.000000000000000e+00 0.000000000000000e+00 0.000000000000000e+00
 0.000000000000000e+00 0.000000000000000e+00 0.000000000000000e+00 0.000000000000000e+00 0.000000000000000e+00 0.000000000000000e+00 0.000000000000000e+00 0.000000000000000e+00 0.000000000000000e+00 0.000000000000000e+00
 0.000000000000000e+00 0.000000000000000e+00 0.000000000000000e+00 0.000000000000000e+00 0.000000000000000e+00 0.000000000000000e+00 0.000000000000000e+00 0.000000000000000e+00 0.000000000000000e+00 0.000000000000000e+00
 0.000000000000000e+00 0.000000000000000e+00 0.000000000000000e+00 0.000000000000000e+00 0.000000000000000e+00 0.000000000000000e+00 0.000000000000000e+00 0.000000000000000e+00 0.000000000000000e+00 0.000000000000000e+00
 0.000000000000000e+00 0.000000000000000e+00 0.000000000000000e+00 0.000000000000000e+00 0.000000000000000e+00 0.000000000000000e+00 0.000000000000000e+00 0.000000000000000e+00 0.000000000000000e+00 0.000000000000000e+00
 0.000000000000000e+00 0.000000000000000e+00 0.000000000000000e+00 0.000000000000000e+00 0.000000000000000e+00 0.000000000000000e+00 0.000000000000000e+00 0.000000000000000e+00 0.000000000000000e+00 0.000000000000000e+00
 0.000000000000000e+00 0.000000000000000e+00 0.000000000000000e+00 0.000000000000000e+00 0.000000000000000e+00 0.000000000000000e+00 0.000000000000000e+00 0.000000000000000e+00 0.000000000000000e+00 0.000000000000000e+00
 0.000000000000000e+00 0.000000000000000e+00 0.000000000000000e+00 0.000000000000000e+00 0.000000000000000e+00 0.000000000000000e+00 0.000000000000000e+00 0.000000000000000e+00 0.000000000000000e+00 0.000000000000000e+00
 0.000000000000000e+00 0.000000000000000e+00 0.000000000000000e+00 0.000000000000000e+00 0.000000000000000e+00 0.000000000000000e+00 0.000000000000000e+00 0.000000000000000e+00 0.000000000000000e+00 0.000000000000000e+00
 0.000000000000000e+00 0.000000000000000e+00 0.000000000000000e+00 0.000000000000000e+00 0.000000000000000e+00 0.000000000000000e+00 0.000000000000000e+00 0.000000000000000e+00 0.000000000000000e+00 0.000000000000000e+00
 0.000000000000000e+00 0.000000000000000e+00 0.000000000000000e+00 0.000000000000000e+00 0.000000000000000e+00 0.000000000000000e+00 0.000000000000000e+00 0.000000000000000e+00 0.000000000000000e+00 0.000000000000000e+00
 0.000000000000000e+00 0.000000000000000e+00 0.000000000000000e+00 0.000000000000000e+00 0.000000000000000e+00 0.000000000000000e+00 0.000000000000000e+00 0.000000000000000e+00 0.000000000000000e+00 0.000000000000000e+00
 0.000000000000000e+00 0.000000000000000e+00 0.000000000000000e+00 0.000000000000000e+00 0.000000000000000e+00 0.000000000000000e+00 0.000000000000000e+00 0.000000000000000e+00 0.000000000000000e+00 0.000000000000000e+00
 0.000000000000000e+00 0.000000000000000e+00 0.000000000000000e+00 0.000000000000000e+00 0.000000000000000e+00 0.000000000000000e+00 0.000000000000000e+00 0.000000000000000e+00 0.000000000000000e+00 0.000000000000000e+00
 0.000000000000000e+00 0.000000000000000e+00 0.000000000000000e+00 0.000000000000000e+00 0.000000000000000e+00 0.000000000000000e+00 0.000000000000000e+00 0.000000000000000e+00 0.000000000000000e+00 0.000000000000000e+00
 0.000000000000000e+00 0.000000000000000e+00 0.000000000000000e+00 0.000000000000000e+00 0.000000000000000e+00 0.000000000000000e+00 0.000000000000000e+00 0.000000000000000e+00 0.000000000000000e+00 0.000000000000000e+00
 0.000000000000000e+00 0.000000000000000e+00 0.000000000000000e+00 0.000000000000000e+00 0.000000000000000e+00 0.000000000000000e+00 0.000000000000000e+00 0.000000000000000e+00 0.000000000000000e+00 0.000000000000000e+00
 0.000000000000000e+00 0.000000000000000e+00 0.000000000000000e+00 0.000000000000000e+00 0.000000000000000e+00 0.000000000000000e+00 0.000000000000000e+00 0.000000000000000e+00 0.000000000000000e+00 0.000000000000000e+00
 0.000000000000000e+00 0.000000000000000e+00 0.000000000000000e+00 0.000000000000000e+00 0.000000000000000e+00 0.000000000000000e+00 0.000000000000000e+00 0.000000000000000e+00 0.000000000000000e+00 0.000000000000000e+00
 0.000000000000000e+00 0.000000000000000e+00 0.000000000000000e+00 0.000000000000000e+00 0.000000000000000e+00 0.000000000000000e+00 0.000000000000000e+00 0.000000000000000e+00 0.000000000000000e+00 0.000000000000000e+00
 0.000000000000000e+00 0.000000000000000e+00 0.000000000000000e+00 0.000000000000000e+00 0.000000000000000e+00 0.000000000000000e+00 0.000000000000000e+00 0.000000000000000e+00 0.000000000000000e+00 0.000000000000000e+00
 0.000000000000000e+00 0.000000000000000e+00 0.000000000000000e+00 0.000000000000000e+00 0.000000000000000e+00 0.000000000000000e+00 0.000000000000000e+00 0.000000000000000e+00 0.000000000000000e+00 0.000000000000000e+00
 0.000000000000000e+00 0.000000000000000e+00 0.000000000000000e+00 0.000000000000000e+00 0.000000000000000e+00 0.000000000000000e+00 0.000000000000000e+00 0.000000000000000e+00 0.000000000000000e+00 0.000000000000000e+00
 0.000000000000000e+00 0.000000000000000e+00 0.000000000000000e+00 0.000000000000000e+00 0.000000000000000e+00 0.000000000000000e+00 0.000000000000000e+00 0.000000000000000e+00 0.000000000000000e+00 0.000000000000000e+00
 0.000000000000000e+00 0.000000000000000e+00 0.000000000000000e+00 0.000000000000000e+00 0.000000000000000e+00 0.000000000000000e+00 0.000000000000000e+00 0.000000000000000e+00 0.000000000000000e+00 0.000000000000000e+00
 0.000000000000000e+00 1.580007178151709e+04 6.320028712606838e+04 1.354291866987181e+04 5.417167467948725e+04 1.241434211404916e+04 4.965736845619662e+04 1.128576555822650e+04 4.514306223290600e+04 1.072147728031519e+04
 4.288590912126075e+04 1.043933314135950e+04 4.175733256543800e+04 1.015718900240384e+04 4.062875600961538e+04 1.001611693292603e+04 9.875044863448185e+03 4.006446773170411e+04 3.950017945379274e+04 9.733972793970343e+03
 9.592900724492500e+03 3.893589117588137e+04 3.837160289797000e+04 9.451828655014657e+03 9.310756585536845e+03 3.780731462005863e+04 3.724302634214738e+04 9.169684516059031e+03 9.028612446581188e+03 3.667873806423612e+04
 3.611444978632475e+04 0.000000000000000e+00 0.000000000000000e+00 0.000000000000000e+00 0.000000000000000e+00 0.000000000000000e+00 0.000000000000000e+00 0.000000000000000e+00 0.000000000000000e+00 0.000000000000000e+00
 0.000000000000000e+00 0.000000000000000e+00 0.000000000000000e+00 0.000000000000000e+00 0.000000000000000e+00 0.000000000000000e+00 0.000000000000000e+00 0.000000000000000e+00 0.000000000000000e+00 0.000000000000000e+00
 0.000000000000000e+00 0.000000000000000e+00 0.000000000000000e+00 0.000000000000000e+00 0.000000000000000e+00 0.000000000000000e+00 0.000000000000000e+00 0.000000000000000e+00 0.000000000000000e+00 0.000000000000000e+00
 0.000000000000000e+00 0.000000000000000e+00 0.000000000000000e+00 0.000000000000000e+00 0.000000000000000e+00 0.000000000000000e+00 0.000000000000000e+00 0.000000000000000e+00 0.000000000000000e+00 0.000000000000000e+00
 0.000000000000000e+00 0.000000000000000e+00 0.000000000000000e+00 0.000000000000000e+00 0.000000000000000e+00 0.000000000000000e+00 0.000000000000000e+00 0.000000000000000e+00 0.000000000000000e+00 0.000000000000000e+00
 0.000000000000000e+00 0.000000000000000e+00 0.000000000000000e+00 0.000000000000000e+00 0.000000000000000e+00 0.000000000000000e+00 0.000000000000000e+00 0.000000000000000e+00 0.000000000000000e+00 0.000000000000000e+00
 0.000000000000000e+00 0.000000000000000e+00 0.000000000000000e+00 0.000000000000000e+00 0.000000000000000e+00 0.000000000000000e+00 0.000000000000000e+00 0.000000000000000e+00 0.000000000000000e+00 0.000000000000000e+00
 0.000000000000000e+00 0.000000000000000e+00 0.000000000000000e+00 0.000000000000000e+00 0.000000000000000e+00 0.000000000000000e+00 0.000000000000000e+00 0.000000000000000e+00 0.000000000000000e+00 0.000000000000000e+00
 0.000000000000000e+00 0.000000000000000e+00 0.000000000000000e+00 0.000000000000000e+00 0.000000000000000e+00 0.000000000000000e+00 0.000000000000000e+00 0.000000000000000e+00 0.000000000000000e+00 0.000000000000000e+00
 0.000000000000000e+00 0.000000000000000e+00 0.000000000000000e+00 0.000000000000000e+00 0.000000000000000e+00 0.000000000000000e+00 0.000000000000000e+00 0.000000000000000e+00 0.000000000000000e+00 0.000000000000000e+00
 0.000000000000000e+00 0.000000000000000e+00 0.000000000000000e+00 0.000000000000000e+00 0.000000000000000e+00 0.000000000000000e+00 0.000000000000000e+00 0.000000000000000e+00 0.000000000000000e+00 0.000000000000000e+00
 0.000000000000000e+00 0.000000000000000e+00 0.000000000000000e+00 0.000000000000000e+00 0.000000000000000e+00 0.000000000000000e+00 0.000000000000000e+00 0.000000000000000e+00 0.000000000000000e+00 0.000000000000000e+00
 0.000000000000000e+00 0.000000000000000e+00 0.000000000000000e+00 0.000000000000000e+00 0.000000000000000e+00 0.000000000000000e+00 0.000000000000000e+00 0.000000000000000e+00 0.000000000000000e+00 0.000000000000000e+00
 0.000000000000000e+00 0.000000000000000e+00 0.000000000000000e+00 0.000000000000000e+00 0.000000000000000e+00 0.000000000000000e+00 0.000000000000000e+00 0.000000000000000e+00 0.000000000000000e+00 0.000000000000000e+00
 0.000000000000000e+00 0.000000000000000e+00 0.000000000000000e+00 0.000000000000000e+00 0.000000000000000e+00 0.000000000000000e+00 0.000000000000000e+00 0.000000000000000e+00 0.000000000000000e+00 0.000000000000000e+00
 0.000000000000000e+00 0.000000000000000e+00 0.000000000000000e+00 0.000000000000000e+00 0.000000000000000e+00 0.000000000000000e+00 0.000000000000000e+00 0.000000000000000e+00 0.000000000000000e+00 0.000000000000000e+00
 0.000000000000000e+00 0.000000000000000e+00 0.000000000000000e+00 0.000000000000000e+00 0.000000000000000e+00 0.000000000000000e+00 0.000000000000000e+00 0.000000000000000e+00 0.000000000000000e+00 0.000000000000000e+00
 0.000000000000000e+00 0.000000000000000e+00 0.000000000000000e+00 0.000000000000000e+00 0.000000000000000e+00 0.000000000000000e+00 0.000000000000000e+00 0.000000000000000e+00 0.000000000000000e+00 0.000000000000000e+00
 0.000000000000000e+00 0.000000000000000e+00 0.000000000000000e+00 0.000000000000000e+00 0.000000000000000e+00 0.000000000000000e+00 0.000000000000000e+00 0.000000000000000e+00 0.000000000000000e+00 0.000000000000000e+00
 0.000000000000000e+00 0.000000000000000e+00 0.000000000000000e+00 0.000000000000000e+00 0.000000000000000e+00 0.000000000000000e+00 0.000000000000000e+00 0.000000000000000e+00 0.000000000000000e+00 0.000000000000000e+00
 0.000000000000000e+00 0.000000000000000e+00 0.000000000000000e+00 0.000000000000000e+00 0.000000000000000e+00 0.000000000000000e+00 0.000000000000000e+00 0.000000000000000e+00 0.000000000000000e+00 0.000000000000000e+00
 0.000000000000000e+00 0.000000000000000e+00 0.000000000000000e+00 0.000000000000000e+00 0.000000000000000e+00 0.000000000000000e+00 0.000000000000000e+00 0.000000000000000e+00 0.000000000000000e+00 0.000000000000000e+00
 0.000000000000000e+00 0.000000000000000e+00 0.000000000000000e+00 0.000000000000000e+00 0.000000000000000e+00 0.000000000000000e+00 0.000000000000000e+00 0.000000000000000e+00 0.000000000000000e+00 0.000000000000000e+00
 0.000000000000000e+00 0.000000000000000e+00 0.000000000000000e+00 0.000000000000000e+00 0.000000000000000e+00 0.000000000000000e+00 0.000000000000000e+00 0.000000000000000e+00 0.000000000000000e+00 0.000000000000000e+00
 0.000000000000000e+00 0.000000000000000e+00 0.000000000000000e+00 0.000000000000000e+00 0.000000000000000e+00 0.000000000000000e+00 0.000000000000000e+00 0.000000000000000e+00 0.000000000000000e+00 0.000000000000000e+00
 0.000000000000000e+00 0.000000000000000e+00 0.000000000000000e+00 0.000000000000000e+00 0.000000000000000e+00 0.000000000000000e+00 0.000000000000000e+00 0.000000000000000e+00 0.000000000000000e+00 0.000000000000000e+00
 0.000000000000000e+00 0.000000000000000e+00 0.000000000000000e+00 0.000000000000000e+00 0.000000000000000e+00 0.000000000000000e+00 0.000000000000000e+00 0.000000000000000e+00 0.000000000000000e+00 0.000000000000000e+00
 0.000000000000000e+00 0.000000000000000e+00 0.000000000000000e+00 0.000000000000000e+00 0.000000000000000e+00 0.000000000000000e+00 0.000000000000000e+00 0.000000000000000e+00 0.000000000000000e+00 0.000000000000000e+00
 0.000000000000000e+00 0.000000000000000e+00 0.000000000000000e+00 0.000000000000000e+00 0.000000000000000e+00 0.000000000000000e+00 0.000000000000000e+00 0.000000000000000e+00 0.000000000000000e+00 0.000000000000000e+00
 0.000000000000000e+00 0.000000000000000e+00 0.000000000000000e+00 0.000000000000000e+00 0.000000000000000e+00 0.000000000000000e+00 0.000000000000000e+00 0.000000000000000e+00 0.000000000000000e+00 0.000000000000000e+00
 0.000000000000000e+00 0.000000000000000e+00 0.000000000000000e+00 0.000000000000000e+00 0.000000000000000e+00 0.000000000000000e+00 0.000000000000000e+00 0.000000000000000e+00 0.000000000000000e+00 0.000000000000000e+00
 0.000000000000000e+00 0.000000000000000e+00 0.000000000000000e+00 0.000000000000000e+00 0.000000000000000e+00 0.000000000000000e+00 0.000000000000000e+00 0.000000000000000e+00 0.000000000000000e+00 0.000000000000000e+00
 0.000000000000000e+00 0.000000000000000e+00 0.000000000000000e+00 0.000000000000000e+00 0.000000000000000e+00 0.000000000000000e+00 0.000000000000000e+00 0.000000000000000e+00 0.000000000000000e+00 0.000000000000000e+00
 0.000000000000000e+00 0.000000000000000e+00 0.000000000000000e+00 0.000000000000000e+00 0.000000000000000e+00 0.000000000000000e+00 0.000000000000000e+00 0.000000000000000e+00 0.000000000000000e+00 0.000000000000000e+00
 0.000000000000000e+00 0.000000000000000e+00 0.000000000000000e+00 0.000000000000000e+00 0.000000000000000e+00 0.000000000000000e+00 0.000000000000000e+00 0.000000000000000e+00 0.000000000000000e+00 0.000000000000000e+00
 0.000000000000000e+00 0.000000000000000e+00 0.000000000000000e+00 0.000000000000000e+00 0.000000000000000e+00 0.000000000000000e+00 0.000000000000000e+00 0.000000000000000e+00 0.000000000000000e+00 0.000000000000000e+00
 0.000000000000000e+00 0.000000000000000e+00 0.000000000000000e+00 0.000000000000000e+00 0.000000000000000e+00 0.000000000000000e+00 0.000000000000000e+00 0.000000000000000e+00 0.000000000000000e+00 0.000000000000000e+00
 0.000000000000000e+00 0.000000000000000e+00 0.000000000000000e+00 0.000000000000000e+00 0.000000000000000e+00 0.000000000000000e+00 0.000000000000000e+00 0.000000000000000e+00 0.000000000000000e+00 0.000000000000000e+00
 0.000000000000000e+00 0.000000000000000e+00 0.000000000000000e+00 0.000000000000000e+00 0.000000000000000e+00 0.000000000000000e+00 0.000000000000000e+00 0.000000000000000e+00 0.000000000000000e+00 0.000000000000000e+00
 0.000000000000000e+00 0.000000000000000e+00 0.000000000000000e+00 0.000000000000000e+00 0.000000000000000e+00 0.000000000000000e+00 0.000000000000000e+00 0.000000000000000e+00 0.000000000000000e+00 0.000000000000000e+00
 0.000000000000000e+00 0.000000000000000e+00 0.000000000000000e+00 0.000000000000000e+00 0.000000000000000e+00 0.000000000000000e+00 0.000000000000000e+00 0.000000000000000e+00 0.000000000000000e+00 0.000000000000000e+00
 0.000000000000000e+00 0.000000000000000e+00 0.000000000000000e+00 0.000000000000000e+00 0.000000000000000e+00 0.000000000000000e+00 0.000000000000000e+00 0.000000000000000e+00 0.000000000000000e+00 0.000000000000000e+00
 0.000000000000000e+00 0.000000000000000e+00 0.000000000000000e+00 0.000000000000000e+00 0.000000000000000e+00 0.000000000000000e+00 0.000000000000000e+00 0.000000000000000e+00 0.000000000000000e+00 0.000000000000000e+00
 0.000000000000000e+00 0.000000000000000e+00 0.000000000000000e+00 0.000000000000000e+00 0.000000000000000e+00 0.000000000000000e+00 0.000000000000000e+00 0.000000000000000e+00 0.000000000000000e+00 0.000000000000000e+00
 0.000000000000000e+00 0.000000000000000e+00 0.000000000000000e+00 0.000000000000000e+00 0.000000000000000e+00 0.000000000000000e+00 0.000000000000000e+00 0.000000000000000e+00 0.000000000000000e+00 0.000000000000000e+00
 0.000000000000000e+00 0.000000000000000e+00 0.000000000000000e+00 0.000000000000000e+00 0.000000000000000e+00 0.000000000000000e+00 0.000000000000000e+00 0.000000000000000e+00 0.000000000000000e+00 0.000000000000000e+00
 0.000000000000000e+00 0.000000000000000e+00 0.000000000000000e+00 0.000000000000000e+00 0.000000000000000e+00 0.000000000000000e+00 0.000000000000000e+00 0.000000000000000e+00 0.000000000000000e+00 0.000000000000000e+00
 0.000000000000000e+00 0.000000000000000e+00 0.000000000000000e+00 0.000000000000000e+00 0.000000000000000e+00 0.000000000000000e+00 0.000000000000000e+00 0.000000000000000e+00 0.000000000000000e+00 0.000000000000000e+00
 0.000000000000000e+00 0.000000000000000e+00 0.000000000000000e+00 0.000000000000000e+00 0.000000000000000e+00 0.000000000000000e+00 0.000000000000000e+00 0.000000000000000e+00 0.000000000000000e+00 0.000000000000000e+00
 0.000000000000000e+00 0.000000000000000e+00 0.000000000000000e+00 0.000000000000000e+00 0.000000000000000e+00 0.000000000000000e+00 0.000000000000000e+00 0.000000000000000e+00 0.000000000000000e+00 0.000000000000000e+00
 0.000000000000000e+00 0.000000000000000e+00 0.000000000000000e+00 0.000000000000000e+00 0.000000000000000e+00 0.000000000000000e+00 0.000000000000000e+00 0.000000000000000e+00 0.000000000000000e+00 0.000000000000000e+00
 0.000000000000000e+00 0.000000000000000e+00 0.000000000000000e+00 0.000000000000000e+00 0.000000000000000e+00 0.000000000000000e+00 0.000000000000000e+00 0.000000000000000e+00 0.000000000000000e+00 0.000000000000000e+00
 0.000000000000000e+00 0.000000000000000e+00 0.000000000000000e+00 0.000000000000000e+00 0.000000000000000e+00 0.000000000000000e+00 0.000000000000000e+00 0.000000000000000e+00 0.000000000000000e+00 0.000000000000000e+00
 0.000000000000000e+00 0.000000000000000e+00 0.000000000000000e+00 0.000000000000000e+00 0.000000000000000e+00 0.000000000000000e+00 0.000000000000000e+00 0.000000000000000e+00 0.000000000000000e+00 0.000000000000000e+00
 0.000000000000000e+00 0.000000000000000e+00 0.000000000000000e+00 0.000000000000000e+00 0.000000000000000e+00 0.000000000000000e+00 0.000000000000000e+00 0.000000000000000e+00 0.000000000000000e+00 0.000000000000000e+00
 0.000000000000000e+00 0.000000000000000e+00 0.000000000000000e+00 0.000000000000000e+00 0.000000000000000e+00 0.000000000000000e+00 0.000000000000000e+00 0.000000000000000e+00 0.000000000000000e+00 0.000000000000000e+00
 0.000000000000000e+00 0.000000000000000e+00 0.000000000000000e+00 0.000000000000000e+00 0.000000000000000e+00 0.000000000000000e+00 0.000000000000000e+00 0.000000000000000e+00 0.000000000000000e+00 0.000000000000000e+00
 0.000000000000000e+00 0.000000000000000e+00 0.000000000000000e+00 0.000000000000000e+00 0.000000000000000e+00 0.000000000000000e+00 0.000000000000000e+00 0.000000000000000e+00 0.000000000000000e+00 0.000000000000000e+00
 0.000000000000000e+00 0.000000000000000e+00 0.000000000000000e+00 0.000000000000000e+00 0.000000000000000e+00 0.000000000000000e+00 0.000000000000000e+00 0.000000000000000e+00 0.000000000000000e+00 0.000000000000000e+00
 0.000000000000000e+00 0.000000000000000e+00 0.000000000000000e+00 0.000000000000000e+00 0.000000000000000e+00 0.000000000000000e+00 0.000000000000000e+00 0.000000000000000e+00 0.000000000000000e+00 0.000000000000000e+00
 0.000000000000000e+00 0.000000000000000e+00 0.000000000000000e+00 0.000000000000000e+00 0.000000000000000e+00 0.000000000000000e+00 0.000000000000000e+00 0.000000000000000e+00 0.000000000000000e+00 0.000000000000000e+00
 0.000000000000000e+00 0.000000000000000e+00 0.000000000000000e+00 0.000000000000000e+00 0.000000000000000e+00 0.000000000000000e+00 0.000000000000000e+00 0.000000000000000e+00 0.000000000000000e+00 0.000000000000000e+00
 0.000000000000000e+00 0.000000000000000e+00 0.000000000000000e+00 0.000000000000000e+00 0.000000000000000e+00 0.000000000000000e+00 0.000000000000000e+00 0.000000000000000e+00 0.000000000000000e+00 0.000000000000000e+00
 0.000000000000000e+00 0.000000000000000e+00 0.000000000000000e+00 0.000000000000000e+00 0.000000000000000e+00 0.000000000000000e+00 0.000000000000000e+00 0.000000000000000e+00 0.000000000000000e+00 0.000000000000000e+00
 0.000000000000000e+00 0.000000000000000e+00 0.000000000000000e+00 0.000000000000000e+00 0.000000000000000e+00 0.000000000000000e+00 0.000000000000000e+00 0.000000000000000e+00 0.000000000000000e+00 0.000000000000000e+00
 0.000000000000000e+00 0.000000000000000e+00 0.000000000000000e+00 0.000000000000000e+00 0.000000000000000e+00 0.000000000000000e+00 0.000000000000000e+00 0.000000000000000e+00 0.000000000000000e+00 0.000000000000000e+00
 0.000000000000000e+00 0.000000000000000e+00 0.000000000000000e+00 0.000000000000000e+00 0.000000000000000e+00 0.000000000000000e+00 0.000000000000000e+00 0.000000000000000e+00 0.000000000000000e+00 0.000000000000000e+00
 0.000000000000000e+00 0.000000000000000e+00 0.000000000000000e+00 0.000000000000000e+00 0.000000000000000e+00 0.000000000000000e+00 0.000000000000000e+00 0.000000000000000e+00 0.000000000000000e+00 0.000000000000000e+00
 0.000000000000000e+00 0.000000000000000e+00 0.000000000000000e+00 0.000000000000000e+00 0.000000000000000e+00 0.000000000000000e+00 0.000000000000000e+00 0.000000000000000e+00 0.000000000000000e+00 0.000000000000000e+00
 0.000000000000000e+00 0.000000000000000e+00 0.000000000000000e+00 0.000000000000000e+00 0.000000000000000e+00 0.000000000000000e+00 0.000000000000000e+00 0.000000000000000e+00 0.000000000000000e+00 0.000000000000000e+00
 0.000000000000000e+00 0.000000000000000e+00 0.000000000000000e+00 0.000000000000000e+00 0.000000000000000e+00 0.000000000000000e+00 0.000000000000000e+00 0.000000000000000e+00 0.000000000000000e+00 0.000000000000000e+00
 0.000000000000000e+00 0.000000000000000e+00 0.000000000000000e+00 0.000000000000000e+00 0.000000000000000e+00 0.000000000000000e+00 0.000000000000000e+00 0.000000000000000e+00 0.000000000000000e+00 0.000000000000000e+00
 0.000000000000000e+00 0.000000000000000e+00 0.000000000000000e+00 0.000000000000000e+00 0.000000000000000e+00 0.000000000000000e+00 0.000000000000000e+00 0.000000000000000e+00 0.000000000000000e+00 0.000000000000000e+00
 0.000000000000000e+00 0.000000000000000e+00 0.000000000000000e+00 0.000000000000000e+00 0.000000000000000e+00 0.000000000000000e+00 0.000000000000000e+00 0.000000000000000e+00 0.000000000000000e+00 0.000000000000000e+00
 0.000000000000000e+00 0.000000000000000e+00 0.000000000000000e+00 0.000000000000000e+00 0.000000000000000e+00 0.000000000000000e+00 0.000000000000000e+00 0.000000000000000e+00 0.000000000000000e+00 0.000000000000000e+00
 0.000000000000000e+00 0.000000000000000e+00 0.000000000000000e+00 0.000000000000000e+00 0.000000000000000e+00 0.000000000000000e+00 0.000000000000000e+00 0.000000000000000e+00 0.000000000000000e+00 0.000000000000000e+00
 0.000000000000000e+00 0.000000000000000e+00 8.887540377103343e+03 8.746468307625531e+03 3.555016150841337e+04 3.498587323050213e+04 8.605396238147718e+03 8.464324168669875e+03 3.442158495259087e+04 3.385729667467950e+04
 0.000000000000000e+00 0.000000000000000e+00 0.000000000000000e+00 0.000000000000000e+00 0.000000000000000e+00 0.000000000000000e+00 8.323252099192032e+03 8.302172364672368e+03 8.182180029714189e+03 3.329300839676813e+04
 3.320868945868947e+04 3.272872011885676e+04 0.000000000000000e+00 0.000000000000000e+00 0.000000000000000e+00 0.000000000000000e+00 8.041107960236346e+03 3.216443184094538e+04 7.900035890758531e+03 3.160014356303413e+04
 0.000000000000000e+00 0.000000000000000e+00 0.000000000000000e+00 0.000000000000000e+00 7.758963821280719e+03 3.103585528512288e+04 7.617891751802876e+03 3.047156700721150e+04 0.000000000000000e+00 0.000000000000000e+00
 0.000000000000000e+00 0.000000000000000e+00 7.476819682325033e+03 2.990727872930013e+04 7.335747612847190e+03 2.934299045138876e+04 0.000000000000000e+00 0.000000000000000e+00 0.000000000000000e+00 0.000000000000000e+00
 7.194675543369347e+03 2.877870217347739e+04 7.053603473891532e+03 2.821441389556613e+04 0.000000000000000e+00 0.000000000000000e+00 0.000000000000000e+00 0.000000000000000e+00 6.912531404413718e+03 2.765012561765487e+04
 6.771459334935875e+03 2.708583733974350e+04 0.000000000000000e+00 0.000000000000000e+00 0.000000000000000e+00 0.000000000000000e+00 6.630387265458032e+03 2.652154906183213e+04 6.489315195980220e+03 2.595726078392088e+04
 0.000000000000000e+00 0.000000000000000e+00 6.207171057024562e+03 2.482868422809825e+04 0.000000000000000e+00 0.000000000000000e+00 0.000000000000000e+00 0.000000000000000e+00 5.925026918068907e+03 2.370010767227563e+04
 5.642882779113250e+03 2.257153111645300e+04 0.000000000000000e+00 0.000000000000000e+00 0.000000000000000e+00 0.000000000000000e+00 5.360738640157592e+03 2.144295456063037e+04 5.078594501201937e+03 2.031437800480775e+04
 0.000000000000000e+00 0.000000000000000e+00 0.000000000000000e+00 0.000000000000000e+00 4.796450362246252e+03 1.918580144898501e+04 4.514306223290594e+03 1.805722489316238e+04 0.000000000000000e+00 0.000000000000000e+00
 0.000000000000000e+00 0.000000000000000e+00 0.000000000000000e+00 0.000000000000000e+00 0.000000000000000e+00 0.000000000000000e+00 0.000000000000000e+00 0.000000000000000e+00 0.000000000000000e+00 0.000000000000000e+00
 0.000000000000000e+00 0.000000000000000e+00 0.000000000000000e+00 0.000000000000000e+00 0.000000000000000e+00 0.000000000000000e+00 0.000000000000000e+00 0.000000000000000e+00 0.000000000000000e+00 0.000000000000000e+00
 0.000000000000000e+00 0.000000000000000e+00 0.000000000000000e+00 0.000000000000000e+00 0.000000000000000e+00 0.000000000000000e+00 0.000000000000000e+00 0.000000000000000e+00 0.000000000000000e+00 0.000000000000000e+00
 0.000000000000000e+00 0.000000000000000e+00 0.000000000000000e+00 0.000000000000000e+00 0.000000000000000e+00 0.000000000000000e+00 0.000000000000000e+00 0.000000000000000e+00 0.000000000000000e+00 0.000000000000000e+00
 0.000000000000000e+00 0.000000000000000e+00 0.000000000000000e+00 0.000000000000000e+00 0.000000000000000e+00 0.000000000000000e+00 0.000000000000000e+00 0.000000000000000e+00 0.000000000000000e+00 0.000000000000000e+00
 0.000000000000000e+00 0.000000000000000e+00 0.000000000000000e+00 0.000000000000000e+00 0.000000000000000e+00 0.000000000000000e+00 0.000000000000000e+00 0.000000000000000e+00 0.000000000000000e+00 0.000000000000000e+00
 0.000000000000000e+00 0.000000000000000e+00 0.000000000000000e+00 0.000000000000000e+00 0.000000000000000e+00 0.000000000000000e+00 0.000000000000000e+00 0.000000000000000e+00 0.000000000000000e+00 0.000000000000000e+00
 0.000000000000000e+00 0.000000000000000e+00 0.000000000000000e+00 0.000000000000000e+00 0.000000000000000e+00 0.000000000000000e+00 0.000000000000000e+00 0.000000000000000e+00 0.000000000000000e+00 0.000000000000000e+00
 0.000000000000000e+00 0.000000000000000e+00 0.000000000000000e+00 0.000000000000000e+00 0.000000000000000e+00 0.000000000000000e+00 0.000000000000000e+00 0.000000000000000e+00 0.000000000000000e+00 0.000000000000000e+00
 0.000000000000000e+00 0.000000000000000e+00 0.000000000000000e+00 0.000000000000000e+00 0.000000000000000e+00 0.000000000000000e+00 0.000000000000000e+00 0.000000000000000e+00 0.000000000000000e+00 0.000000000000000e+00
 0.000000000000000e+00 0.000000000000000e+00 0.000000000000000e+00 0.000000000000000e+00 0.000000000000000e+00 0.000000000000000e+00 0.000000000000000e+00 0.000000000000000e+00 0.000000000000000e+00 0.000000000000000e+00
 0.000000000000000e+00 0.000000000000000e+00 0.000000000000000e+00 0.000000000000000e+00 0.000000000000000e+00 0.000000000000000e+00 0.000000000000000e+00 0.000000000000000e+00 0.000000000000000e+00 0.000000000000000e+00
 0.000000000000000e+00 0.000000000000000e+00 0.000000000000000e+00 0.000000000000000e+00 0.000000000000000e+00 0.000000000000000e+00 0.000000000000000e+00 0.000000000000000e+00 0.000000000000000e+00 0.000000000000000e+00
 0.000000000000000e+00 0.000000000000000e+00 0.000000000000000e+00 0.000000000000000e+00 0.000000000000000e+00 0.000000000000000e+00 0.000000000000000e+00 0.000000000000000e+00 0.000000000000000e+00 0.000000000000000e+00
 0.000000000000000e+00 0.000000000000000e+00 0.000000000000000e+00 0.000000000000000e+00 0.000000000000000e+00 0.000000000000000e+00 0.000000000000000e+00 0.000000000000000e+00 0.000000000000000e+00 0.000000000000000e+00
 0.000000000000000e+00 0.000000000000000e+00 0.000000000000000e+00 0.000000000000000e+00 0.000000000000000e+00 0.000000000000000e+00 0.000000000000000e+00 0.000000000000000e+00 0.000000000000000e+00 0.000000000000000e+00
 0.000000000000000e+00 0.000000000000000e+00 0.000000000000000e+00 0.000000000000000e+00 0.000000000000000e+00 0.000000000000000e+00 0.000000000000000e+00 0.000000000000000e+00 0.000000000000000e+00 0.000000000000000e+00
 0.000000000000000e+00 0.000000000000000e+00 0.000000000000000e+00 0.000000000000000e+00 0.000000000000000e+00 0.000000000000000e+00 0.000000000000000e+00 0.000000000000000e+00 0.000000000000000e+00 0.000000000000000e+00
 0.000000000000000e+00 0.000000000000000e+00 0.000000000000000e+00 0.000000000000000e+00 0.000000000000000e+00 0.000000000000000e+00 0.000000000000000e+00 0.000000000000000e+00 0.000000000000000e+00 0.000000000000000e+00
 0.000000000000000e+00 0.000000000000000e+00 0.000000000000000e+00 0.000000000000000e+00 0.000000000000000e+00 0.000000000000000e+00 0.000000000000000e+00 0.000000000000000e+00 0.000000000000000e+00 0.000000000000000e+00
 0.000000000000000e+00 0.000000000000000e+00 0.000000000000000e+00 0.000000000000000e+00 0.000000000000000e+00 0.000000000000000e+00 0.000000000000000e+00 0.000000000000000e+00 0.000000000000000e+00 0.000000000000000e+00
 0.000000000000000e+00 0.000000000000000e+00 0.000000000000000e+00 0.000000000000000e+00 0.000000000000000e+00 0.000000000000000e+00 0.000000000000000e+00 0.000000000000000e+00 0.000000000000000e+00 0.000000000000000e+00
 0.000000000000000e+00 0.000000000000000e+00 0.000000000000000e+00 0.000000000000000e+00 0.000000000000000e+00 0.000000000000000e+00 0.000000000000000e+00 0.000000000000000e+00 0.000000000000000e+00 0.000000000000000e+00
 0.000000000000000e+00 0.000000000000000e+00 0.000000000000000e+00 0.000000000000000e+00 4.232162084334936e+03 1.692864833733975e+04 3.950017945379250e+03 1.580007178151700e+04 0.000000000000000e+00 0.000000000000000e+00
 0.000000000000000e+00 0.000000000000000e+00 3.667873806423595e+03 1.467149522569438e+04 3.385729667467937e+03 1.354291866987175e+04 0.000000000000000e+00 0.000000000000000e+00 0.000000000000000e+00 0.000000000000000e+00
 3.103585528512283e+03 1.241434211404913e+04 2.821441389556625e+03 1.128576555822650e+04 0.000000000000000e+00 0.000000000000000e+00 0.000000000000000e+00 0.000000000000000e+00 2.539297250600967e+03 1.015718900240387e+04
 2.257153111645312e+03 9.028612446581250e+03 0.000000000000000e+00 0.000000000000000e+00 0.000000000000000e+00 0.000000000000000e+00 0.000000000000000e+00 0.000000000000000e+00 0.000000000000000e+00 0.000000000000000e+00
 0.000000000000000e+00 0.000000000000000e+00 0.000000000000000e+00 0.000000000000000e+00 0.000000000000000e+00 0.000000000000000e+00 0.000000000000000e+00 0.000000000000000e+00 0.000000000000000e+00 0.000000000000000e+00
 0.000000000000000e+00 0.000000000000000e+00 0.000000000000000e+00 0.000000000000000e+00 0.000000000000000e+00 0.000000000000000e+00 0.000000000000000e+00 0.000000000000000e+00 0.000000000000000e+00 0.000000000000000e+00
 0.000000000000000e+00 0.000000000000000e+00 0.000000000000000e+00 0.000000000000000e+00 0.000000000000000e+00 0.000000000000000e+00 0.000000000000000e+00 0.000000000000000e+00 0.000000000000000e+00 0.000000000000000e+00
 0.000000000000000e+00 0.000000000000000e+00 0.000000000000000e+00 0.000000000000000e+00 0.000000000000000e+00 0.000000000000000e+00 0.000000000000000e+00 0.000000000000000e+00 0.000000000000000e+00 0.000000000000000e+00
 0.000000000000000e+00 0.000000000000000e+00 0.000000000000000e+00 0.000000000000000e+00 0.000000000000000e+00 0.000000000000000e+00 0.000000000000000e+00 0.000000000000000e+00 0.000000000000000e+00 0.000000000000000e+00
 0.000000000000000e+00 0.000000000000000e+00 0.000000000000000e+00 0.000000000000000e+00 0.000000000000000e+00 0.000000000000000e+00 0.000000000000000e+00 0.000000000000000e+00 0.000000000000000e+00 0.000000000000000e+00
 0.000000000000000e+00 0.000000000000000e+00 0.000000000000000e+00 0.000000000000000e+00 0.000000000000000e+00 0.000000000000000e+00 0.000000000000000e+00 0.000000000000000e+00 0.000000000000000e+00 0.000000000000000e+00
 0.000000000000000e+00 0.000000000000000e+00 0.000000000000000e+00 0.000000000000000e+00 0.000000000000000e+00 0.000000000000000e+00 0.000000000000000e+00 0.000000000000000e+00 0.000000000000000e+00 0.000000000000000e+00
 0.000000000000000e+00 0.000000000000000e+00 0.000000000000000e+00 0.000000000000000e+00 0.000000000000000e+00 0.000000000000000e+00 0.000000000000000e+00 0.000000000000000e+00 0.000000000000000e+00 0.000000000000000e+00
 0.000000000000000e+00 0.000000000000000e+00 0.000000000000000e+00 0.000000000000000e+00 0.000000000000000e+00 0.000000000000000e+00 0.000000000000000e+00 0.000000000000000e+00 0.000000000000000e+00 0.000000000000000e+00
 0.000000000000000e+00 0.000000000000000e+00 0.000000000000000e+00 0.000000000000000e+00 0.000000000000000e+00 0.000000000000000e+00 0.000000000000000e+00 0.000000000000000e+00 0.000000000000000e+00 0.000000000000000e+00
 0.000000000000000e+00 0.000000000000000e+00 1.975008972689655e+03 7.900035890758619e+03 1.692864833734000e+03 6.771459334935998e+03 0.000000000000000e+00 0.000000000000000e+00 0.000000000000000e+00 0.000000000000000e+00
 1.410720694778311e+03 5.642882779113244e+03 1.128576555822656e+03 4.514306223290625e+03 0.000000000000000e+00 0.000000000000000e+00 0.000000000000000e+00 0.000000000000000e+00 0.000000000000000e+00 0.000000000000000e+00
 0.000000000000000e+00 0.000000000000000e+00 0.000000000000000e+00 0.000000000000000e+00 0.000000000000000e+00 0.000000000000000e+00 0.000000000000000e+00 0.000000000000000e+00 0.000000000000000e+00 0.000000000000000e+00
 0.000000000000000e+00 0.000000000000000e+00 0.000000000000000e+00 0.000000000000000e+00 0.000000000000000e+00 0.000000000000000e+00 0.000000000000000e+00 0.000000000000000e+00 0.000000000000000e+00 0.000000000000000e+00
 0.000000000000000e+00 0.000000000000000e+00 0.000000000000000e+00 0.000000000000000e+00 0.000000000000000e+00 0.000000000000000e+00 0.000000000000000e+00 0.000000000000000e+00 0.000000000000000e+00 0.000000000000000e+00
 0.000000000000000e+00 0.000000000000000e+00 0.000000000000000e+00 0.000000000000000e+00 0.000000000000000e+00 0.000000000000000e+00 0.000000000000000e+00 0.000000000000000e+00 0.000000000000000e+00 0.000000000000000e+00
 0.000000000000000e+00 0.000000000000000e+00 0.000000000000000e+00 0.000000000000000e+00 0.000000000000000e+00 0.000000000000000e+00 0.000000000000000e+00 0.000000000000000e+00 0.000000000000000e+00 0.000000000000000e+00
 0.000000000000000e+00 0.000000000000000e+00 0.000000000000000e+00 0.000000000000000e+00 0.000000000000000e+00 0.000000000000000e+00 8.464324168669986e+02 3.385729667467994e+03 5.642882779113125e+02 2.257153111645250e+03
 0.000000000000000e+00 0.000000000000000e+00 0.000000000000000e+00 0.000000000000000e+00 0.000000000000000e+00 0.000000000000000e+00 0.000000000000000e+00 0.000000000000000e+00 0.000000000000000e+00 0.000000000000000e+00
 0.000000000000000e+00 0.000000000000000e+00 0.000000000000000e+00 0.000000000000000e+00 0.000000000000000e+00 0.000000000000000e+00 0.000000000000000e+00 0.000000000000000e+00 0.000000000000000e+00 0.000000000000000e+00
 0.000000000000000e+00 0.000000000000000e+00 0.000000000000000e+00 0.000000000000000e+00 0.000000000000000e+00 0.000000000000000e+00 0.000000000000000e+00 0.000000000000000e+00 0.000000000000000e+00 0.000000000000000e+00
 0.000000000000000e+00 0.000000000000000e+00 0.000000000000000e+00 0.000000000000000e+00 0.000000000000000e+00 0.000000000000000e+00 0.000000000000000e+00 0.000000000000000e+00 0.000000000000000e+00 0.000000000000000e+00
 0.000000000000000e+00 0.000000000000000e+00 0.000000000000000e+00 0.000000000000000e+00 0.000000000000000e+00 0.000000000000000e+00 0.000000000000000e+00 0.000000000000000e+00 0.000000000000000e+00 0.000000000000000e+00
 0.000000000000000e+00 0.000000000000000e+00 0.000000000000000e+00 0.000000000000000e+00 0.000000000000000e+00 0.000000000000000e+00 0.000000000000000e+00 0.000000000000000e+00 0.000000000000000e+00 0.000000000000000e+00
 0.000000000000000e+00 2.821441389556576e+02 1.128576555822630e+03 0.000000000000000e+00 0.000000000000000e+00 0.000000000000000e+00 0.000000000000000e+00 0.000000000000000e+00 0.000000000000000e+00 0.000000000000000e+00
 0.000000000000000e+00 0.000000000000000e+00 0.000000000000000e+00 0.000000000000000e+00 0.000000000000000e+00 0.000000000000000e+00 0.000000000000000e+00 0.000000000000000e+00 4.711876006236715e+11 0.000000000000000e+00
 3.606397736378205e+11 4.755908661277749e+11 4.799941316318784e+11 3.636551607572115e+11 3.666705478766025e+11 4.843973971359818e+11 4.888006626400852e+11 3.696859349959936e+11 3.727013221153846e+11 4.932039281441887e+11
 4.976071936482921e+11 3.757167092347756e+11 3.787320963541666e+11 5.020104591523956e+11 5.064137246564990e+11 3.817474834735577e+11 3.847628705929487e+11 5.108169901606024e+11 5.152202556647059e+11 3.877782577123397e+11
 3.907936448317308e+11 5.196235211688093e+11 5.220022967859686e+11 5.240267866729127e+11 3.938090319511218e+11 3.954380341880342e+11 3.968244190705128e+11 5.284300521770162e+11 5.328333176811196e+11 3.998398061899038e+11
 4.028551933092949e+11 5.372365831852230e+11 5.416398486893265e+11 4.058705804286859e+11 4.088859675480769e+11 5.460431141934299e+11 5.504463796975334e+11 4.119013546674680e+11 4.149167417868589e+11 5.548496452016368e+11
 5.592529107057402e+11 4.179321289062500e+11 4.209475160256410e+11 5.636561762098438e+11 5.680594417139471e+11 4.239629031450320e+11 4.269782902644230e+11 5.724627072180505e+11 5.768872818036637e+11 4.299936773838141e+11
 4.332168970352564e+11 5.857556091482483e+11 4.398503856169871e+11 5.946239364928330e+11 4.464838741987179e+11 6.123605911820022e+11 4.597508513621794e+11 6.300972458711716e+11 4.730178285256410e+11 6.655705552495103e+11
 4.995517828525640e+11 6.883531805805956e+11 5.164359642094017e+11 7.198680310475928e+11 5.395206497061966e+11 7.270606078016492e+11 5.452090845352564e+11 7.044254139957266e+11 5.287740384615385e+11 6.228501852964744e+11
 4.998087155281783e+11 4.670766559829061e+11 3.747008547008546e+11 3.614745119969728e+11 2.324203169515670e+11 2.700506643963675e+11 1.739496527777779e+11 1.267962601273148e+11 5.249262152777780e+10 9.525359742254274e+10
 3.929366987179488e+10 1.724373650618767e+10 3.708931512642440e+09 1.291692958733974e+10 2.769641426282043e+09 6.378468341012292e+08 9.864546440972272e+07 4.919729650774578e+08 7.777339075854740e+07 1.734272669604694e+07
 1.192042893629808e+07 1.452405682425208e+07 1.021751051682692e+07 0.000000000000000e+00 0.000000000000000e+00 0.000000000000000e+00 0.000000000000000e+00 0.000000000000000e+00 0.000000000000000e+00 0.000000000000000e+00
 0.000000000000000e+00 0.000000000000000e+00 0.000000000000000e+00 0.000000000000000e+00 0.000000000000000e+00 0.000000000000000e+00 1.803198868189102e+11 0.000000000000000e+00 0.000000000000000e+00 1.818275803786058e+11
 1.833352739383013e+11 0.000000000000000e+00 0.000000000000000e+00 1.848429674979968e+11 1.863506610576923e+11 0.000000000000000e+00 0.000000000000000e+00 1.878583546173878e+11 1.893660481770833e+11 0.000000000000000e+00
 0.000000000000000e+00 1.908737417367788e+11 1.923814352964744e+11 0.000000000000000e+00 0.000000000000000e+00 1.938891288561699e+11 1.953968224158654e+11 0.000000000000000e+00 0.000000000000000e+00 1.969045159755609e+11
 1.977190170940171e+11 1.984122095352564e+11 0.000000000000000e+00 0.000000000000000e+00 0.000000000000000e+00 1.999199030949519e+11 2.014275966546474e+11 0.000000000000000e+00 0.000000000000000e+00 2.029352902143430e+11
 2.044429837740385e+11 0.000000000000000e+00 0.000000000000000e+00 2.059506773337340e+11 2.074583708934295e+11 0.000000000000000e+00 0.000000000000000e+00 2.089660644531250e+11 2.104737580128205e+11 0.000000000000000e+00
 0.000000000000000e+00 2.119814515725160e+11 2.134891451322115e+11 0.000000000000000e+00 0.000000000000000e+00 2.149968386919070e+11 2.166084485176282e+11 0.000000000000000e+00 0.000000000000000e+00 2.199251928084935e+11
 0.000000000000000e+00 2.232419370993589e+11 0.000000000000000e+00 2.298754256810897e+11 0.000000000000000e+00 2.365089142628205e+11 0.000000000000000e+00 2.497758914262820e+11 0.000000000000000e+00 2.582179821047009e+11
 0.000000000000000e+00 2.697603248530983e+11 0.000000000000000e+00 2.726045422676282e+11 0.000000000000000e+00 2.643870192307692e+11 0.000000000000000e+00 2.335383279914530e+11 1.873504273504273e+11 0.000000000000000e+00
 0.000000000000000e+00 1.350253321981837e+11 8.697482638888893e+10 0.000000000000000e+00 0.000000000000000e+00 4.762679871127137e+10 1.964683493589744e+10 0.000000000000000e+00 0.000000000000000e+00 6.458464793669869e+09
 1.384820713141022e+09 0.000000000000000e+00 0.000000000000000e+00 2.459864825387289e+08 3.888669537927370e+07 0.000000000000000e+00 0.000000000000000e+00 7.262028412126041e+06 5.108755258413461e+06 0.000000000000000e+00
 0.000000000000000e+00 0.000000000000000e+00 0.000000000000000e+00 0.000000000000000e+00 0.000000000000000e+00 0.000000000000000e+00 0.000000000000000e+00 0.000000000000000e+00 0.000000000000000e+00 0.000000000000000e+00
 0.000000000000000e+00 0.000000000000000e+00 0.000000000000000e+00 0.000000000000000e+00 0.000000000000000e+00 0.000000000000000e+00 0.000000000000000e+00 0.000000000000000e+00 0.000000000000000e+00 0.000000000000000e+00
 0.000000000000000e+00 0.000000000000000e+00 0.000000000000000e+00 0.000000000000000e+00 0.000000000000000e+00 0.000000000000000e+00 0.000000000000000e+00 0.000000000000000e+00 0.000000000000000e+00 0.000000000000000e+00
 0.000000000000000e+00 0.000000000000000e+00 0.000000000000000e+00 0.000000000000000e+00 0.000000000000000e+00 0.000000000000000e+00 0.000000000000000e+00 0.000000000000000e+00 0.000000000000000e+00 0.000000000000000e+00
 0.000000000000000e+00 0.000000000000000e+00 0.000000000000000e+00 0.000000000000000e+00 0.000000000000000e+00 0.000000000000000e+00 0.000000000000000e+00 0.000000000000000e+00 0.000000000000000e+00 0.000000000000000e+00
 0.000000000000000e+00 0.000000000000000e+00 0.000000000000000e+00 0.000000000000000e+00 0.000000000000000e+00 0.000000000000000e+00 0.000000000000000e+00 0.000000000000000e+00 0.000000000000000e+00 0.000000000000000e+00
 0.000000000000000e+00 0.000000000000000e+00 0.000000000000000e+00 0.000000000000000e+00 0.000000000000000e+00 0.000000000000000e+00 0.000000000000000e+00 0.000000000000000e+00 0.000000000000000e+00 0.000000000000000e+00
 0.000000000000000e+00 0.000000000000000e+00 0.000000000000000e+00 0.000000000000000e+00 0.000000000000000e+00 0.000000000000000e+00 0.000000000000000e+00 0.000000000000000e+00 0.000000000000000e+00 0.000000000000000e+00
 0.000000000000000e+00 0.000000000000000e+00 0.000000000000000e+00 0.000000000000000e+00 0.000000000000000e+00 0.000000000000000e+00 0.000000000000000e+00 0.000000000000000e+00 0.000000000000000e+00 0.000000000000000e+00
 0.000000000000000e+00 0.000000000000000e+00 0.000000000000000e+00 0.000000000000000e+00 0.000000000000000e+00 0.000000000000000e+00 0.000000000000000e+00 0.000000000000000e+00 0.000000000000000e+00 0.000000000000000e+00
 0.000000000000000e+00 0.000000000000000e+00 0.000000000000000e+00 0.000000000000000e+00 0.000000000000000e+00 0.000000000000000e+00 0.000000000000000e+00 0.000000000000000e+00 0.000000000000000e+00 0.000000000000000e+00
 0.000000000000000e+00 0.000000000000000e+00 0.000000000000000e+00 0.000000000000000e+00 0.000000000000000e+00 0.000000000000000e+00 0.000000000000000e+00 0.000000000000000e+00 0.000000000000000e+00 0.000000000000000e+00
 0.000000000000000e+00 0.000000000000000e+00 0.000000000000000e+00 0.000000000000000e+00 0.000000000000000e+00 0.000000000000000e+00 0.000000000000000e+00 0.000000000000000e+00 0.000000000000000e+00 0.000000000000000e+00
 0.000000000000000e+00 0.000000000000000e+00 0.000000000000000e+00 0.000000000000000e+00 0.000000000000000e+00 0.000000000000000e+00 0.000000000000000e+00 0.000000000000000e+00 0.000000000000000e+00 0.000000000000000e+00
 0.000000000000000e+00 0.000000000000000e+00 0.000000000000000e+00 0.000000000000000e+00 0.000000000000000e+00 0.000000000000000e+00 0.000000000000000e+00 0.000000000000000e+00 0.000000000000000e+00 0.000000000000000e+00
 0.000000000000000e+00 0.000000000000000e+00 0.000000000000000e+00 0.000000000000000e+00 0.000000000000000e+00 0.000000000000000e+00 0.000000000000000e+00 0.000000000000000e+00 0.000000000000000e+00 0.000000000000000e+00
 0.000000000000000e+00 0.000000000000000e+00 0.000000000000000e+00 0.000000000000000e+00 0.000000000000000e+00 0.000000000000000e+00 0.000000000000000e+00 0.000000000000000e+00 0.000000000000000e+00 0.000000000000000e+00
 0.000000000000000e+00 0.000000000000000e+00 0.000000000000000e+00 0.000000000000000e+00 0.000000000000000e+00 0.000000000000000e+00 0.000000000000000e+00 0.000000000000000e+00 0.000000000000000e+00 0.000000000000000e+00
 0.000000000000000e+00 0.000000000000000e+00 0.000000000000000e+00 0.000000000000000e+00 0.000000000000000e+00 0.000000000000000e+00 0.000000000000000e+00 0.000000000000000e+00 0.000000000000000e+00 0.000000000000000e+00
 0.000000000000000e+00 0.000000000000000e+00 0.000000000000000e+00 0.000000000000000e+00 0.000000000000000e+00 0.000000000000000e+00 0.000000000000000e+00 0.000000000000000e+00 0.000000000000000e+00 0.000000000000000e+00
 0.000000000000000e+00 0.000000000000000e+00 0.000000000000000e+00 0.000000000000000e+00 0.000000000000000e+00 0.000000000000000e+00 0.000000000000000e+00 0.000000000000000e+00 0.000000000000000e+00 0.000000000000000e+00
 0.000000000000000e+00 0.000000000000000e+00 0.000000000000000e+00 0.000000000000000e+00 0.000000000000000e+00 0.000000000000000e+00 0.000000000000000e+00 0.000000000000000e+00 0.000000000000000e+00 0.000000000000000e+00
 0.000000000000000e+00 0.000000000000000e+00 0.000000000000000e+00 0.000000000000000e+00 0.000000000000000e+00 0.000000000000000e+00 0.000000000000000e+00 0.000000000000000e+00 0.000000000000000e+00 0.000000000000000e+00
 0.000000000000000e+00 0.000000000000000e+00 0.000000000000000e+00 0.000000000000000e+00 0.000000000000000e+00 0.000000000000000e+00 0.000000000000000e+00 0.000000000000000e+00 0.000000000000000e+00 0.000000000000000e+00
 0.000000000000000e+00 0.000000000000000e+00 0.000000000000000e+00 0.000000000000000e+00 0.000000000000000e+00 0.000000000000000e+00 0.000000000000000e+00 0.000000000000000e+00 0.000000000000000e+00 0.000000000000000e+00
 0.000000000000000e+00 0.000000000000000e+00 0.000000000000000e+00 0.000000000000000e+00 0.000000000000000e+00 0.000000000000000e+00 0.000000000000000e+00 0.000000000000000e+00 0.000000000000000e+00 0.000000000000000e+00
 0.000000000000000e+00 0.000000000000000e+00 0.000000000000000e+00 0.000000000000000e+00 0.000000000000000e+00 0.000000000000000e+00 0.000000000000000e+00 0.000000000000000e+00 0.000000000000000e+00 0.000000000000000e+00
 0.000000000000000e+00 0.000000000000000e+00 0.000000000000000e+00 0.000000000000000e+00 0.000000000000000e+00 0.000000000000000e+00 0.000000000000000e+00 0.000000000000000e+00 0.000000000000000e+00 0.000000000000000e+00
 0.000000000000000e+00 0.000000000000000e+00 0.000000000000000e+00 0.000000000000000e+00 0.000000000000000e+00 0.000000000000000e+00 0.000000000000000e+00 0.000000000000000e+00 0.000000000000000e+00 0.000000000000000e+00
 0.000000000000000e+00 0.000000000000000e+00 0.000000000000000e+00 0.000000000000000e+00 0.000000000000000e+00 0.000000000000000e+00 0.000000000000000e+00 0.000000000000000e+00 0.000000000000000e+00 0.000000000000000e+00
 0.000000000000000e+00 0.000000000000000e+00 0.000000000000000e+00 0.000000000000000e+00 0.000000000000000e+00 0.000000000000000e+00 0.000000000000000e+00 0.000000000000000e+00 0.000000000000000e+00 0.000000000000000e+00
 0.000000000000000e+00 0.000000000000000e+00 0.000000000000000e+00 0.000000000000000e+00 0.000000000000000e+00 0.000000000000000e+00 0.000000000000000e+00 0.000000000000000e+00 0.000000000000000e+00 0.000000000000000e+00
 0.000000000000000e+00 0.000000000000000e+00 0.000000000000000e+00 0.000000000000000e+00 0.000000000000000e+00 0.000000000000000e+00 0.000000000000000e+00 0.000000000000000e+00 0.000000000000000e+00 0.000000000000000e+00
 0.000000000000000e+00 0.000000000000000e+00 0.000000000000000e+00 0.000000000000000e+00 0.000000000000000e+00 0.000000000000000e+00 0.000000000000000e+00 0.000000000000000e+00 0.000000000000000e+00 0.000000000000000e+00
 0.000000000000000e+00 0.000000000000000e+00 0.000000000000000e+00 0.000000000000000e+00 0.000000000000000e+00 0.000000000000000e+00 0.000000000000000e+00 0.000000000000000e+00 0.000000000000000e+00 0.000000000000000e+00
 0.000000000000000e+00 0.000000000000000e+00 0.000000000000000e+00 0.000000000000000e+00 0.000000000000000e+00 0.000000000000000e+00 0.000000000000000e+00 0.000000000000000e+00 0.000000000000000e+00 0.000000000000000e+00
 0.000000000000000e+00 0.000000000000000e+00 0.000000000000000e+00 0.000000000000000e+00 0.000000000000000e+00 0.000000000000000e+00 0.000000000000000e+00 0.000000000000000e+00 0.000000000000000e+00 0.000000000000000e+00
 0.000000000000000e+00 0.000000000000000e+00 0.000000000000000e+00 0.000000000000000e+00 0.000000000000000e+00 0.000000000000000e+00 0.000000000000000e+00 0.000000000000000e+00 0.000000000000000e+00 0.000000000000000e+00
 0.000000000000000e+00 0.000000000000000e+00 0.000000000000000e+00 0.000000000000000e+00 0.000000000000000e+00 0.000000000000000e+00 0.000000000000000e+00 0.000000000000000e+00 0.000000000000000e+00 0.000000000000000e+00
 0.000000000000000e+00 0.000000000000000e+00 0.000000000000000e+00 0.000000000000000e+00 0.000000000000000e+00 0.000000000000000e+00 0.000000000000000e+00 0.000000000000000e+00 0.000000000000000e+00 0.000000000000000e+00
 0.000000000000000e+00 0.000000000000000e+00 0.000000000000000e+00 0.000000000000000e+00 0.000000000000000e+00 0.000000000000000e+00 0.000000000000000e+00 0.000000000000000e+00 0.000000000000000e+00 0.000000000000000e+00
 0.000000000000000e+00 0.000000000000000e+00 0.000000000000000e+00 0.000000000000000e+00 0.000000000000000e+00 0.000000000000000e+00 0.000000000000000e+00 0.000000000000000e+00 0.000000000000000e+00 0.000000000000000e+00
 0.000000000000000e+00 0.000000000000000e+00 0.000000000000000e+00 0.000000000000000e+00 0.000000000000000e+00 0.000000000000000e+00 0.000000000000000e+00 0.000000000000000e+00 0.000000000000000e+00 0.000000000000000e+00
 0.000000000000000e+00 0.000000000000000e+00 0.000000000000000e+00 0.000000000000000e+00 0.000000000000000e+00 0.000000000000000e+00 0.000000000000000e+00 0.000000000000000e+00 0.000000000000000e+00 0.000000000000000e+00
 0.000000000000000e+00 0.000000000000000e+00 0.000000000000000e+00 0.000000000000000e+00 0.000000000000000e+00 0.000000000000000e+00 0.000000000000000e+00 0.000000000000000e+00 0.000000000000000e+00 0.000000000000000e+00
 0.000000000000000e+00 0.000000000000000e+00 0.000000000000000e+00 0.000000000000000e+00 0.000000000000000e+00 0.000000000000000e+00 0.000000000000000e+00 0.000000000000000e+00 0.000000000000000e+00 0.000000000000000e+00
 0.000000000000000e+00 0.000000000000000e+00 0.000000000000000e+00 0.000000000000000e+00 0.000000000000000e+00 0.000000000000000e+00 0.000000000000000e+00 0.000000000000000e+00 0.000000000000000e+00 0.000000000000000e+00
 0.000000000000000e+00 0.000000000000000e+00 0.000000000000000e+00 0.000000000000000e+00 0.000000000000000e+00 0.000000000000000e+00 0.000000000000000e+00 0.000000000000000e+00 0.000000000000000e+00 0.000000000000000e+00
 0.000000000000000e+00 0.000000000000000e+00 0.000000000000000e+00 0.000000000000000e+00 0.000000000000000e+00 0.000000000000000e+00 0.000000000000000e+00 0.000000000000000e+00 0.000000000000000e+00 0.000000000000000e+00
 0.000000000000000e+00 0.000000000000000e+00 0.000000000000000e+00 0.000000000000000e+00 0.000000000000000e+00 0.000000000000000e+00 0.000000000000000e+00 0.000000000000000e+00 0.000000000000000e+00 0.000000000000000e+00
 0.000000000000000e+00 0.000000000000000e+00 0.000000000000000e+00 0.000000000000000e+00 0.000000000000000e+00 0.000000000000000e+00 0.000000000000000e+00 0.000000000000000e+00 0.000000000000000e+00 0.000000000000000e+00
 0.000000000000000e+00 0.000000000000000e+00 0.000000000000000e+00 0.000000000000000e+00 0.000000000000000e+00 0.000000000000000e+00 0.000000000000000e+00 0.000000000000000e+00 0.000000000000000e+00 0.000000000000000e+00
 0.000000000000000e+00 0.000000000000000e+00 0.000000000000000e+00 0.000000000000000e+00 0.000000000000000e+00 0.000000000000000e+00 0.000000000000000e+00 0.000000000000000e+00 0.000000000000000e+00 0.000000000000000e+00
 0.000000000000000e+00 0.000000000000000e+00 0.000000000000000e+00 0.000000000000000e+00 0.000000000000000e+00 0.000000000000000e+00 0.000000000000000e+00 0.000000000000000e+00 0.000000000000000e+00 0.000000000000000e+00
 0.000000000000000e+00 0.000000000000000e+00 0.000000000000000e+00 0.000000000000000e+00 0.000000000000000e+00 0.000000000000000e+00 0.000000000000000e+00 0.000000000000000e+00 0.000000000000000e+00 0.000000000000000e+00
 0.000000000000000e+00 0.000000000000000e+00 0.000000000000000e+00 0.000000000000000e+00 0.000000000000000e+00 0.000000000000000e+00 0.000000000000000e+00 0.000000000000000e+00 0.000000000000000e+00 0.000000000000000e+00
 0.000000000000000e+00 0.000000000000000e+00 0.000000000000000e+00 0.000000000000000e+00 0.000000000000000e+00 0.000000000000000e+00 0.000000000000000e+00 0.000000000000000e+00 0.000000000000000e+00 0.000000000000000e+00
 0.000000000000000e+00 0.000000000000000e+00 0.000000000000000e+00 0.000000000000000e+00 0.000000000000000e+00 0.000000000000000e+00 0.000000000000000e+00 0.000000000000000e+00 0.000000000000000e+00 0.000000000000000e+00
 0.000000000000000e+00 0.000000000000000e+00 0.000000000000000e+00 0.000000000000000e+00 0.000000000000000e+00 0.000000000000000e+00 0.000000000000000e+00 0.000000000000000e+00 0.000000000000000e+00 0.000000000000000e+00
 0.000000000000000e+00 0.000000000000000e+00 0.000000000000000e+00 0.000000000000000e+00 0.000000000000000e+00 0.000000000000000e+00 0.000000000000000e+00 0.000000000000000e+00 0.000000000000000e+00 0.000000000000000e+00
 0.000000000000000e+00 0.000000000000000e+00 0.000000000000000e+00 0.000000000000000e+00 0.000000000000000e+00 0.000000000000000e+00 0.000000000000000e+00 0.000000000000000e+00 0.000000000000000e+00 0.000000000000000e+00
 0.000000000000000e+00 0.000000000000000e+00 0.000000000000000e+00 0.000000000000000e+00 0.000000000000000e+00 0.000000000000000e+00 0.000000000000000e+00 0.000000000000000e+00 0.000000000000000e+00 0.000000000000000e+00
 0.000000000000000e+00 0.000000000000000e+00 0.000000000000000e+00 0.000000000000000e+00 0.000000000000000e+00 0.000000000000000e+00 0.000000000000000e+00 0.000000000000000e+00 0.000000000000000e+00 0.000000000000000e+00
 0.000000000000000e+00 0.000000000000000e+00 0.000000000000000e+00 0.000000000000000e+00 0.000000000000000e+00 0.000000000000000e+00 0.000000000000000e+00 0.000000000000000e+00 0.000000000000000e+00 0.000000000000000e+00
 0.000000000000000e+00 0.000000000000000e+00 0.000000000000000e+00 0.000000000000000e+00 0.000000000000000e+00 0.000000000000000e+00 0.000000000000000e+00 0.000000000000000e+00 0.000000000000000e+00 1.083682676135984e+07
 9.753224586421607e+06 9.288708652594153e+06 8.359906788361377e+06 8.669622411483370e+06 7.586020236545136e+06 7.431104924128602e+06 6.502303059895831e+06 6.502418061606904e+06 5.418815886668671e+06 5.573501195663061e+06
 4.644699331430289e+06 4.335213711730438e+06 3.251611536792205e+06 3.715897467197518e+06 2.787095602964747e+06 4.644354326297076e+06 4.179953394180689e+06 0.000000000000000e+00 0.000000000000000e+00 3.715552462064301e+06
 3.251151529947916e+06 0.000000000000000e+00 0.000000000000000e+00 2.786750597831530e+06 2.322349665715144e+06 0.000000000000000e+00 0.000000000000000e+00 1.857948733598759e+06 1.393547801482373e+06 0.000000000000000e+00
 0.000000000000000e+00 0.000000000000000e+00 0.000000000000000e+00 0.000000000000000e+00 0.000000000000000e+00 0.000000000000000e+00 0.000000000000000e+00 0.000000000000000e+00 0.000000000000000e+00 0.000000000000000e+00
 0.000000000000000e+00 0.000000000000000e+00 0.000000000000000e+00 0.000000000000000e+00 0.000000000000000e+00 0.000000000000000e+00 0.000000000000000e+00 0.000000000000000e+00 0.000000000000000e+00 0.000000000000000e+00
 0.000000000000000e+00 0.000000000000000e+00 0.000000000000000e+00 0.000000000000000e+00 0.000000000000000e+00 0.000000000000000e+00 0.000000000000000e+00 0.000000000000000e+00 0.000000000000000e+00 0.000000000000000e+00
 0.000000000000000e+00 0.000000000000000e+00 0.000000000000000e+00 0.000000000000000e+00 0.000000000000000e+00 0.000000000000000e+00 0.000000000000000e+00 0.000000000000000e+00 0.000000000000000e+00 0.000000000000000e+00
 0.000000000000000e+00 0.000000000000000e+00 0.000000000000000e+00 0.000000000000000e+00 0.000000000000000e+00 0.000000000000000e+00 0.000000000000000e+00 0.000000000000000e+00 0.000000000000000e+00 0.000000000000000e+00
 0.000000000000000e+00 0.000000000000000e+00 0.000000000000000e+00 0.000000000000000e+00 0.000000000000000e+00 0.000000000000000e+00 0.000000000000000e+00 0.000000000000000e+00 0.000000000000000e+00 0.000000000000000e+00
 0.000000000000000e+00 0.000000000000000e+00 0.000000000000000e+00 0.000000000000000e+00 0.000000000000000e+00 0.000000000000000e+00 0.000000000000000e+00 0.000000000000000e+00 0.000000000000000e+00 0.000000000000000e+00
 0.000000000000000e+00 0.000000000000000e+00 0.000000000000000e+00 0.000000000000000e+00 0.000000000000000e+00 0.000000000000000e+00 0.000000000000000e+00 0.000000000000000e+00 0.000000000000000e+00 0.000000000000000e+00
 0.000000000000000e+00 0.000000000000000e+00 0.000000000000000e+00 0.000000000000000e+00 0.000000000000000e+00 0.000000000000000e+00 0.000000000000000e+00 0.000000000000000e+00 0.000000000000000e+00 0.000000000000000e+00
 0.000000000000000e+00 0.000000000000000e+00 0.000000000000000e+00 0.000000000000000e+00 0.000000000000000e+00 0.000000000000000e+00 0.000000000000000e+00 2.168009361853965e+06 1.084407186915732e+06 1.858293738731970e+06
 9.294918744991986e+05 1.580007178151710e+05 1.371472133190883e+05 1.264005742521368e+05 1.215589387464388e+05 9.291468693659848e+05 4.647459372495993e+05 0.000000000000000e+00 0.000000000000000e+00 7.200965990028487e+04
 6.872106481481394e+03 8.721064814814812e+04 5.286235754985742e+04 0.000000000000000e+00 0.000000000000000e+00 0.000000000000000e+00 0.000000000000000e+00 4.295066550925872e+03 1.718026620370349e+03 3.303897346866089e+04
 1.321558938746436e+04 0.000000000000000e+00 0.000000000000000e+00 0.000000000000000e+00 0.000000000000000e+00 0.000000000000000e+00 0.000000000000000e+00 0.000000000000000e+00 0.000000000000000e+00 0.000000000000000e+00
 0.000000000000000e+00 0.000000000000000e+00 0.000000000000000e+00 0.000000000000000e+00 0.000000000000000e+00 0.000000000000000e+00 0.000000000000000e+00 0.000000000000000e+00 0.000000000000000e+00 0.000000000000000e+00
 0.000000000000000e+00 0.000000000000000e+00 0.000000000000000e+00 0.000000000000000e+00 0.000000000000000e+00 0.000000000000000e+00 0.000000000000000e+00 0.000000000000000e+00 0.000000000000000e+00 0.000000000000000e+00
 0.000000000000000e+00 0.000000000000000e+00 0.000000000000000e+00 0.000000000000000e+00 0.000000000000000e+00 0.000000000000000e+00 0.000000000000000e+00 0.000000000000000e+00 0.000000000000000e+00 0.000000000000000e+00
 0.000000000000000e+00 1.106005024706197e+05 1.137648014601140e+05 9.480043068910268e+04 1.059706641737892e+05 8.690039479834409e+04 1.020735955306268e+05 7.900035890758550e+04 9.817652688746440e+04 7.505034096220630e+04
 9.622799256588324e+04 7.307533198951650e+04 9.525372540509255e+04 7.110032301682689e+04 9.427945824430199e+04 7.011281853048221e+04 6.912531404413730e+04 9.379232466390675e+04 9.330519108351141e+04 6.813780955779240e+04
 6.715030507144750e+04 9.281805750311606e+04 9.233092392272073e+04 6.616280058510260e+04 6.517529609875791e+04 9.184379034232539e+04 9.135665676193015e+04 6.418779161241321e+04 6.320028712606831e+04 9.086952318153490e+04
 9.038238960113957e+04 9.481114227207977e+04 7.585748308404558e+04 1.024116363960113e+05 9.885260861823345e+04 1.062118834579772e+05 1.103501713853275e+05 1.100121305199430e+05 1.218477341524216e+05 1.119122540509259e+05
 1.275965155359685e+05 1.128623158164174e+05 1.304709062277422e+05 1.138123775819088e+05 1.333452969195157e+05 1.142874084646545e+05 1.147624393474003e+05 1.347824922654023e+05 1.362196876112891e+05 1.152374702301460e+05
 1.157125011128918e+05 1.376568829571760e+05 1.390940783030629e+05 1.161875319956376e+05 1.166625628783832e+05 1.405312736489498e+05 1.419684689948363e+05 1.171375937611289e+05 1.176126246438747e+05 1.434056643407229e+05
 1.448428596866098e+05 4.741092692752849e+04 1.896437077101140e+04 6.178288038639591e+04 2.471315215455836e+04 6.896885711582971e+04 2.758754284633188e+04 7.615483384526351e+04 3.046193353810540e+04 7.974782220998031e+04
 3.189912888399213e+04 8.154431639233889e+04 3.261772655693556e+04 8.334081057469730e+04 3.333632422987893e+04 8.423905766587643e+04 8.513730475705572e+04 3.369562306635057e+04 3.405492190282229e+04 8.603555184823502e+04
 8.693379893941431e+04 3.441422073929400e+04 3.477351957576573e+04 8.783204603059361e+04 8.873029312177270e+04 3.513281841223744e+04 3.549211724870908e+04 8.962854021295182e+04 9.052678730413111e+04 3.585141608518072e+04
 3.621071492165245e+04 0.000000000000000e+00 0.000000000000000e+00 0.000000000000000e+00 0.000000000000000e+00 0.000000000000000e+00 0.000000000000000e+00 0.000000000000000e+00 0.000000000000000e+00 0.000000000000000e+00
 0.000000000000000e+00 0.000000000000000e+00 0.000000000000000e+00 0.000000000000000e+00 0.000000000000000e+00 0.000000000000000e+00 0.000000000000000e+00 0.000000000000000e+00 0.000000000000000e+00 0.000000000000000e+00
 0.000000000000000e+00 0.000000000000000e+00 0.000000000000000e+00 0.000000000000000e+00 0.000000000000000e+00 0.000000000000000e+00 0.000000000000000e+00 0.000000000000000e+00 0.000000000000000e+00 0.000000000000000e+00
 0.000000000000000e+00 0.000000000000000e+00 0.000000000000000e+00 0.000000000000000e+00 0.000000000000000e+00 0.000000000000000e+00 0.000000000000000e+00 0.000000000000000e+00 0.000000000000000e+00 0.000000000000000e+00
 0.000000000000000e+00 0.000000000000000e+00 0.000000000000000e+00 0.000000000000000e+00 0.000000000000000e+00 0.000000000000000e+00 0.000000000000000e+00 0.000000000000000e+00 0.000000000000000e+00 0.000000000000000e+00
 0.000000000000000e+00 0.000000000000000e+00 0.000000000000000e+00 0.000000000000000e+00 0.000000000000000e+00 0.000000000000000e+00 0.000000000000000e+00 0.000000000000000e+00 0.000000000000000e+00 0.000000000000000e+00
 0.000000000000000e+00 0.000000000000000e+00 0.000000000000000e+00 0.000000000000000e+00 0.000000000000000e+00 0.000000000000000e+00 0.000000000000000e+00 0.000000000000000e+00 0.000000000000000e+00 0.000000000000000e+00
 0.000000000000000e+00 0.000000000000000e+00 0.000000000000000e+00 0.000000000000000e+00 0.000000000000000e+00 0.000000000000000e+00 0.000000000000000e+00 0.000000000000000e+00 0.000000000000000e+00 0.000000000000000e+00
 0.000000000000000e+00 0.000000000000000e+00 0.000000000000000e+00 0.000000000000000e+00 0.000000000000000e+00 0.000000000000000e+00 0.000000000000000e+00 0.000000000000000e+00 0.000000000000000e+00 0.000000000000000e+00
 0.000000000000000e+00 0.000000000000000e+00 0.000000000000000e+00 0.000000000000000e+00 0.000000000000000e+00 0.000000000000000e+00 0.000000000000000e+00 0.000000000000000e+00 0.000000000000000e+00 0.000000000000000e+00
 0.000000000000000e+00 0.000000000000000e+00 0.000000000000000e+00 0.000000000000000e+00 0.000000000000000e+00 0.000000000000000e+00 0.000000000000000e+00 0.000000000000000e+00 0.000000000000000e+00 0.000000000000000e+00
 0.000000000000000e+00 0.000000000000000e+00 0.000000000000000e+00 0.000000000000000e+00 0.000000000000000e+00 0.000000000000000e+00 0.000000000000000e+00 0.000000000000000e+00 0.000000000000000e+00 0.000000000000000e+00
 0.000000000000000e+00 0.000000000000000e+00 0.000000000000000e+00 0.000000000000000e+00 0.000000000000000e+00 0.000000000000000e+00 0.000000000000000e+00 0.000000000000000e+00 0.000000000000000e+00 0.000000000000000e+00
 0.000000000000000e+00 0.000000000000000e+00 0.000000000000000e+00 0.000000000000000e+00 0.000000000000000e+00 0.000000000000000e+00 0.000000000000000e+00 0.000000000000000e+00 0.000000000000000e+00 0.000000000000000e+00
 0.000000000000000e+00 0.000000000000000e+00 0.000000000000000e+00 0.000000000000000e+00 0.000000000000000e+00 0.000000000000000e+00 0.000000000000000e+00 0.000000000000000e+00 0.000000000000000e+00 0.000000000000000e+00
 0.000000000000000e+00 6.221278263972341e+04 6.122527815337873e+04 8.989525602074423e+04 8.940812244034899e+04 6.023777366703402e+04 5.925026918068912e+04 8.892098885995374e+04 8.843385527955841e+04 1.180876555266204e+05
 1.185626864093661e+05 1.462800550324967e+05 1.477172503783832e+05 1.190377172921118e+05 1.195127481748575e+05 1.491544457242698e+05 1.505916410701567e+05 5.826276469434422e+04 5.811520655270658e+04 5.727526020799932e+04
 8.794672169916307e+04 8.787393162393165e+04 8.745958811876773e+04 1.199877790576033e+05 1.200587606837607e+05 1.204628099403491e+05 1.520288364160435e+05 1.522435897435897e+05 1.534660317619304e+05 5.628775572165442e+04
 8.697245453837239e+04 5.530025123530973e+04 8.648532095797715e+04 1.209378408230948e+05 1.549032271078173e+05 1.214128717058405e+05 1.563404224537039e+05 5.431274674896503e+04 8.599818737758193e+04 5.332524226262013e+04
 8.551105379718659e+04 1.218879025885862e+05 1.577776177995904e+05 1.223629334713319e+05 1.592148131454773e+05 5.233773777627523e+04 8.502392021679124e+04 5.135023328993033e+04 8.453678663639590e+04 1.228379643540777e+05
 1.606520084913642e+05 1.233129952368235e+05 1.620892038372510e+05 5.036272880358542e+04 8.404965305600056e+04 4.937522431724073e+04 8.356251947560531e+04 1.237880261195692e+05 1.635263991831379e+05 1.242630570023149e+05
 1.649635945290245e+05 4.838771983089603e+04 8.307538589521009e+04 4.740021534455112e+04 8.258825231481474e+04 1.247380878850606e+05 1.664007898749111e+05 1.252131187678063e+05 1.678379852207979e+05 9.142503439531040e+04
 9.232328148648950e+04 3.657001375812417e+04 3.692931259459580e+04 9.322152857766862e+04 9.411977566884791e+04 3.728861143106745e+04 3.764791026753917e+04 0.000000000000000e+00 0.000000000000000e+00 0.000000000000000e+00
 0.000000000000000e+00 0.000000000000000e+00 0.000000000000000e+00 0.000000000000000e+00 0.000000000000000e+00 9.501802276002720e+04 9.515224358974356e+04 9.591626985120651e+04 3.800720910401089e+04 3.806089743589743e+04
 3.836650794048260e+04 0.000000000000000e+00 0.000000000000000e+00 0.000000000000000e+00 0.000000000000000e+00 0.000000000000000e+00 0.000000000000000e+00 9.681451694238580e+04 3.872580677695432e+04 9.771276403356492e+04
 3.908510561342596e+04 0.000000000000000e+00 0.000000000000000e+00 0.000000000000000e+00 0.000000000000000e+00 9.861101112474401e+04 3.944440444989761e+04 9.950925821592330e+04 3.980370328636932e+04 0.000000000000000e+00
 0.000000000000000e+00 0.000000000000000e+00 0.000000000000000e+00 1.004075053071026e+05 4.016300212284104e+04 1.013057523982819e+05 4.052230095931276e+04 0.000000000000000e+00 0.000000000000000e+00 0.000000000000000e+00
 0.000000000000000e+00 1.022039994894612e+05 4.088159979578448e+04 1.031022465806403e+05 4.124089863225612e+04 0.000000000000000e+00 0.000000000000000e+00 0.000000000000000e+00 0.000000000000000e+00 1.040004936718194e+05
 4.160019746872777e+04 1.048987407629987e+05 4.195949630519949e+04 0.000000000000000e+00 0.000000000000000e+00 0.000000000000000e+00 0.000000000000000e+00 4.641271085820622e+04 8.210111873441940e+04 1.256881496505521e+05
 1.692751805666848e+05 4.542520637186154e+04 8.161398515402417e+04 1.261631805332978e+05 1.707123759125714e+05 4.345019739917194e+04 8.063971799323359e+04 1.271132422987892e+05 1.735867666043448e+05 4.147518842648235e+04
 7.966545083244302e+04 1.280633040642806e+05 1.764611572961183e+05 3.950017945379275e+04 7.869118367165243e+04 1.290133658297721e+05 1.793355479878917e+05 1.057969878541780e+05 4.231879514167121e+04 1.066952349453571e+05
 4.267809397814285e+04 0.000000000000000e+00 0.000000000000000e+00 0.000000000000000e+00 0.000000000000000e+00 1.084917291277155e+05 4.339669165108621e+04 0.000000000000000e+00 0.000000000000000e+00 1.102882233100739e+05
 4.411528932402957e+04 1.120847174924323e+05 4.483388699697293e+04 0.000000000000000e+00 0.000000000000000e+00 0.000000000000000e+00 0.000000000000000e+00 3.752517048110314e+04 7.771691651086185e+04 1.299634275952635e+05
 1.822099386796652e+05 3.555016150841356e+04 7.674264935007127e+04 1.309134893607549e+05 1.850843293714386e+05 1.138812116747907e+05 4.555248466991630e+04 1.156777058571491e+05 4.627108234285965e+04 0.000000000000000e+00
 0.000000000000000e+00 0.000000000000000e+00 0.000000000000000e+00 3.357515253572376e+04 7.576838218928060e+04 1.318635511262465e+05 1.879587200632124e+05 3.160014356303415e+04 7.479411502849001e+04 1.328136128917379e+05
 1.908331107549858e+05 1.174742000395077e+05 4.698968001580309e+04 1.192706942218661e+05 4.770827768874645e+04 0.000000000000000e+00 0.000000000000000e+00 0.000000000000000e+00 0.000000000000000e+00 0.000000000000000e+00
 0.000000000000000e+00 0.000000000000000e+00 0.000000000000000e+00 0.000000000000000e+00 0.000000000000000e+00 0.000000000000000e+00 0.000000000000000e+00 0.000000000000000e+00 0.000000000000000e+00 0.000000000000000e+00
 0.000000000000000e+00 0.000000000000000e+00 0.000000000000000e+00 0.000000000000000e+00 0.000000000000000e+00 0.000000000000000e+00 0.000000000000000e+00 0.000000000000000e+00 0.000000000000000e+00 0.000000000000000e+00
 0.000000000000000e+00 0.000000000000000e+00 0.000000000000000e+00 0.000000000000000e+00 0.000000000000000e+00 0.000000000000000e+00 0.000000000000000e+00 0.000000000000000e+00 0.000000000000000e+00 0.000000000000000e+00
 0.000000000000000e+00 0.000000000000000e+00 0.000000000000000e+00 0.000000000000000e+00 0.000000000000000e+00 0.000000000000000e+00 0.000000000000000e+00 0.000000000000000e+00 0.000000000000000e+00 0.000000000000000e+00
 0.000000000000000e+00 0.000000000000000e+00 0.000000000000000e+00 0.000000000000000e+00 0.000000000000000e+00 0.000000000000000e+00 0.000000000000000e+00 0.000000000000000e+00 0.000000000000000e+00 0.000000000000000e+00
 0.000000000000000e+00 0.000000000000000e+00 0.000000000000000e+00 0.000000000000000e+00 0.000000000000000e+00 0.000000000000000e+00 0.000000000000000e+00 0.000000000000000e+00 0.000000000000000e+00 0.000000000000000e+00
 0.000000000000000e+00 0.000000000000000e+00 0.000000000000000e+00 0.000000000000000e+00 0.000000000000000e+00 0.000000000000000e+00 0.000000000000000e+00 0.000000000000000e+00 0.000000000000000e+00 0.000000000000000e+00
 0.000000000000000e+00 0.000000000000000e+00 0.000000000000000e+00 0.000000000000000e+00 0.000000000000000e+00 0.000000000000000e+00 0.000000000000000e+00 0.000000000000000e+00 0.000000000000000e+00 0.000000000000000e+00
 0.000000000000000e+00 0.000000000000000e+00 0.000000000000000e+00 0.000000000000000e+00 0.000000000000000e+00 0.000000000000000e+00 0.000000000000000e+00 0.000000000000000e+00 0.000000000000000e+00 0.000000000000000e+00
 0.000000000000000e+00 0.000000000000000e+00 0.000000000000000e+00 0.000000000000000e+00 0.000000000000000e+00 0.000000000000000e+00 0.000000000000000e+00 0.000000000000000e+00 0.000000000000000e+00 0.000000000000000e+00
 0.000000000000000e+00 0.000000000000000e+00 0.000000000000000e+00 0.000000000000000e+00 0.000000000000000e+00 0.000000000000000e+00 0.000000000000000e+00 0.000000000000000e+00 0.000000000000000e+00 0.000000000000000e+00
 0.000000000000000e+00 0.000000000000000e+00 0.000000000000000e+00 0.000000000000000e+00 0.000000000000000e+00 0.000000000000000e+00 0.000000000000000e+00 0.000000000000000e+00 0.000000000000000e+00 0.000000000000000e+00
 0.000000000000000e+00 0.000000000000000e+00 0.000000000000000e+00 0.000000000000000e+00 0.000000000000000e+00 0.000000000000000e+00 0.000000000000000e+00 0.000000000000000e+00 0.000000000000000e+00 0.000000000000000e+00
 0.000000000000000e+00 0.000000000000000e+00 0.000000000000000e+00 0.000000000000000e+00 0.000000000000000e+00 0.000000000000000e+00 0.000000000000000e+00 0.000000000000000e+00 0.000000000000000e+00 0.000000000000000e+00
 0.000000000000000e+00 0.000000000000000e+00 0.000000000000000e+00 0.000000000000000e+00 0.000000000000000e+00 0.000000000000000e+00 0.000000000000000e+00 0.000000000000000e+00 0.000000000000000e+00 0.000000000000000e+00
 0.000000000000000e+00 0.000000000000000e+00 0.000000000000000e+00 0.000000000000000e+00 0.000000000000000e+00 0.000000000000000e+00 0.000000000000000e+00 0.000000000000000e+00 0.000000000000000e+00 0.000000000000000e+00
 0.000000000000000e+00 0.000000000000000e+00 0.000000000000000e+00 0.000000000000000e+00 0.000000000000000e+00 0.000000000000000e+00 0.000000000000000e+00 0.000000000000000e+00 0.000000000000000e+00 0.000000000000000e+00
 0.000000000000000e+00 0.000000000000000e+00 0.000000000000000e+00 0.000000000000000e+00 0.000000000000000e+00 0.000000000000000e+00 0.000000000000000e+00 0.000000000000000e+00 0.000000000000000e+00 0.000000000000000e+00
 0.000000000000000e+00 0.000000000000000e+00 0.000000000000000e+00 0.000000000000000e+00 0.000000000000000e+00 0.000000000000000e+00 0.000000000000000e+00 0.000000000000000e+00 0.000000000000000e+00 0.000000000000000e+00
 0.000000000000000e+00 0.000000000000000e+00 0.000000000000000e+00 0.000000000000000e+00 0.000000000000000e+00 0.000000000000000e+00 0.000000000000000e+00 0.000000000000000e+00 0.000000000000000e+00 0.000000000000000e+00
 0.000000000000000e+00 0.000000000000000e+00 0.000000000000000e+00 0.000000000000000e+00 0.000000000000000e+00 0.000000000000000e+00 0.000000000000000e+00 2.962513459034455e+04 7.381984786769943e+04 1.337636746572294e+05
 1.937075014467593e+05 1.210671884042246e+05 4.842687536168982e+04 0.000000000000000e+00 0.000000000000000e+00 2.765012561765475e+04 7.284558070690875e+04 1.347137364227209e+05 1.965818921385330e+05 1.228636825865831e+05
 4.914547303463325e+04 0.000000000000000e+00 0.000000000000000e+00 2.567511664496516e+04 7.187131354611818e+04 1.356637981882123e+05 1.994562828303064e+05 1.246601767689415e+05 4.986407070757661e+04 0.000000000000000e+00
 0.000000000000000e+00 2.370010767227556e+04 7.089704638532760e+04 1.366138599537037e+05 2.023306735220799e+05 1.264566709512999e+05 5.058266838051997e+04 0.000000000000000e+00 0.000000000000000e+00 2.172509869958598e+04
 6.992277922453702e+04 1.375639217191952e+05 2.052050642138533e+05 1.282531651336583e+05 5.130126605346333e+04 0.000000000000000e+00 0.000000000000000e+00 1.975008972689637e+04 6.894851206374644e+04 1.385139834846866e+05
 2.080794549056268e+05 1.300496593160167e+05 5.201986372640669e+04 0.000000000000000e+00 0.000000000000000e+00 1.777508075420677e+04 6.797424490295586e+04 1.394640452501781e+05 2.109538455974002e+05 1.318461534983751e+05
 5.273846139935006e+04 0.000000000000000e+00 0.000000000000000e+00 1.580007178151719e+04 6.699997774216528e+04 1.404141070156695e+05 2.138282362891737e+05 1.336426476807335e+05 5.345705907229341e+04 0.000000000000000e+00
 0.000000000000000e+00 0.000000000000000e+00 0.000000000000000e+00 0.000000000000000e+00 0.000000000000000e+00 0.000000000000000e+00 0.000000000000000e+00 0.000000000000000e+00 0.000000000000000e+00 0.000000000000000e+00
 0.000000000000000e+00 0.000000000000000e+00 0.000000000000000e+00 0.000000000000000e+00 0.000000000000000e+00 0.000000000000000e+00 0.000000000000000e+00 0.000000000000000e+00 0.000000000000000e+00 0.000000000000000e+00
 0.000000000000000e+00 0.000000000000000e+00 0.000000000000000e+00 0.000000000000000e+00 0.000000000000000e+00 0.000000000000000e+00 0.000000000000000e+00 0.000000000000000e+00 0.000000000000000e+00 0.000000000000000e+00
 0.000000000000000e+00 0.000000000000000e+00 0.000000000000000e+00 0.000000000000000e+00 0.000000000000000e+00 0.000000000000000e+00 0.000000000000000e+00 0.000000000000000e+00 0.000000000000000e+00 0.000000000000000e+00
 0.000000000000000e+00 0.000000000000000e+00 0.000000000000000e+00 0.000000000000000e+00 0.000000000000000e+00 0.000000000000000e+00 0.000000000000000e+00 0.000000000000000e+00 0.000000000000000e+00 0.000000000000000e+00
 0.000000000000000e+00 0.000000000000000e+00 0.000000000000000e+00 0.000000000000000e+00 0.000000000000000e+00 0.000000000000000e+00 0.000000000000000e+00 0.000000000000000e+00 0.000000000000000e+00 0.000000000000000e+00
 0.000000000000000e+00 0.000000000000000e+00 0.000000000000000e+00 0.000000000000000e+00 0.000000000000000e+00 1.382506280882758e+04 6.602571058137470e+04 1.413641687811609e+05 2.167026269809471e+05 1.354391418630920e+05
 5.417565674523678e+04 0.000000000000000e+00 0.000000000000000e+00 1.185005383613800e+04 6.505144342058413e+04 1.423142305466523e+05 2.195770176727205e+05 1.372356360454503e+05 5.489425441818013e+04 0.000000000000000e+00
 0.000000000000000e+00 9.875044863448178e+03 6.407717625979345e+04 1.432642923121439e+05 2.224514083644943e+05 1.390321302278090e+05 5.561285209112358e+04 0.000000000000000e+00 0.000000000000000e+00 7.900035890758593e+03
 6.310290909900287e+04 1.442143540776353e+05 2.253257990562677e+05 1.408286244101673e+05 5.633144976406694e+04 0.000000000000000e+00 0.000000000000000e+00 0.000000000000000e+00 0.000000000000000e+00 0.000000000000000e+00
 0.000000000000000e+00 0.000000000000000e+00 0.000000000000000e+00 0.000000000000000e+00 0.000000000000000e+00 0.000000000000000e+00 0.000000000000000e+00 0.000000000000000e+00 0.000000000000000e+00 0.000000000000000e+00
 0.000000000000000e+00 0.000000000000000e+00 0.000000000000000e+00 0.000000000000000e+00 0.000000000000000e+00 0.000000000000000e+00 0.000000000000000e+00 0.000000000000000e+00 0.000000000000000e+00 0.000000000000000e+00
 0.000000000000000e+00 0.000000000000000e+00 0.000000000000000e+00 0.000000000000000e+00 0.000000000000000e+00 0.000000000000000e+00 0.000000000000000e+00 0.000000000000000e+00 0.000000000000000e+00 5.925026918068990e+03
 6.212864193821230e+04 1.451644158431267e+05 2.282001897480412e+05 1.426251185925257e+05 5.705004743701030e+04 0.000000000000000e+00 0.000000000000000e+00 3.950017945379188e+03 6.115437477742161e+04 1.461144776086183e+05
 2.310745804398149e+05 1.444216127748843e+05 5.776864510995374e+04 0.000000000000000e+00 0.000000000000000e+00 0.000000000000000e+00 0.000000000000000e+00 0.000000000000000e+00 0.000000000000000e+00 0.000000000000000e+00
 0.000000000000000e+00 0.000000000000000e+00 0.000000000000000e+00 0.000000000000000e+00 0.000000000000000e+00 0.000000000000000e+00 0.000000000000000e+00 0.000000000000000e+00 0.000000000000000e+00 0.000000000000000e+00
 0.000000000000000e+00 1.975008972689603e+03 6.018010761663104e+04 1.470645393741097e+05 2.339489711315884e+05 1.462181069572427e+05 5.848724278289710e+04 0.000000000000000e+00 0.000000000000000e+00 0.000000000000000e+00
 5.920584045584046e+04 1.480146011396011e+05 2.368233618233618e+05 1.480146011396011e+05 5.920584045584046e+04 0.000000000000000e+00 0.000000000000000e+00 0.000000000000000e+00 0.000000000000000e+00 0.000000000000000e+00
 0.000000000000000e+00 0.000000000000000e+00 0.000000000000000e+00 0.000000000000000e+00 0.000000000000000e+00 0.000000000000000e+00 0.000000000000000e+00 0.000000000000000e+00 0.000000000000000e+00 0.000000000000000e+00
 0.000000000000000e+00 0.000000000000000e+00 0.000000000000000e+00 0.000000000000000e+00 0.000000000000000e+00 0.000000000000000e+00 0.000000000000000e+00 0.000000000000000e+00 0.000000000000000e+00 0.000000000000000e+00
 0.000000000000000e+00 0.000000000000000e+00 0.000000000000000e+00 0.000000000000000e+00 0.000000000000000e+00 0.000000000000000e+00 0.000000000000000e+00 0.000000000000000e+00 0.000000000000000e+00 0.000000000000000e+00
 0.000000000000000e+00 0.000000000000000e+00 0.000000000000000e+00 0.000000000000000e+00 0.000000000000000e+00 0.000000000000000e+00 0.000000000000000e+00 0.000000000000000e+00 0.000000000000000e+00 0.000000000000000e+00
 0.000000000000000e+00 0.000000000000000e+00 0.000000000000000e+00 0.000000000000000e+00 0.000000000000000e+00 0.000000000000000e+00 0.000000000000000e+00 0.000000000000000e+00 0.000000000000000e+00 0.000000000000000e+00
 0.000000000000000e+00 0.000000000000000e+00 0.000000000000000e+00 0.000000000000000e+00 0.000000000000000e+00 0.000000000000000e+00 0.000000000000000e+00 0.000000000000000e+00 0.000000000000000e+00 0.000000000000000e+00
 0.000000000000000e+00 0.000000000000000e+00 0.000000000000000e+00 0.000000000000000e+00 0.000000000000000e+00 0.000000000000000e+00 0.000000000000000e+00 0.000000000000000e+00 0.000000000000000e+00 0.000000000000000e+00
 0.000000000000000e+00 0.000000000000000e+00 0.000000000000000e+00 0.000000000000000e+00 0.000000000000000e+00 0.000000000000000e+00 0.000000000000000e+00 0.000000000000000e+00 0.000000000000000e+00 0.000000000000000e+00
 0.000000000000000e+00 0.000000000000000e+00 0.000000000000000e+00 0.000000000000000e+00 0.000000000000000e+00 0.000000000000000e+00 0.000000000000000e+00 0.000000000000000e+00 0.000000000000000e+00 0.000000000000000e+00
 0.000000000000000e+00 0.000000000000000e+00 0.000000000000000e+00 0.000000000000000e+00 0.000000000000000e+00 0.000000000000000e+00 0.000000000000000e+00 0.000000000000000e+00 0.000000000000000e+00 0.000000000000000e+00
 0.000000000000000e+00 0.000000000000000e+00 0.000000000000000e+00 0.000000000000000e+00 0.000000000000000e+00 0.000000000000000e+00 0.000000000000000e+00 0.000000000000000e+00 0.000000000000000e+00 0.000000000000000e+00
 0.000000000000000e+00 0.000000000000000e+00 0.000000000000000e+00 0.000000000000000e+00 0.000000000000000e+00 0.000000000000000e+00 0.000000000000000e+00 0.000000000000000e+00 0.000000000000000e+00 0.000000000000000e+00
 0.000000000000000e+00 0.000000000000000e+00 0.000000000000000e+00 0.000000000000000e+00 0.000000000000000e+00 0.000000000000000e+00 0.000000000000000e+00 0.000000000000000e+00 0.000000000000000e+00 0.000000000000000e+00
 0.000000000000000e+00 0.000000000000000e+00 0.000000000000000e+00 0.000000000000000e+00 0.000000000000000e+00 0.000000000000000e+00 0.000000000000000e+00 0.000000000000000e+00 0.000000000000000e+00 0.000000000000000e+00
 0.000000000000000e+00 0.000000000000000e+00 0.000000000000000e+00 0.000000000000000e+00 0.000000000000000e+00 0.000000000000000e+00 0.000000000000000e+00 0.000000000000000e+00 0.000000000000000e+00 0.000000000000000e+00
 0.000000000000000e+00 0.000000000000000e+00 0.000000000000000e+00 0.000000000000000e+00 0.000000000000000e+00 0.000000000000000e+00 0.000000000000000e+00 0.000000000000000e+00 0.000000000000000e+00 0.000000000000000e+00
 0.000000000000000e+00 0.000000000000000e+00 0.000000000000000e+00 0.000000000000000e+00 0.000000000000000e+00 0.000000000000000e+00 0.000000000000000e+00 0.000000000000000e+00 0.000000000000000e+00 0.000000000000000e+00
 0.000000000000000e+00 0.000000000000000e+00 0.000000000000000e+00 0.000000000000000e+00 0.000000000000000e+00 0.000000000000000e+00 0.000000000000000e+00 0.000000000000000e+00 0.000000000000000e+00 0.000000000000000e+00
 0.000000000000000e+00 0.000000000000000e+00 0.000000000000000e+00 0.000000000000000e+00 0.000000000000000e+00 0.000000000000000e+00 0.000000000000000e+00 0.000000000000000e+00 0.000000000000000e+00 0.000000000000000e+00
 0.000000000000000e+00 0.000000000000000e+00 0.000000000000000e+00 0.000000000000000e+00 0.000000000000000e+00 0.000000000000000e+00 0.000000000000000e+00 0.000000000000000e+00 0.000000000000000e+00 0.000000000000000e+00
 0.000000000000000e+00 0.000000000000000e+00 0.000000000000000e+00 0.000000000000000e+00 0.000000000000000e+00 0.000000000000000e+00 0.000000000000000e+00 0.000000000000000e+00 0.000000000000000e+00 0.000000000000000e+00
 0.000000000000000e+00 0.000000000000000e+00 0.000000000000000e+00 0.000000000000000e+00 0.000000000000000e+00 0.000000000000000e+00 0.000000000000000e+00 0.000000000000000e+00 0.000000000000000e+00 0.000000000000000e+00
 0.000000000000000e+00 0.000000000000000e+00 0.000000000000000e+00 0.000000000000000e+00 0.000000000000000e+00 0.000000000000000e+00 0.000000000000000e+00 0.000000000000000e+00 0.000000000000000e+00 0.000000000000000e+00
 0.000000000000000e+00 0.000000000000000e+00 0.000000000000000e+00 0.000000000000000e+00 0.000000000000000e+00 0.000000000000000e+00 0.000000000000000e+00 0.000000000000000e+00 0.000000000000000e+00 0.000000000000000e+00
 0.000000000000000e+00 0.000000000000000e+00 0.000000000000000e+00 0.000000000000000e+00 0.000000000000000e+00 0.000000000000000e+00 0.000000000000000e+00 0.000000000000000e+00 0.000000000000000e+00 0.000000000000000e+00
 0.000000000000000e+00 0.000000000000000e+00 0.000000000000000e+00 0.000000000000000e+00 0.000000000000000e+00 0.000000000000000e+00 0.000000000000000e+00 0.000000000000000e+00 0.000000000000000e+00 0.000000000000000e+00
 0.000000000000000e+00 0.000000000000000e+00 0.000000000000000e+00 0.000000000000000e+00 0.000000000000000e+00 0.000000000000000e+00 0.000000000000000e+00 0.000000000000000e+00 0.000000000000000e+00 0.000000000000000e+00
 0.000000000000000e+00 0.000000000000000e+00 0.000000000000000e+00 0.000000000000000e+00 0.000000000000000e+00 0.000000000000000e+00 0.000000000000000e+00 0.000000000000000e+00 0.000000000000000e+00 0.000000000000000e+00
 0.000000000000000e+00 0.000000000000000e+00 0.000000000000000e+00 0.000000000000000e+00 0.000000000000000e+00 0.000000000000000e+00 0.000000000000000e+00 0.000000000000000e+00 0.000000000000000e+00 0.000000000000000e+00
 0.000000000000000e+00 0.000000000000000e+00 0.000000000000000e+00 0.000000000000000e+00 0.000000000000000e+00 0.000000000000000e+00 0.000000000000000e+00 0.000000000000000e+00 0.000000000000000e+00 0.000000000000000e+00
 0.000000000000000e+00 0.000000000000000e+00 0.000000000000000e+00 0.000000000000000e+00 0.000000000000000e+00 0.000000000000000e+00 0.000000000000000e+00 0.000000000000000e+00 0.000000000000000e+00 0.000000000000000e+00
 0.000000000000000e+00 0.000000000000000e+00 0.000000000000000e+00 0.000000000000000e+00 0.000000000000000e+00 0.000000000000000e+00 0.000000000000000e+00 0.000000000000000e+00 0.000000000000000e+00 0.000000000000000e+00
 0.000000000000000e+00 0.000000000000000e+00 0.000000000000000e+00 0.000000000000000e+00 0.000000000000000e+00 0.000000000000000e+00 0.000000000000000e+00 0.000000000000000e+00 0.000000000000000e+00 0.000000000000000e+00
 0.000000000000000e+00 0.000000000000000e+00 0.000000000000000e+00 0.000000000000000e+00 0.000000000000000e+00 0.000000000000000e+00 0.000000000000000e+00 0.000000000000000e+00 0.000000000000000e+00 0.000000000000000e+00
 0.000000000000000e+00 0.000000000000000e+00 0.000000000000000e+00 0.000000000000000e+00 0.000000000000000e+00 0.000000000000000e+00 0.000000000000000e+00 0.000000000000000e+00 0.000000000000000e+00 0.000000000000000e+00
 0.000000000000000e+00 0.000000000000000e+00 0.000000000000000e+00 0.000000000000000e+00 0.000000000000000e+00 0.000000000000000e+00 0.000000000000000e+00 0.000000000000000e+00 0.000000000000000e+00 0.000000000000000e+00
 0.000000000000000e+00 0.000000000000000e+00 0.000000000000000e+00 0.000000000000000e+00 0.000000000000000e+00 0.000000000000000e+00 0.000000000000000e+00 0.000000000000000e+00 0.000000000000000e+00 0.000000000000000e+00
 0.000000000000000e+00 0.000000000000000e+00 0.000000000000000e+00 0.000000000000000e+00 0.000000000000000e+00 0.000000000000000e+00 0.000000000000000e+00 0.000000000000000e+00 0.000000000000000e+00 0.000000000000000e+00
 0.000000000000000e+00 0.000000000000000e+00 0.000000000000000e+00 0.000000000000000e+00 0.000000000000000e+00 0.000000000000000e+00 0.000000000000000e+00 0.000000000000000e+00 0.000000000000000e+00 0.000000000000000e+00
 0.000000000000000e+00 0.000000000000000e+00 0.000000000000000e+00 0.000000000000000e+00 0.000000000000000e+00 0.000000000000000e+00 0.000000000000000e+00 0.000000000000000e+00 0.000000000000000e+00 0.000000000000000e+00
 0.000000000000000e+00 0.000000000000000e+00 0.000000000000000e+00 0.000000000000000e+00 0.000000000000000e+00 0.000000000000000e+00 0.000000000000000e+00 0.000000000000000e+00 0.000000000000000e+00 0.000000000000000e+00
 0.000000000000000e+00 0.000000000000000e+00 0.000000000000000e+00 0.000000000000000e+00 0.000000000000000e+00 0.000000000000000e+00 0.000000000000000e+00 0.000000000000000e+00 0.000000000000000e+00 0.000000000000000e+00
 0.000000000000000e+00 0.000000000000000e+00 0.000000000000000e+00 0.000000000000000e+00 0.000000000000000e+00 0.000000000000000e+00 0.000000000000000e+00 0.000000000000000e+00 0.000000000000000e+00 0.000000000000000e+00
 0.000000000000000e+00 0.000000000000000e+00 0.000000000000000e+00 0.000000000000000e+00 0.000000000000000e+00 0.000000000000000e+00 0.000000000000000e+00 0.000000000000000e+00 0.000000000000000e+00 0.000000000000000e+00
 0.000000000000000e+00 0.000000000000000e+00 0.000000000000000e+00 0.000000000000000e+00 0.000000000000000e+00 0.000000000000000e+00 0.000000000000000e+00 0.000000000000000e+00 0.000000000000000e+00 0.000000000000000e+00
 0.000000000000000e+00 0.000000000000000e+00 0.000000000000000e+00 0.000000000000000e+00 0.000000000000000e+00 0.000000000000000e+00 0.000000000000000e+00 0.000000000000000e+00 0.000000000000000e+00 0.000000000000000e+00
 0.000000000000000e+00 0.000000000000000e+00 0.000000000000000e+00 0.000000000000000e+00 0.000000000000000e+00 0.000000000000000e+00 0.000000000000000e+00 0.000000000000000e+00 0.000000000000000e+00 0.000000000000000e+00
 0.000000000000000e+00 0.000000000000000e+00 0.000000000000000e+00 0.000000000000000e+00 0.000000000000000e+00 0.000000000000000e+00 0.000000000000000e+00 0.000000000000000e+00 0.000000000000000e+00 0.000000000000000e+00
 0.000000000000000e+00 0.000000000000000e+00 0.000000000000000e+00 0.000000000000000e+00 0.000000000000000e+00 0.000000000000000e+00 0.000000000000000e+00 0.000000000000000e+00 0.000000000000000e+00 0.000000000000000e+00
 0.000000000000000e+00 0.000000000000000e+00 0.000000000000000e+00 0.000000000000000e+00 0.000000000000000e+00 0.000000000000000e+00 0.000000000000000e+00 0.000000000000000e+00 0.000000000000000e+00 0.000000000000000e+00
 0.000000000000000e+00 0.000000000000000e+00 0.000000000000000e+00 0.000000000000000e+00 0.000000000000000e+00 0.000000000000000e+00 0.000000000000000e+00 0.000000000000000e+00 0.000000000000000e+00 0.000000000000000e+00
 0.000000000000000e+00 0.000000000000000e+00 0.000000000000000e+00 0.000000000000000e+00 0.000000000000000e+00 0.000000000000000e+00 0.000000000000000e+00 0.000000000000000e+00 0.000000000000000e+00 0.000000000000000e+00
 0.000000000000000e+00 0.000000000000000e+00 0.000000000000000e+00 0.000000000000000e+00 0.000000000000000e+00 0.000000000000000e+00 0.000000000000000e+00 0.000000000000000e+00 0.000000000000000e+00 0.000000000000000e+00
 0.000000000000000e+00 0.000000000000000e+00 0.000000000000000e+00 0.000000000000000e+00 0.000000000000000e+00 0.000000000000000e+00 0.000000000000000e+00 0.000000000000000e+00 0.000000000000000e+00 0.000000000000000e+00
 0.000000000000000e+00 0.000000000000000e+00 0.000000000000000e+00 0.000000000000000e+00 0.000000000000000e+00 0.000000000000000e+00 0.000000000000000e+00 0.000000000000000e+00 0.000000000000000e+00 0.000000000000000e+00
 0.000000000000000e+00 0.000000000000000e+00 0.000000000000000e+00 0.000000000000000e+00 0.000000000000000e+00 0.000000000000000e+00 0.000000000000000e+00 0.000000000000000e+00 0.000000000000000e+00 0.000000000000000e+00
 0.000000000000000e+00 0.000000000000000e+00 0.000000000000000e+00 0.000000000000000e+00 0.000000000000000e+00 0.000000000000000e+00 0.000000000000000e+00 0.000000000000000e+00 0.000000000000000e+00 0.000000000000000e+00
 0.000000000000000e+00 0.000000000000000e+00 0.000000000000000e+00 0.000000000000000e+00 0.000000000000000e+00 0.000000000000000e+00 0.000000000000000e+00 0.000000000000000e+00 0.000000000000000e+00 0.000000000000000e+00
 0.000000000000000e+00 0.000000000000000e+00 0.000000000000000e+00 0.000000000000000e+00 0.000000000000000e+00 0.000000000000000e+00 0.000000000000000e+00 0.000000000000000e+00 0.000000000000000e+00 0.000000000000000e+00
 0.000000000000000e+00 0.000000000000000e+00 0.000000000000000e+00 0.000000000000000e+00 0.000000000000000e+00 0.000000000000000e+00 0.000000000000000e+00 0.000000000000000e+00 0.000000000000000e+00 0.000000000000000e+00
 0.000000000000000e+00 0.000000000000000e+00 0.000000000000000e+00 0.000000000000000e+00 0.000000000000000e+00 0.000000000000000e+00 0.000000000000000e+00 0.000000000000000e+00 0.000000000000000e+00 0.000000000000000e+00
 0.000000000000000e+00 0.000000000000000e+00 0.000000000000000e+00 0.000000000000000e+00 0.000000000000000e+00 0.000000000000000e+00 0.000000000000000e+00 0.000000000000000e+00 0.000000000000000e+00 0.000000000000000e+00
 0.000000000000000e+00 0.000000000000000e+00 0.000000000000000e+00 0.000000000000000e+00 0.000000000000000e+00 0.000000000000000e+00 0.000000000000000e+00 0.000000000000000e+00 0.000000000000000e+00 0.000000000000000e+00
 0.000000000000000e+00 0.000000000000000e+00 0.000000000000000e+00 0.000000000000000e+00 0.000000000000000e+00 0.000000000000000e+00 0.000000000000000e+00 0.000000000000000e+00 0.000000000000000e+00 0.000000000000000e+00
 0.000000000000000e+00 0.000000000000000e+00 0.000000000000000e+00 0.000000000000000e+00 0.000000000000000e+00 0.000000000000000e+00 0.000000000000000e+00 0.000000000000000e+00 0.000000000000000e+00 0.000000000000000e+00
 0.000000000000000e+00 0.000000000000000e+00 0.000000000000000e+00 0.000000000000000e+00 0.000000000000000e+00 0.000000000000000e+00 0.000000000000000e+00 0.000000000000000e+00 0.000000000000000e+00 0.000000000000000e+00
 0.000000000000000e+00 0.000000000000000e+00 0.000000000000000e+00 0.000000000000000e+00 0.000000000000000e+00 0.000000000000000e+00 0.000000000000000e+00 0.000000000000000e+00 0.000000000000000e+00 0.000000000000000e+00
 0.000000000000000e+00 0.000000000000000e+00 0.000000000000000e+00 0.000000000000000e+00 0.000000000000000e+00 0.000000000000000e+00 0.000000000000000e+00 0.000000000000000e+00 0.000000000000000e+00 0.000000000000000e+00
 0.000000000000000e+00 0.000000000000000e+00 0.000000000000000e+00 0.000000000000000e+00 0.000000000000000e+00 0.000000000000000e+00 0.000000000000000e+00 0.000000000000000e+00 0.000000000000000e+00 0.000000000000000e+00
 0.000000000000000e+00 0.000000000000000e+00 0.000000000000000e+00 0.000000000000000e+00 0.000000000000000e+00 0.000000000000000e+00 0.000000000000000e+00 0.000000000000000e+00 0.000000000000000e+00 0.000000000000000e+00
 0.000000000000000e+00 0.000000000000000e+00 0.000000000000000e+00 0.000000000000000e+00 0.000000000000000e+00 0.000000000000000e+00 0.000000000000000e+00 0.000000000000000e+00 0.000000000000000e+00 0.000000000000000e+00
 0.000000000000000e+00 0.000000000000000e+00 0.000000000000000e+00 0.000000000000000e+00 0.000000000000000e+00 0.000000000000000e+00 0.000000000000000e+00 0.000000000000000e+00 0.000000000000000e+00 0.000000000000000e+00
 0.000000000000000e+00 0.000000000000000e+00 0.000000000000000e+00 0.000000000000000e+00 0.000000000000000e+00 0.000000000000000e+00 0.000000000000000e+00 0.000000000000000e+00 0.000000000000000e+00 0.000000000000000e+00
 0.000000000000000e+00 0.000000000000000e+00 0.000000000000000e+00 0.000000000000000e+00 0.000000000000000e+00 0.000000000000000e+00 0.000000000000000e+00 0.000000000000000e+00 0.000000000000000e+00 0.000000000000000e+00
 0.000000000000000e+00 0.000000000000000e+00 0.000000000000000e+00 0.000000000000000e+00 0.000000000000000e+00 0.000000000000000e+00 0.000000000000000e+00 0.000000000000000e+00 0.000000000000000e+00 0.000000000000000e+00
 0.000000000000000e+00 0.000000000000000e+00 0.000000000000000e+00 0.000000000000000e+00 0.000000000000000e+00 0.000000000000000e+00 0.000000000000000e+00 0.000000000000000e+00 0.000000000000000e+00 0.000000000000000e+00
 0.000000000000000e+00 0.000000000000000e+00 0.000000000000000e+00 0.000000000000000e+00 0.000000000000000e+00 0.000000000000000e+00 0.000000000000000e+00 0.000000000000000e+00 0.000000000000000e+00 0.000000000000000e+00
 0.000000000000000e+00 0.000000000000000e+00 0.000000000000000e+00 0.000000000000000e+00 0.000000000000000e+00 0.000000000000000e+00 0.000000000000000e+00 0.000000000000000e+00 0.000000000000000e+00 0.000000000000000e+00
 0.000000000000000e+00 0.000000000000000e+00 0.000000000000000e+00 0.000000000000000e+00 0.000000000000000e+00 0.000000000000000e+00 0.000000000000000e+00 0.000000000000000e+00 0.000000000000000e+00 0.000000000000000e+00
 0.000000000000000e+00 0.000000000000000e+00 0.000000000000000e+00 0.000000000000000e+00 0.000000000000000e+00 0.000000000000000e+00 0.000000000000000e+00 0.000000000000000e+00 0.000000000000000e+00 0.000000000000000e+00
 0.000000000000000e+00 0.000000000000000e+00 0.000000000000000e+00 0.000000000000000e+00 0.000000000000000e+00 0.000000000000000e+00 0.000000000000000e+00 0.000000000000000e+00 0.000000000000000e+00 0.000000000000000e+00
 0.000000000000000e+00 0.000000000000000e+00 0.000000000000000e+00 0.000000000000000e+00 0.000000000000000e+00 0.000000000000000e+00 0.000000000000000e+00 0.000000000000000e+00 0.000000000000000e+00 0.000000000000000e+00
 0.000000000000000e+00 0.000000000000000e+00 0.000000000000000e+00 0.000000000000000e+00 0.000000000000000e+00 0.000000000000000e+00 0.000000000000000e+00 0.000000000000000e+00 0.000000000000000e+00 0.000000000000000e+00
 0.000000000000000e+00 0.000000000000000e+00 0.000000000000000e+00 0.000000000000000e+00 0.000000000000000e+00 0.000000000000000e+00 0.000000000000000e+00 0.000000000000000e+00 0.000000000000000e+00 0.000000000000000e+00
 0.000000000000000e+00 0.000000000000000e+00 0.000000000000000e+00 0.000000000000000e+00 0.000000000000000e+00 0.000000000000000e+00 0.000000000000000e+00 0.000000000000000e+00 0.000000000000000e+00 0.000000000000000e+00
 0.000000000000000e+00 0.000000000000000e+00 0.000000000000000e+00 0.000000000000000e+00 0.000000000000000e+00 0.000000000000000e+00 0.000000000000000e+00 0.000000000000000e+00 0.000000000000000e+00 0.000000000000000e+00
 0.000000000000000e+00 0.000000000000000e+00 0.000000000000000e+00 0.000000000000000e+00 0.000000000000000e+00 0.000000000000000e+00 0.000000000000000e+00 0.000000000000000e+00 0.000000000000000e+00 0.000000000000000e+00
 0.000000000000000e+00 0.000000000000000e+00 0.000000000000000e+00 0.000000000000000e+00 0.000000000000000e+00 0.000000000000000e+00 0.000000000000000e+00 0.000000000000000e+00 0.000000000000000e+00 0.000000000000000e+00
 0.000000000000000e+00 0.000000000000000e+00 0.000000000000000e+00 0.000000000000000e+00 0.000000000000000e+00 0.000000000000000e+00 0.000000000000000e+00 0.000000000000000e+00 0.000000000000000e+00 0.000000000000000e+00
 0.000000000000000e+00 0.000000000000000e+00 0.000000000000000e+00 0.000000000000000e+00 0.000000000000000e+00 0.000000000000000e+00 0.000000000000000e+00 0.000000000000000e+00 0.000000000000000e+00 0.000000000000000e+00
 0.000000000000000e+00 0.000000000000000e+00 0.000000000000000e+00 0.000000000000000e+00 0.000000000000000e+00 0.000000000000000e+00 0.000000000000000e+00 0.000000000000000e+00 0.000000000000000e+00 0.000000000000000e+00
 0.000000000000000e+00 0.000000000000000e+00 0.000000000000000e+00 0.000000000000000e+00 0.000000000000000e+00 0.000000000000000e+00 0.000000000000000e+00 0.000000000000000e+00 0.000000000000000e+00 0.000000000000000e+00
 0.000000000000000e+00 0.000000000000000e+00 0.000000000000000e+00 0.000000000000000e+00 0.000000000000000e+00 0.000000000000000e+00 0.000000000000000e+00 0.000000000000000e+00 0.000000000000000e+00 0.000000000000000e+00
 0.000000000000000e+00 0.000000000000000e+00 0.000000000000000e+00 0.000000000000000e+00 0.000000000000000e+00 0.000000000000000e+00 0.000000000000000e+00 0.000000000000000e+00 0.000000000000000e+00 0.000000000000000e+00
 0.000000000000000e+00 0.000000000000000e+00 0.000000000000000e+00 0.000000000000000e+00 0.000000000000000e+00 0.000000000000000e+00 0.000000000000000e+00 0.000000000000000e+00 0.000000000000000e+00 0.000000000000000e+00
 0.000000000000000e+00 0.000000000000000e+00 0.000000000000000e+00 0.000000000000000e+00 0.000000000000000e+00 0.000000000000000e+00 0.000000000000000e+00 0.000000000000000e+00 0.000000000000000e+00 0.000000000000000e+00
 0.000000000000000e+00 0.000000000000000e+00 0.000000000000000e+00 0.000000000000000e+00 0.000000000000000e+00 0.000000000000000e+00 0.000000000000000e+00 0.000000000000000e+00 0.000000000000000e+00 0.000000000000000e+00
 0.000000000000000e+00 0.000000000000000e+00 0.000000000000000e+00 0.000000000000000e+00 0.000000000000000e+00 0.000000000000000e+00 0.000000000000000e+00 0.000000000000000e+00 0.000000000000000e+00 0.000000000000000e+00
 0.000000000000000e+00 0.000000000000000e+00 0.000000000000000e+00 0.000000000000000e+00 0.000000000000000e+00 0.000000000000000e+00 0.000000000000000e+00 0.000000000000000e+00 0.000000000000000e+00 0.000000000000000e+00
 0.000000000000000e+00 0.000000000000000e+00 0.000000000000000e+00 0.000000000000000e+00 0.000000000000000e+00 0.000000000000000e+00 0.000000000000000e+00 0.000000000000000e+00 0.000000000000000e+00 0.000000000000000e+00
 0.000000000000000e+00 0.000000000000000e+00 0.000000000000000e+00 0.000000000000000e+00 0.000000000000000e+00 0.000000000000000e+00 0.000000000000000e+00 0.000000000000000e+00 0.000000000000000e+00 0.000000000000000e+00
 0.000000000000000e+00 0.000000000000000e+00 0.000000000000000e+00 0.000000000000000e+00 0.000000000000000e+00 0.000000000000000e+00 0.000000000000000e+00 0.000000000000000e+00 0.000000000000000e+00 0.000000000000000e+00
 0.000000000000000e+00 0.000000000000000e+00 0.000000000000000e+00 0.000000000000000e+00 0.000000000000000e+00 0.000000000000000e+00 0.000000000000000e+00 0.000000000000000e+00 0.000000000000000e+00 0.000000000000000e+00
 0.000000000000000e+00 0.000000000000000e+00 0.000000000000000e+00 0.000000000000000e+00 0.000000000000000e+00 0.000000000000000e+00 0.000000000000000e+00 0.000000000000000e+00 0.000000000000000e+00 0.000000000000000e+00
 0.000000000000000e+00 0.000000000000000e+00 0.000000000000000e+00 0.000000000000000e+00 0.000000000000000e+00 0.000000000000000e+00 0.000000000000000e+00 0.000000000000000e+00 0.000000000000000e+00 0.000000000000000e+00
 0.000000000000000e+00 0.000000000000000e+00 0.000000000000000e+00 0.000000000000000e+00 0.000000000000000e+00 0.000000000000000e+00 0.000000000000000e+00 0.000000000000000e+00 0.000000000000000e+00 0.000000000000000e+00
 0.000000000000000e+00 0.000000000000000e+00 0.000000000000000e+00 0.000000000000000e+00 0.000000000000000e+00 0.000000000000000e+00 0.000000000000000e+00 0.000000000000000e+00 0.000000000000000e+00 0.000000000000000e+00
 0.000000000000000e+00 0.000000000000000e+00 0.000000000000000e+00 0.000000000000000e+00 0.000000000000000e+00 0.000000000000000e+00 0.000000000000000e+00 0.000000000000000e+00 0.000000000000000e+00 0.000000000000000e+00
 0.000000000000000e+00 0.000000000000000e+00 0.000000000000000e+00 0.000000000000000e+00 0.000000000000000e+00 0.000000000000000e+00 0.000000000000000e+00 0.000000000000000e+00 0.000000000000000e+00 0.000000000000000e+00
 0.000000000000000e+00 0.000000000000000e+00 0.000000000000000e+00 0.000000000000000e+00 0.000000000000000e+00 0.000000000000000e+00 0.000000000000000e+00 0.000000000000000e+00 0.000000000000000e+00 0.000000000000000e+00
 0.000000000000000e+00 0.000000000000000e+00 0.000000000000000e+00 0.000000000000000e+00 0.000000000000000e+00 0.000000000000000e+00 0.000000000000000e+00 0.000000000000000e+00 0.000000000000000e+00 0.000000000000000e+00
 0.000000000000000e+00 0.000000000000000e+00 0.000000000000000e+00 0.000000000000000e+00 0.000000000000000e+00 0.000000000000000e+00 0.000000000000000e+00 0.000000000000000e+00 0.000000000000000e+00 0.000000000000000e+00
 0.000000000000000e+00 0.000000000000000e+00 0.000000000000000e+00 0.000000000000000e+00 0.000000000000000e+00 0.000000000000000e+00 0.000000000000000e+00 0.000000000000000e+00 0.000000000000000e+00 0.000000000000000e+00
 0.000000000000000e+00 0.000000000000000e+00 0.000000000000000e+00 0.000000000000000e+00 0.000000000000000e+00 0.000000000000000e+00 0.000000000000000e+00 0.000000000000000e+00 0.000000000000000e+00 0.000000000000000e+00
 0.000000000000000e+00 0.000000000000000e+00 0.000000000000000e+00 0.000000000000000e+00 0.000000000000000e+00 0.000000000000000e+00 0.000000000000000e+00 0.000000000000000e+00 0.000000000000000e+00 0.000000000000000e+00
 0.000000000000000e+00 0.000000000000000e+00 0.000000000000000e+00 0.000000000000000e+00 0.000000000000000e+00 0.000000000000000e+00 0.000000000000000e+00 0.000000000000000e+00 0.000000000000000e+00 0.000000000000000e+00
 0.000000000000000e+00 0.000000000000000e+00 0.000000000000000e+00 0.000000000000000e+00 0.000000000000000e+00 0.000000000000000e+00 0.000000000000000e+00 0.000000000000000e+00 0.000000000000000e+00 0.000000000000000e+00
 0.000000000000000e+00 0.000000000000000e+00 0.000000000000000e+00 0.000000000000000e+00 0.000000000000000e+00 0.000000000000000e+00 0.000000000000000e+00 0.000000000000000e+00 0.000000000000000e+00 0.000000000000000e+00
 0.000000000000000e+00 0.000000000000000e+00 0.000000000000000e+00 0.000000000000000e+00 0.000000000000000e+00 0.000000000000000e+00 0.000000000000000e+00 0.000000000000000e+00 0.000000000000000e+00 0.000000000000000e+00
 0.000000000000000e+00 0.000000000000000e+00 0.000000000000000e+00 0.000000000000000e+00 0.000000000000000e+00 0.000000000000000e+00 0.000000000000000e+00 0.000000000000000e+00 0.000000000000000e+00 0.000000000000000e+00
 0.000000000000000e+00 0.000000000000000e+00 0.000000000000000e+00 0.000000000000000e+00 0.000000000000000e+00 0.000000000000000e+00 0.000000000000000e+00 0.000000000000000e+00 0.000000000000000e+00 0.000000000000000e+00
 0.000000000000000e+00 0.000000000000000e+00 0.000000000000000e+00 0.000000000000000e+00 0.000000000000000e+00 0.000000000000000e+00 0.000000000000000e+00 0.000000000000000e+00 0.000000000000000e+00 0.000000000000000e+00
 0.000000000000000e+00 0.000000000000000e+00 0.000000000000000e+00 0.000000000000000e+00 0.000000000000000e+00 0.000000000000000e+00 0.000000000000000e+00 0.000000000000000e+00 0.000000000000000e+00 0.000000000000000e+00
 0.000000000000000e+00 0.000000000000000e+00 0.000000000000000e+00 0.000000000000000e+00 0.000000000000000e+00 0.000000000000000e+00 0.000000000000000e+00 0.000000000000000e+00 0.000000000000000e+00 0.000000000000000e+00
 0.000000000000000e+00 0.000000000000000e+00 0.000000000000000e+00 0.000000000000000e+00 0.000000000000000e+00 0.000000000000000e+00 0.000000000000000e+00 0.000000000000000e+00 0.000000000000000e+00 0.000000000000000e+00
 0.000000000000000e+00 0.000000000000000e+00 0.000000000000000e+00 0.000000000000000e+00 0.000000000000000e+00 0.000000000000000e+00 0.000000000000000e+00 0.000000000000000e+00 0.000000000000000e+00 0.000000000000000e+00
 0.000000000000000e+00 0.000000000000000e+00 0.000000000000000e+00 0.000000000000000e+00 0.000000000000000e+00 0.000000000000000e+00 0.000000000000000e+00 0.000000000000000e+00 0.000000000000000e+00 0.000000000000000e+00
 0.000000000000000e+00 0.000000000000000e+00 0.000000000000000e+00 0.000000000000000e+00 0.000000000000000e+00 0.000000000000000e+00 0.000000000000000e+00 0.000000000000000e+00 0.000000000000000e+00 0.000000000000000e+00
 0.000000000000000e+00 0.000000000000000e+00 0.000000000000000e+00 0.000000000000000e+00 0.000000000000000e+00 0.000000000000000e+00 0.000000000000000e+00 0.000000000000000e+00 0.000000000000000e+00 0.000000000000000e+00
 0.000000000000000e+00 0.000000000000000e+00 0.000000000000000e+00 0.000000000000000e+00 0.000000000000000e+00 0.000000000000000e+00 0.000000000000000e+00 0.000000000000000e+00 0.000000000000000e+00 0.000000000000000e+00
 0.000000000000000e+00 0.000000000000000e+00 0.000000000000000e+00 0.000000000000000e+00 0.000000000000000e+00 0.000000000000000e+00 0.000000000000000e+00 0.000000000000000e+00 0.000000000000000e+00 0.000000000000000e+00
 0.000000000000000e+00 0.000000000000000e+00 0.000000000000000e+00 0.000000000000000e+00 0.000000000000000e+00 0.000000000000000e+00 0.000000000000000e+00 0.000000000000000e+00 0.000000000000000e+00 0.000000000000000e+00
 0.000000000000000e+00 0.000000000000000e+00 0.000000000000000e+00 0.000000000000000e+00 0.000000000000000e+00 0.000000000000000e+00 0.000000000000000e+00 0.000000000000000e+00 0.000000000000000e+00 0.000000000000000e+00
 0.000000000000000e+00 0.000000000000000e+00 0.000000000000000e+00 0.000000000000000e+00 0.000000000000000e+00 0.000000000000000e+00 0.000000000000000e+00 0.000000000000000e+00 0.000000000000000e+00 0.000000000000000e+00
 0.000000000000000e+00 0.000000000000000e+00 0.000000000000000e+00 0.000000000000000e+00 0.000000000000000e+00 0.000000000000000e+00 0.000000000000000e+00 0.000000000000000e+00 0.000000000000000e+00 0.000000000000000e+00
 0.000000000000000e+00 0.000000000000000e+00 0.000000000000000e+00 0.000000000000000e+00 0.000000000000000e+00 0.000000000000000e+00 0.000000000000000e+00 0.000000000000000e+00 0.000000000000000e+00 0.000000000000000e+00
 0.000000000000000e+00 0.000000000000000e+00 0.000000000000000e+00 0.000000000000000e+00 0.000000000000000e+00 0.000000000000000e+00 0.000000000000000e+00 0.000000000000000e+00 0.000000000000000e+00 0.000000000000000e+00
 0.000000000000000e+00 0.000000000000000e+00 0.000000000000000e+00 0.000000000000000e+00 0.000000000000000e+00 0.000000000000000e+00 0.000000000000000e+00 0.000000000000000e+00 0.000000000000000e+00 0.000000000000000e+00
 0.000000000000000e+00 0.000000000000000e+00 0.000000000000000e+00 0.000000000000000e+00 0.000000000000000e+00 0.000000000000000e+00 0.000000000000000e+00 0.000000000000000e+00 0.000000000000000e+00 0.000000000000000e+00
 0.000000000000000e+00 0.000000000000000e+00 0.000000000000000e+00 0.000000000000000e+00 0.000000000000000e+00 0.000000000000000e+00 0.000000000000000e+00 0.000000000000000e+00 0.000000000000000e+00 0.000000000000000e+00
 0.000000000000000e+00 0.000000000000000e+00 0.000000000000000e+00 0.000000000000000e+00 0.000000000000000e+00 0.000000000000000e+00 0.000000000000000e+00 0.000000000000000e+00 0.000000000000000e+00 0.000000000000000e+00
 0.000000000000000e+00 0.000000000000000e+00 0.000000000000000e+00 0.000000000000000e+00 0.000000000000000e+00 0.000000000000000e+00 0.000000000000000e+00 0.000000000000000e+00 0.000000000000000e+00 0.000000000000000e+00
 0.000000000000000e+00 0.000000000000000e+00 0.000000000000000e+00 0.000000000000000e+00 0.000000000000000e+00 0.000000000000000e+00 0.000000000000000e+00 0.000000000000000e+00 0.000000000000000e+00 0.000000000000000e+00
 0.000000000000000e+00 0.000000000000000e+00 0.000000000000000e+00 0.000000000000000e+00 0.000000000000000e+00 0.000000000000000e+00 0.000000000000000e+00 0.000000000000000e+00 0.000000000000000e+00 0.000000000000000e+00
 0.000000000000000e+00 0.000000000000000e+00 0.000000000000000e+00 0.000000000000000e+00 0.000000000000000e+00 0.000000000000000e+00 0.000000000000000e+00 0.000000000000000e+00 0.000000000000000e+00 0.000000000000000e+00
 0.000000000000000e+00 0.000000000000000e+00 0.000000000000000e+00 0.000000000000000e+00 0.000000000000000e+00 0.000000000000000e+00 0.000000000000000e+00 0.000000000000000e+00 0.000000000000000e+00 0.000000000000000e+00
 0.000000000000000e+00 0.000000000000000e+00 0.000000000000000e+00 0.000000000000000e+00 0.000000000000000e+00 0.000000000000000e+00 0.000000000000000e+00 0.000000000000000e+00 0.000000000000000e+00 0.000000000000000e+00
 0.000000000000000e+00 0.000000000000000e+00 0.000000000000000e+00 0.000000000000000e+00 0.000000000000000e+00 0.000000000000000e+00 0.000000000000000e+00 0.000000000000000e+00 0.000000000000000e+00 0.000000000000000e+00
 0.000000000000000e+00 0.000000000000000e+00 0.000000000000000e+00 0.000000000000000e+00 0.000000000000000e+00 0.000000000000000e+00 0.000000000000000e+00 0.000000000000000e+00 0.000000000000000e+00 0.000000000000000e+00
 0.000000000000000e+00 0.000000000000000e+00 0.000000000000000e+00 0.000000000000000e+00 0.000000000000000e+00 0.000000000000000e+00 0.000000000000000e+00 0.000000000000000e+00 0.000000000000000e+00 0.000000000000000e+00
 0.000000000000000e+00 0.000000000000000e+00 0.000000000000000e+00 0.000000000000000e+00 0.000000000000000e+00 0.000000000000000e+00 0.000000000000000e+00 0.000000000000000e+00 0.000000000000000e+00 0.000000000000000e+00
 0.000000000000000e+00 0.000000000000000e+00 0.000000000000000e+00 0.000000000000000e+00 0.000000000000000e+00 0.000000000000000e+00 0.000000000000000e+00 0.000000000000000e+00 0.000000000000000e+00 0.000000000000000e+00
 0.000000000000000e+00 0.000000000000000e+00 0.000000000000000e+00 0.000000000000000e+00 0.000000000000000e+00 0.000000000000000e+00 0.000000000000000e+00 0.000000000000000e+00 0.000000000000000e+00 0.000000000000000e+00
 0.000000000000000e+00 0.000000000000000e+00 0.000000000000000e+00 0.000000000000000e+00 0.000000000000000e+00 0.000000000000000e+00 0.000000000000000e+00 0.000000000000000e+00 0.000000000000000e+00 0.000000000000000e+00
 0.000000000000000e+00 0.000000000000000e+00 0.000000000000000e+00 0.000000000000000e+00 0.000000000000000e+00 0.000000000000000e+00 0.000000000000000e+00 0.000000000000000e+00 0.000000000000000e+00 0.000000000000000e+00
 0.000000000000000e+00 0.000000000000000e+00 0.000000000000000e+00 0.000000000000000e+00 0.000000000000000e+00 0.000000000000000e+00 0.000000000000000e+00 0.000000000000000e+00 0.000000000000000e+00 0.000000000000000e+00
 0.000000000000000e+00 0.000000000000000e+00 0.000000000000000e+00 0.000000000000000e+00 0.000000000000000e+00 0.000000000000000e+00 0.000000000000000e+00 0.000000000000000e+00 0.000000000000000e+00 0.000000000000000e+00
 0.000000000000000e+00 0.000000000000000e+00 0.000000000000000e+00 0.000000000000000e+00 0.000000000000000e+00 0.000000000000000e+00 0.000000000000000e+00 0.000000000000000e+00 0.000000000000000e+00 0.000000000000000e+00
 0.000000000000000e+00 0.000000000000000e+00 0.000000000000000e+00 0.000000000000000e+00 0.000000000000000e+00 0.000000000000000e+00 0.000000000000000e+00 0.000000000000000e+00 0.000000000000000e+00 0.000000000000000e+00
 0.000000000000000e+00 0.000000000000000e+00 0.000000000000000e+00 0.000000000000000e+00 0.000000000000000e+00 0.000000000000000e+00 0.000000000000000e+00 0.000000000000000e+00 0.000000000000000e+00 0.000000000000000e+00
 0.000000000000000e+00 0.000000000000000e+00 0.000000000000000e+00 0.000000000000000e+00 0.000000000000000e+00 0.000000000000000e+00 0.000000000000000e+00 0.000000000000000e+00 0.000000000000000e+00 0.000000000000000e+00
 0.000000000000000e+00 0.000000000000000e+00 0.000000000000000e+00 0.000000000000000e+00 0.000000000000000e+00 0.000000000000000e+00 0.000000000000000e+00 0.000000000000000e+00 0.000000000000000e+00 0.000000000000000e+00
 0.000000000000000e+00 0.000000000000000e+00 0.000000000000000e+00 0.000000000000000e+00 0.000000000000000e+00 0.000000000000000e+00 0.000000000000000e+00 0.000000000000000e+00 0.000000000000000e+00 0.000000000000000e+00
 0.000000000000000e+00 0.000000000000000e+00 0.000000000000000e+00 0.000000000000000e+00 0.000000000000000e+00 0.000000000000000e+00 0.000000000000000e+00 0.000000000000000e+00 0.000000000000000e+00 0.000000000000000e+00
 0.000000000000000e+00 0.000000000000000e+00 0.000000000000000e+00 0.000000000000000e+00 0.000000000000000e+00 0.000000000000000e+00 0.000000000000000e+00 0.000000000000000e+00 0.000000000000000e+00 0.000000000000000e+00
 0.000000000000000e+00 0.000000000000000e+00 0.000000000000000e+00 0.000000000000000e+00 0.000000000000000e+00 0.000000000000000e+00 0.000000000000000e+00 0.000000000000000e+00 0.000000000000000e+00 0.000000000000000e+00
 0.000000000000000e+00 0.000000000000000e+00 0.000000000000000e+00 0.000000000000000e+00 0.000000000000000e+00 0.000000000000000e+00 0.000000000000000e+00 0.000000000000000e+00 0.000000000000000e+00 0.000000000000000e+00
 0.000000000000000e+00 0.000000000000000e+00 0.000000000000000e+00 0.000000000000000e+00 0.000000000000000e+00 0.000000000000000e+00 0.000000000000000e+00 0.000000000000000e+00 0.000000000000000e+00 0.000000000000000e+00
 0.000000000000000e+00 0.000000000000000e+00 0.000000000000000e+00 0.000000000000000e+00 0.000000000000000e+00 0.000000000000000e+00 0.000000000000000e+00 0.000000000000000e+00 0.000000000000000e+00 0.000000000000000e+00
 0.000000000000000e+00 0.000000000000000e+00 0.000000000000000e+00 0.000000000000000e+00 0.000000000000000e+00 0.000000000000000e+00 0.000000000000000e+00 0.000000000000000e+00 0.000000000000000e+00 0.000000000000000e+00
 0.000000000000000e+00 0.000000000000000e+00 0.000000000000000e+00 0.000000000000000e+00 0.000000000000000e+00 0.000000000000000e+00 0.000000000000000e+00 0.000000000000000e+00 0.000000000000000e+00 0.000000000000000e+00
 0.000000000000000e+00 0.000000000000000e+00 0.000000000000000e+00 0.000000000000000e+00 0.000000000000000e+00 0.000000000000000e+00 0.000000000000000e+00 0.000000000000000e+00 0.000000000000000e+00 0.000000000000000e+00
 0.000000000000000e+00 0.000000000000000e+00 0.000000000000000e+00 0.000000000000000e+00 0.000000000000000e+00 0.000000000000000e+00 0.000000000000000e+00 0.000000000000000e+00 0.000000000000000e+00 0.000000000000000e+00
 0.000000000000000e+00 0.000000000000000e+00 0.000000000000000e+00 0.000000000000000e+00 0.000000000000000e+00 0.000000000000000e+00 0.000000000000000e+00 0.000000000000000e+00 0.000000000000000e+00 0.000000000000000e+00
 0.000000000000000e+00 0.000000000000000e+00 0.000000000000000e+00 0.000000000000000e+00 0.000000000000000e+00 0.000000000000000e+00 0.000000000000000e+00 0.000000000000000e+00 0.000000000000000e+00 0.000000000000000e+00
 0.000000000000000e+00 0.000000000000000e+00 0.000000000000000e+00 0.000000000000000e+00 0.000000000000000e+00 0.000000000000000e+00 0.000000000000000e+00 0.000000000000000e+00 0.000000000000000e+00 0.000000000000000e+00
 0.000000000000000e+00 0.000000000000000e+00 0.000000000000000e+00 0.000000000000000e+00 0.000000000000000e+00 0.000000000000000e+00 0.000000000000000e+00 0.000000000000000e+00 0.000000000000000e+00 0.000000000000000e+00
 0.000000000000000e+00 0.000000000000000e+00 0.000000000000000e+00 0.000000000000000e+00 0.000000000000000e+00 0.000000000000000e+00 0.000000000000000e+00 0.000000000000000e+00 0.000000000000000e+00 0.000000000000000e+00
 0.000000000000000e+00 0.000000000000000e+00 0.000000000000000e+00 0.000000000000000e+00 0.000000000000000e+00 0.000000000000000e+00 0.000000000000000e+00 0.000000000000000e+00 0.000000000000000e+00 0.000000000000000e+00
 0.000000000000000e+00 0.000000000000000e+00 0.000000000000000e+00 0.000000000000000e+00 0.000000000000000e+00 0.000000000000000e+00 0.000000000000000e+00 0.000000000000000e+00 0.000000000000000e+00 0.000000000000000e+00
 0.000000000000000e+00 0.000000000000000e+00 0.000000000000000e+00 0.000000000000000e+00 0.000000000000000e+00 0.000000000000000e+00 0.000000000000000e+00 0.000000000000000e+00 0.000000000000000e+00 0.000000000000000e+00
 0.000000000000000e+00 0.000000000000000e+00 0.000000000000000e+00 0.000000000000000e+00 0.000000000000000e+00 0.000000000000000e+00 0.000000000000000e+00 0.000000000000000e+00 0.000000000000000e+00 0.000000000000000e+00
 0.000000000000000e+00 0.000000000000000e+00 0.000000000000000e+00 0.000000000000000e+00 0.000000000000000e+00 0.000000000000000e+00 0.000000000000000e+00 0.000000000000000e+00 0.000000000000000e+00 0.000000000000000e+00
 0.000000000000000e+00 0.000000000000000e+00 0.000000000000000e+00 0.000000000000000e+00 0.000000000000000e+00 0.000000000000000e+00 0.000000000000000e+00 0.000000000000000e+00 0.000000000000000e+00 0.000000000000000e+00
 0.000000000000000e+00 0.000000000000000e+00 0.000000000000000e+00 0.000000000000000e+00 0.000000000000000e+00 0.000000000000000e+00 0.000000000000000e+00 0.000000000000000e+00 0.000000000000000e+00 0.000000000000000e+00
 0.000000000000000e+00 0.000000000000000e+00 0.000000000000000e+00 0.000000000000000e+00 0.000000000000000e+00 0.000000000000000e+00 0.000000000000000e+00 0.000000000000000e+00 0.000000000000000e+00 0.000000000000000e+00
 0.000000000000000e+00 0.000000000000000e+00 0.000000000000000e+00 0.000000000000000e+00 0.000000000000000e+00 0.000000000000000e+00 0.000000000000000e+00 0.000000000000000e+00 0.000000000000000e+00 0.000000000000000e+00
 0.000000000000000e+00 0.000000000000000e+00 0.000000000000000e+00 0.000000000000000e+00 0.000000000000000e+00 0.000000000000000e+00 0.000000000000000e+00 0.000000000000000e+00 0.000000000000000e+00 0.000000000000000e+00
 0.000000000000000e+00 0.000000000000000e+00 0.000000000000000e+00 0.000000000000000e+00 0.000000000000000e+00 0.000000000000000e+00 0.000000000000000e+00 0.000000000000000e+00 0.000000000000000e+00 0.000000000000000e+00
 0.000000000000000e+00 0.000000000000000e+00 0.000000000000000e+00 0.000000000000000e+00 0.000000000000000e+00 0.000000000000000e+00 0.000000000000000e+00 0.000000000000000e+00 0.000000000000000e+00 0.000000000000000e+00
 0.000000000000000e+00 0.000000000000000e+00 0.000000000000000e+00 0.000000000000000e+00 0.000000000000000e+00 0.000000000000000e+00 0.000000000000000e+00 0.000000000000000e+00 0.000000000000000e+00 0.000000000000000e+00
 0.000000000000000e+00 0.000000000000000e+00 0.000000000000000e+00 0.000000000000000e+00 0.000000000000000e+00 0.000000000000000e+00 0.000000000000000e+00 0.000000000000000e+00 0.000000000000000e+00 0.000000000000000e+00
 0.000000000000000e+00 0.000000000000000e+00 0.000000000000000e+00 0.000000000000000e+00 0.000000000000000e+00 0.000000000000000e+00 0.000000000000000e+00 0.000000000000000e+00 0.000000000000000e+00 0.000000000000000e+00
 0.000000000000000e+00 0.000000000000000e+00 0.000000000000000e+00 0.000000000000000e+00 0.000000000000000e+00 0.000000000000000e+00 0.000000000000000e+00 0.000000000000000e+00 0.000000000000000e+00 0.000000000000000e+00
 0.000000000000000e+00 0.000000000000000e+00 0.000000000000000e+00 0.000000000000000e+00 0.000000000000000e+00 0.000000000000000e+00 0.000000000000000e+00 0.000000000000000e+00 0.000000000000000e+00 0.000000000000000e+00
 0.000000000000000e+00 0.000000000000000e+00 0.000000000000000e+00 0.000000000000000e+00 0.000000000000000e+00 0.000000000000000e+00 0.000000000000000e+00 0.000000000000000e+00 0.000000000000000e+00 0.000000000000000e+00
 0.000000000000000e+00 0.000000000000000e+00 0.000000000000000e+00 0.000000000000000e+00 0.000000000000000e+00 0.000000000000000e+00 0.000000000000000e+00 0.000000000000000e+00 0.000000000000000e+00 0.000000000000000e+00
 0.000000000000000e+00 0.000000000000000e+00 0.000000000000000e+00 0.000000000000000e+00 0.000000000000000e+00 0.000000000000000e+00 0.000000000000000e+00 0.000000000000000e+00 0.000000000000000e+00 0.000000000000000e+00
 0.000000000000000e+00 0.000000000000000e+00 0.000000000000000e+00 0.000000000000000e+00 0.000000000000000e+00
    }
  }

}
