DF-ISE text

Info {
  version = 1.0
  type    = dataset
  dimension   = 2
  nb_vertices = 7995
  nb_edges    = 23610
  nb_faces    = 0
  nb_elements = 16002
  nb_regions  = 7
  datasets    = [ "DopingConcentration" "NitrogenActiveConcentration" "PMIUserField0" "AluminumActiveConcentration" "DopingConcentration" "NitrogenActiveConcentration" "PMIUserField0" "AluminumActiveConcentration" "DopingConcentration" "NitrogenActiveConcentration" "PMIUserField0" "AluminumActiveConcentration" "OpticalGeneration" ]
  functions   = [ DopingConcentration NitrogenActiveConcentration PMIUserField0 AluminumActiveConcentration DopingConcentration NitrogenActiveConcentration PMIUserField0 AluminumActiveConcentration DopingConcentration NitrogenActiveConcentration PMIUserField0 AluminumActiveConcentration OpticalGeneration ]
}

Data {

  Dataset ("DopingConcentration") {
    function  = DopingConcentration
    type      = scalar
    dimension = 1
    location  = vertex
    validity  = [ "n_plus" ]
    Values (2405) {
 1.000000560000002e+19 1.000000000000005e+19 1.000000000000005e+19 1.000000560000002e+19 1.000000000000005e+19 1.000000560000002e+19 1.000000000000005e+19 1.000000560000002e+19 1.000000000000005e+19 1.000000000000005e+19
 1.000000000000005e+19 1.000000000000005e+19 1.000000000000005e+19 1.000000000000005e+19 1.000000000000005e+19 1.000000000000005e+19 1.000000000000005e+19 1.000000000000005e+19 1.000000000000005e+19 1.000000560000002e+19
 1.000000000000005e+19 1.000000560000002e+19 1.000000000000005e+19 1.000000560000002e+19 1.000000000000005e+19 1.000000560000002e+19 1.000000000000005e+19 1.000000000000005e+19 1.000000000000005e+19 1.000000000000005e+19
 1.000000000000005e+19 1.000000000000005e+19 1.000000000000005e+19 1.000000000000005e+19 1.000000000000005e+19 1.000000000000005e+19 1.000000000000005e+19 1.000000000000005e+19 1.000000000000005e+19 1.000000000000005e+19
 1.000000000000005e+19 1.000000000000005e+19 1.000000000000005e+19 1.000000000000005e+19 1.000000000000005e+19 1.000000000000005e+19 1.000000000000005e+19 1.000000000000005e+19 1.000000000000005e+19 1.000000000000005e+19
 1.000000000000005e+19 1.000000000000005e+19 1.000000000000005e+19 1.000000000000005e+19 1.000000000000005e+19 1.000000000000005e+19 1.000000000000005e+19 1.000000000000005e+19 1.000000000000005e+19 1.000000000000005e+19
 1.000000000000005e+19 1.000000000000005e+19 1.000000000000005e+19 1.000000000000005e+19 1.000000000000005e+19 1.000000000000005e+19 1.000000000000005e+19 1.000000000000005e+19 1.000000000000005e+19 1.000000000000005e+19
 1.000000000000005e+19 1.000000000000005e+19 1.000000000000005e+19 1.000000000000005e+19 1.000000000000005e+19 1.000000000000005e+19 1.000000000000005e+19 1.000000000000005e+19 1.000000000000005e+19 1.000000000000005e+19
 1.000000000000005e+19 1.000000000000005e+19 1.000000000000005e+19 1.000000000000005e+19 1.000000000000005e+19 1.000000000000005e+19 1.000000000000005e+19 1.000000000000005e+19 1.000000000000005e+19 1.000000000000005e+19
 1.000000000000005e+19 1.000000000000005e+19 1.000000000000005e+19 1.000000000000005e+19 1.000000000000005e+19 1.000000000000005e+19 1.000000000000005e+19 1.000000000000005e+19 1.000000000000005e+19 1.000000000000005e+19
 1.000000000000005e+19 1.000000000000005e+19 1.000000000000005e+19 1.000000000000005e+19 1.000000000000005e+19 1.000000000000005e+19 1.000000000000005e+19 1.000000560000002e+19 1.000000000000005e+19 1.000000560000002e+19
 1.000000000000005e+19 1.000000560000002e+19 1.000000000000005e+19 1.000000560000002e+19 1.000000000000005e+19 1.000000000000005e+19 1.000000000000005e+19 1.000000000000005e+19 1.000000000000005e+19 1.000000000000005e+19
 1.000000000000005e+19 1.000000000000005e+19 1.000000000000005e+19 1.000000000000005e+19 1.000000000000005e+19 1.000000000000005e+19 1.000000000000005e+19 1.000000000000005e+19 1.000000000000005e+19 1.000000000000005e+19
 1.000000000000005e+19 1.000000000000005e+19 1.000000000000005e+19 1.000000000000005e+19 1.000000000000005e+19 1.000000000000005e+19 1.000000000000005e+19 1.000000000000005e+19 1.000000000000005e+19 1.000000000000005e+19
 1.000000000000005e+19 1.000000000000005e+19 1.000000000000005e+19 1.000000000000005e+19 1.000000000000005e+19 1.000000000000005e+19 1.000000000000005e+19 1.000000000000005e+19 1.000000000000005e+19 1.000000000000005e+19
 1.000000000000005e+19 1.000000000000005e+19 1.000000000000005e+19 1.000000000000005e+19 1.000000000000005e+19 1.000000560000002e+19 1.000000000000005e+19 1.000000560000002e+19 1.000000000000005e+19 1.000000560000002e+19
 1.000000000000005e+19 1.000000560000002e+19 1.000000000000005e+19 1.000000000000005e+19 1.000000000000005e+19 1.000000000000005e+19 1.000000000000005e+19 1.000000000000005e+19 1.000000000000005e+19 1.000000000000005e+19
 1.000000000000005e+19 1.000000000000005e+19 1.000000000000005e+19 1.000000000000005e+19 1.000000000000005e+19 1.000000000000005e+19 1.000000000000005e+19 1.000000000000005e+19 1.000000000000005e+19 1.000000000000005e+19
 1.000000000000005e+19 1.000000000000005e+19 1.000000000000005e+19 1.000000000000005e+19 1.000000000000005e+19 1.000000000000005e+19 1.000000000000005e+19 1.000000000000005e+19 1.000000000000005e+19 1.000000000000005e+19
 1.000000000000005e+19 1.000000000000005e+19 1.000000000000005e+19 1.000000000000005e+19 1.000000000000005e+19 1.000000000000005e+19 1.000000000000005e+19 1.000000000000005e+19 1.000000000000005e+19 1.000000000000005e+19
 1.000000000000005e+19 1.000000000000005e+19 1.000000000000005e+19 1.000000000000005e+19 1.000000000000005e+19 1.000000000000005e+19 1.000000000000005e+19 1.000000000000005e+19 1.000000000000005e+19 1.000000000000005e+19
 1.000000000000005e+19 1.000000000000005e+19 1.000000000000005e+19 1.000000000000005e+19 1.000000000000005e+19 1.000000000000005e+19 1.000000000000005e+19 1.000000000000005e+19 1.000000000000005e+19 1.000000000000005e+19
 1.000000000000005e+19 1.000000000000005e+19 1.000000000000005e+19 1.000000000000005e+19 1.000000000000005e+19 1.000000000000005e+19 1.000000000000005e+19 1.000000000000005e+19 1.000000000000005e+19 1.000000000000005e+19
 1.000000000000005e+19 1.000000000000005e+19 1.000000000000005e+19 1.000000000000005e+19 1.000000000000005e+19 1.000000000000005e+19 1.000000000000005e+19 1.000000000000005e+19 1.000000000000005e+19 1.000000000000005e+19
 1.000000000000005e+19 1.000000000000005e+19 1.000000000000005e+19 1.000000000000005e+19 1.000000000000005e+19 1.000000000000005e+19 1.000000000000005e+19 1.000000000000005e+19 1.000000000000005e+19 1.000000000000005e+19
 1.000000000000005e+19 1.000000000000005e+19 1.000000000000005e+19 1.000000000000005e+19 1.000000000000005e+19 1.000000000000005e+19 1.000000000000005e+19 1.000000000000005e+19 1.000000000000005e+19 1.000000000000005e+19
 1.000000000000005e+19 1.000000000000005e+19 1.000000000000005e+19 1.000000000000005e+19 1.000000000000005e+19 1.000000000000005e+19 1.000000000000005e+19 1.000000000000005e+19 1.000000000000005e+19 1.000000000000005e+19
 1.000000000000005e+19 1.000000000000005e+19 1.000000000000005e+19 1.000000000000005e+19 1.000000000000005e+19 1.000000000000005e+19 1.000000000000005e+19 1.000000000000005e+19 1.000000000000005e+19 1.000000000000005e+19
 1.000000000000005e+19 1.000000000000005e+19 1.000000000000005e+19 1.000000000000005e+19 1.000000000000005e+19 1.000000000000005e+19 1.000000000000005e+19 1.000000000000005e+19 1.000000000000005e+19 1.000000000000005e+19
 1.000000000000005e+19 1.000000000000005e+19 1.000000000000005e+19 1.000000000000005e+19 1.000000000000005e+19 1.000000000000005e+19 1.000000000000005e+19 1.000000000000005e+19 1.000000000000005e+19 1.000000000000005e+19
 1.000000000000005e+19 1.000000000000005e+19 1.000000000000005e+19 1.000000000000005e+19 1.000000000000005e+19 1.000000000000005e+19 1.000000000000005e+19 1.000000000000005e+19 1.000000000000005e+19 1.000000000000005e+19
 1.000000000000005e+19 1.000000000000005e+19 1.000000000000005e+19 1.000000000000005e+19 1.000000000000005e+19 1.000000000000005e+19 1.000000000000005e+19 1.000000000000005e+19 1.000000000000005e+19 1.000000000000005e+19
 1.000000000000005e+19 1.000000000000005e+19 1.000000000000005e+19 1.000000000000005e+19 1.000000000000005e+19 1.000000000000005e+19 1.000000000000005e+19 1.000000000000005e+19 1.000000000000005e+19 1.000000000000005e+19
 1.000000000000005e+19 1.000000000000005e+19 1.000000000000005e+19 1.000000000000005e+19 1.000000000000005e+19 1.000000000000005e+19 1.000000000000005e+19 1.000000000000005e+19 1.000000000000005e+19 1.000000000000005e+19
 1.000000000000005e+19 1.000000000000005e+19 1.000000000000005e+19 1.000000000000005e+19 1.000000000000005e+19 1.000000000000005e+19 1.000000000000005e+19 1.000000000000005e+19 1.000000000000005e+19 1.000000000000005e+19
 1.000000000000005e+19 1.000000000000005e+19 1.000000000000005e+19 1.000000000000005e+19 1.000000000000005e+19 1.000000000000005e+19 1.000000560000002e+19 1.000000000000005e+19 1.000000560000002e+19 1.000000000000005e+19
 1.000000560000002e+19 1.000000000000005e+19 1.000000560000002e+19 1.000000000000005e+19 1.000000000000005e+19 1.000000000000005e+19 1.000000000000005e+19 1.000000000000005e+19 1.000000000000005e+19 1.000000000000005e+19
 1.000000000000005e+19 1.000000000000005e+19 1.000000000000005e+19 1.000000000000005e+19 1.000000000000005e+19 1.000000000000005e+19 1.000000000000005e+19 1.000000000000005e+19 1.000000000000005e+19 1.000000000000005e+19
 1.000000000000005e+19 1.000000000000005e+19 1.000000000000005e+19 1.000000000000005e+19 1.000000000000005e+19 1.000000000000005e+19 1.000000000000005e+19 1.000000000000005e+19 1.000000000000005e+19 1.000000000000005e+19
 1.000000000000005e+19 1.000000000000005e+19 1.000000000000005e+19 1.000000000000005e+19 1.000000000000005e+19 1.000000000000005e+19 1.000000000000005e+19 1.000000000000005e+19 1.000000000000005e+19 1.000000000000005e+19
 1.000000000000005e+19 1.000000000000005e+19 1.000000000000005e+19 1.000000000000005e+19 1.000000560000002e+19 1.000000000000005e+19 1.000000560000002e+19 1.000000000000005e+19 1.000000560000002e+19 1.000000000000005e+19
 1.000000560000002e+19 1.000000000000005e+19 1.000000000000005e+19 1.000000000000005e+19 1.000000000000005e+19 1.000000000000005e+19 1.000000000000005e+19 1.000000000000005e+19 1.000000000000005e+19 1.000000000000005e+19
 1.000000000000005e+19 1.000000000000005e+19 1.000000000000005e+19 1.000000000000005e+19 1.000000000000005e+19 1.000000000000005e+19 1.000000000000005e+19 1.000000000000005e+19 1.000000000000005e+19 1.000000000000005e+19
 1.000000000000005e+19 1.000000000000005e+19 1.000000000000005e+19 1.000000000000005e+19 1.000000000000005e+19 1.000000000000005e+19 1.000000000000005e+19 1.000000000000005e+19 1.000000000000005e+19 1.000000000000005e+19
 1.000000000000005e+19 1.000000000000005e+19 1.000000000000005e+19 1.000000000000005e+19 1.000000000000005e+19 1.000000000000005e+19 1.000000000000005e+19 1.000000000000005e+19 1.000000000000005e+19 1.000000000000005e+19
 1.000000000000005e+19 1.000000000000005e+19 1.000000000000005e+19 1.000000000000005e+19 1.000000000000005e+19 1.000000000000005e+19 1.000000000000005e+19 1.000000000000005e+19 1.000000000000005e+19 1.000000000000005e+19
 1.000000000000005e+19 1.000000000000005e+19 1.000000000000005e+19 1.000000000000005e+19 1.000000000000005e+19 1.000000000000005e+19 1.000000000000005e+19 1.000000000000005e+19 1.000000000000005e+19 1.000000000000005e+19
 1.000000000000005e+19 1.000000000000005e+19 1.000000000000005e+19 1.000000000000005e+19 1.000000000000005e+19 1.000000000000005e+19 1.000000000000005e+19 1.000000000000005e+19 1.000000000000005e+19 1.000000000000005e+19
 1.000000000000005e+19 1.000000000000005e+19 1.000000000000005e+19 1.000000000000005e+19 1.000000000000005e+19 1.000000000000005e+19 1.000000000000005e+19 1.000000000000005e+19 1.000000000000005e+19 1.000000000000005e+19
 1.000000000000005e+19 1.000000000000005e+19 1.000000000000005e+19 1.000000000000005e+19 1.000000000000005e+19 1.000000000000005e+19 1.000000000000005e+19 1.000000000000005e+19 1.000000000000005e+19 1.000000000000005e+19
 1.000000000000005e+19 1.000000000000005e+19 1.000000000000005e+19 1.000000000000005e+19 1.000000000000005e+19 1.000000000000005e+19 1.000000000000005e+19 1.000000000000005e+19 1.000000000000005e+19 1.000000000000005e+19
 1.000000000000005e+19 1.000000000000005e+19 1.000000000000005e+19 1.000000000000005e+19 1.000000000000005e+19 1.000000000000005e+19 1.000000000000005e+19 1.000000000000005e+19 1.000000000000005e+19 1.000000000000005e+19
 1.000000000000005e+19 1.000000000000005e+19 1.000000000000005e+19 1.000000000000005e+19 1.000000560000002e+19 1.000000000000005e+19 1.000000560000002e+19 1.000000000000005e+19 1.000000560000002e+19 1.000000000000005e+19
 1.000000560000002e+19 1.000000000000005e+19 1.000000000000005e+19 1.000000000000005e+19 1.000000000000005e+19 1.000000000000005e+19 1.000000000000005e+19 1.000000000000005e+19 1.000000000000005e+19 1.000000000000005e+19
 1.000000000000005e+19 1.000000000000005e+19 1.000000000000005e+19 1.000000000000005e+19 1.000000000000005e+19 1.000000000000005e+19 1.000000000000005e+19 1.000000000000005e+19 1.000000000000005e+19 1.000000000000005e+19
 1.000000000000005e+19 1.000000000000005e+19 1.000000000000005e+19 1.000000000000005e+19 1.000000000000005e+19 1.000000000000005e+19 1.000000000000005e+19 1.000000000000005e+19 1.000000000000005e+19 1.000000000000005e+19
 1.000000000000005e+19 1.000000000000005e+19 1.000000000000005e+19 1.000000000000005e+19 1.000000000000005e+19 1.000000000000005e+19 1.000000000000005e+19 1.000000000000005e+19 1.000000000000005e+19 1.000000000000005e+19
 1.000000000000005e+19 1.000000000000005e+19 1.000000000000005e+19 1.000000000000005e+19 1.000000000000005e+19 1.000000000000005e+19 1.000000000000005e+19 1.000000000000005e+19 1.000000000000005e+19 1.000000000000005e+19
 1.000000000000005e+19 1.000000000000005e+19 1.000000000000005e+19 1.000000000000005e+19 1.000000000000005e+19 1.000000000000005e+19 1.000000000000005e+19 1.000000000000005e+19 1.000000000000005e+19 1.000000000000005e+19
 1.000000000000005e+19 1.000000000000005e+19 1.000000000000005e+19 1.000000000000005e+19 1.000000000000005e+19 1.000000000000005e+19 1.000000000000005e+19 1.000000000000005e+19 1.000000000000005e+19 1.000000000000005e+19
 1.000000000000005e+19 1.000000000000005e+19 1.000000000000005e+19 1.000000000000005e+19 1.000000000000005e+19 1.000000000000005e+19 1.000000000000005e+19 1.000000000000005e+19 1.000000560000002e+19 1.000000000000005e+19
 1.000000560000002e+19 1.000000000000005e+19 1.000000560000002e+19 1.000000000000005e+19 1.000000560000002e+19 1.000000000000005e+19 1.000000000000005e+19 1.000000000000005e+19 1.000000000000005e+19 1.000000000000005e+19
 1.000000000000005e+19 1.000000000000005e+19 1.000000000000005e+19 1.000000000000005e+19 1.000000000000005e+19 1.000000000000005e+19 1.000000000000005e+19 1.000000000000005e+19 1.000000000000005e+19 1.000000000000005e+19
 1.000000000000005e+19 1.000000000000005e+19 1.000000000000005e+19 1.000000000000005e+19 1.000000000000005e+19 1.000000000000005e+19 1.000000000000005e+19 1.000000000000005e+19 1.000000000000005e+19 1.000000000000005e+19
 1.000000000000005e+19 1.000000000000005e+19 1.000000000000005e+19 1.000000000000005e+19 1.000000000000005e+19 1.000000000000005e+19 1.000000000000005e+19 1.000000000000005e+19 1.000000000000005e+19 1.000000000000005e+19
 1.000000000000005e+19 1.000000000000005e+19 1.000000000000005e+19 1.000000000000005e+19 1.000000000000005e+19 1.000000000000005e+19 1.000000000000005e+19 1.000000000000005e+19 1.000000000000005e+19 1.000000000000005e+19
 1.000000000000005e+19 1.000000000000005e+19 1.000000000000005e+19 1.000000000000005e+19 1.000000000000005e+19 1.000000000000005e+19 1.000000000000005e+19 1.000000000000005e+19 1.000000000000005e+19 1.000000000000005e+19
 1.000000000000005e+19 1.000000000000005e+19 1.000000000000005e+19 1.000000000000005e+19 1.000000000000005e+19 1.000000000000005e+19 1.000000000000005e+19 1.000000000000005e+19 1.000000000000005e+19 1.000000000000005e+19
 1.000000000000005e+19 1.000000000000005e+19 1.000000000000005e+19 1.000000000000005e+19 1.000000000000005e+19 1.000000000000005e+19 1.000000000000005e+19 1.000000000000005e+19 1.000000000000005e+19 1.000000000000005e+19
 1.000000000000005e+19 1.000000000000005e+19 1.000000000000005e+19 1.000000000000005e+19 1.000000000000005e+19 1.000000000000005e+19 1.000000000000005e+19 1.000000000000005e+19 1.000000000000005e+19 1.000000000000005e+19
 1.000000000000005e+19 1.000000000000005e+19 1.000000000000005e+19 1.000000000000005e+19 1.000000000000005e+19 1.000000000000005e+19 1.000000000000005e+19 1.000000000000005e+19 1.000000000000005e+19 1.000000000000005e+19
 1.000000000000005e+19 1.000000000000005e+19 1.000000000000005e+19 1.000000000000005e+19 1.000000000000005e+19 1.000000000000005e+19 1.000000000000005e+19 1.000000000000005e+19 1.000000000000005e+19 1.000000000000005e+19
 1.000000000000005e+19 1.000000000000005e+19 1.000000000000005e+19 1.000000000000005e+19 1.000000000000005e+19 1.000000000000005e+19 1.000000000000005e+19 1.000000000000005e+19 1.000000000000005e+19 1.000000000000005e+19
 1.000000000000005e+19 1.000000000000005e+19 1.000000000000005e+19 1.000000000000005e+19 1.000000000000005e+19 1.000000000000005e+19 1.000000000000005e+19 1.000000000000005e+19 1.000000000000005e+19 1.000000000000005e+19
 1.000000000000005e+19 1.000000000000005e+19 1.000000000000005e+19 1.000000000000005e+19 1.000000000000005e+19 1.000000000000005e+19 1.000000000000005e+19 1.000000000000005e+19 1.000000000000005e+19 1.000000000000005e+19
 1.000000000000005e+19 1.000000000000005e+19 1.000000000000005e+19 1.000000000000005e+19 1.000000000000005e+19 1.000000000000005e+19 1.000000000000005e+19 1.000000000000005e+19 1.000000000000005e+19 1.000000000000005e+19
 1.000000000000005e+19 1.000000000000005e+19 1.000000000000005e+19 1.000000000000005e+19 1.000000000000005e+19 1.000000000000005e+19 1.000000000000005e+19 1.000000000000005e+19 1.000000000000005e+19 1.000000000000005e+19
 1.000000000000005e+19 1.000000000000005e+19 1.000000000000005e+19 1.000000000000005e+19 1.000000000000005e+19 1.000000000000005e+19 1.000000000000005e+19 1.000000000000005e+19 1.000000000000005e+19 1.000000000000005e+19
 1.000000000000005e+19 1.000000000000005e+19 1.000000000000005e+19 1.000000000000005e+19 1.000000000000005e+19 1.000000000000005e+19 1.000000000000005e+19 1.000000000000005e+19 1.000000000000005e+19 1.000000000000005e+19
 1.000000000000005e+19 1.000000000000005e+19 1.000000000000005e+19 1.000000000000005e+19 1.000000000000005e+19 1.000000000000005e+19 1.000000000000005e+19 1.000000000000005e+19 1.000000000000005e+19 1.000000000000005e+19
 1.000000000000005e+19 1.000000000000005e+19 1.000000000000005e+19 1.000000000000005e+19 1.000000000000005e+19 1.000000000000005e+19 1.000000000000005e+19 1.000000000000005e+19 1.000000000000005e+19 1.000000000000005e+19
 1.000000000000005e+19 1.000000000000005e+19 1.000000000000005e+19 1.000000000000005e+19 1.000000000000005e+19 1.000000000000005e+19 1.000000000000005e+19 1.000000000000005e+19 1.000000000000005e+19 1.000000000000005e+19
 1.000000000000005e+19 1.000000000000005e+19 1.000000000000005e+19 1.000000000000005e+19 1.000000000000005e+19 1.000000000000005e+19 1.000000000000005e+19 1.000000000000005e+19 1.000000000000005e+19 1.000000000000005e+19
 1.000000000000005e+19 1.000000000000005e+19 1.000000000000005e+19 1.000000000000005e+19 1.000000000000005e+19 1.000000000000005e+19 1.000000000000005e+19 1.000000000000005e+19 1.000000000000005e+19 1.000000000000005e+19
 1.000000000000005e+19 1.000000000000005e+19 1.000000000000005e+19 1.000000000000005e+19 1.000000000000005e+19 1.000000000000005e+19 1.000000000000005e+19 1.000000000000005e+19 1.000000000000005e+19 1.000000000000005e+19
 1.000000000000005e+19 1.000000000000005e+19 1.000000000000005e+19 1.000000000000005e+19 1.000000000000005e+19 1.000000000000005e+19 1.000000000000005e+19 1.000000000000005e+19 1.000000000000005e+19 1.000000000000005e+19
 1.000000000000005e+19 1.000000000000005e+19 1.000000000000005e+19 1.000000000000005e+19 1.000000000000005e+19 1.000000000000005e+19 1.000000000000005e+19 1.000000000000005e+19 1.000000000000005e+19 1.000000000000005e+19
 1.000000000000005e+19 1.000000000000005e+19 1.000000000000005e+19 1.000000000000005e+19 1.000000000000005e+19 1.000000000000005e+19 1.000000000000005e+19 1.000000000000005e+19 1.000000000000005e+19 1.000000000000005e+19
 1.000000000000005e+19 1.000000000000005e+19 1.000000000000005e+19 1.000000000000005e+19 1.000000000000005e+19 1.000000000000005e+19 1.000000000000005e+19 1.000000000000005e+19 1.000000000000005e+19 1.000000000000005e+19
 1.000000000000005e+19 1.000000000000005e+19 1.000000000000005e+19 1.000000000000005e+19 1.000000000000005e+19 1.000000000000005e+19 1.000000000000005e+19 1.000000000000005e+19 1.000000000000005e+19 1.000000000000005e+19
 1.000000000000005e+19 1.000000000000005e+19 1.000000000000005e+19 1.000000000000005e+19 1.000000000000005e+19 1.000000000000005e+19 1.000000000000005e+19 1.000000000000005e+19 1.000000000000005e+19 1.000000000000005e+19
 1.000000000000005e+19 1.000000000000005e+19 1.000000000000005e+19 1.000000000000005e+19 1.000000000000005e+19 1.000000000000005e+19 1.000000000000005e+19 1.000000000000005e+19 1.000000000000005e+19 1.000000000000005e+19
 1.000000000000005e+19 1.000000000000005e+19 1.000000000000005e+19 1.000000000000005e+19 1.000000000000005e+19 1.000000000000005e+19 1.000000000000005e+19 1.000000000000005e+19 1.000000000000005e+19 1.000000000000005e+19
 1.000000000000005e+19 1.000000000000005e+19 1.000000000000005e+19 1.000000000000005e+19 1.000000000000005e+19 1.000000000000005e+19 1.000000000000005e+19 1.000000000000005e+19 1.000000000000005e+19 1.000000000000005e+19
 1.000000000000005e+19 1.000000000000005e+19 1.000000000000005e+19 1.000000000000005e+19 1.000000000000005e+19 1.000000000000005e+19 1.000000000000005e+19 1.000000000000005e+19 1.000000000000005e+19 1.000000000000005e+19
 1.000000000000005e+19 1.000000000000005e+19 1.000000000000005e+19 1.000000000000005e+19 1.000000000000005e+19 1.000000000000005e+19 1.000000000000005e+19 1.000000000000005e+19 1.000000000000005e+19 1.000000000000005e+19
 1.000000000000005e+19 1.000000000000005e+19 1.000000000000005e+19 1.000000000000005e+19 1.000000000000005e+19 1.000000000000005e+19 1.000000000000005e+19 1.000000000000005e+19 1.000000000000005e+19 1.000000000000005e+19
 1.000000000000005e+19 1.000000000000005e+19 1.000000000000005e+19 1.000000000000005e+19 1.000000000000005e+19 1.000000000000005e+19 1.000000000000005e+19 1.000000000000005e+19 1.000000000000005e+19 1.000000000000005e+19
 1.000000000000005e+19 1.000000000000005e+19 1.000000000000005e+19 1.000000000000005e+19 1.000000000000005e+19 1.000000000000005e+19 1.000000000000005e+19 1.000000000000005e+19 1.000000000000005e+19 1.000000000000005e+19
 1.000000000000005e+19 1.000000000000005e+19 1.000000000000005e+19 1.000000000000005e+19 1.000000000000005e+19 1.000000000000005e+19 1.000000000000005e+19 1.000000000000005e+19 1.000000000000005e+19 1.000000000000005e+19
 1.000000000000005e+19 1.000000000000005e+19 1.000000000000005e+19 1.000000000000005e+19 1.000000000000005e+19 1.000000000000005e+19 1.000000000000005e+19 1.000000000000005e+19 1.000000000000005e+19 1.000000000000005e+19
 1.000000000000005e+19 1.000000000000005e+19 1.000000000000005e+19 1.000000000000005e+19 1.000000000000005e+19 1.000000000000005e+19 1.000000000000005e+19 1.000000000000005e+19 1.000000000000005e+19 1.000000000000005e+19
 1.000000000000005e+19 1.000000000000005e+19 1.000000000000005e+19 1.000000000000005e+19 1.000000000000005e+19 1.000000000000005e+19 1.000000000000005e+19 1.000000000000005e+19 1.000000000000005e+19 1.000000000000005e+19
 1.000000000000005e+19 1.000000000000005e+19 1.000000000000005e+19 1.000000000000005e+19 1.000000000000005e+19 1.000000000000005e+19 1.000000000000005e+19 1.000000000000005e+19 1.000000000000005e+19 1.000000000000005e+19
 1.000000000000005e+19 1.000000000000005e+19 1.000000000000005e+19 1.000000000000005e+19 1.000000000000005e+19 1.000000000000005e+19 1.000000000000005e+19 1.000000000000005e+19 1.000000000000005e+19 1.000000000000005e+19
 1.000000000000005e+19 1.000000000000005e+19 1.000000000000005e+19 1.000000000000005e+19 1.000000000000005e+19 1.000000000000005e+19 1.000000000000005e+19 1.000000000000005e+19 1.000000000000005e+19 1.000000000000005e+19
 1.000000000000005e+19 1.000000000000005e+19 1.000000000000005e+19 1.000000000000005e+19 1.000000000000005e+19 1.000000000000005e+19 1.000000000000005e+19 1.000000000000005e+19 1.000000000000005e+19 1.000000000000005e+19
 1.000000000000005e+19 1.000000000000005e+19 1.000000000000005e+19 1.000000000000005e+19 1.000000000000005e+19 1.000000000000005e+19 1.000000000000005e+19 1.000000000000005e+19 1.000000000000005e+19 1.000000000000005e+19
 1.000000000000005e+19 1.000000000000005e+19 1.000000000000005e+19 1.000000000000005e+19 1.000000000000005e+19 1.000000000000005e+19 1.000000000000005e+19 1.000000000000005e+19 1.000000000000005e+19 1.000000000000005e+19
 1.000000000000005e+19 1.000000000000005e+19 1.000000000000005e+19 1.000000000000005e+19 1.000000000000005e+19 1.000000000000005e+19 1.000000000000005e+19 1.000000000000005e+19 1.000000000000005e+19 1.000000000000005e+19
 1.000000000000005e+19 1.000000000000005e+19 1.000000000000005e+19 1.000000000000005e+19 1.000000000000005e+19 1.000000000000005e+19 1.000000000000005e+19 1.000000000000005e+19 1.000000000000005e+19 1.000000000000005e+19
 1.000000000000005e+19 1.000000000000005e+19 1.000000000000005e+19 1.000000000000005e+19 1.000000000000005e+19 1.000000000000005e+19 1.000000000000005e+19 1.000000000000005e+19 1.000000000000005e+19 1.000000000000005e+19
 1.000000000000005e+19 1.000000000000005e+19 1.000000000000005e+19 1.000000000000005e+19 1.000000000000005e+19 1.000000000000005e+19 1.000000000000005e+19 1.000000000000005e+19 1.000000000000005e+19 1.000000000000005e+19
 1.000000000000005e+19 1.000000000000005e+19 1.000000000000005e+19 1.000000000000005e+19 1.000000000000005e+19 1.000000000000005e+19 1.000000000000005e+19 1.000000000000005e+19 1.000000000000005e+19 1.000000000000005e+19
 1.000000000000005e+19 1.000000000000005e+19 1.000000000000005e+19 1.000000000000005e+19 1.000000000000005e+19 1.000000000000005e+19 1.000000000000005e+19 1.000000000000005e+19 1.000000000000005e+19 1.000000000000005e+19
 1.000000000000005e+19 1.000000000000005e+19 1.000000000000005e+19 1.000000000000005e+19 1.000000000000005e+19 1.000000000000005e+19 1.000000000000005e+19 1.000000000000005e+19 1.000000000000005e+19 1.000000000000005e+19
 1.000000000000005e+19 1.000000000000005e+19 1.000000000000005e+19 1.000000000000005e+19 1.000000000000005e+19 1.000000000000005e+19 1.000000000000005e+19 1.000000000000005e+19 1.000000000000005e+19 1.000000000000005e+19
 1.000000000000005e+19 1.000000000000005e+19 1.000000000000005e+19 1.000000000000005e+19 1.000000000000005e+19 1.000000000000005e+19 1.000000000000005e+19 1.000000000000005e+19 1.000000000000005e+19 1.000000000000005e+19
 1.000000000000005e+19 1.000000000000005e+19 1.000000000000005e+19 1.000000000000005e+19 1.000000000000005e+19 1.000000000000005e+19 1.000000000000005e+19 1.000000000000005e+19 1.000000000000005e+19 1.000000000000005e+19
 1.000000000000005e+19 1.000000000000005e+19 1.000000000000005e+19 1.000000000000005e+19 1.000000000000005e+19 1.000000000000005e+19 1.000000000000005e+19 1.000000000000005e+19 1.000000000000005e+19 1.000000000000005e+19
 1.000000000000005e+19 1.000000000000005e+19 1.000000000000005e+19 1.000000000000005e+19 1.000000000000005e+19 1.000000000000005e+19 1.000000000000005e+19 1.000000000000005e+19 1.000000000000005e+19 1.000000000000005e+19
 1.000000000000005e+19 1.000000000000005e+19 1.000000000000005e+19 1.000000000000005e+19 1.000000000000005e+19 1.000000000000005e+19 1.000000000000005e+19 1.000000000000005e+19 1.000000000000005e+19 1.000000560000002e+19
 1.000000000000005e+19 1.000000560000002e+19 1.000000000000005e+19 1.000000560000002e+19 1.000000000000005e+19 1.000000560000002e+19 1.000000000000005e+19 1.000000000000005e+19 1.000000000000005e+19 1.000000000000005e+19
 1.000000000000005e+19 1.000000000000005e+19 1.000000000000005e+19 1.000000000000005e+19 1.000000000000005e+19 1.000000000000005e+19 1.000000000000005e+19 1.000000000000005e+19 1.000000000000005e+19 1.000000000000005e+19
 1.000000000000005e+19 1.000000000000005e+19 1.000000000000005e+19 1.000000000000005e+19 1.000000000000005e+19 1.000000000000005e+19 1.000000000000005e+19 1.000000000000005e+19 1.000000000000005e+19 1.000000000000005e+19
 1.000000000000005e+19 1.000000000000005e+19 1.000000000000005e+19 1.000000000000005e+19 1.000000000000005e+19 1.000000000000005e+19 1.000000000000005e+19 1.000000000000005e+19 1.000000000000005e+19 1.000000000000005e+19
 1.000000000000005e+19 1.000000000000005e+19 1.000000000000005e+19 1.000000000000005e+19 1.000000000000005e+19 1.000000000000005e+19 1.000000000000005e+19 1.000000560000002e+19 1.000000000000005e+19 1.000000560000002e+19
 1.000000000000005e+19 1.000000560000002e+19 1.000000000000005e+19 1.000000560000002e+19 1.000000000000005e+19 1.000000000000005e+19 1.000000000000005e+19 1.000000000000005e+19 1.000000000000005e+19 1.000000000000005e+19
 1.000000000000005e+19 1.000000000000005e+19 1.000000000000005e+19 1.000000000000005e+19 1.000000000000005e+19 1.000000000000005e+19 1.000000000000005e+19 1.000000000000005e+19 1.000000000000005e+19 1.000000000000005e+19
 1.000000000000005e+19 1.000000000000005e+19 1.000000000000005e+19 1.000000000000005e+19 1.000000000000005e+19 1.000000000000005e+19 1.000000000000005e+19 1.000000000000005e+19 1.000000000000005e+19 1.000000000000005e+19
 1.000000000000005e+19 1.000000000000005e+19 1.000000000000005e+19 1.000000000000005e+19 1.000000000000005e+19 1.000000000000005e+19 1.000000000000005e+19 1.000000000000005e+19 1.000000000000005e+19 1.000000000000005e+19
 1.000000000000005e+19 1.000000000000005e+19 1.000000000000005e+19 1.000000000000005e+19 1.000000000000005e+19 1.000000000000005e+19 1.000000000000005e+19 1.000000000000005e+19 1.000000000000005e+19 1.000000000000005e+19
 1.000000000000005e+19 1.000000000000005e+19 1.000000000000005e+19 1.000000000000005e+19 1.000000000000005e+19 1.000000000000005e+19 1.000000000000005e+19 1.000000000000005e+19 1.000000000000005e+19 1.000000000000005e+19
 1.000000000000005e+19 1.000000000000005e+19 1.000000000000005e+19 1.000000000000005e+19 1.000000000000005e+19 1.000000000000005e+19 1.000000000000005e+19 1.000000000000005e+19 1.000000000000005e+19 1.000000000000005e+19
 1.000000000000005e+19 1.000000000000005e+19 1.000000000000005e+19 1.000000000000005e+19 1.000000000000005e+19 1.000000000000005e+19 1.000000000000005e+19 1.000000000000005e+19 1.000000000000005e+19 1.000000000000005e+19
 1.000000000000005e+19 1.000000000000005e+19 1.000000000000005e+19 1.000000000000005e+19 1.000000000000005e+19 1.000000000000005e+19 1.000000000000005e+19 1.000000000000005e+19 1.000000000000005e+19 1.000000000000005e+19
 1.000000000000005e+19 1.000000000000005e+19 1.000000000000005e+19 1.000000000000005e+19 1.000000000000005e+19 1.000000000000005e+19 1.000000000000005e+19 1.000000000000005e+19 1.000000000000005e+19 1.000000000000005e+19
 1.000000000000005e+19 1.000000000000005e+19 1.000000000000005e+19 1.000000000000005e+19 1.000000000000005e+19 1.000000000000005e+19 1.000000000000005e+19 1.000000000000005e+19 1.000000000000005e+19 1.000000000000005e+19
 1.000000000000005e+19 1.000000000000005e+19 1.000000000000005e+19 1.000000000000005e+19 1.000000000000005e+19 1.000000000000005e+19 1.000000000000005e+19 1.000000560000002e+19 1.000000000000005e+19 1.000000560000002e+19
 1.000000000000005e+19 1.000000560000002e+19 1.000000000000005e+19 1.000000560000002e+19 1.000000000000005e+19 1.000000000000005e+19 1.000000000000005e+19 1.000000000000005e+19 1.000000000000005e+19 1.000000000000005e+19
 1.000000000000005e+19 1.000000000000005e+19 1.000000000000005e+19 1.000000000000005e+19 1.000000000000005e+19 1.000000000000005e+19 1.000000000000005e+19 1.000000000000005e+19 1.000000000000005e+19 1.000000000000005e+19
 1.000000000000005e+19 1.000000000000005e+19 1.000000000000005e+19 1.000000000000005e+19 1.000000000000005e+19 1.000000000000005e+19 1.000000000000005e+19 1.000000000000005e+19 1.000000000000005e+19 1.000000000000005e+19
 1.000000000000005e+19 1.000000000000005e+19 1.000000000000005e+19 1.000000000000005e+19 1.000000000000005e+19 1.000000000000005e+19 1.000000000000005e+19 1.000000000000005e+19 1.000000000000005e+19 1.000000000000005e+19
 1.000000000000005e+19 1.000000000000005e+19 1.000000000000005e+19 1.000000000000005e+19 1.000000000000005e+19 1.000000000000005e+19 1.000000000000005e+19 1.000000000000005e+19 1.000000000000005e+19 1.000000000000005e+19
 1.000000000000005e+19 1.000000000000005e+19 1.000000000000005e+19 1.000000000000005e+19 1.000000000000005e+19 1.000000000000005e+19 1.000000000000005e+19 1.000000000000005e+19 1.000000000000005e+19 1.000000000000005e+19
 1.000000000000005e+19 1.000000000000005e+19 1.000000000000005e+19 1.000000000000005e+19 1.000000000000005e+19 1.000000000000005e+19 1.000000000000005e+19 1.000000000000005e+19 1.000000000000005e+19 1.000000000000005e+19
 1.000000000000005e+19 1.000000000000005e+19 1.000000000000005e+19 1.000000000000005e+19 1.000000000000005e+19 1.000000000000005e+19 1.000000000000005e+19 1.000000000000005e+19 1.000000000000005e+19 1.000000000000005e+19
 1.000000000000005e+19 1.000000560000002e+19 1.000000000000005e+19 1.000000560000002e+19 1.000000000000005e+19 1.000000560000002e+19 1.000000000000005e+19 1.000000560000002e+19 1.000000000000005e+19 1.000000000000005e+19
 1.000000000000005e+19 1.000000000000005e+19 1.000000000000005e+19 1.000000000000005e+19 1.000000000000005e+19 1.000000000000005e+19 1.000000000000005e+19 1.000000000000005e+19 1.000000000000005e+19 1.000000000000005e+19
 1.000000000000005e+19 1.000000000000005e+19 1.000000000000005e+19 1.000000000000005e+19 1.000000000000005e+19 1.000000000000005e+19 1.000000000000005e+19 1.000000000000005e+19 1.000000000000005e+19 1.000000000000005e+19
 1.000000000000005e+19 1.000000000000005e+19 1.000000000000005e+19 1.000000000000005e+19 1.000000000000005e+19 1.000000000000005e+19 1.000000000000005e+19 1.000000000000005e+19 1.000000000000005e+19 1.000000000000005e+19
 1.000000000000005e+19 1.000000000000005e+19 1.000000000000005e+19 1.000000000000005e+19 1.000000000000005e+19 1.000000000000005e+19 1.000000000000005e+19 1.000000000000005e+19 1.000000000000005e+19 1.000000000000005e+19
 1.000000000000005e+19 1.000000000000005e+19 1.000000000000005e+19 1.000000000000005e+19 1.000000000000005e+19 1.000000000000005e+19 1.000000000000005e+19 1.000000000000005e+19 1.000000000000005e+19 1.000000000000005e+19
 1.000000000000005e+19 1.000000000000005e+19 1.000000000000005e+19 1.000000000000005e+19 1.000000000000005e+19 1.000000000000005e+19 1.000000000000005e+19 1.000000000000005e+19 1.000000000000005e+19 1.000000000000005e+19
 1.000000000000005e+19 1.000000000000005e+19 1.000000000000005e+19 1.000000000000005e+19 1.000000000000005e+19 1.000000000000005e+19 1.000000000000005e+19 1.000000000000005e+19 1.000000000000005e+19 1.000000000000005e+19
 1.000000000000005e+19 1.000000000000005e+19 1.000000000000005e+19 1.000000000000005e+19 1.000000000000005e+19 1.000000000000005e+19 1.000000000000005e+19 1.000000000000005e+19 1.000000000000005e+19 1.000000000000005e+19
 1.000000000000005e+19 1.000000000000005e+19 1.000000000000005e+19 1.000000000000005e+19 1.000000000000005e+19 1.000000000000005e+19 1.000000000000005e+19 1.000000000000005e+19 1.000000000000005e+19 1.000000000000005e+19
 1.000000000000005e+19 1.000000000000005e+19 1.000000000000005e+19 1.000000000000005e+19 1.000000000000005e+19 1.000000000000005e+19 1.000000000000005e+19 1.000000000000005e+19 1.000000000000005e+19 1.000000000000005e+19
 1.000000000000005e+19 1.000000000000005e+19 1.000000000000005e+19 1.000000000000005e+19 1.000000000000005e+19 1.000000000000005e+19 1.000000000000005e+19 1.000000000000005e+19 1.000000000000005e+19 1.000000000000005e+19
 1.000000000000005e+19 1.000000000000005e+19 1.000000000000005e+19 1.000000000000005e+19 1.000000000000005e+19 1.000000000000005e+19 1.000000000000005e+19 1.000000000000005e+19 1.000000000000005e+19 1.000000000000005e+19
 1.000000000000005e+19 1.000000000000005e+19 1.000000000000005e+19 1.000000000000005e+19 1.000000000000005e+19 1.000000000000005e+19 1.000000000000005e+19 1.000000000000005e+19 1.000000000000005e+19 1.000000000000005e+19
 1.000000000000005e+19 1.000000000000005e+19 1.000000000000005e+19 1.000000000000005e+19 1.000000000000005e+19 1.000000000000005e+19 1.000000000000005e+19 1.000000000000005e+19 1.000000000000005e+19 1.000000000000005e+19
 1.000000000000005e+19 1.000000000000005e+19 1.000000000000005e+19 1.000000000000005e+19 1.000000000000005e+19 1.000000000000005e+19 1.000000000000005e+19 1.000000000000005e+19 1.000000000000005e+19 1.000000000000005e+19
 1.000000000000005e+19 1.000000000000005e+19 1.000000000000005e+19 1.000000000000005e+19 1.000000000000005e+19 1.000000000000005e+19 1.000000000000005e+19 1.000000000000005e+19 1.000000000000005e+19 1.000000000000005e+19
 1.000000000000005e+19 1.000000000000005e+19 1.000000000000005e+19 1.000000000000005e+19 1.000000000000005e+19 1.000000000000005e+19 1.000000000000005e+19 1.000000000000005e+19 1.000000000000005e+19 1.000000000000005e+19
 1.000000000000005e+19 1.000000000000005e+19 1.000000000000005e+19 1.000000000000005e+19 1.000000000000005e+19 1.000000000000005e+19 1.000000000000005e+19 1.000000000000005e+19 1.000000000000005e+19 1.000000000000005e+19
 1.000000000000005e+19 1.000000000000005e+19 1.000000000000005e+19 1.000000000000005e+19 1.000000000000005e+19 1.000000000000005e+19 1.000000000000005e+19 1.000000000000005e+19 1.000000000000005e+19 1.000000000000005e+19
 1.000000000000005e+19 1.000000000000005e+19 1.000000000000005e+19 1.000000000000005e+19 1.000000000000005e+19 1.000000000000005e+19 1.000000000000005e+19 1.000000000000005e+19 1.000000000000005e+19 1.000000000000005e+19
 1.000000000000005e+19 1.000000000000005e+19 1.000000000000005e+19 1.000000000000005e+19 1.000000000000005e+19 1.000000000000005e+19 1.000000000000005e+19 1.000000000000005e+19 1.000000000000005e+19 1.000000000000005e+19
 1.000000000000005e+19 1.000000000000005e+19 1.000000000000005e+19 1.000000000000005e+19 1.000000000000005e+19 1.000000000000005e+19 1.000000000000005e+19 1.000000000000005e+19 1.000000000000005e+19 1.000000000000005e+19
 1.000000000000005e+19 1.000000000000005e+19 1.000000000000005e+19 1.000000000000005e+19 1.000000000000005e+19 1.000000000000005e+19 1.000000000000005e+19 1.000000000000005e+19 1.000000000000005e+19 1.000000000000005e+19
 1.000000000000005e+19 1.000000000000005e+19 1.000000000000005e+19 1.000000000000005e+19 1.000000000000005e+19 1.000000000000005e+19 1.000000000000005e+19 1.000000000000005e+19 1.000000000000005e+19 1.000000000000005e+19
 1.000000000000005e+19 1.000000000000005e+19 1.000000000000005e+19 1.000000000000005e+19 1.000000000000005e+19 1.000000000000005e+19 1.000000000000005e+19 1.000000000000005e+19 1.000000000000005e+19 1.000000000000005e+19
 1.000000000000005e+19 1.000000000000005e+19 1.000000000000005e+19 1.000000000000005e+19 1.000000000000005e+19 1.000000000000005e+19 1.000000000000005e+19 1.000000000000005e+19 1.000000000000005e+19 1.000000000000005e+19
 1.000000000000005e+19 1.000000000000005e+19 1.000000000000005e+19 1.000000000000005e+19 1.000000000000005e+19 1.000000000000005e+19 1.000000000000005e+19 1.000000000000005e+19 1.000000000000005e+19 1.000000000000005e+19
 1.000000000000005e+19 1.000000000000005e+19 1.000000000000005e+19 1.000000000000005e+19 1.000000000000005e+19 1.000000000000005e+19 1.000000000000005e+19 1.000000000000005e+19 1.000000000000005e+19 1.000000000000005e+19
 1.000000000000005e+19 1.000000000000005e+19 1.000000000000005e+19 1.000000000000005e+19 1.000000000000005e+19 1.000000000000005e+19 1.000000000000005e+19 1.000000000000005e+19 1.000000000000005e+19 1.000000000000005e+19
 1.000000000000005e+19 1.000000000000005e+19 1.000000000000005e+19 1.000000000000005e+19 1.000000000000005e+19 1.000000000000005e+19 1.000000000000005e+19 1.000000000000005e+19 1.000000000000005e+19 1.000000000000005e+19
 1.000000000000005e+19 1.000000000000005e+19 1.000000000000005e+19 1.000000000000005e+19 1.000000000000005e+19 1.000000000000005e+19 1.000000000000005e+19 1.000000000000005e+19 1.000000000000005e+19 1.000000000000005e+19
 1.000000000000005e+19 1.000000000000005e+19 1.000000000000005e+19 1.000000000000005e+19 1.000000000000005e+19 1.000000000000005e+19 1.000000000000005e+19 1.000000000000005e+19 1.000000000000005e+19 1.000000000000005e+19
 1.000000000000005e+19 1.000000000000005e+19 1.000000000000005e+19 1.000000000000005e+19 1.000000000000005e+19 1.000000000000005e+19 1.000000000000005e+19 1.000000000000005e+19 1.000000000000005e+19 1.000000000000005e+19
 1.000000000000005e+19 1.000000560000002e+19 1.000000000000005e+19 1.000000560000002e+19 1.000000000000005e+19 1.000000560000002e+19 1.000000000000005e+19 1.000000560000002e+19 1.000000000000005e+19 1.000000000000005e+19
 1.000000000000005e+19 1.000000000000005e+19 1.000000000000005e+19 1.000000000000005e+19 1.000000000000005e+19 1.000000000000005e+19 1.000000000000005e+19 1.000000000000005e+19 1.000000000000005e+19 1.000000000000005e+19
 1.000000000000005e+19 1.000000000000005e+19 1.000000000000005e+19 1.000000000000005e+19 1.000000000000005e+19 1.000000000000005e+19 1.000000000000005e+19 1.000000000000005e+19 1.000000000000005e+19 1.000000000000005e+19
 1.000000000000005e+19 1.000000000000005e+19 1.000000000000005e+19 1.000000000000005e+19 1.000000000000005e+19 1.000000000000005e+19 1.000000000000005e+19 1.000000000000005e+19 1.000000000000005e+19 1.000000000000005e+19
 1.000000000000005e+19 1.000000000000005e+19 1.000000000000005e+19 1.000000000000005e+19 1.000000000000005e+19 1.000000000000005e+19 1.000000000000005e+19 1.000000000000005e+19 1.000000000000005e+19 1.000000000000005e+19
 1.000000000000005e+19 1.000000000000005e+19 1.000000000000005e+19 1.000000000000005e+19 1.000000000000005e+19 1.000000000000005e+19 1.000000000000005e+19 1.000000000000005e+19 1.000000000000005e+19 1.000000000000005e+19
 1.000000000000005e+19 1.000000000000005e+19 1.000000000000005e+19 1.000000000000005e+19 1.000000000000005e+19 1.000000000000005e+19 1.000000000000005e+19 1.000000000000005e+19 1.000000000000005e+19 1.000000000000005e+19
 1.000000000000005e+19 1.000000000000005e+19 1.000000000000005e+19 1.000000000000005e+19 1.000000000000005e+19 1.000000000000005e+19 1.000000000000005e+19 1.000000000000005e+19 1.000000000000005e+19 1.000000000000005e+19
 1.000000000000005e+19 1.000000000000005e+19 1.000000000000005e+19 1.000000000000005e+19 1.000000000000005e+19 1.000000560000002e+19 1.000000000000005e+19 1.000000560000002e+19 1.000000000000005e+19 1.000000560000002e+19
 1.000000000000005e+19 1.000000560000002e+19 1.000000000000005e+19 1.000000000000005e+19 1.000000000000005e+19 1.000000000000005e+19 1.000000000000005e+19 1.000000000000005e+19 1.000000000000005e+19 1.000000000000005e+19
 1.000000000000005e+19 1.000000000000005e+19 1.000000000000005e+19 1.000000000000005e+19 1.000000000000005e+19 1.000000000000005e+19 1.000000000000005e+19 1.000000000000005e+19 1.000000000000005e+19 1.000000000000005e+19
 1.000000000000005e+19 1.000000000000005e+19 1.000000000000005e+19 1.000000000000005e+19 1.000000000000005e+19 1.000000000000005e+19 1.000000000000005e+19 1.000000000000005e+19 1.000000000000005e+19 1.000000000000005e+19
 1.000000000000005e+19 1.000000000000005e+19 1.000000000000005e+19 1.000000000000005e+19 1.000000000000005e+19 1.000000000000005e+19 1.000000000000005e+19 1.000000000000005e+19 1.000000000000005e+19 1.000000000000005e+19
 1.000000000000005e+19 1.000000000000005e+19 1.000000000000005e+19 1.000000000000005e+19 1.000000000000005e+19 1.000000000000005e+19 1.000000000000005e+19 1.000000000000005e+19 1.000000000000005e+19 1.000000000000005e+19
 1.000000000000005e+19 1.000000000000005e+19 1.000000000000005e+19 1.000000000000005e+19 1.000000000000005e+19 1.000000000000005e+19 1.000000000000005e+19 1.000000000000005e+19 1.000000000000005e+19 1.000000000000005e+19
 1.000000000000005e+19 1.000000000000005e+19 1.000000000000005e+19 1.000000000000005e+19 1.000000000000005e+19 1.000000000000005e+19 1.000000000000005e+19 1.000000000000005e+19 1.000000000000005e+19 1.000000000000005e+19
 1.000000000000005e+19 1.000000000000005e+19 1.000000000000005e+19 1.000000000000005e+19 1.000000000000005e+19 1.000000000000005e+19 1.000000000000005e+19 1.000000000000005e+19 1.000000000000005e+19 1.000000000000005e+19
 1.000000000000005e+19 1.000000000000005e+19 1.000000000000005e+19 1.000000000000005e+19 1.000000000000005e+19 1.000000000000005e+19 1.000000000000005e+19 1.000000000000005e+19 1.000000000000005e+19 1.000000000000005e+19
 1.000000000000005e+19 1.000000000000005e+19 1.000000000000005e+19 1.000000000000005e+19 1.000000000000005e+19 1.000000000000005e+19 1.000000000000005e+19 1.000000000000005e+19 1.000000000000005e+19 1.000000000000005e+19
 1.000000000000005e+19 1.000000000000005e+19 1.000000000000005e+19 1.000000000000005e+19 1.000000000000005e+19 1.000000000000005e+19 1.000000000000005e+19 1.000000000000005e+19 1.000000000000005e+19 1.000000000000005e+19
 1.000000000000005e+19 1.000000000000005e+19 1.000000000000005e+19 1.000000000000005e+19 1.000000000000005e+19 1.000000000000005e+19 1.000000000000005e+19 1.000000000000005e+19 1.000000000000005e+19 1.000000000000005e+19
 1.000000000000005e+19 1.000000000000005e+19 1.000000000000005e+19 1.000000000000005e+19 1.000000000000005e+19 1.000000000000005e+19 1.000000000000005e+19 1.000000000000005e+19 1.000000000000005e+19 1.000000000000005e+19
 1.000000000000005e+19 1.000000000000005e+19 1.000000000000005e+19 1.000000000000005e+19 1.000000000000005e+19 1.000000000000005e+19 1.000000000000005e+19 1.000000000000005e+19 1.000000000000005e+19 1.000000000000005e+19
 1.000000000000005e+19 1.000000000000005e+19 1.000000000000005e+19 1.000000000000005e+19 1.000000000000005e+19 1.000000000000005e+19 1.000000000000005e+19 1.000000000000005e+19 1.000000000000005e+19 1.000000000000005e+19
 1.000000000000005e+19 1.000000000000005e+19 1.000000000000005e+19 1.000000000000005e+19 1.000000000000005e+19 1.000000000000005e+19 1.000000000000005e+19 1.000000000000005e+19 1.000000000000005e+19 1.000000000000005e+19
 1.000000000000005e+19 1.000000000000005e+19 1.000000000000005e+19 1.000000000000005e+19 1.000000000000005e+19 1.000000000000005e+19 1.000000000000005e+19 1.000000000000005e+19 1.000000000000005e+19 1.000000000000005e+19
 1.000000000000005e+19 1.000000000000005e+19 1.000000000000005e+19 1.000000000000005e+19 1.000000000000005e+19 1.000000000000005e+19 1.000000000000005e+19 1.000000000000005e+19 1.000000000000005e+19 1.000000000000005e+19
 1.000000000000005e+19 1.000000000000005e+19 1.000000000000005e+19 1.000000000000005e+19 1.000000000000005e+19 1.000000000000005e+19 1.000000000000005e+19 1.000000000000005e+19 1.000000000000005e+19 1.000000000000005e+19
 1.000000000000005e+19 1.000000000000005e+19 1.000000000000005e+19 1.000000000000005e+19 1.000000000000005e+19 1.000000000000005e+19 1.000000000000005e+19 1.000000000000005e+19 1.000000000000005e+19 1.000000000000005e+19
 1.000000000000005e+19 1.000000000000005e+19 1.000000000000005e+19 1.000000000000005e+19 1.000000000000005e+19 1.000000000000005e+19 1.000000000000005e+19 1.000000560000002e+19 1.000000000000005e+19 1.000000560000002e+19
 1.000000000000005e+19 1.000000560000002e+19 1.000000000000005e+19 1.000000560000002e+19 1.000000000000005e+19 1.000000000000005e+19 1.000000000000005e+19 1.000000000000005e+19 1.000000000000005e+19 1.000000000000005e+19
 1.000000000000005e+19 1.000000000000005e+19 1.000000000000005e+19 1.000000000000005e+19 1.000000000000005e+19 1.000000000000005e+19 1.000000000000005e+19 1.000000000000005e+19 1.000000000000005e+19 1.000000000000005e+19
 1.000000000000005e+19 1.000000000000005e+19 1.000000000000005e+19 1.000000000000005e+19 1.000000000000005e+19 1.000000000000005e+19 1.000000000000005e+19 1.000000000000005e+19 1.000000000000005e+19 1.000000000000005e+19
 1.000000000000005e+19 1.000000000000005e+19 1.000000000000005e+19 1.000000000000005e+19 1.000000000000005e+19 1.000000000000005e+19 1.000000000000005e+19 1.000000000000005e+19 1.000000000000005e+19 1.000000000000005e+19
 1.000000000000005e+19 1.000000000000005e+19 1.000000000000005e+19 1.000000000000005e+19 1.000000000000005e+19 1.000000000000005e+19 1.000000000000005e+19 1.000000000000005e+19 1.000000000000005e+19 1.000000000000005e+19
 1.000000000000005e+19 1.000000000000005e+19 1.000000000000005e+19 1.000000000000005e+19 1.000000000000005e+19 1.000000000000005e+19 1.000000000000005e+19 1.000000000000005e+19 1.000000000000005e+19 1.000000000000005e+19
 1.000000000000005e+19 1.000000000000005e+19 1.000000000000005e+19 1.000000000000005e+19 1.000000000000005e+19 1.000000000000005e+19 1.000000000000005e+19 1.000000000000005e+19 1.000000000000005e+19 1.000000000000005e+19
 1.000000000000005e+19 1.000000000000005e+19 1.000000000000005e+19 1.000000000000005e+19 1.000000000000005e+19 1.000000000000005e+19 1.000000000000005e+19 1.000000000000005e+19 1.000000000000005e+19 1.000000000000005e+19
 1.000000000000005e+19 1.000000000000005e+19 1.000000000000005e+19 1.000000000000005e+19 1.000000000000005e+19 1.000000000000005e+19 1.000000000000005e+19 1.000000000000005e+19 1.000000000000005e+19 1.000000000000005e+19
 1.000000000000005e+19 1.000000000000005e+19 1.000000000000005e+19 1.000000000000005e+19 1.000000000000005e+19 1.000000000000005e+19 1.000000000000005e+19 1.000000000000005e+19 1.000000000000005e+19 1.000000000000005e+19
 1.000000000000005e+19 1.000000000000005e+19 1.000000000000005e+19 1.000000000000005e+19 1.000000000000005e+19 1.000000000000005e+19 1.000000000000005e+19 1.000000000000005e+19 1.000000000000005e+19 1.000000000000005e+19
 1.000000000000005e+19 1.000000000000005e+19 1.000000000000005e+19 1.000000000000005e+19 1.000000000000005e+19 1.000000000000005e+19 1.000000000000005e+19 1.000000000000005e+19 1.000000000000005e+19 1.000000000000005e+19
 1.000000000000005e+19 1.000000000000005e+19 1.000000000000005e+19 1.000000000000005e+19 1.000000000000005e+19 1.000000000000005e+19 1.000000000000005e+19 1.000000000000005e+19 1.000000000000005e+19 1.000000000000005e+19
 1.000000000000005e+19 1.000000000000005e+19 1.000000000000005e+19 1.000000000000005e+19 1.000000000000005e+19 1.000000000000005e+19 1.000000000000005e+19 1.000000000000005e+19 1.000000000000005e+19 1.000000000000005e+19
 1.000000000000005e+19 1.000000000000005e+19 1.000000000000005e+19 1.000000000000005e+19 1.000000000000005e+19 1.000000560000002e+19 1.000000000000005e+19 1.000000560000002e+19 1.000000000000005e+19 1.000000000000005e+19
 1.000000000000005e+19 1.000000000000005e+19 1.000000000000005e+19 1.000000000000005e+19 1.000000000000005e+19 1.000000000000005e+19 1.000000000000005e+19 1.000000000000005e+19 1.000000000000005e+19 1.000000000000005e+19
 1.000000000000005e+19 1.000000000000005e+19 1.000000000000005e+19 1.000000000000005e+19 1.000000000000005e+19 1.000000000000005e+19 1.000000000000005e+19 1.000000000000005e+19 1.000000000000005e+19 1.000000000000005e+19
 1.000000000000005e+19 1.000000000000005e+19 1.000000000000005e+19 1.000000000000005e+19 1.000000000000005e+19 1.000000000000005e+19 1.000000000000005e+19 1.000000000000005e+19 1.000000000000005e+19 1.000000000000005e+19
 1.000000000000005e+19 1.000000000000005e+19 1.000000000000005e+19 1.000000000000005e+19 1.000000000000005e+19 1.000000000000005e+19 1.000000000000005e+19 1.000000000000005e+19 1.000000000000005e+19 1.000000000000005e+19
 1.000000000000005e+19 1.000000000000005e+19 1.000000000000005e+19 1.000000000000005e+19 1.000000000000005e+19 1.000000000000005e+19 1.000000000000005e+19 1.000000000000005e+19 1.000000000000005e+19 1.000000000000005e+19
 1.000000000000005e+19 1.000000000000005e+19 1.000000000000005e+19 1.000000000000005e+19 1.000000000000005e+19 1.000000000000005e+19 1.000000000000005e+19 1.000000000000005e+19 1.000000000000005e+19 1.000000000000005e+19
 1.000000000000005e+19 1.000000000000005e+19 1.000000000000005e+19 1.000000000000005e+19 1.000000000000005e+19 1.000000000000005e+19 1.000000000000005e+19 1.000000000000005e+19 1.000000000000005e+19 1.000000560000002e+19
 1.000000000000005e+19 1.000000000000005e+19 1.000000000000005e+19 1.000000000000005e+19 1.000000000000005e+19 1.000000000000005e+19 1.000000000000005e+19 1.000000000000005e+19 1.000000000000005e+19 1.000000000000005e+19
 1.000000000000005e+19 1.000000000000005e+19 1.000000000000005e+19 1.000000000000005e+19 1.000000000000005e+19 1.000000000000005e+19 1.000000000000005e+19 1.000000000000005e+19 1.000000000000005e+19 1.000000000000005e+19
 1.000000000000005e+19 1.000000000000005e+19 1.000000000000005e+19 1.000000000000005e+19 1.000000000000005e+19 1.000000000000005e+19 1.000000000000005e+19 1.000000000000005e+19 1.000000000000005e+19 1.000000000000005e+19
 1.000000000000005e+19 1.000000000000005e+19 1.000000000000005e+19 1.000000000000005e+19 1.000000000000005e+19 1.000000000000005e+19 1.000000000000005e+19 1.000000000000005e+19 1.000000000000005e+19 1.000000000000005e+19
 1.000000000000005e+19 1.000000000000005e+19 1.000000000000005e+19 1.000000000000005e+19 1.000000000000005e+19 1.000000000000005e+19 1.000000000000005e+19 1.000000000000005e+19 1.000000000000005e+19 1.000000000000005e+19
 1.000000000000005e+19 1.000000000000005e+19 1.000000000000005e+19 1.000000000000005e+19 1.000000000000005e+19 1.000000000000005e+19 1.000000000000005e+19 1.000000000000005e+19 1.000000000000005e+19 1.000000000000005e+19
 1.000000000000005e+19 1.000000000000005e+19 1.000000000000005e+19 1.000000000000005e+19 1.000000000000005e+19 1.000000000000005e+19 1.000000000000005e+19 1.000000000000005e+19 1.000000000000005e+19 1.000000000000005e+19
 1.000000000000005e+19 1.000000560000002e+19 1.000000560000002e+19 1.000000000000005e+19 1.000000000000005e+19
    }
  }

  Dataset ("NitrogenActiveConcentration") {
    function  = NitrogenActiveConcentration
    type      = scalar
    dimension = 1
    location  = vertex
    validity  = [ "n_plus" ]
    Values (2405) {
 1.000000560000000e+19 1.000000000000003e+19 1.000000000000003e+19 1.000000560000000e+19 1.000000000000003e+19 1.000000560000000e+19 1.000000000000003e+19 1.000000560000000e+19 1.000000000000003e+19 1.000000000000003e+19
 1.000000000000003e+19 1.000000000000003e+19 1.000000000000003e+19 1.000000000000003e+19 1.000000000000003e+19 1.000000000000003e+19 1.000000000000003e+19 1.000000000000003e+19 1.000000000000003e+19 1.000000560000000e+19
 1.000000000000003e+19 1.000000560000000e+19 1.000000000000003e+19 1.000000560000000e+19 1.000000000000003e+19 1.000000560000000e+19 1.000000000000003e+19 1.000000000000003e+19 1.000000000000003e+19 1.000000000000003e+19
 1.000000000000003e+19 1.000000000000003e+19 1.000000000000003e+19 1.000000000000003e+19 1.000000000000003e+19 1.000000000000003e+19 1.000000000000003e+19 1.000000000000003e+19 1.000000000000003e+19 1.000000000000003e+19
 1.000000000000003e+19 1.000000000000003e+19 1.000000000000003e+19 1.000000000000003e+19 1.000000000000003e+19 1.000000000000003e+19 1.000000000000003e+19 1.000000000000003e+19 1.000000000000003e+19 1.000000000000003e+19
 1.000000000000003e+19 1.000000000000003e+19 1.000000000000003e+19 1.000000000000003e+19 1.000000000000003e+19 1.000000000000003e+19 1.000000000000003e+19 1.000000000000003e+19 1.000000000000003e+19 1.000000000000003e+19
 1.000000000000003e+19 1.000000000000003e+19 1.000000000000003e+19 1.000000000000003e+19 1.000000000000003e+19 1.000000000000003e+19 1.000000000000003e+19 1.000000000000003e+19 1.000000000000003e+19 1.000000000000003e+19
 1.000000000000003e+19 1.000000000000003e+19 1.000000000000003e+19 1.000000000000003e+19 1.000000000000003e+19 1.000000000000003e+19 1.000000000000003e+19 1.000000000000003e+19 1.000000000000003e+19 1.000000000000003e+19
 1.000000000000003e+19 1.000000000000003e+19 1.000000000000003e+19 1.000000000000003e+19 1.000000000000003e+19 1.000000000000003e+19 1.000000000000003e+19 1.000000000000003e+19 1.000000000000003e+19 1.000000000000003e+19
 1.000000000000003e+19 1.000000000000003e+19 1.000000000000003e+19 1.000000000000003e+19 1.000000000000003e+19 1.000000000000003e+19 1.000000000000003e+19 1.000000000000003e+19 1.000000000000003e+19 1.000000000000003e+19
 1.000000000000003e+19 1.000000000000003e+19 1.000000000000003e+19 1.000000000000003e+19 1.000000000000003e+19 1.000000000000003e+19 1.000000000000003e+19 1.000000560000000e+19 1.000000000000003e+19 1.000000560000000e+19
 1.000000000000003e+19 1.000000560000000e+19 1.000000000000003e+19 1.000000560000000e+19 1.000000000000003e+19 1.000000000000003e+19 1.000000000000003e+19 1.000000000000003e+19 1.000000000000003e+19 1.000000000000003e+19
 1.000000000000003e+19 1.000000000000003e+19 1.000000000000003e+19 1.000000000000003e+19 1.000000000000003e+19 1.000000000000003e+19 1.000000000000003e+19 1.000000000000003e+19 1.000000000000003e+19 1.000000000000003e+19
 1.000000000000003e+19 1.000000000000003e+19 1.000000000000003e+19 1.000000000000003e+19 1.000000000000003e+19 1.000000000000003e+19 1.000000000000003e+19 1.000000000000003e+19 1.000000000000003e+19 1.000000000000003e+19
 1.000000000000003e+19 1.000000000000003e+19 1.000000000000003e+19 1.000000000000003e+19 1.000000000000003e+19 1.000000000000003e+19 1.000000000000003e+19 1.000000000000003e+19 1.000000000000003e+19 1.000000000000003e+19
 1.000000000000003e+19 1.000000000000003e+19 1.000000000000003e+19 1.000000000000003e+19 1.000000000000003e+19 1.000000560000000e+19 1.000000000000003e+19 1.000000560000000e+19 1.000000000000003e+19 1.000000560000000e+19
 1.000000000000003e+19 1.000000560000000e+19 1.000000000000003e+19 1.000000000000003e+19 1.000000000000003e+19 1.000000000000003e+19 1.000000000000003e+19 1.000000000000003e+19 1.000000000000003e+19 1.000000000000003e+19
 1.000000000000003e+19 1.000000000000003e+19 1.000000000000003e+19 1.000000000000003e+19 1.000000000000003e+19 1.000000000000003e+19 1.000000000000003e+19 1.000000000000003e+19 1.000000000000003e+19 1.000000000000003e+19
 1.000000000000003e+19 1.000000000000003e+19 1.000000000000003e+19 1.000000000000003e+19 1.000000000000003e+19 1.000000000000003e+19 1.000000000000003e+19 1.000000000000003e+19 1.000000000000003e+19 1.000000000000003e+19
 1.000000000000003e+19 1.000000000000003e+19 1.000000000000003e+19 1.000000000000003e+19 1.000000000000003e+19 1.000000000000003e+19 1.000000000000003e+19 1.000000000000003e+19 1.000000000000003e+19 1.000000000000003e+19
 1.000000000000003e+19 1.000000000000003e+19 1.000000000000003e+19 1.000000000000003e+19 1.000000000000003e+19 1.000000000000003e+19 1.000000000000003e+19 1.000000000000003e+19 1.000000000000003e+19 1.000000000000003e+19
 1.000000000000003e+19 1.000000000000003e+19 1.000000000000003e+19 1.000000000000003e+19 1.000000000000003e+19 1.000000000000003e+19 1.000000000000003e+19 1.000000000000003e+19 1.000000000000003e+19 1.000000000000003e+19
 1.000000000000003e+19 1.000000000000003e+19 1.000000000000003e+19 1.000000000000003e+19 1.000000000000003e+19 1.000000000000003e+19 1.000000000000003e+19 1.000000000000003e+19 1.000000000000003e+19 1.000000000000003e+19
 1.000000000000003e+19 1.000000000000003e+19 1.000000000000003e+19 1.000000000000003e+19 1.000000000000003e+19 1.000000000000003e+19 1.000000000000003e+19 1.000000000000003e+19 1.000000000000003e+19 1.000000000000003e+19
 1.000000000000003e+19 1.000000000000003e+19 1.000000000000003e+19 1.000000000000003e+19 1.000000000000003e+19 1.000000000000003e+19 1.000000000000003e+19 1.000000000000003e+19 1.000000000000003e+19 1.000000000000003e+19
 1.000000000000003e+19 1.000000000000003e+19 1.000000000000003e+19 1.000000000000003e+19 1.000000000000003e+19 1.000000000000003e+19 1.000000000000003e+19 1.000000000000003e+19 1.000000000000003e+19 1.000000000000003e+19
 1.000000000000003e+19 1.000000000000003e+19 1.000000000000003e+19 1.000000000000003e+19 1.000000000000003e+19 1.000000000000003e+19 1.000000000000003e+19 1.000000000000003e+19 1.000000000000003e+19 1.000000000000003e+19
 1.000000000000003e+19 1.000000000000003e+19 1.000000000000003e+19 1.000000000000003e+19 1.000000000000003e+19 1.000000000000003e+19 1.000000000000003e+19 1.000000000000003e+19 1.000000000000003e+19 1.000000000000003e+19
 1.000000000000003e+19 1.000000000000003e+19 1.000000000000003e+19 1.000000000000003e+19 1.000000000000003e+19 1.000000000000003e+19 1.000000000000003e+19 1.000000000000003e+19 1.000000000000003e+19 1.000000000000003e+19
 1.000000000000003e+19 1.000000000000003e+19 1.000000000000003e+19 1.000000000000003e+19 1.000000000000003e+19 1.000000000000003e+19 1.000000000000003e+19 1.000000000000003e+19 1.000000000000003e+19 1.000000000000003e+19
 1.000000000000003e+19 1.000000000000003e+19 1.000000000000003e+19 1.000000000000003e+19 1.000000000000003e+19 1.000000000000003e+19 1.000000000000003e+19 1.000000000000003e+19 1.000000000000003e+19 1.000000000000003e+19
 1.000000000000003e+19 1.000000000000003e+19 1.000000000000003e+19 1.000000000000003e+19 1.000000000000003e+19 1.000000000000003e+19 1.000000000000003e+19 1.000000000000003e+19 1.000000000000003e+19 1.000000000000003e+19
 1.000000000000003e+19 1.000000000000003e+19 1.000000000000003e+19 1.000000000000003e+19 1.000000000000003e+19 1.000000000000003e+19 1.000000000000003e+19 1.000000000000003e+19 1.000000000000003e+19 1.000000000000003e+19
 1.000000000000003e+19 1.000000000000003e+19 1.000000000000003e+19 1.000000000000003e+19 1.000000000000003e+19 1.000000000000003e+19 1.000000000000003e+19 1.000000000000003e+19 1.000000000000003e+19 1.000000000000003e+19
 1.000000000000003e+19 1.000000000000003e+19 1.000000000000003e+19 1.000000000000003e+19 1.000000000000003e+19 1.000000000000003e+19 1.000000000000003e+19 1.000000000000003e+19 1.000000000000003e+19 1.000000000000003e+19
 1.000000000000003e+19 1.000000000000003e+19 1.000000000000003e+19 1.000000000000003e+19 1.000000000000003e+19 1.000000000000003e+19 1.000000560000000e+19 1.000000000000003e+19 1.000000560000000e+19 1.000000000000003e+19
 1.000000560000000e+19 1.000000000000003e+19 1.000000560000000e+19 1.000000000000003e+19 1.000000000000003e+19 1.000000000000003e+19 1.000000000000003e+19 1.000000000000003e+19 1.000000000000003e+19 1.000000000000003e+19
 1.000000000000003e+19 1.000000000000003e+19 1.000000000000003e+19 1.000000000000003e+19 1.000000000000003e+19 1.000000000000003e+19 1.000000000000003e+19 1.000000000000003e+19 1.000000000000003e+19 1.000000000000003e+19
 1.000000000000003e+19 1.000000000000003e+19 1.000000000000003e+19 1.000000000000003e+19 1.000000000000003e+19 1.000000000000003e+19 1.000000000000003e+19 1.000000000000003e+19 1.000000000000003e+19 1.000000000000003e+19
 1.000000000000003e+19 1.000000000000003e+19 1.000000000000003e+19 1.000000000000003e+19 1.000000000000003e+19 1.000000000000003e+19 1.000000000000003e+19 1.000000000000003e+19 1.000000000000003e+19 1.000000000000003e+19
 1.000000000000003e+19 1.000000000000003e+19 1.000000000000003e+19 1.000000000000003e+19 1.000000560000000e+19 1.000000000000003e+19 1.000000560000000e+19 1.000000000000003e+19 1.000000560000000e+19 1.000000000000003e+19
 1.000000560000000e+19 1.000000000000003e+19 1.000000000000003e+19 1.000000000000003e+19 1.000000000000003e+19 1.000000000000003e+19 1.000000000000003e+19 1.000000000000003e+19 1.000000000000003e+19 1.000000000000003e+19
 1.000000000000003e+19 1.000000000000003e+19 1.000000000000003e+19 1.000000000000003e+19 1.000000000000003e+19 1.000000000000003e+19 1.000000000000003e+19 1.000000000000003e+19 1.000000000000003e+19 1.000000000000003e+19
 1.000000000000003e+19 1.000000000000003e+19 1.000000000000003e+19 1.000000000000003e+19 1.000000000000003e+19 1.000000000000003e+19 1.000000000000003e+19 1.000000000000003e+19 1.000000000000003e+19 1.000000000000003e+19
 1.000000000000003e+19 1.000000000000003e+19 1.000000000000003e+19 1.000000000000003e+19 1.000000000000003e+19 1.000000000000003e+19 1.000000000000003e+19 1.000000000000003e+19 1.000000000000003e+19 1.000000000000003e+19
 1.000000000000003e+19 1.000000000000003e+19 1.000000000000003e+19 1.000000000000003e+19 1.000000000000003e+19 1.000000000000003e+19 1.000000000000003e+19 1.000000000000003e+19 1.000000000000003e+19 1.000000000000003e+19
 1.000000000000003e+19 1.000000000000003e+19 1.000000000000003e+19 1.000000000000003e+19 1.000000000000003e+19 1.000000000000003e+19 1.000000000000003e+19 1.000000000000003e+19 1.000000000000003e+19 1.000000000000003e+19
 1.000000000000003e+19 1.000000000000003e+19 1.000000000000003e+19 1.000000000000003e+19 1.000000000000003e+19 1.000000000000003e+19 1.000000000000003e+19 1.000000000000003e+19 1.000000000000003e+19 1.000000000000003e+19
 1.000000000000003e+19 1.000000000000003e+19 1.000000000000003e+19 1.000000000000003e+19 1.000000000000003e+19 1.000000000000003e+19 1.000000000000003e+19 1.000000000000003e+19 1.000000000000003e+19 1.000000000000003e+19
 1.000000000000003e+19 1.000000000000003e+19 1.000000000000003e+19 1.000000000000003e+19 1.000000000000003e+19 1.000000000000003e+19 1.000000000000003e+19 1.000000000000003e+19 1.000000000000003e+19 1.000000000000003e+19
 1.000000000000003e+19 1.000000000000003e+19 1.000000000000003e+19 1.000000000000003e+19 1.000000000000003e+19 1.000000000000003e+19 1.000000000000003e+19 1.000000000000003e+19 1.000000000000003e+19 1.000000000000003e+19
 1.000000000000003e+19 1.000000000000003e+19 1.000000000000003e+19 1.000000000000003e+19 1.000000000000003e+19 1.000000000000003e+19 1.000000000000003e+19 1.000000000000003e+19 1.000000000000003e+19 1.000000000000003e+19
 1.000000000000003e+19 1.000000000000003e+19 1.000000000000003e+19 1.000000000000003e+19 1.000000560000000e+19 1.000000000000003e+19 1.000000560000000e+19 1.000000000000003e+19 1.000000560000000e+19 1.000000000000003e+19
 1.000000560000000e+19 1.000000000000003e+19 1.000000000000003e+19 1.000000000000003e+19 1.000000000000003e+19 1.000000000000003e+19 1.000000000000003e+19 1.000000000000003e+19 1.000000000000003e+19 1.000000000000003e+19
 1.000000000000003e+19 1.000000000000003e+19 1.000000000000003e+19 1.000000000000003e+19 1.000000000000003e+19 1.000000000000003e+19 1.000000000000003e+19 1.000000000000003e+19 1.000000000000003e+19 1.000000000000003e+19
 1.000000000000003e+19 1.000000000000003e+19 1.000000000000003e+19 1.000000000000003e+19 1.000000000000003e+19 1.000000000000003e+19 1.000000000000003e+19 1.000000000000003e+19 1.000000000000003e+19 1.000000000000003e+19
 1.000000000000003e+19 1.000000000000003e+19 1.000000000000003e+19 1.000000000000003e+19 1.000000000000003e+19 1.000000000000003e+19 1.000000000000003e+19 1.000000000000003e+19 1.000000000000003e+19 1.000000000000003e+19
 1.000000000000003e+19 1.000000000000003e+19 1.000000000000003e+19 1.000000000000003e+19 1.000000000000003e+19 1.000000000000003e+19 1.000000000000003e+19 1.000000000000003e+19 1.000000000000003e+19 1.000000000000003e+19
 1.000000000000003e+19 1.000000000000003e+19 1.000000000000003e+19 1.000000000000003e+19 1.000000000000003e+19 1.000000000000003e+19 1.000000000000003e+19 1.000000000000003e+19 1.000000000000003e+19 1.000000000000003e+19
 1.000000000000003e+19 1.000000000000003e+19 1.000000000000003e+19 1.000000000000003e+19 1.000000000000003e+19 1.000000000000003e+19 1.000000000000003e+19 1.000000000000003e+19 1.000000000000003e+19 1.000000000000003e+19
 1.000000000000003e+19 1.000000000000003e+19 1.000000000000003e+19 1.000000000000003e+19 1.000000000000003e+19 1.000000000000003e+19 1.000000000000003e+19 1.000000000000003e+19 1.000000560000000e+19 1.000000000000003e+19
 1.000000560000000e+19 1.000000000000003e+19 1.000000560000000e+19 1.000000000000003e+19 1.000000560000000e+19 1.000000000000003e+19 1.000000000000003e+19 1.000000000000003e+19 1.000000000000003e+19 1.000000000000003e+19
 1.000000000000003e+19 1.000000000000003e+19 1.000000000000003e+19 1.000000000000003e+19 1.000000000000003e+19 1.000000000000003e+19 1.000000000000003e+19 1.000000000000003e+19 1.000000000000003e+19 1.000000000000003e+19
 1.000000000000003e+19 1.000000000000003e+19 1.000000000000003e+19 1.000000000000003e+19 1.000000000000003e+19 1.000000000000003e+19 1.000000000000003e+19 1.000000000000003e+19 1.000000000000003e+19 1.000000000000003e+19
 1.000000000000003e+19 1.000000000000003e+19 1.000000000000003e+19 1.000000000000003e+19 1.000000000000003e+19 1.000000000000003e+19 1.000000000000003e+19 1.000000000000003e+19 1.000000000000003e+19 1.000000000000003e+19
 1.000000000000003e+19 1.000000000000003e+19 1.000000000000003e+19 1.000000000000003e+19 1.000000000000003e+19 1.000000000000003e+19 1.000000000000003e+19 1.000000000000003e+19 1.000000000000003e+19 1.000000000000003e+19
 1.000000000000003e+19 1.000000000000003e+19 1.000000000000003e+19 1.000000000000003e+19 1.000000000000003e+19 1.000000000000003e+19 1.000000000000003e+19 1.000000000000003e+19 1.000000000000003e+19 1.000000000000003e+19
 1.000000000000003e+19 1.000000000000003e+19 1.000000000000003e+19 1.000000000000003e+19 1.000000000000003e+19 1.000000000000003e+19 1.000000000000003e+19 1.000000000000003e+19 1.000000000000003e+19 1.000000000000003e+19
 1.000000000000003e+19 1.000000000000003e+19 1.000000000000003e+19 1.000000000000003e+19 1.000000000000003e+19 1.000000000000003e+19 1.000000000000003e+19 1.000000000000003e+19 1.000000000000003e+19 1.000000000000003e+19
 1.000000000000003e+19 1.000000000000003e+19 1.000000000000003e+19 1.000000000000003e+19 1.000000000000003e+19 1.000000000000003e+19 1.000000000000003e+19 1.000000000000003e+19 1.000000000000003e+19 1.000000000000003e+19
 1.000000000000003e+19 1.000000000000003e+19 1.000000000000003e+19 1.000000000000003e+19 1.000000000000003e+19 1.000000000000003e+19 1.000000000000003e+19 1.000000000000003e+19 1.000000000000003e+19 1.000000000000003e+19
 1.000000000000003e+19 1.000000000000003e+19 1.000000000000003e+19 1.000000000000003e+19 1.000000000000003e+19 1.000000000000003e+19 1.000000000000003e+19 1.000000000000003e+19 1.000000000000003e+19 1.000000000000003e+19
 1.000000000000003e+19 1.000000000000003e+19 1.000000000000003e+19 1.000000000000003e+19 1.000000000000003e+19 1.000000000000003e+19 1.000000000000003e+19 1.000000000000003e+19 1.000000000000003e+19 1.000000000000003e+19
 1.000000000000003e+19 1.000000000000003e+19 1.000000000000003e+19 1.000000000000003e+19 1.000000000000003e+19 1.000000000000003e+19 1.000000000000003e+19 1.000000000000003e+19 1.000000000000003e+19 1.000000000000003e+19
 1.000000000000003e+19 1.000000000000003e+19 1.000000000000003e+19 1.000000000000003e+19 1.000000000000003e+19 1.000000000000003e+19 1.000000000000003e+19 1.000000000000003e+19 1.000000000000003e+19 1.000000000000003e+19
 1.000000000000003e+19 1.000000000000003e+19 1.000000000000003e+19 1.000000000000003e+19 1.000000000000003e+19 1.000000000000003e+19 1.000000000000003e+19 1.000000000000003e+19 1.000000000000003e+19 1.000000000000003e+19
 1.000000000000003e+19 1.000000000000003e+19 1.000000000000003e+19 1.000000000000003e+19 1.000000000000003e+19 1.000000000000003e+19 1.000000000000003e+19 1.000000000000003e+19 1.000000000000003e+19 1.000000000000003e+19
 1.000000000000003e+19 1.000000000000003e+19 1.000000000000003e+19 1.000000000000003e+19 1.000000000000003e+19 1.000000000000003e+19 1.000000000000003e+19 1.000000000000003e+19 1.000000000000003e+19 1.000000000000003e+19
 1.000000000000003e+19 1.000000000000003e+19 1.000000000000003e+19 1.000000000000003e+19 1.000000000000003e+19 1.000000000000003e+19 1.000000000000003e+19 1.000000000000003e+19 1.000000000000003e+19 1.000000000000003e+19
 1.000000000000003e+19 1.000000000000003e+19 1.000000000000003e+19 1.000000000000003e+19 1.000000000000003e+19 1.000000000000003e+19 1.000000000000003e+19 1.000000000000003e+19 1.000000000000003e+19 1.000000000000003e+19
 1.000000000000003e+19 1.000000000000003e+19 1.000000000000003e+19 1.000000000000003e+19 1.000000000000003e+19 1.000000000000003e+19 1.000000000000003e+19 1.000000000000003e+19 1.000000000000003e+19 1.000000000000003e+19
 1.000000000000003e+19 1.000000000000003e+19 1.000000000000003e+19 1.000000000000003e+19 1.000000000000003e+19 1.000000000000003e+19 1.000000000000003e+19 1.000000000000003e+19 1.000000000000003e+19 1.000000000000003e+19
 1.000000000000003e+19 1.000000000000003e+19 1.000000000000003e+19 1.000000000000003e+19 1.000000000000003e+19 1.000000000000003e+19 1.000000000000003e+19 1.000000000000003e+19 1.000000000000003e+19 1.000000000000003e+19
 1.000000000000003e+19 1.000000000000003e+19 1.000000000000003e+19 1.000000000000003e+19 1.000000000000003e+19 1.000000000000003e+19 1.000000000000003e+19 1.000000000000003e+19 1.000000000000003e+19 1.000000000000003e+19
 1.000000000000003e+19 1.000000000000003e+19 1.000000000000003e+19 1.000000000000003e+19 1.000000000000003e+19 1.000000000000003e+19 1.000000000000003e+19 1.000000000000003e+19 1.000000000000003e+19 1.000000000000003e+19
 1.000000000000003e+19 1.000000000000003e+19 1.000000000000003e+19 1.000000000000003e+19 1.000000000000003e+19 1.000000000000003e+19 1.000000000000003e+19 1.000000000000003e+19 1.000000000000003e+19 1.000000000000003e+19
 1.000000000000003e+19 1.000000000000003e+19 1.000000000000003e+19 1.000000000000003e+19 1.000000000000003e+19 1.000000000000003e+19 1.000000000000003e+19 1.000000000000003e+19 1.000000000000003e+19 1.000000000000003e+19
 1.000000000000003e+19 1.000000000000003e+19 1.000000000000003e+19 1.000000000000003e+19 1.000000000000003e+19 1.000000000000003e+19 1.000000000000003e+19 1.000000000000003e+19 1.000000000000003e+19 1.000000000000003e+19
 1.000000000000003e+19 1.000000000000003e+19 1.000000000000003e+19 1.000000000000003e+19 1.000000000000003e+19 1.000000000000003e+19 1.000000000000003e+19 1.000000000000003e+19 1.000000000000003e+19 1.000000000000003e+19
 1.000000000000003e+19 1.000000000000003e+19 1.000000000000003e+19 1.000000000000003e+19 1.000000000000003e+19 1.000000000000003e+19 1.000000000000003e+19 1.000000000000003e+19 1.000000000000003e+19 1.000000000000003e+19
 1.000000000000003e+19 1.000000000000003e+19 1.000000000000003e+19 1.000000000000003e+19 1.000000000000003e+19 1.000000000000003e+19 1.000000000000003e+19 1.000000000000003e+19 1.000000000000003e+19 1.000000000000003e+19
 1.000000000000003e+19 1.000000000000003e+19 1.000000000000003e+19 1.000000000000003e+19 1.000000000000003e+19 1.000000000000003e+19 1.000000000000003e+19 1.000000000000003e+19 1.000000000000003e+19 1.000000000000003e+19
 1.000000000000003e+19 1.000000000000003e+19 1.000000000000003e+19 1.000000000000003e+19 1.000000000000003e+19 1.000000000000003e+19 1.000000000000003e+19 1.000000000000003e+19 1.000000000000003e+19 1.000000000000003e+19
 1.000000000000003e+19 1.000000000000003e+19 1.000000000000003e+19 1.000000000000003e+19 1.000000000000003e+19 1.000000000000003e+19 1.000000000000003e+19 1.000000000000003e+19 1.000000000000003e+19 1.000000000000003e+19
 1.000000000000003e+19 1.000000000000003e+19 1.000000000000003e+19 1.000000000000003e+19 1.000000000000003e+19 1.000000000000003e+19 1.000000000000003e+19 1.000000000000003e+19 1.000000000000003e+19 1.000000000000003e+19
 1.000000000000003e+19 1.000000000000003e+19 1.000000000000003e+19 1.000000000000003e+19 1.000000000000003e+19 1.000000000000003e+19 1.000000000000003e+19 1.000000000000003e+19 1.000000000000003e+19 1.000000000000003e+19
 1.000000000000003e+19 1.000000000000003e+19 1.000000000000003e+19 1.000000000000003e+19 1.000000000000003e+19 1.000000000000003e+19 1.000000000000003e+19 1.000000000000003e+19 1.000000000000003e+19 1.000000000000003e+19
 1.000000000000003e+19 1.000000000000003e+19 1.000000000000003e+19 1.000000000000003e+19 1.000000000000003e+19 1.000000000000003e+19 1.000000000000003e+19 1.000000000000003e+19 1.000000000000003e+19 1.000000000000003e+19
 1.000000000000003e+19 1.000000000000003e+19 1.000000000000003e+19 1.000000000000003e+19 1.000000000000003e+19 1.000000000000003e+19 1.000000000000003e+19 1.000000000000003e+19 1.000000000000003e+19 1.000000000000003e+19
 1.000000000000003e+19 1.000000000000003e+19 1.000000000000003e+19 1.000000000000003e+19 1.000000000000003e+19 1.000000000000003e+19 1.000000000000003e+19 1.000000000000003e+19 1.000000000000003e+19 1.000000000000003e+19
 1.000000000000003e+19 1.000000000000003e+19 1.000000000000003e+19 1.000000000000003e+19 1.000000000000003e+19 1.000000000000003e+19 1.000000000000003e+19 1.000000000000003e+19 1.000000000000003e+19 1.000000000000003e+19
 1.000000000000003e+19 1.000000000000003e+19 1.000000000000003e+19 1.000000000000003e+19 1.000000000000003e+19 1.000000000000003e+19 1.000000000000003e+19 1.000000000000003e+19 1.000000000000003e+19 1.000000000000003e+19
 1.000000000000003e+19 1.000000000000003e+19 1.000000000000003e+19 1.000000000000003e+19 1.000000000000003e+19 1.000000000000003e+19 1.000000000000003e+19 1.000000000000003e+19 1.000000000000003e+19 1.000000000000003e+19
 1.000000000000003e+19 1.000000000000003e+19 1.000000000000003e+19 1.000000000000003e+19 1.000000000000003e+19 1.000000000000003e+19 1.000000000000003e+19 1.000000000000003e+19 1.000000000000003e+19 1.000000000000003e+19
 1.000000000000003e+19 1.000000000000003e+19 1.000000000000003e+19 1.000000000000003e+19 1.000000000000003e+19 1.000000000000003e+19 1.000000000000003e+19 1.000000000000003e+19 1.000000000000003e+19 1.000000000000003e+19
 1.000000000000003e+19 1.000000000000003e+19 1.000000000000003e+19 1.000000000000003e+19 1.000000000000003e+19 1.000000000000003e+19 1.000000000000003e+19 1.000000000000003e+19 1.000000000000003e+19 1.000000000000003e+19
 1.000000000000003e+19 1.000000000000003e+19 1.000000000000003e+19 1.000000000000003e+19 1.000000000000003e+19 1.000000000000003e+19 1.000000000000003e+19 1.000000000000003e+19 1.000000000000003e+19 1.000000000000003e+19
 1.000000000000003e+19 1.000000000000003e+19 1.000000000000003e+19 1.000000000000003e+19 1.000000000000003e+19 1.000000000000003e+19 1.000000000000003e+19 1.000000000000003e+19 1.000000000000003e+19 1.000000000000003e+19
 1.000000000000003e+19 1.000000000000003e+19 1.000000000000003e+19 1.000000000000003e+19 1.000000000000003e+19 1.000000000000003e+19 1.000000000000003e+19 1.000000000000003e+19 1.000000000000003e+19 1.000000000000003e+19
 1.000000000000003e+19 1.000000000000003e+19 1.000000000000003e+19 1.000000000000003e+19 1.000000000000003e+19 1.000000000000003e+19 1.000000000000003e+19 1.000000000000003e+19 1.000000000000003e+19 1.000000000000003e+19
 1.000000000000003e+19 1.000000000000003e+19 1.000000000000003e+19 1.000000000000003e+19 1.000000000000003e+19 1.000000000000003e+19 1.000000000000003e+19 1.000000000000003e+19 1.000000000000003e+19 1.000000000000003e+19
 1.000000000000003e+19 1.000000000000003e+19 1.000000000000003e+19 1.000000000000003e+19 1.000000000000003e+19 1.000000000000003e+19 1.000000000000003e+19 1.000000000000003e+19 1.000000000000003e+19 1.000000000000003e+19
 1.000000000000003e+19 1.000000000000003e+19 1.000000000000003e+19 1.000000000000003e+19 1.000000000000003e+19 1.000000000000003e+19 1.000000000000003e+19 1.000000000000003e+19 1.000000000000003e+19 1.000000000000003e+19
 1.000000000000003e+19 1.000000000000003e+19 1.000000000000003e+19 1.000000000000003e+19 1.000000000000003e+19 1.000000000000003e+19 1.000000000000003e+19 1.000000000000003e+19 1.000000000000003e+19 1.000000000000003e+19
 1.000000000000003e+19 1.000000000000003e+19 1.000000000000003e+19 1.000000000000003e+19 1.000000000000003e+19 1.000000000000003e+19 1.000000000000003e+19 1.000000000000003e+19 1.000000000000003e+19 1.000000000000003e+19
 1.000000000000003e+19 1.000000000000003e+19 1.000000000000003e+19 1.000000000000003e+19 1.000000000000003e+19 1.000000000000003e+19 1.000000000000003e+19 1.000000000000003e+19 1.000000000000003e+19 1.000000000000003e+19
 1.000000000000003e+19 1.000000000000003e+19 1.000000000000003e+19 1.000000000000003e+19 1.000000000000003e+19 1.000000000000003e+19 1.000000000000003e+19 1.000000000000003e+19 1.000000000000003e+19 1.000000000000003e+19
 1.000000000000003e+19 1.000000000000003e+19 1.000000000000003e+19 1.000000000000003e+19 1.000000000000003e+19 1.000000000000003e+19 1.000000000000003e+19 1.000000000000003e+19 1.000000000000003e+19 1.000000000000003e+19
 1.000000000000003e+19 1.000000000000003e+19 1.000000000000003e+19 1.000000000000003e+19 1.000000000000003e+19 1.000000000000003e+19 1.000000000000003e+19 1.000000000000003e+19 1.000000000000003e+19 1.000000000000003e+19
 1.000000000000003e+19 1.000000000000003e+19 1.000000000000003e+19 1.000000000000003e+19 1.000000000000003e+19 1.000000000000003e+19 1.000000000000003e+19 1.000000000000003e+19 1.000000000000003e+19 1.000000000000003e+19
 1.000000000000003e+19 1.000000000000003e+19 1.000000000000003e+19 1.000000000000003e+19 1.000000000000003e+19 1.000000000000003e+19 1.000000000000003e+19 1.000000000000003e+19 1.000000000000003e+19 1.000000000000003e+19
 1.000000000000003e+19 1.000000000000003e+19 1.000000000000003e+19 1.000000000000003e+19 1.000000000000003e+19 1.000000000000003e+19 1.000000000000003e+19 1.000000000000003e+19 1.000000000000003e+19 1.000000560000000e+19
 1.000000000000003e+19 1.000000560000000e+19 1.000000000000003e+19 1.000000560000000e+19 1.000000000000003e+19 1.000000560000000e+19 1.000000000000003e+19 1.000000000000003e+19 1.000000000000003e+19 1.000000000000003e+19
 1.000000000000003e+19 1.000000000000003e+19 1.000000000000003e+19 1.000000000000003e+19 1.000000000000003e+19 1.000000000000003e+19 1.000000000000003e+19 1.000000000000003e+19 1.000000000000003e+19 1.000000000000003e+19
 1.000000000000003e+19 1.000000000000003e+19 1.000000000000003e+19 1.000000000000003e+19 1.000000000000003e+19 1.000000000000003e+19 1.000000000000003e+19 1.000000000000003e+19 1.000000000000003e+19 1.000000000000003e+19
 1.000000000000003e+19 1.000000000000003e+19 1.000000000000003e+19 1.000000000000003e+19 1.000000000000003e+19 1.000000000000003e+19 1.000000000000003e+19 1.000000000000003e+19 1.000000000000003e+19 1.000000000000003e+19
 1.000000000000003e+19 1.000000000000003e+19 1.000000000000003e+19 1.000000000000003e+19 1.000000000000003e+19 1.000000000000003e+19 1.000000000000003e+19 1.000000560000000e+19 1.000000000000003e+19 1.000000560000000e+19
 1.000000000000003e+19 1.000000560000000e+19 1.000000000000003e+19 1.000000560000000e+19 1.000000000000003e+19 1.000000000000003e+19 1.000000000000003e+19 1.000000000000003e+19 1.000000000000003e+19 1.000000000000003e+19
 1.000000000000003e+19 1.000000000000003e+19 1.000000000000003e+19 1.000000000000003e+19 1.000000000000003e+19 1.000000000000003e+19 1.000000000000003e+19 1.000000000000003e+19 1.000000000000003e+19 1.000000000000003e+19
 1.000000000000003e+19 1.000000000000003e+19 1.000000000000003e+19 1.000000000000003e+19 1.000000000000003e+19 1.000000000000003e+19 1.000000000000003e+19 1.000000000000003e+19 1.000000000000003e+19 1.000000000000003e+19
 1.000000000000003e+19 1.000000000000003e+19 1.000000000000003e+19 1.000000000000003e+19 1.000000000000003e+19 1.000000000000003e+19 1.000000000000003e+19 1.000000000000003e+19 1.000000000000003e+19 1.000000000000003e+19
 1.000000000000003e+19 1.000000000000003e+19 1.000000000000003e+19 1.000000000000003e+19 1.000000000000003e+19 1.000000000000003e+19 1.000000000000003e+19 1.000000000000003e+19 1.000000000000003e+19 1.000000000000003e+19
 1.000000000000003e+19 1.000000000000003e+19 1.000000000000003e+19 1.000000000000003e+19 1.000000000000003e+19 1.000000000000003e+19 1.000000000000003e+19 1.000000000000003e+19 1.000000000000003e+19 1.000000000000003e+19
 1.000000000000003e+19 1.000000000000003e+19 1.000000000000003e+19 1.000000000000003e+19 1.000000000000003e+19 1.000000000000003e+19 1.000000000000003e+19 1.000000000000003e+19 1.000000000000003e+19 1.000000000000003e+19
 1.000000000000003e+19 1.000000000000003e+19 1.000000000000003e+19 1.000000000000003e+19 1.000000000000003e+19 1.000000000000003e+19 1.000000000000003e+19 1.000000000000003e+19 1.000000000000003e+19 1.000000000000003e+19
 1.000000000000003e+19 1.000000000000003e+19 1.000000000000003e+19 1.000000000000003e+19 1.000000000000003e+19 1.000000000000003e+19 1.000000000000003e+19 1.000000000000003e+19 1.000000000000003e+19 1.000000000000003e+19
 1.000000000000003e+19 1.000000000000003e+19 1.000000000000003e+19 1.000000000000003e+19 1.000000000000003e+19 1.000000000000003e+19 1.000000000000003e+19 1.000000000000003e+19 1.000000000000003e+19 1.000000000000003e+19
 1.000000000000003e+19 1.000000000000003e+19 1.000000000000003e+19 1.000000000000003e+19 1.000000000000003e+19 1.000000000000003e+19 1.000000000000003e+19 1.000000000000003e+19 1.000000000000003e+19 1.000000000000003e+19
 1.000000000000003e+19 1.000000000000003e+19 1.000000000000003e+19 1.000000000000003e+19 1.000000000000003e+19 1.000000000000003e+19 1.000000000000003e+19 1.000000560000000e+19 1.000000000000003e+19 1.000000560000000e+19
 1.000000000000003e+19 1.000000560000000e+19 1.000000000000003e+19 1.000000560000000e+19 1.000000000000003e+19 1.000000000000003e+19 1.000000000000003e+19 1.000000000000003e+19 1.000000000000003e+19 1.000000000000003e+19
 1.000000000000003e+19 1.000000000000003e+19 1.000000000000003e+19 1.000000000000003e+19 1.000000000000003e+19 1.000000000000003e+19 1.000000000000003e+19 1.000000000000003e+19 1.000000000000003e+19 1.000000000000003e+19
 1.000000000000003e+19 1.000000000000003e+19 1.000000000000003e+19 1.000000000000003e+19 1.000000000000003e+19 1.000000000000003e+19 1.000000000000003e+19 1.000000000000003e+19 1.000000000000003e+19 1.000000000000003e+19
 1.000000000000003e+19 1.000000000000003e+19 1.000000000000003e+19 1.000000000000003e+19 1.000000000000003e+19 1.000000000000003e+19 1.000000000000003e+19 1.000000000000003e+19 1.000000000000003e+19 1.000000000000003e+19
 1.000000000000003e+19 1.000000000000003e+19 1.000000000000003e+19 1.000000000000003e+19 1.000000000000003e+19 1.000000000000003e+19 1.000000000000003e+19 1.000000000000003e+19 1.000000000000003e+19 1.000000000000003e+19
 1.000000000000003e+19 1.000000000000003e+19 1.000000000000003e+19 1.000000000000003e+19 1.000000000000003e+19 1.000000000000003e+19 1.000000000000003e+19 1.000000000000003e+19 1.000000000000003e+19 1.000000000000003e+19
 1.000000000000003e+19 1.000000000000003e+19 1.000000000000003e+19 1.000000000000003e+19 1.000000000000003e+19 1.000000000000003e+19 1.000000000000003e+19 1.000000000000003e+19 1.000000000000003e+19 1.000000000000003e+19
 1.000000000000003e+19 1.000000000000003e+19 1.000000000000003e+19 1.000000000000003e+19 1.000000000000003e+19 1.000000000000003e+19 1.000000000000003e+19 1.000000000000003e+19 1.000000000000003e+19 1.000000000000003e+19
 1.000000000000003e+19 1.000000560000000e+19 1.000000000000003e+19 1.000000560000000e+19 1.000000000000003e+19 1.000000560000000e+19 1.000000000000003e+19 1.000000560000000e+19 1.000000000000003e+19 1.000000000000003e+19
 1.000000000000003e+19 1.000000000000003e+19 1.000000000000003e+19 1.000000000000003e+19 1.000000000000003e+19 1.000000000000003e+19 1.000000000000003e+19 1.000000000000003e+19 1.000000000000003e+19 1.000000000000003e+19
 1.000000000000003e+19 1.000000000000003e+19 1.000000000000003e+19 1.000000000000003e+19 1.000000000000003e+19 1.000000000000003e+19 1.000000000000003e+19 1.000000000000003e+19 1.000000000000003e+19 1.000000000000003e+19
 1.000000000000003e+19 1.000000000000003e+19 1.000000000000003e+19 1.000000000000003e+19 1.000000000000003e+19 1.000000000000003e+19 1.000000000000003e+19 1.000000000000003e+19 1.000000000000003e+19 1.000000000000003e+19
 1.000000000000003e+19 1.000000000000003e+19 1.000000000000003e+19 1.000000000000003e+19 1.000000000000003e+19 1.000000000000003e+19 1.000000000000003e+19 1.000000000000003e+19 1.000000000000003e+19 1.000000000000003e+19
 1.000000000000003e+19 1.000000000000003e+19 1.000000000000003e+19 1.000000000000003e+19 1.000000000000003e+19 1.000000000000003e+19 1.000000000000003e+19 1.000000000000003e+19 1.000000000000003e+19 1.000000000000003e+19
 1.000000000000003e+19 1.000000000000003e+19 1.000000000000003e+19 1.000000000000003e+19 1.000000000000003e+19 1.000000000000003e+19 1.000000000000003e+19 1.000000000000003e+19 1.000000000000003e+19 1.000000000000003e+19
 1.000000000000003e+19 1.000000000000003e+19 1.000000000000003e+19 1.000000000000003e+19 1.000000000000003e+19 1.000000000000003e+19 1.000000000000003e+19 1.000000000000003e+19 1.000000000000003e+19 1.000000000000003e+19
 1.000000000000003e+19 1.000000000000003e+19 1.000000000000003e+19 1.000000000000003e+19 1.000000000000003e+19 1.000000000000003e+19 1.000000000000003e+19 1.000000000000003e+19 1.000000000000003e+19 1.000000000000003e+19
 1.000000000000003e+19 1.000000000000003e+19 1.000000000000003e+19 1.000000000000003e+19 1.000000000000003e+19 1.000000000000003e+19 1.000000000000003e+19 1.000000000000003e+19 1.000000000000003e+19 1.000000000000003e+19
 1.000000000000003e+19 1.000000000000003e+19 1.000000000000003e+19 1.000000000000003e+19 1.000000000000003e+19 1.000000000000003e+19 1.000000000000003e+19 1.000000000000003e+19 1.000000000000003e+19 1.000000000000003e+19
 1.000000000000003e+19 1.000000000000003e+19 1.000000000000003e+19 1.000000000000003e+19 1.000000000000003e+19 1.000000000000003e+19 1.000000000000003e+19 1.000000000000003e+19 1.000000000000003e+19 1.000000000000003e+19
 1.000000000000003e+19 1.000000000000003e+19 1.000000000000003e+19 1.000000000000003e+19 1.000000000000003e+19 1.000000000000003e+19 1.000000000000003e+19 1.000000000000003e+19 1.000000000000003e+19 1.000000000000003e+19
 1.000000000000003e+19 1.000000000000003e+19 1.000000000000003e+19 1.000000000000003e+19 1.000000000000003e+19 1.000000000000003e+19 1.000000000000003e+19 1.000000000000003e+19 1.000000000000003e+19 1.000000000000003e+19
 1.000000000000003e+19 1.000000000000003e+19 1.000000000000003e+19 1.000000000000003e+19 1.000000000000003e+19 1.000000000000003e+19 1.000000000000003e+19 1.000000000000003e+19 1.000000000000003e+19 1.000000000000003e+19
 1.000000000000003e+19 1.000000000000003e+19 1.000000000000003e+19 1.000000000000003e+19 1.000000000000003e+19 1.000000000000003e+19 1.000000000000003e+19 1.000000000000003e+19 1.000000000000003e+19 1.000000000000003e+19
 1.000000000000003e+19 1.000000000000003e+19 1.000000000000003e+19 1.000000000000003e+19 1.000000000000003e+19 1.000000000000003e+19 1.000000000000003e+19 1.000000000000003e+19 1.000000000000003e+19 1.000000000000003e+19
 1.000000000000003e+19 1.000000000000003e+19 1.000000000000003e+19 1.000000000000003e+19 1.000000000000003e+19 1.000000000000003e+19 1.000000000000003e+19 1.000000000000003e+19 1.000000000000003e+19 1.000000000000003e+19
 1.000000000000003e+19 1.000000000000003e+19 1.000000000000003e+19 1.000000000000003e+19 1.000000000000003e+19 1.000000000000003e+19 1.000000000000003e+19 1.000000000000003e+19 1.000000000000003e+19 1.000000000000003e+19
 1.000000000000003e+19 1.000000000000003e+19 1.000000000000003e+19 1.000000000000003e+19 1.000000000000003e+19 1.000000000000003e+19 1.000000000000003e+19 1.000000000000003e+19 1.000000000000003e+19 1.000000000000003e+19
 1.000000000000003e+19 1.000000000000003e+19 1.000000000000003e+19 1.000000000000003e+19 1.000000000000003e+19 1.000000000000003e+19 1.000000000000003e+19 1.000000000000003e+19 1.000000000000003e+19 1.000000000000003e+19
 1.000000000000003e+19 1.000000000000003e+19 1.000000000000003e+19 1.000000000000003e+19 1.000000000000003e+19 1.000000000000003e+19 1.000000000000003e+19 1.000000000000003e+19 1.000000000000003e+19 1.000000000000003e+19
 1.000000000000003e+19 1.000000000000003e+19 1.000000000000003e+19 1.000000000000003e+19 1.000000000000003e+19 1.000000000000003e+19 1.000000000000003e+19 1.000000000000003e+19 1.000000000000003e+19 1.000000000000003e+19
 1.000000000000003e+19 1.000000000000003e+19 1.000000000000003e+19 1.000000000000003e+19 1.000000000000003e+19 1.000000000000003e+19 1.000000000000003e+19 1.000000000000003e+19 1.000000000000003e+19 1.000000000000003e+19
 1.000000000000003e+19 1.000000000000003e+19 1.000000000000003e+19 1.000000000000003e+19 1.000000000000003e+19 1.000000000000003e+19 1.000000000000003e+19 1.000000000000003e+19 1.000000000000003e+19 1.000000000000003e+19
 1.000000000000003e+19 1.000000000000003e+19 1.000000000000003e+19 1.000000000000003e+19 1.000000000000003e+19 1.000000000000003e+19 1.000000000000003e+19 1.000000000000003e+19 1.000000000000003e+19 1.000000000000003e+19
 1.000000000000003e+19 1.000000000000003e+19 1.000000000000003e+19 1.000000000000003e+19 1.000000000000003e+19 1.000000000000003e+19 1.000000000000003e+19 1.000000000000003e+19 1.000000000000003e+19 1.000000000000003e+19
 1.000000000000003e+19 1.000000000000003e+19 1.000000000000003e+19 1.000000000000003e+19 1.000000000000003e+19 1.000000000000003e+19 1.000000000000003e+19 1.000000000000003e+19 1.000000000000003e+19 1.000000000000003e+19
 1.000000000000003e+19 1.000000000000003e+19 1.000000000000003e+19 1.000000000000003e+19 1.000000000000003e+19 1.000000000000003e+19 1.000000000000003e+19 1.000000000000003e+19 1.000000000000003e+19 1.000000000000003e+19
 1.000000000000003e+19 1.000000000000003e+19 1.000000000000003e+19 1.000000000000003e+19 1.000000000000003e+19 1.000000000000003e+19 1.000000000000003e+19 1.000000000000003e+19 1.000000000000003e+19 1.000000000000003e+19
 1.000000000000003e+19 1.000000000000003e+19 1.000000000000003e+19 1.000000000000003e+19 1.000000000000003e+19 1.000000000000003e+19 1.000000000000003e+19 1.000000000000003e+19 1.000000000000003e+19 1.000000000000003e+19
 1.000000000000003e+19 1.000000000000003e+19 1.000000000000003e+19 1.000000000000003e+19 1.000000000000003e+19 1.000000000000003e+19 1.000000000000003e+19 1.000000000000003e+19 1.000000000000003e+19 1.000000000000003e+19
 1.000000000000003e+19 1.000000000000003e+19 1.000000000000003e+19 1.000000000000003e+19 1.000000000000003e+19 1.000000000000003e+19 1.000000000000003e+19 1.000000000000003e+19 1.000000000000003e+19 1.000000000000003e+19
 1.000000000000003e+19 1.000000000000003e+19 1.000000000000003e+19 1.000000000000003e+19 1.000000000000003e+19 1.000000000000003e+19 1.000000000000003e+19 1.000000000000003e+19 1.000000000000003e+19 1.000000000000003e+19
 1.000000000000003e+19 1.000000560000000e+19 1.000000000000003e+19 1.000000560000000e+19 1.000000000000003e+19 1.000000560000000e+19 1.000000000000003e+19 1.000000560000000e+19 1.000000000000003e+19 1.000000000000003e+19
 1.000000000000003e+19 1.000000000000003e+19 1.000000000000003e+19 1.000000000000003e+19 1.000000000000003e+19 1.000000000000003e+19 1.000000000000003e+19 1.000000000000003e+19 1.000000000000003e+19 1.000000000000003e+19
 1.000000000000003e+19 1.000000000000003e+19 1.000000000000003e+19 1.000000000000003e+19 1.000000000000003e+19 1.000000000000003e+19 1.000000000000003e+19 1.000000000000003e+19 1.000000000000003e+19 1.000000000000003e+19
 1.000000000000003e+19 1.000000000000003e+19 1.000000000000003e+19 1.000000000000003e+19 1.000000000000003e+19 1.000000000000003e+19 1.000000000000003e+19 1.000000000000003e+19 1.000000000000003e+19 1.000000000000003e+19
 1.000000000000003e+19 1.000000000000003e+19 1.000000000000003e+19 1.000000000000003e+19 1.000000000000003e+19 1.000000000000003e+19 1.000000000000003e+19 1.000000000000003e+19 1.000000000000003e+19 1.000000000000003e+19
 1.000000000000003e+19 1.000000000000003e+19 1.000000000000003e+19 1.000000000000003e+19 1.000000000000003e+19 1.000000000000003e+19 1.000000000000003e+19 1.000000000000003e+19 1.000000000000003e+19 1.000000000000003e+19
 1.000000000000003e+19 1.000000000000003e+19 1.000000000000003e+19 1.000000000000003e+19 1.000000000000003e+19 1.000000000000003e+19 1.000000000000003e+19 1.000000000000003e+19 1.000000000000003e+19 1.000000000000003e+19
 1.000000000000003e+19 1.000000000000003e+19 1.000000000000003e+19 1.000000000000003e+19 1.000000000000003e+19 1.000000000000003e+19 1.000000000000003e+19 1.000000000000003e+19 1.000000000000003e+19 1.000000000000003e+19
 1.000000000000003e+19 1.000000000000003e+19 1.000000000000003e+19 1.000000000000003e+19 1.000000000000003e+19 1.000000560000000e+19 1.000000000000003e+19 1.000000560000000e+19 1.000000000000003e+19 1.000000560000000e+19
 1.000000000000003e+19 1.000000560000000e+19 1.000000000000003e+19 1.000000000000003e+19 1.000000000000003e+19 1.000000000000003e+19 1.000000000000003e+19 1.000000000000003e+19 1.000000000000003e+19 1.000000000000003e+19
 1.000000000000003e+19 1.000000000000003e+19 1.000000000000003e+19 1.000000000000003e+19 1.000000000000003e+19 1.000000000000003e+19 1.000000000000003e+19 1.000000000000003e+19 1.000000000000003e+19 1.000000000000003e+19
 1.000000000000003e+19 1.000000000000003e+19 1.000000000000003e+19 1.000000000000003e+19 1.000000000000003e+19 1.000000000000003e+19 1.000000000000003e+19 1.000000000000003e+19 1.000000000000003e+19 1.000000000000003e+19
 1.000000000000003e+19 1.000000000000003e+19 1.000000000000003e+19 1.000000000000003e+19 1.000000000000003e+19 1.000000000000003e+19 1.000000000000003e+19 1.000000000000003e+19 1.000000000000003e+19 1.000000000000003e+19
 1.000000000000003e+19 1.000000000000003e+19 1.000000000000003e+19 1.000000000000003e+19 1.000000000000003e+19 1.000000000000003e+19 1.000000000000003e+19 1.000000000000003e+19 1.000000000000003e+19 1.000000000000003e+19
 1.000000000000003e+19 1.000000000000003e+19 1.000000000000003e+19 1.000000000000003e+19 1.000000000000003e+19 1.000000000000003e+19 1.000000000000003e+19 1.000000000000003e+19 1.000000000000003e+19 1.000000000000003e+19
 1.000000000000003e+19 1.000000000000003e+19 1.000000000000003e+19 1.000000000000003e+19 1.000000000000003e+19 1.000000000000003e+19 1.000000000000003e+19 1.000000000000003e+19 1.000000000000003e+19 1.000000000000003e+19
 1.000000000000003e+19 1.000000000000003e+19 1.000000000000003e+19 1.000000000000003e+19 1.000000000000003e+19 1.000000000000003e+19 1.000000000000003e+19 1.000000000000003e+19 1.000000000000003e+19 1.000000000000003e+19
 1.000000000000003e+19 1.000000000000003e+19 1.000000000000003e+19 1.000000000000003e+19 1.000000000000003e+19 1.000000000000003e+19 1.000000000000003e+19 1.000000000000003e+19 1.000000000000003e+19 1.000000000000003e+19
 1.000000000000003e+19 1.000000000000003e+19 1.000000000000003e+19 1.000000000000003e+19 1.000000000000003e+19 1.000000000000003e+19 1.000000000000003e+19 1.000000000000003e+19 1.000000000000003e+19 1.000000000000003e+19
 1.000000000000003e+19 1.000000000000003e+19 1.000000000000003e+19 1.000000000000003e+19 1.000000000000003e+19 1.000000000000003e+19 1.000000000000003e+19 1.000000000000003e+19 1.000000000000003e+19 1.000000000000003e+19
 1.000000000000003e+19 1.000000000000003e+19 1.000000000000003e+19 1.000000000000003e+19 1.000000000000003e+19 1.000000000000003e+19 1.000000000000003e+19 1.000000000000003e+19 1.000000000000003e+19 1.000000000000003e+19
 1.000000000000003e+19 1.000000000000003e+19 1.000000000000003e+19 1.000000000000003e+19 1.000000000000003e+19 1.000000000000003e+19 1.000000000000003e+19 1.000000000000003e+19 1.000000000000003e+19 1.000000000000003e+19
 1.000000000000003e+19 1.000000000000003e+19 1.000000000000003e+19 1.000000000000003e+19 1.000000000000003e+19 1.000000000000003e+19 1.000000000000003e+19 1.000000000000003e+19 1.000000000000003e+19 1.000000000000003e+19
 1.000000000000003e+19 1.000000000000003e+19 1.000000000000003e+19 1.000000000000003e+19 1.000000000000003e+19 1.000000000000003e+19 1.000000000000003e+19 1.000000000000003e+19 1.000000000000003e+19 1.000000000000003e+19
 1.000000000000003e+19 1.000000000000003e+19 1.000000000000003e+19 1.000000000000003e+19 1.000000000000003e+19 1.000000000000003e+19 1.000000000000003e+19 1.000000000000003e+19 1.000000000000003e+19 1.000000000000003e+19
 1.000000000000003e+19 1.000000000000003e+19 1.000000000000003e+19 1.000000000000003e+19 1.000000000000003e+19 1.000000000000003e+19 1.000000000000003e+19 1.000000000000003e+19 1.000000000000003e+19 1.000000000000003e+19
 1.000000000000003e+19 1.000000000000003e+19 1.000000000000003e+19 1.000000000000003e+19 1.000000000000003e+19 1.000000000000003e+19 1.000000000000003e+19 1.000000000000003e+19 1.000000000000003e+19 1.000000000000003e+19
 1.000000000000003e+19 1.000000000000003e+19 1.000000000000003e+19 1.000000000000003e+19 1.000000000000003e+19 1.000000000000003e+19 1.000000000000003e+19 1.000000000000003e+19 1.000000000000003e+19 1.000000000000003e+19
 1.000000000000003e+19 1.000000000000003e+19 1.000000000000003e+19 1.000000000000003e+19 1.000000000000003e+19 1.000000000000003e+19 1.000000000000003e+19 1.000000000000003e+19 1.000000000000003e+19 1.000000000000003e+19
 1.000000000000003e+19 1.000000000000003e+19 1.000000000000003e+19 1.000000000000003e+19 1.000000000000003e+19 1.000000000000003e+19 1.000000000000003e+19 1.000000560000000e+19 1.000000000000003e+19 1.000000560000000e+19
 1.000000000000003e+19 1.000000560000000e+19 1.000000000000003e+19 1.000000560000000e+19 1.000000000000003e+19 1.000000000000003e+19 1.000000000000003e+19 1.000000000000003e+19 1.000000000000003e+19 1.000000000000003e+19
 1.000000000000003e+19 1.000000000000003e+19 1.000000000000003e+19 1.000000000000003e+19 1.000000000000003e+19 1.000000000000003e+19 1.000000000000003e+19 1.000000000000003e+19 1.000000000000003e+19 1.000000000000003e+19
 1.000000000000003e+19 1.000000000000003e+19 1.000000000000003e+19 1.000000000000003e+19 1.000000000000003e+19 1.000000000000003e+19 1.000000000000003e+19 1.000000000000003e+19 1.000000000000003e+19 1.000000000000003e+19
 1.000000000000003e+19 1.000000000000003e+19 1.000000000000003e+19 1.000000000000003e+19 1.000000000000003e+19 1.000000000000003e+19 1.000000000000003e+19 1.000000000000003e+19 1.000000000000003e+19 1.000000000000003e+19
 1.000000000000003e+19 1.000000000000003e+19 1.000000000000003e+19 1.000000000000003e+19 1.000000000000003e+19 1.000000000000003e+19 1.000000000000003e+19 1.000000000000003e+19 1.000000000000003e+19 1.000000000000003e+19
 1.000000000000003e+19 1.000000000000003e+19 1.000000000000003e+19 1.000000000000003e+19 1.000000000000003e+19 1.000000000000003e+19 1.000000000000003e+19 1.000000000000003e+19 1.000000000000003e+19 1.000000000000003e+19
 1.000000000000003e+19 1.000000000000003e+19 1.000000000000003e+19 1.000000000000003e+19 1.000000000000003e+19 1.000000000000003e+19 1.000000000000003e+19 1.000000000000003e+19 1.000000000000003e+19 1.000000000000003e+19
 1.000000000000003e+19 1.000000000000003e+19 1.000000000000003e+19 1.000000000000003e+19 1.000000000000003e+19 1.000000000000003e+19 1.000000000000003e+19 1.000000000000003e+19 1.000000000000003e+19 1.000000000000003e+19
 1.000000000000003e+19 1.000000000000003e+19 1.000000000000003e+19 1.000000000000003e+19 1.000000000000003e+19 1.000000000000003e+19 1.000000000000003e+19 1.000000000000003e+19 1.000000000000003e+19 1.000000000000003e+19
 1.000000000000003e+19 1.000000000000003e+19 1.000000000000003e+19 1.000000000000003e+19 1.000000000000003e+19 1.000000000000003e+19 1.000000000000003e+19 1.000000000000003e+19 1.000000000000003e+19 1.000000000000003e+19
 1.000000000000003e+19 1.000000000000003e+19 1.000000000000003e+19 1.000000000000003e+19 1.000000000000003e+19 1.000000000000003e+19 1.000000000000003e+19 1.000000000000003e+19 1.000000000000003e+19 1.000000000000003e+19
 1.000000000000003e+19 1.000000000000003e+19 1.000000000000003e+19 1.000000000000003e+19 1.000000000000003e+19 1.000000000000003e+19 1.000000000000003e+19 1.000000000000003e+19 1.000000000000003e+19 1.000000000000003e+19
 1.000000000000003e+19 1.000000000000003e+19 1.000000000000003e+19 1.000000000000003e+19 1.000000000000003e+19 1.000000000000003e+19 1.000000000000003e+19 1.000000000000003e+19 1.000000000000003e+19 1.000000000000003e+19
 1.000000000000003e+19 1.000000000000003e+19 1.000000000000003e+19 1.000000000000003e+19 1.000000000000003e+19 1.000000000000003e+19 1.000000000000003e+19 1.000000000000003e+19 1.000000000000003e+19 1.000000000000003e+19
 1.000000000000003e+19 1.000000000000003e+19 1.000000000000003e+19 1.000000000000003e+19 1.000000000000003e+19 1.000000560000000e+19 1.000000000000003e+19 1.000000560000000e+19 1.000000000000003e+19 1.000000000000003e+19
 1.000000000000003e+19 1.000000000000003e+19 1.000000000000003e+19 1.000000000000003e+19 1.000000000000003e+19 1.000000000000003e+19 1.000000000000003e+19 1.000000000000003e+19 1.000000000000003e+19 1.000000000000003e+19
 1.000000000000003e+19 1.000000000000003e+19 1.000000000000003e+19 1.000000000000003e+19 1.000000000000003e+19 1.000000000000003e+19 1.000000000000003e+19 1.000000000000003e+19 1.000000000000003e+19 1.000000000000003e+19
 1.000000000000003e+19 1.000000000000003e+19 1.000000000000003e+19 1.000000000000003e+19 1.000000000000003e+19 1.000000000000003e+19 1.000000000000003e+19 1.000000000000003e+19 1.000000000000003e+19 1.000000000000003e+19
 1.000000000000003e+19 1.000000000000003e+19 1.000000000000003e+19 1.000000000000003e+19 1.000000000000003e+19 1.000000000000003e+19 1.000000000000003e+19 1.000000000000003e+19 1.000000000000003e+19 1.000000000000003e+19
 1.000000000000003e+19 1.000000000000003e+19 1.000000000000003e+19 1.000000000000003e+19 1.000000000000003e+19 1.000000000000003e+19 1.000000000000003e+19 1.000000000000003e+19 1.000000000000003e+19 1.000000000000003e+19
 1.000000000000003e+19 1.000000000000003e+19 1.000000000000003e+19 1.000000000000003e+19 1.000000000000003e+19 1.000000000000003e+19 1.000000000000003e+19 1.000000000000003e+19 1.000000000000003e+19 1.000000000000003e+19
 1.000000000000003e+19 1.000000000000003e+19 1.000000000000003e+19 1.000000000000003e+19 1.000000000000003e+19 1.000000000000003e+19 1.000000000000003e+19 1.000000000000003e+19 1.000000000000003e+19 1.000000560000000e+19
 1.000000000000003e+19 1.000000000000003e+19 1.000000000000003e+19 1.000000000000003e+19 1.000000000000003e+19 1.000000000000003e+19 1.000000000000003e+19 1.000000000000003e+19 1.000000000000003e+19 1.000000000000003e+19
 1.000000000000003e+19 1.000000000000003e+19 1.000000000000003e+19 1.000000000000003e+19 1.000000000000003e+19 1.000000000000003e+19 1.000000000000003e+19 1.000000000000003e+19 1.000000000000003e+19 1.000000000000003e+19
 1.000000000000003e+19 1.000000000000003e+19 1.000000000000003e+19 1.000000000000003e+19 1.000000000000003e+19 1.000000000000003e+19 1.000000000000003e+19 1.000000000000003e+19 1.000000000000003e+19 1.000000000000003e+19
 1.000000000000003e+19 1.000000000000003e+19 1.000000000000003e+19 1.000000000000003e+19 1.000000000000003e+19 1.000000000000003e+19 1.000000000000003e+19 1.000000000000003e+19 1.000000000000003e+19 1.000000000000003e+19
 1.000000000000003e+19 1.000000000000003e+19 1.000000000000003e+19 1.000000000000003e+19 1.000000000000003e+19 1.000000000000003e+19 1.000000000000003e+19 1.000000000000003e+19 1.000000000000003e+19 1.000000000000003e+19
 1.000000000000003e+19 1.000000000000003e+19 1.000000000000003e+19 1.000000000000003e+19 1.000000000000003e+19 1.000000000000003e+19 1.000000000000003e+19 1.000000000000003e+19 1.000000000000003e+19 1.000000000000003e+19
 1.000000000000003e+19 1.000000000000003e+19 1.000000000000003e+19 1.000000000000003e+19 1.000000000000003e+19 1.000000000000003e+19 1.000000000000003e+19 1.000000000000003e+19 1.000000000000003e+19 1.000000000000003e+19
 1.000000000000003e+19 1.000000560000000e+19 1.000000560000000e+19 1.000000000000003e+19 1.000000000000003e+19
    }
  }

  Dataset ("PMIUserField0") {
    function  = PMIUserField0
    type      = scalar
    dimension = 1
    location  = vertex
    validity  = [ "n_plus" ]
    Values (2405) {
 0.000000000000000e+00 0.000000000000000e+00 0.000000000000000e+00 0.000000000000000e+00 0.000000000000000e+00 0.000000000000000e+00 0.000000000000000e+00 0.000000000000000e+00 0.000000000000000e+00 0.000000000000000e+00
 0.000000000000000e+00 0.000000000000000e+00 0.000000000000000e+00 0.000000000000000e+00 0.000000000000000e+00 0.000000000000000e+00 0.000000000000000e+00 0.000000000000000e+00 0.000000000000000e+00 0.000000000000000e+00
 0.000000000000000e+00 0.000000000000000e+00 0.000000000000000e+00 0.000000000000000e+00 0.000000000000000e+00 0.000000000000000e+00 0.000000000000000e+00 0.000000000000000e+00 0.000000000000000e+00 0.000000000000000e+00
 0.000000000000000e+00 0.000000000000000e+00 0.000000000000000e+00 0.000000000000000e+00 0.000000000000000e+00 0.000000000000000e+00 0.000000000000000e+00 0.000000000000000e+00 0.000000000000000e+00 0.000000000000000e+00
 0.000000000000000e+00 0.000000000000000e+00 0.000000000000000e+00 0.000000000000000e+00 0.000000000000000e+00 0.000000000000000e+00 0.000000000000000e+00 0.000000000000000e+00 0.000000000000000e+00 0.000000000000000e+00
 0.000000000000000e+00 0.000000000000000e+00 0.000000000000000e+00 0.000000000000000e+00 0.000000000000000e+00 0.000000000000000e+00 0.000000000000000e+00 0.000000000000000e+00 0.000000000000000e+00 0.000000000000000e+00
 0.000000000000000e+00 0.000000000000000e+00 0.000000000000000e+00 0.000000000000000e+00 0.000000000000000e+00 0.000000000000000e+00 0.000000000000000e+00 0.000000000000000e+00 0.000000000000000e+00 0.000000000000000e+00
 0.000000000000000e+00 0.000000000000000e+00 0.000000000000000e+00 0.000000000000000e+00 0.000000000000000e+00 0.000000000000000e+00 0.000000000000000e+00 0.000000000000000e+00 0.000000000000000e+00 0.000000000000000e+00
 0.000000000000000e+00 0.000000000000000e+00 0.000000000000000e+00 0.000000000000000e+00 0.000000000000000e+00 0.000000000000000e+00 0.000000000000000e+00 0.000000000000000e+00 0.000000000000000e+00 0.000000000000000e+00
 0.000000000000000e+00 0.000000000000000e+00 0.000000000000000e+00 0.000000000000000e+00 0.000000000000000e+00 0.000000000000000e+00 0.000000000000000e+00 0.000000000000000e+00 0.000000000000000e+00 0.000000000000000e+00
 0.000000000000000e+00 0.000000000000000e+00 0.000000000000000e+00 0.000000000000000e+00 0.000000000000000e+00 0.000000000000000e+00 0.000000000000000e+00 0.000000000000000e+00 0.000000000000000e+00 0.000000000000000e+00
 0.000000000000000e+00 0.000000000000000e+00 0.000000000000000e+00 0.000000000000000e+00 0.000000000000000e+00 0.000000000000000e+00 0.000000000000000e+00 0.000000000000000e+00 0.000000000000000e+00 0.000000000000000e+00
 0.000000000000000e+00 0.000000000000000e+00 0.000000000000000e+00 0.000000000000000e+00 0.000000000000000e+00 0.000000000000000e+00 0.000000000000000e+00 0.000000000000000e+00 0.000000000000000e+00 0.000000000000000e+00
 0.000000000000000e+00 0.000000000000000e+00 0.000000000000000e+00 0.000000000000000e+00 0.000000000000000e+00 0.000000000000000e+00 0.000000000000000e+00 0.000000000000000e+00 0.000000000000000e+00 0.000000000000000e+00
 0.000000000000000e+00 0.000000000000000e+00 0.000000000000000e+00 0.000000000000000e+00 0.000000000000000e+00 0.000000000000000e+00 0.000000000000000e+00 0.000000000000000e+00 0.000000000000000e+00 0.000000000000000e+00
 0.000000000000000e+00 0.000000000000000e+00 0.000000000000000e+00 0.000000000000000e+00 0.000000000000000e+00 0.000000000000000e+00 0.000000000000000e+00 0.000000000000000e+00 0.000000000000000e+00 0.000000000000000e+00
 0.000000000000000e+00 0.000000000000000e+00 0.000000000000000e+00 0.000000000000000e+00 0.000000000000000e+00 0.000000000000000e+00 0.000000000000000e+00 0.000000000000000e+00 0.000000000000000e+00 0.000000000000000e+00
 0.000000000000000e+00 0.000000000000000e+00 0.000000000000000e+00 0.000000000000000e+00 0.000000000000000e+00 0.000000000000000e+00 0.000000000000000e+00 0.000000000000000e+00 0.000000000000000e+00 0.000000000000000e+00
 0.000000000000000e+00 0.000000000000000e+00 0.000000000000000e+00 0.000000000000000e+00 0.000000000000000e+00 0.000000000000000e+00 0.000000000000000e+00 0.000000000000000e+00 0.000000000000000e+00 0.000000000000000e+00
 0.000000000000000e+00 0.000000000000000e+00 0.000000000000000e+00 0.000000000000000e+00 0.000000000000000e+00 0.000000000000000e+00 0.000000000000000e+00 0.000000000000000e+00 0.000000000000000e+00 0.000000000000000e+00
 0.000000000000000e+00 0.000000000000000e+00 0.000000000000000e+00 0.000000000000000e+00 0.000000000000000e+00 0.000000000000000e+00 0.000000000000000e+00 0.000000000000000e+00 0.000000000000000e+00 0.000000000000000e+00
 0.000000000000000e+00 0.000000000000000e+00 0.000000000000000e+00 0.000000000000000e+00 0.000000000000000e+00 0.000000000000000e+00 0.000000000000000e+00 0.000000000000000e+00 0.000000000000000e+00 0.000000000000000e+00
 0.000000000000000e+00 0.000000000000000e+00 0.000000000000000e+00 0.000000000000000e+00 0.000000000000000e+00 0.000000000000000e+00 0.000000000000000e+00 0.000000000000000e+00 0.000000000000000e+00 0.000000000000000e+00
 0.000000000000000e+00 0.000000000000000e+00 0.000000000000000e+00 0.000000000000000e+00 0.000000000000000e+00 0.000000000000000e+00 0.000000000000000e+00 0.000000000000000e+00 0.000000000000000e+00 0.000000000000000e+00
 0.000000000000000e+00 0.000000000000000e+00 0.000000000000000e+00 0.000000000000000e+00 0.000000000000000e+00 0.000000000000000e+00 0.000000000000000e+00 0.000000000000000e+00 0.000000000000000e+00 0.000000000000000e+00
 0.000000000000000e+00 0.000000000000000e+00 0.000000000000000e+00 0.000000000000000e+00 0.000000000000000e+00 0.000000000000000e+00 0.000000000000000e+00 0.000000000000000e+00 0.000000000000000e+00 0.000000000000000e+00
 0.000000000000000e+00 0.000000000000000e+00 0.000000000000000e+00 0.000000000000000e+00 0.000000000000000e+00 0.000000000000000e+00 0.000000000000000e+00 0.000000000000000e+00 0.000000000000000e+00 0.000000000000000e+00
 0.000000000000000e+00 0.000000000000000e+00 0.000000000000000e+00 0.000000000000000e+00 0.000000000000000e+00 0.000000000000000e+00 0.000000000000000e+00 0.000000000000000e+00 0.000000000000000e+00 0.000000000000000e+00
 0.000000000000000e+00 0.000000000000000e+00 0.000000000000000e+00 0.000000000000000e+00 0.000000000000000e+00 0.000000000000000e+00 0.000000000000000e+00 0.000000000000000e+00 0.000000000000000e+00 0.000000000000000e+00
 0.000000000000000e+00 0.000000000000000e+00 0.000000000000000e+00 0.000000000000000e+00 0.000000000000000e+00 0.000000000000000e+00 0.000000000000000e+00 0.000000000000000e+00 0.000000000000000e+00 0.000000000000000e+00
 0.000000000000000e+00 0.000000000000000e+00 0.000000000000000e+00 0.000000000000000e+00 0.000000000000000e+00 0.000000000000000e+00 0.000000000000000e+00 0.000000000000000e+00 0.000000000000000e+00 0.000000000000000e+00
 0.000000000000000e+00 0.000000000000000e+00 0.000000000000000e+00 0.000000000000000e+00 0.000000000000000e+00 0.000000000000000e+00 0.000000000000000e+00 0.000000000000000e+00 0.000000000000000e+00 0.000000000000000e+00
 0.000000000000000e+00 0.000000000000000e+00 0.000000000000000e+00 0.000000000000000e+00 0.000000000000000e+00 0.000000000000000e+00 0.000000000000000e+00 0.000000000000000e+00 0.000000000000000e+00 0.000000000000000e+00
 0.000000000000000e+00 0.000000000000000e+00 0.000000000000000e+00 0.000000000000000e+00 0.000000000000000e+00 0.000000000000000e+00 0.000000000000000e+00 0.000000000000000e+00 0.000000000000000e+00 0.000000000000000e+00
 0.000000000000000e+00 0.000000000000000e+00 0.000000000000000e+00 0.000000000000000e+00 0.000000000000000e+00 0.000000000000000e+00 0.000000000000000e+00 0.000000000000000e+00 0.000000000000000e+00 0.000000000000000e+00
 0.000000000000000e+00 0.000000000000000e+00 0.000000000000000e+00 0.000000000000000e+00 0.000000000000000e+00 0.000000000000000e+00 0.000000000000000e+00 0.000000000000000e+00 0.000000000000000e+00 0.000000000000000e+00
 0.000000000000000e+00 0.000000000000000e+00 0.000000000000000e+00 0.000000000000000e+00 0.000000000000000e+00 0.000000000000000e+00 0.000000000000000e+00 0.000000000000000e+00 0.000000000000000e+00 0.000000000000000e+00
 0.000000000000000e+00 0.000000000000000e+00 0.000000000000000e+00 0.000000000000000e+00 0.000000000000000e+00 0.000000000000000e+00 0.000000000000000e+00 0.000000000000000e+00 0.000000000000000e+00 0.000000000000000e+00
 0.000000000000000e+00 0.000000000000000e+00 0.000000000000000e+00 0.000000000000000e+00 0.000000000000000e+00 0.000000000000000e+00 0.000000000000000e+00 0.000000000000000e+00 0.000000000000000e+00 0.000000000000000e+00
 0.000000000000000e+00 0.000000000000000e+00 0.000000000000000e+00 0.000000000000000e+00 0.000000000000000e+00 0.000000000000000e+00 0.000000000000000e+00 0.000000000000000e+00 0.000000000000000e+00 0.000000000000000e+00
 0.000000000000000e+00 0.000000000000000e+00 0.000000000000000e+00 0.000000000000000e+00 0.000000000000000e+00 0.000000000000000e+00 0.000000000000000e+00 0.000000000000000e+00 0.000000000000000e+00 0.000000000000000e+00
 0.000000000000000e+00 0.000000000000000e+00 0.000000000000000e+00 0.000000000000000e+00 0.000000000000000e+00 0.000000000000000e+00 0.000000000000000e+00 0.000000000000000e+00 0.000000000000000e+00 0.000000000000000e+00
 0.000000000000000e+00 0.000000000000000e+00 0.000000000000000e+00 0.000000000000000e+00 0.000000000000000e+00 0.000000000000000e+00 0.000000000000000e+00 0.000000000000000e+00 0.000000000000000e+00 0.000000000000000e+00
 0.000000000000000e+00 0.000000000000000e+00 0.000000000000000e+00 0.000000000000000e+00 0.000000000000000e+00 0.000000000000000e+00 0.000000000000000e+00 0.000000000000000e+00 0.000000000000000e+00 0.000000000000000e+00
 0.000000000000000e+00 0.000000000000000e+00 0.000000000000000e+00 0.000000000000000e+00 0.000000000000000e+00 0.000000000000000e+00 0.000000000000000e+00 0.000000000000000e+00 0.000000000000000e+00 0.000000000000000e+00
 0.000000000000000e+00 0.000000000000000e+00 0.000000000000000e+00 0.000000000000000e+00 0.000000000000000e+00 0.000000000000000e+00 0.000000000000000e+00 0.000000000000000e+00 0.000000000000000e+00 0.000000000000000e+00
 0.000000000000000e+00 0.000000000000000e+00 0.000000000000000e+00 0.000000000000000e+00 0.000000000000000e+00 0.000000000000000e+00 0.000000000000000e+00 0.000000000000000e+00 0.000000000000000e+00 0.000000000000000e+00
 0.000000000000000e+00 0.000000000000000e+00 0.000000000000000e+00 0.000000000000000e+00 0.000000000000000e+00 0.000000000000000e+00 0.000000000000000e+00 0.000000000000000e+00 0.000000000000000e+00 0.000000000000000e+00
 0.000000000000000e+00 0.000000000000000e+00 0.000000000000000e+00 0.000000000000000e+00 0.000000000000000e+00 0.000000000000000e+00 0.000000000000000e+00 0.000000000000000e+00 0.000000000000000e+00 0.000000000000000e+00
 0.000000000000000e+00 0.000000000000000e+00 0.000000000000000e+00 0.000000000000000e+00 0.000000000000000e+00 0.000000000000000e+00 0.000000000000000e+00 0.000000000000000e+00 0.000000000000000e+00 0.000000000000000e+00
 0.000000000000000e+00 0.000000000000000e+00 0.000000000000000e+00 0.000000000000000e+00 0.000000000000000e+00 0.000000000000000e+00 0.000000000000000e+00 0.000000000000000e+00 0.000000000000000e+00 0.000000000000000e+00
 0.000000000000000e+00 0.000000000000000e+00 0.000000000000000e+00 0.000000000000000e+00 0.000000000000000e+00 0.000000000000000e+00 0.000000000000000e+00 0.000000000000000e+00 0.000000000000000e+00 0.000000000000000e+00
 0.000000000000000e+00 0.000000000000000e+00 0.000000000000000e+00 0.000000000000000e+00 0.000000000000000e+00 0.000000000000000e+00 0.000000000000000e+00 0.000000000000000e+00 0.000000000000000e+00 0.000000000000000e+00
 0.000000000000000e+00 0.000000000000000e+00 0.000000000000000e+00 0.000000000000000e+00 0.000000000000000e+00 0.000000000000000e+00 0.000000000000000e+00 0.000000000000000e+00 0.000000000000000e+00 0.000000000000000e+00
 0.000000000000000e+00 0.000000000000000e+00 0.000000000000000e+00 0.000000000000000e+00 0.000000000000000e+00 0.000000000000000e+00 0.000000000000000e+00 0.000000000000000e+00 0.000000000000000e+00 0.000000000000000e+00
 0.000000000000000e+00 0.000000000000000e+00 0.000000000000000e+00 0.000000000000000e+00 0.000000000000000e+00 0.000000000000000e+00 0.000000000000000e+00 0.000000000000000e+00 0.000000000000000e+00 0.000000000000000e+00
 0.000000000000000e+00 0.000000000000000e+00 0.000000000000000e+00 0.000000000000000e+00 0.000000000000000e+00 0.000000000000000e+00 0.000000000000000e+00 0.000000000000000e+00 0.000000000000000e+00 0.000000000000000e+00
 0.000000000000000e+00 0.000000000000000e+00 0.000000000000000e+00 0.000000000000000e+00 0.000000000000000e+00 0.000000000000000e+00 0.000000000000000e+00 0.000000000000000e+00 0.000000000000000e+00 0.000000000000000e+00
 0.000000000000000e+00 0.000000000000000e+00 0.000000000000000e+00 0.000000000000000e+00 0.000000000000000e+00 0.000000000000000e+00 0.000000000000000e+00 0.000000000000000e+00 0.000000000000000e+00 0.000000000000000e+00
 0.000000000000000e+00 0.000000000000000e+00 0.000000000000000e+00 0.000000000000000e+00 0.000000000000000e+00 0.000000000000000e+00 0.000000000000000e+00 0.000000000000000e+00 0.000000000000000e+00 0.000000000000000e+00
 0.000000000000000e+00 0.000000000000000e+00 0.000000000000000e+00 0.000000000000000e+00 0.000000000000000e+00 0.000000000000000e+00 0.000000000000000e+00 0.000000000000000e+00 0.000000000000000e+00 0.000000000000000e+00
 0.000000000000000e+00 0.000000000000000e+00 0.000000000000000e+00 0.000000000000000e+00 0.000000000000000e+00 0.000000000000000e+00 0.000000000000000e+00 0.000000000000000e+00 0.000000000000000e+00 0.000000000000000e+00
 0.000000000000000e+00 0.000000000000000e+00 0.000000000000000e+00 0.000000000000000e+00 0.000000000000000e+00 0.000000000000000e+00 0.000000000000000e+00 0.000000000000000e+00 0.000000000000000e+00 0.000000000000000e+00
 0.000000000000000e+00 0.000000000000000e+00 0.000000000000000e+00 0.000000000000000e+00 0.000000000000000e+00 0.000000000000000e+00 0.000000000000000e+00 0.000000000000000e+00 0.000000000000000e+00 0.000000000000000e+00
 0.000000000000000e+00 0.000000000000000e+00 0.000000000000000e+00 0.000000000000000e+00 0.000000000000000e+00 0.000000000000000e+00 0.000000000000000e+00 0.000000000000000e+00 0.000000000000000e+00 0.000000000000000e+00
 0.000000000000000e+00 0.000000000000000e+00 0.000000000000000e+00 0.000000000000000e+00 0.000000000000000e+00 0.000000000000000e+00 0.000000000000000e+00 0.000000000000000e+00 0.000000000000000e+00 0.000000000000000e+00
 0.000000000000000e+00 0.000000000000000e+00 0.000000000000000e+00 0.000000000000000e+00 0.000000000000000e+00 0.000000000000000e+00 0.000000000000000e+00 0.000000000000000e+00 0.000000000000000e+00 0.000000000000000e+00
 0.000000000000000e+00 0.000000000000000e+00 0.000000000000000e+00 0.000000000000000e+00 0.000000000000000e+00 0.000000000000000e+00 0.000000000000000e+00 0.000000000000000e+00 0.000000000000000e+00 0.000000000000000e+00
 0.000000000000000e+00 0.000000000000000e+00 0.000000000000000e+00 0.000000000000000e+00 0.000000000000000e+00 0.000000000000000e+00 0.000000000000000e+00 0.000000000000000e+00 0.000000000000000e+00 0.000000000000000e+00
 0.000000000000000e+00 0.000000000000000e+00 0.000000000000000e+00 0.000000000000000e+00 0.000000000000000e+00 0.000000000000000e+00 0.000000000000000e+00 0.000000000000000e+00 0.000000000000000e+00 0.000000000000000e+00
 0.000000000000000e+00 0.000000000000000e+00 0.000000000000000e+00 0.000000000000000e+00 0.000000000000000e+00 0.000000000000000e+00 0.000000000000000e+00 0.000000000000000e+00 0.000000000000000e+00 0.000000000000000e+00
 0.000000000000000e+00 0.000000000000000e+00 0.000000000000000e+00 0.000000000000000e+00 0.000000000000000e+00 0.000000000000000e+00 0.000000000000000e+00 0.000000000000000e+00 0.000000000000000e+00 0.000000000000000e+00
 0.000000000000000e+00 0.000000000000000e+00 0.000000000000000e+00 0.000000000000000e+00 0.000000000000000e+00 0.000000000000000e+00 0.000000000000000e+00 0.000000000000000e+00 0.000000000000000e+00 0.000000000000000e+00
 0.000000000000000e+00 0.000000000000000e+00 0.000000000000000e+00 0.000000000000000e+00 0.000000000000000e+00 0.000000000000000e+00 0.000000000000000e+00 0.000000000000000e+00 0.000000000000000e+00 0.000000000000000e+00
 0.000000000000000e+00 0.000000000000000e+00 0.000000000000000e+00 0.000000000000000e+00 0.000000000000000e+00 0.000000000000000e+00 0.000000000000000e+00 0.000000000000000e+00 0.000000000000000e+00 0.000000000000000e+00
 0.000000000000000e+00 0.000000000000000e+00 0.000000000000000e+00 0.000000000000000e+00 0.000000000000000e+00 0.000000000000000e+00 0.000000000000000e+00 0.000000000000000e+00 0.000000000000000e+00 0.000000000000000e+00
 0.000000000000000e+00 0.000000000000000e+00 0.000000000000000e+00 0.000000000000000e+00 0.000000000000000e+00 0.000000000000000e+00 0.000000000000000e+00 0.000000000000000e+00 0.000000000000000e+00 0.000000000000000e+00
 0.000000000000000e+00 0.000000000000000e+00 0.000000000000000e+00 0.000000000000000e+00 0.000000000000000e+00 0.000000000000000e+00 0.000000000000000e+00 0.000000000000000e+00 0.000000000000000e+00 0.000000000000000e+00
 0.000000000000000e+00 0.000000000000000e+00 0.000000000000000e+00 0.000000000000000e+00 0.000000000000000e+00 0.000000000000000e+00 0.000000000000000e+00 0.000000000000000e+00 0.000000000000000e+00 0.000000000000000e+00
 0.000000000000000e+00 0.000000000000000e+00 0.000000000000000e+00 0.000000000000000e+00 0.000000000000000e+00 0.000000000000000e+00 0.000000000000000e+00 0.000000000000000e+00 0.000000000000000e+00 0.000000000000000e+00
 0.000000000000000e+00 0.000000000000000e+00 0.000000000000000e+00 0.000000000000000e+00 0.000000000000000e+00 0.000000000000000e+00 0.000000000000000e+00 0.000000000000000e+00 0.000000000000000e+00 0.000000000000000e+00
 0.000000000000000e+00 0.000000000000000e+00 0.000000000000000e+00 0.000000000000000e+00 0.000000000000000e+00 0.000000000000000e+00 0.000000000000000e+00 0.000000000000000e+00 0.000000000000000e+00 0.000000000000000e+00
 0.000000000000000e+00 0.000000000000000e+00 0.000000000000000e+00 0.000000000000000e+00 0.000000000000000e+00 0.000000000000000e+00 0.000000000000000e+00 0.000000000000000e+00 0.000000000000000e+00 0.000000000000000e+00
 0.000000000000000e+00 0.000000000000000e+00 0.000000000000000e+00 0.000000000000000e+00 0.000000000000000e+00 0.000000000000000e+00 0.000000000000000e+00 0.000000000000000e+00 0.000000000000000e+00 0.000000000000000e+00
 0.000000000000000e+00 0.000000000000000e+00 0.000000000000000e+00 0.000000000000000e+00 0.000000000000000e+00 0.000000000000000e+00 0.000000000000000e+00 0.000000000000000e+00 0.000000000000000e+00 0.000000000000000e+00
 0.000000000000000e+00 0.000000000000000e+00 0.000000000000000e+00 0.000000000000000e+00 0.000000000000000e+00 0.000000000000000e+00 0.000000000000000e+00 0.000000000000000e+00 0.000000000000000e+00 0.000000000000000e+00
 0.000000000000000e+00 0.000000000000000e+00 0.000000000000000e+00 0.000000000000000e+00 0.000000000000000e+00 0.000000000000000e+00 0.000000000000000e+00 0.000000000000000e+00 0.000000000000000e+00 0.000000000000000e+00
 0.000000000000000e+00 0.000000000000000e+00 0.000000000000000e+00 0.000000000000000e+00 0.000000000000000e+00 0.000000000000000e+00 0.000000000000000e+00 0.000000000000000e+00 0.000000000000000e+00 0.000000000000000e+00
 0.000000000000000e+00 0.000000000000000e+00 0.000000000000000e+00 0.000000000000000e+00 0.000000000000000e+00 0.000000000000000e+00 0.000000000000000e+00 0.000000000000000e+00 0.000000000000000e+00 0.000000000000000e+00
 0.000000000000000e+00 0.000000000000000e+00 0.000000000000000e+00 0.000000000000000e+00 0.000000000000000e+00 0.000000000000000e+00 0.000000000000000e+00 0.000000000000000e+00 0.000000000000000e+00 0.000000000000000e+00
 0.000000000000000e+00 0.000000000000000e+00 0.000000000000000e+00 0.000000000000000e+00 0.000000000000000e+00 0.000000000000000e+00 0.000000000000000e+00 0.000000000000000e+00 0.000000000000000e+00 0.000000000000000e+00
 0.000000000000000e+00 0.000000000000000e+00 0.000000000000000e+00 0.000000000000000e+00 0.000000000000000e+00 0.000000000000000e+00 0.000000000000000e+00 0.000000000000000e+00 0.000000000000000e+00 0.000000000000000e+00
 0.000000000000000e+00 0.000000000000000e+00 0.000000000000000e+00 0.000000000000000e+00 0.000000000000000e+00 0.000000000000000e+00 0.000000000000000e+00 0.000000000000000e+00 0.000000000000000e+00 0.000000000000000e+00
 0.000000000000000e+00 0.000000000000000e+00 0.000000000000000e+00 0.000000000000000e+00 0.000000000000000e+00 0.000000000000000e+00 0.000000000000000e+00 0.000000000000000e+00 0.000000000000000e+00 0.000000000000000e+00
 0.000000000000000e+00 0.000000000000000e+00 0.000000000000000e+00 0.000000000000000e+00 0.000000000000000e+00 0.000000000000000e+00 0.000000000000000e+00 0.000000000000000e+00 0.000000000000000e+00 0.000000000000000e+00
 0.000000000000000e+00 0.000000000000000e+00 0.000000000000000e+00 0.000000000000000e+00 0.000000000000000e+00 0.000000000000000e+00 0.000000000000000e+00 0.000000000000000e+00 0.000000000000000e+00 0.000000000000000e+00
 0.000000000000000e+00 0.000000000000000e+00 0.000000000000000e+00 0.000000000000000e+00 0.000000000000000e+00 0.000000000000000e+00 0.000000000000000e+00 0.000000000000000e+00 0.000000000000000e+00 0.000000000000000e+00
 0.000000000000000e+00 0.000000000000000e+00 0.000000000000000e+00 0.000000000000000e+00 0.000000000000000e+00 0.000000000000000e+00 0.000000000000000e+00 0.000000000000000e+00 0.000000000000000e+00 0.000000000000000e+00
 0.000000000000000e+00 0.000000000000000e+00 0.000000000000000e+00 0.000000000000000e+00 0.000000000000000e+00 0.000000000000000e+00 0.000000000000000e+00 0.000000000000000e+00 0.000000000000000e+00 0.000000000000000e+00
 0.000000000000000e+00 0.000000000000000e+00 0.000000000000000e+00 0.000000000000000e+00 0.000000000000000e+00 0.000000000000000e+00 0.000000000000000e+00 0.000000000000000e+00 0.000000000000000e+00 0.000000000000000e+00
 0.000000000000000e+00 0.000000000000000e+00 0.000000000000000e+00 0.000000000000000e+00 0.000000000000000e+00 0.000000000000000e+00 0.000000000000000e+00 0.000000000000000e+00 0.000000000000000e+00 0.000000000000000e+00
 0.000000000000000e+00 0.000000000000000e+00 0.000000000000000e+00 0.000000000000000e+00 0.000000000000000e+00 0.000000000000000e+00 0.000000000000000e+00 0.000000000000000e+00 0.000000000000000e+00 0.000000000000000e+00
 0.000000000000000e+00 0.000000000000000e+00 0.000000000000000e+00 0.000000000000000e+00 0.000000000000000e+00 0.000000000000000e+00 0.000000000000000e+00 0.000000000000000e+00 0.000000000000000e+00 0.000000000000000e+00
 0.000000000000000e+00 0.000000000000000e+00 0.000000000000000e+00 0.000000000000000e+00 0.000000000000000e+00 0.000000000000000e+00 0.000000000000000e+00 0.000000000000000e+00 0.000000000000000e+00 0.000000000000000e+00
 0.000000000000000e+00 0.000000000000000e+00 0.000000000000000e+00 0.000000000000000e+00 0.000000000000000e+00 0.000000000000000e+00 0.000000000000000e+00 0.000000000000000e+00 0.000000000000000e+00 0.000000000000000e+00
 0.000000000000000e+00 0.000000000000000e+00 0.000000000000000e+00 0.000000000000000e+00 0.000000000000000e+00 0.000000000000000e+00 0.000000000000000e+00 0.000000000000000e+00 0.000000000000000e+00 0.000000000000000e+00
 0.000000000000000e+00 0.000000000000000e+00 0.000000000000000e+00 0.000000000000000e+00 0.000000000000000e+00 0.000000000000000e+00 0.000000000000000e+00 0.000000000000000e+00 0.000000000000000e+00 0.000000000000000e+00
 0.000000000000000e+00 0.000000000000000e+00 0.000000000000000e+00 0.000000000000000e+00 0.000000000000000e+00 0.000000000000000e+00 0.000000000000000e+00 0.000000000000000e+00 0.000000000000000e+00 0.000000000000000e+00
 0.000000000000000e+00 0.000000000000000e+00 0.000000000000000e+00 0.000000000000000e+00 0.000000000000000e+00 0.000000000000000e+00 0.000000000000000e+00 0.000000000000000e+00 0.000000000000000e+00 0.000000000000000e+00
 0.000000000000000e+00 0.000000000000000e+00 0.000000000000000e+00 0.000000000000000e+00 0.000000000000000e+00 0.000000000000000e+00 0.000000000000000e+00 0.000000000000000e+00 0.000000000000000e+00 0.000000000000000e+00
 0.000000000000000e+00 0.000000000000000e+00 0.000000000000000e+00 0.000000000000000e+00 0.000000000000000e+00 0.000000000000000e+00 0.000000000000000e+00 0.000000000000000e+00 0.000000000000000e+00 0.000000000000000e+00
 0.000000000000000e+00 0.000000000000000e+00 0.000000000000000e+00 0.000000000000000e+00 0.000000000000000e+00 0.000000000000000e+00 0.000000000000000e+00 0.000000000000000e+00 0.000000000000000e+00 0.000000000000000e+00
 0.000000000000000e+00 0.000000000000000e+00 0.000000000000000e+00 0.000000000000000e+00 0.000000000000000e+00 0.000000000000000e+00 0.000000000000000e+00 0.000000000000000e+00 0.000000000000000e+00 0.000000000000000e+00
 0.000000000000000e+00 0.000000000000000e+00 0.000000000000000e+00 0.000000000000000e+00 0.000000000000000e+00 0.000000000000000e+00 0.000000000000000e+00 0.000000000000000e+00 0.000000000000000e+00 0.000000000000000e+00
 0.000000000000000e+00 0.000000000000000e+00 0.000000000000000e+00 0.000000000000000e+00 0.000000000000000e+00 0.000000000000000e+00 0.000000000000000e+00 0.000000000000000e+00 0.000000000000000e+00 0.000000000000000e+00
 0.000000000000000e+00 0.000000000000000e+00 0.000000000000000e+00 0.000000000000000e+00 0.000000000000000e+00 0.000000000000000e+00 0.000000000000000e+00 0.000000000000000e+00 0.000000000000000e+00 0.000000000000000e+00
 0.000000000000000e+00 0.000000000000000e+00 0.000000000000000e+00 0.000000000000000e+00 0.000000000000000e+00 0.000000000000000e+00 0.000000000000000e+00 0.000000000000000e+00 0.000000000000000e+00 0.000000000000000e+00
 0.000000000000000e+00 0.000000000000000e+00 0.000000000000000e+00 0.000000000000000e+00 0.000000000000000e+00 0.000000000000000e+00 0.000000000000000e+00 0.000000000000000e+00 0.000000000000000e+00 0.000000000000000e+00
 0.000000000000000e+00 0.000000000000000e+00 0.000000000000000e+00 0.000000000000000e+00 0.000000000000000e+00 0.000000000000000e+00 0.000000000000000e+00 0.000000000000000e+00 0.000000000000000e+00 0.000000000000000e+00
 0.000000000000000e+00 0.000000000000000e+00 0.000000000000000e+00 0.000000000000000e+00 0.000000000000000e+00 0.000000000000000e+00 0.000000000000000e+00 0.000000000000000e+00 0.000000000000000e+00 0.000000000000000e+00
 0.000000000000000e+00 0.000000000000000e+00 0.000000000000000e+00 0.000000000000000e+00 0.000000000000000e+00 0.000000000000000e+00 0.000000000000000e+00 0.000000000000000e+00 0.000000000000000e+00 0.000000000000000e+00
 0.000000000000000e+00 0.000000000000000e+00 0.000000000000000e+00 0.000000000000000e+00 0.000000000000000e+00 0.000000000000000e+00 0.000000000000000e+00 0.000000000000000e+00 0.000000000000000e+00 0.000000000000000e+00
 0.000000000000000e+00 0.000000000000000e+00 0.000000000000000e+00 0.000000000000000e+00 0.000000000000000e+00 0.000000000000000e+00 0.000000000000000e+00 0.000000000000000e+00 0.000000000000000e+00 0.000000000000000e+00
 0.000000000000000e+00 0.000000000000000e+00 0.000000000000000e+00 0.000000000000000e+00 0.000000000000000e+00 0.000000000000000e+00 0.000000000000000e+00 0.000000000000000e+00 0.000000000000000e+00 0.000000000000000e+00
 0.000000000000000e+00 0.000000000000000e+00 0.000000000000000e+00 0.000000000000000e+00 0.000000000000000e+00 0.000000000000000e+00 0.000000000000000e+00 0.000000000000000e+00 0.000000000000000e+00 0.000000000000000e+00
 0.000000000000000e+00 0.000000000000000e+00 0.000000000000000e+00 0.000000000000000e+00 0.000000000000000e+00 0.000000000000000e+00 0.000000000000000e+00 0.000000000000000e+00 0.000000000000000e+00 0.000000000000000e+00
 0.000000000000000e+00 0.000000000000000e+00 0.000000000000000e+00 0.000000000000000e+00 0.000000000000000e+00 0.000000000000000e+00 0.000000000000000e+00 0.000000000000000e+00 0.000000000000000e+00 0.000000000000000e+00
 0.000000000000000e+00 0.000000000000000e+00 0.000000000000000e+00 0.000000000000000e+00 0.000000000000000e+00 0.000000000000000e+00 0.000000000000000e+00 0.000000000000000e+00 0.000000000000000e+00 0.000000000000000e+00
 0.000000000000000e+00 0.000000000000000e+00 0.000000000000000e+00 0.000000000000000e+00 0.000000000000000e+00 0.000000000000000e+00 0.000000000000000e+00 0.000000000000000e+00 0.000000000000000e+00 0.000000000000000e+00
 0.000000000000000e+00 0.000000000000000e+00 0.000000000000000e+00 0.000000000000000e+00 0.000000000000000e+00 0.000000000000000e+00 0.000000000000000e+00 0.000000000000000e+00 0.000000000000000e+00 0.000000000000000e+00
 0.000000000000000e+00 0.000000000000000e+00 0.000000000000000e+00 0.000000000000000e+00 0.000000000000000e+00 0.000000000000000e+00 0.000000000000000e+00 0.000000000000000e+00 0.000000000000000e+00 0.000000000000000e+00
 0.000000000000000e+00 0.000000000000000e+00 0.000000000000000e+00 0.000000000000000e+00 0.000000000000000e+00 0.000000000000000e+00 0.000000000000000e+00 0.000000000000000e+00 0.000000000000000e+00 0.000000000000000e+00
 0.000000000000000e+00 0.000000000000000e+00 0.000000000000000e+00 0.000000000000000e+00 0.000000000000000e+00 0.000000000000000e+00 0.000000000000000e+00 0.000000000000000e+00 0.000000000000000e+00 0.000000000000000e+00
 0.000000000000000e+00 0.000000000000000e+00 0.000000000000000e+00 0.000000000000000e+00 0.000000000000000e+00 0.000000000000000e+00 0.000000000000000e+00 0.000000000000000e+00 0.000000000000000e+00 0.000000000000000e+00
 0.000000000000000e+00 0.000000000000000e+00 0.000000000000000e+00 0.000000000000000e+00 0.000000000000000e+00 0.000000000000000e+00 0.000000000000000e+00 0.000000000000000e+00 0.000000000000000e+00 0.000000000000000e+00
 0.000000000000000e+00 0.000000000000000e+00 0.000000000000000e+00 0.000000000000000e+00 0.000000000000000e+00 0.000000000000000e+00 0.000000000000000e+00 0.000000000000000e+00 0.000000000000000e+00 0.000000000000000e+00
 0.000000000000000e+00 0.000000000000000e+00 0.000000000000000e+00 0.000000000000000e+00 0.000000000000000e+00 0.000000000000000e+00 0.000000000000000e+00 0.000000000000000e+00 0.000000000000000e+00 0.000000000000000e+00
 0.000000000000000e+00 0.000000000000000e+00 0.000000000000000e+00 0.000000000000000e+00 0.000000000000000e+00 0.000000000000000e+00 0.000000000000000e+00 0.000000000000000e+00 0.000000000000000e+00 0.000000000000000e+00
 0.000000000000000e+00 0.000000000000000e+00 0.000000000000000e+00 0.000000000000000e+00 0.000000000000000e+00 0.000000000000000e+00 0.000000000000000e+00 0.000000000000000e+00 0.000000000000000e+00 0.000000000000000e+00
 0.000000000000000e+00 0.000000000000000e+00 0.000000000000000e+00 0.000000000000000e+00 0.000000000000000e+00 0.000000000000000e+00 0.000000000000000e+00 0.000000000000000e+00 0.000000000000000e+00 0.000000000000000e+00
 0.000000000000000e+00 0.000000000000000e+00 0.000000000000000e+00 0.000000000000000e+00 0.000000000000000e+00 0.000000000000000e+00 0.000000000000000e+00 0.000000000000000e+00 0.000000000000000e+00 0.000000000000000e+00
 0.000000000000000e+00 0.000000000000000e+00 0.000000000000000e+00 0.000000000000000e+00 0.000000000000000e+00 0.000000000000000e+00 0.000000000000000e+00 0.000000000000000e+00 0.000000000000000e+00 0.000000000000000e+00
 0.000000000000000e+00 0.000000000000000e+00 0.000000000000000e+00 0.000000000000000e+00 0.000000000000000e+00 0.000000000000000e+00 0.000000000000000e+00 0.000000000000000e+00 0.000000000000000e+00 0.000000000000000e+00
 0.000000000000000e+00 0.000000000000000e+00 0.000000000000000e+00 0.000000000000000e+00 0.000000000000000e+00 0.000000000000000e+00 0.000000000000000e+00 0.000000000000000e+00 0.000000000000000e+00 0.000000000000000e+00
 0.000000000000000e+00 0.000000000000000e+00 0.000000000000000e+00 0.000000000000000e+00 0.000000000000000e+00 0.000000000000000e+00 0.000000000000000e+00 0.000000000000000e+00 0.000000000000000e+00 0.000000000000000e+00
 0.000000000000000e+00 0.000000000000000e+00 0.000000000000000e+00 0.000000000000000e+00 0.000000000000000e+00 0.000000000000000e+00 0.000000000000000e+00 0.000000000000000e+00 0.000000000000000e+00 0.000000000000000e+00
 0.000000000000000e+00 0.000000000000000e+00 0.000000000000000e+00 0.000000000000000e+00 0.000000000000000e+00 0.000000000000000e+00 0.000000000000000e+00 0.000000000000000e+00 0.000000000000000e+00 0.000000000000000e+00
 0.000000000000000e+00 0.000000000000000e+00 0.000000000000000e+00 0.000000000000000e+00 0.000000000000000e+00 0.000000000000000e+00 0.000000000000000e+00 0.000000000000000e+00 0.000000000000000e+00 0.000000000000000e+00
 0.000000000000000e+00 0.000000000000000e+00 0.000000000000000e+00 0.000000000000000e+00 0.000000000000000e+00 0.000000000000000e+00 0.000000000000000e+00 0.000000000000000e+00 0.000000000000000e+00 0.000000000000000e+00
 0.000000000000000e+00 0.000000000000000e+00 0.000000000000000e+00 0.000000000000000e+00 0.000000000000000e+00 0.000000000000000e+00 0.000000000000000e+00 0.000000000000000e+00 0.000000000000000e+00 0.000000000000000e+00
 0.000000000000000e+00 0.000000000000000e+00 0.000000000000000e+00 0.000000000000000e+00 0.000000000000000e+00 0.000000000000000e+00 0.000000000000000e+00 0.000000000000000e+00 0.000000000000000e+00 0.000000000000000e+00
 0.000000000000000e+00 0.000000000000000e+00 0.000000000000000e+00 0.000000000000000e+00 0.000000000000000e+00 0.000000000000000e+00 0.000000000000000e+00 0.000000000000000e+00 0.000000000000000e+00 0.000000000000000e+00
 0.000000000000000e+00 0.000000000000000e+00 0.000000000000000e+00 0.000000000000000e+00 0.000000000000000e+00 0.000000000000000e+00 0.000000000000000e+00 0.000000000000000e+00 0.000000000000000e+00 0.000000000000000e+00
 0.000000000000000e+00 0.000000000000000e+00 0.000000000000000e+00 0.000000000000000e+00 0.000000000000000e+00 0.000000000000000e+00 0.000000000000000e+00 0.000000000000000e+00 0.000000000000000e+00 0.000000000000000e+00
 0.000000000000000e+00 0.000000000000000e+00 0.000000000000000e+00 0.000000000000000e+00 0.000000000000000e+00 0.000000000000000e+00 0.000000000000000e+00 0.000000000000000e+00 0.000000000000000e+00 0.000000000000000e+00
 0.000000000000000e+00 0.000000000000000e+00 0.000000000000000e+00 0.000000000000000e+00 0.000000000000000e+00 0.000000000000000e+00 0.000000000000000e+00 0.000000000000000e+00 0.000000000000000e+00 0.000000000000000e+00
 0.000000000000000e+00 0.000000000000000e+00 0.000000000000000e+00 0.000000000000000e+00 0.000000000000000e+00 0.000000000000000e+00 0.000000000000000e+00 0.000000000000000e+00 0.000000000000000e+00 0.000000000000000e+00
 0.000000000000000e+00 0.000000000000000e+00 0.000000000000000e+00 0.000000000000000e+00 0.000000000000000e+00 0.000000000000000e+00 0.000000000000000e+00 0.000000000000000e+00 0.000000000000000e+00 0.000000000000000e+00
 0.000000000000000e+00 0.000000000000000e+00 0.000000000000000e+00 0.000000000000000e+00 0.000000000000000e+00 0.000000000000000e+00 0.000000000000000e+00 0.000000000000000e+00 0.000000000000000e+00 0.000000000000000e+00
 0.000000000000000e+00 0.000000000000000e+00 0.000000000000000e+00 0.000000000000000e+00 0.000000000000000e+00 0.000000000000000e+00 0.000000000000000e+00 0.000000000000000e+00 0.000000000000000e+00 0.000000000000000e+00
 0.000000000000000e+00 0.000000000000000e+00 0.000000000000000e+00 0.000000000000000e+00 0.000000000000000e+00 0.000000000000000e+00 0.000000000000000e+00 0.000000000000000e+00 0.000000000000000e+00 0.000000000000000e+00
 0.000000000000000e+00 0.000000000000000e+00 0.000000000000000e+00 0.000000000000000e+00 0.000000000000000e+00 0.000000000000000e+00 0.000000000000000e+00 0.000000000000000e+00 0.000000000000000e+00 0.000000000000000e+00
 0.000000000000000e+00 0.000000000000000e+00 0.000000000000000e+00 0.000000000000000e+00 0.000000000000000e+00 0.000000000000000e+00 0.000000000000000e+00 0.000000000000000e+00 0.000000000000000e+00 0.000000000000000e+00
 0.000000000000000e+00 0.000000000000000e+00 0.000000000000000e+00 0.000000000000000e+00 0.000000000000000e+00 0.000000000000000e+00 0.000000000000000e+00 0.000000000000000e+00 0.000000000000000e+00 0.000000000000000e+00
 0.000000000000000e+00 0.000000000000000e+00 0.000000000000000e+00 0.000000000000000e+00 0.000000000000000e+00 0.000000000000000e+00 0.000000000000000e+00 0.000000000000000e+00 0.000000000000000e+00 0.000000000000000e+00
 0.000000000000000e+00 0.000000000000000e+00 0.000000000000000e+00 0.000000000000000e+00 0.000000000000000e+00 0.000000000000000e+00 0.000000000000000e+00 0.000000000000000e+00 0.000000000000000e+00 0.000000000000000e+00
 0.000000000000000e+00 0.000000000000000e+00 0.000000000000000e+00 0.000000000000000e+00 0.000000000000000e+00 0.000000000000000e+00 0.000000000000000e+00 0.000000000000000e+00 0.000000000000000e+00 0.000000000000000e+00
 0.000000000000000e+00 0.000000000000000e+00 0.000000000000000e+00 0.000000000000000e+00 0.000000000000000e+00 0.000000000000000e+00 0.000000000000000e+00 0.000000000000000e+00 0.000000000000000e+00 0.000000000000000e+00
 0.000000000000000e+00 0.000000000000000e+00 0.000000000000000e+00 0.000000000000000e+00 0.000000000000000e+00 0.000000000000000e+00 0.000000000000000e+00 0.000000000000000e+00 0.000000000000000e+00 0.000000000000000e+00
 0.000000000000000e+00 0.000000000000000e+00 0.000000000000000e+00 0.000000000000000e+00 0.000000000000000e+00 0.000000000000000e+00 0.000000000000000e+00 0.000000000000000e+00 0.000000000000000e+00 0.000000000000000e+00
 0.000000000000000e+00 0.000000000000000e+00 0.000000000000000e+00 0.000000000000000e+00 0.000000000000000e+00 0.000000000000000e+00 0.000000000000000e+00 0.000000000000000e+00 0.000000000000000e+00 0.000000000000000e+00
 0.000000000000000e+00 0.000000000000000e+00 0.000000000000000e+00 0.000000000000000e+00 0.000000000000000e+00 0.000000000000000e+00 0.000000000000000e+00 0.000000000000000e+00 0.000000000000000e+00 0.000000000000000e+00
 0.000000000000000e+00 0.000000000000000e+00 0.000000000000000e+00 0.000000000000000e+00 0.000000000000000e+00 0.000000000000000e+00 0.000000000000000e+00 0.000000000000000e+00 0.000000000000000e+00 0.000000000000000e+00
 0.000000000000000e+00 0.000000000000000e+00 0.000000000000000e+00 0.000000000000000e+00 0.000000000000000e+00 0.000000000000000e+00 0.000000000000000e+00 0.000000000000000e+00 0.000000000000000e+00 0.000000000000000e+00
 0.000000000000000e+00 0.000000000000000e+00 0.000000000000000e+00 0.000000000000000e+00 0.000000000000000e+00 0.000000000000000e+00 0.000000000000000e+00 0.000000000000000e+00 0.000000000000000e+00 0.000000000000000e+00
 0.000000000000000e+00 0.000000000000000e+00 0.000000000000000e+00 0.000000000000000e+00 0.000000000000000e+00 0.000000000000000e+00 0.000000000000000e+00 0.000000000000000e+00 0.000000000000000e+00 0.000000000000000e+00
 0.000000000000000e+00 0.000000000000000e+00 0.000000000000000e+00 0.000000000000000e+00 0.000000000000000e+00 0.000000000000000e+00 0.000000000000000e+00 0.000000000000000e+00 0.000000000000000e+00 0.000000000000000e+00
 0.000000000000000e+00 0.000000000000000e+00 0.000000000000000e+00 0.000000000000000e+00 0.000000000000000e+00 0.000000000000000e+00 0.000000000000000e+00 0.000000000000000e+00 0.000000000000000e+00 0.000000000000000e+00
 0.000000000000000e+00 0.000000000000000e+00 0.000000000000000e+00 0.000000000000000e+00 0.000000000000000e+00 0.000000000000000e+00 0.000000000000000e+00 0.000000000000000e+00 0.000000000000000e+00 0.000000000000000e+00
 0.000000000000000e+00 0.000000000000000e+00 0.000000000000000e+00 0.000000000000000e+00 0.000000000000000e+00 0.000000000000000e+00 0.000000000000000e+00 0.000000000000000e+00 0.000000000000000e+00 0.000000000000000e+00
 0.000000000000000e+00 0.000000000000000e+00 0.000000000000000e+00 0.000000000000000e+00 0.000000000000000e+00 0.000000000000000e+00 0.000000000000000e+00 0.000000000000000e+00 0.000000000000000e+00 0.000000000000000e+00
 0.000000000000000e+00 0.000000000000000e+00 0.000000000000000e+00 0.000000000000000e+00 0.000000000000000e+00 0.000000000000000e+00 0.000000000000000e+00 0.000000000000000e+00 0.000000000000000e+00 0.000000000000000e+00
 0.000000000000000e+00 0.000000000000000e+00 0.000000000000000e+00 0.000000000000000e+00 0.000000000000000e+00 0.000000000000000e+00 0.000000000000000e+00 0.000000000000000e+00 0.000000000000000e+00 0.000000000000000e+00
 0.000000000000000e+00 0.000000000000000e+00 0.000000000000000e+00 0.000000000000000e+00 0.000000000000000e+00 0.000000000000000e+00 0.000000000000000e+00 0.000000000000000e+00 0.000000000000000e+00 0.000000000000000e+00
 0.000000000000000e+00 0.000000000000000e+00 0.000000000000000e+00 0.000000000000000e+00 0.000000000000000e+00 0.000000000000000e+00 0.000000000000000e+00 0.000000000000000e+00 0.000000000000000e+00 0.000000000000000e+00
 0.000000000000000e+00 0.000000000000000e+00 0.000000000000000e+00 0.000000000000000e+00 0.000000000000000e+00 0.000000000000000e+00 0.000000000000000e+00 0.000000000000000e+00 0.000000000000000e+00 0.000000000000000e+00
 0.000000000000000e+00 0.000000000000000e+00 0.000000000000000e+00 0.000000000000000e+00 0.000000000000000e+00 0.000000000000000e+00 0.000000000000000e+00 0.000000000000000e+00 0.000000000000000e+00 0.000000000000000e+00
 0.000000000000000e+00 0.000000000000000e+00 0.000000000000000e+00 0.000000000000000e+00 0.000000000000000e+00 0.000000000000000e+00 0.000000000000000e+00 0.000000000000000e+00 0.000000000000000e+00 0.000000000000000e+00
 0.000000000000000e+00 0.000000000000000e+00 0.000000000000000e+00 0.000000000000000e+00 0.000000000000000e+00 0.000000000000000e+00 0.000000000000000e+00 0.000000000000000e+00 0.000000000000000e+00 0.000000000000000e+00
 0.000000000000000e+00 0.000000000000000e+00 0.000000000000000e+00 0.000000000000000e+00 0.000000000000000e+00 0.000000000000000e+00 0.000000000000000e+00 0.000000000000000e+00 0.000000000000000e+00 0.000000000000000e+00
 0.000000000000000e+00 0.000000000000000e+00 0.000000000000000e+00 0.000000000000000e+00 0.000000000000000e+00 0.000000000000000e+00 0.000000000000000e+00 0.000000000000000e+00 0.000000000000000e+00 0.000000000000000e+00
 0.000000000000000e+00 0.000000000000000e+00 0.000000000000000e+00 0.000000000000000e+00 0.000000000000000e+00 0.000000000000000e+00 0.000000000000000e+00 0.000000000000000e+00 0.000000000000000e+00 0.000000000000000e+00
 0.000000000000000e+00 0.000000000000000e+00 0.000000000000000e+00 0.000000000000000e+00 0.000000000000000e+00 0.000000000000000e+00 0.000000000000000e+00 0.000000000000000e+00 0.000000000000000e+00 0.000000000000000e+00
 0.000000000000000e+00 0.000000000000000e+00 0.000000000000000e+00 0.000000000000000e+00 0.000000000000000e+00 0.000000000000000e+00 0.000000000000000e+00 0.000000000000000e+00 0.000000000000000e+00 0.000000000000000e+00
 0.000000000000000e+00 0.000000000000000e+00 0.000000000000000e+00 0.000000000000000e+00 0.000000000000000e+00 0.000000000000000e+00 0.000000000000000e+00 0.000000000000000e+00 0.000000000000000e+00 0.000000000000000e+00
 0.000000000000000e+00 0.000000000000000e+00 0.000000000000000e+00 0.000000000000000e+00 0.000000000000000e+00 0.000000000000000e+00 0.000000000000000e+00 0.000000000000000e+00 0.000000000000000e+00 0.000000000000000e+00
 0.000000000000000e+00 0.000000000000000e+00 0.000000000000000e+00 0.000000000000000e+00 0.000000000000000e+00 0.000000000000000e+00 0.000000000000000e+00 0.000000000000000e+00 0.000000000000000e+00 0.000000000000000e+00
 0.000000000000000e+00 0.000000000000000e+00 0.000000000000000e+00 0.000000000000000e+00 0.000000000000000e+00 0.000000000000000e+00 0.000000000000000e+00 0.000000000000000e+00 0.000000000000000e+00 0.000000000000000e+00
 0.000000000000000e+00 0.000000000000000e+00 0.000000000000000e+00 0.000000000000000e+00 0.000000000000000e+00 0.000000000000000e+00 0.000000000000000e+00 0.000000000000000e+00 0.000000000000000e+00 0.000000000000000e+00
 0.000000000000000e+00 0.000000000000000e+00 0.000000000000000e+00 0.000000000000000e+00 0.000000000000000e+00 0.000000000000000e+00 0.000000000000000e+00 0.000000000000000e+00 0.000000000000000e+00 0.000000000000000e+00
 0.000000000000000e+00 0.000000000000000e+00 0.000000000000000e+00 0.000000000000000e+00 0.000000000000000e+00 0.000000000000000e+00 0.000000000000000e+00 0.000000000000000e+00 0.000000000000000e+00 0.000000000000000e+00
 0.000000000000000e+00 0.000000000000000e+00 0.000000000000000e+00 0.000000000000000e+00 0.000000000000000e+00 0.000000000000000e+00 0.000000000000000e+00 0.000000000000000e+00 0.000000000000000e+00 0.000000000000000e+00
 0.000000000000000e+00 0.000000000000000e+00 0.000000000000000e+00 0.000000000000000e+00 0.000000000000000e+00 0.000000000000000e+00 0.000000000000000e+00 0.000000000000000e+00 0.000000000000000e+00 0.000000000000000e+00
 0.000000000000000e+00 0.000000000000000e+00 0.000000000000000e+00 0.000000000000000e+00 0.000000000000000e+00 0.000000000000000e+00 0.000000000000000e+00 0.000000000000000e+00 0.000000000000000e+00 0.000000000000000e+00
 0.000000000000000e+00 0.000000000000000e+00 0.000000000000000e+00 0.000000000000000e+00 0.000000000000000e+00 0.000000000000000e+00 0.000000000000000e+00 0.000000000000000e+00 0.000000000000000e+00 0.000000000000000e+00
 0.000000000000000e+00 0.000000000000000e+00 0.000000000000000e+00 0.000000000000000e+00 0.000000000000000e+00 0.000000000000000e+00 0.000000000000000e+00 0.000000000000000e+00 0.000000000000000e+00 0.000000000000000e+00
 0.000000000000000e+00 0.000000000000000e+00 0.000000000000000e+00 0.000000000000000e+00 0.000000000000000e+00 0.000000000000000e+00 0.000000000000000e+00 0.000000000000000e+00 0.000000000000000e+00 0.000000000000000e+00
 0.000000000000000e+00 0.000000000000000e+00 0.000000000000000e+00 0.000000000000000e+00 0.000000000000000e+00 0.000000000000000e+00 0.000000000000000e+00 0.000000000000000e+00 0.000000000000000e+00 0.000000000000000e+00
 0.000000000000000e+00 0.000000000000000e+00 0.000000000000000e+00 0.000000000000000e+00 0.000000000000000e+00 0.000000000000000e+00 0.000000000000000e+00 0.000000000000000e+00 0.000000000000000e+00 0.000000000000000e+00
 0.000000000000000e+00 0.000000000000000e+00 0.000000000000000e+00 0.000000000000000e+00 0.000000000000000e+00 0.000000000000000e+00 0.000000000000000e+00 0.000000000000000e+00 0.000000000000000e+00 0.000000000000000e+00
 0.000000000000000e+00 0.000000000000000e+00 0.000000000000000e+00 0.000000000000000e+00 0.000000000000000e+00 0.000000000000000e+00 0.000000000000000e+00 0.000000000000000e+00 0.000000000000000e+00 0.000000000000000e+00
 0.000000000000000e+00 0.000000000000000e+00 0.000000000000000e+00 0.000000000000000e+00 0.000000000000000e+00 0.000000000000000e+00 0.000000000000000e+00 0.000000000000000e+00 0.000000000000000e+00 0.000000000000000e+00
 0.000000000000000e+00 0.000000000000000e+00 0.000000000000000e+00 0.000000000000000e+00 0.000000000000000e+00 0.000000000000000e+00 0.000000000000000e+00 0.000000000000000e+00 0.000000000000000e+00 0.000000000000000e+00
 0.000000000000000e+00 0.000000000000000e+00 0.000000000000000e+00 0.000000000000000e+00 0.000000000000000e+00 0.000000000000000e+00 0.000000000000000e+00 0.000000000000000e+00 0.000000000000000e+00 0.000000000000000e+00
 0.000000000000000e+00 0.000000000000000e+00 0.000000000000000e+00 0.000000000000000e+00 0.000000000000000e+00 0.000000000000000e+00 0.000000000000000e+00 0.000000000000000e+00 0.000000000000000e+00 0.000000000000000e+00
 0.000000000000000e+00 0.000000000000000e+00 0.000000000000000e+00 0.000000000000000e+00 0.000000000000000e+00 0.000000000000000e+00 0.000000000000000e+00 0.000000000000000e+00 0.000000000000000e+00 0.000000000000000e+00
 0.000000000000000e+00 0.000000000000000e+00 0.000000000000000e+00 0.000000000000000e+00 0.000000000000000e+00 0.000000000000000e+00 0.000000000000000e+00 0.000000000000000e+00 0.000000000000000e+00 0.000000000000000e+00
 0.000000000000000e+00 0.000000000000000e+00 0.000000000000000e+00 0.000000000000000e+00 0.000000000000000e+00 0.000000000000000e+00 0.000000000000000e+00 0.000000000000000e+00 0.000000000000000e+00 0.000000000000000e+00
 0.000000000000000e+00 0.000000000000000e+00 0.000000000000000e+00 0.000000000000000e+00 0.000000000000000e+00 0.000000000000000e+00 0.000000000000000e+00 0.000000000000000e+00 0.000000000000000e+00 0.000000000000000e+00
 0.000000000000000e+00 0.000000000000000e+00 0.000000000000000e+00 0.000000000000000e+00 0.000000000000000e+00 0.000000000000000e+00 0.000000000000000e+00 0.000000000000000e+00 0.000000000000000e+00 0.000000000000000e+00
 0.000000000000000e+00 0.000000000000000e+00 0.000000000000000e+00 0.000000000000000e+00 0.000000000000000e+00 0.000000000000000e+00 0.000000000000000e+00 0.000000000000000e+00 0.000000000000000e+00 0.000000000000000e+00
 0.000000000000000e+00 0.000000000000000e+00 0.000000000000000e+00 0.000000000000000e+00 0.000000000000000e+00 0.000000000000000e+00 0.000000000000000e+00 0.000000000000000e+00 0.000000000000000e+00 0.000000000000000e+00
 0.000000000000000e+00 0.000000000000000e+00 0.000000000000000e+00 0.000000000000000e+00 0.000000000000000e+00 0.000000000000000e+00 0.000000000000000e+00 0.000000000000000e+00 0.000000000000000e+00 0.000000000000000e+00
 0.000000000000000e+00 0.000000000000000e+00 0.000000000000000e+00 0.000000000000000e+00 0.000000000000000e+00 0.000000000000000e+00 0.000000000000000e+00 0.000000000000000e+00 0.000000000000000e+00 0.000000000000000e+00
 0.000000000000000e+00 0.000000000000000e+00 0.000000000000000e+00 0.000000000000000e+00 0.000000000000000e+00 0.000000000000000e+00 0.000000000000000e+00 0.000000000000000e+00 0.000000000000000e+00 0.000000000000000e+00
 0.000000000000000e+00 0.000000000000000e+00 0.000000000000000e+00 0.000000000000000e+00 0.000000000000000e+00 0.000000000000000e+00 0.000000000000000e+00 0.000000000000000e+00 0.000000000000000e+00 0.000000000000000e+00
 0.000000000000000e+00 0.000000000000000e+00 0.000000000000000e+00 0.000000000000000e+00 0.000000000000000e+00 0.000000000000000e+00 0.000000000000000e+00 0.000000000000000e+00 0.000000000000000e+00 0.000000000000000e+00
 0.000000000000000e+00 0.000000000000000e+00 0.000000000000000e+00 0.000000000000000e+00 0.000000000000000e+00 0.000000000000000e+00 0.000000000000000e+00 0.000000000000000e+00 0.000000000000000e+00 0.000000000000000e+00
 0.000000000000000e+00 0.000000000000000e+00 0.000000000000000e+00 0.000000000000000e+00 0.000000000000000e+00 0.000000000000000e+00 0.000000000000000e+00 0.000000000000000e+00 0.000000000000000e+00 0.000000000000000e+00
 0.000000000000000e+00 0.000000000000000e+00 0.000000000000000e+00 0.000000000000000e+00 0.000000000000000e+00 0.000000000000000e+00 0.000000000000000e+00 0.000000000000000e+00 0.000000000000000e+00 0.000000000000000e+00
 0.000000000000000e+00 0.000000000000000e+00 0.000000000000000e+00 0.000000000000000e+00 0.000000000000000e+00 0.000000000000000e+00 0.000000000000000e+00 0.000000000000000e+00 0.000000000000000e+00 0.000000000000000e+00
 0.000000000000000e+00 0.000000000000000e+00 0.000000000000000e+00 0.000000000000000e+00 0.000000000000000e+00 0.000000000000000e+00 0.000000000000000e+00 0.000000000000000e+00 0.000000000000000e+00 0.000000000000000e+00
 0.000000000000000e+00 0.000000000000000e+00 0.000000000000000e+00 0.000000000000000e+00 0.000000000000000e+00 0.000000000000000e+00 0.000000000000000e+00 0.000000000000000e+00 0.000000000000000e+00 0.000000000000000e+00
 0.000000000000000e+00 0.000000000000000e+00 0.000000000000000e+00 0.000000000000000e+00 0.000000000000000e+00 0.000000000000000e+00 0.000000000000000e+00 0.000000000000000e+00 0.000000000000000e+00 0.000000000000000e+00
 0.000000000000000e+00 0.000000000000000e+00 0.000000000000000e+00 0.000000000000000e+00 0.000000000000000e+00 0.000000000000000e+00 0.000000000000000e+00 0.000000000000000e+00 0.000000000000000e+00 0.000000000000000e+00
 0.000000000000000e+00 0.000000000000000e+00 0.000000000000000e+00 0.000000000000000e+00 0.000000000000000e+00 0.000000000000000e+00 0.000000000000000e+00 0.000000000000000e+00 0.000000000000000e+00 0.000000000000000e+00
 0.000000000000000e+00 0.000000000000000e+00 0.000000000000000e+00 0.000000000000000e+00 0.000000000000000e+00 0.000000000000000e+00 0.000000000000000e+00 0.000000000000000e+00 0.000000000000000e+00 0.000000000000000e+00
 0.000000000000000e+00 0.000000000000000e+00 0.000000000000000e+00 0.000000000000000e+00 0.000000000000000e+00 0.000000000000000e+00 0.000000000000000e+00 0.000000000000000e+00 0.000000000000000e+00 0.000000000000000e+00
 0.000000000000000e+00 0.000000000000000e+00 0.000000000000000e+00 0.000000000000000e+00 0.000000000000000e+00 0.000000000000000e+00 0.000000000000000e+00 0.000000000000000e+00 0.000000000000000e+00 0.000000000000000e+00
 0.000000000000000e+00 0.000000000000000e+00 0.000000000000000e+00 0.000000000000000e+00 0.000000000000000e+00 0.000000000000000e+00 0.000000000000000e+00 0.000000000000000e+00 0.000000000000000e+00 0.000000000000000e+00
 0.000000000000000e+00 0.000000000000000e+00 0.000000000000000e+00 0.000000000000000e+00 0.000000000000000e+00
    }
  }

  Dataset ("AluminumActiveConcentration") {
    function  = AluminumActiveConcentration
    type      = scalar
    dimension = 1
    location  = vertex
    validity  = [ "n_plus" ]
    Values (2405) {
 0.000000000000000e+00 0.000000000000000e+00 0.000000000000000e+00 0.000000000000000e+00 0.000000000000000e+00 0.000000000000000e+00 0.000000000000000e+00 0.000000000000000e+00 0.000000000000000e+00 0.000000000000000e+00
 0.000000000000000e+00 0.000000000000000e+00 0.000000000000000e+00 0.000000000000000e+00 0.000000000000000e+00 0.000000000000000e+00 0.000000000000000e+00 0.000000000000000e+00 0.000000000000000e+00 0.000000000000000e+00
 0.000000000000000e+00 0.000000000000000e+00 0.000000000000000e+00 0.000000000000000e+00 0.000000000000000e+00 0.000000000000000e+00 0.000000000000000e+00 0.000000000000000e+00 0.000000000000000e+00 0.000000000000000e+00
 0.000000000000000e+00 0.000000000000000e+00 0.000000000000000e+00 0.000000000000000e+00 0.000000000000000e+00 0.000000000000000e+00 0.000000000000000e+00 0.000000000000000e+00 0.000000000000000e+00 0.000000000000000e+00
 0.000000000000000e+00 0.000000000000000e+00 0.000000000000000e+00 0.000000000000000e+00 0.000000000000000e+00 0.000000000000000e+00 0.000000000000000e+00 0.000000000000000e+00 0.000000000000000e+00 0.000000000000000e+00
 0.000000000000000e+00 0.000000000000000e+00 0.000000000000000e+00 0.000000000000000e+00 0.000000000000000e+00 0.000000000000000e+00 0.000000000000000e+00 0.000000000000000e+00 0.000000000000000e+00 0.000000000000000e+00
 0.000000000000000e+00 0.000000000000000e+00 0.000000000000000e+00 0.000000000000000e+00 0.000000000000000e+00 0.000000000000000e+00 0.000000000000000e+00 0.000000000000000e+00 0.000000000000000e+00 0.000000000000000e+00
 0.000000000000000e+00 0.000000000000000e+00 0.000000000000000e+00 0.000000000000000e+00 0.000000000000000e+00 0.000000000000000e+00 0.000000000000000e+00 0.000000000000000e+00 0.000000000000000e+00 0.000000000000000e+00
 0.000000000000000e+00 0.000000000000000e+00 0.000000000000000e+00 0.000000000000000e+00 0.000000000000000e+00 0.000000000000000e+00 0.000000000000000e+00 0.000000000000000e+00 0.000000000000000e+00 0.000000000000000e+00
 0.000000000000000e+00 0.000000000000000e+00 0.000000000000000e+00 0.000000000000000e+00 0.000000000000000e+00 0.000000000000000e+00 0.000000000000000e+00 0.000000000000000e+00 0.000000000000000e+00 0.000000000000000e+00
 0.000000000000000e+00 0.000000000000000e+00 0.000000000000000e+00 0.000000000000000e+00 0.000000000000000e+00 0.000000000000000e+00 0.000000000000000e+00 0.000000000000000e+00 0.000000000000000e+00 0.000000000000000e+00
 0.000000000000000e+00 0.000000000000000e+00 0.000000000000000e+00 0.000000000000000e+00 0.000000000000000e+00 0.000000000000000e+00 0.000000000000000e+00 0.000000000000000e+00 0.000000000000000e+00 0.000000000000000e+00
 0.000000000000000e+00 0.000000000000000e+00 0.000000000000000e+00 0.000000000000000e+00 0.000000000000000e+00 0.000000000000000e+00 0.000000000000000e+00 0.000000000000000e+00 0.000000000000000e+00 0.000000000000000e+00
 0.000000000000000e+00 0.000000000000000e+00 0.000000000000000e+00 0.000000000000000e+00 0.000000000000000e+00 0.000000000000000e+00 0.000000000000000e+00 0.000000000000000e+00 0.000000000000000e+00 0.000000000000000e+00
 0.000000000000000e+00 0.000000000000000e+00 0.000000000000000e+00 0.000000000000000e+00 0.000000000000000e+00 0.000000000000000e+00 0.000000000000000e+00 0.000000000000000e+00 0.000000000000000e+00 0.000000000000000e+00
 0.000000000000000e+00 0.000000000000000e+00 0.000000000000000e+00 0.000000000000000e+00 0.000000000000000e+00 0.000000000000000e+00 0.000000000000000e+00 0.000000000000000e+00 0.000000000000000e+00 0.000000000000000e+00
 0.000000000000000e+00 0.000000000000000e+00 0.000000000000000e+00 0.000000000000000e+00 0.000000000000000e+00 0.000000000000000e+00 0.000000000000000e+00 0.000000000000000e+00 0.000000000000000e+00 0.000000000000000e+00
 0.000000000000000e+00 0.000000000000000e+00 0.000000000000000e+00 0.000000000000000e+00 0.000000000000000e+00 0.000000000000000e+00 0.000000000000000e+00 0.000000000000000e+00 0.000000000000000e+00 0.000000000000000e+00
 0.000000000000000e+00 0.000000000000000e+00 0.000000000000000e+00 0.000000000000000e+00 0.000000000000000e+00 0.000000000000000e+00 0.000000000000000e+00 0.000000000000000e+00 0.000000000000000e+00 0.000000000000000e+00
 0.000000000000000e+00 0.000000000000000e+00 0.000000000000000e+00 0.000000000000000e+00 0.000000000000000e+00 0.000000000000000e+00 0.000000000000000e+00 0.000000000000000e+00 0.000000000000000e+00 0.000000000000000e+00
 0.000000000000000e+00 0.000000000000000e+00 0.000000000000000e+00 0.000000000000000e+00 0.000000000000000e+00 0.000000000000000e+00 0.000000000000000e+00 0.000000000000000e+00 0.000000000000000e+00 0.000000000000000e+00
 0.000000000000000e+00 0.000000000000000e+00 0.000000000000000e+00 0.000000000000000e+00 0.000000000000000e+00 0.000000000000000e+00 0.000000000000000e+00 0.000000000000000e+00 0.000000000000000e+00 0.000000000000000e+00
 0.000000000000000e+00 0.000000000000000e+00 0.000000000000000e+00 0.000000000000000e+00 0.000000000000000e+00 0.000000000000000e+00 0.000000000000000e+00 0.000000000000000e+00 0.000000000000000e+00 0.000000000000000e+00
 0.000000000000000e+00 0.000000000000000e+00 0.000000000000000e+00 0.000000000000000e+00 0.000000000000000e+00 0.000000000000000e+00 0.000000000000000e+00 0.000000000000000e+00 0.000000000000000e+00 0.000000000000000e+00
 0.000000000000000e+00 0.000000000000000e+00 0.000000000000000e+00 0.000000000000000e+00 0.000000000000000e+00 0.000000000000000e+00 0.000000000000000e+00 0.000000000000000e+00 0.000000000000000e+00 0.000000000000000e+00
 0.000000000000000e+00 0.000000000000000e+00 0.000000000000000e+00 0.000000000000000e+00 0.000000000000000e+00 0.000000000000000e+00 0.000000000000000e+00 0.000000000000000e+00 0.000000000000000e+00 0.000000000000000e+00
 0.000000000000000e+00 0.000000000000000e+00 0.000000000000000e+00 0.000000000000000e+00 0.000000000000000e+00 0.000000000000000e+00 0.000000000000000e+00 0.000000000000000e+00 0.000000000000000e+00 0.000000000000000e+00
 0.000000000000000e+00 0.000000000000000e+00 0.000000000000000e+00 0.000000000000000e+00 0.000000000000000e+00 0.000000000000000e+00 0.000000000000000e+00 0.000000000000000e+00 0.000000000000000e+00 0.000000000000000e+00
 0.000000000000000e+00 0.000000000000000e+00 0.000000000000000e+00 0.000000000000000e+00 0.000000000000000e+00 0.000000000000000e+00 0.000000000000000e+00 0.000000000000000e+00 0.000000000000000e+00 0.000000000000000e+00
 0.000000000000000e+00 0.000000000000000e+00 0.000000000000000e+00 0.000000000000000e+00 0.000000000000000e+00 0.000000000000000e+00 0.000000000000000e+00 0.000000000000000e+00 0.000000000000000e+00 0.000000000000000e+00
 0.000000000000000e+00 0.000000000000000e+00 0.000000000000000e+00 0.000000000000000e+00 0.000000000000000e+00 0.000000000000000e+00 0.000000000000000e+00 0.000000000000000e+00 0.000000000000000e+00 0.000000000000000e+00
 0.000000000000000e+00 0.000000000000000e+00 0.000000000000000e+00 0.000000000000000e+00 0.000000000000000e+00 0.000000000000000e+00 0.000000000000000e+00 0.000000000000000e+00 0.000000000000000e+00 0.000000000000000e+00
 0.000000000000000e+00 0.000000000000000e+00 0.000000000000000e+00 0.000000000000000e+00 0.000000000000000e+00 0.000000000000000e+00 0.000000000000000e+00 0.000000000000000e+00 0.000000000000000e+00 0.000000000000000e+00
 0.000000000000000e+00 0.000000000000000e+00 0.000000000000000e+00 0.000000000000000e+00 0.000000000000000e+00 0.000000000000000e+00 0.000000000000000e+00 0.000000000000000e+00 0.000000000000000e+00 0.000000000000000e+00
 0.000000000000000e+00 0.000000000000000e+00 0.000000000000000e+00 0.000000000000000e+00 0.000000000000000e+00 0.000000000000000e+00 0.000000000000000e+00 0.000000000000000e+00 0.000000000000000e+00 0.000000000000000e+00
 0.000000000000000e+00 0.000000000000000e+00 0.000000000000000e+00 0.000000000000000e+00 0.000000000000000e+00 0.000000000000000e+00 0.000000000000000e+00 0.000000000000000e+00 0.000000000000000e+00 0.000000000000000e+00
 0.000000000000000e+00 0.000000000000000e+00 0.000000000000000e+00 0.000000000000000e+00 0.000000000000000e+00 0.000000000000000e+00 0.000000000000000e+00 0.000000000000000e+00 0.000000000000000e+00 0.000000000000000e+00
 0.000000000000000e+00 0.000000000000000e+00 0.000000000000000e+00 0.000000000000000e+00 0.000000000000000e+00 0.000000000000000e+00 0.000000000000000e+00 0.000000000000000e+00 0.000000000000000e+00 0.000000000000000e+00
 0.000000000000000e+00 0.000000000000000e+00 0.000000000000000e+00 0.000000000000000e+00 0.000000000000000e+00 0.000000000000000e+00 0.000000000000000e+00 0.000000000000000e+00 0.000000000000000e+00 0.000000000000000e+00
 0.000000000000000e+00 0.000000000000000e+00 0.000000000000000e+00 0.000000000000000e+00 0.000000000000000e+00 0.000000000000000e+00 0.000000000000000e+00 0.000000000000000e+00 0.000000000000000e+00 0.000000000000000e+00
 0.000000000000000e+00 0.000000000000000e+00 0.000000000000000e+00 0.000000000000000e+00 0.000000000000000e+00 0.000000000000000e+00 0.000000000000000e+00 0.000000000000000e+00 0.000000000000000e+00 0.000000000000000e+00
 0.000000000000000e+00 0.000000000000000e+00 0.000000000000000e+00 0.000000000000000e+00 0.000000000000000e+00 0.000000000000000e+00 0.000000000000000e+00 0.000000000000000e+00 0.000000000000000e+00 0.000000000000000e+00
 0.000000000000000e+00 0.000000000000000e+00 0.000000000000000e+00 0.000000000000000e+00 0.000000000000000e+00 0.000000000000000e+00 0.000000000000000e+00 0.000000000000000e+00 0.000000000000000e+00 0.000000000000000e+00
 0.000000000000000e+00 0.000000000000000e+00 0.000000000000000e+00 0.000000000000000e+00 0.000000000000000e+00 0.000000000000000e+00 0.000000000000000e+00 0.000000000000000e+00 0.000000000000000e+00 0.000000000000000e+00
 0.000000000000000e+00 0.000000000000000e+00 0.000000000000000e+00 0.000000000000000e+00 0.000000000000000e+00 0.000000000000000e+00 0.000000000000000e+00 0.000000000000000e+00 0.000000000000000e+00 0.000000000000000e+00
 0.000000000000000e+00 0.000000000000000e+00 0.000000000000000e+00 0.000000000000000e+00 0.000000000000000e+00 0.000000000000000e+00 0.000000000000000e+00 0.000000000000000e+00 0.000000000000000e+00 0.000000000000000e+00
 0.000000000000000e+00 0.000000000000000e+00 0.000000000000000e+00 0.000000000000000e+00 0.000000000000000e+00 0.000000000000000e+00 0.000000000000000e+00 0.000000000000000e+00 0.000000000000000e+00 0.000000000000000e+00
 0.000000000000000e+00 0.000000000000000e+00 0.000000000000000e+00 0.000000000000000e+00 0.000000000000000e+00 0.000000000000000e+00 0.000000000000000e+00 0.000000000000000e+00 0.000000000000000e+00 0.000000000000000e+00
 0.000000000000000e+00 0.000000000000000e+00 0.000000000000000e+00 0.000000000000000e+00 0.000000000000000e+00 0.000000000000000e+00 0.000000000000000e+00 0.000000000000000e+00 0.000000000000000e+00 0.000000000000000e+00
 0.000000000000000e+00 0.000000000000000e+00 0.000000000000000e+00 0.000000000000000e+00 0.000000000000000e+00 0.000000000000000e+00 0.000000000000000e+00 0.000000000000000e+00 0.000000000000000e+00 0.000000000000000e+00
 0.000000000000000e+00 0.000000000000000e+00 0.000000000000000e+00 0.000000000000000e+00 0.000000000000000e+00 0.000000000000000e+00 0.000000000000000e+00 0.000000000000000e+00 0.000000000000000e+00 0.000000000000000e+00
 0.000000000000000e+00 0.000000000000000e+00 0.000000000000000e+00 0.000000000000000e+00 0.000000000000000e+00 0.000000000000000e+00 0.000000000000000e+00 0.000000000000000e+00 0.000000000000000e+00 0.000000000000000e+00
 0.000000000000000e+00 0.000000000000000e+00 0.000000000000000e+00 0.000000000000000e+00 0.000000000000000e+00 0.000000000000000e+00 0.000000000000000e+00 0.000000000000000e+00 0.000000000000000e+00 0.000000000000000e+00
 0.000000000000000e+00 0.000000000000000e+00 0.000000000000000e+00 0.000000000000000e+00 0.000000000000000e+00 0.000000000000000e+00 0.000000000000000e+00 0.000000000000000e+00 0.000000000000000e+00 0.000000000000000e+00
 0.000000000000000e+00 0.000000000000000e+00 0.000000000000000e+00 0.000000000000000e+00 0.000000000000000e+00 0.000000000000000e+00 0.000000000000000e+00 0.000000000000000e+00 0.000000000000000e+00 0.000000000000000e+00
 0.000000000000000e+00 0.000000000000000e+00 0.000000000000000e+00 0.000000000000000e+00 0.000000000000000e+00 0.000000000000000e+00 0.000000000000000e+00 0.000000000000000e+00 0.000000000000000e+00 0.000000000000000e+00
 0.000000000000000e+00 0.000000000000000e+00 0.000000000000000e+00 0.000000000000000e+00 0.000000000000000e+00 0.000000000000000e+00 0.000000000000000e+00 0.000000000000000e+00 0.000000000000000e+00 0.000000000000000e+00
 0.000000000000000e+00 0.000000000000000e+00 0.000000000000000e+00 0.000000000000000e+00 0.000000000000000e+00 0.000000000000000e+00 0.000000000000000e+00 0.000000000000000e+00 0.000000000000000e+00 0.000000000000000e+00
 0.000000000000000e+00 0.000000000000000e+00 0.000000000000000e+00 0.000000000000000e+00 0.000000000000000e+00 0.000000000000000e+00 0.000000000000000e+00 0.000000000000000e+00 0.000000000000000e+00 0.000000000000000e+00
 0.000000000000000e+00 0.000000000000000e+00 0.000000000000000e+00 0.000000000000000e+00 0.000000000000000e+00 0.000000000000000e+00 0.000000000000000e+00 0.000000000000000e+00 0.000000000000000e+00 0.000000000000000e+00
 0.000000000000000e+00 0.000000000000000e+00 0.000000000000000e+00 0.000000000000000e+00 0.000000000000000e+00 0.000000000000000e+00 0.000000000000000e+00 0.000000000000000e+00 0.000000000000000e+00 0.000000000000000e+00
 0.000000000000000e+00 0.000000000000000e+00 0.000000000000000e+00 0.000000000000000e+00 0.000000000000000e+00 0.000000000000000e+00 0.000000000000000e+00 0.000000000000000e+00 0.000000000000000e+00 0.000000000000000e+00
 0.000000000000000e+00 0.000000000000000e+00 0.000000000000000e+00 0.000000000000000e+00 0.000000000000000e+00 0.000000000000000e+00 0.000000000000000e+00 0.000000000000000e+00 0.000000000000000e+00 0.000000000000000e+00
 0.000000000000000e+00 0.000000000000000e+00 0.000000000000000e+00 0.000000000000000e+00 0.000000000000000e+00 0.000000000000000e+00 0.000000000000000e+00 0.000000000000000e+00 0.000000000000000e+00 0.000000000000000e+00
 0.000000000000000e+00 0.000000000000000e+00 0.000000000000000e+00 0.000000000000000e+00 0.000000000000000e+00 0.000000000000000e+00 0.000000000000000e+00 0.000000000000000e+00 0.000000000000000e+00 0.000000000000000e+00
 0.000000000000000e+00 0.000000000000000e+00 0.000000000000000e+00 0.000000000000000e+00 0.000000000000000e+00 0.000000000000000e+00 0.000000000000000e+00 0.000000000000000e+00 0.000000000000000e+00 0.000000000000000e+00
 0.000000000000000e+00 0.000000000000000e+00 0.000000000000000e+00 0.000000000000000e+00 0.000000000000000e+00 0.000000000000000e+00 0.000000000000000e+00 0.000000000000000e+00 0.000000000000000e+00 0.000000000000000e+00
 0.000000000000000e+00 0.000000000000000e+00 0.000000000000000e+00 0.000000000000000e+00 0.000000000000000e+00 0.000000000000000e+00 0.000000000000000e+00 0.000000000000000e+00 0.000000000000000e+00 0.000000000000000e+00
 0.000000000000000e+00 0.000000000000000e+00 0.000000000000000e+00 0.000000000000000e+00 0.000000000000000e+00 0.000000000000000e+00 0.000000000000000e+00 0.000000000000000e+00 0.000000000000000e+00 0.000000000000000e+00
 0.000000000000000e+00 0.000000000000000e+00 0.000000000000000e+00 0.000000000000000e+00 0.000000000000000e+00 0.000000000000000e+00 0.000000000000000e+00 0.000000000000000e+00 0.000000000000000e+00 0.000000000000000e+00
 0.000000000000000e+00 0.000000000000000e+00 0.000000000000000e+00 0.000000000000000e+00 0.000000000000000e+00 0.000000000000000e+00 0.000000000000000e+00 0.000000000000000e+00 0.000000000000000e+00 0.000000000000000e+00
 0.000000000000000e+00 0.000000000000000e+00 0.000000000000000e+00 0.000000000000000e+00 0.000000000000000e+00 0.000000000000000e+00 0.000000000000000e+00 0.000000000000000e+00 0.000000000000000e+00 0.000000000000000e+00
 0.000000000000000e+00 0.000000000000000e+00 0.000000000000000e+00 0.000000000000000e+00 0.000000000000000e+00 0.000000000000000e+00 0.000000000000000e+00 0.000000000000000e+00 0.000000000000000e+00 0.000000000000000e+00
 0.000000000000000e+00 0.000000000000000e+00 0.000000000000000e+00 0.000000000000000e+00 0.000000000000000e+00 0.000000000000000e+00 0.000000000000000e+00 0.000000000000000e+00 0.000000000000000e+00 0.000000000000000e+00
 0.000000000000000e+00 0.000000000000000e+00 0.000000000000000e+00 0.000000000000000e+00 0.000000000000000e+00 0.000000000000000e+00 0.000000000000000e+00 0.000000000000000e+00 0.000000000000000e+00 0.000000000000000e+00
 0.000000000000000e+00 0.000000000000000e+00 0.000000000000000e+00 0.000000000000000e+00 0.000000000000000e+00 0.000000000000000e+00 0.000000000000000e+00 0.000000000000000e+00 0.000000000000000e+00 0.000000000000000e+00
 0.000000000000000e+00 0.000000000000000e+00 0.000000000000000e+00 0.000000000000000e+00 0.000000000000000e+00 0.000000000000000e+00 0.000000000000000e+00 0.000000000000000e+00 0.000000000000000e+00 0.000000000000000e+00
 0.000000000000000e+00 0.000000000000000e+00 0.000000000000000e+00 0.000000000000000e+00 0.000000000000000e+00 0.000000000000000e+00 0.000000000000000e+00 0.000000000000000e+00 0.000000000000000e+00 0.000000000000000e+00
 0.000000000000000e+00 0.000000000000000e+00 0.000000000000000e+00 0.000000000000000e+00 0.000000000000000e+00 0.000000000000000e+00 0.000000000000000e+00 0.000000000000000e+00 0.000000000000000e+00 0.000000000000000e+00
 0.000000000000000e+00 0.000000000000000e+00 0.000000000000000e+00 0.000000000000000e+00 0.000000000000000e+00 0.000000000000000e+00 0.000000000000000e+00 0.000000000000000e+00 0.000000000000000e+00 0.000000000000000e+00
 0.000000000000000e+00 0.000000000000000e+00 0.000000000000000e+00 0.000000000000000e+00 0.000000000000000e+00 0.000000000000000e+00 0.000000000000000e+00 0.000000000000000e+00 0.000000000000000e+00 0.000000000000000e+00
 0.000000000000000e+00 0.000000000000000e+00 0.000000000000000e+00 0.000000000000000e+00 0.000000000000000e+00 0.000000000000000e+00 0.000000000000000e+00 0.000000000000000e+00 0.000000000000000e+00 0.000000000000000e+00
 0.000000000000000e+00 0.000000000000000e+00 0.000000000000000e+00 0.000000000000000e+00 0.000000000000000e+00 0.000000000000000e+00 0.000000000000000e+00 0.000000000000000e+00 0.000000000000000e+00 0.000000000000000e+00
 0.000000000000000e+00 0.000000000000000e+00 0.000000000000000e+00 0.000000000000000e+00 0.000000000000000e+00 0.000000000000000e+00 0.000000000000000e+00 0.000000000000000e+00 0.000000000000000e+00 0.000000000000000e+00
 0.000000000000000e+00 0.000000000000000e+00 0.000000000000000e+00 0.000000000000000e+00 0.000000000000000e+00 0.000000000000000e+00 0.000000000000000e+00 0.000000000000000e+00 0.000000000000000e+00 0.000000000000000e+00
 0.000000000000000e+00 0.000000000000000e+00 0.000000000000000e+00 0.000000000000000e+00 0.000000000000000e+00 0.000000000000000e+00 0.000000000000000e+00 0.000000000000000e+00 0.000000000000000e+00 0.000000000000000e+00
 0.000000000000000e+00 0.000000000000000e+00 0.000000000000000e+00 0.000000000000000e+00 0.000000000000000e+00 0.000000000000000e+00 0.000000000000000e+00 0.000000000000000e+00 0.000000000000000e+00 0.000000000000000e+00
 0.000000000000000e+00 0.000000000000000e+00 0.000000000000000e+00 0.000000000000000e+00 0.000000000000000e+00 0.000000000000000e+00 0.000000000000000e+00 0.000000000000000e+00 0.000000000000000e+00 0.000000000000000e+00
 0.000000000000000e+00 0.000000000000000e+00 0.000000000000000e+00 0.000000000000000e+00 0.000000000000000e+00 0.000000000000000e+00 0.000000000000000e+00 0.000000000000000e+00 0.000000000000000e+00 0.000000000000000e+00
 0.000000000000000e+00 0.000000000000000e+00 0.000000000000000e+00 0.000000000000000e+00 0.000000000000000e+00 0.000000000000000e+00 0.000000000000000e+00 0.000000000000000e+00 0.000000000000000e+00 0.000000000000000e+00
 0.000000000000000e+00 0.000000000000000e+00 0.000000000000000e+00 0.000000000000000e+00 0.000000000000000e+00 0.000000000000000e+00 0.000000000000000e+00 0.000000000000000e+00 0.000000000000000e+00 0.000000000000000e+00
 0.000000000000000e+00 0.000000000000000e+00 0.000000000000000e+00 0.000000000000000e+00 0.000000000000000e+00 0.000000000000000e+00 0.000000000000000e+00 0.000000000000000e+00 0.000000000000000e+00 0.000000000000000e+00
 0.000000000000000e+00 0.000000000000000e+00 0.000000000000000e+00 0.000000000000000e+00 0.000000000000000e+00 0.000000000000000e+00 0.000000000000000e+00 0.000000000000000e+00 0.000000000000000e+00 0.000000000000000e+00
 0.000000000000000e+00 0.000000000000000e+00 0.000000000000000e+00 0.000000000000000e+00 0.000000000000000e+00 0.000000000000000e+00 0.000000000000000e+00 0.000000000000000e+00 0.000000000000000e+00 0.000000000000000e+00
 0.000000000000000e+00 0.000000000000000e+00 0.000000000000000e+00 0.000000000000000e+00 0.000000000000000e+00 0.000000000000000e+00 0.000000000000000e+00 0.000000000000000e+00 0.000000000000000e+00 0.000000000000000e+00
 0.000000000000000e+00 0.000000000000000e+00 0.000000000000000e+00 0.000000000000000e+00 0.000000000000000e+00 0.000000000000000e+00 0.000000000000000e+00 0.000000000000000e+00 0.000000000000000e+00 0.000000000000000e+00
 0.000000000000000e+00 0.000000000000000e+00 0.000000000000000e+00 0.000000000000000e+00 0.000000000000000e+00 0.000000000000000e+00 0.000000000000000e+00 0.000000000000000e+00 0.000000000000000e+00 0.000000000000000e+00
 0.000000000000000e+00 0.000000000000000e+00 0.000000000000000e+00 0.000000000000000e+00 0.000000000000000e+00 0.000000000000000e+00 0.000000000000000e+00 0.000000000000000e+00 0.000000000000000e+00 0.000000000000000e+00
 0.000000000000000e+00 0.000000000000000e+00 0.000000000000000e+00 0.000000000000000e+00 0.000000000000000e+00 0.000000000000000e+00 0.000000000000000e+00 0.000000000000000e+00 0.000000000000000e+00 0.000000000000000e+00
 0.000000000000000e+00 0.000000000000000e+00 0.000000000000000e+00 0.000000000000000e+00 0.000000000000000e+00 0.000000000000000e+00 0.000000000000000e+00 0.000000000000000e+00 0.000000000000000e+00 0.000000000000000e+00
 0.000000000000000e+00 0.000000000000000e+00 0.000000000000000e+00 0.000000000000000e+00 0.000000000000000e+00 0.000000000000000e+00 0.000000000000000e+00 0.000000000000000e+00 0.000000000000000e+00 0.000000000000000e+00
 0.000000000000000e+00 0.000000000000000e+00 0.000000000000000e+00 0.000000000000000e+00 0.000000000000000e+00 0.000000000000000e+00 0.000000000000000e+00 0.000000000000000e+00 0.000000000000000e+00 0.000000000000000e+00
 0.000000000000000e+00 0.000000000000000e+00 0.000000000000000e+00 0.000000000000000e+00 0.000000000000000e+00 0.000000000000000e+00 0.000000000000000e+00 0.000000000000000e+00 0.000000000000000e+00 0.000000000000000e+00
 0.000000000000000e+00 0.000000000000000e+00 0.000000000000000e+00 0.000000000000000e+00 0.000000000000000e+00 0.000000000000000e+00 0.000000000000000e+00 0.000000000000000e+00 0.000000000000000e+00 0.000000000000000e+00
 0.000000000000000e+00 0.000000000000000e+00 0.000000000000000e+00 0.000000000000000e+00 0.000000000000000e+00 0.000000000000000e+00 0.000000000000000e+00 0.000000000000000e+00 0.000000000000000e+00 0.000000000000000e+00
 0.000000000000000e+00 0.000000000000000e+00 0.000000000000000e+00 0.000000000000000e+00 0.000000000000000e+00 0.000000000000000e+00 0.000000000000000e+00 0.000000000000000e+00 0.000000000000000e+00 0.000000000000000e+00
 0.000000000000000e+00 0.000000000000000e+00 0.000000000000000e+00 0.000000000000000e+00 0.000000000000000e+00 0.000000000000000e+00 0.000000000000000e+00 0.000000000000000e+00 0.000000000000000e+00 0.000000000000000e+00
 0.000000000000000e+00 0.000000000000000e+00 0.000000000000000e+00 0.000000000000000e+00 0.000000000000000e+00 0.000000000000000e+00 0.000000000000000e+00 0.000000000000000e+00 0.000000000000000e+00 0.000000000000000e+00
 0.000000000000000e+00 0.000000000000000e+00 0.000000000000000e+00 0.000000000000000e+00 0.000000000000000e+00 0.000000000000000e+00 0.000000000000000e+00 0.000000000000000e+00 0.000000000000000e+00 0.000000000000000e+00
 0.000000000000000e+00 0.000000000000000e+00 0.000000000000000e+00 0.000000000000000e+00 0.000000000000000e+00 0.000000000000000e+00 0.000000000000000e+00 0.000000000000000e+00 0.000000000000000e+00 0.000000000000000e+00
 0.000000000000000e+00 0.000000000000000e+00 0.000000000000000e+00 0.000000000000000e+00 0.000000000000000e+00 0.000000000000000e+00 0.000000000000000e+00 0.000000000000000e+00 0.000000000000000e+00 0.000000000000000e+00
 0.000000000000000e+00 0.000000000000000e+00 0.000000000000000e+00 0.000000000000000e+00 0.000000000000000e+00 0.000000000000000e+00 0.000000000000000e+00 0.000000000000000e+00 0.000000000000000e+00 0.000000000000000e+00
 0.000000000000000e+00 0.000000000000000e+00 0.000000000000000e+00 0.000000000000000e+00 0.000000000000000e+00 0.000000000000000e+00 0.000000000000000e+00 0.000000000000000e+00 0.000000000000000e+00 0.000000000000000e+00
 0.000000000000000e+00 0.000000000000000e+00 0.000000000000000e+00 0.000000000000000e+00 0.000000000000000e+00 0.000000000000000e+00 0.000000000000000e+00 0.000000000000000e+00 0.000000000000000e+00 0.000000000000000e+00
 0.000000000000000e+00 0.000000000000000e+00 0.000000000000000e+00 0.000000000000000e+00 0.000000000000000e+00 0.000000000000000e+00 0.000000000000000e+00 0.000000000000000e+00 0.000000000000000e+00 0.000000000000000e+00
 0.000000000000000e+00 0.000000000000000e+00 0.000000000000000e+00 0.000000000000000e+00 0.000000000000000e+00 0.000000000000000e+00 0.000000000000000e+00 0.000000000000000e+00 0.000000000000000e+00 0.000000000000000e+00
 0.000000000000000e+00 0.000000000000000e+00 0.000000000000000e+00 0.000000000000000e+00 0.000000000000000e+00 0.000000000000000e+00 0.000000000000000e+00 0.000000000000000e+00 0.000000000000000e+00 0.000000000000000e+00
 0.000000000000000e+00 0.000000000000000e+00 0.000000000000000e+00 0.000000000000000e+00 0.000000000000000e+00 0.000000000000000e+00 0.000000000000000e+00 0.000000000000000e+00 0.000000000000000e+00 0.000000000000000e+00
 0.000000000000000e+00 0.000000000000000e+00 0.000000000000000e+00 0.000000000000000e+00 0.000000000000000e+00 0.000000000000000e+00 0.000000000000000e+00 0.000000000000000e+00 0.000000000000000e+00 0.000000000000000e+00
 0.000000000000000e+00 0.000000000000000e+00 0.000000000000000e+00 0.000000000000000e+00 0.000000000000000e+00 0.000000000000000e+00 0.000000000000000e+00 0.000000000000000e+00 0.000000000000000e+00 0.000000000000000e+00
 0.000000000000000e+00 0.000000000000000e+00 0.000000000000000e+00 0.000000000000000e+00 0.000000000000000e+00 0.000000000000000e+00 0.000000000000000e+00 0.000000000000000e+00 0.000000000000000e+00 0.000000000000000e+00
 0.000000000000000e+00 0.000000000000000e+00 0.000000000000000e+00 0.000000000000000e+00 0.000000000000000e+00 0.000000000000000e+00 0.000000000000000e+00 0.000000000000000e+00 0.000000000000000e+00 0.000000000000000e+00
 0.000000000000000e+00 0.000000000000000e+00 0.000000000000000e+00 0.000000000000000e+00 0.000000000000000e+00 0.000000000000000e+00 0.000000000000000e+00 0.000000000000000e+00 0.000000000000000e+00 0.000000000000000e+00
 0.000000000000000e+00 0.000000000000000e+00 0.000000000000000e+00 0.000000000000000e+00 0.000000000000000e+00 0.000000000000000e+00 0.000000000000000e+00 0.000000000000000e+00 0.000000000000000e+00 0.000000000000000e+00
 0.000000000000000e+00 0.000000000000000e+00 0.000000000000000e+00 0.000000000000000e+00 0.000000000000000e+00 0.000000000000000e+00 0.000000000000000e+00 0.000000000000000e+00 0.000000000000000e+00 0.000000000000000e+00
 0.000000000000000e+00 0.000000000000000e+00 0.000000000000000e+00 0.000000000000000e+00 0.000000000000000e+00 0.000000000000000e+00 0.000000000000000e+00 0.000000000000000e+00 0.000000000000000e+00 0.000000000000000e+00
 0.000000000000000e+00 0.000000000000000e+00 0.000000000000000e+00 0.000000000000000e+00 0.000000000000000e+00 0.000000000000000e+00 0.000000000000000e+00 0.000000000000000e+00 0.000000000000000e+00 0.000000000000000e+00
 0.000000000000000e+00 0.000000000000000e+00 0.000000000000000e+00 0.000000000000000e+00 0.000000000000000e+00 0.000000000000000e+00 0.000000000000000e+00 0.000000000000000e+00 0.000000000000000e+00 0.000000000000000e+00
 0.000000000000000e+00 0.000000000000000e+00 0.000000000000000e+00 0.000000000000000e+00 0.000000000000000e+00 0.000000000000000e+00 0.000000000000000e+00 0.000000000000000e+00 0.000000000000000e+00 0.000000000000000e+00
 0.000000000000000e+00 0.000000000000000e+00 0.000000000000000e+00 0.000000000000000e+00 0.000000000000000e+00 0.000000000000000e+00 0.000000000000000e+00 0.000000000000000e+00 0.000000000000000e+00 0.000000000000000e+00
 0.000000000000000e+00 0.000000000000000e+00 0.000000000000000e+00 0.000000000000000e+00 0.000000000000000e+00 0.000000000000000e+00 0.000000000000000e+00 0.000000000000000e+00 0.000000000000000e+00 0.000000000000000e+00
 0.000000000000000e+00 0.000000000000000e+00 0.000000000000000e+00 0.000000000000000e+00 0.000000000000000e+00 0.000000000000000e+00 0.000000000000000e+00 0.000000000000000e+00 0.000000000000000e+00 0.000000000000000e+00
 0.000000000000000e+00 0.000000000000000e+00 0.000000000000000e+00 0.000000000000000e+00 0.000000000000000e+00 0.000000000000000e+00 0.000000000000000e+00 0.000000000000000e+00 0.000000000000000e+00 0.000000000000000e+00
 0.000000000000000e+00 0.000000000000000e+00 0.000000000000000e+00 0.000000000000000e+00 0.000000000000000e+00 0.000000000000000e+00 0.000000000000000e+00 0.000000000000000e+00 0.000000000000000e+00 0.000000000000000e+00
 0.000000000000000e+00 0.000000000000000e+00 0.000000000000000e+00 0.000000000000000e+00 0.000000000000000e+00 0.000000000000000e+00 0.000000000000000e+00 0.000000000000000e+00 0.000000000000000e+00 0.000000000000000e+00
 0.000000000000000e+00 0.000000000000000e+00 0.000000000000000e+00 0.000000000000000e+00 0.000000000000000e+00 0.000000000000000e+00 0.000000000000000e+00 0.000000000000000e+00 0.000000000000000e+00 0.000000000000000e+00
 0.000000000000000e+00 0.000000000000000e+00 0.000000000000000e+00 0.000000000000000e+00 0.000000000000000e+00 0.000000000000000e+00 0.000000000000000e+00 0.000000000000000e+00 0.000000000000000e+00 0.000000000000000e+00
 0.000000000000000e+00 0.000000000000000e+00 0.000000000000000e+00 0.000000000000000e+00 0.000000000000000e+00 0.000000000000000e+00 0.000000000000000e+00 0.000000000000000e+00 0.000000000000000e+00 0.000000000000000e+00
 0.000000000000000e+00 0.000000000000000e+00 0.000000000000000e+00 0.000000000000000e+00 0.000000000000000e+00 0.000000000000000e+00 0.000000000000000e+00 0.000000000000000e+00 0.000000000000000e+00 0.000000000000000e+00
 0.000000000000000e+00 0.000000000000000e+00 0.000000000000000e+00 0.000000000000000e+00 0.000000000000000e+00 0.000000000000000e+00 0.000000000000000e+00 0.000000000000000e+00 0.000000000000000e+00 0.000000000000000e+00
 0.000000000000000e+00 0.000000000000000e+00 0.000000000000000e+00 0.000000000000000e+00 0.000000000000000e+00 0.000000000000000e+00 0.000000000000000e+00 0.000000000000000e+00 0.000000000000000e+00 0.000000000000000e+00
 0.000000000000000e+00 0.000000000000000e+00 0.000000000000000e+00 0.000000000000000e+00 0.000000000000000e+00 0.000000000000000e+00 0.000000000000000e+00 0.000000000000000e+00 0.000000000000000e+00 0.000000000000000e+00
 0.000000000000000e+00 0.000000000000000e+00 0.000000000000000e+00 0.000000000000000e+00 0.000000000000000e+00 0.000000000000000e+00 0.000000000000000e+00 0.000000000000000e+00 0.000000000000000e+00 0.000000000000000e+00
 0.000000000000000e+00 0.000000000000000e+00 0.000000000000000e+00 0.000000000000000e+00 0.000000000000000e+00 0.000000000000000e+00 0.000000000000000e+00 0.000000000000000e+00 0.000000000000000e+00 0.000000000000000e+00
 0.000000000000000e+00 0.000000000000000e+00 0.000000000000000e+00 0.000000000000000e+00 0.000000000000000e+00 0.000000000000000e+00 0.000000000000000e+00 0.000000000000000e+00 0.000000000000000e+00 0.000000000000000e+00
 0.000000000000000e+00 0.000000000000000e+00 0.000000000000000e+00 0.000000000000000e+00 0.000000000000000e+00 0.000000000000000e+00 0.000000000000000e+00 0.000000000000000e+00 0.000000000000000e+00 0.000000000000000e+00
 0.000000000000000e+00 0.000000000000000e+00 0.000000000000000e+00 0.000000000000000e+00 0.000000000000000e+00 0.000000000000000e+00 0.000000000000000e+00 0.000000000000000e+00 0.000000000000000e+00 0.000000000000000e+00
 0.000000000000000e+00 0.000000000000000e+00 0.000000000000000e+00 0.000000000000000e+00 0.000000000000000e+00 0.000000000000000e+00 0.000000000000000e+00 0.000000000000000e+00 0.000000000000000e+00 0.000000000000000e+00
 0.000000000000000e+00 0.000000000000000e+00 0.000000000000000e+00 0.000000000000000e+00 0.000000000000000e+00 0.000000000000000e+00 0.000000000000000e+00 0.000000000000000e+00 0.000000000000000e+00 0.000000000000000e+00
 0.000000000000000e+00 0.000000000000000e+00 0.000000000000000e+00 0.000000000000000e+00 0.000000000000000e+00 0.000000000000000e+00 0.000000000000000e+00 0.000000000000000e+00 0.000000000000000e+00 0.000000000000000e+00
 0.000000000000000e+00 0.000000000000000e+00 0.000000000000000e+00 0.000000000000000e+00 0.000000000000000e+00 0.000000000000000e+00 0.000000000000000e+00 0.000000000000000e+00 0.000000000000000e+00 0.000000000000000e+00
 0.000000000000000e+00 0.000000000000000e+00 0.000000000000000e+00 0.000000000000000e+00 0.000000000000000e+00 0.000000000000000e+00 0.000000000000000e+00 0.000000000000000e+00 0.000000000000000e+00 0.000000000000000e+00
 0.000000000000000e+00 0.000000000000000e+00 0.000000000000000e+00 0.000000000000000e+00 0.000000000000000e+00 0.000000000000000e+00 0.000000000000000e+00 0.000000000000000e+00 0.000000000000000e+00 0.000000000000000e+00
 0.000000000000000e+00 0.000000000000000e+00 0.000000000000000e+00 0.000000000000000e+00 0.000000000000000e+00 0.000000000000000e+00 0.000000000000000e+00 0.000000000000000e+00 0.000000000000000e+00 0.000000000000000e+00
 0.000000000000000e+00 0.000000000000000e+00 0.000000000000000e+00 0.000000000000000e+00 0.000000000000000e+00 0.000000000000000e+00 0.000000000000000e+00 0.000000000000000e+00 0.000000000000000e+00 0.000000000000000e+00
 0.000000000000000e+00 0.000000000000000e+00 0.000000000000000e+00 0.000000000000000e+00 0.000000000000000e+00 0.000000000000000e+00 0.000000000000000e+00 0.000000000000000e+00 0.000000000000000e+00 0.000000000000000e+00
 0.000000000000000e+00 0.000000000000000e+00 0.000000000000000e+00 0.000000000000000e+00 0.000000000000000e+00 0.000000000000000e+00 0.000000000000000e+00 0.000000000000000e+00 0.000000000000000e+00 0.000000000000000e+00
 0.000000000000000e+00 0.000000000000000e+00 0.000000000000000e+00 0.000000000000000e+00 0.000000000000000e+00 0.000000000000000e+00 0.000000000000000e+00 0.000000000000000e+00 0.000000000000000e+00 0.000000000000000e+00
 0.000000000000000e+00 0.000000000000000e+00 0.000000000000000e+00 0.000000000000000e+00 0.000000000000000e+00 0.000000000000000e+00 0.000000000000000e+00 0.000000000000000e+00 0.000000000000000e+00 0.000000000000000e+00
 0.000000000000000e+00 0.000000000000000e+00 0.000000000000000e+00 0.000000000000000e+00 0.000000000000000e+00 0.000000000000000e+00 0.000000000000000e+00 0.000000000000000e+00 0.000000000000000e+00 0.000000000000000e+00
 0.000000000000000e+00 0.000000000000000e+00 0.000000000000000e+00 0.000000000000000e+00 0.000000000000000e+00 0.000000000000000e+00 0.000000000000000e+00 0.000000000000000e+00 0.000000000000000e+00 0.000000000000000e+00
 0.000000000000000e+00 0.000000000000000e+00 0.000000000000000e+00 0.000000000000000e+00 0.000000000000000e+00 0.000000000000000e+00 0.000000000000000e+00 0.000000000000000e+00 0.000000000000000e+00 0.000000000000000e+00
 0.000000000000000e+00 0.000000000000000e+00 0.000000000000000e+00 0.000000000000000e+00 0.000000000000000e+00 0.000000000000000e+00 0.000000000000000e+00 0.000000000000000e+00 0.000000000000000e+00 0.000000000000000e+00
 0.000000000000000e+00 0.000000000000000e+00 0.000000000000000e+00 0.000000000000000e+00 0.000000000000000e+00 0.000000000000000e+00 0.000000000000000e+00 0.000000000000000e+00 0.000000000000000e+00 0.000000000000000e+00
 0.000000000000000e+00 0.000000000000000e+00 0.000000000000000e+00 0.000000000000000e+00 0.000000000000000e+00 0.000000000000000e+00 0.000000000000000e+00 0.000000000000000e+00 0.000000000000000e+00 0.000000000000000e+00
 0.000000000000000e+00 0.000000000000000e+00 0.000000000000000e+00 0.000000000000000e+00 0.000000000000000e+00 0.000000000000000e+00 0.000000000000000e+00 0.000000000000000e+00 0.000000000000000e+00 0.000000000000000e+00
 0.000000000000000e+00 0.000000000000000e+00 0.000000000000000e+00 0.000000000000000e+00 0.000000000000000e+00 0.000000000000000e+00 0.000000000000000e+00 0.000000000000000e+00 0.000000000000000e+00 0.000000000000000e+00
 0.000000000000000e+00 0.000000000000000e+00 0.000000000000000e+00 0.000000000000000e+00 0.000000000000000e+00 0.000000000000000e+00 0.000000000000000e+00 0.000000000000000e+00 0.000000000000000e+00 0.000000000000000e+00
 0.000000000000000e+00 0.000000000000000e+00 0.000000000000000e+00 0.000000000000000e+00 0.000000000000000e+00 0.000000000000000e+00 0.000000000000000e+00 0.000000000000000e+00 0.000000000000000e+00 0.000000000000000e+00
 0.000000000000000e+00 0.000000000000000e+00 0.000000000000000e+00 0.000000000000000e+00 0.000000000000000e+00 0.000000000000000e+00 0.000000000000000e+00 0.000000000000000e+00 0.000000000000000e+00 0.000000000000000e+00
 0.000000000000000e+00 0.000000000000000e+00 0.000000000000000e+00 0.000000000000000e+00 0.000000000000000e+00 0.000000000000000e+00 0.000000000000000e+00 0.000000000000000e+00 0.000000000000000e+00 0.000000000000000e+00
 0.000000000000000e+00 0.000000000000000e+00 0.000000000000000e+00 0.000000000000000e+00 0.000000000000000e+00 0.000000000000000e+00 0.000000000000000e+00 0.000000000000000e+00 0.000000000000000e+00 0.000000000000000e+00
 0.000000000000000e+00 0.000000000000000e+00 0.000000000000000e+00 0.000000000000000e+00 0.000000000000000e+00 0.000000000000000e+00 0.000000000000000e+00 0.000000000000000e+00 0.000000000000000e+00 0.000000000000000e+00
 0.000000000000000e+00 0.000000000000000e+00 0.000000000000000e+00 0.000000000000000e+00 0.000000000000000e+00 0.000000000000000e+00 0.000000000000000e+00 0.000000000000000e+00 0.000000000000000e+00 0.000000000000000e+00
 0.000000000000000e+00 0.000000000000000e+00 0.000000000000000e+00 0.000000000000000e+00 0.000000000000000e+00 0.000000000000000e+00 0.000000000000000e+00 0.000000000000000e+00 0.000000000000000e+00 0.000000000000000e+00
 0.000000000000000e+00 0.000000000000000e+00 0.000000000000000e+00 0.000000000000000e+00 0.000000000000000e+00 0.000000000000000e+00 0.000000000000000e+00 0.000000000000000e+00 0.000000000000000e+00 0.000000000000000e+00
 0.000000000000000e+00 0.000000000000000e+00 0.000000000000000e+00 0.000000000000000e+00 0.000000000000000e+00 0.000000000000000e+00 0.000000000000000e+00 0.000000000000000e+00 0.000000000000000e+00 0.000000000000000e+00
 0.000000000000000e+00 0.000000000000000e+00 0.000000000000000e+00 0.000000000000000e+00 0.000000000000000e+00 0.000000000000000e+00 0.000000000000000e+00 0.000000000000000e+00 0.000000000000000e+00 0.000000000000000e+00
 0.000000000000000e+00 0.000000000000000e+00 0.000000000000000e+00 0.000000000000000e+00 0.000000000000000e+00 0.000000000000000e+00 0.000000000000000e+00 0.000000000000000e+00 0.000000000000000e+00 0.000000000000000e+00
 0.000000000000000e+00 0.000000000000000e+00 0.000000000000000e+00 0.000000000000000e+00 0.000000000000000e+00 0.000000000000000e+00 0.000000000000000e+00 0.000000000000000e+00 0.000000000000000e+00 0.000000000000000e+00
 0.000000000000000e+00 0.000000000000000e+00 0.000000000000000e+00 0.000000000000000e+00 0.000000000000000e+00 0.000000000000000e+00 0.000000000000000e+00 0.000000000000000e+00 0.000000000000000e+00 0.000000000000000e+00
 0.000000000000000e+00 0.000000000000000e+00 0.000000000000000e+00 0.000000000000000e+00 0.000000000000000e+00 0.000000000000000e+00 0.000000000000000e+00 0.000000000000000e+00 0.000000000000000e+00 0.000000000000000e+00
 0.000000000000000e+00 0.000000000000000e+00 0.000000000000000e+00 0.000000000000000e+00 0.000000000000000e+00 0.000000000000000e+00 0.000000000000000e+00 0.000000000000000e+00 0.000000000000000e+00 0.000000000000000e+00
 0.000000000000000e+00 0.000000000000000e+00 0.000000000000000e+00 0.000000000000000e+00 0.000000000000000e+00 0.000000000000000e+00 0.000000000000000e+00 0.000000000000000e+00 0.000000000000000e+00 0.000000000000000e+00
 0.000000000000000e+00 0.000000000000000e+00 0.000000000000000e+00 0.000000000000000e+00 0.000000000000000e+00 0.000000000000000e+00 0.000000000000000e+00 0.000000000000000e+00 0.000000000000000e+00 0.000000000000000e+00
 0.000000000000000e+00 0.000000000000000e+00 0.000000000000000e+00 0.000000000000000e+00 0.000000000000000e+00 0.000000000000000e+00 0.000000000000000e+00 0.000000000000000e+00 0.000000000000000e+00 0.000000000000000e+00
 0.000000000000000e+00 0.000000000000000e+00 0.000000000000000e+00 0.000000000000000e+00 0.000000000000000e+00 0.000000000000000e+00 0.000000000000000e+00 0.000000000000000e+00 0.000000000000000e+00 0.000000000000000e+00
 0.000000000000000e+00 0.000000000000000e+00 0.000000000000000e+00 0.000000000000000e+00 0.000000000000000e+00 0.000000000000000e+00 0.000000000000000e+00 0.000000000000000e+00 0.000000000000000e+00 0.000000000000000e+00
 0.000000000000000e+00 0.000000000000000e+00 0.000000000000000e+00 0.000000000000000e+00 0.000000000000000e+00 0.000000000000000e+00 0.000000000000000e+00 0.000000000000000e+00 0.000000000000000e+00 0.000000000000000e+00
 0.000000000000000e+00 0.000000000000000e+00 0.000000000000000e+00 0.000000000000000e+00 0.000000000000000e+00 0.000000000000000e+00 0.000000000000000e+00 0.000000000000000e+00 0.000000000000000e+00 0.000000000000000e+00
 0.000000000000000e+00 0.000000000000000e+00 0.000000000000000e+00 0.000000000000000e+00 0.000000000000000e+00 0.000000000000000e+00 0.000000000000000e+00 0.000000000000000e+00 0.000000000000000e+00 0.000000000000000e+00
 0.000000000000000e+00 0.000000000000000e+00 0.000000000000000e+00 0.000000000000000e+00 0.000000000000000e+00 0.000000000000000e+00 0.000000000000000e+00 0.000000000000000e+00 0.000000000000000e+00 0.000000000000000e+00
 0.000000000000000e+00 0.000000000000000e+00 0.000000000000000e+00 0.000000000000000e+00 0.000000000000000e+00 0.000000000000000e+00 0.000000000000000e+00 0.000000000000000e+00 0.000000000000000e+00 0.000000000000000e+00
 0.000000000000000e+00 0.000000000000000e+00 0.000000000000000e+00 0.000000000000000e+00 0.000000000000000e+00 0.000000000000000e+00 0.000000000000000e+00 0.000000000000000e+00 0.000000000000000e+00 0.000000000000000e+00
 0.000000000000000e+00 0.000000000000000e+00 0.000000000000000e+00 0.000000000000000e+00 0.000000000000000e+00 0.000000000000000e+00 0.000000000000000e+00 0.000000000000000e+00 0.000000000000000e+00 0.000000000000000e+00
 0.000000000000000e+00 0.000000000000000e+00 0.000000000000000e+00 0.000000000000000e+00 0.000000000000000e+00 0.000000000000000e+00 0.000000000000000e+00 0.000000000000000e+00 0.000000000000000e+00 0.000000000000000e+00
 0.000000000000000e+00 0.000000000000000e+00 0.000000000000000e+00 0.000000000000000e+00 0.000000000000000e+00 0.000000000000000e+00 0.000000000000000e+00 0.000000000000000e+00 0.000000000000000e+00 0.000000000000000e+00
 0.000000000000000e+00 0.000000000000000e+00 0.000000000000000e+00 0.000000000000000e+00 0.000000000000000e+00 0.000000000000000e+00 0.000000000000000e+00 0.000000000000000e+00 0.000000000000000e+00 0.000000000000000e+00
 0.000000000000000e+00 0.000000000000000e+00 0.000000000000000e+00 0.000000000000000e+00 0.000000000000000e+00 0.000000000000000e+00 0.000000000000000e+00 0.000000000000000e+00 0.000000000000000e+00 0.000000000000000e+00
 0.000000000000000e+00 0.000000000000000e+00 0.000000000000000e+00 0.000000000000000e+00 0.000000000000000e+00 0.000000000000000e+00 0.000000000000000e+00 0.000000000000000e+00 0.000000000000000e+00 0.000000000000000e+00
 0.000000000000000e+00 0.000000000000000e+00 0.000000000000000e+00 0.000000000000000e+00 0.000000000000000e+00 0.000000000000000e+00 0.000000000000000e+00 0.000000000000000e+00 0.000000000000000e+00 0.000000000000000e+00
 0.000000000000000e+00 0.000000000000000e+00 0.000000000000000e+00 0.000000000000000e+00 0.000000000000000e+00 0.000000000000000e+00 0.000000000000000e+00 0.000000000000000e+00 0.000000000000000e+00 0.000000000000000e+00
 0.000000000000000e+00 0.000000000000000e+00 0.000000000000000e+00 0.000000000000000e+00 0.000000000000000e+00 0.000000000000000e+00 0.000000000000000e+00 0.000000000000000e+00 0.000000000000000e+00 0.000000000000000e+00
 0.000000000000000e+00 0.000000000000000e+00 0.000000000000000e+00 0.000000000000000e+00 0.000000000000000e+00 0.000000000000000e+00 0.000000000000000e+00 0.000000000000000e+00 0.000000000000000e+00 0.000000000000000e+00
 0.000000000000000e+00 0.000000000000000e+00 0.000000000000000e+00 0.000000000000000e+00 0.000000000000000e+00 0.000000000000000e+00 0.000000000000000e+00 0.000000000000000e+00 0.000000000000000e+00 0.000000000000000e+00
 0.000000000000000e+00 0.000000000000000e+00 0.000000000000000e+00 0.000000000000000e+00 0.000000000000000e+00 0.000000000000000e+00 0.000000000000000e+00 0.000000000000000e+00 0.000000000000000e+00 0.000000000000000e+00
 0.000000000000000e+00 0.000000000000000e+00 0.000000000000000e+00 0.000000000000000e+00 0.000000000000000e+00 0.000000000000000e+00 0.000000000000000e+00 0.000000000000000e+00 0.000000000000000e+00 0.000000000000000e+00
 0.000000000000000e+00 0.000000000000000e+00 0.000000000000000e+00 0.000000000000000e+00 0.000000000000000e+00 0.000000000000000e+00 0.000000000000000e+00 0.000000000000000e+00 0.000000000000000e+00 0.000000000000000e+00
 0.000000000000000e+00 0.000000000000000e+00 0.000000000000000e+00 0.000000000000000e+00 0.000000000000000e+00 0.000000000000000e+00 0.000000000000000e+00 0.000000000000000e+00 0.000000000000000e+00 0.000000000000000e+00
 0.000000000000000e+00 0.000000000000000e+00 0.000000000000000e+00 0.000000000000000e+00 0.000000000000000e+00 0.000000000000000e+00 0.000000000000000e+00 0.000000000000000e+00 0.000000000000000e+00 0.000000000000000e+00
 0.000000000000000e+00 0.000000000000000e+00 0.000000000000000e+00 0.000000000000000e+00 0.000000000000000e+00 0.000000000000000e+00 0.000000000000000e+00 0.000000000000000e+00 0.000000000000000e+00 0.000000000000000e+00
 0.000000000000000e+00 0.000000000000000e+00 0.000000000000000e+00 0.000000000000000e+00 0.000000000000000e+00 0.000000000000000e+00 0.000000000000000e+00 0.000000000000000e+00 0.000000000000000e+00 0.000000000000000e+00
 0.000000000000000e+00 0.000000000000000e+00 0.000000000000000e+00 0.000000000000000e+00 0.000000000000000e+00 0.000000000000000e+00 0.000000000000000e+00 0.000000000000000e+00 0.000000000000000e+00 0.000000000000000e+00
 0.000000000000000e+00 0.000000000000000e+00 0.000000000000000e+00 0.000000000000000e+00 0.000000000000000e+00 0.000000000000000e+00 0.000000000000000e+00 0.000000000000000e+00 0.000000000000000e+00 0.000000000000000e+00
 0.000000000000000e+00 0.000000000000000e+00 0.000000000000000e+00 0.000000000000000e+00 0.000000000000000e+00 0.000000000000000e+00 0.000000000000000e+00 0.000000000000000e+00 0.000000000000000e+00 0.000000000000000e+00
 0.000000000000000e+00 0.000000000000000e+00 0.000000000000000e+00 0.000000000000000e+00 0.000000000000000e+00 0.000000000000000e+00 0.000000000000000e+00 0.000000000000000e+00 0.000000000000000e+00 0.000000000000000e+00
 0.000000000000000e+00 0.000000000000000e+00 0.000000000000000e+00 0.000000000000000e+00 0.000000000000000e+00 0.000000000000000e+00 0.000000000000000e+00 0.000000000000000e+00 0.000000000000000e+00 0.000000000000000e+00
 0.000000000000000e+00 0.000000000000000e+00 0.000000000000000e+00 0.000000000000000e+00 0.000000000000000e+00 0.000000000000000e+00 0.000000000000000e+00 0.000000000000000e+00 0.000000000000000e+00 0.000000000000000e+00
 0.000000000000000e+00 0.000000000000000e+00 0.000000000000000e+00 0.000000000000000e+00 0.000000000000000e+00 0.000000000000000e+00 0.000000000000000e+00 0.000000000000000e+00 0.000000000000000e+00 0.000000000000000e+00
 0.000000000000000e+00 0.000000000000000e+00 0.000000000000000e+00 0.000000000000000e+00 0.000000000000000e+00 0.000000000000000e+00 0.000000000000000e+00 0.000000000000000e+00 0.000000000000000e+00 0.000000000000000e+00
 0.000000000000000e+00 0.000000000000000e+00 0.000000000000000e+00 0.000000000000000e+00 0.000000000000000e+00 0.000000000000000e+00 0.000000000000000e+00 0.000000000000000e+00 0.000000000000000e+00 0.000000000000000e+00
 0.000000000000000e+00 0.000000000000000e+00 0.000000000000000e+00 0.000000000000000e+00 0.000000000000000e+00 0.000000000000000e+00 0.000000000000000e+00 0.000000000000000e+00 0.000000000000000e+00 0.000000000000000e+00
 0.000000000000000e+00 0.000000000000000e+00 0.000000000000000e+00 0.000000000000000e+00 0.000000000000000e+00 0.000000000000000e+00 0.000000000000000e+00 0.000000000000000e+00 0.000000000000000e+00 0.000000000000000e+00
 0.000000000000000e+00 0.000000000000000e+00 0.000000000000000e+00 0.000000000000000e+00 0.000000000000000e+00 0.000000000000000e+00 0.000000000000000e+00 0.000000000000000e+00 0.000000000000000e+00 0.000000000000000e+00
 0.000000000000000e+00 0.000000000000000e+00 0.000000000000000e+00 0.000000000000000e+00 0.000000000000000e+00 0.000000000000000e+00 0.000000000000000e+00 0.000000000000000e+00 0.000000000000000e+00 0.000000000000000e+00
 0.000000000000000e+00 0.000000000000000e+00 0.000000000000000e+00 0.000000000000000e+00 0.000000000000000e+00 0.000000000000000e+00 0.000000000000000e+00 0.000000000000000e+00 0.000000000000000e+00 0.000000000000000e+00
 0.000000000000000e+00 0.000000000000000e+00 0.000000000000000e+00 0.000000000000000e+00 0.000000000000000e+00 0.000000000000000e+00 0.000000000000000e+00 0.000000000000000e+00 0.000000000000000e+00 0.000000000000000e+00
 0.000000000000000e+00 0.000000000000000e+00 0.000000000000000e+00 0.000000000000000e+00 0.000000000000000e+00 0.000000000000000e+00 0.000000000000000e+00 0.000000000000000e+00 0.000000000000000e+00 0.000000000000000e+00
 0.000000000000000e+00 0.000000000000000e+00 0.000000000000000e+00 0.000000000000000e+00 0.000000000000000e+00 0.000000000000000e+00 0.000000000000000e+00 0.000000000000000e+00 0.000000000000000e+00 0.000000000000000e+00
 0.000000000000000e+00 0.000000000000000e+00 0.000000000000000e+00 0.000000000000000e+00 0.000000000000000e+00 0.000000000000000e+00 0.000000000000000e+00 0.000000000000000e+00 0.000000000000000e+00 0.000000000000000e+00
 0.000000000000000e+00 0.000000000000000e+00 0.000000000000000e+00 0.000000000000000e+00 0.000000000000000e+00 0.000000000000000e+00 0.000000000000000e+00 0.000000000000000e+00 0.000000000000000e+00 0.000000000000000e+00
 0.000000000000000e+00 0.000000000000000e+00 0.000000000000000e+00 0.000000000000000e+00 0.000000000000000e+00 0.000000000000000e+00 0.000000000000000e+00 0.000000000000000e+00 0.000000000000000e+00 0.000000000000000e+00
 0.000000000000000e+00 0.000000000000000e+00 0.000000000000000e+00 0.000000000000000e+00 0.000000000000000e+00 0.000000000000000e+00 0.000000000000000e+00 0.000000000000000e+00 0.000000000000000e+00 0.000000000000000e+00
 0.000000000000000e+00 0.000000000000000e+00 0.000000000000000e+00 0.000000000000000e+00 0.000000000000000e+00 0.000000000000000e+00 0.000000000000000e+00 0.000000000000000e+00 0.000000000000000e+00 0.000000000000000e+00
 0.000000000000000e+00 0.000000000000000e+00 0.000000000000000e+00 0.000000000000000e+00 0.000000000000000e+00 0.000000000000000e+00 0.000000000000000e+00 0.000000000000000e+00 0.000000000000000e+00 0.000000000000000e+00
 0.000000000000000e+00 0.000000000000000e+00 0.000000000000000e+00 0.000000000000000e+00 0.000000000000000e+00 0.000000000000000e+00 0.000000000000000e+00 0.000000000000000e+00 0.000000000000000e+00 0.000000000000000e+00
 0.000000000000000e+00 0.000000000000000e+00 0.000000000000000e+00 0.000000000000000e+00 0.000000000000000e+00 0.000000000000000e+00 0.000000000000000e+00 0.000000000000000e+00 0.000000000000000e+00 0.000000000000000e+00
 0.000000000000000e+00 0.000000000000000e+00 0.000000000000000e+00 0.000000000000000e+00 0.000000000000000e+00 0.000000000000000e+00 0.000000000000000e+00 0.000000000000000e+00 0.000000000000000e+00 0.000000000000000e+00
 0.000000000000000e+00 0.000000000000000e+00 0.000000000000000e+00 0.000000000000000e+00 0.000000000000000e+00 0.000000000000000e+00 0.000000000000000e+00 0.000000000000000e+00 0.000000000000000e+00 0.000000000000000e+00
 0.000000000000000e+00 0.000000000000000e+00 0.000000000000000e+00 0.000000000000000e+00 0.000000000000000e+00 0.000000000000000e+00 0.000000000000000e+00 0.000000000000000e+00 0.000000000000000e+00 0.000000000000000e+00
 0.000000000000000e+00 0.000000000000000e+00 0.000000000000000e+00 0.000000000000000e+00 0.000000000000000e+00
    }
  }

  Dataset ("DopingConcentration") {
    function  = DopingConcentration
    type      = scalar
    dimension = 1
    location  = vertex
    validity  = [ "p_plus" ]
    Values (1300) {
 -1.000000000000005e+19 -1.000000000000005e+19 -1.000000000000005e+19 -1.000000000000005e+19 -1.000000000000005e+19 -1.000000000000005e+19 -1.000000000000005e+19 -1.000000000000005e+19 -1.000000000000005e+19 -1.000000000000005e+19
 -1.000000000000005e+19 -1.000000000000005e+19 -1.000000000000005e+19 -1.000000000000005e+19 -1.000000000000005e+19 -1.000000000000005e+19 -1.000000000000005e+19 -1.000000000000005e+19 -1.000000000000005e+19 -1.000000000000005e+19
 -1.000000000000005e+19 -1.000000000000005e+19 -1.000000000000005e+19 -1.000000000000005e+19 -1.000000000000005e+19 -1.000000000000005e+19 -1.000000000000005e+19 -1.000000000000005e+19 -1.000000000000005e+19 -1.000000000000005e+19
 -1.000000000000005e+19 -1.000000000000005e+19 -1.000000000000005e+19 -1.000000000000005e+19 -1.000000000000005e+19 -1.000000000000005e+19 -1.000000000000005e+19 -1.000000000000005e+19 -1.000000000000005e+19 -1.000000000000005e+19
 -1.000000000000005e+19 -1.000000000000005e+19 -1.000000000000005e+19 -1.000000000000005e+19 -1.000000000000005e+19 -1.000000000000005e+19 -1.000000000000005e+19 -1.000000000000005e+19 -1.000000000000005e+19 -1.000000000000005e+19
 -1.000000000000005e+19 -1.000000000000005e+19 -1.000000000000005e+19 -1.000000000000005e+19 -1.000000000000005e+19 -9.999994400000018e+18 -1.000000000000005e+19 -9.999994400000018e+18 -1.000000000000005e+19 -1.000000000000005e+19
 -1.000000000000005e+19 -1.000000000000005e+19 -1.000000000000005e+19 -1.000000000000005e+19 -1.000000000000005e+19 -1.000000000000005e+19 -1.000000000000005e+19 -1.000000000000005e+19 -1.000000000000005e+19 -1.000000000000005e+19
 -1.000000000000005e+19 -1.000000000000005e+19 -1.000000000000005e+19 -1.000000000000005e+19 -1.000000000000005e+19 -1.000000000000005e+19 -1.000000000000005e+19 -1.000000000000005e+19 -1.000000000000005e+19 -1.000000000000005e+19
 -1.000000000000005e+19 -1.000000000000005e+19 -1.000000000000005e+19 -1.000000000000005e+19 -1.000000000000005e+19 -1.000000000000005e+19 -1.000000000000005e+19 -1.000000000000005e+19 -1.000000000000005e+19 -1.000000000000005e+19
 -1.000000000000005e+19 -1.000000000000005e+19 -1.000000000000005e+19 -1.000000000000005e+19 -1.000000000000005e+19 -9.999994400000018e+18 -1.000000000000005e+19 -9.999994400000018e+18 -1.000000000000005e+19 -1.000000000000005e+19
 -1.000000000000005e+19 -1.000000000000005e+19 -1.000000000000005e+19 -1.000000000000005e+19 -1.000000000000005e+19 -1.000000000000005e+19 -1.000000000000005e+19 -1.000000000000005e+19 -1.000000000000005e+19 -1.000000000000005e+19
 -1.000000000000005e+19 -1.000000000000005e+19 -1.000000000000005e+19 -1.000000000000005e+19 -1.000000000000005e+19 -1.000000000000005e+19 -1.000000000000005e+19 -1.000000000000005e+19 -1.000000000000005e+19 -1.000000000000005e+19
 -1.000000000000005e+19 -1.000000000000005e+19 -1.000000000000005e+19 -1.000000000000005e+19 -1.000000000000005e+19 -1.000000000000005e+19 -1.000000000000005e+19 -1.000000000000005e+19 -1.000000000000005e+19 -1.000000000000005e+19
 -1.000000000000005e+19 -1.000000000000005e+19 -1.000000000000005e+19 -1.000000000000005e+19 -1.000000000000005e+19 -9.999994400000018e+18 -1.000000000000005e+19 -9.999994400000018e+18 -1.000000000000005e+19 -1.000000000000005e+19
 -1.000000000000005e+19 -1.000000000000005e+19 -1.000000000000005e+19 -1.000000000000005e+19 -1.000000000000005e+19 -1.000000000000005e+19 -1.000000000000005e+19 -1.000000000000005e+19 -1.000000000000005e+19 -1.000000000000005e+19
 -1.000000000000005e+19 -1.000000000000005e+19 -1.000000000000005e+19 -1.000000000000005e+19 -1.000000000000005e+19 -1.000000000000005e+19 -1.000000000000005e+19 -1.000000000000005e+19 -1.000000000000005e+19 -1.000000000000005e+19
 -1.000000000000005e+19 -1.000000000000005e+19 -1.000000000000005e+19 -1.000000000000005e+19 -1.000000000000005e+19 -1.000000000000005e+19 -1.000000000000005e+19 -1.000000000000005e+19 -1.000000000000005e+19 -1.000000000000005e+19
 -1.000000000000005e+19 -1.000000000000005e+19 -1.000000000000005e+19 -1.000000000000005e+19 -1.000000000000005e+19 -9.999994400000018e+18 -1.000000000000005e+19 -9.999994400000018e+18 -1.000000000000005e+19 -1.000000000000005e+19
 -1.000000000000005e+19 -1.000000000000005e+19 -1.000000000000005e+19 -1.000000000000005e+19 -1.000000000000005e+19 -1.000000000000005e+19 -1.000000000000005e+19 -1.000000000000005e+19 -1.000000000000005e+19 -1.000000000000005e+19
 -1.000000000000005e+19 -1.000000000000005e+19 -1.000000000000005e+19 -1.000000000000005e+19 -1.000000000000005e+19 -1.000000000000005e+19 -1.000000000000005e+19 -1.000000000000005e+19 -1.000000000000005e+19 -1.000000000000005e+19
 -1.000000000000005e+19 -1.000000000000005e+19 -1.000000000000005e+19 -1.000000000000005e+19 -1.000000000000005e+19 -1.000000000000005e+19 -1.000000000000005e+19 -1.000000000000005e+19 -1.000000000000005e+19 -1.000000000000005e+19
 -1.000000000000005e+19 -1.000000000000005e+19 -1.000000000000005e+19 -1.000000000000005e+19 -1.000000000000005e+19 -9.999994400000018e+18 -1.000000000000005e+19 -9.999994400000018e+18 -1.000000000000005e+19 -1.000000000000005e+19
 -1.000000000000005e+19 -1.000000000000005e+19 -1.000000000000005e+19 -1.000000000000005e+19 -1.000000000000005e+19 -1.000000000000005e+19 -1.000000000000005e+19 -1.000000000000005e+19 -1.000000000000005e+19 -1.000000000000005e+19
 -1.000000000000005e+19 -1.000000000000005e+19 -1.000000000000005e+19 -1.000000000000005e+19 -1.000000000000005e+19 -1.000000000000005e+19 -1.000000000000005e+19 -1.000000000000005e+19 -1.000000000000005e+19 -1.000000000000005e+19
 -1.000000000000005e+19 -1.000000000000005e+19 -1.000000000000005e+19 -1.000000000000005e+19 -1.000000000000005e+19 -1.000000000000005e+19 -1.000000000000005e+19 -1.000000000000005e+19 -1.000000000000005e+19 -1.000000000000005e+19
 -1.000000000000005e+19 -1.000000000000005e+19 -1.000000000000005e+19 -1.000000000000005e+19 -1.000000000000005e+19 -9.999994400000018e+18 -1.000000000000005e+19 -9.999994400000018e+18 -1.000000000000005e+19 -1.000000000000005e+19
 -1.000000000000005e+19 -1.000000000000005e+19 -1.000000000000005e+19 -1.000000000000005e+19 -1.000000000000005e+19 -1.000000000000005e+19 -1.000000000000005e+19 -1.000000000000005e+19 -1.000000000000005e+19 -1.000000000000005e+19
 -1.000000000000005e+19 -1.000000000000005e+19 -1.000000000000005e+19 -1.000000000000005e+19 -1.000000000000005e+19 -1.000000000000005e+19 -1.000000000000005e+19 -1.000000000000005e+19 -1.000000000000005e+19 -1.000000000000005e+19
 -1.000000000000005e+19 -1.000000000000005e+19 -1.000000000000005e+19 -1.000000000000005e+19 -1.000000000000005e+19 -1.000000000000005e+19 -1.000000000000005e+19 -1.000000000000005e+19 -1.000000000000005e+19 -1.000000000000005e+19
 -1.000000000000005e+19 -1.000000000000005e+19 -1.000000000000005e+19 -1.000000000000005e+19 -1.000000000000005e+19 -9.999994400000018e+18 -1.000000000000005e+19 -9.999994400000018e+18 -1.000000000000005e+19 -1.000000000000005e+19
 -1.000000000000005e+19 -1.000000000000005e+19 -1.000000000000005e+19 -1.000000000000005e+19 -1.000000000000005e+19 -1.000000000000005e+19 -1.000000000000005e+19 -1.000000000000005e+19 -1.000000000000005e+19 -1.000000000000005e+19
 -1.000000000000005e+19 -1.000000000000005e+19 -1.000000000000005e+19 -1.000000000000005e+19 -1.000000000000005e+19 -1.000000000000005e+19 -1.000000000000005e+19 -1.000000000000005e+19 -1.000000000000005e+19 -1.000000000000005e+19
 -1.000000000000005e+19 -1.000000000000005e+19 -1.000000000000005e+19 -1.000000000000005e+19 -1.000000000000005e+19 -1.000000000000005e+19 -1.000000000000005e+19 -1.000000000000005e+19 -1.000000000000005e+19 -1.000000000000005e+19
 -1.000000000000005e+19 -1.000000000000005e+19 -1.000000000000005e+19 -1.000000000000005e+19 -1.000000000000005e+19 -9.999994400000018e+18 -1.000000000000005e+19 -9.999994400000018e+18 -1.000000000000005e+19 -1.000000000000005e+19
 -1.000000000000005e+19 -1.000000000000005e+19 -1.000000000000005e+19 -1.000000000000005e+19 -1.000000000000005e+19 -1.000000000000005e+19 -1.000000000000005e+19 -1.000000000000005e+19 -1.000000000000005e+19 -1.000000000000005e+19
 -1.000000000000005e+19 -1.000000000000005e+19 -1.000000000000005e+19 -1.000000000000005e+19 -1.000000000000005e+19 -1.000000000000005e+19 -1.000000000000005e+19 -1.000000000000005e+19 -1.000000000000005e+19 -1.000000000000005e+19
 -1.000000000000005e+19 -1.000000000000005e+19 -1.000000000000005e+19 -1.000000000000005e+19 -1.000000000000005e+19 -1.000000000000005e+19 -1.000000000000005e+19 -1.000000000000005e+19 -1.000000000000005e+19 -1.000000000000005e+19
 -1.000000000000005e+19 -1.000000000000005e+19 -1.000000000000005e+19 -1.000000000000005e+19 -1.000000000000005e+19 -9.999994400000018e+18 -1.000000000000005e+19 -9.999994400000018e+18 -1.000000000000005e+19 -1.000000000000005e+19
 -1.000000000000005e+19 -1.000000000000005e+19 -1.000000000000005e+19 -1.000000000000005e+19 -1.000000000000005e+19 -1.000000000000005e+19 -1.000000000000005e+19 -1.000000000000005e+19 -1.000000000000005e+19 -1.000000000000005e+19
 -1.000000000000005e+19 -1.000000000000005e+19 -1.000000000000005e+19 -1.000000000000005e+19 -1.000000000000005e+19 -1.000000000000005e+19 -1.000000000000005e+19 -1.000000000000005e+19 -1.000000000000005e+19 -1.000000000000005e+19
 -1.000000000000005e+19 -1.000000000000005e+19 -1.000000000000005e+19 -1.000000000000005e+19 -1.000000000000005e+19 -1.000000000000005e+19 -1.000000000000005e+19 -1.000000000000005e+19 -1.000000000000005e+19 -1.000000000000005e+19
 -1.000000000000005e+19 -1.000000000000005e+19 -1.000000000000005e+19 -1.000000000000005e+19 -1.000000000000005e+19 -9.999994400000018e+18 -1.000000000000005e+19 -9.999994400000018e+18 -1.000000000000005e+19 -1.000000000000005e+19
 -1.000000000000005e+19 -1.000000000000005e+19 -1.000000000000005e+19 -1.000000000000005e+19 -1.000000000000005e+19 -1.000000000000005e+19 -1.000000000000005e+19 -1.000000000000005e+19 -1.000000000000005e+19 -1.000000000000005e+19
 -1.000000000000005e+19 -1.000000000000005e+19 -1.000000000000005e+19 -1.000000000000005e+19 -1.000000000000005e+19 -1.000000000000005e+19 -1.000000000000005e+19 -1.000000000000005e+19 -1.000000000000005e+19 -1.000000000000005e+19
 -1.000000000000005e+19 -1.000000000000005e+19 -1.000000000000005e+19 -1.000000000000005e+19 -1.000000000000005e+19 -1.000000000000005e+19 -1.000000000000005e+19 -1.000000000000005e+19 -1.000000000000005e+19 -1.000000000000005e+19
 -1.000000000000005e+19 -1.000000000000005e+19 -1.000000000000005e+19 -1.000000000000005e+19 -1.000000000000005e+19 -9.999994400000018e+18 -1.000000000000005e+19 -9.999994400000018e+18 -1.000000000000005e+19 -1.000000000000005e+19
 -1.000000000000005e+19 -1.000000000000005e+19 -1.000000000000005e+19 -1.000000000000005e+19 -1.000000000000005e+19 -1.000000000000005e+19 -1.000000000000005e+19 -1.000000000000005e+19 -1.000000000000005e+19 -1.000000000000005e+19
 -1.000000000000005e+19 -1.000000000000005e+19 -1.000000000000005e+19 -1.000000000000005e+19 -1.000000000000005e+19 -1.000000000000005e+19 -1.000000000000005e+19 -1.000000000000005e+19 -1.000000000000005e+19 -1.000000000000005e+19
 -1.000000000000005e+19 -1.000000000000005e+19 -1.000000000000005e+19 -1.000000000000005e+19 -1.000000000000005e+19 -1.000000000000005e+19 -1.000000000000005e+19 -1.000000000000005e+19 -1.000000000000005e+19 -1.000000000000005e+19
 -1.000000000000005e+19 -1.000000000000005e+19 -1.000000000000005e+19 -1.000000000000005e+19 -1.000000000000005e+19 -9.999994400000018e+18 -1.000000000000005e+19 -9.999994400000018e+18 -1.000000000000005e+19 -1.000000000000005e+19
 -1.000000000000005e+19 -1.000000000000005e+19 -1.000000000000005e+19 -1.000000000000005e+19 -1.000000000000005e+19 -1.000000000000005e+19 -1.000000000000005e+19 -1.000000000000005e+19 -1.000000000000005e+19 -1.000000000000005e+19
 -1.000000000000005e+19 -1.000000000000005e+19 -1.000000000000005e+19 -1.000000000000005e+19 -1.000000000000005e+19 -1.000000000000005e+19 -1.000000000000005e+19 -1.000000000000005e+19 -1.000000000000005e+19 -1.000000000000005e+19
 -1.000000000000005e+19 -1.000000000000005e+19 -1.000000000000005e+19 -1.000000000000005e+19 -1.000000000000005e+19 -1.000000000000005e+19 -1.000000000000005e+19 -1.000000000000005e+19 -1.000000000000005e+19 -1.000000000000005e+19
 -1.000000000000005e+19 -1.000000000000005e+19 -1.000000000000005e+19 -1.000000000000005e+19 -1.000000000000005e+19 -9.999994400000018e+18 -1.000000000000005e+19 -9.999994400000018e+18 -1.000000000000005e+19 -1.000000000000005e+19
 -1.000000000000005e+19 -1.000000000000005e+19 -1.000000000000005e+19 -1.000000000000005e+19 -1.000000000000005e+19 -1.000000000000005e+19 -1.000000000000005e+19 -1.000000000000005e+19 -1.000000000000005e+19 -1.000000000000005e+19
 -1.000000000000005e+19 -1.000000000000005e+19 -1.000000000000005e+19 -1.000000000000005e+19 -1.000000000000005e+19 -1.000000000000005e+19 -1.000000000000005e+19 -1.000000000000005e+19 -1.000000000000005e+19 -1.000000000000005e+19
 -1.000000000000005e+19 -1.000000000000005e+19 -1.000000000000005e+19 -1.000000000000005e+19 -1.000000000000005e+19 -1.000000000000005e+19 -1.000000000000005e+19 -1.000000000000005e+19 -1.000000000000005e+19 -1.000000000000005e+19
 -1.000000000000005e+19 -1.000000000000005e+19 -1.000000000000005e+19 -1.000000000000005e+19 -1.000000000000005e+19 -9.999994400000018e+18 -1.000000000000005e+19 -9.999994400000018e+18 -1.000000000000005e+19 -1.000000000000005e+19
 -1.000000000000005e+19 -1.000000000000005e+19 -1.000000000000005e+19 -1.000000000000005e+19 -1.000000000000005e+19 -1.000000000000005e+19 -1.000000000000005e+19 -1.000000000000005e+19 -1.000000000000005e+19 -1.000000000000005e+19
 -1.000000000000005e+19 -1.000000000000005e+19 -1.000000000000005e+19 -1.000000000000005e+19 -1.000000000000005e+19 -1.000000000000005e+19 -1.000000000000005e+19 -1.000000000000005e+19 -1.000000000000005e+19 -1.000000000000005e+19
 -1.000000000000005e+19 -1.000000000000005e+19 -1.000000000000005e+19 -1.000000000000005e+19 -1.000000000000005e+19 -1.000000000000005e+19 -1.000000000000005e+19 -1.000000000000005e+19 -1.000000000000005e+19 -1.000000000000005e+19
 -1.000000000000005e+19 -1.000000000000005e+19 -1.000000000000005e+19 -1.000000000000005e+19 -1.000000000000005e+19 -9.999994400000018e+18 -1.000000000000005e+19 -9.999994400000018e+18 -1.000000000000005e+19 -1.000000000000005e+19
 -1.000000000000005e+19 -1.000000000000005e+19 -1.000000000000005e+19 -1.000000000000005e+19 -1.000000000000005e+19 -1.000000000000005e+19 -1.000000000000005e+19 -1.000000000000005e+19 -1.000000000000005e+19 -1.000000000000005e+19
 -1.000000000000005e+19 -1.000000000000005e+19 -1.000000000000005e+19 -1.000000000000005e+19 -1.000000000000005e+19 -1.000000000000005e+19 -1.000000000000005e+19 -1.000000000000005e+19 -1.000000000000005e+19 -1.000000000000005e+19
 -1.000000000000005e+19 -1.000000000000005e+19 -1.000000000000005e+19 -1.000000000000005e+19 -1.000000000000005e+19 -1.000000000000005e+19 -1.000000000000005e+19 -1.000000000000005e+19 -1.000000000000005e+19 -1.000000000000005e+19
 -1.000000000000005e+19 -1.000000000000005e+19 -1.000000000000005e+19 -1.000000000000005e+19 -1.000000000000005e+19 -9.999994400000018e+18 -1.000000000000005e+19 -9.999994400000018e+18 -1.000000000000005e+19 -1.000000000000005e+19
 -1.000000000000005e+19 -1.000000000000005e+19 -1.000000000000005e+19 -1.000000000000005e+19 -1.000000000000005e+19 -1.000000000000005e+19 -1.000000000000005e+19 -1.000000000000005e+19 -1.000000000000005e+19 -1.000000000000005e+19
 -1.000000000000005e+19 -1.000000000000005e+19 -1.000000000000005e+19 -1.000000000000005e+19 -1.000000000000005e+19 -1.000000000000005e+19 -1.000000000000005e+19 -1.000000000000005e+19 -1.000000000000005e+19 -1.000000000000005e+19
 -1.000000000000005e+19 -1.000000000000005e+19 -1.000000000000005e+19 -1.000000000000005e+19 -1.000000000000005e+19 -1.000000000000005e+19 -1.000000000000005e+19 -1.000000000000005e+19 -1.000000000000005e+19 -1.000000000000005e+19
 -1.000000000000005e+19 -1.000000000000005e+19 -1.000000000000005e+19 -1.000000000000005e+19 -1.000000000000005e+19 -9.999994400000018e+18 -1.000000000000005e+19 -9.999994400000018e+18 -1.000000000000005e+19 -1.000000000000005e+19
 -1.000000000000005e+19 -1.000000000000005e+19 -1.000000000000005e+19 -1.000000000000005e+19 -1.000000000000005e+19 -1.000000000000005e+19 -1.000000000000005e+19 -1.000000000000005e+19 -1.000000000000005e+19 -1.000000000000005e+19
 -1.000000000000005e+19 -1.000000000000005e+19 -1.000000000000005e+19 -1.000000000000005e+19 -1.000000000000005e+19 -1.000000000000005e+19 -1.000000000000005e+19 -1.000000000000005e+19 -1.000000000000005e+19 -1.000000000000005e+19
 -1.000000000000005e+19 -1.000000000000005e+19 -1.000000000000005e+19 -1.000000000000005e+19 -1.000000000000005e+19 -1.000000000000005e+19 -1.000000000000005e+19 -1.000000000000005e+19 -1.000000000000005e+19 -1.000000000000005e+19
 -1.000000000000005e+19 -1.000000000000005e+19 -1.000000000000005e+19 -1.000000000000005e+19 -1.000000000000005e+19 -9.999994400000018e+18 -1.000000000000005e+19 -9.999994400000018e+18 -1.000000000000005e+19 -1.000000000000005e+19
 -1.000000000000005e+19 -1.000000000000005e+19 -1.000000000000005e+19 -1.000000000000005e+19 -1.000000000000005e+19 -1.000000000000005e+19 -1.000000000000005e+19 -1.000000000000005e+19 -1.000000000000005e+19 -1.000000000000005e+19
 -1.000000000000005e+19 -1.000000000000005e+19 -1.000000000000005e+19 -1.000000000000005e+19 -1.000000000000005e+19 -1.000000000000005e+19 -1.000000000000005e+19 -1.000000000000005e+19 -1.000000000000005e+19 -1.000000000000005e+19
 -1.000000000000005e+19 -1.000000000000005e+19 -1.000000000000005e+19 -1.000000000000005e+19 -1.000000000000005e+19 -1.000000000000005e+19 -1.000000000000005e+19 -1.000000000000005e+19 -1.000000000000005e+19 -1.000000000000005e+19
 -1.000000000000005e+19 -1.000000000000005e+19 -1.000000000000005e+19 -1.000000000000005e+19 -1.000000000000005e+19 -9.999994400000018e+18 -1.000000000000005e+19 -9.999994400000018e+18 -1.000000000000005e+19 -1.000000000000005e+19
 -1.000000000000005e+19 -1.000000000000005e+19 -1.000000000000005e+19 -1.000000000000005e+19 -1.000000000000005e+19 -1.000000000000005e+19 -1.000000000000005e+19 -1.000000000000005e+19 -1.000000000000005e+19 -1.000000000000005e+19
 -1.000000000000005e+19 -1.000000000000005e+19 -1.000000000000005e+19 -1.000000000000005e+19 -1.000000000000005e+19 -1.000000000000005e+19 -1.000000000000005e+19 -1.000000000000005e+19 -1.000000000000005e+19 -1.000000000000005e+19
 -1.000000000000005e+19 -1.000000000000005e+19 -1.000000000000005e+19 -1.000000000000005e+19 -1.000000000000005e+19 -1.000000000000005e+19 -1.000000000000005e+19 -1.000000000000005e+19 -1.000000000000005e+19 -1.000000000000005e+19
 -1.000000000000005e+19 -1.000000000000005e+19 -1.000000000000005e+19 -1.000000000000005e+19 -1.000000000000005e+19 -9.999994400000018e+18 -1.000000000000005e+19 -9.999994400000018e+18 -1.000000000000005e+19 -1.000000000000005e+19
 -1.000000000000005e+19 -1.000000000000005e+19 -1.000000000000005e+19 -1.000000000000005e+19 -1.000000000000005e+19 -1.000000000000005e+19 -1.000000000000005e+19 -1.000000000000005e+19 -1.000000000000005e+19 -1.000000000000005e+19
 -1.000000000000005e+19 -1.000000000000005e+19 -1.000000000000005e+19 -1.000000000000005e+19 -1.000000000000005e+19 -1.000000000000005e+19 -1.000000000000005e+19 -1.000000000000005e+19 -1.000000000000005e+19 -1.000000000000005e+19
 -1.000000000000005e+19 -1.000000000000005e+19 -1.000000000000005e+19 -1.000000000000005e+19 -1.000000000000005e+19 -1.000000000000005e+19 -1.000000000000005e+19 -1.000000000000005e+19 -1.000000000000005e+19 -1.000000000000005e+19
 -1.000000000000005e+19 -1.000000000000005e+19 -1.000000000000005e+19 -1.000000000000005e+19 -1.000000000000005e+19 -9.999994400000018e+18 -1.000000000000005e+19 -9.999994400000018e+18 -1.000000000000005e+19 -1.000000000000005e+19
 -1.000000000000005e+19 -1.000000000000005e+19 -1.000000000000005e+19 -1.000000000000005e+19 -1.000000000000005e+19 -1.000000000000005e+19 -1.000000000000005e+19 -1.000000000000005e+19 -1.000000000000005e+19 -1.000000000000005e+19
 -1.000000000000005e+19 -1.000000000000005e+19 -1.000000000000005e+19 -1.000000000000005e+19 -1.000000000000005e+19 -1.000000000000005e+19 -1.000000000000005e+19 -1.000000000000005e+19 -1.000000000000005e+19 -1.000000000000005e+19
 -1.000000000000005e+19 -1.000000000000005e+19 -1.000000000000005e+19 -1.000000000000005e+19 -1.000000000000005e+19 -1.000000000000005e+19 -1.000000000000005e+19 -1.000000000000005e+19 -1.000000000000005e+19 -1.000000000000005e+19
 -1.000000000000005e+19 -1.000000000000005e+19 -1.000000000000005e+19 -1.000000000000005e+19 -1.000000000000005e+19 -9.999994400000018e+18 -1.000000000000005e+19 -9.999994400000018e+18 -1.000000000000005e+19 -1.000000000000005e+19
 -1.000000000000005e+19 -1.000000000000005e+19 -1.000000000000005e+19 -1.000000000000005e+19 -1.000000000000005e+19 -1.000000000000005e+19 -1.000000000000005e+19 -1.000000000000005e+19 -1.000000000000005e+19 -1.000000000000005e+19
 -1.000000000000005e+19 -1.000000000000005e+19 -1.000000000000005e+19 -1.000000000000005e+19 -1.000000000000005e+19 -1.000000000000005e+19 -1.000000000000005e+19 -1.000000000000005e+19 -1.000000000000005e+19 -1.000000000000005e+19
 -1.000000000000005e+19 -1.000000000000005e+19 -1.000000000000005e+19 -1.000000000000005e+19 -1.000000000000005e+19 -1.000000000000005e+19 -1.000000000000005e+19 -1.000000000000005e+19 -1.000000000000005e+19 -1.000000000000005e+19
 -1.000000000000005e+19 -1.000000000000005e+19 -1.000000000000005e+19 -1.000000000000005e+19 -1.000000000000005e+19 -9.999994400000018e+18 -1.000000000000005e+19 -9.999994400000018e+18 -1.000000000000005e+19 -1.000000000000005e+19
 -1.000000000000005e+19 -1.000000000000005e+19 -1.000000000000005e+19 -1.000000000000005e+19 -1.000000000000005e+19 -1.000000000000005e+19 -1.000000000000005e+19 -1.000000000000005e+19 -1.000000000000005e+19 -1.000000000000005e+19
 -1.000000000000005e+19 -1.000000000000005e+19 -1.000000000000005e+19 -1.000000000000005e+19 -1.000000000000005e+19 -1.000000000000005e+19 -1.000000000000005e+19 -1.000000000000005e+19 -1.000000000000005e+19 -1.000000000000005e+19
 -1.000000000000005e+19 -1.000000000000005e+19 -1.000000000000005e+19 -1.000000000000005e+19 -1.000000000000005e+19 -1.000000000000005e+19 -1.000000000000005e+19 -1.000000000000005e+19 -1.000000000000005e+19 -1.000000000000005e+19
 -1.000000000000005e+19 -1.000000000000005e+19 -1.000000000000005e+19 -1.000000000000005e+19 -1.000000000000005e+19 -9.999994400000018e+18 -1.000000000000005e+19 -9.999994400000018e+18 -1.000000000000005e+19 -1.000000000000005e+19
 -1.000000000000005e+19 -1.000000000000005e+19 -1.000000000000005e+19 -1.000000000000005e+19 -1.000000000000005e+19 -1.000000000000005e+19 -1.000000000000005e+19 -1.000000000000005e+19 -1.000000000000005e+19 -1.000000000000005e+19
 -1.000000000000005e+19 -1.000000000000005e+19 -1.000000000000005e+19 -1.000000000000005e+19 -1.000000000000005e+19 -1.000000000000005e+19 -1.000000000000005e+19 -1.000000000000005e+19 -1.000000000000005e+19 -1.000000000000005e+19
 -1.000000000000005e+19 -1.000000000000005e+19 -1.000000000000005e+19 -1.000000000000005e+19 -1.000000000000005e+19 -1.000000000000005e+19 -1.000000000000005e+19 -1.000000000000005e+19 -1.000000000000005e+19 -1.000000000000005e+19
 -1.000000000000005e+19 -1.000000000000005e+19 -1.000000000000005e+19 -1.000000000000005e+19 -1.000000000000005e+19 -9.999994400000018e+18 -1.000000000000005e+19 -9.999994400000018e+18 -1.000000000000005e+19 -1.000000000000005e+19
 -1.000000000000005e+19 -1.000000000000005e+19 -1.000000000000005e+19 -1.000000000000005e+19 -1.000000000000005e+19 -1.000000000000005e+19 -1.000000000000005e+19 -1.000000000000005e+19 -1.000000000000005e+19 -1.000000000000005e+19
 -1.000000000000005e+19 -1.000000000000005e+19 -1.000000000000005e+19 -1.000000000000005e+19 -1.000000000000005e+19 -1.000000000000005e+19 -1.000000000000005e+19 -1.000000000000005e+19 -1.000000000000005e+19 -1.000000000000005e+19
 -1.000000000000005e+19 -1.000000000000005e+19 -1.000000000000005e+19 -1.000000000000005e+19 -1.000000000000005e+19 -1.000000000000005e+19 -1.000000000000005e+19 -1.000000000000005e+19 -1.000000000000005e+19 -1.000000000000005e+19
 -1.000000000000005e+19 -1.000000000000005e+19 -1.000000000000005e+19 -1.000000000000005e+19 -1.000000000000005e+19 -9.999994400000018e+18 -1.000000000000005e+19 -9.999994400000018e+18 -1.000000000000005e+19 -1.000000000000005e+19
 -1.000000000000005e+19 -1.000000000000005e+19 -1.000000000000005e+19 -1.000000000000005e+19 -1.000000000000005e+19 -1.000000000000005e+19 -1.000000000000005e+19 -1.000000000000005e+19 -1.000000000000005e+19 -1.000000000000005e+19
 -1.000000000000005e+19 -1.000000000000005e+19 -1.000000000000005e+19 -1.000000000000005e+19 -1.000000000000005e+19 -1.000000000000005e+19 -1.000000000000005e+19 -1.000000000000005e+19 -1.000000000000005e+19 -1.000000000000005e+19
 -1.000000000000005e+19 -1.000000000000005e+19 -1.000000000000005e+19 -1.000000000000005e+19 -1.000000000000005e+19 -1.000000000000005e+19 -1.000000000000005e+19 -1.000000000000005e+19 -1.000000000000005e+19 -1.000000000000005e+19
 -1.000000000000005e+19 -1.000000000000005e+19 -1.000000000000005e+19 -1.000000000000005e+19 -1.000000000000005e+19 -9.999994400000018e+18 -1.000000000000005e+19 -9.999994400000018e+18 -1.000000000000005e+19 -1.000000000000005e+19
 -1.000000000000005e+19 -1.000000000000005e+19 -1.000000000000005e+19 -1.000000000000005e+19 -1.000000000000005e+19 -1.000000000000005e+19 -1.000000000000005e+19 -1.000000000000005e+19 -1.000000000000005e+19 -1.000000000000005e+19
 -1.000000000000005e+19 -1.000000000000005e+19 -1.000000000000005e+19 -1.000000000000005e+19 -1.000000000000005e+19 -1.000000000000005e+19 -1.000000000000005e+19 -1.000000000000005e+19 -1.000000000000005e+19 -1.000000000000005e+19
 -1.000000000000005e+19 -1.000000000000005e+19 -1.000000000000005e+19 -1.000000000000005e+19 -1.000000000000005e+19 -1.000000000000005e+19 -1.000000000000005e+19 -1.000000000000005e+19 -1.000000000000005e+19 -1.000000000000005e+19
 -1.000000000000005e+19 -1.000000000000005e+19 -1.000000000000005e+19 -1.000000000000005e+19 -1.000000000000005e+19 -9.999994400000018e+18 -1.000000000000005e+19 -9.999994400000018e+18 -1.000000000000005e+19 -1.000000000000005e+19
 -1.000000000000005e+19 -1.000000000000005e+19 -1.000000000000005e+19 -1.000000000000005e+19 -1.000000000000005e+19 -1.000000000000005e+19 -1.000000000000005e+19 -1.000000000000005e+19 -1.000000000000005e+19 -1.000000000000005e+19
 -1.000000000000005e+19 -1.000000000000005e+19 -1.000000000000005e+19 -1.000000000000005e+19 -1.000000000000005e+19 -1.000000000000005e+19 -1.000000000000005e+19 -1.000000000000005e+19 -1.000000000000005e+19 -1.000000000000005e+19
 -1.000000000000005e+19 -1.000000000000005e+19 -1.000000000000005e+19 -1.000000000000005e+19 -1.000000000000005e+19 -1.000000000000005e+19 -1.000000000000005e+19 -1.000000000000005e+19 -1.000000000000005e+19 -1.000000000000005e+19
 -1.000000000000005e+19 -1.000000000000005e+19 -1.000000000000005e+19 -1.000000000000005e+19 -1.000000000000005e+19 -9.999994400000018e+18 -1.000000000000005e+19 -9.999994400000018e+18 -1.000000000000005e+19 -1.000000000000005e+19
 -1.000000000000005e+19 -1.000000000000005e+19 -1.000000000000005e+19 -1.000000000000005e+19 -1.000000000000005e+19 -1.000000000000005e+19 -1.000000000000005e+19 -1.000000000000005e+19 -1.000000000000005e+19 -1.000000000000005e+19
 -1.000000000000005e+19 -1.000000000000005e+19 -1.000000000000005e+19 -1.000000000000005e+19 -1.000000000000005e+19 -1.000000000000005e+19 -1.000000000000005e+19 -1.000000000000005e+19 -1.000000000000005e+19 -1.000000000000005e+19
 -1.000000000000005e+19 -1.000000000000005e+19 -1.000000000000005e+19 -1.000000000000005e+19 -1.000000000000005e+19 -1.000000000000005e+19 -1.000000000000005e+19 -1.000000000000005e+19 -1.000000000000005e+19 -1.000000000000005e+19
 -1.000000000000005e+19 -1.000000000000005e+19 -1.000000000000005e+19 -1.000000000000005e+19 -1.000000000000005e+19 -9.999994400000018e+18 -1.000000000000005e+19 -9.999994400000018e+18 -1.000000000000005e+19 -1.000000000000005e+19
 -1.000000000000005e+19 -1.000000000000005e+19 -1.000000000000005e+19 -1.000000000000005e+19 -1.000000000000005e+19 -1.000000000000005e+19 -1.000000000000005e+19 -1.000000000000005e+19 -1.000000000000005e+19 -1.000000000000005e+19
 -1.000000000000005e+19 -1.000000000000005e+19 -1.000000000000005e+19 -1.000000000000005e+19 -1.000000000000005e+19 -1.000000000000005e+19 -1.000000000000005e+19 -1.000000000000005e+19 -1.000000000000005e+19 -1.000000000000005e+19
 -1.000000000000005e+19 -1.000000000000005e+19 -1.000000000000005e+19 -1.000000000000005e+19 -1.000000000000005e+19 -1.000000000000005e+19 -1.000000000000005e+19 -1.000000000000005e+19 -1.000000000000005e+19 -1.000000000000005e+19
 -1.000000000000005e+19 -1.000000000000005e+19 -1.000000000000005e+19 -1.000000000000005e+19 -1.000000000000005e+19 -9.999994400000018e+18 -1.000000000000005e+19 -9.999994400000018e+18 -1.000000000000005e+19 -1.000000000000005e+19
 -1.000000000000005e+19 -1.000000000000005e+19 -1.000000000000005e+19 -1.000000000000005e+19 -1.000000000000005e+19 -1.000000000000005e+19 -1.000000000000005e+19 -1.000000000000005e+19 -1.000000000000005e+19 -1.000000000000005e+19
 -1.000000000000005e+19 -1.000000000000005e+19 -1.000000000000005e+19 -1.000000000000005e+19 -1.000000000000005e+19 -1.000000000000005e+19 -1.000000000000005e+19 -9.999994400000018e+18 -1.000000000000005e+19 -1.000000000000005e+19
 -1.000000000000005e+19 -1.000000000000005e+19 -1.000000000000005e+19 -1.000000000000005e+19 -1.000000000000005e+19 -1.000000000000005e+19 -1.000000000000005e+19 -1.000000000000005e+19 -1.000000000000005e+19 -1.000000000000005e+19
 -1.000000000000005e+19 -1.000000000000005e+19 -1.000000000000005e+19 -1.000000000000005e+19 -1.000000000000005e+19 -1.000000000000005e+19 -1.000000000000005e+19 -1.000000000000005e+19 -9.999994400000018e+18 -9.999994400000018e+18

    }
  }

  Dataset ("NitrogenActiveConcentration") {
    function  = NitrogenActiveConcentration
    type      = scalar
    dimension = 1
    location  = vertex
    validity  = [ "p_plus" ]
    Values (1300) {
 0.000000000000000e+00 0.000000000000000e+00 0.000000000000000e+00 0.000000000000000e+00 0.000000000000000e+00 0.000000000000000e+00 0.000000000000000e+00 0.000000000000000e+00 0.000000000000000e+00 0.000000000000000e+00
 0.000000000000000e+00 0.000000000000000e+00 0.000000000000000e+00 0.000000000000000e+00 0.000000000000000e+00 0.000000000000000e+00 0.000000000000000e+00 0.000000000000000e+00 0.000000000000000e+00 0.000000000000000e+00
 0.000000000000000e+00 0.000000000000000e+00 0.000000000000000e+00 0.000000000000000e+00 0.000000000000000e+00 0.000000000000000e+00 0.000000000000000e+00 0.000000000000000e+00 0.000000000000000e+00 0.000000000000000e+00
 0.000000000000000e+00 0.000000000000000e+00 0.000000000000000e+00 0.000000000000000e+00 0.000000000000000e+00 0.000000000000000e+00 0.000000000000000e+00 0.000000000000000e+00 0.000000000000000e+00 0.000000000000000e+00
 0.000000000000000e+00 0.000000000000000e+00 0.000000000000000e+00 0.000000000000000e+00 0.000000000000000e+00 0.000000000000000e+00 0.000000000000000e+00 0.000000000000000e+00 0.000000000000000e+00 0.000000000000000e+00
 0.000000000000000e+00 0.000000000000000e+00 0.000000000000000e+00 0.000000000000000e+00 0.000000000000000e+00 5.599999999999991e+12 0.000000000000000e+00 5.599999999999991e+12 0.000000000000000e+00 0.000000000000000e+00
 0.000000000000000e+00 0.000000000000000e+00 0.000000000000000e+00 0.000000000000000e+00 0.000000000000000e+00 0.000000000000000e+00 0.000000000000000e+00 0.000000000000000e+00 0.000000000000000e+00 0.000000000000000e+00
 0.000000000000000e+00 0.000000000000000e+00 0.000000000000000e+00 0.000000000000000e+00 0.000000000000000e+00 0.000000000000000e+00 0.000000000000000e+00 0.000000000000000e+00 0.000000000000000e+00 0.000000000000000e+00
 0.000000000000000e+00 0.000000000000000e+00 0.000000000000000e+00 0.000000000000000e+00 0.000000000000000e+00 0.000000000000000e+00 0.000000000000000e+00 0.000000000000000e+00 0.000000000000000e+00 0.000000000000000e+00
 0.000000000000000e+00 0.000000000000000e+00 0.000000000000000e+00 0.000000000000000e+00 0.000000000000000e+00 5.599999999999991e+12 0.000000000000000e+00 5.599999999999991e+12 0.000000000000000e+00 0.000000000000000e+00
 0.000000000000000e+00 0.000000000000000e+00 0.000000000000000e+00 0.000000000000000e+00 0.000000000000000e+00 0.000000000000000e+00 0.000000000000000e+00 0.000000000000000e+00 0.000000000000000e+00 0.000000000000000e+00
 0.000000000000000e+00 0.000000000000000e+00 0.000000000000000e+00 0.000000000000000e+00 0.000000000000000e+00 0.000000000000000e+00 0.000000000000000e+00 0.000000000000000e+00 0.000000000000000e+00 0.000000000000000e+00
 0.000000000000000e+00 0.000000000000000e+00 0.000000000000000e+00 0.000000000000000e+00 0.000000000000000e+00 0.000000000000000e+00 0.000000000000000e+00 0.000000000000000e+00 0.000000000000000e+00 0.000000000000000e+00
 0.000000000000000e+00 0.000000000000000e+00 0.000000000000000e+00 0.000000000000000e+00 0.000000000000000e+00 5.599999999999991e+12 0.000000000000000e+00 5.599999999999991e+12 0.000000000000000e+00 0.000000000000000e+00
 0.000000000000000e+00 0.000000000000000e+00 0.000000000000000e+00 0.000000000000000e+00 0.000000000000000e+00 0.000000000000000e+00 0.000000000000000e+00 0.000000000000000e+00 0.000000000000000e+00 0.000000000000000e+00
 0.000000000000000e+00 0.000000000000000e+00 0.000000000000000e+00 0.000000000000000e+00 0.000000000000000e+00 0.000000000000000e+00 0.000000000000000e+00 0.000000000000000e+00 0.000000000000000e+00 0.000000000000000e+00
 0.000000000000000e+00 0.000000000000000e+00 0.000000000000000e+00 0.000000000000000e+00 0.000000000000000e+00 0.000000000000000e+00 0.000000000000000e+00 0.000000000000000e+00 0.000000000000000e+00 0.000000000000000e+00
 0.000000000000000e+00 0.000000000000000e+00 0.000000000000000e+00 0.000000000000000e+00 0.000000000000000e+00 5.599999999999991e+12 0.000000000000000e+00 5.599999999999991e+12 0.000000000000000e+00 0.000000000000000e+00
 0.000000000000000e+00 0.000000000000000e+00 0.000000000000000e+00 0.000000000000000e+00 0.000000000000000e+00 0.000000000000000e+00 0.000000000000000e+00 0.000000000000000e+00 0.000000000000000e+00 0.000000000000000e+00
 0.000000000000000e+00 0.000000000000000e+00 0.000000000000000e+00 0.000000000000000e+00 0.000000000000000e+00 0.000000000000000e+00 0.000000000000000e+00 0.000000000000000e+00 0.000000000000000e+00 0.000000000000000e+00
 0.000000000000000e+00 0.000000000000000e+00 0.000000000000000e+00 0.000000000000000e+00 0.000000000000000e+00 0.000000000000000e+00 0.000000000000000e+00 0.000000000000000e+00 0.000000000000000e+00 0.000000000000000e+00
 0.000000000000000e+00 0.000000000000000e+00 0.000000000000000e+00 0.000000000000000e+00 0.000000000000000e+00 5.599999999999991e+12 0.000000000000000e+00 5.599999999999991e+12 0.000000000000000e+00 0.000000000000000e+00
 0.000000000000000e+00 0.000000000000000e+00 0.000000000000000e+00 0.000000000000000e+00 0.000000000000000e+00 0.000000000000000e+00 0.000000000000000e+00 0.000000000000000e+00 0.000000000000000e+00 0.000000000000000e+00
 0.000000000000000e+00 0.000000000000000e+00 0.000000000000000e+00 0.000000000000000e+00 0.000000000000000e+00 0.000000000000000e+00 0.000000000000000e+00 0.000000000000000e+00 0.000000000000000e+00 0.000000000000000e+00
 0.000000000000000e+00 0.000000000000000e+00 0.000000000000000e+00 0.000000000000000e+00 0.000000000000000e+00 0.000000000000000e+00 0.000000000000000e+00 0.000000000000000e+00 0.000000000000000e+00 0.000000000000000e+00
 0.000000000000000e+00 0.000000000000000e+00 0.000000000000000e+00 0.000000000000000e+00 0.000000000000000e+00 5.599999999999991e+12 0.000000000000000e+00 5.599999999999991e+12 0.000000000000000e+00 0.000000000000000e+00
 0.000000000000000e+00 0.000000000000000e+00 0.000000000000000e+00 0.000000000000000e+00 0.000000000000000e+00 0.000000000000000e+00 0.000000000000000e+00 0.000000000000000e+00 0.000000000000000e+00 0.000000000000000e+00
 0.000000000000000e+00 0.000000000000000e+00 0.000000000000000e+00 0.000000000000000e+00 0.000000000000000e+00 0.000000000000000e+00 0.000000000000000e+00 0.000000000000000e+00 0.000000000000000e+00 0.000000000000000e+00
 0.000000000000000e+00 0.000000000000000e+00 0.000000000000000e+00 0.000000000000000e+00 0.000000000000000e+00 0.000000000000000e+00 0.000000000000000e+00 0.000000000000000e+00 0.000000000000000e+00 0.000000000000000e+00
 0.000000000000000e+00 0.000000000000000e+00 0.000000000000000e+00 0.000000000000000e+00 0.000000000000000e+00 5.599999999999991e+12 0.000000000000000e+00 5.599999999999991e+12 0.000000000000000e+00 0.000000000000000e+00
 0.000000000000000e+00 0.000000000000000e+00 0.000000000000000e+00 0.000000000000000e+00 0.000000000000000e+00 0.000000000000000e+00 0.000000000000000e+00 0.000000000000000e+00 0.000000000000000e+00 0.000000000000000e+00
 0.000000000000000e+00 0.000000000000000e+00 0.000000000000000e+00 0.000000000000000e+00 0.000000000000000e+00 0.000000000000000e+00 0.000000000000000e+00 0.000000000000000e+00 0.000000000000000e+00 0.000000000000000e+00
 0.000000000000000e+00 0.000000000000000e+00 0.000000000000000e+00 0.000000000000000e+00 0.000000000000000e+00 0.000000000000000e+00 0.000000000000000e+00 0.000000000000000e+00 0.000000000000000e+00 0.000000000000000e+00
 0.000000000000000e+00 0.000000000000000e+00 0.000000000000000e+00 0.000000000000000e+00 0.000000000000000e+00 5.599999999999991e+12 0.000000000000000e+00 5.599999999999991e+12 0.000000000000000e+00 0.000000000000000e+00
 0.000000000000000e+00 0.000000000000000e+00 0.000000000000000e+00 0.000000000000000e+00 0.000000000000000e+00 0.000000000000000e+00 0.000000000000000e+00 0.000000000000000e+00 0.000000000000000e+00 0.000000000000000e+00
 0.000000000000000e+00 0.000000000000000e+00 0.000000000000000e+00 0.000000000000000e+00 0.000000000000000e+00 0.000000000000000e+00 0.000000000000000e+00 0.000000000000000e+00 0.000000000000000e+00 0.000000000000000e+00
 0.000000000000000e+00 0.000000000000000e+00 0.000000000000000e+00 0.000000000000000e+00 0.000000000000000e+00 0.000000000000000e+00 0.000000000000000e+00 0.000000000000000e+00 0.000000000000000e+00 0.000000000000000e+00
 0.000000000000000e+00 0.000000000000000e+00 0.000000000000000e+00 0.000000000000000e+00 0.000000000000000e+00 5.599999999999991e+12 0.000000000000000e+00 5.599999999999991e+12 0.000000000000000e+00 0.000000000000000e+00
 0.000000000000000e+00 0.000000000000000e+00 0.000000000000000e+00 0.000000000000000e+00 0.000000000000000e+00 0.000000000000000e+00 0.000000000000000e+00 0.000000000000000e+00 0.000000000000000e+00 0.000000000000000e+00
 0.000000000000000e+00 0.000000000000000e+00 0.000000000000000e+00 0.000000000000000e+00 0.000000000000000e+00 0.000000000000000e+00 0.000000000000000e+00 0.000000000000000e+00 0.000000000000000e+00 0.000000000000000e+00
 0.000000000000000e+00 0.000000000000000e+00 0.000000000000000e+00 0.000000000000000e+00 0.000000000000000e+00 0.000000000000000e+00 0.000000000000000e+00 0.000000000000000e+00 0.000000000000000e+00 0.000000000000000e+00
 0.000000000000000e+00 0.000000000000000e+00 0.000000000000000e+00 0.000000000000000e+00 0.000000000000000e+00 5.599999999999991e+12 0.000000000000000e+00 5.599999999999991e+12 0.000000000000000e+00 0.000000000000000e+00
 0.000000000000000e+00 0.000000000000000e+00 0.000000000000000e+00 0.000000000000000e+00 0.000000000000000e+00 0.000000000000000e+00 0.000000000000000e+00 0.000000000000000e+00 0.000000000000000e+00 0.000000000000000e+00
 0.000000000000000e+00 0.000000000000000e+00 0.000000000000000e+00 0.000000000000000e+00 0.000000000000000e+00 0.000000000000000e+00 0.000000000000000e+00 0.000000000000000e+00 0.000000000000000e+00 0.000000000000000e+00
 0.000000000000000e+00 0.000000000000000e+00 0.000000000000000e+00 0.000000000000000e+00 0.000000000000000e+00 0.000000000000000e+00 0.000000000000000e+00 0.000000000000000e+00 0.000000000000000e+00 0.000000000000000e+00
 0.000000000000000e+00 0.000000000000000e+00 0.000000000000000e+00 0.000000000000000e+00 0.000000000000000e+00 5.599999999999991e+12 0.000000000000000e+00 5.599999999999991e+12 0.000000000000000e+00 0.000000000000000e+00
 0.000000000000000e+00 0.000000000000000e+00 0.000000000000000e+00 0.000000000000000e+00 0.000000000000000e+00 0.000000000000000e+00 0.000000000000000e+00 0.000000000000000e+00 0.000000000000000e+00 0.000000000000000e+00
 0.000000000000000e+00 0.000000000000000e+00 0.000000000000000e+00 0.000000000000000e+00 0.000000000000000e+00 0.000000000000000e+00 0.000000000000000e+00 0.000000000000000e+00 0.000000000000000e+00 0.000000000000000e+00
 0.000000000000000e+00 0.000000000000000e+00 0.000000000000000e+00 0.000000000000000e+00 0.000000000000000e+00 0.000000000000000e+00 0.000000000000000e+00 0.000000000000000e+00 0.000000000000000e+00 0.000000000000000e+00
 0.000000000000000e+00 0.000000000000000e+00 0.000000000000000e+00 0.000000000000000e+00 0.000000000000000e+00 5.599999999999991e+12 0.000000000000000e+00 5.599999999999991e+12 0.000000000000000e+00 0.000000000000000e+00
 0.000000000000000e+00 0.000000000000000e+00 0.000000000000000e+00 0.000000000000000e+00 0.000000000000000e+00 0.000000000000000e+00 0.000000000000000e+00 0.000000000000000e+00 0.000000000000000e+00 0.000000000000000e+00
 0.000000000000000e+00 0.000000000000000e+00 0.000000000000000e+00 0.000000000000000e+00 0.000000000000000e+00 0.000000000000000e+00 0.000000000000000e+00 0.000000000000000e+00 0.000000000000000e+00 0.000000000000000e+00
 0.000000000000000e+00 0.000000000000000e+00 0.000000000000000e+00 0.000000000000000e+00 0.000000000000000e+00 0.000000000000000e+00 0.000000000000000e+00 0.000000000000000e+00 0.000000000000000e+00 0.000000000000000e+00
 0.000000000000000e+00 0.000000000000000e+00 0.000000000000000e+00 0.000000000000000e+00 0.000000000000000e+00 5.599999999999991e+12 0.000000000000000e+00 5.599999999999991e+12 0.000000000000000e+00 0.000000000000000e+00
 0.000000000000000e+00 0.000000000000000e+00 0.000000000000000e+00 0.000000000000000e+00 0.000000000000000e+00 0.000000000000000e+00 0.000000000000000e+00 0.000000000000000e+00 0.000000000000000e+00 0.000000000000000e+00
 0.000000000000000e+00 0.000000000000000e+00 0.000000000000000e+00 0.000000000000000e+00 0.000000000000000e+00 0.000000000000000e+00 0.000000000000000e+00 0.000000000000000e+00 0.000000000000000e+00 0.000000000000000e+00
 0.000000000000000e+00 0.000000000000000e+00 0.000000000000000e+00 0.000000000000000e+00 0.000000000000000e+00 0.000000000000000e+00 0.000000000000000e+00 0.000000000000000e+00 0.000000000000000e+00 0.000000000000000e+00
 0.000000000000000e+00 0.000000000000000e+00 0.000000000000000e+00 0.000000000000000e+00 0.000000000000000e+00 5.599999999999991e+12 0.000000000000000e+00 5.599999999999991e+12 0.000000000000000e+00 0.000000000000000e+00
 0.000000000000000e+00 0.000000000000000e+00 0.000000000000000e+00 0.000000000000000e+00 0.000000000000000e+00 0.000000000000000e+00 0.000000000000000e+00 0.000000000000000e+00 0.000000000000000e+00 0.000000000000000e+00
 0.000000000000000e+00 0.000000000000000e+00 0.000000000000000e+00 0.000000000000000e+00 0.000000000000000e+00 0.000000000000000e+00 0.000000000000000e+00 0.000000000000000e+00 0.000000000000000e+00 0.000000000000000e+00
 0.000000000000000e+00 0.000000000000000e+00 0.000000000000000e+00 0.000000000000000e+00 0.000000000000000e+00 0.000000000000000e+00 0.000000000000000e+00 0.000000000000000e+00 0.000000000000000e+00 0.000000000000000e+00
 0.000000000000000e+00 0.000000000000000e+00 0.000000000000000e+00 0.000000000000000e+00 0.000000000000000e+00 5.599999999999991e+12 0.000000000000000e+00 5.599999999999991e+12 0.000000000000000e+00 0.000000000000000e+00
 0.000000000000000e+00 0.000000000000000e+00 0.000000000000000e+00 0.000000000000000e+00 0.000000000000000e+00 0.000000000000000e+00 0.000000000000000e+00 0.000000000000000e+00 0.000000000000000e+00 0.000000000000000e+00
 0.000000000000000e+00 0.000000000000000e+00 0.000000000000000e+00 0.000000000000000e+00 0.000000000000000e+00 0.000000000000000e+00 0.000000000000000e+00 0.000000000000000e+00 0.000000000000000e+00 0.000000000000000e+00
 0.000000000000000e+00 0.000000000000000e+00 0.000000000000000e+00 0.000000000000000e+00 0.000000000000000e+00 0.000000000000000e+00 0.000000000000000e+00 0.000000000000000e+00 0.000000000000000e+00 0.000000000000000e+00
 0.000000000000000e+00 0.000000000000000e+00 0.000000000000000e+00 0.000000000000000e+00 0.000000000000000e+00 5.599999999999991e+12 0.000000000000000e+00 5.599999999999991e+12 0.000000000000000e+00 0.000000000000000e+00
 0.000000000000000e+00 0.000000000000000e+00 0.000000000000000e+00 0.000000000000000e+00 0.000000000000000e+00 0.000000000000000e+00 0.000000000000000e+00 0.000000000000000e+00 0.000000000000000e+00 0.000000000000000e+00
 0.000000000000000e+00 0.000000000000000e+00 0.000000000000000e+00 0.000000000000000e+00 0.000000000000000e+00 0.000000000000000e+00 0.000000000000000e+00 0.000000000000000e+00 0.000000000000000e+00 0.000000000000000e+00
 0.000000000000000e+00 0.000000000000000e+00 0.000000000000000e+00 0.000000000000000e+00 0.000000000000000e+00 0.000000000000000e+00 0.000000000000000e+00 0.000000000000000e+00 0.000000000000000e+00 0.000000000000000e+00
 0.000000000000000e+00 0.000000000000000e+00 0.000000000000000e+00 0.000000000000000e+00 0.000000000000000e+00 5.599999999999991e+12 0.000000000000000e+00 5.599999999999991e+12 0.000000000000000e+00 0.000000000000000e+00
 0.000000000000000e+00 0.000000000000000e+00 0.000000000000000e+00 0.000000000000000e+00 0.000000000000000e+00 0.000000000000000e+00 0.000000000000000e+00 0.000000000000000e+00 0.000000000000000e+00 0.000000000000000e+00
 0.000000000000000e+00 0.000000000000000e+00 0.000000000000000e+00 0.000000000000000e+00 0.000000000000000e+00 0.000000000000000e+00 0.000000000000000e+00 0.000000000000000e+00 0.000000000000000e+00 0.000000000000000e+00
 0.000000000000000e+00 0.000000000000000e+00 0.000000000000000e+00 0.000000000000000e+00 0.000000000000000e+00 0.000000000000000e+00 0.000000000000000e+00 0.000000000000000e+00 0.000000000000000e+00 0.000000000000000e+00
 0.000000000000000e+00 0.000000000000000e+00 0.000000000000000e+00 0.000000000000000e+00 0.000000000000000e+00 5.599999999999991e+12 0.000000000000000e+00 5.599999999999991e+12 0.000000000000000e+00 0.000000000000000e+00
 0.000000000000000e+00 0.000000000000000e+00 0.000000000000000e+00 0.000000000000000e+00 0.000000000000000e+00 0.000000000000000e+00 0.000000000000000e+00 0.000000000000000e+00 0.000000000000000e+00 0.000000000000000e+00
 0.000000000000000e+00 0.000000000000000e+00 0.000000000000000e+00 0.000000000000000e+00 0.000000000000000e+00 0.000000000000000e+00 0.000000000000000e+00 0.000000000000000e+00 0.000000000000000e+00 0.000000000000000e+00
 0.000000000000000e+00 0.000000000000000e+00 0.000000000000000e+00 0.000000000000000e+00 0.000000000000000e+00 0.000000000000000e+00 0.000000000000000e+00 0.000000000000000e+00 0.000000000000000e+00 0.000000000000000e+00
 0.000000000000000e+00 0.000000000000000e+00 0.000000000000000e+00 0.000000000000000e+00 0.000000000000000e+00 5.599999999999991e+12 0.000000000000000e+00 5.599999999999991e+12 0.000000000000000e+00 0.000000000000000e+00
 0.000000000000000e+00 0.000000000000000e+00 0.000000000000000e+00 0.000000000000000e+00 0.000000000000000e+00 0.000000000000000e+00 0.000000000000000e+00 0.000000000000000e+00 0.000000000000000e+00 0.000000000000000e+00
 0.000000000000000e+00 0.000000000000000e+00 0.000000000000000e+00 0.000000000000000e+00 0.000000000000000e+00 0.000000000000000e+00 0.000000000000000e+00 0.000000000000000e+00 0.000000000000000e+00 0.000000000000000e+00
 0.000000000000000e+00 0.000000000000000e+00 0.000000000000000e+00 0.000000000000000e+00 0.000000000000000e+00 0.000000000000000e+00 0.000000000000000e+00 0.000000000000000e+00 0.000000000000000e+00 0.000000000000000e+00
 0.000000000000000e+00 0.000000000000000e+00 0.000000000000000e+00 0.000000000000000e+00 0.000000000000000e+00 5.599999999999991e+12 0.000000000000000e+00 5.599999999999991e+12 0.000000000000000e+00 0.000000000000000e+00
 0.000000000000000e+00 0.000000000000000e+00 0.000000000000000e+00 0.000000000000000e+00 0.000000000000000e+00 0.000000000000000e+00 0.000000000000000e+00 0.000000000000000e+00 0.000000000000000e+00 0.000000000000000e+00
 0.000000000000000e+00 0.000000000000000e+00 0.000000000000000e+00 0.000000000000000e+00 0.000000000000000e+00 0.000000000000000e+00 0.000000000000000e+00 0.000000000000000e+00 0.000000000000000e+00 0.000000000000000e+00
 0.000000000000000e+00 0.000000000000000e+00 0.000000000000000e+00 0.000000000000000e+00 0.000000000000000e+00 0.000000000000000e+00 0.000000000000000e+00 0.000000000000000e+00 0.000000000000000e+00 0.000000000000000e+00
 0.000000000000000e+00 0.000000000000000e+00 0.000000000000000e+00 0.000000000000000e+00 0.000000000000000e+00 5.599999999999991e+12 0.000000000000000e+00 5.599999999999991e+12 0.000000000000000e+00 0.000000000000000e+00
 0.000000000000000e+00 0.000000000000000e+00 0.000000000000000e+00 0.000000000000000e+00 0.000000000000000e+00 0.000000000000000e+00 0.000000000000000e+00 0.000000000000000e+00 0.000000000000000e+00 0.000000000000000e+00
 0.000000000000000e+00 0.000000000000000e+00 0.000000000000000e+00 0.000000000000000e+00 0.000000000000000e+00 0.000000000000000e+00 0.000000000000000e+00 0.000000000000000e+00 0.000000000000000e+00 0.000000000000000e+00
 0.000000000000000e+00 0.000000000000000e+00 0.000000000000000e+00 0.000000000000000e+00 0.000000000000000e+00 0.000000000000000e+00 0.000000000000000e+00 0.000000000000000e+00 0.000000000000000e+00 0.000000000000000e+00
 0.000000000000000e+00 0.000000000000000e+00 0.000000000000000e+00 0.000000000000000e+00 0.000000000000000e+00 5.599999999999991e+12 0.000000000000000e+00 5.599999999999991e+12 0.000000000000000e+00 0.000000000000000e+00
 0.000000000000000e+00 0.000000000000000e+00 0.000000000000000e+00 0.000000000000000e+00 0.000000000000000e+00 0.000000000000000e+00 0.000000000000000e+00 0.000000000000000e+00 0.000000000000000e+00 0.000000000000000e+00
 0.000000000000000e+00 0.000000000000000e+00 0.000000000000000e+00 0.000000000000000e+00 0.000000000000000e+00 0.000000000000000e+00 0.000000000000000e+00 0.000000000000000e+00 0.000000000000000e+00 0.000000000000000e+00
 0.000000000000000e+00 0.000000000000000e+00 0.000000000000000e+00 0.000000000000000e+00 0.000000000000000e+00 0.000000000000000e+00 0.000000000000000e+00 0.000000000000000e+00 0.000000000000000e+00 0.000000000000000e+00
 0.000000000000000e+00 0.000000000000000e+00 0.000000000000000e+00 0.000000000000000e+00 0.000000000000000e+00 5.599999999999991e+12 0.000000000000000e+00 5.599999999999991e+12 0.000000000000000e+00 0.000000000000000e+00
 0.000000000000000e+00 0.000000000000000e+00 0.000000000000000e+00 0.000000000000000e+00 0.000000000000000e+00 0.000000000000000e+00 0.000000000000000e+00 0.000000000000000e+00 0.000000000000000e+00 0.000000000000000e+00
 0.000000000000000e+00 0.000000000000000e+00 0.000000000000000e+00 0.000000000000000e+00 0.000000000000000e+00 0.000000000000000e+00 0.000000000000000e+00 0.000000000000000e+00 0.000000000000000e+00 0.000000000000000e+00
 0.000000000000000e+00 0.000000000000000e+00 0.000000000000000e+00 0.000000000000000e+00 0.000000000000000e+00 0.000000000000000e+00 0.000000000000000e+00 0.000000000000000e+00 0.000000000000000e+00 0.000000000000000e+00
 0.000000000000000e+00 0.000000000000000e+00 0.000000000000000e+00 0.000000000000000e+00 0.000000000000000e+00 5.599999999999991e+12 0.000000000000000e+00 5.599999999999991e+12 0.000000000000000e+00 0.000000000000000e+00
 0.000000000000000e+00 0.000000000000000e+00 0.000000000000000e+00 0.000000000000000e+00 0.000000000000000e+00 0.000000000000000e+00 0.000000000000000e+00 0.000000000000000e+00 0.000000000000000e+00 0.000000000000000e+00
 0.000000000000000e+00 0.000000000000000e+00 0.000000000000000e+00 0.000000000000000e+00 0.000000000000000e+00 0.000000000000000e+00 0.000000000000000e+00 0.000000000000000e+00 0.000000000000000e+00 0.000000000000000e+00
 0.000000000000000e+00 0.000000000000000e+00 0.000000000000000e+00 0.000000000000000e+00 0.000000000000000e+00 0.000000000000000e+00 0.000000000000000e+00 0.000000000000000e+00 0.000000000000000e+00 0.000000000000000e+00
 0.000000000000000e+00 0.000000000000000e+00 0.000000000000000e+00 0.000000000000000e+00 0.000000000000000e+00 5.599999999999991e+12 0.000000000000000e+00 5.599999999999991e+12 0.000000000000000e+00 0.000000000000000e+00
 0.000000000000000e+00 0.000000000000000e+00 0.000000000000000e+00 0.000000000000000e+00 0.000000000000000e+00 0.000000000000000e+00 0.000000000000000e+00 0.000000000000000e+00 0.000000000000000e+00 0.000000000000000e+00
 0.000000000000000e+00 0.000000000000000e+00 0.000000000000000e+00 0.000000000000000e+00 0.000000000000000e+00 0.000000000000000e+00 0.000000000000000e+00 0.000000000000000e+00 0.000000000000000e+00 0.000000000000000e+00
 0.000000000000000e+00 0.000000000000000e+00 0.000000000000000e+00 0.000000000000000e+00 0.000000000000000e+00 0.000000000000000e+00 0.000000000000000e+00 0.000000000000000e+00 0.000000000000000e+00 0.000000000000000e+00
 0.000000000000000e+00 0.000000000000000e+00 0.000000000000000e+00 0.000000000000000e+00 0.000000000000000e+00 5.599999999999991e+12 0.000000000000000e+00 5.599999999999991e+12 0.000000000000000e+00 0.000000000000000e+00
 0.000000000000000e+00 0.000000000000000e+00 0.000000000000000e+00 0.000000000000000e+00 0.000000000000000e+00 0.000000000000000e+00 0.000000000000000e+00 0.000000000000000e+00 0.000000000000000e+00 0.000000000000000e+00
 0.000000000000000e+00 0.000000000000000e+00 0.000000000000000e+00 0.000000000000000e+00 0.000000000000000e+00 0.000000000000000e+00 0.000000000000000e+00 0.000000000000000e+00 0.000000000000000e+00 0.000000000000000e+00
 0.000000000000000e+00 0.000000000000000e+00 0.000000000000000e+00 0.000000000000000e+00 0.000000000000000e+00 0.000000000000000e+00 0.000000000000000e+00 0.000000000000000e+00 0.000000000000000e+00 0.000000000000000e+00
 0.000000000000000e+00 0.000000000000000e+00 0.000000000000000e+00 0.000000000000000e+00 0.000000000000000e+00 5.599999999999991e+12 0.000000000000000e+00 5.599999999999991e+12 0.000000000000000e+00 0.000000000000000e+00
 0.000000000000000e+00 0.000000000000000e+00 0.000000000000000e+00 0.000000000000000e+00 0.000000000000000e+00 0.000000000000000e+00 0.000000000000000e+00 0.000000000000000e+00 0.000000000000000e+00 0.000000000000000e+00
 0.000000000000000e+00 0.000000000000000e+00 0.000000000000000e+00 0.000000000000000e+00 0.000000000000000e+00 0.000000000000000e+00 0.000000000000000e+00 0.000000000000000e+00 0.000000000000000e+00 0.000000000000000e+00
 0.000000000000000e+00 0.000000000000000e+00 0.000000000000000e+00 0.000000000000000e+00 0.000000000000000e+00 0.000000000000000e+00 0.000000000000000e+00 0.000000000000000e+00 0.000000000000000e+00 0.000000000000000e+00
 0.000000000000000e+00 0.000000000000000e+00 0.000000000000000e+00 0.000000000000000e+00 0.000000000000000e+00 5.599999999999991e+12 0.000000000000000e+00 5.599999999999991e+12 0.000000000000000e+00 0.000000000000000e+00
 0.000000000000000e+00 0.000000000000000e+00 0.000000000000000e+00 0.000000000000000e+00 0.000000000000000e+00 0.000000000000000e+00 0.000000000000000e+00 0.000000000000000e+00 0.000000000000000e+00 0.000000000000000e+00
 0.000000000000000e+00 0.000000000000000e+00 0.000000000000000e+00 0.000000000000000e+00 0.000000000000000e+00 0.000000000000000e+00 0.000000000000000e+00 0.000000000000000e+00 0.000000000000000e+00 0.000000000000000e+00
 0.000000000000000e+00 0.000000000000000e+00 0.000000000000000e+00 0.000000000000000e+00 0.000000000000000e+00 0.000000000000000e+00 0.000000000000000e+00 0.000000000000000e+00 0.000000000000000e+00 0.000000000000000e+00
 0.000000000000000e+00 0.000000000000000e+00 0.000000000000000e+00 0.000000000000000e+00 0.000000000000000e+00 5.599999999999991e+12 0.000000000000000e+00 5.599999999999991e+12 0.000000000000000e+00 0.000000000000000e+00
 0.000000000000000e+00 0.000000000000000e+00 0.000000000000000e+00 0.000000000000000e+00 0.000000000000000e+00 0.000000000000000e+00 0.000000000000000e+00 0.000000000000000e+00 0.000000000000000e+00 0.000000000000000e+00
 0.000000000000000e+00 0.000000000000000e+00 0.000000000000000e+00 0.000000000000000e+00 0.000000000000000e+00 0.000000000000000e+00 0.000000000000000e+00 0.000000000000000e+00 0.000000000000000e+00 0.000000000000000e+00
 0.000000000000000e+00 0.000000000000000e+00 0.000000000000000e+00 0.000000000000000e+00 0.000000000000000e+00 0.000000000000000e+00 0.000000000000000e+00 0.000000000000000e+00 0.000000000000000e+00 0.000000000000000e+00
 0.000000000000000e+00 0.000000000000000e+00 0.000000000000000e+00 0.000000000000000e+00 0.000000000000000e+00 5.599999999999991e+12 0.000000000000000e+00 5.599999999999991e+12 0.000000000000000e+00 0.000000000000000e+00
 0.000000000000000e+00 0.000000000000000e+00 0.000000000000000e+00 0.000000000000000e+00 0.000000000000000e+00 0.000000000000000e+00 0.000000000000000e+00 0.000000000000000e+00 0.000000000000000e+00 0.000000000000000e+00
 0.000000000000000e+00 0.000000000000000e+00 0.000000000000000e+00 0.000000000000000e+00 0.000000000000000e+00 0.000000000000000e+00 0.000000000000000e+00 0.000000000000000e+00 0.000000000000000e+00 0.000000000000000e+00
 0.000000000000000e+00 0.000000000000000e+00 0.000000000000000e+00 0.000000000000000e+00 0.000000000000000e+00 0.000000000000000e+00 0.000000000000000e+00 0.000000000000000e+00 0.000000000000000e+00 0.000000000000000e+00
 0.000000000000000e+00 0.000000000000000e+00 0.000000000000000e+00 0.000000000000000e+00 0.000000000000000e+00 5.599999999999991e+12 0.000000000000000e+00 5.599999999999991e+12 0.000000000000000e+00 0.000000000000000e+00
 0.000000000000000e+00 0.000000000000000e+00 0.000000000000000e+00 0.000000000000000e+00 0.000000000000000e+00 0.000000000000000e+00 0.000000000000000e+00 0.000000000000000e+00 0.000000000000000e+00 0.000000000000000e+00
 0.000000000000000e+00 0.000000000000000e+00 0.000000000000000e+00 0.000000000000000e+00 0.000000000000000e+00 0.000000000000000e+00 0.000000000000000e+00 5.599999999999991e+12 0.000000000000000e+00 0.000000000000000e+00
 0.000000000000000e+00 0.000000000000000e+00 0.000000000000000e+00 0.000000000000000e+00 0.000000000000000e+00 0.000000000000000e+00 0.000000000000000e+00 0.000000000000000e+00 0.000000000000000e+00 0.000000000000000e+00
 0.000000000000000e+00 0.000000000000000e+00 0.000000000000000e+00 0.000000000000000e+00 0.000000000000000e+00 0.000000000000000e+00 0.000000000000000e+00 0.000000000000000e+00 5.599999999999991e+12 5.599999999999991e+12

    }
  }

  Dataset ("PMIUserField0") {
    function  = PMIUserField0
    type      = scalar
    dimension = 1
    location  = vertex
    validity  = [ "p_plus" ]
    Values (1300) {
 0.000000000000000e+00 0.000000000000000e+00 0.000000000000000e+00 0.000000000000000e+00 0.000000000000000e+00 0.000000000000000e+00 0.000000000000000e+00 0.000000000000000e+00 0.000000000000000e+00 0.000000000000000e+00
 0.000000000000000e+00 0.000000000000000e+00 0.000000000000000e+00 0.000000000000000e+00 0.000000000000000e+00 0.000000000000000e+00 0.000000000000000e+00 0.000000000000000e+00 0.000000000000000e+00 0.000000000000000e+00
 0.000000000000000e+00 0.000000000000000e+00 0.000000000000000e+00 0.000000000000000e+00 0.000000000000000e+00 0.000000000000000e+00 0.000000000000000e+00 0.000000000000000e+00 0.000000000000000e+00 0.000000000000000e+00
 0.000000000000000e+00 0.000000000000000e+00 0.000000000000000e+00 0.000000000000000e+00 0.000000000000000e+00 0.000000000000000e+00 0.000000000000000e+00 0.000000000000000e+00 0.000000000000000e+00 0.000000000000000e+00
 0.000000000000000e+00 0.000000000000000e+00 0.000000000000000e+00 0.000000000000000e+00 0.000000000000000e+00 0.000000000000000e+00 0.000000000000000e+00 0.000000000000000e+00 0.000000000000000e+00 0.000000000000000e+00
 0.000000000000000e+00 0.000000000000000e+00 0.000000000000000e+00 0.000000000000000e+00 0.000000000000000e+00 0.000000000000000e+00 0.000000000000000e+00 0.000000000000000e+00 0.000000000000000e+00 0.000000000000000e+00
 0.000000000000000e+00 0.000000000000000e+00 0.000000000000000e+00 0.000000000000000e+00 0.000000000000000e+00 0.000000000000000e+00 0.000000000000000e+00 0.000000000000000e+00 0.000000000000000e+00 0.000000000000000e+00
 0.000000000000000e+00 0.000000000000000e+00 0.000000000000000e+00 0.000000000000000e+00 0.000000000000000e+00 0.000000000000000e+00 0.000000000000000e+00 0.000000000000000e+00 0.000000000000000e+00 0.000000000000000e+00
 0.000000000000000e+00 0.000000000000000e+00 0.000000000000000e+00 0.000000000000000e+00 0.000000000000000e+00 0.000000000000000e+00 0.000000000000000e+00 0.000000000000000e+00 0.000000000000000e+00 0.000000000000000e+00
 0.000000000000000e+00 0.000000000000000e+00 0.000000000000000e+00 0.000000000000000e+00 0.000000000000000e+00 0.000000000000000e+00 0.000000000000000e+00 0.000000000000000e+00 0.000000000000000e+00 0.000000000000000e+00
 0.000000000000000e+00 0.000000000000000e+00 0.000000000000000e+00 0.000000000000000e+00 0.000000000000000e+00 0.000000000000000e+00 0.000000000000000e+00 0.000000000000000e+00 0.000000000000000e+00 0.000000000000000e+00
 0.000000000000000e+00 0.000000000000000e+00 0.000000000000000e+00 0.000000000000000e+00 0.000000000000000e+00 0.000000000000000e+00 0.000000000000000e+00 0.000000000000000e+00 0.000000000000000e+00 0.000000000000000e+00
 0.000000000000000e+00 0.000000000000000e+00 0.000000000000000e+00 0.000000000000000e+00 0.000000000000000e+00 0.000000000000000e+00 0.000000000000000e+00 0.000000000000000e+00 0.000000000000000e+00 0.000000000000000e+00
 0.000000000000000e+00 0.000000000000000e+00 0.000000000000000e+00 0.000000000000000e+00 0.000000000000000e+00 0.000000000000000e+00 0.000000000000000e+00 0.000000000000000e+00 0.000000000000000e+00 0.000000000000000e+00
 0.000000000000000e+00 0.000000000000000e+00 0.000000000000000e+00 0.000000000000000e+00 0.000000000000000e+00 0.000000000000000e+00 0.000000000000000e+00 0.000000000000000e+00 0.000000000000000e+00 0.000000000000000e+00
 0.000000000000000e+00 0.000000000000000e+00 0.000000000000000e+00 0.000000000000000e+00 0.000000000000000e+00 0.000000000000000e+00 0.000000000000000e+00 0.000000000000000e+00 0.000000000000000e+00 0.000000000000000e+00
 0.000000000000000e+00 0.000000000000000e+00 0.000000000000000e+00 0.000000000000000e+00 0.000000000000000e+00 0.000000000000000e+00 0.000000000000000e+00 0.000000000000000e+00 0.000000000000000e+00 0.000000000000000e+00
 0.000000000000000e+00 0.000000000000000e+00 0.000000000000000e+00 0.000000000000000e+00 0.000000000000000e+00 0.000000000000000e+00 0.000000000000000e+00 0.000000000000000e+00 0.000000000000000e+00 0.000000000000000e+00
 0.000000000000000e+00 0.000000000000000e+00 0.000000000000000e+00 0.000000000000000e+00 0.000000000000000e+00 0.000000000000000e+00 0.000000000000000e+00 0.000000000000000e+00 0.000000000000000e+00 0.000000000000000e+00
 0.000000000000000e+00 0.000000000000000e+00 0.000000000000000e+00 0.000000000000000e+00 0.000000000000000e+00 0.000000000000000e+00 0.000000000000000e+00 0.000000000000000e+00 0.000000000000000e+00 0.000000000000000e+00
 0.000000000000000e+00 0.000000000000000e+00 0.000000000000000e+00 0.000000000000000e+00 0.000000000000000e+00 0.000000000000000e+00 0.000000000000000e+00 0.000000000000000e+00 0.000000000000000e+00 0.000000000000000e+00
 0.000000000000000e+00 0.000000000000000e+00 0.000000000000000e+00 0.000000000000000e+00 0.000000000000000e+00 0.000000000000000e+00 0.000000000000000e+00 0.000000000000000e+00 0.000000000000000e+00 0.000000000000000e+00
 0.000000000000000e+00 0.000000000000000e+00 0.000000000000000e+00 0.000000000000000e+00 0.000000000000000e+00 0.000000000000000e+00 0.000000000000000e+00 0.000000000000000e+00 0.000000000000000e+00 0.000000000000000e+00
 0.000000000000000e+00 0.000000000000000e+00 0.000000000000000e+00 0.000000000000000e+00 0.000000000000000e+00 0.000000000000000e+00 0.000000000000000e+00 0.000000000000000e+00 0.000000000000000e+00 0.000000000000000e+00
 0.000000000000000e+00 0.000000000000000e+00 0.000000000000000e+00 0.000000000000000e+00 0.000000000000000e+00 0.000000000000000e+00 0.000000000000000e+00 0.000000000000000e+00 0.000000000000000e+00 0.000000000000000e+00
 0.000000000000000e+00 0.000000000000000e+00 0.000000000000000e+00 0.000000000000000e+00 0.000000000000000e+00 0.000000000000000e+00 0.000000000000000e+00 0.000000000000000e+00 0.000000000000000e+00 0.000000000000000e+00
 0.000000000000000e+00 0.000000000000000e+00 0.000000000000000e+00 0.000000000000000e+00 0.000000000000000e+00 0.000000000000000e+00 0.000000000000000e+00 0.000000000000000e+00 0.000000000000000e+00 0.000000000000000e+00
 0.000000000000000e+00 0.000000000000000e+00 0.000000000000000e+00 0.000000000000000e+00 0.000000000000000e+00 0.000000000000000e+00 0.000000000000000e+00 0.000000000000000e+00 0.000000000000000e+00 0.000000000000000e+00
 0.000000000000000e+00 0.000000000000000e+00 0.000000000000000e+00 0.000000000000000e+00 0.000000000000000e+00 0.000000000000000e+00 0.000000000000000e+00 0.000000000000000e+00 0.000000000000000e+00 0.000000000000000e+00
 0.000000000000000e+00 0.000000000000000e+00 0.000000000000000e+00 0.000000000000000e+00 0.000000000000000e+00 0.000000000000000e+00 0.000000000000000e+00 0.000000000000000e+00 0.000000000000000e+00 0.000000000000000e+00
 0.000000000000000e+00 0.000000000000000e+00 0.000000000000000e+00 0.000000000000000e+00 0.000000000000000e+00 0.000000000000000e+00 0.000000000000000e+00 0.000000000000000e+00 0.000000000000000e+00 0.000000000000000e+00
 0.000000000000000e+00 0.000000000000000e+00 0.000000000000000e+00 0.000000000000000e+00 0.000000000000000e+00 0.000000000000000e+00 0.000000000000000e+00 0.000000000000000e+00 0.000000000000000e+00 0.000000000000000e+00
 0.000000000000000e+00 0.000000000000000e+00 0.000000000000000e+00 0.000000000000000e+00 0.000000000000000e+00 0.000000000000000e+00 0.000000000000000e+00 0.000000000000000e+00 0.000000000000000e+00 0.000000000000000e+00
 0.000000000000000e+00 0.000000000000000e+00 0.000000000000000e+00 0.000000000000000e+00 0.000000000000000e+00 0.000000000000000e+00 0.000000000000000e+00 0.000000000000000e+00 0.000000000000000e+00 0.000000000000000e+00
 0.000000000000000e+00 0.000000000000000e+00 0.000000000000000e+00 0.000000000000000e+00 0.000000000000000e+00 0.000000000000000e+00 0.000000000000000e+00 0.000000000000000e+00 0.000000000000000e+00 0.000000000000000e+00
 0.000000000000000e+00 0.000000000000000e+00 0.000000000000000e+00 0.000000000000000e+00 0.000000000000000e+00 0.000000000000000e+00 0.000000000000000e+00 0.000000000000000e+00 0.000000000000000e+00 0.000000000000000e+00
 0.000000000000000e+00 0.000000000000000e+00 0.000000000000000e+00 0.000000000000000e+00 0.000000000000000e+00 0.000000000000000e+00 0.000000000000000e+00 0.000000000000000e+00 0.000000000000000e+00 0.000000000000000e+00
 0.000000000000000e+00 0.000000000000000e+00 0.000000000000000e+00 0.000000000000000e+00 0.000000000000000e+00 0.000000000000000e+00 0.000000000000000e+00 0.000000000000000e+00 0.000000000000000e+00 0.000000000000000e+00
 0.000000000000000e+00 0.000000000000000e+00 0.000000000000000e+00 0.000000000000000e+00 0.000000000000000e+00 0.000000000000000e+00 0.000000000000000e+00 0.000000000000000e+00 0.000000000000000e+00 0.000000000000000e+00
 0.000000000000000e+00 0.000000000000000e+00 0.000000000000000e+00 0.000000000000000e+00 0.000000000000000e+00 0.000000000000000e+00 0.000000000000000e+00 0.000000000000000e+00 0.000000000000000e+00 0.000000000000000e+00
 0.000000000000000e+00 0.000000000000000e+00 0.000000000000000e+00 0.000000000000000e+00 0.000000000000000e+00 0.000000000000000e+00 0.000000000000000e+00 0.000000000000000e+00 0.000000000000000e+00 0.000000000000000e+00
 0.000000000000000e+00 0.000000000000000e+00 0.000000000000000e+00 0.000000000000000e+00 0.000000000000000e+00 0.000000000000000e+00 0.000000000000000e+00 0.000000000000000e+00 0.000000000000000e+00 0.000000000000000e+00
 0.000000000000000e+00 0.000000000000000e+00 0.000000000000000e+00 0.000000000000000e+00 0.000000000000000e+00 0.000000000000000e+00 0.000000000000000e+00 0.000000000000000e+00 0.000000000000000e+00 0.000000000000000e+00
 0.000000000000000e+00 0.000000000000000e+00 0.000000000000000e+00 0.000000000000000e+00 0.000000000000000e+00 0.000000000000000e+00 0.000000000000000e+00 0.000000000000000e+00 0.000000000000000e+00 0.000000000000000e+00
 0.000000000000000e+00 0.000000000000000e+00 0.000000000000000e+00 0.000000000000000e+00 0.000000000000000e+00 0.000000000000000e+00 0.000000000000000e+00 0.000000000000000e+00 0.000000000000000e+00 0.000000000000000e+00
 0.000000000000000e+00 0.000000000000000e+00 0.000000000000000e+00 0.000000000000000e+00 0.000000000000000e+00 0.000000000000000e+00 0.000000000000000e+00 0.000000000000000e+00 0.000000000000000e+00 0.000000000000000e+00
 0.000000000000000e+00 0.000000000000000e+00 0.000000000000000e+00 0.000000000000000e+00 0.000000000000000e+00 0.000000000000000e+00 0.000000000000000e+00 0.000000000000000e+00 0.000000000000000e+00 0.000000000000000e+00
 0.000000000000000e+00 0.000000000000000e+00 0.000000000000000e+00 0.000000000000000e+00 0.000000000000000e+00 0.000000000000000e+00 0.000000000000000e+00 0.000000000000000e+00 0.000000000000000e+00 0.000000000000000e+00
 0.000000000000000e+00 0.000000000000000e+00 0.000000000000000e+00 0.000000000000000e+00 0.000000000000000e+00 0.000000000000000e+00 0.000000000000000e+00 0.000000000000000e+00 0.000000000000000e+00 0.000000000000000e+00
 0.000000000000000e+00 0.000000000000000e+00 0.000000000000000e+00 0.000000000000000e+00 0.000000000000000e+00 0.000000000000000e+00 0.000000000000000e+00 0.000000000000000e+00 0.000000000000000e+00 0.000000000000000e+00
 0.000000000000000e+00 0.000000000000000e+00 0.000000000000000e+00 0.000000000000000e+00 0.000000000000000e+00 0.000000000000000e+00 0.000000000000000e+00 0.000000000000000e+00 0.000000000000000e+00 0.000000000000000e+00
 0.000000000000000e+00 0.000000000000000e+00 0.000000000000000e+00 0.000000000000000e+00 0.000000000000000e+00 0.000000000000000e+00 0.000000000000000e+00 0.000000000000000e+00 0.000000000000000e+00 0.000000000000000e+00
 0.000000000000000e+00 0.000000000000000e+00 0.000000000000000e+00 0.000000000000000e+00 0.000000000000000e+00 0.000000000000000e+00 0.000000000000000e+00 0.000000000000000e+00 0.000000000000000e+00 0.000000000000000e+00
 0.000000000000000e+00 0.000000000000000e+00 0.000000000000000e+00 0.000000000000000e+00 0.000000000000000e+00 0.000000000000000e+00 0.000000000000000e+00 0.000000000000000e+00 0.000000000000000e+00 0.000000000000000e+00
 0.000000000000000e+00 0.000000000000000e+00 0.000000000000000e+00 0.000000000000000e+00 0.000000000000000e+00 0.000000000000000e+00 0.000000000000000e+00 0.000000000000000e+00 0.000000000000000e+00 0.000000000000000e+00
 0.000000000000000e+00 0.000000000000000e+00 0.000000000000000e+00 0.000000000000000e+00 0.000000000000000e+00 0.000000000000000e+00 0.000000000000000e+00 0.000000000000000e+00 0.000000000000000e+00 0.000000000000000e+00
 0.000000000000000e+00 0.000000000000000e+00 0.000000000000000e+00 0.000000000000000e+00 0.000000000000000e+00 0.000000000000000e+00 0.000000000000000e+00 0.000000000000000e+00 0.000000000000000e+00 0.000000000000000e+00
 0.000000000000000e+00 0.000000000000000e+00 0.000000000000000e+00 0.000000000000000e+00 0.000000000000000e+00 0.000000000000000e+00 0.000000000000000e+00 0.000000000000000e+00 0.000000000000000e+00 0.000000000000000e+00
 0.000000000000000e+00 0.000000000000000e+00 0.000000000000000e+00 0.000000000000000e+00 0.000000000000000e+00 0.000000000000000e+00 0.000000000000000e+00 0.000000000000000e+00 0.000000000000000e+00 0.000000000000000e+00
 0.000000000000000e+00 0.000000000000000e+00 0.000000000000000e+00 0.000000000000000e+00 0.000000000000000e+00 0.000000000000000e+00 0.000000000000000e+00 0.000000000000000e+00 0.000000000000000e+00 0.000000000000000e+00
 0.000000000000000e+00 0.000000000000000e+00 0.000000000000000e+00 0.000000000000000e+00 0.000000000000000e+00 0.000000000000000e+00 0.000000000000000e+00 0.000000000000000e+00 0.000000000000000e+00 0.000000000000000e+00
 0.000000000000000e+00 0.000000000000000e+00 0.000000000000000e+00 0.000000000000000e+00 0.000000000000000e+00 0.000000000000000e+00 0.000000000000000e+00 0.000000000000000e+00 0.000000000000000e+00 0.000000000000000e+00
 0.000000000000000e+00 0.000000000000000e+00 0.000000000000000e+00 0.000000000000000e+00 0.000000000000000e+00 0.000000000000000e+00 0.000000000000000e+00 0.000000000000000e+00 0.000000000000000e+00 0.000000000000000e+00
 0.000000000000000e+00 0.000000000000000e+00 0.000000000000000e+00 0.000000000000000e+00 0.000000000000000e+00 0.000000000000000e+00 0.000000000000000e+00 0.000000000000000e+00 0.000000000000000e+00 0.000000000000000e+00
 0.000000000000000e+00 0.000000000000000e+00 0.000000000000000e+00 0.000000000000000e+00 0.000000000000000e+00 0.000000000000000e+00 0.000000000000000e+00 0.000000000000000e+00 0.000000000000000e+00 0.000000000000000e+00
 0.000000000000000e+00 0.000000000000000e+00 0.000000000000000e+00 0.000000000000000e+00 0.000000000000000e+00 0.000000000000000e+00 0.000000000000000e+00 0.000000000000000e+00 0.000000000000000e+00 0.000000000000000e+00
 0.000000000000000e+00 0.000000000000000e+00 0.000000000000000e+00 0.000000000000000e+00 0.000000000000000e+00 0.000000000000000e+00 0.000000000000000e+00 0.000000000000000e+00 0.000000000000000e+00 0.000000000000000e+00
 0.000000000000000e+00 0.000000000000000e+00 0.000000000000000e+00 0.000000000000000e+00 0.000000000000000e+00 0.000000000000000e+00 0.000000000000000e+00 0.000000000000000e+00 0.000000000000000e+00 0.000000000000000e+00
 0.000000000000000e+00 0.000000000000000e+00 0.000000000000000e+00 0.000000000000000e+00 0.000000000000000e+00 0.000000000000000e+00 0.000000000000000e+00 0.000000000000000e+00 0.000000000000000e+00 0.000000000000000e+00
 0.000000000000000e+00 0.000000000000000e+00 0.000000000000000e+00 0.000000000000000e+00 0.000000000000000e+00 0.000000000000000e+00 0.000000000000000e+00 0.000000000000000e+00 0.000000000000000e+00 0.000000000000000e+00
 0.000000000000000e+00 0.000000000000000e+00 0.000000000000000e+00 0.000000000000000e+00 0.000000000000000e+00 0.000000000000000e+00 0.000000000000000e+00 0.000000000000000e+00 0.000000000000000e+00 0.000000000000000e+00
 0.000000000000000e+00 0.000000000000000e+00 0.000000000000000e+00 0.000000000000000e+00 0.000000000000000e+00 0.000000000000000e+00 0.000000000000000e+00 0.000000000000000e+00 0.000000000000000e+00 0.000000000000000e+00
 0.000000000000000e+00 0.000000000000000e+00 0.000000000000000e+00 0.000000000000000e+00 0.000000000000000e+00 0.000000000000000e+00 0.000000000000000e+00 0.000000000000000e+00 0.000000000000000e+00 0.000000000000000e+00
 0.000000000000000e+00 0.000000000000000e+00 0.000000000000000e+00 0.000000000000000e+00 0.000000000000000e+00 0.000000000000000e+00 0.000000000000000e+00 0.000000000000000e+00 0.000000000000000e+00 0.000000000000000e+00
 0.000000000000000e+00 0.000000000000000e+00 0.000000000000000e+00 0.000000000000000e+00 0.000000000000000e+00 0.000000000000000e+00 0.000000000000000e+00 0.000000000000000e+00 0.000000000000000e+00 0.000000000000000e+00
 0.000000000000000e+00 0.000000000000000e+00 0.000000000000000e+00 0.000000000000000e+00 0.000000000000000e+00 0.000000000000000e+00 0.000000000000000e+00 0.000000000000000e+00 0.000000000000000e+00 0.000000000000000e+00
 0.000000000000000e+00 0.000000000000000e+00 0.000000000000000e+00 0.000000000000000e+00 0.000000000000000e+00 0.000000000000000e+00 0.000000000000000e+00 0.000000000000000e+00 0.000000000000000e+00 0.000000000000000e+00
 0.000000000000000e+00 0.000000000000000e+00 0.000000000000000e+00 0.000000000000000e+00 0.000000000000000e+00 0.000000000000000e+00 0.000000000000000e+00 0.000000000000000e+00 0.000000000000000e+00 0.000000000000000e+00
 0.000000000000000e+00 0.000000000000000e+00 0.000000000000000e+00 0.000000000000000e+00 0.000000000000000e+00 0.000000000000000e+00 0.000000000000000e+00 0.000000000000000e+00 0.000000000000000e+00 0.000000000000000e+00
 0.000000000000000e+00 0.000000000000000e+00 0.000000000000000e+00 0.000000000000000e+00 0.000000000000000e+00 0.000000000000000e+00 0.000000000000000e+00 0.000000000000000e+00 0.000000000000000e+00 0.000000000000000e+00
 0.000000000000000e+00 0.000000000000000e+00 0.000000000000000e+00 0.000000000000000e+00 0.000000000000000e+00 0.000000000000000e+00 0.000000000000000e+00 0.000000000000000e+00 0.000000000000000e+00 0.000000000000000e+00
 0.000000000000000e+00 0.000000000000000e+00 0.000000000000000e+00 0.000000000000000e+00 0.000000000000000e+00 0.000000000000000e+00 0.000000000000000e+00 0.000000000000000e+00 0.000000000000000e+00 0.000000000000000e+00
 0.000000000000000e+00 0.000000000000000e+00 0.000000000000000e+00 0.000000000000000e+00 0.000000000000000e+00 0.000000000000000e+00 0.000000000000000e+00 0.000000000000000e+00 0.000000000000000e+00 0.000000000000000e+00
 0.000000000000000e+00 0.000000000000000e+00 0.000000000000000e+00 0.000000000000000e+00 0.000000000000000e+00 0.000000000000000e+00 0.000000000000000e+00 0.000000000000000e+00 0.000000000000000e+00 0.000000000000000e+00
 0.000000000000000e+00 0.000000000000000e+00 0.000000000000000e+00 0.000000000000000e+00 0.000000000000000e+00 0.000000000000000e+00 0.000000000000000e+00 0.000000000000000e+00 0.000000000000000e+00 0.000000000000000e+00
 0.000000000000000e+00 0.000000000000000e+00 0.000000000000000e+00 0.000000000000000e+00 0.000000000000000e+00 0.000000000000000e+00 0.000000000000000e+00 0.000000000000000e+00 0.000000000000000e+00 0.000000000000000e+00
 0.000000000000000e+00 0.000000000000000e+00 0.000000000000000e+00 0.000000000000000e+00 0.000000000000000e+00 0.000000000000000e+00 0.000000000000000e+00 0.000000000000000e+00 0.000000000000000e+00 0.000000000000000e+00
 0.000000000000000e+00 0.000000000000000e+00 0.000000000000000e+00 0.000000000000000e+00 0.000000000000000e+00 0.000000000000000e+00 0.000000000000000e+00 0.000000000000000e+00 0.000000000000000e+00 0.000000000000000e+00
 0.000000000000000e+00 0.000000000000000e+00 0.000000000000000e+00 0.000000000000000e+00 0.000000000000000e+00 0.000000000000000e+00 0.000000000000000e+00 0.000000000000000e+00 0.000000000000000e+00 0.000000000000000e+00
 0.000000000000000e+00 0.000000000000000e+00 0.000000000000000e+00 0.000000000000000e+00 0.000000000000000e+00 0.000000000000000e+00 0.000000000000000e+00 0.000000000000000e+00 0.000000000000000e+00 0.000000000000000e+00
 0.000000000000000e+00 0.000000000000000e+00 0.000000000000000e+00 0.000000000000000e+00 0.000000000000000e+00 0.000000000000000e+00 0.000000000000000e+00 0.000000000000000e+00 0.000000000000000e+00 0.000000000000000e+00
 0.000000000000000e+00 0.000000000000000e+00 0.000000000000000e+00 0.000000000000000e+00 0.000000000000000e+00 0.000000000000000e+00 0.000000000000000e+00 0.000000000000000e+00 0.000000000000000e+00 0.000000000000000e+00
 0.000000000000000e+00 0.000000000000000e+00 0.000000000000000e+00 0.000000000000000e+00 0.000000000000000e+00 0.000000000000000e+00 0.000000000000000e+00 0.000000000000000e+00 0.000000000000000e+00 0.000000000000000e+00
 0.000000000000000e+00 0.000000000000000e+00 0.000000000000000e+00 0.000000000000000e+00 0.000000000000000e+00 0.000000000000000e+00 0.000000000000000e+00 0.000000000000000e+00 0.000000000000000e+00 0.000000000000000e+00
 0.000000000000000e+00 0.000000000000000e+00 0.000000000000000e+00 0.000000000000000e+00 0.000000000000000e+00 0.000000000000000e+00 0.000000000000000e+00 0.000000000000000e+00 0.000000000000000e+00 0.000000000000000e+00
 0.000000000000000e+00 0.000000000000000e+00 0.000000000000000e+00 0.000000000000000e+00 0.000000000000000e+00 0.000000000000000e+00 0.000000000000000e+00 0.000000000000000e+00 0.000000000000000e+00 0.000000000000000e+00
 0.000000000000000e+00 0.000000000000000e+00 0.000000000000000e+00 0.000000000000000e+00 0.000000000000000e+00 0.000000000000000e+00 0.000000000000000e+00 0.000000000000000e+00 0.000000000000000e+00 0.000000000000000e+00
 0.000000000000000e+00 0.000000000000000e+00 0.000000000000000e+00 0.000000000000000e+00 0.000000000000000e+00 0.000000000000000e+00 0.000000000000000e+00 0.000000000000000e+00 0.000000000000000e+00 0.000000000000000e+00
 0.000000000000000e+00 0.000000000000000e+00 0.000000000000000e+00 0.000000000000000e+00 0.000000000000000e+00 0.000000000000000e+00 0.000000000000000e+00 0.000000000000000e+00 0.000000000000000e+00 0.000000000000000e+00
 0.000000000000000e+00 0.000000000000000e+00 0.000000000000000e+00 0.000000000000000e+00 0.000000000000000e+00 0.000000000000000e+00 0.000000000000000e+00 0.000000000000000e+00 0.000000000000000e+00 0.000000000000000e+00
 0.000000000000000e+00 0.000000000000000e+00 0.000000000000000e+00 0.000000000000000e+00 0.000000000000000e+00 0.000000000000000e+00 0.000000000000000e+00 0.000000000000000e+00 0.000000000000000e+00 0.000000000000000e+00
 0.000000000000000e+00 0.000000000000000e+00 0.000000000000000e+00 0.000000000000000e+00 0.000000000000000e+00 0.000000000000000e+00 0.000000000000000e+00 0.000000000000000e+00 0.000000000000000e+00 0.000000000000000e+00
 0.000000000000000e+00 0.000000000000000e+00 0.000000000000000e+00 0.000000000000000e+00 0.000000000000000e+00 0.000000000000000e+00 0.000000000000000e+00 0.000000000000000e+00 0.000000000000000e+00 0.000000000000000e+00
 0.000000000000000e+00 0.000000000000000e+00 0.000000000000000e+00 0.000000000000000e+00 0.000000000000000e+00 0.000000000000000e+00 0.000000000000000e+00 0.000000000000000e+00 0.000000000000000e+00 0.000000000000000e+00
 0.000000000000000e+00 0.000000000000000e+00 0.000000000000000e+00 0.000000000000000e+00 0.000000000000000e+00 0.000000000000000e+00 0.000000000000000e+00 0.000000000000000e+00 0.000000000000000e+00 0.000000000000000e+00
 0.000000000000000e+00 0.000000000000000e+00 0.000000000000000e+00 0.000000000000000e+00 0.000000000000000e+00 0.000000000000000e+00 0.000000000000000e+00 0.000000000000000e+00 0.000000000000000e+00 0.000000000000000e+00
 0.000000000000000e+00 0.000000000000000e+00 0.000000000000000e+00 0.000000000000000e+00 0.000000000000000e+00 0.000000000000000e+00 0.000000000000000e+00 0.000000000000000e+00 0.000000000000000e+00 0.000000000000000e+00
 0.000000000000000e+00 0.000000000000000e+00 0.000000000000000e+00 0.000000000000000e+00 0.000000000000000e+00 0.000000000000000e+00 0.000000000000000e+00 0.000000000000000e+00 0.000000000000000e+00 0.000000000000000e+00
 0.000000000000000e+00 0.000000000000000e+00 0.000000000000000e+00 0.000000000000000e+00 0.000000000000000e+00 0.000000000000000e+00 0.000000000000000e+00 0.000000000000000e+00 0.000000000000000e+00 0.000000000000000e+00
 0.000000000000000e+00 0.000000000000000e+00 0.000000000000000e+00 0.000000000000000e+00 0.000000000000000e+00 0.000000000000000e+00 0.000000000000000e+00 0.000000000000000e+00 0.000000000000000e+00 0.000000000000000e+00
 0.000000000000000e+00 0.000000000000000e+00 0.000000000000000e+00 0.000000000000000e+00 0.000000000000000e+00 0.000000000000000e+00 0.000000000000000e+00 0.000000000000000e+00 0.000000000000000e+00 0.000000000000000e+00
 0.000000000000000e+00 0.000000000000000e+00 0.000000000000000e+00 0.000000000000000e+00 0.000000000000000e+00 0.000000000000000e+00 0.000000000000000e+00 0.000000000000000e+00 0.000000000000000e+00 0.000000000000000e+00
 0.000000000000000e+00 0.000000000000000e+00 0.000000000000000e+00 0.000000000000000e+00 0.000000000000000e+00 0.000000000000000e+00 0.000000000000000e+00 0.000000000000000e+00 0.000000000000000e+00 0.000000000000000e+00
 0.000000000000000e+00 0.000000000000000e+00 0.000000000000000e+00 0.000000000000000e+00 0.000000000000000e+00 0.000000000000000e+00 0.000000000000000e+00 0.000000000000000e+00 0.000000000000000e+00 0.000000000000000e+00
 0.000000000000000e+00 0.000000000000000e+00 0.000000000000000e+00 0.000000000000000e+00 0.000000000000000e+00 0.000000000000000e+00 0.000000000000000e+00 0.000000000000000e+00 0.000000000000000e+00 0.000000000000000e+00
 0.000000000000000e+00 0.000000000000000e+00 0.000000000000000e+00 0.000000000000000e+00 0.000000000000000e+00 0.000000000000000e+00 0.000000000000000e+00 0.000000000000000e+00 0.000000000000000e+00 0.000000000000000e+00
 0.000000000000000e+00 0.000000000000000e+00 0.000000000000000e+00 0.000000000000000e+00 0.000000000000000e+00 0.000000000000000e+00 0.000000000000000e+00 0.000000000000000e+00 0.000000000000000e+00 0.000000000000000e+00
 0.000000000000000e+00 0.000000000000000e+00 0.000000000000000e+00 0.000000000000000e+00 0.000000000000000e+00 0.000000000000000e+00 0.000000000000000e+00 0.000000000000000e+00 0.000000000000000e+00 0.000000000000000e+00
 0.000000000000000e+00 0.000000000000000e+00 0.000000000000000e+00 0.000000000000000e+00 0.000000000000000e+00 0.000000000000000e+00 0.000000000000000e+00 0.000000000000000e+00 0.000000000000000e+00 0.000000000000000e+00
 0.000000000000000e+00 0.000000000000000e+00 0.000000000000000e+00 0.000000000000000e+00 0.000000000000000e+00 0.000000000000000e+00 0.000000000000000e+00 0.000000000000000e+00 0.000000000000000e+00 0.000000000000000e+00
 0.000000000000000e+00 0.000000000000000e+00 0.000000000000000e+00 0.000000000000000e+00 0.000000000000000e+00 0.000000000000000e+00 0.000000000000000e+00 0.000000000000000e+00 0.000000000000000e+00 0.000000000000000e+00
 0.000000000000000e+00 0.000000000000000e+00 0.000000000000000e+00 0.000000000000000e+00 0.000000000000000e+00 0.000000000000000e+00 0.000000000000000e+00 0.000000000000000e+00 0.000000000000000e+00 0.000000000000000e+00
 0.000000000000000e+00 0.000000000000000e+00 0.000000000000000e+00 0.000000000000000e+00 0.000000000000000e+00 0.000000000000000e+00 0.000000000000000e+00 0.000000000000000e+00 0.000000000000000e+00 0.000000000000000e+00
 0.000000000000000e+00 0.000000000000000e+00 0.000000000000000e+00 0.000000000000000e+00 0.000000000000000e+00 0.000000000000000e+00 0.000000000000000e+00 0.000000000000000e+00 0.000000000000000e+00 0.000000000000000e+00
 0.000000000000000e+00 0.000000000000000e+00 0.000000000000000e+00 0.000000000000000e+00 0.000000000000000e+00 0.000000000000000e+00 0.000000000000000e+00 0.000000000000000e+00 0.000000000000000e+00 0.000000000000000e+00
 0.000000000000000e+00 0.000000000000000e+00 0.000000000000000e+00 0.000000000000000e+00 0.000000000000000e+00 0.000000000000000e+00 0.000000000000000e+00 0.000000000000000e+00 0.000000000000000e+00 0.000000000000000e+00
 0.000000000000000e+00 0.000000000000000e+00 0.000000000000000e+00 0.000000000000000e+00 0.000000000000000e+00 0.000000000000000e+00 0.000000000000000e+00 0.000000000000000e+00 0.000000000000000e+00 0.000000000000000e+00
 0.000000000000000e+00 0.000000000000000e+00 0.000000000000000e+00 0.000000000000000e+00 0.000000000000000e+00 0.000000000000000e+00 0.000000000000000e+00 0.000000000000000e+00 0.000000000000000e+00 0.000000000000000e+00
 0.000000000000000e+00 0.000000000000000e+00 0.000000000000000e+00 0.000000000000000e+00 0.000000000000000e+00 0.000000000000000e+00 0.000000000000000e+00 0.000000000000000e+00 0.000000000000000e+00 0.000000000000000e+00
 0.000000000000000e+00 0.000000000000000e+00 0.000000000000000e+00 0.000000000000000e+00 0.000000000000000e+00 0.000000000000000e+00 0.000000000000000e+00 0.000000000000000e+00 0.000000000000000e+00 0.000000000000000e+00

    }
  }

  Dataset ("AluminumActiveConcentration") {
    function  = AluminumActiveConcentration
    type      = scalar
    dimension = 1
    location  = vertex
    validity  = [ "p_plus" ]
    Values (1300) {
 1.000000000000005e+19 1.000000000000005e+19 1.000000000000005e+19 1.000000000000005e+19 1.000000000000005e+19 1.000000000000005e+19 1.000000000000005e+19 1.000000000000005e+19 1.000000000000005e+19 1.000000000000005e+19
 1.000000000000005e+19 1.000000000000005e+19 1.000000000000005e+19 1.000000000000005e+19 1.000000000000005e+19 1.000000000000005e+19 1.000000000000005e+19 1.000000000000005e+19 1.000000000000005e+19 1.000000000000005e+19
 1.000000000000005e+19 1.000000000000005e+19 1.000000000000005e+19 1.000000000000005e+19 1.000000000000005e+19 1.000000000000005e+19 1.000000000000005e+19 1.000000000000005e+19 1.000000000000005e+19 1.000000000000005e+19
 1.000000000000005e+19 1.000000000000005e+19 1.000000000000005e+19 1.000000000000005e+19 1.000000000000005e+19 1.000000000000005e+19 1.000000000000005e+19 1.000000000000005e+19 1.000000000000005e+19 1.000000000000005e+19
 1.000000000000005e+19 1.000000000000005e+19 1.000000000000005e+19 1.000000000000005e+19 1.000000000000005e+19 1.000000000000005e+19 1.000000000000005e+19 1.000000000000005e+19 1.000000000000005e+19 1.000000000000005e+19
 1.000000000000005e+19 1.000000000000005e+19 1.000000000000005e+19 1.000000000000005e+19 1.000000000000005e+19 1.000000000000005e+19 1.000000000000005e+19 1.000000000000005e+19 1.000000000000005e+19 1.000000000000005e+19
 1.000000000000005e+19 1.000000000000005e+19 1.000000000000005e+19 1.000000000000005e+19 1.000000000000005e+19 1.000000000000005e+19 1.000000000000005e+19 1.000000000000005e+19 1.000000000000005e+19 1.000000000000005e+19
 1.000000000000005e+19 1.000000000000005e+19 1.000000000000005e+19 1.000000000000005e+19 1.000000000000005e+19 1.000000000000005e+19 1.000000000000005e+19 1.000000000000005e+19 1.000000000000005e+19 1.000000000000005e+19
 1.000000000000005e+19 1.000000000000005e+19 1.000000000000005e+19 1.000000000000005e+19 1.000000000000005e+19 1.000000000000005e+19 1.000000000000005e+19 1.000000000000005e+19 1.000000000000005e+19 1.000000000000005e+19
 1.000000000000005e+19 1.000000000000005e+19 1.000000000000005e+19 1.000000000000005e+19 1.000000000000005e+19 1.000000000000005e+19 1.000000000000005e+19 1.000000000000005e+19 1.000000000000005e+19 1.000000000000005e+19
 1.000000000000005e+19 1.000000000000005e+19 1.000000000000005e+19 1.000000000000005e+19 1.000000000000005e+19 1.000000000000005e+19 1.000000000000005e+19 1.000000000000005e+19 1.000000000000005e+19 1.000000000000005e+19
 1.000000000000005e+19 1.000000000000005e+19 1.000000000000005e+19 1.000000000000005e+19 1.000000000000005e+19 1.000000000000005e+19 1.000000000000005e+19 1.000000000000005e+19 1.000000000000005e+19 1.000000000000005e+19
 1.000000000000005e+19 1.000000000000005e+19 1.000000000000005e+19 1.000000000000005e+19 1.000000000000005e+19 1.000000000000005e+19 1.000000000000005e+19 1.000000000000005e+19 1.000000000000005e+19 1.000000000000005e+19
 1.000000000000005e+19 1.000000000000005e+19 1.000000000000005e+19 1.000000000000005e+19 1.000000000000005e+19 1.000000000000005e+19 1.000000000000005e+19 1.000000000000005e+19 1.000000000000005e+19 1.000000000000005e+19
 1.000000000000005e+19 1.000000000000005e+19 1.000000000000005e+19 1.000000000000005e+19 1.000000000000005e+19 1.000000000000005e+19 1.000000000000005e+19 1.000000000000005e+19 1.000000000000005e+19 1.000000000000005e+19
 1.000000000000005e+19 1.000000000000005e+19 1.000000000000005e+19 1.000000000000005e+19 1.000000000000005e+19 1.000000000000005e+19 1.000000000000005e+19 1.000000000000005e+19 1.000000000000005e+19 1.000000000000005e+19
 1.000000000000005e+19 1.000000000000005e+19 1.000000000000005e+19 1.000000000000005e+19 1.000000000000005e+19 1.000000000000005e+19 1.000000000000005e+19 1.000000000000005e+19 1.000000000000005e+19 1.000000000000005e+19
 1.000000000000005e+19 1.000000000000005e+19 1.000000000000005e+19 1.000000000000005e+19 1.000000000000005e+19 1.000000000000005e+19 1.000000000000005e+19 1.000000000000005e+19 1.000000000000005e+19 1.000000000000005e+19
 1.000000000000005e+19 1.000000000000005e+19 1.000000000000005e+19 1.000000000000005e+19 1.000000000000005e+19 1.000000000000005e+19 1.000000000000005e+19 1.000000000000005e+19 1.000000000000005e+19 1.000000000000005e+19
 1.000000000000005e+19 1.000000000000005e+19 1.000000000000005e+19 1.000000000000005e+19 1.000000000000005e+19 1.000000000000005e+19 1.000000000000005e+19 1.000000000000005e+19 1.000000000000005e+19 1.000000000000005e+19
 1.000000000000005e+19 1.000000000000005e+19 1.000000000000005e+19 1.000000000000005e+19 1.000000000000005e+19 1.000000000000005e+19 1.000000000000005e+19 1.000000000000005e+19 1.000000000000005e+19 1.000000000000005e+19
 1.000000000000005e+19 1.000000000000005e+19 1.000000000000005e+19 1.000000000000005e+19 1.000000000000005e+19 1.000000000000005e+19 1.000000000000005e+19 1.000000000000005e+19 1.000000000000005e+19 1.000000000000005e+19
 1.000000000000005e+19 1.000000000000005e+19 1.000000000000005e+19 1.000000000000005e+19 1.000000000000005e+19 1.000000000000005e+19 1.000000000000005e+19 1.000000000000005e+19 1.000000000000005e+19 1.000000000000005e+19
 1.000000000000005e+19 1.000000000000005e+19 1.000000000000005e+19 1.000000000000005e+19 1.000000000000005e+19 1.000000000000005e+19 1.000000000000005e+19 1.000000000000005e+19 1.000000000000005e+19 1.000000000000005e+19
 1.000000000000005e+19 1.000000000000005e+19 1.000000000000005e+19 1.000000000000005e+19 1.000000000000005e+19 1.000000000000005e+19 1.000000000000005e+19 1.000000000000005e+19 1.000000000000005e+19 1.000000000000005e+19
 1.000000000000005e+19 1.000000000000005e+19 1.000000000000005e+19 1.000000000000005e+19 1.000000000000005e+19 1.000000000000005e+19 1.000000000000005e+19 1.000000000000005e+19 1.000000000000005e+19 1.000000000000005e+19
 1.000000000000005e+19 1.000000000000005e+19 1.000000000000005e+19 1.000000000000005e+19 1.000000000000005e+19 1.000000000000005e+19 1.000000000000005e+19 1.000000000000005e+19 1.000000000000005e+19 1.000000000000005e+19
 1.000000000000005e+19 1.000000000000005e+19 1.000000000000005e+19 1.000000000000005e+19 1.000000000000005e+19 1.000000000000005e+19 1.000000000000005e+19 1.000000000000005e+19 1.000000000000005e+19 1.000000000000005e+19
 1.000000000000005e+19 1.000000000000005e+19 1.000000000000005e+19 1.000000000000005e+19 1.000000000000005e+19 1.000000000000005e+19 1.000000000000005e+19 1.000000000000005e+19 1.000000000000005e+19 1.000000000000005e+19
 1.000000000000005e+19 1.000000000000005e+19 1.000000000000005e+19 1.000000000000005e+19 1.000000000000005e+19 1.000000000000005e+19 1.000000000000005e+19 1.000000000000005e+19 1.000000000000005e+19 1.000000000000005e+19
 1.000000000000005e+19 1.000000000000005e+19 1.000000000000005e+19 1.000000000000005e+19 1.000000000000005e+19 1.000000000000005e+19 1.000000000000005e+19 1.000000000000005e+19 1.000000000000005e+19 1.000000000000005e+19
 1.000000000000005e+19 1.000000000000005e+19 1.000000000000005e+19 1.000000000000005e+19 1.000000000000005e+19 1.000000000000005e+19 1.000000000000005e+19 1.000000000000005e+19 1.000000000000005e+19 1.000000000000005e+19
 1.000000000000005e+19 1.000000000000005e+19 1.000000000000005e+19 1.000000000000005e+19 1.000000000000005e+19 1.000000000000005e+19 1.000000000000005e+19 1.000000000000005e+19 1.000000000000005e+19 1.000000000000005e+19
 1.000000000000005e+19 1.000000000000005e+19 1.000000000000005e+19 1.000000000000005e+19 1.000000000000005e+19 1.000000000000005e+19 1.000000000000005e+19 1.000000000000005e+19 1.000000000000005e+19 1.000000000000005e+19
 1.000000000000005e+19 1.000000000000005e+19 1.000000000000005e+19 1.000000000000005e+19 1.000000000000005e+19 1.000000000000005e+19 1.000000000000005e+19 1.000000000000005e+19 1.000000000000005e+19 1.000000000000005e+19
 1.000000000000005e+19 1.000000000000005e+19 1.000000000000005e+19 1.000000000000005e+19 1.000000000000005e+19 1.000000000000005e+19 1.000000000000005e+19 1.000000000000005e+19 1.000000000000005e+19 1.000000000000005e+19
 1.000000000000005e+19 1.000000000000005e+19 1.000000000000005e+19 1.000000000000005e+19 1.000000000000005e+19 1.000000000000005e+19 1.000000000000005e+19 1.000000000000005e+19 1.000000000000005e+19 1.000000000000005e+19
 1.000000000000005e+19 1.000000000000005e+19 1.000000000000005e+19 1.000000000000005e+19 1.000000000000005e+19 1.000000000000005e+19 1.000000000000005e+19 1.000000000000005e+19 1.000000000000005e+19 1.000000000000005e+19
 1.000000000000005e+19 1.000000000000005e+19 1.000000000000005e+19 1.000000000000005e+19 1.000000000000005e+19 1.000000000000005e+19 1.000000000000005e+19 1.000000000000005e+19 1.000000000000005e+19 1.000000000000005e+19
 1.000000000000005e+19 1.000000000000005e+19 1.000000000000005e+19 1.000000000000005e+19 1.000000000000005e+19 1.000000000000005e+19 1.000000000000005e+19 1.000000000000005e+19 1.000000000000005e+19 1.000000000000005e+19
 1.000000000000005e+19 1.000000000000005e+19 1.000000000000005e+19 1.000000000000005e+19 1.000000000000005e+19 1.000000000000005e+19 1.000000000000005e+19 1.000000000000005e+19 1.000000000000005e+19 1.000000000000005e+19
 1.000000000000005e+19 1.000000000000005e+19 1.000000000000005e+19 1.000000000000005e+19 1.000000000000005e+19 1.000000000000005e+19 1.000000000000005e+19 1.000000000000005e+19 1.000000000000005e+19 1.000000000000005e+19
 1.000000000000005e+19 1.000000000000005e+19 1.000000000000005e+19 1.000000000000005e+19 1.000000000000005e+19 1.000000000000005e+19 1.000000000000005e+19 1.000000000000005e+19 1.000000000000005e+19 1.000000000000005e+19
 1.000000000000005e+19 1.000000000000005e+19 1.000000000000005e+19 1.000000000000005e+19 1.000000000000005e+19 1.000000000000005e+19 1.000000000000005e+19 1.000000000000005e+19 1.000000000000005e+19 1.000000000000005e+19
 1.000000000000005e+19 1.000000000000005e+19 1.000000000000005e+19 1.000000000000005e+19 1.000000000000005e+19 1.000000000000005e+19 1.000000000000005e+19 1.000000000000005e+19 1.000000000000005e+19 1.000000000000005e+19
 1.000000000000005e+19 1.000000000000005e+19 1.000000000000005e+19 1.000000000000005e+19 1.000000000000005e+19 1.000000000000005e+19 1.000000000000005e+19 1.000000000000005e+19 1.000000000000005e+19 1.000000000000005e+19
 1.000000000000005e+19 1.000000000000005e+19 1.000000000000005e+19 1.000000000000005e+19 1.000000000000005e+19 1.000000000000005e+19 1.000000000000005e+19 1.000000000000005e+19 1.000000000000005e+19 1.000000000000005e+19
 1.000000000000005e+19 1.000000000000005e+19 1.000000000000005e+19 1.000000000000005e+19 1.000000000000005e+19 1.000000000000005e+19 1.000000000000005e+19 1.000000000000005e+19 1.000000000000005e+19 1.000000000000005e+19
 1.000000000000005e+19 1.000000000000005e+19 1.000000000000005e+19 1.000000000000005e+19 1.000000000000005e+19 1.000000000000005e+19 1.000000000000005e+19 1.000000000000005e+19 1.000000000000005e+19 1.000000000000005e+19
 1.000000000000005e+19 1.000000000000005e+19 1.000000000000005e+19 1.000000000000005e+19 1.000000000000005e+19 1.000000000000005e+19 1.000000000000005e+19 1.000000000000005e+19 1.000000000000005e+19 1.000000000000005e+19
 1.000000000000005e+19 1.000000000000005e+19 1.000000000000005e+19 1.000000000000005e+19 1.000000000000005e+19 1.000000000000005e+19 1.000000000000005e+19 1.000000000000005e+19 1.000000000000005e+19 1.000000000000005e+19
 1.000000000000005e+19 1.000000000000005e+19 1.000000000000005e+19 1.000000000000005e+19 1.000000000000005e+19 1.000000000000005e+19 1.000000000000005e+19 1.000000000000005e+19 1.000000000000005e+19 1.000000000000005e+19
 1.000000000000005e+19 1.000000000000005e+19 1.000000000000005e+19 1.000000000000005e+19 1.000000000000005e+19 1.000000000000005e+19 1.000000000000005e+19 1.000000000000005e+19 1.000000000000005e+19 1.000000000000005e+19
 1.000000000000005e+19 1.000000000000005e+19 1.000000000000005e+19 1.000000000000005e+19 1.000000000000005e+19 1.000000000000005e+19 1.000000000000005e+19 1.000000000000005e+19 1.000000000000005e+19 1.000000000000005e+19
 1.000000000000005e+19 1.000000000000005e+19 1.000000000000005e+19 1.000000000000005e+19 1.000000000000005e+19 1.000000000000005e+19 1.000000000000005e+19 1.000000000000005e+19 1.000000000000005e+19 1.000000000000005e+19
 1.000000000000005e+19 1.000000000000005e+19 1.000000000000005e+19 1.000000000000005e+19 1.000000000000005e+19 1.000000000000005e+19 1.000000000000005e+19 1.000000000000005e+19 1.000000000000005e+19 1.000000000000005e+19
 1.000000000000005e+19 1.000000000000005e+19 1.000000000000005e+19 1.000000000000005e+19 1.000000000000005e+19 1.000000000000005e+19 1.000000000000005e+19 1.000000000000005e+19 1.000000000000005e+19 1.000000000000005e+19
 1.000000000000005e+19 1.000000000000005e+19 1.000000000000005e+19 1.000000000000005e+19 1.000000000000005e+19 1.000000000000005e+19 1.000000000000005e+19 1.000000000000005e+19 1.000000000000005e+19 1.000000000000005e+19
 1.000000000000005e+19 1.000000000000005e+19 1.000000000000005e+19 1.000000000000005e+19 1.000000000000005e+19 1.000000000000005e+19 1.000000000000005e+19 1.000000000000005e+19 1.000000000000005e+19 1.000000000000005e+19
 1.000000000000005e+19 1.000000000000005e+19 1.000000000000005e+19 1.000000000000005e+19 1.000000000000005e+19 1.000000000000005e+19 1.000000000000005e+19 1.000000000000005e+19 1.000000000000005e+19 1.000000000000005e+19
 1.000000000000005e+19 1.000000000000005e+19 1.000000000000005e+19 1.000000000000005e+19 1.000000000000005e+19 1.000000000000005e+19 1.000000000000005e+19 1.000000000000005e+19 1.000000000000005e+19 1.000000000000005e+19
 1.000000000000005e+19 1.000000000000005e+19 1.000000000000005e+19 1.000000000000005e+19 1.000000000000005e+19 1.000000000000005e+19 1.000000000000005e+19 1.000000000000005e+19 1.000000000000005e+19 1.000000000000005e+19
 1.000000000000005e+19 1.000000000000005e+19 1.000000000000005e+19 1.000000000000005e+19 1.000000000000005e+19 1.000000000000005e+19 1.000000000000005e+19 1.000000000000005e+19 1.000000000000005e+19 1.000000000000005e+19
 1.000000000000005e+19 1.000000000000005e+19 1.000000000000005e+19 1.000000000000005e+19 1.000000000000005e+19 1.000000000000005e+19 1.000000000000005e+19 1.000000000000005e+19 1.000000000000005e+19 1.000000000000005e+19
 1.000000000000005e+19 1.000000000000005e+19 1.000000000000005e+19 1.000000000000005e+19 1.000000000000005e+19 1.000000000000005e+19 1.000000000000005e+19 1.000000000000005e+19 1.000000000000005e+19 1.000000000000005e+19
 1.000000000000005e+19 1.000000000000005e+19 1.000000000000005e+19 1.000000000000005e+19 1.000000000000005e+19 1.000000000000005e+19 1.000000000000005e+19 1.000000000000005e+19 1.000000000000005e+19 1.000000000000005e+19
 1.000000000000005e+19 1.000000000000005e+19 1.000000000000005e+19 1.000000000000005e+19 1.000000000000005e+19 1.000000000000005e+19 1.000000000000005e+19 1.000000000000005e+19 1.000000000000005e+19 1.000000000000005e+19
 1.000000000000005e+19 1.000000000000005e+19 1.000000000000005e+19 1.000000000000005e+19 1.000000000000005e+19 1.000000000000005e+19 1.000000000000005e+19 1.000000000000005e+19 1.000000000000005e+19 1.000000000000005e+19
 1.000000000000005e+19 1.000000000000005e+19 1.000000000000005e+19 1.000000000000005e+19 1.000000000000005e+19 1.000000000000005e+19 1.000000000000005e+19 1.000000000000005e+19 1.000000000000005e+19 1.000000000000005e+19
 1.000000000000005e+19 1.000000000000005e+19 1.000000000000005e+19 1.000000000000005e+19 1.000000000000005e+19 1.000000000000005e+19 1.000000000000005e+19 1.000000000000005e+19 1.000000000000005e+19 1.000000000000005e+19
 1.000000000000005e+19 1.000000000000005e+19 1.000000000000005e+19 1.000000000000005e+19 1.000000000000005e+19 1.000000000000005e+19 1.000000000000005e+19 1.000000000000005e+19 1.000000000000005e+19 1.000000000000005e+19
 1.000000000000005e+19 1.000000000000005e+19 1.000000000000005e+19 1.000000000000005e+19 1.000000000000005e+19 1.000000000000005e+19 1.000000000000005e+19 1.000000000000005e+19 1.000000000000005e+19 1.000000000000005e+19
 1.000000000000005e+19 1.000000000000005e+19 1.000000000000005e+19 1.000000000000005e+19 1.000000000000005e+19 1.000000000000005e+19 1.000000000000005e+19 1.000000000000005e+19 1.000000000000005e+19 1.000000000000005e+19
 1.000000000000005e+19 1.000000000000005e+19 1.000000000000005e+19 1.000000000000005e+19 1.000000000000005e+19 1.000000000000005e+19 1.000000000000005e+19 1.000000000000005e+19 1.000000000000005e+19 1.000000000000005e+19
 1.000000000000005e+19 1.000000000000005e+19 1.000000000000005e+19 1.000000000000005e+19 1.000000000000005e+19 1.000000000000005e+19 1.000000000000005e+19 1.000000000000005e+19 1.000000000000005e+19 1.000000000000005e+19
 1.000000000000005e+19 1.000000000000005e+19 1.000000000000005e+19 1.000000000000005e+19 1.000000000000005e+19 1.000000000000005e+19 1.000000000000005e+19 1.000000000000005e+19 1.000000000000005e+19 1.000000000000005e+19
 1.000000000000005e+19 1.000000000000005e+19 1.000000000000005e+19 1.000000000000005e+19 1.000000000000005e+19 1.000000000000005e+19 1.000000000000005e+19 1.000000000000005e+19 1.000000000000005e+19 1.000000000000005e+19
 1.000000000000005e+19 1.000000000000005e+19 1.000000000000005e+19 1.000000000000005e+19 1.000000000000005e+19 1.000000000000005e+19 1.000000000000005e+19 1.000000000000005e+19 1.000000000000005e+19 1.000000000000005e+19
 1.000000000000005e+19 1.000000000000005e+19 1.000000000000005e+19 1.000000000000005e+19 1.000000000000005e+19 1.000000000000005e+19 1.000000000000005e+19 1.000000000000005e+19 1.000000000000005e+19 1.000000000000005e+19
 1.000000000000005e+19 1.000000000000005e+19 1.000000000000005e+19 1.000000000000005e+19 1.000000000000005e+19 1.000000000000005e+19 1.000000000000005e+19 1.000000000000005e+19 1.000000000000005e+19 1.000000000000005e+19
 1.000000000000005e+19 1.000000000000005e+19 1.000000000000005e+19 1.000000000000005e+19 1.000000000000005e+19 1.000000000000005e+19 1.000000000000005e+19 1.000000000000005e+19 1.000000000000005e+19 1.000000000000005e+19
 1.000000000000005e+19 1.000000000000005e+19 1.000000000000005e+19 1.000000000000005e+19 1.000000000000005e+19 1.000000000000005e+19 1.000000000000005e+19 1.000000000000005e+19 1.000000000000005e+19 1.000000000000005e+19
 1.000000000000005e+19 1.000000000000005e+19 1.000000000000005e+19 1.000000000000005e+19 1.000000000000005e+19 1.000000000000005e+19 1.000000000000005e+19 1.000000000000005e+19 1.000000000000005e+19 1.000000000000005e+19
 1.000000000000005e+19 1.000000000000005e+19 1.000000000000005e+19 1.000000000000005e+19 1.000000000000005e+19 1.000000000000005e+19 1.000000000000005e+19 1.000000000000005e+19 1.000000000000005e+19 1.000000000000005e+19
 1.000000000000005e+19 1.000000000000005e+19 1.000000000000005e+19 1.000000000000005e+19 1.000000000000005e+19 1.000000000000005e+19 1.000000000000005e+19 1.000000000000005e+19 1.000000000000005e+19 1.000000000000005e+19
 1.000000000000005e+19 1.000000000000005e+19 1.000000000000005e+19 1.000000000000005e+19 1.000000000000005e+19 1.000000000000005e+19 1.000000000000005e+19 1.000000000000005e+19 1.000000000000005e+19 1.000000000000005e+19
 1.000000000000005e+19 1.000000000000005e+19 1.000000000000005e+19 1.000000000000005e+19 1.000000000000005e+19 1.000000000000005e+19 1.000000000000005e+19 1.000000000000005e+19 1.000000000000005e+19 1.000000000000005e+19
 1.000000000000005e+19 1.000000000000005e+19 1.000000000000005e+19 1.000000000000005e+19 1.000000000000005e+19 1.000000000000005e+19 1.000000000000005e+19 1.000000000000005e+19 1.000000000000005e+19 1.000000000000005e+19
 1.000000000000005e+19 1.000000000000005e+19 1.000000000000005e+19 1.000000000000005e+19 1.000000000000005e+19 1.000000000000005e+19 1.000000000000005e+19 1.000000000000005e+19 1.000000000000005e+19 1.000000000000005e+19
 1.000000000000005e+19 1.000000000000005e+19 1.000000000000005e+19 1.000000000000005e+19 1.000000000000005e+19 1.000000000000005e+19 1.000000000000005e+19 1.000000000000005e+19 1.000000000000005e+19 1.000000000000005e+19
 1.000000000000005e+19 1.000000000000005e+19 1.000000000000005e+19 1.000000000000005e+19 1.000000000000005e+19 1.000000000000005e+19 1.000000000000005e+19 1.000000000000005e+19 1.000000000000005e+19 1.000000000000005e+19
 1.000000000000005e+19 1.000000000000005e+19 1.000000000000005e+19 1.000000000000005e+19 1.000000000000005e+19 1.000000000000005e+19 1.000000000000005e+19 1.000000000000005e+19 1.000000000000005e+19 1.000000000000005e+19
 1.000000000000005e+19 1.000000000000005e+19 1.000000000000005e+19 1.000000000000005e+19 1.000000000000005e+19 1.000000000000005e+19 1.000000000000005e+19 1.000000000000005e+19 1.000000000000005e+19 1.000000000000005e+19
 1.000000000000005e+19 1.000000000000005e+19 1.000000000000005e+19 1.000000000000005e+19 1.000000000000005e+19 1.000000000000005e+19 1.000000000000005e+19 1.000000000000005e+19 1.000000000000005e+19 1.000000000000005e+19
 1.000000000000005e+19 1.000000000000005e+19 1.000000000000005e+19 1.000000000000005e+19 1.000000000000005e+19 1.000000000000005e+19 1.000000000000005e+19 1.000000000000005e+19 1.000000000000005e+19 1.000000000000005e+19
 1.000000000000005e+19 1.000000000000005e+19 1.000000000000005e+19 1.000000000000005e+19 1.000000000000005e+19 1.000000000000005e+19 1.000000000000005e+19 1.000000000000005e+19 1.000000000000005e+19 1.000000000000005e+19
 1.000000000000005e+19 1.000000000000005e+19 1.000000000000005e+19 1.000000000000005e+19 1.000000000000005e+19 1.000000000000005e+19 1.000000000000005e+19 1.000000000000005e+19 1.000000000000005e+19 1.000000000000005e+19
 1.000000000000005e+19 1.000000000000005e+19 1.000000000000005e+19 1.000000000000005e+19 1.000000000000005e+19 1.000000000000005e+19 1.000000000000005e+19 1.000000000000005e+19 1.000000000000005e+19 1.000000000000005e+19
 1.000000000000005e+19 1.000000000000005e+19 1.000000000000005e+19 1.000000000000005e+19 1.000000000000005e+19 1.000000000000005e+19 1.000000000000005e+19 1.000000000000005e+19 1.000000000000005e+19 1.000000000000005e+19
 1.000000000000005e+19 1.000000000000005e+19 1.000000000000005e+19 1.000000000000005e+19 1.000000000000005e+19 1.000000000000005e+19 1.000000000000005e+19 1.000000000000005e+19 1.000000000000005e+19 1.000000000000005e+19
 1.000000000000005e+19 1.000000000000005e+19 1.000000000000005e+19 1.000000000000005e+19 1.000000000000005e+19 1.000000000000005e+19 1.000000000000005e+19 1.000000000000005e+19 1.000000000000005e+19 1.000000000000005e+19
 1.000000000000005e+19 1.000000000000005e+19 1.000000000000005e+19 1.000000000000005e+19 1.000000000000005e+19 1.000000000000005e+19 1.000000000000005e+19 1.000000000000005e+19 1.000000000000005e+19 1.000000000000005e+19
 1.000000000000005e+19 1.000000000000005e+19 1.000000000000005e+19 1.000000000000005e+19 1.000000000000005e+19 1.000000000000005e+19 1.000000000000005e+19 1.000000000000005e+19 1.000000000000005e+19 1.000000000000005e+19
 1.000000000000005e+19 1.000000000000005e+19 1.000000000000005e+19 1.000000000000005e+19 1.000000000000005e+19 1.000000000000005e+19 1.000000000000005e+19 1.000000000000005e+19 1.000000000000005e+19 1.000000000000005e+19
 1.000000000000005e+19 1.000000000000005e+19 1.000000000000005e+19 1.000000000000005e+19 1.000000000000005e+19 1.000000000000005e+19 1.000000000000005e+19 1.000000000000005e+19 1.000000000000005e+19 1.000000000000005e+19
 1.000000000000005e+19 1.000000000000005e+19 1.000000000000005e+19 1.000000000000005e+19 1.000000000000005e+19 1.000000000000005e+19 1.000000000000005e+19 1.000000000000005e+19 1.000000000000005e+19 1.000000000000005e+19
 1.000000000000005e+19 1.000000000000005e+19 1.000000000000005e+19 1.000000000000005e+19 1.000000000000005e+19 1.000000000000005e+19 1.000000000000005e+19 1.000000000000005e+19 1.000000000000005e+19 1.000000000000005e+19
 1.000000000000005e+19 1.000000000000005e+19 1.000000000000005e+19 1.000000000000005e+19 1.000000000000005e+19 1.000000000000005e+19 1.000000000000005e+19 1.000000000000005e+19 1.000000000000005e+19 1.000000000000005e+19
 1.000000000000005e+19 1.000000000000005e+19 1.000000000000005e+19 1.000000000000005e+19 1.000000000000005e+19 1.000000000000005e+19 1.000000000000005e+19 1.000000000000005e+19 1.000000000000005e+19 1.000000000000005e+19
 1.000000000000005e+19 1.000000000000005e+19 1.000000000000005e+19 1.000000000000005e+19 1.000000000000005e+19 1.000000000000005e+19 1.000000000000005e+19 1.000000000000005e+19 1.000000000000005e+19 1.000000000000005e+19
 1.000000000000005e+19 1.000000000000005e+19 1.000000000000005e+19 1.000000000000005e+19 1.000000000000005e+19 1.000000000000005e+19 1.000000000000005e+19 1.000000000000005e+19 1.000000000000005e+19 1.000000000000005e+19
 1.000000000000005e+19 1.000000000000005e+19 1.000000000000005e+19 1.000000000000005e+19 1.000000000000005e+19 1.000000000000005e+19 1.000000000000005e+19 1.000000000000005e+19 1.000000000000005e+19 1.000000000000005e+19
 1.000000000000005e+19 1.000000000000005e+19 1.000000000000005e+19 1.000000000000005e+19 1.000000000000005e+19 1.000000000000005e+19 1.000000000000005e+19 1.000000000000005e+19 1.000000000000005e+19 1.000000000000005e+19
 1.000000000000005e+19 1.000000000000005e+19 1.000000000000005e+19 1.000000000000005e+19 1.000000000000005e+19 1.000000000000005e+19 1.000000000000005e+19 1.000000000000005e+19 1.000000000000005e+19 1.000000000000005e+19
 1.000000000000005e+19 1.000000000000005e+19 1.000000000000005e+19 1.000000000000005e+19 1.000000000000005e+19 1.000000000000005e+19 1.000000000000005e+19 1.000000000000005e+19 1.000000000000005e+19 1.000000000000005e+19
 1.000000000000005e+19 1.000000000000005e+19 1.000000000000005e+19 1.000000000000005e+19 1.000000000000005e+19 1.000000000000005e+19 1.000000000000005e+19 1.000000000000005e+19 1.000000000000005e+19 1.000000000000005e+19
 1.000000000000005e+19 1.000000000000005e+19 1.000000000000005e+19 1.000000000000005e+19 1.000000000000005e+19 1.000000000000005e+19 1.000000000000005e+19 1.000000000000005e+19 1.000000000000005e+19 1.000000000000005e+19
 1.000000000000005e+19 1.000000000000005e+19 1.000000000000005e+19 1.000000000000005e+19 1.000000000000005e+19 1.000000000000005e+19 1.000000000000005e+19 1.000000000000005e+19 1.000000000000005e+19 1.000000000000005e+19
 1.000000000000005e+19 1.000000000000005e+19 1.000000000000005e+19 1.000000000000005e+19 1.000000000000005e+19 1.000000000000005e+19 1.000000000000005e+19 1.000000000000005e+19 1.000000000000005e+19 1.000000000000005e+19
 1.000000000000005e+19 1.000000000000005e+19 1.000000000000005e+19 1.000000000000005e+19 1.000000000000005e+19 1.000000000000005e+19 1.000000000000005e+19 1.000000000000005e+19 1.000000000000005e+19 1.000000000000005e+19
 1.000000000000005e+19 1.000000000000005e+19 1.000000000000005e+19 1.000000000000005e+19 1.000000000000005e+19 1.000000000000005e+19 1.000000000000005e+19 1.000000000000005e+19 1.000000000000005e+19 1.000000000000005e+19
 1.000000000000005e+19 1.000000000000005e+19 1.000000000000005e+19 1.000000000000005e+19 1.000000000000005e+19 1.000000000000005e+19 1.000000000000005e+19 1.000000000000005e+19 1.000000000000005e+19 1.000000000000005e+19
 1.000000000000005e+19 1.000000000000005e+19 1.000000000000005e+19 1.000000000000005e+19 1.000000000000005e+19 1.000000000000005e+19 1.000000000000005e+19 1.000000000000005e+19 1.000000000000005e+19 1.000000000000005e+19
 1.000000000000005e+19 1.000000000000005e+19 1.000000000000005e+19 1.000000000000005e+19 1.000000000000005e+19 1.000000000000005e+19 1.000000000000005e+19 1.000000000000005e+19 1.000000000000005e+19 1.000000000000005e+19
 1.000000000000005e+19 1.000000000000005e+19 1.000000000000005e+19 1.000000000000005e+19 1.000000000000005e+19 1.000000000000005e+19 1.000000000000005e+19 1.000000000000005e+19 1.000000000000005e+19 1.000000000000005e+19
 1.000000000000005e+19 1.000000000000005e+19 1.000000000000005e+19 1.000000000000005e+19 1.000000000000005e+19 1.000000000000005e+19 1.000000000000005e+19 1.000000000000005e+19 1.000000000000005e+19 1.000000000000005e+19
 1.000000000000005e+19 1.000000000000005e+19 1.000000000000005e+19 1.000000000000005e+19 1.000000000000005e+19 1.000000000000005e+19 1.000000000000005e+19 1.000000000000005e+19 1.000000000000005e+19 1.000000000000005e+19
 1.000000000000005e+19 1.000000000000005e+19 1.000000000000005e+19 1.000000000000005e+19 1.000000000000005e+19 1.000000000000005e+19 1.000000000000005e+19 1.000000000000005e+19 1.000000000000005e+19 1.000000000000005e+19
 1.000000000000005e+19 1.000000000000005e+19 1.000000000000005e+19 1.000000000000005e+19 1.000000000000005e+19 1.000000000000005e+19 1.000000000000005e+19 1.000000000000005e+19 1.000000000000005e+19 1.000000000000005e+19
 1.000000000000005e+19 1.000000000000005e+19 1.000000000000005e+19 1.000000000000005e+19 1.000000000000005e+19 1.000000000000005e+19 1.000000000000005e+19 1.000000000000005e+19 1.000000000000005e+19 1.000000000000005e+19

    }
  }

  Dataset ("DopingConcentration") {
    function  = DopingConcentration
    type      = scalar
    dimension = 1
    location  = vertex
    validity  = [ "i_layer" ]
    Values (4420) {
 -9.999994400000018e+18 5.599999999999981e+12 5.599999999999981e+12 -9.999994400000018e+18 5.599999999999981e+12 5.599999999999981e+12 5.599999999999981e+12 5.599999999999981e+12 5.599999999999981e+12 5.599999999999981e+12
 5.599999999999981e+12 5.599999999999981e+12 5.599999999999981e+12 5.599999999999981e+12 5.599999999999981e+12 5.599999999999981e+12 5.599999999999981e+12 5.599999999999981e+12 5.599999999999981e+12 5.599999999999981e+12
 5.599999999999981e+12 5.599999999999981e+12 5.599999999999981e+12 5.599999999999981e+12 5.599999999999981e+12 5.599999999999981e+12 5.599999999999981e+12 5.599999999999981e+12 5.599999999999981e+12 5.599999999999981e+12
 5.599999999999981e+12 5.599999999999981e+12 5.599999999999981e+12 5.599999999999981e+12 5.599999999999981e+12 5.599999999999981e+12 5.599999999999981e+12 5.599999999999981e+12 5.599999999999981e+12 5.599999999999981e+12
 5.599999999999981e+12 5.599999999999981e+12 5.599999999999981e+12 5.599999999999981e+12 5.599999999999981e+12 5.599999999999981e+12 5.599999999999981e+12 5.599999999999981e+12 5.599999999999981e+12 5.599999999999981e+12
 5.599999999999981e+12 5.599999999999981e+12 5.599999999999981e+12 5.599999999999981e+12 5.599999999999981e+12 5.599999999999981e+12 5.599999999999981e+12 5.599999999999981e+12 5.599999999999981e+12 5.599999999999981e+12
 5.599999999999981e+12 5.599999999999981e+12 5.599999999999981e+12 5.599999999999981e+12 5.599999999999981e+12 5.599999999999981e+12 5.599999999999981e+12 5.599999999999981e+12 5.599999999999981e+12 5.599999999999981e+12
 5.599999999999981e+12 5.599999999999981e+12 5.599999999999981e+12 5.599999999999981e+12 5.599999999999981e+12 5.599999999999981e+12 5.599999999999981e+12 5.599999999999981e+12 5.599999999999981e+12 5.599999999999981e+12
 5.599999999999981e+12 5.599999999999981e+12 5.599999999999981e+12 5.599999999999981e+12 5.599999999999981e+12 5.599999999999981e+12 5.599999999999981e+12 5.599999999999981e+12 5.599999999999981e+12 5.599999999999981e+12
 5.599999999999981e+12 5.599999999999981e+12 5.599999999999981e+12 5.599999999999981e+12 5.599999999999981e+12 5.599999999999981e+12 5.599999999999981e+12 5.599999999999981e+12 5.599999999999981e+12 5.599999999999981e+12
 5.599999999999981e+12 5.599999999999981e+12 5.599999999999981e+12 5.599999999999981e+12 -9.999994400000018e+18 5.599999999999981e+12 -9.999994400000018e+18 5.599999999999981e+12 5.599999999999981e+12 5.599999999999981e+12
 5.599999999999981e+12 5.599999999999981e+12 5.599999999999981e+12 5.599999999999981e+12 5.599999999999981e+12 5.599999999999981e+12 5.599999999999981e+12 5.599999999999981e+12 5.599999999999981e+12 5.599999999999981e+12
 5.599999999999981e+12 5.599999999999981e+12 5.599999999999981e+12 5.599999999999981e+12 5.599999999999981e+12 5.599999999999981e+12 5.599999999999981e+12 5.599999999999981e+12 5.599999999999981e+12 5.599999999999981e+12
 5.599999999999981e+12 5.599999999999981e+12 5.599999999999981e+12 5.599999999999981e+12 5.599999999999981e+12 5.599999999999981e+12 5.599999999999981e+12 5.599999999999981e+12 5.599999999999981e+12 5.599999999999981e+12
 5.599999999999981e+12 5.599999999999981e+12 5.599999999999981e+12 5.599999999999981e+12 5.599999999999981e+12 5.599999999999981e+12 5.599999999999981e+12 5.599999999999981e+12 5.599999999999981e+12 5.599999999999981e+12
 5.599999999999981e+12 5.599999999999981e+12 5.599999999999981e+12 5.599999999999981e+12 5.599999999999981e+12 5.599999999999981e+12 5.599999999999981e+12 5.599999999999981e+12 5.599999999999981e+12 5.599999999999981e+12
 5.599999999999981e+12 5.599999999999981e+12 5.599999999999981e+12 5.599999999999981e+12 5.599999999999981e+12 5.599999999999981e+12 5.599999999999981e+12 5.599999999999981e+12 5.599999999999981e+12 5.599999999999981e+12
 5.599999999999981e+12 5.599999999999981e+12 5.599999999999981e+12 5.599999999999981e+12 -9.999994400000018e+18 5.599999999999981e+12 -9.999994400000018e+18 5.599999999999981e+12 5.599999999999981e+12 5.599999999999981e+12
 5.599999999999981e+12 5.599999999999981e+12 5.599999999999981e+12 5.599999999999981e+12 5.599999999999981e+12 5.599999999999981e+12 5.599999999999981e+12 5.599999999999981e+12 5.599999999999981e+12 5.599999999999981e+12
 5.599999999999981e+12 5.599999999999981e+12 5.599999999999981e+12 5.599999999999981e+12 5.599999999999981e+12 5.599999999999981e+12 5.599999999999981e+12 5.599999999999981e+12 5.599999999999981e+12 5.599999999999981e+12
 5.599999999999981e+12 5.599999999999981e+12 5.599999999999981e+12 5.599999999999981e+12 5.599999999999981e+12 5.599999999999981e+12 5.599999999999981e+12 5.599999999999981e+12 5.599999999999981e+12 5.599999999999981e+12
 5.599999999999981e+12 5.599999999999981e+12 5.599999999999981e+12 5.599999999999981e+12 5.599999999999981e+12 5.599999999999981e+12 5.599999999999981e+12 5.599999999999981e+12 5.599999999999981e+12 5.599999999999981e+12
 5.599999999999981e+12 5.599999999999981e+12 5.599999999999981e+12 5.599999999999981e+12 5.599999999999981e+12 5.599999999999981e+12 5.599999999999981e+12 5.599999999999981e+12 5.599999999999981e+12 5.599999999999981e+12
 5.599999999999981e+12 5.599999999999981e+12 5.599999999999981e+12 5.599999999999981e+12 5.599999999999981e+12 5.599999999999981e+12 5.599999999999981e+12 5.599999999999981e+12 5.599999999999981e+12 5.599999999999981e+12
 5.599999999999981e+12 5.599999999999981e+12 5.599999999999981e+12 5.599999999999981e+12 -9.999994400000018e+18 5.599999999999981e+12 -9.999994400000018e+18 5.599999999999981e+12 5.599999999999981e+12 5.599999999999981e+12
 5.599999999999981e+12 5.599999999999981e+12 5.599999999999981e+12 5.599999999999981e+12 5.599999999999981e+12 5.599999999999981e+12 5.599999999999981e+12 5.599999999999981e+12 5.599999999999981e+12 5.599999999999981e+12
 5.599999999999981e+12 5.599999999999981e+12 5.599999999999981e+12 5.599999999999981e+12 5.599999999999981e+12 5.599999999999981e+12 5.599999999999981e+12 5.599999999999981e+12 5.599999999999981e+12 5.599999999999981e+12
 5.599999999999981e+12 5.599999999999981e+12 5.599999999999981e+12 5.599999999999981e+12 5.599999999999981e+12 5.599999999999981e+12 5.599999999999981e+12 5.599999999999981e+12 5.599999999999981e+12 5.599999999999981e+12
 5.599999999999981e+12 5.599999999999981e+12 5.599999999999981e+12 5.599999999999981e+12 5.599999999999981e+12 5.599999999999981e+12 5.599999999999981e+12 5.599999999999981e+12 5.599999999999981e+12 5.599999999999981e+12
 5.599999999999981e+12 5.599999999999981e+12 5.599999999999981e+12 5.599999999999981e+12 5.599999999999981e+12 5.599999999999981e+12 5.599999999999981e+12 5.599999999999981e+12 5.599999999999981e+12 5.599999999999981e+12
 5.599999999999981e+12 5.599999999999981e+12 5.599999999999981e+12 5.599999999999981e+12 5.599999999999981e+12 5.599999999999981e+12 5.599999999999981e+12 5.599999999999981e+12 5.599999999999981e+12 5.599999999999981e+12
 5.599999999999981e+12 5.599999999999981e+12 5.599999999999981e+12 5.599999999999981e+12 -9.999994400000018e+18 5.599999999999981e+12 -9.999994400000018e+18 5.599999999999981e+12 5.599999999999981e+12 5.599999999999981e+12
 5.599999999999981e+12 5.599999999999981e+12 5.599999999999981e+12 5.599999999999981e+12 5.599999999999981e+12 5.599999999999981e+12 5.599999999999981e+12 5.599999999999981e+12 5.599999999999981e+12 5.599999999999981e+12
 5.599999999999981e+12 5.599999999999981e+12 5.599999999999981e+12 5.599999999999981e+12 5.599999999999981e+12 5.599999999999981e+12 5.599999999999981e+12 5.599999999999981e+12 5.599999999999981e+12 5.599999999999981e+12
 5.599999999999981e+12 5.599999999999981e+12 5.599999999999981e+12 5.599999999999981e+12 5.599999999999981e+12 5.599999999999981e+12 5.599999999999981e+12 5.599999999999981e+12 5.599999999999981e+12 5.599999999999981e+12
 5.599999999999981e+12 5.599999999999981e+12 5.599999999999981e+12 5.599999999999981e+12 5.599999999999981e+12 5.599999999999981e+12 5.599999999999981e+12 5.599999999999981e+12 5.599999999999981e+12 5.599999999999981e+12
 5.599999999999981e+12 5.599999999999981e+12 5.599999999999981e+12 5.599999999999981e+12 5.599999999999981e+12 5.599999999999981e+12 5.599999999999981e+12 5.599999999999981e+12 5.599999999999981e+12 5.599999999999981e+12
 5.599999999999981e+12 5.599999999999981e+12 5.599999999999981e+12 5.599999999999981e+12 5.599999999999981e+12 5.599999999999981e+12 5.599999999999981e+12 5.599999999999981e+12 5.599999999999981e+12 5.599999999999981e+12
 5.599999999999981e+12 5.599999999999981e+12 5.599999999999981e+12 5.599999999999981e+12 -9.999994400000018e+18 5.599999999999981e+12 -9.999994400000018e+18 5.599999999999981e+12 5.599999999999981e+12 5.599999999999981e+12
 5.599999999999981e+12 5.599999999999981e+12 5.599999999999981e+12 5.599999999999981e+12 5.599999999999981e+12 5.599999999999981e+12 5.599999999999981e+12 5.599999999999981e+12 5.599999999999981e+12 5.599999999999981e+12
 5.599999999999981e+12 5.599999999999981e+12 5.599999999999981e+12 5.599999999999981e+12 5.599999999999981e+12 5.599999999999981e+12 5.599999999999981e+12 5.599999999999981e+12 5.599999999999981e+12 5.599999999999981e+12
 5.599999999999981e+12 5.599999999999981e+12 5.599999999999981e+12 5.599999999999981e+12 5.599999999999981e+12 5.599999999999981e+12 5.599999999999981e+12 5.599999999999981e+12 5.599999999999981e+12 5.599999999999981e+12
 5.599999999999981e+12 5.599999999999981e+12 5.599999999999981e+12 5.599999999999981e+12 5.599999999999981e+12 5.599999999999981e+12 5.599999999999981e+12 5.599999999999981e+12 5.599999999999981e+12 5.599999999999981e+12
 5.599999999999981e+12 5.599999999999981e+12 5.599999999999981e+12 5.599999999999981e+12 5.599999999999981e+12 5.599999999999981e+12 5.599999999999981e+12 5.599999999999981e+12 5.599999999999981e+12 5.599999999999981e+12
 5.599999999999981e+12 5.599999999999981e+12 5.599999999999981e+12 5.599999999999981e+12 5.599999999999981e+12 5.599999999999981e+12 5.599999999999981e+12 5.599999999999981e+12 5.599999999999981e+12 5.599999999999981e+12
 5.599999999999981e+12 5.599999999999981e+12 5.599999999999981e+12 5.599999999999981e+12 -9.999994400000018e+18 5.599999999999981e+12 -9.999994400000018e+18 5.599999999999981e+12 5.599999999999981e+12 5.599999999999981e+12
 5.599999999999981e+12 5.599999999999981e+12 5.599999999999981e+12 5.599999999999981e+12 5.599999999999981e+12 5.599999999999981e+12 5.599999999999981e+12 5.599999999999981e+12 5.599999999999981e+12 5.599999999999981e+12
 5.599999999999981e+12 5.599999999999981e+12 5.599999999999981e+12 5.599999999999981e+12 5.599999999999981e+12 5.599999999999981e+12 5.599999999999981e+12 5.599999999999981e+12 5.599999999999981e+12 5.599999999999981e+12
 5.599999999999981e+12 5.599999999999981e+12 5.599999999999981e+12 5.599999999999981e+12 5.599999999999981e+12 5.599999999999981e+12 5.599999999999981e+12 5.599999999999981e+12 5.599999999999981e+12 5.599999999999981e+12
 5.599999999999981e+12 5.599999999999981e+12 5.599999999999981e+12 5.599999999999981e+12 5.599999999999981e+12 5.599999999999981e+12 5.599999999999981e+12 5.599999999999981e+12 5.599999999999981e+12 5.599999999999981e+12
 5.599999999999981e+12 5.599999999999981e+12 5.599999999999981e+12 5.599999999999981e+12 5.599999999999981e+12 5.599999999999981e+12 5.599999999999981e+12 5.599999999999981e+12 5.599999999999981e+12 5.599999999999981e+12
 5.599999999999981e+12 5.599999999999981e+12 5.599999999999981e+12 5.599999999999981e+12 5.599999999999981e+12 5.599999999999981e+12 5.599999999999981e+12 5.599999999999981e+12 5.599999999999981e+12 5.599999999999981e+12
 5.599999999999981e+12 5.599999999999981e+12 5.599999999999981e+12 5.599999999999981e+12 -9.999994400000018e+18 5.599999999999981e+12 -9.999994400000018e+18 5.599999999999981e+12 5.599999999999981e+12 5.599999999999981e+12
 5.599999999999981e+12 5.599999999999981e+12 5.599999999999981e+12 5.599999999999981e+12 5.599999999999981e+12 5.599999999999981e+12 5.599999999999981e+12 5.599999999999981e+12 5.599999999999981e+12 5.599999999999981e+12
 5.599999999999981e+12 5.599999999999981e+12 5.599999999999981e+12 5.599999999999981e+12 5.599999999999981e+12 5.599999999999981e+12 5.599999999999981e+12 5.599999999999981e+12 5.599999999999981e+12 5.599999999999981e+12
 5.599999999999981e+12 5.599999999999981e+12 5.599999999999981e+12 5.599999999999981e+12 5.599999999999981e+12 5.599999999999981e+12 5.599999999999981e+12 5.599999999999981e+12 5.599999999999981e+12 5.599999999999981e+12
 5.599999999999981e+12 5.599999999999981e+12 5.599999999999981e+12 5.599999999999981e+12 5.599999999999981e+12 5.599999999999981e+12 5.599999999999981e+12 5.599999999999981e+12 5.599999999999981e+12 5.599999999999981e+12
 5.599999999999981e+12 5.599999999999981e+12 5.599999999999981e+12 5.599999999999981e+12 5.599999999999981e+12 5.599999999999981e+12 5.599999999999981e+12 5.599999999999981e+12 5.599999999999981e+12 5.599999999999981e+12
 5.599999999999981e+12 5.599999999999981e+12 5.599999999999981e+12 5.599999999999981e+12 5.599999999999981e+12 5.599999999999981e+12 5.599999999999981e+12 5.599999999999981e+12 5.599999999999981e+12 5.599999999999981e+12
 5.599999999999981e+12 5.599999999999981e+12 5.599999999999981e+12 5.599999999999981e+12 -9.999994400000018e+18 5.599999999999981e+12 -9.999994400000018e+18 5.599999999999981e+12 5.599999999999981e+12 5.599999999999981e+12
 5.599999999999981e+12 5.599999999999981e+12 5.599999999999981e+12 5.599999999999981e+12 5.599999999999981e+12 5.599999999999981e+12 5.599999999999981e+12 5.599999999999981e+12 5.599999999999981e+12 5.599999999999981e+12
 5.599999999999981e+12 5.599999999999981e+12 5.599999999999981e+12 5.599999999999981e+12 5.599999999999981e+12 5.599999999999981e+12 5.599999999999981e+12 5.599999999999981e+12 5.599999999999981e+12 5.599999999999981e+12
 5.599999999999981e+12 5.599999999999981e+12 5.599999999999981e+12 5.599999999999981e+12 5.599999999999981e+12 5.599999999999981e+12 5.599999999999981e+12 5.599999999999981e+12 5.599999999999981e+12 5.599999999999981e+12
 5.599999999999981e+12 5.599999999999981e+12 5.599999999999981e+12 5.599999999999981e+12 5.599999999999981e+12 5.599999999999981e+12 5.599999999999981e+12 5.599999999999981e+12 5.599999999999981e+12 5.599999999999981e+12
 5.599999999999981e+12 5.599999999999981e+12 5.599999999999981e+12 5.599999999999981e+12 5.599999999999981e+12 5.599999999999981e+12 5.599999999999981e+12 5.599999999999981e+12 5.599999999999981e+12 5.599999999999981e+12
 5.599999999999981e+12 5.599999999999981e+12 5.599999999999981e+12 5.599999999999981e+12 5.599999999999981e+12 5.599999999999981e+12 5.599999999999981e+12 5.599999999999981e+12 5.599999999999981e+12 5.599999999999981e+12
 5.599999999999981e+12 5.599999999999981e+12 5.599999999999981e+12 5.599999999999981e+12 -9.999994400000018e+18 5.599999999999981e+12 -9.999994400000018e+18 5.599999999999981e+12 5.599999999999981e+12 5.599999999999981e+12
 5.599999999999981e+12 5.599999999999981e+12 5.599999999999981e+12 5.599999999999981e+12 5.599999999999981e+12 5.599999999999981e+12 5.599999999999981e+12 5.599999999999981e+12 5.599999999999981e+12 5.599999999999981e+12
 5.599999999999981e+12 5.599999999999981e+12 5.599999999999981e+12 5.599999999999981e+12 5.599999999999981e+12 5.599999999999981e+12 5.599999999999981e+12 5.599999999999981e+12 5.599999999999981e+12 5.599999999999981e+12
 5.599999999999981e+12 5.599999999999981e+12 5.599999999999981e+12 5.599999999999981e+12 5.599999999999981e+12 5.599999999999981e+12 5.599999999999981e+12 5.599999999999981e+12 5.599999999999981e+12 5.599999999999981e+12
 5.599999999999981e+12 5.599999999999981e+12 5.599999999999981e+12 5.599999999999981e+12 5.599999999999981e+12 5.599999999999981e+12 5.599999999999981e+12 5.599999999999981e+12 5.599999999999981e+12 5.599999999999981e+12
 5.599999999999981e+12 5.599999999999981e+12 5.599999999999981e+12 5.599999999999981e+12 5.599999999999981e+12 5.599999999999981e+12 5.599999999999981e+12 5.599999999999981e+12 5.599999999999981e+12 5.599999999999981e+12
 5.599999999999981e+12 5.599999999999981e+12 5.599999999999981e+12 5.599999999999981e+12 5.599999999999981e+12 5.599999999999981e+12 5.599999999999981e+12 5.599999999999981e+12 5.599999999999981e+12 5.599999999999981e+12
 5.599999999999981e+12 5.599999999999981e+12 5.599999999999981e+12 5.599999999999981e+12 -9.999994400000018e+18 5.599999999999981e+12 -9.999994400000018e+18 5.599999999999981e+12 5.599999999999981e+12 5.599999999999981e+12
 5.599999999999981e+12 5.599999999999981e+12 5.599999999999981e+12 5.599999999999981e+12 5.599999999999981e+12 5.599999999999981e+12 5.599999999999981e+12 5.599999999999981e+12 5.599999999999981e+12 5.599999999999981e+12
 5.599999999999981e+12 5.599999999999981e+12 5.599999999999981e+12 5.599999999999981e+12 5.599999999999981e+12 5.599999999999981e+12 5.599999999999981e+12 5.599999999999981e+12 5.599999999999981e+12 5.599999999999981e+12
 5.599999999999981e+12 5.599999999999981e+12 5.599999999999981e+12 5.599999999999981e+12 5.599999999999981e+12 5.599999999999981e+12 5.599999999999981e+12 5.599999999999981e+12 5.599999999999981e+12 5.599999999999981e+12
 5.599999999999981e+12 5.599999999999981e+12 5.599999999999981e+12 5.599999999999981e+12 5.599999999999981e+12 5.599999999999981e+12 5.599999999999981e+12 5.599999999999981e+12 5.599999999999981e+12 5.599999999999981e+12
 5.599999999999981e+12 5.599999999999981e+12 5.599999999999981e+12 5.599999999999981e+12 5.599999999999981e+12 5.599999999999981e+12 5.599999999999981e+12 5.599999999999981e+12 5.599999999999981e+12 5.599999999999981e+12
 5.599999999999981e+12 5.599999999999981e+12 5.599999999999981e+12 5.599999999999981e+12 5.599999999999981e+12 5.599999999999981e+12 5.599999999999981e+12 5.599999999999981e+12 5.599999999999981e+12 5.599999999999981e+12
 5.599999999999981e+12 5.599999999999981e+12 5.599999999999981e+12 5.599999999999981e+12 -9.999994400000018e+18 5.599999999999981e+12 -9.999994400000018e+18 5.599999999999981e+12 5.599999999999981e+12 5.599999999999981e+12
 5.599999999999981e+12 5.599999999999981e+12 5.599999999999981e+12 5.599999999999981e+12 5.599999999999981e+12 5.599999999999981e+12 5.599999999999981e+12 5.599999999999981e+12 5.599999999999981e+12 5.599999999999981e+12
 5.599999999999981e+12 5.599999999999981e+12 5.599999999999981e+12 5.599999999999981e+12 5.599999999999981e+12 5.599999999999981e+12 5.599999999999981e+12 5.599999999999981e+12 5.599999999999981e+12 5.599999999999981e+12
 5.599999999999981e+12 5.599999999999981e+12 5.599999999999981e+12 5.599999999999981e+12 5.599999999999981e+12 5.599999999999981e+12 5.599999999999981e+12 5.599999999999981e+12 5.599999999999981e+12 5.599999999999981e+12
 5.599999999999981e+12 5.599999999999981e+12 5.599999999999981e+12 5.599999999999981e+12 5.599999999999981e+12 5.599999999999981e+12 5.599999999999981e+12 5.599999999999981e+12 5.599999999999981e+12 5.599999999999981e+12
 5.599999999999981e+12 5.599999999999981e+12 5.599999999999981e+12 5.599999999999981e+12 5.599999999999981e+12 5.599999999999981e+12 5.599999999999981e+12 5.599999999999981e+12 5.599999999999981e+12 5.599999999999981e+12
 5.599999999999981e+12 5.599999999999981e+12 5.599999999999981e+12 5.599999999999981e+12 5.599999999999981e+12 5.599999999999981e+12 5.599999999999981e+12 5.599999999999981e+12 5.599999999999981e+12 5.599999999999981e+12
 5.599999999999981e+12 5.599999999999981e+12 5.599999999999981e+12 5.599999999999981e+12 -9.999994400000018e+18 5.599999999999981e+12 -9.999994400000018e+18 5.599999999999981e+12 5.599999999999981e+12 5.599999999999981e+12
 5.599999999999981e+12 5.599999999999981e+12 5.599999999999981e+12 5.599999999999981e+12 5.599999999999981e+12 5.599999999999981e+12 5.599999999999981e+12 5.599999999999981e+12 5.599999999999981e+12 5.599999999999981e+12
 5.599999999999981e+12 5.599999999999981e+12 5.599999999999981e+12 5.599999999999981e+12 5.599999999999981e+12 5.599999999999981e+12 5.599999999999981e+12 5.599999999999981e+12 5.599999999999981e+12 5.599999999999981e+12
 5.599999999999981e+12 5.599999999999981e+12 5.599999999999981e+12 5.599999999999981e+12 5.599999999999981e+12 5.599999999999981e+12 5.599999999999981e+12 5.599999999999981e+12 5.599999999999981e+12 5.599999999999981e+12
 5.599999999999981e+12 5.599999999999981e+12 5.599999999999981e+12 5.599999999999981e+12 5.599999999999981e+12 5.599999999999981e+12 5.599999999999981e+12 5.599999999999981e+12 5.599999999999981e+12 5.599999999999981e+12
 5.599999999999981e+12 5.599999999999981e+12 5.599999999999981e+12 5.599999999999981e+12 5.599999999999981e+12 5.599999999999981e+12 5.599999999999981e+12 5.599999999999981e+12 5.599999999999981e+12 5.599999999999981e+12
 5.599999999999981e+12 5.599999999999981e+12 5.599999999999981e+12 5.599999999999981e+12 5.599999999999981e+12 5.599999999999981e+12 5.599999999999981e+12 5.599999999999981e+12 5.599999999999981e+12 5.599999999999981e+12
 5.599999999999981e+12 5.599999999999981e+12 5.599999999999981e+12 5.599999999999981e+12 -9.999994400000018e+18 5.599999999999981e+12 -9.999994400000018e+18 5.599999999999981e+12 5.599999999999981e+12 5.599999999999981e+12
 5.599999999999981e+12 5.599999999999981e+12 5.599999999999981e+12 5.599999999999981e+12 5.599999999999981e+12 5.599999999999981e+12 5.599999999999981e+12 5.599999999999981e+12 5.599999999999981e+12 5.599999999999981e+12
 5.599999999999981e+12 5.599999999999981e+12 5.599999999999981e+12 5.599999999999981e+12 5.599999999999981e+12 5.599999999999981e+12 5.599999999999981e+12 5.599999999999981e+12 5.599999999999981e+12 5.599999999999981e+12
 5.599999999999981e+12 5.599999999999981e+12 5.599999999999981e+12 5.599999999999981e+12 5.599999999999981e+12 5.599999999999981e+12 5.599999999999981e+12 5.599999999999981e+12 5.599999999999981e+12 5.599999999999981e+12
 5.599999999999981e+12 5.599999999999981e+12 5.599999999999981e+12 5.599999999999981e+12 5.599999999999981e+12 5.599999999999981e+12 5.599999999999981e+12 5.599999999999981e+12 5.599999999999981e+12 5.599999999999981e+12
 5.599999999999981e+12 5.599999999999981e+12 5.599999999999981e+12 5.599999999999981e+12 5.599999999999981e+12 5.599999999999981e+12 5.599999999999981e+12 5.599999999999981e+12 5.599999999999981e+12 5.599999999999981e+12
 5.599999999999981e+12 5.599999999999981e+12 5.599999999999981e+12 5.599999999999981e+12 5.599999999999981e+12 5.599999999999981e+12 5.599999999999981e+12 5.599999999999981e+12 5.599999999999981e+12 5.599999999999981e+12
 5.599999999999981e+12 5.599999999999981e+12 5.599999999999981e+12 5.599999999999981e+12 -9.999994400000018e+18 5.599999999999981e+12 -9.999994400000018e+18 5.599999999999981e+12 5.599999999999981e+12 5.599999999999981e+12
 5.599999999999981e+12 5.599999999999981e+12 5.599999999999981e+12 5.599999999999981e+12 5.599999999999981e+12 5.599999999999981e+12 5.599999999999981e+12 5.599999999999981e+12 5.599999999999981e+12 5.599999999999981e+12
 5.599999999999981e+12 5.599999999999981e+12 5.599999999999981e+12 5.599999999999981e+12 5.599999999999981e+12 5.599999999999981e+12 5.599999999999981e+12 5.599999999999981e+12 5.599999999999981e+12 5.599999999999981e+12
 5.599999999999981e+12 5.599999999999981e+12 5.599999999999981e+12 5.599999999999981e+12 5.599999999999981e+12 5.599999999999981e+12 5.599999999999981e+12 5.599999999999981e+12 5.599999999999981e+12 5.599999999999981e+12
 5.599999999999981e+12 5.599999999999981e+12 5.599999999999981e+12 5.599999999999981e+12 5.599999999999981e+12 5.599999999999981e+12 5.599999999999981e+12 5.599999999999981e+12 5.599999999999981e+12 5.599999999999981e+12
 5.599999999999981e+12 5.599999999999981e+12 5.599999999999981e+12 5.599999999999981e+12 5.599999999999981e+12 5.599999999999981e+12 5.599999999999981e+12 5.599999999999981e+12 5.599999999999981e+12 5.599999999999981e+12
 5.599999999999981e+12 5.599999999999981e+12 5.599999999999981e+12 5.599999999999981e+12 5.599999999999981e+12 5.599999999999981e+12 5.599999999999981e+12 5.599999999999981e+12 5.599999999999981e+12 5.599999999999981e+12
 5.599999999999981e+12 5.599999999999981e+12 5.599999999999981e+12 5.599999999999981e+12 -9.999994400000018e+18 5.599999999999981e+12 -9.999994400000018e+18 5.599999999999981e+12 5.599999999999981e+12 5.599999999999981e+12
 5.599999999999981e+12 5.599999999999981e+12 5.599999999999981e+12 5.599999999999981e+12 5.599999999999981e+12 5.599999999999981e+12 5.599999999999981e+12 5.599999999999981e+12 5.599999999999981e+12 5.599999999999981e+12
 5.599999999999981e+12 5.599999999999981e+12 5.599999999999981e+12 5.599999999999981e+12 5.599999999999981e+12 5.599999999999981e+12 5.599999999999981e+12 5.599999999999981e+12 5.599999999999981e+12 5.599999999999981e+12
 5.599999999999981e+12 5.599999999999981e+12 5.599999999999981e+12 5.599999999999981e+12 5.599999999999981e+12 5.599999999999981e+12 5.599999999999981e+12 5.599999999999981e+12 5.599999999999981e+12 5.599999999999981e+12
 5.599999999999981e+12 5.599999999999981e+12 5.599999999999981e+12 5.599999999999981e+12 5.599999999999981e+12 5.599999999999981e+12 5.599999999999981e+12 5.599999999999981e+12 5.599999999999981e+12 5.599999999999981e+12
 5.599999999999981e+12 5.599999999999981e+12 5.599999999999981e+12 5.599999999999981e+12 5.599999999999981e+12 5.599999999999981e+12 5.599999999999981e+12 5.599999999999981e+12 5.599999999999981e+12 5.599999999999981e+12
 5.599999999999981e+12 5.599999999999981e+12 5.599999999999981e+12 5.599999999999981e+12 5.599999999999981e+12 5.599999999999981e+12 5.599999999999981e+12 5.599999999999981e+12 5.599999999999981e+12 5.599999999999981e+12
 5.599999999999981e+12 5.599999999999981e+12 5.599999999999981e+12 5.599999999999981e+12 5.599999999999981e+12 5.599999999999981e+12 5.599999999999981e+12 5.599999999999981e+12 5.599999999999981e+12 5.599999999999981e+12
 5.599999999999981e+12 5.599999999999981e+12 5.599999999999981e+12 5.599999999999981e+12 5.599999999999981e+12 5.599999999999981e+12 5.599999999999981e+12 5.599999999999981e+12 5.599999999999981e+12 5.599999999999981e+12
 5.599999999999981e+12 5.599999999999981e+12 5.599999999999981e+12 5.599999999999981e+12 5.599999999999981e+12 5.599999999999981e+12 5.599999999999981e+12 5.599999999999981e+12 5.599999999999981e+12 5.599999999999981e+12
 5.599999999999981e+12 5.599999999999981e+12 5.599999999999981e+12 5.599999999999981e+12 5.599999999999981e+12 5.599999999999981e+12 5.599999999999981e+12 5.599999999999981e+12 5.599999999999981e+12 5.599999999999981e+12
 5.599999999999981e+12 5.599999999999981e+12 5.599999999999981e+12 5.599999999999981e+12 5.599999999999981e+12 5.599999999999981e+12 5.599999999999981e+12 5.599999999999981e+12 5.599999999999981e+12 5.599999999999981e+12
 5.599999999999981e+12 5.599999999999981e+12 5.599999999999981e+12 5.599999999999981e+12 5.599999999999981e+12 5.599999999999981e+12 5.599999999999981e+12 5.599999999999981e+12 5.599999999999981e+12 5.599999999999981e+12
 5.599999999999981e+12 5.599999999999981e+12 5.599999999999981e+12 5.599999999999981e+12 5.599999999999981e+12 5.599999999999981e+12 5.599999999999981e+12 5.599999999999981e+12 5.599999999999981e+12 5.599999999999981e+12
 5.599999999999981e+12 5.599999999999981e+12 5.599999999999981e+12 5.599999999999981e+12 5.599999999999981e+12 5.599999999999981e+12 5.599999999999981e+12 5.599999999999981e+12 5.599999999999981e+12 5.599999999999981e+12
 5.599999999999981e+12 5.599999999999981e+12 5.599999999999981e+12 5.599999999999981e+12 5.599999999999981e+12 5.599999999999981e+12 5.599999999999981e+12 5.599999999999981e+12 5.599999999999981e+12 5.599999999999981e+12
 5.599999999999981e+12 5.599999999999981e+12 5.599999999999981e+12 5.599999999999981e+12 5.599999999999981e+12 5.599999999999981e+12 5.599999999999981e+12 5.599999999999981e+12 5.599999999999981e+12 5.599999999999981e+12
 5.599999999999981e+12 5.599999999999981e+12 5.599999999999981e+12 5.599999999999981e+12 5.599999999999981e+12 5.599999999999981e+12 5.599999999999981e+12 5.599999999999981e+12 5.599999999999981e+12 5.599999999999981e+12
 5.599999999999981e+12 5.599999999999981e+12 5.599999999999981e+12 5.599999999999981e+12 5.599999999999981e+12 5.599999999999981e+12 5.599999999999981e+12 5.599999999999981e+12 5.599999999999981e+12 5.599999999999981e+12
 5.599999999999981e+12 5.599999999999981e+12 5.599999999999981e+12 5.599999999999981e+12 5.599999999999981e+12 5.599999999999981e+12 5.599999999999981e+12 5.599999999999981e+12 5.599999999999981e+12 5.599999999999981e+12
 5.599999999999981e+12 5.599999999999981e+12 5.599999999999981e+12 5.599999999999981e+12 5.599999999999981e+12 5.599999999999981e+12 5.599999999999981e+12 5.599999999999981e+12 5.599999999999981e+12 5.599999999999981e+12
 5.599999999999981e+12 5.599999999999981e+12 5.599999999999981e+12 5.599999999999981e+12 5.599999999999981e+12 5.599999999999981e+12 5.599999999999981e+12 5.599999999999981e+12 5.599999999999981e+12 5.599999999999981e+12
 5.599999999999981e+12 5.599999999999981e+12 5.599999999999981e+12 5.599999999999981e+12 5.599999999999981e+12 5.599999999999981e+12 5.599999999999981e+12 5.599999999999981e+12 5.599999999999981e+12 5.599999999999981e+12
 5.599999999999981e+12 5.599999999999981e+12 5.599999999999981e+12 5.599999999999981e+12 5.599999999999981e+12 5.599999999999981e+12 5.599999999999981e+12 5.599999999999981e+12 5.599999999999981e+12 5.599999999999981e+12
 5.599999999999981e+12 5.599999999999981e+12 5.599999999999981e+12 5.599999999999981e+12 5.599999999999981e+12 5.599999999999981e+12 5.599999999999981e+12 5.599999999999981e+12 5.599999999999981e+12 5.599999999999981e+12
 5.599999999999981e+12 5.599999999999981e+12 5.599999999999981e+12 5.599999999999981e+12 5.599999999999981e+12 5.599999999999981e+12 5.599999999999981e+12 5.599999999999981e+12 5.599999999999981e+12 5.599999999999981e+12
 5.599999999999981e+12 5.599999999999981e+12 5.599999999999981e+12 5.599999999999981e+12 5.599999999999981e+12 5.599999999999981e+12 5.599999999999981e+12 5.599999999999981e+12 5.599999999999981e+12 5.599999999999981e+12
 5.599999999999981e+12 5.599999999999981e+12 5.599999999999981e+12 5.599999999999981e+12 5.599999999999981e+12 5.599999999999981e+12 5.599999999999981e+12 5.599999999999981e+12 5.599999999999981e+12 5.599999999999981e+12
 5.599999999999981e+12 5.599999999999981e+12 5.599999999999981e+12 5.599999999999981e+12 5.599999999999981e+12 5.599999999999981e+12 5.599999999999981e+12 5.599999999999981e+12 5.599999999999981e+12 5.599999999999981e+12
 5.599999999999981e+12 5.599999999999981e+12 5.599999999999981e+12 5.599999999999981e+12 5.599999999999981e+12 5.599999999999981e+12 5.599999999999981e+12 5.599999999999981e+12 5.599999999999981e+12 5.599999999999981e+12
 5.599999999999981e+12 5.599999999999981e+12 5.599999999999981e+12 5.599999999999981e+12 5.599999999999981e+12 5.599999999999981e+12 5.599999999999981e+12 5.599999999999981e+12 5.599999999999981e+12 5.599999999999981e+12
 5.599999999999981e+12 5.599999999999981e+12 5.599999999999981e+12 5.599999999999981e+12 5.599999999999981e+12 5.599999999999981e+12 5.599999999999981e+12 5.599999999999981e+12 5.599999999999981e+12 5.599999999999981e+12
 5.599999999999981e+12 5.599999999999981e+12 5.599999999999981e+12 5.599999999999981e+12 5.599999999999981e+12 5.599999999999981e+12 5.599999999999981e+12 5.599999999999981e+12 5.599999999999981e+12 5.599999999999981e+12
 5.599999999999981e+12 5.599999999999981e+12 5.599999999999981e+12 5.599999999999981e+12 5.599999999999981e+12 5.599999999999981e+12 5.599999999999981e+12 5.599999999999981e+12 5.599999999999981e+12 5.599999999999981e+12
 5.599999999999981e+12 5.599999999999981e+12 5.599999999999981e+12 5.599999999999981e+12 5.599999999999981e+12 5.599999999999981e+12 5.599999999999981e+12 5.599999999999981e+12 5.599999999999981e+12 5.599999999999981e+12
 5.599999999999981e+12 5.599999999999981e+12 5.599999999999981e+12 5.599999999999981e+12 5.599999999999981e+12 5.599999999999981e+12 5.599999999999981e+12 5.599999999999981e+12 5.599999999999981e+12 5.599999999999981e+12
 5.599999999999981e+12 5.599999999999981e+12 5.599999999999981e+12 5.599999999999981e+12 5.599999999999981e+12 5.599999999999981e+12 5.599999999999981e+12 5.599999999999981e+12 5.599999999999981e+12 5.599999999999981e+12
 5.599999999999981e+12 5.599999999999981e+12 5.599999999999981e+12 5.599999999999981e+12 5.599999999999981e+12 5.599999999999981e+12 5.599999999999981e+12 5.599999999999981e+12 5.599999999999981e+12 5.599999999999981e+12
 5.599999999999981e+12 5.599999999999981e+12 5.599999999999981e+12 5.599999999999981e+12 5.599999999999981e+12 5.599999999999981e+12 5.599999999999981e+12 5.599999999999981e+12 5.599999999999981e+12 5.599999999999981e+12
 5.599999999999981e+12 5.599999999999981e+12 5.599999999999981e+12 5.599999999999981e+12 5.599999999999981e+12 5.599999999999981e+12 5.599999999999981e+12 5.599999999999981e+12 5.599999999999981e+12 5.599999999999981e+12
 5.599999999999981e+12 5.599999999999981e+12 5.599999999999981e+12 5.599999999999981e+12 5.599999999999981e+12 5.599999999999981e+12 5.599999999999981e+12 5.599999999999981e+12 5.599999999999981e+12 5.599999999999981e+12
 5.599999999999981e+12 5.599999999999981e+12 5.599999999999981e+12 5.599999999999981e+12 5.599999999999981e+12 5.599999999999981e+12 5.599999999999981e+12 5.599999999999981e+12 5.599999999999981e+12 5.599999999999981e+12
 5.599999999999981e+12 5.599999999999981e+12 5.599999999999981e+12 5.599999999999981e+12 5.599999999999981e+12 5.599999999999981e+12 5.599999999999981e+12 5.599999999999981e+12 5.599999999999981e+12 5.599999999999981e+12
 5.599999999999981e+12 5.599999999999981e+12 5.599999999999981e+12 5.599999999999981e+12 5.599999999999981e+12 5.599999999999981e+12 5.599999999999981e+12 5.599999999999981e+12 5.599999999999981e+12 5.599999999999981e+12
 5.599999999999981e+12 5.599999999999981e+12 5.599999999999981e+12 5.599999999999981e+12 5.599999999999981e+12 5.599999999999981e+12 5.599999999999981e+12 5.599999999999981e+12 5.599999999999981e+12 5.599999999999981e+12
 5.599999999999981e+12 5.599999999999981e+12 5.599999999999981e+12 5.599999999999981e+12 5.599999999999981e+12 5.599999999999981e+12 5.599999999999981e+12 5.599999999999981e+12 5.599999999999981e+12 5.599999999999981e+12
 5.599999999999981e+12 5.599999999999981e+12 5.599999999999981e+12 5.599999999999981e+12 5.599999999999981e+12 5.599999999999981e+12 5.599999999999981e+12 5.599999999999981e+12 5.599999999999981e+12 5.599999999999981e+12
 5.599999999999981e+12 5.599999999999981e+12 5.599999999999981e+12 5.599999999999981e+12 5.599999999999981e+12 5.599999999999981e+12 5.599999999999981e+12 5.599999999999981e+12 5.599999999999981e+12 5.599999999999981e+12
 5.599999999999981e+12 5.599999999999981e+12 5.599999999999981e+12 5.599999999999981e+12 5.599999999999981e+12 5.599999999999981e+12 5.599999999999981e+12 5.599999999999981e+12 5.599999999999981e+12 5.599999999999981e+12
 5.599999999999981e+12 5.599999999999981e+12 5.599999999999981e+12 5.599999999999981e+12 5.599999999999981e+12 5.599999999999981e+12 5.599999999999981e+12 5.599999999999981e+12 5.599999999999981e+12 5.599999999999981e+12
 5.599999999999981e+12 5.599999999999981e+12 5.599999999999981e+12 5.599999999999981e+12 5.599999999999981e+12 5.599999999999981e+12 5.599999999999981e+12 5.599999999999981e+12 5.599999999999981e+12 5.599999999999981e+12
 5.599999999999981e+12 5.599999999999981e+12 5.599999999999981e+12 5.599999999999981e+12 5.599999999999981e+12 5.599999999999981e+12 5.599999999999981e+12 5.599999999999981e+12 5.599999999999981e+12 5.599999999999981e+12
 5.599999999999981e+12 5.599999999999981e+12 5.599999999999981e+12 5.599999999999981e+12 5.599999999999981e+12 5.599999999999981e+12 5.599999999999981e+12 5.599999999999981e+12 5.599999999999981e+12 5.599999999999981e+12
 5.599999999999981e+12 5.599999999999981e+12 5.599999999999981e+12 5.599999999999981e+12 5.599999999999981e+12 5.599999999999981e+12 5.599999999999981e+12 5.599999999999981e+12 5.599999999999981e+12 5.599999999999981e+12
 5.599999999999981e+12 5.599999999999981e+12 5.599999999999981e+12 5.599999999999981e+12 5.599999999999981e+12 5.599999999999981e+12 5.599999999999981e+12 5.599999999999981e+12 5.599999999999981e+12 5.599999999999981e+12
 5.599999999999981e+12 5.599999999999981e+12 5.599999999999981e+12 5.599999999999981e+12 5.599999999999981e+12 5.599999999999981e+12 5.599999999999981e+12 5.599999999999981e+12 5.599999999999981e+12 5.599999999999981e+12
 5.599999999999981e+12 5.599999999999981e+12 5.599999999999981e+12 5.599999999999981e+12 5.599999999999981e+12 5.599999999999981e+12 5.599999999999981e+12 5.599999999999981e+12 5.599999999999981e+12 5.599999999999981e+12
 5.599999999999981e+12 5.599999999999981e+12 5.599999999999981e+12 5.599999999999981e+12 5.599999999999981e+12 5.599999999999981e+12 5.599999999999981e+12 5.599999999999981e+12 5.599999999999981e+12 5.599999999999981e+12
 5.599999999999981e+12 5.599999999999981e+12 5.599999999999981e+12 5.599999999999981e+12 5.599999999999981e+12 5.599999999999981e+12 5.599999999999981e+12 5.599999999999981e+12 5.599999999999981e+12 5.599999999999981e+12
 5.599999999999981e+12 5.599999999999981e+12 5.599999999999981e+12 5.599999999999981e+12 5.599999999999981e+12 5.599999999999981e+12 5.599999999999981e+12 5.599999999999981e+12 5.599999999999981e+12 5.599999999999981e+12
 5.599999999999981e+12 5.599999999999981e+12 5.599999999999981e+12 5.599999999999981e+12 5.599999999999981e+12 5.599999999999981e+12 5.599999999999981e+12 5.599999999999981e+12 5.599999999999981e+12 5.599999999999981e+12
 5.599999999999981e+12 5.599999999999981e+12 5.599999999999981e+12 5.599999999999981e+12 5.599999999999981e+12 5.599999999999981e+12 5.599999999999981e+12 5.599999999999981e+12 5.599999999999981e+12 5.599999999999981e+12
 5.599999999999981e+12 5.599999999999981e+12 5.599999999999981e+12 5.599999999999981e+12 5.599999999999981e+12 5.599999999999981e+12 5.599999999999981e+12 5.599999999999981e+12 5.599999999999981e+12 5.599999999999981e+12
 5.599999999999981e+12 5.599999999999981e+12 5.599999999999981e+12 5.599999999999981e+12 5.599999999999981e+12 5.599999999999981e+12 5.599999999999981e+12 5.599999999999981e+12 5.599999999999981e+12 5.599999999999981e+12
 5.599999999999981e+12 5.599999999999981e+12 5.599999999999981e+12 5.599999999999981e+12 5.599999999999981e+12 5.599999999999981e+12 5.599999999999981e+12 5.599999999999981e+12 5.599999999999981e+12 5.599999999999981e+12
 5.599999999999981e+12 5.599999999999981e+12 5.599999999999981e+12 5.599999999999981e+12 5.599999999999981e+12 5.599999999999981e+12 5.599999999999981e+12 5.599999999999981e+12 5.599999999999981e+12 5.599999999999981e+12
 5.599999999999981e+12 5.599999999999981e+12 5.599999999999981e+12 5.599999999999981e+12 5.599999999999981e+12 5.599999999999981e+12 5.599999999999981e+12 5.599999999999981e+12 5.599999999999981e+12 5.599999999999981e+12
 5.599999999999981e+12 5.599999999999981e+12 5.599999999999981e+12 5.599999999999981e+12 5.599999999999981e+12 5.599999999999981e+12 5.599999999999981e+12 5.599999999999981e+12 5.599999999999981e+12 5.599999999999981e+12
 5.599999999999981e+12 5.599999999999981e+12 5.599999999999981e+12 5.599999999999981e+12 5.599999999999981e+12 5.599999999999981e+12 5.599999999999981e+12 5.599999999999981e+12 5.599999999999981e+12 5.599999999999981e+12
 5.599999999999981e+12 5.599999999999981e+12 5.599999999999981e+12 5.599999999999981e+12 5.599999999999981e+12 5.599999999999981e+12 5.599999999999981e+12 5.599999999999981e+12 5.599999999999981e+12 5.599999999999981e+12
 5.599999999999981e+12 5.599999999999981e+12 5.599999999999981e+12 5.599999999999981e+12 5.599999999999981e+12 5.599999999999981e+12 5.599999999999981e+12 5.599999999999981e+12 5.599999999999981e+12 5.599999999999981e+12
 5.599999999999981e+12 5.599999999999981e+12 5.599999999999981e+12 5.599999999999981e+12 5.599999999999981e+12 5.599999999999981e+12 5.599999999999981e+12 5.599999999999981e+12 5.599999999999981e+12 5.599999999999981e+12
 5.599999999999981e+12 5.599999999999981e+12 5.599999999999981e+12 5.599999999999981e+12 5.599999999999981e+12 5.599999999999981e+12 5.599999999999981e+12 5.599999999999981e+12 5.599999999999981e+12 5.599999999999981e+12
 5.599999999999981e+12 5.599999999999981e+12 5.599999999999981e+12 5.599999999999981e+12 5.599999999999981e+12 5.599999999999981e+12 5.599999999999981e+12 5.599999999999981e+12 5.599999999999981e+12 5.599999999999981e+12
 5.599999999999981e+12 5.599999999999981e+12 5.599999999999981e+12 5.599999999999981e+12 5.599999999999981e+12 5.599999999999981e+12 5.599999999999981e+12 5.599999999999981e+12 5.599999999999981e+12 5.599999999999981e+12
 5.599999999999981e+12 5.599999999999981e+12 5.599999999999981e+12 5.599999999999981e+12 5.599999999999981e+12 5.599999999999981e+12 5.599999999999981e+12 5.599999999999981e+12 5.599999999999981e+12 5.599999999999981e+12
 5.599999999999981e+12 5.599999999999981e+12 5.599999999999981e+12 5.599999999999981e+12 5.599999999999981e+12 5.599999999999981e+12 5.599999999999981e+12 5.599999999999981e+12 5.599999999999981e+12 5.599999999999981e+12
 5.599999999999981e+12 5.599999999999981e+12 5.599999999999981e+12 5.599999999999981e+12 5.599999999999981e+12 5.599999999999981e+12 5.599999999999981e+12 5.599999999999981e+12 5.599999999999981e+12 5.599999999999981e+12
 5.599999999999981e+12 5.599999999999981e+12 5.599999999999981e+12 5.599999999999981e+12 5.599999999999981e+12 5.599999999999981e+12 5.599999999999981e+12 5.599999999999981e+12 5.599999999999981e+12 5.599999999999981e+12
 5.599999999999981e+12 5.599999999999981e+12 5.599999999999981e+12 5.599999999999981e+12 5.599999999999981e+12 5.599999999999981e+12 5.599999999999981e+12 5.599999999999981e+12 5.599999999999981e+12 5.599999999999981e+12
 5.599999999999981e+12 5.599999999999981e+12 5.599999999999981e+12 5.599999999999981e+12 5.599999999999981e+12 5.599999999999981e+12 5.599999999999981e+12 5.599999999999981e+12 5.599999999999981e+12 5.599999999999981e+12
 5.599999999999981e+12 5.599999999999981e+12 5.599999999999981e+12 5.599999999999981e+12 5.599999999999981e+12 5.599999999999981e+12 5.599999999999981e+12 5.599999999999981e+12 5.599999999999981e+12 5.599999999999981e+12
 5.599999999999981e+12 5.599999999999981e+12 5.599999999999981e+12 5.599999999999981e+12 5.599999999999981e+12 5.599999999999981e+12 5.599999999999981e+12 5.599999999999981e+12 5.599999999999981e+12 5.599999999999981e+12
 5.599999999999981e+12 5.599999999999981e+12 5.599999999999981e+12 5.599999999999981e+12 5.599999999999981e+12 5.599999999999981e+12 5.599999999999981e+12 5.599999999999981e+12 5.599999999999981e+12 5.599999999999981e+12
 5.599999999999981e+12 5.599999999999981e+12 5.599999999999981e+12 5.599999999999981e+12 5.599999999999981e+12 5.599999999999981e+12 5.599999999999981e+12 5.599999999999981e+12 5.599999999999981e+12 5.599999999999981e+12
 5.599999999999981e+12 5.599999999999981e+12 5.599999999999981e+12 5.599999999999981e+12 5.599999999999981e+12 5.599999999999981e+12 5.599999999999981e+12 5.599999999999981e+12 5.599999999999981e+12 5.599999999999981e+12
 5.599999999999981e+12 5.599999999999981e+12 5.599999999999981e+12 5.599999999999981e+12 5.599999999999981e+12 5.599999999999981e+12 5.599999999999981e+12 5.599999999999981e+12 5.599999999999981e+12 5.599999999999981e+12
 5.599999999999981e+12 5.599999999999981e+12 5.599999999999981e+12 5.599999999999981e+12 5.599999999999981e+12 5.599999999999981e+12 5.599999999999981e+12 5.599999999999981e+12 5.599999999999981e+12 5.599999999999981e+12
 5.599999999999981e+12 5.599999999999981e+12 5.599999999999981e+12 5.599999999999981e+12 5.599999999999981e+12 5.599999999999981e+12 5.599999999999981e+12 5.599999999999981e+12 5.599999999999981e+12 5.599999999999981e+12
 5.599999999999981e+12 5.599999999999981e+12 5.599999999999981e+12 5.599999999999981e+12 5.599999999999981e+12 5.599999999999981e+12 5.599999999999981e+12 5.599999999999981e+12 5.599999999999981e+12 5.599999999999981e+12
 5.599999999999981e+12 5.599999999999981e+12 5.599999999999981e+12 5.599999999999981e+12 5.599999999999981e+12 5.599999999999981e+12 5.599999999999981e+12 5.599999999999981e+12 5.599999999999981e+12 5.599999999999981e+12
 5.599999999999981e+12 5.599999999999981e+12 5.599999999999981e+12 5.599999999999981e+12 5.599999999999981e+12 5.599999999999981e+12 5.599999999999981e+12 5.599999999999981e+12 5.599999999999981e+12 5.599999999999981e+12
 5.599999999999981e+12 5.599999999999981e+12 5.599999999999981e+12 5.599999999999981e+12 5.599999999999981e+12 5.599999999999981e+12 5.599999999999981e+12 5.599999999999981e+12 5.599999999999981e+12 5.599999999999981e+12
 5.599999999999981e+12 5.599999999999981e+12 5.599999999999981e+12 5.599999999999981e+12 5.599999999999981e+12 5.599999999999981e+12 5.599999999999981e+12 5.599999999999981e+12 5.599999999999981e+12 5.599999999999981e+12
 5.599999999999981e+12 5.599999999999981e+12 5.599999999999981e+12 5.599999999999981e+12 5.599999999999981e+12 5.599999999999981e+12 5.599999999999981e+12 5.599999999999981e+12 5.599999999999981e+12 5.599999999999981e+12
 5.599999999999981e+12 5.599999999999981e+12 5.599999999999981e+12 5.599999999999981e+12 5.599999999999981e+12 5.599999999999981e+12 5.599999999999981e+12 5.599999999999981e+12 5.599999999999981e+12 5.599999999999981e+12
 5.599999999999981e+12 5.599999999999981e+12 5.599999999999981e+12 5.599999999999981e+12 5.599999999999981e+12 5.599999999999981e+12 5.599999999999981e+12 5.599999999999981e+12 5.599999999999981e+12 5.599999999999981e+12
 5.599999999999981e+12 5.599999999999981e+12 5.599999999999981e+12 5.599999999999981e+12 5.599999999999981e+12 5.599999999999981e+12 5.599999999999981e+12 5.599999999999981e+12 5.599999999999981e+12 5.599999999999981e+12
 5.599999999999981e+12 5.599999999999981e+12 5.599999999999981e+12 5.599999999999981e+12 5.599999999999981e+12 5.599999999999981e+12 5.599999999999981e+12 1.000000560000002e+19 5.599999999999981e+12 1.000000560000002e+19
 5.599999999999981e+12 1.000000560000002e+19 5.599999999999981e+12 1.000000560000002e+19 5.599999999999981e+12 5.599999999999981e+12 5.599999999999981e+12 5.599999999999981e+12 5.599999999999981e+12 5.599999999999981e+12
 5.599999999999981e+12 5.599999999999981e+12 5.599999999999981e+12 5.599999999999981e+12 5.599999999999981e+12 5.599999999999981e+12 5.599999999999981e+12 5.599999999999981e+12 5.599999999999981e+12 5.599999999999981e+12
 5.599999999999981e+12 1.000000560000002e+19 5.599999999999981e+12 1.000000560000002e+19 5.599999999999981e+12 1.000000560000002e+19 5.599999999999981e+12 1.000000560000002e+19 5.599999999999981e+12 5.599999999999981e+12
 5.599999999999981e+12 5.599999999999981e+12 5.599999999999981e+12 5.599999999999981e+12 5.599999999999981e+12 5.599999999999981e+12 5.599999999999981e+12 5.599999999999981e+12 5.599999999999981e+12 5.599999999999981e+12
 5.599999999999981e+12 5.599999999999981e+12 5.599999999999981e+12 5.599999999999981e+12 5.599999999999981e+12 1.000000560000002e+19 5.599999999999981e+12 1.000000560000002e+19 5.599999999999981e+12 1.000000560000002e+19
 5.599999999999981e+12 1.000000560000002e+19 5.599999999999981e+12 5.599999999999981e+12 5.599999999999981e+12 5.599999999999981e+12 5.599999999999981e+12 5.599999999999981e+12 5.599999999999981e+12 5.599999999999981e+12
 5.599999999999981e+12 5.599999999999981e+12 5.599999999999981e+12 5.599999999999981e+12 5.599999999999981e+12 5.599999999999981e+12 5.599999999999981e+12 5.599999999999981e+12 5.599999999999981e+12 1.000000560000002e+19
 5.599999999999981e+12 1.000000560000002e+19 5.599999999999981e+12 1.000000560000002e+19 5.599999999999981e+12 1.000000560000002e+19 5.599999999999981e+12 5.599999999999981e+12 5.599999999999981e+12 5.599999999999981e+12
 5.599999999999981e+12 5.599999999999981e+12 5.599999999999981e+12 5.599999999999981e+12 5.599999999999981e+12 5.599999999999981e+12 5.599999999999981e+12 5.599999999999981e+12 5.599999999999981e+12 5.599999999999981e+12
 5.599999999999981e+12 5.599999999999981e+12 5.599999999999981e+12 1.000000560000002e+19 5.599999999999981e+12 1.000000560000002e+19 5.599999999999981e+12 1.000000560000002e+19 5.599999999999981e+12 1.000000560000002e+19
 5.599999999999981e+12 5.599999999999981e+12 5.599999999999981e+12 5.599999999999981e+12 5.599999999999981e+12 5.599999999999981e+12 5.599999999999981e+12 5.599999999999981e+12 5.599999999999981e+12 5.599999999999981e+12
 5.599999999999981e+12 5.599999999999981e+12 5.599999999999981e+12 5.599999999999981e+12 5.599999999999981e+12 5.599999999999981e+12 5.599999999999981e+12 1.000000560000002e+19 5.599999999999981e+12 1.000000560000002e+19
 5.599999999999981e+12 1.000000560000002e+19 5.599999999999981e+12 1.000000560000002e+19 5.599999999999981e+12 5.599999999999981e+12 5.599999999999981e+12 5.599999999999981e+12 5.599999999999981e+12 5.599999999999981e+12
 5.599999999999981e+12 5.599999999999981e+12 5.599999999999981e+12 5.599999999999981e+12 5.599999999999981e+12 5.599999999999981e+12 5.599999999999981e+12 5.599999999999981e+12 5.599999999999981e+12 5.599999999999981e+12
 5.599999999999981e+12 1.000000560000002e+19 5.599999999999981e+12 1.000000560000002e+19 5.599999999999981e+12 1.000000560000002e+19 5.599999999999981e+12 1.000000560000002e+19 5.599999999999981e+12 5.599999999999981e+12
 5.599999999999981e+12 5.599999999999981e+12 5.599999999999981e+12 5.599999999999981e+12 5.599999999999981e+12 5.599999999999981e+12 5.599999999999981e+12 5.599999999999981e+12 5.599999999999981e+12 5.599999999999981e+12
 5.599999999999981e+12 5.599999999999981e+12 5.599999999999981e+12 5.599999999999981e+12 5.599999999999981e+12 1.000000560000002e+19 5.599999999999981e+12 1.000000560000002e+19 5.599999999999981e+12 1.000000560000002e+19
 5.599999999999981e+12 1.000000560000002e+19 -9.999994400000018e+18 5.599999999999981e+12 -9.999994400000018e+18 5.599999999999981e+12 5.599999999999981e+12 5.599999999999981e+12 5.599999999999981e+12 5.599999999999981e+12
 5.599999999999981e+12 5.599999999999981e+12 5.599999999999981e+12 5.599999999999981e+12 5.599999999999981e+12 5.599999999999981e+12 5.599999999999981e+12 5.599999999999981e+12 5.599999999999981e+12 5.599999999999981e+12
 5.599999999999981e+12 5.599999999999981e+12 5.599999999999981e+12 5.599999999999981e+12 5.599999999999981e+12 5.599999999999981e+12 5.599999999999981e+12 5.599999999999981e+12 5.599999999999981e+12 5.599999999999981e+12
 5.599999999999981e+12 5.599999999999981e+12 5.599999999999981e+12 5.599999999999981e+12 5.599999999999981e+12 5.599999999999981e+12 5.599999999999981e+12 5.599999999999981e+12 5.599999999999981e+12 5.599999999999981e+12
 5.599999999999981e+12 5.599999999999981e+12 5.599999999999981e+12 5.599999999999981e+12 5.599999999999981e+12 5.599999999999981e+12 5.599999999999981e+12 5.599999999999981e+12 5.599999999999981e+12 5.599999999999981e+12
 5.599999999999981e+12 5.599999999999981e+12 5.599999999999981e+12 5.599999999999981e+12 5.599999999999981e+12 5.599999999999981e+12 5.599999999999981e+12 5.599999999999981e+12 5.599999999999981e+12 5.599999999999981e+12
 5.599999999999981e+12 5.599999999999981e+12 5.599999999999981e+12 5.599999999999981e+12 5.599999999999981e+12 5.599999999999981e+12 5.599999999999981e+12 5.599999999999981e+12 5.599999999999981e+12 5.599999999999981e+12
 5.599999999999981e+12 5.599999999999981e+12 -9.999994400000018e+18 5.599999999999981e+12 -9.999994400000018e+18 5.599999999999981e+12 5.599999999999981e+12 5.599999999999981e+12 5.599999999999981e+12 5.599999999999981e+12
 5.599999999999981e+12 5.599999999999981e+12 5.599999999999981e+12 5.599999999999981e+12 5.599999999999981e+12 5.599999999999981e+12 5.599999999999981e+12 5.599999999999981e+12 5.599999999999981e+12 5.599999999999981e+12
 5.599999999999981e+12 5.599999999999981e+12 5.599999999999981e+12 5.599999999999981e+12 5.599999999999981e+12 5.599999999999981e+12 5.599999999999981e+12 5.599999999999981e+12 5.599999999999981e+12 5.599999999999981e+12
 5.599999999999981e+12 5.599999999999981e+12 5.599999999999981e+12 5.599999999999981e+12 5.599999999999981e+12 5.599999999999981e+12 5.599999999999981e+12 5.599999999999981e+12 5.599999999999981e+12 5.599999999999981e+12
 5.599999999999981e+12 5.599999999999981e+12 5.599999999999981e+12 5.599999999999981e+12 5.599999999999981e+12 5.599999999999981e+12 5.599999999999981e+12 5.599999999999981e+12 5.599999999999981e+12 5.599999999999981e+12
 5.599999999999981e+12 5.599999999999981e+12 5.599999999999981e+12 5.599999999999981e+12 5.599999999999981e+12 5.599999999999981e+12 5.599999999999981e+12 5.599999999999981e+12 5.599999999999981e+12 5.599999999999981e+12
 5.599999999999981e+12 5.599999999999981e+12 5.599999999999981e+12 5.599999999999981e+12 5.599999999999981e+12 5.599999999999981e+12 5.599999999999981e+12 5.599999999999981e+12 5.599999999999981e+12 5.599999999999981e+12
 5.599999999999981e+12 5.599999999999981e+12 -9.999994400000018e+18 5.599999999999981e+12 -9.999994400000018e+18 5.599999999999981e+12 5.599999999999981e+12 5.599999999999981e+12 5.599999999999981e+12 5.599999999999981e+12
 5.599999999999981e+12 5.599999999999981e+12 5.599999999999981e+12 5.599999999999981e+12 5.599999999999981e+12 5.599999999999981e+12 5.599999999999981e+12 5.599999999999981e+12 5.599999999999981e+12 5.599999999999981e+12
 5.599999999999981e+12 5.599999999999981e+12 5.599999999999981e+12 5.599999999999981e+12 5.599999999999981e+12 5.599999999999981e+12 5.599999999999981e+12 5.599999999999981e+12 5.599999999999981e+12 5.599999999999981e+12
 5.599999999999981e+12 5.599999999999981e+12 5.599999999999981e+12 5.599999999999981e+12 5.599999999999981e+12 5.599999999999981e+12 5.599999999999981e+12 5.599999999999981e+12 5.599999999999981e+12 5.599999999999981e+12
 5.599999999999981e+12 5.599999999999981e+12 5.599999999999981e+12 5.599999999999981e+12 5.599999999999981e+12 5.599999999999981e+12 5.599999999999981e+12 5.599999999999981e+12 5.599999999999981e+12 5.599999999999981e+12
 5.599999999999981e+12 5.599999999999981e+12 5.599999999999981e+12 5.599999999999981e+12 5.599999999999981e+12 5.599999999999981e+12 5.599999999999981e+12 5.599999999999981e+12 5.599999999999981e+12 5.599999999999981e+12
 5.599999999999981e+12 5.599999999999981e+12 5.599999999999981e+12 5.599999999999981e+12 5.599999999999981e+12 5.599999999999981e+12 5.599999999999981e+12 5.599999999999981e+12 5.599999999999981e+12 5.599999999999981e+12
 5.599999999999981e+12 5.599999999999981e+12 -9.999994400000018e+18 5.599999999999981e+12 -9.999994400000018e+18 5.599999999999981e+12 5.599999999999981e+12 5.599999999999981e+12 5.599999999999981e+12 5.599999999999981e+12
 5.599999999999981e+12 5.599999999999981e+12 5.599999999999981e+12 5.599999999999981e+12 5.599999999999981e+12 5.599999999999981e+12 5.599999999999981e+12 5.599999999999981e+12 5.599999999999981e+12 5.599999999999981e+12
 5.599999999999981e+12 5.599999999999981e+12 5.599999999999981e+12 5.599999999999981e+12 5.599999999999981e+12 5.599999999999981e+12 5.599999999999981e+12 5.599999999999981e+12 5.599999999999981e+12 5.599999999999981e+12
 5.599999999999981e+12 5.599999999999981e+12 5.599999999999981e+12 5.599999999999981e+12 5.599999999999981e+12 5.599999999999981e+12 5.599999999999981e+12 5.599999999999981e+12 5.599999999999981e+12 5.599999999999981e+12
 5.599999999999981e+12 5.599999999999981e+12 5.599999999999981e+12 5.599999999999981e+12 5.599999999999981e+12 5.599999999999981e+12 5.599999999999981e+12 5.599999999999981e+12 5.599999999999981e+12 5.599999999999981e+12
 5.599999999999981e+12 5.599999999999981e+12 5.599999999999981e+12 5.599999999999981e+12 5.599999999999981e+12 5.599999999999981e+12 5.599999999999981e+12 5.599999999999981e+12 5.599999999999981e+12 5.599999999999981e+12
 5.599999999999981e+12 5.599999999999981e+12 5.599999999999981e+12 5.599999999999981e+12 5.599999999999981e+12 5.599999999999981e+12 5.599999999999981e+12 5.599999999999981e+12 5.599999999999981e+12 5.599999999999981e+12
 5.599999999999981e+12 5.599999999999981e+12 -9.999994400000018e+18 5.599999999999981e+12 -9.999994400000018e+18 5.599999999999981e+12 5.599999999999981e+12 5.599999999999981e+12 5.599999999999981e+12 5.599999999999981e+12
 5.599999999999981e+12 5.599999999999981e+12 5.599999999999981e+12 5.599999999999981e+12 5.599999999999981e+12 5.599999999999981e+12 5.599999999999981e+12 5.599999999999981e+12 5.599999999999981e+12 5.599999999999981e+12
 5.599999999999981e+12 5.599999999999981e+12 5.599999999999981e+12 5.599999999999981e+12 5.599999999999981e+12 5.599999999999981e+12 5.599999999999981e+12 5.599999999999981e+12 5.599999999999981e+12 5.599999999999981e+12
 5.599999999999981e+12 5.599999999999981e+12 5.599999999999981e+12 5.599999999999981e+12 5.599999999999981e+12 5.599999999999981e+12 5.599999999999981e+12 5.599999999999981e+12 5.599999999999981e+12 5.599999999999981e+12
 5.599999999999981e+12 5.599999999999981e+12 5.599999999999981e+12 5.599999999999981e+12 5.599999999999981e+12 5.599999999999981e+12 5.599999999999981e+12 5.599999999999981e+12 5.599999999999981e+12 5.599999999999981e+12
 5.599999999999981e+12 5.599999999999981e+12 5.599999999999981e+12 5.599999999999981e+12 5.599999999999981e+12 5.599999999999981e+12 5.599999999999981e+12 5.599999999999981e+12 5.599999999999981e+12 5.599999999999981e+12
 5.599999999999981e+12 5.599999999999981e+12 5.599999999999981e+12 5.599999999999981e+12 5.599999999999981e+12 5.599999999999981e+12 5.599999999999981e+12 5.599999999999981e+12 5.599999999999981e+12 5.599999999999981e+12
 5.599999999999981e+12 5.599999999999981e+12 -9.999994400000018e+18 5.599999999999981e+12 -9.999994400000018e+18 5.599999999999981e+12 5.599999999999981e+12 5.599999999999981e+12 5.599999999999981e+12 5.599999999999981e+12
 5.599999999999981e+12 5.599999999999981e+12 5.599999999999981e+12 5.599999999999981e+12 5.599999999999981e+12 5.599999999999981e+12 5.599999999999981e+12 5.599999999999981e+12 5.599999999999981e+12 5.599999999999981e+12
 5.599999999999981e+12 5.599999999999981e+12 5.599999999999981e+12 5.599999999999981e+12 5.599999999999981e+12 5.599999999999981e+12 5.599999999999981e+12 5.599999999999981e+12 5.599999999999981e+12 5.599999999999981e+12
 5.599999999999981e+12 5.599999999999981e+12 5.599999999999981e+12 5.599999999999981e+12 5.599999999999981e+12 5.599999999999981e+12 5.599999999999981e+12 5.599999999999981e+12 5.599999999999981e+12 5.599999999999981e+12
 5.599999999999981e+12 5.599999999999981e+12 5.599999999999981e+12 5.599999999999981e+12 5.599999999999981e+12 5.599999999999981e+12 5.599999999999981e+12 5.599999999999981e+12 5.599999999999981e+12 5.599999999999981e+12
 5.599999999999981e+12 5.599999999999981e+12 5.599999999999981e+12 5.599999999999981e+12 5.599999999999981e+12 5.599999999999981e+12 5.599999999999981e+12 5.599999999999981e+12 5.599999999999981e+12 5.599999999999981e+12
 5.599999999999981e+12 5.599999999999981e+12 5.599999999999981e+12 5.599999999999981e+12 5.599999999999981e+12 5.599999999999981e+12 5.599999999999981e+12 5.599999999999981e+12 5.599999999999981e+12 5.599999999999981e+12
 5.599999999999981e+12 5.599999999999981e+12 -9.999994400000018e+18 5.599999999999981e+12 -9.999994400000018e+18 5.599999999999981e+12 5.599999999999981e+12 5.599999999999981e+12 5.599999999999981e+12 5.599999999999981e+12
 5.599999999999981e+12 5.599999999999981e+12 5.599999999999981e+12 5.599999999999981e+12 5.599999999999981e+12 5.599999999999981e+12 5.599999999999981e+12 5.599999999999981e+12 5.599999999999981e+12 5.599999999999981e+12
 5.599999999999981e+12 5.599999999999981e+12 5.599999999999981e+12 5.599999999999981e+12 5.599999999999981e+12 5.599999999999981e+12 5.599999999999981e+12 5.599999999999981e+12 5.599999999999981e+12 5.599999999999981e+12
 5.599999999999981e+12 5.599999999999981e+12 5.599999999999981e+12 5.599999999999981e+12 5.599999999999981e+12 5.599999999999981e+12 5.599999999999981e+12 5.599999999999981e+12 5.599999999999981e+12 5.599999999999981e+12
 5.599999999999981e+12 5.599999999999981e+12 5.599999999999981e+12 5.599999999999981e+12 5.599999999999981e+12 5.599999999999981e+12 5.599999999999981e+12 5.599999999999981e+12 5.599999999999981e+12 5.599999999999981e+12
 5.599999999999981e+12 5.599999999999981e+12 5.599999999999981e+12 5.599999999999981e+12 5.599999999999981e+12 5.599999999999981e+12 5.599999999999981e+12 5.599999999999981e+12 5.599999999999981e+12 5.599999999999981e+12
 5.599999999999981e+12 5.599999999999981e+12 5.599999999999981e+12 5.599999999999981e+12 5.599999999999981e+12 5.599999999999981e+12 5.599999999999981e+12 5.599999999999981e+12 5.599999999999981e+12 5.599999999999981e+12
 5.599999999999981e+12 5.599999999999981e+12 -9.999994400000018e+18 5.599999999999981e+12 -9.999994400000018e+18 5.599999999999981e+12 5.599999999999981e+12 5.599999999999981e+12 5.599999999999981e+12 5.599999999999981e+12
 5.599999999999981e+12 5.599999999999981e+12 5.599999999999981e+12 5.599999999999981e+12 5.599999999999981e+12 5.599999999999981e+12 5.599999999999981e+12 5.599999999999981e+12 5.599999999999981e+12 5.599999999999981e+12
 5.599999999999981e+12 5.599999999999981e+12 5.599999999999981e+12 5.599999999999981e+12 5.599999999999981e+12 5.599999999999981e+12 5.599999999999981e+12 5.599999999999981e+12 5.599999999999981e+12 5.599999999999981e+12
 5.599999999999981e+12 5.599999999999981e+12 5.599999999999981e+12 5.599999999999981e+12 5.599999999999981e+12 5.599999999999981e+12 5.599999999999981e+12 5.599999999999981e+12 5.599999999999981e+12 5.599999999999981e+12
 5.599999999999981e+12 5.599999999999981e+12 5.599999999999981e+12 5.599999999999981e+12 5.599999999999981e+12 5.599999999999981e+12 5.599999999999981e+12 5.599999999999981e+12 5.599999999999981e+12 5.599999999999981e+12
 5.599999999999981e+12 5.599999999999981e+12 5.599999999999981e+12 5.599999999999981e+12 5.599999999999981e+12 5.599999999999981e+12 5.599999999999981e+12 5.599999999999981e+12 5.599999999999981e+12 5.599999999999981e+12
 5.599999999999981e+12 5.599999999999981e+12 5.599999999999981e+12 5.599999999999981e+12 5.599999999999981e+12 5.599999999999981e+12 5.599999999999981e+12 5.599999999999981e+12 5.599999999999981e+12 5.599999999999981e+12
 5.599999999999981e+12 5.599999999999981e+12 5.599999999999981e+12 5.599999999999981e+12 5.599999999999981e+12 5.599999999999981e+12 5.599999999999981e+12 5.599999999999981e+12 5.599999999999981e+12 5.599999999999981e+12
 5.599999999999981e+12 5.599999999999981e+12 5.599999999999981e+12 5.599999999999981e+12 5.599999999999981e+12 5.599999999999981e+12 5.599999999999981e+12 5.599999999999981e+12 5.599999999999981e+12 5.599999999999981e+12
 5.599999999999981e+12 5.599999999999981e+12 5.599999999999981e+12 5.599999999999981e+12 5.599999999999981e+12 5.599999999999981e+12 5.599999999999981e+12 5.599999999999981e+12 5.599999999999981e+12 5.599999999999981e+12
 5.599999999999981e+12 5.599999999999981e+12 5.599999999999981e+12 5.599999999999981e+12 5.599999999999981e+12 5.599999999999981e+12 5.599999999999981e+12 5.599999999999981e+12 5.599999999999981e+12 5.599999999999981e+12
 5.599999999999981e+12 5.599999999999981e+12 5.599999999999981e+12 5.599999999999981e+12 5.599999999999981e+12 5.599999999999981e+12 5.599999999999981e+12 5.599999999999981e+12 5.599999999999981e+12 5.599999999999981e+12
 5.599999999999981e+12 5.599999999999981e+12 5.599999999999981e+12 5.599999999999981e+12 5.599999999999981e+12 5.599999999999981e+12 5.599999999999981e+12 5.599999999999981e+12 5.599999999999981e+12 5.599999999999981e+12
 5.599999999999981e+12 5.599999999999981e+12 5.599999999999981e+12 5.599999999999981e+12 5.599999999999981e+12 5.599999999999981e+12 5.599999999999981e+12 5.599999999999981e+12 5.599999999999981e+12 5.599999999999981e+12
 5.599999999999981e+12 5.599999999999981e+12 5.599999999999981e+12 5.599999999999981e+12 5.599999999999981e+12 5.599999999999981e+12 5.599999999999981e+12 5.599999999999981e+12 5.599999999999981e+12 5.599999999999981e+12
 5.599999999999981e+12 5.599999999999981e+12 5.599999999999981e+12 5.599999999999981e+12 5.599999999999981e+12 5.599999999999981e+12 5.599999999999981e+12 5.599999999999981e+12 5.599999999999981e+12 5.599999999999981e+12
 5.599999999999981e+12 5.599999999999981e+12 5.599999999999981e+12 5.599999999999981e+12 5.599999999999981e+12 5.599999999999981e+12 5.599999999999981e+12 5.599999999999981e+12 5.599999999999981e+12 5.599999999999981e+12
 5.599999999999981e+12 5.599999999999981e+12 5.599999999999981e+12 5.599999999999981e+12 5.599999999999981e+12 5.599999999999981e+12 5.599999999999981e+12 5.599999999999981e+12 5.599999999999981e+12 5.599999999999981e+12
 5.599999999999981e+12 5.599999999999981e+12 5.599999999999981e+12 5.599999999999981e+12 5.599999999999981e+12 5.599999999999981e+12 5.599999999999981e+12 5.599999999999981e+12 5.599999999999981e+12 5.599999999999981e+12
 5.599999999999981e+12 5.599999999999981e+12 5.599999999999981e+12 5.599999999999981e+12 5.599999999999981e+12 5.599999999999981e+12 5.599999999999981e+12 5.599999999999981e+12 5.599999999999981e+12 5.599999999999981e+12
 5.599999999999981e+12 5.599999999999981e+12 5.599999999999981e+12 5.599999999999981e+12 5.599999999999981e+12 5.599999999999981e+12 5.599999999999981e+12 5.599999999999981e+12 5.599999999999981e+12 5.599999999999981e+12
 5.599999999999981e+12 5.599999999999981e+12 5.599999999999981e+12 5.599999999999981e+12 5.599999999999981e+12 5.599999999999981e+12 5.599999999999981e+12 5.599999999999981e+12 5.599999999999981e+12 5.599999999999981e+12
 5.599999999999981e+12 5.599999999999981e+12 5.599999999999981e+12 5.599999999999981e+12 5.599999999999981e+12 5.599999999999981e+12 5.599999999999981e+12 5.599999999999981e+12 5.599999999999981e+12 5.599999999999981e+12
 5.599999999999981e+12 5.599999999999981e+12 5.599999999999981e+12 5.599999999999981e+12 5.599999999999981e+12 5.599999999999981e+12 5.599999999999981e+12 5.599999999999981e+12 5.599999999999981e+12 5.599999999999981e+12
 5.599999999999981e+12 5.599999999999981e+12 5.599999999999981e+12 5.599999999999981e+12 5.599999999999981e+12 5.599999999999981e+12 5.599999999999981e+12 5.599999999999981e+12 5.599999999999981e+12 5.599999999999981e+12
 5.599999999999981e+12 5.599999999999981e+12 5.599999999999981e+12 5.599999999999981e+12 5.599999999999981e+12 5.599999999999981e+12 5.599999999999981e+12 5.599999999999981e+12 5.599999999999981e+12 5.599999999999981e+12
 5.599999999999981e+12 5.599999999999981e+12 5.599999999999981e+12 5.599999999999981e+12 5.599999999999981e+12 5.599999999999981e+12 5.599999999999981e+12 5.599999999999981e+12 5.599999999999981e+12 5.599999999999981e+12
 5.599999999999981e+12 5.599999999999981e+12 5.599999999999981e+12 5.599999999999981e+12 5.599999999999981e+12 5.599999999999981e+12 5.599999999999981e+12 5.599999999999981e+12 5.599999999999981e+12 5.599999999999981e+12
 5.599999999999981e+12 5.599999999999981e+12 5.599999999999981e+12 5.599999999999981e+12 5.599999999999981e+12 5.599999999999981e+12 5.599999999999981e+12 5.599999999999981e+12 5.599999999999981e+12 5.599999999999981e+12
 5.599999999999981e+12 5.599999999999981e+12 5.599999999999981e+12 5.599999999999981e+12 5.599999999999981e+12 5.599999999999981e+12 5.599999999999981e+12 5.599999999999981e+12 5.599999999999981e+12 5.599999999999981e+12
 5.599999999999981e+12 5.599999999999981e+12 5.599999999999981e+12 5.599999999999981e+12 5.599999999999981e+12 5.599999999999981e+12 5.599999999999981e+12 5.599999999999981e+12 5.599999999999981e+12 5.599999999999981e+12
 5.599999999999981e+12 5.599999999999981e+12 5.599999999999981e+12 5.599999999999981e+12 5.599999999999981e+12 5.599999999999981e+12 5.599999999999981e+12 5.599999999999981e+12 5.599999999999981e+12 5.599999999999981e+12
 5.599999999999981e+12 5.599999999999981e+12 5.599999999999981e+12 5.599999999999981e+12 5.599999999999981e+12 5.599999999999981e+12 5.599999999999981e+12 5.599999999999981e+12 5.599999999999981e+12 5.599999999999981e+12
 5.599999999999981e+12 5.599999999999981e+12 5.599999999999981e+12 5.599999999999981e+12 5.599999999999981e+12 5.599999999999981e+12 5.599999999999981e+12 5.599999999999981e+12 5.599999999999981e+12 5.599999999999981e+12
 5.599999999999981e+12 5.599999999999981e+12 5.599999999999981e+12 5.599999999999981e+12 5.599999999999981e+12 5.599999999999981e+12 5.599999999999981e+12 5.599999999999981e+12 5.599999999999981e+12 5.599999999999981e+12
 5.599999999999981e+12 5.599999999999981e+12 5.599999999999981e+12 5.599999999999981e+12 5.599999999999981e+12 5.599999999999981e+12 5.599999999999981e+12 5.599999999999981e+12 5.599999999999981e+12 5.599999999999981e+12
 5.599999999999981e+12 5.599999999999981e+12 5.599999999999981e+12 5.599999999999981e+12 5.599999999999981e+12 5.599999999999981e+12 5.599999999999981e+12 5.599999999999981e+12 5.599999999999981e+12 5.599999999999981e+12
 5.599999999999981e+12 5.599999999999981e+12 5.599999999999981e+12 5.599999999999981e+12 5.599999999999981e+12 5.599999999999981e+12 5.599999999999981e+12 5.599999999999981e+12 5.599999999999981e+12 5.599999999999981e+12
 5.599999999999981e+12 5.599999999999981e+12 5.599999999999981e+12 5.599999999999981e+12 5.599999999999981e+12 5.599999999999981e+12 5.599999999999981e+12 5.599999999999981e+12 5.599999999999981e+12 5.599999999999981e+12
 5.599999999999981e+12 5.599999999999981e+12 5.599999999999981e+12 5.599999999999981e+12 5.599999999999981e+12 5.599999999999981e+12 5.599999999999981e+12 5.599999999999981e+12 5.599999999999981e+12 5.599999999999981e+12
 5.599999999999981e+12 5.599999999999981e+12 5.599999999999981e+12 5.599999999999981e+12 5.599999999999981e+12 5.599999999999981e+12 5.599999999999981e+12 5.599999999999981e+12 5.599999999999981e+12 5.599999999999981e+12
 5.599999999999981e+12 5.599999999999981e+12 5.599999999999981e+12 5.599999999999981e+12 5.599999999999981e+12 5.599999999999981e+12 5.599999999999981e+12 5.599999999999981e+12 5.599999999999981e+12 5.599999999999981e+12
 5.599999999999981e+12 5.599999999999981e+12 5.599999999999981e+12 5.599999999999981e+12 5.599999999999981e+12 5.599999999999981e+12 5.599999999999981e+12 5.599999999999981e+12 5.599999999999981e+12 5.599999999999981e+12
 5.599999999999981e+12 5.599999999999981e+12 5.599999999999981e+12 5.599999999999981e+12 5.599999999999981e+12 5.599999999999981e+12 5.599999999999981e+12 5.599999999999981e+12 5.599999999999981e+12 5.599999999999981e+12
 5.599999999999981e+12 5.599999999999981e+12 5.599999999999981e+12 5.599999999999981e+12 5.599999999999981e+12 5.599999999999981e+12 5.599999999999981e+12 5.599999999999981e+12 5.599999999999981e+12 5.599999999999981e+12
 5.599999999999981e+12 5.599999999999981e+12 5.599999999999981e+12 5.599999999999981e+12 5.599999999999981e+12 5.599999999999981e+12 5.599999999999981e+12 5.599999999999981e+12 5.599999999999981e+12 5.599999999999981e+12
 5.599999999999981e+12 5.599999999999981e+12 5.599999999999981e+12 5.599999999999981e+12 5.599999999999981e+12 5.599999999999981e+12 5.599999999999981e+12 5.599999999999981e+12 5.599999999999981e+12 5.599999999999981e+12
 5.599999999999981e+12 5.599999999999981e+12 5.599999999999981e+12 5.599999999999981e+12 5.599999999999981e+12 5.599999999999981e+12 5.599999999999981e+12 5.599999999999981e+12 5.599999999999981e+12 5.599999999999981e+12
 5.599999999999981e+12 5.599999999999981e+12 5.599999999999981e+12 5.599999999999981e+12 5.599999999999981e+12 5.599999999999981e+12 5.599999999999981e+12 5.599999999999981e+12 5.599999999999981e+12 5.599999999999981e+12
 5.599999999999981e+12 5.599999999999981e+12 5.599999999999981e+12 5.599999999999981e+12 5.599999999999981e+12 5.599999999999981e+12 5.599999999999981e+12 5.599999999999981e+12 5.599999999999981e+12 5.599999999999981e+12
 5.599999999999981e+12 5.599999999999981e+12 5.599999999999981e+12 5.599999999999981e+12 5.599999999999981e+12 5.599999999999981e+12 5.599999999999981e+12 5.599999999999981e+12 5.599999999999981e+12 5.599999999999981e+12
 5.599999999999981e+12 5.599999999999981e+12 5.599999999999981e+12 5.599999999999981e+12 5.599999999999981e+12 5.599999999999981e+12 5.599999999999981e+12 5.599999999999981e+12 5.599999999999981e+12 5.599999999999981e+12
 5.599999999999981e+12 1.000000560000002e+19 5.599999999999981e+12 1.000000560000002e+19 5.599999999999981e+12 1.000000560000002e+19 5.599999999999981e+12 1.000000560000002e+19 5.599999999999981e+12 5.599999999999981e+12
 5.599999999999981e+12 5.599999999999981e+12 5.599999999999981e+12 5.599999999999981e+12 5.599999999999981e+12 5.599999999999981e+12 5.599999999999981e+12 5.599999999999981e+12 5.599999999999981e+12 5.599999999999981e+12
 5.599999999999981e+12 5.599999999999981e+12 5.599999999999981e+12 5.599999999999981e+12 5.599999999999981e+12 1.000000560000002e+19 5.599999999999981e+12 1.000000560000002e+19 5.599999999999981e+12 1.000000560000002e+19
 5.599999999999981e+12 1.000000560000002e+19 5.599999999999981e+12 5.599999999999981e+12 5.599999999999981e+12 5.599999999999981e+12 5.599999999999981e+12 5.599999999999981e+12 5.599999999999981e+12 5.599999999999981e+12
 5.599999999999981e+12 5.599999999999981e+12 5.599999999999981e+12 5.599999999999981e+12 5.599999999999981e+12 5.599999999999981e+12 5.599999999999981e+12 5.599999999999981e+12 5.599999999999981e+12 1.000000560000002e+19
 5.599999999999981e+12 1.000000560000002e+19 5.599999999999981e+12 1.000000560000002e+19 5.599999999999981e+12 1.000000560000002e+19 5.599999999999981e+12 5.599999999999981e+12 5.599999999999981e+12 5.599999999999981e+12
 5.599999999999981e+12 5.599999999999981e+12 5.599999999999981e+12 5.599999999999981e+12 5.599999999999981e+12 5.599999999999981e+12 5.599999999999981e+12 5.599999999999981e+12 5.599999999999981e+12 5.599999999999981e+12
 5.599999999999981e+12 5.599999999999981e+12 5.599999999999981e+12 1.000000560000002e+19 5.599999999999981e+12 1.000000560000002e+19 5.599999999999981e+12 1.000000560000002e+19 5.599999999999981e+12 1.000000560000002e+19
 -9.999994400000018e+18 5.599999999999981e+12 -9.999994400000018e+18 5.599999999999981e+12 5.599999999999981e+12 5.599999999999981e+12 5.599999999999981e+12 5.599999999999981e+12 5.599999999999981e+12 5.599999999999981e+12
 5.599999999999981e+12 5.599999999999981e+12 5.599999999999981e+12 5.599999999999981e+12 5.599999999999981e+12 5.599999999999981e+12 5.599999999999981e+12 5.599999999999981e+12 5.599999999999981e+12 5.599999999999981e+12
 5.599999999999981e+12 5.599999999999981e+12 5.599999999999981e+12 5.599999999999981e+12 5.599999999999981e+12 5.599999999999981e+12 5.599999999999981e+12 5.599999999999981e+12 5.599999999999981e+12 5.599999999999981e+12
 5.599999999999981e+12 5.599999999999981e+12 5.599999999999981e+12 5.599999999999981e+12 5.599999999999981e+12 5.599999999999981e+12 5.599999999999981e+12 5.599999999999981e+12 5.599999999999981e+12 5.599999999999981e+12
 5.599999999999981e+12 5.599999999999981e+12 5.599999999999981e+12 5.599999999999981e+12 5.599999999999981e+12 5.599999999999981e+12 5.599999999999981e+12 5.599999999999981e+12 5.599999999999981e+12 5.599999999999981e+12
 5.599999999999981e+12 5.599999999999981e+12 5.599999999999981e+12 5.599999999999981e+12 5.599999999999981e+12 5.599999999999981e+12 5.599999999999981e+12 5.599999999999981e+12 5.599999999999981e+12 5.599999999999981e+12
 5.599999999999981e+12 5.599999999999981e+12 5.599999999999981e+12 5.599999999999981e+12 5.599999999999981e+12 5.599999999999981e+12 5.599999999999981e+12 5.599999999999981e+12 5.599999999999981e+12 5.599999999999981e+12
 -9.999994400000018e+18 5.599999999999981e+12 -9.999994400000018e+18 5.599999999999981e+12 5.599999999999981e+12 5.599999999999981e+12 5.599999999999981e+12 5.599999999999981e+12 5.599999999999981e+12 5.599999999999981e+12
 5.599999999999981e+12 5.599999999999981e+12 5.599999999999981e+12 5.599999999999981e+12 5.599999999999981e+12 5.599999999999981e+12 5.599999999999981e+12 5.599999999999981e+12 5.599999999999981e+12 5.599999999999981e+12
 5.599999999999981e+12 5.599999999999981e+12 5.599999999999981e+12 5.599999999999981e+12 5.599999999999981e+12 5.599999999999981e+12 5.599999999999981e+12 5.599999999999981e+12 5.599999999999981e+12 5.599999999999981e+12
 5.599999999999981e+12 5.599999999999981e+12 5.599999999999981e+12 5.599999999999981e+12 5.599999999999981e+12 5.599999999999981e+12 5.599999999999981e+12 5.599999999999981e+12 5.599999999999981e+12 5.599999999999981e+12
 5.599999999999981e+12 5.599999999999981e+12 5.599999999999981e+12 5.599999999999981e+12 5.599999999999981e+12 5.599999999999981e+12 5.599999999999981e+12 5.599999999999981e+12 5.599999999999981e+12 5.599999999999981e+12
 5.599999999999981e+12 5.599999999999981e+12 5.599999999999981e+12 5.599999999999981e+12 5.599999999999981e+12 5.599999999999981e+12 5.599999999999981e+12 5.599999999999981e+12 5.599999999999981e+12 5.599999999999981e+12
 5.599999999999981e+12 5.599999999999981e+12 5.599999999999981e+12 5.599999999999981e+12 5.599999999999981e+12 5.599999999999981e+12 5.599999999999981e+12 5.599999999999981e+12 5.599999999999981e+12 5.599999999999981e+12
 -9.999994400000018e+18 5.599999999999981e+12 -9.999994400000018e+18 5.599999999999981e+12 5.599999999999981e+12 5.599999999999981e+12 5.599999999999981e+12 5.599999999999981e+12 5.599999999999981e+12 5.599999999999981e+12
 5.599999999999981e+12 5.599999999999981e+12 5.599999999999981e+12 5.599999999999981e+12 5.599999999999981e+12 5.599999999999981e+12 5.599999999999981e+12 5.599999999999981e+12 5.599999999999981e+12 5.599999999999981e+12
 5.599999999999981e+12 5.599999999999981e+12 5.599999999999981e+12 5.599999999999981e+12 5.599999999999981e+12 5.599999999999981e+12 5.599999999999981e+12 5.599999999999981e+12 5.599999999999981e+12 5.599999999999981e+12
 5.599999999999981e+12 5.599999999999981e+12 5.599999999999981e+12 5.599999999999981e+12 5.599999999999981e+12 5.599999999999981e+12 5.599999999999981e+12 5.599999999999981e+12 5.599999999999981e+12 5.599999999999981e+12
 5.599999999999981e+12 5.599999999999981e+12 5.599999999999981e+12 5.599999999999981e+12 5.599999999999981e+12 5.599999999999981e+12 5.599999999999981e+12 5.599999999999981e+12 5.599999999999981e+12 5.599999999999981e+12
 5.599999999999981e+12 5.599999999999981e+12 5.599999999999981e+12 5.599999999999981e+12 5.599999999999981e+12 5.599999999999981e+12 5.599999999999981e+12 5.599999999999981e+12 5.599999999999981e+12 5.599999999999981e+12
 5.599999999999981e+12 5.599999999999981e+12 5.599999999999981e+12 5.599999999999981e+12 5.599999999999981e+12 5.599999999999981e+12 5.599999999999981e+12 5.599999999999981e+12 5.599999999999981e+12 5.599999999999981e+12
 -9.999994400000018e+18 5.599999999999981e+12 -9.999994400000018e+18 5.599999999999981e+12 5.599999999999981e+12 5.599999999999981e+12 5.599999999999981e+12 5.599999999999981e+12 5.599999999999981e+12 5.599999999999981e+12
 5.599999999999981e+12 5.599999999999981e+12 5.599999999999981e+12 5.599999999999981e+12 5.599999999999981e+12 5.599999999999981e+12 5.599999999999981e+12 5.599999999999981e+12 5.599999999999981e+12 5.599999999999981e+12
 5.599999999999981e+12 5.599999999999981e+12 5.599999999999981e+12 5.599999999999981e+12 5.599999999999981e+12 5.599999999999981e+12 5.599999999999981e+12 5.599999999999981e+12 5.599999999999981e+12 5.599999999999981e+12
 5.599999999999981e+12 5.599999999999981e+12 5.599999999999981e+12 5.599999999999981e+12 5.599999999999981e+12 5.599999999999981e+12 5.599999999999981e+12 5.599999999999981e+12 5.599999999999981e+12 5.599999999999981e+12
 5.599999999999981e+12 5.599999999999981e+12 5.599999999999981e+12 5.599999999999981e+12 5.599999999999981e+12 5.599999999999981e+12 5.599999999999981e+12 5.599999999999981e+12 5.599999999999981e+12 5.599999999999981e+12
 5.599999999999981e+12 5.599999999999981e+12 5.599999999999981e+12 5.599999999999981e+12 5.599999999999981e+12 5.599999999999981e+12 5.599999999999981e+12 5.599999999999981e+12 5.599999999999981e+12 5.599999999999981e+12
 5.599999999999981e+12 5.599999999999981e+12 5.599999999999981e+12 5.599999999999981e+12 5.599999999999981e+12 5.599999999999981e+12 5.599999999999981e+12 5.599999999999981e+12 5.599999999999981e+12 5.599999999999981e+12
 5.599999999999981e+12 5.599999999999981e+12 5.599999999999981e+12 5.599999999999981e+12 5.599999999999981e+12 5.599999999999981e+12 5.599999999999981e+12 5.599999999999981e+12 5.599999999999981e+12 5.599999999999981e+12
 5.599999999999981e+12 5.599999999999981e+12 5.599999999999981e+12 5.599999999999981e+12 5.599999999999981e+12 5.599999999999981e+12 5.599999999999981e+12 5.599999999999981e+12 5.599999999999981e+12 5.599999999999981e+12
 5.599999999999981e+12 5.599999999999981e+12 5.599999999999981e+12 5.599999999999981e+12 5.599999999999981e+12 5.599999999999981e+12 5.599999999999981e+12 5.599999999999981e+12 5.599999999999981e+12 5.599999999999981e+12
 5.599999999999981e+12 5.599999999999981e+12 5.599999999999981e+12 5.599999999999981e+12 5.599999999999981e+12 5.599999999999981e+12 5.599999999999981e+12 5.599999999999981e+12 5.599999999999981e+12 5.599999999999981e+12
 5.599999999999981e+12 5.599999999999981e+12 5.599999999999981e+12 5.599999999999981e+12 5.599999999999981e+12 5.599999999999981e+12 5.599999999999981e+12 5.599999999999981e+12 5.599999999999981e+12 5.599999999999981e+12
 5.599999999999981e+12 5.599999999999981e+12 5.599999999999981e+12 5.599999999999981e+12 5.599999999999981e+12 5.599999999999981e+12 5.599999999999981e+12 5.599999999999981e+12 5.599999999999981e+12 5.599999999999981e+12
 5.599999999999981e+12 5.599999999999981e+12 5.599999999999981e+12 5.599999999999981e+12 5.599999999999981e+12 5.599999999999981e+12 5.599999999999981e+12 5.599999999999981e+12 5.599999999999981e+12 5.599999999999981e+12
 5.599999999999981e+12 5.599999999999981e+12 5.599999999999981e+12 5.599999999999981e+12 5.599999999999981e+12 5.599999999999981e+12 5.599999999999981e+12 5.599999999999981e+12 5.599999999999981e+12 5.599999999999981e+12
 5.599999999999981e+12 5.599999999999981e+12 5.599999999999981e+12 5.599999999999981e+12 5.599999999999981e+12 5.599999999999981e+12 5.599999999999981e+12 5.599999999999981e+12 5.599999999999981e+12 5.599999999999981e+12
 5.599999999999981e+12 5.599999999999981e+12 5.599999999999981e+12 5.599999999999981e+12 5.599999999999981e+12 5.599999999999981e+12 5.599999999999981e+12 5.599999999999981e+12 5.599999999999981e+12 5.599999999999981e+12
 5.599999999999981e+12 5.599999999999981e+12 5.599999999999981e+12 5.599999999999981e+12 5.599999999999981e+12 5.599999999999981e+12 5.599999999999981e+12 5.599999999999981e+12 5.599999999999981e+12 5.599999999999981e+12
 5.599999999999981e+12 5.599999999999981e+12 5.599999999999981e+12 5.599999999999981e+12 5.599999999999981e+12 5.599999999999981e+12 5.599999999999981e+12 5.599999999999981e+12 5.599999999999981e+12 5.599999999999981e+12
 5.599999999999981e+12 5.599999999999981e+12 5.599999999999981e+12 5.599999999999981e+12 5.599999999999981e+12 5.599999999999981e+12 5.599999999999981e+12 5.599999999999981e+12 5.599999999999981e+12 5.599999999999981e+12
 5.599999999999981e+12 5.599999999999981e+12 5.599999999999981e+12 5.599999999999981e+12 5.599999999999981e+12 5.599999999999981e+12 5.599999999999981e+12 5.599999999999981e+12 5.599999999999981e+12 5.599999999999981e+12
 5.599999999999981e+12 5.599999999999981e+12 5.599999999999981e+12 5.599999999999981e+12 5.599999999999981e+12 5.599999999999981e+12 5.599999999999981e+12 5.599999999999981e+12 5.599999999999981e+12 5.599999999999981e+12
 5.599999999999981e+12 5.599999999999981e+12 5.599999999999981e+12 5.599999999999981e+12 5.599999999999981e+12 5.599999999999981e+12 5.599999999999981e+12 5.599999999999981e+12 5.599999999999981e+12 5.599999999999981e+12
 5.599999999999981e+12 5.599999999999981e+12 5.599999999999981e+12 5.599999999999981e+12 5.599999999999981e+12 5.599999999999981e+12 5.599999999999981e+12 5.599999999999981e+12 5.599999999999981e+12 5.599999999999981e+12
 5.599999999999981e+12 5.599999999999981e+12 5.599999999999981e+12 5.599999999999981e+12 5.599999999999981e+12 5.599999999999981e+12 5.599999999999981e+12 5.599999999999981e+12 5.599999999999981e+12 5.599999999999981e+12
 5.599999999999981e+12 5.599999999999981e+12 5.599999999999981e+12 5.599999999999981e+12 5.599999999999981e+12 5.599999999999981e+12 5.599999999999981e+12 5.599999999999981e+12 5.599999999999981e+12 5.599999999999981e+12
 5.599999999999981e+12 5.599999999999981e+12 5.599999999999981e+12 5.599999999999981e+12 5.599999999999981e+12 5.599999999999981e+12 5.599999999999981e+12 5.599999999999981e+12 5.599999999999981e+12 5.599999999999981e+12
 5.599999999999981e+12 5.599999999999981e+12 5.599999999999981e+12 5.599999999999981e+12 5.599999999999981e+12 5.599999999999981e+12 5.599999999999981e+12 5.599999999999981e+12 5.599999999999981e+12 5.599999999999981e+12
 5.599999999999981e+12 5.599999999999981e+12 5.599999999999981e+12 5.599999999999981e+12 5.599999999999981e+12 5.599999999999981e+12 5.599999999999981e+12 5.599999999999981e+12 5.599999999999981e+12 5.599999999999981e+12
 5.599999999999981e+12 5.599999999999981e+12 5.599999999999981e+12 5.599999999999981e+12 5.599999999999981e+12 5.599999999999981e+12 5.599999999999981e+12 5.599999999999981e+12 5.599999999999981e+12 5.599999999999981e+12
 5.599999999999981e+12 5.599999999999981e+12 5.599999999999981e+12 1.000000560000002e+19 5.599999999999981e+12 1.000000560000002e+19 5.599999999999981e+12 1.000000560000002e+19 5.599999999999981e+12 1.000000560000002e+19
 5.599999999999981e+12 5.599999999999981e+12 5.599999999999981e+12 5.599999999999981e+12 5.599999999999981e+12 5.599999999999981e+12 5.599999999999981e+12 5.599999999999981e+12 5.599999999999981e+12 5.599999999999981e+12
 5.599999999999981e+12 5.599999999999981e+12 5.599999999999981e+12 5.599999999999981e+12 5.599999999999981e+12 5.599999999999981e+12 5.599999999999981e+12 1.000000560000002e+19 5.599999999999981e+12 1.000000560000002e+19
 5.599999999999981e+12 1.000000560000002e+19 5.599999999999981e+12 1.000000560000002e+19 -9.999994400000018e+18 5.599999999999981e+12 -9.999994400000018e+18 5.599999999999981e+12 5.599999999999981e+12 5.599999999999981e+12
 5.599999999999981e+12 5.599999999999981e+12 5.599999999999981e+12 5.599999999999981e+12 5.599999999999981e+12 5.599999999999981e+12 5.599999999999981e+12 5.599999999999981e+12 5.599999999999981e+12 5.599999999999981e+12
 5.599999999999981e+12 5.599999999999981e+12 5.599999999999981e+12 5.599999999999981e+12 5.599999999999981e+12 5.599999999999981e+12 5.599999999999981e+12 5.599999999999981e+12 5.599999999999981e+12 5.599999999999981e+12
 5.599999999999981e+12 5.599999999999981e+12 5.599999999999981e+12 5.599999999999981e+12 5.599999999999981e+12 5.599999999999981e+12 5.599999999999981e+12 5.599999999999981e+12 5.599999999999981e+12 5.599999999999981e+12
 5.599999999999981e+12 5.599999999999981e+12 5.599999999999981e+12 5.599999999999981e+12 5.599999999999981e+12 5.599999999999981e+12 5.599999999999981e+12 5.599999999999981e+12 5.599999999999981e+12 5.599999999999981e+12
 5.599999999999981e+12 5.599999999999981e+12 5.599999999999981e+12 5.599999999999981e+12 5.599999999999981e+12 5.599999999999981e+12 5.599999999999981e+12 5.599999999999981e+12 5.599999999999981e+12 5.599999999999981e+12
 5.599999999999981e+12 5.599999999999981e+12 5.599999999999981e+12 5.599999999999981e+12 5.599999999999981e+12 5.599999999999981e+12 5.599999999999981e+12 5.599999999999981e+12 5.599999999999981e+12 5.599999999999981e+12
 5.599999999999981e+12 5.599999999999981e+12 5.599999999999981e+12 5.599999999999981e+12 -9.999994400000018e+18 5.599999999999981e+12 -9.999994400000018e+18 5.599999999999981e+12 5.599999999999981e+12 5.599999999999981e+12
 5.599999999999981e+12 5.599999999999981e+12 5.599999999999981e+12 5.599999999999981e+12 5.599999999999981e+12 5.599999999999981e+12 5.599999999999981e+12 5.599999999999981e+12 5.599999999999981e+12 5.599999999999981e+12
 5.599999999999981e+12 5.599999999999981e+12 5.599999999999981e+12 5.599999999999981e+12 5.599999999999981e+12 5.599999999999981e+12 5.599999999999981e+12 5.599999999999981e+12 5.599999999999981e+12 5.599999999999981e+12
 5.599999999999981e+12 5.599999999999981e+12 5.599999999999981e+12 5.599999999999981e+12 5.599999999999981e+12 5.599999999999981e+12 5.599999999999981e+12 5.599999999999981e+12 5.599999999999981e+12 5.599999999999981e+12
 5.599999999999981e+12 5.599999999999981e+12 5.599999999999981e+12 5.599999999999981e+12 5.599999999999981e+12 5.599999999999981e+12 5.599999999999981e+12 5.599999999999981e+12 5.599999999999981e+12 5.599999999999981e+12
 5.599999999999981e+12 5.599999999999981e+12 5.599999999999981e+12 5.599999999999981e+12 5.599999999999981e+12 5.599999999999981e+12 5.599999999999981e+12 5.599999999999981e+12 5.599999999999981e+12 5.599999999999981e+12
 5.599999999999981e+12 5.599999999999981e+12 5.599999999999981e+12 5.599999999999981e+12 5.599999999999981e+12 5.599999999999981e+12 5.599999999999981e+12 5.599999999999981e+12 5.599999999999981e+12 5.599999999999981e+12
 5.599999999999981e+12 5.599999999999981e+12 5.599999999999981e+12 5.599999999999981e+12 5.599999999999981e+12 5.599999999999981e+12 5.599999999999981e+12 5.599999999999981e+12 5.599999999999981e+12 5.599999999999981e+12
 5.599999999999981e+12 5.599999999999981e+12 5.599999999999981e+12 5.599999999999981e+12 5.599999999999981e+12 5.599999999999981e+12 5.599999999999981e+12 5.599999999999981e+12 5.599999999999981e+12 5.599999999999981e+12
 5.599999999999981e+12 5.599999999999981e+12 5.599999999999981e+12 5.599999999999981e+12 5.599999999999981e+12 5.599999999999981e+12 5.599999999999981e+12 5.599999999999981e+12 5.599999999999981e+12 5.599999999999981e+12
 5.599999999999981e+12 5.599999999999981e+12 5.599999999999981e+12 5.599999999999981e+12 5.599999999999981e+12 5.599999999999981e+12 5.599999999999981e+12 5.599999999999981e+12 5.599999999999981e+12 5.599999999999981e+12
 5.599999999999981e+12 5.599999999999981e+12 5.599999999999981e+12 5.599999999999981e+12 5.599999999999981e+12 5.599999999999981e+12 5.599999999999981e+12 5.599999999999981e+12 5.599999999999981e+12 5.599999999999981e+12
 5.599999999999981e+12 5.599999999999981e+12 5.599999999999981e+12 5.599999999999981e+12 5.599999999999981e+12 5.599999999999981e+12 5.599999999999981e+12 5.599999999999981e+12 5.599999999999981e+12 5.599999999999981e+12
 5.599999999999981e+12 5.599999999999981e+12 5.599999999999981e+12 5.599999999999981e+12 5.599999999999981e+12 5.599999999999981e+12 5.599999999999981e+12 5.599999999999981e+12 5.599999999999981e+12 5.599999999999981e+12
 5.599999999999981e+12 5.599999999999981e+12 5.599999999999981e+12 5.599999999999981e+12 5.599999999999981e+12 5.599999999999981e+12 5.599999999999981e+12 5.599999999999981e+12 5.599999999999981e+12 5.599999999999981e+12
 5.599999999999981e+12 5.599999999999981e+12 5.599999999999981e+12 5.599999999999981e+12 5.599999999999981e+12 5.599999999999981e+12 5.599999999999981e+12 5.599999999999981e+12 5.599999999999981e+12 5.599999999999981e+12
 5.599999999999981e+12 5.599999999999981e+12 5.599999999999981e+12 5.599999999999981e+12 5.599999999999981e+12 5.599999999999981e+12 5.599999999999981e+12 5.599999999999981e+12 5.599999999999981e+12 5.599999999999981e+12
 5.599999999999981e+12 5.599999999999981e+12 5.599999999999981e+12 5.599999999999981e+12 5.599999999999981e+12 5.599999999999981e+12 5.599999999999981e+12 5.599999999999981e+12 5.599999999999981e+12 5.599999999999981e+12
 5.599999999999981e+12 5.599999999999981e+12 5.599999999999981e+12 5.599999999999981e+12 5.599999999999981e+12 5.599999999999981e+12 5.599999999999981e+12 5.599999999999981e+12 5.599999999999981e+12 5.599999999999981e+12
 5.599999999999981e+12 5.599999999999981e+12 5.599999999999981e+12 5.599999999999981e+12 5.599999999999981e+12 5.599999999999981e+12 5.599999999999981e+12 5.599999999999981e+12 5.599999999999981e+12 1.000000560000002e+19
 5.599999999999981e+12 1.000000560000002e+19 5.599999999999981e+12 1.000000560000002e+19 5.599999999999981e+12 1.000000560000002e+19 -9.999994400000018e+18 5.599999999999981e+12 -9.999994400000018e+18 5.599999999999981e+12
 5.599999999999981e+12 5.599999999999981e+12 5.599999999999981e+12 5.599999999999981e+12 5.599999999999981e+12 5.599999999999981e+12 5.599999999999981e+12 5.599999999999981e+12 5.599999999999981e+12 5.599999999999981e+12
 5.599999999999981e+12 5.599999999999981e+12 5.599999999999981e+12 5.599999999999981e+12 5.599999999999981e+12 5.599999999999981e+12 5.599999999999981e+12 5.599999999999981e+12 5.599999999999981e+12 5.599999999999981e+12
 5.599999999999981e+12 5.599999999999981e+12 5.599999999999981e+12 5.599999999999981e+12 5.599999999999981e+12 5.599999999999981e+12 5.599999999999981e+12 5.599999999999981e+12 5.599999999999981e+12 5.599999999999981e+12
 5.599999999999981e+12 5.599999999999981e+12 5.599999999999981e+12 5.599999999999981e+12 5.599999999999981e+12 5.599999999999981e+12 5.599999999999981e+12 5.599999999999981e+12 5.599999999999981e+12 5.599999999999981e+12
 5.599999999999981e+12 5.599999999999981e+12 5.599999999999981e+12 5.599999999999981e+12 5.599999999999981e+12 5.599999999999981e+12 5.599999999999981e+12 5.599999999999981e+12 5.599999999999981e+12 5.599999999999981e+12
 5.599999999999981e+12 5.599999999999981e+12 5.599999999999981e+12 5.599999999999981e+12 5.599999999999981e+12 5.599999999999981e+12 5.599999999999981e+12 5.599999999999981e+12 5.599999999999981e+12 5.599999999999981e+12
 5.599999999999981e+12 5.599999999999981e+12 5.599999999999981e+12 5.599999999999981e+12 5.599999999999981e+12 5.599999999999981e+12 5.599999999999981e+12 5.599999999999981e+12 5.599999999999981e+12 5.599999999999981e+12
 5.599999999999981e+12 5.599999999999981e+12 5.599999999999981e+12 5.599999999999981e+12 5.599999999999981e+12 5.599999999999981e+12 5.599999999999981e+12 5.599999999999981e+12 5.599999999999981e+12 5.599999999999981e+12
 5.599999999999981e+12 5.599999999999981e+12 5.599999999999981e+12 5.599999999999981e+12 5.599999999999981e+12 5.599999999999981e+12 5.599999999999981e+12 5.599999999999981e+12 5.599999999999981e+12 5.599999999999981e+12
 5.599999999999981e+12 5.599999999999981e+12 5.599999999999981e+12 5.599999999999981e+12 5.599999999999981e+12 5.599999999999981e+12 5.599999999999981e+12 5.599999999999981e+12 5.599999999999981e+12 5.599999999999981e+12
 5.599999999999981e+12 5.599999999999981e+12 5.599999999999981e+12 5.599999999999981e+12 5.599999999999981e+12 5.599999999999981e+12 5.599999999999981e+12 5.599999999999981e+12 5.599999999999981e+12 5.599999999999981e+12
 5.599999999999981e+12 5.599999999999981e+12 5.599999999999981e+12 5.599999999999981e+12 5.599999999999981e+12 5.599999999999981e+12 5.599999999999981e+12 5.599999999999981e+12 5.599999999999981e+12 5.599999999999981e+12
 5.599999999999981e+12 5.599999999999981e+12 5.599999999999981e+12 5.599999999999981e+12 5.599999999999981e+12 5.599999999999981e+12 5.599999999999981e+12 5.599999999999981e+12 5.599999999999981e+12 1.000000560000002e+19
 5.599999999999981e+12 1.000000560000002e+19 -9.999994400000018e+18 5.599999999999981e+12 5.599999999999981e+12 5.599999999999981e+12 5.599999999999981e+12 5.599999999999981e+12 5.599999999999981e+12 5.599999999999981e+12
 5.599999999999981e+12 5.599999999999981e+12 5.599999999999981e+12 5.599999999999981e+12 5.599999999999981e+12 5.599999999999981e+12 5.599999999999981e+12 5.599999999999981e+12 5.599999999999981e+12 5.599999999999981e+12
 5.599999999999981e+12 5.599999999999981e+12 5.599999999999981e+12 5.599999999999981e+12 5.599999999999981e+12 5.599999999999981e+12 5.599999999999981e+12 5.599999999999981e+12 5.599999999999981e+12 5.599999999999981e+12
 5.599999999999981e+12 5.599999999999981e+12 5.599999999999981e+12 5.599999999999981e+12 5.599999999999981e+12 5.599999999999981e+12 5.599999999999981e+12 5.599999999999981e+12 5.599999999999981e+12 5.599999999999981e+12
 5.599999999999981e+12 5.599999999999981e+12 5.599999999999981e+12 5.599999999999981e+12 5.599999999999981e+12 5.599999999999981e+12 5.599999999999981e+12 5.599999999999981e+12 5.599999999999981e+12 5.599999999999981e+12
 5.599999999999981e+12 5.599999999999981e+12 5.599999999999981e+12 5.599999999999981e+12 5.599999999999981e+12 5.599999999999981e+12 5.599999999999981e+12 5.599999999999981e+12 5.599999999999981e+12 5.599999999999981e+12
 5.599999999999981e+12 5.599999999999981e+12 5.599999999999981e+12 5.599999999999981e+12 5.599999999999981e+12 5.599999999999981e+12 5.599999999999981e+12 5.599999999999981e+12 5.599999999999981e+12 5.599999999999981e+12
 5.599999999999981e+12 5.599999999999981e+12 5.599999999999981e+12 5.599999999999981e+12 5.599999999999981e+12 5.599999999999981e+12 5.599999999999981e+12 5.599999999999981e+12 5.599999999999981e+12 5.599999999999981e+12
 5.599999999999981e+12 5.599999999999981e+12 5.599999999999981e+12 5.599999999999981e+12 5.599999999999981e+12 5.599999999999981e+12 5.599999999999981e+12 5.599999999999981e+12 5.599999999999981e+12 5.599999999999981e+12
 5.599999999999981e+12 5.599999999999981e+12 5.599999999999981e+12 5.599999999999981e+12 5.599999999999981e+12 5.599999999999981e+12 5.599999999999981e+12 5.599999999999981e+12 5.599999999999981e+12 5.599999999999981e+12
 5.599999999999981e+12 5.599999999999981e+12 5.599999999999981e+12 1.000000560000002e+19 5.599999999999981e+12 5.599999999999981e+12 5.599999999999981e+12 5.599999999999981e+12 5.599999999999981e+12 5.599999999999981e+12
 5.599999999999981e+12 5.599999999999981e+12 5.599999999999981e+12 5.599999999999981e+12 5.599999999999981e+12 5.599999999999981e+12 5.599999999999981e+12 5.599999999999981e+12 5.599999999999981e+12 5.599999999999981e+12
 5.599999999999981e+12 5.599999999999981e+12 5.599999999999981e+12 5.599999999999981e+12 5.599999999999981e+12 5.599999999999981e+12 5.599999999999981e+12 5.599999999999981e+12 5.599999999999981e+12 5.599999999999981e+12
 5.599999999999981e+12 5.599999999999981e+12 5.599999999999981e+12 5.599999999999981e+12 5.599999999999981e+12 5.599999999999981e+12 1.000000560000002e+19 1.000000560000002e+19 -9.999994400000018e+18 -9.999994400000018e+18

    }
  }

  Dataset ("NitrogenActiveConcentration") {
    function  = NitrogenActiveConcentration
    type      = scalar
    dimension = 1
    location  = vertex
    validity  = [ "i_layer" ]
    Values (4420) {
 5.599999999999991e+12 5.599999999999991e+12 5.599999999999991e+12 5.599999999999991e+12 5.599999999999991e+12 5.599999999999991e+12 5.599999999999991e+12 5.599999999999991e+12 5.599999999999991e+12 5.599999999999991e+12
 5.599999999999991e+12 5.599999999999991e+12 5.599999999999991e+12 5.599999999999991e+12 5.599999999999991e+12 5.599999999999991e+12 5.599999999999991e+12 5.599999999999991e+12 5.599999999999991e+12 5.599999999999991e+12
 5.599999999999991e+12 5.599999999999991e+12 5.599999999999991e+12 5.599999999999991e+12 5.599999999999991e+12 5.599999999999991e+12 5.599999999999991e+12 5.599999999999991e+12 5.599999999999991e+12 5.599999999999991e+12
 5.599999999999991e+12 5.599999999999991e+12 5.599999999999991e+12 5.599999999999991e+12 5.599999999999991e+12 5.599999999999991e+12 5.599999999999991e+12 5.599999999999991e+12 5.599999999999991e+12 5.599999999999991e+12
 5.599999999999991e+12 5.599999999999991e+12 5.599999999999991e+12 5.599999999999991e+12 5.599999999999991e+12 5.599999999999991e+12 5.599999999999991e+12 5.599999999999991e+12 5.599999999999991e+12 5.599999999999991e+12
 5.599999999999991e+12 5.599999999999991e+12 5.599999999999991e+12 5.599999999999991e+12 5.599999999999991e+12 5.599999999999991e+12 5.599999999999991e+12 5.599999999999991e+12 5.599999999999991e+12 5.599999999999991e+12
 5.599999999999991e+12 5.599999999999991e+12 5.599999999999991e+12 5.599999999999991e+12 5.599999999999991e+12 5.599999999999991e+12 5.599999999999991e+12 5.599999999999991e+12 5.599999999999991e+12 5.599999999999991e+12
 5.599999999999991e+12 5.599999999999991e+12 5.599999999999991e+12 5.599999999999991e+12 5.599999999999991e+12 5.599999999999991e+12 5.599999999999991e+12 5.599999999999991e+12 5.599999999999991e+12 5.599999999999991e+12
 5.599999999999991e+12 5.599999999999991e+12 5.599999999999991e+12 5.599999999999991e+12 5.599999999999991e+12 5.599999999999991e+12 5.599999999999991e+12 5.599999999999991e+12 5.599999999999991e+12 5.599999999999991e+12
 5.599999999999991e+12 5.599999999999991e+12 5.599999999999991e+12 5.599999999999991e+12 5.599999999999991e+12 5.599999999999991e+12 5.599999999999991e+12 5.599999999999991e+12 5.599999999999991e+12 5.599999999999991e+12
 5.599999999999991e+12 5.599999999999991e+12 5.599999999999991e+12 5.599999999999991e+12 5.599999999999991e+12 5.599999999999991e+12 5.599999999999991e+12 5.599999999999991e+12 5.599999999999991e+12 5.599999999999991e+12
 5.599999999999991e+12 5.599999999999991e+12 5.599999999999991e+12 5.599999999999991e+12 5.599999999999991e+12 5.599999999999991e+12 5.599999999999991e+12 5.599999999999991e+12 5.599999999999991e+12 5.599999999999991e+12
 5.599999999999991e+12 5.599999999999991e+12 5.599999999999991e+12 5.599999999999991e+12 5.599999999999991e+12 5.599999999999991e+12 5.599999999999991e+12 5.599999999999991e+12 5.599999999999991e+12 5.599999999999991e+12
 5.599999999999991e+12 5.599999999999991e+12 5.599999999999991e+12 5.599999999999991e+12 5.599999999999991e+12 5.599999999999991e+12 5.599999999999991e+12 5.599999999999991e+12 5.599999999999991e+12 5.599999999999991e+12
 5.599999999999991e+12 5.599999999999991e+12 5.599999999999991e+12 5.599999999999991e+12 5.599999999999991e+12 5.599999999999991e+12 5.599999999999991e+12 5.599999999999991e+12 5.599999999999991e+12 5.599999999999991e+12
 5.599999999999991e+12 5.599999999999991e+12 5.599999999999991e+12 5.599999999999991e+12 5.599999999999991e+12 5.599999999999991e+12 5.599999999999991e+12 5.599999999999991e+12 5.599999999999991e+12 5.599999999999991e+12
 5.599999999999991e+12 5.599999999999991e+12 5.599999999999991e+12 5.599999999999991e+12 5.599999999999991e+12 5.599999999999991e+12 5.599999999999991e+12 5.599999999999991e+12 5.599999999999991e+12 5.599999999999991e+12
 5.599999999999991e+12 5.599999999999991e+12 5.599999999999991e+12 5.599999999999991e+12 5.599999999999991e+12 5.599999999999991e+12 5.599999999999991e+12 5.599999999999991e+12 5.599999999999991e+12 5.599999999999991e+12
 5.599999999999991e+12 5.599999999999991e+12 5.599999999999991e+12 5.599999999999991e+12 5.599999999999991e+12 5.599999999999991e+12 5.599999999999991e+12 5.599999999999991e+12 5.599999999999991e+12 5.599999999999991e+12
 5.599999999999991e+12 5.599999999999991e+12 5.599999999999991e+12 5.599999999999991e+12 5.599999999999991e+12 5.599999999999991e+12 5.599999999999991e+12 5.599999999999991e+12 5.599999999999991e+12 5.599999999999991e+12
 5.599999999999991e+12 5.599999999999991e+12 5.599999999999991e+12 5.599999999999991e+12 5.599999999999991e+12 5.599999999999991e+12 5.599999999999991e+12 5.599999999999991e+12 5.599999999999991e+12 5.599999999999991e+12
 5.599999999999991e+12 5.599999999999991e+12 5.599999999999991e+12 5.599999999999991e+12 5.599999999999991e+12 5.599999999999991e+12 5.599999999999991e+12 5.599999999999991e+12 5.599999999999991e+12 5.599999999999991e+12
 5.599999999999991e+12 5.599999999999991e+12 5.599999999999991e+12 5.599999999999991e+12 5.599999999999991e+12 5.599999999999991e+12 5.599999999999991e+12 5.599999999999991e+12 5.599999999999991e+12 5.599999999999991e+12
 5.599999999999991e+12 5.599999999999991e+12 5.599999999999991e+12 5.599999999999991e+12 5.599999999999991e+12 5.599999999999991e+12 5.599999999999991e+12 5.599999999999991e+12 5.599999999999991e+12 5.599999999999991e+12
 5.599999999999991e+12 5.599999999999991e+12 5.599999999999991e+12 5.599999999999991e+12 5.599999999999991e+12 5.599999999999991e+12 5.599999999999991e+12 5.599999999999991e+12 5.599999999999991e+12 5.599999999999991e+12
 5.599999999999991e+12 5.599999999999991e+12 5.599999999999991e+12 5.599999999999991e+12 5.599999999999991e+12 5.599999999999991e+12 5.599999999999991e+12 5.599999999999991e+12 5.599999999999991e+12 5.599999999999991e+12
 5.599999999999991e+12 5.599999999999991e+12 5.599999999999991e+12 5.599999999999991e+12 5.599999999999991e+12 5.599999999999991e+12 5.599999999999991e+12 5.599999999999991e+12 5.599999999999991e+12 5.599999999999991e+12
 5.599999999999991e+12 5.599999999999991e+12 5.599999999999991e+12 5.599999999999991e+12 5.599999999999991e+12 5.599999999999991e+12 5.599999999999991e+12 5.599999999999991e+12 5.599999999999991e+12 5.599999999999991e+12
 5.599999999999991e+12 5.599999999999991e+12 5.599999999999991e+12 5.599999999999991e+12 5.599999999999991e+12 5.599999999999991e+12 5.599999999999991e+12 5.599999999999991e+12 5.599999999999991e+12 5.599999999999991e+12
 5.599999999999991e+12 5.599999999999991e+12 5.599999999999991e+12 5.599999999999991e+12 5.599999999999991e+12 5.599999999999991e+12 5.599999999999991e+12 5.599999999999991e+12 5.599999999999991e+12 5.599999999999991e+12
 5.599999999999991e+12 5.599999999999991e+12 5.599999999999991e+12 5.599999999999991e+12 5.599999999999991e+12 5.599999999999991e+12 5.599999999999991e+12 5.599999999999991e+12 5.599999999999991e+12 5.599999999999991e+12
 5.599999999999991e+12 5.599999999999991e+12 5.599999999999991e+12 5.599999999999991e+12 5.599999999999991e+12 5.599999999999991e+12 5.599999999999991e+12 5.599999999999991e+12 5.599999999999991e+12 5.599999999999991e+12
 5.599999999999991e+12 5.599999999999991e+12 5.599999999999991e+12 5.599999999999991e+12 5.599999999999991e+12 5.599999999999991e+12 5.599999999999991e+12 5.599999999999991e+12 5.599999999999991e+12 5.599999999999991e+12
 5.599999999999991e+12 5.599999999999991e+12 5.599999999999991e+12 5.599999999999991e+12 5.599999999999991e+12 5.599999999999991e+12 5.599999999999991e+12 5.599999999999991e+12 5.599999999999991e+12 5.599999999999991e+12
 5.599999999999991e+12 5.599999999999991e+12 5.599999999999991e+12 5.599999999999991e+12 5.599999999999991e+12 5.599999999999991e+12 5.599999999999991e+12 5.599999999999991e+12 5.599999999999991e+12 5.599999999999991e+12
 5.599999999999991e+12 5.599999999999991e+12 5.599999999999991e+12 5.599999999999991e+12 5.599999999999991e+12 5.599999999999991e+12 5.599999999999991e+12 5.599999999999991e+12 5.599999999999991e+12 5.599999999999991e+12
 5.599999999999991e+12 5.599999999999991e+12 5.599999999999991e+12 5.599999999999991e+12 5.599999999999991e+12 5.599999999999991e+12 5.599999999999991e+12 5.599999999999991e+12 5.599999999999991e+12 5.599999999999991e+12
 5.599999999999991e+12 5.599999999999991e+12 5.599999999999991e+12 5.599999999999991e+12 5.599999999999991e+12 5.599999999999991e+12 5.599999999999991e+12 5.599999999999991e+12 5.599999999999991e+12 5.599999999999991e+12
 5.599999999999991e+12 5.599999999999991e+12 5.599999999999991e+12 5.599999999999991e+12 5.599999999999991e+12 5.599999999999991e+12 5.599999999999991e+12 5.599999999999991e+12 5.599999999999991e+12 5.599999999999991e+12
 5.599999999999991e+12 5.599999999999991e+12 5.599999999999991e+12 5.599999999999991e+12 5.599999999999991e+12 5.599999999999991e+12 5.599999999999991e+12 5.599999999999991e+12 5.599999999999991e+12 5.599999999999991e+12
 5.599999999999991e+12 5.599999999999991e+12 5.599999999999991e+12 5.599999999999991e+12 5.599999999999991e+12 5.599999999999991e+12 5.599999999999991e+12 5.599999999999991e+12 5.599999999999991e+12 5.599999999999991e+12
 5.599999999999991e+12 5.599999999999991e+12 5.599999999999991e+12 5.599999999999991e+12 5.599999999999991e+12 5.599999999999991e+12 5.599999999999991e+12 5.599999999999991e+12 5.599999999999991e+12 5.599999999999991e+12
 5.599999999999991e+12 5.599999999999991e+12 5.599999999999991e+12 5.599999999999991e+12 5.599999999999991e+12 5.599999999999991e+12 5.599999999999991e+12 5.599999999999991e+12 5.599999999999991e+12 5.599999999999991e+12
 5.599999999999991e+12 5.599999999999991e+12 5.599999999999991e+12 5.599999999999991e+12 5.599999999999991e+12 5.599999999999991e+12 5.599999999999991e+12 5.599999999999991e+12 5.599999999999991e+12 5.599999999999991e+12
 5.599999999999991e+12 5.599999999999991e+12 5.599999999999991e+12 5.599999999999991e+12 5.599999999999991e+12 5.599999999999991e+12 5.599999999999991e+12 5.599999999999991e+12 5.599999999999991e+12 5.599999999999991e+12
 5.599999999999991e+12 5.599999999999991e+12 5.599999999999991e+12 5.599999999999991e+12 5.599999999999991e+12 5.599999999999991e+12 5.599999999999991e+12 5.599999999999991e+12 5.599999999999991e+12 5.599999999999991e+12
 5.599999999999991e+12 5.599999999999991e+12 5.599999999999991e+12 5.599999999999991e+12 5.599999999999991e+12 5.599999999999991e+12 5.599999999999991e+12 5.599999999999991e+12 5.599999999999991e+12 5.599999999999991e+12
 5.599999999999991e+12 5.599999999999991e+12 5.599999999999991e+12 5.599999999999991e+12 5.599999999999991e+12 5.599999999999991e+12 5.599999999999991e+12 5.599999999999991e+12 5.599999999999991e+12 5.599999999999991e+12
 5.599999999999991e+12 5.599999999999991e+12 5.599999999999991e+12 5.599999999999991e+12 5.599999999999991e+12 5.599999999999991e+12 5.599999999999991e+12 5.599999999999991e+12 5.599999999999991e+12 5.599999999999991e+12
 5.599999999999991e+12 5.599999999999991e+12 5.599999999999991e+12 5.599999999999991e+12 5.599999999999991e+12 5.599999999999991e+12 5.599999999999991e+12 5.599999999999991e+12 5.599999999999991e+12 5.599999999999991e+12
 5.599999999999991e+12 5.599999999999991e+12 5.599999999999991e+12 5.599999999999991e+12 5.599999999999991e+12 5.599999999999991e+12 5.599999999999991e+12 5.599999999999991e+12 5.599999999999991e+12 5.599999999999991e+12
 5.599999999999991e+12 5.599999999999991e+12 5.599999999999991e+12 5.599999999999991e+12 5.599999999999991e+12 5.599999999999991e+12 5.599999999999991e+12 5.599999999999991e+12 5.599999999999991e+12 5.599999999999991e+12
 5.599999999999991e+12 5.599999999999991e+12 5.599999999999991e+12 5.599999999999991e+12 5.599999999999991e+12 5.599999999999991e+12 5.599999999999991e+12 5.599999999999991e+12 5.599999999999991e+12 5.599999999999991e+12
 5.599999999999991e+12 5.599999999999991e+12 5.599999999999991e+12 5.599999999999991e+12 5.599999999999991e+12 5.599999999999991e+12 5.599999999999991e+12 5.599999999999991e+12 5.599999999999991e+12 5.599999999999991e+12
 5.599999999999991e+12 5.599999999999991e+12 5.599999999999991e+12 5.599999999999991e+12 5.599999999999991e+12 5.599999999999991e+12 5.599999999999991e+12 5.599999999999991e+12 5.599999999999991e+12 5.599999999999991e+12
 5.599999999999991e+12 5.599999999999991e+12 5.599999999999991e+12 5.599999999999991e+12 5.599999999999991e+12 5.599999999999991e+12 5.599999999999991e+12 5.599999999999991e+12 5.599999999999991e+12 5.599999999999991e+12
 5.599999999999991e+12 5.599999999999991e+12 5.599999999999991e+12 5.599999999999991e+12 5.599999999999991e+12 5.599999999999991e+12 5.599999999999991e+12 5.599999999999991e+12 5.599999999999991e+12 5.599999999999991e+12
 5.599999999999991e+12 5.599999999999991e+12 5.599999999999991e+12 5.599999999999991e+12 5.599999999999991e+12 5.599999999999991e+12 5.599999999999991e+12 5.599999999999991e+12 5.599999999999991e+12 5.599999999999991e+12
 5.599999999999991e+12 5.599999999999991e+12 5.599999999999991e+12 5.599999999999991e+12 5.599999999999991e+12 5.599999999999991e+12 5.599999999999991e+12 5.599999999999991e+12 5.599999999999991e+12 5.599999999999991e+12
 5.599999999999991e+12 5.599999999999991e+12 5.599999999999991e+12 5.599999999999991e+12 5.599999999999991e+12 5.599999999999991e+12 5.599999999999991e+12 5.599999999999991e+12 5.599999999999991e+12 5.599999999999991e+12
 5.599999999999991e+12 5.599999999999991e+12 5.599999999999991e+12 5.599999999999991e+12 5.599999999999991e+12 5.599999999999991e+12 5.599999999999991e+12 5.599999999999991e+12 5.599999999999991e+12 5.599999999999991e+12
 5.599999999999991e+12 5.599999999999991e+12 5.599999999999991e+12 5.599999999999991e+12 5.599999999999991e+12 5.599999999999991e+12 5.599999999999991e+12 5.599999999999991e+12 5.599999999999991e+12 5.599999999999991e+12
 5.599999999999991e+12 5.599999999999991e+12 5.599999999999991e+12 5.599999999999991e+12 5.599999999999991e+12 5.599999999999991e+12 5.599999999999991e+12 5.599999999999991e+12 5.599999999999991e+12 5.599999999999991e+12
 5.599999999999991e+12 5.599999999999991e+12 5.599999999999991e+12 5.599999999999991e+12 5.599999999999991e+12 5.599999999999991e+12 5.599999999999991e+12 5.599999999999991e+12 5.599999999999991e+12 5.599999999999991e+12
 5.599999999999991e+12 5.599999999999991e+12 5.599999999999991e+12 5.599999999999991e+12 5.599999999999991e+12 5.599999999999991e+12 5.599999999999991e+12 5.599999999999991e+12 5.599999999999991e+12 5.599999999999991e+12
 5.599999999999991e+12 5.599999999999991e+12 5.599999999999991e+12 5.599999999999991e+12 5.599999999999991e+12 5.599999999999991e+12 5.599999999999991e+12 5.599999999999991e+12 5.599999999999991e+12 5.599999999999991e+12
 5.599999999999991e+12 5.599999999999991e+12 5.599999999999991e+12 5.599999999999991e+12 5.599999999999991e+12 5.599999999999991e+12 5.599999999999991e+12 5.599999999999991e+12 5.599999999999991e+12 5.599999999999991e+12
 5.599999999999991e+12 5.599999999999991e+12 5.599999999999991e+12 5.599999999999991e+12 5.599999999999991e+12 5.599999999999991e+12 5.599999999999991e+12 5.599999999999991e+12 5.599999999999991e+12 5.599999999999991e+12
 5.599999999999991e+12 5.599999999999991e+12 5.599999999999991e+12 5.599999999999991e+12 5.599999999999991e+12 5.599999999999991e+12 5.599999999999991e+12 5.599999999999991e+12 5.599999999999991e+12 5.599999999999991e+12
 5.599999999999991e+12 5.599999999999991e+12 5.599999999999991e+12 5.599999999999991e+12 5.599999999999991e+12 5.599999999999991e+12 5.599999999999991e+12 5.599999999999991e+12 5.599999999999991e+12 5.599999999999991e+12
 5.599999999999991e+12 5.599999999999991e+12 5.599999999999991e+12 5.599999999999991e+12 5.599999999999991e+12 5.599999999999991e+12 5.599999999999991e+12 5.599999999999991e+12 5.599999999999991e+12 5.599999999999991e+12
 5.599999999999991e+12 5.599999999999991e+12 5.599999999999991e+12 5.599999999999991e+12 5.599999999999991e+12 5.599999999999991e+12 5.599999999999991e+12 5.599999999999991e+12 5.599999999999991e+12 5.599999999999991e+12
 5.599999999999991e+12 5.599999999999991e+12 5.599999999999991e+12 5.599999999999991e+12 5.599999999999991e+12 5.599999999999991e+12 5.599999999999991e+12 5.599999999999991e+12 5.599999999999991e+12 5.599999999999991e+12
 5.599999999999991e+12 5.599999999999991e+12 5.599999999999991e+12 5.599999999999991e+12 5.599999999999991e+12 5.599999999999991e+12 5.599999999999991e+12 5.599999999999991e+12 5.599999999999991e+12 5.599999999999991e+12
 5.599999999999991e+12 5.599999999999991e+12 5.599999999999991e+12 5.599999999999991e+12 5.599999999999991e+12 5.599999999999991e+12 5.599999999999991e+12 5.599999999999991e+12 5.599999999999991e+12 5.599999999999991e+12
 5.599999999999991e+12 5.599999999999991e+12 5.599999999999991e+12 5.599999999999991e+12 5.599999999999991e+12 5.599999999999991e+12 5.599999999999991e+12 5.599999999999991e+12 5.599999999999991e+12 5.599999999999991e+12
 5.599999999999991e+12 5.599999999999991e+12 5.599999999999991e+12 5.599999999999991e+12 5.599999999999991e+12 5.599999999999991e+12 5.599999999999991e+12 5.599999999999991e+12 5.599999999999991e+12 5.599999999999991e+12
 5.599999999999991e+12 5.599999999999991e+12 5.599999999999991e+12 5.599999999999991e+12 5.599999999999991e+12 5.599999999999991e+12 5.599999999999991e+12 5.599999999999991e+12 5.599999999999991e+12 5.599999999999991e+12
 5.599999999999991e+12 5.599999999999991e+12 5.599999999999991e+12 5.599999999999991e+12 5.599999999999991e+12 5.599999999999991e+12 5.599999999999991e+12 5.599999999999991e+12 5.599999999999991e+12 5.599999999999991e+12
 5.599999999999991e+12 5.599999999999991e+12 5.599999999999991e+12 5.599999999999991e+12 5.599999999999991e+12 5.599999999999991e+12 5.599999999999991e+12 5.599999999999991e+12 5.599999999999991e+12 5.599999999999991e+12
 5.599999999999991e+12 5.599999999999991e+12 5.599999999999991e+12 5.599999999999991e+12 5.599999999999991e+12 5.599999999999991e+12 5.599999999999991e+12 5.599999999999991e+12 5.599999999999991e+12 5.599999999999991e+12
 5.599999999999991e+12 5.599999999999991e+12 5.599999999999991e+12 5.599999999999991e+12 5.599999999999991e+12 5.599999999999991e+12 5.599999999999991e+12 5.599999999999991e+12 5.599999999999991e+12 5.599999999999991e+12
 5.599999999999991e+12 5.599999999999991e+12 5.599999999999991e+12 5.599999999999991e+12 5.599999999999991e+12 5.599999999999991e+12 5.599999999999991e+12 5.599999999999991e+12 5.599999999999991e+12 5.599999999999991e+12
 5.599999999999991e+12 5.599999999999991e+12 5.599999999999991e+12 5.599999999999991e+12 5.599999999999991e+12 5.599999999999991e+12 5.599999999999991e+12 5.599999999999991e+12 5.599999999999991e+12 5.599999999999991e+12
 5.599999999999991e+12 5.599999999999991e+12 5.599999999999991e+12 5.599999999999991e+12 5.599999999999991e+12 5.599999999999991e+12 5.599999999999991e+12 5.599999999999991e+12 5.599999999999991e+12 5.599999999999991e+12
 5.599999999999991e+12 5.599999999999991e+12 5.599999999999991e+12 5.599999999999991e+12 5.599999999999991e+12 5.599999999999991e+12 5.599999999999991e+12 5.599999999999991e+12 5.599999999999991e+12 5.599999999999991e+12
 5.599999999999991e+12 5.599999999999991e+12 5.599999999999991e+12 5.599999999999991e+12 5.599999999999991e+12 5.599999999999991e+12 5.599999999999991e+12 5.599999999999991e+12 5.599999999999991e+12 5.599999999999991e+12
 5.599999999999991e+12 5.599999999999991e+12 5.599999999999991e+12 5.599999999999991e+12 5.599999999999991e+12 5.599999999999991e+12 5.599999999999991e+12 5.599999999999991e+12 5.599999999999991e+12 5.599999999999991e+12
 5.599999999999991e+12 5.599999999999991e+12 5.599999999999991e+12 5.599999999999991e+12 5.599999999999991e+12 5.599999999999991e+12 5.599999999999991e+12 5.599999999999991e+12 5.599999999999991e+12 5.599999999999991e+12
 5.599999999999991e+12 5.599999999999991e+12 5.599999999999991e+12 5.599999999999991e+12 5.599999999999991e+12 5.599999999999991e+12 5.599999999999991e+12 5.599999999999991e+12 5.599999999999991e+12 5.599999999999991e+12
 5.599999999999991e+12 5.599999999999991e+12 5.599999999999991e+12 5.599999999999991e+12 5.599999999999991e+12 5.599999999999991e+12 5.599999999999991e+12 5.599999999999991e+12 5.599999999999991e+12 5.599999999999991e+12
 5.599999999999991e+12 5.599999999999991e+12 5.599999999999991e+12 5.599999999999991e+12 5.599999999999991e+12 5.599999999999991e+12 5.599999999999991e+12 5.599999999999991e+12 5.599999999999991e+12 5.599999999999991e+12
 5.599999999999991e+12 5.599999999999991e+12 5.599999999999991e+12 5.599999999999991e+12 5.599999999999991e+12 5.599999999999991e+12 5.599999999999991e+12 5.599999999999991e+12 5.599999999999991e+12 5.599999999999991e+12
 5.599999999999991e+12 5.599999999999991e+12 5.599999999999991e+12 5.599999999999991e+12 5.599999999999991e+12 5.599999999999991e+12 5.599999999999991e+12 5.599999999999991e+12 5.599999999999991e+12 5.599999999999991e+12
 5.599999999999991e+12 5.599999999999991e+12 5.599999999999991e+12 5.599999999999991e+12 5.599999999999991e+12 5.599999999999991e+12 5.599999999999991e+12 5.599999999999991e+12 5.599999999999991e+12 5.599999999999991e+12
 5.599999999999991e+12 5.599999999999991e+12 5.599999999999991e+12 5.599999999999991e+12 5.599999999999991e+12 5.599999999999991e+12 5.599999999999991e+12 5.599999999999991e+12 5.599999999999991e+12 5.599999999999991e+12
 5.599999999999991e+12 5.599999999999991e+12 5.599999999999991e+12 5.599999999999991e+12 5.599999999999991e+12 5.599999999999991e+12 5.599999999999991e+12 5.599999999999991e+12 5.599999999999991e+12 5.599999999999991e+12
 5.599999999999991e+12 5.599999999999991e+12 5.599999999999991e+12 5.599999999999991e+12 5.599999999999991e+12 5.599999999999991e+12 5.599999999999991e+12 5.599999999999991e+12 5.599999999999991e+12 5.599999999999991e+12
 5.599999999999991e+12 5.599999999999991e+12 5.599999999999991e+12 5.599999999999991e+12 5.599999999999991e+12 5.599999999999991e+12 5.599999999999991e+12 5.599999999999991e+12 5.599999999999991e+12 5.599999999999991e+12
 5.599999999999991e+12 5.599999999999991e+12 5.599999999999991e+12 5.599999999999991e+12 5.599999999999991e+12 5.599999999999991e+12 5.599999999999991e+12 5.599999999999991e+12 5.599999999999991e+12 5.599999999999991e+12
 5.599999999999991e+12 5.599999999999991e+12 5.599999999999991e+12 5.599999999999991e+12 5.599999999999991e+12 5.599999999999991e+12 5.599999999999991e+12 5.599999999999991e+12 5.599999999999991e+12 5.599999999999991e+12
 5.599999999999991e+12 5.599999999999991e+12 5.599999999999991e+12 5.599999999999991e+12 5.599999999999991e+12 5.599999999999991e+12 5.599999999999991e+12 5.599999999999991e+12 5.599999999999991e+12 5.599999999999991e+12
 5.599999999999991e+12 5.599999999999991e+12 5.599999999999991e+12 5.599999999999991e+12 5.599999999999991e+12 5.599999999999991e+12 5.599999999999991e+12 5.599999999999991e+12 5.599999999999991e+12 5.599999999999991e+12
 5.599999999999991e+12 5.599999999999991e+12 5.599999999999991e+12 5.599999999999991e+12 5.599999999999991e+12 5.599999999999991e+12 5.599999999999991e+12 5.599999999999991e+12 5.599999999999991e+12 5.599999999999991e+12
 5.599999999999991e+12 5.599999999999991e+12 5.599999999999991e+12 5.599999999999991e+12 5.599999999999991e+12 5.599999999999991e+12 5.599999999999991e+12 5.599999999999991e+12 5.599999999999991e+12 5.599999999999991e+12
 5.599999999999991e+12 5.599999999999991e+12 5.599999999999991e+12 5.599999999999991e+12 5.599999999999991e+12 5.599999999999991e+12 5.599999999999991e+12 5.599999999999991e+12 5.599999999999991e+12 5.599999999999991e+12
 5.599999999999991e+12 5.599999999999991e+12 5.599999999999991e+12 5.599999999999991e+12 5.599999999999991e+12 5.599999999999991e+12 5.599999999999991e+12 5.599999999999991e+12 5.599999999999991e+12 5.599999999999991e+12
 5.599999999999991e+12 5.599999999999991e+12 5.599999999999991e+12 5.599999999999991e+12 5.599999999999991e+12 5.599999999999991e+12 5.599999999999991e+12 5.599999999999991e+12 5.599999999999991e+12 5.599999999999991e+12
 5.599999999999991e+12 5.599999999999991e+12 5.599999999999991e+12 5.599999999999991e+12 5.599999999999991e+12 5.599999999999991e+12 5.599999999999991e+12 5.599999999999991e+12 5.599999999999991e+12 5.599999999999991e+12
 5.599999999999991e+12 5.599999999999991e+12 5.599999999999991e+12 5.599999999999991e+12 5.599999999999991e+12 5.599999999999991e+12 5.599999999999991e+12 5.599999999999991e+12 5.599999999999991e+12 5.599999999999991e+12
 5.599999999999991e+12 5.599999999999991e+12 5.599999999999991e+12 5.599999999999991e+12 5.599999999999991e+12 5.599999999999991e+12 5.599999999999991e+12 5.599999999999991e+12 5.599999999999991e+12 5.599999999999991e+12
 5.599999999999991e+12 5.599999999999991e+12 5.599999999999991e+12 5.599999999999991e+12 5.599999999999991e+12 5.599999999999991e+12 5.599999999999991e+12 5.599999999999991e+12 5.599999999999991e+12 5.599999999999991e+12
 5.599999999999991e+12 5.599999999999991e+12 5.599999999999991e+12 5.599999999999991e+12 5.599999999999991e+12 5.599999999999991e+12 5.599999999999991e+12 5.599999999999991e+12 5.599999999999991e+12 5.599999999999991e+12
 5.599999999999991e+12 5.599999999999991e+12 5.599999999999991e+12 5.599999999999991e+12 5.599999999999991e+12 5.599999999999991e+12 5.599999999999991e+12 5.599999999999991e+12 5.599999999999991e+12 5.599999999999991e+12
 5.599999999999991e+12 5.599999999999991e+12 5.599999999999991e+12 5.599999999999991e+12 5.599999999999991e+12 5.599999999999991e+12 5.599999999999991e+12 5.599999999999991e+12 5.599999999999991e+12 5.599999999999991e+12
 5.599999999999991e+12 5.599999999999991e+12 5.599999999999991e+12 5.599999999999991e+12 5.599999999999991e+12 5.599999999999991e+12 5.599999999999991e+12 5.599999999999991e+12 5.599999999999991e+12 5.599999999999991e+12
 5.599999999999991e+12 5.599999999999991e+12 5.599999999999991e+12 5.599999999999991e+12 5.599999999999991e+12 5.599999999999991e+12 5.599999999999991e+12 5.599999999999991e+12 5.599999999999991e+12 5.599999999999991e+12
 5.599999999999991e+12 5.599999999999991e+12 5.599999999999991e+12 5.599999999999991e+12 5.599999999999991e+12 5.599999999999991e+12 5.599999999999991e+12 5.599999999999991e+12 5.599999999999991e+12 5.599999999999991e+12
 5.599999999999991e+12 5.599999999999991e+12 5.599999999999991e+12 5.599999999999991e+12 5.599999999999991e+12 5.599999999999991e+12 5.599999999999991e+12 5.599999999999991e+12 5.599999999999991e+12 5.599999999999991e+12
 5.599999999999991e+12 5.599999999999991e+12 5.599999999999991e+12 5.599999999999991e+12 5.599999999999991e+12 5.599999999999991e+12 5.599999999999991e+12 5.599999999999991e+12 5.599999999999991e+12 5.599999999999991e+12
 5.599999999999991e+12 5.599999999999991e+12 5.599999999999991e+12 5.599999999999991e+12 5.599999999999991e+12 5.599999999999991e+12 5.599999999999991e+12 5.599999999999991e+12 5.599999999999991e+12 5.599999999999991e+12
 5.599999999999991e+12 5.599999999999991e+12 5.599999999999991e+12 5.599999999999991e+12 5.599999999999991e+12 5.599999999999991e+12 5.599999999999991e+12 5.599999999999991e+12 5.599999999999991e+12 5.599999999999991e+12
 5.599999999999991e+12 5.599999999999991e+12 5.599999999999991e+12 5.599999999999991e+12 5.599999999999991e+12 5.599999999999991e+12 5.599999999999991e+12 5.599999999999991e+12 5.599999999999991e+12 5.599999999999991e+12
 5.599999999999991e+12 5.599999999999991e+12 5.599999999999991e+12 5.599999999999991e+12 5.599999999999991e+12 5.599999999999991e+12 5.599999999999991e+12 5.599999999999991e+12 5.599999999999991e+12 5.599999999999991e+12
 5.599999999999991e+12 5.599999999999991e+12 5.599999999999991e+12 5.599999999999991e+12 5.599999999999991e+12 5.599999999999991e+12 5.599999999999991e+12 5.599999999999991e+12 5.599999999999991e+12 5.599999999999991e+12
 5.599999999999991e+12 5.599999999999991e+12 5.599999999999991e+12 5.599999999999991e+12 5.599999999999991e+12 5.599999999999991e+12 5.599999999999991e+12 5.599999999999991e+12 5.599999999999991e+12 5.599999999999991e+12
 5.599999999999991e+12 5.599999999999991e+12 5.599999999999991e+12 5.599999999999991e+12 5.599999999999991e+12 5.599999999999991e+12 5.599999999999991e+12 5.599999999999991e+12 5.599999999999991e+12 5.599999999999991e+12
 5.599999999999991e+12 5.599999999999991e+12 5.599999999999991e+12 5.599999999999991e+12 5.599999999999991e+12 5.599999999999991e+12 5.599999999999991e+12 5.599999999999991e+12 5.599999999999991e+12 5.599999999999991e+12
 5.599999999999991e+12 5.599999999999991e+12 5.599999999999991e+12 5.599999999999991e+12 5.599999999999991e+12 5.599999999999991e+12 5.599999999999991e+12 5.599999999999991e+12 5.599999999999991e+12 5.599999999999991e+12
 5.599999999999991e+12 5.599999999999991e+12 5.599999999999991e+12 5.599999999999991e+12 5.599999999999991e+12 5.599999999999991e+12 5.599999999999991e+12 5.599999999999991e+12 5.599999999999991e+12 5.599999999999991e+12
 5.599999999999991e+12 5.599999999999991e+12 5.599999999999991e+12 5.599999999999991e+12 5.599999999999991e+12 5.599999999999991e+12 5.599999999999991e+12 5.599999999999991e+12 5.599999999999991e+12 5.599999999999991e+12
 5.599999999999991e+12 5.599999999999991e+12 5.599999999999991e+12 5.599999999999991e+12 5.599999999999991e+12 5.599999999999991e+12 5.599999999999991e+12 5.599999999999991e+12 5.599999999999991e+12 5.599999999999991e+12
 5.599999999999991e+12 5.599999999999991e+12 5.599999999999991e+12 5.599999999999991e+12 5.599999999999991e+12 5.599999999999991e+12 5.599999999999991e+12 5.599999999999991e+12 5.599999999999991e+12 5.599999999999991e+12
 5.599999999999991e+12 5.599999999999991e+12 5.599999999999991e+12 5.599999999999991e+12 5.599999999999991e+12 5.599999999999991e+12 5.599999999999991e+12 5.599999999999991e+12 5.599999999999991e+12 5.599999999999991e+12
 5.599999999999991e+12 5.599999999999991e+12 5.599999999999991e+12 5.599999999999991e+12 5.599999999999991e+12 5.599999999999991e+12 5.599999999999991e+12 5.599999999999991e+12 5.599999999999991e+12 5.599999999999991e+12
 5.599999999999991e+12 5.599999999999991e+12 5.599999999999991e+12 5.599999999999991e+12 5.599999999999991e+12 5.599999999999991e+12 5.599999999999991e+12 5.599999999999991e+12 5.599999999999991e+12 5.599999999999991e+12
 5.599999999999991e+12 5.599999999999991e+12 5.599999999999991e+12 5.599999999999991e+12 5.599999999999991e+12 5.599999999999991e+12 5.599999999999991e+12 5.599999999999991e+12 5.599999999999991e+12 5.599999999999991e+12
 5.599999999999991e+12 5.599999999999991e+12 5.599999999999991e+12 5.599999999999991e+12 5.599999999999991e+12 5.599999999999991e+12 5.599999999999991e+12 5.599999999999991e+12 5.599999999999991e+12 5.599999999999991e+12
 5.599999999999991e+12 5.599999999999991e+12 5.599999999999991e+12 5.599999999999991e+12 5.599999999999991e+12 5.599999999999991e+12 5.599999999999991e+12 5.599999999999991e+12 5.599999999999991e+12 5.599999999999991e+12
 5.599999999999991e+12 5.599999999999991e+12 5.599999999999991e+12 5.599999999999991e+12 5.599999999999991e+12 5.599999999999991e+12 5.599999999999991e+12 5.599999999999991e+12 5.599999999999991e+12 5.599999999999991e+12
 5.599999999999991e+12 5.599999999999991e+12 5.599999999999991e+12 5.599999999999991e+12 5.599999999999991e+12 5.599999999999991e+12 5.599999999999991e+12 5.599999999999991e+12 5.599999999999991e+12 5.599999999999991e+12
 5.599999999999991e+12 5.599999999999991e+12 5.599999999999991e+12 5.599999999999991e+12 5.599999999999991e+12 5.599999999999991e+12 5.599999999999991e+12 5.599999999999991e+12 5.599999999999991e+12 5.599999999999991e+12
 5.599999999999991e+12 5.599999999999991e+12 5.599999999999991e+12 5.599999999999991e+12 5.599999999999991e+12 5.599999999999991e+12 5.599999999999991e+12 5.599999999999991e+12 5.599999999999991e+12 5.599999999999991e+12
 5.599999999999991e+12 5.599999999999991e+12 5.599999999999991e+12 5.599999999999991e+12 5.599999999999991e+12 5.599999999999991e+12 5.599999999999991e+12 5.599999999999991e+12 5.599999999999991e+12 5.599999999999991e+12
 5.599999999999991e+12 5.599999999999991e+12 5.599999999999991e+12 5.599999999999991e+12 5.599999999999991e+12 5.599999999999991e+12 5.599999999999991e+12 5.599999999999991e+12 5.599999999999991e+12 5.599999999999991e+12
 5.599999999999991e+12 5.599999999999991e+12 5.599999999999991e+12 5.599999999999991e+12 5.599999999999991e+12 5.599999999999991e+12 5.599999999999991e+12 5.599999999999991e+12 5.599999999999991e+12 5.599999999999991e+12
 5.599999999999991e+12 5.599999999999991e+12 5.599999999999991e+12 5.599999999999991e+12 5.599999999999991e+12 5.599999999999991e+12 5.599999999999991e+12 5.599999999999991e+12 5.599999999999991e+12 5.599999999999991e+12
 5.599999999999991e+12 5.599999999999991e+12 5.599999999999991e+12 5.599999999999991e+12 5.599999999999991e+12 5.599999999999991e+12 5.599999999999991e+12 5.599999999999991e+12 5.599999999999991e+12 5.599999999999991e+12
 5.599999999999991e+12 5.599999999999991e+12 5.599999999999991e+12 5.599999999999991e+12 5.599999999999991e+12 5.599999999999991e+12 5.599999999999991e+12 5.599999999999991e+12 5.599999999999991e+12 5.599999999999991e+12
 5.599999999999991e+12 5.599999999999991e+12 5.599999999999991e+12 5.599999999999991e+12 5.599999999999991e+12 5.599999999999991e+12 5.599999999999991e+12 5.599999999999991e+12 5.599999999999991e+12 5.599999999999991e+12
 5.599999999999991e+12 5.599999999999991e+12 5.599999999999991e+12 5.599999999999991e+12 5.599999999999991e+12 5.599999999999991e+12 5.599999999999991e+12 5.599999999999991e+12 5.599999999999991e+12 5.599999999999991e+12
 5.599999999999991e+12 5.599999999999991e+12 5.599999999999991e+12 5.599999999999991e+12 5.599999999999991e+12 5.599999999999991e+12 5.599999999999991e+12 5.599999999999991e+12 5.599999999999991e+12 5.599999999999991e+12
 5.599999999999991e+12 5.599999999999991e+12 5.599999999999991e+12 5.599999999999991e+12 5.599999999999991e+12 5.599999999999991e+12 5.599999999999991e+12 5.599999999999991e+12 5.599999999999991e+12 5.599999999999991e+12
 5.599999999999991e+12 5.599999999999991e+12 5.599999999999991e+12 5.599999999999991e+12 5.599999999999991e+12 5.599999999999991e+12 5.599999999999991e+12 5.599999999999991e+12 5.599999999999991e+12 5.599999999999991e+12
 5.599999999999991e+12 5.599999999999991e+12 5.599999999999991e+12 5.599999999999991e+12 5.599999999999991e+12 5.599999999999991e+12 5.599999999999991e+12 5.599999999999991e+12 5.599999999999991e+12 5.599999999999991e+12
 5.599999999999991e+12 5.599999999999991e+12 5.599999999999991e+12 5.599999999999991e+12 5.599999999999991e+12 5.599999999999991e+12 5.599999999999991e+12 5.599999999999991e+12 5.599999999999991e+12 5.599999999999991e+12
 5.599999999999991e+12 5.599999999999991e+12 5.599999999999991e+12 5.599999999999991e+12 5.599999999999991e+12 5.599999999999991e+12 5.599999999999991e+12 5.599999999999991e+12 5.599999999999991e+12 5.599999999999991e+12
 5.599999999999991e+12 5.599999999999991e+12 5.599999999999991e+12 5.599999999999991e+12 5.599999999999991e+12 5.599999999999991e+12 5.599999999999991e+12 5.599999999999991e+12 5.599999999999991e+12 5.599999999999991e+12
 5.599999999999991e+12 5.599999999999991e+12 5.599999999999991e+12 5.599999999999991e+12 5.599999999999991e+12 5.599999999999991e+12 5.599999999999991e+12 5.599999999999991e+12 5.599999999999991e+12 5.599999999999991e+12
 5.599999999999991e+12 5.599999999999991e+12 5.599999999999991e+12 5.599999999999991e+12 5.599999999999991e+12 5.599999999999991e+12 5.599999999999991e+12 5.599999999999991e+12 5.599999999999991e+12 5.599999999999991e+12
 5.599999999999991e+12 5.599999999999991e+12 5.599999999999991e+12 5.599999999999991e+12 5.599999999999991e+12 5.599999999999991e+12 5.599999999999991e+12 5.599999999999991e+12 5.599999999999991e+12 5.599999999999991e+12
 5.599999999999991e+12 5.599999999999991e+12 5.599999999999991e+12 5.599999999999991e+12 5.599999999999991e+12 5.599999999999991e+12 5.599999999999991e+12 5.599999999999991e+12 5.599999999999991e+12 5.599999999999991e+12
 5.599999999999991e+12 5.599999999999991e+12 5.599999999999991e+12 5.599999999999991e+12 5.599999999999991e+12 5.599999999999991e+12 5.599999999999991e+12 5.599999999999991e+12 5.599999999999991e+12 5.599999999999991e+12
 5.599999999999991e+12 5.599999999999991e+12 5.599999999999991e+12 5.599999999999991e+12 5.599999999999991e+12 5.599999999999991e+12 5.599999999999991e+12 5.599999999999991e+12 5.599999999999991e+12 5.599999999999991e+12
 5.599999999999991e+12 5.599999999999991e+12 5.599999999999991e+12 5.599999999999991e+12 5.599999999999991e+12 5.599999999999991e+12 5.599999999999991e+12 5.599999999999991e+12 5.599999999999991e+12 5.599999999999991e+12
 5.599999999999991e+12 5.599999999999991e+12 5.599999999999991e+12 5.599999999999991e+12 5.599999999999991e+12 5.599999999999991e+12 5.599999999999991e+12 5.599999999999991e+12 5.599999999999991e+12 5.599999999999991e+12
 5.599999999999991e+12 5.599999999999991e+12 5.599999999999991e+12 5.599999999999991e+12 5.599999999999991e+12 5.599999999999991e+12 5.599999999999991e+12 5.599999999999991e+12 5.599999999999991e+12 5.599999999999991e+12
 5.599999999999991e+12 5.599999999999991e+12 5.599999999999991e+12 5.599999999999991e+12 5.599999999999991e+12 5.599999999999991e+12 5.599999999999991e+12 5.599999999999991e+12 5.599999999999991e+12 5.599999999999991e+12
 5.599999999999991e+12 5.599999999999991e+12 5.599999999999991e+12 5.599999999999991e+12 5.599999999999991e+12 5.599999999999991e+12 5.599999999999991e+12 5.599999999999991e+12 5.599999999999991e+12 5.599999999999991e+12
 5.599999999999991e+12 5.599999999999991e+12 5.599999999999991e+12 5.599999999999991e+12 5.599999999999991e+12 5.599999999999991e+12 5.599999999999991e+12 5.599999999999991e+12 5.599999999999991e+12 5.599999999999991e+12
 5.599999999999991e+12 5.599999999999991e+12 5.599999999999991e+12 5.599999999999991e+12 5.599999999999991e+12 5.599999999999991e+12 5.599999999999991e+12 5.599999999999991e+12 5.599999999999991e+12 5.599999999999991e+12
 5.599999999999991e+12 5.599999999999991e+12 5.599999999999991e+12 5.599999999999991e+12 5.599999999999991e+12 5.599999999999991e+12 5.599999999999991e+12 5.599999999999991e+12 5.599999999999991e+12 5.599999999999991e+12
 5.599999999999991e+12 5.599999999999991e+12 5.599999999999991e+12 5.599999999999991e+12 5.599999999999991e+12 5.599999999999991e+12 5.599999999999991e+12 5.599999999999991e+12 5.599999999999991e+12 5.599999999999991e+12
 5.599999999999991e+12 5.599999999999991e+12 5.599999999999991e+12 5.599999999999991e+12 5.599999999999991e+12 5.599999999999991e+12 5.599999999999991e+12 5.599999999999991e+12 5.599999999999991e+12 5.599999999999991e+12
 5.599999999999991e+12 5.599999999999991e+12 5.599999999999991e+12 5.599999999999991e+12 5.599999999999991e+12 5.599999999999991e+12 5.599999999999991e+12 5.599999999999991e+12 5.599999999999991e+12 5.599999999999991e+12
 5.599999999999991e+12 5.599999999999991e+12 5.599999999999991e+12 5.599999999999991e+12 5.599999999999991e+12 5.599999999999991e+12 5.599999999999991e+12 5.599999999999991e+12 5.599999999999991e+12 5.599999999999991e+12
 5.599999999999991e+12 5.599999999999991e+12 5.599999999999991e+12 5.599999999999991e+12 5.599999999999991e+12 5.599999999999991e+12 5.599999999999991e+12 5.599999999999991e+12 5.599999999999991e+12 5.599999999999991e+12
 5.599999999999991e+12 5.599999999999991e+12 5.599999999999991e+12 5.599999999999991e+12 5.599999999999991e+12 5.599999999999991e+12 5.599999999999991e+12 5.599999999999991e+12 5.599999999999991e+12 5.599999999999991e+12
 5.599999999999991e+12 5.599999999999991e+12 5.599999999999991e+12 5.599999999999991e+12 5.599999999999991e+12 5.599999999999991e+12 5.599999999999991e+12 5.599999999999991e+12 5.599999999999991e+12 5.599999999999991e+12
 5.599999999999991e+12 5.599999999999991e+12 5.599999999999991e+12 5.599999999999991e+12 5.599999999999991e+12 5.599999999999991e+12 5.599999999999991e+12 5.599999999999991e+12 5.599999999999991e+12 5.599999999999991e+12
 5.599999999999991e+12 5.599999999999991e+12 5.599999999999991e+12 5.599999999999991e+12 5.599999999999991e+12 5.599999999999991e+12 5.599999999999991e+12 5.599999999999991e+12 5.599999999999991e+12 5.599999999999991e+12
 5.599999999999991e+12 5.599999999999991e+12 5.599999999999991e+12 5.599999999999991e+12 5.599999999999991e+12 5.599999999999991e+12 5.599999999999991e+12 5.599999999999991e+12 5.599999999999991e+12 5.599999999999991e+12
 5.599999999999991e+12 5.599999999999991e+12 5.599999999999991e+12 5.599999999999991e+12 5.599999999999991e+12 5.599999999999991e+12 5.599999999999991e+12 5.599999999999991e+12 5.599999999999991e+12 5.599999999999991e+12
 5.599999999999991e+12 5.599999999999991e+12 5.599999999999991e+12 5.599999999999991e+12 5.599999999999991e+12 5.599999999999991e+12 5.599999999999991e+12 5.599999999999991e+12 5.599999999999991e+12 5.599999999999991e+12
 5.599999999999991e+12 5.599999999999991e+12 5.599999999999991e+12 5.599999999999991e+12 5.599999999999991e+12 5.599999999999991e+12 5.599999999999991e+12 5.599999999999991e+12 5.599999999999991e+12 5.599999999999991e+12
 5.599999999999991e+12 5.599999999999991e+12 5.599999999999991e+12 5.599999999999991e+12 5.599999999999991e+12 5.599999999999991e+12 5.599999999999991e+12 5.599999999999991e+12 5.599999999999991e+12 5.599999999999991e+12
 5.599999999999991e+12 5.599999999999991e+12 5.599999999999991e+12 5.599999999999991e+12 5.599999999999991e+12 5.599999999999991e+12 5.599999999999991e+12 5.599999999999991e+12 5.599999999999991e+12 5.599999999999991e+12
 5.599999999999991e+12 5.599999999999991e+12 5.599999999999991e+12 5.599999999999991e+12 5.599999999999991e+12 5.599999999999991e+12 5.599999999999991e+12 5.599999999999991e+12 5.599999999999991e+12 5.599999999999991e+12
 5.599999999999991e+12 5.599999999999991e+12 5.599999999999991e+12 5.599999999999991e+12 5.599999999999991e+12 5.599999999999991e+12 5.599999999999991e+12 5.599999999999991e+12 5.599999999999991e+12 5.599999999999991e+12
 5.599999999999991e+12 5.599999999999991e+12 5.599999999999991e+12 5.599999999999991e+12 5.599999999999991e+12 5.599999999999991e+12 5.599999999999991e+12 5.599999999999991e+12 5.599999999999991e+12 5.599999999999991e+12
 5.599999999999991e+12 5.599999999999991e+12 5.599999999999991e+12 5.599999999999991e+12 5.599999999999991e+12 5.599999999999991e+12 5.599999999999991e+12 5.599999999999991e+12 5.599999999999991e+12 5.599999999999991e+12
 5.599999999999991e+12 5.599999999999991e+12 5.599999999999991e+12 5.599999999999991e+12 5.599999999999991e+12 5.599999999999991e+12 5.599999999999991e+12 5.599999999999991e+12 5.599999999999991e+12 5.599999999999991e+12
 5.599999999999991e+12 5.599999999999991e+12 5.599999999999991e+12 5.599999999999991e+12 5.599999999999991e+12 5.599999999999991e+12 5.599999999999991e+12 5.599999999999991e+12 5.599999999999991e+12 5.599999999999991e+12
 5.599999999999991e+12 5.599999999999991e+12 5.599999999999991e+12 5.599999999999991e+12 5.599999999999991e+12 5.599999999999991e+12 5.599999999999991e+12 5.599999999999991e+12 5.599999999999991e+12 5.599999999999991e+12
 5.599999999999991e+12 5.599999999999991e+12 5.599999999999991e+12 5.599999999999991e+12 5.599999999999991e+12 5.599999999999991e+12 5.599999999999991e+12 5.599999999999991e+12 5.599999999999991e+12 5.599999999999991e+12
 5.599999999999991e+12 5.599999999999991e+12 5.599999999999991e+12 5.599999999999991e+12 5.599999999999991e+12 5.599999999999991e+12 5.599999999999991e+12 5.599999999999991e+12 5.599999999999991e+12 5.599999999999991e+12
 5.599999999999991e+12 5.599999999999991e+12 5.599999999999991e+12 5.599999999999991e+12 5.599999999999991e+12 5.599999999999991e+12 5.599999999999991e+12 5.599999999999991e+12 5.599999999999991e+12 5.599999999999991e+12
 5.599999999999991e+12 5.599999999999991e+12 5.599999999999991e+12 5.599999999999991e+12 5.599999999999991e+12 5.599999999999991e+12 5.599999999999991e+12 5.599999999999991e+12 5.599999999999991e+12 5.599999999999991e+12
 5.599999999999991e+12 5.599999999999991e+12 5.599999999999991e+12 5.599999999999991e+12 5.599999999999991e+12 5.599999999999991e+12 5.599999999999991e+12 5.599999999999991e+12 5.599999999999991e+12 5.599999999999991e+12
 5.599999999999991e+12 5.599999999999991e+12 5.599999999999991e+12 5.599999999999991e+12 5.599999999999991e+12 5.599999999999991e+12 5.599999999999991e+12 5.599999999999991e+12 5.599999999999991e+12 5.599999999999991e+12
 5.599999999999991e+12 5.599999999999991e+12 5.599999999999991e+12 5.599999999999991e+12 5.599999999999991e+12 5.599999999999991e+12 5.599999999999991e+12 5.599999999999991e+12 5.599999999999991e+12 5.599999999999991e+12
 5.599999999999991e+12 5.599999999999991e+12 5.599999999999991e+12 5.599999999999991e+12 5.599999999999991e+12 5.599999999999991e+12 5.599999999999991e+12 5.599999999999991e+12 5.599999999999991e+12 5.599999999999991e+12
 5.599999999999991e+12 5.599999999999991e+12 5.599999999999991e+12 5.599999999999991e+12 5.599999999999991e+12 5.599999999999991e+12 5.599999999999991e+12 5.599999999999991e+12 5.599999999999991e+12 5.599999999999991e+12
 5.599999999999991e+12 5.599999999999991e+12 5.599999999999991e+12 5.599999999999991e+12 5.599999999999991e+12 5.599999999999991e+12 5.599999999999991e+12 5.599999999999991e+12 5.599999999999991e+12 5.599999999999991e+12
 5.599999999999991e+12 5.599999999999991e+12 5.599999999999991e+12 5.599999999999991e+12 5.599999999999991e+12 5.599999999999991e+12 5.599999999999991e+12 5.599999999999991e+12 5.599999999999991e+12 5.599999999999991e+12
 5.599999999999991e+12 5.599999999999991e+12 5.599999999999991e+12 5.599999999999991e+12 5.599999999999991e+12 5.599999999999991e+12 5.599999999999991e+12 5.599999999999991e+12 5.599999999999991e+12 5.599999999999991e+12
 5.599999999999991e+12 5.599999999999991e+12 5.599999999999991e+12 5.599999999999991e+12 5.599999999999991e+12 5.599999999999991e+12 5.599999999999991e+12 1.000000560000000e+19 5.599999999999991e+12 1.000000560000000e+19
 5.599999999999991e+12 1.000000560000000e+19 5.599999999999991e+12 1.000000560000000e+19 5.599999999999991e+12 5.599999999999991e+12 5.599999999999991e+12 5.599999999999991e+12 5.599999999999991e+12 5.599999999999991e+12
 5.599999999999991e+12 5.599999999999991e+12 5.599999999999991e+12 5.599999999999991e+12 5.599999999999991e+12 5.599999999999991e+12 5.599999999999991e+12 5.599999999999991e+12 5.599999999999991e+12 5.599999999999991e+12
 5.599999999999991e+12 1.000000560000000e+19 5.599999999999991e+12 1.000000560000000e+19 5.599999999999991e+12 1.000000560000000e+19 5.599999999999991e+12 1.000000560000000e+19 5.599999999999991e+12 5.599999999999991e+12
 5.599999999999991e+12 5.599999999999991e+12 5.599999999999991e+12 5.599999999999991e+12 5.599999999999991e+12 5.599999999999991e+12 5.599999999999991e+12 5.599999999999991e+12 5.599999999999991e+12 5.599999999999991e+12
 5.599999999999991e+12 5.599999999999991e+12 5.599999999999991e+12 5.599999999999991e+12 5.599999999999991e+12 1.000000560000000e+19 5.599999999999991e+12 1.000000560000000e+19 5.599999999999991e+12 1.000000560000000e+19
 5.599999999999991e+12 1.000000560000000e+19 5.599999999999991e+12 5.599999999999991e+12 5.599999999999991e+12 5.599999999999991e+12 5.599999999999991e+12 5.599999999999991e+12 5.599999999999991e+12 5.599999999999991e+12
 5.599999999999991e+12 5.599999999999991e+12 5.599999999999991e+12 5.599999999999991e+12 5.599999999999991e+12 5.599999999999991e+12 5.599999999999991e+12 5.599999999999991e+12 5.599999999999991e+12 1.000000560000000e+19
 5.599999999999991e+12 1.000000560000000e+19 5.599999999999991e+12 1.000000560000000e+19 5.599999999999991e+12 1.000000560000000e+19 5.599999999999991e+12 5.599999999999991e+12 5.599999999999991e+12 5.599999999999991e+12
 5.599999999999991e+12 5.599999999999991e+12 5.599999999999991e+12 5.599999999999991e+12 5.599999999999991e+12 5.599999999999991e+12 5.599999999999991e+12 5.599999999999991e+12 5.599999999999991e+12 5.599999999999991e+12
 5.599999999999991e+12 5.599999999999991e+12 5.599999999999991e+12 1.000000560000000e+19 5.599999999999991e+12 1.000000560000000e+19 5.599999999999991e+12 1.000000560000000e+19 5.599999999999991e+12 1.000000560000000e+19
 5.599999999999991e+12 5.599999999999991e+12 5.599999999999991e+12 5.599999999999991e+12 5.599999999999991e+12 5.599999999999991e+12 5.599999999999991e+12 5.599999999999991e+12 5.599999999999991e+12 5.599999999999991e+12
 5.599999999999991e+12 5.599999999999991e+12 5.599999999999991e+12 5.599999999999991e+12 5.599999999999991e+12 5.599999999999991e+12 5.599999999999991e+12 1.000000560000000e+19 5.599999999999991e+12 1.000000560000000e+19
 5.599999999999991e+12 1.000000560000000e+19 5.599999999999991e+12 1.000000560000000e+19 5.599999999999991e+12 5.599999999999991e+12 5.599999999999991e+12 5.599999999999991e+12 5.599999999999991e+12 5.599999999999991e+12
 5.599999999999991e+12 5.599999999999991e+12 5.599999999999991e+12 5.599999999999991e+12 5.599999999999991e+12 5.599999999999991e+12 5.599999999999991e+12 5.599999999999991e+12 5.599999999999991e+12 5.599999999999991e+12
 5.599999999999991e+12 1.000000560000000e+19 5.599999999999991e+12 1.000000560000000e+19 5.599999999999991e+12 1.000000560000000e+19 5.599999999999991e+12 1.000000560000000e+19 5.599999999999991e+12 5.599999999999991e+12
 5.599999999999991e+12 5.599999999999991e+12 5.599999999999991e+12 5.599999999999991e+12 5.599999999999991e+12 5.599999999999991e+12 5.599999999999991e+12 5.599999999999991e+12 5.599999999999991e+12 5.599999999999991e+12
 5.599999999999991e+12 5.599999999999991e+12 5.599999999999991e+12 5.599999999999991e+12 5.599999999999991e+12 1.000000560000000e+19 5.599999999999991e+12 1.000000560000000e+19 5.599999999999991e+12 1.000000560000000e+19
 5.599999999999991e+12 1.000000560000000e+19 5.599999999999991e+12 5.599999999999991e+12 5.599999999999991e+12 5.599999999999991e+12 5.599999999999991e+12 5.599999999999991e+12 5.599999999999991e+12 5.599999999999991e+12
 5.599999999999991e+12 5.599999999999991e+12 5.599999999999991e+12 5.599999999999991e+12 5.599999999999991e+12 5.599999999999991e+12 5.599999999999991e+12 5.599999999999991e+12 5.599999999999991e+12 5.599999999999991e+12
 5.599999999999991e+12 5.599999999999991e+12 5.599999999999991e+12 5.599999999999991e+12 5.599999999999991e+12 5.599999999999991e+12 5.599999999999991e+12 5.599999999999991e+12 5.599999999999991e+12 5.599999999999991e+12
 5.599999999999991e+12 5.599999999999991e+12 5.599999999999991e+12 5.599999999999991e+12 5.599999999999991e+12 5.599999999999991e+12 5.599999999999991e+12 5.599999999999991e+12 5.599999999999991e+12 5.599999999999991e+12
 5.599999999999991e+12 5.599999999999991e+12 5.599999999999991e+12 5.599999999999991e+12 5.599999999999991e+12 5.599999999999991e+12 5.599999999999991e+12 5.599999999999991e+12 5.599999999999991e+12 5.599999999999991e+12
 5.599999999999991e+12 5.599999999999991e+12 5.599999999999991e+12 5.599999999999991e+12 5.599999999999991e+12 5.599999999999991e+12 5.599999999999991e+12 5.599999999999991e+12 5.599999999999991e+12 5.599999999999991e+12
 5.599999999999991e+12 5.599999999999991e+12 5.599999999999991e+12 5.599999999999991e+12 5.599999999999991e+12 5.599999999999991e+12 5.599999999999991e+12 5.599999999999991e+12 5.599999999999991e+12 5.599999999999991e+12
 5.599999999999991e+12 5.599999999999991e+12 5.599999999999991e+12 5.599999999999991e+12 5.599999999999991e+12 5.599999999999991e+12 5.599999999999991e+12 5.599999999999991e+12 5.599999999999991e+12 5.599999999999991e+12
 5.599999999999991e+12 5.599999999999991e+12 5.599999999999991e+12 5.599999999999991e+12 5.599999999999991e+12 5.599999999999991e+12 5.599999999999991e+12 5.599999999999991e+12 5.599999999999991e+12 5.599999999999991e+12
 5.599999999999991e+12 5.599999999999991e+12 5.599999999999991e+12 5.599999999999991e+12 5.599999999999991e+12 5.599999999999991e+12 5.599999999999991e+12 5.599999999999991e+12 5.599999999999991e+12 5.599999999999991e+12
 5.599999999999991e+12 5.599999999999991e+12 5.599999999999991e+12 5.599999999999991e+12 5.599999999999991e+12 5.599999999999991e+12 5.599999999999991e+12 5.599999999999991e+12 5.599999999999991e+12 5.599999999999991e+12
 5.599999999999991e+12 5.599999999999991e+12 5.599999999999991e+12 5.599999999999991e+12 5.599999999999991e+12 5.599999999999991e+12 5.599999999999991e+12 5.599999999999991e+12 5.599999999999991e+12 5.599999999999991e+12
 5.599999999999991e+12 5.599999999999991e+12 5.599999999999991e+12 5.599999999999991e+12 5.599999999999991e+12 5.599999999999991e+12 5.599999999999991e+12 5.599999999999991e+12 5.599999999999991e+12 5.599999999999991e+12
 5.599999999999991e+12 5.599999999999991e+12 5.599999999999991e+12 5.599999999999991e+12 5.599999999999991e+12 5.599999999999991e+12 5.599999999999991e+12 5.599999999999991e+12 5.599999999999991e+12 5.599999999999991e+12
 5.599999999999991e+12 5.599999999999991e+12 5.599999999999991e+12 5.599999999999991e+12 5.599999999999991e+12 5.599999999999991e+12 5.599999999999991e+12 5.599999999999991e+12 5.599999999999991e+12 5.599999999999991e+12
 5.599999999999991e+12 5.599999999999991e+12 5.599999999999991e+12 5.599999999999991e+12 5.599999999999991e+12 5.599999999999991e+12 5.599999999999991e+12 5.599999999999991e+12 5.599999999999991e+12 5.599999999999991e+12
 5.599999999999991e+12 5.599999999999991e+12 5.599999999999991e+12 5.599999999999991e+12 5.599999999999991e+12 5.599999999999991e+12 5.599999999999991e+12 5.599999999999991e+12 5.599999999999991e+12 5.599999999999991e+12
 5.599999999999991e+12 5.599999999999991e+12 5.599999999999991e+12 5.599999999999991e+12 5.599999999999991e+12 5.599999999999991e+12 5.599999999999991e+12 5.599999999999991e+12 5.599999999999991e+12 5.599999999999991e+12
 5.599999999999991e+12 5.599999999999991e+12 5.599999999999991e+12 5.599999999999991e+12 5.599999999999991e+12 5.599999999999991e+12 5.599999999999991e+12 5.599999999999991e+12 5.599999999999991e+12 5.599999999999991e+12
 5.599999999999991e+12 5.599999999999991e+12 5.599999999999991e+12 5.599999999999991e+12 5.599999999999991e+12 5.599999999999991e+12 5.599999999999991e+12 5.599999999999991e+12 5.599999999999991e+12 5.599999999999991e+12
 5.599999999999991e+12 5.599999999999991e+12 5.599999999999991e+12 5.599999999999991e+12 5.599999999999991e+12 5.599999999999991e+12 5.599999999999991e+12 5.599999999999991e+12 5.599999999999991e+12 5.599999999999991e+12
 5.599999999999991e+12 5.599999999999991e+12 5.599999999999991e+12 5.599999999999991e+12 5.599999999999991e+12 5.599999999999991e+12 5.599999999999991e+12 5.599999999999991e+12 5.599999999999991e+12 5.599999999999991e+12
 5.599999999999991e+12 5.599999999999991e+12 5.599999999999991e+12 5.599999999999991e+12 5.599999999999991e+12 5.599999999999991e+12 5.599999999999991e+12 5.599999999999991e+12 5.599999999999991e+12 5.599999999999991e+12
 5.599999999999991e+12 5.599999999999991e+12 5.599999999999991e+12 5.599999999999991e+12 5.599999999999991e+12 5.599999999999991e+12 5.599999999999991e+12 5.599999999999991e+12 5.599999999999991e+12 5.599999999999991e+12
 5.599999999999991e+12 5.599999999999991e+12 5.599999999999991e+12 5.599999999999991e+12 5.599999999999991e+12 5.599999999999991e+12 5.599999999999991e+12 5.599999999999991e+12 5.599999999999991e+12 5.599999999999991e+12
 5.599999999999991e+12 5.599999999999991e+12 5.599999999999991e+12 5.599999999999991e+12 5.599999999999991e+12 5.599999999999991e+12 5.599999999999991e+12 5.599999999999991e+12 5.599999999999991e+12 5.599999999999991e+12
 5.599999999999991e+12 5.599999999999991e+12 5.599999999999991e+12 5.599999999999991e+12 5.599999999999991e+12 5.599999999999991e+12 5.599999999999991e+12 5.599999999999991e+12 5.599999999999991e+12 5.599999999999991e+12
 5.599999999999991e+12 5.599999999999991e+12 5.599999999999991e+12 5.599999999999991e+12 5.599999999999991e+12 5.599999999999991e+12 5.599999999999991e+12 5.599999999999991e+12 5.599999999999991e+12 5.599999999999991e+12
 5.599999999999991e+12 5.599999999999991e+12 5.599999999999991e+12 5.599999999999991e+12 5.599999999999991e+12 5.599999999999991e+12 5.599999999999991e+12 5.599999999999991e+12 5.599999999999991e+12 5.599999999999991e+12
 5.599999999999991e+12 5.599999999999991e+12 5.599999999999991e+12 5.599999999999991e+12 5.599999999999991e+12 5.599999999999991e+12 5.599999999999991e+12 5.599999999999991e+12 5.599999999999991e+12 5.599999999999991e+12
 5.599999999999991e+12 5.599999999999991e+12 5.599999999999991e+12 5.599999999999991e+12 5.599999999999991e+12 5.599999999999991e+12 5.599999999999991e+12 5.599999999999991e+12 5.599999999999991e+12 5.599999999999991e+12
 5.599999999999991e+12 5.599999999999991e+12 5.599999999999991e+12 5.599999999999991e+12 5.599999999999991e+12 5.599999999999991e+12 5.599999999999991e+12 5.599999999999991e+12 5.599999999999991e+12 5.599999999999991e+12
 5.599999999999991e+12 5.599999999999991e+12 5.599999999999991e+12 5.599999999999991e+12 5.599999999999991e+12 5.599999999999991e+12 5.599999999999991e+12 5.599999999999991e+12 5.599999999999991e+12 5.599999999999991e+12
 5.599999999999991e+12 5.599999999999991e+12 5.599999999999991e+12 5.599999999999991e+12 5.599999999999991e+12 5.599999999999991e+12 5.599999999999991e+12 5.599999999999991e+12 5.599999999999991e+12 5.599999999999991e+12
 5.599999999999991e+12 5.599999999999991e+12 5.599999999999991e+12 5.599999999999991e+12 5.599999999999991e+12 5.599999999999991e+12 5.599999999999991e+12 5.599999999999991e+12 5.599999999999991e+12 5.599999999999991e+12
 5.599999999999991e+12 5.599999999999991e+12 5.599999999999991e+12 5.599999999999991e+12 5.599999999999991e+12 5.599999999999991e+12 5.599999999999991e+12 5.599999999999991e+12 5.599999999999991e+12 5.599999999999991e+12
 5.599999999999991e+12 5.599999999999991e+12 5.599999999999991e+12 5.599999999999991e+12 5.599999999999991e+12 5.599999999999991e+12 5.599999999999991e+12 5.599999999999991e+12 5.599999999999991e+12 5.599999999999991e+12
 5.599999999999991e+12 5.599999999999991e+12 5.599999999999991e+12 5.599999999999991e+12 5.599999999999991e+12 5.599999999999991e+12 5.599999999999991e+12 5.599999999999991e+12 5.599999999999991e+12 5.599999999999991e+12
 5.599999999999991e+12 5.599999999999991e+12 5.599999999999991e+12 5.599999999999991e+12 5.599999999999991e+12 5.599999999999991e+12 5.599999999999991e+12 5.599999999999991e+12 5.599999999999991e+12 5.599999999999991e+12
 5.599999999999991e+12 5.599999999999991e+12 5.599999999999991e+12 5.599999999999991e+12 5.599999999999991e+12 5.599999999999991e+12 5.599999999999991e+12 5.599999999999991e+12 5.599999999999991e+12 5.599999999999991e+12
 5.599999999999991e+12 5.599999999999991e+12 5.599999999999991e+12 5.599999999999991e+12 5.599999999999991e+12 5.599999999999991e+12 5.599999999999991e+12 5.599999999999991e+12 5.599999999999991e+12 5.599999999999991e+12
 5.599999999999991e+12 5.599999999999991e+12 5.599999999999991e+12 5.599999999999991e+12 5.599999999999991e+12 5.599999999999991e+12 5.599999999999991e+12 5.599999999999991e+12 5.599999999999991e+12 5.599999999999991e+12
 5.599999999999991e+12 5.599999999999991e+12 5.599999999999991e+12 5.599999999999991e+12 5.599999999999991e+12 5.599999999999991e+12 5.599999999999991e+12 5.599999999999991e+12 5.599999999999991e+12 5.599999999999991e+12
 5.599999999999991e+12 5.599999999999991e+12 5.599999999999991e+12 5.599999999999991e+12 5.599999999999991e+12 5.599999999999991e+12 5.599999999999991e+12 5.599999999999991e+12 5.599999999999991e+12 5.599999999999991e+12
 5.599999999999991e+12 5.599999999999991e+12 5.599999999999991e+12 5.599999999999991e+12 5.599999999999991e+12 5.599999999999991e+12 5.599999999999991e+12 5.599999999999991e+12 5.599999999999991e+12 5.599999999999991e+12
 5.599999999999991e+12 5.599999999999991e+12 5.599999999999991e+12 5.599999999999991e+12 5.599999999999991e+12 5.599999999999991e+12 5.599999999999991e+12 5.599999999999991e+12 5.599999999999991e+12 5.599999999999991e+12
 5.599999999999991e+12 5.599999999999991e+12 5.599999999999991e+12 5.599999999999991e+12 5.599999999999991e+12 5.599999999999991e+12 5.599999999999991e+12 5.599999999999991e+12 5.599999999999991e+12 5.599999999999991e+12
 5.599999999999991e+12 5.599999999999991e+12 5.599999999999991e+12 5.599999999999991e+12 5.599999999999991e+12 5.599999999999991e+12 5.599999999999991e+12 5.599999999999991e+12 5.599999999999991e+12 5.599999999999991e+12
 5.599999999999991e+12 5.599999999999991e+12 5.599999999999991e+12 5.599999999999991e+12 5.599999999999991e+12 5.599999999999991e+12 5.599999999999991e+12 5.599999999999991e+12 5.599999999999991e+12 5.599999999999991e+12
 5.599999999999991e+12 5.599999999999991e+12 5.599999999999991e+12 5.599999999999991e+12 5.599999999999991e+12 5.599999999999991e+12 5.599999999999991e+12 5.599999999999991e+12 5.599999999999991e+12 5.599999999999991e+12
 5.599999999999991e+12 5.599999999999991e+12 5.599999999999991e+12 5.599999999999991e+12 5.599999999999991e+12 5.599999999999991e+12 5.599999999999991e+12 5.599999999999991e+12 5.599999999999991e+12 5.599999999999991e+12
 5.599999999999991e+12 5.599999999999991e+12 5.599999999999991e+12 5.599999999999991e+12 5.599999999999991e+12 5.599999999999991e+12 5.599999999999991e+12 5.599999999999991e+12 5.599999999999991e+12 5.599999999999991e+12
 5.599999999999991e+12 5.599999999999991e+12 5.599999999999991e+12 5.599999999999991e+12 5.599999999999991e+12 5.599999999999991e+12 5.599999999999991e+12 5.599999999999991e+12 5.599999999999991e+12 5.599999999999991e+12
 5.599999999999991e+12 5.599999999999991e+12 5.599999999999991e+12 5.599999999999991e+12 5.599999999999991e+12 5.599999999999991e+12 5.599999999999991e+12 5.599999999999991e+12 5.599999999999991e+12 5.599999999999991e+12
 5.599999999999991e+12 5.599999999999991e+12 5.599999999999991e+12 5.599999999999991e+12 5.599999999999991e+12 5.599999999999991e+12 5.599999999999991e+12 5.599999999999991e+12 5.599999999999991e+12 5.599999999999991e+12
 5.599999999999991e+12 5.599999999999991e+12 5.599999999999991e+12 5.599999999999991e+12 5.599999999999991e+12 5.599999999999991e+12 5.599999999999991e+12 5.599999999999991e+12 5.599999999999991e+12 5.599999999999991e+12
 5.599999999999991e+12 5.599999999999991e+12 5.599999999999991e+12 5.599999999999991e+12 5.599999999999991e+12 5.599999999999991e+12 5.599999999999991e+12 5.599999999999991e+12 5.599999999999991e+12 5.599999999999991e+12
 5.599999999999991e+12 5.599999999999991e+12 5.599999999999991e+12 5.599999999999991e+12 5.599999999999991e+12 5.599999999999991e+12 5.599999999999991e+12 5.599999999999991e+12 5.599999999999991e+12 5.599999999999991e+12
 5.599999999999991e+12 5.599999999999991e+12 5.599999999999991e+12 5.599999999999991e+12 5.599999999999991e+12 5.599999999999991e+12 5.599999999999991e+12 5.599999999999991e+12 5.599999999999991e+12 5.599999999999991e+12
 5.599999999999991e+12 5.599999999999991e+12 5.599999999999991e+12 5.599999999999991e+12 5.599999999999991e+12 5.599999999999991e+12 5.599999999999991e+12 5.599999999999991e+12 5.599999999999991e+12 5.599999999999991e+12
 5.599999999999991e+12 5.599999999999991e+12 5.599999999999991e+12 5.599999999999991e+12 5.599999999999991e+12 5.599999999999991e+12 5.599999999999991e+12 5.599999999999991e+12 5.599999999999991e+12 5.599999999999991e+12
 5.599999999999991e+12 5.599999999999991e+12 5.599999999999991e+12 5.599999999999991e+12 5.599999999999991e+12 5.599999999999991e+12 5.599999999999991e+12 5.599999999999991e+12 5.599999999999991e+12 5.599999999999991e+12
 5.599999999999991e+12 5.599999999999991e+12 5.599999999999991e+12 5.599999999999991e+12 5.599999999999991e+12 5.599999999999991e+12 5.599999999999991e+12 5.599999999999991e+12 5.599999999999991e+12 5.599999999999991e+12
 5.599999999999991e+12 5.599999999999991e+12 5.599999999999991e+12 5.599999999999991e+12 5.599999999999991e+12 5.599999999999991e+12 5.599999999999991e+12 5.599999999999991e+12 5.599999999999991e+12 5.599999999999991e+12
 5.599999999999991e+12 5.599999999999991e+12 5.599999999999991e+12 5.599999999999991e+12 5.599999999999991e+12 5.599999999999991e+12 5.599999999999991e+12 5.599999999999991e+12 5.599999999999991e+12 5.599999999999991e+12
 5.599999999999991e+12 5.599999999999991e+12 5.599999999999991e+12 5.599999999999991e+12 5.599999999999991e+12 5.599999999999991e+12 5.599999999999991e+12 5.599999999999991e+12 5.599999999999991e+12 5.599999999999991e+12
 5.599999999999991e+12 5.599999999999991e+12 5.599999999999991e+12 5.599999999999991e+12 5.599999999999991e+12 5.599999999999991e+12 5.599999999999991e+12 5.599999999999991e+12 5.599999999999991e+12 5.599999999999991e+12
 5.599999999999991e+12 5.599999999999991e+12 5.599999999999991e+12 5.599999999999991e+12 5.599999999999991e+12 5.599999999999991e+12 5.599999999999991e+12 5.599999999999991e+12 5.599999999999991e+12 5.599999999999991e+12
 5.599999999999991e+12 5.599999999999991e+12 5.599999999999991e+12 5.599999999999991e+12 5.599999999999991e+12 5.599999999999991e+12 5.599999999999991e+12 5.599999999999991e+12 5.599999999999991e+12 5.599999999999991e+12
 5.599999999999991e+12 5.599999999999991e+12 5.599999999999991e+12 5.599999999999991e+12 5.599999999999991e+12 5.599999999999991e+12 5.599999999999991e+12 5.599999999999991e+12 5.599999999999991e+12 5.599999999999991e+12
 5.599999999999991e+12 5.599999999999991e+12 5.599999999999991e+12 5.599999999999991e+12 5.599999999999991e+12 5.599999999999991e+12 5.599999999999991e+12 5.599999999999991e+12 5.599999999999991e+12 5.599999999999991e+12
 5.599999999999991e+12 5.599999999999991e+12 5.599999999999991e+12 5.599999999999991e+12 5.599999999999991e+12 5.599999999999991e+12 5.599999999999991e+12 5.599999999999991e+12 5.599999999999991e+12 5.599999999999991e+12
 5.599999999999991e+12 5.599999999999991e+12 5.599999999999991e+12 5.599999999999991e+12 5.599999999999991e+12 5.599999999999991e+12 5.599999999999991e+12 5.599999999999991e+12 5.599999999999991e+12 5.599999999999991e+12
 5.599999999999991e+12 5.599999999999991e+12 5.599999999999991e+12 5.599999999999991e+12 5.599999999999991e+12 5.599999999999991e+12 5.599999999999991e+12 5.599999999999991e+12 5.599999999999991e+12 5.599999999999991e+12
 5.599999999999991e+12 5.599999999999991e+12 5.599999999999991e+12 5.599999999999991e+12 5.599999999999991e+12 5.599999999999991e+12 5.599999999999991e+12 5.599999999999991e+12 5.599999999999991e+12 5.599999999999991e+12
 5.599999999999991e+12 5.599999999999991e+12 5.599999999999991e+12 5.599999999999991e+12 5.599999999999991e+12 5.599999999999991e+12 5.599999999999991e+12 5.599999999999991e+12 5.599999999999991e+12 5.599999999999991e+12
 5.599999999999991e+12 5.599999999999991e+12 5.599999999999991e+12 5.599999999999991e+12 5.599999999999991e+12 5.599999999999991e+12 5.599999999999991e+12 5.599999999999991e+12 5.599999999999991e+12 5.599999999999991e+12
 5.599999999999991e+12 5.599999999999991e+12 5.599999999999991e+12 5.599999999999991e+12 5.599999999999991e+12 5.599999999999991e+12 5.599999999999991e+12 5.599999999999991e+12 5.599999999999991e+12 5.599999999999991e+12
 5.599999999999991e+12 5.599999999999991e+12 5.599999999999991e+12 5.599999999999991e+12 5.599999999999991e+12 5.599999999999991e+12 5.599999999999991e+12 5.599999999999991e+12 5.599999999999991e+12 5.599999999999991e+12
 5.599999999999991e+12 5.599999999999991e+12 5.599999999999991e+12 5.599999999999991e+12 5.599999999999991e+12 5.599999999999991e+12 5.599999999999991e+12 5.599999999999991e+12 5.599999999999991e+12 5.599999999999991e+12
 5.599999999999991e+12 5.599999999999991e+12 5.599999999999991e+12 5.599999999999991e+12 5.599999999999991e+12 5.599999999999991e+12 5.599999999999991e+12 5.599999999999991e+12 5.599999999999991e+12 5.599999999999991e+12
 5.599999999999991e+12 5.599999999999991e+12 5.599999999999991e+12 5.599999999999991e+12 5.599999999999991e+12 5.599999999999991e+12 5.599999999999991e+12 5.599999999999991e+12 5.599999999999991e+12 5.599999999999991e+12
 5.599999999999991e+12 5.599999999999991e+12 5.599999999999991e+12 5.599999999999991e+12 5.599999999999991e+12 5.599999999999991e+12 5.599999999999991e+12 5.599999999999991e+12 5.599999999999991e+12 5.599999999999991e+12
 5.599999999999991e+12 5.599999999999991e+12 5.599999999999991e+12 5.599999999999991e+12 5.599999999999991e+12 5.599999999999991e+12 5.599999999999991e+12 5.599999999999991e+12 5.599999999999991e+12 5.599999999999991e+12
 5.599999999999991e+12 5.599999999999991e+12 5.599999999999991e+12 5.599999999999991e+12 5.599999999999991e+12 5.599999999999991e+12 5.599999999999991e+12 5.599999999999991e+12 5.599999999999991e+12 5.599999999999991e+12
 5.599999999999991e+12 5.599999999999991e+12 5.599999999999991e+12 5.599999999999991e+12 5.599999999999991e+12 5.599999999999991e+12 5.599999999999991e+12 5.599999999999991e+12 5.599999999999991e+12 5.599999999999991e+12
 5.599999999999991e+12 5.599999999999991e+12 5.599999999999991e+12 5.599999999999991e+12 5.599999999999991e+12 5.599999999999991e+12 5.599999999999991e+12 5.599999999999991e+12 5.599999999999991e+12 5.599999999999991e+12
 5.599999999999991e+12 5.599999999999991e+12 5.599999999999991e+12 5.599999999999991e+12 5.599999999999991e+12 5.599999999999991e+12 5.599999999999991e+12 5.599999999999991e+12 5.599999999999991e+12 5.599999999999991e+12
 5.599999999999991e+12 5.599999999999991e+12 5.599999999999991e+12 5.599999999999991e+12 5.599999999999991e+12 5.599999999999991e+12 5.599999999999991e+12 5.599999999999991e+12 5.599999999999991e+12 5.599999999999991e+12
 5.599999999999991e+12 5.599999999999991e+12 5.599999999999991e+12 5.599999999999991e+12 5.599999999999991e+12 5.599999999999991e+12 5.599999999999991e+12 5.599999999999991e+12 5.599999999999991e+12 5.599999999999991e+12
 5.599999999999991e+12 5.599999999999991e+12 5.599999999999991e+12 5.599999999999991e+12 5.599999999999991e+12 5.599999999999991e+12 5.599999999999991e+12 5.599999999999991e+12 5.599999999999991e+12 5.599999999999991e+12
 5.599999999999991e+12 5.599999999999991e+12 5.599999999999991e+12 5.599999999999991e+12 5.599999999999991e+12 5.599999999999991e+12 5.599999999999991e+12 5.599999999999991e+12 5.599999999999991e+12 5.599999999999991e+12
 5.599999999999991e+12 5.599999999999991e+12 5.599999999999991e+12 5.599999999999991e+12 5.599999999999991e+12 5.599999999999991e+12 5.599999999999991e+12 5.599999999999991e+12 5.599999999999991e+12 5.599999999999991e+12
 5.599999999999991e+12 5.599999999999991e+12 5.599999999999991e+12 5.599999999999991e+12 5.599999999999991e+12 5.599999999999991e+12 5.599999999999991e+12 5.599999999999991e+12 5.599999999999991e+12 5.599999999999991e+12
 5.599999999999991e+12 5.599999999999991e+12 5.599999999999991e+12 5.599999999999991e+12 5.599999999999991e+12 5.599999999999991e+12 5.599999999999991e+12 5.599999999999991e+12 5.599999999999991e+12 5.599999999999991e+12
 5.599999999999991e+12 5.599999999999991e+12 5.599999999999991e+12 5.599999999999991e+12 5.599999999999991e+12 5.599999999999991e+12 5.599999999999991e+12 5.599999999999991e+12 5.599999999999991e+12 5.599999999999991e+12
 5.599999999999991e+12 5.599999999999991e+12 5.599999999999991e+12 5.599999999999991e+12 5.599999999999991e+12 5.599999999999991e+12 5.599999999999991e+12 5.599999999999991e+12 5.599999999999991e+12 5.599999999999991e+12
 5.599999999999991e+12 5.599999999999991e+12 5.599999999999991e+12 5.599999999999991e+12 5.599999999999991e+12 5.599999999999991e+12 5.599999999999991e+12 5.599999999999991e+12 5.599999999999991e+12 5.599999999999991e+12
 5.599999999999991e+12 5.599999999999991e+12 5.599999999999991e+12 5.599999999999991e+12 5.599999999999991e+12 5.599999999999991e+12 5.599999999999991e+12 5.599999999999991e+12 5.599999999999991e+12 5.599999999999991e+12
 5.599999999999991e+12 5.599999999999991e+12 5.599999999999991e+12 5.599999999999991e+12 5.599999999999991e+12 5.599999999999991e+12 5.599999999999991e+12 5.599999999999991e+12 5.599999999999991e+12 5.599999999999991e+12
 5.599999999999991e+12 5.599999999999991e+12 5.599999999999991e+12 5.599999999999991e+12 5.599999999999991e+12 5.599999999999991e+12 5.599999999999991e+12 5.599999999999991e+12 5.599999999999991e+12 5.599999999999991e+12
 5.599999999999991e+12 1.000000560000000e+19 5.599999999999991e+12 1.000000560000000e+19 5.599999999999991e+12 1.000000560000000e+19 5.599999999999991e+12 1.000000560000000e+19 5.599999999999991e+12 5.599999999999991e+12
 5.599999999999991e+12 5.599999999999991e+12 5.599999999999991e+12 5.599999999999991e+12 5.599999999999991e+12 5.599999999999991e+12 5.599999999999991e+12 5.599999999999991e+12 5.599999999999991e+12 5.599999999999991e+12
 5.599999999999991e+12 5.599999999999991e+12 5.599999999999991e+12 5.599999999999991e+12 5.599999999999991e+12 1.000000560000000e+19 5.599999999999991e+12 1.000000560000000e+19 5.599999999999991e+12 1.000000560000000e+19
 5.599999999999991e+12 1.000000560000000e+19 5.599999999999991e+12 5.599999999999991e+12 5.599999999999991e+12 5.599999999999991e+12 5.599999999999991e+12 5.599999999999991e+12 5.599999999999991e+12 5.599999999999991e+12
 5.599999999999991e+12 5.599999999999991e+12 5.599999999999991e+12 5.599999999999991e+12 5.599999999999991e+12 5.599999999999991e+12 5.599999999999991e+12 5.599999999999991e+12 5.599999999999991e+12 1.000000560000000e+19
 5.599999999999991e+12 1.000000560000000e+19 5.599999999999991e+12 1.000000560000000e+19 5.599999999999991e+12 1.000000560000000e+19 5.599999999999991e+12 5.599999999999991e+12 5.599999999999991e+12 5.599999999999991e+12
 5.599999999999991e+12 5.599999999999991e+12 5.599999999999991e+12 5.599999999999991e+12 5.599999999999991e+12 5.599999999999991e+12 5.599999999999991e+12 5.599999999999991e+12 5.599999999999991e+12 5.599999999999991e+12
 5.599999999999991e+12 5.599999999999991e+12 5.599999999999991e+12 1.000000560000000e+19 5.599999999999991e+12 1.000000560000000e+19 5.599999999999991e+12 1.000000560000000e+19 5.599999999999991e+12 1.000000560000000e+19
 5.599999999999991e+12 5.599999999999991e+12 5.599999999999991e+12 5.599999999999991e+12 5.599999999999991e+12 5.599999999999991e+12 5.599999999999991e+12 5.599999999999991e+12 5.599999999999991e+12 5.599999999999991e+12
 5.599999999999991e+12 5.599999999999991e+12 5.599999999999991e+12 5.599999999999991e+12 5.599999999999991e+12 5.599999999999991e+12 5.599999999999991e+12 5.599999999999991e+12 5.599999999999991e+12 5.599999999999991e+12
 5.599999999999991e+12 5.599999999999991e+12 5.599999999999991e+12 5.599999999999991e+12 5.599999999999991e+12 5.599999999999991e+12 5.599999999999991e+12 5.599999999999991e+12 5.599999999999991e+12 5.599999999999991e+12
 5.599999999999991e+12 5.599999999999991e+12 5.599999999999991e+12 5.599999999999991e+12 5.599999999999991e+12 5.599999999999991e+12 5.599999999999991e+12 5.599999999999991e+12 5.599999999999991e+12 5.599999999999991e+12
 5.599999999999991e+12 5.599999999999991e+12 5.599999999999991e+12 5.599999999999991e+12 5.599999999999991e+12 5.599999999999991e+12 5.599999999999991e+12 5.599999999999991e+12 5.599999999999991e+12 5.599999999999991e+12
 5.599999999999991e+12 5.599999999999991e+12 5.599999999999991e+12 5.599999999999991e+12 5.599999999999991e+12 5.599999999999991e+12 5.599999999999991e+12 5.599999999999991e+12 5.599999999999991e+12 5.599999999999991e+12
 5.599999999999991e+12 5.599999999999991e+12 5.599999999999991e+12 5.599999999999991e+12 5.599999999999991e+12 5.599999999999991e+12 5.599999999999991e+12 5.599999999999991e+12 5.599999999999991e+12 5.599999999999991e+12
 5.599999999999991e+12 5.599999999999991e+12 5.599999999999991e+12 5.599999999999991e+12 5.599999999999991e+12 5.599999999999991e+12 5.599999999999991e+12 5.599999999999991e+12 5.599999999999991e+12 5.599999999999991e+12
 5.599999999999991e+12 5.599999999999991e+12 5.599999999999991e+12 5.599999999999991e+12 5.599999999999991e+12 5.599999999999991e+12 5.599999999999991e+12 5.599999999999991e+12 5.599999999999991e+12 5.599999999999991e+12
 5.599999999999991e+12 5.599999999999991e+12 5.599999999999991e+12 5.599999999999991e+12 5.599999999999991e+12 5.599999999999991e+12 5.599999999999991e+12 5.599999999999991e+12 5.599999999999991e+12 5.599999999999991e+12
 5.599999999999991e+12 5.599999999999991e+12 5.599999999999991e+12 5.599999999999991e+12 5.599999999999991e+12 5.599999999999991e+12 5.599999999999991e+12 5.599999999999991e+12 5.599999999999991e+12 5.599999999999991e+12
 5.599999999999991e+12 5.599999999999991e+12 5.599999999999991e+12 5.599999999999991e+12 5.599999999999991e+12 5.599999999999991e+12 5.599999999999991e+12 5.599999999999991e+12 5.599999999999991e+12 5.599999999999991e+12
 5.599999999999991e+12 5.599999999999991e+12 5.599999999999991e+12 5.599999999999991e+12 5.599999999999991e+12 5.599999999999991e+12 5.599999999999991e+12 5.599999999999991e+12 5.599999999999991e+12 5.599999999999991e+12
 5.599999999999991e+12 5.599999999999991e+12 5.599999999999991e+12 5.599999999999991e+12 5.599999999999991e+12 5.599999999999991e+12 5.599999999999991e+12 5.599999999999991e+12 5.599999999999991e+12 5.599999999999991e+12
 5.599999999999991e+12 5.599999999999991e+12 5.599999999999991e+12 5.599999999999991e+12 5.599999999999991e+12 5.599999999999991e+12 5.599999999999991e+12 5.599999999999991e+12 5.599999999999991e+12 5.599999999999991e+12
 5.599999999999991e+12 5.599999999999991e+12 5.599999999999991e+12 5.599999999999991e+12 5.599999999999991e+12 5.599999999999991e+12 5.599999999999991e+12 5.599999999999991e+12 5.599999999999991e+12 5.599999999999991e+12
 5.599999999999991e+12 5.599999999999991e+12 5.599999999999991e+12 5.599999999999991e+12 5.599999999999991e+12 5.599999999999991e+12 5.599999999999991e+12 5.599999999999991e+12 5.599999999999991e+12 5.599999999999991e+12
 5.599999999999991e+12 5.599999999999991e+12 5.599999999999991e+12 5.599999999999991e+12 5.599999999999991e+12 5.599999999999991e+12 5.599999999999991e+12 5.599999999999991e+12 5.599999999999991e+12 5.599999999999991e+12
 5.599999999999991e+12 5.599999999999991e+12 5.599999999999991e+12 5.599999999999991e+12 5.599999999999991e+12 5.599999999999991e+12 5.599999999999991e+12 5.599999999999991e+12 5.599999999999991e+12 5.599999999999991e+12
 5.599999999999991e+12 5.599999999999991e+12 5.599999999999991e+12 5.599999999999991e+12 5.599999999999991e+12 5.599999999999991e+12 5.599999999999991e+12 5.599999999999991e+12 5.599999999999991e+12 5.599999999999991e+12
 5.599999999999991e+12 5.599999999999991e+12 5.599999999999991e+12 5.599999999999991e+12 5.599999999999991e+12 5.599999999999991e+12 5.599999999999991e+12 5.599999999999991e+12 5.599999999999991e+12 5.599999999999991e+12
 5.599999999999991e+12 5.599999999999991e+12 5.599999999999991e+12 5.599999999999991e+12 5.599999999999991e+12 5.599999999999991e+12 5.599999999999991e+12 5.599999999999991e+12 5.599999999999991e+12 5.599999999999991e+12
 5.599999999999991e+12 5.599999999999991e+12 5.599999999999991e+12 5.599999999999991e+12 5.599999999999991e+12 5.599999999999991e+12 5.599999999999991e+12 5.599999999999991e+12 5.599999999999991e+12 5.599999999999991e+12
 5.599999999999991e+12 5.599999999999991e+12 5.599999999999991e+12 5.599999999999991e+12 5.599999999999991e+12 5.599999999999991e+12 5.599999999999991e+12 5.599999999999991e+12 5.599999999999991e+12 5.599999999999991e+12
 5.599999999999991e+12 5.599999999999991e+12 5.599999999999991e+12 5.599999999999991e+12 5.599999999999991e+12 5.599999999999991e+12 5.599999999999991e+12 5.599999999999991e+12 5.599999999999991e+12 5.599999999999991e+12
 5.599999999999991e+12 5.599999999999991e+12 5.599999999999991e+12 5.599999999999991e+12 5.599999999999991e+12 5.599999999999991e+12 5.599999999999991e+12 5.599999999999991e+12 5.599999999999991e+12 5.599999999999991e+12
 5.599999999999991e+12 5.599999999999991e+12 5.599999999999991e+12 5.599999999999991e+12 5.599999999999991e+12 5.599999999999991e+12 5.599999999999991e+12 5.599999999999991e+12 5.599999999999991e+12 5.599999999999991e+12
 5.599999999999991e+12 5.599999999999991e+12 5.599999999999991e+12 5.599999999999991e+12 5.599999999999991e+12 5.599999999999991e+12 5.599999999999991e+12 5.599999999999991e+12 5.599999999999991e+12 5.599999999999991e+12
 5.599999999999991e+12 5.599999999999991e+12 5.599999999999991e+12 5.599999999999991e+12 5.599999999999991e+12 5.599999999999991e+12 5.599999999999991e+12 5.599999999999991e+12 5.599999999999991e+12 5.599999999999991e+12
 5.599999999999991e+12 5.599999999999991e+12 5.599999999999991e+12 5.599999999999991e+12 5.599999999999991e+12 5.599999999999991e+12 5.599999999999991e+12 5.599999999999991e+12 5.599999999999991e+12 5.599999999999991e+12
 5.599999999999991e+12 5.599999999999991e+12 5.599999999999991e+12 5.599999999999991e+12 5.599999999999991e+12 5.599999999999991e+12 5.599999999999991e+12 5.599999999999991e+12 5.599999999999991e+12 5.599999999999991e+12
 5.599999999999991e+12 5.599999999999991e+12 5.599999999999991e+12 5.599999999999991e+12 5.599999999999991e+12 5.599999999999991e+12 5.599999999999991e+12 5.599999999999991e+12 5.599999999999991e+12 5.599999999999991e+12
 5.599999999999991e+12 5.599999999999991e+12 5.599999999999991e+12 5.599999999999991e+12 5.599999999999991e+12 5.599999999999991e+12 5.599999999999991e+12 5.599999999999991e+12 5.599999999999991e+12 5.599999999999991e+12
 5.599999999999991e+12 5.599999999999991e+12 5.599999999999991e+12 5.599999999999991e+12 5.599999999999991e+12 5.599999999999991e+12 5.599999999999991e+12 5.599999999999991e+12 5.599999999999991e+12 5.599999999999991e+12
 5.599999999999991e+12 5.599999999999991e+12 5.599999999999991e+12 5.599999999999991e+12 5.599999999999991e+12 5.599999999999991e+12 5.599999999999991e+12 5.599999999999991e+12 5.599999999999991e+12 5.599999999999991e+12
 5.599999999999991e+12 5.599999999999991e+12 5.599999999999991e+12 5.599999999999991e+12 5.599999999999991e+12 5.599999999999991e+12 5.599999999999991e+12 5.599999999999991e+12 5.599999999999991e+12 5.599999999999991e+12
 5.599999999999991e+12 5.599999999999991e+12 5.599999999999991e+12 5.599999999999991e+12 5.599999999999991e+12 5.599999999999991e+12 5.599999999999991e+12 5.599999999999991e+12 5.599999999999991e+12 5.599999999999991e+12
 5.599999999999991e+12 5.599999999999991e+12 5.599999999999991e+12 5.599999999999991e+12 5.599999999999991e+12 5.599999999999991e+12 5.599999999999991e+12 5.599999999999991e+12 5.599999999999991e+12 5.599999999999991e+12
 5.599999999999991e+12 5.599999999999991e+12 5.599999999999991e+12 5.599999999999991e+12 5.599999999999991e+12 5.599999999999991e+12 5.599999999999991e+12 5.599999999999991e+12 5.599999999999991e+12 5.599999999999991e+12
 5.599999999999991e+12 5.599999999999991e+12 5.599999999999991e+12 5.599999999999991e+12 5.599999999999991e+12 5.599999999999991e+12 5.599999999999991e+12 5.599999999999991e+12 5.599999999999991e+12 5.599999999999991e+12
 5.599999999999991e+12 5.599999999999991e+12 5.599999999999991e+12 5.599999999999991e+12 5.599999999999991e+12 5.599999999999991e+12 5.599999999999991e+12 5.599999999999991e+12 5.599999999999991e+12 5.599999999999991e+12
 5.599999999999991e+12 5.599999999999991e+12 5.599999999999991e+12 5.599999999999991e+12 5.599999999999991e+12 5.599999999999991e+12 5.599999999999991e+12 5.599999999999991e+12 5.599999999999991e+12 5.599999999999991e+12
 5.599999999999991e+12 5.599999999999991e+12 5.599999999999991e+12 5.599999999999991e+12 5.599999999999991e+12 5.599999999999991e+12 5.599999999999991e+12 5.599999999999991e+12 5.599999999999991e+12 5.599999999999991e+12
 5.599999999999991e+12 5.599999999999991e+12 5.599999999999991e+12 5.599999999999991e+12 5.599999999999991e+12 5.599999999999991e+12 5.599999999999991e+12 5.599999999999991e+12 5.599999999999991e+12 5.599999999999991e+12
 5.599999999999991e+12 5.599999999999991e+12 5.599999999999991e+12 5.599999999999991e+12 5.599999999999991e+12 5.599999999999991e+12 5.599999999999991e+12 5.599999999999991e+12 5.599999999999991e+12 5.599999999999991e+12
 5.599999999999991e+12 5.599999999999991e+12 5.599999999999991e+12 5.599999999999991e+12 5.599999999999991e+12 5.599999999999991e+12 5.599999999999991e+12 5.599999999999991e+12 5.599999999999991e+12 5.599999999999991e+12
 5.599999999999991e+12 5.599999999999991e+12 5.599999999999991e+12 5.599999999999991e+12 5.599999999999991e+12 5.599999999999991e+12 5.599999999999991e+12 5.599999999999991e+12 5.599999999999991e+12 5.599999999999991e+12
 5.599999999999991e+12 5.599999999999991e+12 5.599999999999991e+12 5.599999999999991e+12 5.599999999999991e+12 5.599999999999991e+12 5.599999999999991e+12 5.599999999999991e+12 5.599999999999991e+12 5.599999999999991e+12
 5.599999999999991e+12 5.599999999999991e+12 5.599999999999991e+12 5.599999999999991e+12 5.599999999999991e+12 5.599999999999991e+12 5.599999999999991e+12 5.599999999999991e+12 5.599999999999991e+12 5.599999999999991e+12
 5.599999999999991e+12 5.599999999999991e+12 5.599999999999991e+12 5.599999999999991e+12 5.599999999999991e+12 5.599999999999991e+12 5.599999999999991e+12 5.599999999999991e+12 5.599999999999991e+12 5.599999999999991e+12
 5.599999999999991e+12 5.599999999999991e+12 5.599999999999991e+12 5.599999999999991e+12 5.599999999999991e+12 5.599999999999991e+12 5.599999999999991e+12 5.599999999999991e+12 5.599999999999991e+12 5.599999999999991e+12
 5.599999999999991e+12 5.599999999999991e+12 5.599999999999991e+12 1.000000560000000e+19 5.599999999999991e+12 1.000000560000000e+19 5.599999999999991e+12 1.000000560000000e+19 5.599999999999991e+12 1.000000560000000e+19
 5.599999999999991e+12 5.599999999999991e+12 5.599999999999991e+12 5.599999999999991e+12 5.599999999999991e+12 5.599999999999991e+12 5.599999999999991e+12 5.599999999999991e+12 5.599999999999991e+12 5.599999999999991e+12
 5.599999999999991e+12 5.599999999999991e+12 5.599999999999991e+12 5.599999999999991e+12 5.599999999999991e+12 5.599999999999991e+12 5.599999999999991e+12 1.000000560000000e+19 5.599999999999991e+12 1.000000560000000e+19
 5.599999999999991e+12 1.000000560000000e+19 5.599999999999991e+12 1.000000560000000e+19 5.599999999999991e+12 5.599999999999991e+12 5.599999999999991e+12 5.599999999999991e+12 5.599999999999991e+12 5.599999999999991e+12
 5.599999999999991e+12 5.599999999999991e+12 5.599999999999991e+12 5.599999999999991e+12 5.599999999999991e+12 5.599999999999991e+12 5.599999999999991e+12 5.599999999999991e+12 5.599999999999991e+12 5.599999999999991e+12
 5.599999999999991e+12 5.599999999999991e+12 5.599999999999991e+12 5.599999999999991e+12 5.599999999999991e+12 5.599999999999991e+12 5.599999999999991e+12 5.599999999999991e+12 5.599999999999991e+12 5.599999999999991e+12
 5.599999999999991e+12 5.599999999999991e+12 5.599999999999991e+12 5.599999999999991e+12 5.599999999999991e+12 5.599999999999991e+12 5.599999999999991e+12 5.599999999999991e+12 5.599999999999991e+12 5.599999999999991e+12
 5.599999999999991e+12 5.599999999999991e+12 5.599999999999991e+12 5.599999999999991e+12 5.599999999999991e+12 5.599999999999991e+12 5.599999999999991e+12 5.599999999999991e+12 5.599999999999991e+12 5.599999999999991e+12
 5.599999999999991e+12 5.599999999999991e+12 5.599999999999991e+12 5.599999999999991e+12 5.599999999999991e+12 5.599999999999991e+12 5.599999999999991e+12 5.599999999999991e+12 5.599999999999991e+12 5.599999999999991e+12
 5.599999999999991e+12 5.599999999999991e+12 5.599999999999991e+12 5.599999999999991e+12 5.599999999999991e+12 5.599999999999991e+12 5.599999999999991e+12 5.599999999999991e+12 5.599999999999991e+12 5.599999999999991e+12
 5.599999999999991e+12 5.599999999999991e+12 5.599999999999991e+12 5.599999999999991e+12 5.599999999999991e+12 5.599999999999991e+12 5.599999999999991e+12 5.599999999999991e+12 5.599999999999991e+12 5.599999999999991e+12
 5.599999999999991e+12 5.599999999999991e+12 5.599999999999991e+12 5.599999999999991e+12 5.599999999999991e+12 5.599999999999991e+12 5.599999999999991e+12 5.599999999999991e+12 5.599999999999991e+12 5.599999999999991e+12
 5.599999999999991e+12 5.599999999999991e+12 5.599999999999991e+12 5.599999999999991e+12 5.599999999999991e+12 5.599999999999991e+12 5.599999999999991e+12 5.599999999999991e+12 5.599999999999991e+12 5.599999999999991e+12
 5.599999999999991e+12 5.599999999999991e+12 5.599999999999991e+12 5.599999999999991e+12 5.599999999999991e+12 5.599999999999991e+12 5.599999999999991e+12 5.599999999999991e+12 5.599999999999991e+12 5.599999999999991e+12
 5.599999999999991e+12 5.599999999999991e+12 5.599999999999991e+12 5.599999999999991e+12 5.599999999999991e+12 5.599999999999991e+12 5.599999999999991e+12 5.599999999999991e+12 5.599999999999991e+12 5.599999999999991e+12
 5.599999999999991e+12 5.599999999999991e+12 5.599999999999991e+12 5.599999999999991e+12 5.599999999999991e+12 5.599999999999991e+12 5.599999999999991e+12 5.599999999999991e+12 5.599999999999991e+12 5.599999999999991e+12
 5.599999999999991e+12 5.599999999999991e+12 5.599999999999991e+12 5.599999999999991e+12 5.599999999999991e+12 5.599999999999991e+12 5.599999999999991e+12 5.599999999999991e+12 5.599999999999991e+12 5.599999999999991e+12
 5.599999999999991e+12 5.599999999999991e+12 5.599999999999991e+12 5.599999999999991e+12 5.599999999999991e+12 5.599999999999991e+12 5.599999999999991e+12 5.599999999999991e+12 5.599999999999991e+12 5.599999999999991e+12
 5.599999999999991e+12 5.599999999999991e+12 5.599999999999991e+12 5.599999999999991e+12 5.599999999999991e+12 5.599999999999991e+12 5.599999999999991e+12 5.599999999999991e+12 5.599999999999991e+12 5.599999999999991e+12
 5.599999999999991e+12 5.599999999999991e+12 5.599999999999991e+12 5.599999999999991e+12 5.599999999999991e+12 5.599999999999991e+12 5.599999999999991e+12 5.599999999999991e+12 5.599999999999991e+12 5.599999999999991e+12
 5.599999999999991e+12 5.599999999999991e+12 5.599999999999991e+12 5.599999999999991e+12 5.599999999999991e+12 5.599999999999991e+12 5.599999999999991e+12 5.599999999999991e+12 5.599999999999991e+12 5.599999999999991e+12
 5.599999999999991e+12 5.599999999999991e+12 5.599999999999991e+12 5.599999999999991e+12 5.599999999999991e+12 5.599999999999991e+12 5.599999999999991e+12 5.599999999999991e+12 5.599999999999991e+12 5.599999999999991e+12
 5.599999999999991e+12 5.599999999999991e+12 5.599999999999991e+12 5.599999999999991e+12 5.599999999999991e+12 5.599999999999991e+12 5.599999999999991e+12 5.599999999999991e+12 5.599999999999991e+12 5.599999999999991e+12
 5.599999999999991e+12 5.599999999999991e+12 5.599999999999991e+12 5.599999999999991e+12 5.599999999999991e+12 5.599999999999991e+12 5.599999999999991e+12 5.599999999999991e+12 5.599999999999991e+12 5.599999999999991e+12
 5.599999999999991e+12 5.599999999999991e+12 5.599999999999991e+12 5.599999999999991e+12 5.599999999999991e+12 5.599999999999991e+12 5.599999999999991e+12 5.599999999999991e+12 5.599999999999991e+12 5.599999999999991e+12
 5.599999999999991e+12 5.599999999999991e+12 5.599999999999991e+12 5.599999999999991e+12 5.599999999999991e+12 5.599999999999991e+12 5.599999999999991e+12 5.599999999999991e+12 5.599999999999991e+12 5.599999999999991e+12
 5.599999999999991e+12 5.599999999999991e+12 5.599999999999991e+12 5.599999999999991e+12 5.599999999999991e+12 5.599999999999991e+12 5.599999999999991e+12 5.599999999999991e+12 5.599999999999991e+12 5.599999999999991e+12
 5.599999999999991e+12 5.599999999999991e+12 5.599999999999991e+12 5.599999999999991e+12 5.599999999999991e+12 5.599999999999991e+12 5.599999999999991e+12 5.599999999999991e+12 5.599999999999991e+12 5.599999999999991e+12
 5.599999999999991e+12 5.599999999999991e+12 5.599999999999991e+12 5.599999999999991e+12 5.599999999999991e+12 5.599999999999991e+12 5.599999999999991e+12 5.599999999999991e+12 5.599999999999991e+12 5.599999999999991e+12
 5.599999999999991e+12 5.599999999999991e+12 5.599999999999991e+12 5.599999999999991e+12 5.599999999999991e+12 5.599999999999991e+12 5.599999999999991e+12 5.599999999999991e+12 5.599999999999991e+12 1.000000560000000e+19
 5.599999999999991e+12 1.000000560000000e+19 5.599999999999991e+12 1.000000560000000e+19 5.599999999999991e+12 1.000000560000000e+19 5.599999999999991e+12 5.599999999999991e+12 5.599999999999991e+12 5.599999999999991e+12
 5.599999999999991e+12 5.599999999999991e+12 5.599999999999991e+12 5.599999999999991e+12 5.599999999999991e+12 5.599999999999991e+12 5.599999999999991e+12 5.599999999999991e+12 5.599999999999991e+12 5.599999999999991e+12
 5.599999999999991e+12 5.599999999999991e+12 5.599999999999991e+12 5.599999999999991e+12 5.599999999999991e+12 5.599999999999991e+12 5.599999999999991e+12 5.599999999999991e+12 5.599999999999991e+12 5.599999999999991e+12
 5.599999999999991e+12 5.599999999999991e+12 5.599999999999991e+12 5.599999999999991e+12 5.599999999999991e+12 5.599999999999991e+12 5.599999999999991e+12 5.599999999999991e+12 5.599999999999991e+12 5.599999999999991e+12
 5.599999999999991e+12 5.599999999999991e+12 5.599999999999991e+12 5.599999999999991e+12 5.599999999999991e+12 5.599999999999991e+12 5.599999999999991e+12 5.599999999999991e+12 5.599999999999991e+12 5.599999999999991e+12
 5.599999999999991e+12 5.599999999999991e+12 5.599999999999991e+12 5.599999999999991e+12 5.599999999999991e+12 5.599999999999991e+12 5.599999999999991e+12 5.599999999999991e+12 5.599999999999991e+12 5.599999999999991e+12
 5.599999999999991e+12 5.599999999999991e+12 5.599999999999991e+12 5.599999999999991e+12 5.599999999999991e+12 5.599999999999991e+12 5.599999999999991e+12 5.599999999999991e+12 5.599999999999991e+12 5.599999999999991e+12
 5.599999999999991e+12 5.599999999999991e+12 5.599999999999991e+12 5.599999999999991e+12 5.599999999999991e+12 5.599999999999991e+12 5.599999999999991e+12 5.599999999999991e+12 5.599999999999991e+12 5.599999999999991e+12
 5.599999999999991e+12 5.599999999999991e+12 5.599999999999991e+12 5.599999999999991e+12 5.599999999999991e+12 5.599999999999991e+12 5.599999999999991e+12 5.599999999999991e+12 5.599999999999991e+12 5.599999999999991e+12
 5.599999999999991e+12 5.599999999999991e+12 5.599999999999991e+12 5.599999999999991e+12 5.599999999999991e+12 5.599999999999991e+12 5.599999999999991e+12 5.599999999999991e+12 5.599999999999991e+12 5.599999999999991e+12
 5.599999999999991e+12 5.599999999999991e+12 5.599999999999991e+12 5.599999999999991e+12 5.599999999999991e+12 5.599999999999991e+12 5.599999999999991e+12 5.599999999999991e+12 5.599999999999991e+12 5.599999999999991e+12
 5.599999999999991e+12 5.599999999999991e+12 5.599999999999991e+12 5.599999999999991e+12 5.599999999999991e+12 5.599999999999991e+12 5.599999999999991e+12 5.599999999999991e+12 5.599999999999991e+12 5.599999999999991e+12
 5.599999999999991e+12 5.599999999999991e+12 5.599999999999991e+12 5.599999999999991e+12 5.599999999999991e+12 5.599999999999991e+12 5.599999999999991e+12 5.599999999999991e+12 5.599999999999991e+12 5.599999999999991e+12
 5.599999999999991e+12 5.599999999999991e+12 5.599999999999991e+12 5.599999999999991e+12 5.599999999999991e+12 5.599999999999991e+12 5.599999999999991e+12 5.599999999999991e+12 5.599999999999991e+12 1.000000560000000e+19
 5.599999999999991e+12 1.000000560000000e+19 5.599999999999991e+12 5.599999999999991e+12 5.599999999999991e+12 5.599999999999991e+12 5.599999999999991e+12 5.599999999999991e+12 5.599999999999991e+12 5.599999999999991e+12
 5.599999999999991e+12 5.599999999999991e+12 5.599999999999991e+12 5.599999999999991e+12 5.599999999999991e+12 5.599999999999991e+12 5.599999999999991e+12 5.599999999999991e+12 5.599999999999991e+12 5.599999999999991e+12
 5.599999999999991e+12 5.599999999999991e+12 5.599999999999991e+12 5.599999999999991e+12 5.599999999999991e+12 5.599999999999991e+12 5.599999999999991e+12 5.599999999999991e+12 5.599999999999991e+12 5.599999999999991e+12
 5.599999999999991e+12 5.599999999999991e+12 5.599999999999991e+12 5.599999999999991e+12 5.599999999999991e+12 5.599999999999991e+12 5.599999999999991e+12 5.599999999999991e+12 5.599999999999991e+12 5.599999999999991e+12
 5.599999999999991e+12 5.599999999999991e+12 5.599999999999991e+12 5.599999999999991e+12 5.599999999999991e+12 5.599999999999991e+12 5.599999999999991e+12 5.599999999999991e+12 5.599999999999991e+12 5.599999999999991e+12
 5.599999999999991e+12 5.599999999999991e+12 5.599999999999991e+12 5.599999999999991e+12 5.599999999999991e+12 5.599999999999991e+12 5.599999999999991e+12 5.599999999999991e+12 5.599999999999991e+12 5.599999999999991e+12
 5.599999999999991e+12 5.599999999999991e+12 5.599999999999991e+12 5.599999999999991e+12 5.599999999999991e+12 5.599999999999991e+12 5.599999999999991e+12 5.599999999999991e+12 5.599999999999991e+12 5.599999999999991e+12
 5.599999999999991e+12 5.599999999999991e+12 5.599999999999991e+12 5.599999999999991e+12 5.599999999999991e+12 5.599999999999991e+12 5.599999999999991e+12 5.599999999999991e+12 5.599999999999991e+12 5.599999999999991e+12
 5.599999999999991e+12 5.599999999999991e+12 5.599999999999991e+12 5.599999999999991e+12 5.599999999999991e+12 5.599999999999991e+12 5.599999999999991e+12 5.599999999999991e+12 5.599999999999991e+12 5.599999999999991e+12
 5.599999999999991e+12 5.599999999999991e+12 5.599999999999991e+12 5.599999999999991e+12 5.599999999999991e+12 5.599999999999991e+12 5.599999999999991e+12 5.599999999999991e+12 5.599999999999991e+12 5.599999999999991e+12
 5.599999999999991e+12 5.599999999999991e+12 5.599999999999991e+12 1.000000560000000e+19 5.599999999999991e+12 5.599999999999991e+12 5.599999999999991e+12 5.599999999999991e+12 5.599999999999991e+12 5.599999999999991e+12
 5.599999999999991e+12 5.599999999999991e+12 5.599999999999991e+12 5.599999999999991e+12 5.599999999999991e+12 5.599999999999991e+12 5.599999999999991e+12 5.599999999999991e+12 5.599999999999991e+12 5.599999999999991e+12
 5.599999999999991e+12 5.599999999999991e+12 5.599999999999991e+12 5.599999999999991e+12 5.599999999999991e+12 5.599999999999991e+12 5.599999999999991e+12 5.599999999999991e+12 5.599999999999991e+12 5.599999999999991e+12
 5.599999999999991e+12 5.599999999999991e+12 5.599999999999991e+12 5.599999999999991e+12 5.599999999999991e+12 5.599999999999991e+12 1.000000560000000e+19 1.000000560000000e+19 5.599999999999991e+12 5.599999999999991e+12

    }
  }

  Dataset ("PMIUserField0") {
    function  = PMIUserField0
    type      = scalar
    dimension = 1
    location  = vertex
    validity  = [ "i_layer" ]
    Values (4420) {
 0.000000000000000e+00 0.000000000000000e+00 0.000000000000000e+00 0.000000000000000e+00 0.000000000000000e+00 0.000000000000000e+00 0.000000000000000e+00 0.000000000000000e+00 0.000000000000000e+00 0.000000000000000e+00
 0.000000000000000e+00 0.000000000000000e+00 0.000000000000000e+00 0.000000000000000e+00 0.000000000000000e+00 0.000000000000000e+00 0.000000000000000e+00 0.000000000000000e+00 0.000000000000000e+00 0.000000000000000e+00
 0.000000000000000e+00 0.000000000000000e+00 0.000000000000000e+00 0.000000000000000e+00 0.000000000000000e+00 0.000000000000000e+00 0.000000000000000e+00 0.000000000000000e+00 0.000000000000000e+00 0.000000000000000e+00
 0.000000000000000e+00 0.000000000000000e+00 0.000000000000000e+00 0.000000000000000e+00 0.000000000000000e+00 0.000000000000000e+00 0.000000000000000e+00 0.000000000000000e+00 0.000000000000000e+00 0.000000000000000e+00
 0.000000000000000e+00 0.000000000000000e+00 0.000000000000000e+00 0.000000000000000e+00 0.000000000000000e+00 0.000000000000000e+00 0.000000000000000e+00 0.000000000000000e+00 0.000000000000000e+00 0.000000000000000e+00
 0.000000000000000e+00 0.000000000000000e+00 0.000000000000000e+00 0.000000000000000e+00 0.000000000000000e+00 0.000000000000000e+00 0.000000000000000e+00 0.000000000000000e+00 0.000000000000000e+00 0.000000000000000e+00
 0.000000000000000e+00 0.000000000000000e+00 0.000000000000000e+00 0.000000000000000e+00 0.000000000000000e+00 0.000000000000000e+00 0.000000000000000e+00 0.000000000000000e+00 0.000000000000000e+00 0.000000000000000e+00
 0.000000000000000e+00 0.000000000000000e+00 0.000000000000000e+00 0.000000000000000e+00 0.000000000000000e+00 0.000000000000000e+00 0.000000000000000e+00 0.000000000000000e+00 0.000000000000000e+00 0.000000000000000e+00
 0.000000000000000e+00 0.000000000000000e+00 0.000000000000000e+00 0.000000000000000e+00 0.000000000000000e+00 0.000000000000000e+00 0.000000000000000e+00 0.000000000000000e+00 0.000000000000000e+00 0.000000000000000e+00
 0.000000000000000e+00 0.000000000000000e+00 0.000000000000000e+00 0.000000000000000e+00 0.000000000000000e+00 0.000000000000000e+00 0.000000000000000e+00 0.000000000000000e+00 0.000000000000000e+00 0.000000000000000e+00
 0.000000000000000e+00 0.000000000000000e+00 0.000000000000000e+00 0.000000000000000e+00 0.000000000000000e+00 0.000000000000000e+00 0.000000000000000e+00 0.000000000000000e+00 0.000000000000000e+00 0.000000000000000e+00
 0.000000000000000e+00 0.000000000000000e+00 0.000000000000000e+00 0.000000000000000e+00 0.000000000000000e+00 0.000000000000000e+00 0.000000000000000e+00 0.000000000000000e+00 0.000000000000000e+00 0.000000000000000e+00
 0.000000000000000e+00 0.000000000000000e+00 0.000000000000000e+00 0.000000000000000e+00 0.000000000000000e+00 0.000000000000000e+00 0.000000000000000e+00 0.000000000000000e+00 0.000000000000000e+00 0.000000000000000e+00
 0.000000000000000e+00 0.000000000000000e+00 0.000000000000000e+00 0.000000000000000e+00 0.000000000000000e+00 0.000000000000000e+00 0.000000000000000e+00 0.000000000000000e+00 0.000000000000000e+00 0.000000000000000e+00
 0.000000000000000e+00 0.000000000000000e+00 0.000000000000000e+00 0.000000000000000e+00 0.000000000000000e+00 0.000000000000000e+00 0.000000000000000e+00 0.000000000000000e+00 0.000000000000000e+00 0.000000000000000e+00
 0.000000000000000e+00 0.000000000000000e+00 0.000000000000000e+00 0.000000000000000e+00 0.000000000000000e+00 0.000000000000000e+00 0.000000000000000e+00 0.000000000000000e+00 0.000000000000000e+00 0.000000000000000e+00
 0.000000000000000e+00 0.000000000000000e+00 0.000000000000000e+00 0.000000000000000e+00 0.000000000000000e+00 0.000000000000000e+00 0.000000000000000e+00 0.000000000000000e+00 0.000000000000000e+00 0.000000000000000e+00
 0.000000000000000e+00 0.000000000000000e+00 0.000000000000000e+00 0.000000000000000e+00 0.000000000000000e+00 0.000000000000000e+00 0.000000000000000e+00 0.000000000000000e+00 0.000000000000000e+00 0.000000000000000e+00
 0.000000000000000e+00 0.000000000000000e+00 0.000000000000000e+00 0.000000000000000e+00 0.000000000000000e+00 0.000000000000000e+00 0.000000000000000e+00 0.000000000000000e+00 0.000000000000000e+00 0.000000000000000e+00
 0.000000000000000e+00 0.000000000000000e+00 0.000000000000000e+00 0.000000000000000e+00 0.000000000000000e+00 0.000000000000000e+00 0.000000000000000e+00 0.000000000000000e+00 0.000000000000000e+00 0.000000000000000e+00
 0.000000000000000e+00 0.000000000000000e+00 0.000000000000000e+00 0.000000000000000e+00 0.000000000000000e+00 0.000000000000000e+00 0.000000000000000e+00 0.000000000000000e+00 0.000000000000000e+00 0.000000000000000e+00
 0.000000000000000e+00 0.000000000000000e+00 0.000000000000000e+00 0.000000000000000e+00 0.000000000000000e+00 0.000000000000000e+00 0.000000000000000e+00 0.000000000000000e+00 0.000000000000000e+00 0.000000000000000e+00
 0.000000000000000e+00 0.000000000000000e+00 0.000000000000000e+00 0.000000000000000e+00 0.000000000000000e+00 0.000000000000000e+00 0.000000000000000e+00 0.000000000000000e+00 0.000000000000000e+00 0.000000000000000e+00
 0.000000000000000e+00 0.000000000000000e+00 0.000000000000000e+00 0.000000000000000e+00 0.000000000000000e+00 0.000000000000000e+00 0.000000000000000e+00 0.000000000000000e+00 0.000000000000000e+00 0.000000000000000e+00
 0.000000000000000e+00 0.000000000000000e+00 0.000000000000000e+00 0.000000000000000e+00 0.000000000000000e+00 0.000000000000000e+00 0.000000000000000e+00 0.000000000000000e+00 0.000000000000000e+00 0.000000000000000e+00
 0.000000000000000e+00 0.000000000000000e+00 0.000000000000000e+00 0.000000000000000e+00 0.000000000000000e+00 0.000000000000000e+00 0.000000000000000e+00 0.000000000000000e+00 0.000000000000000e+00 0.000000000000000e+00
 0.000000000000000e+00 0.000000000000000e+00 0.000000000000000e+00 0.000000000000000e+00 0.000000000000000e+00 0.000000000000000e+00 0.000000000000000e+00 0.000000000000000e+00 0.000000000000000e+00 0.000000000000000e+00
 0.000000000000000e+00 0.000000000000000e+00 0.000000000000000e+00 0.000000000000000e+00 0.000000000000000e+00 0.000000000000000e+00 0.000000000000000e+00 0.000000000000000e+00 0.000000000000000e+00 0.000000000000000e+00
 0.000000000000000e+00 0.000000000000000e+00 0.000000000000000e+00 0.000000000000000e+00 0.000000000000000e+00 0.000000000000000e+00 0.000000000000000e+00 0.000000000000000e+00 0.000000000000000e+00 0.000000000000000e+00
 0.000000000000000e+00 0.000000000000000e+00 0.000000000000000e+00 0.000000000000000e+00 0.000000000000000e+00 0.000000000000000e+00 0.000000000000000e+00 0.000000000000000e+00 0.000000000000000e+00 0.000000000000000e+00
 0.000000000000000e+00 0.000000000000000e+00 0.000000000000000e+00 0.000000000000000e+00 0.000000000000000e+00 0.000000000000000e+00 0.000000000000000e+00 0.000000000000000e+00 0.000000000000000e+00 0.000000000000000e+00
 0.000000000000000e+00 0.000000000000000e+00 0.000000000000000e+00 0.000000000000000e+00 0.000000000000000e+00 0.000000000000000e+00 0.000000000000000e+00 0.000000000000000e+00 0.000000000000000e+00 0.000000000000000e+00
 0.000000000000000e+00 0.000000000000000e+00 0.000000000000000e+00 0.000000000000000e+00 0.000000000000000e+00 0.000000000000000e+00 0.000000000000000e+00 0.000000000000000e+00 0.000000000000000e+00 0.000000000000000e+00
 0.000000000000000e+00 0.000000000000000e+00 0.000000000000000e+00 0.000000000000000e+00 0.000000000000000e+00 0.000000000000000e+00 0.000000000000000e+00 0.000000000000000e+00 0.000000000000000e+00 0.000000000000000e+00
 0.000000000000000e+00 0.000000000000000e+00 0.000000000000000e+00 0.000000000000000e+00 0.000000000000000e+00 0.000000000000000e+00 0.000000000000000e+00 0.000000000000000e+00 0.000000000000000e+00 0.000000000000000e+00
 0.000000000000000e+00 0.000000000000000e+00 0.000000000000000e+00 0.000000000000000e+00 0.000000000000000e+00 0.000000000000000e+00 0.000000000000000e+00 0.000000000000000e+00 0.000000000000000e+00 0.000000000000000e+00
 0.000000000000000e+00 0.000000000000000e+00 0.000000000000000e+00 0.000000000000000e+00 0.000000000000000e+00 0.000000000000000e+00 0.000000000000000e+00 0.000000000000000e+00 0.000000000000000e+00 0.000000000000000e+00
 0.000000000000000e+00 0.000000000000000e+00 0.000000000000000e+00 0.000000000000000e+00 0.000000000000000e+00 0.000000000000000e+00 0.000000000000000e+00 0.000000000000000e+00 0.000000000000000e+00 0.000000000000000e+00
 0.000000000000000e+00 0.000000000000000e+00 0.000000000000000e+00 0.000000000000000e+00 0.000000000000000e+00 0.000000000000000e+00 0.000000000000000e+00 0.000000000000000e+00 0.000000000000000e+00 0.000000000000000e+00
 0.000000000000000e+00 0.000000000000000e+00 0.000000000000000e+00 0.000000000000000e+00 0.000000000000000e+00 0.000000000000000e+00 0.000000000000000e+00 0.000000000000000e+00 0.000000000000000e+00 0.000000000000000e+00
 0.000000000000000e+00 0.000000000000000e+00 0.000000000000000e+00 0.000000000000000e+00 0.000000000000000e+00 0.000000000000000e+00 0.000000000000000e+00 0.000000000000000e+00 0.000000000000000e+00 0.000000000000000e+00
 0.000000000000000e+00 0.000000000000000e+00 0.000000000000000e+00 0.000000000000000e+00 0.000000000000000e+00 0.000000000000000e+00 0.000000000000000e+00 0.000000000000000e+00 0.000000000000000e+00 0.000000000000000e+00
 0.000000000000000e+00 0.000000000000000e+00 0.000000000000000e+00 0.000000000000000e+00 0.000000000000000e+00 0.000000000000000e+00 0.000000000000000e+00 0.000000000000000e+00 0.000000000000000e+00 0.000000000000000e+00
 0.000000000000000e+00 0.000000000000000e+00 0.000000000000000e+00 0.000000000000000e+00 0.000000000000000e+00 0.000000000000000e+00 0.000000000000000e+00 0.000000000000000e+00 0.000000000000000e+00 0.000000000000000e+00
 0.000000000000000e+00 0.000000000000000e+00 0.000000000000000e+00 0.000000000000000e+00 0.000000000000000e+00 0.000000000000000e+00 0.000000000000000e+00 0.000000000000000e+00 0.000000000000000e+00 0.000000000000000e+00
 0.000000000000000e+00 0.000000000000000e+00 0.000000000000000e+00 0.000000000000000e+00 0.000000000000000e+00 0.000000000000000e+00 0.000000000000000e+00 0.000000000000000e+00 0.000000000000000e+00 0.000000000000000e+00
 0.000000000000000e+00 0.000000000000000e+00 0.000000000000000e+00 0.000000000000000e+00 0.000000000000000e+00 0.000000000000000e+00 0.000000000000000e+00 0.000000000000000e+00 0.000000000000000e+00 0.000000000000000e+00
 0.000000000000000e+00 0.000000000000000e+00 0.000000000000000e+00 0.000000000000000e+00 0.000000000000000e+00 0.000000000000000e+00 0.000000000000000e+00 0.000000000000000e+00 0.000000000000000e+00 0.000000000000000e+00
 0.000000000000000e+00 0.000000000000000e+00 0.000000000000000e+00 0.000000000000000e+00 0.000000000000000e+00 0.000000000000000e+00 0.000000000000000e+00 0.000000000000000e+00 0.000000000000000e+00 0.000000000000000e+00
 0.000000000000000e+00 0.000000000000000e+00 0.000000000000000e+00 0.000000000000000e+00 0.000000000000000e+00 0.000000000000000e+00 0.000000000000000e+00 0.000000000000000e+00 0.000000000000000e+00 0.000000000000000e+00
 0.000000000000000e+00 0.000000000000000e+00 0.000000000000000e+00 0.000000000000000e+00 0.000000000000000e+00 0.000000000000000e+00 0.000000000000000e+00 0.000000000000000e+00 0.000000000000000e+00 0.000000000000000e+00
 0.000000000000000e+00 0.000000000000000e+00 0.000000000000000e+00 0.000000000000000e+00 0.000000000000000e+00 0.000000000000000e+00 0.000000000000000e+00 0.000000000000000e+00 0.000000000000000e+00 0.000000000000000e+00
 0.000000000000000e+00 0.000000000000000e+00 0.000000000000000e+00 0.000000000000000e+00 0.000000000000000e+00 0.000000000000000e+00 0.000000000000000e+00 0.000000000000000e+00 0.000000000000000e+00 0.000000000000000e+00
 0.000000000000000e+00 0.000000000000000e+00 0.000000000000000e+00 0.000000000000000e+00 0.000000000000000e+00 0.000000000000000e+00 0.000000000000000e+00 0.000000000000000e+00 0.000000000000000e+00 0.000000000000000e+00
 0.000000000000000e+00 0.000000000000000e+00 0.000000000000000e+00 0.000000000000000e+00 0.000000000000000e+00 0.000000000000000e+00 0.000000000000000e+00 0.000000000000000e+00 0.000000000000000e+00 0.000000000000000e+00
 0.000000000000000e+00 0.000000000000000e+00 0.000000000000000e+00 0.000000000000000e+00 0.000000000000000e+00 0.000000000000000e+00 0.000000000000000e+00 0.000000000000000e+00 0.000000000000000e+00 0.000000000000000e+00
 0.000000000000000e+00 0.000000000000000e+00 0.000000000000000e+00 0.000000000000000e+00 0.000000000000000e+00 0.000000000000000e+00 0.000000000000000e+00 0.000000000000000e+00 0.000000000000000e+00 0.000000000000000e+00
 0.000000000000000e+00 0.000000000000000e+00 0.000000000000000e+00 0.000000000000000e+00 0.000000000000000e+00 0.000000000000000e+00 0.000000000000000e+00 0.000000000000000e+00 0.000000000000000e+00 0.000000000000000e+00
 0.000000000000000e+00 0.000000000000000e+00 0.000000000000000e+00 0.000000000000000e+00 0.000000000000000e+00 0.000000000000000e+00 0.000000000000000e+00 0.000000000000000e+00 0.000000000000000e+00 0.000000000000000e+00
 0.000000000000000e+00 0.000000000000000e+00 0.000000000000000e+00 0.000000000000000e+00 0.000000000000000e+00 0.000000000000000e+00 0.000000000000000e+00 0.000000000000000e+00 0.000000000000000e+00 0.000000000000000e+00
 0.000000000000000e+00 0.000000000000000e+00 0.000000000000000e+00 0.000000000000000e+00 0.000000000000000e+00 0.000000000000000e+00 0.000000000000000e+00 0.000000000000000e+00 0.000000000000000e+00 0.000000000000000e+00
 0.000000000000000e+00 0.000000000000000e+00 0.000000000000000e+00 0.000000000000000e+00 0.000000000000000e+00 0.000000000000000e+00 0.000000000000000e+00 0.000000000000000e+00 0.000000000000000e+00 0.000000000000000e+00
 0.000000000000000e+00 0.000000000000000e+00 0.000000000000000e+00 0.000000000000000e+00 0.000000000000000e+00 0.000000000000000e+00 0.000000000000000e+00 0.000000000000000e+00 0.000000000000000e+00 0.000000000000000e+00
 0.000000000000000e+00 0.000000000000000e+00 0.000000000000000e+00 0.000000000000000e+00 0.000000000000000e+00 0.000000000000000e+00 0.000000000000000e+00 0.000000000000000e+00 0.000000000000000e+00 0.000000000000000e+00
 0.000000000000000e+00 0.000000000000000e+00 0.000000000000000e+00 0.000000000000000e+00 0.000000000000000e+00 0.000000000000000e+00 0.000000000000000e+00 0.000000000000000e+00 0.000000000000000e+00 0.000000000000000e+00
 0.000000000000000e+00 0.000000000000000e+00 0.000000000000000e+00 0.000000000000000e+00 0.000000000000000e+00 0.000000000000000e+00 0.000000000000000e+00 0.000000000000000e+00 0.000000000000000e+00 0.000000000000000e+00
 0.000000000000000e+00 0.000000000000000e+00 0.000000000000000e+00 0.000000000000000e+00 0.000000000000000e+00 0.000000000000000e+00 0.000000000000000e+00 0.000000000000000e+00 0.000000000000000e+00 0.000000000000000e+00
 0.000000000000000e+00 0.000000000000000e+00 0.000000000000000e+00 0.000000000000000e+00 0.000000000000000e+00 0.000000000000000e+00 0.000000000000000e+00 0.000000000000000e+00 0.000000000000000e+00 0.000000000000000e+00
 0.000000000000000e+00 0.000000000000000e+00 0.000000000000000e+00 0.000000000000000e+00 0.000000000000000e+00 0.000000000000000e+00 0.000000000000000e+00 0.000000000000000e+00 0.000000000000000e+00 0.000000000000000e+00
 0.000000000000000e+00 0.000000000000000e+00 0.000000000000000e+00 0.000000000000000e+00 0.000000000000000e+00 0.000000000000000e+00 0.000000000000000e+00 0.000000000000000e+00 0.000000000000000e+00 0.000000000000000e+00
 0.000000000000000e+00 0.000000000000000e+00 0.000000000000000e+00 0.000000000000000e+00 0.000000000000000e+00 0.000000000000000e+00 0.000000000000000e+00 0.000000000000000e+00 0.000000000000000e+00 0.000000000000000e+00
 0.000000000000000e+00 0.000000000000000e+00 0.000000000000000e+00 0.000000000000000e+00 0.000000000000000e+00 0.000000000000000e+00 0.000000000000000e+00 0.000000000000000e+00 0.000000000000000e+00 0.000000000000000e+00
 0.000000000000000e+00 0.000000000000000e+00 0.000000000000000e+00 0.000000000000000e+00 0.000000000000000e+00 0.000000000000000e+00 0.000000000000000e+00 0.000000000000000e+00 0.000000000000000e+00 0.000000000000000e+00
 0.000000000000000e+00 0.000000000000000e+00 0.000000000000000e+00 0.000000000000000e+00 0.000000000000000e+00 0.000000000000000e+00 0.000000000000000e+00 0.000000000000000e+00 0.000000000000000e+00 0.000000000000000e+00
 0.000000000000000e+00 0.000000000000000e+00 0.000000000000000e+00 0.000000000000000e+00 0.000000000000000e+00 0.000000000000000e+00 0.000000000000000e+00 0.000000000000000e+00 0.000000000000000e+00 0.000000000000000e+00
 0.000000000000000e+00 0.000000000000000e+00 0.000000000000000e+00 0.000000000000000e+00 0.000000000000000e+00 0.000000000000000e+00 0.000000000000000e+00 0.000000000000000e+00 0.000000000000000e+00 0.000000000000000e+00
 0.000000000000000e+00 0.000000000000000e+00 0.000000000000000e+00 0.000000000000000e+00 0.000000000000000e+00 0.000000000000000e+00 0.000000000000000e+00 0.000000000000000e+00 0.000000000000000e+00 0.000000000000000e+00
 0.000000000000000e+00 0.000000000000000e+00 0.000000000000000e+00 0.000000000000000e+00 0.000000000000000e+00 0.000000000000000e+00 0.000000000000000e+00 0.000000000000000e+00 0.000000000000000e+00 0.000000000000000e+00
 0.000000000000000e+00 0.000000000000000e+00 0.000000000000000e+00 0.000000000000000e+00 0.000000000000000e+00 0.000000000000000e+00 0.000000000000000e+00 0.000000000000000e+00 0.000000000000000e+00 0.000000000000000e+00
 0.000000000000000e+00 0.000000000000000e+00 0.000000000000000e+00 0.000000000000000e+00 0.000000000000000e+00 0.000000000000000e+00 0.000000000000000e+00 0.000000000000000e+00 0.000000000000000e+00 0.000000000000000e+00
 0.000000000000000e+00 0.000000000000000e+00 0.000000000000000e+00 0.000000000000000e+00 0.000000000000000e+00 0.000000000000000e+00 0.000000000000000e+00 0.000000000000000e+00 0.000000000000000e+00 0.000000000000000e+00
 0.000000000000000e+00 0.000000000000000e+00 0.000000000000000e+00 0.000000000000000e+00 0.000000000000000e+00 0.000000000000000e+00 0.000000000000000e+00 0.000000000000000e+00 0.000000000000000e+00 0.000000000000000e+00
 0.000000000000000e+00 0.000000000000000e+00 0.000000000000000e+00 0.000000000000000e+00 0.000000000000000e+00 0.000000000000000e+00 0.000000000000000e+00 0.000000000000000e+00 0.000000000000000e+00 0.000000000000000e+00
 0.000000000000000e+00 0.000000000000000e+00 0.000000000000000e+00 0.000000000000000e+00 0.000000000000000e+00 0.000000000000000e+00 0.000000000000000e+00 0.000000000000000e+00 0.000000000000000e+00 0.000000000000000e+00
 0.000000000000000e+00 0.000000000000000e+00 0.000000000000000e+00 0.000000000000000e+00 0.000000000000000e+00 0.000000000000000e+00 0.000000000000000e+00 0.000000000000000e+00 0.000000000000000e+00 0.000000000000000e+00
 0.000000000000000e+00 0.000000000000000e+00 0.000000000000000e+00 0.000000000000000e+00 0.000000000000000e+00 0.000000000000000e+00 0.000000000000000e+00 0.000000000000000e+00 0.000000000000000e+00 0.000000000000000e+00
 0.000000000000000e+00 0.000000000000000e+00 0.000000000000000e+00 0.000000000000000e+00 0.000000000000000e+00 0.000000000000000e+00 0.000000000000000e+00 0.000000000000000e+00 0.000000000000000e+00 0.000000000000000e+00
 0.000000000000000e+00 0.000000000000000e+00 0.000000000000000e+00 0.000000000000000e+00 0.000000000000000e+00 0.000000000000000e+00 0.000000000000000e+00 0.000000000000000e+00 0.000000000000000e+00 0.000000000000000e+00
 0.000000000000000e+00 0.000000000000000e+00 0.000000000000000e+00 0.000000000000000e+00 0.000000000000000e+00 0.000000000000000e+00 0.000000000000000e+00 0.000000000000000e+00 0.000000000000000e+00 0.000000000000000e+00
 0.000000000000000e+00 0.000000000000000e+00 0.000000000000000e+00 0.000000000000000e+00 0.000000000000000e+00 0.000000000000000e+00 0.000000000000000e+00 0.000000000000000e+00 0.000000000000000e+00 0.000000000000000e+00
 0.000000000000000e+00 0.000000000000000e+00 0.000000000000000e+00 0.000000000000000e+00 0.000000000000000e+00 0.000000000000000e+00 0.000000000000000e+00 0.000000000000000e+00 0.000000000000000e+00 0.000000000000000e+00
 0.000000000000000e+00 0.000000000000000e+00 0.000000000000000e+00 0.000000000000000e+00 0.000000000000000e+00 0.000000000000000e+00 0.000000000000000e+00 0.000000000000000e+00 0.000000000000000e+00 0.000000000000000e+00
 0.000000000000000e+00 0.000000000000000e+00 0.000000000000000e+00 0.000000000000000e+00 0.000000000000000e+00 0.000000000000000e+00 0.000000000000000e+00 0.000000000000000e+00 0.000000000000000e+00 0.000000000000000e+00
 0.000000000000000e+00 0.000000000000000e+00 0.000000000000000e+00 0.000000000000000e+00 0.000000000000000e+00 0.000000000000000e+00 0.000000000000000e+00 0.000000000000000e+00 0.000000000000000e+00 0.000000000000000e+00
 0.000000000000000e+00 0.000000000000000e+00 0.000000000000000e+00 0.000000000000000e+00 0.000000000000000e+00 0.000000000000000e+00 0.000000000000000e+00 0.000000000000000e+00 0.000000000000000e+00 0.000000000000000e+00
 0.000000000000000e+00 0.000000000000000e+00 0.000000000000000e+00 0.000000000000000e+00 0.000000000000000e+00 0.000000000000000e+00 0.000000000000000e+00 0.000000000000000e+00 0.000000000000000e+00 0.000000000000000e+00
 0.000000000000000e+00 0.000000000000000e+00 0.000000000000000e+00 0.000000000000000e+00 0.000000000000000e+00 0.000000000000000e+00 0.000000000000000e+00 0.000000000000000e+00 0.000000000000000e+00 0.000000000000000e+00
 0.000000000000000e+00 0.000000000000000e+00 0.000000000000000e+00 0.000000000000000e+00 0.000000000000000e+00 0.000000000000000e+00 0.000000000000000e+00 0.000000000000000e+00 0.000000000000000e+00 0.000000000000000e+00
 0.000000000000000e+00 0.000000000000000e+00 0.000000000000000e+00 0.000000000000000e+00 0.000000000000000e+00 0.000000000000000e+00 0.000000000000000e+00 0.000000000000000e+00 0.000000000000000e+00 0.000000000000000e+00
 0.000000000000000e+00 0.000000000000000e+00 0.000000000000000e+00 0.000000000000000e+00 0.000000000000000e+00 0.000000000000000e+00 0.000000000000000e+00 0.000000000000000e+00 0.000000000000000e+00 0.000000000000000e+00
 0.000000000000000e+00 0.000000000000000e+00 0.000000000000000e+00 0.000000000000000e+00 0.000000000000000e+00 0.000000000000000e+00 0.000000000000000e+00 0.000000000000000e+00 0.000000000000000e+00 0.000000000000000e+00
 0.000000000000000e+00 0.000000000000000e+00 0.000000000000000e+00 0.000000000000000e+00 0.000000000000000e+00 0.000000000000000e+00 0.000000000000000e+00 0.000000000000000e+00 0.000000000000000e+00 0.000000000000000e+00
 0.000000000000000e+00 0.000000000000000e+00 0.000000000000000e+00 0.000000000000000e+00 0.000000000000000e+00 0.000000000000000e+00 0.000000000000000e+00 0.000000000000000e+00 0.000000000000000e+00 0.000000000000000e+00
 0.000000000000000e+00 0.000000000000000e+00 0.000000000000000e+00 0.000000000000000e+00 0.000000000000000e+00 0.000000000000000e+00 0.000000000000000e+00 0.000000000000000e+00 0.000000000000000e+00 0.000000000000000e+00
 0.000000000000000e+00 0.000000000000000e+00 0.000000000000000e+00 0.000000000000000e+00 0.000000000000000e+00 0.000000000000000e+00 0.000000000000000e+00 0.000000000000000e+00 0.000000000000000e+00 0.000000000000000e+00
 0.000000000000000e+00 0.000000000000000e+00 0.000000000000000e+00 0.000000000000000e+00 0.000000000000000e+00 0.000000000000000e+00 0.000000000000000e+00 0.000000000000000e+00 0.000000000000000e+00 0.000000000000000e+00
 0.000000000000000e+00 0.000000000000000e+00 0.000000000000000e+00 0.000000000000000e+00 0.000000000000000e+00 0.000000000000000e+00 0.000000000000000e+00 0.000000000000000e+00 0.000000000000000e+00 0.000000000000000e+00
 0.000000000000000e+00 0.000000000000000e+00 0.000000000000000e+00 0.000000000000000e+00 0.000000000000000e+00 0.000000000000000e+00 0.000000000000000e+00 0.000000000000000e+00 0.000000000000000e+00 0.000000000000000e+00
 0.000000000000000e+00 0.000000000000000e+00 0.000000000000000e+00 0.000000000000000e+00 0.000000000000000e+00 0.000000000000000e+00 0.000000000000000e+00 0.000000000000000e+00 0.000000000000000e+00 0.000000000000000e+00
 0.000000000000000e+00 0.000000000000000e+00 0.000000000000000e+00 0.000000000000000e+00 0.000000000000000e+00 0.000000000000000e+00 0.000000000000000e+00 0.000000000000000e+00 0.000000000000000e+00 0.000000000000000e+00
 0.000000000000000e+00 0.000000000000000e+00 0.000000000000000e+00 0.000000000000000e+00 0.000000000000000e+00 0.000000000000000e+00 0.000000000000000e+00 0.000000000000000e+00 0.000000000000000e+00 0.000000000000000e+00
 0.000000000000000e+00 0.000000000000000e+00 0.000000000000000e+00 0.000000000000000e+00 0.000000000000000e+00 0.000000000000000e+00 0.000000000000000e+00 0.000000000000000e+00 0.000000000000000e+00 0.000000000000000e+00
 0.000000000000000e+00 0.000000000000000e+00 0.000000000000000e+00 0.000000000000000e+00 0.000000000000000e+00 0.000000000000000e+00 0.000000000000000e+00 0.000000000000000e+00 0.000000000000000e+00 0.000000000000000e+00
 0.000000000000000e+00 0.000000000000000e+00 0.000000000000000e+00 0.000000000000000e+00 0.000000000000000e+00 0.000000000000000e+00 0.000000000000000e+00 0.000000000000000e+00 0.000000000000000e+00 0.000000000000000e+00
 0.000000000000000e+00 0.000000000000000e+00 0.000000000000000e+00 0.000000000000000e+00 0.000000000000000e+00 0.000000000000000e+00 0.000000000000000e+00 0.000000000000000e+00 0.000000000000000e+00 0.000000000000000e+00
 0.000000000000000e+00 0.000000000000000e+00 0.000000000000000e+00 0.000000000000000e+00 0.000000000000000e+00 0.000000000000000e+00 0.000000000000000e+00 0.000000000000000e+00 0.000000000000000e+00 0.000000000000000e+00
 0.000000000000000e+00 0.000000000000000e+00 0.000000000000000e+00 0.000000000000000e+00 0.000000000000000e+00 0.000000000000000e+00 0.000000000000000e+00 0.000000000000000e+00 0.000000000000000e+00 0.000000000000000e+00
 0.000000000000000e+00 0.000000000000000e+00 0.000000000000000e+00 0.000000000000000e+00 0.000000000000000e+00 0.000000000000000e+00 0.000000000000000e+00 0.000000000000000e+00 0.000000000000000e+00 0.000000000000000e+00
 0.000000000000000e+00 0.000000000000000e+00 0.000000000000000e+00 0.000000000000000e+00 0.000000000000000e+00 0.000000000000000e+00 0.000000000000000e+00 0.000000000000000e+00 0.000000000000000e+00 0.000000000000000e+00
 0.000000000000000e+00 0.000000000000000e+00 0.000000000000000e+00 0.000000000000000e+00 0.000000000000000e+00 0.000000000000000e+00 0.000000000000000e+00 0.000000000000000e+00 0.000000000000000e+00 0.000000000000000e+00
 0.000000000000000e+00 0.000000000000000e+00 0.000000000000000e+00 0.000000000000000e+00 0.000000000000000e+00 0.000000000000000e+00 0.000000000000000e+00 0.000000000000000e+00 0.000000000000000e+00 0.000000000000000e+00
 0.000000000000000e+00 0.000000000000000e+00 0.000000000000000e+00 0.000000000000000e+00 0.000000000000000e+00 0.000000000000000e+00 0.000000000000000e+00 0.000000000000000e+00 0.000000000000000e+00 0.000000000000000e+00
 0.000000000000000e+00 0.000000000000000e+00 0.000000000000000e+00 0.000000000000000e+00 0.000000000000000e+00 0.000000000000000e+00 0.000000000000000e+00 0.000000000000000e+00 0.000000000000000e+00 0.000000000000000e+00
 0.000000000000000e+00 0.000000000000000e+00 0.000000000000000e+00 0.000000000000000e+00 0.000000000000000e+00 0.000000000000000e+00 0.000000000000000e+00 0.000000000000000e+00 0.000000000000000e+00 0.000000000000000e+00
 0.000000000000000e+00 0.000000000000000e+00 0.000000000000000e+00 0.000000000000000e+00 0.000000000000000e+00 0.000000000000000e+00 0.000000000000000e+00 0.000000000000000e+00 0.000000000000000e+00 0.000000000000000e+00
 0.000000000000000e+00 0.000000000000000e+00 0.000000000000000e+00 0.000000000000000e+00 0.000000000000000e+00 0.000000000000000e+00 0.000000000000000e+00 0.000000000000000e+00 0.000000000000000e+00 0.000000000000000e+00
 0.000000000000000e+00 0.000000000000000e+00 0.000000000000000e+00 0.000000000000000e+00 0.000000000000000e+00 0.000000000000000e+00 0.000000000000000e+00 0.000000000000000e+00 0.000000000000000e+00 0.000000000000000e+00
 0.000000000000000e+00 0.000000000000000e+00 0.000000000000000e+00 0.000000000000000e+00 0.000000000000000e+00 0.000000000000000e+00 0.000000000000000e+00 0.000000000000000e+00 0.000000000000000e+00 0.000000000000000e+00
 0.000000000000000e+00 0.000000000000000e+00 0.000000000000000e+00 0.000000000000000e+00 0.000000000000000e+00 0.000000000000000e+00 0.000000000000000e+00 0.000000000000000e+00 0.000000000000000e+00 0.000000000000000e+00
 0.000000000000000e+00 0.000000000000000e+00 0.000000000000000e+00 0.000000000000000e+00 0.000000000000000e+00 0.000000000000000e+00 0.000000000000000e+00 0.000000000000000e+00 0.000000000000000e+00 0.000000000000000e+00
 0.000000000000000e+00 0.000000000000000e+00 0.000000000000000e+00 0.000000000000000e+00 0.000000000000000e+00 0.000000000000000e+00 0.000000000000000e+00 0.000000000000000e+00 0.000000000000000e+00 0.000000000000000e+00
 0.000000000000000e+00 0.000000000000000e+00 0.000000000000000e+00 0.000000000000000e+00 0.000000000000000e+00 0.000000000000000e+00 0.000000000000000e+00 0.000000000000000e+00 0.000000000000000e+00 0.000000000000000e+00
 0.000000000000000e+00 0.000000000000000e+00 0.000000000000000e+00 0.000000000000000e+00 0.000000000000000e+00 0.000000000000000e+00 0.000000000000000e+00 0.000000000000000e+00 0.000000000000000e+00 0.000000000000000e+00
 0.000000000000000e+00 0.000000000000000e+00 0.000000000000000e+00 0.000000000000000e+00 0.000000000000000e+00 0.000000000000000e+00 0.000000000000000e+00 0.000000000000000e+00 0.000000000000000e+00 0.000000000000000e+00
 0.000000000000000e+00 0.000000000000000e+00 0.000000000000000e+00 0.000000000000000e+00 0.000000000000000e+00 0.000000000000000e+00 0.000000000000000e+00 0.000000000000000e+00 0.000000000000000e+00 0.000000000000000e+00
 0.000000000000000e+00 0.000000000000000e+00 0.000000000000000e+00 0.000000000000000e+00 0.000000000000000e+00 0.000000000000000e+00 0.000000000000000e+00 0.000000000000000e+00 0.000000000000000e+00 0.000000000000000e+00
 0.000000000000000e+00 0.000000000000000e+00 0.000000000000000e+00 0.000000000000000e+00 0.000000000000000e+00 0.000000000000000e+00 0.000000000000000e+00 0.000000000000000e+00 0.000000000000000e+00 0.000000000000000e+00
 0.000000000000000e+00 0.000000000000000e+00 0.000000000000000e+00 0.000000000000000e+00 0.000000000000000e+00 0.000000000000000e+00 0.000000000000000e+00 0.000000000000000e+00 0.000000000000000e+00 0.000000000000000e+00
 0.000000000000000e+00 0.000000000000000e+00 0.000000000000000e+00 0.000000000000000e+00 0.000000000000000e+00 0.000000000000000e+00 0.000000000000000e+00 0.000000000000000e+00 0.000000000000000e+00 0.000000000000000e+00
 0.000000000000000e+00 0.000000000000000e+00 0.000000000000000e+00 0.000000000000000e+00 0.000000000000000e+00 0.000000000000000e+00 0.000000000000000e+00 0.000000000000000e+00 0.000000000000000e+00 0.000000000000000e+00
 0.000000000000000e+00 0.000000000000000e+00 0.000000000000000e+00 0.000000000000000e+00 0.000000000000000e+00 0.000000000000000e+00 0.000000000000000e+00 0.000000000000000e+00 0.000000000000000e+00 0.000000000000000e+00
 0.000000000000000e+00 0.000000000000000e+00 0.000000000000000e+00 0.000000000000000e+00 0.000000000000000e+00 0.000000000000000e+00 0.000000000000000e+00 0.000000000000000e+00 0.000000000000000e+00 0.000000000000000e+00
 0.000000000000000e+00 0.000000000000000e+00 0.000000000000000e+00 0.000000000000000e+00 0.000000000000000e+00 0.000000000000000e+00 0.000000000000000e+00 0.000000000000000e+00 0.000000000000000e+00 0.000000000000000e+00
 0.000000000000000e+00 0.000000000000000e+00 0.000000000000000e+00 0.000000000000000e+00 0.000000000000000e+00 0.000000000000000e+00 0.000000000000000e+00 0.000000000000000e+00 0.000000000000000e+00 0.000000000000000e+00
 0.000000000000000e+00 0.000000000000000e+00 0.000000000000000e+00 0.000000000000000e+00 0.000000000000000e+00 0.000000000000000e+00 0.000000000000000e+00 0.000000000000000e+00 0.000000000000000e+00 0.000000000000000e+00
 0.000000000000000e+00 0.000000000000000e+00 0.000000000000000e+00 0.000000000000000e+00 0.000000000000000e+00 0.000000000000000e+00 0.000000000000000e+00 0.000000000000000e+00 0.000000000000000e+00 0.000000000000000e+00
 0.000000000000000e+00 0.000000000000000e+00 0.000000000000000e+00 0.000000000000000e+00 0.000000000000000e+00 0.000000000000000e+00 0.000000000000000e+00 0.000000000000000e+00 0.000000000000000e+00 0.000000000000000e+00
 0.000000000000000e+00 0.000000000000000e+00 0.000000000000000e+00 0.000000000000000e+00 0.000000000000000e+00 0.000000000000000e+00 0.000000000000000e+00 0.000000000000000e+00 0.000000000000000e+00 0.000000000000000e+00
 0.000000000000000e+00 0.000000000000000e+00 0.000000000000000e+00 0.000000000000000e+00 0.000000000000000e+00 0.000000000000000e+00 0.000000000000000e+00 0.000000000000000e+00 0.000000000000000e+00 0.000000000000000e+00
 0.000000000000000e+00 0.000000000000000e+00 0.000000000000000e+00 0.000000000000000e+00 0.000000000000000e+00 0.000000000000000e+00 0.000000000000000e+00 0.000000000000000e+00 0.000000000000000e+00 0.000000000000000e+00
 0.000000000000000e+00 0.000000000000000e+00 0.000000000000000e+00 0.000000000000000e+00 0.000000000000000e+00 0.000000000000000e+00 0.000000000000000e+00 0.000000000000000e+00 0.000000000000000e+00 0.000000000000000e+00
 0.000000000000000e+00 0.000000000000000e+00 0.000000000000000e+00 0.000000000000000e+00 0.000000000000000e+00 0.000000000000000e+00 0.000000000000000e+00 0.000000000000000e+00 0.000000000000000e+00 0.000000000000000e+00
 0.000000000000000e+00 0.000000000000000e+00 0.000000000000000e+00 0.000000000000000e+00 0.000000000000000e+00 0.000000000000000e+00 0.000000000000000e+00 0.000000000000000e+00 0.000000000000000e+00 0.000000000000000e+00
 0.000000000000000e+00 0.000000000000000e+00 0.000000000000000e+00 0.000000000000000e+00 0.000000000000000e+00 0.000000000000000e+00 0.000000000000000e+00 0.000000000000000e+00 0.000000000000000e+00 0.000000000000000e+00
 0.000000000000000e+00 0.000000000000000e+00 0.000000000000000e+00 0.000000000000000e+00 0.000000000000000e+00 0.000000000000000e+00 0.000000000000000e+00 0.000000000000000e+00 0.000000000000000e+00 0.000000000000000e+00
 0.000000000000000e+00 0.000000000000000e+00 0.000000000000000e+00 0.000000000000000e+00 0.000000000000000e+00 0.000000000000000e+00 0.000000000000000e+00 0.000000000000000e+00 0.000000000000000e+00 0.000000000000000e+00
 0.000000000000000e+00 0.000000000000000e+00 0.000000000000000e+00 0.000000000000000e+00 0.000000000000000e+00 0.000000000000000e+00 0.000000000000000e+00 0.000000000000000e+00 0.000000000000000e+00 0.000000000000000e+00
 0.000000000000000e+00 0.000000000000000e+00 0.000000000000000e+00 0.000000000000000e+00 0.000000000000000e+00 0.000000000000000e+00 0.000000000000000e+00 0.000000000000000e+00 0.000000000000000e+00 0.000000000000000e+00
 0.000000000000000e+00 0.000000000000000e+00 0.000000000000000e+00 0.000000000000000e+00 0.000000000000000e+00 0.000000000000000e+00 0.000000000000000e+00 0.000000000000000e+00 0.000000000000000e+00 0.000000000000000e+00
 0.000000000000000e+00 0.000000000000000e+00 0.000000000000000e+00 0.000000000000000e+00 0.000000000000000e+00 0.000000000000000e+00 0.000000000000000e+00 0.000000000000000e+00 0.000000000000000e+00 0.000000000000000e+00
 0.000000000000000e+00 0.000000000000000e+00 0.000000000000000e+00 0.000000000000000e+00 0.000000000000000e+00 0.000000000000000e+00 0.000000000000000e+00 0.000000000000000e+00 0.000000000000000e+00 0.000000000000000e+00
 0.000000000000000e+00 0.000000000000000e+00 0.000000000000000e+00 0.000000000000000e+00 0.000000000000000e+00 0.000000000000000e+00 0.000000000000000e+00 0.000000000000000e+00 0.000000000000000e+00 0.000000000000000e+00
 0.000000000000000e+00 0.000000000000000e+00 0.000000000000000e+00 0.000000000000000e+00 0.000000000000000e+00 0.000000000000000e+00 0.000000000000000e+00 0.000000000000000e+00 0.000000000000000e+00 0.000000000000000e+00
 0.000000000000000e+00 0.000000000000000e+00 0.000000000000000e+00 0.000000000000000e+00 0.000000000000000e+00 0.000000000000000e+00 0.000000000000000e+00 0.000000000000000e+00 0.000000000000000e+00 0.000000000000000e+00
 0.000000000000000e+00 0.000000000000000e+00 0.000000000000000e+00 0.000000000000000e+00 0.000000000000000e+00 0.000000000000000e+00 0.000000000000000e+00 0.000000000000000e+00 0.000000000000000e+00 0.000000000000000e+00
 0.000000000000000e+00 0.000000000000000e+00 0.000000000000000e+00 0.000000000000000e+00 0.000000000000000e+00 0.000000000000000e+00 0.000000000000000e+00 0.000000000000000e+00 0.000000000000000e+00 0.000000000000000e+00
 0.000000000000000e+00 0.000000000000000e+00 0.000000000000000e+00 0.000000000000000e+00 0.000000000000000e+00 0.000000000000000e+00 0.000000000000000e+00 0.000000000000000e+00 0.000000000000000e+00 0.000000000000000e+00
 0.000000000000000e+00 0.000000000000000e+00 0.000000000000000e+00 0.000000000000000e+00 0.000000000000000e+00 0.000000000000000e+00 0.000000000000000e+00 0.000000000000000e+00 0.000000000000000e+00 0.000000000000000e+00
 0.000000000000000e+00 0.000000000000000e+00 0.000000000000000e+00 0.000000000000000e+00 0.000000000000000e+00 0.000000000000000e+00 0.000000000000000e+00 0.000000000000000e+00 0.000000000000000e+00 0.000000000000000e+00
 0.000000000000000e+00 0.000000000000000e+00 0.000000000000000e+00 0.000000000000000e+00 0.000000000000000e+00 0.000000000000000e+00 0.000000000000000e+00 0.000000000000000e+00 0.000000000000000e+00 0.000000000000000e+00
 0.000000000000000e+00 0.000000000000000e+00 0.000000000000000e+00 0.000000000000000e+00 0.000000000000000e+00 0.000000000000000e+00 0.000000000000000e+00 0.000000000000000e+00 0.000000000000000e+00 0.000000000000000e+00
 0.000000000000000e+00 0.000000000000000e+00 0.000000000000000e+00 0.000000000000000e+00 0.000000000000000e+00 0.000000000000000e+00 0.000000000000000e+00 0.000000000000000e+00 0.000000000000000e+00 0.000000000000000e+00
 0.000000000000000e+00 0.000000000000000e+00 0.000000000000000e+00 0.000000000000000e+00 0.000000000000000e+00 0.000000000000000e+00 0.000000000000000e+00 0.000000000000000e+00 0.000000000000000e+00 0.000000000000000e+00
 0.000000000000000e+00 0.000000000000000e+00 0.000000000000000e+00 0.000000000000000e+00 0.000000000000000e+00 0.000000000000000e+00 0.000000000000000e+00 0.000000000000000e+00 0.000000000000000e+00 0.000000000000000e+00
 0.000000000000000e+00 0.000000000000000e+00 0.000000000000000e+00 0.000000000000000e+00 0.000000000000000e+00 0.000000000000000e+00 0.000000000000000e+00 0.000000000000000e+00 0.000000000000000e+00 0.000000000000000e+00
 0.000000000000000e+00 0.000000000000000e+00 0.000000000000000e+00 0.000000000000000e+00 0.000000000000000e+00 0.000000000000000e+00 0.000000000000000e+00 0.000000000000000e+00 0.000000000000000e+00 0.000000000000000e+00
 0.000000000000000e+00 0.000000000000000e+00 0.000000000000000e+00 0.000000000000000e+00 0.000000000000000e+00 0.000000000000000e+00 0.000000000000000e+00 0.000000000000000e+00 0.000000000000000e+00 0.000000000000000e+00
 0.000000000000000e+00 0.000000000000000e+00 0.000000000000000e+00 0.000000000000000e+00 0.000000000000000e+00 0.000000000000000e+00 0.000000000000000e+00 0.000000000000000e+00 0.000000000000000e+00 0.000000000000000e+00
 0.000000000000000e+00 0.000000000000000e+00 0.000000000000000e+00 0.000000000000000e+00 0.000000000000000e+00 0.000000000000000e+00 0.000000000000000e+00 0.000000000000000e+00 0.000000000000000e+00 0.000000000000000e+00
 0.000000000000000e+00 0.000000000000000e+00 0.000000000000000e+00 0.000000000000000e+00 0.000000000000000e+00 0.000000000000000e+00 0.000000000000000e+00 0.000000000000000e+00 0.000000000000000e+00 0.000000000000000e+00
 0.000000000000000e+00 0.000000000000000e+00 0.000000000000000e+00 0.000000000000000e+00 0.000000000000000e+00 0.000000000000000e+00 0.000000000000000e+00 0.000000000000000e+00 0.000000000000000e+00 0.000000000000000e+00
 0.000000000000000e+00 0.000000000000000e+00 0.000000000000000e+00 0.000000000000000e+00 0.000000000000000e+00 0.000000000000000e+00 0.000000000000000e+00 0.000000000000000e+00 0.000000000000000e+00 0.000000000000000e+00
 0.000000000000000e+00 0.000000000000000e+00 0.000000000000000e+00 0.000000000000000e+00 0.000000000000000e+00 0.000000000000000e+00 0.000000000000000e+00 0.000000000000000e+00 0.000000000000000e+00 0.000000000000000e+00
 0.000000000000000e+00 0.000000000000000e+00 0.000000000000000e+00 0.000000000000000e+00 0.000000000000000e+00 0.000000000000000e+00 0.000000000000000e+00 0.000000000000000e+00 0.000000000000000e+00 0.000000000000000e+00
 0.000000000000000e+00 0.000000000000000e+00 0.000000000000000e+00 0.000000000000000e+00 0.000000000000000e+00 0.000000000000000e+00 0.000000000000000e+00 0.000000000000000e+00 0.000000000000000e+00 0.000000000000000e+00
 0.000000000000000e+00 0.000000000000000e+00 0.000000000000000e+00 0.000000000000000e+00 0.000000000000000e+00 0.000000000000000e+00 0.000000000000000e+00 0.000000000000000e+00 0.000000000000000e+00 0.000000000000000e+00
 0.000000000000000e+00 0.000000000000000e+00 0.000000000000000e+00 0.000000000000000e+00 0.000000000000000e+00 0.000000000000000e+00 0.000000000000000e+00 0.000000000000000e+00 0.000000000000000e+00 0.000000000000000e+00
 0.000000000000000e+00 0.000000000000000e+00 0.000000000000000e+00 0.000000000000000e+00 0.000000000000000e+00 0.000000000000000e+00 0.000000000000000e+00 0.000000000000000e+00 0.000000000000000e+00 0.000000000000000e+00
 0.000000000000000e+00 0.000000000000000e+00 0.000000000000000e+00 0.000000000000000e+00 0.000000000000000e+00 0.000000000000000e+00 0.000000000000000e+00 0.000000000000000e+00 0.000000000000000e+00 0.000000000000000e+00
 0.000000000000000e+00 0.000000000000000e+00 0.000000000000000e+00 0.000000000000000e+00 0.000000000000000e+00 0.000000000000000e+00 0.000000000000000e+00 0.000000000000000e+00 0.000000000000000e+00 0.000000000000000e+00
 0.000000000000000e+00 0.000000000000000e+00 0.000000000000000e+00 0.000000000000000e+00 0.000000000000000e+00 0.000000000000000e+00 0.000000000000000e+00 0.000000000000000e+00 0.000000000000000e+00 0.000000000000000e+00
 0.000000000000000e+00 0.000000000000000e+00 0.000000000000000e+00 0.000000000000000e+00 0.000000000000000e+00 0.000000000000000e+00 0.000000000000000e+00 0.000000000000000e+00 0.000000000000000e+00 0.000000000000000e+00
 0.000000000000000e+00 0.000000000000000e+00 0.000000000000000e+00 0.000000000000000e+00 0.000000000000000e+00 0.000000000000000e+00 0.000000000000000e+00 0.000000000000000e+00 0.000000000000000e+00 0.000000000000000e+00
 0.000000000000000e+00 0.000000000000000e+00 0.000000000000000e+00 0.000000000000000e+00 0.000000000000000e+00 0.000000000000000e+00 0.000000000000000e+00 0.000000000000000e+00 0.000000000000000e+00 0.000000000000000e+00
 0.000000000000000e+00 0.000000000000000e+00 0.000000000000000e+00 0.000000000000000e+00 0.000000000000000e+00 0.000000000000000e+00 0.000000000000000e+00 0.000000000000000e+00 0.000000000000000e+00 0.000000000000000e+00
 0.000000000000000e+00 0.000000000000000e+00 0.000000000000000e+00 0.000000000000000e+00 0.000000000000000e+00 0.000000000000000e+00 0.000000000000000e+00 0.000000000000000e+00 0.000000000000000e+00 0.000000000000000e+00
 0.000000000000000e+00 0.000000000000000e+00 0.000000000000000e+00 0.000000000000000e+00 0.000000000000000e+00 0.000000000000000e+00 0.000000000000000e+00 0.000000000000000e+00 0.000000000000000e+00 0.000000000000000e+00
 0.000000000000000e+00 0.000000000000000e+00 0.000000000000000e+00 0.000000000000000e+00 0.000000000000000e+00 0.000000000000000e+00 0.000000000000000e+00 0.000000000000000e+00 0.000000000000000e+00 0.000000000000000e+00
 0.000000000000000e+00 0.000000000000000e+00 0.000000000000000e+00 0.000000000000000e+00 0.000000000000000e+00 0.000000000000000e+00 0.000000000000000e+00 0.000000000000000e+00 0.000000000000000e+00 0.000000000000000e+00
 0.000000000000000e+00 0.000000000000000e+00 0.000000000000000e+00 0.000000000000000e+00 0.000000000000000e+00 0.000000000000000e+00 0.000000000000000e+00 0.000000000000000e+00 0.000000000000000e+00 0.000000000000000e+00
 0.000000000000000e+00 0.000000000000000e+00 0.000000000000000e+00 0.000000000000000e+00 0.000000000000000e+00 0.000000000000000e+00 0.000000000000000e+00 0.000000000000000e+00 0.000000000000000e+00 0.000000000000000e+00
 0.000000000000000e+00 0.000000000000000e+00 0.000000000000000e+00 0.000000000000000e+00 0.000000000000000e+00 0.000000000000000e+00 0.000000000000000e+00 0.000000000000000e+00 0.000000000000000e+00 0.000000000000000e+00
 0.000000000000000e+00 0.000000000000000e+00 0.000000000000000e+00 0.000000000000000e+00 0.000000000000000e+00 0.000000000000000e+00 0.000000000000000e+00 0.000000000000000e+00 0.000000000000000e+00 0.000000000000000e+00
 0.000000000000000e+00 0.000000000000000e+00 0.000000000000000e+00 0.000000000000000e+00 0.000000000000000e+00 0.000000000000000e+00 0.000000000000000e+00 0.000000000000000e+00 0.000000000000000e+00 0.000000000000000e+00
 0.000000000000000e+00 0.000000000000000e+00 0.000000000000000e+00 0.000000000000000e+00 0.000000000000000e+00 0.000000000000000e+00 0.000000000000000e+00 0.000000000000000e+00 0.000000000000000e+00 0.000000000000000e+00
 0.000000000000000e+00 0.000000000000000e+00 0.000000000000000e+00 0.000000000000000e+00 0.000000000000000e+00 0.000000000000000e+00 0.000000000000000e+00 0.000000000000000e+00 0.000000000000000e+00 0.000000000000000e+00
 0.000000000000000e+00 0.000000000000000e+00 0.000000000000000e+00 0.000000000000000e+00 0.000000000000000e+00 0.000000000000000e+00 0.000000000000000e+00 0.000000000000000e+00 0.000000000000000e+00 0.000000000000000e+00
 0.000000000000000e+00 0.000000000000000e+00 0.000000000000000e+00 0.000000000000000e+00 0.000000000000000e+00 0.000000000000000e+00 0.000000000000000e+00 0.000000000000000e+00 0.000000000000000e+00 0.000000000000000e+00
 0.000000000000000e+00 0.000000000000000e+00 0.000000000000000e+00 0.000000000000000e+00 0.000000000000000e+00 0.000000000000000e+00 0.000000000000000e+00 0.000000000000000e+00 0.000000000000000e+00 0.000000000000000e+00
 0.000000000000000e+00 0.000000000000000e+00 0.000000000000000e+00 0.000000000000000e+00 0.000000000000000e+00 0.000000000000000e+00 0.000000000000000e+00 0.000000000000000e+00 0.000000000000000e+00 0.000000000000000e+00
 0.000000000000000e+00 0.000000000000000e+00 0.000000000000000e+00 0.000000000000000e+00 0.000000000000000e+00 0.000000000000000e+00 0.000000000000000e+00 0.000000000000000e+00 0.000000000000000e+00 0.000000000000000e+00
 0.000000000000000e+00 0.000000000000000e+00 0.000000000000000e+00 0.000000000000000e+00 0.000000000000000e+00 0.000000000000000e+00 0.000000000000000e+00 0.000000000000000e+00 0.000000000000000e+00 0.000000000000000e+00
 0.000000000000000e+00 0.000000000000000e+00 0.000000000000000e+00 0.000000000000000e+00 0.000000000000000e+00 0.000000000000000e+00 0.000000000000000e+00 0.000000000000000e+00 0.000000000000000e+00 0.000000000000000e+00
 0.000000000000000e+00 0.000000000000000e+00 0.000000000000000e+00 0.000000000000000e+00 0.000000000000000e+00 0.000000000000000e+00 0.000000000000000e+00 0.000000000000000e+00 0.000000000000000e+00 0.000000000000000e+00
 0.000000000000000e+00 0.000000000000000e+00 0.000000000000000e+00 0.000000000000000e+00 0.000000000000000e+00 0.000000000000000e+00 0.000000000000000e+00 0.000000000000000e+00 0.000000000000000e+00 0.000000000000000e+00
 0.000000000000000e+00 0.000000000000000e+00 0.000000000000000e+00 0.000000000000000e+00 0.000000000000000e+00 0.000000000000000e+00 0.000000000000000e+00 0.000000000000000e+00 0.000000000000000e+00 0.000000000000000e+00
 0.000000000000000e+00 0.000000000000000e+00 0.000000000000000e+00 0.000000000000000e+00 0.000000000000000e+00 0.000000000000000e+00 0.000000000000000e+00 0.000000000000000e+00 0.000000000000000e+00 0.000000000000000e+00
 0.000000000000000e+00 0.000000000000000e+00 0.000000000000000e+00 0.000000000000000e+00 0.000000000000000e+00 0.000000000000000e+00 0.000000000000000e+00 0.000000000000000e+00 0.000000000000000e+00 0.000000000000000e+00
 0.000000000000000e+00 0.000000000000000e+00 0.000000000000000e+00 0.000000000000000e+00 0.000000000000000e+00 0.000000000000000e+00 0.000000000000000e+00 0.000000000000000e+00 0.000000000000000e+00 0.000000000000000e+00
 0.000000000000000e+00 0.000000000000000e+00 0.000000000000000e+00 0.000000000000000e+00 0.000000000000000e+00 0.000000000000000e+00 0.000000000000000e+00 0.000000000000000e+00 0.000000000000000e+00 0.000000000000000e+00
 0.000000000000000e+00 0.000000000000000e+00 0.000000000000000e+00 0.000000000000000e+00 0.000000000000000e+00 0.000000000000000e+00 0.000000000000000e+00 0.000000000000000e+00 0.000000000000000e+00 0.000000000000000e+00
 0.000000000000000e+00 0.000000000000000e+00 0.000000000000000e+00 0.000000000000000e+00 0.000000000000000e+00 0.000000000000000e+00 0.000000000000000e+00 0.000000000000000e+00 0.000000000000000e+00 0.000000000000000e+00
 0.000000000000000e+00 0.000000000000000e+00 0.000000000000000e+00 0.000000000000000e+00 0.000000000000000e+00 0.000000000000000e+00 0.000000000000000e+00 0.000000000000000e+00 0.000000000000000e+00 0.000000000000000e+00
 0.000000000000000e+00 0.000000000000000e+00 0.000000000000000e+00 0.000000000000000e+00 0.000000000000000e+00 0.000000000000000e+00 0.000000000000000e+00 0.000000000000000e+00 0.000000000000000e+00 0.000000000000000e+00
 0.000000000000000e+00 0.000000000000000e+00 0.000000000000000e+00 0.000000000000000e+00 0.000000000000000e+00 0.000000000000000e+00 0.000000000000000e+00 0.000000000000000e+00 0.000000000000000e+00 0.000000000000000e+00
 0.000000000000000e+00 0.000000000000000e+00 0.000000000000000e+00 0.000000000000000e+00 0.000000000000000e+00 0.000000000000000e+00 0.000000000000000e+00 0.000000000000000e+00 0.000000000000000e+00 0.000000000000000e+00
 0.000000000000000e+00 0.000000000000000e+00 0.000000000000000e+00 0.000000000000000e+00 0.000000000000000e+00 0.000000000000000e+00 0.000000000000000e+00 0.000000000000000e+00 0.000000000000000e+00 0.000000000000000e+00
 0.000000000000000e+00 0.000000000000000e+00 0.000000000000000e+00 0.000000000000000e+00 0.000000000000000e+00 0.000000000000000e+00 0.000000000000000e+00 0.000000000000000e+00 0.000000000000000e+00 0.000000000000000e+00
 0.000000000000000e+00 0.000000000000000e+00 0.000000000000000e+00 0.000000000000000e+00 0.000000000000000e+00 0.000000000000000e+00 0.000000000000000e+00 0.000000000000000e+00 0.000000000000000e+00 0.000000000000000e+00
 0.000000000000000e+00 0.000000000000000e+00 0.000000000000000e+00 0.000000000000000e+00 0.000000000000000e+00 0.000000000000000e+00 0.000000000000000e+00 0.000000000000000e+00 0.000000000000000e+00 0.000000000000000e+00
 0.000000000000000e+00 0.000000000000000e+00 0.000000000000000e+00 0.000000000000000e+00 0.000000000000000e+00 0.000000000000000e+00 0.000000000000000e+00 0.000000000000000e+00 0.000000000000000e+00 0.000000000000000e+00
 0.000000000000000e+00 0.000000000000000e+00 0.000000000000000e+00 0.000000000000000e+00 0.000000000000000e+00 0.000000000000000e+00 0.000000000000000e+00 0.000000000000000e+00 0.000000000000000e+00 0.000000000000000e+00
 0.000000000000000e+00 0.000000000000000e+00 0.000000000000000e+00 0.000000000000000e+00 0.000000000000000e+00 0.000000000000000e+00 0.000000000000000e+00 0.000000000000000e+00 0.000000000000000e+00 0.000000000000000e+00
 0.000000000000000e+00 0.000000000000000e+00 0.000000000000000e+00 0.000000000000000e+00 0.000000000000000e+00 0.000000000000000e+00 0.000000000000000e+00 0.000000000000000e+00 0.000000000000000e+00 0.000000000000000e+00
 0.000000000000000e+00 0.000000000000000e+00 0.000000000000000e+00 0.000000000000000e+00 0.000000000000000e+00 0.000000000000000e+00 0.000000000000000e+00 0.000000000000000e+00 0.000000000000000e+00 0.000000000000000e+00
 0.000000000000000e+00 0.000000000000000e+00 0.000000000000000e+00 0.000000000000000e+00 0.000000000000000e+00 0.000000000000000e+00 0.000000000000000e+00 0.000000000000000e+00 0.000000000000000e+00 0.000000000000000e+00
 0.000000000000000e+00 0.000000000000000e+00 0.000000000000000e+00 0.000000000000000e+00 0.000000000000000e+00 0.000000000000000e+00 0.000000000000000e+00 0.000000000000000e+00 0.000000000000000e+00 0.000000000000000e+00
 0.000000000000000e+00 0.000000000000000e+00 0.000000000000000e+00 0.000000000000000e+00 0.000000000000000e+00 0.000000000000000e+00 0.000000000000000e+00 0.000000000000000e+00 0.000000000000000e+00 0.000000000000000e+00
 0.000000000000000e+00 0.000000000000000e+00 0.000000000000000e+00 0.000000000000000e+00 0.000000000000000e+00 0.000000000000000e+00 0.000000000000000e+00 0.000000000000000e+00 0.000000000000000e+00 0.000000000000000e+00
 0.000000000000000e+00 0.000000000000000e+00 0.000000000000000e+00 0.000000000000000e+00 0.000000000000000e+00 0.000000000000000e+00 0.000000000000000e+00 0.000000000000000e+00 0.000000000000000e+00 0.000000000000000e+00
 0.000000000000000e+00 0.000000000000000e+00 0.000000000000000e+00 0.000000000000000e+00 0.000000000000000e+00 0.000000000000000e+00 0.000000000000000e+00 0.000000000000000e+00 0.000000000000000e+00 0.000000000000000e+00
 0.000000000000000e+00 0.000000000000000e+00 0.000000000000000e+00 0.000000000000000e+00 0.000000000000000e+00 0.000000000000000e+00 0.000000000000000e+00 0.000000000000000e+00 0.000000000000000e+00 0.000000000000000e+00
 0.000000000000000e+00 0.000000000000000e+00 0.000000000000000e+00 0.000000000000000e+00 0.000000000000000e+00 0.000000000000000e+00 0.000000000000000e+00 0.000000000000000e+00 0.000000000000000e+00 0.000000000000000e+00
 0.000000000000000e+00 0.000000000000000e+00 0.000000000000000e+00 0.000000000000000e+00 0.000000000000000e+00 0.000000000000000e+00 0.000000000000000e+00 0.000000000000000e+00 0.000000000000000e+00 0.000000000000000e+00
 0.000000000000000e+00 0.000000000000000e+00 0.000000000000000e+00 0.000000000000000e+00 0.000000000000000e+00 0.000000000000000e+00 0.000000000000000e+00 0.000000000000000e+00 0.000000000000000e+00 0.000000000000000e+00
 0.000000000000000e+00 0.000000000000000e+00 0.000000000000000e+00 0.000000000000000e+00 0.000000000000000e+00 0.000000000000000e+00 0.000000000000000e+00 0.000000000000000e+00 0.000000000000000e+00 0.000000000000000e+00
 0.000000000000000e+00 0.000000000000000e+00 0.000000000000000e+00 0.000000000000000e+00 0.000000000000000e+00 0.000000000000000e+00 0.000000000000000e+00 0.000000000000000e+00 0.000000000000000e+00 0.000000000000000e+00
 0.000000000000000e+00 0.000000000000000e+00 0.000000000000000e+00 0.000000000000000e+00 0.000000000000000e+00 0.000000000000000e+00 0.000000000000000e+00 0.000000000000000e+00 0.000000000000000e+00 0.000000000000000e+00
 0.000000000000000e+00 0.000000000000000e+00 0.000000000000000e+00 0.000000000000000e+00 0.000000000000000e+00 0.000000000000000e+00 0.000000000000000e+00 0.000000000000000e+00 0.000000000000000e+00 0.000000000000000e+00
 0.000000000000000e+00 0.000000000000000e+00 0.000000000000000e+00 0.000000000000000e+00 0.000000000000000e+00 0.000000000000000e+00 0.000000000000000e+00 0.000000000000000e+00 0.000000000000000e+00 0.000000000000000e+00
 0.000000000000000e+00 0.000000000000000e+00 0.000000000000000e+00 0.000000000000000e+00 0.000000000000000e+00 0.000000000000000e+00 0.000000000000000e+00 0.000000000000000e+00 0.000000000000000e+00 0.000000000000000e+00
 0.000000000000000e+00 0.000000000000000e+00 0.000000000000000e+00 0.000000000000000e+00 0.000000000000000e+00 0.000000000000000e+00 0.000000000000000e+00 0.000000000000000e+00 0.000000000000000e+00 0.000000000000000e+00
 0.000000000000000e+00 0.000000000000000e+00 0.000000000000000e+00 0.000000000000000e+00 0.000000000000000e+00 0.000000000000000e+00 0.000000000000000e+00 0.000000000000000e+00 0.000000000000000e+00 0.000000000000000e+00
 0.000000000000000e+00 0.000000000000000e+00 0.000000000000000e+00 0.000000000000000e+00 0.000000000000000e+00 0.000000000000000e+00 0.000000000000000e+00 0.000000000000000e+00 0.000000000000000e+00 0.000000000000000e+00
 0.000000000000000e+00 0.000000000000000e+00 0.000000000000000e+00 0.000000000000000e+00 0.000000000000000e+00 0.000000000000000e+00 0.000000000000000e+00 0.000000000000000e+00 0.000000000000000e+00 0.000000000000000e+00
 0.000000000000000e+00 0.000000000000000e+00 0.000000000000000e+00 0.000000000000000e+00 0.000000000000000e+00 0.000000000000000e+00 0.000000000000000e+00 0.000000000000000e+00 0.000000000000000e+00 0.000000000000000e+00
 0.000000000000000e+00 0.000000000000000e+00 0.000000000000000e+00 0.000000000000000e+00 0.000000000000000e+00 0.000000000000000e+00 0.000000000000000e+00 0.000000000000000e+00 0.000000000000000e+00 0.000000000000000e+00
 0.000000000000000e+00 0.000000000000000e+00 0.000000000000000e+00 0.000000000000000e+00 0.000000000000000e+00 0.000000000000000e+00 0.000000000000000e+00 0.000000000000000e+00 0.000000000000000e+00 0.000000000000000e+00
 0.000000000000000e+00 0.000000000000000e+00 0.000000000000000e+00 0.000000000000000e+00 0.000000000000000e+00 0.000000000000000e+00 0.000000000000000e+00 0.000000000000000e+00 0.000000000000000e+00 0.000000000000000e+00
 0.000000000000000e+00 0.000000000000000e+00 0.000000000000000e+00 0.000000000000000e+00 0.000000000000000e+00 0.000000000000000e+00 0.000000000000000e+00 0.000000000000000e+00 0.000000000000000e+00 0.000000000000000e+00
 0.000000000000000e+00 0.000000000000000e+00 0.000000000000000e+00 0.000000000000000e+00 0.000000000000000e+00 0.000000000000000e+00 0.000000000000000e+00 0.000000000000000e+00 0.000000000000000e+00 0.000000000000000e+00
 0.000000000000000e+00 0.000000000000000e+00 0.000000000000000e+00 0.000000000000000e+00 0.000000000000000e+00 0.000000000000000e+00 0.000000000000000e+00 0.000000000000000e+00 0.000000000000000e+00 0.000000000000000e+00
 0.000000000000000e+00 0.000000000000000e+00 0.000000000000000e+00 0.000000000000000e+00 0.000000000000000e+00 0.000000000000000e+00 0.000000000000000e+00 0.000000000000000e+00 0.000000000000000e+00 0.000000000000000e+00
 0.000000000000000e+00 0.000000000000000e+00 0.000000000000000e+00 0.000000000000000e+00 0.000000000000000e+00 0.000000000000000e+00 0.000000000000000e+00 0.000000000000000e+00 0.000000000000000e+00 0.000000000000000e+00
 0.000000000000000e+00 0.000000000000000e+00 0.000000000000000e+00 0.000000000000000e+00 0.000000000000000e+00 0.000000000000000e+00 0.000000000000000e+00 0.000000000000000e+00 0.000000000000000e+00 0.000000000000000e+00
 0.000000000000000e+00 0.000000000000000e+00 0.000000000000000e+00 0.000000000000000e+00 0.000000000000000e+00 0.000000000000000e+00 0.000000000000000e+00 0.000000000000000e+00 0.000000000000000e+00 0.000000000000000e+00
 0.000000000000000e+00 0.000000000000000e+00 0.000000000000000e+00 0.000000000000000e+00 0.000000000000000e+00 0.000000000000000e+00 0.000000000000000e+00 0.000000000000000e+00 0.000000000000000e+00 0.000000000000000e+00
 0.000000000000000e+00 0.000000000000000e+00 0.000000000000000e+00 0.000000000000000e+00 0.000000000000000e+00 0.000000000000000e+00 0.000000000000000e+00 0.000000000000000e+00 0.000000000000000e+00 0.000000000000000e+00
 0.000000000000000e+00 0.000000000000000e+00 0.000000000000000e+00 0.000000000000000e+00 0.000000000000000e+00 0.000000000000000e+00 0.000000000000000e+00 0.000000000000000e+00 0.000000000000000e+00 0.000000000000000e+00
 0.000000000000000e+00 0.000000000000000e+00 0.000000000000000e+00 0.000000000000000e+00 0.000000000000000e+00 0.000000000000000e+00 0.000000000000000e+00 0.000000000000000e+00 0.000000000000000e+00 0.000000000000000e+00
 0.000000000000000e+00 0.000000000000000e+00 0.000000000000000e+00 0.000000000000000e+00 0.000000000000000e+00 0.000000000000000e+00 0.000000000000000e+00 0.000000000000000e+00 0.000000000000000e+00 0.000000000000000e+00
 0.000000000000000e+00 0.000000000000000e+00 0.000000000000000e+00 0.000000000000000e+00 0.000000000000000e+00 0.000000000000000e+00 0.000000000000000e+00 0.000000000000000e+00 0.000000000000000e+00 0.000000000000000e+00
 0.000000000000000e+00 0.000000000000000e+00 0.000000000000000e+00 0.000000000000000e+00 0.000000000000000e+00 0.000000000000000e+00 0.000000000000000e+00 0.000000000000000e+00 0.000000000000000e+00 0.000000000000000e+00
 0.000000000000000e+00 0.000000000000000e+00 0.000000000000000e+00 0.000000000000000e+00 0.000000000000000e+00 0.000000000000000e+00 0.000000000000000e+00 0.000000000000000e+00 0.000000000000000e+00 0.000000000000000e+00
 0.000000000000000e+00 0.000000000000000e+00 0.000000000000000e+00 0.000000000000000e+00 0.000000000000000e+00 0.000000000000000e+00 0.000000000000000e+00 0.000000000000000e+00 0.000000000000000e+00 0.000000000000000e+00
 0.000000000000000e+00 0.000000000000000e+00 0.000000000000000e+00 0.000000000000000e+00 0.000000000000000e+00 0.000000000000000e+00 0.000000000000000e+00 0.000000000000000e+00 0.000000000000000e+00 0.000000000000000e+00
 0.000000000000000e+00 0.000000000000000e+00 0.000000000000000e+00 0.000000000000000e+00 0.000000000000000e+00 0.000000000000000e+00 0.000000000000000e+00 0.000000000000000e+00 0.000000000000000e+00 0.000000000000000e+00
 0.000000000000000e+00 0.000000000000000e+00 0.000000000000000e+00 0.000000000000000e+00 0.000000000000000e+00 0.000000000000000e+00 0.000000000000000e+00 0.000000000000000e+00 0.000000000000000e+00 0.000000000000000e+00
 0.000000000000000e+00 0.000000000000000e+00 0.000000000000000e+00 0.000000000000000e+00 0.000000000000000e+00 0.000000000000000e+00 0.000000000000000e+00 0.000000000000000e+00 0.000000000000000e+00 0.000000000000000e+00
 0.000000000000000e+00 0.000000000000000e+00 0.000000000000000e+00 0.000000000000000e+00 0.000000000000000e+00 0.000000000000000e+00 0.000000000000000e+00 0.000000000000000e+00 0.000000000000000e+00 0.000000000000000e+00
 0.000000000000000e+00 0.000000000000000e+00 0.000000000000000e+00 0.000000000000000e+00 0.000000000000000e+00 0.000000000000000e+00 0.000000000000000e+00 0.000000000000000e+00 0.000000000000000e+00 0.000000000000000e+00
 0.000000000000000e+00 0.000000000000000e+00 0.000000000000000e+00 0.000000000000000e+00 0.000000000000000e+00 0.000000000000000e+00 0.000000000000000e+00 0.000000000000000e+00 0.000000000000000e+00 0.000000000000000e+00
 0.000000000000000e+00 0.000000000000000e+00 0.000000000000000e+00 0.000000000000000e+00 0.000000000000000e+00 0.000000000000000e+00 0.000000000000000e+00 0.000000000000000e+00 0.000000000000000e+00 0.000000000000000e+00
 0.000000000000000e+00 0.000000000000000e+00 0.000000000000000e+00 0.000000000000000e+00 0.000000000000000e+00 0.000000000000000e+00 0.000000000000000e+00 0.000000000000000e+00 0.000000000000000e+00 0.000000000000000e+00
 0.000000000000000e+00 0.000000000000000e+00 0.000000000000000e+00 0.000000000000000e+00 0.000000000000000e+00 0.000000000000000e+00 0.000000000000000e+00 0.000000000000000e+00 0.000000000000000e+00 0.000000000000000e+00
 0.000000000000000e+00 0.000000000000000e+00 0.000000000000000e+00 0.000000000000000e+00 0.000000000000000e+00 0.000000000000000e+00 0.000000000000000e+00 0.000000000000000e+00 0.000000000000000e+00 0.000000000000000e+00
 0.000000000000000e+00 0.000000000000000e+00 0.000000000000000e+00 0.000000000000000e+00 0.000000000000000e+00 0.000000000000000e+00 0.000000000000000e+00 0.000000000000000e+00 0.000000000000000e+00 0.000000000000000e+00
 0.000000000000000e+00 0.000000000000000e+00 0.000000000000000e+00 0.000000000000000e+00 0.000000000000000e+00 0.000000000000000e+00 0.000000000000000e+00 0.000000000000000e+00 0.000000000000000e+00 0.000000000000000e+00
 0.000000000000000e+00 0.000000000000000e+00 0.000000000000000e+00 0.000000000000000e+00 0.000000000000000e+00 0.000000000000000e+00 0.000000000000000e+00 0.000000000000000e+00 0.000000000000000e+00 0.000000000000000e+00
 0.000000000000000e+00 0.000000000000000e+00 0.000000000000000e+00 0.000000000000000e+00 0.000000000000000e+00 0.000000000000000e+00 0.000000000000000e+00 0.000000000000000e+00 0.000000000000000e+00 0.000000000000000e+00
 0.000000000000000e+00 0.000000000000000e+00 0.000000000000000e+00 0.000000000000000e+00 0.000000000000000e+00 0.000000000000000e+00 0.000000000000000e+00 0.000000000000000e+00 0.000000000000000e+00 0.000000000000000e+00
 0.000000000000000e+00 0.000000000000000e+00 0.000000000000000e+00 0.000000000000000e+00 0.000000000000000e+00 0.000000000000000e+00 0.000000000000000e+00 0.000000000000000e+00 0.000000000000000e+00 0.000000000000000e+00
 0.000000000000000e+00 0.000000000000000e+00 0.000000000000000e+00 0.000000000000000e+00 0.000000000000000e+00 0.000000000000000e+00 0.000000000000000e+00 0.000000000000000e+00 0.000000000000000e+00 0.000000000000000e+00
 0.000000000000000e+00 0.000000000000000e+00 0.000000000000000e+00 0.000000000000000e+00 0.000000000000000e+00 0.000000000000000e+00 0.000000000000000e+00 0.000000000000000e+00 0.000000000000000e+00 0.000000000000000e+00
 0.000000000000000e+00 0.000000000000000e+00 0.000000000000000e+00 0.000000000000000e+00 0.000000000000000e+00 0.000000000000000e+00 0.000000000000000e+00 0.000000000000000e+00 0.000000000000000e+00 0.000000000000000e+00
 0.000000000000000e+00 0.000000000000000e+00 0.000000000000000e+00 0.000000000000000e+00 0.000000000000000e+00 0.000000000000000e+00 0.000000000000000e+00 0.000000000000000e+00 0.000000000000000e+00 0.000000000000000e+00
 0.000000000000000e+00 0.000000000000000e+00 0.000000000000000e+00 0.000000000000000e+00 0.000000000000000e+00 0.000000000000000e+00 0.000000000000000e+00 0.000000000000000e+00 0.000000000000000e+00 0.000000000000000e+00
 0.000000000000000e+00 0.000000000000000e+00 0.000000000000000e+00 0.000000000000000e+00 0.000000000000000e+00 0.000000000000000e+00 0.000000000000000e+00 0.000000000000000e+00 0.000000000000000e+00 0.000000000000000e+00
 0.000000000000000e+00 0.000000000000000e+00 0.000000000000000e+00 0.000000000000000e+00 0.000000000000000e+00 0.000000000000000e+00 0.000000000000000e+00 0.000000000000000e+00 0.000000000000000e+00 0.000000000000000e+00
 0.000000000000000e+00 0.000000000000000e+00 0.000000000000000e+00 0.000000000000000e+00 0.000000000000000e+00 0.000000000000000e+00 0.000000000000000e+00 0.000000000000000e+00 0.000000000000000e+00 0.000000000000000e+00
 0.000000000000000e+00 0.000000000000000e+00 0.000000000000000e+00 0.000000000000000e+00 0.000000000000000e+00 0.000000000000000e+00 0.000000000000000e+00 0.000000000000000e+00 0.000000000000000e+00 0.000000000000000e+00
 0.000000000000000e+00 0.000000000000000e+00 0.000000000000000e+00 0.000000000000000e+00 0.000000000000000e+00 0.000000000000000e+00 0.000000000000000e+00 0.000000000000000e+00 0.000000000000000e+00 0.000000000000000e+00
 0.000000000000000e+00 0.000000000000000e+00 0.000000000000000e+00 0.000000000000000e+00 0.000000000000000e+00 0.000000000000000e+00 0.000000000000000e+00 0.000000000000000e+00 0.000000000000000e+00 0.000000000000000e+00
 0.000000000000000e+00 0.000000000000000e+00 0.000000000000000e+00 0.000000000000000e+00 0.000000000000000e+00 0.000000000000000e+00 0.000000000000000e+00 0.000000000000000e+00 0.000000000000000e+00 0.000000000000000e+00
 0.000000000000000e+00 0.000000000000000e+00 0.000000000000000e+00 0.000000000000000e+00 0.000000000000000e+00 0.000000000000000e+00 0.000000000000000e+00 0.000000000000000e+00 0.000000000000000e+00 0.000000000000000e+00
 0.000000000000000e+00 0.000000000000000e+00 0.000000000000000e+00 0.000000000000000e+00 0.000000000000000e+00 0.000000000000000e+00 0.000000000000000e+00 0.000000000000000e+00 0.000000000000000e+00 0.000000000000000e+00
 0.000000000000000e+00 0.000000000000000e+00 0.000000000000000e+00 0.000000000000000e+00 0.000000000000000e+00 0.000000000000000e+00 0.000000000000000e+00 0.000000000000000e+00 0.000000000000000e+00 0.000000000000000e+00
 0.000000000000000e+00 0.000000000000000e+00 0.000000000000000e+00 0.000000000000000e+00 0.000000000000000e+00 0.000000000000000e+00 0.000000000000000e+00 0.000000000000000e+00 0.000000000000000e+00 0.000000000000000e+00
 0.000000000000000e+00 0.000000000000000e+00 0.000000000000000e+00 0.000000000000000e+00 0.000000000000000e+00 0.000000000000000e+00 0.000000000000000e+00 0.000000000000000e+00 0.000000000000000e+00 0.000000000000000e+00
 0.000000000000000e+00 0.000000000000000e+00 0.000000000000000e+00 0.000000000000000e+00 0.000000000000000e+00 0.000000000000000e+00 0.000000000000000e+00 0.000000000000000e+00 0.000000000000000e+00 0.000000000000000e+00
 0.000000000000000e+00 0.000000000000000e+00 0.000000000000000e+00 0.000000000000000e+00 0.000000000000000e+00 0.000000000000000e+00 0.000000000000000e+00 0.000000000000000e+00 0.000000000000000e+00 0.000000000000000e+00
 0.000000000000000e+00 0.000000000000000e+00 0.000000000000000e+00 0.000000000000000e+00 0.000000000000000e+00 0.000000000000000e+00 0.000000000000000e+00 0.000000000000000e+00 0.000000000000000e+00 0.000000000000000e+00
 0.000000000000000e+00 0.000000000000000e+00 0.000000000000000e+00 0.000000000000000e+00 0.000000000000000e+00 0.000000000000000e+00 0.000000000000000e+00 0.000000000000000e+00 0.000000000000000e+00 0.000000000000000e+00
 0.000000000000000e+00 0.000000000000000e+00 0.000000000000000e+00 0.000000000000000e+00 0.000000000000000e+00 0.000000000000000e+00 0.000000000000000e+00 0.000000000000000e+00 0.000000000000000e+00 0.000000000000000e+00
 0.000000000000000e+00 0.000000000000000e+00 0.000000000000000e+00 0.000000000000000e+00 0.000000000000000e+00 0.000000000000000e+00 0.000000000000000e+00 0.000000000000000e+00 0.000000000000000e+00 0.000000000000000e+00
 0.000000000000000e+00 0.000000000000000e+00 0.000000000000000e+00 0.000000000000000e+00 0.000000000000000e+00 0.000000000000000e+00 0.000000000000000e+00 0.000000000000000e+00 0.000000000000000e+00 0.000000000000000e+00
 0.000000000000000e+00 0.000000000000000e+00 0.000000000000000e+00 0.000000000000000e+00 0.000000000000000e+00 0.000000000000000e+00 0.000000000000000e+00 0.000000000000000e+00 0.000000000000000e+00 0.000000000000000e+00
 0.000000000000000e+00 0.000000000000000e+00 0.000000000000000e+00 0.000000000000000e+00 0.000000000000000e+00 0.000000000000000e+00 0.000000000000000e+00 0.000000000000000e+00 0.000000000000000e+00 0.000000000000000e+00
 0.000000000000000e+00 0.000000000000000e+00 0.000000000000000e+00 0.000000000000000e+00 0.000000000000000e+00 0.000000000000000e+00 0.000000000000000e+00 0.000000000000000e+00 0.000000000000000e+00 0.000000000000000e+00
 0.000000000000000e+00 0.000000000000000e+00 0.000000000000000e+00 0.000000000000000e+00 0.000000000000000e+00 0.000000000000000e+00 0.000000000000000e+00 0.000000000000000e+00 0.000000000000000e+00 0.000000000000000e+00
 0.000000000000000e+00 0.000000000000000e+00 0.000000000000000e+00 0.000000000000000e+00 0.000000000000000e+00 0.000000000000000e+00 0.000000000000000e+00 0.000000000000000e+00 0.000000000000000e+00 0.000000000000000e+00
 0.000000000000000e+00 0.000000000000000e+00 0.000000000000000e+00 0.000000000000000e+00 0.000000000000000e+00 0.000000000000000e+00 0.000000000000000e+00 0.000000000000000e+00 0.000000000000000e+00 0.000000000000000e+00
 0.000000000000000e+00 0.000000000000000e+00 0.000000000000000e+00 0.000000000000000e+00 0.000000000000000e+00 0.000000000000000e+00 0.000000000000000e+00 0.000000000000000e+00 0.000000000000000e+00 0.000000000000000e+00
 0.000000000000000e+00 0.000000000000000e+00 0.000000000000000e+00 0.000000000000000e+00 0.000000000000000e+00 0.000000000000000e+00 0.000000000000000e+00 0.000000000000000e+00 0.000000000000000e+00 0.000000000000000e+00
 0.000000000000000e+00 0.000000000000000e+00 0.000000000000000e+00 0.000000000000000e+00 0.000000000000000e+00 0.000000000000000e+00 0.000000000000000e+00 0.000000000000000e+00 0.000000000000000e+00 0.000000000000000e+00
 0.000000000000000e+00 0.000000000000000e+00 0.000000000000000e+00 0.000000000000000e+00 0.000000000000000e+00 0.000000000000000e+00 0.000000000000000e+00 0.000000000000000e+00 0.000000000000000e+00 0.000000000000000e+00
 0.000000000000000e+00 0.000000000000000e+00 0.000000000000000e+00 0.000000000000000e+00 0.000000000000000e+00 0.000000000000000e+00 0.000000000000000e+00 0.000000000000000e+00 0.000000000000000e+00 0.000000000000000e+00
 0.000000000000000e+00 0.000000000000000e+00 0.000000000000000e+00 0.000000000000000e+00 0.000000000000000e+00 0.000000000000000e+00 0.000000000000000e+00 0.000000000000000e+00 0.000000000000000e+00 0.000000000000000e+00
 0.000000000000000e+00 0.000000000000000e+00 0.000000000000000e+00 0.000000000000000e+00 0.000000000000000e+00 0.000000000000000e+00 0.000000000000000e+00 0.000000000000000e+00 0.000000000000000e+00 0.000000000000000e+00
 0.000000000000000e+00 0.000000000000000e+00 0.000000000000000e+00 0.000000000000000e+00 0.000000000000000e+00 0.000000000000000e+00 0.000000000000000e+00 0.000000000000000e+00 0.000000000000000e+00 0.000000000000000e+00
 0.000000000000000e+00 0.000000000000000e+00 0.000000000000000e+00 0.000000000000000e+00 0.000000000000000e+00 0.000000000000000e+00 0.000000000000000e+00 0.000000000000000e+00 0.000000000000000e+00 0.000000000000000e+00
 0.000000000000000e+00 0.000000000000000e+00 0.000000000000000e+00 0.000000000000000e+00 0.000000000000000e+00 0.000000000000000e+00 0.000000000000000e+00 0.000000000000000e+00 0.000000000000000e+00 0.000000000000000e+00
 0.000000000000000e+00 0.000000000000000e+00 0.000000000000000e+00 0.000000000000000e+00 0.000000000000000e+00 0.000000000000000e+00 0.000000000000000e+00 0.000000000000000e+00 0.000000000000000e+00 0.000000000000000e+00
 0.000000000000000e+00 0.000000000000000e+00 0.000000000000000e+00 0.000000000000000e+00 0.000000000000000e+00 0.000000000000000e+00 0.000000000000000e+00 0.000000000000000e+00 0.000000000000000e+00 0.000000000000000e+00
 0.000000000000000e+00 0.000000000000000e+00 0.000000000000000e+00 0.000000000000000e+00 0.000000000000000e+00 0.000000000000000e+00 0.000000000000000e+00 0.000000000000000e+00 0.000000000000000e+00 0.000000000000000e+00
 0.000000000000000e+00 0.000000000000000e+00 0.000000000000000e+00 0.000000000000000e+00 0.000000000000000e+00 0.000000000000000e+00 0.000000000000000e+00 0.000000000000000e+00 0.000000000000000e+00 0.000000000000000e+00
 0.000000000000000e+00 0.000000000000000e+00 0.000000000000000e+00 0.000000000000000e+00 0.000000000000000e+00 0.000000000000000e+00 0.000000000000000e+00 0.000000000000000e+00 0.000000000000000e+00 0.000000000000000e+00
 0.000000000000000e+00 0.000000000000000e+00 0.000000000000000e+00 0.000000000000000e+00 0.000000000000000e+00 0.000000000000000e+00 0.000000000000000e+00 0.000000000000000e+00 0.000000000000000e+00 0.000000000000000e+00
 0.000000000000000e+00 0.000000000000000e+00 0.000000000000000e+00 0.000000000000000e+00 0.000000000000000e+00 0.000000000000000e+00 0.000000000000000e+00 0.000000000000000e+00 0.000000000000000e+00 0.000000000000000e+00
 0.000000000000000e+00 0.000000000000000e+00 0.000000000000000e+00 0.000000000000000e+00 0.000000000000000e+00 0.000000000000000e+00 0.000000000000000e+00 0.000000000000000e+00 0.000000000000000e+00 0.000000000000000e+00
 0.000000000000000e+00 0.000000000000000e+00 0.000000000000000e+00 0.000000000000000e+00 0.000000000000000e+00 0.000000000000000e+00 0.000000000000000e+00 0.000000000000000e+00 0.000000000000000e+00 0.000000000000000e+00
 0.000000000000000e+00 0.000000000000000e+00 0.000000000000000e+00 0.000000000000000e+00 0.000000000000000e+00 0.000000000000000e+00 0.000000000000000e+00 0.000000000000000e+00 0.000000000000000e+00 0.000000000000000e+00
 0.000000000000000e+00 0.000000000000000e+00 0.000000000000000e+00 0.000000000000000e+00 0.000000000000000e+00 0.000000000000000e+00 0.000000000000000e+00 0.000000000000000e+00 0.000000000000000e+00 0.000000000000000e+00
 0.000000000000000e+00 0.000000000000000e+00 0.000000000000000e+00 0.000000000000000e+00 0.000000000000000e+00 0.000000000000000e+00 0.000000000000000e+00 0.000000000000000e+00 0.000000000000000e+00 0.000000000000000e+00
 0.000000000000000e+00 0.000000000000000e+00 0.000000000000000e+00 0.000000000000000e+00 0.000000000000000e+00 0.000000000000000e+00 0.000000000000000e+00 0.000000000000000e+00 0.000000000000000e+00 0.000000000000000e+00
 0.000000000000000e+00 0.000000000000000e+00 0.000000000000000e+00 0.000000000000000e+00 0.000000000000000e+00 0.000000000000000e+00 0.000000000000000e+00 0.000000000000000e+00 0.000000000000000e+00 0.000000000000000e+00
 0.000000000000000e+00 0.000000000000000e+00 0.000000000000000e+00 0.000000000000000e+00 0.000000000000000e+00 0.000000000000000e+00 0.000000000000000e+00 0.000000000000000e+00 0.000000000000000e+00 0.000000000000000e+00
 0.000000000000000e+00 0.000000000000000e+00 0.000000000000000e+00 0.000000000000000e+00 0.000000000000000e+00 0.000000000000000e+00 0.000000000000000e+00 0.000000000000000e+00 0.000000000000000e+00 0.000000000000000e+00
 0.000000000000000e+00 0.000000000000000e+00 0.000000000000000e+00 0.000000000000000e+00 0.000000000000000e+00 0.000000000000000e+00 0.000000000000000e+00 0.000000000000000e+00 0.000000000000000e+00 0.000000000000000e+00
 0.000000000000000e+00 0.000000000000000e+00 0.000000000000000e+00 0.000000000000000e+00 0.000000000000000e+00 0.000000000000000e+00 0.000000000000000e+00 0.000000000000000e+00 0.000000000000000e+00 0.000000000000000e+00
 0.000000000000000e+00 0.000000000000000e+00 0.000000000000000e+00 0.000000000000000e+00 0.000000000000000e+00 0.000000000000000e+00 0.000000000000000e+00 0.000000000000000e+00 0.000000000000000e+00 0.000000000000000e+00
 0.000000000000000e+00 0.000000000000000e+00 0.000000000000000e+00 0.000000000000000e+00 0.000000000000000e+00 0.000000000000000e+00 0.000000000000000e+00 0.000000000000000e+00 0.000000000000000e+00 0.000000000000000e+00
 0.000000000000000e+00 0.000000000000000e+00 0.000000000000000e+00 0.000000000000000e+00 0.000000000000000e+00 0.000000000000000e+00 0.000000000000000e+00 0.000000000000000e+00 0.000000000000000e+00 0.000000000000000e+00
 0.000000000000000e+00 0.000000000000000e+00 0.000000000000000e+00 0.000000000000000e+00 0.000000000000000e+00 0.000000000000000e+00 0.000000000000000e+00 0.000000000000000e+00 0.000000000000000e+00 0.000000000000000e+00
 0.000000000000000e+00 0.000000000000000e+00 0.000000000000000e+00 0.000000000000000e+00 0.000000000000000e+00 0.000000000000000e+00 0.000000000000000e+00 0.000000000000000e+00 0.000000000000000e+00 0.000000000000000e+00
 0.000000000000000e+00 0.000000000000000e+00 0.000000000000000e+00 0.000000000000000e+00 0.000000000000000e+00 0.000000000000000e+00 0.000000000000000e+00 0.000000000000000e+00 0.000000000000000e+00 0.000000000000000e+00
 0.000000000000000e+00 0.000000000000000e+00 0.000000000000000e+00 0.000000000000000e+00 0.000000000000000e+00 0.000000000000000e+00 0.000000000000000e+00 0.000000000000000e+00 0.000000000000000e+00 0.000000000000000e+00
 0.000000000000000e+00 0.000000000000000e+00 0.000000000000000e+00 0.000000000000000e+00 0.000000000000000e+00 0.000000000000000e+00 0.000000000000000e+00 0.000000000000000e+00 0.000000000000000e+00 0.000000000000000e+00
 0.000000000000000e+00 0.000000000000000e+00 0.000000000000000e+00 0.000000000000000e+00 0.000000000000000e+00 0.000000000000000e+00 0.000000000000000e+00 0.000000000000000e+00 0.000000000000000e+00 0.000000000000000e+00
 0.000000000000000e+00 0.000000000000000e+00 0.000000000000000e+00 0.000000000000000e+00 0.000000000000000e+00 0.000000000000000e+00 0.000000000000000e+00 0.000000000000000e+00 0.000000000000000e+00 0.000000000000000e+00
 0.000000000000000e+00 0.000000000000000e+00 0.000000000000000e+00 0.000000000000000e+00 0.000000000000000e+00 0.000000000000000e+00 0.000000000000000e+00 0.000000000000000e+00 0.000000000000000e+00 0.000000000000000e+00
 0.000000000000000e+00 0.000000000000000e+00 0.000000000000000e+00 0.000000000000000e+00 0.000000000000000e+00 0.000000000000000e+00 0.000000000000000e+00 0.000000000000000e+00 0.000000000000000e+00 0.000000000000000e+00
 0.000000000000000e+00 0.000000000000000e+00 0.000000000000000e+00 0.000000000000000e+00 0.000000000000000e+00 0.000000000000000e+00 0.000000000000000e+00 0.000000000000000e+00 0.000000000000000e+00 0.000000000000000e+00
 0.000000000000000e+00 0.000000000000000e+00 0.000000000000000e+00 0.000000000000000e+00 0.000000000000000e+00 0.000000000000000e+00 0.000000000000000e+00 0.000000000000000e+00 0.000000000000000e+00 0.000000000000000e+00
 0.000000000000000e+00 0.000000000000000e+00 0.000000000000000e+00 0.000000000000000e+00 0.000000000000000e+00 0.000000000000000e+00 0.000000000000000e+00 0.000000000000000e+00 0.000000000000000e+00 0.000000000000000e+00
 0.000000000000000e+00 0.000000000000000e+00 0.000000000000000e+00 0.000000000000000e+00 0.000000000000000e+00 0.000000000000000e+00 0.000000000000000e+00 0.000000000000000e+00 0.000000000000000e+00 0.000000000000000e+00
 0.000000000000000e+00 0.000000000000000e+00 0.000000000000000e+00 0.000000000000000e+00 0.000000000000000e+00 0.000000000000000e+00 0.000000000000000e+00 0.000000000000000e+00 0.000000000000000e+00 0.000000000000000e+00
 0.000000000000000e+00 0.000000000000000e+00 0.000000000000000e+00 0.000000000000000e+00 0.000000000000000e+00 0.000000000000000e+00 0.000000000000000e+00 0.000000000000000e+00 0.000000000000000e+00 0.000000000000000e+00
 0.000000000000000e+00 0.000000000000000e+00 0.000000000000000e+00 0.000000000000000e+00 0.000000000000000e+00 0.000000000000000e+00 0.000000000000000e+00 0.000000000000000e+00 0.000000000000000e+00 0.000000000000000e+00
 0.000000000000000e+00 0.000000000000000e+00 0.000000000000000e+00 0.000000000000000e+00 0.000000000000000e+00 0.000000000000000e+00 0.000000000000000e+00 0.000000000000000e+00 0.000000000000000e+00 0.000000000000000e+00
 0.000000000000000e+00 0.000000000000000e+00 0.000000000000000e+00 0.000000000000000e+00 0.000000000000000e+00 0.000000000000000e+00 0.000000000000000e+00 0.000000000000000e+00 0.000000000000000e+00 0.000000000000000e+00
 0.000000000000000e+00 0.000000000000000e+00 0.000000000000000e+00 0.000000000000000e+00 0.000000000000000e+00 0.000000000000000e+00 0.000000000000000e+00 0.000000000000000e+00 0.000000000000000e+00 0.000000000000000e+00
 0.000000000000000e+00 0.000000000000000e+00 0.000000000000000e+00 0.000000000000000e+00 0.000000000000000e+00 0.000000000000000e+00 0.000000000000000e+00 0.000000000000000e+00 0.000000000000000e+00 0.000000000000000e+00
 0.000000000000000e+00 0.000000000000000e+00 0.000000000000000e+00 0.000000000000000e+00 0.000000000000000e+00 0.000000000000000e+00 0.000000000000000e+00 0.000000000000000e+00 0.000000000000000e+00 0.000000000000000e+00
 0.000000000000000e+00 0.000000000000000e+00 0.000000000000000e+00 0.000000000000000e+00 0.000000000000000e+00 0.000000000000000e+00 0.000000000000000e+00 0.000000000000000e+00 0.000000000000000e+00 0.000000000000000e+00
 0.000000000000000e+00 0.000000000000000e+00 0.000000000000000e+00 0.000000000000000e+00 0.000000000000000e+00 0.000000000000000e+00 0.000000000000000e+00 0.000000000000000e+00 0.000000000000000e+00 0.000000000000000e+00
 0.000000000000000e+00 0.000000000000000e+00 0.000000000000000e+00 0.000000000000000e+00 0.000000000000000e+00 0.000000000000000e+00 0.000000000000000e+00 0.000000000000000e+00 0.000000000000000e+00 0.000000000000000e+00
 0.000000000000000e+00 0.000000000000000e+00 0.000000000000000e+00 0.000000000000000e+00 0.000000000000000e+00 0.000000000000000e+00 0.000000000000000e+00 0.000000000000000e+00 0.000000000000000e+00 0.000000000000000e+00
 0.000000000000000e+00 0.000000000000000e+00 0.000000000000000e+00 0.000000000000000e+00 0.000000000000000e+00 0.000000000000000e+00 0.000000000000000e+00 0.000000000000000e+00 0.000000000000000e+00 0.000000000000000e+00
 0.000000000000000e+00 0.000000000000000e+00 0.000000000000000e+00 0.000000000000000e+00 0.000000000000000e+00 0.000000000000000e+00 0.000000000000000e+00 0.000000000000000e+00 0.000000000000000e+00 0.000000000000000e+00
 0.000000000000000e+00 0.000000000000000e+00 0.000000000000000e+00 0.000000000000000e+00 0.000000000000000e+00 0.000000000000000e+00 0.000000000000000e+00 0.000000000000000e+00 0.000000000000000e+00 0.000000000000000e+00
 0.000000000000000e+00 0.000000000000000e+00 0.000000000000000e+00 0.000000000000000e+00 0.000000000000000e+00 0.000000000000000e+00 0.000000000000000e+00 0.000000000000000e+00 0.000000000000000e+00 0.000000000000000e+00
 0.000000000000000e+00 0.000000000000000e+00 0.000000000000000e+00 0.000000000000000e+00 0.000000000000000e+00 0.000000000000000e+00 0.000000000000000e+00 0.000000000000000e+00 0.000000000000000e+00 0.000000000000000e+00
 0.000000000000000e+00 0.000000000000000e+00 0.000000000000000e+00 0.000000000000000e+00 0.000000000000000e+00 0.000000000000000e+00 0.000000000000000e+00 0.000000000000000e+00 0.000000000000000e+00 0.000000000000000e+00
 0.000000000000000e+00 0.000000000000000e+00 0.000000000000000e+00 0.000000000000000e+00 0.000000000000000e+00 0.000000000000000e+00 0.000000000000000e+00 0.000000000000000e+00 0.000000000000000e+00 0.000000000000000e+00
 0.000000000000000e+00 0.000000000000000e+00 0.000000000000000e+00 0.000000000000000e+00 0.000000000000000e+00 0.000000000000000e+00 0.000000000000000e+00 0.000000000000000e+00 0.000000000000000e+00 0.000000000000000e+00
 0.000000000000000e+00 0.000000000000000e+00 0.000000000000000e+00 0.000000000000000e+00 0.000000000000000e+00 0.000000000000000e+00 0.000000000000000e+00 0.000000000000000e+00 0.000000000000000e+00 0.000000000000000e+00
 0.000000000000000e+00 0.000000000000000e+00 0.000000000000000e+00 0.000000000000000e+00 0.000000000000000e+00 0.000000000000000e+00 0.000000000000000e+00 0.000000000000000e+00 0.000000000000000e+00 0.000000000000000e+00
 0.000000000000000e+00 0.000000000000000e+00 0.000000000000000e+00 0.000000000000000e+00 0.000000000000000e+00 0.000000000000000e+00 0.000000000000000e+00 0.000000000000000e+00 0.000000000000000e+00 0.000000000000000e+00
 0.000000000000000e+00 0.000000000000000e+00 0.000000000000000e+00 0.000000000000000e+00 0.000000000000000e+00 0.000000000000000e+00 0.000000000000000e+00 0.000000000000000e+00 0.000000000000000e+00 0.000000000000000e+00
 0.000000000000000e+00 0.000000000000000e+00 0.000000000000000e+00 0.000000000000000e+00 0.000000000000000e+00 0.000000000000000e+00 0.000000000000000e+00 0.000000000000000e+00 0.000000000000000e+00 0.000000000000000e+00
 0.000000000000000e+00 0.000000000000000e+00 0.000000000000000e+00 0.000000000000000e+00 0.000000000000000e+00 0.000000000000000e+00 0.000000000000000e+00 0.000000000000000e+00 0.000000000000000e+00 0.000000000000000e+00
 0.000000000000000e+00 0.000000000000000e+00 0.000000000000000e+00 0.000000000000000e+00 0.000000000000000e+00 0.000000000000000e+00 0.000000000000000e+00 0.000000000000000e+00 0.000000000000000e+00 0.000000000000000e+00
 0.000000000000000e+00 0.000000000000000e+00 0.000000000000000e+00 0.000000000000000e+00 0.000000000000000e+00 0.000000000000000e+00 0.000000000000000e+00 0.000000000000000e+00 0.000000000000000e+00 0.000000000000000e+00
 0.000000000000000e+00 0.000000000000000e+00 0.000000000000000e+00 0.000000000000000e+00 0.000000000000000e+00 0.000000000000000e+00 0.000000000000000e+00 0.000000000000000e+00 0.000000000000000e+00 0.000000000000000e+00
 0.000000000000000e+00 0.000000000000000e+00 0.000000000000000e+00 0.000000000000000e+00 0.000000000000000e+00 0.000000000000000e+00 0.000000000000000e+00 0.000000000000000e+00 0.000000000000000e+00 0.000000000000000e+00
 0.000000000000000e+00 0.000000000000000e+00 0.000000000000000e+00 0.000000000000000e+00 0.000000000000000e+00 0.000000000000000e+00 0.000000000000000e+00 0.000000000000000e+00 0.000000000000000e+00 0.000000000000000e+00
 0.000000000000000e+00 0.000000000000000e+00 0.000000000000000e+00 0.000000000000000e+00 0.000000000000000e+00 0.000000000000000e+00 0.000000000000000e+00 0.000000000000000e+00 0.000000000000000e+00 0.000000000000000e+00
 0.000000000000000e+00 0.000000000000000e+00 0.000000000000000e+00 0.000000000000000e+00 0.000000000000000e+00 0.000000000000000e+00 0.000000000000000e+00 0.000000000000000e+00 0.000000000000000e+00 0.000000000000000e+00
 0.000000000000000e+00 0.000000000000000e+00 0.000000000000000e+00 0.000000000000000e+00 0.000000000000000e+00 0.000000000000000e+00 0.000000000000000e+00 0.000000000000000e+00 0.000000000000000e+00 0.000000000000000e+00
 0.000000000000000e+00 0.000000000000000e+00 0.000000000000000e+00 0.000000000000000e+00 0.000000000000000e+00 0.000000000000000e+00 0.000000000000000e+00 0.000000000000000e+00 0.000000000000000e+00 0.000000000000000e+00
 0.000000000000000e+00 0.000000000000000e+00 0.000000000000000e+00 0.000000000000000e+00 0.000000000000000e+00 0.000000000000000e+00 0.000000000000000e+00 0.000000000000000e+00 0.000000000000000e+00 0.000000000000000e+00
 0.000000000000000e+00 0.000000000000000e+00 0.000000000000000e+00 0.000000000000000e+00 0.000000000000000e+00 0.000000000000000e+00 0.000000000000000e+00 0.000000000000000e+00 0.000000000000000e+00 0.000000000000000e+00
 0.000000000000000e+00 0.000000000000000e+00 0.000000000000000e+00 0.000000000000000e+00 0.000000000000000e+00 0.000000000000000e+00 0.000000000000000e+00 0.000000000000000e+00 0.000000000000000e+00 0.000000000000000e+00
 0.000000000000000e+00 0.000000000000000e+00 0.000000000000000e+00 0.000000000000000e+00 0.000000000000000e+00 0.000000000000000e+00 0.000000000000000e+00 0.000000000000000e+00 0.000000000000000e+00 0.000000000000000e+00
 0.000000000000000e+00 0.000000000000000e+00 0.000000000000000e+00 0.000000000000000e+00 0.000000000000000e+00 0.000000000000000e+00 0.000000000000000e+00 0.000000000000000e+00 0.000000000000000e+00 0.000000000000000e+00
 0.000000000000000e+00 0.000000000000000e+00 0.000000000000000e+00 0.000000000000000e+00 0.000000000000000e+00 0.000000000000000e+00 0.000000000000000e+00 0.000000000000000e+00 0.000000000000000e+00 0.000000000000000e+00
 0.000000000000000e+00 0.000000000000000e+00 0.000000000000000e+00 0.000000000000000e+00 0.000000000000000e+00 0.000000000000000e+00 0.000000000000000e+00 0.000000000000000e+00 0.000000000000000e+00 0.000000000000000e+00
 0.000000000000000e+00 0.000000000000000e+00 0.000000000000000e+00 0.000000000000000e+00 0.000000000000000e+00 0.000000000000000e+00 0.000000000000000e+00 0.000000000000000e+00 0.000000000000000e+00 0.000000000000000e+00
 0.000000000000000e+00 0.000000000000000e+00 0.000000000000000e+00 0.000000000000000e+00 0.000000000000000e+00 0.000000000000000e+00 0.000000000000000e+00 0.000000000000000e+00 0.000000000000000e+00 0.000000000000000e+00
 0.000000000000000e+00 0.000000000000000e+00 0.000000000000000e+00 0.000000000000000e+00 0.000000000000000e+00 0.000000000000000e+00 0.000000000000000e+00 0.000000000000000e+00 0.000000000000000e+00 0.000000000000000e+00
 0.000000000000000e+00 0.000000000000000e+00 0.000000000000000e+00 0.000000000000000e+00 0.000000000000000e+00 0.000000000000000e+00 0.000000000000000e+00 0.000000000000000e+00 0.000000000000000e+00 0.000000000000000e+00
 0.000000000000000e+00 0.000000000000000e+00 0.000000000000000e+00 0.000000000000000e+00 0.000000000000000e+00 0.000000000000000e+00 0.000000000000000e+00 0.000000000000000e+00 0.000000000000000e+00 0.000000000000000e+00
 0.000000000000000e+00 0.000000000000000e+00 0.000000000000000e+00 0.000000000000000e+00 0.000000000000000e+00 0.000000000000000e+00 0.000000000000000e+00 0.000000000000000e+00 0.000000000000000e+00 0.000000000000000e+00
 0.000000000000000e+00 0.000000000000000e+00 0.000000000000000e+00 0.000000000000000e+00 0.000000000000000e+00 0.000000000000000e+00 0.000000000000000e+00 0.000000000000000e+00 0.000000000000000e+00 0.000000000000000e+00
 0.000000000000000e+00 0.000000000000000e+00 0.000000000000000e+00 0.000000000000000e+00 0.000000000000000e+00 0.000000000000000e+00 0.000000000000000e+00 0.000000000000000e+00 0.000000000000000e+00 0.000000000000000e+00
 0.000000000000000e+00 0.000000000000000e+00 0.000000000000000e+00 0.000000000000000e+00 0.000000000000000e+00 0.000000000000000e+00 0.000000000000000e+00 0.000000000000000e+00 0.000000000000000e+00 0.000000000000000e+00
 0.000000000000000e+00 0.000000000000000e+00 0.000000000000000e+00 0.000000000000000e+00 0.000000000000000e+00 0.000000000000000e+00 0.000000000000000e+00 0.000000000000000e+00 0.000000000000000e+00 0.000000000000000e+00
 0.000000000000000e+00 0.000000000000000e+00 0.000000000000000e+00 0.000000000000000e+00 0.000000000000000e+00 0.000000000000000e+00 0.000000000000000e+00 0.000000000000000e+00 0.000000000000000e+00 0.000000000000000e+00
 0.000000000000000e+00 0.000000000000000e+00 0.000000000000000e+00 0.000000000000000e+00 0.000000000000000e+00 0.000000000000000e+00 0.000000000000000e+00 0.000000000000000e+00 0.000000000000000e+00 0.000000000000000e+00
 0.000000000000000e+00 0.000000000000000e+00 0.000000000000000e+00 0.000000000000000e+00 0.000000000000000e+00 0.000000000000000e+00 0.000000000000000e+00 0.000000000000000e+00 0.000000000000000e+00 0.000000000000000e+00
 0.000000000000000e+00 0.000000000000000e+00 0.000000000000000e+00 0.000000000000000e+00 0.000000000000000e+00 0.000000000000000e+00 0.000000000000000e+00 0.000000000000000e+00 0.000000000000000e+00 0.000000000000000e+00
 0.000000000000000e+00 0.000000000000000e+00 0.000000000000000e+00 0.000000000000000e+00 0.000000000000000e+00 0.000000000000000e+00 0.000000000000000e+00 0.000000000000000e+00 0.000000000000000e+00 0.000000000000000e+00
 0.000000000000000e+00 0.000000000000000e+00 0.000000000000000e+00 0.000000000000000e+00 0.000000000000000e+00 0.000000000000000e+00 0.000000000000000e+00 0.000000000000000e+00 0.000000000000000e+00 0.000000000000000e+00
 0.000000000000000e+00 0.000000000000000e+00 0.000000000000000e+00 0.000000000000000e+00 0.000000000000000e+00 0.000000000000000e+00 0.000000000000000e+00 0.000000000000000e+00 0.000000000000000e+00 0.000000000000000e+00
 0.000000000000000e+00 0.000000000000000e+00 0.000000000000000e+00 0.000000000000000e+00 0.000000000000000e+00 0.000000000000000e+00 0.000000000000000e+00 0.000000000000000e+00 0.000000000000000e+00 0.000000000000000e+00
 0.000000000000000e+00 0.000000000000000e+00 0.000000000000000e+00 0.000000000000000e+00 0.000000000000000e+00 0.000000000000000e+00 0.000000000000000e+00 0.000000000000000e+00 0.000000000000000e+00 0.000000000000000e+00
 0.000000000000000e+00 0.000000000000000e+00 0.000000000000000e+00 0.000000000000000e+00 0.000000000000000e+00 0.000000000000000e+00 0.000000000000000e+00 0.000000000000000e+00 0.000000000000000e+00 0.000000000000000e+00
 0.000000000000000e+00 0.000000000000000e+00 0.000000000000000e+00 0.000000000000000e+00 0.000000000000000e+00 0.000000000000000e+00 0.000000000000000e+00 0.000000000000000e+00 0.000000000000000e+00 0.000000000000000e+00
 0.000000000000000e+00 0.000000000000000e+00 0.000000000000000e+00 0.000000000000000e+00 0.000000000000000e+00 0.000000000000000e+00 0.000000000000000e+00 0.000000000000000e+00 0.000000000000000e+00 0.000000000000000e+00
 0.000000000000000e+00 0.000000000000000e+00 0.000000000000000e+00 0.000000000000000e+00 0.000000000000000e+00 0.000000000000000e+00 0.000000000000000e+00 0.000000000000000e+00 0.000000000000000e+00 0.000000000000000e+00
 0.000000000000000e+00 0.000000000000000e+00 0.000000000000000e+00 0.000000000000000e+00 0.000000000000000e+00 0.000000000000000e+00 0.000000000000000e+00 0.000000000000000e+00 0.000000000000000e+00 0.000000000000000e+00
 0.000000000000000e+00 0.000000000000000e+00 0.000000000000000e+00 0.000000000000000e+00 0.000000000000000e+00 0.000000000000000e+00 0.000000000000000e+00 0.000000000000000e+00 0.000000000000000e+00 0.000000000000000e+00
 0.000000000000000e+00 0.000000000000000e+00 0.000000000000000e+00 0.000000000000000e+00 0.000000000000000e+00 0.000000000000000e+00 0.000000000000000e+00 0.000000000000000e+00 0.000000000000000e+00 0.000000000000000e+00
 0.000000000000000e+00 0.000000000000000e+00 0.000000000000000e+00 0.000000000000000e+00 0.000000000000000e+00 0.000000000000000e+00 0.000000000000000e+00 0.000000000000000e+00 0.000000000000000e+00 0.000000000000000e+00
 0.000000000000000e+00 0.000000000000000e+00 0.000000000000000e+00 0.000000000000000e+00 0.000000000000000e+00 0.000000000000000e+00 0.000000000000000e+00 0.000000000000000e+00 0.000000000000000e+00 0.000000000000000e+00
 0.000000000000000e+00 0.000000000000000e+00 0.000000000000000e+00 0.000000000000000e+00 0.000000000000000e+00 0.000000000000000e+00 0.000000000000000e+00 0.000000000000000e+00 0.000000000000000e+00 0.000000000000000e+00
 0.000000000000000e+00 0.000000000000000e+00 0.000000000000000e+00 0.000000000000000e+00 0.000000000000000e+00 0.000000000000000e+00 0.000000000000000e+00 0.000000000000000e+00 0.000000000000000e+00 0.000000000000000e+00
 0.000000000000000e+00 0.000000000000000e+00 0.000000000000000e+00 0.000000000000000e+00 0.000000000000000e+00 0.000000000000000e+00 0.000000000000000e+00 0.000000000000000e+00 0.000000000000000e+00 0.000000000000000e+00
 0.000000000000000e+00 0.000000000000000e+00 0.000000000000000e+00 0.000000000000000e+00 0.000000000000000e+00 0.000000000000000e+00 0.000000000000000e+00 0.000000000000000e+00 0.000000000000000e+00 0.000000000000000e+00
 0.000000000000000e+00 0.000000000000000e+00 0.000000000000000e+00 0.000000000000000e+00 0.000000000000000e+00 0.000000000000000e+00 0.000000000000000e+00 0.000000000000000e+00 0.000000000000000e+00 0.000000000000000e+00
 0.000000000000000e+00 0.000000000000000e+00 0.000000000000000e+00 0.000000000000000e+00 0.000000000000000e+00 0.000000000000000e+00 0.000000000000000e+00 0.000000000000000e+00 0.000000000000000e+00 0.000000000000000e+00

    }
  }

  Dataset ("AluminumActiveConcentration") {
    function  = AluminumActiveConcentration
    type      = scalar
    dimension = 1
    location  = vertex
    validity  = [ "i_layer" ]
    Values (4420) {
 1.000000000000005e+19 0.000000000000000e+00 0.000000000000000e+00 1.000000000000005e+19 0.000000000000000e+00 0.000000000000000e+00 0.000000000000000e+00 0.000000000000000e+00 0.000000000000000e+00 0.000000000000000e+00
 0.000000000000000e+00 0.000000000000000e+00 0.000000000000000e+00 0.000000000000000e+00 0.000000000000000e+00 0.000000000000000e+00 0.000000000000000e+00 0.000000000000000e+00 0.000000000000000e+00 0.000000000000000e+00
 0.000000000000000e+00 0.000000000000000e+00 0.000000000000000e+00 0.000000000000000e+00 0.000000000000000e+00 0.000000000000000e+00 0.000000000000000e+00 0.000000000000000e+00 0.000000000000000e+00 0.000000000000000e+00
 0.000000000000000e+00 0.000000000000000e+00 0.000000000000000e+00 0.000000000000000e+00 0.000000000000000e+00 0.000000000000000e+00 0.000000000000000e+00 0.000000000000000e+00 0.000000000000000e+00 0.000000000000000e+00
 0.000000000000000e+00 0.000000000000000e+00 0.000000000000000e+00 0.000000000000000e+00 0.000000000000000e+00 0.000000000000000e+00 0.000000000000000e+00 0.000000000000000e+00 0.000000000000000e+00 0.000000000000000e+00
 0.000000000000000e+00 0.000000000000000e+00 0.000000000000000e+00 0.000000000000000e+00 0.000000000000000e+00 0.000000000000000e+00 0.000000000000000e+00 0.000000000000000e+00 0.000000000000000e+00 0.000000000000000e+00
 0.000000000000000e+00 0.000000000000000e+00 0.000000000000000e+00 0.000000000000000e+00 0.000000000000000e+00 0.000000000000000e+00 0.000000000000000e+00 0.000000000000000e+00 0.000000000000000e+00 0.000000000000000e+00
 0.000000000000000e+00 0.000000000000000e+00 0.000000000000000e+00 0.000000000000000e+00 0.000000000000000e+00 0.000000000000000e+00 0.000000000000000e+00 0.000000000000000e+00 0.000000000000000e+00 0.000000000000000e+00
 0.000000000000000e+00 0.000000000000000e+00 0.000000000000000e+00 0.000000000000000e+00 0.000000000000000e+00 0.000000000000000e+00 0.000000000000000e+00 0.000000000000000e+00 0.000000000000000e+00 0.000000000000000e+00
 0.000000000000000e+00 0.000000000000000e+00 0.000000000000000e+00 0.000000000000000e+00 0.000000000000000e+00 0.000000000000000e+00 0.000000000000000e+00 0.000000000000000e+00 0.000000000000000e+00 0.000000000000000e+00
 0.000000000000000e+00 0.000000000000000e+00 0.000000000000000e+00 0.000000000000000e+00 1.000000000000005e+19 0.000000000000000e+00 1.000000000000005e+19 0.000000000000000e+00 0.000000000000000e+00 0.000000000000000e+00
 0.000000000000000e+00 0.000000000000000e+00 0.000000000000000e+00 0.000000000000000e+00 0.000000000000000e+00 0.000000000000000e+00 0.000000000000000e+00 0.000000000000000e+00 0.000000000000000e+00 0.000000000000000e+00
 0.000000000000000e+00 0.000000000000000e+00 0.000000000000000e+00 0.000000000000000e+00 0.000000000000000e+00 0.000000000000000e+00 0.000000000000000e+00 0.000000000000000e+00 0.000000000000000e+00 0.000000000000000e+00
 0.000000000000000e+00 0.000000000000000e+00 0.000000000000000e+00 0.000000000000000e+00 0.000000000000000e+00 0.000000000000000e+00 0.000000000000000e+00 0.000000000000000e+00 0.000000000000000e+00 0.000000000000000e+00
 0.000000000000000e+00 0.000000000000000e+00 0.000000000000000e+00 0.000000000000000e+00 0.000000000000000e+00 0.000000000000000e+00 0.000000000000000e+00 0.000000000000000e+00 0.000000000000000e+00 0.000000000000000e+00
 0.000000000000000e+00 0.000000000000000e+00 0.000000000000000e+00 0.000000000000000e+00 0.000000000000000e+00 0.000000000000000e+00 0.000000000000000e+00 0.000000000000000e+00 0.000000000000000e+00 0.000000000000000e+00
 0.000000000000000e+00 0.000000000000000e+00 0.000000000000000e+00 0.000000000000000e+00 0.000000000000000e+00 0.000000000000000e+00 0.000000000000000e+00 0.000000000000000e+00 0.000000000000000e+00 0.000000000000000e+00
 0.000000000000000e+00 0.000000000000000e+00 0.000000000000000e+00 0.000000000000000e+00 1.000000000000005e+19 0.000000000000000e+00 1.000000000000005e+19 0.000000000000000e+00 0.000000000000000e+00 0.000000000000000e+00
 0.000000000000000e+00 0.000000000000000e+00 0.000000000000000e+00 0.000000000000000e+00 0.000000000000000e+00 0.000000000000000e+00 0.000000000000000e+00 0.000000000000000e+00 0.000000000000000e+00 0.000000000000000e+00
 0.000000000000000e+00 0.000000000000000e+00 0.000000000000000e+00 0.000000000000000e+00 0.000000000000000e+00 0.000000000000000e+00 0.000000000000000e+00 0.000000000000000e+00 0.000000000000000e+00 0.000000000000000e+00
 0.000000000000000e+00 0.000000000000000e+00 0.000000000000000e+00 0.000000000000000e+00 0.000000000000000e+00 0.000000000000000e+00 0.000000000000000e+00 0.000000000000000e+00 0.000000000000000e+00 0.000000000000000e+00
 0.000000000000000e+00 0.000000000000000e+00 0.000000000000000e+00 0.000000000000000e+00 0.000000000000000e+00 0.000000000000000e+00 0.000000000000000e+00 0.000000000000000e+00 0.000000000000000e+00 0.000000000000000e+00
 0.000000000000000e+00 0.000000000000000e+00 0.000000000000000e+00 0.000000000000000e+00 0.000000000000000e+00 0.000000000000000e+00 0.000000000000000e+00 0.000000000000000e+00 0.000000000000000e+00 0.000000000000000e+00
 0.000000000000000e+00 0.000000000000000e+00 0.000000000000000e+00 0.000000000000000e+00 0.000000000000000e+00 0.000000000000000e+00 0.000000000000000e+00 0.000000000000000e+00 0.000000000000000e+00 0.000000000000000e+00
 0.000000000000000e+00 0.000000000000000e+00 0.000000000000000e+00 0.000000000000000e+00 1.000000000000005e+19 0.000000000000000e+00 1.000000000000005e+19 0.000000000000000e+00 0.000000000000000e+00 0.000000000000000e+00
 0.000000000000000e+00 0.000000000000000e+00 0.000000000000000e+00 0.000000000000000e+00 0.000000000000000e+00 0.000000000000000e+00 0.000000000000000e+00 0.000000000000000e+00 0.000000000000000e+00 0.000000000000000e+00
 0.000000000000000e+00 0.000000000000000e+00 0.000000000000000e+00 0.000000000000000e+00 0.000000000000000e+00 0.000000000000000e+00 0.000000000000000e+00 0.000000000000000e+00 0.000000000000000e+00 0.000000000000000e+00
 0.000000000000000e+00 0.000000000000000e+00 0.000000000000000e+00 0.000000000000000e+00 0.000000000000000e+00 0.000000000000000e+00 0.000000000000000e+00 0.000000000000000e+00 0.000000000000000e+00 0.000000000000000e+00
 0.000000000000000e+00 0.000000000000000e+00 0.000000000000000e+00 0.000000000000000e+00 0.000000000000000e+00 0.000000000000000e+00 0.000000000000000e+00 0.000000000000000e+00 0.000000000000000e+00 0.000000000000000e+00
 0.000000000000000e+00 0.000000000000000e+00 0.000000000000000e+00 0.000000000000000e+00 0.000000000000000e+00 0.000000000000000e+00 0.000000000000000e+00 0.000000000000000e+00 0.000000000000000e+00 0.000000000000000e+00
 0.000000000000000e+00 0.000000000000000e+00 0.000000000000000e+00 0.000000000000000e+00 0.000000000000000e+00 0.000000000000000e+00 0.000000000000000e+00 0.000000000000000e+00 0.000000000000000e+00 0.000000000000000e+00
 0.000000000000000e+00 0.000000000000000e+00 0.000000000000000e+00 0.000000000000000e+00 1.000000000000005e+19 0.000000000000000e+00 1.000000000000005e+19 0.000000000000000e+00 0.000000000000000e+00 0.000000000000000e+00
 0.000000000000000e+00 0.000000000000000e+00 0.000000000000000e+00 0.000000000000000e+00 0.000000000000000e+00 0.000000000000000e+00 0.000000000000000e+00 0.000000000000000e+00 0.000000000000000e+00 0.000000000000000e+00
 0.000000000000000e+00 0.000000000000000e+00 0.000000000000000e+00 0.000000000000000e+00 0.000000000000000e+00 0.000000000000000e+00 0.000000000000000e+00 0.000000000000000e+00 0.000000000000000e+00 0.000000000000000e+00
 0.000000000000000e+00 0.000000000000000e+00 0.000000000000000e+00 0.000000000000000e+00 0.000000000000000e+00 0.000000000000000e+00 0.000000000000000e+00 0.000000000000000e+00 0.000000000000000e+00 0.000000000000000e+00
 0.000000000000000e+00 0.000000000000000e+00 0.000000000000000e+00 0.000000000000000e+00 0.000000000000000e+00 0.000000000000000e+00 0.000000000000000e+00 0.000000000000000e+00 0.000000000000000e+00 0.000000000000000e+00
 0.000000000000000e+00 0.000000000000000e+00 0.000000000000000e+00 0.000000000000000e+00 0.000000000000000e+00 0.000000000000000e+00 0.000000000000000e+00 0.000000000000000e+00 0.000000000000000e+00 0.000000000000000e+00
 0.000000000000000e+00 0.000000000000000e+00 0.000000000000000e+00 0.000000000000000e+00 0.000000000000000e+00 0.000000000000000e+00 0.000000000000000e+00 0.000000000000000e+00 0.000000000000000e+00 0.000000000000000e+00
 0.000000000000000e+00 0.000000000000000e+00 0.000000000000000e+00 0.000000000000000e+00 1.000000000000005e+19 0.000000000000000e+00 1.000000000000005e+19 0.000000000000000e+00 0.000000000000000e+00 0.000000000000000e+00
 0.000000000000000e+00 0.000000000000000e+00 0.000000000000000e+00 0.000000000000000e+00 0.000000000000000e+00 0.000000000000000e+00 0.000000000000000e+00 0.000000000000000e+00 0.000000000000000e+00 0.000000000000000e+00
 0.000000000000000e+00 0.000000000000000e+00 0.000000000000000e+00 0.000000000000000e+00 0.000000000000000e+00 0.000000000000000e+00 0.000000000000000e+00 0.000000000000000e+00 0.000000000000000e+00 0.000000000000000e+00
 0.000000000000000e+00 0.000000000000000e+00 0.000000000000000e+00 0.000000000000000e+00 0.000000000000000e+00 0.000000000000000e+00 0.000000000000000e+00 0.000000000000000e+00 0.000000000000000e+00 0.000000000000000e+00
 0.000000000000000e+00 0.000000000000000e+00 0.000000000000000e+00 0.000000000000000e+00 0.000000000000000e+00 0.000000000000000e+00 0.000000000000000e+00 0.000000000000000e+00 0.000000000000000e+00 0.000000000000000e+00
 0.000000000000000e+00 0.000000000000000e+00 0.000000000000000e+00 0.000000000000000e+00 0.000000000000000e+00 0.000000000000000e+00 0.000000000000000e+00 0.000000000000000e+00 0.000000000000000e+00 0.000000000000000e+00
 0.000000000000000e+00 0.000000000000000e+00 0.000000000000000e+00 0.000000000000000e+00 0.000000000000000e+00 0.000000000000000e+00 0.000000000000000e+00 0.000000000000000e+00 0.000000000000000e+00 0.000000000000000e+00
 0.000000000000000e+00 0.000000000000000e+00 0.000000000000000e+00 0.000000000000000e+00 1.000000000000005e+19 0.000000000000000e+00 1.000000000000005e+19 0.000000000000000e+00 0.000000000000000e+00 0.000000000000000e+00
 0.000000000000000e+00 0.000000000000000e+00 0.000000000000000e+00 0.000000000000000e+00 0.000000000000000e+00 0.000000000000000e+00 0.000000000000000e+00 0.000000000000000e+00 0.000000000000000e+00 0.000000000000000e+00
 0.000000000000000e+00 0.000000000000000e+00 0.000000000000000e+00 0.000000000000000e+00 0.000000000000000e+00 0.000000000000000e+00 0.000000000000000e+00 0.000000000000000e+00 0.000000000000000e+00 0.000000000000000e+00
 0.000000000000000e+00 0.000000000000000e+00 0.000000000000000e+00 0.000000000000000e+00 0.000000000000000e+00 0.000000000000000e+00 0.000000000000000e+00 0.000000000000000e+00 0.000000000000000e+00 0.000000000000000e+00
 0.000000000000000e+00 0.000000000000000e+00 0.000000000000000e+00 0.000000000000000e+00 0.000000000000000e+00 0.000000000000000e+00 0.000000000000000e+00 0.000000000000000e+00 0.000000000000000e+00 0.000000000000000e+00
 0.000000000000000e+00 0.000000000000000e+00 0.000000000000000e+00 0.000000000000000e+00 0.000000000000000e+00 0.000000000000000e+00 0.000000000000000e+00 0.000000000000000e+00 0.000000000000000e+00 0.000000000000000e+00
 0.000000000000000e+00 0.000000000000000e+00 0.000000000000000e+00 0.000000000000000e+00 0.000000000000000e+00 0.000000000000000e+00 0.000000000000000e+00 0.000000000000000e+00 0.000000000000000e+00 0.000000000000000e+00
 0.000000000000000e+00 0.000000000000000e+00 0.000000000000000e+00 0.000000000000000e+00 1.000000000000005e+19 0.000000000000000e+00 1.000000000000005e+19 0.000000000000000e+00 0.000000000000000e+00 0.000000000000000e+00
 0.000000000000000e+00 0.000000000000000e+00 0.000000000000000e+00 0.000000000000000e+00 0.000000000000000e+00 0.000000000000000e+00 0.000000000000000e+00 0.000000000000000e+00 0.000000000000000e+00 0.000000000000000e+00
 0.000000000000000e+00 0.000000000000000e+00 0.000000000000000e+00 0.000000000000000e+00 0.000000000000000e+00 0.000000000000000e+00 0.000000000000000e+00 0.000000000000000e+00 0.000000000000000e+00 0.000000000000000e+00
 0.000000000000000e+00 0.000000000000000e+00 0.000000000000000e+00 0.000000000000000e+00 0.000000000000000e+00 0.000000000000000e+00 0.000000000000000e+00 0.000000000000000e+00 0.000000000000000e+00 0.000000000000000e+00
 0.000000000000000e+00 0.000000000000000e+00 0.000000000000000e+00 0.000000000000000e+00 0.000000000000000e+00 0.000000000000000e+00 0.000000000000000e+00 0.000000000000000e+00 0.000000000000000e+00 0.000000000000000e+00
 0.000000000000000e+00 0.000000000000000e+00 0.000000000000000e+00 0.000000000000000e+00 0.000000000000000e+00 0.000000000000000e+00 0.000000000000000e+00 0.000000000000000e+00 0.000000000000000e+00 0.000000000000000e+00
 0.000000000000000e+00 0.000000000000000e+00 0.000000000000000e+00 0.000000000000000e+00 0.000000000000000e+00 0.000000000000000e+00 0.000000000000000e+00 0.000000000000000e+00 0.000000000000000e+00 0.000000000000000e+00
 0.000000000000000e+00 0.000000000000000e+00 0.000000000000000e+00 0.000000000000000e+00 1.000000000000005e+19 0.000000000000000e+00 1.000000000000005e+19 0.000000000000000e+00 0.000000000000000e+00 0.000000000000000e+00
 0.000000000000000e+00 0.000000000000000e+00 0.000000000000000e+00 0.000000000000000e+00 0.000000000000000e+00 0.000000000000000e+00 0.000000000000000e+00 0.000000000000000e+00 0.000000000000000e+00 0.000000000000000e+00
 0.000000000000000e+00 0.000000000000000e+00 0.000000000000000e+00 0.000000000000000e+00 0.000000000000000e+00 0.000000000000000e+00 0.000000000000000e+00 0.000000000000000e+00 0.000000000000000e+00 0.000000000000000e+00
 0.000000000000000e+00 0.000000000000000e+00 0.000000000000000e+00 0.000000000000000e+00 0.000000000000000e+00 0.000000000000000e+00 0.000000000000000e+00 0.000000000000000e+00 0.000000000000000e+00 0.000000000000000e+00
 0.000000000000000e+00 0.000000000000000e+00 0.000000000000000e+00 0.000000000000000e+00 0.000000000000000e+00 0.000000000000000e+00 0.000000000000000e+00 0.000000000000000e+00 0.000000000000000e+00 0.000000000000000e+00
 0.000000000000000e+00 0.000000000000000e+00 0.000000000000000e+00 0.000000000000000e+00 0.000000000000000e+00 0.000000000000000e+00 0.000000000000000e+00 0.000000000000000e+00 0.000000000000000e+00 0.000000000000000e+00
 0.000000000000000e+00 0.000000000000000e+00 0.000000000000000e+00 0.000000000000000e+00 0.000000000000000e+00 0.000000000000000e+00 0.000000000000000e+00 0.000000000000000e+00 0.000000000000000e+00 0.000000000000000e+00
 0.000000000000000e+00 0.000000000000000e+00 0.000000000000000e+00 0.000000000000000e+00 1.000000000000005e+19 0.000000000000000e+00 1.000000000000005e+19 0.000000000000000e+00 0.000000000000000e+00 0.000000000000000e+00
 0.000000000000000e+00 0.000000000000000e+00 0.000000000000000e+00 0.000000000000000e+00 0.000000000000000e+00 0.000000000000000e+00 0.000000000000000e+00 0.000000000000000e+00 0.000000000000000e+00 0.000000000000000e+00
 0.000000000000000e+00 0.000000000000000e+00 0.000000000000000e+00 0.000000000000000e+00 0.000000000000000e+00 0.000000000000000e+00 0.000000000000000e+00 0.000000000000000e+00 0.000000000000000e+00 0.000000000000000e+00
 0.000000000000000e+00 0.000000000000000e+00 0.000000000000000e+00 0.000000000000000e+00 0.000000000000000e+00 0.000000000000000e+00 0.000000000000000e+00 0.000000000000000e+00 0.000000000000000e+00 0.000000000000000e+00
 0.000000000000000e+00 0.000000000000000e+00 0.000000000000000e+00 0.000000000000000e+00 0.000000000000000e+00 0.000000000000000e+00 0.000000000000000e+00 0.000000000000000e+00 0.000000000000000e+00 0.000000000000000e+00
 0.000000000000000e+00 0.000000000000000e+00 0.000000000000000e+00 0.000000000000000e+00 0.000000000000000e+00 0.000000000000000e+00 0.000000000000000e+00 0.000000000000000e+00 0.000000000000000e+00 0.000000000000000e+00
 0.000000000000000e+00 0.000000000000000e+00 0.000000000000000e+00 0.000000000000000e+00 0.000000000000000e+00 0.000000000000000e+00 0.000000000000000e+00 0.000000000000000e+00 0.000000000000000e+00 0.000000000000000e+00
 0.000000000000000e+00 0.000000000000000e+00 0.000000000000000e+00 0.000000000000000e+00 1.000000000000005e+19 0.000000000000000e+00 1.000000000000005e+19 0.000000000000000e+00 0.000000000000000e+00 0.000000000000000e+00
 0.000000000000000e+00 0.000000000000000e+00 0.000000000000000e+00 0.000000000000000e+00 0.000000000000000e+00 0.000000000000000e+00 0.000000000000000e+00 0.000000000000000e+00 0.000000000000000e+00 0.000000000000000e+00
 0.000000000000000e+00 0.000000000000000e+00 0.000000000000000e+00 0.000000000000000e+00 0.000000000000000e+00 0.000000000000000e+00 0.000000000000000e+00 0.000000000000000e+00 0.000000000000000e+00 0.000000000000000e+00
 0.000000000000000e+00 0.000000000000000e+00 0.000000000000000e+00 0.000000000000000e+00 0.000000000000000e+00 0.000000000000000e+00 0.000000000000000e+00 0.000000000000000e+00 0.000000000000000e+00 0.000000000000000e+00
 0.000000000000000e+00 0.000000000000000e+00 0.000000000000000e+00 0.000000000000000e+00 0.000000000000000e+00 0.000000000000000e+00 0.000000000000000e+00 0.000000000000000e+00 0.000000000000000e+00 0.000000000000000e+00
 0.000000000000000e+00 0.000000000000000e+00 0.000000000000000e+00 0.000000000000000e+00 0.000000000000000e+00 0.000000000000000e+00 0.000000000000000e+00 0.000000000000000e+00 0.000000000000000e+00 0.000000000000000e+00
 0.000000000000000e+00 0.000000000000000e+00 0.000000000000000e+00 0.000000000000000e+00 0.000000000000000e+00 0.000000000000000e+00 0.000000000000000e+00 0.000000000000000e+00 0.000000000000000e+00 0.000000000000000e+00
 0.000000000000000e+00 0.000000000000000e+00 0.000000000000000e+00 0.000000000000000e+00 1.000000000000005e+19 0.000000000000000e+00 1.000000000000005e+19 0.000000000000000e+00 0.000000000000000e+00 0.000000000000000e+00
 0.000000000000000e+00 0.000000000000000e+00 0.000000000000000e+00 0.000000000000000e+00 0.000000000000000e+00 0.000000000000000e+00 0.000000000000000e+00 0.000000000000000e+00 0.000000000000000e+00 0.000000000000000e+00
 0.000000000000000e+00 0.000000000000000e+00 0.000000000000000e+00 0.000000000000000e+00 0.000000000000000e+00 0.000000000000000e+00 0.000000000000000e+00 0.000000000000000e+00 0.000000000000000e+00 0.000000000000000e+00
 0.000000000000000e+00 0.000000000000000e+00 0.000000000000000e+00 0.000000000000000e+00 0.000000000000000e+00 0.000000000000000e+00 0.000000000000000e+00 0.000000000000000e+00 0.000000000000000e+00 0.000000000000000e+00
 0.000000000000000e+00 0.000000000000000e+00 0.000000000000000e+00 0.000000000000000e+00 0.000000000000000e+00 0.000000000000000e+00 0.000000000000000e+00 0.000000000000000e+00 0.000000000000000e+00 0.000000000000000e+00
 0.000000000000000e+00 0.000000000000000e+00 0.000000000000000e+00 0.000000000000000e+00 0.000000000000000e+00 0.000000000000000e+00 0.000000000000000e+00 0.000000000000000e+00 0.000000000000000e+00 0.000000000000000e+00
 0.000000000000000e+00 0.000000000000000e+00 0.000000000000000e+00 0.000000000000000e+00 0.000000000000000e+00 0.000000000000000e+00 0.000000000000000e+00 0.000000000000000e+00 0.000000000000000e+00 0.000000000000000e+00
 0.000000000000000e+00 0.000000000000000e+00 0.000000000000000e+00 0.000000000000000e+00 1.000000000000005e+19 0.000000000000000e+00 1.000000000000005e+19 0.000000000000000e+00 0.000000000000000e+00 0.000000000000000e+00
 0.000000000000000e+00 0.000000000000000e+00 0.000000000000000e+00 0.000000000000000e+00 0.000000000000000e+00 0.000000000000000e+00 0.000000000000000e+00 0.000000000000000e+00 0.000000000000000e+00 0.000000000000000e+00
 0.000000000000000e+00 0.000000000000000e+00 0.000000000000000e+00 0.000000000000000e+00 0.000000000000000e+00 0.000000000000000e+00 0.000000000000000e+00 0.000000000000000e+00 0.000000000000000e+00 0.000000000000000e+00
 0.000000000000000e+00 0.000000000000000e+00 0.000000000000000e+00 0.000000000000000e+00 0.000000000000000e+00 0.000000000000000e+00 0.000000000000000e+00 0.000000000000000e+00 0.000000000000000e+00 0.000000000000000e+00
 0.000000000000000e+00 0.000000000000000e+00 0.000000000000000e+00 0.000000000000000e+00 0.000000000000000e+00 0.000000000000000e+00 0.000000000000000e+00 0.000000000000000e+00 0.000000000000000e+00 0.000000000000000e+00
 0.000000000000000e+00 0.000000000000000e+00 0.000000000000000e+00 0.000000000000000e+00 0.000000000000000e+00 0.000000000000000e+00 0.000000000000000e+00 0.000000000000000e+00 0.000000000000000e+00 0.000000000000000e+00
 0.000000000000000e+00 0.000000000000000e+00 0.000000000000000e+00 0.000000000000000e+00 0.000000000000000e+00 0.000000000000000e+00 0.000000000000000e+00 0.000000000000000e+00 0.000000000000000e+00 0.000000000000000e+00
 0.000000000000000e+00 0.000000000000000e+00 0.000000000000000e+00 0.000000000000000e+00 1.000000000000005e+19 0.000000000000000e+00 1.000000000000005e+19 0.000000000000000e+00 0.000000000000000e+00 0.000000000000000e+00
 0.000000000000000e+00 0.000000000000000e+00 0.000000000000000e+00 0.000000000000000e+00 0.000000000000000e+00 0.000000000000000e+00 0.000000000000000e+00 0.000000000000000e+00 0.000000000000000e+00 0.000000000000000e+00
 0.000000000000000e+00 0.000000000000000e+00 0.000000000000000e+00 0.000000000000000e+00 0.000000000000000e+00 0.000000000000000e+00 0.000000000000000e+00 0.000000000000000e+00 0.000000000000000e+00 0.000000000000000e+00
 0.000000000000000e+00 0.000000000000000e+00 0.000000000000000e+00 0.000000000000000e+00 0.000000000000000e+00 0.000000000000000e+00 0.000000000000000e+00 0.000000000000000e+00 0.000000000000000e+00 0.000000000000000e+00
 0.000000000000000e+00 0.000000000000000e+00 0.000000000000000e+00 0.000000000000000e+00 0.000000000000000e+00 0.000000000000000e+00 0.000000000000000e+00 0.000000000000000e+00 0.000000000000000e+00 0.000000000000000e+00
 0.000000000000000e+00 0.000000000000000e+00 0.000000000000000e+00 0.000000000000000e+00 0.000000000000000e+00 0.000000000000000e+00 0.000000000000000e+00 0.000000000000000e+00 0.000000000000000e+00 0.000000000000000e+00
 0.000000000000000e+00 0.000000000000000e+00 0.000000000000000e+00 0.000000000000000e+00 0.000000000000000e+00 0.000000000000000e+00 0.000000000000000e+00 0.000000000000000e+00 0.000000000000000e+00 0.000000000000000e+00
 0.000000000000000e+00 0.000000000000000e+00 0.000000000000000e+00 0.000000000000000e+00 1.000000000000005e+19 0.000000000000000e+00 1.000000000000005e+19 0.000000000000000e+00 0.000000000000000e+00 0.000000000000000e+00
 0.000000000000000e+00 0.000000000000000e+00 0.000000000000000e+00 0.000000000000000e+00 0.000000000000000e+00 0.000000000000000e+00 0.000000000000000e+00 0.000000000000000e+00 0.000000000000000e+00 0.000000000000000e+00
 0.000000000000000e+00 0.000000000000000e+00 0.000000000000000e+00 0.000000000000000e+00 0.000000000000000e+00 0.000000000000000e+00 0.000000000000000e+00 0.000000000000000e+00 0.000000000000000e+00 0.000000000000000e+00
 0.000000000000000e+00 0.000000000000000e+00 0.000000000000000e+00 0.000000000000000e+00 0.000000000000000e+00 0.000000000000000e+00 0.000000000000000e+00 0.000000000000000e+00 0.000000000000000e+00 0.000000000000000e+00
 0.000000000000000e+00 0.000000000000000e+00 0.000000000000000e+00 0.000000000000000e+00 0.000000000000000e+00 0.000000000000000e+00 0.000000000000000e+00 0.000000000000000e+00 0.000000000000000e+00 0.000000000000000e+00
 0.000000000000000e+00 0.000000000000000e+00 0.000000000000000e+00 0.000000000000000e+00 0.000000000000000e+00 0.000000000000000e+00 0.000000000000000e+00 0.000000000000000e+00 0.000000000000000e+00 0.000000000000000e+00
 0.000000000000000e+00 0.000000000000000e+00 0.000000000000000e+00 0.000000000000000e+00 0.000000000000000e+00 0.000000000000000e+00 0.000000000000000e+00 0.000000000000000e+00 0.000000000000000e+00 0.000000000000000e+00
 0.000000000000000e+00 0.000000000000000e+00 0.000000000000000e+00 0.000000000000000e+00 1.000000000000005e+19 0.000000000000000e+00 1.000000000000005e+19 0.000000000000000e+00 0.000000000000000e+00 0.000000000000000e+00
 0.000000000000000e+00 0.000000000000000e+00 0.000000000000000e+00 0.000000000000000e+00 0.000000000000000e+00 0.000000000000000e+00 0.000000000000000e+00 0.000000000000000e+00 0.000000000000000e+00 0.000000000000000e+00
 0.000000000000000e+00 0.000000000000000e+00 0.000000000000000e+00 0.000000000000000e+00 0.000000000000000e+00 0.000000000000000e+00 0.000000000000000e+00 0.000000000000000e+00 0.000000000000000e+00 0.000000000000000e+00
 0.000000000000000e+00 0.000000000000000e+00 0.000000000000000e+00 0.000000000000000e+00 0.000000000000000e+00 0.000000000000000e+00 0.000000000000000e+00 0.000000000000000e+00 0.000000000000000e+00 0.000000000000000e+00
 0.000000000000000e+00 0.000000000000000e+00 0.000000000000000e+00 0.000000000000000e+00 0.000000000000000e+00 0.000000000000000e+00 0.000000000000000e+00 0.000000000000000e+00 0.000000000000000e+00 0.000000000000000e+00
 0.000000000000000e+00 0.000000000000000e+00 0.000000000000000e+00 0.000000000000000e+00 0.000000000000000e+00 0.000000000000000e+00 0.000000000000000e+00 0.000000000000000e+00 0.000000000000000e+00 0.000000000000000e+00
 0.000000000000000e+00 0.000000000000000e+00 0.000000000000000e+00 0.000000000000000e+00 0.000000000000000e+00 0.000000000000000e+00 0.000000000000000e+00 0.000000000000000e+00 0.000000000000000e+00 0.000000000000000e+00
 0.000000000000000e+00 0.000000000000000e+00 0.000000000000000e+00 0.000000000000000e+00 0.000000000000000e+00 0.000000000000000e+00 0.000000000000000e+00 0.000000000000000e+00 0.000000000000000e+00 0.000000000000000e+00
 0.000000000000000e+00 0.000000000000000e+00 0.000000000000000e+00 0.000000000000000e+00 0.000000000000000e+00 0.000000000000000e+00 0.000000000000000e+00 0.000000000000000e+00 0.000000000000000e+00 0.000000000000000e+00
 0.000000000000000e+00 0.000000000000000e+00 0.000000000000000e+00 0.000000000000000e+00 0.000000000000000e+00 0.000000000000000e+00 0.000000000000000e+00 0.000000000000000e+00 0.000000000000000e+00 0.000000000000000e+00
 0.000000000000000e+00 0.000000000000000e+00 0.000000000000000e+00 0.000000000000000e+00 0.000000000000000e+00 0.000000000000000e+00 0.000000000000000e+00 0.000000000000000e+00 0.000000000000000e+00 0.000000000000000e+00
 0.000000000000000e+00 0.000000000000000e+00 0.000000000000000e+00 0.000000000000000e+00 0.000000000000000e+00 0.000000000000000e+00 0.000000000000000e+00 0.000000000000000e+00 0.000000000000000e+00 0.000000000000000e+00
 0.000000000000000e+00 0.000000000000000e+00 0.000000000000000e+00 0.000000000000000e+00 0.000000000000000e+00 0.000000000000000e+00 0.000000000000000e+00 0.000000000000000e+00 0.000000000000000e+00 0.000000000000000e+00
 0.000000000000000e+00 0.000000000000000e+00 0.000000000000000e+00 0.000000000000000e+00 0.000000000000000e+00 0.000000000000000e+00 0.000000000000000e+00 0.000000000000000e+00 0.000000000000000e+00 0.000000000000000e+00
 0.000000000000000e+00 0.000000000000000e+00 0.000000000000000e+00 0.000000000000000e+00 0.000000000000000e+00 0.000000000000000e+00 0.000000000000000e+00 0.000000000000000e+00 0.000000000000000e+00 0.000000000000000e+00
 0.000000000000000e+00 0.000000000000000e+00 0.000000000000000e+00 0.000000000000000e+00 0.000000000000000e+00 0.000000000000000e+00 0.000000000000000e+00 0.000000000000000e+00 0.000000000000000e+00 0.000000000000000e+00
 0.000000000000000e+00 0.000000000000000e+00 0.000000000000000e+00 0.000000000000000e+00 0.000000000000000e+00 0.000000000000000e+00 0.000000000000000e+00 0.000000000000000e+00 0.000000000000000e+00 0.000000000000000e+00
 0.000000000000000e+00 0.000000000000000e+00 0.000000000000000e+00 0.000000000000000e+00 0.000000000000000e+00 0.000000000000000e+00 0.000000000000000e+00 0.000000000000000e+00 0.000000000000000e+00 0.000000000000000e+00
 0.000000000000000e+00 0.000000000000000e+00 0.000000000000000e+00 0.000000000000000e+00 0.000000000000000e+00 0.000000000000000e+00 0.000000000000000e+00 0.000000000000000e+00 0.000000000000000e+00 0.000000000000000e+00
 0.000000000000000e+00 0.000000000000000e+00 0.000000000000000e+00 0.000000000000000e+00 0.000000000000000e+00 0.000000000000000e+00 0.000000000000000e+00 0.000000000000000e+00 0.000000000000000e+00 0.000000000000000e+00
 0.000000000000000e+00 0.000000000000000e+00 0.000000000000000e+00 0.000000000000000e+00 0.000000000000000e+00 0.000000000000000e+00 0.000000000000000e+00 0.000000000000000e+00 0.000000000000000e+00 0.000000000000000e+00
 0.000000000000000e+00 0.000000000000000e+00 0.000000000000000e+00 0.000000000000000e+00 0.000000000000000e+00 0.000000000000000e+00 0.000000000000000e+00 0.000000000000000e+00 0.000000000000000e+00 0.000000000000000e+00
 0.000000000000000e+00 0.000000000000000e+00 0.000000000000000e+00 0.000000000000000e+00 0.000000000000000e+00 0.000000000000000e+00 0.000000000000000e+00 0.000000000000000e+00 0.000000000000000e+00 0.000000000000000e+00
 0.000000000000000e+00 0.000000000000000e+00 0.000000000000000e+00 0.000000000000000e+00 0.000000000000000e+00 0.000000000000000e+00 0.000000000000000e+00 0.000000000000000e+00 0.000000000000000e+00 0.000000000000000e+00
 0.000000000000000e+00 0.000000000000000e+00 0.000000000000000e+00 0.000000000000000e+00 0.000000000000000e+00 0.000000000000000e+00 0.000000000000000e+00 0.000000000000000e+00 0.000000000000000e+00 0.000000000000000e+00
 0.000000000000000e+00 0.000000000000000e+00 0.000000000000000e+00 0.000000000000000e+00 0.000000000000000e+00 0.000000000000000e+00 0.000000000000000e+00 0.000000000000000e+00 0.000000000000000e+00 0.000000000000000e+00
 0.000000000000000e+00 0.000000000000000e+00 0.000000000000000e+00 0.000000000000000e+00 0.000000000000000e+00 0.000000000000000e+00 0.000000000000000e+00 0.000000000000000e+00 0.000000000000000e+00 0.000000000000000e+00
 0.000000000000000e+00 0.000000000000000e+00 0.000000000000000e+00 0.000000000000000e+00 0.000000000000000e+00 0.000000000000000e+00 0.000000000000000e+00 0.000000000000000e+00 0.000000000000000e+00 0.000000000000000e+00
 0.000000000000000e+00 0.000000000000000e+00 0.000000000000000e+00 0.000000000000000e+00 0.000000000000000e+00 0.000000000000000e+00 0.000000000000000e+00 0.000000000000000e+00 0.000000000000000e+00 0.000000000000000e+00
 0.000000000000000e+00 0.000000000000000e+00 0.000000000000000e+00 0.000000000000000e+00 0.000000000000000e+00 0.000000000000000e+00 0.000000000000000e+00 0.000000000000000e+00 0.000000000000000e+00 0.000000000000000e+00
 0.000000000000000e+00 0.000000000000000e+00 0.000000000000000e+00 0.000000000000000e+00 0.000000000000000e+00 0.000000000000000e+00 0.000000000000000e+00 0.000000000000000e+00 0.000000000000000e+00 0.000000000000000e+00
 0.000000000000000e+00 0.000000000000000e+00 0.000000000000000e+00 0.000000000000000e+00 0.000000000000000e+00 0.000000000000000e+00 0.000000000000000e+00 0.000000000000000e+00 0.000000000000000e+00 0.000000000000000e+00
 0.000000000000000e+00 0.000000000000000e+00 0.000000000000000e+00 0.000000000000000e+00 0.000000000000000e+00 0.000000000000000e+00 0.000000000000000e+00 0.000000000000000e+00 0.000000000000000e+00 0.000000000000000e+00
 0.000000000000000e+00 0.000000000000000e+00 0.000000000000000e+00 0.000000000000000e+00 0.000000000000000e+00 0.000000000000000e+00 0.000000000000000e+00 0.000000000000000e+00 0.000000000000000e+00 0.000000000000000e+00
 0.000000000000000e+00 0.000000000000000e+00 0.000000000000000e+00 0.000000000000000e+00 0.000000000000000e+00 0.000000000000000e+00 0.000000000000000e+00 0.000000000000000e+00 0.000000000000000e+00 0.000000000000000e+00
 0.000000000000000e+00 0.000000000000000e+00 0.000000000000000e+00 0.000000000000000e+00 0.000000000000000e+00 0.000000000000000e+00 0.000000000000000e+00 0.000000000000000e+00 0.000000000000000e+00 0.000000000000000e+00
 0.000000000000000e+00 0.000000000000000e+00 0.000000000000000e+00 0.000000000000000e+00 0.000000000000000e+00 0.000000000000000e+00 0.000000000000000e+00 0.000000000000000e+00 0.000000000000000e+00 0.000000000000000e+00
 0.000000000000000e+00 0.000000000000000e+00 0.000000000000000e+00 0.000000000000000e+00 0.000000000000000e+00 0.000000000000000e+00 0.000000000000000e+00 0.000000000000000e+00 0.000000000000000e+00 0.000000000000000e+00
 0.000000000000000e+00 0.000000000000000e+00 0.000000000000000e+00 0.000000000000000e+00 0.000000000000000e+00 0.000000000000000e+00 0.000000000000000e+00 0.000000000000000e+00 0.000000000000000e+00 0.000000000000000e+00
 0.000000000000000e+00 0.000000000000000e+00 0.000000000000000e+00 0.000000000000000e+00 0.000000000000000e+00 0.000000000000000e+00 0.000000000000000e+00 0.000000000000000e+00 0.000000000000000e+00 0.000000000000000e+00
 0.000000000000000e+00 0.000000000000000e+00 0.000000000000000e+00 0.000000000000000e+00 0.000000000000000e+00 0.000000000000000e+00 0.000000000000000e+00 0.000000000000000e+00 0.000000000000000e+00 0.000000000000000e+00
 0.000000000000000e+00 0.000000000000000e+00 0.000000000000000e+00 0.000000000000000e+00 0.000000000000000e+00 0.000000000000000e+00 0.000000000000000e+00 0.000000000000000e+00 0.000000000000000e+00 0.000000000000000e+00
 0.000000000000000e+00 0.000000000000000e+00 0.000000000000000e+00 0.000000000000000e+00 0.000000000000000e+00 0.000000000000000e+00 0.000000000000000e+00 0.000000000000000e+00 0.000000000000000e+00 0.000000000000000e+00
 0.000000000000000e+00 0.000000000000000e+00 0.000000000000000e+00 0.000000000000000e+00 0.000000000000000e+00 0.000000000000000e+00 0.000000000000000e+00 0.000000000000000e+00 0.000000000000000e+00 0.000000000000000e+00
 0.000000000000000e+00 0.000000000000000e+00 0.000000000000000e+00 0.000000000000000e+00 0.000000000000000e+00 0.000000000000000e+00 0.000000000000000e+00 0.000000000000000e+00 0.000000000000000e+00 0.000000000000000e+00
 0.000000000000000e+00 0.000000000000000e+00 0.000000000000000e+00 0.000000000000000e+00 0.000000000000000e+00 0.000000000000000e+00 0.000000000000000e+00 0.000000000000000e+00 0.000000000000000e+00 0.000000000000000e+00
 0.000000000000000e+00 0.000000000000000e+00 0.000000000000000e+00 0.000000000000000e+00 0.000000000000000e+00 0.000000000000000e+00 0.000000000000000e+00 0.000000000000000e+00 0.000000000000000e+00 0.000000000000000e+00
 0.000000000000000e+00 0.000000000000000e+00 0.000000000000000e+00 0.000000000000000e+00 0.000000000000000e+00 0.000000000000000e+00 0.000000000000000e+00 0.000000000000000e+00 0.000000000000000e+00 0.000000000000000e+00
 0.000000000000000e+00 0.000000000000000e+00 0.000000000000000e+00 0.000000000000000e+00 0.000000000000000e+00 0.000000000000000e+00 0.000000000000000e+00 0.000000000000000e+00 0.000000000000000e+00 0.000000000000000e+00
 0.000000000000000e+00 0.000000000000000e+00 0.000000000000000e+00 0.000000000000000e+00 0.000000000000000e+00 0.000000000000000e+00 0.000000000000000e+00 0.000000000000000e+00 0.000000000000000e+00 0.000000000000000e+00
 0.000000000000000e+00 0.000000000000000e+00 0.000000000000000e+00 0.000000000000000e+00 0.000000000000000e+00 0.000000000000000e+00 0.000000000000000e+00 0.000000000000000e+00 0.000000000000000e+00 0.000000000000000e+00
 0.000000000000000e+00 0.000000000000000e+00 0.000000000000000e+00 0.000000000000000e+00 0.000000000000000e+00 0.000000000000000e+00 0.000000000000000e+00 0.000000000000000e+00 0.000000000000000e+00 0.000000000000000e+00
 0.000000000000000e+00 0.000000000000000e+00 0.000000000000000e+00 0.000000000000000e+00 0.000000000000000e+00 0.000000000000000e+00 0.000000000000000e+00 0.000000000000000e+00 0.000000000000000e+00 0.000000000000000e+00
 0.000000000000000e+00 0.000000000000000e+00 0.000000000000000e+00 0.000000000000000e+00 0.000000000000000e+00 0.000000000000000e+00 0.000000000000000e+00 0.000000000000000e+00 0.000000000000000e+00 0.000000000000000e+00
 0.000000000000000e+00 0.000000000000000e+00 0.000000000000000e+00 0.000000000000000e+00 0.000000000000000e+00 0.000000000000000e+00 0.000000000000000e+00 0.000000000000000e+00 0.000000000000000e+00 0.000000000000000e+00
 0.000000000000000e+00 0.000000000000000e+00 0.000000000000000e+00 0.000000000000000e+00 0.000000000000000e+00 0.000000000000000e+00 0.000000000000000e+00 0.000000000000000e+00 0.000000000000000e+00 0.000000000000000e+00
 0.000000000000000e+00 0.000000000000000e+00 0.000000000000000e+00 0.000000000000000e+00 0.000000000000000e+00 0.000000000000000e+00 0.000000000000000e+00 0.000000000000000e+00 0.000000000000000e+00 0.000000000000000e+00
 0.000000000000000e+00 0.000000000000000e+00 0.000000000000000e+00 0.000000000000000e+00 0.000000000000000e+00 0.000000000000000e+00 0.000000000000000e+00 0.000000000000000e+00 0.000000000000000e+00 0.000000000000000e+00
 0.000000000000000e+00 0.000000000000000e+00 0.000000000000000e+00 0.000000000000000e+00 0.000000000000000e+00 0.000000000000000e+00 0.000000000000000e+00 0.000000000000000e+00 0.000000000000000e+00 0.000000000000000e+00
 0.000000000000000e+00 0.000000000000000e+00 0.000000000000000e+00 0.000000000000000e+00 0.000000000000000e+00 0.000000000000000e+00 0.000000000000000e+00 0.000000000000000e+00 0.000000000000000e+00 0.000000000000000e+00
 0.000000000000000e+00 0.000000000000000e+00 0.000000000000000e+00 0.000000000000000e+00 0.000000000000000e+00 0.000000000000000e+00 0.000000000000000e+00 0.000000000000000e+00 0.000000000000000e+00 0.000000000000000e+00
 0.000000000000000e+00 0.000000000000000e+00 0.000000000000000e+00 0.000000000000000e+00 0.000000000000000e+00 0.000000000000000e+00 0.000000000000000e+00 0.000000000000000e+00 0.000000000000000e+00 0.000000000000000e+00
 0.000000000000000e+00 0.000000000000000e+00 0.000000000000000e+00 0.000000000000000e+00 0.000000000000000e+00 0.000000000000000e+00 0.000000000000000e+00 0.000000000000000e+00 0.000000000000000e+00 0.000000000000000e+00
 0.000000000000000e+00 0.000000000000000e+00 0.000000000000000e+00 0.000000000000000e+00 0.000000000000000e+00 0.000000000000000e+00 0.000000000000000e+00 0.000000000000000e+00 0.000000000000000e+00 0.000000000000000e+00
 0.000000000000000e+00 0.000000000000000e+00 0.000000000000000e+00 0.000000000000000e+00 0.000000000000000e+00 0.000000000000000e+00 0.000000000000000e+00 0.000000000000000e+00 0.000000000000000e+00 0.000000000000000e+00
 0.000000000000000e+00 0.000000000000000e+00 0.000000000000000e+00 0.000000000000000e+00 0.000000000000000e+00 0.000000000000000e+00 0.000000000000000e+00 0.000000000000000e+00 0.000000000000000e+00 0.000000000000000e+00
 0.000000000000000e+00 0.000000000000000e+00 0.000000000000000e+00 0.000000000000000e+00 0.000000000000000e+00 0.000000000000000e+00 0.000000000000000e+00 0.000000000000000e+00 0.000000000000000e+00 0.000000000000000e+00
 0.000000000000000e+00 0.000000000000000e+00 0.000000000000000e+00 0.000000000000000e+00 0.000000000000000e+00 0.000000000000000e+00 0.000000000000000e+00 0.000000000000000e+00 0.000000000000000e+00 0.000000000000000e+00
 0.000000000000000e+00 0.000000000000000e+00 0.000000000000000e+00 0.000000000000000e+00 0.000000000000000e+00 0.000000000000000e+00 0.000000000000000e+00 0.000000000000000e+00 0.000000000000000e+00 0.000000000000000e+00
 0.000000000000000e+00 0.000000000000000e+00 0.000000000000000e+00 0.000000000000000e+00 0.000000000000000e+00 0.000000000000000e+00 0.000000000000000e+00 0.000000000000000e+00 0.000000000000000e+00 0.000000000000000e+00
 0.000000000000000e+00 0.000000000000000e+00 0.000000000000000e+00 0.000000000000000e+00 0.000000000000000e+00 0.000000000000000e+00 0.000000000000000e+00 0.000000000000000e+00 0.000000000000000e+00 0.000000000000000e+00
 0.000000000000000e+00 0.000000000000000e+00 0.000000000000000e+00 0.000000000000000e+00 0.000000000000000e+00 0.000000000000000e+00 0.000000000000000e+00 0.000000000000000e+00 0.000000000000000e+00 0.000000000000000e+00
 0.000000000000000e+00 0.000000000000000e+00 0.000000000000000e+00 0.000000000000000e+00 0.000000000000000e+00 0.000000000000000e+00 0.000000000000000e+00 0.000000000000000e+00 0.000000000000000e+00 0.000000000000000e+00
 0.000000000000000e+00 0.000000000000000e+00 0.000000000000000e+00 0.000000000000000e+00 0.000000000000000e+00 0.000000000000000e+00 0.000000000000000e+00 0.000000000000000e+00 0.000000000000000e+00 0.000000000000000e+00
 0.000000000000000e+00 0.000000000000000e+00 0.000000000000000e+00 0.000000000000000e+00 0.000000000000000e+00 0.000000000000000e+00 0.000000000000000e+00 0.000000000000000e+00 0.000000000000000e+00 0.000000000000000e+00
 0.000000000000000e+00 0.000000000000000e+00 0.000000000000000e+00 0.000000000000000e+00 0.000000000000000e+00 0.000000000000000e+00 0.000000000000000e+00 0.000000000000000e+00 0.000000000000000e+00 0.000000000000000e+00
 0.000000000000000e+00 0.000000000000000e+00 0.000000000000000e+00 0.000000000000000e+00 0.000000000000000e+00 0.000000000000000e+00 0.000000000000000e+00 0.000000000000000e+00 0.000000000000000e+00 0.000000000000000e+00
 0.000000000000000e+00 0.000000000000000e+00 0.000000000000000e+00 0.000000000000000e+00 0.000000000000000e+00 0.000000000000000e+00 0.000000000000000e+00 0.000000000000000e+00 0.000000000000000e+00 0.000000000000000e+00
 0.000000000000000e+00 0.000000000000000e+00 0.000000000000000e+00 0.000000000000000e+00 0.000000000000000e+00 0.000000000000000e+00 0.000000000000000e+00 0.000000000000000e+00 0.000000000000000e+00 0.000000000000000e+00
 0.000000000000000e+00 0.000000000000000e+00 0.000000000000000e+00 0.000000000000000e+00 0.000000000000000e+00 0.000000000000000e+00 0.000000000000000e+00 0.000000000000000e+00 0.000000000000000e+00 0.000000000000000e+00
 0.000000000000000e+00 0.000000000000000e+00 0.000000000000000e+00 0.000000000000000e+00 0.000000000000000e+00 0.000000000000000e+00 0.000000000000000e+00 0.000000000000000e+00 0.000000000000000e+00 0.000000000000000e+00
 0.000000000000000e+00 0.000000000000000e+00 0.000000000000000e+00 0.000000000000000e+00 0.000000000000000e+00 0.000000000000000e+00 0.000000000000000e+00 0.000000000000000e+00 0.000000000000000e+00 0.000000000000000e+00
 0.000000000000000e+00 0.000000000000000e+00 0.000000000000000e+00 0.000000000000000e+00 0.000000000000000e+00 0.000000000000000e+00 0.000000000000000e+00 0.000000000000000e+00 0.000000000000000e+00 0.000000000000000e+00
 0.000000000000000e+00 0.000000000000000e+00 0.000000000000000e+00 0.000000000000000e+00 0.000000000000000e+00 0.000000000000000e+00 0.000000000000000e+00 0.000000000000000e+00 0.000000000000000e+00 0.000000000000000e+00
 0.000000000000000e+00 0.000000000000000e+00 0.000000000000000e+00 0.000000000000000e+00 0.000000000000000e+00 0.000000000000000e+00 0.000000000000000e+00 0.000000000000000e+00 0.000000000000000e+00 0.000000000000000e+00
 0.000000000000000e+00 0.000000000000000e+00 0.000000000000000e+00 0.000000000000000e+00 0.000000000000000e+00 0.000000000000000e+00 0.000000000000000e+00 0.000000000000000e+00 0.000000000000000e+00 0.000000000000000e+00
 0.000000000000000e+00 0.000000000000000e+00 0.000000000000000e+00 0.000000000000000e+00 0.000000000000000e+00 0.000000000000000e+00 0.000000000000000e+00 0.000000000000000e+00 0.000000000000000e+00 0.000000000000000e+00
 0.000000000000000e+00 0.000000000000000e+00 0.000000000000000e+00 0.000000000000000e+00 0.000000000000000e+00 0.000000000000000e+00 0.000000000000000e+00 0.000000000000000e+00 0.000000000000000e+00 0.000000000000000e+00
 0.000000000000000e+00 0.000000000000000e+00 0.000000000000000e+00 0.000000000000000e+00 0.000000000000000e+00 0.000000000000000e+00 0.000000000000000e+00 0.000000000000000e+00 0.000000000000000e+00 0.000000000000000e+00
 0.000000000000000e+00 0.000000000000000e+00 0.000000000000000e+00 0.000000000000000e+00 0.000000000000000e+00 0.000000000000000e+00 0.000000000000000e+00 0.000000000000000e+00 0.000000000000000e+00 0.000000000000000e+00
 0.000000000000000e+00 0.000000000000000e+00 0.000000000000000e+00 0.000000000000000e+00 0.000000000000000e+00 0.000000000000000e+00 0.000000000000000e+00 0.000000000000000e+00 0.000000000000000e+00 0.000000000000000e+00
 0.000000000000000e+00 0.000000000000000e+00 0.000000000000000e+00 0.000000000000000e+00 0.000000000000000e+00 0.000000000000000e+00 0.000000000000000e+00 0.000000000000000e+00 0.000000000000000e+00 0.000000000000000e+00
 0.000000000000000e+00 0.000000000000000e+00 0.000000000000000e+00 0.000000000000000e+00 0.000000000000000e+00 0.000000000000000e+00 0.000000000000000e+00 0.000000000000000e+00 0.000000000000000e+00 0.000000000000000e+00
 0.000000000000000e+00 0.000000000000000e+00 0.000000000000000e+00 0.000000000000000e+00 0.000000000000000e+00 0.000000000000000e+00 0.000000000000000e+00 0.000000000000000e+00 0.000000000000000e+00 0.000000000000000e+00
 0.000000000000000e+00 0.000000000000000e+00 0.000000000000000e+00 0.000000000000000e+00 0.000000000000000e+00 0.000000000000000e+00 0.000000000000000e+00 0.000000000000000e+00 0.000000000000000e+00 0.000000000000000e+00
 0.000000000000000e+00 0.000000000000000e+00 0.000000000000000e+00 0.000000000000000e+00 0.000000000000000e+00 0.000000000000000e+00 0.000000000000000e+00 0.000000000000000e+00 0.000000000000000e+00 0.000000000000000e+00
 0.000000000000000e+00 0.000000000000000e+00 0.000000000000000e+00 0.000000000000000e+00 0.000000000000000e+00 0.000000000000000e+00 0.000000000000000e+00 0.000000000000000e+00 0.000000000000000e+00 0.000000000000000e+00
 0.000000000000000e+00 0.000000000000000e+00 0.000000000000000e+00 0.000000000000000e+00 0.000000000000000e+00 0.000000000000000e+00 0.000000000000000e+00 0.000000000000000e+00 0.000000000000000e+00 0.000000000000000e+00
 0.000000000000000e+00 0.000000000000000e+00 0.000000000000000e+00 0.000000000000000e+00 0.000000000000000e+00 0.000000000000000e+00 0.000000000000000e+00 0.000000000000000e+00 0.000000000000000e+00 0.000000000000000e+00
 0.000000000000000e+00 0.000000000000000e+00 0.000000000000000e+00 0.000000000000000e+00 0.000000000000000e+00 0.000000000000000e+00 0.000000000000000e+00 0.000000000000000e+00 0.000000000000000e+00 0.000000000000000e+00
 0.000000000000000e+00 0.000000000000000e+00 0.000000000000000e+00 0.000000000000000e+00 0.000000000000000e+00 0.000000000000000e+00 0.000000000000000e+00 0.000000000000000e+00 0.000000000000000e+00 0.000000000000000e+00
 0.000000000000000e+00 0.000000000000000e+00 0.000000000000000e+00 0.000000000000000e+00 0.000000000000000e+00 0.000000000000000e+00 0.000000000000000e+00 0.000000000000000e+00 0.000000000000000e+00 0.000000000000000e+00
 0.000000000000000e+00 0.000000000000000e+00 0.000000000000000e+00 0.000000000000000e+00 0.000000000000000e+00 0.000000000000000e+00 0.000000000000000e+00 0.000000000000000e+00 0.000000000000000e+00 0.000000000000000e+00
 0.000000000000000e+00 0.000000000000000e+00 0.000000000000000e+00 0.000000000000000e+00 0.000000000000000e+00 0.000000000000000e+00 0.000000000000000e+00 0.000000000000000e+00 0.000000000000000e+00 0.000000000000000e+00
 0.000000000000000e+00 0.000000000000000e+00 0.000000000000000e+00 0.000000000000000e+00 0.000000000000000e+00 0.000000000000000e+00 0.000000000000000e+00 0.000000000000000e+00 0.000000000000000e+00 0.000000000000000e+00
 0.000000000000000e+00 0.000000000000000e+00 0.000000000000000e+00 0.000000000000000e+00 0.000000000000000e+00 0.000000000000000e+00 0.000000000000000e+00 0.000000000000000e+00 0.000000000000000e+00 0.000000000000000e+00
 0.000000000000000e+00 0.000000000000000e+00 0.000000000000000e+00 0.000000000000000e+00 0.000000000000000e+00 0.000000000000000e+00 0.000000000000000e+00 0.000000000000000e+00 0.000000000000000e+00 0.000000000000000e+00
 0.000000000000000e+00 0.000000000000000e+00 0.000000000000000e+00 0.000000000000000e+00 0.000000000000000e+00 0.000000000000000e+00 0.000000000000000e+00 0.000000000000000e+00 0.000000000000000e+00 0.000000000000000e+00
 0.000000000000000e+00 0.000000000000000e+00 0.000000000000000e+00 0.000000000000000e+00 0.000000000000000e+00 0.000000000000000e+00 0.000000000000000e+00 0.000000000000000e+00 0.000000000000000e+00 0.000000000000000e+00
 0.000000000000000e+00 0.000000000000000e+00 0.000000000000000e+00 0.000000000000000e+00 0.000000000000000e+00 0.000000000000000e+00 0.000000000000000e+00 0.000000000000000e+00 0.000000000000000e+00 0.000000000000000e+00
 0.000000000000000e+00 0.000000000000000e+00 0.000000000000000e+00 0.000000000000000e+00 0.000000000000000e+00 0.000000000000000e+00 0.000000000000000e+00 0.000000000000000e+00 0.000000000000000e+00 0.000000000000000e+00
 0.000000000000000e+00 0.000000000000000e+00 0.000000000000000e+00 0.000000000000000e+00 0.000000000000000e+00 0.000000000000000e+00 0.000000000000000e+00 0.000000000000000e+00 0.000000000000000e+00 0.000000000000000e+00
 0.000000000000000e+00 0.000000000000000e+00 0.000000000000000e+00 0.000000000000000e+00 0.000000000000000e+00 0.000000000000000e+00 0.000000000000000e+00 0.000000000000000e+00 0.000000000000000e+00 0.000000000000000e+00
 0.000000000000000e+00 0.000000000000000e+00 0.000000000000000e+00 0.000000000000000e+00 0.000000000000000e+00 0.000000000000000e+00 0.000000000000000e+00 0.000000000000000e+00 0.000000000000000e+00 0.000000000000000e+00
 0.000000000000000e+00 0.000000000000000e+00 0.000000000000000e+00 0.000000000000000e+00 0.000000000000000e+00 0.000000000000000e+00 0.000000000000000e+00 0.000000000000000e+00 0.000000000000000e+00 0.000000000000000e+00
 0.000000000000000e+00 0.000000000000000e+00 0.000000000000000e+00 0.000000000000000e+00 0.000000000000000e+00 0.000000000000000e+00 0.000000000000000e+00 0.000000000000000e+00 0.000000000000000e+00 0.000000000000000e+00
 0.000000000000000e+00 0.000000000000000e+00 1.000000000000005e+19 0.000000000000000e+00 1.000000000000005e+19 0.000000000000000e+00 0.000000000000000e+00 0.000000000000000e+00 0.000000000000000e+00 0.000000000000000e+00
 0.000000000000000e+00 0.000000000000000e+00 0.000000000000000e+00 0.000000000000000e+00 0.000000000000000e+00 0.000000000000000e+00 0.000000000000000e+00 0.000000000000000e+00 0.000000000000000e+00 0.000000000000000e+00
 0.000000000000000e+00 0.000000000000000e+00 0.000000000000000e+00 0.000000000000000e+00 0.000000000000000e+00 0.000000000000000e+00 0.000000000000000e+00 0.000000000000000e+00 0.000000000000000e+00 0.000000000000000e+00
 0.000000000000000e+00 0.000000000000000e+00 0.000000000000000e+00 0.000000000000000e+00 0.000000000000000e+00 0.000000000000000e+00 0.000000000000000e+00 0.000000000000000e+00 0.000000000000000e+00 0.000000000000000e+00
 0.000000000000000e+00 0.000000000000000e+00 0.000000000000000e+00 0.000000000000000e+00 0.000000000000000e+00 0.000000000000000e+00 0.000000000000000e+00 0.000000000000000e+00 0.000000000000000e+00 0.000000000000000e+00
 0.000000000000000e+00 0.000000000000000e+00 0.000000000000000e+00 0.000000000000000e+00 0.000000000000000e+00 0.000000000000000e+00 0.000000000000000e+00 0.000000000000000e+00 0.000000000000000e+00 0.000000000000000e+00
 0.000000000000000e+00 0.000000000000000e+00 0.000000000000000e+00 0.000000000000000e+00 0.000000000000000e+00 0.000000000000000e+00 0.000000000000000e+00 0.000000000000000e+00 0.000000000000000e+00 0.000000000000000e+00
 0.000000000000000e+00 0.000000000000000e+00 1.000000000000005e+19 0.000000000000000e+00 1.000000000000005e+19 0.000000000000000e+00 0.000000000000000e+00 0.000000000000000e+00 0.000000000000000e+00 0.000000000000000e+00
 0.000000000000000e+00 0.000000000000000e+00 0.000000000000000e+00 0.000000000000000e+00 0.000000000000000e+00 0.000000000000000e+00 0.000000000000000e+00 0.000000000000000e+00 0.000000000000000e+00 0.000000000000000e+00
 0.000000000000000e+00 0.000000000000000e+00 0.000000000000000e+00 0.000000000000000e+00 0.000000000000000e+00 0.000000000000000e+00 0.000000000000000e+00 0.000000000000000e+00 0.000000000000000e+00 0.000000000000000e+00
 0.000000000000000e+00 0.000000000000000e+00 0.000000000000000e+00 0.000000000000000e+00 0.000000000000000e+00 0.000000000000000e+00 0.000000000000000e+00 0.000000000000000e+00 0.000000000000000e+00 0.000000000000000e+00
 0.000000000000000e+00 0.000000000000000e+00 0.000000000000000e+00 0.000000000000000e+00 0.000000000000000e+00 0.000000000000000e+00 0.000000000000000e+00 0.000000000000000e+00 0.000000000000000e+00 0.000000000000000e+00
 0.000000000000000e+00 0.000000000000000e+00 0.000000000000000e+00 0.000000000000000e+00 0.000000000000000e+00 0.000000000000000e+00 0.000000000000000e+00 0.000000000000000e+00 0.000000000000000e+00 0.000000000000000e+00
 0.000000000000000e+00 0.000000000000000e+00 0.000000000000000e+00 0.000000000000000e+00 0.000000000000000e+00 0.000000000000000e+00 0.000000000000000e+00 0.000000000000000e+00 0.000000000000000e+00 0.000000000000000e+00
 0.000000000000000e+00 0.000000000000000e+00 1.000000000000005e+19 0.000000000000000e+00 1.000000000000005e+19 0.000000000000000e+00 0.000000000000000e+00 0.000000000000000e+00 0.000000000000000e+00 0.000000000000000e+00
 0.000000000000000e+00 0.000000000000000e+00 0.000000000000000e+00 0.000000000000000e+00 0.000000000000000e+00 0.000000000000000e+00 0.000000000000000e+00 0.000000000000000e+00 0.000000000000000e+00 0.000000000000000e+00
 0.000000000000000e+00 0.000000000000000e+00 0.000000000000000e+00 0.000000000000000e+00 0.000000000000000e+00 0.000000000000000e+00 0.000000000000000e+00 0.000000000000000e+00 0.000000000000000e+00 0.000000000000000e+00
 0.000000000000000e+00 0.000000000000000e+00 0.000000000000000e+00 0.000000000000000e+00 0.000000000000000e+00 0.000000000000000e+00 0.000000000000000e+00 0.000000000000000e+00 0.000000000000000e+00 0.000000000000000e+00
 0.000000000000000e+00 0.000000000000000e+00 0.000000000000000e+00 0.000000000000000e+00 0.000000000000000e+00 0.000000000000000e+00 0.000000000000000e+00 0.000000000000000e+00 0.000000000000000e+00 0.000000000000000e+00
 0.000000000000000e+00 0.000000000000000e+00 0.000000000000000e+00 0.000000000000000e+00 0.000000000000000e+00 0.000000000000000e+00 0.000000000000000e+00 0.000000000000000e+00 0.000000000000000e+00 0.000000000000000e+00
 0.000000000000000e+00 0.000000000000000e+00 0.000000000000000e+00 0.000000000000000e+00 0.000000000000000e+00 0.000000000000000e+00 0.000000000000000e+00 0.000000000000000e+00 0.000000000000000e+00 0.000000000000000e+00
 0.000000000000000e+00 0.000000000000000e+00 1.000000000000005e+19 0.000000000000000e+00 1.000000000000005e+19 0.000000000000000e+00 0.000000000000000e+00 0.000000000000000e+00 0.000000000000000e+00 0.000000000000000e+00
 0.000000000000000e+00 0.000000000000000e+00 0.000000000000000e+00 0.000000000000000e+00 0.000000000000000e+00 0.000000000000000e+00 0.000000000000000e+00 0.000000000000000e+00 0.000000000000000e+00 0.000000000000000e+00
 0.000000000000000e+00 0.000000000000000e+00 0.000000000000000e+00 0.000000000000000e+00 0.000000000000000e+00 0.000000000000000e+00 0.000000000000000e+00 0.000000000000000e+00 0.000000000000000e+00 0.000000000000000e+00
 0.000000000000000e+00 0.000000000000000e+00 0.000000000000000e+00 0.000000000000000e+00 0.000000000000000e+00 0.000000000000000e+00 0.000000000000000e+00 0.000000000000000e+00 0.000000000000000e+00 0.000000000000000e+00
 0.000000000000000e+00 0.000000000000000e+00 0.000000000000000e+00 0.000000000000000e+00 0.000000000000000e+00 0.000000000000000e+00 0.000000000000000e+00 0.000000000000000e+00 0.000000000000000e+00 0.000000000000000e+00
 0.000000000000000e+00 0.000000000000000e+00 0.000000000000000e+00 0.000000000000000e+00 0.000000000000000e+00 0.000000000000000e+00 0.000000000000000e+00 0.000000000000000e+00 0.000000000000000e+00 0.000000000000000e+00
 0.000000000000000e+00 0.000000000000000e+00 0.000000000000000e+00 0.000000000000000e+00 0.000000000000000e+00 0.000000000000000e+00 0.000000000000000e+00 0.000000000000000e+00 0.000000000000000e+00 0.000000000000000e+00
 0.000000000000000e+00 0.000000000000000e+00 1.000000000000005e+19 0.000000000000000e+00 1.000000000000005e+19 0.000000000000000e+00 0.000000000000000e+00 0.000000000000000e+00 0.000000000000000e+00 0.000000000000000e+00
 0.000000000000000e+00 0.000000000000000e+00 0.000000000000000e+00 0.000000000000000e+00 0.000000000000000e+00 0.000000000000000e+00 0.000000000000000e+00 0.000000000000000e+00 0.000000000000000e+00 0.000000000000000e+00
 0.000000000000000e+00 0.000000000000000e+00 0.000000000000000e+00 0.000000000000000e+00 0.000000000000000e+00 0.000000000000000e+00 0.000000000000000e+00 0.000000000000000e+00 0.000000000000000e+00 0.000000000000000e+00
 0.000000000000000e+00 0.000000000000000e+00 0.000000000000000e+00 0.000000000000000e+00 0.000000000000000e+00 0.000000000000000e+00 0.000000000000000e+00 0.000000000000000e+00 0.000000000000000e+00 0.000000000000000e+00
 0.000000000000000e+00 0.000000000000000e+00 0.000000000000000e+00 0.000000000000000e+00 0.000000000000000e+00 0.000000000000000e+00 0.000000000000000e+00 0.000000000000000e+00 0.000000000000000e+00 0.000000000000000e+00
 0.000000000000000e+00 0.000000000000000e+00 0.000000000000000e+00 0.000000000000000e+00 0.000000000000000e+00 0.000000000000000e+00 0.000000000000000e+00 0.000000000000000e+00 0.000000000000000e+00 0.000000000000000e+00
 0.000000000000000e+00 0.000000000000000e+00 0.000000000000000e+00 0.000000000000000e+00 0.000000000000000e+00 0.000000000000000e+00 0.000000000000000e+00 0.000000000000000e+00 0.000000000000000e+00 0.000000000000000e+00
 0.000000000000000e+00 0.000000000000000e+00 1.000000000000005e+19 0.000000000000000e+00 1.000000000000005e+19 0.000000000000000e+00 0.000000000000000e+00 0.000000000000000e+00 0.000000000000000e+00 0.000000000000000e+00
 0.000000000000000e+00 0.000000000000000e+00 0.000000000000000e+00 0.000000000000000e+00 0.000000000000000e+00 0.000000000000000e+00 0.000000000000000e+00 0.000000000000000e+00 0.000000000000000e+00 0.000000000000000e+00
 0.000000000000000e+00 0.000000000000000e+00 0.000000000000000e+00 0.000000000000000e+00 0.000000000000000e+00 0.000000000000000e+00 0.000000000000000e+00 0.000000000000000e+00 0.000000000000000e+00 0.000000000000000e+00
 0.000000000000000e+00 0.000000000000000e+00 0.000000000000000e+00 0.000000000000000e+00 0.000000000000000e+00 0.000000000000000e+00 0.000000000000000e+00 0.000000000000000e+00 0.000000000000000e+00 0.000000000000000e+00
 0.000000000000000e+00 0.000000000000000e+00 0.000000000000000e+00 0.000000000000000e+00 0.000000000000000e+00 0.000000000000000e+00 0.000000000000000e+00 0.000000000000000e+00 0.000000000000000e+00 0.000000000000000e+00
 0.000000000000000e+00 0.000000000000000e+00 0.000000000000000e+00 0.000000000000000e+00 0.000000000000000e+00 0.000000000000000e+00 0.000000000000000e+00 0.000000000000000e+00 0.000000000000000e+00 0.000000000000000e+00
 0.000000000000000e+00 0.000000000000000e+00 0.000000000000000e+00 0.000000000000000e+00 0.000000000000000e+00 0.000000000000000e+00 0.000000000000000e+00 0.000000000000000e+00 0.000000000000000e+00 0.000000000000000e+00
 0.000000000000000e+00 0.000000000000000e+00 1.000000000000005e+19 0.000000000000000e+00 1.000000000000005e+19 0.000000000000000e+00 0.000000000000000e+00 0.000000000000000e+00 0.000000000000000e+00 0.000000000000000e+00
 0.000000000000000e+00 0.000000000000000e+00 0.000000000000000e+00 0.000000000000000e+00 0.000000000000000e+00 0.000000000000000e+00 0.000000000000000e+00 0.000000000000000e+00 0.000000000000000e+00 0.000000000000000e+00
 0.000000000000000e+00 0.000000000000000e+00 0.000000000000000e+00 0.000000000000000e+00 0.000000000000000e+00 0.000000000000000e+00 0.000000000000000e+00 0.000000000000000e+00 0.000000000000000e+00 0.000000000000000e+00
 0.000000000000000e+00 0.000000000000000e+00 0.000000000000000e+00 0.000000000000000e+00 0.000000000000000e+00 0.000000000000000e+00 0.000000000000000e+00 0.000000000000000e+00 0.000000000000000e+00 0.000000000000000e+00
 0.000000000000000e+00 0.000000000000000e+00 0.000000000000000e+00 0.000000000000000e+00 0.000000000000000e+00 0.000000000000000e+00 0.000000000000000e+00 0.000000000000000e+00 0.000000000000000e+00 0.000000000000000e+00
 0.000000000000000e+00 0.000000000000000e+00 0.000000000000000e+00 0.000000000000000e+00 0.000000000000000e+00 0.000000000000000e+00 0.000000000000000e+00 0.000000000000000e+00 0.000000000000000e+00 0.000000000000000e+00
 0.000000000000000e+00 0.000000000000000e+00 0.000000000000000e+00 0.000000000000000e+00 0.000000000000000e+00 0.000000000000000e+00 0.000000000000000e+00 0.000000000000000e+00 0.000000000000000e+00 0.000000000000000e+00
 0.000000000000000e+00 0.000000000000000e+00 1.000000000000005e+19 0.000000000000000e+00 1.000000000000005e+19 0.000000000000000e+00 0.000000000000000e+00 0.000000000000000e+00 0.000000000000000e+00 0.000000000000000e+00
 0.000000000000000e+00 0.000000000000000e+00 0.000000000000000e+00 0.000000000000000e+00 0.000000000000000e+00 0.000000000000000e+00 0.000000000000000e+00 0.000000000000000e+00 0.000000000000000e+00 0.000000000000000e+00
 0.000000000000000e+00 0.000000000000000e+00 0.000000000000000e+00 0.000000000000000e+00 0.000000000000000e+00 0.000000000000000e+00 0.000000000000000e+00 0.000000000000000e+00 0.000000000000000e+00 0.000000000000000e+00
 0.000000000000000e+00 0.000000000000000e+00 0.000000000000000e+00 0.000000000000000e+00 0.000000000000000e+00 0.000000000000000e+00 0.000000000000000e+00 0.000000000000000e+00 0.000000000000000e+00 0.000000000000000e+00
 0.000000000000000e+00 0.000000000000000e+00 0.000000000000000e+00 0.000000000000000e+00 0.000000000000000e+00 0.000000000000000e+00 0.000000000000000e+00 0.000000000000000e+00 0.000000000000000e+00 0.000000000000000e+00
 0.000000000000000e+00 0.000000000000000e+00 0.000000000000000e+00 0.000000000000000e+00 0.000000000000000e+00 0.000000000000000e+00 0.000000000000000e+00 0.000000000000000e+00 0.000000000000000e+00 0.000000000000000e+00
 0.000000000000000e+00 0.000000000000000e+00 0.000000000000000e+00 0.000000000000000e+00 0.000000000000000e+00 0.000000000000000e+00 0.000000000000000e+00 0.000000000000000e+00 0.000000000000000e+00 0.000000000000000e+00
 0.000000000000000e+00 0.000000000000000e+00 0.000000000000000e+00 0.000000000000000e+00 0.000000000000000e+00 0.000000000000000e+00 0.000000000000000e+00 0.000000000000000e+00 0.000000000000000e+00 0.000000000000000e+00
 0.000000000000000e+00 0.000000000000000e+00 0.000000000000000e+00 0.000000000000000e+00 0.000000000000000e+00 0.000000000000000e+00 0.000000000000000e+00 0.000000000000000e+00 0.000000000000000e+00 0.000000000000000e+00
 0.000000000000000e+00 0.000000000000000e+00 0.000000000000000e+00 0.000000000000000e+00 0.000000000000000e+00 0.000000000000000e+00 0.000000000000000e+00 0.000000000000000e+00 0.000000000000000e+00 0.000000000000000e+00
 0.000000000000000e+00 0.000000000000000e+00 0.000000000000000e+00 0.000000000000000e+00 0.000000000000000e+00 0.000000000000000e+00 0.000000000000000e+00 0.000000000000000e+00 0.000000000000000e+00 0.000000000000000e+00
 0.000000000000000e+00 0.000000000000000e+00 0.000000000000000e+00 0.000000000000000e+00 0.000000000000000e+00 0.000000000000000e+00 0.000000000000000e+00 0.000000000000000e+00 0.000000000000000e+00 0.000000000000000e+00
 0.000000000000000e+00 0.000000000000000e+00 0.000000000000000e+00 0.000000000000000e+00 0.000000000000000e+00 0.000000000000000e+00 0.000000000000000e+00 0.000000000000000e+00 0.000000000000000e+00 0.000000000000000e+00
 0.000000000000000e+00 0.000000000000000e+00 0.000000000000000e+00 0.000000000000000e+00 0.000000000000000e+00 0.000000000000000e+00 0.000000000000000e+00 0.000000000000000e+00 0.000000000000000e+00 0.000000000000000e+00
 0.000000000000000e+00 0.000000000000000e+00 0.000000000000000e+00 0.000000000000000e+00 0.000000000000000e+00 0.000000000000000e+00 0.000000000000000e+00 0.000000000000000e+00 0.000000000000000e+00 0.000000000000000e+00
 0.000000000000000e+00 0.000000000000000e+00 0.000000000000000e+00 0.000000000000000e+00 0.000000000000000e+00 0.000000000000000e+00 0.000000000000000e+00 0.000000000000000e+00 0.000000000000000e+00 0.000000000000000e+00
 0.000000000000000e+00 0.000000000000000e+00 0.000000000000000e+00 0.000000000000000e+00 0.000000000000000e+00 0.000000000000000e+00 0.000000000000000e+00 0.000000000000000e+00 0.000000000000000e+00 0.000000000000000e+00
 0.000000000000000e+00 0.000000000000000e+00 0.000000000000000e+00 0.000000000000000e+00 0.000000000000000e+00 0.000000000000000e+00 0.000000000000000e+00 0.000000000000000e+00 0.000000000000000e+00 0.000000000000000e+00
 0.000000000000000e+00 0.000000000000000e+00 0.000000000000000e+00 0.000000000000000e+00 0.000000000000000e+00 0.000000000000000e+00 0.000000000000000e+00 0.000000000000000e+00 0.000000000000000e+00 0.000000000000000e+00
 0.000000000000000e+00 0.000000000000000e+00 0.000000000000000e+00 0.000000000000000e+00 0.000000000000000e+00 0.000000000000000e+00 0.000000000000000e+00 0.000000000000000e+00 0.000000000000000e+00 0.000000000000000e+00
 0.000000000000000e+00 0.000000000000000e+00 0.000000000000000e+00 0.000000000000000e+00 0.000000000000000e+00 0.000000000000000e+00 0.000000000000000e+00 0.000000000000000e+00 0.000000000000000e+00 0.000000000000000e+00
 0.000000000000000e+00 0.000000000000000e+00 0.000000000000000e+00 0.000000000000000e+00 0.000000000000000e+00 0.000000000000000e+00 0.000000000000000e+00 0.000000000000000e+00 0.000000000000000e+00 0.000000000000000e+00
 0.000000000000000e+00 0.000000000000000e+00 0.000000000000000e+00 0.000000000000000e+00 0.000000000000000e+00 0.000000000000000e+00 0.000000000000000e+00 0.000000000000000e+00 0.000000000000000e+00 0.000000000000000e+00
 0.000000000000000e+00 0.000000000000000e+00 0.000000000000000e+00 0.000000000000000e+00 0.000000000000000e+00 0.000000000000000e+00 0.000000000000000e+00 0.000000000000000e+00 0.000000000000000e+00 0.000000000000000e+00
 0.000000000000000e+00 0.000000000000000e+00 0.000000000000000e+00 0.000000000000000e+00 0.000000000000000e+00 0.000000000000000e+00 0.000000000000000e+00 0.000000000000000e+00 0.000000000000000e+00 0.000000000000000e+00
 0.000000000000000e+00 0.000000000000000e+00 0.000000000000000e+00 0.000000000000000e+00 0.000000000000000e+00 0.000000000000000e+00 0.000000000000000e+00 0.000000000000000e+00 0.000000000000000e+00 0.000000000000000e+00
 0.000000000000000e+00 0.000000000000000e+00 0.000000000000000e+00 0.000000000000000e+00 0.000000000000000e+00 0.000000000000000e+00 0.000000000000000e+00 0.000000000000000e+00 0.000000000000000e+00 0.000000000000000e+00
 0.000000000000000e+00 0.000000000000000e+00 0.000000000000000e+00 0.000000000000000e+00 0.000000000000000e+00 0.000000000000000e+00 0.000000000000000e+00 0.000000000000000e+00 0.000000000000000e+00 0.000000000000000e+00
 0.000000000000000e+00 0.000000000000000e+00 0.000000000000000e+00 0.000000000000000e+00 0.000000000000000e+00 0.000000000000000e+00 0.000000000000000e+00 0.000000000000000e+00 0.000000000000000e+00 0.000000000000000e+00
 0.000000000000000e+00 0.000000000000000e+00 0.000000000000000e+00 0.000000000000000e+00 0.000000000000000e+00 0.000000000000000e+00 0.000000000000000e+00 0.000000000000000e+00 0.000000000000000e+00 0.000000000000000e+00
 0.000000000000000e+00 0.000000000000000e+00 0.000000000000000e+00 0.000000000000000e+00 0.000000000000000e+00 0.000000000000000e+00 0.000000000000000e+00 0.000000000000000e+00 0.000000000000000e+00 0.000000000000000e+00
 0.000000000000000e+00 0.000000000000000e+00 0.000000000000000e+00 0.000000000000000e+00 0.000000000000000e+00 0.000000000000000e+00 0.000000000000000e+00 0.000000000000000e+00 0.000000000000000e+00 0.000000000000000e+00
 0.000000000000000e+00 0.000000000000000e+00 0.000000000000000e+00 0.000000000000000e+00 0.000000000000000e+00 0.000000000000000e+00 0.000000000000000e+00 0.000000000000000e+00 0.000000000000000e+00 0.000000000000000e+00
 0.000000000000000e+00 0.000000000000000e+00 0.000000000000000e+00 0.000000000000000e+00 0.000000000000000e+00 0.000000000000000e+00 0.000000000000000e+00 0.000000000000000e+00 0.000000000000000e+00 0.000000000000000e+00
 0.000000000000000e+00 0.000000000000000e+00 0.000000000000000e+00 0.000000000000000e+00 0.000000000000000e+00 0.000000000000000e+00 0.000000000000000e+00 0.000000000000000e+00 0.000000000000000e+00 0.000000000000000e+00
 0.000000000000000e+00 0.000000000000000e+00 0.000000000000000e+00 0.000000000000000e+00 0.000000000000000e+00 0.000000000000000e+00 0.000000000000000e+00 0.000000000000000e+00 0.000000000000000e+00 0.000000000000000e+00
 0.000000000000000e+00 0.000000000000000e+00 0.000000000000000e+00 0.000000000000000e+00 0.000000000000000e+00 0.000000000000000e+00 0.000000000000000e+00 0.000000000000000e+00 0.000000000000000e+00 0.000000000000000e+00
 0.000000000000000e+00 0.000000000000000e+00 0.000000000000000e+00 0.000000000000000e+00 0.000000000000000e+00 0.000000000000000e+00 0.000000000000000e+00 0.000000000000000e+00 0.000000000000000e+00 0.000000000000000e+00
 0.000000000000000e+00 0.000000000000000e+00 0.000000000000000e+00 0.000000000000000e+00 0.000000000000000e+00 0.000000000000000e+00 0.000000000000000e+00 0.000000000000000e+00 0.000000000000000e+00 0.000000000000000e+00
 0.000000000000000e+00 0.000000000000000e+00 0.000000000000000e+00 0.000000000000000e+00 0.000000000000000e+00 0.000000000000000e+00 0.000000000000000e+00 0.000000000000000e+00 0.000000000000000e+00 0.000000000000000e+00
 0.000000000000000e+00 0.000000000000000e+00 0.000000000000000e+00 0.000000000000000e+00 0.000000000000000e+00 0.000000000000000e+00 0.000000000000000e+00 0.000000000000000e+00 0.000000000000000e+00 0.000000000000000e+00
 0.000000000000000e+00 0.000000000000000e+00 0.000000000000000e+00 0.000000000000000e+00 0.000000000000000e+00 0.000000000000000e+00 0.000000000000000e+00 0.000000000000000e+00 0.000000000000000e+00 0.000000000000000e+00
 0.000000000000000e+00 0.000000000000000e+00 0.000000000000000e+00 0.000000000000000e+00 0.000000000000000e+00 0.000000000000000e+00 0.000000000000000e+00 0.000000000000000e+00 0.000000000000000e+00 0.000000000000000e+00
 0.000000000000000e+00 0.000000000000000e+00 0.000000000000000e+00 0.000000000000000e+00 0.000000000000000e+00 0.000000000000000e+00 0.000000000000000e+00 0.000000000000000e+00 0.000000000000000e+00 0.000000000000000e+00
 0.000000000000000e+00 0.000000000000000e+00 0.000000000000000e+00 0.000000000000000e+00 0.000000000000000e+00 0.000000000000000e+00 0.000000000000000e+00 0.000000000000000e+00 0.000000000000000e+00 0.000000000000000e+00
 0.000000000000000e+00 0.000000000000000e+00 0.000000000000000e+00 0.000000000000000e+00 0.000000000000000e+00 0.000000000000000e+00 0.000000000000000e+00 0.000000000000000e+00 0.000000000000000e+00 0.000000000000000e+00
 0.000000000000000e+00 0.000000000000000e+00 0.000000000000000e+00 0.000000000000000e+00 0.000000000000000e+00 0.000000000000000e+00 0.000000000000000e+00 0.000000000000000e+00 0.000000000000000e+00 0.000000000000000e+00
 0.000000000000000e+00 0.000000000000000e+00 0.000000000000000e+00 0.000000000000000e+00 0.000000000000000e+00 0.000000000000000e+00 0.000000000000000e+00 0.000000000000000e+00 0.000000000000000e+00 0.000000000000000e+00
 0.000000000000000e+00 0.000000000000000e+00 0.000000000000000e+00 0.000000000000000e+00 0.000000000000000e+00 0.000000000000000e+00 0.000000000000000e+00 0.000000000000000e+00 0.000000000000000e+00 0.000000000000000e+00
 0.000000000000000e+00 0.000000000000000e+00 0.000000000000000e+00 0.000000000000000e+00 0.000000000000000e+00 0.000000000000000e+00 0.000000000000000e+00 0.000000000000000e+00 0.000000000000000e+00 0.000000000000000e+00
 0.000000000000000e+00 0.000000000000000e+00 0.000000000000000e+00 0.000000000000000e+00 0.000000000000000e+00 0.000000000000000e+00 0.000000000000000e+00 0.000000000000000e+00 0.000000000000000e+00 0.000000000000000e+00
 0.000000000000000e+00 0.000000000000000e+00 0.000000000000000e+00 0.000000000000000e+00 0.000000000000000e+00 0.000000000000000e+00 0.000000000000000e+00 0.000000000000000e+00 0.000000000000000e+00 0.000000000000000e+00
 0.000000000000000e+00 0.000000000000000e+00 0.000000000000000e+00 0.000000000000000e+00 0.000000000000000e+00 0.000000000000000e+00 0.000000000000000e+00 0.000000000000000e+00 0.000000000000000e+00 0.000000000000000e+00
 0.000000000000000e+00 0.000000000000000e+00 0.000000000000000e+00 0.000000000000000e+00 0.000000000000000e+00 0.000000000000000e+00 0.000000000000000e+00 0.000000000000000e+00 0.000000000000000e+00 0.000000000000000e+00
 0.000000000000000e+00 0.000000000000000e+00 0.000000000000000e+00 0.000000000000000e+00 0.000000000000000e+00 0.000000000000000e+00 0.000000000000000e+00 0.000000000000000e+00 0.000000000000000e+00 0.000000000000000e+00
 0.000000000000000e+00 0.000000000000000e+00 0.000000000000000e+00 0.000000000000000e+00 0.000000000000000e+00 0.000000000000000e+00 0.000000000000000e+00 0.000000000000000e+00 0.000000000000000e+00 0.000000000000000e+00
 0.000000000000000e+00 0.000000000000000e+00 0.000000000000000e+00 0.000000000000000e+00 0.000000000000000e+00 0.000000000000000e+00 0.000000000000000e+00 0.000000000000000e+00 0.000000000000000e+00 0.000000000000000e+00
 0.000000000000000e+00 0.000000000000000e+00 0.000000000000000e+00 0.000000000000000e+00 0.000000000000000e+00 0.000000000000000e+00 0.000000000000000e+00 0.000000000000000e+00 0.000000000000000e+00 0.000000000000000e+00
 0.000000000000000e+00 0.000000000000000e+00 0.000000000000000e+00 0.000000000000000e+00 0.000000000000000e+00 0.000000000000000e+00 0.000000000000000e+00 0.000000000000000e+00 0.000000000000000e+00 0.000000000000000e+00
 0.000000000000000e+00 0.000000000000000e+00 0.000000000000000e+00 0.000000000000000e+00 0.000000000000000e+00 0.000000000000000e+00 0.000000000000000e+00 0.000000000000000e+00 0.000000000000000e+00 0.000000000000000e+00
 1.000000000000005e+19 0.000000000000000e+00 1.000000000000005e+19 0.000000000000000e+00 0.000000000000000e+00 0.000000000000000e+00 0.000000000000000e+00 0.000000000000000e+00 0.000000000000000e+00 0.000000000000000e+00
 0.000000000000000e+00 0.000000000000000e+00 0.000000000000000e+00 0.000000000000000e+00 0.000000000000000e+00 0.000000000000000e+00 0.000000000000000e+00 0.000000000000000e+00 0.000000000000000e+00 0.000000000000000e+00
 0.000000000000000e+00 0.000000000000000e+00 0.000000000000000e+00 0.000000000000000e+00 0.000000000000000e+00 0.000000000000000e+00 0.000000000000000e+00 0.000000000000000e+00 0.000000000000000e+00 0.000000000000000e+00
 0.000000000000000e+00 0.000000000000000e+00 0.000000000000000e+00 0.000000000000000e+00 0.000000000000000e+00 0.000000000000000e+00 0.000000000000000e+00 0.000000000000000e+00 0.000000000000000e+00 0.000000000000000e+00
 0.000000000000000e+00 0.000000000000000e+00 0.000000000000000e+00 0.000000000000000e+00 0.000000000000000e+00 0.000000000000000e+00 0.000000000000000e+00 0.000000000000000e+00 0.000000000000000e+00 0.000000000000000e+00
 0.000000000000000e+00 0.000000000000000e+00 0.000000000000000e+00 0.000000000000000e+00 0.000000000000000e+00 0.000000000000000e+00 0.000000000000000e+00 0.000000000000000e+00 0.000000000000000e+00 0.000000000000000e+00
 0.000000000000000e+00 0.000000000000000e+00 0.000000000000000e+00 0.000000000000000e+00 0.000000000000000e+00 0.000000000000000e+00 0.000000000000000e+00 0.000000000000000e+00 0.000000000000000e+00 0.000000000000000e+00
 1.000000000000005e+19 0.000000000000000e+00 1.000000000000005e+19 0.000000000000000e+00 0.000000000000000e+00 0.000000000000000e+00 0.000000000000000e+00 0.000000000000000e+00 0.000000000000000e+00 0.000000000000000e+00
 0.000000000000000e+00 0.000000000000000e+00 0.000000000000000e+00 0.000000000000000e+00 0.000000000000000e+00 0.000000000000000e+00 0.000000000000000e+00 0.000000000000000e+00 0.000000000000000e+00 0.000000000000000e+00
 0.000000000000000e+00 0.000000000000000e+00 0.000000000000000e+00 0.000000000000000e+00 0.000000000000000e+00 0.000000000000000e+00 0.000000000000000e+00 0.000000000000000e+00 0.000000000000000e+00 0.000000000000000e+00
 0.000000000000000e+00 0.000000000000000e+00 0.000000000000000e+00 0.000000000000000e+00 0.000000000000000e+00 0.000000000000000e+00 0.000000000000000e+00 0.000000000000000e+00 0.000000000000000e+00 0.000000000000000e+00
 0.000000000000000e+00 0.000000000000000e+00 0.000000000000000e+00 0.000000000000000e+00 0.000000000000000e+00 0.000000000000000e+00 0.000000000000000e+00 0.000000000000000e+00 0.000000000000000e+00 0.000000000000000e+00
 0.000000000000000e+00 0.000000000000000e+00 0.000000000000000e+00 0.000000000000000e+00 0.000000000000000e+00 0.000000000000000e+00 0.000000000000000e+00 0.000000000000000e+00 0.000000000000000e+00 0.000000000000000e+00
 0.000000000000000e+00 0.000000000000000e+00 0.000000000000000e+00 0.000000000000000e+00 0.000000000000000e+00 0.000000000000000e+00 0.000000000000000e+00 0.000000000000000e+00 0.000000000000000e+00 0.000000000000000e+00
 1.000000000000005e+19 0.000000000000000e+00 1.000000000000005e+19 0.000000000000000e+00 0.000000000000000e+00 0.000000000000000e+00 0.000000000000000e+00 0.000000000000000e+00 0.000000000000000e+00 0.000000000000000e+00
 0.000000000000000e+00 0.000000000000000e+00 0.000000000000000e+00 0.000000000000000e+00 0.000000000000000e+00 0.000000000000000e+00 0.000000000000000e+00 0.000000000000000e+00 0.000000000000000e+00 0.000000000000000e+00
 0.000000000000000e+00 0.000000000000000e+00 0.000000000000000e+00 0.000000000000000e+00 0.000000000000000e+00 0.000000000000000e+00 0.000000000000000e+00 0.000000000000000e+00 0.000000000000000e+00 0.000000000000000e+00
 0.000000000000000e+00 0.000000000000000e+00 0.000000000000000e+00 0.000000000000000e+00 0.000000000000000e+00 0.000000000000000e+00 0.000000000000000e+00 0.000000000000000e+00 0.000000000000000e+00 0.000000000000000e+00
 0.000000000000000e+00 0.000000000000000e+00 0.000000000000000e+00 0.000000000000000e+00 0.000000000000000e+00 0.000000000000000e+00 0.000000000000000e+00 0.000000000000000e+00 0.000000000000000e+00 0.000000000000000e+00
 0.000000000000000e+00 0.000000000000000e+00 0.000000000000000e+00 0.000000000000000e+00 0.000000000000000e+00 0.000000000000000e+00 0.000000000000000e+00 0.000000000000000e+00 0.000000000000000e+00 0.000000000000000e+00
 0.000000000000000e+00 0.000000000000000e+00 0.000000000000000e+00 0.000000000000000e+00 0.000000000000000e+00 0.000000000000000e+00 0.000000000000000e+00 0.000000000000000e+00 0.000000000000000e+00 0.000000000000000e+00
 1.000000000000005e+19 0.000000000000000e+00 1.000000000000005e+19 0.000000000000000e+00 0.000000000000000e+00 0.000000000000000e+00 0.000000000000000e+00 0.000000000000000e+00 0.000000000000000e+00 0.000000000000000e+00
 0.000000000000000e+00 0.000000000000000e+00 0.000000000000000e+00 0.000000000000000e+00 0.000000000000000e+00 0.000000000000000e+00 0.000000000000000e+00 0.000000000000000e+00 0.000000000000000e+00 0.000000000000000e+00
 0.000000000000000e+00 0.000000000000000e+00 0.000000000000000e+00 0.000000000000000e+00 0.000000000000000e+00 0.000000000000000e+00 0.000000000000000e+00 0.000000000000000e+00 0.000000000000000e+00 0.000000000000000e+00
 0.000000000000000e+00 0.000000000000000e+00 0.000000000000000e+00 0.000000000000000e+00 0.000000000000000e+00 0.000000000000000e+00 0.000000000000000e+00 0.000000000000000e+00 0.000000000000000e+00 0.000000000000000e+00
 0.000000000000000e+00 0.000000000000000e+00 0.000000000000000e+00 0.000000000000000e+00 0.000000000000000e+00 0.000000000000000e+00 0.000000000000000e+00 0.000000000000000e+00 0.000000000000000e+00 0.000000000000000e+00
 0.000000000000000e+00 0.000000000000000e+00 0.000000000000000e+00 0.000000000000000e+00 0.000000000000000e+00 0.000000000000000e+00 0.000000000000000e+00 0.000000000000000e+00 0.000000000000000e+00 0.000000000000000e+00
 0.000000000000000e+00 0.000000000000000e+00 0.000000000000000e+00 0.000000000000000e+00 0.000000000000000e+00 0.000000000000000e+00 0.000000000000000e+00 0.000000000000000e+00 0.000000000000000e+00 0.000000000000000e+00
 0.000000000000000e+00 0.000000000000000e+00 0.000000000000000e+00 0.000000000000000e+00 0.000000000000000e+00 0.000000000000000e+00 0.000000000000000e+00 0.000000000000000e+00 0.000000000000000e+00 0.000000000000000e+00
 0.000000000000000e+00 0.000000000000000e+00 0.000000000000000e+00 0.000000000000000e+00 0.000000000000000e+00 0.000000000000000e+00 0.000000000000000e+00 0.000000000000000e+00 0.000000000000000e+00 0.000000000000000e+00
 0.000000000000000e+00 0.000000000000000e+00 0.000000000000000e+00 0.000000000000000e+00 0.000000000000000e+00 0.000000000000000e+00 0.000000000000000e+00 0.000000000000000e+00 0.000000000000000e+00 0.000000000000000e+00
 0.000000000000000e+00 0.000000000000000e+00 0.000000000000000e+00 0.000000000000000e+00 0.000000000000000e+00 0.000000000000000e+00 0.000000000000000e+00 0.000000000000000e+00 0.000000000000000e+00 0.000000000000000e+00
 0.000000000000000e+00 0.000000000000000e+00 0.000000000000000e+00 0.000000000000000e+00 0.000000000000000e+00 0.000000000000000e+00 0.000000000000000e+00 0.000000000000000e+00 0.000000000000000e+00 0.000000000000000e+00
 0.000000000000000e+00 0.000000000000000e+00 0.000000000000000e+00 0.000000000000000e+00 0.000000000000000e+00 0.000000000000000e+00 0.000000000000000e+00 0.000000000000000e+00 0.000000000000000e+00 0.000000000000000e+00
 0.000000000000000e+00 0.000000000000000e+00 0.000000000000000e+00 0.000000000000000e+00 0.000000000000000e+00 0.000000000000000e+00 0.000000000000000e+00 0.000000000000000e+00 0.000000000000000e+00 0.000000000000000e+00
 0.000000000000000e+00 0.000000000000000e+00 0.000000000000000e+00 0.000000000000000e+00 0.000000000000000e+00 0.000000000000000e+00 0.000000000000000e+00 0.000000000000000e+00 0.000000000000000e+00 0.000000000000000e+00
 0.000000000000000e+00 0.000000000000000e+00 0.000000000000000e+00 0.000000000000000e+00 0.000000000000000e+00 0.000000000000000e+00 0.000000000000000e+00 0.000000000000000e+00 0.000000000000000e+00 0.000000000000000e+00
 0.000000000000000e+00 0.000000000000000e+00 0.000000000000000e+00 0.000000000000000e+00 0.000000000000000e+00 0.000000000000000e+00 0.000000000000000e+00 0.000000000000000e+00 0.000000000000000e+00 0.000000000000000e+00
 0.000000000000000e+00 0.000000000000000e+00 0.000000000000000e+00 0.000000000000000e+00 0.000000000000000e+00 0.000000000000000e+00 0.000000000000000e+00 0.000000000000000e+00 0.000000000000000e+00 0.000000000000000e+00
 0.000000000000000e+00 0.000000000000000e+00 0.000000000000000e+00 0.000000000000000e+00 0.000000000000000e+00 0.000000000000000e+00 0.000000000000000e+00 0.000000000000000e+00 0.000000000000000e+00 0.000000000000000e+00
 0.000000000000000e+00 0.000000000000000e+00 0.000000000000000e+00 0.000000000000000e+00 0.000000000000000e+00 0.000000000000000e+00 0.000000000000000e+00 0.000000000000000e+00 0.000000000000000e+00 0.000000000000000e+00
 0.000000000000000e+00 0.000000000000000e+00 0.000000000000000e+00 0.000000000000000e+00 0.000000000000000e+00 0.000000000000000e+00 0.000000000000000e+00 0.000000000000000e+00 0.000000000000000e+00 0.000000000000000e+00
 0.000000000000000e+00 0.000000000000000e+00 0.000000000000000e+00 0.000000000000000e+00 0.000000000000000e+00 0.000000000000000e+00 0.000000000000000e+00 0.000000000000000e+00 0.000000000000000e+00 0.000000000000000e+00
 0.000000000000000e+00 0.000000000000000e+00 0.000000000000000e+00 0.000000000000000e+00 0.000000000000000e+00 0.000000000000000e+00 0.000000000000000e+00 0.000000000000000e+00 0.000000000000000e+00 0.000000000000000e+00
 0.000000000000000e+00 0.000000000000000e+00 0.000000000000000e+00 0.000000000000000e+00 0.000000000000000e+00 0.000000000000000e+00 0.000000000000000e+00 0.000000000000000e+00 0.000000000000000e+00 0.000000000000000e+00
 0.000000000000000e+00 0.000000000000000e+00 0.000000000000000e+00 0.000000000000000e+00 0.000000000000000e+00 0.000000000000000e+00 0.000000000000000e+00 0.000000000000000e+00 0.000000000000000e+00 0.000000000000000e+00
 0.000000000000000e+00 0.000000000000000e+00 0.000000000000000e+00 0.000000000000000e+00 0.000000000000000e+00 0.000000000000000e+00 0.000000000000000e+00 0.000000000000000e+00 0.000000000000000e+00 0.000000000000000e+00
 0.000000000000000e+00 0.000000000000000e+00 0.000000000000000e+00 0.000000000000000e+00 0.000000000000000e+00 0.000000000000000e+00 0.000000000000000e+00 0.000000000000000e+00 0.000000000000000e+00 0.000000000000000e+00
 0.000000000000000e+00 0.000000000000000e+00 0.000000000000000e+00 0.000000000000000e+00 0.000000000000000e+00 0.000000000000000e+00 0.000000000000000e+00 0.000000000000000e+00 0.000000000000000e+00 0.000000000000000e+00
 0.000000000000000e+00 0.000000000000000e+00 0.000000000000000e+00 0.000000000000000e+00 0.000000000000000e+00 0.000000000000000e+00 0.000000000000000e+00 0.000000000000000e+00 0.000000000000000e+00 0.000000000000000e+00
 0.000000000000000e+00 0.000000000000000e+00 0.000000000000000e+00 0.000000000000000e+00 0.000000000000000e+00 0.000000000000000e+00 0.000000000000000e+00 0.000000000000000e+00 0.000000000000000e+00 0.000000000000000e+00
 0.000000000000000e+00 0.000000000000000e+00 0.000000000000000e+00 0.000000000000000e+00 0.000000000000000e+00 0.000000000000000e+00 0.000000000000000e+00 0.000000000000000e+00 0.000000000000000e+00 0.000000000000000e+00
 0.000000000000000e+00 0.000000000000000e+00 0.000000000000000e+00 0.000000000000000e+00 0.000000000000000e+00 0.000000000000000e+00 0.000000000000000e+00 0.000000000000000e+00 0.000000000000000e+00 0.000000000000000e+00
 0.000000000000000e+00 0.000000000000000e+00 0.000000000000000e+00 0.000000000000000e+00 0.000000000000000e+00 0.000000000000000e+00 0.000000000000000e+00 0.000000000000000e+00 0.000000000000000e+00 0.000000000000000e+00
 0.000000000000000e+00 0.000000000000000e+00 0.000000000000000e+00 0.000000000000000e+00 1.000000000000005e+19 0.000000000000000e+00 1.000000000000005e+19 0.000000000000000e+00 0.000000000000000e+00 0.000000000000000e+00
 0.000000000000000e+00 0.000000000000000e+00 0.000000000000000e+00 0.000000000000000e+00 0.000000000000000e+00 0.000000000000000e+00 0.000000000000000e+00 0.000000000000000e+00 0.000000000000000e+00 0.000000000000000e+00
 0.000000000000000e+00 0.000000000000000e+00 0.000000000000000e+00 0.000000000000000e+00 0.000000000000000e+00 0.000000000000000e+00 0.000000000000000e+00 0.000000000000000e+00 0.000000000000000e+00 0.000000000000000e+00
 0.000000000000000e+00 0.000000000000000e+00 0.000000000000000e+00 0.000000000000000e+00 0.000000000000000e+00 0.000000000000000e+00 0.000000000000000e+00 0.000000000000000e+00 0.000000000000000e+00 0.000000000000000e+00
 0.000000000000000e+00 0.000000000000000e+00 0.000000000000000e+00 0.000000000000000e+00 0.000000000000000e+00 0.000000000000000e+00 0.000000000000000e+00 0.000000000000000e+00 0.000000000000000e+00 0.000000000000000e+00
 0.000000000000000e+00 0.000000000000000e+00 0.000000000000000e+00 0.000000000000000e+00 0.000000000000000e+00 0.000000000000000e+00 0.000000000000000e+00 0.000000000000000e+00 0.000000000000000e+00 0.000000000000000e+00
 0.000000000000000e+00 0.000000000000000e+00 0.000000000000000e+00 0.000000000000000e+00 0.000000000000000e+00 0.000000000000000e+00 0.000000000000000e+00 0.000000000000000e+00 0.000000000000000e+00 0.000000000000000e+00
 0.000000000000000e+00 0.000000000000000e+00 0.000000000000000e+00 0.000000000000000e+00 1.000000000000005e+19 0.000000000000000e+00 1.000000000000005e+19 0.000000000000000e+00 0.000000000000000e+00 0.000000000000000e+00
 0.000000000000000e+00 0.000000000000000e+00 0.000000000000000e+00 0.000000000000000e+00 0.000000000000000e+00 0.000000000000000e+00 0.000000000000000e+00 0.000000000000000e+00 0.000000000000000e+00 0.000000000000000e+00
 0.000000000000000e+00 0.000000000000000e+00 0.000000000000000e+00 0.000000000000000e+00 0.000000000000000e+00 0.000000000000000e+00 0.000000000000000e+00 0.000000000000000e+00 0.000000000000000e+00 0.000000000000000e+00
 0.000000000000000e+00 0.000000000000000e+00 0.000000000000000e+00 0.000000000000000e+00 0.000000000000000e+00 0.000000000000000e+00 0.000000000000000e+00 0.000000000000000e+00 0.000000000000000e+00 0.000000000000000e+00
 0.000000000000000e+00 0.000000000000000e+00 0.000000000000000e+00 0.000000000000000e+00 0.000000000000000e+00 0.000000000000000e+00 0.000000000000000e+00 0.000000000000000e+00 0.000000000000000e+00 0.000000000000000e+00
 0.000000000000000e+00 0.000000000000000e+00 0.000000000000000e+00 0.000000000000000e+00 0.000000000000000e+00 0.000000000000000e+00 0.000000000000000e+00 0.000000000000000e+00 0.000000000000000e+00 0.000000000000000e+00
 0.000000000000000e+00 0.000000000000000e+00 0.000000000000000e+00 0.000000000000000e+00 0.000000000000000e+00 0.000000000000000e+00 0.000000000000000e+00 0.000000000000000e+00 0.000000000000000e+00 0.000000000000000e+00
 0.000000000000000e+00 0.000000000000000e+00 0.000000000000000e+00 0.000000000000000e+00 0.000000000000000e+00 0.000000000000000e+00 0.000000000000000e+00 0.000000000000000e+00 0.000000000000000e+00 0.000000000000000e+00
 0.000000000000000e+00 0.000000000000000e+00 0.000000000000000e+00 0.000000000000000e+00 0.000000000000000e+00 0.000000000000000e+00 0.000000000000000e+00 0.000000000000000e+00 0.000000000000000e+00 0.000000000000000e+00
 0.000000000000000e+00 0.000000000000000e+00 0.000000000000000e+00 0.000000000000000e+00 0.000000000000000e+00 0.000000000000000e+00 0.000000000000000e+00 0.000000000000000e+00 0.000000000000000e+00 0.000000000000000e+00
 0.000000000000000e+00 0.000000000000000e+00 0.000000000000000e+00 0.000000000000000e+00 0.000000000000000e+00 0.000000000000000e+00 0.000000000000000e+00 0.000000000000000e+00 0.000000000000000e+00 0.000000000000000e+00
 0.000000000000000e+00 0.000000000000000e+00 0.000000000000000e+00 0.000000000000000e+00 0.000000000000000e+00 0.000000000000000e+00 0.000000000000000e+00 0.000000000000000e+00 0.000000000000000e+00 0.000000000000000e+00
 0.000000000000000e+00 0.000000000000000e+00 0.000000000000000e+00 0.000000000000000e+00 0.000000000000000e+00 0.000000000000000e+00 0.000000000000000e+00 0.000000000000000e+00 0.000000000000000e+00 0.000000000000000e+00
 0.000000000000000e+00 0.000000000000000e+00 0.000000000000000e+00 0.000000000000000e+00 0.000000000000000e+00 0.000000000000000e+00 0.000000000000000e+00 0.000000000000000e+00 0.000000000000000e+00 0.000000000000000e+00
 0.000000000000000e+00 0.000000000000000e+00 0.000000000000000e+00 0.000000000000000e+00 0.000000000000000e+00 0.000000000000000e+00 0.000000000000000e+00 0.000000000000000e+00 0.000000000000000e+00 0.000000000000000e+00
 0.000000000000000e+00 0.000000000000000e+00 0.000000000000000e+00 0.000000000000000e+00 0.000000000000000e+00 0.000000000000000e+00 0.000000000000000e+00 0.000000000000000e+00 0.000000000000000e+00 0.000000000000000e+00
 0.000000000000000e+00 0.000000000000000e+00 0.000000000000000e+00 0.000000000000000e+00 0.000000000000000e+00 0.000000000000000e+00 0.000000000000000e+00 0.000000000000000e+00 0.000000000000000e+00 0.000000000000000e+00
 0.000000000000000e+00 0.000000000000000e+00 0.000000000000000e+00 0.000000000000000e+00 0.000000000000000e+00 0.000000000000000e+00 0.000000000000000e+00 0.000000000000000e+00 0.000000000000000e+00 0.000000000000000e+00
 0.000000000000000e+00 0.000000000000000e+00 0.000000000000000e+00 0.000000000000000e+00 0.000000000000000e+00 0.000000000000000e+00 0.000000000000000e+00 0.000000000000000e+00 0.000000000000000e+00 0.000000000000000e+00
 0.000000000000000e+00 0.000000000000000e+00 0.000000000000000e+00 0.000000000000000e+00 0.000000000000000e+00 0.000000000000000e+00 0.000000000000000e+00 0.000000000000000e+00 0.000000000000000e+00 0.000000000000000e+00
 0.000000000000000e+00 0.000000000000000e+00 0.000000000000000e+00 0.000000000000000e+00 0.000000000000000e+00 0.000000000000000e+00 1.000000000000005e+19 0.000000000000000e+00 1.000000000000005e+19 0.000000000000000e+00
 0.000000000000000e+00 0.000000000000000e+00 0.000000000000000e+00 0.000000000000000e+00 0.000000000000000e+00 0.000000000000000e+00 0.000000000000000e+00 0.000000000000000e+00 0.000000000000000e+00 0.000000000000000e+00
 0.000000000000000e+00 0.000000000000000e+00 0.000000000000000e+00 0.000000000000000e+00 0.000000000000000e+00 0.000000000000000e+00 0.000000000000000e+00 0.000000000000000e+00 0.000000000000000e+00 0.000000000000000e+00
 0.000000000000000e+00 0.000000000000000e+00 0.000000000000000e+00 0.000000000000000e+00 0.000000000000000e+00 0.000000000000000e+00 0.000000000000000e+00 0.000000000000000e+00 0.000000000000000e+00 0.000000000000000e+00
 0.000000000000000e+00 0.000000000000000e+00 0.000000000000000e+00 0.000000000000000e+00 0.000000000000000e+00 0.000000000000000e+00 0.000000000000000e+00 0.000000000000000e+00 0.000000000000000e+00 0.000000000000000e+00
 0.000000000000000e+00 0.000000000000000e+00 0.000000000000000e+00 0.000000000000000e+00 0.000000000000000e+00 0.000000000000000e+00 0.000000000000000e+00 0.000000000000000e+00 0.000000000000000e+00 0.000000000000000e+00
 0.000000000000000e+00 0.000000000000000e+00 0.000000000000000e+00 0.000000000000000e+00 0.000000000000000e+00 0.000000000000000e+00 0.000000000000000e+00 0.000000000000000e+00 0.000000000000000e+00 0.000000000000000e+00
 0.000000000000000e+00 0.000000000000000e+00 0.000000000000000e+00 0.000000000000000e+00 0.000000000000000e+00 0.000000000000000e+00 0.000000000000000e+00 0.000000000000000e+00 0.000000000000000e+00 0.000000000000000e+00
 0.000000000000000e+00 0.000000000000000e+00 0.000000000000000e+00 0.000000000000000e+00 0.000000000000000e+00 0.000000000000000e+00 0.000000000000000e+00 0.000000000000000e+00 0.000000000000000e+00 0.000000000000000e+00
 0.000000000000000e+00 0.000000000000000e+00 0.000000000000000e+00 0.000000000000000e+00 0.000000000000000e+00 0.000000000000000e+00 0.000000000000000e+00 0.000000000000000e+00 0.000000000000000e+00 0.000000000000000e+00
 0.000000000000000e+00 0.000000000000000e+00 0.000000000000000e+00 0.000000000000000e+00 0.000000000000000e+00 0.000000000000000e+00 0.000000000000000e+00 0.000000000000000e+00 0.000000000000000e+00 0.000000000000000e+00
 0.000000000000000e+00 0.000000000000000e+00 0.000000000000000e+00 0.000000000000000e+00 0.000000000000000e+00 0.000000000000000e+00 0.000000000000000e+00 0.000000000000000e+00 0.000000000000000e+00 0.000000000000000e+00
 0.000000000000000e+00 0.000000000000000e+00 0.000000000000000e+00 0.000000000000000e+00 0.000000000000000e+00 0.000000000000000e+00 0.000000000000000e+00 0.000000000000000e+00 0.000000000000000e+00 0.000000000000000e+00
 0.000000000000000e+00 0.000000000000000e+00 0.000000000000000e+00 0.000000000000000e+00 0.000000000000000e+00 0.000000000000000e+00 0.000000000000000e+00 0.000000000000000e+00 0.000000000000000e+00 0.000000000000000e+00
 0.000000000000000e+00 0.000000000000000e+00 1.000000000000005e+19 0.000000000000000e+00 0.000000000000000e+00 0.000000000000000e+00 0.000000000000000e+00 0.000000000000000e+00 0.000000000000000e+00 0.000000000000000e+00
 0.000000000000000e+00 0.000000000000000e+00 0.000000000000000e+00 0.000000000000000e+00 0.000000000000000e+00 0.000000000000000e+00 0.000000000000000e+00 0.000000000000000e+00 0.000000000000000e+00 0.000000000000000e+00
 0.000000000000000e+00 0.000000000000000e+00 0.000000000000000e+00 0.000000000000000e+00 0.000000000000000e+00 0.000000000000000e+00 0.000000000000000e+00 0.000000000000000e+00 0.000000000000000e+00 0.000000000000000e+00
 0.000000000000000e+00 0.000000000000000e+00 0.000000000000000e+00 0.000000000000000e+00 0.000000000000000e+00 0.000000000000000e+00 0.000000000000000e+00 0.000000000000000e+00 0.000000000000000e+00 0.000000000000000e+00
 0.000000000000000e+00 0.000000000000000e+00 0.000000000000000e+00 0.000000000000000e+00 0.000000000000000e+00 0.000000000000000e+00 0.000000000000000e+00 0.000000000000000e+00 0.000000000000000e+00 0.000000000000000e+00
 0.000000000000000e+00 0.000000000000000e+00 0.000000000000000e+00 0.000000000000000e+00 0.000000000000000e+00 0.000000000000000e+00 0.000000000000000e+00 0.000000000000000e+00 0.000000000000000e+00 0.000000000000000e+00
 0.000000000000000e+00 0.000000000000000e+00 0.000000000000000e+00 0.000000000000000e+00 0.000000000000000e+00 0.000000000000000e+00 0.000000000000000e+00 0.000000000000000e+00 0.000000000000000e+00 0.000000000000000e+00
 0.000000000000000e+00 0.000000000000000e+00 0.000000000000000e+00 0.000000000000000e+00 0.000000000000000e+00 0.000000000000000e+00 0.000000000000000e+00 0.000000000000000e+00 0.000000000000000e+00 0.000000000000000e+00
 0.000000000000000e+00 0.000000000000000e+00 0.000000000000000e+00 0.000000000000000e+00 0.000000000000000e+00 0.000000000000000e+00 0.000000000000000e+00 0.000000000000000e+00 0.000000000000000e+00 0.000000000000000e+00
 0.000000000000000e+00 0.000000000000000e+00 0.000000000000000e+00 0.000000000000000e+00 0.000000000000000e+00 0.000000000000000e+00 0.000000000000000e+00 0.000000000000000e+00 0.000000000000000e+00 0.000000000000000e+00
 0.000000000000000e+00 0.000000000000000e+00 0.000000000000000e+00 0.000000000000000e+00 0.000000000000000e+00 0.000000000000000e+00 0.000000000000000e+00 0.000000000000000e+00 0.000000000000000e+00 0.000000000000000e+00
 0.000000000000000e+00 0.000000000000000e+00 0.000000000000000e+00 0.000000000000000e+00 0.000000000000000e+00 0.000000000000000e+00 0.000000000000000e+00 0.000000000000000e+00 0.000000000000000e+00 0.000000000000000e+00
 0.000000000000000e+00 0.000000000000000e+00 0.000000000000000e+00 0.000000000000000e+00 0.000000000000000e+00 0.000000000000000e+00 0.000000000000000e+00 0.000000000000000e+00 0.000000000000000e+00 0.000000000000000e+00
 0.000000000000000e+00 0.000000000000000e+00 0.000000000000000e+00 0.000000000000000e+00 0.000000000000000e+00 0.000000000000000e+00 0.000000000000000e+00 0.000000000000000e+00 1.000000000000005e+19 1.000000000000005e+19

    }
  }

  Dataset ("OpticalGeneration") {
    function  = OpticalGeneration
    type      = scalar
    dimension = 1
    location  = vertex
    validity  = [ "p_plus" "i_layer" "n_plus" ]
    Values (7995) {
 0.000000000000000e+00 0.000000000000000e+00 0.000000000000000e+00 0.000000000000000e+00 0.000000000000000e+00 0.000000000000000e+00 0.000000000000000e+00 0.000000000000000e+00 0.000000000000000e+00 0.000000000000000e+00
 0.000000000000000e+00 0.000000000000000e+00 0.000000000000000e+00 0.000000000000000e+00 0.000000000000000e+00 0.000000000000000e+00 0.000000000000000e+00 0.000000000000000e+00 0.000000000000000e+00 0.000000000000000e+00
 0.000000000000000e+00 0.000000000000000e+00 0.000000000000000e+00 0.000000000000000e+00 0.000000000000000e+00 0.000000000000000e+00 0.000000000000000e+00 0.000000000000000e+00 0.000000000000000e+00 0.000000000000000e+00
 0.000000000000000e+00 0.000000000000000e+00 0.000000000000000e+00 0.000000000000000e+00 0.000000000000000e+00 0.000000000000000e+00 0.000000000000000e+00 0.000000000000000e+00 0.000000000000000e+00 0.000000000000000e+00
 0.000000000000000e+00 0.000000000000000e+00 0.000000000000000e+00 0.000000000000000e+00 0.000000000000000e+00 0.000000000000000e+00 0.000000000000000e+00 0.000000000000000e+00 0.000000000000000e+00 0.000000000000000e+00
 0.000000000000000e+00 0.000000000000000e+00 0.000000000000000e+00 0.000000000000000e+00 0.000000000000000e+00 0.000000000000000e+00 0.000000000000000e+00 0.000000000000000e+00 0.000000000000000e+00 0.000000000000000e+00
 0.000000000000000e+00 0.000000000000000e+00 0.000000000000000e+00 0.000000000000000e+00 0.000000000000000e+00 0.000000000000000e+00 0.000000000000000e+00 0.000000000000000e+00 0.000000000000000e+00 0.000000000000000e+00
 0.000000000000000e+00 0.000000000000000e+00 0.000000000000000e+00 0.000000000000000e+00 0.000000000000000e+00 0.000000000000000e+00 0.000000000000000e+00 0.000000000000000e+00 0.000000000000000e+00 0.000000000000000e+00
 0.000000000000000e+00 0.000000000000000e+00 0.000000000000000e+00 0.000000000000000e+00 0.000000000000000e+00 0.000000000000000e+00 0.000000000000000e+00 0.000000000000000e+00 0.000000000000000e+00 0.000000000000000e+00
 0.000000000000000e+00 0.000000000000000e+00 0.000000000000000e+00 0.000000000000000e+00 0.000000000000000e+00 0.000000000000000e+00 0.000000000000000e+00 0.000000000000000e+00 0.000000000000000e+00 0.000000000000000e+00
 0.000000000000000e+00 0.000000000000000e+00 0.000000000000000e+00 0.000000000000000e+00 0.000000000000000e+00 0.000000000000000e+00 0.000000000000000e+00 0.000000000000000e+00 0.000000000000000e+00 0.000000000000000e+00
 0.000000000000000e+00 0.000000000000000e+00 0.000000000000000e+00 0.000000000000000e+00 0.000000000000000e+00 0.000000000000000e+00 0.000000000000000e+00 0.000000000000000e+00 0.000000000000000e+00 0.000000000000000e+00
 0.000000000000000e+00 0.000000000000000e+00 0.000000000000000e+00 0.000000000000000e+00 0.000000000000000e+00 0.000000000000000e+00 0.000000000000000e+00 0.000000000000000e+00 0.000000000000000e+00 0.000000000000000e+00
 0.000000000000000e+00 0.000000000000000e+00 0.000000000000000e+00 0.000000000000000e+00 0.000000000000000e+00 0.000000000000000e+00 0.000000000000000e+00 0.000000000000000e+00 0.000000000000000e+00 0.000000000000000e+00
 0.000000000000000e+00 0.000000000000000e+00 0.000000000000000e+00 0.000000000000000e+00 0.000000000000000e+00 0.000000000000000e+00 0.000000000000000e+00 0.000000000000000e+00 0.000000000000000e+00 0.000000000000000e+00
 0.000000000000000e+00 0.000000000000000e+00 0.000000000000000e+00 0.000000000000000e+00 0.000000000000000e+00 0.000000000000000e+00 0.000000000000000e+00 0.000000000000000e+00 0.000000000000000e+00 0.000000000000000e+00
 0.000000000000000e+00 0.000000000000000e+00 0.000000000000000e+00 0.000000000000000e+00 0.000000000000000e+00 0.000000000000000e+00 0.000000000000000e+00 0.000000000000000e+00 0.000000000000000e+00 0.000000000000000e+00
 0.000000000000000e+00 0.000000000000000e+00 0.000000000000000e+00 0.000000000000000e+00 0.000000000000000e+00 0.000000000000000e+00 0.000000000000000e+00 0.000000000000000e+00 0.000000000000000e+00 0.000000000000000e+00
 0.000000000000000e+00 0.000000000000000e+00 0.000000000000000e+00 0.000000000000000e+00 0.000000000000000e+00 0.000000000000000e+00 0.000000000000000e+00 0.000000000000000e+00 0.000000000000000e+00 0.000000000000000e+00
 0.000000000000000e+00 0.000000000000000e+00 0.000000000000000e+00 0.000000000000000e+00 0.000000000000000e+00 0.000000000000000e+00 0.000000000000000e+00 0.000000000000000e+00 0.000000000000000e+00 0.000000000000000e+00
 0.000000000000000e+00 0.000000000000000e+00 0.000000000000000e+00 0.000000000000000e+00 0.000000000000000e+00 0.000000000000000e+00 0.000000000000000e+00 0.000000000000000e+00 0.000000000000000e+00 0.000000000000000e+00
 0.000000000000000e+00 0.000000000000000e+00 0.000000000000000e+00 0.000000000000000e+00 0.000000000000000e+00 0.000000000000000e+00 0.000000000000000e+00 0.000000000000000e+00 0.000000000000000e+00 0.000000000000000e+00
 0.000000000000000e+00 0.000000000000000e+00 0.000000000000000e+00 0.000000000000000e+00 0.000000000000000e+00 0.000000000000000e+00 0.000000000000000e+00 0.000000000000000e+00 0.000000000000000e+00 0.000000000000000e+00
 0.000000000000000e+00 0.000000000000000e+00 0.000000000000000e+00 0.000000000000000e+00 0.000000000000000e+00 0.000000000000000e+00 0.000000000000000e+00 0.000000000000000e+00 0.000000000000000e+00 0.000000000000000e+00
 0.000000000000000e+00 0.000000000000000e+00 0.000000000000000e+00 0.000000000000000e+00 0.000000000000000e+00 0.000000000000000e+00 0.000000000000000e+00 0.000000000000000e+00 0.000000000000000e+00 0.000000000000000e+00
 0.000000000000000e+00 0.000000000000000e+00 0.000000000000000e+00 0.000000000000000e+00 0.000000000000000e+00 0.000000000000000e+00 0.000000000000000e+00 0.000000000000000e+00 0.000000000000000e+00 0.000000000000000e+00
 0.000000000000000e+00 0.000000000000000e+00 0.000000000000000e+00 0.000000000000000e+00 0.000000000000000e+00 0.000000000000000e+00 0.000000000000000e+00 0.000000000000000e+00 0.000000000000000e+00 0.000000000000000e+00
 0.000000000000000e+00 0.000000000000000e+00 0.000000000000000e+00 0.000000000000000e+00 0.000000000000000e+00 0.000000000000000e+00 0.000000000000000e+00 0.000000000000000e+00 0.000000000000000e+00 0.000000000000000e+00
 0.000000000000000e+00 0.000000000000000e+00 0.000000000000000e+00 0.000000000000000e+00 0.000000000000000e+00 0.000000000000000e+00 0.000000000000000e+00 0.000000000000000e+00 0.000000000000000e+00 0.000000000000000e+00
 0.000000000000000e+00 0.000000000000000e+00 0.000000000000000e+00 0.000000000000000e+00 0.000000000000000e+00 0.000000000000000e+00 0.000000000000000e+00 0.000000000000000e+00 0.000000000000000e+00 0.000000000000000e+00
 0.000000000000000e+00 0.000000000000000e+00 0.000000000000000e+00 0.000000000000000e+00 0.000000000000000e+00 0.000000000000000e+00 0.000000000000000e+00 0.000000000000000e+00 0.000000000000000e+00 0.000000000000000e+00
 0.000000000000000e+00 0.000000000000000e+00 0.000000000000000e+00 0.000000000000000e+00 0.000000000000000e+00 0.000000000000000e+00 0.000000000000000e+00 0.000000000000000e+00 0.000000000000000e+00 0.000000000000000e+00
 0.000000000000000e+00 0.000000000000000e+00 0.000000000000000e+00 0.000000000000000e+00 0.000000000000000e+00 0.000000000000000e+00 0.000000000000000e+00 0.000000000000000e+00 0.000000000000000e+00 0.000000000000000e+00
 0.000000000000000e+00 0.000000000000000e+00 0.000000000000000e+00 0.000000000000000e+00 0.000000000000000e+00 0.000000000000000e+00 0.000000000000000e+00 0.000000000000000e+00 0.000000000000000e+00 0.000000000000000e+00
 0.000000000000000e+00 0.000000000000000e+00 0.000000000000000e+00 0.000000000000000e+00 0.000000000000000e+00 0.000000000000000e+00 0.000000000000000e+00 0.000000000000000e+00 0.000000000000000e+00 0.000000000000000e+00
 0.000000000000000e+00 0.000000000000000e+00 0.000000000000000e+00 0.000000000000000e+00 0.000000000000000e+00 0.000000000000000e+00 0.000000000000000e+00 0.000000000000000e+00 0.000000000000000e+00 0.000000000000000e+00
 0.000000000000000e+00 0.000000000000000e+00 0.000000000000000e+00 0.000000000000000e+00 0.000000000000000e+00 0.000000000000000e+00 0.000000000000000e+00 0.000000000000000e+00 0.000000000000000e+00 0.000000000000000e+00
 0.000000000000000e+00 0.000000000000000e+00 0.000000000000000e+00 0.000000000000000e+00 0.000000000000000e+00 0.000000000000000e+00 0.000000000000000e+00 0.000000000000000e+00 0.000000000000000e+00 0.000000000000000e+00
 0.000000000000000e+00 0.000000000000000e+00 0.000000000000000e+00 0.000000000000000e+00 0.000000000000000e+00 0.000000000000000e+00 0.000000000000000e+00 0.000000000000000e+00 0.000000000000000e+00 0.000000000000000e+00
 0.000000000000000e+00 0.000000000000000e+00 0.000000000000000e+00 0.000000000000000e+00 0.000000000000000e+00 0.000000000000000e+00 0.000000000000000e+00 0.000000000000000e+00 0.000000000000000e+00 0.000000000000000e+00
 0.000000000000000e+00 0.000000000000000e+00 0.000000000000000e+00 0.000000000000000e+00 0.000000000000000e+00 0.000000000000000e+00 0.000000000000000e+00 0.000000000000000e+00 0.000000000000000e+00 0.000000000000000e+00
 0.000000000000000e+00 0.000000000000000e+00 0.000000000000000e+00 0.000000000000000e+00 0.000000000000000e+00 0.000000000000000e+00 0.000000000000000e+00 0.000000000000000e+00 0.000000000000000e+00 0.000000000000000e+00
 0.000000000000000e+00 0.000000000000000e+00 0.000000000000000e+00 0.000000000000000e+00 0.000000000000000e+00 0.000000000000000e+00 0.000000000000000e+00 0.000000000000000e+00 0.000000000000000e+00 0.000000000000000e+00
 0.000000000000000e+00 0.000000000000000e+00 0.000000000000000e+00 0.000000000000000e+00 0.000000000000000e+00 0.000000000000000e+00 0.000000000000000e+00 0.000000000000000e+00 0.000000000000000e+00 0.000000000000000e+00
 0.000000000000000e+00 0.000000000000000e+00 0.000000000000000e+00 0.000000000000000e+00 0.000000000000000e+00 0.000000000000000e+00 0.000000000000000e+00 0.000000000000000e+00 0.000000000000000e+00 0.000000000000000e+00
 0.000000000000000e+00 0.000000000000000e+00 0.000000000000000e+00 0.000000000000000e+00 0.000000000000000e+00 0.000000000000000e+00 0.000000000000000e+00 0.000000000000000e+00 0.000000000000000e+00 0.000000000000000e+00
 0.000000000000000e+00 0.000000000000000e+00 0.000000000000000e+00 0.000000000000000e+00 0.000000000000000e+00 0.000000000000000e+00 0.000000000000000e+00 0.000000000000000e+00 0.000000000000000e+00 0.000000000000000e+00
 0.000000000000000e+00 0.000000000000000e+00 0.000000000000000e+00 0.000000000000000e+00 0.000000000000000e+00 0.000000000000000e+00 0.000000000000000e+00 0.000000000000000e+00 0.000000000000000e+00 0.000000000000000e+00
 0.000000000000000e+00 0.000000000000000e+00 0.000000000000000e+00 0.000000000000000e+00 0.000000000000000e+00 0.000000000000000e+00 0.000000000000000e+00 0.000000000000000e+00 0.000000000000000e+00 0.000000000000000e+00
 0.000000000000000e+00 0.000000000000000e+00 0.000000000000000e+00 0.000000000000000e+00 0.000000000000000e+00 0.000000000000000e+00 0.000000000000000e+00 0.000000000000000e+00 0.000000000000000e+00 0.000000000000000e+00
 0.000000000000000e+00 0.000000000000000e+00 0.000000000000000e+00 0.000000000000000e+00 0.000000000000000e+00 0.000000000000000e+00 0.000000000000000e+00 0.000000000000000e+00 0.000000000000000e+00 0.000000000000000e+00
 0.000000000000000e+00 0.000000000000000e+00 0.000000000000000e+00 0.000000000000000e+00 0.000000000000000e+00 0.000000000000000e+00 0.000000000000000e+00 0.000000000000000e+00 0.000000000000000e+00 0.000000000000000e+00
 0.000000000000000e+00 0.000000000000000e+00 0.000000000000000e+00 0.000000000000000e+00 0.000000000000000e+00 0.000000000000000e+00 0.000000000000000e+00 0.000000000000000e+00 0.000000000000000e+00 0.000000000000000e+00
 0.000000000000000e+00 0.000000000000000e+00 0.000000000000000e+00 0.000000000000000e+00 0.000000000000000e+00 0.000000000000000e+00 0.000000000000000e+00 0.000000000000000e+00 0.000000000000000e+00 0.000000000000000e+00
 0.000000000000000e+00 0.000000000000000e+00 0.000000000000000e+00 0.000000000000000e+00 0.000000000000000e+00 0.000000000000000e+00 0.000000000000000e+00 0.000000000000000e+00 0.000000000000000e+00 0.000000000000000e+00
 0.000000000000000e+00 0.000000000000000e+00 0.000000000000000e+00 0.000000000000000e+00 0.000000000000000e+00 0.000000000000000e+00 0.000000000000000e+00 0.000000000000000e+00 0.000000000000000e+00 0.000000000000000e+00
 0.000000000000000e+00 0.000000000000000e+00 0.000000000000000e+00 0.000000000000000e+00 0.000000000000000e+00 0.000000000000000e+00 0.000000000000000e+00 0.000000000000000e+00 0.000000000000000e+00 0.000000000000000e+00
 0.000000000000000e+00 0.000000000000000e+00 0.000000000000000e+00 0.000000000000000e+00 0.000000000000000e+00 0.000000000000000e+00 0.000000000000000e+00 0.000000000000000e+00 0.000000000000000e+00 0.000000000000000e+00
 0.000000000000000e+00 0.000000000000000e+00 0.000000000000000e+00 0.000000000000000e+00 0.000000000000000e+00 0.000000000000000e+00 0.000000000000000e+00 0.000000000000000e+00 0.000000000000000e+00 0.000000000000000e+00
 0.000000000000000e+00 0.000000000000000e+00 0.000000000000000e+00 0.000000000000000e+00 0.000000000000000e+00 0.000000000000000e+00 0.000000000000000e+00 0.000000000000000e+00 0.000000000000000e+00 0.000000000000000e+00
 0.000000000000000e+00 0.000000000000000e+00 0.000000000000000e+00 0.000000000000000e+00 0.000000000000000e+00 0.000000000000000e+00 0.000000000000000e+00 0.000000000000000e+00 0.000000000000000e+00 0.000000000000000e+00
 0.000000000000000e+00 0.000000000000000e+00 0.000000000000000e+00 0.000000000000000e+00 0.000000000000000e+00 0.000000000000000e+00 0.000000000000000e+00 0.000000000000000e+00 0.000000000000000e+00 0.000000000000000e+00
 0.000000000000000e+00 0.000000000000000e+00 0.000000000000000e+00 0.000000000000000e+00 0.000000000000000e+00 0.000000000000000e+00 0.000000000000000e+00 0.000000000000000e+00 0.000000000000000e+00 0.000000000000000e+00
 0.000000000000000e+00 0.000000000000000e+00 0.000000000000000e+00 0.000000000000000e+00 0.000000000000000e+00 0.000000000000000e+00 0.000000000000000e+00 0.000000000000000e+00 0.000000000000000e+00 0.000000000000000e+00
 0.000000000000000e+00 0.000000000000000e+00 0.000000000000000e+00 0.000000000000000e+00 0.000000000000000e+00 0.000000000000000e+00 0.000000000000000e+00 0.000000000000000e+00 0.000000000000000e+00 0.000000000000000e+00
 0.000000000000000e+00 0.000000000000000e+00 0.000000000000000e+00 0.000000000000000e+00 0.000000000000000e+00 0.000000000000000e+00 0.000000000000000e+00 0.000000000000000e+00 0.000000000000000e+00 0.000000000000000e+00
 0.000000000000000e+00 0.000000000000000e+00 0.000000000000000e+00 0.000000000000000e+00 0.000000000000000e+00 0.000000000000000e+00 0.000000000000000e+00 0.000000000000000e+00 0.000000000000000e+00 0.000000000000000e+00
 0.000000000000000e+00 0.000000000000000e+00 0.000000000000000e+00 0.000000000000000e+00 0.000000000000000e+00 0.000000000000000e+00 0.000000000000000e+00 0.000000000000000e+00 0.000000000000000e+00 0.000000000000000e+00
 0.000000000000000e+00 0.000000000000000e+00 0.000000000000000e+00 0.000000000000000e+00 0.000000000000000e+00 0.000000000000000e+00 0.000000000000000e+00 0.000000000000000e+00 0.000000000000000e+00 0.000000000000000e+00
 0.000000000000000e+00 0.000000000000000e+00 0.000000000000000e+00 0.000000000000000e+00 0.000000000000000e+00 0.000000000000000e+00 0.000000000000000e+00 0.000000000000000e+00 0.000000000000000e+00 0.000000000000000e+00
 0.000000000000000e+00 0.000000000000000e+00 0.000000000000000e+00 0.000000000000000e+00 0.000000000000000e+00 0.000000000000000e+00 0.000000000000000e+00 0.000000000000000e+00 0.000000000000000e+00 0.000000000000000e+00
 0.000000000000000e+00 0.000000000000000e+00 0.000000000000000e+00 0.000000000000000e+00 0.000000000000000e+00 0.000000000000000e+00 0.000000000000000e+00 0.000000000000000e+00 0.000000000000000e+00 0.000000000000000e+00
 0.000000000000000e+00 0.000000000000000e+00 0.000000000000000e+00 0.000000000000000e+00 0.000000000000000e+00 0.000000000000000e+00 0.000000000000000e+00 0.000000000000000e+00 0.000000000000000e+00 0.000000000000000e+00
 0.000000000000000e+00 0.000000000000000e+00 0.000000000000000e+00 0.000000000000000e+00 0.000000000000000e+00 0.000000000000000e+00 0.000000000000000e+00 0.000000000000000e+00 0.000000000000000e+00 0.000000000000000e+00
 0.000000000000000e+00 0.000000000000000e+00 0.000000000000000e+00 0.000000000000000e+00 0.000000000000000e+00 0.000000000000000e+00 0.000000000000000e+00 0.000000000000000e+00 0.000000000000000e+00 0.000000000000000e+00
 0.000000000000000e+00 0.000000000000000e+00 0.000000000000000e+00 0.000000000000000e+00 0.000000000000000e+00 0.000000000000000e+00 0.000000000000000e+00 0.000000000000000e+00 0.000000000000000e+00 0.000000000000000e+00
 0.000000000000000e+00 0.000000000000000e+00 0.000000000000000e+00 0.000000000000000e+00 0.000000000000000e+00 0.000000000000000e+00 0.000000000000000e+00 0.000000000000000e+00 0.000000000000000e+00 0.000000000000000e+00
 0.000000000000000e+00 0.000000000000000e+00 0.000000000000000e+00 0.000000000000000e+00 0.000000000000000e+00 0.000000000000000e+00 0.000000000000000e+00 0.000000000000000e+00 0.000000000000000e+00 0.000000000000000e+00
 0.000000000000000e+00 0.000000000000000e+00 0.000000000000000e+00 0.000000000000000e+00 0.000000000000000e+00 0.000000000000000e+00 0.000000000000000e+00 0.000000000000000e+00 0.000000000000000e+00 0.000000000000000e+00
 0.000000000000000e+00 0.000000000000000e+00 0.000000000000000e+00 0.000000000000000e+00 0.000000000000000e+00 0.000000000000000e+00 0.000000000000000e+00 0.000000000000000e+00 0.000000000000000e+00 0.000000000000000e+00
 0.000000000000000e+00 0.000000000000000e+00 0.000000000000000e+00 0.000000000000000e+00 0.000000000000000e+00 0.000000000000000e+00 0.000000000000000e+00 0.000000000000000e+00 0.000000000000000e+00 0.000000000000000e+00
 0.000000000000000e+00 0.000000000000000e+00 0.000000000000000e+00 0.000000000000000e+00 0.000000000000000e+00 0.000000000000000e+00 0.000000000000000e+00 0.000000000000000e+00 0.000000000000000e+00 0.000000000000000e+00
 0.000000000000000e+00 0.000000000000000e+00 0.000000000000000e+00 0.000000000000000e+00 0.000000000000000e+00 0.000000000000000e+00 0.000000000000000e+00 0.000000000000000e+00 0.000000000000000e+00 0.000000000000000e+00
 0.000000000000000e+00 0.000000000000000e+00 0.000000000000000e+00 0.000000000000000e+00 0.000000000000000e+00 0.000000000000000e+00 0.000000000000000e+00 0.000000000000000e+00 0.000000000000000e+00 0.000000000000000e+00
 0.000000000000000e+00 0.000000000000000e+00 0.000000000000000e+00 0.000000000000000e+00 0.000000000000000e+00 0.000000000000000e+00 0.000000000000000e+00 0.000000000000000e+00 0.000000000000000e+00 0.000000000000000e+00
 0.000000000000000e+00 0.000000000000000e+00 0.000000000000000e+00 0.000000000000000e+00 0.000000000000000e+00 0.000000000000000e+00 0.000000000000000e+00 0.000000000000000e+00 0.000000000000000e+00 0.000000000000000e+00
 0.000000000000000e+00 0.000000000000000e+00 0.000000000000000e+00 0.000000000000000e+00 0.000000000000000e+00 0.000000000000000e+00 0.000000000000000e+00 0.000000000000000e+00 0.000000000000000e+00 0.000000000000000e+00
 0.000000000000000e+00 0.000000000000000e+00 0.000000000000000e+00 0.000000000000000e+00 0.000000000000000e+00 0.000000000000000e+00 0.000000000000000e+00 0.000000000000000e+00 0.000000000000000e+00 0.000000000000000e+00
 0.000000000000000e+00 0.000000000000000e+00 0.000000000000000e+00 0.000000000000000e+00 0.000000000000000e+00 0.000000000000000e+00 0.000000000000000e+00 0.000000000000000e+00 0.000000000000000e+00 0.000000000000000e+00
 0.000000000000000e+00 0.000000000000000e+00 0.000000000000000e+00 0.000000000000000e+00 0.000000000000000e+00 0.000000000000000e+00 0.000000000000000e+00 0.000000000000000e+00 0.000000000000000e+00 0.000000000000000e+00
 0.000000000000000e+00 0.000000000000000e+00 0.000000000000000e+00 0.000000000000000e+00 0.000000000000000e+00 0.000000000000000e+00 0.000000000000000e+00 0.000000000000000e+00 0.000000000000000e+00 0.000000000000000e+00
 0.000000000000000e+00 0.000000000000000e+00 0.000000000000000e+00 0.000000000000000e+00 0.000000000000000e+00 0.000000000000000e+00 0.000000000000000e+00 0.000000000000000e+00 0.000000000000000e+00 0.000000000000000e+00
 0.000000000000000e+00 0.000000000000000e+00 0.000000000000000e+00 0.000000000000000e+00 0.000000000000000e+00 0.000000000000000e+00 0.000000000000000e+00 0.000000000000000e+00 0.000000000000000e+00 0.000000000000000e+00
 0.000000000000000e+00 0.000000000000000e+00 0.000000000000000e+00 0.000000000000000e+00 0.000000000000000e+00 0.000000000000000e+00 0.000000000000000e+00 0.000000000000000e+00 0.000000000000000e+00 0.000000000000000e+00
 0.000000000000000e+00 0.000000000000000e+00 0.000000000000000e+00 0.000000000000000e+00 0.000000000000000e+00 0.000000000000000e+00 0.000000000000000e+00 0.000000000000000e+00 0.000000000000000e+00 0.000000000000000e+00
 0.000000000000000e+00 0.000000000000000e+00 0.000000000000000e+00 0.000000000000000e+00 0.000000000000000e+00 0.000000000000000e+00 0.000000000000000e+00 0.000000000000000e+00 0.000000000000000e+00 0.000000000000000e+00
 0.000000000000000e+00 0.000000000000000e+00 0.000000000000000e+00 0.000000000000000e+00 0.000000000000000e+00 0.000000000000000e+00 0.000000000000000e+00 0.000000000000000e+00 0.000000000000000e+00 0.000000000000000e+00
 0.000000000000000e+00 0.000000000000000e+00 0.000000000000000e+00 0.000000000000000e+00 0.000000000000000e+00 0.000000000000000e+00 0.000000000000000e+00 0.000000000000000e+00 0.000000000000000e+00 0.000000000000000e+00
 0.000000000000000e+00 0.000000000000000e+00 0.000000000000000e+00 0.000000000000000e+00 0.000000000000000e+00 0.000000000000000e+00 0.000000000000000e+00 0.000000000000000e+00 0.000000000000000e+00 0.000000000000000e+00
 0.000000000000000e+00 0.000000000000000e+00 0.000000000000000e+00 0.000000000000000e+00 0.000000000000000e+00 0.000000000000000e+00 0.000000000000000e+00 0.000000000000000e+00 0.000000000000000e+00 0.000000000000000e+00
 0.000000000000000e+00 0.000000000000000e+00 0.000000000000000e+00 0.000000000000000e+00 0.000000000000000e+00 0.000000000000000e+00 0.000000000000000e+00 0.000000000000000e+00 0.000000000000000e+00 0.000000000000000e+00
 0.000000000000000e+00 0.000000000000000e+00 0.000000000000000e+00 0.000000000000000e+00 0.000000000000000e+00 0.000000000000000e+00 0.000000000000000e+00 0.000000000000000e+00 0.000000000000000e+00 0.000000000000000e+00
 0.000000000000000e+00 0.000000000000000e+00 0.000000000000000e+00 0.000000000000000e+00 0.000000000000000e+00 0.000000000000000e+00 0.000000000000000e+00 0.000000000000000e+00 0.000000000000000e+00 0.000000000000000e+00
 0.000000000000000e+00 0.000000000000000e+00 0.000000000000000e+00 0.000000000000000e+00 0.000000000000000e+00 0.000000000000000e+00 0.000000000000000e+00 0.000000000000000e+00 0.000000000000000e+00 0.000000000000000e+00
 0.000000000000000e+00 0.000000000000000e+00 0.000000000000000e+00 0.000000000000000e+00 0.000000000000000e+00 0.000000000000000e+00 0.000000000000000e+00 0.000000000000000e+00 0.000000000000000e+00 0.000000000000000e+00
 0.000000000000000e+00 0.000000000000000e+00 0.000000000000000e+00 0.000000000000000e+00 0.000000000000000e+00 0.000000000000000e+00 0.000000000000000e+00 0.000000000000000e+00 0.000000000000000e+00 0.000000000000000e+00
 0.000000000000000e+00 0.000000000000000e+00 0.000000000000000e+00 0.000000000000000e+00 0.000000000000000e+00 0.000000000000000e+00 0.000000000000000e+00 0.000000000000000e+00 0.000000000000000e+00 0.000000000000000e+00
 0.000000000000000e+00 0.000000000000000e+00 0.000000000000000e+00 0.000000000000000e+00 0.000000000000000e+00 0.000000000000000e+00 0.000000000000000e+00 0.000000000000000e+00 0.000000000000000e+00 0.000000000000000e+00
 0.000000000000000e+00 0.000000000000000e+00 0.000000000000000e+00 0.000000000000000e+00 0.000000000000000e+00 0.000000000000000e+00 0.000000000000000e+00 0.000000000000000e+00 0.000000000000000e+00 0.000000000000000e+00
 0.000000000000000e+00 0.000000000000000e+00 0.000000000000000e+00 0.000000000000000e+00 0.000000000000000e+00 0.000000000000000e+00 0.000000000000000e+00 0.000000000000000e+00 0.000000000000000e+00 0.000000000000000e+00
 0.000000000000000e+00 0.000000000000000e+00 0.000000000000000e+00 0.000000000000000e+00 0.000000000000000e+00 0.000000000000000e+00 0.000000000000000e+00 0.000000000000000e+00 0.000000000000000e+00 0.000000000000000e+00
 0.000000000000000e+00 0.000000000000000e+00 0.000000000000000e+00 0.000000000000000e+00 0.000000000000000e+00 0.000000000000000e+00 0.000000000000000e+00 0.000000000000000e+00 0.000000000000000e+00 0.000000000000000e+00
 0.000000000000000e+00 0.000000000000000e+00 0.000000000000000e+00 0.000000000000000e+00 0.000000000000000e+00 0.000000000000000e+00 0.000000000000000e+00 0.000000000000000e+00 0.000000000000000e+00 0.000000000000000e+00
 0.000000000000000e+00 0.000000000000000e+00 0.000000000000000e+00 0.000000000000000e+00 0.000000000000000e+00 0.000000000000000e+00 0.000000000000000e+00 0.000000000000000e+00 0.000000000000000e+00 0.000000000000000e+00
 0.000000000000000e+00 0.000000000000000e+00 0.000000000000000e+00 0.000000000000000e+00 0.000000000000000e+00 0.000000000000000e+00 0.000000000000000e+00 0.000000000000000e+00 0.000000000000000e+00 0.000000000000000e+00
 0.000000000000000e+00 0.000000000000000e+00 0.000000000000000e+00 0.000000000000000e+00 0.000000000000000e+00 0.000000000000000e+00 0.000000000000000e+00 0.000000000000000e+00 0.000000000000000e+00 0.000000000000000e+00
 0.000000000000000e+00 0.000000000000000e+00 0.000000000000000e+00 0.000000000000000e+00 0.000000000000000e+00 0.000000000000000e+00 0.000000000000000e+00 0.000000000000000e+00 0.000000000000000e+00 0.000000000000000e+00
 0.000000000000000e+00 0.000000000000000e+00 0.000000000000000e+00 0.000000000000000e+00 0.000000000000000e+00 0.000000000000000e+00 0.000000000000000e+00 0.000000000000000e+00 0.000000000000000e+00 0.000000000000000e+00
 0.000000000000000e+00 0.000000000000000e+00 0.000000000000000e+00 0.000000000000000e+00 0.000000000000000e+00 0.000000000000000e+00 0.000000000000000e+00 0.000000000000000e+00 0.000000000000000e+00 0.000000000000000e+00
 0.000000000000000e+00 0.000000000000000e+00 0.000000000000000e+00 0.000000000000000e+00 0.000000000000000e+00 0.000000000000000e+00 0.000000000000000e+00 0.000000000000000e+00 0.000000000000000e+00 0.000000000000000e+00
 0.000000000000000e+00 0.000000000000000e+00 0.000000000000000e+00 0.000000000000000e+00 0.000000000000000e+00 0.000000000000000e+00 0.000000000000000e+00 0.000000000000000e+00 0.000000000000000e+00 0.000000000000000e+00
 0.000000000000000e+00 0.000000000000000e+00 0.000000000000000e+00 0.000000000000000e+00 0.000000000000000e+00 0.000000000000000e+00 0.000000000000000e+00 0.000000000000000e+00 0.000000000000000e+00 0.000000000000000e+00
 0.000000000000000e+00 0.000000000000000e+00 0.000000000000000e+00 0.000000000000000e+00 0.000000000000000e+00 0.000000000000000e+00 0.000000000000000e+00 0.000000000000000e+00 0.000000000000000e+00 0.000000000000000e+00
 0.000000000000000e+00 0.000000000000000e+00 0.000000000000000e+00 0.000000000000000e+00 0.000000000000000e+00 0.000000000000000e+00 0.000000000000000e+00 0.000000000000000e+00 0.000000000000000e+00 0.000000000000000e+00
 0.000000000000000e+00 0.000000000000000e+00 0.000000000000000e+00 0.000000000000000e+00 0.000000000000000e+00 0.000000000000000e+00 0.000000000000000e+00 0.000000000000000e+00 0.000000000000000e+00 0.000000000000000e+00
 0.000000000000000e+00 0.000000000000000e+00 0.000000000000000e+00 0.000000000000000e+00 0.000000000000000e+00 0.000000000000000e+00 0.000000000000000e+00 0.000000000000000e+00 0.000000000000000e+00 0.000000000000000e+00
 0.000000000000000e+00 0.000000000000000e+00 0.000000000000000e+00 0.000000000000000e+00 0.000000000000000e+00 0.000000000000000e+00 0.000000000000000e+00 0.000000000000000e+00 0.000000000000000e+00 0.000000000000000e+00
 0.000000000000000e+00 0.000000000000000e+00 0.000000000000000e+00 0.000000000000000e+00 0.000000000000000e+00 0.000000000000000e+00 0.000000000000000e+00 0.000000000000000e+00 0.000000000000000e+00 0.000000000000000e+00
 0.000000000000000e+00 0.000000000000000e+00 0.000000000000000e+00 0.000000000000000e+00 0.000000000000000e+00 0.000000000000000e+00 0.000000000000000e+00 0.000000000000000e+00 0.000000000000000e+00 0.000000000000000e+00
 0.000000000000000e+00 0.000000000000000e+00 0.000000000000000e+00 0.000000000000000e+00 0.000000000000000e+00 0.000000000000000e+00 0.000000000000000e+00 0.000000000000000e+00 0.000000000000000e+00 0.000000000000000e+00
 0.000000000000000e+00 0.000000000000000e+00 0.000000000000000e+00 0.000000000000000e+00 0.000000000000000e+00 0.000000000000000e+00 0.000000000000000e+00 0.000000000000000e+00 0.000000000000000e+00 0.000000000000000e+00
 0.000000000000000e+00 0.000000000000000e+00 0.000000000000000e+00 0.000000000000000e+00 0.000000000000000e+00 0.000000000000000e+00 0.000000000000000e+00 0.000000000000000e+00 0.000000000000000e+00 0.000000000000000e+00
 0.000000000000000e+00 0.000000000000000e+00 0.000000000000000e+00 0.000000000000000e+00 0.000000000000000e+00 0.000000000000000e+00 0.000000000000000e+00 0.000000000000000e+00 0.000000000000000e+00 0.000000000000000e+00
 0.000000000000000e+00 0.000000000000000e+00 0.000000000000000e+00 0.000000000000000e+00 0.000000000000000e+00 0.000000000000000e+00 0.000000000000000e+00 0.000000000000000e+00 0.000000000000000e+00 0.000000000000000e+00
 0.000000000000000e+00 0.000000000000000e+00 0.000000000000000e+00 0.000000000000000e+00 0.000000000000000e+00 0.000000000000000e+00 0.000000000000000e+00 0.000000000000000e+00 0.000000000000000e+00 0.000000000000000e+00
 0.000000000000000e+00 0.000000000000000e+00 0.000000000000000e+00 0.000000000000000e+00 0.000000000000000e+00 0.000000000000000e+00 0.000000000000000e+00 0.000000000000000e+00 0.000000000000000e+00 0.000000000000000e+00
 0.000000000000000e+00 0.000000000000000e+00 0.000000000000000e+00 0.000000000000000e+00 0.000000000000000e+00 0.000000000000000e+00 0.000000000000000e+00 0.000000000000000e+00 0.000000000000000e+00 0.000000000000000e+00
 0.000000000000000e+00 0.000000000000000e+00 0.000000000000000e+00 0.000000000000000e+00 0.000000000000000e+00 0.000000000000000e+00 0.000000000000000e+00 0.000000000000000e+00 0.000000000000000e+00 0.000000000000000e+00
 0.000000000000000e+00 0.000000000000000e+00 0.000000000000000e+00 0.000000000000000e+00 0.000000000000000e+00 0.000000000000000e+00 0.000000000000000e+00 0.000000000000000e+00 0.000000000000000e+00 0.000000000000000e+00
 0.000000000000000e+00 0.000000000000000e+00 0.000000000000000e+00 0.000000000000000e+00 0.000000000000000e+00 0.000000000000000e+00 0.000000000000000e+00 0.000000000000000e+00 0.000000000000000e+00 0.000000000000000e+00
 0.000000000000000e+00 0.000000000000000e+00 0.000000000000000e+00 0.000000000000000e+00 0.000000000000000e+00 0.000000000000000e+00 0.000000000000000e+00 0.000000000000000e+00 0.000000000000000e+00 0.000000000000000e+00
 0.000000000000000e+00 0.000000000000000e+00 0.000000000000000e+00 0.000000000000000e+00 0.000000000000000e+00 0.000000000000000e+00 0.000000000000000e+00 0.000000000000000e+00 0.000000000000000e+00 0.000000000000000e+00
 0.000000000000000e+00 0.000000000000000e+00 0.000000000000000e+00 0.000000000000000e+00 0.000000000000000e+00 0.000000000000000e+00 0.000000000000000e+00 0.000000000000000e+00 0.000000000000000e+00 0.000000000000000e+00
 0.000000000000000e+00 0.000000000000000e+00 0.000000000000000e+00 0.000000000000000e+00 0.000000000000000e+00 0.000000000000000e+00 0.000000000000000e+00 0.000000000000000e+00 0.000000000000000e+00 0.000000000000000e+00
 0.000000000000000e+00 0.000000000000000e+00 0.000000000000000e+00 0.000000000000000e+00 0.000000000000000e+00 0.000000000000000e+00 0.000000000000000e+00 0.000000000000000e+00 0.000000000000000e+00 0.000000000000000e+00
 0.000000000000000e+00 0.000000000000000e+00 0.000000000000000e+00 0.000000000000000e+00 0.000000000000000e+00 0.000000000000000e+00 0.000000000000000e+00 0.000000000000000e+00 0.000000000000000e+00 0.000000000000000e+00
 0.000000000000000e+00 0.000000000000000e+00 0.000000000000000e+00 0.000000000000000e+00 0.000000000000000e+00 0.000000000000000e+00 0.000000000000000e+00 0.000000000000000e+00 0.000000000000000e+00 0.000000000000000e+00
 0.000000000000000e+00 0.000000000000000e+00 0.000000000000000e+00 0.000000000000000e+00 0.000000000000000e+00 0.000000000000000e+00 0.000000000000000e+00 0.000000000000000e+00 0.000000000000000e+00 0.000000000000000e+00
 0.000000000000000e+00 0.000000000000000e+00 0.000000000000000e+00 0.000000000000000e+00 0.000000000000000e+00 0.000000000000000e+00 0.000000000000000e+00 0.000000000000000e+00 0.000000000000000e+00 0.000000000000000e+00
 0.000000000000000e+00 0.000000000000000e+00 0.000000000000000e+00 0.000000000000000e+00 0.000000000000000e+00 0.000000000000000e+00 0.000000000000000e+00 0.000000000000000e+00 0.000000000000000e+00 0.000000000000000e+00
 0.000000000000000e+00 0.000000000000000e+00 0.000000000000000e+00 0.000000000000000e+00 0.000000000000000e+00 0.000000000000000e+00 0.000000000000000e+00 0.000000000000000e+00 0.000000000000000e+00 0.000000000000000e+00
 0.000000000000000e+00 0.000000000000000e+00 0.000000000000000e+00 0.000000000000000e+00 0.000000000000000e+00 0.000000000000000e+00 0.000000000000000e+00 0.000000000000000e+00 0.000000000000000e+00 0.000000000000000e+00
 0.000000000000000e+00 0.000000000000000e+00 0.000000000000000e+00 0.000000000000000e+00 0.000000000000000e+00 0.000000000000000e+00 0.000000000000000e+00 0.000000000000000e+00 0.000000000000000e+00 0.000000000000000e+00
 0.000000000000000e+00 0.000000000000000e+00 0.000000000000000e+00 0.000000000000000e+00 0.000000000000000e+00 0.000000000000000e+00 0.000000000000000e+00 0.000000000000000e+00 0.000000000000000e+00 0.000000000000000e+00
 0.000000000000000e+00 0.000000000000000e+00 0.000000000000000e+00 0.000000000000000e+00 0.000000000000000e+00 0.000000000000000e+00 0.000000000000000e+00 0.000000000000000e+00 0.000000000000000e+00 0.000000000000000e+00
 0.000000000000000e+00 0.000000000000000e+00 0.000000000000000e+00 0.000000000000000e+00 0.000000000000000e+00 0.000000000000000e+00 0.000000000000000e+00 0.000000000000000e+00 0.000000000000000e+00 0.000000000000000e+00
 0.000000000000000e+00 0.000000000000000e+00 0.000000000000000e+00 0.000000000000000e+00 0.000000000000000e+00 0.000000000000000e+00 0.000000000000000e+00 0.000000000000000e+00 0.000000000000000e+00 0.000000000000000e+00
 0.000000000000000e+00 0.000000000000000e+00 0.000000000000000e+00 0.000000000000000e+00 0.000000000000000e+00 0.000000000000000e+00 0.000000000000000e+00 0.000000000000000e+00 0.000000000000000e+00 0.000000000000000e+00
 0.000000000000000e+00 0.000000000000000e+00 0.000000000000000e+00 0.000000000000000e+00 0.000000000000000e+00 0.000000000000000e+00 0.000000000000000e+00 0.000000000000000e+00 0.000000000000000e+00 0.000000000000000e+00
 0.000000000000000e+00 0.000000000000000e+00 0.000000000000000e+00 0.000000000000000e+00 0.000000000000000e+00 0.000000000000000e+00 0.000000000000000e+00 0.000000000000000e+00 0.000000000000000e+00 0.000000000000000e+00
 0.000000000000000e+00 0.000000000000000e+00 0.000000000000000e+00 0.000000000000000e+00 0.000000000000000e+00 0.000000000000000e+00 0.000000000000000e+00 0.000000000000000e+00 0.000000000000000e+00 0.000000000000000e+00
 0.000000000000000e+00 0.000000000000000e+00 0.000000000000000e+00 0.000000000000000e+00 0.000000000000000e+00 0.000000000000000e+00 0.000000000000000e+00 0.000000000000000e+00 0.000000000000000e+00 0.000000000000000e+00
 0.000000000000000e+00 0.000000000000000e+00 0.000000000000000e+00 0.000000000000000e+00 0.000000000000000e+00 0.000000000000000e+00 0.000000000000000e+00 0.000000000000000e+00 0.000000000000000e+00 0.000000000000000e+00
 0.000000000000000e+00 0.000000000000000e+00 0.000000000000000e+00 0.000000000000000e+00 0.000000000000000e+00 0.000000000000000e+00 0.000000000000000e+00 0.000000000000000e+00 0.000000000000000e+00 0.000000000000000e+00
 0.000000000000000e+00 0.000000000000000e+00 0.000000000000000e+00 0.000000000000000e+00 0.000000000000000e+00 0.000000000000000e+00 0.000000000000000e+00 0.000000000000000e+00 0.000000000000000e+00 0.000000000000000e+00
 0.000000000000000e+00 0.000000000000000e+00 0.000000000000000e+00 0.000000000000000e+00 0.000000000000000e+00 0.000000000000000e+00 0.000000000000000e+00 0.000000000000000e+00 0.000000000000000e+00 0.000000000000000e+00
 0.000000000000000e+00 0.000000000000000e+00 0.000000000000000e+00 0.000000000000000e+00 0.000000000000000e+00 0.000000000000000e+00 0.000000000000000e+00 0.000000000000000e+00 0.000000000000000e+00 0.000000000000000e+00
 0.000000000000000e+00 0.000000000000000e+00 0.000000000000000e+00 0.000000000000000e+00 0.000000000000000e+00 0.000000000000000e+00 0.000000000000000e+00 0.000000000000000e+00 0.000000000000000e+00 0.000000000000000e+00
 0.000000000000000e+00 0.000000000000000e+00 0.000000000000000e+00 0.000000000000000e+00 0.000000000000000e+00 4.297569971329126e+12 0.000000000000000e+00 4.381354291866987e+12 4.337679635072365e+12 4.377789298815605e+12
 4.417639692257611e+12 4.453925092648236e+12 4.417898962558844e+12 4.458008626302082e+12 4.490210493038862e+12 4.526495893429486e+12 4.498118290045322e+12 4.538227953788561e+12 4.562781293820112e+12 4.599066694210737e+12
 4.578337617531802e+12 4.618447281275040e+12 4.635352094601362e+12 4.671637494991986e+12 4.658556945018278e+12 4.698666608761519e+12 4.707922895382611e+12 4.744208295773237e+12 4.738776272504757e+12 4.760444711538461e+12
 4.778885936247996e+12 4.780493696163861e+12 4.800096153846153e+12 4.816779096554487e+12 4.818995599991236e+12 4.859105263734476e+12 4.853064496945111e+12 4.889349897335737e+12 4.899214927477714e+12 4.939324591220953e+12
 4.925635297726361e+12 4.961920698116987e+12 4.979434254964192e+12 5.019543918707432e+12 4.998206098507612e+12 5.034491498898237e+12 5.059653582450670e+12 5.099763246193910e+12 5.070776899288862e+12 5.107062299679486e+12
 5.139872909937149e+12 5.179982573680389e+12 5.143347700070111e+12 5.179633100460737e+12 5.220092237423628e+12 5.183664871607071e+12 5.215918500851361e+12 5.178596911308093e+12 5.041926813370141e+12 5.037707441281049e+12
 4.900188755133213e+12 4.896817971254007e+12 4.616712638659354e+12 4.615039031199920e+12 4.333236522185496e+12 4.333260091145833e+12 3.766284289237782e+12 3.769702211037661e+12 3.072429887820514e+12 3.074533253205129e+12
 1.544222255608974e+12 1.538483072916666e+12 6.559781525440709e+11 6.516005608974364e+11 1.535537610176297e+10 1.522141426282066e+10 0.000000000000000e+00 0.000000000000000e+00 0.000000000000000e+00 0.000000000000000e+00
 0.000000000000000e+00 0.000000000000000e+00 0.000000000000000e+00 0.000000000000000e+00 0.000000000000000e+00 0.000000000000000e+00 0.000000000000000e+00 0.000000000000000e+00 0.000000000000000e+00 0.000000000000000e+00
 0.000000000000000e+00 0.000000000000000e+00 0.000000000000000e+00 0.000000000000000e+00 0.000000000000000e+00 0.000000000000000e+00 0.000000000000000e+00 0.000000000000000e+00 0.000000000000000e+00 0.000000000000000e+00
 0.000000000000000e+00 0.000000000000000e+00 0.000000000000000e+00 0.000000000000000e+00 0.000000000000000e+00 0.000000000000000e+00 0.000000000000000e+00 0.000000000000000e+00 0.000000000000000e+00 0.000000000000000e+00
 0.000000000000000e+00 0.000000000000000e+00 0.000000000000000e+00 0.000000000000000e+00 0.000000000000000e+00 0.000000000000000e+00 0.000000000000000e+00 0.000000000000000e+00 0.000000000000000e+00 0.000000000000000e+00
 0.000000000000000e+00 0.000000000000000e+00 0.000000000000000e+00 0.000000000000000e+00 0.000000000000000e+00 0.000000000000000e+00 0.000000000000000e+00 0.000000000000000e+00 0.000000000000000e+00 0.000000000000000e+00
 0.000000000000000e+00 0.000000000000000e+00 0.000000000000000e+00 0.000000000000000e+00 0.000000000000000e+00 0.000000000000000e+00 0.000000000000000e+00 0.000000000000000e+00 0.000000000000000e+00 0.000000000000000e+00
 0.000000000000000e+00 0.000000000000000e+00 0.000000000000000e+00 0.000000000000000e+00 0.000000000000000e+00 0.000000000000000e+00 0.000000000000000e+00 0.000000000000000e+00 0.000000000000000e+00 0.000000000000000e+00
 0.000000000000000e+00 0.000000000000000e+00 0.000000000000000e+00 0.000000000000000e+00 0.000000000000000e+00 0.000000000000000e+00 0.000000000000000e+00 0.000000000000000e+00 0.000000000000000e+00 0.000000000000000e+00
 0.000000000000000e+00 0.000000000000000e+00 0.000000000000000e+00 0.000000000000000e+00 0.000000000000000e+00 0.000000000000000e+00 0.000000000000000e+00 0.000000000000000e+00 0.000000000000000e+00 0.000000000000000e+00
 0.000000000000000e+00 0.000000000000000e+00 0.000000000000000e+00 0.000000000000000e+00 0.000000000000000e+00 0.000000000000000e+00 0.000000000000000e+00 0.000000000000000e+00 0.000000000000000e+00 0.000000000000000e+00
 0.000000000000000e+00 0.000000000000000e+00 0.000000000000000e+00 0.000000000000000e+00 0.000000000000000e+00 0.000000000000000e+00 0.000000000000000e+00 0.000000000000000e+00 0.000000000000000e+00 0.000000000000000e+00
 0.000000000000000e+00 0.000000000000000e+00 0.000000000000000e+00 0.000000000000000e+00 0.000000000000000e+00 0.000000000000000e+00 0.000000000000000e+00 0.000000000000000e+00 0.000000000000000e+00 0.000000000000000e+00
 0.000000000000000e+00 0.000000000000000e+00 0.000000000000000e+00 0.000000000000000e+00 0.000000000000000e+00 0.000000000000000e+00 0.000000000000000e+00 0.000000000000000e+00 0.000000000000000e+00 0.000000000000000e+00
 0.000000000000000e+00 0.000000000000000e+00 0.000000000000000e+00 0.000000000000000e+00 0.000000000000000e+00 0.000000000000000e+00 0.000000000000000e+00 0.000000000000000e+00 0.000000000000000e+00 0.000000000000000e+00
 0.000000000000000e+00 0.000000000000000e+00 0.000000000000000e+00 0.000000000000000e+00 0.000000000000000e+00 0.000000000000000e+00 0.000000000000000e+00 0.000000000000000e+00 0.000000000000000e+00 0.000000000000000e+00
 0.000000000000000e+00 0.000000000000000e+00 0.000000000000000e+00 0.000000000000000e+00 0.000000000000000e+00 0.000000000000000e+00 0.000000000000000e+00 0.000000000000000e+00 0.000000000000000e+00 0.000000000000000e+00
 0.000000000000000e+00 0.000000000000000e+00 0.000000000000000e+00 0.000000000000000e+00 0.000000000000000e+00 0.000000000000000e+00 0.000000000000000e+00 0.000000000000000e+00 0.000000000000000e+00 0.000000000000000e+00
 0.000000000000000e+00 0.000000000000000e+00 0.000000000000000e+00 0.000000000000000e+00 0.000000000000000e+00 0.000000000000000e+00 0.000000000000000e+00 0.000000000000000e+00 0.000000000000000e+00 0.000000000000000e+00
 0.000000000000000e+00 0.000000000000000e+00 0.000000000000000e+00 0.000000000000000e+00 0.000000000000000e+00 0.000000000000000e+00 0.000000000000000e+00 0.000000000000000e+00 0.000000000000000e+00 0.000000000000000e+00
 0.000000000000000e+00 0.000000000000000e+00 0.000000000000000e+00 0.000000000000000e+00 0.000000000000000e+00 0.000000000000000e+00 0.000000000000000e+00 0.000000000000000e+00 0.000000000000000e+00 0.000000000000000e+00
 0.000000000000000e+00 0.000000000000000e+00 0.000000000000000e+00 0.000000000000000e+00 0.000000000000000e+00 0.000000000000000e+00 0.000000000000000e+00 0.000000000000000e+00 0.000000000000000e+00 0.000000000000000e+00
 0.000000000000000e+00 0.000000000000000e+00 0.000000000000000e+00 0.000000000000000e+00 0.000000000000000e+00 0.000000000000000e+00 0.000000000000000e+00 0.000000000000000e+00 0.000000000000000e+00 0.000000000000000e+00
 0.000000000000000e+00 0.000000000000000e+00 0.000000000000000e+00 0.000000000000000e+00 0.000000000000000e+00 0.000000000000000e+00 0.000000000000000e+00 0.000000000000000e+00 0.000000000000000e+00 0.000000000000000e+00
 0.000000000000000e+00 0.000000000000000e+00 0.000000000000000e+00 0.000000000000000e+00 0.000000000000000e+00 0.000000000000000e+00 0.000000000000000e+00 0.000000000000000e+00 0.000000000000000e+00 0.000000000000000e+00
 0.000000000000000e+00 0.000000000000000e+00 0.000000000000000e+00 0.000000000000000e+00 0.000000000000000e+00 0.000000000000000e+00 0.000000000000000e+00 0.000000000000000e+00 0.000000000000000e+00 0.000000000000000e+00
 0.000000000000000e+00 0.000000000000000e+00 0.000000000000000e+00 0.000000000000000e+00 0.000000000000000e+00 0.000000000000000e+00 0.000000000000000e+00 0.000000000000000e+00 0.000000000000000e+00 0.000000000000000e+00
 0.000000000000000e+00 0.000000000000000e+00 0.000000000000000e+00 0.000000000000000e+00 0.000000000000000e+00 0.000000000000000e+00 0.000000000000000e+00 0.000000000000000e+00 0.000000000000000e+00 0.000000000000000e+00
 0.000000000000000e+00 0.000000000000000e+00 0.000000000000000e+00 0.000000000000000e+00 0.000000000000000e+00 0.000000000000000e+00 0.000000000000000e+00 0.000000000000000e+00 0.000000000000000e+00 0.000000000000000e+00
 0.000000000000000e+00 0.000000000000000e+00 0.000000000000000e+00 0.000000000000000e+00 0.000000000000000e+00 0.000000000000000e+00 0.000000000000000e+00 0.000000000000000e+00 0.000000000000000e+00 0.000000000000000e+00
 0.000000000000000e+00 0.000000000000000e+00 0.000000000000000e+00 0.000000000000000e+00 0.000000000000000e+00 0.000000000000000e+00 0.000000000000000e+00 0.000000000000000e+00 0.000000000000000e+00 0.000000000000000e+00
 0.000000000000000e+00 0.000000000000000e+00 0.000000000000000e+00 0.000000000000000e+00 0.000000000000000e+00 0.000000000000000e+00 0.000000000000000e+00 0.000000000000000e+00 0.000000000000000e+00 0.000000000000000e+00
 0.000000000000000e+00 0.000000000000000e+00 0.000000000000000e+00 0.000000000000000e+00 0.000000000000000e+00 0.000000000000000e+00 0.000000000000000e+00 0.000000000000000e+00 0.000000000000000e+00 0.000000000000000e+00
 0.000000000000000e+00 0.000000000000000e+00 0.000000000000000e+00 0.000000000000000e+00 0.000000000000000e+00 0.000000000000000e+00 0.000000000000000e+00 0.000000000000000e+00 0.000000000000000e+00 0.000000000000000e+00
 0.000000000000000e+00 0.000000000000000e+00 0.000000000000000e+00 0.000000000000000e+00 0.000000000000000e+00 0.000000000000000e+00 0.000000000000000e+00 0.000000000000000e+00 0.000000000000000e+00 0.000000000000000e+00
 0.000000000000000e+00 0.000000000000000e+00 0.000000000000000e+00 0.000000000000000e+00 0.000000000000000e+00 0.000000000000000e+00 0.000000000000000e+00 0.000000000000000e+00 0.000000000000000e+00 0.000000000000000e+00
 0.000000000000000e+00 0.000000000000000e+00 0.000000000000000e+00 0.000000000000000e+00 0.000000000000000e+00 0.000000000000000e+00 0.000000000000000e+00 0.000000000000000e+00 0.000000000000000e+00 0.000000000000000e+00
 0.000000000000000e+00 0.000000000000000e+00 0.000000000000000e+00 0.000000000000000e+00 0.000000000000000e+00 0.000000000000000e+00 0.000000000000000e+00 0.000000000000000e+00 0.000000000000000e+00 0.000000000000000e+00
 0.000000000000000e+00 0.000000000000000e+00 0.000000000000000e+00 0.000000000000000e+00 0.000000000000000e+00 0.000000000000000e+00 0.000000000000000e+00 0.000000000000000e+00 0.000000000000000e+00 0.000000000000000e+00
 0.000000000000000e+00 0.000000000000000e+00 0.000000000000000e+00 0.000000000000000e+00 0.000000000000000e+00 0.000000000000000e+00 0.000000000000000e+00 0.000000000000000e+00 0.000000000000000e+00 0.000000000000000e+00
 0.000000000000000e+00 0.000000000000000e+00 0.000000000000000e+00 0.000000000000000e+00 0.000000000000000e+00 0.000000000000000e+00 0.000000000000000e+00 0.000000000000000e+00 0.000000000000000e+00 0.000000000000000e+00
 0.000000000000000e+00 0.000000000000000e+00 0.000000000000000e+00 0.000000000000000e+00 0.000000000000000e+00 0.000000000000000e+00 0.000000000000000e+00 0.000000000000000e+00 0.000000000000000e+00 0.000000000000000e+00
 0.000000000000000e+00 0.000000000000000e+00 0.000000000000000e+00 0.000000000000000e+00 0.000000000000000e+00 0.000000000000000e+00 0.000000000000000e+00 0.000000000000000e+00 0.000000000000000e+00 0.000000000000000e+00
 0.000000000000000e+00 0.000000000000000e+00 0.000000000000000e+00 0.000000000000000e+00 0.000000000000000e+00 0.000000000000000e+00 0.000000000000000e+00 0.000000000000000e+00 0.000000000000000e+00 0.000000000000000e+00
 0.000000000000000e+00 0.000000000000000e+00 0.000000000000000e+00 0.000000000000000e+00 0.000000000000000e+00 0.000000000000000e+00 0.000000000000000e+00 0.000000000000000e+00 0.000000000000000e+00 0.000000000000000e+00
 0.000000000000000e+00 0.000000000000000e+00 0.000000000000000e+00 0.000000000000000e+00 0.000000000000000e+00 0.000000000000000e+00 0.000000000000000e+00 0.000000000000000e+00 0.000000000000000e+00 0.000000000000000e+00
 0.000000000000000e+00 0.000000000000000e+00 0.000000000000000e+00 0.000000000000000e+00 0.000000000000000e+00 0.000000000000000e+00 0.000000000000000e+00 0.000000000000000e+00 0.000000000000000e+00 0.000000000000000e+00
 0.000000000000000e+00 0.000000000000000e+00 0.000000000000000e+00 0.000000000000000e+00 0.000000000000000e+00 0.000000000000000e+00 0.000000000000000e+00 0.000000000000000e+00 0.000000000000000e+00 0.000000000000000e+00
 0.000000000000000e+00 0.000000000000000e+00 0.000000000000000e+00 0.000000000000000e+00 0.000000000000000e+00 0.000000000000000e+00 0.000000000000000e+00 0.000000000000000e+00 0.000000000000000e+00 0.000000000000000e+00
 0.000000000000000e+00 0.000000000000000e+00 0.000000000000000e+00 0.000000000000000e+00 0.000000000000000e+00 0.000000000000000e+00 0.000000000000000e+00 0.000000000000000e+00 0.000000000000000e+00 0.000000000000000e+00
 0.000000000000000e+00 0.000000000000000e+00 0.000000000000000e+00 0.000000000000000e+00 0.000000000000000e+00 0.000000000000000e+00 0.000000000000000e+00 0.000000000000000e+00 0.000000000000000e+00 0.000000000000000e+00
 0.000000000000000e+00 0.000000000000000e+00 0.000000000000000e+00 0.000000000000000e+00 0.000000000000000e+00 0.000000000000000e+00 0.000000000000000e+00 0.000000000000000e+00 0.000000000000000e+00 0.000000000000000e+00
 0.000000000000000e+00 0.000000000000000e+00 0.000000000000000e+00 0.000000000000000e+00 0.000000000000000e+00 0.000000000000000e+00 0.000000000000000e+00 0.000000000000000e+00 0.000000000000000e+00 0.000000000000000e+00
 0.000000000000000e+00 0.000000000000000e+00 0.000000000000000e+00 0.000000000000000e+00 0.000000000000000e+00 0.000000000000000e+00 0.000000000000000e+00 0.000000000000000e+00 0.000000000000000e+00 0.000000000000000e+00
 0.000000000000000e+00 0.000000000000000e+00 0.000000000000000e+00 0.000000000000000e+00 0.000000000000000e+00 0.000000000000000e+00 0.000000000000000e+00 0.000000000000000e+00 0.000000000000000e+00 0.000000000000000e+00
 0.000000000000000e+00 0.000000000000000e+00 0.000000000000000e+00 0.000000000000000e+00 0.000000000000000e+00 0.000000000000000e+00 0.000000000000000e+00 0.000000000000000e+00 0.000000000000000e+00 0.000000000000000e+00
 0.000000000000000e+00 0.000000000000000e+00 0.000000000000000e+00 0.000000000000000e+00 0.000000000000000e+00 0.000000000000000e+00 0.000000000000000e+00 0.000000000000000e+00 0.000000000000000e+00 0.000000000000000e+00
 0.000000000000000e+00 0.000000000000000e+00 0.000000000000000e+00 0.000000000000000e+00 0.000000000000000e+00 0.000000000000000e+00 0.000000000000000e+00 0.000000000000000e+00 0.000000000000000e+00 0.000000000000000e+00
 0.000000000000000e+00 0.000000000000000e+00 0.000000000000000e+00 0.000000000000000e+00 0.000000000000000e+00 0.000000000000000e+00 0.000000000000000e+00 0.000000000000000e+00 0.000000000000000e+00 0.000000000000000e+00
 0.000000000000000e+00 0.000000000000000e+00 0.000000000000000e+00 0.000000000000000e+00 0.000000000000000e+00 0.000000000000000e+00 0.000000000000000e+00 0.000000000000000e+00 0.000000000000000e+00 0.000000000000000e+00
 0.000000000000000e+00 0.000000000000000e+00 0.000000000000000e+00 0.000000000000000e+00 0.000000000000000e+00 0.000000000000000e+00 0.000000000000000e+00 0.000000000000000e+00 0.000000000000000e+00 0.000000000000000e+00
 0.000000000000000e+00 0.000000000000000e+00 0.000000000000000e+00 0.000000000000000e+00 0.000000000000000e+00 0.000000000000000e+00 0.000000000000000e+00 0.000000000000000e+00 0.000000000000000e+00 0.000000000000000e+00
 0.000000000000000e+00 0.000000000000000e+00 0.000000000000000e+00 0.000000000000000e+00 0.000000000000000e+00 0.000000000000000e+00 0.000000000000000e+00 0.000000000000000e+00 0.000000000000000e+00 0.000000000000000e+00
 0.000000000000000e+00 0.000000000000000e+00 0.000000000000000e+00 0.000000000000000e+00 0.000000000000000e+00 0.000000000000000e+00 0.000000000000000e+00 0.000000000000000e+00 0.000000000000000e+00 0.000000000000000e+00
 0.000000000000000e+00 0.000000000000000e+00 0.000000000000000e+00 0.000000000000000e+00 0.000000000000000e+00 0.000000000000000e+00 0.000000000000000e+00 0.000000000000000e+00 0.000000000000000e+00 0.000000000000000e+00
 0.000000000000000e+00 0.000000000000000e+00 0.000000000000000e+00 0.000000000000000e+00 0.000000000000000e+00 0.000000000000000e+00 0.000000000000000e+00 0.000000000000000e+00 0.000000000000000e+00 0.000000000000000e+00
 0.000000000000000e+00 0.000000000000000e+00 0.000000000000000e+00 0.000000000000000e+00 0.000000000000000e+00 0.000000000000000e+00 0.000000000000000e+00 0.000000000000000e+00 0.000000000000000e+00 0.000000000000000e+00
 0.000000000000000e+00 0.000000000000000e+00 0.000000000000000e+00 0.000000000000000e+00 0.000000000000000e+00 0.000000000000000e+00 0.000000000000000e+00 0.000000000000000e+00 0.000000000000000e+00 0.000000000000000e+00
 0.000000000000000e+00 0.000000000000000e+00 0.000000000000000e+00 0.000000000000000e+00 0.000000000000000e+00 0.000000000000000e+00 0.000000000000000e+00 0.000000000000000e+00 0.000000000000000e+00 0.000000000000000e+00
 0.000000000000000e+00 0.000000000000000e+00 0.000000000000000e+00 0.000000000000000e+00 0.000000000000000e+00 0.000000000000000e+00 0.000000000000000e+00 0.000000000000000e+00 0.000000000000000e+00 0.000000000000000e+00
 0.000000000000000e+00 0.000000000000000e+00 0.000000000000000e+00 0.000000000000000e+00 0.000000000000000e+00 0.000000000000000e+00 0.000000000000000e+00 0.000000000000000e+00 0.000000000000000e+00 0.000000000000000e+00
 0.000000000000000e+00 0.000000000000000e+00 0.000000000000000e+00 0.000000000000000e+00 0.000000000000000e+00 0.000000000000000e+00 0.000000000000000e+00 0.000000000000000e+00 0.000000000000000e+00 0.000000000000000e+00
 0.000000000000000e+00 0.000000000000000e+00 0.000000000000000e+00 0.000000000000000e+00 0.000000000000000e+00 0.000000000000000e+00 0.000000000000000e+00 0.000000000000000e+00 0.000000000000000e+00 0.000000000000000e+00
 0.000000000000000e+00 0.000000000000000e+00 0.000000000000000e+00 0.000000000000000e+00 0.000000000000000e+00 0.000000000000000e+00 0.000000000000000e+00 0.000000000000000e+00 0.000000000000000e+00 0.000000000000000e+00
 0.000000000000000e+00 0.000000000000000e+00 0.000000000000000e+00 0.000000000000000e+00 0.000000000000000e+00 0.000000000000000e+00 0.000000000000000e+00 0.000000000000000e+00 0.000000000000000e+00 0.000000000000000e+00
 0.000000000000000e+00 0.000000000000000e+00 0.000000000000000e+00 0.000000000000000e+00 0.000000000000000e+00 0.000000000000000e+00 0.000000000000000e+00 0.000000000000000e+00 0.000000000000000e+00 0.000000000000000e+00
 0.000000000000000e+00 0.000000000000000e+00 0.000000000000000e+00 0.000000000000000e+00 0.000000000000000e+00 0.000000000000000e+00 0.000000000000000e+00 0.000000000000000e+00 0.000000000000000e+00 0.000000000000000e+00
 0.000000000000000e+00 0.000000000000000e+00 0.000000000000000e+00 0.000000000000000e+00 0.000000000000000e+00 0.000000000000000e+00 0.000000000000000e+00 0.000000000000000e+00 0.000000000000000e+00 0.000000000000000e+00
 0.000000000000000e+00 0.000000000000000e+00 0.000000000000000e+00 0.000000000000000e+00 0.000000000000000e+00 0.000000000000000e+00 0.000000000000000e+00 0.000000000000000e+00 0.000000000000000e+00 0.000000000000000e+00
 0.000000000000000e+00 0.000000000000000e+00 0.000000000000000e+00 0.000000000000000e+00 0.000000000000000e+00 0.000000000000000e+00 0.000000000000000e+00 0.000000000000000e+00 0.000000000000000e+00 0.000000000000000e+00
 0.000000000000000e+00 0.000000000000000e+00 0.000000000000000e+00 0.000000000000000e+00 0.000000000000000e+00 0.000000000000000e+00 0.000000000000000e+00 0.000000000000000e+00 0.000000000000000e+00 0.000000000000000e+00
 0.000000000000000e+00 0.000000000000000e+00 0.000000000000000e+00 0.000000000000000e+00 0.000000000000000e+00 0.000000000000000e+00 0.000000000000000e+00 0.000000000000000e+00 0.000000000000000e+00 0.000000000000000e+00
 0.000000000000000e+00 0.000000000000000e+00 0.000000000000000e+00 0.000000000000000e+00 0.000000000000000e+00 0.000000000000000e+00 0.000000000000000e+00 0.000000000000000e+00 0.000000000000000e+00 0.000000000000000e+00
 0.000000000000000e+00 0.000000000000000e+00 0.000000000000000e+00 0.000000000000000e+00 0.000000000000000e+00 0.000000000000000e+00 0.000000000000000e+00 0.000000000000000e+00 0.000000000000000e+00 0.000000000000000e+00
 0.000000000000000e+00 0.000000000000000e+00 0.000000000000000e+00 0.000000000000000e+00 0.000000000000000e+00 0.000000000000000e+00 0.000000000000000e+00 0.000000000000000e+00 0.000000000000000e+00 0.000000000000000e+00
 0.000000000000000e+00 0.000000000000000e+00 0.000000000000000e+00 0.000000000000000e+00 0.000000000000000e+00 0.000000000000000e+00 0.000000000000000e+00 0.000000000000000e+00 0.000000000000000e+00 0.000000000000000e+00
 0.000000000000000e+00 0.000000000000000e+00 0.000000000000000e+00 0.000000000000000e+00 0.000000000000000e+00 0.000000000000000e+00 0.000000000000000e+00 0.000000000000000e+00 0.000000000000000e+00 0.000000000000000e+00
 0.000000000000000e+00 0.000000000000000e+00 0.000000000000000e+00 0.000000000000000e+00 0.000000000000000e+00 0.000000000000000e+00 0.000000000000000e+00 0.000000000000000e+00 0.000000000000000e+00 0.000000000000000e+00
 0.000000000000000e+00 0.000000000000000e+00 0.000000000000000e+00 0.000000000000000e+00 0.000000000000000e+00 0.000000000000000e+00 0.000000000000000e+00 0.000000000000000e+00 0.000000000000000e+00 0.000000000000000e+00
 0.000000000000000e+00 0.000000000000000e+00 0.000000000000000e+00 0.000000000000000e+00 0.000000000000000e+00 0.000000000000000e+00 0.000000000000000e+00 0.000000000000000e+00 0.000000000000000e+00 0.000000000000000e+00
 0.000000000000000e+00 0.000000000000000e+00 0.000000000000000e+00 0.000000000000000e+00 0.000000000000000e+00 0.000000000000000e+00 0.000000000000000e+00 0.000000000000000e+00 0.000000000000000e+00 0.000000000000000e+00
 0.000000000000000e+00 0.000000000000000e+00 0.000000000000000e+00 0.000000000000000e+00 0.000000000000000e+00 0.000000000000000e+00 0.000000000000000e+00 0.000000000000000e+00 0.000000000000000e+00 0.000000000000000e+00
 0.000000000000000e+00 0.000000000000000e+00 0.000000000000000e+00 0.000000000000000e+00 0.000000000000000e+00 0.000000000000000e+00 0.000000000000000e+00 0.000000000000000e+00 0.000000000000000e+00 0.000000000000000e+00
 0.000000000000000e+00 0.000000000000000e+00 0.000000000000000e+00 0.000000000000000e+00 0.000000000000000e+00 0.000000000000000e+00 0.000000000000000e+00 0.000000000000000e+00 0.000000000000000e+00 0.000000000000000e+00
 0.000000000000000e+00 0.000000000000000e+00 0.000000000000000e+00 0.000000000000000e+00 0.000000000000000e+00 0.000000000000000e+00 0.000000000000000e+00 0.000000000000000e+00 0.000000000000000e+00 0.000000000000000e+00
 0.000000000000000e+00 0.000000000000000e+00 0.000000000000000e+00 0.000000000000000e+00 0.000000000000000e+00 0.000000000000000e+00 0.000000000000000e+00 0.000000000000000e+00 0.000000000000000e+00 0.000000000000000e+00
 0.000000000000000e+00 0.000000000000000e+00 0.000000000000000e+00 0.000000000000000e+00 0.000000000000000e+00 0.000000000000000e+00 0.000000000000000e+00 0.000000000000000e+00 0.000000000000000e+00 0.000000000000000e+00
 0.000000000000000e+00 0.000000000000000e+00 0.000000000000000e+00 0.000000000000000e+00 0.000000000000000e+00 0.000000000000000e+00 0.000000000000000e+00 0.000000000000000e+00 0.000000000000000e+00 0.000000000000000e+00
 0.000000000000000e+00 0.000000000000000e+00 0.000000000000000e+00 0.000000000000000e+00 0.000000000000000e+00 0.000000000000000e+00 0.000000000000000e+00 0.000000000000000e+00 0.000000000000000e+00 0.000000000000000e+00
 0.000000000000000e+00 0.000000000000000e+00 0.000000000000000e+00 0.000000000000000e+00 0.000000000000000e+00 0.000000000000000e+00 0.000000000000000e+00 0.000000000000000e+00 0.000000000000000e+00 0.000000000000000e+00
 0.000000000000000e+00 0.000000000000000e+00 0.000000000000000e+00 0.000000000000000e+00 0.000000000000000e+00 0.000000000000000e+00 0.000000000000000e+00 0.000000000000000e+00 0.000000000000000e+00 0.000000000000000e+00
 0.000000000000000e+00 0.000000000000000e+00 0.000000000000000e+00 0.000000000000000e+00 0.000000000000000e+00 0.000000000000000e+00 0.000000000000000e+00 0.000000000000000e+00 0.000000000000000e+00 0.000000000000000e+00
 0.000000000000000e+00 0.000000000000000e+00 0.000000000000000e+00 0.000000000000000e+00 0.000000000000000e+00 0.000000000000000e+00 0.000000000000000e+00 0.000000000000000e+00 0.000000000000000e+00 0.000000000000000e+00
 0.000000000000000e+00 0.000000000000000e+00 0.000000000000000e+00 0.000000000000000e+00 0.000000000000000e+00 0.000000000000000e+00 0.000000000000000e+00 0.000000000000000e+00 0.000000000000000e+00 0.000000000000000e+00
 0.000000000000000e+00 0.000000000000000e+00 0.000000000000000e+00 0.000000000000000e+00 0.000000000000000e+00 0.000000000000000e+00 0.000000000000000e+00 0.000000000000000e+00 0.000000000000000e+00 0.000000000000000e+00
 0.000000000000000e+00 0.000000000000000e+00 0.000000000000000e+00 0.000000000000000e+00 0.000000000000000e+00 0.000000000000000e+00 0.000000000000000e+00 0.000000000000000e+00 0.000000000000000e+00 0.000000000000000e+00
 0.000000000000000e+00 0.000000000000000e+00 0.000000000000000e+00 0.000000000000000e+00 0.000000000000000e+00 0.000000000000000e+00 0.000000000000000e+00 0.000000000000000e+00 0.000000000000000e+00 0.000000000000000e+00
 0.000000000000000e+00 0.000000000000000e+00 0.000000000000000e+00 0.000000000000000e+00 0.000000000000000e+00 0.000000000000000e+00 0.000000000000000e+00 0.000000000000000e+00 0.000000000000000e+00 0.000000000000000e+00
 0.000000000000000e+00 0.000000000000000e+00 0.000000000000000e+00 0.000000000000000e+00 0.000000000000000e+00 0.000000000000000e+00 0.000000000000000e+00 0.000000000000000e+00 0.000000000000000e+00 0.000000000000000e+00
 0.000000000000000e+00 0.000000000000000e+00 0.000000000000000e+00 0.000000000000000e+00 0.000000000000000e+00 0.000000000000000e+00 0.000000000000000e+00 0.000000000000000e+00 0.000000000000000e+00 0.000000000000000e+00
 0.000000000000000e+00 0.000000000000000e+00 0.000000000000000e+00 0.000000000000000e+00 0.000000000000000e+00 0.000000000000000e+00 0.000000000000000e+00 0.000000000000000e+00 0.000000000000000e+00 0.000000000000000e+00
 0.000000000000000e+00 0.000000000000000e+00 0.000000000000000e+00 0.000000000000000e+00 0.000000000000000e+00 0.000000000000000e+00 0.000000000000000e+00 0.000000000000000e+00 0.000000000000000e+00 0.000000000000000e+00
 0.000000000000000e+00 0.000000000000000e+00 0.000000000000000e+00 0.000000000000000e+00 0.000000000000000e+00 0.000000000000000e+00 0.000000000000000e+00 0.000000000000000e+00 0.000000000000000e+00 0.000000000000000e+00
 0.000000000000000e+00 0.000000000000000e+00 0.000000000000000e+00 0.000000000000000e+00 0.000000000000000e+00 0.000000000000000e+00 0.000000000000000e+00 0.000000000000000e+00 0.000000000000000e+00 0.000000000000000e+00
 0.000000000000000e+00 0.000000000000000e+00 0.000000000000000e+00 0.000000000000000e+00 0.000000000000000e+00 0.000000000000000e+00 0.000000000000000e+00 0.000000000000000e+00 0.000000000000000e+00 0.000000000000000e+00
 0.000000000000000e+00 0.000000000000000e+00 0.000000000000000e+00 0.000000000000000e+00 0.000000000000000e+00 0.000000000000000e+00 0.000000000000000e+00 0.000000000000000e+00 0.000000000000000e+00 0.000000000000000e+00
 0.000000000000000e+00 0.000000000000000e+00 0.000000000000000e+00 0.000000000000000e+00 0.000000000000000e+00 0.000000000000000e+00 0.000000000000000e+00 0.000000000000000e+00 0.000000000000000e+00 0.000000000000000e+00
 0.000000000000000e+00 0.000000000000000e+00 0.000000000000000e+00 0.000000000000000e+00 0.000000000000000e+00 0.000000000000000e+00 0.000000000000000e+00 0.000000000000000e+00 0.000000000000000e+00 0.000000000000000e+00
 0.000000000000000e+00 0.000000000000000e+00 0.000000000000000e+00 0.000000000000000e+00 0.000000000000000e+00 0.000000000000000e+00 0.000000000000000e+00 0.000000000000000e+00 0.000000000000000e+00 0.000000000000000e+00
 0.000000000000000e+00 0.000000000000000e+00 0.000000000000000e+00 0.000000000000000e+00 0.000000000000000e+00 0.000000000000000e+00 0.000000000000000e+00 0.000000000000000e+00 0.000000000000000e+00 0.000000000000000e+00
 0.000000000000000e+00 0.000000000000000e+00 0.000000000000000e+00 0.000000000000000e+00 0.000000000000000e+00 0.000000000000000e+00 0.000000000000000e+00 0.000000000000000e+00 0.000000000000000e+00 0.000000000000000e+00
 0.000000000000000e+00 0.000000000000000e+00 0.000000000000000e+00 0.000000000000000e+00 0.000000000000000e+00 0.000000000000000e+00 0.000000000000000e+00 0.000000000000000e+00 0.000000000000000e+00 0.000000000000000e+00
 0.000000000000000e+00 0.000000000000000e+00 0.000000000000000e+00 0.000000000000000e+00 0.000000000000000e+00 0.000000000000000e+00 0.000000000000000e+00 0.000000000000000e+00 0.000000000000000e+00 0.000000000000000e+00
 0.000000000000000e+00 0.000000000000000e+00 0.000000000000000e+00 0.000000000000000e+00 0.000000000000000e+00 0.000000000000000e+00 0.000000000000000e+00 0.000000000000000e+00 0.000000000000000e+00 0.000000000000000e+00
 0.000000000000000e+00 0.000000000000000e+00 0.000000000000000e+00 0.000000000000000e+00 0.000000000000000e+00 0.000000000000000e+00 0.000000000000000e+00 0.000000000000000e+00 0.000000000000000e+00 0.000000000000000e+00
 0.000000000000000e+00 0.000000000000000e+00 0.000000000000000e+00 0.000000000000000e+00 0.000000000000000e+00 0.000000000000000e+00 0.000000000000000e+00 0.000000000000000e+00 0.000000000000000e+00 0.000000000000000e+00
 0.000000000000000e+00 0.000000000000000e+00 0.000000000000000e+00 0.000000000000000e+00 0.000000000000000e+00 0.000000000000000e+00 0.000000000000000e+00 0.000000000000000e+00 0.000000000000000e+00 0.000000000000000e+00
 0.000000000000000e+00 0.000000000000000e+00 0.000000000000000e+00 0.000000000000000e+00 0.000000000000000e+00 0.000000000000000e+00 0.000000000000000e+00 0.000000000000000e+00 0.000000000000000e+00 0.000000000000000e+00
 0.000000000000000e+00 0.000000000000000e+00 0.000000000000000e+00 0.000000000000000e+00 0.000000000000000e+00 0.000000000000000e+00 0.000000000000000e+00 0.000000000000000e+00 0.000000000000000e+00 0.000000000000000e+00
 0.000000000000000e+00 0.000000000000000e+00 0.000000000000000e+00 0.000000000000000e+00 0.000000000000000e+00 0.000000000000000e+00 0.000000000000000e+00 0.000000000000000e+00 0.000000000000000e+00 0.000000000000000e+00
 0.000000000000000e+00 0.000000000000000e+00 0.000000000000000e+00 0.000000000000000e+00 0.000000000000000e+00 0.000000000000000e+00 0.000000000000000e+00 0.000000000000000e+00 0.000000000000000e+00 0.000000000000000e+00
 0.000000000000000e+00 0.000000000000000e+00 0.000000000000000e+00 0.000000000000000e+00 0.000000000000000e+00 0.000000000000000e+00 0.000000000000000e+00 0.000000000000000e+00 0.000000000000000e+00 0.000000000000000e+00
 0.000000000000000e+00 0.000000000000000e+00 0.000000000000000e+00 0.000000000000000e+00 0.000000000000000e+00 0.000000000000000e+00 0.000000000000000e+00 0.000000000000000e+00 0.000000000000000e+00 0.000000000000000e+00
 0.000000000000000e+00 0.000000000000000e+00 0.000000000000000e+00 0.000000000000000e+00 0.000000000000000e+00 0.000000000000000e+00 0.000000000000000e+00 0.000000000000000e+00 0.000000000000000e+00 0.000000000000000e+00
 0.000000000000000e+00 0.000000000000000e+00 0.000000000000000e+00 0.000000000000000e+00 0.000000000000000e+00 0.000000000000000e+00 0.000000000000000e+00 0.000000000000000e+00 0.000000000000000e+00 0.000000000000000e+00
 0.000000000000000e+00 0.000000000000000e+00 0.000000000000000e+00 0.000000000000000e+00 0.000000000000000e+00 0.000000000000000e+00 0.000000000000000e+00 0.000000000000000e+00 0.000000000000000e+00 0.000000000000000e+00
 0.000000000000000e+00 0.000000000000000e+00 0.000000000000000e+00 0.000000000000000e+00 0.000000000000000e+00 0.000000000000000e+00 0.000000000000000e+00 0.000000000000000e+00 0.000000000000000e+00 0.000000000000000e+00
 0.000000000000000e+00 0.000000000000000e+00 0.000000000000000e+00 0.000000000000000e+00 0.000000000000000e+00 0.000000000000000e+00 0.000000000000000e+00 0.000000000000000e+00 0.000000000000000e+00 0.000000000000000e+00
 0.000000000000000e+00 0.000000000000000e+00 0.000000000000000e+00 0.000000000000000e+00 0.000000000000000e+00 0.000000000000000e+00 0.000000000000000e+00 0.000000000000000e+00 0.000000000000000e+00 0.000000000000000e+00
 0.000000000000000e+00 0.000000000000000e+00 0.000000000000000e+00 0.000000000000000e+00 0.000000000000000e+00 0.000000000000000e+00 0.000000000000000e+00 0.000000000000000e+00 0.000000000000000e+00 0.000000000000000e+00
 0.000000000000000e+00 0.000000000000000e+00 0.000000000000000e+00 0.000000000000000e+00 0.000000000000000e+00 0.000000000000000e+00 0.000000000000000e+00 0.000000000000000e+00 0.000000000000000e+00 0.000000000000000e+00
 0.000000000000000e+00 0.000000000000000e+00 0.000000000000000e+00 0.000000000000000e+00 0.000000000000000e+00 0.000000000000000e+00 0.000000000000000e+00 0.000000000000000e+00 0.000000000000000e+00 0.000000000000000e+00
 0.000000000000000e+00 0.000000000000000e+00 0.000000000000000e+00 0.000000000000000e+00 0.000000000000000e+00 0.000000000000000e+00 0.000000000000000e+00 0.000000000000000e+00 0.000000000000000e+00 0.000000000000000e+00
 0.000000000000000e+00 0.000000000000000e+00 0.000000000000000e+00 0.000000000000000e+00 0.000000000000000e+00 0.000000000000000e+00 0.000000000000000e+00 0.000000000000000e+00 0.000000000000000e+00 0.000000000000000e+00
 0.000000000000000e+00 0.000000000000000e+00 0.000000000000000e+00 0.000000000000000e+00 0.000000000000000e+00 0.000000000000000e+00 0.000000000000000e+00 0.000000000000000e+00 0.000000000000000e+00 0.000000000000000e+00
 0.000000000000000e+00 0.000000000000000e+00 0.000000000000000e+00 0.000000000000000e+00 0.000000000000000e+00 0.000000000000000e+00 0.000000000000000e+00 0.000000000000000e+00 0.000000000000000e+00 0.000000000000000e+00
 0.000000000000000e+00 0.000000000000000e+00 0.000000000000000e+00 0.000000000000000e+00 0.000000000000000e+00 0.000000000000000e+00 0.000000000000000e+00 0.000000000000000e+00 0.000000000000000e+00 0.000000000000000e+00
 0.000000000000000e+00 0.000000000000000e+00 0.000000000000000e+00 0.000000000000000e+00 0.000000000000000e+00 0.000000000000000e+00 0.000000000000000e+00 0.000000000000000e+00 0.000000000000000e+00 0.000000000000000e+00
 0.000000000000000e+00 0.000000000000000e+00 0.000000000000000e+00 0.000000000000000e+00 0.000000000000000e+00 0.000000000000000e+00 0.000000000000000e+00 0.000000000000000e+00 0.000000000000000e+00 0.000000000000000e+00
 0.000000000000000e+00 0.000000000000000e+00 0.000000000000000e+00 0.000000000000000e+00 0.000000000000000e+00 0.000000000000000e+00 0.000000000000000e+00 0.000000000000000e+00 0.000000000000000e+00 0.000000000000000e+00
 0.000000000000000e+00 0.000000000000000e+00 0.000000000000000e+00 0.000000000000000e+00 0.000000000000000e+00 0.000000000000000e+00 0.000000000000000e+00 0.000000000000000e+00 0.000000000000000e+00 0.000000000000000e+00
 0.000000000000000e+00 0.000000000000000e+00 0.000000000000000e+00 0.000000000000000e+00 0.000000000000000e+00 0.000000000000000e+00 0.000000000000000e+00 0.000000000000000e+00 0.000000000000000e+00 0.000000000000000e+00
 0.000000000000000e+00 0.000000000000000e+00 0.000000000000000e+00 0.000000000000000e+00 0.000000000000000e+00 0.000000000000000e+00 0.000000000000000e+00 0.000000000000000e+00 0.000000000000000e+00 0.000000000000000e+00
 0.000000000000000e+00 0.000000000000000e+00 0.000000000000000e+00 0.000000000000000e+00 0.000000000000000e+00 0.000000000000000e+00 0.000000000000000e+00 0.000000000000000e+00 0.000000000000000e+00 0.000000000000000e+00
 0.000000000000000e+00 0.000000000000000e+00 0.000000000000000e+00 0.000000000000000e+00 0.000000000000000e+00 0.000000000000000e+00 0.000000000000000e+00 0.000000000000000e+00 0.000000000000000e+00 0.000000000000000e+00
 0.000000000000000e+00 0.000000000000000e+00 0.000000000000000e+00 0.000000000000000e+00 0.000000000000000e+00 0.000000000000000e+00 0.000000000000000e+00 0.000000000000000e+00 0.000000000000000e+00 0.000000000000000e+00
 0.000000000000000e+00 0.000000000000000e+00 0.000000000000000e+00 0.000000000000000e+00 0.000000000000000e+00 0.000000000000000e+00 0.000000000000000e+00 0.000000000000000e+00 0.000000000000000e+00 0.000000000000000e+00
 0.000000000000000e+00 0.000000000000000e+00 0.000000000000000e+00 0.000000000000000e+00 0.000000000000000e+00 0.000000000000000e+00 0.000000000000000e+00 0.000000000000000e+00 0.000000000000000e+00 0.000000000000000e+00
 0.000000000000000e+00 0.000000000000000e+00 0.000000000000000e+00 0.000000000000000e+00 0.000000000000000e+00 0.000000000000000e+00 0.000000000000000e+00 0.000000000000000e+00 0.000000000000000e+00 0.000000000000000e+00
 0.000000000000000e+00 0.000000000000000e+00 0.000000000000000e+00 0.000000000000000e+00 0.000000000000000e+00 0.000000000000000e+00 0.000000000000000e+00 0.000000000000000e+00 0.000000000000000e+00 0.000000000000000e+00
 0.000000000000000e+00 0.000000000000000e+00 0.000000000000000e+00 0.000000000000000e+00 0.000000000000000e+00 0.000000000000000e+00 0.000000000000000e+00 0.000000000000000e+00 0.000000000000000e+00 0.000000000000000e+00
 0.000000000000000e+00 0.000000000000000e+00 0.000000000000000e+00 0.000000000000000e+00 0.000000000000000e+00 0.000000000000000e+00 0.000000000000000e+00 0.000000000000000e+00 0.000000000000000e+00 0.000000000000000e+00
 0.000000000000000e+00 0.000000000000000e+00 0.000000000000000e+00 0.000000000000000e+00 0.000000000000000e+00 0.000000000000000e+00 0.000000000000000e+00 0.000000000000000e+00 0.000000000000000e+00 0.000000000000000e+00
 0.000000000000000e+00 0.000000000000000e+00 0.000000000000000e+00 0.000000000000000e+00 0.000000000000000e+00 0.000000000000000e+00 0.000000000000000e+00 0.000000000000000e+00 0.000000000000000e+00 0.000000000000000e+00
 0.000000000000000e+00 0.000000000000000e+00 0.000000000000000e+00 0.000000000000000e+00 0.000000000000000e+00 0.000000000000000e+00 0.000000000000000e+00 0.000000000000000e+00 0.000000000000000e+00 0.000000000000000e+00
 0.000000000000000e+00 0.000000000000000e+00 0.000000000000000e+00 0.000000000000000e+00 0.000000000000000e+00 0.000000000000000e+00 0.000000000000000e+00 0.000000000000000e+00 0.000000000000000e+00 0.000000000000000e+00
 0.000000000000000e+00 0.000000000000000e+00 0.000000000000000e+00 0.000000000000000e+00 0.000000000000000e+00 0.000000000000000e+00 0.000000000000000e+00 0.000000000000000e+00 0.000000000000000e+00 0.000000000000000e+00
 0.000000000000000e+00 0.000000000000000e+00 0.000000000000000e+00 0.000000000000000e+00 0.000000000000000e+00 0.000000000000000e+00 0.000000000000000e+00 0.000000000000000e+00 0.000000000000000e+00 0.000000000000000e+00
 0.000000000000000e+00 0.000000000000000e+00 0.000000000000000e+00 0.000000000000000e+00 0.000000000000000e+00 0.000000000000000e+00 0.000000000000000e+00 0.000000000000000e+00 0.000000000000000e+00 0.000000000000000e+00
 0.000000000000000e+00 0.000000000000000e+00 0.000000000000000e+00 0.000000000000000e+00 0.000000000000000e+00 0.000000000000000e+00 0.000000000000000e+00 0.000000000000000e+00 0.000000000000000e+00 0.000000000000000e+00
 0.000000000000000e+00 0.000000000000000e+00 0.000000000000000e+00 0.000000000000000e+00 0.000000000000000e+00 0.000000000000000e+00 0.000000000000000e+00 0.000000000000000e+00 0.000000000000000e+00 0.000000000000000e+00
 0.000000000000000e+00 0.000000000000000e+00 0.000000000000000e+00 0.000000000000000e+00 0.000000000000000e+00 0.000000000000000e+00 0.000000000000000e+00 0.000000000000000e+00 0.000000000000000e+00 0.000000000000000e+00
 0.000000000000000e+00 0.000000000000000e+00 0.000000000000000e+00 0.000000000000000e+00 0.000000000000000e+00 0.000000000000000e+00 0.000000000000000e+00 0.000000000000000e+00 0.000000000000000e+00 0.000000000000000e+00
 0.000000000000000e+00 0.000000000000000e+00 0.000000000000000e+00 0.000000000000000e+00 0.000000000000000e+00 0.000000000000000e+00 0.000000000000000e+00 0.000000000000000e+00 0.000000000000000e+00 0.000000000000000e+00
 0.000000000000000e+00 0.000000000000000e+00 0.000000000000000e+00 0.000000000000000e+00 0.000000000000000e+00 0.000000000000000e+00 0.000000000000000e+00 0.000000000000000e+00 0.000000000000000e+00 0.000000000000000e+00
 0.000000000000000e+00 0.000000000000000e+00 0.000000000000000e+00 0.000000000000000e+00 0.000000000000000e+00 0.000000000000000e+00 0.000000000000000e+00 0.000000000000000e+00 0.000000000000000e+00 0.000000000000000e+00
 0.000000000000000e+00 0.000000000000000e+00 0.000000000000000e+00 0.000000000000000e+00 0.000000000000000e+00 0.000000000000000e+00 0.000000000000000e+00 0.000000000000000e+00 0.000000000000000e+00 0.000000000000000e+00
 0.000000000000000e+00 0.000000000000000e+00 0.000000000000000e+00 0.000000000000000e+00 0.000000000000000e+00 0.000000000000000e+00 0.000000000000000e+00 0.000000000000000e+00 0.000000000000000e+00 0.000000000000000e+00
 0.000000000000000e+00 0.000000000000000e+00 0.000000000000000e+00 0.000000000000000e+00 0.000000000000000e+00 0.000000000000000e+00 0.000000000000000e+00 0.000000000000000e+00 0.000000000000000e+00 0.000000000000000e+00
 0.000000000000000e+00 0.000000000000000e+00 0.000000000000000e+00 0.000000000000000e+00 0.000000000000000e+00 0.000000000000000e+00 0.000000000000000e+00 0.000000000000000e+00 0.000000000000000e+00 0.000000000000000e+00
 0.000000000000000e+00 0.000000000000000e+00 0.000000000000000e+00 0.000000000000000e+00 0.000000000000000e+00 0.000000000000000e+00 0.000000000000000e+00 0.000000000000000e+00 0.000000000000000e+00 0.000000000000000e+00
 0.000000000000000e+00 0.000000000000000e+00 0.000000000000000e+00 0.000000000000000e+00 0.000000000000000e+00 0.000000000000000e+00 0.000000000000000e+00 0.000000000000000e+00 0.000000000000000e+00 0.000000000000000e+00
 0.000000000000000e+00 0.000000000000000e+00 0.000000000000000e+00 0.000000000000000e+00 0.000000000000000e+00 0.000000000000000e+00 0.000000000000000e+00 0.000000000000000e+00 0.000000000000000e+00 0.000000000000000e+00
 0.000000000000000e+00 0.000000000000000e+00 0.000000000000000e+00 0.000000000000000e+00 0.000000000000000e+00 0.000000000000000e+00 0.000000000000000e+00 0.000000000000000e+00 0.000000000000000e+00 0.000000000000000e+00
 0.000000000000000e+00 0.000000000000000e+00 0.000000000000000e+00 0.000000000000000e+00 0.000000000000000e+00 0.000000000000000e+00 0.000000000000000e+00 0.000000000000000e+00 0.000000000000000e+00 0.000000000000000e+00
 0.000000000000000e+00 0.000000000000000e+00 0.000000000000000e+00 0.000000000000000e+00 0.000000000000000e+00 0.000000000000000e+00 0.000000000000000e+00 0.000000000000000e+00 0.000000000000000e+00 0.000000000000000e+00
 0.000000000000000e+00 0.000000000000000e+00 0.000000000000000e+00 0.000000000000000e+00 0.000000000000000e+00 0.000000000000000e+00 0.000000000000000e+00 0.000000000000000e+00 0.000000000000000e+00 0.000000000000000e+00
 0.000000000000000e+00 0.000000000000000e+00 0.000000000000000e+00 0.000000000000000e+00 0.000000000000000e+00 0.000000000000000e+00 0.000000000000000e+00 0.000000000000000e+00 0.000000000000000e+00 0.000000000000000e+00
 0.000000000000000e+00 0.000000000000000e+00 0.000000000000000e+00 0.000000000000000e+00 0.000000000000000e+00 0.000000000000000e+00 0.000000000000000e+00 0.000000000000000e+00 0.000000000000000e+00 0.000000000000000e+00
 0.000000000000000e+00 0.000000000000000e+00 0.000000000000000e+00 0.000000000000000e+00 0.000000000000000e+00 0.000000000000000e+00 0.000000000000000e+00 0.000000000000000e+00 0.000000000000000e+00 0.000000000000000e+00
 0.000000000000000e+00 0.000000000000000e+00 0.000000000000000e+00 0.000000000000000e+00 0.000000000000000e+00 0.000000000000000e+00 0.000000000000000e+00 0.000000000000000e+00 0.000000000000000e+00 0.000000000000000e+00
 0.000000000000000e+00 0.000000000000000e+00 0.000000000000000e+00 0.000000000000000e+00 0.000000000000000e+00 0.000000000000000e+00 0.000000000000000e+00 0.000000000000000e+00 0.000000000000000e+00 0.000000000000000e+00
 0.000000000000000e+00 0.000000000000000e+00 0.000000000000000e+00 0.000000000000000e+00 0.000000000000000e+00 0.000000000000000e+00 0.000000000000000e+00 0.000000000000000e+00 0.000000000000000e+00 0.000000000000000e+00
 0.000000000000000e+00 0.000000000000000e+00 0.000000000000000e+00 0.000000000000000e+00 0.000000000000000e+00 0.000000000000000e+00 0.000000000000000e+00 0.000000000000000e+00 0.000000000000000e+00 0.000000000000000e+00
 0.000000000000000e+00 0.000000000000000e+00 0.000000000000000e+00 0.000000000000000e+00 0.000000000000000e+00 0.000000000000000e+00 0.000000000000000e+00 0.000000000000000e+00 0.000000000000000e+00 0.000000000000000e+00
 0.000000000000000e+00 0.000000000000000e+00 0.000000000000000e+00 0.000000000000000e+00 0.000000000000000e+00 0.000000000000000e+00 0.000000000000000e+00 0.000000000000000e+00 0.000000000000000e+00 0.000000000000000e+00
 0.000000000000000e+00 0.000000000000000e+00 0.000000000000000e+00 0.000000000000000e+00 0.000000000000000e+00 0.000000000000000e+00 0.000000000000000e+00 0.000000000000000e+00 0.000000000000000e+00 0.000000000000000e+00
 0.000000000000000e+00 0.000000000000000e+00 0.000000000000000e+00 0.000000000000000e+00 0.000000000000000e+00 0.000000000000000e+00 0.000000000000000e+00 0.000000000000000e+00 0.000000000000000e+00 0.000000000000000e+00
 0.000000000000000e+00 0.000000000000000e+00 0.000000000000000e+00 0.000000000000000e+00 0.000000000000000e+00 0.000000000000000e+00 0.000000000000000e+00 0.000000000000000e+00 0.000000000000000e+00 0.000000000000000e+00
 0.000000000000000e+00 0.000000000000000e+00 0.000000000000000e+00 0.000000000000000e+00 0.000000000000000e+00 0.000000000000000e+00 0.000000000000000e+00 0.000000000000000e+00 0.000000000000000e+00 0.000000000000000e+00
 0.000000000000000e+00 0.000000000000000e+00 0.000000000000000e+00 0.000000000000000e+00 0.000000000000000e+00 0.000000000000000e+00 0.000000000000000e+00 0.000000000000000e+00 0.000000000000000e+00 0.000000000000000e+00
 0.000000000000000e+00 0.000000000000000e+00 0.000000000000000e+00 0.000000000000000e+00 0.000000000000000e+00 0.000000000000000e+00 0.000000000000000e+00 0.000000000000000e+00 0.000000000000000e+00 0.000000000000000e+00
 0.000000000000000e+00 0.000000000000000e+00 0.000000000000000e+00 0.000000000000000e+00 0.000000000000000e+00 0.000000000000000e+00 0.000000000000000e+00 0.000000000000000e+00 0.000000000000000e+00 0.000000000000000e+00
 0.000000000000000e+00 0.000000000000000e+00 0.000000000000000e+00 0.000000000000000e+00 0.000000000000000e+00 0.000000000000000e+00 0.000000000000000e+00 0.000000000000000e+00 0.000000000000000e+00 0.000000000000000e+00
 0.000000000000000e+00 0.000000000000000e+00 0.000000000000000e+00 0.000000000000000e+00 0.000000000000000e+00 0.000000000000000e+00 0.000000000000000e+00 0.000000000000000e+00 0.000000000000000e+00 0.000000000000000e+00
 0.000000000000000e+00 0.000000000000000e+00 0.000000000000000e+00 0.000000000000000e+00 0.000000000000000e+00 0.000000000000000e+00 0.000000000000000e+00 0.000000000000000e+00 0.000000000000000e+00 0.000000000000000e+00
 0.000000000000000e+00 0.000000000000000e+00 0.000000000000000e+00 0.000000000000000e+00 0.000000000000000e+00 0.000000000000000e+00 0.000000000000000e+00 0.000000000000000e+00 0.000000000000000e+00 0.000000000000000e+00
 0.000000000000000e+00 0.000000000000000e+00 0.000000000000000e+00 0.000000000000000e+00 0.000000000000000e+00 0.000000000000000e+00 0.000000000000000e+00 0.000000000000000e+00 0.000000000000000e+00 0.000000000000000e+00
 0.000000000000000e+00 0.000000000000000e+00 0.000000000000000e+00 0.000000000000000e+00 0.000000000000000e+00 0.000000000000000e+00 0.000000000000000e+00 0.000000000000000e+00 0.000000000000000e+00 0.000000000000000e+00
 0.000000000000000e+00 0.000000000000000e+00 0.000000000000000e+00 0.000000000000000e+00 0.000000000000000e+00 0.000000000000000e+00 0.000000000000000e+00 0.000000000000000e+00 0.000000000000000e+00 0.000000000000000e+00
 0.000000000000000e+00 0.000000000000000e+00 0.000000000000000e+00 0.000000000000000e+00 0.000000000000000e+00 0.000000000000000e+00 0.000000000000000e+00 0.000000000000000e+00 0.000000000000000e+00 0.000000000000000e+00
 0.000000000000000e+00 0.000000000000000e+00 0.000000000000000e+00 0.000000000000000e+00 0.000000000000000e+00 0.000000000000000e+00 0.000000000000000e+00 0.000000000000000e+00 0.000000000000000e+00 0.000000000000000e+00
 0.000000000000000e+00 0.000000000000000e+00 0.000000000000000e+00 0.000000000000000e+00 0.000000000000000e+00 0.000000000000000e+00 0.000000000000000e+00 0.000000000000000e+00 0.000000000000000e+00 0.000000000000000e+00
 0.000000000000000e+00 0.000000000000000e+00 0.000000000000000e+00 0.000000000000000e+00 0.000000000000000e+00 0.000000000000000e+00 0.000000000000000e+00 0.000000000000000e+00 0.000000000000000e+00 0.000000000000000e+00
 0.000000000000000e+00 0.000000000000000e+00 0.000000000000000e+00 0.000000000000000e+00 0.000000000000000e+00 0.000000000000000e+00 0.000000000000000e+00 0.000000000000000e+00 0.000000000000000e+00 0.000000000000000e+00
 0.000000000000000e+00 0.000000000000000e+00 0.000000000000000e+00 0.000000000000000e+00 0.000000000000000e+00 0.000000000000000e+00 0.000000000000000e+00 0.000000000000000e+00 0.000000000000000e+00 0.000000000000000e+00
 0.000000000000000e+00 0.000000000000000e+00 0.000000000000000e+00 0.000000000000000e+00 0.000000000000000e+00 0.000000000000000e+00 0.000000000000000e+00 0.000000000000000e+00 0.000000000000000e+00 0.000000000000000e+00
 0.000000000000000e+00 0.000000000000000e+00 0.000000000000000e+00 0.000000000000000e+00 0.000000000000000e+00 0.000000000000000e+00 0.000000000000000e+00 0.000000000000000e+00 0.000000000000000e+00 0.000000000000000e+00
 0.000000000000000e+00 0.000000000000000e+00 0.000000000000000e+00 0.000000000000000e+00 0.000000000000000e+00 0.000000000000000e+00 0.000000000000000e+00 0.000000000000000e+00 0.000000000000000e+00 0.000000000000000e+00
 0.000000000000000e+00 0.000000000000000e+00 0.000000000000000e+00 0.000000000000000e+00 0.000000000000000e+00 0.000000000000000e+00 0.000000000000000e+00 0.000000000000000e+00 0.000000000000000e+00 0.000000000000000e+00
 0.000000000000000e+00 0.000000000000000e+00 0.000000000000000e+00 0.000000000000000e+00 0.000000000000000e+00 0.000000000000000e+00 0.000000000000000e+00 0.000000000000000e+00 0.000000000000000e+00 0.000000000000000e+00
 0.000000000000000e+00 0.000000000000000e+00 0.000000000000000e+00 0.000000000000000e+00 0.000000000000000e+00 0.000000000000000e+00 0.000000000000000e+00 0.000000000000000e+00 0.000000000000000e+00 0.000000000000000e+00
 0.000000000000000e+00 0.000000000000000e+00 0.000000000000000e+00 0.000000000000000e+00 0.000000000000000e+00 0.000000000000000e+00 0.000000000000000e+00 0.000000000000000e+00 0.000000000000000e+00 0.000000000000000e+00
 0.000000000000000e+00 0.000000000000000e+00 0.000000000000000e+00 0.000000000000000e+00 0.000000000000000e+00 0.000000000000000e+00 0.000000000000000e+00 0.000000000000000e+00 0.000000000000000e+00 0.000000000000000e+00
 0.000000000000000e+00 0.000000000000000e+00 0.000000000000000e+00 0.000000000000000e+00 0.000000000000000e+00 0.000000000000000e+00 0.000000000000000e+00 0.000000000000000e+00 0.000000000000000e+00 0.000000000000000e+00
 0.000000000000000e+00 0.000000000000000e+00 0.000000000000000e+00 0.000000000000000e+00 0.000000000000000e+00 0.000000000000000e+00 0.000000000000000e+00 0.000000000000000e+00 0.000000000000000e+00 0.000000000000000e+00
 0.000000000000000e+00 0.000000000000000e+00 0.000000000000000e+00 0.000000000000000e+00 0.000000000000000e+00 0.000000000000000e+00 0.000000000000000e+00 0.000000000000000e+00 0.000000000000000e+00 0.000000000000000e+00
 0.000000000000000e+00 0.000000000000000e+00 0.000000000000000e+00 0.000000000000000e+00 0.000000000000000e+00 0.000000000000000e+00 0.000000000000000e+00 0.000000000000000e+00 0.000000000000000e+00 0.000000000000000e+00
 0.000000000000000e+00 0.000000000000000e+00 0.000000000000000e+00 0.000000000000000e+00 0.000000000000000e+00 0.000000000000000e+00 0.000000000000000e+00 0.000000000000000e+00 0.000000000000000e+00 0.000000000000000e+00
 0.000000000000000e+00 0.000000000000000e+00 0.000000000000000e+00 0.000000000000000e+00 0.000000000000000e+00 0.000000000000000e+00 0.000000000000000e+00 0.000000000000000e+00 0.000000000000000e+00 0.000000000000000e+00
 0.000000000000000e+00 0.000000000000000e+00 0.000000000000000e+00 0.000000000000000e+00 0.000000000000000e+00 0.000000000000000e+00 0.000000000000000e+00 0.000000000000000e+00 0.000000000000000e+00 0.000000000000000e+00
 0.000000000000000e+00 0.000000000000000e+00 0.000000000000000e+00 0.000000000000000e+00 0.000000000000000e+00 0.000000000000000e+00 0.000000000000000e+00 0.000000000000000e+00 4.465138612404848e+12 0.000000000000000e+00
 0.000000000000000e+00 4.497599749442858e+12 4.530060886480868e+12 0.000000000000000e+00 0.000000000000000e+00 4.562522023518880e+12 4.594983160556890e+12 0.000000000000000e+00 0.000000000000000e+00 4.627444297594901e+12
 4.659905434632912e+12 0.000000000000000e+00 0.000000000000000e+00 4.692366571670923e+12 4.724827708708934e+12 0.000000000000000e+00 0.000000000000000e+00 4.757288845746944e+12 4.789749982784956e+12 0.000000000000000e+00
 0.000000000000000e+00 4.822211119822967e+12 4.839747596153846e+12 4.854672256860977e+12 0.000000000000000e+00 0.000000000000000e+00 0.000000000000000e+00 4.887133393898988e+12 4.919594530936999e+12 0.000000000000000e+00
 0.000000000000000e+00 4.952055667975010e+12 4.984516805013021e+12 0.000000000000000e+00 0.000000000000000e+00 5.016977942051031e+12 5.049439079089042e+12 0.000000000000000e+00 0.000000000000000e+00 5.081900216127053e+12
 5.114361353165063e+12 0.000000000000000e+00 0.000000000000000e+00 5.146822490203075e+12 5.179283627241086e+12 0.000000000000000e+00 0.000000000000000e+00 5.211744764279096e+12 5.173528951009115e+12 0.000000000000000e+00
 0.000000000000000e+00 5.033488069191955e+12 0.000000000000000e+00 4.893447187374799e+12 0.000000000000000e+00 4.613365423740484e+12 0.000000000000000e+00 4.333283660106170e+12 0.000000000000000e+00 3.773120132837541e+12
 0.000000000000000e+00 3.076636618589744e+12 0.000000000000000e+00 1.532743890224359e+12 0.000000000000000e+00 6.472229692508016e+11 0.000000000000000e+00 1.508745242387835e+10 0.000000000000000e+00 0.000000000000000e+00
 0.000000000000000e+00 0.000000000000000e+00 0.000000000000000e+00 0.000000000000000e+00 0.000000000000000e+00 0.000000000000000e+00 0.000000000000000e+00 0.000000000000000e+00 0.000000000000000e+00 0.000000000000000e+00
 0.000000000000000e+00 0.000000000000000e+00 0.000000000000000e+00 0.000000000000000e+00 0.000000000000000e+00 0.000000000000000e+00 0.000000000000000e+00 0.000000000000000e+00 0.000000000000000e+00 0.000000000000000e+00
 0.000000000000000e+00 0.000000000000000e+00 0.000000000000000e+00 0.000000000000000e+00 0.000000000000000e+00 0.000000000000000e+00 0.000000000000000e+00 0.000000000000000e+00 0.000000000000000e+00 0.000000000000000e+00
 0.000000000000000e+00 0.000000000000000e+00 0.000000000000000e+00 0.000000000000000e+00 0.000000000000000e+00 0.000000000000000e+00 0.000000000000000e+00 0.000000000000000e+00 0.000000000000000e+00 0.000000000000000e+00
 0.000000000000000e+00 0.000000000000000e+00 0.000000000000000e+00 0.000000000000000e+00 0.000000000000000e+00 0.000000000000000e+00 0.000000000000000e+00 0.000000000000000e+00 0.000000000000000e+00 0.000000000000000e+00
 0.000000000000000e+00 0.000000000000000e+00 0.000000000000000e+00 0.000000000000000e+00 0.000000000000000e+00 0.000000000000000e+00 0.000000000000000e+00 0.000000000000000e+00 0.000000000000000e+00 0.000000000000000e+00
 0.000000000000000e+00 0.000000000000000e+00 0.000000000000000e+00 0.000000000000000e+00 0.000000000000000e+00 0.000000000000000e+00 0.000000000000000e+00 0.000000000000000e+00 0.000000000000000e+00 0.000000000000000e+00
 0.000000000000000e+00 0.000000000000000e+00 0.000000000000000e+00 0.000000000000000e+00 0.000000000000000e+00 0.000000000000000e+00 0.000000000000000e+00 0.000000000000000e+00 0.000000000000000e+00 0.000000000000000e+00
 0.000000000000000e+00 0.000000000000000e+00 0.000000000000000e+00 0.000000000000000e+00 0.000000000000000e+00 0.000000000000000e+00 0.000000000000000e+00 0.000000000000000e+00 0.000000000000000e+00 0.000000000000000e+00
 0.000000000000000e+00 0.000000000000000e+00 0.000000000000000e+00 0.000000000000000e+00 0.000000000000000e+00 0.000000000000000e+00 0.000000000000000e+00 0.000000000000000e+00 0.000000000000000e+00 0.000000000000000e+00
 0.000000000000000e+00 0.000000000000000e+00 0.000000000000000e+00 0.000000000000000e+00 0.000000000000000e+00 0.000000000000000e+00 0.000000000000000e+00 0.000000000000000e+00 0.000000000000000e+00 0.000000000000000e+00
 0.000000000000000e+00 0.000000000000000e+00 0.000000000000000e+00 0.000000000000000e+00 0.000000000000000e+00 0.000000000000000e+00 0.000000000000000e+00 0.000000000000000e+00 0.000000000000000e+00 0.000000000000000e+00
 0.000000000000000e+00 0.000000000000000e+00 0.000000000000000e+00 0.000000000000000e+00 0.000000000000000e+00 0.000000000000000e+00 0.000000000000000e+00 0.000000000000000e+00 0.000000000000000e+00 0.000000000000000e+00
 0.000000000000000e+00 0.000000000000000e+00 0.000000000000000e+00 0.000000000000000e+00 0.000000000000000e+00 0.000000000000000e+00 0.000000000000000e+00 0.000000000000000e+00 0.000000000000000e+00 0.000000000000000e+00
 0.000000000000000e+00 0.000000000000000e+00 0.000000000000000e+00 0.000000000000000e+00 0.000000000000000e+00 0.000000000000000e+00 0.000000000000000e+00 0.000000000000000e+00 0.000000000000000e+00 0.000000000000000e+00
 0.000000000000000e+00 0.000000000000000e+00 0.000000000000000e+00 0.000000000000000e+00 0.000000000000000e+00 0.000000000000000e+00 0.000000000000000e+00 0.000000000000000e+00 0.000000000000000e+00 0.000000000000000e+00
 0.000000000000000e+00 0.000000000000000e+00 0.000000000000000e+00 0.000000000000000e+00 0.000000000000000e+00 0.000000000000000e+00 0.000000000000000e+00 0.000000000000000e+00 0.000000000000000e+00 0.000000000000000e+00
 0.000000000000000e+00 0.000000000000000e+00 0.000000000000000e+00 0.000000000000000e+00 0.000000000000000e+00 0.000000000000000e+00 0.000000000000000e+00 0.000000000000000e+00 0.000000000000000e+00 0.000000000000000e+00
 0.000000000000000e+00 0.000000000000000e+00 0.000000000000000e+00 0.000000000000000e+00 0.000000000000000e+00 0.000000000000000e+00 0.000000000000000e+00 0.000000000000000e+00 0.000000000000000e+00 0.000000000000000e+00
 0.000000000000000e+00 0.000000000000000e+00 0.000000000000000e+00 0.000000000000000e+00 0.000000000000000e+00 0.000000000000000e+00 0.000000000000000e+00 0.000000000000000e+00 0.000000000000000e+00 0.000000000000000e+00
 0.000000000000000e+00 0.000000000000000e+00 0.000000000000000e+00 0.000000000000000e+00 0.000000000000000e+00 0.000000000000000e+00 0.000000000000000e+00 0.000000000000000e+00 0.000000000000000e+00 0.000000000000000e+00
 0.000000000000000e+00 0.000000000000000e+00 0.000000000000000e+00 0.000000000000000e+00 0.000000000000000e+00 0.000000000000000e+00 0.000000000000000e+00 0.000000000000000e+00 0.000000000000000e+00 0.000000000000000e+00
 0.000000000000000e+00 0.000000000000000e+00 0.000000000000000e+00 0.000000000000000e+00 0.000000000000000e+00 0.000000000000000e+00 0.000000000000000e+00 0.000000000000000e+00 0.000000000000000e+00 0.000000000000000e+00
 0.000000000000000e+00 0.000000000000000e+00 0.000000000000000e+00 0.000000000000000e+00 0.000000000000000e+00 0.000000000000000e+00 0.000000000000000e+00 0.000000000000000e+00 0.000000000000000e+00 0.000000000000000e+00
 0.000000000000000e+00 0.000000000000000e+00 0.000000000000000e+00 0.000000000000000e+00 0.000000000000000e+00 0.000000000000000e+00 0.000000000000000e+00 0.000000000000000e+00 0.000000000000000e+00 0.000000000000000e+00
 0.000000000000000e+00 0.000000000000000e+00 0.000000000000000e+00 0.000000000000000e+00 0.000000000000000e+00 0.000000000000000e+00 0.000000000000000e+00 0.000000000000000e+00 0.000000000000000e+00 0.000000000000000e+00
 0.000000000000000e+00 0.000000000000000e+00 0.000000000000000e+00 0.000000000000000e+00 0.000000000000000e+00 0.000000000000000e+00 0.000000000000000e+00 0.000000000000000e+00 0.000000000000000e+00 0.000000000000000e+00
 0.000000000000000e+00 0.000000000000000e+00 0.000000000000000e+00 0.000000000000000e+00 0.000000000000000e+00 0.000000000000000e+00 0.000000000000000e+00 0.000000000000000e+00 0.000000000000000e+00 0.000000000000000e+00
 0.000000000000000e+00 0.000000000000000e+00 0.000000000000000e+00 0.000000000000000e+00 0.000000000000000e+00 0.000000000000000e+00 0.000000000000000e+00 0.000000000000000e+00 0.000000000000000e+00 0.000000000000000e+00
 0.000000000000000e+00 0.000000000000000e+00 0.000000000000000e+00 0.000000000000000e+00 0.000000000000000e+00 0.000000000000000e+00 0.000000000000000e+00 0.000000000000000e+00 0.000000000000000e+00 0.000000000000000e+00
 0.000000000000000e+00 0.000000000000000e+00 0.000000000000000e+00 0.000000000000000e+00 0.000000000000000e+00 0.000000000000000e+00 0.000000000000000e+00 0.000000000000000e+00 0.000000000000000e+00 0.000000000000000e+00
 0.000000000000000e+00 0.000000000000000e+00 0.000000000000000e+00 0.000000000000000e+00 0.000000000000000e+00 0.000000000000000e+00 0.000000000000000e+00 0.000000000000000e+00 0.000000000000000e+00 0.000000000000000e+00
 0.000000000000000e+00 0.000000000000000e+00 0.000000000000000e+00 0.000000000000000e+00 0.000000000000000e+00 0.000000000000000e+00 0.000000000000000e+00 0.000000000000000e+00 0.000000000000000e+00 0.000000000000000e+00
 0.000000000000000e+00 0.000000000000000e+00 0.000000000000000e+00 0.000000000000000e+00 0.000000000000000e+00 0.000000000000000e+00 0.000000000000000e+00 0.000000000000000e+00 0.000000000000000e+00 0.000000000000000e+00
 0.000000000000000e+00 0.000000000000000e+00 0.000000000000000e+00 0.000000000000000e+00 0.000000000000000e+00 0.000000000000000e+00 0.000000000000000e+00 0.000000000000000e+00 0.000000000000000e+00 0.000000000000000e+00
 0.000000000000000e+00 0.000000000000000e+00 0.000000000000000e+00 0.000000000000000e+00 0.000000000000000e+00 0.000000000000000e+00 0.000000000000000e+00 0.000000000000000e+00 0.000000000000000e+00 0.000000000000000e+00
 0.000000000000000e+00 0.000000000000000e+00 0.000000000000000e+00 0.000000000000000e+00 0.000000000000000e+00 0.000000000000000e+00 0.000000000000000e+00 0.000000000000000e+00 0.000000000000000e+00 0.000000000000000e+00
 0.000000000000000e+00 0.000000000000000e+00 0.000000000000000e+00 0.000000000000000e+00 0.000000000000000e+00 0.000000000000000e+00 0.000000000000000e+00 0.000000000000000e+00 0.000000000000000e+00 0.000000000000000e+00
 0.000000000000000e+00 0.000000000000000e+00 0.000000000000000e+00 0.000000000000000e+00 0.000000000000000e+00 0.000000000000000e+00 0.000000000000000e+00 0.000000000000000e+00 0.000000000000000e+00 0.000000000000000e+00
 0.000000000000000e+00 0.000000000000000e+00 0.000000000000000e+00 0.000000000000000e+00 0.000000000000000e+00 0.000000000000000e+00 0.000000000000000e+00 0.000000000000000e+00 0.000000000000000e+00 0.000000000000000e+00
 0.000000000000000e+00 0.000000000000000e+00 0.000000000000000e+00 0.000000000000000e+00 0.000000000000000e+00 0.000000000000000e+00 0.000000000000000e+00 0.000000000000000e+00 0.000000000000000e+00 0.000000000000000e+00
 0.000000000000000e+00 0.000000000000000e+00 0.000000000000000e+00 0.000000000000000e+00 0.000000000000000e+00 0.000000000000000e+00 0.000000000000000e+00 0.000000000000000e+00 0.000000000000000e+00 0.000000000000000e+00
 0.000000000000000e+00 0.000000000000000e+00 0.000000000000000e+00 0.000000000000000e+00 0.000000000000000e+00 0.000000000000000e+00 0.000000000000000e+00 0.000000000000000e+00 0.000000000000000e+00 0.000000000000000e+00
 0.000000000000000e+00 0.000000000000000e+00 0.000000000000000e+00 0.000000000000000e+00 0.000000000000000e+00 0.000000000000000e+00 0.000000000000000e+00 0.000000000000000e+00 0.000000000000000e+00 0.000000000000000e+00
 0.000000000000000e+00 0.000000000000000e+00 0.000000000000000e+00 0.000000000000000e+00 0.000000000000000e+00 0.000000000000000e+00 0.000000000000000e+00 0.000000000000000e+00 0.000000000000000e+00 0.000000000000000e+00
 0.000000000000000e+00 0.000000000000000e+00 0.000000000000000e+00 0.000000000000000e+00 0.000000000000000e+00 0.000000000000000e+00 0.000000000000000e+00 0.000000000000000e+00 0.000000000000000e+00 0.000000000000000e+00
 0.000000000000000e+00 0.000000000000000e+00 0.000000000000000e+00 0.000000000000000e+00 0.000000000000000e+00 0.000000000000000e+00 0.000000000000000e+00 0.000000000000000e+00 0.000000000000000e+00 0.000000000000000e+00
 0.000000000000000e+00 0.000000000000000e+00 0.000000000000000e+00 0.000000000000000e+00 0.000000000000000e+00 0.000000000000000e+00 0.000000000000000e+00 0.000000000000000e+00 0.000000000000000e+00 0.000000000000000e+00
 0.000000000000000e+00 0.000000000000000e+00 0.000000000000000e+00 0.000000000000000e+00 0.000000000000000e+00 0.000000000000000e+00 0.000000000000000e+00 0.000000000000000e+00 0.000000000000000e+00 0.000000000000000e+00
 0.000000000000000e+00 0.000000000000000e+00 0.000000000000000e+00 0.000000000000000e+00 0.000000000000000e+00 0.000000000000000e+00 0.000000000000000e+00 0.000000000000000e+00 0.000000000000000e+00 0.000000000000000e+00
 0.000000000000000e+00 0.000000000000000e+00 0.000000000000000e+00 0.000000000000000e+00 0.000000000000000e+00 0.000000000000000e+00 0.000000000000000e+00 0.000000000000000e+00 0.000000000000000e+00 0.000000000000000e+00
 0.000000000000000e+00 0.000000000000000e+00 0.000000000000000e+00 0.000000000000000e+00 0.000000000000000e+00 0.000000000000000e+00 0.000000000000000e+00 0.000000000000000e+00 0.000000000000000e+00 0.000000000000000e+00
 0.000000000000000e+00 0.000000000000000e+00 0.000000000000000e+00 0.000000000000000e+00 0.000000000000000e+00 0.000000000000000e+00 0.000000000000000e+00 0.000000000000000e+00 0.000000000000000e+00 0.000000000000000e+00
 0.000000000000000e+00 0.000000000000000e+00 0.000000000000000e+00 0.000000000000000e+00 0.000000000000000e+00 0.000000000000000e+00 0.000000000000000e+00 0.000000000000000e+00 0.000000000000000e+00 0.000000000000000e+00
 0.000000000000000e+00 0.000000000000000e+00 0.000000000000000e+00 0.000000000000000e+00 0.000000000000000e+00 0.000000000000000e+00 0.000000000000000e+00 0.000000000000000e+00 0.000000000000000e+00 0.000000000000000e+00
 0.000000000000000e+00 0.000000000000000e+00 0.000000000000000e+00 0.000000000000000e+00 0.000000000000000e+00 0.000000000000000e+00 0.000000000000000e+00 0.000000000000000e+00 0.000000000000000e+00 0.000000000000000e+00
 0.000000000000000e+00 0.000000000000000e+00 0.000000000000000e+00 0.000000000000000e+00 0.000000000000000e+00 0.000000000000000e+00 0.000000000000000e+00 0.000000000000000e+00 0.000000000000000e+00 0.000000000000000e+00
 0.000000000000000e+00 0.000000000000000e+00 0.000000000000000e+00 0.000000000000000e+00 0.000000000000000e+00 0.000000000000000e+00 0.000000000000000e+00 0.000000000000000e+00 0.000000000000000e+00 0.000000000000000e+00
 0.000000000000000e+00 0.000000000000000e+00 0.000000000000000e+00 0.000000000000000e+00 0.000000000000000e+00 0.000000000000000e+00 0.000000000000000e+00 0.000000000000000e+00 0.000000000000000e+00 0.000000000000000e+00
 0.000000000000000e+00 0.000000000000000e+00 0.000000000000000e+00 0.000000000000000e+00 0.000000000000000e+00 0.000000000000000e+00 0.000000000000000e+00 0.000000000000000e+00 0.000000000000000e+00 0.000000000000000e+00
 0.000000000000000e+00 0.000000000000000e+00 0.000000000000000e+00 0.000000000000000e+00 0.000000000000000e+00 0.000000000000000e+00 0.000000000000000e+00 0.000000000000000e+00 0.000000000000000e+00 0.000000000000000e+00
 0.000000000000000e+00 0.000000000000000e+00 0.000000000000000e+00 0.000000000000000e+00 0.000000000000000e+00 0.000000000000000e+00 0.000000000000000e+00 0.000000000000000e+00 0.000000000000000e+00 0.000000000000000e+00
 0.000000000000000e+00 0.000000000000000e+00 0.000000000000000e+00 0.000000000000000e+00 0.000000000000000e+00 0.000000000000000e+00 0.000000000000000e+00 0.000000000000000e+00 0.000000000000000e+00 0.000000000000000e+00
 0.000000000000000e+00 0.000000000000000e+00 0.000000000000000e+00 0.000000000000000e+00 0.000000000000000e+00 0.000000000000000e+00 0.000000000000000e+00 0.000000000000000e+00 0.000000000000000e+00 0.000000000000000e+00
 0.000000000000000e+00 0.000000000000000e+00 0.000000000000000e+00 0.000000000000000e+00 0.000000000000000e+00 0.000000000000000e+00 0.000000000000000e+00 0.000000000000000e+00 0.000000000000000e+00 0.000000000000000e+00
 0.000000000000000e+00 0.000000000000000e+00 0.000000000000000e+00 0.000000000000000e+00 0.000000000000000e+00 0.000000000000000e+00 0.000000000000000e+00 0.000000000000000e+00 0.000000000000000e+00 0.000000000000000e+00
 0.000000000000000e+00 0.000000000000000e+00 0.000000000000000e+00 0.000000000000000e+00 0.000000000000000e+00 0.000000000000000e+00 0.000000000000000e+00 0.000000000000000e+00 0.000000000000000e+00 0.000000000000000e+00
 0.000000000000000e+00 0.000000000000000e+00 0.000000000000000e+00 0.000000000000000e+00 0.000000000000000e+00 0.000000000000000e+00 0.000000000000000e+00 0.000000000000000e+00 0.000000000000000e+00 0.000000000000000e+00
 0.000000000000000e+00 0.000000000000000e+00 0.000000000000000e+00 0.000000000000000e+00 0.000000000000000e+00 0.000000000000000e+00 0.000000000000000e+00 0.000000000000000e+00 0.000000000000000e+00 0.000000000000000e+00
 0.000000000000000e+00 0.000000000000000e+00 0.000000000000000e+00 0.000000000000000e+00 0.000000000000000e+00 0.000000000000000e+00 0.000000000000000e+00 0.000000000000000e+00 0.000000000000000e+00 0.000000000000000e+00
 0.000000000000000e+00 0.000000000000000e+00 0.000000000000000e+00 0.000000000000000e+00 0.000000000000000e+00 0.000000000000000e+00 0.000000000000000e+00 0.000000000000000e+00 0.000000000000000e+00 0.000000000000000e+00
 0.000000000000000e+00 0.000000000000000e+00 0.000000000000000e+00 0.000000000000000e+00 0.000000000000000e+00 0.000000000000000e+00 0.000000000000000e+00 0.000000000000000e+00 0.000000000000000e+00 0.000000000000000e+00
 0.000000000000000e+00 0.000000000000000e+00 0.000000000000000e+00 0.000000000000000e+00 0.000000000000000e+00 0.000000000000000e+00 0.000000000000000e+00 0.000000000000000e+00 0.000000000000000e+00 0.000000000000000e+00
 0.000000000000000e+00 0.000000000000000e+00 0.000000000000000e+00 0.000000000000000e+00 0.000000000000000e+00 0.000000000000000e+00 0.000000000000000e+00 0.000000000000000e+00 0.000000000000000e+00 0.000000000000000e+00
 0.000000000000000e+00 0.000000000000000e+00 0.000000000000000e+00 0.000000000000000e+00 0.000000000000000e+00 0.000000000000000e+00 0.000000000000000e+00 0.000000000000000e+00 0.000000000000000e+00 0.000000000000000e+00
 0.000000000000000e+00 0.000000000000000e+00 0.000000000000000e+00 0.000000000000000e+00 0.000000000000000e+00 0.000000000000000e+00 0.000000000000000e+00 0.000000000000000e+00 0.000000000000000e+00 0.000000000000000e+00
 0.000000000000000e+00 0.000000000000000e+00 0.000000000000000e+00 0.000000000000000e+00 0.000000000000000e+00 0.000000000000000e+00 0.000000000000000e+00 0.000000000000000e+00 0.000000000000000e+00 0.000000000000000e+00
 0.000000000000000e+00 0.000000000000000e+00 0.000000000000000e+00 0.000000000000000e+00 0.000000000000000e+00 0.000000000000000e+00 0.000000000000000e+00 0.000000000000000e+00 0.000000000000000e+00 0.000000000000000e+00
 0.000000000000000e+00 0.000000000000000e+00 0.000000000000000e+00 0.000000000000000e+00 0.000000000000000e+00 0.000000000000000e+00 0.000000000000000e+00 0.000000000000000e+00 0.000000000000000e+00 0.000000000000000e+00
 0.000000000000000e+00 0.000000000000000e+00 0.000000000000000e+00 0.000000000000000e+00 0.000000000000000e+00 0.000000000000000e+00 0.000000000000000e+00 0.000000000000000e+00 0.000000000000000e+00 0.000000000000000e+00
 0.000000000000000e+00 0.000000000000000e+00 0.000000000000000e+00 0.000000000000000e+00 0.000000000000000e+00 0.000000000000000e+00 0.000000000000000e+00 0.000000000000000e+00 0.000000000000000e+00 0.000000000000000e+00
 0.000000000000000e+00 0.000000000000000e+00 0.000000000000000e+00 0.000000000000000e+00 0.000000000000000e+00 0.000000000000000e+00 0.000000000000000e+00 0.000000000000000e+00 0.000000000000000e+00 0.000000000000000e+00
 0.000000000000000e+00 0.000000000000000e+00 0.000000000000000e+00 0.000000000000000e+00 0.000000000000000e+00 0.000000000000000e+00 0.000000000000000e+00 0.000000000000000e+00 0.000000000000000e+00 0.000000000000000e+00
 0.000000000000000e+00 0.000000000000000e+00 0.000000000000000e+00 0.000000000000000e+00 0.000000000000000e+00 0.000000000000000e+00 0.000000000000000e+00 0.000000000000000e+00 0.000000000000000e+00 0.000000000000000e+00
 0.000000000000000e+00 0.000000000000000e+00 0.000000000000000e+00 0.000000000000000e+00 0.000000000000000e+00 0.000000000000000e+00 0.000000000000000e+00 0.000000000000000e+00 0.000000000000000e+00 0.000000000000000e+00
 0.000000000000000e+00 0.000000000000000e+00 0.000000000000000e+00 0.000000000000000e+00 0.000000000000000e+00 0.000000000000000e+00 0.000000000000000e+00 0.000000000000000e+00 0.000000000000000e+00 0.000000000000000e+00
 0.000000000000000e+00 0.000000000000000e+00 0.000000000000000e+00 0.000000000000000e+00 0.000000000000000e+00 0.000000000000000e+00 0.000000000000000e+00 0.000000000000000e+00 0.000000000000000e+00 0.000000000000000e+00
 0.000000000000000e+00 0.000000000000000e+00 0.000000000000000e+00 0.000000000000000e+00 0.000000000000000e+00 0.000000000000000e+00 0.000000000000000e+00 0.000000000000000e+00 0.000000000000000e+00 0.000000000000000e+00
 0.000000000000000e+00 0.000000000000000e+00 0.000000000000000e+00 0.000000000000000e+00 0.000000000000000e+00 0.000000000000000e+00 0.000000000000000e+00 0.000000000000000e+00 0.000000000000000e+00 0.000000000000000e+00
 0.000000000000000e+00 0.000000000000000e+00 0.000000000000000e+00 0.000000000000000e+00 0.000000000000000e+00 0.000000000000000e+00 0.000000000000000e+00 0.000000000000000e+00 0.000000000000000e+00 0.000000000000000e+00
 0.000000000000000e+00 0.000000000000000e+00 0.000000000000000e+00 0.000000000000000e+00 0.000000000000000e+00 0.000000000000000e+00 0.000000000000000e+00 0.000000000000000e+00 0.000000000000000e+00 0.000000000000000e+00
 0.000000000000000e+00 0.000000000000000e+00 0.000000000000000e+00 0.000000000000000e+00 0.000000000000000e+00 0.000000000000000e+00 0.000000000000000e+00 0.000000000000000e+00 0.000000000000000e+00 0.000000000000000e+00
 0.000000000000000e+00 0.000000000000000e+00 0.000000000000000e+00 0.000000000000000e+00 0.000000000000000e+00 0.000000000000000e+00 0.000000000000000e+00 0.000000000000000e+00 0.000000000000000e+00 0.000000000000000e+00
 0.000000000000000e+00 0.000000000000000e+00 0.000000000000000e+00 0.000000000000000e+00 0.000000000000000e+00 0.000000000000000e+00 0.000000000000000e+00 0.000000000000000e+00 0.000000000000000e+00 0.000000000000000e+00
 0.000000000000000e+00 0.000000000000000e+00 0.000000000000000e+00 0.000000000000000e+00 0.000000000000000e+00 0.000000000000000e+00 0.000000000000000e+00 0.000000000000000e+00 0.000000000000000e+00 0.000000000000000e+00
 0.000000000000000e+00 0.000000000000000e+00 0.000000000000000e+00 0.000000000000000e+00 0.000000000000000e+00 0.000000000000000e+00 0.000000000000000e+00 0.000000000000000e+00 0.000000000000000e+00 0.000000000000000e+00
 0.000000000000000e+00 0.000000000000000e+00 0.000000000000000e+00 0.000000000000000e+00 0.000000000000000e+00 0.000000000000000e+00 0.000000000000000e+00 0.000000000000000e+00 0.000000000000000e+00 0.000000000000000e+00
 0.000000000000000e+00 0.000000000000000e+00 0.000000000000000e+00 0.000000000000000e+00 0.000000000000000e+00 0.000000000000000e+00 0.000000000000000e+00 0.000000000000000e+00 0.000000000000000e+00 0.000000000000000e+00
 0.000000000000000e+00 0.000000000000000e+00 0.000000000000000e+00 0.000000000000000e+00 0.000000000000000e+00 0.000000000000000e+00 0.000000000000000e+00 0.000000000000000e+00 0.000000000000000e+00 0.000000000000000e+00
 0.000000000000000e+00 0.000000000000000e+00 0.000000000000000e+00 0.000000000000000e+00 0.000000000000000e+00 0.000000000000000e+00 0.000000000000000e+00 0.000000000000000e+00 0.000000000000000e+00 0.000000000000000e+00
 0.000000000000000e+00 0.000000000000000e+00 0.000000000000000e+00 0.000000000000000e+00 0.000000000000000e+00 0.000000000000000e+00 0.000000000000000e+00 0.000000000000000e+00 0.000000000000000e+00 0.000000000000000e+00
 0.000000000000000e+00 0.000000000000000e+00 0.000000000000000e+00 0.000000000000000e+00 0.000000000000000e+00 0.000000000000000e+00 0.000000000000000e+00 0.000000000000000e+00 0.000000000000000e+00 0.000000000000000e+00
 0.000000000000000e+00 0.000000000000000e+00 0.000000000000000e+00 0.000000000000000e+00 0.000000000000000e+00 0.000000000000000e+00 0.000000000000000e+00 0.000000000000000e+00 0.000000000000000e+00 0.000000000000000e+00
 0.000000000000000e+00 0.000000000000000e+00 0.000000000000000e+00 0.000000000000000e+00 0.000000000000000e+00 0.000000000000000e+00 0.000000000000000e+00 0.000000000000000e+00 0.000000000000000e+00 0.000000000000000e+00
 0.000000000000000e+00 0.000000000000000e+00 0.000000000000000e+00 0.000000000000000e+00 0.000000000000000e+00 0.000000000000000e+00 0.000000000000000e+00 0.000000000000000e+00 0.000000000000000e+00 0.000000000000000e+00
 0.000000000000000e+00 0.000000000000000e+00 0.000000000000000e+00 0.000000000000000e+00 0.000000000000000e+00 0.000000000000000e+00 0.000000000000000e+00 0.000000000000000e+00 0.000000000000000e+00 0.000000000000000e+00
 0.000000000000000e+00 0.000000000000000e+00 0.000000000000000e+00 0.000000000000000e+00 0.000000000000000e+00 0.000000000000000e+00 0.000000000000000e+00 0.000000000000000e+00 0.000000000000000e+00 0.000000000000000e+00
 0.000000000000000e+00 0.000000000000000e+00 0.000000000000000e+00 0.000000000000000e+00 0.000000000000000e+00 0.000000000000000e+00 0.000000000000000e+00 0.000000000000000e+00 0.000000000000000e+00 0.000000000000000e+00
 0.000000000000000e+00 0.000000000000000e+00 0.000000000000000e+00 0.000000000000000e+00 0.000000000000000e+00 0.000000000000000e+00 0.000000000000000e+00 0.000000000000000e+00 0.000000000000000e+00 0.000000000000000e+00
 0.000000000000000e+00 0.000000000000000e+00 0.000000000000000e+00 0.000000000000000e+00 0.000000000000000e+00 0.000000000000000e+00 0.000000000000000e+00 0.000000000000000e+00 0.000000000000000e+00 0.000000000000000e+00
 0.000000000000000e+00 0.000000000000000e+00 0.000000000000000e+00 0.000000000000000e+00 0.000000000000000e+00 0.000000000000000e+00 0.000000000000000e+00 0.000000000000000e+00 0.000000000000000e+00 0.000000000000000e+00
 0.000000000000000e+00 0.000000000000000e+00 0.000000000000000e+00 0.000000000000000e+00 0.000000000000000e+00 0.000000000000000e+00 0.000000000000000e+00 0.000000000000000e+00 0.000000000000000e+00 0.000000000000000e+00
 0.000000000000000e+00 0.000000000000000e+00 0.000000000000000e+00 0.000000000000000e+00 0.000000000000000e+00 0.000000000000000e+00 0.000000000000000e+00 0.000000000000000e+00 0.000000000000000e+00 0.000000000000000e+00
 0.000000000000000e+00 0.000000000000000e+00 0.000000000000000e+00 0.000000000000000e+00 0.000000000000000e+00 0.000000000000000e+00 0.000000000000000e+00 0.000000000000000e+00 0.000000000000000e+00 0.000000000000000e+00
 0.000000000000000e+00 0.000000000000000e+00 0.000000000000000e+00 0.000000000000000e+00 0.000000000000000e+00 0.000000000000000e+00 0.000000000000000e+00 0.000000000000000e+00 0.000000000000000e+00 0.000000000000000e+00
 0.000000000000000e+00 0.000000000000000e+00 0.000000000000000e+00 0.000000000000000e+00 0.000000000000000e+00 0.000000000000000e+00 0.000000000000000e+00 0.000000000000000e+00 0.000000000000000e+00 0.000000000000000e+00
 0.000000000000000e+00 0.000000000000000e+00 0.000000000000000e+00 0.000000000000000e+00 0.000000000000000e+00 0.000000000000000e+00 0.000000000000000e+00 0.000000000000000e+00 0.000000000000000e+00 0.000000000000000e+00
 0.000000000000000e+00 0.000000000000000e+00 0.000000000000000e+00 0.000000000000000e+00 0.000000000000000e+00 0.000000000000000e+00 0.000000000000000e+00 0.000000000000000e+00 0.000000000000000e+00 0.000000000000000e+00
 0.000000000000000e+00 0.000000000000000e+00 0.000000000000000e+00 0.000000000000000e+00 0.000000000000000e+00 0.000000000000000e+00 0.000000000000000e+00 0.000000000000000e+00 0.000000000000000e+00 0.000000000000000e+00
 0.000000000000000e+00 0.000000000000000e+00 0.000000000000000e+00 0.000000000000000e+00 0.000000000000000e+00 0.000000000000000e+00 0.000000000000000e+00 0.000000000000000e+00 0.000000000000000e+00 0.000000000000000e+00
 0.000000000000000e+00 0.000000000000000e+00 0.000000000000000e+00 0.000000000000000e+00 0.000000000000000e+00 0.000000000000000e+00 0.000000000000000e+00 0.000000000000000e+00 0.000000000000000e+00 0.000000000000000e+00
 0.000000000000000e+00 0.000000000000000e+00 0.000000000000000e+00 0.000000000000000e+00 0.000000000000000e+00 0.000000000000000e+00 0.000000000000000e+00 0.000000000000000e+00 0.000000000000000e+00 0.000000000000000e+00
 0.000000000000000e+00 0.000000000000000e+00 0.000000000000000e+00 0.000000000000000e+00 0.000000000000000e+00 0.000000000000000e+00 0.000000000000000e+00 0.000000000000000e+00 0.000000000000000e+00 0.000000000000000e+00
 0.000000000000000e+00 0.000000000000000e+00 0.000000000000000e+00 0.000000000000000e+00 0.000000000000000e+00 0.000000000000000e+00 0.000000000000000e+00 0.000000000000000e+00 0.000000000000000e+00 0.000000000000000e+00
 0.000000000000000e+00 0.000000000000000e+00 0.000000000000000e+00 0.000000000000000e+00 0.000000000000000e+00 0.000000000000000e+00 0.000000000000000e+00 0.000000000000000e+00 0.000000000000000e+00 0.000000000000000e+00
 0.000000000000000e+00 0.000000000000000e+00 0.000000000000000e+00 0.000000000000000e+00 0.000000000000000e+00 0.000000000000000e+00 0.000000000000000e+00 0.000000000000000e+00 0.000000000000000e+00 0.000000000000000e+00
 0.000000000000000e+00 0.000000000000000e+00 0.000000000000000e+00 0.000000000000000e+00 0.000000000000000e+00 0.000000000000000e+00 0.000000000000000e+00 0.000000000000000e+00 0.000000000000000e+00 0.000000000000000e+00
 0.000000000000000e+00 0.000000000000000e+00 0.000000000000000e+00 0.000000000000000e+00 0.000000000000000e+00 0.000000000000000e+00 0.000000000000000e+00 0.000000000000000e+00 0.000000000000000e+00 0.000000000000000e+00
 0.000000000000000e+00 0.000000000000000e+00 0.000000000000000e+00 0.000000000000000e+00 0.000000000000000e+00 0.000000000000000e+00 0.000000000000000e+00 0.000000000000000e+00 0.000000000000000e+00 0.000000000000000e+00
 0.000000000000000e+00 0.000000000000000e+00 0.000000000000000e+00 0.000000000000000e+00 0.000000000000000e+00 0.000000000000000e+00 0.000000000000000e+00 0.000000000000000e+00 0.000000000000000e+00 0.000000000000000e+00
 0.000000000000000e+00 0.000000000000000e+00 0.000000000000000e+00 0.000000000000000e+00 0.000000000000000e+00 0.000000000000000e+00 0.000000000000000e+00 0.000000000000000e+00 0.000000000000000e+00 0.000000000000000e+00
 0.000000000000000e+00 0.000000000000000e+00 0.000000000000000e+00 0.000000000000000e+00 0.000000000000000e+00 0.000000000000000e+00 0.000000000000000e+00 0.000000000000000e+00 0.000000000000000e+00 0.000000000000000e+00
 0.000000000000000e+00 0.000000000000000e+00 0.000000000000000e+00 0.000000000000000e+00 0.000000000000000e+00 0.000000000000000e+00 0.000000000000000e+00 0.000000000000000e+00 0.000000000000000e+00 0.000000000000000e+00
 0.000000000000000e+00 0.000000000000000e+00 0.000000000000000e+00 0.000000000000000e+00 0.000000000000000e+00 0.000000000000000e+00 0.000000000000000e+00 0.000000000000000e+00 0.000000000000000e+00 0.000000000000000e+00
 0.000000000000000e+00 0.000000000000000e+00 0.000000000000000e+00 0.000000000000000e+00 0.000000000000000e+00 0.000000000000000e+00 0.000000000000000e+00 0.000000000000000e+00 0.000000000000000e+00 0.000000000000000e+00
 0.000000000000000e+00 0.000000000000000e+00 0.000000000000000e+00 0.000000000000000e+00 0.000000000000000e+00 0.000000000000000e+00 0.000000000000000e+00 0.000000000000000e+00 0.000000000000000e+00 0.000000000000000e+00
 0.000000000000000e+00 0.000000000000000e+00 0.000000000000000e+00 0.000000000000000e+00 0.000000000000000e+00 0.000000000000000e+00 0.000000000000000e+00 0.000000000000000e+00 0.000000000000000e+00 0.000000000000000e+00
 0.000000000000000e+00 0.000000000000000e+00 0.000000000000000e+00 0.000000000000000e+00 0.000000000000000e+00 0.000000000000000e+00 0.000000000000000e+00 0.000000000000000e+00 0.000000000000000e+00 0.000000000000000e+00
 0.000000000000000e+00 0.000000000000000e+00 0.000000000000000e+00 0.000000000000000e+00 0.000000000000000e+00 0.000000000000000e+00 0.000000000000000e+00 0.000000000000000e+00 0.000000000000000e+00 0.000000000000000e+00
 0.000000000000000e+00 0.000000000000000e+00 0.000000000000000e+00 0.000000000000000e+00 0.000000000000000e+00 0.000000000000000e+00 0.000000000000000e+00 0.000000000000000e+00 0.000000000000000e+00 0.000000000000000e+00
 0.000000000000000e+00 0.000000000000000e+00 0.000000000000000e+00 0.000000000000000e+00 0.000000000000000e+00 0.000000000000000e+00 0.000000000000000e+00 0.000000000000000e+00 0.000000000000000e+00 0.000000000000000e+00
 0.000000000000000e+00 0.000000000000000e+00 0.000000000000000e+00 0.000000000000000e+00 0.000000000000000e+00 0.000000000000000e+00 0.000000000000000e+00 0.000000000000000e+00 0.000000000000000e+00 0.000000000000000e+00
 0.000000000000000e+00 0.000000000000000e+00 0.000000000000000e+00 0.000000000000000e+00 0.000000000000000e+00 0.000000000000000e+00 0.000000000000000e+00 0.000000000000000e+00 0.000000000000000e+00 0.000000000000000e+00
 0.000000000000000e+00 0.000000000000000e+00 0.000000000000000e+00 0.000000000000000e+00 0.000000000000000e+00 0.000000000000000e+00 0.000000000000000e+00 0.000000000000000e+00 0.000000000000000e+00 0.000000000000000e+00
 0.000000000000000e+00 0.000000000000000e+00 0.000000000000000e+00 0.000000000000000e+00 0.000000000000000e+00 0.000000000000000e+00 0.000000000000000e+00 0.000000000000000e+00 0.000000000000000e+00 0.000000000000000e+00
 0.000000000000000e+00 0.000000000000000e+00 0.000000000000000e+00 0.000000000000000e+00 0.000000000000000e+00 0.000000000000000e+00 0.000000000000000e+00 0.000000000000000e+00 0.000000000000000e+00 0.000000000000000e+00
 0.000000000000000e+00 0.000000000000000e+00 0.000000000000000e+00 0.000000000000000e+00 0.000000000000000e+00 0.000000000000000e+00 0.000000000000000e+00 0.000000000000000e+00 0.000000000000000e+00 0.000000000000000e+00
 0.000000000000000e+00 0.000000000000000e+00 0.000000000000000e+00 0.000000000000000e+00 0.000000000000000e+00 0.000000000000000e+00 0.000000000000000e+00 0.000000000000000e+00 0.000000000000000e+00 0.000000000000000e+00
 0.000000000000000e+00 0.000000000000000e+00 0.000000000000000e+00 0.000000000000000e+00 0.000000000000000e+00 0.000000000000000e+00 0.000000000000000e+00 0.000000000000000e+00 0.000000000000000e+00 0.000000000000000e+00
 0.000000000000000e+00 0.000000000000000e+00 0.000000000000000e+00 0.000000000000000e+00 0.000000000000000e+00 0.000000000000000e+00 0.000000000000000e+00 0.000000000000000e+00 0.000000000000000e+00 0.000000000000000e+00
 0.000000000000000e+00 0.000000000000000e+00 0.000000000000000e+00 0.000000000000000e+00 0.000000000000000e+00 0.000000000000000e+00 0.000000000000000e+00 0.000000000000000e+00 0.000000000000000e+00 0.000000000000000e+00
 0.000000000000000e+00 0.000000000000000e+00 0.000000000000000e+00 0.000000000000000e+00 0.000000000000000e+00 0.000000000000000e+00 0.000000000000000e+00 0.000000000000000e+00 0.000000000000000e+00 0.000000000000000e+00
 0.000000000000000e+00 0.000000000000000e+00 0.000000000000000e+00 0.000000000000000e+00 0.000000000000000e+00 0.000000000000000e+00 0.000000000000000e+00 0.000000000000000e+00 0.000000000000000e+00 0.000000000000000e+00
 0.000000000000000e+00 0.000000000000000e+00 0.000000000000000e+00 0.000000000000000e+00 0.000000000000000e+00 0.000000000000000e+00 0.000000000000000e+00 0.000000000000000e+00 0.000000000000000e+00 0.000000000000000e+00
 0.000000000000000e+00 0.000000000000000e+00 0.000000000000000e+00 0.000000000000000e+00 0.000000000000000e+00 0.000000000000000e+00 0.000000000000000e+00 0.000000000000000e+00 0.000000000000000e+00 0.000000000000000e+00
 0.000000000000000e+00 0.000000000000000e+00 0.000000000000000e+00 0.000000000000000e+00 0.000000000000000e+00 0.000000000000000e+00 0.000000000000000e+00 0.000000000000000e+00 0.000000000000000e+00 0.000000000000000e+00
 0.000000000000000e+00 0.000000000000000e+00 0.000000000000000e+00 0.000000000000000e+00 0.000000000000000e+00 0.000000000000000e+00 0.000000000000000e+00 0.000000000000000e+00 0.000000000000000e+00 0.000000000000000e+00
 0.000000000000000e+00 0.000000000000000e+00 0.000000000000000e+00 0.000000000000000e+00 0.000000000000000e+00 0.000000000000000e+00 0.000000000000000e+00 0.000000000000000e+00 0.000000000000000e+00 0.000000000000000e+00
 0.000000000000000e+00 0.000000000000000e+00 0.000000000000000e+00 0.000000000000000e+00 0.000000000000000e+00 0.000000000000000e+00 0.000000000000000e+00 0.000000000000000e+00 0.000000000000000e+00 0.000000000000000e+00
 0.000000000000000e+00 0.000000000000000e+00 0.000000000000000e+00 0.000000000000000e+00 0.000000000000000e+00 0.000000000000000e+00 0.000000000000000e+00 0.000000000000000e+00 0.000000000000000e+00 0.000000000000000e+00
 0.000000000000000e+00 0.000000000000000e+00 0.000000000000000e+00 0.000000000000000e+00 0.000000000000000e+00 0.000000000000000e+00 0.000000000000000e+00 0.000000000000000e+00 0.000000000000000e+00 0.000000000000000e+00
 0.000000000000000e+00 0.000000000000000e+00 0.000000000000000e+00 0.000000000000000e+00 0.000000000000000e+00 0.000000000000000e+00 0.000000000000000e+00 0.000000000000000e+00 0.000000000000000e+00 0.000000000000000e+00
 0.000000000000000e+00 0.000000000000000e+00 0.000000000000000e+00 0.000000000000000e+00 0.000000000000000e+00 0.000000000000000e+00 0.000000000000000e+00 0.000000000000000e+00 0.000000000000000e+00 0.000000000000000e+00
 0.000000000000000e+00 0.000000000000000e+00 0.000000000000000e+00 0.000000000000000e+00 0.000000000000000e+00 0.000000000000000e+00 0.000000000000000e+00 0.000000000000000e+00 0.000000000000000e+00 0.000000000000000e+00
 0.000000000000000e+00 0.000000000000000e+00 0.000000000000000e+00 0.000000000000000e+00 0.000000000000000e+00 0.000000000000000e+00 0.000000000000000e+00 0.000000000000000e+00 0.000000000000000e+00 0.000000000000000e+00
 0.000000000000000e+00 0.000000000000000e+00 0.000000000000000e+00 0.000000000000000e+00 0.000000000000000e+00 0.000000000000000e+00 0.000000000000000e+00 0.000000000000000e+00 0.000000000000000e+00 0.000000000000000e+00
 0.000000000000000e+00 0.000000000000000e+00 0.000000000000000e+00 0.000000000000000e+00 0.000000000000000e+00 0.000000000000000e+00 0.000000000000000e+00 0.000000000000000e+00 0.000000000000000e+00 0.000000000000000e+00
 0.000000000000000e+00 0.000000000000000e+00 0.000000000000000e+00 0.000000000000000e+00 0.000000000000000e+00 0.000000000000000e+00 0.000000000000000e+00 0.000000000000000e+00 0.000000000000000e+00 0.000000000000000e+00
 0.000000000000000e+00 0.000000000000000e+00 0.000000000000000e+00 0.000000000000000e+00 0.000000000000000e+00 0.000000000000000e+00 0.000000000000000e+00 0.000000000000000e+00 0.000000000000000e+00 0.000000000000000e+00
 0.000000000000000e+00 0.000000000000000e+00 0.000000000000000e+00 0.000000000000000e+00 0.000000000000000e+00 0.000000000000000e+00 0.000000000000000e+00 0.000000000000000e+00 0.000000000000000e+00 0.000000000000000e+00
 0.000000000000000e+00 0.000000000000000e+00 0.000000000000000e+00 0.000000000000000e+00 0.000000000000000e+00 0.000000000000000e+00 0.000000000000000e+00 0.000000000000000e+00 0.000000000000000e+00 0.000000000000000e+00
 0.000000000000000e+00 0.000000000000000e+00 0.000000000000000e+00 0.000000000000000e+00 0.000000000000000e+00 0.000000000000000e+00 0.000000000000000e+00 0.000000000000000e+00 0.000000000000000e+00 0.000000000000000e+00
 0.000000000000000e+00 0.000000000000000e+00 0.000000000000000e+00 0.000000000000000e+00 0.000000000000000e+00 0.000000000000000e+00 0.000000000000000e+00 0.000000000000000e+00 0.000000000000000e+00 0.000000000000000e+00
 0.000000000000000e+00 0.000000000000000e+00 0.000000000000000e+00 0.000000000000000e+00 0.000000000000000e+00 0.000000000000000e+00 0.000000000000000e+00 0.000000000000000e+00 0.000000000000000e+00 0.000000000000000e+00
 0.000000000000000e+00 0.000000000000000e+00 0.000000000000000e+00 0.000000000000000e+00 0.000000000000000e+00 0.000000000000000e+00 0.000000000000000e+00 0.000000000000000e+00 0.000000000000000e+00 0.000000000000000e+00
 0.000000000000000e+00 0.000000000000000e+00 0.000000000000000e+00 0.000000000000000e+00 0.000000000000000e+00 0.000000000000000e+00 0.000000000000000e+00 0.000000000000000e+00 0.000000000000000e+00 0.000000000000000e+00
 0.000000000000000e+00 0.000000000000000e+00 0.000000000000000e+00 0.000000000000000e+00 0.000000000000000e+00 0.000000000000000e+00 0.000000000000000e+00 0.000000000000000e+00 0.000000000000000e+00 0.000000000000000e+00
 0.000000000000000e+00 0.000000000000000e+00 0.000000000000000e+00 0.000000000000000e+00 0.000000000000000e+00 0.000000000000000e+00 0.000000000000000e+00 0.000000000000000e+00 0.000000000000000e+00 0.000000000000000e+00
 0.000000000000000e+00 0.000000000000000e+00 0.000000000000000e+00 0.000000000000000e+00 0.000000000000000e+00 0.000000000000000e+00 0.000000000000000e+00 0.000000000000000e+00 0.000000000000000e+00 0.000000000000000e+00
 0.000000000000000e+00 0.000000000000000e+00 0.000000000000000e+00 0.000000000000000e+00 0.000000000000000e+00 0.000000000000000e+00 0.000000000000000e+00 0.000000000000000e+00 0.000000000000000e+00 0.000000000000000e+00
 0.000000000000000e+00 0.000000000000000e+00 0.000000000000000e+00 0.000000000000000e+00 0.000000000000000e+00 0.000000000000000e+00 0.000000000000000e+00 0.000000000000000e+00 0.000000000000000e+00 0.000000000000000e+00
 0.000000000000000e+00 0.000000000000000e+00 0.000000000000000e+00 0.000000000000000e+00 0.000000000000000e+00 0.000000000000000e+00 0.000000000000000e+00 0.000000000000000e+00 0.000000000000000e+00 0.000000000000000e+00
 0.000000000000000e+00 0.000000000000000e+00 0.000000000000000e+00 0.000000000000000e+00 0.000000000000000e+00 0.000000000000000e+00 0.000000000000000e+00 0.000000000000000e+00 0.000000000000000e+00 0.000000000000000e+00
 0.000000000000000e+00 0.000000000000000e+00 0.000000000000000e+00 0.000000000000000e+00 0.000000000000000e+00 0.000000000000000e+00 0.000000000000000e+00 0.000000000000000e+00 0.000000000000000e+00 0.000000000000000e+00
 0.000000000000000e+00 0.000000000000000e+00 0.000000000000000e+00 0.000000000000000e+00 0.000000000000000e+00 0.000000000000000e+00 0.000000000000000e+00 0.000000000000000e+00 0.000000000000000e+00 0.000000000000000e+00
 0.000000000000000e+00 0.000000000000000e+00 0.000000000000000e+00 0.000000000000000e+00 0.000000000000000e+00 0.000000000000000e+00 0.000000000000000e+00 0.000000000000000e+00 0.000000000000000e+00 0.000000000000000e+00
 0.000000000000000e+00 0.000000000000000e+00 0.000000000000000e+00 0.000000000000000e+00 0.000000000000000e+00 0.000000000000000e+00 0.000000000000000e+00 0.000000000000000e+00 0.000000000000000e+00 0.000000000000000e+00
 0.000000000000000e+00 0.000000000000000e+00 0.000000000000000e+00 0.000000000000000e+00 0.000000000000000e+00 0.000000000000000e+00 0.000000000000000e+00 0.000000000000000e+00 0.000000000000000e+00 0.000000000000000e+00
 0.000000000000000e+00 0.000000000000000e+00 0.000000000000000e+00 0.000000000000000e+00 0.000000000000000e+00 0.000000000000000e+00 0.000000000000000e+00 0.000000000000000e+00 0.000000000000000e+00 0.000000000000000e+00
 0.000000000000000e+00 0.000000000000000e+00 0.000000000000000e+00 0.000000000000000e+00 0.000000000000000e+00 0.000000000000000e+00 0.000000000000000e+00 0.000000000000000e+00 0.000000000000000e+00 0.000000000000000e+00
 0.000000000000000e+00 0.000000000000000e+00 0.000000000000000e+00 0.000000000000000e+00 0.000000000000000e+00 0.000000000000000e+00 0.000000000000000e+00 0.000000000000000e+00 0.000000000000000e+00 0.000000000000000e+00
 0.000000000000000e+00 0.000000000000000e+00 0.000000000000000e+00 0.000000000000000e+00 0.000000000000000e+00 0.000000000000000e+00 0.000000000000000e+00 0.000000000000000e+00 0.000000000000000e+00 0.000000000000000e+00
 0.000000000000000e+00 0.000000000000000e+00 0.000000000000000e+00 0.000000000000000e+00 0.000000000000000e+00 0.000000000000000e+00 0.000000000000000e+00 0.000000000000000e+00 0.000000000000000e+00 0.000000000000000e+00
 0.000000000000000e+00 0.000000000000000e+00 0.000000000000000e+00 0.000000000000000e+00 0.000000000000000e+00 0.000000000000000e+00 0.000000000000000e+00 0.000000000000000e+00 0.000000000000000e+00 0.000000000000000e+00
 0.000000000000000e+00 0.000000000000000e+00 0.000000000000000e+00 0.000000000000000e+00 0.000000000000000e+00 0.000000000000000e+00 0.000000000000000e+00 0.000000000000000e+00 0.000000000000000e+00 0.000000000000000e+00
 0.000000000000000e+00 0.000000000000000e+00 0.000000000000000e+00 0.000000000000000e+00 0.000000000000000e+00 0.000000000000000e+00 0.000000000000000e+00 0.000000000000000e+00 0.000000000000000e+00 0.000000000000000e+00
 0.000000000000000e+00 0.000000000000000e+00 0.000000000000000e+00 0.000000000000000e+00 0.000000000000000e+00 0.000000000000000e+00 0.000000000000000e+00 0.000000000000000e+00 0.000000000000000e+00 0.000000000000000e+00
 0.000000000000000e+00 0.000000000000000e+00 0.000000000000000e+00 0.000000000000000e+00 0.000000000000000e+00 0.000000000000000e+00 0.000000000000000e+00 0.000000000000000e+00 0.000000000000000e+00 0.000000000000000e+00
 0.000000000000000e+00 0.000000000000000e+00 0.000000000000000e+00 0.000000000000000e+00 0.000000000000000e+00 0.000000000000000e+00 0.000000000000000e+00 0.000000000000000e+00 0.000000000000000e+00 0.000000000000000e+00
 0.000000000000000e+00 0.000000000000000e+00 0.000000000000000e+00 0.000000000000000e+00 0.000000000000000e+00 0.000000000000000e+00 0.000000000000000e+00 0.000000000000000e+00 0.000000000000000e+00 0.000000000000000e+00
 0.000000000000000e+00 0.000000000000000e+00 0.000000000000000e+00 0.000000000000000e+00 0.000000000000000e+00 0.000000000000000e+00 0.000000000000000e+00 0.000000000000000e+00 0.000000000000000e+00 0.000000000000000e+00
 0.000000000000000e+00 0.000000000000000e+00 0.000000000000000e+00 0.000000000000000e+00 0.000000000000000e+00 0.000000000000000e+00 0.000000000000000e+00 0.000000000000000e+00 0.000000000000000e+00 0.000000000000000e+00
 0.000000000000000e+00 0.000000000000000e+00 0.000000000000000e+00 0.000000000000000e+00 0.000000000000000e+00 0.000000000000000e+00 0.000000000000000e+00 0.000000000000000e+00 0.000000000000000e+00 0.000000000000000e+00
 0.000000000000000e+00 0.000000000000000e+00 0.000000000000000e+00 0.000000000000000e+00 0.000000000000000e+00 0.000000000000000e+00 0.000000000000000e+00 0.000000000000000e+00 0.000000000000000e+00 0.000000000000000e+00
 0.000000000000000e+00 0.000000000000000e+00 0.000000000000000e+00 0.000000000000000e+00 0.000000000000000e+00 0.000000000000000e+00 0.000000000000000e+00 0.000000000000000e+00 0.000000000000000e+00 0.000000000000000e+00
 0.000000000000000e+00 0.000000000000000e+00 0.000000000000000e+00 0.000000000000000e+00 0.000000000000000e+00 0.000000000000000e+00 0.000000000000000e+00 0.000000000000000e+00 0.000000000000000e+00 0.000000000000000e+00
 0.000000000000000e+00 0.000000000000000e+00 0.000000000000000e+00 0.000000000000000e+00 0.000000000000000e+00 0.000000000000000e+00 0.000000000000000e+00 0.000000000000000e+00 0.000000000000000e+00 0.000000000000000e+00
 0.000000000000000e+00 0.000000000000000e+00 0.000000000000000e+00 0.000000000000000e+00 0.000000000000000e+00 0.000000000000000e+00 0.000000000000000e+00 0.000000000000000e+00 0.000000000000000e+00 0.000000000000000e+00
 0.000000000000000e+00 0.000000000000000e+00 0.000000000000000e+00 0.000000000000000e+00 0.000000000000000e+00 0.000000000000000e+00 0.000000000000000e+00 0.000000000000000e+00 0.000000000000000e+00 0.000000000000000e+00
 0.000000000000000e+00 0.000000000000000e+00 0.000000000000000e+00 0.000000000000000e+00 0.000000000000000e+00 0.000000000000000e+00 0.000000000000000e+00 0.000000000000000e+00 0.000000000000000e+00 0.000000000000000e+00
 0.000000000000000e+00 0.000000000000000e+00 0.000000000000000e+00 0.000000000000000e+00 0.000000000000000e+00 0.000000000000000e+00 0.000000000000000e+00 0.000000000000000e+00 0.000000000000000e+00 0.000000000000000e+00
 0.000000000000000e+00 0.000000000000000e+00 0.000000000000000e+00 0.000000000000000e+00 0.000000000000000e+00 0.000000000000000e+00 0.000000000000000e+00 0.000000000000000e+00 0.000000000000000e+00 0.000000000000000e+00
 0.000000000000000e+00 0.000000000000000e+00 0.000000000000000e+00 0.000000000000000e+00 0.000000000000000e+00 0.000000000000000e+00 0.000000000000000e+00 0.000000000000000e+00 0.000000000000000e+00 0.000000000000000e+00
 0.000000000000000e+00 0.000000000000000e+00 0.000000000000000e+00 0.000000000000000e+00 0.000000000000000e+00 0.000000000000000e+00 0.000000000000000e+00 0.000000000000000e+00 0.000000000000000e+00 0.000000000000000e+00
 0.000000000000000e+00 0.000000000000000e+00 0.000000000000000e+00 0.000000000000000e+00 0.000000000000000e+00 0.000000000000000e+00 0.000000000000000e+00 0.000000000000000e+00 0.000000000000000e+00 0.000000000000000e+00
 0.000000000000000e+00 0.000000000000000e+00 0.000000000000000e+00 0.000000000000000e+00 0.000000000000000e+00 0.000000000000000e+00 0.000000000000000e+00 0.000000000000000e+00 0.000000000000000e+00 0.000000000000000e+00
 0.000000000000000e+00 0.000000000000000e+00 0.000000000000000e+00 0.000000000000000e+00 0.000000000000000e+00 0.000000000000000e+00 0.000000000000000e+00 0.000000000000000e+00 0.000000000000000e+00 0.000000000000000e+00
 0.000000000000000e+00 0.000000000000000e+00 0.000000000000000e+00 0.000000000000000e+00 0.000000000000000e+00 0.000000000000000e+00 0.000000000000000e+00 0.000000000000000e+00 0.000000000000000e+00 0.000000000000000e+00
 0.000000000000000e+00 0.000000000000000e+00 0.000000000000000e+00 0.000000000000000e+00 0.000000000000000e+00 0.000000000000000e+00 0.000000000000000e+00 0.000000000000000e+00 0.000000000000000e+00 0.000000000000000e+00
 0.000000000000000e+00 0.000000000000000e+00 0.000000000000000e+00 0.000000000000000e+00 0.000000000000000e+00 0.000000000000000e+00 0.000000000000000e+00 0.000000000000000e+00 0.000000000000000e+00 0.000000000000000e+00
 0.000000000000000e+00 0.000000000000000e+00 0.000000000000000e+00 0.000000000000000e+00 0.000000000000000e+00 0.000000000000000e+00 0.000000000000000e+00 0.000000000000000e+00 0.000000000000000e+00 0.000000000000000e+00
 0.000000000000000e+00 0.000000000000000e+00 0.000000000000000e+00 0.000000000000000e+00 0.000000000000000e+00 0.000000000000000e+00 0.000000000000000e+00 0.000000000000000e+00 0.000000000000000e+00 0.000000000000000e+00
 0.000000000000000e+00 0.000000000000000e+00 0.000000000000000e+00 0.000000000000000e+00 0.000000000000000e+00 0.000000000000000e+00 0.000000000000000e+00 0.000000000000000e+00 0.000000000000000e+00 0.000000000000000e+00
 0.000000000000000e+00 0.000000000000000e+00 0.000000000000000e+00 0.000000000000000e+00 0.000000000000000e+00 0.000000000000000e+00 0.000000000000000e+00 0.000000000000000e+00 0.000000000000000e+00 0.000000000000000e+00
 0.000000000000000e+00 0.000000000000000e+00 0.000000000000000e+00 0.000000000000000e+00 0.000000000000000e+00 0.000000000000000e+00 0.000000000000000e+00 0.000000000000000e+00 0.000000000000000e+00 0.000000000000000e+00
 0.000000000000000e+00 0.000000000000000e+00 0.000000000000000e+00 0.000000000000000e+00 0.000000000000000e+00 0.000000000000000e+00 0.000000000000000e+00 0.000000000000000e+00 0.000000000000000e+00 0.000000000000000e+00
 0.000000000000000e+00 0.000000000000000e+00 0.000000000000000e+00 0.000000000000000e+00 0.000000000000000e+00 0.000000000000000e+00 0.000000000000000e+00 0.000000000000000e+00 0.000000000000000e+00 0.000000000000000e+00
 0.000000000000000e+00 0.000000000000000e+00 0.000000000000000e+00 0.000000000000000e+00 0.000000000000000e+00 0.000000000000000e+00 0.000000000000000e+00 0.000000000000000e+00 0.000000000000000e+00 0.000000000000000e+00
 0.000000000000000e+00 0.000000000000000e+00 0.000000000000000e+00 0.000000000000000e+00 0.000000000000000e+00 0.000000000000000e+00 0.000000000000000e+00 0.000000000000000e+00 0.000000000000000e+00 0.000000000000000e+00
 0.000000000000000e+00 0.000000000000000e+00 0.000000000000000e+00 0.000000000000000e+00 0.000000000000000e+00 0.000000000000000e+00 0.000000000000000e+00 0.000000000000000e+00 0.000000000000000e+00 0.000000000000000e+00
 0.000000000000000e+00 0.000000000000000e+00 0.000000000000000e+00 0.000000000000000e+00 0.000000000000000e+00 0.000000000000000e+00 0.000000000000000e+00 0.000000000000000e+00 0.000000000000000e+00 0.000000000000000e+00
 0.000000000000000e+00 0.000000000000000e+00 0.000000000000000e+00 0.000000000000000e+00 0.000000000000000e+00 0.000000000000000e+00 0.000000000000000e+00 0.000000000000000e+00 0.000000000000000e+00 0.000000000000000e+00
 0.000000000000000e+00 0.000000000000000e+00 0.000000000000000e+00 0.000000000000000e+00 0.000000000000000e+00 0.000000000000000e+00 0.000000000000000e+00 0.000000000000000e+00 0.000000000000000e+00 0.000000000000000e+00
 0.000000000000000e+00 0.000000000000000e+00 0.000000000000000e+00 0.000000000000000e+00 0.000000000000000e+00 0.000000000000000e+00 0.000000000000000e+00 0.000000000000000e+00 0.000000000000000e+00 0.000000000000000e+00
 0.000000000000000e+00 0.000000000000000e+00 0.000000000000000e+00 0.000000000000000e+00 0.000000000000000e+00 0.000000000000000e+00 0.000000000000000e+00 0.000000000000000e+00 0.000000000000000e+00 0.000000000000000e+00
 0.000000000000000e+00 0.000000000000000e+00 0.000000000000000e+00 0.000000000000000e+00 0.000000000000000e+00 0.000000000000000e+00 0.000000000000000e+00 0.000000000000000e+00 0.000000000000000e+00 0.000000000000000e+00
 0.000000000000000e+00 0.000000000000000e+00 0.000000000000000e+00 0.000000000000000e+00 0.000000000000000e+00 0.000000000000000e+00 0.000000000000000e+00 0.000000000000000e+00 0.000000000000000e+00 0.000000000000000e+00
 0.000000000000000e+00 0.000000000000000e+00 0.000000000000000e+00 0.000000000000000e+00 0.000000000000000e+00 0.000000000000000e+00 0.000000000000000e+00 0.000000000000000e+00 0.000000000000000e+00 0.000000000000000e+00
 0.000000000000000e+00 0.000000000000000e+00 0.000000000000000e+00 0.000000000000000e+00 0.000000000000000e+00 0.000000000000000e+00 0.000000000000000e+00 0.000000000000000e+00 0.000000000000000e+00 0.000000000000000e+00
 0.000000000000000e+00 0.000000000000000e+00 0.000000000000000e+00 0.000000000000000e+00 0.000000000000000e+00 0.000000000000000e+00 0.000000000000000e+00 0.000000000000000e+00 0.000000000000000e+00 0.000000000000000e+00
 0.000000000000000e+00 0.000000000000000e+00 0.000000000000000e+00 0.000000000000000e+00 0.000000000000000e+00 0.000000000000000e+00 0.000000000000000e+00 0.000000000000000e+00 0.000000000000000e+00 0.000000000000000e+00
 0.000000000000000e+00 0.000000000000000e+00 0.000000000000000e+00 0.000000000000000e+00 0.000000000000000e+00 0.000000000000000e+00 0.000000000000000e+00 0.000000000000000e+00 0.000000000000000e+00 0.000000000000000e+00
 0.000000000000000e+00 0.000000000000000e+00 0.000000000000000e+00 0.000000000000000e+00 0.000000000000000e+00 0.000000000000000e+00 0.000000000000000e+00 0.000000000000000e+00 0.000000000000000e+00 0.000000000000000e+00
 0.000000000000000e+00 0.000000000000000e+00 0.000000000000000e+00 0.000000000000000e+00 0.000000000000000e+00 0.000000000000000e+00 0.000000000000000e+00 0.000000000000000e+00 0.000000000000000e+00 0.000000000000000e+00
 0.000000000000000e+00 0.000000000000000e+00 0.000000000000000e+00 0.000000000000000e+00 0.000000000000000e+00 0.000000000000000e+00 0.000000000000000e+00 0.000000000000000e+00 0.000000000000000e+00 0.000000000000000e+00
 0.000000000000000e+00 0.000000000000000e+00 0.000000000000000e+00 0.000000000000000e+00 0.000000000000000e+00 0.000000000000000e+00 0.000000000000000e+00 0.000000000000000e+00 0.000000000000000e+00 0.000000000000000e+00
 0.000000000000000e+00 0.000000000000000e+00 0.000000000000000e+00 0.000000000000000e+00 0.000000000000000e+00 0.000000000000000e+00 0.000000000000000e+00 0.000000000000000e+00 0.000000000000000e+00 0.000000000000000e+00
 0.000000000000000e+00 0.000000000000000e+00 0.000000000000000e+00 0.000000000000000e+00 0.000000000000000e+00 0.000000000000000e+00 0.000000000000000e+00 0.000000000000000e+00 0.000000000000000e+00 0.000000000000000e+00
 0.000000000000000e+00 0.000000000000000e+00 0.000000000000000e+00 0.000000000000000e+00 0.000000000000000e+00 0.000000000000000e+00 0.000000000000000e+00 0.000000000000000e+00 0.000000000000000e+00 0.000000000000000e+00
 0.000000000000000e+00 0.000000000000000e+00 0.000000000000000e+00 0.000000000000000e+00 0.000000000000000e+00 0.000000000000000e+00 0.000000000000000e+00 0.000000000000000e+00 0.000000000000000e+00 0.000000000000000e+00
 0.000000000000000e+00 0.000000000000000e+00 0.000000000000000e+00 0.000000000000000e+00 0.000000000000000e+00 0.000000000000000e+00 0.000000000000000e+00 0.000000000000000e+00 0.000000000000000e+00 0.000000000000000e+00
 0.000000000000000e+00 0.000000000000000e+00 0.000000000000000e+00 0.000000000000000e+00 0.000000000000000e+00 0.000000000000000e+00 0.000000000000000e+00 0.000000000000000e+00 0.000000000000000e+00 0.000000000000000e+00
 0.000000000000000e+00 0.000000000000000e+00 0.000000000000000e+00 0.000000000000000e+00 0.000000000000000e+00 0.000000000000000e+00 0.000000000000000e+00 0.000000000000000e+00 0.000000000000000e+00 0.000000000000000e+00
 0.000000000000000e+00 0.000000000000000e+00 0.000000000000000e+00 0.000000000000000e+00 0.000000000000000e+00 0.000000000000000e+00 0.000000000000000e+00 0.000000000000000e+00 0.000000000000000e+00 0.000000000000000e+00
 0.000000000000000e+00 0.000000000000000e+00 0.000000000000000e+00 0.000000000000000e+00 0.000000000000000e+00 0.000000000000000e+00 0.000000000000000e+00 0.000000000000000e+00 0.000000000000000e+00 0.000000000000000e+00
 0.000000000000000e+00 0.000000000000000e+00 0.000000000000000e+00 0.000000000000000e+00 0.000000000000000e+00 0.000000000000000e+00 0.000000000000000e+00 0.000000000000000e+00 0.000000000000000e+00 0.000000000000000e+00
 0.000000000000000e+00 0.000000000000000e+00 0.000000000000000e+00 0.000000000000000e+00 0.000000000000000e+00 0.000000000000000e+00 0.000000000000000e+00 0.000000000000000e+00 0.000000000000000e+00 0.000000000000000e+00
 0.000000000000000e+00 0.000000000000000e+00 0.000000000000000e+00 0.000000000000000e+00 0.000000000000000e+00 0.000000000000000e+00 0.000000000000000e+00 0.000000000000000e+00 0.000000000000000e+00 0.000000000000000e+00
 0.000000000000000e+00 0.000000000000000e+00 0.000000000000000e+00 0.000000000000000e+00 0.000000000000000e+00 0.000000000000000e+00 0.000000000000000e+00 0.000000000000000e+00 0.000000000000000e+00 0.000000000000000e+00
 0.000000000000000e+00 0.000000000000000e+00 0.000000000000000e+00 0.000000000000000e+00 0.000000000000000e+00 0.000000000000000e+00 0.000000000000000e+00 0.000000000000000e+00 0.000000000000000e+00 0.000000000000000e+00
 0.000000000000000e+00 0.000000000000000e+00 0.000000000000000e+00 0.000000000000000e+00 0.000000000000000e+00 0.000000000000000e+00 0.000000000000000e+00 0.000000000000000e+00 0.000000000000000e+00 0.000000000000000e+00
 0.000000000000000e+00 0.000000000000000e+00 0.000000000000000e+00 0.000000000000000e+00 0.000000000000000e+00 0.000000000000000e+00 0.000000000000000e+00 0.000000000000000e+00 0.000000000000000e+00 0.000000000000000e+00
 0.000000000000000e+00 0.000000000000000e+00 0.000000000000000e+00 0.000000000000000e+00 0.000000000000000e+00 0.000000000000000e+00 0.000000000000000e+00 0.000000000000000e+00 0.000000000000000e+00 0.000000000000000e+00
 0.000000000000000e+00 0.000000000000000e+00 0.000000000000000e+00 0.000000000000000e+00 0.000000000000000e+00 0.000000000000000e+00 0.000000000000000e+00 0.000000000000000e+00 0.000000000000000e+00 0.000000000000000e+00
 0.000000000000000e+00 0.000000000000000e+00 0.000000000000000e+00 0.000000000000000e+00 0.000000000000000e+00 0.000000000000000e+00 0.000000000000000e+00 0.000000000000000e+00 0.000000000000000e+00 0.000000000000000e+00
 0.000000000000000e+00 0.000000000000000e+00 0.000000000000000e+00 0.000000000000000e+00 0.000000000000000e+00 0.000000000000000e+00 0.000000000000000e+00 0.000000000000000e+00 0.000000000000000e+00 0.000000000000000e+00
 0.000000000000000e+00 0.000000000000000e+00 0.000000000000000e+00 0.000000000000000e+00 0.000000000000000e+00 0.000000000000000e+00 0.000000000000000e+00 0.000000000000000e+00 0.000000000000000e+00 0.000000000000000e+00
 0.000000000000000e+00 0.000000000000000e+00 0.000000000000000e+00 0.000000000000000e+00 0.000000000000000e+00 0.000000000000000e+00 0.000000000000000e+00 0.000000000000000e+00 0.000000000000000e+00 0.000000000000000e+00
 0.000000000000000e+00 0.000000000000000e+00 0.000000000000000e+00 0.000000000000000e+00 0.000000000000000e+00 0.000000000000000e+00 0.000000000000000e+00 0.000000000000000e+00 0.000000000000000e+00 0.000000000000000e+00
 0.000000000000000e+00 0.000000000000000e+00 0.000000000000000e+00 0.000000000000000e+00 0.000000000000000e+00 0.000000000000000e+00 0.000000000000000e+00 0.000000000000000e+00 0.000000000000000e+00 0.000000000000000e+00
 0.000000000000000e+00 0.000000000000000e+00 0.000000000000000e+00 0.000000000000000e+00 0.000000000000000e+00 0.000000000000000e+00 0.000000000000000e+00 0.000000000000000e+00 0.000000000000000e+00 0.000000000000000e+00
 0.000000000000000e+00 0.000000000000000e+00 0.000000000000000e+00 0.000000000000000e+00 0.000000000000000e+00 0.000000000000000e+00 0.000000000000000e+00 0.000000000000000e+00 0.000000000000000e+00 0.000000000000000e+00
 0.000000000000000e+00 0.000000000000000e+00 0.000000000000000e+00 0.000000000000000e+00 0.000000000000000e+00 0.000000000000000e+00 0.000000000000000e+00 0.000000000000000e+00 0.000000000000000e+00 0.000000000000000e+00
 0.000000000000000e+00 0.000000000000000e+00 0.000000000000000e+00 0.000000000000000e+00 0.000000000000000e+00 0.000000000000000e+00 0.000000000000000e+00 0.000000000000000e+00 0.000000000000000e+00 0.000000000000000e+00
 0.000000000000000e+00 0.000000000000000e+00 0.000000000000000e+00 0.000000000000000e+00 0.000000000000000e+00 0.000000000000000e+00 0.000000000000000e+00 0.000000000000000e+00 0.000000000000000e+00 0.000000000000000e+00
 0.000000000000000e+00 0.000000000000000e+00 0.000000000000000e+00 0.000000000000000e+00 0.000000000000000e+00 0.000000000000000e+00 0.000000000000000e+00 0.000000000000000e+00 0.000000000000000e+00 0.000000000000000e+00
 0.000000000000000e+00 0.000000000000000e+00 0.000000000000000e+00 0.000000000000000e+00 0.000000000000000e+00 0.000000000000000e+00 0.000000000000000e+00 0.000000000000000e+00 0.000000000000000e+00 0.000000000000000e+00
 0.000000000000000e+00 0.000000000000000e+00 0.000000000000000e+00 0.000000000000000e+00 0.000000000000000e+00 0.000000000000000e+00 0.000000000000000e+00 0.000000000000000e+00 0.000000000000000e+00 0.000000000000000e+00
 0.000000000000000e+00 0.000000000000000e+00 0.000000000000000e+00 0.000000000000000e+00 0.000000000000000e+00 0.000000000000000e+00 0.000000000000000e+00 0.000000000000000e+00 0.000000000000000e+00 0.000000000000000e+00
 0.000000000000000e+00 0.000000000000000e+00 0.000000000000000e+00 0.000000000000000e+00 0.000000000000000e+00 0.000000000000000e+00 0.000000000000000e+00 0.000000000000000e+00 0.000000000000000e+00 0.000000000000000e+00
 0.000000000000000e+00 0.000000000000000e+00 0.000000000000000e+00 0.000000000000000e+00 0.000000000000000e+00 0.000000000000000e+00 0.000000000000000e+00 0.000000000000000e+00 0.000000000000000e+00 0.000000000000000e+00
 0.000000000000000e+00 0.000000000000000e+00 0.000000000000000e+00 0.000000000000000e+00 0.000000000000000e+00 0.000000000000000e+00 0.000000000000000e+00 0.000000000000000e+00 0.000000000000000e+00 0.000000000000000e+00
 0.000000000000000e+00 0.000000000000000e+00 0.000000000000000e+00 0.000000000000000e+00 0.000000000000000e+00 0.000000000000000e+00 0.000000000000000e+00 0.000000000000000e+00 0.000000000000000e+00 0.000000000000000e+00
 0.000000000000000e+00 0.000000000000000e+00 0.000000000000000e+00 0.000000000000000e+00 0.000000000000000e+00 0.000000000000000e+00 0.000000000000000e+00 0.000000000000000e+00 0.000000000000000e+00 0.000000000000000e+00
 0.000000000000000e+00 0.000000000000000e+00 0.000000000000000e+00 0.000000000000000e+00 0.000000000000000e+00 0.000000000000000e+00 0.000000000000000e+00 0.000000000000000e+00 0.000000000000000e+00 0.000000000000000e+00
 0.000000000000000e+00 0.000000000000000e+00 0.000000000000000e+00 0.000000000000000e+00 0.000000000000000e+00 0.000000000000000e+00 0.000000000000000e+00 0.000000000000000e+00 0.000000000000000e+00 0.000000000000000e+00
 0.000000000000000e+00 0.000000000000000e+00 0.000000000000000e+00 0.000000000000000e+00 0.000000000000000e+00 0.000000000000000e+00 0.000000000000000e+00 0.000000000000000e+00 0.000000000000000e+00 0.000000000000000e+00
 0.000000000000000e+00 0.000000000000000e+00 0.000000000000000e+00 0.000000000000000e+00 0.000000000000000e+00 0.000000000000000e+00 0.000000000000000e+00 0.000000000000000e+00 0.000000000000000e+00 0.000000000000000e+00
 0.000000000000000e+00 0.000000000000000e+00 0.000000000000000e+00 0.000000000000000e+00 0.000000000000000e+00 0.000000000000000e+00 0.000000000000000e+00 0.000000000000000e+00 0.000000000000000e+00 0.000000000000000e+00
 0.000000000000000e+00 0.000000000000000e+00 0.000000000000000e+00 0.000000000000000e+00 0.000000000000000e+00 0.000000000000000e+00 0.000000000000000e+00 0.000000000000000e+00 0.000000000000000e+00 0.000000000000000e+00
 0.000000000000000e+00 0.000000000000000e+00 0.000000000000000e+00 0.000000000000000e+00 0.000000000000000e+00 0.000000000000000e+00 0.000000000000000e+00 0.000000000000000e+00 0.000000000000000e+00 0.000000000000000e+00
 0.000000000000000e+00 0.000000000000000e+00 0.000000000000000e+00 0.000000000000000e+00 0.000000000000000e+00 0.000000000000000e+00 0.000000000000000e+00 0.000000000000000e+00 0.000000000000000e+00 0.000000000000000e+00
 0.000000000000000e+00 0.000000000000000e+00 0.000000000000000e+00 0.000000000000000e+00 0.000000000000000e+00 0.000000000000000e+00 0.000000000000000e+00 0.000000000000000e+00 0.000000000000000e+00 0.000000000000000e+00
 0.000000000000000e+00 0.000000000000000e+00 0.000000000000000e+00 0.000000000000000e+00 0.000000000000000e+00 0.000000000000000e+00 0.000000000000000e+00 0.000000000000000e+00 0.000000000000000e+00 0.000000000000000e+00
 0.000000000000000e+00 0.000000000000000e+00 0.000000000000000e+00 0.000000000000000e+00 0.000000000000000e+00 0.000000000000000e+00 0.000000000000000e+00 0.000000000000000e+00 0.000000000000000e+00 0.000000000000000e+00
 0.000000000000000e+00 0.000000000000000e+00 0.000000000000000e+00 0.000000000000000e+00 0.000000000000000e+00 0.000000000000000e+00 0.000000000000000e+00 0.000000000000000e+00 0.000000000000000e+00 0.000000000000000e+00
 0.000000000000000e+00 0.000000000000000e+00 0.000000000000000e+00 0.000000000000000e+00 0.000000000000000e+00 0.000000000000000e+00 0.000000000000000e+00 0.000000000000000e+00 0.000000000000000e+00 0.000000000000000e+00
 0.000000000000000e+00 0.000000000000000e+00 0.000000000000000e+00 0.000000000000000e+00 0.000000000000000e+00 0.000000000000000e+00 0.000000000000000e+00 0.000000000000000e+00 0.000000000000000e+00 0.000000000000000e+00
 0.000000000000000e+00 0.000000000000000e+00 0.000000000000000e+00 0.000000000000000e+00 0.000000000000000e+00 0.000000000000000e+00 0.000000000000000e+00 0.000000000000000e+00 0.000000000000000e+00 0.000000000000000e+00
 0.000000000000000e+00 0.000000000000000e+00 0.000000000000000e+00 0.000000000000000e+00 0.000000000000000e+00 0.000000000000000e+00 0.000000000000000e+00 0.000000000000000e+00 0.000000000000000e+00 0.000000000000000e+00
 0.000000000000000e+00 0.000000000000000e+00 0.000000000000000e+00 0.000000000000000e+00 0.000000000000000e+00 0.000000000000000e+00 0.000000000000000e+00 0.000000000000000e+00 0.000000000000000e+00 0.000000000000000e+00
 0.000000000000000e+00 0.000000000000000e+00 0.000000000000000e+00 0.000000000000000e+00 0.000000000000000e+00 0.000000000000000e+00 0.000000000000000e+00 0.000000000000000e+00 0.000000000000000e+00 0.000000000000000e+00
 0.000000000000000e+00 0.000000000000000e+00 0.000000000000000e+00 0.000000000000000e+00 0.000000000000000e+00 0.000000000000000e+00 0.000000000000000e+00 0.000000000000000e+00 0.000000000000000e+00 0.000000000000000e+00
 0.000000000000000e+00 0.000000000000000e+00 0.000000000000000e+00 0.000000000000000e+00 0.000000000000000e+00 0.000000000000000e+00 0.000000000000000e+00 0.000000000000000e+00 0.000000000000000e+00 0.000000000000000e+00
 0.000000000000000e+00 0.000000000000000e+00 0.000000000000000e+00 0.000000000000000e+00 0.000000000000000e+00 0.000000000000000e+00 0.000000000000000e+00 0.000000000000000e+00 0.000000000000000e+00 0.000000000000000e+00
 0.000000000000000e+00 0.000000000000000e+00 0.000000000000000e+00 0.000000000000000e+00 0.000000000000000e+00 0.000000000000000e+00 0.000000000000000e+00 0.000000000000000e+00 0.000000000000000e+00 0.000000000000000e+00
 0.000000000000000e+00 0.000000000000000e+00 0.000000000000000e+00 0.000000000000000e+00 0.000000000000000e+00 0.000000000000000e+00 0.000000000000000e+00 0.000000000000000e+00 0.000000000000000e+00 0.000000000000000e+00
 0.000000000000000e+00 0.000000000000000e+00 0.000000000000000e+00 0.000000000000000e+00 0.000000000000000e+00 0.000000000000000e+00 0.000000000000000e+00 0.000000000000000e+00 0.000000000000000e+00 0.000000000000000e+00
 0.000000000000000e+00 0.000000000000000e+00 0.000000000000000e+00 0.000000000000000e+00 0.000000000000000e+00 0.000000000000000e+00 0.000000000000000e+00 0.000000000000000e+00 0.000000000000000e+00 0.000000000000000e+00
 0.000000000000000e+00 0.000000000000000e+00 0.000000000000000e+00 0.000000000000000e+00 0.000000000000000e+00 0.000000000000000e+00 0.000000000000000e+00 0.000000000000000e+00 0.000000000000000e+00 0.000000000000000e+00
 0.000000000000000e+00 0.000000000000000e+00 0.000000000000000e+00 0.000000000000000e+00 0.000000000000000e+00 0.000000000000000e+00 0.000000000000000e+00 0.000000000000000e+00 0.000000000000000e+00 0.000000000000000e+00
 0.000000000000000e+00 0.000000000000000e+00 0.000000000000000e+00 0.000000000000000e+00 0.000000000000000e+00 0.000000000000000e+00 0.000000000000000e+00 0.000000000000000e+00 0.000000000000000e+00 0.000000000000000e+00
 0.000000000000000e+00 0.000000000000000e+00 0.000000000000000e+00 0.000000000000000e+00 0.000000000000000e+00 0.000000000000000e+00 0.000000000000000e+00 0.000000000000000e+00 0.000000000000000e+00 0.000000000000000e+00
 0.000000000000000e+00 0.000000000000000e+00 0.000000000000000e+00 0.000000000000000e+00 0.000000000000000e+00 0.000000000000000e+00 0.000000000000000e+00 0.000000000000000e+00 0.000000000000000e+00 0.000000000000000e+00
 0.000000000000000e+00 0.000000000000000e+00 0.000000000000000e+00 0.000000000000000e+00 0.000000000000000e+00 0.000000000000000e+00 0.000000000000000e+00 0.000000000000000e+00 0.000000000000000e+00 0.000000000000000e+00
 0.000000000000000e+00 0.000000000000000e+00 0.000000000000000e+00 0.000000000000000e+00 0.000000000000000e+00 0.000000000000000e+00 0.000000000000000e+00 0.000000000000000e+00 0.000000000000000e+00 0.000000000000000e+00
 0.000000000000000e+00 0.000000000000000e+00 0.000000000000000e+00 0.000000000000000e+00 0.000000000000000e+00 0.000000000000000e+00 0.000000000000000e+00 0.000000000000000e+00 0.000000000000000e+00 0.000000000000000e+00
 0.000000000000000e+00 0.000000000000000e+00 0.000000000000000e+00 0.000000000000000e+00 0.000000000000000e+00 0.000000000000000e+00 0.000000000000000e+00 0.000000000000000e+00 0.000000000000000e+00 0.000000000000000e+00
 0.000000000000000e+00 0.000000000000000e+00 0.000000000000000e+00 0.000000000000000e+00 0.000000000000000e+00 0.000000000000000e+00 0.000000000000000e+00 0.000000000000000e+00 0.000000000000000e+00 0.000000000000000e+00
 0.000000000000000e+00 0.000000000000000e+00 0.000000000000000e+00 0.000000000000000e+00 0.000000000000000e+00 0.000000000000000e+00 0.000000000000000e+00 0.000000000000000e+00 0.000000000000000e+00 0.000000000000000e+00
 0.000000000000000e+00 0.000000000000000e+00 0.000000000000000e+00 0.000000000000000e+00 0.000000000000000e+00 0.000000000000000e+00 0.000000000000000e+00 0.000000000000000e+00 0.000000000000000e+00 0.000000000000000e+00
 0.000000000000000e+00 0.000000000000000e+00 0.000000000000000e+00 0.000000000000000e+00 0.000000000000000e+00 0.000000000000000e+00 0.000000000000000e+00 0.000000000000000e+00 0.000000000000000e+00 0.000000000000000e+00
 0.000000000000000e+00 0.000000000000000e+00 0.000000000000000e+00 0.000000000000000e+00 0.000000000000000e+00 0.000000000000000e+00 0.000000000000000e+00 0.000000000000000e+00 0.000000000000000e+00 0.000000000000000e+00
 0.000000000000000e+00 0.000000000000000e+00 0.000000000000000e+00 0.000000000000000e+00 0.000000000000000e+00 0.000000000000000e+00 0.000000000000000e+00 0.000000000000000e+00 0.000000000000000e+00 0.000000000000000e+00
 0.000000000000000e+00 0.000000000000000e+00 0.000000000000000e+00 0.000000000000000e+00 0.000000000000000e+00 0.000000000000000e+00 0.000000000000000e+00 0.000000000000000e+00 0.000000000000000e+00 0.000000000000000e+00
 0.000000000000000e+00 0.000000000000000e+00 0.000000000000000e+00 0.000000000000000e+00 0.000000000000000e+00 0.000000000000000e+00 0.000000000000000e+00 0.000000000000000e+00 0.000000000000000e+00 0.000000000000000e+00
 0.000000000000000e+00 0.000000000000000e+00 0.000000000000000e+00 0.000000000000000e+00 0.000000000000000e+00 0.000000000000000e+00 0.000000000000000e+00 0.000000000000000e+00 0.000000000000000e+00 0.000000000000000e+00
 0.000000000000000e+00 0.000000000000000e+00 0.000000000000000e+00 0.000000000000000e+00 0.000000000000000e+00 0.000000000000000e+00 0.000000000000000e+00 0.000000000000000e+00 0.000000000000000e+00 0.000000000000000e+00
 0.000000000000000e+00 0.000000000000000e+00 0.000000000000000e+00 0.000000000000000e+00 0.000000000000000e+00 0.000000000000000e+00 0.000000000000000e+00 0.000000000000000e+00 0.000000000000000e+00 0.000000000000000e+00
 0.000000000000000e+00 0.000000000000000e+00 0.000000000000000e+00 0.000000000000000e+00 0.000000000000000e+00 0.000000000000000e+00 0.000000000000000e+00 0.000000000000000e+00 0.000000000000000e+00 0.000000000000000e+00
 0.000000000000000e+00 0.000000000000000e+00 0.000000000000000e+00 0.000000000000000e+00 0.000000000000000e+00 0.000000000000000e+00 0.000000000000000e+00 0.000000000000000e+00 0.000000000000000e+00 0.000000000000000e+00
 0.000000000000000e+00 0.000000000000000e+00 0.000000000000000e+00 0.000000000000000e+00 0.000000000000000e+00 0.000000000000000e+00 0.000000000000000e+00 0.000000000000000e+00 0.000000000000000e+00 0.000000000000000e+00
 0.000000000000000e+00 0.000000000000000e+00 0.000000000000000e+00 0.000000000000000e+00 0.000000000000000e+00 0.000000000000000e+00 0.000000000000000e+00 0.000000000000000e+00 0.000000000000000e+00 0.000000000000000e+00
 0.000000000000000e+00 0.000000000000000e+00 0.000000000000000e+00 0.000000000000000e+00 0.000000000000000e+00 0.000000000000000e+00 0.000000000000000e+00 0.000000000000000e+00 0.000000000000000e+00 0.000000000000000e+00
 0.000000000000000e+00 0.000000000000000e+00 0.000000000000000e+00 0.000000000000000e+00 0.000000000000000e+00 0.000000000000000e+00 0.000000000000000e+00 0.000000000000000e+00 0.000000000000000e+00 0.000000000000000e+00
 0.000000000000000e+00 0.000000000000000e+00 0.000000000000000e+00 0.000000000000000e+00 0.000000000000000e+00 0.000000000000000e+00 0.000000000000000e+00 0.000000000000000e+00 0.000000000000000e+00 0.000000000000000e+00
 0.000000000000000e+00 0.000000000000000e+00 0.000000000000000e+00 0.000000000000000e+00 0.000000000000000e+00 0.000000000000000e+00 0.000000000000000e+00 0.000000000000000e+00 0.000000000000000e+00 0.000000000000000e+00
 0.000000000000000e+00 0.000000000000000e+00 0.000000000000000e+00 0.000000000000000e+00 0.000000000000000e+00 0.000000000000000e+00 0.000000000000000e+00 0.000000000000000e+00 0.000000000000000e+00 0.000000000000000e+00
 0.000000000000000e+00 0.000000000000000e+00 0.000000000000000e+00 0.000000000000000e+00 0.000000000000000e+00 0.000000000000000e+00 0.000000000000000e+00 0.000000000000000e+00 0.000000000000000e+00 0.000000000000000e+00
 0.000000000000000e+00 0.000000000000000e+00 0.000000000000000e+00 0.000000000000000e+00 0.000000000000000e+00 0.000000000000000e+00 0.000000000000000e+00 0.000000000000000e+00 0.000000000000000e+00 0.000000000000000e+00
 0.000000000000000e+00 0.000000000000000e+00 0.000000000000000e+00 0.000000000000000e+00 0.000000000000000e+00 0.000000000000000e+00 0.000000000000000e+00 0.000000000000000e+00 0.000000000000000e+00 0.000000000000000e+00
 0.000000000000000e+00 0.000000000000000e+00 0.000000000000000e+00 0.000000000000000e+00 0.000000000000000e+00 0.000000000000000e+00 0.000000000000000e+00 0.000000000000000e+00 0.000000000000000e+00 0.000000000000000e+00
 0.000000000000000e+00 0.000000000000000e+00 0.000000000000000e+00 0.000000000000000e+00 0.000000000000000e+00 0.000000000000000e+00 0.000000000000000e+00 0.000000000000000e+00 0.000000000000000e+00 0.000000000000000e+00
 0.000000000000000e+00 0.000000000000000e+00 0.000000000000000e+00 0.000000000000000e+00 0.000000000000000e+00 0.000000000000000e+00 0.000000000000000e+00 0.000000000000000e+00 0.000000000000000e+00 0.000000000000000e+00
 0.000000000000000e+00 0.000000000000000e+00 0.000000000000000e+00 0.000000000000000e+00 0.000000000000000e+00 0.000000000000000e+00 0.000000000000000e+00 0.000000000000000e+00 0.000000000000000e+00 0.000000000000000e+00
 0.000000000000000e+00 0.000000000000000e+00 0.000000000000000e+00 0.000000000000000e+00 0.000000000000000e+00 0.000000000000000e+00 0.000000000000000e+00 0.000000000000000e+00 0.000000000000000e+00 0.000000000000000e+00
 0.000000000000000e+00 0.000000000000000e+00 0.000000000000000e+00 0.000000000000000e+00 0.000000000000000e+00 0.000000000000000e+00 0.000000000000000e+00 0.000000000000000e+00 0.000000000000000e+00 0.000000000000000e+00
 0.000000000000000e+00 0.000000000000000e+00 0.000000000000000e+00 0.000000000000000e+00 0.000000000000000e+00 0.000000000000000e+00 0.000000000000000e+00 0.000000000000000e+00 0.000000000000000e+00 0.000000000000000e+00
 0.000000000000000e+00 0.000000000000000e+00 0.000000000000000e+00 0.000000000000000e+00 0.000000000000000e+00 0.000000000000000e+00 0.000000000000000e+00 0.000000000000000e+00 0.000000000000000e+00 0.000000000000000e+00
 0.000000000000000e+00 0.000000000000000e+00 0.000000000000000e+00 0.000000000000000e+00 0.000000000000000e+00 0.000000000000000e+00 0.000000000000000e+00 0.000000000000000e+00 0.000000000000000e+00 0.000000000000000e+00
 0.000000000000000e+00 0.000000000000000e+00 0.000000000000000e+00 0.000000000000000e+00 0.000000000000000e+00 0.000000000000000e+00 0.000000000000000e+00 0.000000000000000e+00 0.000000000000000e+00 0.000000000000000e+00
 0.000000000000000e+00 0.000000000000000e+00 0.000000000000000e+00 0.000000000000000e+00 0.000000000000000e+00 0.000000000000000e+00 0.000000000000000e+00 0.000000000000000e+00 0.000000000000000e+00 0.000000000000000e+00
 0.000000000000000e+00 0.000000000000000e+00 0.000000000000000e+00 0.000000000000000e+00 0.000000000000000e+00 0.000000000000000e+00 0.000000000000000e+00 0.000000000000000e+00 0.000000000000000e+00 0.000000000000000e+00
 0.000000000000000e+00 0.000000000000000e+00 0.000000000000000e+00 0.000000000000000e+00 0.000000000000000e+00 0.000000000000000e+00 0.000000000000000e+00 0.000000000000000e+00 0.000000000000000e+00 0.000000000000000e+00
 0.000000000000000e+00 0.000000000000000e+00 0.000000000000000e+00 0.000000000000000e+00 0.000000000000000e+00 0.000000000000000e+00 0.000000000000000e+00 0.000000000000000e+00 0.000000000000000e+00 0.000000000000000e+00
 0.000000000000000e+00 0.000000000000000e+00 0.000000000000000e+00 0.000000000000000e+00 0.000000000000000e+00 0.000000000000000e+00 0.000000000000000e+00 0.000000000000000e+00 0.000000000000000e+00 0.000000000000000e+00
 0.000000000000000e+00 0.000000000000000e+00 0.000000000000000e+00 0.000000000000000e+00 0.000000000000000e+00 0.000000000000000e+00 0.000000000000000e+00 0.000000000000000e+00 0.000000000000000e+00 0.000000000000000e+00
 0.000000000000000e+00 0.000000000000000e+00 0.000000000000000e+00 0.000000000000000e+00 0.000000000000000e+00 0.000000000000000e+00 0.000000000000000e+00 0.000000000000000e+00 0.000000000000000e+00 0.000000000000000e+00
 0.000000000000000e+00 0.000000000000000e+00 0.000000000000000e+00 0.000000000000000e+00 0.000000000000000e+00 0.000000000000000e+00 0.000000000000000e+00 0.000000000000000e+00 0.000000000000000e+00 0.000000000000000e+00
 0.000000000000000e+00 0.000000000000000e+00 0.000000000000000e+00 0.000000000000000e+00 0.000000000000000e+00 0.000000000000000e+00 0.000000000000000e+00 0.000000000000000e+00 0.000000000000000e+00 0.000000000000000e+00
 0.000000000000000e+00 0.000000000000000e+00 0.000000000000000e+00 0.000000000000000e+00 0.000000000000000e+00 0.000000000000000e+00 0.000000000000000e+00 0.000000000000000e+00 0.000000000000000e+00 0.000000000000000e+00
 0.000000000000000e+00 0.000000000000000e+00 0.000000000000000e+00 0.000000000000000e+00 0.000000000000000e+00 0.000000000000000e+00 0.000000000000000e+00 0.000000000000000e+00 0.000000000000000e+00 0.000000000000000e+00
 0.000000000000000e+00 0.000000000000000e+00 0.000000000000000e+00 0.000000000000000e+00 0.000000000000000e+00 0.000000000000000e+00 0.000000000000000e+00 0.000000000000000e+00 0.000000000000000e+00 0.000000000000000e+00
 0.000000000000000e+00 0.000000000000000e+00 0.000000000000000e+00 0.000000000000000e+00 0.000000000000000e+00 0.000000000000000e+00 0.000000000000000e+00 0.000000000000000e+00 0.000000000000000e+00 0.000000000000000e+00
 0.000000000000000e+00 0.000000000000000e+00 0.000000000000000e+00 0.000000000000000e+00 0.000000000000000e+00 0.000000000000000e+00 0.000000000000000e+00 0.000000000000000e+00 0.000000000000000e+00 0.000000000000000e+00
 0.000000000000000e+00 0.000000000000000e+00 0.000000000000000e+00 0.000000000000000e+00 0.000000000000000e+00 0.000000000000000e+00 0.000000000000000e+00 0.000000000000000e+00 0.000000000000000e+00 0.000000000000000e+00
 0.000000000000000e+00 0.000000000000000e+00 0.000000000000000e+00 0.000000000000000e+00 0.000000000000000e+00 0.000000000000000e+00 0.000000000000000e+00 0.000000000000000e+00 0.000000000000000e+00 0.000000000000000e+00
 0.000000000000000e+00 0.000000000000000e+00 0.000000000000000e+00 0.000000000000000e+00 0.000000000000000e+00 0.000000000000000e+00 0.000000000000000e+00 0.000000000000000e+00 0.000000000000000e+00 0.000000000000000e+00
 0.000000000000000e+00 0.000000000000000e+00 0.000000000000000e+00 0.000000000000000e+00 0.000000000000000e+00 0.000000000000000e+00 0.000000000000000e+00 0.000000000000000e+00 0.000000000000000e+00 0.000000000000000e+00
 0.000000000000000e+00 0.000000000000000e+00 0.000000000000000e+00 0.000000000000000e+00 0.000000000000000e+00 0.000000000000000e+00 0.000000000000000e+00 0.000000000000000e+00 0.000000000000000e+00 0.000000000000000e+00
 0.000000000000000e+00 0.000000000000000e+00 0.000000000000000e+00 0.000000000000000e+00 0.000000000000000e+00 0.000000000000000e+00 0.000000000000000e+00 0.000000000000000e+00 0.000000000000000e+00 0.000000000000000e+00
 0.000000000000000e+00 0.000000000000000e+00 0.000000000000000e+00 0.000000000000000e+00 0.000000000000000e+00 0.000000000000000e+00 0.000000000000000e+00 0.000000000000000e+00 0.000000000000000e+00 0.000000000000000e+00
 0.000000000000000e+00 0.000000000000000e+00 0.000000000000000e+00 0.000000000000000e+00 0.000000000000000e+00 0.000000000000000e+00 0.000000000000000e+00 0.000000000000000e+00 0.000000000000000e+00 0.000000000000000e+00
 0.000000000000000e+00 0.000000000000000e+00 0.000000000000000e+00 0.000000000000000e+00 0.000000000000000e+00 0.000000000000000e+00 0.000000000000000e+00 0.000000000000000e+00 0.000000000000000e+00 0.000000000000000e+00
 0.000000000000000e+00 0.000000000000000e+00 0.000000000000000e+00 0.000000000000000e+00 0.000000000000000e+00 0.000000000000000e+00 0.000000000000000e+00 0.000000000000000e+00 0.000000000000000e+00 0.000000000000000e+00
 0.000000000000000e+00 0.000000000000000e+00 0.000000000000000e+00 0.000000000000000e+00 0.000000000000000e+00 0.000000000000000e+00 0.000000000000000e+00 0.000000000000000e+00 0.000000000000000e+00 0.000000000000000e+00
 0.000000000000000e+00 0.000000000000000e+00 0.000000000000000e+00 0.000000000000000e+00 0.000000000000000e+00 0.000000000000000e+00 0.000000000000000e+00 0.000000000000000e+00 0.000000000000000e+00 0.000000000000000e+00
 0.000000000000000e+00 0.000000000000000e+00 0.000000000000000e+00 0.000000000000000e+00 0.000000000000000e+00 0.000000000000000e+00 0.000000000000000e+00 0.000000000000000e+00 0.000000000000000e+00 0.000000000000000e+00
 0.000000000000000e+00 0.000000000000000e+00 0.000000000000000e+00 0.000000000000000e+00 0.000000000000000e+00 0.000000000000000e+00 0.000000000000000e+00 0.000000000000000e+00 0.000000000000000e+00 0.000000000000000e+00
 0.000000000000000e+00 0.000000000000000e+00 0.000000000000000e+00 0.000000000000000e+00 0.000000000000000e+00 0.000000000000000e+00 0.000000000000000e+00 0.000000000000000e+00 0.000000000000000e+00 0.000000000000000e+00
 0.000000000000000e+00 0.000000000000000e+00 0.000000000000000e+00 0.000000000000000e+00 0.000000000000000e+00 0.000000000000000e+00 0.000000000000000e+00 0.000000000000000e+00 0.000000000000000e+00 0.000000000000000e+00
 0.000000000000000e+00 0.000000000000000e+00 0.000000000000000e+00 0.000000000000000e+00 0.000000000000000e+00 0.000000000000000e+00 0.000000000000000e+00 0.000000000000000e+00 0.000000000000000e+00 0.000000000000000e+00
 0.000000000000000e+00 0.000000000000000e+00 0.000000000000000e+00 0.000000000000000e+00 0.000000000000000e+00 0.000000000000000e+00 0.000000000000000e+00 0.000000000000000e+00 0.000000000000000e+00 0.000000000000000e+00
 0.000000000000000e+00 0.000000000000000e+00 0.000000000000000e+00 0.000000000000000e+00 0.000000000000000e+00 0.000000000000000e+00 0.000000000000000e+00 0.000000000000000e+00 0.000000000000000e+00 0.000000000000000e+00
 0.000000000000000e+00 0.000000000000000e+00 0.000000000000000e+00 0.000000000000000e+00 0.000000000000000e+00 0.000000000000000e+00 0.000000000000000e+00 0.000000000000000e+00 0.000000000000000e+00 0.000000000000000e+00
 0.000000000000000e+00 0.000000000000000e+00 0.000000000000000e+00 0.000000000000000e+00 0.000000000000000e+00
    }
  }

}
