vertex_id,tcad_lateral_um,tcad_depth_um,optical_generation_cm^-3_s^-1
0,-116.25,0.0111328125,0.0
1,-116.25,-0.0,0.0
2,-120.0,0.0111328125,0.0
3,-116.25,0.022265625,0.0
4,-120.0,0.022265625,0.0
5,-112.5,0.0111328125,0.0
6,-112.5,-0.0,0.0
7,-112.5,0.022265625,0.0
8,-116.25,0.0333984375,0.0
9,-120.0,0.0333984375,0.0
10,-116.25,0.04453125,0.0
11,-120.0,0.04453125,0.0
12,-112.5,0.0333984375,0.0
13,-112.5,0.04453125,0.0
14,-116.25,0.0556640625,0.0
15,-120.0,0.0556640625,0.0
16,-116.25,0.066796875,0.0
17,-120.0,0.066796875,0.0
18,-112.5,0.0556640625,0.0
19,-112.5,0.066796875,0.0
20,-116.25,0.07792968750000001,0.0
21,-120.0,0.07792968750000001,0.0
22,-112.5,0.07792968750000001,0.0
23,-116.25,0.0890625,0.0
24,-120.0,0.0890625,0.0
25,-112.5,0.0890625,0.0
26,-116.25,0.09462890625,0.0
27,-120.0,0.09462890625,0.0
28,-116.25,0.1001953125,0.0
29,-120.0,0.1001953125,0.0
30,-112.5,0.09462890625,0.0
31,-112.5,0.1001953125,0.0
32,-116.25,0.10576171875,0.0
33,-120.0,0.10576171875,0.0
34,-116.25,0.111328125,0.0
35,-120.0,0.111328125,0.0
36,-112.5,0.10576171875,0.0
37,-112.5,0.111328125,0.0
38,-116.25,0.11689453125,0.0
39,-120.0,0.11689453125,0.0
40,-116.25,0.1224609375,0.0
41,-120.0,0.1224609375,0.0
42,-112.5,0.11689453125,0.0
43,-112.5,0.1224609375,0.0
44,-116.25,0.12802734375,0.0
45,-120.0,0.12802734375,0.0
46,-116.25,0.13359375,0.0
47,-120.0,0.13359375,0.0
48,-112.5,0.12802734375,0.0
49,-112.5,0.13359375,0.0
50,-116.25,0.13916015625,0.0
51,-120.0,0.13916015625,0.0
52,-116.25,0.1447265625,0.0
53,-120.0,0.1447265625,0.0
54,-112.5,0.13916015625,0.0
55,-112.5,0.1447265625,0.0
56,-116.25,0.15029296875,0.0
57,-120.0,0.15029296875,0.0
58,-116.25,0.155859375,0.0
59,-120.0,0.155859375,0.0
60,-112.5,0.15029296875,0.0
61,-112.5,0.155859375,0.0
62,-116.25,0.16142578125,0.0
63,-120.0,0.16142578125,0.0
64,-116.25,0.1669921875,0.0
65,-120.0,0.1669921875,0.0
66,-112.5,0.16142578125,0.0
67,-112.5,0.1669921875,0.0
68,-116.25,0.17255859375,0.0
69,-120.0,0.17255859375,0.0
70,-116.25,0.178125,0.0
71,-120.0,0.178125,0.0
72,-112.5,0.17255859375,0.0
73,-112.5,0.178125,0.0
74,-116.25,0.18369140625,0.0
75,-120.0,0.18369140625,0.0
76,-116.25,0.1892578125,0.0
77,-120.0,0.1892578125,0.0
78,-112.5,0.18369140625,0.0
79,-112.5,0.1892578125,0.0
80,-116.25,0.19482421875,0.0
81,-120.0,0.19482421875,0.0
82,-116.25,0.2,0.0
83,-116.25,0.200390625,0.0
84,-112.5,0.19482421875,0.0
85,-112.5,0.2,0.0
86,-112.5,0.200390625,0.0
87,-116.25,0.20595703125,0.0
88,-120.0,0.20595703125,0.0
89,-116.25,0.2115234375,0.0
90,-120.0,0.2115234375,0.0
91,-112.5,0.20595703125,0.0
92,-112.5,0.2115234375,0.0
93,-116.25,0.21708984375,0.0
94,-120.0,0.21708984375,0.0
95,-116.25,0.22265625,0.0
96,-120.0,0.22265625,0.0
97,-112.5,0.21708984375,0.0
98,-112.5,0.22265625,0.0
99,-116.25,0.22822265625,0.0
100,-120.0,0.22822265625,0.0
101,-116.25,0.2337890625,0.0
102,-120.0,0.2337890625,0.0
103,-112.5,0.22822265625,0.0
104,-112.5,0.2337890625,0.0
105,-116.25,0.23935546875,0.0
106,-120.0,0.23935546875,0.0
107,-116.25,0.244921875,0.0
108,-120.0,0.244921875,0.0
109,-112.5,0.23935546875,0.0
110,-112.5,0.244921875,0.0
111,-116.25,0.25048828125,0.0
112,-120.0,0.25048828125,0.0
113,-116.25,0.2560546875,0.0
114,-120.0,0.2560546875,0.0
115,-112.5,0.25048828125,0.0
116,-112.5,0.2560546875,0.0
117,-116.25,0.26162109375,0.0
118,-120.0,0.26162109375,0.0
119,-116.25,0.2671875,0.0
120,-120.0,0.2671875,0.0
121,-112.5,0.26162109375,0.0
122,-112.5,0.2671875,0.0
123,-116.25,0.27275390625,0.0
124,-120.0,0.27275390625,0.0
125,-116.25,0.2783203125,0.0
126,-120.0,0.2783203125,0.0
127,-112.5,0.27275390625,0.0
128,-112.5,0.2783203125,0.0
129,-116.25,0.28388671875,0.0
130,-120.0,0.28388671875,0.0
131,-116.25,0.289453125,0.0
132,-120.0,0.289453125,0.0
133,-112.5,0.28388671875,0.0
134,-112.5,0.289453125,0.0
135,-116.25,0.29501953125,0.0
136,-120.0,0.29501953125,0.0
137,-116.25,0.3005859375000001,0.0
138,-120.0,0.3005859375000001,0.0
139,-112.5,0.29501953125,0.0
140,-112.5,0.3005859375000001,0.0
141,-116.25,0.31171875,0.0
142,-120.0,0.31171875,0.0
143,-112.5,0.31171875,0.0
144,-116.25,0.333984375,0.0
145,-120.0,0.333984375,0.0
146,-112.5,0.333984375,0.0
147,-116.25,0.35625,0.0
148,-120.0,0.35625,0.0
149,-112.5,0.35625,0.0
150,-116.25,0.40078125,0.0
151,-120.0,0.40078125,0.0
152,-112.5,0.40078125,0.0
153,-116.25,0.4453125,0.0
154,-120.0,0.4453125,0.0
155,-112.5,0.4453125,0.0
156,-116.25,0.534375,0.0
157,-120.0,0.534375,0.0
158,-112.5,0.534375,0.0
159,-116.25,0.7125,0.0
160,-120.0,0.7125,0.0
161,-112.5,0.7125,0.0
162,-116.25,1.06875,0.0
163,-120.0,1.06875,0.0
164,-112.5,1.06875,0.0
165,-116.25,1.425,0.0
166,-120.0,1.425,0.0
167,-112.5,1.425,0.0
168,-116.25,1.78125,0.0
169,-120.0,1.78125,0.0
170,-116.25,2.1375,0.0
171,-120.0,2.1375,0.0
172,-112.5,1.78125,0.0
173,-112.5,2.1375,0.0
174,-116.25,2.49375,0.0
175,-120.0,2.49375,0.0
176,-116.25,2.85,0.0
177,-120.0,2.85,0.0
178,-112.5,2.49375,0.0
179,-112.5,2.85,0.0
180,-108.75,0.0111328125,0.0
181,-108.75,-0.0,0.0
182,-108.75,0.022265625,0.0
183,-105.0,0.0111328125,0.0
184,-105.0,-0.0,0.0
185,-105.0,0.022265625,0.0
186,-108.75,0.0333984375,0.0
187,-108.75,0.04453125,0.0
188,-105.0,0.0333984375,0.0
189,-105.0,0.04453125,0.0
190,-108.75,0.0556640625,0.0
191,-108.75,0.066796875,0.0
192,-105.0,0.0556640625,0.0
193,-105.0,0.066796875,0.0
194,-108.75,0.07792968750000001,0.0
195,-105.0,0.07792968750000001,0.0
196,-108.75,0.0890625,0.0
197,-105.0,0.0890625,0.0
198,-108.75,0.09462890625,0.0
199,-108.75,0.1001953125,0.0
200,-105.0,0.09462890625,0.0
201,-105.0,0.1001953125,0.0
202,-108.75,0.10576171875,0.0
203,-108.75,0.111328125,0.0
204,-105.0,0.10576171875,0.0
205,-105.0,0.111328125,0.0
206,-108.75,0.11689453125,0.0
207,-108.75,0.1224609375,0.0
208,-105.0,0.11689453125,0.0
209,-105.0,0.1224609375,0.0
210,-108.75,0.12802734375,0.0
211,-108.75,0.13359375,0.0
212,-105.0,0.12802734375,0.0
213,-105.0,0.13359375,0.0
214,-108.75,0.13916015625,0.0
215,-108.75,0.1447265625,0.0
216,-105.0,0.13916015625,0.0
217,-105.0,0.1447265625,0.0
218,-108.75,0.15029296875,0.0
219,-108.75,0.155859375,0.0
220,-105.0,0.15029296875,0.0
221,-105.0,0.155859375,0.0
222,-108.75,0.16142578125,0.0
223,-108.75,0.1669921875,0.0
224,-105.0,0.16142578125,0.0
225,-105.0,0.1669921875,0.0
226,-108.75,0.17255859375,0.0
227,-108.75,0.178125,0.0
228,-105.0,0.17255859375,0.0
229,-105.0,0.178125,0.0
230,-108.75,0.18369140625,0.0
231,-108.75,0.1892578125,0.0
232,-105.0,0.18369140625,0.0
233,-105.0,0.1892578125,0.0
234,-108.75,0.19482421875,0.0
235,-108.75,0.2,0.0
236,-108.75,0.200390625,0.0
237,-105.0,0.19482421875,0.0
238,-105.0,0.2,0.0
239,-105.0,0.200390625,0.0
240,-108.75,0.20595703125,0.0
241,-108.75,0.2115234375,0.0
242,-105.0,0.20595703125,0.0
243,-105.0,0.2115234375,0.0
244,-108.75,0.21708984375,0.0
245,-108.75,0.22265625,0.0
246,-105.0,0.21708984375,0.0
247,-105.0,0.22265625,0.0
248,-108.75,0.22822265625,0.0
249,-108.75,0.2337890625,0.0
250,-105.0,0.22822265625,0.0
251,-105.0,0.2337890625,0.0
252,-108.75,0.23935546875,0.0
253,-108.75,0.244921875,0.0
254,-105.0,0.23935546875,0.0
255,-105.0,0.244921875,0.0
256,-108.75,0.25048828125,0.0
257,-108.75,0.2560546875,0.0
258,-105.0,0.25048828125,0.0
259,-105.0,0.2560546875,0.0
260,-108.75,0.26162109375,0.0
261,-108.75,0.2671875,0.0
262,-105.0,0.26162109375,0.0
263,-105.0,0.2671875,0.0
264,-108.75,0.27275390625,0.0
265,-108.75,0.2783203125,0.0
266,-105.0,0.27275390625,0.0
267,-105.0,0.2783203125,0.0
268,-108.75,0.28388671875,0.0
269,-108.75,0.289453125,0.0
270,-105.0,0.28388671875,0.0
271,-105.0,0.289453125,0.0
272,-108.75,0.29501953125,0.0
273,-108.75,0.3005859375000001,0.0
274,-105.0,0.29501953125,0.0
275,-105.0,0.3005859375000001,0.0
276,-108.75,0.31171875,0.0
277,-105.0,0.31171875,0.0
278,-108.75,0.333984375,0.0
279,-105.0,0.333984375,0.0
280,-108.75,0.35625,0.0
281,-105.0,0.35625,0.0
282,-108.75,0.40078125,0.0
283,-105.0,0.40078125,0.0
284,-108.75,0.4453125,0.0
285,-105.0,0.4453125,0.0
286,-108.75,0.534375,0.0
287,-105.0,0.534375,0.0
288,-108.75,0.7125,0.0
289,-105.0,0.7125,0.0
290,-108.75,1.06875,0.0
291,-105.0,1.06875,0.0
292,-108.75,1.425,0.0
293,-105.0,1.425,0.0
294,-108.75,1.78125,0.0
295,-108.75,2.1375,0.0
296,-105.0,1.78125,0.0
297,-105.0,2.1375,0.0
298,-108.75,2.49375,0.0
299,-108.75,2.85,0.0
300,-105.0,2.49375,0.0
301,-105.0,2.85,0.0
302,-101.25,0.0111328125,0.0
303,-101.25,-0.0,0.0
304,-101.25,0.022265625,0.0
305,-97.5,0.0111328125,0.0
306,-97.5,-0.0,0.0
307,-97.5,0.022265625,0.0
308,-101.25,0.0333984375,0.0
309,-101.25,0.04453125,0.0
310,-97.5,0.0333984375,0.0
311,-97.5,0.04453125,0.0
312,-101.25,0.0556640625,0.0
313,-101.25,0.066796875,0.0
314,-97.5,0.0556640625,0.0
315,-97.5,0.066796875,0.0
316,-101.25,0.07792968750000001,0.0
317,-97.5,0.07792968750000001,0.0
318,-101.25,0.0890625,0.0
319,-97.5,0.0890625,0.0
320,-101.25,0.09462890625,0.0
321,-101.25,0.1001953125,0.0
322,-97.5,0.09462890625,0.0
323,-97.5,0.1001953125,0.0
324,-101.25,0.10576171875,0.0
325,-101.25,0.111328125,0.0
326,-97.5,0.10576171875,0.0
327,-97.5,0.111328125,0.0
328,-101.25,0.11689453125,0.0
329,-101.25,0.1224609375,0.0
330,-97.5,0.11689453125,0.0
331,-97.5,0.1224609375,0.0
332,-101.25,0.12802734375,0.0
333,-101.25,0.13359375,0.0
334,-97.5,0.12802734375,0.0
335,-97.5,0.13359375,0.0
336,-101.25,0.13916015625,0.0
337,-101.25,0.1447265625,0.0
338,-97.5,0.13916015625,0.0
339,-97.5,0.1447265625,0.0
340,-101.25,0.15029296875,0.0
341,-101.25,0.155859375,0.0
342,-97.5,0.15029296875,0.0
343,-97.5,0.155859375,0.0
344,-101.25,0.16142578125,0.0
345,-101.25,0.1669921875,0.0
346,-97.5,0.16142578125,0.0
347,-97.5,0.1669921875,0.0
348,-101.25,0.17255859375,0.0
349,-101.25,0.178125,0.0
350,-97.5,0.17255859375,0.0
351,-97.5,0.178125,0.0
352,-101.25,0.18369140625,0.0
353,-101.25,0.1892578125,0.0
354,-97.5,0.18369140625,0.0
355,-97.5,0.1892578125,0.0
356,-101.25,0.19482421875,0.0
357,-101.25,0.2,0.0
358,-101.25,0.200390625,0.0
359,-97.5,0.19482421875,0.0
360,-97.5,0.2,0.0
361,-97.5,0.200390625,0.0
362,-101.25,0.20595703125,0.0
363,-101.25,0.2115234375,0.0
364,-97.5,0.20595703125,0.0
365,-97.5,0.2115234375,0.0
366,-101.25,0.21708984375,0.0
367,-101.25,0.22265625,0.0
368,-97.5,0.21708984375,0.0
369,-97.5,0.22265625,0.0
370,-101.25,0.22822265625,0.0
371,-101.25,0.2337890625,0.0
372,-97.5,0.22822265625,0.0
373,-97.5,0.2337890625,0.0
374,-101.25,0.23935546875,0.0
375,-101.25,0.244921875,0.0
376,-97.5,0.23935546875,0.0
377,-97.5,0.244921875,0.0
378,-101.25,0.25048828125,0.0
379,-101.25,0.2560546875,0.0
380,-97.5,0.25048828125,0.0
381,-97.5,0.2560546875,0.0
382,-101.25,0.26162109375,0.0
383,-101.25,0.2671875,0.0
384,-97.5,0.26162109375,0.0
385,-97.5,0.2671875,0.0
386,-101.25,0.27275390625,0.0
387,-101.25,0.2783203125,0.0
388,-97.5,0.27275390625,0.0
389,-97.5,0.2783203125,0.0
390,-101.25,0.28388671875,0.0
391,-101.25,0.289453125,0.0
392,-97.5,0.28388671875,0.0
393,-97.5,0.289453125,0.0
394,-101.25,0.29501953125,0.0
395,-101.25,0.3005859375000001,0.0
396,-97.5,0.29501953125,0.0
397,-97.5,0.3005859375000001,0.0
398,-101.25,0.31171875,0.0
399,-97.5,0.31171875,0.0
400,-101.25,0.333984375,0.0
401,-97.5,0.333984375,0.0
402,-101.25,0.35625,0.0
403,-97.5,0.35625,0.0
404,-101.25,0.40078125,0.0
405,-97.5,0.40078125,0.0
406,-101.25,0.4453125,0.0
407,-97.5,0.4453125,0.0
408,-101.25,0.534375,0.0
409,-97.5,0.534375,0.0
410,-101.25,0.7125,0.0
411,-97.5,0.7125,0.0
412,-101.25,1.06875,0.0
413,-97.5,1.06875,0.0
414,-101.25,1.425,0.0
415,-97.5,1.425,0.0
416,-101.25,1.78125,0.0
417,-101.25,2.1375,0.0
418,-97.5,1.78125,0.0
419,-97.5,2.1375,0.0
420,-101.25,2.49375,0.0
421,-101.25,2.85,0.0
422,-97.5,2.49375,0.0
423,-97.5,2.85,0.0
424,-93.75,0.0111328125,0.0
425,-93.75,-0.0,0.0
426,-93.75,0.022265625,0.0
427,-90.0,0.0111328125,0.0
428,-90.0,-0.0,0.0
429,-90.0,0.022265625,0.0
430,-93.75,0.0333984375,0.0
431,-93.75,0.04453125,0.0
432,-90.0,0.0333984375,0.0
433,-90.0,0.04453125,0.0
434,-93.75,0.0556640625,0.0
435,-93.75,0.066796875,0.0
436,-90.0,0.0556640625,0.0
437,-90.0,0.066796875,0.0
438,-93.75,0.07792968750000001,0.0
439,-90.0,0.07792968750000001,0.0
440,-93.75,0.0890625,0.0
441,-90.0,0.0890625,0.0
442,-93.75,0.09462890625,0.0
443,-93.75,0.1001953125,0.0
444,-90.0,0.09462890625,0.0
445,-90.0,0.1001953125,0.0
446,-93.75,0.10576171875,0.0
447,-93.75,0.111328125,0.0
448,-90.0,0.10576171875,0.0
449,-90.0,0.111328125,0.0
450,-93.75,0.11689453125,0.0
451,-93.75,0.1224609375,0.0
452,-90.0,0.11689453125,0.0
453,-90.0,0.1224609375,0.0
454,-93.75,0.12802734375,0.0
455,-93.75,0.13359375,0.0
456,-90.0,0.12802734375,0.0
457,-90.0,0.13359375,0.0
458,-93.75,0.13916015625,0.0
459,-93.75,0.1447265625,0.0
460,-90.0,0.13916015625,0.0
461,-90.0,0.1447265625,0.0
462,-93.75,0.15029296875,0.0
463,-93.75,0.155859375,0.0
464,-90.0,0.15029296875,0.0
465,-90.0,0.155859375,0.0
466,-93.75,0.16142578125,0.0
467,-93.75,0.1669921875,0.0
468,-90.0,0.16142578125,0.0
469,-90.0,0.1669921875,0.0
470,-93.75,0.17255859375,0.0
471,-93.75,0.178125,0.0
472,-90.0,0.17255859375,0.0
473,-90.0,0.178125,0.0
474,-93.75,0.18369140625,0.0
475,-93.75,0.1892578125,0.0
476,-90.0,0.18369140625,0.0
477,-90.0,0.1892578125,0.0
478,-93.75,0.19482421875,0.0
479,-93.75,0.2,0.0
480,-93.75,0.200390625,0.0
481,-90.0,0.19482421875,0.0
482,-90.0,0.2,0.0
483,-90.0,0.200390625,0.0
484,-93.75,0.20595703125,0.0
485,-93.75,0.2115234375,0.0
486,-90.0,0.20595703125,0.0
487,-90.0,0.2115234375,0.0
488,-93.75,0.21708984375,0.0
489,-93.75,0.22265625,0.0
490,-90.0,0.21708984375,0.0
491,-90.0,0.22265625,0.0
492,-93.75,0.22822265625,0.0
493,-93.75,0.2337890625,0.0
494,-90.0,0.22822265625,0.0
495,-90.0,0.2337890625,0.0
496,-93.75,0.23935546875,0.0
497,-93.75,0.244921875,0.0
498,-90.0,0.23935546875,0.0
499,-90.0,0.244921875,0.0
500,-93.75,0.25048828125,0.0
501,-93.75,0.2560546875,0.0
502,-90.0,0.25048828125,0.0
503,-90.0,0.2560546875,0.0
504,-93.75,0.26162109375,0.0
505,-93.75,0.2671875,0.0
506,-90.0,0.26162109375,0.0
507,-90.0,0.2671875,0.0
508,-93.75,0.27275390625,0.0
509,-93.75,0.2783203125,0.0
510,-90.0,0.27275390625,0.0
511,-90.0,0.2783203125,0.0
512,-93.75,0.28388671875,0.0
513,-93.75,0.289453125,0.0
514,-90.0,0.28388671875,0.0
515,-90.0,0.289453125,0.0
516,-93.75,0.29501953125,0.0
517,-93.75,0.3005859375000001,0.0
518,-90.0,0.29501953125,0.0
519,-90.0,0.3005859375000001,0.0
520,-93.75,0.31171875,0.0
521,-90.0,0.31171875,0.0
522,-93.75,0.333984375,0.0
523,-90.0,0.333984375,0.0
524,-93.75,0.35625,0.0
525,-90.0,0.35625,0.0
526,-93.75,0.40078125,0.0
527,-90.0,0.40078125,0.0
528,-93.75,0.4453125,0.0
529,-90.0,0.4453125,0.0
530,-93.75,0.534375,0.0
531,-90.0,0.534375,0.0
532,-93.75,0.7125,0.0
533,-90.0,0.7125,0.0
534,-93.75,1.06875,0.0
535,-90.0,1.06875,0.0
536,-93.75,1.425,0.0
537,-90.0,1.425,0.0
538,-93.75,1.78125,0.0
539,-93.75,2.1375,0.0
540,-90.0,1.78125,0.0
541,-90.0,2.1375,0.0
542,-93.75,2.49375,0.0
543,-93.75,2.85,0.0
544,-90.0,2.49375,0.0
545,-90.0,2.85,0.0
546,-86.25,0.0111328125,0.0
547,-86.25,-0.0,0.0
548,-86.25,0.022265625,0.0
549,-82.5,0.0111328125,0.0
550,-82.5,-0.0,0.0
551,-82.5,0.022265625,0.0
552,-86.25,0.0333984375,0.0
553,-86.25,0.04453125,0.0
554,-82.5,0.0333984375,0.0
555,-82.5,0.04453125,0.0
556,-86.25,0.0556640625,0.0
557,-86.25,0.066796875,0.0
558,-82.5,0.0556640625,0.0
559,-82.5,0.066796875,0.0
560,-86.25,0.07792968750000001,0.0
561,-82.5,0.07792968750000001,0.0
562,-86.25,0.0890625,0.0
563,-82.5,0.0890625,0.0
564,-86.25,0.09462890625,0.0
565,-86.25,0.1001953125,0.0
566,-82.5,0.09462890625,0.0
567,-82.5,0.1001953125,0.0
568,-86.25,0.10576171875,0.0
569,-86.25,0.111328125,0.0
570,-82.5,0.10576171875,0.0
571,-82.5,0.111328125,0.0
572,-86.25,0.11689453125,0.0
573,-86.25,0.1224609375,0.0
574,-82.5,0.11689453125,0.0
575,-82.5,0.1224609375,0.0
576,-86.25,0.12802734375,0.0
577,-86.25,0.13359375,0.0
578,-82.5,0.12802734375,0.0
579,-82.5,0.13359375,0.0
580,-86.25,0.13916015625,0.0
581,-86.25,0.1447265625,0.0
582,-82.5,0.13916015625,0.0
583,-82.5,0.1447265625,0.0
584,-86.25,0.15029296875,0.0
585,-86.25,0.155859375,0.0
586,-82.5,0.15029296875,0.0
587,-82.5,0.155859375,0.0
588,-86.25,0.16142578125,0.0
589,-86.25,0.1669921875,0.0
590,-82.5,0.16142578125,0.0
591,-82.5,0.1669921875,0.0
592,-86.25,0.17255859375,0.0
593,-86.25,0.178125,0.0
594,-82.5,0.17255859375,0.0
595,-82.5,0.178125,0.0
596,-86.25,0.18369140625,0.0
597,-86.25,0.1892578125,0.0
598,-82.5,0.18369140625,0.0
599,-82.5,0.1892578125,0.0
600,-86.25,0.19482421875,0.0
601,-86.25,0.2,0.0
602,-86.25,0.200390625,0.0
603,-82.5,0.19482421875,0.0
604,-82.5,0.2,0.0
605,-82.5,0.200390625,0.0
606,-86.25,0.20595703125,0.0
607,-86.25,0.2115234375,0.0
608,-82.5,0.20595703125,0.0
609,-82.5,0.2115234375,0.0
610,-86.25,0.21708984375,0.0
611,-86.25,0.22265625,0.0
612,-82.5,0.21708984375,0.0
613,-82.5,0.22265625,0.0
614,-86.25,0.22822265625,0.0
615,-86.25,0.2337890625,0.0
616,-82.5,0.22822265625,0.0
617,-82.5,0.2337890625,0.0
618,-86.25,0.23935546875,0.0
619,-86.25,0.244921875,0.0
620,-82.5,0.23935546875,0.0
621,-82.5,0.244921875,0.0
622,-86.25,0.25048828125,0.0
623,-86.25,0.2560546875,0.0
624,-82.5,0.25048828125,0.0
625,-82.5,0.2560546875,0.0
626,-86.25,0.26162109375,0.0
627,-86.25,0.2671875,0.0
628,-82.5,0.26162109375,0.0
629,-82.5,0.2671875,0.0
630,-86.25,0.27275390625,0.0
631,-86.25,0.2783203125,0.0
632,-82.5,0.27275390625,0.0
633,-82.5,0.2783203125,0.0
634,-86.25,0.28388671875,0.0
635,-86.25,0.289453125,0.0
636,-82.5,0.28388671875,0.0
637,-82.5,0.289453125,0.0
638,-86.25,0.29501953125,0.0
639,-86.25,0.3005859375000001,0.0
640,-82.5,0.29501953125,0.0
641,-82.5,0.3005859375000001,0.0
642,-86.25,0.31171875,0.0
643,-82.5,0.31171875,0.0
644,-86.25,0.333984375,0.0
645,-82.5,0.333984375,0.0
646,-86.25,0.35625,0.0
647,-82.5,0.35625,0.0
648,-86.25,0.40078125,0.0
649,-82.5,0.40078125,0.0
650,-86.25,0.4453125,0.0
651,-82.5,0.4453125,0.0
652,-86.25,0.534375,0.0
653,-82.5,0.534375,0.0
654,-86.25,0.7125,0.0
655,-82.5,0.7125,0.0
656,-86.25,1.06875,0.0
657,-82.5,1.06875,0.0
658,-86.25,1.425,0.0
659,-82.5,1.425,0.0
660,-86.25,1.78125,0.0
661,-86.25,2.1375,0.0
662,-82.5,1.78125,0.0
663,-82.5,2.1375,0.0
664,-86.25,2.49375,0.0
665,-86.25,2.85,0.0
666,-82.5,2.49375,0.0
667,-82.5,2.85,0.0
668,-78.75,0.0111328125,0.0
669,-78.75,-0.0,0.0
670,-78.75,0.022265625,0.0
671,-75.0,0.0111328125,0.0
672,-75.0,-0.0,0.0
673,-75.0,0.022265625,0.0
674,-78.75,0.0333984375,0.0
675,-78.75,0.04453125,0.0
676,-75.0,0.0333984375,0.0
677,-75.0,0.04453125,0.0
678,-78.75,0.0556640625,0.0
679,-78.75,0.066796875,0.0
680,-75.0,0.0556640625,0.0
681,-75.0,0.066796875,0.0
682,-78.75,0.07792968750000001,0.0
683,-75.0,0.07792968750000001,0.0
684,-78.75,0.0890625,0.0
685,-75.0,0.0890625,0.0
686,-78.75,0.09462890625,0.0
687,-78.75,0.1001953125,0.0
688,-75.0,0.09462890625,0.0
689,-75.0,0.1001953125,0.0
690,-78.75,0.10576171875,0.0
691,-78.75,0.111328125,0.0
692,-75.0,0.10576171875,0.0
693,-75.0,0.111328125,0.0
694,-78.75,0.11689453125,0.0
695,-78.75,0.1224609375,0.0
696,-75.0,0.11689453125,0.0
697,-75.0,0.1224609375,0.0
698,-78.75,0.12802734375,0.0
699,-78.75,0.13359375,0.0
700,-75.0,0.12802734375,0.0
701,-75.0,0.13359375,0.0
702,-78.75,0.13916015625,0.0
703,-78.75,0.1447265625,0.0
704,-75.0,0.13916015625,0.0
705,-75.0,0.1447265625,0.0
706,-78.75,0.15029296875,0.0
707,-78.75,0.155859375,0.0
708,-75.0,0.15029296875,0.0
709,-75.0,0.155859375,0.0
710,-78.75,0.16142578125,0.0
711,-78.75,0.1669921875,0.0
712,-75.0,0.16142578125,0.0
713,-75.0,0.1669921875,0.0
714,-78.75,0.17255859375,0.0
715,-78.75,0.178125,0.0
716,-75.0,0.17255859375,0.0
717,-75.0,0.178125,0.0
718,-78.75,0.18369140625,0.0
719,-78.75,0.1892578125,0.0
720,-75.0,0.18369140625,0.0
721,-75.0,0.1892578125,0.0
722,-78.75,0.19482421875,0.0
723,-78.75,0.2,0.0
724,-78.75,0.200390625,0.0
725,-75.0,0.19482421875,0.0
726,-75.0,0.2,0.0
727,-75.0,0.200390625,0.0
728,-78.75,0.20595703125,0.0
729,-78.75,0.2115234375,0.0
730,-75.0,0.20595703125,0.0
731,-75.0,0.2115234375,0.0
732,-78.75,0.21708984375,0.0
733,-78.75,0.22265625,0.0
734,-75.0,0.21708984375,0.0
735,-75.0,0.22265625,0.0
736,-78.75,0.22822265625,0.0
737,-78.75,0.2337890625,0.0
738,-75.0,0.22822265625,0.0
739,-75.0,0.2337890625,0.0
740,-78.75,0.23935546875,0.0
741,-78.75,0.244921875,0.0
742,-75.0,0.23935546875,0.0
743,-75.0,0.244921875,0.0
744,-78.75,0.25048828125,0.0
745,-78.75,0.2560546875,0.0
746,-75.0,0.25048828125,0.0
747,-75.0,0.2560546875,0.0
748,-78.75,0.26162109375,0.0
749,-78.75,0.2671875,0.0
750,-75.0,0.26162109375,0.0
751,-75.0,0.2671875,0.0
752,-78.75,0.27275390625,0.0
753,-78.75,0.2783203125,0.0
754,-75.0,0.27275390625,0.0
755,-75.0,0.2783203125,0.0
756,-78.75,0.28388671875,0.0
757,-78.75,0.289453125,0.0
758,-75.0,0.28388671875,0.0
759,-75.0,0.289453125,0.0
760,-78.75,0.29501953125,0.0
761,-78.75,0.3005859375000001,0.0
762,-75.0,0.29501953125,0.0
763,-75.0,0.3005859375000001,0.0
764,-78.75,0.31171875,0.0
765,-75.0,0.31171875,0.0
766,-78.75,0.333984375,0.0
767,-75.0,0.333984375,0.0
768,-78.75,0.35625,0.0
769,-75.0,0.35625,0.0
770,-78.75,0.40078125,0.0
771,-75.0,0.40078125,0.0
772,-78.75,0.4453125,0.0
773,-75.0,0.4453125,0.0
774,-78.75,0.534375,0.0
775,-75.0,0.534375,0.0
776,-78.75,0.7125,0.0
777,-75.0,0.7125,0.0
778,-78.75,1.06875,0.0
779,-75.0,1.06875,0.0
780,-78.75,1.425,0.0
781,-75.0,1.425,0.0
782,-78.75,1.78125,0.0
783,-78.75,2.1375,0.0
784,-75.0,1.78125,0.0
785,-75.0,2.1375,0.0
786,-78.75,2.49375,0.0
787,-78.75,2.85,0.0
788,-75.0,2.49375,0.0
789,-75.0,2.85,0.0
790,-71.25,0.0111328125,0.0
791,-71.25,-0.0,0.0
792,-71.25,0.022265625,0.0
793,-67.5,0.0111328125,0.0
794,-67.5,-0.0,0.0
795,-67.5,0.022265625,0.0
796,-71.25,0.0333984375,0.0
797,-71.25,0.04453125,0.0
798,-67.5,0.0333984375,0.0
799,-67.5,0.04453125,0.0
800,-71.25,0.0556640625,0.0
801,-71.25,0.066796875,0.0
802,-67.5,0.0556640625,0.0
803,-67.5,0.066796875,0.0
804,-71.25,0.07792968750000001,0.0
805,-67.5,0.07792968750000001,0.0
806,-71.25,0.0890625,0.0
807,-67.5,0.0890625,0.0
808,-71.25,0.09462890625,0.0
809,-71.25,0.1001953125,0.0
810,-67.5,0.09462890625,0.0
811,-67.5,0.1001953125,0.0
812,-71.25,0.10576171875,0.0
813,-71.25,0.111328125,0.0
814,-67.5,0.10576171875,0.0
815,-67.5,0.111328125,0.0
816,-71.25,0.11689453125,0.0
817,-71.25,0.1224609375,0.0
818,-67.5,0.11689453125,0.0
819,-67.5,0.1224609375,0.0
820,-71.25,0.12802734375,0.0
821,-71.25,0.13359375,0.0
822,-67.5,0.12802734375,0.0
823,-67.5,0.13359375,0.0
824,-71.25,0.13916015625,0.0
825,-71.25,0.1447265625,0.0
826,-67.5,0.13916015625,0.0
827,-67.5,0.1447265625,0.0
828,-71.25,0.15029296875,0.0
829,-71.25,0.155859375,0.0
830,-67.5,0.15029296875,0.0
831,-67.5,0.155859375,0.0
832,-71.25,0.16142578125,0.0
833,-71.25,0.1669921875,0.0
834,-67.5,0.16142578125,0.0
835,-67.5,0.1669921875,0.0
836,-71.25,0.17255859375,0.0
837,-71.25,0.178125,0.0
838,-67.5,0.17255859375,0.0
839,-67.5,0.178125,0.0
840,-71.25,0.18369140625,0.0
841,-71.25,0.1892578125,0.0
842,-67.5,0.18369140625,0.0
843,-67.5,0.1892578125,0.0
844,-71.25,0.19482421875,0.0
845,-71.25,0.2,0.0
846,-71.25,0.200390625,0.0
847,-67.5,0.19482421875,0.0
848,-67.5,0.2,0.0
849,-67.5,0.200390625,0.0
850,-71.25,0.20595703125,0.0
851,-71.25,0.2115234375,0.0
852,-67.5,0.20595703125,0.0
853,-67.5,0.2115234375,0.0
854,-71.25,0.21708984375,0.0
855,-71.25,0.22265625,0.0
856,-67.5,0.21708984375,0.0
857,-67.5,0.22265625,0.0
858,-71.25,0.22822265625,0.0
859,-71.25,0.2337890625,0.0
860,-67.5,0.22822265625,0.0
861,-67.5,0.2337890625,0.0
862,-71.25,0.23935546875,0.0
863,-71.25,0.244921875,0.0
864,-67.5,0.23935546875,0.0
865,-67.5,0.244921875,0.0
866,-71.25,0.25048828125,0.0
867,-71.25,0.2560546875,0.0
868,-67.5,0.25048828125,0.0
869,-67.5,0.2560546875,0.0
870,-71.25,0.26162109375,0.0
871,-71.25,0.2671875,0.0
872,-67.5,0.26162109375,0.0
873,-67.5,0.2671875,0.0
874,-71.25,0.27275390625,0.0
875,-71.25,0.2783203125,0.0
876,-67.5,0.27275390625,0.0
877,-67.5,0.2783203125,0.0
878,-71.25,0.28388671875,0.0
879,-71.25,0.289453125,0.0
880,-67.5,0.28388671875,0.0
881,-67.5,0.289453125,0.0
882,-71.25,0.29501953125,0.0
883,-71.25,0.3005859375000001,0.0
884,-67.5,0.29501953125,0.0
885,-67.5,0.3005859375000001,0.0
886,-71.25,0.31171875,0.0
887,-67.5,0.31171875,0.0
888,-71.25,0.333984375,0.0
889,-67.5,0.333984375,0.0
890,-71.25,0.35625,0.0
891,-67.5,0.35625,0.0
892,-71.25,0.40078125,0.0
893,-67.5,0.40078125,0.0
894,-71.25,0.4453125,0.0
895,-67.5,0.4453125,0.0
896,-71.25,0.534375,0.0
897,-67.5,0.534375,0.0
898,-71.25,0.7125,0.0
899,-67.5,0.7125,0.0
900,-71.25,1.06875,0.0
901,-67.5,1.06875,0.0
902,-71.25,1.425,0.0
903,-67.5,1.425,0.0
904,-71.25,1.78125,0.0
905,-71.25,2.1375,0.0
906,-67.5,1.78125,0.0
907,-67.5,2.1375,0.0
908,-71.25,2.49375,0.0
909,-71.25,2.85,0.0
910,-67.5,2.49375,0.0
911,-67.5,2.85,0.0
912,-63.75,0.0111328125,0.0
913,-63.75,-0.0,0.0
914,-63.75,0.022265625,0.0
915,-60.0,0.0111328125,0.0
916,-60.0,-0.0,0.0
917,-60.0,0.022265625,0.0
918,-63.75,0.0333984375,0.0
919,-63.75,0.04453125,0.0
920,-60.0,0.0333984375,0.0
921,-60.0,0.04453125,0.0
922,-63.75,0.0556640625,0.0
923,-63.75,0.066796875,0.0
924,-60.0,0.0556640625,0.0
925,-60.0,0.066796875,0.0
926,-63.75,0.07792968750000001,0.0
927,-60.0,0.07792968750000001,0.0
928,-63.75,0.0890625,0.0
929,-60.0,0.0890625,0.0
930,-63.75,0.09462890625,0.0
931,-63.75,0.1001953125,0.0
932,-60.0,0.09462890625,0.0
933,-60.0,0.1001953125,0.0
934,-63.75,0.10576171875,0.0
935,-63.75,0.111328125,0.0
936,-60.0,0.10576171875,0.0
937,-60.0,0.111328125,0.0
938,-63.75,0.11689453125,0.0
939,-63.75,0.1224609375,0.0
940,-60.0,0.11689453125,0.0
941,-60.0,0.1224609375,0.0
942,-63.75,0.12802734375,0.0
943,-63.75,0.13359375,0.0
944,-60.0,0.12802734375,0.0
945,-60.0,0.13359375,0.0
946,-63.75,0.13916015625,0.0
947,-63.75,0.1447265625,0.0
948,-60.0,0.13916015625,0.0
949,-60.0,0.1447265625,0.0
950,-63.75,0.15029296875,0.0
951,-63.75,0.155859375,0.0
952,-60.0,0.15029296875,0.0
953,-60.0,0.155859375,0.0
954,-63.75,0.16142578125,0.0
955,-63.75,0.1669921875,0.0
956,-60.0,0.16142578125,0.0
957,-60.0,0.1669921875,0.0
958,-63.75,0.17255859375,0.0
959,-63.75,0.178125,0.0
960,-60.0,0.17255859375,0.0
961,-60.0,0.178125,0.0
962,-63.75,0.18369140625,0.0
963,-63.75,0.1892578125,0.0
964,-60.0,0.18369140625,0.0
965,-60.0,0.1892578125,0.0
966,-63.75,0.19482421875,0.0
967,-63.75,0.2,0.0
968,-63.75,0.200390625,0.0
969,-60.0,0.19482421875,0.0
970,-60.0,0.2,0.0
971,-60.0,0.200390625,0.0
972,-63.75,0.20595703125,0.0
973,-63.75,0.2115234375,0.0
974,-60.0,0.20595703125,0.0
975,-60.0,0.2115234375,0.0
976,-63.75,0.21708984375,0.0
977,-63.75,0.22265625,0.0
978,-60.0,0.21708984375,0.0
979,-60.0,0.22265625,0.0
980,-63.75,0.22822265625,0.0
981,-63.75,0.2337890625,0.0
982,-60.0,0.22822265625,0.0
983,-60.0,0.2337890625,0.0
984,-63.75,0.23935546875,0.0
985,-63.75,0.244921875,0.0
986,-60.0,0.23935546875,0.0
987,-60.0,0.244921875,0.0
988,-63.75,0.25048828125,0.0
989,-63.75,0.2560546875,0.0
990,-60.0,0.25048828125,0.0
991,-60.0,0.2560546875,0.0
992,-63.75,0.26162109375,0.0
993,-63.75,0.2671875,0.0
994,-60.0,0.26162109375,0.0
995,-60.0,0.2671875,0.0
996,-63.75,0.27275390625,0.0
997,-63.75,0.2783203125,0.0
998,-60.0,0.27275390625,0.0
999,-60.0,0.2783203125,0.0
1000,-63.75,0.28388671875,0.0
1001,-63.75,0.289453125,0.0
1002,-60.0,0.28388671875,0.0
1003,-60.0,0.289453125,0.0
1004,-63.75,0.29501953125,0.0
1005,-63.75,0.3005859375000001,0.0
1006,-60.0,0.29501953125,0.0
1007,-60.0,0.3005859375000001,0.0
1008,-63.75,0.31171875,0.0
1009,-60.0,0.31171875,0.0
1010,-63.75,0.333984375,0.0
1011,-60.0,0.333984375,0.0
1012,-63.75,0.35625,0.0
1013,-60.0,0.35625,0.0
1014,-63.75,0.40078125,0.0
1015,-60.0,0.40078125,0.0
1016,-63.75,0.4453125,0.0
1017,-60.0,0.4453125,0.0
1018,-63.75,0.534375,0.0
1019,-60.0,0.534375,0.0
1020,-63.75,0.7125,0.0
1021,-60.0,0.7125,0.0
1022,-63.75,1.06875,0.0
1023,-60.0,1.06875,0.0
1024,-63.75,1.425,0.0
1025,-60.0,1.425,0.0
1026,-63.75,1.78125,997458.4334935895
1027,-63.75,2.1375,213411.43746661325
1028,-60.0,1.78125,3989833.733974358
1029,-60.0,2.1375,853645.749866453
1030,-63.75,2.49375,475393.859341613
1031,-63.75,2.85,297747.2288995722
1032,-60.0,2.49375,1901575.437366452
1033,-60.0,2.85,1190988.9155982889
1034,-56.25,0.0111328125,0.0
1035,-56.25,-0.0,0.0
1036,-56.25,0.022265625,0.0
1037,-52.5,0.0111328125,0.0
1038,-52.5,-0.0,0.0
1039,-52.5,0.022265625,0.0
1040,-56.25,0.0333984375,0.0
1041,-56.25,0.04453125,0.0
1042,-52.5,0.0333984375,0.0
1043,-52.5,0.04453125,0.0
1044,-56.25,0.0556640625,0.0
1045,-56.25,0.066796875,0.0
1046,-52.5,0.0556640625,0.0
1047,-52.5,0.066796875,0.0
1048,-56.25,0.07792968750000001,0.0
1049,-52.5,0.07792968750000001,0.0
1050,-56.25,0.0890625,0.0
1051,-52.5,0.0890625,0.0
1052,-56.25,0.09462890625,0.0
1053,-56.25,0.1001953125,0.0
1054,-52.5,0.09462890625,0.0
1055,-52.5,0.1001953125,6943937.956981169
1056,-56.25,0.10576171875,0.0
1057,-56.25,0.111328125,0.0
1058,-52.5,0.10576171875,7009430.948893229
1059,-52.5,0.111328125,7074923.940805288
1060,-56.25,0.11689453125,0.0
1061,-56.25,0.1224609375,0.0
1062,-52.5,0.11689453125,7140416.9327173475
1063,-52.5,0.1224609375,7205909.924629407
1064,-56.25,0.12802734375,0.0
1065,-56.25,0.13359375,0.0
1066,-52.5,0.12802734375,7271402.916541466
1067,-52.5,0.13359375,7336895.908453526
1068,-56.25,0.13916015625,0.0
1069,-56.25,0.1447265625,0.0
1070,-52.5,0.13916015625,7402388.900365585
1071,-52.5,0.1447265625,7467881.892277643
1072,-56.25,0.15029296875,0.0
1073,-56.25,0.155859375,0.0
1074,-52.5,0.15029296875,7533374.884189703
1075,-52.5,0.155859375,7598867.876101762
1076,-56.25,0.16142578125,0.0
1077,-56.25,0.1669921875,0.0
1078,-52.5,0.16142578125,7664360.8680138225
1079,-52.5,0.1669921875,7729853.859925881
1080,-56.25,0.17255859375,0.0
1081,-56.25,0.178125,0.0
1082,-52.5,0.17255859375,7795346.85183794
1083,-52.5,0.178125,7860839.84375
1084,-56.25,0.18369140625,0.0
1085,-56.25,0.1892578125,0.0
1086,-52.5,0.18369140625,7926332.8356620595
1087,-52.5,0.1892578125,7991825.827574119
1088,-56.25,0.19482421875,0.0
1089,-56.25,0.2,0.0
1090,-56.25,0.200390625,0.0
1091,-52.5,0.19482421875,8057318.819486177
1092,-52.5,0.2,8118215.811965812
1093,-52.5,0.200390625,8122811.811398236
1094,-56.25,0.20595703125,0.0
1095,-56.25,0.2115234375,0.0
1096,-52.5,0.20595703125,8188304.803310296
1097,-52.5,0.2115234375,8253797.795222355
1098,-56.25,0.21708984375,0.0
1099,-56.25,0.22265625,0.0
1100,-52.5,0.21708984375,8319290.787134415
1101,-52.5,0.22265625,8384783.779046474
1102,-56.25,0.22822265625,0.0
1103,-56.25,0.2337890625,0.0
1104,-52.5,0.22822265625,8450276.770958534
1105,-52.5,0.2337890625,8515769.762870593
1106,-56.25,0.23935546875,0.0
1107,-56.25,0.244921875,0.0
1108,-52.5,0.23935546875,8581262.75478265
1109,-52.5,0.244921875,8646755.74669471
1110,-56.25,0.25048828125,0.0
1111,-56.25,0.2560546875,0.0
1112,-52.5,0.25048828125,8712248.73860677
1113,-52.5,0.2560546875,8777741.73051883
1114,-56.25,0.26162109375,0.0
1115,-56.25,0.2671875,0.0
1116,-52.5,0.26162109375,8843234.722430889
1117,-52.5,0.2671875,8908727.714342948
1118,-56.25,0.27275390625,0.0
1119,-56.25,0.2783203125,0.0
1120,-52.5,0.27275390625,8974220.706255008
1121,-52.5,0.2783203125,9039713.698167067
1122,-56.25,0.28388671875,0.0
1123,-56.25,0.289453125,0.0
1124,-52.5,0.28388671875,9105206.690079127
1125,-52.5,0.289453125,9170699.681991184
1126,-56.25,0.29501953125,0.0
1127,-56.25,0.3005859375000001,0.0
1128,-52.5,0.29501953125,9236192.673903245
1129,-52.5,0.3005859375000001,9299582.769931892
1130,-56.25,0.31171875,0.0
1131,-52.5,0.31171875,9390613.731971154
1132,-56.25,0.333984375,0.0
1133,-52.5,0.333984375,9572675.65604968
1134,-56.25,0.35625,0.0
1135,-52.5,0.35625,9754737.580128204
1136,-56.25,0.40078125,0.0
1137,-52.5,0.40078125,10118861.428285256
1138,-56.25,0.4453125,0.0
1139,-52.5,0.4453125,10482985.276442308
1140,-56.25,0.534375,0.0
1141,-52.5,0.534375,11872793.344350962
1142,-56.25,0.7125,0.0
1143,-52.5,0.7125,16409942.157451924
1144,-56.25,1.06875,0.0
1145,-52.5,1.06875,19367375.926482372
1146,-56.25,1.425,0.0
1147,-52.5,1.425,16244404.380341882
1148,-56.25,1.78125,6982209.034455126
1149,-56.25,2.1375,1493880.062266293
1150,-52.5,1.78125,32767036.007612176
1151,-52.5,2.1375,37559606.91272702
1152,-56.25,2.49375,3327757.015391291
1153,-56.25,2.85,2084230.6022970052
1154,-52.5,2.49375,38459221.629607365
1155,-52.5,2.85,43512416.53311966
1156,-48.75,0.0111328125,0.0
1157,-48.75,-0.0,0.0
1158,-48.75,0.022265625,0.0
1159,-45.0,0.0111328125,0.0
1160,-45.0,-0.0,0.0
1161,-45.0,0.022265625,0.0
1162,-48.75,0.0333984375,0.0
1163,-48.75,0.04453125,0.0
1164,-45.0,0.0333984375,0.0
1165,-45.0,0.04453125,0.0
1166,-48.75,0.0556640625,0.0
1167,-48.75,0.066796875,0.0
1168,-45.0,0.0556640625,0.0
1169,-45.0,0.066796875,0.0
1170,-48.75,0.07792968750000001,0.0
1171,-45.0,0.07792968750000001,0.0
1172,-48.75,0.0890625,0.0
1173,-45.0,0.0890625,0.0
1174,-48.75,0.09462890625,0.0
1175,-48.75,0.1001953125,17359844.89245292
1176,-45.0,0.09462890625,0.0
1177,-45.0,0.1001953125,27775751.827924676
1178,-48.75,0.10576171875,17523577.37223307
1179,-48.75,0.111328125,17687309.85201322
1180,-45.0,0.10576171875,28037723.795572914
1181,-45.0,0.111328125,28299695.763221152
1182,-48.75,0.11689453125,17851042.331793368
1183,-48.75,0.1224609375,18014774.811573517
1184,-45.0,0.11689453125,28561667.73086939
1185,-45.0,0.1224609375,28823639.698517628
1186,-48.75,0.12802734375,18178507.291353665
1187,-48.75,0.13359375,18342239.771133814
1188,-45.0,0.12802734375,29085611.666165862
1189,-45.0,0.13359375,29347583.633814104
1190,-48.75,0.13916015625,18505972.250913963
1191,-48.75,0.1447265625,18669704.730694108
1192,-45.0,0.13916015625,29609555.60146234
1193,-45.0,0.1447265625,29871527.569110572
1194,-48.75,0.15029296875,18833437.21047426
1195,-48.75,0.155859375,18997169.690254405
1196,-45.0,0.15029296875,30133499.53675881
1197,-45.0,0.155859375,30395471.50440705
1198,-48.75,0.16142578125,19160902.170034554
1199,-48.75,0.1669921875,19324634.649814703
1200,-45.0,0.16142578125,30657443.47205529
1201,-45.0,0.1669921875,30919415.439703524
1202,-48.75,0.17255859375,19488367.129594848
1203,-48.75,0.178125,19652099.609375
1204,-45.0,0.17255859375,31181387.40735176
1205,-45.0,0.178125,31443359.375
1206,-48.75,0.18369140625,19815832.089155145
1207,-48.75,0.1892578125,19979564.568935297
1208,-45.0,0.18369140625,31705331.342648238
1209,-45.0,0.1892578125,31967303.310296476
1210,-48.75,0.19482421875,20143297.048715442
1211,-48.75,0.2,20295539.529914528
1212,-48.75,0.200390625,20307029.52849559
1213,-45.0,0.19482421875,32229275.277944706
1214,-45.0,0.2,32472863.247863248
1215,-45.0,0.200390625,32491247.245592944
1216,-48.75,0.20595703125,20470762.00827574
1217,-48.75,0.2115234375,20634494.48805589
1218,-45.0,0.20595703125,32753219.213241182
1219,-45.0,0.2115234375,33015191.18088942
1220,-48.75,0.21708984375,20798226.967836037
1221,-48.75,0.22265625,20961959.447616186
1222,-45.0,0.21708984375,33277163.14853766
1223,-45.0,0.22265625,33539135.116185896
1224,-48.75,0.22822265625,21125691.927396335
1225,-48.75,0.2337890625,21289424.40717648
1226,-45.0,0.22822265625,33801107.083834134
1227,-45.0,0.2337890625,34063079.05148237
1228,-48.75,0.23935546875,21453156.88695663
1229,-48.75,0.244921875,21616889.366736777
1230,-45.0,0.23935546875,34325051.0191306
1231,-45.0,0.244921875,34587022.98677884
1232,-48.75,0.25048828125,21780621.846516926
1233,-48.75,0.2560546875,21944354.326297075
1234,-45.0,0.25048828125,34848994.95442708
1235,-45.0,0.2560546875,35110966.92207532
1236,-48.75,0.26162109375,22108086.80607722
1237,-48.75,0.2671875,22271819.285857372
1238,-45.0,0.26162109375,35372938.889723554
1239,-45.0,0.2671875,35634910.85737179
1240,-48.75,0.27275390625,22435551.76563752
1241,-48.75,0.2783203125,22599284.245417666
1242,-45.0,0.27275390625,35896882.82502003
1243,-45.0,0.2783203125,36158854.79266827
1244,-48.75,0.28388671875,22763016.725197814
1245,-48.75,0.289453125,22926749.20497796
1246,-45.0,0.28388671875,36420826.760316506
1247,-45.0,0.289453125,36682798.72796474
1248,-48.75,0.29501953125,23090481.68475811
1249,-48.75,0.3005859375000001,23248956.92482973
1250,-45.0,0.29501953125,36944770.69561298
1251,-45.0,0.3005859375000001,37198331.07972757
1252,-48.75,0.31171875,23476534.32992788
1253,-45.0,0.31171875,37562454.927884616
1254,-48.75,0.333984375,23931689.140124198
1255,-45.0,0.333984375,38290702.62419872
1256,-48.75,0.35625,24386843.950320512
1257,-45.0,0.35625,39018950.32051282
1258,-48.75,0.40078125,25297153.57071314
1259,-45.0,0.40078125,40475445.713141024
1260,-48.75,0.4453125,26207463.191105768
1261,-45.0,0.4453125,41931941.10576923
1262,-48.75,0.534375,29681983.36087741
1263,-45.0,0.534375,47491173.37740385
1264,-48.75,0.7125,41024855.393629804
1265,-45.0,0.7125,65639768.629807696
1266,-48.75,1.06875,48418439.816205926
1267,-45.0,1.06875,77469503.70592949
1268,-48.75,1.425,40611010.950854704
1269,-45.0,1.425,64977617.52136753
1270,-48.75,1.78125,69948088.81710736
1271,-48.75,2.1375,91338080.03221819
1272,-45.0,1.78125,107129141.62660256
1273,-45.0,2.1375,145116553.15170935
1274,-48.75,2.49375,90443327.76191907
1275,-48.75,2.85,105208074.58600429
1276,-45.0,2.49375,142427433.89423072
1277,-45.0,2.85,166903732.63888893
1278,-41.25,0.0111328125,0.0
1279,-41.25,-0.0,0.0
1280,-41.25,0.022265625,0.0
1281,-37.5,0.0111328125,0.0
1282,-37.5,-0.0,0.0
1283,-37.5,0.022265625,0.0
1284,-41.25,0.0333984375,0.0
1285,-41.25,0.04453125,0.0
1286,-37.5,0.0333984375,0.0
1287,-37.5,0.04453125,0.0
1288,-41.25,0.0556640625,0.0
1289,-41.25,0.066796875,0.0
1290,-37.5,0.0556640625,0.0
1291,-37.5,0.066796875,0.0
1292,-41.25,0.07792968750000001,0.0
1293,-37.5,0.07792968750000001,0.0
1294,-41.25,0.0890625,0.0
1295,-37.5,0.0890625,0.0
1296,-41.25,0.09462890625,0.0
1297,-41.25,0.1001953125,155052423.04679674
1298,-37.5,0.09462890625,0.0
1299,-37.5,0.1001953125,282329094.2656688
1300,-41.25,0.10576171875,155280955.04076052
1301,-41.25,0.111328125,155509487.0347243
1302,-37.5,0.10576171875,282524186.28594816
1303,-37.5,0.111328125,282719278.30622745
1304,-41.25,0.11689453125,155738019.02868807
1305,-41.25,0.1224609375,155966551.02265185
1306,-37.5,0.11689453125,282914370.32650673
1307,-37.5,0.1224609375,283109462.3467861
1308,-41.25,0.12802734375,156195083.01661563
1309,-41.25,0.13359375,156423615.01057944
1310,-37.5,0.12802734375,283304554.3670654
1311,-37.5,0.13359375,283499646.3873448
1312,-41.25,0.13916015625,156652147.00454322
1313,-41.25,0.1447265625,156880678.998507
1314,-37.5,0.13916015625,283694738.40762407
1315,-37.5,0.1447265625,283889830.42790335
1316,-41.25,0.15029296875,157109210.99247077
1317,-41.25,0.155859375,157337742.98643452
1318,-37.5,0.15029296875,284084922.4481827
1319,-37.5,0.155859375,284280014.468462
1320,-41.25,0.16142578125,157566274.98039833
1321,-41.25,0.1669921875,157794806.9743621
1322,-37.5,0.16142578125,284475106.48874134
1323,-37.5,0.1669921875,284670198.5090207
1324,-41.25,0.17255859375,158023338.96832588
1325,-41.25,0.178125,158251870.9622897
1326,-37.5,0.17255859375,284865290.5293
1327,-37.5,0.178125,285060382.5495794
1328,-41.25,0.18369140625,158480402.95625347
1329,-41.25,0.1892578125,158708934.95021725
1330,-37.5,0.18369140625,285255474.5698587
1331,-37.5,0.1892578125,285450566.59013796
1332,-41.25,0.19482421875,158937466.944181
1333,-41.25,0.2,159149961.60523504
1334,-41.25,0.200390625,159165998.9381448
1335,-37.5,0.19482421875,285645658.61041725
1336,-37.5,0.2,285827059.96260685
1337,-37.5,0.200390625,285840750.63069665
1338,-41.25,0.20595703125,159394530.93210858
1339,-41.25,0.2115234375,159623062.92607236
1340,-37.5,0.20595703125,286035842.65097594
1341,-37.5,0.2115234375,286230934.6712553
1342,-41.25,0.21708984375,159851594.92003614
1343,-41.25,0.22265625,160080126.91399992
1344,-37.5,0.21708984375,286426026.69153464
1345,-37.5,0.22265625,286621118.7118139
1346,-41.25,0.22822265625,160308658.9079637
1347,-41.25,0.2337890625,160537190.90192747
1348,-37.5,0.22822265625,286816210.7320933
1349,-37.5,0.2337890625,287011302.75237256
1350,-41.25,0.23935546875,160765722.89589125
1351,-41.25,0.244921875,160994254.88985503
1352,-37.5,0.23935546875,287206394.7726519
1353,-37.5,0.244921875,287401486.7929312
1354,-41.25,0.25048828125,161222786.8838188
1355,-41.25,0.2560546875,161451318.87778258
1356,-37.5,0.25048828125,287596578.81321055
1357,-37.5,0.2560546875,287791670.83348984
1358,-41.25,0.26162109375,161679850.87174636
1359,-41.25,0.2671875,161908382.86571014
1360,-37.5,0.26162109375,287986762.8537692
1361,-37.5,0.2671875,288181854.87404853
1362,-41.25,0.27275390625,162136914.85967392
1363,-41.25,0.2783203125,162365446.8536377
1364,-37.5,0.27275390625,288376946.8943278
1365,-37.5,0.2783203125,288572038.91460717
1366,-41.25,0.28388671875,162593978.84760147
1367,-41.25,0.289453125,162822510.84156525
1368,-37.5,0.28388671875,288767130.93488646
1369,-37.5,0.289453125,288962222.95516574
1370,-41.25,0.29501953125,163051042.83552903
1371,-41.25,0.3005859375000001,163328367.77124652
1372,-37.5,0.29501953125,289157314.9754451
1373,-37.5,0.3005859375000001,289458404.4627655
1374,-41.25,0.31171875,164712497.65249398
1375,-37.5,0.31171875,291862540.3771034
1376,-41.25,0.333984375,167480757.41498902
1377,-37.5,0.333984375,296670812.2057793
1378,-41.25,0.35625,170249017.17748398
1379,-37.5,0.35625,301479084.0344551
1380,-41.25,0.40078125,175785536.70247397
1381,-37.5,0.40078125,311095627.6918069
1382,-41.25,0.4453125,181322056.22746396
1383,-37.5,0.4453125,320712171.3491587
1384,-41.25,0.534375,194860220.72816506
1385,-37.5,0.534375,342229268.07892627
1386,-41.25,0.7125,228751449.19370994
1387,-37.5,0.7125,391863129.75761217
1388,-41.25,1.06875,273338547.92668265
1389,-37.5,1.06875,469207592.14743584
1390,-41.25,1.425,297249182.0245727
1391,-37.5,1.425,529520746.5277778
1392,-41.25,1.78125,358872186.1227965
1393,-41.25,2.1375,439698158.7206197
1394,-37.5,1.78125,610615230.6189904
1395,-37.5,2.1375,734279764.2895299
1396,-41.25,2.49375,422806745.4802684
1397,-41.25,2.85,437176469.017094
1398,-37.5,2.49375,703186057.0663061
1399,-37.5,2.85,707449205.3952992
1400,-33.75,0.0111328125,0.0
1401,-33.75,-0.0,0.0
1402,-33.75,0.022265625,0.0
1403,-30.0,0.0111328125,0.0
1404,-30.0,-0.0,0.0
1405,-30.0,0.022265625,0.0
1406,-33.75,0.0333984375,0.0
1407,-33.75,0.04453125,0.0
1408,-30.0,0.0333984375,0.0
1409,-30.0,0.04453125,0.0
1410,-33.75,0.0556640625,0.0
1411,-33.75,0.066796875,0.0
1412,-30.0,0.0556640625,0.0
1413,-30.0,0.066796875,0.0
1414,-33.75,0.07792968750000001,0.0
1415,-30.0,0.07792968750000001,0.0
1416,-33.75,0.0890625,0.0
1417,-30.0,0.0890625,0.0
1418,-33.75,0.09462890625,0.0
1419,-33.75,0.1001953125,545033287.7884562
1420,-30.0,0.09462890625,0.0
1421,-30.0,0.1001953125,1078592525.9190748
1422,-33.75,0.10576171875,547167586.7145897
1423,-33.75,0.111328125,549301885.640723
1424,-30.0,0.10576171875,1086611325.510139
1425,-30.0,0.111328125,1094630125.1012034
1426,-33.75,0.11689453125,551436184.5668565
1427,-33.75,0.1224609375,553570483.4929898
1428,-30.0,0.11689453125,1102648924.6922681
1429,-30.0,0.1224609375,1110667724.2833326
1430,-33.75,0.12802734375,555704782.419123
1431,-33.75,0.13359375,557839081.3452566
1432,-30.0,0.12802734375,1118686523.8743968
1433,-30.0,0.13359375,1126705323.4654615
1434,-33.75,0.13916015625,559973380.27139
1435,-33.75,0.1447265625,562107679.1975234
1436,-30.0,0.13916015625,1134724123.056526
1437,-30.0,0.1447265625,1142742922.6475904
1438,-33.75,0.15029296875,564241978.1236566
1439,-33.75,0.155859375,566376277.04979
1440,-30.0,0.15029296875,1150761722.2386549
1441,-30.0,0.155859375,1158780521.829719
1442,-33.75,0.16142578125,568510575.9759235
1443,-33.75,0.1669921875,570644874.9020568
1444,-30.0,0.16142578125,1166799321.4207838
1445,-30.0,0.1669921875,1174818121.0118482
1446,-33.75,0.17255859375,572779173.8281902
1447,-33.75,0.178125,574913472.7543236
1448,-30.0,0.17255859375,1182836920.6029124
1449,-30.0,0.178125,1190855720.193977
1450,-33.75,0.18369140625,577047771.6804569
1451,-33.75,0.1892578125,579182070.6065904
1452,-30.0,0.18369140625,1198874519.7850413
1453,-30.0,0.1892578125,1206893319.376106
1454,-33.75,0.19482421875,581316369.5327237
1455,-33.75,0.2,583300893.0956197
1456,-33.75,0.200390625,583450668.458857
1457,-30.0,0.19482421875,1214912118.9671702
1458,-30.0,0.2,1222368195.7799144
1459,-30.0,0.200390625,1222930918.5582347
1460,-33.75,0.20595703125,585584967.3849905
1461,-33.75,0.2115234375,587719266.3111238
1462,-30.0,0.20595703125,1230949718.1492994
1463,-30.0,0.2115234375,1238968517.7403636
1464,-33.75,0.21708984375,589853565.2372572
1465,-33.75,0.22265625,591987864.1633906
1466,-30.0,0.21708984375,1246987317.331428
1467,-30.0,0.22265625,1255006116.9224925
1468,-33.75,0.22822265625,594122163.089524
1469,-33.75,0.2337890625,596256462.0156574
1470,-30.0,0.22822265625,1263024916.513557
1471,-30.0,0.2337890625,1271043716.1046214
1472,-33.75,0.23935546875,598390760.9417907
1473,-33.75,0.244921875,600525059.8679241
1474,-30.0,0.23935546875,1279062515.6956859
1475,-30.0,0.244921875,1287081315.2867503
1476,-33.75,0.25048828125,602659358.7940575
1477,-33.75,0.2560546875,604793657.7201909
1478,-30.0,0.25048828125,1295100114.8778148
1479,-30.0,0.2560546875,1303118914.4688792
1480,-33.75,0.26162109375,606927956.6463242
1481,-33.75,0.2671875,609062255.5724576
1482,-30.0,0.26162109375,1311137714.0599437
1483,-30.0,0.2671875,1319156513.6510081
1484,-33.75,0.27275390625,611196554.498591
1485,-33.75,0.2783203125,613330853.4247243
1486,-30.0,0.27275390625,1327175313.2420726
1487,-30.0,0.2783203125,1335194112.833137
1488,-33.75,0.28388671875,615465152.3508577
1489,-33.75,0.289453125,617599451.2769911
1490,-30.0,0.28388671875,1343212912.4242017
1491,-30.0,0.289453125,1351231712.015266
1492,-33.75,0.29501953125,619733750.2031245
1493,-33.75,0.3005859375000001,621671784.6862272
1494,-30.0,0.29501953125,1359250511.6063304
1495,-30.0,0.3005859375000001,1366051851.9735742
1496,-33.75,0.31171875,622211358.1209102
1497,-30.0,0.31171875,1358957725.9031115
1498,-33.75,0.333984375,623290504.9902761
1499,-30.0,0.333984375,1344769473.762186
1500,-33.75,0.35625,624369651.8596421
1501,-30.0,0.35625,1330581221.6212606
1502,-33.75,0.40078125,626527945.5983741
1503,-30.0,0.40078125,1302204717.3394098
1504,-33.75,0.4453125,628686239.337106
1505,-30.0,0.4453125,1273828213.0575588
1506,-33.75,0.534375,649474898.2747396
1507,-30.0,0.534375,1276473694.1606572
1508,-33.75,0.7125,742984199.7195512
1509,-30.0,0.7125,1470124048.4775639
1510,-33.75,1.06875,882827096.7923678
1511,-30.0,1.06875,1731947522.285657
1512,-33.75,1.425,985674904.8477564
1513,-30.0,1.425,1889594250.801282
1514,-33.75,1.78125,1095219863.2395165
1515,-33.75,2.1375,1256078951.3221157
1516,-30.0,1.78125,2045547672.1087072
1517,-30.0,2.1375,2232313301.282051
1518,-33.75,2.49375,1307925387.3906584
1519,-33.75,2.85,1278291575.687767
1520,-30.0,2.49375,2561384755.19164
1521,-30.0,2.85,2450273213.8087606
1522,-26.25,0.0111328125,0.0
1523,-26.25,-0.0,0.0
1524,-26.25,0.022265625,0.0
1525,-22.5,0.0111328125,0.0
1526,-22.5,-0.0,0.0
1527,-22.5,0.022265625,0.0
1528,-26.25,0.0333984375,0.0
1529,-26.25,0.04453125,0.0
1530,-22.5,0.0333984375,0.0
1531,-22.5,0.04453125,0.0
1532,-26.25,0.0556640625,0.0
1533,-26.25,0.066796875,0.0
1534,-22.5,0.0556640625,0.0
1535,-22.5,0.066796875,0.0
1536,-26.25,0.07792968750000001,0.0
1537,-22.5,0.07792968750000001,0.0
1538,-26.25,0.0890625,0.0
1539,-22.5,0.0890625,0.0
1540,-26.25,0.09462890625,0.0
1541,-26.25,0.1001953125,1612151764.0496929
1542,-22.5,0.09462890625,0.0
1543,-22.5,0.1001953125,2292565833.654159
1544,-26.25,0.10576171875,1626055064.3056886
1545,-26.25,0.111328125,1639958364.5616841
1546,-22.5,0.10576171875,2306541652.0925665
1547,-22.5,0.111328125,2320517470.530975
1548,-26.25,0.11689453125,1653861664.8176796
1549,-26.25,0.1224609375,1667764965.0736754
1550,-22.5,0.11689453125,2334493288.9693823
1551,-22.5,0.1224609375,2348469107.40779
1552,-26.25,0.12802734375,1681668265.3296704
1553,-26.25,0.13359375,1695571565.5856664
1554,-22.5,0.12802734375,2362444925.8461976
1555,-22.5,0.13359375,2376420744.284606
1556,-26.25,0.13916015625,1709474865.8416615
1557,-26.25,0.1447265625,1723378166.0976572
1558,-22.5,0.13916015625,2390396562.723013
1559,-22.5,0.1447265625,2404372381.1614203
1560,-26.25,0.15029296875,1737281466.353653
1561,-26.25,0.155859375,1751184766.609648
1562,-22.5,0.15029296875,2418348199.5998282
1563,-22.5,0.155859375,2432324018.0382357
1564,-26.25,0.16142578125,1765088066.865644
1565,-26.25,0.1669921875,1778991367.1216393
1566,-22.5,0.16142578125,2446299836.476644
1567,-22.5,0.1669921875,2460275654.9150515
1568,-26.25,0.17255859375,1792894667.3776345
1569,-26.25,0.178125,1806797967.6336308
1570,-22.5,0.17255859375,2474251473.3534594
1571,-22.5,0.178125,2488227291.7918673
1572,-26.25,0.18369140625,1820701267.889626
1573,-26.25,0.1892578125,1834604568.1456218
1574,-22.5,0.18369140625,2502203110.2302747
1575,-22.5,0.1892578125,2516178928.6686826
1576,-26.25,0.19482421875,1848507868.401617
1577,-26.25,0.2,1861435498.4642093
1578,-26.25,0.200390625,1862411168.6576126
1579,-22.5,0.19482421875,2530154747.10709
1580,-22.5,0.2,2543149806.3568377
1581,-22.5,0.200390625,2544130565.5454974
1582,-26.25,0.20595703125,1876314468.913608
1583,-26.25,0.2115234375,1890217769.1696033
1584,-22.5,0.20595703125,2558106383.9839053
1585,-22.5,0.2115234375,2572082202.422313
1586,-26.25,0.21708984375,1904121069.425599
1587,-26.25,0.22265625,1918024369.6815946
1588,-22.5,0.21708984375,2586058020.860721
1589,-22.5,0.22265625,2600033839.2991285
1590,-26.25,0.22822265625,1931927669.9375901
1591,-26.25,0.2337890625,1945830970.1935859
1592,-22.5,0.22822265625,2614009657.7375364
1593,-22.5,0.2337890625,2627985476.175944
1594,-26.25,0.23935546875,1959734270.4495811
1595,-26.25,0.244921875,1973637570.7055767
1596,-22.5,0.23935546875,2641961294.6143517
1597,-22.5,0.244921875,2655937113.052759
1598,-26.25,0.25048828125,1987540870.9615722
1599,-26.25,0.2560546875,2001444171.217568
1600,-22.5,0.25048828125,2669912931.491167
1601,-22.5,0.2560546875,2683888749.929575
1602,-26.25,0.26162109375,2015347471.4735632
1603,-26.25,0.2671875,2029250771.729559
1604,-22.5,0.26162109375,2697864568.3679824
1605,-22.5,0.2671875,2711840386.8063903
1606,-26.25,0.27275390625,2043154071.9855545
1607,-26.25,0.2783203125,2057057372.2415497
1608,-22.5,0.27275390625,2725816205.244798
1609,-22.5,0.2783203125,2739792023.6832056
1610,-26.25,0.28388671875,2070960672.4975452
1611,-26.25,0.289453125,2084863972.7535408
1612,-22.5,0.28388671875,2753767842.121613
1613,-22.5,0.289453125,2767743660.560021
1614,-26.25,0.29501953125,2098767273.0095365
1615,-26.25,0.3005859375000001,2110431919.2609212
1616,-22.5,0.29501953125,2781719478.998429
1617,-22.5,0.3005859375000001,2794113646.150247
1618,-26.25,0.31171875,2095704093.685313
1619,-22.5,0.31171875,2792013908.581856
1620,-26.25,0.333984375,2066248442.5340965
1621,-22.5,0.333984375,2787814433.4450746
1622,-26.25,0.35625,2036792791.3828793
1623,-22.5,0.35625,2783614958.3082933
1624,-26.25,0.40078125,1977881489.0804453
1625,-22.5,0.40078125,2775216008.034731
1626,-26.25,0.4453125,1918970186.7780113
1627,-22.5,0.4453125,2766817057.7611675
1628,-26.25,0.534375,1903472490.0465746
1629,-22.5,0.534375,2792229675.188635
1630,-26.25,0.7125,2197263897.2355766
1631,-22.5,0.7125,2988206733.273237
1632,-26.25,1.06875,2581067947.7789464
1633,-22.5,1.06875,3544272858.448518
1634,-26.25,1.425,2793513596.754808
1635,-22.5,1.425,3708764155.9829063
1636,-26.25,1.78125,2995875480.9778976
1637,-26.25,2.1375,3208547651.2419877
1638,-22.5,1.78125,4119191692.124065
1639,-22.5,2.1375,4303233911.758814
1640,-26.25,2.49375,3814844122.9926214
1641,-26.25,2.85,3622254851.9297543
1642,-22.5,2.49375,4842616713.825455
1643,-22.5,2.85,4787586087.740385
1644,-18.75,0.0111328125,0.0
1645,-18.75,-0.0,0.0
1646,-18.75,0.022265625,0.0
1647,-15.0,0.0111328125,0.0
1648,-15.0,-0.0,0.0
1649,-15.0,0.022265625,0.0
1650,-18.75,0.0333984375,0.0
1651,-18.75,0.04453125,0.0
1652,-15.0,0.0333984375,0.0
1653,-15.0,0.04453125,0.0
1654,-18.75,0.0556640625,0.0
1655,-18.75,0.066796875,0.0
1656,-15.0,0.0556640625,0.0
1657,-15.0,0.066796875,0.0
1658,-18.75,0.07792968750000001,0.0
1659,-15.0,0.07792968750000001,0.0
1660,-18.75,0.0890625,0.0
1661,-15.0,0.0890625,0.0
1662,-18.75,0.09462890625,0.0
1663,-18.75,0.1001953125,3046407318.9955487
1664,-15.0,0.09462890625,0.0
1665,-15.0,0.1001953125,3800248804.336939
1666,-18.75,0.10576171875,3057549664.3751097
1667,-18.75,0.111328125,3068692009.7546697
1668,-15.0,0.10576171875,3808557676.657652
1669,-15.0,0.111328125,3816866548.978365
1670,-18.75,0.11689453125,3079834355.13423
1671,-18.75,0.1224609375,3090976700.513791
1672,-15.0,0.11689453125,3825175421.2990785
1673,-15.0,0.1224609375,3833484293.6197915
1674,-18.75,0.12802734375,3102119045.893351
1675,-18.75,0.13359375,3113261391.272912
1676,-15.0,0.12802734375,3841793165.9405046
1677,-15.0,0.13359375,3850102038.261218
1678,-18.75,0.13916015625,3124403736.652472
1679,-18.75,0.1447265625,3135546082.0320325
1680,-15.0,0.13916015625,3858410910.581931
1681,-15.0,0.1447265625,3866719782.9026437
1682,-18.75,0.15029296875,3146688427.411593
1683,-18.75,0.155859375,3157830772.791153
1684,-15.0,0.15029296875,3875028655.223357
1685,-15.0,0.155859375,3883337527.5440702
1686,-18.75,0.16142578125,3168973118.170714
1687,-18.75,0.1669921875,3180115463.550274
1688,-15.0,0.16142578125,3891646399.8647842
1689,-15.0,0.1669921875,3899955272.185497
1690,-18.75,0.17255859375,3191257808.9298344
1691,-18.75,0.178125,3202400154.309395
1692,-15.0,0.17255859375,3908264144.5062094
1693,-15.0,0.178125,3916573016.8269234
1694,-18.75,0.18369140625,3213542499.6889553
1695,-18.75,0.1892578125,3224684845.0685163
1696,-15.0,0.18369140625,3924881889.1476364
1697,-15.0,0.1892578125,3933190761.4683495
1698,-18.75,0.19482421875,3235827190.4480762
1699,-18.75,0.2,3246187616.8536325
1700,-18.75,0.200390625,3246969535.8276367
1701,-15.0,0.19482421875,3941499633.7890625
1702,-15.0,0.2,3949225427.3504276
1703,-15.0,0.200390625,3949808506.1097755
1704,-18.75,0.20595703125,3258111881.207197
1705,-18.75,0.2115234375,3269254226.5867577
1706,-15.0,0.20595703125,3958117378.4304886
1707,-15.0,0.2115234375,3966426250.751202
1708,-18.75,0.21708984375,3280396571.966318
1709,-18.75,0.22265625,3291538917.3458786
1710,-15.0,0.21708984375,3974735123.071915
1711,-15.0,0.22265625,3983043995.3926287
1712,-18.75,0.22822265625,3302681262.725439
1713,-18.75,0.2337890625,3313823608.1049995
1714,-15.0,0.22822265625,3991352867.7133417
1715,-15.0,0.2337890625,3999661740.0340548
1716,-18.75,0.23935546875,3324965953.48456
1717,-18.75,0.244921875,3336108298.8641205
1718,-15.0,0.23935546875,4007970612.354768
1719,-15.0,0.244921875,4016279484.675481
1720,-18.75,0.25048828125,3347250644.2436805
1721,-18.75,0.2560546875,3358392989.623241
1722,-15.0,0.25048828125,4024588356.996194
1723,-15.0,0.2560546875,4032897229.3169074
1724,-18.75,0.26162109375,3369535335.002801
1725,-18.75,0.2671875,3380677680.3823624
1726,-15.0,0.26162109375,4041206101.6376204
1727,-15.0,0.2671875,4049514973.958333
1728,-18.75,0.27275390625,3391820025.761923
1729,-18.75,0.2783203125,3402962371.141483
1730,-15.0,0.27275390625,4057823846.2790465
1731,-15.0,0.2783203125,4066132718.5997596
1732,-18.75,0.28388671875,3414104716.521043
1733,-18.75,0.289453125,3425247061.9006033
1734,-15.0,0.28388671875,4074441590.920473
1735,-15.0,0.289453125,4082750463.241186
1736,-18.75,0.29501953125,3436389407.280164
1737,-18.75,0.3005859375000001,3447446202.8405604
1738,-15.0,0.29501953125,4091059335.561899
1739,-15.0,0.3005859375000001,4100778759.530875
1740,-18.75,0.31171875,3468105447.0355697
1741,-15.0,0.31171875,4144196985.489283
1742,-18.75,0.333984375,3509423935.4255877
1743,-15.0,0.333984375,4231033437.4061
1744,-18.75,0.35625,3550742423.8156047
1745,-15.0,0.35625,4317869889.322917
1746,-18.75,0.40078125,3633379400.5956407
1747,-15.0,0.40078125,4491542793.15655
1748,-18.75,0.4453125,3716016377.3756757
1749,-15.0,0.4453125,4665215696.990184
1750,-18.75,0.534375,3811866054.9587674
1751,-15.0,0.534375,4831502434.728899
1752,-18.75,0.7125,3811051062.9507217
1753,-15.0,0.7125,4633895392.628205
1754,-18.75,1.06875,4564520011.70623
1755,-15.0,1.06875,5584767164.963943
1756,-18.75,1.425,4629680321.848291
1757,-15.0,1.425,5550596487.7136755
1758,-18.75,1.78125,5329002104.40872
1759,-18.75,2.1375,5457146127.554087
1760,-15.0,1.78125,6538812516.693377
1761,-15.0,2.1375,6611058343.3493595
1762,-18.75,2.49375,5757545916.174213
1763,-18.75,2.85,5949592122.395834
1764,-15.0,2.49375,6672475118.52297
1765,-15.0,2.85,7111598157.051282
1766,-11.25,0.0111328125,0.0
1767,-11.25,-0.0,0.0
1768,-11.25,0.022265625,0.0
1769,-7.5,0.0111328125,0.0
1770,-7.5,-0.0,0.0
1771,-7.5,0.022265625,0.0
1772,-11.25,0.0333984375,0.0
1773,-11.25,0.04453125,0.0
1774,-7.5,0.0333984375,0.0
1775,-7.5,0.04453125,0.0
1776,-11.25,0.0556640625,0.0
1777,-11.25,0.066796875,0.0
1778,-7.5,0.0556640625,0.0
1779,-7.5,0.066796875,0.0
1780,-11.25,0.07792968750000001,0.0
1781,-7.5,0.07792968750000001,0.0
1782,-11.25,0.0890625,0.0
1783,-7.5,0.0890625,0.0
1784,-11.25,0.09462890625,0.0
1785,-11.25,0.1001953125,10114325587.248192
1786,-7.5,0.09462890625,0.0
1787,-7.5,0.1001953125,16428402370.159441
1788,-11.25,0.10576171875,10246818415.568424
1789,-11.25,0.111328125,10379311243.888659
1790,-7.5,0.10576171875,16685079154.479197
1791,-7.5,0.111328125,16941755938.798952
1792,-11.25,0.11689453125,10511804072.208893
1793,-11.25,0.1224609375,10644296900.529127
1794,-7.5,0.11689453125,17198432723.11871
1795,-7.5,0.1224609375,17455109507.438465
1796,-11.25,0.12802734375,10776789728.849363
1797,-11.25,0.13359375,10909282557.169598
1798,-7.5,0.12802734375,17711786291.758217
1799,-7.5,0.13359375,17968463076.077976
1800,-11.25,0.13916015625,11041775385.48983
1801,-11.25,0.1447265625,11174268213.810064
1802,-7.5,0.13916015625,18225139860.397728
1803,-7.5,0.1447265625,18481816644.717484
1804,-11.25,0.15029296875,11306761042.130299
1805,-11.25,0.155859375,11439253870.450533
1806,-7.5,0.15029296875,18738493429.03724
1807,-7.5,0.155859375,18995170213.356995
1808,-11.25,0.16142578125,11571746698.77077
1809,-11.25,0.1669921875,11704239527.091002
1810,-7.5,0.16142578125,19251846997.676754
1811,-7.5,0.1669921875,19508523781.996506
1812,-11.25,0.17255859375,11836732355.411236
1813,-11.25,0.178125,11969225183.731472
1814,-7.5,0.17255859375,19765200566.31626
1815,-7.5,0.178125,20021877350.63602
1816,-11.25,0.18369140625,12101718012.051704
1817,-11.25,0.1892578125,12234210840.37194
1818,-7.5,0.18369140625,20278554134.955772
1819,-7.5,0.1892578125,20535230919.275528
1820,-11.25,0.19482421875,12366703668.692173
1821,-11.25,0.2,12489898754.674147
1822,-11.25,0.200390625,12499196497.012405
1823,-7.5,0.19482421875,20791907703.595284
1824,-7.5,0.2,21030572081.997864
1825,-7.5,0.200390625,21048584487.91504
1826,-11.25,0.20595703125,12631689325.332642
1827,-11.25,0.2115234375,12764182153.652878
1828,-7.5,0.20595703125,21305261272.234795
1829,-7.5,0.2115234375,21561938056.55455
1830,-11.25,0.21708984375,12896674981.97311
1831,-11.25,0.22265625,13029167810.293344
1832,-7.5,0.21708984375,21818614840.874306
1833,-7.5,0.22265625,22075291625.19406
1834,-11.25,0.22822265625,13161660638.613579
1835,-11.25,0.2337890625,13294153466.933815
1836,-7.5,0.22822265625,22331968409.513817
1837,-7.5,0.2337890625,22588645193.833572
1838,-11.25,0.23935546875,13426646295.254047
1839,-11.25,0.244921875,13559139123.574284
1840,-7.5,0.23935546875,22845321978.153324
1841,-7.5,0.244921875,23101998762.473083
1842,-11.25,0.25048828125,13691631951.894516
1843,-11.25,0.2560546875,13824124780.21475
1844,-7.5,0.25048828125,23358675546.79284
1845,-7.5,0.2560546875,23615352331.112595
1846,-11.25,0.26162109375,13956617608.534983
1847,-11.25,0.2671875,14089110436.855219
1848,-7.5,0.26162109375,23872029115.432346
1849,-7.5,0.2671875,24128705899.752106
1850,-11.25,0.27275390625,14221603265.175453
1851,-11.25,0.2783203125,14354096093.495686
1852,-7.5,0.27275390625,24385382684.07186
1853,-7.5,0.2783203125,24642059468.391613
1854,-11.25,0.28388671875,14486588921.81592
1855,-11.25,0.289453125,14619081750.136154
1856,-7.5,0.28388671875,24898736252.71137
1857,-7.5,0.289453125,25155413037.03112
1858,-11.25,0.29501953125,14751574578.45639
1859,-11.25,0.3005859375000001,14875435838.503716
1860,-7.5,0.29501953125,25412089821.35088
1861,-7.5,0.3005859375000001,25650092917.476555
1862,-11.25,0.31171875,14976421697.958923
1863,-7.5,0.31171875,25808646410.428562
1864,-11.25,0.333984375,15178393416.869335
1865,-7.5,0.333984375,26125753396.332573
1866,-11.25,0.35625,15380365135.779745
1867,-7.5,0.35625,26442860382.236576
1868,-11.25,0.40078125,15784308573.600573
1869,-7.5,0.40078125,27077074354.044594
1870,-11.25,0.4453125,16188252011.421398
1871,-7.5,0.4453125,27711288325.85261
1872,-11.25,0.534375,16603908778.00314
1873,-7.5,0.534375,28376315121.277374
1874,-11.25,0.7125,16303181997.445915
1875,-7.5,0.7125,27972468602.263622
1876,-11.25,1.06875,18482707718.286762
1877,-7.5,1.06875,31380648271.60958
1878,-11.25,1.425,18037311894.86512
1879,-7.5,1.425,30524027302.016556
1880,-11.25,1.78125,19421657396.62627
1881,-11.25,2.1375,20053325289.21274
1882,-7.5,1.78125,32304502276.55916
1883,-7.5,2.1375,33495592235.076126
1884,-11.25,2.49375,20081901172.083668
1885,-11.25,2.85,20886516426.28205
1886,-7.5,2.49375,33491327225.644363
1887,-7.5,2.85,34661434695.51282
1888,-3.75,0.0111328125,0.0
1889,-3.75,-0.0,0.0
1890,-3.75,0.022265625,0.0
1891,0.0,0.0111328125,0.0
1892,0.0,-0.0,0.0
1893,0.0,0.022265625,0.0
1894,-3.75,0.0333984375,0.0
1895,-3.75,0.04453125,0.0
1896,0.0,0.0333984375,0.0
1897,0.0,0.04453125,0.0
1898,-3.75,0.0556640625,0.0
1899,-3.75,0.066796875,0.0
1900,0.0,0.0556640625,0.0
1901,0.0,0.066796875,0.0
1902,-3.75,0.07792968750000001,0.0
1903,0.0,0.07792968750000001,0.0
1904,-3.75,0.0890625,0.0
1905,0.0,0.0890625,0.0
1906,-3.75,0.09462890625,0.0
1907,-3.75,0.1001953125,24209164415.571423
1908,0.0,0.09462890625,0.0
1909,0.0,0.1001953125,34923296985.98487
1910,-3.75,0.10576171875,24467233071.85703
1911,-3.75,0.111328125,24725301728.14263
1912,0.0,0.10576171875,34937173346.16897
1913,0.0,0.111328125,34951049706.35308
1914,-3.75,0.11689453125,24983370384.428234
1915,-3.75,0.1224609375,25241439040.71384
1916,0.0,0.11689453125,34964926066.537186
1917,0.0,0.1224609375,34978802426.7213
1918,-3.75,0.12802734375,25499507696.999443
1919,-3.75,0.13359375,25757576353.28505
1920,0.0,0.12802734375,34992678786.9054
1921,0.0,0.13359375,35006555147.08951
1922,-3.75,0.13916015625,26015645009.570652
1923,-3.75,0.1447265625,26273713665.856255
1924,0.0,0.13916015625,35020431507.27362
1925,0.0,0.1447265625,35034307867.45772
1926,-3.75,0.15029296875,26531782322.14186
1927,-3.75,0.155859375,26789850978.42746
1928,0.0,0.15029296875,35048184227.64183
1929,0.0,0.155859375,35062060587.825935
1930,-3.75,0.16142578125,27047919634.713066
1931,-3.75,0.1669921875,27305988290.998672
1932,0.0,0.16142578125,35075936948.01004
1933,0.0,0.1669921875,35089813308.19415
1934,-3.75,0.17255859375,27564056947.28427
1935,-3.75,0.178125,27822125603.569878
1936,0.0,0.17255859375,35103689668.37826
1937,0.0,0.178125,35117566028.56237
1938,-3.75,0.18369140625,28080194259.85548
1939,-3.75,0.1892578125,28338262916.141087
1940,0.0,0.18369140625,35131442388.746475
1941,0.0,0.1892578125,35145318748.93058
1942,-3.75,0.19482421875,28596331572.426693
1943,-3.75,0.2,28836290147.569443
1944,-3.75,0.200390625,28854400228.71229
1945,0.0,0.19482421875,35159195109.114685
1946,0.0,0.2,35172097689.63675
1947,0.0,0.200390625,35173071469.2988
1948,-3.75,0.20595703125,29112468884.997894
1949,-3.75,0.2115234375,29370537541.2835
1950,0.0,0.20595703125,35186947829.4829
1951,0.0,0.2115234375,35200824189.66701
1952,-3.75,0.21708984375,29628606197.569107
1953,-3.75,0.22265625,29886674853.854706
1954,0.0,0.21708984375,35214700549.85112
1955,0.0,0.22265625,35228576910.035225
1956,-3.75,0.22822265625,30144743510.140312
1957,-3.75,0.2337890625,30402812166.425915
1958,0.0,0.22822265625,35242453270.21933
1959,0.0,0.2337890625,35256329630.403435
1960,-3.75,0.23935546875,30660880822.71152
1961,-3.75,0.244921875,30918949478.997124
1962,0.0,0.23935546875,35270205990.58755
1963,0.0,0.244921875,35284082350.77165
1964,-3.75,0.25048828125,31177018135.282726
1965,-3.75,0.2560546875,31435086791.568333
1966,0.0,0.25048828125,35297958710.95576
1967,0.0,0.2560546875,35311835071.13987
1968,-3.75,0.26162109375,31693155447.85393
1969,-3.75,0.2671875,31951224104.13954
1970,0.0,0.26162109375,35325711431.323975
1971,0.0,0.2671875,35339587791.50808
1972,-3.75,0.27275390625,32209292760.425144
1973,-3.75,0.2783203125,32467361416.710747
1974,0.0,0.27275390625,35353464151.692184
1975,0.0,0.2783203125,35367340511.8763
1976,-3.75,0.28388671875,32725430072.996353
1977,-3.75,0.289453125,32983498729.28195
1978,0.0,0.28388671875,35381216872.060394
1979,0.0,0.289453125,35395093232.24451
1980,-3.75,0.29501953125,33241567385.56756
1981,-3.75,0.3005859375000001,33481253594.48816
1982,0.0,0.29501953125,35408969592.42862
1983,0.0,0.3005859375000001,35425421467.577286
1984,-3.75,0.31171875,33648124407.124313
1985,0.0,0.31171875,35502108972.2723
1986,-3.75,0.333984375,33981866032.39663
1987,0.0,0.333984375,35655483981.66233
1988,-3.75,0.35625,34315607657.668938
1989,0.0,0.35625,35808858991.05235
1990,-3.75,0.40078125,34983090908.213554
1991,0.0,0.40078125,36115609009.8324
1992,-3.75,0.4453125,35650574158.75818
1993,0.0,0.4453125,36422359028.61244
1994,-3.75,0.534375,36345707504.40288
1995,0.0,0.534375,36709071967.2309
1996,-3.75,0.7125,35917026016.6266
1997,0.0,0.7125,36412125050.080124
1998,-3.75,1.06875,39704971066.20593
1999,0.0,1.06875,38882058343.349365
2000,-3.75,1.425,39028777973.92494
2001,0.0,1.425,39569599175.34722
2002,-3.75,1.78125,40807890997.470955
2003,-3.75,2.1375,42236322774.77297
2004,0.0,1.78125,40552367400.340546
2005,0.0,2.1375,41573980502.13675
2006,-3.75,2.49375,42365843987.88061
2007,-3.75,2.85,43905706714.07584
2008,0.0,2.49375,42170542167.46794
2009,0.0,2.85,44088686231.30342
2010,-116.25,3.20625,0.0
2011,-120.0,3.20625,0.0
2012,-116.25,3.5625,0.0
2013,-120.0,3.5625,0.0
2014,-112.5,3.20625,0.0
2015,-112.5,3.5625,0.0
2016,-116.25,3.91875,0.0
2017,-120.0,3.91875,0.0
2018,-116.25,4.275,0.0
2019,-120.0,4.275,0.0
2020,-112.5,3.91875,0.0
2021,-112.5,4.275,0.0
2022,-108.75,3.20625,0.0
2023,-108.75,3.5625,0.0
2024,-105.0,3.20625,0.0
2025,-105.0,3.5625,0.0
2026,-108.75,3.91875,0.0
2027,-108.75,4.275,0.0
2028,-105.0,3.91875,0.0
2029,-105.0,4.275,0.0
2030,-101.25,3.20625,0.0
2031,-101.25,3.5625,0.0
2032,-97.5,3.20625,0.0
2033,-97.5,3.5625,0.0
2034,-101.25,3.91875,0.0
2035,-101.25,4.275,0.0
2036,-97.5,3.91875,0.0
2037,-97.5,4.275,0.0
2038,-93.75,3.20625,0.0
2039,-93.75,3.5625,0.0
2040,-90.0,3.20625,0.0
2041,-90.0,3.5625,0.0
2042,-93.75,3.91875,0.0
2043,-93.75,4.275,0.0
2044,-90.0,3.91875,0.0
2045,-90.0,4.275,0.0
2046,-86.25,3.20625,0.0
2047,-86.25,3.5625,0.0
2048,-82.5,3.20625,0.0
2049,-82.5,3.5625,0.0
2050,-86.25,3.91875,0.0
2051,-86.25,4.275,0.0
2052,-82.5,3.91875,0.0
2053,-82.5,4.275,0.0
2054,-78.75,3.20625,0.0
2055,-78.75,3.5625,0.0
2056,-75.0,3.20625,0.0
2057,-75.0,3.5625,0.0
2058,-78.75,3.91875,0.0
2059,-78.75,4.275,0.0
2060,-75.0,3.91875,0.0
2061,-75.0,4.275,0.0
2062,-71.25,3.20625,0.0
2063,-71.25,3.5625,0.0
2064,-67.5,3.20625,0.0
2065,-67.5,3.5625,0.0
2066,-71.25,3.91875,0.0
2067,-71.25,4.275,0.0
2068,-67.5,3.91875,0.0
2069,-67.5,4.275,0.0
2070,-63.75,3.20625,229593.7040932158
2071,-63.75,3.5625,531228.9246127134
2072,-60.0,3.20625,918374.8163728632
2073,-60.0,3.5625,2124915.6984508536
2074,-63.75,3.91875,714027.2352430553
2075,-63.75,4.275,238746.1605235031
2076,-60.0,3.91875,2856108.940972221
2077,-60.0,4.275,954984.6420940123
2078,-56.25,3.20625,1607155.9286525105
2079,-56.25,3.5625,3718602.472288994
2080,-52.5,3.20625,25613247.654580668
2081,-52.5,3.5625,18123137.43656517
2082,-56.25,3.91875,4998190.646701387
2083,-56.25,4.275,1671223.1236645216
2084,-52.5,3.91875,21660386.20125538
2085,-52.5,4.275,25123991.720085405
2086,-48.75,3.20625,61277994.68733308
2087,-48.75,3.5625,38933096.49606036
2088,-45.0,3.20625,96942741.72008549
2089,-45.0,3.5625,59743055.55555555
2090,-48.75,3.91875,45582638.68022179
2091,-48.75,4.275,59945025.37393148
2092,-45.0,3.91875,69504891.1591882
2093,-45.0,4.275,94766059.02777755
2094,-41.25,3.20625,376890761.3640158
2095,-41.25,3.5625,451086706.02130073
2096,-37.5,3.20625,656838781.007946
2097,-37.5,3.5625,842430356.4870459
2098,-41.25,3.91875,457778574.677818
2099,-41.25,4.275,503949234.608707
2100,-37.5,3.91875,846052258.1964477
2101,-37.5,4.275,913132410.1896365
2102,-33.75,3.20625,1230971546.4534922
2103,-33.75,3.5625,1476464624.0234375
2104,-30.0,3.20625,2393473803.50227
2105,-30.0,3.5625,2595880125.7011213
2106,-33.75,3.91875,1497209900.8413465
2107,-33.75,4.275,1589682421.875
2108,-30.0,3.91875,2674135461.7387824
2109,-30.0,4.275,2800966105.769231
2110,-26.25,3.20625,3555976060.5510483
2111,-26.25,3.5625,3715295627.378806
2112,-22.5,3.20625,4958129160.823985
2113,-22.5,3.5625,5234877904.647436
2114,-26.25,3.91875,3851061022.636218
2115,-26.25,4.275,4012249789.663462
2116,-22.5,3.91875,5446388963.174413
2117,-22.5,4.275,5589993356.036325
2118,-18.75,3.20625,6480107682.709002
2119,-18.75,3.5625,6954543569.711538
2120,-15.0,3.20625,8002086204.594017
2121,-15.0,3.5625,8674209234.77564
2122,-18.75,3.91875,7250918093.532987
2123,-18.75,4.275,7350966863.648505
2124,-15.0,3.91875,9055447223.89156
2125,-15.0,4.275,9111940371.260685
2126,-11.25,3.20625,21791072902.059963
2127,-11.25,3.5625,22940084582.206528
2128,-7.5,3.20625,35580059599.52591
2129,-7.5,3.5625,37205959929.63741
2130,-11.25,3.91875,23391589167.250935
2131,-11.25,4.275,23682031426.949783
2132,-7.5,3.91875,37727731110.610306
2133,-7.5,4.275,38252122482.638885
2134,-3.75,3.20625,44787239592.72336
2135,-3.75,3.5625,46781970987.95573
2136,0.0,3.20625,44830806177.38382
2137,0.0,3.5625,46978253468.048874
2138,-3.75,3.91875,47356862599.32559
2139,-3.75,4.275,48056934698.016815
2140,0.0,3.91875,47571973178.75268
2141,0.0,4.275,48331189232.77243
2142,-116.25,4.631250000000001,0.0
2143,-120.0,4.631250000000001,0.0
2144,-112.5,4.631250000000001,0.0
2145,-116.25,4.809375000000001,0.0
2146,-120.0,4.809375000000001,0.0
2147,-112.5,4.809375000000001,0.0
2148,-116.25,4.898437500000001,0.0
2149,-120.0,4.898437500000001,0.0
2150,-112.5,4.898437500000001,0.0
2151,-116.25,4.987500000000001,0.0
2152,-120.0,4.987500000000001,0.0
2153,-112.5,4.987500000000001,0.0
2154,-108.75,4.631250000000001,0.0
2155,-105.0,4.631250000000001,0.0
2156,-108.75,4.809375000000001,0.0
2157,-105.0,4.809375000000001,0.0
2158,-108.75,4.898437500000001,0.0
2159,-105.0,4.898437500000001,0.0
2160,-108.75,4.987500000000001,0.0
2161,-105.0,4.987500000000001,0.0
2162,-101.25,4.631250000000001,0.0
2163,-97.5,4.631250000000001,0.0
2164,-101.25,4.809375000000001,0.0
2165,-97.5,4.809375000000001,0.0
2166,-101.25,4.898437500000001,0.0
2167,-97.5,4.898437500000001,0.0
2168,-101.25,4.987500000000001,0.0
2169,-97.5,4.987500000000001,0.0
2170,-93.75,4.631250000000001,0.0
2171,-90.0,4.631250000000001,0.0
2172,-93.75,4.809375000000001,0.0
2173,-90.0,4.809375000000001,0.0
2174,-93.75,4.898437500000001,0.0
2175,-90.0,4.898437500000001,0.0
2176,-93.75,4.987500000000001,0.0
2177,-90.0,4.987500000000001,0.0
2178,-86.25,4.631250000000001,0.0
2179,-82.5,4.631250000000001,0.0
2180,-86.25,4.809375000000001,0.0
2181,-82.5,4.809375000000001,0.0
2182,-86.25,4.898437500000001,0.0
2183,-82.5,4.898437500000001,0.0
2184,-86.25,4.987500000000001,0.0
2185,-82.5,4.987500000000001,0.0
2186,-78.75,4.631250000000001,0.0
2187,-75.0,4.631250000000001,0.0
2188,-78.75,4.809375000000001,0.0
2189,-75.0,4.809375000000001,0.0
2190,-78.75,4.898437500000001,0.0
2191,-75.0,4.898437500000001,0.0
2192,-78.75,4.987500000000001,0.0
2193,-75.0,4.987500000000001,0.0
2194,-71.25,4.631250000000001,0.0
2195,-67.5,4.631250000000001,0.0
2196,-71.25,4.809375000000001,0.0
2197,-67.5,4.809375000000001,0.0
2198,-71.25,4.898437500000001,0.0
2199,-67.5,4.898437500000001,0.0
2200,-71.25,4.987500000000001,0.0
2201,-67.5,4.987500000000001,0.0
2202,-63.75,4.631250000000001,272572.3657852574
2203,-60.0,4.631250000000001,1090289.4631410297
2204,-63.75,4.809375000000001,211172.25060096072
2205,-60.0,4.809375000000001,844689.0024038429
2206,-63.75,4.898437500000001,119296.8123998392
2207,-60.0,4.898437500000001,477187.2495993568
2208,-63.75,4.987500000000001,173876.95312500044
2209,-60.0,4.987500000000001,695507.8125000017
2210,-56.25,4.631250000000001,1908006.560496802
2211,-52.5,4.631250000000001,32040820.312499985
2212,-56.25,4.809375000000001,1478205.754206725
2213,-52.5,4.809375000000001,32162999.34061165
2214,-56.25,4.898437500000001,835077.6867988744
2215,-52.5,4.898437500000001,33031091.09992655
2216,-56.25,4.987500000000001,1217138.671875003
2217,-52.5,4.987500000000001,29166400.407318346
2218,-48.75,4.631250000000001,76831182.39182687
2219,-45.0,4.631250000000001,121621544.47115377
2220,-48.75,4.809375000000001,77873431.3443176
2221,-45.0,4.809375000000001,123583863.34802353
2222,-48.75,4.898437500000001,81146166.0010183
2223,-45.0,4.898437500000001,129261240.90211006
2224,-48.75,4.987500000000001,70829477.58079585
2225,-45.0,4.987500000000001,112492554.75427337
2226,-41.25,4.631250000000001,483933049.2538059
2227,-37.5,4.631250000000001,846244554.036458
2228,-41.25,4.809375000000001,550381647.0832504
2229,-37.5,4.809375000000001,977179430.8184774
2230,-41.25,4.898437500000001,611521271.9048399
2231,-37.5,4.898437500000001,1093781302.9075696
2232,-41.25,4.987500000000001,601581442.5998263
2233,-37.5,4.987500000000001,1090670330.4453793
2234,-33.75,4.631250000000001,1473432122.8340344
2235,-30.0,4.631250000000001,2630371819.661458
2236,-33.75,4.809375000000001,1648644602.520284
2237,-30.0,4.809375000000001,2809444550.15525
2238,-33.75,4.898437500000001,1804357235.2169733
2239,-30.0,4.898437500000001,2971564970.1397243
2240,-33.75,4.987500000000001,1827600957.1564505
2241,-30.0,4.987500000000001,3060215061.5985584
2242,-26.25,4.631250000000001,3787311516.488882
2243,-22.5,4.631250000000001,5491878717.823518
2244,-26.25,4.809375000000001,3970244497.790216
2245,-22.5,4.809375000000001,5653676221.537794
2246,-26.25,4.898437500000001,4138772705.0624757
2247,-22.5,4.898437500000001,5759316966.104099
2248,-26.25,4.987500000000001,4292829166.0406656
2249,-22.5,4.987500000000001,5900497632.879274
2250,-18.75,4.631250000000001,7470259671.411762
2251,-15.0,4.631250000000001,9448640625.000004
2252,-18.75,4.809375000000001,7598423833.341681
2253,-15.0,4.809375000000001,9543171445.145565
2254,-18.75,4.898437500000001,7606529490.205161
2255,-15.0,4.898437500000001,9453742014.306221
2256,-18.75,4.987500000000001,7695693280.916132
2257,-15.0,4.987500000000001,9490888928.952991
2258,-11.25,4.631250000000001,24626163696.602066
2259,-7.5,4.631250000000001,39803686768.20413
2260,-11.25,4.809375000000001,24626379873.31814
2261,-7.5,4.809375000000001,39709588301.490715
2262,-11.25,4.898437500000001,24398379513.52372
2263,-7.5,4.898437500000001,39343017012.74122
2264,-11.25,4.987500000000001,24792585735.09282
2265,-7.5,4.987500000000001,40094282541.23264
2266,-3.75,4.631250000000001,49791198920.04291
2267,0.0,4.631250000000001,49398689232.3551
2268,-3.75,4.809375000000001,49830273449.602684
2269,0.0,4.809375000000001,50025912037.59348
2270,-3.75,4.898437500000001,49564936648.84649
2271,0.0,4.898437500000001,50341420558.727295
2272,-3.75,4.987500000000001,50345111567.84188
2273,0.0,4.987500000000001,50494205035.38995
2274,-116.25,5.032031250000001,0.0
2275,-120.0,5.032031250000001,0.0
2276,-112.5,5.032031250000001,0.0
2277,-116.25,5.054296875,0.0
2278,-120.0,5.054296875,0.0
2279,-112.5,5.054296875,0.0
2280,-116.25,5.076562500000001,0.0
2281,-120.0,5.076562500000001,0.0
2282,-112.5,5.076562500000001,0.0
2283,-116.25,5.087695312500001,0.0
2284,-120.0,5.087695312500001,0.0
2285,-112.5,5.087695312500001,0.0
2286,-116.25,5.098828125000001,0.0
2287,-120.0,5.098828125000001,0.0
2288,-112.5,5.098828125000001,0.0
2289,-116.25,5.104394531250001,0.0
2290,-120.0,5.104394531250001,0.0
2291,-116.25,5.1099609375,0.0
2292,-120.0,5.1099609375,0.0
2293,-112.5,5.104394531250001,0.0
2294,-112.5,5.1099609375,0.0
2295,-116.25,5.11552734375,0.0
2296,-120.0,5.11552734375,0.0
2297,-116.25,5.12109375,0.0
2298,-120.0,5.12109375,0.0
2299,-112.5,5.11552734375,0.0
2300,-112.5,5.12109375,0.0
2301,-116.25,5.12666015625,0.0
2302,-120.0,5.12666015625,0.0
2303,-116.25,5.1322265625,0.0
2304,-120.0,5.1322265625,0.0
2305,-112.5,5.12666015625,0.0
2306,-112.5,5.1322265625,0.0
2307,-116.25,5.13779296875,0.0
2308,-120.0,5.13779296875,0.0
2309,-116.25,5.143359375,0.0
2310,-120.0,5.143359375,0.0
2311,-112.5,5.13779296875,0.0
2312,-112.5,5.143359375,0.0
2313,-116.25,5.14892578125,0.0
2314,-120.0,5.14892578125,0.0
2315,-116.25,5.154492187500001,0.0
2316,-120.0,5.154492187500001,0.0
2317,-112.5,5.14892578125,0.0
2318,-112.5,5.154492187500001,0.0
2319,-116.25,5.160058593750001,0.0
2320,-120.0,5.160058593750001,0.0
2321,-116.25,5.165625,0.0
2322,-120.0,5.165625,0.0
2323,-112.5,5.160058593750001,0.0
2324,-112.5,5.165625,0.0
2325,-108.75,5.032031250000001,0.0
2326,-105.0,5.032031250000001,0.0
2327,-108.75,5.054296875,0.0
2328,-105.0,5.054296875,0.0
2329,-108.75,5.076562500000001,0.0
2330,-105.0,5.076562500000001,0.0
2331,-108.75,5.087695312500001,0.0
2332,-105.0,5.087695312500001,0.0
2333,-108.75,5.098828125000001,0.0
2334,-105.0,5.098828125000001,0.0
2335,-108.75,5.104394531250001,0.0
2336,-108.75,5.1099609375,0.0
2337,-105.0,5.104394531250001,0.0
2338,-105.0,5.1099609375,0.0
2339,-108.75,5.11552734375,0.0
2340,-108.75,5.12109375,0.0
2341,-105.0,5.11552734375,0.0
2342,-105.0,5.12109375,0.0
2343,-108.75,5.12666015625,0.0
2344,-108.75,5.1322265625,0.0
2345,-105.0,5.12666015625,0.0
2346,-105.0,5.1322265625,0.0
2347,-108.75,5.13779296875,0.0
2348,-108.75,5.143359375,0.0
2349,-105.0,5.13779296875,0.0
2350,-105.0,5.143359375,0.0
2351,-108.75,5.14892578125,0.0
2352,-108.75,5.154492187500001,0.0
2353,-105.0,5.14892578125,0.0
2354,-105.0,5.154492187500001,0.0
2355,-108.75,5.160058593750001,0.0
2356,-108.75,5.165625,0.0
2357,-105.0,5.160058593750001,0.0
2358,-105.0,5.165625,0.0
2359,-101.25,5.032031250000001,0.0
2360,-97.5,5.032031250000001,0.0
2361,-101.25,5.054296875,0.0
2362,-97.5,5.054296875,0.0
2363,-101.25,5.076562500000001,0.0
2364,-97.5,5.076562500000001,0.0
2365,-101.25,5.087695312500001,0.0
2366,-97.5,5.087695312500001,0.0
2367,-101.25,5.098828125000001,0.0
2368,-97.5,5.098828125000001,0.0
2369,-101.25,5.104394531250001,0.0
2370,-101.25,5.1099609375,0.0
2371,-97.5,5.104394531250001,0.0
2372,-97.5,5.1099609375,0.0
2373,-101.25,5.11552734375,0.0
2374,-101.25,5.12109375,0.0
2375,-97.5,5.11552734375,0.0
2376,-97.5,5.12109375,0.0
2377,-101.25,5.12666015625,0.0
2378,-101.25,5.1322265625,0.0
2379,-97.5,5.12666015625,0.0
2380,-97.5,5.1322265625,0.0
2381,-101.25,5.13779296875,0.0
2382,-101.25,5.143359375,0.0
2383,-97.5,5.13779296875,0.0
2384,-97.5,5.143359375,0.0
2385,-101.25,5.14892578125,0.0
2386,-101.25,5.154492187500001,0.0
2387,-97.5,5.14892578125,0.0
2388,-97.5,5.154492187500001,0.0
2389,-101.25,5.160058593750001,0.0
2390,-101.25,5.165625,0.0
2391,-97.5,5.160058593750001,0.0
2392,-97.5,5.165625,0.0
2393,-93.75,5.032031250000001,0.0
2394,-90.0,5.032031250000001,0.0
2395,-93.75,5.054296875,0.0
2396,-90.0,5.054296875,0.0
2397,-93.75,5.076562500000001,0.0
2398,-90.0,5.076562500000001,0.0
2399,-93.75,5.087695312500001,0.0
2400,-90.0,5.087695312500001,0.0
2401,-93.75,5.098828125000001,0.0
2402,-90.0,5.098828125000001,0.0
2403,-93.75,5.104394531250001,0.0
2404,-93.75,5.1099609375,0.0
2405,-90.0,5.104394531250001,0.0
2406,-90.0,5.1099609375,0.0
2407,-93.75,5.11552734375,0.0
2408,-93.75,5.12109375,0.0
2409,-90.0,5.11552734375,0.0
2410,-90.0,5.12109375,0.0
2411,-93.75,5.12666015625,0.0
2412,-93.75,5.1322265625,0.0
2413,-90.0,5.12666015625,0.0
2414,-90.0,5.1322265625,0.0
2415,-93.75,5.13779296875,0.0
2416,-93.75,5.143359375,0.0
2417,-90.0,5.13779296875,0.0
2418,-90.0,5.143359375,0.0
2419,-93.75,5.14892578125,0.0
2420,-93.75,5.154492187500001,0.0
2421,-90.0,5.14892578125,0.0
2422,-90.0,5.154492187500001,0.0
2423,-93.75,5.160058593750001,0.0
2424,-93.75,5.165625,0.0
2425,-90.0,5.160058593750001,0.0
2426,-90.0,5.165625,0.0
2427,-86.25,5.032031250000001,0.0
2428,-82.5,5.032031250000001,0.0
2429,-86.25,5.054296875,0.0
2430,-82.5,5.054296875,0.0
2431,-86.25,5.076562500000001,0.0
2432,-82.5,5.076562500000001,0.0
2433,-86.25,5.087695312500001,0.0
2434,-82.5,5.087695312500001,0.0
2435,-86.25,5.098828125000001,0.0
2436,-82.5,5.098828125000001,0.0
2437,-86.25,5.104394531250001,0.0
2438,-86.25,5.1099609375,0.0
2439,-82.5,5.104394531250001,0.0
2440,-82.5,5.1099609375,0.0
2441,-86.25,5.11552734375,0.0
2442,-86.25,5.12109375,0.0
2443,-82.5,5.11552734375,0.0
2444,-82.5,5.12109375,0.0
2445,-86.25,5.12666015625,0.0
2446,-86.25,5.1322265625,0.0
2447,-82.5,5.12666015625,0.0
2448,-82.5,5.1322265625,0.0
2449,-86.25,5.13779296875,0.0
2450,-86.25,5.143359375,0.0
2451,-82.5,5.13779296875,0.0
2452,-82.5,5.143359375,0.0
2453,-86.25,5.14892578125,0.0
2454,-86.25,5.154492187500001,0.0
2455,-82.5,5.14892578125,0.0
2456,-82.5,5.154492187500001,0.0
2457,-86.25,5.160058593750001,0.0
2458,-86.25,5.165625,0.0
2459,-82.5,5.160058593750001,0.0
2460,-82.5,5.165625,0.0
2461,-78.75,5.032031250000001,0.0
2462,-75.0,5.032031250000001,0.0
2463,-78.75,5.054296875,0.0
2464,-75.0,5.054296875,0.0
2465,-78.75,5.076562500000001,0.0
2466,-75.0,5.076562500000001,0.0
2467,-78.75,5.087695312500001,0.0
2468,-75.0,5.087695312500001,0.0
2469,-78.75,5.098828125000001,0.0
2470,-75.0,5.098828125000001,0.0
2471,-78.75,5.104394531250001,0.0
2472,-78.75,5.1099609375,0.0
2473,-75.0,5.104394531250001,0.0
2474,-75.0,5.1099609375,0.0
2475,-78.75,5.11552734375,0.0
2476,-78.75,5.12109375,0.0
2477,-75.0,5.11552734375,0.0
2478,-75.0,5.12109375,0.0
2479,-78.75,5.12666015625,0.0
2480,-78.75,5.1322265625,0.0
2481,-75.0,5.12666015625,0.0
2482,-75.0,5.1322265625,0.0
2483,-78.75,5.13779296875,0.0
2484,-78.75,5.143359375,0.0
2485,-75.0,5.13779296875,0.0
2486,-75.0,5.143359375,0.0
2487,-78.75,5.14892578125,0.0
2488,-78.75,5.154492187500001,0.0
2489,-75.0,5.14892578125,0.0
2490,-75.0,5.154492187500001,0.0
2491,-78.75,5.160058593750001,0.0
2492,-78.75,5.165625,0.0
2493,-75.0,5.160058593750001,0.0
2494,-75.0,5.165625,0.0
2495,-71.25,5.032031250000001,0.0
2496,-67.5,5.032031250000001,0.0
2497,-71.25,5.054296875,0.0
2498,-67.5,5.054296875,0.0
2499,-71.25,5.076562500000001,0.0
2500,-67.5,5.076562500000001,0.0
2501,-71.25,5.087695312500001,0.0
2502,-67.5,5.087695312500001,0.0
2503,-71.25,5.098828125000001,0.0
2504,-67.5,5.098828125000001,0.0
2505,-71.25,5.104394531250001,0.0
2506,-71.25,5.1099609375,0.0
2507,-67.5,5.104394531250001,0.0
2508,-67.5,5.1099609375,0.0
2509,-71.25,5.11552734375,0.0
2510,-71.25,5.12109375,0.0
2511,-67.5,5.11552734375,0.0
2512,-67.5,5.12109375,0.0
2513,-71.25,5.12666015625,0.0
2514,-71.25,5.1322265625,0.0
2515,-67.5,5.12666015625,0.0
2516,-67.5,5.1322265625,0.0
2517,-71.25,5.13779296875,0.0
2518,-71.25,5.143359375,0.0
2519,-67.5,5.13779296875,0.0
2520,-67.5,5.143359375,0.0
2521,-71.25,5.14892578125,0.0
2522,-71.25,5.154492187500001,0.0
2523,-67.5,5.14892578125,0.0
2524,-67.5,5.154492187500001,0.0
2525,-71.25,5.160058593750001,0.0
2526,-71.25,5.165625,0.0
2527,-67.5,5.160058593750001,0.0
2528,-67.5,5.165625,0.0
2529,-63.75,5.032031250000001,202474.66258513698
2530,-60.0,5.032031250000001,809898.6503405479
2531,-63.75,5.054296875,216773.5173152047
2532,-60.0,5.054296875,867094.0692608188
2533,-63.75,5.076562500000001,231072.37204527354
2534,-60.0,5.076562500000001,924289.4881810942
2535,-63.75,5.087695312500001,238221.7994103074
2536,-60.0,5.087695312500001,952887.1976412296
2537,-63.75,5.098828125000001,245371.22677534126
2538,-60.0,5.098828125000001,981484.907101365
2539,-63.75,5.104394531250001,249103.7368774426
2540,-63.75,5.1099609375,252878.32602476512
2541,-60.0,5.104394531250001,996414.9475097704
2542,-60.0,5.1099609375,1011513.3040990605
2543,-63.75,5.11552734375,256652.91517208822
2544,-63.75,5.12109375,260427.5043194113
2545,-60.0,5.11552734375,1026611.6606883529
2546,-60.0,5.12109375,1041710.0172776452
2547,-63.75,5.12666015625,264202.0934667344
2548,-63.75,5.1322265625,267976.68261405744
2549,-60.0,5.12666015625,1056808.3738669376
2550,-60.0,5.1322265625,1071906.7304562298
2551,-63.75,5.13779296875,271751.2717613812
2552,-63.75,5.143359375,275525.8609087043
2553,-60.0,5.13779296875,1087005.0870455247
2554,-60.0,5.143359375,1102103.4436348171
2555,-63.75,5.14892578125,279300.4500560274
2556,-63.75,5.154492187500001,283075.0392033511
2557,-60.0,5.14892578125,1117201.8002241096
2558,-60.0,5.154492187500001,1132300.1568134043
2559,-63.75,5.160058593750001,286849.62835067476
2560,-63.75,5.165625,290624.2174979972
2561,-60.0,5.160058593750001,1147398.513402699
2562,-60.0,5.165625,1162496.8699919889
2563,-116.25,5.17119140625,0.0
2564,-120.0,5.17119140625,0.0
2565,-116.25,5.1767578125,0.0
2566,-120.0,5.1767578125,0.0
2567,-112.5,5.17119140625,0.0
2568,-112.5,5.1767578125,0.0
2569,-116.25,5.182324218750001,0.0
2570,-120.0,5.182324218750001,0.0
2571,-116.25,5.187890625000001,0.0
2572,-120.0,5.187890625000001,0.0
2573,-112.5,5.182324218750001,0.0
2574,-112.5,5.187890625000001,0.0
2575,-108.75,5.17119140625,0.0
2576,-108.75,5.1767578125,0.0
2577,-105.0,5.17119140625,0.0
2578,-105.0,5.1767578125,0.0
2579,-108.75,5.182324218750001,0.0
2580,-108.75,5.187890625000001,0.0
2581,-105.0,5.182324218750001,0.0
2582,-105.0,5.187890625000001,0.0
2583,-116.25,5.19345703125,0.0
2584,-120.0,5.19345703125,0.0
2585,-116.25,5.199023437500001,0.0
2586,-120.0,5.199023437500001,0.0
2587,-112.5,5.19345703125,0.0
2588,-112.5,5.199023437500001,0.0
2589,-108.75,5.19345703125,0.0
2590,-108.75,5.199023437500001,0.0
2591,-105.0,5.19345703125,0.0
2592,-105.0,5.199023437500001,0.0
2593,-116.25,5.2,0.0
2594,-116.25,5.204589843750001,0.0
2595,-120.0,5.204589843750001,0.0
2596,-116.25,5.210156250000001,0.0
2597,-120.0,5.210156250000001,0.0
2598,-112.5,5.2,0.0
2599,-112.5,5.204589843750001,0.0
2600,-112.5,5.210156250000001,0.0
2601,-108.75,5.2,0.0
2602,-108.75,5.204589843750001,0.0
2603,-108.75,5.210156250000001,0.0
2604,-105.0,5.2,0.0
2605,-105.0,5.204589843750001,0.0
2606,-105.0,5.210156250000001,0.0
2607,-101.25,5.17119140625,0.0
2608,-101.25,5.1767578125,0.0
2609,-97.5,5.17119140625,0.0
2610,-97.5,5.1767578125,0.0
2611,-101.25,5.182324218750001,0.0
2612,-101.25,5.187890625000001,0.0
2613,-97.5,5.182324218750001,0.0
2614,-97.5,5.187890625000001,0.0
2615,-93.75,5.17119140625,0.0
2616,-93.75,5.1767578125,0.0
2617,-90.0,5.17119140625,0.0
2618,-90.0,5.1767578125,0.0
2619,-93.75,5.182324218750001,0.0
2620,-93.75,5.187890625000001,0.0
2621,-90.0,5.182324218750001,0.0
2622,-90.0,5.187890625000001,0.0
2623,-101.25,5.19345703125,0.0
2624,-101.25,5.199023437500001,0.0
2625,-97.5,5.19345703125,0.0
2626,-97.5,5.199023437500001,0.0
2627,-93.75,5.19345703125,0.0
2628,-93.75,5.199023437500001,0.0
2629,-90.0,5.19345703125,0.0
2630,-90.0,5.199023437500001,0.0
2631,-101.25,5.2,0.0
2632,-101.25,5.204589843750001,0.0
2633,-101.25,5.210156250000001,0.0
2634,-97.5,5.2,0.0
2635,-97.5,5.204589843750001,0.0
2636,-97.5,5.210156250000001,0.0
2637,-93.75,5.2,0.0
2638,-93.75,5.204589843750001,0.0
2639,-93.75,5.210156250000001,0.0
2640,-90.0,5.2,0.0
2641,-90.0,5.204589843750001,0.0
2642,-90.0,5.210156250000001,0.0
2643,-116.25,5.215722656250001,0.0
2644,-120.0,5.215722656250001,0.0
2645,-112.5,5.215722656250001,0.0
2646,-108.75,5.215722656250001,0.0
2647,-105.0,5.215722656250001,0.0
2648,-116.25,5.2212890625,0.0
2649,-120.0,5.2212890625,0.0
2650,-112.5,5.2212890625,0.0
2651,-108.75,5.2212890625,0.0
2652,-105.0,5.2212890625,0.0
2653,-116.25,5.22685546875,0.0
2654,-120.0,5.22685546875,0.0
2655,-112.5,5.22685546875,0.0
2656,-108.75,5.22685546875,0.0
2657,-105.0,5.22685546875,0.0
2658,-116.25,5.232421875,0.0
2659,-120.0,5.232421875,0.0
2660,-112.5,5.232421875,0.0
2661,-108.75,5.232421875,0.0
2662,-105.0,5.232421875,0.0
2663,-101.25,5.215722656250001,0.0
2664,-97.5,5.215722656250001,0.0
2665,-101.25,5.2212890625,0.0
2666,-97.5,5.2212890625,0.0
2667,-93.75,5.215722656250001,0.0
2668,-90.0,5.215722656250001,0.0
2669,-93.75,5.2212890625,0.0
2670,-90.0,5.2212890625,0.0
2671,-101.25,5.22685546875,0.0
2672,-97.5,5.22685546875,0.0
2673,-101.25,5.232421875,0.0
2674,-97.5,5.232421875,0.0
2675,-93.75,5.22685546875,0.0
2676,-90.0,5.22685546875,0.0
2677,-93.75,5.232421875,0.0
2678,-90.0,5.232421875,0.0
2679,-116.25,5.23798828125,0.0
2680,-120.0,5.23798828125,0.0
2681,-112.5,5.23798828125,0.0
2682,-108.75,5.23798828125,0.0
2683,-105.0,5.23798828125,0.0
2684,-116.25,5.2435546875,0.0
2685,-120.0,5.2435546875,0.0
2686,-112.5,5.2435546875,0.0
2687,-108.75,5.2435546875,0.0
2688,-105.0,5.2435546875,0.0
2689,-101.25,5.23798828125,0.0
2690,-97.5,5.23798828125,0.0
2691,-101.25,5.2435546875,0.0
2692,-97.5,5.2435546875,0.0
2693,-93.75,5.23798828125,0.0
2694,-90.0,5.23798828125,0.0
2695,-93.75,5.2435546875,0.0
2696,-90.0,5.2435546875,0.0
2697,-116.25,5.24912109375,0.0
2698,-120.0,5.24912109375,0.0
2699,-112.5,5.24912109375,0.0
2700,-108.75,5.24912109375,0.0
2701,-105.0,5.24912109375,0.0
2702,-116.25,5.2546875,0.0
2703,-120.0,5.2546875,0.0
2704,-112.5,5.2546875,0.0
2705,-108.75,5.2546875,0.0
2706,-105.0,5.2546875,0.0
2707,-101.25,5.24912109375,0.0
2708,-97.5,5.24912109375,0.0
2709,-101.25,5.2546875,0.0
2710,-97.5,5.2546875,0.0
2711,-93.75,5.24912109375,0.0
2712,-90.0,5.24912109375,0.0
2713,-93.75,5.2546875,0.0
2714,-90.0,5.2546875,0.0
2715,-86.25,5.17119140625,0.0
2716,-86.25,5.1767578125,0.0
2717,-82.5,5.17119140625,0.0
2718,-82.5,5.1767578125,0.0
2719,-86.25,5.182324218750001,0.0
2720,-86.25,5.187890625000001,0.0
2721,-82.5,5.182324218750001,0.0
2722,-82.5,5.187890625000001,0.0
2723,-78.75,5.17119140625,0.0
2724,-78.75,5.1767578125,0.0
2725,-75.0,5.17119140625,0.0
2726,-75.0,5.1767578125,0.0
2727,-78.75,5.182324218750001,0.0
2728,-78.75,5.187890625000001,0.0
2729,-75.0,5.182324218750001,0.0
2730,-75.0,5.187890625000001,0.0
2731,-86.25,5.19345703125,0.0
2732,-86.25,5.199023437500001,0.0
2733,-82.5,5.19345703125,0.0
2734,-82.5,5.199023437500001,0.0
2735,-78.75,5.19345703125,0.0
2736,-78.75,5.199023437500001,0.0
2737,-75.0,5.19345703125,0.0
2738,-75.0,5.199023437500001,0.0
2739,-86.25,5.2,0.0
2740,-86.25,5.204589843750001,0.0
2741,-86.25,5.210156250000001,0.0
2742,-82.5,5.2,0.0
2743,-82.5,5.204589843750001,0.0
2744,-82.5,5.210156250000001,0.0
2745,-78.75,5.2,0.0
2746,-78.75,5.204589843750001,0.0
2747,-78.75,5.210156250000001,0.0
2748,-75.0,5.2,0.0
2749,-75.0,5.204589843750001,0.0
2750,-75.0,5.210156250000001,0.0
2751,-86.25,5.215722656250001,0.0
2752,-82.5,5.215722656250001,0.0
2753,-86.25,5.2212890625,0.0
2754,-82.5,5.2212890625,0.0
2755,-78.75,5.215722656250001,0.0
2756,-75.0,5.215722656250001,0.0
2757,-78.75,5.2212890625,0.0
2758,-75.0,5.2212890625,0.0
2759,-86.25,5.22685546875,0.0
2760,-82.5,5.22685546875,0.0
2761,-86.25,5.232421875,0.0
2762,-82.5,5.232421875,0.0
2763,-78.75,5.22685546875,0.0
2764,-75.0,5.22685546875,0.0
2765,-78.75,5.232421875,0.0
2766,-75.0,5.232421875,0.0
2767,-86.25,5.23798828125,0.0
2768,-82.5,5.23798828125,0.0
2769,-86.25,5.2435546875,0.0
2770,-82.5,5.2435546875,0.0
2771,-78.75,5.23798828125,0.0
2772,-75.0,5.23798828125,0.0
2773,-78.75,5.2435546875,0.0
2774,-75.0,5.2435546875,0.0
2775,-86.25,5.24912109375,0.0
2776,-82.5,5.24912109375,0.0
2777,-86.25,5.2546875,0.0
2778,-82.5,5.2546875,0.0
2779,-78.75,5.24912109375,0.0
2780,-75.0,5.24912109375,0.0
2781,-78.75,5.2546875,0.0
2782,-75.0,5.2546875,0.0
2783,-71.25,5.17119140625,0.0
2784,-71.25,5.1767578125,0.0
2785,-67.5,5.17119140625,0.0
2786,-67.5,5.1767578125,0.0
2787,-71.25,5.182324218750001,0.0
2788,-71.25,5.187890625000001,0.0
2789,-67.5,5.182324218750001,0.0
2790,-67.5,5.187890625000001,0.0
2791,-63.75,5.17119140625,294398.8066453203
2792,-63.75,5.1767578125,298173.3957926434
2793,-60.0,5.17119140625,1177595.2265812813
2794,-60.0,5.1767578125,1192693.5831705737
2795,-63.75,5.182324218750001,301947.98493996717
2796,-63.75,5.187890625000001,305722.57408729085
2797,-60.0,5.182324218750001,1207791.9397598687
2798,-60.0,5.187890625000001,1222890.2963491634
2799,-71.25,5.19345703125,0.0
2800,-71.25,5.199023437500001,0.0
2801,-67.5,5.19345703125,0.0
2802,-67.5,5.199023437500001,0.0
2803,-63.75,5.19345703125,309497.16323461337
2804,-63.75,5.199023437500001,313271.752381937
2805,-60.0,5.19345703125,1237988.6529384535
2806,-60.0,5.199023437500001,1253087.009527748
2807,-71.25,5.2,0.0
2808,-71.25,5.204589843750001,0.0
2809,-71.25,5.210156250000001,0.0
2810,-67.5,5.2,0.0
2811,-67.5,5.204589843750001,0.0
2812,-67.5,5.210156250000001,0.0
2813,-63.75,5.2,313933.9610042738
2814,-63.75,5.204589843750001,317046.3415292601
2815,-63.75,5.210156250000001,320820.9306765832
2816,-60.0,5.2,1255735.8440170952
2817,-60.0,5.204589843750001,1268185.3661170404
2818,-60.0,5.210156250000001,1283283.7227063328
2819,-71.25,5.215722656250001,0.0
2820,-67.5,5.215722656250001,0.0
2821,-71.25,5.2212890625,0.0
2822,-67.5,5.2212890625,0.0
2823,-63.75,5.215722656250001,324595.5198239069
2824,-60.0,5.215722656250001,1298382.0792956275
2825,-63.75,5.2212890625,328370.1089712294
2826,-60.0,5.2212890625,1313480.4358849176
2827,-71.25,5.22685546875,0.0
2828,-67.5,5.22685546875,0.0
2829,-71.25,5.232421875,0.0
2830,-67.5,5.232421875,0.0
2831,-63.75,5.22685546875,332144.69811855245
2832,-60.0,5.22685546875,1328578.7924742098
2833,-63.75,5.232421875,335919.28726587555
2834,-60.0,5.232421875,1343677.1490635022
2835,-71.25,5.23798828125,0.0
2836,-67.5,5.23798828125,0.0
2837,-71.25,5.2435546875,0.0
2838,-67.5,5.2435546875,0.0
2839,-63.75,5.23798828125,339693.87641319865
2840,-60.0,5.23798828125,1358775.5056527946
2841,-63.75,5.2435546875,343468.46556052176
2842,-60.0,5.2435546875,1373873.862242087
2843,-71.25,5.24912109375,0.0
2844,-67.5,5.24912109375,0.0
2845,-71.25,5.2546875,0.0
2846,-67.5,5.2546875,0.0
2847,-63.75,5.24912109375,347243.05470784544
2848,-60.0,5.24912109375,1388972.2188313818
2849,-63.75,5.2546875,351017.64385516854
2850,-60.0,5.2546875,1404070.5754206742
2851,-116.25,5.26025390625,0.0
2852,-120.0,5.26025390625,0.0
2853,-112.5,5.26025390625,0.0
2854,-108.75,5.26025390625,0.0
2855,-105.0,5.26025390625,0.0
2856,-101.25,5.26025390625,0.0
2857,-97.5,5.26025390625,0.0
2858,-93.75,5.26025390625,0.0
2859,-90.0,5.26025390625,0.0
2860,-116.25,5.265820312500001,0.0
2861,-120.0,5.265820312500001,0.0
2862,-112.5,5.265820312500001,0.0
2863,-108.75,5.265820312500001,0.0
2864,-105.0,5.265820312500001,0.0
2865,-101.25,5.265820312500001,0.0
2866,-97.5,5.265820312500001,0.0
2867,-93.75,5.265820312500001,0.0
2868,-90.0,5.265820312500001,0.0
2869,-116.25,5.271386718750001,0.0
2870,-120.0,5.271386718750001,0.0
2871,-112.5,5.271386718750001,0.0
2872,-108.75,5.271386718750001,0.0
2873,-105.0,5.271386718750001,0.0
2874,-101.25,5.271386718750001,0.0
2875,-97.5,5.271386718750001,0.0
2876,-93.75,5.271386718750001,0.0
2877,-90.0,5.271386718750001,0.0
2878,-116.25,5.276953125,0.0
2879,-120.0,5.276953125,0.0
2880,-112.5,5.276953125,0.0
2881,-108.75,5.276953125,0.0
2882,-105.0,5.276953125,0.0
2883,-101.25,5.276953125,0.0
2884,-97.5,5.276953125,0.0
2885,-93.75,5.276953125,0.0
2886,-90.0,5.276953125,0.0
2887,-116.25,5.28251953125,0.0
2888,-120.0,5.28251953125,0.0
2889,-112.5,5.28251953125,0.0
2890,-108.75,5.28251953125,0.0
2891,-105.0,5.28251953125,0.0
2892,-101.25,5.28251953125,0.0
2893,-97.5,5.28251953125,0.0
2894,-93.75,5.28251953125,0.0
2895,-90.0,5.28251953125,0.0
2896,-116.25,5.2880859375,0.0
2897,-120.0,5.2880859375,0.0
2898,-112.5,5.2880859375,0.0
2899,-108.75,5.2880859375,0.0
2900,-105.0,5.2880859375,0.0
2901,-101.25,5.2880859375,0.0
2902,-97.5,5.2880859375,0.0
2903,-93.75,5.2880859375,0.0
2904,-90.0,5.2880859375,0.0
2905,-116.25,5.29365234375,0.0
2906,-120.0,5.29365234375,0.0
2907,-112.5,5.29365234375,0.0
2908,-108.75,5.29365234375,0.0
2909,-105.0,5.29365234375,0.0
2910,-101.25,5.29365234375,0.0
2911,-97.5,5.29365234375,0.0
2912,-93.75,5.29365234375,0.0
2913,-90.0,5.29365234375,0.0
2914,-116.25,5.29921875,0.0
2915,-120.0,5.29921875,0.0
2916,-112.5,5.29921875,0.0
2917,-108.75,5.29921875,0.0
2918,-105.0,5.29921875,0.0
2919,-101.25,5.29921875,0.0
2920,-97.5,5.29921875,0.0
2921,-93.75,5.29921875,0.0
2922,-90.0,5.29921875,0.0
2923,-86.25,5.26025390625,0.0
2924,-82.5,5.26025390625,0.0
2925,-78.75,5.26025390625,0.0
2926,-75.0,5.26025390625,0.0
2927,-86.25,5.265820312500001,0.0
2928,-82.5,5.265820312500001,0.0
2929,-78.75,5.265820312500001,0.0
2930,-75.0,5.265820312500001,0.0
2931,-86.25,5.271386718750001,0.0
2932,-82.5,5.271386718750001,0.0
2933,-78.75,5.271386718750001,0.0
2934,-75.0,5.271386718750001,0.0
2935,-86.25,5.276953125,0.0
2936,-82.5,5.276953125,0.0
2937,-78.75,5.276953125,0.0
2938,-75.0,5.276953125,0.0
2939,-86.25,5.28251953125,0.0
2940,-82.5,5.28251953125,0.0
2941,-78.75,5.28251953125,0.0
2942,-75.0,5.28251953125,0.0
2943,-86.25,5.2880859375,0.0
2944,-82.5,5.2880859375,0.0
2945,-78.75,5.2880859375,0.0
2946,-75.0,5.2880859375,0.0
2947,-86.25,5.29365234375,0.0
2948,-82.5,5.29365234375,0.0
2949,-78.75,5.29365234375,0.0
2950,-75.0,5.29365234375,0.0
2951,-86.25,5.29921875,0.0
2952,-82.5,5.29921875,0.0
2953,-78.75,5.29921875,0.0
2954,-75.0,5.29921875,0.0
2955,-71.25,5.26025390625,0.0
2956,-67.5,5.26025390625,0.0
2957,-71.25,5.265820312500001,0.0
2958,-67.5,5.265820312500001,0.0
2959,-63.75,5.26025390625,354792.23300249164
2960,-60.0,5.26025390625,1419168.9320099666
2961,-63.75,5.265820312500001,358566.8221498153
2962,-60.0,5.265820312500001,1434267.2885992613
2963,-71.25,5.271386718750001,0.0
2964,-67.5,5.271386718750001,0.0
2965,-71.25,5.276953125,0.0
2966,-67.5,5.276953125,0.0
2967,-63.75,5.271386718750001,362341.411297139
2968,-60.0,5.271386718750001,1449365.645188556
2969,-63.75,5.276953125,366116.00044446153
2970,-60.0,5.276953125,1464464.0017778461
2971,-71.25,5.28251953125,0.0
2972,-67.5,5.28251953125,0.0
2973,-71.25,5.2880859375,0.0
2974,-67.5,5.2880859375,0.0
2975,-63.75,5.28251953125,369890.58959178464
2976,-60.0,5.28251953125,1479562.3583671385
2977,-63.75,5.2880859375,373665.17873910774
2978,-60.0,5.2880859375,1494660.714956431
2979,-71.25,5.29365234375,0.0
2980,-67.5,5.29365234375,0.0
2981,-71.25,5.29921875,0.0
2982,-67.5,5.29921875,0.0
2983,-63.75,5.29365234375,377439.7678864308
2984,-60.0,5.29365234375,1509759.0715457231
2985,-63.75,5.29921875,381214.3570337539
2986,-60.0,5.29921875,1524857.4281350155
2987,-116.25,5.304785156249999,0.0
2988,-120.0,5.304785156249999,0.0
2989,-112.5,5.304785156249999,0.0
2990,-108.75,5.304785156249999,0.0
2991,-105.0,5.304785156249999,0.0
2992,-101.25,5.304785156249999,0.0
2993,-97.5,5.304785156249999,0.0
2994,-93.75,5.304785156249999,0.0
2995,-90.0,5.304785156249999,0.0
2996,-116.25,5.310351562499999,0.0
2997,-120.0,5.310351562499999,0.0
2998,-112.5,5.310351562499999,0.0
2999,-108.75,5.310351562499999,0.0
3000,-105.0,5.310351562499999,0.0
3001,-101.25,5.310351562499999,0.0
3002,-97.5,5.310351562499999,0.0
3003,-93.75,5.310351562499999,0.0
3004,-90.0,5.310351562499999,0.0
3005,-116.25,5.321484375,0.0
3006,-120.0,5.321484375,0.0
3007,-112.5,5.321484375,0.0
3008,-108.75,5.321484375,0.0
3009,-105.0,5.321484375,0.0
3010,-101.25,5.321484375,0.0
3011,-97.5,5.321484375,0.0
3012,-93.75,5.321484375,0.0
3013,-90.0,5.321484375,0.0
3014,-86.25,5.304785156249999,0.0
3015,-82.5,5.304785156249999,0.0
3016,-78.75,5.304785156249999,0.0
3017,-75.0,5.304785156249999,0.0
3018,-86.25,5.310351562499999,0.0
3019,-82.5,5.310351562499999,0.0
3020,-78.75,5.310351562499999,0.0
3021,-75.0,5.310351562499999,0.0
3022,-86.25,5.321484375,0.0
3023,-82.5,5.321484375,0.0
3024,-78.75,5.321484375,0.0
3025,-75.0,5.321484375,0.0
3026,-71.25,5.304785156249999,0.0
3027,-67.5,5.304785156249999,0.0
3028,-71.25,5.310351562499999,0.0
3029,-67.5,5.310351562499999,0.0
3030,-63.75,5.304785156249999,387050.5797557328
3031,-60.0,5.304785156249999,1548202.3190229312
3032,-63.75,5.310351562499999,393223.3957143924
3033,-60.0,5.310351562499999,1572893.5828575697
3034,-71.25,5.321484375,0.0
3035,-67.5,5.321484375,0.0
3036,-63.75,5.321484375,405569.02763171075
3037,-60.0,5.321484375,1622276.110526843
3038,-116.25,5.3326171875,0.0
3039,-120.0,5.3326171875,0.0
3040,-112.5,5.3326171875,0.0
3041,-108.75,5.3326171875,0.0
3042,-105.0,5.3326171875,0.0
3043,-101.25,5.3326171875,0.0
3044,-97.5,5.3326171875,0.0
3045,-93.75,5.3326171875,0.0
3046,-90.0,5.3326171875,0.0
3047,-116.25,5.34375,0.0
3048,-120.0,5.34375,0.0
3049,-112.5,5.34375,0.0
3050,-108.75,5.34375,0.0
3051,-105.0,5.34375,0.0
3052,-101.25,5.34375,0.0
3053,-97.5,5.34375,0.0
3054,-93.75,5.34375,0.0
3055,-90.0,5.34375,0.0
3056,-86.25,5.3326171875,0.0
3057,-82.5,5.3326171875,0.0
3058,-78.75,5.3326171875,0.0
3059,-75.0,5.3326171875,0.0
3060,-86.25,5.34375,0.0
3061,-82.5,5.34375,0.0
3062,-78.75,5.34375,0.0
3063,-75.0,5.34375,0.0
3064,-71.25,5.3326171875,0.0
3065,-67.5,5.3326171875,0.0
3066,-71.25,5.34375,0.0
3067,-67.5,5.34375,0.0
3068,-63.75,5.3326171875,417914.65954902896
3069,-60.0,5.3326171875,1671658.6381961158
3070,-63.75,5.34375,430260.29146634636
3071,-60.0,5.34375,1721041.1658653854
3072,-56.25,5.032031250000001,1417322.6380959586
3073,-52.5,5.032031250000001,27191798.07483635
3074,-56.25,5.054296875,1517414.6212064328
3075,-52.5,5.054296875,26204496.908595398
3076,-56.25,5.076562500000001,1617506.6043169147
3077,-52.5,5.076562500000001,25217195.742354363
3078,-56.25,5.087695312500001,1667552.5958721517
3079,-52.5,5.087695312500001,24723545.159233883
3080,-56.25,5.098828125000001,1717598.5874273886
3081,-52.5,5.098828125000001,24229894.576113403
3082,-56.25,5.104394531250001,1743726.1581420982
3083,-56.25,5.1099609375,1770148.2821733558
3084,-52.5,5.104394531250001,24320302.16771319
3085,-52.5,5.1099609375,24500638.52815549
3086,-56.25,5.11552734375,1796570.4062046176
3087,-56.25,5.12109375,1822992.5302358791
3088,-52.5,5.11552734375,24680974.888597816
3089,-52.5,5.12109375,24861311.249040145
3090,-56.25,5.12666015625,1849414.6542671407
3091,-56.25,5.1322265625,1875836.7782984024
3092,-52.5,5.12666015625,25041647.609482467
3093,-52.5,5.1322265625,25221983.969924796
3094,-56.25,5.13779296875,1902258.9023296684
3095,-56.25,5.143359375,1928681.02636093
3096,-52.5,5.13779296875,25402320.330367155
3097,-52.5,5.143359375,25582656.690809477
3098,-56.25,5.14892578125,1955103.1503921915
3099,-56.25,5.154492187500001,1981525.2744234574
3100,-52.5,5.14892578125,25762993.051251806
3101,-52.5,5.154492187500001,25943329.41169416
3102,-56.25,5.160058593750001,2007947.3984547232
3103,-56.25,5.165625,2034369.5224859808
3104,-52.5,5.160058593750001,26123665.772136517
3105,-52.5,5.165625,26304002.132578813
3106,-48.75,5.032031250000001,65549799.23606924
3107,-45.0,5.032031250000001,103907800.39730212
3108,-48.75,5.054296875,62909960.06370604
3109,-45.0,5.054296875,99615423.21881668
3110,-48.75,5.076562500000001,60270120.891342625
3111,-45.0,5.076562500000001,95323046.04033089
3112,-48.75,5.087695312500001,58950201.30516102
3113,-45.0,5.087695312500001,93176857.45108815
3114,-48.75,5.098828125000001,57630281.71897941
3115,-45.0,5.098828125000001,91030668.86184542
3116,-48.75,5.104394531250001,57811510.57675367
3117,-48.75,5.1099609375,58217056.40809154
3118,-45.0,5.104394531250001,91302718.98579414
3119,-45.0,5.1099609375,91933474.2880276
3120,-48.75,5.11552734375,58622602.239429496
3121,-48.75,5.12109375,59028148.07076743
3122,-45.0,5.11552734375,92564229.59026115
3123,-45.0,5.12109375,93194984.89249471
3124,-48.75,5.12666015625,59433693.90210537
3125,-48.75,5.1322265625,59839239.733443305
3126,-45.0,5.12666015625,93825740.19472826
3127,-45.0,5.1322265625,94456495.4969618
3128,-48.75,5.13779296875,60244785.56478131
3129,-48.75,5.143359375,60650331.39611925
3130,-45.0,5.13779296875,95087250.79919547
3131,-45.0,5.143359375,95718006.10142902
3132,-48.75,5.14892578125,61055877.227457196
3133,-48.75,5.154492187500001,61461423.05879519
3134,-45.0,5.14892578125,96348761.40366256
3135,-45.0,5.154492187500001,96979516.70589623
3136,-48.75,5.160058593750001,61866968.890133195
3137,-48.75,5.165625,62272514.721471064
3138,-45.0,5.160058593750001,97610272.00812986
3139,-45.0,5.165625,98241027.31036332
3140,-41.25,5.032031250000001,595976889.9640465
3141,-37.5,5.032031250000001,1088045979.5307908
3142,-41.25,5.054296875,593174613.6461568
3143,-37.5,5.054296875,1086733804.0734968
3144,-41.25,5.076562500000001,590372337.3282667
3145,-37.5,5.076562500000001,1085421628.6162026
3146,-41.25,5.087695312500001,588971199.1693218
3147,-37.5,5.087695312500001,1084765540.8875554
3148,-41.25,5.098828125000001,587570061.0103769
3149,-37.5,5.098828125000001,1084109453.1589084
3150,-41.25,5.104394531250001,586602590.1077137
3151,-41.25,5.1099609375,585563945.3855333
3152,-37.5,5.104394531250001,1081902461.2296333
3153,-37.5,5.1099609375,1079194416.483039
3154,-41.25,5.11552734375,584525300.6633531
3155,-41.25,5.12109375,583486655.9411725
3156,-37.5,5.11552734375,1076486371.736445
3157,-37.5,5.12109375,1073778326.9898503
3158,-41.25,5.12666015625,582448011.2189921
3159,-41.25,5.1322265625,581409366.4968116
3160,-37.5,5.12666015625,1071070282.2432559
3161,-37.5,5.1322265625,1068362237.4966612
3162,-41.25,5.13779296875,580370721.774631
3163,-41.25,5.143359375,579332077.0524505
3164,-37.5,5.13779296875,1065654192.7500665
3165,-37.5,5.143359375,1062946148.0034721
3166,-41.25,5.14892578125,578293432.33027
3167,-41.25,5.154492187500001,577254787.6080894
3168,-37.5,5.14892578125,1060238103.2568777
3169,-37.5,5.154492187500001,1057530058.5102828
3170,-41.25,5.160058593750001,576216142.8859088
3171,-41.25,5.165625,575177498.1637285
3172,-37.5,5.160058593750001,1054822013.7636876
3173,-37.5,5.165625,1052113969.0170937
3174,-33.75,5.032031250000001,1838040059.9944286
3175,-30.0,5.032031250000001,3103884122.251854
3176,-33.75,5.054296875,1843259611.4134178
3177,-30.0,5.054296875,3125718652.5785007
3178,-33.75,5.076562500000001,1848479162.832407
3179,-30.0,5.076562500000001,3147553182.9051495
3180,-33.75,5.087695312500001,1851088938.5419016
3181,-30.0,5.087695312500001,3158470448.0684733
3182,-33.75,5.098828125000001,1853698714.2513962
3183,-30.0,5.098828125000001,3169387713.2317967
3184,-33.75,5.104394531250001,1851435459.6553693
3185,-33.75,5.1099609375,1848220700.405805
3186,-30.0,5.104394531250001,3169434712.688739
3187,-30.0,5.1099609375,3168038609.9790907
3188,-33.75,5.11552734375,1845005941.1562405
3189,-33.75,5.12109375,1841791181.9066756
3190,-30.0,5.11552734375,3166642507.269444
3191,-30.0,5.12109375,3165246404.5597954
3192,-33.75,5.12666015625,1838576422.6571107
3193,-33.75,5.1322265625,1835361663.4075458
3194,-30.0,5.12666015625,3163850301.8501477
3195,-30.0,5.1322265625,3162454199.1404996
3196,-33.75,5.13779296875,1832146904.1579807
3197,-33.75,5.143359375,1828932144.9084158
3198,-30.0,5.13779296875,3161058096.430852
3199,-30.0,5.143359375,3159661993.7212033
3200,-33.75,5.14892578125,1825717385.6588507
3201,-33.75,5.154492187500001,1822502626.4092855
3202,-30.0,5.14892578125,3158265891.0115557
3203,-30.0,5.154492187500001,3156869788.301907
3204,-33.75,5.160058593750001,1819287867.15972
3205,-33.75,5.165625,1816073107.910156
3206,-30.0,5.160058593750001,3155473685.5922594
3207,-30.0,5.165625,3154077582.8826113
3208,-56.25,5.17119140625,2060791.6465172423
3209,-56.25,5.1767578125,2087213.770548504
3210,-52.5,5.17119140625,26484338.493021145
3211,-52.5,5.1767578125,26664674.853463467
3212,-56.25,5.182324218750001,2113635.89457977
3213,-56.25,5.187890625000001,2140058.018611036
3214,-52.5,5.182324218750001,26845011.213905826
3215,-52.5,5.187890625000001,27025347.57434818
3216,-48.75,5.17119140625,62678060.552809015
3217,-48.75,5.1767578125,63083606.38414694
3218,-45.0,5.17119140625,98871782.61259688
3219,-45.0,5.1767578125,99502537.91483043
3220,-48.75,5.182324218750001,63489152.21548496
3221,-48.75,5.187890625000001,63894698.046822965
3222,-45.0,5.182324218750001,100133293.21706408
3223,-45.0,5.187890625000001,100764048.51929775
3224,-56.25,5.19345703125,2166480.142642293
3225,-56.25,5.199023437500001,2192902.2666735593
3226,-52.5,5.19345703125,27205683.934790477
3227,-52.5,5.199023437500001,27386020.295232832
3228,-48.75,5.19345703125,64300243.87816084
3229,-48.75,5.199023437500001,64705789.70949884
3230,-45.0,5.19345703125,101394803.82153119
3231,-45.0,5.199023437500001,102025559.12376484
3232,-56.25,5.2,2197537.727029917
3233,-56.25,5.204589843750001,2219324.390704821
3234,-56.25,5.210156250000001,2245746.5147360824
3235,-52.5,5.2,27417658.253205143
3236,-52.5,5.204589843750001,27566356.655675158
3237,-52.5,5.210156250000001,27746693.016117487
3238,-48.75,5.2,64776938.10096158
3239,-48.75,5.204589843750001,65111335.54083678
3240,-48.75,5.210156250000001,65516881.37217472
3241,-45.0,5.2,102136217.94871801
3242,-45.0,5.204589843750001,102656314.42599839
3243,-45.0,5.210156250000001,103287069.72823195
3244,-56.25,5.215722656250001,2272168.6387673486
3245,-52.5,5.215722656250001,27927029.376559842
3246,-56.25,5.2212890625,2298590.7627986055
3247,-52.5,5.2212890625,28107365.73700214
3248,-48.75,5.215722656250001,65922427.20351272
3249,-45.0,5.215722656250001,103917825.0304656
3250,-48.75,5.2212890625,66327973.0348506
3251,-45.0,5.2212890625,104548580.33269906
3252,-56.25,5.22685546875,2325012.8868298675
3253,-52.5,5.22685546875,28287702.097444467
3254,-56.25,5.232421875,2351435.010861129
3255,-52.5,5.232421875,28468038.457886793
3256,-48.75,5.22685546875,66733518.86618854
3257,-45.0,5.22685546875,105179335.6349326
3258,-48.75,5.232421875,67139064.69752648
3259,-45.0,5.232421875,105810090.93716615
3260,-56.25,5.23798828125,2377857.1348923906
3261,-52.5,5.23798828125,28648374.81832912
3262,-56.25,5.2435546875,2404279.2589236526
3263,-52.5,5.2435546875,28828711.178771447
3264,-48.75,5.23798828125,67544610.52886441
3265,-45.0,5.23798828125,106440846.2393997
3266,-48.75,5.2435546875,67950156.36020236
3267,-45.0,5.2435546875,107071601.54163326
3268,-56.25,5.24912109375,2430701.3829549183
3269,-52.5,5.24912109375,29009047.539213803
3270,-56.25,5.2546875,2457123.50698618
3271,-52.5,5.2546875,29189383.89965613
3272,-48.75,5.24912109375,68355702.19154036
3273,-45.0,5.24912109375,107702356.84386691
3274,-48.75,5.2546875,68761248.02287829
3275,-45.0,5.2546875,108333112.14610046
3276,-41.25,5.17119140625,574138853.4415481
3277,-41.25,5.1767578125,573100208.7193675
3278,-37.5,5.17119140625,1049405924.2704992
3279,-37.5,5.1767578125,1046697879.5239047
3280,-41.25,5.182324218750001,572061563.997187
3281,-41.25,5.187890625000001,571022919.2750064
3282,-37.5,5.182324218750001,1043989834.7773099
3283,-37.5,5.187890625000001,1041281790.030715
3284,-33.75,5.17119140625,1812858348.6605911
3285,-33.75,5.1767578125,1809643589.4110265
3286,-30.0,5.17119140625,3152681480.172964
3287,-30.0,5.1767578125,3151285377.463316
3288,-33.75,5.182324218750001,1806428830.1614609
3289,-33.75,5.187890625000001,1803214070.9118958
3290,-30.0,5.182324218750001,3149889274.753668
3291,-30.0,5.187890625000001,3148493172.0440197
3292,-41.25,5.19345703125,569984274.5528262
3293,-41.25,5.199023437500001,568945629.8306454
3294,-37.5,5.19345703125,1038573745.284121
3295,-37.5,5.199023437500001,1035865700.5375259
3296,-33.75,5.19345703125,1799999311.6623316
3297,-33.75,5.199023437500001,1796784552.412766
3298,-30.0,5.19345703125,3147097069.3343725
3299,-30.0,5.199023437500001,3145700966.624724
3300,-41.25,5.2,568763411.4583333
3301,-41.25,5.204589843750001,567906985.108465
3302,-41.25,5.210156250000001,566868340.3862846
3303,-37.5,5.2,1035390604.9679486
3304,-37.5,5.204589843750001,1033157655.7909316
3305,-37.5,5.210156250000001,1030449611.0443372
3306,-33.75,5.2,1796220559.5619655
3307,-33.75,5.204589843750001,1793569793.163201
3308,-33.75,5.210156250000001,1790355033.9136362
3309,-30.0,5.2,3145456036.324786
3310,-30.0,5.204589843750001,3144304863.9150763
3311,-30.0,5.210156250000001,3142908761.205428
3312,-41.25,5.215722656250001,565829695.664104
3313,-37.5,5.215722656250001,1027741566.2977422
3314,-41.25,5.2212890625,564791050.9419236
3315,-37.5,5.2212890625,1025033521.5511482
3316,-33.75,5.215722656250001,1787140274.664071
3317,-30.0,5.215722656250001,3141512658.4957805
3318,-33.75,5.2212890625,1783925515.4145067
3319,-30.0,5.2212890625,3140116555.786133
3320,-41.25,5.22685546875,563752406.2197433
3321,-37.5,5.22685546875,1022325476.8045539
3322,-41.25,5.232421875,562713761.4975626
3323,-37.5,5.232421875,1019617432.0579593
3324,-33.75,5.22685546875,1780710756.164942
3325,-30.0,5.22685546875,3138720453.0764847
3326,-33.75,5.232421875,1777495996.9153771
3327,-30.0,5.232421875,3137324350.366837
3328,-41.25,5.23798828125,561675116.7753823
3329,-37.5,5.23798828125,1016909387.3113649
3330,-41.25,5.2435546875,560636472.0532019
3331,-37.5,5.2435546875,1014201342.5647705
3332,-33.75,5.23798828125,1774281237.665812
3333,-30.0,5.23798828125,3135928247.657189
3334,-33.75,5.2435546875,1771066478.4162474
3335,-30.0,5.2435546875,3134532144.947541
3336,-41.25,5.24912109375,559597827.3310213
3337,-37.5,5.24912109375,1011493297.8181756
3338,-41.25,5.2546875,558559182.6088408
3339,-37.5,5.2546875,1008785253.0715811
3340,-33.75,5.24912109375,1767851719.166682
3341,-30.0,5.24912109375,3133136042.237893
3342,-33.75,5.2546875,1764636959.9171174
3343,-30.0,5.2546875,3131739939.528245
3344,-56.25,5.26025390625,2483545.631017442
3345,-52.5,5.26025390625,29369720.260098457
3346,-48.75,5.26025390625,69166793.85421623
3347,-45.0,5.26025390625,108963867.44833402
3348,-56.25,5.265820312500001,2509967.755048707
3349,-52.5,5.265820312500001,29550056.620540813
3350,-48.75,5.265820312500001,69572339.68555425
3351,-45.0,5.265820312500001,109594622.75056767
3352,-56.25,5.271386718750001,2536389.8790799733
3353,-52.5,5.271386718750001,29730392.980983164
3354,-48.75,5.271386718750001,69977885.51689225
3355,-45.0,5.271386718750001,110225378.05280133
3356,-56.25,5.276953125,2562812.0031112307
3357,-52.5,5.276953125,29910729.341425464
3358,-48.75,5.276953125,70383431.34823012
3359,-45.0,5.276953125,110856133.35503478
3360,-56.25,5.28251953125,2589234.1271424927
3361,-52.5,5.28251953125,30091065.70186779
3362,-48.75,5.28251953125,70788977.17956807
3363,-45.0,5.28251953125,111486888.65726833
3364,-56.25,5.2880859375,2615656.251173754
3365,-52.5,5.2880859375,30271402.06231012
3366,-48.75,5.2880859375,71194523.010906
3367,-45.0,5.2880859375,112117643.95950189
3368,-56.25,5.29365234375,2642078.3752050158
3369,-52.5,5.29365234375,30451738.422752447
3370,-48.75,5.29365234375,71600068.84224394
3371,-45.0,5.29365234375,112748399.26173544
3372,-56.25,5.29921875,2668500.4992362773
3373,-52.5,5.29921875,30632074.78319477
3374,-48.75,5.29921875,72005614.67358188
3375,-45.0,5.29921875,113379154.56396899
3376,-41.25,5.26025390625,557520537.8866603
3377,-37.5,5.26025390625,1006077208.3249867
3378,-41.25,5.265820312500001,556481893.1644797
3379,-37.5,5.265820312500001,1003369163.5783917
3380,-33.75,5.26025390625,1761422200.6675525
3381,-30.0,5.26025390625,3130343836.818597
3382,-33.75,5.265820312500001,1758207441.417987
3383,-30.0,5.265820312500001,3128947734.108949
3384,-41.25,5.271386718750001,555443248.4422991
3385,-37.5,5.271386718750001,1000661118.8317969
3386,-41.25,5.276953125,554404603.7201188
3387,-37.5,5.276953125,997953074.0852028
3388,-33.75,5.271386718750001,1754992682.1684215
3389,-30.0,5.271386718750001,3127551631.399301
3390,-33.75,5.276953125,1751777922.9188576
3391,-30.0,5.276953125,3126155528.6896534
3392,-41.25,5.28251953125,553365958.9979383
3393,-37.5,5.28251953125,995245029.3386083
3394,-41.25,5.2880859375,552327314.2757579
3395,-37.5,5.2880859375,992536984.5920138
3396,-33.75,5.28251953125,1748563163.6692924
3397,-30.0,5.28251953125,3124759425.9800053
3398,-33.75,5.2880859375,1745348404.4197278
3399,-30.0,5.2880859375,3123363323.270357
3400,-41.25,5.29365234375,551288669.5535774
3401,-37.5,5.29365234375,989828939.8454193
3402,-41.25,5.29921875,550250024.8313969
3403,-37.5,5.29921875,987120895.0988249
3404,-33.75,5.29365234375,1742133645.1701632
3405,-30.0,5.29365234375,3121967220.56071
3406,-33.75,5.29921875,1738918885.920598
3407,-30.0,5.29921875,3120571117.851062
3408,-56.25,5.304785156249999,2709354.0582901295
3409,-52.5,5.304785156249999,30831858.349661496
3410,-48.75,5.304785156249999,72435038.91708493
3411,-45.0,5.304785156249999,114038219.4845084
3412,-56.25,5.310351562499999,2752563.770000747
3413,-52.5,5.310351562499999,31034816.970173087
3414,-48.75,5.310351562499999,72868361.67686
3415,-45.0,5.310351562499999,114701906.38354693
3416,-56.25,5.321484375,2838983.1934219752
3417,-52.5,5.321484375,31440734.211196244
3418,-48.75,5.321484375,73735007.19641009
3419,-45.0,5.321484375,116029280.18162392
3420,-41.25,5.304785156249999,552816800.1158618
3421,-37.5,5.304785156249999,991595380.7472152
3422,-41.25,5.310351562499999,555972215.4014127
3423,-37.5,5.310351562499999,997242524.4192786
3424,-33.75,5.304785156249999,1745030973.5779054
3425,-30.0,5.304785156249999,3127780590.8072686
3426,-33.75,5.310351562499999,1752665811.750623
3427,-30.0,5.310351562499999,3136395055.7089252
3428,-41.25,5.321484375,562283045.9725144
3429,-37.5,5.321484375,1008536811.7634048
3430,-33.75,5.321484375,1767935488.0960581
3431,-30.0,5.321484375,3153623985.512236
3432,-56.25,5.3326171875,2925402.616843203
3433,-52.5,5.3326171875,31846651.452219397
3434,-48.75,5.3326171875,74601652.71596016
3435,-45.0,5.3326171875,117356653.9797009
3436,-56.25,5.34375,3011822.0402644244
3437,-52.5,5.34375,32252568.693242524
3438,-48.75,5.34375,75468298.23551016
3439,-45.0,5.34375,118684027.77777779
3440,-41.25,5.3326171875,568593876.5436158
3441,-37.5,5.3326171875,1019831099.1075308
3442,-41.25,5.34375,574904707.114717
3443,-37.5,5.34375,1031125386.4516562
3444,-33.75,5.3326171875,1783205164.4414926
3445,-30.0,5.3326171875,3170852915.3155475
3446,-33.75,5.34375,1798474840.7869263
3447,-30.0,5.34375,3188081845.118857
3448,-26.25,5.032031250000001,4369728184.509279
3449,-22.5,5.032031250000001,5971405287.00087
3450,-26.25,5.054296875,4408177693.743584
3451,-22.5,5.054296875,6006859114.0616665
3452,-26.25,5.076562500000001,4446627202.977892
3453,-22.5,5.076562500000001,6042312941.122465
3454,-26.25,5.087695312500001,4465851957.595045
3455,-22.5,5.087695312500001,6060039854.652863
3456,-26.25,5.098828125000001,4485076712.212197
3457,-22.5,5.098828125000001,6077766768.183262
3458,-26.25,5.104394531250001,4487433965.722108
3459,-26.25,5.1099609375,4487856519.552377
3460,-22.5,5.104394531250001,6085485463.055996
3461,-22.5,5.1099609375,6092898888.090737
3462,-26.25,5.11552734375,4488279073.382647
3463,-26.25,5.12109375,4488701627.212915
3464,-22.5,5.11552734375,6100312313.125481
3465,-22.5,5.12109375,6107725738.160223
3466,-26.25,5.12666015625,4489124181.043184
3467,-26.25,5.1322265625,4489546734.873453
3468,-22.5,5.12666015625,6115139163.194965
3469,-22.5,5.1322265625,6122552588.229709
3470,-26.25,5.13779296875,4489969288.703723
3471,-26.25,5.143359375,4490391842.533992
3472,-22.5,5.13779296875,6129966013.264454
3473,-22.5,5.143359375,6137379438.299196
3474,-26.25,5.14892578125,4490814396.364261
3475,-26.25,5.154492187500001,4491236950.1945305
3476,-22.5,5.14892578125,6144792863.33394
3477,-22.5,5.154492187500001,6152206288.368684
3478,-26.25,5.160058593750001,4491659504.024799
3479,-26.25,5.165625,4492082057.855068
3480,-22.5,5.160058593750001,6159619713.403427
3481,-22.5,5.165625,6167033138.438169
3482,-18.75,5.032031250000001,7740998909.609543
3483,-15.0,5.032031250000001,9510592532.218216
3484,-18.75,5.054296875,7763651723.956247
3485,-15.0,5.054296875,9520444333.850828
3486,-18.75,5.076562500000001,7786304538.302953
3487,-15.0,5.076562500000001,9530296135.48344
3488,-18.75,5.087695312500001,7797630945.476305
3489,-15.0,5.087695312500001,9535222036.299747
3490,-18.75,5.098828125000001,7808957352.649657
3491,-15.0,5.098828125000001,9540147937.116053
3492,-18.75,5.104394531250001,7823563082.540142
3493,-18.75,5.1099609375,7840553486.111635
3494,-15.0,5.104394531250001,9561640702.024288
3495,-15.0,5.1099609375,9588208084.13253
3496,-18.75,5.11552734375,7857543889.683131
3497,-18.75,5.12109375,7874534293.254625
3498,-15.0,5.11552734375,9614775466.24078
3499,-15.0,5.12109375,9641342848.349028
3500,-18.75,5.12666015625,7891524696.826121
3501,-18.75,5.1322265625,7908515100.397615
3502,-15.0,5.12666015625,9667910230.457273
3503,-15.0,5.1322265625,9694477612.565521
3504,-18.75,5.13779296875,7925505503.969113
3505,-18.75,5.143359375,7942495907.540608
3506,-15.0,5.13779296875,9721044994.673773
3507,-15.0,5.143359375,9747612376.78202
3508,-18.75,5.14892578125,7959486311.1121025
3509,-18.75,5.154492187500001,7976476714.683601
3510,-15.0,5.14892578125,9774179758.890268
3511,-15.0,5.154492187500001,9800747140.99852
3512,-18.75,5.160058593750001,7993467118.255098
3513,-18.75,5.165625,8010457521.8265915
3514,-15.0,5.160058593750001,9827314523.10677
3515,-15.0,5.165625,9853881905.215014
3516,-26.25,5.17119140625,4492504611.685337
3517,-26.25,5.1767578125,4492927165.515606
3518,-22.5,5.17119140625,6174446563.472912
3519,-22.5,5.1767578125,6181859988.507654
3520,-26.25,5.182324218750001,4493349719.345876
3521,-26.25,5.187890625000001,4493772273.176145
3522,-22.5,5.182324218750001,6189273413.542398
3523,-22.5,5.187890625000001,6196686838.577143
3524,-18.75,5.17119140625,8027447925.398087
3525,-18.75,5.1767578125,8044438328.969582
3526,-15.0,5.17119140625,9880449287.323261
3527,-15.0,5.1767578125,9907016669.431509
3528,-18.75,5.182324218750001,8061428732.54108
3529,-18.75,5.187890625000001,8078419136.112577
3530,-15.0,5.182324218750001,9933584051.53976
3531,-15.0,5.187890625000001,9960151433.648012
3532,-26.25,5.19345703125,4494194827.006414
3533,-26.25,5.199023437500001,4494617380.836683
3534,-22.5,5.19345703125,6204100263.611884
3535,-22.5,5.199023437500001,6211513688.646628
3536,-18.75,5.19345703125,8095409539.68407
3537,-18.75,5.199023437500001,8112399943.255568
3538,-15.0,5.19345703125,9986718815.756256
3539,-15.0,5.199023437500001,10013286197.864506
3540,-26.25,5.2,4494691513.087606
3541,-26.25,5.204589843750001,4495039934.666951
3542,-26.25,5.210156250000001,4495462488.497221
3543,-22.5,5.2,6212814289.529915
3544,-22.5,5.204589843750001,6218927113.681371
3545,-22.5,5.210156250000001,6226340538.716114
3546,-18.75,5.2,8115380715.811967
3547,-18.75,5.204589843750001,8129390346.827063
3548,-18.75,5.210156250000001,8146380750.398558
3549,-15.0,5.2,10017947142.094019
3550,-15.0,5.204589843750001,10039853579.972754
3551,-15.0,5.210156250000001,10066420962.081001
3552,-26.25,5.215722656250001,4495885042.32749
3553,-22.5,5.215722656250001,6233753963.750857
3554,-26.25,5.2212890625,4496307596.157759
3555,-22.5,5.2212890625,6241167388.785599
3556,-18.75,5.215722656250001,8163371153.970056
3557,-15.0,5.215722656250001,10092988344.18925
3558,-18.75,5.2212890625,8180361557.541548
3559,-15.0,5.2212890625,10119555726.297497
3560,-26.25,5.22685546875,4496730149.988028
3561,-22.5,5.22685546875,6248580813.820343
3562,-26.25,5.232421875,4497152703.818297
3563,-22.5,5.232421875,6255994238.855085
3564,-18.75,5.22685546875,8197351961.113043
3565,-15.0,5.22685546875,10146123108.405743
3566,-18.75,5.232421875,8214342364.684538
3567,-15.0,5.232421875,10172690490.51399
3568,-26.25,5.23798828125,4497575257.648565
3569,-22.5,5.23798828125,6263407663.889829
3570,-26.25,5.2435546875,4497997811.478835
3571,-22.5,5.2435546875,6270821088.924571
3572,-18.75,5.23798828125,8231332768.256032
3573,-15.0,5.23798828125,10199257872.622238
3574,-18.75,5.2435546875,8248323171.827528
3575,-15.0,5.2435546875,10225825254.730484
3576,-26.25,5.24912109375,4498420365.309104
3577,-22.5,5.24912109375,6278234513.959315
3578,-26.25,5.2546875,4498842919.139374
3579,-22.5,5.2546875,6285647938.994058
3580,-18.75,5.24912109375,8265313575.399025
3581,-15.0,5.24912109375,10252392636.838736
3582,-18.75,5.2546875,8282303978.97052
3583,-15.0,5.2546875,10278960018.946983
3584,-26.25,5.26025390625,4499265472.969643
3585,-22.5,5.26025390625,6293061364.028801
3586,-26.25,5.265820312500001,4499688026.7999115
3587,-22.5,5.265820312500001,6300474789.063544
3588,-18.75,5.26025390625,8299294382.542016
3589,-15.0,5.26025390625,10305527401.055231
3590,-18.75,5.265820312500001,8316284786.113514
3591,-15.0,5.265820312500001,10332094783.16348
3592,-26.25,5.271386718750001,4500110580.63018
3593,-22.5,5.271386718750001,6307888214.098289
3594,-26.25,5.276953125,4500533134.460449
3595,-22.5,5.276953125,6315301639.13303
3596,-18.75,5.271386718750001,8333275189.685012
3597,-15.0,5.271386718750001,10358662165.271732
3598,-18.75,5.276953125,8350265593.256504
3599,-15.0,5.276953125,10385229547.379978
3600,-26.25,5.28251953125,4500955688.290718
3601,-22.5,5.28251953125,6322715064.167773
3602,-26.25,5.2880859375,4501378242.120987
3603,-22.5,5.2880859375,6330128489.202516
3604,-18.75,5.28251953125,8367255996.827999
3605,-15.0,5.28251953125,10411796929.488224
3606,-18.75,5.2880859375,8384246400.399494
3607,-15.0,5.2880859375,10438364311.596472
3608,-26.25,5.29365234375,4501800795.951257
3609,-22.5,5.29365234375,6337541914.237259
3610,-26.25,5.29921875,4502223349.781526
3611,-22.5,5.29921875,6344955339.272001
3612,-18.75,5.29365234375,8401236803.970988
3613,-15.0,5.29365234375,10464931693.70472
3614,-18.75,5.29921875,8418227207.542484
3615,-15.0,5.29921875,10491499075.812967
3616,-26.25,5.304785156249999,4510530208.036633
3617,-22.5,5.304785156249999,6351425444.369844
3618,-26.25,5.310351562499999,4520124299.667227
3619,-22.5,5.310351562499999,6357741538.049419
3620,-18.75,5.304785156249999,8421393490.254981
3621,-15.0,5.304785156249999,10491361536.140116
3622,-18.75,5.310351562499999,8422302773.6435585
3623,-15.0,5.310351562499999,10486864009.237696
3624,-26.25,5.321484375,4539312482.928415
3625,-22.5,5.321484375,6370373725.40857
3626,-18.75,5.321484375,8424121340.420715
3627,-15.0,5.321484375,10477868955.43286
3628,-26.25,5.3326171875,4558500666.189603
3629,-22.5,5.3326171875,6383005912.767721
3630,-26.25,5.34375,4577688849.4507885
3631,-22.5,5.34375,6395638100.126871
3632,-18.75,5.3326171875,8425939907.197872
3633,-15.0,5.3326171875,10468873901.62802
3634,-18.75,5.34375,8427758473.975027
3635,-15.0,5.34375,10459878847.823185
3636,-11.25,5.032031250000001,24995244261.7824
3637,-7.5,5.032031250000001,40479895991.34658
3638,-11.25,5.054296875,25096573525.127186
3639,-7.5,5.054296875,40672702716.40354
3640,-11.25,5.076562500000001,25197902788.471977
3641,-7.5,5.076562500000001,40865509441.46052
3642,-11.25,5.087695312500001,25248567420.14437
3643,-7.5,5.087695312500001,40961912803.989
3644,-11.25,5.098828125000001,25299232051.816765
3645,-7.5,5.098828125000001,41058316166.51748
3646,-11.25,5.104394531250001,25306412209.94281
3647,-11.25,5.1099609375,25308751792.679485
3648,-7.5,5.104394531250001,41051183717.86133
3649,-7.5,5.1099609375,41029295501.22644
3650,-11.25,5.11552734375,25311091375.41616
3651,-11.25,5.12109375,25313430958.152836
3652,-7.5,5.11552734375,41007407284.59154
3653,-7.5,5.12109375,40985519067.95664
3654,-11.25,5.12666015625,25315770540.889515
3655,-11.25,5.1322265625,25318110123.62619
3656,-7.5,5.12666015625,40963630851.321754
3657,-7.5,5.1322265625,40941742634.68686
3658,-11.25,5.13779296875,25320449706.362865
3659,-11.25,5.143359375,25322789289.09954
3660,-7.5,5.13779296875,40919854418.05196
3661,-7.5,5.143359375,40897966201.41706
3662,-11.25,5.14892578125,25325128871.836216
3663,-11.25,5.154492187500001,25327468454.57289
3664,-7.5,5.14892578125,40876077984.782166
3665,-7.5,5.154492187500001,40854189768.14726
3666,-11.25,5.160058593750001,25329808037.30957
3667,-11.25,5.165625,25332147620.046238
3668,-7.5,5.160058593750001,40832301551.51236
3669,-7.5,5.165625,40810413334.87747
3670,-3.75,5.032031250000001,50744533953.4088
3671,0.0,5.032031250000001,50569144380.46708
3672,-3.75,5.054296875,50944245146.192245
3673,0.0,5.054296875,50606614053.005646
3674,-3.75,5.076562500000001,51143956338.97571
3675,0.0,5.076562500000001,50644083725.544205
3676,-3.75,5.087695312500001,51243811935.36743
3677,0.0,5.087695312500001,50662818561.813484
3678,-3.75,5.098828125000001,51343667531.75916
3679,0.0,5.098828125000001,50681553398.08277
3680,-3.75,5.104394531250001,51330424007.29382
3681,-3.75,5.1099609375,51300334796.78553
3682,0.0,5.104394531250001,50678601859.75424
3683,0.0,5.1099609375,50672365266.368904
3684,-3.75,5.11552734375,51270245586.27723
3685,-3.75,5.12109375,51240156375.768936
3686,0.0,5.11552734375,50666128672.98355
3687,0.0,5.12109375,50659892079.59819
3688,-3.75,5.12666015625,51210067165.260635
3689,-3.75,5.1322265625,51179977954.75234
3690,0.0,5.12666015625,50653655486.21284
3691,0.0,5.1322265625,50647418892.827484
3692,-3.75,5.13779296875,51149888744.24404
3693,-3.75,5.143359375,51119799533.73574
3694,0.0,5.13779296875,50641182299.44213
3695,0.0,5.143359375,50634945706.05678
3696,-3.75,5.14892578125,51089710323.22745
3697,-3.75,5.154492187500001,51059621112.719154
3698,0.0,5.14892578125,50628709112.67142
3699,0.0,5.154492187500001,50622472519.28607
3700,-3.75,5.160058593750001,51029531902.210846
3701,-3.75,5.165625,50999442691.70255
3702,0.0,5.160058593750001,50616235925.90071
3703,0.0,5.165625,50609999332.51536
3704,-11.25,5.17119140625,25334487202.782917
3705,-11.25,5.1767578125,25336826785.519592
3706,-7.5,5.17119140625,40788525118.24257
3707,-7.5,5.1767578125,40766636901.60767
3708,-11.25,5.182324218750001,25339166368.25627
3709,-11.25,5.187890625000001,25341505950.992947
3710,-7.5,5.182324218750001,40744748684.97278
3711,-7.5,5.187890625000001,40722860468.337875
3712,-3.75,5.17119140625,50969353481.19426
3713,-3.75,5.1767578125,50939264270.68597
3714,0.0,5.17119140625,50603762739.130005
3715,0.0,5.1767578125,50597526145.74465
3716,-3.75,5.182324218750001,50909175060.17767
3717,-3.75,5.187890625000001,50879085849.669365
3718,0.0,5.182324218750001,50591289552.3593
3719,0.0,5.187890625000001,50585052958.973946
3720,-11.25,5.19345703125,25343845533.72962
3721,-11.25,5.199023437500001,25346185116.466293
3722,-7.5,5.19345703125,40700972251.70299
3723,-7.5,5.199023437500001,40679084035.068085
3724,-3.75,5.19345703125,50848996639.16107
3725,-3.75,5.199023437500001,50818907428.652756
3726,0.0,5.19345703125,50578816365.588585
3727,0.0,5.199023437500001,50572579772.20323
3728,-11.25,5.2,25346595569.57799
3729,-11.25,5.204589843750001,25348524699.202972
3730,-11.25,5.210156250000001,25350864281.939644
3731,-7.5,5.2,40675243997.061966
3732,-7.5,5.204589843750001,40657195818.43318
3733,-7.5,5.210156250000001,40635307601.79829
3734,-3.75,5.2,50813628619.79166
3735,-3.75,5.204589843750001,50788818218.14447
3736,-3.75,5.210156250000001,50758729007.63618
3737,0.0,5.2,50571485633.01282
3738,0.0,5.204589843750001,50566343178.81788
3739,0.0,5.210156250000001,50560106585.432526
3740,-11.25,5.215722656250001,25353203864.676323
3741,-7.5,5.215722656250001,40613419385.16339
3742,-11.25,5.2212890625,25355543447.412994
3743,-7.5,5.2212890625,40591531168.5285
3744,-3.75,5.215722656250001,50728639797.12788
3745,0.0,5.215722656250001,50553869992.04717
3746,-3.75,5.2212890625,50698550586.619576
3747,0.0,5.2212890625,50547633398.66182
3748,-11.25,5.22685546875,25357883030.149673
3749,-7.5,5.22685546875,40569642951.8936
3750,-11.25,5.232421875,25360222612.88635
3751,-7.5,5.232421875,40547754735.258705
3752,-3.75,5.22685546875,50668461376.11128
3753,0.0,5.22685546875,50541396805.27646
3754,-3.75,5.232421875,50638372165.603
3755,0.0,5.232421875,50535160211.891106
3756,-11.25,5.23798828125,25362562195.623024
3757,-7.5,5.23798828125,40525866518.62381
3758,-11.25,5.2435546875,25364901778.3597
3759,-7.5,5.2435546875,40503978301.988914
3760,-3.75,5.23798828125,50608282955.09469
3761,0.0,5.23798828125,50528923618.50575
3762,-3.75,5.2435546875,50578193744.58639
3763,0.0,5.2435546875,50522687025.12041
3764,-11.25,5.24912109375,25367241361.096375
3765,-7.5,5.24912109375,40482090085.35401
3766,-11.25,5.2546875,25369580943.833054
3767,-7.5,5.2546875,40460201868.71912
3768,-3.75,5.24912109375,50548104534.078094
3769,0.0,5.24912109375,50516450431.73505
3770,-3.75,5.2546875,50518015323.5698
3771,0.0,5.2546875,50510213838.3497
3772,-11.25,5.26025390625,25371920526.56973
3773,-7.5,5.26025390625,40438313652.08423
3774,-11.25,5.265820312500001,25374260109.306404
3775,-7.5,5.265820312500001,40416425435.449326
3776,-3.75,5.26025390625,50487926113.0615
3777,0.0,5.26025390625,50503977244.96434
3778,-3.75,5.265820312500001,50457836902.5532
3779,0.0,5.265820312500001,50497740651.57899
3780,-11.25,5.271386718750001,25376599692.04308
3781,-7.5,5.271386718750001,40394537218.81442
3782,-11.25,5.276953125,25378939274.779755
3783,-7.5,5.276953125,40372649002.179535
3784,-3.75,5.271386718750001,50427747692.0449
3785,0.0,5.271386718750001,50491504058.193634
3786,-3.75,5.276953125,50397658481.536606
3787,0.0,5.276953125,50485267464.80827
3788,-11.25,5.28251953125,25381278857.51643
3789,-7.5,5.28251953125,40350760785.54463
3790,-11.25,5.2880859375,25383618440.253105
3791,-7.5,5.2880859375,40328872568.90974
3792,-3.75,5.28251953125,50367569271.02831
3793,0.0,5.28251953125,50479030871.42293
3794,-3.75,5.2880859375,50337480060.52001
3795,0.0,5.2880859375,50472794278.03757
3796,-11.25,5.29365234375,25385958022.98978
3797,-7.5,5.29365234375,40306984352.27484
3798,-11.25,5.29921875,25388297605.726456
3799,-7.5,5.29921875,40285096135.639946
3800,-3.75,5.29365234375,50307390850.01171
3801,0.0,5.29365234375,50466557684.652214
3802,-3.75,5.29921875,50277301639.50341
3803,0.0,5.29921875,50460321091.26686
3804,-11.25,5.304785156249999,25394086397.529667
3805,-7.5,5.304785156249999,40296811258.91922
3806,-11.25,5.310351562499999,25400438325.50701
3807,-7.5,5.310351562499999,40314012641.77632
3808,-3.75,5.304785156249999,50290951307.57389
3809,0.0,5.304785156249999,50467921730.75879
3810,-3.75,5.310351562499999,50311742017.044975
3811,0.0,5.310351562499999,50477781510.31233
3812,-11.25,5.321484375,25413142181.461693
3813,-7.5,5.321484375,40348415407.490524
3814,-3.75,5.321484375,50353323435.98717
3815,0.0,5.321484375,50497501069.41941
3816,-11.25,5.3326171875,25425846037.416378
3817,-7.5,5.3326171875,40382818173.204735
3818,-11.25,5.34375,25438549893.371063
3819,-7.5,5.34375,40417220938.918945
3820,-3.75,5.3326171875,50394904854.92935
3821,0.0,5.3326171875,50517220628.52648
3822,-3.75,5.34375,50436486273.87153
3823,0.0,5.34375,50536940187.63355
3824,-116.25,5.3548828125,0.0
3825,-120.0,5.3548828125,0.0
3826,-112.5,5.3548828125,0.0
3827,-108.75,5.3548828125,0.0
3828,-105.0,5.3548828125,0.0
3829,-101.25,5.3548828125,0.0
3830,-97.5,5.3548828125,0.0
3831,-93.75,5.3548828125,0.0
3832,-90.0,5.3548828125,0.0
3833,-116.25,5.366015625,0.0
3834,-120.0,5.366015625,0.0
3835,-112.5,5.366015625,0.0
3836,-108.75,5.366015625,0.0
3837,-105.0,5.366015625,0.0
3838,-101.25,5.366015625,0.0
3839,-97.5,5.366015625,0.0
3840,-93.75,5.366015625,0.0
3841,-90.0,5.366015625,0.0
3842,-86.25,5.3548828125,0.0
3843,-82.5,5.3548828125,0.0
3844,-78.75,5.3548828125,0.0
3845,-75.0,5.3548828125,0.0
3846,-71.25,5.3548828125,0.0
3847,-67.5,5.3548828125,0.0
3848,-63.75,5.3548828125,442605.92338366364
3849,-60.0,5.3548828125,1770423.6935346546
3850,-86.25,5.366015625,0.0
3851,-82.5,5.366015625,0.0
3852,-78.75,5.366015625,0.0
3853,-75.0,5.366015625,0.0
3854,-71.25,5.366015625,0.0
3855,-67.5,5.366015625,0.0
3856,-63.75,5.366015625,454951.55530098185
3857,-60.0,5.366015625,1819806.2212039274
3858,-116.25,5.377148437500001,0.0
3859,-120.0,5.377148437500001,0.0
3860,-112.5,5.377148437500001,0.0
3861,-108.75,5.377148437500001,0.0
3862,-105.0,5.377148437500001,0.0
3863,-101.25,5.377148437500001,0.0
3864,-97.5,5.377148437500001,0.0
3865,-93.75,5.377148437500001,0.0
3866,-90.0,5.377148437500001,0.0
3867,-116.25,5.38828125,0.0
3868,-120.0,5.38828125,0.0
3869,-112.5,5.38828125,0.0
3870,-108.75,5.38828125,0.0
3871,-105.0,5.38828125,0.0
3872,-101.25,5.38828125,0.0
3873,-97.5,5.38828125,0.0
3874,-93.75,5.38828125,0.0
3875,-90.0,5.38828125,0.0
3876,-86.25,5.377148437500001,0.0
3877,-82.5,5.377148437500001,0.0
3878,-78.75,5.377148437500001,0.0
3879,-75.0,5.377148437500001,0.0
3880,-71.25,5.377148437500001,0.0
3881,-67.5,5.377148437500001,0.0
3882,-63.75,5.377148437500001,467297.1872183002
3883,-60.0,5.377148437500001,1869188.7488732007
3884,-86.25,5.38828125,0.0
3885,-82.5,5.38828125,0.0
3886,-78.75,5.38828125,0.0
3887,-75.0,5.38828125,0.0
3888,-71.25,5.38828125,0.0
3889,-67.5,5.38828125,0.0
3890,-63.75,5.38828125,479642.81913561746
3891,-60.0,5.38828125,1918571.2765424699
3892,-116.25,5.3994140625,0.0
3893,-120.0,5.3994140625,0.0
3894,-112.5,5.3994140625,0.0
3895,-108.75,5.3994140625,0.0
3896,-105.0,5.3994140625,0.0
3897,-101.25,5.3994140625,0.0
3898,-97.5,5.3994140625,0.0
3899,-93.75,5.3994140625,0.0
3900,-90.0,5.3994140625,0.0
3901,-116.25,5.410546875,0.0
3902,-120.0,5.410546875,0.0
3903,-112.5,5.410546875,0.0
3904,-108.75,5.410546875,0.0
3905,-105.0,5.410546875,0.0
3906,-101.25,5.410546875,0.0
3907,-97.5,5.410546875,0.0
3908,-93.75,5.410546875,0.0
3909,-90.0,5.410546875,0.0
3910,-86.25,5.3994140625,0.0
3911,-82.5,5.3994140625,0.0
3912,-78.75,5.3994140625,0.0
3913,-75.0,5.3994140625,0.0
3914,-71.25,5.3994140625,0.0
3915,-67.5,5.3994140625,0.0
3916,-63.75,5.3994140625,491988.45105293475
3917,-60.0,5.3994140625,1967953.804211739
3918,-86.25,5.410546875,0.0
3919,-82.5,5.410546875,0.0
3920,-78.75,5.410546875,0.0
3921,-75.0,5.410546875,0.0
3922,-71.25,5.410546875,0.0
3923,-67.5,5.410546875,0.0
3924,-63.75,5.410546875,504334.08297025214
3925,-60.0,5.410546875,2017336.3318810086
3926,-116.25,5.421679687499999,0.0
3927,-120.0,5.421679687499999,0.0
3928,-112.5,5.421679687499999,0.0
3929,-108.75,5.421679687499999,0.0
3930,-105.0,5.421679687499999,0.0
3931,-101.25,5.421679687499999,0.0
3932,-97.5,5.421679687499999,0.0
3933,-93.75,5.421679687499999,0.0
3934,-90.0,5.421679687499999,0.0
3935,-116.25,5.4328125,0.0
3936,-120.0,5.4328125,0.0
3937,-112.5,5.4328125,0.0
3938,-108.75,5.4328125,0.0
3939,-105.0,5.4328125,0.0
3940,-101.25,5.4328125,0.0
3941,-97.5,5.4328125,0.0
3942,-93.75,5.4328125,0.0
3943,-90.0,5.4328125,0.0
3944,-86.25,5.421679687499999,0.0
3945,-82.5,5.421679687499999,0.0
3946,-78.75,5.421679687499999,0.0
3947,-75.0,5.421679687499999,0.0
3948,-71.25,5.421679687499999,0.0
3949,-67.5,5.421679687499999,0.0
3950,-63.75,5.421679687499999,516679.7148875694
3951,-60.0,5.421679687499999,2066718.8595502777
3952,-86.25,5.4328125,0.0
3953,-82.5,5.4328125,0.0
3954,-78.75,5.4328125,0.0
3955,-75.0,5.4328125,0.0
3956,-71.25,5.4328125,0.0
3957,-67.5,5.4328125,0.0
3958,-63.75,5.4328125,529025.3468048878
3959,-60.0,5.4328125,2116101.387219551
3960,-116.25,5.4439453125,0.0
3961,-120.0,5.4439453125,0.0
3962,-112.5,5.4439453125,0.0
3963,-108.75,5.4439453125,0.0
3964,-105.0,5.4439453125,0.0
3965,-101.25,5.4439453125,0.0
3966,-97.5,5.4439453125,0.0
3967,-93.75,5.4439453125,0.0
3968,-90.0,5.4439453125,0.0
3969,-116.25,5.455078125,0.0
3970,-120.0,5.455078125,0.0
3971,-112.5,5.455078125,0.0
3972,-108.75,5.455078125,0.0
3973,-105.0,5.455078125,0.0
3974,-101.25,5.455078125,0.0
3975,-97.5,5.455078125,0.0
3976,-93.75,5.455078125,0.0
3977,-90.0,5.455078125,0.0
3978,-86.25,5.4439453125,0.0
3979,-82.5,5.4439453125,0.0
3980,-78.75,5.4439453125,0.0
3981,-75.0,5.4439453125,0.0
3982,-71.25,5.4439453125,0.0
3983,-67.5,5.4439453125,0.0
3984,-63.75,5.4439453125,541370.978722206
3985,-60.0,5.4439453125,2165483.914888824
3986,-86.25,5.455078125,0.0
3987,-82.5,5.455078125,0.0
3988,-78.75,5.455078125,0.0
3989,-75.0,5.455078125,0.0
3990,-71.25,5.455078125,0.0
3991,-67.5,5.455078125,0.0
3992,-63.75,5.455078125,553716.6106395232
3993,-60.0,5.455078125,2214866.442558093
3994,-116.25,5.4662109375,0.0
3995,-120.0,5.4662109375,0.0
3996,-112.5,5.4662109375,0.0
3997,-108.75,5.4662109375,0.0
3998,-105.0,5.4662109375,0.0
3999,-101.25,5.4662109375,0.0
4000,-97.5,5.4662109375,0.0
4001,-93.75,5.4662109375,0.0
4002,-90.0,5.4662109375,0.0
4003,-116.25,5.477343749999999,0.0
4004,-120.0,5.477343749999999,0.0
4005,-112.5,5.477343749999999,0.0
4006,-108.75,5.477343749999999,0.0
4007,-105.0,5.477343749999999,0.0
4008,-101.25,5.477343749999999,0.0
4009,-97.5,5.477343749999999,0.0
4010,-93.75,5.477343749999999,0.0
4011,-90.0,5.477343749999999,0.0
4012,-86.25,5.4662109375,0.0
4013,-82.5,5.4662109375,0.0
4014,-78.75,5.4662109375,0.0
4015,-75.0,5.4662109375,0.0
4016,-71.25,5.4662109375,0.0
4017,-67.5,5.4662109375,0.0
4018,-63.75,5.4662109375,566062.2425568405
4019,-60.0,5.4662109375,2264248.970227362
4020,-86.25,5.477343749999999,0.0
4021,-82.5,5.477343749999999,0.0
4022,-78.75,5.477343749999999,0.0
4023,-75.0,5.477343749999999,0.0
4024,-71.25,5.477343749999999,0.0
4025,-67.5,5.477343749999999,0.0
4026,-63.75,5.477343749999999,578407.8744741578
4027,-60.0,5.477343749999999,2313631.4978966312
4028,-116.25,5.488476562499999,0.0
4029,-120.0,5.488476562499999,0.0
4030,-112.5,5.488476562499999,0.0
4031,-108.75,5.488476562499999,0.0
4032,-105.0,5.488476562499999,0.0
4033,-101.25,5.488476562499999,0.0
4034,-97.5,5.488476562499999,0.0
4035,-93.75,5.488476562499999,0.0
4036,-90.0,5.488476562499999,0.0
4037,-116.25,5.499609374999999,0.0
4038,-120.0,5.499609374999999,0.0
4039,-112.5,5.499609374999999,0.0
4040,-108.75,5.499609374999999,0.0
4041,-105.0,5.499609374999999,0.0
4042,-101.25,5.499609374999999,0.0
4043,-97.5,5.499609374999999,0.0
4044,-93.75,5.499609374999999,0.0
4045,-90.0,5.499609374999999,0.0
4046,-86.25,5.488476562499999,0.0
4047,-82.5,5.488476562499999,0.0
4048,-78.75,5.488476562499999,0.0
4049,-75.0,5.488476562499999,0.0
4050,-71.25,5.488476562499999,0.0
4051,-67.5,5.488476562499999,0.0
4052,-63.75,5.488476562499999,590753.5063914751
4053,-60.0,5.488476562499999,2363014.0255659004
4054,-86.25,5.499609374999999,0.0
4055,-82.5,5.499609374999999,0.0
4056,-78.75,5.499609374999999,0.0
4057,-75.0,5.499609374999999,0.0
4058,-71.25,5.499609374999999,0.0
4059,-67.5,5.499609374999999,0.0
4060,-63.75,5.499609374999999,603099.1383087925
4061,-60.0,5.499609374999999,2412396.55323517
4062,-116.25,5.5107421875,0.0
4063,-120.0,5.5107421875,0.0
4064,-112.5,5.5107421875,0.0
4065,-108.75,5.5107421875,0.0
4066,-105.0,5.5107421875,0.0
4067,-101.25,5.5107421875,0.0
4068,-97.5,5.5107421875,0.0
4069,-93.75,5.5107421875,0.0
4070,-90.0,5.5107421875,0.0
4071,-116.25,5.521875,0.0
4072,-120.0,5.521875,0.0
4073,-112.5,5.521875,0.0
4074,-108.75,5.521875,0.0
4075,-105.0,5.521875,0.0
4076,-101.25,5.521875,0.0
4077,-97.5,5.521875,0.0
4078,-93.75,5.521875,0.0
4079,-90.0,5.521875,0.0
4080,-86.25,5.5107421875,0.0
4081,-82.5,5.5107421875,0.0
4082,-78.75,5.5107421875,0.0
4083,-75.0,5.5107421875,0.0
4084,-71.25,5.5107421875,0.0
4085,-67.5,5.5107421875,0.0
4086,-63.75,5.5107421875,837877.4854871959
4087,-60.0,5.5107421875,3351509.9419487836
4088,-86.25,5.521875,0.0
4089,-82.5,5.521875,0.0
4090,-78.75,5.521875,0.0
4091,-75.0,5.521875,0.0
4092,-71.25,5.521875,0.0
4093,-67.5,5.521875,0.0
4094,-63.75,5.521875,1080744.2950387206
4095,-60.0,5.521875,4322977.180154882
4096,-56.25,5.3548828125,3098241.4636856453
4097,-52.5,5.3548828125,32658485.934265647
4098,-48.75,5.3548828125,76334943.75506015
4099,-45.0,5.3548828125,120011401.57585466
4100,-41.25,5.3548828125,581215537.6858181
4101,-37.5,5.3548828125,1042419673.7957815
4102,-33.75,5.3548828125,1813744517.1323593
4103,-30.0,5.3548828125,3205310774.922167
4104,-56.25,5.366015625,3184660.887106873
4105,-52.5,5.366015625,33064403.175288804
4106,-48.75,5.366015625,77201589.27461022
4107,-45.0,5.366015625,121338775.37393165
4108,-41.25,5.366015625,587526368.2569196
4109,-37.5,5.366015625,1053713961.1399076
4110,-33.75,5.366015625,1829014193.4777942
4111,-30.0,5.366015625,3222539704.7254777
4112,-56.25,5.377148437500001,3271080.3105281014
4113,-52.5,5.377148437500001,33470320.416311957
4114,-48.75,5.377148437500001,78068234.7941603
4115,-45.0,5.377148437500001,122666149.17200863
4116,-41.25,5.377148437500001,593837198.8280212
4117,-37.5,5.377148437500001,1065008248.4840336
4118,-33.75,5.377148437500001,1844283869.8232288
4119,-30.0,5.377148437500001,3239768634.528789
4120,-56.25,5.38828125,3357499.7339493227
4121,-52.5,5.38828125,33876237.65733509
4122,-48.75,5.38828125,78934880.3137103
4123,-45.0,5.38828125,123993522.97008552
4124,-41.25,5.38828125,600148029.3991222
4125,-37.5,5.38828125,1076302535.8281589
4126,-33.75,5.38828125,1859553546.1686625
4127,-30.0,5.38828125,3256997564.332099
4128,-56.25,5.3994140625,3443919.157370543
4129,-52.5,5.3994140625,34282154.89835821
4130,-48.75,5.3994140625,79801525.8332603
4131,-45.0,5.3994140625,125320896.7681624
4132,-41.25,5.3994140625,606458859.9702232
4133,-37.5,5.3994140625,1087596823.1722841
4134,-33.75,5.3994140625,1874823222.5140958
4135,-30.0,5.3994140625,3274226494.135409
4136,-56.25,5.410546875,3530338.580791765
4137,-52.5,5.410546875,34688072.139381334
4138,-48.75,5.410546875,80668171.3528103
4139,-45.0,5.410546875,126648270.56623927
4140,-41.25,5.410546875,612769690.5413243
4141,-37.5,5.410546875,1098891110.5164092
4142,-33.75,5.410546875,1890092898.859529
4143,-30.0,5.410546875,3291455423.9387183
4144,-56.25,5.421679687499999,3616758.0042129857
4145,-52.5,5.421679687499999,35093989.38040445
4146,-48.75,5.421679687499999,81534816.87236029
4147,-45.0,5.421679687499999,127975644.36431614
4148,-41.25,5.421679687499999,619080521.1124253
4149,-37.5,5.421679687499999,1110185397.8605344
4150,-33.75,5.421679687499999,1905362575.2049625
4151,-30.0,5.421679687499999,3308684353.742028
4152,-56.25,5.4328125,3703177.427634214
4153,-52.5,5.4328125,35499906.62142761
4154,-48.75,5.4328125,82401462.39191037
4155,-45.0,5.4328125,129303018.16239312
4156,-41.25,5.4328125,625391351.6835269
4157,-37.5,5.4328125,1121479685.2046607
4158,-33.75,5.4328125,1920632251.5503974
4159,-30.0,5.4328125,3325913283.545339
4160,-56.25,5.4439453125,3789596.8510554424
4161,-52.5,5.4439453125,35905823.86245076
4162,-48.75,5.4439453125,83268107.91146043
4163,-45.0,5.4439453125,130630391.96047011
4164,-41.25,5.4439453125,631702182.2546284
4165,-37.5,5.4439453125,1132773972.5487866
4166,-33.75,5.4439453125,1935901927.8958318
4167,-30.0,5.4439453125,3343142213.34865
4168,-56.25,5.455078125,3876016.274476663
4169,-52.5,5.455078125,36311741.10347389
4170,-48.75,5.455078125,84134753.43101043
4171,-45.0,5.455078125,131957765.758547
4172,-41.25,5.455078125,638013012.8257296
4173,-37.5,5.455078125,1144068259.8929121
4174,-33.75,5.455078125,1951171604.241265
4175,-30.0,5.455078125,3360371143.1519604
4176,-56.25,5.4662109375,3962435.697897884
4177,-52.5,5.4662109375,36717658.34449701
4178,-48.75,5.4662109375,85001398.95056044
4179,-45.0,5.4662109375,133285139.55662388
4180,-41.25,5.4662109375,644323843.3968306
4181,-37.5,5.4662109375,1155362547.2370372
4182,-33.75,5.4662109375,1966441280.5866985
4183,-30.0,5.4662109375,3377600072.95527
4184,-56.25,5.477343749999999,4048855.1213191054
4185,-52.5,5.477343749999999,37123575.58552013
4186,-48.75,5.477343749999999,85868044.47011045
4187,-45.0,5.477343749999999,134612513.35470074
4188,-41.25,5.477343749999999,650634673.9679316
4189,-37.5,5.477343749999999,1166656834.5811625
4190,-33.75,5.477343749999999,1981710956.9321322
4191,-30.0,5.477343749999999,3394829002.7585797
4192,-56.25,5.488476562499999,4135274.5447403262
4193,-52.5,5.488476562499999,37529492.82654326
4194,-48.75,5.488476562499999,86734689.98966044
4195,-45.0,5.488476562499999,135939887.1527776
4196,-41.25,5.488476562499999,656945504.5390326
4197,-37.5,5.488476562499999,1177951121.9252875
4198,-33.75,5.488476562499999,1996980633.2775655
4199,-30.0,5.488476562499999,3412057932.561889
4200,-56.25,5.499609374999999,4221693.968161548
4201,-52.5,5.499609374999999,37935410.06756638
4202,-48.75,5.499609374999999,87601335.50921044
4203,-45.0,5.499609374999999,137267260.9508545
4204,-41.25,5.499609374999999,663256335.1101338
4205,-37.5,5.499609374999999,1189245409.269413
4206,-33.75,5.499609374999999,2012250309.6229987
4207,-30.0,5.499609374999999,3429286862.365199
4208,-56.25,5.5107421875,5865142.3984103715
4209,-52.5,5.5107421875,38435847.58399897
4210,-48.75,5.5107421875,86035089.13415107
4211,-45.0,5.5107421875,133634330.68430318
4212,-41.25,5.5107421875,661361752.6453782
4213,-37.5,5.5107421875,1189089174.6064534
4214,-33.75,5.5107421875,2014055236.5588324
4215,-30.0,5.5107421875,3433498578.4938197
4216,-56.25,5.521875,7565210.065271044
4217,-52.5,5.521875,38939722.20135548
4218,-48.75,5.521875,84380373.96292405
4219,-45.0,5.521875,129821025.72449262
4220,-41.25,5.521875,659168791.5247731
4221,-37.5,5.521875,1188516557.3250535
4222,-33.75,5.521875,2015370536.243406
4223,-30.0,5.521875,3437236941.3979034
4224,-26.25,5.3548828125,4596877032.711975
4225,-22.5,5.3548828125,6408270287.486019
4226,-18.75,5.3548828125,8429577040.752182
4227,-15.0,5.3548828125,10450883794.018345
4228,-26.25,5.366015625,4616065215.973162
4229,-22.5,5.366015625,6420902474.845169
4230,-18.75,5.366015625,8431395607.529339
4231,-15.0,5.366015625,10441888740.213507
4232,-26.25,5.377148437500001,4635253399.23435
4233,-22.5,5.377148437500001,6433534662.20432
4234,-18.75,5.377148437500001,8433214174.306496
4235,-15.0,5.377148437500001,10432893686.40867
4236,-26.25,5.38828125,4654441582.495536
4237,-22.5,5.38828125,6446166849.563469
4238,-18.75,5.38828125,8435032741.083652
4239,-15.0,5.38828125,10423898632.603832
4240,-26.25,5.3994140625,4673629765.7567215
4241,-22.5,5.3994140625,6458799036.922619
4242,-18.75,5.3994140625,8436851307.860807
4243,-15.0,5.3994140625,10414903578.798996
4244,-26.25,5.410546875,4692817949.017908
4245,-22.5,5.410546875,6471431224.281768
4246,-18.75,5.410546875,8438669874.637962
4247,-15.0,5.410546875,10405908524.994158
4248,-26.25,5.421679687499999,4712006132.279094
4249,-22.5,5.421679687499999,6484063411.640917
4250,-18.75,5.421679687499999,8440488441.415119
4251,-15.0,5.421679687499999,10396913471.18932
4252,-26.25,5.4328125,4731194315.540281
4253,-22.5,5.4328125,6496695599.000067
4254,-18.75,5.4328125,8442307008.192274
4255,-15.0,5.4328125,10387918417.384483
4256,-26.25,5.4439453125,4750382498.801469
4257,-22.5,5.4439453125,6509327786.359217
4258,-18.75,5.4439453125,8444125574.969431
4259,-15.0,5.4439453125,10378923363.579643
4260,-26.25,5.455078125,4769570682.0626545
4261,-22.5,5.455078125,6521959973.718368
4262,-18.75,5.455078125,8445944141.746587
4263,-15.0,5.455078125,10369928309.774807
4264,-26.25,5.4662109375,4788758865.323841
4265,-22.5,5.4662109375,6534592161.077516
4266,-18.75,5.4662109375,8447762708.523743
4267,-15.0,5.4662109375,10360933255.969969
4268,-26.25,5.477343749999999,4807947048.585027
4269,-22.5,5.477343749999999,6547224348.436665
4270,-18.75,5.477343749999999,8449581275.300899
4271,-15.0,5.477343749999999,10351938202.16513
4272,-26.25,5.488476562499999,4827135231.846213
4273,-22.5,5.488476562499999,6559856535.7958145
4274,-18.75,5.488476562499999,8451399842.078054
4275,-15.0,5.488476562499999,10342943148.360294
4276,-26.25,5.499609374999999,4846323415.107399
4277,-22.5,5.499609374999999,6572488723.1549635
4278,-18.75,5.499609374999999,8453218408.85521
4279,-15.0,5.499609374999999,10333948094.555456
4280,-26.25,5.5107421875,4852941920.428805
4281,-22.5,5.5107421875,6589229379.050752
4282,-18.75,5.5107421875,8483938896.016178
4283,-15.0,5.5107421875,10378648412.981602
4284,-26.25,5.521875,4859103346.552401
4285,-22.5,5.521875,6606119433.802418
4286,-18.75,5.521875,8515710362.100193
4287,-15.0,5.521875,10425301290.397968
4288,-11.25,5.3548828125,25451253749.325745
4289,-7.5,5.3548828125,40451623704.63315
4290,-11.25,5.366015625,25463957605.280426
4291,-7.5,5.366015625,40486026470.34735
4292,-3.75,5.3548828125,50478067692.813705
4293,0.0,5.3548828125,50556659746.740616
4294,-3.75,5.366015625,50519649111.75589
4295,0.0,5.366015625,50576379305.84769
4296,-11.25,5.377148437500001,25476661461.23511
4297,-7.5,5.377148437500001,40520429236.061554
4298,-11.25,5.38828125,25489365317.189796
4299,-7.5,5.38828125,40554832001.775764
4300,-3.75,5.377148437500001,50561230530.69808
4301,0.0,5.377148437500001,50596098864.95476
4302,-3.75,5.38828125,50602811949.64026
4303,0.0,5.38828125,50615818424.06184
4304,-11.25,5.3994140625,25502069173.14448
4305,-7.5,5.3994140625,40589234767.48997
4306,-11.25,5.410546875,25514773029.099163
4307,-7.5,5.410546875,40623637533.20417
4308,-3.75,5.3994140625,50644393368.582436
4309,0.0,5.3994140625,50635537983.16891
4310,-3.75,5.410546875,50685974787.52463
4311,0.0,5.410546875,50655257542.27598
4312,-11.25,5.421679687499999,25527476885.05385
4313,-7.5,5.421679687499999,40658040298.91838
4314,-11.25,5.4328125,25540180741.00853
4315,-7.5,5.4328125,40692443064.632576
4316,-3.75,5.421679687499999,50727556206.46681
4317,0.0,5.421679687499999,50674977101.38305
4318,-3.75,5.4328125,50769137625.409
4319,0.0,5.4328125,50694696660.49012
4320,-11.25,5.4439453125,25552884596.963215
4321,-7.5,5.4439453125,40726845830.34679
4322,-11.25,5.455078125,25565588452.9179
4323,-7.5,5.455078125,40761248596.06099
4324,-3.75,5.4439453125,50810719044.35118
4325,0.0,5.4439453125,50714416219.59719
4326,-3.75,5.455078125,50852300463.29335
4327,0.0,5.455078125,50734135778.70426
4328,-11.25,5.4662109375,25578292308.87258
4329,-7.5,5.4662109375,40795651361.77519
4330,-11.25,5.477343749999999,25590996164.827263
4331,-7.5,5.477343749999999,40830054127.489395
4332,-3.75,5.4662109375,50893881882.235535
4333,0.0,5.4662109375,50753855337.81133
4334,-3.75,5.477343749999999,50935463301.17772
4335,0.0,5.477343749999999,50773574896.918396
4336,-11.25,5.488476562499999,25603700020.781948
4337,-7.5,5.488476562499999,40864456893.2036
4338,-11.25,5.499609374999999,25616403876.736633
4339,-7.5,5.499609374999999,40898859658.91781
4340,-3.75,5.488476562499999,50977044720.119896
4341,0.0,5.488476562499999,50793294456.025475
4342,-3.75,5.499609374999999,51018626139.06207
4343,0.0,5.499609374999999,50813014015.13254
4344,-11.25,5.5107421875,25671568970.63948
4345,-7.5,5.5107421875,40964489528.297356
4346,-11.25,5.521875,25728278109.558624
4347,-7.5,5.521875,41031254928.719284
4348,-3.75,5.5107421875,51094453463.10607
4349,0.0,5.5107421875,50898504152.21646
4350,-3.75,5.521875,51171526092.79012
4351,0.0,5.521875,50986385946.68136
4352,-116.25,5.533007812499999,0.0
4353,-120.0,5.533007812499999,0.0
4354,-112.5,5.533007812499999,0.0
4355,-108.75,5.533007812499999,0.0
4356,-105.0,5.533007812499999,0.0
4357,-101.25,5.533007812499999,0.0
4358,-97.5,5.533007812499999,0.0
4359,-93.75,5.533007812499999,0.0
4360,-90.0,5.533007812499999,0.0
4361,-116.25,5.544140625,0.0
4362,-120.0,5.544140625,0.0
4363,-112.5,5.544140625,0.0
4364,-108.75,5.544140625,0.0
4365,-105.0,5.544140625,0.0
4366,-101.25,5.544140625,0.0
4367,-97.5,5.544140625,0.0
4368,-93.75,5.544140625,0.0
4369,-90.0,5.544140625,0.0
4370,-86.25,5.533007812499999,0.0
4371,-82.5,5.533007812499999,0.0
4372,-78.75,5.533007812499999,0.0
4373,-75.0,5.533007812499999,0.0
4374,-71.25,5.533007812499999,0.0
4375,-67.5,5.533007812499999,0.0
4376,-63.75,5.533007812499999,1323611.104590245
4377,-60.0,5.533007812499999,5294444.41836098
4378,-86.25,5.544140625,0.0
4379,-82.5,5.544140625,0.0
4380,-78.75,5.544140625,0.0
4381,-75.0,5.544140625,0.0
4382,-71.25,5.544140625,0.0
4383,-67.5,5.544140625,0.0
4384,-63.75,5.544140625,1566477.914141789
4385,-60.0,5.544140625,6265911.656567156
4386,-116.25,5.5552734375,0.0
4387,-120.0,5.5552734375,0.0
4388,-112.5,5.5552734375,0.0
4389,-108.75,5.5552734375,0.0
4390,-105.0,5.5552734375,0.0
4391,-101.25,5.5552734375,0.0
4392,-97.5,5.5552734375,0.0
4393,-93.75,5.5552734375,0.0
4394,-90.0,5.5552734375,0.0
4395,-116.25,5.56640625,0.0
4396,-120.0,5.56640625,0.0
4397,-112.5,5.56640625,0.0
4398,-108.75,5.56640625,0.0
4399,-105.0,5.56640625,0.0
4400,-101.25,5.56640625,0.0
4401,-97.5,5.56640625,0.0
4402,-93.75,5.56640625,0.0
4403,-90.0,5.56640625,0.0
4404,-86.25,5.5552734375,0.0
4405,-82.5,5.5552734375,0.0
4406,-78.75,5.5552734375,0.0
4407,-75.0,5.5552734375,0.0
4408,-71.25,5.5552734375,0.0
4409,-67.5,5.5552734375,0.0
4410,-63.75,5.5552734375,1809344.7236933329
4411,-60.0,5.5552734375,7237378.8947733315
4412,-86.25,5.56640625,0.0
4413,-82.5,5.56640625,0.0
4414,-78.75,5.56640625,0.0
4415,-75.0,5.56640625,0.0
4416,-71.25,5.56640625,0.0
4417,-67.5,5.56640625,0.0
4418,-63.75,5.56640625,2052211.533244857
4419,-60.0,5.56640625,8208846.132979428
4420,-116.25,5.5775390625,0.0
4421,-120.0,5.5775390625,0.0
4422,-112.5,5.5775390625,0.0
4423,-108.75,5.5775390625,0.0
4424,-105.0,5.5775390625,0.0
4425,-101.25,5.5775390625,0.0
4426,-97.5,5.5775390625,0.0
4427,-93.75,5.5775390625,0.0
4428,-90.0,5.5775390625,0.0
4429,-116.25,5.588671875,0.0
4430,-120.0,5.588671875,0.0
4431,-112.5,5.588671875,0.0
4432,-108.75,5.588671875,0.0
4433,-105.0,5.588671875,0.0
4434,-101.25,5.588671875,0.0
4435,-97.5,5.588671875,0.0
4436,-93.75,5.588671875,0.0
4437,-90.0,5.588671875,0.0
4438,-86.25,5.5775390625,0.0
4439,-82.5,5.5775390625,0.0
4440,-78.75,5.5775390625,0.0
4441,-75.0,5.5775390625,0.0
4442,-71.25,5.5775390625,0.0
4443,-67.5,5.5775390625,0.0
4444,-63.75,5.5775390625,2295078.342796382
4445,-60.0,5.5775390625,9180313.371185528
4446,-86.25,5.588671875,0.0
4447,-82.5,5.588671875,0.0
4448,-78.75,5.588671875,0.0
4449,-75.0,5.588671875,0.0
4450,-71.25,5.588671875,0.0
4451,-67.5,5.588671875,0.0
4452,-63.75,5.588671875,2537945.1523479256
4453,-60.0,5.588671875,10151780.609391702
4454,-116.25,5.599804687500001,0.0
4455,-120.0,5.599804687500001,0.0
4456,-112.5,5.599804687500001,0.0
4457,-108.75,5.599804687500001,0.0
4458,-105.0,5.599804687500001,0.0
4459,-101.25,5.599804687500001,0.0
4460,-97.5,5.599804687500001,0.0
4461,-93.75,5.599804687500001,0.0
4462,-90.0,5.599804687500001,0.0
4463,-116.25,5.6109375,0.0
4464,-120.0,5.6109375,0.0
4465,-112.5,5.6109375,0.0
4466,-108.75,5.6109375,0.0
4467,-105.0,5.6109375,0.0
4468,-101.25,5.6109375,0.0
4469,-97.5,5.6109375,0.0
4470,-93.75,5.6109375,0.0
4471,-90.0,5.6109375,0.0
4472,-86.25,5.599804687500001,0.0
4473,-82.5,5.599804687500001,0.0
4474,-78.75,5.599804687500001,0.0
4475,-75.0,5.599804687500001,0.0
4476,-71.25,5.599804687500001,0.0
4477,-67.5,5.599804687500001,0.0
4478,-63.75,5.599804687500001,2780811.961899469
4479,-60.0,5.599804687500001,11123247.847597877
4480,-86.25,5.6109375,0.0
4481,-82.5,5.6109375,0.0
4482,-78.75,5.6109375,0.0
4483,-75.0,5.6109375,0.0
4484,-71.25,5.6109375,0.0
4485,-67.5,5.6109375,0.0
4486,-63.75,5.6109375,3023678.771450994
4487,-60.0,5.6109375,12094715.085803976
4488,-56.25,5.533007812499999,9265277.732131716
4489,-52.5,5.533007812499999,39443596.81871198
4490,-48.75,5.533007812499999,82725658.79169703
4491,-45.0,5.533007812499999,126007720.76468205
4492,-41.25,5.533007812499999,656975830.4041677
4493,-37.5,5.533007812499999,1187943940.043653
4494,-33.75,5.533007812499999,2016685835.9279795
4495,-30.0,5.533007812499999,3440975304.3019876
4496,-56.25,5.544140625,10965345.398992524
4497,-52.5,5.544140625,39947471.436068535
4498,-48.75,5.544140625,81070943.62046987
4499,-45.0,5.544140625,122194415.80487119
4500,-41.25,5.544140625,654782869.2835621
4501,-37.5,5.544140625,1187371322.762253
4502,-33.75,5.544140625,2018001135.612553
4503,-30.0,5.544140625,3444713667.2060714
4504,-56.25,5.5552734375,12665413.06585333
4505,-52.5,5.5552734375,40451346.05342507
4506,-48.75,5.5552734375,79416228.44924268
4507,-45.0,5.5552734375,118381110.8450603
4508,-41.25,5.5552734375,652589908.1629565
4509,-37.5,5.5552734375,1186798705.4808526
4510,-33.75,5.5552734375,2019316435.2971265
4511,-30.0,5.5552734375,3448452030.1101556
4512,-56.25,5.56640625,14365480.732714001
4513,-52.5,5.56640625,40955220.670781575
4514,-48.75,5.56640625,77761513.27801564
4515,-45.0,5.56640625,114567805.88524972
4516,-41.25,5.56640625,650396947.042351
4517,-37.5,5.56640625,1186226088.1994524
4518,-33.75,5.56640625,2020631734.9816997
4519,-30.0,5.56640625,3452190393.014239
4520,-56.25,5.5775390625,16065548.399574673
4521,-52.5,5.5775390625,41459095.28813808
4522,-48.75,5.5775390625,76106798.10678862
4523,-45.0,5.5775390625,110754500.92543915
4524,-41.25,5.5775390625,648203985.9217457
4525,-37.5,5.5775390625,1185653470.918052
4526,-33.75,5.5775390625,2021947034.666273
4527,-30.0,5.5775390625,3455928755.9183235
4528,-56.25,5.588671875,17765616.06643548
4529,-52.5,5.588671875,41962969.90549463
4530,-48.75,5.588671875,74452082.93556146
4531,-45.0,5.588671875,106941195.9656283
4532,-41.25,5.588671875,646011024.8011401
4533,-37.5,5.588671875,1185080853.636652
4534,-33.75,5.588671875,2023262334.3508468
4535,-30.0,5.588671875,3459667118.8224077
4536,-56.25,5.599804687500001,19465683.733296286
4537,-52.5,5.599804687500001,42466844.52285117
4538,-48.75,5.599804687500001,72797367.76433429
4539,-45.0,5.599804687500001,103127891.00581741
4540,-41.25,5.599804687500001,643818063.6805346
4541,-37.5,5.599804687500001,1184508236.3552518
4542,-33.75,5.599804687500001,2024577634.0354202
4543,-30.0,5.599804687500001,3463405481.726492
4544,-56.25,5.6109375,21165751.40015696
4545,-52.5,5.6109375,42970719.14020767
4546,-48.75,5.6109375,71142652.59310725
4547,-45.0,5.6109375,99314586.04600683
4548,-41.25,5.6109375,641625102.5599291
4549,-37.5,5.6109375,1183935619.0738516
4550,-33.75,5.6109375,2025892933.7199934
4551,-30.0,5.6109375,3467143844.630575
4552,-26.25,5.533007812499999,4865264772.675995
4553,-22.5,5.533007812499999,6623009488.554082
4554,-18.75,5.533007812499999,8547481828.184208
4555,-15.0,5.533007812499999,10471954167.814333
4556,-26.25,5.544140625,4871426198.79959
4557,-22.5,5.544140625,6639899543.305747
4558,-18.75,5.544140625,8579253294.268225
4559,-15.0,5.544140625,10518607045.230701
4560,-26.25,5.5552734375,4877587624.923185
4561,-22.5,5.5552734375,6656789598.057413
4562,-18.75,5.5552734375,8611024760.352242
4563,-15.0,5.5552734375,10565259922.64707
4564,-26.25,5.56640625,4883749051.04678
4565,-22.5,5.56640625,6673679652.809077
4566,-18.75,5.56640625,8642796226.436256
4567,-15.0,5.56640625,10611912800.063435
4568,-26.25,5.5775390625,4889910477.170374
4569,-22.5,5.5775390625,6690569707.560741
4570,-18.75,5.5775390625,8674567692.520271
4571,-15.0,5.5775390625,10658565677.479801
4572,-26.25,5.588671875,4896071903.293968
4573,-22.5,5.588671875,6707459762.312408
4574,-18.75,5.588671875,8706339158.604288
4575,-15.0,5.588671875,10705218554.896168
4576,-26.25,5.599804687500001,4902233329.4175625
4577,-22.5,5.599804687500001,6724349817.0640745
4578,-18.75,5.599804687500001,8738110624.688305
4579,-15.0,5.599804687500001,10751871432.312536
4580,-26.25,5.6109375,4908394755.541158
4581,-22.5,5.6109375,6741239871.815739
4582,-18.75,5.6109375,8769882090.77232
4583,-15.0,5.6109375,10798524309.7289
4584,-11.25,5.533007812499999,25784987248.477768
4585,-7.5,5.533007812499999,41098020329.141205
4586,-11.25,5.544140625,25841696387.39692
4587,-7.5,5.544140625,41164785729.56314
4588,-3.75,5.533007812499999,51248598722.474174
4589,0.0,5.533007812499999,51074267741.14624
4590,-3.75,5.544140625,51325671352.15825
4591,0.0,5.544140625,51162149535.611145
4592,-11.25,5.5552734375,25898405526.316063
4593,-7.5,5.5552734375,41231551129.98506
4594,-11.25,5.56640625,25955114665.23521
4595,-7.5,5.56640625,41298316530.40699
4596,-3.75,5.5552734375,51402743981.84231
4597,0.0,5.5552734375,51250031330.07604
4598,-3.75,5.56640625,51479816611.52636
4599,0.0,5.56640625,51337913124.540924
4600,-11.25,5.5775390625,26011823804.154354
4601,-7.5,5.5775390625,41365081930.82891
4602,-11.25,5.588671875,26068532943.0735
4603,-7.5,5.588671875,41431847331.25084
4604,-3.75,5.5775390625,51556889241.21041
4605,0.0,5.5775390625,51425794919.00582
4606,-3.75,5.588671875,51633961870.89448
4607,0.0,5.588671875,51513676713.47072
4608,-11.25,5.599804687500001,26125242081.99265
4609,-7.5,5.599804687500001,41498612731.67276
4610,-11.25,5.6109375,26181951220.911797
4611,-7.5,5.6109375,41565378132.09468
4612,-3.75,5.599804687500001,51711034500.57853
4613,0.0,5.599804687500001,51601558507.935616
4614,-3.75,5.6109375,51788107130.26259
4615,0.0,5.6109375,51689440302.40051
4616,-116.25,5.6220703125,0.0
4617,-120.0,5.6220703125,0.0
4618,-112.5,5.6220703125,0.0
4619,-108.75,5.6220703125,0.0
4620,-105.0,5.6220703125,0.0
4621,-101.25,5.6220703125,0.0
4622,-97.5,5.6220703125,0.0
4623,-93.75,5.6220703125,0.0
4624,-90.0,5.6220703125,0.0
4625,-116.25,5.633203125000001,0.0
4626,-120.0,5.633203125000001,0.0
4627,-112.5,5.633203125000001,0.0
4628,-108.75,5.633203125000001,0.0
4629,-105.0,5.633203125000001,0.0
4630,-101.25,5.633203125000001,0.0
4631,-97.5,5.633203125000001,0.0
4632,-93.75,5.633203125000001,0.0
4633,-90.0,5.633203125000001,0.0
4634,-86.25,5.6220703125,0.0
4635,-82.5,5.6220703125,0.0
4636,-78.75,5.6220703125,0.0
4637,-75.0,5.6220703125,0.0
4638,-71.25,5.6220703125,0.0
4639,-67.5,5.6220703125,0.0
4640,-63.75,5.6220703125,3266545.581002518
4641,-60.0,5.6220703125,13066182.324010072
4642,-86.25,5.633203125000001,0.0
4643,-82.5,5.633203125000001,0.0
4644,-78.75,5.633203125000001,0.0
4645,-75.0,5.633203125000001,0.0
4646,-71.25,5.633203125000001,0.0
4647,-67.5,5.633203125000001,0.0
4648,-63.75,5.633203125000001,3509412.3905540816
4649,-60.0,5.633203125000001,14037649.562216327
4650,-116.25,5.644335937500001,0.0
4651,-120.0,5.644335937500001,0.0
4652,-112.5,5.644335937500001,0.0
4653,-108.75,5.644335937500001,0.0
4654,-105.0,5.644335937500001,0.0
4655,-101.25,5.644335937500001,0.0
4656,-97.5,5.644335937500001,0.0
4657,-93.75,5.644335937500001,0.0
4658,-90.0,5.644335937500001,0.0
4659,-116.25,5.655468750000001,0.0
4660,-120.0,5.655468750000001,0.0
4661,-112.5,5.655468750000001,0.0
4662,-108.75,5.655468750000001,0.0
4663,-105.0,5.655468750000001,0.0
4664,-101.25,5.655468750000001,0.0
4665,-97.5,5.655468750000001,0.0
4666,-93.75,5.655468750000001,0.0
4667,-90.0,5.655468750000001,0.0
4668,-86.25,5.644335937500001,0.0
4669,-82.5,5.644335937500001,0.0
4670,-78.75,5.644335937500001,0.0
4671,-75.0,5.644335937500001,0.0
4672,-71.25,5.644335937500001,0.0
4673,-67.5,5.644335937500001,0.0
4674,-63.75,5.644335937500001,3752279.2001056056
4675,-60.0,5.644335937500001,15009116.800422423
4676,-86.25,5.655468750000001,0.0
4677,-82.5,5.655468750000001,0.0
4678,-78.75,5.655468750000001,0.0
4679,-75.0,5.655468750000001,0.0
4680,-71.25,5.655468750000001,0.0
4681,-67.5,5.655468750000001,0.0
4682,-63.75,5.655468750000001,3995146.0096571306
4683,-60.0,5.655468750000001,15980584.038628522
4684,-56.25,5.6220703125,22865819.06701763
4685,-52.5,5.6220703125,43474593.75756418
4686,-48.75,5.6220703125,69487937.42188023
4687,-45.0,5.6220703125,95501281.08619627
4688,-41.25,5.6220703125,639432141.4393237
4689,-37.5,5.6220703125,1183363001.7924511
4690,-33.75,5.6220703125,2027208233.404567
4691,-30.0,5.6220703125,3470882207.5346594
4692,-56.25,5.633203125000001,24565886.733878575
4693,-52.5,5.633203125000001,43978468.37492076
4694,-48.75,5.633203125000001,67833222.25065292
4695,-45.0,5.633203125000001,91687976.1263851
4696,-41.25,5.633203125000001,637239180.318718
4697,-37.5,5.633203125000001,1182790384.511051
4698,-33.75,5.633203125000001,2028523533.0891407
4699,-30.0,5.633203125000001,3474620570.438744
4700,-56.25,5.644335937500001,26265954.400739245
4701,-52.5,5.644335937500001,44482342.992277265
4702,-48.75,5.644335937500001,66178507.079425886
4703,-45.0,5.644335937500001,87874671.16657452
4704,-41.25,5.644335937500001,635046219.1981125
4705,-37.5,5.644335937500001,1182217767.2296505
4706,-33.75,5.644335937500001,2029838832.773714
4707,-30.0,5.644335937500001,3478358933.342828
4708,-56.25,5.655468750000001,27966022.067599915
4709,-52.5,5.655468750000001,44986217.60963377
4710,-48.75,5.655468750000001,64523791.90819886
4711,-45.0,5.655468750000001,84061366.20676394
4712,-41.25,5.655468750000001,632853258.0775073
4713,-37.5,5.655468750000001,1181645149.9482503
4714,-33.75,5.655468750000001,2031154132.4582875
4715,-30.0,5.655468750000001,3482097296.246912
4716,-26.25,5.6220703125,4914556181.664753
4717,-22.5,5.6220703125,6758129926.567403
4718,-18.75,5.6220703125,8801653556.856335
4719,-15.0,5.6220703125,10845177187.145266
4720,-26.25,5.633203125000001,4920717607.788348
4721,-22.5,5.633203125000001,6775019981.319071
4722,-18.75,5.633203125000001,8833425022.940355
4723,-15.0,5.633203125000001,10891830064.561638
4724,-26.25,5.644335937500001,4926879033.911942
4725,-22.5,5.644335937500001,6791910036.070736
4726,-18.75,5.644335937500001,8865196489.024368
4727,-15.0,5.644335937500001,10938482941.978003
4728,-26.25,5.655468750000001,4933040460.035536
4729,-22.5,5.655468750000001,6808800090.822401
4730,-18.75,5.655468750000001,8896967955.108383
4731,-15.0,5.655468750000001,10985135819.394367
4732,-11.25,5.6220703125,26238660359.830936
4733,-7.5,5.6220703125,41632143532.51661
4734,-11.25,5.633203125000001,26295369498.75009
4735,-7.5,5.633203125000001,41698908932.93854
4736,-3.75,5.6220703125,51865179759.94665
4737,0.0,5.6220703125,51777322096.8654
4738,-3.75,5.633203125000001,51942252389.630714
4739,0.0,5.633203125000001,51865203891.33031
4740,-11.25,5.644335937500001,26352078637.669235
4741,-7.5,5.644335937500001,41765674333.36047
4742,-11.25,5.655468750000001,26408787776.58838
4743,-7.5,5.655468750000001,41832439733.782394
4744,-3.75,5.644335937500001,52019325019.314766
4745,0.0,5.644335937500001,51953085685.7952
4746,-3.75,5.655468750000001,52096397648.998825
4747,0.0,5.655468750000001,52040967480.260086
4748,-116.25,5.6666015625,0.0
4749,-120.0,5.6666015625,0.0
4750,-112.5,5.6666015625,0.0
4751,-108.75,5.6666015625,0.0
4752,-105.0,5.6666015625,0.0
4753,-101.25,5.6666015625,0.0
4754,-97.5,5.6666015625,0.0
4755,-93.75,5.6666015625,0.0
4756,-90.0,5.6666015625,0.0
4757,-116.25,5.677734375,0.0
4758,-120.0,5.677734375,0.0
4759,-112.5,5.677734375,0.0
4760,-108.75,5.677734375,0.0
4761,-105.0,5.677734375,0.0
4762,-101.25,5.677734375,0.0
4763,-97.5,5.677734375,0.0
4764,-93.75,5.677734375,0.0
4765,-90.0,5.677734375,0.0
4766,-86.25,5.6666015625,0.0
4767,-82.5,5.6666015625,0.0
4768,-78.75,5.6666015625,0.0
4769,-75.0,5.6666015625,0.0
4770,-71.25,5.6666015625,0.0
4771,-67.5,5.6666015625,0.0
4772,-63.75,5.6666015625,4238012.8192086555
4773,-60.0,5.6666015625,16952051.276834622
4774,-86.25,5.677734375,0.0
4775,-82.5,5.677734375,0.0
4776,-78.75,5.677734375,0.0
4777,-75.0,5.677734375,0.0
4778,-71.25,5.677734375,0.0
4779,-67.5,5.677734375,0.0
4780,-63.75,5.677734375,4480879.6287601795
4781,-60.0,5.677734375,17923518.515040718
4782,-56.25,5.6666015625,29666089.734460585
4783,-52.5,5.6666015625,45490092.226990275
4784,-48.75,5.6666015625,62869076.73697183
4785,-45.0,5.6666015625,80248061.24695338
4786,-41.25,5.6666015625,630660296.9569018
4787,-37.5,5.6666015625,1181072532.66685
4788,-33.75,5.6666015625,2032469432.142861
4789,-30.0,5.6666015625,3485835659.1509957
4790,-56.25,5.677734375,31366157.40132126
4791,-52.5,5.677734375,45993966.84434678
4792,-48.75,5.677734375,61214361.565744795
4793,-45.0,5.677734375,76434756.2871428
4794,-41.25,5.677734375,628467335.8362964
4795,-37.5,5.677734375,1180499915.38545
4796,-33.75,5.677734375,2033784731.827434
4797,-30.0,5.677734375,3489574022.0550795
4798,-26.25,5.6666015625,4939201886.159131
4799,-22.5,5.6666015625,6825690145.574065
4800,-18.75,5.6666015625,8928739421.192398
4801,-15.0,5.6666015625,11031788696.810732
4802,-26.25,5.677734375,4945363312.282724
4803,-22.5,5.677734375,6842580200.325729
4804,-18.75,5.677734375,8960510887.276413
4805,-15.0,5.677734375,11078441574.227097
4806,-11.25,5.6666015625,26465496915.507523
4807,-7.5,5.6666015625,41899205134.204315
4808,-11.25,5.677734375,26522206054.426666
4809,-7.5,5.677734375,41965970534.626236
4810,-3.75,5.6666015625,52173470278.68288
4811,0.0,5.6666015625,52128849274.724976
4812,-3.75,5.677734375,52250542908.366936
4813,0.0,5.677734375,52216731069.189865
4814,-116.25,5.6888671875,0.0
4815,-120.0,5.6888671875,0.0
4816,-112.5,5.6888671875,0.0
4817,-108.75,5.6888671875,0.0
4818,-105.0,5.6888671875,0.0
4819,-101.25,5.6888671875,0.0
4820,-97.5,5.6888671875,0.0
4821,-93.75,5.6888671875,0.0
4822,-90.0,5.6888671875,0.0
4823,-116.25,5.7,0.0
4824,-112.5,5.7,0.0
4825,-108.75,5.7,0.0
4826,-105.0,5.7,0.0
4827,-101.25,5.7,0.0
4828,-97.5,5.7,0.0
4829,-93.75,5.7,0.0
4830,-90.0,5.7,0.0
4831,-86.25,5.6888671875,0.0
4832,-82.5,5.6888671875,0.0
4833,-78.75,5.6888671875,0.0
4834,-75.0,5.6888671875,0.0
4835,-71.25,5.6888671875,0.0
4836,-67.5,5.6888671875,0.0
4837,-63.75,5.6888671875,4723746.4383117035
4838,-60.0,5.6888671875,18894985.753246814
4839,-86.25,5.7,0.0
4840,-82.5,5.7,0.0
4841,-78.75,5.7,0.0
4842,-75.0,5.7,0.0
4843,-71.25,5.7,0.0
4844,-67.5,5.7,0.0
4845,-63.75,5.7,4966613.247863248
4846,-60.0,5.7,19866452.991452992
4847,-56.25,5.6888671875,33066225.06818193
4848,-52.5,5.6888671875,46497841.46170328
4849,-48.75,5.6888671875,59559646.394517764
4850,-45.0,5.6888671875,72621451.32733224
4851,-41.25,5.6888671875,626274374.715691
4852,-37.5,5.6888671875,1179927298.1040497
4853,-33.75,5.6888671875,2035100031.5120072
4854,-30.0,5.6888671875,3493312384.959163
4855,-56.25,5.7,34766292.735042736
4856,-52.5,5.7,47001716.079059824
4857,-48.75,5.7,57904931.22329059
4858,-45.0,5.7,68808146.36752136
4859,-41.25,5.7,624081413.5950854
4860,-37.5,5.7,1179354680.8226495
4861,-33.75,5.7,2036415331.196581
4862,-30.0,5.7,3497050747.8632474
4863,-26.25,5.6888671875,4951524738.40632
4864,-22.5,5.6888671875,6859470255.077394
4865,-18.75,5.6888671875,8992282353.360428
4866,-15.0,5.6888671875,11125094451.643461
4867,-26.25,5.7,4957686164.529914
4868,-22.5,5.7,6876360309.82906
4869,-18.75,5.7,9024053819.444445
4870,-15.0,5.7,11171747329.05983
4871,-11.25,5.6888671875,26578915193.34581
4872,-7.5,5.6888671875,42032735935.04816
4873,-11.25,5.7,26635624332.264954
4874,-7.5,5.7,42099501335.47008
4875,-3.75,5.6888671875,52327615538.05098
4876,0.0,5.6888671875,52304612863.654755
4877,-3.75,5.7,52404688167.73504
4878,0.0,5.7,52392494658.11966
4879,3.75,0.0111328125,0.0
4880,3.75,-0.0,0.0
4881,3.75,0.022265625,0.0
4882,7.5,0.0111328125,0.0
4883,7.5,-0.0,0.0
4884,7.5,0.022265625,0.0
4885,3.75,0.0333984375,0.0
4886,3.75,0.04453125,0.0
4887,7.5,0.0333984375,0.0
4888,7.5,0.04453125,0.0
4889,3.75,0.0556640625,0.0
4890,3.75,0.066796875,0.0
4891,7.5,0.0556640625,0.0
4892,7.5,0.066796875,0.0
4893,3.75,0.07792968750000001,0.0
4894,7.5,0.07792968750000001,0.0
4895,3.75,0.0890625,0.0
4896,7.5,0.0890625,0.0
4897,3.75,0.09462890625,0.0
4898,3.75,0.1001953125,45637429556.39831
4899,7.5,0.09462890625,0.0
4900,7.5,0.1001953125,37865853486.607216
4901,3.75,0.10576171875,45407113620.48092
4902,3.75,0.111328125,45176797684.56353
4903,7.5,0.10576171875,37635299249.14368
4904,7.5,0.111328125,37404745011.680145
4905,3.75,0.11689453125,44946481748.64614
4906,3.75,0.1224609375,44716165812.72875
4907,7.5,0.11689453125,37174190774.21661
4908,7.5,0.1224609375,36943636536.753075
4909,3.75,0.12802734375,44485849876.81137
4910,3.75,0.13359375,44255533940.893974
4911,7.5,0.12802734375,36713082299.28954
4912,7.5,0.13359375,36482528061.82601
4913,3.75,0.13916015625,44025218004.97658
4914,3.75,0.1447265625,43794902069.05919
4915,7.5,0.13916015625,36251973824.36247
4916,7.5,0.1447265625,36021419586.89893
4917,3.75,0.15029296875,43564586133.1418
4918,3.75,0.155859375,43334270197.22441
4919,7.5,0.15029296875,35790865349.4354
4920,7.5,0.155859375,35560311111.971855
4921,3.75,0.16142578125,43103954261.30702
4922,3.75,0.1669921875,42873638325.38963
4923,7.5,0.16142578125,35329756874.50833
4924,7.5,0.1669921875,35099202637.04479
4925,3.75,0.17255859375,42643322389.472244
4926,3.75,0.178125,42413006453.554855
4927,7.5,0.17255859375,34868648399.58125
4928,7.5,0.178125,34638094162.11772
4929,3.75,0.18369140625,42182690517.63747
4930,3.75,0.1892578125,41952374581.72008
4931,7.5,0.18369140625,34407539924.65418
4932,7.5,0.1892578125,34176985687.190655
4933,3.75,0.19482421875,41722058645.80268
4934,3.75,0.2,41507905231.704056
4935,3.75,0.200390625,41491742709.88529
4936,7.5,0.19482421875,33946431449.727116
4937,7.5,0.2,33732056456.997864
4938,7.5,0.200390625,33715877212.263584
4939,3.75,0.20595703125,41261426773.96791
4940,3.75,0.2115234375,41031110838.05052
4941,7.5,0.20595703125,33485322974.80005
4942,7.5,0.2115234375,33254768737.33651
4943,3.75,0.21708984375,40800794902.133125
4944,3.75,0.22265625,40570478966.215744
4945,7.5,0.21708984375,33024214499.872974
4946,7.5,0.22265625,32793660262.409435
4947,3.75,0.22822265625,40340163030.29835
4948,3.75,0.2337890625,40109847094.38095
4949,7.5,0.22822265625,32563106024.945904
4950,7.5,0.2337890625,32332551787.48237
4951,3.75,0.23935546875,39879531158.46357
4952,3.75,0.244921875,39649215222.54617
4953,7.5,0.23935546875,32101997550.018833
4954,7.5,0.244921875,31871443312.555298
4955,3.75,0.25048828125,39418899286.62879
4956,3.75,0.2560546875,39188583350.7114
4957,7.5,0.25048828125,31640889075.091763
4958,7.5,0.2560546875,31410334837.628227
4959,3.75,0.26162109375,38958267414.79401
4960,3.75,0.2671875,38727951478.87662
4961,7.5,0.26162109375,31179780600.16469
4962,7.5,0.2671875,30949226362.701157
4963,3.75,0.27275390625,38497635542.95923
4964,3.75,0.2783203125,38267319607.04184
4965,7.5,0.27275390625,30718672125.237617
4966,7.5,0.2783203125,30488117887.774082
4967,3.75,0.28388671875,38037003671.12445
4968,3.75,0.289453125,37806687735.20706
4969,7.5,0.28388671875,30257563650.310547
4970,7.5,0.289453125,30027009412.847015
4971,3.75,0.29501953125,37576371799.28967
4972,3.75,0.3005859375000001,37369589340.66642
4973,7.5,0.29501953125,29796455175.38348
4974,7.5,0.3005859375000001,29588587552.910175
4975,3.75,0.31171875,37356093537.42029
4976,7.5,0.31171875,29558524762.797558
4977,3.75,0.333984375,37329101930.928024
4978,7.5,0.333984375,29498399182.572327
4979,3.75,0.35625,37302110324.43576
4980,7.5,0.35625,29438273602.347088
4981,3.75,0.40078125,37248127111.45124
4982,7.5,0.40078125,29318022441.896618
4983,3.75,0.4453125,37194143898.46671
4984,7.5,0.4453125,29197771281.446148
4985,3.75,0.534375,37072436430.05893
4986,7.5,0.534375,29034062873.514286
4987,3.75,0.7125,36907224083.53365
4988,7.5,0.7125,29033607964.409725
4989,3.75,1.06875,38059145620.49278
4990,7.5,1.06875,29681727024.28051
4991,3.75,1.425,40110420376.7695
4992,7.5,1.425,31658157944.37767
4993,3.75,1.78125,40296843803.21014
4994,3.75,2.1375,40911638229.500534
4995,7.5,1.78125,31724283241.72843
4996,7.5,2.1375,32275917078.57572
4997,3.75,2.49375,41975240347.05528
4998,3.75,2.85,44271665748.53098
4999,7.5,2.49375,33290944921.874996
5000,7.5,2.85,35254493374.39905
5001,11.25,0.0111328125,0.0
5002,11.25,-0.0,0.0
5003,11.25,0.022265625,0.0
5004,15.0,0.0111328125,0.0
5005,15.0,-0.0,0.0
5006,15.0,0.022265625,0.0
5007,11.25,0.0333984375,0.0
5008,11.25,0.04453125,0.0
5009,15.0,0.0333984375,0.0
5010,15.0,0.04453125,0.0
5011,11.25,0.0556640625,0.0
5012,11.25,0.066796875,0.0
5013,15.0,0.0556640625,0.0
5014,15.0,0.066796875,0.0
5015,11.25,0.07792968750000001,0.0
5016,15.0,0.07792968750000001,0.0
5017,11.25,0.0890625,0.0
5018,15.0,0.0890625,0.0
5019,11.25,0.09462890625,0.0
5020,11.25,0.1001953125,20851423096.71386
5021,15.0,0.09462890625,0.0
5022,15.0,0.1001953125,3836992706.820496
5023,11.25,0.10576171875,20742607554.98185
5024,11.25,0.111328125,20633792013.249844
5025,15.0,0.10576171875,3849915860.82002
5026,15.0,0.111328125,3862839014.8195443
5027,11.25,0.11689453125,20524976471.51784
5028,11.25,0.1224609375,20416160929.785835
5029,15.0,0.11689453125,3875762168.819069
5030,15.0,0.1224609375,3888685322.818593
5031,11.25,0.12802734375,20307345388.053825
5032,11.25,0.13359375,20198529846.321827
5033,15.0,0.12802734375,3901608476.818117
5034,15.0,0.13359375,3914531630.8176413
5035,11.25,0.13916015625,20089714304.58982
5036,11.25,0.1447265625,19980898762.85781
5037,15.0,0.13916015625,3927454784.817166
5038,15.0,0.1447265625,3940377938.8166895
5039,11.25,0.15029296875,19872083221.12581
5040,11.25,0.155859375,19763267679.3938
5041,15.0,0.15029296875,3953301092.8162136
5042,15.0,0.155859375,3966224246.815738
5043,11.25,0.16142578125,19654452137.661797
5044,11.25,0.1669921875,19545636595.92979
5045,15.0,0.16142578125,3979147400.815263
5046,15.0,0.1669921875,3992070554.814787
5047,11.25,0.17255859375,19436821054.19778
5048,11.25,0.178125,19328005512.46578
5049,15.0,0.17255859375,4004993708.814311
5050,15.0,0.178125,4017916862.813835
5051,11.25,0.18369140625,19219189970.733772
5052,11.25,0.1892578125,19110374429.00177
5053,15.0,0.18369140625,4030840016.8133593
5054,15.0,0.1892578125,4043763170.812884
5055,11.25,0.19482421875,19001558887.26976
5056,11.25,0.2,18900379523.904915
5057,11.25,0.200390625,18892743345.537758
5058,15.0,0.19482421875,4056686324.812408
5059,15.0,0.2,4068702590.8119655
5060,15.0,0.200390625,4069609478.811932
5061,11.25,0.20595703125,18783927803.80575
5062,11.25,0.2115234375,18675112262.073746
5063,15.0,0.20595703125,4082532632.8114567
5064,15.0,0.2115234375,4095455786.810981
5065,11.25,0.21708984375,18566296720.34174
5066,11.25,0.22265625,18457481178.609734
5067,15.0,0.21708984375,4108378940.810505
5068,15.0,0.22265625,4121302094.810029
5069,11.25,0.22822265625,18348665636.87773
5070,11.25,0.2337890625,18239850095.14572
5071,15.0,0.22822265625,4134225248.809553
5072,15.0,0.2337890625,4147148402.8090773
5073,11.25,0.23935546875,18131034553.413715
5074,11.25,0.244921875,18022219011.681713
5075,15.0,0.23935546875,4160071556.8086014
5076,15.0,0.244921875,4172994710.808126
5077,11.25,0.25048828125,17913403469.949707
5078,11.25,0.2560546875,17804587928.2177
5079,15.0,0.25048828125,4185917864.80765
5080,15.0,0.2560546875,4198841018.807174
5081,11.25,0.26162109375,17695772386.485695
5082,11.25,0.2671875,17586956844.75369
5083,15.0,0.26162109375,4211764172.806699
5084,15.0,0.2671875,4224687326.806223
5085,11.25,0.27275390625,17478141303.021683
5086,11.25,0.2783203125,17369325761.289677
5087,15.0,0.27275390625,4237610480.805747
5088,15.0,0.2783203125,4250533634.805271
5089,11.25,0.28388671875,17260510219.55767
5090,11.25,0.289453125,17151694677.825666
5091,15.0,0.28388671875,4263456788.8047953
5092,15.0,0.289453125,4276379942.8043194
5093,11.25,0.29501953125,17042879136.093662
5094,11.25,0.3005859375000001,16945000934.731247
5095,15.0,0.29501953125,4289303096.803844
5096,15.0,0.3005859375000001,4301414316.552317
5097,11.25,0.31171875,16935179318.28947
5098,15.0,0.31171875,4311833873.781383
5099,11.25,0.333984375,16915536085.405922
5100,15.0,0.333984375,4332672988.239516
5101,11.25,0.35625,16895892852.52237
5102,15.0,0.35625,4353512102.697649
5103,11.25,0.40078125,16856606386.755266
5104,15.0,0.40078125,4395190331.613915
5105,11.25,0.4453125,16817319920.988163
5106,15.0,0.4453125,4436868560.530181
5107,11.25,0.534375,16794820307.283318
5108,15.0,0.534375,4555577741.05235
5109,11.25,0.7125,16975634268.997063
5110,15.0,0.7125,4917660573.584401
5111,11.25,1.06875,17527055491.39039
5112,15.0,1.06875,5372383958.500267
5113,11.25,1.425,18709353695.078793
5114,15.0,1.425,5760549445.779915
5115,11.25,1.78125,18993204198.07108
5116,11.25,2.1375,19653506488.50661
5117,15.0,1.78125,6262125154.413729
5118,15.0,2.1375,7031095898.4375
5119,11.25,2.49375,20362152694.310898
5120,11.25,2.85,21637245054.58734
5121,15.0,2.49375,7433360466.746796
5122,15.0,2.85,8019996734.775641
5123,18.75,0.0111328125,0.0
5124,18.75,-0.0,0.0
5125,18.75,0.022265625,0.0
5126,22.5,0.0111328125,0.0
5127,22.5,-0.0,0.0
5128,22.5,0.022265625,0.0
5129,18.75,0.0333984375,0.0
5130,18.75,0.04453125,0.0
5131,22.5,0.0333984375,0.0
5132,22.5,0.04453125,0.0
5133,18.75,0.0556640625,0.0
5134,18.75,0.066796875,0.0
5135,22.5,0.0556640625,0.0
5136,22.5,0.066796875,0.0
5137,18.75,0.07792968750000001,0.0
5138,22.5,0.07792968750000001,0.0
5139,18.75,0.0890625,0.0
5140,22.5,0.0890625,0.0
5141,18.75,0.09462890625,0.0
5142,18.75,0.1001953125,3070388390.4025083
5143,22.5,0.09462890625,0.0
5144,22.5,0.1001953125,2303784073.984521
5145,18.75,0.10576171875,3084848742.835542
5146,18.75,0.111328125,3099309095.268576
5147,22.5,0.10576171875,2319781624.8510637
5148,22.5,0.111328125,2335779175.717606
5149,18.75,0.11689453125,3113769447.7016087
5150,18.75,0.1224609375,3128229800.1346426
5151,22.5,0.11689453125,2351776726.58415
5152,22.5,0.1224609375,2367774277.450692
5153,18.75,0.12802734375,3142690152.567676
5154,18.75,0.13359375,3157150505.0007095
5155,22.5,0.12802734375,2383771828.3172345
5156,22.5,0.13359375,2399769379.183778
5157,18.75,0.13916015625,3171610857.4337425
5158,18.75,0.1447265625,3186071209.8667765
5159,22.5,0.13916015625,2415766930.05032
5160,22.5,0.1447265625,2431764480.9168625
5161,18.75,0.15029296875,3200531562.29981
5162,18.75,0.155859375,3214991914.732843
5163,22.5,0.15029296875,2447762031.7834053
5164,22.5,0.155859375,2463759582.649948
5165,18.75,0.16142578125,3229452267.1658773
5166,18.75,0.1669921875,3243912619.5989103
5167,22.5,0.16142578125,2479757133.5164914
5168,22.5,0.1669921875,2495754684.3830338
5169,18.75,0.17255859375,3258372972.0319433
5170,18.75,0.178125,3272833324.4649773
5171,22.5,0.17255859375,2511752235.249576
5172,22.5,0.178125,2527749786.1161194
5173,18.75,0.18369140625,3287293676.8980107
5174,18.75,0.1892578125,3301754029.331044
5175,22.5,0.18369140625,2543747336.9826617
5176,22.5,0.1892578125,2559744887.8492045
5177,18.75,0.19482421875,3316214381.7640777
5178,18.75,0.2,3329659972.6228633
5179,18.75,0.200390625,3330674734.197111
5180,22.5,0.19482421875,2575742438.7157474
5181,22.5,0.2,2590617354.4337606
5182,22.5,0.200390625,2591739989.58229
5183,18.75,0.20595703125,3345135086.6301446
5184,18.75,0.2115234375,3359595439.063178
5185,22.5,0.20595703125,2607737540.4488325
5186,22.5,0.2115234375,2623735091.3153753
5187,18.75,0.21708984375,3374055791.4962115
5188,18.75,0.22265625,3388516143.929245
5189,22.5,0.21708984375,2639732642.181918
5190,22.5,0.22265625,2655730193.048461
5191,18.75,0.22822265625,3402976496.3622785
5192,18.75,0.2337890625,3417436848.795312
5193,22.5,0.22822265625,2671727743.915004
5194,22.5,0.2337890625,2687725294.781546
5195,18.75,0.23935546875,3431897201.228345
5196,18.75,0.244921875,3446357553.661379
5197,22.5,0.23935546875,2703722845.648089
5198,22.5,0.244921875,2719720396.5146317
5199,18.75,0.25048828125,3460817906.094412
5200,18.75,0.2560546875,3475278258.527446
5201,22.5,0.25048828125,2735717947.381174
5202,22.5,0.2560546875,2751715498.247717
5203,18.75,0.26162109375,3489738610.960479
5204,18.75,0.2671875,3504198963.3935127
5205,22.5,0.26162109375,2767713049.1142597
5206,22.5,0.2671875,2783710599.9808025
5207,18.75,0.27275390625,3518659315.826546
5208,18.75,0.2783203125,3533119668.2595797
5209,22.5,0.27275390625,2799708150.8473454
5210,22.5,0.2783203125,2815705701.713888
5211,18.75,0.28388671875,3547580020.6926126
5212,18.75,0.289453125,3562040373.125646
5213,22.5,0.28388671875,2831703252.5804305
5214,22.5,0.289453125,2847700803.446973
5215,18.75,0.29501953125,3576500725.5586805
5216,18.75,0.3005859375000001,3589582699.343689
5217,22.5,0.29501953125,2863698354.313516
5218,22.5,0.3005859375000001,2877751082.1350617
5219,18.75,0.31171875,3592314209.8972936
5220,22.5,0.31171875,2872794546.013204
5221,18.75,0.333984375,3597777231.004503
5222,22.5,0.333984375,2862881473.7694893
5223,18.75,0.35625,3603240252.1117115
5224,22.5,0.35625,2852968401.5257745
5225,18.75,0.40078125,3614166294.32613
5226,22.5,0.40078125,2833142257.0383444
5227,18.75,0.4453125,3625092336.540548
5228,22.5,0.4453125,2813316112.550915
5229,18.75,0.534375,3708004833.7757077
5230,22.5,0.534375,2860431926.499065
5231,18.75,0.7125,4075010971.7214203
5232,22.5,0.7125,3232361369.85844
5233,18.75,1.06875,4384717012.323884
5234,22.5,1.06875,3397050066.147503
5235,18.75,1.425,4666534133.780716
5236,22.5,1.425,3572518821.781517
5237,18.75,1.78125,5161694867.517195
5238,18.75,2.1375,5674796464.968949
5239,22.5,1.78125,4061264580.62066
5240,22.5,2.1375,4318497031.5004015
5241,18.75,2.49375,6193509918.995394
5242,18.75,2.85,6412032239.082533
5243,22.5,2.49375,4953659371.24399
5244,22.5,2.85,4804067743.389423
5245,26.25,0.0111328125,0.0
5246,26.25,-0.0,0.0
5247,26.25,0.022265625,0.0
5248,30.0,0.0111328125,0.0
5249,30.0,-0.0,0.0
5250,30.0,0.022265625,0.0
5251,26.25,0.0333984375,0.0
5252,26.25,0.04453125,0.0
5253,30.0,0.0333984375,0.0
5254,30.0,0.04453125,0.0
5255,26.25,0.0556640625,0.0
5256,26.25,0.066796875,0.0
5257,30.0,0.0556640625,0.0
5258,30.0,0.066796875,0.0
5259,26.25,0.07792968750000001,0.0
5260,30.0,0.07792968750000001,0.0
5261,26.25,0.0890625,0.0
5262,30.0,0.0890625,0.0
5263,26.25,0.09462890625,0.0
5264,26.25,0.1001953125,1629158791.1426513
5265,30.0,0.09462890625,0.0
5266,30.0,0.1001953125,1138491575.4530165
5267,26.25,0.10576171875,1644169164.429363
5268,26.25,0.111328125,1659179537.716075
5269,30.0,0.10576171875,1147466019.133217
5270,30.0,0.111328125,1156440462.8134181
5271,26.25,0.11689453125,1674189911.0027869
5272,26.25,0.1224609375,1689200284.2894988
5273,30.0,0.11689453125,1165414906.493619
5274,30.0,0.1224609375,1174389350.17382
5275,26.25,0.12802734375,1704210657.5762105
5276,26.25,0.13359375,1719221030.8629227
5277,30.0,0.12802734375,1183363793.8540206
5278,30.0,0.13359375,1192338237.5342216
5279,26.25,0.13916015625,1734231404.1496344
5280,26.25,0.1447265625,1749241777.436346
5281,30.0,0.13916015625,1201312681.2144222
5282,30.0,0.1447265625,1210287124.894623
5283,26.25,0.15029296875,1764252150.723058
5284,26.25,0.155859375,1779262524.0097697
5285,30.0,0.15029296875,1219261568.574824
5286,30.0,0.155859375,1228236012.2550247
5287,26.25,0.16142578125,1794272897.296482
5288,26.25,0.1669921875,1809283270.5831938
5289,30.0,0.16142578125,1237210455.9352255
5290,30.0,0.1669921875,1246184899.6154265
5291,26.25,0.17255859375,1824293643.8699055
5292,26.25,0.178125,1839304017.1566174
5293,30.0,0.17255859375,1255159343.295627
5294,30.0,0.178125,1264133786.9758282
5295,26.25,0.18369140625,1854314390.443329
5296,26.25,0.1892578125,1869324763.7300413
5297,30.0,0.18369140625,1273108230.656029
5298,30.0,0.1892578125,1282082674.3362298
5299,26.25,0.19482421875,1884335137.016753
5300,26.25,0.2,1898292150.7745728
5301,26.25,0.200390625,1899345510.303465
5302,30.0,0.19482421875,1291057118.0164304
5303,30.0,0.2,1299401776.1752136
5304,30.0,0.200390625,1300031561.6966312
5305,26.25,0.20595703125,1914355883.5901768
5306,26.25,0.2115234375,1929366256.8768883
5307,30.0,0.20595703125,1309006005.376832
5308,30.0,0.2115234375,1317980449.057033
5309,26.25,0.21708984375,1944376630.1636004
5310,26.25,0.22265625,1959387003.4503121
5311,30.0,0.21708984375,1326954892.7372336
5312,30.0,0.22265625,1335929336.4174347
5313,26.25,0.22822265625,1974397376.7370238
5314,26.25,0.2337890625,1989407750.023736
5315,30.0,0.22822265625,1344903780.0976355
5316,30.0,0.2337890625,1353878223.7778363
5317,26.25,0.23935546875,2004418123.3104477
5318,26.25,0.244921875,2019428496.5971599
5319,30.0,0.23935546875,1362852667.4580371
5320,30.0,0.244921875,1371827111.1382377
5321,26.25,0.25048828125,2034438869.8838713
5322,26.25,0.2560546875,2049449243.1705832
5323,30.0,0.25048828125,1380801554.8184385
5324,30.0,0.2560546875,1389775998.4986393
5325,26.25,0.26162109375,2064459616.4572952
5326,26.25,0.2671875,2079469989.744007
5327,30.0,0.26162109375,1398750442.1788402
5328,30.0,0.2671875,1407724885.8590412
5329,26.25,0.27275390625,2094480363.030719
5330,26.25,0.2783203125,2109490736.3174307
5331,30.0,0.27275390625,1416699329.539242
5332,30.0,0.2783203125,1425673773.2194426
5333,26.25,0.28388671875,2124501109.6041424
5334,26.25,0.289453125,2139511482.8908544
5335,30.0,0.28388671875,1434648216.8996437
5336,30.0,0.289453125,1443622660.5798442
5337,26.25,0.29501953125,2154521856.1775665
5338,26.25,0.3005859375000001,2167571423.326802
5339,30.0,0.29501953125,1452597104.2600453
5340,30.0,0.3005859375000001,1460695681.3192775
5341,26.25,0.31171875,2160336853.2881775
5342,30.0,0.31171875,1462003102.8812766
5343,26.25,0.333984375,2145867713.2109292
5344,30.0,0.333984375,1464617946.005275
5345,26.25,0.35625,2131398573.1336803
5346,30.0,0.35625,1467232789.1292737
5347,26.25,0.40078125,2102460292.9791832
5348,30.0,0.40078125,1472462475.3772702
5349,26.25,0.4453125,2073522012.8246863
5350,30.0,0.4453125,1477692161.625267
5351,26.25,0.534375,2101036633.0921142
5352,30.0,0.534375,1517996567.4245462
5353,26.25,0.7125,2426486371.945112
5354,30.0,0.7125,1694160581.9310894
5355,26.25,1.06875,2501618072.3532653
5356,30.0,1.06875,1790655983.3233173
5357,26.25,1.425,2595408696.8315973
5358,30.0,1.425,1852108945.980235
5359,26.25,1.78125,3019849730.7149773
5360,26.25,2.1375,3098300498.297276
5361,30.0,1.78125,2096465754.790999
5362,30.0,2.1375,2150309765.6250005
5363,26.25,2.49375,3733676686.7613173
5364,26.25,2.85,3392410857.371795
5365,30.0,2.49375,2553429728.8161054
5366,30.0,2.85,2373369190.705128
5367,33.75,0.0111328125,0.0
5368,33.75,-0.0,0.0
5369,33.75,0.022265625,0.0
5370,37.5,0.0111328125,0.0
5371,37.5,-0.0,0.0
5372,37.5,0.022265625,0.0
5373,33.75,0.0333984375,0.0
5374,33.75,0.04453125,0.0
5375,37.5,0.0333984375,0.0
5376,37.5,0.04453125,0.0
5377,33.75,0.0556640625,0.0
5378,33.75,0.066796875,0.0
5379,37.5,0.0556640625,0.0
5380,37.5,0.066796875,0.0
5381,33.75,0.07792968750000001,0.0
5382,37.5,0.07792968750000001,0.0
5383,33.75,0.0890625,0.0
5384,37.5,0.0890625,0.0
5385,33.75,0.09462890625,0.0
5386,33.75,0.1001953125,647824359.7633818
5387,37.5,0.09462890625,0.0
5388,37.5,0.1001953125,370105860.98564994
5389,33.75,0.10576171875,650762873.8370715
5390,33.75,0.111328125,653701387.9107615
5391,37.5,0.10576171875,370821356.608725
5392,37.5,0.111328125,371536852.2318
5393,33.75,0.11689453125,656639901.9844512
5394,33.75,0.1224609375,659578416.0581409
5395,37.5,0.11689453125,372252347.8548751
5396,37.5,0.1224609375,372967843.4779501
5397,33.75,0.12802734375,662516930.1318307
5398,33.75,0.13359375,665455444.2055205
5399,37.5,0.12802734375,373683339.10102516
5400,37.5,0.13359375,374398834.7241003
5401,33.75,0.13916015625,668393958.2792102
5402,33.75,0.1447265625,671332472.3529
5403,37.5,0.13916015625,375114330.3471753
5404,37.5,0.1447265625,375829825.9702503
5405,33.75,0.15029296875,674270986.4265898
5406,33.75,0.155859375,677209500.5002797
5407,37.5,0.15029296875,376545321.5933254
5408,37.5,0.155859375,377260817.2164004
5409,33.75,0.16142578125,680148014.5739695
5410,33.75,0.1669921875,683086528.6476592
5411,37.5,0.16142578125,377976312.83947545
5412,37.5,0.1669921875,378691808.4625505
5413,33.75,0.17255859375,686025042.7213489
5414,33.75,0.178125,688963556.7950387
5415,37.5,0.17255859375,379407304.0856255
5416,37.5,0.178125,380122799.7087006
5417,33.75,0.18369140625,691902070.8687285
5418,33.75,0.1892578125,694840584.9424183
5419,37.5,0.18369140625,380838295.33177567
5420,37.5,0.1892578125,381553790.9548507
5421,33.75,0.19482421875,697779099.016108
5422,33.75,0.2,700511401.5758547
5423,33.75,0.200390625,700717613.0897979
5424,37.5,0.19482421875,382269286.5779257
5425,37.5,0.2,382934571.9818376
5426,37.5,0.200390625,382984782.2010008
5427,33.75,0.20595703125,703656127.1634877
5428,33.75,0.2115234375,706594641.2371774
5429,37.5,0.20595703125,383700277.8240758
5430,37.5,0.2115234375,384415773.4471508
5431,33.75,0.21708984375,709533155.3108672
5432,33.75,0.22265625,712471669.3845569
5433,37.5,0.21708984375,385131269.0702259
5434,37.5,0.22265625,385846764.6933009
5435,33.75,0.22822265625,715410183.4582467
5436,33.75,0.2337890625,718348697.5319364
5437,37.5,0.22822265625,386562260.31637603
5438,37.5,0.2337890625,387277755.93945104
5439,33.75,0.23935546875,721287211.6056263
5440,33.75,0.244921875,724225725.679316
5441,37.5,0.23935546875,387993251.56252605
5442,37.5,0.244921875,388708747.1856012
5443,33.75,0.25048828125,727164239.7530059
5444,33.75,0.2560546875,730102753.8266956
5445,37.5,0.25048828125,389424242.8086761
5446,37.5,0.2560546875,390139738.4317512
5447,33.75,0.26162109375,733041267.9003854
5448,33.75,0.2671875,735979781.9740752
5449,37.5,0.26162109375,390855234.05482626
5450,37.5,0.2671875,391570729.6779013
5451,33.75,0.27275390625,738918296.047765
5452,33.75,0.2783203125,741856810.1214547
5453,37.5,0.27275390625,392286225.30097634
5454,37.5,0.2783203125,393001720.9240514
5455,33.75,0.28388671875,744795324.1951445
5456,33.75,0.289453125,747733838.2688342
5457,37.5,0.28388671875,393717216.5471264
5458,37.5,0.289453125,394432712.1702014
5459,33.75,0.29501953125,750672352.342524
5460,33.75,0.3005859375000001,753819939.311753
5461,37.5,0.29501953125,395148207.79327655
5462,37.5,0.3005859375000001,396295778.9950902
5463,33.75,0.31171875,763669352.4743756
5464,37.5,0.31171875,405936206.2372713
5465,33.75,0.333984375,783368178.7996211
5466,37.5,0.333984375,425217060.7216338
5467,33.75,0.35625,803067005.1248665
5468,37.5,0.35625,444497915.20599616
5469,33.75,0.40078125,842464657.7753571
5470,37.5,0.40078125,483059624.1747212
5471,33.75,0.4453125,881862310.425848
5472,37.5,0.4453125,521621333.14344615
5473,33.75,0.534375,934956501.7569778
5474,37.5,0.534375,566465773.3623798
5475,33.75,0.7125,961834791.9170673
5476,37.5,0.7125,554893945.7298344
5477,33.75,1.06875,1079693894.2933693
5478,37.5,1.06875,652393556.9828391
5479,33.75,1.425,1108809195.1288729
5480,37.5,1.425,669563129.3402779
5481,33.75,1.78125,1173081778.8670206
5482,33.75,2.1375,1202319032.9527245
5483,37.5,1.78125,667071545.0971555
5484,37.5,2.1375,687139757.7791134
5485,33.75,2.49375,1373182770.8708935
5486,33.75,2.85,1354327524.0384617
5487,37.5,2.49375,755797560.8890892
5488,37.5,2.85,786397871.8265892
5489,41.25,0.0111328125,0.0
5490,41.25,-0.0,0.0
5491,41.25,0.022265625,0.0
5492,45.0,0.0111328125,0.0
5493,45.0,-0.0,0.0
5494,45.0,0.022265625,0.0
5495,41.25,0.0333984375,0.0
5496,41.25,0.04453125,0.0
5497,45.0,0.0333984375,0.0
5498,45.0,0.04453125,0.0
5499,41.25,0.0556640625,0.0
5500,41.25,0.066796875,0.0
5501,45.0,0.0556640625,0.0
5502,45.0,0.066796875,0.0
5503,41.25,0.07792968750000001,0.0
5504,45.0,0.07792968750000001,0.0
5505,41.25,0.0890625,0.0
5506,45.0,0.0890625,0.0
5507,41.25,0.09462890625,0.0
5508,41.25,0.1001953125,198861720.66386947
5509,45.0,0.09462890625,0.0
5510,45.0,0.1001953125,27617580.34208901
5511,41.25,0.10576171875,199260653.41427794
5512,41.25,0.111328125,199659586.1646864
5513,45.0,0.10576171875,27699950.219830893
5514,45.0,0.111328125,27782320.09757278
5515,41.25,0.11689453125,200058518.91509488
5516,41.25,0.1224609375,200457451.66550335
5517,45.0,0.11689453125,27864689.975314673
5518,45.0,0.1224609375,27947059.853056557
5519,41.25,0.12802734375,200856384.41591182
5520,41.25,0.13359375,201255317.1663203
5521,45.0,0.12802734375,28029429.730798442
5522,45.0,0.13359375,28111799.608540334
5523,41.25,0.13916015625,201654249.91672873
5524,41.25,0.1447265625,202053182.6671372
5525,45.0,0.13916015625,28194169.486282215
5526,45.0,0.1447265625,28276539.364024103
5527,41.25,0.15029296875,202452115.41754568
5528,41.25,0.155859375,202851048.16795412
5529,45.0,0.15029296875,28358909.24176599
5530,45.0,0.155859375,28441279.11950788
5531,41.25,0.16142578125,203249980.91836262
5532,41.25,0.1669921875,203648913.66877106
5533,45.0,0.16142578125,28523648.997249767
5534,45.0,0.1669921875,28606018.874991648
5535,41.25,0.17255859375,204047846.41917953
5536,41.25,0.178125,204446779.16958803
5537,45.0,0.17255859375,28688388.752733536
5538,45.0,0.178125,28770758.630475428
5539,41.25,0.18369140625,204845711.91999647
5540,41.25,0.1892578125,205244644.6704049
5541,45.0,0.18369140625,28853128.508217312
5542,45.0,0.1892578125,28935498.3859592
5543,41.25,0.19482421875,205643577.42081338
5544,41.25,0.2,206014514.89049143
5545,41.25,0.200390625,206042510.17122185
5546,45.0,0.19482421875,29017868.26370109
5547,45.0,0.2,29094457.799145296
5548,45.0,0.200390625,29100238.14144297
5549,41.25,0.20595703125,206441442.92163032
5550,41.25,0.2115234375,206840375.6720388
5551,45.0,0.20595703125,29182608.019184858
5552,45.0,0.2115234375,29264977.896926746
5553,41.25,0.21708984375,207239308.42244726
5554,41.25,0.22265625,207638241.17285573
5555,45.0,0.21708984375,29347347.774668634
5556,45.0,0.22265625,29429717.652410522
5557,41.25,0.22822265625,208037173.9232642
5558,41.25,0.2337890625,208436106.67367268
5559,45.0,0.22822265625,29512087.530152403
5560,45.0,0.2337890625,29594457.407894295
5561,41.25,0.23935546875,208835039.42408115
5562,41.25,0.244921875,209233972.1744896
5563,45.0,0.23935546875,29676827.28563618
5564,45.0,0.244921875,29759197.163378067
5565,41.25,0.25048828125,209632904.92489806
5566,41.25,0.2560546875,210031837.6753065
5567,45.0,0.25048828125,29841567.041119955
5568,45.0,0.2560546875,29923936.918861844
5569,41.25,0.26162109375,210430770.425715
5570,41.25,0.2671875,210829703.17612347
5571,45.0,0.26162109375,30006306.796603724
5572,45.0,0.2671875,30088676.674345613
5573,41.25,0.27275390625,211228635.9265319
5574,41.25,0.2783203125,211627568.6769404
5575,45.0,0.27275390625,30171046.5520875
5576,45.0,0.2783203125,30253416.429829385
5577,41.25,0.28388671875,212026501.42734888
5578,41.25,0.289453125,212425434.1777573
5579,45.0,0.28388671875,30335786.307571277
5580,45.0,0.289453125,30418156.18531316
5581,41.25,0.29501953125,212824366.9281658
5582,41.25,0.3005859375000001,213447409.523858
5583,45.0,0.29501953125,30500526.06305505
5584,45.0,0.3005859375000001,30599040.052625865
5585,41.25,0.31171875,218503362.08506528
5586,45.0,0.31171875,31070517.932859235
5587,41.25,0.333984375,228615267.2074799
5588,45.0,0.333984375,32013473.693325985
5589,41.25,0.35625,238727172.32989445
5590,45.0,0.35625,32956429.453792736
5591,41.25,0.40078125,258950982.5747237
5592,45.0,0.40078125,34842340.97472623
5593,41.25,0.4453125,279174792.81955296
5594,45.0,0.4453125,36728252.495659724
5595,41.25,0.534375,305249713.6042668
5596,45.0,0.534375,44033653.846153855
5597,41.25,0.7125,310645571.4559962
5598,45.0,0.7125,66397197.18215811
5599,41.25,1.06875,366924095.5320178
5600,45.0,1.06875,81454634.08119659
5601,41.25,1.425,382343906.0830663
5602,45.0,1.425,95124682.8258547
5603,41.25,1.78125,369748182.40434694
5604,41.25,2.1375,388366211.35483444
5605,45.0,1.78125,72424819.71153846
5606,45.0,2.1375,89592664.9305556
5607,41.25,2.49375,419843224.8889891
5608,41.25,2.85,444024226.8421141
5609,45.0,2.49375,83888888.88888893
5610,45.0,2.85,101650581.85763893
5611,48.75,0.0111328125,0.0
5612,48.75,-0.0,0.0
5613,48.75,0.022265625,0.0
5614,52.5,0.0111328125,0.0
5615,52.5,-0.0,0.0
5616,52.5,0.022265625,0.0
5617,48.75,0.0333984375,0.0
5618,48.75,0.04453125,0.0
5619,52.5,0.0333984375,0.0
5620,52.5,0.04453125,0.0
5621,48.75,0.0556640625,0.0
5622,48.75,0.066796875,0.0
5623,52.5,0.0556640625,0.0
5624,52.5,0.066796875,0.0
5625,48.75,0.07792968750000001,0.0
5626,52.5,0.07792968750000001,0.0
5627,48.75,0.0890625,0.0
5628,52.5,0.0890625,0.0
5629,48.75,0.09462890625,0.0
5630,48.75,0.1001953125,17260987.71380563
5631,52.5,0.09462890625,0.0
5632,52.5,0.1001953125,6904395.085522252
5633,48.75,0.10576171875,17312468.88739431
5634,48.75,0.111328125,17363950.06098299
5635,52.5,0.10576171875,6924987.554957723
5636,52.5,0.111328125,6945580.024393195
5637,48.75,0.11689453125,17415431.23457167
5638,48.75,0.1224609375,17466912.408160347
5639,52.5,0.11689453125,6966172.493828668
5640,52.5,0.1224609375,6986764.963264139
5641,48.75,0.12802734375,17518393.581749026
5642,48.75,0.13359375,17569874.755337708
5643,52.5,0.12802734375,7007357.4326996105
5644,52.5,0.13359375,7027949.902135083
5645,48.75,0.13916015625,17621355.928926386
5646,48.75,0.1447265625,17672837.102515064
5647,52.5,0.13916015625,7048542.371570554
5648,52.5,0.1447265625,7069134.841006026
5649,48.75,0.15029296875,17724318.276103742
5650,48.75,0.155859375,17775799.449692424
5651,52.5,0.15029296875,7089727.310441498
5652,52.5,0.155859375,7110319.77987697
5653,48.75,0.16142578125,17827280.623281106
5654,48.75,0.1669921875,17878761.79686978
5655,52.5,0.16142578125,7130912.249312442
5656,52.5,0.1669921875,7151504.718747912
5657,48.75,0.17255859375,17930242.97045846
5658,48.75,0.178125,17981724.14404714
5659,52.5,0.17255859375,7172097.188183384
5660,52.5,0.178125,7192689.657618857
5661,48.75,0.18369140625,18033205.31763582
5662,48.75,0.1892578125,18084686.4912245
5663,52.5,0.18369140625,7213282.127054328
5664,52.5,0.1892578125,7233874.5964898
5665,48.75,0.19482421875,18136167.664813176
5666,48.75,0.2,18184036.12446581
5667,48.75,0.200390625,18187648.838401858
5668,52.5,0.19482421875,7254467.065925272
5669,52.5,0.2,7273614.449786324
5670,52.5,0.200390625,7275059.535360742
5671,48.75,0.20595703125,18239130.01199054
5672,48.75,0.2115234375,18290611.185579218
5673,52.5,0.20595703125,7295652.004796214
5674,52.5,0.2115234375,7316244.474231686
5675,48.75,0.21708984375,18342092.359167896
5676,48.75,0.22265625,18393573.532756574
5677,52.5,0.21708984375,7336836.9436671585
5678,52.5,0.22265625,7357429.4131026305
5679,48.75,0.22822265625,18445054.706345253
5680,48.75,0.2337890625,18496535.87993393
5681,52.5,0.22822265625,7378021.882538101
5682,52.5,0.2337890625,7398614.351973574
5683,48.75,0.23935546875,18548017.053522613
5684,48.75,0.244921875,18599498.22711129
5685,52.5,0.23935546875,7419206.821409045
5686,52.5,0.244921875,7439799.290844517
5687,48.75,0.25048828125,18650979.40069997
5688,48.75,0.2560546875,18702460.57428865
5689,52.5,0.25048828125,7460391.760279989
5690,52.5,0.2560546875,7480984.229715461
5691,48.75,0.26162109375,18753941.74787733
5692,48.75,0.2671875,18805422.92146601
5693,52.5,0.26162109375,7501576.699150931
5694,52.5,0.2671875,7522169.168586403
5695,48.75,0.27275390625,18856904.09505469
5696,48.75,0.2783203125,18908385.268643368
5697,52.5,0.27275390625,7542761.638021875
5698,52.5,0.2783203125,7563354.107457346
5699,48.75,0.28388671875,18959866.442232046
5700,48.75,0.289453125,19011347.615820725
5701,52.5,0.28388671875,7583946.576892819
5702,52.5,0.289453125,7604539.04632829
5703,48.75,0.29501953125,19062828.789409406
5704,48.75,0.3005859375000001,19124400.032891165
5705,52.5,0.29501953125,7625131.515763762
5706,52.5,0.3005859375000001,7649760.013156466
5707,48.75,0.31171875,19419073.708037023
5708,52.5,0.31171875,7767629.483214809
5709,48.75,0.333984375,20008421.05832874
5710,52.5,0.333984375,8003368.423331496
5711,48.75,0.35625,20597768.408620458
5712,52.5,0.35625,8239107.363448184
5713,48.75,0.40078125,21776463.10920389
5714,52.5,0.40078125,8710585.243681557
5715,48.75,0.4453125,22955157.809787326
5716,52.5,0.4453125,9182063.123914931
5717,48.75,0.534375,27521033.65384616
5718,52.5,0.534375,11008413.461538464
5719,48.75,0.7125,41498248.23884881
5720,52.5,0.7125,16599299.295539528
5721,48.75,1.06875,50909146.300747864
5722,52.5,1.06875,20363658.520299148
5723,48.75,1.425,59452926.76615919
5724,52.5,1.425,23781170.706463676
5725,48.75,1.78125,45265512.319711536
5726,48.75,2.1375,55995415.58159724
5727,52.5,1.78125,18106204.927884616
5728,52.5,2.1375,22398166.2326389
5729,48.75,2.49375,52430555.55555558
5730,48.75,2.85,63531613.661024325
5731,52.5,2.49375,20972222.22222223
5732,52.5,2.85,25412645.46440973
5733,56.25,0.0111328125,0.0
5734,56.25,-0.0,0.0
5735,56.25,0.022265625,0.0
5736,60.0,0.0111328125,0.0
5737,60.0,-0.0,0.0
5738,60.0,0.022265625,0.0
5739,56.25,0.0333984375,0.0
5740,56.25,0.04453125,0.0
5741,60.0,0.0333984375,0.0
5742,60.0,0.04453125,0.0
5743,56.25,0.0556640625,0.0
5744,56.25,0.066796875,0.0
5745,60.0,0.0556640625,0.0
5746,60.0,0.066796875,0.0
5747,56.25,0.07792968750000001,0.0
5748,60.0,0.07792968750000001,0.0
5749,56.25,0.0890625,0.0
5750,60.0,0.0890625,0.0
5751,56.25,0.09462890625,0.0
5752,56.25,0.1001953125,2662.821712656767
5753,60.0,0.09462890625,0.0
5754,60.0,0.1001953125,10651.286850627068
5755,56.25,0.10576171875,78553.24052337898
5756,56.25,0.111328125,154443.6593341012
5757,60.0,0.10576171875,314212.9620935159
5758,60.0,0.111328125,617774.6373364048
5759,56.25,0.11689453125,230334.0781448234
5760,56.25,0.1224609375,306224.4969555456
5761,60.0,0.11689453125,921336.3125792936
5762,60.0,0.1224609375,1224897.9878221825
5763,56.25,0.12802734375,382114.9157662676
5764,56.25,0.13359375,458005.33457699005
5765,60.0,0.12802734375,1528459.6630650703
5766,60.0,0.13359375,1832021.3383079602
5767,56.25,0.13916015625,533895.7533877121
5768,56.25,0.1447265625,609786.172198434
5769,60.0,0.13916015625,2135583.0135508482
5770,60.0,0.1447265625,2439144.688793736
5771,56.25,0.15029296875,685676.5910091564
5772,56.25,0.155859375,761567.0098198784
5773,60.0,0.15029296875,2742706.3640366257
5774,60.0,0.155859375,3046268.0392795135
5775,56.25,0.16142578125,837457.4286306008
5776,56.25,0.1669921875,913347.8474413229
5777,60.0,0.16142578125,3349829.714522403
5778,60.0,0.1669921875,3653391.3897652915
5779,56.25,0.17255859375,989238.2662520448
5780,56.25,0.178125,1065128.6850627672
5781,60.0,0.17255859375,3956953.0650081793
5782,60.0,0.178125,4260514.740251069
5783,56.25,0.18369140625,1141019.1038734894
5784,56.25,0.1892578125,1216909.5226842116
5785,60.0,0.18369140625,4564076.415493958
5786,60.0,0.1892578125,4867638.090736846
5787,56.25,0.19482421875,1292799.9414949336
5788,56.25,0.2,1363364.7168803422
5789,56.25,0.200390625,1368690.3603056557
5790,60.0,0.19482421875,5171199.765979734
5791,60.0,0.2,5453458.867521369
5792,60.0,0.200390625,5474761.441222623
5793,56.25,0.20595703125,1444580.779116378
5794,56.25,0.2115234375,1520471.1979271001
5795,60.0,0.20595703125,5778323.116465512
5796,60.0,0.2115234375,6081884.7917084005
5797,56.25,0.21708984375,1596361.6167378225
5798,56.25,0.22265625,1672252.0355485445
5799,60.0,0.21708984375,6385446.46695129
5800,60.0,0.22265625,6689008.142194178
5801,56.25,0.22822265625,1748142.4543592667
5802,56.25,0.2337890625,1824032.873169989
5803,60.0,0.22822265625,6992569.817437067
5804,60.0,0.2337890625,7296131.492679956
5805,56.25,0.23935546875,1899923.291980711
5806,56.25,0.244921875,1975813.7107914335
5807,60.0,0.23935546875,7599693.167922844
5808,60.0,0.244921875,7903254.843165734
5809,56.25,0.25048828125,2051704.1296021552
5810,56.25,0.2560546875,2127594.5484128776
5811,60.0,0.25048828125,8206816.518408621
5812,60.0,0.2560546875,8510378.19365151
5813,56.25,0.26162109375,2203484.967223599
5814,56.25,0.2671875,2279375.386034322
5815,60.0,0.26162109375,8813939.868894396
5816,60.0,0.2671875,9117501.544137288
5817,56.25,0.27275390625,2355265.8048450444
5818,56.25,0.2783203125,2431156.223655766
5819,60.0,0.27275390625,9421063.219380178
5820,60.0,0.2783203125,9724624.894623064
5821,56.25,0.28388671875,2507046.6424664883
5822,56.25,0.289453125,2582937.0612772102
5823,60.0,0.28388671875,10028186.569865953
5824,60.0,0.289453125,10331748.245108841
5825,56.25,0.29501953125,2658827.4800879327
5826,56.25,0.3005859375000001,2718740.9686227115
5827,60.0,0.29501953125,10635309.92035173
5828,60.0,0.3005859375000001,10874963.874490846
5829,56.25,0.31171875,2566960.131001269
5830,60.0,0.31171875,10267840.524005076
5831,56.25,0.333984375,2263398.4557583802
5832,60.0,0.333984375,9053593.823033521
5833,56.25,0.35625,1959836.7805154913
5834,60.0,0.35625,7839347.122061965
5835,56.25,0.40078125,1352713.4300297147
5836,60.0,0.40078125,5410853.720118859
5837,56.25,0.4453125,745590.079543937
5838,60.0,0.4453125,2982360.318175748
5839,56.25,0.534375,0.0
5840,60.0,0.534375,0.0
5841,56.25,0.7125,0.0
5842,60.0,0.7125,0.0
5843,56.25,1.06875,0.0
5844,60.0,1.06875,0.0
5845,56.25,1.425,0.0
5846,60.0,1.425,0.0
5847,56.25,1.78125,0.0
5848,56.25,2.1375,0.0
5849,60.0,1.78125,0.0
5850,60.0,2.1375,0.0
5851,56.25,2.49375,0.0
5852,56.25,2.85,0.0
5853,60.0,2.49375,0.0
5854,60.0,2.85,0.0
5855,3.75,3.20625,44874372762.044266
5856,3.75,3.5625,47174535948.14202
5857,7.5,3.20625,35585823482.57212
5858,7.5,3.5625,37495274334.76896
5859,3.75,3.91875,47787083758.17976
5860,3.75,4.275,48605443767.528046
5861,7.5,3.91875,37962102643.3961
5862,7.5,4.275,38810282994.4578
5863,11.25,3.20625,21631216271.033653
5864,11.25,3.5625,22878240674.662792
5865,15.0,3.20625,7676609059.495192
5866,15.0,3.5625,8261207014.556623
5867,11.25,3.91875,23117075681.50708
5868,11.25,4.275,23980414567.47463
5869,15.0,3.91875,8272048719.618056
5870,15.0,4.275,9150546140.491455
5871,18.75,3.20625,6262028290.890424
5872,18.75,3.5625,6699630278.028178
5873,22.5,3.20625,4847447522.285656
5874,22.5,3.5625,5138053541.499733
5875,18.75,3.91875,6712190203.492254
5876,18.75,4.275,7386613575.888088
5877,22.5,3.91875,5152331687.366453
5878,22.5,4.275,5622681011.284722
5879,26.25,3.20625,3556347193.2174807
5880,26.25,3.5625,3718712347.6729436
5881,30.0,3.20625,2512207743.222489
5882,30.0,3.5625,2583842239.249466
5883,26.25,3.91875,3767238426.065039
5884,26.25,4.275,4055191189.23611
5885,30.0,3.91875,2731675674.412394
5886,30.0,4.275,2880586852.297008
5887,33.75,3.20625,1468068293.2274973
5888,33.75,3.5625,1448972130.8259878
5889,37.5,3.20625,852816262.8956331
5890,37.5,3.5625,815534676.3154379
5891,33.75,3.91875,1696112922.759749
5892,33.75,4.275,1705982515.3579054
5893,37.5,3.91875,1035591850.919805
5894,37.5,4.275,1011809548.6111108
5895,41.25,3.20625,452007942.3953326
5896,41.25,3.5625,432813548.7613514
5897,45.0,3.20625,51199621.895032026
5898,45.0,3.5625,50092421.20726496
5899,41.25,3.91875,562591618.9862112
5900,41.25,4.275,557852266.96047
5901,45.0,3.91875,89591387.05261752
5902,45.0,4.275,103894985.3098291
5903,48.75,3.20625,31999763.684395015
5904,48.75,3.5625,31307763.254540592
5905,52.5,3.20625,12799905.473758006
5906,52.5,3.5625,12523105.30181624
5907,48.75,3.91875,55994616.90788596
5908,48.75,4.275,64934365.81864319
5909,52.5,3.91875,22397846.76315438
5910,52.5,4.275,25973746.327457275
5911,56.25,3.20625,0.0
5912,56.25,3.5625,0.0
5913,60.0,3.20625,0.0
5914,60.0,3.5625,0.0
5915,56.25,3.91875,0.0
5916,56.25,4.275,0.0
5917,60.0,3.91875,0.0
5918,60.0,4.275,0.0
5919,3.75,4.631250000000001,49006179544.6673
5920,7.5,4.631250000000001,39167090735.59361
5921,3.75,4.809375000000001,50221550625.584274
5922,7.5,4.809375000000001,40244734160.07279
5923,3.75,4.898437500000001,51117904468.608116
5924,7.5,4.898437500000001,41047030462.28132
5925,3.75,4.987500000000001,50643298502.938034
5926,7.5,4.987500000000001,40603624213.07425
5927,11.25,4.631250000000001,24604712365.826992
5928,15.0,4.631250000000001,10042333996.060366
5929,11.25,4.809375000000001,25181690167.81017
5930,15.0,4.809375000000001,10118646175.547543
5931,11.25,4.898437500000001,25552477497.85073
5932,15.0,4.898437500000001,10057924533.42014
5933,11.25,4.987500000000001,25469566044.50454
5934,15.0,4.987500000000001,10335507875.934832
5935,18.75,4.631250000000001,8016203881.314272
5936,22.5,4.631250000000001,5990073766.568177
5937,18.75,4.809375000000001,8230923049.639841
5938,22.5,4.809375000000001,6343199923.73214
5939,18.75,4.898437500000001,8312370050.231413
5940,22.5,4.898437500000001,6566815567.042686
5941,18.75,4.987500000000001,8435638561.281384
5942,22.5,4.987500000000001,6535769246.627937
5943,26.25,4.631250000000001,4245094699.957433
5944,30.0,4.631250000000001,3062417729.6173887
5945,26.25,4.809375000000001,4638100429.332768
5946,30.0,4.809375000000001,3298248197.950055
5947,26.25,4.898437500000001,4915351852.077909
5948,30.0,4.898437500000001,3452069673.561032
5949,26.25,4.987500000000001,4796792417.868589
5950,30.0,4.987500000000001,3379600560.897435
5951,33.75,4.631250000000001,1879740759.2773447
5952,37.5,4.631250000000001,1129749435.1378877
5953,33.75,4.809375000000001,1958395966.5673413
5954,37.5,4.809375000000001,1148444190.8094618
5955,33.75,4.898437500000001,1988787495.0441542
5956,37.5,4.898437500000001,1145324371.7552252
5957,33.75,4.987500000000001,1962408703.926282
5958,37.5,4.987500000000001,1136373769.6981838
5959,41.25,4.631250000000001,596100934.0987245
5960,45.0,4.631250000000001,62452433.05956142
5961,41.25,4.809375000000001,603442642.8639991
5962,45.0,4.809375000000001,58441094.9185365
5963,41.25,4.898437500000001,611770776.0802702
5964,45.0,4.898437500000001,78217180.40531528
5965,41.25,4.987500000000001,605917296.8416132
5966,45.0,4.987500000000001,75460823.9850427
5967,48.75,4.631250000000001,39032770.66222589
5968,52.5,4.631250000000001,15613108.264890354
5969,48.75,4.809375000000001,36525684.32408531
5970,52.5,4.809375000000001,14610273.729634125
5971,48.75,4.898437500000001,48885737.75332206
5972,52.5,4.898437500000001,19554295.10132882
5973,48.75,4.987500000000001,47163014.99065169
5974,52.5,4.987500000000001,18865205.996260677
5975,56.25,4.631250000000001,0.0
5976,60.0,4.631250000000001,0.0
5977,56.25,4.809375000000001,0.0
5978,60.0,4.809375000000001,0.0
5979,56.25,4.898437500000001,0.0
5980,60.0,4.898437500000001,0.0
5981,56.25,4.987500000000001,0.0
5982,60.0,4.987500000000001,0.0
5983,3.75,5.032031250000001,50393754807.52536
5984,7.5,5.032031250000001,40370798744.26164
5985,3.75,5.054296875,50268982959.819046
5986,7.5,5.054296875,40254386009.855354
5987,3.75,5.076562500000001,50144211112.1127
5988,7.5,5.076562500000001,40137973275.44905
5989,3.75,5.087695312500001,50081825188.25954
5990,7.5,5.087695312500001,40079766908.245895
5991,3.75,5.098828125000001,50019439264.40638
5992,7.5,5.098828125000001,40021560541.04275
5993,3.75,5.104394531250001,50026779712.21468
5994,3.75,5.1099609375,50044395735.95226
5995,7.5,5.104394531250001,40030842125.35501
5996,7.5,5.1099609375,40050359647.77759
5997,3.75,5.11552734375,50062011759.68986
5998,3.75,5.12109375,50079627783.42745
5999,7.5,5.11552734375,40069877170.200195
6000,7.5,5.12109375,40089394692.62278
6001,3.75,5.12666015625,50097243807.16503
6002,3.75,5.1322265625,50114859830.90262
6003,7.5,5.12666015625,40108912215.04538
6004,7.5,5.1322265625,40128429737.467964
6005,3.75,5.13779296875,50132475854.64021
6006,3.75,5.143359375,50150091878.3778
6007,7.5,5.13779296875,40147947259.89057
6008,7.5,5.143359375,40167464782.31316
6009,3.75,5.14892578125,50167707902.115395
6010,3.75,5.154492187500001,50185323925.85299
6011,7.5,5.14892578125,40186982304.735756
6012,7.5,5.154492187500001,40206499827.158356
6013,3.75,5.160058593750001,50202939949.590576
6014,3.75,5.165625,50220555973.32816
6015,7.5,5.160058593750001,40226017349.58095
6016,7.5,5.165625,40245534872.00354
6017,11.25,5.032031250000001,25424059435.83692
6018,15.0,5.032031250000001,10477320127.412197
6019,11.25,5.054296875,25401306131.503113
6020,15.0,5.054296875,10548226253.150877
6021,11.25,5.076562500000001,25378552827.169304
6022,15.0,5.076562500000001,10619132378.889563
6023,11.25,5.087695312500001,25367176175.0024
6024,15.0,5.087695312500001,10654585441.758902
6025,11.25,5.098828125000001,25355799522.83549
6026,15.0,5.098828125000001,10690038504.62824
6027,11.25,5.104394531250001,25362846818.835274
6028,11.25,5.1099609375,25373290280.7239
6029,15.0,5.104394531250001,10694851512.315538
6030,15.0,5.1099609375,10696220913.670204
6031,11.25,5.11552734375,25383733742.612534
6032,11.25,5.12109375,25394177204.50116
6033,15.0,5.11552734375,10697590315.024874
6034,15.0,5.12109375,10698959716.379541
6035,11.25,5.12666015625,25404620666.389793
6036,11.25,5.1322265625,25415064128.27842
6037,15.0,5.12666015625,10700329117.734207
6038,15.0,5.1322265625,10701698519.088877
6039,11.25,5.13779296875,25425507590.167057
6040,11.25,5.143359375,25435951052.05569
6041,15.0,5.13779296875,10703067920.443544
6042,15.0,5.143359375,10704437321.79821
6043,11.25,5.14892578125,25446394513.94432
6044,11.25,5.154492187500001,25456837975.83295
6045,15.0,5.14892578125,10705806723.152878
6046,15.0,5.154492187500001,10707176124.507545
6047,11.25,5.160058593750001,25467281437.721584
6048,11.25,5.165625,25477724899.61021
6049,15.0,5.160058593750001,10708545525.862213
6050,15.0,5.165625,10709914927.21688
6051,18.75,5.032031250000001,8497646223.14975
6052,22.5,5.032031250000001,6517972318.887302
6053,18.75,5.054296875,8528650054.083931
6054,22.5,5.054296875,6509073855.016986
6055,18.75,5.076562500000001,8559653885.018116
6056,22.5,5.076562500000001,6500175391.1466675
6057,18.75,5.087695312500001,8575155800.485205
6058,22.5,5.087695312500001,6495726159.211508
6059,18.75,5.098828125000001,8590657715.952295
6060,22.5,5.098828125000001,6491276927.27635
6061,18.75,5.104394531250001,8595546986.098984
6062,18.75,5.1099609375,8599673139.555841
6063,22.5,5.104394531250001,6496242459.882428
6064,22.5,5.1099609375,6503125365.441477
6065,18.75,5.11552734375,8603799293.012703
6066,18.75,5.12109375,8607925446.46956
6067,22.5,5.11552734375,6510008271.000529
6068,22.5,5.12109375,6516891176.559579
6069,18.75,5.12666015625,8612051599.926418
6070,18.75,5.1322265625,8616177753.383278
6071,22.5,5.12666015625,6523774082.1186285
6072,22.5,5.1322265625,6530656987.677679
6073,18.75,5.13779296875,8620303906.840137
6074,18.75,5.143359375,8624430060.296997
6075,22.5,5.13779296875,6537539893.2367325
6076,22.5,5.143359375,6544422798.795783
6077,18.75,5.14892578125,8628556213.753855
6078,18.75,5.154492187500001,8632682367.210716
6079,22.5,5.14892578125,6551305704.354833
6080,22.5,5.154492187500001,6558188609.913883
6081,18.75,5.160058593750001,8636808520.667574
6082,18.75,5.165625,8640934674.124432
6083,22.5,5.160058593750001,6565071515.472936
6084,22.5,5.165625,6571954421.031985
6085,26.25,5.032031250000001,4733978675.255406
6086,30.0,5.032031250000001,3341345552.8846145
6087,26.25,5.054296875,4702571803.948817
6088,30.0,5.054296875,3322218048.8782043
6089,26.25,5.076562500000001,4671164932.642224
6090,30.0,5.076562500000001,3303090544.8717933
6091,26.25,5.087695312500001,4655461496.98893
6092,30.0,5.087695312500001,3293526792.8685884
6093,26.25,5.098828125000001,4639758061.335635
6094,30.0,5.098828125000001,3283963040.865383
6095,26.25,5.104394531250001,4643891762.122132
6096,26.25,5.1099609375,4651221574.538794
6097,30.0,5.104394531250001,3285448721.2743526
6098,30.0,5.1099609375,3288605750.05947
6099,26.25,5.11552734375,4658551386.955458
6100,26.25,5.12109375,4665881199.37212
6101,30.0,5.11552734375,3291762778.844589
6102,30.0,5.12109375,3294919807.6297073
6103,26.25,5.12666015625,4673211011.788784
6104,26.25,5.1322265625,4680540824.205447
6105,30.0,5.12666015625,3298076836.414826
6106,30.0,5.1322265625,3301233865.1999445
6107,26.25,5.13779296875,4687870636.622111
6108,26.25,5.143359375,4695200449.038775
6109,30.0,5.13779296875,3304390893.9850636
6110,30.0,5.143359375,3307547922.7701826
6111,26.25,5.14892578125,4702530261.455438
6112,26.25,5.154492187500001,4709860073.872103
6113,30.0,5.14892578125,3310704951.5553007
6114,30.0,5.154492187500001,3313861980.34042
6115,26.25,5.160058593750001,4717189886.288767
6116,26.25,5.165625,4724519698.705429
6117,30.0,5.160058593750001,3317019009.1255383
6118,30.0,5.165625,3320176037.910657
6119,3.75,5.17119140625,50238171997.06575
6120,3.75,5.1767578125,50255788020.803345
6121,7.5,5.17119140625,40265052394.42613
6122,7.5,5.1767578125,40284569916.84873
6123,3.75,5.182324218750001,50273404044.54094
6124,3.75,5.187890625000001,50291020068.27853
6125,7.5,5.182324218750001,40304087439.271324
6126,7.5,5.187890625000001,40323604961.69393
6127,11.25,5.17119140625,25488168361.49884
6128,11.25,5.1767578125,25498611823.387474
6129,15.0,5.17119140625,10711284328.571548
6130,15.0,5.1767578125,10712653729.926216
6131,11.25,5.182324218750001,25509055285.276104
6132,11.25,5.187890625000001,25519498747.164738
6133,15.0,5.182324218750001,10714023131.280884
6134,15.0,5.187890625000001,10715392532.635551
6135,3.75,5.19345703125,50308636092.01611
6136,3.75,5.199023437500001,50326252115.7537
6137,7.5,5.19345703125,40343122484.116516
6138,7.5,5.199023437500001,40362640006.53911
6139,11.25,5.19345703125,25529942209.053368
6140,11.25,5.199023437500001,25540385670.942
6141,15.0,5.19345703125,10716761933.99022
6142,15.0,5.199023437500001,10718131335.344887
6143,3.75,5.2,50329342646.23398
6144,3.75,5.204589843750001,50343868139.49129
6145,3.75,5.210156250000001,50361484163.22888
6146,7.5,5.2,40366064133.27991
6147,7.5,5.204589843750001,40382157528.96171
6148,7.5,5.210156250000001,40401675051.3843
6149,11.25,5.2,25542217857.238247
6150,11.25,5.204589843750001,25550829132.83063
6151,11.25,5.210156250000001,25561272594.71926
6152,15.0,5.2,10718371581.19658
6153,15.0,5.204589843750001,10719500736.699553
6154,15.0,5.210156250000001,10720870138.054218
6155,3.75,5.215722656250001,50379100186.96648
6156,7.5,5.215722656250001,40421192573.8069
6157,3.75,5.2212890625,50396716210.704056
6158,7.5,5.2212890625,40440710096.22949
6159,11.25,5.215722656250001,25571716056.607895
6160,15.0,5.215722656250001,10722239539.408888
6161,11.25,5.2212890625,25582159518.49652
6162,15.0,5.2212890625,10723608940.763556
6163,3.75,5.22685546875,50414332234.44165
6164,7.5,5.22685546875,40460227618.652084
6165,3.75,5.232421875,50431948258.17924
6166,7.5,5.232421875,40479745141.07468
6167,11.25,5.22685546875,25592602980.385155
6168,15.0,5.22685546875,10724978342.118221
6169,11.25,5.232421875,25603046442.273785
6170,15.0,5.232421875,10726347743.472889
6171,3.75,5.23798828125,50449564281.916824
6172,7.5,5.23798828125,40499262663.49728
6173,3.75,5.2435546875,50467180305.65442
6174,7.5,5.2435546875,40518780185.91987
6175,11.25,5.23798828125,25613489904.162415
6176,15.0,5.23798828125,10727717144.827557
6177,11.25,5.2435546875,25623933366.05105
6178,15.0,5.2435546875,10729086546.182224
6179,3.75,5.24912109375,50484796329.392006
6180,7.5,5.24912109375,40538297708.34247
6181,3.75,5.2546875,50502412353.12959
6182,7.5,5.2546875,40557815230.76506
6183,11.25,5.24912109375,25634376827.939682
6184,15.0,5.24912109375,10730455947.536892
6185,11.25,5.2546875,25644820289.828312
6186,15.0,5.2546875,10731825348.89156
6187,18.75,5.17119140625,8645060827.581291
6188,18.75,5.1767578125,8649186981.03815
6189,22.5,5.17119140625,6578837326.591035
6190,22.5,5.1767578125,6585720232.150085
6191,18.75,5.182324218750001,8653313134.495012
6192,18.75,5.187890625000001,8657439287.95187
6193,22.5,5.182324218750001,6592603137.709138
6194,22.5,5.187890625000001,6599486043.268188
6195,26.25,5.17119140625,4731849511.122092
6196,26.25,5.1767578125,4739179323.538756
6197,30.0,5.17119140625,3323333066.695776
6198,30.0,5.1767578125,3326490095.480894
6199,26.25,5.182324218750001,4746509135.9554205
6200,26.25,5.187890625000001,4753838948.372085
6201,30.0,5.182324218750001,3329647124.266014
6202,30.0,5.187890625000001,3332804153.0511327
6203,18.75,5.19345703125,8661565441.408728
6204,18.75,5.199023437500001,8665691594.865587
6205,22.5,5.19345703125,6606368948.827239
6206,22.5,5.199023437500001,6613251854.386291
6207,26.25,5.19345703125,4761168760.788747
6208,26.25,5.199023437500001,4768498573.205412
6209,30.0,5.19345703125,3335961181.836251
6210,30.0,5.199023437500001,3339118210.6213694
6211,18.75,5.2,8666415481.436966
6212,18.75,5.204589843750001,8669817748.322447
6213,18.75,5.210156250000001,8673943901.779305
6214,22.5,5.2,6614459381.67735
6215,22.5,5.204589843750001,6620134759.94534
6216,22.5,5.210156250000001,6627017665.504391
6217,26.25,5.2,4769784505.208333
6218,26.25,5.204589843750001,4775828385.622075
6219,26.25,5.210156250000001,4783158198.038737
6220,30.0,5.2,3339672075.320513
6221,30.0,5.204589843750001,3342275239.406488
6222,30.0,5.210156250000001,3345432268.1916065
6223,18.75,5.215722656250001,8678070055.236164
6224,22.5,5.215722656250001,6633900571.063442
6225,18.75,5.2212890625,8682196208.693024
6226,22.5,5.2212890625,6640783476.622492
6227,26.25,5.215722656250001,4790488010.455401
6228,30.0,5.215722656250001,3348589296.976726
6229,26.25,5.2212890625,4797817822.872065
6230,30.0,5.2212890625,3351746325.7618437
6231,18.75,5.22685546875,8686322362.149883
6232,22.5,5.22685546875,6647666382.181542
6233,18.75,5.232421875,8690448515.60674
6234,22.5,5.232421875,6654549287.740593
6235,26.25,5.22685546875,4805147635.288727
6236,30.0,5.22685546875,3354903354.5469623
6237,26.25,5.232421875,4812477447.705392
6238,30.0,5.232421875,3358060383.3320813
6239,18.75,5.23798828125,8694574669.063599
6240,22.5,5.23798828125,6661432193.2996435
6241,18.75,5.2435546875,8698700822.520458
6242,22.5,5.2435546875,6668315098.858694
6243,26.25,5.23798828125,4819807260.122054
6244,30.0,5.23798828125,3361217412.1172
6245,26.25,5.2435546875,4827137072.538717
6246,30.0,5.2435546875,3364374440.902318
6247,18.75,5.24912109375,8702826975.977318
6248,22.5,5.24912109375,6675198004.417746
6249,18.75,5.2546875,8706953129.434177
6250,22.5,5.2546875,6682080909.976796
6251,26.25,5.24912109375,4834466884.955381
6252,30.0,5.24912109375,3367531469.6874375
6253,26.25,5.2546875,4841796697.3720455
6254,30.0,5.2546875,3370688498.472556
6255,3.75,5.26025390625,50520028376.86718
6256,7.5,5.26025390625,40577332753.18765
6257,11.25,5.26025390625,25655263751.71694
6258,15.0,5.26025390625,10733194750.246227
6259,3.75,5.265820312500001,50537644400.60477
6260,7.5,5.265820312500001,40596850275.61025
6261,11.25,5.265820312500001,25665707213.60557
6262,15.0,5.265820312500001,10734564151.600895
6263,3.75,5.271386718750001,50555260424.34236
6264,7.5,5.271386718750001,40616367798.03285
6265,11.25,5.271386718750001,25676150675.494205
6266,15.0,5.271386718750001,10735933552.95556
6267,3.75,5.276953125,50572876448.07995
6268,7.5,5.276953125,40635885320.45544
6269,11.25,5.276953125,25686594137.382835
6270,15.0,5.276953125,10737302954.31023
6271,3.75,5.28251953125,50590492471.817535
6272,7.5,5.28251953125,40655402842.87804
6273,11.25,5.28251953125,25697037599.271465
6274,15.0,5.28251953125,10738672355.664896
6275,3.75,5.2880859375,50608108495.55513
6276,7.5,5.2880859375,40674920365.30063
6277,11.25,5.2880859375,25707481061.160095
6278,15.0,5.2880859375,10740041757.019564
6279,3.75,5.29365234375,50625724519.29272
6280,7.5,5.29365234375,40694437887.72323
6281,11.25,5.29365234375,25717924523.04873
6282,15.0,5.29365234375,10741411158.374231
6283,3.75,5.29921875,50643340543.03031
6284,7.5,5.29921875,40713955410.14581
6285,11.25,5.29921875,25728367984.937355
6286,15.0,5.29921875,10742780559.728899
6287,18.75,5.26025390625,8711079282.891037
6288,22.5,5.26025390625,6688963815.535847
6289,18.75,5.265820312500001,8715205436.347897
6290,22.5,5.265820312500001,6695846721.094898
6291,26.25,5.26025390625,4849126509.788709
6292,30.0,5.26025390625,3373845527.257674
6293,26.25,5.265820312500001,4856456322.205373
6294,30.0,5.265820312500001,3377002556.0427933
6295,18.75,5.271386718750001,8719331589.804756
6296,22.5,5.271386718750001,6702729626.65395
6297,18.75,5.276953125,8723457743.261614
6298,22.5,5.276953125,6709612532.212999
6299,26.25,5.271386718750001,4863786134.622037
6300,30.0,5.271386718750001,3380159584.827913
6301,26.25,5.276953125,4871115947.0387
6302,30.0,5.276953125,3383316613.6130304
6303,18.75,5.28251953125,8727583896.718473
6304,22.5,5.28251953125,6716495437.77205
6305,18.75,5.2880859375,8731710050.175331
6306,22.5,5.2880859375,6723378343.3311
6307,26.25,5.28251953125,4878445759.455362
6308,30.0,5.28251953125,3386473642.398149
6309,26.25,5.2880859375,4885775571.872026
6310,30.0,5.2880859375,3389630671.1832676
6311,18.75,5.29365234375,8735836203.63219
6312,22.5,5.29365234375,6730261248.89015
6313,18.75,5.29921875,8739962357.08905
6314,22.5,5.29921875,6737144154.449202
6315,26.25,5.29365234375,4893105384.28869
6316,30.0,5.29365234375,3392787699.968386
6317,26.25,5.29921875,4900435196.705353
6318,30.0,5.29921875,3395944728.7535048
6319,3.75,5.304785156249999,50644892153.94371
6320,7.5,5.304785156249999,40709297809.754074
6321,11.25,5.304785156249999,25717421081.877163
6322,15.0,5.304785156249999,10725544354.000257
6323,3.75,5.310351562499999,50643821003.57968
6324,7.5,5.310351562499999,40700693250.53549
6325,11.25,5.310351562499999,25702981874.335526
6326,15.0,5.310351562499999,10705270498.13556
6327,3.75,5.321484375,50641678702.851654
6328,7.5,5.321484375,40683484132.09834
6329,11.25,5.321484375,25674103459.252254
6330,15.0,5.321484375,10664722786.406166
6331,18.75,5.304785156249999,8729638501.33032
6332,22.5,5.304785156249999,6733732648.660382
6333,18.75,5.310351562499999,8716955460.393532
6334,22.5,5.310351562499999,6728640422.651502
6335,26.25,5.304785156249999,4901961089.240179
6336,30.0,5.304785156249999,3398458116.319443
6337,26.25,5.310351562499999,4902539403.018788
6338,30.0,5.310351562499999,3400866419.6046996
6339,18.75,5.321484375,8691589378.519955
6340,22.5,5.321484375,6718455970.633742
6341,26.25,5.321484375,4903696030.576004
6342,30.0,5.321484375,3405683026.1752133
6343,3.75,5.3326171875,50639536402.123604
6344,7.5,5.3326171875,40666275013.66118
6345,11.25,5.3326171875,25645225044.168976
6346,15.0,5.3326171875,10624175074.676771
6347,3.75,5.34375,50637394101.39557
6348,7.5,5.34375,40649065895.22403
6349,11.25,5.34375,25616346629.0857
6350,15.0,5.34375,10583627362.947382
6351,18.75,5.3326171875,8666223296.646378
6352,22.5,5.3326171875,6708271518.615982
6353,18.75,5.34375,8640857214.772802
6354,22.5,5.34375,6698087066.598225
6355,26.25,5.3326171875,4904852658.133221
6356,30.0,5.3326171875,3410499632.745726
6357,26.25,5.34375,4906009285.690438
6358,30.0,5.34375,3415316239.3162384
6359,33.75,5.032031250000001,1948712430.5138216
6360,37.5,5.032031250000001,1131846408.107138
6361,33.75,5.054296875,1941864293.807592
6362,37.5,5.054296875,1129582727.3116152
6363,33.75,5.076562500000001,1935016157.1013615
6364,37.5,5.076562500000001,1127319046.516092
6365,33.75,5.087695312500001,1931592088.7482467
6366,37.5,5.087695312500001,1126187206.1183307
6367,33.75,5.098828125000001,1928168020.3951316
6368,37.5,5.098828125000001,1125055365.7205694
6369,33.75,5.104394531250001,1927005680.4265726
6370,33.75,5.1099609375,1925989925.5801468
6371,37.5,5.104394531250001,1123311444.8514752
6372,37.5,5.1099609375,1121253390.470325
6373,33.75,5.11552734375,1924974170.7337205
6374,33.75,5.12109375,1923958415.8872945
6375,37.5,5.11552734375,1119195336.0891747
6376,37.5,5.12109375,1117137281.7080245
6377,33.75,5.12666015625,1922942661.0408685
6378,33.75,5.1322265625,1921926906.1944423
6379,37.5,5.12666015625,1115079227.3268738
6380,37.5,5.1322265625,1113021172.9457235
6381,33.75,5.13779296875,1920911151.3480163
6382,33.75,5.143359375,1919895396.5015898
6383,37.5,5.13779296875,1110963118.5645728
6384,37.5,5.143359375,1108905064.1834226
6385,33.75,5.14892578125,1918879641.6551638
6386,33.75,5.154492187500001,1917863886.8087373
6387,37.5,5.14892578125,1106847009.802272
6388,37.5,5.154492187500001,1104788955.4211214
6389,33.75,5.160058593750001,1916848131.962311
6390,33.75,5.165625,1915832377.115885
6391,37.5,5.160058593750001,1102730901.0399706
6392,37.5,5.165625,1100672846.6588204
6393,41.25,5.032031250000001,602863935.6825086
6394,45.0,5.032031250000001,73881463.25787921
6395,41.25,5.054296875,601337255.1029564
6396,45.0,5.054296875,73091782.89429751
6397,41.25,5.076562500000001,599810574.5234039
6398,45.0,5.076562500000001,72302102.53071573
6399,41.25,5.087695312500001,599047234.2336278
6400,45.0,5.087695312500001,71907262.34892488
6401,41.25,5.098828125000001,598283893.9438517
6402,45.0,5.098828125000001,71512422.16713402
6403,41.25,5.104394531250001,596991611.9127187
6404,41.25,5.1099609375,595456500.0452543
6405,45.0,5.104394531250001,70671778.97396216
6406,45.0,5.1099609375,69659609.62018381
6407,41.25,5.11552734375,593921388.17779
6408,41.25,5.12109375,592386276.3103256
6409,45.0,5.11552734375,68647440.26640531
6410,45.0,5.12109375,67635270.9126268
6411,41.25,5.12666015625,590851164.4428611
6412,41.25,5.1322265625,589316052.5753967
6413,45.0,5.12666015625,66623101.55884828
6414,45.0,5.1322265625,65610932.205069765
6415,41.25,5.13779296875,587780940.707932
6416,41.25,5.143359375,586245828.8404675
6417,45.0,5.13779296875,64598762.8512911
6418,45.0,5.143359375,63586593.49751258
6419,41.25,5.14892578125,584710716.9730031
6420,41.25,5.154492187500001,583175605.1055384
6421,45.0,5.14892578125,62574424.14373407
6422,45.0,5.154492187500001,61562254.78995539
6423,41.25,5.160058593750001,581640493.2380737
6424,41.25,5.165625,580105381.3706094
6425,45.0,5.160058593750001,60550085.43617672
6426,45.0,5.165625,59537916.08239837
6427,33.75,5.17119140625,1914816622.2694592
6428,33.75,5.1767578125,1913800867.423033
6429,37.5,5.17119140625,1098614792.27767
6430,37.5,5.1767578125,1096556737.8965197
6431,33.75,5.182324218750001,1912785112.5766068
6432,33.75,5.187890625000001,1911769357.7301805
6433,37.5,5.182324218750001,1094498683.515369
6434,37.5,5.187890625000001,1092440629.1342182
6435,41.25,5.17119140625,578570269.503145
6436,41.25,5.1767578125,577035157.6356804
6437,45.0,5.17119140625,58525746.72861986
6438,45.0,5.1767578125,57513577.374841355
6439,41.25,5.182324218750001,575500045.7682159
6440,41.25,5.187890625000001,573964933.9007511
6441,45.0,5.182324218750001,56501408.02106269
6442,45.0,5.187890625000001,55489238.66728401
6443,33.75,5.19345703125,1910753602.8837545
6444,33.75,5.199023437500001,1909737848.037328
6445,37.5,5.19345703125,1090382574.7530682
6446,37.5,5.199023437500001,1088324520.3719175
6447,41.25,5.19345703125,572429822.0332868
6448,41.25,5.199023437500001,570894710.1658223
6449,45.0,5.19345703125,54477069.31350566
6450,45.0,5.199023437500001,53464899.95972698
6451,33.75,5.2,1909559645.432692
6452,33.75,5.204589843750001,1908722093.190902
6453,33.75,5.210156250000001,1907706338.3444757
6454,37.5,5.2,1087963458.1997862
6455,37.5,5.204589843750001,1086266465.990767
6456,37.5,5.210156250000001,1084208411.6096168
6457,41.25,5.2,570625392.2943374
6458,41.25,5.204589843750001,569359598.2983577
6459,41.25,5.210156250000001,567824486.4308933
6460,45.0,5.2,53287326.388888806
6461,45.0,5.204589843750001,52452730.60594847
6462,45.0,5.210156250000001,51440561.25216995
6463,33.75,5.215722656250001,1906690583.4980495
6464,37.5,5.215722656250001,1082150357.2284658
6465,33.75,5.2212890625,1905674828.6516237
6466,37.5,5.2212890625,1080092302.8473158
6467,41.25,5.215722656250001,566289374.5634285
6468,45.0,5.215722656250001,50428391.89839128
6469,41.25,5.2212890625,564754262.6959643
6470,45.0,5.2212890625,49416222.54461293
6471,33.75,5.22685546875,1904659073.8051975
6472,37.5,5.22685546875,1078034248.4661655
6473,33.75,5.232421875,1903643318.9587712
6474,37.5,5.232421875,1075976194.085015
6475,41.25,5.22685546875,563219150.8284999
6476,45.0,5.22685546875,48404053.19083442
6477,41.25,5.232421875,561684038.9610355
6478,45.0,5.232421875,47391883.83705591
6479,33.75,5.23798828125,1902627564.1123452
6480,37.5,5.23798828125,1073918139.7038646
6481,33.75,5.2435546875,1901611809.2659192
6482,37.5,5.2435546875,1071860085.3227142
6483,41.25,5.23798828125,560148927.093571
6484,45.0,5.23798828125,46379714.483277395
6485,41.25,5.2435546875,558613815.2261066
6486,45.0,5.2435546875,45367545.129498884
6487,33.75,5.24912109375,1900596054.4194927
6488,37.5,5.24912109375,1069802030.9415636
6489,33.75,5.2546875,1899580299.5730667
6490,37.5,5.2546875,1067743976.5604132
6491,41.25,5.24912109375,557078703.358642
6492,45.0,5.24912109375,44355375.77572021
6493,41.25,5.2546875,555543591.4911774
6494,45.0,5.2546875,43343206.4219417
6495,33.75,5.26025390625,1898564544.7266405
6496,37.5,5.26025390625,1065685922.1792626
6497,33.75,5.265820312500001,1897548789.8802142
6498,37.5,5.265820312500001,1063627867.798112
6499,41.25,5.26025390625,554008479.6237129
6500,45.0,5.26025390625,42331037.06816319
6501,41.25,5.265820312500001,552473367.7562482
6502,45.0,5.265820312500001,41318867.71438451
6503,33.75,5.271386718750001,1896533035.033788
6504,37.5,5.271386718750001,1061569813.4169613
6505,33.75,5.276953125,1895517280.187362
6506,37.5,5.276953125,1059511759.0358113
6507,41.25,5.271386718750001,550938255.8887835
6508,45.0,5.271386718750001,40306698.36060584
6509,41.25,5.276953125,549403144.0213194
6510,45.0,5.276953125,39294529.00682749
6511,33.75,5.28251953125,1894501525.3409357
6512,37.5,5.28251953125,1057453704.6546607
6513,33.75,5.2880859375,1893485770.4945097
6514,37.5,5.2880859375,1055395650.2735103
6515,41.25,5.28251953125,547868032.1538548
6516,45.0,5.28251953125,38282359.65304898
6517,41.25,5.2880859375,546332920.2863904
6518,45.0,5.2880859375,37270190.299270466
6519,33.75,5.29365234375,1892470015.6480837
6520,37.5,5.29365234375,1053337595.89236
6521,33.75,5.29921875,1891454260.8016577
6522,37.5,5.29921875,1051279541.5112096
6523,41.25,5.29365234375,544797808.418926
6524,45.0,5.29365234375,36258020.945491955
6525,41.25,5.29921875,543262696.5514616
6526,45.0,5.29921875,35245851.59171344
6527,33.75,5.304785156249999,1894955143.3987074
6528,37.5,5.304785156249999,1054330159.0520083
6529,33.75,5.310351562499999,1899193436.1906128
6530,37.5,5.310351562499999,1058214845.4780247
6531,41.25,5.304785156249999,545144168.9923272
6532,45.0,5.304785156249999,35958178.93264618
6533,41.25,5.310351562499999,547583451.1161866
6534,45.0,5.310351562499999,36952056.754348524
6535,33.75,5.321484375,1907670021.7744222
6536,37.5,5.321484375,1065984218.3300573
6537,41.25,5.321484375,552462015.3639052
6538,45.0,5.321484375,38939812.39775307
6539,33.75,5.3326171875,1916146607.3582315
6540,37.5,5.3326171875,1073753591.1820896
6541,33.75,5.34375,1924623192.9420407
6542,37.5,5.34375,1081522964.0341215
6543,41.25,5.3326171875,557340579.6116236
6544,45.0,5.3326171875,40927568.04115761
6545,41.25,5.34375,562219143.8593417
6546,45.0,5.34375,42915323.68456199
6547,48.75,5.032031250000001,46175914.53617451
6548,52.5,5.032031250000001,18470365.814469803
6549,48.75,5.054296875,45682364.30893595
6550,52.5,5.054296875,18272945.723574378
6551,48.75,5.076562500000001,45188814.08169734
6552,52.5,5.076562500000001,18075525.632678933
6553,48.75,5.087695312500001,44942038.968078054
6554,52.5,5.087695312500001,17976815.58723122
6555,48.75,5.098828125000001,44695263.85445877
6556,52.5,5.098828125000001,17878105.541783504
6557,48.75,5.104394531250001,44169861.85872635
6558,48.75,5.1099609375,43537256.01261488
6559,52.5,5.104394531250001,17667944.74349054
6560,52.5,5.1099609375,17414902.405045953
6561,48.75,5.11552734375,42904650.16650332
6562,48.75,5.12109375,42272044.32039175
6563,52.5,5.11552734375,17161860.06660133
6564,52.5,5.12109375,16908817.7281567
6565,48.75,5.12666015625,41639438.47428018
6566,48.75,5.1322265625,41006832.628168605
6567,52.5,5.12666015625,16655775.38971207
6568,52.5,5.1322265625,16402733.051267441
6569,48.75,5.13779296875,40374226.782056935
6570,48.75,5.143359375,39741620.93594536
6571,52.5,5.13779296875,16149690.712822774
6572,52.5,5.143359375,15896648.374378145
6573,48.75,5.14892578125,39109015.08983379
6574,48.75,5.154492187500001,38476409.243722126
6575,52.5,5.14892578125,15643606.035933517
6576,52.5,5.154492187500001,15390563.697488848
6577,48.75,5.160058593750001,37843803.39761045
6578,48.75,5.165625,37211197.55149898
6579,52.5,5.160058593750001,15137521.35904418
6580,52.5,5.165625,14884479.020599592
6581,56.25,5.032031250000001,0.0
6582,60.0,5.032031250000001,0.0
6583,56.25,5.054296875,0.0
6584,60.0,5.054296875,0.0
6585,56.25,5.076562500000001,0.0
6586,60.0,5.076562500000001,0.0
6587,56.25,5.087695312500001,0.0
6588,60.0,5.087695312500001,0.0
6589,56.25,5.098828125000001,0.0
6590,60.0,5.098828125000001,0.0
6591,56.25,5.104394531250001,0.0
6592,56.25,5.1099609375,0.0
6593,60.0,5.104394531250001,0.0
6594,60.0,5.1099609375,0.0
6595,56.25,5.11552734375,0.0
6596,56.25,5.12109375,0.0
6597,60.0,5.11552734375,0.0
6598,60.0,5.12109375,0.0
6599,56.25,5.12666015625,0.0
6600,56.25,5.1322265625,0.0
6601,60.0,5.12666015625,0.0
6602,60.0,5.1322265625,0.0
6603,56.25,5.13779296875,0.0
6604,56.25,5.143359375,0.0
6605,60.0,5.13779296875,0.0
6606,60.0,5.143359375,0.0
6607,56.25,5.14892578125,0.0
6608,56.25,5.154492187500001,0.0
6609,60.0,5.14892578125,0.0
6610,60.0,5.154492187500001,0.0
6611,56.25,5.160058593750001,0.0
6612,56.25,5.165625,0.0
6613,60.0,5.160058593750001,0.0
6614,60.0,5.165625,0.0
6615,48.75,5.17119140625,36578591.70538741
6616,48.75,5.1767578125,35945985.85927585
6617,52.5,5.17119140625,14631436.682154965
6618,52.5,5.1767578125,14378394.343710339
6619,48.75,5.182324218750001,35313380.01316418
6620,48.75,5.187890625000001,34680774.16705251
6621,52.5,5.182324218750001,14125352.005265672
6622,52.5,5.187890625000001,13872309.666821003
6623,56.25,5.17119140625,0.0
6624,56.25,5.1767578125,0.0
6625,60.0,5.17119140625,0.0
6626,60.0,5.1767578125,0.0
6627,56.25,5.182324218750001,0.0
6628,56.25,5.187890625000001,0.0
6629,60.0,5.182324218750001,0.0
6630,60.0,5.187890625000001,0.0
6631,48.75,5.19345703125,34048168.32094104
6632,48.75,5.199023437500001,33415562.47482936
6633,52.5,5.19345703125,13619267.328376414
6634,52.5,5.199023437500001,13366224.989931745
6635,56.25,5.19345703125,0.0
6636,56.25,5.199023437500001,0.0
6637,60.0,5.19345703125,0.0
6638,60.0,5.199023437500001,0.0
6639,48.75,5.2,33304578.9930555
6640,48.75,5.204589843750001,32782956.628717788
6641,48.75,5.210156250000001,32150350.78260622
6642,52.5,5.2,13321831.597222202
6643,52.5,5.204589843750001,13113182.651487118
6644,52.5,5.210156250000001,12860140.313042488
6645,56.25,5.2,0.0
6646,56.25,5.204589843750001,0.0
6647,56.25,5.210156250000001,0.0
6648,60.0,5.2,0.0
6649,60.0,5.204589843750001,0.0
6650,60.0,5.210156250000001,0.0
6651,48.75,5.215722656250001,31517744.93649455
6652,52.5,5.215722656250001,12607097.97459782
6653,48.75,5.2212890625,30885139.090383083
6654,52.5,5.2212890625,12354055.636153232
6655,56.25,5.215722656250001,0.0
6656,60.0,5.215722656250001,0.0
6657,56.25,5.2212890625,0.0
6658,60.0,5.2212890625,0.0
6659,48.75,5.22685546875,30252533.24427151
6660,52.5,5.22685546875,12101013.297708604
6661,48.75,5.232421875,29619927.398159944
6662,52.5,5.232421875,11847970.959263977
6663,56.25,5.22685546875,0.0
6664,60.0,5.22685546875,0.0
6665,56.25,5.232421875,0.0
6666,60.0,5.232421875,0.0
6667,48.75,5.23798828125,28987321.55204837
6668,52.5,5.23798828125,11594928.620819349
6669,48.75,5.2435546875,28354715.7059368
6670,52.5,5.2435546875,11341886.282374721
6671,56.25,5.23798828125,0.0
6672,60.0,5.23798828125,0.0
6673,56.25,5.2435546875,0.0
6674,60.0,5.2435546875,0.0
6675,48.75,5.24912109375,27722109.85982513
6676,52.5,5.24912109375,11088843.943930052
6677,48.75,5.2546875,27089504.01371356
6678,52.5,5.2546875,10835801.605485424
6679,56.25,5.24912109375,0.0
6680,60.0,5.24912109375,0.0
6681,56.25,5.2546875,0.0
6682,60.0,5.2546875,0.0
6683,48.75,5.26025390625,26456898.167601988
6684,52.5,5.26025390625,10582759.267040797
6685,48.75,5.265820312500001,25824292.32149032
6686,52.5,5.265820312500001,10329716.928596128
6687,56.25,5.26025390625,0.0
6688,60.0,5.26025390625,0.0
6689,56.25,5.265820312500001,0.0
6690,60.0,5.265820312500001,0.0
6691,48.75,5.271386718750001,25191686.47537865
6692,52.5,5.271386718750001,10076674.59015146
6693,48.75,5.276953125,24559080.629267182
6694,52.5,5.276953125,9823632.251706872
6695,56.25,5.271386718750001,0.0
6696,60.0,5.271386718750001,0.0
6697,56.25,5.276953125,0.0
6698,60.0,5.276953125,0.0
6699,48.75,5.28251953125,23926474.783155613
6700,52.5,5.28251953125,9570589.913262244
6701,48.75,5.2880859375,23293868.93704404
6702,52.5,5.2880859375,9317547.574817616
6703,56.25,5.28251953125,0.0
6704,60.0,5.28251953125,0.0
6705,56.25,5.2880859375,0.0
6706,60.0,5.2880859375,0.0
6707,48.75,5.29365234375,22661263.09093247
6708,52.5,5.29365234375,9064505.236372989
6709,48.75,5.29921875,22028657.2448209
6710,52.5,5.29921875,8811462.89792836
6711,56.25,5.29365234375,0.0
6712,60.0,5.29365234375,0.0
6713,56.25,5.29921875,0.0
6714,60.0,5.29921875,0.0
6715,48.75,5.304785156249999,22473861.832903862
6716,52.5,5.304785156249999,8989544.733161544
6717,48.75,5.310351562499999,23095035.47146783
6718,52.5,5.310351562499999,9238014.188587131
6719,56.25,5.304785156249999,0.0
6720,60.0,5.304785156249999,0.0
6721,56.25,5.310351562499999,0.0
6722,60.0,5.310351562499999,0.0
6723,48.75,5.321484375,24337382.74859567
6724,52.5,5.321484375,9734953.099438267
6725,56.25,5.321484375,0.0
6726,60.0,5.321484375,0.0
6727,48.75,5.3326171875,25579730.02572351
6728,52.5,5.3326171875,10231892.010289403
6729,48.75,5.34375,26822077.302851245
6730,52.5,5.34375,10728830.921140498
6731,56.25,5.3326171875,0.0
6732,60.0,5.3326171875,0.0
6733,56.25,5.34375,0.0
6734,60.0,5.34375,0.0
6735,3.75,5.3548828125,50635251800.66753
6736,7.5,5.3548828125,40631856776.786865
6737,11.25,5.3548828125,25587468214.002426
6738,15.0,5.3548828125,10543079651.21799
6739,18.75,5.3548828125,8615491132.899227
6740,22.5,5.3548828125,6687902614.580464
6741,26.25,5.3548828125,4907165913.247654
6742,30.0,5.3548828125,3420132845.8867517
6743,3.75,5.366015625,50633109499.93949
6744,7.5,5.366015625,40614647658.34972
6745,11.25,5.366015625,25558589798.919155
6746,15.0,5.366015625,10502531939.488596
6747,18.75,5.366015625,8590125051.02565
6748,22.5,5.366015625,6677718162.562704
6749,26.25,5.366015625,4908322540.80487
6750,30.0,5.366015625,3424949452.4572644
6751,3.75,5.377148437500001,50630967199.21145
6752,7.5,5.377148437500001,40597438539.91255
6753,11.25,5.377148437500001,25529711383.83588
6754,15.0,5.377148437500001,10461984227.759203
6755,18.75,5.377148437500001,8564758969.152074
6756,22.5,5.377148437500001,6667533710.544945
6757,26.25,5.377148437500001,4909479168.362088
6758,30.0,5.377148437500001,3429766059.0277777
6759,3.75,5.38828125,50628824898.48341
6760,7.5,5.38828125,40580229421.4754
6761,11.25,5.38828125,25500832968.75261
6762,15.0,5.38828125,10421436516.029812
6763,18.75,5.38828125,8539392887.278499
6764,22.5,5.38828125,6657349258.5271845
6765,26.25,5.38828125,4910635795.919305
6766,30.0,5.38828125,3434582665.5982904
6767,3.75,5.3994140625,50626682597.75537
6768,7.5,5.3994140625,40563020303.038246
6769,11.25,5.3994140625,25471954553.66933
6770,15.0,5.3994140625,10380888804.30042
6771,18.75,5.3994140625,8514026805.404923
6772,22.5,5.3994140625,6647164806.509425
6773,26.25,5.3994140625,4911792423.476521
6774,30.0,5.3994140625,3439399272.168803
6775,3.75,5.410546875,50624540297.02733
6776,7.5,5.410546875,40545811184.60109
6777,11.25,5.410546875,25443076138.58606
6778,15.0,5.410546875,10340341092.571032
6779,18.75,5.410546875,8488660723.531348
6780,22.5,5.410546875,6636980354.491667
6781,26.25,5.410546875,4912949051.033738
6782,30.0,5.410546875,3444215878.739316
6783,3.75,5.421679687499999,50622397996.29929
6784,7.5,5.421679687499999,40528602066.16393
6785,11.25,5.421679687499999,25414197723.50279
6786,15.0,5.421679687499999,10299793380.84164
6787,18.75,5.421679687499999,8463294641.657774
6788,22.5,5.421679687499999,6626795902.4739065
6789,26.25,5.421679687499999,4914105678.590954
6790,30.0,5.421679687499999,3449032485.309829
6791,3.75,5.4328125,50620255695.57125
6792,7.5,5.4328125,40511392947.72678
6793,11.25,5.4328125,25385319308.419514
6794,15.0,5.4328125,10259245669.112246
6795,18.75,5.4328125,8437928559.784197
6796,22.5,5.4328125,6616611450.456146
6797,26.25,5.4328125,4915262306.148171
6798,30.0,5.4328125,3453849091.880342
6799,3.75,5.4439453125,50618113394.84321
6800,7.5,5.4439453125,40494183829.28963
6801,11.25,5.4439453125,25356440893.33624
6802,15.0,5.4439453125,10218697957.382853
6803,18.75,5.4439453125,8412562477.91062
6804,22.5,5.4439453125,6606426998.438387
6805,26.25,5.4439453125,4916418933.705387
6806,30.0,5.4439453125,3458665698.450855
6807,3.75,5.455078125,50615971094.11517
6808,7.5,5.455078125,40476974710.85247
6809,11.25,5.455078125,25327562478.252964
6810,15.0,5.455078125,10178150245.653461
6811,18.75,5.455078125,8387196396.037045
6812,22.5,5.455078125,6596242546.420628
6813,26.25,5.455078125,4917575561.262604
6814,30.0,5.455078125,3463482305.021368
6815,3.75,5.4662109375,50613828793.38713
6816,7.5,5.4662109375,40459765592.41531
6817,11.25,5.4662109375,25298684063.169693
6818,15.0,5.4662109375,10137602533.92407
6819,18.75,5.4662109375,8361830314.163469
6820,22.5,5.4662109375,6586058094.402868
6821,26.25,5.4662109375,4918732188.81982
6822,30.0,5.4662109375,3468298911.591881
6823,3.75,5.477343749999999,50611686492.65909
6824,7.5,5.477343749999999,40442556473.97816
6825,11.25,5.477343749999999,25269805648.08642
6826,15.0,5.477343749999999,10097054822.19468
6827,18.75,5.477343749999999,8336464232.289896
6828,22.5,5.477343749999999,6575873642.385109
6829,26.25,5.477343749999999,4919888816.377037
6830,30.0,5.477343749999999,3473115518.162393
6831,3.75,5.488476562499999,50609544191.931046
6832,7.5,5.488476562499999,40425347355.541
6833,11.25,5.488476562499999,25240927233.003147
6834,15.0,5.488476562499999,10056507110.46529
6835,18.75,5.488476562499999,8311098150.41632
6836,22.5,5.488476562499999,6565689190.36735
6837,26.25,5.488476562499999,4921045443.934254
6838,30.0,5.488476562499999,3477932124.732906
6839,3.75,5.499609374999999,50607401891.20301
6840,7.5,5.499609374999999,40408138237.10384
6841,11.25,5.499609374999999,25212048817.919872
6842,15.0,5.499609374999999,10015959398.735899
6843,18.75,5.499609374999999,8285732068.542745
6844,22.5,5.499609374999999,6555504738.34959
6845,26.25,5.499609374999999,4922202071.49147
6846,30.0,5.499609374999999,3482748731.3034186
6847,3.75,5.5107421875,50702554841.32684
6848,7.5,5.5107421875,40490899344.92193
6849,11.25,5.5107421875,25271390755.759342
6850,15.0,5.5107421875,10051882166.596762
6851,18.75,5.5107421875,8300627362.552871
6852,22.5,5.5107421875,6549372558.508979
6853,26.25,5.5107421875,4904779773.744763
6854,30.0,5.5107421875,3473511027.5398974
6855,3.75,5.521875,50801245800.57258
6856,7.5,5.521875,40577295733.69475
6857,11.25,5.521875,25333940706.432373
6858,15.0,5.521875,10090585679.170004
6859,18.75,5.521875,8316986706.595136
6860,22.5,5.521875,6543387734.020267
6861,26.25,5.521875,4886681878.714277
6862,30.0,5.521875,3463762257.946048
6863,33.75,5.3548828125,1933099778.5258493
6864,37.5,5.3548828125,1089292336.8861532
6865,41.25,5.3548828125,567097708.1070597
6866,45.0,5.3548828125,44903079.32796638
6867,33.75,5.366015625,1941576364.109659
6868,37.5,5.366015625,1097061709.7381854
6869,41.25,5.366015625,571976272.3547782
6870,45.0,5.366015625,46890834.97137091
6871,33.75,5.377148437500001,1950052949.6934683
6872,37.5,5.377148437500001,1104831082.5902178
6873,41.25,5.377148437500001,576854836.6024966
6874,45.0,5.377148437500001,48878590.61477545
6875,33.75,5.38828125,1958529535.2772775
6876,37.5,5.38828125,1112600455.4422498
6877,41.25,5.38828125,581733400.8502148
6878,45.0,5.38828125,50866346.25817984
6879,33.75,5.3994140625,1967006120.861086
6880,37.5,5.3994140625,1120369828.2942812
6881,41.25,5.3994140625,586611965.0979327
6882,45.0,5.3994140625,52854101.90158422
6883,33.75,5.410546875,1975482706.444895
6884,37.5,5.410546875,1128139201.1463132
6885,41.25,5.410546875,591490529.3456509
6886,45.0,5.410546875,54841857.5449886
6887,33.75,5.421679687499999,1983959292.0287037
6888,37.5,5.421679687499999,1135908573.998345
6889,41.25,5.421679687499999,596369093.5933689
6890,45.0,5.421679687499999,56829613.18839298
6891,33.75,5.4328125,1992435877.6125133
6892,37.5,5.4328125,1143677946.8503773
6893,41.25,5.4328125,601247657.8410873
6894,45.0,5.4328125,58817368.831797525
6895,33.75,5.4439453125,2000912463.196323
6896,37.5,5.4439453125,1151447319.7024097
6897,41.25,5.4439453125,606126222.0888059
6898,45.0,5.4439453125,60805124.47520206
6899,33.75,5.455078125,2009389048.7801316
6900,37.5,5.455078125,1159216692.5544415
6901,41.25,5.455078125,611004786.3365239
6902,45.0,5.455078125,62792880.11860645
6903,33.75,5.4662109375,2017865634.3639407
6904,37.5,5.4662109375,1166986065.4064732
6905,41.25,5.4662109375,615883350.5842421
6906,45.0,5.4662109375,64780635.76201083
6907,33.75,5.477343749999999,2026342219.9477496
6908,37.5,5.477343749999999,1174755438.2585049
6909,41.25,5.477343749999999,620761914.8319601
6910,45.0,5.477343749999999,66768391.40541521
6911,33.75,5.488476562499999,2034818805.531558
6912,37.5,5.488476562499999,1182524811.1105368
6913,41.25,5.488476562499999,625640479.0796782
6914,45.0,5.488476562499999,68756147.04881959
6915,33.75,5.499609374999999,2043295391.115367
6916,37.5,5.499609374999999,1190294183.9625685
6917,41.25,5.499609374999999,630519043.3273962
6918,45.0,5.499609374999999,70743902.69222397
6919,33.75,5.5107421875,2042242281.335032
6920,37.5,5.5107421875,1192100136.7943919
6921,41.25,5.5107421875,632521293.0858645
6922,45.0,5.5107421875,72942449.37733707
6923,33.75,5.521875,2040842637.177818
6924,37.5,5.521875,1193689237.989116
6925,41.25,5.521875,634418949.5901777
6926,45.0,5.521875,75148661.19123924
6927,48.75,5.3548828125,28064424.579978984
6928,52.5,5.3548828125,11225769.831991594
6929,48.75,5.366015625,29306771.85710682
6930,52.5,5.366015625,11722708.742842728
6931,56.25,5.3548828125,0.0
6932,60.0,5.3548828125,0.0
6933,56.25,5.366015625,0.0
6934,60.0,5.366015625,0.0
6935,48.75,5.377148437500001,30549119.13423466
6936,52.5,5.377148437500001,12219647.653693862
6937,48.75,5.38828125,31791466.411362402
6938,52.5,5.38828125,12716586.56454496
6939,56.25,5.377148437500001,0.0
6940,60.0,5.377148437500001,0.0
6941,56.25,5.38828125,0.0
6942,60.0,5.38828125,0.0
6943,48.75,5.3994140625,33033813.688490137
6944,52.5,5.3994140625,13213525.475396056
6945,48.75,5.410546875,34276160.96561788
6946,52.5,5.410546875,13710464.38624715
6947,56.25,5.3994140625,0.0
6948,60.0,5.3994140625,0.0
6949,56.25,5.410546875,0.0
6950,60.0,5.410546875,0.0
6951,48.75,5.421679687499999,35518508.24274561
6952,52.5,5.421679687499999,14207403.297098245
6953,48.75,5.4328125,36760855.519873455
6954,52.5,5.4328125,14704342.207949381
6955,56.25,5.421679687499999,0.0
6956,60.0,5.421679687499999,0.0
6957,56.25,5.4328125,0.0
6958,60.0,5.4328125,0.0
6959,48.75,5.4439453125,38003202.79700129
6960,52.5,5.4439453125,15201281.118800515
6961,48.75,5.455078125,39245550.07412903
6962,52.5,5.455078125,15698220.029651612
6963,56.25,5.4439453125,0.0
6964,60.0,5.4439453125,0.0
6965,56.25,5.455078125,0.0
6966,60.0,5.455078125,0.0
6967,48.75,5.4662109375,40487897.351256765
6968,52.5,5.4662109375,16195158.940502707
6969,48.75,5.477343749999999,41730244.62838451
6970,52.5,5.477343749999999,16692097.851353802
6971,56.25,5.4662109375,0.0
6972,60.0,5.4662109375,0.0
6973,56.25,5.477343749999999,0.0
6974,60.0,5.477343749999999,0.0
6975,48.75,5.488476562499999,42972591.90551224
6976,52.5,5.488476562499999,17189036.762204897
6977,48.75,5.499609374999999,44214939.18263998
6978,52.5,5.499609374999999,17685975.67305599
6979,56.25,5.488476562499999,0.0
6980,60.0,5.488476562499999,0.0
6981,56.25,5.499609374999999,0.0
6982,60.0,5.499609374999999,0.0
6983,48.75,5.5107421875,45589030.86083567
6984,52.5,5.5107421875,18235612.344334267
6985,48.75,5.521875,46967913.24452453
6986,52.5,5.521875,18787165.29780981
6987,56.25,5.5107421875,0.0
6988,60.0,5.5107421875,0.0
6989,56.25,5.521875,0.0
6990,60.0,5.521875,0.0
6991,3.75,5.533007812499999,50899936759.818306
6992,7.5,5.533007812499999,40663692122.46756
6993,11.25,5.533007812499999,25396490657.1054
6994,15.0,5.533007812499999,10129289191.743244
6995,18.75,5.533007812499999,8333346050.6374
6996,22.5,5.533007812499999,6537402909.531553
6997,26.25,5.533007812499999,4868583983.683791
6998,30.0,5.533007812499999,3454013488.3521976
6999,3.75,5.544140625,50998627719.06404
7000,7.5,5.544140625,40750088511.24038
7001,11.25,5.544140625,25459040607.778435
7002,15.0,5.544140625,10167992704.31649
7003,18.75,5.544140625,8349705394.679664
7004,22.5,5.544140625,6531418085.04284
7005,26.25,5.544140625,4850486088.653304
7006,30.0,5.544140625,3444264718.7583466
7007,3.75,5.5552734375,51097318678.30978
7008,7.5,5.5552734375,40836484900.01321
7009,11.25,5.5552734375,25521590558.451466
7010,15.0,5.5552734375,10206696216.889732
7011,18.75,5.5552734375,8366064738.72193
7012,22.5,5.5552734375,6525433260.554127
7013,26.25,5.5552734375,4832388193.622818
7014,30.0,5.5552734375,3434515949.1644964
7015,3.75,5.56640625,51196009637.555504
7016,7.5,5.56640625,40922881288.78602
7017,11.25,5.56640625,25584140509.124496
7018,15.0,5.56640625,10245399729.462973
7019,18.75,5.56640625,8382424082.764193
7020,22.5,5.56640625,6519448436.0654125
7021,26.25,5.56640625,4814290298.592331
7022,30.0,5.56640625,3424767179.5706463
7023,3.75,5.5775390625,51294700596.80124
7024,7.5,5.5775390625,41009277677.55882
7025,11.25,5.5775390625,25646690459.79752
7026,15.0,5.5775390625,10284103242.036215
7027,18.75,5.5775390625,8398783426.806457
7028,22.5,5.5775390625,6513463611.5767
7029,26.25,5.5775390625,4796192403.561846
7030,30.0,5.5775390625,3415018409.976797
7031,3.75,5.588671875,51393391556.046974
7032,7.5,5.588671875,41095674066.33166
7033,11.25,5.588671875,25709240410.470554
7034,15.0,5.588671875,10322806754.609459
7035,18.75,5.588671875,8415142770.848722
7036,22.5,5.588671875,6507478787.087987
7037,26.25,5.588671875,4778094508.531359
7038,30.0,5.588671875,3405269640.382946
7039,3.75,5.599804687500001,51492082515.292694
7040,7.5,5.599804687500001,41182070455.10448
7041,11.25,5.599804687500001,25771790361.143585
7042,15.0,5.599804687500001,10361510267.182701
7043,18.75,5.599804687500001,8431502114.890987
7044,22.5,5.599804687500001,6501493962.599273
7045,26.25,5.599804687500001,4759996613.500872
7046,30.0,5.599804687500001,3395520870.7890954
7047,3.75,5.6109375,51590773474.53842
7048,7.5,5.6109375,41268466843.87729
7049,11.25,5.6109375,25834340311.816612
7050,15.0,5.6109375,10400213779.755943
7051,18.75,5.6109375,8447861458.93325
7052,22.5,5.6109375,6495509138.110559
7053,26.25,5.6109375,4741898718.470385
7054,30.0,5.6109375,3385772101.1952453
7055,33.75,5.533007812499999,2039442993.020604
7056,37.5,5.533007812499999,1195278339.18384
7057,41.25,5.533007812499999,636316606.0944908
7058,45.0,5.533007812499999,77354873.0051414
7059,33.75,5.544140625,2038043348.8633902
7060,37.5,5.544140625,1196867440.3785641
7061,41.25,5.544140625,638214262.598804
7062,45.0,5.544140625,79561084.81904377
7063,33.75,5.5552734375,2036643704.7061758
7064,37.5,5.5552734375,1198456541.5732884
7065,41.25,5.5552734375,640111919.1031172
7066,45.0,5.5552734375,81767296.6329461
7067,33.75,5.56640625,2035244060.5489616
7068,37.5,5.56640625,1200045642.7680123
7069,41.25,5.56640625,642009575.6074302
7070,45.0,5.56640625,83973508.44684827
7071,33.75,5.5775390625,2033844416.3917477
7072,37.5,5.5775390625,1201634743.9627364
7073,41.25,5.5775390625,643907232.1117433
7074,45.0,5.5775390625,86179720.26075044
7075,33.75,5.588671875,2032444772.2345338
7076,37.5,5.588671875,1203223845.1574605
7077,41.25,5.588671875,645804888.6160566
7078,45.0,5.588671875,88385932.0746528
7079,33.75,5.599804687500001,2031045128.0773194
7080,37.5,5.599804687500001,1204812946.3521845
7081,41.25,5.599804687500001,647702545.1203698
7082,45.0,5.599804687500001,90592143.88855514
7083,33.75,5.6109375,2029645483.9201055
7084,37.5,5.6109375,1206402047.5469084
7085,41.25,5.6109375,649600201.6246829
7086,45.0,5.6109375,92798355.70245732
7087,48.75,5.533007812499999,48346795.62821338
7088,52.5,5.533007812499999,19338718.25128535
7089,48.75,5.544140625,49725678.011902355
7090,52.5,5.544140625,19890271.204760943
7091,56.25,5.533007812499999,0.0
7092,60.0,5.533007812499999,0.0
7093,56.25,5.544140625,0.0
7094,60.0,5.544140625,0.0
7095,48.75,5.5552734375,51104560.39559132
7096,52.5,5.5552734375,20441824.158236526
7097,48.75,5.56640625,52483442.77928017
7098,52.5,5.56640625,20993377.11171207
7099,56.25,5.5552734375,0.0
7100,60.0,5.5552734375,0.0
7101,56.25,5.56640625,0.0
7102,60.0,5.56640625,0.0
7103,48.75,5.5775390625,53862325.16296903
7104,52.5,5.5775390625,21544930.06518761
7105,48.75,5.588671875,55241207.546658
7106,52.5,5.588671875,22096483.0186632
7107,56.25,5.5775390625,0.0
7108,60.0,5.5775390625,0.0
7109,56.25,5.588671875,0.0
7110,60.0,5.588671875,0.0
7111,48.75,5.599804687500001,56620089.930346966
7112,52.5,5.599804687500001,22648035.972138785
7113,48.75,5.6109375,57998972.314035825
7114,52.5,5.6109375,23199588.92561433
7115,56.25,5.599804687500001,0.0
7116,60.0,5.599804687500001,0.0
7117,56.25,5.6109375,0.0
7118,60.0,5.6109375,0.0
7119,3.75,5.6220703125,51689464433.78416
7120,7.5,5.6220703125,41354863232.6501
7121,11.25,5.6220703125,25896890262.489643
7122,15.0,5.6220703125,10438917292.329184
7123,18.75,5.6220703125,8464220802.975515
7124,22.5,5.6220703125,6489524313.621847
7125,26.25,5.6220703125,4723800823.4399
7126,30.0,5.6220703125,3376023331.601395
7127,3.75,5.633203125000001,51788155393.0299
7128,7.5,5.633203125000001,41441259621.42293
7129,11.25,5.633203125000001,25959440213.162678
7130,15.0,5.633203125000001,10477620804.902431
7131,18.75,5.633203125000001,8480580147.017781
7132,22.5,5.633203125000001,6483539489.133133
7133,26.25,5.633203125000001,4705702928.409411
7134,30.0,5.633203125000001,3366274562.007544
7135,3.75,5.644335937500001,51886846352.27563
7136,7.5,5.644335937500001,41527656010.19574
7137,11.25,5.644335937500001,26021990163.83571
7138,15.0,5.644335937500001,10516324317.475672
7139,18.75,5.644335937500001,8496939491.060044
7140,22.5,5.644335937500001,6477554664.64442
7141,26.25,5.644335937500001,4687605033.378924
7142,30.0,5.644335937500001,3356525792.4136944
7143,3.75,5.655468750000001,51985537311.52136
7144,7.5,5.655468750000001,41614052398.96856
7145,11.25,5.655468750000001,26084540114.50874
7146,15.0,5.655468750000001,10555027830.048912
7147,18.75,5.655468750000001,8513298835.102309
7148,22.5,5.655468750000001,6471569840.155706
7149,26.25,5.655468750000001,4669507138.348439
7150,30.0,5.655468750000001,3346777022.8198442
7151,33.75,5.6220703125,2028245839.7628915
7152,37.5,5.6220703125,1207991148.7416325
7153,41.25,5.6220703125,651497858.1289959
7154,45.0,5.6220703125,95004567.5163595
7155,33.75,5.633203125000001,2026846195.6056771
7156,37.5,5.633203125000001,1209580249.9363568
7157,41.25,5.633203125000001,653395514.6333094
7158,45.0,5.633203125000001,97210779.330262
7159,33.75,5.644335937500001,2025446551.4484632
7160,37.5,5.644335937500001,1211169351.1310806
7161,41.25,5.644335937500001,655293171.1376225
7162,45.0,5.644335937500001,99416991.14416417
7163,33.75,5.655468750000001,2024046907.2912493
7164,37.5,5.655468750000001,1212758452.3258047
7165,41.25,5.655468750000001,657190827.6419355
7166,45.0,5.655468750000001,101623202.95806636
7167,48.75,5.6220703125,59377854.697724685
7168,52.5,5.6220703125,23751141.879089873
7169,48.75,5.633203125000001,60756737.08141376
7170,52.5,5.633203125000001,24302694.8325655
7171,56.25,5.6220703125,0.0
7172,60.0,5.6220703125,0.0
7173,56.25,5.633203125000001,0.0
7174,60.0,5.633203125000001,0.0
7175,48.75,5.644335937500001,62135619.46510261
7176,52.5,5.644335937500001,24854247.786041044
7177,48.75,5.655468750000001,63514501.848791465
7178,52.5,5.655468750000001,25405800.73951659
7179,56.25,5.644335937500001,0.0
7180,60.0,5.644335937500001,0.0
7181,56.25,5.655468750000001,0.0
7182,60.0,5.655468750000001,0.0
7183,3.75,5.6666015625,52084228270.76708
7184,7.5,5.6666015625,41700448787.74138
7185,11.25,5.6666015625,26147090065.181763
7186,15.0,5.6666015625,10593731342.622152
7187,18.75,5.6666015625,8529658179.144573
7188,22.5,5.6666015625,6465585015.666994
7189,26.25,5.6666015625,4651409243.317953
7190,30.0,5.6666015625,3337028253.225995
7191,3.75,5.677734375,52182919230.01281
7192,7.5,5.677734375,41786845176.51419
7193,11.25,5.677734375,26209640015.85479
7194,15.0,5.677734375,10632434855.195395
7195,18.75,5.677734375,8546017523.186837
7196,22.5,5.677734375,6459600191.17828
7197,26.25,5.677734375,4633311348.287468
7198,30.0,5.677734375,3327279483.632145
7199,33.75,5.6666015625,2022647263.134035
7200,37.5,5.6666015625,1214347553.5205286
7201,41.25,5.6666015625,659088484.1462486
7202,45.0,5.6666015625,103829414.77196853
7203,33.75,5.677734375,2021247618.9768212
7204,37.5,5.677734375,1215936654.7152526
7205,41.25,5.677734375,660986140.6505617
7206,45.0,5.677734375,106035626.58587068
7207,48.75,5.6666015625,64893384.23248033
7208,52.5,5.6666015625,25957353.692992132
7209,48.75,5.677734375,66272266.616169184
7210,52.5,5.677734375,26508906.64646767
7211,56.25,5.6666015625,0.0
7212,60.0,5.6666015625,0.0
7213,56.25,5.677734375,0.0
7214,60.0,5.677734375,0.0
7215,3.75,5.6888671875,52281610189.25853
7216,7.5,5.6888671875,41873241565.287
7217,11.25,5.6888671875,26272189966.52782
7218,15.0,5.6888671875,10671138367.768635
7219,18.75,5.6888671875,8562376867.229101
7220,22.5,5.6888671875,6453615366.689568
7221,26.25,5.6888671875,4615213453.256982
7222,30.0,5.6888671875,3317530714.0382943
7223,3.75,5.7,52380301148.50427
7224,7.5,5.7,41959637954.05983
7225,11.25,5.7,26334739917.20085
7226,15.0,5.7,10709841880.341879
7227,18.75,5.7,8578736211.271366
7228,22.5,5.7,6447630542.200853
7229,26.25,5.7,4597115558.226495
7230,30.0,5.7,3307781944.444444
7231,33.75,5.6888671875,2019847974.8196073
7232,37.5,5.6888671875,1217525755.9099767
7233,41.25,5.6888671875,662883797.1548748
7234,45.0,5.6888671875,108241838.39977287
7235,33.75,5.7,2018448330.662393
7236,37.5,5.7,1219114857.1047008
7237,41.25,5.7,664781453.659188
7238,45.0,5.7,110448050.21367522
7239,48.75,5.6888671875,67651148.99985804
7240,52.5,5.6888671875,27060459.599943217
7241,48.75,5.7,69030031.38354701
7242,52.5,5.7,27612012.553418804
7243,56.25,5.6888671875,0.0
7244,60.0,5.6888671875,0.0
7245,56.25,5.7,0.0
7246,60.0,5.7,0.0
7247,63.75,0.0111328125,0.0
7248,63.75,-0.0,0.0
7249,63.75,0.022265625,0.0
7250,67.5,0.0111328125,0.0
7251,67.5,-0.0,0.0
7252,67.5,0.022265625,0.0
7253,63.75,0.0333984375,0.0
7254,63.75,0.04453125,0.0
7255,67.5,0.0333984375,0.0
7256,67.5,0.04453125,0.0
7257,63.75,0.0556640625,0.0
7258,63.75,0.066796875,0.0
7259,67.5,0.0556640625,0.0
7260,67.5,0.066796875,0.0
7261,63.75,0.07792968750000001,0.0
7262,67.5,0.07792968750000001,0.0
7263,63.75,0.0890625,0.0
7264,67.5,0.0890625,0.0
7265,63.75,0.09462890625,0.0
7266,63.75,0.1001953125,18639.751988597367
7267,67.5,0.09462890625,0.0
7268,67.5,0.1001953125,15976.930275940602
7269,63.75,0.10576171875,549872.6836636527
7270,63.75,0.111328125,1081105.6153387083
7271,67.5,0.10576171875,471319.44314027386
7272,67.5,0.111328125,926661.9560046071
7273,63.75,0.11689453125,1612338.5470137638
7274,63.75,0.1224609375,2143571.4786888193
7275,67.5,0.11689453125,1382004.4688689404
7276,67.5,0.1224609375,1837346.9817332737
7277,63.75,0.12802734375,2674804.410363873
7278,63.75,0.13359375,3206037.3420389304
7279,67.5,0.12802734375,2292689.4945976054
7280,67.5,0.13359375,2748032.0074619404
7281,63.75,0.13916015625,3737270.2737139845
7282,63.75,0.1447265625,4268503.205389039
7283,67.5,0.13916015625,3203374.520326272
7284,67.5,0.1447265625,3658717.033190604
7285,63.75,0.15029296875,4799736.137064095
7286,63.75,0.155859375,5330969.068739149
7287,67.5,0.15029296875,4114059.5460549383
7288,67.5,0.155859375,4569402.05891927
7289,63.75,0.16142578125,5862202.000414206
7290,63.75,0.1669921875,6393434.93208926
7291,67.5,0.16142578125,5024744.571783605
7292,67.5,0.1669921875,5480087.084647937
7293,63.75,0.17255859375,6924667.863764314
7294,63.75,0.178125,7455900.795439372
7295,67.5,0.17255859375,5935429.597512268
7296,67.5,0.178125,6390772.110376604
7297,63.75,0.18369140625,7987133.727114425
7298,63.75,0.1892578125,8518366.658789482
7299,67.5,0.18369140625,6846114.623240936
7300,67.5,0.1892578125,7301457.13610527
7301,63.75,0.19482421875,9049599.590464536
7302,63.75,0.2,9543553.018162396
7303,63.75,0.200390625,9580832.52213959
7304,67.5,0.19482421875,7756799.648969602
7305,67.5,0.2,8180188.301282055
7306,67.5,0.200390625,8212142.161833935
7307,63.75,0.20595703125,10112065.453814646
7308,63.75,0.2115234375,10643298.3854897
7309,67.5,0.20595703125,8667484.674698267
7310,67.5,0.2115234375,9122827.187562602
7311,63.75,0.21708984375,11174531.317164758
7312,63.75,0.22265625,11705764.24883981
7313,67.5,0.21708984375,9578169.700426936
7314,67.5,0.22265625,10033512.213291267
7315,63.75,0.22822265625,12236997.180514866
7316,63.75,0.2337890625,12768230.112189924
7317,67.5,0.22822265625,10488854.7261556
7318,67.5,0.2337890625,10944197.239019936
7319,63.75,0.23935546875,13299463.043864977
7320,63.75,0.244921875,13830695.975540034
7321,67.5,0.23935546875,11399539.751884265
7322,67.5,0.244921875,11854882.264748601
7323,63.75,0.25048828125,14361928.907215087
7324,63.75,0.2560546875,14893161.838890143
7325,67.5,0.25048828125,12310224.777612932
7326,67.5,0.2560546875,12765567.290477265
7327,63.75,0.26162109375,15424394.770565195
7328,63.75,0.2671875,15955627.702240255
7329,67.5,0.26162109375,13220909.803341595
7330,67.5,0.2671875,13676252.316205934
7331,63.75,0.27275390625,16486860.63391531
7332,63.75,0.2783203125,17018093.565590363
7333,67.5,0.27275390625,14131594.829070266
7334,67.5,0.2783203125,14586937.341934597
7335,63.75,0.28388671875,17549326.497265417
7336,63.75,0.289453125,18080559.42894047
7337,67.5,0.28388671875,15042279.85479893
7338,67.5,0.289453125,15497622.36766326
7339,63.75,0.29501953125,18611792.36061553
7340,63.75,0.3005859375000001,19031186.78035898
7341,67.5,0.29501953125,15952964.880527599
7342,67.5,0.3005859375000001,16312445.811736269
7343,63.75,0.31171875,17968720.91700888
7344,67.5,0.31171875,15401760.786007613
7345,63.75,0.333984375,15843789.190308662
7346,67.5,0.333984375,13580390.734550282
7347,63.75,0.35625,13718857.463608438
7348,67.5,0.35625,11759020.683092948
7349,63.75,0.40078125,9468994.010208003
7350,67.5,0.40078125,8116280.580178289
7351,63.75,0.4453125,5219130.556807559
7352,67.5,0.4453125,4473540.477263622
7353,63.75,0.534375,0.0
7354,67.5,0.534375,0.0
7355,63.75,0.7125,0.0
7356,67.5,0.7125,0.0
7357,63.75,1.06875,0.0
7358,67.5,1.06875,0.0
7359,63.75,1.425,0.0
7360,67.5,1.425,0.0
7361,63.75,1.78125,0.0
7362,63.75,2.1375,0.0
7363,67.5,1.78125,0.0
7364,67.5,2.1375,0.0
7365,63.75,2.49375,0.0
7366,63.75,2.85,0.0
7367,67.5,2.49375,0.0
7368,67.5,2.85,0.0
7369,71.25,0.0111328125,0.0
7370,71.25,-0.0,0.0
7371,71.25,0.022265625,0.0
7372,75.0,0.0111328125,0.0
7373,75.0,-0.0,0.0
7374,75.0,0.022265625,0.0
7375,71.25,0.0333984375,0.0
7376,71.25,0.04453125,0.0
7377,75.0,0.0333984375,0.0
7378,75.0,0.04453125,0.0
7379,71.25,0.0556640625,0.0
7380,71.25,0.066796875,0.0
7381,75.0,0.0556640625,0.0
7382,75.0,0.066796875,0.0
7383,71.25,0.07792968750000001,0.0
7384,75.0,0.07792968750000001,0.0
7385,71.25,0.0890625,0.0
7386,75.0,0.0890625,0.0
7387,71.25,0.09462890625,0.0
7388,71.25,0.1001953125,7988.465137970301
7389,75.0,0.09462890625,0.0
7390,75.0,0.1001953125,0.0
7391,71.25,0.10576171875,235659.72157013693
7392,71.25,0.111328125,463330.9780023036
7393,75.0,0.10576171875,0.0
7394,75.0,0.111328125,0.0
7395,71.25,0.11689453125,691002.2344344702
7396,71.25,0.1224609375,918673.4908666369
7397,75.0,0.11689453125,0.0
7398,75.0,0.1224609375,0.0
7399,71.25,0.12802734375,1146344.7472988027
7400,71.25,0.13359375,1374016.0037309702
7401,75.0,0.12802734375,0.0
7402,75.0,0.13359375,0.0
7403,71.25,0.13916015625,1601687.260163136
7404,71.25,0.1447265625,1829358.516595302
7405,75.0,0.13916015625,0.0
7406,75.0,0.1447265625,0.0
7407,71.25,0.15029296875,2057029.7730274692
7408,71.25,0.155859375,2284701.029459635
7409,75.0,0.15029296875,0.0
7410,75.0,0.155859375,0.0
7411,71.25,0.16142578125,2512372.2858918025
7412,71.25,0.1669921875,2740043.5423239684
7413,75.0,0.16142578125,0.0
7414,75.0,0.1669921875,0.0
7415,71.25,0.17255859375,2967714.798756134
7416,71.25,0.178125,3195386.055188302
7417,75.0,0.17255859375,0.0
7418,75.0,0.178125,0.0
7419,71.25,0.18369140625,3423057.311620468
7420,71.25,0.1892578125,3650728.568052635
7421,75.0,0.18369140625,0.0
7422,75.0,0.1892578125,0.0
7423,71.25,0.19482421875,3878399.824484801
7424,71.25,0.2,4090094.1506410274
7425,71.25,0.200390625,4106071.0809169677
7426,75.0,0.19482421875,0.0
7427,75.0,0.2,0.0
7428,75.0,0.200390625,0.0
7429,71.25,0.20595703125,4333742.337349134
7430,71.25,0.2115234375,4561413.593781301
7431,75.0,0.20595703125,0.0
7432,75.0,0.2115234375,0.0
7433,71.25,0.21708984375,4789084.850213468
7434,71.25,0.22265625,5016756.1066456335
7435,75.0,0.21708984375,0.0
7436,75.0,0.22265625,0.0
7437,71.25,0.22822265625,5244427.3630778
7438,71.25,0.2337890625,5472098.619509968
7439,75.0,0.22822265625,0.0
7440,75.0,0.2337890625,0.0
7441,71.25,0.23935546875,5699769.875942132
7442,71.25,0.244921875,5927441.132374301
7443,75.0,0.23935546875,0.0
7444,75.0,0.244921875,0.0
7445,71.25,0.25048828125,6155112.388806466
7446,71.25,0.2560546875,6382783.645238632
7447,75.0,0.25048828125,0.0
7448,75.0,0.2560546875,0.0
7449,71.25,0.26162109375,6610454.901670798
7450,71.25,0.2671875,6838126.158102967
7451,75.0,0.26162109375,0.0
7452,75.0,0.2671875,0.0
7453,71.25,0.27275390625,7065797.414535133
7454,71.25,0.2783203125,7293468.670967299
7455,75.0,0.27275390625,0.0
7456,75.0,0.2783203125,0.0
7457,71.25,0.28388671875,7521139.927399465
7458,71.25,0.289453125,7748811.18383163
7459,75.0,0.28388671875,0.0
7460,75.0,0.289453125,0.0
7461,71.25,0.29501953125,7976482.440263799
7462,71.25,0.3005859375000001,8156222.905868134
7463,75.0,0.29501953125,0.0
7464,75.0,0.3005859375000001,0.0
7465,71.25,0.31171875,7700880.3930038065
7466,75.0,0.31171875,0.0
7467,71.25,0.333984375,6790195.367275141
7468,75.0,0.333984375,0.0
7469,71.25,0.35625,5879510.341546474
7470,75.0,0.35625,0.0
7471,71.25,0.40078125,4058140.2900891444
7472,75.0,0.40078125,0.0
7473,71.25,0.4453125,2236770.238631811
7474,75.0,0.4453125,0.0
7475,71.25,0.534375,0.0
7476,75.0,0.534375,0.0
7477,71.25,0.7125,0.0
7478,75.0,0.7125,0.0
7479,71.25,1.06875,0.0
7480,75.0,1.06875,0.0
7481,71.25,1.425,0.0
7482,75.0,1.425,0.0
7483,71.25,1.78125,0.0
7484,71.25,2.1375,0.0
7485,75.0,1.78125,0.0
7486,75.0,2.1375,0.0
7487,71.25,2.49375,0.0
7488,71.25,2.85,0.0
7489,75.0,2.49375,0.0
7490,75.0,2.85,0.0
7491,78.75,0.0111328125,0.0
7492,78.75,-0.0,0.0
7493,78.75,0.022265625,0.0
7494,82.5,0.0111328125,0.0
7495,82.5,-0.0,0.0
7496,82.5,0.022265625,0.0
7497,78.75,0.0333984375,0.0
7498,78.75,0.04453125,0.0
7499,82.5,0.0333984375,0.0
7500,82.5,0.04453125,0.0
7501,78.75,0.0556640625,0.0
7502,78.75,0.066796875,0.0
7503,82.5,0.0556640625,0.0
7504,82.5,0.066796875,0.0
7505,78.75,0.07792968750000001,0.0
7506,82.5,0.07792968750000001,0.0
7507,78.75,0.0890625,0.0
7508,82.5,0.0890625,0.0
7509,78.75,0.09462890625,0.0
7510,78.75,0.1001953125,0.0
7511,82.5,0.09462890625,0.0
7512,82.5,0.1001953125,0.0
7513,78.75,0.10576171875,0.0
7514,78.75,0.111328125,0.0
7515,82.5,0.10576171875,0.0
7516,82.5,0.111328125,0.0
7517,78.75,0.11689453125,0.0
7518,78.75,0.1224609375,0.0
7519,82.5,0.11689453125,0.0
7520,82.5,0.1224609375,0.0
7521,78.75,0.12802734375,0.0
7522,78.75,0.13359375,0.0
7523,82.5,0.12802734375,0.0
7524,82.5,0.13359375,0.0
7525,78.75,0.13916015625,0.0
7526,78.75,0.1447265625,0.0
7527,82.5,0.13916015625,0.0
7528,82.5,0.1447265625,0.0
7529,78.75,0.15029296875,0.0
7530,78.75,0.155859375,0.0
7531,82.5,0.15029296875,0.0
7532,82.5,0.155859375,0.0
7533,78.75,0.16142578125,0.0
7534,78.75,0.1669921875,0.0
7535,82.5,0.16142578125,0.0
7536,82.5,0.1669921875,0.0
7537,78.75,0.17255859375,0.0
7538,78.75,0.178125,0.0
7539,82.5,0.17255859375,0.0
7540,82.5,0.178125,0.0
7541,78.75,0.18369140625,0.0
7542,78.75,0.1892578125,0.0
7543,82.5,0.18369140625,0.0
7544,82.5,0.1892578125,0.0
7545,78.75,0.19482421875,0.0
7546,78.75,0.2,0.0
7547,78.75,0.200390625,0.0
7548,82.5,0.19482421875,0.0
7549,82.5,0.2,0.0
7550,82.5,0.200390625,0.0
7551,78.75,0.20595703125,0.0
7552,78.75,0.2115234375,0.0
7553,82.5,0.20595703125,0.0
7554,82.5,0.2115234375,0.0
7555,78.75,0.21708984375,0.0
7556,78.75,0.22265625,0.0
7557,82.5,0.21708984375,0.0
7558,82.5,0.22265625,0.0
7559,78.75,0.22822265625,0.0
7560,78.75,0.2337890625,0.0
7561,82.5,0.22822265625,0.0
7562,82.5,0.2337890625,0.0
7563,78.75,0.23935546875,0.0
7564,78.75,0.244921875,0.0
7565,82.5,0.23935546875,0.0
7566,82.5,0.244921875,0.0
7567,78.75,0.25048828125,0.0
7568,78.75,0.2560546875,0.0
7569,82.5,0.25048828125,0.0
7570,82.5,0.2560546875,0.0
7571,78.75,0.26162109375,0.0
7572,78.75,0.2671875,0.0
7573,82.5,0.26162109375,0.0
7574,82.5,0.2671875,0.0
7575,78.75,0.27275390625,0.0
7576,78.75,0.2783203125,0.0
7577,82.5,0.27275390625,0.0
7578,82.5,0.2783203125,0.0
7579,78.75,0.28388671875,0.0
7580,78.75,0.289453125,0.0
7581,82.5,0.28388671875,0.0
7582,82.5,0.289453125,0.0
7583,78.75,0.29501953125,0.0
7584,78.75,0.3005859375000001,0.0
7585,82.5,0.29501953125,0.0
7586,82.5,0.3005859375000001,0.0
7587,78.75,0.31171875,0.0
7588,82.5,0.31171875,0.0
7589,78.75,0.333984375,0.0
7590,82.5,0.333984375,0.0
7591,78.75,0.35625,0.0
7592,82.5,0.35625,0.0
7593,78.75,0.40078125,0.0
7594,82.5,0.40078125,0.0
7595,78.75,0.4453125,0.0
7596,82.5,0.4453125,0.0
7597,78.75,0.534375,0.0
7598,82.5,0.534375,0.0
7599,78.75,0.7125,0.0
7600,82.5,0.7125,0.0
7601,78.75,1.06875,0.0
7602,82.5,1.06875,0.0
7603,78.75,1.425,0.0
7604,82.5,1.425,0.0
7605,78.75,1.78125,0.0
7606,78.75,2.1375,0.0
7607,82.5,1.78125,0.0
7608,82.5,2.1375,0.0
7609,78.75,2.49375,0.0
7610,78.75,2.85,0.0
7611,82.5,2.49375,0.0
7612,82.5,2.85,0.0
7613,86.25,0.0111328125,0.0
7614,86.25,-0.0,0.0
7615,86.25,0.022265625,0.0
7616,90.0,0.0111328125,0.0
7617,90.0,-0.0,0.0
7618,90.0,0.022265625,0.0
7619,86.25,0.0333984375,0.0
7620,86.25,0.04453125,0.0
7621,90.0,0.0333984375,0.0
7622,90.0,0.04453125,0.0
7623,86.25,0.0556640625,0.0
7624,86.25,0.066796875,0.0
7625,90.0,0.0556640625,0.0
7626,90.0,0.066796875,0.0
7627,86.25,0.07792968750000001,0.0
7628,90.0,0.07792968750000001,0.0
7629,86.25,0.0890625,0.0
7630,90.0,0.0890625,0.0
7631,86.25,0.09462890625,0.0
7632,86.25,0.1001953125,0.0
7633,90.0,0.09462890625,0.0
7634,90.0,0.1001953125,0.0
7635,86.25,0.10576171875,0.0
7636,86.25,0.111328125,0.0
7637,90.0,0.10576171875,0.0
7638,90.0,0.111328125,0.0
7639,86.25,0.11689453125,0.0
7640,86.25,0.1224609375,0.0
7641,90.0,0.11689453125,0.0
7642,90.0,0.1224609375,0.0
7643,86.25,0.12802734375,0.0
7644,86.25,0.13359375,0.0
7645,90.0,0.12802734375,0.0
7646,90.0,0.13359375,0.0
7647,86.25,0.13916015625,0.0
7648,86.25,0.1447265625,0.0
7649,90.0,0.13916015625,0.0
7650,90.0,0.1447265625,0.0
7651,86.25,0.15029296875,0.0
7652,86.25,0.155859375,0.0
7653,90.0,0.15029296875,0.0
7654,90.0,0.155859375,0.0
7655,86.25,0.16142578125,0.0
7656,86.25,0.1669921875,0.0
7657,90.0,0.16142578125,0.0
7658,90.0,0.1669921875,0.0
7659,86.25,0.17255859375,0.0
7660,86.25,0.178125,0.0
7661,90.0,0.17255859375,0.0
7662,90.0,0.178125,0.0
7663,86.25,0.18369140625,0.0
7664,86.25,0.1892578125,0.0
7665,90.0,0.18369140625,0.0
7666,90.0,0.1892578125,0.0
7667,86.25,0.19482421875,0.0
7668,86.25,0.2,0.0
7669,86.25,0.200390625,0.0
7670,90.0,0.19482421875,0.0
7671,90.0,0.2,0.0
7672,90.0,0.200390625,0.0
7673,86.25,0.20595703125,0.0
7674,86.25,0.2115234375,0.0
7675,90.0,0.20595703125,0.0
7676,90.0,0.2115234375,0.0
7677,86.25,0.21708984375,0.0
7678,86.25,0.22265625,0.0
7679,90.0,0.21708984375,0.0
7680,90.0,0.22265625,0.0
7681,86.25,0.22822265625,0.0
7682,86.25,0.2337890625,0.0
7683,90.0,0.22822265625,0.0
7684,90.0,0.2337890625,0.0
7685,86.25,0.23935546875,0.0
7686,86.25,0.244921875,0.0
7687,90.0,0.23935546875,0.0
7688,90.0,0.244921875,0.0
7689,86.25,0.25048828125,0.0
7690,86.25,0.2560546875,0.0
7691,90.0,0.25048828125,0.0
7692,90.0,0.2560546875,0.0
7693,86.25,0.26162109375,0.0
7694,86.25,0.2671875,0.0
7695,90.0,0.26162109375,0.0
7696,90.0,0.2671875,0.0
7697,86.25,0.27275390625,0.0
7698,86.25,0.2783203125,0.0
7699,90.0,0.27275390625,0.0
7700,90.0,0.2783203125,0.0
7701,86.25,0.28388671875,0.0
7702,86.25,0.289453125,0.0
7703,90.0,0.28388671875,0.0
7704,90.0,0.289453125,0.0
7705,86.25,0.29501953125,0.0
7706,86.25,0.3005859375000001,0.0
7707,90.0,0.29501953125,0.0
7708,90.0,0.3005859375000001,0.0
7709,86.25,0.31171875,0.0
7710,90.0,0.31171875,0.0
7711,86.25,0.333984375,0.0
7712,90.0,0.333984375,0.0
7713,86.25,0.35625,0.0
7714,90.0,0.35625,0.0
7715,86.25,0.40078125,0.0
7716,90.0,0.40078125,0.0
7717,86.25,0.4453125,0.0
7718,90.0,0.4453125,0.0
7719,86.25,0.534375,0.0
7720,90.0,0.534375,0.0
7721,86.25,0.7125,0.0
7722,90.0,0.7125,0.0
7723,86.25,1.06875,0.0
7724,90.0,1.06875,0.0
7725,86.25,1.425,0.0
7726,90.0,1.425,0.0
7727,86.25,1.78125,0.0
7728,86.25,2.1375,0.0
7729,90.0,1.78125,0.0
7730,90.0,2.1375,0.0
7731,86.25,2.49375,0.0
7732,86.25,2.85,0.0
7733,90.0,2.49375,0.0
7734,90.0,2.85,0.0
7735,63.75,3.20625,0.0
7736,63.75,3.5625,0.0
7737,67.5,3.20625,0.0
7738,67.5,3.5625,0.0
7739,63.75,3.91875,0.0
7740,63.75,4.275,0.0
7741,67.5,3.91875,0.0
7742,67.5,4.275,0.0
7743,71.25,3.20625,0.0
7744,71.25,3.5625,0.0
7745,75.0,3.20625,0.0
7746,75.0,3.5625,0.0
7747,71.25,3.91875,0.0
7748,71.25,4.275,0.0
7749,75.0,3.91875,0.0
7750,75.0,4.275,0.0
7751,78.75,3.20625,0.0
7752,78.75,3.5625,0.0
7753,82.5,3.20625,0.0
7754,82.5,3.5625,0.0
7755,78.75,3.91875,0.0
7756,78.75,4.275,0.0
7757,82.5,3.91875,0.0
7758,82.5,4.275,0.0
7759,86.25,3.20625,0.0
7760,86.25,3.5625,0.0
7761,90.0,3.20625,0.0
7762,90.0,3.5625,0.0
7763,86.25,3.91875,0.0
7764,86.25,4.275,0.0
7765,90.0,3.91875,0.0
7766,90.0,4.275,0.0
7767,63.75,4.631250000000001,0.0
7768,67.5,4.631250000000001,0.0
7769,63.75,4.809375000000001,0.0
7770,67.5,4.809375000000001,0.0
7771,63.75,4.898437500000001,0.0
7772,67.5,4.898437500000001,0.0
7773,63.75,4.987500000000001,0.0
7774,67.5,4.987500000000001,0.0
7775,71.25,4.631250000000001,0.0
7776,75.0,4.631250000000001,0.0
7777,71.25,4.809375000000001,0.0
7778,75.0,4.809375000000001,0.0
7779,71.25,4.898437500000001,0.0
7780,75.0,4.898437500000001,0.0
7781,71.25,4.987500000000001,0.0
7782,75.0,4.987500000000001,0.0
7783,78.75,4.631250000000001,0.0
7784,82.5,4.631250000000001,0.0
7785,78.75,4.809375000000001,0.0
7786,82.5,4.809375000000001,0.0
7787,78.75,4.898437500000001,0.0
7788,82.5,4.898437500000001,0.0
7789,78.75,4.987500000000001,0.0
7790,82.5,4.987500000000001,0.0
7791,86.25,4.631250000000001,0.0
7792,90.0,4.631250000000001,0.0
7793,86.25,4.809375000000001,0.0
7794,90.0,4.809375000000001,0.0
7795,86.25,4.898437500000001,0.0
7796,90.0,4.898437500000001,0.0
7797,86.25,4.987500000000001,0.0
7798,90.0,4.987500000000001,0.0
7799,63.75,5.032031250000001,0.0
7800,67.5,5.032031250000001,0.0
7801,63.75,5.054296875,0.0
7802,67.5,5.054296875,0.0
7803,63.75,5.076562500000001,0.0
7804,67.5,5.076562500000001,0.0
7805,63.75,5.087695312500001,0.0
7806,67.5,5.087695312500001,0.0
7807,63.75,5.098828125000001,0.0
7808,67.5,5.098828125000001,0.0
7809,63.75,5.104394531250001,0.0
7810,63.75,5.1099609375,0.0
7811,67.5,5.104394531250001,0.0
7812,67.5,5.1099609375,0.0
7813,63.75,5.11552734375,0.0
7814,63.75,5.12109375,0.0
7815,67.5,5.11552734375,0.0
7816,67.5,5.12109375,0.0
7817,63.75,5.12666015625,0.0
7818,63.75,5.1322265625,0.0
7819,67.5,5.12666015625,0.0
7820,67.5,5.1322265625,0.0
7821,63.75,5.13779296875,0.0
7822,63.75,5.143359375,0.0
7823,67.5,5.13779296875,0.0
7824,67.5,5.143359375,0.0
7825,63.75,5.14892578125,0.0
7826,63.75,5.154492187500001,0.0
7827,67.5,5.14892578125,0.0
7828,67.5,5.154492187500001,0.0
7829,63.75,5.160058593750001,0.0
7830,63.75,5.165625,0.0
7831,67.5,5.160058593750001,0.0
7832,67.5,5.165625,0.0
7833,71.25,5.032031250000001,0.0
7834,75.0,5.032031250000001,0.0
7835,71.25,5.054296875,0.0
7836,75.0,5.054296875,0.0
7837,71.25,5.076562500000001,0.0
7838,75.0,5.076562500000001,0.0
7839,71.25,5.087695312500001,0.0
7840,75.0,5.087695312500001,0.0
7841,71.25,5.098828125000001,0.0
7842,75.0,5.098828125000001,0.0
7843,71.25,5.104394531250001,0.0
7844,71.25,5.1099609375,0.0
7845,75.0,5.104394531250001,0.0
7846,75.0,5.1099609375,0.0
7847,71.25,5.11552734375,0.0
7848,71.25,5.12109375,0.0
7849,75.0,5.11552734375,0.0
7850,75.0,5.12109375,0.0
7851,71.25,5.12666015625,0.0
7852,71.25,5.1322265625,0.0
7853,75.0,5.12666015625,0.0
7854,75.0,5.1322265625,0.0
7855,71.25,5.13779296875,0.0
7856,71.25,5.143359375,0.0
7857,75.0,5.13779296875,0.0
7858,75.0,5.143359375,0.0
7859,71.25,5.14892578125,0.0
7860,71.25,5.154492187500001,0.0
7861,75.0,5.14892578125,0.0
7862,75.0,5.154492187500001,0.0
7863,71.25,5.160058593750001,0.0
7864,71.25,5.165625,0.0
7865,75.0,5.160058593750001,0.0
7866,75.0,5.165625,0.0
7867,63.75,5.17119140625,0.0
7868,63.75,5.1767578125,0.0
7869,67.5,5.17119140625,0.0
7870,67.5,5.1767578125,0.0
7871,63.75,5.182324218750001,0.0
7872,63.75,5.187890625000001,0.0
7873,67.5,5.182324218750001,0.0
7874,67.5,5.187890625000001,0.0
7875,71.25,5.17119140625,0.0
7876,71.25,5.1767578125,0.0
7877,75.0,5.17119140625,0.0
7878,75.0,5.1767578125,0.0
7879,71.25,5.182324218750001,0.0
7880,71.25,5.187890625000001,0.0
7881,75.0,5.182324218750001,0.0
7882,75.0,5.187890625000001,0.0
7883,63.75,5.19345703125,0.0
7884,63.75,5.199023437500001,0.0
7885,67.5,5.19345703125,0.0
7886,67.5,5.199023437500001,0.0
7887,71.25,5.19345703125,0.0
7888,71.25,5.199023437500001,0.0
7889,75.0,5.19345703125,0.0
7890,75.0,5.199023437500001,0.0
7891,63.75,5.2,0.0
7892,63.75,5.204589843750001,0.0
7893,63.75,5.210156250000001,0.0
7894,67.5,5.2,0.0
7895,67.5,5.204589843750001,0.0
7896,67.5,5.210156250000001,0.0
7897,71.25,5.2,0.0
7898,71.25,5.204589843750001,0.0
7899,71.25,5.210156250000001,0.0
7900,75.0,5.2,0.0
7901,75.0,5.204589843750001,0.0
7902,75.0,5.210156250000001,0.0
7903,63.75,5.215722656250001,0.0
7904,67.5,5.215722656250001,0.0
7905,63.75,5.2212890625,0.0
7906,67.5,5.2212890625,0.0
7907,71.25,5.215722656250001,0.0
7908,75.0,5.215722656250001,0.0
7909,71.25,5.2212890625,0.0
7910,75.0,5.2212890625,0.0
7911,63.75,5.22685546875,0.0
7912,67.5,5.22685546875,0.0
7913,63.75,5.232421875,0.0
7914,67.5,5.232421875,0.0
7915,71.25,5.22685546875,0.0
7916,75.0,5.22685546875,0.0
7917,71.25,5.232421875,0.0
7918,75.0,5.232421875,0.0
7919,63.75,5.23798828125,0.0
7920,67.5,5.23798828125,0.0
7921,63.75,5.2435546875,0.0
7922,67.5,5.2435546875,0.0
7923,71.25,5.23798828125,0.0
7924,75.0,5.23798828125,0.0
7925,71.25,5.2435546875,0.0
7926,75.0,5.2435546875,0.0
7927,63.75,5.24912109375,0.0
7928,67.5,5.24912109375,0.0
7929,63.75,5.2546875,0.0
7930,67.5,5.2546875,0.0
7931,71.25,5.24912109375,0.0
7932,75.0,5.24912109375,0.0
7933,71.25,5.2546875,0.0
7934,75.0,5.2546875,0.0
7935,63.75,5.26025390625,0.0
7936,67.5,5.26025390625,0.0
7937,63.75,5.265820312500001,0.0
7938,67.5,5.265820312500001,0.0
7939,71.25,5.26025390625,0.0
7940,75.0,5.26025390625,0.0
7941,71.25,5.265820312500001,0.0
7942,75.0,5.265820312500001,0.0
7943,63.75,5.271386718750001,0.0
7944,67.5,5.271386718750001,0.0
7945,63.75,5.276953125,0.0
7946,67.5,5.276953125,0.0
7947,71.25,5.271386718750001,0.0
7948,75.0,5.271386718750001,0.0
7949,71.25,5.276953125,0.0
7950,75.0,5.276953125,0.0
7951,63.75,5.28251953125,0.0
7952,67.5,5.28251953125,0.0
7953,63.75,5.2880859375,0.0
7954,67.5,5.2880859375,0.0
7955,71.25,5.28251953125,0.0
7956,75.0,5.28251953125,0.0
7957,71.25,5.2880859375,0.0
7958,75.0,5.2880859375,0.0
7959,63.75,5.29365234375,0.0
7960,67.5,5.29365234375,0.0
7961,63.75,5.29921875,0.0
7962,67.5,5.29921875,0.0
7963,71.25,5.29365234375,0.0
7964,75.0,5.29365234375,0.0
7965,71.25,5.29921875,0.0
7966,75.0,5.29921875,0.0
7967,63.75,5.304785156249999,0.0
7968,67.5,5.304785156249999,0.0
7969,63.75,5.310351562499999,0.0
7970,67.5,5.310351562499999,0.0
7971,71.25,5.304785156249999,0.0
7972,75.0,5.304785156249999,0.0
7973,71.25,5.310351562499999,0.0
7974,75.0,5.310351562499999,0.0
7975,63.75,5.321484375,0.0
7976,67.5,5.321484375,0.0
7977,71.25,5.321484375,0.0
7978,75.0,5.321484375,0.0
7979,63.75,5.3326171875,0.0
7980,67.5,5.3326171875,0.0
7981,63.75,5.34375,0.0
7982,67.5,5.34375,0.0
7983,71.25,5.3326171875,0.0
7984,75.0,5.3326171875,0.0
7985,71.25,5.34375,0.0
7986,75.0,5.34375,0.0
7987,78.75,5.032031250000001,0.0
7988,82.5,5.032031250000001,0.0
7989,78.75,5.054296875,0.0
7990,82.5,5.054296875,0.0
7991,78.75,5.076562500000001,0.0
7992,82.5,5.076562500000001,0.0
7993,78.75,5.087695312500001,0.0
7994,82.5,5.087695312500001,0.0
7995,78.75,5.098828125000001,0.0
7996,82.5,5.098828125000001,0.0
7997,78.75,5.104394531250001,0.0
7998,78.75,5.1099609375,0.0
7999,82.5,5.104394531250001,0.0
8000,82.5,5.1099609375,0.0
8001,78.75,5.11552734375,0.0
8002,78.75,5.12109375,0.0
8003,82.5,5.11552734375,0.0
8004,82.5,5.12109375,0.0
8005,78.75,5.12666015625,0.0
8006,78.75,5.1322265625,0.0
8007,82.5,5.12666015625,0.0
8008,82.5,5.1322265625,0.0
8009,78.75,5.13779296875,0.0
8010,78.75,5.143359375,0.0
8011,82.5,5.13779296875,0.0
8012,82.5,5.143359375,0.0
8013,78.75,5.14892578125,0.0
8014,78.75,5.154492187500001,0.0
8015,82.5,5.14892578125,0.0
8016,82.5,5.154492187500001,0.0
8017,78.75,5.160058593750001,0.0
8018,78.75,5.165625,0.0
8019,82.5,5.160058593750001,0.0
8020,82.5,5.165625,0.0
8021,86.25,5.032031250000001,0.0
8022,90.0,5.032031250000001,0.0
8023,86.25,5.054296875,0.0
8024,90.0,5.054296875,0.0
8025,86.25,5.076562500000001,0.0
8026,90.0,5.076562500000001,0.0
8027,86.25,5.087695312500001,0.0
8028,90.0,5.087695312500001,0.0
8029,86.25,5.098828125000001,0.0
8030,90.0,5.098828125000001,0.0
8031,86.25,5.104394531250001,0.0
8032,86.25,5.1099609375,0.0
8033,90.0,5.104394531250001,0.0
8034,90.0,5.1099609375,0.0
8035,86.25,5.11552734375,0.0
8036,86.25,5.12109375,0.0
8037,90.0,5.11552734375,0.0
8038,90.0,5.12109375,0.0
8039,86.25,5.12666015625,0.0
8040,86.25,5.1322265625,0.0
8041,90.0,5.12666015625,0.0
8042,90.0,5.1322265625,0.0
8043,86.25,5.13779296875,0.0
8044,86.25,5.143359375,0.0
8045,90.0,5.13779296875,0.0
8046,90.0,5.143359375,0.0
8047,86.25,5.14892578125,0.0
8048,86.25,5.154492187500001,0.0
8049,90.0,5.14892578125,0.0
8050,90.0,5.154492187500001,0.0
8051,86.25,5.160058593750001,0.0
8052,86.25,5.165625,0.0
8053,90.0,5.160058593750001,0.0
8054,90.0,5.165625,0.0
8055,78.75,5.17119140625,0.0
8056,78.75,5.1767578125,0.0
8057,82.5,5.17119140625,0.0
8058,82.5,5.1767578125,0.0
8059,78.75,5.182324218750001,0.0
8060,78.75,5.187890625000001,0.0
8061,82.5,5.182324218750001,0.0
8062,82.5,5.187890625000001,0.0
8063,86.25,5.17119140625,0.0
8064,86.25,5.1767578125,0.0
8065,90.0,5.17119140625,0.0
8066,90.0,5.1767578125,0.0
8067,86.25,5.182324218750001,0.0
8068,86.25,5.187890625000001,0.0
8069,90.0,5.182324218750001,0.0
8070,90.0,5.187890625000001,0.0
8071,78.75,5.19345703125,0.0
8072,78.75,5.199023437500001,0.0
8073,82.5,5.19345703125,0.0
8074,82.5,5.199023437500001,0.0
8075,86.25,5.19345703125,0.0
8076,86.25,5.199023437500001,0.0
8077,90.0,5.19345703125,0.0
8078,90.0,5.199023437500001,0.0
8079,78.75,5.2,0.0
8080,78.75,5.204589843750001,0.0
8081,78.75,5.210156250000001,0.0
8082,82.5,5.2,0.0
8083,82.5,5.204589843750001,0.0
8084,82.5,5.210156250000001,0.0
8085,86.25,5.2,0.0
8086,86.25,5.204589843750001,0.0
8087,86.25,5.210156250000001,0.0
8088,90.0,5.2,0.0
8089,90.0,5.204589843750001,0.0
8090,90.0,5.210156250000001,0.0
8091,78.75,5.215722656250001,0.0
8092,82.5,5.215722656250001,0.0
8093,78.75,5.2212890625,0.0
8094,82.5,5.2212890625,0.0
8095,86.25,5.215722656250001,0.0
8096,90.0,5.215722656250001,0.0
8097,86.25,5.2212890625,0.0
8098,90.0,5.2212890625,0.0
8099,78.75,5.22685546875,0.0
8100,82.5,5.22685546875,0.0
8101,78.75,5.232421875,0.0
8102,82.5,5.232421875,0.0
8103,86.25,5.22685546875,0.0
8104,90.0,5.22685546875,0.0
8105,86.25,5.232421875,0.0
8106,90.0,5.232421875,0.0
8107,78.75,5.23798828125,0.0
8108,82.5,5.23798828125,0.0
8109,78.75,5.2435546875,0.0
8110,82.5,5.2435546875,0.0
8111,86.25,5.23798828125,0.0
8112,90.0,5.23798828125,0.0
8113,86.25,5.2435546875,0.0
8114,90.0,5.2435546875,0.0
8115,78.75,5.24912109375,0.0
8116,82.5,5.24912109375,0.0
8117,78.75,5.2546875,0.0
8118,82.5,5.2546875,0.0
8119,86.25,5.24912109375,0.0
8120,90.0,5.24912109375,0.0
8121,86.25,5.2546875,0.0
8122,90.0,5.2546875,0.0
8123,78.75,5.26025390625,0.0
8124,82.5,5.26025390625,0.0
8125,78.75,5.265820312500001,0.0
8126,82.5,5.265820312500001,0.0
8127,86.25,5.26025390625,0.0
8128,90.0,5.26025390625,0.0
8129,86.25,5.265820312500001,0.0
8130,90.0,5.265820312500001,0.0
8131,78.75,5.271386718750001,0.0
8132,82.5,5.271386718750001,0.0
8133,78.75,5.276953125,0.0
8134,82.5,5.276953125,0.0
8135,86.25,5.271386718750001,0.0
8136,90.0,5.271386718750001,0.0
8137,86.25,5.276953125,0.0
8138,90.0,5.276953125,0.0
8139,78.75,5.28251953125,0.0
8140,82.5,5.28251953125,0.0
8141,78.75,5.2880859375,0.0
8142,82.5,5.2880859375,0.0
8143,86.25,5.28251953125,0.0
8144,90.0,5.28251953125,0.0
8145,86.25,5.2880859375,0.0
8146,90.0,5.2880859375,0.0
8147,78.75,5.29365234375,0.0
8148,82.5,5.29365234375,0.0
8149,78.75,5.29921875,0.0
8150,82.5,5.29921875,0.0
8151,86.25,5.29365234375,0.0
8152,90.0,5.29365234375,0.0
8153,86.25,5.29921875,0.0
8154,90.0,5.29921875,0.0
8155,78.75,5.304785156249999,0.0
8156,82.5,5.304785156249999,0.0
8157,78.75,5.310351562499999,0.0
8158,82.5,5.310351562499999,0.0
8159,86.25,5.304785156249999,0.0
8160,90.0,5.304785156249999,0.0
8161,86.25,5.310351562499999,0.0
8162,90.0,5.310351562499999,0.0
8163,78.75,5.321484375,0.0
8164,82.5,5.321484375,0.0
8165,86.25,5.321484375,0.0
8166,90.0,5.321484375,0.0
8167,78.75,5.3326171875,0.0
8168,82.5,5.3326171875,0.0
8169,78.75,5.34375,0.0
8170,82.5,5.34375,0.0
8171,86.25,5.3326171875,0.0
8172,90.0,5.3326171875,0.0
8173,86.25,5.34375,0.0
8174,90.0,5.34375,0.0
8175,63.75,5.3548828125,0.0
8176,67.5,5.3548828125,0.0
8177,71.25,5.3548828125,0.0
8178,75.0,5.3548828125,0.0
8179,63.75,5.366015625,0.0
8180,67.5,5.366015625,0.0
8181,71.25,5.366015625,0.0
8182,75.0,5.366015625,0.0
8183,63.75,5.377148437500001,0.0
8184,67.5,5.377148437500001,0.0
8185,71.25,5.377148437500001,0.0
8186,75.0,5.377148437500001,0.0
8187,63.75,5.38828125,0.0
8188,67.5,5.38828125,0.0
8189,71.25,5.38828125,0.0
8190,75.0,5.38828125,0.0
8191,63.75,5.3994140625,0.0
8192,67.5,5.3994140625,0.0
8193,71.25,5.3994140625,0.0
8194,75.0,5.3994140625,0.0
8195,63.75,5.410546875,0.0
8196,67.5,5.410546875,0.0
8197,71.25,5.410546875,0.0
8198,75.0,5.410546875,0.0
8199,63.75,5.421679687499999,0.0
8200,67.5,5.421679687499999,0.0
8201,71.25,5.421679687499999,0.0
8202,75.0,5.421679687499999,0.0
8203,63.75,5.4328125,0.0
8204,67.5,5.4328125,0.0
8205,71.25,5.4328125,0.0
8206,75.0,5.4328125,0.0
8207,63.75,5.4439453125,0.0
8208,67.5,5.4439453125,0.0
8209,71.25,5.4439453125,0.0
8210,75.0,5.4439453125,0.0
8211,63.75,5.455078125,0.0
8212,67.5,5.455078125,0.0
8213,71.25,5.455078125,0.0
8214,75.0,5.455078125,0.0
8215,63.75,5.4662109375,0.0
8216,67.5,5.4662109375,0.0
8217,71.25,5.4662109375,0.0
8218,75.0,5.4662109375,0.0
8219,63.75,5.477343749999999,0.0
8220,67.5,5.477343749999999,0.0
8221,71.25,5.477343749999999,0.0
8222,75.0,5.477343749999999,0.0
8223,63.75,5.488476562499999,0.0
8224,67.5,5.488476562499999,0.0
8225,71.25,5.488476562499999,0.0
8226,75.0,5.488476562499999,0.0
8227,63.75,5.499609374999999,0.0
8228,67.5,5.499609374999999,0.0
8229,71.25,5.499609374999999,0.0
8230,75.0,5.499609374999999,0.0
8231,63.75,5.5107421875,0.0
8232,67.5,5.5107421875,0.0
8233,71.25,5.5107421875,0.0
8234,75.0,5.5107421875,0.0
8235,63.75,5.521875,0.0
8236,67.5,5.521875,0.0
8237,71.25,5.521875,0.0
8238,75.0,5.521875,0.0
8239,78.75,5.3548828125,0.0
8240,82.5,5.3548828125,0.0
8241,78.75,5.366015625,0.0
8242,82.5,5.366015625,0.0
8243,86.25,5.3548828125,0.0
8244,90.0,5.3548828125,0.0
8245,86.25,5.366015625,0.0
8246,90.0,5.366015625,0.0
8247,78.75,5.377148437500001,0.0
8248,82.5,5.377148437500001,0.0
8249,78.75,5.38828125,0.0
8250,82.5,5.38828125,0.0
8251,86.25,5.377148437500001,0.0
8252,90.0,5.377148437500001,0.0
8253,86.25,5.38828125,0.0
8254,90.0,5.38828125,0.0
8255,78.75,5.3994140625,0.0
8256,82.5,5.3994140625,0.0
8257,78.75,5.410546875,0.0
8258,82.5,5.410546875,0.0
8259,86.25,5.3994140625,0.0
8260,90.0,5.3994140625,0.0
8261,86.25,5.410546875,0.0
8262,90.0,5.410546875,0.0
8263,78.75,5.421679687499999,0.0
8264,82.5,5.421679687499999,0.0
8265,78.75,5.4328125,0.0
8266,82.5,5.4328125,0.0
8267,86.25,5.421679687499999,0.0
8268,90.0,5.421679687499999,0.0
8269,86.25,5.4328125,0.0
8270,90.0,5.4328125,0.0
8271,78.75,5.4439453125,0.0
8272,82.5,5.4439453125,0.0
8273,78.75,5.455078125,0.0
8274,82.5,5.455078125,0.0
8275,86.25,5.4439453125,0.0
8276,90.0,5.4439453125,0.0
8277,86.25,5.455078125,0.0
8278,90.0,5.455078125,0.0
8279,78.75,5.4662109375,0.0
8280,82.5,5.4662109375,0.0
8281,78.75,5.477343749999999,0.0
8282,82.5,5.477343749999999,0.0
8283,86.25,5.4662109375,0.0
8284,90.0,5.4662109375,0.0
8285,86.25,5.477343749999999,0.0
8286,90.0,5.477343749999999,0.0
8287,78.75,5.488476562499999,0.0
8288,82.5,5.488476562499999,0.0
8289,78.75,5.499609374999999,0.0
8290,82.5,5.499609374999999,0.0
8291,86.25,5.488476562499999,0.0
8292,90.0,5.488476562499999,0.0
8293,86.25,5.499609374999999,0.0
8294,90.0,5.499609374999999,0.0
8295,78.75,5.5107421875,0.0
8296,82.5,5.5107421875,0.0
8297,78.75,5.521875,0.0
8298,82.5,5.521875,0.0
8299,86.25,5.5107421875,0.0
8300,90.0,5.5107421875,0.0
8301,86.25,5.521875,0.0
8302,90.0,5.521875,0.0
8303,63.75,5.533007812499999,0.0
8304,67.5,5.533007812499999,0.0
8305,71.25,5.533007812499999,0.0
8306,75.0,5.533007812499999,0.0
8307,63.75,5.544140625,0.0
8308,67.5,5.544140625,0.0
8309,71.25,5.544140625,0.0
8310,75.0,5.544140625,0.0
8311,63.75,5.5552734375,0.0
8312,67.5,5.5552734375,0.0
8313,71.25,5.5552734375,0.0
8314,75.0,5.5552734375,0.0
8315,63.75,5.56640625,0.0
8316,67.5,5.56640625,0.0
8317,71.25,5.56640625,0.0
8318,75.0,5.56640625,0.0
8319,63.75,5.5775390625,0.0
8320,67.5,5.5775390625,0.0
8321,71.25,5.5775390625,0.0
8322,75.0,5.5775390625,0.0
8323,63.75,5.588671875,0.0
8324,67.5,5.588671875,0.0
8325,71.25,5.588671875,0.0
8326,75.0,5.588671875,0.0
8327,63.75,5.599804687500001,0.0
8328,67.5,5.599804687500001,0.0
8329,71.25,5.599804687500001,0.0
8330,75.0,5.599804687500001,0.0
8331,63.75,5.6109375,0.0
8332,67.5,5.6109375,0.0
8333,71.25,5.6109375,0.0
8334,75.0,5.6109375,0.0
8335,78.75,5.533007812499999,0.0
8336,82.5,5.533007812499999,0.0
8337,78.75,5.544140625,0.0
8338,82.5,5.544140625,0.0
8339,86.25,5.533007812499999,0.0
8340,90.0,5.533007812499999,0.0
8341,86.25,5.544140625,0.0
8342,90.0,5.544140625,0.0
8343,78.75,5.5552734375,0.0
8344,82.5,5.5552734375,0.0
8345,78.75,5.56640625,0.0
8346,82.5,5.56640625,0.0
8347,86.25,5.5552734375,0.0
8348,90.0,5.5552734375,0.0
8349,86.25,5.56640625,0.0
8350,90.0,5.56640625,0.0
8351,78.75,5.5775390625,0.0
8352,82.5,5.5775390625,0.0
8353,78.75,5.588671875,0.0
8354,82.5,5.588671875,0.0
8355,86.25,5.5775390625,0.0
8356,90.0,5.5775390625,0.0
8357,86.25,5.588671875,0.0
8358,90.0,5.588671875,0.0
8359,78.75,5.599804687500001,0.0
8360,82.5,5.599804687500001,0.0
8361,78.75,5.6109375,0.0
8362,82.5,5.6109375,0.0
8363,86.25,5.599804687500001,0.0
8364,90.0,5.599804687500001,0.0
8365,86.25,5.6109375,0.0
8366,90.0,5.6109375,0.0
8367,63.75,5.6220703125,0.0
8368,67.5,5.6220703125,0.0
8369,71.25,5.6220703125,0.0
8370,75.0,5.6220703125,0.0
8371,63.75,5.633203125000001,0.0
8372,67.5,5.633203125000001,0.0
8373,71.25,5.633203125000001,0.0
8374,75.0,5.633203125000001,0.0
8375,63.75,5.644335937500001,0.0
8376,67.5,5.644335937500001,0.0
8377,71.25,5.644335937500001,0.0
8378,75.0,5.644335937500001,0.0
8379,63.75,5.655468750000001,0.0
8380,67.5,5.655468750000001,0.0
8381,71.25,5.655468750000001,0.0
8382,75.0,5.655468750000001,0.0
8383,78.75,5.6220703125,0.0
8384,82.5,5.6220703125,0.0
8385,78.75,5.633203125000001,0.0
8386,82.5,5.633203125000001,0.0
8387,86.25,5.6220703125,0.0
8388,90.0,5.6220703125,0.0
8389,86.25,5.633203125000001,0.0
8390,90.0,5.633203125000001,0.0
8391,78.75,5.644335937500001,0.0
8392,82.5,5.644335937500001,0.0
8393,78.75,5.655468750000001,0.0
8394,82.5,5.655468750000001,0.0
8395,86.25,5.644335937500001,0.0
8396,90.0,5.644335937500001,0.0
8397,86.25,5.655468750000001,0.0
8398,90.0,5.655468750000001,0.0
8399,63.75,5.6666015625,0.0
8400,67.5,5.6666015625,0.0
8401,71.25,5.6666015625,0.0
8402,75.0,5.6666015625,0.0
8403,63.75,5.677734375,0.0
8404,67.5,5.677734375,0.0
8405,71.25,5.677734375,0.0
8406,75.0,5.677734375,0.0
8407,78.75,5.6666015625,0.0
8408,82.5,5.6666015625,0.0
8409,78.75,5.677734375,0.0
8410,82.5,5.677734375,0.0
8411,86.25,5.6666015625,0.0
8412,90.0,5.6666015625,0.0
8413,86.25,5.677734375,0.0
8414,90.0,5.677734375,0.0
8415,63.75,5.6888671875,0.0
8416,67.5,5.6888671875,0.0
8417,71.25,5.6888671875,0.0
8418,75.0,5.6888671875,0.0
8419,63.75,5.7,0.0
8420,67.5,5.7,0.0
8421,71.25,5.7,0.0
8422,75.0,5.7,0.0
8423,78.75,5.6888671875,0.0
8424,82.5,5.6888671875,0.0
8425,78.75,5.7,0.0
8426,82.5,5.7,0.0
8427,86.25,5.6888671875,0.0
8428,90.0,5.6888671875,0.0
8429,86.25,5.7,0.0
8430,90.0,5.7,0.0
8431,93.75,0.0111328125,0.0
8432,93.75,-0.0,0.0
8433,93.75,0.022265625,0.0
8434,97.5,0.0111328125,0.0
8435,97.5,-0.0,0.0
8436,97.5,0.022265625,0.0
8437,93.75,0.0333984375,0.0
8438,93.75,0.04453125,0.0
8439,97.5,0.0333984375,0.0
8440,97.5,0.04453125,0.0
8441,93.75,0.0556640625,0.0
8442,93.75,0.066796875,0.0
8443,97.5,0.0556640625,0.0
8444,97.5,0.066796875,0.0
8445,93.75,0.07792968750000001,0.0
8446,97.5,0.07792968750000001,0.0
8447,93.75,0.0890625,0.0
8448,97.5,0.0890625,0.0
8449,93.75,0.09462890625,0.0
8450,93.75,0.1001953125,0.0
8451,97.5,0.09462890625,0.0
8452,97.5,0.1001953125,0.0
8453,93.75,0.10576171875,0.0
8454,93.75,0.111328125,0.0
8455,97.5,0.10576171875,0.0
8456,97.5,0.111328125,0.0
8457,93.75,0.11689453125,0.0
8458,93.75,0.1224609375,0.0
8459,97.5,0.11689453125,0.0
8460,97.5,0.1224609375,0.0
8461,93.75,0.12802734375,0.0
8462,93.75,0.13359375,0.0
8463,97.5,0.12802734375,0.0
8464,97.5,0.13359375,0.0
8465,93.75,0.13916015625,0.0
8466,93.75,0.1447265625,0.0
8467,97.5,0.13916015625,0.0
8468,97.5,0.1447265625,0.0
8469,93.75,0.15029296875,0.0
8470,93.75,0.155859375,0.0
8471,97.5,0.15029296875,0.0
8472,97.5,0.155859375,0.0
8473,93.75,0.16142578125,0.0
8474,93.75,0.1669921875,0.0
8475,97.5,0.16142578125,0.0
8476,97.5,0.1669921875,0.0
8477,93.75,0.17255859375,0.0
8478,93.75,0.178125,0.0
8479,97.5,0.17255859375,0.0
8480,97.5,0.178125,0.0
8481,93.75,0.18369140625,0.0
8482,93.75,0.1892578125,0.0
8483,97.5,0.18369140625,0.0
8484,97.5,0.1892578125,0.0
8485,93.75,0.19482421875,0.0
8486,93.75,0.2,0.0
8487,93.75,0.200390625,0.0
8488,97.5,0.19482421875,0.0
8489,97.5,0.2,0.0
8490,97.5,0.200390625,0.0
8491,93.75,0.20595703125,0.0
8492,93.75,0.2115234375,0.0
8493,97.5,0.20595703125,0.0
8494,97.5,0.2115234375,0.0
8495,93.75,0.21708984375,0.0
8496,93.75,0.22265625,0.0
8497,97.5,0.21708984375,0.0
8498,97.5,0.22265625,0.0
8499,93.75,0.22822265625,0.0
8500,93.75,0.2337890625,0.0
8501,97.5,0.22822265625,0.0
8502,97.5,0.2337890625,0.0
8503,93.75,0.23935546875,0.0
8504,93.75,0.244921875,0.0
8505,97.5,0.23935546875,0.0
8506,97.5,0.244921875,0.0
8507,93.75,0.25048828125,0.0
8508,93.75,0.2560546875,0.0
8509,97.5,0.25048828125,0.0
8510,97.5,0.2560546875,0.0
8511,93.75,0.26162109375,0.0
8512,93.75,0.2671875,0.0
8513,97.5,0.26162109375,0.0
8514,97.5,0.2671875,0.0
8515,93.75,0.27275390625,0.0
8516,93.75,0.2783203125,0.0
8517,97.5,0.27275390625,0.0
8518,97.5,0.2783203125,0.0
8519,93.75,0.28388671875,0.0
8520,93.75,0.289453125,0.0
8521,97.5,0.28388671875,0.0
8522,97.5,0.289453125,0.0
8523,93.75,0.29501953125,0.0
8524,93.75,0.3005859375000001,0.0
8525,97.5,0.29501953125,0.0
8526,97.5,0.3005859375000001,0.0
8527,93.75,0.31171875,0.0
8528,97.5,0.31171875,0.0
8529,93.75,0.333984375,0.0
8530,97.5,0.333984375,0.0
8531,93.75,0.35625,0.0
8532,97.5,0.35625,0.0
8533,93.75,0.40078125,0.0
8534,97.5,0.40078125,0.0
8535,93.75,0.4453125,0.0
8536,97.5,0.4453125,0.0
8537,93.75,0.534375,0.0
8538,97.5,0.534375,0.0
8539,93.75,0.7125,0.0
8540,97.5,0.7125,0.0
8541,93.75,1.06875,0.0
8542,97.5,1.06875,0.0
8543,93.75,1.425,0.0
8544,97.5,1.425,0.0
8545,93.75,1.78125,0.0
8546,93.75,2.1375,0.0
8547,97.5,1.78125,0.0
8548,97.5,2.1375,0.0
8549,93.75,2.49375,0.0
8550,93.75,2.85,0.0
8551,97.5,2.49375,0.0
8552,97.5,2.85,0.0
8553,101.25,0.0111328125,0.0
8554,101.25,-0.0,0.0
8555,101.25,0.022265625,0.0
8556,105.0,0.0111328125,0.0
8557,105.0,-0.0,0.0
8558,105.0,0.022265625,0.0
8559,101.25,0.0333984375,0.0
8560,101.25,0.04453125,0.0
8561,105.0,0.0333984375,0.0
8562,105.0,0.04453125,0.0
8563,101.25,0.0556640625,0.0
8564,101.25,0.066796875,0.0
8565,105.0,0.0556640625,0.0
8566,105.0,0.066796875,0.0
8567,101.25,0.07792968750000001,0.0
8568,105.0,0.07792968750000001,0.0
8569,101.25,0.0890625,0.0
8570,105.0,0.0890625,0.0
8571,101.25,0.09462890625,0.0
8572,101.25,0.1001953125,0.0
8573,105.0,0.09462890625,0.0
8574,105.0,0.1001953125,0.0
8575,101.25,0.10576171875,0.0
8576,101.25,0.111328125,0.0
8577,105.0,0.10576171875,0.0
8578,105.0,0.111328125,0.0
8579,101.25,0.11689453125,0.0
8580,101.25,0.1224609375,0.0
8581,105.0,0.11689453125,0.0
8582,105.0,0.1224609375,0.0
8583,101.25,0.12802734375,0.0
8584,101.25,0.13359375,0.0
8585,105.0,0.12802734375,0.0
8586,105.0,0.13359375,0.0
8587,101.25,0.13916015625,0.0
8588,101.25,0.1447265625,0.0
8589,105.0,0.13916015625,0.0
8590,105.0,0.1447265625,0.0
8591,101.25,0.15029296875,0.0
8592,101.25,0.155859375,0.0
8593,105.0,0.15029296875,0.0
8594,105.0,0.155859375,0.0
8595,101.25,0.16142578125,0.0
8596,101.25,0.1669921875,0.0
8597,105.0,0.16142578125,0.0
8598,105.0,0.1669921875,0.0
8599,101.25,0.17255859375,0.0
8600,101.25,0.178125,0.0
8601,105.0,0.17255859375,0.0
8602,105.0,0.178125,0.0
8603,101.25,0.18369140625,0.0
8604,101.25,0.1892578125,0.0
8605,105.0,0.18369140625,0.0
8606,105.0,0.1892578125,0.0
8607,101.25,0.19482421875,0.0
8608,101.25,0.2,0.0
8609,101.25,0.200390625,0.0
8610,105.0,0.19482421875,0.0
8611,105.0,0.2,0.0
8612,105.0,0.200390625,0.0
8613,101.25,0.20595703125,0.0
8614,101.25,0.2115234375,0.0
8615,105.0,0.20595703125,0.0
8616,105.0,0.2115234375,0.0
8617,101.25,0.21708984375,0.0
8618,101.25,0.22265625,0.0
8619,105.0,0.21708984375,0.0
8620,105.0,0.22265625,0.0
8621,101.25,0.22822265625,0.0
8622,101.25,0.2337890625,0.0
8623,105.0,0.22822265625,0.0
8624,105.0,0.2337890625,0.0
8625,101.25,0.23935546875,0.0
8626,101.25,0.244921875,0.0
8627,105.0,0.23935546875,0.0
8628,105.0,0.244921875,0.0
8629,101.25,0.25048828125,0.0
8630,101.25,0.2560546875,0.0
8631,105.0,0.25048828125,0.0
8632,105.0,0.2560546875,0.0
8633,101.25,0.26162109375,0.0
8634,101.25,0.2671875,0.0
8635,105.0,0.26162109375,0.0
8636,105.0,0.2671875,0.0
8637,101.25,0.27275390625,0.0
8638,101.25,0.2783203125,0.0
8639,105.0,0.27275390625,0.0
8640,105.0,0.2783203125,0.0
8641,101.25,0.28388671875,0.0
8642,101.25,0.289453125,0.0
8643,105.0,0.28388671875,0.0
8644,105.0,0.289453125,0.0
8645,101.25,0.29501953125,0.0
8646,101.25,0.3005859375000001,0.0
8647,105.0,0.29501953125,0.0
8648,105.0,0.3005859375000001,0.0
8649,101.25,0.31171875,0.0
8650,105.0,0.31171875,0.0
8651,101.25,0.333984375,0.0
8652,105.0,0.333984375,0.0
8653,101.25,0.35625,0.0
8654,105.0,0.35625,0.0
8655,101.25,0.40078125,0.0
8656,105.0,0.40078125,0.0
8657,101.25,0.4453125,0.0
8658,105.0,0.4453125,0.0
8659,101.25,0.534375,0.0
8660,105.0,0.534375,0.0
8661,101.25,0.7125,0.0
8662,105.0,0.7125,0.0
8663,101.25,1.06875,0.0
8664,105.0,1.06875,0.0
8665,101.25,1.425,0.0
8666,105.0,1.425,0.0
8667,101.25,1.78125,0.0
8668,101.25,2.1375,0.0
8669,105.0,1.78125,0.0
8670,105.0,2.1375,0.0
8671,101.25,2.49375,0.0
8672,101.25,2.85,0.0
8673,105.0,2.49375,0.0
8674,105.0,2.85,0.0
8675,93.75,3.20625,0.0
8676,93.75,3.5625,0.0
8677,97.5,3.20625,0.0
8678,97.5,3.5625,0.0
8679,93.75,3.91875,0.0
8680,93.75,4.275,0.0
8681,97.5,3.91875,0.0
8682,97.5,4.275,0.0
8683,101.25,3.20625,0.0
8684,101.25,3.5625,0.0
8685,105.0,3.20625,0.0
8686,105.0,3.5625,0.0
8687,101.25,3.91875,0.0
8688,101.25,4.275,0.0
8689,105.0,3.91875,0.0
8690,105.0,4.275,0.0
8691,93.75,4.631250000000001,0.0
8692,97.5,4.631250000000001,0.0
8693,93.75,4.809375000000001,0.0
8694,97.5,4.809375000000001,0.0
8695,93.75,4.898437500000001,0.0
8696,97.5,4.898437500000001,0.0
8697,93.75,4.987500000000001,0.0
8698,97.5,4.987500000000001,0.0
8699,101.25,4.631250000000001,0.0
8700,105.0,4.631250000000001,0.0
8701,101.25,4.809375000000001,0.0
8702,105.0,4.809375000000001,0.0
8703,101.25,4.898437500000001,0.0
8704,105.0,4.898437500000001,0.0
8705,101.25,4.987500000000001,0.0
8706,105.0,4.987500000000001,0.0
8707,93.75,5.032031250000001,0.0
8708,97.5,5.032031250000001,0.0
8709,93.75,5.054296875,0.0
8710,97.5,5.054296875,0.0
8711,93.75,5.076562500000001,0.0
8712,97.5,5.076562500000001,0.0
8713,93.75,5.087695312500001,0.0
8714,97.5,5.087695312500001,0.0
8715,93.75,5.098828125000001,0.0
8716,97.5,5.098828125000001,0.0
8717,93.75,5.104394531250001,0.0
8718,93.75,5.1099609375,0.0
8719,97.5,5.104394531250001,0.0
8720,97.5,5.1099609375,0.0
8721,93.75,5.11552734375,0.0
8722,93.75,5.12109375,0.0
8723,97.5,5.11552734375,0.0
8724,97.5,5.12109375,0.0
8725,93.75,5.12666015625,0.0
8726,93.75,5.1322265625,0.0
8727,97.5,5.12666015625,0.0
8728,97.5,5.1322265625,0.0
8729,93.75,5.13779296875,0.0
8730,93.75,5.143359375,0.0
8731,97.5,5.13779296875,0.0
8732,97.5,5.143359375,0.0
8733,93.75,5.14892578125,0.0
8734,93.75,5.154492187500001,0.0
8735,97.5,5.14892578125,0.0
8736,97.5,5.154492187500001,0.0
8737,93.75,5.160058593750001,0.0
8738,93.75,5.165625,0.0
8739,97.5,5.160058593750001,0.0
8740,97.5,5.165625,0.0
8741,101.25,5.032031250000001,0.0
8742,105.0,5.032031250000001,0.0
8743,101.25,5.054296875,0.0
8744,105.0,5.054296875,0.0
8745,101.25,5.076562500000001,0.0
8746,105.0,5.076562500000001,0.0
8747,101.25,5.087695312500001,0.0
8748,105.0,5.087695312500001,0.0
8749,101.25,5.098828125000001,0.0
8750,105.0,5.098828125000001,0.0
8751,101.25,5.104394531250001,0.0
8752,101.25,5.1099609375,0.0
8753,105.0,5.104394531250001,0.0
8754,105.0,5.1099609375,0.0
8755,101.25,5.11552734375,0.0
8756,101.25,5.12109375,0.0
8757,105.0,5.11552734375,0.0
8758,105.0,5.12109375,0.0
8759,101.25,5.12666015625,0.0
8760,101.25,5.1322265625,0.0
8761,105.0,5.12666015625,0.0
8762,105.0,5.1322265625,0.0
8763,101.25,5.13779296875,0.0
8764,101.25,5.143359375,0.0
8765,105.0,5.13779296875,0.0
8766,105.0,5.143359375,0.0
8767,101.25,5.14892578125,0.0
8768,101.25,5.154492187500001,0.0
8769,105.0,5.14892578125,0.0
8770,105.0,5.154492187500001,0.0
8771,101.25,5.160058593750001,0.0
8772,101.25,5.165625,0.0
8773,105.0,5.160058593750001,0.0
8774,105.0,5.165625,0.0
8775,93.75,5.17119140625,0.0
8776,93.75,5.1767578125,0.0
8777,97.5,5.17119140625,0.0
8778,97.5,5.1767578125,0.0
8779,93.75,5.182324218750001,0.0
8780,93.75,5.187890625000001,0.0
8781,97.5,5.182324218750001,0.0
8782,97.5,5.187890625000001,0.0
8783,101.25,5.17119140625,0.0
8784,101.25,5.1767578125,0.0
8785,105.0,5.17119140625,0.0
8786,105.0,5.1767578125,0.0
8787,101.25,5.182324218750001,0.0
8788,101.25,5.187890625000001,0.0
8789,105.0,5.182324218750001,0.0
8790,105.0,5.187890625000001,0.0
8791,93.75,5.19345703125,0.0
8792,93.75,5.199023437500001,0.0
8793,97.5,5.19345703125,0.0
8794,97.5,5.199023437500001,0.0
8795,101.25,5.19345703125,0.0
8796,101.25,5.199023437500001,0.0
8797,105.0,5.19345703125,0.0
8798,105.0,5.199023437500001,0.0
8799,93.75,5.2,0.0
8800,93.75,5.204589843750001,0.0
8801,93.75,5.210156250000001,0.0
8802,97.5,5.2,0.0
8803,97.5,5.204589843750001,0.0
8804,97.5,5.210156250000001,0.0
8805,101.25,5.2,0.0
8806,101.25,5.204589843750001,0.0
8807,101.25,5.210156250000001,0.0
8808,105.0,5.2,0.0
8809,105.0,5.204589843750001,0.0
8810,105.0,5.210156250000001,0.0
8811,93.75,5.215722656250001,0.0
8812,97.5,5.215722656250001,0.0
8813,93.75,5.2212890625,0.0
8814,97.5,5.2212890625,0.0
8815,101.25,5.215722656250001,0.0
8816,105.0,5.215722656250001,0.0
8817,101.25,5.2212890625,0.0
8818,105.0,5.2212890625,0.0
8819,93.75,5.22685546875,0.0
8820,97.5,5.22685546875,0.0
8821,93.75,5.232421875,0.0
8822,97.5,5.232421875,0.0
8823,101.25,5.22685546875,0.0
8824,105.0,5.22685546875,0.0
8825,101.25,5.232421875,0.0
8826,105.0,5.232421875,0.0
8827,93.75,5.23798828125,0.0
8828,97.5,5.23798828125,0.0
8829,93.75,5.2435546875,0.0
8830,97.5,5.2435546875,0.0
8831,101.25,5.23798828125,0.0
8832,105.0,5.23798828125,0.0
8833,101.25,5.2435546875,0.0
8834,105.0,5.2435546875,0.0
8835,93.75,5.24912109375,0.0
8836,97.5,5.24912109375,0.0
8837,93.75,5.2546875,0.0
8838,97.5,5.2546875,0.0
8839,101.25,5.24912109375,0.0
8840,105.0,5.24912109375,0.0
8841,101.25,5.2546875,0.0
8842,105.0,5.2546875,0.0
8843,93.75,5.26025390625,0.0
8844,97.5,5.26025390625,0.0
8845,93.75,5.265820312500001,0.0
8846,97.5,5.265820312500001,0.0
8847,101.25,5.26025390625,0.0
8848,105.0,5.26025390625,0.0
8849,101.25,5.265820312500001,0.0
8850,105.0,5.265820312500001,0.0
8851,93.75,5.271386718750001,0.0
8852,97.5,5.271386718750001,0.0
8853,93.75,5.276953125,0.0
8854,97.5,5.276953125,0.0
8855,101.25,5.271386718750001,0.0
8856,105.0,5.271386718750001,0.0
8857,101.25,5.276953125,0.0
8858,105.0,5.276953125,0.0
8859,93.75,5.28251953125,0.0
8860,97.5,5.28251953125,0.0
8861,93.75,5.2880859375,0.0
8862,97.5,5.2880859375,0.0
8863,101.25,5.28251953125,0.0
8864,105.0,5.28251953125,0.0
8865,101.25,5.2880859375,0.0
8866,105.0,5.2880859375,0.0
8867,93.75,5.29365234375,0.0
8868,97.5,5.29365234375,0.0
8869,93.75,5.29921875,0.0
8870,97.5,5.29921875,0.0
8871,101.25,5.29365234375,0.0
8872,105.0,5.29365234375,0.0
8873,101.25,5.29921875,0.0
8874,105.0,5.29921875,0.0
8875,93.75,5.304785156249999,0.0
8876,97.5,5.304785156249999,0.0
8877,93.75,5.310351562499999,0.0
8878,97.5,5.310351562499999,0.0
8879,101.25,5.304785156249999,0.0
8880,105.0,5.304785156249999,0.0
8881,101.25,5.310351562499999,0.0
8882,105.0,5.310351562499999,0.0
8883,93.75,5.321484375,0.0
8884,97.5,5.321484375,0.0
8885,101.25,5.321484375,0.0
8886,105.0,5.321484375,0.0
8887,93.75,5.3326171875,0.0
8888,97.5,5.3326171875,0.0
8889,93.75,5.34375,0.0
8890,97.5,5.34375,0.0
8891,101.25,5.3326171875,0.0
8892,105.0,5.3326171875,0.0
8893,101.25,5.34375,0.0
8894,105.0,5.34375,0.0
8895,93.75,5.3548828125,0.0
8896,97.5,5.3548828125,0.0
8897,93.75,5.366015625,0.0
8898,97.5,5.366015625,0.0
8899,101.25,5.3548828125,0.0
8900,105.0,5.3548828125,0.0
8901,101.25,5.366015625,0.0
8902,105.0,5.366015625,0.0
8903,93.75,5.377148437500001,0.0
8904,97.5,5.377148437500001,0.0
8905,93.75,5.38828125,0.0
8906,97.5,5.38828125,0.0
8907,101.25,5.377148437500001,0.0
8908,105.0,5.377148437500001,0.0
8909,101.25,5.38828125,0.0
8910,105.0,5.38828125,0.0
8911,93.75,5.3994140625,0.0
8912,97.5,5.3994140625,0.0
8913,93.75,5.410546875,0.0
8914,97.5,5.410546875,0.0
8915,101.25,5.3994140625,0.0
8916,105.0,5.3994140625,0.0
8917,101.25,5.410546875,0.0
8918,105.0,5.410546875,0.0
8919,93.75,5.421679687499999,0.0
8920,97.5,5.421679687499999,0.0
8921,93.75,5.4328125,0.0
8922,97.5,5.4328125,0.0
8923,101.25,5.421679687499999,0.0
8924,105.0,5.421679687499999,0.0
8925,101.25,5.4328125,0.0
8926,105.0,5.4328125,0.0
8927,93.75,5.4439453125,0.0
8928,97.5,5.4439453125,0.0
8929,93.75,5.455078125,0.0
8930,97.5,5.455078125,0.0
8931,101.25,5.4439453125,0.0
8932,105.0,5.4439453125,0.0
8933,101.25,5.455078125,0.0
8934,105.0,5.455078125,0.0
8935,93.75,5.4662109375,0.0
8936,97.5,5.4662109375,0.0
8937,93.75,5.477343749999999,0.0
8938,97.5,5.477343749999999,0.0
8939,101.25,5.4662109375,0.0
8940,105.0,5.4662109375,0.0
8941,101.25,5.477343749999999,0.0
8942,105.0,5.477343749999999,0.0
8943,93.75,5.488476562499999,0.0
8944,97.5,5.488476562499999,0.0
8945,93.75,5.499609374999999,0.0
8946,97.5,5.499609374999999,0.0
8947,101.25,5.488476562499999,0.0
8948,105.0,5.488476562499999,0.0
8949,101.25,5.499609374999999,0.0
8950,105.0,5.499609374999999,0.0
8951,93.75,5.5107421875,0.0
8952,97.5,5.5107421875,0.0
8953,93.75,5.521875,0.0
8954,97.5,5.521875,0.0
8955,101.25,5.5107421875,0.0
8956,105.0,5.5107421875,0.0
8957,101.25,5.521875,0.0
8958,105.0,5.521875,0.0
8959,93.75,5.533007812499999,0.0
8960,97.5,5.533007812499999,0.0
8961,93.75,5.544140625,0.0
8962,97.5,5.544140625,0.0
8963,101.25,5.533007812499999,0.0
8964,105.0,5.533007812499999,0.0
8965,101.25,5.544140625,0.0
8966,105.0,5.544140625,0.0
8967,93.75,5.5552734375,0.0
8968,97.5,5.5552734375,0.0
8969,93.75,5.56640625,0.0
8970,97.5,5.56640625,0.0
8971,101.25,5.5552734375,0.0
8972,105.0,5.5552734375,0.0
8973,101.25,5.56640625,0.0
8974,105.0,5.56640625,0.0
8975,93.75,5.5775390625,0.0
8976,97.5,5.5775390625,0.0
8977,93.75,5.588671875,0.0
8978,97.5,5.588671875,0.0
8979,101.25,5.5775390625,0.0
8980,105.0,5.5775390625,0.0
8981,101.25,5.588671875,0.0
8982,105.0,5.588671875,0.0
8983,93.75,5.599804687500001,0.0
8984,97.5,5.599804687500001,0.0
8985,93.75,5.6109375,0.0
8986,97.5,5.6109375,0.0
8987,101.25,5.599804687500001,0.0
8988,105.0,5.599804687500001,0.0
8989,101.25,5.6109375,0.0
8990,105.0,5.6109375,0.0
8991,93.75,5.6220703125,0.0
8992,97.5,5.6220703125,0.0
8993,93.75,5.633203125000001,0.0
8994,97.5,5.633203125000001,0.0
8995,101.25,5.6220703125,0.0
8996,105.0,5.6220703125,0.0
8997,101.25,5.633203125000001,0.0
8998,105.0,5.633203125000001,0.0
8999,93.75,5.644335937500001,0.0
9000,97.5,5.644335937500001,0.0
9001,93.75,5.655468750000001,0.0
9002,97.5,5.655468750000001,0.0
9003,101.25,5.644335937500001,0.0
9004,105.0,5.644335937500001,0.0
9005,101.25,5.655468750000001,0.0
9006,105.0,5.655468750000001,0.0
9007,93.75,5.6666015625,0.0
9008,97.5,5.6666015625,0.0
9009,93.75,5.677734375,0.0
9010,97.5,5.677734375,0.0
9011,101.25,5.6666015625,0.0
9012,105.0,5.6666015625,0.0
9013,101.25,5.677734375,0.0
9014,105.0,5.677734375,0.0
9015,93.75,5.6888671875,0.0
9016,97.5,5.6888671875,0.0
9017,93.75,5.7,0.0
9018,97.5,5.7,0.0
9019,101.25,5.6888671875,0.0
9020,105.0,5.6888671875,0.0
9021,101.25,5.7,0.0
9022,105.0,5.7,0.0
9023,108.75,0.0111328125,0.0
9024,108.75,-0.0,0.0
9025,108.75,0.022265625,0.0
9026,112.5,0.0111328125,0.0
9027,112.5,-0.0,0.0
9028,112.5,0.022265625,0.0
9029,108.75,0.0333984375,0.0
9030,108.75,0.04453125,0.0
9031,112.5,0.0333984375,0.0
9032,112.5,0.04453125,0.0
9033,108.75,0.0556640625,0.0
9034,108.75,0.066796875,0.0
9035,112.5,0.0556640625,0.0
9036,112.5,0.066796875,0.0
9037,108.75,0.07792968750000001,0.0
9038,112.5,0.07792968750000001,0.0
9039,108.75,0.0890625,0.0
9040,112.5,0.0890625,0.0
9041,108.75,0.09462890625,0.0
9042,108.75,0.1001953125,0.0
9043,112.5,0.09462890625,0.0
9044,112.5,0.1001953125,0.0
9045,108.75,0.10576171875,0.0
9046,108.75,0.111328125,0.0
9047,112.5,0.10576171875,0.0
9048,112.5,0.111328125,0.0
9049,108.75,0.11689453125,0.0
9050,108.75,0.1224609375,0.0
9051,112.5,0.11689453125,0.0
9052,112.5,0.1224609375,0.0
9053,108.75,0.12802734375,0.0
9054,108.75,0.13359375,0.0
9055,112.5,0.12802734375,0.0
9056,112.5,0.13359375,0.0
9057,108.75,0.13916015625,0.0
9058,108.75,0.1447265625,0.0
9059,112.5,0.13916015625,0.0
9060,112.5,0.1447265625,0.0
9061,108.75,0.15029296875,0.0
9062,108.75,0.155859375,0.0
9063,112.5,0.15029296875,0.0
9064,112.5,0.155859375,0.0
9065,108.75,0.16142578125,0.0
9066,108.75,0.1669921875,0.0
9067,112.5,0.16142578125,0.0
9068,112.5,0.1669921875,0.0
9069,108.75,0.17255859375,0.0
9070,108.75,0.178125,0.0
9071,112.5,0.17255859375,0.0
9072,112.5,0.178125,0.0
9073,108.75,0.18369140625,0.0
9074,108.75,0.1892578125,0.0
9075,112.5,0.18369140625,0.0
9076,112.5,0.1892578125,0.0
9077,108.75,0.19482421875,0.0
9078,108.75,0.2,0.0
9079,108.75,0.200390625,0.0
9080,112.5,0.19482421875,0.0
9081,112.5,0.2,0.0
9082,112.5,0.200390625,0.0
9083,108.75,0.20595703125,0.0
9084,108.75,0.2115234375,0.0
9085,112.5,0.20595703125,0.0
9086,112.5,0.2115234375,0.0
9087,108.75,0.21708984375,0.0
9088,108.75,0.22265625,0.0
9089,112.5,0.21708984375,0.0
9090,112.5,0.22265625,0.0
9091,108.75,0.22822265625,0.0
9092,108.75,0.2337890625,0.0
9093,112.5,0.22822265625,0.0
9094,112.5,0.2337890625,0.0
9095,108.75,0.23935546875,0.0
9096,108.75,0.244921875,0.0
9097,112.5,0.23935546875,0.0
9098,112.5,0.244921875,0.0
9099,108.75,0.25048828125,0.0
9100,108.75,0.2560546875,0.0
9101,112.5,0.25048828125,0.0
9102,112.5,0.2560546875,0.0
9103,108.75,0.26162109375,0.0
9104,108.75,0.2671875,0.0
9105,112.5,0.26162109375,0.0
9106,112.5,0.2671875,0.0
9107,108.75,0.27275390625,0.0
9108,108.75,0.2783203125,0.0
9109,112.5,0.27275390625,0.0
9110,112.5,0.2783203125,0.0
9111,108.75,0.28388671875,0.0
9112,108.75,0.289453125,0.0
9113,112.5,0.28388671875,0.0
9114,112.5,0.289453125,0.0
9115,108.75,0.29501953125,0.0
9116,108.75,0.3005859375000001,0.0
9117,112.5,0.29501953125,0.0
9118,112.5,0.3005859375000001,0.0
9119,108.75,0.31171875,0.0
9120,112.5,0.31171875,0.0
9121,108.75,0.333984375,0.0
9122,112.5,0.333984375,0.0
9123,108.75,0.35625,0.0
9124,112.5,0.35625,0.0
9125,108.75,0.40078125,0.0
9126,112.5,0.40078125,0.0
9127,108.75,0.4453125,0.0
9128,112.5,0.4453125,0.0
9129,108.75,0.534375,0.0
9130,112.5,0.534375,0.0
9131,108.75,0.7125,0.0
9132,112.5,0.7125,0.0
9133,108.75,1.06875,0.0
9134,112.5,1.06875,0.0
9135,108.75,1.425,0.0
9136,112.5,1.425,0.0
9137,108.75,1.78125,0.0
9138,108.75,2.1375,0.0
9139,112.5,1.78125,0.0
9140,112.5,2.1375,0.0
9141,108.75,2.49375,0.0
9142,108.75,2.85,0.0
9143,112.5,2.49375,0.0
9144,112.5,2.85,0.0
9145,108.75,3.20625,0.0
9146,108.75,3.5625,0.0
9147,112.5,3.20625,0.0
9148,112.5,3.5625,0.0
9149,108.75,3.91875,0.0
9150,108.75,4.275,0.0
9151,112.5,3.91875,0.0
9152,112.5,4.275,0.0
9153,108.75,4.631250000000001,0.0
9154,112.5,4.631250000000001,0.0
9155,108.75,4.809375000000001,0.0
9156,112.5,4.809375000000001,0.0
9157,108.75,4.898437500000001,0.0
9158,112.5,4.898437500000001,0.0
9159,108.75,4.987500000000001,0.0
9160,112.5,4.987500000000001,0.0
9161,108.75,5.032031250000001,0.0
9162,112.5,5.032031250000001,0.0
9163,108.75,5.054296875,0.0
9164,112.5,5.054296875,0.0
9165,108.75,5.076562500000001,0.0
9166,112.5,5.076562500000001,0.0
9167,108.75,5.087695312500001,0.0
9168,112.5,5.087695312500001,0.0
9169,108.75,5.098828125000001,0.0
9170,112.5,5.098828125000001,0.0
9171,108.75,5.104394531250001,0.0
9172,108.75,5.1099609375,0.0
9173,112.5,5.104394531250001,0.0
9174,112.5,5.1099609375,0.0
9175,108.75,5.11552734375,0.0
9176,108.75,5.12109375,0.0
9177,112.5,5.11552734375,0.0
9178,112.5,5.12109375,0.0
9179,108.75,5.12666015625,0.0
9180,108.75,5.1322265625,0.0
9181,112.5,5.12666015625,0.0
9182,112.5,5.1322265625,0.0
9183,108.75,5.13779296875,0.0
9184,108.75,5.143359375,0.0
9185,112.5,5.13779296875,0.0
9186,112.5,5.143359375,0.0
9187,108.75,5.14892578125,0.0
9188,108.75,5.154492187500001,0.0
9189,112.5,5.14892578125,0.0
9190,112.5,5.154492187500001,0.0
9191,108.75,5.160058593750001,0.0
9192,108.75,5.165625,0.0
9193,112.5,5.160058593750001,0.0
9194,112.5,5.165625,0.0
9195,108.75,5.17119140625,0.0
9196,108.75,5.1767578125,0.0
9197,112.5,5.17119140625,0.0
9198,112.5,5.1767578125,0.0
9199,108.75,5.182324218750001,0.0
9200,108.75,5.187890625000001,0.0
9201,112.5,5.182324218750001,0.0
9202,112.5,5.187890625000001,0.0
9203,108.75,5.19345703125,0.0
9204,108.75,5.199023437500001,0.0
9205,112.5,5.19345703125,0.0
9206,112.5,5.199023437500001,0.0
9207,108.75,5.2,0.0
9208,108.75,5.204589843750001,0.0
9209,108.75,5.210156250000001,0.0
9210,112.5,5.2,0.0
9211,112.5,5.204589843750001,0.0
9212,112.5,5.210156250000001,0.0
9213,108.75,5.215722656250001,0.0
9214,112.5,5.215722656250001,0.0
9215,108.75,5.2212890625,0.0
9216,112.5,5.2212890625,0.0
9217,108.75,5.22685546875,0.0
9218,112.5,5.22685546875,0.0
9219,108.75,5.232421875,0.0
9220,112.5,5.232421875,0.0
9221,108.75,5.23798828125,0.0
9222,112.5,5.23798828125,0.0
9223,108.75,5.2435546875,0.0
9224,112.5,5.2435546875,0.0
9225,108.75,5.24912109375,0.0
9226,112.5,5.24912109375,0.0
9227,108.75,5.2546875,0.0
9228,112.5,5.2546875,0.0
9229,108.75,5.26025390625,0.0
9230,112.5,5.26025390625,0.0
9231,108.75,5.265820312500001,0.0
9232,112.5,5.265820312500001,0.0
9233,108.75,5.271386718750001,0.0
9234,112.5,5.271386718750001,0.0
9235,108.75,5.276953125,0.0
9236,112.5,5.276953125,0.0
9237,108.75,5.28251953125,0.0
9238,112.5,5.28251953125,0.0
9239,108.75,5.2880859375,0.0
9240,112.5,5.2880859375,0.0
9241,108.75,5.29365234375,0.0
9242,112.5,5.29365234375,0.0
9243,108.75,5.29921875,0.0
9244,112.5,5.29921875,0.0
9245,108.75,5.304785156249999,0.0
9246,112.5,5.304785156249999,0.0
9247,108.75,5.310351562499999,0.0
9248,112.5,5.310351562499999,0.0
9249,108.75,5.321484375,0.0
9250,112.5,5.321484375,0.0
9251,108.75,5.3326171875,0.0
9252,112.5,5.3326171875,0.0
9253,108.75,5.34375,0.0
9254,112.5,5.34375,0.0
9255,108.75,5.3548828125,0.0
9256,112.5,5.3548828125,0.0
9257,108.75,5.366015625,0.0
9258,112.5,5.366015625,0.0
9259,108.75,5.377148437500001,0.0
9260,112.5,5.377148437500001,0.0
9261,108.75,5.38828125,0.0
9262,112.5,5.38828125,0.0
9263,108.75,5.3994140625,0.0
9264,112.5,5.3994140625,0.0
9265,108.75,5.410546875,0.0
9266,112.5,5.410546875,0.0
9267,108.75,5.421679687499999,0.0
9268,112.5,5.421679687499999,0.0
9269,108.75,5.4328125,0.0
9270,112.5,5.4328125,0.0
9271,108.75,5.4439453125,0.0
9272,112.5,5.4439453125,0.0
9273,108.75,5.455078125,0.0
9274,112.5,5.455078125,0.0
9275,108.75,5.4662109375,0.0
9276,112.5,5.4662109375,0.0
9277,108.75,5.477343749999999,0.0
9278,112.5,5.477343749999999,0.0
9279,108.75,5.488476562499999,0.0
9280,112.5,5.488476562499999,0.0
9281,108.75,5.499609374999999,0.0
9282,112.5,5.499609374999999,0.0
9283,108.75,5.5107421875,0.0
9284,112.5,5.5107421875,0.0
9285,108.75,5.521875,0.0
9286,112.5,5.521875,0.0
9287,108.75,5.533007812499999,0.0
9288,112.5,5.533007812499999,0.0
9289,108.75,5.544140625,0.0
9290,112.5,5.544140625,0.0
9291,108.75,5.5552734375,0.0
9292,112.5,5.5552734375,0.0
9293,108.75,5.56640625,0.0
9294,112.5,5.56640625,0.0
9295,108.75,5.5775390625,0.0
9296,112.5,5.5775390625,0.0
9297,108.75,5.588671875,0.0
9298,112.5,5.588671875,0.0
9299,108.75,5.599804687500001,0.0
9300,112.5,5.599804687500001,0.0
9301,108.75,5.6109375,0.0
9302,112.5,5.6109375,0.0
9303,108.75,5.6220703125,0.0
9304,112.5,5.6220703125,0.0
9305,108.75,5.633203125000001,0.0
9306,112.5,5.633203125000001,0.0
9307,108.75,5.644335937500001,0.0
9308,112.5,5.644335937500001,0.0
9309,108.75,5.655468750000001,0.0
9310,112.5,5.655468750000001,0.0
9311,108.75,5.6666015625,0.0
9312,112.5,5.6666015625,0.0
9313,108.75,5.677734375,0.0
9314,112.5,5.677734375,0.0
9315,108.75,5.6888671875,0.0
9316,112.5,5.6888671875,0.0
9317,108.75,5.7,0.0
9318,112.5,5.7,0.0
9319,116.25,0.0111328125,0.0
9320,116.25,-0.0,0.0
9321,116.25,0.022265625,0.0
9322,116.25,0.0333984375,0.0
9323,116.25,0.04453125,0.0
9324,116.25,0.0556640625,0.0
9325,116.25,0.066796875,0.0
9326,116.25,0.07792968750000001,0.0
9327,116.25,0.0890625,0.0
9328,116.25,0.09462890625,0.0
9329,116.25,0.1001953125,0.0
9330,116.25,0.10576171875,0.0
9331,116.25,0.111328125,0.0
9332,116.25,0.11689453125,0.0
9333,116.25,0.1224609375,0.0
9334,116.25,0.12802734375,0.0
9335,116.25,0.13359375,0.0
9336,116.25,0.13916015625,0.0
9337,116.25,0.1447265625,0.0
9338,116.25,0.15029296875,0.0
9339,116.25,0.155859375,0.0
9340,116.25,0.16142578125,0.0
9341,116.25,0.1669921875,0.0
9342,116.25,0.17255859375,0.0
9343,116.25,0.178125,0.0
9344,116.25,0.18369140625,0.0
9345,116.25,0.1892578125,0.0
9346,116.25,0.19482421875,0.0
9347,116.25,0.2,0.0
9348,116.25,0.200390625,0.0
9349,116.25,0.20595703125,0.0
9350,116.25,0.2115234375,0.0
9351,116.25,0.21708984375,0.0
9352,116.25,0.22265625,0.0
9353,116.25,0.22822265625,0.0
9354,116.25,0.2337890625,0.0
9355,116.25,0.23935546875,0.0
9356,116.25,0.244921875,0.0
9357,116.25,0.25048828125,0.0
9358,116.25,0.2560546875,0.0
9359,116.25,0.26162109375,0.0
9360,116.25,0.2671875,0.0
9361,116.25,0.27275390625,0.0
9362,116.25,0.2783203125,0.0
9363,116.25,0.28388671875,0.0
9364,116.25,0.289453125,0.0
9365,116.25,0.29501953125,0.0
9366,116.25,0.3005859375000001,0.0
9367,116.25,0.31171875,0.0
9368,116.25,0.333984375,0.0
9369,116.25,0.35625,0.0
9370,116.25,0.40078125,0.0
9371,116.25,0.4453125,0.0
9372,116.25,0.534375,0.0
9373,116.25,0.7125,0.0
9374,116.25,1.06875,0.0
9375,116.25,1.425,0.0
9376,116.25,1.78125,0.0
9377,116.25,2.1375,0.0
9378,116.25,2.49375,0.0
9379,116.25,2.85,0.0
9380,116.25,3.20625,0.0
9381,116.25,3.5625,0.0
9382,116.25,3.91875,0.0
9383,116.25,4.275,0.0
9384,116.25,4.631250000000001,0.0
9385,116.25,4.809375000000001,0.0
9386,116.25,4.898437500000001,0.0
9387,116.25,4.987500000000001,0.0
9388,116.25,5.032031250000001,0.0
9389,116.25,5.054296875,0.0
9390,116.25,5.076562500000001,0.0
9391,116.25,5.087695312500001,0.0
9392,116.25,5.098828125000001,0.0
9393,116.25,5.104394531250001,0.0
9394,116.25,5.1099609375,0.0
9395,116.25,5.11552734375,0.0
9396,116.25,5.12109375,0.0
9397,116.25,5.12666015625,0.0
9398,116.25,5.1322265625,0.0
9399,116.25,5.13779296875,0.0
9400,116.25,5.143359375,0.0
9401,116.25,5.14892578125,0.0
9402,116.25,5.154492187500001,0.0
9403,116.25,5.160058593750001,0.0
9404,116.25,5.165625,0.0
9405,116.25,5.17119140625,0.0
9406,116.25,5.1767578125,0.0
9407,116.25,5.182324218750001,0.0
9408,116.25,5.187890625000001,0.0
9409,116.25,5.19345703125,0.0
9410,116.25,5.199023437500001,0.0
9411,116.25,5.2,0.0
9412,116.25,5.204589843750001,0.0
9413,116.25,5.210156250000001,0.0
9414,116.25,5.215722656250001,0.0
9415,116.25,5.2212890625,0.0
9416,116.25,5.22685546875,0.0
9417,116.25,5.232421875,0.0
9418,116.25,5.23798828125,0.0
9419,116.25,5.2435546875,0.0
9420,116.25,5.24912109375,0.0
9421,116.25,5.2546875,0.0
9422,116.25,5.26025390625,0.0
9423,116.25,5.265820312500001,0.0
9424,116.25,5.271386718750001,0.0
9425,116.25,5.276953125,0.0
9426,116.25,5.28251953125,0.0
9427,116.25,5.2880859375,0.0
9428,116.25,5.29365234375,0.0
9429,116.25,5.29921875,0.0
9430,116.25,5.304785156249999,0.0
9431,116.25,5.310351562499999,0.0
9432,116.25,5.321484375,0.0
9433,116.25,5.3326171875,0.0
9434,116.25,5.34375,0.0
9435,116.25,5.3548828125,0.0
9436,116.25,5.366015625,0.0
9437,116.25,5.377148437500001,0.0
9438,116.25,5.38828125,0.0
9439,116.25,5.3994140625,0.0
9440,116.25,5.410546875,0.0
9441,116.25,5.421679687499999,0.0
9442,116.25,5.4328125,0.0
9443,116.25,5.4439453125,0.0
9444,116.25,5.455078125,0.0
9445,116.25,5.4662109375,0.0
9446,116.25,5.477343749999999,0.0
9447,116.25,5.488476562499999,0.0
9448,116.25,5.499609374999999,0.0
9449,116.25,5.5107421875,0.0
9450,116.25,5.521875,0.0
9451,116.25,5.533007812499999,0.0
9452,116.25,5.544140625,0.0
9453,116.25,5.5552734375,0.0
9454,116.25,5.56640625,0.0
9455,116.25,5.5775390625,0.0
9456,116.25,5.588671875,0.0
9457,116.25,5.599804687500001,0.0
9458,116.25,5.6109375,0.0
9459,116.25,5.6220703125,0.0
9460,116.25,5.633203125000001,0.0
9461,116.25,5.644335937500001,0.0
9462,116.25,5.655468750000001,0.0
9463,116.25,5.6666015625,0.0
9464,116.25,5.677734375,0.0
9465,116.25,5.6888671875,0.0
9466,116.25,5.7,0.0
9467,120.0,0.0111328125,0.0
9468,120.0,0.022265625,0.0
9469,120.0,0.0333984375,0.0
9470,120.0,0.04453125,0.0
9471,120.0,0.0556640625,0.0
9472,120.0,0.066796875,0.0
9473,120.0,0.07792968750000001,0.0
9474,120.0,0.0890625,0.0
9475,120.0,0.09462890625,0.0
9476,120.0,0.1001953125,0.0
9477,120.0,0.10576171875,0.0
9478,120.0,0.111328125,0.0
9479,120.0,0.11689453125,0.0
9480,120.0,0.1224609375,0.0
9481,120.0,0.12802734375,0.0
9482,120.0,0.13359375,0.0
9483,120.0,0.13916015625,0.0
9484,120.0,0.1447265625,0.0
9485,120.0,0.15029296875,0.0
9486,120.0,0.155859375,0.0
9487,120.0,0.16142578125,0.0
9488,120.0,0.1669921875,0.0
9489,120.0,0.17255859375,0.0
9490,120.0,0.178125,0.0
9491,120.0,0.18369140625,0.0
9492,120.0,0.1892578125,0.0
9493,120.0,0.19482421875,0.0
9494,120.0,0.20595703125,0.0
9495,120.0,0.2115234375,0.0
9496,120.0,0.21708984375,0.0
9497,120.0,0.22265625,0.0
9498,120.0,0.22822265625,0.0
9499,120.0,0.2337890625,0.0
9500,120.0,0.23935546875,0.0
9501,120.0,0.244921875,0.0
9502,120.0,0.25048828125,0.0
9503,120.0,0.2560546875,0.0
9504,120.0,0.26162109375,0.0
9505,120.0,0.2671875,0.0
9506,120.0,0.27275390625,0.0
9507,120.0,0.2783203125,0.0
9508,120.0,0.28388671875,0.0
9509,120.0,0.289453125,0.0
9510,120.0,0.29501953125,0.0
9511,120.0,0.3005859375000001,0.0
9512,120.0,0.31171875,0.0
9513,120.0,0.333984375,0.0
9514,120.0,0.35625,0.0
9515,120.0,0.40078125,0.0
9516,120.0,0.4453125,0.0
9517,120.0,0.534375,0.0
9518,120.0,0.7125,0.0
9519,120.0,1.06875,0.0
9520,120.0,1.425,0.0
9521,120.0,1.78125,0.0
9522,120.0,2.1375,0.0
9523,120.0,2.49375,0.0
9524,120.0,2.85,0.0
9525,120.0,3.20625,0.0
9526,120.0,3.5625,0.0
9527,120.0,3.91875,0.0
9528,120.0,4.275,0.0
9529,120.0,4.631250000000001,0.0
9530,120.0,4.809375000000001,0.0
9531,120.0,4.898437500000001,0.0
9532,120.0,4.987500000000001,0.0
9533,120.0,5.032031250000001,0.0
9534,120.0,5.054296875,0.0
9535,120.0,5.076562500000001,0.0
9536,120.0,5.087695312500001,0.0
9537,120.0,5.098828125000001,0.0
9538,120.0,5.104394531250001,0.0
9539,120.0,5.1099609375,0.0
9540,120.0,5.11552734375,0.0
9541,120.0,5.12109375,0.0
9542,120.0,5.12666015625,0.0
9543,120.0,5.1322265625,0.0
9544,120.0,5.13779296875,0.0
9545,120.0,5.143359375,0.0
9546,120.0,5.14892578125,0.0
9547,120.0,5.154492187500001,0.0
9548,120.0,5.160058593750001,0.0
9549,120.0,5.165625,0.0
9550,120.0,5.17119140625,0.0
9551,120.0,5.1767578125,0.0
9552,120.0,5.182324218750001,0.0
9553,120.0,5.187890625000001,0.0
9554,120.0,5.19345703125,0.0
9555,120.0,5.199023437500001,0.0
9556,120.0,5.204589843750001,0.0
9557,120.0,5.210156250000001,0.0
9558,120.0,5.215722656250001,0.0
9559,120.0,5.2212890625,0.0
9560,120.0,5.22685546875,0.0
9561,120.0,5.232421875,0.0
9562,120.0,5.23798828125,0.0
9563,120.0,5.2435546875,0.0
9564,120.0,5.24912109375,0.0
9565,120.0,5.2546875,0.0
9566,120.0,5.26025390625,0.0
9567,120.0,5.265820312500001,0.0
9568,120.0,5.271386718750001,0.0
9569,120.0,5.276953125,0.0
9570,120.0,5.28251953125,0.0
9571,120.0,5.2880859375,0.0
9572,120.0,5.29365234375,0.0
9573,120.0,5.29921875,0.0
9574,120.0,5.304785156249999,0.0
9575,120.0,5.310351562499999,0.0
9576,120.0,5.321484375,0.0
9577,120.0,5.3326171875,0.0
9578,120.0,5.34375,0.0
9579,120.0,5.3548828125,0.0
9580,120.0,5.366015625,0.0
9581,120.0,5.377148437500001,0.0
9582,120.0,5.38828125,0.0
9583,120.0,5.3994140625,0.0
9584,120.0,5.410546875,0.0
9585,120.0,5.421679687499999,0.0
9586,120.0,5.4328125,0.0
9587,120.0,5.4439453125,0.0
9588,120.0,5.455078125,0.0
9589,120.0,5.4662109375,0.0
9590,120.0,5.477343749999999,0.0
9591,120.0,5.488476562499999,0.0
9592,120.0,5.499609374999999,0.0
9593,120.0,5.5107421875,0.0
9594,120.0,5.521875,0.0
9595,120.0,5.533007812499999,0.0
9596,120.0,5.544140625,0.0
9597,120.0,5.5552734375,0.0
9598,120.0,5.56640625,0.0
9599,120.0,5.5775390625,0.0
9600,120.0,5.588671875,0.0
9601,120.0,5.599804687500001,0.0
9602,120.0,5.6109375,0.0
9603,120.0,5.6220703125,0.0
9604,120.0,5.633203125000001,0.0
9605,120.0,5.644335937500001,0.0
9606,120.0,5.655468750000001,0.0
9607,120.0,5.6666015625,0.0
9608,120.0,5.677734375,0.0
9609,120.0,5.6888671875,0.0
9610,-120.0,5.2,0.0
9611,120.0,5.2,0.0
9612,120.0,5.7,0.0
9613,-120.0,5.7,0.0
9614,-120.0,-0.0,0.0
9615,120.0,-0.0,0.0
9616,120.0,0.2,0.0
9617,-120.0,0.2,0.0
