vertex_id,tcad_lateral_um,tcad_depth_um,optical_generation_cm^-3_s^-1
0,-116.25,0.0148193359375,0.0
1,-116.25,-0.0,0.0
2,-120.0,0.0148193359375,0.0
3,-116.25,0.029638671875,0.0
4,-120.0,0.029638671875,0.0
5,-112.5,0.0148193359375,0.0
6,-112.5,-0.0,0.0
7,-112.5,0.029638671875,0.0
8,-116.25,0.04445800781250001,0.0
9,-120.0,0.04445800781250001,0.0
10,-116.25,0.05927734375,0.0
11,-120.0,0.05927734375,0.0
12,-112.5,0.04445800781250001,0.0
13,-112.5,0.05927734375,0.0
14,-116.25,0.0740966796875,0.0
15,-120.0,0.0740966796875,0.0
16,-112.5,0.0740966796875,0.0
17,-116.25,0.08891601562500001,0.0
18,-120.0,0.08891601562500001,0.0
19,-112.5,0.08891601562500001,0.0
20,-116.25,0.09632568359375002,0.0
21,-120.0,0.09632568359375002,0.0
22,-116.25,0.1037353515625,0.0
23,-120.0,0.1037353515625,0.0
24,-112.5,0.09632568359375002,0.0
25,-112.5,0.1037353515625,0.0
26,-116.25,0.11114501953125,0.0
27,-120.0,0.11114501953125,0.0
28,-116.25,0.1185546875,0.0
29,-120.0,0.1185546875,0.0
30,-112.5,0.11114501953125,0.0
31,-112.5,0.1185546875,0.0
32,-116.25,0.12596435546875,0.0
33,-120.0,0.12596435546875,0.0
34,-116.25,0.1333740234375,0.0
35,-120.0,0.1333740234375,0.0
36,-112.5,0.12596435546875,0.0
37,-112.5,0.1333740234375,0.0
38,-116.25,0.14078369140625,0.0
39,-120.0,0.14078369140625,0.0
40,-116.25,0.148193359375,0.0
41,-120.0,0.148193359375,0.0
42,-112.5,0.14078369140625,0.0
43,-112.5,0.148193359375,0.0
44,-116.25,0.15560302734375,0.0
45,-120.0,0.15560302734375,0.0
46,-116.25,0.1630126953125,0.0
47,-120.0,0.1630126953125,0.0
48,-112.5,0.15560302734375,0.0
49,-112.5,0.1630126953125,0.0
50,-116.25,0.17042236328125,0.0
51,-120.0,0.17042236328125,0.0
52,-116.25,0.17783203125,0.0
53,-120.0,0.17783203125,0.0
54,-112.5,0.17042236328125,0.0
55,-112.5,0.17783203125,0.0
56,-116.25,0.18524169921875,0.0
57,-120.0,0.18524169921875,0.0
58,-116.25,0.1926513671875,0.0
59,-120.0,0.1926513671875,0.0
60,-112.5,0.18524169921875,0.0
61,-112.5,0.1926513671875,0.0
62,-116.25,0.207470703125,0.0
63,-120.0,0.207470703125,0.0
64,-112.5,0.207470703125,0.0
65,-116.25,0.21488037109375,0.0
66,-120.0,0.21488037109375,0.0
67,-116.25,0.2222900390625,0.0
68,-120.0,0.2222900390625,0.0
69,-112.5,0.21488037109375,0.0
70,-112.5,0.2222900390625,0.0
71,-116.25,0.22969970703125,0.0
72,-120.0,0.22969970703125,0.0
73,-116.25,0.237109375,0.0
74,-120.0,0.237109375,0.0
75,-112.5,0.22969970703125,0.0
76,-112.5,0.237109375,0.0
77,-116.25,0.24451904296875,0.0
78,-120.0,0.24451904296875,0.0
79,-116.25,0.2519287109375,0.0
80,-120.0,0.2519287109375,0.0
81,-112.5,0.24451904296875,0.0
82,-112.5,0.2519287109375,0.0
83,-116.25,0.25933837890625,0.0
84,-120.0,0.25933837890625,0.0
85,-116.25,0.266748046875,0.0
86,-120.0,0.266748046875,0.0
87,-112.5,0.25933837890625,0.0
88,-112.5,0.266748046875,0.0
89,-116.25,0.27415771484375,0.0
90,-120.0,0.27415771484375,0.0
91,-116.25,0.2815673828125,0.0
92,-120.0,0.2815673828125,0.0
93,-112.5,0.27415771484375,0.0
94,-112.5,0.2815673828125,0.0
95,-116.25,0.28897705078125,0.0
96,-120.0,0.28897705078125,0.0
97,-116.25,0.29638671875,0.0
98,-120.0,0.29638671875,0.0
99,-112.5,0.28897705078125,0.0
100,-112.5,0.29638671875,0.0
101,-116.25,0.30379638671875,0.0
102,-120.0,0.30379638671875,0.0
103,-116.25,0.3112060546875,0.0
104,-120.0,0.3112060546875,0.0
105,-112.5,0.30379638671875,0.0
106,-112.5,0.3112060546875,0.0
107,-116.25,0.326025390625,0.0
108,-120.0,0.326025390625,0.0
109,-112.5,0.326025390625,0.0
110,-116.25,0.3556640625,0.0
111,-120.0,0.3556640625,0.0
112,-112.5,0.3556640625,0.0
113,-116.25,0.41494140625,0.0
114,-120.0,0.41494140625,0.0
115,-112.5,0.41494140625,0.0
116,-116.25,0.47421875,0.0
117,-120.0,0.47421875,0.0
118,-112.5,0.47421875,0.0
119,-116.25,0.5927734375,0.0
120,-120.0,0.5927734375,0.0
121,-112.5,0.5927734375,0.0
122,-116.25,0.7113281250000001,0.0
123,-120.0,0.7113281250000001,0.0
124,-112.5,0.7113281250000001,0.0
125,-116.25,0.9484375,0.0
126,-120.0,0.9484375,0.0
127,-112.5,0.9484375,0.0
128,-116.25,1.42265625,0.0
129,-120.0,1.42265625,0.0
130,-112.5,1.42265625,0.0
131,-116.25,1.896875,0.0
132,-120.0,1.896875,0.0
133,-112.5,1.896875,0.0
134,-116.25,2.37109375,0.0
135,-120.0,2.37109375,0.0
136,-116.25,2.8453125,0.0
137,-120.0,2.8453125,0.0
138,-112.5,2.37109375,0.0
139,-112.5,2.8453125,0.0
140,-116.25,3.31953125,0.0
141,-120.0,3.31953125,0.0
142,-116.25,3.79375,0.0
143,-120.0,3.79375,0.0
144,-112.5,3.31953125,0.0
145,-112.5,3.79375,0.0
146,-116.25,4.26796875,0.0
147,-120.0,4.26796875,0.0
148,-116.25,4.7421875,0.0
149,-120.0,4.7421875,0.0
150,-112.5,4.26796875,0.0
151,-112.5,4.7421875,0.0
152,-116.25,5.21640625,0.0
153,-120.0,5.21640625,0.0
154,-116.25,5.690625000000001,0.0
155,-120.0,5.690625000000001,0.0
156,-112.5,5.21640625,0.0
157,-112.5,5.690625000000001,0.0
158,-116.25,6.164843750000001,0.0
159,-120.0,6.164843750000001,0.0
160,-116.25,6.639062500000001,0.0
161,-120.0,6.639062500000001,0.0
162,-112.5,6.164843750000001,0.0
163,-112.5,6.639062500000001,0.0
164,-116.25,7.11328125,0.0
165,-120.0,7.11328125,0.0
166,-116.25,7.5875,0.0
167,-120.0,7.5875,0.0
168,-112.5,7.11328125,0.0
169,-112.5,7.5875,0.0
170,-108.75,0.0148193359375,0.0
171,-108.75,-0.0,0.0
172,-108.75,0.029638671875,0.0
173,-105.0,0.0148193359375,0.0
174,-105.0,-0.0,0.0
175,-105.0,0.029638671875,0.0
176,-108.75,0.04445800781250001,0.0
177,-108.75,0.05927734375,0.0
178,-105.0,0.04445800781250001,0.0
179,-105.0,0.05927734375,0.0
180,-108.75,0.0740966796875,0.0
181,-105.0,0.0740966796875,0.0
182,-108.75,0.08891601562500001,0.0
183,-105.0,0.08891601562500001,0.0
184,-108.75,0.09632568359375002,0.0
185,-108.75,0.1037353515625,0.0
186,-105.0,0.09632568359375002,0.0
187,-105.0,0.1037353515625,0.0
188,-108.75,0.11114501953125,0.0
189,-108.75,0.1185546875,0.0
190,-105.0,0.11114501953125,0.0
191,-105.0,0.1185546875,0.0
192,-108.75,0.12596435546875,0.0
193,-108.75,0.1333740234375,0.0
194,-105.0,0.12596435546875,0.0
195,-105.0,0.1333740234375,0.0
196,-108.75,0.14078369140625,0.0
197,-108.75,0.148193359375,0.0
198,-105.0,0.14078369140625,0.0
199,-105.0,0.148193359375,0.0
200,-108.75,0.15560302734375,0.0
201,-108.75,0.1630126953125,0.0
202,-105.0,0.15560302734375,0.0
203,-105.0,0.1630126953125,0.0
204,-108.75,0.17042236328125,0.0
205,-108.75,0.17783203125,0.0
206,-105.0,0.17042236328125,0.0
207,-105.0,0.17783203125,0.0
208,-108.75,0.18524169921875,0.0
209,-108.75,0.1926513671875,0.0
210,-105.0,0.18524169921875,0.0
211,-105.0,0.1926513671875,0.0
212,-108.75,0.207470703125,0.0
213,-105.0,0.207470703125,0.0
214,-108.75,0.21488037109375,0.0
215,-108.75,0.2222900390625,0.0
216,-105.0,0.21488037109375,0.0
217,-105.0,0.2222900390625,0.0
218,-108.75,0.22969970703125,0.0
219,-108.75,0.237109375,0.0
220,-105.0,0.22969970703125,0.0
221,-105.0,0.237109375,0.0
222,-108.75,0.24451904296875,0.0
223,-108.75,0.2519287109375,0.0
224,-105.0,0.24451904296875,0.0
225,-105.0,0.2519287109375,0.0
226,-108.75,0.25933837890625,0.0
227,-108.75,0.266748046875,0.0
228,-105.0,0.25933837890625,0.0
229,-105.0,0.266748046875,0.0
230,-108.75,0.27415771484375,0.0
231,-108.75,0.2815673828125,0.0
232,-105.0,0.27415771484375,0.0
233,-105.0,0.2815673828125,0.0
234,-108.75,0.28897705078125,0.0
235,-108.75,0.29638671875,0.0
236,-105.0,0.28897705078125,0.0
237,-105.0,0.29638671875,0.0
238,-108.75,0.30379638671875,0.0
239,-108.75,0.3112060546875,0.0
240,-105.0,0.30379638671875,0.0
241,-105.0,0.3112060546875,0.0
242,-108.75,0.326025390625,0.0
243,-105.0,0.326025390625,0.0
244,-108.75,0.3556640625,0.0
245,-105.0,0.3556640625,0.0
246,-108.75,0.41494140625,0.0
247,-105.0,0.41494140625,0.0
248,-108.75,0.47421875,0.0
249,-105.0,0.47421875,0.0
250,-108.75,0.5927734375,0.0
251,-105.0,0.5927734375,0.0
252,-108.75,0.7113281250000001,0.0
253,-105.0,0.7113281250000001,0.0
254,-108.75,0.9484375,0.0
255,-105.0,0.9484375,0.0
256,-108.75,1.42265625,0.0
257,-105.0,1.42265625,0.0
258,-108.75,1.896875,0.0
259,-105.0,1.896875,0.0
260,-108.75,2.37109375,0.0
261,-108.75,2.8453125,0.0
262,-105.0,2.37109375,0.0
263,-105.0,2.8453125,0.0
264,-108.75,3.31953125,0.0
265,-108.75,3.79375,0.0
266,-105.0,3.31953125,0.0
267,-105.0,3.79375,0.0
268,-108.75,4.26796875,0.0
269,-108.75,4.7421875,0.0
270,-105.0,4.26796875,0.0
271,-105.0,4.7421875,0.0
272,-108.75,5.21640625,0.0
273,-108.75,5.690625000000001,0.0
274,-105.0,5.21640625,0.0
275,-105.0,5.690625000000001,0.0
276,-108.75,6.164843750000001,0.0
277,-108.75,6.639062500000001,0.0
278,-105.0,6.164843750000001,0.0
279,-105.0,6.639062500000001,0.0
280,-108.75,7.11328125,0.0
281,-108.75,7.5875,0.0
282,-105.0,7.11328125,0.0
283,-105.0,7.5875,0.0
284,-116.25,8.06171875,0.0
285,-120.0,8.06171875,0.0
286,-116.25,8.5359375,0.0
287,-120.0,8.5359375,0.0
288,-112.5,8.06171875,0.0
289,-112.5,8.5359375,0.0
290,-116.25,9.01015625,0.0
291,-120.0,9.01015625,0.0
292,-116.25,9.484375,0.0
293,-120.0,9.484375,0.0
294,-112.5,9.01015625,0.0
295,-112.5,9.484375,0.0
296,-116.25,9.95859375,0.0
297,-120.0,9.95859375,0.0
298,-116.25,10.4328125,0.0
299,-120.0,10.4328125,0.0
300,-112.5,9.95859375,0.0
301,-112.5,10.4328125,0.0
302,-116.25,10.90703125,0.0
303,-120.0,10.90703125,0.0
304,-116.25,11.38125,0.0
305,-120.0,11.38125,0.0
306,-112.5,10.90703125,0.0
307,-112.5,11.38125,0.0
308,-116.25,11.85546875,0.0
309,-120.0,11.85546875,0.0
310,-116.25,12.3296875,0.0
311,-120.0,12.3296875,0.0
312,-112.5,11.85546875,0.0
313,-112.5,12.3296875,0.0
314,-116.25,12.80390625,0.0
315,-120.0,12.80390625,0.0
316,-116.25,13.278125,0.0
317,-120.0,13.278125,0.0
318,-112.5,12.80390625,0.0
319,-112.5,13.278125,0.0
320,-116.25,13.75234375,0.0
321,-120.0,13.75234375,0.0
322,-116.25,14.2265625,0.0
323,-120.0,14.2265625,0.0
324,-112.5,13.75234375,0.0
325,-112.5,14.2265625,0.0
326,-116.25,14.70078125,0.0
327,-120.0,14.70078125,0.0
328,-116.25,15.175,0.0
329,-120.0,15.175,0.0
330,-112.5,14.70078125,0.0
331,-112.5,15.175,0.0
332,-108.75,8.06171875,0.0
333,-108.75,8.5359375,0.0
334,-105.0,8.06171875,0.0
335,-105.0,8.5359375,0.0
336,-108.75,9.01015625,0.0
337,-108.75,9.484375,0.0
338,-105.0,9.01015625,0.0
339,-105.0,9.484375,0.0
340,-108.75,9.95859375,0.0
341,-108.75,10.4328125,0.0
342,-105.0,9.95859375,0.0
343,-105.0,10.4328125,0.0
344,-108.75,10.90703125,0.0
345,-108.75,11.38125,0.0
346,-105.0,10.90703125,0.0
347,-105.0,11.38125,0.0
348,-108.75,11.85546875,0.0
349,-108.75,12.3296875,0.0
350,-105.0,11.85546875,0.0
351,-105.0,12.3296875,0.0
352,-108.75,12.80390625,0.0
353,-108.75,13.278125,0.0
354,-105.0,12.80390625,0.0
355,-105.0,13.278125,0.0
356,-108.75,13.75234375,0.0
357,-108.75,14.2265625,0.0
358,-105.0,13.75234375,0.0
359,-105.0,14.2265625,0.0
360,-108.75,14.70078125,0.0
361,-108.75,15.175,0.0
362,-105.0,14.70078125,0.0
363,-105.0,15.175,0.0
364,-101.25,0.0148193359375,0.0
365,-101.25,-0.0,0.0
366,-101.25,0.029638671875,0.0
367,-97.5,0.0148193359375,0.0
368,-97.5,-0.0,0.0
369,-97.5,0.029638671875,0.0
370,-101.25,0.04445800781250001,0.0
371,-101.25,0.05927734375,0.0
372,-97.5,0.04445800781250001,0.0
373,-97.5,0.05927734375,0.0
374,-101.25,0.0740966796875,0.0
375,-97.5,0.0740966796875,0.0
376,-101.25,0.08891601562500001,0.0
377,-97.5,0.08891601562500001,0.0
378,-101.25,0.09632568359375002,0.0
379,-101.25,0.1037353515625,0.0
380,-97.5,0.09632568359375002,0.0
381,-97.5,0.1037353515625,0.0
382,-101.25,0.11114501953125,0.0
383,-101.25,0.1185546875,0.0
384,-97.5,0.11114501953125,0.0
385,-97.5,0.1185546875,0.0
386,-101.25,0.12596435546875,0.0
387,-101.25,0.1333740234375,0.0
388,-97.5,0.12596435546875,0.0
389,-97.5,0.1333740234375,0.0
390,-101.25,0.14078369140625,0.0
391,-101.25,0.148193359375,0.0
392,-97.5,0.14078369140625,0.0
393,-97.5,0.148193359375,0.0
394,-101.25,0.15560302734375,0.0
395,-101.25,0.1630126953125,0.0
396,-97.5,0.15560302734375,0.0
397,-97.5,0.1630126953125,0.0
398,-101.25,0.17042236328125,0.0
399,-101.25,0.17783203125,0.0
400,-97.5,0.17042236328125,0.0
401,-97.5,0.17783203125,0.0
402,-101.25,0.18524169921875,0.0
403,-101.25,0.1926513671875,0.0
404,-97.5,0.18524169921875,0.0
405,-97.5,0.1926513671875,0.0
406,-101.25,0.207470703125,0.0
407,-97.5,0.207470703125,0.0
408,-101.25,0.21488037109375,0.0
409,-101.25,0.2222900390625,0.0
410,-97.5,0.21488037109375,0.0
411,-97.5,0.2222900390625,0.0
412,-101.25,0.22969970703125,0.0
413,-101.25,0.237109375,0.0
414,-97.5,0.22969970703125,0.0
415,-97.5,0.237109375,0.0
416,-101.25,0.24451904296875,0.0
417,-101.25,0.2519287109375,0.0
418,-97.5,0.24451904296875,0.0
419,-97.5,0.2519287109375,0.0
420,-101.25,0.25933837890625,0.0
421,-101.25,0.266748046875,0.0
422,-97.5,0.25933837890625,0.0
423,-97.5,0.266748046875,0.0
424,-101.25,0.27415771484375,0.0
425,-101.25,0.2815673828125,0.0
426,-97.5,0.27415771484375,0.0
427,-97.5,0.2815673828125,0.0
428,-101.25,0.28897705078125,0.0
429,-101.25,0.29638671875,0.0
430,-97.5,0.28897705078125,0.0
431,-97.5,0.29638671875,0.0
432,-101.25,0.30379638671875,0.0
433,-101.25,0.3112060546875,0.0
434,-97.5,0.30379638671875,0.0
435,-97.5,0.3112060546875,0.0
436,-101.25,0.326025390625,0.0
437,-97.5,0.326025390625,0.0
438,-101.25,0.3556640625,0.0
439,-97.5,0.3556640625,0.0
440,-101.25,0.41494140625,0.0
441,-97.5,0.41494140625,0.0
442,-101.25,0.47421875,0.0
443,-97.5,0.47421875,0.0
444,-101.25,0.5927734375,0.0
445,-97.5,0.5927734375,0.0
446,-101.25,0.7113281250000001,0.0
447,-97.5,0.7113281250000001,0.0
448,-101.25,0.9484375,0.0
449,-97.5,0.9484375,0.0
450,-101.25,1.42265625,0.0
451,-97.5,1.42265625,0.0
452,-101.25,1.896875,0.0
453,-97.5,1.896875,0.0
454,-101.25,2.37109375,0.0
455,-101.25,2.8453125,0.0
456,-97.5,2.37109375,0.0
457,-97.5,2.8453125,0.0
458,-101.25,3.31953125,0.0
459,-101.25,3.79375,0.0
460,-97.5,3.31953125,0.0
461,-97.5,3.79375,0.0
462,-101.25,4.26796875,0.0
463,-101.25,4.7421875,0.0
464,-97.5,4.26796875,0.0
465,-97.5,4.7421875,0.0
466,-101.25,5.21640625,0.0
467,-101.25,5.690625000000001,0.0
468,-97.5,5.21640625,0.0
469,-97.5,5.690625000000001,0.0
470,-101.25,6.164843750000001,0.0
471,-101.25,6.639062500000001,0.0
472,-97.5,6.164843750000001,0.0
473,-97.5,6.639062500000001,0.0
474,-101.25,7.11328125,0.0
475,-101.25,7.5875,0.0
476,-97.5,7.11328125,0.0
477,-97.5,7.5875,0.0
478,-93.75,0.0148193359375,0.0
479,-93.75,-0.0,0.0
480,-93.75,0.029638671875,0.0
481,-90.0,0.0148193359375,0.0
482,-90.0,-0.0,0.0
483,-90.0,0.029638671875,0.0
484,-93.75,0.04445800781250001,0.0
485,-93.75,0.05927734375,0.0
486,-90.0,0.04445800781250001,0.0
487,-90.0,0.05927734375,0.0
488,-93.75,0.0740966796875,0.0
489,-90.0,0.0740966796875,0.0
490,-93.75,0.08891601562500001,0.0
491,-90.0,0.08891601562500001,0.0
492,-93.75,0.09632568359375002,0.0
493,-93.75,0.1037353515625,0.0
494,-90.0,0.09632568359375002,0.0
495,-90.0,0.1037353515625,0.0
496,-93.75,0.11114501953125,0.0
497,-93.75,0.1185546875,0.0
498,-90.0,0.11114501953125,0.0
499,-90.0,0.1185546875,0.0
500,-93.75,0.12596435546875,0.0
501,-93.75,0.1333740234375,0.0
502,-90.0,0.12596435546875,0.0
503,-90.0,0.1333740234375,0.0
504,-93.75,0.14078369140625,0.0
505,-93.75,0.148193359375,0.0
506,-90.0,0.14078369140625,0.0
507,-90.0,0.148193359375,0.0
508,-93.75,0.15560302734375,0.0
509,-93.75,0.1630126953125,0.0
510,-90.0,0.15560302734375,0.0
511,-90.0,0.1630126953125,0.0
512,-93.75,0.17042236328125,0.0
513,-93.75,0.17783203125,0.0
514,-90.0,0.17042236328125,0.0
515,-90.0,0.17783203125,0.0
516,-93.75,0.18524169921875,0.0
517,-93.75,0.1926513671875,0.0
518,-90.0,0.18524169921875,0.0
519,-90.0,0.1926513671875,0.0
520,-93.75,0.207470703125,0.0
521,-90.0,0.207470703125,0.0
522,-93.75,0.21488037109375,0.0
523,-93.75,0.2222900390625,0.0
524,-90.0,0.21488037109375,0.0
525,-90.0,0.2222900390625,0.0
526,-93.75,0.22969970703125,0.0
527,-93.75,0.237109375,0.0
528,-90.0,0.22969970703125,0.0
529,-90.0,0.237109375,0.0
530,-93.75,0.24451904296875,0.0
531,-93.75,0.2519287109375,0.0
532,-90.0,0.24451904296875,0.0
533,-90.0,0.2519287109375,0.0
534,-93.75,0.25933837890625,0.0
535,-93.75,0.266748046875,0.0
536,-90.0,0.25933837890625,0.0
537,-90.0,0.266748046875,0.0
538,-93.75,0.27415771484375,0.0
539,-93.75,0.2815673828125,0.0
540,-90.0,0.27415771484375,0.0
541,-90.0,0.2815673828125,0.0
542,-93.75,0.28897705078125,0.0
543,-93.75,0.29638671875,0.0
544,-90.0,0.28897705078125,0.0
545,-90.0,0.29638671875,0.0
546,-93.75,0.30379638671875,0.0
547,-93.75,0.3112060546875,0.0
548,-90.0,0.30379638671875,0.0
549,-90.0,0.3112060546875,0.0
550,-93.75,0.326025390625,0.0
551,-90.0,0.326025390625,0.0
552,-93.75,0.3556640625,0.0
553,-90.0,0.3556640625,0.0
554,-93.75,0.41494140625,0.0
555,-90.0,0.41494140625,0.0
556,-93.75,0.47421875,0.0
557,-90.0,0.47421875,0.0
558,-93.75,0.5927734375,0.0
559,-90.0,0.5927734375,0.0
560,-93.75,0.7113281250000001,0.0
561,-90.0,0.7113281250000001,0.0
562,-93.75,0.9484375,0.0
563,-90.0,0.9484375,0.0
564,-93.75,1.42265625,0.0
565,-90.0,1.42265625,0.0
566,-93.75,1.896875,0.0
567,-90.0,1.896875,0.0
568,-93.75,2.37109375,0.0
569,-93.75,2.8453125,0.0
570,-90.0,2.37109375,0.0
571,-90.0,2.8453125,0.0
572,-93.75,3.31953125,0.0
573,-93.75,3.79375,0.0
574,-90.0,3.31953125,0.0
575,-90.0,3.79375,0.0
576,-93.75,4.26796875,0.0
577,-93.75,4.7421875,0.0
578,-90.0,4.26796875,0.0
579,-90.0,4.7421875,0.0
580,-93.75,5.21640625,0.0
581,-93.75,5.690625000000001,0.0
582,-90.0,5.21640625,0.0
583,-90.0,5.690625000000001,0.0
584,-93.75,6.164843750000001,0.0
585,-93.75,6.639062500000001,0.0
586,-90.0,6.164843750000001,0.0
587,-90.0,6.639062500000001,0.0
588,-93.75,7.11328125,0.0
589,-93.75,7.5875,0.0
590,-90.0,7.11328125,0.0
591,-90.0,7.5875,0.0
592,-101.25,8.06171875,0.0
593,-101.25,8.5359375,0.0
594,-97.5,8.06171875,0.0
595,-97.5,8.5359375,0.0
596,-101.25,9.01015625,0.0
597,-101.25,9.484375,0.0
598,-97.5,9.01015625,0.0
599,-97.5,9.484375,0.0
600,-101.25,9.95859375,0.0
601,-101.25,10.4328125,0.0
602,-97.5,9.95859375,0.0
603,-97.5,10.4328125,0.0
604,-101.25,10.90703125,0.0
605,-101.25,11.38125,0.0
606,-97.5,10.90703125,0.0
607,-97.5,11.38125,0.0
608,-101.25,11.85546875,0.0
609,-101.25,12.3296875,0.0
610,-97.5,11.85546875,0.0
611,-97.5,12.3296875,0.0
612,-101.25,12.80390625,0.0
613,-101.25,13.278125,0.0
614,-97.5,12.80390625,0.0
615,-97.5,13.278125,0.0
616,-101.25,13.75234375,0.0
617,-101.25,14.2265625,0.0
618,-97.5,13.75234375,0.0
619,-97.5,14.2265625,0.0
620,-101.25,14.70078125,0.0
621,-101.25,15.175,0.0
622,-97.5,14.70078125,0.0
623,-97.5,15.175,0.0
624,-93.75,8.06171875,0.0
625,-93.75,8.5359375,0.0
626,-90.0,8.06171875,0.0
627,-90.0,8.5359375,0.0
628,-93.75,9.01015625,0.0
629,-93.75,9.484375,0.0
630,-90.0,9.01015625,0.0
631,-90.0,9.484375,0.0
632,-93.75,9.95859375,0.0
633,-93.75,10.4328125,0.0
634,-90.0,9.95859375,0.0
635,-90.0,10.4328125,0.0
636,-93.75,10.90703125,0.0
637,-93.75,11.38125,0.0
638,-90.0,10.90703125,0.0
639,-90.0,11.38125,0.0
640,-93.75,11.85546875,0.0
641,-93.75,12.3296875,0.0
642,-90.0,11.85546875,0.0
643,-90.0,12.3296875,0.0
644,-93.75,12.80390625,0.0
645,-93.75,13.278125,0.0
646,-90.0,12.80390625,0.0
647,-90.0,13.278125,0.0
648,-93.75,13.75234375,0.0
649,-93.75,14.2265625,0.0
650,-90.0,13.75234375,0.0
651,-90.0,14.2265625,0.0
652,-93.75,14.70078125,0.0
653,-93.75,15.175,0.0
654,-90.0,14.70078125,0.0
655,-90.0,15.175,0.0
656,-116.25,15.64921875,0.0
657,-120.0,15.64921875,0.0
658,-116.25,16.1234375,0.0
659,-120.0,16.1234375,0.0
660,-112.5,15.64921875,0.0
661,-112.5,16.1234375,0.0
662,-116.25,16.59765625,0.0
663,-120.0,16.59765625,0.0
664,-116.25,17.071875,0.0
665,-120.0,17.071875,0.0
666,-112.5,16.59765625,0.0
667,-112.5,17.071875,0.0
668,-116.25,17.54609375,0.0
669,-120.0,17.54609375,0.0
670,-116.25,18.0203125,0.0
671,-120.0,18.0203125,0.0
672,-112.5,17.54609375,0.0
673,-112.5,18.0203125,0.0
674,-116.25,18.49453125,0.0
675,-120.0,18.49453125,0.0
676,-116.25,18.96875,0.0
677,-120.0,18.96875,0.0
678,-112.5,18.49453125,0.0
679,-112.5,18.96875,0.0
680,-116.25,19.44296875,0.0
681,-120.0,19.44296875,0.0
682,-116.25,19.9171875,0.0
683,-120.0,19.9171875,0.0
684,-112.5,19.44296875,0.0
685,-112.5,19.9171875,0.0
686,-116.25,20.39140625,0.0
687,-120.0,20.39140625,0.0
688,-116.25,20.865625,0.0
689,-120.0,20.865625,0.0
690,-112.5,20.39140625,0.0
691,-112.5,20.865625,0.0
692,-116.25,21.33984375,0.0
693,-120.0,21.33984375,0.0
694,-116.25,21.8140625,0.0
695,-120.0,21.8140625,0.0
696,-112.5,21.33984375,0.0
697,-112.5,21.8140625,0.0
698,-116.25,22.28828125,0.0
699,-120.0,22.28828125,0.0
700,-116.25,22.7625,0.0
701,-120.0,22.7625,0.0
702,-112.5,22.28828125,0.0
703,-112.5,22.7625,0.0
704,-108.75,15.64921875,0.0
705,-108.75,16.1234375,0.0
706,-105.0,15.64921875,0.0
707,-105.0,16.1234375,0.0
708,-108.75,16.59765625,0.0
709,-108.75,17.071875,0.0
710,-105.0,16.59765625,0.0
711,-105.0,17.071875,0.0
712,-108.75,17.54609375,0.0
713,-108.75,18.0203125,0.0
714,-105.0,17.54609375,0.0
715,-105.0,18.0203125,0.0
716,-108.75,18.49453125,0.0
717,-108.75,18.96875,0.0
718,-105.0,18.49453125,0.0
719,-105.0,18.96875,0.0
720,-108.75,19.44296875,0.0
721,-108.75,19.9171875,0.0
722,-105.0,19.44296875,0.0
723,-105.0,19.9171875,0.0
724,-108.75,20.39140625,0.0
725,-108.75,20.865625,0.0
726,-105.0,20.39140625,0.0
727,-105.0,20.865625,0.0
728,-108.75,21.33984375,0.0
729,-108.75,21.8140625,0.0
730,-105.0,21.33984375,0.0
731,-105.0,21.8140625,0.0
732,-108.75,22.28828125,0.0
733,-108.75,22.7625,0.0
734,-105.0,22.28828125,0.0
735,-105.0,22.7625,0.0
736,-116.25,23.23671875,0.0
737,-120.0,23.23671875,0.0
738,-116.25,23.7109375,0.0
739,-120.0,23.7109375,0.0
740,-112.5,23.23671875,0.0
741,-112.5,23.7109375,0.0
742,-116.25,24.18515625000001,0.0
743,-120.0,24.18515625000001,0.0
744,-116.25,24.659375,0.0
745,-120.0,24.659375,0.0
746,-112.5,24.18515625000001,0.0
747,-112.5,24.659375,0.0
748,-116.25,25.13359375,0.0
749,-120.0,25.13359375,0.0
750,-116.25,25.6078125,0.0
751,-120.0,25.6078125,0.0
752,-112.5,25.13359375,0.0
753,-112.5,25.6078125,0.0
754,-116.25,26.08203125,0.0
755,-120.0,26.08203125,0.0
756,-116.25,26.55625,0.0
757,-120.0,26.55625,0.0
758,-112.5,26.08203125,0.0
759,-112.5,26.55625,0.0
760,-116.25,27.03046875,0.0
761,-120.0,27.03046875,0.0
762,-116.25,27.5046875,0.0
763,-120.0,27.5046875,0.0
764,-112.5,27.03046875,0.0
765,-112.5,27.5046875,0.0
766,-116.25,27.97890625,0.0
767,-120.0,27.97890625,0.0
768,-116.25,28.453125,0.0
769,-120.0,28.453125,0.0
770,-112.5,27.97890625,0.0
771,-112.5,28.453125,0.0
772,-116.25,28.92734375,0.0
773,-120.0,28.92734375,0.0
774,-116.25,29.4015625,0.0
775,-120.0,29.4015625,0.0
776,-112.5,28.92734375,0.0
777,-112.5,29.4015625,0.0
778,-116.25,29.87578125,0.0
779,-120.0,29.87578125,0.0
780,-116.25,30.35,0.0
781,-120.0,30.35,0.0
782,-112.5,29.87578125,0.0
783,-112.5,30.35,0.0
784,-108.75,23.23671875,0.0
785,-108.75,23.7109375,0.0
786,-105.0,23.23671875,0.0
787,-105.0,23.7109375,0.0
788,-108.75,24.18515625000001,0.0
789,-108.75,24.659375,0.0
790,-105.0,24.18515625000001,0.0
791,-105.0,24.659375,0.0
792,-108.75,25.13359375,0.0
793,-108.75,25.6078125,0.0
794,-105.0,25.13359375,0.0
795,-105.0,25.6078125,0.0
796,-108.75,26.08203125,0.0
797,-108.75,26.55625,0.0
798,-105.0,26.08203125,0.0
799,-105.0,26.55625,0.0
800,-108.75,27.03046875,0.0
801,-108.75,27.5046875,0.0
802,-105.0,27.03046875,0.0
803,-105.0,27.5046875,0.0
804,-108.75,27.97890625,0.0
805,-108.75,28.453125,0.0
806,-105.0,27.97890625,0.0
807,-105.0,28.453125,0.0
808,-108.75,28.92734375,0.0
809,-108.75,29.4015625,0.0
810,-105.0,28.92734375,0.0
811,-105.0,29.4015625,0.0
812,-108.75,29.87578125,0.0
813,-108.75,30.35,0.0
814,-105.0,29.87578125,0.0
815,-105.0,30.35,0.0
816,-101.25,15.64921875,0.0
817,-101.25,16.1234375,0.0
818,-97.5,15.64921875,0.0
819,-97.5,16.1234375,0.0
820,-101.25,16.59765625,0.0
821,-101.25,17.071875,0.0
822,-97.5,16.59765625,0.0
823,-97.5,17.071875,0.0
824,-101.25,17.54609375,0.0
825,-101.25,18.0203125,0.0
826,-97.5,17.54609375,0.0
827,-97.5,18.0203125,0.0
828,-101.25,18.49453125,0.0
829,-101.25,18.96875,0.0
830,-97.5,18.49453125,0.0
831,-97.5,18.96875,0.0
832,-101.25,19.44296875,0.0
833,-101.25,19.9171875,0.0
834,-97.5,19.44296875,0.0
835,-97.5,19.9171875,0.0
836,-101.25,20.39140625,0.0
837,-101.25,20.865625,0.0
838,-97.5,20.39140625,0.0
839,-97.5,20.865625,0.0
840,-101.25,21.33984375,0.0
841,-101.25,21.8140625,0.0
842,-97.5,21.33984375,0.0
843,-97.5,21.8140625,0.0
844,-101.25,22.28828125,0.0
845,-101.25,22.7625,0.0
846,-97.5,22.28828125,0.0
847,-97.5,22.7625,0.0
848,-93.75,15.64921875,0.0
849,-93.75,16.1234375,0.0
850,-90.0,15.64921875,0.0
851,-90.0,16.1234375,0.0
852,-93.75,16.59765625,0.0
853,-93.75,17.071875,0.0
854,-90.0,16.59765625,0.0
855,-90.0,17.071875,0.0
856,-93.75,17.54609375,0.0
857,-93.75,18.0203125,0.0
858,-90.0,17.54609375,0.0
859,-90.0,18.0203125,0.0
860,-93.75,18.49453125,0.0
861,-93.75,18.96875,0.0
862,-90.0,18.49453125,0.0
863,-90.0,18.96875,0.0
864,-93.75,19.44296875,0.0
865,-93.75,19.9171875,0.0
866,-90.0,19.44296875,0.0
867,-90.0,19.9171875,0.0
868,-93.75,20.39140625,0.0
869,-93.75,20.865625,0.0
870,-90.0,20.39140625,0.0
871,-90.0,20.865625,0.0
872,-93.75,21.33984375,0.0
873,-93.75,21.8140625,0.0
874,-90.0,21.33984375,0.0
875,-90.0,21.8140625,0.0
876,-93.75,22.28828125,0.0
877,-93.75,22.7625,0.0
878,-90.0,22.28828125,0.0
879,-90.0,22.7625,0.0
880,-101.25,23.23671875,0.0
881,-101.25,23.7109375,0.0
882,-97.5,23.23671875,0.0
883,-97.5,23.7109375,0.0
884,-101.25,24.18515625000001,0.0
885,-101.25,24.659375,0.0
886,-97.5,24.18515625000001,0.0
887,-97.5,24.659375,0.0
888,-101.25,25.13359375,0.0
889,-101.25,25.6078125,0.0
890,-97.5,25.13359375,0.0
891,-97.5,25.6078125,0.0
892,-101.25,26.08203125,0.0
893,-101.25,26.55625,0.0
894,-97.5,26.08203125,0.0
895,-97.5,26.55625,0.0
896,-101.25,27.03046875,0.0
897,-101.25,27.5046875,0.0
898,-97.5,27.03046875,0.0
899,-97.5,27.5046875,0.0
900,-101.25,27.97890625,0.0
901,-101.25,28.453125,0.0
902,-97.5,27.97890625,0.0
903,-97.5,28.453125,0.0
904,-101.25,28.92734375,0.0
905,-101.25,29.4015625,0.0
906,-97.5,28.92734375,0.0
907,-97.5,29.4015625,0.0
908,-101.25,29.87578125,0.0
909,-101.25,30.35,0.0
910,-97.5,29.87578125,0.0
911,-97.5,30.35,0.0
912,-93.75,23.23671875,0.0
913,-93.75,23.7109375,0.0
914,-90.0,23.23671875,0.0
915,-90.0,23.7109375,0.0
916,-93.75,24.18515625000001,0.0
917,-93.75,24.659375,0.0
918,-90.0,24.18515625000001,0.0
919,-90.0,24.659375,0.0
920,-93.75,25.13359375,0.0
921,-93.75,25.6078125,0.0
922,-90.0,25.13359375,0.0
923,-90.0,25.6078125,0.0
924,-93.75,26.08203125,0.0
925,-93.75,26.55625,0.0
926,-90.0,26.08203125,0.0
927,-90.0,26.55625,0.0
928,-93.75,27.03046875,0.0
929,-93.75,27.5046875,0.0
930,-90.0,27.03046875,0.0
931,-90.0,27.5046875,0.0
932,-93.75,27.97890625,0.0
933,-93.75,28.453125,0.0
934,-90.0,27.97890625,0.0
935,-90.0,28.453125,0.0
936,-93.75,28.92734375,0.0
937,-93.75,29.4015625,0.0
938,-90.0,28.92734375,0.0
939,-90.0,29.4015625,0.0
940,-93.75,29.87578125,0.0
941,-93.75,30.35,0.0
942,-90.0,29.87578125,0.0
943,-90.0,30.35,0.0
944,-86.25,0.0148193359375,0.0
945,-86.25,-0.0,0.0
946,-86.25,0.029638671875,0.0
947,-82.5,0.0148193359375,0.0
948,-82.5,-0.0,0.0
949,-82.5,0.029638671875,0.0
950,-86.25,0.04445800781250001,0.0
951,-86.25,0.05927734375,0.0
952,-82.5,0.04445800781250001,0.0
953,-82.5,0.05927734375,0.0
954,-86.25,0.0740966796875,0.0
955,-82.5,0.0740966796875,0.0
956,-86.25,0.08891601562500001,0.0
957,-82.5,0.08891601562500001,0.0
958,-86.25,0.09632568359375002,0.0
959,-86.25,0.1037353515625,0.0
960,-82.5,0.09632568359375002,0.0
961,-82.5,0.1037353515625,0.0
962,-86.25,0.11114501953125,0.0
963,-86.25,0.1185546875,0.0
964,-82.5,0.11114501953125,0.0
965,-82.5,0.1185546875,0.0
966,-86.25,0.12596435546875,0.0
967,-86.25,0.1333740234375,0.0
968,-82.5,0.12596435546875,0.0
969,-82.5,0.1333740234375,0.0
970,-86.25,0.14078369140625,0.0
971,-86.25,0.148193359375,0.0
972,-82.5,0.14078369140625,0.0
973,-82.5,0.148193359375,0.0
974,-86.25,0.15560302734375,0.0
975,-86.25,0.1630126953125,0.0
976,-82.5,0.15560302734375,0.0
977,-82.5,0.1630126953125,0.0
978,-86.25,0.17042236328125,0.0
979,-86.25,0.17783203125,0.0
980,-82.5,0.17042236328125,0.0
981,-82.5,0.17783203125,0.0
982,-86.25,0.18524169921875,0.0
983,-86.25,0.1926513671875,0.0
984,-82.5,0.18524169921875,0.0
985,-82.5,0.1926513671875,0.0
986,-86.25,0.207470703125,0.0
987,-82.5,0.207470703125,0.0
988,-86.25,0.21488037109375,0.0
989,-86.25,0.2222900390625,0.0
990,-82.5,0.21488037109375,0.0
991,-82.5,0.2222900390625,0.0
992,-86.25,0.22969970703125,0.0
993,-86.25,0.237109375,0.0
994,-82.5,0.22969970703125,0.0
995,-82.5,0.237109375,0.0
996,-86.25,0.24451904296875,0.0
997,-86.25,0.2519287109375,0.0
998,-82.5,0.24451904296875,0.0
999,-82.5,0.2519287109375,0.0
1000,-86.25,0.25933837890625,0.0
1001,-86.25,0.266748046875,0.0
1002,-82.5,0.25933837890625,0.0
1003,-82.5,0.266748046875,0.0
1004,-86.25,0.27415771484375,0.0
1005,-86.25,0.2815673828125,0.0
1006,-82.5,0.27415771484375,0.0
1007,-82.5,0.2815673828125,0.0
1008,-86.25,0.28897705078125,0.0
1009,-86.25,0.29638671875,0.0
1010,-82.5,0.28897705078125,0.0
1011,-82.5,0.29638671875,0.0
1012,-86.25,0.30379638671875,0.0
1013,-86.25,0.3112060546875,0.0
1014,-82.5,0.30379638671875,0.0
1015,-82.5,0.3112060546875,0.0
1016,-86.25,0.326025390625,0.0
1017,-82.5,0.326025390625,0.0
1018,-86.25,0.3556640625,0.0
1019,-82.5,0.3556640625,0.0
1020,-86.25,0.41494140625,0.0
1021,-82.5,0.41494140625,0.0
1022,-86.25,0.47421875,0.0
1023,-82.5,0.47421875,0.0
1024,-86.25,0.5927734375,0.0
1025,-82.5,0.5927734375,0.0
1026,-86.25,0.7113281250000001,0.0
1027,-82.5,0.7113281250000001,0.0
1028,-86.25,0.9484375,0.0
1029,-82.5,0.9484375,0.0
1030,-86.25,1.42265625,0.0
1031,-82.5,1.42265625,0.0
1032,-86.25,1.896875,0.0
1033,-82.5,1.896875,0.0
1034,-86.25,2.37109375,0.0
1035,-86.25,2.8453125,0.0
1036,-82.5,2.37109375,0.0
1037,-82.5,2.8453125,0.0
1038,-86.25,3.31953125,0.0
1039,-86.25,3.79375,0.0
1040,-82.5,3.31953125,0.0
1041,-82.5,3.79375,0.0
1042,-86.25,4.26796875,0.0
1043,-86.25,4.7421875,0.0
1044,-82.5,4.26796875,0.0
1045,-82.5,4.7421875,0.0
1046,-86.25,5.21640625,0.0
1047,-86.25,5.690625000000001,0.0
1048,-82.5,5.21640625,0.0
1049,-82.5,5.690625000000001,0.0
1050,-86.25,6.164843750000001,0.0
1051,-86.25,6.639062500000001,0.0
1052,-82.5,6.164843750000001,0.0
1053,-82.5,6.639062500000001,0.0
1054,-86.25,7.11328125,0.0
1055,-86.25,7.5875,0.0
1056,-82.5,7.11328125,0.0
1057,-82.5,7.5875,0.0
1058,-78.75,0.0148193359375,0.0
1059,-78.75,-0.0,0.0
1060,-78.75,0.029638671875,0.0
1061,-75.0,0.0148193359375,0.0
1062,-75.0,-0.0,0.0
1063,-75.0,0.029638671875,0.0
1064,-78.75,0.04445800781250001,0.0
1065,-78.75,0.05927734375,0.0
1066,-75.0,0.04445800781250001,0.0
1067,-75.0,0.05927734375,0.0
1068,-78.75,0.0740966796875,0.0
1069,-75.0,0.0740966796875,0.0
1070,-78.75,0.08891601562500001,0.0
1071,-75.0,0.08891601562500001,0.0
1072,-78.75,0.09632568359375002,0.0
1073,-78.75,0.1037353515625,0.0
1074,-75.0,0.09632568359375002,0.0
1075,-75.0,0.1037353515625,0.0
1076,-78.75,0.11114501953125,0.0
1077,-78.75,0.1185546875,0.0
1078,-75.0,0.11114501953125,0.0
1079,-75.0,0.1185546875,0.0
1080,-78.75,0.12596435546875,0.0
1081,-78.75,0.1333740234375,0.0
1082,-75.0,0.12596435546875,0.0
1083,-75.0,0.1333740234375,0.0
1084,-78.75,0.14078369140625,0.0
1085,-78.75,0.148193359375,0.0
1086,-75.0,0.14078369140625,0.0
1087,-75.0,0.148193359375,0.0
1088,-78.75,0.15560302734375,0.0
1089,-78.75,0.1630126953125,0.0
1090,-75.0,0.15560302734375,0.0
1091,-75.0,0.1630126953125,0.0
1092,-78.75,0.17042236328125,0.0
1093,-78.75,0.17783203125,0.0
1094,-75.0,0.17042236328125,0.0
1095,-75.0,0.17783203125,0.0
1096,-78.75,0.18524169921875,0.0
1097,-78.75,0.1926513671875,0.0
1098,-75.0,0.18524169921875,0.0
1099,-75.0,0.1926513671875,0.0
1100,-78.75,0.207470703125,0.0
1101,-75.0,0.207470703125,0.0
1102,-78.75,0.21488037109375,0.0
1103,-78.75,0.2222900390625,0.0
1104,-75.0,0.21488037109375,0.0
1105,-75.0,0.2222900390625,0.0
1106,-78.75,0.22969970703125,0.0
1107,-78.75,0.237109375,0.0
1108,-75.0,0.22969970703125,0.0
1109,-75.0,0.237109375,0.0
1110,-78.75,0.24451904296875,0.0
1111,-78.75,0.2519287109375,0.0
1112,-75.0,0.24451904296875,0.0
1113,-75.0,0.2519287109375,0.0
1114,-78.75,0.25933837890625,0.0
1115,-78.75,0.266748046875,0.0
1116,-75.0,0.25933837890625,0.0
1117,-75.0,0.266748046875,0.0
1118,-78.75,0.27415771484375,0.0
1119,-78.75,0.2815673828125,0.0
1120,-75.0,0.27415771484375,0.0
1121,-75.0,0.2815673828125,0.0
1122,-78.75,0.28897705078125,0.0
1123,-78.75,0.29638671875,0.0
1124,-75.0,0.28897705078125,0.0
1125,-75.0,0.29638671875,0.0
1126,-78.75,0.30379638671875,0.0
1127,-78.75,0.3112060546875,0.0
1128,-75.0,0.30379638671875,0.0
1129,-75.0,0.3112060546875,0.0
1130,-78.75,0.326025390625,0.0
1131,-75.0,0.326025390625,0.0
1132,-78.75,0.3556640625,0.0
1133,-75.0,0.3556640625,0.0
1134,-78.75,0.41494140625,0.0
1135,-75.0,0.41494140625,0.0
1136,-78.75,0.47421875,0.0
1137,-75.0,0.47421875,0.0
1138,-78.75,0.5927734375,0.0
1139,-75.0,0.5927734375,0.0
1140,-78.75,0.7113281250000001,0.0
1141,-75.0,0.7113281250000001,0.0
1142,-78.75,0.9484375,0.0
1143,-75.0,0.9484375,0.0
1144,-78.75,1.42265625,0.0
1145,-75.0,1.42265625,0.0
1146,-78.75,1.896875,0.0
1147,-75.0,1.896875,0.0
1148,-78.75,2.37109375,0.0
1149,-78.75,2.8453125,0.0
1150,-75.0,2.37109375,0.0
1151,-75.0,2.8453125,0.0
1152,-78.75,3.31953125,0.0
1153,-78.75,3.79375,0.0
1154,-75.0,3.31953125,0.0
1155,-75.0,3.79375,0.0
1156,-78.75,4.26796875,0.0
1157,-78.75,4.7421875,0.0
1158,-75.0,4.26796875,0.0
1159,-75.0,4.7421875,0.0
1160,-78.75,5.21640625,0.0
1161,-78.75,5.690625000000001,0.0
1162,-75.0,5.21640625,0.0
1163,-75.0,5.690625000000001,0.0
1164,-78.75,6.164843750000001,0.0
1165,-78.75,6.639062500000001,0.0
1166,-75.0,6.164843750000001,0.0
1167,-75.0,6.639062500000001,0.0
1168,-78.75,7.11328125,0.0
1169,-78.75,7.5875,0.0
1170,-75.0,7.11328125,0.0
1171,-75.0,7.5875,0.0
1172,-86.25,8.06171875,0.0
1173,-86.25,8.5359375,0.0
1174,-82.5,8.06171875,0.0
1175,-82.5,8.5359375,0.0
1176,-86.25,9.01015625,0.0
1177,-86.25,9.484375,0.0
1178,-82.5,9.01015625,0.0
1179,-82.5,9.484375,836680.663478342
1180,-86.25,9.95859375,0.0
1181,-86.25,10.4328125,0.0
1182,-82.5,9.95859375,466804.2449099171
1183,-82.5,10.4328125,386551.3420702233
1184,-86.25,10.90703125,0.0
1185,-86.25,11.38125,0.0
1186,-82.5,10.90703125,568452.5746222595
1187,-82.5,11.38125,5056317.495595746
1188,-86.25,11.85546875,0.0
1189,-86.25,12.3296875,0.0
1190,-82.5,11.85546875,1540274.2282542482
1191,-82.5,12.3296875,624245.1224906429
1192,-86.25,12.80390625,0.0
1193,-86.25,13.278125,0.0
1194,-82.5,12.80390625,10321471.83977766
1195,-82.5,13.278125,0.0
1196,-86.25,13.75234375,0.0
1197,-86.25,14.2265625,0.0
1198,-82.5,13.75234375,0.0
1199,-82.5,14.2265625,0.0
1200,-86.25,14.70078125,0.0
1201,-86.25,15.175,0.0
1202,-82.5,14.70078125,0.0
1203,-82.5,15.175,0.0
1204,-78.75,8.06171875,0.0
1205,-78.75,8.5359375,0.0
1206,-75.0,8.06171875,0.0
1207,-75.0,8.5359375,0.0
1208,-78.75,9.01015625,0.0
1209,-78.75,9.484375,2091701.658695855
1210,-75.0,9.01015625,0.0
1211,-75.0,9.484375,3346722.653913368
1212,-78.75,9.95859375,1167010.612274793
1213,-78.75,10.4328125,966378.3551755582
1214,-75.0,9.95859375,1867216.9796396685
1215,-75.0,10.4328125,1546205.3682808932
1216,-78.75,10.90703125,1421131.4365556485
1217,-78.75,11.38125,12640793.738989364
1218,-75.0,10.90703125,2273810.298489038
1219,-75.0,11.38125,20225269.982382983
1220,-78.75,11.85546875,3850685.5706356205
1221,-78.75,12.3296875,1560612.8062266074
1222,-75.0,11.85546875,6161096.913016993
1223,-75.0,12.3296875,2496980.4899625718
1224,-78.75,12.80390625,25803679.599444147
1225,-78.75,13.278125,0.0
1226,-75.0,12.80390625,41285887.35911064
1227,-75.0,13.278125,0.0
1228,-78.75,13.75234375,0.0
1229,-78.75,14.2265625,0.0
1230,-75.0,13.75234375,0.0
1231,-75.0,14.2265625,0.0
1232,-78.75,14.70078125,0.0
1233,-78.75,15.175,0.0
1234,-75.0,14.70078125,0.0
1235,-75.0,15.175,0.0
1236,-71.25,0.0148193359375,0.0
1237,-71.25,-0.0,0.0
1238,-71.25,0.029638671875,0.0
1239,-67.5,0.0148193359375,0.0
1240,-67.5,-0.0,0.0
1241,-67.5,0.029638671875,0.0
1242,-71.25,0.04445800781250001,0.0
1243,-71.25,0.05927734375,0.0
1244,-67.5,0.04445800781250001,0.0
1245,-67.5,0.05927734375,0.0
1246,-71.25,0.0740966796875,0.0
1247,-67.5,0.0740966796875,0.0
1248,-71.25,0.08891601562500001,0.0
1249,-67.5,0.08891601562500001,0.0
1250,-71.25,0.09632568359375002,0.0
1251,-71.25,0.1037353515625,0.0
1252,-67.5,0.09632568359375002,0.0
1253,-67.5,0.1037353515625,0.0
1254,-71.25,0.11114501953125,0.0
1255,-71.25,0.1185546875,0.0
1256,-67.5,0.11114501953125,0.0
1257,-67.5,0.1185546875,0.0
1258,-71.25,0.12596435546875,0.0
1259,-71.25,0.1333740234375,0.0
1260,-67.5,0.12596435546875,0.0
1261,-67.5,0.1333740234375,0.0
1262,-71.25,0.14078369140625,0.0
1263,-71.25,0.148193359375,0.0
1264,-67.5,0.14078369140625,0.0
1265,-67.5,0.148193359375,0.0
1266,-71.25,0.15560302734375,0.0
1267,-71.25,0.1630126953125,0.0
1268,-67.5,0.15560302734375,0.0
1269,-67.5,0.1630126953125,0.0
1270,-71.25,0.17042236328125,0.0
1271,-71.25,0.17783203125,0.0
1272,-67.5,0.17042236328125,0.0
1273,-67.5,0.17783203125,0.0
1274,-71.25,0.18524169921875,0.0
1275,-71.25,0.1926513671875,0.0
1276,-67.5,0.18524169921875,0.0
1277,-67.5,0.1926513671875,0.0
1278,-71.25,0.207470703125,0.0
1279,-67.5,0.207470703125,0.0
1280,-71.25,0.21488037109375,0.0
1281,-71.25,0.2222900390625,0.0
1282,-67.5,0.21488037109375,0.0
1283,-67.5,0.2222900390625,0.0
1284,-71.25,0.22969970703125,0.0
1285,-71.25,0.237109375,0.0
1286,-67.5,0.22969970703125,0.0
1287,-67.5,0.237109375,0.0
1288,-71.25,0.24451904296875,0.0
1289,-71.25,0.2519287109375,0.0
1290,-67.5,0.24451904296875,0.0
1291,-67.5,0.2519287109375,0.0
1292,-71.25,0.25933837890625,0.0
1293,-71.25,0.266748046875,0.0
1294,-67.5,0.25933837890625,0.0
1295,-67.5,0.266748046875,0.0
1296,-71.25,0.27415771484375,0.0
1297,-71.25,0.2815673828125,0.0
1298,-67.5,0.27415771484375,0.0
1299,-67.5,0.2815673828125,0.0
1300,-71.25,0.28897705078125,0.0
1301,-71.25,0.29638671875,0.0
1302,-67.5,0.28897705078125,0.0
1303,-67.5,0.29638671875,0.0
1304,-71.25,0.30379638671875,0.0
1305,-71.25,0.3112060546875,0.0
1306,-67.5,0.30379638671875,0.0
1307,-67.5,0.3112060546875,0.0
1308,-71.25,0.326025390625,0.0
1309,-67.5,0.326025390625,0.0
1310,-71.25,0.3556640625,0.0
1311,-67.5,0.3556640625,0.0
1312,-71.25,0.41494140625,0.0
1313,-67.5,0.41494140625,0.0
1314,-71.25,0.47421875,0.0
1315,-67.5,0.47421875,0.0
1316,-71.25,0.5927734375,0.0
1317,-67.5,0.5927734375,0.0
1318,-71.25,0.7113281250000001,0.0
1319,-67.5,0.7113281250000001,0.0
1320,-71.25,0.9484375,0.0
1321,-67.5,0.9484375,0.0
1322,-71.25,1.42265625,0.0
1323,-67.5,1.42265625,0.0
1324,-71.25,1.896875,0.0
1325,-67.5,1.896875,0.0
1326,-71.25,2.37109375,0.0
1327,-71.25,2.8453125,0.0
1328,-67.5,2.37109375,0.0
1329,-67.5,2.8453125,0.0
1330,-71.25,3.31953125,0.0
1331,-71.25,3.79375,0.0
1332,-67.5,3.31953125,0.0
1333,-67.5,3.79375,0.0
1334,-71.25,4.26796875,2390562.7696079654
1335,-71.25,4.7421875,3253162.8751666103
1336,-67.5,4.26796875,4781125.539215931
1337,-67.5,4.7421875,6506325.750333221
1338,-71.25,5.21640625,789893.7402301317
1339,-71.25,5.690625000000001,904348.2333931727
1340,-67.5,5.21640625,1579787.4804602633
1341,-67.5,5.690625000000001,1808696.4667863455
1342,-71.25,6.164843750000001,3686586.3755808864
1343,-71.25,6.639062500000001,957337.9478602007
1344,-67.5,6.164843750000001,7373172.751161773
1345,-67.5,6.639062500000001,1914675.8957204013
1346,-71.25,7.11328125,784210.5534979836
1347,-71.25,7.5875,609991.1776878804
1348,-67.5,7.11328125,1568421.1069959672
1349,-67.5,7.5875,1219982.3553757607
1350,-63.75,0.0148193359375,0.0
1351,-63.75,-0.0,0.0
1352,-63.75,0.029638671875,0.0
1353,-60.0,0.0148193359375,0.0
1354,-60.0,-0.0,0.0
1355,-60.0,0.029638671875,0.0
1356,-63.75,0.04445800781250001,0.0
1357,-63.75,0.05927734375,0.0
1358,-60.0,0.04445800781250001,0.0
1359,-60.0,0.05927734375,0.0
1360,-63.75,0.0740966796875,0.0
1361,-60.0,0.0740966796875,0.0
1362,-63.75,0.08891601562500001,0.0
1363,-60.0,0.08891601562500001,0.0
1364,-63.75,0.09632568359375002,0.0
1365,-63.75,0.1037353515625,2044938.5127526037
1366,-60.0,0.09632568359375002,0.0
1367,-60.0,0.1037353515625,8179754.051010415
1368,-63.75,0.11114501953125,2056958.182084851
1369,-63.75,0.1185546875,2068977.8514170984
1370,-60.0,0.11114501953125,8227832.728339404
1371,-60.0,0.1185546875,8275911.405668394
1372,-63.75,0.12596435546875,2080997.5207493457
1373,-63.75,0.1333740234375,2093017.1900815926
1374,-60.0,0.12596435546875,8323990.082997383
1375,-60.0,0.1333740234375,8372068.760326371
1376,-63.75,0.14078369140625,2105036.85941384
1377,-63.75,0.148193359375,2117056.528746087
1378,-60.0,0.14078369140625,8420147.43765536
1379,-60.0,0.148193359375,8468226.114984348
1380,-63.75,0.15560302734375,2129076.198078335
1381,-63.75,0.1630126953125,2141095.8674105825
1382,-60.0,0.15560302734375,8516304.79231334
1383,-60.0,0.1630126953125,8564383.46964233
1384,-63.75,0.17042236328125,2153115.5367428293
1385,-63.75,0.17783203125,2165135.2060750765
1386,-60.0,0.17042236328125,8612462.146971317
1387,-60.0,0.17783203125,8660540.824300306
1388,-63.75,0.18524169921875,2177154.875407324
1389,-63.75,0.1926513671875,2189174.5447395714
1390,-60.0,0.18524169921875,8708619.501629297
1391,-60.0,0.1926513671875,8756698.178958286
1392,-63.75,0.207470703125,2213213.883404066
1393,-60.0,0.207470703125,8852855.533616263
1394,-63.75,0.21488037109375,2225233.552736313
1395,-63.75,0.2222900390625,2237253.2220685603
1396,-60.0,0.21488037109375,8900934.210945252
1397,-60.0,0.2222900390625,8949012.888274241
1398,-63.75,0.22969970703125,2249272.8914008075
1399,-63.75,0.237109375,2261292.5607330548
1400,-60.0,0.22969970703125,8997091.56560323
1401,-60.0,0.237109375,9045170.242932219
1402,-63.75,0.24451904296875,2273312.230065302
1403,-63.75,0.2519287109375,2285331.899397549
1404,-60.0,0.24451904296875,9093248.920261208
1405,-60.0,0.2519287109375,9141327.597590197
1406,-63.75,0.25933837890625,2297351.5687297964
1407,-63.75,0.266748046875,2309371.238062044
1408,-60.0,0.25933837890625,9189406.274919186
1409,-60.0,0.266748046875,9237484.952248177
1410,-63.75,0.27415771484375,2321390.9073942914
1411,-63.75,0.2815673828125,2333410.5767265386
1412,-60.0,0.27415771484375,9285563.629577165
1413,-60.0,0.2815673828125,9333642.306906154
1414,-63.75,0.28897705078125,2345430.246058786
1415,-63.75,0.29638671875,2357449.915391033
1416,-60.0,0.28897705078125,9381720.984235143
1417,-60.0,0.29638671875,9429799.661564132
1418,-63.75,0.30379638671875,2338851.967681735
1419,-63.75,0.3112060546875,2291113.1368718017
1420,-60.0,0.30379638671875,9355407.87072694
1421,-60.0,0.3112060546875,9164452.547487207
1422,-63.75,0.326025390625,2195635.4752519354
1423,-60.0,0.326025390625,8782541.901007742
1424,-63.75,0.3556640625,2004680.152012204
1425,-60.0,0.3556640625,8018720.608048816
1426,-63.75,0.41494140625,1622769.5055327401
1427,-60.0,0.41494140625,6491078.022130961
1428,-63.75,0.47421875,1240858.8590532758
1429,-60.0,0.47421875,4963435.436213103
1430,-63.75,0.5927734375,1620304.9610016246
1431,-60.0,0.5927734375,6481219.844006498
1432,-63.75,0.7113281250000001,2193537.0950027388
1433,-60.0,0.7113281250000001,8774148.380010955
1434,-63.75,0.9484375,1595139.8513606205
1435,-60.0,0.9484375,6380559.405442482
1436,-63.75,1.42265625,3089717.3333126176
1437,-60.0,1.42265625,12358869.33325047
1438,-63.75,1.896875,2479386.669890982
1439,-60.0,1.896875,9917546.679563928
1440,-63.75,2.37109375,3472971.2611489967
1441,-63.75,2.8453125,1246117.32495585
1442,-60.0,2.37109375,13891885.044595987
1443,-60.0,2.8453125,4984469.2998234
1444,-63.75,3.31953125,1631113.5914628827
1445,-63.75,3.79375,1097571.7064482437
1446,-60.0,3.31953125,6524454.365851531
1447,-60.0,3.79375,4390286.825792975
1448,-63.75,4.26796875,6327797.352829987
1449,-63.75,4.7421875,9487155.110641794
1450,-60.0,4.26796875,6186687.254456226
1451,-60.0,4.7421875,11923317.441234292
1452,-63.75,5.21640625,6212386.492062363
1453,-63.75,5.690625000000001,2434950.846925595
1454,-60.0,5.21640625,18530396.046408396
1455,-60.0,5.690625000000001,2505017.520556998
1456,-63.75,6.164843750000001,9713266.824378643
1457,-63.75,6.639062500000001,3741406.8124860623
1458,-60.0,6.164843750000001,9360376.29286748
1459,-60.0,6.639062500000001,7306923.667062646
1460,-63.75,7.11328125,2958434.2393719717
1461,-63.75,7.5875,5828498.189734512
1462,-60.0,7.11328125,5560052.529504021
1463,-60.0,7.5875,18434063.337435007
1464,-71.25,8.06171875,176705.39023141665
1465,-71.25,8.5359375,573635.7301895816
1466,-67.5,8.06171875,353410.7804628333
1467,-67.5,8.5359375,1147271.4603791633
1468,-71.25,9.01015625,746709.2104536087
1469,-71.25,9.484375,4488034.175888293
1470,-67.5,9.01015625,1493418.4209072173
1471,-67.5,9.484375,5629345.697863218
1472,-71.25,9.95859375,5639828.6019178685
1473,-71.25,10.4328125,4729711.67049746
1474,-67.5,9.95859375,9412440.224196069
1475,-67.5,10.4328125,7913217.9727140255
1476,-71.25,10.90703125,11246016.095491592
1477,-71.25,11.38125,13290041.892783979
1478,-67.5,10.90703125,20218221.892494146
1479,-67.5,11.38125,6354813.803184971
1480,-71.25,11.85546875,13183908.642950434
1481,-71.25,12.3296875,3496179.0892413505
1482,-67.5,11.85546875,20206720.37288388
1483,-67.5,12.3296875,4495377.688520129
1484,-71.25,12.80390625,29224271.049361967
1485,-71.25,13.278125,6660107.539938003
1486,-67.5,12.80390625,17162654.739613295
1487,-67.5,13.278125,13320215.079876006
1488,-71.25,13.75234375,11078071.801456787
1489,-71.25,14.2265625,6634180.935089917
1490,-67.5,13.75234375,22156143.602913573
1491,-67.5,14.2265625,13268361.870179834
1492,-71.25,14.70078125,5818712.744085417
1493,-71.25,15.175,8280493.109697672
1494,-67.5,14.70078125,11637425.488170834
1495,-67.5,15.175,16560986.219395343
1496,-63.75,8.06171875,1928277.7340383292
1497,-63.75,8.5359375,3114359.6299520596
1498,-60.0,8.06171875,6299467.814301983
1499,-60.0,8.5359375,7868352.678291585
1500,-63.75,9.01015625,4183630.666220408
1501,-63.75,9.484375,8565028.592888862
1502,-60.0,9.01015625,10760848.981252763
1503,-60.0,9.484375,15089454.234015945
1504,-63.75,9.95859375,17479559.194121372
1505,-63.75,10.4328125,17424337.936830383
1506,-60.0,9.95859375,34135692.85934088
1507,-60.0,10.4328125,39590685.224746324
1508,-63.75,10.90703125,31251923.477519702
1509,-63.75,11.38125,4208569.858665614
1510,-60.0,10.90703125,46408616.638591245
1511,-60.0,11.38125,11640294.204305552
1512,-63.75,11.85546875,24331050.16018881
1513,-63.75,12.3296875,7997501.175353258
1514,-60.0,11.85546875,22658416.062236715
1515,-60.0,12.3296875,16505474.43729509
1516,-63.75,12.80390625,12601791.624841597
1517,-63.75,13.278125,18349551.301856235
1518,-60.0,12.80390625,23042434.90002384
1519,-60.0,13.278125,20117344.88792091
1520,-63.75,13.75234375,29144224.88352
1521,-63.75,14.2265625,19394543.954282757
1522,-60.0,13.75234375,27952325.12242571
1523,-60.0,14.2265625,24504728.3364117
1524,-63.75,14.70078125,16595897.586611798
1525,-63.75,15.175,24737497.59426462
1526,-60.0,14.70078125,19833888.393763848
1527,-60.0,15.175,32706045.499477103
1528,-86.25,15.64921875,0.0
1529,-86.25,16.1234375,0.0
1530,-82.5,15.64921875,0.0
1531,-82.5,16.1234375,0.0
1532,-86.25,16.59765625,0.0
1533,-86.25,17.071875,0.0
1534,-82.5,16.59765625,0.0
1535,-82.5,17.071875,0.0
1536,-86.25,17.54609375,0.0
1537,-86.25,18.0203125,0.0
1538,-82.5,17.54609375,0.0
1539,-82.5,18.0203125,0.0
1540,-86.25,18.49453125,0.0
1541,-86.25,18.96875,0.0
1542,-82.5,18.49453125,0.0
1543,-82.5,18.96875,0.0
1544,-86.25,19.44296875,0.0
1545,-86.25,19.9171875,0.0
1546,-82.5,19.44296875,0.0
1547,-82.5,19.9171875,4448079.55724315
1548,-86.25,20.39140625,0.0
1549,-86.25,20.865625,0.0
1550,-82.5,20.39140625,0.0
1551,-82.5,20.865625,0.0
1552,-86.25,21.33984375,0.0
1553,-86.25,21.8140625,0.0
1554,-82.5,21.33984375,0.0
1555,-82.5,21.8140625,0.0
1556,-86.25,22.28828125,0.0
1557,-86.25,22.7625,0.0
1558,-82.5,22.28828125,0.0
1559,-82.5,22.7625,0.0
1560,-78.75,15.64921875,0.0
1561,-78.75,16.1234375,0.0
1562,-75.0,15.64921875,0.0
1563,-75.0,16.1234375,0.0
1564,-78.75,16.59765625,0.0
1565,-78.75,17.071875,0.0
1566,-75.0,16.59765625,0.0
1567,-75.0,17.071875,0.0
1568,-78.75,17.54609375,0.0
1569,-78.75,18.0203125,0.0
1570,-75.0,17.54609375,0.0
1571,-75.0,18.0203125,0.0
1572,-78.75,18.49453125,0.0
1573,-78.75,18.96875,0.0
1574,-75.0,18.49453125,0.0
1575,-75.0,18.96875,0.0
1576,-78.75,19.44296875,0.0
1577,-78.75,19.9171875,11120198.893107874
1578,-75.0,19.44296875,0.0
1579,-75.0,19.9171875,17792318.2289726
1580,-78.75,20.39140625,0.0
1581,-78.75,20.865625,0.0
1582,-75.0,20.39140625,0.0
1583,-75.0,20.865625,0.0
1584,-78.75,21.33984375,0.0
1585,-78.75,21.8140625,0.0
1586,-75.0,21.33984375,0.0
1587,-75.0,21.8140625,0.0
1588,-78.75,22.28828125,0.0
1589,-78.75,22.7625,0.0
1590,-75.0,22.28828125,0.0
1591,-75.0,22.7625,0.0
1592,-86.25,23.23671875,0.0
1593,-86.25,23.7109375,0.0
1594,-82.5,23.23671875,0.0
1595,-82.5,23.7109375,0.0
1596,-86.25,24.18515625000001,0.0
1597,-86.25,24.659375,0.0
1598,-82.5,24.18515625000001,0.0
1599,-82.5,24.659375,0.0
1600,-86.25,25.13359375,0.0
1601,-86.25,25.6078125,0.0
1602,-82.5,25.13359375,0.0
1603,-82.5,25.6078125,0.0
1604,-86.25,26.08203125,0.0
1605,-86.25,26.55625,0.0
1606,-82.5,26.08203125,0.0
1607,-82.5,26.55625,0.0
1608,-86.25,27.03046875,0.0
1609,-86.25,27.5046875,0.0
1610,-82.5,27.03046875,0.0
1611,-82.5,27.5046875,0.0
1612,-86.25,27.97890625,0.0
1613,-86.25,28.453125,0.0
1614,-82.5,27.97890625,0.0
1615,-82.5,28.453125,0.0
1616,-86.25,28.92734375,0.0
1617,-86.25,29.4015625,0.0
1618,-82.5,28.92734375,0.0
1619,-82.5,29.4015625,0.0
1620,-86.25,29.87578125,0.0
1621,-86.25,30.35,0.0
1622,-82.5,29.87578125,0.0
1623,-82.5,30.35,0.0
1624,-78.75,23.23671875,0.0
1625,-78.75,23.7109375,0.0
1626,-75.0,23.23671875,0.0
1627,-75.0,23.7109375,0.0
1628,-78.75,24.18515625000001,0.0
1629,-78.75,24.659375,0.0
1630,-75.0,24.18515625000001,0.0
1631,-75.0,24.659375,0.0
1632,-78.75,25.13359375,0.0
1633,-78.75,25.6078125,0.0
1634,-75.0,25.13359375,0.0
1635,-75.0,25.6078125,0.0
1636,-78.75,26.08203125,0.0
1637,-78.75,26.55625,0.0
1638,-75.0,26.08203125,0.0
1639,-75.0,26.55625,0.0
1640,-78.75,27.03046875,0.0
1641,-78.75,27.5046875,0.0
1642,-75.0,27.03046875,0.0
1643,-75.0,27.5046875,0.0
1644,-78.75,27.97890625,0.0
1645,-78.75,28.453125,0.0
1646,-75.0,27.97890625,0.0
1647,-75.0,28.453125,0.0
1648,-78.75,28.92734375,0.0
1649,-78.75,29.4015625,0.0
1650,-75.0,28.92734375,0.0
1651,-75.0,29.4015625,0.0
1652,-78.75,29.87578125,0.0
1653,-78.75,30.35,0.0
1654,-75.0,29.87578125,0.0
1655,-75.0,30.35,0.0
1656,-71.25,15.64921875,7215220.794445239
1657,-71.25,16.1234375,25641175.105341844
1658,-67.5,15.64921875,14430441.588890478
1659,-67.5,16.1234375,51282350.21068369
1660,-71.25,16.59765625,4836828.027707854
1661,-71.25,17.071875,5791256.216221289
1662,-67.5,16.59765625,9673656.055415709
1663,-67.5,17.071875,11582512.432442578
1664,-71.25,17.54609375,8108215.911939256
1665,-71.25,18.0203125,5794928.340802892
1666,-67.5,17.54609375,16216431.823878512
1667,-67.5,18.0203125,11589856.681605784
1668,-71.25,18.49453125,8371263.183715105
1669,-71.25,18.96875,6934748.9170033
1670,-67.5,18.49453125,16742526.36743021
1671,-67.5,18.96875,13869497.8340066
1672,-71.25,19.44296875,10561390.460586341
1673,-71.25,19.9171875,22895394.457077403
1674,-67.5,19.44296875,21122780.921172682
1675,-67.5,19.9171875,27998470.685182206
1676,-71.25,20.39140625,9862128.926744394
1677,-71.25,20.865625,24981864.57009317
1678,-67.5,20.39140625,19724257.853488788
1679,-67.5,20.865625,49963729.14018634
1680,-71.25,21.33984375,957434.7833255108
1681,-71.25,21.8140625,932027.4883515008
1682,-67.5,21.33984375,1914869.5666510216
1683,-67.5,21.8140625,1864054.9767030017
1684,-71.25,22.28828125,583186.5905890118
1685,-71.25,22.7625,1321959.5463564685
1686,-67.5,22.28828125,1166373.1811780236
1687,-67.5,22.7625,2643919.092712937
1688,-63.75,15.64921875,21985148.651075985
1689,-63.75,16.1234375,62298024.83993682
1690,-60.0,15.64921875,30218828.248742014
1691,-60.0,16.1234375,44062698.517012574
1692,-63.75,16.59765625,15591856.88262866
1693,-63.75,17.071875,18578598.932852417
1694,-60.0,16.59765625,23672803.308851816
1695,-60.0,17.071875,27984346.001639362
1696,-63.75,17.54609375,25919294.25844926
1697,-63.75,18.0203125,28688705.59589386
1698,-60.0,17.54609375,38811449.73828301
1699,-60.0,18.0203125,68395395.6571523
1700,-63.75,18.49453125,27382018.8382202
1701,-63.75,18.96875,22503043.394277558
1702,-60.0,18.49453125,42557969.883159965
1703,-60.0,18.96875,34534182.241083845
1704,-63.75,19.44296875,31974194.068043277
1705,-63.75,19.9171875,31204520.99079183
1706,-60.0,19.44296875,43405652.58748236
1707,-60.0,19.9171875,30616519.4514111
1708,-63.75,20.39140625,27197307.174945563
1709,-63.75,20.865625,64007248.838061094
1710,-60.0,20.39140625,29892197.285827085
1711,-60.0,20.865625,56174078.791499
1712,-63.75,21.33984375,11309628.422971096
1713,-63.75,21.8140625,7833722.481935525
1714,-60.0,21.33984375,37579035.4252803
1715,-60.0,21.8140625,23878670.02093009
1716,-63.75,22.28828125,3782510.493762296
1717,-63.75,22.7625,8168559.781916793
1718,-60.0,22.28828125,10464549.25033709
1719,-60.0,22.7625,22098562.756815422
1720,-71.25,23.23671875,1606875.4480137797
1721,-71.25,23.7109375,1265892.0881444833
1722,-67.5,23.23671875,3213750.8960275594
1723,-67.5,23.7109375,2531784.1762889666
1724,-71.25,24.18515625000001,780357.6841117437
1725,-71.25,24.659375,2906682.707834968
1726,-67.5,24.18515625000001,1560715.3682234874
1727,-67.5,24.659375,5813365.415669936
1728,-71.25,25.13359375,199217.84061941397
1729,-71.25,25.6078125,510769.52742758556
1730,-67.5,25.13359375,398435.68123882794
1731,-67.5,25.6078125,1021539.0548551711
1732,-71.25,26.08203125,377753.7139163157
1733,-71.25,26.55625,643534.5851423782
1734,-67.5,26.08203125,755507.4278326314
1735,-67.5,26.55625,1287069.1702847565
1736,-71.25,27.03046875,476033.1490228218
1737,-71.25,27.5046875,336946.76272631093
1738,-67.5,27.03046875,952066.2980456436
1739,-67.5,27.5046875,673893.5254526219
1740,-71.25,27.97890625,510054.82313938695
1741,-71.25,28.453125,547162.0298204169
1742,-67.5,27.97890625,1020109.6462787739
1743,-67.5,28.453125,1094324.0596408339
1744,-71.25,28.92734375,975782.3696278917
1745,-71.25,29.4015625,718690.5065880956
1746,-67.5,28.92734375,1951564.7392557834
1747,-67.5,29.4015625,1437381.0131761911
1748,-71.25,29.87578125,1077960.9098790123
1749,-71.25,30.35,669881.7862442577
1750,-67.5,29.87578125,2155921.8197580245
1751,-67.5,30.35,1339763.5724885154
1752,-63.75,23.23671875,11931439.37548539
1753,-63.75,23.7109375,6796737.465135495
1754,-60.0,23.23671875,34870753.91783132
1755,-60.0,23.7109375,17059813.155386113
1756,-63.75,24.18515625000001,11330585.31168488
1757,-63.75,24.659375,9973783.724129913
1758,-60.0,24.18515625000001,39079479.77384557
1759,-60.0,24.659375,16641673.233839912
1760,-63.75,25.13359375,6771321.497504292
1761,-63.75,25.6078125,8727107.30555654
1762,-60.0,25.13359375,25491543.265061855
1763,-60.0,25.6078125,30822273.002805475
1764,-63.75,26.08203125,7089441.420314093
1765,-63.75,26.55625,4415979.456712485
1766,-60.0,26.08203125,25335735.969925847
1767,-60.0,26.55625,12515641.145710917
1768,-63.75,27.03046875,6043861.406195207
1769,-63.75,27.5046875,13263992.802764654
1770,-60.0,27.03046875,20367180.432598256
1771,-60.0,27.5046875,50360397.10924813
1772,-63.75,27.97890625,5554982.983904555
1773,-63.75,28.453125,5241101.585685303
1774,-60.0,27.97890625,18139493.350503124
1775,-60.0,28.453125,16587110.10417788
1776,-63.75,28.92734375,4454236.978127982
1777,-63.75,29.4015625,4671731.532316184
1778,-60.0,28.92734375,10010688.955488794
1779,-60.0,29.4015625,12937402.076559972
1780,-63.75,29.87578125,6553202.088492912
1781,-63.75,30.35,5031768.609550605
1782,-60.0,29.87578125,17589121.074939553
1783,-60.0,30.35,14768020.148248356
1784,-56.25,0.0148193359375,0.0
1785,-56.25,-0.0,0.0
1786,-56.25,0.029638671875,0.0
1787,-52.5,0.0148193359375,0.0
1788,-52.5,-0.0,0.0
1789,-52.5,0.029638671875,0.0
1790,-56.25,0.04445800781250001,0.0
1791,-56.25,0.05927734375,0.0
1792,-52.5,0.04445800781250001,0.0
1793,-52.5,0.05927734375,0.0
1794,-56.25,0.0740966796875,0.0
1795,-52.5,0.0740966796875,0.0
1796,-56.25,0.08891601562500001,0.0
1797,-52.5,0.08891601562500001,0.0
1798,-56.25,0.09632568359375002,0.0
1799,-56.25,0.1037353515625,14314569.589268226
1800,-52.5,0.09632568359375002,0.0
1801,-52.5,0.1037353515625,25100821.365748513
1802,-56.25,0.11114501953125,14398707.274593957
1803,-56.25,0.1185546875,14482844.959919687
1804,-52.5,0.11114501953125,25347267.373491842
1805,-52.5,0.1185546875,25593713.381235164
1806,-56.25,0.12596435546875,14566982.64524542
1807,-56.25,0.1333740234375,14651120.330571149
1808,-52.5,0.12596435546875,25840159.388978492
1809,-52.5,0.1333740234375,26086605.396721806
1810,-56.25,0.14078369140625,14735258.015896881
1811,-56.25,0.148193359375,14819395.701222613
1812,-52.5,0.14078369140625,26333051.40446514
1813,-52.5,0.148193359375,26579497.412208457
1814,-56.25,0.15560302734375,14903533.386548344
1815,-56.25,0.1630126953125,14987671.071874075
1816,-52.5,0.15560302734375,26825943.41995179
1817,-52.5,0.1630126953125,27072389.42769511
1818,-56.25,0.17042236328125,15071808.757199803
1819,-56.25,0.17783203125,15155946.442525536
1820,-52.5,0.17042236328125,27318835.43543843
1821,-52.5,0.17783203125,27565281.44318176
1822,-56.25,0.18524169921875,15240084.127851266
1823,-56.25,0.1926513671875,15324221.813176999
1824,-52.5,0.18524169921875,27811727.450925082
1825,-52.5,0.1926513671875,28058173.458668407
1826,-56.25,0.207470703125,15492497.183828458
1827,-52.5,0.207470703125,28551065.474155057
1828,-56.25,0.21488037109375,15576634.869154193
1829,-56.25,0.2222900390625,15660772.554479923
1830,-52.5,0.21488037109375,28797511.481898382
1831,-52.5,0.2222900390625,29043957.489641707
1832,-56.25,0.22969970703125,15744910.239805654
1833,-56.25,0.237109375,15829047.925131384
1834,-52.5,0.22969970703125,29290403.497385025
1835,-52.5,0.237109375,29536849.505128354
1836,-56.25,0.24451904296875,15913185.610457115
1837,-56.25,0.2519287109375,15997323.295782845
1838,-52.5,0.24451904296875,29783295.512871675
1839,-52.5,0.2519287109375,30029741.520615
1840,-56.25,0.25933837890625,16081460.981108578
1841,-56.25,0.266748046875,16165598.666434307
1842,-52.5,0.25933837890625,30276187.528358325
1843,-52.5,0.266748046875,30522633.536101647
1844,-56.25,0.27415771484375,16249736.351760037
1845,-56.25,0.2815673828125,16333874.03708577
1846,-52.5,0.27415771484375,30769079.543844976
1847,-52.5,0.2815673828125,31015525.551588297
1848,-56.25,0.28897705078125,16418011.7224115
1849,-56.25,0.29638671875,16502149.40773723
1850,-52.5,0.28897705078125,31261971.559331622
1851,-52.5,0.29638671875,31508417.567074943
1852,-56.25,0.30379638671875,16371963.773772143
1853,-56.25,0.3112060546875,16037791.958102612
1854,-52.5,0.30379638671875,31534057.82175081
1855,-52.5,0.3112060546875,31349542.11852324
1856,-56.25,0.326025390625,15369448.326763548
1857,-52.5,0.326025390625,30980510.712068107
1858,-56.25,0.3556640625,14032761.064085428
1859,-52.5,0.3556640625,30242447.89915785
1860,-56.25,0.41494140625,11359386.53872918
1861,-52.5,0.41494140625,28766322.273337312
1862,-56.25,0.47421875,8686012.01337293
1863,-52.5,0.47421875,27290196.64751678
1864,-56.25,0.5927734375,11342134.727011373
1865,-52.5,0.5927734375,25836148.996816996
1866,-56.25,0.7113281250000001,15354759.665019171
1867,-52.5,0.7113281250000001,25135244.23196904
1868,-56.25,0.9484375,11165978.959524345
1869,-52.5,0.9484375,33327943.14910201
1870,-56.25,1.42265625,21628021.333188325
1871,-52.5,1.42265625,44062654.43560852
1872,-56.25,1.896875,17355706.689236876
1873,-52.5,1.896875,32754663.642322153
1874,-56.25,2.37109375,24310798.828042977
1875,-56.25,2.8453125,8722821.274690948
1876,-52.5,2.37109375,55299312.32153527
1877,-52.5,2.8453125,34561916.65487841
1878,-56.25,3.31953125,11417795.14024018
1879,-56.25,3.79375,7683001.945137706
1880,-52.5,3.31953125,31655340.63361617
1881,-52.5,3.79375,29831842.942373186
1882,-56.25,4.26796875,6045577.156082466
1883,-56.25,4.7421875,14359479.771826794
1884,-52.5,4.26796875,22096548.674886174
1885,-52.5,4.7421875,31261951.81280981
1886,-56.25,5.21640625,30848405.600754425
1887,-56.25,5.690625000000001,2575084.194188401
1888,-52.5,5.21640625,44680928.68220363
1889,-52.5,5.690625000000001,25509801.289146494
1890,-56.25,6.164843750000001,9007485.761356318
1891,-56.25,6.639062500000001,10872440.521639228
1892,-52.5,6.164843750000001,30839548.368797638
1893,-52.5,6.639062500000001,31340706.905402288
1894,-56.25,7.11328125,8161670.819636071
1895,-56.25,7.5875,31039628.485135503
1896,-52.5,7.11328125,35905738.519042194
1897,-52.5,7.5875,54516165.47404484
1898,-48.75,0.0148193359375,0.0
1899,-48.75,-0.0,0.0
1900,-48.75,0.029638671875,0.0
1901,-45.0,0.0148193359375,0.0
1902,-45.0,-0.0,0.0
1903,-45.0,0.029638671875,0.0
1904,-48.75,0.04445800781250001,0.0
1905,-48.75,0.05927734375,0.0
1906,-45.0,0.04445800781250001,0.0
1907,-45.0,0.05927734375,0.0
1908,-48.75,0.0740966796875,0.0
1909,-45.0,0.0740966796875,0.0
1910,-48.75,0.08891601562500001,0.0
1911,-45.0,0.08891601562500001,0.0
1912,-48.75,0.09632568359375002,0.0
1913,-48.75,0.1037353515625,38212791.26134004
1914,-45.0,0.09632568359375002,0.0
1915,-45.0,0.1037353515625,51324761.15693157
1916,-48.75,0.11114501953125,38684670.24871139
1917,-48.75,0.1185546875,39156549.23608274
1918,-45.0,0.11114501953125,52022073.12393094
1919,-45.0,0.1185546875,52719385.090930305
1920,-48.75,0.12596435546875,39628428.22345407
1921,-48.75,0.1333740234375,40100307.21082541
1922,-45.0,0.12596435546875,53416697.057929665
1923,-45.0,0.1333740234375,54114009.02492902
1924,-48.75,0.14078369140625,40572186.19819676
1925,-48.75,0.148193359375,41044065.1855681
1926,-45.0,0.14078369140625,54811320.99192838
1927,-45.0,0.148193359375,55508632.95892775
1928,-48.75,0.15560302734375,41515944.17293945
1929,-48.75,0.1630126953125,41987823.16031079
1930,-45.0,0.15560302734375,56205944.92592712
1931,-45.0,0.1630126953125,56903256.89292648
1932,-48.75,0.17042236328125,42459702.14768213
1933,-48.75,0.17783203125,42931581.13505347
1934,-45.0,0.17042236328125,57600568.85992583
1935,-45.0,0.17783203125,58297880.826925196
1936,-48.75,0.18524169921875,43403460.122424826
1937,-48.75,0.1926513671875,43875339.10979617
1938,-45.0,0.18524169921875,58995192.793924555
1939,-45.0,0.1926513671875,59692504.76092392
1940,-48.75,0.207470703125,44819097.08453885
1941,-45.0,0.207470703125,61087128.69492264
1942,-48.75,0.21488037109375,45290976.07191019
1943,-48.75,0.2222900390625,45762855.059281535
1944,-45.0,0.21488037109375,61784440.66192201
1945,-45.0,0.2222900390625,62481752.628921375
1946,-48.75,0.22969970703125,46234734.04665288
1947,-48.75,0.237109375,46706613.03402422
1948,-45.0,0.22969970703125,63179064.595920734
1949,-45.0,0.237109375,63876376.56292009
1950,-48.75,0.24451904296875,47178492.021395564
1951,-48.75,0.2519287109375,47650371.00876691
1952,-45.0,0.24451904296875,64573688.52991945
1953,-45.0,0.2519287109375,65271000.49691881
1954,-48.75,0.25933837890625,48122249.996138245
1955,-48.75,0.266748046875,48594128.983509585
1956,-45.0,0.25933837890625,65968312.46391818
1957,-45.0,0.266748046875,66665624.43091754
1958,-48.75,0.27415771484375,49066007.97088094
1959,-48.75,0.2815673828125,49537886.95825228
1960,-45.0,0.27415771484375,67362936.3979169
1961,-45.0,0.2815673828125,68060248.36491627
1962,-48.75,0.28897705078125,50009765.94562363
1963,-48.75,0.29638671875,50481644.93299496
1964,-45.0,0.28897705078125,68757560.33191563
1965,-45.0,0.29638671875,69454872.29891498
1966,-48.75,0.30379638671875,50768920.942196205
1967,-48.75,0.3112060546875,50880497.65384649
1968,-45.0,0.30379638671875,70003784.0626416
1969,-45.0,0.3112060546875,70411453.18916973
1970,-48.75,0.326025390625,51103651.077147044
1971,-45.0,0.326025390625,71226791.44222598
1972,-48.75,0.3556640625,51549957.923748165
1973,-45.0,0.3556640625,72857467.9483385
1974,-48.75,0.41494140625,52442571.6169504
1975,-45.0,0.41494140625,76118820.9605635
1976,-48.75,0.47421875,53335185.31015264
1977,-45.0,0.47421875,79380173.9727885
1978,-48.75,0.5927734375,45146712.960023
1979,-45.0,0.5927734375,64457276.923228994
1980,-48.75,0.7113281250000001,36515665.439889744
1981,-45.0,0.7113281250000001,47896086.647810444
1982,-48.75,0.9484375,64178179.65642757
1983,-45.0,0.9484375,95028416.16375315
1984,-48.75,1.42265625,73080028.0892699
1985,-45.0,1.42265625,102097401.74293128
1986,-48.75,1.896875,52134019.0671136
1987,-45.0,1.896875,71513374.49190505
1988,-48.75,2.37109375,96572625.6700502
1989,-48.75,2.8453125,71451383.73772581
1990,-45.0,2.37109375,137845939.01856512
1991,-45.0,2.8453125,108340850.82057323
1992,-48.75,3.31953125,59564988.48648583
1993,-48.75,3.79375,61408746.878554046
1994,-45.0,3.31953125,87474636.33935548
1995,-45.0,3.79375,92985650.81473489
1996,-48.75,4.26796875,46243561.00227861
1997,-48.75,4.7421875,55397578.70898808
1998,-45.0,4.26796875,70390573.32967106
1999,-45.0,4.7421875,79533205.60516636
2000,-48.75,5.21640625,59270708.52720441
2001,-48.75,5.690625000000001,59876843.59476793
2002,-45.0,5.21640625,73860488.3722052
2003,-45.0,5.690625000000001,94243885.90038937
2004,-48.75,6.164843750000001,63764087.5457152
2005,-48.75,6.639062500000001,60260348.05375859
2006,-45.0,6.164843750000001,96688626.72263277
2007,-45.0,6.639062500000001,89179989.20211488
2008,-48.75,7.11328125,76221030.92308535
2009,-48.75,7.5875,83428188.3835586
2010,-45.0,7.11328125,116536323.3271285
2011,-45.0,7.5875,112340211.29307237
2012,-56.25,8.06171875,10670657.894565638
2013,-56.25,8.5359375,12622345.726631112
2014,-52.5,8.06171875,48951394.35615155
2015,-52.5,8.5359375,31074193.903555237
2016,-56.25,9.01015625,17338067.29628512
2017,-56.25,9.484375,21613879.875143025
2018,-52.5,9.01015625,48725712.7399236
2019,-52.5,9.484375,41737858.22996873
2020,-56.25,9.95859375,50791826.52456038
2021,-56.25,10.4328125,61757032.51266226
2022,-52.5,9.95859375,79142597.1903803
2023,-52.5,10.4328125,103804040.44220224
2024,-56.25,10.90703125,61565309.79966279
2025,-56.25,11.38125,19072018.549945492
2026,-52.5,10.90703125,91815857.19648412
2027,-52.5,11.38125,70067025.10418397
2028,-56.25,11.85546875,20985781.96428462
2029,-56.25,12.3296875,25013447.69923693
2030,-52.5,11.85546875,63108435.836973414
2031,-52.5,12.3296875,65200314.21164712
2032,-56.25,12.80390625,33483078.175206088
2033,-56.25,13.278125,21885138.473985586
2034,-52.5,12.80390625,47718312.65732016
2035,-52.5,13.278125,38991850.47961356
2036,-56.25,13.75234375,26760425.36133141
2037,-56.25,14.2265625,29614912.718540642
2038,-52.5,13.75234375,62986306.53567389
2039,-52.5,14.2265625,72170728.24736711
2040,-56.25,14.70078125,23071879.2009159
2041,-56.25,15.175,40674593.40468958
2042,-52.5,14.70078125,79700227.2463212
2043,-52.5,15.175,73560519.31552716
2044,-48.75,8.06171875,104186904.00839859
2045,-48.75,8.5359375,56374969.64477165
2046,-45.0,8.06171875,159422413.66064563
2047,-45.0,8.5359375,81675745.38598807
2048,-48.75,9.01015625,92518571.74786514
2049,-48.75,9.484375,68661612.94164374
2050,-45.0,9.01015625,136311430.75580668
2051,-45.0,9.484375,95585367.65331876
2052,-48.75,9.95859375,113340686.35650043
2053,-48.75,10.4328125,155791378.69255427
2054,-45.0,9.95859375,147538775.5226206
2055,-45.0,10.4328125,207778716.9429063
2056,-48.75,10.90703125,129613331.71118031
2057,-48.75,11.38125,142843672.76272172
2058,-45.0,10.90703125,167410806.2258765
2059,-45.0,11.38125,215620320.42125952
2060,-48.75,11.85546875,127128733.69498265
2061,-48.75,12.3296875,121226627.3492915
2062,-45.0,11.85546875,191149031.55299187
2063,-45.0,12.3296875,177252940.4869359
2064,-48.75,12.80390625,63850842.74290013
2065,-48.75,13.278125,63768021.69502317
2066,-45.0,12.80390625,79983372.82848012
2067,-45.0,13.278125,88544192.91043279
2068,-48.75,13.75234375,117921078.17773473
2069,-48.75,14.2265625,133449359.34954233
2070,-45.0,13.75234375,172855849.8197956
2071,-45.0,14.2265625,194727990.45171756
2072,-48.75,14.70078125,163023753.91085312
2073,-48.75,15.175,118905134.2291773
2074,-45.0,14.70078125,246347280.57538506
2075,-45.0,15.175,164249749.14282745
2076,-41.25,0.0148193359375,0.0
2077,-41.25,-0.0,0.0
2078,-41.25,0.029638671875,0.0
2079,-37.5,0.0148193359375,0.0
2080,-37.5,-0.0,0.0
2081,-37.5,0.029638671875,0.0
2082,-41.25,0.04445800781250001,0.0
2083,-41.25,0.05927734375,0.0
2084,-37.5,0.04445800781250001,0.0
2085,-37.5,0.05927734375,0.0
2086,-41.25,0.0740966796875,0.0
2087,-37.5,0.0740966796875,0.0
2088,-41.25,0.08891601562500001,0.0
2089,-37.5,0.08891601562500001,0.0
2090,-41.25,0.09632568359375002,0.0
2091,-41.25,0.1037353515625,82770251.46843085
2092,-37.5,0.09632568359375002,0.0
2093,-37.5,0.1037353515625,114215741.77993011
2094,-41.25,0.11114501953125,84612163.19347957
2095,-41.25,0.1185546875,86454074.91852833
2096,-37.5,0.11114501953125,117202253.26302822
2097,-37.5,0.1185546875,120188764.74612632
2098,-41.25,0.12596435546875,88295986.64357705
2099,-41.25,0.1333740234375,90137898.36862576
2100,-37.5,0.12596435546875,123175276.22922444
2101,-37.5,0.1333740234375,126161787.71232252
2102,-41.25,0.14078369140625,91979810.09367451
2103,-41.25,0.148193359375,93821721.81872323
2104,-37.5,0.14078369140625,129148299.19542062
2105,-37.5,0.148193359375,132134810.67851873
2106,-41.25,0.15560302734375,95663633.54377197
2107,-41.25,0.1630126953125,97505545.2688207
2108,-37.5,0.15560302734375,135121322.1616168
2109,-37.5,0.1630126953125,138107833.64471495
2110,-41.25,0.17042236328125,99347456.99386942
2111,-41.25,0.17783203125,101189368.71891814
2112,-37.5,0.17042236328125,141094345.127813
2113,-37.5,0.17783203125,144080856.61091113
2114,-41.25,0.18524169921875,103031280.4439669
2115,-41.25,0.1926513671875,104873192.16901562
2116,-37.5,0.18524169921875,147067368.09400922
2117,-37.5,0.1926513671875,150053879.5771073
2118,-41.25,0.207470703125,108557015.61911309
2119,-37.5,0.207470703125,156026902.54330352
2120,-41.25,0.21488037109375,110398927.34416181
2121,-41.25,0.2222900390625,112240839.06921053
2122,-37.5,0.21488037109375,159013414.0264016
2123,-37.5,0.2222900390625,161999925.50949973
2124,-41.25,0.22969970703125,114082750.79425928
2125,-41.25,0.237109375,115924662.519308
2126,-37.5,0.22969970703125,164986436.99259782
2127,-37.5,0.237109375,167972948.4756959
2128,-41.25,0.24451904296875,117766574.24435672
2129,-41.25,0.2519287109375,119608485.96940547
2130,-37.5,0.24451904296875,170959459.958794
2131,-37.5,0.2519287109375,173945971.44189212
2132,-41.25,0.25933837890625,121450397.6944542
2133,-41.25,0.266748046875,123292309.41950291
2134,-37.5,0.25933837890625,176932482.9249902
2135,-37.5,0.266748046875,179918994.4080883
2136,-41.25,0.27415771484375,125134221.14455166
2137,-41.25,0.2815673828125,126976132.86960039
2138,-37.5,0.27415771484375,182905505.89118642
2139,-37.5,0.2815673828125,185892017.3742845
2140,-41.25,0.28897705078125,128818044.59464914
2141,-41.25,0.29638671875,130659956.31969783
2142,-37.5,0.28897705078125,188878528.85738263
2143,-37.5,0.29638671875,191865040.3404807
2144,-41.25,0.30379638671875,131635549.21691178
2145,-41.25,0.3112060546875,131786607.15258522
2146,-37.5,0.30379638671875,193267314.37118196
2147,-37.5,0.3112060546875,193161761.11600074
2148,-41.25,0.326025390625,132088723.02393211
2149,-37.5,0.326025390625,192950654.60563827
2150,-41.25,0.3556640625,132692954.76662591
2151,-37.5,0.3556640625,192528441.58491337
2152,-41.25,0.41494140625,133901418.25201347
2153,-37.5,0.41494140625,191684015.54346347
2154,-41.25,0.47421875,135109881.73740107
2155,-37.5,0.47421875,190839589.50201362
2156,-41.25,0.5927734375,122661995.12294619
2157,-37.5,0.5927734375,180866713.32266337
2158,-41.25,0.7113281250000001,109078027.28929974
2159,-37.5,0.7113281250000001,170259967.93078902
2160,-41.25,0.9484375,133575729.83431058
2161,-37.5,0.9484375,172123043.504868
2162,-41.25,1.42265625,174021022.97036988
2163,-37.5,1.42265625,245944644.1978085
2164,-41.25,1.896875,206040365.48496568
2165,-37.5,1.896875,340567356.4780263
2166,-41.25,2.37109375,157947563.03972164
2167,-41.25,2.8453125,152191691.5686518
2168,-37.5,2.37109375,178049187.06087813
2169,-37.5,2.8453125,196042532.31673038
2170,-41.25,3.31953125,125092222.15671298
2171,-41.25,3.79375,121737474.69862637
2172,-37.5,3.31953125,162709807.97407046
2173,-37.5,3.79375,150489298.58251783
2174,-41.25,4.26796875,141542486.71612713
2175,-41.25,4.7421875,169778901.71288413
2176,-37.5,4.26796875,212694400.10258323
2177,-37.5,4.7421875,260024597.8206019
2178,-41.25,5.21640625,155169755.49294066
2179,-41.25,5.690625000000001,155608978.3126749
2180,-37.5,5.21640625,236479022.61367616
2181,-37.5,5.690625000000001,216974070.72496045
2182,-41.25,6.164843750000001,184122919.20491338
2183,-41.25,6.639062500000001,175250871.42158267
2184,-37.5,6.164843750000001,271557211.687194
2185,-37.5,6.639062500000001,261321753.64105043
2186,-41.25,7.11328125,246483278.6947445
2187,-41.25,7.5875,247040740.94121346
2188,-37.5,7.11328125,376430234.0623605
2189,-37.5,7.5875,381741270.5893546
2190,-33.75,0.0148193359375,0.0
2191,-33.75,-0.0,0.0
2192,-33.75,0.029638671875,0.0
2193,-30.0,0.0148193359375,0.0
2194,-30.0,-0.0,0.0
2195,-30.0,0.029638671875,0.0
2196,-33.75,0.04445800781250001,0.0
2197,-33.75,0.05927734375,0.0
2198,-30.0,0.04445800781250001,0.0
2199,-30.0,0.05927734375,0.0
2200,-33.75,0.0740966796875,0.0
2201,-30.0,0.0740966796875,0.0
2202,-33.75,0.08891601562500001,0.0
2203,-30.0,0.08891601562500001,0.0
2204,-33.75,0.09632568359375002,0.0
2205,-33.75,0.1037353515625,185351930.74585778
2206,-30.0,0.09632568359375002,0.0
2207,-30.0,0.1037353515625,335869517.0206421
2208,-33.75,0.11114501953125,189159698.63146627
2209,-33.75,0.1185546875,192967466.51707476
2210,-30.0,0.11114501953125,339851854.5976831
2211,-30.0,0.1185546875,343834192.1747241
2212,-33.75,0.12596435546875,196775234.4026833
2213,-33.75,0.1333740234375,200583002.28829172
2214,-30.0,0.12596435546875,347816529.751765
2215,-30.0,0.1333740234375,351798867.32880586
2216,-33.75,0.14078369140625,204390770.17390025
2217,-33.75,0.148193359375,208198538.05950877
2218,-30.0,0.14078369140625,355781204.9058469
2219,-30.0,0.148193359375,359763542.48288786
2220,-33.75,0.15560302734375,212006305.94511726
2221,-33.75,0.1630126953125,215814073.83072576
2222,-30.0,0.15560302734375,363745880.0599288
2223,-30.0,0.1630126953125,367728217.6369698
2224,-33.75,0.17042236328125,219621841.7163342
2225,-33.75,0.17783203125,223429609.60194272
2226,-30.0,0.17042236328125,371710555.2140107
2227,-30.0,0.17783203125,375692892.7910517
2228,-33.75,0.18524169921875,227237377.4875512
2229,-33.75,0.1926513671875,231045145.37315974
2230,-30.0,0.18524169921875,379675230.36809266
2231,-30.0,0.1926513671875,383657567.94513357
2232,-33.75,0.207470703125,238660681.14437675
2233,-30.0,0.207470703125,391622243.0992155
2234,-33.75,0.21488037109375,242468449.02998522
2235,-33.75,0.2222900390625,246276216.9155937
2236,-30.0,0.21488037109375,395604580.6762564
2237,-30.0,0.2222900390625,399586918.2532974
2238,-33.75,0.22969970703125,250083984.8012022
2239,-33.75,0.237109375,253891752.6868107
2240,-30.0,0.22969970703125,403569255.83033836
2241,-30.0,0.237109375,407551593.4073793
2242,-33.75,0.24451904296875,257699520.57241923
2243,-33.75,0.2519287109375,261507288.45802772
2244,-30.0,0.24451904296875,411533930.9844203
2245,-30.0,0.2519287109375,415516268.5614612
2246,-33.75,0.25933837890625,265315056.3436362
2247,-33.75,0.266748046875,269122824.2292447
2248,-30.0,0.25933837890625,419498606.1385022
2249,-30.0,0.266748046875,423480943.71554315
2250,-33.75,0.27415771484375,272930592.1148532
2251,-33.75,0.2815673828125,276738360.0004617
2252,-30.0,0.27415771484375,427463281.2925841
2253,-30.0,0.2815673828125,431445618.869625
2254,-33.75,0.28897705078125,280546127.88607025
2255,-33.75,0.29638671875,284353895.7716787
2256,-30.0,0.28897705078125,435427956.446666
2257,-30.0,0.29638671875,439410294.023707
2258,-33.75,0.30379638671875,286095982.82393056
2259,-33.75,0.3112060546875,285872019.95118713
2260,-30.0,0.30379638671875,441318457.87363607
2261,-30.0,0.3112060546875,441252488.52991545
2262,-33.75,0.326025390625,285424094.2057003
2263,-30.0,0.326025390625,441120549.8424741
2264,-33.75,0.3556640625,284528242.7147266
2265,-30.0,0.3556640625,440856672.4675915
2266,-33.75,0.41494140625,282736539.7327792
2267,-30.0,0.41494140625,440328917.71782637
2268,-33.75,0.47421875,280944836.7508317
2269,-30.0,0.47421875,439801162.9680611
2270,-33.75,0.5927734375,285573890.38569885
2271,-30.0,0.5927734375,483285985.17537093
2272,-33.75,0.7113281250000001,291576718.78080535
2273,-30.0,0.7113281250000001,533163090.0478756
2274,-33.75,0.9484375,283152174.4831829
2275,-30.0,0.9484375,539144940.0770124
2276,-33.75,1.42265625,360680986.38260365
2277,-30.0,1.42265625,561042770.4821119
2278,-33.75,1.896875,494260834.56904227
2279,-30.0,1.896875,686287286.855969
2280,-33.75,2.37109375,313441562.3660197
2281,-33.75,2.8453125,338364638.69409704
2282,-30.0,2.37109375,679415440.2391313
2283,-30.0,2.8453125,677629276.33004
2284,-33.75,3.31953125,296018204.27373207
2285,-33.75,3.79375,296880630.87090707
2286,-30.0,3.31953125,620708221.538002
2287,-30.0,3.79375,678550979.968292
2288,-33.75,4.26796875,396873485.645048
2289,-33.75,4.7421875,434403528.7953127
2290,-30.0,4.26796875,807106915.4995303
2291,-30.0,4.7421875,777048929.5040096
2292,-33.75,5.21640625,413474811.1918501
2293,-33.75,5.690625000000001,405897555.2762122
2294,-30.0,5.21640625,781843642.684901
2295,-30.0,5.690625000000001,849937824.1053966
2296,-33.75,6.164843750000001,478529297.41643924
2297,-33.75,6.639062500000001,492456889.6872523
2298,-30.0,6.164843750000001,924576969.6396136
2299,-30.0,6.639062500000001,1013720533.3869224
2300,-33.75,7.11328125,606020530.7445521
2301,-33.75,7.5875,596745667.219837
2302,-30.0,7.11328125,1034897510.0558949
2303,-30.0,7.5875,972357797.815002
2304,-41.25,8.06171875,306423318.97575355
2305,-41.25,8.5359375,223558565.80446666
2306,-37.5,8.06171875,453424224.29086155
2307,-37.5,8.5359375,365441386.2229452
2308,-41.25,9.01015625,277057946.8137005
2309,-41.25,9.484375,225773956.78951642
2310,-37.5,9.01015625,417804462.8715943
2311,-37.5,9.484375,355962545.9257141
2312,-41.25,9.95859375,263581809.2801632
2313,-41.25,10.4328125,334665258.1421141
2314,-37.5,9.95859375,379624843.03770584
2315,-37.5,10.4328125,461551799.34132195
2316,-41.25,10.90703125,332137436.55997616
2317,-41.25,11.38125,365582898.94620717
2318,-37.5,10.90703125,496864066.8940758
2319,-37.5,11.38125,515545477.4711548
2320,-41.25,11.85546875,359884363.3232728
2321,-41.25,12.3296875,383148213.08000326
2322,-37.5,11.85546875,528619695.09355384
2323,-37.5,12.3296875,589043485.6730707
2324,-41.25,12.80390625,240542887.56676966
2325,-41.25,13.278125,207620693.98456296
2326,-37.5,12.80390625,401102402.3050592
2327,-37.5,13.278125,326697195.0586932
2328,-41.25,13.75234375,280276225.4996591
2329,-41.25,14.2265625,342451231.20893824
2330,-37.5,13.75234375,387696601.1795226
2331,-37.5,14.2265625,490174471.9661589
2332,-41.25,14.70078125,313386443.15515363
2333,-41.25,15.175,328598889.3675978
2334,-37.5,14.70078125,380425605.7349222
2335,-37.5,15.175,492948029.59236825
2336,-33.75,8.06171875,686294469.0682256
2337,-33.75,8.5359375,593052469.0019131
2338,-30.0,8.06171875,1090903392.7701025
2339,-30.0,8.5359375,992120076.5018594
2340,-33.75,9.01015625,620549729.5877687
2341,-33.75,9.484375,568743885.6050698
2342,-30.0,9.01015625,947292497.6205041
2343,-30.0,9.484375,946710726.3707417
2344,-33.75,9.95859375,584748063.5810494
2345,-33.75,10.4328125,700616604.5623274
2346,-30.0,9.95859375,968031657.6959949
2347,-30.0,10.4328125,1164037937.8269286
2348,-33.75,10.90703125,742299936.8574699
2349,-33.75,11.38125,763136827.7773885
2350,-30.0,10.90703125,1149154286.0794525
2351,-30.0,11.38125,1205985721.646194
2352,-33.75,11.85546875,795577788.7592468
2353,-33.75,12.3296875,858115166.287681
2354,-30.0,11.85546875,1258981406.2157636
2355,-30.0,12.3296875,1253539662.9453773
2356,-33.75,12.80390625,720360805.4193481
2357,-33.75,13.278125,623582967.7141991
2358,-30.0,12.80390625,1357016985.285636
2359,-30.0,13.278125,1276087283.5324566
2360,-33.75,13.75234375,658031806.7992632
2361,-33.75,14.2265625,777398260.7217704
2362,-30.0,13.75234375,1254196672.2987585
2363,-30.0,14.2265625,1343623145.4741633
2364,-33.75,14.70078125,630575238.7941618
2365,-33.75,15.175,807461694.0556237
2366,-30.0,14.70078125,1246945812.8123434
2367,-30.0,15.175,1422304406.9958487
2368,-56.25,15.64921875,38452507.84640804
2369,-56.25,16.1234375,25827372.194088306
2370,-52.5,15.64921875,57445034.56981878
2371,-52.5,16.1234375,68880860.51420784
2372,-56.25,16.59765625,31753749.735074963
2373,-56.25,17.071875,37390093.07042631
2374,-52.5,16.59765625,51057158.68244667
2375,-52.5,17.071875,52482463.82146482
2376,-56.25,17.54609375,51703605.218116745
2377,-56.25,18.0203125,108102085.71841076
2378,-52.5,17.54609375,56799431.399423815
2379,-52.5,18.0203125,135912285.46339422
2380,-56.25,18.49453125,57733920.92809973
2381,-56.25,18.96875,46565321.087890126
2382,-52.5,18.49453125,75498591.3520045
2383,-52.5,18.96875,71385504.98161274
2384,-56.25,19.44296875,54837111.10692145
2385,-56.25,19.9171875,30028517.91203037
2386,-52.5,19.44296875,69517397.28509487
2387,-52.5,19.9171875,86684053.58505206
2388,-56.25,20.39140625,32587087.396708615
2389,-56.25,20.865625,48340908.7449369
2390,-52.5,20.39140625,75293015.20156193
2391,-52.5,20.865625,60409143.01023926
2392,-56.25,21.33984375,63848442.427589506
2393,-56.25,21.8140625,39923617.55992466
2394,-52.5,21.33984375,95740949.20158197
2395,-52.5,21.8140625,74750364.86846173
2396,-56.25,22.28828125,17146588.00691188
2397,-56.25,22.7625,36028565.731714055
2398,-52.5,22.28828125,32433192.50902535
2399,-52.5,22.7625,79998839.57534102
2400,-48.75,15.64921875,81816984.85610187
2401,-48.75,16.1234375,142578756.15584928
2402,-45.0,15.64921875,106188935.14238496
2403,-45.0,16.1234375,216276651.79749072
2404,-48.75,16.59765625,75971798.89039266
2405,-48.75,17.071875,70418146.41362913
2406,-45.0,16.59765625,100886439.09833865
2407,-45.0,17.071875,88353829.00579344
2408,-48.75,17.54609375,57997092.93146755
2409,-48.75,18.0203125,157774240.05024022
2410,-45.0,17.54609375,59194754.463511296
2411,-45.0,18.0203125,179636194.63708624
2412,-48.75,18.49453125,94557621.46539177
2413,-48.75,18.96875,102600211.39879353
2414,-45.0,18.49453125,113616651.57877906
2415,-45.0,18.96875,133814917.81597432
2416,-48.75,19.44296875,85822097.29263547
2417,-48.75,19.9171875,171961357.864275
2418,-45.0,19.44296875,102126797.30017608
2419,-45.0,19.9171875,257238662.1434979
2420,-48.75,20.39140625,138004461.85340112
2421,-48.75,20.865625,82428079.43147384
2422,-45.0,20.39140625,200715908.50524032
2423,-45.0,20.865625,104447015.85270843
2424,-48.75,21.33984375,130445005.86141603
2425,-48.75,21.8140625,118968012.06177005
2426,-45.0,21.33984375,165149062.5212501
2427,-45.0,21.8140625,163185659.25507838
2428,-48.75,22.28828125,52022079.88390816
2429,-48.75,22.7625,138989248.85333216
2430,-45.0,22.28828125,71610967.25879097
2431,-45.0,22.7625,197979658.13132325
2432,-56.25,23.23671875,57810068.46017724
2433,-56.25,23.7109375,27322888.84563673
2434,-52.5,23.23671875,87045525.7458374
2435,-52.5,23.7109375,54742472.40542809
2436,-56.25,24.18515625000001,66828374.23600626
2437,-56.25,24.659375,23309562.743549917
2438,-52.5,24.18515625000001,91447893.1743187
2439,-52.5,24.659375,51685859.45161821
2440,-56.25,25.13359375,44211765.03261943
2441,-56.25,25.6078125,52917438.700054415
2442,-52.5,25.13359375,61897431.85823881
2443,-52.5,25.6078125,66776755.29853554
2444,-56.25,26.08203125,43582030.5195376
2445,-56.25,26.55625,20615302.834709346
2446,-52.5,26.08203125,58245660.706748754
2447,-52.5,26.55625,52119358.262367606
2448,-56.25,27.03046875,34690499.4590013
2449,-56.25,27.5046875,87456801.41573161
2450,-52.5,27.03046875,72548528.27069493
2451,-52.5,27.5046875,109904026.46144591
2452,-56.25,27.97890625,30724003.717101693
2453,-56.25,28.453125,27933118.622670457
2454,-52.5,27.97890625,62755794.091037095
2455,-52.5,28.453125,48838602.89564118
2456,-56.25,28.92734375,15567140.932849605
2457,-56.25,29.4015625,21203072.620803762
2458,-52.5,28.92734375,50458668.18472315
2459,-52.5,29.4015625,70326751.52161448
2460,-56.25,29.87578125,28625040.06138619
2461,-56.25,30.35,24504271.68694611
2462,-52.5,29.87578125,58586601.889147446
2463,-52.5,30.35,46515630.89413673
2464,-48.75,23.23671875,119429054.40315469
2465,-48.75,23.7109375,90740309.89998984
2466,-45.0,23.23671875,151812583.06047195
2467,-45.0,23.7109375,126738147.39455158
2468,-48.75,24.18515625000001,114502724.35070702
2469,-48.75,24.659375,90916359.75886565
2470,-45.0,24.18515625000001,137557555.52709535
2471,-45.0,24.659375,130146860.0661131
2472,-48.75,25.13359375,79065821.21288912
2473,-48.75,25.6078125,76518147.34763278
2474,-45.0,25.13359375,96234210.56753942
2475,-45.0,25.6078125,86259539.39673
2476,-48.75,26.08203125,71117958.71275961
2477,-48.75,26.55625,95325610.5593558
2478,-45.0,26.08203125,83990256.71877047
2479,-45.0,26.55625,138531862.85634395
2480,-48.75,27.03046875,122173911.97503388
2481,-48.75,27.5046875,125026661.8767756
2482,-45.0,27.03046875,171799295.6793728
2483,-45.0,27.5046875,140149297.29210532
2484,-48.75,27.97890625,104511224.46864091
2485,-48.75,28.453125,74523825.04585099
2486,-45.0,27.97890625,146266654.84624472
2487,-45.0,28.453125,100209047.19606079
2488,-48.75,28.92734375,100017733.07385306
2489,-48.75,29.4015625,139879434.60070866
2490,-45.0,28.92734375,149576797.96298298
2491,-45.0,29.4015625,209432117.67980283
2492,-48.75,29.87578125,98010985.137566
2493,-48.75,30.35,74664543.93557379
2494,-45.0,29.87578125,137435368.38598457
2495,-45.0,30.35,102813456.97701085
2496,-41.25,15.64921875,323085411.78760576
2497,-41.25,16.1234375,329424827.0209586
2498,-37.5,15.64921875,539981888.4328265
2499,-37.5,16.1234375,442573002.2444264
2500,-41.25,16.59765625,305779032.81556094
2501,-41.25,17.071875,301427715.93590844
2502,-37.5,16.59765625,510671626.53278327
2503,-37.5,17.071875,514501602.8660234
2504,-41.25,17.54609375,240272145.58577913
2505,-41.25,18.0203125,320431509.36167055
2506,-37.5,17.54609375,421349536.7080469
2507,-37.5,18.0203125,461226824.0862549
2508,-41.25,18.49453125,227890296.0476222
2509,-41.25,18.96875,298154484.44362074
2510,-37.5,18.49453125,342163940.51646537
2511,-37.5,18.96875,462494051.0712672
2512,-41.25,19.44296875,247091386.95753878
2513,-41.25,19.9171875,359410221.62370086
2514,-37.5,19.44296875,392055976.61490154
2515,-37.5,19.9171875,461581781.10390383
2516,-41.25,20.39140625,326802546.7069323
2517,-41.25,20.865625,295099134.36127186
2518,-37.5,20.39140625,452889184.9086244
2519,-37.5,20.865625,485751252.86983526
2520,-41.25,21.33984375,281611242.845418
2521,-41.25,21.8140625,256635165.40505
2522,-37.5,21.33984375,398073423.1695859
2523,-37.5,21.8140625,350084671.55502164
2524,-41.25,22.28828125,241738725.3181836
2525,-41.25,22.7625,298588338.7191526
2526,-37.5,22.28828125,411866483.37757623
2527,-37.5,22.7625,399197019.30698204
2528,-33.75,15.64921875,880951589.3273841
2529,-33.75,16.1234375,749236847.6082832
2530,-30.0,15.64921875,1470067738.7206154
2531,-30.0,16.1234375,1442932033.2529178
2532,-33.75,16.59765625,810404275.0090916
2533,-33.75,17.071875,821257933.9433054
2534,-30.0,16.59765625,1299817033.0035715
2535,-30.0,17.071875,1315379153.3149214
2536,-33.75,17.54609375,715091338.9397869
2537,-33.75,18.0203125,758691429.231253
2538,-30.0,17.54609375,1234161963.3904712
2539,-30.0,18.0203125,1369494615.2170782
2540,-33.75,18.49453125,671042128.1189802
2541,-33.75,18.96875,789679956.8514173
2542,-30.0,18.49453125,1429129401.9888387
2543,-30.0,18.96875,1442558540.9365745
2544,-33.75,19.44296875,696996306.3438368
2545,-33.75,19.9171875,759581192.1175414
2546,-30.0,19.44296875,1321888116.215917
2547,-30.0,19.9171875,1449236306.1980479
2548,-33.75,20.39140625,761312773.7084861
2549,-33.75,20.865625,797584804.3510412
2550,-30.0,20.39140625,1434410263.704687
2551,-30.0,20.865625,1351781221.777532
2552,-33.75,21.33984375,708693646.4146608
2553,-33.75,21.8140625,639293705.9714378
2554,-30.0,21.33984375,1407629955.5015504
2555,-30.0,21.8140625,1320021796.920743
2556,-33.75,22.28828125,705684026.189384
2557,-33.75,22.7625,640348884.4553455
2558,-30.0,22.28828125,1246881138.506022
2559,-30.0,22.7625,1162587118.7247772
2560,-41.25,23.23671875,256756730.39072424
2561,-41.25,23.7109375,309554312.65171444
2562,-37.5,23.23671875,361700877.7209766
2563,-37.5,23.7109375,492370477.90887725
2564,-41.25,24.18515625000001,306959943.4600978
2565,-41.25,24.659375,274224823.68389416
2566,-37.5,24.18515625000001,476362331.39310014
2567,-37.5,24.659375,418302787.3016752
2568,-41.25,25.13359375,302764935.65784657
2569,-41.25,25.6078125,346192290.27917325
2570,-37.5,25.13359375,509295660.7481537
2571,-37.5,25.6078125,606125041.1616163
2572,-41.25,26.08203125,265797180.0308546
2573,-41.25,26.55625,315655366.19956404
2574,-37.5,26.08203125,447604103.3429387
2575,-37.5,26.55625,492778869.5427841
2576,-41.25,27.03046875,324434898.62408036
2577,-41.25,27.5046875,242121814.98110524
2578,-37.5,27.03046875,477070501.56878793
2579,-37.5,27.5046875,344094332.67010516
2580,-41.25,27.97890625,329330523.7321808
2581,-41.25,28.453125,277872092.5625832
2582,-37.5,27.97890625,512394392.61811686
2583,-37.5,28.453125,455535137.9291056
2584,-41.25,28.92734375,289703059.7587708
2585,-41.25,29.4015625,271749811.33288693
2586,-37.5,28.92734375,429829321.55455863
2587,-37.5,29.4015625,334067504.9859711
2588,-41.25,29.87578125,187732882.80153263
2589,-41.25,30.35,212840597.31283045
2590,-37.5,29.87578125,238030397.21708065
2591,-37.5,30.35,322867737.64865005
2592,-33.75,23.23671875,620972505.6853648
2593,-33.75,23.7109375,797551592.3090634
2594,-30.0,23.23671875,1188899094.918025
2595,-30.0,23.7109375,1347462604.9952958
2596,-33.75,24.18515625000001,747619229.8038287
2597,-33.75,24.659375,674636896.6696472
2598,-30.0,24.18515625000001,1222585149.1700096
2599,-30.0,24.659375,1155483297.5380013
2600,-33.75,25.13359375,768728871.7506281
2601,-33.75,25.6078125,909980555.8931539
2602,-30.0,25.13359375,1133967054.5774372
2603,-30.0,25.6078125,1301681598.3228798
2604,-33.75,26.08203125,732555342.1286491
2605,-33.75,26.55625,763284726.8170788
2606,-30.0,26.08203125,1223795211.861612
2607,-30.0,26.55625,1220555291.9535227
2608,-33.75,27.03046875,732808083.7629046
2609,-33.75,27.5046875,592691901.7141397
2610,-30.0,27.03046875,1194749624.4558399
2611,-30.0,27.5046875,1134539573.4682438
2612,-33.75,27.97890625,768771349.6153572
2613,-33.75,28.453125,716589460.4819235
2614,-30.0,27.97890625,1171774482.835206
2615,-30.0,28.453125,1144426337.4073322
2616,-33.75,28.92734375,682748649.3814133
2617,-33.75,29.4015625,515432181.70759666
2618,-30.0,28.92734375,1161254109.2704015
2619,-30.0,29.4015625,934890824.5663049
2620,-33.75,29.87578125,416574759.9405718
2621,-33.75,30.35,541972490.8827926
2622,-30.0,29.87578125,851612819.2799492
2623,-30.0,30.35,979232469.913581
2624,-26.25,0.0148193359375,0.0
2625,-26.25,-0.0,0.0
2626,-26.25,0.029638671875,0.0
2627,-22.5,0.0148193359375,0.0
2628,-22.5,-0.0,0.0
2629,-22.5,0.029638671875,0.0
2630,-26.25,0.04445800781250001,0.0
2631,-26.25,0.05927734375,0.0
2632,-22.5,0.04445800781250001,0.0
2633,-22.5,0.05927734375,0.0
2634,-26.25,0.0740966796875,0.0
2635,-22.5,0.0740966796875,0.0
2636,-26.25,0.08891601562500001,0.0
2637,-22.5,0.08891601562500001,0.0
2638,-26.25,0.09632568359375002,0.0
2639,-26.25,0.1037353515625,486387103.2954265
2640,-22.5,0.09632568359375002,0.0
2641,-22.5,0.1037353515625,888881367.8218609
2642,-26.25,0.11114501953125,490544010.5638999
2643,-26.25,0.1185546875,494700917.8323733
2644,-22.5,0.11114501953125,896417038.6132689
2645,-22.5,0.1185546875,903952709.4046768
2646,-26.25,0.12596435546875,498857825.10084677
2647,-26.25,0.1333740234375,503014732.36932003
2648,-22.5,0.12596435546875,911488380.1960845
2649,-22.5,0.1333740234375,919024050.9874922
2650,-26.25,0.14078369140625,507171639.6377935
2651,-26.25,0.148193359375,511328546.9062669
2652,-22.5,0.14078369140625,926559721.7789
2653,-22.5,0.148193359375,934095392.5703079
2654,-26.25,0.15560302734375,515485454.1747403
2655,-26.25,0.1630126953125,519642361.4432138
2656,-22.5,0.15560302734375,941631063.3617157
2657,-22.5,0.1630126953125,949166734.1531236
2658,-26.25,0.17042236328125,523799268.7116871
2659,-26.25,0.17783203125,527956175.9801606
2660,-22.5,0.17042236328125,956702404.9445312
2661,-22.5,0.17783203125,964238075.7359393
2662,-26.25,0.18524169921875,532113083.24863404
2663,-26.25,0.1926513671875,536269990.5171074
2664,-22.5,0.18524169921875,971773746.5273471
2665,-22.5,0.1926513671875,979309417.318755
2666,-26.25,0.207470703125,544583805.0540543
2667,-22.5,0.207470703125,994380758.9015706
2668,-26.25,0.21488037109375,548740712.3225276
2669,-26.25,0.2222900390625,552897619.591001
2670,-22.5,0.21488037109375,1001916429.6929783
2671,-22.5,0.2222900390625,1009452100.4843861
2672,-26.25,0.22969970703125,557054526.8594744
2673,-26.25,0.237109375,561211434.1279479
2674,-22.5,0.22969970703125,1016987771.275794
2675,-22.5,0.237109375,1024523442.0672019
2676,-26.25,0.24451904296875,565368341.3964213
2677,-26.25,0.2519287109375,569525248.6648947
2678,-22.5,0.24451904296875,1032059112.8586097
2679,-22.5,0.2519287109375,1039594783.6500175
2680,-26.25,0.25933837890625,573682155.9333681
2681,-26.25,0.266748046875,577839063.2018416
2682,-22.5,0.25933837890625,1047130454.4414253
2683,-22.5,0.266748046875,1054666125.232833
2684,-26.25,0.27415771484375,581995970.470315
2685,-26.25,0.2815673828125,586152877.7387884
2686,-22.5,0.27415771484375,1062201796.024241
2687,-22.5,0.2815673828125,1069737466.8156488
2688,-26.25,0.28897705078125,590309785.0072618
2689,-26.25,0.29638671875,594466692.2757351
2690,-22.5,0.28897705078125,1077273137.6070566
2691,-22.5,0.29638671875,1084808808.3984644
2692,-26.25,0.30379638671875,596540932.9233415
2693,-26.25,0.3112060546875,596632957.1086437
2694,-22.5,0.30379638671875,1091293365.9029667
2695,-22.5,0.3112060546875,1096777506.9028904
2696,-26.25,0.326025390625,596817005.4792479
2697,-22.5,0.326025390625,1107745788.9027376
2698,-26.25,0.3556640625,597185102.2204565
2699,-22.5,0.3556640625,1129682352.902432
2700,-26.25,0.41494140625,597921295.7028735
2701,-22.5,0.41494140625,1173555480.9018211
2702,-26.25,0.47421875,598657489.1852905
2703,-22.5,0.47421875,1217428608.9012098
2704,-26.25,0.5927734375,680998079.9650431
2705,-22.5,0.5927734375,1353143671.5389574
2706,-26.25,0.7113281250000001,774749461.3149458
2707,-22.5,0.7113281250000001,1483474986.4011793
2708,-26.25,0.9484375,795137705.6708419
2709,-22.5,0.9484375,1464956928.2131467
2710,-26.25,1.42265625,761404554.5816202
2711,-22.5,1.42265625,1614406911.5629292
2712,-26.25,1.896875,878313739.1428956
2713,-22.5,1.896875,1853231542.2184663
2714,-26.25,2.37109375,1045389318.1122429
2715,-26.25,2.8453125,1016893913.9659829
2716,-22.5,2.37109375,2121010269.8449073
2717,-22.5,2.8453125,2055765304.338035
2718,-26.25,3.31953125,945398238.8022722
2719,-26.25,3.79375,1060221329.0656769
2720,-22.5,3.31953125,2057272132.8965514
2721,-22.5,3.79375,2212504844.644265
2722,-26.25,4.26796875,1217340345.3540127
2723,-26.25,4.7421875,1119694330.2127066
2724,-22.5,4.26796875,2440916839.9493475
2725,-22.5,4.7421875,2322500990.339526
2726,-26.25,5.21640625,1150212474.1779518
2727,-26.25,5.690625000000001,1293978092.934581
2728,-22.5,5.21640625,2481175935.333782
2729,-22.5,5.690625000000001,2833887811.28532
2730,-26.25,6.164843750000001,1370624641.8627882
2731,-26.25,6.639062500000001,1534984177.0865922
2732,-22.5,6.164843750000001,2945230633.4894495
2733,-22.5,6.639062500000001,3282956526.083624
2734,-26.25,7.11328125,1463774489.3672373
2735,-26.25,7.5875,1347969928.4101667
2736,-22.5,7.11328125,3118632845.3923135
2737,-22.5,7.5875,3024520986.353683
2738,-18.75,0.0148193359375,0.0
2739,-18.75,-0.0,0.0
2740,-18.75,0.029638671875,0.0
2741,-15.0,0.0148193359375,0.0
2742,-15.0,-0.0,0.0
2743,-15.0,0.029638671875,0.0
2744,-18.75,0.04445800781250001,0.0
2745,-18.75,0.05927734375,0.0
2746,-15.0,0.04445800781250001,0.0
2747,-15.0,0.05927734375,0.0
2748,-18.75,0.0740966796875,0.0
2749,-15.0,0.0740966796875,0.0
2750,-18.75,0.08891601562500001,0.0
2751,-15.0,0.08891601562500001,0.0
2752,-18.75,0.09632568359375002,0.0
2753,-18.75,0.1037353515625,1417363971.4741201
2754,-15.0,0.09632568359375002,0.0
2755,-15.0,0.1037353515625,1945846575.12638
2756,-18.75,0.11114501953125,1429880502.7042139
2757,-18.75,0.1185546875,1442397033.934307
2758,-15.0,0.11114501953125,1963343966.7951586
2759,-15.0,0.1185546875,1980841358.4639373
2760,-18.75,0.12596435546875,1454913565.1644003
2761,-18.75,0.1333740234375,1467430096.3944933
2762,-15.0,0.12596435546875,1998338750.1327162
2763,-15.0,0.1333740234375,2015836141.8014944
2764,-18.75,0.14078369140625,1479946627.6245866
2765,-18.75,0.148193359375,1492463158.8546798
2766,-15.0,0.14078369140625,2033333533.470273
2767,-15.0,0.148193359375,2050830925.139052
2768,-18.75,0.15560302734375,1504979690.084773
2769,-18.75,0.1630126953125,1517496221.3148665
2770,-15.0,0.15560302734375,2068328316.8078303
2771,-15.0,0.1630126953125,2085825708.4766092
2772,-18.75,0.17042236328125,1530012752.5449593
2773,-18.75,0.17783203125,1542529283.7750525
2774,-15.0,0.17042236328125,2103323100.1453874
2775,-15.0,0.17783203125,2120820491.814166
2776,-18.75,0.18524169921875,1555045815.005146
2777,-18.75,0.1926513671875,1567562346.235239
2778,-15.0,0.18524169921875,2138317883.482945
2779,-15.0,0.1926513671875,2155815275.151724
2780,-18.75,0.207470703125,1592595408.6954255
2781,-15.0,0.207470703125,2190810058.4892807
2782,-18.75,0.21488037109375,1605111939.9255185
2783,-18.75,0.2222900390625,1617628471.155612
2784,-15.0,0.21488037109375,2208307450.158059
2785,-15.0,0.2222900390625,2225804841.8268375
2786,-18.75,0.22969970703125,1630145002.3857052
2787,-18.75,0.237109375,1642661533.6157985
2788,-15.0,0.22969970703125,2243302233.4956164
2789,-15.0,0.237109375,2260799625.164395
2790,-18.75,0.24451904296875,1655178064.8458915
2791,-18.75,0.2519287109375,1667694596.0759847
2792,-15.0,0.24451904296875,2278297016.8331733
2793,-15.0,0.2519287109375,2295794408.501952
2794,-18.75,0.25933837890625,1680211127.306078
2795,-18.75,0.266748046875,1692727658.536171
2796,-15.0,0.25933837890625,2313291800.1707306
2797,-15.0,0.266748046875,2330789191.8395095
2798,-18.75,0.27415771484375,1705244189.7662647
2799,-18.75,0.2815673828125,1717760720.9963574
2800,-15.0,0.27415771484375,2348286583.508288
2801,-15.0,0.2815673828125,2365783975.1770663
2802,-18.75,0.28897705078125,1730277252.226451
2803,-18.75,0.29638671875,1742793783.456544
2804,-15.0,0.28897705078125,2383281366.845845
2805,-15.0,0.29638671875,2400778758.5146236
2806,-18.75,0.30379638671875,1755810777.8475513
2807,-18.75,0.3112060546875,1769304097.3048964
2808,-15.0,0.30379638671875,2420328189.7921367
2809,-15.0,0.3112060546875,2441830687.7069025
2810,-18.75,0.326025390625,1796290736.2195854
2811,-15.0,0.326025390625,2484835683.5364327
2812,-18.75,0.3556640625,1850264014.048963
2813,-15.0,0.3556640625,2570845675.195494
2814,-18.75,0.41494140625,1958210569.7077188
2815,-15.0,0.41494140625,2742865658.5136166
2816,-18.75,0.47421875,2066157125.3664746
2817,-15.0,0.47421875,2914885641.831739
2818,-18.75,0.5927734375,2262506011.504993
2819,-15.0,0.5927734375,3171868351.4710283
2820,-18.75,0.7113281250000001,2425770088.396994
2821,-15.0,0.7113281250000001,3368065190.39281
2822,-18.75,0.9484375,2341689379.229689
2823,-15.0,0.9484375,3218421830.246232
2824,-18.75,1.42265625,2793729554.985139
2825,-15.0,1.42265625,3973052198.4073486
2826,-18.75,1.896875,3219595020.688359
2827,-15.0,1.896875,4585958499.158252
2828,-18.75,2.37109375,3551454758.507348
2829,-18.75,2.8453125,3444440071.0781417
2830,-15.0,2.37109375,4981899247.169789
2831,-15.0,2.8453125,4833114837.818249
2832,-18.75,3.31953125,3562737965.4058356
2833,-18.75,3.79375,3750094943.4634547
2834,-15.0,3.31953125,5068203797.915118
2835,-15.0,3.79375,5287685042.282644
2836,-18.75,4.26796875,4071164866.915109
2837,-18.75,4.7421875,3955388280.1754065
2838,-15.0,4.26796875,5701412893.88087
2839,-15.0,4.7421875,5588275570.011288
2840,-18.75,5.21640625,4293436711.321002
2841,-18.75,5.690625000000001,4921732254.396836
2842,-15.0,5.21640625,6105697487.308222
2843,-15.0,5.690625000000001,7009576697.508352
2844,-18.75,6.164843750000001,5084115784.817853
2845,-18.75,6.639062500000001,5644283227.729336
2846,-15.0,6.164843750000001,7223000936.146257
2847,-15.0,6.639062500000001,8005609929.37505
2848,-18.75,7.11328125,5386481889.774257
2849,-18.75,7.5875,5351541507.9713745
2850,-15.0,7.11328125,7654330934.1562
2851,-15.0,7.5875,7678562029.589066
2852,-26.25,8.06171875,1495512316.4719796
2853,-26.25,8.5359375,1391187684.001806
2854,-22.5,8.06171875,3283587610.747136
2855,-22.5,8.5359375,3191789026.1325555
2856,-26.25,9.01015625,1274035265.6532397
2857,-26.25,9.484375,1324677567.1364136
2858,-22.5,9.01015625,3063509887.46329
2859,-22.5,9.484375,3044692115.533506
2860,-26.25,9.95859375,1351315251.8109403
2861,-26.25,10.4328125,1627459271.0915298
2862,-22.5,9.95859375,3120317652.6749525
2863,-22.5,10.4328125,3441074318.0733213
2864,-26.25,10.90703125,1556008635.3014352
2865,-26.25,11.38125,1648834615.5149999
2866,-22.5,10.90703125,3365344737.5861936
2867,-22.5,11.38125,3452802787.0175514
2868,-26.25,11.85546875,1722385023.6722808
2869,-26.25,12.3296875,1648964159.6030736
2870,-22.5,11.85546875,3485510182.1003313
2871,-22.5,12.3296875,3427847233.3817534
2872,-26.25,12.80390625,1993673165.1519237
2873,-26.25,13.278125,1928591599.3507142
2874,-22.5,12.80390625,3749522882.190652
2875,-22.5,13.278125,3587407204.975061
2876,-26.25,13.75234375,1850361537.798253
2877,-26.25,14.2265625,1909848030.2265563
2878,-22.5,13.75234375,3640030882.3554635
2879,-22.5,14.2265625,3687764222.9637
2880,-26.25,14.70078125,1863316386.830525
2881,-26.25,15.175,2037147119.9360743
2882,-22.5,14.70078125,3690845465.159129
2883,-22.5,15.175,3753249258.3381042
2884,-18.75,8.06171875,5763396090.308933
2885,-18.75,8.5359375,5693157235.578705
2886,-15.0,8.06171875,8243204569.870729
2887,-15.0,8.5359375,8194525445.024857
2888,-18.75,9.01015625,5584350436.161999
2889,-18.75,9.484375,5435730517.746308
2890,-15.0,9.01015625,8105190984.860708
2891,-15.0,9.484375,7826768919.95911
2892,-18.75,9.95859375,5582179456.913498
2893,-18.75,10.4328125,5929786221.91371
2894,-15.0,9.95859375,8044041261.152042
2895,-15.0,10.4328125,8418498125.754097
2896,-18.75,10.90703125,5875921716.402339
2897,-18.75,11.38125,5937330597.336976
2898,-15.0,10.90703125,8386498695.218486
2899,-15.0,11.38125,8421858407.656401
2900,-18.75,11.85546875,5898496111.014149
2901,-18.75,12.3296875,5898459595.720923
2902,-15.0,11.85546875,8311482039.927966
2903,-15.0,12.3296875,8369071958.060095
2904,-18.75,12.80390625,6064969367.815601
2905,-18.75,13.278125,5749378455.502452
2906,-15.0,12.80390625,8380415853.44055
2907,-15.0,13.278125,7911349706.029843
2908,-18.75,13.75234375,6026452466.441531
2909,-18.75,14.2265625,6071526069.693218
2910,-15.0,13.75234375,8412874050.527597
2911,-15.0,14.2265625,8455287916.422736
2912,-18.75,14.70078125,6123953795.642945
2913,-18.75,15.175,6019981109.471036
2914,-15.0,14.70078125,8557062126.126761
2915,-15.0,15.175,8286712960.603969
2916,-11.25,0.0148193359375,0.0
2917,-11.25,-0.0,0.0
2918,-11.25,0.029638671875,0.0
2919,-7.5,0.0148193359375,0.0
2920,-7.5,-0.0,0.0
2921,-7.5,0.029638671875,0.0
2922,-11.25,0.04445800781250001,0.0
2923,-11.25,0.05927734375,0.0
2924,-7.5,0.04445800781250001,0.0
2925,-7.5,0.05927734375,0.0
2926,-11.25,0.0740966796875,0.0
2927,-7.5,0.0740966796875,0.0
2928,-11.25,0.08891601562500001,0.0
2929,-7.5,0.08891601562500001,0.0
2930,-11.25,0.09632568359375002,0.0
2931,-11.25,0.1037353515625,59026865350.98936
2932,-7.5,0.09632568359375002,0.0
2933,-7.5,0.1037353515625,116107884126.85233
2934,-11.25,0.11114501953125,59119962685.85116
2935,-11.25,0.1185546875,59213060020.71295
2936,-7.5,0.11114501953125,116276581404.90715
2937,-7.5,0.1185546875,116445278682.96196
2938,-11.25,0.12596435546875,59306157355.574745
2939,-11.25,0.1333740234375,59399254690.43654
2940,-7.5,0.12596435546875,116613975961.01677
2941,-7.5,0.1333740234375,116782673239.0716
2942,-11.25,0.14078369140625,59492352025.29833
2943,-11.25,0.148193359375,59585449360.16013
2944,-7.5,0.14078369140625,116951370517.12639
2945,-7.5,0.148193359375,117120067795.18121
2946,-11.25,0.15560302734375,59678546695.021935
2947,-11.25,0.1630126953125,59771644029.883736
2948,-7.5,0.15560302734375,117288765073.23604
2949,-7.5,0.1630126953125,117457462351.29086
2950,-11.25,0.17042236328125,59864741364.745514
2951,-11.25,0.17783203125,59957838699.607315
2952,-7.5,0.17042236328125,117626159629.34564
2953,-7.5,0.17783203125,117794856907.40048
2954,-11.25,0.18524169921875,60050936034.46911
2955,-11.25,0.1926513671875,60144033369.33092
2956,-7.5,0.18524169921875,117963554185.45528
2957,-7.5,0.1926513671875,118132251463.5101
2958,-11.25,0.207470703125,60330228039.05449
2959,-7.5,0.207470703125,118469646019.61972
2960,-11.25,0.21488037109375,60423325373.9163
2961,-11.25,0.2222900390625,60516422708.77809
2962,-7.5,0.21488037109375,118638343297.67453
2963,-7.5,0.2222900390625,118807040575.72934
2964,-11.25,0.22969970703125,60609520043.639885
2965,-11.25,0.237109375,60702617378.501686
2966,-7.5,0.22969970703125,118975737853.78415
2967,-7.5,0.237109375,119144435131.83897
2968,-11.25,0.24451904296875,60795714713.36348
2969,-11.25,0.2519287109375,60888812048.22527
2970,-7.5,0.24451904296875,119313132409.89377
2971,-7.5,0.2519287109375,119481829687.9486
2972,-11.25,0.25933837890625,60981909383.08707
2973,-11.25,0.266748046875,61075006717.94887
2974,-7.5,0.25933837890625,119650526966.00342
2975,-7.5,0.266748046875,119819224244.05823
2976,-11.25,0.27415771484375,61168104052.81066
2977,-11.25,0.2815673828125,61261201387.672455
2978,-7.5,0.27415771484375,119987921522.11304
2979,-7.5,0.2815673828125,120156618800.16783
2980,-11.25,0.28897705078125,61354298722.534256
2981,-11.25,0.29638671875,61447396057.39605
2982,-7.5,0.28897705078125,120325316078.22267
2983,-7.5,0.29638671875,120494013356.27747
2984,-11.25,0.30379638671875,61492972642.94195
2985,-11.25,0.3112060546875,61493320476.727394
2986,-7.5,0.30379638671875,120565617096.09177
2987,-7.5,0.3112060546875,120544810265.74788
2988,-11.25,0.326025390625,61494016144.29829
2989,-7.5,0.326025390625,120503196605.06012
2990,-11.25,0.3556640625,61495407479.44008
2991,-7.5,0.3556640625,120419969283.68466
2992,-11.25,0.41494140625,61498190149.72365
2993,-7.5,0.41494140625,120253514640.93367
2994,-11.25,0.47421875,61500972820.00722
2995,-7.5,0.47421875,120087059998.1827
2996,-11.25,0.5927734375,60118934992.64577
2997,-7.5,0.5927734375,117066001633.82053
2998,-11.25,0.7113281250000001,58412456699.09053
2999,-7.5,0.7113281250000001,113456848207.78825
3000,-11.25,0.9484375,56176388821.134384
3001,-7.5,0.9484375,109134355812.02254
3002,-11.25,1.42265625,52475568717.58009
3003,-7.5,1.42265625,100978085236.75284
3004,-11.25,1.896875,50477555550.06466
3005,-7.5,1.896875,96369152600.97107
3006,-11.25,2.37109375,47001892889.18471
3007,-11.25,2.8453125,44340613679.53749
3008,-7.5,2.37109375,89021886531.19962
3009,-7.5,2.8453125,83848112521.25674
3010,-11.25,3.31953125,43694105188.70612
3011,-11.25,3.79375,40969984913.58499
3012,-7.5,3.31953125,82320006579.49713
3013,-7.5,3.79375,76652284784.88733
3014,-11.25,4.26796875,39649800435.5131
3015,-11.25,4.7421875,37226204045.342064
3016,-7.5,4.26796875,73598187977.14532
3017,-7.5,4.7421875,68864132520.67284
3018,-11.25,5.21640625,36186035041.247986
3019,-11.25,5.690625000000001,34724782513.37973
3020,-7.5,5.21640625,66266372595.18776
3021,-7.5,5.690625000000001,62439988329.25111
3022,-11.25,6.164843750000001,33078762199.649147
3023,-11.25,6.639062500000001,32211281296.077522
3024,-7.5,6.164843750000001,58934523463.15204
3025,-7.5,6.639062500000001,56416952662.78
3026,-11.25,7.11328125,31119652905.25643
3027,-11.25,7.5875,29954205084.816013
3028,-7.5,7.11328125,54584974876.35666
3029,-7.5,7.5875,52229848140.04296
3030,-3.75,0.0148193359375,0.0
3031,-3.75,-0.0,0.0
3032,-3.75,0.029638671875,0.0
3033,0.0,0.0148193359375,0.0
3034,0.0,-0.0,0.0
3035,0.0,0.029638671875,0.0
3036,-3.75,0.04445800781250001,0.0
3037,-3.75,0.05927734375,0.0
3038,0.0,0.04445800781250001,0.0
3039,0.0,0.05927734375,0.0
3040,-3.75,0.0740966796875,0.0
3041,0.0,0.0740966796875,0.0
3042,-3.75,0.08891601562500001,0.0
3043,0.0,0.08891601562500001,0.0
3044,-3.75,0.09632568359375002,0.0
3045,-3.75,0.1037353515625,159026117797.51773
3046,0.0,0.09632568359375002,0.0
3047,0.0,0.1037353515625,173618781257.788
3048,-3.75,0.11114501953125,159080513766.17877
3049,-3.75,0.1185546875,159134909734.8398
3050,0.0,0.11114501953125,173179073411.88165
3051,0.0,0.1185546875,172739365565.9753
3052,-3.75,0.12596435546875,159189305703.50082
3053,-3.75,0.1333740234375,159243701672.16187
3054,0.0,0.12596435546875,172299657720.069
3055,0.0,0.1333740234375,171859949874.16263
3056,-3.75,0.14078369140625,159298097640.8229
3057,-3.75,0.148193359375,159352493609.48395
3058,0.0,0.14078369140625,171420242028.25632
3059,0.0,0.148193359375,170980534182.35
3060,-3.75,0.15560302734375,159406889578.145
3061,-3.75,0.1630126953125,159461285546.806
3062,0.0,0.15560302734375,170540826336.44363
3063,0.0,0.1630126953125,170101118490.53735
3064,-3.75,0.17042236328125,159515681515.46704
3065,-3.75,0.17783203125,159570077484.12808
3066,0.0,0.17042236328125,169661410644.63098
3067,0.0,0.17783203125,169221702798.72467
3068,-3.75,0.18524169921875,159624473452.78912
3069,-3.75,0.1926513671875,159678869421.4502
3070,0.0,0.18524169921875,168781994952.81833
3071,0.0,0.1926513671875,168342287106.91202
3072,-3.75,0.207470703125,159787661358.77222
3073,0.0,0.207470703125,167462871415.09937
3074,-3.75,0.21488037109375,159842057327.43326
3075,-3.75,0.2222900390625,159896453296.0943
3076,0.0,0.21488037109375,167023163569.19302
3077,0.0,0.2222900390625,166583455723.28668
3078,-3.75,0.22969970703125,159950849264.75534
3079,-3.75,0.237109375,160005245233.41635
3080,0.0,0.22969970703125,166143747877.38034
3081,0.0,0.237109375,165704040031.47403
3082,-3.75,0.24451904296875,160059641202.0774
3083,-3.75,0.2519287109375,160114037170.73843
3084,0.0,0.24451904296875,165264332185.5677
3085,0.0,0.2519287109375,164824624339.66135
3086,-3.75,0.25933837890625,160168433139.39948
3087,-3.75,0.266748046875,160222829108.0605
3088,0.0,0.25933837890625,164384916493.75504
3089,0.0,0.266748046875,163945208647.8487
3090,-3.75,0.27415771484375,160277225076.72153
3091,-3.75,0.2815673828125,160331621045.38257
3092,0.0,0.27415771484375,163505500801.94238
3093,0.0,0.2815673828125,163065792956.036
3094,-3.75,0.28897705078125,160386017014.0436
3095,-3.75,0.29638671875,160440412982.70465
3096,0.0,0.28897705078125,162626085110.1297
3097,0.0,0.29638671875,162186377264.2234
3098,-3.75,0.30379638671875,160437863269.01624
3099,-3.75,0.3112060546875,160381114449.29758
3100,0.0,0.30379638671875,161909312881.49014
3101,0.0,0.3112060546875,161787047421.9056
3102,-3.75,0.326025390625,160267616809.86017
3103,0.0,0.326025390625,161542516502.73654
3104,-3.75,0.3556640625,160040621530.98538
3105,0.0,0.3556640625,161053454664.39844
3106,-3.75,0.41494140625,159586630973.2358
3107,0.0,0.41494140625,160075330987.72217
3108,-3.75,0.47421875,159132640415.48624
3109,0.0,0.47421875,159097207311.04593
3110,-3.75,0.5927734375,155014030426.93628
3111,0.0,0.5927734375,154963983523.93402
3112,-3.75,0.7113281250000001,150216820291.2278
3113,0.0,0.7113281250000001,150407953524.15106
3114,-3.75,0.9484375,144557103846.1891
3115,0.0,0.9484375,144909413966.91238
3116,-3.75,1.42265625,133556443124.05827
3117,0.0,1.42265625,134286483747.62904
3118,-3.75,1.896875,126982349449.43729
3119,0.0,1.896875,127038745893.02316
3120,-3.75,2.37109375,117226366513.39076
3121,-3.75,2.8453125,110785511515.86002
3122,0.0,2.37109375,117799819175.93433
3123,0.0,2.8453125,112582710816.23135
3124,-3.75,3.31953125,107889015321.60811
3125,-3.75,3.79375,100576602144.85712
3126,0.0,3.31953125,107344238766.35904
3127,0.0,3.79375,100984954482.16174
3128,-3.75,4.26796875,95919017337.26445
3129,-3.75,4.7421875,89986273136.76653
3130,0.0,4.26796875,94984730334.35742
3131,0.0,4.7421875,90076838034.38605
3132,-3.75,5.21640625,86222444706.14812
3133,-3.75,5.690625000000001,80694145118.99345
3134,0.0,5.21640625,85929985931.14966
3135,0.0,5.690625000000001,80026203856.47772
3136,-3.75,6.164843750000001,76281812252.11082
3137,-3.75,6.639062500000001,72895336922.50389
3138,0.0,6.164843750000001,76612156091.98149
3139,0.0,6.639062500000001,73919146968.27058
3140,-3.75,7.11328125,70154988413.58969
3141,-3.75,7.5875,66914322576.01207
3142,0.0,7.11328125,69934385083.08829
3143,0.0,7.5875,66416459773.46552
3144,-11.25,8.06171875,28791894296.04385
3145,-11.25,8.5359375,28447096514.37168
3146,-7.5,8.06171875,49340584022.21697
3147,-7.5,8.5359375,48699667583.718506
3148,-11.25,9.01015625,26853901139.224846
3149,-11.25,9.484375,25598419288.468727
3150,-7.5,9.01015625,45602611293.58899
3151,-7.5,9.484375,43370069656.97835
3152,-11.25,9.95859375,24620601949.91233
3153,-11.25,10.4328125,23846378569.910995
3154,-7.5,9.95859375,41197162638.67262
3155,-7.5,10.4328125,39274259014.067894
3156,-11.25,10.90703125,22845879020.956963
3157,-11.25,11.38125,21558413755.77981
3158,-7.5,10.90703125,37305259346.695435
3159,-7.5,11.38125,34694969103.90322
3160,-11.25,11.85546875,20775324976.14848
3161,-11.25,12.3296875,20098461009.724213
3162,-7.5,11.85546875,33239167912.368996
3163,-7.5,12.3296875,31827850061.38833
3164,-11.25,12.80390625,19474943404.498127
3165,-11.25,13.278125,18931705147.56613
3166,-7.5,12.80390625,30569470955.555706
3167,-7.5,13.278125,29952060589.102417
3168,-11.25,13.75234375,18034190728.076168
3169,-11.25,14.2265625,17287197851.172764
3170,-7.5,13.75234375,27655507405.62474
3171,-7.5,14.2265625,26119107785.922794
3172,-11.25,14.70078125,16920268370.87754
3173,-11.25,15.175,15882594526.420523
3174,-7.5,14.70078125,25283474615.62832
3175,-7.5,15.175,23478476092.23708
3176,-3.75,8.06171875,62967922469.81844
3177,-3.75,8.5359375,61817103591.739
3178,0.0,8.06171875,62752558360.27661
3179,0.0,8.5359375,60664269477.10683
3180,-3.75,9.01015625,57868898838.56503
3181,-3.75,9.484375,55144166160.99132
3182,0.0,9.01015625,57170341164.7649
3183,0.0,9.484375,54923154936.011024
3184,-3.75,9.95859375,52176149881.02869
3185,-3.75,10.4328125,49440349645.76072
3186,0.0,9.95859375,51959990230.57628
3187,0.0,10.4328125,49082860652.525375
3188,-3.75,10.90703125,46917356130.13809
3189,-3.75,11.38125,43340586627.35064
3190,0.0,10.90703125,46834885828.9891
3191,0.0,11.38125,43004328501.44604
3192,-3.75,11.85546875,41528592861.67125
3193,-3.75,12.3296875,39612812994.029625
3194,0.0,11.85546875,41469181837.137
3195,0.0,12.3296875,39508923688.62526
3196,-3.75,12.80390625,37842407403.95609
3197,-3.75,13.278125,37014756429.088524
3198,0.0,12.80390625,37472161647.04211
3199,0.0,13.278125,36162133065.97428
3200,-3.75,13.75234375,33936174459.500603
3201,-3.75,14.2265625,31851224719.395355
3202,0.0,13.75234375,33535542266.03105
3203,0.0,14.2265625,31383755650.31299
3204,-3.75,14.70078125,30629387364.677982
3205,-3.75,15.175,28445257034.354225
3206,0.0,14.70078125,29940713122.325397
3207,0.0,15.175,28153836729.072563
3208,-26.25,15.64921875,2059183888.1138465
3209,-26.25,16.1234375,2136627218.8975525
3210,-22.5,15.64921875,3837082810.482363
3211,-22.5,16.1234375,3901686185.397696
3212,-26.25,16.59765625,1789229790.9980516
3213,-26.25,17.071875,1809500372.6865373
3214,-22.5,16.59765625,3437358404.8957014
3215,-22.5,17.071875,3369367325.091843
3216,-26.25,17.54609375,1753232587.8411555
3217,-26.25,18.0203125,1980297801.2029037
3218,-22.5,17.54609375,3355746538.840872
3219,-22.5,18.0203125,3555889769.8064446
3220,-26.25,18.49453125,2187216675.858697
3221,-26.25,18.96875,2095437125.0217314
3222,-22.5,18.49453125,3722253633.000568
3223,-22.5,18.96875,3609016523.7469563
3224,-26.25,19.44296875,1946779926.0879974
3225,-26.25,19.9171875,2138891420.2785552
3226,-22.5,19.44296875,3381294852.767498
3227,-22.5,19.9171875,3645263759.021395
3228,-26.25,20.39140625,2107507753.7008882
3229,-26.25,20.865625,1905977639.2040231
3230,-22.5,20.39140625,3540911374.9688826
3231,-22.5,20.865625,3416114170.293482
3232,-26.25,21.33984375,2106566264.5884397
3233,-26.25,21.8140625,2000749887.870048
3234,-22.5,21.33984375,3377540541.740819
3235,-22.5,21.8140625,3275007298.3544197
3236,-26.25,22.28828125,1788078250.82266
3237,-26.25,22.7625,1684825352.9942088
3238,-22.5,22.28828125,3079941614.3707924
3239,-22.5,22.7625,2837776811.808406
3240,-18.75,15.64921875,6209373119.338524
3241,-18.75,16.1234375,6202427042.325594
3242,-15.0,15.64921875,8581663428.194683
3243,-15.0,16.1234375,8503167899.25349
3244,-18.75,16.59765625,5664844946.744937
3245,-18.75,17.071875,5462107144.013993
3246,-15.0,16.59765625,7892331488.594173
3247,-15.0,17.071875,7554846962.936144
3248,-18.75,17.54609375,5499982153.115105
3249,-18.75,18.0203125,5613876129.718843
3250,-15.0,17.54609375,7644217767.3893385
3251,-15.0,18.0203125,7671862489.631242
3252,-18.75,18.49453125,5645765431.778445
3253,-18.75,18.96875,5552946329.792215
3254,-15.0,18.49453125,7569277230.556323
3255,-15.0,18.96875,7496876135.837473
3256,-18.75,19.44296875,5220621337.85071
3257,-18.75,19.9171875,5559994710.095402
3258,-15.0,19.44296875,7059947822.93392
3259,-15.0,19.9171875,7474725661.169408
3260,-18.75,20.39140625,5354468061.872774
3261,-18.75,20.865625,5404220758.214425
3262,-15.0,20.39140625,7168024748.776665
3263,-15.0,20.865625,7392327346.135368
3264,-18.75,21.33984375,4934533802.925942
3265,-18.75,21.8140625,4846029368.606324
3266,-15.0,21.33984375,6491527064.111066
3267,-15.0,21.8140625,6417051438.858229
3268,-18.75,22.28828125,4747138103.534673
3269,-18.75,22.7625,4306084882.894987
3270,-15.0,22.28828125,6414334592.698553
3271,-15.0,22.7625,5774392953.981567
3272,-26.25,23.23671875,1756825684.1506855
3273,-26.25,23.7109375,1897373617.6815283
3274,-22.5,23.23671875,2805934155.699945
3275,-22.5,23.7109375,2893393246.3289084
3276,-26.25,24.18515625000001,1697551068.5361905
3277,-26.25,24.659375,1636329698.4063556
3278,-22.5,24.18515625000001,2762287478.582408
3279,-22.5,24.659375,2598177520.520692
3280,-26.25,25.13359375,1499205237.404246
3281,-26.25,25.6078125,1693382640.7526057
3282,-22.5,25.13359375,2388178980.220451
3283,-22.5,25.6078125,2599122633.7782288
3284,-26.25,26.08203125,1715035081.594575
3285,-26.25,26.55625,1677825857.0899668
3286,-22.5,26.08203125,2574757874.984496
3287,-22.5,26.55625,2553747666.9655066
3288,-26.25,27.03046875,1656691165.1487749
3289,-26.25,27.5046875,1676387245.222348
3290,-22.5,27.03046875,2484194146.358149
3291,-22.5,27.5046875,2494350628.234437
3292,-26.25,27.97890625,1574777616.0550547
3293,-26.25,28.453125,1572263214.3327408
3294,-22.5,27.97890625,2375462192.3872824
3295,-22.5,28.453125,2196248523.900342
3296,-26.25,28.92734375,1639759569.15939
3297,-26.25,29.4015625,1354349467.425013
3298,-22.5,28.92734375,2422572519.4640055
3299,-22.5,29.4015625,1949410891.9503536
3300,-26.25,29.87578125,1286650878.6193266
3301,-26.25,30.35,1416492448.9443693
3302,-22.5,29.87578125,1842541882.237386
3303,-22.5,30.35,2012226185.9568677
3304,-18.75,23.23671875,4095633568.407504
3305,-18.75,23.7109375,4112467182.956863
3306,-15.0,23.23671875,5385332981.115064
3307,-15.0,23.7109375,5331541119.584816
3308,-18.75,24.18515625000001,4121909133.968643
3309,-18.75,24.659375,3800526053.258019
3310,-15.0,24.18515625000001,5481530789.354878
3311,-15.0,24.659375,5002874585.995347
3312,-18.75,25.13359375,3539020503.031353
3313,-18.75,25.6078125,3761882102.1018
3314,-15.0,25.13359375,4689862025.842256
3315,-15.0,25.6078125,4924641570.425372
3316,-18.75,26.08203125,3618722130.2028966
3317,-18.75,26.55625,3638995099.2105956
3318,-15.0,26.08203125,4662686385.421297
3319,-15.0,26.55625,4724242531.455685
3320,-18.75,27.03046875,3494477847.825742
3321,-18.75,27.5046875,3450371866.8755174
3322,-15.0,27.03046875,4504761549.293336
3323,-15.0,27.5046875,4406393105.516599
3324,-18.75,27.97890625,3374987490.2756996
3325,-18.75,28.453125,2918308049.7890396
3326,-15.0,27.97890625,4374512788.164118
3327,-15.0,28.453125,3640367575.6777368
3328,-18.75,28.92734375,3357539214.976435
3329,-18.75,29.4015625,2632273707.30901
3330,-15.0,28.92734375,4292505910.488865
3331,-15.0,29.4015625,3315136522.6676664
3332,-18.75,29.87578125,2458859357.9947867
3333,-18.75,30.35,2687196801.9602213
3334,-15.0,29.87578125,3075176833.752187
3335,-15.0,30.35,3362167417.9635744
3336,-11.25,15.64921875,15438472904.034393
3337,-11.25,16.1234375,15154949670.392115
3338,-7.5,15.64921875,22295282379.874107
3339,-7.5,16.1234375,21806731441.53074
3340,-11.25,16.59765625,14011222750.140343
3341,-11.25,17.071875,13076157641.604433
3342,-7.5,16.59765625,20130114011.686512
3343,-7.5,17.071875,18597468320.272724
3344,-11.25,17.54609375,13210931301.8968
3345,-11.25,18.0203125,13050588097.197134
3346,-7.5,17.54609375,18777644836.404263
3347,-7.5,18.0203125,18429313704.763027
3348,-11.25,18.49453125,12658167197.447786
3349,-11.25,18.96875,12274351031.26265
3350,-7.5,18.49453125,17747057164.33925
3351,-7.5,18.96875,17051825926.687826
3352,-11.25,19.44296875,11347639599.952852
3353,-11.25,19.9171875,11327843618.123283
3354,-7.5,19.44296875,15635331376.971786
3355,-7.5,19.9171875,15180961575.07716
3356,-11.25,20.39140625,10837029479.186733
3357,-11.25,20.865625,11041451486.257301
3358,-7.5,20.39140625,14506034209.596802
3359,-7.5,20.865625,14690575626.37923
3360,-11.25,21.33984375,9853322078.174934
3361,-11.25,21.8140625,9466978082.545189
3362,-7.5,21.33984375,13215117092.238804
3363,-7.5,21.8140625,12516904726.232147
3364,-11.25,22.28828125,9525914179.648178
3365,-11.25,22.7625,8457817882.323967
3366,-7.5,22.28828125,12637493766.597801
3367,-7.5,22.7625,11141242810.666368
3368,-3.75,15.64921875,26833329219.930702
3369,-3.75,16.1234375,25944792411.457527
3370,0.0,15.64921875,26733850788.42106
3371,0.0,16.1234375,25055411778.96066
3372,-3.75,16.59765625,24153113329.64088
3373,-3.75,17.071875,22305948233.606403
3374,0.0,16.59765625,23984328760.411644
3375,0.0,17.071875,22388766616.270874
3376,-3.75,17.54609375,22367190490.29537
3377,-3.75,18.0203125,21772030240.233727
3378,0.0,17.54609375,22002400382.95376
3379,0.0,18.0203125,21042728631.514034
3380,-3.75,18.49453125,21021993175.82689
3381,-3.75,18.96875,20101870115.961327
3382,0.0,18.49453125,20669021276.506874
3383,0.0,18.96875,19697052892.931473
3384,-3.75,19.44296875,18499014139.90698
3385,-3.75,19.9171875,17741088828.92469
3386,0.0,19.44296875,18514678874.674683
3387,0.0,19.9171875,17715234676.559517
3388,-3.75,20.39140625,16751139801.621563
3389,-3.75,20.865625,16902203630.087082
3390,0.0,20.39140625,16148447116.875711
3391,0.0,20.865625,16238839360.966759
3392,-3.75,21.33984375,15308351116.307194
3393,-3.75,21.8140625,14406574384.048681
3394,0.0,21.33984375,14864463160.384636
3395,0.0,21.8140625,13975730070.124361
3396,-3.75,22.28828125,14377192804.64215
3397,-3.75,22.7625,12825343274.763546
3398,0.0,22.28828125,13373130744.87595
3399,0.0,22.7625,12510794810.370274
3400,-11.25,23.23671875,7855726890.090839
3401,-11.25,23.7109375,7896041269.190426
3402,-7.5,23.23671875,10326120799.066616
3403,-7.5,23.7109375,10460541418.796036
3404,-11.25,24.18515625000001,7659330239.720957
3405,-11.25,24.659375,6960508308.233354
3406,-7.5,24.18515625000001,9837129690.087032
3407,-7.5,24.659375,8918142030.471363
3408,-11.25,25.13359375,6967312471.99726
3409,-11.25,25.6078125,6607732981.648762
3410,-7.5,25.13359375,9244762918.152266
3411,-7.5,25.6078125,8290824392.872152
3412,-11.25,26.08203125,6226413649.328604
3413,-11.25,26.55625,6143740765.292757
3414,-7.5,26.08203125,7790140913.235909
3415,-7.5,26.55625,7563238999.129829
3416,-11.25,27.03046875,5895467214.583786
3417,-11.25,27.5046875,5653707233.853349
3418,-7.5,27.03046875,7286172879.874237
3419,-7.5,27.5046875,6901021362.190102
3420,-11.25,27.97890625,5090068395.434393
3421,-11.25,28.453125,4878329337.979298
3422,-7.5,27.97890625,5805624002.704669
3423,-7.5,28.453125,6116291100.280859
3424,-11.25,28.92734375,5190498900.178368
3425,-11.25,29.4015625,4353639682.76882
3426,-7.5,28.92734375,6088491889.86787
3427,-7.5,29.4015625,5392142842.869974
3428,-11.25,29.87578125,4000344704.007139
3429,-11.25,30.35,4253087871.4641066
3430,-7.5,29.87578125,4925512574.262091
3431,-7.5,30.35,5144008324.964638
3432,-3.75,23.23671875,12006577423.337755
3433,-3.75,23.7109375,12099604726.34526
3434,0.0,23.23671875,12107159478.199612
3435,0.0,23.7109375,11887794349.781717
3436,-3.75,24.18515625000001,11303958260.139486
3437,-3.75,24.659375,10297236649.156641
3438,0.0,24.18515625000001,11348845069.564682
3439,0.0,24.659375,10519253060.736464
3440,-3.75,25.13359375,10624604604.683548
3441,-3.75,25.6078125,9405769494.473988
3442,0.0,25.13359375,10209228771.96739
3443,0.0,25.6078125,9384421976.83271
3444,-3.75,26.08203125,8811133450.3605
3445,-3.75,26.55625,8524710327.481366
3446,0.0,26.08203125,8746656533.919657
3447,0.0,26.55625,8570127844.861832
3448,-3.75,27.03046875,8099967031.475186
3449,-3.75,27.5046875,7780269982.9173355
3450,0.0,27.03046875,7759938155.697134
3451,0.0,27.5046875,7923387588.425536
3452,-3.75,27.97890625,6406162750.34351
3453,-3.75,28.453125,6914878408.047555
3454,0.0,27.97890625,6776667778.719478
3455,0.0,28.453125,6834716806.744522
3456,-3.75,28.92734375,6665508956.425989
3457,-3.75,29.4015625,6155163464.148553
3458,0.0,28.92734375,6600574176.721339
3459,0.0,29.4015625,6367219007.781982
3460,-3.75,29.87578125,5602385134.608343
3461,-3.75,30.35,5733927690.4595785
3462,0.0,29.87578125,5782667075.1371975
3463,0.0,30.35,5721844879.943336
3464,-116.25,30.82421875,0.0
3465,-120.0,30.82421875,0.0
3466,-116.25,31.2984375,0.0
3467,-120.0,31.2984375,0.0
3468,-112.5,30.82421875,0.0
3469,-112.5,31.2984375,0.0
3470,-116.25,31.77265625,0.0
3471,-120.0,31.77265625,0.0
3472,-116.25,32.246875,0.0
3473,-120.0,32.246875,0.0
3474,-112.5,31.77265625,0.0
3475,-112.5,32.246875,0.0
3476,-116.25,32.72109375,0.0
3477,-120.0,32.72109375,0.0
3478,-116.25,33.1953125,0.0
3479,-120.0,33.1953125,0.0
3480,-112.5,32.72109375,0.0
3481,-112.5,33.1953125,0.0
3482,-116.25,33.66953125,0.0
3483,-120.0,33.66953125,0.0
3484,-116.25,34.14375,0.0
3485,-120.0,34.14375,0.0
3486,-112.5,33.66953125,0.0
3487,-112.5,34.14375,0.0
3488,-116.25,34.61796875,0.0
3489,-120.0,34.61796875,0.0
3490,-116.25,35.09218749999999,0.0
3491,-120.0,35.09218749999999,0.0
3492,-112.5,34.61796875,0.0
3493,-112.5,35.09218749999999,0.0
3494,-116.25,35.56640625,0.0
3495,-120.0,35.56640625,0.0
3496,-116.25,36.040625,0.0
3497,-120.0,36.040625,0.0
3498,-112.5,35.56640625,0.0
3499,-112.5,36.040625,0.0
3500,-116.25,36.51484375,0.0
3501,-120.0,36.51484375,0.0
3502,-116.25,36.9890625,0.0
3503,-120.0,36.9890625,0.0
3504,-112.5,36.51484375,0.0
3505,-112.5,36.9890625,0.0
3506,-116.25,37.46328125,0.0
3507,-120.0,37.46328125,0.0
3508,-116.25,37.9375,0.0
3509,-120.0,37.9375,0.0
3510,-112.5,37.46328125,0.0
3511,-112.5,37.9375,0.0
3512,-108.75,30.82421875,0.0
3513,-108.75,31.2984375,0.0
3514,-105.0,30.82421875,0.0
3515,-105.0,31.2984375,0.0
3516,-108.75,31.77265625,0.0
3517,-108.75,32.246875,0.0
3518,-105.0,31.77265625,0.0
3519,-105.0,32.246875,0.0
3520,-108.75,32.72109375,0.0
3521,-108.75,33.1953125,0.0
3522,-105.0,32.72109375,0.0
3523,-105.0,33.1953125,0.0
3524,-108.75,33.66953125,0.0
3525,-108.75,34.14375,0.0
3526,-105.0,33.66953125,0.0
3527,-105.0,34.14375,0.0
3528,-108.75,34.61796875,0.0
3529,-108.75,35.09218749999999,0.0
3530,-105.0,34.61796875,0.0
3531,-105.0,35.09218749999999,0.0
3532,-108.75,35.56640625,0.0
3533,-108.75,36.040625,0.0
3534,-105.0,35.56640625,0.0
3535,-105.0,36.040625,0.0
3536,-108.75,36.51484375,0.0
3537,-108.75,36.9890625,0.0
3538,-105.0,36.51484375,0.0
3539,-105.0,36.9890625,0.0
3540,-108.75,37.46328125,0.0
3541,-108.75,37.9375,0.0
3542,-105.0,37.46328125,0.0
3543,-105.0,37.9375,0.0
3544,-116.25,38.41171875,0.0
3545,-120.0,38.41171875,0.0
3546,-116.25,38.8859375,0.0
3547,-120.0,38.8859375,0.0
3548,-112.5,38.41171875,0.0
3549,-112.5,38.8859375,0.0
3550,-116.25,39.36015625,0.0
3551,-120.0,39.36015625,0.0
3552,-116.25,39.834375,0.0
3553,-120.0,39.834375,0.0
3554,-112.5,39.36015625,0.0
3555,-112.5,39.834375,0.0
3556,-116.25,40.30859375,0.0
3557,-120.0,40.30859375,0.0
3558,-116.25,40.78281250000001,0.0
3559,-120.0,40.78281250000001,0.0
3560,-112.5,40.30859375,0.0
3561,-112.5,40.78281250000001,0.0
3562,-116.25,41.25703125,0.0
3563,-120.0,41.25703125,0.0
3564,-116.25,41.73125,0.0
3565,-120.0,41.73125,0.0
3566,-112.5,41.25703125,0.0
3567,-112.5,41.73125,0.0
3568,-116.25,42.20546875,0.0
3569,-120.0,42.20546875,0.0
3570,-116.25,42.6796875,0.0
3571,-120.0,42.6796875,0.0
3572,-112.5,42.20546875,0.0
3573,-112.5,42.6796875,0.0
3574,-116.25,43.15390625000001,0.0
3575,-120.0,43.15390625000001,0.0
3576,-116.25,43.628125,0.0
3577,-120.0,43.628125,0.0
3578,-112.5,43.15390625000001,0.0
3579,-112.5,43.628125,0.0
3580,-116.25,44.10234375,0.0
3581,-120.0,44.10234375,0.0
3582,-116.25,44.57656250000001,0.0
3583,-120.0,44.57656250000001,0.0
3584,-112.5,44.10234375,0.0
3585,-112.5,44.57656250000001,0.0
3586,-116.25,45.05078125000001,0.0
3587,-120.0,45.05078125000001,0.0
3588,-116.25,45.52500000000001,0.0
3589,-120.0,45.52500000000001,0.0
3590,-112.5,45.05078125000001,0.0
3591,-112.5,45.52500000000001,0.0
3592,-108.75,38.41171875,0.0
3593,-108.75,38.8859375,0.0
3594,-105.0,38.41171875,0.0
3595,-105.0,38.8859375,0.0
3596,-108.75,39.36015625,0.0
3597,-108.75,39.834375,0.0
3598,-105.0,39.36015625,0.0
3599,-105.0,39.834375,0.0
3600,-108.75,40.30859375,0.0
3601,-108.75,40.78281250000001,0.0
3602,-105.0,40.30859375,0.0
3603,-105.0,40.78281250000001,0.0
3604,-108.75,41.25703125,0.0
3605,-108.75,41.73125,0.0
3606,-105.0,41.25703125,0.0
3607,-105.0,41.73125,0.0
3608,-108.75,42.20546875,0.0
3609,-108.75,42.6796875,0.0
3610,-105.0,42.20546875,0.0
3611,-105.0,42.6796875,0.0
3612,-108.75,43.15390625000001,0.0
3613,-108.75,43.628125,0.0
3614,-105.0,43.15390625000001,0.0
3615,-105.0,43.628125,0.0
3616,-108.75,44.10234375,0.0
3617,-108.75,44.57656250000001,0.0
3618,-105.0,44.10234375,0.0
3619,-105.0,44.57656250000001,0.0
3620,-108.75,45.05078125000001,0.0
3621,-108.75,45.52500000000001,0.0
3622,-105.0,45.05078125000001,0.0
3623,-105.0,45.52500000000001,0.0
3624,-101.25,30.82421875,0.0
3625,-101.25,31.2984375,0.0
3626,-97.5,30.82421875,0.0
3627,-97.5,31.2984375,0.0
3628,-101.25,31.77265625,0.0
3629,-101.25,32.246875,0.0
3630,-97.5,31.77265625,0.0
3631,-97.5,32.246875,0.0
3632,-101.25,32.72109375,0.0
3633,-101.25,33.1953125,0.0
3634,-97.5,32.72109375,0.0
3635,-97.5,33.1953125,0.0
3636,-101.25,33.66953125,0.0
3637,-101.25,34.14375,0.0
3638,-97.5,33.66953125,0.0
3639,-97.5,34.14375,0.0
3640,-101.25,34.61796875,0.0
3641,-101.25,35.09218749999999,0.0
3642,-97.5,34.61796875,0.0
3643,-97.5,35.09218749999999,0.0
3644,-101.25,35.56640625,0.0
3645,-101.25,36.040625,0.0
3646,-97.5,35.56640625,0.0
3647,-97.5,36.040625,0.0
3648,-101.25,36.51484375,0.0
3649,-101.25,36.9890625,0.0
3650,-97.5,36.51484375,0.0
3651,-97.5,36.9890625,0.0
3652,-101.25,37.46328125,0.0
3653,-101.25,37.9375,0.0
3654,-97.5,37.46328125,0.0
3655,-97.5,37.9375,0.0
3656,-93.75,30.82421875,0.0
3657,-93.75,31.2984375,0.0
3658,-90.0,30.82421875,0.0
3659,-90.0,31.2984375,0.0
3660,-93.75,31.77265625,0.0
3661,-93.75,32.246875,0.0
3662,-90.0,31.77265625,0.0
3663,-90.0,32.246875,0.0
3664,-93.75,32.72109375,0.0
3665,-93.75,33.1953125,0.0
3666,-90.0,32.72109375,0.0
3667,-90.0,33.1953125,0.0
3668,-93.75,33.66953125,0.0
3669,-93.75,34.14375,0.0
3670,-90.0,33.66953125,0.0
3671,-90.0,34.14375,0.0
3672,-93.75,34.61796875,0.0
3673,-93.75,35.09218749999999,0.0
3674,-90.0,34.61796875,0.0
3675,-90.0,35.09218749999999,0.0
3676,-93.75,35.56640625,0.0
3677,-93.75,36.040625,0.0
3678,-90.0,35.56640625,0.0
3679,-90.0,36.040625,0.0
3680,-93.75,36.51484375,0.0
3681,-93.75,36.9890625,0.0
3682,-90.0,36.51484375,0.0
3683,-90.0,36.9890625,0.0
3684,-93.75,37.46328125,0.0
3685,-93.75,37.9375,0.0
3686,-90.0,37.46328125,0.0
3687,-90.0,37.9375,0.0
3688,-101.25,38.41171875,0.0
3689,-101.25,38.8859375,0.0
3690,-97.5,38.41171875,0.0
3691,-97.5,38.8859375,0.0
3692,-101.25,39.36015625,0.0
3693,-101.25,39.834375,0.0
3694,-97.5,39.36015625,0.0
3695,-97.5,39.834375,0.0
3696,-101.25,40.30859375,0.0
3697,-101.25,40.78281250000001,0.0
3698,-97.5,40.30859375,0.0
3699,-97.5,40.78281250000001,0.0
3700,-101.25,41.25703125,0.0
3701,-101.25,41.73125,0.0
3702,-97.5,41.25703125,0.0
3703,-97.5,41.73125,0.0
3704,-101.25,42.20546875,0.0
3705,-101.25,42.6796875,0.0
3706,-97.5,42.20546875,0.0
3707,-97.5,42.6796875,0.0
3708,-101.25,43.15390625000001,0.0
3709,-101.25,43.628125,0.0
3710,-97.5,43.15390625000001,0.0
3711,-97.5,43.628125,0.0
3712,-101.25,44.10234375,0.0
3713,-101.25,44.57656250000001,0.0
3714,-97.5,44.10234375,0.0
3715,-97.5,44.57656250000001,0.0
3716,-101.25,45.05078125000001,0.0
3717,-101.25,45.52500000000001,0.0
3718,-97.5,45.05078125000001,0.0
3719,-97.5,45.52500000000001,0.0
3720,-93.75,38.41171875,0.0
3721,-93.75,38.8859375,0.0
3722,-90.0,38.41171875,0.0
3723,-90.0,38.8859375,0.0
3724,-93.75,39.36015625,0.0
3725,-93.75,39.834375,0.0
3726,-90.0,39.36015625,0.0
3727,-90.0,39.834375,0.0
3728,-93.75,40.30859375,0.0
3729,-93.75,40.78281250000001,0.0
3730,-90.0,40.30859375,0.0
3731,-90.0,40.78281250000001,0.0
3732,-93.75,41.25703125,0.0
3733,-93.75,41.73125,0.0
3734,-90.0,41.25703125,0.0
3735,-90.0,41.73125,0.0
3736,-93.75,42.20546875,0.0
3737,-93.75,42.6796875,0.0
3738,-90.0,42.20546875,0.0
3739,-90.0,42.6796875,0.0
3740,-93.75,43.15390625000001,0.0
3741,-93.75,43.628125,0.0
3742,-90.0,43.15390625000001,0.0
3743,-90.0,43.628125,0.0
3744,-93.75,44.10234375,0.0
3745,-93.75,44.57656250000001,0.0
3746,-90.0,44.10234375,0.0
3747,-90.0,44.57656250000001,0.0
3748,-93.75,45.05078125000001,0.0
3749,-93.75,45.52500000000001,0.0
3750,-90.0,45.05078125000001,0.0
3751,-90.0,45.52500000000001,0.0
3752,-86.25,30.82421875,0.0
3753,-86.25,31.2984375,0.0
3754,-82.5,30.82421875,0.0
3755,-82.5,31.2984375,0.0
3756,-86.25,31.77265625,0.0
3757,-86.25,32.246875,0.0
3758,-82.5,31.77265625,0.0
3759,-82.5,32.246875,649192.9139399227
3760,-86.25,32.72109375,0.0
3761,-86.25,33.1953125,0.0
3762,-82.5,32.72109375,367759.5058083074
3763,-82.5,33.1953125,238855.21677895627
3764,-86.25,33.66953125,0.0
3765,-86.25,34.14375,0.0
3766,-82.5,33.66953125,246553.7007171553
3767,-82.5,34.14375,714397.7438255523
3768,-86.25,34.61796875,0.0
3769,-86.25,35.09218749999999,0.0
3770,-82.5,34.61796875,277356.42697215814
3771,-82.5,35.09218749999999,401444.37516539416
3772,-86.25,35.56640625,0.0
3773,-86.25,36.040625,0.0
3774,-82.5,35.56640625,0.0
3775,-82.5,36.040625,0.0
3776,-86.25,36.51484375,0.0
3777,-86.25,36.9890625,0.0
3778,-82.5,36.51484375,0.0
3779,-82.5,36.9890625,0.0
3780,-86.25,37.46328125,0.0
3781,-86.25,37.9375,0.0
3782,-82.5,37.46328125,0.0
3783,-82.5,37.9375,0.0
3784,-78.75,30.82421875,0.0
3785,-78.75,31.2984375,0.0
3786,-75.0,30.82421875,0.0
3787,-75.0,31.2984375,0.0
3788,-78.75,31.77265625,0.0
3789,-78.75,32.246875,1622982.2848498067
3790,-75.0,31.77265625,0.0
3791,-75.0,32.246875,2596771.655759691
3792,-78.75,32.72109375,919398.7645207685
3793,-78.75,33.1953125,597138.0419473907
3794,-75.0,32.72109375,1471038.0232332295
3795,-75.0,33.1953125,955420.8671158251
3796,-78.75,33.66953125,616384.2517928882
3797,-78.75,34.14375,1785994.3595638808
3798,-75.0,33.66953125,986214.8028686212
3799,-75.0,34.14375,2857590.975302209
3800,-78.75,34.61796875,693391.0674303954
3801,-78.75,35.09218749999999,1003610.9379134853
3802,-75.0,34.61796875,1109425.7078886325
3803,-75.0,35.09218749999999,1605777.5006615766
3804,-78.75,35.56640625,0.0
3805,-78.75,36.040625,0.0
3806,-75.0,35.56640625,0.0
3807,-75.0,36.040625,0.0
3808,-78.75,36.51484375,0.0
3809,-78.75,36.9890625,0.0
3810,-75.0,36.51484375,0.0
3811,-75.0,36.9890625,0.0
3812,-78.75,37.46328125,0.0
3813,-78.75,37.9375,0.0
3814,-75.0,37.46328125,0.0
3815,-75.0,37.9375,0.0
3816,-86.25,38.41171875,0.0
3817,-86.25,38.8859375,0.0
3818,-82.5,38.41171875,0.0
3819,-82.5,38.8859375,4092291.5112196174
3820,-86.25,39.36015625,0.0
3821,-86.25,39.834375,0.0
3822,-82.5,39.36015625,189449.57456513253
3823,-82.5,39.834375,113009.17919115827
3824,-86.25,40.30859375,0.0
3825,-86.25,40.78281250000001,0.0
3826,-82.5,40.30859375,329169.98550070677
3827,-82.5,40.78281250000001,246896.3719492018
3828,-86.25,41.25703125,0.0
3829,-86.25,41.73125,0.0
3830,-82.5,41.25703125,373493.22964219446
3831,-82.5,41.73125,173121.41004462994
3832,-86.25,42.20546875,0.0
3833,-86.25,42.6796875,0.0
3834,-82.5,42.20546875,422672.75671740645
3835,-82.5,42.6796875,291233.3524012216
3836,-86.25,43.15390625000001,0.0
3837,-86.25,43.628125,0.0
3838,-82.5,43.15390625000001,278116.31746148755
3839,-82.5,43.628125,4993962.747600348
3840,-86.25,44.10234375,0.0
3841,-86.25,44.57656250000001,0.0
3842,-82.5,44.10234375,4271242.861877093
3843,-82.5,44.57656250000001,3352092.336056765
3844,-86.25,45.05078125000001,0.0
3845,-86.25,45.52500000000001,0.0
3846,-82.5,45.05078125000001,1791064.015643056
3847,-82.5,45.52500000000001,1686927.9406605847
3848,-78.75,38.41171875,0.0
3849,-78.75,38.8859375,10230728.778049042
3850,-75.0,38.41171875,0.0
3851,-75.0,38.8859375,16369166.04487847
3852,-78.75,39.36015625,473623.93641283136
3853,-78.75,39.834375,282522.9479778957
3854,-75.0,39.36015625,757798.2982605301
3855,-75.0,39.834375,452036.7167646331
3856,-78.75,40.30859375,822924.9637517668
3857,-78.75,40.78281250000001,617240.9298730046
3858,-75.0,40.30859375,1316679.942002827
3859,-75.0,40.78281250000001,987585.4877968072
3860,-78.75,41.25703125,933733.0741054863
3861,-78.75,41.73125,432803.5251115748
3862,-75.0,41.25703125,1493972.9185687779
3863,-75.0,41.73125,692485.6401785198
3864,-78.75,42.20546875,1056681.8917935162
3865,-78.75,42.6796875,728083.3810030539
3866,-75.0,42.20546875,1690691.0268696258
3867,-75.0,42.6796875,1164933.4096048863
3868,-78.75,43.15390625000001,695290.7936537189
3869,-78.75,43.628125,5161339.5073678605
3870,-75.0,43.15390625000001,1112465.2698459502
3871,-75.0,43.628125,5328716.267135372
3872,-78.75,44.10234375,5786059.876741961
3873,-78.75,44.57656250000001,4503941.523195562
3874,-75.0,44.10234375,7300876.891606827
3875,-75.0,44.57656250000001,5655790.710334359
3876,-78.75,45.05078125000001,949028.2717562331
3877,-78.75,45.52500000000001,843463.9703302924
3878,-75.0,45.05078125000001,106992.52786941029
3879,-75.0,45.52500000000001,0.0
3880,-71.25,30.82421875,5068148.841330386
3881,-71.25,31.2984375,4201440.271577796
3882,-67.5,30.82421875,10136297.682660772
3883,-67.5,31.2984375,8402880.543155592
3884,-71.25,31.77265625,1219712.7296449211
3885,-71.25,32.246875,1942460.2168824188
3886,-67.5,31.77265625,2439425.4592898423
3887,-67.5,32.246875,1288148.7780051471
3888,-71.25,32.72109375,919398.7645207685
3889,-71.25,33.1953125,597138.0419473907
3890,-67.5,32.72109375,367759.5058083074
3891,-67.5,33.1953125,238855.21677895627
3892,-71.25,33.66953125,616384.2517928882
3893,-71.25,34.14375,4057965.3918503635
3894,-67.5,33.66953125,246553.7007171553
3895,-67.5,34.14375,5258339.808398517
3896,-71.25,34.61796875,7067468.186402537
3897,-71.25,35.09218749999999,5514361.58338705
3898,-67.5,34.61796875,13025510.66491644
3899,-67.5,35.09218749999999,9422945.666112524
3900,-71.25,35.56640625,14142490.174357183
3901,-71.25,36.040625,2168255.111639155
3902,-67.5,35.56640625,28284980.348714367
3903,-67.5,36.040625,4336510.22327831
3904,-71.25,36.51484375,14107260.48747801
3905,-71.25,36.9890625,5585086.274167138
3906,-67.5,36.51484375,28214520.97495602
3907,-67.5,36.9890625,11170172.548334276
3908,-71.25,37.46328125,2121484.6866941424
3909,-71.25,37.9375,1978113.5658273492
3910,-67.5,37.46328125,4242969.373388285
3911,-67.5,37.9375,3956227.1316546984
3912,-63.75,30.82421875,17218306.13123965
3913,-63.75,31.2984375,11359827.025934016
3914,-60.0,30.82421875,28328033.79431551
3915,-60.0,31.2984375,11827785.931113694
3916,-63.75,31.77265625,9358283.144292776
3917,-63.75,32.246875,6221870.328104573
3918,-60.0,31.77265625,27675430.740011737
3919,-60.0,32.246875,22331657.856157396
3920,-63.75,32.72109375,861302.6870911014
3921,-63.75,33.1953125,57139.66379188158
3922,-60.0,32.72109375,3445210.7483644057
3923,-60.0,33.1953125,228558.65516752633
3924,-63.75,33.66953125,110132.67423691276
3925,-63.75,34.14375,6727284.800902072
3926,-60.0,33.66953125,440530.69694765104
3927,-60.0,34.14375,8733370.945316432
3928,-63.75,34.61796875,19794953.300290465
3929,-63.75,35.09218749999999,15923611.209493473
3930,-60.0,34.61796875,28187196.249384705
3931,-60.0,35.09218749999999,27608439.67418538
3932,-63.75,35.56640625,34680299.64999554
3933,-63.75,36.040625,7308275.128521439
3934,-60.0,35.56640625,25581277.20512471
3935,-60.0,36.040625,11887059.620972514
3936,-63.75,36.51484375,35180481.647242524
3937,-63.75,36.9890625,14383620.987744002
3938,-60.0,36.51484375,27863842.68914601
3939,-60.0,36.9890625,12853793.7576389
3940,-63.75,37.46328125,5966152.703757004
3941,-63.75,37.9375,5134480.85886464
3942,-60.0,37.46328125,6892733.3214748725
3943,-60.0,37.9375,4713014.908839769
3944,-71.25,38.41171875,1460468.344732143
3945,-71.25,38.8859375,16229008.171120193
3946,-67.5,38.41171875,2920936.689464286
3947,-67.5,38.8859375,16088850.297361918
3948,-71.25,39.36015625,688557.9576157135
3949,-71.25,39.834375,282522.9479778957
3950,-67.5,39.36015625,619317.6169708971
3951,-67.5,39.834375,113009.17919115827
3952,-71.25,40.30859375,822924.9637517668
3953,-71.25,40.78281250000001,617240.9298730046
3954,-67.5,40.30859375,329169.98550070677
3955,-67.5,40.78281250000001,246896.3719492018
3956,-71.25,41.25703125,933733.0741054863
3957,-71.25,41.73125,432803.5251115748
3958,-67.5,41.25703125,373493.22964219446
3959,-67.5,41.73125,173121.41004462994
3960,-71.25,42.20546875,1056681.8917935162
3961,-71.25,42.6796875,728083.3810030539
3962,-67.5,42.20546875,422672.75671740645
3963,-67.5,42.6796875,291233.3524012216
3964,-71.25,43.15390625000001,695290.7936537189
3965,-71.25,43.628125,3330447.666959608
3966,-67.5,43.15390625000001,278116.31746148755
3967,-67.5,43.628125,1332179.066783843
3968,-71.25,44.10234375,4563048.057254268
3969,-71.25,44.57656250000001,3534869.1939589744
3970,-67.5,44.10234375,1825219.2229017068
3971,-67.5,44.57656250000001,1413947.6775835897
3972,-71.25,45.05078125000001,66870.32991838142
3973,-71.25,45.52500000000001,172613.49799395254
3974,-67.5,45.05078125000001,26748.131967352572
3975,-67.5,45.52500000000001,345226.9959879051
3976,-63.75,38.41171875,3945642.917706513
3977,-63.75,38.8859375,14494218.72631778
3978,-60.0,38.41171875,4098824.9129689066
3979,-60.0,38.8859375,9990639.760701923
3980,-63.75,39.36015625,1328588.0895488013
3981,-63.75,39.834375,754748.9109743396
3982,-60.0,39.36015625,3594880.188572147
3983,-60.0,39.834375,3018995.6438973583
3984,-63.75,40.30859375,1308875.1489642356
3985,-63.75,40.78281250000001,4244252.963479404
3986,-60.0,40.30859375,5235500.595856942
3987,-60.0,40.78281250000001,16977011.853917617
3988,-63.75,41.25703125,1008721.9134040017
3989,-63.75,41.73125,744652.3912900973
3990,-60.0,41.25703125,4034887.653616007
3991,-60.0,41.73125,2978609.565160389
3992,-63.75,42.20546875,4314418.442797174
3993,-63.75,42.6796875,3233579.7942738
3994,-60.0,42.20546875,17257673.771188695
3995,-60.0,42.6796875,12934319.1770952
3996,-63.75,43.15390625000001,1297785.9967108585
3997,-63.75,43.628125,2903481.74238746
3998,-60.0,43.15390625000001,5191143.986843434
3999,-60.0,43.628125,11613926.96954984
4000,-63.75,44.10234375,280522.2709200629
4001,-63.75,44.57656250000001,573193.4651821774
4002,-60.0,44.10234375,1122089.0836802516
4003,-60.0,44.57656250000001,2292773.8607287095
4004,-63.75,45.05078125000001,897114.5744190826
4005,-63.75,45.52500000000001,1532435.4719118548
4006,-60.0,45.05078125000001,3588458.2976763304
4007,-60.0,45.52500000000001,4748833.9036957985
4008,-56.25,30.82421875,39437761.45739138
4009,-56.25,31.2984375,12295744.836293373
4010,-52.5,30.82421875,74699918.87565075
4011,-52.5,31.2984375,55436128.09938273
4012,-56.25,31.77265625,45992578.3357307
4013,-56.25,32.246875,38441445.384210214
4014,-52.5,31.77265625,64197208.05552618
4015,-52.5,32.246875,48112481.928889275
4016,-56.25,32.72109375,6029118.8096377095
4017,-56.25,33.1953125,399977.6465431711
4018,-52.5,32.72109375,20778805.255200487
4019,-52.5,33.1953125,27037922.970324256
4020,-56.25,33.66953125,770928.7196583895
4021,-56.25,34.14375,10739457.089730788
4022,-52.5,33.66953125,31141341.92422331
4023,-52.5,34.14375,36376097.187134
4024,-56.25,34.61796875,36579439.198478945
4025,-56.25,35.09218749999999,39293268.13887729
4026,-52.5,34.61796875,67338405.9688879
4027,-52.5,35.09218749999999,56199359.495143004
4028,-56.25,35.56640625,16482254.760253882
4029,-56.25,36.040625,16465844.113423586
4030,-52.5,35.56640625,41003441.56279675
4031,-52.5,36.040625,54197854.134090304
4032,-56.25,36.51484375,20547203.731049493
4033,-56.25,36.9890625,11323966.5275338
4034,-52.5,36.51484375,39267852.731008805
4035,-52.5,36.9890625,28853074.76653193
4036,-56.25,37.46328125,7819313.93919274
4037,-56.25,37.9375,4291548.958814897
4038,-52.5,37.46328125,26366778.769266874
4039,-52.5,37.9375,17393871.241976887
4040,-48.75,30.82421875,122038291.17150189
4041,-48.75,31.2984375,119912723.54142693
4042,-45.0,30.82421875,169376663.46735302
4043,-45.0,31.2984375,184389318.98347113
4044,-48.75,31.77265625,82345578.83735995
4045,-48.75,32.246875,54564142.98188145
4046,-45.0,31.77265625,100493949.61919373
4047,-45.0,32.246875,61015804.03487361
4048,-48.75,32.72109375,41611380.89290801
4049,-48.75,33.1953125,66909131.46030806
4050,-45.0,32.72109375,62443956.53061551
4051,-45.0,33.1953125,106780339.95029186
4052,-48.75,33.66953125,76531762.71971531
4053,-48.75,34.14375,73828014.26103164
4054,-45.0,33.66953125,121922183.51520734
4055,-45.0,34.14375,111279931.33492926
4056,-48.75,34.61796875,109280734.64995421
4057,-48.75,35.09218749999999,75716082.29719563
4058,-45.0,34.61796875,151223063.33102053
4059,-45.0,35.09218749999999,95232805.09924826
4060,-48.75,35.56640625,82334732.98904645
4061,-48.75,36.040625,108506476.91886485
4062,-45.0,35.56640625,123666024.41529618
4063,-45.0,36.040625,162815099.7036394
4064,-48.75,36.51484375,71007145.70999606
4065,-48.75,36.9890625,55911650.740081675
4066,-45.0,36.51484375,102746438.68898329
4067,-45.0,36.9890625,82970226.71363142
4068,-48.75,37.46328125,53724685.70551915
4069,-48.75,37.9375,37258087.641732305
4070,-45.0,37.46328125,81082592.64177142
4071,-45.0,37.9375,57122304.04148773
4072,-56.25,38.41171875,4252006.9082313
4073,-56.25,38.8859375,5487060.795086067
4074,-52.5,38.41171875,17409072.66076762
4075,-52.5,38.8859375,16726428.774063421
4076,-56.25,39.36015625,5861172.287595492
4077,-56.25,39.834375,5283242.376820378
4078,-52.5,39.36015625,16677641.413129946
4079,-52.5,39.834375,13564765.304716099
4080,-56.25,40.30859375,9162126.042749649
4081,-56.25,40.78281250000001,29709770.744355835
4082,-52.5,40.30859375,19974831.35475043
4083,-52.5,40.78281250000001,43331849.386967465
4084,-56.25,41.25703125,7061053.393828012
4085,-56.25,41.73125,5212566.739030681
4086,-52.5,41.25703125,31265056.84504301
4087,-52.5,41.73125,28693802.503634673
4088,-56.25,42.20546875,30200929.099580213
4089,-56.25,42.6796875,22635058.559916597
4090,-52.5,42.20546875,45440072.99159084
4091,-52.5,42.6796875,44750066.29513196
4092,-56.25,43.15390625000001,9084501.97697601
4093,-56.25,43.628125,20324372.19671222
4094,-52.5,43.15390625000001,27016846.52415184
4095,-52.5,43.628125,24972407.09450967
4096,-56.25,44.10234375,1963655.8964404403
4097,-56.25,44.57656250000001,4012354.2562752413
4098,-52.5,44.10234375,14530342.645171762
4099,-52.5,44.57656250000001,12320138.815055232
4100,-56.25,45.05078125000001,6279802.020933578
4101,-56.25,45.52500000000001,7965232.335479743
4102,-52.5,45.05078125000001,18948614.371722285
4103,-52.5,45.52500000000001,42603652.21186062
4104,-48.75,38.41171875,37068080.2919409
4105,-48.75,38.8859375,35837270.22533738
4106,-45.0,38.41171875,56727087.92311418
4107,-45.0,38.8859375,54948111.67661134
4108,-48.75,39.36015625,31769199.051919952
4109,-48.75,39.834375,24854926.330098175
4110,-45.0,39.36015625,46860756.69070996
4111,-45.0,39.834375,36145087.355480246
4112,-48.75,40.30859375,34230576.59930525
4113,-48.75,40.78281250000001,57398587.90566581
4114,-45.0,40.30859375,48486321.84386006
4115,-45.0,40.78281250000001,71465326.42436415
4116,-48.75,41.25703125,66057979.151759505
4117,-48.75,41.73125,62798677.56360551
4118,-45.0,41.25703125,100850901.458476
4119,-45.0,41.73125,96903552.62357636
4120,-48.75,42.20546875,61827161.16541103
4121,-48.75,42.6796875,73072208.2065443
4122,-45.0,42.20546875,78214249.33923122
4123,-45.0,42.6796875,101394350.11795664
4124,-48.75,43.15390625000001,51968684.349849306
4125,-48.75,43.628125,27589236.827624645
4126,-45.0,43.15390625000001,76920522.17554675
4127,-45.0,43.628125,30206066.56073962
4128,-48.75,44.10234375,32959589.36188865
4129,-48.75,44.57656250000001,23922025.45545195
4130,-45.0,44.10234375,51388836.07860553
4131,-45.0,44.57656250000001,35523912.09584868
4132,-48.75,45.05078125000001,36606161.03627672
4133,-48.75,45.52500000000001,92953082.81053998
4134,-45.0,45.05078125000001,54263707.70083116
4135,-45.0,45.52500000000001,143302513.40921932
4136,-41.25,30.82421875,237723313.3039428
4137,-41.25,31.2984375,231306803.58009735
4138,-37.5,30.82421875,306069963.1405325
4139,-37.5,31.2984375,278224288.1767236
4140,-41.25,31.77265625,218556879.45720783
4141,-41.25,32.246875,183369216.74669778
4142,-37.5,31.77265625,336619809.2952219
4143,-37.5,32.246875,305722629.45852196
4144,-41.25,32.72109375,165206716.13665003
4145,-41.25,33.1953125,164738073.15584028
4146,-37.5,32.72109375,267969475.74268448
4147,-37.5,33.1953125,222695806.36138874
4148,-41.25,33.66953125,185094807.88290197
4149,-41.25,34.14375,190500197.3445726
4150,-37.5,33.66953125,248267432.25059658
4151,-37.5,34.14375,269720463.35421586
4152,-41.25,34.61796875,249725523.16404906
4153,-41.25,35.09218749999999,182097307.42906302
4154,-37.5,34.61796875,348227982.9970776
4155,-37.5,35.09218749999999,268961809.7588778
4156,-41.25,35.56640625,215214321.8699258
4157,-41.25,36.040625,217458010.00453514
4158,-37.5,35.56640625,306762619.32455546
4159,-37.5,36.040625,272100920.3054309
4160,-41.25,36.51484375,209541217.42399785
4161,-41.25,36.9890625,160233933.85923472
4162,-37.5,36.51484375,316335996.1590124
4163,-37.5,36.9890625,237497641.00483802
4164,-41.25,37.46328125,199066878.10627583
4165,-41.25,37.9375,184345133.52225792
4166,-37.5,37.46328125,317051163.5707802
4167,-37.5,37.9375,311567963.0030281
4168,-33.75,30.82421875,482271097.57351726
4169,-33.75,31.2984375,422035317.8134078
4170,-30.0,30.82421875,874181201.1992921
4171,-30.0,31.2984375,759633437.5302081
4172,-33.75,31.77265625,488347365.05379856
4173,-33.75,32.246875,488675902.3698764
4174,-30.0,31.77265625,707404172.6535001
4175,-30.0,32.246875,792828895.6802915
4176,-33.75,32.72109375,443145895.44048935
4177,-33.75,33.1953125,353175461.3553828
4178,-30.0,32.72109375,763149635.3218349
4179,-30.0,33.1953125,628698959.9262683
4180,-33.75,33.66953125,390560685.68997025
4181,-33.75,34.14375,403047573.7750289
4182,-30.0,33.66953125,691095197.2727021
4183,-30.0,34.14375,644588373.018181
4184,-33.75,34.61796875,489188197.5263441
4185,-33.75,35.09218749999999,423174375.2731128
4186,-30.0,34.61796875,715063921.4480865
4187,-30.0,35.09218749999999,712083067.1561882
4188,-33.75,35.56640625,440943995.1143427
4189,-33.75,36.040625,385304987.3980262
4190,-30.0,35.56640625,660391527.574445
4191,-30.0,36.040625,615631368.0740205
4192,-33.75,36.51484375,442343991.174851
4193,-33.75,36.9890625,381991965.2537143
4194,-30.0,36.51484375,606778418.7523377
4195,-30.0,36.9890625,660947523.7091367
4196,-33.75,37.46328125,474183349.31667876
4197,-33.75,37.9375,448157248.0478868
4198,-30.0,37.46328125,709611335.6253657
4199,-30.0,37.9375,603479444.2209226
4200,-41.25,38.41171875,173369599.4710969
4201,-41.25,38.8859375,132243587.59409669
4202,-37.5,38.41171875,290012111.0190796
4203,-37.5,38.8859375,209539063.51158205
4204,-41.25,39.36015625,167257184.5950232
4205,-41.25,39.834375,137065528.42572093
4206,-37.5,39.36015625,287653612.4993365
4207,-37.5,39.834375,237985969.49596164
4208,-41.25,40.30859375,157632682.80365658
4209,-41.25,40.78281250000001,132019196.04943748
4210,-37.5,40.30859375,266779043.76345307
4211,-37.5,40.78281250000001,192573065.6745108
4212,-41.25,41.25703125,141455791.11537963
4213,-41.25,41.73125,135892709.12176362
4214,-37.5,41.25703125,182060680.77228326
4215,-37.5,41.73125,174881865.6199509
4216,-41.25,42.20546875,116526231.78271425
4217,-41.25,42.6796875,155785183.72698134
4218,-37.5,42.20546875,154838214.2261973
4219,-37.5,42.6796875,210176017.33600605
4220,-41.25,43.15390625000001,136153256.72566777
4221,-41.25,43.628125,105075681.56298575
4222,-37.5,43.15390625000001,195385991.27578878
4223,-37.5,43.628125,179945296.56523186
4224,-41.25,44.10234375,89151440.15881784
4225,-41.25,44.57656250000001,123932969.54011604
4226,-37.5,44.10234375,126914044.23903015
4227,-37.5,44.57656250000001,212342026.9843834
4228,-41.25,45.05078125000001,125774599.93462566
4229,-41.25,45.52500000000001,213090058.72901866
4230,-37.5,45.05078125000001,197285492.16842017
4231,-37.5,45.52500000000001,282877604.048818
4232,-33.75,38.41171875,431878235.3756053
4233,-33.75,38.8859375,317240876.97089106
4234,-30.0,38.41171875,624191585.3492168
4235,-30.0,38.8859375,485755365.51384735
4236,-33.75,39.36015625,404852765.45716757
4237,-33.75,39.834375,365327814.4810747
4238,-30.0,39.36015625,515657368.52203405
4239,-30.0,39.834375,545512467.2959323
4240,-33.75,40.30859375,378935267.8934067
4241,-33.75,40.78281250000001,282321789.06402725
4242,-30.0,40.30859375,497111218.3636745
4243,-30.0,40.78281250000001,430460219.9824301
4244,-33.75,41.25703125,264183942.96599114
4245,-33.75,41.73125,259488918.02063426
4246,-30.0,41.25703125,429343950.2333076
4247,-30.0,41.73125,435331762.22631
4248,-33.75,42.20546875,236151017.96815073
4249,-33.75,42.6796875,291532418.24945086
4250,-30.0,42.20546875,403465464.3070451
4251,-30.0,42.6796875,426819953.77173585
4252,-33.75,43.15390625000001,272990969.64719135
4253,-33.75,43.628125,261461837.71436316
4254,-30.0,43.15390625000001,387340435.66115713
4255,-30.0,43.628125,356272231.1572647
4256,-33.75,44.10234375,211557602.8183621
4257,-33.75,44.57656250000001,305398108.297164
4258,-30.0,44.10234375,389963070.39593333
4259,-30.0,44.57656250000001,407748237.34697104
4260,-33.75,45.05078125000001,268247563.42749003
4261,-33.75,45.52500000000001,370156153.1926638
4262,-30.0,45.05078125000001,338111992.7371106
4263,-30.0,45.52500000000001,492416709.9846025
4264,-26.25,30.82421875,1266091304.825067
4265,-26.25,31.2984375,1097231557.2470086
4266,-22.5,30.82421875,1842752176.0555542
4267,-22.5,31.2984375,1707731758.4115272
4268,-26.25,31.77265625,926460980.2532016
4269,-26.25,32.246875,1096981888.9907064
4270,-22.5,31.77265625,1479643939.4459043
4271,-22.5,32.246875,1639640118.4662642
4272,-26.25,32.72109375,1083153375.2031806
4273,-26.25,33.1953125,904222458.4971538
4274,-22.5,32.72109375,1666071809.5888002
4275,-22.5,33.1953125,1402634442.8709316
4276,-26.25,33.66953125,991629708.855434
4277,-26.25,34.14375,886129172.261333
4278,-22.5,33.66953125,1483387993.1570425
4279,-22.5,34.14375,1291662199.368056
4280,-26.25,34.61796875,940939645.3698292
4281,-26.25,35.09218749999999,1000991759.0392635
4282,-22.5,34.61796875,1373231949.2687287
4283,-22.5,35.09218749999999,1399810845.4710655
4284,-26.25,35.56640625,879839060.0345474
4285,-26.25,36.040625,845957748.7500148
4286,-22.5,35.56640625,1232456961.521748
4287,-22.5,36.040625,1252190020.424579
4288,-26.25,36.51484375,771212846.3298244
4289,-26.25,36.9890625,939903082.164559
4290,-22.5,36.51484375,1200058657.5106394
4291,-22.5,36.9890625,1254746929.380812
4292,-26.25,37.46328125,945039321.9340525
4293,-26.25,37.9375,758801640.3939583
4294,-22.5,37.46328125,1218617381.5120335
4295,-22.5,37.9375,983997805.0666763
4296,-18.75,30.82421875,2511788431.0883975
4297,-18.75,31.2984375,2454683000.299905
4298,-15.0,30.82421875,3180824686.1212406
4299,-15.0,31.2984375,3201634242.188283
4300,-18.75,31.77265625,2199889974.435107
4301,-18.75,32.246875,2301550966.024393
4302,-15.0,31.77265625,2920136009.42431
4303,-15.0,32.246875,2963461813.5825224
4304,-18.75,32.72109375,2380447591.226557
4305,-18.75,33.1953125,2012490670.146156
4306,-15.0,32.72109375,3094823372.864313
4307,-15.0,33.1953125,2622346897.4213805
4308,-18.75,33.66953125,2070758163.8180895
4309,-18.75,34.14375,1779191340.4065652
4310,-15.0,33.66953125,2658128334.479137
4311,-15.0,34.14375,2266720481.4450736
4312,-18.75,34.61796875,1908732543.1562068
4313,-18.75,35.09218749999999,1853585129.1772304
4314,-15.0,34.61796875,2444233137.043685
4315,-15.0,35.09218749999999,2307359412.883395
4316,-18.75,35.56640625,1651660047.5224977
4317,-18.75,36.040625,1746375237.598428
4318,-15.0,35.56640625,2070863133.5232472
4319,-15.0,36.040625,2240560454.772277
4320,-18.75,36.51484375,1761110160.4931192
4321,-18.75,36.9890625,1587534920.9774802
4322,-15.0,36.51484375,2322161663.475599
4323,-15.0,36.9890625,1920322912.5741484
4324,-18.75,37.46328125,1511270477.7246614
4325,-18.75,37.9375,1244130953.9892352
4326,-15.0,37.46328125,1803923573.9372892
4327,-15.0,37.9375,1504264102.9117937
4328,-26.25,38.41171875,816504935.3228284
4329,-26.25,38.8859375,654269854.0568037
4330,-22.5,38.41171875,1062581535.7858603
4331,-22.5,38.8859375,859360862.1325454
4332,-26.25,39.36015625,626461971.5869006
4333,-26.25,39.834375,725697120.11079
4334,-22.5,39.36015625,856302179.7832999
4335,-22.5,39.834375,946974554.8776866
4336,-26.25,40.30859375,615287168.8339425
4337,-26.25,40.78281250000001,578598650.9008329
4338,-22.5,40.30859375,793708362.7562306
4339,-22.5,40.78281250000001,784720479.1519295
4340,-26.25,41.25703125,594503957.5006242
4341,-26.25,41.73125,611174606.4319857
4342,-22.5,41.25703125,829949747.9827495
4343,-22.5,41.73125,795274699.7003353
4344,-26.25,42.20546875,570779910.6459394
4345,-26.25,42.6796875,562107489.2940209
4346,-22.5,42.20546875,740453372.1445246
4347,-22.5,42.6796875,757426444.0342166
4348,-26.25,43.15390625000001,501689901.67512274
4349,-26.25,43.628125,451082624.6001663
4350,-22.5,43.15390625000001,668185073.6681273
4351,-22.5,43.628125,606636478.2516421
4352,-26.25,44.10234375,568368537.9735045
4353,-26.25,44.57656250000001,510098366.39677805
4354,-22.5,44.10234375,728047592.2796437
4355,-22.5,44.57656250000001,663670962.7086413
4356,-26.25,45.05078125000001,407976422.0467311
4357,-26.25,45.52500000000001,614677266.7765412
4358,-22.5,45.05078125000001,586844329.1657465
4359,-22.5,45.52500000000001,764392664.1865033
4360,-18.75,38.41171875,1335539761.4936023
4361,-18.75,38.8859375,1082740129.9746797
4362,-15.0,38.41171875,1608497987.2013445
4363,-15.0,38.8859375,1306119397.8168142
4364,-18.75,39.36015625,1145660190.5454657
4365,-18.75,39.834375,1188798380.6206026
4366,-15.0,39.36015625,1435018201.3076315
4367,-15.0,39.834375,1430622206.3635187
4368,-18.75,40.30859375,1002252178.4045286
4369,-18.75,40.78281250000001,1019834006.0693728
4370,-15.0,40.30859375,1210795994.052827
4371,-15.0,40.78281250000001,1254947532.9868162
4372,-18.75,41.25703125,1100538430.072279
4373,-18.75,41.73125,983503417.5000213
4374,-15.0,41.25703125,1371127112.161809
4375,-15.0,41.73125,1171732135.2997077
4376,-18.75,42.20546875,911306341.2229551
4377,-18.75,42.6796875,982761108.383368
4378,-15.0,42.20546875,1082159310.3013856
4379,-15.0,42.6796875,1208095772.7325191
4380,-18.75,43.15390625000001,860753098.6506512
4381,-18.75,43.628125,792562062.007405
4382,-15.0,43.15390625000001,1053321123.6331751
4383,-15.0,43.628125,978487645.763168
4384,-18.75,44.10234375,878363439.9500667
4385,-18.75,44.57656250000001,842854792.6515326
4386,-15.0,44.10234375,1028679287.6204896
4387,-15.0,44.57656250000001,1022038622.5944241
4388,-18.75,45.05078125000001,820213975.1894596
4389,-18.75,45.52500000000001,927835481.9054769
4390,-15.0,45.05078125000001,1053583621.2131724
4391,-15.0,45.52500000000001,1091278299.6244507
4392,-11.25,30.82421875,4135975430.550089
4393,-11.25,31.2984375,3911929472.77258
4394,-7.5,30.82421875,5091126174.978935
4395,-7.5,31.2984375,4622224703.356877
4396,-11.25,31.77265625,3803922074.057392
4397,-11.25,32.246875,3534011493.9416404
4398,-7.5,31.77265625,4687708138.690474
4399,-7.5,32.246875,4104561174.3007593
4400,-11.25,32.72109375,3553566124.26539
4401,-11.25,33.1953125,3202929779.444159
4402,-7.5,32.72109375,4012308875.666466
4403,-7.5,33.1953125,3783512661.466937
4404,-11.25,33.66953125,3309858587.7360826
4405,-11.25,34.14375,2827535780.245056
4406,-7.5,33.66953125,3961588840.993028
4407,-7.5,34.14375,3388351079.0450373
4408,-11.25,34.61796875,2941362909.480239
4409,-11.25,35.09218749999999,2957692561.389044
4410,-7.5,34.61796875,3438492681.916794
4411,-7.5,35.09218749999999,3608025709.894692
4412,-11.25,35.56640625,2609531826.4336276
4413,-11.25,36.040625,2716335401.4452605
4414,-7.5,35.56640625,3148200519.3440075
4415,-7.5,36.040625,3192110348.118244
4416,-11.25,36.51484375,2657950062.744426
4417,-11.25,36.9890625,2323518350.4772806
4418,-7.5,36.51484375,2993738462.0132523
4419,-7.5,36.9890625,2726713788.380413
4420,-11.25,37.46328125,2231306681.750437
4421,-11.25,37.9375,2035989747.757781
4422,-7.5,37.46328125,2658689789.5635843
4423,-7.5,37.9375,2567715392.603768
4424,-3.75,30.82421875,5764541337.381471
4425,-3.75,31.2984375,5117898771.830928
4426,0.0,30.82421875,5874485335.73138
4427,0.0,31.2984375,5184330516.084484
4428,-3.75,31.77265625,5229097766.3752
4429,-3.75,32.246875,4570941041.604739
4430,0.0,31.77265625,5085694520.163211
4431,0.0,32.246875,4828981282.798445
4432,-3.75,32.72109375,4335972858.276055
4433,-3.75,33.1953125,4233657709.9047465
4434,0.0,32.72109375,4389479303.30267
4435,0.0,33.1953125,4422927091.17262
4436,-3.75,33.66953125,4429955955.717571
4437,-3.75,34.14375,3819545402.8161016
4438,0.0,33.66953125,4531596793.377306
4439,0.0,34.14375,3991497776.5293303
4440,-3.75,34.61796875,3809695734.8515873
4441,-3.75,35.09218749999999,4037977949.697195
4442,0.0,34.61796875,3929045348.7828584
4443,0.0,35.09218749999999,4027168372.0934086
4444,-3.75,35.56640625,3484105330.4750104
4445,-3.75,36.040625,3470733941.1937337
4446,0.0,35.56640625,3414482378.0472584
4447,0.0,36.040625,3355054827.074234
4448,-3.75,36.51484375,3192858351.138165
4449,-3.75,36.9890625,2989589175.1247416
4450,0.0,36.51484375,3118641219.9752474
4451,0.0,36.9890625,2971824459.55146
4452,-3.75,37.46328125,2941201647.3488812
4453,-3.75,37.9375,2931873032.296862
4454,0.0,37.46328125,2933971005.078476
4455,0.0,37.9375,2960894661.6841702
4456,-11.25,38.41171875,2010614329.9546604
4457,-11.25,38.8859375,1856268623.6485808
4458,-7.5,38.41171875,2412730672.7079763
4459,-7.5,38.8859375,2406417849.4803476
4460,-11.25,39.36015625,1738935853.712945
4461,-11.25,39.834375,1778719226.543651
4462,-7.5,39.36015625,2042853506.118258
4463,-7.5,39.834375,2126816246.7237835
4464,-11.25,40.30859375,1541375522.0000095
4465,-11.25,40.78281250000001,1547692880.3092122
4466,-7.5,40.30859375,1871955049.9471922
4467,-7.5,40.78281250000001,1840438227.6316082
4468,-11.25,41.25703125,1618172418.6401877
4469,-11.25,41.73125,1381420354.0789292
4470,-7.5,41.25703125,1865217725.1185665
4471,-7.5,41.73125,1591108572.858151
4472,-11.25,42.20546875,1375215997.261356
4473,-11.25,42.6796875,1325005285.2343998
4474,-7.5,42.20546875,1668272684.2213264
4475,-7.5,42.6796875,1441914797.7362802
4476,-11.25,43.15390625000001,1202103046.5468042
4477,-11.25,43.628125,1120306913.612643
4478,-7.5,43.15390625000001,1350884969.4604332
4479,-7.5,43.628125,1262126181.4621181
4480,-11.25,44.10234375,1217442055.3314025
4481,-11.25,44.57656250000001,1081557313.5827732
4482,-7.5,44.10234375,1406204823.042315
4483,-7.5,44.57656250000001,1141076004.5711224
4484,-11.25,45.05078125000001,1079631310.6627827
4485,-11.25,45.52500000000001,1104190556.268723
4486,-7.5,45.05078125000001,1105679000.1123927
4487,-7.5,45.52500000000001,1117102812.9129953
4488,-3.75,38.41171875,2676781427.6336374
4489,-3.75,38.8859375,2752737045.150216
4490,0.0,38.41171875,2664701006.903988
4491,0.0,38.8859375,2691396180.4962864
4492,-3.75,39.36015625,2300681209.41152
4493,-3.75,39.834375,2350518784.294153
4494,0.0,39.36015625,2466329014.4806795
4495,0.0,39.834375,2325432356.6449986
4496,-3.75,40.30859375,2111892861.0077345
4497,-3.75,40.78281250000001,2018454421.6102467
4498,0.0,40.30859375,2170547238.2949953
4499,0.0,40.78281250000001,1967012308.9013686
4500,-3.75,41.25703125,2003142756.4432585
4501,-3.75,41.73125,1734881804.2191582
4502,0.0,41.25703125,1922827237.460577
4503,0.0,41.73125,1746825060.7437356
4504,-3.75,42.20546875,1842784256.371013
4505,-3.75,42.6796875,1506785859.5077376
4506,0.0,42.20546875,1780205598.9001317
4507,0.0,42.6796875,1467580019.8183494
4508,-3.75,43.15390625000001,1481955325.9558725
4509,-3.75,43.628125,1378933132.9245794
4510,0.0,43.15390625000001,1577602549.614932
4511,0.0,43.628125,1445715451.6130135
4512,-3.75,44.10234375,1498090997.148972
4513,-3.75,44.57656250000001,1187343317.5140615
4514,0.0,44.10234375,1396223984.0471168
4515,0.0,44.57656250000001,1207107874.36618
4516,-3.75,45.05078125000001,1135759038.736226
4517,-3.75,45.52500000000001,1158923745.4913507
4518,0.0,45.05078125000001,1173903775.7085052
4519,0.0,45.52500000000001,1258562029.9378726
4520,-116.25,45.99921875,0.0
4521,-120.0,45.99921875,0.0
4522,-116.25,46.4734375,0.0
4523,-120.0,46.4734375,0.0
4524,-112.5,45.99921875,0.0
4525,-112.5,46.4734375,0.0
4526,-116.25,46.94765625000001,0.0
4527,-120.0,46.94765625000001,0.0
4528,-116.25,47.42187500000001,0.0
4529,-120.0,47.42187500000001,0.0
4530,-112.5,46.94765625000001,0.0
4531,-112.5,47.42187500000001,0.0
4532,-116.25,47.89609375000001,0.0
4533,-120.0,47.89609375000001,0.0
4534,-116.25,48.37031250000001,0.0
4535,-120.0,48.37031250000001,0.0
4536,-112.5,47.89609375000001,0.0
4537,-112.5,48.37031250000001,0.0
4538,-116.25,48.84453125000001,0.0
4539,-120.0,48.84453125000001,0.0
4540,-116.25,49.31875000000001,0.0
4541,-120.0,49.31875000000001,0.0
4542,-112.5,48.84453125000001,0.0
4543,-112.5,49.31875000000001,0.0
4544,-116.25,49.79296875000001,0.0
4545,-120.0,49.79296875000001,0.0
4546,-116.25,50.26718750000001,0.0
4547,-120.0,50.26718750000001,0.0
4548,-112.5,49.79296875000001,0.0
4549,-112.5,50.26718750000001,0.0
4550,-116.25,50.74140625,0.0
4551,-120.0,50.74140625,0.0
4552,-116.25,51.215625,0.0
4553,-120.0,51.215625,0.0
4554,-112.5,50.74140625,0.0
4555,-112.5,51.215625,0.0
4556,-116.25,51.68984375,0.0
4557,-120.0,51.68984375,0.0
4558,-116.25,52.1640625,0.0
4559,-120.0,52.1640625,0.0
4560,-112.5,51.68984375,0.0
4561,-112.5,52.1640625,0.0
4562,-116.25,52.63828125000001,0.0
4563,-120.0,52.63828125000001,0.0
4564,-116.25,53.1125,0.0
4565,-120.0,53.1125,0.0
4566,-112.5,52.63828125000001,0.0
4567,-112.5,53.1125,0.0
4568,-108.75,45.99921875,0.0
4569,-108.75,46.4734375,0.0
4570,-105.0,45.99921875,0.0
4571,-105.0,46.4734375,0.0
4572,-108.75,46.94765625000001,0.0
4573,-108.75,47.42187500000001,0.0
4574,-105.0,46.94765625000001,0.0
4575,-105.0,47.42187500000001,0.0
4576,-108.75,47.89609375000001,0.0
4577,-108.75,48.37031250000001,0.0
4578,-105.0,47.89609375000001,0.0
4579,-105.0,48.37031250000001,0.0
4580,-108.75,48.84453125000001,0.0
4581,-108.75,49.31875000000001,0.0
4582,-105.0,48.84453125000001,0.0
4583,-105.0,49.31875000000001,0.0
4584,-108.75,49.79296875000001,0.0
4585,-108.75,50.26718750000001,0.0
4586,-105.0,49.79296875000001,0.0
4587,-105.0,50.26718750000001,0.0
4588,-108.75,50.74140625,0.0
4589,-108.75,51.215625,0.0
4590,-105.0,50.74140625,0.0
4591,-105.0,51.215625,0.0
4592,-108.75,51.68984375,0.0
4593,-108.75,52.1640625,0.0
4594,-105.0,51.68984375,0.0
4595,-105.0,52.1640625,0.0
4596,-108.75,52.63828125000001,0.0
4597,-108.75,53.1125,0.0
4598,-105.0,52.63828125000001,0.0
4599,-105.0,53.1125,0.0
4600,-101.25,45.99921875,0.0
4601,-101.25,46.4734375,0.0
4602,-97.5,45.99921875,0.0
4603,-97.5,46.4734375,0.0
4604,-101.25,46.94765625000001,0.0
4605,-101.25,47.42187500000001,0.0
4606,-97.5,46.94765625000001,0.0
4607,-97.5,47.42187500000001,0.0
4608,-101.25,47.89609375000001,0.0
4609,-101.25,48.37031250000001,0.0
4610,-97.5,47.89609375000001,0.0
4611,-97.5,48.37031250000001,0.0
4612,-101.25,48.84453125000001,0.0
4613,-101.25,49.31875000000001,0.0
4614,-97.5,48.84453125000001,0.0
4615,-97.5,49.31875000000001,0.0
4616,-101.25,49.79296875000001,0.0
4617,-101.25,50.26718750000001,0.0
4618,-97.5,49.79296875000001,0.0
4619,-97.5,50.26718750000001,0.0
4620,-101.25,50.74140625,0.0
4621,-101.25,51.215625,0.0
4622,-97.5,50.74140625,0.0
4623,-97.5,51.215625,0.0
4624,-101.25,51.68984375,0.0
4625,-101.25,52.1640625,0.0
4626,-97.5,51.68984375,0.0
4627,-97.5,52.1640625,0.0
4628,-101.25,52.63828125000001,0.0
4629,-101.25,53.1125,0.0
4630,-97.5,52.63828125000001,0.0
4631,-97.5,53.1125,0.0
4632,-93.75,45.99921875,0.0
4633,-93.75,46.4734375,0.0
4634,-90.0,45.99921875,0.0
4635,-90.0,46.4734375,0.0
4636,-93.75,46.94765625000001,0.0
4637,-93.75,47.42187500000001,0.0
4638,-90.0,46.94765625000001,0.0
4639,-90.0,47.42187500000001,0.0
4640,-93.75,47.89609375000001,0.0
4641,-93.75,48.37031250000001,0.0
4642,-90.0,47.89609375000001,0.0
4643,-90.0,48.37031250000001,0.0
4644,-93.75,48.84453125000001,0.0
4645,-93.75,49.31875000000001,0.0
4646,-90.0,48.84453125000001,0.0
4647,-90.0,49.31875000000001,0.0
4648,-93.75,49.79296875000001,0.0
4649,-93.75,50.26718750000001,0.0
4650,-90.0,49.79296875000001,0.0
4651,-90.0,50.26718750000001,0.0
4652,-93.75,50.74140625,0.0
4653,-93.75,51.215625,0.0
4654,-90.0,50.74140625,0.0
4655,-90.0,51.215625,0.0
4656,-93.75,51.68984375,0.0
4657,-93.75,52.1640625,0.0
4658,-90.0,51.68984375,0.0
4659,-90.0,52.1640625,0.0
4660,-93.75,52.63828125000001,0.0
4661,-93.75,53.1125,0.0
4662,-90.0,52.63828125000001,0.0
4663,-90.0,53.1125,0.0
4664,-86.25,45.99921875,0.0
4665,-86.25,46.4734375,0.0
4666,-82.5,45.99921875,2024523.771679744
4667,-82.5,46.4734375,519751.7487626452
4668,-86.25,46.94765625000001,0.0
4669,-86.25,47.42187500000001,0.0
4670,-82.5,46.94765625000001,1688684.5680404333
4671,-82.5,47.42187500000001,687339.789926405
4672,-86.25,47.89609375000001,0.0
4673,-86.25,48.37031250000001,0.0
4674,-82.5,47.89609375000001,434371.8582398837
4675,-82.5,48.37031250000001,17375307.63101492
4676,-86.25,48.84453125000001,0.0
4677,-86.25,49.31875000000001,0.0
4678,-82.5,48.84453125000001,3012739.4725655224
4679,-82.5,49.31875000000001,18309666.130756054
4680,-86.25,49.79296875000001,0.0
4681,-86.25,50.26718750000001,0.0
4682,-82.5,49.79296875000001,4240847.05817047
4683,-82.5,50.26718750000001,2269524.7905605636
4684,-86.25,50.74140625,0.0
4685,-86.25,51.215625,0.0
4686,-82.5,50.74140625,6177509.962781089
4687,-82.5,51.215625,0.0
4688,-86.25,51.68984375,0.0
4689,-86.25,52.1640625,0.0
4690,-82.5,51.68984375,0.0
4691,-82.5,52.1640625,0.0
4692,-86.25,52.63828125000001,0.0
4693,-86.25,53.1125,0.0
4694,-82.5,52.63828125000001,0.0
4695,-82.5,53.1125,0.0
4696,-78.75,45.99921875,1012261.885839872
4697,-78.75,46.4734375,259875.8743813226
4698,-75.0,45.99921875,0.0
4699,-75.0,46.4734375,0.0
4700,-78.75,46.94765625000001,844342.2840202167
4701,-78.75,47.42187500000001,343669.8949632025
4702,-75.0,46.94765625000001,0.0
4703,-75.0,47.42187500000001,0.0
4704,-78.75,47.89609375000001,217185.92911994184
4705,-78.75,48.37031250000001,8687653.81550746
4706,-75.0,47.89609375000001,0.0
4707,-75.0,48.37031250000001,0.0
4708,-78.75,48.84453125000001,1506369.7362827612
4709,-78.75,49.31875000000001,9154833.065378027
4710,-75.0,48.84453125000001,0.0
4711,-75.0,49.31875000000001,0.0
4712,-78.75,49.79296875000001,2120423.529085235
4713,-78.75,50.26718750000001,1134762.3952802818
4714,-75.0,49.79296875000001,0.0
4715,-75.0,50.26718750000001,0.0
4716,-78.75,50.74140625,3088754.9813905447
4717,-78.75,51.215625,0.0
4718,-75.0,50.74140625,0.0
4719,-75.0,51.215625,0.0
4720,-78.75,51.68984375,0.0
4721,-78.75,52.1640625,0.0
4722,-75.0,51.68984375,0.0
4723,-75.0,52.1640625,0.0
4724,-78.75,52.63828125000001,0.0
4725,-78.75,53.1125,0.0
4726,-75.0,52.63828125000001,0.0
4727,-75.0,53.1125,0.0
4728,-71.25,45.99921875,2991459.091897015
4729,-71.25,46.4734375,2512822.3228022153
4730,-67.5,45.99921875,5982918.18379403
4731,-67.5,46.4734375,5025644.645604431
4732,-71.25,46.94765625000001,3829639.4253642233
4733,-71.25,47.42187500000001,2018300.781087382
4734,-67.5,46.94765625000001,7659278.850728447
4735,-67.5,47.42187500000001,4036601.562174764
4736,-71.25,47.89609375000001,4064655.3985872995
4737,-71.25,48.37031250000001,3848706.5107741584
4738,-67.5,47.89609375000001,8129310.797174599
4739,-67.5,48.37031250000001,7697413.021548317
4740,-71.25,48.84453125000001,2502778.612418957
4741,-71.25,49.31875000000001,3251275.9922093
4742,-67.5,48.84453125000001,5005557.224837914
4743,-67.5,49.31875000000001,6502551.9844186
4744,-71.25,49.79296875000001,574428.8087836262
4745,-71.25,50.26718750000001,507393.35589159105
4746,-67.5,49.79296875000001,1148857.6175672524
4747,-67.5,50.26718750000001,1014786.7117831821
4748,-71.25,50.74140625,297866.7198742081
4749,-71.25,51.215625,144631.4181520202
4750,-67.5,50.74140625,595733.4397484162
4751,-67.5,51.215625,289262.8363040404
4752,-71.25,51.68984375,503714.22689635324
4753,-71.25,52.1640625,334241.1146426782
4754,-67.5,51.68984375,1007428.4537927065
4755,-67.5,52.1640625,668482.2292853564
4756,-71.25,52.63828125000001,445487.00084495696
4757,-71.25,53.1125,292252.41724089195
4758,-67.5,52.63828125000001,890974.0016899139
4759,-67.5,53.1125,584504.8344817839
4760,-63.75,45.99921875,7636081.739168007
4761,-63.75,46.4734375,6657313.618566548
4762,-60.0,45.99921875,6612654.221495906
4763,-60.0,46.4734375,6526675.891848471
4764,-63.75,46.94765625000001,9616064.97153097
4765,-63.75,47.42187500000001,6045687.893577836
4766,-60.0,46.94765625000001,7827144.483210092
4767,-60.0,47.42187500000001,8036345.32561229
4768,-63.75,47.89609375000001,10096822.987871999
4769,-63.75,48.37031250000001,11772828.462542064
4770,-60.0,47.89609375000001,7870048.762789592
4771,-60.0,48.37031250000001,16301661.763974996
4772,-63.75,48.84453125000001,6968021.94746456
4773,-63.75,49.31875000000001,8293778.663020379
4774,-60.0,48.84453125000001,7849858.890506579
4775,-60.0,49.31875000000001,7164906.71440712
4776,-63.75,49.79296875000001,2042294.1769948858
4777,-63.75,50.26718750000001,1603802.1160919922
4778,-60.0,49.79296875000001,3573746.2377105337
4779,-60.0,50.26718750000001,2356061.61723524
4780,-63.75,50.74140625,891915.3440540085
4781,-63.75,51.215625,1088747.3385219993
4782,-60.0,50.74140625,1184727.6172223687
4783,-60.0,51.215625,3197938.008871835
4784,-63.75,51.68984375,2528425.7588422652
4785,-63.75,52.1640625,1748380.953267551
4786,-60.0,51.68984375,6083989.220198235
4787,-60.0,52.1640625,4319594.895928779
4788,-63.75,52.63828125000001,2442507.751116152
4789,-63.75,53.1125,1253945.2911134895
4790,-60.0,52.63828125000001,6206134.997704951
4791,-60.0,53.1125,2677761.8265268225
4792,-56.25,45.99921875,5589226.703823805
4793,-56.25,46.4734375,6396038.165130394
4794,-52.5,45.99921875,28342133.7304039
4795,-52.5,46.4734375,11808989.64988463
4796,-56.25,46.94765625000001,6038223.994889214
4797,-56.25,47.42187500000001,10027002.757646743
4798,-52.5,46.94765625000001,10251497.232570887
4799,-52.5,47.42187500000001,14891913.86206436
4800,-56.25,47.89609375000001,5643274.537707186
4801,-56.25,48.37031250000001,20830495.065407924
4802,-52.5,47.89609375000001,9617121.746777091
4803,-52.5,48.37031250000001,20912559.025297396
4804,-56.25,48.84453125000001,8731695.8335486
4805,-56.25,49.31875000000001,6036034.76579386
4806,-52.5,48.84453125000001,13065109.95503674
4807,-52.5,49.31875000000001,12190308.451957257
4808,-56.25,49.79296875000001,5105198.298426181
4809,-56.25,50.26718750000001,3108321.118378488
4810,-52.5,49.79296875000001,10782342.84554695
4811,-52.5,50.26718750000001,5343315.792469131
4812,-56.25,50.74140625,1477539.8903907293
4813,-56.25,51.215625,5307128.679221671
4814,-52.5,50.74140625,2809506.854545809
4815,-52.5,51.215625,5135082.605015355
4816,-56.25,51.68984375,9639552.681554204
4817,-56.25,52.1640625,6890808.838590006
4818,-52.5,51.68984375,8557107.897428606
4819,-52.5,52.1640625,9554941.667203665
4820,-56.25,52.63828125000001,9969762.24429375
4821,-56.25,53.1125,4101578.3619401557
4822,-52.5,52.63828125000001,12423820.280763928
4823,-52.5,53.1125,9298228.657500803
4824,-48.75,45.99921875,62983208.0291101
4825,-48.75,46.4734375,19993735.740375023
4826,-45.0,45.99921875,97624282.32781628
4827,-45.0,46.4734375,28178481.830865413
4828,-48.75,46.94765625000001,17465867.333253838
4829,-48.75,47.42187500000001,21193951.802673556
4830,-45.0,46.94765625000001,24680237.433936782
4831,-45.0,47.42187500000001,27495989.743282754
4832,-48.75,47.89609375000001,16691279.672923148
4833,-48.75,48.37031250000001,18771238.314415142
4834,-45.0,47.89609375000001,23765437.599069208
4835,-45.0,48.37031250000001,16629917.60353288
4836,-48.75,48.84453125000001,19124312.66574794
4837,-48.75,49.31875000000001,21986154.95550899
4838,-45.0,48.84453125000001,25183515.37645914
4839,-45.0,49.31875000000001,31782001.459060714
4840,-48.75,49.79296875000001,18532333.635870285
4841,-48.75,50.26718750000001,8319678.053033471
4842,-45.0,49.79296875000001,26282324.426193614
4843,-45.0,50.26718750000001,11296040.31359781
4844,-48.75,50.74140625,4661051.16419425
4845,-48.75,51.215625,3822418.1585309654
4846,-45.0,50.74140625,6512595.473842689
4847,-45.0,51.215625,2509753.712046575
4848,-48.75,51.68984375,5155658.990562224
4849,-48.75,52.1640625,12265533.938793533
4850,-45.0,51.68984375,1754210.083695842
4851,-45.0,52.1640625,14976126.210383404
4852,-48.75,52.63828125000001,14223093.712174792
4853,-48.75,53.1125,16381295.83313511
4854,-45.0,52.63828125000001,16022367.143585658
4855,-45.0,53.1125,23464363.00876942
4856,-41.25,45.99921875,153435592.0961441
4857,-41.25,46.4734375,98211690.3849273
4858,-37.5,45.99921875,209246901.864472
4859,-37.5,46.4734375,168244898.9389892
4860,-41.25,46.94765625000001,55651611.5177671
4861,-41.25,47.42187500000001,71131776.05832335
4862,-37.5,46.94765625000001,86622985.60159743
4863,-37.5,47.42187500000001,114767562.37336397
4864,-41.25,47.89609375000001,80488173.5054695
4865,-41.25,48.37031250000001,38961102.717014715
4866,-37.5,47.89609375000001,137210909.41186982
4867,-37.5,48.37031250000001,61292287.83049654
4868,-41.25,48.84453125000001,68915329.63298887
4869,-41.25,49.31875000000001,41745069.564676784
4870,-37.5,48.84453125000001,112647143.8895186
4871,-37.5,49.31875000000001,51708137.67029286
4872,-41.25,49.79296875000001,70133111.84571569
4873,-41.25,50.26718750000001,57100448.87539905
4874,-37.5,49.79296875000001,113983899.26523778
4875,-37.5,50.26718750000001,102904857.43720028
4876,-41.25,50.74140625,72955504.58587006
4877,-41.25,51.215625,44672442.51476394
4878,-37.5,50.74140625,139398413.69789743
4879,-37.5,51.215625,86835131.31748131
4880,-41.25,51.68984375,43295852.61184219
4881,-41.25,52.1640625,47128980.360378295
4882,-37.5,51.68984375,84837495.13998854
4883,-37.5,52.1640625,79281834.5103732
4884,-41.25,52.63828125000001,36074354.470787644
4885,-41.25,53.1125,47941238.084680416
4886,-37.5,52.63828125000001,56126341.79798963
4887,-37.5,53.1125,72418113.16059142
4888,-33.75,45.99921875,268874262.4737287
4889,-33.75,46.4734375,237990198.16208023
4890,-30.0,45.99921875,336133724.76484317
4891,-30.0,46.4734375,307159678.7232295
4892,-33.75,46.94765625000001,149587056.3722672
4893,-33.75,47.42187500000001,172409034.63924986
4894,-30.0,46.94765625000001,276536520.51661587
4895,-30.0,47.42187500000001,258061878.80682623
4896,-33.75,47.89609375000001,202108808.49083263
4897,-33.75,48.37031250000001,112994206.24441046
4898,-30.0,47.89609375000001,283357033.9149205
4899,-30.0,48.37031250000001,223437591.25918853
4900,-33.75,48.84453125000001,176851192.78788906
4901,-33.75,49.31875000000001,112759708.68617389
4902,-30.0,48.84453125000001,281999710.96994096
4903,-30.0,49.31875000000001,275988285.5225848
4904,-33.75,49.79296875000001,184819562.03267774
4905,-33.75,50.26718750000001,165672146.41906518
4906,-30.0,49.79296875000001,309624975.4959535
4907,-30.0,50.26718750000001,262365196.24105743
4908,-33.75,50.74140625,191031401.5120792
4909,-33.75,51.215625,124848490.88113232
4910,-30.0,50.74140625,213044546.73056978
4911,-30.0,51.215625,154563191.96665064
4912,-33.75,51.68984375,124728919.15196174
4913,-33.75,52.1640625,109442687.09536214
4914,-30.0,51.68984375,161319906.13158867
4915,-30.0,52.1640625,135619536.5503392
4916,-33.75,52.63828125000001,84900523.50118592
4917,-33.75,53.1125,102820177.67869385
4918,-30.0,52.63828125000001,131119093.9563708
4919,-30.0,53.1125,145072621.0811791
4920,-26.25,45.99921875,403393187.0559577
4921,-26.25,46.4734375,376329159.2843788
4922,-22.5,45.99921875,512716680.5868286
4923,-22.5,46.4734375,504066220.1484931
4924,-26.25,46.94765625000001,403485984.6609645
4925,-26.25,47.42187500000001,343714722.9744026
4926,-22.5,46.94765625000001,513867099.8498168
4927,-22.5,47.42187500000001,457876279.86553675
4928,-26.25,47.89609375000001,364605259.3390084
4929,-26.25,48.37031250000001,333880976.27396655
4930,-22.5,47.89609375000001,466014206.422854
4931,-22.5,48.37031250000001,418511757.3961569
4932,-26.25,48.84453125000001,387148229.1519929
4933,-26.25,49.31875000000001,439216862.3589957
4934,-22.5,48.84453125000001,493427543.1652662
4935,-22.5,49.31875000000001,525595380.6102688
4936,-26.25,49.79296875000001,434430388.95922923
4937,-26.25,50.26718750000001,359058246.0630496
4938,-22.5,49.79296875000001,507200976.5792217
4939,-22.5,50.26718750000001,455037762.3503318
4940,-26.25,50.74140625,235057691.94906032
4941,-26.25,51.215625,184277893.05216897
4942,-22.5,50.74140625,302632453.26246834
4943,-22.5,51.215625,275942329.9996642
4944,-26.25,51.68984375,197910893.1112156
4945,-26.25,52.1640625,161796386.00531626
4946,-22.5,51.68984375,267950292.11959475
4947,-22.5,52.1640625,230542305.3135116
4948,-26.25,52.63828125000001,177337664.41155565
4949,-26.25,53.1125,187325064.4836644
4950,-22.5,52.63828125000001,220678912.399465
4951,-22.5,53.1125,245069151.2758795
4952,-18.75,45.99921875,643072189.7375777
4953,-18.75,46.4734375,661087071.1640898
4954,-15.0,45.99921875,773427698.8883269
4955,-15.0,46.4734375,818107922.1796865
4956,-18.75,46.94765625000001,615964040.5609211
4957,-18.75,47.42187500000001,586292193.1184499
4958,-15.0,46.94765625000001,718060981.2720252
4959,-15.0,47.42187500000001,714708106.3713629
4960,-18.75,47.89609375000001,577503514.3365785
4961,-18.75,48.37031250000001,490236236.5720532
4962,-15.0,47.89609375000001,688992822.2503029
4963,-15.0,48.37031250000001,561960715.7479496
4964,-18.75,48.84453125000001,600272255.0941503
4965,-18.75,49.31875000000001,573548869.568973
4966,-15.0,48.84453125000001,707116967.0230346
4967,-15.0,49.31875000000001,621502358.5276769
4968,-18.75,49.79296875000001,553954151.2775728
4969,-18.75,50.26718750000001,550660511.8702588
4970,-15.0,49.79296875000001,600707325.9759237
4971,-15.0,50.26718750000001,646283261.390186
4972,-18.75,50.74140625,392988022.6233351
4973,-18.75,51.215625,398581634.87814784
4974,-15.0,50.74140625,483343591.9842019
4975,-15.0,51.215625,521220939.7566316
4976,-18.75,51.68984375,354713897.14235
4977,-18.75,52.1640625,320572759.5483162
4978,-15.0,51.68984375,441477502.16510534
4979,-15.0,52.1640625,410603213.7831207
4980,-18.75,52.63828125000001,262581499.15373653
4981,-18.75,53.1125,310559059.76295954
4982,-15.0,52.63828125000001,304484085.90800804
4983,-15.0,53.1125,376048968.2500396
4984,-11.25,45.99921875,878036823.0401683
4985,-11.25,46.4734375,848014952.1987814
4986,-7.5,45.99921875,982645947.1920097
4987,-7.5,46.4734375,877921982.2178762
4988,-11.25,46.94765625000001,758351250.5135168
4989,-11.25,47.42187500000001,772777230.6555452
4990,-7.5,46.94765625000001,798641519.7550083
4991,-7.5,47.42187500000001,830846354.9397275
4992,-11.25,47.89609375000001,767452986.3676797
4993,-11.25,48.37031250000001,735794084.126004
4994,-7.5,47.89609375000001,845913150.4850564
4995,-7.5,48.37031250000001,909627452.5040582
4996,-11.25,48.84453125000001,731953832.8299404
4997,-11.25,49.31875000000001,583271287.7664926
4998,-7.5,48.84453125000001,756790698.6368463
4999,-7.5,49.31875000000001,545040217.0053084
5000,-11.25,49.79296875000001,563068004.4357759
5001,-11.25,50.26718750000001,623506705.6109853
5002,-7.5,49.79296875000001,525428682.8956279
5003,-7.5,50.26718750000001,600730149.8317846
5004,-11.25,50.74140625,509390329.8168358
5005,-11.25,51.215625,559078345.2049757
5006,-7.5,50.74140625,535437067.6494697
5007,-7.5,51.215625,596935750.65332
5008,-11.25,51.68984375,481915438.08904856
5009,-11.25,52.1640625,475648565.8399476
5010,-7.5,51.68984375,522353374.01299185
5011,-7.5,52.1640625,540693917.8967745
5012,-11.25,52.63828125000001,470966542.25727856
5013,-11.25,53.1125,431582318.9356284
5014,-7.5,52.63828125000001,637448998.606549
5015,-7.5,53.1125,487115669.6212172
5016,-3.75,45.99921875,1077833768.3213627
5017,-3.75,46.4734375,940565393.2182332
5018,0.0,45.99921875,1154178983.4057395
5019,0.0,46.4734375,1068681566.1811147
5020,-3.75,46.94765625000001,848217614.2995733
5021,-3.75,47.42187500000001,887983562.1784439
5022,0.0,46.94765625000001,916365359.450285
5023,0.0,47.42187500000001,943256935.3262283
5024,-3.75,47.89609375000001,898535476.1130707
5025,-3.75,48.37031250000001,1028922072.0112984
5026,0.0,47.89609375000001,899482124.7623601
5027,0.0,48.37031250000001,1039139193.7769103
5028,-3.75,48.84453125000001,776463629.8969045
5029,-3.75,49.31875000000001,545177696.7477962
5030,0.0,48.84453125000001,785808692.0632671
5031,0.0,49.31875000000001,622052277.4976283
5032,-3.75,49.79296875000001,544020209.7589847
5033,-3.75,50.26718750000001,601872349.2423528
5034,0.0,49.79296875000001,675073433.429351
5035,0.0,50.26718750000001,650852059.0324594
5036,-3.75,50.74140625,556542108.0151032
5037,-3.75,51.215625,617290542.7751409
5038,0.0,50.74140625,567763753.4467356
5039,0.0,51.215625,602640108.2439156
5040,-3.75,51.68984375,554131070.2987362
5041,-3.75,52.1640625,573768048.7030404
5042,0.0,51.68984375,568588287.3080828
5043,0.0,52.1640625,542899737.008184
5044,-3.75,52.63828125000001,729788522.8311714
5045,-3.75,53.1125,541902945.526084
5046,0.0,52.63828125000001,673842182.8064976
5047,0.0,53.1125,595198071.8695065
5048,-116.25,53.58671875,0.0
5049,-120.0,53.58671875,0.0
5050,-116.25,54.06093750000001,0.0
5051,-120.0,54.06093750000001,0.0
5052,-112.5,53.58671875,0.0
5053,-112.5,54.06093750000001,0.0
5054,-116.25,54.53515625000001,0.0
5055,-120.0,54.53515625000001,0.0
5056,-116.25,55.00937500000001,0.0
5057,-120.0,55.00937500000001,0.0
5058,-112.5,54.53515625000001,0.0
5059,-112.5,55.00937500000001,0.0
5060,-116.25,55.48359375,0.0
5061,-120.0,55.48359375,0.0
5062,-116.25,55.9578125,0.0
5063,-120.0,55.9578125,0.0
5064,-112.5,55.48359375,0.0
5065,-112.5,55.9578125,0.0
5066,-116.25,56.43203125,0.0
5067,-120.0,56.43203125,0.0
5068,-116.25,56.90625,0.0
5069,-120.0,56.90625,0.0
5070,-112.5,56.43203125,0.0
5071,-112.5,56.90625,0.0
5072,-108.75,53.58671875,0.0
5073,-108.75,54.06093750000001,0.0
5074,-105.0,53.58671875,0.0
5075,-105.0,54.06093750000001,0.0
5076,-108.75,54.53515625000001,0.0
5077,-108.75,55.00937500000001,0.0
5078,-105.0,54.53515625000001,0.0
5079,-105.0,55.00937500000001,0.0
5080,-108.75,55.48359375,0.0
5081,-108.75,55.9578125,0.0
5082,-105.0,55.48359375,0.0
5083,-105.0,55.9578125,0.0
5084,-108.75,56.43203125,0.0
5085,-108.75,56.90625,0.0
5086,-105.0,56.43203125,0.0
5087,-105.0,56.90625,0.0
5088,-101.25,53.58671875,0.0
5089,-101.25,54.06093750000001,0.0
5090,-97.5,53.58671875,0.0
5091,-97.5,54.06093750000001,0.0
5092,-101.25,54.53515625000001,0.0
5093,-101.25,55.00937500000001,0.0
5094,-97.5,54.53515625000001,0.0
5095,-97.5,55.00937500000001,0.0
5096,-101.25,55.48359375,0.0
5097,-101.25,55.9578125,0.0
5098,-97.5,55.48359375,0.0
5099,-97.5,55.9578125,0.0
5100,-101.25,56.43203125,0.0
5101,-101.25,56.90625,0.0
5102,-97.5,56.43203125,0.0
5103,-97.5,56.90625,0.0
5104,-93.75,53.58671875,0.0
5105,-93.75,54.06093750000001,0.0
5106,-90.0,53.58671875,0.0
5107,-90.0,54.06093750000001,0.0
5108,-93.75,54.53515625000001,0.0
5109,-93.75,55.00937500000001,0.0
5110,-90.0,54.53515625000001,0.0
5111,-90.0,55.00937500000001,0.0
5112,-93.75,55.48359375,0.0
5113,-93.75,55.9578125,0.0
5114,-90.0,55.48359375,0.0
5115,-90.0,55.9578125,0.0
5116,-93.75,56.43203125,0.0
5117,-93.75,56.90625,0.0
5118,-90.0,56.43203125,0.0
5119,-90.0,56.90625,0.0
5120,-86.25,53.58671875,0.0
5121,-86.25,54.06093750000001,0.0
5122,-82.5,53.58671875,0.0
5123,-82.5,54.06093750000001,0.0
5124,-86.25,54.53515625000001,0.0
5125,-86.25,55.00937500000001,0.0
5126,-82.5,54.53515625000001,0.0
5127,-82.5,55.00937500000001,0.0
5128,-86.25,55.48359375,0.0
5129,-86.25,55.9578125,0.0
5130,-82.5,55.48359375,0.0
5131,-82.5,55.9578125,0.0
5132,-86.25,56.43203125,0.0
5133,-86.25,56.90625,0.0
5134,-82.5,56.43203125,0.0
5135,-82.5,56.90625,0.0
5136,-78.75,53.58671875,0.0
5137,-78.75,54.06093750000001,0.0
5138,-75.0,53.58671875,0.0
5139,-75.0,54.06093750000001,0.0
5140,-78.75,54.53515625000001,0.0
5141,-78.75,55.00937500000001,0.0
5142,-75.0,54.53515625000001,0.0
5143,-75.0,55.00937500000001,0.0
5144,-78.75,55.48359375,0.0
5145,-78.75,55.9578125,0.0
5146,-75.0,55.48359375,0.0
5147,-75.0,55.9578125,0.0
5148,-78.75,56.43203125,0.0
5149,-78.75,56.90625,0.0
5150,-75.0,56.43203125,0.0
5151,-75.0,56.90625,0.0
5152,-71.25,53.58671875,640164.898765295
5153,-71.25,54.06093750000001,317709.37284428655
5154,-67.5,53.58671875,1280329.79753059
5155,-67.5,54.06093750000001,635418.7456885731
5156,-71.25,54.53515625000001,130891.50965858312
5157,-71.25,55.00937500000001,320890.3046378336
5158,-67.5,54.53515625000001,261783.01931716624
5159,-67.5,55.00937500000001,641780.6092756672
5160,-71.25,55.48359375,339090.5110078516
5161,-71.25,55.9578125,836753.9851788317
5162,-67.5,55.48359375,678181.0220157031
5163,-67.5,55.9578125,1673507.9703576635
5164,-71.25,56.43203125,512603.4243160825
5165,-71.25,56.90625,111526.96867898863
5166,-67.5,56.43203125,1025206.848632165
5167,-67.5,56.90625,223053.93735797727
5168,-63.75,53.58671875,2402567.0160878804
5169,-63.75,54.06093750000001,1949618.234082133
5170,-60.0,53.58671875,4488948.87422916
5171,-60.0,54.06093750000001,5256797.95357424
5172,-63.75,54.53515625000001,650140.57942605
5173,-63.75,55.00937500000001,2905923.712231352
5174,-60.0,54.53515625000001,1553430.240435535
5175,-60.0,55.00937500000001,9056572.41182274
5176,-63.75,55.48359375,936996.9025076975
5177,-63.75,55.9578125,1952425.9654172738
5178,-60.0,55.48359375,1035263.5219679768
5179,-60.0,55.9578125,1115671.9802384423
5180,-63.75,56.43203125,1196074.656737526
5181,-63.75,56.90625,260229.59358430683
5182,-60.0,56.43203125,683471.2324214433
5183,-60.0,56.90625,148702.6249053182
5184,-56.25,53.58671875,6575330.732370441
5185,-56.25,54.06093750000001,8563977.673066348
5186,-52.5,53.58671875,9384567.40878691
5187,-52.5,54.06093750000001,12560180.745950013
5188,-56.25,54.53515625000001,2456719.9014450195
5189,-56.25,55.00937500000001,15207221.111414127
5190,-52.5,54.53515625000001,4947032.366449764
5191,-52.5,55.00937500000001,29611183.43912337
5192,-56.25,55.48359375,1133530.1414282564
5193,-56.25,55.9578125,278917.9950596106
5194,-52.5,55.48359375,6261610.605065764
5195,-52.5,55.9578125,4274345.574036323
5196,-56.25,56.43203125,170867.80810536083
5197,-56.25,56.90625,37175.65622632955
5198,-52.5,56.43203125,1841377.2854962745
5199,-52.5,56.90625,3917057.802784096
5200,-48.75,53.58671875,12555231.494340975
5201,-48.75,54.06093750000001,16900895.495529458
5202,-45.0,53.58671875,15725895.579895036
5203,-45.0,54.06093750000001,21241610.245108902
5204,-48.75,54.53515625000001,8230856.233452138
5205,-48.75,55.00937500000001,48141802.580891535
5206,-45.0,54.53515625000001,11514680.100454513
5207,-45.0,55.00937500000001,66672421.72265971
5208,-48.75,55.48359375,13904597.990791885
5209,-48.75,55.9578125,10685863.935090808
5210,-45.0,55.48359375,21547585.376518007
5211,-45.0,55.9578125,17097382.296145294
5212,-48.75,56.43203125,4603443.213740686
5213,-48.75,56.90625,9792644.50696024
5214,-45.0,56.43203125,7365509.141985098
5215,-45.0,56.90625,15668231.211136384
5216,-41.25,53.58671875,47197676.570040874
5217,-41.25,54.06093750000001,49374807.54788138
5218,-37.5,53.58671875,78669457.56018671
5219,-37.5,54.06093750000001,77508004.85065386
5220,-41.25,54.53515625000001,45583227.7747734
5221,-41.25,55.00937500000001,64035058.27494384
5222,-37.5,54.53515625000001,79651775.44909228
5223,-37.5,55.00937500000001,61397694.82722798
5224,-41.25,55.48359375,46835008.88806529
5225,-41.25,55.9578125,29392218.068563048
5226,-37.5,55.48359375,72122432.39961258
5227,-37.5,55.9578125,41687053.8409808
5228,-41.25,56.43203125,31946580.61479973
5229,-41.25,56.90625,29229412.259466432
5230,-37.5,56.43203125,56527652.08761436
5231,-37.5,56.90625,42790593.30779648
5232,-33.75,53.58671875,113987680.76841454
5233,-33.75,54.06093750000001,109679432.60265818
5234,-30.0,53.58671875,156998788.41280633
5235,-30.0,54.06093750000001,149927321.25312632
5236,-33.75,54.53515625000001,107319844.11588098
5237,-33.75,55.00937500000001,68005388.50977094
5238,-30.0,54.53515625000001,122186954.76760922
5239,-30.0,55.00937500000001,93103196.4528315
5240,-33.75,55.48359375,90617406.01071674
5241,-33.75,55.9578125,60654569.04456316
5242,-30.0,55.48359375,95527479.82093456
5243,-30.0,55.9578125,92967443.11047478
5244,-33.75,56.43203125,83375748.79543872
5245,-33.75,56.90625,68815079.34850475
5246,-30.0,56.43203125,114757895.97328253
5247,-30.0,56.90625,119766175.37396951
5248,-26.25,53.58671875,200009896.05719814
5249,-26.25,54.06093750000001,190175209.90359443
5250,-22.5,53.58671875,243379752.61119086
5251,-22.5,54.06093750000001,232381883.5768814
5252,-26.25,54.53515625000001,137054065.41933745
5253,-26.25,55.00937500000001,118201004.39589208
5254,-22.5,54.53515625000001,208844702.92025602
5255,-22.5,55.00937500000001,181010642.79877353
5256,-26.25,55.48359375,100437553.6311524
5257,-26.25,55.9578125,125280317.17638634
5258,-22.5,55.48359375,162917208.1445154
5259,-22.5,55.9578125,191611602.67208606
5260,-26.25,56.43203125,146140043.15112633
5261,-26.25,56.90625,170717271.3994343
5262,-22.5,56.43203125,183672245.19275793
5263,-22.5,56.90625,211071283.62171304
5264,-18.75,53.58671875,286928983.61998415
5265,-18.75,54.06093750000001,275567949.76157784
5266,-15.0,53.58671875,330478214.62877727
5267,-15.0,54.06093750000001,318754015.94627416
5268,-18.75,54.53515625000001,309097103.8457697
5269,-18.75,55.00937500000001,262676196.43156537
5270,-15.0,54.53515625000001,409349504.7712833
5271,-15.0,55.00937500000001,344341750.0643572
5272,-18.75,55.48359375,254181653.00945094
5273,-18.75,55.9578125,274952093.8826797
5274,-15.0,55.48359375,345446097.8743865
5275,-15.0,55.9578125,358292585.0932734
5276,-18.75,56.43203125,224279474.66628346
5277,-18.75,56.90625,246126753.94239876
5278,-15.0,56.43203125,264886704.13980895
5279,-15.0,56.90625,281182224.2630846
5280,-11.25,53.58671875,394733759.6167055
5281,-11.25,54.06093750000001,344617728.2311812
5282,-7.5,53.58671875,458989304.6046336
5283,-7.5,54.06093750000001,370481440.5160882
5284,-11.25,54.53515625000001,480444111.1724235
5285,-11.25,55.00937500000001,416193185.8382939
5286,-7.5,54.53515625000001,551538717.5735636
5287,-7.5,55.00937500000001,488044621.6122306
5288,-11.25,55.48359375,379858989.1489373
5289,-11.25,55.9578125,344881682.0810424
5290,-7.5,55.48359375,414271880.4234881
5291,-7.5,55.9578125,331470779.06881154
5292,-11.25,56.43203125,289892690.1315386
5293,-11.25,56.90625,306920188.984651
5294,-7.5,56.43203125,314898676.1232683
5295,-7.5,56.90625,332658153.7062176
5296,-3.75,53.58671875,516609468.49797565
5297,-3.75,54.06093750000001,401070491.8687263
5298,0.0,53.58671875,560958870.2021452
5299,0.0,54.06093750000001,441110221.3568268
5300,-3.75,54.53515625000001,578971166.3850349
5301,-3.75,55.00937500000001,524486999.7384474
5302,0.0,54.53515625000001,519079300.01716924
5303,0.0,55.00937500000001,490111262.5692247
5304,-3.75,55.48359375,439001328.5397779
5305,-3.75,55.9578125,360589788.6232166
5306,0.0,55.48359375,444363890.3395455
5307,0.0,55.9578125,474768623.31089383
5308,-3.75,56.43203125,341031188.38788193
5309,-3.75,56.90625,360105323.49705184
5310,0.0,56.43203125,369416753.19826347
5311,0.0,56.90625,390970903.4264211
5312,-116.25,57.38046875,0.0
5313,-120.0,57.38046875,0.0
5314,-116.25,57.8546875,0.0
5315,-120.0,57.8546875,0.0
5316,-112.5,57.38046875,0.0
5317,-112.5,57.8546875,0.0
5318,-116.25,58.32890625,0.0
5319,-120.0,58.32890625,0.0
5320,-116.25,58.803125,0.0
5321,-120.0,58.803125,0.0
5322,-112.5,58.32890625,0.0
5323,-112.5,58.803125,0.0
5324,-108.75,57.38046875,0.0
5325,-108.75,57.8546875,0.0
5326,-105.0,57.38046875,0.0
5327,-105.0,57.8546875,0.0
5328,-108.75,58.32890625,0.0
5329,-108.75,58.803125,0.0
5330,-105.0,58.32890625,0.0
5331,-105.0,58.803125,0.0
5332,-101.25,57.38046875,0.0
5333,-101.25,57.8546875,0.0
5334,-97.5,57.38046875,0.0
5335,-97.5,57.8546875,0.0
5336,-101.25,58.32890625,0.0
5337,-101.25,58.803125,0.0
5338,-97.5,58.32890625,0.0
5339,-97.5,58.803125,0.0
5340,-93.75,57.38046875,0.0
5341,-93.75,57.8546875,0.0
5342,-90.0,57.38046875,0.0
5343,-90.0,57.8546875,0.0
5344,-93.75,58.32890625,0.0
5345,-93.75,58.803125,0.0
5346,-90.0,58.32890625,0.0
5347,-90.0,58.803125,0.0
5348,-86.25,57.38046875,0.0
5349,-86.25,57.8546875,0.0
5350,-82.5,57.38046875,0.0
5351,-82.5,57.8546875,0.0
5352,-86.25,58.32890625,0.0
5353,-86.25,58.803125,0.0
5354,-82.5,58.32890625,0.0
5355,-82.5,58.803125,0.0
5356,-78.75,57.38046875,0.0
5357,-78.75,57.8546875,0.0
5358,-75.0,57.38046875,0.0
5359,-75.0,57.8546875,0.0
5360,-78.75,58.32890625,0.0
5361,-78.75,58.803125,0.0
5362,-75.0,58.32890625,0.0
5363,-75.0,58.803125,0.0
5364,-71.25,57.38046875,677346.5135306119
5365,-71.25,57.8546875,320439.32646398904
5366,-67.5,57.38046875,1354693.0270612238
5367,-67.5,57.8546875,640878.6529279781
5368,-71.25,58.32890625,504746.7150207077
5369,-71.25,58.803125,1100350.9487489776
5370,-67.5,58.32890625,1009493.4300414154
5371,-67.5,58.803125,2200701.8974979552
5372,-63.75,57.38046875,1580475.1982380946
5373,-63.75,57.8546875,747691.7617493079
5374,-60.0,57.38046875,903128.6847074826
5375,-60.0,57.8546875,427252.43528531876
5376,-63.75,58.32890625,1177742.335048318
5377,-63.75,58.803125,2567485.547080948
5378,-60.0,58.32890625,672995.6200276102
5379,-60.0,58.803125,1467134.5983319702
5380,-56.25,57.38046875,225782.17117687064
5381,-56.25,57.8546875,106813.10882132969
5382,-52.5,57.38046875,3707938.715366845
5383,-52.5,57.8546875,12638838.911010878
5384,-56.25,58.32890625,168248.90500690255
5385,-56.25,58.803125,366783.64958299254
5386,-52.5,58.32890625,745144.7257018683
5387,-52.5,58.803125,3165665.1180755864
5388,-48.75,57.38046875,9269846.788417112
5389,-48.75,57.8546875,31597097.277527194
5390,-45.0,57.38046875,14831754.86146738
5391,-45.0,57.8546875,50555355.64404351
5392,-48.75,58.32890625,1862861.8142546709
5393,-48.75,58.803125,7914162.795188965
5394,-45.0,58.32890625,2980578.902807473
5395,-45.0,58.803125,12662660.472302346
5396,-41.25,57.38046875,23011954.877634812
5397,-41.25,57.8546875,88004872.98817235
5398,-37.5,57.38046875,31192154.893802244
5399,-37.5,57.8546875,125454390.3323012
5400,-41.25,58.32890625,26391168.8959698
5401,-41.25,58.803125,28138722.24573397
5402,-37.5,58.32890625,49801758.88913213
5403,-37.5,58.803125,43614784.01916559
5404,-33.75,57.38046875,49194031.182904236
5405,-33.75,57.8546875,148100973.36214638
5406,-30.0,57.38046875,86839260.01787534
5407,-30.0,57.8546875,141141687.76342425
5408,-33.75,58.32890625,68591991.39076151
5409,-33.75,58.803125,61913683.82858622
5410,-30.0,58.32890625,78141508.909325
5411,-30.0,58.803125,85858259.70998487
5412,-26.25,57.38046875,124484488.85284647
5413,-26.25,57.8546875,134182402.1647021
5414,-22.5,57.38046875,157376510.665784
5415,-22.5,57.8546875,160300306.658513
5416,-26.25,58.32890625,87691026.42788854
5417,-26.25,58.803125,109802835.59138352
5418,-22.5,58.32890625,119984535.5366807
5419,-22.5,58.803125,126683526.66813464
5420,-18.75,57.38046875,187891928.96770477
5421,-18.75,57.8546875,202956806.19859046
5422,-15.0,57.38046875,218407347.26962548
5423,-15.0,57.8546875,245613305.73866788
5424,-18.75,58.32890625,163650040.4405872
5425,-18.75,58.803125,140032275.34256202
5426,-15.0,58.32890625,207315545.3444937
5427,-15.0,58.803125,153381024.0169894
5428,-11.25,57.38046875,218925496.6648746
5429,-11.25,57.8546875,283145202.69794655
5430,-7.5,57.38046875,219443646.0601237
5431,-7.5,57.8546875,320677099.6572252
5432,-11.25,58.32890625,236741656.801817
5433,-11.25,58.803125,192929387.9267556
5434,-7.5,58.32890625,266167768.25914028
5435,-7.5,58.803125,232477751.8365218
5436,-3.75,57.38046875,224316939.44422743
5437,-3.75,57.8546875,331351710.1954024
5438,0.0,57.38046875,237900520.80604038
5439,0.0,57.8546875,288311747.8913765
5440,-3.75,58.32890625,273772591.88205665
5441,-3.75,58.803125,250574827.2391255
5442,0.0,58.32890625,237734839.83615902
5443,0.0,58.803125,225769325.62740415
5444,-116.25,59.27734375,0.0
5445,-120.0,59.27734375,0.0
5446,-112.5,59.27734375,0.0
5447,-116.25,59.514453125,0.0
5448,-120.0,59.514453125,0.0
5449,-112.5,59.514453125,0.0
5450,-116.25,59.75156250000001,0.0
5451,-120.0,59.75156250000001,0.0
5452,-112.5,59.75156250000001,0.0
5453,-108.75,59.27734375,0.0
5454,-105.0,59.27734375,0.0
5455,-108.75,59.514453125,0.0
5456,-105.0,59.514453125,0.0
5457,-108.75,59.75156250000001,0.0
5458,-105.0,59.75156250000001,0.0
5459,-101.25,59.27734375,0.0
5460,-97.5,59.27734375,0.0
5461,-101.25,59.514453125,0.0
5462,-97.5,59.514453125,0.0
5463,-101.25,59.75156250000001,0.0
5464,-97.5,59.75156250000001,0.0
5465,-93.75,59.27734375,0.0
5466,-90.0,59.27734375,0.0
5467,-93.75,59.514453125,0.0
5468,-90.0,59.514453125,0.0
5469,-93.75,59.75156250000001,0.0
5470,-90.0,59.75156250000001,0.0
5471,-86.25,59.27734375,0.0
5472,-82.5,59.27734375,0.0
5473,-86.25,59.514453125,0.0
5474,-82.5,59.514453125,0.0
5475,-86.25,59.75156250000001,0.0
5476,-82.5,59.75156250000001,0.0
5477,-78.75,59.27734375,0.0
5478,-75.0,59.27734375,0.0
5479,-78.75,59.514453125,0.0
5480,-75.0,59.514453125,0.0
5481,-78.75,59.75156250000001,0.0
5482,-75.0,59.75156250000001,0.0
5483,-71.25,59.27734375,759810.8334738171
5484,-67.5,59.27734375,1519621.6669476342
5485,-71.25,59.514453125,283196.6992791464
5486,-67.5,59.514453125,566393.3985582928
5487,-71.25,59.75156250000001,561268.3000782367
5488,-67.5,59.75156250000001,1122536.6001564735
5489,-63.75,59.27734375,1772891.9447722398
5490,-60.0,59.27734375,1013081.1112984228
5491,-63.75,59.514453125,660792.2983180083
5492,-60.0,59.514453125,377595.5990388618
5493,-63.75,59.75156250000001,2012505.6784096868
5494,-60.0,59.75156250000001,3559876.313012853
5495,-56.25,59.27734375,253270.2778246057
5496,-52.5,59.27734375,11266591.83657348
5497,-56.25,59.514453125,94398.89975971545
5498,-52.5,59.514453125,1685560.3859908548
5499,-56.25,59.75156250000001,5107246.947616018
5500,-52.5,59.75156250000001,5990679.162422128
5501,-48.75,59.27734375,28166479.591433696
5502,-45.0,59.27734375,45066367.34629392
5503,-48.75,59.514453125,4213900.964977138
5504,-45.0,59.514453125,6742241.543963419
5505,-48.75,59.75156250000001,6542142.167329711
5506,-45.0,59.75156250000001,7093605.172237292
5507,-41.25,59.27734375,49624080.31996721
5508,-37.5,59.27734375,54181793.29364051
5509,-41.25,59.514453125,19472219.466774713
5510,-37.5,59.514453125,32202197.389586005
5511,-41.25,59.75156250000001,13928199.17268308
5512,-37.5,59.75156250000001,20762793.173128866
5513,-33.75,59.27734375,56884754.63963449
5514,-30.0,59.27734375,55878212.73026986
5515,-33.75,59.514453125,44976125.98213225
5516,-30.0,59.514453125,57837955.9141484
5517,-33.75,59.75156250000001,39000318.07909684
5518,-30.0,59.75156250000001,80043704.79610921
5519,-26.25,59.27734375,54871670.82090521
5520,-22.5,59.27734375,92706788.8107917
5521,-26.25,59.514453125,70699785.84616454
5522,-22.5,59.514453125,96912312.33877754
5523,-26.25,59.75156250000001,121087091.51312158
5524,-22.5,59.75156250000001,146005823.52123898
5525,-18.75,59.27734375,149962736.75030375
5526,-15.0,59.27734375,207218684.68981582
5527,-18.75,59.514453125,129800187.11168894
5528,-15.0,59.514453125,162688061.88460034
5529,-18.75,59.75156250000001,162862228.1749089
5530,-15.0,59.75156250000001,179718632.82857886
5531,-11.25,59.27734375,200390604.58408517
5532,-7.5,59.27734375,193562524.4783545
5533,-11.25,59.514453125,158543557.96100548
5534,-7.5,59.514453125,154399054.0374106
5535,-11.25,59.75156250000001,190078934.7508653
5536,-7.5,59.75156250000001,200439236.6731518
5537,-3.75,59.27734375,193371153.66532543
5538,0.0,59.27734375,206453201.43769956
5539,-3.75,59.514453125,154566874.16882396
5540,0.0,59.514453125,163359342.41025394
5541,-3.75,59.75156250000001,205194537.3998411
5542,0.0,59.75156250000001,198739835.735336
5543,-116.25,59.87011718750001,0.0
5544,-120.0,59.87011718750001,0.0
5545,-112.5,59.87011718750001,0.0
5546,-116.25,59.98867187500001,0.0
5547,-120.0,59.98867187500001,0.0
5548,-112.5,59.98867187500001,0.0
5549,-108.75,59.87011718750001,0.0
5550,-105.0,59.87011718750001,0.0
5551,-108.75,59.98867187500001,0.0
5552,-105.0,59.98867187500001,0.0
5553,-101.25,59.87011718750001,0.0
5554,-97.5,59.87011718750001,0.0
5555,-101.25,59.98867187500001,0.0
5556,-97.5,59.98867187500001,0.0
5557,-93.75,59.87011718750001,0.0
5558,-90.0,59.87011718750001,0.0
5559,-93.75,59.98867187500001,0.0
5560,-90.0,59.98867187500001,0.0
5561,-86.25,59.87011718750001,0.0
5562,-82.5,59.87011718750001,0.0
5563,-86.25,59.98867187500001,0.0
5564,-82.5,59.98867187500001,0.0
5565,-78.75,59.87011718750001,0.0
5566,-75.0,59.87011718750001,0.0
5567,-78.75,59.98867187500001,0.0
5568,-75.0,59.98867187500001,0.0
5569,-71.25,59.87011718750001,315254.3479814478
5570,-67.5,59.87011718750001,630508.6959628956
5571,-71.25,59.98867187500001,298793.7827358672
5572,-67.5,59.98867187500001,597587.5654717344
5573,-63.75,59.87011718750001,3054563.8221930666
5574,-60.0,59.87011718750001,9696220.504920684
5575,-63.75,59.98867187500001,3991522.590787698
5576,-60.0,59.98867187500001,13575740.101263855
5577,-116.25,60.04794921875001,0.0
5578,-120.0,60.04794921875001,0.0
5579,-112.5,60.04794921875001,0.0
5580,-116.25,60.077587890625,0.0
5581,-120.0,60.077587890625,0.0
5582,-112.5,60.077587890625,0.0
5583,-116.25,60.0924072265625,0.0
5584,-120.0,60.0924072265625,0.0
5585,-112.5,60.0924072265625,0.0
5586,-116.25,60.09981689453125,0.0
5587,-120.0,60.09981689453125,0.0
5588,-116.25,60.1072265625,0.0
5589,-120.0,60.1072265625,0.0
5590,-112.5,60.09981689453125,0.0
5591,-112.5,60.1072265625,0.0
5592,-108.75,60.04794921875001,0.0
5593,-105.0,60.04794921875001,0.0
5594,-108.75,60.077587890625,0.0
5595,-105.0,60.077587890625,0.0
5596,-108.75,60.0924072265625,0.0
5597,-105.0,60.0924072265625,0.0
5598,-108.75,60.09981689453125,0.0
5599,-108.75,60.1072265625,0.0
5600,-105.0,60.09981689453125,0.0
5601,-105.0,60.1072265625,0.0
5602,-101.25,60.04794921875001,0.0
5603,-97.5,60.04794921875001,0.0
5604,-101.25,60.077587890625,0.0
5605,-97.5,60.077587890625,0.0
5606,-101.25,60.0924072265625,0.0
5607,-97.5,60.0924072265625,0.0
5608,-101.25,60.09981689453125,0.0
5609,-101.25,60.1072265625,0.0
5610,-97.5,60.09981689453125,0.0
5611,-97.5,60.1072265625,0.0
5612,-93.75,60.04794921875001,0.0
5613,-90.0,60.04794921875001,0.0
5614,-93.75,60.077587890625,0.0
5615,-90.0,60.077587890625,0.0
5616,-93.75,60.0924072265625,0.0
5617,-90.0,60.0924072265625,0.0
5618,-93.75,60.09981689453125,0.0
5619,-93.75,60.1072265625,0.0
5620,-90.0,60.09981689453125,0.0
5621,-90.0,60.1072265625,0.0
5622,-86.25,60.04794921875001,0.0
5623,-82.5,60.04794921875001,0.0
5624,-86.25,60.077587890625,0.0
5625,-82.5,60.077587890625,0.0
5626,-86.25,60.0924072265625,0.0
5627,-82.5,60.0924072265625,0.0
5628,-86.25,60.09981689453125,0.0
5629,-86.25,60.1072265625,0.0
5630,-82.5,60.09981689453125,0.0
5631,-82.5,60.1072265625,0.0
5632,-78.75,60.04794921875001,0.0
5633,-75.0,60.04794921875001,0.0
5634,-78.75,60.077587890625,0.0
5635,-75.0,60.077587890625,0.0
5636,-78.75,60.0924072265625,0.0
5637,-75.0,60.0924072265625,0.0
5638,-78.75,60.09981689453125,0.0
5639,-78.75,60.1072265625,0.0
5640,-75.0,60.09981689453125,0.0
5641,-75.0,60.1072265625,0.0
5642,-71.25,60.04794921875001,329243.7514216945
5643,-67.5,60.04794921875001,658487.502843389
5644,-71.25,60.077587890625,344468.73576459906
5645,-67.5,60.077587890625,688937.4715291981
5646,-71.25,60.0924072265625,352081.22793605685
5647,-67.5,60.0924072265625,704162.4558721137
5648,-71.25,60.09981689453125,355887.47402178566
5649,-71.25,60.1072265625,352854.915614862
5650,-67.5,60.09981689453125,711774.9480435713
5651,-67.5,60.1072265625,705709.831229724
5652,-63.75,60.04794921875001,4442292.498869312
5653,-60.0,60.04794921875001,15135219.98410369
5654,-63.75,60.077587890625,4667677.452909984
5655,-60.0,60.077587890625,15914959.925523141
5656,-63.75,60.0924072265625,4780369.929930401
5657,-60.0,60.0924072265625,16304829.896233149
5658,-63.75,60.09981689453125,4836716.168440609
5659,-63.75,60.1072265625,4850701.742780698
5660,-60.0,60.09981689453125,16499764.881588152
5661,-60.0,60.1072265625,16579967.6462039
5662,-116.25,60.11463623046875,0.0
5663,-120.0,60.11463623046875,0.0
5664,-116.25,60.12204589843751,0.0
5665,-120.0,60.12204589843751,0.0
5666,-112.5,60.11463623046875,0.0
5667,-112.5,60.12204589843751,0.0
5668,-116.25,60.12945556640625,0.0
5669,-120.0,60.12945556640625,0.0
5670,-116.25,60.136865234375,0.0
5671,-120.0,60.136865234375,0.0
5672,-112.5,60.12945556640625,0.0
5673,-112.5,60.136865234375,0.0
5674,-116.25,60.14427490234375,0.0
5675,-120.0,60.14427490234375,0.0
5676,-116.25,60.1516845703125,0.0
5677,-120.0,60.1516845703125,0.0
5678,-112.5,60.14427490234375,0.0
5679,-112.5,60.1516845703125,0.0
5680,-116.25,60.15909423828125,0.0
5681,-120.0,60.15909423828125,0.0
5682,-116.25,60.16650390625,0.0
5683,-120.0,60.16650390625,0.0
5684,-112.5,60.15909423828125,0.0
5685,-112.5,60.16650390625,0.0
5686,-108.75,60.11463623046875,0.0
5687,-108.75,60.12204589843751,0.0
5688,-105.0,60.11463623046875,0.0
5689,-105.0,60.12204589843751,0.0
5690,-108.75,60.12945556640625,0.0
5691,-108.75,60.136865234375,0.0
5692,-105.0,60.12945556640625,0.0
5693,-105.0,60.136865234375,0.0
5694,-108.75,60.14427490234375,0.0
5695,-108.75,60.1516845703125,0.0
5696,-105.0,60.14427490234375,0.0
5697,-105.0,60.1516845703125,0.0
5698,-108.75,60.15909423828125,0.0
5699,-108.75,60.16650390625,0.0
5700,-105.0,60.15909423828125,0.0
5701,-105.0,60.16650390625,0.0
5702,-101.25,60.11463623046875,0.0
5703,-101.25,60.12204589843751,0.0
5704,-97.5,60.11463623046875,0.0
5705,-97.5,60.12204589843751,0.0
5706,-101.25,60.12945556640625,0.0
5707,-101.25,60.136865234375,0.0
5708,-97.5,60.12945556640625,0.0
5709,-97.5,60.136865234375,0.0
5710,-101.25,60.14427490234375,0.0
5711,-101.25,60.1516845703125,0.0
5712,-97.5,60.14427490234375,0.0
5713,-97.5,60.1516845703125,0.0
5714,-101.25,60.15909423828125,0.0
5715,-101.25,60.16650390625,0.0
5716,-97.5,60.15909423828125,0.0
5717,-97.5,60.16650390625,0.0
5718,-93.75,60.11463623046875,0.0
5719,-93.75,60.12204589843751,0.0
5720,-90.0,60.11463623046875,0.0
5721,-90.0,60.12204589843751,0.0
5722,-93.75,60.12945556640625,0.0
5723,-93.75,60.136865234375,0.0
5724,-90.0,60.12945556640625,0.0
5725,-90.0,60.136865234375,0.0
5726,-93.75,60.14427490234375,0.0
5727,-93.75,60.1516845703125,0.0
5728,-90.0,60.14427490234375,0.0
5729,-90.0,60.1516845703125,0.0
5730,-93.75,60.15909423828125,0.0
5731,-93.75,60.16650390625,0.0
5732,-90.0,60.15909423828125,0.0
5733,-90.0,60.16650390625,0.0
5734,-86.25,60.11463623046875,0.0
5735,-86.25,60.12204589843751,0.0
5736,-82.5,60.11463623046875,0.0
5737,-82.5,60.12204589843751,0.0
5738,-86.25,60.12945556640625,0.0
5739,-86.25,60.136865234375,0.0
5740,-82.5,60.12945556640625,0.0
5741,-82.5,60.136865234375,0.0
5742,-86.25,60.14427490234375,0.0
5743,-86.25,60.1516845703125,0.0
5744,-82.5,60.14427490234375,0.0
5745,-82.5,60.1516845703125,0.0
5746,-86.25,60.15909423828125,0.0
5747,-86.25,60.16650390625,0.0
5748,-82.5,60.15909423828125,0.0
5749,-82.5,60.16650390625,0.0
5750,-78.75,60.11463623046875,0.0
5751,-78.75,60.12204589843751,0.0
5752,-75.0,60.11463623046875,0.0
5753,-75.0,60.12204589843751,0.0
5754,-78.75,60.12945556640625,0.0
5755,-78.75,60.136865234375,0.0
5756,-75.0,60.12945556640625,0.0
5757,-75.0,60.136865234375,0.0
5758,-78.75,60.14427490234375,0.0
5759,-78.75,60.1516845703125,0.0
5760,-75.0,60.14427490234375,0.0
5761,-75.0,60.1516845703125,0.0
5762,-78.75,60.15909423828125,0.0
5763,-78.75,60.16650390625,0.0
5764,-75.0,60.15909423828125,0.0
5765,-75.0,60.16650390625,0.0
5766,-71.25,60.11463623046875,349649.0766887018
5767,-71.25,60.12204589843751,346443.23776253243
5768,-67.5,60.11463623046875,699298.1533774036
5769,-67.5,60.12204589843751,692886.4755250649
5770,-71.25,60.12945556640625,343237.39883637533
5771,-71.25,60.136865234375,340031.55991021206
5772,-67.5,60.12945556640625,686474.7976727507
5773,-67.5,60.136865234375,680063.1198204241
5774,-71.25,60.14427490234375,336825.7209840489
5775,-71.25,60.1516845703125,333619.88205788867
5776,-67.5,60.14427490234375,673651.4419680978
5777,-67.5,60.1516845703125,667239.7641157773
5778,-71.25,60.15909423828125,330414.0431317255
5779,-71.25,60.16650390625,327208.20420556224
5780,-67.5,60.15909423828125,660828.086263451
5781,-67.5,60.16650390625,654416.4084111245
5782,-63.75,60.11463623046875,4863613.989481331
5783,-63.75,60.12204589843751,4876526.236182
5784,-60.0,60.11463623046875,16657263.34441571
5785,-60.0,60.12204589843751,16734559.042627743
5786,-63.75,60.12945556640625,4889438.482882621
5787,-63.75,60.136865234375,4902350.729583264
5788,-60.0,60.12945556640625,16811854.740839478
5789,-60.0,60.136865234375,16889150.43905136
5790,-63.75,60.14427490234375,4915262.97628391
5791,-63.75,60.1516845703125,4928175.222984541
5792,-60.0,60.14427490234375,16966446.137263246
5793,-60.0,60.1516845703125,17043741.835475054
5794,-63.75,60.15909423828125,4941087.469685186
5795,-63.75,60.16650390625,4953999.71638583
5796,-60.0,60.15909423828125,17121037.53368694
5797,-60.0,60.16650390625,17198333.231898822
5798,-116.25,60.17391357421875,0.0
5799,-120.0,60.17391357421875,0.0
5800,-116.25,60.1813232421875,0.0
5801,-120.0,60.1813232421875,0.0
5802,-112.5,60.17391357421875,0.0
5803,-112.5,60.1813232421875,0.0
5804,-116.25,60.18873291015625,0.0
5805,-120.0,60.18873291015625,0.0
5806,-116.25,60.19614257812501,0.0
5807,-120.0,60.19614257812501,0.0
5808,-112.5,60.18873291015625,0.0
5809,-112.5,60.19614257812501,0.0
5810,-108.75,60.17391357421875,0.0
5811,-108.75,60.1813232421875,0.0
5812,-105.0,60.17391357421875,0.0
5813,-105.0,60.1813232421875,0.0
5814,-108.75,60.18873291015625,0.0
5815,-108.75,60.19614257812501,0.0
5816,-105.0,60.18873291015625,0.0
5817,-105.0,60.19614257812501,0.0
5818,-101.25,60.17391357421875,0.0
5819,-101.25,60.1813232421875,0.0
5820,-97.5,60.17391357421875,0.0
5821,-97.5,60.1813232421875,0.0
5822,-101.25,60.18873291015625,0.0
5823,-101.25,60.19614257812501,0.0
5824,-97.5,60.18873291015625,0.0
5825,-97.5,60.19614257812501,0.0
5826,-93.75,60.17391357421875,0.0
5827,-93.75,60.1813232421875,0.0
5828,-90.0,60.17391357421875,0.0
5829,-90.0,60.1813232421875,0.0
5830,-93.75,60.18873291015625,0.0
5831,-93.75,60.19614257812501,0.0
5832,-90.0,60.18873291015625,0.0
5833,-90.0,60.19614257812501,0.0
5834,-86.25,60.17391357421875,0.0
5835,-86.25,60.1813232421875,0.0
5836,-82.5,60.17391357421875,0.0
5837,-82.5,60.1813232421875,0.0
5838,-86.25,60.18873291015625,0.0
5839,-86.25,60.19614257812501,0.0
5840,-82.5,60.18873291015625,0.0
5841,-82.5,60.19614257812501,0.0
5842,-78.75,60.17391357421875,0.0
5843,-78.75,60.1813232421875,0.0
5844,-75.0,60.17391357421875,0.0
5845,-75.0,60.1813232421875,0.0
5846,-78.75,60.18873291015625,0.0
5847,-78.75,60.19614257812501,0.0
5848,-75.0,60.18873291015625,0.0
5849,-75.0,60.19614257812501,0.0
5850,-71.25,60.17391357421875,324002.3652793991
5851,-71.25,60.1813232421875,320796.5263532358
5852,-67.5,60.17391357421875,648004.7305587982
5853,-67.5,60.1813232421875,641593.0527064716
5854,-71.25,60.18873291015625,317590.6874270757
5855,-71.25,60.19614257812501,314384.8485009064
5856,-67.5,60.18873291015625,635181.3748541514
5857,-67.5,60.19614257812501,628769.6970018127
5858,-63.75,60.17391357421875,4966911.963086474
5859,-63.75,60.1813232421875,4979824.209787118
5860,-60.0,60.17391357421875,17275628.930110704
5861,-60.0,60.1813232421875,17352924.62832259
5862,-63.75,60.18873291015625,4992736.456487751
5863,-63.75,60.19614257812501,5005648.70318842
5864,-60.0,60.18873291015625,17430220.326534398
5865,-60.0,60.19614257812501,17507516.02474643
5866,-116.25,60.2,0.0
5867,-116.25,60.20355224609376,0.0
5868,-120.0,60.20355224609376,0.0
5869,-116.25,60.21096191406251,0.0
5870,-120.0,60.21096191406251,0.0
5871,-112.5,60.2,0.0
5872,-112.5,60.20355224609376,0.0
5873,-112.5,60.21096191406251,0.0
5874,-108.75,60.2,0.0
5875,-108.75,60.20355224609376,0.0
5876,-108.75,60.21096191406251,0.0
5877,-105.0,60.2,0.0
5878,-105.0,60.20355224609376,0.0
5879,-105.0,60.21096191406251,0.0
5880,-101.25,60.2,0.0
5881,-101.25,60.20355224609376,0.0
5882,-101.25,60.21096191406251,0.0
5883,-97.5,60.2,0.0
5884,-97.5,60.20355224609376,0.0
5885,-97.5,60.21096191406251,0.0
5886,-93.75,60.2,0.0
5887,-93.75,60.20355224609376,0.0
5888,-93.75,60.21096191406251,0.0
5889,-90.0,60.2,0.0
5890,-90.0,60.20355224609376,0.0
5891,-90.0,60.21096191406251,0.0
5892,-86.25,60.2,0.0
5893,-86.25,60.20355224609376,0.0
5894,-86.25,60.21096191406251,0.0
5895,-82.5,60.2,0.0
5896,-82.5,60.20355224609376,0.0
5897,-82.5,60.21096191406251,0.0
5898,-78.75,60.2,0.0
5899,-78.75,60.20355224609376,0.0
5900,-78.75,60.21096191406251,0.0
5901,-75.0,60.2,0.0
5902,-75.0,60.20355224609376,0.0
5903,-75.0,60.21096191406251,0.0
5904,-71.25,60.2,312715.91093803186
5905,-71.25,60.20355224609376,311179.00957474613
5906,-71.25,60.21096191406251,307973.170648583
5907,-67.5,60.2,625431.8218760637
5908,-67.5,60.20355224609376,622358.0191494923
5909,-67.5,60.21096191406251,615946.341297166
5910,-63.75,60.2,5012370.729477369
5911,-63.75,60.20355224609376,5018560.949889053
5912,-63.75,60.21096191406251,5031473.196589697
5913,-60.0,60.2,17547755.630405225
5914,-60.0,60.20355224609376,17584811.72295824
5915,-60.0,60.21096191406251,17662107.421170123
5916,-116.25,60.21837158203125,0.0
5917,-120.0,60.21837158203125,0.0
5918,-112.5,60.21837158203125,0.0
5919,-108.75,60.21837158203125,0.0
5920,-105.0,60.21837158203125,0.0
5921,-101.25,60.21837158203125,0.0
5922,-97.5,60.21837158203125,0.0
5923,-93.75,60.21837158203125,0.0
5924,-90.0,60.21837158203125,0.0
5925,-116.25,60.22578125,0.0
5926,-120.0,60.22578125,0.0
5927,-112.5,60.22578125,0.0
5928,-108.75,60.22578125,0.0
5929,-105.0,60.22578125,0.0
5930,-101.25,60.22578125,0.0
5931,-97.5,60.22578125,0.0
5932,-93.75,60.22578125,0.0
5933,-90.0,60.22578125,0.0
5934,-86.25,60.21837158203125,0.0
5935,-82.5,60.21837158203125,0.0
5936,-78.75,60.21837158203125,0.0
5937,-75.0,60.21837158203125,0.0
5938,-86.25,60.22578125,0.0
5939,-82.5,60.22578125,0.0
5940,-78.75,60.22578125,0.0
5941,-75.0,60.22578125,0.0
5942,-71.25,60.21837158203125,304767.33172242274
5943,-67.5,60.21837158203125,609534.6634448455
5944,-71.25,60.22578125,301561.4927962626
5945,-67.5,60.22578125,603122.9855925252
5946,-63.75,60.21837158203125,5044385.443290329
5947,-60.0,60.21837158203125,17739403.119381934
5948,-63.75,60.22578125,5057297.689990961
5949,-60.0,60.22578125,17816698.817593742
5950,-56.25,59.87011718750001,16337877.187648304
5951,-52.5,59.87011718750001,15643488.28589562
5952,-56.25,59.98867187500001,23159957.61174001
5953,-52.5,59.98867187500001,22360758.524644732
5954,-48.75,59.87011718750001,11281076.59190279
5955,-45.0,59.87011718750001,6918664.897909959
5956,-48.75,59.98867187500001,16369851.138763737
5957,-45.0,59.98867187500001,10378943.752882738
5958,-41.25,59.87011718750001,15140159.61937461
5959,-37.5,59.87011718750001,23361654.34083926
5960,-41.25,59.98867187500001,18007680.26698336
5961,-37.5,59.98867187500001,25636416.78108398
5962,-33.75,59.87011718750001,38666009.696121104
5963,-30.0,59.87011718750001,68136086.31903733
5964,-33.75,59.98867187500001,39708605.7425932
5965,-30.0,59.98867187500001,66667699.59891962
5966,-56.25,60.04794921875001,25828147.469338074
5967,-52.5,60.04794921875001,25224748.87599882
5968,-56.25,60.077587890625,27162242.398136303
5969,-52.5,60.077587890625,26656744.051675003
5970,-56.25,60.0924072265625,27829289.862535898
5971,-52.5,60.0924072265625,27372741.63951361
5972,-56.25,60.09981689453125,28162813.594735693
5973,-56.25,60.1072265625,28309233.549627103
5974,-52.5,60.09981689453125,27730740.433432914
5975,-52.5,60.1072265625,28062956.089613423
5976,-48.75,60.04794921875001,18973187.243372757
5977,-45.0,60.04794921875001,12721625.610746691
5978,-48.75,60.077587890625,20274855.295676485
5979,-45.0,60.077587890625,13892966.539677963
5980,-48.75,60.0924072265625,20925689.32182882
5981,-45.0,60.0924072265625,14478637.00414402
5982,-48.75,60.09981689453125,21251106.334904984
5983,-48.75,60.1072265625,21828906.9478813
5984,-45.0,60.09981689453125,14771472.236377051
5985,-45.0,60.1072265625,15594857.806149181
5986,-41.25,60.04794921875001,19720406.131250635
5987,-37.5,60.04794921875001,26719186.651754573
5988,-41.25,60.077587890625,20576769.063383758
5989,-37.5,60.077587890625,27260571.587089546
5990,-41.25,60.0924072265625,21004950.529450625
5991,-37.5,60.0924072265625,27531264.054757234
5992,-41.25,60.09981689453125,21219041.26248406
5993,-41.25,60.1072265625,21742043.086996667
5994,-37.5,60.09981689453125,27666610.288591072
5995,-37.5,60.1072265625,27889228.36784415
5996,-33.75,60.04794921875001,40461915.195020296
5997,-30.0,60.04794921875001,67692539.78380957
5998,-33.75,60.077587890625,40838569.92123362
5999,-30.0,60.077587890625,68204959.87625425
6000,-33.75,60.0924072265625,41026897.28434042
6001,-30.0,60.0924072265625,68461169.92247677
6002,-33.75,60.09981689453125,41121060.96589381
6003,-33.75,60.1072265625,41169903.37978704
6004,-30.0,60.09981689453125,68589274.94558802
6005,-30.0,60.1072265625,68717557.85392074
6006,-56.25,60.11463623046875,28450912.69935009
6007,-56.25,60.12204589843751,28592591.849073485
6008,-52.5,60.11463623046875,28394518.45683064
6009,-52.5,60.12204589843751,28726080.8240488
6010,-56.25,60.12945556640625,28734270.998796336
6011,-56.25,60.136865234375,28875950.148519456
6012,-52.5,60.12945556640625,29057643.191265687
6013,-52.5,60.136865234375,29389205.558483213
6014,-56.25,60.14427490234375,29017629.29824258
6015,-56.25,60.1516845703125,29159308.447965562
6016,-52.5,60.14427490234375,29720767.92570074
6017,-52.5,60.1516845703125,30052330.29291795
6018,-56.25,60.15909423828125,29300987.597688694
6019,-56.25,60.16650390625,29442666.747411814
6020,-52.5,60.15909423828125,30383892.660135478
6021,-52.5,60.16650390625,30715455.027353007
6022,-48.75,60.11463623046875,22413102.415584255
6023,-48.75,60.12204589843751,22997297.883288894
6024,-45.0,60.11463623046875,16431686.374337882
6025,-45.0,60.12204589843751,17268514.94252899
6026,-48.75,60.12945556640625,23581493.350991286
6027,-48.75,60.136865234375,24165688.818694804
6028,-45.0,60.12945556640625,18105343.51071689
6029,-45.0,60.136865234375,18942172.07890639
6030,-48.75,60.14427490234375,24749884.28639832
6031,-48.75,60.1516845703125,25334079.754101273
6032,-45.0,60.14427490234375,19779000.647095896
6033,-45.0,60.1516845703125,20615829.215284593
6034,-48.75,60.15909423828125,25918275.22180479
6035,-48.75,60.16650390625,26502470.689508304
6036,-45.0,60.15909423828125,21452657.7834741
6037,-45.0,60.16650390625,22289486.351663604
6038,-41.25,60.11463623046875,22272872.05065097
6039,-41.25,60.12204589843751,22803701.0143068
6040,-37.5,60.11463623046875,28114057.726964056
6041,-37.5,60.12204589843751,28338887.086084608
6042,-41.25,60.12945556640625,23334529.97796059
6043,-41.25,60.136865234375,23865358.941615403
6044,-37.5,60.12945556640625,28563716.445204295
6045,-37.5,60.136865234375,28788545.80432441
6046,-41.25,60.14427490234375,24396187.905270215
6047,-41.25,60.1516845703125,24927016.868924513
6048,-37.5,60.14427490234375,29013375.163444534
6049,-37.5,60.1516845703125,29238204.52256443
6050,-41.25,60.15909423828125,25457845.832579326
6051,-41.25,60.16650390625,25988674.796234142
6052,-37.5,60.15909423828125,29463033.881684557
6053,-37.5,60.16650390625,29687863.240804676
6054,-33.75,60.11463623046875,41217597.45074965
6055,-33.75,60.12204589843751,41265291.521712385
6056,-30.0,60.11463623046875,68845845.26948024
6057,-30.0,60.12204589843751,68974132.68504012
6058,-33.75,60.12945556640625,41312985.59267495
6059,-33.75,60.136865234375,41360679.66363759
6060,-30.0,60.12945556640625,69102420.1005995
6061,-30.0,60.136865234375,69230707.5161591
6062,-33.75,60.14427490234375,41408373.734600246
6063,-33.75,60.1516845703125,41456067.80556285
6064,-30.0,60.14427490234375,69358994.93171874
6065,-30.0,60.1516845703125,69487282.34727822
6066,-33.75,60.15909423828125,41503761.87652549
6067,-33.75,60.16650390625,41551455.947488144
6068,-30.0,60.15909423828125,69615569.76283786
6069,-30.0,60.16650390625,69743857.17839748
6070,-56.25,60.17391357421875,29584345.897134934
6071,-56.25,60.1813232421875,29726025.046858057
6072,-52.5,60.17391357421875,31047017.394570533
6073,-52.5,60.1813232421875,31378579.761788063
6074,-56.25,60.18873291015625,29867704.196581043
6075,-56.25,60.19614257812501,30009383.34630444
6076,-52.5,60.18873291015625,31710142.129005272
6077,-52.5,60.19614257812501,32041704.49622344
6078,-48.75,60.17391357421875,27086666.157211818
6079,-48.75,60.1813232421875,27670861.62491534
6080,-45.0,60.17391357421875,23126314.919853106
6081,-45.0,60.1813232421875,23963143.488042608
6082,-48.75,60.18873291015625,28255057.09261829
6083,-48.75,60.19614257812501,28839252.56032293
6084,-45.0,60.18873291015625,24799972.05623131
6085,-45.0,60.19614257812501,25636800.62442242
6086,-41.25,60.17391357421875,26519503.759888954
6087,-41.25,60.1813232421875,27050332.723543763
6088,-37.5,60.17391357421875,29912692.599924795
6089,-37.5,60.1813232421875,30137521.95904492
6090,-41.25,60.18873291015625,27581161.687198065
6091,-41.25,60.19614257812501,28111990.6508539
6092,-37.5,60.18873291015625,30362351.318164818
6093,-37.5,60.19614257812501,30587180.677285373
6094,-33.75,60.17391357421875,41599150.0184508
6095,-33.75,60.1813232421875,41646844.08941344
6096,-30.0,60.17391357421875,69872144.5939571
6097,-30.0,60.1813232421875,70000432.00951672
6098,-33.75,60.18873291015625,41694538.16037604
6099,-33.75,60.19614257812501,41742232.231338784
6100,-30.0,60.18873291015625,70128719.42507622
6101,-30.0,60.19614257812501,70257006.84063607
6102,-56.25,60.2,30083140.531333074
6103,-56.25,60.20355224609376,30151062.496027425
6104,-56.25,60.21096191406251,30292741.64575055
6105,-52.5,60.2,32214313.57042516
6106,-52.5,60.20355224609376,32373266.863440644
6107,-52.5,60.21096191406251,32704829.230658174
6108,-48.75,60.2,29143380.678599365
6109,-48.75,60.20355224609376,29423448.02802588
6110,-48.75,60.21096191406251,30007643.4957294
6111,-45.0,60.2,26072447.78677357
6112,-45.0,60.20355224609376,26473629.192611117
6113,-45.0,60.21096191406251,27310457.760800622
6114,-41.25,60.2,28388336.53638018
6115,-41.25,60.20355224609376,28642819.614508197
6116,-41.25,60.21096191406251,29173648.578163013
6117,-37.5,60.2,30704225.28598679
6118,-37.5,60.20355224609376,30812010.036405273
6119,-37.5,60.21096191406251,31036839.395525396
6120,-33.75,60.2,41767061.43467347
6121,-33.75,60.20355224609376,41789926.302301385
6122,-33.75,60.21096191406251,41837620.37326404
6123,-30.0,60.2,70323792.3815203
6124,-30.0,60.20355224609376,70385294.25619557
6125,-30.0,60.21096191406251,70513581.6717552
6126,-56.25,60.21837158203125,30434420.79547354
6127,-52.5,60.21837158203125,33036391.597875383
6128,-48.75,60.21837158203125,30591838.963432353
6129,-45.0,60.21837158203125,28147286.328989323
6130,-56.25,60.22578125,30576099.945196524
6131,-52.5,60.22578125,33367953.965092596
6132,-48.75,60.22578125,31176034.43113531
6133,-45.0,60.22578125,28984114.897178024
6134,-41.25,60.21837158203125,29704477.54181731
6135,-37.5,60.21837158203125,31261668.754645303
6136,-41.25,60.22578125,30235306.505471617
6137,-37.5,60.22578125,31486498.113765202
6138,-33.75,60.21837158203125,41885314.444226645
6139,-30.0,60.21837158203125,70641869.0873147
6140,-33.75,60.22578125,41933008.515189245
6141,-30.0,60.22578125,70770156.5028742
6142,-26.25,59.87011718750001,97606162.94195357
6143,-22.5,59.87011718750001,125696081.40670761
6144,-26.25,59.98867187500001,93626793.45524605
6145,-22.5,59.98867187500001,124394360.37132844
6146,-18.75,59.87011718750001,153095920.79238063
6147,-15.0,59.87011718750001,180495760.17805362
6148,-18.75,59.98867187500001,157066163.81728882
6149,-15.0,59.98867187500001,189737967.26324922
6150,-26.25,60.04794921875001,94923164.37259886
6151,-22.5,60.04794921875001,126946393.27336293
6152,-26.25,60.077587890625,95571349.83127488
6153,-22.5,60.077587890625,128222409.72437939
6154,-26.25,60.0924072265625,95895442.56061311
6155,-22.5,60.0924072265625,128860417.9498881
6156,-26.25,60.09981689453125,96057488.92528224
6157,-26.25,60.1072265625,96265212.32805446
6158,-22.5,60.09981689453125,129179422.06264246
6159,-22.5,60.1072265625,129720280.24971205
6160,-18.75,60.04794921875001,161365924.33011436
6161,-15.0,60.04794921875001,195785455.38686582
6162,-18.75,60.077587890625,163515804.58652586
6163,-15.0,60.077587890625,198809199.44867232
6164,-18.75,60.0924072265625,164590744.71473238
6165,-15.0,60.0924072265625,200321071.47957668
6166,-18.75,60.09981689453125,165128214.77883565
6167,-18.75,60.1072265625,166129054.89513153
6168,-15.0,60.09981689453125,201077007.49502885
6169,-15.0,60.1072265625,202537829.540551
6170,-26.25,60.11463623046875,96474093.08821085
6171,-26.25,60.12204589843751,96682973.84836785
6172,-22.5,60.11463623046875,130266759.73933974
6173,-22.5,60.12204589843751,130813239.22896902
6174,-26.25,60.12945556640625,96891854.60852402
6175,-26.25,60.136865234375,97100735.36868063
6176,-22.5,60.12945556640625,131359718.71859622
6177,-22.5,60.136865234375,131906198.20822446
6178,-26.25,60.14427490234375,97309616.12883723
6179,-26.25,60.1516845703125,97518496.88899359
6180,-22.5,60.14427490234375,132452677.69785272
6181,-22.5,60.1516845703125,132999157.18748042
6182,-26.25,60.15909423828125,97727377.64915021
6183,-26.25,60.16650390625,97936258.4093068
6184,-22.5,60.15909423828125,133545636.67710869
6185,-22.5,60.16650390625,134092116.16673693
6186,-18.75,60.11463623046875,167141635.80666777
6187,-18.75,60.12204589843751,168154216.71820697
6188,-15.0,60.11463623046875,204016511.8739958
6189,-15.0,60.12204589843751,205495194.20744488
6190,-18.75,60.12945556640625,169166797.62974223
6191,-18.75,60.136865234375,170179378.5412795
6192,-15.0,60.12945556640625,206973876.54088825
6193,-15.0,60.136865234375,208452558.87433445
6194,-18.75,60.14427490234375,171191959.45281672
6195,-18.75,60.1516845703125,172204540.36435297
6196,-15.0,60.14427490234375,209931241.20778072
6197,-15.0,60.1516845703125,211409923.5412255
6198,-18.75,60.15909423828125,173217121.2758902
6199,-18.75,60.16650390625,174229702.18742743
6200,-15.0,60.15909423828125,212888605.87467176
6201,-15.0,60.16650390625,214367288.20811796
6202,-26.25,60.17391357421875,98145139.1694634
6203,-26.25,60.1813232421875,98354019.92962
6204,-22.5,60.17391357421875,134638595.65636516
6205,-22.5,60.1813232421875,135185075.1459934
6206,-26.25,60.18873291015625,98562900.68977638
6207,-26.25,60.19614257812501,98771781.44993338
6208,-22.5,60.18873291015625,135731554.63562113
6209,-22.5,60.19614257812501,136278034.12525046
6210,-18.75,60.17391357421875,175242283.0989647
6211,-18.75,60.1813232421875,176254864.01050192
6212,-15.0,60.17391357421875,215845970.5415642
6213,-15.0,60.1813232421875,217324652.87501043
6214,-18.75,60.18873291015625,177267444.9220382
6215,-18.75,60.19614257812501,178280025.83357736
6216,-15.0,60.18873291015625,218803335.20845523
6217,-15.0,60.19614257812501,220282017.5419043
6218,-26.25,60.2,98880523.32836714
6219,-26.25,60.20355224609376,98980662.21008977
6220,-26.25,60.21096191406251,99189542.97024636
6221,-22.5,60.2,136562527.56630814
6222,-22.5,60.20355224609376,136824513.61487812
6223,-22.5,60.21096191406251,137370993.10450637
6224,-18.75,60.2,178807168.44979626
6225,-18.75,60.20355224609376,179292606.7451136
6226,-18.75,60.21096191406251,180305187.65665084
6227,-15.0,60.2,221051809.33328438
6228,-15.0,60.20355224609376,221760699.8753491
6229,-15.0,60.21096191406251,223239382.2087953
6230,-26.25,60.21837158203125,99398423.73040274
6231,-22.5,60.21837158203125,137917472.5941341
6232,-26.25,60.22578125,99607304.49055913
6233,-22.5,60.22578125,138463952.08376184
6234,-18.75,60.21837158203125,181317768.56818712
6235,-15.0,60.21837158203125,224718064.54224014
6236,-18.75,60.22578125,182330349.4797234
6237,-15.0,60.22578125,226196746.87568492
6238,-11.25,59.87011718750001,182389332.836271
6239,-7.5,59.87011718750001,184282905.49448836
6240,-11.25,59.98867187500001,185622889.615781
6241,-7.5,59.98867187500001,181507811.96831283
6242,-3.75,59.87011718750001,187785741.6578466
6243,0.0,59.87011718750001,194507104.83148664
6244,-3.75,59.98867187500001,184177602.99222767
6245,0.0,59.98867187500001,200417131.3589085
6246,-11.25,60.04794921875001,189080244.3053131
6247,-7.5,60.04794921875001,182375033.22376037
6248,-11.25,60.077587890625,190808921.65007812
6249,-7.5,60.077587890625,182808643.85148388
6250,-11.25,60.0924072265625,191673260.32246122
6251,-7.5,60.0924072265625,183025449.1653458
6252,-11.25,60.09981689453125,192105429.65865278
6253,-11.25,60.1072265625,193003420.6746487
6254,-7.5,60.09981689453125,183133851.82227674
6255,-7.5,60.1072265625,183469011.80874646
6256,-3.75,60.04794921875001,184698974.77470982
6257,0.0,60.04794921875001,205081221.59066367
6258,-3.75,60.077587890625,184959660.66595078
6259,0.0,60.077587890625,207413266.70653987
6260,-3.75,60.0924072265625,185090003.6115713
6261,0.0,60.0924072265625,208579289.2644788
6262,-3.75,60.09981689453125,185155175.08438158
6263,-3.75,60.1072265625,184985052.08257374
6264,0.0,60.09981689453125,209162300.54344827
6265,0.0,60.1072265625,208601990.6358604
6266,-11.25,60.11463623046875,193913214.60482797
6267,-11.25,60.12204589843751,194823008.53500992
6268,-7.5,60.11463623046875,183809917.33566022
6269,-7.5,60.12204589843751,184150822.86257493
6270,-11.25,60.12945556640625,195732802.46518832
6271,-11.25,60.136865234375,196642596.3953685
6272,-7.5,60.12945556640625,184491728.38948837
6273,-7.5,60.136865234375,184832633.91640243
6274,-11.25,60.14427490234375,197552390.32554865
6275,-11.25,60.1516845703125,198462184.25572792
6276,-7.5,60.14427490234375,185173539.44331658
6277,-7.5,60.1516845703125,185514444.97023028
6278,-11.25,60.15909423828125,199371978.18590808
6279,-11.25,60.16650390625,200281772.1160882
6280,-7.5,60.15909423828125,185855350.4971444
6281,-7.5,60.16650390625,186196256.0240585
6282,-3.75,60.11463623046875,184808967.22752413
6283,-3.75,60.12204589843751,184632882.37247396
6284,0.0,60.11463623046875,208012711.44145152
6285,0.0,60.12204589843751,207423432.24704096
6286,-3.75,60.12945556640625,184456797.5174245
6287,-3.75,60.136865234375,184280712.66237462
6288,0.0,60.12945556640625,206834153.05263263
6289,0.0,60.136865234375,206244873.8582232
6290,-3.75,60.14427490234375,184104627.80732483
6291,-3.75,60.1516845703125,183928542.95227513
6292,0.0,60.14427490234375,205655594.6638138
6293,0.0,60.1516845703125,205066315.4694049
6294,-3.75,60.15909423828125,183752458.09722534
6295,-3.75,60.16650390625,183576373.2421755
6296,0.0,60.15909423828125,204477036.27499548
6297,0.0,60.16650390625,203887757.08058602
6298,-11.25,60.17391357421875,201191566.0462684
6299,-11.25,60.1813232421875,202101359.97644854
6300,-7.5,60.17391357421875,186537161.55097255
6301,-7.5,60.1813232421875,186878067.07788667
6302,-11.25,60.18873291015625,203011153.90662783
6303,-11.25,60.19614257812501,203920947.83680975
6304,-7.5,60.18873291015625,187218972.6048004
6305,-7.5,60.19614257812501,187559878.13171518
6306,-3.75,60.17391357421875,183400288.3871257
6307,-3.75,60.1813232421875,183224203.53207585
6308,0.0,60.17391357421875,203298477.8861766
6309,0.0,60.1813232421875,202709198.69176716
6310,-3.75,60.18873291015625,183048118.67702618
6311,-3.75,60.19614257812501,182872033.82197604
6312,0.0,60.18873291015625,202119919.49735826
6313,0.0,60.19614257812501,201530640.30294773
6314,-11.25,60.2,204394580.2617457
6315,-11.25,60.20355224609376,204830741.766989
6316,-11.25,60.21096191406251,205740535.69716918
6317,-7.5,60.2,187737351.190207
6318,-7.5,60.20355224609376,187900783.6586289
6319,-7.5,60.21096191406251,188241689.185543
6320,-3.75,60.2,182780365.26481688
6321,-3.75,60.20355224609376,182695948.96692634
6322,-3.75,60.21096191406251,182519864.11187652
6323,0.0,60.2,201223865.63172388
6324,0.0,60.20355224609376,200941361.10853884
6325,0.0,60.21096191406251,200352081.9141294
6326,-11.25,60.21837158203125,206650329.62734848
6327,-7.5,60.21837158203125,188582594.71245676
6328,-11.25,60.22578125,207560123.55752772
6329,-7.5,60.22578125,188923500.23937052
6330,-3.75,60.21837158203125,182343779.25682688
6331,0.0,60.21837158203125,199762802.71972054
6332,-3.75,60.22578125,182167694.4017772
6333,0.0,60.22578125,199173523.52531165
6334,-116.25,60.23319091796876,0.0
6335,-120.0,60.23319091796876,0.0
6336,-112.5,60.23319091796876,0.0
6337,-108.75,60.23319091796876,0.0
6338,-105.0,60.23319091796876,0.0
6339,-101.25,60.23319091796876,0.0
6340,-97.5,60.23319091796876,0.0
6341,-93.75,60.23319091796876,0.0
6342,-90.0,60.23319091796876,0.0
6343,-116.25,60.2406005859375,0.0
6344,-120.0,60.2406005859375,0.0
6345,-112.5,60.2406005859375,0.0
6346,-108.75,60.2406005859375,0.0
6347,-105.0,60.2406005859375,0.0
6348,-101.25,60.2406005859375,0.0
6349,-97.5,60.2406005859375,0.0
6350,-93.75,60.2406005859375,0.0
6351,-90.0,60.2406005859375,0.0
6352,-86.25,60.23319091796876,0.0
6353,-82.5,60.23319091796876,0.0
6354,-78.75,60.23319091796876,0.0
6355,-75.0,60.23319091796876,0.0
6356,-71.25,60.23319091796876,298355.6538700933
6357,-67.5,60.23319091796876,596711.3077401866
6358,-63.75,60.23319091796876,5070209.93669163
6359,-60.0,60.23319091796876,17893994.515805773
6360,-86.25,60.2406005859375,0.0
6361,-82.5,60.2406005859375,0.0
6362,-78.75,60.2406005859375,0.0
6363,-75.0,60.2406005859375,0.0
6364,-71.25,60.2406005859375,295149.8149439362
6365,-67.5,60.2406005859375,590299.6298878724
6366,-63.75,60.2406005859375,5083122.183392249
6367,-60.0,60.2406005859375,17971290.214017507
6368,-116.25,60.24801025390625,0.0
6369,-120.0,60.24801025390625,0.0
6370,-112.5,60.24801025390625,0.0
6371,-108.75,60.24801025390625,0.0
6372,-105.0,60.24801025390625,0.0
6373,-101.25,60.24801025390625,0.0
6374,-97.5,60.24801025390625,0.0
6375,-93.75,60.24801025390625,0.0
6376,-90.0,60.24801025390625,0.0
6377,-116.25,60.255419921875,0.0
6378,-120.0,60.255419921875,0.0
6379,-112.5,60.255419921875,0.0
6380,-108.75,60.255419921875,0.0
6381,-105.0,60.255419921875,0.0
6382,-101.25,60.255419921875,0.0
6383,-97.5,60.255419921875,0.0
6384,-93.75,60.255419921875,0.0
6385,-90.0,60.255419921875,0.0
6386,-86.25,60.24801025390625,0.0
6387,-82.5,60.24801025390625,0.0
6388,-78.75,60.24801025390625,0.0
6389,-75.0,60.24801025390625,0.0
6390,-71.25,60.24801025390625,291943.9760177729
6391,-67.5,60.24801025390625,583887.9520355458
6392,-63.75,60.24801025390625,5096034.430092894
6393,-60.0,60.24801025390625,18048585.912229393
6394,-86.25,60.255419921875,0.0
6395,-82.5,60.255419921875,0.0
6396,-78.75,60.255419921875,0.0
6397,-75.0,60.255419921875,0.0
6398,-71.25,60.255419921875,288738.1370916097
6399,-67.5,60.255419921875,577476.2741832194
6400,-63.75,60.255419921875,5108946.676793538
6401,-60.0,60.255419921875,18125881.610441275
6402,-116.25,60.26282958984375,0.0
6403,-120.0,60.26282958984375,0.0
6404,-112.5,60.26282958984375,0.0
6405,-108.75,60.26282958984375,0.0
6406,-105.0,60.26282958984375,0.0
6407,-101.25,60.26282958984375,0.0
6408,-97.5,60.26282958984375,0.0
6409,-93.75,60.26282958984375,0.0
6410,-90.0,60.26282958984375,0.0
6411,-116.25,60.27023925781251,0.0
6412,-120.0,60.27023925781251,0.0
6413,-112.5,60.27023925781251,0.0
6414,-108.75,60.27023925781251,0.0
6415,-105.0,60.27023925781251,0.0
6416,-101.25,60.27023925781251,0.0
6417,-97.5,60.27023925781251,0.0
6418,-93.75,60.27023925781251,0.0
6419,-90.0,60.27023925781251,0.0
6420,-86.25,60.26282958984375,0.0
6421,-82.5,60.26282958984375,0.0
6422,-78.75,60.26282958984375,0.0
6423,-75.0,60.26282958984375,0.0
6424,-71.25,60.26282958984375,285532.2981654496
6425,-67.5,60.26282958984375,571064.5963308992
6426,-63.75,60.26282958984375,5121858.92349417
6427,-60.0,60.26282958984375,18203177.308653086
6428,-86.25,60.27023925781251,0.0
6429,-82.5,60.27023925781251,0.0
6430,-78.75,60.27023925781251,0.0
6431,-75.0,60.27023925781251,0.0
6432,-71.25,60.27023925781251,282326.4592392802
6433,-67.5,60.27023925781251,564652.9184785604
6434,-63.75,60.27023925781251,5134771.17019484
6435,-60.0,60.27023925781251,18280473.006865118
6436,-116.25,60.27764892578126,0.0
6437,-120.0,60.27764892578126,0.0
6438,-112.5,60.27764892578126,0.0
6439,-108.75,60.27764892578126,0.0
6440,-105.0,60.27764892578126,0.0
6441,-101.25,60.27764892578126,0.0
6442,-97.5,60.27764892578126,0.0
6443,-93.75,60.27764892578126,0.0
6444,-90.0,60.27764892578126,0.0
6445,-116.25,60.28505859375001,0.0
6446,-120.0,60.28505859375001,0.0
6447,-112.5,60.28505859375001,0.0
6448,-108.75,60.28505859375001,0.0
6449,-105.0,60.28505859375001,0.0
6450,-101.25,60.28505859375001,0.0
6451,-97.5,60.28505859375001,0.0
6452,-93.75,60.28505859375001,0.0
6453,-90.0,60.28505859375001,0.0
6454,-86.25,60.27764892578126,0.0
6455,-82.5,60.27764892578126,0.0
6456,-78.75,60.27764892578126,0.0
6457,-75.0,60.27764892578126,0.0
6458,-71.25,60.27764892578126,279120.6203131201
6459,-67.5,60.27764892578126,558241.2406262401
6460,-63.75,60.27764892578126,5147683.4168954715
6461,-60.0,60.27764892578126,18357768.705076925
6462,-86.25,60.28505859375001,0.0
6463,-82.5,60.28505859375001,0.0
6464,-78.75,60.28505859375001,0.0
6465,-75.0,60.28505859375001,0.0
6466,-71.25,60.28505859375001,275914.78138695686
6467,-67.5,60.28505859375001,551829.5627739137
6468,-63.75,60.28505859375001,5160595.663596116
6469,-60.0,60.28505859375001,18435064.40328881
6470,-116.25,60.29246826171876,0.0
6471,-120.0,60.29246826171876,0.0
6472,-112.5,60.29246826171876,0.0
6473,-108.75,60.29246826171876,0.0
6474,-105.0,60.29246826171876,0.0
6475,-101.25,60.29246826171876,0.0
6476,-97.5,60.29246826171876,0.0
6477,-93.75,60.29246826171876,0.0
6478,-90.0,60.29246826171876,0.0
6479,-116.25,60.29987792968751,0.0
6480,-120.0,60.29987792968751,0.0
6481,-112.5,60.29987792968751,0.0
6482,-108.75,60.29987792968751,0.0
6483,-105.0,60.29987792968751,0.0
6484,-101.25,60.29987792968751,0.0
6485,-97.5,60.29987792968751,0.0
6486,-93.75,60.29987792968751,0.0
6487,-90.0,60.29987792968751,0.0
6488,-86.25,60.29246826171876,0.0
6489,-82.5,60.29246826171876,0.0
6490,-78.75,60.29246826171876,0.0
6491,-75.0,60.29246826171876,0.0
6492,-71.25,60.29246826171876,272708.9424607936
6493,-67.5,60.29246826171876,545417.8849215872
6494,-63.75,60.29246826171876,5173507.9102967605
6495,-60.0,60.29246826171876,18512360.101500694
6496,-86.25,60.29987792968751,0.0
6497,-82.5,60.29987792968751,0.0
6498,-78.75,60.29987792968751,0.0
6499,-75.0,60.29987792968751,0.0
6500,-71.25,60.29987792968751,269503.1035346303
6501,-67.5,60.29987792968751,539006.2070692607
6502,-63.75,60.29987792968751,5186420.156997405
6503,-60.0,60.29987792968751,18589655.79971258
6504,-116.25,60.30728759765626,0.0
6505,-120.0,60.30728759765626,0.0
6506,-112.5,60.30728759765626,0.0
6507,-108.75,60.30728759765626,0.0
6508,-105.0,60.30728759765626,0.0
6509,-101.25,60.30728759765626,0.0
6510,-97.5,60.30728759765626,0.0
6511,-93.75,60.30728759765626,0.0
6512,-90.0,60.30728759765626,0.0
6513,-116.25,60.31469726562501,0.0
6514,-120.0,60.31469726562501,0.0
6515,-112.5,60.31469726562501,0.0
6516,-108.75,60.31469726562501,0.0
6517,-105.0,60.31469726562501,0.0
6518,-101.25,60.31469726562501,0.0
6519,-97.5,60.31469726562501,0.0
6520,-93.75,60.31469726562501,0.0
6521,-90.0,60.31469726562501,0.0
6522,-86.25,60.30728759765626,0.0
6523,-82.5,60.30728759765626,0.0
6524,-78.75,60.30728759765626,0.0
6525,-75.0,60.30728759765626,0.0
6526,-71.25,60.30728759765626,259632.06257981953
6527,-67.5,60.30728759765626,519264.12515963905
6528,-63.75,60.30728759765626,5109132.751093121
6529,-60.0,60.30728759765626,18359474.50373393
6530,-86.25,60.31469726562501,0.0
6531,-82.5,60.31469726562501,0.0
6532,-78.75,60.31469726562501,0.0
6533,-75.0,60.31469726562501,0.0
6534,-71.25,60.31469726562501,249649.37669992843
6535,-67.5,60.31469726562501,499298.75339985685
6536,-63.75,60.31469726562501,5030334.46323591
6537,-60.0,60.31469726562501,18124142.83934421
6538,-116.25,60.3295166015625,0.0
6539,-120.0,60.3295166015625,0.0
6540,-112.5,60.3295166015625,0.0
6541,-108.75,60.3295166015625,0.0
6542,-105.0,60.3295166015625,0.0
6543,-101.25,60.3295166015625,0.0
6544,-97.5,60.3295166015625,0.0
6545,-93.75,60.3295166015625,0.0
6546,-90.0,60.3295166015625,0.0
6547,-86.25,60.3295166015625,0.0
6548,-82.5,60.3295166015625,0.0
6549,-78.75,60.3295166015625,0.0
6550,-75.0,60.3295166015625,0.0
6551,-71.25,60.3295166015625,229684.00494013677
6552,-67.5,60.3295166015625,459368.00988027354
6553,-63.75,60.3295166015625,4872737.887521413
6554,-60.0,60.3295166015625,17653479.51056456
6555,-116.25,60.34433593750001,0.0
6556,-120.0,60.34433593750001,0.0
6557,-112.5,60.34433593750001,0.0
6558,-108.75,60.34433593750001,0.0
6559,-105.0,60.34433593750001,0.0
6560,-101.25,60.34433593750001,0.0
6561,-97.5,60.34433593750001,0.0
6562,-93.75,60.34433593750001,0.0
6563,-90.0,60.34433593750001,0.0
6564,-86.25,60.34433593750001,0.0
6565,-82.5,60.34433593750001,0.0
6566,-78.75,60.34433593750001,0.0
6567,-75.0,60.34433593750001,0.0
6568,-71.25,60.34433593750001,209718.63318032594
6569,-67.5,60.34433593750001,419437.2663606519
6570,-63.75,60.34433593750001,4715141.311806764
6571,-60.0,60.34433593750001,17182816.18178445
6572,-116.25,60.35915527343751,0.0
6573,-120.0,60.35915527343751,0.0
6574,-112.5,60.35915527343751,0.0
6575,-108.75,60.35915527343751,0.0
6576,-105.0,60.35915527343751,0.0
6577,-101.25,60.35915527343751,0.0
6578,-97.5,60.35915527343751,0.0
6579,-93.75,60.35915527343751,0.0
6580,-90.0,60.35915527343751,0.0
6581,-116.25,60.373974609375,0.0
6582,-120.0,60.373974609375,0.0
6583,-112.5,60.373974609375,0.0
6584,-108.75,60.373974609375,0.0
6585,-105.0,60.373974609375,0.0
6586,-101.25,60.373974609375,0.0
6587,-97.5,60.373974609375,0.0
6588,-93.75,60.373974609375,0.0
6589,-90.0,60.373974609375,0.0
6590,-86.25,60.35915527343751,0.0
6591,-82.5,60.35915527343751,0.0
6592,-78.75,60.35915527343751,0.0
6593,-75.0,60.35915527343751,0.0
6594,-71.25,60.35915527343751,189753.26142053428
6595,-67.5,60.35915527343751,379506.52284106857
6596,-63.75,60.35915527343751,4557544.736092268
6597,-60.0,60.35915527343751,16712152.853004798
6598,-86.25,60.373974609375,0.0
6599,-82.5,60.373974609375,0.0
6600,-78.75,60.373974609375,0.0
6601,-75.0,60.373974609375,0.0
6602,-71.25,60.373974609375,169787.8896607522
6603,-67.5,60.373974609375,339575.7793215044
6604,-63.75,60.373974609375,4399948.160377847
6605,-60.0,60.373974609375,16241489.52422537
6606,-116.25,60.3887939453125,0.0
6607,-120.0,60.3887939453125,0.0
6608,-112.5,60.3887939453125,0.0
6609,-108.75,60.3887939453125,0.0
6610,-105.0,60.3887939453125,0.0
6611,-101.25,60.3887939453125,0.0
6612,-97.5,60.3887939453125,0.0
6613,-93.75,60.3887939453125,0.0
6614,-90.0,60.3887939453125,0.0
6615,-116.25,60.40361328125,0.0
6616,-120.0,60.40361328125,0.0
6617,-112.5,60.40361328125,0.0
6618,-108.75,60.40361328125,0.0
6619,-105.0,60.40361328125,0.0
6620,-101.25,60.40361328125,0.0
6621,-97.5,60.40361328125,0.0
6622,-93.75,60.40361328125,0.0
6623,-90.0,60.40361328125,0.0
6624,-86.25,60.3887939453125,0.0
6625,-82.5,60.3887939453125,0.0
6626,-78.75,60.3887939453125,0.0
6627,-75.0,60.3887939453125,0.0
6628,-71.25,60.3887939453125,149822.51790095094
6629,-67.5,60.3887939453125,299645.0358019019
6630,-63.75,60.3887939453125,4242351.584663274
6631,-60.0,60.3887939453125,15770826.195445487
6632,-86.25,60.40361328125,0.0
6633,-82.5,60.40361328125,0.0
6634,-78.75,60.40361328125,0.0
6635,-75.0,60.40361328125,0.0
6636,-71.25,60.40361328125,129857.14614114969
6637,-67.5,60.40361328125,259714.29228229937
6638,-63.75,60.40361328125,4084755.0089487014
6639,-60.0,60.40361328125,15300162.866665605
6640,-116.25,60.41843261718751,0.0
6641,-120.0,60.41843261718751,0.0
6642,-112.5,60.41843261718751,0.0
6643,-108.75,60.41843261718751,0.0
6644,-105.0,60.41843261718751,0.0
6645,-101.25,60.41843261718751,0.0
6646,-97.5,60.41843261718751,0.0
6647,-93.75,60.41843261718751,0.0
6648,-90.0,60.41843261718751,0.0
6649,-116.25,60.433251953125,0.0
6650,-120.0,60.433251953125,0.0
6651,-112.5,60.433251953125,0.0
6652,-108.75,60.433251953125,0.0
6653,-105.0,60.433251953125,0.0
6654,-101.25,60.433251953125,0.0
6655,-97.5,60.433251953125,0.0
6656,-93.75,60.433251953125,0.0
6657,-90.0,60.433251953125,0.0
6658,-86.25,60.41843261718751,0.0
6659,-82.5,60.41843261718751,0.0
6660,-78.75,60.41843261718751,0.0
6661,-75.0,60.41843261718751,0.0
6662,-71.25,60.41843261718751,109891.7743813389
6663,-67.5,60.41843261718751,219783.5487626778
6664,-63.75,60.41843261718751,3927158.4332340527
6665,-60.0,60.41843261718751,14829499.537885502
6666,-86.25,60.433251953125,0.0
6667,-82.5,60.433251953125,0.0
6668,-78.75,60.433251953125,0.0
6669,-75.0,60.433251953125,0.0
6670,-71.25,60.433251953125,89926.40262155679
6671,-67.5,60.433251953125,179852.80524311357
6672,-63.75,60.433251953125,3769561.8575196313
6673,-60.0,60.433251953125,14358836.20910607
6674,-116.25,60.4480712890625,0.0
6675,-120.0,60.4480712890625,0.0
6676,-112.5,60.4480712890625,0.0
6677,-108.75,60.4480712890625,0.0
6678,-105.0,60.4480712890625,0.0
6679,-101.25,60.4480712890625,0.0
6680,-97.5,60.4480712890625,0.0
6681,-93.75,60.4480712890625,0.0
6682,-90.0,60.4480712890625,0.0
6683,-116.25,60.462890625,0.0
6684,-120.0,60.462890625,0.0
6685,-112.5,60.462890625,0.0
6686,-108.75,60.462890625,0.0
6687,-105.0,60.462890625,0.0
6688,-101.25,60.462890625,0.0
6689,-97.5,60.462890625,0.0
6690,-93.75,60.462890625,0.0
6691,-90.0,60.462890625,0.0
6692,-86.25,60.4480712890625,0.0
6693,-82.5,60.4480712890625,0.0
6694,-78.75,60.4480712890625,0.0
6695,-75.0,60.4480712890625,0.0
6696,-71.25,60.4480712890625,69961.03086176512
6697,-67.5,60.4480712890625,139922.06172353023
6698,-63.75,60.4480712890625,3611965.2818051344
6699,-60.0,60.4480712890625,13888172.880326416
6700,-86.25,60.462890625,0.0
6701,-82.5,60.462890625,0.0
6702,-78.75,60.462890625,0.0
6703,-75.0,60.462890625,0.0
6704,-71.25,60.462890625,49995.659101963865
6705,-67.5,60.462890625,99991.31820392773
6706,-63.75,60.462890625,3454368.706090562
6707,-60.0,60.462890625,13417509.551546536
6708,-56.25,60.23319091796876,30717779.09491992
6709,-52.5,60.23319091796876,33699516.33231075
6710,-48.75,60.23319091796876,31760229.898839943
6711,-45.0,60.23319091796876,29820943.46536913
6712,-41.25,60.23319091796876,30766135.469127443
6713,-37.5,60.23319091796876,31711327.472885758
6714,-33.75,60.23319091796876,41980702.58615199
6715,-30.0,60.23319091796876,70898443.91843405
6716,-56.25,60.2406005859375,30859458.244642764
6717,-52.5,60.2406005859375,34031078.69952764
6718,-48.75,60.2406005859375,32344425.36654234
6719,-45.0,60.2406005859375,30657772.03355703
6720,-41.25,60.2406005859375,31296964.432781234
6721,-37.5,60.2406005859375,31936156.83200544
6722,-33.75,60.2406005859375,42028396.65711454
6723,-30.0,60.2406005859375,71026731.33399343
6724,-56.25,60.24801025390625,31001137.394365888
6725,-52.5,60.24801025390625,34362641.06674517
6726,-48.75,60.24801025390625,32928620.834245853
6727,-45.0,60.24801025390625,31494600.601746533
6728,-41.25,60.24801025390625,31827793.396436043
6729,-37.5,60.24801025390625,32160986.19112556
6730,-33.75,60.24801025390625,42076090.72807719
6731,-30.0,60.24801025390625,71155018.74955305
6732,-56.25,60.255419921875,31142816.544089008
6733,-52.5,60.255419921875,34694203.4339627
6734,-48.75,60.255419921875,33512816.30194937
6735,-45.0,60.255419921875,32331429.16993604
6736,-41.25,60.255419921875,32358622.360090863
6737,-37.5,60.255419921875,32385815.550245684
6738,-33.75,60.255419921875,42123784.79903984
6739,-30.0,60.255419921875,71283306.16511267
6740,-56.25,60.26282958984375,31284495.693811998
6741,-52.5,60.26282958984375,35025765.80117991
6742,-48.75,60.26282958984375,34097011.76965233
6743,-45.0,60.26282958984375,33168257.738124736
6744,-41.25,60.26282958984375,32889451.32374517
6745,-37.5,60.26282958984375,32610644.909365587
6746,-33.75,60.26282958984375,42171478.87000244
6747,-30.0,60.26282958984375,71411593.58067217
6748,-56.25,60.27023925781251,31426174.843535393
6749,-52.5,60.27023925781251,35357328.168398075
6750,-48.75,60.27023925781251,34681207.23735696
6751,-45.0,60.27023925781251,34005086.30631585
6752,-41.25,60.27023925781251,33420280.28740099
6753,-37.5,60.27023925781251,32835474.268486135
6754,-33.75,60.27023925781251,42219172.94096519
6755,-30.0,60.27023925781251,71539880.99623203
6756,-56.25,60.27764892578126,31567853.993258383
6757,-52.5,60.27764892578126,35688890.53561528
6758,-48.75,60.27764892578126,35265402.705059916
6759,-45.0,60.27764892578126,34841914.87450455
6760,-41.25,60.27764892578126,33951109.25105529
6761,-37.5,60.27764892578126,33060303.62760604
6762,-33.75,60.27764892578126,42266867.01192779
6763,-30.0,60.27764892578126,71668168.41179153
6764,-56.25,60.28505859375001,31709533.142981503
6765,-52.5,60.28505859375001,36020452.90283282
6766,-48.75,60.28505859375001,35849598.17276344
6767,-45.0,60.28505859375001,35678743.44269405
6768,-41.25,60.28505859375001,34481938.21471011
6769,-37.5,60.28505859375001,33285132.986726165
6770,-33.75,60.28505859375001,42314561.082890436
6771,-30.0,60.28505859375001,71796455.82735115
6772,-56.25,60.29246826171876,31851212.292704627
6773,-52.5,60.29246826171876,36352015.27005034
6774,-48.75,60.29246826171876,36433793.64046695
6775,-45.0,60.29246826171876,36515572.010883555
6776,-41.25,60.29246826171876,35012767.17836492
6777,-37.5,60.29246826171876,33509962.34584628
6778,-33.75,60.29246826171876,42362255.15385309
6779,-30.0,60.29246826171876,71924743.24291077
6780,-56.25,60.29987792968751,31992891.44242775
6781,-52.5,60.29987792968751,36683577.637267865
6782,-48.75,60.29987792968751,37017989.108170465
6783,-45.0,60.29987792968751,37352400.57907306
6784,-41.25,60.29987792968751,35543596.142019734
6785,-37.5,60.29987792968751,33734791.7049664
6786,-33.75,60.29987792968751,42409949.22481574
6787,-30.0,60.29987792968751,72053030.65847039
6788,-56.25,60.30728759765626,31609816.256374735
6789,-52.5,60.30728759765626,36105975.53072165
6790,-48.75,60.30728759765626,36225043.56592161
6791,-45.0,60.30728759765626,36344111.601121575
6792,-41.25,60.30728759765626,35383136.63076093
6793,-37.5,60.30728759765626,34422161.66040029
6794,-33.75,60.30728759765626,43527569.69429033
6795,-30.0,60.30728759765626,72765743.73668177
6796,-56.25,60.31469726562501,31217951.21545251
6797,-52.5,60.31469726562501,35513144.53852011
6798,-48.75,60.31469726562501,35409030.33506736
6799,-45.0,60.31469726562501,35304916.1316146
6800,-41.25,60.31469726562501,35211097.748064585
6801,-37.5,60.31469726562501,35117279.36451456
6802,-33.75,60.31469726562501,44663111.878979675
6803,-30.0,60.31469726562501,73488246.18947509
6804,-56.25,60.3295166015625,30434221.133607704
6805,-52.5,60.3295166015625,34327482.55411648
6806,-48.75,60.3295166015625,33777003.87335808
6807,-45.0,60.3295166015625,33226525.19259967
6808,-41.25,60.3295166015625,34867019.982671715
6809,-37.5,60.3295166015625,36507514.77274376
6810,-33.75,60.3295166015625,46934196.24835945
6811,-30.0,60.3295166015625,74933251.09506239
6812,-56.25,60.34433593750001,29650491.051762138
6813,-52.5,60.34433593750001,33141820.569711708
6814,-48.75,60.34433593750001,32144977.411647227
6815,-45.0,60.34433593750001,31148134.25358274
6816,-41.25,60.34433593750001,34522942.21727852
6817,-37.5,60.34433593750001,37897750.180974305
6818,-33.75,60.34433593750001,49205280.61774138
6819,-30.0,60.34433593750001,76378256.00065109
6820,-56.25,60.35915527343751,28866760.969917327
6821,-52.5,60.35915527343751,31956158.58530808
6822,-48.75,60.35915527343751,30512950.94993794
6823,-45.0,60.35915527343751,29069743.314567804
6824,-41.25,60.35915527343751,34178864.451885656
6825,-37.5,60.35915527343751,39287985.589203514
6826,-33.75,60.35915527343751,51476364.987121165
6827,-30.0,60.35915527343751,77823260.9062384
6828,-56.25,60.373974609375,28083030.88807289
6829,-52.5,60.373974609375,30770496.600905016
6830,-48.75,60.373974609375,28880924.488229442
6831,-45.0,60.373974609375,26991352.37555386
6832,-41.25,60.373974609375,33834786.68649296
6833,-37.5,60.373974609375,40678220.99743205
6834,-33.75,60.373974609375,53747449.35649984
6835,-30.0,60.373974609375,79268265.81182502
6836,-56.25,60.3887939453125,27299300.8062277
6837,-52.5,60.3887939453125,29584834.616500814
6838,-48.75,60.3887939453125,27248898.02651937
6839,-45.0,60.3887939453125,24912961.43653793
6840,-41.25,60.3887939453125,33490708.921099924
6841,-37.5,60.3887939453125,42068456.405661926
6842,-33.75,60.3887939453125,56018533.7258807
6843,-30.0,60.3887939453125,80713270.71741301
6844,-56.25,60.40361328125,26515570.724382512
6845,-52.5,60.40361328125,28399172.632096607
6846,-48.75,60.40361328125,25616871.5648093
6847,-45.0,60.40361328125,22834570.497521993
6848,-41.25,60.40361328125,33146631.155706897
6849,-37.5,60.40361328125,43458691.8138918
6850,-33.75,60.40361328125,58289618.09526156
6851,-30.0,60.40361328125,82158275.62300101
6852,-56.25,60.41843261718751,25731840.64253695
6853,-52.5,60.41843261718751,27213510.64769184
6854,-48.75,60.41843261718751,23984845.103098452
6855,-45.0,60.41843261718751,20756179.558505062
6856,-41.25,60.41843261718751,32802553.3903137
6857,-37.5,60.41843261718751,44848927.22212234
6858,-33.75,60.41843261718751,60560702.46464351
6859,-30.0,60.41843261718751,83603280.52858971
6860,-56.25,60.433251953125,24948110.56069251
6861,-52.5,60.433251953125,26027848.663288776
6862,-48.75,60.433251953125,22352818.641389947
6863,-45.0,60.433251953125,18677788.61949112
6864,-41.25,60.433251953125,32458475.624921
6865,-37.5,60.433251953125,46239162.63035088
6866,-33.75,60.433251953125,62831786.834022194
6867,-30.0,60.433251953125,85048285.43417633
6868,-56.25,60.4480712890625,24164380.4788477
6869,-52.5,60.4480712890625,24842186.678885143
6870,-48.75,60.4480712890625,20720792.179680664
6871,-45.0,60.4480712890625,16599397.680476181
6872,-41.25,60.4480712890625,32114397.85952814
6873,-37.5,60.4480712890625,47629398.0385801
6874,-33.75,60.4480712890625,65102871.20340195
6875,-30.0,60.4480712890625,86493290.33976364
6876,-56.25,60.462890625,23380650.39700251
6877,-52.5,60.462890625,23656524.694480937
6878,-48.75,60.462890625,19088765.717970595
6879,-45.0,60.462890625,14521006.741460247
6880,-41.25,60.462890625,31770320.094135106
6881,-37.5,60.462890625,49019633.44680997
6882,-33.75,60.462890625,67373955.57278281
6883,-30.0,60.462890625,87938295.24535163
6884,-26.25,60.23319091796876,99816185.25071612
6885,-22.5,60.23319091796876,139010431.5733911
6886,-18.75,60.23319091796876,183342930.39126256
6887,-15.0,60.23319091796876,227675429.20913398
6888,-26.25,60.2406005859375,100025066.01087232
6889,-22.5,60.2406005859375,139556911.06301832
6890,-18.75,60.2406005859375,184355511.30279785
6891,-15.0,60.2406005859375,229154111.5425774
6892,-26.25,60.24801025390625,100233946.7710289
6893,-22.5,60.24801025390625,140103390.55264655
6894,-18.75,60.24801025390625,185368092.21433508
6895,-15.0,60.24801025390625,230632793.87602362
6896,-26.25,60.255419921875,100442827.53118551
6897,-22.5,60.255419921875,140649870.04227477
6898,-18.75,60.255419921875,186380673.1258723
6899,-15.0,60.255419921875,232111476.20946983
6900,-26.25,60.26282958984375,100651708.2913419
6901,-22.5,60.26282958984375,141196349.5319025
6902,-18.75,60.26282958984375,187393254.0374086
6903,-15.0,60.26282958984375,233590158.54291463
6904,-26.25,60.27023925781251,100860589.0514989
6905,-22.5,60.27023925781251,141742829.0215318
6906,-18.75,60.27023925781251,188405834.94894776
6907,-15.0,60.27023925781251,235068840.8763637
6908,-26.25,60.27764892578126,101069469.8116553
6909,-22.5,60.27764892578126,142289308.5111595
6910,-18.75,60.27764892578126,189418415.860484
6911,-15.0,60.27764892578126,236547523.2098085
6912,-26.25,60.28505859375001,101278350.57181188
6913,-22.5,60.28505859375001,142835788.0007878
6914,-18.75,60.28505859375001,190430996.77202123
6915,-15.0,60.28505859375001,238026205.54325473
6916,-26.25,60.29246826171876,101487231.33196847
6917,-22.5,60.29246826171876,143382267.49041602
6918,-18.75,60.29246826171876,191443577.6835585
6919,-15.0,60.29246826171876,239504887.87670097
6920,-26.25,60.29987792968751,101696112.09212506
6921,-22.5,60.29987792968751,143928746.98004425
6922,-18.75,60.29987792968751,192456158.59509572
6923,-15.0,60.29987792968751,240983570.21014717
6924,-26.25,60.30728759765626,102003917.77907322
6925,-22.5,60.30728759765626,143200021.2268519
6926,-18.75,60.30728759765626,190375089.37732416
6927,-15.0,60.30728759765626,237550157.52779645
6928,-26.25,60.31469726562501,102313380.4999705
6929,-22.5,60.31469726562501,142449935.25183997
6930,-18.75,60.31469726562501,188242200.2243965
6931,-15.0,60.31469726562501,234034465.196953
6932,-26.25,60.3295166015625,102932305.94176535
6933,-22.5,60.3295166015625,140949763.30181545
6934,-18.75,60.3295166015625,183976421.9185391
6935,-15.0,60.3295166015625,227003080.5352628
6936,-26.25,60.34433593750001,103551231.38356078
6937,-22.5,60.34433593750001,139449591.35178944
6938,-18.75,60.34433593750001,179710643.61267763
6939,-15.0,60.34433593750001,219971695.8735658
6940,-26.25,60.35915527343751,104170156.82535563
6941,-22.5,60.35915527343751,137949419.40176493
6942,-18.75,60.35915527343751,175444865.30682027
6943,-15.0,60.35915527343751,212940311.2118756
6944,-26.25,60.373974609375,104789082.26715018
6945,-22.5,60.373974609375,136449247.45174113
6946,-18.75,60.373974609375,171179087.00096494
6947,-15.0,60.373974609375,205908926.55018875
6948,-26.25,60.3887939453125,105408007.70894533
6949,-22.5,60.3887939453125,134949075.50171587
6950,-18.75,60.3887939453125,166913308.6951055
6951,-15.0,60.3887939453125,198877541.88849515
6952,-26.25,60.40361328125,106026933.15074047
6953,-22.5,60.40361328125,133448903.55169061
6954,-18.75,60.40361328125,162647530.38924608
6955,-15.0,60.40361328125,191846157.2268015
6956,-26.25,60.41843261718751,106645858.59253591
6957,-22.5,60.41843261718751,131948731.60166463
6958,-18.75,60.41843261718751,158381752.0833846
6959,-15.0,60.41843261718751,184814772.56510457
6960,-26.25,60.433251953125,107264784.03433049
6961,-22.5,60.433251953125,130448559.6516408
6962,-18.75,60.433251953125,154115973.77752927
6963,-15.0,60.433251953125,177783387.9034177
6964,-26.25,60.4480712890625,107883709.47612531
6965,-22.5,60.4480712890625,128948387.70161627
6966,-18.75,60.4480712890625,149850195.47167188
6967,-15.0,60.4480712890625,170752003.2417275
6968,-26.25,60.462890625,108502634.91792046
6969,-22.5,60.462890625,127448215.751591
6970,-18.75,60.462890625,145584417.16581243
6971,-15.0,60.462890625,163720618.58003387
6972,-11.25,60.23319091796876,208469917.48770964
6973,-7.5,60.23319091796876,189264405.76628527
6974,-11.25,60.2406005859375,209379711.41788805
6975,-7.5,60.2406005859375,189605311.2931987
6976,-3.75,60.23319091796876,181991609.54672706
6977,0.0,60.23319091796876,198584244.3309011
6978,-3.75,60.2406005859375,181815524.69167754
6979,0.0,60.2406005859375,197994965.1364928
6980,-11.25,60.24801025390625,210289505.34806824
6981,-7.5,60.24801025390625,189946216.8201128
6982,-11.25,60.255419921875,211199299.27824837
6983,-7.5,60.255419921875,190287122.34702688
6984,-3.75,60.24801025390625,181639439.83662775
6985,0.0,60.24801025390625,197405685.94208336
6986,-3.75,60.255419921875,181463354.9815779
6987,0.0,60.255419921875,196816406.7476739
6988,-11.25,60.26282958984375,212109093.20842764
6989,-7.5,60.26282958984375,190628027.87394065
6990,-11.25,60.27023925781251,213018887.13860953
6991,-7.5,60.27023925781251,190968933.40085536
6992,-3.75,60.26282958984375,181287270.12652823
6993,0.0,60.26282958984375,196227127.55326504
6994,-3.75,60.27023925781251,181111185.2714781
6995,0.0,60.27023925781251,195637848.35885447
6996,-11.25,60.27764892578126,213928681.06878883
6997,-7.5,60.27764892578126,191309838.92776912
6998,-11.25,60.28505859375001,214838474.99896896
6999,-7.5,60.28505859375001,191650744.45468324
7000,-3.75,60.27764892578126,180935100.41642845
7001,0.0,60.27764892578126,195048569.16444558
7002,-3.75,60.28505859375001,180759015.56137857
7003,0.0,60.28505859375001,194459289.97003615
7004,-11.25,60.29246826171876,215748268.92914915
7005,-7.5,60.29246826171876,191991649.98159733
7006,-11.25,60.29987792968751,216658062.8593293
7007,-7.5,60.29987792968751,192332555.5085114
7008,-3.75,60.29246826171876,180582930.70632878
7009,0.0,60.29246826171876,193870010.77562672
7010,-3.75,60.29987792968751,180406845.85127893
7011,0.0,60.29987792968751,193280731.5812173
7012,-11.25,60.30728759765626,213947240.3808161
7013,-7.5,60.30728759765626,190344323.2338358
7014,-11.25,60.31469726562501,211175771.0612961
7015,-7.5,60.31469726562501,188317076.92563924
7016,-3.75,60.30728759765626,179801071.62713248
7017,0.0,60.30728759765626,195377151.10098323
7018,-3.75,60.31469726562501,179188099.9261182
7019,0.0,60.31469726562501,197518557.19886866
7020,-11.25,60.3295166015625,205632832.4222535
7021,-7.5,60.3295166015625,184262584.30924422
7022,-11.25,60.34433593750001,200089893.78320557
7023,-7.5,60.34433593750001,180208091.69284534
7024,-3.75,60.3295166015625,177962156.52408898
7025,0.0,60.3295166015625,201801369.3946416
7026,-3.75,60.34433593750001,176736213.12205854
7027,0.0,60.34433593750001,206084181.59041864
7028,-11.25,60.35915527343751,194546955.14416298
7029,-7.5,60.35915527343751,176153599.07645035
7030,-11.25,60.373974609375,189004016.50512302
7031,-7.5,60.373974609375,172099106.4600573
7032,-3.75,60.35915527343751,175510269.72002935
7033,0.0,60.35915527343751,210366993.7861916
7034,-3.75,60.373974609375,174284326.31800073
7035,0.0,60.373974609375,214649805.9819625
7036,-11.25,60.3887939453125,183461077.86607772
7037,-7.5,60.3887939453125,168044613.84366035
7038,-11.25,60.40361328125,177918139.22703245
7039,-7.5,60.40361328125,163990121.2272634
7040,-3.75,60.3887939453125,173058382.91597095
7041,0.0,60.3887939453125,218932618.17773747
7042,-3.75,60.40361328125,171832439.51394114
7043,0.0,60.40361328125,223215430.37351248
7044,-11.25,60.41843261718751,172375200.58798453
7045,-7.5,60.41843261718751,159935628.61086452
7046,-11.25,60.433251953125,166832261.94894457
7047,-7.5,60.433251953125,155881135.99447143
7048,-3.75,60.41843261718751,170606496.11191073
7049,0.0,60.41843261718751,227498242.56928954
7050,-3.75,60.433251953125,169380552.7098821
7051,0.0,60.433251953125,231781054.76506042
7052,-11.25,60.4480712890625,161289323.30990198
7053,-7.5,60.4480712890625,151826643.37807643
7054,-11.25,60.462890625,155746384.67085668
7055,-7.5,60.462890625,147772150.7616795
7056,-3.75,60.4480712890625,168154609.3078529
7057,0.0,60.4480712890625,236063866.96083337
7058,-3.75,60.462890625,166928665.9058231
7059,0.0,60.462890625,240346679.15660834
7060,-116.25,60.4777099609375,0.0
7061,-120.0,60.4777099609375,0.0
7062,-112.5,60.4777099609375,0.0
7063,-108.75,60.4777099609375,0.0
7064,-105.0,60.4777099609375,0.0
7065,-101.25,60.4777099609375,0.0
7066,-97.5,60.4777099609375,0.0
7067,-93.75,60.4777099609375,0.0
7068,-90.0,60.4777099609375,0.0
7069,-116.25,60.492529296875,0.0
7070,-120.0,60.492529296875,0.0
7071,-112.5,60.492529296875,0.0
7072,-108.75,60.492529296875,0.0
7073,-105.0,60.492529296875,0.0
7074,-101.25,60.492529296875,0.0
7075,-97.5,60.492529296875,0.0
7076,-93.75,60.492529296875,0.0
7077,-90.0,60.492529296875,0.0
7078,-86.25,60.4777099609375,0.0
7079,-82.5,60.4777099609375,0.0
7080,-78.75,60.4777099609375,0.0
7081,-75.0,60.4777099609375,0.0
7082,-71.25,60.4777099609375,30030.287342162635
7083,-67.5,60.4777099609375,60060.57468432527
7084,-63.75,60.4777099609375,3296772.1303759892
7085,-60.0,60.4777099609375,12946846.222766656
7086,-86.25,60.492529296875,0.0
7087,-82.5,60.492529296875,0.0
7088,-78.75,60.492529296875,0.0
7089,-75.0,60.492529296875,0.0
7090,-71.25,60.492529296875,10064.91558237095
7091,-67.5,60.492529296875,20129.8311647419
7092,-63.75,60.492529296875,3139175.554661492
7093,-60.0,60.492529296875,12476182.893987
7094,-116.25,60.50734863281249,0.0
7095,-120.0,60.50734863281249,0.0
7096,-112.5,60.50734863281249,0.0
7097,-108.75,60.50734863281249,0.0
7098,-105.0,60.50734863281249,0.0
7099,-101.25,60.50734863281249,0.0
7100,-97.5,60.50734863281249,0.0
7101,-93.75,60.50734863281249,0.0
7102,-90.0,60.50734863281249,0.0
7103,-116.25,60.52216796875,0.0
7104,-120.0,60.52216796875,0.0
7105,-112.5,60.52216796875,0.0
7106,-108.75,60.52216796875,0.0
7107,-105.0,60.52216796875,0.0
7108,-101.25,60.52216796875,0.0
7109,-97.5,60.52216796875,0.0
7110,-93.75,60.52216796875,0.0
7111,-90.0,60.52216796875,0.0
7112,-86.25,60.50734863281249,0.0
7113,-82.5,60.50734863281249,0.0
7114,-78.75,60.50734863281249,0.0
7115,-75.0,60.50734863281249,0.0
7116,-71.25,60.50734863281249,0.0
7117,-67.5,60.50734863281249,0.0
7118,-63.75,60.50734863281249,3049505.9252979076
7119,-60.0,60.50734863281249,12198023.70119163
7120,-86.25,60.52216796875,0.0
7121,-82.5,60.52216796875,0.0
7122,-78.75,60.52216796875,0.0
7123,-75.0,60.52216796875,0.0
7124,-71.25,60.52216796875,0.0
7125,-67.5,60.52216796875,0.0
7126,-63.75,60.52216796875,3028891.596875808
7127,-60.0,60.52216796875,12115566.387503233
7128,-116.25,60.5369873046875,0.0
7129,-120.0,60.5369873046875,0.0
7130,-112.5,60.5369873046875,0.0
7131,-108.75,60.5369873046875,0.0
7132,-105.0,60.5369873046875,0.0
7133,-101.25,60.5369873046875,0.0
7134,-97.5,60.5369873046875,0.0
7135,-93.75,60.5369873046875,0.0
7136,-90.0,60.5369873046875,0.0
7137,-116.25,60.551806640625,0.0
7138,-120.0,60.551806640625,0.0
7139,-112.5,60.551806640625,0.0
7140,-108.75,60.551806640625,0.0
7141,-105.0,60.551806640625,0.0
7142,-101.25,60.551806640625,0.0
7143,-97.5,60.551806640625,0.0
7144,-93.75,60.551806640625,0.0
7145,-90.0,60.551806640625,0.0
7146,-86.25,60.5369873046875,0.0
7147,-82.5,60.5369873046875,0.0
7148,-78.75,60.5369873046875,0.0
7149,-75.0,60.5369873046875,0.0
7150,-71.25,60.5369873046875,0.0
7151,-67.5,60.5369873046875,0.0
7152,-63.75,60.5369873046875,3008277.2684537186
7153,-60.0,60.5369873046875,12033109.073814875
7154,-86.25,60.551806640625,0.0
7155,-82.5,60.551806640625,0.0
7156,-78.75,60.551806640625,0.0
7157,-75.0,60.551806640625,0.0
7158,-71.25,60.551806640625,0.0
7159,-67.5,60.551806640625,0.0
7160,-63.75,60.551806640625,2987662.9400316295
7161,-60.0,60.551806640625,11950651.760126518
7162,-116.25,60.56662597656251,0.0
7163,-120.0,60.56662597656251,0.0
7164,-112.5,60.56662597656251,0.0
7165,-108.75,60.56662597656251,0.0
7166,-105.0,60.56662597656251,0.0
7167,-101.25,60.56662597656251,0.0
7168,-97.5,60.56662597656251,0.0
7169,-93.75,60.56662597656251,0.0
7170,-90.0,60.56662597656251,0.0
7171,-116.25,60.5814453125,0.0
7172,-120.0,60.5814453125,0.0
7173,-112.5,60.5814453125,0.0
7174,-108.75,60.5814453125,0.0
7175,-105.0,60.5814453125,0.0
7176,-101.25,60.5814453125,0.0
7177,-97.5,60.5814453125,0.0
7178,-93.75,60.5814453125,0.0
7179,-90.0,60.5814453125,0.0
7180,-86.25,60.56662597656251,0.0
7181,-82.5,60.56662597656251,0.0
7182,-78.75,60.56662597656251,0.0
7183,-75.0,60.56662597656251,0.0
7184,-71.25,60.56662597656251,0.0
7185,-67.5,60.56662597656251,0.0
7186,-63.75,60.56662597656251,2967048.61160953
7187,-60.0,60.56662597656251,11868194.44643812
7188,-86.25,60.5814453125,0.0
7189,-82.5,60.5814453125,0.0
7190,-78.75,60.5814453125,0.0
7191,-75.0,60.5814453125,0.0
7192,-71.25,60.5814453125,0.0
7193,-67.5,60.5814453125,0.0
7194,-63.75,60.5814453125,2946434.283187461
7195,-60.0,60.5814453125,11785737.132749844
7196,-56.25,60.4777099609375,22596920.315157324
7197,-52.5,60.4777099609375,22470862.71007674
7198,-48.75,60.4777099609375,17456739.256260525
7199,-45.0,60.4777099609375,12442615.802444315
7200,-41.25,60.4777099609375,31426242.32874208
7201,-37.5,60.4777099609375,50409868.85503984
7202,-33.75,60.4777099609375,69645039.94216368
7203,-30.0,60.4777099609375,89383300.15093964
7204,-56.25,60.492529296875,21813190.23331251
7205,-52.5,60.492529296875,21285200.7256731
7206,-48.75,60.492529296875,15824712.794551238
7207,-45.0,60.492529296875,10364224.863429375
7208,-41.25,60.492529296875,31082164.563349213
7209,-37.5,60.492529296875,51800104.26326905
7210,-33.75,60.492529296875,71916124.31154345
7211,-30.0,60.492529296875,90828305.05652696
7212,-56.25,60.50734863281249,21346541.477085352
7213,-52.5,60.50734863281249,20583749.02296794
7214,-48.75,60.50734863281249,14865301.453844959
7215,-45.0,60.50734863281249,9146853.884721981
7216,-41.25,60.50734863281249,30223312.317480084
7217,-37.5,60.50734863281249,51299770.75023818
7218,-33.75,60.50734863281249,71997469.0593446
7219,-30.0,60.50734863281249,91937647.1211477
7220,-56.25,60.52216796875,21202241.178130656
7221,-52.5,60.52216796875,20374550.962122418
7222,-48.75,60.52216796875,14589678.242796348
7223,-45.0,60.52216796875,8804805.523470279
7224,-41.25,60.52216796875,28841134.520027254
7225,-37.5,60.52216796875,48877463.516584225
7226,-33.75,60.52216796875,69852699.77324231
7227,-30.0,60.52216796875,92705750.55010265
7228,-56.25,60.5369873046875,21057940.87917603
7229,-52.5,60.5369873046875,20165352.901277
7230,-48.75,60.5369873046875,14314055.03174787
7231,-45.0,60.5369873046875,8462757.162218742
7232,-41.25,60.5369873046875,27458956.722575095
7233,-37.5,60.5369873046875,46455156.28293145
7234,-33.75,60.5369873046875,67707930.48714106
7235,-30.0,60.5369873046875,93473853.97905722
7236,-56.25,60.551806640625,20913640.580221407
7237,-52.5,60.551806640625,19956154.840431582
7238,-48.75,60.551806640625,14038431.820699392
7239,-45.0,60.551806640625,8120708.800967203
7240,-41.25,60.551806640625,26076778.925122928
7241,-37.5,60.551806640625,44032849.04927865
7242,-33.75,60.551806640625,65563161.2010398
7243,-30.0,60.551806640625,94241957.4080118
7244,-56.25,60.56662597656251,20769340.28126671
7245,-52.5,60.56662597656251,19746956.779586058
7246,-48.75,60.56662597656251,13762808.609650781
7247,-45.0,60.56662597656251,7778660.439715502
7248,-41.25,60.56662597656251,24694601.127670106
7249,-37.5,60.56662597656251,41610541.81562471
7250,-33.75,60.56662597656251,63418391.91493751
7251,-30.0,60.56662597656251,95010060.83696672
7252,-56.25,60.5814453125,20625039.982312225
7253,-52.5,60.5814453125,19537758.718740836
7254,-48.75,60.5814453125,13487185.398602566
7255,-45.0,60.5814453125,7436612.078464293
7256,-41.25,60.5814453125,23312423.33021927
7257,-37.5,60.5814453125,39188234.58197424
7258,-33.75,60.5814453125,61273622.62883831
7259,-30.0,60.5814453125,95778164.26592056
7260,-26.25,60.4777099609375,109121560.3597156
7261,-22.5,60.4777099609375,125948043.80156577
7262,-18.75,60.4777099609375,141318638.85995305
7263,-15.0,60.4777099609375,156689233.9183403
7264,-26.25,60.492529296875,109740485.80151044
7265,-22.5,60.492529296875,124447871.85154124
7266,-18.75,60.492529296875,137052860.55409563
7267,-15.0,60.492529296875,149657849.25665006
7268,-26.25,60.50734863281249,111877825.18295081
7269,-22.5,60.50734863281249,125619314.18599716
7270,-18.75,60.50734863281249,136261458.6596651
7271,-15.0,60.50734863281249,146903603.13333306
7272,-26.25,60.52216796875,115558801.32696299
7273,-22.5,60.52216796875,129506749.7797689
7274,-18.75,60.52216796875,139002147.0705476
7275,-15.0,60.52216796875,148497544.36132634
7276,-26.25,60.5369873046875,119239777.47097339
7277,-22.5,60.5369873046875,133394185.3735388
7278,-18.75,60.5369873046875,141742835.48142883
7279,-15.0,60.5369873046875,150091485.58931884
7280,-26.25,60.551806640625,122920753.61498377
7281,-22.5,60.551806640625,137281620.96730867
7282,-18.75,60.551806640625,144483523.89231002
7283,-15.0,60.551806640625,151685426.81731138
7284,-26.25,60.56662597656251,126601729.75899595
7285,-22.5,60.56662597656251,141169056.56108043
7286,-18.75,60.56662597656251,147224212.3031925
7287,-15.0,60.56662597656251,153279368.04530463
7288,-26.25,60.5814453125,130282705.90300283
7289,-22.5,60.5814453125,145056492.15484658
7290,-18.75,60.5814453125,149964900.7140711
7291,-15.0,60.5814453125,154873309.27329564
7292,-11.25,60.4777099609375,150203446.03181142
7293,-7.5,60.4777099609375,143717658.14528254
7294,-11.25,60.492529296875,144660507.3927688
7295,-7.5,60.492529296875,139663165.52888754
7296,-3.75,60.4777099609375,165702722.5037933
7297,0.0,60.4777099609375,244629491.35238332
7298,-3.75,60.492529296875,164476779.10176408
7299,0.0,60.492529296875,248912303.54815626
7300,-11.25,60.50734863281249,142346679.99101412
7301,-7.5,60.50734863281249,137789756.84869516
7302,-11.25,60.52216796875,143315603.548102
7303,-7.5,60.52216796875,138133662.73487762
7304,-3.75,60.50734863281249,163512157.11647052
7305,0.0,60.50734863281249,249793204.20443448
7306,-3.75,60.52216796875,162813197.43523258
7307,0.0,60.52216796875,247215683.16274622
7308,-11.25,60.5369873046875,144284527.1051894
7309,-7.5,60.5369873046875,138477568.62105995
7310,-11.25,60.551806640625,145253450.6622768
7311,-7.5,60.551806640625,138821474.50724226
7312,-3.75,60.5369873046875,162114237.75399503
7313,0.0,60.5369873046875,244638162.12105927
7314,-3.75,60.551806640625,161415278.07275748
7315,0.0,60.551806640625,242060641.07937226
7316,-11.25,60.56662597656251,146222374.21936467
7317,-7.5,60.56662597656251,139165380.39342472
7318,-11.25,60.5814453125,147191297.77645117
7319,-7.5,60.5814453125,139509286.2796067
7320,-3.75,60.56662597656251,160716318.39151958
7321,0.0,60.56662597656251,239483120.03768402
7322,-3.75,60.5814453125,160017358.71028268
7323,0.0,60.5814453125,236905598.99599952
7324,-116.25,60.5962646484375,0.0
7325,-120.0,60.5962646484375,0.0
7326,-112.5,60.5962646484375,0.0
7327,-108.75,60.5962646484375,0.0
7328,-105.0,60.5962646484375,0.0
7329,-101.25,60.5962646484375,0.0
7330,-97.5,60.5962646484375,0.0
7331,-93.75,60.5962646484375,0.0
7332,-90.0,60.5962646484375,0.0
7333,-116.25,60.611083984375,0.0
7334,-120.0,60.611083984375,0.0
7335,-112.5,60.611083984375,0.0
7336,-108.75,60.611083984375,0.0
7337,-105.0,60.611083984375,0.0
7338,-101.25,60.611083984375,0.0
7339,-97.5,60.611083984375,0.0
7340,-93.75,60.611083984375,0.0
7341,-90.0,60.611083984375,0.0
7342,-86.25,60.5962646484375,0.0
7343,-82.5,60.5962646484375,0.0
7344,-78.75,60.5962646484375,0.0
7345,-75.0,60.5962646484375,0.0
7346,-71.25,60.5962646484375,0.0
7347,-67.5,60.5962646484375,0.0
7348,-63.75,60.5962646484375,2925819.9547653813
7349,-60.0,60.5962646484375,11703279.819061525
7350,-86.25,60.611083984375,0.0
7351,-82.5,60.611083984375,0.0
7352,-78.75,60.611083984375,0.0
7353,-75.0,60.611083984375,0.0
7354,-71.25,60.611083984375,0.0
7355,-67.5,60.611083984375,0.0
7356,-63.75,60.611083984375,2905205.626343292
7357,-60.0,60.611083984375,11620822.505373169
7358,-116.25,60.6259033203125,0.0
7359,-120.0,60.6259033203125,0.0
7360,-112.5,60.6259033203125,0.0
7361,-108.75,60.6259033203125,0.0
7362,-105.0,60.6259033203125,0.0
7363,-101.25,60.6259033203125,0.0
7364,-97.5,60.6259033203125,0.0
7365,-93.75,60.6259033203125,0.0
7366,-90.0,60.6259033203125,0.0
7367,-116.25,60.64072265625001,0.0
7368,-120.0,60.64072265625001,0.0
7369,-112.5,60.64072265625001,0.0
7370,-108.75,60.64072265625001,0.0
7371,-105.0,60.64072265625001,0.0
7372,-101.25,60.64072265625001,0.0
7373,-97.5,60.64072265625001,0.0
7374,-93.75,60.64072265625001,0.0
7375,-90.0,60.64072265625001,0.0
7376,-86.25,60.6259033203125,0.0
7377,-82.5,60.6259033203125,0.0
7378,-78.75,60.6259033203125,0.0
7379,-75.0,60.6259033203125,0.0
7380,-71.25,60.6259033203125,0.0
7381,-67.5,60.6259033203125,0.0
7382,-63.75,60.6259033203125,2884591.297921203
7383,-60.0,60.6259033203125,11538365.191684812
7384,-86.25,60.64072265625001,0.0
7385,-82.5,60.64072265625001,0.0
7386,-78.75,60.64072265625001,0.0
7387,-75.0,60.64072265625001,0.0
7388,-71.25,60.64072265625001,0.0
7389,-67.5,60.64072265625001,0.0
7390,-63.75,60.64072265625001,2863976.9694991037
7391,-60.0,60.64072265625001,11455907.877996415
7392,-56.25,60.5962646484375,20480739.68335767
7393,-52.5,60.5962646484375,19328560.65789552
7394,-48.75,60.5962646484375,13211562.18755422
7395,-45.0,60.5962646484375,7094563.717212919
7396,-41.25,60.5962646484375,21930245.53276777
7397,-37.5,60.5962646484375,36765927.348322615
7398,-33.75,60.5962646484375,59128853.34273808
7399,-30.0,60.5962646484375,96546267.69487476
7400,-56.25,60.611083984375,20336439.384403042
7401,-52.5,60.611083984375,19119362.5970501
7402,-48.75,60.611083984375,12935938.97650574
7403,-45.0,60.611083984375,6752515.355961381
7404,-41.25,60.611083984375,20548067.735315602
7405,-37.5,60.611083984375,34343620.11466982
7406,-33.75,60.611083984375,56984084.05663681
7407,-30.0,60.611083984375,97314371.12382933
7408,-56.25,60.6259033203125,20192139.08544842
7409,-52.5,60.6259033203125,18910164.536204677
7410,-48.75,60.6259033203125,12660315.765457261
7411,-45.0,60.6259033203125,6410466.994709844
7412,-41.25,60.6259033203125,19165889.93786344
7413,-37.5,60.6259033203125,31921312.881017037
7414,-33.75,60.6259033203125,54839314.77053556
7415,-30.0,60.6259033203125,98082474.5527839
7416,-56.25,60.64072265625001,20047838.786493726
7417,-52.5,60.64072265625001,18700966.475359157
7418,-48.75,60.64072265625001,12384692.554408649
7419,-45.0,60.64072265625001,6068418.633458141
7420,-41.25,60.64072265625001,17783712.140410613
7421,-37.5,60.64072265625001,29499005.64736309
7422,-33.75,60.64072265625001,52694545.48443326
7423,-30.0,60.64072265625001,98850577.98173884
7424,-26.25,60.5962646484375,133963682.04701144
7425,-22.5,60.5962646484375,148943927.7486146
7426,-18.75,60.5962646484375,152705589.124951
7427,-15.0,60.5962646484375,156467250.50128737
7428,-26.25,60.611083984375,137644658.19102186
7429,-22.5,60.611083984375,152831363.3423845
7430,-18.75,60.611083984375,155446277.53583217
7431,-15.0,60.611083984375,158061191.72927988
7432,-26.25,60.6259033203125,141325634.33503222
7433,-22.5,60.6259033203125,156718798.93615437
7434,-18.75,60.6259033203125,158186965.9467134
7435,-15.0,60.6259033203125,159655132.9572724
7436,-26.25,60.64072265625001,145006610.4790444
7437,-22.5,60.64072265625001,160606234.52992612
7438,-18.75,60.64072265625001,160927654.3575959
7439,-15.0,60.64072265625001,161249074.18526566
7440,-11.25,60.5962646484375,148160221.33353812
7441,-7.5,60.5962646484375,139853192.16578886
7442,-11.25,60.611083984375,149129144.8906255
7443,-7.5,60.611083984375,140197098.05197117
7444,-3.75,60.5962646484375,159318399.02904546
7445,0.0,60.5962646484375,234328077.95431378
7446,-3.75,60.611083984375,158619439.34780788
7447,0.0,60.611083984375,231750556.91262677
7448,-11.25,60.6259033203125,150098068.44771293
7449,-7.5,60.6259033203125,140541003.93815348
7450,-11.25,60.64072265625001,151066992.0048008
7451,-7.5,60.64072265625001,140884909.82433593
7452,-3.75,60.6259033203125,157920479.66657034
7453,0.0,60.6259033203125,229173035.8709398
7454,-3.75,60.64072265625001,157221519.98533243
7455,0.0,60.64072265625001,226595514.8292516
7456,-116.25,60.65554199218751,0.0
7457,-120.0,60.65554199218751,0.0
7458,-112.5,60.65554199218751,0.0
7459,-108.75,60.65554199218751,0.0
7460,-105.0,60.65554199218751,0.0
7461,-101.25,60.65554199218751,0.0
7462,-97.5,60.65554199218751,0.0
7463,-93.75,60.65554199218751,0.0
7464,-90.0,60.65554199218751,0.0
7465,-116.25,60.670361328125,0.0
7466,-120.0,60.670361328125,0.0
7467,-112.5,60.670361328125,0.0
7468,-108.75,60.670361328125,0.0
7469,-105.0,60.670361328125,0.0
7470,-101.25,60.670361328125,0.0
7471,-97.5,60.670361328125,0.0
7472,-93.75,60.670361328125,0.0
7473,-90.0,60.670361328125,0.0
7474,-86.25,60.65554199218751,0.0
7475,-82.5,60.65554199218751,0.0
7476,-78.75,60.65554199218751,0.0
7477,-75.0,60.65554199218751,0.0
7478,-71.25,60.65554199218751,0.0
7479,-67.5,60.65554199218751,0.0
7480,-63.75,60.65554199218751,2843362.6410770244
7481,-60.0,60.65554199218751,11373450.564308098
7482,-86.25,60.670361328125,0.0
7483,-82.5,60.670361328125,0.0
7484,-78.75,60.670361328125,0.0
7485,-75.0,60.670361328125,0.0
7486,-71.25,60.670361328125,0.0
7487,-67.5,60.670361328125,0.0
7488,-63.75,60.670361328125,2822748.312654955
7489,-60.0,60.670361328125,11290993.25061982
7490,-56.25,60.65554199218751,19903538.48753917
7491,-52.5,60.65554199218751,18491768.414513838
7492,-48.75,60.65554199218751,12109069.343360303
7493,-45.0,60.65554199218751,5726370.272206768
7494,-41.25,60.65554199218751,16401534.342959115
7495,-37.5,60.65554199218751,27076698.413711466
7496,-33.75,60.65554199218751,50549776.19833303
7497,-30.0,60.65554199218751,99618681.41069305
7498,-56.25,60.670361328125,19759238.188584685
7499,-52.5,60.670361328125,18282570.35366862
7500,-48.75,60.670361328125,11833446.13231209
7501,-45.0,60.670361328125,5384321.9109555585
7502,-41.25,60.670361328125,15019356.545508279
7503,-37.5,60.670361328125,24654391.180060998
7504,-33.75,60.670361328125,48405006.91223383
7505,-30.0,60.670361328125,100386784.83964688
7506,-26.25,60.65554199218751,148687586.62305304
7507,-22.5,60.65554199218751,164493670.12369415
7508,-18.75,60.65554199218751,163668342.76847577
7509,-15.0,60.65554199218751,162843015.4132574
7510,-26.25,60.670361328125,152368562.76705992
7511,-22.5,60.670361328125,168381105.7174603
7512,-18.75,60.670361328125,166409031.17935434
7513,-15.0,60.670361328125,164436956.6412484
7514,-11.25,60.65554199218751,152035915.56188774
7515,-7.5,60.65554199218751,141228815.7105181
7516,-11.25,60.670361328125,153004839.11897424
7517,-7.5,60.670361328125,141572721.59670007
7518,-3.75,60.65554199218751,156522560.30409518
7519,0.0,60.65554199218751,224017993.78756583
7520,-3.75,60.670361328125,155823600.62285835
7521,0.0,60.670361328125,221440472.74588132
7522,-116.25,60.6851806640625,0.0
7523,-120.0,60.6851806640625,0.0
7524,-112.5,60.6851806640625,0.0
7525,-108.75,60.6851806640625,0.0
7526,-105.0,60.6851806640625,0.0
7527,-101.25,60.6851806640625,0.0
7528,-97.5,60.6851806640625,0.0
7529,-93.75,60.6851806640625,0.0
7530,-90.0,60.6851806640625,0.0
7531,-116.25,60.7,0.0
7532,-112.5,60.7,0.0
7533,-108.75,60.7,0.0
7534,-105.0,60.7,0.0
7535,-101.25,60.7,0.0
7536,-97.5,60.7,0.0
7537,-93.75,60.7,0.0
7538,-90.0,60.7,0.0
7539,-86.25,60.6851806640625,0.0
7540,-82.5,60.6851806640625,0.0
7541,-78.75,60.6851806640625,0.0
7542,-75.0,60.6851806640625,0.0
7543,-71.25,60.6851806640625,0.0
7544,-67.5,60.6851806640625,0.0
7545,-63.75,60.6851806640625,2802133.9842328653
7546,-60.0,60.6851806640625,11208535.936931461
7547,-86.25,60.7,0.0
7548,-82.5,60.7,0.0
7549,-78.75,60.7,0.0
7550,-75.0,60.7,0.0
7551,-71.25,60.7,0.0
7552,-67.5,60.7,0.0
7553,-63.75,60.7,2781519.655810776
7554,-60.0,60.7,11126078.623243105
7555,-56.25,60.6851806640625,19614937.889630057
7556,-52.5,60.6851806640625,18073372.2928232
7557,-48.75,60.6851806640625,11557822.92126361
7558,-45.0,60.6851806640625,5042273.549704021
7559,-41.25,60.6851806640625,13637178.748056117
7560,-37.5,60.6851806640625,22232083.946408216
7561,-33.75,60.6851806640625,46260237.62613256
7562,-30.0,60.6851806640625,101154888.26860143
7563,-56.25,60.7,19470637.590675432
7564,-52.5,60.7,17864174.23197778
7565,-48.75,60.7,11282199.71021513
7566,-45.0,60.7,4700225.188452483
7567,-41.25,60.7,12255000.950603953
7568,-37.5,60.7,19809776.712755423
7569,-33.75,60.7,44115468.34003131
7570,-30.0,60.7,101922991.69755602
7571,-26.25,60.6851806640625,156049538.91107032
7572,-22.5,60.6851806640625,172268541.31123018
7573,-18.75,60.6851806640625,169149719.59023556
7574,-15.0,60.6851806640625,166030897.8692409
7575,-26.25,60.7,159730515.05508074
7576,-22.5,60.7,176155976.90500006
7577,-18.75,60.7,171890408.00111675
7578,-15.0,60.7,167624839.0972334
7579,-11.25,60.6851806640625,153973762.67606166
7580,-7.5,60.6851806640625,141916627.4828824
7581,-11.25,60.7,154942686.23314905
7582,-7.5,60.7,142260533.36906472
7583,-3.75,60.6851806640625,155124640.94162077
7584,0.0,60.6851806640625,218862951.70419434
7585,-3.75,60.7,154425681.2603832
7586,0.0,60.7,216285430.66250736
7587,3.75,0.0148193359375,0.0
7588,3.75,-0.0,0.0
7589,3.75,0.029638671875,0.0
7590,7.5,0.0148193359375,0.0
7591,7.5,-0.0,0.0
7592,7.5,0.029638671875,0.0
7593,3.75,0.04445800781250001,0.0
7594,3.75,0.05927734375,0.0
7595,7.5,0.04445800781250001,0.0
7596,7.5,0.05927734375,0.0
7597,3.75,0.0740966796875,0.0
7598,7.5,0.0740966796875,0.0
7599,3.75,0.08891601562500001,0.0
7600,7.5,0.08891601562500001,0.0
7601,3.75,0.09632568359375002,0.0
7602,3.75,0.1037353515625,188211444718.0582
7603,7.5,0.09632568359375002,0.0
7604,7.5,0.1037353515625,145309117934.5061
7605,3.75,0.11114501953125,187277633057.58453
7606,3.75,0.1185546875,186343821397.11084
7607,7.5,0.11114501953125,144490324129.37894
7608,7.5,0.1185546875,143671530324.25177
7609,3.75,0.12596435546875,185410009736.63715
7610,3.75,0.1333740234375,184476198076.16342
7611,7.5,0.12596435546875,142852736519.12457
7612,7.5,0.1333740234375,142033942713.99738
7613,3.75,0.14078369140625,183542386415.68976
7614,3.75,0.148193359375,182608574755.21603
7615,7.5,0.14078369140625,141215148908.87018
7616,7.5,0.148193359375,140396355103.74298
7617,3.75,0.15560302734375,181674763094.74234
7618,3.75,0.1630126953125,180740951434.26865
7619,7.5,0.15560302734375,139577561298.61575
7620,7.5,0.1630126953125,138758767493.4886
7621,3.75,0.17042236328125,179807139773.79492
7622,3.75,0.17783203125,178873328113.32126
7623,7.5,0.17042236328125,137939973688.3614
7624,7.5,0.17783203125,137121179883.23419
7625,3.75,0.18524169921875,177939516452.84753
7626,3.75,0.1926513671875,177005704792.37384
7627,7.5,0.18524169921875,136302386078.10698
7628,7.5,0.1926513671875,135483592272.9798
7629,3.75,0.207470703125,175138081471.42645
7630,7.5,0.207470703125,133846004662.72542
7631,3.75,0.21488037109375,174204269810.95276
7632,3.75,0.2222900390625,173270458150.47906
7633,7.5,0.21488037109375,133027210857.5982
7634,7.5,0.2222900390625,132208417052.47102
7635,3.75,0.22969970703125,172336646490.00537
7636,3.75,0.237109375,171402834829.53168
7637,7.5,0.22969970703125,131389623247.34383
7638,7.5,0.237109375,130570829442.21663
7639,3.75,0.24451904296875,170469023169.05795
7640,3.75,0.2519287109375,169535211508.58426
7641,7.5,0.24451904296875,129752035637.08942
7642,7.5,0.2519287109375,128933241831.96225
7643,3.75,0.25933837890625,168601399848.11057
7644,3.75,0.266748046875,167667588187.63687
7645,7.5,0.25933837890625,128114448026.83505
7646,7.5,0.266748046875,127295654221.70784
7647,3.75,0.27415771484375,166733776527.16318
7648,3.75,0.2815673828125,165799964866.68948
7649,7.5,0.27415771484375,126476860416.58064
7650,7.5,0.2815673828125,125658066611.45346
7651,3.75,0.28897705078125,164866153206.21576
7652,3.75,0.29638671875,163932341545.74207
7653,7.5,0.28897705078125,124839272806.32625
7654,7.5,0.29638671875,124020479001.19907
7655,3.75,0.30379638671875,163380762493.96402
7656,3.75,0.3112060546875,163192980394.51367
7657,7.5,0.30379638671875,123542524542.24614
7658,7.5,0.3112060546875,123388970232.70667
7659,3.75,0.326025390625,162817416195.6129
7660,7.5,0.326025390625,123081861613.62775
7661,3.75,0.3556640625,162066287797.81146
7662,7.5,0.3556640625,122467644375.4699
7663,3.75,0.41494140625,160564031002.20856
7664,7.5,0.41494140625,121239209899.15419
7665,3.75,0.47421875,159061774206.60562
7666,7.5,0.47421875,120010775422.8385
7667,3.75,0.5927734375,154913936620.93176
7668,7.5,0.5927734375,116878756446.59029
7669,3.75,0.7113281250000001,150599086757.07428
7670,7.5,0.7113281250000001,113673015401.62953
7671,3.75,0.9484375,145261724087.63568
7672,7.5,0.9484375,109809382490.95445
7673,3.75,1.42265625,135016524371.19983
7674,7.5,1.42265625,102360889260.8821
7675,3.75,1.896875,127095142336.60905
7676,7.5,1.896875,96273600970.58025
7677,3.75,2.37109375,118373271838.47789
7678,3.75,2.8453125,114379910116.60269
7679,7.5,2.37109375,89976965164.49837
7680,7.5,2.8453125,87426173823.01656
7681,3.75,3.31953125,106799462211.10999
7682,3.75,3.79375,101393306819.46637
7683,7.5,3.31953125,81303961219.33852
7684,7.5,3.79375,77425373162.64195
7685,3.75,4.26796875,94050443331.4504
7686,3.75,4.7421875,90167402932.00555
7687,7.5,4.26796875,71603060474.71461
7688,7.5,4.7421875,69155189185.59998
7689,3.75,5.21640625,85637527156.15121
7690,3.75,5.690625000000001,79358262593.962
7691,7.5,5.21640625,65672907323.42858
7692,7.5,5.690625000000001,61017277323.19146
7693,3.75,6.164843750000001,76942499931.85214
7694,3.75,6.639062500000001,74942957014.0373
7695,7.5,6.164843750000001,59453026921.38019
7696,7.5,6.639062500000001,58238789903.75998
7697,3.75,7.11328125,69713781752.5869
7698,3.75,7.5875,65918596970.91896
7699,7.5,7.11328125,54173905649.07611
7700,7.5,7.5875,51368782062.77901
7701,11.25,0.0148193359375,0.0
7702,11.25,-0.0,0.0
7703,11.25,0.029638671875,0.0
7704,15.0,0.0148193359375,0.0
7705,15.0,-0.0,0.0
7706,15.0,0.029638671875,0.0
7707,11.25,0.04445800781250001,0.0
7708,11.25,0.05927734375,0.0
7709,15.0,0.04445800781250001,0.0
7710,15.0,0.05927734375,0.0
7711,11.25,0.0740966796875,0.0
7712,15.0,0.0740966796875,0.0
7713,11.25,0.08891601562500001,0.0
7714,15.0,0.08891601562500001,0.0
7715,11.25,0.09632568359375002,0.0
7716,11.25,0.1037353515625,73659296029.04286
7717,15.0,0.09632568359375002,0.0
7718,15.0,0.1037353515625,2009474123.5796316
7719,11.25,0.11114501953125,73260080914.21912
7720,11.25,0.1185546875,72860865799.39537
7721,15.0,0.11114501953125,2029837699.0593116
7722,15.0,0.1185546875,2050201274.5389917
7723,11.25,0.12596435546875,72461650684.57162
7724,11.25,0.1333740234375,72062435569.74786
7725,15.0,0.12596435546875,2070564850.0186718
7726,15.0,0.1333740234375,2090928425.4983513
7727,11.25,0.14078369140625,71663220454.92409
7728,11.25,0.148193359375,71264005340.10033
7729,15.0,0.14078369140625,2111292000.9780314
7730,15.0,0.148193359375,2131655576.4577115
7731,11.25,0.15560302734375,70864790225.27658
7732,11.25,0.1630126953125,70465575110.45284
7733,15.0,0.15560302734375,2152019151.9373918
7734,15.0,0.1630126953125,2172382727.417072
7735,11.25,0.17042236328125,70066359995.62907
7736,11.25,0.17783203125,69667144880.80531
7737,15.0,0.17042236328125,2192746302.8967514
7738,15.0,0.17783203125,2213109878.3764315
7739,11.25,0.18524169921875,69267929765.98155
7740,11.25,0.1926513671875,68868714651.1578
7741,15.0,0.18524169921875,2233473453.8561115
7742,15.0,0.1926513671875,2253837029.3357916
7743,11.25,0.207470703125,68070284421.510284
7744,15.0,0.207470703125,2294564180.295151
7745,11.25,0.21488037109375,67671069306.686516
7746,11.25,0.2222900390625,67271854191.86276
7747,15.0,0.21488037109375,2314927755.7748313
7748,15.0,0.2222900390625,2335291331.254511
7749,11.25,0.22969970703125,66872639077.03901
7750,11.25,0.237109375,66473423962.21524
7751,15.0,0.22969970703125,2355654906.7341914
7752,15.0,0.237109375,2376018482.2138715
7753,11.25,0.24451904296875,66074208847.391495
7754,11.25,0.2519287109375,65674993732.56774
7755,15.0,0.24451904296875,2396382057.693551
7756,15.0,0.2519287109375,2416745633.173231
7757,11.25,0.25933837890625,65275778617.74397
7758,11.25,0.266748046875,64876563502.92022
7759,15.0,0.25933837890625,2437109208.652911
7760,15.0,0.266748046875,2457472784.1325912
7761,11.25,0.27415771484375,64477348388.09646
7762,11.25,0.2815673828125,64078133273.272705
7763,15.0,0.27415771484375,2477836359.612271
7764,15.0,0.2815673828125,2498199935.091951
7765,11.25,0.28897705078125,63678918158.448944
7766,11.25,0.29638671875,63279703043.62519
7767,15.0,0.28897705078125,2518563510.5716314
7768,15.0,0.29638671875,2538927086.051311
7769,11.25,0.30379638671875,63049442808.43238
7770,11.25,0.3112060546875,62979988503.692184
7771,15.0,0.30379638671875,2556361074.6186233
7772,15.0,0.3112060546875,2571006774.677702
7773,11.25,0.326025390625,62841079894.2118
7774,15.0,0.326025390625,2600298174.7958584
7775,11.25,0.3556640625,62563262675.25104
7776,15.0,0.3556640625,2658880975.0321717
7777,11.25,0.41494140625,62007628237.3295
7778,15.0,0.41494140625,2776046575.504798
7779,11.25,0.47421875,61451993799.40797
7780,15.0,0.47421875,2893212175.9774246
7781,11.25,0.5927734375,59851009636.57916
7782,15.0,0.5927734375,2823262826.5680513
7783,11.25,0.7113281250000001,58188341752.00071
7784,15.0,0.7113281250000001,2703668102.3718796
7785,11.25,0.9484375,56454715035.57095
7786,15.0,0.9484375,3100047580.1874485
7787,11.25,1.42265625,53012416283.62013
7788,15.0,1.42265625,3663943306.3581743
7789,11.25,1.896875,50013090699.74407
7790,15.0,1.896875,3752580428.9079175
7791,11.25,2.37109375,47095778822.25729
7792,11.25,2.8453125,46096969732.45163
7793,15.0,2.37109375,4214592480.0162373
7794,15.0,2.8453125,4767765641.886721
7795,11.25,3.31953125,43333098009.30586
7796,11.25,3.79375,41269296508.75299
7797,15.0,3.31953125,5362234799.273195
7798,15.0,3.79375,5113219854.864031
7799,11.25,4.26796875,38399129691.064445
7800,11.25,4.7421875,37591586117.18179
7801,15.0,4.26796875,5195198907.414291
7802,15.0,4.7421875,6027983048.763623
7803,11.25,5.21640625,35872206961.84385
7804,11.25,5.690625000000001,33839770048.293507
7805,15.0,5.21640625,6071506600.259119
7806,15.0,5.690625000000001,6662262773.395555
7807,11.25,6.164843750000001,33053645485.73692
7808,11.25,6.639062500000001,32670634215.46065
7809,15.0,6.164843750000001,6654264050.093654
7810,15.0,6.639062500000001,7102478527.161325
7811,11.25,7.11328125,30974393159.060627
7812,11.25,7.5875,29792991101.842354
7813,15.0,7.11328125,7774880669.045152
7814,15.0,7.5875,8217200140.905692
7815,3.75,8.06171875,62537194250.73479
7816,3.75,8.5359375,59511435362.47466
7817,7.5,8.06171875,48921443956.10732
7818,7.5,8.5359375,46219181819.695946
7819,3.75,9.01015625,56471783490.96478
7820,3.75,9.484375,54702143711.03072
7821,7.5,9.01015625,44295860938.233986
7822,7.5,9.484375,42998864247.93485
7823,3.75,9.95859375,51743830580.123856
7824,3.75,10.4328125,48725371659.29003
7825,7.5,9.95859375,40998646681.76035
7826,7.5,10.4328125,38546660271.34216
7827,3.75,10.90703125,46752415527.840096
7828,3.75,11.38125,42668070375.54145
7829,7.5,10.90703125,37194803669.98439
7830,7.5,11.38125,34010597035.840275
7831,3.75,11.85546875,41409770812.60275
7832,3.75,12.3296875,39405034383.22089
7833,7.5,11.85546875,33108114543.712425
7834,7.5,12.3296875,31622717146.58376
7835,3.75,12.80390625,37101915890.12813
7836,3.75,13.278125,35309509702.86005
7837,7.5,12.80390625,29890882706.583187
7838,7.5,13.278125,28306570259.94278
7839,3.75,13.75234375,33134910072.5615
7840,3.75,14.2265625,30916286581.230614
7841,7.5,13.75234375,26794044669.30377
7842,7.5,14.2265625,25204416114.303833
7843,3.75,14.70078125,29252038879.972813
7844,3.75,15.175,27862416423.7909
7845,7.5,14.70078125,23690296856.39751
7846,7.5,15.175,22937802678.343224
7847,11.25,8.06171875,28605500568.937035
7848,11.25,8.5359375,26857218562.84396
7849,15.0,8.06171875,8289557181.766758
7850,15.0,8.5359375,7495255305.991976
7851,11.25,9.01015625,26381255946.03785
7852,11.25,9.484375,25554450665.78118
7853,15.0,9.01015625,8466650953.841721
7854,15.0,9.484375,8110037083.627514
7855,11.25,9.95859375,24988950659.441296
7856,11.25,10.4328125,23457337686.038025
7857,15.0,9.95859375,8979254637.122244
7858,15.0,10.4328125,8368015100.733889
7859,11.25,10.90703125,22899621033.77533
7860,11.25,11.38125,21192516089.240814
7861,15.0,10.90703125,8604438397.566265
7862,15.0,11.38125,8374435142.641352
7863,11.25,11.85546875,20685335652.64407
7864,11.25,12.3296875,20001185944.33026
7865,15.0,11.85546875,8262556761.575713
7866,15.0,12.3296875,8379654742.076765
7867,11.25,12.80390625,19259455809.722782
7868,11.25,13.278125,18228472777.124
7869,15.0,12.80390625,8628028912.862373
7870,15.0,13.278125,8150375294.3052225
7871,11.25,13.75234375,17483062661.151947
7872,11.25,14.2265625,16870344948.454842
7873,15.0,13.75234375,8172080653.000128
7874,15.0,14.2265625,8536273782.605853
7875,11.25,14.70078125,15692020942.21085
7876,11.25,15.175,15696592212.812546
7877,15.0,14.70078125,7693745028.02419
7878,15.0,15.175,8455381747.281867
7879,18.75,0.0148193359375,0.0
7880,18.75,-0.0,0.0
7881,18.75,0.029638671875,0.0
7882,22.5,0.0148193359375,0.0
7883,22.5,-0.0,0.0
7884,22.5,0.029638671875,0.0
7885,18.75,0.04445800781250001,0.0
7886,18.75,0.05927734375,0.0
7887,22.5,0.04445800781250001,0.0
7888,22.5,0.05927734375,0.0
7889,18.75,0.0740966796875,0.0
7890,22.5,0.0740966796875,0.0
7891,18.75,0.08891601562500001,0.0
7892,22.5,0.08891601562500001,0.0
7893,18.75,0.09632568359375002,0.0
7894,18.75,0.1037353515625,1423193886.04883
7895,22.5,0.09632568359375002,0.0
7896,22.5,0.1037353515625,836913648.5180285
7897,18.75,0.11114501953125,1436090889.7773633
7898,18.75,0.1185546875,1448987893.5058968
7899,22.5,0.11114501953125,842344080.4954153
7900,22.5,0.1185546875,847774512.472802
7901,18.75,0.12596435546875,1461884897.2344303
7902,18.75,0.1333740234375,1474781900.9629636
7903,22.5,0.12596435546875,853204944.4501889
7904,22.5,0.1333740234375,858635376.4275756
7905,18.75,0.14078369140625,1487678904.691497
7906,18.75,0.148193359375,1500575908.4200304
7907,22.5,0.14078369140625,864065808.4049624
7908,22.5,0.148193359375,869496240.3823493
7909,18.75,0.15560302734375,1513472912.1485639
7910,18.75,0.1630126953125,1526369915.8770971
7911,22.5,0.15560302734375,874926672.3597361
7912,22.5,0.1630126953125,880357104.337123
7913,18.75,0.17042236328125,1539266919.6056306
7914,18.75,0.17783203125,1552163923.334164
7915,22.5,0.17042236328125,885787536.3145099
7916,22.5,0.17783203125,891217968.2918966
7917,18.75,0.18524169921875,1565060927.0626974
7918,18.75,0.1926513671875,1577957930.7912312
7919,22.5,0.18524169921875,896648400.2692835
7920,22.5,0.1926513671875,902078832.2466702
7921,18.75,0.207470703125,1603751938.2482977
7922,22.5,0.207470703125,912939696.2014439
7923,18.75,0.21488037109375,1616648941.9768312
7924,18.75,0.2222900390625,1629545945.7053645
7925,22.5,0.21488037109375,918370128.1788309
7926,22.5,0.2222900390625,923800560.1562176
7927,18.75,0.22969970703125,1642442949.4338977
7928,18.75,0.237109375,1655339953.1624312
7929,22.5,0.22969970703125,929230992.1336044
7930,22.5,0.237109375,934661424.1109912
7931,18.75,0.24451904296875,1668236956.8909645
7932,18.75,0.2519287109375,1681133960.619498
7933,22.5,0.24451904296875,940091856.0883781
7934,22.5,0.2519287109375,945522288.0657649
7935,18.75,0.25933837890625,1694030964.3480313
7936,18.75,0.266748046875,1706927968.0765648
7937,22.5,0.25933837890625,950952720.0431517
7938,22.5,0.266748046875,956383152.0205386
7939,18.75,0.27415771484375,1719824971.8050985
7940,18.75,0.2815673828125,1732721975.5336316
7941,22.5,0.27415771484375,961813583.9979254
7942,22.5,0.2815673828125,967244015.9753122
7943,18.75,0.28897705078125,1745618979.262165
7944,18.75,0.29638671875,1758515982.9906983
7945,22.5,0.28897705078125,972674447.9526991
7946,22.5,0.29638671875,978104879.9300859
7947,18.75,0.30379638671875,1771400403.739755
7948,18.75,0.3112060546875,1784272848.4054508
7949,22.5,0.30379638671875,986439732.8608865
7950,22.5,0.3112060546875,997538922.1331999
7951,18.75,0.326025390625,1810017737.7368426
7952,22.5,0.326025390625,1019737300.6778268
7953,18.75,0.3556640625,1861507516.399626
7954,22.5,0.3556640625,1064134057.7670805
7955,18.75,0.41494140625,1964487073.725193
7956,22.5,0.41494140625,1152927571.9455876
7957,18.75,0.47421875,2067466631.0507603
7958,22.5,0.47421875,1241721086.1240954
7959,18.75,0.5927734375,2025250517.3724134
7960,22.5,0.5927734375,1227238208.176776
7961,18.75,0.7113281250000001,1941340118.781179
7962,22.5,0.7113281250000001,1179012135.1904788
7963,18.75,0.9484375,2275309982.3615727
7964,22.5,0.9484375,1450572384.5356963
7965,18.75,1.42265625,2607473736.9375935
7966,22.5,1.42265625,1551004167.517013
7967,18.75,1.896875,2667007956.475154
7968,22.5,1.896875,1581435484.0423903
7969,18.75,2.37109375,2998660242.345541
7970,18.75,2.8453125,3437514257.922073
7971,22.5,2.37109375,1782728004.6748457
7972,22.5,2.8453125,2107262873.9574242
7973,18.75,3.31953125,3870026490.1326795
7974,18.75,3.79375,3598977020.7257605
7975,22.5,3.31953125,2377818180.992163
7976,22.5,3.79375,2084734186.587491
7977,18.75,4.26796875,3729533400.497267
7978,18.75,4.7421875,4332855911.818946
7979,22.5,4.26796875,2263867893.580243
7980,22.5,4.7421875,2637728774.8742704
7981,18.75,5.21640625,4352551904.503068
7982,18.75,5.690625000000001,4674543289.384626
7983,22.5,5.21640625,2633597208.747017
7984,22.5,5.690625000000001,2686823805.373698
7985,18.75,6.164843750000001,4603273795.297496
7986,18.75,6.639062500000001,4892591907.638365
7987,22.5,6.164843750000001,2552283540.501337
7988,22.5,6.639062500000001,2682705288.115406
7989,18.75,7.11328125,5368639774.14202
7990,18.75,7.5875,5622967114.424208
7991,22.5,7.11328125,2962398879.2388887
7992,22.5,7.5875,3028734087.942722
7993,26.25,0.0148193359375,0.0
7994,26.25,-0.0,0.0
7995,26.25,0.029638671875,0.0
7996,30.0,0.0148193359375,0.0
7997,30.0,-0.0,0.0
7998,30.0,0.029638671875,0.0
7999,26.25,0.04445800781250001,0.0
8000,26.25,0.05927734375,0.0
8001,30.0,0.04445800781250001,0.0
8002,30.0,0.05927734375,0.0
8003,26.25,0.0740966796875,0.0
8004,30.0,0.0740966796875,0.0
8005,26.25,0.08891601562500001,0.0
8006,30.0,0.08891601562500001,0.0
8007,26.25,0.09632568359375002,0.0
8008,26.25,0.1037353515625,401301355.09553397
8009,30.0,0.09632568359375002,0.0
8010,30.0,0.1037353515625,267024949.88965416
8011,26.25,0.11114501953125,401684329.46511084
8012,26.25,0.1185546875,402067303.8346877
8013,30.0,0.11114501953125,267198694.93809432
8014,30.0,0.1185546875,267372439.9865345
8015,26.25,0.12596435546875,402450278.20426464
8016,26.25,0.1333740234375,402833252.57384145
8017,30.0,0.12596435546875,267546185.03497466
8018,30.0,0.1333740234375,267719930.08341485
8019,26.25,0.14078369140625,403216226.9434183
8020,26.25,0.148193359375,403599201.31299525
8021,30.0,0.14078369140625,267893675.131855
8022,30.0,0.148193359375,268067420.18029523
8023,26.25,0.15560302734375,403982175.6825721
8024,26.25,0.1630126953125,404365150.052149
8025,30.0,0.15560302734375,268241165.2287354
8026,30.0,0.1630126953125,268414910.27717555
8027,26.25,0.17042236328125,404748124.42172587
8028,26.25,0.17783203125,405131098.7913028
8029,30.0,0.17042236328125,268588655.3256157
8030,30.0,0.17783203125,268762400.37405586
8031,26.25,0.18524169921875,405514073.1608796
8032,26.25,0.1926513671875,405897047.53045654
8033,30.0,0.18524169921875,268936145.4224961
8034,30.0,0.1926513671875,269109890.4709363
8035,26.25,0.207470703125,406662996.2696103
8036,30.0,0.207470703125,269457380.5678166
8037,26.25,0.21488037109375,407045970.6391871
8038,26.25,0.2222900390625,407428945.008764
8039,30.0,0.21488037109375,269631125.6162568
8040,30.0,0.2222900390625,269804870.66469693
8041,26.25,0.22969970703125,407811919.37834084
8042,26.25,0.237109375,408194893.7479178
8043,30.0,0.22969970703125,269978615.71313715
8044,30.0,0.237109375,270152360.7615773
8045,26.25,0.24451904296875,408577868.11749464
8046,26.25,0.2519287109375,408960842.4870715
8047,30.0,0.24451904296875,270326105.81001747
8048,30.0,0.2519287109375,270499850.8584577
8049,26.25,0.25933837890625,409343816.8566484
8050,26.25,0.266748046875,409726791.22622526
8051,30.0,0.25933837890625,270673595.9068978
8052,30.0,0.266748046875,270847340.955338
8053,26.25,0.27415771484375,410109765.5958021
8054,26.25,0.2815673828125,410492739.965379
8055,30.0,0.27415771484375,271021086.00377816
8056,30.0,0.2815673828125,271194831.0522183
8057,26.25,0.28897705078125,410875714.33495593
8058,26.25,0.29638671875,411258688.70453274
8059,30.0,0.28897705078125,271368576.10065854
8060,30.0,0.29638671875,271542321.1490987
8061,26.25,0.30379638671875,415941971.38158536
8062,26.25,0.3112060546875,424718151.997586
8063,30.0,0.30379638671875,274370028.70141906
8064,30.0,0.3112060546875,279723694.135246
8065,26.25,0.326025390625,442270513.22958714
8066,30.0,0.326025390625,290431025.0028999
8067,26.25,0.3556640625,477375235.6935895
8068,30.0,0.3556640625,311845686.7382076
8069,26.25,0.41494140625,547584680.6215942
8070,30.0,0.41494140625,354675010.208823
8071,26.25,0.47421875,617794125.5495989
8072,30.0,0.47421875,397504333.6794386
8073,26.25,0.5927734375,622788039.1153153
8074,30.0,0.5927734375,405462150.3222096
8075,26.25,0.7113281250000001,602820453.7932664
8076,30.0,0.7113281250000001,398901376.7830311
8077,26.25,0.9484375,806089722.7385399
8078,30.0,0.9484375,522116932.9988235
8079,26.25,1.42265625,761499637.9492128
8080,30.0,1.42265625,505925188.0869739
8081,26.25,1.896875,778184268.3897789
8082,30.0,1.896875,539575566.297472
8083,26.25,2.37109375,879358483.6652602
8084,26.25,2.8453125,1105392199.6110275
8085,30.0,2.37109375,601114395.9778944
8086,30.0,2.8453125,760282944.5011332
8087,26.25,3.31953125,1254307853.2044785
8088,26.25,3.79375,965286480.9666486
8089,30.0,3.31953125,868193488.1224557
8090,30.0,3.79375,635429032.3806598
8091,26.25,4.26796875,1171677820.1049273
8092,26.25,4.7421875,1364381060.6514127
8093,30.0,4.26796875,826438613.51303
8094,30.0,4.7421875,934592191.8721919
8095,26.25,5.21640625,1346211168.3485317
8096,26.25,5.690625000000001,1220185052.2040153
8097,30.0,5.21640625,921962438.6651772
8098,30.0,5.690625000000001,795707760.7168221
8099,26.25,6.164843750000001,1064290557.8823156
8100,26.25,6.639062500000001,1114314355.9268966
8101,30.0,6.164843750000001,702292119.6175662
8102,30.0,6.639062500000001,828914798.4072895
8103,26.25,7.11328125,1223060647.3468096
8104,26.25,7.5875,1179006464.653673
8105,30.0,7.11328125,817527741.4768361
8106,30.0,7.5875,818289647.7494972
8107,18.75,8.06171875,5719952938.083476
8108,18.75,8.5359375,5205880421.155582
8109,22.5,8.06171875,3150348694.400195
8110,22.5,8.5359375,2916505536.31919
8111,18.75,9.01015625,5875712932.54719
8112,18.75,9.484375,5633938944.5179
8113,22.5,9.01015625,3284774911.252658
8114,22.5,9.484375,3157840805.408287
8115,18.75,9.95859375,6267531893.340407
8116,18.75,10.4328125,5894912776.157757
8117,22.5,9.95859375,3555809149.55857
8118,22.5,10.4328125,3421810451.581626
8119,18.75,10.90703125,6131279774.159791
8120,18.75,11.38125,5919203637.688545
8121,22.5,10.90703125,3658121150.753317
8122,22.5,11.38125,3463972132.735739
8123,18.75,11.85546875,5975859903.293644
8124,18.75,12.3296875,6081287593.023526
8125,22.5,11.85546875,3689163045.011574
8126,22.5,12.3296875,3782920443.970289
8127,18.75,12.80390625,6120116316.24596
8128,18.75,13.278125,5742986150.306762
8129,22.5,12.80390625,3612203719.6295476
8130,22.5,13.278125,3335597006.3083
8131,18.75,13.75234375,5910393781.014347
8132,18.75,14.2265625,6076138918.247169
8133,22.5,13.75234375,3648706909.0285654
8134,22.5,14.2265625,3616004053.8884854
8135,18.75,14.70078125,5461026764.666451
8136,18.75,15.175,5972994030.133272
8137,22.5,14.70078125,3228308501.3087115
8138,22.5,15.175,3490606312.9846787
8139,26.25,8.06171875,1304651189.5582523
8140,26.25,8.5359375,1274478831.321712
8141,30.0,8.06171875,906767162.3989861
8142,30.0,8.5359375,927148486.0020652
8143,26.25,9.01015625,1422804811.287477
8144,26.25,9.484375,1365674324.0875654
8145,30.0,9.01015625,1018770553.9809985
8146,30.0,9.484375,941371158.3446286
8147,26.25,9.95859375,1577292734.0725663
8148,26.25,10.4328125,1604194845.8275805
8149,30.0,9.95859375,1065188975.1782281
8150,30.0,10.4328125,1097552677.717706
8151,26.25,10.90703125,1819284247.848148
8152,26.25,11.38125,1643658942.3701308
8153,30.0,10.90703125,1249090785.9455914
8154,30.0,11.38125,1093182381.1789176
8155,26.25,11.85546875,1954165782.4990258
8156,26.25,12.3296875,2010820159.6376228
8157,30.0,11.85546875,1322567711.5255196
8158,30.0,12.3296875,1291253604.7461004
8159,26.25,12.80390625,1755956835.6257885
8160,26.25,13.278125,1576863385.413688
8161,30.0,12.80390625,1203041376.847337
8162,30.0,13.278125,1115440810.726774
8163,26.25,13.75234375,1934305674.6002903
8164,26.25,14.2265625,1797200992.9204974
8165,30.0,13.75234375,1314475715.287026
8166,30.0,14.2265625,1261061538.7339025
8167,26.25,14.70078125,1587766652.444181
8168,26.25,15.175,1666007357.3466961
8169,30.0,14.70078125,1131577632.5660684
8170,30.0,15.175,1156985924.7299368
8171,3.75,15.64921875,26634372356.911423
8172,3.75,16.1234375,24166031146.463783
8173,7.5,15.64921875,22030275233.0678
8174,7.5,16.1234375,20083513587.57857
8175,3.75,16.59765625,23815544191.18241
8176,3.75,17.071875,22471584998.935345
8177,7.5,16.59765625,19895428415.07101
8178,7.5,17.071875,18885368918.337948
8179,3.75,17.54609375,21637610275.61215
8180,3.75,18.0203125,20313427022.79435
8181,7.5,17.54609375,18131266405.472332
8182,7.5,18.0203125,16885356919.475506
8183,3.75,18.49453125,20316049377.18686
8184,3.75,18.96875,19292235669.90162
8185,7.5,18.49453125,16950651939.692883
8186,7.5,18.96875,16091414554.102772
8187,3.75,19.44296875,18530343609.442387
8188,3.75,19.9171875,17689380524.194344
8189,7.5,19.44296875,15526078387.109665
8190,7.5,19.9171875,14959553410.642328
8191,3.75,20.39140625,15545754432.129856
8192,3.75,20.865625,15575475091.84644
8193,7.5,20.39140625,13239145447.866802
8194,7.5,20.865625,13096872178.12432
8195,3.75,21.33984375,14420575204.462078
8196,3.75,21.8140625,13544885756.20004
8197,7.5,21.33984375,12329048645.333876
8198,7.5,21.8140625,11542842122.060682
8199,3.75,22.28828125,12369068685.109753
8200,3.75,22.7625,12196246345.977005
8201,7.5,22.28828125,10650388967.826454
8202,7.5,22.7625,10665836619.705784
8203,11.25,15.64921875,15173868763.057177
8204,11.25,16.1234375,14404427565.499193
8205,15.0,15.64921875,8317462293.046556
8206,15.0,16.1234375,8725341543.419817
8207,11.25,16.59765625,14099647035.518528
8208,11.25,17.071875,13464635606.109615
8209,15.0,16.59765625,8303865655.966042
8210,15.0,17.071875,8043902293.881285
8211,11.25,17.54609375,13054145653.933409
8212,11.25,18.0203125,12107902568.857094
8213,15.0,17.54609375,7977024902.394485
8214,15.0,18.0203125,7330448218.23868
8215,11.25,18.49453125,12079041733.111933
8216,11.25,18.96875,11492591491.91942
8217,15.0,18.49453125,7207431526.530983
8218,15.0,18.96875,6893768429.73607
8219,11.25,19.44296875,11011848186.226736
8220,11.25,19.9171875,10877739816.496895
8221,15.0,19.44296875,6497617985.343806
8222,15.0,19.9171875,6795926222.351462
8223,11.25,20.39140625,10080578313.84515
8224,11.25,20.865625,9710649942.101303
8225,15.0,20.39140625,6922011179.823499
8226,15.0,20.865625,6324427706.078286
8227,11.25,21.33984375,9413702784.602856
8228,11.25,21.8140625,8755198827.813808
8229,15.0,21.33984375,6498356923.871832
8230,15.0,21.8140625,5967555533.566932
8231,11.25,22.28828125,8574400421.78461
8232,11.25,22.7625,8527496262.495589
8233,15.0,22.28828125,6498411875.742764
8234,15.0,22.7625,6389155905.285395
8235,3.75,23.23671875,12207741533.06147
8236,3.75,23.7109375,11675983973.218176
8237,7.5,23.23671875,10536081413.181463
8238,7.5,23.7109375,10099764859.083063
8239,3.75,24.18515625000001,11393731878.98988
8240,3.75,24.659375,10741269472.316288
8241,7.5,24.18515625000001,9808086862.663252
8242,7.5,24.659375,9457481664.226477
8243,3.75,25.13359375,9793852939.251232
8244,3.75,25.6078125,9363074459.191437
8245,7.5,25.13359375,8398320310.894649
8246,7.5,25.6078125,8211438846.639355
8247,3.75,26.08203125,8682179617.478813
8248,3.75,26.55625,8615545362.242296
8249,7.5,26.08203125,7550872815.038132
8250,7.5,26.55625,7534879616.526471
8251,3.75,27.03046875,7419909279.919083
8252,3.75,27.5046875,8066505193.933737
8253,7.5,27.03046875,6476421843.83329
8254,7.5,27.5046875,7090250424.189999
8255,3.75,27.97890625,7147172807.095447
8256,3.75,28.453125,6754555205.441488
8257,7.5,27.97890625,6408191662.22194
8258,7.5,28.453125,6049649100.84021
8259,3.75,28.92734375,6535639397.016691
8260,3.75,29.4015625,6579274551.415412
8261,7.5,28.92734375,5831094696.680892
8262,7.5,29.4015625,5781272336.861303
8263,3.75,29.87578125,5962949015.66605
8264,3.75,30.35,5709762069.427093
8265,7.5,29.87578125,5412662407.597506
8266,7.5,30.35,5120170204.679723
8267,11.25,23.23671875,7978300205.930525
8268,11.25,23.7109375,7841341376.162168
8269,15.0,23.23671875,5420518998.679587
8270,15.0,23.7109375,5582917893.241271
8271,11.25,24.18515625000001,7407175933.4607115
8272,11.25,24.659375,7420791746.301851
8273,15.0,24.18515625000001,5006265004.258172
8274,15.0,24.659375,5384101828.377225
8275,11.25,25.13359375,6512709284.717855
8276,11.25,25.6078125,6494659186.631866
8277,15.0,25.13359375,4627098258.541061
8278,15.0,25.6078125,4777879526.62438
8279,11.25,26.08203125,5886151069.59753
8280,11.25,26.55625,5891172239.262506
8281,15.0,26.08203125,4221429324.1569285
8282,15.0,26.55625,4247464861.998538
8283,11.25,27.03046875,5231205127.59363
8284,11.25,27.5046875,5554309466.820294
8285,15.0,27.03046875,3985988411.353969
8286,15.0,27.5046875,4018368509.450589
8287,11.25,27.97890625,5114467430.723697
8288,11.25,28.453125,5032370744.589809
8289,15.0,27.97890625,3820743199.2254534
8290,15.0,28.453125,4015092388.339408
8291,11.25,28.92734375,4806745036.029519
8292,11.25,29.4015625,4478241243.213426
8293,15.0,28.92734375,3782395375.378147
8294,15.0,29.4015625,3175210149.565548
8295,11.25,29.87578125,4497091525.230261
8296,11.25,30.35,4241823812.8167896
8297,15.0,29.87578125,3581520642.863015
8298,15.0,30.35,3363477420.953856
8299,18.75,15.64921875,5974237276.93759
8300,18.75,16.1234375,6192434579.631272
8301,22.5,15.64921875,3631012260.828623
8302,22.5,16.1234375,3659527615.842728
8303,18.75,16.59765625,5836504459.260899
8304,18.75,17.071875,5765773336.038498
8305,22.5,16.59765625,3369143262.5557556
8306,22.5,17.071875,3487644378.195713
8307,18.75,17.54609375,5725799607.312937
8308,18.75,18.0203125,5299527860.547035
8309,22.5,17.54609375,3474574312.231391
8310,22.5,18.0203125,3268607502.8553905
8311,18.75,18.49453125,5301749404.235485
8312,18.75,18.96875,5051113938.403346
8313,22.5,18.49453125,3396067281.9399867
8314,22.5,18.96875,3208459447.0706234
8315,18.75,19.44296875,4929661942.076989
8316,18.75,19.9171875,5003750057.631519
8317,22.5,19.44296875,3361705898.810172
8318,22.5,19.9171875,3211573892.911575
8319,18.75,20.39140625,5206772259.347975
8320,18.75,20.865625,4754219972.484201
8321,22.5,20.39140625,3491533338.872452
8322,22.5,20.865625,3184012238.890118
8323,18.75,21.33984375,4754191088.374363
8324,18.75,21.8140625,4392643679.895893
8325,22.5,21.33984375,3010025252.876896
8326,22.5,21.8140625,2817731826.224855
8327,18.75,22.28828125,4709344959.824587
8328,18.75,22.7625,4607406425.988816
8329,22.5,22.28828125,2920278043.9064083
8330,22.5,22.7625,2825656946.692236
8331,26.25,15.64921875,1890839792.6292708
8332,26.25,16.1234375,1794799582.3875942
8333,30.0,15.64921875,1356772420.2491488
8334,30.0,16.1234375,1266429409.5992799
8335,26.25,16.59765625,1575750668.2501037
8336,26.25,17.071875,1774751767.5659924
8337,30.0,16.59765625,1130295278.7434344
8338,30.0,17.071875,1192331851.3624017
8339,26.25,17.54609375,1777196214.9172988
8340,26.25,18.0203125,1739132905.7240763
8341,30.0,17.54609375,1187512513.1381178
8342,30.0,18.0203125,1212549829.7134233
8343,26.25,18.49453125,1925795640.7997003
8344,26.25,18.96875,1801548097.8532968
8345,30.0,18.49453125,1326344961.9698362
8346,30.0,18.96875,1266123032.866763
8347,26.25,19.44296875,2094437641.1472666
8348,26.25,19.9171875,1838930925.1225195
8349,30.0,19.44296875,1428544954.6921842
8350,30.0,19.9171875,1305354351.1952403
8351,26.25,20.39140625,2107194588.713868
8352,26.25,20.865625,1934663365.044301
8353,30.0,20.39140625,1384656179.189165
8354,30.0,20.865625,1327032210.6950185
8355,26.25,21.33984375,1687851049.453442
8356,26.25,21.8140625,1597520785.5105267
8357,30.0,21.33984375,1209660110.1780171
8358,30.0,21.8140625,1086711370.7096193
8359,26.25,22.28828125,1565414595.30145
8360,26.25,22.7625,1486426746.0825598
8361,30.0,22.28828125,1078958081.3229294
8362,30.0,22.7625,1032235102.8466892
8363,18.75,23.23671875,4103602000.6128426
8364,18.75,23.7109375,4162739093.9759507
8365,22.5,23.23671875,2786685002.5460978
8366,22.5,23.7109375,2742560294.71063
8367,18.75,24.18515625000001,3778789135.025065
8368,18.75,24.659375,4114618611.640489
8369,22.5,24.18515625000001,2551313265.791957
8370,22.5,24.659375,2845135394.903753
8371,18.75,25.13359375,3575163216.4356585
8372,18.75,25.6078125,3655296073.4040956
8373,22.5,25.13359375,2523228174.3302574
8374,22.5,25.6078125,2532712620.1838098
8375,18.75,26.08203125,3183681368.4046197
8376,18.75,26.55625,3220166003.174673
8377,22.5,26.08203125,2145933412.6523104
8378,22.5,26.55625,2192867144.350808
8379,18.75,27.03046875,3194079380.086237
8380,18.75,27.5046875,3193539468.2321067
8381,22.5,27.03046875,2402170348.818505
8382,22.5,27.5046875,2368710427.0136247
8383,18.75,27.97890625,3046147379.473741
8384,18.75,28.453125,3129953249.648924
8385,22.5,27.97890625,2271551559.7220287
8386,22.5,28.453125,2244814110.9584394
8387,18.75,28.92734375,2889564042.396147
8388,18.75,29.4015625,2557683956.295383
8389,22.5,28.92734375,1996732709.4141471
8390,22.5,29.4015625,1940157763.0252185
8391,18.75,29.87578125,2719218899.801943
8392,18.75,30.35,2565326889.0470505
8393,22.5,29.87578125,1856917156.7408695
8394,22.5,30.35,1767176357.140246
8395,26.25,23.23671875,1733602252.797214
8396,26.25,23.7109375,1655149100.7257216
8397,30.0,23.23671875,1208187999.6840525
8398,30.0,23.7109375,1233273117.3016367
8399,26.25,24.18515625000001,1585750703.6081731
8400,26.25,24.659375,1833627579.8062131
8401,30.0,24.18515625000001,1144014755.523036
8402,30.0,24.659375,1338070567.9870672
8403,26.25,25.13359375,1682993230.8885846
8404,26.25,25.6078125,1625340630.115729
8405,30.0,25.13359375,1266158484.7743707
8406,30.0,25.6078125,1148391566.352057
8407,26.25,26.08203125,1338024138.2336733
8408,26.25,26.55625,1384044516.6007779
8409,30.0,26.08203125,989792226.4823805
8410,30.0,26.55625,1012174350.9984179
8411,26.25,27.03046875,1708121469.7126577
8412,26.25,27.5046875,1644307808.2273052
8413,30.0,27.03046875,1209792894.9305816
8414,30.0,27.5046875,1120758034.3053105
8415,26.25,27.97890625,1593543119.7544339
8416,26.25,28.453125,1501961042.5946634
8417,30.0,27.97890625,1108709439.3550735
8418,30.0,28.453125,1043680114.8843038
8419,26.25,28.92734375,1283629754.0130157
8420,26.25,29.4015625,1394172643.646051
8421,30.0,28.92734375,929983553.7736214
8422,30.0,29.4015625,991269672.0488774
8423,26.25,29.87578125,1169579134.4161599
8424,26.25,30.35,1117095832.1273553
8425,30.0,29.87578125,832168553.5641773
8426,30.0,30.35,763155320.902294
8427,33.75,0.0148193359375,0.0
8428,33.75,-0.0,0.0
8429,33.75,0.029638671875,0.0
8430,37.5,0.0148193359375,0.0
8431,37.5,-0.0,0.0
8432,37.5,0.029638671875,0.0
8433,33.75,0.04445800781250001,0.0
8434,33.75,0.05927734375,0.0
8435,37.5,0.04445800781250001,0.0
8436,37.5,0.05927734375,0.0
8437,33.75,0.0740966796875,0.0
8438,37.5,0.0740966796875,0.0
8439,33.75,0.08891601562500001,0.0
8440,37.5,0.08891601562500001,0.0
8441,33.75,0.09632568359375002,0.0
8442,33.75,0.1037353515625,132748544.68377434
8443,37.5,0.09632568359375002,0.0
8444,37.5,0.1037353515625,68880734.3843571
8445,33.75,0.11114501953125,132713060.41107778
8446,33.75,0.1185546875,132677576.13838129
8447,37.5,0.11114501953125,68880804.5890337
8448,37.5,0.1185546875,68880874.7937103
8449,33.75,0.12596435546875,132642091.86568475
8450,33.75,0.1333740234375,132606607.59298821
8451,37.5,0.12596435546875,68880944.9983869
8452,37.5,0.1333740234375,68881015.20306349
8453,33.75,0.14078369140625,132571123.32029168
8454,33.75,0.148193359375,132535639.04759517
8455,37.5,0.14078369140625,68881085.40774007
8456,37.5,0.148193359375,68881155.61241668
8457,33.75,0.15560302734375,132500154.77489865
8458,33.75,0.1630126953125,132464670.50220212
8459,37.5,0.15560302734375,68881225.81709328
8460,37.5,0.1630126953125,68881296.02176988
8461,33.75,0.17042236328125,132429186.22950557
8462,33.75,0.17783203125,132393701.95680904
8463,37.5,0.17042236328125,68881366.22644646
8464,37.5,0.17783203125,68881436.43112308
8465,33.75,0.18524169921875,132358217.68411252
8466,33.75,0.1926513671875,132322733.411416
8467,37.5,0.18524169921875,68881506.63579968
8468,37.5,0.1926513671875,68881576.84047629
8469,33.75,0.207470703125,132251764.86602294
8470,37.5,0.207470703125,68881717.24982947
8471,33.75,0.21488037109375,132216280.59332639
8472,33.75,0.2222900390625,132180796.32062988
8473,37.5,0.21488037109375,68881787.45450607
8474,37.5,0.2222900390625,68881857.65918267
8475,33.75,0.22969970703125,132145312.04793334
8476,33.75,0.237109375,132109827.77523682
8477,37.5,0.22969970703125,68881927.86385927
8478,37.5,0.237109375,68881998.06853588
8479,33.75,0.24451904296875,132074343.50254028
8480,33.75,0.2519287109375,132038859.22984377
8481,37.5,0.24451904296875,68882068.27321248
8482,37.5,0.2519287109375,68882138.47788908
8483,33.75,0.25933837890625,132003374.95714721
8484,33.75,0.266748046875,131967890.68445069
8485,37.5,0.25933837890625,68882208.68256567
8486,37.5,0.266748046875,68882278.88724226
8487,33.75,0.27415771484375,131932406.41175416
8488,33.75,0.2815673828125,131896922.13905764
8489,37.5,0.27415771484375,68882349.09191887
8490,37.5,0.2815673828125,68882419.29659547
8491,33.75,0.28897705078125,131861437.86636111
8492,33.75,0.29638671875,131825953.59366459
8493,37.5,0.28897705078125,68882489.50127207
8494,37.5,0.29638671875,68882559.70594865
8495,33.75,0.30379638671875,132798086.0212527
8496,33.75,0.3112060546875,134729236.272906
8497,37.5,0.30379638671875,69413524.75525832
8498,37.5,0.3112060546875,70449778.78852743
8499,33.75,0.326025390625,138591536.77621257
8500,37.5,0.326025390625,72522286.85506564
8501,33.75,0.3556640625,146316137.7828257
8502,37.5,0.3556640625,76667302.98814207
8503,33.75,0.41494140625,161765339.79605198
8504,37.5,0.41494140625,84957335.25429493
8505,33.75,0.47421875,177214541.80927825
8506,37.5,0.47421875,93247367.52044779
8507,33.75,0.5927734375,188136261.5291039
8508,37.5,0.5927734375,99439146.27374241
8509,33.75,0.7113281250000001,194982299.7727957
8510,37.5,0.7113281250000001,102992366.21648555
8511,33.75,0.9484375,238144143.25910732
8512,37.5,0.9484375,115914397.74823295
8513,33.75,1.42265625,250350738.22473487
8514,37.5,1.42265625,139992414.63166982
8515,33.75,1.896875,300966864.2051649
8516,37.5,1.896875,173390842.77477497
8517,33.75,2.37109375,322870308.2905287
8518,33.75,2.8453125,415173689.3912392
8519,37.5,2.37109375,195005190.8187346
8520,37.5,2.8453125,250148863.21821102
8521,33.75,3.31953125,482079123.0404332
8522,33.75,3.79375,305571583.7946712
8523,37.5,3.31953125,279776412.05351627
8524,37.5,3.79375,157811663.6892226
8525,33.75,4.26796875,481199406.9211329
8526,33.75,4.7421875,504803323.09297085
8527,37.5,4.26796875,290509544.2167095
8528,37.5,4.7421875,282954211.246461
8529,33.75,5.21640625,497713708.98182297
8530,33.75,5.690625000000001,371230469.22962886
8531,37.5,5.21640625,275707536.8382353
8532,37.5,5.690625000000001,184062743.90855846
8533,33.75,6.164843750000001,340293681.35281706
8534,33.75,6.639062500000001,543515240.8876824
8535,37.5,6.164843750000001,195603840.29676002
8536,37.5,6.639062500000001,344529324.04699904
8537,33.75,7.11328125,411994835.606863
8538,33.75,7.5875,457572830.8453213
8539,37.5,7.11328125,224741969.10877788
8540,37.5,7.5875,268333376.3137703
8541,41.25,0.0148193359375,0.0
8542,41.25,-0.0,0.0
8543,41.25,0.029638671875,0.0
8544,45.0,0.0148193359375,0.0
8545,45.0,-0.0,0.0
8546,45.0,0.029638671875,0.0
8547,41.25,0.04445800781250001,0.0
8548,41.25,0.05927734375,0.0
8549,45.0,0.04445800781250001,0.0
8550,45.0,0.05927734375,0.0
8551,41.25,0.0740966796875,0.0
8552,45.0,0.0740966796875,0.0
8553,41.25,0.08891601562500001,0.0
8554,45.0,0.08891601562500001,0.0
8555,41.25,0.09632568359375002,0.0
8556,41.25,0.1037353515625,40217221.538171135
8557,45.0,0.09632568359375002,0.0
8558,45.0,0.1037353515625,11553708.691985173
8559,41.25,0.11114501953125,40375238.119475774
8560,41.25,0.1185546875,40533254.70078042
8561,45.0,0.11114501953125,11869671.64991786
8562,45.0,0.1185546875,12185634.607850548
8563,41.25,0.12596435546875,40691271.28208506
8564,41.25,0.1333740234375,40849287.86338971
8565,45.0,0.12596435546875,12501597.565783234
8566,45.0,0.1333740234375,12817560.523715919
8567,41.25,0.14078369140625,41007304.44469434
8568,41.25,0.148193359375,41165321.02599899
8569,45.0,0.14078369140625,13133523.481648605
8570,45.0,0.148193359375,13449486.439581292
8571,41.25,0.15560302734375,41323337.60730363
8572,41.25,0.1630126953125,41481354.188608274
8573,45.0,0.15560302734375,13765449.397513978
8574,45.0,0.1630126953125,14081412.355446665
8575,41.25,0.17042236328125,41639370.76991292
8576,41.25,0.17783203125,41797387.35121756
8577,45.0,0.17042236328125,14397375.31337935
8578,45.0,0.17783203125,14713338.271312036
8579,41.25,0.18524169921875,41955403.9325222
8580,41.25,0.1926513671875,42113420.51382685
8581,45.0,0.18524169921875,15029301.229244722
8582,45.0,0.1926513671875,15345264.18717741
8583,41.25,0.207470703125,42429453.67643613
8584,45.0,0.207470703125,15977190.103042781
8585,41.25,0.21488037109375,42587470.257740766
8586,41.25,0.2222900390625,42745486.83904541
8587,45.0,0.21488037109375,16293153.060975466
8588,45.0,0.2222900390625,16609116.018908154
8589,41.25,0.22969970703125,42903503.42035006
8590,41.25,0.237109375,43061520.0016547
8591,45.0,0.22969970703125,16925078.97684084
8592,45.0,0.237109375,17241041.934773527
8593,41.25,0.24451904296875,43219536.58295934
8594,41.25,0.2519287109375,43377553.16426398
8595,45.0,0.24451904296875,17557004.89270621
8596,45.0,0.2519287109375,17872967.8506389
8597,41.25,0.25933837890625,43535569.745568626
8598,41.25,0.266748046875,43693586.326873265
8599,45.0,0.25933837890625,18188930.808571585
8600,45.0,0.266748046875,18504893.76650427
8601,41.25,0.27415771484375,43851602.90817791
8602,41.25,0.2815673828125,44009619.48948255
8603,45.0,0.27415771484375,18820856.724436957
8604,45.0,0.2815673828125,19136819.682369642
8605,41.25,0.28897705078125,44167636.0707872
8606,41.25,0.29638671875,44325652.65209184
8607,45.0,0.28897705078125,19452782.64030233
8608,45.0,0.29638671875,19768745.598235015
8609,41.25,0.30379638671875,45122654.19634991
8610,41.25,0.3112060546875,46527821.493129574
8611,45.0,0.30379638671875,20831783.637441494
8612,45.0,0.3112060546875,22605864.197731726
8613,41.25,0.326025390625,49338156.08668892
8614,45.0,0.326025390625,26154025.318312183
8615,41.25,0.3556640625,54958825.27380757
8616,45.0,0.3556640625,33250347.559473075
8617,41.25,0.41494140625,66200163.6480449
8618,45.0,0.41494140625,47442992.041794874
8619,41.25,0.47421875,77441502.02228224
8620,45.0,0.47421875,61635636.52411669
8621,41.25,0.5927734375,75056417.78725302
8622,45.0,0.5927734375,50673689.30076364
8623,41.25,0.7113281250000001,66967004.38713795
8624,45.0,0.7113281250000001,30941642.557790373
8625,41.25,0.9484375,74556174.35177952
8626,45.0,0.9484375,33197950.95532605
8627,41.25,1.42265625,102242154.17319171
8628,45.0,1.42265625,64491893.7147136
8629,41.25,1.896875,101331161.67534353
8630,45.0,1.896875,29271480.5759121
8631,41.25,2.37109375,142329558.45472637
8632,41.25,2.8453125,175166251.51361567
8633,45.0,2.37109375,89653926.09071809
8634,45.0,2.8453125,100183639.80902033
8635,41.25,3.31953125,169379528.11415222
8636,41.25,3.79375,101100507.82404414
8637,45.0,3.31953125,58982644.174788155
8638,45.0,3.79375,44389351.95886564
8639,41.25,4.26796875,177094353.45602304
8640,41.25,4.7421875,165074977.86630648
8641,45.0,4.26796875,63679162.69533652
8642,45.0,4.7421875,47195744.486152
8643,41.25,5.21640625,154822643.4645309
8644,41.25,5.690625000000001,115549801.6705495
8645,45.0,5.21640625,33937750.09082648
8646,45.0,5.690625000000001,47036859.432540536
8647,41.25,6.164843750000001,159568297.84504902
8648,41.25,6.639062500000001,188750227.54577747
8649,45.0,6.164843750000001,123532755.39333805
8650,45.0,6.639062500000001,32971131.04455597
8651,41.25,7.11328125,146629122.29663664
8652,41.25,7.5875,164832602.96853164
8653,45.0,7.11328125,68516275.48449539
8654,45.0,7.5875,61331829.62329296
8655,33.75,8.06171875,508883135.2397202
8656,33.75,8.5359375,579818140.6824185
8657,37.5,8.06171875,306248181.05322593
8658,37.5,8.5359375,361061934.238004
8659,33.75,9.01015625,614736296.6745203
8660,33.75,9.484375,517067992.60169137
8661,37.5,9.01015625,390193696.5499696
8662,37.5,9.484375,318169235.207133
8663,33.75,9.95859375,553085216.2838902
8664,33.75,10.4328125,590910509.6078315
8665,37.5,9.95859375,318476304.3528162
8666,37.5,10.4328125,337590475.6993588
8667,33.75,10.90703125,678897324.043035
8668,33.75,11.38125,542705819.9877045
8669,37.5,10.90703125,388007260.4738433
8670,37.5,11.38125,295322189.06462336
8671,33.75,11.85546875,690969640.5520136
8672,33.75,12.3296875,571687049.8545781
8673,37.5,11.85546875,384382748.6328879
8674,37.5,12.3296875,270333851.34104943
8675,33.75,12.80390625,650125918.0688854
8676,33.75,13.278125,654018236.03986
8677,37.5,12.80390625,372901448.2457852
8678,37.5,13.278125,397425987.1408115
8679,33.75,13.75234375,694645755.9737617
8680,33.75,14.2265625,724922084.5473074
8681,37.5,13.75234375,396556254.5204526
8682,37.5,14.2265625,436068674.1881992
8683,33.75,14.70078125,675388612.6879556
8684,33.75,15.175,647964492.1131775
8685,37.5,14.70078125,418268702.2195702
8686,37.5,15.175,388028835.2461105
8687,41.25,8.06171875,201237763.35311732
8688,41.25,8.5359375,206592797.23120558
8689,45.0,8.06171875,96227345.65300871
8690,45.0,8.5359375,52123660.22440714
8691,41.25,9.01015625,255396925.01638293
8692,41.25,9.484375,231972681.98676395
8693,45.0,9.01015625,120600153.48279625
8694,45.0,9.484375,145776128.76639482
8695,41.25,9.95859375,222614815.90337408
8696,41.25,10.4328125,210931508.89158702
8697,45.0,9.95859375,126753327.45393194
8698,45.0,10.4328125,84272542.08381525
8699,41.25,10.90703125,236768896.071334
8700,41.25,11.38125,199485023.275608
8701,45.0,10.90703125,85530531.6688247
8702,45.0,11.38125,103647857.48659264
8703,41.25,11.85546875,240301446.24095264
8704,41.25,12.3296875,178087331.01651767
8705,45.0,11.85546875,96220143.84901734
8706,45.0,12.3296875,85840810.69198588
8707,41.25,12.80390625,233522472.90036058
8708,41.25,13.278125,243248901.1356957
8709,45.0,12.80390625,94143497.55493604
8710,45.0,13.278125,89071815.13057983
8711,41.25,13.75234375,259336981.9971215
8712,41.25,14.2265625,270858285.7428347
8713,45.0,13.75234375,122117709.47379038
8714,45.0,14.2265625,105647897.29747014
8715,41.25,14.70078125,260683346.4560484
8716,41.25,15.175,252636066.2538899
8717,45.0,14.70078125,103097990.69252662
8718,45.0,15.175,117243297.26166922
8719,48.75,0.0148193359375,0.0
8720,48.75,-0.0,0.0
8721,48.75,0.029638671875,0.0
8722,52.5,0.0148193359375,0.0
8723,52.5,-0.0,0.0
8724,52.5,0.029638671875,0.0
8725,48.75,0.04445800781250001,0.0
8726,48.75,0.05927734375,0.0
8727,52.5,0.04445800781250001,0.0
8728,52.5,0.05927734375,0.0
8729,48.75,0.0740966796875,0.0
8730,52.5,0.0740966796875,0.0
8731,48.75,0.08891601562500001,0.0
8732,52.5,0.08891601562500001,0.0
8733,48.75,0.09632568359375002,0.0
8734,48.75,0.1037353515625,11949752.449537717
8735,52.5,0.09632568359375002,0.0
8736,52.5,0.1037353515625,12345796.207090262
8737,48.75,0.11114501953125,12049071.110304613
8738,48.75,0.1185546875,12148389.77107151
8739,52.5,0.11114501953125,12228470.570691368
8740,52.5,0.1185546875,12111144.934292473
8741,48.75,0.12596435546875,12247708.431838404
8742,48.75,0.1333740234375,12347027.0926053
8743,52.5,0.12596435546875,11993819.297893578
8744,52.5,0.1333740234375,11876493.66149468
8745,48.75,0.14078369140625,12446345.753372196
8746,48.75,0.148193359375,12545664.414139092
8747,52.5,0.14078369140625,11759168.025095785
8748,52.5,0.148193359375,11641842.388696892
8749,48.75,0.15560302734375,12644983.074905986
8750,48.75,0.1630126953125,12744301.735672884
8751,52.5,0.15560302734375,11524516.752297997
8752,52.5,0.1630126953125,11407191.1158991
8753,48.75,0.17042236328125,12843620.39643978
8754,48.75,0.17783203125,12942939.057206675
8755,52.5,0.17042236328125,11289865.479500204
8756,52.5,0.17783203125,11172539.843101311
8757,48.75,0.18524169921875,13042257.71797357
8758,48.75,0.1926513671875,13141576.378740465
8759,52.5,0.18524169921875,11055214.206702417
8760,52.5,0.1926513671875,10937888.570303522
8761,48.75,0.207470703125,13340213.700274257
8762,52.5,0.207470703125,10703237.297505729
8763,48.75,0.21488037109375,13439532.361041151
8764,48.75,0.2222900390625,13538851.021808047
8765,52.5,0.21488037109375,10585911.661106836
8766,52.5,0.2222900390625,10468586.02470794
8767,48.75,0.22969970703125,13638169.682574943
8768,48.75,0.237109375,13737488.343341839
8769,52.5,0.22969970703125,10351260.388309045
8770,52.5,0.237109375,10233934.75191015
8771,48.75,0.24451904296875,13836807.004108734
8772,48.75,0.2519287109375,13936125.66487563
8773,52.5,0.24451904296875,10116609.115511255
8774,52.5,0.2519287109375,9999283.479112359
8775,48.75,0.25933837890625,14035444.325642522
8776,48.75,0.266748046875,14134762.98640942
8777,52.5,0.25933837890625,9881957.842713464
8778,52.5,0.266748046875,9764632.20631457
8779,48.75,0.27415771484375,14234081.647176316
8780,48.75,0.2815673828125,14333400.307943212
8781,52.5,0.27415771484375,9647306.569915675
8782,52.5,0.2815673828125,9529980.93351678
8783,48.75,0.28897705078125,14432718.968710108
8784,48.75,0.29638671875,14532037.629477002
8785,52.5,0.28897705078125,9412655.297117883
8786,52.5,0.29638671875,9295329.660718989
8787,48.75,0.30379638671875,15224169.481546562
8788,48.75,0.3112060546875,16480522.248810956
8789,52.5,0.30379638671875,9616555.325651634
8790,52.5,0.3112060546875,10355180.299890189
8791,48.75,0.326025390625,18993227.78333974
8792,52.5,0.326025390625,11832430.248367291
8793,48.75,0.3556640625,24018638.852397285
8794,52.5,0.3556640625,14786930.145321492
8795,48.75,0.41494140625,34069460.990512386
8796,52.5,0.41494140625,20695929.9392299
8797,48.75,0.47421875,44120283.1286275
8798,52.5,0.47421875,26604929.733138315
8799,48.75,0.5927734375,35689033.82434548
8800,52.5,0.5927734375,20704378.347927324
8801,48.75,0.7113281250000001,20933295.044816468
8802,52.5,0.7113281250000001,10924947.531842565
8803,48.75,0.9484375,24297032.632744014
8804,52.5,0.9484375,15396114.310161972
8805,48.75,1.42265625,46846248.42161675
8806,52.5,1.42265625,29200603.12851989
8807,48.75,1.896875,28894598.712622657
8808,52.5,1.896875,28517716.84933322
8809,48.75,2.37109375,60033934.12277681
8810,48.75,2.8453125,66086537.88044465
8811,52.5,2.37109375,30413942.154835526
8812,52.5,2.8453125,31989435.95186899
8813,48.75,3.31953125,38009853.98723137
8814,48.75,3.79375,29482896.61014135
8815,52.5,3.31953125,17037063.799674585
8816,52.5,3.79375,14576441.261417061
8817,48.75,4.26796875,48187991.49588548
8818,48.75,4.7421875,30308696.661024388
8819,52.5,4.26796875,32696820.29643441
8820,52.5,4.7421875,13421648.835896779
8821,48.75,5.21640625,22137547.262338813
8822,48.75,5.690625000000001,42211823.86539227
8823,52.5,5.21640625,10337344.433851141
8824,52.5,5.690625000000001,37386788.298244
8825,48.75,6.164843750000001,84410517.13630126
8826,48.75,6.639062500000001,44791294.523867436
8827,52.5,6.164843750000001,45288278.879264474
8828,52.5,6.639062500000001,56611458.0031789
8829,48.75,7.11328125,53512674.49868252
8830,48.75,7.5875,44767315.21228149
8831,52.5,7.11328125,38509073.51286964
8832,52.5,7.5875,28202800.801269997
8833,56.25,0.0148193359375,0.0
8834,56.25,-0.0,0.0
8835,56.25,0.029638671875,0.0
8836,60.0,0.0148193359375,0.0
8837,60.0,-0.0,0.0
8838,60.0,0.029638671875,0.0
8839,56.25,0.04445800781250001,0.0
8840,56.25,0.05927734375,0.0
8841,60.0,0.04445800781250001,0.0
8842,60.0,0.05927734375,0.0
8843,56.25,0.0740966796875,0.0
8844,60.0,0.0740966796875,0.0
8845,56.25,0.08891601562500001,0.0
8846,60.0,0.08891601562500001,0.0
8847,56.25,0.09632568359375002,0.0
8848,56.25,0.1037353515625,11033597.206442963
8849,60.0,0.09632568359375002,0.0
8850,60.0,0.1037353515625,6304912.689395978
8851,56.25,0.11114501953125,10804561.434580551
8852,56.25,0.1185546875,10575525.662718141
8853,60.0,0.11114501953125,6174035.1054746015
8854,60.0,0.1185546875,6043157.521553224
8855,56.25,0.12596435546875,10346489.89085573
8856,56.25,0.1333740234375,10117454.11899332
8857,60.0,0.12596435546875,5912279.9376318455
8858,60.0,0.1333740234375,5781402.353710468
8859,56.25,0.14078369140625,9888418.347130906
8860,56.25,0.148193359375,9659382.575268496
8861,60.0,0.14078369140625,5650524.76978909
8862,60.0,0.148193359375,5519647.185867712
8863,56.25,0.15560302734375,9430346.803406086
8864,56.25,0.1630126953125,9201311.031543674
8865,60.0,0.15560302734375,5388769.601946334
8866,60.0,0.1630126953125,5257892.018024958
8867,56.25,0.17042236328125,8972275.259681262
8868,56.25,0.17783203125,8743239.487818852
8869,60.0,0.17042236328125,5127014.434103578
8870,60.0,0.17783203125,4996136.850182202
8871,56.25,0.18524169921875,8514203.715956442
8872,56.25,0.1926513671875,8285167.94409403
8873,60.0,0.18524169921875,4865259.266260823
8874,60.0,0.1926513671875,4734381.682339446
8875,56.25,0.207470703125,7827096.400369208
8876,60.0,0.207470703125,4472626.514496691
8877,56.25,0.21488037109375,7598060.628506796
8878,56.25,0.2222900390625,7369024.8566443855
8879,60.0,0.21488037109375,4341748.930575312
8880,60.0,0.2222900390625,4210871.346653935
8881,56.25,0.22969970703125,7139989.084781975
8882,56.25,0.237109375,6910953.312919563
8883,60.0,0.22969970703125,4079993.762732557
8884,60.0,0.237109375,3949116.1788111785
8885,56.25,0.24451904296875,6681917.541057153
8886,56.25,0.2519287109375,6452881.769194741
8887,60.0,0.24451904296875,3818238.594889801
8888,60.0,0.2519287109375,3687361.0109684234
8889,56.25,0.25933837890625,6223845.99733233
8890,56.25,0.266748046875,5994810.22546992
8891,60.0,0.25933837890625,3556483.427047046
8892,60.0,0.266748046875,3425605.8431256684
8893,56.25,0.27415771484375,5765774.453607507
8894,56.25,0.2815673828125,5536738.681745097
8895,60.0,0.27415771484375,3294728.25920429
8896,60.0,0.2815673828125,3163850.6752829123
8897,56.25,0.28897705078125,5307702.909882685
8898,56.25,0.29638671875,5078667.138020274
8899,60.0,0.28897705078125,3032973.0913615343
8900,60.0,0.29638671875,2902095.507440157
8901,56.25,0.30379638671875,5143377.652339804
8902,56.25,0.3112060546875,5487666.625533466
8903,60.0,0.30379638671875,2939072.9441941734
8904,60.0,0.3112060546875,3135809.5003048377
8905,56.25,0.326025390625,6176244.571920787
8906,60.0,0.326025390625,3529282.6125261644
8907,56.25,0.3556640625,7553400.464695429
8908,60.0,0.3556640625,4316228.836968817
8909,56.25,0.41494140625,10307712.250244712
8910,60.0,0.41494140625,5890121.285854122
8911,56.25,0.47421875,13062024.035794
8912,60.0,0.47421875,7464013.734739428
8913,56.25,0.5927734375,9375282.026525816
8914,60.0,0.5927734375,5357304.015157609
8915,56.25,0.7113281250000001,3721126.3744608
8916,60.0,0.7113281250000001,2126357.9282633145
8917,56.25,0.9484375,8279397.666552202
8918,60.0,0.9484375,4731084.380886973
8919,56.25,1.42265625,15257234.649815066
8920,60.0,1.42265625,8718419.799894324
8921,56.25,1.896875,24733154.48958106
8922,60.0,1.896875,14133231.136903463
8923,56.25,2.37109375,9333870.737515341
8924,56.25,2.8453125,8100780.332882889
8925,60.0,2.37109375,5333640.421437337
8926,60.0,2.8453125,4629017.333075937
8927,56.25,3.31953125,2673303.2153071403
8928,56.25,3.79375,4058953.816984093
8929,60.0,3.31953125,1527601.837318366
8930,60.0,3.79375,2319402.181133767
8931,56.25,4.26796875,19573201.226366997
8932,56.25,4.7421875,1893164.8334185733
8933,60.0,4.26796875,11184686.415066855
8934,60.0,4.7421875,1081808.4762391846
8935,56.25,5.21640625,2161724.7296686084
8936,56.25,5.690625000000001,29898835.680127006
8937,60.0,5.21640625,1235271.2740963476
8938,60.0,5.690625000000001,17085048.960072573
8939,56.25,6.164843750000001,16805938.369418286
8940,56.25,6.639062500000001,58675105.45351334
8941,60.0,6.164843750000001,9603393.353953306
8942,60.0,6.639062500000001,41225720.84589374
8943,56.25,7.11328125,28318562.99487888
8944,56.25,7.5875,22747672.207017507
8945,60.0,7.11328125,27754233.412532352
8946,60.0,7.5875,39511315.24628301
8947,48.75,8.06171875,66764966.579555646
8948,48.75,8.5359375,37661774.552452624
8949,52.5,8.06171875,37302587.50610259
8950,52.5,8.5359375,23199888.88049812
8951,48.75,9.01015625,82613018.09188399
8952,48.75,9.484375,99935045.636454
8953,52.5,9.01015625,44625882.70097173
8954,52.5,9.484375,54093962.506513156
8955,48.75,9.95859375,90591707.38074933
8956,48.75,10.4328125,54123050.311478615
8957,52.5,9.95859375,54430087.30756669
8958,52.5,10.4328125,23973558.539141987
8959,48.75,10.90703125,54997045.57046578
8960,48.75,11.38125,78245949.06129417
8961,52.5,10.90703125,24463559.47210685
8962,52.5,11.38125,52844040.6359957
8963,48.75,11.85546875,67288287.06967042
8964,48.75,12.3296875,69349074.48020998
8965,52.5,11.85546875,38356430.29032349
8966,52.5,12.3296875,52857338.26843406
8967,48.75,12.80390625,73027189.3637389
8968,48.75,13.278125,89042443.65791224
8969,52.5,12.80390625,51910881.17254176
8970,52.5,13.278125,89013072.18524465
8971,48.75,13.75234375,81893816.69029294
8972,48.75,14.2265625,69795867.27756712
8973,52.5,13.75234375,41669923.90679552
8974,52.5,14.2265625,33943837.257664084
8975,48.75,14.70078125,86961856.01861137
8976,48.75,15.175,81413654.51864351
8977,52.5,14.70078125,70825721.3446961
8978,52.5,15.175,45584011.775617816
8979,56.25,8.06171875,27154078.35385365
8980,56.25,8.5359375,13245236.736149963
8981,60.0,8.06171875,55633309.04401295
8982,60.0,8.5359375,12305051.647014499
8983,56.25,9.01015625,18795873.26415317
8984,56.25,9.484375,25901553.227847505
8985,60.0,9.01015625,17280115.73552203
8986,60.0,9.484375,33006491.651732214
8987,56.25,9.95859375,27007261.978488427
8988,56.25,10.4328125,5013954.898030708
8989,60.0,9.95859375,17062026.137618907
8990,60.0,10.4328125,8434127.51937012
8991,56.25,10.90703125,4307494.0165296905
8992,56.25,11.38125,32939683.42245823
8993,60.0,10.90703125,4906269.846516057
8994,60.0,11.38125,24030428.63244277
8995,56.25,11.85546875,16684960.049414013
8996,56.25,12.3296875,36629991.528010525
8997,60.0,11.85546875,9534262.885379435
8998,60.0,12.3296875,20931423.73029173
8999,56.25,12.80390625,33104174.58110904
9000,56.25,13.278125,77869304.80303296
9001,60.0,12.80390625,18916671.189205166
9002,60.0,13.278125,44496745.601733126
9003,56.25,13.75234375,12997245.961405909
9004,56.25,14.2265625,8787173.422179306
9005,60.0,13.75234375,7426997.692231949
9006,60.0,14.2265625,5021241.955531033
9007,56.25,14.70078125,52559760.95015854
9008,56.25,15.175,18985385.370233923
9009,60.0,14.70078125,30034149.114376307
9010,60.0,15.175,10848791.640133671
9011,33.75,15.64921875,822705047.8690267
9012,33.75,16.1234375,738059236.810966
9013,37.5,15.64921875,518175939.5092081
9014,37.5,16.1234375,457431382.1266382
9015,33.75,16.59765625,684839889.2367649
9016,33.75,17.071875,609911935.1588109
9017,37.5,16.59765625,462662605.64785147
9018,37.5,17.071875,367011083.8493313
9019,33.75,17.54609375,597828811.3589369
9020,33.75,18.0203125,685966753.7027704
9021,37.5,17.54609375,334310259.1790021
9022,37.5,18.0203125,416429457.5239048
9023,33.75,18.49453125,726894283.1399722
9024,33.75,18.96875,730697967.8802292
9025,37.5,18.49453125,435716399.65472144
9026,37.5,18.96875,461048718.7155599
9027,33.75,19.44296875,762652268.2371022
9028,33.75,19.9171875,771777777.2679609
9029,37.5,19.44296875,432357337.87191415
9030,37.5,19.9171875,485060644.69237953
9031,33.75,20.39140625,662117769.6644621
9032,33.75,20.865625,719401056.3457355
9033,37.5,20.39140625,364395701.55508053
9034,37.5,20.865625,415410517.3348104
9035,33.75,21.33984375,731469170.9025927
9036,33.75,21.8140625,575901955.9087116
9037,37.5,21.33984375,458891874.4638812
9038,37.5,21.8140625,339428559.5478907
9039,33.75,22.28828125,592501567.3444085
9040,33.75,22.7625,578043459.6108186
9041,37.5,22.28828125,358223167.1564928
9042,37.5,22.7625,350287974.2540036
9043,41.25,15.64921875,328415963.1595412
9044,41.25,16.1234375,300674686.4943036
9045,45.0,15.64921875,138655986.80987427
9046,45.0,16.1234375,143917990.86196885
9047,41.25,16.59765625,352124375.01781607
9048,41.25,17.071875,293869764.9869072
9049,45.0,16.59765625,241586144.38778064
9050,45.0,17.071875,220728446.12448302
9051,41.25,17.54609375,233874281.7986904
9052,41.25,18.0203125,275415051.26093286
9053,45.0,17.54609375,133438304.4183787
9054,45.0,18.0203125,134400644.99796093
9055,41.25,18.49453125,298674913.8417774
9056,41.25,18.96875,324287377.46182245
9057,45.0,18.49453125,161633428.0288334
9058,45.0,18.96875,187526036.20808506
9059,41.25,19.44296875,269861285.5516732
9060,41.25,19.9171875,321773232.7926473
9061,45.0,19.44296875,107365233.23143217
9062,45.0,19.9171875,158485820.89291507
9063,41.25,20.39140625,279081804.1533598
9064,41.25,20.865625,263240285.99306396
9065,45.0,20.39140625,193767906.75163904
9066,45.0,20.865625,111070054.65131755
9067,41.25,21.33984375,289121399.4435264
9068,41.25,21.8140625,240123172.4071132
9069,45.0,21.33984375,119350924.42317149
9070,45.0,21.8140625,140817785.26633567
9071,41.25,22.28828125,250033823.86387953
9072,41.25,22.7625,235750567.83671647
9073,45.0,22.28828125,141844480.57126623
9074,45.0,22.7625,121213161.41942933
9075,33.75,23.23671875,682773746.5708909
9076,33.75,23.7109375,811397133.8775516
9077,37.5,23.23671875,404529535.7446824
9078,37.5,23.7109375,522630136.6594009
9079,33.75,24.18515625000001,702278807.437899
9080,33.75,24.659375,842513556.1679211
9081,37.5,24.18515625000001,440138035.34995776
9082,37.5,24.659375,538350937.6074373
9083,33.75,25.13359375,849323738.6601566
9084,33.75,25.6078125,671442502.5883846
9085,37.5,25.13359375,556283092.0742711
9086,37.5,25.6078125,420404447.0563443
9087,33.75,26.08203125,641560314.7310877
9088,33.75,26.55625,640304185.3960576
9089,37.5,26.08203125,429456504.19927
9090,37.5,26.55625,443879423.2615713
9091,33.75,27.03046875,711464320.148505
9092,33.75,27.5046875,597208260.3833158
9093,37.5,27.03046875,443955680.37110823
9094,37.5,27.5046875,345922208.009354
9095,33.75,27.97890625,623875758.955713
9096,33.75,28.453125,585399187.1739445
9097,37.5,27.97890625,372707800.4054354
9098,37.5,28.453125,350935473.73495764
9099,33.75,28.92734375,576337353.534227
9100,33.75,29.4015625,588366700.4517037
9101,37.5,28.92734375,362918089.46619976
9102,37.5,29.4015625,364647272.4340148
9103,33.75,29.87578125,494757972.7121946
9104,33.75,30.35,409214809.67723286
9105,37.5,29.87578125,303465559.5832729
9106,37.5,30.35,257661725.7774287
9107,41.25,23.23671875,249870346.0619505
9108,41.25,23.7109375,300417632.54421735
9109,45.0,23.23671875,95211156.37921858
9110,45.0,23.7109375,78205128.42903385
9111,41.25,24.18515625000001,267794851.26061454
9112,41.25,24.659375,329885515.6762846
9113,45.0,24.18515625000001,95451667.1712713
9114,45.0,24.659375,121420093.74513197
9115,41.25,25.13359375,325139495.2525498
9116,41.25,25.6078125,282321895.64011973
9117,45.0,25.13359375,93995898.43082857
9118,45.0,25.6078125,144239344.22389525
9119,41.25,26.08203125,285416744.2771899
9120,41.25,26.55625,335177362.86102176
9121,45.0,26.08203125,141376984.35510987
9122,45.0,26.55625,226475302.46047232
9123,41.25,27.03046875,291857008.09605145
9124,41.25,27.5046875,230768016.40940848
9125,45.0,27.03046875,139758335.82099462
9126,45.0,27.5046875,115613824.80946301
9127,41.25,27.97890625,238372702.77969915
9128,41.25,28.453125,228380367.43165702
9129,45.0,27.97890625,104037605.15396288
9130,45.0,28.453125,105825261.12835637
9131,41.25,28.92734375,219612293.48385587
9132,41.25,29.4015625,230519616.2060683
9133,45.0,28.92734375,76306497.50151202
9134,45.0,29.4015625,96391959.97812179
9135,41.25,29.87578125,185232230.31588155
9136,41.25,30.35,207302355.54025298
9137,45.0,29.87578125,66998901.04849026
9138,45.0,30.35,156942985.30307734
9139,48.75,15.64921875,98627778.007771
9140,48.75,16.1234375,102916526.002133
9141,52.5,15.64921875,58599569.205667704
9142,52.5,16.1234375,61915061.14229712
9143,48.75,16.59765625,158777266.43080506
9144,48.75,17.071875,148079356.12884462
9145,52.5,16.59765625,75968388.47382946
9146,52.5,17.071875,75430266.13320622
9147,48.75,17.54609375,93467420.07616289
9148,48.75,18.0203125,91147469.86926885
9149,52.5,17.54609375,53496535.73394707
9150,52.5,18.0203125,47894294.74057677
9151,48.75,18.49453125,116021567.8906487
9152,48.75,18.96875,117969977.25575013
9153,52.5,18.49453125,70409707.75246403
9154,52.5,18.96875,48413918.303415224
9155,48.75,19.44296875,72362633.41760701
9156,48.75,19.9171875,100614911.5697874
9157,52.5,19.44296875,37360033.60378186
9158,52.5,19.9171875,42744002.246659756
9159,48.75,20.39140625,122435458.67641126
9160,48.75,20.865625,76514521.03530404
9161,52.5,20.39140625,51103010.60118348
9162,52.5,20.865625,41958987.41929053
9163,48.75,21.33984375,82923420.35700196
9164,48.75,21.8140625,91843982.49485576
9165,52.5,21.33984375,46495916.29083244
9166,52.5,21.8140625,42870179.723375835
9167,48.75,22.28828125,89704921.6096036
9168,48.75,22.7625,90579945.06641975
9169,52.5,22.28828125,37565362.647940956
9170,52.5,22.7625,59946728.713410154
9171,56.25,15.64921875,27924834.58706567
9172,56.25,16.1234375,30258157.3312724
9173,60.0,15.64921875,15957048.3354661
9174,60.0,16.1234375,17290375.617869947
9175,56.25,16.59765625,18167161.10636502
9176,56.25,17.071875,23622847.035766363
9177,60.0,16.59765625,10381234.91792287
9178,60.0,17.071875,13498769.734723635
9179,56.25,17.54609375,23493119.5675778
9180,56.25,18.0203125,16676489.072934283
9181,60.0,17.54609375,13424639.752901603
9182,60.0,18.0203125,9529422.327391017
9183,56.25,18.49453125,35001575.86946496
9184,56.25,18.96875,1787810.7932929513
9185,60.0,18.49453125,20000900.496837124
9186,60.0,18.96875,1021606.1675959723
9187,56.25,19.44296875,12271846.17857778
9188,56.25,19.9171875,3642971.527336148
9189,60.0,19.44296875,7012483.530615874
9190,60.0,19.9171875,2081698.0156206558
9191,56.25,20.39140625,3104539.565486009
9192,56.25,20.865625,16556719.382537995
9193,60.0,20.39140625,1774022.6088491483
9194,60.0,20.865625,9460982.504307425
9195,56.25,21.33984375,19434549.382546164
9196,56.25,21.8140625,8943355.64125723
9197,60.0,21.33984375,11105456.790026378
9198,60.0,21.8140625,5110488.937861275
9199,56.25,22.28828125,2454949.589311791
9200,56.25,22.7625,34584011.41831163
9201,60.0,22.28828125,1402828.3367495951
9202,60.0,22.7625,19762292.23903522
9203,48.75,23.23671875,75430513.07377012
9204,48.75,23.7109375,58387137.40257691
9205,52.5,23.23671875,55649869.76832165
9206,52.5,23.7109375,38569146.37611996
9207,48.75,24.18515625000001,73408352.79451573
9208,48.75,24.659375,88662798.03421253
9209,52.5,24.18515625000001,51365038.41776018
9210,52.5,24.659375,55905502.32329311
9211,48.75,25.13359375,62672141.3040323
9212,48.75,25.6078125,95319861.78450257
9213,52.5,25.13359375,31348384.177236024
9214,52.5,25.6078125,46400379.345109925
9215,48.75,26.08203125,105588144.75172402
9216,48.75,26.55625,143258046.06270897
9217,52.5,26.08203125,69799305.14833815
9218,52.5,26.55625,60040789.66494569
9219,48.75,27.03046875,92173825.61481261
9220,48.75,27.5046875,94193333.27624543
9221,52.5,27.03046875,44589315.4086306
9222,52.5,27.5046875,72772841.74302788
9223,48.75,27.97890625,84193822.74982198
9224,48.75,28.453125,81267154.74129902
9225,52.5,27.97890625,64350040.34568106
9226,52.5,28.453125,56709048.35424164
9227,48.75,28.92734375,66521063.439897604
9228,48.75,29.4015625,81955542.65222865
9229,52.5,28.92734375,56735629.378283195
9230,52.5,29.4015625,67519125.32633555
9231,48.75,29.87578125,54470045.99554776
9232,48.75,30.35,116659010.32263564
9233,52.5,29.87578125,41941190.94260524
9234,52.5,30.35,76375035.34219392
9235,56.25,23.23671875,37154927.45243651
9236,56.25,23.7109375,22187508.313671745
9237,60.0,23.23671875,21231387.115678005
9238,60.0,23.7109375,12678576.179241
9239,56.25,24.18515625000001,32085808.562432755
9240,56.25,24.659375,29808892.034845136
9241,60.0,24.18515625000001,18334747.74996157
9242,60.0,24.659375,17033652.591340076
9243,56.25,25.13359375,9157644.497783698
9244,56.25,25.6078125,12063967.170658795
9245,60.0,25.13359375,5232939.713019256
9246,60.0,25.6078125,6893695.52609074
9247,56.25,26.08203125,40197568.9028208
9248,56.25,26.55625,3992291.391465544
9249,60.0,26.08203125,22970039.373040464
9250,60.0,26.55625,2281309.366551739
9251,56.25,27.03046875,11258020.028945599
9252,56.25,27.5046875,51180949.79743914
9253,60.0,27.03046875,6433154.302254628
9254,60.0,27.5046875,29246257.02710808
9255,56.25,27.97890625,44730745.56672206
9256,56.25,28.453125,37970678.96865571
9257,60.0,27.97890625,25560426.03812689
9258,60.0,28.453125,30871783.586012654
9259,56.25,28.92734375,48479864.96219908
9260,56.25,29.4015625,51041720.652945004
9261,60.0,28.92734375,43283439.83717561
9262,60.0,29.4015625,30482341.28455958
9263,56.25,29.87578125,29665971.781672362
9264,56.25,30.35,43501811.12151126
9265,60.0,29.87578125,17898024.404758763
9266,60.0,30.35,25450088.420346696
9267,3.75,30.82421875,5984429334.081291
9268,3.75,31.2984375,5250762260.33804
9269,7.5,30.82421875,5300122223.791652
9270,7.5,31.2984375,4722354068.240977
9271,3.75,31.77265625,4942291273.951222
9272,3.75,32.246875,5087021523.992149
9273,7.5,31.77265625,4379087392.030722
9274,7.5,32.246875,4697346896.378463
9275,3.75,32.72109375,4442985748.329283
9276,3.75,33.1953125,4612196472.440492
9277,7.5,32.72109375,4170766907.41394
9278,7.5,33.1953125,4266536549.5365424
9279,3.75,33.66953125,4633237631.037043
9280,3.75,34.14375,4163450150.2425594
9281,7.5,33.66953125,4193597289.9018707
9282,7.5,34.14375,3869165953.3719573
9283,3.75,34.61796875,4048394962.7141294
9284,3.75,35.09218749999999,4016358794.4896216
9285,7.5,34.61796875,3629891342.2774644
9286,7.5,35.09218749999999,3603227094.5705023
9287,3.75,35.56640625,3344859425.6195064
9288,3.75,36.040625,3239375712.954734
9289,7.5,35.56640625,3073853746.6499166
9290,7.5,36.040625,2883329584.636004
9291,3.75,36.51484375,3044424088.8123307
9292,3.75,36.9890625,2954059743.978178
9293,7.5,36.51484375,2754015245.598652
9294,7.5,36.9890625,2791594232.7516694
9295,3.75,37.46328125,2926740362.8080707
9296,3.75,37.9375,2989916291.071478
9297,7.5,37.46328125,2728913893.834778
9298,7.5,37.9375,2714586011.738593
9299,11.25,30.82421875,4218689559.1822376
9300,11.25,31.2984375,3896525907.968604
9301,15.0,30.82421875,3137256894.572824
9302,15.0,31.2984375,3070697747.6962304
9303,11.25,31.77265625,3605983192.2559657
9304,11.25,32.246875,3983814834.361081
9305,15.0,31.77265625,2832878992.4812093
9306,15.0,32.246875,3270282772.343699
9307,11.25,32.72109375,3735685423.5276175
9308,11.25,33.1953125,3653411974.5466814
9309,15.0,32.72109375,3300603939.641295
9310,15.0,33.1953125,3040287399.556821
9311,11.25,33.66953125,3483316359.3692455
9312,11.25,34.14375,3341763471.20944
9313,15.0,33.66953125,2773035428.836621
9314,15.0,34.14375,2814360989.0469236
9315,11.25,34.61796875,2942461104.656832
9316,11.25,35.09218749999999,2988934333.493716
9317,15.0,34.61796875,2255030867.0361996
9318,15.0,35.09218749999999,2374641572.4169292
9319,11.25,35.56640625,2702156704.4094095
9320,11.25,36.040625,2407099949.2176595
9321,15.0,35.56640625,2330459662.1689024
9322,15.0,36.040625,1930870313.7993155
9323,11.25,36.51484375,2355510546.3595915
9324,11.25,36.9890625,2556778323.698547
9325,15.0,36.51484375,1957005847.1205313
9326,15.0,36.9890625,2321962414.645425
9327,11.25,37.46328125,2435789511.510041
9328,11.25,37.9375,2287079778.045611
9329,15.0,37.46328125,2142665129.1853046
9330,15.0,37.9375,1859573544.3526294
9331,3.75,38.41171875,2652620586.1743383
9332,3.75,38.8859375,2630055315.842358
9333,7.5,38.41171875,2436376816.8578534
9334,7.5,38.8859375,2365613787.629359
9335,3.75,39.36015625,2631976819.549839
9336,3.75,39.834375,2300345928.995844
9337,7.5,39.36015625,2375983174.629592
9338,7.5,39.834375,2089973337.396119
9339,3.75,40.30859375,2229201615.5822563
9340,3.75,40.78281250000001,1915570196.1924908
9341,7.5,40.30859375,2056032380.9705355
9342,7.5,40.78281250000001,1793126917.0827975
9343,3.75,41.25703125,1842511718.4778957
9344,3.75,41.73125,1758768317.2683132
9345,7.5,41.25703125,1735791668.5203097
9346,7.5,41.73125,1731538926.1118264
9347,3.75,42.20546875,1717626941.4292507
9348,3.75,42.6796875,1428374180.128961
9349,7.5,42.20546875,1576868296.0158117
9350,7.5,42.6796875,1330706697.3622916
9351,3.75,43.15390625000001,1673249773.2739916
9352,3.75,43.628125,1512497770.3014476
9353,7.5,43.15390625000001,1516563982.672152
9354,7.5,43.628125,1456063440.056114
9355,3.75,44.10234375,1294356970.9452615
9356,3.75,44.57656250000001,1226872431.218298
9357,7.5,44.10234375,1149963708.1578813
9358,7.5,44.57656250000001,1171072998.254425
9359,3.75,45.05078125000001,1212048512.6807842
9360,3.75,45.52500000000001,1358200314.384394
9361,7.5,45.05078125000001,1154407074.7280545
9362,7.5,45.52500000000001,1267604549.860962
9363,11.25,38.41171875,2118051373.2479513
9364,11.25,38.8859375,1999621927.6368244
9365,15.0,38.41171875,1799725929.6380494
9366,15.0,38.8859375,1633630067.64429
9367,11.25,39.36015625,1909168804.7146418
9368,11.25,39.834375,1786957663.8211083
9369,15.0,39.36015625,1442354434.7996912
9370,15.0,39.834375,1483941990.2460978
9371,11.25,40.30859375,1766951340.409325
9372,11.25,40.78281250000001,1635183054.772697
9373,15.0,40.30859375,1477870299.8481138
9374,15.0,40.78281250000001,1477239192.4625962
9375,11.25,41.25703125,1615869353.0752711
9376,11.25,41.73125,1684723211.1148071
9377,15.0,41.25703125,1495947037.630232
9378,15.0,41.73125,1637907496.1177883
9379,11.25,42.20546875,1397019656.631094
9380,11.25,42.6796875,1203808393.056981
9381,15.0,42.20546875,1217171017.2463763
9382,15.0,42.6796875,1076910088.7516706
9383,11.25,43.15390625000001,1233711684.939863
9384,11.25,43.628125,1338020785.3438962
9385,15.0,43.15390625000001,950859387.2075739
9386,15.0,43.628125,1219978130.6316783
9387,11.25,44.10234375,984307320.5277392
9388,11.25,44.57656250000001,1077491570.3825564
9389,15.0,44.10234375,818650932.897597
9390,15.0,44.57656250000001,983910142.5106881
9391,11.25,45.05078125000001,1048872549.3128204
9392,11.25,45.52500000000001,1081891760.8525536
9393,15.0,45.05078125000001,943338023.8975865
9394,15.0,45.52500000000001,896178971.8441453
9395,18.75,30.82421875,2437130486.8976383
9396,18.75,31.2984375,2364795959.849548
9397,22.5,30.82421875,1737004079.2224529
9398,22.5,31.2984375,1658894172.0028648
9399,18.75,31.77265625,2293515750.5931864
9400,18.75,32.246875,2482413078.723383
9401,22.5,31.77265625,1754152508.7051625
9402,22.5,32.246875,1694543385.1030674
9403,18.75,32.72109375,2584476004.0577135
9404,18.75,33.1953125,2384008186.7993045
9405,22.5,32.72109375,1868348068.4741318
9406,22.5,33.1953125,1727728974.0417871
9407,18.75,33.66953125,2086124226.2165885
9408,18.75,34.14375,2118744674.7071323
9409,22.5,33.66953125,1399213023.5965567
9410,22.5,34.14375,1423128360.3673406
9411,18.75,34.61796875,1686148089.8942142
9412,18.75,35.09218749999999,1784725824.3591213
9413,22.5,34.61796875,1117265312.7522283
9414,22.5,35.09218749999999,1194810076.3013134
9415,18.75,35.56640625,1736000597.3064287
9416,18.75,36.040625,1534736122.22441
9417,22.5,35.56640625,1141541532.443955
9418,22.5,36.040625,1138601930.6495047
9419,18.75,36.51484375,1559438069.3447504
9420,18.75,36.9890625,1752821283.5201943
9421,22.5,36.51484375,1161870291.56897
9422,22.5,36.9890625,1183680152.394964
9423,18.75,37.46328125,1608053723.7319767
9424,18.75,37.9375,1453029907.4920533
9425,22.5,37.46328125,1073442318.2786491
9426,22.5,37.9375,1046486270.6314772
9427,26.25,30.82421875,1156656598.5077116
9428,26.25,31.2984375,1075739554.1312785
9429,30.0,30.82421875,815866971.7138592
9430,30.0,31.2984375,738079276.2098857
9431,26.25,31.77265625,1259315761.382294
9432,26.25,32.246875,1075422755.074412
9433,30.0,31.77265625,853532003.1897331
9434,30.0,32.246875,793800252.2290777
9435,26.25,32.72109375,1251429873.5118299
9436,26.25,33.1953125,1159043004.809693
9437,30.0,32.72109375,832931159.7920861
9438,30.0,33.1953125,765543522.6284446
9439,26.25,33.66953125,867713443.8050408
9440,26.25,34.14375,872439021.472114
9441,30.0,33.66953125,647037109.6705573
9442,30.0,34.14375,611603633.4660168
9443,26.25,34.61796875,675093567.279214
9444,26.25,35.09218749999999,727049446.5519952
9445,30.0,34.61796875,486343885.1441424
9446,30.0,35.09218749999999,503599053.41965616
9447,26.25,35.56640625,689852482.1317317
9448,26.25,36.040625,804782649.1177517
9449,30.0,35.56640625,523703460.920009
9450,30.0,36.040625,595593187.6723034
9451,26.25,36.51484375,822562578.851816
9452,26.25,36.9890625,754035187.2488068
9453,30.0,36.51484375,599774996.2519162
9454,30.0,36.9890625,603382554.0607965
9455,26.25,37.46328125,678173593.0598994
9456,26.25,37.9375,704561237.9901023
9457,30.0,37.46328125,561590228.3103056
9458,30.0,37.9375,491873413.7871301
9459,18.75,38.41171875,1388870857.0290449
9460,18.75,38.8859375,1297837640.8928945
9461,22.5,38.41171875,978015784.4200406
9462,22.5,38.8859375,962045214.141499
9463,18.75,39.36015625,1144137068.513062
9464,18.75,39.834375,1225619908.2429705
9465,22.5,39.36015625,845919702.2264327
9466,22.5,39.834375,967297826.2398429
9467,18.75,40.30859375,1156402786.621528
9468,18.75,40.78281250000001,1139435704.8864338
9469,22.5,40.30859375,834935273.3949423
9470,22.5,40.78281250000001,801632217.3102715
9471,18.75,41.25703125,1135687460.2821903
9472,18.75,41.73125,1259452996.0144966
9473,22.5,41.25703125,775427882.9341482
9474,22.5,41.73125,880998495.9112052
9475,18.75,42.20546875,1002642076.1401701
9476,18.75,42.6796875,848124927.5314977
9477,22.5,42.20546875,788113135.033964
9478,22.5,42.6796875,619339766.3113251
9479,18.75,43.15390625000001,771076392.1594375
9480,18.75,43.628125,959799395.5714183
9481,22.5,43.15390625000001,591293397.1113008
9482,22.5,43.628125,699620660.5111582
9483,18.75,44.10234375,710147387.9629127
9484,18.75,44.57656250000001,755419009.7795647
9485,22.5,44.10234375,601643843.0282285
9486,22.5,44.57656250000001,526927877.0484414
9487,18.75,45.05078125000001,711433776.2099203
9488,18.75,45.52500000000001,687789299.3977256
9489,22.5,45.05078125000001,479529528.52225417
9490,22.5,45.52500000000001,479399626.9513059
9491,26.25,38.41171875,649411396.4036524
9492,26.25,38.8859375,669768785.5462235
9493,30.0,38.41171875,485308377.57249653
9494,30.0,38.8859375,464524353.2631879
9495,26.25,39.36015625,598719925.4673115
9496,26.25,39.834375,717088776.2538011
9497,30.0,39.36015625,453555327.76320684
9498,30.0,39.834375,483105790.30193037
9499,26.25,40.30859375,565821632.5314549
9500,26.25,40.78281250000001,526933145.6784718
9501,30.0,40.30859375,401415736.39416385
9502,30.0,40.78281250000001,378442905.93539727
9503,26.25,41.25703125,496468372.4538
9504,26.25,41.73125,577214664.2377361
9505,30.0,41.25703125,380108995.7088392
9506,30.0,41.73125,422772169.4239119
9507,26.25,42.20546875,589329178.0261261
9508,26.25,42.6796875,425796877.8189123
9509,30.0,42.20546875,422035189.2150244
9510,30.0,42.6796875,302738534.78201956
9511,26.25,43.15390625000001,433670508.70214945
9512,26.25,43.628125,487094830.2018964
9513,30.0,43.15390625000001,320367833.57096875
9514,30.0,43.628125,369874809.3946312
9515,26.25,44.10234375,489137884.80888826
9516,26.25,44.57656250000001,356519310.85187984
9517,30.0,44.10234375,368627100.0202356
9518,30.0,44.57656250000001,302275877.72444165
9519,26.25,45.05078125000001,304724583.2767741
9520,26.25,45.52500000000001,310637700.1628867
9521,30.0,45.05078125000001,244118242.91566622
9522,30.0,45.52500000000001,221131264.69046843
9523,33.75,30.82421875,475077344.92000675
9524,33.75,31.2984375,400418998.2884929
9525,37.5,30.82421875,295671762.7006459
9526,37.5,31.2984375,245533184.39506543
9527,33.75,31.77265625,447748244.9971727
9528,33.75,32.246875,512177749.38374317
9529,37.5,31.77265625,277106966.4029824
9530,37.5,32.246875,333807709.37141716
9531,33.75,32.72109375,414432446.07234263
9532,33.75,33.1953125,372044040.4471962
9533,37.5,32.72109375,223446053.7360935
9534,37.5,33.1953125,215549224.15038937
9535,33.75,33.66953125,426360775.53607374
9536,33.75,34.14375,350768245.4599195
9537,37.5,33.66953125,289563624.64142925
9538,37.5,34.14375,233768610.1662259
9539,33.75,34.61796875,297594203.0090709
9540,33.75,35.09218749999999,280148660.28731704
9541,37.5,34.61796875,214275706.1082362
9542,37.5,35.09218749999999,173705249.4819206
9543,33.75,35.56640625,357554439.7082863
9544,33.75,36.040625,386403726.22685516
9545,37.5,35.56640625,249062579.9270618
9546,37.5,36.040625,262283569.58931917
9547,33.75,36.51484375,376987413.65201634
9548,33.75,36.9890625,452729920.8727859
9549,37.5,36.51484375,235746437.95787108
9550,37.5,36.9890625,312803234.0635329
9551,33.75,37.46328125,445006863.56071186
9552,33.75,37.9375,279185589.58415806
9553,37.5,37.46328125,311019624.00340176
9554,37.5,37.9375,170632731.08841574
9555,41.25,30.82421875,196958202.76853082
9556,41.25,31.2984375,182034602.51562065
9557,45.0,30.82421875,98244642.83641574
9558,45.0,31.2984375,118536020.63617586
9559,41.25,31.77265625,224036927.60797715
9560,41.25,32.246875,207063900.77559537
9561,45.0,31.77265625,170966888.81297195
9562,45.0,32.246875,80320092.17977361
9563,41.25,32.72109375,146215822.09159145
9564,41.25,33.1953125,177556740.79580337
9565,45.0,32.72109375,68985590.4470894
9566,45.0,33.1953125,139564257.44121736
9567,41.25,33.66953125,194706065.36670414
9568,41.25,34.14375,188686851.22873414
9569,45.0,33.66953125,99848506.09197906
9570,45.0,34.14375,143605092.29124236
9571,41.25,34.61796875,183672801.82451996
9572,41.25,35.09218749999999,125765329.83999547
9573,45.0,34.61796875,153069897.5408038
9574,45.0,35.09218749999999,77825410.19807036
9575,41.25,35.56640625,169399300.86108643
9576,41.25,36.040625,180698065.3557393
9577,45.0,35.56640625,89736021.79511105
9578,45.0,36.040625,99112561.1221594
9579,41.25,36.51484375,135278765.71660313
9580,41.25,36.9890625,178239520.4436586
9581,45.0,36.51484375,34811093.47533518
9582,45.0,36.9890625,43675806.82378425
9583,41.25,37.46328125,168330447.04223347
9584,41.25,37.9375,114147355.44628847
9585,45.0,37.46328125,25641270.08106518
9586,45.0,37.9375,57661979.80416114
9587,33.75,38.41171875,321205358.74134076
9588,33.75,38.8859375,259279920.98015234
9589,37.5,38.41171875,211747908.61067483
9590,37.5,38.8859375,154415833.68094605
9591,33.75,39.36015625,308390730.059102
9592,33.75,39.834375,249122804.3500598
9593,37.5,39.36015625,201968059.79000485
9594,37.5,39.834375,141214766.51166138
9595,33.75,40.30859375,237009840.2568728
9596,33.75,40.78281250000001,229952666.1923228
9597,37.5,40.30859375,148298305.44302055
9598,37.5,40.78281250000001,139225405.5663842
9599,33.75,41.25703125,263749618.96387836
9600,33.75,41.73125,268329674.6100877
9601,37.5,41.25703125,188959583.50169107
9602,37.5,41.73125,169907411.52674568
9603,33.75,42.20546875,254741200.40392274
9604,33.75,42.6796875,179680191.74512672
9605,37.5,42.20546875,168489145.8233724
9606,37.5,42.6796875,140228358.1925339
9607,33.75,43.15390625000001,207065158.43978795
9608,33.75,43.628125,252654788.5873661
9609,37.5,43.15390625000001,138066891.24886099
9610,37.5,43.628125,175984715.47241998
9611,33.75,44.10234375,248116315.23158297
9612,33.75,44.57656250000001,248032444.5970035
9613,37.5,44.10234375,170379942.22960725
9614,37.5,44.57656250000001,191203429.86165607
9615,33.75,45.05078125000001,183511902.55455834
9616,33.75,45.52500000000001,131624829.21805014
9617,37.5,45.05078125000001,135163323.38016406
9618,37.5,45.52500000000001,97520360.54664086
9619,41.25,38.41171875,129613242.83025385
9620,41.25,38.8859375,99741918.87365437
9621,45.0,38.41171875,47478577.04983289
9622,45.0,38.8859375,45068004.0663627
9623,41.25,39.36015625,114916353.2384116
9624,41.25,39.834375,96344202.7299991
9625,45.0,39.36015625,27864646.686818317
9626,45.0,39.834375,51473638.948336765
9627,41.25,40.30859375,97433951.29088776
9628,41.25,40.78281250000001,77379634.49901356
9629,45.0,40.30859375,46569597.13875494
9630,45.0,40.78281250000001,15533863.431642912
9631,41.25,41.25703125,134954218.6808906
9632,41.25,41.73125,99495264.30864479
9633,45.0,41.25703125,80948853.86009008
9634,45.0,41.73125,29083117.090543892
9635,41.25,42.20546875,122758058.35809779
9636,41.25,42.6796875,142579779.3820911
9637,45.0,42.20546875,77026970.89282314
9638,45.0,42.6796875,144931200.57164827
9639,41.25,43.15390625000001,91220828.02806088
9640,41.25,43.628125,119589616.20363334
9641,45.0,43.15390625000001,44374764.8072608
9642,45.0,43.628125,63194516.93484673
9643,41.25,44.10234375,114030775.12096994
9644,41.25,44.57656250000001,133081624.32235399
9645,45.0,44.10234375,57681608.012332626
9646,45.0,44.57656250000001,74959818.78305192
9647,41.25,45.05078125000001,92943624.79912654
9648,41.25,45.52500000000001,91116875.27573603
9649,45.0,45.05078125000001,50723926.21808903
9650,45.0,45.52500000000001,84713390.00483122
9651,48.75,30.82421875,72206723.99134482
9652,48.75,31.2984375,78861303.62378234
9653,52.5,30.82421875,46168805.14627391
9654,52.5,31.2984375,39186586.611388795
9655,48.75,31.77265625,112445059.39136781
9656,48.75,32.246875,59281214.63199872
9657,52.5,31.77265625,53923229.969763644
9658,52.5,32.246875,38242337.08422382
9659,48.75,32.72109375,48230633.561081976
9660,48.75,33.1953125,89890915.68820125
9661,52.5,32.72109375,27475676.675074536
9662,52.5,33.1953125,40217573.93518515
9663,48.75,33.66953125,73047254.19324614
9664,48.75,34.14375,124525591.6134565
9665,52.5,33.66953125,46246002.294513255
9666,52.5,34.14375,105446090.93567064
9667,48.75,34.61796875,110283790.96131311
9668,48.75,35.09218749999999,56864916.36902771
9669,52.5,34.61796875,67497684.38182244
9670,52.5,35.09218749999999,35904422.53998506
9671,48.75,35.56640625,64797932.98695921
9672,48.75,36.040625,81075773.46584095
9673,52.5,35.56640625,39859844.178807385
9674,52.5,36.040625,63038985.80952251
9675,48.75,36.51484375,25749723.095452756
9676,48.75,36.9890625,32643807.38122847
9677,52.5,36.51484375,16688352.715570332
9678,52.5,36.9890625,21611807.9386727
9679,48.75,37.46328125,32719867.026697177
9680,48.75,37.9375,42419073.172111325
9681,52.5,37.46328125,39798463.97232917
9682,52.5,37.9375,27176166.540061522
9683,56.25,30.82421875,25496520.615343723
9684,56.25,31.2984375,11298804.66323432
9685,60.0,30.82421875,15555504.712695004
9686,60.0,31.2984375,6984892.843557964
9687,56.25,31.77265625,13260202.133454833
9688,56.25,32.246875,21229530.09906897
9689,60.0,31.77265625,8314777.467736652
9690,60.0,32.246875,12268864.239154223
9691,56.25,32.72109375,11934158.907185882
9692,56.25,33.1953125,6214261.170694282
9693,60.0,32.72109375,6819519.37553479
9694,60.0,33.1953125,3551006.383253875
9695,56.25,33.66953125,24831188.40010491
9696,56.25,34.14375,81135620.8400034
9697,60.0,33.66953125,14189250.514345663
9698,60.0,34.14375,46363211.908573374
9699,56.25,34.61796875,34101911.662725076
9700,56.25,35.09218749999999,19189414.988878712
9701,60.0,34.61796875,19486806.664414328
9702,60.0,35.09218749999999,10965379.993644979
9703,56.25,35.56640625,20330145.185034562
9704,56.25,36.040625,44823440.819646984
9705,60.0,35.56640625,11617225.820019748
9706,60.0,36.040625,26250381.16265731
9707,56.25,36.51484375,9434915.884840757
9708,56.25,36.9890625,12753420.952998541
9709,60.0,36.51484375,5797346.152416882
9710,60.0,36.9890625,8242258.881087615
9711,56.25,37.46328125,39237329.38952598
9712,56.25,37.9375,15233633.79015645
9713,60.0,37.46328125,23396731.74985239
9714,60.0,37.9375,9891848.804540858
9715,48.75,38.41171875,36646358.23153629
9716,48.75,38.8859375,33700465.59353782
9717,52.5,38.41171875,25814139.4132397
9718,52.5,38.8859375,22332927.120712955
9719,48.75,39.36015625,32695707.342255317
9720,48.75,39.834375,45296102.64719303
9721,52.5,39.36015625,37526767.99769232
9722,52.5,39.834375,39118566.34604929
9723,48.75,40.30859375,33578909.33576
9724,48.75,40.78281250000001,11613039.30191138
9725,52.5,40.30859375,20588221.53276505
9726,52.5,40.78281250000001,7692215.172179848
9727,48.75,41.25703125,50790594.11971895
9728,48.75,41.73125,18781561.64894221
9729,52.5,41.25703125,20632334.37934782
9730,52.5,41.73125,8480006.207340525
9731,48.75,42.20546875,48818908.11976151
9732,48.75,42.6796875,91573048.53695609
9733,52.5,42.20546875,20610845.34669988
9734,52.5,42.6796875,38214896.50226392
9735,48.75,43.15390625000001,30910068.893076092
9736,48.75,43.628125,51821340.13005178
9737,52.5,43.15390625000001,17445372.978891384
9738,52.5,43.628125,40448163.32525681
9739,48.75,44.10234375,51066510.56888959
9740,48.75,44.57656250000001,70758258.19907056
9741,52.5,44.10234375,44451413.12544655
9742,52.5,44.57656250000001,66556697.61508919
9743,48.75,45.05078125000001,45513361.55736636
9744,48.75,45.52500000000001,62527499.96111826
9745,52.5,45.05078125000001,40302796.89664369
9746,52.5,45.52500000000001,40341609.91740529
9747,56.25,38.41171875,18011472.243636172
9748,56.25,38.8859375,13219989.065942785
9749,60.0,38.41171875,16267908.371418778
9750,60.0,38.8859375,8616251.847282022
9751,56.25,39.36015625,35842939.47321291
9752,56.25,39.834375,30900964.886273354
9753,60.0,39.36015625,21129332.588900693
9754,60.0,39.834375,18603233.109233018
9755,56.25,40.30859375,10524303.121839873
9756,56.25,40.78281250000001,4596960.651070934
9757,60.0,40.30859375,6313923.495054249
9758,60.0,40.78281250000001,3152845.347207259
9759,56.25,41.25703125,596300.0570341207
9760,56.25,41.73125,2340061.1502634455
9761,60.0,41.25703125,804716.5708352851
9762,60.0,41.73125,4523336.862235574
9763,56.25,42.20546875,6820609.607720599
9764,56.25,42.6796875,2346967.605164831
9765,60.0,42.20546875,21866027.93690602
9766,60.0,42.6796875,1459484.9832519223
9767,56.25,43.15390625000001,7410295.40658888
9768,56.25,43.628125,28757789.773469314
9769,60.0,43.15390625000001,4234454.51805079
9770,60.0,43.628125,16433022.727696754
9771,56.25,44.10234375,35036179.64275729
9772,56.25,44.57656250000001,55786200.07254726
9773,60.0,44.10234375,20020674.081575595
9774,60.0,44.57656250000001,31877828.61288415
9775,56.25,45.05078125000001,32225451.232475013
9776,56.25,45.52500000000001,22357139.485563748
9777,60.0,45.05078125000001,18414543.56141429
9778,60.0,45.52500000000001,12775508.277464997
9779,3.75,45.99921875,1230524198.4901164
9780,3.75,46.4734375,1196797739.143996
9781,7.5,45.99921875,1130397543.8187606
9782,7.5,46.4734375,1096855041.1452007
9783,3.75,46.94765625000001,984513104.6009965
9784,3.75,47.42187500000001,998530308.4740126
9785,7.5,46.94765625000001,942157474.6598065
9786,7.5,47.42187500000001,952251405.4730237
9787,3.75,47.89609375000001,900428773.4116495
9788,3.75,48.37031250000001,1049356315.5425221
9789,7.5,47.89609375000001,826166864.7120229
9790,7.5,48.37031250000001,960865979.0598764
9791,3.75,48.84453125000001,795153754.2296298
9792,3.75,49.31875000000001,698926858.2474606
9793,7.5,48.84453125000001,726617453.653338
9794,7.5,49.31875000000001,676505896.8728201
9795,3.75,49.79296875000001,806126657.0997171
9796,3.75,50.26718750000001,699831768.8225658
9797,7.5,49.79296875000001,763883272.0022601
9798,7.5,50.26718750000001,642850039.3106477
9799,3.75,50.74140625,578985398.878368
9800,3.75,51.215625,587989673.7126901
9801,7.5,50.74140625,532850456.1128825
9802,7.5,51.215625,579342805.5810279
9803,3.75,51.68984375,583045504.3174293
9804,3.75,52.1640625,512031425.31332755
9805,7.5,51.68984375,513573009.1606926
9806,7.5,52.1640625,486135627.08402336
9807,3.75,52.63828125000001,617895842.7818236
9808,3.75,53.1125,648493198.2129289
9809,7.5,52.63828125000001,532280915.9391718
9810,7.5,53.1125,600607582.684671
9811,11.25,45.99921875,942034954.2695385
9812,11.25,46.4734375,882882907.665567
9813,15.0,45.99921875,753672364.7203164
9814,15.0,46.4734375,668910774.1859332
9815,11.25,46.94765625000001,844550157.1726654
9816,11.25,47.42187500000001,855196364.3976481
9817,15.0,46.94765625000001,746942839.6855245
9818,15.0,47.42187500000001,758141323.3222725
9819,11.25,47.89609375000001,714300677.3379382
9820,11.25,48.37031250000001,823021913.4531021
9821,15.0,47.89609375000001,602434489.9638535
9822,15.0,48.37031250000001,685177847.8463278
9823,11.25,48.84453125000001,619140471.7057192
9824,11.25,49.31875000000001,604437164.4359432
9825,15.0,48.84453125000001,511663489.7581004
9826,15.0,49.31875000000001,532368431.99906623
9827,11.25,49.79296875000001,634991582.5208914
9828,11.25,50.26718750000001,532887590.14771724
9829,15.0,49.79296875000001,506099893.0395225
9830,15.0,50.26718750000001,422925140.9847868
9831,11.25,50.74140625,458037219.24883795
9832,11.25,51.215625,573697720.6491472
9833,15.0,50.74140625,383223982.3847934
9834,15.0,51.215625,568052635.7172664
9835,11.25,51.68984375,402135657.92091423
9836,11.25,52.1640625,462726085.5874952
9837,15.0,51.68984375,290698306.68113595
9838,15.0,52.1640625,439316544.09096706
9839,11.25,52.63828125000001,431831695.6875309
9840,11.25,53.1125,502131596.22057295
9841,15.0,52.63828125000001,331382475.4358899
9842,15.0,53.1125,403655609.7564751
9843,18.75,45.99921875,632374651.0967264
9844,18.75,46.4734375,559952159.4613706
9845,22.5,45.99921875,511076937.4731365
9846,22.5,46.4734375,450993544.73680794
9847,18.75,46.94765625000001,593478765.6404083
9848,18.75,47.42187500000001,620794575.3881854
9849,22.5,46.94765625000001,440014691.5952923
9850,22.5,47.42187500000001,483447827.4540983
9851,18.75,47.89609375000001,517647900.09004205
9852,18.75,48.37031250000001,585794392.8704011
9853,22.5,47.89609375000001,432861310.21623063
9854,22.5,48.37031250000001,486410937.89447457
9855,18.75,48.84453125000001,437452675.54877317
9856,18.75,49.31875000000001,470080342.59939516
9857,22.5,48.84453125000001,363241861.33944595
9858,22.5,49.31875000000001,407792253.1997242
9859,18.75,49.79296875000001,444894736.24713516
9860,18.75,50.26718750000001,353754927.0040873
9861,22.5,49.79296875000001,383689579.4547477
9862,22.5,50.26718750000001,284584713.0233878
9863,18.75,50.74140625,346279916.0196418
9864,18.75,51.215625,487043801.318138
9865,22.5,50.74140625,309335849.65449023
9866,22.5,51.215625,406034966.91900957
9867,18.75,51.68984375,259971552.29546875
9868,18.75,52.1640625,379801946.9282492
9869,22.5,51.68984375,229244797.90980157
9870,22.5,52.1640625,320287349.7655313
9871,18.75,52.63828125000001,311856988.2784956
9872,18.75,53.1125,307174270.80959487
9873,22.5,52.63828125000001,292331501.1211013
9874,22.5,53.1125,210692931.8627147
9875,26.25,45.99921875,393529217.33654696
9876,26.25,46.4734375,348684540.5067252
9877,30.0,45.99921875,283481484.1739582
9878,30.0,46.4734375,259674757.2656024
9879,26.25,46.94765625000001,308383913.44261587
9880,26.25,47.42187500000001,373355755.43106097
9881,30.0,46.94765625000001,220419727.0748185
9882,30.0,47.42187500000001,317773035.23012316
9883,26.25,47.89609375000001,360812184.48081887
9884,26.25,48.37031250000001,385726971.97663176
9885,30.0,47.89609375000001,314237987.02220684
9886,30.0,48.37031250000001,282441984.17495656
9887,26.25,48.84453125000001,288951227.6575915
9888,26.25,49.31875000000001,344706696.95194334
9889,30.0,48.84453125000001,214500955.03068244
9890,30.0,49.31875000000001,280026207.00794286
9891,26.25,49.79296875000001,319685104.94632196
9892,26.25,50.26718750000001,216150895.3957727
9893,30.0,49.79296875000001,250081995.00581968
9894,30.0,50.26718750000001,149189870.4743265
9895,26.25,50.74140625,261806643.532238
9896,26.25,51.215625,316353541.6184337
9897,30.0,50.74140625,193107157.8957847
9898,30.0,51.215625,209326934.51496312
9899,26.25,51.68984375,200577072.65009853
9900,26.25,52.1640625,253865198.39149356
9901,30.0,51.68984375,176027405.64232385
9902,30.0,52.1640625,173627938.5948161
9903,26.25,52.63828125000001,250164487.7742931
9904,26.25,53.1125,141506954.89485997
9905,30.0,52.63828125000001,162714422.04865685
9906,30.0,53.1125,126911701.88505599
9907,33.75,45.99921875,173433751.01136947
9908,33.75,46.4734375,170664974.0244796
9909,37.5,45.99921875,115072762.47856149
9910,37.5,46.4734375,129372053.88796736
9911,33.75,46.94765625000001,132455540.70702118
9912,33.75,47.42187500000001,262190315.02918524
9913,37.5,46.94765625000001,93712927.10095312
9914,37.5,47.42187500000001,227023039.79496923
9915,33.75,47.89609375000001,267663789.5635947
9916,33.75,48.37031250000001,179156996.37328136
9917,37.5,47.89609375000001,209569329.79624683
9918,37.5,48.37031250000001,137471011.34983462
9919,33.75,48.84453125000001,140050682.40377343
9920,33.75,49.31875000000001,215345717.06394237
9921,37.5,48.84453125000001,107089829.15400934
9922,37.5,49.31875000000001,161063193.93206805
9923,33.75,49.79296875000001,180478885.06531745
9924,33.75,50.26718750000001,82228845.55288029
9925,37.5,49.79296875000001,124699988.73270695
9926,37.5,50.26718750000001,57264707.89408126
9927,33.75,50.74140625,124407672.25933145
9928,33.75,51.215625,102300327.41149248
9929,37.5,50.74140625,84996971.45890921
9930,37.5,51.215625,63806899.777284175
9931,33.75,51.68984375,151477738.6345491
9932,33.75,52.1640625,93390678.7981387
9933,37.5,51.68984375,116434223.01019385
9934,37.5,52.1640625,54728184.72748747
9935,33.75,52.63828125000001,75264356.32302064
9936,33.75,53.1125,112316448.87525204
9937,37.5,52.63828125000001,44984821.98920837
9938,37.5,53.1125,82973188.74829404
9939,41.25,45.99921875,82555146.26064394
9940,41.25,46.4734375,111937565.30376044
9941,45.0,45.99921875,50037530.04272638
9942,45.0,46.4734375,94503076.71955349
9943,41.25,46.94765625000001,79581099.8757497
9944,41.25,47.42187500000001,202063487.04411405
9945,45.0,46.94765625000001,65449272.65054631
9946,45.0,47.42187500000001,177103934.2932589
9947,41.25,47.89609375000001,145714738.87453106
9948,41.25,48.37031250000001,126584527.71550211
9949,45.0,47.89609375000001,81860147.9528153
9950,45.0,48.37031250000001,115698044.0811696
9951,41.25,48.84453125000001,94873685.59281772
9952,41.25,49.31875000000001,111979654.2062568
9953,45.0,48.84453125000001,82657542.03162609
9954,45.0,49.31875000000001,62896114.48044554
9955,41.25,49.79296875000001,75833199.20404232
9956,41.25,50.26718750000001,53299013.86660582
9957,45.0,49.79296875000001,26966409.675377697
9958,45.0,50.26718750000001,49333319.83913038
9959,41.25,50.74140625,60230663.076502495
9960,41.25,51.215625,59580061.87770705
9961,45.0,50.74140625,35464354.694095775
9962,45.0,51.215625,55353223.97812991
9963,41.25,51.68984375,76143783.07754831
9964,41.25,52.1640625,36853073.519849345
9965,45.0,51.68984375,35853343.144902766
9966,45.0,52.1640625,18977962.31221122
9967,41.25,52.63828125000001,43290553.35130808
9968,41.25,53.1125,46255925.06275904
9969,45.0,52.63828125000001,41596284.713407785
9970,45.0,53.1125,9538661.377224041
9971,48.75,45.99921875,37480334.950159684
9972,48.75,46.4734375,75556477.67449932
9973,52.5,45.99921875,24923139.85759297
9974,52.5,46.4734375,56609878.62944514
9975,48.75,46.94765625000001,43335593.38780334
9976,48.75,47.42187500000001,111701724.90885495
9977,52.5,46.94765625000001,21221914.125060346
9978,52.5,47.42187500000001,46299515.52445103
9979,48.75,47.89609375000001,51687272.65282145
9980,48.75,48.37031250000001,73809369.04238723
9981,52.5,47.89609375000001,21514397.352827605
9982,52.5,48.37031250000001,31920694.003604867
9983,48.75,48.84453125000001,52613832.92938427
9984,48.75,49.31875000000001,40277989.01301657
9985,52.5,48.84453125000001,22570123.82714245
9986,52.5,49.31875000000001,17659863.54558757
9987,48.75,49.79296875000001,17355951.659579206
9988,48.75,50.26718750000001,31725011.373744536
9989,52.5,49.79296875000001,7745493.643780712
9990,52.5,50.26718750000001,14116702.908358699
9991,48.75,50.74140625,22852198.86828198
9992,48.75,51.215625,35402379.7753418
9993,52.5,50.74140625,10240043.04246819
9994,52.5,51.215625,15451535.572553683
9995,48.75,51.68984375,22582539.562665038
9996,48.75,52.1640625,12502044.665658941
9997,52.5,51.68984375,9311735.980427315
9998,52.5,52.1640625,6026127.019106664
9999,48.75,52.63828125000001,31006231.93283582
10000,48.75,53.1125,8709762.167945592
10001,52.5,52.63828125000001,20416179.15226386
10002,52.5,53.1125,7880862.958667145
10003,56.25,45.99921875,14482716.904729936
10004,56.25,46.4734375,38481461.0244829
10005,60.0,45.99921875,8275838.23127425
10006,60.0,46.4734375,21989406.299704514
10007,56.25,46.94765625000001,5669528.622827728
10008,56.25,47.42187500000001,2360787.2763256896
10009,60.0,46.94765625000001,3239730.641615845
10010,60.0,47.42187500000001,1349021.3007575371
10011,56.25,47.89609375000001,1224253.7587277452
10012,56.25,48.37031250000001,3495546.813864545
10013,60.0,47.89609375000001,699573.5764158544
10014,60.0,48.37031250000001,1997455.3222083116
10015,56.25,48.84453125000001,2223361.3724419186
10016,56.25,49.31875000000001,2258474.07972222
10017,60.0,48.84453125000001,1270492.2128239535
10018,60.0,49.31875000000001,1290556.616984126
10019,56.25,49.79296875000001,1171206.429092335
10020,56.25,50.26718750000001,2080601.7733387866
10021,60.0,49.79296875000001,669260.8166241916
10022,60.0,50.26718750000001,1188915.2990507353
10023,56.25,50.74140625,1602946.7637682867
10024,56.25,51.215625,1882101.1743580748
10025,60.0,50.74140625,915969.5792961639
10026,60.0,51.215625,1075486.3853474713
10027,56.25,51.68984375,406466.89323522744
10028,56.25,52.1640625,1495242.5145628352
10029,60.0,51.68984375,232266.79613441566
10030,60.0,52.1640625,854424.2940359057
10031,56.25,52.63828125000001,11686625.969563901
10032,56.25,53.1125,6412230.55008799
10033,60.0,52.63828125000001,6678071.982607944
10034,60.0,53.1125,3664131.742907423
10035,3.75,53.58671875,605308271.9063148
10036,3.75,54.06093750000001,481149950.8449273
10037,7.5,53.58671875,539501759.9077733
10038,7.5,54.06093750000001,413806955.7330422
10039,3.75,54.53515625000001,459187433.64930326
10040,3.75,55.00937500000001,455735525.400002
10041,7.5,54.53515625000001,392597006.6894099
10042,7.5,55.00937500000001,398442619.8801625
10043,3.75,55.48359375,449726452.1393131
10044,3.75,55.9578125,588947457.998571
10045,7.5,55.48359375,392052987.73366785
10046,7.5,55.9578125,525882422.3330374
10047,3.75,56.43203125,397802318.00864506
10048,3.75,56.90625,421836483.3557904
10049,7.5,56.43203125,366928148.1603411
10050,7.5,56.90625,392156385.17814016
10051,11.25,53.58671875,418617291.05787617
10052,11.25,54.06093750000001,292772598.32116413
10053,15.0,53.58671875,297732822.20797896
10054,15.0,54.06093750000001,171738240.9092861
10055,11.25,54.53515625000001,322657299.4335029
10056,11.25,55.00937500000001,329691130.1850146
10057,15.0,54.53515625000001,252717592.17759585
10058,15.0,55.00937500000001,260939640.48986673
10059,11.25,55.48359375,302861510.2253162
10060,11.25,55.9578125,374195451.490898
10061,15.0,55.48359375,213670032.7169646
10062,15.0,55.9578125,222508480.64875865
10063,11.25,56.43203125,306424110.9826944
10064,11.25,56.90625,332203447.94698006
10065,15.0,56.43203125,245920073.80504772
10066,15.0,56.90625,272250510.71581995
10067,18.75,53.58671875,248693618.90653896
10068,18.75,54.06093750000001,158537031.47896448
10069,22.5,53.58671875,199654415.60509896
10070,22.5,54.06093750000001,145335822.0486428
10071,18.75,54.53515625000001,226518750.74214056
10072,18.75,55.00937500000001,211995949.2946251
10073,22.5,54.53515625000001,200319909.30668524
10074,22.5,55.00937500000001,163052258.0993834
10075,18.75,55.48359375,166690877.51794457
10076,18.75,55.9578125,173502063.5378927
10077,22.5,55.48359375,119711722.31892456
10078,22.5,55.9578125,124495646.4270267
10079,18.75,56.43203125,246761013.9216568
10080,18.75,56.90625,222310676.56910494
10081,22.5,56.43203125,247601954.0382659
10082,22.5,56.90625,172370842.42238998
10083,26.25,53.58671875,161275711.55948228
10084,26.25,54.06093750000001,127332349.99061927
10085,30.0,53.58671875,144218006.02551228
10086,30.0,54.06093750000001,99724352.67719194
10087,26.25,54.53515625000001,168368226.83097032
10088,26.25,55.00937500000001,122024075.04758032
10089,30.0,54.53515625000001,124910862.27473626
10090,30.0,55.00937500000001,96826908.28265436
10091,26.25,55.48359375,87205921.67944568
10092,26.25,55.9578125,83105718.91878231
10093,30.0,55.48359375,83646830.15904912
10094,30.0,55.9578125,56948770.61578109
10095,26.25,56.43203125,222094877.06827393
10096,26.25,56.90625,122830927.04389846
10097,30.0,56.43203125,143891765.92507985
10098,30.0,56.90625,74090849.20185386
10099,33.75,53.58671875,127160300.49154231
10100,33.75,54.06093750000001,72116355.36376458
10101,37.5,53.58671875,91980457.80369952
10102,37.5,54.06093750000001,51165978.25009734
10103,33.75,54.53515625000001,81453497.71850213
10104,33.75,55.00937500000001,71629741.5177284
10105,37.5,54.53515625000001,56854638.40483312
10106,37.5,55.00937500000001,50528157.60187113
10107,33.75,55.48359375,80087738.63865256
10108,33.75,55.9578125,30791822.312779866
10109,37.5,55.48359375,62492811.61561044
10110,37.5,55.9578125,24722223.92174409
10111,33.75,56.43203125,65688654.781885795
10112,33.75,56.90625,25350771.359809265
10113,37.5,56.43203125,33985679.392683096
10114,37.5,56.90625,10891932.316830834
10115,41.25,53.58671875,47739546.53892032
10116,41.25,54.06093750000001,33544411.236310154
10117,45.0,53.58671875,3498635.274141127
10118,45.0,54.06093750000001,15922844.22252296
10119,41.25,54.53515625000001,41685031.71244665
10120,41.25,55.00937500000001,31474365.110548183
10121,45.0,54.53515625000001,26515425.020060174
10122,45.0,55.00937500000001,12420572.619225245
10123,41.25,55.48359375,37879966.84124557
10124,41.25,55.9578125,28696300.486691035
10125,45.0,55.48359375,13267122.06688069
10126,45.0,55.9578125,32670377.05163798
10127,41.25,56.43203125,25532771.880476087
10128,41.25,56.90625,13573712.673385482
10129,45.0,56.43203125,17079864.36826908
10130,45.0,56.90625,16255493.029940134
10131,48.75,53.58671875,11905706.064095508
10132,48.75,54.06093750000001,10743267.645388521
10133,52.5,53.58671875,20312776.85404989
10134,52.5,54.06093750000001,5563691.0682540815
10135,48.75,54.53515625000001,17092888.62603196
10136,48.75,55.00937500000001,8449619.205183659
10137,52.5,54.53515625000001,7670352.232003742
10138,52.5,55.00937500000001,4478665.791142071
10139,48.75,55.48359375,9473639.446497174
10140,48.75,55.9578125,21226356.127496753
10141,52.5,55.48359375,5680156.826113658
10142,52.5,55.9578125,9782335.203355527
10143,48.75,56.43203125,11564803.658233372
10144,48.75,56.90625,11170092.119105954
10145,52.5,56.43203125,6049742.948197663
10146,52.5,56.90625,6084691.208271776
10147,56.25,53.58671875,22677804.374767043
10148,56.25,54.06093750000001,1846810.0147272316
10149,60.0,53.58671875,12958745.357009739
10150,60.0,54.06093750000001,1055320.008415561
10151,56.25,54.53515625000001,1215078.6398201478
10152,56.25,55.00937500000001,1602443.0757250525
10153,60.0,54.53515625000001,694330.6513257988
10154,60.0,55.00937500000001,915681.7575571728
10155,56.25,55.48359375,2757272.360959067
10156,56.25,55.9578125,1883864.4305203678
10157,60.0,55.48359375,1575584.206262324
10158,60.0,55.9578125,1076493.960297353
10159,56.25,56.43203125,2076406.3321521264
10160,56.25,56.90625,2357620.9425845323
10161,60.0,56.43203125,1186517.9040869293
10162,60.0,56.90625,1347211.9671911614
10163,3.75,57.38046875,251484102.16785336
10164,3.75,57.8546875,245271785.58735064
10165,7.5,57.38046875,244051978.9536358
10166,7.5,57.8546875,232737532.39637464
10167,3.75,58.32890625,201697087.79026142
10168,3.75,58.803125,200963824.0156829
10169,7.5,58.32890625,205258675.2130134
10170,7.5,58.803125,192520167.91598803
10171,11.25,57.38046875,226112003.45140308
10172,11.25,57.8546875,235456133.7619236
10173,15.0,57.38046875,208172027.9491703
10174,15.0,57.8546875,238174735.12747258
10175,11.25,58.32890625,228619932.37009022
10176,11.25,58.803125,192257434.5723064
10177,15.0,58.32890625,251981189.52716702
10178,15.0,58.803125,191994701.22862476
10179,18.75,57.38046875,179677703.8525497
10180,18.75,57.8546875,182391478.34486377
10181,22.5,57.38046875,151183379.7559291
10182,22.5,57.8546875,126608221.562255
10183,18.75,58.32890625,197546439.95744926
10184,18.75,58.803125,173175720.76498112
10185,22.5,58.32890625,143111690.38773152
10186,22.5,58.803125,154356740.30133745
10187,26.25,57.38046875,117009506.04809107
10188,26.25,57.8546875,79833019.25371996
10189,30.0,57.38046875,71476533.11781816
10190,30.0,57.8546875,51073925.893332474
10191,26.25,58.32890625,99391351.3474352
10192,26.25,58.803125,127718473.9971739
10193,30.0,58.32890625,77099833.36598179
10194,30.0,58.803125,85441636.01197058
10195,33.75,57.38046875,25943560.18754526
10196,33.75,57.8546875,22314832.532944992
10197,37.5,57.38046875,11014507.9635217
10198,37.5,57.8546875,12212361.903344681
10199,33.75,58.32890625,54808315.3845284
10200,33.75,58.803125,43164798.02676726
10201,37.5,58.32890625,37713171.05744336
10202,37.5,58.803125,25662318.96991617
10203,41.25,57.38046875,11387416.092622824
10204,41.25,57.8546875,11438202.63913796
10205,45.0,57.38046875,11760324.221723946
10206,45.0,57.8546875,10664043.374931239
10207,41.25,58.32890625,23216213.557542503
10208,41.25,58.803125,20547019.377241187
10209,45.0,58.32890625,8719256.057641646
10210,45.0,58.803125,15431719.784566201
10211,48.75,57.38046875,8077954.249013146
10212,48.75,57.8546875,9660136.67178761
10213,52.5,57.38046875,4395584.276302345
10214,52.5,57.8546875,8656229.968643982
10215,48.75,58.32890625,10061845.369657826
10216,48.75,58.803125,16397756.352347396
10217,52.5,58.32890625,11404434.681674007
10218,52.5,58.803125,17363792.92012859
10219,56.25,57.38046875,1698087.0910165848
10220,56.25,57.8546875,6988588.979063036
10221,60.0,57.38046875,970335.4805809056
10222,60.0,57.8546875,3993479.416607449
10223,56.25,58.32890625,10762057.445140861
10224,56.25,58.803125,15756840.136318214
10225,60.0,58.32890625,6149747.111509062
10226,60.0,58.803125,9003908.649324693
10227,3.75,59.27734375,219535249.2100737
10228,7.5,59.27734375,209129221.6142137
10229,3.75,59.514453125,172151810.6516839
10230,7.5,59.514453125,160161258.8885565
10231,3.75,59.75156250000001,192285134.0708309
10232,7.5,59.75156250000001,174397400.92097464
10233,11.25,59.27734375,186979156.33423668
10234,15.0,59.27734375,164829091.0542597
10235,11.25,59.514453125,137779197.12315047
10236,15.0,59.514453125,115397135.35774441
10237,11.25,59.75156250000001,150793152.02844283
10238,15.0,59.75156250000001,127188903.135911
10239,18.75,59.27734375,146796962.99568936
10240,22.5,59.27734375,128764834.937119
10241,18.75,59.514453125,112683647.41297047
10242,22.5,59.514453125,109970159.46819653
10243,18.75,59.75156250000001,120140892.82927321
10244,22.5,59.75156250000001,113092882.52263543
10245,26.25,59.27734375,106374431.29998016
10246,30.0,59.27734375,75267476.50570425
10247,26.25,59.514453125,98825343.14559036
10248,30.0,59.514453125,70817870.06731984
10249,26.25,59.75156250000001,101214660.39457943
10250,30.0,59.75156250000001,79676014.62368703
10251,33.75,59.27734375,44160521.711428374
10252,37.5,59.27734375,29937318.10508687
10253,33.75,59.514453125,42810396.98904929
10254,37.5,59.514453125,27929857.556261275
10255,33.75,59.75156250000001,58137368.85279462
10256,37.5,59.75156250000001,42017005.47042409
10257,41.25,59.27734375,24155990.09271256
10258,45.0,59.27734375,18374662.080338243
10259,41.25,59.514453125,19612784.94621452
10260,45.0,59.514453125,11295712.336167766
10261,41.25,59.75156250000001,28605783.282314498
10262,45.0,59.75156250000001,15194561.094204905
10263,48.75,59.27734375,22019173.418624453
10264,52.5,59.27734375,25663684.75691066
10265,48.75,59.514453125,8037068.775290381
10266,52.5,59.514453125,4778425.214412997
10267,48.75,59.75156250000001,11174219.548983304
10268,52.5,59.75156250000001,7153878.003761703
10269,56.25,59.27734375,25312054.960920855
10270,60.0,59.27734375,16968142.896379028
10271,56.25,59.514453125,2606175.9454905717
10272,60.0,59.514453125,2606715.260478066
10273,56.25,59.75156250000001,4212784.16242122
10274,60.0,59.75156250000001,3430185.728842971
10275,3.75,59.87011718750001,201228468.00512666
10276,7.5,59.87011718750001,180971906.6801794
10277,3.75,59.98867187500001,216656659.72558933
10278,7.5,59.98867187500001,200468136.20412385
10279,11.25,59.87011718750001,147226383.10593852
10280,15.0,59.87011718750001,113480859.53169765
10281,11.25,59.98867187500001,168065586.73858523
10282,15.0,59.98867187500001,135663037.2730466
10283,18.75,59.87011718750001,134741076.5070795
10284,22.5,59.87011718750001,156001293.48246136
10285,18.75,59.98867187500001,138087148.2835938
10286,22.5,59.98867187500001,140511259.29414102
10287,26.25,59.87011718750001,153031657.81583184
10288,30.0,59.87011718750001,101602316.86517958
10289,26.25,59.98867187500001,127864843.61100397
10290,30.0,59.98867187500001,85077374.54049842
10291,3.75,60.04794921875001,225463468.40661755
10292,7.5,60.04794921875001,212393589.88240114
10293,3.75,60.077587890625,229866872.747129
10294,7.5,60.077587890625,218356316.7215362
10295,3.75,60.0924072265625,232068574.91738632
10296,7.5,60.0924072265625,221337680.1411059
10297,3.75,60.09981689453125,233169426.002515
10298,3.75,60.1072265625,232218929.18914703
10299,7.5,60.09981689453125,222828361.85089073
10300,7.5,60.1072265625,221116898.0674076
10301,11.25,60.04794921875001,182597648.68809962
10302,15.0,60.04794921875001,152801707.49379808
10303,11.25,60.077587890625,189863679.66285244
10304,15.0,60.077587890625,161371042.60416868
10305,11.25,60.0924072265625,193496695.15023148
10306,15.0,60.0924072265625,165655710.15935707
10307,11.25,60.09981689453125,195313202.89392102
10308,11.25,60.1072265625,192655382.1081552
10309,15.0,60.09981689453125,167798043.93695128
10310,15.0,60.1072265625,164193866.14890274
10311,18.75,60.04794921875001,137863841.5276911
10312,22.5,60.04794921875001,122925975.56158414
10313,18.75,60.077587890625,137752188.14973983
10314,22.5,60.077587890625,114133333.69531097
10315,18.75,60.0924072265625,137696361.46076414
10316,22.5,60.0924072265625,109737012.76217122
10317,18.75,60.09981689453125,137668448.11627632
10318,18.75,60.1072265625,136056550.67353243
10319,22.5,60.09981689453125,107538852.29560135
10320,22.5,60.1072265625,107919235.19816208
10321,26.25,60.04794921875001,102309494.68173155
10322,30.0,60.04794921875001,70335783.97438774
10323,26.25,60.077587890625,89531820.21710299
10324,30.0,60.077587890625,62964988.69133681
10325,26.25,60.0924072265625,83142982.98478413
10326,30.0,60.0924072265625,59279591.0498087
10327,26.25,60.09981689453125,79948564.3686247
10328,26.25,60.1072265625,81455555.24197373
10329,30.0,60.09981689453125,57436892.22904465
10330,30.0,60.1072265625,58339146.32414934
10331,3.75,60.11463623046875,231216455.65537894
10332,3.75,60.12204589843751,230213982.12160796
10333,7.5,60.11463623046875,219324298.84068465
10334,7.5,60.12204589843751,217531699.6139565
10335,3.75,60.12945556640625,229211508.58784086
10336,3.75,60.136865234375,228209035.05407175
10337,7.5,60.12945556640625,215739100.38723528
10338,7.5,60.136865234375,213946501.16051057
10339,3.75,60.14427490234375,227206561.52030274
10340,3.75,60.1516845703125,226204087.9865346
10341,7.5,60.14427490234375,212153901.93378595
10342,7.5,60.1516845703125,210361302.70706296
10343,3.75,60.15909423828125,225201614.4527656
10344,3.75,60.16650390625,224199140.9189965
10345,7.5,60.15909423828125,208568703.48033828
10346,7.5,60.16650390625,206776104.2536136
10347,11.25,60.11463623046875,189884191.51167953
10348,11.25,60.12204589843751,187113000.91519585
10349,15.0,60.11463623046875,160444084.1826744
10350,15.0,60.12204589843751,156694302.21643522
10351,11.25,60.12945556640625,184341810.31872287
10352,11.25,60.136865234375,181570619.72224456
10353,15.0,60.12945556640625,152944520.25021043
10354,15.0,60.136865234375,149194738.28397843
10355,11.25,60.14427490234375,178799429.12576622
10356,11.25,60.1516845703125,176028238.52929053
10357,15.0,60.14427490234375,145444956.3177465
10358,15.0,60.1516845703125,141695174.3515181
10359,11.25,60.15909423828125,173257047.9328122
10360,11.25,60.16650390625,170485857.33633387
10361,15.0,60.15909423828125,137945392.38528612
10362,15.0,60.16650390625,134195610.41905414
10363,18.75,60.11463623046875,134404518.4985708
10364,18.75,60.12204589843751,132752486.32360446
10365,22.5,60.11463623046875,108364952.81446725
10366,22.5,60.12204589843751,108810670.43077368
10367,18.75,60.12945556640625,131100454.14864442
10368,18.75,60.136865234375,129448421.97368123
10369,22.5,60.12945556640625,109256388.0470784
10370,22.5,60.136865234375,109702105.66338399
10371,18.75,60.14427490234375,127796389.79871804
10372,18.75,60.1516845703125,126144357.62375641
10373,22.5,60.14427490234375,110147823.27968957
10374,22.5,60.1516845703125,110593540.89599471
10375,18.75,60.15909423828125,124492325.44879322
10376,18.75,60.16650390625,122840293.27383003
10377,22.5,60.15909423828125,111039258.51230031
10378,22.5,60.16650390625,111484976.12860589
10379,26.25,60.11463623046875,83081669.66657563
10380,26.25,60.12204589843751,84707784.09118217
10381,30.0,60.11463623046875,59310951.59110787
10382,30.0,60.12204589843751,60282756.8580692
10383,26.25,60.12945556640625,86333898.51578249
10384,26.25,60.136865234375,87960012.94038592
10385,30.0,60.12945556640625,61254562.1250268
10386,30.0,60.136865234375,62226367.39198625
10387,26.25,60.14427490234375,89586127.36498939
10388,26.25,60.1516845703125,91212241.78959124
10389,30.0,60.14427490234375,63198172.658945724
10390,30.0,60.1516845703125,64169977.92590425
10391,26.25,60.15909423828125,92838356.21419472
10392,26.25,60.16650390625,94464470.63879815
10393,30.0,60.15909423828125,65141783.192863725
10394,30.0,60.16650390625,66113588.45982318
10395,3.75,60.17391357421875,223196667.3852275
10396,3.75,60.1813232421875,222194193.8514585
10397,7.5,60.17391357421875,204983505.0268889
10398,7.5,60.1813232421875,203190905.80016422
10399,3.75,60.18873291015625,221191720.31769037
10400,3.75,60.19614257812501,220189246.78391942
10401,7.5,60.18873291015625,201398306.57344127
10402,7.5,60.19614257812501,199605707.34671316
10403,11.25,60.17391357421875,167714666.73985553
10404,11.25,60.1813232421875,164943476.1433772
10405,15.0,60.17391357421875,130445828.45282218
10406,15.0,60.1813232421875,126696046.48659019
10407,11.25,60.18873291015625,162172285.54690152
10408,11.25,60.19614257812501,159401094.9504179
10409,15.0,60.18873291015625,122946264.52036181
10410,15.0,60.19614257812501,119196482.55412264
10411,18.75,60.17391357421875,121188261.09886682
10412,18.75,60.1813232421875,119536228.92390361
10413,22.5,60.17391357421875,111930693.74491146
10414,22.5,60.1813232421875,112376411.36121705
10415,18.75,60.18873291015625,117884196.74894202
10416,18.75,60.19614257812501,116232164.57397565
10417,22.5,60.18873291015625,112822128.97752221
10418,22.5,60.19614257812501,113267846.59382865
10419,26.25,60.17391357421875,96090585.0634016
10420,26.25,60.1813232421875,97716699.48800503
10421,30.0,60.17391357421875,67085393.72678265
10422,30.0,60.1813232421875,68057198.99374211
10423,26.25,60.18873291015625,99342813.91260691
10424,26.25,60.19614257812501,100968928.33721347
10425,30.0,60.18873291015625,69029004.26070064
10426,30.0,60.19614257812501,70000809.52766196
10427,3.75,60.2,219667365.99863088
10428,3.75,60.20355224609376,219186773.25015134
10429,3.75,60.21096191406251,218184299.71638227
10430,7.5,60.2,198672492.59277007
10431,7.5,60.20355224609376,197813108.11999017
10432,7.5,60.21096191406251,196020508.89326552
10433,11.25,60.2,157958432.30052543
10434,11.25,60.20355224609376,156629904.35394222
10435,11.25,60.21096191406251,153858713.7574639
10436,15.0,60.2,117244372.00828075
10437,15.0,60.20355224609376,115446700.58789426
10438,15.0,60.21096191406251,111696918.62166227
10439,18.75,60.2,115372128.05455731
10440,18.75,60.20355224609376,114580132.39901403
10441,18.75,60.21096191406251,112928100.22405082
10442,22.5,60.2,113499884.10083386
10443,22.5,60.20355224609376,113713564.21013379
10444,22.5,60.21096191406251,114159281.82643938
10445,26.25,60.2,101815472.2551266
10446,26.25,60.20355224609376,102595042.76181535
10447,26.25,60.21096191406251,104221157.18641879
10448,30.0,60.2,70506724.62545165
10449,30.0,60.20355224609376,70972614.7946205
10450,30.0,60.21096191406251,71944420.06157996
10451,3.75,60.21837158203125,217181826.1826142
10452,7.5,60.21837158203125,194227909.66654256
10453,11.25,60.21837158203125,151087523.1609882
10454,15.0,60.21837158203125,107947136.6554339
10455,3.75,60.22578125,216179352.6488461
10456,7.5,60.22578125,192435310.43981957
10457,11.25,60.22578125,148316332.56451255
10458,15.0,60.22578125,104197354.68920551
10459,18.75,60.21837158203125,111276068.04908921
10460,22.5,60.21837158203125,114604999.44274452
10461,18.75,60.22578125,109624035.8741276
10462,22.5,60.22578125,115050717.0590497
10463,26.25,60.21837158203125,105847271.61102068
10464,30.0,60.21837158203125,72916225.32853849
10465,26.25,60.22578125,107473386.03562257
10466,30.0,60.22578125,73888030.59549703
10467,33.75,59.87011718750001,50172975.91452732
10468,37.5,59.87011718750001,28218222.496345762
10469,33.75,59.98867187500001,42289905.46999288
10470,37.5,59.98867187500001,24101650.651318166
10471,41.25,59.87011718750001,21000762.84439956
10472,45.0,59.87011718750001,13783303.192453362
10473,41.25,59.98867187500001,18213002.958558857
10474,45.0,59.98867187500001,12324355.26579955
10475,33.75,60.04794921875001,38362073.26704393
10476,37.5,60.04794921875001,23674838.630505115
10477,33.75,60.077587890625,36398157.16557063
10478,37.5,60.077587890625,23461432.620098714
10479,33.75,60.0924072265625,35416199.114833266
10480,37.5,60.0924072265625,23354729.61489544
10481,33.75,60.09981689453125,34925220.0894646
10482,33.75,60.1072265625,35222737.40632495
10483,37.5,60.09981689453125,23301378.112293802
10484,37.5,60.1072265625,23375630.403394092
10485,41.25,60.04794921875001,17630842.029368795
10486,45.0,60.04794921875001,11586845.428232478
10487,41.25,60.077587890625,17339761.564773936
10488,45.0,60.077587890625,11218090.509449162
10489,41.25,60.0924072265625,17194221.332476407
10490,45.0,60.0924072265625,11033713.05005737
10491,41.25,60.09981689453125,17121451.216327637
10492,41.25,60.1072265625,17163174.35790998
10493,45.0,60.09981689453125,10941524.320361476
10494,45.0,60.1072265625,10950718.312425874
10495,33.75,60.11463623046875,35540233.51564013
10496,33.75,60.12204589843751,35857729.62495623
10497,37.5,60.11463623046875,23453115.898726612
10498,37.5,60.12204589843751,23530601.39405936
10499,33.75,60.12945556640625,36175225.7342711
10500,33.75,60.136865234375,36492721.84358659
10501,37.5,60.12945556640625,23608086.88939181
10502,37.5,60.136865234375,23685572.3847244
10503,33.75,60.14427490234375,36810217.95290207
10504,33.75,60.1516845703125,37127714.06221724
10505,37.5,60.14427490234375,23763057.880057003
10506,37.5,60.1516845703125,23840543.375389524
10507,33.75,60.15909423828125,37445210.171532735
10508,33.75,60.16650390625,37762706.28084822
10509,37.5,60.15909423828125,23918028.870722126
10510,37.5,60.16650390625,23995514.36605472
10511,41.25,60.11463623046875,17207798.511090197
10512,41.25,60.12204589843751,17252422.664270543
10513,45.0,60.11463623046875,10962481.123453783
10514,45.0,60.12204589843751,10974243.934481725
10515,41.25,60.12945556640625,17297046.817450713
10516,41.25,60.136865234375,17341670.97063097
10517,45.0,60.12945556640625,10986006.745509623
10518,45.0,60.136865234375,10997769.55653754
10519,41.25,60.14427490234375,17386295.123811234
10520,41.25,60.1516845703125,17430919.276991446
10521,45.0,60.14427490234375,11009532.36756546
10522,45.0,60.1516845703125,11021295.178593365
10523,41.25,60.15909423828125,17475543.430171706
10524,41.25,60.16650390625,17520167.583351966
10525,45.0,60.15909423828125,11033057.989621287
10526,45.0,60.16650390625,11044820.800649205
10527,33.75,60.17391357421875,38080202.390163705
10528,33.75,60.1813232421875,38397698.49947918
10529,37.5,60.17391357421875,24072999.86138732
10530,37.5,60.1813232421875,24150485.356719922
10531,33.75,60.18873291015625,38715194.60879436
10532,33.75,60.19614257812501,39032690.71811046
10533,37.5,60.18873291015625,24227970.85205244
10534,37.5,60.19614257812501,24305456.34738519
10535,41.25,60.17391357421875,17564791.736532222
10536,41.25,60.1813232421875,17609415.889712483
10537,45.0,60.17391357421875,11056583.611677125
10538,45.0,60.1813232421875,11068346.422705043
10539,41.25,60.18873291015625,17654040.042892694
10540,41.25,60.19614257812501,17698664.196073044
10541,45.0,60.18873291015625,11080109.23373295
10542,45.0,60.19614257812501,11091872.044760894
10543,33.75,60.2,39197976.995776705
10544,33.75,60.20355224609376,39350186.82742564
10545,33.75,60.21096191406251,39667682.93674112
10546,37.5,60.2,24345794.760111768
10547,37.5,60.20355224609376,24382941.84271771
10548,37.5,60.21096191406251,24460427.338050306
10549,41.25,60.2,17721895.221451826
10550,41.25,60.20355224609376,17743288.349253256
10551,41.25,60.21096191406251,17787912.502433516
10552,45.0,60.2,11097995.682791885
10553,45.0,60.20355224609376,11103634.8557888
10554,45.0,60.21096191406251,11115397.666816719
10555,33.75,60.21837158203125,39985179.0460563
10556,37.5,60.21837158203125,24537912.833382834
10557,33.75,60.22578125,40302675.15537148
10558,37.5,60.22578125,24615398.328715358
10559,41.25,60.21837158203125,17832536.655613728
10560,45.0,60.21837158203125,11127160.47784463
10561,41.25,60.22578125,17877160.808793947
10562,45.0,60.22578125,11138923.288872536
10563,48.75,59.87011718750001,10482250.681788597
10564,52.5,59.87011718750001,7181198.17112383
10565,48.75,59.98867187500001,9390455.903645562
10566,52.5,59.98867187500001,6456556.541491574
10567,56.25,59.87011718750001,4417995.016768204
10568,60.0,59.87011718750001,2730490.575030859
10569,56.25,59.98867187500001,3938045.6792153004
10570,60.0,59.98867187500001,2250311.8166944575
10571,48.75,60.04794921875001,8777186.967905438
10572,52.5,60.04794921875001,5967528.507578395
10573,48.75,60.077587890625,8470552.500035558
10574,52.5,60.077587890625,5723014.490621952
10575,48.75,60.0924072265625,8317235.266100507
10576,52.5,60.0924072265625,5600757.482143643
10577,48.75,60.09981689453125,8240576.649132983
10578,48.75,60.1072265625,8301811.610469305
10579,52.5,60.09981689453125,5539628.977904488
10580,52.5,60.1072265625,5652904.908512734
10581,56.25,60.04794921875001,3582620.008940322
10582,60.0,60.04794921875001,2047211.433680184
10583,56.25,60.077587890625,3404907.173802939
10584,60.0,60.077587890625,1945661.242173108
10585,56.25,60.0924072265625,3316050.7562341834
10586,60.0,60.0924072265625,1894886.1464195335
10587,56.25,60.09981689453125,3271622.547449806
10588,56.25,60.1072265625,3401096.2188073094
10589,60.0,60.09981689453125,1869498.5985427464
10590,60.0,60.1072265625,1943483.5536041767
10591,48.75,60.11463623046875,8366540.496931506
10592,48.75,60.12204589843751,8431269.383393895
10593,52.5,60.11463623046875,5770599.870409228
10594,52.5,60.12204589843751,5888294.832306063
10595,48.75,60.12945556640625,8495998.269856032
10596,48.75,60.136865234375,8560727.156318296
10597,52.5,60.12945556640625,6005989.794202444
10598,52.5,60.136865234375,6123684.756099051
10599,48.75,60.14427490234375,8625456.04278056
10600,48.75,60.1516845703125,8690184.92924276
10601,52.5,60.14427490234375,6241379.7179956585
10602,52.5,60.1516845703125,6359074.6798921535
10603,48.75,60.15909423828125,8754913.815705024
10604,48.75,60.16650390625,8819642.702167287
10605,52.5,60.15909423828125,6476769.641788762
10606,52.5,60.16650390625,6594464.60368537
10607,56.25,60.11463623046875,3534976.1878034137
10608,56.25,60.12204589843751,3668856.1567999027
10609,60.0,60.11463623046875,2019986.393030522
10610,60.0,60.12204589843751,2096489.2324570871
10611,56.25,60.12945556640625,3802736.125795879
10612,56.25,60.136865234375,3936616.094792111
10613,60.0,60.12945556640625,2172992.071883359
10614,60.0,60.136865234375,2249494.9113097778
10615,56.25,60.14427490234375,4070496.0637883437
10616,56.25,60.1516845703125,4204376.032784448
10617,60.0,60.14427490234375,2325997.7507361965
10618,60.0,60.1516845703125,2402500.5901625417
10619,56.25,60.15909423828125,4338256.001780681
10620,56.25,60.16650390625,4472135.970776914
10621,60.0,60.15909423828125,2479003.4295889605
10622,60.0,60.16650390625,2555506.2690153793
10623,48.75,60.17391357421875,8884371.588629551
10624,48.75,60.1813232421875,8949100.475091815
10625,52.5,60.17391357421875,6712159.565581977
10626,52.5,60.1813232421875,6829854.527478585
10627,48.75,60.18873291015625,9013829.361554015
10628,48.75,60.19614257812501,9078558.248016404
10629,52.5,60.18873291015625,6947549.489375081
10630,52.5,60.19614257812501,7065244.451271914
10631,56.25,60.17391357421875,4606015.939773146
10632,56.25,60.1813232421875,4739895.908769378
10633,60.0,60.17391357421875,2632009.1084417976
10634,60.0,60.1813232421875,2708511.947868216
10635,56.25,60.18873291015625,4873775.877765482
10636,56.25,60.19614257812501,5007655.846761972
10637,60.0,60.18873291015625,2785014.7872945615
10638,60.0,60.19614257812501,2861517.626721127
10639,48.75,60.2,9112255.65843159
10640,48.75,60.20355224609376,9143287.134478604
10641,48.75,60.21096191406251,9208016.020940868
10642,52.5,60.2,7126515.634071296
10643,52.5,60.20355224609376,7182939.413168408
10644,52.5,60.21096191406251,7300634.375065016
10645,56.25,60.2,5077352.832268879
10646,56.25,60.20355224609376,5141535.815758076
10647,56.25,60.21096191406251,5275415.784754309
10648,60.0,60.2,2901344.4755822164
10649,60.0,60.20355224609376,2938020.466147472
10650,60.0,60.21096191406251,3014523.3055738905
10651,48.75,60.21837158203125,9272744.90740307
10652,52.5,60.21837158203125,7418329.3369615115
10653,48.75,60.22578125,9337473.79386527
10654,52.5,60.22578125,7536024.298858006
10655,56.25,60.21837158203125,5409295.753750414
10656,60.0,60.21837158203125,3091026.145000236
10657,56.25,60.22578125,5543175.7227465175
10658,60.0,60.22578125,3167528.9844265813
10659,3.75,60.23319091796876,215176879.1150751
10660,7.5,60.23319091796876,190642711.21309146
10661,11.25,60.23319091796876,145545141.9680289
10662,15.0,60.23319091796876,100447572.72296634
10663,18.75,60.23319091796876,107972003.69916123
10664,22.5,60.23319091796876,115496434.67535612
10665,26.25,60.23319091796876,109099500.46022913
10666,30.0,60.23319091796876,74859835.86245835
10667,3.75,60.2406005859375,214174405.581308
10668,7.5,60.2406005859375,188850111.9863702
10669,11.25,60.2406005859375,142773951.3715559
10670,15.0,60.2406005859375,96697790.75674155
10671,18.75,60.2406005859375,106319971.52420121
10672,22.5,60.2406005859375,115942152.29166085
10673,26.25,60.2406005859375,110725614.88482946
10674,30.0,60.2406005859375,75831641.12941594
10675,3.75,60.24801025390625,213171932.04753897
10676,7.5,60.24801025390625,187057512.75964552
10677,11.25,60.24801025390625,140002760.77507755
10678,15.0,60.24801025390625,92948008.79050958
10679,18.75,60.24801025390625,104667939.34923801
10680,22.5,60.24801025390625,116387869.90796643
10681,26.25,60.24801025390625,112351729.3094329
10682,30.0,60.24801025390625,76803446.39637542
10683,3.75,60.255419921875,212169458.5137699
10684,7.5,60.255419921875,185264913.53292087
10685,11.25,60.255419921875,137231570.17859924
10686,15.0,60.255419921875,89198226.82427761
10687,18.75,60.255419921875,103015907.17427482
10688,22.5,60.255419921875,116833587.52427202
10689,26.25,60.255419921875,113977843.73403633
10690,30.0,60.255419921875,77775251.66333488
10691,3.75,60.26282958984375,211166984.98000184
10692,7.5,60.26282958984375,183472314.30619788
10693,11.25,60.26282958984375,134460379.58212355
10694,15.0,60.26282958984375,85448444.85804923
10695,18.75,60.26282958984375,101363874.9993132
10696,22.5,60.26282958984375,117279305.14057717
10697,26.25,60.26282958984375,115603958.15863821
10698,30.0,60.26282958984375,78747056.93029341
10699,3.75,60.27023925781251,210164511.44623086
10700,7.5,60.27023925781251,181679715.07946974
10701,11.25,60.27023925781251,131689188.9856399
10702,15.0,60.27023925781251,81698662.89181006
10703,18.75,60.27023925781251,99711842.82434683
10704,22.5,60.27023925781251,117725022.75688359
10705,26.25,60.27023925781251,117230072.58324477
10706,30.0,60.27023925781251,79718862.19725473
10707,3.75,60.27764892578126,209162037.91246277
10708,7.5,60.27764892578126,179887115.85274678
10709,11.25,60.27764892578126,128917998.38916424
10710,15.0,60.27764892578126,77948880.92558166
10711,18.75,60.27764892578126,98059810.64938521
10712,22.5,60.27764892578126,118170740.37318876
10713,26.25,60.27764892578126,118856187.00784667
10714,30.0,60.27764892578126,80690667.46421325
10715,3.75,60.28505859375001,208159564.37869373
10716,7.5,60.28505859375001,178094516.6260221
10717,11.25,60.28505859375001,126146807.7926859
10718,15.0,60.28505859375001,74199098.95934969
10719,18.75,60.28505859375001,96407778.47442202
10720,22.5,60.28505859375001,118616457.98949435
10721,26.25,60.28505859375001,120482301.4324501
10722,30.0,60.28505859375001,81662472.73117273
10723,3.75,60.29246826171876,207157090.8449247
10724,7.5,60.29246826171876,176301917.39929745
10725,11.25,60.29246826171876,123375617.19620758
10726,15.0,60.29246826171876,70449316.99311772
10727,18.75,60.29246826171876,94755746.29945883
10728,22.5,60.29246826171876,119062175.60579993
10729,26.25,60.29246826171876,122108415.85705355
10730,30.0,60.29246826171876,82634277.99813218
10731,3.75,60.29987792968751,206154617.31115562
10732,7.5,60.29987792968751,174509318.17257276
10733,11.25,60.29987792968751,120604426.59972924
10734,15.0,60.29987792968751,66699535.02688574
10735,18.75,60.29987792968751,93103714.12449563
10736,22.5,60.29987792968751,119507893.2221055
10737,26.25,60.29987792968751,123734530.281657
10738,30.0,60.29987792968751,83606083.26509166
10739,3.75,60.30728759765626,210953230.574834
10740,7.5,60.30728759765626,179261535.79761016
10741,11.25,60.30728759765626,123935953.89484908
10742,15.0,60.30728759765626,68610371.99208799
10743,18.75,60.30728759765626,93285913.77195306
10744,22.5,60.30728759765626,117961455.55181812
10745,26.25,60.30728759765626,121595137.57490548
10746,30.0,60.30728759765626,83145100.08443753
10747,3.75,60.31469726562501,215849014.47161916
10748,7.5,60.31469726562501,184123381.84560752
10749,11.25,60.31469726562501,127369704.27021477
10750,15.0,60.31469726562501,70616026.69482204
10751,18.75,60.31469726562501,93498837.57053596
10752,22.5,60.31469726562501,116381648.44624989
10753,26.25,60.31469726562501,119392671.04686786
10754,30.0,60.31469726562501,82660117.097294
10755,3.75,60.3295166015625,225640582.26519427
10756,7.5,60.3295166015625,193847073.9416069
10757,11.25,60.3295166015625,134237205.02094948
10758,15.0,60.3295166015625,74627336.10029207
10759,18.75,60.3295166015625,93924685.16770196
10760,22.5,60.3295166015625,113222034.23511188
10761,26.25,60.3295166015625,114987737.9907905
10762,30.0,60.3295166015625,81690151.12300654
10763,3.75,60.34433593750001,235432150.05877873
10764,7.5,60.34433593750001,203570766.03761557
10765,11.25,60.34433593750001,141104705.77169076
10766,15.0,60.34433593750001,78638645.50576594
10767,18.75,60.34433593750001,94350532.7648684
10768,22.5,60.34433593750001,110062420.02397084
10769,26.25,60.34433593750001,110582804.93470888
10770,30.0,60.34433593750001,80720185.14871812
10771,3.75,60.35915527343751,245223717.85235384
10772,7.5,60.35915527343751,213294458.1336149
10773,11.25,60.35915527343751,147972206.52242547
10774,15.0,60.35915527343751,82649954.91123596
10775,18.75,60.35915527343751,94776380.36203443
10776,22.5,60.35915527343751,106902805.81283286
10777,26.25,60.35915527343751,106177871.87863153
10778,30.0,60.35915527343751,79750219.17443064
10779,3.75,60.373974609375,255015285.64592424
10780,7.5,60.373974609375,223018150.22960967
10781,11.25,60.373974609375,154839707.27315685
10782,15.0,60.373974609375,86661264.31670406
10783,18.75,60.373974609375,95202227.95920023
10784,22.5,60.373974609375,103743191.60169639
10785,26.25,60.373974609375,101772938.82255626
10786,30.0,60.373974609375,78780253.20014362
10787,3.75,60.3887939453125,264806853.43950403
10788,7.5,60.3887939453125,232741842.32561368
10789,11.25,60.3887939453125,161707208.02389485
10790,15.0,60.3887939453125,90672573.72217602
10791,18.75,60.3887939453125,95628075.55636644
10792,22.5,60.3887939453125,100583577.39055687
10793,26.25,60.3887939453125,97368005.7664768
10794,30.0,60.3887939453125,77810287.22585566
10795,3.75,60.40361328125,274598421.23308384
10796,7.5,60.40361328125,242465534.4216177
10797,11.25,60.40361328125,168574708.77463284
10798,15.0,60.40361328125,94683883.12764797
10799,18.75,60.40361328125,96053923.15353267
10800,22.5,60.40361328125,97423963.17941736
10801,26.25,60.40361328125,92963072.7103973
10802,30.0,60.40361328125,76840321.25156772
10803,3.75,60.41843261718751,284389989.0266683
10804,7.5,60.41843261718751,252189226.51762637
10805,11.25,60.41843261718751,175442209.5253741
10806,15.0,60.41843261718751,98695192.53312184
10807,18.75,60.41843261718751,96479770.7506991
10808,22.5,60.41843261718751,94264348.96827635
10809,26.25,60.41843261718751,88558139.65431571
10810,30.0,60.41843261718751,75870355.2772793
10811,3.75,60.433251953125,294181556.8202387
10812,7.5,60.433251953125,261912918.61362106
10813,11.25,60.433251953125,182309710.27610552
10814,15.0,60.433251953125,102706501.93858995
10815,18.75,60.433251953125,96905618.3478649
10816,22.5,60.433251953125,91104734.75713986
10817,26.25,60.433251953125,84153206.59824045
10818,30.0,60.433251953125,74900389.30299228
10819,3.75,60.4480712890625,303973124.6138138
10820,7.5,60.4480712890625,271636610.7096205
10821,11.25,60.4480712890625,189177211.0268402
10822,15.0,60.4480712890625,106717811.34405996
10823,18.75,60.4480712890625,97331465.94503091
10824,22.5,60.4480712890625,87945120.54600188
10825,26.25,60.4480712890625,79748273.54216309
10826,30.0,60.4480712890625,73930423.3287048
10827,3.75,60.462890625,313764692.4073936
10828,7.5,60.462890625,281360302.8056245
10829,11.25,60.462890625,196044711.77757818
10830,15.0,60.462890625,110729120.74953192
10831,18.75,60.462890625,97757313.54219714
10832,22.5,60.462890625,84785506.33486237
10833,26.25,60.462890625,75343340.4860836
10834,30.0,60.462890625,72960457.35441685
10835,33.75,60.23319091796876,40620171.26468757
10836,37.5,60.23319091796876,24692883.824048102
10837,41.25,60.23319091796876,17921784.96197429
10838,45.0,60.23319091796876,11150686.099900477
10839,33.75,60.2406005859375,40937667.37400245
10840,37.5,60.2406005859375,24770369.31938055
10841,41.25,60.2406005859375,17966409.115154464
10842,45.0,60.2406005859375,11162448.910928374
10843,33.75,60.24801025390625,41255163.483317934
10844,37.5,60.24801025390625,24847854.81471315
10845,41.25,60.24801025390625,18011033.268334724
10846,45.0,60.24801025390625,11174211.721956294
10847,33.75,60.255419921875,41572659.59263341
10848,37.5,60.255419921875,24925340.31004575
10849,41.25,60.255419921875,18055657.42151498
10850,45.0,60.255419921875,11185974.532984212
10851,33.75,60.26282958984375,41890155.70194859
10852,37.5,60.26282958984375,25002825.805378273
10853,41.25,60.26282958984375,18100281.5746952
10854,45.0,60.26282958984375,11197737.344012119
10855,33.75,60.27023925781251,42207651.811264694
10856,37.5,60.27023925781251,25080311.30071102
10857,41.25,60.27023925781251,18144905.72787554
10858,45.0,60.27023925781251,11209500.155040063
10859,33.75,60.27764892578126,42525147.920579866
10860,37.5,60.27764892578126,25157796.79604354
10861,41.25,60.27764892578126,18189529.881055757
10862,45.0,60.27764892578126,11221262.96606797
10863,33.75,60.28505859375001,42842644.02989535
10864,37.5,60.28505859375001,25235282.291376144
10865,41.25,60.28505859375001,18234154.034236014
10866,45.0,60.28505859375001,11233025.77709589
10867,33.75,60.29246826171876,43160140.139210835
10868,37.5,60.29246826171876,25312767.78670874
10869,41.25,60.29246826171876,18278778.187416274
10870,45.0,60.29246826171876,11244788.58812381
10871,33.75,60.29987792968751,43477636.24852632
10872,37.5,60.29987792968751,25390253.282041337
10873,41.25,60.29987792968751,18323402.340596534
10874,45.0,60.29987792968751,11256551.399151726
10875,33.75,60.30728759765626,44695062.59396955
10876,37.5,60.30728759765626,27108912.512044482
10877,41.25,60.30728759765626,19954706.134390872
10878,45.0,60.30728759765626,12800499.756737255
10879,33.75,60.31469726562501,45927563.14772016
10880,37.5,60.31469726562501,28855062.089357115
10881,41.25,60.31469726562501,21612587.476599462
10882,45.0,60.31469726562501,14370112.863841811
10883,33.75,60.3295166015625,48392564.25522257
10884,37.5,60.3295166015625,32347361.24398404
10885,41.25,60.3295166015625,24928350.161018237
10886,45.0,60.3295166015625,17509339.07805243
10887,33.75,60.34433593750001,50857565.36272733
10888,37.5,60.34433593750001,35839660.39861432
10889,41.25,60.34433593750001,28244112.84544019
10890,45.0,60.34433593750001,20648565.292266063
10891,33.75,60.35915527343751,53322566.47022974
10892,37.5,60.35915527343751,39331959.553241245
10893,41.25,60.35915527343751,31559875.52985896
10894,45.0,60.35915527343751,23787791.50647668
10895,33.75,60.373974609375,55787567.57773096
10896,37.5,60.373974609375,42824258.707866505
10897,41.25,60.373974609375,34875638.21427615
10898,45.0,60.373974609375,26927017.7206858
10899,33.75,60.3887939453125,58252568.68523455
10900,37.5,60.3887939453125,46316557.86249511
10901,41.25,60.3887939453125,38191400.89869651
10902,45.0,60.3887939453125,30066243.934897922
10903,33.75,60.40361328125,60717569.79273813
10904,37.5,60.40361328125,49808857.01712372
10905,41.25,60.40361328125,41507163.58311688
10906,45.0,60.40361328125,33205470.149110045
10907,33.75,60.41843261718751,63182570.90024291
10908,37.5,60.41843261718751,53301156.171753995
10909,41.25,60.41843261718751,44822926.26753883
10910,45.0,60.41843261718751,36344696.36332367
10911,33.75,60.433251953125,65647572.00774413
10912,37.5,60.433251953125,56793455.326379254
10913,41.25,60.433251953125,48138688.95195602
10914,45.0,60.433251953125,39483922.57753279
10915,33.75,60.4480712890625,68112573.11524653
10916,37.5,60.4480712890625,60285754.481006175
10917,41.25,60.4480712890625,51454451.636374794
10918,45.0,60.4480712890625,42623148.79174341
10919,33.75,60.462890625,70577574.22275011
10920,37.5,60.462890625,63778053.63563478
10921,41.25,60.462890625,54770214.32079516
10922,45.0,60.462890625,45762375.00595553
10923,48.75,60.23319091796876,9402202.680327658
10924,52.5,60.23319091796876,7653719.2607548395
10925,48.75,60.2406005859375,9466931.566789797
10926,52.5,60.2406005859375,7771414.222651221
10927,56.25,60.23319091796876,5677055.691743007
10928,60.0,60.23319091796876,3244031.8238531463
10929,56.25,60.2406005859375,5810935.660738982
10930,60.0,60.2406005859375,3320534.6632794184
10931,48.75,60.24801025390625,9531660.453252062
10932,52.5,60.24801025390625,7889109.1845478285
10933,48.75,60.255419921875,9596389.339714324
10934,52.5,60.255419921875,8006804.146444436
10935,56.25,60.24801025390625,5944815.629735215
10936,60.0,60.24801025390625,3397037.502705837
10937,56.25,60.255419921875,6078695.598731447
10938,60.0,60.255419921875,3473540.342132256
10939,48.75,60.26282958984375,9661118.226176526
10940,52.5,60.26282958984375,8124499.108340932
10941,48.75,60.27023925781251,9725847.112638913
10942,52.5,60.27023925781251,8242194.070237764
10943,56.25,60.26282958984375,6212575.567727552
10944,60.0,60.26282958984375,3550043.181558601
10945,56.25,60.27023925781251,6346455.536724041
10946,60.0,60.27023925781251,3626546.020985166
10947,48.75,60.27764892578126,9790575.999101115
10948,52.5,60.27764892578126,8359889.03213426
10949,48.75,60.28505859375001,9855304.885563377
10950,52.5,60.28505859375001,8477583.994030869
10951,56.25,60.27764892578126,6480335.505720146
10952,60.0,60.27764892578126,3703048.8604115117
10953,56.25,60.28505859375001,6614215.474716378
10954,60.0,60.28505859375001,3779551.6998379305
10955,48.75,60.29246826171876,9920033.772025643
10956,52.5,60.29246826171876,8595278.955927476
10957,48.75,60.29987792968751,9984762.658487905
10958,52.5,60.29987792968751,8712973.917824082
10959,56.25,60.29246826171876,6748095.443712611
10960,60.0,60.29246826171876,3856054.5392643493
10961,56.25,60.29987792968751,6881975.412708843
10962,60.0,60.29987792968751,3932557.3786907676
10963,48.75,60.30728759765626,10905888.161313232
10964,52.5,60.30728759765626,9011276.565889213
10965,48.75,60.31469726562501,11841358.666085094
10966,52.5,60.31469726562501,9312604.468328375
10967,56.25,60.30728759765626,6779676.897822381
10968,60.0,60.30728759765626,3874101.0844699326
10969,56.25,60.31469726562501,6673422.294429243
10970,60.0,60.31469726562501,3813384.168245281
10971,48.75,60.3295166015625,13712299.67562971
10972,52.5,60.3295166015625,9915260.27320699
10973,48.75,60.34433593750001,15583240.685176123
10974,52.5,60.34433593750001,10517916.078086184
10975,56.25,60.3295166015625,6460913.087642863
10976,60.0,60.3295166015625,3691950.335795922
10977,56.25,60.34433593750001,6248403.88085628
10978,60.0,60.34433593750001,3570516.5033464455
10979,48.75,60.35915527343751,17454181.694720738
10980,52.5,60.35915527343751,11120571.8829648
10981,48.75,60.373974609375,19325122.704264462
10982,52.5,60.373974609375,11723227.687843127
10983,56.25,60.35915527343751,6035894.674069901
10984,60.0,60.35915527343751,3449082.670897086
10985,56.25,60.373974609375,5823385.467283625
10986,60.0,60.373974609375,3327648.8384477855
10987,48.75,60.3887939453125,21196063.71380998
10988,52.5,60.3887939453125,12325883.492722033
10989,48.75,60.40361328125,23067004.723355494
10990,52.5,60.40361328125,12928539.297600936
10991,56.25,60.3887939453125,5610876.2604971435
10992,60.0,60.3887939453125,3206215.0059983674
10993,56.25,60.40361328125,5398367.053710662
10994,60.0,60.40361328125,3084781.17354895
10995,48.75,60.41843261718751,24937945.7329019
10996,52.5,60.41843261718751,13531195.10248013
10997,48.75,60.433251953125,26808886.742445625
10998,52.5,60.433251953125,14133850.907358456
10999,56.25,60.41843261718751,5185857.84692408
11000,60.0,60.41843261718751,2963347.3410994736
11001,56.25,60.433251953125,4973348.640137802
11002,60.0,60.433251953125,2841913.5086501725
11003,48.75,60.4480712890625,28679827.75199024
11004,52.5,60.4480712890625,14736506.712237073
11005,48.75,60.462890625,30550768.761535756
11006,52.5,60.462890625,15339162.517115975
11007,56.25,60.4480712890625,4760839.433351422
11008,60.0,60.4480712890625,2720479.6762008127
11009,56.25,60.462890625,4548330.226564941
11010,60.0,60.462890625,2599045.843751395
11011,3.75,60.4777099609375,323556260.20097333
11012,7.5,60.4777099609375,291083994.90162843
11013,11.25,60.4777099609375,202912212.52831617
11014,15.0,60.4777099609375,114740430.15500386
11015,18.75,60.4777099609375,98183161.13936335
11016,22.5,60.4777099609375,81625892.12372285
11017,26.25,60.4777099609375,70938407.43000412
11018,30.0,60.4777099609375,71990491.3801289
11019,3.75,60.492529296875,333347827.99454844
11020,7.5,60.492529296875,300807686.99762785
11021,11.25,60.492529296875,209779713.2790509
11022,15.0,60.492529296875,118751739.56047389
11023,18.75,60.492529296875,98609008.73652938
11024,22.5,60.492529296875,78466277.91258487
11025,26.25,60.492529296875,66533474.373926744
11026,30.0,60.492529296875,71020525.40584143
11027,3.75,60.50734863281249,336074251.29239845
11028,7.5,60.50734863281249,303843398.9034312
11029,11.25,60.50734863281249,212356596.7759983
11030,15.0,60.50734863281249,120869794.64856544
11031,18.75,60.50734863281249,98844913.82513607
11032,22.5,60.50734863281249,76820033.00170669
11033,26.25,60.50734863281249,64148244.42364111
11034,30.0,60.50734863281249,70182640.33630309
11035,3.75,60.52216796875,331618168.89025986
11036,7.5,60.52216796875,300080034.60257614
11037,11.25,60.52216796875,210571590.30729386
11038,15.0,60.52216796875,121063146.01201159
11039,18.75,60.52216796875,98887721.2140112
11040,22.5,60.52216796875,76712296.41601087
11041,26.25,60.52216796875,63816267.4646268
11042,30.0,60.52216796875,69479030.20647529
11043,3.75,60.5369873046875,327162086.48812354
11044,7.5,60.5369873046875,296316670.3017231
11045,11.25,60.5369873046875,208786583.83859038
11046,15.0,60.5369873046875,121256497.37545764
11047,18.75,60.5369873046875,98930528.6028864
11048,22.5,60.5369873046875,76604559.83031511
11049,26.25,60.5369873046875,63484290.50561266
11050,30.0,60.5369873046875,68775420.07664783
11051,3.75,60.551806640625,322706004.0859871
11052,7.5,60.551806640625,292553306.0008699
11053,11.25,60.551806640625,207001577.36988682
11054,15.0,60.551806640625,121449848.7389037
11055,18.75,60.551806640625,98973335.9917615
11056,22.5,60.551806640625,76496823.24461935
11057,26.25,60.551806640625,63152313.54659851
11058,30.0,60.551806640625,68071809.94682036
11059,3.75,60.56662597656251,318249921.6838485
11060,7.5,60.56662597656251,288789941.700015
11061,11.25,60.56662597656251,205216570.90118238
11062,15.0,60.56662597656251,121643200.10234986
11063,18.75,60.56662597656251,99016143.38063669
11064,22.5,60.56662597656251,76389086.65892352
11065,26.25,60.56662597656251,62820336.587584205
11066,30.0,60.56662597656251,67368199.81699255
11067,3.75,60.5814453125,313793839.2817164
11068,7.5,60.5814453125,285026577.3991654
11069,11.25,60.5814453125,203431564.43248057
11070,15.0,60.5814453125,121836551.46579574
11071,18.75,60.5814453125,99058950.76951179
11072,22.5,60.5814453125,76281350.07322787
11073,26.25,60.5814453125,62488359.62857038
11074,30.0,60.5814453125,66664589.687165774
11075,33.75,60.4777099609375,73042575.33025369
11076,37.5,60.4777099609375,67270352.79026338
11077,41.25,60.4777099609375,58085977.005215526
11078,45.0,60.4777099609375,48901601.22016766
11079,33.75,60.492529296875,75507576.4377561
11080,37.5,60.492529296875,70762651.94489032
11081,41.25,60.492529296875,61401739.68963429
11082,45.0,60.492529296875,52040827.43437828
11083,33.75,60.50734863281249,76217036.24896507
11084,37.5,60.50734863281249,71818574.61206646
11085,41.25,60.50734863281249,62203684.20038753
11086,45.0,60.50734863281249,52588793.7887086
11087,33.75,60.52216796875,75141792.94832379
11088,37.5,60.52216796875,70397649.42156322
11089,41.25,60.52216796875,60450052.76049818
11090,45.0,60.52216796875,50502456.09943312
11091,33.75,60.5369873046875,74066549.647683
11092,37.5,60.5369873046875,68976724.2310607
11093,41.25,60.5369873046875,58696421.32060967
11094,45.0,60.5369873046875,48416118.41015864
11095,33.75,60.551806640625,72991306.34704223
11096,37.5,60.551806640625,67555799.04055817
11097,41.25,60.551806640625,56942789.88072117
11098,45.0,60.551806640625,46329780.72088416
11099,33.75,60.56662597656251,71916063.04640092
11100,37.5,60.56662597656251,66134873.85005495
11101,41.25,60.56662597656251,55189158.44083182
11102,45.0,60.56662597656251,44243443.03160867
11103,33.75,60.5814453125,70840819.74576119
11104,37.5,60.5814453125,64713948.65955378
11105,41.25,60.5814453125,53435527.000944994
11106,45.0,60.5814453125,42157105.3423362
11107,48.75,60.4777099609375,32421709.771081273
11108,52.5,60.4777099609375,15941818.32199488
11109,48.75,60.492529296875,34292650.78062589
11110,52.5,60.492529296875,16544474.126873497
11111,56.25,60.4777099609375,4335821.01977846
11112,60.0,60.4777099609375,2477612.011301977
11113,56.25,60.492529296875,4123311.8129920806
11114,60.0,60.492529296875,2356178.1788526177
11115,48.75,60.50734863281249,34582104.157603435
11116,52.5,60.50734863281249,16575414.526498262
11117,48.75,60.52216796875,33263799.343329296
11118,52.5,60.52216796875,16025142.587225465
11119,56.25,60.50734863281249,3999585.425874631
11120,60.0,60.50734863281249,2285477.3862140747
11121,56.25,60.52216796875,3966116.6560950503
11122,60.0,60.52216796875,2266352.3749114573
11123,48.75,60.5369873046875,31945494.529055785
11124,52.5,60.5369873046875,15474870.647952935
11125,48.75,60.551806640625,30627189.71478228
11126,52.5,60.551806640625,14924598.708680402
11127,56.25,60.5369873046875,3932647.886315487
11128,60.0,60.5369873046875,2247227.3636088492
11129,56.25,60.551806640625,3899179.116535923
11130,60.0,60.551806640625,2228102.3523062416
11131,48.75,60.56662597656251,29308884.90050814
11132,52.5,60.56662597656251,14374326.769407604
11133,48.75,60.5814453125,27990580.086235903
11134,52.5,60.5814453125,13824054.830135603
11135,56.25,60.56662597656251,3865710.346756343
11136,60.0,60.56662597656251,2208977.3410036243
11137,56.25,60.5814453125,3832241.5769768106
11138,60.0,60.5814453125,2189852.329701035
11139,3.75,60.5962646484375,309337756.8795821
11140,7.5,60.5962646484375,281263213.0983141
11141,11.25,60.5962646484375,201646557.96377793
11142,15.0,60.5962646484375,122029902.82924171
11143,18.75,60.5962646484375,99101758.15838695
11144,22.5,60.5962646484375,76173613.48753217
11145,26.25,60.5962646484375,62156382.6695564
11146,30.0,60.5962646484375,65960979.557338655
11147,3.75,60.611083984375,304881674.4774457
11148,7.5,60.611083984375,277499848.7974609
11149,11.25,60.611083984375,199861551.49507436
11150,15.0,60.611083984375,122223254.19268776
11151,18.75,60.611083984375,99144565.54726207
11152,22.5,60.611083984375,76065876.9018364
11153,26.25,60.611083984375,61824405.71054225
11154,30.0,60.611083984375,65257369.4275112
11155,3.75,60.6259033203125,300425592.0753093
11156,7.5,60.6259033203125,273736484.4966078
11157,11.25,60.6259033203125,198076545.02637082
11158,15.0,60.6259033203125,122416605.55613382
11159,18.75,60.6259033203125,99187372.93613723
11160,22.5,60.6259033203125,75958140.31614064
11161,26.25,60.6259033203125,61492428.75152811
11162,30.0,60.6259033203125,64553759.29768373
11163,3.75,60.64072265625001,295969509.67317075
11164,7.5,60.64072265625001,269973120.1957528
11165,11.25,60.64072265625001,196291538.55766636
11166,15.0,60.64072265625001,122609956.91957998
11167,18.75,60.64072265625001,99230180.3250124
11168,22.5,60.64072265625001,75850403.7304448
11169,26.25,60.64072265625001,61160451.7925138
11170,30.0,60.64072265625001,63850149.16785593
11171,33.75,60.5962646484375,69765576.44512092
11172,37.5,60.5962646484375,63293023.46905194
11173,41.25,60.5962646484375,51681895.56105733
11174,45.0,60.5962646484375,40070767.653062716
11175,33.75,60.611083984375,68690333.14448014
11176,37.5,60.611083984375,61872098.278549396
11177,41.25,60.611083984375,49928264.12116882
11178,45.0,60.611083984375,37984429.96378824
11179,33.75,60.6259033203125,67615089.84383935
11180,37.5,60.6259033203125,60451173.08804686
11181,41.25,60.6259033203125,48174632.681280315
11182,45.0,60.6259033203125,35898092.27451376
11183,33.75,60.64072265625001,66539846.543198064
11184,37.5,60.64072265625001,59030247.89754364
11185,41.25,60.64072265625001,46421001.24139096
11186,45.0,60.64072265625001,33811754.58523828
11187,48.75,60.5962646484375,26672275.271963026
11188,52.5,60.5962646484375,13273782.890863335
11189,48.75,60.611083984375,25353970.457689524
11190,52.5,60.611083984375,12723510.951590803
11191,56.25,60.5962646484375,3798772.807197263
11192,60.0,60.5962646484375,2170727.318398436
11193,56.25,60.611083984375,3765304.0374176987
11194,60.0,60.611083984375,2151602.307095828
11195,48.75,60.6259033203125,24035665.643416014
11196,52.5,60.6259033203125,12173239.01231827
11197,48.75,60.64072265625001,22717360.829141878
11198,52.5,60.64072265625001,11622967.073045474
11199,56.25,60.6259033203125,3731835.267638135
11200,60.0,60.6259033203125,2132477.29579322
11201,56.25,60.64072265625001,3698366.497858555
11202,60.0,60.64072265625001,2113352.284490603
11203,3.75,60.65554199218751,291513427.27103645
11204,7.5,60.65554199218751,266209755.89490148
11205,11.25,60.65554199218751,194506532.08896372
11206,15.0,60.65554199218751,122803308.28302595
11207,18.75,60.65554199218751,99272987.71388753
11208,22.5,60.65554199218751,75742667.1447491
11209,26.25,60.65554199218751,60828474.83349982
11210,30.0,60.65554199218751,63146539.03802881
11211,3.75,60.670361328125,287057344.86890435
11212,7.5,60.670361328125,262446391.5940519
11213,11.25,60.670361328125,192721525.62026188
11214,15.0,60.670361328125,122996659.64647183
11215,18.75,60.670361328125,99315795.10276264
11216,22.5,60.670361328125,75634930.55905345
11217,26.25,60.670361328125,60496497.874486
11218,30.0,60.670361328125,62442928.90820202
11219,33.75,60.65554199218751,65464603.242557794
11220,37.5,60.65554199218751,57609322.7070418
11221,41.25,60.65554199218751,44667369.8015033
11222,45.0,60.65554199218751,31725416.8959648
11223,33.75,60.670361328125,64389359.941918045
11224,37.5,60.670361328125,56188397.51654062
11225,41.25,60.670361328125,42913738.36161646
11226,45.0,60.670361328125,29639079.20669232
11227,48.75,60.65554199218751,21399056.014869004
11228,52.5,60.65554199218751,11072695.133773206
11229,48.75,60.670361328125,20080751.200596757
11230,52.5,60.670361328125,10522423.1945012
11231,56.25,60.65554199218751,3664897.728079007
11232,60.0,60.65554199218751,2094227.273188004
11233,56.25,60.670361328125,3631428.9582994753
11234,60.0,60.670361328125,2075102.2618854144
11235,3.75,60.6851806640625,282601262.4667679
11236,7.5,60.6851806640625,258683027.2931988
11237,11.25,60.6851806640625,190936519.15155834
11238,15.0,60.6851806640625,123190011.00991789
11239,18.75,60.6851806640625,99358602.49163778
11240,22.5,60.6851806640625,75527193.97335768
11241,26.25,60.6851806640625,60164520.915471844
11242,30.0,60.6851806640625,61739318.77837456
11243,3.75,60.7,278145180.06463146
11244,7.5,60.7,254919662.99234563
11245,11.25,60.7,189151512.68285477
11246,15.0,60.7,123383362.37336394
11247,18.75,60.7,99401409.88051292
11248,22.5,60.7,75419457.3876619
11249,26.25,60.7,59832543.956457704
11250,30.0,60.7,61035708.6485471
11251,33.75,60.6851806640625,63314116.64127727
11252,37.5,60.6851806640625,54767472.32603809
11253,41.25,60.6851806640625,41160106.92172797
11254,45.0,60.6851806640625,27552741.51741784
11255,33.75,60.7,62238873.340636484
11256,37.5,60.7,53346547.13553555
11257,41.25,60.7,39406475.481839456
11258,45.0,60.7,25466403.82814336
11259,48.75,60.6851806640625,18762446.38632326
11260,52.5,60.6851806640625,9972151.25522867
11261,48.75,60.7,17444141.57204975
11262,52.5,60.7,9421879.315956138
11263,56.25,60.6851806640625,3597960.1885199114
11264,60.0,60.6851806640625,2055977.2505828063
11265,56.25,60.7,3564491.4187403475
11266,60.0,60.7,2036852.2392801985
11267,63.75,0.0148193359375,0.0
11268,63.75,-0.0,0.0
11269,63.75,0.029638671875,0.0
11270,67.5,0.0148193359375,0.0
11271,67.5,-0.0,0.0
11272,67.5,0.029638671875,0.0
11273,63.75,0.04445800781250001,0.0
11274,63.75,0.05927734375,0.0
11275,67.5,0.04445800781250001,0.0
11276,67.5,0.05927734375,0.0
11277,63.75,0.0740966796875,0.0
11278,67.5,0.0740966796875,0.0
11279,63.75,0.08891601562500001,0.0
11280,67.5,0.08891601562500001,0.0
11281,63.75,0.09632568359375002,0.0
11282,63.75,0.1037353515625,1576228.1723489945
11283,67.5,0.09632568359375002,0.0
11284,67.5,0.1037353515625,0.0
11285,63.75,0.11114501953125,1543508.7763686504
11286,63.75,0.1185546875,1510789.380388306
11287,67.5,0.11114501953125,0.0
11288,67.5,0.1185546875,0.0
11289,63.75,0.12596435546875,1478069.9844079614
11290,63.75,0.1333740234375,1445350.588427617
11291,67.5,0.12596435546875,0.0
11292,67.5,0.1333740234375,0.0
11293,63.75,0.14078369140625,1412631.1924472726
11294,63.75,0.148193359375,1379911.796466928
11295,67.5,0.14078369140625,0.0
11296,67.5,0.148193359375,0.0
11297,63.75,0.15560302734375,1347192.4004865836
11298,63.75,0.1630126953125,1314473.0045062394
11299,67.5,0.15560302734375,0.0
11300,67.5,0.1630126953125,0.0
11301,63.75,0.17042236328125,1281753.6085258946
11302,63.75,0.17783203125,1249034.2125455504
11303,67.5,0.17042236328125,0.0
11304,67.5,0.17783203125,0.0
11305,63.75,0.18524169921875,1216314.8165652058
11306,63.75,0.1926513671875,1183595.4205848614
11307,67.5,0.18524169921875,0.0
11308,67.5,0.1926513671875,0.0
11309,63.75,0.207470703125,1118156.6286241726
11310,67.5,0.207470703125,0.0
11311,63.75,0.21488037109375,1085437.232643828
11312,63.75,0.2222900390625,1052717.8366634836
11313,67.5,0.21488037109375,0.0
11314,67.5,0.2222900390625,0.0
11315,63.75,0.22969970703125,1019998.4406831393
11316,63.75,0.237109375,987279.0447027946
11317,67.5,0.22969970703125,0.0
11318,67.5,0.237109375,0.0
11319,63.75,0.24451904296875,954559.6487224502
11320,63.75,0.2519287109375,921840.2527421059
11321,67.5,0.24451904296875,0.0
11322,67.5,0.2519287109375,0.0
11323,63.75,0.25933837890625,889120.8567617615
11324,63.75,0.266748046875,856401.4607814171
11325,67.5,0.25933837890625,0.0
11326,67.5,0.266748046875,0.0
11327,63.75,0.27415771484375,823682.0648010725
11328,63.75,0.2815673828125,790962.6688207281
11329,67.5,0.27415771484375,0.0
11330,67.5,0.2815673828125,0.0
11331,63.75,0.28897705078125,758243.2728403836
11332,63.75,0.29638671875,725523.8768600392
11333,67.5,0.28897705078125,0.0
11334,67.5,0.29638671875,0.0
11335,63.75,0.30379638671875,734768.2360485434
11336,63.75,0.3112060546875,783952.3750762094
11337,67.5,0.30379638671875,0.0
11338,67.5,0.3112060546875,0.0
11339,63.75,0.326025390625,882320.6531315411
11340,67.5,0.326025390625,0.0
11341,63.75,0.3556640625,1079057.2092422042
11342,67.5,0.3556640625,0.0
11343,63.75,0.41494140625,1472530.3214635304
11344,67.5,0.41494140625,0.0
11345,63.75,0.47421875,1866003.433684857
11346,67.5,0.47421875,0.0
11347,63.75,0.5927734375,1339326.0037894023
11348,67.5,0.5927734375,0.0
11349,63.75,0.7113281250000001,531589.4820658286
11350,67.5,0.7113281250000001,0.0
11351,63.75,0.9484375,1182771.0952217432
11352,67.5,0.9484375,0.0
11353,63.75,1.42265625,2179604.949973581
11354,67.5,1.42265625,0.0
11355,63.75,1.896875,3533307.7842258657
11356,67.5,1.896875,0.0
11357,63.75,2.37109375,1333410.1053593343
11358,63.75,2.8453125,1157254.3332689842
11359,67.5,2.37109375,0.0
11360,67.5,2.8453125,0.0
11361,63.75,3.31953125,381900.4593295915
11362,63.75,3.79375,579850.5452834418
11363,67.5,3.31953125,0.0
11364,67.5,3.79375,0.0
11365,63.75,4.26796875,2796171.6037667138
11366,63.75,4.7421875,270452.11905979615
11367,67.5,4.26796875,0.0
11368,67.5,4.7421875,0.0
11369,63.75,5.21640625,308817.8185240869
11370,63.75,5.690625000000001,4271262.240018143
11371,67.5,5.21640625,0.0
11372,67.5,5.690625000000001,0.0
11373,63.75,6.164843750000001,2400848.3384883264
11374,63.75,6.639062500000001,23776336.238274146
11375,67.5,6.164843750000001,0.0
11376,67.5,6.639062500000001,13469906.02680071
11377,63.75,7.11328125,27189903.83018583
11378,63.75,7.5875,56274958.28554851
11379,67.5,7.11328125,20251345.47705274
11380,67.5,7.5875,46397129.47397775
11381,71.25,0.0148193359375,0.0
11382,71.25,-0.0,0.0
11383,71.25,0.029638671875,0.0
11384,75.0,0.0148193359375,0.0
11385,75.0,-0.0,0.0
11386,75.0,0.029638671875,0.0
11387,71.25,0.04445800781250001,0.0
11388,71.25,0.05927734375,0.0
11389,75.0,0.04445800781250001,0.0
11390,75.0,0.05927734375,0.0
11391,71.25,0.0740966796875,0.0
11392,75.0,0.0740966796875,0.0
11393,71.25,0.08891601562500001,0.0
11394,75.0,0.08891601562500001,0.0
11395,71.25,0.09632568359375002,0.0
11396,71.25,0.1037353515625,0.0
11397,75.0,0.09632568359375002,0.0
11398,75.0,0.1037353515625,0.0
11399,71.25,0.11114501953125,0.0
11400,71.25,0.1185546875,0.0
11401,75.0,0.11114501953125,0.0
11402,75.0,0.1185546875,0.0
11403,71.25,0.12596435546875,0.0
11404,71.25,0.1333740234375,0.0
11405,75.0,0.12596435546875,0.0
11406,75.0,0.1333740234375,0.0
11407,71.25,0.14078369140625,0.0
11408,71.25,0.148193359375,0.0
11409,75.0,0.14078369140625,0.0
11410,75.0,0.148193359375,0.0
11411,71.25,0.15560302734375,0.0
11412,71.25,0.1630126953125,0.0
11413,75.0,0.15560302734375,0.0
11414,75.0,0.1630126953125,0.0
11415,71.25,0.17042236328125,0.0
11416,71.25,0.17783203125,0.0
11417,75.0,0.17042236328125,0.0
11418,75.0,0.17783203125,0.0
11419,71.25,0.18524169921875,0.0
11420,71.25,0.1926513671875,0.0
11421,75.0,0.18524169921875,0.0
11422,75.0,0.1926513671875,0.0
11423,71.25,0.207470703125,0.0
11424,75.0,0.207470703125,0.0
11425,71.25,0.21488037109375,0.0
11426,71.25,0.2222900390625,0.0
11427,75.0,0.21488037109375,0.0
11428,75.0,0.2222900390625,0.0
11429,71.25,0.22969970703125,0.0
11430,71.25,0.237109375,0.0
11431,75.0,0.22969970703125,0.0
11432,75.0,0.237109375,0.0
11433,71.25,0.24451904296875,0.0
11434,71.25,0.2519287109375,0.0
11435,75.0,0.24451904296875,0.0
11436,75.0,0.2519287109375,0.0
11437,71.25,0.25933837890625,0.0
11438,71.25,0.266748046875,0.0
11439,75.0,0.25933837890625,0.0
11440,75.0,0.266748046875,0.0
11441,71.25,0.27415771484375,0.0
11442,71.25,0.2815673828125,0.0
11443,75.0,0.27415771484375,0.0
11444,75.0,0.2815673828125,0.0
11445,71.25,0.28897705078125,0.0
11446,71.25,0.29638671875,0.0
11447,75.0,0.28897705078125,0.0
11448,75.0,0.29638671875,0.0
11449,71.25,0.30379638671875,0.0
11450,71.25,0.3112060546875,0.0
11451,75.0,0.30379638671875,0.0
11452,75.0,0.3112060546875,0.0
11453,71.25,0.326025390625,0.0
11454,75.0,0.326025390625,0.0
11455,71.25,0.3556640625,0.0
11456,75.0,0.3556640625,0.0
11457,71.25,0.41494140625,0.0
11458,75.0,0.41494140625,0.0
11459,71.25,0.47421875,0.0
11460,75.0,0.47421875,0.0
11461,71.25,0.5927734375,0.0
11462,75.0,0.5927734375,0.0
11463,71.25,0.7113281250000001,0.0
11464,75.0,0.7113281250000001,0.0
11465,71.25,0.9484375,0.0
11466,75.0,0.9484375,0.0
11467,71.25,1.42265625,0.0
11468,75.0,1.42265625,0.0
11469,71.25,1.896875,0.0
11470,75.0,1.896875,0.0
11471,71.25,2.37109375,0.0
11472,71.25,2.8453125,0.0
11473,75.0,2.37109375,0.0
11474,75.0,2.8453125,0.0
11475,71.25,3.31953125,0.0
11476,71.25,3.79375,0.0
11477,75.0,3.31953125,0.0
11478,75.0,3.79375,0.0
11479,71.25,4.26796875,0.0
11480,71.25,4.7421875,0.0
11481,75.0,4.26796875,0.0
11482,75.0,4.7421875,0.0
11483,71.25,5.21640625,0.0
11484,71.25,5.690625000000001,0.0
11485,75.0,5.21640625,0.0
11486,75.0,5.690625000000001,0.0
11487,71.25,6.164843750000001,0.0
11488,71.25,6.639062500000001,6734953.013400355
11489,75.0,6.164843750000001,0.0
11490,75.0,6.639062500000001,0.0
11491,71.25,7.11328125,10125672.73852637
11492,71.25,7.5875,23198564.736988876
11493,75.0,7.11328125,0.0
11494,75.0,7.5875,0.0
11495,63.75,8.06171875,84112539.73417227
11496,63.75,8.5359375,11364866.557879036
11497,67.5,8.06171875,70204212.47316903
11498,67.5,8.5359375,8288603.646125412
11499,63.75,9.01015625,15764358.20689089
11500,63.75,9.484375,40111430.075616926
11501,67.5,9.01015625,11444329.273010382
11502,67.5,9.484375,31859807.16268387
11503,63.75,9.95859375,7116790.296749382
11504,63.75,10.4328125,11854300.140709534
11505,67.5,9.95859375,2851283.7623446546
11506,67.5,10.4328125,9745768.260867003
11507,63.75,10.90703125,5505045.676502422
11508,63.75,11.38125,15121173.842427302
11509,67.5,10.90703125,4278478.214873408
11510,67.5,11.38125,9113566.684316609
11511,63.75,11.85546875,2383565.721344859
11512,63.75,12.3296875,5232855.932572933
11513,67.5,11.85546875,0.0
11514,67.5,12.3296875,0.0
11515,63.75,12.80390625,4729167.7973012915
11516,63.75,13.278125,11124186.400433281
11517,67.5,12.80390625,0.0
11518,67.5,13.278125,0.0
11519,63.75,13.75234375,1856749.4230579874
11520,63.75,14.2265625,1255310.4888827582
11521,67.5,13.75234375,0.0
11522,67.5,14.2265625,0.0
11523,63.75,14.70078125,7508537.278594077
11524,63.75,15.175,2712197.910033418
11525,67.5,14.70078125,0.0
11526,67.5,15.175,0.0
11527,71.25,8.06171875,35102106.236584514
11528,71.25,8.5359375,4144301.823062706
11529,75.0,8.06171875,0.0
11530,75.0,8.5359375,0.0
11531,71.25,9.01015625,5722164.636505191
11532,71.25,9.484375,15929903.581341935
11533,75.0,9.01015625,0.0
11534,75.0,9.484375,0.0
11535,71.25,9.95859375,1425641.8811723273
11536,71.25,10.4328125,4872884.130433502
11537,75.0,9.95859375,0.0
11538,75.0,10.4328125,0.0
11539,71.25,10.90703125,2139239.107436704
11540,71.25,11.38125,4556783.3421583045
11541,75.0,10.90703125,0.0
11542,75.0,11.38125,0.0
11543,71.25,11.85546875,0.0
11544,71.25,12.3296875,0.0
11545,75.0,11.85546875,0.0
11546,75.0,12.3296875,0.0
11547,71.25,12.80390625,0.0
11548,71.25,13.278125,0.0
11549,75.0,12.80390625,0.0
11550,75.0,13.278125,0.0
11551,71.25,13.75234375,0.0
11552,71.25,14.2265625,0.0
11553,75.0,13.75234375,0.0
11554,75.0,14.2265625,0.0
11555,71.25,14.70078125,0.0
11556,71.25,15.175,0.0
11557,75.0,14.70078125,0.0
11558,75.0,15.175,0.0
11559,78.75,0.0148193359375,0.0
11560,78.75,-0.0,0.0
11561,78.75,0.029638671875,0.0
11562,82.5,0.0148193359375,0.0
11563,82.5,-0.0,0.0
11564,82.5,0.029638671875,0.0
11565,78.75,0.04445800781250001,0.0
11566,78.75,0.05927734375,0.0
11567,82.5,0.04445800781250001,0.0
11568,82.5,0.05927734375,0.0
11569,78.75,0.0740966796875,0.0
11570,82.5,0.0740966796875,0.0
11571,78.75,0.08891601562500001,0.0
11572,82.5,0.08891601562500001,0.0
11573,78.75,0.09632568359375002,0.0
11574,78.75,0.1037353515625,0.0
11575,82.5,0.09632568359375002,0.0
11576,82.5,0.1037353515625,0.0
11577,78.75,0.11114501953125,0.0
11578,78.75,0.1185546875,0.0
11579,82.5,0.11114501953125,0.0
11580,82.5,0.1185546875,0.0
11581,78.75,0.12596435546875,0.0
11582,78.75,0.1333740234375,0.0
11583,82.5,0.12596435546875,0.0
11584,82.5,0.1333740234375,0.0
11585,78.75,0.14078369140625,0.0
11586,78.75,0.148193359375,0.0
11587,82.5,0.14078369140625,0.0
11588,82.5,0.148193359375,0.0
11589,78.75,0.15560302734375,0.0
11590,78.75,0.1630126953125,0.0
11591,82.5,0.15560302734375,0.0
11592,82.5,0.1630126953125,0.0
11593,78.75,0.17042236328125,0.0
11594,78.75,0.17783203125,0.0
11595,82.5,0.17042236328125,0.0
11596,82.5,0.17783203125,0.0
11597,78.75,0.18524169921875,0.0
11598,78.75,0.1926513671875,0.0
11599,82.5,0.18524169921875,0.0
11600,82.5,0.1926513671875,0.0
11601,78.75,0.207470703125,0.0
11602,82.5,0.207470703125,0.0
11603,78.75,0.21488037109375,0.0
11604,78.75,0.2222900390625,0.0
11605,82.5,0.21488037109375,0.0
11606,82.5,0.2222900390625,0.0
11607,78.75,0.22969970703125,0.0
11608,78.75,0.237109375,0.0
11609,82.5,0.22969970703125,0.0
11610,82.5,0.237109375,0.0
11611,78.75,0.24451904296875,0.0
11612,78.75,0.2519287109375,0.0
11613,82.5,0.24451904296875,0.0
11614,82.5,0.2519287109375,0.0
11615,78.75,0.25933837890625,0.0
11616,78.75,0.266748046875,0.0
11617,82.5,0.25933837890625,0.0
11618,82.5,0.266748046875,0.0
11619,78.75,0.27415771484375,0.0
11620,78.75,0.2815673828125,0.0
11621,82.5,0.27415771484375,0.0
11622,82.5,0.2815673828125,0.0
11623,78.75,0.28897705078125,0.0
11624,78.75,0.29638671875,0.0
11625,82.5,0.28897705078125,0.0
11626,82.5,0.29638671875,0.0
11627,78.75,0.30379638671875,0.0
11628,78.75,0.3112060546875,0.0
11629,82.5,0.30379638671875,0.0
11630,82.5,0.3112060546875,0.0
11631,78.75,0.326025390625,0.0
11632,82.5,0.326025390625,0.0
11633,78.75,0.3556640625,0.0
11634,82.5,0.3556640625,0.0
11635,78.75,0.41494140625,0.0
11636,82.5,0.41494140625,0.0
11637,78.75,0.47421875,0.0
11638,82.5,0.47421875,0.0
11639,78.75,0.5927734375,0.0
11640,82.5,0.5927734375,0.0
11641,78.75,0.7113281250000001,0.0
11642,82.5,0.7113281250000001,0.0
11643,78.75,0.9484375,0.0
11644,82.5,0.9484375,0.0
11645,78.75,1.42265625,0.0
11646,82.5,1.42265625,0.0
11647,78.75,1.896875,0.0
11648,82.5,1.896875,0.0
11649,78.75,2.37109375,0.0
11650,78.75,2.8453125,0.0
11651,82.5,2.37109375,0.0
11652,82.5,2.8453125,0.0
11653,78.75,3.31953125,0.0
11654,78.75,3.79375,0.0
11655,82.5,3.31953125,0.0
11656,82.5,3.79375,0.0
11657,78.75,4.26796875,0.0
11658,78.75,4.7421875,0.0
11659,82.5,4.26796875,0.0
11660,82.5,4.7421875,0.0
11661,78.75,5.21640625,0.0
11662,78.75,5.690625000000001,0.0
11663,82.5,5.21640625,0.0
11664,82.5,5.690625000000001,0.0
11665,78.75,6.164843750000001,0.0
11666,78.75,6.639062500000001,0.0
11667,82.5,6.164843750000001,0.0
11668,82.5,6.639062500000001,0.0
11669,78.75,7.11328125,0.0
11670,78.75,7.5875,0.0
11671,82.5,7.11328125,0.0
11672,82.5,7.5875,0.0
11673,86.25,0.0148193359375,0.0
11674,86.25,-0.0,0.0
11675,86.25,0.029638671875,0.0
11676,90.0,0.0148193359375,0.0
11677,90.0,-0.0,0.0
11678,90.0,0.029638671875,0.0
11679,86.25,0.04445800781250001,0.0
11680,86.25,0.05927734375,0.0
11681,90.0,0.04445800781250001,0.0
11682,90.0,0.05927734375,0.0
11683,86.25,0.0740966796875,0.0
11684,90.0,0.0740966796875,0.0
11685,86.25,0.08891601562500001,0.0
11686,90.0,0.08891601562500001,0.0
11687,86.25,0.09632568359375002,0.0
11688,86.25,0.1037353515625,0.0
11689,90.0,0.09632568359375002,0.0
11690,90.0,0.1037353515625,0.0
11691,86.25,0.11114501953125,0.0
11692,86.25,0.1185546875,0.0
11693,90.0,0.11114501953125,0.0
11694,90.0,0.1185546875,0.0
11695,86.25,0.12596435546875,0.0
11696,86.25,0.1333740234375,0.0
11697,90.0,0.12596435546875,0.0
11698,90.0,0.1333740234375,0.0
11699,86.25,0.14078369140625,0.0
11700,86.25,0.148193359375,0.0
11701,90.0,0.14078369140625,0.0
11702,90.0,0.148193359375,0.0
11703,86.25,0.15560302734375,0.0
11704,86.25,0.1630126953125,0.0
11705,90.0,0.15560302734375,0.0
11706,90.0,0.1630126953125,0.0
11707,86.25,0.17042236328125,0.0
11708,86.25,0.17783203125,0.0
11709,90.0,0.17042236328125,0.0
11710,90.0,0.17783203125,0.0
11711,86.25,0.18524169921875,0.0
11712,86.25,0.1926513671875,0.0
11713,90.0,0.18524169921875,0.0
11714,90.0,0.1926513671875,0.0
11715,86.25,0.207470703125,0.0
11716,90.0,0.207470703125,0.0
11717,86.25,0.21488037109375,0.0
11718,86.25,0.2222900390625,0.0
11719,90.0,0.21488037109375,0.0
11720,90.0,0.2222900390625,0.0
11721,86.25,0.22969970703125,0.0
11722,86.25,0.237109375,0.0
11723,90.0,0.22969970703125,0.0
11724,90.0,0.237109375,0.0
11725,86.25,0.24451904296875,0.0
11726,86.25,0.2519287109375,0.0
11727,90.0,0.24451904296875,0.0
11728,90.0,0.2519287109375,0.0
11729,86.25,0.25933837890625,0.0
11730,86.25,0.266748046875,0.0
11731,90.0,0.25933837890625,0.0
11732,90.0,0.266748046875,0.0
11733,86.25,0.27415771484375,0.0
11734,86.25,0.2815673828125,0.0
11735,90.0,0.27415771484375,0.0
11736,90.0,0.2815673828125,0.0
11737,86.25,0.28897705078125,0.0
11738,86.25,0.29638671875,0.0
11739,90.0,0.28897705078125,0.0
11740,90.0,0.29638671875,0.0
11741,86.25,0.30379638671875,0.0
11742,86.25,0.3112060546875,0.0
11743,90.0,0.30379638671875,0.0
11744,90.0,0.3112060546875,0.0
11745,86.25,0.326025390625,0.0
11746,90.0,0.326025390625,0.0
11747,86.25,0.3556640625,0.0
11748,90.0,0.3556640625,0.0
11749,86.25,0.41494140625,0.0
11750,90.0,0.41494140625,0.0
11751,86.25,0.47421875,0.0
11752,90.0,0.47421875,0.0
11753,86.25,0.5927734375,0.0
11754,90.0,0.5927734375,0.0
11755,86.25,0.7113281250000001,0.0
11756,90.0,0.7113281250000001,0.0
11757,86.25,0.9484375,0.0
11758,90.0,0.9484375,0.0
11759,86.25,1.42265625,0.0
11760,90.0,1.42265625,0.0
11761,86.25,1.896875,0.0
11762,90.0,1.896875,0.0
11763,86.25,2.37109375,0.0
11764,86.25,2.8453125,0.0
11765,90.0,2.37109375,0.0
11766,90.0,2.8453125,0.0
11767,86.25,3.31953125,0.0
11768,86.25,3.79375,0.0
11769,90.0,3.31953125,0.0
11770,90.0,3.79375,0.0
11771,86.25,4.26796875,0.0
11772,86.25,4.7421875,0.0
11773,90.0,4.26796875,0.0
11774,90.0,4.7421875,0.0
11775,86.25,5.21640625,0.0
11776,86.25,5.690625000000001,0.0
11777,90.0,5.21640625,0.0
11778,90.0,5.690625000000001,0.0
11779,86.25,6.164843750000001,0.0
11780,86.25,6.639062500000001,0.0
11781,90.0,6.164843750000001,0.0
11782,90.0,6.639062500000001,0.0
11783,86.25,7.11328125,0.0
11784,86.25,7.5875,0.0
11785,90.0,7.11328125,0.0
11786,90.0,7.5875,0.0
11787,78.75,8.06171875,0.0
11788,78.75,8.5359375,0.0
11789,82.5,8.06171875,0.0
11790,82.5,8.5359375,0.0
11791,78.75,9.01015625,0.0
11792,78.75,9.484375,0.0
11793,82.5,9.01015625,0.0
11794,82.5,9.484375,0.0
11795,78.75,9.95859375,0.0
11796,78.75,10.4328125,0.0
11797,82.5,9.95859375,0.0
11798,82.5,10.4328125,0.0
11799,78.75,10.90703125,0.0
11800,78.75,11.38125,0.0
11801,82.5,10.90703125,0.0
11802,82.5,11.38125,0.0
11803,78.75,11.85546875,0.0
11804,78.75,12.3296875,0.0
11805,82.5,11.85546875,0.0
11806,82.5,12.3296875,0.0
11807,78.75,12.80390625,0.0
11808,78.75,13.278125,0.0
11809,82.5,12.80390625,0.0
11810,82.5,13.278125,0.0
11811,78.75,13.75234375,0.0
11812,78.75,14.2265625,0.0
11813,82.5,13.75234375,0.0
11814,82.5,14.2265625,0.0
11815,78.75,14.70078125,0.0
11816,78.75,15.175,0.0
11817,82.5,14.70078125,0.0
11818,82.5,15.175,0.0
11819,86.25,8.06171875,0.0
11820,86.25,8.5359375,0.0
11821,90.0,8.06171875,0.0
11822,90.0,8.5359375,0.0
11823,86.25,9.01015625,0.0
11824,86.25,9.484375,0.0
11825,90.0,9.01015625,0.0
11826,90.0,9.484375,0.0
11827,86.25,9.95859375,0.0
11828,86.25,10.4328125,0.0
11829,90.0,9.95859375,0.0
11830,90.0,10.4328125,0.0
11831,86.25,10.90703125,0.0
11832,86.25,11.38125,0.0
11833,90.0,10.90703125,0.0
11834,90.0,11.38125,0.0
11835,86.25,11.85546875,0.0
11836,86.25,12.3296875,0.0
11837,90.0,11.85546875,0.0
11838,90.0,12.3296875,0.0
11839,86.25,12.80390625,0.0
11840,86.25,13.278125,0.0
11841,90.0,12.80390625,0.0
11842,90.0,13.278125,0.0
11843,86.25,13.75234375,0.0
11844,86.25,14.2265625,0.0
11845,90.0,13.75234375,0.0
11846,90.0,14.2265625,0.0
11847,86.25,14.70078125,0.0
11848,86.25,15.175,0.0
11849,90.0,14.70078125,0.0
11850,90.0,15.175,0.0
11851,63.75,15.64921875,3989262.083866525
11852,63.75,16.1234375,4322593.904467487
11853,67.5,15.64921875,0.0
11854,67.5,16.1234375,0.0
11855,63.75,16.59765625,2595308.7294807173
11856,63.75,17.071875,3374692.4336809088
11857,67.5,16.59765625,0.0
11858,67.5,17.071875,0.0
11859,63.75,17.54609375,3356159.9382254006
11860,63.75,18.0203125,2382355.5818477543
11861,67.5,17.54609375,0.0
11862,67.5,18.0203125,0.0
11863,63.75,18.49453125,5000225.124209281
11864,63.75,18.96875,255401.54189899308
11865,67.5,18.49453125,0.0
11866,67.5,18.96875,0.0
11867,63.75,19.44296875,1753120.8826539684
11868,63.75,19.9171875,520424.50390516396
11869,67.5,19.44296875,0.0
11870,67.5,19.9171875,0.0
11871,63.75,20.39140625,443505.65221228707
11872,63.75,20.865625,2365245.626076856
11873,67.5,20.39140625,0.0
11874,67.5,20.865625,0.0
11875,63.75,21.33984375,2776364.1975065945
11876,63.75,21.8140625,1277622.2344653187
11877,67.5,21.33984375,0.0
11878,67.5,21.8140625,0.0
11879,63.75,22.28828125,350707.0841873988
11880,63.75,22.7625,4940573.059758805
11881,67.5,22.28828125,0.0
11882,67.5,22.7625,0.0
11883,71.25,15.64921875,0.0
11884,71.25,16.1234375,0.0
11885,75.0,15.64921875,0.0
11886,75.0,16.1234375,0.0
11887,71.25,16.59765625,0.0
11888,71.25,17.071875,0.0
11889,75.0,16.59765625,0.0
11890,75.0,17.071875,0.0
11891,71.25,17.54609375,0.0
11892,71.25,18.0203125,0.0
11893,75.0,17.54609375,0.0
11894,75.0,18.0203125,0.0
11895,71.25,18.49453125,0.0
11896,71.25,18.96875,0.0
11897,75.0,18.49453125,0.0
11898,75.0,18.96875,0.0
11899,71.25,19.44296875,0.0
11900,71.25,19.9171875,0.0
11901,75.0,19.44296875,0.0
11902,75.0,19.9171875,0.0
11903,71.25,20.39140625,0.0
11904,71.25,20.865625,0.0
11905,75.0,20.39140625,0.0
11906,75.0,20.865625,0.0
11907,71.25,21.33984375,0.0
11908,71.25,21.8140625,0.0
11909,75.0,21.33984375,0.0
11910,75.0,21.8140625,0.0
11911,71.25,22.28828125,0.0
11912,71.25,22.7625,0.0
11913,75.0,22.28828125,0.0
11914,75.0,22.7625,0.0
11915,63.75,23.23671875,5307846.778919501
11916,63.75,23.7109375,3169644.04481025
11917,67.5,23.23671875,0.0
11918,67.5,23.7109375,0.0
11919,63.75,24.18515625000001,4583686.9374903925
11920,63.75,24.659375,4258413.147835019
11921,67.5,24.18515625000001,0.0
11922,67.5,24.659375,0.0
11923,63.75,25.13359375,1308234.928254814
11924,63.75,25.6078125,1723423.881522685
11925,67.5,25.13359375,0.0
11926,67.5,25.6078125,0.0
11927,63.75,26.08203125,5742509.843260116
11928,63.75,26.55625,570327.3416379348
11929,67.5,26.08203125,0.0
11930,67.5,26.55625,0.0
11931,63.75,27.03046875,1608288.575563657
11932,63.75,27.5046875,7311564.25677702
11933,67.5,27.03046875,0.0
11934,67.5,27.5046875,0.0
11935,63.75,27.97890625,6390106.509531722
11936,63.75,28.453125,23772888.203369595
11937,67.5,27.97890625,0.0
11938,67.5,28.453125,16054942.306866433
11939,63.75,28.92734375,38087014.71215214
11940,63.75,29.4015625,9922961.916174171
11941,67.5,28.92734375,27266154.752858233
11942,67.5,29.4015625,2302376.5950342757
11943,63.75,29.87578125,6130077.02784516
11944,63.75,30.35,7398365.719182132
11945,67.5,29.87578125,1655570.92665547
11946,67.5,30.35,1035843.6140954586
11947,71.25,23.23671875,0.0
11948,71.25,23.7109375,0.0
11949,75.0,23.23671875,0.0
11950,75.0,23.7109375,0.0
11951,71.25,24.18515625000001,0.0
11952,71.25,24.659375,0.0
11953,75.0,24.18515625000001,0.0
11954,75.0,24.659375,0.0
11955,71.25,25.13359375,0.0
11956,71.25,25.6078125,0.0
11957,75.0,25.13359375,0.0
11958,75.0,25.6078125,0.0
11959,71.25,26.08203125,0.0
11960,71.25,26.55625,0.0
11961,75.0,26.08203125,0.0
11962,75.0,26.55625,0.0
11963,71.25,27.03046875,0.0
11964,71.25,27.5046875,0.0
11965,75.0,27.03046875,0.0
11966,75.0,27.5046875,0.0
11967,71.25,27.97890625,0.0
11968,71.25,28.453125,8027471.153433217
11969,75.0,27.97890625,0.0
11970,75.0,28.453125,0.0
11971,71.25,28.92734375,13633077.376429116
11972,71.25,29.4015625,1151188.2975171378
11973,75.0,28.92734375,0.0
11974,75.0,29.4015625,0.0
11975,71.25,29.87578125,827785.463327735
11976,71.25,30.35,517921.8070477293
11977,75.0,29.87578125,0.0
11978,75.0,30.35,0.0
11979,78.75,15.64921875,0.0
11980,78.75,16.1234375,0.0
11981,82.5,15.64921875,0.0
11982,82.5,16.1234375,0.0
11983,78.75,16.59765625,0.0
11984,78.75,17.071875,0.0
11985,82.5,16.59765625,0.0
11986,82.5,17.071875,0.0
11987,78.75,17.54609375,0.0
11988,78.75,18.0203125,0.0
11989,82.5,17.54609375,0.0
11990,82.5,18.0203125,0.0
11991,78.75,18.49453125,0.0
11992,78.75,18.96875,2365732.952075072
11993,82.5,18.49453125,0.0
11994,82.5,18.96875,4731465.904150144
11995,78.75,19.44296875,0.0
11996,78.75,19.9171875,0.0
11997,82.5,19.44296875,0.0
11998,82.5,19.9171875,0.0
11999,78.75,20.39140625,0.0
12000,78.75,20.865625,0.0
12001,82.5,20.39140625,0.0
12002,82.5,20.865625,0.0
12003,78.75,21.33984375,0.0
12004,78.75,21.8140625,0.0
12005,82.5,21.33984375,0.0
12006,82.5,21.8140625,0.0
12007,78.75,22.28828125,0.0
12008,78.75,22.7625,0.0
12009,82.5,22.28828125,0.0
12010,82.5,22.7625,0.0
12011,86.25,15.64921875,0.0
12012,86.25,16.1234375,0.0
12013,90.0,15.64921875,0.0
12014,90.0,16.1234375,0.0
12015,86.25,16.59765625,0.0
12016,86.25,17.071875,0.0
12017,90.0,16.59765625,0.0
12018,90.0,17.071875,0.0
12019,86.25,17.54609375,0.0
12020,86.25,18.0203125,0.0
12021,90.0,17.54609375,0.0
12022,90.0,18.0203125,0.0
12023,86.25,18.49453125,0.0
12024,86.25,18.96875,0.0
12025,90.0,18.49453125,0.0
12026,90.0,18.96875,0.0
12027,86.25,19.44296875,0.0
12028,86.25,19.9171875,0.0
12029,90.0,19.44296875,0.0
12030,90.0,19.9171875,0.0
12031,86.25,20.39140625,0.0
12032,86.25,20.865625,0.0
12033,90.0,20.39140625,0.0
12034,90.0,20.865625,0.0
12035,86.25,21.33984375,0.0
12036,86.25,21.8140625,0.0
12037,90.0,21.33984375,0.0
12038,90.0,21.8140625,0.0
12039,86.25,22.28828125,0.0
12040,86.25,22.7625,0.0
12041,90.0,22.28828125,0.0
12042,90.0,22.7625,0.0
12043,78.75,23.23671875,0.0
12044,78.75,23.7109375,0.0
12045,82.5,23.23671875,0.0
12046,82.5,23.7109375,0.0
12047,78.75,24.18515625000001,0.0
12048,78.75,24.659375,0.0
12049,82.5,24.18515625000001,0.0
12050,82.5,24.659375,0.0
12051,78.75,25.13359375,0.0
12052,78.75,25.6078125,0.0
12053,82.5,25.13359375,0.0
12054,82.5,25.6078125,0.0
12055,78.75,26.08203125,0.0
12056,78.75,26.55625,0.0
12057,82.5,26.08203125,0.0
12058,82.5,26.55625,0.0
12059,78.75,27.03046875,0.0
12060,78.75,27.5046875,0.0
12061,82.5,27.03046875,0.0
12062,82.5,27.5046875,0.0
12063,78.75,27.97890625,0.0
12064,78.75,28.453125,0.0
12065,82.5,27.97890625,0.0
12066,82.5,28.453125,0.0
12067,78.75,28.92734375,0.0
12068,78.75,29.4015625,0.0
12069,82.5,28.92734375,0.0
12070,82.5,29.4015625,0.0
12071,78.75,29.87578125,0.0
12072,78.75,30.35,0.0
12073,82.5,29.87578125,0.0
12074,82.5,30.35,0.0
12075,86.25,23.23671875,0.0
12076,86.25,23.7109375,0.0
12077,90.0,23.23671875,0.0
12078,90.0,23.7109375,0.0
12079,86.25,24.18515625000001,0.0
12080,86.25,24.659375,0.0
12081,90.0,24.18515625000001,0.0
12082,90.0,24.659375,0.0
12083,86.25,25.13359375,0.0
12084,86.25,25.6078125,0.0
12085,90.0,25.13359375,0.0
12086,90.0,25.6078125,0.0
12087,86.25,26.08203125,0.0
12088,86.25,26.55625,0.0
12089,90.0,26.08203125,0.0
12090,90.0,26.55625,0.0
12091,86.25,27.03046875,0.0
12092,86.25,27.5046875,0.0
12093,90.0,27.03046875,0.0
12094,90.0,27.5046875,0.0
12095,86.25,27.97890625,0.0
12096,86.25,28.453125,0.0
12097,90.0,27.97890625,0.0
12098,90.0,28.453125,0.0
12099,86.25,28.92734375,0.0
12100,86.25,29.4015625,0.0
12101,90.0,28.92734375,0.0
12102,90.0,29.4015625,0.0
12103,86.25,29.87578125,0.0
12104,86.25,30.35,0.0
12105,90.0,29.87578125,0.0
12106,90.0,30.35,0.0
12107,93.75,0.0148193359375,0.0
12108,93.75,-0.0,0.0
12109,93.75,0.029638671875,0.0
12110,97.5,0.0148193359375,0.0
12111,97.5,-0.0,0.0
12112,97.5,0.029638671875,0.0
12113,93.75,0.04445800781250001,0.0
12114,93.75,0.05927734375,0.0
12115,97.5,0.04445800781250001,0.0
12116,97.5,0.05927734375,0.0
12117,93.75,0.0740966796875,0.0
12118,97.5,0.0740966796875,0.0
12119,93.75,0.08891601562500001,0.0
12120,97.5,0.08891601562500001,0.0
12121,93.75,0.09632568359375002,0.0
12122,93.75,0.1037353515625,0.0
12123,97.5,0.09632568359375002,0.0
12124,97.5,0.1037353515625,0.0
12125,93.75,0.11114501953125,0.0
12126,93.75,0.1185546875,0.0
12127,97.5,0.11114501953125,0.0
12128,97.5,0.1185546875,0.0
12129,93.75,0.12596435546875,0.0
12130,93.75,0.1333740234375,0.0
12131,97.5,0.12596435546875,0.0
12132,97.5,0.1333740234375,0.0
12133,93.75,0.14078369140625,0.0
12134,93.75,0.148193359375,0.0
12135,97.5,0.14078369140625,0.0
12136,97.5,0.148193359375,0.0
12137,93.75,0.15560302734375,0.0
12138,93.75,0.1630126953125,0.0
12139,97.5,0.15560302734375,0.0
12140,97.5,0.1630126953125,0.0
12141,93.75,0.17042236328125,0.0
12142,93.75,0.17783203125,0.0
12143,97.5,0.17042236328125,0.0
12144,97.5,0.17783203125,0.0
12145,93.75,0.18524169921875,0.0
12146,93.75,0.1926513671875,0.0
12147,97.5,0.18524169921875,0.0
12148,97.5,0.1926513671875,0.0
12149,93.75,0.207470703125,0.0
12150,97.5,0.207470703125,0.0
12151,93.75,0.21488037109375,0.0
12152,93.75,0.2222900390625,0.0
12153,97.5,0.21488037109375,0.0
12154,97.5,0.2222900390625,0.0
12155,93.75,0.22969970703125,0.0
12156,93.75,0.237109375,0.0
12157,97.5,0.22969970703125,0.0
12158,97.5,0.237109375,0.0
12159,93.75,0.24451904296875,0.0
12160,93.75,0.2519287109375,0.0
12161,97.5,0.24451904296875,0.0
12162,97.5,0.2519287109375,0.0
12163,93.75,0.25933837890625,0.0
12164,93.75,0.266748046875,0.0
12165,97.5,0.25933837890625,0.0
12166,97.5,0.266748046875,0.0
12167,93.75,0.27415771484375,0.0
12168,93.75,0.2815673828125,0.0
12169,97.5,0.27415771484375,0.0
12170,97.5,0.2815673828125,0.0
12171,93.75,0.28897705078125,0.0
12172,93.75,0.29638671875,0.0
12173,97.5,0.28897705078125,0.0
12174,97.5,0.29638671875,0.0
12175,93.75,0.30379638671875,0.0
12176,93.75,0.3112060546875,0.0
12177,97.5,0.30379638671875,0.0
12178,97.5,0.3112060546875,0.0
12179,93.75,0.326025390625,0.0
12180,97.5,0.326025390625,0.0
12181,93.75,0.3556640625,0.0
12182,97.5,0.3556640625,0.0
12183,93.75,0.41494140625,0.0
12184,97.5,0.41494140625,0.0
12185,93.75,0.47421875,0.0
12186,97.5,0.47421875,0.0
12187,93.75,0.5927734375,0.0
12188,97.5,0.5927734375,0.0
12189,93.75,0.7113281250000001,0.0
12190,97.5,0.7113281250000001,0.0
12191,93.75,0.9484375,0.0
12192,97.5,0.9484375,0.0
12193,93.75,1.42265625,0.0
12194,97.5,1.42265625,0.0
12195,93.75,1.896875,0.0
12196,97.5,1.896875,0.0
12197,93.75,2.37109375,0.0
12198,93.75,2.8453125,0.0
12199,97.5,2.37109375,0.0
12200,97.5,2.8453125,0.0
12201,93.75,3.31953125,0.0
12202,93.75,3.79375,0.0
12203,97.5,3.31953125,0.0
12204,97.5,3.79375,0.0
12205,93.75,4.26796875,0.0
12206,93.75,4.7421875,0.0
12207,97.5,4.26796875,0.0
12208,97.5,4.7421875,0.0
12209,93.75,5.21640625,0.0
12210,93.75,5.690625000000001,0.0
12211,97.5,5.21640625,0.0
12212,97.5,5.690625000000001,0.0
12213,93.75,6.164843750000001,0.0
12214,93.75,6.639062500000001,0.0
12215,97.5,6.164843750000001,0.0
12216,97.5,6.639062500000001,0.0
12217,93.75,7.11328125,0.0
12218,93.75,7.5875,0.0
12219,97.5,7.11328125,0.0
12220,97.5,7.5875,0.0
12221,101.25,0.0148193359375,0.0
12222,101.25,-0.0,0.0
12223,101.25,0.029638671875,0.0
12224,105.0,0.0148193359375,0.0
12225,105.0,-0.0,0.0
12226,105.0,0.029638671875,0.0
12227,101.25,0.04445800781250001,0.0
12228,101.25,0.05927734375,0.0
12229,105.0,0.04445800781250001,0.0
12230,105.0,0.05927734375,0.0
12231,101.25,0.0740966796875,0.0
12232,105.0,0.0740966796875,0.0
12233,101.25,0.08891601562500001,0.0
12234,105.0,0.08891601562500001,0.0
12235,101.25,0.09632568359375002,0.0
12236,101.25,0.1037353515625,0.0
12237,105.0,0.09632568359375002,0.0
12238,105.0,0.1037353515625,0.0
12239,101.25,0.11114501953125,0.0
12240,101.25,0.1185546875,0.0
12241,105.0,0.11114501953125,0.0
12242,105.0,0.1185546875,0.0
12243,101.25,0.12596435546875,0.0
12244,101.25,0.1333740234375,0.0
12245,105.0,0.12596435546875,0.0
12246,105.0,0.1333740234375,0.0
12247,101.25,0.14078369140625,0.0
12248,101.25,0.148193359375,0.0
12249,105.0,0.14078369140625,0.0
12250,105.0,0.148193359375,0.0
12251,101.25,0.15560302734375,0.0
12252,101.25,0.1630126953125,0.0
12253,105.0,0.15560302734375,0.0
12254,105.0,0.1630126953125,0.0
12255,101.25,0.17042236328125,0.0
12256,101.25,0.17783203125,0.0
12257,105.0,0.17042236328125,0.0
12258,105.0,0.17783203125,0.0
12259,101.25,0.18524169921875,0.0
12260,101.25,0.1926513671875,0.0
12261,105.0,0.18524169921875,0.0
12262,105.0,0.1926513671875,0.0
12263,101.25,0.207470703125,0.0
12264,105.0,0.207470703125,0.0
12265,101.25,0.21488037109375,0.0
12266,101.25,0.2222900390625,0.0
12267,105.0,0.21488037109375,0.0
12268,105.0,0.2222900390625,0.0
12269,101.25,0.22969970703125,0.0
12270,101.25,0.237109375,0.0
12271,105.0,0.22969970703125,0.0
12272,105.0,0.237109375,0.0
12273,101.25,0.24451904296875,0.0
12274,101.25,0.2519287109375,0.0
12275,105.0,0.24451904296875,0.0
12276,105.0,0.2519287109375,0.0
12277,101.25,0.25933837890625,0.0
12278,101.25,0.266748046875,0.0
12279,105.0,0.25933837890625,0.0
12280,105.0,0.266748046875,0.0
12281,101.25,0.27415771484375,0.0
12282,101.25,0.2815673828125,0.0
12283,105.0,0.27415771484375,0.0
12284,105.0,0.2815673828125,0.0
12285,101.25,0.28897705078125,0.0
12286,101.25,0.29638671875,0.0
12287,105.0,0.28897705078125,0.0
12288,105.0,0.29638671875,0.0
12289,101.25,0.30379638671875,0.0
12290,101.25,0.3112060546875,0.0
12291,105.0,0.30379638671875,0.0
12292,105.0,0.3112060546875,0.0
12293,101.25,0.326025390625,0.0
12294,105.0,0.326025390625,0.0
12295,101.25,0.3556640625,0.0
12296,105.0,0.3556640625,0.0
12297,101.25,0.41494140625,0.0
12298,105.0,0.41494140625,0.0
12299,101.25,0.47421875,0.0
12300,105.0,0.47421875,0.0
12301,101.25,0.5927734375,0.0
12302,105.0,0.5927734375,0.0
12303,101.25,0.7113281250000001,0.0
12304,105.0,0.7113281250000001,0.0
12305,101.25,0.9484375,0.0
12306,105.0,0.9484375,0.0
12307,101.25,1.42265625,0.0
12308,105.0,1.42265625,0.0
12309,101.25,1.896875,0.0
12310,105.0,1.896875,0.0
12311,101.25,2.37109375,0.0
12312,101.25,2.8453125,0.0
12313,105.0,2.37109375,0.0
12314,105.0,2.8453125,0.0
12315,101.25,3.31953125,0.0
12316,101.25,3.79375,0.0
12317,105.0,3.31953125,0.0
12318,105.0,3.79375,0.0
12319,101.25,4.26796875,0.0
12320,101.25,4.7421875,0.0
12321,105.0,4.26796875,0.0
12322,105.0,4.7421875,0.0
12323,101.25,5.21640625,0.0
12324,101.25,5.690625000000001,0.0
12325,105.0,5.21640625,0.0
12326,105.0,5.690625000000001,0.0
12327,101.25,6.164843750000001,0.0
12328,101.25,6.639062500000001,0.0
12329,105.0,6.164843750000001,0.0
12330,105.0,6.639062500000001,0.0
12331,101.25,7.11328125,0.0
12332,101.25,7.5875,0.0
12333,105.0,7.11328125,0.0
12334,105.0,7.5875,0.0
12335,93.75,8.06171875,0.0
12336,93.75,8.5359375,0.0
12337,97.5,8.06171875,0.0
12338,97.5,8.5359375,0.0
12339,93.75,9.01015625,0.0
12340,93.75,9.484375,0.0
12341,97.5,9.01015625,0.0
12342,97.5,9.484375,0.0
12343,93.75,9.95859375,0.0
12344,93.75,10.4328125,0.0
12345,97.5,9.95859375,0.0
12346,97.5,10.4328125,0.0
12347,93.75,10.90703125,0.0
12348,93.75,11.38125,0.0
12349,97.5,10.90703125,0.0
12350,97.5,11.38125,0.0
12351,93.75,11.85546875,0.0
12352,93.75,12.3296875,0.0
12353,97.5,11.85546875,0.0
12354,97.5,12.3296875,0.0
12355,93.75,12.80390625,0.0
12356,93.75,13.278125,0.0
12357,97.5,12.80390625,0.0
12358,97.5,13.278125,0.0
12359,93.75,13.75234375,0.0
12360,93.75,14.2265625,0.0
12361,97.5,13.75234375,0.0
12362,97.5,14.2265625,0.0
12363,93.75,14.70078125,0.0
12364,93.75,15.175,0.0
12365,97.5,14.70078125,0.0
12366,97.5,15.175,0.0
12367,101.25,8.06171875,0.0
12368,101.25,8.5359375,0.0
12369,105.0,8.06171875,0.0
12370,105.0,8.5359375,0.0
12371,101.25,9.01015625,0.0
12372,101.25,9.484375,0.0
12373,105.0,9.01015625,0.0
12374,105.0,9.484375,0.0
12375,101.25,9.95859375,0.0
12376,101.25,10.4328125,0.0
12377,105.0,9.95859375,0.0
12378,105.0,10.4328125,0.0
12379,101.25,10.90703125,0.0
12380,101.25,11.38125,0.0
12381,105.0,10.90703125,0.0
12382,105.0,11.38125,0.0
12383,101.25,11.85546875,0.0
12384,101.25,12.3296875,0.0
12385,105.0,11.85546875,0.0
12386,105.0,12.3296875,0.0
12387,101.25,12.80390625,0.0
12388,101.25,13.278125,0.0
12389,105.0,12.80390625,0.0
12390,105.0,13.278125,0.0
12391,101.25,13.75234375,0.0
12392,101.25,14.2265625,0.0
12393,105.0,13.75234375,0.0
12394,105.0,14.2265625,0.0
12395,101.25,14.70078125,0.0
12396,101.25,15.175,0.0
12397,105.0,14.70078125,0.0
12398,105.0,15.175,0.0
12399,93.75,15.64921875,0.0
12400,93.75,16.1234375,0.0
12401,97.5,15.64921875,0.0
12402,97.5,16.1234375,0.0
12403,93.75,16.59765625,0.0
12404,93.75,17.071875,0.0
12405,97.5,16.59765625,0.0
12406,97.5,17.071875,0.0
12407,93.75,17.54609375,0.0
12408,93.75,18.0203125,0.0
12409,97.5,17.54609375,0.0
12410,97.5,18.0203125,0.0
12411,93.75,18.49453125,0.0
12412,93.75,18.96875,0.0
12413,97.5,18.49453125,0.0
12414,97.5,18.96875,0.0
12415,93.75,19.44296875,0.0
12416,93.75,19.9171875,0.0
12417,97.5,19.44296875,0.0
12418,97.5,19.9171875,0.0
12419,93.75,20.39140625,0.0
12420,93.75,20.865625,0.0
12421,97.5,20.39140625,0.0
12422,97.5,20.865625,0.0
12423,93.75,21.33984375,0.0
12424,93.75,21.8140625,0.0
12425,97.5,21.33984375,0.0
12426,97.5,21.8140625,0.0
12427,93.75,22.28828125,0.0
12428,93.75,22.7625,0.0
12429,97.5,22.28828125,0.0
12430,97.5,22.7625,0.0
12431,101.25,15.64921875,0.0
12432,101.25,16.1234375,0.0
12433,105.0,15.64921875,0.0
12434,105.0,16.1234375,0.0
12435,101.25,16.59765625,0.0
12436,101.25,17.071875,0.0
12437,105.0,16.59765625,0.0
12438,105.0,17.071875,0.0
12439,101.25,17.54609375,0.0
12440,101.25,18.0203125,0.0
12441,105.0,17.54609375,0.0
12442,105.0,18.0203125,0.0
12443,101.25,18.49453125,0.0
12444,101.25,18.96875,0.0
12445,105.0,18.49453125,0.0
12446,105.0,18.96875,0.0
12447,101.25,19.44296875,0.0
12448,101.25,19.9171875,0.0
12449,105.0,19.44296875,0.0
12450,105.0,19.9171875,0.0
12451,101.25,20.39140625,0.0
12452,101.25,20.865625,0.0
12453,105.0,20.39140625,0.0
12454,105.0,20.865625,0.0
12455,101.25,21.33984375,0.0
12456,101.25,21.8140625,0.0
12457,105.0,21.33984375,0.0
12458,105.0,21.8140625,0.0
12459,101.25,22.28828125,0.0
12460,101.25,22.7625,0.0
12461,105.0,22.28828125,0.0
12462,105.0,22.7625,0.0
12463,93.75,23.23671875,0.0
12464,93.75,23.7109375,0.0
12465,97.5,23.23671875,0.0
12466,97.5,23.7109375,0.0
12467,93.75,24.18515625000001,0.0
12468,93.75,24.659375,0.0
12469,97.5,24.18515625000001,0.0
12470,97.5,24.659375,0.0
12471,93.75,25.13359375,0.0
12472,93.75,25.6078125,0.0
12473,97.5,25.13359375,0.0
12474,97.5,25.6078125,0.0
12475,93.75,26.08203125,0.0
12476,93.75,26.55625,0.0
12477,97.5,26.08203125,0.0
12478,97.5,26.55625,0.0
12479,93.75,27.03046875,0.0
12480,93.75,27.5046875,0.0
12481,97.5,27.03046875,0.0
12482,97.5,27.5046875,0.0
12483,93.75,27.97890625,0.0
12484,93.75,28.453125,0.0
12485,97.5,27.97890625,0.0
12486,97.5,28.453125,0.0
12487,93.75,28.92734375,0.0
12488,93.75,29.4015625,0.0
12489,97.5,28.92734375,0.0
12490,97.5,29.4015625,0.0
12491,93.75,29.87578125,0.0
12492,93.75,30.35,0.0
12493,97.5,29.87578125,0.0
12494,97.5,30.35,0.0
12495,101.25,23.23671875,0.0
12496,101.25,23.7109375,0.0
12497,105.0,23.23671875,0.0
12498,105.0,23.7109375,0.0
12499,101.25,24.18515625000001,0.0
12500,101.25,24.659375,0.0
12501,105.0,24.18515625000001,0.0
12502,105.0,24.659375,0.0
12503,101.25,25.13359375,0.0
12504,101.25,25.6078125,0.0
12505,105.0,25.13359375,0.0
12506,105.0,25.6078125,0.0
12507,101.25,26.08203125,0.0
12508,101.25,26.55625,0.0
12509,105.0,26.08203125,0.0
12510,105.0,26.55625,0.0
12511,101.25,27.03046875,0.0
12512,101.25,27.5046875,0.0
12513,105.0,27.03046875,0.0
12514,105.0,27.5046875,0.0
12515,101.25,27.97890625,0.0
12516,101.25,28.453125,0.0
12517,105.0,27.97890625,0.0
12518,105.0,28.453125,0.0
12519,101.25,28.92734375,0.0
12520,101.25,29.4015625,0.0
12521,105.0,28.92734375,0.0
12522,105.0,29.4015625,0.0
12523,101.25,29.87578125,0.0
12524,101.25,30.35,0.0
12525,105.0,29.87578125,0.0
12526,105.0,30.35,0.0
12527,108.75,0.0148193359375,0.0
12528,108.75,-0.0,0.0
12529,108.75,0.029638671875,0.0
12530,112.5,0.0148193359375,0.0
12531,112.5,-0.0,0.0
12532,112.5,0.029638671875,0.0
12533,108.75,0.04445800781250001,0.0
12534,108.75,0.05927734375,0.0
12535,112.5,0.04445800781250001,0.0
12536,112.5,0.05927734375,0.0
12537,108.75,0.0740966796875,0.0
12538,112.5,0.0740966796875,0.0
12539,108.75,0.08891601562500001,0.0
12540,112.5,0.08891601562500001,0.0
12541,108.75,0.09632568359375002,0.0
12542,108.75,0.1037353515625,0.0
12543,112.5,0.09632568359375002,0.0
12544,112.5,0.1037353515625,0.0
12545,108.75,0.11114501953125,0.0
12546,108.75,0.1185546875,0.0
12547,112.5,0.11114501953125,0.0
12548,112.5,0.1185546875,0.0
12549,108.75,0.12596435546875,0.0
12550,108.75,0.1333740234375,0.0
12551,112.5,0.12596435546875,0.0
12552,112.5,0.1333740234375,0.0
12553,108.75,0.14078369140625,0.0
12554,108.75,0.148193359375,0.0
12555,112.5,0.14078369140625,0.0
12556,112.5,0.148193359375,0.0
12557,108.75,0.15560302734375,0.0
12558,108.75,0.1630126953125,0.0
12559,112.5,0.15560302734375,0.0
12560,112.5,0.1630126953125,0.0
12561,108.75,0.17042236328125,0.0
12562,108.75,0.17783203125,0.0
12563,112.5,0.17042236328125,0.0
12564,112.5,0.17783203125,0.0
12565,108.75,0.18524169921875,0.0
12566,108.75,0.1926513671875,0.0
12567,112.5,0.18524169921875,0.0
12568,112.5,0.1926513671875,0.0
12569,108.75,0.207470703125,0.0
12570,112.5,0.207470703125,0.0
12571,108.75,0.21488037109375,0.0
12572,108.75,0.2222900390625,0.0
12573,112.5,0.21488037109375,0.0
12574,112.5,0.2222900390625,0.0
12575,108.75,0.22969970703125,0.0
12576,108.75,0.237109375,0.0
12577,112.5,0.22969970703125,0.0
12578,112.5,0.237109375,0.0
12579,108.75,0.24451904296875,0.0
12580,108.75,0.2519287109375,0.0
12581,112.5,0.24451904296875,0.0
12582,112.5,0.2519287109375,0.0
12583,108.75,0.25933837890625,0.0
12584,108.75,0.266748046875,0.0
12585,112.5,0.25933837890625,0.0
12586,112.5,0.266748046875,0.0
12587,108.75,0.27415771484375,0.0
12588,108.75,0.2815673828125,0.0
12589,112.5,0.27415771484375,0.0
12590,112.5,0.2815673828125,0.0
12591,108.75,0.28897705078125,0.0
12592,108.75,0.29638671875,0.0
12593,112.5,0.28897705078125,0.0
12594,112.5,0.29638671875,0.0
12595,108.75,0.30379638671875,0.0
12596,108.75,0.3112060546875,0.0
12597,112.5,0.30379638671875,0.0
12598,112.5,0.3112060546875,0.0
12599,108.75,0.326025390625,0.0
12600,112.5,0.326025390625,0.0
12601,108.75,0.3556640625,0.0
12602,112.5,0.3556640625,0.0
12603,108.75,0.41494140625,0.0
12604,112.5,0.41494140625,0.0
12605,108.75,0.47421875,0.0
12606,112.5,0.47421875,0.0
12607,108.75,0.5927734375,0.0
12608,112.5,0.5927734375,0.0
12609,108.75,0.7113281250000001,0.0
12610,112.5,0.7113281250000001,0.0
12611,108.75,0.9484375,0.0
12612,112.5,0.9484375,0.0
12613,108.75,1.42265625,0.0
12614,112.5,1.42265625,0.0
12615,108.75,1.896875,0.0
12616,112.5,1.896875,0.0
12617,108.75,2.37109375,0.0
12618,108.75,2.8453125,0.0
12619,112.5,2.37109375,0.0
12620,112.5,2.8453125,0.0
12621,108.75,3.31953125,0.0
12622,108.75,3.79375,0.0
12623,112.5,3.31953125,0.0
12624,112.5,3.79375,0.0
12625,108.75,4.26796875,0.0
12626,108.75,4.7421875,0.0
12627,112.5,4.26796875,0.0
12628,112.5,4.7421875,0.0
12629,108.75,5.21640625,0.0
12630,108.75,5.690625000000001,0.0
12631,112.5,5.21640625,0.0
12632,112.5,5.690625000000001,0.0
12633,108.75,6.164843750000001,0.0
12634,108.75,6.639062500000001,0.0
12635,112.5,6.164843750000001,0.0
12636,112.5,6.639062500000001,0.0
12637,108.75,7.11328125,0.0
12638,108.75,7.5875,0.0
12639,112.5,7.11328125,0.0
12640,112.5,7.5875,0.0
12641,108.75,8.06171875,0.0
12642,108.75,8.5359375,0.0
12643,112.5,8.06171875,0.0
12644,112.5,8.5359375,0.0
12645,108.75,9.01015625,0.0
12646,108.75,9.484375,0.0
12647,112.5,9.01015625,0.0
12648,112.5,9.484375,0.0
12649,108.75,9.95859375,0.0
12650,108.75,10.4328125,0.0
12651,112.5,9.95859375,0.0
12652,112.5,10.4328125,0.0
12653,108.75,10.90703125,0.0
12654,108.75,11.38125,0.0
12655,112.5,10.90703125,0.0
12656,112.5,11.38125,0.0
12657,108.75,11.85546875,0.0
12658,108.75,12.3296875,0.0
12659,112.5,11.85546875,0.0
12660,112.5,12.3296875,0.0
12661,108.75,12.80390625,0.0
12662,108.75,13.278125,0.0
12663,112.5,12.80390625,0.0
12664,112.5,13.278125,0.0
12665,108.75,13.75234375,0.0
12666,108.75,14.2265625,0.0
12667,112.5,13.75234375,0.0
12668,112.5,14.2265625,0.0
12669,108.75,14.70078125,0.0
12670,108.75,15.175,0.0
12671,112.5,14.70078125,0.0
12672,112.5,15.175,0.0
12673,108.75,15.64921875,0.0
12674,108.75,16.1234375,0.0
12675,112.5,15.64921875,0.0
12676,112.5,16.1234375,0.0
12677,108.75,16.59765625,0.0
12678,108.75,17.071875,0.0
12679,112.5,16.59765625,0.0
12680,112.5,17.071875,0.0
12681,108.75,17.54609375,0.0
12682,108.75,18.0203125,0.0
12683,112.5,17.54609375,0.0
12684,112.5,18.0203125,0.0
12685,108.75,18.49453125,0.0
12686,108.75,18.96875,0.0
12687,112.5,18.49453125,0.0
12688,112.5,18.96875,0.0
12689,108.75,19.44296875,0.0
12690,108.75,19.9171875,0.0
12691,112.5,19.44296875,0.0
12692,112.5,19.9171875,0.0
12693,108.75,20.39140625,0.0
12694,108.75,20.865625,0.0
12695,112.5,20.39140625,0.0
12696,112.5,20.865625,0.0
12697,108.75,21.33984375,0.0
12698,108.75,21.8140625,0.0
12699,112.5,21.33984375,0.0
12700,112.5,21.8140625,0.0
12701,108.75,22.28828125,0.0
12702,108.75,22.7625,0.0
12703,112.5,22.28828125,0.0
12704,112.5,22.7625,0.0
12705,108.75,23.23671875,0.0
12706,108.75,23.7109375,0.0
12707,112.5,23.23671875,0.0
12708,112.5,23.7109375,0.0
12709,108.75,24.18515625000001,0.0
12710,108.75,24.659375,0.0
12711,112.5,24.18515625000001,0.0
12712,112.5,24.659375,0.0
12713,108.75,25.13359375,0.0
12714,108.75,25.6078125,0.0
12715,112.5,25.13359375,0.0
12716,112.5,25.6078125,0.0
12717,108.75,26.08203125,0.0
12718,108.75,26.55625,0.0
12719,112.5,26.08203125,0.0
12720,112.5,26.55625,0.0
12721,108.75,27.03046875,0.0
12722,108.75,27.5046875,0.0
12723,112.5,27.03046875,0.0
12724,112.5,27.5046875,0.0
12725,108.75,27.97890625,0.0
12726,108.75,28.453125,0.0
12727,112.5,27.97890625,0.0
12728,112.5,28.453125,0.0
12729,108.75,28.92734375,0.0
12730,108.75,29.4015625,0.0
12731,112.5,28.92734375,0.0
12732,112.5,29.4015625,0.0
12733,108.75,29.87578125,0.0
12734,108.75,30.35,0.0
12735,112.5,29.87578125,0.0
12736,112.5,30.35,0.0
12737,116.25,0.0148193359375,0.0
12738,116.25,-0.0,0.0
12739,116.25,0.029638671875,0.0
12740,116.25,0.04445800781250001,0.0
12741,116.25,0.05927734375,0.0
12742,116.25,0.0740966796875,0.0
12743,116.25,0.08891601562500001,0.0
12744,116.25,0.09632568359375002,0.0
12745,116.25,0.1037353515625,0.0
12746,116.25,0.11114501953125,0.0
12747,116.25,0.1185546875,0.0
12748,116.25,0.12596435546875,0.0
12749,116.25,0.1333740234375,0.0
12750,116.25,0.14078369140625,0.0
12751,116.25,0.148193359375,0.0
12752,116.25,0.15560302734375,0.0
12753,116.25,0.1630126953125,0.0
12754,116.25,0.17042236328125,0.0
12755,116.25,0.17783203125,0.0
12756,116.25,0.18524169921875,0.0
12757,116.25,0.1926513671875,0.0
12758,116.25,0.207470703125,0.0
12759,116.25,0.21488037109375,0.0
12760,116.25,0.2222900390625,0.0
12761,116.25,0.22969970703125,0.0
12762,116.25,0.237109375,0.0
12763,116.25,0.24451904296875,0.0
12764,116.25,0.2519287109375,0.0
12765,116.25,0.25933837890625,0.0
12766,116.25,0.266748046875,0.0
12767,116.25,0.27415771484375,0.0
12768,116.25,0.2815673828125,0.0
12769,116.25,0.28897705078125,0.0
12770,116.25,0.29638671875,0.0
12771,116.25,0.30379638671875,0.0
12772,116.25,0.3112060546875,0.0
12773,116.25,0.326025390625,0.0
12774,116.25,0.3556640625,0.0
12775,116.25,0.41494140625,0.0
12776,116.25,0.47421875,0.0
12777,116.25,0.5927734375,0.0
12778,116.25,0.7113281250000001,0.0
12779,116.25,0.9484375,0.0
12780,120.0,0.0148193359375,0.0
12781,120.0,0.029638671875,0.0
12782,120.0,0.04445800781250001,0.0
12783,120.0,0.05927734375,0.0
12784,120.0,0.0740966796875,0.0
12785,120.0,0.08891601562500001,0.0
12786,120.0,0.09632568359375002,0.0
12787,120.0,0.1037353515625,0.0
12788,120.0,0.11114501953125,0.0
12789,120.0,0.1185546875,0.0
12790,120.0,0.12596435546875,0.0
12791,120.0,0.1333740234375,0.0
12792,120.0,0.14078369140625,0.0
12793,120.0,0.148193359375,0.0
12794,120.0,0.15560302734375,0.0
12795,120.0,0.1630126953125,0.0
12796,120.0,0.17042236328125,0.0
12797,120.0,0.17783203125,0.0
12798,120.0,0.18524169921875,0.0
12799,120.0,0.1926513671875,0.0
12800,120.0,0.207470703125,0.0
12801,120.0,0.21488037109375,0.0
12802,120.0,0.2222900390625,0.0
12803,120.0,0.22969970703125,0.0
12804,120.0,0.237109375,0.0
12805,120.0,0.24451904296875,0.0
12806,120.0,0.2519287109375,0.0
12807,120.0,0.25933837890625,0.0
12808,120.0,0.266748046875,0.0
12809,120.0,0.27415771484375,0.0
12810,120.0,0.2815673828125,0.0
12811,120.0,0.28897705078125,0.0
12812,120.0,0.29638671875,0.0
12813,120.0,0.30379638671875,0.0
12814,120.0,0.3112060546875,0.0
12815,120.0,0.326025390625,0.0
12816,120.0,0.3556640625,0.0
12817,120.0,0.41494140625,0.0
12818,120.0,0.47421875,0.0
12819,120.0,0.5927734375,0.0
12820,120.0,0.7113281250000001,0.0
12821,120.0,0.9484375,0.0
12822,116.25,1.42265625,0.0
12823,116.25,1.896875,0.0
12824,120.0,1.42265625,0.0
12825,120.0,1.896875,0.0
12826,116.25,2.37109375,0.0
12827,116.25,2.8453125,0.0
12828,120.0,2.37109375,0.0
12829,120.0,2.8453125,0.0
12830,116.25,3.31953125,0.0
12831,116.25,3.79375,0.0
12832,120.0,3.31953125,0.0
12833,120.0,3.79375,0.0
12834,116.25,4.26796875,0.0
12835,116.25,4.7421875,0.0
12836,120.0,4.26796875,0.0
12837,120.0,4.7421875,0.0
12838,116.25,5.21640625,0.0
12839,116.25,5.690625000000001,0.0
12840,120.0,5.21640625,0.0
12841,120.0,5.690625000000001,0.0
12842,116.25,6.164843750000001,0.0
12843,116.25,6.639062500000001,0.0
12844,120.0,6.164843750000001,0.0
12845,120.0,6.639062500000001,0.0
12846,116.25,7.11328125,0.0
12847,116.25,7.5875,0.0
12848,120.0,7.11328125,0.0
12849,120.0,7.5875,0.0
12850,116.25,8.06171875,0.0
12851,116.25,8.5359375,0.0
12852,120.0,8.06171875,0.0
12853,120.0,8.5359375,0.0
12854,116.25,9.01015625,0.0
12855,116.25,9.484375,0.0
12856,120.0,9.01015625,0.0
12857,120.0,9.484375,0.0
12858,116.25,9.95859375,0.0
12859,116.25,10.4328125,0.0
12860,120.0,9.95859375,0.0
12861,120.0,10.4328125,0.0
12862,116.25,10.90703125,0.0
12863,116.25,11.38125,0.0
12864,120.0,10.90703125,0.0
12865,120.0,11.38125,0.0
12866,116.25,11.85546875,0.0
12867,116.25,12.3296875,0.0
12868,120.0,11.85546875,0.0
12869,120.0,12.3296875,0.0
12870,116.25,12.80390625,0.0
12871,116.25,13.278125,0.0
12872,120.0,12.80390625,0.0
12873,120.0,13.278125,0.0
12874,116.25,13.75234375,0.0
12875,116.25,14.2265625,0.0
12876,120.0,13.75234375,0.0
12877,120.0,14.2265625,0.0
12878,116.25,14.70078125,0.0
12879,116.25,15.175,0.0
12880,120.0,14.70078125,0.0
12881,120.0,15.175,0.0
12882,116.25,15.64921875,0.0
12883,116.25,16.1234375,0.0
12884,120.0,15.64921875,0.0
12885,120.0,16.1234375,0.0
12886,116.25,16.59765625,0.0
12887,116.25,17.071875,0.0
12888,120.0,16.59765625,0.0
12889,120.0,17.071875,0.0
12890,116.25,17.54609375,0.0
12891,116.25,18.0203125,0.0
12892,120.0,17.54609375,0.0
12893,120.0,18.0203125,0.0
12894,116.25,18.49453125,0.0
12895,116.25,18.96875,0.0
12896,120.0,18.49453125,0.0
12897,120.0,18.96875,0.0
12898,116.25,19.44296875,0.0
12899,116.25,19.9171875,0.0
12900,120.0,19.44296875,0.0
12901,120.0,19.9171875,0.0
12902,116.25,20.39140625,0.0
12903,116.25,20.865625,0.0
12904,120.0,20.39140625,0.0
12905,120.0,20.865625,0.0
12906,116.25,21.33984375,0.0
12907,116.25,21.8140625,0.0
12908,120.0,21.33984375,0.0
12909,120.0,21.8140625,0.0
12910,116.25,22.28828125,0.0
12911,116.25,22.7625,0.0
12912,120.0,22.28828125,0.0
12913,120.0,22.7625,0.0
12914,116.25,23.23671875,0.0
12915,116.25,23.7109375,0.0
12916,120.0,23.23671875,0.0
12917,120.0,23.7109375,0.0
12918,116.25,24.18515625000001,0.0
12919,116.25,24.659375,0.0
12920,120.0,24.18515625000001,0.0
12921,120.0,24.659375,0.0
12922,116.25,25.13359375,0.0
12923,116.25,25.6078125,0.0
12924,120.0,25.13359375,0.0
12925,120.0,25.6078125,0.0
12926,116.25,26.08203125,0.0
12927,116.25,26.55625,0.0
12928,120.0,26.08203125,0.0
12929,120.0,26.55625,0.0
12930,116.25,27.03046875,0.0
12931,116.25,27.5046875,0.0
12932,120.0,27.03046875,0.0
12933,120.0,27.5046875,0.0
12934,116.25,27.97890625,0.0
12935,116.25,28.453125,0.0
12936,120.0,27.97890625,0.0
12937,120.0,28.453125,0.0
12938,116.25,28.92734375,0.0
12939,116.25,29.4015625,0.0
12940,120.0,28.92734375,0.0
12941,120.0,29.4015625,0.0
12942,116.25,29.87578125,0.0
12943,116.25,30.35,0.0
12944,120.0,29.87578125,0.0
12945,120.0,30.35,0.0
12946,63.75,30.82421875,5614488.810046288
12947,63.75,31.2984375,2670981.0238816086
12948,67.5,30.82421875,1725612.6318725368
12949,67.5,31.2984375,924757.8129921175
12950,63.75,31.77265625,3369352.8020184715
12951,63.75,32.246875,3308198.379239476
12952,67.5,31.77265625,1290658.4350843085
12953,67.5,32.246875,240982.31945092004
12954,63.75,32.72109375,1704879.8438836974
12955,63.75,33.1953125,887751.5958134688
12956,67.5,32.72109375,0.0
12957,67.5,33.1953125,0.0
12958,63.75,33.66953125,3547312.6285864157
12959,63.75,34.14375,11590802.977143344
12960,67.5,33.66953125,0.0
12961,67.5,34.14375,0.0
12962,63.75,34.61796875,4871701.666103582
12963,63.75,35.09218749999999,2741344.9984112447
12964,67.5,34.61796875,0.0
12965,67.5,35.09218749999999,0.0
12966,63.75,35.56640625,2904306.455004937
12967,63.75,36.040625,7677321.505667622
12968,67.5,35.56640625,0.0
12969,67.5,36.040625,1114726.215003295
12970,63.75,36.51484375,2159776.419993009
12971,63.75,36.9890625,3731096.8091766876
12972,67.5,36.51484375,710439.8818887884
12973,67.5,36.9890625,1670532.0889047836
12974,63.75,37.46328125,7556134.110178799
12975,63.75,37.9375,4550063.818925264
12976,67.5,37.46328125,1706951.1727157026
12977,67.5,37.9375,2077101.6177900499
12978,71.25,30.82421875,862806.3159362684
12979,71.25,31.2984375,462378.90649605874
12980,75.0,30.82421875,0.0
12981,75.0,31.2984375,0.0
12982,71.25,31.77265625,645329.2175421542
12983,71.25,32.246875,120491.15972546002
12984,75.0,31.77265625,0.0
12985,75.0,32.246875,0.0
12986,71.25,32.72109375,0.0
12987,71.25,33.1953125,0.0
12988,75.0,32.72109375,0.0
12989,75.0,33.1953125,0.0
12990,71.25,33.66953125,0.0
12991,71.25,34.14375,0.0
12992,75.0,33.66953125,0.0
12993,75.0,34.14375,0.0
12994,71.25,34.61796875,0.0
12995,71.25,35.09218749999999,0.0
12996,75.0,34.61796875,0.0
12997,75.0,35.09218749999999,0.0
12998,71.25,35.56640625,0.0
12999,71.25,36.040625,557363.1075016476
13000,75.0,35.56640625,0.0
13001,75.0,36.040625,0.0
13002,71.25,36.51484375,355219.9409443942
13003,71.25,36.9890625,835266.0444523918
13004,75.0,36.51484375,0.0
13005,75.0,36.9890625,0.0
13006,71.25,37.46328125,853475.5863578513
13007,71.25,37.9375,1038550.8088950249
13008,75.0,37.46328125,0.0
13009,75.0,37.9375,0.0
13010,63.75,38.41171875,14524344.499201383
13011,63.75,38.8859375,4012514.6286212597
13012,67.5,38.41171875,10457367.40634669
13013,67.5,38.8859375,1858451.6668007541
13014,63.75,39.36015625,6415725.704588469
13015,63.75,39.834375,6305501.33219269
13016,67.5,39.36015625,1133392.5573632962
13017,67.5,39.834375,1654693.0548844351
13018,63.75,40.30859375,2103543.868268623
13019,63.75,40.78281250000001,1708730.043343584
13020,67.5,40.30859375,525062.994505061
13021,67.5,40.78281250000001,920518.7065417693
13022,63.75,41.25703125,1013133.0846364496
13023,63.75,41.73125,6706612.5742077045
13024,67.5,41.25703125,811953.9419276281
13025,67.5,41.73125,5921653.502265134
13026,63.75,42.20546875,36911446.26609144
13027,63.75,42.6796875,572002.3613390134
13028,67.5,42.20546875,32113483.49026727
13029,67.5,42.6796875,8993175.25094212
13030,63.75,43.15390625000001,1058613.6295126975
13031,63.75,43.628125,4108255.6819241885
13032,67.5,43.15390625000001,0.0
13033,67.5,43.628125,0.0
13034,63.75,44.10234375,5005168.520393899
13035,63.75,44.57656250000001,7969457.153221037
13036,67.5,44.10234375,0.0
13037,67.5,44.57656250000001,0.0
13038,63.75,45.05078125000001,4603635.890353573
13039,63.75,45.52500000000001,3193877.0693662493
13040,67.5,45.05078125000001,0.0
13041,67.5,45.52500000000001,0.0
13042,71.25,38.41171875,5228683.703173345
13043,71.25,38.8859375,929225.8334003771
13044,75.0,38.41171875,0.0
13045,75.0,38.8859375,0.0
13046,71.25,39.36015625,566696.2786816481
13047,71.25,39.834375,827346.5274422176
13048,75.0,39.36015625,0.0
13049,75.0,39.834375,0.0
13050,71.25,40.30859375,262531.4972525305
13051,71.25,40.78281250000001,460259.35327088466
13052,75.0,40.30859375,0.0
13053,75.0,40.78281250000001,0.0
13054,71.25,41.25703125,405976.97096381406
13055,71.25,41.73125,3652577.038365213
13056,75.0,41.25703125,0.0
13057,75.0,41.73125,1383500.5744652932
13058,71.25,42.20546875,17393830.161938295
13059,71.25,42.6796875,22068675.896303236
13060,75.0,42.20546875,2674176.8336093235
13061,75.0,42.6796875,35144176.54166435
13062,71.25,43.15390625000001,0.0
13063,71.25,43.628125,0.0
13064,75.0,43.15390625000001,0.0
13065,75.0,43.628125,0.0
13066,71.25,44.10234375,0.0
13067,71.25,44.57656250000001,0.0
13068,75.0,44.10234375,0.0
13069,75.0,44.57656250000001,0.0
13070,71.25,45.05078125000001,0.0
13071,71.25,45.52500000000001,0.0
13072,75.0,45.05078125000001,0.0
13073,75.0,45.52500000000001,0.0
13074,78.75,30.82421875,0.0
13075,78.75,31.2984375,0.0
13076,82.5,30.82421875,0.0
13077,82.5,31.2984375,0.0
13078,78.75,31.77265625,0.0
13079,78.75,32.246875,0.0
13080,82.5,31.77265625,0.0
13081,82.5,32.246875,0.0
13082,78.75,32.72109375,0.0
13083,78.75,33.1953125,0.0
13084,82.5,32.72109375,0.0
13085,82.5,33.1953125,0.0
13086,78.75,33.66953125,0.0
13087,78.75,34.14375,0.0
13088,82.5,33.66953125,0.0
13089,82.5,34.14375,0.0
13090,78.75,34.61796875,0.0
13091,78.75,35.09218749999999,0.0
13092,82.5,34.61796875,0.0
13093,82.5,35.09218749999999,0.0
13094,78.75,35.56640625,0.0
13095,78.75,36.040625,0.0
13096,82.5,35.56640625,0.0
13097,82.5,36.040625,0.0
13098,78.75,36.51484375,0.0
13099,78.75,36.9890625,0.0
13100,82.5,36.51484375,0.0
13101,82.5,36.9890625,0.0
13102,78.75,37.46328125,0.0
13103,78.75,37.9375,0.0
13104,82.5,37.46328125,0.0
13105,82.5,37.9375,0.0
13106,86.25,30.82421875,0.0
13107,86.25,31.2984375,0.0
13108,90.0,30.82421875,0.0
13109,90.0,31.2984375,0.0
13110,86.25,31.77265625,0.0
13111,86.25,32.246875,0.0
13112,90.0,31.77265625,0.0
13113,90.0,32.246875,0.0
13114,86.25,32.72109375,0.0
13115,86.25,33.1953125,0.0
13116,90.0,32.72109375,0.0
13117,90.0,33.1953125,0.0
13118,86.25,33.66953125,0.0
13119,86.25,34.14375,0.0
13120,90.0,33.66953125,0.0
13121,90.0,34.14375,0.0
13122,86.25,34.61796875,0.0
13123,86.25,35.09218749999999,0.0
13124,90.0,34.61796875,0.0
13125,90.0,35.09218749999999,0.0
13126,86.25,35.56640625,0.0
13127,86.25,36.040625,0.0
13128,90.0,35.56640625,0.0
13129,90.0,36.040625,0.0
13130,86.25,36.51484375,0.0
13131,86.25,36.9890625,0.0
13132,90.0,36.51484375,0.0
13133,90.0,36.9890625,0.0
13134,86.25,37.46328125,0.0
13135,86.25,37.9375,0.0
13136,90.0,37.46328125,0.0
13137,90.0,37.9375,0.0
13138,78.75,38.41171875,0.0
13139,78.75,38.8859375,0.0
13140,82.5,38.41171875,0.0
13141,82.5,38.8859375,0.0
13142,78.75,39.36015625,0.0
13143,78.75,39.834375,0.0
13144,82.5,39.36015625,0.0
13145,82.5,39.834375,0.0
13146,78.75,40.30859375,0.0
13147,78.75,40.78281250000001,0.0
13148,82.5,40.30859375,0.0
13149,82.5,40.78281250000001,0.0
13150,78.75,41.25703125,0.0
13151,78.75,41.73125,864687.8590408082
13152,82.5,41.25703125,0.0
13153,82.5,41.73125,345875.1436163233
13154,78.75,42.20546875,1671360.521005827
13155,78.75,42.6796875,21965110.33854022
13156,82.5,42.20546875,668544.2084023309
13157,82.5,42.6796875,8786044.135416087
13158,78.75,43.15390625000001,0.0
13159,78.75,43.628125,0.0
13160,82.5,43.15390625000001,0.0
13161,82.5,43.628125,0.0
13162,78.75,44.10234375,0.0
13163,78.75,44.57656250000001,0.0
13164,82.5,44.10234375,0.0
13165,82.5,44.57656250000001,0.0
13166,78.75,45.05078125000001,0.0
13167,78.75,45.52500000000001,0.0
13168,82.5,45.05078125000001,0.0
13169,82.5,45.52500000000001,0.0
13170,86.25,38.41171875,0.0
13171,86.25,38.8859375,0.0
13172,90.0,38.41171875,0.0
13173,90.0,38.8859375,0.0
13174,86.25,39.36015625,0.0
13175,86.25,39.834375,0.0
13176,90.0,39.36015625,0.0
13177,90.0,39.834375,0.0
13178,86.25,40.30859375,0.0
13179,86.25,40.78281250000001,0.0
13180,90.0,40.30859375,0.0
13181,90.0,40.78281250000001,0.0
13182,86.25,41.25703125,0.0
13183,86.25,41.73125,0.0
13184,90.0,41.25703125,0.0
13185,90.0,41.73125,0.0
13186,86.25,42.20546875,0.0
13187,86.25,42.6796875,0.0
13188,90.0,42.20546875,0.0
13189,90.0,42.6796875,0.0
13190,86.25,43.15390625000001,0.0
13191,86.25,43.628125,0.0
13192,90.0,43.15390625000001,0.0
13193,90.0,43.628125,0.0
13194,86.25,44.10234375,0.0
13195,86.25,44.57656250000001,0.0
13196,90.0,44.10234375,0.0
13197,90.0,44.57656250000001,0.0
13198,86.25,45.05078125000001,0.0
13199,86.25,45.52500000000001,0.0
13200,90.0,45.05078125000001,0.0
13201,90.0,45.52500000000001,0.0
13202,63.75,45.99921875,2068959.5578185625
13203,63.75,46.4734375,5497351.574926129
13204,67.5,45.99921875,0.0
13205,67.5,46.4734375,0.0
13206,63.75,46.94765625000001,809932.6604039612
13207,63.75,47.42187500000001,337255.3251893843
13208,67.5,46.94765625000001,0.0
13209,67.5,47.42187500000001,0.0
13210,63.75,47.89609375000001,174893.3941039636
13211,63.75,48.37031250000001,499363.8305520779
13212,67.5,47.89609375000001,0.0
13213,67.5,48.37031250000001,0.0
13214,63.75,48.84453125000001,317623.05320598837
13215,63.75,49.31875000000001,322639.1542460315
13216,67.5,48.84453125000001,0.0
13217,67.5,49.31875000000001,0.0
13218,63.75,49.79296875000001,167315.2041560479
13219,63.75,50.26718750000001,297228.8247626838
13220,67.5,49.79296875000001,0.0
13221,67.5,50.26718750000001,0.0
13222,63.75,50.74140625,228992.39482404097
13223,63.75,51.215625,268871.59633686783
13224,67.5,50.74140625,0.0
13225,67.5,51.215625,0.0
13226,63.75,51.68984375,58066.699033603916
13227,63.75,52.1640625,213606.07350897643
13228,67.5,51.68984375,0.0
13229,67.5,52.1640625,0.0
13230,63.75,52.63828125000001,1669517.995651986
13231,63.75,53.1125,916032.9357268558
13232,67.5,52.63828125000001,0.0
13233,67.5,53.1125,0.0
13234,71.25,45.99921875,0.0
13235,71.25,46.4734375,0.0
13236,75.0,45.99921875,0.0
13237,75.0,46.4734375,0.0
13238,71.25,46.94765625000001,0.0
13239,71.25,47.42187500000001,0.0
13240,75.0,46.94765625000001,0.0
13241,75.0,47.42187500000001,0.0
13242,71.25,47.89609375000001,0.0
13243,71.25,48.37031250000001,0.0
13244,75.0,47.89609375000001,0.0
13245,75.0,48.37031250000001,0.0
13246,71.25,48.84453125000001,0.0
13247,71.25,49.31875000000001,0.0
13248,75.0,48.84453125000001,0.0
13249,75.0,49.31875000000001,0.0
13250,71.25,49.79296875000001,0.0
13251,71.25,50.26718750000001,0.0
13252,75.0,49.79296875000001,0.0
13253,75.0,50.26718750000001,0.0
13254,71.25,50.74140625,0.0
13255,71.25,51.215625,0.0
13256,75.0,50.74140625,0.0
13257,75.0,51.215625,0.0
13258,71.25,51.68984375,0.0
13259,71.25,52.1640625,0.0
13260,75.0,51.68984375,0.0
13261,75.0,52.1640625,0.0
13262,71.25,52.63828125000001,0.0
13263,71.25,53.1125,0.0
13264,75.0,52.63828125000001,0.0
13265,75.0,53.1125,0.0
13266,78.75,45.99921875,0.0
13267,78.75,46.4734375,0.0
13268,82.5,45.99921875,0.0
13269,82.5,46.4734375,0.0
13270,78.75,46.94765625000001,0.0
13271,78.75,47.42187500000001,0.0
13272,82.5,46.94765625000001,0.0
13273,82.5,47.42187500000001,0.0
13274,78.75,47.89609375000001,0.0
13275,78.75,48.37031250000001,0.0
13276,82.5,47.89609375000001,0.0
13277,82.5,48.37031250000001,0.0
13278,78.75,48.84453125000001,0.0
13279,78.75,49.31875000000001,0.0
13280,82.5,48.84453125000001,0.0
13281,82.5,49.31875000000001,0.0
13282,78.75,49.79296875000001,0.0
13283,78.75,50.26718750000001,0.0
13284,82.5,49.79296875000001,0.0
13285,82.5,50.26718750000001,0.0
13286,78.75,50.74140625,0.0
13287,78.75,51.215625,0.0
13288,82.5,50.74140625,0.0
13289,82.5,51.215625,0.0
13290,78.75,51.68984375,0.0
13291,78.75,52.1640625,0.0
13292,82.5,51.68984375,0.0
13293,82.5,52.1640625,0.0
13294,78.75,52.63828125000001,0.0
13295,78.75,53.1125,0.0
13296,82.5,52.63828125000001,0.0
13297,82.5,53.1125,0.0
13298,86.25,45.99921875,0.0
13299,86.25,46.4734375,0.0
13300,90.0,45.99921875,0.0
13301,90.0,46.4734375,0.0
13302,86.25,46.94765625000001,0.0
13303,86.25,47.42187500000001,0.0
13304,90.0,46.94765625000001,0.0
13305,90.0,47.42187500000001,0.0
13306,86.25,47.89609375000001,0.0
13307,86.25,48.37031250000001,0.0
13308,90.0,47.89609375000001,0.0
13309,90.0,48.37031250000001,0.0
13310,86.25,48.84453125000001,0.0
13311,86.25,49.31875000000001,0.0
13312,90.0,48.84453125000001,0.0
13313,90.0,49.31875000000001,0.0
13314,86.25,49.79296875000001,0.0
13315,86.25,50.26718750000001,0.0
13316,90.0,49.79296875000001,0.0
13317,90.0,50.26718750000001,0.0
13318,86.25,50.74140625,0.0
13319,86.25,51.215625,0.0
13320,90.0,50.74140625,0.0
13321,90.0,51.215625,0.0
13322,86.25,51.68984375,0.0
13323,86.25,52.1640625,0.0
13324,90.0,51.68984375,0.0
13325,90.0,52.1640625,0.0
13326,86.25,52.63828125000001,0.0
13327,86.25,53.1125,0.0
13328,90.0,52.63828125000001,0.0
13329,90.0,53.1125,0.0
13330,63.75,53.58671875,3239686.3392524347
13331,63.75,54.06093750000001,263830.00210389023
13332,67.5,53.58671875,0.0
13333,67.5,54.06093750000001,0.0
13334,63.75,54.53515625000001,173582.6628314497
13335,63.75,55.00937500000001,228920.4393892932
13336,67.5,54.53515625000001,0.0
13337,67.5,55.00937500000001,0.0
13338,63.75,55.48359375,393896.051565581
13339,63.75,55.9578125,269123.4900743383
13340,67.5,55.48359375,0.0
13341,67.5,55.9578125,0.0
13342,63.75,56.43203125,296629.4760217323
13343,63.75,56.90625,336802.99179779034
13344,67.5,56.43203125,0.0
13345,67.5,56.90625,0.0
13346,71.25,53.58671875,0.0
13347,71.25,54.06093750000001,0.0
13348,75.0,53.58671875,0.0
13349,75.0,54.06093750000001,0.0
13350,71.25,54.53515625000001,0.0
13351,71.25,55.00937500000001,0.0
13352,75.0,54.53515625000001,0.0
13353,75.0,55.00937500000001,0.0
13354,71.25,55.48359375,0.0
13355,71.25,55.9578125,0.0
13356,75.0,55.48359375,0.0
13357,75.0,55.9578125,0.0
13358,71.25,56.43203125,0.0
13359,71.25,56.90625,0.0
13360,75.0,56.43203125,0.0
13361,75.0,56.90625,0.0
13362,78.75,53.58671875,0.0
13363,78.75,54.06093750000001,0.0
13364,82.5,53.58671875,0.0
13365,82.5,54.06093750000001,0.0
13366,78.75,54.53515625000001,0.0
13367,78.75,55.00937500000001,0.0
13368,82.5,54.53515625000001,0.0
13369,82.5,55.00937500000001,0.0
13370,78.75,55.48359375,0.0
13371,78.75,55.9578125,0.0
13372,82.5,55.48359375,0.0
13373,82.5,55.9578125,0.0
13374,78.75,56.43203125,0.0
13375,78.75,56.90625,0.0
13376,82.5,56.43203125,0.0
13377,82.5,56.90625,0.0
13378,86.25,53.58671875,0.0
13379,86.25,54.06093750000001,0.0
13380,90.0,53.58671875,0.0
13381,90.0,54.06093750000001,0.0
13382,86.25,54.53515625000001,0.0
13383,86.25,55.00937500000001,0.0
13384,90.0,54.53515625000001,0.0
13385,90.0,55.00937500000001,0.0
13386,86.25,55.48359375,0.0
13387,86.25,55.9578125,0.0
13388,90.0,55.48359375,0.0
13389,90.0,55.9578125,0.0
13390,86.25,56.43203125,0.0
13391,86.25,56.90625,0.0
13392,90.0,56.43203125,0.0
13393,90.0,56.90625,0.0
13394,63.75,57.38046875,242583.8701452264
13395,63.75,57.8546875,998369.8541518622
13396,67.5,57.38046875,0.0
13397,67.5,57.8546875,0.0
13398,63.75,58.32890625,1537436.7778772656
13399,63.75,58.803125,2250977.162331173
13400,67.5,58.32890625,0.0
13401,67.5,58.803125,0.0
13402,71.25,57.38046875,0.0
13403,71.25,57.8546875,0.0
13404,75.0,57.38046875,0.0
13405,75.0,57.8546875,0.0
13406,71.25,58.32890625,0.0
13407,71.25,58.803125,0.0
13408,75.0,58.32890625,0.0
13409,75.0,58.803125,0.0
13410,78.75,57.38046875,0.0
13411,78.75,57.8546875,0.0
13412,82.5,57.38046875,0.0
13413,82.5,57.8546875,0.0
13414,78.75,58.32890625,0.0
13415,78.75,58.803125,0.0
13416,82.5,58.32890625,0.0
13417,82.5,58.803125,0.0
13418,86.25,57.38046875,0.0
13419,86.25,57.8546875,0.0
13420,90.0,57.38046875,0.0
13421,90.0,57.8546875,0.0
13422,86.25,58.32890625,0.0
13423,86.25,58.803125,0.0
13424,90.0,58.32890625,0.0
13425,90.0,58.803125,0.0
13426,63.75,59.27734375,8624230.8318372
13427,67.5,59.27734375,4382195.107742444
13428,63.75,59.514453125,2607254.57546556
13429,67.5,59.514453125,1955575.7603460436
13430,63.75,59.75156250000001,2647587.295264722
13431,67.5,59.75156250000001,1790040.863053979
13432,71.25,59.27734375,2191097.553871222
13433,75.0,59.27734375,0.0
13434,71.25,59.514453125,977787.8801730218
13435,75.0,59.514453125,0.0
13436,71.25,59.75156250000001,895020.4315269894
13437,75.0,59.75156250000001,0.0
13438,78.75,59.27734375,0.0
13439,82.5,59.27734375,0.0
13440,78.75,59.514453125,0.0
13441,82.5,59.514453125,0.0
13442,78.75,59.75156250000001,0.0
13443,82.5,59.75156250000001,0.0
13444,86.25,59.27734375,0.0
13445,90.0,59.27734375,0.0
13446,86.25,59.514453125,0.0
13447,90.0,59.514453125,0.0
13448,86.25,59.75156250000001,0.0
13449,90.0,59.75156250000001,0.0
13450,63.75,59.87011718750001,1042986.1332935134
13451,67.5,59.87011718750001,360363.4895357986
13452,63.75,59.98867187500001,562577.9541736144
13453,67.5,59.98867187500001,0.0
13454,71.25,59.87011718750001,180181.7447678993
13455,75.0,59.87011718750001,0.0
13456,71.25,59.98867187500001,0.0
13457,75.0,59.98867187500001,0.0
13458,63.75,60.04794921875001,511802.858420046
13459,67.5,60.04794921875001,0.0
13460,63.75,60.077587890625,486415.310543277
13461,67.5,60.077587890625,0.0
13462,63.75,60.0924072265625,473721.5366048834
13463,67.5,60.0924072265625,0.0
13464,63.75,60.09981689453125,467374.6496356866
13465,63.75,60.1072265625,485870.8884010442
13466,67.5,60.09981689453125,0.0
13467,67.5,60.1072265625,0.0
13468,71.25,60.04794921875001,0.0
13469,75.0,60.04794921875001,0.0
13470,71.25,60.077587890625,0.0
13471,75.0,60.077587890625,0.0
13472,71.25,60.0924072265625,0.0
13473,75.0,60.0924072265625,0.0
13474,71.25,60.09981689453125,0.0
13475,71.25,60.1072265625,0.0
13476,75.0,60.09981689453125,0.0
13477,75.0,60.1072265625,0.0
13478,63.75,60.11463623046875,504996.5982576305
13479,63.75,60.12204589843751,524122.3081142718
13480,67.5,60.11463623046875,0.0
13481,67.5,60.12204589843751,0.0
13482,63.75,60.12945556640625,543248.0179708397
13483,63.75,60.136865234375,562373.7278274444
13484,67.5,60.12945556640625,0.0
13485,67.5,60.136865234375,0.0
13486,63.75,60.14427490234375,581499.4376840491
13487,63.75,60.1516845703125,600625.1475406354
13488,67.5,60.14427490234375,0.0
13489,67.5,60.1516845703125,0.0
13490,63.75,60.15909423828125,619750.8573972401
13491,63.75,60.16650390625,638876.5672538448
13492,67.5,60.15909423828125,0.0
13493,67.5,60.16650390625,0.0
13494,71.25,60.11463623046875,0.0
13495,71.25,60.12204589843751,0.0
13496,75.0,60.11463623046875,0.0
13497,75.0,60.12204589843751,0.0
13498,71.25,60.12945556640625,0.0
13499,71.25,60.136865234375,0.0
13500,75.0,60.12945556640625,0.0
13501,75.0,60.136865234375,0.0
13502,71.25,60.14427490234375,0.0
13503,71.25,60.1516845703125,0.0
13504,75.0,60.14427490234375,0.0
13505,75.0,60.1516845703125,0.0
13506,71.25,60.15909423828125,0.0
13507,71.25,60.16650390625,0.0
13508,75.0,60.15909423828125,0.0
13509,75.0,60.16650390625,0.0
13510,63.75,60.17391357421875,658002.2771104494
13511,63.75,60.1813232421875,677127.986967054
13512,67.5,60.17391357421875,0.0
13513,67.5,60.1813232421875,0.0
13514,63.75,60.18873291015625,696253.6968236404
13515,63.75,60.19614257812501,715379.4066802817
13516,67.5,60.18873291015625,0.0
13517,67.5,60.19614257812501,0.0
13518,71.25,60.17391357421875,0.0
13519,71.25,60.1813232421875,0.0
13520,75.0,60.17391357421875,0.0
13521,75.0,60.1813232421875,0.0
13522,71.25,60.18873291015625,0.0
13523,71.25,60.19614257812501,0.0
13524,75.0,60.18873291015625,0.0
13525,75.0,60.19614257812501,0.0
13526,63.75,60.2,725336.1188955541
13527,63.75,60.20355224609376,734505.116536868
13528,63.75,60.21096191406251,753630.8263934726
13529,67.5,60.2,0.0
13530,67.5,60.20355224609376,0.0
13531,67.5,60.21096191406251,0.0
13532,71.25,60.2,0.0
13533,71.25,60.20355224609376,0.0
13534,71.25,60.21096191406251,0.0
13535,75.0,60.2,0.0
13536,75.0,60.20355224609376,0.0
13537,75.0,60.21096191406251,0.0
13538,63.75,60.21837158203125,772756.536250059
13539,67.5,60.21837158203125,0.0
13540,63.75,60.22578125,791882.2461066453
13541,67.5,60.22578125,0.0
13542,71.25,60.21837158203125,0.0
13543,75.0,60.21837158203125,0.0
13544,71.25,60.22578125,0.0
13545,75.0,60.22578125,0.0
13546,78.75,59.87011718750001,0.0
13547,82.5,59.87011718750001,0.0
13548,78.75,59.98867187500001,0.0
13549,82.5,59.98867187500001,0.0
13550,86.25,59.87011718750001,0.0
13551,90.0,59.87011718750001,0.0
13552,86.25,59.98867187500001,0.0
13553,90.0,59.98867187500001,0.0
13554,78.75,60.04794921875001,0.0
13555,82.5,60.04794921875001,0.0
13556,78.75,60.077587890625,0.0
13557,82.5,60.077587890625,0.0
13558,78.75,60.0924072265625,0.0
13559,82.5,60.0924072265625,0.0
13560,78.75,60.09981689453125,0.0
13561,78.75,60.1072265625,0.0
13562,82.5,60.09981689453125,0.0
13563,82.5,60.1072265625,0.0
13564,86.25,60.04794921875001,0.0
13565,90.0,60.04794921875001,0.0
13566,86.25,60.077587890625,0.0
13567,90.0,60.077587890625,0.0
13568,86.25,60.0924072265625,0.0
13569,90.0,60.0924072265625,0.0
13570,86.25,60.09981689453125,0.0
13571,86.25,60.1072265625,0.0
13572,90.0,60.09981689453125,0.0
13573,90.0,60.1072265625,0.0
13574,78.75,60.11463623046875,0.0
13575,78.75,60.12204589843751,0.0
13576,82.5,60.11463623046875,0.0
13577,82.5,60.12204589843751,0.0
13578,78.75,60.12945556640625,0.0
13579,78.75,60.136865234375,0.0
13580,82.5,60.12945556640625,0.0
13581,82.5,60.136865234375,0.0
13582,78.75,60.14427490234375,0.0
13583,78.75,60.1516845703125,0.0
13584,82.5,60.14427490234375,0.0
13585,82.5,60.1516845703125,0.0
13586,78.75,60.15909423828125,0.0
13587,78.75,60.16650390625,0.0
13588,82.5,60.15909423828125,0.0
13589,82.5,60.16650390625,0.0
13590,86.25,60.11463623046875,0.0
13591,86.25,60.12204589843751,0.0
13592,90.0,60.11463623046875,0.0
13593,90.0,60.12204589843751,0.0
13594,86.25,60.12945556640625,0.0
13595,86.25,60.136865234375,0.0
13596,90.0,60.12945556640625,0.0
13597,90.0,60.136865234375,0.0
13598,86.25,60.14427490234375,0.0
13599,86.25,60.1516845703125,0.0
13600,90.0,60.14427490234375,0.0
13601,90.0,60.1516845703125,0.0
13602,86.25,60.15909423828125,0.0
13603,86.25,60.16650390625,0.0
13604,90.0,60.15909423828125,0.0
13605,90.0,60.16650390625,0.0
13606,78.75,60.17391357421875,0.0
13607,78.75,60.1813232421875,0.0
13608,82.5,60.17391357421875,0.0
13609,82.5,60.1813232421875,0.0
13610,78.75,60.18873291015625,0.0
13611,78.75,60.19614257812501,0.0
13612,82.5,60.18873291015625,0.0
13613,82.5,60.19614257812501,0.0
13614,86.25,60.17391357421875,0.0
13615,86.25,60.1813232421875,0.0
13616,90.0,60.17391357421875,0.0
13617,90.0,60.1813232421875,0.0
13618,86.25,60.18873291015625,0.0
13619,86.25,60.19614257812501,0.0
13620,90.0,60.18873291015625,0.0
13621,90.0,60.19614257812501,0.0
13622,78.75,60.2,0.0
13623,78.75,60.20355224609376,0.0
13624,78.75,60.21096191406251,0.0
13625,82.5,60.2,0.0
13626,82.5,60.20355224609376,0.0
13627,82.5,60.21096191406251,0.0
13628,86.25,60.2,0.0
13629,86.25,60.20355224609376,0.0
13630,86.25,60.21096191406251,0.0
13631,90.0,60.2,0.0
13632,90.0,60.20355224609376,0.0
13633,90.0,60.21096191406251,0.0
13634,78.75,60.21837158203125,0.0
13635,82.5,60.21837158203125,0.0
13636,78.75,60.22578125,0.0
13637,82.5,60.22578125,0.0
13638,86.25,60.21837158203125,0.0
13639,90.0,60.21837158203125,0.0
13640,86.25,60.22578125,0.0
13641,90.0,60.22578125,0.0
13642,63.75,60.23319091796876,811007.9559632866
13643,67.5,60.23319091796876,0.0
13644,71.25,60.23319091796876,0.0
13645,75.0,60.23319091796876,0.0
13646,63.75,60.2406005859375,830133.6658198546
13647,67.5,60.2406005859375,0.0
13648,71.25,60.2406005859375,0.0
13649,75.0,60.2406005859375,0.0
13650,63.75,60.24801025390625,849259.3756764593
13651,67.5,60.24801025390625,0.0
13652,71.25,60.24801025390625,0.0
13653,75.0,60.24801025390625,0.0
13654,63.75,60.255419921875,868385.085533064
13655,67.5,60.255419921875,0.0
13656,71.25,60.255419921875,0.0
13657,75.0,60.255419921875,0.0
13658,63.75,60.26282958984375,887510.7953896503
13659,67.5,60.26282958984375,0.0
13660,71.25,60.26282958984375,0.0
13661,75.0,60.26282958984375,0.0
13662,63.75,60.27023925781251,906636.5052462915
13663,67.5,60.27023925781251,0.0
13664,71.25,60.27023925781251,0.0
13665,75.0,60.27023925781251,0.0
13666,63.75,60.27764892578126,925762.2151028779
13667,67.5,60.27764892578126,0.0
13668,71.25,60.27764892578126,0.0
13669,75.0,60.27764892578126,0.0
13670,63.75,60.28505859375001,944887.9249594826
13671,67.5,60.28505859375001,0.0
13672,71.25,60.28505859375001,0.0
13673,75.0,60.28505859375001,0.0
13674,63.75,60.29246826171876,964013.6348160873
13675,67.5,60.29246826171876,0.0
13676,71.25,60.29246826171876,0.0
13677,75.0,60.29246826171876,0.0
13678,63.75,60.29987792968751,983139.3446726919
13679,67.5,60.29987792968751,0.0
13680,71.25,60.29987792968751,0.0
13681,75.0,60.29987792968751,0.0
13682,63.75,60.30728759765626,968525.2711174831
13683,67.5,60.30728759765626,0.0
13684,71.25,60.30728759765626,0.0
13685,75.0,60.30728759765626,0.0
13686,63.75,60.31469726562501,953346.0420613203
13687,67.5,60.31469726562501,0.0
13688,71.25,60.31469726562501,0.0
13689,75.0,60.31469726562501,0.0
13690,63.75,60.3295166015625,922987.5839489806
13691,67.5,60.3295166015625,0.0
13692,71.25,60.3295166015625,0.0
13693,75.0,60.3295166015625,0.0
13694,63.75,60.34433593750001,892629.1258366114
13695,67.5,60.34433593750001,0.0
13696,71.25,60.34433593750001,0.0
13697,75.0,60.34433593750001,0.0
13698,63.75,60.35915527343751,862270.6677242715
13699,67.5,60.35915527343751,0.0
13700,71.25,60.35915527343751,0.0
13701,75.0,60.35915527343751,0.0
13702,63.75,60.373974609375,831912.2096119464
13703,67.5,60.373974609375,0.0
13704,71.25,60.373974609375,0.0
13705,75.0,60.373974609375,0.0
13706,63.75,60.3887939453125,801553.7514995919
13707,67.5,60.3887939453125,0.0
13708,71.25,60.3887939453125,0.0
13709,75.0,60.3887939453125,0.0
13710,63.75,60.40361328125,771195.2933872375
13711,67.5,60.40361328125,0.0
13712,71.25,60.40361328125,0.0
13713,75.0,60.40361328125,0.0
13714,63.75,60.41843261718751,740836.8352748684
13715,67.5,60.41843261718751,0.0
13716,71.25,60.41843261718751,0.0
13717,75.0,60.41843261718751,0.0
13718,63.75,60.433251953125,710478.3771625431
13719,67.5,60.433251953125,0.0
13720,71.25,60.433251953125,0.0
13721,75.0,60.433251953125,0.0
13722,63.75,60.4480712890625,680119.9190502032
13723,67.5,60.4480712890625,0.0
13724,71.25,60.4480712890625,0.0
13725,75.0,60.4480712890625,0.0
13726,63.75,60.462890625,649761.4609378488
13727,67.5,60.462890625,0.0
13728,71.25,60.462890625,0.0
13729,75.0,60.462890625,0.0
13730,78.75,60.23319091796876,0.0
13731,82.5,60.23319091796876,0.0
13732,78.75,60.2406005859375,0.0
13733,82.5,60.2406005859375,0.0
13734,86.25,60.23319091796876,0.0
13735,90.0,60.23319091796876,0.0
13736,86.25,60.2406005859375,0.0
13737,90.0,60.2406005859375,0.0
13738,78.75,60.24801025390625,0.0
13739,82.5,60.24801025390625,0.0
13740,78.75,60.255419921875,0.0
13741,82.5,60.255419921875,0.0
13742,86.25,60.24801025390625,0.0
13743,90.0,60.24801025390625,0.0
13744,86.25,60.255419921875,0.0
13745,90.0,60.255419921875,0.0
13746,78.75,60.26282958984375,0.0
13747,82.5,60.26282958984375,0.0
13748,78.75,60.27023925781251,0.0
13749,82.5,60.27023925781251,0.0
13750,86.25,60.26282958984375,0.0
13751,90.0,60.26282958984375,0.0
13752,86.25,60.27023925781251,0.0
13753,90.0,60.27023925781251,0.0
13754,78.75,60.27764892578126,0.0
13755,82.5,60.27764892578126,0.0
13756,78.75,60.28505859375001,0.0
13757,82.5,60.28505859375001,0.0
13758,86.25,60.27764892578126,0.0
13759,90.0,60.27764892578126,0.0
13760,86.25,60.28505859375001,0.0
13761,90.0,60.28505859375001,0.0
13762,78.75,60.29246826171876,0.0
13763,82.5,60.29246826171876,0.0
13764,78.75,60.29987792968751,0.0
13765,82.5,60.29987792968751,0.0
13766,86.25,60.29246826171876,0.0
13767,90.0,60.29246826171876,0.0
13768,86.25,60.29987792968751,0.0
13769,90.0,60.29987792968751,0.0
13770,78.75,60.30728759765626,0.0
13771,82.5,60.30728759765626,0.0
13772,78.75,60.31469726562501,0.0
13773,82.5,60.31469726562501,0.0
13774,86.25,60.30728759765626,0.0
13775,90.0,60.30728759765626,0.0
13776,86.25,60.31469726562501,0.0
13777,90.0,60.31469726562501,0.0
13778,78.75,60.3295166015625,0.0
13779,82.5,60.3295166015625,0.0
13780,78.75,60.34433593750001,0.0
13781,82.5,60.34433593750001,0.0
13782,86.25,60.3295166015625,0.0
13783,90.0,60.3295166015625,0.0
13784,86.25,60.34433593750001,0.0
13785,90.0,60.34433593750001,0.0
13786,78.75,60.35915527343751,0.0
13787,82.5,60.35915527343751,0.0
13788,78.75,60.373974609375,0.0
13789,82.5,60.373974609375,0.0
13790,86.25,60.35915527343751,0.0
13791,90.0,60.35915527343751,0.0
13792,86.25,60.373974609375,0.0
13793,90.0,60.373974609375,0.0
13794,78.75,60.3887939453125,0.0
13795,82.5,60.3887939453125,0.0
13796,78.75,60.40361328125,0.0
13797,82.5,60.40361328125,0.0
13798,86.25,60.3887939453125,0.0
13799,90.0,60.3887939453125,0.0
13800,86.25,60.40361328125,0.0
13801,90.0,60.40361328125,0.0
13802,78.75,60.41843261718751,0.0
13803,82.5,60.41843261718751,0.0
13804,78.75,60.433251953125,0.0
13805,82.5,60.433251953125,0.0
13806,86.25,60.41843261718751,0.0
13807,90.0,60.41843261718751,0.0
13808,86.25,60.433251953125,0.0
13809,90.0,60.433251953125,0.0
13810,78.75,60.4480712890625,0.0
13811,82.5,60.4480712890625,0.0
13812,78.75,60.462890625,0.0
13813,82.5,60.462890625,0.0
13814,86.25,60.4480712890625,0.0
13815,90.0,60.4480712890625,0.0
13816,86.25,60.462890625,0.0
13817,90.0,60.462890625,0.0
13818,63.75,60.4777099609375,619403.0028254943
13819,67.5,60.4777099609375,0.0
13820,71.25,60.4777099609375,0.0
13821,75.0,60.4777099609375,0.0
13822,63.75,60.492529296875,589044.5447131544
13823,67.5,60.492529296875,0.0
13824,71.25,60.492529296875,0.0
13825,75.0,60.492529296875,0.0
13826,63.75,60.50734863281249,571369.3465535187
13827,67.5,60.50734863281249,0.0
13828,71.25,60.50734863281249,0.0
13829,75.0,60.50734863281249,0.0
13830,63.75,60.52216796875,566588.0937278643
13831,67.5,60.52216796875,0.0
13832,71.25,60.52216796875,0.0
13833,75.0,60.52216796875,0.0
13834,63.75,60.5369873046875,561806.8409022123
13835,67.5,60.5369873046875,0.0
13836,71.25,60.5369873046875,0.0
13837,75.0,60.5369873046875,0.0
13838,63.75,60.551806640625,557025.5880765604
13839,67.5,60.551806640625,0.0
13840,71.25,60.551806640625,0.0
13841,75.0,60.551806640625,0.0
13842,63.75,60.56662597656251,552244.3352509061
13843,67.5,60.56662597656251,0.0
13844,71.25,60.56662597656251,0.0
13845,75.0,60.56662597656251,0.0
13846,63.75,60.5814453125,547463.0824252587
13847,67.5,60.5814453125,0.0
13848,71.25,60.5814453125,0.0
13849,75.0,60.5814453125,0.0
13850,78.75,60.4777099609375,0.0
13851,82.5,60.4777099609375,0.0
13852,78.75,60.492529296875,0.0
13853,82.5,60.492529296875,0.0
13854,86.25,60.4777099609375,0.0
13855,90.0,60.4777099609375,0.0
13856,86.25,60.492529296875,0.0
13857,90.0,60.492529296875,0.0
13858,78.75,60.50734863281249,0.0
13859,82.5,60.50734863281249,0.0
13860,78.75,60.52216796875,0.0
13861,82.5,60.52216796875,0.0
13862,86.25,60.50734863281249,0.0
13863,90.0,60.50734863281249,0.0
13864,86.25,60.52216796875,0.0
13865,90.0,60.52216796875,0.0
13866,78.75,60.5369873046875,0.0
13867,82.5,60.5369873046875,0.0
13868,78.75,60.551806640625,0.0
13869,82.5,60.551806640625,0.0
13870,86.25,60.5369873046875,0.0
13871,90.0,60.5369873046875,0.0
13872,86.25,60.551806640625,0.0
13873,90.0,60.551806640625,0.0
13874,78.75,60.56662597656251,0.0
13875,82.5,60.56662597656251,0.0
13876,78.75,60.5814453125,0.0
13877,82.5,60.5814453125,0.0
13878,86.25,60.56662597656251,0.0
13879,90.0,60.56662597656251,0.0
13880,86.25,60.5814453125,0.0
13881,90.0,60.5814453125,0.0
13882,63.75,60.5962646484375,542681.829599609
13883,67.5,60.5962646484375,0.0
13884,71.25,60.5962646484375,0.0
13885,75.0,60.5962646484375,0.0
13886,63.75,60.611083984375,537900.576773957
13887,67.5,60.611083984375,0.0
13888,71.25,60.611083984375,0.0
13889,75.0,60.611083984375,0.0
13890,63.75,60.6259033203125,533119.323948305
13891,67.5,60.6259033203125,0.0
13892,71.25,60.6259033203125,0.0
13893,75.0,60.6259033203125,0.0
13894,63.75,60.64072265625001,528338.0711226508
13895,67.5,60.64072265625001,0.0
13896,71.25,60.64072265625001,0.0
13897,75.0,60.64072265625001,0.0
13898,78.75,60.5962646484375,0.0
13899,82.5,60.5962646484375,0.0
13900,78.75,60.611083984375,0.0
13901,82.5,60.611083984375,0.0
13902,86.25,60.5962646484375,0.0
13903,90.0,60.5962646484375,0.0
13904,86.25,60.611083984375,0.0
13905,90.0,60.611083984375,0.0
13906,78.75,60.6259033203125,0.0
13907,82.5,60.6259033203125,0.0
13908,78.75,60.64072265625001,0.0
13909,82.5,60.64072265625001,0.0
13910,86.25,60.6259033203125,0.0
13911,90.0,60.6259033203125,0.0
13912,86.25,60.64072265625001,0.0
13913,90.0,60.64072265625001,0.0
13914,63.75,60.65554199218751,523556.818297001
13915,67.5,60.65554199218751,0.0
13916,71.25,60.65554199218751,0.0
13917,75.0,60.65554199218751,0.0
13918,63.75,60.670361328125,518775.5654713536
13919,67.5,60.670361328125,0.0
13920,71.25,60.670361328125,0.0
13921,75.0,60.670361328125,0.0
13922,78.75,60.65554199218751,0.0
13923,82.5,60.65554199218751,0.0
13924,78.75,60.670361328125,0.0
13925,82.5,60.670361328125,0.0
13926,86.25,60.65554199218751,0.0
13927,90.0,60.65554199218751,0.0
13928,86.25,60.670361328125,0.0
13929,90.0,60.670361328125,0.0
13930,63.75,60.6851806640625,513994.3126457016
13931,67.5,60.6851806640625,0.0
13932,71.25,60.6851806640625,0.0
13933,75.0,60.6851806640625,0.0
13934,63.75,60.7,509213.0598200496
13935,67.5,60.7,0.0
13936,71.25,60.7,0.0
13937,75.0,60.7,0.0
13938,78.75,60.6851806640625,0.0
13939,82.5,60.6851806640625,0.0
13940,78.75,60.7,0.0
13941,82.5,60.7,0.0
13942,86.25,60.6851806640625,0.0
13943,90.0,60.6851806640625,0.0
13944,86.25,60.7,0.0
13945,90.0,60.7,0.0
13946,93.75,30.82421875,0.0
13947,93.75,31.2984375,0.0
13948,97.5,30.82421875,0.0
13949,97.5,31.2984375,0.0
13950,93.75,31.77265625,0.0
13951,93.75,32.246875,0.0
13952,97.5,31.77265625,0.0
13953,97.5,32.246875,0.0
13954,93.75,32.72109375,0.0
13955,93.75,33.1953125,0.0
13956,97.5,32.72109375,0.0
13957,97.5,33.1953125,0.0
13958,93.75,33.66953125,0.0
13959,93.75,34.14375,0.0
13960,97.5,33.66953125,0.0
13961,97.5,34.14375,0.0
13962,93.75,34.61796875,0.0
13963,93.75,35.09218749999999,0.0
13964,97.5,34.61796875,0.0
13965,97.5,35.09218749999999,0.0
13966,93.75,35.56640625,0.0
13967,93.75,36.040625,0.0
13968,97.5,35.56640625,0.0
13969,97.5,36.040625,0.0
13970,93.75,36.51484375,0.0
13971,93.75,36.9890625,0.0
13972,97.5,36.51484375,0.0
13973,97.5,36.9890625,0.0
13974,93.75,37.46328125,0.0
13975,93.75,37.9375,0.0
13976,97.5,37.46328125,0.0
13977,97.5,37.9375,0.0
13978,101.25,30.82421875,0.0
13979,101.25,31.2984375,0.0
13980,105.0,30.82421875,0.0
13981,105.0,31.2984375,0.0
13982,101.25,31.77265625,0.0
13983,101.25,32.246875,0.0
13984,105.0,31.77265625,0.0
13985,105.0,32.246875,0.0
13986,101.25,32.72109375,0.0
13987,101.25,33.1953125,0.0
13988,105.0,32.72109375,0.0
13989,105.0,33.1953125,0.0
13990,101.25,33.66953125,0.0
13991,101.25,34.14375,0.0
13992,105.0,33.66953125,0.0
13993,105.0,34.14375,0.0
13994,101.25,34.61796875,0.0
13995,101.25,35.09218749999999,0.0
13996,105.0,34.61796875,0.0
13997,105.0,35.09218749999999,0.0
13998,101.25,35.56640625,0.0
13999,101.25,36.040625,0.0
14000,105.0,35.56640625,0.0
14001,105.0,36.040625,0.0
14002,101.25,36.51484375,0.0
14003,101.25,36.9890625,0.0
14004,105.0,36.51484375,0.0
14005,105.0,36.9890625,0.0
14006,101.25,37.46328125,0.0
14007,101.25,37.9375,0.0
14008,105.0,37.46328125,0.0
14009,105.0,37.9375,0.0
14010,93.75,38.41171875,0.0
14011,93.75,38.8859375,0.0
14012,97.5,38.41171875,0.0
14013,97.5,38.8859375,0.0
14014,93.75,39.36015625,0.0
14015,93.75,39.834375,0.0
14016,97.5,39.36015625,0.0
14017,97.5,39.834375,0.0
14018,93.75,40.30859375,0.0
14019,93.75,40.78281250000001,0.0
14020,97.5,40.30859375,0.0
14021,97.5,40.78281250000001,0.0
14022,93.75,41.25703125,0.0
14023,93.75,41.73125,0.0
14024,97.5,41.25703125,0.0
14025,97.5,41.73125,0.0
14026,93.75,42.20546875,0.0
14027,93.75,42.6796875,0.0
14028,97.5,42.20546875,0.0
14029,97.5,42.6796875,0.0
14030,93.75,43.15390625000001,0.0
14031,93.75,43.628125,0.0
14032,97.5,43.15390625000001,0.0
14033,97.5,43.628125,0.0
14034,93.75,44.10234375,0.0
14035,93.75,44.57656250000001,0.0
14036,97.5,44.10234375,0.0
14037,97.5,44.57656250000001,0.0
14038,93.75,45.05078125000001,0.0
14039,93.75,45.52500000000001,0.0
14040,97.5,45.05078125000001,0.0
14041,97.5,45.52500000000001,0.0
14042,101.25,38.41171875,0.0
14043,101.25,38.8859375,0.0
14044,105.0,38.41171875,0.0
14045,105.0,38.8859375,0.0
14046,101.25,39.36015625,0.0
14047,101.25,39.834375,0.0
14048,105.0,39.36015625,0.0
14049,105.0,39.834375,0.0
14050,101.25,40.30859375,0.0
14051,101.25,40.78281250000001,0.0
14052,105.0,40.30859375,0.0
14053,105.0,40.78281250000001,0.0
14054,101.25,41.25703125,0.0
14055,101.25,41.73125,0.0
14056,105.0,41.25703125,0.0
14057,105.0,41.73125,0.0
14058,101.25,42.20546875,0.0
14059,101.25,42.6796875,0.0
14060,105.0,42.20546875,0.0
14061,105.0,42.6796875,0.0
14062,101.25,43.15390625000001,0.0
14063,101.25,43.628125,0.0
14064,105.0,43.15390625000001,0.0
14065,105.0,43.628125,0.0
14066,101.25,44.10234375,0.0
14067,101.25,44.57656250000001,0.0
14068,105.0,44.10234375,0.0
14069,105.0,44.57656250000001,0.0
14070,101.25,45.05078125000001,0.0
14071,101.25,45.52500000000001,0.0
14072,105.0,45.05078125000001,0.0
14073,105.0,45.52500000000001,0.0
14074,108.75,30.82421875,0.0
14075,108.75,31.2984375,0.0
14076,112.5,30.82421875,0.0
14077,112.5,31.2984375,0.0
14078,108.75,31.77265625,0.0
14079,108.75,32.246875,0.0
14080,112.5,31.77265625,0.0
14081,112.5,32.246875,0.0
14082,108.75,32.72109375,0.0
14083,108.75,33.1953125,0.0
14084,112.5,32.72109375,0.0
14085,112.5,33.1953125,0.0
14086,108.75,33.66953125,0.0
14087,108.75,34.14375,0.0
14088,112.5,33.66953125,0.0
14089,112.5,34.14375,0.0
14090,108.75,34.61796875,0.0
14091,108.75,35.09218749999999,0.0
14092,112.5,34.61796875,0.0
14093,112.5,35.09218749999999,0.0
14094,108.75,35.56640625,0.0
14095,108.75,36.040625,0.0
14096,112.5,35.56640625,0.0
14097,112.5,36.040625,0.0
14098,108.75,36.51484375,0.0
14099,108.75,36.9890625,0.0
14100,112.5,36.51484375,0.0
14101,112.5,36.9890625,0.0
14102,108.75,37.46328125,0.0
14103,108.75,37.9375,0.0
14104,112.5,37.46328125,0.0
14105,112.5,37.9375,0.0
14106,108.75,38.41171875,0.0
14107,108.75,38.8859375,0.0
14108,112.5,38.41171875,0.0
14109,112.5,38.8859375,0.0
14110,108.75,39.36015625,0.0
14111,108.75,39.834375,0.0
14112,112.5,39.36015625,0.0
14113,112.5,39.834375,0.0
14114,108.75,40.30859375,0.0
14115,108.75,40.78281250000001,0.0
14116,112.5,40.30859375,0.0
14117,112.5,40.78281250000001,0.0
14118,108.75,41.25703125,0.0
14119,108.75,41.73125,0.0
14120,112.5,41.25703125,0.0
14121,112.5,41.73125,0.0
14122,108.75,42.20546875,0.0
14123,108.75,42.6796875,0.0
14124,112.5,42.20546875,0.0
14125,112.5,42.6796875,0.0
14126,108.75,43.15390625000001,0.0
14127,108.75,43.628125,0.0
14128,112.5,43.15390625000001,0.0
14129,112.5,43.628125,0.0
14130,108.75,44.10234375,0.0
14131,108.75,44.57656250000001,0.0
14132,112.5,44.10234375,0.0
14133,112.5,44.57656250000001,0.0
14134,108.75,45.05078125000001,0.0
14135,108.75,45.52500000000001,0.0
14136,112.5,45.05078125000001,0.0
14137,112.5,45.52500000000001,0.0
14138,116.25,30.82421875,0.0
14139,116.25,31.2984375,0.0
14140,120.0,30.82421875,0.0
14141,120.0,31.2984375,0.0
14142,116.25,31.77265625,0.0
14143,116.25,32.246875,0.0
14144,120.0,31.77265625,0.0
14145,120.0,32.246875,0.0
14146,116.25,32.72109375,0.0
14147,116.25,33.1953125,0.0
14148,120.0,32.72109375,0.0
14149,120.0,33.1953125,0.0
14150,116.25,33.66953125,0.0
14151,116.25,34.14375,0.0
14152,120.0,33.66953125,0.0
14153,120.0,34.14375,0.0
14154,116.25,34.61796875,0.0
14155,116.25,35.09218749999999,0.0
14156,120.0,34.61796875,0.0
14157,120.0,35.09218749999999,0.0
14158,116.25,35.56640625,0.0
14159,116.25,36.040625,0.0
14160,120.0,35.56640625,0.0
14161,120.0,36.040625,0.0
14162,116.25,36.51484375,0.0
14163,116.25,36.9890625,0.0
14164,120.0,36.51484375,0.0
14165,120.0,36.9890625,0.0
14166,116.25,37.46328125,0.0
14167,116.25,37.9375,0.0
14168,120.0,37.46328125,0.0
14169,120.0,37.9375,0.0
14170,116.25,38.41171875,0.0
14171,116.25,38.8859375,0.0
14172,120.0,38.41171875,0.0
14173,120.0,38.8859375,0.0
14174,116.25,39.36015625,0.0
14175,116.25,39.834375,0.0
14176,120.0,39.36015625,0.0
14177,120.0,39.834375,0.0
14178,116.25,40.30859375,0.0
14179,116.25,40.78281250000001,0.0
14180,120.0,40.30859375,0.0
14181,120.0,40.78281250000001,0.0
14182,116.25,41.25703125,0.0
14183,116.25,41.73125,0.0
14184,120.0,41.25703125,0.0
14185,120.0,41.73125,0.0
14186,116.25,42.20546875,0.0
14187,116.25,42.6796875,0.0
14188,120.0,42.20546875,0.0
14189,120.0,42.6796875,0.0
14190,116.25,43.15390625000001,0.0
14191,116.25,43.628125,0.0
14192,120.0,43.15390625000001,0.0
14193,120.0,43.628125,0.0
14194,116.25,44.10234375,0.0
14195,116.25,44.57656250000001,0.0
14196,120.0,44.10234375,0.0
14197,120.0,44.57656250000001,0.0
14198,116.25,45.05078125000001,0.0
14199,116.25,45.52500000000001,0.0
14200,120.0,45.05078125000001,0.0
14201,120.0,45.52500000000001,0.0
14202,93.75,45.99921875,0.0
14203,93.75,46.4734375,0.0
14204,97.5,45.99921875,0.0
14205,97.5,46.4734375,0.0
14206,93.75,46.94765625000001,0.0
14207,93.75,47.42187500000001,0.0
14208,97.5,46.94765625000001,0.0
14209,97.5,47.42187500000001,0.0
14210,93.75,47.89609375000001,0.0
14211,93.75,48.37031250000001,0.0
14212,97.5,47.89609375000001,0.0
14213,97.5,48.37031250000001,0.0
14214,93.75,48.84453125000001,0.0
14215,93.75,49.31875000000001,0.0
14216,97.5,48.84453125000001,0.0
14217,97.5,49.31875000000001,0.0
14218,93.75,49.79296875000001,0.0
14219,93.75,50.26718750000001,0.0
14220,97.5,49.79296875000001,0.0
14221,97.5,50.26718750000001,0.0
14222,93.75,50.74140625,0.0
14223,93.75,51.215625,0.0
14224,97.5,50.74140625,0.0
14225,97.5,51.215625,0.0
14226,93.75,51.68984375,0.0
14227,93.75,52.1640625,0.0
14228,97.5,51.68984375,0.0
14229,97.5,52.1640625,0.0
14230,93.75,52.63828125000001,0.0
14231,93.75,53.1125,0.0
14232,97.5,52.63828125000001,0.0
14233,97.5,53.1125,0.0
14234,101.25,45.99921875,0.0
14235,101.25,46.4734375,0.0
14236,105.0,45.99921875,0.0
14237,105.0,46.4734375,0.0
14238,101.25,46.94765625000001,0.0
14239,101.25,47.42187500000001,0.0
14240,105.0,46.94765625000001,0.0
14241,105.0,47.42187500000001,0.0
14242,101.25,47.89609375000001,0.0
14243,101.25,48.37031250000001,0.0
14244,105.0,47.89609375000001,0.0
14245,105.0,48.37031250000001,0.0
14246,101.25,48.84453125000001,0.0
14247,101.25,49.31875000000001,0.0
14248,105.0,48.84453125000001,0.0
14249,105.0,49.31875000000001,0.0
14250,101.25,49.79296875000001,0.0
14251,101.25,50.26718750000001,0.0
14252,105.0,49.79296875000001,0.0
14253,105.0,50.26718750000001,0.0
14254,101.25,50.74140625,0.0
14255,101.25,51.215625,0.0
14256,105.0,50.74140625,0.0
14257,105.0,51.215625,0.0
14258,101.25,51.68984375,0.0
14259,101.25,52.1640625,0.0
14260,105.0,51.68984375,0.0
14261,105.0,52.1640625,0.0
14262,101.25,52.63828125000001,0.0
14263,101.25,53.1125,0.0
14264,105.0,52.63828125000001,0.0
14265,105.0,53.1125,0.0
14266,93.75,53.58671875,0.0
14267,93.75,54.06093750000001,0.0
14268,97.5,53.58671875,0.0
14269,97.5,54.06093750000001,0.0
14270,93.75,54.53515625000001,0.0
14271,93.75,55.00937500000001,0.0
14272,97.5,54.53515625000001,0.0
14273,97.5,55.00937500000001,0.0
14274,93.75,55.48359375,0.0
14275,93.75,55.9578125,0.0
14276,97.5,55.48359375,0.0
14277,97.5,55.9578125,0.0
14278,93.75,56.43203125,0.0
14279,93.75,56.90625,0.0
14280,97.5,56.43203125,0.0
14281,97.5,56.90625,0.0
14282,101.25,53.58671875,0.0
14283,101.25,54.06093750000001,0.0
14284,105.0,53.58671875,0.0
14285,105.0,54.06093750000001,0.0
14286,101.25,54.53515625000001,0.0
14287,101.25,55.00937500000001,0.0
14288,105.0,54.53515625000001,0.0
14289,105.0,55.00937500000001,0.0
14290,101.25,55.48359375,0.0
14291,101.25,55.9578125,0.0
14292,105.0,55.48359375,0.0
14293,105.0,55.9578125,0.0
14294,101.25,56.43203125,0.0
14295,101.25,56.90625,0.0
14296,105.0,56.43203125,0.0
14297,105.0,56.90625,0.0
14298,93.75,57.38046875,0.0
14299,93.75,57.8546875,0.0
14300,97.5,57.38046875,0.0
14301,97.5,57.8546875,0.0
14302,93.75,58.32890625,0.0
14303,93.75,58.803125,0.0
14304,97.5,58.32890625,0.0
14305,97.5,58.803125,0.0
14306,101.25,57.38046875,0.0
14307,101.25,57.8546875,0.0
14308,105.0,57.38046875,0.0
14309,105.0,57.8546875,0.0
14310,101.25,58.32890625,0.0
14311,101.25,58.803125,0.0
14312,105.0,58.32890625,0.0
14313,105.0,58.803125,0.0
14314,93.75,59.27734375,0.0
14315,97.5,59.27734375,0.0
14316,93.75,59.514453125,0.0
14317,97.5,59.514453125,0.0
14318,93.75,59.75156250000001,0.0
14319,97.5,59.75156250000001,0.0
14320,101.25,59.27734375,0.0
14321,105.0,59.27734375,0.0
14322,101.25,59.514453125,0.0
14323,105.0,59.514453125,0.0
14324,101.25,59.75156250000001,0.0
14325,105.0,59.75156250000001,0.0
14326,93.75,59.87011718750001,0.0
14327,97.5,59.87011718750001,0.0
14328,93.75,59.98867187500001,0.0
14329,97.5,59.98867187500001,0.0
14330,101.25,59.87011718750001,0.0
14331,105.0,59.87011718750001,0.0
14332,101.25,59.98867187500001,0.0
14333,105.0,59.98867187500001,0.0
14334,93.75,60.04794921875001,0.0
14335,97.5,60.04794921875001,0.0
14336,93.75,60.077587890625,0.0
14337,97.5,60.077587890625,0.0
14338,93.75,60.0924072265625,0.0
14339,97.5,60.0924072265625,0.0
14340,93.75,60.09981689453125,0.0
14341,93.75,60.1072265625,0.0
14342,97.5,60.09981689453125,0.0
14343,97.5,60.1072265625,0.0
14344,101.25,60.04794921875001,0.0
14345,105.0,60.04794921875001,0.0
14346,101.25,60.077587890625,0.0
14347,105.0,60.077587890625,0.0
14348,101.25,60.0924072265625,0.0
14349,105.0,60.0924072265625,0.0
14350,101.25,60.09981689453125,0.0
14351,101.25,60.1072265625,0.0
14352,105.0,60.09981689453125,0.0
14353,105.0,60.1072265625,0.0
14354,93.75,60.11463623046875,0.0
14355,93.75,60.12204589843751,0.0
14356,97.5,60.11463623046875,0.0
14357,97.5,60.12204589843751,0.0
14358,93.75,60.12945556640625,0.0
14359,93.75,60.136865234375,0.0
14360,97.5,60.12945556640625,0.0
14361,97.5,60.136865234375,0.0
14362,93.75,60.14427490234375,0.0
14363,93.75,60.1516845703125,0.0
14364,97.5,60.14427490234375,0.0
14365,97.5,60.1516845703125,0.0
14366,93.75,60.15909423828125,0.0
14367,93.75,60.16650390625,0.0
14368,97.5,60.15909423828125,0.0
14369,97.5,60.16650390625,0.0
14370,101.25,60.11463623046875,0.0
14371,101.25,60.12204589843751,0.0
14372,105.0,60.11463623046875,0.0
14373,105.0,60.12204589843751,0.0
14374,101.25,60.12945556640625,0.0
14375,101.25,60.136865234375,0.0
14376,105.0,60.12945556640625,0.0
14377,105.0,60.136865234375,0.0
14378,101.25,60.14427490234375,0.0
14379,101.25,60.1516845703125,0.0
14380,105.0,60.14427490234375,0.0
14381,105.0,60.1516845703125,0.0
14382,101.25,60.15909423828125,0.0
14383,101.25,60.16650390625,0.0
14384,105.0,60.15909423828125,0.0
14385,105.0,60.16650390625,0.0
14386,93.75,60.17391357421875,0.0
14387,93.75,60.1813232421875,0.0
14388,97.5,60.17391357421875,0.0
14389,97.5,60.1813232421875,0.0
14390,93.75,60.18873291015625,0.0
14391,93.75,60.19614257812501,0.0
14392,97.5,60.18873291015625,0.0
14393,97.5,60.19614257812501,0.0
14394,101.25,60.17391357421875,0.0
14395,101.25,60.1813232421875,0.0
14396,105.0,60.17391357421875,0.0
14397,105.0,60.1813232421875,0.0
14398,101.25,60.18873291015625,0.0
14399,101.25,60.19614257812501,0.0
14400,105.0,60.18873291015625,0.0
14401,105.0,60.19614257812501,0.0
14402,93.75,60.2,0.0
14403,93.75,60.20355224609376,0.0
14404,93.75,60.21096191406251,0.0
14405,97.5,60.2,0.0
14406,97.5,60.20355224609376,0.0
14407,97.5,60.21096191406251,0.0
14408,101.25,60.2,0.0
14409,101.25,60.20355224609376,0.0
14410,101.25,60.21096191406251,0.0
14411,105.0,60.2,0.0
14412,105.0,60.20355224609376,0.0
14413,105.0,60.21096191406251,0.0
14414,93.75,60.21837158203125,0.0
14415,97.5,60.21837158203125,0.0
14416,93.75,60.22578125,0.0
14417,97.5,60.22578125,0.0
14418,101.25,60.21837158203125,0.0
14419,105.0,60.21837158203125,0.0
14420,101.25,60.22578125,0.0
14421,105.0,60.22578125,0.0
14422,93.75,60.23319091796876,0.0
14423,97.5,60.23319091796876,0.0
14424,93.75,60.2406005859375,0.0
14425,97.5,60.2406005859375,0.0
14426,101.25,60.23319091796876,0.0
14427,105.0,60.23319091796876,0.0
14428,101.25,60.2406005859375,0.0
14429,105.0,60.2406005859375,0.0
14430,93.75,60.24801025390625,0.0
14431,97.5,60.24801025390625,0.0
14432,93.75,60.255419921875,0.0
14433,97.5,60.255419921875,0.0
14434,101.25,60.24801025390625,0.0
14435,105.0,60.24801025390625,0.0
14436,101.25,60.255419921875,0.0
14437,105.0,60.255419921875,0.0
14438,93.75,60.26282958984375,0.0
14439,97.5,60.26282958984375,0.0
14440,93.75,60.27023925781251,0.0
14441,97.5,60.27023925781251,0.0
14442,101.25,60.26282958984375,0.0
14443,105.0,60.26282958984375,0.0
14444,101.25,60.27023925781251,0.0
14445,105.0,60.27023925781251,0.0
14446,93.75,60.27764892578126,0.0
14447,97.5,60.27764892578126,0.0
14448,93.75,60.28505859375001,0.0
14449,97.5,60.28505859375001,0.0
14450,101.25,60.27764892578126,0.0
14451,105.0,60.27764892578126,0.0
14452,101.25,60.28505859375001,0.0
14453,105.0,60.28505859375001,0.0
14454,93.75,60.29246826171876,0.0
14455,97.5,60.29246826171876,0.0
14456,93.75,60.29987792968751,0.0
14457,97.5,60.29987792968751,0.0
14458,101.25,60.29246826171876,0.0
14459,105.0,60.29246826171876,0.0
14460,101.25,60.29987792968751,0.0
14461,105.0,60.29987792968751,0.0
14462,93.75,60.30728759765626,0.0
14463,97.5,60.30728759765626,0.0
14464,93.75,60.31469726562501,0.0
14465,97.5,60.31469726562501,0.0
14466,101.25,60.30728759765626,0.0
14467,105.0,60.30728759765626,0.0
14468,101.25,60.31469726562501,0.0
14469,105.0,60.31469726562501,0.0
14470,93.75,60.3295166015625,0.0
14471,97.5,60.3295166015625,0.0
14472,93.75,60.34433593750001,0.0
14473,97.5,60.34433593750001,0.0
14474,101.25,60.3295166015625,0.0
14475,105.0,60.3295166015625,0.0
14476,101.25,60.34433593750001,0.0
14477,105.0,60.34433593750001,0.0
14478,93.75,60.35915527343751,0.0
14479,97.5,60.35915527343751,0.0
14480,93.75,60.373974609375,0.0
14481,97.5,60.373974609375,0.0
14482,101.25,60.35915527343751,0.0
14483,105.0,60.35915527343751,0.0
14484,101.25,60.373974609375,0.0
14485,105.0,60.373974609375,0.0
14486,93.75,60.3887939453125,0.0
14487,97.5,60.3887939453125,0.0
14488,93.75,60.40361328125,0.0
14489,97.5,60.40361328125,0.0
14490,101.25,60.3887939453125,0.0
14491,105.0,60.3887939453125,0.0
14492,101.25,60.40361328125,0.0
14493,105.0,60.40361328125,0.0
14494,93.75,60.41843261718751,0.0
14495,97.5,60.41843261718751,0.0
14496,93.75,60.433251953125,0.0
14497,97.5,60.433251953125,0.0
14498,101.25,60.41843261718751,0.0
14499,105.0,60.41843261718751,0.0
14500,101.25,60.433251953125,0.0
14501,105.0,60.433251953125,0.0
14502,93.75,60.4480712890625,0.0
14503,97.5,60.4480712890625,0.0
14504,93.75,60.462890625,0.0
14505,97.5,60.462890625,0.0
14506,101.25,60.4480712890625,0.0
14507,105.0,60.4480712890625,0.0
14508,101.25,60.462890625,0.0
14509,105.0,60.462890625,0.0
14510,93.75,60.4777099609375,0.0
14511,97.5,60.4777099609375,0.0
14512,93.75,60.492529296875,0.0
14513,97.5,60.492529296875,0.0
14514,101.25,60.4777099609375,0.0
14515,105.0,60.4777099609375,0.0
14516,101.25,60.492529296875,0.0
14517,105.0,60.492529296875,0.0
14518,93.75,60.50734863281249,0.0
14519,97.5,60.50734863281249,0.0
14520,93.75,60.52216796875,0.0
14521,97.5,60.52216796875,0.0
14522,101.25,60.50734863281249,0.0
14523,105.0,60.50734863281249,0.0
14524,101.25,60.52216796875,0.0
14525,105.0,60.52216796875,0.0
14526,93.75,60.5369873046875,0.0
14527,97.5,60.5369873046875,0.0
14528,93.75,60.551806640625,0.0
14529,97.5,60.551806640625,0.0
14530,101.25,60.5369873046875,0.0
14531,105.0,60.5369873046875,0.0
14532,101.25,60.551806640625,0.0
14533,105.0,60.551806640625,0.0
14534,93.75,60.56662597656251,0.0
14535,97.5,60.56662597656251,0.0
14536,93.75,60.5814453125,0.0
14537,97.5,60.5814453125,0.0
14538,101.25,60.56662597656251,0.0
14539,105.0,60.56662597656251,0.0
14540,101.25,60.5814453125,0.0
14541,105.0,60.5814453125,0.0
14542,93.75,60.5962646484375,0.0
14543,97.5,60.5962646484375,0.0
14544,93.75,60.611083984375,0.0
14545,97.5,60.611083984375,0.0
14546,101.25,60.5962646484375,0.0
14547,105.0,60.5962646484375,0.0
14548,101.25,60.611083984375,0.0
14549,105.0,60.611083984375,0.0
14550,93.75,60.6259033203125,0.0
14551,97.5,60.6259033203125,0.0
14552,93.75,60.64072265625001,0.0
14553,97.5,60.64072265625001,0.0
14554,101.25,60.6259033203125,0.0
14555,105.0,60.6259033203125,0.0
14556,101.25,60.64072265625001,0.0
14557,105.0,60.64072265625001,0.0
14558,93.75,60.65554199218751,0.0
14559,97.5,60.65554199218751,0.0
14560,93.75,60.670361328125,0.0
14561,97.5,60.670361328125,0.0
14562,101.25,60.65554199218751,0.0
14563,105.0,60.65554199218751,0.0
14564,101.25,60.670361328125,0.0
14565,105.0,60.670361328125,0.0
14566,93.75,60.6851806640625,0.0
14567,97.5,60.6851806640625,0.0
14568,93.75,60.7,0.0
14569,97.5,60.7,0.0
14570,101.25,60.6851806640625,0.0
14571,105.0,60.6851806640625,0.0
14572,101.25,60.7,0.0
14573,105.0,60.7,0.0
14574,108.75,45.99921875,0.0
14575,108.75,46.4734375,0.0
14576,112.5,45.99921875,0.0
14577,112.5,46.4734375,0.0
14578,108.75,46.94765625000001,0.0
14579,108.75,47.42187500000001,0.0
14580,112.5,46.94765625000001,0.0
14581,112.5,47.42187500000001,0.0
14582,108.75,47.89609375000001,0.0
14583,108.75,48.37031250000001,0.0
14584,112.5,47.89609375000001,0.0
14585,112.5,48.37031250000001,0.0
14586,108.75,48.84453125000001,0.0
14587,108.75,49.31875000000001,0.0
14588,112.5,48.84453125000001,0.0
14589,112.5,49.31875000000001,0.0
14590,108.75,49.79296875000001,0.0
14591,108.75,50.26718750000001,0.0
14592,112.5,49.79296875000001,0.0
14593,112.5,50.26718750000001,0.0
14594,108.75,50.74140625,0.0
14595,108.75,51.215625,0.0
14596,112.5,50.74140625,0.0
14597,112.5,51.215625,0.0
14598,108.75,51.68984375,0.0
14599,108.75,52.1640625,0.0
14600,112.5,51.68984375,0.0
14601,112.5,52.1640625,0.0
14602,108.75,52.63828125000001,0.0
14603,108.75,53.1125,0.0
14604,112.5,52.63828125000001,0.0
14605,112.5,53.1125,0.0
14606,116.25,45.99921875,0.0
14607,116.25,46.4734375,0.0
14608,120.0,45.99921875,0.0
14609,120.0,46.4734375,0.0
14610,116.25,46.94765625000001,0.0
14611,116.25,47.42187500000001,0.0
14612,120.0,46.94765625000001,0.0
14613,120.0,47.42187500000001,0.0
14614,116.25,47.89609375000001,0.0
14615,116.25,48.37031250000001,0.0
14616,120.0,47.89609375000001,0.0
14617,120.0,48.37031250000001,0.0
14618,116.25,48.84453125000001,0.0
14619,116.25,49.31875000000001,0.0
14620,120.0,48.84453125000001,0.0
14621,120.0,49.31875000000001,0.0
14622,116.25,49.79296875000001,0.0
14623,116.25,50.26718750000001,0.0
14624,120.0,49.79296875000001,0.0
14625,120.0,50.26718750000001,0.0
14626,116.25,50.74140625,0.0
14627,116.25,51.215625,0.0
14628,120.0,50.74140625,0.0
14629,120.0,51.215625,0.0
14630,116.25,51.68984375,0.0
14631,116.25,52.1640625,0.0
14632,120.0,51.68984375,0.0
14633,120.0,52.1640625,0.0
14634,116.25,52.63828125000001,0.0
14635,116.25,53.1125,0.0
14636,120.0,52.63828125000001,0.0
14637,120.0,53.1125,0.0
14638,108.75,53.58671875,0.0
14639,108.75,54.06093750000001,0.0
14640,112.5,53.58671875,0.0
14641,112.5,54.06093750000001,0.0
14642,108.75,54.53515625000001,0.0
14643,108.75,55.00937500000001,0.0
14644,112.5,54.53515625000001,0.0
14645,112.5,55.00937500000001,0.0
14646,108.75,55.48359375,0.0
14647,108.75,55.9578125,0.0
14648,112.5,55.48359375,0.0
14649,112.5,55.9578125,0.0
14650,108.75,56.43203125,0.0
14651,108.75,56.90625,0.0
14652,112.5,56.43203125,0.0
14653,112.5,56.90625,0.0
14654,108.75,57.38046875,0.0
14655,108.75,57.8546875,0.0
14656,112.5,57.38046875,0.0
14657,112.5,57.8546875,0.0
14658,108.75,58.32890625,0.0
14659,108.75,58.803125,0.0
14660,112.5,58.32890625,0.0
14661,112.5,58.803125,0.0
14662,108.75,59.27734375,0.0
14663,112.5,59.27734375,0.0
14664,108.75,59.514453125,0.0
14665,112.5,59.514453125,0.0
14666,108.75,59.75156250000001,0.0
14667,112.5,59.75156250000001,0.0
14668,108.75,59.87011718750001,0.0
14669,112.5,59.87011718750001,0.0
14670,108.75,59.98867187500001,0.0
14671,112.5,59.98867187500001,0.0
14672,108.75,60.04794921875001,0.0
14673,112.5,60.04794921875001,0.0
14674,108.75,60.077587890625,0.0
14675,112.5,60.077587890625,0.0
14676,108.75,60.0924072265625,0.0
14677,112.5,60.0924072265625,0.0
14678,108.75,60.09981689453125,0.0
14679,108.75,60.1072265625,0.0
14680,112.5,60.09981689453125,0.0
14681,112.5,60.1072265625,0.0
14682,108.75,60.11463623046875,0.0
14683,108.75,60.12204589843751,0.0
14684,112.5,60.11463623046875,0.0
14685,112.5,60.12204589843751,0.0
14686,108.75,60.12945556640625,0.0
14687,108.75,60.136865234375,0.0
14688,112.5,60.12945556640625,0.0
14689,112.5,60.136865234375,0.0
14690,108.75,60.14427490234375,0.0
14691,108.75,60.1516845703125,0.0
14692,112.5,60.14427490234375,0.0
14693,112.5,60.1516845703125,0.0
14694,108.75,60.15909423828125,0.0
14695,108.75,60.16650390625,0.0
14696,112.5,60.15909423828125,0.0
14697,112.5,60.16650390625,0.0
14698,108.75,60.17391357421875,0.0
14699,108.75,60.1813232421875,0.0
14700,112.5,60.17391357421875,0.0
14701,112.5,60.1813232421875,0.0
14702,108.75,60.18873291015625,0.0
14703,108.75,60.19614257812501,0.0
14704,112.5,60.18873291015625,0.0
14705,112.5,60.19614257812501,0.0
14706,108.75,60.2,0.0
14707,108.75,60.20355224609376,0.0
14708,108.75,60.21096191406251,0.0
14709,112.5,60.2,0.0
14710,112.5,60.20355224609376,0.0
14711,112.5,60.21096191406251,0.0
14712,108.75,60.21837158203125,0.0
14713,112.5,60.21837158203125,0.0
14714,108.75,60.22578125,0.0
14715,112.5,60.22578125,0.0
14716,108.75,60.23319091796876,0.0
14717,112.5,60.23319091796876,0.0
14718,108.75,60.2406005859375,0.0
14719,112.5,60.2406005859375,0.0
14720,108.75,60.24801025390625,0.0
14721,112.5,60.24801025390625,0.0
14722,108.75,60.255419921875,0.0
14723,112.5,60.255419921875,0.0
14724,108.75,60.26282958984375,0.0
14725,112.5,60.26282958984375,0.0
14726,108.75,60.27023925781251,0.0
14727,112.5,60.27023925781251,0.0
14728,108.75,60.27764892578126,0.0
14729,112.5,60.27764892578126,0.0
14730,108.75,60.28505859375001,0.0
14731,112.5,60.28505859375001,0.0
14732,108.75,60.29246826171876,0.0
14733,112.5,60.29246826171876,0.0
14734,108.75,60.29987792968751,0.0
14735,112.5,60.29987792968751,0.0
14736,108.75,60.30728759765626,0.0
14737,112.5,60.30728759765626,0.0
14738,108.75,60.31469726562501,0.0
14739,112.5,60.31469726562501,0.0
14740,108.75,60.3295166015625,0.0
14741,112.5,60.3295166015625,0.0
14742,108.75,60.34433593750001,0.0
14743,112.5,60.34433593750001,0.0
14744,108.75,60.35915527343751,0.0
14745,112.5,60.35915527343751,0.0
14746,108.75,60.373974609375,0.0
14747,112.5,60.373974609375,0.0
14748,108.75,60.3887939453125,0.0
14749,112.5,60.3887939453125,0.0
14750,108.75,60.40361328125,0.0
14751,112.5,60.40361328125,0.0
14752,108.75,60.41843261718751,0.0
14753,112.5,60.41843261718751,0.0
14754,108.75,60.433251953125,0.0
14755,112.5,60.433251953125,0.0
14756,108.75,60.4480712890625,0.0
14757,112.5,60.4480712890625,0.0
14758,108.75,60.462890625,0.0
14759,112.5,60.462890625,0.0
14760,108.75,60.4777099609375,0.0
14761,112.5,60.4777099609375,0.0
14762,108.75,60.492529296875,0.0
14763,112.5,60.492529296875,0.0
14764,108.75,60.50734863281249,0.0
14765,112.5,60.50734863281249,0.0
14766,108.75,60.52216796875,0.0
14767,112.5,60.52216796875,0.0
14768,108.75,60.5369873046875,0.0
14769,112.5,60.5369873046875,0.0
14770,108.75,60.551806640625,0.0
14771,112.5,60.551806640625,0.0
14772,108.75,60.56662597656251,0.0
14773,112.5,60.56662597656251,0.0
14774,108.75,60.5814453125,0.0
14775,112.5,60.5814453125,0.0
14776,108.75,60.5962646484375,0.0
14777,112.5,60.5962646484375,0.0
14778,108.75,60.611083984375,0.0
14779,112.5,60.611083984375,0.0
14780,108.75,60.6259033203125,0.0
14781,112.5,60.6259033203125,0.0
14782,108.75,60.64072265625001,0.0
14783,112.5,60.64072265625001,0.0
14784,108.75,60.65554199218751,0.0
14785,112.5,60.65554199218751,0.0
14786,108.75,60.670361328125,0.0
14787,112.5,60.670361328125,0.0
14788,108.75,60.6851806640625,0.0
14789,112.5,60.6851806640625,0.0
14790,108.75,60.7,0.0
14791,112.5,60.7,0.0
14792,116.25,53.58671875,0.0
14793,116.25,54.06093750000001,0.0
14794,120.0,53.58671875,0.0
14795,120.0,54.06093750000001,0.0
14796,116.25,54.53515625000001,0.0
14797,116.25,55.00937500000001,0.0
14798,120.0,54.53515625000001,0.0
14799,120.0,55.00937500000001,0.0
14800,116.25,55.48359375,0.0
14801,116.25,55.9578125,0.0
14802,120.0,55.48359375,0.0
14803,120.0,55.9578125,0.0
14804,116.25,56.43203125,0.0
14805,116.25,56.90625,0.0
14806,120.0,56.43203125,0.0
14807,120.0,56.90625,0.0
14808,116.25,57.38046875,0.0
14809,116.25,57.8546875,0.0
14810,116.25,58.32890625,0.0
14811,116.25,58.803125,0.0
14812,116.25,59.27734375,0.0
14813,116.25,59.514453125,0.0
14814,116.25,59.75156250000001,0.0
14815,116.25,59.87011718750001,0.0
14816,116.25,59.98867187500001,0.0
14817,116.25,60.04794921875001,0.0
14818,116.25,60.077587890625,0.0
14819,116.25,60.0924072265625,0.0
14820,116.25,60.09981689453125,0.0
14821,116.25,60.1072265625,0.0
14822,116.25,60.11463623046875,0.0
14823,116.25,60.12204589843751,0.0
14824,116.25,60.12945556640625,0.0
14825,116.25,60.136865234375,0.0
14826,116.25,60.14427490234375,0.0
14827,116.25,60.1516845703125,0.0
14828,116.25,60.15909423828125,0.0
14829,116.25,60.16650390625,0.0
14830,116.25,60.17391357421875,0.0
14831,116.25,60.1813232421875,0.0
14832,116.25,60.18873291015625,0.0
14833,116.25,60.19614257812501,0.0
14834,116.25,60.2,0.0
14835,116.25,60.20355224609376,0.0
14836,116.25,60.21096191406251,0.0
14837,116.25,60.21837158203125,0.0
14838,116.25,60.22578125,0.0
14839,116.25,60.23319091796876,0.0
14840,116.25,60.2406005859375,0.0
14841,116.25,60.24801025390625,0.0
14842,116.25,60.255419921875,0.0
14843,116.25,60.26282958984375,0.0
14844,116.25,60.27023925781251,0.0
14845,116.25,60.27764892578126,0.0
14846,116.25,60.28505859375001,0.0
14847,116.25,60.29246826171876,0.0
14848,116.25,60.29987792968751,0.0
14849,116.25,60.30728759765626,0.0
14850,116.25,60.31469726562501,0.0
14851,116.25,60.3295166015625,0.0
14852,116.25,60.34433593750001,0.0
14853,116.25,60.35915527343751,0.0
14854,116.25,60.373974609375,0.0
14855,116.25,60.3887939453125,0.0
14856,116.25,60.40361328125,0.0
14857,116.25,60.41843261718751,0.0
14858,116.25,60.433251953125,0.0
14859,116.25,60.4480712890625,0.0
14860,116.25,60.462890625,0.0
14861,116.25,60.4777099609375,0.0
14862,116.25,60.492529296875,0.0
14863,116.25,60.50734863281249,0.0
14864,116.25,60.52216796875,0.0
14865,116.25,60.5369873046875,0.0
14866,116.25,60.551806640625,0.0
14867,116.25,60.56662597656251,0.0
14868,116.25,60.5814453125,0.0
14869,116.25,60.5962646484375,0.0
14870,116.25,60.611083984375,0.0
14871,116.25,60.6259033203125,0.0
14872,116.25,60.64072265625001,0.0
14873,116.25,60.65554199218751,0.0
14874,116.25,60.670361328125,0.0
14875,116.25,60.6851806640625,0.0
14876,116.25,60.7,0.0
14877,120.0,57.38046875,0.0
14878,120.0,57.8546875,0.0
14879,120.0,58.32890625,0.0
14880,120.0,58.803125,0.0
14881,120.0,59.27734375,0.0
14882,120.0,59.514453125,0.0
14883,120.0,59.75156250000001,0.0
14884,120.0,59.87011718750001,0.0
14885,120.0,59.98867187500001,0.0
14886,120.0,60.04794921875001,0.0
14887,120.0,60.077587890625,0.0
14888,120.0,60.0924072265625,0.0
14889,120.0,60.09981689453125,0.0
14890,120.0,60.1072265625,0.0
14891,120.0,60.11463623046875,0.0
14892,120.0,60.12204589843751,0.0
14893,120.0,60.12945556640625,0.0
14894,120.0,60.136865234375,0.0
14895,120.0,60.14427490234375,0.0
14896,120.0,60.1516845703125,0.0
14897,120.0,60.15909423828125,0.0
14898,120.0,60.16650390625,0.0
14899,120.0,60.17391357421875,0.0
14900,120.0,60.1813232421875,0.0
14901,120.0,60.18873291015625,0.0
14902,120.0,60.19614257812501,0.0
14903,120.0,60.20355224609376,0.0
14904,120.0,60.21096191406251,0.0
14905,120.0,60.21837158203125,0.0
14906,120.0,60.22578125,0.0
14907,120.0,60.23319091796876,0.0
14908,120.0,60.2406005859375,0.0
14909,120.0,60.24801025390625,0.0
14910,120.0,60.255419921875,0.0
14911,120.0,60.26282958984375,0.0
14912,120.0,60.27023925781251,0.0
14913,120.0,60.27764892578126,0.0
14914,120.0,60.28505859375001,0.0
14915,120.0,60.29246826171876,0.0
14916,120.0,60.29987792968751,0.0
14917,120.0,60.30728759765626,0.0
14918,120.0,60.31469726562501,0.0
14919,120.0,60.3295166015625,0.0
14920,120.0,60.34433593750001,0.0
14921,120.0,60.35915527343751,0.0
14922,120.0,60.373974609375,0.0
14923,120.0,60.3887939453125,0.0
14924,120.0,60.40361328125,0.0
14925,120.0,60.41843261718751,0.0
14926,120.0,60.433251953125,0.0
14927,120.0,60.4480712890625,0.0
14928,120.0,60.462890625,0.0
14929,120.0,60.4777099609375,0.0
14930,120.0,60.492529296875,0.0
14931,120.0,60.50734863281249,0.0
14932,120.0,60.52216796875,0.0
14933,120.0,60.5369873046875,0.0
14934,120.0,60.551806640625,0.0
14935,120.0,60.56662597656251,0.0
14936,120.0,60.5814453125,0.0
14937,120.0,60.5962646484375,0.0
14938,120.0,60.611083984375,0.0
14939,120.0,60.6259033203125,0.0
14940,120.0,60.64072265625001,0.0
14941,120.0,60.65554199218751,0.0
14942,120.0,60.670361328125,0.0
14943,120.0,60.6851806640625,0.0
14944,-120.0,60.2,0.0
14945,120.0,60.2,0.0
14946,120.0,60.7,0.0
14947,-120.0,60.7,0.0
14948,-120.0,-0.0,0.0
14949,120.0,-0.0,0.0
14950,116.25,0.2,0.0
14951,120.0,0.2,0.0
14952,-120.0,0.2,0.0
14953,18.75,0.2,1590748698.9042082
14954,22.5,0.2,907464532.4944246
14955,67.5,0.2,0.0
14956,71.25,0.2,0.0
14957,-108.75,0.2,0.0
14958,-105.0,0.2,0.0
14959,60.0,0.2,4604582.167478375
14960,63.75,0.2,1151145.5418695938
14961,-112.5,0.2,0.0
14962,-41.25,0.2,106699931.63932754
14963,-37.5,0.2,153015790.47138253
14964,105.0,0.2,0.0
14965,108.75,0.2,0.0
14966,-71.25,0.2,0.0
14967,-67.5,0.2,0.0
14968,-60.0,0.2,8804380.821053922
14969,-56.25,0.2,15407666.436844362
14970,82.5,0.2,0.0
14971,86.25,0.2,0.0
14972,112.5,0.2,0.0
14973,48.75,0.2,13240076.928627897
14974,52.5,0.2,10821529.37242521
14975,-97.5,0.2,0.0
14976,-93.75,0.2,0.0
14977,-52.5,0.2,28302589.43339902
14978,11.25,0.2,68472787963.968506
14979,15.0,0.2,2274032865.3139915
14980,-86.25,0.2,0.0
14981,-82.5,0.2,0.0
14982,33.75,0.2,132287541.43091631
14983,37.5,0.2,68881646.46686065
14984,-116.25,0.2,0.0
14985,-3.75,0.2,159732817317.88168
14986,0.0,0.2,167906201236.67212
14987,-33.75,0.2,234821547.79018825
14988,-30.0,0.2,387607102.08249545
14989,41.25,0.2,42270135.47584562
14990,45.0,0.2,15658624.484830584
14991,-78.75,0.2,0.0
14992,-75.0,0.2,0.0
14993,56.25,0.2,8058018.7930871565
14994,-26.25,0.2,540392656.3748026
14995,-22.5,0.2,986783015.0393932
14996,-48.75,0.2,44343331.12033579
14997,-45.0,0.2,60384072.807272546
14998,75.0,0.2,0.0
14999,78.75,0.2,0.0
15000,-18.75,0.2,1579975775.8901258
15001,93.75,0.2,0.0
15002,97.5,0.2,0.0
15003,-63.75,0.2,2201095.2052634805
15004,-101.25,0.2,0.0
15005,26.25,0.2,406276867.2511901
15006,30.0,0.2,269282204.3410532
15007,101.25,0.2,0.0
15008,-7.5,0.2,118299559142.8989
15009,-11.25,0.2,60236363839.81987
15010,-15.0,0.2,2173168536.740858
15011,3.75,0.2,176079585155.46252
15012,7.5,0.2,134671543062.62302
15013,-90.0,0.2,0.0
15014,90.0,0.2,0.0
